observation_id,latitude,longitude,acq_date,brightness_temperature,frp,confidence,is_night,hour_sin,hour_cos,distance_to_industrial_site,distance_to_residential_area,ind_type_refinery,ind_type_steel_plant,ind_type_power_plant,ind_type_petrochemical,ind_type_chemical_facility,ind_type_none,land_cover_industrial,land_cover_urban_industrial,land_cover_urban,land_cover_cropland,land_cover_forest,land_cover_barren,land_cover_other,historical_fire_count,persistence_score,fire_cluster_density,label,label_source,label_confidence
12.8239_76.6801_2023-01-01_0746_N_VIIRS,12.82393,76.68015,2023-01-01,331.12,3.61,1.0,0.0,0.89493436,-0.4461978,798.29474,798.0068,0.0,0.0,0.0,0.0,0.0,1.0,0.0,0.0,0.0,0.0,0.0,0.0,1.0,0,0.0,0.0,Wildfire / Natural Fire,FSI,0.95
12.8242_76.6823_2023-01-01_0746_N_VIIRS,12.8242,76.6823,2023-01-01,332.97,2.57,1.0,0.0,0.89493436,-0.4461978,798.3851,798.0974,0.0,0.0,0.0,0.0,0.0,1.0,0.0,0.0,0.0,0.0,0.0,0.0,1.0,0,0.0,0.0,Wildfire / Natural Fire,FSI,0.95
12.8283_76.6792_2023-01-01_0746_N_VIIRS,12.8283,76.67925,2023-01-01,331.65,3.61,1.0,0.0,0.89493436,-0.4461978,797.82495,797.53723,0.0,0.0,0.0,0.0,0.0,1.0,0.0,0.0,0.0,0.0,0.0,0.0,1.0,0,0.0,0.0,Wildfire / Natural Fire,FSI,0.95
12.8286_76.6814_2023-01-01_0746_N_VIIRS,12.82857,76.68143,2023-01-01,332.8,2.57,1.0,0.0,0.89493436,-0.4461978,797.917,797.6295,0.0,0.0,0.0,0.0,0.0,1.0,0.0,0.0,0.0,0.0,0.0,0.0,1.0,0,0.0,0.0,Wildfire / Natural Fire,FSI,0.95
14.0747_75.5538_2023-01-01_0746_N_VIIRS,14.07466,75.55376,2023-01-01,341.72,7.78,1.0,0.0,0.89493436,-0.4461978,617.93677,617.5897,0.0,0.0,0.0,0.0,0.0,1.0,0.0,0.0,0.0,0.0,0.0,0.0,1.0,0,0.0,0.0,Wildfire / Natural Fire,FSI,0.95
14.0865_75.6174_2023-01-01_0746_N_VIIRS,14.08646,75.61744,2023-01-01,341.38,6.59,1.0,0.0,0.89493436,-0.4461978,619.9089,619.5728,0.0,0.0,0.0,0.0,0.0,1.0,0.0,0.0,0.0,0.0,0.0,0.0,1.0,0,0.0,0.0,Wildfire / Natural Fire,FSI,0.95
14.1785_75.5015_2023-01-01_0746_N_VIIRS,14.17853,75.50151,2023-01-01,337.06,6.74,1.0,0.0,0.89493436,-0.4461978,605.0876,604.74084,0.0,0.0,0.0,0.0,0.0,1.0,0.0,0.0,0.0,0.0,0.0,0.0,1.0,0,0.0,0.0,Wildfire / Natural Fire,FSI,0.95
14.7330_75.8788_2023-01-01_0746_N_VIIRS,14.73304,75.8788,2023-01-01,332.91,3.61,1.0,0.0,0.89493436,-0.4461978,572.0516,571.82086,0.0,0.0,0.0,0.0,0.0,1.0,0.0,0.0,0.0,0.0,0.0,0.0,1.0,0,0.0,0.0,Wildfire / Natural Fire,FSI,0.95
14.9347_75.1144_2023-01-01_0746_N_VIIRS,14.93471,75.11436,2023-01-01,342.65,12.61,1.0,0.0,0.89493436,-0.4461978,511.25293,510.9084,0.0,0.0,0.0,0.0,0.0,1.0,0.0,0.0,0.0,0.0,0.0,0.0,1.0,0,0.0,0.0,Wildfire / Natural Fire,FSI,0.95
17.5661_80.7300_2023-01-01_0747_N_VIIRS,17.56606,80.73002,2023-01-01,334.01,2.87,1.0,0.0,0.89297897,-0.45009845,264.01288,262.70685,0.0,0.0,0.0,0.0,0.0,1.0,0.0,0.0,0.0,0.0,0.0,0.0,1.0,0,0.0,0.0,Wildfire / Natural Fire,FSI,0.95
17.6326_79.9506_2023-01-01_0747_N_VIIRS,17.63261,79.95065,2023-01-01,337.66,6.71,1.0,0.0,0.89297897,-0.45009845,346.24197,344.8817,0.0,0.0,0.0,0.0,0.0,1.0,0.0,0.0,0.0,0.0,0.0,0.0,1.0,0,0.0,0.0,Wildfire / Natural Fire,FSI,0.95
17.7710_74.7736_2023-01-01_0747_N_VIIRS,17.77098,74.77357,2023-01-01,339.79,4.79,1.0,0.0,0.89297897,-0.45009845,241.44725,241.61235,0.0,0.0,0.0,0.0,0.0,1.0,0.0,0.0,0.0,0.0,0.0,0.0,1.0,0,0.0,0.0,Wildfire / Natural Fire,FSI,0.95
17.7715_74.7765_2023-01-01_0747_N_VIIRS,17.77147,74.7765,2023-01-01,331.76,4.31,0.0,0.0,0.89297897,-0.45009845,241.66928,241.83536,0.0,0.0,0.0,0.0,0.0,1.0,0.0,0.0,0.0,0.0,0.0,0.0,1.0,0,0.0,0.0,Wildfire / Natural Fire,FSI,0.95
17.8498_79.9530_2023-01-01_0747_N_VIIRS,17.8498,79.95303,2023-01-01,334.62,4.27,1.0,0.0,0.89297897,-0.45009845,346.18555,344.72644,0.0,0.0,0.0,0.0,0.0,1.0,0.0,0.0,0.0,0.0,0.0,0.0,1.0,0,0.0,0.0,Wildfire / Natural Fire,FSI,0.95
17.9118_80.0968_2023-01-01_0747_N_VIIRS,17.91178,80.09675,2023-01-01,332.38,1.62,1.0,0.0,0.89297897,-0.45009845,331.37524,329.88553,0.0,0.0,0.0,0.0,0.0,1.0,0.0,0.0,0.0,0.0,0.0,0.0,1.0,0,0.0,0.0,Wildfire / Natural Fire,FSI,0.95
17.9400_79.9690_2023-01-01_0747_N_VIIRS,17.94004,79.96905,2023-01-01,336.52,3.63,1.0,0.0,0.89297897,-0.45009845,345.07095,343.5725,0.0,0.0,0.0,0.0,0.0,1.0,0.0,0.0,0.0,0.0,0.0,0.0,1.0,0,0.0,0.0,Wildfire / Natural Fire,FSI,0.95
17.9402_79.9689_2023-01-01_0747_N_VIIRS,17.9402,79.9689,2023-01-01,334.51,2.77,1.0,0.0,0.89297897,-0.45009845,345.08804,343.58954,0.0,0.0,0.0,0.0,0.0,1.0,0.0,0.0,0.0,0.0,0.0,0.0,1.0,0,0.0,0.0,Wildfire / Natural Fire,FSI,0.95
17.9491_82.1065_2023-01-01_0747_N_VIIRS,17.94906,82.10653,2023-01-01,353.86,8.44,1.0,0.0,0.89297897,-0.45009845,121.16204,119.48135,0.0,0.0,0.0,0.0,0.0,1.0,0.0,0.0,0.0,0.0,0.0,0.0,1.0,0,0.0,0.0,Wildfire / Natural Fire,FSI,0.95
17.9513_82.1020_2023-01-01_0747_N_VIIRS,17.95126,82.10195,2023-01-01,331.39,5.38,1.0,0.0,0.89297897,-0.45009845,121.690605,120.0088,0.0,0.0,0.0,0.0,0.0,1.0,0.0,0.0,0.0,0.0,0.0,0.0,1.0,0,0.0,0.0,Wildfire / Natural Fire,FSI,0.95
17.9518_82.1056_2023-01-01_0747_N_VIIRS,17.9518,82.10557,2023-01-01,343.71,5.38,1.0,0.0,0.89297897,-0.45009845,121.33287,119.64974,0.0,0.0,0.0,0.0,0.0,1.0,0.0,0.0,0.0,0.0,0.0,0.0,1.0,0,0.0,0.0,Wildfire / Natural Fire,FSI,0.95
18.0244_82.1825_2023-01-01_0747_N_VIIRS,18.02444,82.18246,2023-01-01,330.96,2.94,1.0,0.0,0.89297897,-0.45009845,115.77245,114.00423,0.0,0.0,0.0,0.0,0.0,1.0,0.0,0.0,0.0,0.0,0.0,0.0,1.0,0,0.0,0.0,Wildfire / Natural Fire,FSI,0.95
18.0250_82.1861_2023-01-01_0747_N_VIIRS,18.02498,82.18608,2023-01-01,332.59,5.04,1.0,0.0,0.89297897,-0.45009845,115.42908,113.65941,0.0,0.0,0.0,0.0,0.0,1.0,0.0,0.0,0.0,0.0,0.0,0.0,1.0,0,0.0,0.0,Wildfire / Natural Fire,FSI,0.95
18.0278_82.1819_2023-01-01_0747_N_VIIRS,18.02775,82.18192,2023-01-01,334.92,2.94,1.0,0.0,0.89297897,-0.45009845,115.94464,114.173744,0.0,0.0,0.0,0.0,0.0,1.0,0.0,0.0,0.0,0.0,0.0,0.0,1.0,0,0.0,0.0,Wildfire / Natural Fire,FSI,0.95
18.1887_80.5141_2023-01-01_0747_N_VIIRS,18.1887,80.5141,2023-01-01,333.06,3.34,1.0,0.0,0.89297897,-0.45009845,291.3867,289.75314,0.0,0.0,0.0,0.0,0.0,1.0,0.0,0.0,0.0,0.0,0.0,0.0,1.0,0,0.0,0.0,Wildfire / Natural Fire,FSI,0.95
18.2614_79.9442_2023-01-01_0747_N_VIIRS,18.26137,79.94419,2023-01-01,333.26,4.71,1.0,0.0,0.89297897,-0.45009845,352.05704,350.43298,0.0,0.0,0.0,0.0,0.0,1.0,0.0,0.0,0.0,0.0,0.0,0.0,1.0,0,0.0,0.0,Wildfire / Natural Fire,FSI,0.95
18.2623_79.9474_2023-01-01_0747_N_VIIRS,18.26225,79.94743,2023-01-01,332.28,4.32,1.0,0.0,0.89297897,-0.45009845,351.73688,350.11234,0.0,0.0,0.0,0.0,0.0,1.0,0.0,0.0,0.0,0.0,0.0,0.0,1.0,0,0.0,0.0,Wildfire / Natural Fire,FSI,0.95
18.9633_79.4863_2023-01-01_0747_N_VIIRS,18.96326,79.48627,2023-01-01,335.37,1.94,1.0,0.0,0.89297897,-0.45009845,418.59637,416.80325,0.0,0.0,0.0,0.0,0.0,1.0,0.0,0.0,0.0,0.0,0.0,0.0,1.0,0,0.0,0.0,Wildfire / Natural Fire,FSI,0.95
18.9794_73.3230_2023-01-01_0747_N_VIIRS,18.97937,73.32303,2023-01-01,330.61,2.06,1.0,0.0,0.89297897,-0.45009845,44.86235,45.53541,0.0,0.0,0.0,0.0,0.0,1.0,0.0,0.0,0.0,0.0,0.0,0.0,1.0,0,0.0,0.0,Wildfire / Natural Fire,FSI,0.95
19.4291_81.5874_2023-01-01_0747_N_VIIRS,19.42906,81.58743,2023-01-01,331.13,1.98,1.0,0.0,0.89297897,-0.45009845,258.79922,256.80426,0.0,0.0,0.0,0.0,0.0,1.0,0.0,0.0,0.0,0.0,0.0,0.0,1.0,0,0.0,0.0,Wildfire / Natural Fire,FSI,0.95
19.5003_83.2083_2023-01-01_0747_N_VIIRS,19.50025,83.2083,2023-01-01,334.33,5.04,1.0,0.0,0.89297897,-0.45009845,201.4044,199.95657,0.0,0.0,0.0,0.0,0.0,1.0,0.0,0.0,0.0,0.0,0.0,0.0,1.0,0,0.0,0.0,Wildfire / Natural Fire,FSI,0.95
19.5858_82.5235_2023-01-01_0747_N_VIIRS,19.58584,82.52353,2023-01-01,347.02,8.43,1.0,0.0,0.89297897,-0.45009845,223.24942,221.43549,0.0,0.0,0.0,0.0,0.0,1.0,0.0,0.0,0.0,0.0,0.0,0.0,1.0,0,0.0,0.0,Wildfire / Natural Fire,FSI,0.95
19.8219_83.6614_2023-01-01_0747_N_VIIRS,19.82194,83.66142,2023-01-01,329.89,2.13,1.0,0.0,0.89297897,-0.45009845,192.33838,194.79373,0.0,0.0,0.0,0.0,0.0,1.0,0.0,0.0,0.0,0.0,0.0,0.0,1.0,0,0.0,0.0,Wildfire / Natural Fire,FSI,0.95
19.9376_76.2335_2023-01-01_0748_N_VIIRS,19.93761,76.23352,2023-01-01,335.77,1.96,1.0,0.0,0.8910065,-0.4539905,364.39868,365.3295,0.0,0.0,0.0,0.0,0.0,1.0,0.0,0.0,0.0,0.0,0.0,0.0,1.0,0,0.0,0.0,Wildfire / Natural Fire,FSI,0.95
20.4376_80.1233_2023-01-01_0748_N_VIIRS,20.43764,80.12332,2023-01-01,330.95,1.04,1.0,0.0,0.8910065,-0.4539905,345.85107,444.28363,0.0,0.0,0.0,0.0,0.0,1.0,0.0,0.0,0.0,0.0,0.0,0.0,1.0,0,0.0,0.0,Wildfire / Natural Fire,FSI,0.95
20.6982_79.9991_2023-01-01_0748_N_VIIRS,20.6982,79.99911,2023-01-01,331.79,1.56,1.0,0.0,0.8910065,-0.4539905,339.2424,473.59454,0.0,0.0,0.0,0.0,0.0,1.0,0.0,0.0,0.0,0.0,0.0,0.0,1.0,0,0.0,0.0,Wildfire / Natural Fire,FSI,0.95
20.7732_80.6034_2023-01-01_0748_N_VIIRS,20.7732,80.60336,2023-01-01,333.49,2.8,1.0,0.0,0.8910065,-0.4539905,283.5303,433.3917,0.0,0.0,0.0,0.0,0.0,1.0,0.0,0.0,0.0,0.0,0.0,0.0,1.0,0,0.0,0.0,Wildfire / Natural Fire,FSI,0.95
20.9377_75.9935_2023-01-01_0748_N_VIIRS,20.93773,75.99349,2023-01-01,342.33,7.73,1.0,0.0,0.8910065,-0.4539905,363.84576,362.7175,0.0,0.0,0.0,0.0,0.0,1.0,0.0,0.0,0.0,0.0,0.0,0.0,1.0,0,0.0,0.0,Wildfire / Natural Fire,FSI,0.95
20.9395_75.9917_2023-01-01_0748_N_VIIRS,20.93954,75.9917,2023-01-01,346.01,10.83,1.0,0.0,0.8910065,-0.4539905,363.61603,362.48697,0.0,0.0,0.0,0.0,0.0,1.0,0.0,0.0,0.0,0.0,0.0,0.0,1.0,0,0.0,0.0,Wildfire / Natural Fire,FSI,0.95
20.9417_75.9926_2023-01-01_0748_N_VIIRS,20.94169,75.99262,2023-01-01,338.84,5.24,1.0,0.0,0.8910065,-0.4539905,363.6499,362.51944,0.0,0.0,0.0,0.0,0.0,1.0,0.0,0.0,0.0,0.0,0.0,0.0,1.0,0,0.0,0.0,Wildfire / Natural Fire,FSI,0.95
20.9675_82.9457_2023-01-01_0748_N_VIIRS,20.96753,82.94571,2023-01-01,336.88,4.54,1.0,0.0,0.8910065,-0.4539905,156.09435,231.14836,0.0,0.0,0.0,0.0,0.0,1.0,0.0,0.0,0.0,0.0,0.0,0.0,1.0,0,0.0,0.0,Wildfire / Natural Fire,FSI,0.95
21.0356_80.3505_2023-01-01_0748_N_VIIRS,21.03557,80.35046,2023-01-01,332.19,2.17,1.0,0.0,0.8910065,-0.4539905,288.32693,422.5921,0.0,0.0,0.0,0.0,0.0,1.0,0.0,0.0,0.0,0.0,0.0,0.0,1.0,0,0.0,0.0,Wildfire / Natural Fire,FSI,0.95
21.1964_82.3318_2023-01-01_0748_N_VIIRS,21.19642,82.33176,2023-01-01,345.98,4.31,1.0,0.0,0.8910065,-0.4539905,136.35173,296.7657,0.0,0.0,0.0,0.0,0.0,1.0,0.0,0.0,0.0,0.0,0.0,0.0,1.0,0,0.0,0.0,Wildfire / Natural Fire,FSI,0.95
21.4735_84.1494_2023-01-01_0748_N_VIIRS,21.47354,84.14938,2023-01-01,332.1,2.85,1.0,0.0,0.8910065,-0.4539905,125.52644,125.86119,0.0,0.0,0.0,0.0,0.0,1.0,0.0,0.0,0.0,0.0,0.0,0.0,1.0,0,0.0,0.0,Wildfire / Natural Fire,FSI,0.95
21.5601_83.0746_2023-01-01_0748_N_VIIRS,21.56006,83.07455,2023-01-01,332.27,2.51,1.0,0.0,0.8910065,-0.4539905,94.98214,230.62473,0.0,0.0,0.0,0.0,0.0,1.0,0.0,0.0,0.0,0.0,0.0,0.0,1.0,0,0.0,0.0,Wildfire / Natural Fire,FSI,0.95
21.5733_80.4984_2023-01-01_0748_N_VIIRS,21.57334,80.49838,2023-01-01,332.02,1.79,1.0,0.0,0.8910065,-0.4539905,248.10838,365.2717,0.0,0.0,0.0,0.0,0.0,1.0,0.0,0.0,0.0,0.0,0.0,0.0,1.0,0,0.0,0.0,Wildfire / Natural Fire,FSI,0.95
21.9214_82.4750_2023-01-01_0748_N_VIIRS,21.92136,82.47498,2023-01-01,338.61,5.63,1.0,0.0,0.8910065,-0.4539905,56.360172,248.97743,0.0,0.0,0.0,0.0,0.0,1.0,0.0,0.0,0.0,0.0,0.0,0.0,1.0,0,0.0,0.0,Wildfire / Natural Fire,FSI,0.95
21.9253_82.4783_2023-01-01_0748_N_VIIRS,21.92529,82.47831,2023-01-01,335.87,26.51,0.0,0.0,0.8910065,-0.4539905,55.809845,248.50972,0.0,0.0,0.0,0.0,0.0,1.0,0.0,0.0,0.0,0.0,0.0,0.0,1.0,0,0.0,0.0,Wildfire / Natural Fire,FSI,0.95
22.2445_82.5661_2023-01-01_0748_N_VIIRS,22.24446,82.56612,2023-01-01,345.69,5.14,1.0,0.0,0.8910065,-0.4539905,22.844603,212.39598,0.0,0.0,1.0,0.0,0.0,0.0,0.0,0.0,0.0,0.0,0.0,0.0,1.0,0,0.0,0.0,Wildfire / Natural Fire,FSI,0.95
23.1264_77.0637_2023-01-01_0748_N_VIIRS,23.12636,77.06374,2023-01-01,330.98,2.76,1.0,0.0,0.8910065,-0.4539905,487.02264,485.0025,0.0,0.0,0.0,0.0,0.0,1.0,0.0,0.0,0.0,0.0,0.0,0.0,1.0,0,0.0,0.0,Wildfire / Natural Fire,FSI,0.95
22.8965_69.9101_2023-01-01_0749_N_VIIRS,22.89645,69.91014,2023-01-01,333.11,2.49,1.0,0.0,0.88901716,-0.4578739,49.702847,48.25591,0.0,0.0,0.0,0.0,0.0,1.0,0.0,0.0,0.0,0.0,0.0,0.0,1.0,0,0.0,0.0,Wildfire / Natural Fire,FSI,0.95
26.0052_90.4375_2023-01-01_0749_N_VIIRS,26.00522,90.43747,2023-01-01,334.45,2.12,1.0,0.0,0.88901716,-0.4578739,741.43634,741.31445,0.0,0.0,0.0,0.0,0.0,1.0,0.0,0.0,0.0,0.0,0.0,0.0,1.0,0,0.0,0.0,Wildfire / Natural Fire,FSI,0.95
26.0094_90.4361_2023-01-01_0749_N_VIIRS,26.00937,90.43611,2023-01-01,334.33,2.28,1.0,0.0,0.88901716,-0.4578739,741.7563,741.633,0.0,0.0,0.0,0.0,0.0,1.0,0.0,0.0,0.0,0.0,0.0,0.0,1.0,0,0.0,0.0,Wildfire / Natural Fire,FSI,0.95
26.0624_93.9271_2023-01-01_1834_N_VIIRS,26.06237,93.92709,2023-01-01,295.75,0.7,1.0,1.0,-0.9890159,0.14780942,978.7833,979.51495,0.0,0.0,0.0,0.0,0.0,1.0,0.0,0.0,0.0,0.0,0.0,0.0,1.0,0,0.0,0.0,Gas Flare / Persistent Thermal Source,WorldBank_GFMR,0.9
27.3206_95.2670_2023-01-01_1834_N_VIIRS,27.32059,95.26699,2023-01-01,295.17,1.71,1.0,1.0,-0.9890159,0.14780942,1170.5789,1171.2513,0.0,0.0,0.0,0.0,0.0,1.0,0.0,0.0,0.0,0.0,0.0,0.0,1.0,0,0.0,0.0,Gas Flare / Persistent Thermal Source,WorldBank_GFMR,0.9
27.3208_95.2657_2023-01-01_1834_N_VIIRS,27.32084,95.26573,2023-01-01,297.97,2.77,1.0,1.0,-0.9890159,0.14780942,1170.5015,1171.1736,0.0,0.0,0.0,0.0,0.0,1.0,0.0,0.0,0.0,0.0,0.0,0.0,1.0,0,0.0,0.0,Gas Flare / Persistent Thermal Source,WorldBank_GFMR,0.9
27.3166_95.2655_2023-01-01_2014_N_VIIRS,27.31659,95.26549,2023-01-01,318.97,1.49,1.0,1.0,-0.83388585,0.551937,1170.1794,1170.8525,0.0,0.0,0.0,0.0,0.0,1.0,0.0,0.0,0.0,0.0,0.0,0.0,1.0,0,0.0,0.0,Gas Flare / Persistent Thermal Source,WorldBank_GFMR,0.9
27.4625_95.4766_2023-01-01_2014_N_VIIRS,27.46248,95.47655,2023-01-01,303.11,0.69,1.0,1.0,-0.83388585,0.551937,1196.571,1197.2462,0.0,0.0,0.0,0.0,0.0,1.0,0.0,0.0,0.0,0.0,0.0,0.0,1.0,0,0.0,0.0,Gas Flare / Persistent Thermal Source,WorldBank_GFMR,0.9
23.7373_85.0095_2023-01-01_2016_N_VIIRS,23.73735,85.00945,2023-01-01,310.46,2.45,1.0,1.0,-0.82903755,0.5591929,240.15912,238.14284,0.0,0.0,0.0,0.0,0.0,1.0,0.0,0.0,0.0,0.0,0.0,0.0,1.0,0,0.0,0.0,Wildfire / Natural Fire,FSI,0.95
23.7410_85.0102_2023-01-01_2016_N_VIIRS,23.74098,85.01024,2023-01-01,309.39,1.87,1.0,1.0,-0.82903755,0.5591929,240.16362,238.14099,0.0,0.0,0.0,0.0,0.0,1.0,0.0,0.0,0.0,0.0,0.0,0.0,1.0,0,0.0,0.0,Wildfire / Natural Fire,FSI,0.95
19.7881_79.1471_2023-01-01_2017_N_VIIRS,19.78814,79.14713,2023-01-01,308.2,1.48,1.0,1.0,-0.82658976,0.56280494,470.60138,486.1516,0.0,0.0,0.0,0.0,0.0,1.0,0.0,0.0,0.0,0.0,0.0,0.0,1.0,0,0.0,0.0,Wildfire / Natural Fire,FSI,0.95
22.9001_69.9124_2023-01-01_2017_N_VIIRS,22.9001,69.91236,2023-01-01,299.78,0.3,1.0,1.0,-0.82658976,0.56280494,50.021152,48.557434,0.0,0.0,0.0,0.0,0.0,1.0,0.0,0.0,0.0,0.0,0.0,0.0,1.0,0,0.0,0.0,Wildfire / Natural Fire,FSI,0.95
19.3453_71.3083_2023-01-01_2018_N_VIIRS,19.3453,71.30832,2023-01-01,345.39,4.42,1.0,1.0,-0.8241262,0.56640625,170.94345,170.3986,0.0,0.0,0.0,0.0,0.0,1.0,0.0,0.0,0.0,0.0,0.0,0.0,1.0,0,0.0,0.0,Gas Flare / Persistent Thermal Source,WorldBank_GFMR,0.9
19.3456_71.3051_2023-01-01_2018_N_VIIRS,19.34565,71.30512,2023-01-01,352.26,4.42,1.0,1.0,-0.8241262,0.56640625,171.27986,170.73485,0.0,0.0,0.0,0.0,0.0,1.0,0.0,0.0,0.0,0.0,0.0,0.0,1.0,0,0.0,0.0,Gas Flare / Persistent Thermal Source,WorldBank_GFMR,0.9
19.3460_71.3019_2023-01-01_2018_N_VIIRS,19.346,71.30193,2023-01-01,308.91,2.14,1.0,1.0,-0.8241262,0.56640625,171.61525,171.07005,0.0,0.0,0.0,0.0,0.0,1.0,0.0,0.0,0.0,0.0,0.0,0.0,1.0,0,0.0,0.0,Gas Flare / Persistent Thermal Source,WorldBank_GFMR,0.9
19.3504_71.3089_2023-01-01_2018_N_VIIRS,19.35044,71.30895,2023-01-01,318.47,1.39,1.0,1.0,-0.8241262,0.56640625,171.00003,170.4583,0.0,0.0,0.0,0.0,0.0,1.0,0.0,0.0,0.0,0.0,0.0,0.0,1.0,0,0.0,0.0,Gas Flare / Persistent Thermal Source,WorldBank_GFMR,0.9
19.3508_71.3058_2023-01-01_2018_N_VIIRS,19.35079,71.30576,2023-01-01,328.13,1.39,1.0,1.0,-0.8241262,0.56640625,171.3353,170.79337,0.0,0.0,0.0,0.0,0.0,1.0,0.0,0.0,0.0,0.0,0.0,0.0,1.0,0,0.0,0.0,Gas Flare / Persistent Thermal Source,WorldBank_GFMR,0.9
19.3684_71.3526_2023-01-01_2018_N_VIIRS,19.36842,71.35263,2023-01-01,350.57,1.76,1.0,1.0,-0.8241262,0.56640625,166.97678,166.45143,0.0,0.0,0.0,0.0,0.0,1.0,0.0,0.0,0.0,0.0,0.0,0.0,1.0,0,0.0,0.0,Gas Flare / Persistent Thermal Source,WorldBank_GFMR,0.9
19.3687_71.3495_2023-01-01_2018_N_VIIRS,19.36875,71.34946,2023-01-01,305.48,2.88,1.0,1.0,-0.8241262,0.56640625,167.30879,166.78322,0.0,0.0,0.0,0.0,0.0,1.0,0.0,0.0,0.0,0.0,0.0,0.0,1.0,0,0.0,0.0,Gas Flare / Persistent Thermal Source,WorldBank_GFMR,0.9
19.3715_71.3534_2023-01-01_2018_N_VIIRS,19.3715,71.35343,2023-01-01,344.64,2.58,1.0,1.0,-0.8241262,0.56640625,166.97462,166.45125,0.0,0.0,0.0,0.0,0.0,1.0,0.0,0.0,0.0,0.0,0.0,0.0,1.0,0,0.0,0.0,Gas Flare / Persistent Thermal Source,WorldBank_GFMR,0.9
19.3719_71.3503_2023-01-01_2018_N_VIIRS,19.37186,71.35027,2023-01-01,306.02,2.28,1.0,1.0,-0.8241262,0.56640625,167.3063,166.78271,0.0,0.0,0.0,0.0,0.0,1.0,0.0,0.0,0.0,0.0,0.0,0.0,1.0,0,0.0,0.0,Gas Flare / Persistent Thermal Source,WorldBank_GFMR,0.9
19.3735_71.3533_2023-01-01_2018_N_VIIRS,19.37354,71.35327,2023-01-01,311.83,1.76,1.0,1.0,-0.8241262,0.56640625,167.04395,166.5218,0.0,0.0,0.0,0.0,0.0,1.0,0.0,0.0,0.0,0.0,0.0,0.0,1.0,0,0.0,0.0,Gas Flare / Persistent Thermal Source,WorldBank_GFMR,0.9
19.5274_71.2982_2023-01-01_2018_N_VIIRS,19.52739,71.29815,2023-01-01,320.78,1.18,1.0,1.0,-0.8241262,0.56640625,177.32811,176.88844,0.0,0.0,0.0,0.0,0.0,1.0,0.0,0.0,0.0,0.0,0.0,0.0,1.0,0,0.0,0.0,Gas Flare / Persistent Thermal Source,WorldBank_GFMR,0.9
19.5277_71.2949_2023-01-01_2018_N_VIIRS,19.52773,71.29494,2023-01-01,323.94,1.18,1.0,1.0,-0.8241262,0.56640625,177.65916,177.21912,0.0,0.0,0.0,0.0,0.0,1.0,0.0,0.0,0.0,0.0,0.0,0.0,1.0,0,0.0,0.0,Gas Flare / Persistent Thermal Source,WorldBank_GFMR,0.9
19.5725_71.3622_2023-01-01_2018_N_VIIRS,19.57255,71.36217,2023-01-01,329.86,1.91,1.0,1.0,-0.8241262,0.56640625,172.69568,172.29547,0.0,0.0,0.0,0.0,0.0,1.0,0.0,0.0,0.0,0.0,0.0,0.0,1.0,0,0.0,0.0,Gas Flare / Persistent Thermal Source,WorldBank_GFMR,0.9
15.1678_76.6710_2023-01-01_2019_N_VIIRS,15.16778,76.67101,2023-01-01,312.54,1.38,1.0,1.0,-0.8216469,0.5699968,586.28754,586.2346,0.0,0.0,0.0,0.0,0.0,1.0,0.0,0.0,0.0,0.0,0.0,0.0,1.0,0,0.0,0.0,Wildfire / Natural Fire,FSI,0.95
15.1783_76.6726_2023-01-01_2019_N_VIIRS,15.17829,76.67256,2023-01-01,317.3,1.81,1.0,1.0,-0.8216469,0.5699968,585.5408,585.4895,0.0,0.0,0.0,0.0,0.0,1.0,0.0,0.0,0.0,0.0,0.0,0.0,1.0,0,0.0,0.0,Wildfire / Natural Fire,FSI,0.95
19.3664_71.3517_2023-01-02_0729_N_VIIRS,19.36635,71.35174,2023-01-02,335.98,16.62,1.0,0.0,0.9255405,-0.3786486,167.01462,166.4879,0.0,0.0,0.0,0.0,0.0,1.0,0.0,0.0,0.0,0.0,0.0,0.0,1.0,5,0.2,1.0,Gas Flare / Persistent Thermal Source,WorldBank_GFMR,0.9
26.0855_93.9528_2023-01-02_1956_N_VIIRS,26.08552,93.95277,2023-01-02,295.92,0.4,1.0,1.0,-0.8746197,0.4848096,982.3993,983.1299,0.0,0.0,0.0,0.0,0.0,1.0,0.0,0.0,0.0,0.0,0.0,0.0,1.0,0,0.0,0.0,Gas Flare / Persistent Thermal Source,WorldBank_GFMR,0.9
27.3166_95.2631_2023-01-02_1956_N_VIIRS,27.31665,95.26313,2023-01-02,319.33,2.43,1.0,1.0,-0.8746197,0.4848096,1170.0051,1170.6779,0.0,0.0,0.0,0.0,0.0,1.0,0.0,0.0,0.0,0.0,0.0,0.0,1.0,3,0.2,0.6,Gas Flare / Persistent Thermal Source,WorldBank_GFMR,0.9
27.4592_95.4777_2023-01-02_1956_N_VIIRS,27.45921,95.47773,2023-01-02,296.78,0.86,1.0,1.0,-0.8746197,0.4848096,1196.4275,1197.1035,0.0,0.0,0.0,0.0,0.0,1.0,0.0,0.0,0.0,0.0,0.0,0.0,1.0,1,0.2,0.2,Gas Flare / Persistent Thermal Source,WorldBank_GFMR,0.9
27.6058_95.4003_2023-01-02_1956_N_VIIRS,27.60577,95.40034,2023-01-02,299.26,0.62,1.0,1.0,-0.8746197,0.4848096,1201.1359,1201.7712,0.0,0.0,0.0,0.0,0.0,1.0,0.0,0.0,0.0,0.0,0.0,0.0,1.0,0,0.0,0.0,Gas Flare / Persistent Thermal Source,WorldBank_GFMR,0.9
19.3312_72.0198_2023-01-02_1959_N_VIIRS,19.33122,72.01983,2023-01-02,319.08,3.81,1.0,1.0,-0.8681988,0.4962165,98.706566,98.303665,0.0,0.0,0.0,0.0,0.0,1.0,0.0,0.0,0.0,0.0,0.0,0.0,1.0,0,0.0,0.0,Gas Flare / Persistent Thermal Source,WorldBank_GFMR,0.9
19.3317_72.0139_2023-01-02_1959_N_VIIRS,19.33171,72.01389,2023-01-02,336.62,3.81,1.0,1.0,-0.8681988,0.4962165,99.30892,98.9043,0.0,0.0,0.0,0.0,0.0,1.0,0.0,0.0,0.0,0.0,0.0,0.0,1.0,0,0.0,0.0,Gas Flare / Persistent Thermal Source,WorldBank_GFMR,0.9
19.3339_72.0212_2023-01-02_1959_N_VIIRS,19.33389,72.02124,2023-01-02,310.31,3.35,1.0,1.0,-0.8681988,0.4962165,98.673805,98.27423,0.0,0.0,0.0,0.0,0.0,1.0,0.0,0.0,0.0,0.0,0.0,0.0,1.0,0,0.0,0.0,Gas Flare / Persistent Thermal Source,WorldBank_GFMR,0.9
19.3344_72.0153_2023-01-02_1959_N_VIIRS,19.33442,72.01531,2023-01-02,346.06,6.68,1.0,1.0,-0.8681988,0.4962165,99.276184,98.87491,0.0,0.0,0.0,0.0,0.0,1.0,0.0,0.0,0.0,0.0,0.0,0.0,1.0,0,0.0,0.0,Gas Flare / Persistent Thermal Source,WorldBank_GFMR,0.9
19.3468_71.3091_2023-01-02_1959_N_VIIRS,19.34685,71.30913,2023-01-02,315.51,3.31,1.0,1.0,-0.8681988,0.4962165,170.89673,170.3529,0.0,0.0,0.0,0.0,0.0,1.0,0.0,0.0,0.0,0.0,0.0,0.0,1.0,5,0.2,1.0,Gas Flare / Persistent Thermal Source,WorldBank_GFMR,0.9
19.3474_71.3025_2023-01-02_1959_N_VIIRS,19.34739,71.30251,2023-01-02,334.94,3.31,1.0,1.0,-0.8681988,0.4962165,171.58829,171.04398,0.0,0.0,0.0,0.0,0.0,1.0,0.0,0.0,0.0,0.0,0.0,0.0,1.0,5,0.2,1.0,Gas Flare / Persistent Thermal Source,WorldBank_GFMR,0.9
19.3711_71.3515_2023-01-02_1959_N_VIIRS,19.37109,71.35146,2023-01-02,329.39,3.49,1.0,1.0,-0.8681988,0.4962165,167.16498,166.6411,0.0,0.0,0.0,0.0,0.0,1.0,0.0,0.0,0.0,0.0,0.0,0.0,1.0,5,0.2,1.0,Gas Flare / Persistent Thermal Source,WorldBank_GFMR,0.9
10.8139_79.3064_2023-01-02_2001_N_VIIRS,10.81386,79.30645,2023-01-02,302.23,0.26,1.0,1.0,-0.8638355,0.503774,872.8596,873.44574,0.0,0.0,0.0,0.0,0.0,1.0,0.0,0.0,0.0,0.0,0.0,0.0,1.0,0,0.0,0.0,Gas Flare / Persistent Thermal Source,WorldBank_GFMR,0.9
19.3678_71.3539_2023-01-02_2139_N_VIIRS,19.36782,71.35389,2023-01-02,324.43,2.55,1.0,1.0,-0.5771452,0.81664157,166.83276,166.30724,0.0,0.0,0.0,0.0,0.0,1.0,0.0,0.0,0.0,0.0,0.0,0.0,1.0,5,0.2,1.0,Gas Flare / Persistent Thermal Source,WorldBank_GFMR,0.9
19.5271_71.3010_2023-01-02_2139_N_VIIRS,19.52714,71.30101,2023-01-02,310.75,1.06,1.0,1.0,-0.5771452,0.81664157,177.03503,176.59576,0.0,0.0,0.0,0.0,0.0,1.0,0.0,0.0,0.0,0.0,0.0,0.0,1.0,2,0.2,0.4,Gas Flare / Persistent Thermal Source,WorldBank_GFMR,0.9
19.5282_71.2964_2023-01-02_2139_N_VIIRS,19.52821,71.29636,2023-01-02,313.03,1.06,1.0,1.0,-0.5771452,0.81664157,177.53493,177.09541,0.0,0.0,0.0,0.0,0.0,1.0,0.0,0.0,0.0,0.0,0.0,0.0,1.0,2,0.2,0.4,Gas Flare / Persistent Thermal Source,WorldBank_GFMR,0.9
19.5699_71.3613_2023-01-02_2139_N_VIIRS,19.56993,71.36134,2023-01-02,309.07,1.13,1.0,1.0,-0.5771452,0.81664157,172.67387,172.27191,0.0,0.0,0.0,0.0,0.0,1.0,0.0,0.0,0.0,0.0,0.0,0.0,1.0,1,0.2,0.2,Gas Flare / Persistent Thermal Source,WorldBank_GFMR,0.9
19.5710_71.3567_2023-01-02_2139_N_VIIRS,19.57099,71.35666,2023-01-02,304.15,1.13,1.0,1.0,-0.5771452,0.81664157,173.17426,172.77191,0.0,0.0,0.0,0.0,0.0,1.0,0.0,0.0,0.0,0.0,0.0,0.0,1.0,1,0.2,0.2,Gas Flare / Persistent Thermal Source,WorldBank_GFMR,0.9
19.3488_71.3103_2023-01-03_0850_N_VIIRS,19.34876,71.31033,2023-01-03,339.0,5.68,1.0,0.0,0.7372773,-0.6755902,170.81876,170.27618,0.0,0.0,0.0,0.0,0.0,1.0,0.0,0.0,0.0,0.0,0.0,0.0,1.0,7,0.4,1.4,Gas Flare / Persistent Thermal Source,WorldBank_GFMR,0.9
19.3711_71.3552_2023-01-03_0850_N_VIIRS,19.37108,71.35519,2023-01-03,340.69,17.77,1.0,0.0,0.7372773,-0.6755902,166.7842,166.26082,0.0,0.0,0.0,0.0,0.0,1.0,0.0,0.0,0.0,0.0,0.0,0.0,1.0,8,0.4,1.6,Gas Flare / Persistent Thermal Source,WorldBank_GFMR,0.9
26.0635_93.9295_2023-01-03_1937_N_VIIRS,26.0635,93.92947,2023-01-03,297.53,0.56,1.0,1.0,-0.91176206,0.41071886,979.04675,979.77856,0.0,0.0,0.0,0.0,0.0,1.0,0.0,0.0,0.0,0.0,0.0,0.0,1.0,1,0.2,0.2,Gas Flare / Persistent Thermal Source,WorldBank_GFMR,0.9
26.7937_94.6899_2023-01-03_1937_N_VIIRS,26.79366,94.68985,2023-01-03,297.76,0.33,1.0,1.0,-0.91176206,0.41071886,1089.1467,1089.8398,0.0,0.0,0.0,0.0,0.0,1.0,0.0,0.0,0.0,0.0,0.0,0.0,1.0,0,0.0,0.0,Gas Flare / Persistent Thermal Source,WorldBank_GFMR,0.9
27.3180_95.2661_2023-01-03_1937_N_VIIRS,27.31799,95.26609,2023-01-03,327.94,4.17,1.0,1.0,-0.91176206,0.41071886,1170.325,1170.9978,0.0,0.0,0.0,0.0,0.0,1.0,0.0,0.0,0.0,0.0,0.0,0.0,1.0,4,0.4,0.8,Gas Flare / Persistent Thermal Source,WorldBank_GFMR,0.9
27.4604_95.4742_2023-01-03_1937_N_VIIRS,27.4604,95.47421,2023-01-03,297.38,0.4,1.0,1.0,-0.91176206,0.41071886,1196.2456,1196.9209,0.0,0.0,0.0,0.0,0.0,1.0,0.0,0.0,0.0,0.0,0.0,0.0,1.0,2,0.4,0.4,Gas Flare / Persistent Thermal Source,WorldBank_GFMR,0.9
27.4700_95.4226_2023-01-03_1937_N_VIIRS,27.46999,95.42264,2023-01-03,302.44,0.96,1.0,1.0,-0.91176206,0.41071886,1193.0303,1193.6959,0.0,0.0,0.0,0.0,0.0,1.0,0.0,0.0,0.0,0.0,0.0,0.0,1.0,0,0.0,0.0,Gas Flare / Persistent Thermal Source,WorldBank_GFMR,0.9
27.5562_96.0387_2023-01-03_1937_N_VIIRS,27.5562,96.03874,2023-01-03,305.68,0.97,1.0,1.0,-0.91176206,0.41071886,1246.1763,1246.9126,0.0,0.0,0.0,0.0,0.0,1.0,0.0,0.0,0.0,0.0,0.0,0.0,1.0,0,0.0,0.0,Gas Flare / Persistent Thermal Source,WorldBank_GFMR,0.9
27.5565_96.0406_2023-01-03_1937_N_VIIRS,27.55646,96.0406,2023-01-03,309.31,0.79,1.0,1.0,-0.91176206,0.41071886,1246.338,1247.0746,0.0,0.0,0.0,0.0,0.0,1.0,0.0,0.0,0.0,0.0,0.0,0.0,1.0,0,0.0,0.0,Gas Flare / Persistent Thermal Source,WorldBank_GFMR,0.9
27.6055_95.4027_2023-01-03_1937_N_VIIRS,27.60549,95.40274,2023-01-03,304.42,0.7,1.0,1.0,-0.91176206,0.41071886,1201.2949,1201.9308,0.0,0.0,0.0,0.0,0.0,1.0,0.0,0.0,0.0,0.0,0.0,0.0,1.0,1,0.2,0.2,Gas Flare / Persistent Thermal Source,WorldBank_GFMR,0.9
10.8123_79.3063_2023-01-03_1942_N_VIIRS,10.81233,79.30627,2023-01-03,304.68,0.26,1.0,1.0,-0.90258527,0.4305111,873.0186,873.60486,0.0,0.0,0.0,0.0,0.0,1.0,0.0,0.0,0.0,0.0,0.0,0.0,1.0,1,0.2,0.2,Gas Flare / Persistent Thermal Source,WorldBank_GFMR,0.9
23.4076_72.4182_2023-01-03_2119_N_VIIRS,23.40755,72.41822,2023-01-03,313.69,1.17,1.0,1.0,-0.646124,0.76323247,189.4885,187.96944,0.0,0.0,0.0,0.0,0.0,1.0,0.0,0.0,0.0,0.0,0.0,0.0,1.0,0,0.0,0.0,Gas Flare / Persistent Thermal Source,WorldBank_GFMR,0.9
19.3484_71.3075_2023-01-03_2120_N_VIIRS,19.34839,71.30746,2023-01-03,340.39,5.4,1.0,1.0,-0.64278764,0.76604444,171.10423,170.56111,0.0,0.0,0.0,0.0,0.0,1.0,0.0,0.0,0.0,0.0,0.0,0.0,1.0,7,0.4,1.4,Gas Flare / Persistent Thermal Source,WorldBank_GFMR,0.9
19.4156_71.3908_2023-01-03_2120_N_VIIRS,19.41561,71.39079,2023-01-03,313.45,1.03,1.0,1.0,-0.64278764,0.76604444,164.40611,163.91547,0.0,0.0,0.0,0.0,0.0,1.0,0.0,0.0,0.0,0.0,0.0,0.0,1.0,0,0.0,0.0,Gas Flare / Persistent Thermal Source,WorldBank_GFMR,0.9
19.5277_71.3004_2023-01-03_2120_N_VIIRS,19.52768,71.30037,2023-01-03,319.55,1.34,1.0,1.0,-0.64278764,0.76604444,177.11769,176.67862,0.0,0.0,0.0,0.0,0.0,1.0,0.0,0.0,0.0,0.0,0.0,0.0,1.0,4,0.4,0.8,Gas Flare / Persistent Thermal Source,WorldBank_GFMR,0.9
19.5286_71.2957_2023-01-03_2120_N_VIIRS,19.52859,71.29574,2023-01-03,307.2,1.3,1.0,1.0,-0.64278764,0.76604444,177.60995,177.17053,0.0,0.0,0.0,0.0,0.0,1.0,0.0,0.0,0.0,0.0,0.0,0.0,1.0,4,0.4,0.8,Gas Flare / Persistent Thermal Source,WorldBank_GFMR,0.9
19.5731_71.3658_2023-01-03_2120_N_VIIRS,19.57313,71.36581,2023-01-03,319.4,1.02,1.0,1.0,-0.64278764,0.76604444,172.36214,171.96306,0.0,0.0,0.0,0.0,0.0,1.0,0.0,0.0,0.0,0.0,0.0,0.0,1.0,3,0.4,0.6,Gas Flare / Persistent Thermal Source,WorldBank_GFMR,0.9
19.5740_71.3611_2023-01-03_2120_N_VIIRS,19.57405,71.36114,2023-01-03,305.37,1.23,1.0,1.0,-0.64278764,0.76604444,172.8558,172.45625,0.0,0.0,0.0,0.0,0.0,1.0,0.0,0.0,0.0,0.0,0.0,0.0,1.0,3,0.4,0.6,Gas Flare / Persistent Thermal Source,WorldBank_GFMR,0.9
19.1751_70.9457_2023-01-03_2121_N_VIIRS,19.17511,70.94574,2023-01-03,310.06,0.57,1.0,1.0,-0.639439,0.7688418,205.90694,205.24747,0.0,0.0,0.0,0.0,0.0,1.0,0.0,0.0,0.0,0.0,0.0,0.0,1.0,0,0.0,0.0,Gas Flare / Persistent Thermal Source,WorldBank_GFMR,0.9
19.1795_70.9467_2023-01-03_2121_N_VIIRS,19.17947,70.94669,2023-01-03,307.89,0.57,1.0,1.0,-0.639439,0.7688418,205.84729,205.18987,0.0,0.0,0.0,0.0,0.0,1.0,0.0,0.0,0.0,0.0,0.0,0.0,1.0,0,0.0,0.0,Gas Flare / Persistent Thermal Source,WorldBank_GFMR,0.9
27.3187_95.2679_2023-01-04_0652_N_VIIRS,27.31865,95.26794,2023-01-04,329.03,1.75,1.0,0.0,0.97437006,-0.22495106,1170.5121,1171.1852,0.0,0.0,0.0,0.0,0.0,1.0,0.0,0.0,0.0,0.0,0.0,0.0,1.0,5,0.6,1.0,Gas Flare / Persistent Thermal Source,WorldBank_GFMR,0.9
27.4695_95.4232_2023-01-04_0652_N_VIIRS,27.46946,95.42324,2023-01-04,325.79,1.22,1.0,0.0,0.97437006,-0.22495106,1193.0376,1193.7035,0.0,0.0,0.0,0.0,0.0,1.0,0.0,0.0,0.0,0.0,0.0,0.0,1.0,1,0.2,0.2,Gas Flare / Persistent Thermal Source,WorldBank_GFMR,0.9
26.0860_93.9528_2023-01-04_1918_N_VIIRS,26.08601,93.95277,2023-01-04,296.05,0.33,1.0,1.0,-0.9426415,0.33380687,982.43384,983.16437,0.0,0.0,0.0,0.0,0.0,1.0,0.0,0.0,0.0,0.0,0.0,0.0,1.0,1,0.2,0.2,Gas Flare / Persistent Thermal Source,WorldBank_GFMR,0.9
26.8092_94.6961_2023-01-04_1918_N_VIIRS,26.80916,94.69614,2023-01-04,295.14,0.32,1.0,1.0,-0.9426415,0.33380687,1090.7307,1091.4215,0.0,0.0,0.0,0.0,0.0,1.0,0.0,0.0,0.0,0.0,0.0,0.0,1.0,0,0.0,0.0,Gas Flare / Persistent Thermal Source,WorldBank_GFMR,0.9
27.3157_95.2659_2023-01-04_1918_N_VIIRS,27.31566,95.26591,2023-01-04,306.06,1.59,1.0,1.0,-0.9426415,0.33380687,1170.1448,1170.8181,0.0,0.0,0.0,0.0,0.0,1.0,0.0,0.0,0.0,0.0,0.0,0.0,1.0,5,0.6,1.0,Gas Flare / Persistent Thermal Source,WorldBank_GFMR,0.9
27.3190_95.2665_2023-01-04_1918_N_VIIRS,27.319,95.26654,2023-01-04,326.76,1.59,1.0,1.0,-0.9426415,0.33380687,1170.4312,1171.1039,0.0,0.0,0.0,0.0,0.0,1.0,0.0,0.0,0.0,0.0,0.0,0.0,1.0,5,0.6,1.0,Gas Flare / Persistent Thermal Source,WorldBank_GFMR,0.9
27.3245_95.2757_2023-01-04_1918_N_VIIRS,27.32452,95.2757,2023-01-04,304.16,0.58,1.0,1.0,-0.9426415,0.33380687,1171.5189,1172.1919,0.0,0.0,0.0,0.0,0.0,1.0,0.0,0.0,0.0,0.0,0.0,0.0,1.0,1,0.2,0.2,Gas Flare / Persistent Thermal Source,WorldBank_GFMR,0.9
27.3762_95.0892_2023-01-04_1918_N_VIIRS,27.37616,95.08917,2023-01-04,299.72,0.46,1.0,1.0,-0.9426415,0.33380687,1161.2179,1161.8518,0.0,0.0,0.0,0.0,0.0,1.0,0.0,0.0,0.0,0.0,0.0,0.0,1.0,0,0.0,0.0,Gas Flare / Persistent Thermal Source,WorldBank_GFMR,0.9
27.3919_95.4332_2023-01-04_1918_N_VIIRS,27.39194,95.43319,2023-01-04,309.57,0.75,1.0,1.0,-0.9426415,0.33380687,1188.2635,1188.9464,0.0,0.0,0.0,0.0,0.0,1.0,0.0,0.0,0.0,0.0,0.0,0.0,1.0,0,0.0,0.0,Gas Flare / Persistent Thermal Source,WorldBank_GFMR,0.9
27.3953_95.4338_2023-01-04_1918_N_VIIRS,27.39528,95.43382,2023-01-04,299.16,0.75,1.0,1.0,-0.9426415,0.33380687,1188.5487,1189.2311,0.0,0.0,0.0,0.0,0.0,1.0,0.0,0.0,0.0,0.0,0.0,0.0,1.0,0,0.0,0.0,Gas Flare / Persistent Thermal Source,WorldBank_GFMR,0.9
27.4688_95.4233_2023-01-04_1918_N_VIIRS,27.46885,95.42332,2023-01-04,300.54,0.7,1.0,1.0,-0.9426415,0.33380687,1193.0,1193.666,0.0,0.0,0.0,0.0,0.0,1.0,0.0,0.0,0.0,0.0,0.0,0.0,1.0,1,0.2,0.2,Gas Flare / Persistent Thermal Source,WorldBank_GFMR,0.9
27.5578_96.0387_2023-01-04_1918_N_VIIRS,27.55781,96.03867,2023-01-04,311.68,1.13,1.0,1.0,-0.9426415,0.33380687,1246.2819,1247.018,0.0,0.0,0.0,0.0,0.0,1.0,0.0,0.0,0.0,0.0,0.0,0.0,1.0,2,0.2,0.4,Gas Flare / Persistent Thermal Source,WorldBank_GFMR,0.9
18.9738_71.6222_2023-01-04_2102_N_VIIRS,18.9738,71.62215,2023-01-04,311.77,0.42,1.0,1.0,-0.70090926,0.71325046,134.2213,133.46411,0.0,0.0,0.0,0.0,0.0,1.0,0.0,0.0,0.0,0.0,0.0,0.0,1.0,0,0.0,0.0,Gas Flare / Persistent Thermal Source,WorldBank_GFMR,0.9
19.1773_70.9472_2023-01-04_2102_N_VIIRS,19.17733,70.9472,2023-01-04,319.65,0.82,1.0,1.0,-0.70090926,0.71325046,205.77423,205.11584,0.0,0.0,0.0,0.0,0.0,1.0,0.0,0.0,0.0,0.0,0.0,0.0,1.0,2,0.2,0.4,Gas Flare / Persistent Thermal Source,WorldBank_GFMR,0.9
19.1780_70.9433_2023-01-04_2102_N_VIIRS,19.17797,70.94332,2023-01-04,306.31,0.82,1.0,1.0,-0.70090926,0.71325046,206.1862,205.52795,0.0,0.0,0.0,0.0,0.0,1.0,0.0,0.0,0.0,0.0,0.0,0.0,1.0,2,0.2,0.4,Gas Flare / Persistent Thermal Source,WorldBank_GFMR,0.9
19.2786_71.4268_2023-01-04_2102_N_VIIRS,19.27857,71.42681,2023-01-04,313.81,0.9,1.0,1.0,-0.70090926,0.71325046,157.29321,156.7216,0.0,0.0,0.0,0.0,0.0,1.0,0.0,0.0,0.0,0.0,0.0,0.0,1.0,0,0.0,0.0,Gas Flare / Persistent Thermal Source,WorldBank_GFMR,0.9
19.3325_72.0185_2023-01-04_2102_N_VIIRS,19.33245,72.01852,2023-01-04,312.07,0.61,1.0,1.0,-0.70090926,0.71325046,98.88355,98.48144,0.0,0.0,0.0,0.0,0.0,1.0,0.0,0.0,0.0,0.0,0.0,0.0,1.0,4,0.2,0.8,Gas Flare / Persistent Thermal Source,WorldBank_GFMR,0.9
19.3475_71.3072_2023-01-04_2102_N_VIIRS,19.34749,71.30718,2023-01-04,331.95,3.58,1.0,1.0,-0.70090926,0.71325046,171.11174,170.56805,0.0,0.0,0.0,0.0,0.0,1.0,0.0,0.0,0.0,0.0,0.0,0.0,1.0,9,0.6,1.8,Gas Flare / Persistent Thermal Source,WorldBank_GFMR,0.9
19.3482_71.3032_2023-01-04_2102_N_VIIRS,19.34817,71.30323,2023-01-04,309.55,3.58,1.0,1.0,-0.70090926,0.71325046,171.53278,170.989,0.0,0.0,0.0,0.0,0.0,1.0,0.0,0.0,0.0,0.0,0.0,0.0,1.0,9,0.6,1.8,Gas Flare / Persistent Thermal Source,WorldBank_GFMR,0.9
19.3717_71.3527_2023-01-04_2102_N_VIIRS,19.37167,71.3527,2023-01-04,324.24,1.05,1.0,1.0,-0.70090926,0.71325046,167.0535,166.53012,0.0,0.0,0.0,0.0,0.0,1.0,0.0,0.0,0.0,0.0,0.0,0.0,1.0,9,0.6,1.8,Gas Flare / Persistent Thermal Source,WorldBank_GFMR,0.9
19.4186_71.3903_2023-01-04_2102_N_VIIRS,19.41859,71.39034,2023-01-04,316.74,1.15,1.0,1.0,-0.70090926,0.71325046,164.54027,164.0514,0.0,0.0,0.0,0.0,0.0,1.0,0.0,0.0,0.0,0.0,0.0,0.0,1.0,1,0.2,0.2,Gas Flare / Persistent Thermal Source,WorldBank_GFMR,0.9
19.5282_71.2992_2023-01-04_2102_N_VIIRS,19.52823,71.29923,2023-01-04,329.12,1.83,1.0,1.0,-0.70090926,0.71325046,177.2504,176.81143,0.0,0.0,0.0,0.0,0.0,1.0,0.0,0.0,0.0,0.0,0.0,0.0,1.0,6,0.6,1.2,Gas Flare / Persistent Thermal Source,WorldBank_GFMR,0.9
19.5674_71.3553_2023-01-04_2102_N_VIIRS,19.56741,71.35526,2023-01-04,308.89,0.69,1.0,1.0,-0.70090926,0.71325046,173.17157,172.7668,0.0,0.0,0.0,0.0,0.0,1.0,0.0,0.0,0.0,0.0,0.0,0.0,1.0,4,0.6,0.8,Gas Flare / Persistent Thermal Source,WorldBank_GFMR,0.9
19.5729_71.3645_2023-01-04_2102_N_VIIRS,19.57293,71.36449,2023-01-04,329.03,2.1,1.0,1.0,-0.70090926,0.71325046,172.48347,172.08398,0.0,0.0,0.0,0.0,0.0,1.0,0.0,0.0,0.0,0.0,0.0,0.0,1.0,5,0.6,1.0,Gas Flare / Persistent Thermal Source,WorldBank_GFMR,0.9
27.3169_95.2664_2023-01-05_0634_N_VIIRS,27.31687,95.26639,2023-01-05,325.76,1.91,1.0,0.0,0.9890159,-0.14780942,1170.2676,1170.9408,0.0,0.0,0.0,0.0,0.0,1.0,0.0,0.0,0.0,0.0,0.0,0.0,1.0,8,0.8,1.6,Gas Flare / Persistent Thermal Source,WorldBank_GFMR,0.9
19.3477_71.3092_2023-01-05_0813_N_VIIRS,19.34773,71.30922,2023-01-05,344.72,11.77,1.0,0.0,0.8362861,-0.54829323,170.90822,170.36491,0.0,0.0,0.0,0.0,0.0,1.0,0.0,0.0,0.0,0.0,0.0,0.0,1.0,11,0.8,2.2,Gas Flare / Persistent Thermal Source,WorldBank_GFMR,0.9
19.5696_71.3566_2023-01-05_0813_N_VIIRS,19.56962,71.35661,2023-01-05,330.26,5.28,1.0,0.0,0.8362861,-0.54829323,173.12546,172.7223,0.0,0.0,0.0,0.0,0.0,1.0,0.0,0.0,0.0,0.0,0.0,0.0,1.0,6,0.8,1.2,Gas Flare / Persistent Thermal Source,WorldBank_GFMR,0.9
27.3177_95.2679_2023-01-05_1859_N_VIIRS,27.31771,95.26789,2023-01-05,298.59,0.95,1.0,1.0,-0.96704596,0.25460196,1170.4412,1171.1144,0.0,0.0,0.0,0.0,0.0,1.0,0.0,0.0,0.0,0.0,0.0,0.0,1.0,8,0.8,1.6,Gas Flare / Persistent Thermal Source,WorldBank_GFMR,0.9
27.3182_95.2637_2023-01-05_1859_N_VIIRS,27.31818,95.26373,2023-01-05,304.46,1.04,1.0,1.0,-0.96704596,0.25460196,1170.1599,1170.8324,0.0,0.0,0.0,0.0,0.0,1.0,0.0,0.0,0.0,0.0,0.0,0.0,1.0,8,0.8,1.6,Gas Flare / Persistent Thermal Source,WorldBank_GFMR,0.9
27.3393_95.4801_2023-01-05_1859_N_VIIRS,27.33926,95.48013,2023-01-05,295.57,0.27,1.0,1.0,-0.96704596,0.25460196,1188.1113,1188.8118,0.0,0.0,0.0,0.0,0.0,1.0,0.0,0.0,0.0,0.0,0.0,0.0,1.0,0,0.0,0.0,Gas Flare / Persistent Thermal Source,WorldBank_GFMR,0.9
27.4694_95.4226_2023-01-05_1859_N_VIIRS,27.4694,95.42258,2023-01-05,299.69,0.72,1.0,1.0,-0.96704596,0.25460196,1192.9835,1193.6493,0.0,0.0,0.0,0.0,0.0,1.0,0.0,0.0,0.0,0.0,0.0,0.0,1.0,3,0.4,0.6,Gas Flare / Persistent Thermal Source,WorldBank_GFMR,0.9
27.5574_96.0401_2023-01-05_1859_N_VIIRS,27.55737,96.04015,2023-01-05,305.04,1.35,1.0,1.0,-0.96704596,0.25460196,1246.366,1247.1023,0.0,0.0,0.0,0.0,0.0,1.0,0.0,0.0,0.0,0.0,0.0,0.0,1.0,3,0.4,0.6,Gas Flare / Persistent Thermal Source,WorldBank_GFMR,0.9
27.6062_95.4025_2023-01-05_1859_N_VIIRS,27.60619,95.4025,2023-01-05,299.75,0.51,1.0,1.0,-0.96704596,0.25460196,1201.3276,1201.9634,0.0,0.0,0.0,0.0,0.0,1.0,0.0,0.0,0.0,0.0,0.0,0.0,1.0,2,0.4,0.4,Gas Flare / Persistent Thermal Source,WorldBank_GFMR,0.9
18.5861_71.0322_2023-01-05_2043_N_VIIRS,18.58607,71.03217,2023-01-05,313.24,0.79,1.0,1.0,-0.75756496,0.65275973,202.10825,201.21336,0.0,0.0,0.0,0.0,0.0,1.0,0.0,0.0,0.0,0.0,0.0,0.0,1.0,0,0.0,0.0,Gas Flare / Persistent Thermal Source,WorldBank_GFMR,0.9
18.9735_71.6233_2023-01-05_2043_N_VIIRS,18.97346,71.62326,2023-01-05,319.8,1.35,1.0,1.0,-0.75756496,0.65275973,134.1061,133.34866,0.0,0.0,0.0,0.0,0.0,1.0,0.0,0.0,0.0,0.0,0.0,0.0,1.0,1,0.2,0.2,Gas Flare / Persistent Thermal Source,WorldBank_GFMR,0.9
19.1777_70.9434_2023-01-05_2043_N_VIIRS,19.1777,70.94337,2023-01-05,318.74,1.16,1.0,1.0,-0.75756496,0.65275973,206.1785,205.52013,0.0,0.0,0.0,0.0,0.0,1.0,0.0,0.0,0.0,0.0,0.0,0.0,1.0,4,0.4,0.8,Gas Flare / Persistent Thermal Source,WorldBank_GFMR,0.9
19.2782_71.4254_2023-01-05_2043_N_VIIRS,19.27821,71.42541,2023-01-05,313.52,1.08,1.0,1.0,-0.75756496,0.65275973,157.43042,156.85843,0.0,0.0,0.0,0.0,0.0,1.0,0.0,0.0,0.0,0.0,0.0,0.0,1.0,1,0.2,0.2,Gas Flare / Persistent Thermal Source,WorldBank_GFMR,0.9
19.2840_71.4346_2023-01-05_2043_N_VIIRS,19.28399,71.43459,2023-01-05,314.95,0.96,1.0,1.0,-0.75756496,0.65275973,156.60187,156.03458,0.0,0.0,0.0,0.0,0.0,1.0,0.0,0.0,0.0,0.0,0.0,0.0,1.0,0,0.0,0.0,Gas Flare / Persistent Thermal Source,WorldBank_GFMR,0.9
19.3340_72.0194_2023-01-05_2043_N_VIIRS,19.33396,72.01939,2023-01-05,314.82,1.04,1.0,1.0,-0.75756496,0.65275973,98.857925,98.45772,0.0,0.0,0.0,0.0,0.0,1.0,0.0,0.0,0.0,0.0,0.0,0.0,1.0,5,0.4,1.0,Gas Flare / Persistent Thermal Source,WorldBank_GFMR,0.9
19.3342_72.0186_2023-01-05_2043_N_VIIRS,19.33418,72.01863,2023-01-05,314.19,0.86,1.0,1.0,-0.75756496,0.65275973,98.94115,98.54088,0.0,0.0,0.0,0.0,0.0,1.0,0.0,0.0,0.0,0.0,0.0,0.0,1.0,5,0.4,1.0,Gas Flare / Persistent Thermal Source,WorldBank_GFMR,0.9
19.3460_71.3060_2023-01-05_2043_N_VIIRS,19.34604,71.30602,2023-01-05,327.45,3.05,1.0,1.0,-0.75756496,0.65275973,171.19667,170.652,0.0,0.0,0.0,0.0,0.0,1.0,0.0,0.0,0.0,0.0,0.0,0.0,1.0,11,0.8,2.2,Gas Flare / Persistent Thermal Source,WorldBank_GFMR,0.9
19.3495_71.3066_2023-01-05_2043_N_VIIRS,19.34954,71.30657,2023-01-05,330.32,4.72,1.0,1.0,-0.75756496,0.65275973,171.22266,170.68008,0.0,0.0,0.0,0.0,0.0,1.0,0.0,0.0,0.0,0.0,0.0,0.0,1.0,11,0.8,2.2,Gas Flare / Persistent Thermal Source,WorldBank_GFMR,0.9
19.3717_71.3518_2023-01-05_2043_N_VIIRS,19.37166,71.35184,2023-01-05,319.89,1.51,1.0,1.0,-0.75756496,0.65275973,167.14096,166.61748,0.0,0.0,0.0,0.0,0.0,1.0,0.0,0.0,0.0,0.0,0.0,0.0,1.0,10,0.8,2.0,Gas Flare / Persistent Thermal Source,WorldBank_GFMR,0.9
19.4164_71.3881_2023-01-05_2043_N_VIIRS,19.41637,71.38813,2023-01-05,313.42,0.53,1.0,1.0,-0.75756496,0.65275973,164.69751,164.2069,0.0,0.0,0.0,0.0,0.0,1.0,0.0,0.0,0.0,0.0,0.0,0.0,1.0,2,0.4,0.4,Gas Flare / Persistent Thermal Source,WorldBank_GFMR,0.9
19.5272_71.2960_2023-01-05_2043_N_VIIRS,19.5272,71.29597,2023-01-05,312.0,0.55,1.0,1.0,-0.75756496,0.65275973,177.53813,177.09795,0.0,0.0,0.0,0.0,0.0,1.0,0.0,0.0,0.0,0.0,0.0,0.0,1.0,7,0.8,1.4,Gas Flare / Persistent Thermal Source,WorldBank_GFMR,0.9
19.5301_71.3006_2023-01-05_2043_N_VIIRS,19.53011,71.30064,2023-01-05,312.0,0.85,1.0,1.0,-0.75756496,0.65275973,177.17685,176.73923,0.0,0.0,0.0,0.0,0.0,1.0,0.0,0.0,0.0,0.0,0.0,0.0,1.0,7,0.8,1.4,Gas Flare / Persistent Thermal Source,WorldBank_GFMR,0.9
19.5307_71.2965_2023-01-05_2043_N_VIIRS,19.53071,71.29653,2023-01-05,318.03,0.94,1.0,1.0,-0.75756496,0.65275973,177.60637,177.16833,0.0,0.0,0.0,0.0,0.0,1.0,0.0,0.0,0.0,0.0,0.0,0.0,1.0,7,0.8,1.4,Gas Flare / Persistent Thermal Source,WorldBank_GFMR,0.9
19.5714_71.3651_2023-01-05_2043_N_VIIRS,19.57136,71.36507,2023-01-05,310.02,1.11,1.0,1.0,-0.75756496,0.65275973,172.36467,171.96437,0.0,0.0,0.0,0.0,0.0,1.0,0.0,0.0,0.0,0.0,0.0,0.0,1.0,6,0.8,1.2,Gas Flare / Persistent Thermal Source,WorldBank_GFMR,0.9
19.5720_71.3610_2023-01-05_2043_N_VIIRS,19.57195,71.36098,2023-01-05,326.73,2.15,1.0,1.0,-0.75756496,0.65275973,172.7886,172.38777,0.0,0.0,0.0,0.0,0.0,1.0,0.0,0.0,0.0,0.0,0.0,0.0,1.0,7,0.8,1.4,Gas Flare / Persistent Thermal Source,WorldBank_GFMR,0.9
27.3181_95.2669_2023-01-06_0615_N_VIIRS,27.31807,95.26694,2023-01-06,326.13,1.9,1.0,0.0,0.99785894,-0.065403126,1170.395,1171.068,0.0,0.0,0.0,0.0,0.0,1.0,0.0,0.0,0.0,0.0,0.0,0.0,1.0,11,1.0,2.2,Gas Flare / Persistent Thermal Source,WorldBank_GFMR,0.9
19.3501_71.3073_2023-01-06_0754_N_VIIRS,19.35011,71.30733,2023-01-06,341.72,9.66,1.0,0.0,0.87881714,-0.47715876,171.15825,170.6161,0.0,0.0,0.0,0.0,0.0,1.0,0.0,0.0,0.0,0.0,0.0,0.0,1.0,14,1.0,2.8,Gas Flare / Persistent Thermal Source,WorldBank_GFMR,0.9
19.3696_71.3529_2023-01-06_0754_N_VIIRS,19.36961,71.35291,2023-01-06,336.98,5.03,1.0,0.0,0.87881714,-0.47715876,166.97882,166.45424,0.0,0.0,0.0,0.0,0.0,1.0,0.0,0.0,0.0,0.0,0.0,0.0,1.0,11,1.0,2.2,Gas Flare / Persistent Thermal Source,WorldBank_GFMR,0.9
27.3165_95.2655_2023-01-06_1840_N_VIIRS,27.31647,95.26553,2023-01-06,343.47,3.07,1.0,1.0,-0.9848077,0.17364818,1170.174,1170.847,0.0,0.0,0.0,0.0,0.0,1.0,0.0,0.0,0.0,0.0,0.0,0.0,1.0,11,1.0,2.2,Gas Flare / Persistent Thermal Source,WorldBank_GFMR,0.9
27.3177_95.2653_2023-01-06_1840_N_VIIRS,27.31768,95.26531,2023-01-06,343.3,3.0,1.0,1.0,-0.9848077,0.17364818,1170.2438,1170.9165,0.0,0.0,0.0,0.0,0.0,1.0,0.0,0.0,0.0,0.0,0.0,0.0,1.0,11,1.0,2.2,Gas Flare / Persistent Thermal Source,WorldBank_GFMR,0.9
27.3387_95.4801_2023-01-06_1840_N_VIIRS,27.33869,95.4801,2023-01-06,301.97,0.41,1.0,1.0,-0.9848077,0.17364818,1188.069,1188.7694,0.0,0.0,0.0,0.0,0.0,1.0,0.0,0.0,0.0,0.0,0.0,0.0,1.0,1,0.2,0.2,Gas Flare / Persistent Thermal Source,WorldBank_GFMR,0.9
27.3754_95.0871_2023-01-06_1840_N_VIIRS,27.37542,95.08708,2023-01-06,295.97,0.39,1.0,1.0,-0.9848077,0.17364818,1161.008,1161.6417,0.0,0.0,0.0,0.0,0.0,1.0,0.0,0.0,0.0,0.0,0.0,0.0,1.0,1,0.2,0.2,Gas Flare / Persistent Thermal Source,WorldBank_GFMR,0.9
27.3925_95.4334_2023-01-06_1840_N_VIIRS,27.39251,95.43338,2023-01-06,295.61,0.31,1.0,1.0,-0.9848077,0.17364818,1188.3185,1189.0013,0.0,0.0,0.0,0.0,0.0,1.0,0.0,0.0,0.0,0.0,0.0,0.0,1.0,2,0.2,0.4,Gas Flare / Persistent Thermal Source,WorldBank_GFMR,0.9
27.4608_95.4745_2023-01-06_1840_N_VIIRS,27.46083,95.47454,2023-01-06,296.72,0.33,1.0,1.0,-0.9848077,0.17364818,1196.3013,1196.9764,0.0,0.0,0.0,0.0,0.0,1.0,0.0,0.0,0.0,0.0,0.0,0.0,1.0,3,0.6,0.6,Gas Flare / Persistent Thermal Source,WorldBank_GFMR,0.9
27.4706_95.4228_2023-01-06_1840_N_VIIRS,27.47058,95.42285,2023-01-06,298.7,0.64,1.0,1.0,-0.9848077,0.17364818,1193.0884,1193.7539,0.0,0.0,0.0,0.0,0.0,1.0,0.0,0.0,0.0,0.0,0.0,0.0,1.0,4,0.6,0.8,Gas Flare / Persistent Thermal Source,WorldBank_GFMR,0.9
27.5573_96.0390_2023-01-06_1840_N_VIIRS,27.55735,96.039,2023-01-06,313.37,0.93,1.0,1.0,-0.9848077,0.17364818,1246.2758,1247.0118,0.0,0.0,0.0,0.0,0.0,1.0,0.0,0.0,0.0,0.0,0.0,0.0,1.0,4,0.6,0.8,Gas Flare / Persistent Thermal Source,WorldBank_GFMR,0.9
27.5606_96.0377_2023-01-06_1840_N_VIIRS,27.56059,96.03767,2023-01-06,295.88,0.21,1.0,1.0,-0.9848077,0.17364818,1246.3965,1247.1318,0.0,0.0,0.0,0.0,0.0,1.0,0.0,0.0,0.0,0.0,0.0,0.0,1.0,4,0.6,0.8,Gas Flare / Persistent Thermal Source,WorldBank_GFMR,0.9
27.3175_95.2670_2023-01-06_2021_N_VIIRS,27.31752,95.26701,2023-01-06,307.19,1.8,1.0,1.0,-0.81664157,0.5771452,1170.361,1171.034,0.0,0.0,0.0,0.0,0.0,1.0,0.0,0.0,0.0,0.0,0.0,0.0,1.0,11,1.0,2.2,Gas Flare / Persistent Thermal Source,WorldBank_GFMR,0.9
27.5600_96.0375_2023-01-06_2021_N_VIIRS,27.55998,96.03745,2023-01-06,298.08,0.44,1.0,1.0,-0.81664157,0.5771452,1246.3374,1247.0728,0.0,0.0,0.0,0.0,0.0,1.0,0.0,0.0,0.0,0.0,0.0,0.0,1.0,4,0.6,0.8,Gas Flare / Persistent Thermal Source,WorldBank_GFMR,0.9
27.5602_96.0389_2023-01-06_2021_N_VIIRS,27.56019,96.03886,2023-01-06,303.12,1.36,1.0,1.0,-0.81664157,0.5771452,1246.4608,1247.1964,0.0,0.0,0.0,0.0,0.0,1.0,0.0,0.0,0.0,0.0,0.0,0.0,1.0,4,0.6,0.8,Gas Flare / Persistent Thermal Source,WorldBank_GFMR,0.9
23.7749_85.8399_2023-01-06_2022_N_VIIRS,23.77493,85.8399,2023-01-06,295.96,0.36,1.0,1.0,-0.8141155,0.58070296,322.9979,320.74854,0.0,0.0,0.0,0.0,0.0,1.0,0.0,0.0,0.0,0.0,0.0,0.0,1.0,0,0.0,0.0,Gas Flare / Persistent Thermal Source,WorldBank_GFMR,0.9
23.4077_72.4159_2023-01-06_2023_N_VIIRS,23.40769,72.41589,2023-01-06,299.15,0.61,1.0,1.0,-0.811574,0.5842497,189.52513,188.00818,0.0,0.0,0.0,0.0,0.0,1.0,0.0,0.0,0.0,0.0,0.0,0.0,1.0,1,0.2,0.2,Gas Flare / Persistent Thermal Source,WorldBank_GFMR,0.9
18.5809_72.2395_2023-01-06_2024_N_VIIRS,18.58093,72.23945,2023-01-06,312.62,3.18,1.0,1.0,-0.809017,0.58778524,84.469406,83.4214,0.0,0.0,0.0,0.0,0.0,1.0,0.0,0.0,0.0,0.0,0.0,0.0,1.0,0,0.0,0.0,Gas Flare / Persistent Thermal Source,WorldBank_GFMR,0.9
19.2775_71.4249_2023-01-06_2024_N_VIIRS,19.27749,71.42486,2023-01-06,315.2,4.69,1.0,1.0,-0.809017,0.58778524,157.47266,156.90015,0.0,0.0,0.0,0.0,0.0,1.0,0.0,0.0,0.0,0.0,0.0,0.0,1.0,2,0.4,0.4,Gas Flare / Persistent Thermal Source,WorldBank_GFMR,0.9
19.2809_71.4353_2023-01-06_2024_N_VIIRS,19.28088,71.43527,2023-01-06,316.02,4.74,1.0,1.0,-0.809017,0.58778524,156.46747,155.89827,0.0,0.0,0.0,0.0,0.0,1.0,0.0,0.0,0.0,0.0,0.0,0.0,1.0,2,0.4,0.4,Gas Flare / Persistent Thermal Source,WorldBank_GFMR,0.9
19.3338_72.0185_2023-01-06_2024_N_VIIRS,19.33384,72.01849,2023-01-06,308.7,2.01,1.0,1.0,-0.809017,0.58778524,98.94141,98.54073,0.0,0.0,0.0,0.0,0.0,1.0,0.0,0.0,0.0,0.0,0.0,0.0,1.0,7,0.6,1.4,Gas Flare / Persistent Thermal Source,WorldBank_GFMR,0.9
19.3462_71.3096_2023-01-06_2024_N_VIIRS,19.34623,71.30959,2023-01-06,327.86,3.92,1.0,1.0,-0.809017,0.58778524,170.83499,170.29085,0.0,0.0,0.0,0.0,0.0,1.0,0.0,0.0,0.0,0.0,0.0,0.0,1.0,14,1.0,2.8,Gas Flare / Persistent Thermal Source,WorldBank_GFMR,0.9
19.3468_71.3046_2023-01-06_2024_N_VIIRS,19.34681,71.30459,2023-01-06,321.17,3.92,1.0,1.0,-0.809017,0.58778524,171.36137,170.81697,0.0,0.0,0.0,0.0,0.0,1.0,0.0,0.0,0.0,0.0,0.0,0.0,1.0,14,1.0,2.8,Gas Flare / Persistent Thermal Source,WorldBank_GFMR,0.9
19.3692_71.3532_2023-01-06_2024_N_VIIRS,19.36922,71.35322,2023-01-06,308.81,3.42,1.0,1.0,-0.809017,0.58778524,166.93713,166.41235,0.0,0.0,0.0,0.0,0.0,1.0,0.0,0.0,0.0,0.0,0.0,0.0,1.0,11,1.0,2.2,Gas Flare / Persistent Thermal Source,WorldBank_GFMR,0.9
19.5281_71.2971_2023-01-06_2024_N_VIIRS,19.52808,71.29714,2023-01-06,321.15,3.33,1.0,1.0,-0.809017,0.58778524,177.45282,177.01337,0.0,0.0,0.0,0.0,0.0,1.0,0.0,0.0,0.0,0.0,0.0,0.0,1.0,10,1.0,2.0,Gas Flare / Persistent Thermal Source,WorldBank_GFMR,0.9
19.5295_71.2999_2023-01-06_2024_N_VIIRS,19.52946,71.29992,2023-01-06,311.6,1.82,1.0,1.0,-0.809017,0.58778524,177.22534,176.7872,0.0,0.0,0.0,0.0,0.0,1.0,0.0,0.0,0.0,0.0,0.0,0.0,1.0,10,1.0,2.0,Gas Flare / Persistent Thermal Source,WorldBank_GFMR,0.9
19.5301_71.2949_2023-01-06_2024_N_VIIRS,19.53006,71.29488,2023-01-06,311.29,1.82,1.0,1.0,-0.809017,0.58778524,177.7473,177.3086,0.0,0.0,0.0,0.0,0.0,1.0,0.0,0.0,0.0,0.0,0.0,0.0,1.0,10,1.0,2.0,Gas Flare / Persistent Thermal Source,WorldBank_GFMR,0.9
19.5720_71.3642_2023-01-06_2024_N_VIIRS,19.572,71.36424,2023-01-06,318.26,2.75,1.0,1.0,-0.809017,0.58778524,172.47122,172.07112,0.0,0.0,0.0,0.0,0.0,1.0,0.0,0.0,0.0,0.0,0.0,0.0,1.0,9,1.0,1.8,Gas Flare / Persistent Thermal Source,WorldBank_GFMR,0.9
19.3673_71.3536_2023-01-07_0735_N_VIIRS,19.36731,71.35357,2023-01-07,340.6,12.36,1.0,0.0,0.91531146,-0.40274668,166.85234,166.32646,0.0,0.0,0.0,0.0,0.0,1.0,0.0,0.0,0.0,0.0,0.0,0.0,1.0,13,1.0,1.6,Gas Flare / Persistent Thermal Source,WorldBank_GFMR,0.9
18.5775_72.2430_2023-01-07_0915_N_VIIRS,18.57754,72.243,2023-01-07,340.7,5.91,1.0,0.0,0.6593458,-0.7518398,84.38031,83.33095,0.0,0.0,0.0,0.0,0.0,1.0,0.0,0.0,0.0,0.0,0.0,0.0,1.0,1,0.2,0.2,Gas Flare / Persistent Thermal Source,WorldBank_GFMR,0.9
27.5551_96.0355_2023-01-07_1821_N_VIIRS,27.5551,96.03549,2023-01-07,296.08,0.61,1.0,1.0,-0.9958049,0.091501616,1245.8491,1246.5852,0.0,0.0,0.0,0.0,0.0,1.0,0.0,0.0,0.0,0.0,0.0,0.0,1.0,8,0.8,1.6,Gas Flare / Persistent Thermal Source,WorldBank_GFMR,0.9
27.5567_96.0371_2023-01-07_1821_N_VIIRS,27.55667,96.03712,2023-01-07,300.65,0.38,1.0,1.0,-0.9958049,0.091501616,1246.0835,1246.8195,0.0,0.0,0.0,0.0,0.0,1.0,0.0,0.0,0.0,0.0,0.0,0.0,1.0,8,0.8,1.6,Gas Flare / Persistent Thermal Source,WorldBank_GFMR,0.9
27.3176_95.2682_2023-01-07_2002_N_VIIRS,27.31759,95.26817,2023-01-07,316.69,2.06,1.0,1.0,-0.8616292,0.5075384,1170.4539,1171.1271,0.0,0.0,0.0,0.0,0.0,1.0,0.0,0.0,0.0,0.0,0.0,0.0,1.0,15,1.0,2.4,Gas Flare / Persistent Thermal Source,WorldBank_GFMR,0.9
27.3184_95.2647_2023-01-07_2002_N_VIIRS,27.31838,95.26471,2023-01-07,325.76,2.93,1.0,1.0,-0.8616292,0.5075384,1170.2484,1170.9209,0.0,0.0,0.0,0.0,0.0,1.0,0.0,0.0,0.0,0.0,0.0,0.0,1.0,15,1.0,2.4,Gas Flare / Persistent Thermal Source,WorldBank_GFMR,0.9
27.4611_95.4762_2023-01-07_2002_N_VIIRS,27.4611,95.47616,2023-01-07,297.23,0.35,1.0,1.0,-0.8616292,0.5075384,1196.4432,1197.1185,0.0,0.0,0.0,0.0,0.0,1.0,0.0,0.0,0.0,0.0,0.0,0.0,1.0,4,0.6,0.6,Gas Flare / Persistent Thermal Source,WorldBank_GFMR,0.9
27.4682_95.4222_2023-01-07_2002_N_VIIRS,27.46824,95.4222,2023-01-07,302.02,0.42,1.0,1.0,-0.8616292,0.5075384,1192.8718,1193.5377,0.0,0.0,0.0,0.0,0.0,1.0,0.0,0.0,0.0,0.0,0.0,0.0,1.0,5,0.8,1.0,Gas Flare / Persistent Thermal Source,WorldBank_GFMR,0.9
27.5338_95.3999_2023-01-07_2002_N_VIIRS,27.53378,95.39993,2023-01-07,303.98,0.46,1.0,1.0,-0.8616292,0.5075384,1195.9017,1196.5513,0.0,0.0,0.0,0.0,0.0,1.0,0.0,0.0,0.0,0.0,0.0,0.0,1.0,0,0.0,0.0,Gas Flare / Persistent Thermal Source,WorldBank_GFMR,0.9
27.5594_96.0388_2023-01-07_2002_N_VIIRS,27.55938,96.0388,2023-01-07,305.88,0.59,1.0,1.0,-0.8616292,0.5075384,1246.4003,1247.1361,0.0,0.0,0.0,0.0,0.0,1.0,0.0,0.0,0.0,0.0,0.0,0.0,1.0,8,0.8,1.6,Gas Flare / Persistent Thermal Source,WorldBank_GFMR,0.9
27.6041_95.4022_2023-01-07_2002_N_VIIRS,27.60408,95.40223,2023-01-07,301.47,0.42,1.0,1.0,-0.8616292,0.5075384,1201.1545,1201.7906,0.0,0.0,0.0,0.0,0.0,1.0,0.0,0.0,0.0,0.0,0.0,0.0,1.0,3,0.6,0.6,Gas Flare / Persistent Thermal Source,WorldBank_GFMR,0.9
18.8031_74.2600_2023-01-07_2005_N_VIIRS,18.80315,74.25999,2023-01-07,314.54,2.23,1.0,1.0,-0.85491186,0.51877326,145.19662,145.80261,0.0,0.0,0.0,0.0,0.0,1.0,0.0,0.0,0.0,0.0,0.0,0.0,1.0,0,0.0,0.0,Gas Flare / Persistent Thermal Source,WorldBank_GFMR,0.9
19.3696_71.3538_2023-01-07_2005_N_VIIRS,19.36961,71.35381,2023-01-07,313.55,2.09,1.0,1.0,-0.85491186,0.51877326,166.88698,166.36252,0.0,0.0,0.0,0.0,0.0,1.0,0.0,0.0,0.0,0.0,0.0,0.0,1.0,13,1.0,1.6,Gas Flare / Persistent Thermal Source,WorldBank_GFMR,0.9
19.5691_71.3611_2023-01-07_2005_N_VIIRS,19.56905,71.36105,2023-01-07,304.96,1.65,1.0,1.0,-0.85491186,0.51877326,172.66777,172.26523,0.0,0.0,0.0,0.0,0.0,1.0,0.0,0.0,0.0,0.0,0.0,0.0,1.0,11,1.0,2.0,Gas Flare / Persistent Thermal Source,WorldBank_GFMR,0.9
19.5753_71.3617_2023-01-07_2005_N_VIIRS,19.57531,71.36172,2023-01-07,320.7,1.65,1.0,1.0,-0.85491186,0.51877326,172.84888,172.45021,0.0,0.0,0.0,0.0,0.0,1.0,0.0,0.0,0.0,0.0,0.0,0.0,1.0,10,1.0,1.8,Gas Flare / Persistent Thermal Source,WorldBank_GFMR,0.9
19.3479_71.3071_2023-01-07_2146_N_VIIRS,19.34785,71.30709,2023-01-07,332.84,2.38,1.0,1.0,-0.551937,0.83388585,171.12944,170.58595,0.0,0.0,0.0,0.0,0.0,1.0,0.0,0.0,0.0,0.0,0.0,0.0,1.0,17,1.0,2.4,Gas Flare / Persistent Thermal Source,WorldBank_GFMR,0.9
19.3493_71.3012_2023-01-07_2146_N_VIIRS,19.34927,71.30117,2023-01-07,303.61,2.38,1.0,1.0,-0.551937,0.83388585,171.7699,171.22652,0.0,0.0,0.0,0.0,0.0,1.0,0.0,0.0,0.0,0.0,0.0,0.0,1.0,17,1.0,2.4,Gas Flare / Persistent Thermal Source,WorldBank_GFMR,0.9
27.3162_95.2681_2023-01-08_0718_N_VIIRS,27.3162,95.26811,2023-01-08,331.59,2.13,1.0,0.0,0.9426415,-0.33380687,1170.35,1171.0234,0.0,0.0,0.0,0.0,0.0,1.0,0.0,0.0,0.0,0.0,0.0,0.0,1.0,17,1.0,2.6,Gas Flare / Persistent Thermal Source,WorldBank_GFMR,0.9
27.3185_95.2647_2023-01-08_0718_N_VIIRS,27.31846,95.26474,2023-01-08,331.39,3.75,1.0,0.0,0.9426415,-0.33380687,1170.2563,1170.929,0.0,0.0,0.0,0.0,0.0,1.0,0.0,0.0,0.0,0.0,0.0,0.0,1.0,17,1.0,2.6,Gas Flare / Persistent Thermal Source,WorldBank_GFMR,0.9
27.3174_95.2632_2023-01-08_1943_N_VIIRS,27.31738,95.26322,2023-01-08,305.16,1.06,1.0,1.0,-0.90069824,0.43444526,1170.0641,1170.7367,0.0,0.0,0.0,0.0,0.0,1.0,0.0,0.0,0.0,0.0,0.0,0.0,1.0,17,1.0,2.6,Gas Flare / Persistent Thermal Source,WorldBank_GFMR,0.9
27.3407_95.4788_2023-01-08_1943_N_VIIRS,27.34072,95.47884,2023-01-08,295.68,0.35,1.0,1.0,-0.90069824,0.43444526,1188.1157,1188.8157,0.0,0.0,0.0,0.0,0.0,1.0,0.0,0.0,0.0,0.0,0.0,0.0,1.0,2,0.4,0.4,Gas Flare / Persistent Thermal Source,WorldBank_GFMR,0.9
27.4675_95.4243_2023-01-08_1943_N_VIIRS,27.46752,95.4243,2023-01-08,296.82,0.41,1.0,1.0,-0.90069824,0.43444526,1192.9789,1193.6453,0.0,0.0,0.0,0.0,0.0,1.0,0.0,0.0,0.0,0.0,0.0,0.0,1.0,6,1.0,1.2,Gas Flare / Persistent Thermal Source,WorldBank_GFMR,0.9
27.5583_96.0387_2023-01-08_1943_N_VIIRS,27.55826,96.03873,2023-01-08,317.84,1.15,1.0,1.0,-0.90069824,0.43444526,1246.3176,1247.0536,0.0,0.0,0.0,0.0,0.0,1.0,0.0,0.0,0.0,0.0,0.0,0.0,1.0,11,1.0,2.2,Gas Flare / Persistent Thermal Source,WorldBank_GFMR,0.9
26.0861_93.9506_2023-01-08_1944_N_VIIRS,26.08614,93.95062,2023-01-08,298.07,0.36,1.0,1.0,-0.89879405,0.43837115,982.27716,983.00726,0.0,0.0,0.0,0.0,0.0,1.0,0.0,0.0,0.0,0.0,0.0,0.0,1.0,2,0.2,0.2,Gas Flare / Persistent Thermal Source,WorldBank_GFMR,0.9
16.3598_81.2842_2023-01-08_1947_N_VIIRS,16.35979,81.28418,2023-01-08,300.55,0.27,1.0,1.0,-0.89297897,0.45009845,253.2139,252.93735,0.0,0.0,0.0,0.0,0.0,1.0,0.0,0.0,0.0,0.0,0.0,0.0,1.0,0,0.0,0.0,Gas Flare / Persistent Thermal Source,WorldBank_GFMR,0.9
19.1788_70.9479_2023-01-08_2127_N_VIIRS,19.17881,70.94791,2023-01-08,311.51,1.57,1.0,1.0,-0.61909395,0.78531694,205.71352,205.05582,0.0,0.0,0.0,0.0,0.0,1.0,0.0,0.0,0.0,0.0,0.0,0.0,1.0,5,0.6,1.0,Gas Flare / Persistent Thermal Source,WorldBank_GFMR,0.9
19.2778_71.4291_2023-01-08_2127_N_VIIRS,19.27777,71.42914,2023-01-08,312.3,1.78,1.0,1.0,-0.61909395,0.78531694,157.03654,156.46469,0.0,0.0,0.0,0.0,0.0,1.0,0.0,0.0,0.0,0.0,0.0,0.0,1.0,5,0.6,1.0,Gas Flare / Persistent Thermal Source,WorldBank_GFMR,0.9
19.2786_71.4237_2023-01-08_2127_N_VIIRS,19.27859,71.42369,2023-01-08,323.2,3.94,1.0,1.0,-0.61909395,0.78531694,157.61562,157.04367,0.0,0.0,0.0,0.0,0.0,1.0,0.0,0.0,0.0,0.0,0.0,0.0,1.0,3,0.6,0.6,Gas Flare / Persistent Thermal Source,WorldBank_GFMR,0.9
19.2790_71.4231_2023-01-08_2127_N_VIIRS,19.279,71.42312,2023-01-08,311.62,2.35,1.0,1.0,-0.61909395,0.78531694,157.68274,157.111,0.0,0.0,0.0,0.0,0.0,1.0,0.0,0.0,0.0,0.0,0.0,0.0,1.0,3,0.6,0.6,Gas Flare / Persistent Thermal Source,WorldBank_GFMR,0.9
19.2810_71.4368_2023-01-08_2127_N_VIIRS,19.28101,71.43684,2023-01-08,314.42,1.11,1.0,1.0,-0.61909395,0.78531694,156.3082,155.73927,0.0,0.0,0.0,0.0,0.0,1.0,0.0,0.0,0.0,0.0,0.0,0.0,1.0,2,0.4,0.4,Gas Flare / Persistent Thermal Source,WorldBank_GFMR,0.9
19.2815_71.4363_2023-01-08_2127_N_VIIRS,19.2815,71.43631,2023-01-08,312.68,1.53,1.0,1.0,-0.61909395,0.78531694,156.37296,155.80428,0.0,0.0,0.0,0.0,0.0,1.0,0.0,0.0,0.0,0.0,0.0,0.0,1.0,2,0.4,0.4,Gas Flare / Persistent Thermal Source,WorldBank_GFMR,0.9
19.3492_71.3091_2023-01-08_2127_N_VIIRS,19.34923,71.30913,2023-01-08,332.01,6.82,1.0,1.0,-0.61909395,0.78531694,170.9529,170.41046,0.0,0.0,0.0,0.0,0.0,1.0,0.0,0.0,0.0,0.0,0.0,0.0,1.0,19,1.0,2.4,Gas Flare / Persistent Thermal Source,WorldBank_GFMR,0.9
19.3702_71.3573_2023-01-08_2127_N_VIIRS,19.3702,71.35732,2023-01-08,315.43,3.98,1.0,1.0,-0.61909395,0.78531694,166.54411,166.0205,0.0,0.0,0.0,0.0,0.0,1.0,0.0,0.0,0.0,0.0,0.0,0.0,1.0,15,1.0,1.4,Gas Flare / Persistent Thermal Source,WorldBank_GFMR,0.9
19.3714_71.3514_2023-01-08_2127_N_VIIRS,19.37142,71.35139,2023-01-08,339.14,7.6,1.0,1.0,-0.61909395,0.78531694,167.18065,166.65695,0.0,0.0,0.0,0.0,0.0,1.0,0.0,0.0,0.0,0.0,0.0,0.0,1.0,15,1.0,1.4,Gas Flare / Persistent Thermal Source,WorldBank_GFMR,0.9
19.4153_71.3884_2023-01-08_2127_N_VIIRS,19.41532,71.38839,2023-01-08,308.88,0.81,1.0,1.0,-0.61909395,0.78531694,164.6401,164.14888,0.0,0.0,0.0,0.0,0.0,1.0,0.0,0.0,0.0,0.0,0.0,0.0,1.0,3,0.6,0.6,Gas Flare / Persistent Thermal Source,WorldBank_GFMR,0.9
19.4202_71.3895_2023-01-08_2127_N_VIIRS,19.42025,71.38953,2023-01-08,309.07,0.81,1.0,1.0,-0.61909395,0.78531694,164.67174,164.18376,0.0,0.0,0.0,0.0,0.0,1.0,0.0,0.0,0.0,0.0,0.0,0.0,1.0,3,0.6,0.6,Gas Flare / Persistent Thermal Source,WorldBank_GFMR,0.9
19.5269_71.2970_2023-01-08_2127_N_VIIRS,19.52692,71.29696,2023-01-08,312.55,1.04,1.0,1.0,-0.61909395,0.78531694,177.42986,176.9897,0.0,0.0,0.0,0.0,0.0,1.0,0.0,0.0,0.0,0.0,0.0,0.0,1.0,13,0.8,1.8,Gas Flare / Persistent Thermal Source,WorldBank_GFMR,0.9
19.5281_71.2981_2023-01-08_2127_N_VIIRS,19.52814,71.29812,2023-01-08,323.92,2.75,1.0,1.0,-0.61909395,0.78531694,177.35754,176.9183,0.0,0.0,0.0,0.0,0.0,1.0,0.0,0.0,0.0,0.0,0.0,0.0,1.0,13,0.8,1.8,Gas Flare / Persistent Thermal Source,WorldBank_GFMR,0.9
19.5318_71.2981_2023-01-08_2127_N_VIIRS,19.53181,71.2981,2023-01-08,309.32,1.04,1.0,1.0,-0.61909395,0.78531694,177.48944,177.05234,0.0,0.0,0.0,0.0,0.0,1.0,0.0,0.0,0.0,0.0,0.0,0.0,1.0,13,0.8,1.8,Gas Flare / Persistent Thermal Source,WorldBank_GFMR,0.9
19.5710_71.3633_2023-01-08_2127_N_VIIRS,19.57103,71.36333,2023-01-08,322.43,3.24,1.0,1.0,-0.61909395,0.78531694,172.52213,172.12125,0.0,0.0,0.0,0.0,0.0,1.0,0.0,0.0,0.0,0.0,0.0,0.0,1.0,13,1.0,2.0,Gas Flare / Persistent Thermal Source,WorldBank_GFMR,0.9
27.5572_96.0388_2023-01-09_0659_N_VIIRS,27.55725,96.03884,2023-01-09,326.11,1.35,1.0,0.0,0.96704596,-0.25460196,1246.2565,1246.9926,0.0,0.0,0.0,0.0,0.0,1.0,0.0,0.0,0.0,0.0,0.0,0.0,1.0,12,1.0,2.0,Gas Flare / Persistent Thermal Source,WorldBank_GFMR,0.9
27.3172_95.2647_2023-01-09_1924_N_VIIRS,27.31717,95.26465,2023-01-09,327.4,3.1,1.0,1.0,-0.9335804,0.35836795,1170.1573,1170.8302,0.0,0.0,0.0,0.0,0.0,1.0,0.0,0.0,0.0,0.0,0.0,0.0,1.0,20,1.0,3.0,Gas Flare / Persistent Thermal Source,WorldBank_GFMR,0.9
27.3252_95.2782_2023-01-09_1924_N_VIIRS,27.32523,95.27824,2023-01-09,295.62,0.09,1.0,1.0,-0.9335804,0.35836795,1171.762,1172.4352,0.0,0.0,0.0,0.0,0.0,1.0,0.0,0.0,0.0,0.0,0.0,0.0,1.0,1,0.2,0.2,Gas Flare / Persistent Thermal Source,WorldBank_GFMR,0.9
27.3401_95.4802_2023-01-09_1924_N_VIIRS,27.34009,95.48021,2023-01-09,295.69,0.4,1.0,1.0,-0.9335804,0.35836795,1188.176,1188.8762,0.0,0.0,0.0,0.0,0.0,1.0,0.0,0.0,0.0,0.0,0.0,0.0,1.0,3,0.6,0.6,Gas Flare / Persistent Thermal Source,WorldBank_GFMR,0.9
27.4683_95.4210_2023-01-09_1924_N_VIIRS,27.46827,95.42096,2023-01-09,298.26,0.41,1.0,1.0,-0.9335804,0.35836795,1192.7803,1193.446,0.0,0.0,0.0,0.0,0.0,1.0,0.0,0.0,0.0,0.0,0.0,0.0,1.0,7,1.0,1.2,Gas Flare / Persistent Thermal Source,WorldBank_GFMR,0.9
27.5571_96.0380_2023-01-09_1924_N_VIIRS,27.55713,96.03796,2023-01-09,310.29,0.87,1.0,1.0,-0.9335804,0.35836795,1246.1802,1246.9161,0.0,0.0,0.0,0.0,0.0,1.0,0.0,0.0,0.0,0.0,0.0,0.0,1.0,12,1.0,2.0,Gas Flare / Persistent Thermal Source,WorldBank_GFMR,0.9
26.0863_93.9507_2023-01-09_1925_N_VIIRS,26.08634,93.95071,2023-01-09,296.42,0.28,1.0,1.0,-0.93200785,0.36243805,982.2983,983.02826,0.0,0.0,0.0,0.0,0.0,1.0,0.0,0.0,0.0,0.0,0.0,0.0,1.0,3,0.4,0.4,Gas Flare / Persistent Thermal Source,WorldBank_GFMR,0.9
26.8107_94.6954_2023-01-09_1925_N_VIIRS,26.81069,94.69535,2023-01-09,295.62,0.33,1.0,1.0,-0.93200785,0.36243805,1090.7798,1091.47,0.0,0.0,0.0,0.0,0.0,1.0,0.0,0.0,0.0,0.0,0.0,0.0,1.0,1,0.2,0.2,Gas Flare / Persistent Thermal Source,WorldBank_GFMR,0.9
16.3600_81.2814_2023-01-09_1928_N_VIIRS,16.36003,81.28144,2023-01-09,300.62,0.23,1.0,1.0,-0.92718387,0.37460658,253.43483,253.15675,0.0,0.0,0.0,0.0,0.0,1.0,0.0,0.0,0.0,0.0,0.0,0.0,1.0,1,0.2,0.2,Gas Flare / Persistent Thermal Source,WorldBank_GFMR,0.9
18.9723_71.6235_2023-01-09_2108_N_VIIRS,18.97227,71.62352,2023-01-09,311.94,0.77,1.0,1.0,-0.6819984,0.7313537,134.08388,133.3257,0.0,0.0,0.0,0.0,0.0,1.0,0.0,0.0,0.0,0.0,0.0,0.0,1.0,2,0.4,0.4,Gas Flare / Persistent Thermal Source,WorldBank_GFMR,0.9
19.2756_71.4254_2023-01-09_2108_N_VIIRS,19.27561,71.42538,2023-01-09,317.6,0.97,1.0,1.0,-0.6819984,0.7313537,157.38123,156.80759,0.0,0.0,0.0,0.0,0.0,1.0,0.0,0.0,0.0,0.0,0.0,0.0,1.0,6,0.8,1.2,Gas Flare / Persistent Thermal Source,WorldBank_GFMR,0.9
19.2793_71.4261_2023-01-09_2108_N_VIIRS,19.27932,71.42613,2023-01-09,310.05,0.97,1.0,1.0,-0.6819984,0.7313537,157.37859,156.80739,0.0,0.0,0.0,0.0,0.0,1.0,0.0,0.0,0.0,0.0,0.0,0.0,1.0,7,0.8,1.4,Gas Flare / Persistent Thermal Source,WorldBank_GFMR,0.9
19.2813_71.4362_2023-01-09_2108_N_VIIRS,19.28135,71.43623,2023-01-09,309.96,0.74,1.0,1.0,-0.6819984,0.7313537,156.37811,155.80934,0.0,0.0,0.0,0.0,0.0,1.0,0.0,0.0,0.0,0.0,0.0,0.0,1.0,5,0.6,1.0,Gas Flare / Persistent Thermal Source,WorldBank_GFMR,0.9
19.3319_72.0207_2023-01-09_2108_N_VIIRS,19.33187,72.02073,2023-01-09,308.24,0.98,1.0,1.0,-0.6819984,0.7313537,98.64387,98.24199,0.0,0.0,0.0,0.0,0.0,1.0,0.0,0.0,0.0,0.0,0.0,0.0,1.0,8,0.6,0.8,Gas Flare / Persistent Thermal Source,WorldBank_GFMR,0.9
19.3705_71.3550_2023-01-09_2108_N_VIIRS,19.37052,71.35504,2023-01-09,322.97,1.26,1.0,1.0,-0.6819984,0.7313537,166.78499,166.26126,0.0,0.0,0.0,0.0,0.0,1.0,0.0,0.0,0.0,0.0,0.0,0.0,1.0,17,1.0,1.6,Gas Flare / Persistent Thermal Source,WorldBank_GFMR,0.9
19.4181_71.3885_2023-01-09_2108_N_VIIRS,19.41806,71.38852,2023-01-09,325.18,1.31,1.0,1.0,-0.6819984,0.7313537,164.70833,164.21883,0.0,0.0,0.0,0.0,0.0,1.0,0.0,0.0,0.0,0.0,0.0,0.0,1.0,5,0.6,0.8,Gas Flare / Persistent Thermal Source,WorldBank_GFMR,0.9
19.5275_71.2979_2023-01-09_2108_N_VIIRS,19.52749,71.29786,2023-01-09,321.9,1.61,1.0,1.0,-0.6819984,0.7313537,177.36046,176.9208,0.0,0.0,0.0,0.0,0.0,1.0,0.0,0.0,0.0,0.0,0.0,0.0,1.0,16,0.8,2.0,Gas Flare / Persistent Thermal Source,WorldBank_GFMR,0.9
19.5312_71.2986_2023-01-09_2108_N_VIIRS,19.53116,71.29859,2023-01-09,308.29,0.66,1.0,1.0,-0.6819984,0.7313537,177.41771,176.98032,0.0,0.0,0.0,0.0,0.0,1.0,0.0,0.0,0.0,0.0,0.0,0.0,1.0,16,0.8,2.0,Gas Flare / Persistent Thermal Source,WorldBank_GFMR,0.9
19.5718_71.3613_2023-01-09_2108_N_VIIRS,19.57177,71.36134,2023-01-09,314.64,1.56,1.0,1.0,-0.6819984,0.7313537,172.74625,172.34538,0.0,0.0,0.0,0.0,0.0,1.0,0.0,0.0,0.0,0.0,0.0,0.0,1.0,14,1.0,1.8,Gas Flare / Persistent Thermal Source,WorldBank_GFMR,0.9
19.5729_71.3641_2023-01-09_2108_N_VIIRS,19.57286,71.36406,2023-01-09,324.09,1.51,1.0,1.0,-0.6819984,0.7313537,172.52281,172.1232,0.0,0.0,0.0,0.0,0.0,1.0,0.0,0.0,0.0,0.0,0.0,0.0,1.0,13,1.0,1.6,Gas Flare / Persistent Thermal Source,WorldBank_GFMR,0.9
27.3192_95.2664_2023-01-10_0640_N_VIIRS,27.31922,95.26643,2023-01-10,337.64,4.18,1.0,0.0,0.9848077,-0.17364818,1170.4386,1171.1112,0.0,0.0,0.0,0.0,0.0,1.0,0.0,0.0,0.0,0.0,0.0,0.0,1.0,21,1.0,2.6,Gas Flare / Persistent Thermal Source,WorldBank_GFMR,0.9
18.9730_71.6240_2023-01-10_0819_N_VIIRS,18.973,71.62396,2023-01-10,330.92,1.6,1.0,0.0,0.8216469,-0.5699968,134.0345,133.27676,0.0,0.0,0.0,0.0,0.0,1.0,0.0,0.0,0.0,0.0,0.0,0.0,1.0,3,0.4,0.4,Gas Flare / Persistent Thermal Source,WorldBank_GFMR,0.9
19.2771_71.4271_2023-01-10_0819_N_VIIRS,19.2771,71.42709,2023-01-10,331.62,3.26,1.0,0.0,0.8216469,-0.5699968,157.2346,156.66211,0.0,0.0,0.0,0.0,0.0,1.0,0.0,0.0,0.0,0.0,0.0,0.0,1.0,9,0.8,1.6,Gas Flare / Persistent Thermal Source,WorldBank_GFMR,0.9
19.2790_71.4269_2023-01-10_0819_N_VIIRS,19.27903,71.42686,2023-01-10,334.31,2.49,1.0,0.0,0.8216469,-0.5699968,157.29738,156.72606,0.0,0.0,0.0,0.0,0.0,1.0,0.0,0.0,0.0,0.0,0.0,0.0,1.0,10,0.8,1.8,Gas Flare / Persistent Thermal Source,WorldBank_GFMR,0.9
19.3481_71.3076_2023-01-10_0819_N_VIIRS,19.34806,71.30759,2023-01-10,331.31,4.42,1.0,0.0,0.8216469,-0.5699968,171.08313,170.53983,0.0,0.0,0.0,0.0,0.0,1.0,0.0,0.0,0.0,0.0,0.0,0.0,1.0,20,0.8,1.8,Gas Flare / Persistent Thermal Source,WorldBank_GFMR,0.9
27.4702_95.4246_2023-01-10_1906_N_VIIRS,27.47016,95.42458,2023-01-10,299.35,0.93,1.0,1.0,-0.95881975,0.28401536,1193.189,1193.8549,0.0,0.0,0.0,0.0,0.0,1.0,0.0,0.0,0.0,0.0,0.0,0.0,1.0,8,1.0,1.0,Gas Flare / Persistent Thermal Source,WorldBank_GFMR,0.9
27.4703_95.4231_2023-01-10_1906_N_VIIRS,27.47032,95.42308,2023-01-10,299.05,0.81,1.0,1.0,-0.95881975,0.28401536,1193.0872,1193.7528,0.0,0.0,0.0,0.0,0.0,1.0,0.0,0.0,0.0,0.0,0.0,0.0,1.0,8,1.0,1.0,Gas Flare / Persistent Thermal Source,WorldBank_GFMR,0.9
18.5828_72.2414_2023-01-10_2049_N_VIIRS,18.58281,72.24142,2023-01-10,314.96,1.35,1.0,1.0,-0.7402181,0.6723668,84.179474,83.131615,0.0,0.0,0.0,0.0,0.0,1.0,0.0,0.0,0.0,0.0,0.0,0.0,1.0,2,0.4,0.4,Gas Flare / Persistent Thermal Source,WorldBank_GFMR,0.9
18.9188_72.0418_2023-01-10_2049_N_VIIRS,18.91884,72.04178,2023-01-10,311.24,0.45,1.0,1.0,-0.7402181,0.6723668,90.67074,89.85247,0.0,0.0,0.0,0.0,0.0,1.0,0.0,0.0,0.0,0.0,0.0,0.0,1.0,0,0.0,0.0,Gas Flare / Persistent Thermal Source,WorldBank_GFMR,0.9
18.9736_71.6252_2023-01-10_2049_N_VIIRS,18.97358,71.62516,2023-01-10,311.01,0.55,1.0,1.0,-0.7402181,0.6723668,133.90594,133.14854,0.0,0.0,0.0,0.0,0.0,1.0,0.0,0.0,0.0,0.0,0.0,0.0,1.0,3,0.4,0.4,Gas Flare / Persistent Thermal Source,WorldBank_GFMR,0.9
18.9742_71.6215_2023-01-10_2049_N_VIIRS,18.97415,71.62151,2023-01-10,312.29,0.73,1.0,1.0,-0.7402181,0.6723668,134.28708,133.53012,0.0,0.0,0.0,0.0,0.0,1.0,0.0,0.0,0.0,0.0,0.0,0.0,1.0,3,0.4,0.4,Gas Flare / Persistent Thermal Source,WorldBank_GFMR,0.9
19.2746_71.4264_2023-01-10_2049_N_VIIRS,19.27459,71.42642,2023-01-10,311.92,0.66,1.0,1.0,-0.7402181,0.6723668,157.25346,156.67929,0.0,0.0,0.0,0.0,0.0,1.0,0.0,0.0,0.0,0.0,0.0,0.0,1.0,8,0.8,1.4,Gas Flare / Persistent Thermal Source,WorldBank_GFMR,0.9
19.2779_71.4270_2023-01-10_2049_N_VIIRS,19.27792,71.42699,2023-01-10,321.31,0.66,1.0,1.0,-0.7402181,0.6723668,157.26147,156.68948,0.0,0.0,0.0,0.0,0.0,1.0,0.0,0.0,0.0,0.0,0.0,0.0,1.0,9,0.8,1.6,Gas Flare / Persistent Thermal Source,WorldBank_GFMR,0.9
19.2835_71.4355_2023-01-10_2049_N_VIIRS,19.28346,71.4355,2023-01-10,327.5,1.8,1.0,1.0,-0.7402181,0.6723668,156.49702,155.9295,0.0,0.0,0.0,0.0,0.0,1.0,0.0,0.0,0.0,0.0,0.0,0.0,1.0,6,0.8,1.2,Gas Flare / Persistent Thermal Source,WorldBank_GFMR,0.9
19.3321_72.0187_2023-01-10_2049_N_VIIRS,19.33214,72.01874,2023-01-10,317.94,0.89,1.0,1.0,-0.7402181,0.6723668,98.84975,98.447395,0.0,0.0,0.0,0.0,0.0,1.0,0.0,0.0,0.0,0.0,0.0,0.0,1.0,9,0.6,0.8,Gas Flare / Persistent Thermal Source,WorldBank_GFMR,0.9
19.3470_71.3099_2023-01-10_2049_N_VIIRS,19.34704,71.30988,2023-01-10,323.07,5.2,1.0,1.0,-0.7402181,0.6723668,170.8243,170.28067,0.0,0.0,0.0,0.0,0.0,1.0,0.0,0.0,0.0,0.0,0.0,0.0,1.0,20,0.8,1.8,Gas Flare / Persistent Thermal Source,WorldBank_GFMR,0.9
19.3476_71.3062_2023-01-10_2049_N_VIIRS,19.34761,71.30617,2023-01-10,326.87,3.03,1.0,1.0,-0.7402181,0.6723668,171.21812,170.6744,0.0,0.0,0.0,0.0,0.0,1.0,0.0,0.0,0.0,0.0,0.0,0.0,1.0,20,0.8,1.8,Gas Flare / Persistent Thermal Source,WorldBank_GFMR,0.9
19.3482_71.3025_2023-01-10_2049_N_VIIRS,19.34817,71.30247,2023-01-10,311.34,3.03,1.0,1.0,-0.7402181,0.6723668,171.6107,171.06683,0.0,0.0,0.0,0.0,0.0,1.0,0.0,0.0,0.0,0.0,0.0,0.0,1.0,20,0.8,1.8,Gas Flare / Persistent Thermal Source,WorldBank_GFMR,0.9
19.3708_71.3556_2023-01-10_2049_N_VIIRS,19.37084,71.35565,2023-01-10,330.0,2.01,1.0,1.0,-0.7402181,0.6723668,166.73105,166.2076,0.0,0.0,0.0,0.0,0.0,1.0,0.0,0.0,0.0,0.0,0.0,0.0,1.0,18,1.0,1.6,Gas Flare / Persistent Thermal Source,WorldBank_GFMR,0.9
19.3714_71.3520_2023-01-10_2049_N_VIIRS,19.37141,71.35195,2023-01-10,319.81,2.01,1.0,1.0,-0.7402181,0.6723668,167.12326,166.59964,0.0,0.0,0.0,0.0,0.0,1.0,0.0,0.0,0.0,0.0,0.0,0.0,1.0,18,1.0,1.6,Gas Flare / Persistent Thermal Source,WorldBank_GFMR,0.9
19.4155_71.3897_2023-01-10_2049_N_VIIRS,19.41554,71.38973,2023-01-10,318.76,0.54,1.0,1.0,-0.7402181,0.6723668,164.51117,164.02031,0.0,0.0,0.0,0.0,0.0,1.0,0.0,0.0,0.0,0.0,0.0,0.0,1.0,6,0.6,0.8,Gas Flare / Persistent Thermal Source,WorldBank_GFMR,0.9
19.4189_71.3903_2023-01-10_2049_N_VIIRS,19.41887,71.3903,2023-01-10,310.0,0.54,1.0,1.0,-0.7402181,0.6723668,164.55267,164.06396,0.0,0.0,0.0,0.0,0.0,1.0,0.0,0.0,0.0,0.0,0.0,0.0,1.0,6,0.6,0.8,Gas Flare / Persistent Thermal Source,WorldBank_GFMR,0.9
19.5276_71.2980_2023-01-10_2049_N_VIIRS,19.52764,71.29798,2023-01-10,324.07,1.22,1.0,1.0,-0.7402181,0.6723668,177.35382,176.91426,0.0,0.0,0.0,0.0,0.0,1.0,0.0,0.0,0.0,0.0,0.0,0.0,1.0,18,0.8,2.2,Gas Flare / Persistent Thermal Source,WorldBank_GFMR,0.9
19.5704_71.3547_2023-01-10_2049_N_VIIRS,19.57037,71.35471,2023-01-10,310.97,0.62,1.0,1.0,-0.7402181,0.6723668,173.34114,172.93802,0.0,0.0,0.0,0.0,0.0,1.0,0.0,0.0,0.0,0.0,0.0,0.0,1.0,11,0.8,1.2,Gas Flare / Persistent Thermal Source,WorldBank_GFMR,0.9
19.5726_71.3627_2023-01-10_2049_N_VIIRS,19.57258,71.36269,2023-01-10,330.3,2.12,1.0,1.0,-0.7402181,0.6723668,172.64594,172.24585,0.0,0.0,0.0,0.0,0.0,1.0,0.0,0.0,0.0,0.0,0.0,0.0,1.0,16,1.0,1.8,Gas Flare / Persistent Thermal Source,WorldBank_GFMR,0.9
26.7844_94.6722_2023-01-11_1847_N_VIIRS,26.7844,94.67216,2023-01-11,295.77,0.65,1.0,1.0,-0.97904545,0.20364176,1087.1389,1087.8312,0.0,0.0,0.0,0.0,0.0,1.0,0.0,0.0,0.0,0.0,0.0,0.0,1.0,0,0.0,0.0,Gas Flare / Persistent Thermal Source,WorldBank_GFMR,0.9
26.7849_94.6694_2023-01-11_1847_N_VIIRS,26.78486,94.6694,2023-01-11,300.15,0.61,1.0,1.0,-0.97904545,0.20364176,1086.9615,1087.6532,0.0,0.0,0.0,0.0,0.0,1.0,0.0,0.0,0.0,0.0,0.0,0.0,1.0,0,0.0,0.0,Gas Flare / Persistent Thermal Source,WorldBank_GFMR,0.9
26.8091_94.6931_2023-01-11_1847_N_VIIRS,26.80909,94.69308,2023-01-11,297.58,0.41,1.0,1.0,-0.97904545,0.20364176,1090.4928,1091.183,0.0,0.0,0.0,0.0,0.0,1.0,0.0,0.0,0.0,0.0,0.0,0.0,1.0,2,0.2,0.2,Gas Flare / Persistent Thermal Source,WorldBank_GFMR,0.9
27.3186_95.2641_2023-01-11_1847_N_VIIRS,27.31856,95.26412,2023-01-11,325.62,3.0,1.0,1.0,-0.97904545,0.20364176,1170.2166,1170.889,0.0,0.0,0.0,0.0,0.0,1.0,0.0,0.0,0.0,0.0,0.0,0.0,1.0,22,1.0,2.2,Gas Flare / Persistent Thermal Source,WorldBank_GFMR,0.9
27.5332_95.4004_2023-01-11_1847_N_VIIRS,27.53325,95.40039,2023-01-11,302.43,0.61,1.0,1.0,-0.97904545,0.20364176,1195.8981,1196.5479,0.0,0.0,0.0,0.0,0.0,1.0,0.0,0.0,0.0,0.0,0.0,0.0,1.0,1,0.2,0.2,Gas Flare / Persistent Thermal Source,WorldBank_GFMR,0.9
27.5587_96.0392_2023-01-11_1847_N_VIIRS,27.55867,96.0392,2023-01-11,302.78,1.08,1.0,1.0,-0.97904545,0.20364176,1246.3822,1247.1182,0.0,0.0,0.0,0.0,0.0,1.0,0.0,0.0,0.0,0.0,0.0,0.0,1.0,14,0.8,2.0,Gas Flare / Persistent Thermal Source,WorldBank_GFMR,0.9
18.8046_74.2582_2023-01-11_2030_N_VIIRS,18.80464,74.25819,2023-01-11,308.03,1.04,1.0,1.0,-0.7933533,0.6087614,144.98233,145.58914,0.0,0.0,0.0,0.0,0.0,1.0,0.0,0.0,0.0,0.0,0.0,0.0,1.0,1,0.2,0.2,Gas Flare / Persistent Thermal Source,WorldBank_GFMR,0.9
19.2762_71.4245_2023-01-11_2030_N_VIIRS,19.27623,71.42448,2023-01-11,316.44,1.0,1.0,1.0,-0.7933533,0.6087614,157.48656,156.91322,0.0,0.0,0.0,0.0,0.0,1.0,0.0,0.0,0.0,0.0,0.0,0.0,1.0,12,0.8,2.0,Gas Flare / Persistent Thermal Source,WorldBank_GFMR,0.9
19.2788_71.4239_2023-01-11_2030_N_VIIRS,19.27879,71.42387,2023-01-11,314.05,1.36,1.0,1.0,-0.7933533,0.6087614,157.60109,157.02928,0.0,0.0,0.0,0.0,0.0,1.0,0.0,0.0,0.0,0.0,0.0,0.0,1.0,12,0.8,2.0,Gas Flare / Persistent Thermal Source,WorldBank_GFMR,0.9
19.2815_71.4361_2023-01-11_2030_N_VIIRS,19.28148,71.43614,2023-01-11,323.29,1.59,1.0,1.0,-0.7933533,0.6087614,156.39008,155.82137,0.0,0.0,0.0,0.0,0.0,1.0,0.0,0.0,0.0,0.0,0.0,0.0,1.0,7,0.8,1.2,Gas Flare / Persistent Thermal Source,WorldBank_GFMR,0.9
19.2830_71.4373_2023-01-11_2030_N_VIIRS,19.28296,71.43729,2023-01-11,310.84,0.86,1.0,1.0,-0.7933533,0.6087614,156.30208,155.73445,0.0,0.0,0.0,0.0,0.0,1.0,0.0,0.0,0.0,0.0,0.0,0.0,1.0,6,0.8,1.0,Gas Flare / Persistent Thermal Source,WorldBank_GFMR,0.9
19.2835_71.4334_2023-01-11_2030_N_VIIRS,19.28346,71.43342,2023-01-11,313.06,0.86,1.0,1.0,-0.7933533,0.6087614,156.7115,156.14374,0.0,0.0,0.0,0.0,0.0,1.0,0.0,0.0,0.0,0.0,0.0,0.0,1.0,12,0.8,2.0,Gas Flare / Persistent Thermal Source,WorldBank_GFMR,0.9
19.3318_72.0206_2023-01-11_2030_N_VIIRS,19.33179,72.02061,2023-01-11,314.89,1.22,1.0,1.0,-0.7933533,0.6087614,98.65249,98.25047,0.0,0.0,0.0,0.0,0.0,1.0,0.0,0.0,0.0,0.0,0.0,0.0,1.0,10,0.6,0.6,Gas Flare / Persistent Thermal Source,WorldBank_GFMR,0.9
19.3477_71.3097_2023-01-11_2030_N_VIIRS,19.34774,71.30974,2023-01-11,330.43,2.5,1.0,1.0,-0.7933533,0.6087614,170.85515,170.3119,0.0,0.0,0.0,0.0,0.0,1.0,0.0,0.0,0.0,0.0,0.0,0.0,1.0,24,0.8,2.0,Gas Flare / Persistent Thermal Source,WorldBank_GFMR,0.9
19.3482_71.3058_2023-01-11_2030_N_VIIRS,19.34823,71.30577,2023-01-11,326.1,2.5,1.0,1.0,-0.7933533,0.6087614,171.27374,170.73032,0.0,0.0,0.0,0.0,0.0,1.0,0.0,0.0,0.0,0.0,0.0,0.0,1.0,24,0.8,2.0,Gas Flare / Persistent Thermal Source,WorldBank_GFMR,0.9
19.3718_71.3534_2023-01-11_2030_N_VIIRS,19.3718,71.35339,2023-01-11,320.67,1.45,1.0,1.0,-0.7933533,0.6087614,166.98648,166.46329,0.0,0.0,0.0,0.0,0.0,1.0,0.0,0.0,0.0,0.0,0.0,0.0,1.0,20,1.0,1.8,Gas Flare / Persistent Thermal Source,WorldBank_GFMR,0.9
19.5296_71.2974_2023-01-11_2030_N_VIIRS,19.52955,71.29736,2023-01-11,317.15,1.56,1.0,1.0,-0.7933533,0.6087614,177.48286,177.04431,0.0,0.0,0.0,0.0,0.0,1.0,0.0,0.0,0.0,0.0,0.0,0.0,1.0,19,0.8,1.8,Gas Flare / Persistent Thermal Source,WorldBank_GFMR,0.9
19.5721_71.3642_2023-01-11_2030_N_VIIRS,19.57209,71.36418,2023-01-11,326.83,2.51,1.0,1.0,-0.7933533,0.6087614,172.48065,172.0806,0.0,0.0,0.0,0.0,0.0,1.0,0.0,0.0,0.0,0.0,0.0,0.0,1.0,16,1.0,1.4,Gas Flare / Persistent Thermal Source,WorldBank_GFMR,0.9
15.9628_80.9385_2023-01-11_2031_N_VIIRS,15.9628,80.93848,2023-01-11,301.82,0.44,1.0,1.0,-0.7906896,0.6122173,309.35535,309.16702,0.0,0.0,0.0,0.0,0.0,1.0,0.0,0.0,0.0,0.0,0.0,0.0,1.0,0,0.0,0.0,Gas Flare / Persistent Thermal Source,WorldBank_GFMR,0.9
18.7046_72.3432_2023-01-11_2031_N_VIIRS,18.70456,72.34317,2023-01-11,310.33,1.28,1.0,1.0,-0.7906896,0.6122173,67.82358,66.79508,0.0,0.0,0.0,0.0,0.0,1.0,0.0,0.0,0.0,0.0,0.0,0.0,1.0,0,0.0,0.0,Gas Flare / Persistent Thermal Source,WorldBank_GFMR,0.9
27.3185_95.2662_2023-01-12_0602_N_VIIRS,27.31853,95.26621,2023-01-12,339.18,3.53,1.0,0.0,0.9999619,-0.008726535,1170.3727,1171.0454,0.0,0.0,0.0,0.0,0.0,1.0,0.0,0.0,0.0,0.0,0.0,0.0,1.0,23,1.0,1.6,Gas Flare / Persistent Thermal Source,WorldBank_GFMR,0.9
19.3469_71.3075_2023-01-12_0742_N_VIIRS,19.34692,71.30753,2023-01-12,367.0,13.92,2.0,0.0,0.90258527,-0.4305111,171.06245,170.51846,0.0,0.0,0.0,0.0,0.0,1.0,0.0,0.0,0.0,0.0,0.0,0.0,1.0,26,0.8,1.8,Gas Flare / Persistent Thermal Source,WorldBank_GFMR,0.9
19.3480_71.3123_2023-01-12_0742_N_VIIRS,19.34799,71.31231,2023-01-12,333.64,11.95,1.0,0.0,0.90258527,-0.4305111,170.59756,170.0548,0.0,0.0,0.0,0.0,0.0,1.0,0.0,0.0,0.0,0.0,0.0,0.0,1.0,22,0.8,1.4,Gas Flare / Persistent Thermal Source,WorldBank_GFMR,0.9
26.0661_93.9303_2023-01-12_0743_N_VIIRS,26.0661,93.93034,2023-01-12,326.65,1.56,1.0,0.0,0.90069824,-0.43444526,979.2974,980.02875,0.0,0.0,0.0,0.0,0.0,1.0,0.0,0.0,0.0,0.0,0.0,0.0,1.0,2,0.0,0.0,Gas Flare / Persistent Thermal Source,WorldBank_GFMR,0.9
19.3437_71.3109_2023-01-12_0922_N_VIIRS,19.34367,71.31086,2023-01-12,367.0,14.95,2.0,0.0,0.63607824,-0.77162457,170.64484,170.09935,0.0,0.0,0.0,0.0,0.0,1.0,0.0,0.0,0.0,0.0,0.0,0.0,1.0,24,0.8,1.4,Gas Flare / Persistent Thermal Source,WorldBank_GFMR,0.9
19.3442_71.3056_2023-01-12_0922_N_VIIRS,19.34424,71.3056,2023-01-12,332.4,18.28,1.0,0.0,0.63607824,-0.77162457,171.19774,170.65195,0.0,0.0,0.0,0.0,0.0,1.0,0.0,0.0,0.0,0.0,0.0,0.0,1.0,26,0.8,1.8,Gas Flare / Persistent Thermal Source,WorldBank_GFMR,0.9
19.3448_71.3121_2023-01-12_0922_N_VIIRS,19.34477,71.31212,2023-01-12,367.0,18.28,2.0,0.0,0.63607824,-0.77162457,170.54129,169.9966,0.0,0.0,0.0,0.0,0.0,1.0,0.0,0.0,0.0,0.0,0.0,0.0,1.0,21,0.8,1.4,Gas Flare / Persistent Thermal Source,WorldBank_GFMR,0.9
27.3165_95.2622_2023-01-12_1828_N_VIIRS,27.31655,95.26217,2023-01-12,303.68,2.5,1.0,1.0,-0.99254614,0.12186934,1169.9253,1170.5979,0.0,0.0,0.0,0.0,0.0,1.0,0.0,0.0,0.0,0.0,0.0,0.0,1.0,23,1.0,1.6,Gas Flare / Persistent Thermal Source,WorldBank_GFMR,0.9
27.3193_95.2641_2023-01-12_1828_N_VIIRS,27.3193,95.26408,2023-01-12,309.04,1.19,1.0,1.0,-0.99254614,0.12186934,1170.2665,1170.9387,0.0,0.0,0.0,0.0,0.0,1.0,0.0,0.0,0.0,0.0,0.0,0.0,1.0,23,1.0,1.6,Gas Flare / Persistent Thermal Source,WorldBank_GFMR,0.9
27.5595_96.0390_2023-01-12_1828_N_VIIRS,27.5595,96.03904,2023-01-12,296.34,1.98,1.0,1.0,-0.99254614,0.12186934,1246.4271,1247.1628,0.0,0.0,0.0,0.0,0.0,1.0,0.0,0.0,0.0,0.0,0.0,0.0,1.0,15,0.8,1.4,Gas Flare / Persistent Thermal Source,WorldBank_GFMR,0.9
27.5562_96.0372_2023-01-12_2008_N_VIIRS,27.55622,96.03718,2023-01-12,299.72,0.77,1.0,1.0,-0.8480481,0.52991927,1246.057,1246.7932,0.0,0.0,0.0,0.0,0.0,1.0,0.0,0.0,0.0,0.0,0.0,0.0,1.0,15,0.8,1.4,Gas Flare / Persistent Thermal Source,WorldBank_GFMR,0.9
19.2797_71.4334_2023-01-12_2012_N_VIIRS,19.27969,71.43342,2023-01-12,307.12,0.65,1.0,1.0,-0.83867055,0.54463905,156.63393,156.06377,0.0,0.0,0.0,0.0,0.0,1.0,0.0,0.0,0.0,0.0,0.0,0.0,1.0,19,0.8,2.8,Gas Flare / Persistent Thermal Source,WorldBank_GFMR,0.9
19.2853_71.4341_2023-01-12_2012_N_VIIRS,19.28532,71.43409,2023-01-12,311.9,0.65,1.0,1.0,-0.83867055,0.54463905,156.6811,156.11461,0.0,0.0,0.0,0.0,0.0,1.0,0.0,0.0,0.0,0.0,0.0,0.0,1.0,10,0.8,1.6,Gas Flare / Persistent Thermal Source,WorldBank_GFMR,0.9
19.3680_71.3504_2023-01-12_2012_N_VIIRS,19.36801,71.35043,2023-01-12,310.95,1.31,1.0,1.0,-0.83867055,0.54463905,167.19081,166.66492,0.0,0.0,0.0,0.0,0.0,1.0,0.0,0.0,0.0,0.0,0.0,0.0,1.0,21,1.0,1.6,Gas Flare / Persistent Thermal Source,WorldBank_GFMR,0.9
19.5723_71.3620_2023-01-12_2012_N_VIIRS,19.57228,71.36205,2023-01-12,320.45,1.84,1.0,1.0,-0.83867055,0.54463905,172.6968,172.29639,0.0,0.0,0.0,0.0,0.0,1.0,0.0,0.0,0.0,0.0,0.0,0.0,1.0,19,1.0,1.6,Gas Flare / Persistent Thermal Source,WorldBank_GFMR,0.9
27.0344_69.7149_2023-01-12_2150_N_VIIRS,27.03438,69.71493,2023-01-12,308.66,0.97,1.0,1.0,-0.53729963,0.8433914,508.63608,506.6171,0.0,0.0,0.0,0.0,0.0,1.0,0.0,0.0,0.0,0.0,0.0,0.0,1.0,0,0.0,0.0,Gas Flare / Persistent Thermal Source,WorldBank_GFMR,0.9
19.5721_71.3602_2023-01-12_2152_N_VIIRS,19.57205,71.36016,2023-01-12,305.74,3.09,1.0,1.0,-0.52991927,0.8480481,172.8729,172.47194,0.0,0.0,0.0,0.0,0.0,1.0,0.0,0.0,0.0,0.0,0.0,0.0,1.0,19,1.0,1.6,Gas Flare / Persistent Thermal Source,WorldBank_GFMR,0.9
23.7745_85.8401_2023-01-13_1951_N_VIIRS,23.77449,85.84005,2023-01-13,296.28,0.29,1.0,1.0,-0.88498765,0.46561453,323.0194,320.77057,0.0,0.0,0.0,0.0,0.0,1.0,0.0,0.0,0.0,0.0,0.0,0.0,1.0,1,0.0,0.0,Gas Flare / Persistent Thermal Source,WorldBank_GFMR,0.9
19.2735_71.4266_2023-01-13_2133_N_VIIRS,19.27352,71.42657,2023-01-13,304.81,0.79,1.0,1.0,-0.5983246,0.8012538,157.21666,156.64185,0.0,0.0,0.0,0.0,0.0,1.0,0.0,0.0,0.0,0.0,0.0,0.0,1.0,15,1.0,2.4,Gas Flare / Persistent Thermal Source,WorldBank_GFMR,0.9
19.2790_71.4279_2023-01-13_2133_N_VIIRS,19.27898,71.4279,2023-01-13,315.61,0.79,1.0,1.0,-0.5983246,0.8012538,157.18904,156.61781,0.0,0.0,0.0,0.0,0.0,1.0,0.0,0.0,0.0,0.0,0.0,0.0,1.0,24,1.0,3.8,Gas Flare / Persistent Thermal Source,WorldBank_GFMR,0.9
19.2798_71.4241_2023-01-13_2133_N_VIIRS,19.27981,71.4241,2023-01-13,305.39,0.79,1.0,1.0,-0.5983246,0.8012538,157.59802,157.0269,0.0,0.0,0.0,0.0,0.0,1.0,0.0,0.0,0.0,0.0,0.0,0.0,1.0,15,1.0,2.4,Gas Flare / Persistent Thermal Source,WorldBank_GFMR,0.9
19.2828_71.4368_2023-01-13_2133_N_VIIRS,19.2828,71.43683,2023-01-13,321.12,1.45,1.0,1.0,-0.5983246,0.8012538,156.34619,155.77841,0.0,0.0,0.0,0.0,0.0,1.0,0.0,0.0,0.0,0.0,0.0,0.0,1.0,12,1.0,2.0,Gas Flare / Persistent Thermal Source,WorldBank_GFMR,0.9
19.3694_71.3545_2023-01-13_2133_N_VIIRS,19.36935,71.35454,2023-01-13,322.52,1.79,1.0,1.0,-0.5983246,0.8012538,166.80579,166.28127,0.0,0.0,0.0,0.0,0.0,1.0,0.0,0.0,0.0,0.0,0.0,0.0,1.0,22,1.0,1.4,Gas Flare / Persistent Thermal Source,WorldBank_GFMR,0.9
19.4185_71.3888_2023-01-13_2133_N_VIIRS,19.41855,71.38876,2023-01-13,312.32,1.16,1.0,1.0,-0.5983246,0.8012538,164.69868,164.20953,0.0,0.0,0.0,0.0,0.0,1.0,0.0,0.0,0.0,0.0,0.0,0.0,1.0,8,0.6,1.0,Gas Flare / Persistent Thermal Source,WorldBank_GFMR,0.9
19.5727_71.3628_2023-01-13_2133_N_VIIRS,19.57269,71.36285,2023-01-13,322.17,2.03,1.0,1.0,-0.5983246,0.8012538,172.63461,172.23462,0.0,0.0,0.0,0.0,0.0,1.0,0.0,0.0,0.0,0.0,0.0,0.0,1.0,21,1.0,1.6,Gas Flare / Persistent Thermal Source,WorldBank_GFMR,0.9
27.3175_95.2663_2023-01-14_0705_N_VIIRS,27.31749,95.26626,2023-01-14,329.01,3.65,1.0,0.0,0.96004987,-0.27982903,1170.3021,1170.9751,0.0,0.0,0.0,0.0,0.0,1.0,0.0,0.0,0.0,0.0,0.0,0.0,1.0,26,0.8,1.2,Gas Flare / Persistent Thermal Source,WorldBank_GFMR,0.9
19.3474_71.3084_2023-01-14_0844_N_VIIRS,19.34742,71.30837,2023-01-14,333.53,3.36,1.0,0.0,0.7547096,-0.656059,170.98807,170.44449,0.0,0.0,0.0,0.0,0.0,1.0,0.0,0.0,0.0,0.0,0.0,0.0,1.0,31,0.6,2.2,Gas Flare / Persistent Thermal Source,WorldBank_GFMR,0.9
19.5270_71.3006_2023-01-14_0844_N_VIIRS,19.52697,71.30062,2023-01-14,332.21,3.73,1.0,0.0,0.7547096,-0.656059,177.0678,176.62836,0.0,0.0,0.0,0.0,0.0,1.0,0.0,0.0,0.0,0.0,0.0,0.0,1.0,20,0.6,0.8,Gas Flare / Persistent Thermal Source,WorldBank_GFMR,0.9
19.5691_71.3583_2023-01-14_0844_N_VIIRS,19.56909,71.35833,2023-01-14,331.22,19.17,1.0,0.0,0.7547096,-0.656059,172.93605,172.53293,0.0,0.0,0.0,0.0,0.0,1.0,0.0,0.0,0.0,0.0,0.0,0.0,1.0,22,1.0,1.6,Gas Flare / Persistent Thermal Source,WorldBank_GFMR,0.9
23.7762_85.8376_2023-01-14_1932_N_VIIRS,23.77621,85.83761,2023-01-14,295.86,0.26,1.0,1.0,-0.92050487,0.39073113,322.74838,320.4978,0.0,0.0,0.0,0.0,0.0,1.0,0.0,0.0,0.0,0.0,0.0,0.0,1.0,2,0.2,0.2,Gas Flare / Persistent Thermal Source,WorldBank_GFMR,0.9
19.1775_70.9466_2023-01-14_2114_N_VIIRS,19.17748,70.94656,2023-01-14,315.93,1.31,1.0,1.0,-0.66262007,0.7489557,205.84259,205.18423,0.0,0.0,0.0,0.0,0.0,1.0,0.0,0.0,0.0,0.0,0.0,0.0,1.0,6,0.0,0.0,Gas Flare / Persistent Thermal Source,WorldBank_GFMR,0.9
19.2765_71.4275_2023-01-14_2114_N_VIIRS,19.27648,71.42754,2023-01-14,308.8,0.76,1.0,1.0,-0.66262007,0.7489557,157.17567,156.60283,0.0,0.0,0.0,0.0,0.0,1.0,0.0,0.0,0.0,0.0,0.0,0.0,1.0,20,1.0,2.6,Gas Flare / Persistent Thermal Source,WorldBank_GFMR,0.9
19.2772_71.4237_2023-01-14_2114_N_VIIRS,19.2772,71.42373,2023-01-14,316.15,1.08,1.0,1.0,-0.66262007,0.7489557,157.58347,157.01065,0.0,0.0,0.0,0.0,0.0,1.0,0.0,0.0,0.0,0.0,0.0,0.0,1.0,17,0.8,2.2,Gas Flare / Persistent Thermal Source,WorldBank_GFMR,0.9
19.2832_71.4369_2023-01-14_2114_N_VIIRS,19.28318,71.43687,2023-01-14,323.72,0.99,1.0,1.0,-0.66262007,0.7489557,156.34995,155.78241,0.0,0.0,0.0,0.0,0.0,1.0,0.0,0.0,0.0,0.0,0.0,0.0,1.0,12,1.0,1.6,Gas Flare / Persistent Thermal Source,WorldBank_GFMR,0.9
19.3339_72.0195_2023-01-14_2114_N_VIIRS,19.33386,72.01952,2023-01-14,313.2,0.75,1.0,1.0,-0.66262007,0.7489557,98.84122,98.440956,0.0,0.0,0.0,0.0,0.0,1.0,0.0,0.0,0.0,0.0,0.0,0.0,1.0,11,0.6,0.6,Gas Flare / Persistent Thermal Source,WorldBank_GFMR,0.9
19.3456_71.3046_2023-01-14_2114_N_VIIRS,19.34562,71.30464,2023-01-14,346.27,6.11,1.0,1.0,-0.66262007,0.7489557,171.3284,170.7833,0.0,0.0,0.0,0.0,0.0,1.0,0.0,0.0,0.0,0.0,0.0,0.0,1.0,31,0.6,2.2,Gas Flare / Persistent Thermal Source,WorldBank_GFMR,0.9
19.3461_71.3040_2023-01-14_2114_N_VIIRS,19.34614,71.30399,2023-01-14,341.73,3.74,1.0,1.0,-0.66262007,0.7489557,171.40723,170.86235,0.0,0.0,0.0,0.0,0.0,1.0,0.0,0.0,0.0,0.0,0.0,0.0,1.0,31,0.6,2.2,Gas Flare / Persistent Thermal Source,WorldBank_GFMR,0.9
19.3698_71.3557_2023-01-14_2114_N_VIIRS,19.36983,71.35572,2023-01-14,337.12,4.73,1.0,1.0,-0.66262007,0.7489557,166.69777,166.1737,0.0,0.0,0.0,0.0,0.0,1.0,0.0,0.0,0.0,0.0,0.0,0.0,1.0,23,1.0,1.2,Gas Flare / Persistent Thermal Source,WorldBank_GFMR,0.9
19.3705_71.3520_2023-01-14_2114_N_VIIRS,19.37054,71.35195,2023-01-14,338.93,4.73,1.0,1.0,-0.66262007,0.7489557,167.10077,166.57661,0.0,0.0,0.0,0.0,0.0,1.0,0.0,0.0,0.0,0.0,0.0,0.0,1.0,23,1.0,1.2,Gas Flare / Persistent Thermal Source,WorldBank_GFMR,0.9
19.4181_71.3894_2023-01-14_2114_N_VIIRS,19.41811,71.38938,2023-01-14,325.89,1.1,1.0,1.0,-0.66262007,0.7489557,164.62294,164.1336,0.0,0.0,0.0,0.0,0.0,1.0,0.0,0.0,0.0,0.0,0.0,0.0,1.0,9,0.6,0.8,Gas Flare / Persistent Thermal Source,WorldBank_GFMR,0.9
19.5740_71.3626_2023-01-14_2114_N_VIIRS,19.57397,71.36263,2023-01-14,323.09,2.17,1.0,1.0,-0.66262007,0.7489557,172.70673,172.30746,0.0,0.0,0.0,0.0,0.0,1.0,0.0,0.0,0.0,0.0,0.0,0.0,1.0,21,1.0,1.6,Gas Flare / Persistent Thermal Source,WorldBank_GFMR,0.9
18.5858_71.0315_2023-01-14_2115_N_VIIRS,18.5858,71.03147,2023-01-14,312.04,1.02,1.0,1.0,-0.6593458,0.7518398,202.18709,201.29218,0.0,0.0,0.0,0.0,0.0,1.0,0.0,0.0,0.0,0.0,0.0,0.0,1.0,1,0.0,0.0,Gas Flare / Persistent Thermal Source,WorldBank_GFMR,0.9
19.2767_71.4277_2023-01-15_0825_N_VIIRS,19.27665,71.42769,2023-01-15,331.33,5.39,1.0,0.0,0.8064446,-0.59130967,157.1636,156.5909,0.0,0.0,0.0,0.0,0.0,1.0,0.0,0.0,0.0,0.0,0.0,0.0,1.0,22,1.0,2.6,Gas Flare / Persistent Thermal Source,WorldBank_GFMR,0.9
19.3470_71.3100_2023-01-15_0825_N_VIIRS,19.34696,71.30995,2023-01-15,343.26,6.33,1.0,0.0,0.8064446,-0.59130967,170.81523,170.27158,0.0,0.0,0.0,0.0,0.0,1.0,0.0,0.0,0.0,0.0,0.0,0.0,1.0,34,0.8,2.8,Gas Flare / Persistent Thermal Source,WorldBank_GFMR,0.9
19.5721_71.3645_2023-01-15_0826_N_VIIRS,19.57208,71.36446,2023-01-15,331.03,2.09,1.0,0.0,0.80385685,-0.59482276,172.45284,172.05283,0.0,0.0,0.0,0.0,0.0,1.0,0.0,0.0,0.0,0.0,0.0,0.0,1.0,22,1.0,1.4,Gas Flare / Persistent Thermal Source,WorldBank_GFMR,0.9
18.8034_74.2586_2023-01-15_2056_N_VIIRS,18.80342,74.2586,2023-01-15,301.8,1.05,1.0,1.0,-0.7193398,0.6946584,145.04735,145.65338,0.0,0.0,0.0,0.0,0.0,1.0,0.0,0.0,0.0,0.0,0.0,0.0,1.0,2,0.2,0.2,Gas Flare / Persistent Thermal Source,WorldBank_GFMR,0.9
18.8041_74.2611_2023-01-15_2056_N_VIIRS,18.80411,74.26108,2023-01-15,302.9,1.24,1.0,1.0,-0.7193398,0.6946584,145.29208,145.89885,0.0,0.0,0.0,0.0,0.0,1.0,0.0,0.0,0.0,0.0,0.0,0.0,1.0,2,0.2,0.2,Gas Flare / Persistent Thermal Source,WorldBank_GFMR,0.9
18.9732_71.6216_2023-01-15_2056_N_VIIRS,18.97319,71.62156,2023-01-15,307.53,0.63,1.0,1.0,-0.7193398,0.6946584,134.28587,133.5283,0.0,0.0,0.0,0.0,0.0,1.0,0.0,0.0,0.0,0.0,0.0,0.0,1.0,6,0.2,0.6,Gas Flare / Persistent Thermal Source,WorldBank_GFMR,0.9
19.1775_70.9453_2023-01-15_2056_N_VIIRS,19.17751,70.94534,2023-01-15,318.83,0.96,1.0,1.0,-0.7193398,0.6946584,205.97057,205.31218,0.0,0.0,0.0,0.0,0.0,1.0,0.0,0.0,0.0,0.0,0.0,0.0,1.0,7,0.2,0.2,Gas Flare / Persistent Thermal Source,WorldBank_GFMR,0.9
19.2770_71.4251_2023-01-15_2056_N_VIIRS,19.27697,71.42512,2023-01-15,318.43,0.82,1.0,1.0,-0.7193398,0.6946584,157.43535,156.86255,0.0,0.0,0.0,0.0,0.0,1.0,0.0,0.0,0.0,0.0,0.0,0.0,1.0,20,1.0,2.4,Gas Flare / Persistent Thermal Source,WorldBank_GFMR,0.9
19.2803_71.4257_2023-01-15_2056_N_VIIRS,19.28029,71.42572,2023-01-15,307.34,0.82,1.0,1.0,-0.7193398,0.6946584,157.44063,156.86998,0.0,0.0,0.0,0.0,0.0,1.0,0.0,0.0,0.0,0.0,0.0,0.0,1.0,21,1.0,2.6,Gas Flare / Persistent Thermal Source,WorldBank_GFMR,0.9
19.2812_71.4368_2023-01-15_2056_N_VIIRS,19.28121,71.43677,2023-01-15,318.39,0.74,1.0,1.0,-0.7193398,0.6946584,156.31953,155.75073,0.0,0.0,0.0,0.0,0.0,1.0,0.0,0.0,0.0,0.0,0.0,0.0,1.0,15,1.0,1.8,Gas Flare / Persistent Thermal Source,WorldBank_GFMR,0.9
19.2845_71.4374_2023-01-15_2056_N_VIIRS,19.28453,71.43736,2023-01-15,315.69,0.74,1.0,1.0,-0.7193398,0.6946584,156.32751,155.7609,0.0,0.0,0.0,0.0,0.0,1.0,0.0,0.0,0.0,0.0,0.0,0.0,1.0,13,1.0,1.6,Gas Flare / Persistent Thermal Source,WorldBank_GFMR,0.9
19.3464_71.3087_2023-01-15_2056_N_VIIRS,19.34638,71.30868,2023-01-15,322.92,1.25,1.0,1.0,-0.7193398,0.6946584,170.93184,170.38768,0.0,0.0,0.0,0.0,0.0,1.0,0.0,0.0,0.0,0.0,0.0,0.0,1.0,34,0.8,2.8,Gas Flare / Persistent Thermal Source,WorldBank_GFMR,0.9
19.3697_71.3544_2023-01-15_2056_N_VIIRS,19.36974,71.35437,2023-01-15,325.25,1.65,1.0,1.0,-0.7193398,0.6946584,166.83319,166.3089,0.0,0.0,0.0,0.0,0.0,1.0,0.0,0.0,0.0,0.0,0.0,0.0,1.0,25,1.0,1.4,Gas Flare / Persistent Thermal Source,WorldBank_GFMR,0.9
19.4178_71.3888_2023-01-15_2056_N_VIIRS,19.41783,71.38882,2023-01-15,330.03,1.62,1.0,1.0,-0.7193398,0.6946584,164.67117,164.18158,0.0,0.0,0.0,0.0,0.0,1.0,0.0,0.0,0.0,0.0,0.0,0.0,1.0,10,0.6,0.8,Gas Flare / Persistent Thermal Source,WorldBank_GFMR,0.9
19.5275_71.2985_2023-01-15_2056_N_VIIRS,19.52749,71.29854,2023-01-15,306.58,0.4,1.0,1.0,-0.7193398,0.6946584,177.29286,176.85333,0.0,0.0,0.0,0.0,0.0,1.0,0.0,0.0,0.0,0.0,0.0,0.0,1.0,21,0.6,0.6,Gas Flare / Persistent Thermal Source,WorldBank_GFMR,0.9
19.5308_71.2991_2023-01-15_2056_N_VIIRS,19.53081,71.29913,2023-01-15,306.48,0.4,1.0,1.0,-0.7193398,0.6946584,177.35165,176.91415,0.0,0.0,0.0,0.0,0.0,1.0,0.0,0.0,0.0,0.0,0.0,0.0,1.0,21,0.6,0.6,Gas Flare / Persistent Thermal Source,WorldBank_GFMR,0.9
19.5695_71.3551_2023-01-15_2056_N_VIIRS,19.56955,71.35513,2023-01-15,314.11,0.63,1.0,1.0,-0.7193398,0.6946584,173.26787,172.86435,0.0,0.0,0.0,0.0,0.0,1.0,0.0,0.0,0.0,0.0,0.0,0.0,1.0,20,1.0,1.6,Gas Flare / Persistent Thermal Source,WorldBank_GFMR,0.9
19.5717_71.3631_2023-01-15_2056_N_VIIRS,19.57169,71.36307,2023-01-15,330.63,2.1,1.0,1.0,-0.7193398,0.6946584,172.57361,172.17307,0.0,0.0,0.0,0.0,0.0,1.0,0.0,0.0,0.0,0.0,0.0,0.0,1.0,24,1.0,1.6,Gas Flare / Persistent Thermal Source,WorldBank_GFMR,0.9
19.3455_71.3042_2023-01-16_0807_N_VIIRS,19.3455,71.30422,2023-01-16,340.92,5.43,1.0,0.0,0.8503522,-0.52621394,171.36868,170.82346,0.0,0.0,0.0,0.0,0.0,1.0,0.0,0.0,0.0,0.0,0.0,0.0,1.0,36,0.8,2.4,Gas Flare / Persistent Thermal Source,WorldBank_GFMR,0.9
19.3462_71.3080_2023-01-16_0807_N_VIIRS,19.3462,71.30801,2023-01-16,339.58,9.92,1.0,0.0,0.8503522,-0.52621394,170.99632,170.45198,0.0,0.0,0.0,0.0,0.0,1.0,0.0,0.0,0.0,0.0,0.0,0.0,1.0,36,0.8,2.4,Gas Flare / Persistent Thermal Source,WorldBank_GFMR,0.9
27.3173_95.2655_2023-01-16_1853_N_VIIRS,27.31734,95.2655,2023-01-16,313.48,2.06,1.0,1.0,-0.97337925,0.2292004,1170.2339,1170.9067,0.0,0.0,0.0,0.0,0.0,1.0,0.0,0.0,0.0,0.0,0.0,0.0,1.0,27,0.6,1.0,Gas Flare / Persistent Thermal Source,WorldBank_GFMR,0.9
27.4688_95.4200_2023-01-16_1853_N_VIIRS,27.46875,95.42,2023-01-16,296.42,1.18,1.0,1.0,-0.97337925,0.2292004,1192.7422,1193.4077,0.0,0.0,0.0,0.0,0.0,1.0,0.0,0.0,0.0,0.0,0.0,0.0,1.0,10,0.0,0.0,Gas Flare / Persistent Thermal Source,WorldBank_GFMR,0.9
27.6048_95.4034_2023-01-16_1853_N_VIIRS,27.60481,95.40342,2023-01-16,301.41,1.2,1.0,1.0,-0.97337925,0.2292004,1201.2964,1201.9325,0.0,0.0,0.0,0.0,0.0,1.0,0.0,0.0,0.0,0.0,0.0,0.0,1.0,4,0.0,0.0,Gas Flare / Persistent Thermal Source,WorldBank_GFMR,0.9
15.9623_80.9377_2023-01-16_2037_N_VIIRS,15.96233,80.93769,2023-01-16,302.11,0.53,1.0,1.0,-0.77439266,0.63270533,309.45395,309.26556,0.0,0.0,0.0,0.0,0.0,1.0,0.0,0.0,0.0,0.0,0.0,0.0,1.0,1,0.2,0.2,Gas Flare / Persistent Thermal Source,WorldBank_GFMR,0.9
18.5886_71.0319_2023-01-16_2037_N_VIIRS,18.58861,71.03185,2023-01-16,306.0,0.76,1.0,1.0,-0.77439266,0.63270533,202.07309,201.17905,0.0,0.0,0.0,0.0,0.0,1.0,0.0,0.0,0.0,0.0,0.0,0.0,1.0,2,0.2,0.2,Gas Flare / Persistent Thermal Source,WorldBank_GFMR,0.9
18.9719_71.6236_2023-01-16_2037_N_VIIRS,18.97189,71.62364,2023-01-16,310.57,0.97,1.0,1.0,-0.77439266,0.63270533,134.07292,133.3145,0.0,0.0,0.0,0.0,0.0,1.0,0.0,0.0,0.0,0.0,0.0,0.0,1.0,7,0.2,0.2,Gas Flare / Persistent Thermal Source,WorldBank_GFMR,0.9
18.9740_71.6213_2023-01-16_2037_N_VIIRS,18.97404,71.62126,2023-01-16,315.96,0.63,1.0,1.0,-0.77439266,0.63270533,134.31381,133.5568,0.0,0.0,0.0,0.0,0.0,1.0,0.0,0.0,0.0,0.0,0.0,0.0,1.0,7,0.2,0.2,Gas Flare / Persistent Thermal Source,WorldBank_GFMR,0.9
19.1770_70.9428_2023-01-16_2037_N_VIIRS,19.17702,70.94282,2023-01-16,317.06,1.2,1.0,1.0,-0.77439266,0.63270533,206.22987,205.57117,0.0,0.0,0.0,0.0,0.0,1.0,0.0,0.0,0.0,0.0,0.0,0.0,1.0,8,0.4,0.4,Gas Flare / Persistent Thermal Source,WorldBank_GFMR,0.9
19.1784_70.9457_2023-01-16_2037_N_VIIRS,19.17842,70.94572,2023-01-16,310.48,0.9,1.0,1.0,-0.77439266,0.63270533,205.93913,205.28117,0.0,0.0,0.0,0.0,0.0,1.0,0.0,0.0,0.0,0.0,0.0,0.0,1.0,8,0.4,0.4,Gas Flare / Persistent Thermal Source,WorldBank_GFMR,0.9
19.2765_71.4246_2023-01-16_2037_N_VIIRS,19.27651,71.42465,2023-01-16,327.59,1.26,1.0,1.0,-0.77439266,0.63270533,157.47462,156.90147,0.0,0.0,0.0,0.0,0.0,1.0,0.0,0.0,0.0,0.0,0.0,0.0,1.0,23,1.0,2.2,Gas Flare / Persistent Thermal Source,WorldBank_GFMR,0.9
19.2803_71.4252_2023-01-16_2037_N_VIIRS,19.28026,71.42522,2023-01-16,309.8,1.26,1.0,1.0,-0.77439266,0.63270533,157.49161,156.92088,0.0,0.0,0.0,0.0,0.0,1.0,0.0,0.0,0.0,0.0,0.0,0.0,1.0,24,1.0,2.4,Gas Flare / Persistent Thermal Source,WorldBank_GFMR,0.9
19.2827_71.4353_2023-01-16_2037_N_VIIRS,19.28272,71.43527,2023-01-16,324.76,1.74,1.0,1.0,-0.77439266,0.63270533,156.50542,155.9374,0.0,0.0,0.0,0.0,0.0,1.0,0.0,0.0,0.0,0.0,0.0,0.0,1.0,18,1.0,2.0,Gas Flare / Persistent Thermal Source,WorldBank_GFMR,0.9
19.3324_72.0207_2023-01-16_2037_N_VIIRS,19.33243,72.02066,2023-01-16,316.11,1.14,1.0,1.0,-0.77439266,0.63270533,98.672844,98.27152,0.0,0.0,0.0,0.0,0.0,1.0,0.0,0.0,0.0,0.0,0.0,0.0,1.0,12,0.4,0.4,Gas Flare / Persistent Thermal Source,WorldBank_GFMR,0.9
19.3464_71.3056_2023-01-16_2037_N_VIIRS,19.34639,71.3056,2023-01-16,322.97,2.08,1.0,1.0,-0.77439266,0.63270533,171.24794,170.70341,0.0,0.0,0.0,0.0,0.0,1.0,0.0,0.0,0.0,0.0,0.0,0.0,1.0,36,0.8,2.4,Gas Flare / Persistent Thermal Source,WorldBank_GFMR,0.9
19.3468_71.3035_2023-01-16_2037_N_VIIRS,19.3468,71.30354,2023-01-16,326.16,2.09,1.0,1.0,-0.77439266,0.63270533,171.46883,170.92429,0.0,0.0,0.0,0.0,0.0,1.0,0.0,0.0,0.0,0.0,0.0,0.0,1.0,36,0.8,2.4,Gas Flare / Persistent Thermal Source,WorldBank_GFMR,0.9
19.3708_71.3535_2023-01-16_2037_N_VIIRS,19.37084,71.35346,2023-01-16,319.53,1.5,1.0,1.0,-0.77439266,0.63270533,166.95447,166.43071,0.0,0.0,0.0,0.0,0.0,1.0,0.0,0.0,0.0,0.0,0.0,0.0,1.0,26,1.0,1.2,Gas Flare / Persistent Thermal Source,WorldBank_GFMR,0.9
19.4159_71.3896_2023-01-16_2037_N_VIIRS,19.4159,71.3896,2023-01-16,324.36,1.59,1.0,1.0,-0.77439266,0.63270533,164.53499,164.04433,0.0,0.0,0.0,0.0,0.0,1.0,0.0,0.0,0.0,0.0,0.0,0.0,1.0,11,0.6,0.6,Gas Flare / Persistent Thermal Source,WorldBank_GFMR,0.9
19.5729_71.3641_2023-01-16_2037_N_VIIRS,19.57288,71.36407,2023-01-16,315.6,1.58,1.0,1.0,-0.77439266,0.63270533,172.52263,172.12302,0.0,0.0,0.0,0.0,0.0,1.0,0.0,0.0,0.0,0.0,0.0,0.0,1.0,24,1.0,1.6,Gas Flare / Persistent Thermal Source,WorldBank_GFMR,0.9
10.7546_79.6703_2023-01-16_2039_N_VIIRS,10.75457,79.67035,2023-01-16,306.1,0.74,1.0,1.0,-0.7688418,0.639439,860.55853,861.2288,0.0,0.0,0.0,0.0,0.0,1.0,0.0,0.0,0.0,0.0,0.0,0.0,1.0,0,0.0,0.0,Gas Flare / Persistent Thermal Source,WorldBank_GFMR,0.9
27.3179_95.2670_2023-01-17_0609_N_VIIRS,27.31793,95.26696,2023-01-17,337.79,1.57,1.0,0.0,0.999229,-0.039259817,1170.3865,1171.0594,0.0,0.0,0.0,0.0,0.0,1.0,0.0,0.0,0.0,0.0,0.0,0.0,1.0,28,0.6,1.0,Gas Flare / Persistent Thermal Source,WorldBank_GFMR,0.9
27.3183_95.2663_2023-01-17_1834_N_VIIRS,27.31832,95.26632,2023-01-17,307.98,1.56,1.0,1.0,-0.9890159,0.14780942,1170.366,1171.0387,0.0,0.0,0.0,0.0,0.0,1.0,0.0,0.0,0.0,0.0,0.0,0.0,1.0,28,0.6,1.0,Gas Flare / Persistent Thermal Source,WorldBank_GFMR,0.9
27.3188_95.2626_2023-01-17_1834_N_VIIRS,27.31879,95.26258,2023-01-17,300.59,1.62,1.0,1.0,-0.9890159,0.14780942,1170.1165,1170.7887,0.0,0.0,0.0,0.0,0.0,1.0,0.0,0.0,0.0,0.0,0.0,0.0,1.0,28,0.6,1.0,Gas Flare / Persistent Thermal Source,WorldBank_GFMR,0.9
27.4676_95.4210_2023-01-17_1834_N_VIIRS,27.46765,95.42104,2023-01-17,300.12,0.8,1.0,1.0,-0.9890159,0.14780942,1192.742,1193.408,0.0,0.0,0.0,0.0,0.0,1.0,0.0,0.0,0.0,0.0,0.0,0.0,1.0,11,0.2,0.2,Gas Flare / Persistent Thermal Source,WorldBank_GFMR,0.9
27.5583_96.0379_2023-01-17_1834_N_VIIRS,27.55833,96.03793,2023-01-17,309.76,0.8,1.0,1.0,-0.9890159,0.14780942,1246.2606,1246.9965,0.0,0.0,0.0,0.0,0.0,1.0,0.0,0.0,0.0,0.0,0.0,0.0,1.0,17,0.2,0.4,Gas Flare / Persistent Thermal Source,WorldBank_GFMR,0.9
27.6047_95.3993_2023-01-17_1834_N_VIIRS,27.60469,95.39931,2023-01-17,297.83,0.55,1.0,1.0,-0.9890159,0.14780942,1200.9806,1201.6161,0.0,0.0,0.0,0.0,0.0,1.0,0.0,0.0,0.0,0.0,0.0,0.0,1.0,5,0.2,0.2,Gas Flare / Persistent Thermal Source,WorldBank_GFMR,0.9
27.5610_96.0409_2023-01-17_2014_N_VIIRS,27.56096,96.04095,2023-01-17,296.15,0.59,1.0,1.0,-0.83388585,0.551937,1246.6755,1247.4113,0.0,0.0,0.0,0.0,0.0,1.0,0.0,0.0,0.0,0.0,0.0,0.0,1.0,17,0.2,0.4,Gas Flare / Persistent Thermal Source,WorldBank_GFMR,0.9
27.3161_95.2639_2023-01-17_2015_N_VIIRS,27.31605,95.26385,2023-01-17,300.49,1.0,1.0,1.0,-0.8314696,0.55557024,1170.0167,1170.6897,0.0,0.0,0.0,0.0,0.0,1.0,0.0,0.0,0.0,0.0,0.0,0.0,1.0,28,0.6,1.0,Gas Flare / Persistent Thermal Source,WorldBank_GFMR,0.9
27.3194_95.2685_2023-01-17_2015_N_VIIRS,27.31938,95.26854,2023-01-17,296.61,1.32,1.0,1.0,-0.8314696,0.55557024,1170.6097,1171.2827,0.0,0.0,0.0,0.0,0.0,1.0,0.0,0.0,0.0,0.0,0.0,0.0,1.0,29,0.6,1.0,Gas Flare / Persistent Thermal Source,WorldBank_GFMR,0.9
27.4686_95.4223_2023-01-17_2015_N_VIIRS,27.46856,95.42225,2023-01-17,296.42,0.41,1.0,1.0,-0.8314696,0.55557024,1192.8984,1193.5645,0.0,0.0,0.0,0.0,0.0,1.0,0.0,0.0,0.0,0.0,0.0,0.0,1.0,11,0.2,0.2,Gas Flare / Persistent Thermal Source,WorldBank_GFMR,0.9
23.5455_72.4047_2023-01-17_2017_N_VIIRS,23.54549,72.40471,2023-01-17,300.8,1.07,1.0,1.0,-0.82658976,0.56280494,204.88849,203.369,0.0,0.0,0.0,0.0,0.0,1.0,0.0,0.0,0.0,0.0,0.0,0.0,1.0,0,0.0,0.0,Gas Flare / Persistent Thermal Source,WorldBank_GFMR,0.9
19.2765_71.4232_2023-01-17_2018_N_VIIRS,19.27645,71.42318,2023-01-17,326.87,1.82,1.0,1.0,-0.8241262,0.56640625,157.62518,157.05183,0.0,0.0,0.0,0.0,0.0,1.0,0.0,0.0,0.0,0.0,0.0,0.0,1.0,24,0.8,2.0,Gas Flare / Persistent Thermal Source,WorldBank_GFMR,0.9
19.2812_71.4269_2023-01-17_2018_N_VIIRS,19.2812,71.42694,2023-01-17,305.77,1.23,1.0,1.0,-0.8241262,0.56640625,157.33333,156.7634,0.0,0.0,0.0,0.0,0.0,1.0,0.0,0.0,0.0,0.0,0.0,0.0,1.0,34,1.0,2.6,Gas Flare / Persistent Thermal Source,WorldBank_GFMR,0.9
19.3721_71.3523_2023-01-17_2018_N_VIIRS,19.37214,71.35233,2023-01-17,331.75,1.91,1.0,1.0,-0.8241262,0.56640625,167.10342,166.58029,0.0,0.0,0.0,0.0,0.0,1.0,0.0,0.0,0.0,0.0,0.0,0.0,1.0,27,1.0,1.2,Gas Flare / Persistent Thermal Source,WorldBank_GFMR,0.9
10.7559_79.6699_2023-01-17_2020_N_VIIRS,10.7559,79.6699,2023-01-17,297.83,0.36,1.0,1.0,-0.81915206,0.57357645,860.44714,861.1172,0.0,0.0,0.0,0.0,0.0,1.0,0.0,0.0,0.0,0.0,0.0,0.0,1.0,1,0.2,0.2,Gas Flare / Persistent Thermal Source,WorldBank_GFMR,0.9
27.3160_95.2664_2023-01-18_1956_N_VIIRS,27.31604,95.26637,2023-01-18,302.42,0.98,1.0,1.0,-0.8746197,0.4848096,1170.2068,1170.8801,0.0,0.0,0.0,0.0,0.0,1.0,0.0,0.0,0.0,0.0,0.0,0.0,1.0,33,0.6,1.4,Gas Flare / Persistent Thermal Source,WorldBank_GFMR,0.9
27.4709_95.4251_2023-01-18_1956_N_VIIRS,27.4709,95.42514,2023-01-18,295.22,1.2,1.0,1.0,-0.8746197,0.4848096,1193.2842,1193.9501,0.0,0.0,0.0,0.0,0.0,1.0,0.0,0.0,0.0,0.0,0.0,0.0,1.0,13,0.4,0.6,Gas Flare / Persistent Thermal Source,WorldBank_GFMR,0.9
27.6046_95.4040_2023-01-18_1956_N_VIIRS,27.60456,95.40397,2023-01-18,299.29,0.52,1.0,1.0,-0.8746197,0.4848096,1201.3195,1201.9556,0.0,0.0,0.0,0.0,0.0,1.0,0.0,0.0,0.0,0.0,0.0,0.0,1.0,6,0.4,0.4,Gas Flare / Persistent Thermal Source,WorldBank_GFMR,0.9
19.2842_71.4351_2023-01-18_1959_N_VIIRS,19.28423,71.43515,2023-01-18,316.65,3.21,1.0,1.0,-0.8681988,0.4962165,156.54912,155.98204,0.0,0.0,0.0,0.0,0.0,1.0,0.0,0.0,0.0,0.0,0.0,0.0,1.0,19,1.0,1.4,Gas Flare / Persistent Thermal Source,WorldBank_GFMR,0.9
19.5700_71.3543_2023-01-18_1959_N_VIIRS,19.57004,71.35435,2023-01-18,310.66,2.28,1.0,1.0,-0.8681988,0.4962165,173.36354,172.96014,0.0,0.0,0.0,0.0,0.0,1.0,0.0,0.0,0.0,0.0,0.0,0.0,1.0,20,0.6,1.0,Gas Flare / Persistent Thermal Source,WorldBank_GFMR,0.9
10.8125_79.3061_2023-01-18_2001_N_VIIRS,10.81254,79.30611,2023-01-18,297.15,0.31,1.0,1.0,-0.8638355,0.503774,873.00635,873.5926,0.0,0.0,0.0,0.0,0.0,1.0,0.0,0.0,0.0,0.0,0.0,0.0,1.0,2,0.0,0.0,Gas Flare / Persistent Thermal Source,WorldBank_GFMR,0.9
19.2774_71.4261_2023-01-18_2139_N_VIIRS,19.27737,71.42606,2023-01-18,326.59,3.44,1.0,1.0,-0.5771452,0.81664157,157.34637,156.77393,0.0,0.0,0.0,0.0,0.0,1.0,0.0,0.0,0.0,0.0,0.0,0.0,1.0,27,1.0,2.4,Gas Flare / Persistent Thermal Source,WorldBank_GFMR,0.9
19.3482_71.3083_2023-01-18_2139_N_VIIRS,19.34818,71.30834,2023-01-18,321.43,1.95,1.0,1.0,-0.5771452,0.81664157,171.00906,170.46591,0.0,0.0,0.0,0.0,0.0,1.0,0.0,0.0,0.0,0.0,0.0,0.0,1.0,40,0.6,1.8,Gas Flare / Persistent Thermal Source,WorldBank_GFMR,0.9
19.3492_71.3036_2023-01-18_2139_N_VIIRS,19.34923,71.30363,2023-01-18,317.26,1.95,1.0,1.0,-0.5771452,0.81664157,171.51672,170.97363,0.0,0.0,0.0,0.0,0.0,1.0,0.0,0.0,0.0,0.0,0.0,0.0,1.0,39,0.6,1.8,Gas Flare / Persistent Thermal Source,WorldBank_GFMR,0.9
19.3695_71.3538_2023-01-18_2139_N_VIIRS,19.36954,71.35381,2023-01-18,339.74,4.06,1.0,1.0,-0.5771452,0.81664157,166.88518,166.36067,0.0,0.0,0.0,0.0,0.0,1.0,0.0,0.0,0.0,0.0,0.0,0.0,1.0,28,1.0,1.2,Gas Flare / Persistent Thermal Source,WorldBank_GFMR,0.9
19.5735_71.3653_2023-01-18_2139_N_VIIRS,19.57346,71.36526,2023-01-18,327.42,3.14,1.0,1.0,-0.5771452,0.81664157,172.42905,172.03004,0.0,0.0,0.0,0.0,0.0,1.0,0.0,0.0,0.0,0.0,0.0,0.0,1.0,24,0.8,1.2,Gas Flare / Persistent Thermal Source,WorldBank_GFMR,0.9
26.7927_94.6912_2023-01-19_0711_N_VIIRS,26.79271,94.69123,2023-01-19,328.16,1.76,1.0,0.0,0.9523958,-0.3048643,1089.1842,1089.8778,0.0,0.0,0.0,0.0,0.0,1.0,0.0,0.0,0.0,0.0,0.0,0.0,1.0,1,0.0,0.0,Gas Flare / Persistent Thermal Source,WorldBank_GFMR,0.9
26.7938_94.6883_2023-01-19_1937_N_VIIRS,26.79378,94.68829,2023-01-19,301.48,0.54,1.0,1.0,-0.91176206,0.41071886,1089.0364,1089.7292,0.0,0.0,0.0,0.0,0.0,1.0,0.0,0.0,0.0,0.0,0.0,0.0,1.0,1,0.0,0.0,Gas Flare / Persistent Thermal Source,WorldBank_GFMR,0.9
26.0648_93.9278_2023-01-19_1938_N_VIIRS,26.06478,93.92776,2023-01-19,299.8,0.52,1.0,1.0,-0.9099613,0.41469324,979.0052,979.7363,0.0,0.0,0.0,0.0,0.0,1.0,0.0,0.0,0.0,0.0,0.0,0.0,1.0,3,0.0,0.0,Gas Flare / Persistent Thermal Source,WorldBank_GFMR,0.9
26.0852_93.9541_2023-01-19_1938_N_VIIRS,26.08525,93.95407,2023-01-19,295.57,0.53,1.0,1.0,-0.9099613,0.41469324,982.4805,983.2114,0.0,0.0,0.0,0.0,0.0,1.0,0.0,0.0,0.0,0.0,0.0,0.0,1.0,4,0.0,0.0,Gas Flare / Persistent Thermal Source,WorldBank_GFMR,0.9
10.8120_79.3047_2023-01-19_1942_N_VIIRS,10.81201,79.30475,2023-01-19,303.12,0.31,1.0,1.0,-0.90258527,0.4305111,873.1289,873.7149,0.0,0.0,0.0,0.0,0.0,1.0,0.0,0.0,0.0,0.0,0.0,0.0,1.0,3,0.2,0.2,Gas Flare / Persistent Thermal Source,WorldBank_GFMR,0.9
18.7043_72.3442_2023-01-19_2121_N_VIIRS,18.70433,72.34418,2023-01-19,316.38,2.63,1.0,1.0,-0.639439,0.7688418,67.745186,66.716354,0.0,0.0,0.0,0.0,0.0,1.0,0.0,0.0,0.0,0.0,0.0,0.0,1.0,1,0.0,0.0,Gas Flare / Persistent Thermal Source,WorldBank_GFMR,0.9
19.0647_73.1386_2023-01-19_2121_N_VIIRS,19.06465,73.13864,2023-01-19,298.11,0.56,1.0,1.0,-0.639439,0.7688418,25.889566,26.78174,0.0,0.0,0.0,0.0,0.0,1.0,0.0,0.0,0.0,0.0,0.0,0.0,1.0,0,0.0,0.0,Gas Flare / Persistent Thermal Source,WorldBank_GFMR,0.9
19.0653_73.1356_2023-01-19_2121_N_VIIRS,19.06528,73.13559,2023-01-19,308.84,0.56,1.0,1.0,-0.639439,0.7688418,25.591606,26.486956,0.0,0.0,0.0,0.0,0.0,1.0,0.0,0.0,0.0,0.0,0.0,0.0,1.0,0,0.0,0.0,Gas Flare / Persistent Thermal Source,WorldBank_GFMR,0.9
19.2751_71.4250_2023-01-19_2121_N_VIIRS,19.27509,71.42503,2023-01-19,310.5,0.81,1.0,1.0,-0.639439,0.7688418,157.40697,156.83296,0.0,0.0,0.0,0.0,0.0,1.0,0.0,0.0,0.0,0.0,0.0,0.0,1.0,27,1.0,2.0,Gas Flare / Persistent Thermal Source,WorldBank_GFMR,0.9
19.2796_71.4260_2023-01-19_2121_N_VIIRS,19.27958,71.42603,2023-01-19,308.31,0.81,1.0,1.0,-0.639439,0.7688418,157.3942,156.82314,0.0,0.0,0.0,0.0,0.0,1.0,0.0,0.0,0.0,0.0,0.0,0.0,1.0,30,1.0,2.0,Gas Flare / Persistent Thermal Source,WorldBank_GFMR,0.9
19.2822_71.4365_2023-01-19_2121_N_VIIRS,19.28217,71.43655,2023-01-19,325.22,2.55,1.0,1.0,-0.639439,0.7688418,156.36203,155.79381,0.0,0.0,0.0,0.0,0.0,1.0,0.0,0.0,0.0,0.0,0.0,0.0,1.0,19,0.8,1.0,Gas Flare / Persistent Thermal Source,WorldBank_GFMR,0.9
19.3700_71.3540_2023-01-19_2121_N_VIIRS,19.36998,71.35403,2023-01-19,322.11,2.14,1.0,1.0,-0.639439,0.7688418,166.87408,166.34988,0.0,0.0,0.0,0.0,0.0,1.0,0.0,0.0,0.0,0.0,0.0,0.0,1.0,29,1.0,1.2,Gas Flare / Persistent Thermal Source,WorldBank_GFMR,0.9
19.4188_71.3894_2023-01-19_2121_N_VIIRS,19.41881,71.38937,2023-01-19,316.34,1.11,1.0,1.0,-0.639439,0.7688418,164.64482,164.15593,0.0,0.0,0.0,0.0,0.0,1.0,0.0,0.0,0.0,0.0,0.0,0.0,1.0,12,0.6,0.6,Gas Flare / Persistent Thermal Source,WorldBank_GFMR,0.9
19.5273_71.2995_2023-01-19_2121_N_VIIRS,19.52732,71.29948,2023-01-19,306.32,0.89,1.0,1.0,-0.639439,0.7688418,177.19345,176.75398,0.0,0.0,0.0,0.0,0.0,1.0,0.0,0.0,0.0,0.0,0.0,0.0,1.0,23,0.4,0.6,Gas Flare / Persistent Thermal Source,WorldBank_GFMR,0.9
19.5705_71.3624_2023-01-19_2121_N_VIIRS,19.5705,71.36244,2023-01-19,323.21,1.44,1.0,1.0,-0.639439,0.7688418,172.58847,172.18709,0.0,0.0,0.0,0.0,0.0,1.0,0.0,0.0,0.0,0.0,0.0,0.0,1.0,30,0.8,1.6,Gas Flare / Persistent Thermal Source,WorldBank_GFMR,0.9
19.5749_71.3634_2023-01-19_2121_N_VIIRS,19.57494,71.36344,2023-01-19,312.06,1.44,1.0,1.0,-0.639439,0.7688418,172.66585,172.26733,0.0,0.0,0.0,0.0,0.0,1.0,0.0,0.0,0.0,0.0,0.0,0.0,1.0,26,0.8,1.2,Gas Flare / Persistent Thermal Source,WorldBank_GFMR,0.9
27.3185_95.2679_2023-01-20_0653_N_VIIRS,27.31847,95.26789,2023-01-20,326.14,1.58,1.0,0.0,0.97337925,-0.2292004,1170.4955,1171.1685,0.0,0.0,0.0,0.0,0.0,1.0,0.0,0.0,0.0,0.0,0.0,0.0,1.0,34,0.6,1.4,Gas Flare / Persistent Thermal Source,WorldBank_GFMR,0.9
27.5587_96.0414_2023-01-20_0653_N_VIIRS,27.55875,96.04143,2023-01-20,326.7,1.63,1.0,0.0,0.97337925,-0.2292004,1246.5602,1247.2964,0.0,0.0,0.0,0.0,0.0,1.0,0.0,0.0,0.0,0.0,0.0,0.0,1.0,19,0.2,0.4,Gas Flare / Persistent Thermal Source,WorldBank_GFMR,0.9
27.6061_95.4038_2023-01-20_0653_N_VIIRS,27.60609,95.40382,2023-01-20,331.57,1.48,1.0,0.0,0.97337925,-0.2292004,1201.4191,1202.0549,0.0,0.0,0.0,0.0,0.0,1.0,0.0,0.0,0.0,0.0,0.0,0.0,1.0,7,0.6,0.6,Gas Flare / Persistent Thermal Source,WorldBank_GFMR,0.9
19.3468_71.3103_2023-01-20_0832_N_VIIRS,19.34683,71.31033,2023-01-20,342.25,5.49,1.0,0.0,0.7880108,-0.6156615,170.77321,170.2295,0.0,0.0,0.0,0.0,0.0,1.0,0.0,0.0,0.0,0.0,0.0,0.0,1.0,42,0.6,1.6,Gas Flare / Persistent Thermal Source,WorldBank_GFMR,0.9
19.3706_71.3556_2023-01-20_0832_N_VIIRS,19.37061,71.35565,2023-01-20,332.06,2.94,1.0,0.0,0.7880108,-0.6156615,166.7251,166.20149,0.0,0.0,0.0,0.0,0.0,1.0,0.0,0.0,0.0,0.0,0.0,0.0,1.0,30,1.0,1.0,Gas Flare / Persistent Thermal Source,WorldBank_GFMR,0.9
19.4156_71.3898_2023-01-20_0832_N_VIIRS,19.41558,71.38976,2023-01-20,330.03,2.96,1.0,0.0,0.7880108,-0.6156615,164.50932,164.0185,0.0,0.0,0.0,0.0,0.0,1.0,0.0,0.0,0.0,0.0,0.0,0.0,1.0,13,0.6,0.6,Gas Flare / Persistent Thermal Source,WorldBank_GFMR,0.9
19.5710_71.3646_2023-01-20_0832_N_VIIRS,19.57105,71.3646,2023-01-20,330.43,1.74,1.0,0.0,0.7880108,-0.6156615,172.39848,171.9979,0.0,0.0,0.0,0.0,0.0,1.0,0.0,0.0,0.0,0.0,0.0,0.0,1.0,28,0.8,1.2,Gas Flare / Persistent Thermal Source,WorldBank_GFMR,0.9
27.2600_95.1483_2023-01-20_1918_N_VIIRS,27.26003,95.14826,2023-01-20,295.45,0.34,1.0,1.0,-0.9426415,0.33380687,1157.2662,1157.933,0.0,0.0,0.0,0.0,0.0,1.0,0.0,0.0,0.0,0.0,0.0,0.0,1.0,0,0.0,0.0,Gas Flare / Persistent Thermal Source,WorldBank_GFMR,0.9
27.3183_95.2651_2023-01-20_1918_N_VIIRS,27.31833,95.2651,2023-01-20,329.39,4.06,1.0,1.0,-0.9426415,0.33380687,1170.2743,1170.9469,0.0,0.0,0.0,0.0,0.0,1.0,0.0,0.0,0.0,0.0,0.0,0.0,1.0,34,0.6,1.4,Gas Flare / Persistent Thermal Source,WorldBank_GFMR,0.9
27.4702_95.4211_2023-01-20_1918_N_VIIRS,27.4702,95.42114,2023-01-20,313.75,1.15,1.0,1.0,-0.9426415,0.33380687,1192.932,1193.5974,0.0,0.0,0.0,0.0,0.0,1.0,0.0,0.0,0.0,0.0,0.0,0.0,1.0,14,0.6,0.8,Gas Flare / Persistent Thermal Source,WorldBank_GFMR,0.9
27.6053_95.4006_2023-01-20_1918_N_VIIRS,27.60534,95.40057,2023-01-20,309.97,0.58,1.0,1.0,-0.9426415,0.33380687,1201.1218,1201.7574,0.0,0.0,0.0,0.0,0.0,1.0,0.0,0.0,0.0,0.0,0.0,0.0,1.0,7,0.6,0.6,Gas Flare / Persistent Thermal Source,WorldBank_GFMR,0.9
23.7775_85.8382_2023-01-20_1920_N_VIIRS,23.77751,85.83823,2023-01-20,298.08,0.19,1.0,1.0,-0.9396926,0.34202015,322.7922,320.53998,0.0,0.0,0.0,0.0,0.0,1.0,0.0,0.0,0.0,0.0,0.0,0.0,1.0,3,0.0,0.0,Gas Flare / Persistent Thermal Source,WorldBank_GFMR,0.9
23.4070_72.4163_2023-01-20_2101_N_VIIRS,23.40699,72.41632,2023-01-20,297.16,0.4,1.0,1.0,-0.7040147,0.71018535,189.44368,187.9264,0.0,0.0,0.0,0.0,0.0,1.0,0.0,0.0,0.0,0.0,0.0,0.0,1.0,2,0.0,0.0,Gas Flare / Persistent Thermal Source,WorldBank_GFMR,0.9
23.4488_72.4750_2023-01-20_2101_N_VIIRS,23.44883,72.47504,2023-01-20,310.95,1.65,1.0,1.0,-0.7040147,0.71018535,193.64912,192.07635,0.0,0.0,0.0,0.0,0.0,1.0,0.0,0.0,0.0,0.0,0.0,0.0,1.0,0,0.0,0.0,Gas Flare / Persistent Thermal Source,WorldBank_GFMR,0.9
19.0045_71.7699_2023-01-20_2102_N_VIIRS,19.00447,71.76994,2023-01-20,307.26,0.45,1.0,1.0,-0.70090926,0.71325046,118.599335,117.86078,0.0,0.0,0.0,0.0,0.0,1.0,0.0,0.0,0.0,0.0,0.0,0.0,1.0,0,0.0,0.0,Gas Flare / Persistent Thermal Source,WorldBank_GFMR,0.9
19.1772_70.9443_2023-01-20_2102_N_VIIRS,19.17715,70.94433,2023-01-20,326.12,1.55,1.0,1.0,-0.70090926,0.71325046,206.073,205.41441,0.0,0.0,0.0,0.0,0.0,1.0,0.0,0.0,0.0,0.0,0.0,0.0,1.0,10,0.4,0.6,Gas Flare / Persistent Thermal Source,WorldBank_GFMR,0.9
19.2777_71.4248_2023-01-20_2102_N_VIIRS,19.27769,71.42475,2023-01-20,311.62,1.45,1.0,1.0,-0.70090926,0.71325046,157.48804,156.91565,0.0,0.0,0.0,0.0,0.0,1.0,0.0,0.0,0.0,0.0,0.0,0.0,1.0,30,1.0,2.0,Gas Flare / Persistent Thermal Source,WorldBank_GFMR,0.9
19.2826_71.4381_2023-01-20_2102_N_VIIRS,19.28255,71.43808,2023-01-20,308.54,1.24,1.0,1.0,-0.70090926,0.71325046,156.21211,155.64432,0.0,0.0,0.0,0.0,0.0,1.0,0.0,0.0,0.0,0.0,0.0,0.0,1.0,18,0.8,1.0,Gas Flare / Persistent Thermal Source,WorldBank_GFMR,0.9
19.2832_71.4341_2023-01-20_2102_N_VIIRS,19.28323,71.43408,2023-01-20,325.72,1.24,1.0,1.0,-0.70090926,0.71325046,156.63869,156.07085,0.0,0.0,0.0,0.0,0.0,1.0,0.0,0.0,0.0,0.0,0.0,0.0,1.0,29,1.0,2.0,Gas Flare / Persistent Thermal Source,WorldBank_GFMR,0.9
19.3345_72.0190_2023-01-20_2102_N_VIIRS,19.33453,72.01904,2023-01-20,314.88,0.88,1.0,1.0,-0.70090926,0.71325046,98.91483,98.51509,0.0,0.0,0.0,0.0,0.0,1.0,0.0,0.0,0.0,0.0,0.0,0.0,1.0,13,0.2,0.2,Gas Flare / Persistent Thermal Source,WorldBank_GFMR,0.9
19.3697_71.3544_2023-01-20_2102_N_VIIRS,19.36969,71.35436,2023-01-20,323.06,1.68,1.0,1.0,-0.70090926,0.71325046,166.83293,166.3086,0.0,0.0,0.0,0.0,0.0,1.0,0.0,0.0,0.0,0.0,0.0,0.0,1.0,30,1.0,1.0,Gas Flare / Persistent Thermal Source,WorldBank_GFMR,0.9
19.4166_71.3920_2023-01-20_2102_N_VIIRS,19.41661,71.39202,2023-01-20,316.06,0.84,1.0,1.0,-0.70090926,0.71325046,164.31152,163.82169,0.0,0.0,0.0,0.0,0.0,1.0,0.0,0.0,0.0,0.0,0.0,0.0,1.0,13,0.6,0.6,Gas Flare / Persistent Thermal Source,WorldBank_GFMR,0.9
19.4173_71.3880_2023-01-20_2102_N_VIIRS,19.41729,71.38803,2023-01-20,314.32,1.16,1.0,1.0,-0.70090926,0.71325046,164.73492,164.24487,0.0,0.0,0.0,0.0,0.0,1.0,0.0,0.0,0.0,0.0,0.0,0.0,1.0,13,0.6,0.6,Gas Flare / Persistent Thermal Source,WorldBank_GFMR,0.9
19.5302_71.3017_2023-01-20_2102_N_VIIRS,19.53016,71.30173,2023-01-20,306.82,0.77,1.0,1.0,-0.70090926,0.71325046,177.07036,176.63298,0.0,0.0,0.0,0.0,0.0,1.0,0.0,0.0,0.0,0.0,0.0,0.0,1.0,24,0.4,0.6,Gas Flare / Persistent Thermal Source,WorldBank_GFMR,0.9
19.5709_71.3654_2023-01-20_2102_N_VIIRS,19.57095,71.36543,2023-01-20,308.97,0.72,1.0,1.0,-0.70090926,0.71325046,172.31323,171.91277,0.0,0.0,0.0,0.0,0.0,1.0,0.0,0.0,0.0,0.0,0.0,0.0,1.0,28,0.8,1.2,Gas Flare / Persistent Thermal Source,WorldBank_GFMR,0.9
19.5716_71.3615_2023-01-20_2102_N_VIIRS,19.57163,71.36146,2023-01-20,315.41,0.72,1.0,1.0,-0.70090926,0.71325046,172.72897,172.32805,0.0,0.0,0.0,0.0,0.0,1.0,0.0,0.0,0.0,0.0,0.0,0.0,1.0,32,0.8,1.6,Gas Flare / Persistent Thermal Source,WorldBank_GFMR,0.9
19.5730_71.3630_2023-01-20_2102_N_VIIRS,19.57299,71.36302,2023-01-20,321.3,1.54,1.0,1.0,-0.70090926,0.71325046,172.6298,172.23003,0.0,0.0,0.0,0.0,0.0,1.0,0.0,0.0,0.0,0.0,0.0,0.0,1.0,31,0.8,1.6,Gas Flare / Persistent Thermal Source,WorldBank_GFMR,0.9
19.5751_71.3621_2023-01-20_2102_N_VIIRS,19.57507,71.36211,2023-01-20,305.48,0.72,1.0,1.0,-0.70090926,0.71325046,172.8012,172.40247,0.0,0.0,0.0,0.0,0.0,1.0,0.0,0.0,0.0,0.0,0.0,0.0,1.0,31,0.8,1.6,Gas Flare / Persistent Thermal Source,WorldBank_GFMR,0.9
