observation_id,creams_event_id,latitude,longitude,creams_datetime,firms_datetime,spatial_distance_km,temporal_difference_hours,satellite,target_class,label_source,source_filename
25.6100_81.3688_2023-09-25_0742_N_VIIRS,CR_27,25.60996,81.36883,2023-09-25 13:10:54,2023-09-25 07:42:00,0.013,-5.48,N,Agricultural Burn,CREAMS,11.RiceResidueFireBulletin_25Sep_2023_ICAR.pdf
30.5840_76.7939_2023-10-08_0840_N_VIIRS,CR_1426,30.58398,76.79385,2023-10-08 14:06:29,2023-10-08 08:40:00,0.016,-5.44,N,Agricultural Burn,CREAMS,24.RiceResidueFireBulletin_08Oct_2023_ICAR.pdf
30.5894_76.7934_2023-10-08_0840_N_VIIRS,CR_1428,30.58945,76.79335,2023-10-08 14:06:29,2023-10-08 08:40:00,0.016,-5.44,N,Agricultural Burn,CREAMS,24.RiceResidueFireBulletin_08Oct_2023_ICAR.pdf
24.9347_74.6360_2023-10-08_2106_N_VIIRS,CR_1657,24.93471,74.63605,2023-10-09 02:38:16,2023-10-08 21:06:00,0.018,-5.54,N,Agricultural Burn,CREAMS,25.RiceResidueFireBulletin_09Oct_2023_ICAR.pdf
25.2945_76.4196_2023-10-05_0755_N_VIIRS,CR_1130,25.29451,76.41961,2023-10-05 13:22:58,2023-10-05 07:55:00,0.019,-5.47,N,Agricultural Burn,CREAMS,21.RiceResidueFireBulletin_05Oct_2023_ICAR.pdf
25.3435_76.4812_2023-10-05_0755_N_VIIRS,CR_1131,25.34354,76.4812,2023-10-05 13:22:58,2023-10-05 07:55:00,0.02,-5.47,N,Agricultural Burn,CREAMS,21.RiceResidueFireBulletin_05Oct_2023_ICAR.pdf
28.1348_78.1226_2023-10-05_0755_N_VIIRS,CR_1115,28.13476,78.1226,2023-10-05 13:22:58,2023-10-05 07:55:00,0.022,-5.47,N,Agricultural Burn,CREAMS,21.RiceResidueFireBulletin_05Oct_2023_ICAR.pdf
27.9525_79.9428_2023-09-24_0802_N_VIIRS,CR_25,27.95246,79.94279,2023-09-24 13:29:50,2023-09-24 08:02:00,0.022,-5.46,N,Agricultural Burn,CREAMS,10.RiceResidueFireBulletin_24Sep_2023_ICAR.pdf
28.0586_77.9328_2023-10-05_0755_N_VIIRS,CR_1112,28.05862,77.93277,2023-10-05 13:22:58,2023-10-05 07:55:00,0.022,-5.47,N,Agricultural Burn,CREAMS,21.RiceResidueFireBulletin_05Oct_2023_ICAR.pdf
28.6282_78.6514_2023-09-30_0749_N_VIIRS,CR_337,28.62816,78.65136,2023-09-30 13:16:35,2023-09-30 07:49:00,0.024,-5.46,N,Agricultural Burn,CREAMS,16.RiceResidueFireBulletin_30Sep_2023_ICAR.pdf
31.5906_75.0710_2023-09-29_0809_N_VIIRS,CR_121,31.5906,75.07104,2023-09-29 13:35:30,2023-09-29 08:09:00,0.024,-5.44,N,Agricultural Burn,CREAMS,15.RiceResidueFireBulletin_29Sep_2023_ICAR.pdf
31.5384_75.0427_2023-09-29_0809_N_VIIRS,CR_120,31.53839,75.04269,2023-09-29 13:35:30,2023-09-29 08:09:00,0.024,-5.44,N,Agricultural Burn,CREAMS,15.RiceResidueFireBulletin_29Sep_2023_ICAR.pdf
28.2519_79.9734_2023-10-06_0737_N_VIIRS,CR_1276,28.25185,79.97337,2023-10-06 13:04:02,2023-10-06 07:37:00,0.024,-5.45,N,Agricultural Burn,CREAMS,22.RiceResidueFireBulletin_06Oct_2023_ICAR.pdf
28.2497_80.3165_2023-10-06_0737_N_VIIRS,CR_1274,28.24969,80.31653,2023-10-06 13:04:02,2023-10-06 07:37:00,0.024,-5.45,N,Agricultural Burn,CREAMS,22.RiceResidueFireBulletin_06Oct_2023_ICAR.pdf
31.7971_75.0342_2023-10-04_0815_N_VIIRS,CR_855,31.79715,75.03417,2023-10-04 13:41:53,2023-10-04 08:15:00,0.025,-5.45,N,Agricultural Burn,CREAMS,20.RiceResidueFireBulletin_04Oct_2023_ICAR.pdf
25.0021_76.5730_2023-09-29_0807_N_VIIRS,CR_203,25.00214,76.57297,2023-09-29 13:35:30,2023-09-29 08:07:00,0.025,-5.47,N,Agricultural Burn,CREAMS,15.RiceResidueFireBulletin_29Sep_2023_ICAR.pdf
31.5138_75.1370_2023-09-29_0809_N_VIIRS,CR_149,31.51377,75.13702,2023-09-29 13:35:30,2023-09-29 08:09:00,0.025,-5.44,N,Agricultural Burn,CREAMS,15.RiceResidueFireBulletin_29Sep_2023_ICAR.pdf
31.5603_75.1495_2023-09-29_0809_N_VIIRS,CR_152,31.56033,75.14951,2023-09-29 13:35:30,2023-09-29 08:09:00,0.025,-5.44,N,Agricultural Burn,CREAMS,15.RiceResidueFireBulletin_29Sep_2023_ICAR.pdf
22.6505_75.1755_2023-10-04_0813_N_VIIRS,CR_960,22.6505,75.17551,2023-10-04 13:41:53,2023-10-04 08:13:00,0.025,-5.48,N,Agricultural Burn,CREAMS,20.RiceResidueFireBulletin_04Oct_2023_ICAR.pdf
31.7850_74.8540_2023-10-04_0815_N_VIIRS,CR_830,31.78496,74.85398,2023-10-04 13:41:53,2023-10-04 08:15:00,0.025,-5.45,N,Agricultural Burn,CREAMS,20.RiceResidueFireBulletin_04Oct_2023_ICAR.pdf
31.5171_75.1364_2023-09-29_0809_N_VIIRS,CR_150,31.51712,75.13638,2023-09-29 13:35:30,2023-09-29 08:09:00,0.025,-5.44,N,Agricultural Burn,CREAMS,15.RiceResidueFireBulletin_29Sep_2023_ICAR.pdf
25.0661_76.4388_2023-10-06_0736_N_VIIRS,CR_1282,25.06605,76.43883,2023-10-06 13:04:02,2023-10-06 07:36:00,0.025,-5.47,N,Agricultural Burn,CREAMS,22.RiceResidueFireBulletin_06Oct_2023_ICAR.pdf
22.7378_75.6814_2023-10-05_0754_N_VIIRS,CR_1147,22.73777,75.68142,2023-10-05 13:22:58,2023-10-05 07:54:00,0.026,-5.48,N,Agricultural Burn,CREAMS,21.RiceResidueFireBulletin_05Oct_2023_ICAR.pdf
31.5378_75.0386_2023-09-29_0809_N_VIIRS,CR_119,31.5378,75.03855,2023-09-29 13:35:30,2023-09-29 08:09:00,0.026,-5.44,N,Agricultural Burn,CREAMS,15.RiceResidueFireBulletin_29Sep_2023_ICAR.pdf
25.5160_76.4488_2023-09-29_0807_N_VIIRS,CR_208,25.51596,76.4488,2023-09-29 13:35:30,2023-09-29 08:07:00,0.026,-5.47,N,Agricultural Burn,CREAMS,15.RiceResidueFireBulletin_29Sep_2023_ICAR.pdf
31.8235_74.9591_2023-10-04_0815_N_VIIRS,CR_856,31.8235,74.95909,2023-10-04 13:41:53,2023-10-04 08:15:00,0.026,-5.45,N,Agricultural Burn,CREAMS,20.RiceResidueFireBulletin_04Oct_2023_ICAR.pdf
31.7937_75.0066_2023-10-04_0815_N_VIIRS,CR_854,31.79366,75.00657,2023-10-04 13:41:53,2023-10-04 08:15:00,0.026,-5.45,N,Agricultural Burn,CREAMS,20.RiceResidueFireBulletin_04Oct_2023_ICAR.pdf
31.9099_74.7002_2023-09-30_0750_N_VIIRS,CR_216,31.90986,74.70022,2023-09-30 13:16:35,2023-09-30 07:50:00,0.026,-5.44,N,Agricultural Burn,CREAMS,16.RiceResidueFireBulletin_30Sep_2023_ICAR.pdf
28.9167_79.4063_2023-10-11_0743_N_VIIRS,CR_1936,28.91668,79.4063,2023-10-11 13:10:25,2023-10-11 07:43:00,0.026,-5.46,N,Agricultural Burn,CREAMS,27.RiceResidueFireBulletin_11Oct_2023_ICAR.pdf
31.8903_74.7151_2023-09-30_0750_N_VIIRS,CR_215,31.89025,74.71513,2023-09-30 13:16:35,2023-09-30 07:50:00,0.026,-5.44,N,Agricultural Burn,CREAMS,16.RiceResidueFireBulletin_30Sep_2023_ICAR.pdf
31.9151_74.7489_2023-09-30_0750_N_VIIRS,CR_217,31.91505,74.74895,2023-09-30 13:16:35,2023-09-30 07:50:00,0.026,-5.44,N,Agricultural Burn,CREAMS,16.RiceResidueFireBulletin_30Sep_2023_ICAR.pdf
31.7867_74.9515_2023-10-04_0815_N_VIIRS,CR_852,31.78668,74.95154,2023-10-04 13:41:53,2023-10-04 08:15:00,0.026,-5.45,N,Agricultural Burn,CREAMS,20.RiceResidueFireBulletin_04Oct_2023_ICAR.pdf
31.6236_75.3051_2023-09-29_0809_N_VIIRS,CR_154,31.6236,75.30508,2023-09-29 13:35:30,2023-09-29 08:09:00,0.026,-5.44,N,Agricultural Burn,CREAMS,15.RiceResidueFireBulletin_29Sep_2023_ICAR.pdf
31.5527_75.2926_2023-09-29_0809_N_VIIRS,CR_151,31.55269,75.29265,2023-09-29 13:35:30,2023-09-29 08:09:00,0.026,-5.44,N,Agricultural Burn,CREAMS,15.RiceResidueFireBulletin_29Sep_2023_ICAR.pdf
31.7832_74.9522_2023-10-04_0815_N_VIIRS,CR_849,31.78317,74.95216,2023-10-04 13:41:53,2023-10-04 08:15:00,0.026,-5.45,N,Agricultural Burn,CREAMS,20.RiceResidueFireBulletin_04Oct_2023_ICAR.pdf
31.5707_75.1989_2023-09-29_0809_N_VIIRS,CR_153,31.57071,75.19895,2023-09-29 13:35:30,2023-09-29 08:09:00,0.026,-5.44,N,Agricultural Burn,CREAMS,15.RiceResidueFireBulletin_29Sep_2023_ICAR.pdf
31.5126_75.1287_2023-09-29_0809_N_VIIRS,CR_148,31.5126,75.12871,2023-09-29 13:35:30,2023-09-29 08:09:00,0.026,-5.44,N,Agricultural Burn,CREAMS,15.RiceResidueFireBulletin_29Sep_2023_ICAR.pdf
28.3418_77.4929_2023-09-30_0749_N_VIIRS,CR_329,28.34175,77.49291,2023-09-30 13:16:35,2023-09-30 07:49:00,0.027,-5.46,N,Agricultural Burn,CREAMS,16.RiceResidueFireBulletin_30Sep_2023_ICAR.pdf
29.5052_75.8155_2023-10-04_0815_N_VIIRS,CR_932,29.50521,75.81552,2023-10-04 13:41:53,2023-10-04 08:15:00,0.027,-5.45,N,Agricultural Burn,CREAMS,20.RiceResidueFireBulletin_04Oct_2023_ICAR.pdf
27.9332_77.4884_2023-10-05_0755_N_VIIRS,CR_1116,27.93321,77.4884,2023-10-05 13:22:58,2023-10-05 07:55:00,0.027,-5.47,N,Agricultural Burn,CREAMS,21.RiceResidueFireBulletin_05Oct_2023_ICAR.pdf
23.6984_78.2599_2023-09-30_0748_N_VIIRS,CR_352,23.69835,78.25986,2023-09-30 13:16:35,2023-09-30 07:48:00,0.027,-5.48,N,Agricultural Burn,CREAMS,16.RiceResidueFireBulletin_30Sep_2023_ICAR.pdf
28.4918_78.6463_2023-09-30_0749_N_VIIRS,CR_336,28.49178,78.64629,2023-09-30 13:16:35,2023-09-30 07:49:00,0.027,-5.46,N,Agricultural Burn,CREAMS,16.RiceResidueFireBulletin_30Sep_2023_ICAR.pdf
28.8306_79.2192_2023-10-11_0743_N_VIIRS,CR_1933,28.83064,79.21918,2023-10-11 13:10:25,2023-10-11 07:43:00,0.027,-5.46,N,Agricultural Burn,CREAMS,27.RiceResidueFireBulletin_11Oct_2023_ICAR.pdf
27.5234_78.4164_2023-10-10_0801_N_VIIRS,CR_1747,27.52343,78.41644,2023-10-10 13:28:38,2023-10-10 08:01:00,0.028,-5.46,N,Agricultural Burn,CREAMS,26.RiceResidueFireBulletin_10Oct_2023_ICAR.pdf
28.8711_78.7874_2023-10-05_2020_N_VIIRS,CR_1275,28.87106,78.78738,2023-10-06 01:54:45,2023-10-05 20:20:00,0.028,-5.58,N,Agricultural Burn,CREAMS,22.RiceResidueFireBulletin_06Oct_2023_ICAR.pdf
27.9835_78.2232_2023-10-05_0755_N_VIIRS,CR_1111,27.98352,78.22325,2023-10-05 13:22:58,2023-10-05 07:55:00,0.028,-5.47,N,Agricultural Burn,CREAMS,21.RiceResidueFireBulletin_05Oct_2023_ICAR.pdf
29.4556_75.7958_2023-10-04_0815_N_VIIRS,CR_931,29.45556,75.79579,2023-10-04 13:41:53,2023-10-04 08:15:00,0.028,-5.45,N,Agricultural Burn,CREAMS,20.RiceResidueFireBulletin_04Oct_2023_ICAR.pdf
31.4664_75.0558_2023-09-29_0809_N_VIIRS,CR_179,31.46636,75.05582,2023-09-29 13:35:30,2023-09-29 08:09:00,0.028,-5.44,N,Agricultural Burn,CREAMS,15.RiceResidueFireBulletin_29Sep_2023_ICAR.pdf
31.3655_74.8303_2023-10-04_0815_N_VIIRS,CR_909,31.36552,74.8303,2023-10-04 13:41:53,2023-10-04 08:15:00,0.028,-5.45,N,Agricultural Burn,CREAMS,20.RiceResidueFireBulletin_04Oct_2023_ICAR.pdf
22.6362_76.0653_2023-09-29_0807_N_VIIRS,CR_210,22.63617,76.06531,2023-09-29 13:35:30,2023-09-29 08:07:00,0.028,-5.47,N,Agricultural Burn,CREAMS,15.RiceResidueFireBulletin_29Sep_2023_ICAR.pdf
31.3999_75.0411_2023-10-04_0815_N_VIIRS,CR_899,31.39993,75.04112,2023-10-04 13:41:53,2023-10-04 08:15:00,0.028,-5.45,N,Agricultural Burn,CREAMS,20.RiceResidueFireBulletin_04Oct_2023_ICAR.pdf
28.9072_79.1988_2023-10-11_0743_N_VIIRS,CR_1935,28.90716,79.19879,2023-10-11 13:10:25,2023-10-11 07:43:00,0.028,-5.46,N,Agricultural Burn,CREAMS,27.RiceResidueFireBulletin_11Oct_2023_ICAR.pdf
28.8340_79.2185_2023-10-11_0743_N_VIIRS,CR_1934,28.834,79.21848,2023-10-11 13:10:25,2023-10-11 07:43:00,0.028,-5.46,N,Agricultural Burn,CREAMS,27.RiceResidueFireBulletin_11Oct_2023_ICAR.pdf
27.5155_78.4301_2023-10-10_0801_N_VIIRS,CR_1746,27.51548,78.43008,2023-10-10 13:28:38,2023-10-10 08:01:00,0.028,-5.46,N,Agricultural Burn,CREAMS,26.RiceResidueFireBulletin_10Oct_2023_ICAR.pdf
23.8914_79.5160_2023-10-05_0754_N_VIIRS,CR_1140,23.89144,79.51599,2023-10-05 13:22:58,2023-10-05 07:54:00,0.028,-5.48,N,Agricultural Burn,CREAMS,21.RiceResidueFireBulletin_05Oct_2023_ICAR.pdf
28.5871_80.0052_2023-10-06_0737_N_VIIRS,CR_1277,28.5871,80.0052,2023-10-06 13:04:02,2023-10-06 07:37:00,0.028,-5.45,N,Agricultural Burn,CREAMS,22.RiceResidueFireBulletin_06Oct_2023_ICAR.pdf
29.4722_76.0716_2023-10-04_0815_N_VIIRS,CR_936,29.47225,76.07162,2023-10-04 13:41:53,2023-10-04 08:15:00,0.028,-5.45,N,Agricultural Burn,CREAMS,20.RiceResidueFireBulletin_04Oct_2023_ICAR.pdf
31.4148_75.1296_2023-09-29_0809_N_VIIRS,CR_178,31.41482,75.12958,2023-09-29 13:35:30,2023-09-29 08:09:00,0.028,-5.44,N,Agricultural Burn,CREAMS,15.RiceResidueFireBulletin_29Sep_2023_ICAR.pdf
31.6150_75.1146_2023-09-29_0809_N_VIIRS,CR_158,31.61501,75.1146,2023-09-29 13:35:30,2023-09-29 08:09:00,0.028,-5.44,N,Agricultural Burn,CREAMS,15.RiceResidueFireBulletin_29Sep_2023_ICAR.pdf
22.7591_76.2542_2023-09-29_0807_N_VIIRS,CR_209,22.75907,76.25418,2023-09-29 13:35:30,2023-09-29 08:07:00,0.028,-5.47,N,Agricultural Burn,CREAMS,15.RiceResidueFireBulletin_29Sep_2023_ICAR.pdf
27.5121_78.4307_2023-10-10_0801_N_VIIRS,CR_1742,27.51207,78.43066,2023-10-10 13:28:38,2023-10-10 08:01:00,0.028,-5.46,N,Agricultural Burn,CREAMS,26.RiceResidueFireBulletin_10Oct_2023_ICAR.pdf
27.5149_78.4306_2023-10-10_0801_N_VIIRS,CR_1744,27.51488,78.43062,2023-10-10 13:28:38,2023-10-10 08:01:00,0.028,-5.46,N,Agricultural Burn,CREAMS,26.RiceResidueFireBulletin_10Oct_2023_ICAR.pdf
22.9972_75.4571_2023-10-09_2047_N_VIIRS,CR_1835,22.99718,75.45712,2023-10-10 02:19:21,2023-10-09 20:47:00,0.028,-5.54,N,Agricultural Burn,CREAMS,26.RiceResidueFireBulletin_10Oct_2023_ICAR.pdf
27.5149_78.4259_2023-10-10_0801_N_VIIRS,CR_1745,27.51491,78.42594,2023-10-10 13:28:38,2023-10-10 08:01:00,0.028,-5.46,N,Agricultural Burn,CREAMS,26.RiceResidueFireBulletin_10Oct_2023_ICAR.pdf
22.6355_75.3442_2023-10-04_0813_N_VIIRS,CR_959,22.63546,75.34423,2023-10-04 13:41:53,2023-10-04 08:13:00,0.028,-5.48,N,Agricultural Burn,CREAMS,20.RiceResidueFireBulletin_04Oct_2023_ICAR.pdf
26.3325_77.6966_2023-10-01_0730_N_VIIRS,CR_524,26.33246,77.69661,2023-10-01 12:57:39,2023-10-01 07:30:00,0.029,-5.46,N,Agricultural Burn,CREAMS,17.RiceResidueFireBulletin_01Oct_2023_ICAR.pdf
29.4107_78.5337_2023-10-11_0743_N_VIIRS,CR_1900,29.41069,78.53375,2023-10-11 13:10:25,2023-10-11 07:43:00,0.029,-5.46,N,Agricultural Burn,CREAMS,27.RiceResidueFireBulletin_11Oct_2023_ICAR.pdf
26.3691_77.7212_2023-10-01_0730_N_VIIRS,CR_522,26.36913,77.7212,2023-10-01 12:57:39,2023-10-01 07:30:00,0.029,-5.46,N,Agricultural Burn,CREAMS,17.RiceResidueFireBulletin_01Oct_2023_ICAR.pdf
29.4263_78.5216_2023-10-11_0743_N_VIIRS,CR_1901,29.42627,78.52161,2023-10-11 13:10:25,2023-10-11 07:43:00,0.029,-5.46,N,Agricultural Burn,CREAMS,27.RiceResidueFireBulletin_11Oct_2023_ICAR.pdf
31.6809_75.0934_2023-09-29_0809_N_VIIRS,CR_163,31.68095,75.0934,2023-09-29 13:35:30,2023-09-29 08:09:00,0.029,-5.44,N,Agricultural Burn,CREAMS,15.RiceResidueFireBulletin_29Sep_2023_ICAR.pdf
28.4516_78.2393_2023-09-30_0749_N_VIIRS,CR_328,28.45158,78.23933,2023-09-30 13:16:35,2023-09-30 07:49:00,0.029,-5.46,N,Agricultural Burn,CREAMS,16.RiceResidueFireBulletin_30Sep_2023_ICAR.pdf
31.4562_75.0981_2023-10-05_0756_N_VIIRS,CR_1078,31.45616,75.09809,2023-10-05 13:22:58,2023-10-05 07:56:00,0.029,-5.45,N,Agricultural Burn,CREAMS,21.RiceResidueFireBulletin_05Oct_2023_ICAR.pdf
26.1467_78.9012_2023-10-05_0755_N_VIIRS,CR_1138,26.14668,78.90124,2023-10-05 13:22:58,2023-10-05 07:55:00,0.029,-5.47,N,Agricultural Burn,CREAMS,21.RiceResidueFireBulletin_05Oct_2023_ICAR.pdf
31.4034_75.0405_2023-10-04_0815_N_VIIRS,CR_900,31.40344,75.04051,2023-10-04 13:41:53,2023-10-04 08:15:00,0.029,-5.45,N,Agricultural Burn,CREAMS,20.RiceResidueFireBulletin_04Oct_2023_ICAR.pdf
31.4187_75.1595_2023-10-04_0815_N_VIIRS,CR_902,31.4187,75.15945,2023-10-04 13:41:53,2023-10-04 08:15:00,0.029,-5.45,N,Agricultural Burn,CREAMS,20.RiceResidueFireBulletin_04Oct_2023_ICAR.pdf
23.8309_77.7103_2023-10-10_0800_N_VIIRS,CR_1838,23.83094,77.71029,2023-10-10 13:28:38,2023-10-10 08:00:00,0.029,-5.48,N,Agricultural Burn,CREAMS,26.RiceResidueFireBulletin_10Oct_2023_ICAR.pdf
31.6838_75.0159_2023-09-29_0809_N_VIIRS,CR_126,31.68377,75.01592,2023-09-29 13:35:30,2023-09-29 08:09:00,0.029,-5.44,N,Agricultural Burn,CREAMS,15.RiceResidueFireBulletin_29Sep_2023_ICAR.pdf
31.4298_75.0779_2023-10-04_0815_N_VIIRS,CR_903,31.42978,75.07787,2023-10-04 13:41:53,2023-10-04 08:15:00,0.029,-5.45,N,Agricultural Burn,CREAMS,20.RiceResidueFireBulletin_04Oct_2023_ICAR.pdf
28.4591_78.8053_2023-10-04_2039_N_VIIRS,CR_1119,28.45913,78.80527,2023-10-05 02:12:58,2023-10-04 20:39:00,0.029,-5.57,N,Agricultural Burn,CREAMS,21.RiceResidueFireBulletin_05Oct_2023_ICAR.pdf
31.5913_75.0679_2023-09-29_0809_N_VIIRS,CR_122,31.59126,75.06786,2023-09-29 13:35:30,2023-09-29 08:09:00,0.029,-5.44,N,Agricultural Burn,CREAMS,15.RiceResidueFireBulletin_29Sep_2023_ICAR.pdf
29.4977_75.5087_2023-10-04_0815_N_VIIRS,CR_927,29.49765,75.50874,2023-10-04 13:41:53,2023-10-04 08:15:00,0.029,-5.45,N,Agricultural Burn,CREAMS,20.RiceResidueFireBulletin_04Oct_2023_ICAR.pdf
27.5143_78.4265_2023-10-10_0801_N_VIIRS,CR_1743,27.51431,78.42648,2023-10-10 13:28:38,2023-10-10 08:01:00,0.029,-5.46,N,Agricultural Burn,CREAMS,26.RiceResidueFireBulletin_10Oct_2023_ICAR.pdf
31.6589_75.0591_2023-09-29_0809_N_VIIRS,CR_161,31.6589,75.05914,2023-09-29 13:35:30,2023-09-29 08:09:00,0.029,-5.44,N,Agricultural Burn,CREAMS,15.RiceResidueFireBulletin_29Sep_2023_ICAR.pdf
31.6771_75.1885_2023-09-29_0809_N_VIIRS,CR_162,31.67708,75.18852,2023-09-29 13:35:30,2023-09-29 08:09:00,0.029,-5.44,N,Agricultural Burn,CREAMS,15.RiceResidueFireBulletin_29Sep_2023_ICAR.pdf
31.6220_75.1647_2023-09-29_0809_N_VIIRS,CR_159,31.62199,75.16468,2023-09-29 13:35:30,2023-09-29 08:09:00,0.029,-5.44,N,Agricultural Burn,CREAMS,15.RiceResidueFireBulletin_29Sep_2023_ICAR.pdf
31.6486_75.2069_2023-09-29_0809_N_VIIRS,CR_155,31.64856,75.20685,2023-09-29 13:35:30,2023-09-29 08:09:00,0.029,-5.44,N,Agricultural Burn,CREAMS,15.RiceResidueFireBulletin_29Sep_2023_ICAR.pdf
22.7756_75.1922_2023-10-09_0819_N_VIIRS,CR_1669,22.77563,75.19218,2023-10-09 13:47:33,2023-10-09 08:19:00,0.029,-5.48,N,Agricultural Burn,CREAMS,25.RiceResidueFireBulletin_09Oct_2023_ICAR.pdf
29.5943_76.3674_2023-10-04_0815_N_VIIRS,CR_938,29.59427,76.36743,2023-10-04 13:41:53,2023-10-04 08:15:00,0.029,-5.45,N,Agricultural Burn,CREAMS,20.RiceResidueFireBulletin_04Oct_2023_ICAR.pdf
29.4532_74.4964_2023-10-04_0815_N_VIIRS,CR_980,29.45321,74.49636,2023-10-04 13:41:53,2023-10-04 08:15:00,0.029,-5.45,N,Agricultural Burn,CREAMS,20.RiceResidueFireBulletin_04Oct_2023_ICAR.pdf
26.8661_79.0062_2023-10-10_0801_N_VIIRS,CR_1749,26.86609,79.0062,2023-10-10 13:28:38,2023-10-10 08:01:00,0.029,-5.46,N,Agricultural Burn,CREAMS,26.RiceResidueFireBulletin_10Oct_2023_ICAR.pdf
31.7167_74.9207_2023-09-29_0809_N_VIIRS,CR_166,31.71668,74.92073,2023-09-29 13:35:30,2023-09-29 08:09:00,0.03,-5.44,N,Agricultural Burn,CREAMS,15.RiceResidueFireBulletin_29Sep_2023_ICAR.pdf
29.5800_75.8986_2023-10-04_0815_N_VIIRS,CR_929,29.58002,75.89864,2023-10-04 13:41:53,2023-10-04 08:15:00,0.03,-5.45,N,Agricultural Burn,CREAMS,20.RiceResidueFireBulletin_04Oct_2023_ICAR.pdf
31.4595_75.0973_2023-10-05_0756_N_VIIRS,CR_1080,31.45953,75.09733,2023-10-05 13:22:58,2023-10-05 07:56:00,0.03,-5.45,N,Agricultural Burn,CREAMS,21.RiceResidueFireBulletin_05Oct_2023_ICAR.pdf
29.5589_76.0208_2023-10-04_0815_N_VIIRS,CR_933,29.55891,76.02084,2023-10-04 13:41:53,2023-10-04 08:15:00,0.03,-5.45,N,Agricultural Burn,CREAMS,20.RiceResidueFireBulletin_04Oct_2023_ICAR.pdf
28.6910_77.9955_2023-10-11_0743_N_VIIRS,CR_1902,28.69097,77.99549,2023-10-11 13:10:25,2023-10-11 07:43:00,0.03,-5.46,N,Agricultural Burn,CREAMS,27.RiceResidueFireBulletin_11Oct_2023_ICAR.pdf
27.9541_77.7151_2023-09-30_0749_N_VIIRS,CR_322,27.95414,77.71507,2023-09-30 13:16:35,2023-09-30 07:49:00,0.03,-5.46,N,Agricultural Burn,CREAMS,16.RiceResidueFireBulletin_30Sep_2023_ICAR.pdf
31.6029_75.0528_2023-09-29_0809_N_VIIRS,CR_124,31.60292,75.05281,2023-09-29 13:35:30,2023-09-29 08:09:00,0.03,-5.44,N,Agricultural Burn,CREAMS,15.RiceResidueFireBulletin_29Sep_2023_ICAR.pdf
31.4169_75.0895_2023-10-04_0815_N_VIIRS,CR_901,31.41691,75.08946,2023-10-04 13:41:53,2023-10-04 08:15:00,0.03,-5.45,N,Agricultural Burn,CREAMS,20.RiceResidueFireBulletin_04Oct_2023_ICAR.pdf
31.7732_74.9311_2023-09-29_0809_N_VIIRS,CR_141,31.77315,74.9311,2023-09-29 13:35:30,2023-09-29 08:09:00,0.03,-5.44,N,Agricultural Burn,CREAMS,15.RiceResidueFireBulletin_29Sep_2023_ICAR.pdf
31.7401_74.9162_2023-09-29_0809_N_VIIRS,CR_135,31.74009,74.91619,2023-09-29 13:35:30,2023-09-29 08:09:00,0.03,-5.44,N,Agricultural Burn,CREAMS,15.RiceResidueFireBulletin_29Sep_2023_ICAR.pdf
31.7517_74.9736_2023-09-29_0809_N_VIIRS,CR_139,31.75167,74.97364,2023-09-29 13:35:30,2023-09-29 08:09:00,0.03,-5.44,N,Agricultural Burn,CREAMS,15.RiceResidueFireBulletin_29Sep_2023_ICAR.pdf
31.7208_74.9497_2023-09-29_0809_N_VIIRS,CR_130,31.72078,74.94975,2023-09-29 13:35:30,2023-09-29 08:09:00,0.03,-5.44,N,Agricultural Burn,CREAMS,15.RiceResidueFireBulletin_29Sep_2023_ICAR.pdf
31.7234_74.9194_2023-09-29_0809_N_VIIRS,CR_131,31.72337,74.91943,2023-09-29 13:35:30,2023-09-29 08:09:00,0.03,-5.44,N,Agricultural Burn,CREAMS,15.RiceResidueFireBulletin_29Sep_2023_ICAR.pdf
31.7326_74.9603_2023-09-29_0809_N_VIIRS,CR_133,31.73258,74.96026,2023-09-29 13:35:30,2023-09-29 08:09:00,0.03,-5.44,N,Agricultural Burn,CREAMS,15.RiceResidueFireBulletin_29Sep_2023_ICAR.pdf
27.7097_79.6797_2023-10-04_2040_N_VIIRS,CR_1122,27.7097,79.67973,2023-10-05 02:12:58,2023-10-04 20:40:00,0.03,-5.55,N,Agricultural Burn,CREAMS,21.RiceResidueFireBulletin_05Oct_2023_ICAR.pdf
31.5897_74.8133_2023-09-29_0809_N_VIIRS,CR_117,31.58968,74.81326,2023-09-29 13:35:30,2023-09-29 08:09:00,0.03,-5.44,N,Agricultural Burn,CREAMS,15.RiceResidueFireBulletin_29Sep_2023_ICAR.pdf
31.5959_75.1012_2023-09-29_0809_N_VIIRS,CR_123,31.5959,75.10115,2023-09-29 13:35:30,2023-09-29 08:09:00,0.03,-5.44,N,Agricultural Burn,CREAMS,15.RiceResidueFireBulletin_29Sep_2023_ICAR.pdf
31.7296_74.6513_2023-09-29_0809_N_VIIRS,CR_118,31.72962,74.65127,2023-09-29 13:35:30,2023-09-29 08:09:00,0.03,-5.44,N,Agricultural Burn,CREAMS,15.RiceResidueFireBulletin_29Sep_2023_ICAR.pdf
31.7931_74.9661_2023-09-29_0809_N_VIIRS,CR_144,31.79309,74.9661,2023-09-29 13:35:30,2023-09-29 08:09:00,0.03,-5.44,N,Agricultural Burn,CREAMS,15.RiceResidueFireBulletin_29Sep_2023_ICAR.pdf
31.7739_75.0334_2023-09-29_0809_N_VIIRS,CR_142,31.77389,75.03344,2023-09-29 13:35:30,2023-09-29 08:09:00,0.03,-5.44,N,Agricultural Burn,CREAMS,15.RiceResidueFireBulletin_29Sep_2023_ICAR.pdf
31.6572_75.2439_2023-09-29_0809_N_VIIRS,CR_156,31.65718,75.24394,2023-09-29 13:35:30,2023-09-29 08:09:00,0.03,-5.44,N,Agricultural Burn,CREAMS,15.RiceResidueFireBulletin_29Sep_2023_ICAR.pdf
31.6103_75.1798_2023-09-29_0809_N_VIIRS,CR_157,31.61029,75.17979,2023-09-29 13:35:30,2023-09-29 08:09:00,0.03,-5.44,N,Agricultural Burn,CREAMS,15.RiceResidueFireBulletin_29Sep_2023_ICAR.pdf
27.1127_80.2527_2023-10-10_0801_N_VIIRS,CR_1753,27.11269,80.25269,2023-10-10 13:28:38,2023-10-10 08:01:00,0.03,-5.46,N,Agricultural Burn,CREAMS,26.RiceResidueFireBulletin_10Oct_2023_ICAR.pdf
31.6277_75.0822_2023-09-29_0809_N_VIIRS,CR_160,31.6277,75.08223,2023-09-29 13:35:30,2023-09-29 08:09:00,0.03,-5.44,N,Agricultural Burn,CREAMS,15.RiceResidueFireBulletin_29Sep_2023_ICAR.pdf
31.7079_75.0290_2023-09-29_0809_N_VIIRS,CR_128,31.70785,75.02905,2023-09-29 13:35:30,2023-09-29 08:09:00,0.03,-5.44,N,Agricultural Burn,CREAMS,15.RiceResidueFireBulletin_29Sep_2023_ICAR.pdf
31.4732_75.1378_2023-10-05_0756_N_VIIRS,CR_1083,31.47318,75.1378,2023-10-05 13:22:58,2023-10-05 07:56:00,0.03,-5.45,N,Agricultural Burn,CREAMS,21.RiceResidueFireBulletin_05Oct_2023_ICAR.pdf
31.9080_74.7698_2023-09-29_0809_N_VIIRS,CR_113,31.90804,74.76978,2023-09-29 13:35:30,2023-09-29 08:09:00,0.03,-5.44,N,Agricultural Burn,CREAMS,15.RiceResidueFireBulletin_29Sep_2023_ICAR.pdf
31.9114_74.6970_2023-09-29_0809_N_VIIRS,CR_114,31.91139,74.69695,2023-09-29 13:35:30,2023-09-29 08:09:00,0.03,-5.44,N,Agricultural Burn,CREAMS,15.RiceResidueFireBulletin_29Sep_2023_ICAR.pdf
24.7465_77.0540_2023-10-10_0801_N_VIIRS,CR_1809,24.7465,77.05401,2023-10-10 13:28:38,2023-10-10 08:01:00,0.03,-5.46,N,Agricultural Burn,CREAMS,26.RiceResidueFireBulletin_10Oct_2023_ICAR.pdf
24.6947_77.1336_2023-10-10_0801_N_VIIRS,CR_1807,24.69467,77.13362,2023-10-10 13:28:38,2023-10-10 08:01:00,0.03,-5.46,N,Agricultural Burn,CREAMS,26.RiceResidueFireBulletin_10Oct_2023_ICAR.pdf
31.4041_75.3093_2023-10-05_0756_N_VIIRS,CR_1047,31.40414,75.3093,2023-10-05 13:22:58,2023-10-05 07:56:00,0.03,-5.45,N,Agricultural Burn,CREAMS,21.RiceResidueFireBulletin_05Oct_2023_ICAR.pdf
31.3819_75.0713_2023-10-05_0756_N_VIIRS,CR_1074,31.38187,75.07127,2023-10-05 13:22:58,2023-10-05 07:56:00,0.03,-5.45,N,Agricultural Burn,CREAMS,21.RiceResidueFireBulletin_05Oct_2023_ICAR.pdf
31.3914_75.0866_2023-10-05_0756_N_VIIRS,CR_1076,31.39142,75.08657,2023-10-05 13:22:58,2023-10-05 07:56:00,0.03,-5.45,N,Agricultural Burn,CREAMS,21.RiceResidueFireBulletin_05Oct_2023_ICAR.pdf
27.6700_78.3624_2023-09-30_0749_N_VIIRS,CR_333,27.66996,78.36237,2023-09-30 13:16:35,2023-09-30 07:49:00,0.03,-5.46,N,Agricultural Burn,CREAMS,16.RiceResidueFireBulletin_30Sep_2023_ICAR.pdf
27.6234_78.1590_2023-09-30_0749_N_VIIRS,CR_332,27.62344,78.15895,2023-09-30 13:16:35,2023-09-30 07:49:00,0.03,-5.46,N,Agricultural Burn,CREAMS,16.RiceResidueFireBulletin_30Sep_2023_ICAR.pdf
31.5154_75.4912_2023-10-04_0815_N_VIIRS,CR_878,31.51538,75.49118,2023-10-04 13:41:53,2023-10-04 08:15:00,0.03,-5.45,N,Agricultural Burn,CREAMS,20.RiceResidueFireBulletin_04Oct_2023_ICAR.pdf
24.8690_77.6897_2023-10-10_0801_N_VIIRS,CR_1834,24.869,77.68971,2023-10-10 13:28:38,2023-10-10 08:01:00,0.03,-5.46,N,Agricultural Burn,CREAMS,26.RiceResidueFireBulletin_10Oct_2023_ICAR.pdf
31.7592_75.1005_2023-09-29_0809_N_VIIRS,CR_140,31.7592,75.10054,2023-09-29 13:35:30,2023-09-29 08:09:00,0.03,-5.44,N,Agricultural Burn,CREAMS,15.RiceResidueFireBulletin_29Sep_2023_ICAR.pdf
31.4582_75.1107_2023-10-05_0756_N_VIIRS,CR_1079,31.45825,75.11069,2023-10-05 13:22:58,2023-10-05 07:56:00,0.03,-5.45,N,Agricultural Burn,CREAMS,21.RiceResidueFireBulletin_05Oct_2023_ICAR.pdf
29.4100_78.5296_2023-10-11_0743_N_VIIRS,CR_1899,29.40998,78.52955,2023-10-11 13:10:25,2023-10-11 07:43:00,0.03,-5.46,N,Agricultural Burn,CREAMS,27.RiceResidueFireBulletin_11Oct_2023_ICAR.pdf
29.5824_75.3867_2023-09-27_0706_N_VIIRS,CR_58,29.58244,75.38672,2023-09-27 12:33:03,2023-09-27 07:06:00,0.03,-5.45,N,Agricultural Burn,CREAMS,13.RiceResidueFireBulletin_27Sep_2023_ICAR.pdf
31.9461_74.8267_2023-10-04_0815_N_VIIRS,CR_823,31.94611,74.82671,2023-10-04 13:41:53,2023-10-04 08:15:00,0.03,-5.45,N,Agricultural Burn,CREAMS,20.RiceResidueFireBulletin_04Oct_2023_ICAR.pdf
31.8399_75.0298_2023-09-29_0809_N_VIIRS,CR_170,31.83988,75.02981,2023-09-29 13:35:30,2023-09-29 08:09:00,0.03,-5.44,N,Agricultural Burn,CREAMS,15.RiceResidueFireBulletin_29Sep_2023_ICAR.pdf
23.9382_77.2016_2023-10-05_0754_N_VIIRS,CR_1145,23.93818,77.20161,2023-10-05 13:22:58,2023-10-05 07:54:00,0.03,-5.48,N,Agricultural Burn,CREAMS,21.RiceResidueFireBulletin_05Oct_2023_ICAR.pdf
31.8907_74.7023_2023-10-04_0815_N_VIIRS,CR_822,31.89069,74.70233,2023-10-04 13:41:53,2023-10-04 08:15:00,0.031,-5.45,N,Agricultural Burn,CREAMS,20.RiceResidueFireBulletin_04Oct_2023_ICAR.pdf
24.7670_76.9881_2023-10-10_0801_N_VIIRS,CR_1810,24.76702,76.98805,2023-10-10 13:28:38,2023-10-10 08:01:00,0.031,-5.46,N,Agricultural Burn,CREAMS,26.RiceResidueFireBulletin_10Oct_2023_ICAR.pdf
26.6448_79.4793_2023-10-05_2021_N_VIIRS,CR_1269,26.64477,79.47929,2023-10-06 01:54:45,2023-10-05 20:21:00,0.031,-5.56,N,Agricultural Burn,CREAMS,22.RiceResidueFireBulletin_06Oct_2023_ICAR.pdf
24.7385_76.6039_2023-10-10_0801_N_VIIRS,CR_1767,24.73851,76.60387,2023-10-10 13:28:38,2023-10-10 08:01:00,0.031,-5.46,N,Agricultural Burn,CREAMS,26.RiceResidueFireBulletin_10Oct_2023_ICAR.pdf
29.4227_76.6527_2023-09-19_0756_N_VIIRS,CR_10,29.42268,76.65266,2023-09-19 13:23:26,2023-09-19 07:56:00,0.031,-5.46,N,Agricultural Burn,CREAMS,05.RiceResidueFireBulletin_19Sep_2023_ICAR.pdf
29.9434_77.1635_2023-09-25_0744_N_VIIRS,CR_26,29.94345,77.16348,2023-09-25 13:10:54,2023-09-25 07:44:00,0.031,-5.45,N,Agricultural Burn,CREAMS,11.RiceResidueFireBulletin_25Sep_2023_ICAR.pdf
30.4712_77.0954_2023-10-10_0802_N_VIIRS,CR_1701,30.47117,77.09541,2023-10-10 13:28:38,2023-10-10 08:02:00,0.031,-5.44,N,Agricultural Burn,CREAMS,26.RiceResidueFireBulletin_10Oct_2023_ICAR.pdf
28.6475_78.4081_2023-09-30_0749_N_VIIRS,CR_338,28.64749,78.40805,2023-09-30 13:16:35,2023-09-30 07:49:00,0.031,-5.46,N,Agricultural Burn,CREAMS,16.RiceResidueFireBulletin_30Sep_2023_ICAR.pdf
31.7395_74.9121_2023-09-29_0809_N_VIIRS,CR_134,31.73951,74.91206,2023-09-29 13:35:30,2023-09-29 08:09:00,0.031,-5.44,N,Agricultural Burn,CREAMS,15.RiceResidueFireBulletin_29Sep_2023_ICAR.pdf
31.7481_75.0213_2023-09-29_0809_N_VIIRS,CR_137,31.74807,75.02132,2023-09-29 13:35:30,2023-09-29 08:09:00,0.031,-5.44,N,Agricultural Burn,CREAMS,15.RiceResidueFireBulletin_29Sep_2023_ICAR.pdf
27.7007_79.6875_2023-10-04_2040_N_VIIRS,CR_1121,27.70075,79.68747,2023-10-05 02:12:58,2023-10-04 20:40:00,0.031,-5.55,N,Agricultural Burn,CREAMS,21.RiceResidueFireBulletin_05Oct_2023_ICAR.pdf
31.7004_75.0006_2023-09-29_0809_N_VIIRS,CR_127,31.70041,75.0006,2023-09-29 13:35:30,2023-09-29 08:09:00,0.031,-5.44,N,Agricultural Burn,CREAMS,15.RiceResidueFireBulletin_29Sep_2023_ICAR.pdf
31.8831_74.7152_2023-09-29_0809_N_VIIRS,CR_112,31.88314,74.71522,2023-09-29 13:35:30,2023-09-29 08:09:00,0.031,-5.44,N,Agricultural Burn,CREAMS,15.RiceResidueFireBulletin_29Sep_2023_ICAR.pdf
23.5576_79.8109_2023-10-10_0800_N_VIIRS,CR_1796,23.55757,79.81086,2023-10-10 13:28:38,2023-10-10 08:00:00,0.031,-5.48,N,Agricultural Burn,CREAMS,26.RiceResidueFireBulletin_10Oct_2023_ICAR.pdf
24.7727_76.9365_2023-10-10_0801_N_VIIRS,CR_1811,24.77274,76.93653,2023-10-10 13:28:38,2023-10-10 08:01:00,0.031,-5.46,N,Agricultural Burn,CREAMS,26.RiceResidueFireBulletin_10Oct_2023_ICAR.pdf
30.4699_77.0272_2023-09-30_0750_N_VIIRS,CR_300,30.46991,77.02725,2023-09-30 13:16:35,2023-09-30 07:50:00,0.031,-5.44,N,Agricultural Burn,CREAMS,16.RiceResidueFireBulletin_30Sep_2023_ICAR.pdf
29.0450_77.1046_2023-09-30_0750_N_VIIRS,CR_317,29.045,77.10462,2023-09-30 13:16:35,2023-09-30 07:50:00,0.031,-5.44,N,Agricultural Burn,CREAMS,16.RiceResidueFireBulletin_30Sep_2023_ICAR.pdf
31.4552_75.1766_2023-10-05_0756_N_VIIRS,CR_1077,31.45521,75.17664,2023-10-05 13:22:58,2023-10-05 07:56:00,0.031,-5.45,N,Agricultural Burn,CREAMS,21.RiceResidueFireBulletin_05Oct_2023_ICAR.pdf
31.2640_75.1409_2023-10-05_0756_N_VIIRS,CR_1049,31.264,75.14088,2023-10-05 13:22:58,2023-10-05 07:56:00,0.031,-5.45,N,Agricultural Burn,CREAMS,21.RiceResidueFireBulletin_05Oct_2023_ICAR.pdf
31.3466_75.2395_2023-10-05_0756_N_VIIRS,CR_1051,31.34663,75.23952,2023-10-05 13:22:58,2023-10-05 07:56:00,0.031,-5.45,N,Agricultural Burn,CREAMS,21.RiceResidueFireBulletin_05Oct_2023_ICAR.pdf
31.9959_74.8805_2023-09-29_0809_N_VIIRS,CR_116,31.99593,74.88052,2023-09-29 13:35:30,2023-09-29 08:09:00,0.031,-5.44,N,Agricultural Burn,CREAMS,15.RiceResidueFireBulletin_29Sep_2023_ICAR.pdf
31.9721_74.8339_2023-09-29_0809_N_VIIRS,CR_115,31.97211,74.83392,2023-09-29 13:35:30,2023-09-29 08:09:00,0.031,-5.44,N,Agricultural Burn,CREAMS,15.RiceResidueFireBulletin_29Sep_2023_ICAR.pdf
24.7264_76.7894_2023-10-10_0801_N_VIIRS,CR_1769,24.72636,76.78941,2023-10-10 13:28:38,2023-10-10 08:01:00,0.031,-5.46,N,Agricultural Burn,CREAMS,26.RiceResidueFireBulletin_10Oct_2023_ICAR.pdf
31.7137_75.0707_2023-09-29_0809_N_VIIRS,CR_129,31.71367,75.07072,2023-09-29 13:35:30,2023-09-29 08:09:00,0.031,-5.44,N,Agricultural Burn,CREAMS,15.RiceResidueFireBulletin_29Sep_2023_ICAR.pdf
28.2053_79.9419_2023-10-11_0743_N_VIIRS,CR_1929,28.20526,79.9419,2023-10-11 13:10:25,2023-10-11 07:43:00,0.031,-5.46,N,Agricultural Burn,CREAMS,27.RiceResidueFireBulletin_11Oct_2023_ICAR.pdf
31.7487_75.0255_2023-09-29_0809_N_VIIRS,CR_138,31.74866,75.02547,2023-09-29 13:35:30,2023-09-29 08:09:00,0.031,-5.44,N,Agricultural Burn,CREAMS,15.RiceResidueFireBulletin_29Sep_2023_ICAR.pdf
27.9764_77.4697_2023-09-30_0749_N_VIIRS,CR_312,27.97635,77.46967,2023-09-30 13:16:35,2023-09-30 07:49:00,0.031,-5.46,N,Agricultural Burn,CREAMS,16.RiceResidueFireBulletin_30Sep_2023_ICAR.pdf
24.9369_77.8736_2023-10-10_0801_N_VIIRS,CR_1790,24.93695,77.87357,2023-10-10 13:28:38,2023-10-10 08:01:00,0.031,-5.46,N,Agricultural Burn,CREAMS,26.RiceResidueFireBulletin_10Oct_2023_ICAR.pdf
24.7157_77.0482_2023-10-10_0801_N_VIIRS,CR_1808,24.71566,77.04821,2023-10-10 13:28:38,2023-10-10 08:01:00,0.031,-5.46,N,Agricultural Burn,CREAMS,26.RiceResidueFireBulletin_10Oct_2023_ICAR.pdf
25.4219_81.2907_2023-10-11_0742_N_VIIRS,CR_1914,25.42188,81.29074,2023-10-11 13:10:25,2023-10-11 07:42:00,0.031,-5.47,N,Agricultural Burn,CREAMS,27.RiceResidueFireBulletin_11Oct_2023_ICAR.pdf
31.7810_74.9381_2023-09-29_0809_N_VIIRS,CR_143,31.78102,74.9381,2023-09-29 13:35:30,2023-09-29 08:09:00,0.031,-5.44,N,Agricultural Burn,CREAMS,15.RiceResidueFireBulletin_29Sep_2023_ICAR.pdf
29.6120_75.9327_2023-10-09_0821_N_VIIRS,CR_1627,29.612,75.93269,2023-10-09 13:47:33,2023-10-09 08:21:00,0.031,-5.44,N,Agricultural Burn,CREAMS,25.RiceResidueFireBulletin_09Oct_2023_ICAR.pdf
22.8664_76.0542_2023-10-09_0819_N_VIIRS,CR_1667,22.86638,76.05424,2023-10-09 13:47:33,2023-10-09 08:19:00,0.031,-5.48,N,Agricultural Burn,CREAMS,25.RiceResidueFireBulletin_09Oct_2023_ICAR.pdf
31.7453_75.0261_2023-09-29_0809_N_VIIRS,CR_136,31.7453,75.02612,2023-09-29 13:35:30,2023-09-29 08:09:00,0.031,-5.44,N,Agricultural Burn,CREAMS,15.RiceResidueFireBulletin_29Sep_2023_ICAR.pdf
31.7304_74.9692_2023-09-29_0809_N_VIIRS,CR_132,31.7304,74.96921,2023-09-29 13:35:30,2023-09-29 08:09:00,0.031,-5.44,N,Agricultural Burn,CREAMS,15.RiceResidueFireBulletin_29Sep_2023_ICAR.pdf
25.1219_76.9011_2023-10-05_0755_N_VIIRS,CR_1132,25.12192,76.90107,2023-10-05 13:22:58,2023-10-05 07:55:00,0.031,-5.47,N,Agricultural Burn,CREAMS,21.RiceResidueFireBulletin_05Oct_2023_ICAR.pdf
27.9778_77.6050_2023-09-30_0749_N_VIIRS,CR_323,27.97775,77.60495,2023-09-30 13:16:35,2023-09-30 07:49:00,0.031,-5.46,N,Agricultural Burn,CREAMS,16.RiceResidueFireBulletin_30Sep_2023_ICAR.pdf
31.7977_75.0803_2023-09-29_0809_N_VIIRS,CR_145,31.79773,75.08028,2023-09-29 13:35:30,2023-09-29 08:09:00,0.031,-5.44,N,Agricultural Burn,CREAMS,15.RiceResidueFireBulletin_29Sep_2023_ICAR.pdf
30.5365_76.7106_2023-09-30_0750_N_VIIRS,CR_283,30.53655,76.71061,2023-09-30 13:16:35,2023-09-30 07:50:00,0.032,-5.44,N,Agricultural Burn,CREAMS,16.RiceResidueFireBulletin_30Sep_2023_ICAR.pdf
28.4625_80.0656_2023-09-30_0749_N_VIIRS,CR_335,28.46245,80.06557,2023-09-30 13:16:35,2023-09-30 07:49:00,0.032,-5.46,N,Agricultural Burn,CREAMS,16.RiceResidueFireBulletin_30Sep_2023_ICAR.pdf
22.8520_75.3792_2023-10-09_2047_N_VIIRS,CR_1801,22.85197,75.37923,2023-10-10 02:19:21,2023-10-09 20:47:00,0.032,-5.54,N,Agricultural Burn,CREAMS,26.RiceResidueFireBulletin_10Oct_2023_ICAR.pdf
25.0194_76.3206_2023-10-05_0755_N_VIIRS,CR_1125,25.01939,76.32058,2023-10-05 13:22:58,2023-10-05 07:55:00,0.032,-5.47,N,Agricultural Burn,CREAMS,21.RiceResidueFireBulletin_05Oct_2023_ICAR.pdf
22.7990_75.9467_2023-10-09_0819_N_VIIRS,CR_1682,22.79897,75.94667,2023-10-09 13:47:33,2023-10-09 08:19:00,0.032,-5.48,N,Agricultural Burn,CREAMS,25.RiceResidueFireBulletin_09Oct_2023_ICAR.pdf
22.7650_75.9652_2023-10-09_0819_N_VIIRS,CR_1681,22.76502,75.96522,2023-10-09 13:47:33,2023-10-09 08:19:00,0.032,-5.48,N,Agricultural Burn,CREAMS,25.RiceResidueFireBulletin_09Oct_2023_ICAR.pdf
31.2695_75.1527_2023-10-05_0756_N_VIIRS,CR_1050,31.26947,75.15271,2023-10-05 13:22:58,2023-10-05 07:56:00,0.032,-5.45,N,Agricultural Burn,CREAMS,21.RiceResidueFireBulletin_05Oct_2023_ICAR.pdf
23.5581_79.8150_2023-10-10_0800_N_VIIRS,CR_1797,23.55813,79.81499,2023-10-10 13:28:38,2023-10-10 08:00:00,0.032,-5.48,N,Agricultural Burn,CREAMS,26.RiceResidueFireBulletin_10Oct_2023_ICAR.pdf
28.3583_80.1414_2023-09-30_0749_N_VIIRS,CR_334,28.3583,80.14142,2023-09-30 13:16:35,2023-09-30 07:49:00,0.032,-5.46,N,Agricultural Burn,CREAMS,16.RiceResidueFireBulletin_30Sep_2023_ICAR.pdf
30.4647_76.9120_2023-09-30_0750_N_VIIRS,CR_286,30.4647,76.91201,2023-09-30 13:16:35,2023-09-30 07:50:00,0.032,-5.44,N,Agricultural Burn,CREAMS,16.RiceResidueFireBulletin_30Sep_2023_ICAR.pdf
30.4322_76.8846_2023-09-30_0750_N_VIIRS,CR_285,30.43218,76.88459,2023-09-30 13:16:35,2023-09-30 07:50:00,0.032,-5.44,N,Agricultural Burn,CREAMS,16.RiceResidueFireBulletin_30Sep_2023_ICAR.pdf
28.1060_77.4259_2023-09-30_0749_N_VIIRS,CR_313,28.10605,77.42593,2023-09-30 13:16:35,2023-09-30 07:49:00,0.032,-5.46,N,Agricultural Burn,CREAMS,16.RiceResidueFireBulletin_30Sep_2023_ICAR.pdf
30.4789_76.9132_2023-09-30_0750_N_VIIRS,CR_301,30.47886,76.91319,2023-09-30 13:16:35,2023-09-30 07:50:00,0.032,-5.44,N,Agricultural Burn,CREAMS,16.RiceResidueFireBulletin_30Sep_2023_ICAR.pdf
30.4791_77.1665_2023-09-30_0750_N_VIIRS,CR_298,30.47905,77.16652,2023-09-30 13:16:35,2023-09-30 07:50:00,0.032,-5.44,N,Agricultural Burn,CREAMS,16.RiceResidueFireBulletin_30Sep_2023_ICAR.pdf
24.8618_76.3817_2023-10-04_0813_N_VIIRS,CR_987,24.86175,76.3817,2023-10-04 13:41:53,2023-10-04 08:13:00,0.032,-5.48,N,Agricultural Burn,CREAMS,20.RiceResidueFireBulletin_04Oct_2023_ICAR.pdf
26.0254_76.7173_2023-10-10_0801_N_VIIRS,CR_1788,26.0254,76.71735,2023-10-10 13:28:38,2023-10-10 08:01:00,0.032,-5.46,N,Agricultural Burn,CREAMS,26.RiceResidueFireBulletin_10Oct_2023_ICAR.pdf
31.2808_75.1490_2023-10-04_0815_N_VIIRS,CR_880,31.28077,75.14904,2023-10-04 13:41:53,2023-10-04 08:15:00,0.032,-5.45,N,Agricultural Burn,CREAMS,20.RiceResidueFireBulletin_04Oct_2023_ICAR.pdf
31.3259_75.2493_2023-10-04_0815_N_VIIRS,CR_881,31.32594,75.24928,2023-10-04 13:41:53,2023-10-04 08:15:00,0.032,-5.45,N,Agricultural Burn,CREAMS,20.RiceResidueFireBulletin_04Oct_2023_ICAR.pdf
31.3690_75.3034_2023-10-04_0815_N_VIIRS,CR_877,31.36901,75.3034,2023-10-04 13:41:53,2023-10-04 08:15:00,0.032,-5.45,N,Agricultural Burn,CREAMS,20.RiceResidueFireBulletin_04Oct_2023_ICAR.pdf
23.2492_77.2446_2023-10-10_0800_N_VIIRS,CR_1795,23.24924,77.24455,2023-10-10 13:28:38,2023-10-10 08:00:00,0.032,-5.48,N,Agricultural Burn,CREAMS,26.RiceResidueFireBulletin_10Oct_2023_ICAR.pdf
28.4771_80.0713_2023-10-11_0743_N_VIIRS,CR_1931,28.47713,80.07135,2023-10-11 13:10:25,2023-10-11 07:43:00,0.032,-5.46,N,Agricultural Burn,CREAMS,27.RiceResidueFireBulletin_11Oct_2023_ICAR.pdf
24.6529_77.7260_2023-10-05_0754_N_VIIRS,CR_1136,24.65286,77.72597,2023-10-05 13:22:58,2023-10-05 07:54:00,0.032,-5.48,N,Agricultural Burn,CREAMS,21.RiceResidueFireBulletin_05Oct_2023_ICAR.pdf
30.5334_76.6500_2023-09-30_0750_N_VIIRS,CR_282,30.53338,76.65001,2023-09-30 13:16:35,2023-09-30 07:50:00,0.032,-5.44,N,Agricultural Burn,CREAMS,16.RiceResidueFireBulletin_30Sep_2023_ICAR.pdf
28.6574_78.3408_2023-09-30_0749_N_VIIRS,CR_327,28.65739,78.34081,2023-09-30 13:16:35,2023-09-30 07:49:00,0.032,-5.46,N,Agricultural Burn,CREAMS,16.RiceResidueFireBulletin_30Sep_2023_ICAR.pdf
23.4605_77.0989_2023-10-10_0800_N_VIIRS,CR_1829,23.46048,77.09893,2023-10-10 13:28:38,2023-10-10 08:00:00,0.032,-5.48,N,Agricultural Burn,CREAMS,26.RiceResidueFireBulletin_10Oct_2023_ICAR.pdf
29.8086_76.0202_2023-10-10_0802_N_VIIRS,CR_1699,29.80863,76.0202,2023-10-10 13:28:38,2023-10-10 08:02:00,0.032,-5.44,N,Agricultural Burn,CREAMS,26.RiceResidueFireBulletin_10Oct_2023_ICAR.pdf
29.5625_74.3366_2023-10-03_2058_N_VIIRS,CR_978,29.56246,74.33663,2023-10-04 02:31:53,2023-10-03 20:58:00,0.032,-5.56,N,Agricultural Burn,CREAMS,20.RiceResidueFireBulletin_04Oct_2023_ICAR.pdf
24.8362_76.4030_2023-10-04_0813_N_VIIRS,CR_983,24.83624,76.40295,2023-10-04 13:41:53,2023-10-04 08:13:00,0.032,-5.48,N,Agricultural Burn,CREAMS,20.RiceResidueFireBulletin_04Oct_2023_ICAR.pdf
22.9817_75.3037_2023-10-09_0819_N_VIIRS,CR_1670,22.9817,75.30373,2023-10-09 13:47:33,2023-10-09 08:19:00,0.032,-5.48,N,Agricultural Burn,CREAMS,25.RiceResidueFireBulletin_09Oct_2023_ICAR.pdf
28.0011_77.7681_2023-09-30_0749_N_VIIRS,CR_324,28.00114,77.76813,2023-09-30 13:16:35,2023-09-30 07:49:00,0.032,-5.46,N,Agricultural Burn,CREAMS,16.RiceResidueFireBulletin_30Sep_2023_ICAR.pdf
27.9516_77.5755_2023-10-06_0737_N_VIIRS,CR_1265,27.9516,77.57545,2023-10-06 13:04:02,2023-10-06 07:37:00,0.032,-5.45,N,Agricultural Burn,CREAMS,22.RiceResidueFireBulletin_06Oct_2023_ICAR.pdf
23.8779_77.7716_2023-10-04_0813_N_VIIRS,CR_966,23.87791,77.77158,2023-10-04 13:41:53,2023-10-04 08:13:00,0.032,-5.48,N,Agricultural Burn,CREAMS,20.RiceResidueFireBulletin_04Oct_2023_ICAR.pdf
28.1155_77.6105_2023-09-30_0749_N_VIIRS,CR_330,28.11546,77.61045,2023-09-30 13:16:35,2023-09-30 07:49:00,0.032,-5.46,N,Agricultural Burn,CREAMS,16.RiceResidueFireBulletin_30Sep_2023_ICAR.pdf
29.5796_75.8544_2023-10-09_0821_N_VIIRS,CR_1625,29.57956,75.85442,2023-10-09 13:47:33,2023-10-09 08:21:00,0.032,-5.44,N,Agricultural Burn,CREAMS,25.RiceResidueFireBulletin_09Oct_2023_ICAR.pdf
30.5679_76.7605_2023-10-05_0756_N_VIIRS,CR_1063,30.56793,76.76045,2023-10-05 13:22:58,2023-10-05 07:56:00,0.033,-5.45,N,Agricultural Burn,CREAMS,21.RiceResidueFireBulletin_05Oct_2023_ICAR.pdf
30.5508_76.6940_2023-10-05_0756_N_VIIRS,CR_1062,30.55078,76.69398,2023-10-05 13:22:58,2023-10-05 07:56:00,0.033,-5.45,N,Agricultural Burn,CREAMS,21.RiceResidueFireBulletin_05Oct_2023_ICAR.pdf
30.5423_76.6834_2023-10-05_0756_N_VIIRS,CR_1060,30.54231,76.68336,2023-10-05 13:22:58,2023-10-05 07:56:00,0.033,-5.45,N,Agricultural Burn,CREAMS,21.RiceResidueFireBulletin_05Oct_2023_ICAR.pdf
30.2872_76.2678_2023-10-05_0756_N_VIIRS,CR_1056,30.28716,76.26785,2023-10-05 13:22:58,2023-10-05 07:56:00,0.033,-5.45,N,Agricultural Burn,CREAMS,21.RiceResidueFireBulletin_05Oct_2023_ICAR.pdf
28.1134_77.6614_2023-09-30_0749_N_VIIRS,CR_326,28.11337,77.66141,2023-09-30 13:16:35,2023-09-30 07:49:00,0.033,-5.46,N,Agricultural Burn,CREAMS,16.RiceResidueFireBulletin_30Sep_2023_ICAR.pdf
28.0284_77.5485_2023-09-30_0749_N_VIIRS,CR_325,28.0284,77.54846,2023-09-30 13:16:35,2023-09-30 07:49:00,0.033,-5.46,N,Agricultural Burn,CREAMS,16.RiceResidueFireBulletin_30Sep_2023_ICAR.pdf
23.9888_78.0908_2023-09-30_0748_N_VIIRS,CR_353,23.98881,78.09083,2023-09-30 13:16:35,2023-09-30 07:48:00,0.033,-5.48,N,Agricultural Burn,CREAMS,16.RiceResidueFireBulletin_30Sep_2023_ICAR.pdf
24.7886_79.9532_2023-10-11_0742_N_VIIRS,CR_1962,24.78862,79.95322,2023-10-11 13:10:25,2023-10-11 07:42:00,0.033,-5.47,N,Agricultural Burn,CREAMS,27.RiceResidueFireBulletin_11Oct_2023_ICAR.pdf
31.7354_74.9731_2023-10-04_0815_N_VIIRS,CR_846,31.73538,74.97309,2023-10-04 13:41:53,2023-10-04 08:15:00,0.033,-5.45,N,Agricultural Burn,CREAMS,20.RiceResidueFireBulletin_04Oct_2023_ICAR.pdf
29.7980_76.0631_2023-10-10_0802_N_VIIRS,CR_1697,29.79804,76.06307,2023-10-10 13:28:38,2023-10-10 08:02:00,0.033,-5.44,N,Agricultural Burn,CREAMS,26.RiceResidueFireBulletin_10Oct_2023_ICAR.pdf
26.3249_79.7946_2023-10-11_0742_N_VIIRS,CR_1912,26.32492,79.79459,2023-10-11 13:10:25,2023-10-11 07:42:00,0.033,-5.47,N,Agricultural Burn,CREAMS,27.RiceResidueFireBulletin_11Oct_2023_ICAR.pdf
26.2606_80.1061_2023-10-11_0742_N_VIIRS,CR_1911,26.26061,80.10608,2023-10-11 13:10:25,2023-10-11 07:42:00,0.033,-5.47,N,Agricultural Burn,CREAMS,27.RiceResidueFireBulletin_11Oct_2023_ICAR.pdf
23.1238_76.0127_2023-10-09_0819_N_VIIRS,CR_1668,23.1238,76.01272,2023-10-09 13:47:33,2023-10-09 08:19:00,0.033,-5.48,N,Agricultural Burn,CREAMS,25.RiceResidueFireBulletin_09Oct_2023_ICAR.pdf
22.9219_75.7796_2023-10-10_0800_N_VIIRS,CR_1821,22.92193,75.77955,2023-10-10 13:28:38,2023-10-10 08:00:00,0.033,-5.48,N,Agricultural Burn,CREAMS,26.RiceResidueFireBulletin_10Oct_2023_ICAR.pdf
31.0552_75.2196_2023-10-05_0756_N_VIIRS,CR_1045,31.05523,75.21957,2023-10-05 13:22:58,2023-10-05 07:56:00,0.033,-5.45,N,Agricultural Burn,CREAMS,21.RiceResidueFireBulletin_05Oct_2023_ICAR.pdf
31.0210_75.4130_2023-10-05_0756_N_VIIRS,CR_1044,31.02101,75.41297,2023-10-05 13:22:58,2023-10-05 07:56:00,0.033,-5.45,N,Agricultural Burn,CREAMS,21.RiceResidueFireBulletin_05Oct_2023_ICAR.pdf
30.1968_75.5412_2023-10-05_0756_N_VIIRS,CR_1038,30.19682,75.54119,2023-10-05 13:22:58,2023-10-05 07:56:00,0.033,-5.45,N,Agricultural Burn,CREAMS,21.RiceResidueFireBulletin_05Oct_2023_ICAR.pdf
28.0023_77.5679_2023-09-29_0808_N_VIIRS,CR_199,28.00232,77.56786,2023-09-29 13:35:30,2023-09-29 08:08:00,0.033,-5.46,N,Agricultural Burn,CREAMS,15.RiceResidueFireBulletin_29Sep_2023_ICAR.pdf
28.9626_77.1743_2023-09-29_0808_N_VIIRS,CR_190,28.96263,77.17432,2023-09-29 13:35:30,2023-09-29 08:08:00,0.033,-5.46,N,Agricultural Burn,CREAMS,15.RiceResidueFireBulletin_29Sep_2023_ICAR.pdf
24.8782_76.9315_2023-10-04_0813_N_VIIRS,CR_970,24.87815,76.93148,2023-10-04 13:41:53,2023-10-04 08:13:00,0.033,-5.48,N,Agricultural Burn,CREAMS,20.RiceResidueFireBulletin_04Oct_2023_ICAR.pdf
29.8066_75.9839_2023-10-10_0802_N_VIIRS,CR_1698,29.80658,75.98391,2023-10-10 13:28:38,2023-10-10 08:02:00,0.033,-5.44,N,Agricultural Burn,CREAMS,26.RiceResidueFireBulletin_10Oct_2023_ICAR.pdf
23.2819_76.7989_2023-10-10_0800_N_VIIRS,CR_1830,23.28187,76.79888,2023-10-10 13:28:38,2023-10-10 08:00:00,0.033,-5.48,N,Agricultural Burn,CREAMS,26.RiceResidueFireBulletin_10Oct_2023_ICAR.pdf
23.3528_77.1681_2023-10-10_0800_N_VIIRS,CR_1828,23.35283,77.16809,2023-10-10 13:28:38,2023-10-10 08:00:00,0.033,-5.48,N,Agricultural Burn,CREAMS,26.RiceResidueFireBulletin_10Oct_2023_ICAR.pdf
30.4387_76.9057_2023-09-29_0809_N_VIIRS,CR_180,30.43872,76.90575,2023-09-29 13:35:30,2023-09-29 08:09:00,0.033,-5.44,N,Agricultural Burn,CREAMS,15.RiceResidueFireBulletin_29Sep_2023_ICAR.pdf
24.8539_76.9943_2023-10-05_0755_N_VIIRS,CR_1143,24.85386,76.99431,2023-10-05 13:22:58,2023-10-05 07:55:00,0.033,-5.47,N,Agricultural Burn,CREAMS,21.RiceResidueFireBulletin_05Oct_2023_ICAR.pdf
31.3774_75.1181_2023-10-04_0815_N_VIIRS,CR_898,31.37742,75.11813,2023-10-04 13:41:53,2023-10-04 08:15:00,0.033,-5.45,N,Agricultural Burn,CREAMS,20.RiceResidueFireBulletin_04Oct_2023_ICAR.pdf
27.9602_77.6368_2023-10-11_0743_N_VIIRS,CR_1924,27.96025,77.63677,2023-10-11 13:10:25,2023-10-11 07:43:00,0.033,-5.46,N,Agricultural Burn,CREAMS,27.RiceResidueFireBulletin_11Oct_2023_ICAR.pdf
27.9150_77.5703_2023-10-11_0743_N_VIIRS,CR_1923,27.915,77.57025,2023-10-11 13:10:25,2023-10-11 07:43:00,0.033,-5.46,N,Agricultural Burn,CREAMS,27.RiceResidueFireBulletin_11Oct_2023_ICAR.pdf
24.7182_77.7057_2023-10-05_0754_N_VIIRS,CR_1137,24.71816,77.70567,2023-10-05 13:22:58,2023-10-05 07:54:00,0.033,-5.48,N,Agricultural Burn,CREAMS,21.RiceResidueFireBulletin_05Oct_2023_ICAR.pdf
26.8959_81.4805_2023-10-11_0742_N_VIIRS,CR_1896,26.89595,81.48051,2023-10-11 13:10:25,2023-10-11 07:42:00,0.033,-5.47,N,Agricultural Burn,CREAMS,27.RiceResidueFireBulletin_11Oct_2023_ICAR.pdf
28.4448_78.8396_2023-10-11_0743_N_VIIRS,CR_1890,28.4448,78.83955,2023-10-11 13:10:25,2023-10-11 07:43:00,0.033,-5.46,N,Agricultural Burn,CREAMS,27.RiceResidueFireBulletin_11Oct_2023_ICAR.pdf
26.4270_81.6463_2023-10-11_0742_N_VIIRS,CR_1889,26.42696,81.64627,2023-10-11 13:10:25,2023-10-11 07:42:00,0.033,-5.47,N,Agricultural Burn,CREAMS,27.RiceResidueFireBulletin_11Oct_2023_ICAR.pdf
23.7181_76.8659_2023-09-29_0807_N_VIIRS,CR_211,23.71812,76.86592,2023-09-29 13:35:30,2023-09-29 08:07:00,0.033,-5.47,N,Agricultural Burn,CREAMS,15.RiceResidueFireBulletin_29Sep_2023_ICAR.pdf
28.0370_77.6396_2023-09-29_0808_N_VIIRS,CR_201,28.03698,77.6396,2023-09-29 13:35:30,2023-09-29 08:08:00,0.033,-5.46,N,Agricultural Burn,CREAMS,15.RiceResidueFireBulletin_29Sep_2023_ICAR.pdf
31.2588_75.1960_2023-10-01_0731_N_VIIRS,CR_447,31.2588,75.19601,2023-10-01 12:57:39,2023-10-01 07:31:00,0.033,-5.44,N,Agricultural Burn,CREAMS,17.RiceResidueFireBulletin_01Oct_2023_ICAR.pdf
24.7170_76.8032_2023-10-05_0755_N_VIIRS,CR_1129,24.71696,76.80316,2023-10-05 13:22:58,2023-10-05 07:55:00,0.033,-5.47,N,Agricultural Burn,CREAMS,21.RiceResidueFireBulletin_05Oct_2023_ICAR.pdf
28.0076_77.5533_2023-09-29_0808_N_VIIRS,CR_200,28.00762,77.55335,2023-09-29 13:35:30,2023-09-29 08:08:00,0.033,-5.46,N,Agricultural Burn,CREAMS,15.RiceResidueFireBulletin_29Sep_2023_ICAR.pdf
30.4288_76.8854_2023-09-30_0750_N_VIIRS,CR_284,30.42881,76.88535,2023-09-30 13:16:35,2023-09-30 07:50:00,0.033,-5.44,N,Agricultural Burn,CREAMS,16.RiceResidueFireBulletin_30Sep_2023_ICAR.pdf
30.3423_76.2105_2023-09-30_0750_N_VIIRS,CR_281,30.34228,76.21053,2023-09-30 13:16:35,2023-09-30 07:50:00,0.033,-5.44,N,Agricultural Burn,CREAMS,16.RiceResidueFireBulletin_30Sep_2023_ICAR.pdf
30.9380_76.2383_2023-09-30_0750_N_VIIRS,CR_280,30.93801,76.2383,2023-09-30 13:16:35,2023-09-30 07:50:00,0.033,-5.44,N,Agricultural Burn,CREAMS,16.RiceResidueFireBulletin_30Sep_2023_ICAR.pdf
29.6576_74.3503_2023-10-09_0821_N_VIIRS,CR_1660,29.65761,74.35034,2023-10-09 13:47:33,2023-10-09 08:21:00,0.033,-5.44,N,Agricultural Burn,CREAMS,25.RiceResidueFireBulletin_09Oct_2023_ICAR.pdf
29.7430_75.8783_2023-10-10_0802_N_VIIRS,CR_1710,29.74303,75.87835,2023-10-10 13:28:38,2023-10-10 08:02:00,0.033,-5.44,N,Agricultural Burn,CREAMS,26.RiceResidueFireBulletin_10Oct_2023_ICAR.pdf
27.2418_81.2115_2023-10-10_0801_N_VIIRS,CR_1732,27.24176,81.2115,2023-10-10 13:28:38,2023-10-10 08:01:00,0.033,-5.46,N,Agricultural Burn,CREAMS,26.RiceResidueFireBulletin_10Oct_2023_ICAR.pdf
27.8816_77.4470_2023-10-11_0743_N_VIIRS,CR_1882,27.88162,77.44704,2023-10-11 13:10:25,2023-10-11 07:43:00,0.033,-5.46,N,Agricultural Burn,CREAMS,27.RiceResidueFireBulletin_11Oct_2023_ICAR.pdf
27.9690_77.4759_2023-10-11_0743_N_VIIRS,CR_1881,27.96897,77.47589,2023-10-11 13:10:25,2023-10-11 07:43:00,0.033,-5.46,N,Agricultural Burn,CREAMS,27.RiceResidueFireBulletin_11Oct_2023_ICAR.pdf
31.3501_75.2404_2023-10-04_0815_N_VIIRS,CR_883,31.35007,75.24039,2023-10-04 13:41:53,2023-10-04 08:15:00,0.033,-5.45,N,Agricultural Burn,CREAMS,20.RiceResidueFireBulletin_04Oct_2023_ICAR.pdf
31.3318_75.2388_2023-10-04_0815_N_VIIRS,CR_882,31.33182,75.23882,2023-10-04 13:41:53,2023-10-04 08:15:00,0.033,-5.45,N,Agricultural Burn,CREAMS,20.RiceResidueFireBulletin_04Oct_2023_ICAR.pdf
31.7137_74.9442_2023-10-04_0815_N_VIIRS,CR_868,31.71374,74.94421,2023-10-04 13:41:53,2023-10-04 08:15:00,0.033,-5.45,N,Agricultural Burn,CREAMS,20.RiceResidueFireBulletin_04Oct_2023_ICAR.pdf
23.2438_77.2532_2023-10-10_0800_N_VIIRS,CR_1794,23.24377,77.25321,2023-10-10 13:28:38,2023-10-10 08:00:00,0.033,-5.48,N,Agricultural Burn,CREAMS,26.RiceResidueFireBulletin_10Oct_2023_ICAR.pdf
31.4471_75.0009_2023-10-11_0744_N_VIIRS,CR_1865,31.44714,75.00087,2023-10-11 13:10:25,2023-10-11 07:44:00,0.033,-5.44,N,Agricultural Burn,CREAMS,27.RiceResidueFireBulletin_11Oct_2023_ICAR.pdf
31.4372_74.8684_2023-10-11_0744_N_VIIRS,CR_1864,31.43716,74.86839,2023-10-11 13:10:25,2023-10-11 07:44:00,0.033,-5.44,N,Agricultural Burn,CREAMS,27.RiceResidueFireBulletin_11Oct_2023_ICAR.pdf
29.9255_76.4635_2023-10-10_0802_N_VIIRS,CR_1721,29.92552,76.46347,2023-10-10 13:28:38,2023-10-10 08:02:00,0.033,-5.44,N,Agricultural Burn,CREAMS,26.RiceResidueFireBulletin_10Oct_2023_ICAR.pdf
31.2610_74.5587_2023-10-10_0803_N_VIIRS,CR_1700,31.26099,74.55865,2023-10-10 13:28:38,2023-10-10 08:03:00,0.033,-5.43,N,Agricultural Burn,CREAMS,26.RiceResidueFireBulletin_10Oct_2023_ICAR.pdf
23.4744_77.9504_2023-10-10_0800_N_VIIRS,CR_1840,23.47437,77.95043,2023-10-10 13:28:38,2023-10-10 08:00:00,0.033,-5.48,N,Agricultural Burn,CREAMS,26.RiceResidueFireBulletin_10Oct_2023_ICAR.pdf
30.5508_76.7599_2023-10-05_0756_N_VIIRS,CR_1072,30.55081,76.75988,2023-10-05 13:22:58,2023-10-05 07:56:00,0.033,-5.45,N,Agricultural Burn,CREAMS,21.RiceResidueFireBulletin_05Oct_2023_ICAR.pdf
26.1085_78.8348_2023-10-11_0742_N_VIIRS,CR_1968,26.10853,78.83483,2023-10-11 13:10:25,2023-10-11 07:42:00,0.033,-5.47,N,Agricultural Burn,CREAMS,27.RiceResidueFireBulletin_11Oct_2023_ICAR.pdf
29.6320_75.9019_2023-10-09_0821_N_VIIRS,CR_1628,29.63197,75.90189,2023-10-09 13:47:33,2023-10-09 08:21:00,0.033,-5.44,N,Agricultural Burn,CREAMS,25.RiceResidueFireBulletin_09Oct_2023_ICAR.pdf
29.5301_76.0821_2023-10-09_0821_N_VIIRS,CR_1630,29.53011,76.08207,2023-10-09 13:47:33,2023-10-09 08:21:00,0.033,-5.44,N,Agricultural Burn,CREAMS,25.RiceResidueFireBulletin_09Oct_2023_ICAR.pdf
29.5650_76.2137_2023-10-09_0821_N_VIIRS,CR_1631,29.56499,76.21366,2023-10-09 13:47:33,2023-10-09 08:21:00,0.033,-5.44,N,Agricultural Burn,CREAMS,25.RiceResidueFireBulletin_09Oct_2023_ICAR.pdf
23.6185_77.6577_2023-10-06_0735_N_VIIRS,CR_1297,23.61852,77.65765,2023-10-06 13:04:02,2023-10-06 07:35:00,0.033,-5.48,N,Agricultural Burn,CREAMS,22.RiceResidueFireBulletin_06Oct_2023_ICAR.pdf
31.7289_74.9229_2023-10-04_0815_N_VIIRS,CR_843,31.72889,74.92289,2023-10-04 13:41:53,2023-10-04 08:15:00,0.033,-5.45,N,Agricultural Burn,CREAMS,20.RiceResidueFireBulletin_04Oct_2023_ICAR.pdf
31.6956_75.0551_2023-10-04_0815_N_VIIRS,CR_840,31.6956,75.05511,2023-10-04 13:41:53,2023-10-04 08:15:00,0.033,-5.45,N,Agricultural Burn,CREAMS,20.RiceResidueFireBulletin_04Oct_2023_ICAR.pdf
31.7290_75.0634_2023-10-04_0815_N_VIIRS,CR_844,31.72902,75.06337,2023-10-04 13:41:53,2023-10-04 08:15:00,0.034,-5.45,N,Agricultural Burn,CREAMS,20.RiceResidueFireBulletin_04Oct_2023_ICAR.pdf
28.3271_79.2353_2023-10-06_0737_N_VIIRS,CR_1272,28.32711,79.23531,2023-10-06 13:04:02,2023-10-06 07:37:00,0.034,-5.45,N,Agricultural Burn,CREAMS,22.RiceResidueFireBulletin_06Oct_2023_ICAR.pdf
30.5446_76.7200_2023-10-05_0756_N_VIIRS,CR_1061,30.54461,76.71999,2023-10-05 13:22:58,2023-10-05 07:56:00,0.034,-5.45,N,Agricultural Burn,CREAMS,21.RiceResidueFireBulletin_05Oct_2023_ICAR.pdf
31.7312_74.9132_2023-10-04_0815_N_VIIRS,CR_845,31.73121,74.91317,2023-10-04 13:41:53,2023-10-04 08:15:00,0.034,-5.45,N,Agricultural Burn,CREAMS,20.RiceResidueFireBulletin_04Oct_2023_ICAR.pdf
28.4534_77.3903_2023-10-10_0802_N_VIIRS,CR_1703,28.45338,77.39027,2023-10-10 13:28:38,2023-10-10 08:02:00,0.034,-5.44,N,Agricultural Burn,CREAMS,26.RiceResidueFireBulletin_10Oct_2023_ICAR.pdf
28.1269_77.8163_2023-10-04_0814_N_VIIRS,CR_946,28.12686,77.81631,2023-10-04 13:41:53,2023-10-04 08:14:00,0.034,-5.46,N,Agricultural Burn,CREAMS,20.RiceResidueFireBulletin_04Oct_2023_ICAR.pdf
31.2457_75.3305_2023-10-05_0756_N_VIIRS,CR_1048,31.24573,75.33053,2023-10-05 13:22:58,2023-10-05 07:56:00,0.034,-5.45,N,Agricultural Burn,CREAMS,21.RiceResidueFireBulletin_05Oct_2023_ICAR.pdf
25.1974_76.3536_2023-10-10_0801_N_VIIRS,CR_1766,25.19737,76.35358,2023-10-10 13:28:38,2023-10-10 08:01:00,0.034,-5.46,N,Agricultural Burn,CREAMS,26.RiceResidueFireBulletin_10Oct_2023_ICAR.pdf
23.1321_77.0221_2023-10-09_0819_N_VIIRS,CR_1687,23.13209,77.02206,2023-10-09 13:47:33,2023-10-09 08:19:00,0.034,-5.48,N,Agricultural Burn,CREAMS,25.RiceResidueFireBulletin_09Oct_2023_ICAR.pdf
30.1216_76.0989_2023-10-10_0802_N_VIIRS,CR_1695,30.12161,76.0989,2023-10-10 13:28:38,2023-10-10 08:02:00,0.034,-5.44,N,Agricultural Burn,CREAMS,26.RiceResidueFireBulletin_10Oct_2023_ICAR.pdf
27.9786_77.6629_2023-09-29_0808_N_VIIRS,CR_197,27.97861,77.66291,2023-09-29 13:35:30,2023-09-29 08:08:00,0.034,-5.46,N,Agricultural Burn,CREAMS,15.RiceResidueFireBulletin_29Sep_2023_ICAR.pdf
24.6462_76.9684_2023-10-05_0755_N_VIIRS,CR_1128,24.64623,76.96841,2023-10-05 13:22:58,2023-10-05 07:55:00,0.034,-5.47,N,Agricultural Burn,CREAMS,21.RiceResidueFireBulletin_05Oct_2023_ICAR.pdf
31.2576_75.1907_2023-10-01_0731_N_VIIRS,CR_446,31.25764,75.1907,2023-10-01 12:57:39,2023-10-01 07:31:00,0.034,-5.44,N,Agricultural Burn,CREAMS,17.RiceResidueFireBulletin_01Oct_2023_ICAR.pdf
23.2081_76.6727_2023-10-10_0800_N_VIIRS,CR_1832,23.20807,76.67272,2023-10-10 13:28:38,2023-10-10 08:00:00,0.034,-5.48,N,Agricultural Burn,CREAMS,26.RiceResidueFireBulletin_10Oct_2023_ICAR.pdf
23.0463_75.9416_2023-10-10_0800_N_VIIRS,CR_1836,23.04633,75.94165,2023-10-10 13:28:38,2023-10-10 08:00:00,0.034,-5.48,N,Agricultural Burn,CREAMS,26.RiceResidueFireBulletin_10Oct_2023_ICAR.pdf
23.0639_75.7079_2023-10-10_0800_N_VIIRS,CR_1837,23.06392,75.7079,2023-10-10 13:28:38,2023-10-10 08:00:00,0.034,-5.48,N,Agricultural Burn,CREAMS,26.RiceResidueFireBulletin_10Oct_2023_ICAR.pdf
31.5225_74.9095_2023-10-04_0815_N_VIIRS,CR_915,31.52252,74.90945,2023-10-04 13:41:53,2023-10-04 08:15:00,0.034,-5.45,N,Agricultural Burn,CREAMS,20.RiceResidueFireBulletin_04Oct_2023_ICAR.pdf
31.2419_75.1840_2023-10-01_0731_N_VIIRS,CR_445,31.24188,75.18402,2023-10-01 12:57:39,2023-10-01 07:31:00,0.034,-5.44,N,Agricultural Burn,CREAMS,17.RiceResidueFireBulletin_01Oct_2023_ICAR.pdf
24.7581_76.3850_2023-10-04_0813_N_VIIRS,CR_982,24.75812,76.38504,2023-10-04 13:41:53,2023-10-04 08:13:00,0.034,-5.48,N,Agricultural Burn,CREAMS,20.RiceResidueFireBulletin_04Oct_2023_ICAR.pdf
26.1912_80.4349_2023-10-11_0742_N_VIIRS,CR_1910,26.19118,80.43492,2023-10-11 13:10:25,2023-10-11 07:42:00,0.034,-5.47,N,Agricultural Burn,CREAMS,27.RiceResidueFireBulletin_11Oct_2023_ICAR.pdf
28.7684_77.5967_2023-10-10_2027_N_VIIRS,CR_1908,28.76837,77.59672,2023-10-11 02:00:26,2023-10-10 20:27:00,0.034,-5.56,N,Agricultural Burn,CREAMS,27.RiceResidueFireBulletin_11Oct_2023_ICAR.pdf
26.6167_79.2493_2023-10-11_0742_N_VIIRS,CR_1904,26.61673,79.24934,2023-10-11 13:10:25,2023-10-11 07:42:00,0.034,-5.47,N,Agricultural Burn,CREAMS,27.RiceResidueFireBulletin_11Oct_2023_ICAR.pdf
29.0371_76.9960_2023-10-11_0743_N_VIIRS,CR_1886,29.03707,76.99596,2023-10-11 13:10:25,2023-10-11 07:43:00,0.034,-5.46,N,Agricultural Burn,CREAMS,27.RiceResidueFireBulletin_11Oct_2023_ICAR.pdf
29.9524_74.2560_2023-10-04_0815_N_VIIRS,CR_977,29.95236,74.25603,2023-10-04 13:41:53,2023-10-04 08:15:00,0.034,-5.45,N,Agricultural Burn,CREAMS,20.RiceResidueFireBulletin_04Oct_2023_ICAR.pdf
24.7566_76.6097_2023-10-04_0813_N_VIIRS,CR_969,24.75664,76.6097,2023-10-04 13:41:53,2023-10-04 08:13:00,0.034,-5.48,N,Agricultural Burn,CREAMS,20.RiceResidueFireBulletin_04Oct_2023_ICAR.pdf
25.1119_76.0500_2023-10-10_0801_N_VIIRS,CR_1784,25.11186,76.05004,2023-10-10 13:28:38,2023-10-10 08:01:00,0.034,-5.46,N,Agricultural Burn,CREAMS,26.RiceResidueFireBulletin_10Oct_2023_ICAR.pdf
23.7292_77.8834_2023-10-04_2041_N_VIIRS,CR_1153,23.72924,77.88345,2023-10-05 02:12:58,2023-10-04 20:41:00,0.034,-5.53,N,Agricultural Burn,CREAMS,21.RiceResidueFireBulletin_05Oct_2023_ICAR.pdf
30.4614_76.9455_2023-10-05_0756_N_VIIRS,CR_1092,30.46145,76.94547,2023-10-05 13:22:58,2023-10-05 07:56:00,0.034,-5.45,N,Agricultural Burn,CREAMS,21.RiceResidueFireBulletin_05Oct_2023_ICAR.pdf
30.3893_77.0300_2023-10-05_0756_N_VIIRS,CR_1091,30.38932,77.02998,2023-10-05 13:22:58,2023-10-05 07:56:00,0.034,-5.45,N,Agricultural Burn,CREAMS,21.RiceResidueFireBulletin_05Oct_2023_ICAR.pdf
29.9103_74.1534_2023-10-04_0815_N_VIIRS,CR_976,29.9103,74.1534,2023-10-04 13:41:53,2023-10-04 08:15:00,0.034,-5.45,N,Agricultural Burn,CREAMS,20.RiceResidueFireBulletin_04Oct_2023_ICAR.pdf
23.1105_77.0435_2023-10-05_0754_N_VIIRS,CR_1150,23.11046,77.04346,2023-10-05 13:22:58,2023-10-05 07:54:00,0.034,-5.48,N,Agricultural Burn,CREAMS,21.RiceResidueFireBulletin_05Oct_2023_ICAR.pdf
28.1710_79.9567_2023-10-11_0743_N_VIIRS,CR_1928,28.17096,79.95667,2023-10-11 13:10:25,2023-10-11 07:43:00,0.034,-5.46,N,Agricultural Burn,CREAMS,27.RiceResidueFireBulletin_11Oct_2023_ICAR.pdf
23.1557_77.2316_2023-10-05_0754_N_VIIRS,CR_1151,23.15565,77.23162,2023-10-05 13:22:58,2023-10-05 07:54:00,0.034,-5.48,N,Agricultural Burn,CREAMS,21.RiceResidueFireBulletin_05Oct_2023_ICAR.pdf
30.2959_76.7944_2023-10-05_0756_N_VIIRS,CR_1088,30.29592,76.7944,2023-10-05 13:22:58,2023-10-05 07:56:00,0.034,-5.45,N,Agricultural Burn,CREAMS,21.RiceResidueFireBulletin_05Oct_2023_ICAR.pdf
24.4015_77.5701_2023-10-10_0801_N_VIIRS,CR_1789,24.4015,77.57007,2023-10-10 13:28:38,2023-10-10 08:01:00,0.034,-5.46,N,Agricultural Burn,CREAMS,26.RiceResidueFireBulletin_10Oct_2023_ICAR.pdf
29.6315_74.3452_2023-10-09_0821_N_VIIRS,CR_1659,29.63145,74.34521,2023-10-09 13:47:33,2023-10-09 08:21:00,0.034,-5.44,N,Agricultural Burn,CREAMS,25.RiceResidueFireBulletin_09Oct_2023_ICAR.pdf
24.3846_77.4568_2023-10-10_0801_N_VIIRS,CR_1806,24.38455,77.45679,2023-10-10 13:28:38,2023-10-10 08:01:00,0.034,-5.46,N,Agricultural Burn,CREAMS,26.RiceResidueFireBulletin_10Oct_2023_ICAR.pdf
24.5306_77.9178_2023-10-10_0801_N_VIIRS,CR_1791,24.53061,77.91777,2023-10-10 13:28:38,2023-10-10 08:01:00,0.034,-5.46,N,Agricultural Burn,CREAMS,26.RiceResidueFireBulletin_10Oct_2023_ICAR.pdf
31.9318_74.7478_2023-10-05_0757_N_VIIRS,CR_991,31.93175,74.74781,2023-10-05 13:22:58,2023-10-05 07:57:00,0.034,-5.43,N,Agricultural Burn,CREAMS,21.RiceResidueFireBulletin_05Oct_2023_ICAR.pdf
31.7447_74.9621_2023-10-04_0815_N_VIIRS,CR_847,31.74472,74.9621,2023-10-04 13:41:53,2023-10-04 08:15:00,0.034,-5.45,N,Agricultural Burn,CREAMS,20.RiceResidueFireBulletin_04Oct_2023_ICAR.pdf
31.6915_75.0511_2023-10-04_0815_N_VIIRS,CR_839,31.6915,75.05114,2023-10-04 13:41:53,2023-10-04 08:15:00,0.034,-5.45,N,Agricultural Burn,CREAMS,20.RiceResidueFireBulletin_04Oct_2023_ICAR.pdf
31.6834_74.9869_2023-10-04_0815_N_VIIRS,CR_838,31.68336,74.98692,2023-10-04 13:41:53,2023-10-04 08:15:00,0.034,-5.45,N,Agricultural Burn,CREAMS,20.RiceResidueFireBulletin_04Oct_2023_ICAR.pdf
31.7801_75.0969_2023-10-04_0815_N_VIIRS,CR_848,31.78014,75.0969,2023-10-04 13:41:53,2023-10-04 08:15:00,0.034,-5.45,N,Agricultural Burn,CREAMS,20.RiceResidueFireBulletin_04Oct_2023_ICAR.pdf
30.2549_76.0452_2023-10-05_0756_N_VIIRS,CR_1068,30.25487,76.04522,2023-10-05 13:22:58,2023-10-05 07:56:00,0.034,-5.45,N,Agricultural Burn,CREAMS,21.RiceResidueFireBulletin_05Oct_2023_ICAR.pdf
31.7934_75.0051_2023-10-04_0815_N_VIIRS,CR_853,31.79339,75.00508,2023-10-04 13:41:53,2023-10-04 08:15:00,0.034,-5.45,N,Agricultural Burn,CREAMS,20.RiceResidueFireBulletin_04Oct_2023_ICAR.pdf
31.7862_74.9501_2023-10-04_0815_N_VIIRS,CR_851,31.78619,74.95013,2023-10-04 13:41:53,2023-10-04 08:15:00,0.034,-5.45,N,Agricultural Burn,CREAMS,20.RiceResidueFireBulletin_04Oct_2023_ICAR.pdf
27.1825_81.2501_2023-10-10_0801_N_VIIRS,CR_1731,27.1825,81.25011,2023-10-10 13:28:38,2023-10-10 08:01:00,0.034,-5.46,N,Agricultural Burn,CREAMS,26.RiceResidueFireBulletin_10Oct_2023_ICAR.pdf
27.7384_78.3338_2023-10-10_0801_N_VIIRS,CR_1730,27.73837,78.33379,2023-10-10 13:28:38,2023-10-10 08:01:00,0.034,-5.46,N,Agricultural Burn,CREAMS,26.RiceResidueFireBulletin_10Oct_2023_ICAR.pdf
31.7284_75.0024_2023-10-04_0815_N_VIIRS,CR_842,31.72839,75.00241,2023-10-04 13:41:53,2023-10-04 08:15:00,0.034,-5.45,N,Agricultural Burn,CREAMS,20.RiceResidueFireBulletin_04Oct_2023_ICAR.pdf
31.7853_75.0253_2023-10-04_0815_N_VIIRS,CR_850,31.78525,75.0253,2023-10-04 13:41:53,2023-10-04 08:15:00,0.034,-5.45,N,Agricultural Burn,CREAMS,20.RiceResidueFireBulletin_04Oct_2023_ICAR.pdf
30.2015_76.0017_2023-10-05_0756_N_VIIRS,CR_1067,30.20153,76.0017,2023-10-05 13:22:58,2023-10-05 07:56:00,0.034,-5.45,N,Agricultural Burn,CREAMS,21.RiceResidueFireBulletin_05Oct_2023_ICAR.pdf
31.7149_75.0376_2023-10-04_0815_N_VIIRS,CR_841,31.71494,75.03762,2023-10-04 13:41:53,2023-10-04 08:15:00,0.034,-5.45,N,Agricultural Burn,CREAMS,20.RiceResidueFireBulletin_04Oct_2023_ICAR.pdf
28.7709_79.8253_2023-10-10_2027_N_VIIRS,CR_1930,28.77095,79.82526,2023-10-11 02:00:26,2023-10-10 20:27:00,0.035,-5.56,N,Agricultural Burn,CREAMS,27.RiceResidueFireBulletin_11Oct_2023_ICAR.pdf
31.5010_75.0761_2023-10-04_0815_N_VIIRS,CR_906,31.50105,75.07607,2023-10-04 13:41:53,2023-10-04 08:15:00,0.035,-5.45,N,Agricultural Burn,CREAMS,20.RiceResidueFireBulletin_04Oct_2023_ICAR.pdf
29.5617_74.3347_2023-10-04_2039_N_VIIRS,CR_1133,29.56171,74.33474,2023-10-05 02:12:58,2023-10-04 20:39:00,0.035,-5.57,N,Agricultural Burn,CREAMS,21.RiceResidueFireBulletin_05Oct_2023_ICAR.pdf
28.8418_77.1488_2023-10-10_2027_N_VIIRS,CR_1885,28.84182,77.1488,2023-10-11 02:00:26,2023-10-10 20:27:00,0.035,-5.56,N,Agricultural Burn,CREAMS,27.RiceResidueFireBulletin_11Oct_2023_ICAR.pdf
31.5190_74.9101_2023-10-04_0815_N_VIIRS,CR_913,31.51902,74.91007,2023-10-04 13:41:53,2023-10-04 08:15:00,0.035,-5.45,N,Agricultural Burn,CREAMS,20.RiceResidueFireBulletin_04Oct_2023_ICAR.pdf
31.5144_74.9017_2023-10-04_0815_N_VIIRS,CR_912,31.51436,74.90166,2023-10-04 13:41:53,2023-10-04 08:15:00,0.035,-5.45,N,Agricultural Burn,CREAMS,20.RiceResidueFireBulletin_04Oct_2023_ICAR.pdf
27.1802_79.1541_2023-10-10_0801_N_VIIRS,CR_1757,27.18018,79.15409,2023-10-10 13:28:38,2023-10-10 08:01:00,0.035,-5.46,N,Agricultural Burn,CREAMS,26.RiceResidueFireBulletin_10Oct_2023_ICAR.pdf
27.6392_77.4776_2023-10-10_0801_N_VIIRS,CR_1758,27.63918,77.47765,2023-10-10 13:28:38,2023-10-10 08:01:00,0.035,-5.46,N,Agricultural Burn,CREAMS,26.RiceResidueFireBulletin_10Oct_2023_ICAR.pdf
31.0747_74.9757_2023-10-05_0756_N_VIIRS,CR_1042,31.07467,74.97571,2023-10-05 13:22:58,2023-10-05 07:56:00,0.035,-5.45,N,Agricultural Burn,CREAMS,21.RiceResidueFireBulletin_05Oct_2023_ICAR.pdf
27.6367_77.5061_2023-10-11_0743_N_VIIRS,CR_1920,27.63671,77.50614,2023-10-11 13:10:25,2023-10-11 07:43:00,0.035,-5.46,N,Agricultural Burn,CREAMS,27.RiceResidueFireBulletin_11Oct_2023_ICAR.pdf
22.6093_77.5932_2023-10-10_0800_N_VIIRS,CR_1818,22.60931,77.59316,2023-10-10 13:28:38,2023-10-10 08:00:00,0.035,-5.48,N,Agricultural Burn,CREAMS,26.RiceResidueFireBulletin_10Oct_2023_ICAR.pdf
26.2675_78.1618_2023-10-04_0814_N_VIIRS,CR_962,26.2675,78.16176,2023-10-04 13:41:53,2023-10-04 08:14:00,0.035,-5.46,N,Agricultural Burn,CREAMS,20.RiceResidueFireBulletin_04Oct_2023_ICAR.pdf
31.9134_74.7432_2023-10-05_0757_N_VIIRS,CR_990,31.91342,74.74319,2023-10-05 13:22:58,2023-10-05 07:57:00,0.035,-5.43,N,Agricultural Burn,CREAMS,21.RiceResidueFireBulletin_05Oct_2023_ICAR.pdf
29.2945_76.4524_2023-10-10_0802_N_VIIRS,CR_1716,29.29451,76.45241,2023-10-10 13:28:38,2023-10-10 08:02:00,0.035,-5.44,N,Agricultural Burn,CREAMS,26.RiceResidueFireBulletin_10Oct_2023_ICAR.pdf
31.5668_75.1681_2023-10-04_0815_N_VIIRS,CR_861,31.56684,75.16806,2023-10-04 13:41:53,2023-10-04 08:15:00,0.035,-5.45,N,Agricultural Burn,CREAMS,20.RiceResidueFireBulletin_04Oct_2023_ICAR.pdf
31.5850_75.1413_2023-10-04_0815_N_VIIRS,CR_863,31.58501,75.1413,2023-10-04 13:41:53,2023-10-04 08:15:00,0.035,-5.45,N,Agricultural Burn,CREAMS,20.RiceResidueFireBulletin_04Oct_2023_ICAR.pdf
24.4093_76.9725_2023-10-10_0801_N_VIIRS,CR_1815,24.40935,76.97252,2023-10-10 13:28:38,2023-10-10 08:01:00,0.035,-5.46,N,Agricultural Burn,CREAMS,26.RiceResidueFireBulletin_10Oct_2023_ICAR.pdf
29.5104_76.8671_2023-09-30_0750_N_VIIRS,CR_305,29.51043,76.86713,2023-09-30 13:16:35,2023-09-30 07:50:00,0.035,-5.44,N,Agricultural Burn,CREAMS,16.RiceResidueFireBulletin_30Sep_2023_ICAR.pdf
31.5513_75.2253_2023-10-05_0756_N_VIIRS,CR_1016,31.55135,75.22527,2023-10-05 13:22:58,2023-10-05 07:56:00,0.035,-5.45,N,Agricultural Burn,CREAMS,21.RiceResidueFireBulletin_05Oct_2023_ICAR.pdf
31.5391_75.1933_2023-10-05_0756_N_VIIRS,CR_1014,31.53912,75.19335,2023-10-05 13:22:58,2023-10-05 07:56:00,0.035,-5.45,N,Agricultural Burn,CREAMS,21.RiceResidueFireBulletin_05Oct_2023_ICAR.pdf
31.5770_75.1065_2023-10-05_0756_N_VIIRS,CR_1001,31.57701,75.10652,2023-10-05 13:22:58,2023-10-05 07:56:00,0.035,-5.45,N,Agricultural Burn,CREAMS,21.RiceResidueFireBulletin_05Oct_2023_ICAR.pdf
31.5065_75.2483_2023-10-05_0756_N_VIIRS,CR_1013,31.50651,75.24834,2023-10-05 13:22:58,2023-10-05 07:56:00,0.035,-5.45,N,Agricultural Burn,CREAMS,21.RiceResidueFireBulletin_05Oct_2023_ICAR.pdf
31.7924_74.9641_2023-10-05_0757_N_VIIRS,CR_1011,31.79239,74.96414,2023-10-05 13:22:58,2023-10-05 07:57:00,0.035,-5.43,N,Agricultural Burn,CREAMS,21.RiceResidueFireBulletin_05Oct_2023_ICAR.pdf
22.6745_75.4894_2023-10-10_0800_N_VIIRS,CR_1804,22.67451,75.48943,2023-10-10 13:28:38,2023-10-10 08:00:00,0.035,-5.48,N,Agricultural Burn,CREAMS,26.RiceResidueFireBulletin_10Oct_2023_ICAR.pdf
30.3667_77.0999_2023-10-05_0756_N_VIIRS,CR_1090,30.36675,77.09993,2023-10-05 13:22:58,2023-10-05 07:56:00,0.035,-5.45,N,Agricultural Burn,CREAMS,21.RiceResidueFireBulletin_05Oct_2023_ICAR.pdf
31.5010_75.1042_2023-10-04_0815_N_VIIRS,CR_905,31.50104,75.10419,2023-10-04 13:41:53,2023-10-04 08:15:00,0.035,-5.45,N,Agricultural Burn,CREAMS,20.RiceResidueFireBulletin_04Oct_2023_ICAR.pdf
31.5016_75.0807_2023-10-04_0815_N_VIIRS,CR_907,31.50163,75.08065,2023-10-04 13:41:53,2023-10-04 08:15:00,0.035,-5.45,N,Agricultural Burn,CREAMS,20.RiceResidueFireBulletin_04Oct_2023_ICAR.pdf
31.4928_75.1526_2023-10-04_0815_N_VIIRS,CR_904,31.49279,75.15264,2023-10-04 13:41:53,2023-10-04 08:15:00,0.035,-5.45,N,Agricultural Burn,CREAMS,20.RiceResidueFireBulletin_04Oct_2023_ICAR.pdf
31.4619_75.0235_2023-10-05_0756_N_VIIRS,CR_1082,31.46194,75.02347,2023-10-05 13:22:58,2023-10-05 07:56:00,0.035,-5.45,N,Agricultural Burn,CREAMS,21.RiceResidueFireBulletin_05Oct_2023_ICAR.pdf
31.6017_75.2356_2023-10-05_0756_N_VIIRS,CR_1019,31.60169,75.23557,2023-10-05 13:22:58,2023-10-05 07:56:00,0.035,-5.45,N,Agricultural Burn,CREAMS,21.RiceResidueFireBulletin_05Oct_2023_ICAR.pdf
31.5946_75.3192_2023-10-05_0756_N_VIIRS,CR_1018,31.59457,75.31925,2023-10-05 13:22:58,2023-10-05 07:56:00,0.035,-5.45,N,Agricultural Burn,CREAMS,21.RiceResidueFireBulletin_05Oct_2023_ICAR.pdf
31.5755_75.0764_2023-10-05_0756_N_VIIRS,CR_999,31.57552,75.07635,2023-10-05 13:22:58,2023-10-05 07:56:00,0.035,-5.45,N,Agricultural Burn,CREAMS,21.RiceResidueFireBulletin_05Oct_2023_ICAR.pdf
31.4640_74.8691_2023-10-05_0756_N_VIIRS,CR_1085,31.46395,74.86914,2023-10-05 13:22:58,2023-10-05 07:56:00,0.035,-5.45,N,Agricultural Burn,CREAMS,21.RiceResidueFireBulletin_05Oct_2023_ICAR.pdf
31.4612_75.0192_2023-10-05_0756_N_VIIRS,CR_1081,31.46123,75.01925,2023-10-05 13:22:58,2023-10-05 07:56:00,0.035,-5.45,N,Agricultural Burn,CREAMS,21.RiceResidueFireBulletin_05Oct_2023_ICAR.pdf
28.2339_77.3575_2023-10-11_0743_N_VIIRS,CR_1883,28.2339,77.35754,2023-10-11 13:10:25,2023-10-11 07:43:00,0.035,-5.46,N,Agricultural Burn,CREAMS,27.RiceResidueFireBulletin_11Oct_2023_ICAR.pdf
31.7160_74.9065_2023-10-04_0815_N_VIIRS,CR_869,31.71603,74.90655,2023-10-04 13:41:53,2023-10-04 08:15:00,0.035,-5.45,N,Agricultural Burn,CREAMS,20.RiceResidueFireBulletin_04Oct_2023_ICAR.pdf
29.7909_74.0495_2023-10-09_0821_N_VIIRS,CR_1658,29.79093,74.04954,2023-10-09 13:47:33,2023-10-09 08:21:00,0.035,-5.44,N,Agricultural Burn,CREAMS,25.RiceResidueFireBulletin_09Oct_2023_ICAR.pdf
31.4574_74.7922_2023-10-04_0815_N_VIIRS,CR_910,31.45736,74.79222,2023-10-04 13:41:53,2023-10-04 08:15:00,0.035,-5.45,N,Agricultural Burn,CREAMS,20.RiceResidueFireBulletin_04Oct_2023_ICAR.pdf
26.4564_80.4992_2023-10-06_2002_N_VIIRS,CR_1347,26.45635,80.49916,2023-10-07 01:35:50,2023-10-06 20:02:00,0.035,-5.56,N,Agricultural Burn,CREAMS,23.RiceResidueFireBulletin_07Oct_2023_ICAR.pdf
25.1571_76.2707_2023-10-10_0801_N_VIIRS,CR_1765,25.15705,76.27067,2023-10-10 13:28:38,2023-10-10 08:01:00,0.035,-5.46,N,Agricultural Burn,CREAMS,26.RiceResidueFireBulletin_10Oct_2023_ICAR.pdf
24.8718_76.3375_2023-10-06_0736_N_VIIRS,CR_1289,24.87182,76.33749,2023-10-06 13:04:02,2023-10-06 07:36:00,0.035,-5.47,N,Agricultural Burn,CREAMS,22.RiceResidueFireBulletin_06Oct_2023_ICAR.pdf
25.0126_76.6977_2023-10-06_0736_N_VIIRS,CR_1283,25.01259,76.69768,2023-10-06 13:04:02,2023-10-06 07:36:00,0.035,-5.47,N,Agricultural Burn,CREAMS,22.RiceResidueFireBulletin_06Oct_2023_ICAR.pdf
31.0562_75.2202_2023-10-05_0756_N_VIIRS,CR_1046,31.0562,75.22019,2023-10-05 13:22:58,2023-10-05 07:56:00,0.035,-5.45,N,Agricultural Burn,CREAMS,21.RiceResidueFireBulletin_05Oct_2023_ICAR.pdf
28.8438_79.4339_2023-10-11_0743_N_VIIRS,CR_1897,28.84385,79.43385,2023-10-11 13:10:25,2023-10-11 07:43:00,0.035,-5.46,N,Agricultural Burn,CREAMS,27.RiceResidueFireBulletin_11Oct_2023_ICAR.pdf
30.2837_77.1953_2023-09-30_0750_N_VIIRS,CR_320,30.28367,77.19526,2023-09-30 13:16:35,2023-09-30 07:50:00,0.035,-5.44,N,Agricultural Burn,CREAMS,16.RiceResidueFireBulletin_30Sep_2023_ICAR.pdf
23.6905_79.6186_2023-10-10_0800_N_VIIRS,CR_1798,23.69052,79.61857,2023-10-10 13:28:38,2023-10-10 08:00:00,0.035,-5.48,N,Agricultural Burn,CREAMS,26.RiceResidueFireBulletin_10Oct_2023_ICAR.pdf
29.4396_76.9322_2023-10-10_0802_N_VIIRS,CR_1727,29.4396,76.9322,2023-10-10 13:28:38,2023-10-10 08:02:00,0.035,-5.44,N,Agricultural Burn,CREAMS,26.RiceResidueFireBulletin_10Oct_2023_ICAR.pdf
31.5219_74.9049_2023-10-04_0815_N_VIIRS,CR_914,31.52193,74.90494,2023-10-04 13:41:53,2023-10-04 08:15:00,0.035,-5.45,N,Agricultural Burn,CREAMS,20.RiceResidueFireBulletin_04Oct_2023_ICAR.pdf
28.8138_79.3370_2023-10-10_2027_N_VIIRS,CR_1932,28.81379,79.33703,2023-10-11 02:00:26,2023-10-10 20:27:00,0.035,-5.56,N,Agricultural Burn,CREAMS,27.RiceResidueFireBulletin_11Oct_2023_ICAR.pdf
23.8051_78.2689_2023-09-30_0748_N_VIIRS,CR_351,23.80511,78.26888,2023-09-30 13:16:35,2023-09-30 07:48:00,0.035,-5.48,N,Agricultural Burn,CREAMS,16.RiceResidueFireBulletin_30Sep_2023_ICAR.pdf
28.8443_77.1471_2023-09-29_2033_N_VIIRS,CR_318,28.84426,77.14706,2023-09-30 02:07:17,2023-09-29 20:33:00,0.035,-5.57,N,Agricultural Burn,CREAMS,16.RiceResidueFireBulletin_30Sep_2023_ICAR.pdf
22.8088_76.0976_2023-10-10_0800_N_VIIRS,CR_1800,22.8088,76.09763,2023-10-10 13:28:38,2023-10-10 08:00:00,0.035,-5.48,N,Agricultural Burn,CREAMS,26.RiceResidueFireBulletin_10Oct_2023_ICAR.pdf
29.7115_76.7705_2023-10-06_0737_N_VIIRS,CR_1260,29.71154,76.77046,2023-10-06 13:04:02,2023-10-06 07:37:00,0.035,-5.45,N,Agricultural Burn,CREAMS,22.RiceResidueFireBulletin_06Oct_2023_ICAR.pdf
29.7054_76.7601_2023-10-06_0737_N_VIIRS,CR_1259,29.70543,76.76006,2023-10-06 13:04:02,2023-10-06 07:37:00,0.035,-5.45,N,Agricultural Burn,CREAMS,22.RiceResidueFireBulletin_06Oct_2023_ICAR.pdf
29.5718_74.4834_2023-10-10_0802_N_VIIRS,CR_1779,29.57176,74.48335,2023-10-10 13:28:38,2023-10-10 08:02:00,0.035,-5.44,N,Agricultural Burn,CREAMS,26.RiceResidueFireBulletin_10Oct_2023_ICAR.pdf
31.5485_75.0537_2023-10-04_0815_N_VIIRS,CR_831,31.54846,75.05373,2023-10-04 13:41:53,2023-10-04 08:15:00,0.035,-5.45,N,Agricultural Burn,CREAMS,20.RiceResidueFireBulletin_04Oct_2023_ICAR.pdf
31.5685_75.0971_2023-10-04_0815_N_VIIRS,CR_833,31.56847,75.09712,2023-10-04 13:41:53,2023-10-04 08:15:00,0.035,-5.45,N,Agricultural Burn,CREAMS,20.RiceResidueFireBulletin_04Oct_2023_ICAR.pdf
31.5748_75.0632_2023-10-04_0815_N_VIIRS,CR_834,31.57483,75.06316,2023-10-04 13:41:53,2023-10-04 08:15:00,0.035,-5.45,N,Agricultural Burn,CREAMS,20.RiceResidueFireBulletin_04Oct_2023_ICAR.pdf
31.5648_75.0415_2023-10-04_0815_N_VIIRS,CR_832,31.56482,75.04151,2023-10-04 13:41:53,2023-10-04 08:15:00,0.035,-5.45,N,Agricultural Burn,CREAMS,20.RiceResidueFireBulletin_04Oct_2023_ICAR.pdf
29.8768_74.1626_2023-10-10_0802_N_VIIRS,CR_1778,29.87675,74.16264,2023-10-10 13:28:38,2023-10-10 08:02:00,0.035,-5.44,N,Agricultural Burn,CREAMS,26.RiceResidueFireBulletin_10Oct_2023_ICAR.pdf
30.2531_76.4985_2023-10-05_0756_N_VIIRS,CR_1055,30.2531,76.49845,2023-10-05 13:22:58,2023-10-05 07:56:00,0.035,-5.45,N,Agricultural Burn,CREAMS,21.RiceResidueFireBulletin_05Oct_2023_ICAR.pdf
31.5154_74.6135_2023-10-04_0815_N_VIIRS,CR_824,31.51536,74.61349,2023-10-04 13:41:53,2023-10-04 08:15:00,0.035,-5.45,N,Agricultural Burn,CREAMS,20.RiceResidueFireBulletin_04Oct_2023_ICAR.pdf
31.5759_75.1633_2023-10-05_0756_N_VIIRS,CR_1024,31.57592,75.16334,2023-10-05 13:22:58,2023-10-05 07:56:00,0.035,-5.45,N,Agricultural Burn,CREAMS,21.RiceResidueFireBulletin_05Oct_2023_ICAR.pdf
27.9803_77.7039_2023-09-29_0808_N_VIIRS,CR_198,27.98027,77.70393,2023-09-29 13:35:30,2023-09-29 08:08:00,0.035,-5.46,N,Agricultural Burn,CREAMS,15.RiceResidueFireBulletin_29Sep_2023_ICAR.pdf
31.5900_75.1645_2023-10-05_0756_N_VIIRS,CR_1026,31.59003,75.16449,2023-10-05 13:22:58,2023-10-05 07:56:00,0.035,-5.45,N,Agricultural Burn,CREAMS,21.RiceResidueFireBulletin_05Oct_2023_ICAR.pdf
27.1388_79.1870_2023-10-11_0742_N_VIIRS,CR_1919,27.13884,79.18696,2023-10-11 13:10:25,2023-10-11 07:42:00,0.036,-5.47,N,Agricultural Burn,CREAMS,27.RiceResidueFireBulletin_11Oct_2023_ICAR.pdf
28.9072_77.1611_2023-09-29_0808_N_VIIRS,CR_194,28.90721,77.16108,2023-09-29 13:35:30,2023-09-29 08:08:00,0.036,-5.46,N,Agricultural Burn,CREAMS,15.RiceResidueFireBulletin_29Sep_2023_ICAR.pdf
25.2518_76.3137_2023-10-04_0814_N_VIIRS,CR_968,25.25183,76.31367,2023-10-04 13:41:53,2023-10-04 08:14:00,0.036,-5.46,N,Agricultural Burn,CREAMS,20.RiceResidueFireBulletin_04Oct_2023_ICAR.pdf
29.2007_76.0288_2023-10-05_0756_N_VIIRS,CR_1096,29.20074,76.0288,2023-10-05 13:22:58,2023-10-05 07:56:00,0.036,-5.45,N,Agricultural Burn,CREAMS,21.RiceResidueFireBulletin_05Oct_2023_ICAR.pdf
29.2801_76.5439_2023-10-05_0756_N_VIIRS,CR_1098,29.28011,76.54394,2023-10-05 13:22:58,2023-10-05 07:56:00,0.036,-5.45,N,Agricultural Burn,CREAMS,21.RiceResidueFireBulletin_05Oct_2023_ICAR.pdf
30.4511_76.4985_2023-10-11_0743_N_VIIRS,CR_1855,30.45106,76.4985,2023-10-11 13:10:25,2023-10-11 07:43:00,0.036,-5.46,N,Agricultural Burn,CREAMS,27.RiceResidueFireBulletin_11Oct_2023_ICAR.pdf
26.9389_79.2700_2023-10-11_0742_N_VIIRS,CR_1905,26.93886,79.26998,2023-10-11 13:10:25,2023-10-11 07:42:00,0.036,-5.47,N,Agricultural Burn,CREAMS,27.RiceResidueFireBulletin_11Oct_2023_ICAR.pdf
29.6196_76.4285_2023-10-06_0737_N_VIIRS,CR_1257,29.61961,76.42852,2023-10-06 13:04:02,2023-10-06 07:37:00,0.036,-5.45,N,Agricultural Burn,CREAMS,22.RiceResidueFireBulletin_06Oct_2023_ICAR.pdf
24.7619_76.9717_2023-10-06_0736_N_VIIRS,CR_1293,24.76188,76.97169,2023-10-06 13:04:02,2023-10-06 07:36:00,0.036,-5.47,N,Agricultural Burn,CREAMS,22.RiceResidueFireBulletin_06Oct_2023_ICAR.pdf
31.5780_75.1759_2023-10-05_0756_N_VIIRS,CR_1025,31.57799,75.1759,2023-10-05 13:22:58,2023-10-05 07:56:00,0.036,-5.45,N,Agricultural Burn,CREAMS,21.RiceResidueFireBulletin_05Oct_2023_ICAR.pdf
23.6645_77.4912_2023-10-06_0735_N_VIIRS,CR_1291,23.66447,77.49117,2023-10-06 13:04:02,2023-10-06 07:35:00,0.036,-5.48,N,Agricultural Burn,CREAMS,22.RiceResidueFireBulletin_06Oct_2023_ICAR.pdf
31.6053_75.2420_2023-10-04_0815_N_VIIRS,CR_859,31.6053,75.24199,2023-10-04 13:41:53,2023-10-04 08:15:00,0.036,-5.45,N,Agricultural Burn,CREAMS,20.RiceResidueFireBulletin_04Oct_2023_ICAR.pdf
31.5673_75.1161_2023-10-04_0815_N_VIIRS,CR_862,31.56734,75.11612,2023-10-04 13:41:53,2023-10-04 08:15:00,0.036,-5.45,N,Agricultural Burn,CREAMS,20.RiceResidueFireBulletin_04Oct_2023_ICAR.pdf
31.8317_74.8231_2023-10-05_0757_N_VIIRS,CR_989,31.83174,74.82307,2023-10-05 13:22:58,2023-10-05 07:57:00,0.036,-5.43,N,Agricultural Burn,CREAMS,21.RiceResidueFireBulletin_05Oct_2023_ICAR.pdf
24.8635_76.9982_2023-10-10_0801_N_VIIRS,CR_1813,24.8635,76.99825,2023-10-10 13:28:38,2023-10-10 08:01:00,0.036,-5.46,N,Agricultural Burn,CREAMS,26.RiceResidueFireBulletin_10Oct_2023_ICAR.pdf
24.8316_77.0119_2023-10-10_0801_N_VIIRS,CR_1812,24.83159,77.01186,2023-10-10 13:28:38,2023-10-10 08:01:00,0.036,-5.46,N,Agricultural Burn,CREAMS,26.RiceResidueFireBulletin_10Oct_2023_ICAR.pdf
29.3731_76.6148_2023-09-30_0750_N_VIIRS,CR_303,29.37308,76.61475,2023-09-30 13:16:35,2023-09-30 07:50:00,0.036,-5.44,N,Agricultural Burn,CREAMS,16.RiceResidueFireBulletin_30Sep_2023_ICAR.pdf
30.3053_76.9891_2023-09-30_0750_N_VIIRS,CR_299,30.30532,76.98905,2023-09-30 13:16:35,2023-09-30 07:50:00,0.036,-5.44,N,Agricultural Burn,CREAMS,16.RiceResidueFireBulletin_30Sep_2023_ICAR.pdf
30.2456_76.7768_2023-09-30_0750_N_VIIRS,CR_295,30.24555,76.77682,2023-09-30 13:16:35,2023-09-30 07:50:00,0.036,-5.44,N,Agricultural Burn,CREAMS,16.RiceResidueFireBulletin_30Sep_2023_ICAR.pdf
31.8072_74.9695_2023-10-05_0757_N_VIIRS,CR_1012,31.80725,74.96951,2023-10-05 13:22:58,2023-10-05 07:57:00,0.036,-5.43,N,Agricultural Burn,CREAMS,21.RiceResidueFireBulletin_05Oct_2023_ICAR.pdf
31.5507_75.2211_2023-10-05_0756_N_VIIRS,CR_1015,31.55066,75.22109,2023-10-05 13:22:58,2023-10-05 07:56:00,0.036,-5.45,N,Agricultural Burn,CREAMS,21.RiceResidueFireBulletin_05Oct_2023_ICAR.pdf
31.7770_74.9764_2023-10-05_0757_N_VIIRS,CR_1010,31.77698,74.97642,2023-10-05 13:22:58,2023-10-05 07:57:00,0.036,-5.43,N,Agricultural Burn,CREAMS,21.RiceResidueFireBulletin_05Oct_2023_ICAR.pdf
25.2294_76.0937_2023-10-09_0820_N_VIIRS,CR_1663,25.22945,76.09373,2023-10-09 13:47:33,2023-10-09 08:20:00,0.036,-5.46,N,Agricultural Burn,CREAMS,25.RiceResidueFireBulletin_09Oct_2023_ICAR.pdf
26.5890_78.6296_2023-10-10_0801_N_VIIRS,CR_1792,26.589,78.62958,2023-10-10 13:28:38,2023-10-10 08:01:00,0.036,-5.46,N,Agricultural Burn,CREAMS,26.RiceResidueFireBulletin_10Oct_2023_ICAR.pdf
31.5726_75.1641_2023-10-05_0756_N_VIIRS,CR_1023,31.57256,75.16409,2023-10-05 13:22:58,2023-10-05 07:56:00,0.036,-5.45,N,Agricultural Burn,CREAMS,21.RiceResidueFireBulletin_05Oct_2023_ICAR.pdf
31.5033_74.8734_2023-10-05_0756_N_VIIRS,CR_1086,31.50327,74.87339,2023-10-05 13:22:58,2023-10-05 07:56:00,0.036,-5.45,N,Agricultural Burn,CREAMS,21.RiceResidueFireBulletin_05Oct_2023_ICAR.pdf
31.4637_74.8471_2023-10-05_0756_N_VIIRS,CR_1084,31.46373,74.84709,2023-10-05 13:22:58,2023-10-05 07:56:00,0.036,-5.45,N,Agricultural Burn,CREAMS,21.RiceResidueFireBulletin_05Oct_2023_ICAR.pdf
29.8517_74.4647_2023-10-05_0756_N_VIIRS,CR_1134,29.8517,74.46465,2023-10-05 13:22:58,2023-10-05 07:56:00,0.036,-5.45,N,Agricultural Burn,CREAMS,21.RiceResidueFireBulletin_05Oct_2023_ICAR.pdf
31.5576_75.2844_2023-10-05_0756_N_VIIRS,CR_1017,31.55762,75.28439,2023-10-05 13:22:58,2023-10-05 07:56:00,0.036,-5.45,N,Agricultural Burn,CREAMS,21.RiceResidueFireBulletin_05Oct_2023_ICAR.pdf
31.5632_75.0442_2023-10-05_0756_N_VIIRS,CR_998,31.56322,75.0442,2023-10-05 13:22:58,2023-10-05 07:56:00,0.036,-5.45,N,Agricultural Burn,CREAMS,21.RiceResidueFireBulletin_05Oct_2023_ICAR.pdf
31.5406_75.0974_2023-10-05_0756_N_VIIRS,CR_997,31.54062,75.09735,2023-10-05 13:22:58,2023-10-05 07:56:00,0.036,-5.45,N,Agricultural Burn,CREAMS,21.RiceResidueFireBulletin_05Oct_2023_ICAR.pdf
25.2511_76.3873_2023-10-04_0814_N_VIIRS,CR_971,25.2511,76.38729,2023-10-04 13:41:53,2023-10-04 08:14:00,0.036,-5.46,N,Agricultural Burn,CREAMS,20.RiceResidueFireBulletin_04Oct_2023_ICAR.pdf
23.5626_76.4831_2023-10-05_0754_N_VIIRS,CR_1149,23.56256,76.48307,2023-10-05 13:22:58,2023-10-05 07:54:00,0.036,-5.48,N,Agricultural Burn,CREAMS,21.RiceResidueFireBulletin_05Oct_2023_ICAR.pdf
31.4864_74.8513_2023-10-04_0815_N_VIIRS,CR_911,31.48639,74.8513,2023-10-04 13:41:53,2023-10-04 08:15:00,0.036,-5.45,N,Agricultural Burn,CREAMS,20.RiceResidueFireBulletin_04Oct_2023_ICAR.pdf
29.0579_78.3764_2023-10-11_0743_N_VIIRS,CR_1898,29.05792,78.37636,2023-10-11 13:10:25,2023-10-11 07:43:00,0.036,-5.46,N,Agricultural Burn,CREAMS,27.RiceResidueFireBulletin_11Oct_2023_ICAR.pdf
25.7629_81.3292_2023-10-11_0742_N_VIIRS,CR_1916,25.76288,81.3292,2023-10-11 13:10:25,2023-10-11 07:42:00,0.036,-5.47,N,Agricultural Burn,CREAMS,27.RiceResidueFireBulletin_11Oct_2023_ICAR.pdf
24.8702_76.9309_2023-10-10_0801_N_VIIRS,CR_1770,24.87021,76.93085,2023-10-10 13:28:38,2023-10-10 08:01:00,0.036,-5.46,N,Agricultural Burn,CREAMS,26.RiceResidueFireBulletin_10Oct_2023_ICAR.pdf
29.0812_77.1148_2023-10-05_0756_N_VIIRS,CR_1110,29.08118,77.11481,2023-10-05 13:22:58,2023-10-05 07:56:00,0.036,-5.45,N,Agricultural Burn,CREAMS,21.RiceResidueFireBulletin_05Oct_2023_ICAR.pdf
31.4539_74.6849_2023-10-05_0756_N_VIIRS,CR_1075,31.45387,74.68494,2023-10-05 13:22:58,2023-10-05 07:56:00,0.036,-5.45,N,Agricultural Burn,CREAMS,21.RiceResidueFireBulletin_05Oct_2023_ICAR.pdf
25.7380_78.3706_2023-10-10_0801_N_VIIRS,CR_1799,25.73802,78.37061,2023-10-10 13:28:38,2023-10-10 08:01:00,0.036,-5.46,N,Agricultural Burn,CREAMS,26.RiceResidueFireBulletin_10Oct_2023_ICAR.pdf
29.5705_76.3718_2023-10-10_0802_N_VIIRS,CR_1725,29.57053,76.3718,2023-10-10 13:28:38,2023-10-10 08:02:00,0.036,-5.44,N,Agricultural Burn,CREAMS,26.RiceResidueFireBulletin_10Oct_2023_ICAR.pdf
29.5570_76.2807_2023-10-10_0802_N_VIIRS,CR_1722,29.557,76.28068,2023-10-10 13:28:38,2023-10-10 08:02:00,0.036,-5.44,N,Agricultural Burn,CREAMS,26.RiceResidueFireBulletin_10Oct_2023_ICAR.pdf
27.7662_77.3040_2023-09-30_0749_N_VIIRS,CR_340,27.76623,77.30395,2023-09-30 13:16:35,2023-09-30 07:49:00,0.036,-5.46,N,Agricultural Burn,CREAMS,16.RiceResidueFireBulletin_30Sep_2023_ICAR.pdf
28.1216_77.5981_2023-10-06_0737_N_VIIRS,CR_1273,28.1216,77.59805,2023-10-06 13:04:02,2023-10-06 07:37:00,0.036,-5.45,N,Agricultural Burn,CREAMS,22.RiceResidueFireBulletin_06Oct_2023_ICAR.pdf
29.6387_76.4194_2023-10-06_0737_N_VIIRS,CR_1258,29.63867,76.41945,2023-10-06 13:04:02,2023-10-06 07:37:00,0.036,-5.45,N,Agricultural Burn,CREAMS,22.RiceResidueFireBulletin_06Oct_2023_ICAR.pdf
31.5633_75.1687_2023-10-04_0815_N_VIIRS,CR_858,31.56331,75.16867,2023-10-04 13:41:53,2023-10-04 08:15:00,0.036,-5.45,N,Agricultural Burn,CREAMS,20.RiceResidueFireBulletin_04Oct_2023_ICAR.pdf
25.2996_76.2284_2023-10-10_0801_N_VIIRS,CR_1782,25.29958,76.22838,2023-10-10 13:28:38,2023-10-10 08:01:00,0.037,-5.46,N,Agricultural Burn,CREAMS,26.RiceResidueFireBulletin_10Oct_2023_ICAR.pdf
29.6687_77.0938_2023-10-10_0802_N_VIIRS,CR_1726,29.66868,77.09377,2023-10-10 13:28:38,2023-10-10 08:02:00,0.037,-5.44,N,Agricultural Burn,CREAMS,26.RiceResidueFireBulletin_10Oct_2023_ICAR.pdf
31.6602_75.2841_2023-09-28_0828_N_VIIRS,CR_82,31.66017,75.28414,2023-09-28 13:54:25,2023-09-28 08:28:00,0.037,-5.44,N,Agricultural Burn,CREAMS,14.RiceResidueFireBulletin_28Sep_2023_ICAR.pdf
31.6253_75.1902_2023-09-28_0828_N_VIIRS,CR_84,31.62533,75.19023,2023-09-28 13:54:25,2023-09-28 08:28:00,0.037,-5.44,N,Agricultural Burn,CREAMS,14.RiceResidueFireBulletin_28Sep_2023_ICAR.pdf
25.9001_78.5319_2023-10-11_0742_N_VIIRS,CR_1967,25.90006,78.53191,2023-10-11 13:10:25,2023-10-11 07:42:00,0.037,-5.47,N,Agricultural Burn,CREAMS,27.RiceResidueFireBulletin_11Oct_2023_ICAR.pdf
29.4676_76.3174_2023-10-10_0802_N_VIIRS,CR_1715,29.46762,76.3174,2023-10-10 13:28:38,2023-10-10 08:02:00,0.037,-5.44,N,Agricultural Burn,CREAMS,26.RiceResidueFireBulletin_10Oct_2023_ICAR.pdf
31.6114_75.0114_2023-09-28_0828_N_VIIRS,CR_69,31.61143,75.01144,2023-09-28 13:54:25,2023-09-28 08:28:00,0.037,-5.44,N,Agricultural Burn,CREAMS,14.RiceResidueFireBulletin_28Sep_2023_ICAR.pdf
29.7143_75.9532_2023-10-10_0802_N_VIIRS,CR_1717,29.71428,75.95317,2023-10-10 13:28:38,2023-10-10 08:02:00,0.037,-5.44,N,Agricultural Burn,CREAMS,26.RiceResidueFireBulletin_10Oct_2023_ICAR.pdf
29.4151_76.3073_2023-10-10_0802_N_VIIRS,CR_1718,29.41506,76.30727,2023-10-10 13:28:38,2023-10-10 08:02:00,0.037,-5.44,N,Agricultural Burn,CREAMS,26.RiceResidueFireBulletin_10Oct_2023_ICAR.pdf
30.7058_76.4790_2023-10-09_0821_N_VIIRS,CR_1575,30.70577,76.47903,2023-10-09 13:47:33,2023-10-09 08:21:00,0.037,-5.44,N,Agricultural Burn,CREAMS,25.RiceResidueFireBulletin_09Oct_2023_ICAR.pdf
29.4775_75.9548_2023-10-10_0802_N_VIIRS,CR_1712,29.47749,75.95484,2023-10-10 13:28:38,2023-10-10 08:02:00,0.037,-5.44,N,Agricultural Burn,CREAMS,26.RiceResidueFireBulletin_10Oct_2023_ICAR.pdf
31.7376_75.1201_2023-10-05_0757_N_VIIRS,CR_1008,31.73764,75.12015,2023-10-05 13:22:58,2023-10-05 07:57:00,0.037,-5.43,N,Agricultural Burn,CREAMS,21.RiceResidueFireBulletin_05Oct_2023_ICAR.pdf
29.4754_75.9634_2023-10-10_0802_N_VIIRS,CR_1714,29.47538,75.96339,2023-10-10 13:28:38,2023-10-10 08:02:00,0.037,-5.44,N,Agricultural Burn,CREAMS,26.RiceResidueFireBulletin_10Oct_2023_ICAR.pdf
31.7071_75.0858_2023-09-28_0828_N_VIIRS,CR_70,31.70713,75.08576,2023-09-28 13:54:25,2023-09-28 08:28:00,0.037,-5.44,N,Agricultural Burn,CREAMS,14.RiceResidueFireBulletin_28Sep_2023_ICAR.pdf
29.5879_75.4165_2023-10-10_0802_N_VIIRS,CR_1706,29.58787,75.4165,2023-10-10 13:28:38,2023-10-10 08:02:00,0.037,-5.44,N,Agricultural Burn,CREAMS,26.RiceResidueFireBulletin_10Oct_2023_ICAR.pdf
22.0690_76.9060_2023-10-09_0819_N_VIIRS,CR_1679,22.06902,76.90602,2023-10-09 13:47:33,2023-10-09 08:19:00,0.037,-5.48,N,Agricultural Burn,CREAMS,25.RiceResidueFireBulletin_09Oct_2023_ICAR.pdf
29.7473_75.9914_2023-10-10_0802_N_VIIRS,CR_1696,29.74727,75.99144,2023-10-10 13:28:38,2023-10-10 08:02:00,0.037,-5.44,N,Agricultural Burn,CREAMS,26.RiceResidueFireBulletin_10Oct_2023_ICAR.pdf
25.2753_76.4219_2023-10-10_0801_N_VIIRS,CR_1771,25.2753,76.42189,2023-10-10 13:28:38,2023-10-10 08:01:00,0.037,-5.46,N,Agricultural Burn,CREAMS,26.RiceResidueFireBulletin_10Oct_2023_ICAR.pdf
29.6365_77.3986_2023-10-05_0756_N_VIIRS,CR_1124,29.63651,77.39858,2023-10-05 13:22:58,2023-10-05 07:56:00,0.037,-5.45,N,Agricultural Burn,CREAMS,21.RiceResidueFireBulletin_05Oct_2023_ICAR.pdf
25.2998_76.4918_2023-10-10_0801_N_VIIRS,CR_1772,25.29982,76.49184,2023-10-10 13:28:38,2023-10-10 08:01:00,0.037,-5.46,N,Agricultural Burn,CREAMS,26.RiceResidueFireBulletin_10Oct_2023_ICAR.pdf
29.4291_75.7045_2023-10-10_0802_N_VIIRS,CR_1704,29.42915,75.70453,2023-10-10 13:28:38,2023-10-10 08:02:00,0.037,-5.44,N,Agricultural Burn,CREAMS,26.RiceResidueFireBulletin_10Oct_2023_ICAR.pdf
25.1142_76.2752_2023-10-04_0814_N_VIIRS,CR_967,25.11419,76.27525,2023-10-04 13:41:53,2023-10-04 08:14:00,0.037,-5.46,N,Agricultural Burn,CREAMS,20.RiceResidueFireBulletin_04Oct_2023_ICAR.pdf
23.2102_77.2886_2023-10-04_0813_N_VIIRS,CR_956,23.21024,77.28857,2023-10-04 13:41:53,2023-10-04 08:13:00,0.037,-5.48,N,Agricultural Burn,CREAMS,20.RiceResidueFireBulletin_04Oct_2023_ICAR.pdf
31.7170_74.9544_2023-10-05_0757_N_VIIRS,CR_1035,31.71704,74.95444,2023-10-05 13:22:58,2023-10-05 07:57:00,0.037,-5.43,N,Agricultural Burn,CREAMS,21.RiceResidueFireBulletin_05Oct_2023_ICAR.pdf
29.8980_76.0020_2023-10-09_0821_N_VIIRS,CR_1591,29.89796,76.00201,2023-10-09 13:47:33,2023-10-09 08:21:00,0.037,-5.44,N,Agricultural Burn,CREAMS,25.RiceResidueFireBulletin_09Oct_2023_ICAR.pdf
25.5482_78.7537_2023-10-10_0801_N_VIIRS,CR_1755,25.54817,78.75371,2023-10-10 13:28:38,2023-10-10 08:01:00,0.037,-5.46,N,Agricultural Burn,CREAMS,26.RiceResidueFireBulletin_10Oct_2023_ICAR.pdf
31.7309_74.9117_2023-10-05_0757_N_VIIRS,CR_1037,31.73089,74.91174,2023-10-05 13:22:58,2023-10-05 07:57:00,0.037,-5.43,N,Agricultural Burn,CREAMS,21.RiceResidueFireBulletin_05Oct_2023_ICAR.pdf
22.1632_77.0057_2023-10-04_0813_N_VIIRS,CR_964,22.16319,77.00567,2023-10-04 13:41:53,2023-10-04 08:13:00,0.037,-5.48,N,Agricultural Burn,CREAMS,20.RiceResidueFireBulletin_04Oct_2023_ICAR.pdf
23.1567_77.2395_2023-10-04_0813_N_VIIRS,CR_955,23.15673,77.23951,2023-10-04 13:41:53,2023-10-04 08:13:00,0.037,-5.48,N,Agricultural Burn,CREAMS,20.RiceResidueFireBulletin_04Oct_2023_ICAR.pdf
29.9631_76.1239_2023-10-09_0821_N_VIIRS,CR_1593,29.96315,76.12393,2023-10-09 13:47:33,2023-10-09 08:21:00,0.037,-5.44,N,Agricultural Burn,CREAMS,25.RiceResidueFireBulletin_09Oct_2023_ICAR.pdf
31.7165_74.9721_2023-10-05_0757_N_VIIRS,CR_1006,31.71649,74.97211,2023-10-05 13:22:58,2023-10-05 07:57:00,0.037,-5.43,N,Agricultural Burn,CREAMS,21.RiceResidueFireBulletin_05Oct_2023_ICAR.pdf
27.2095_81.2276_2023-10-11_0742_N_VIIRS,CR_1895,27.20952,81.2276,2023-10-11 13:10:25,2023-10-11 07:42:00,0.037,-5.47,N,Agricultural Burn,CREAMS,27.RiceResidueFireBulletin_11Oct_2023_ICAR.pdf
29.1777_76.6560_2023-09-29_0808_N_VIIRS,CR_189,29.17766,76.65597,2023-09-29 13:35:30,2023-09-29 08:08:00,0.037,-5.46,N,Agricultural Burn,CREAMS,15.RiceResidueFireBulletin_29Sep_2023_ICAR.pdf
29.4623_76.9331_2023-09-29_0809_N_VIIRS,CR_187,29.46229,76.93314,2023-09-29 13:35:30,2023-09-29 08:09:00,0.037,-5.44,N,Agricultural Burn,CREAMS,15.RiceResidueFireBulletin_29Sep_2023_ICAR.pdf
27.8036_77.4720_2023-10-11_0743_N_VIIRS,CR_1921,27.80359,77.47202,2023-10-11 13:10:25,2023-10-11 07:43:00,0.037,-5.46,N,Agricultural Burn,CREAMS,27.RiceResidueFireBulletin_11Oct_2023_ICAR.pdf
23.3587_79.7781_2023-10-10_0800_N_VIIRS,CR_1823,23.35865,79.77806,2023-10-10 13:28:38,2023-10-10 08:00:00,0.037,-5.48,N,Agricultural Burn,CREAMS,26.RiceResidueFireBulletin_10Oct_2023_ICAR.pdf
29.5629_76.3203_2023-10-10_0802_N_VIIRS,CR_1719,29.56289,76.32029,2023-10-10 13:28:38,2023-10-10 08:02:00,0.037,-5.44,N,Agricultural Burn,CREAMS,26.RiceResidueFireBulletin_10Oct_2023_ICAR.pdf
24.5060_79.3539_2023-09-30_0748_N_VIIRS,CR_344,24.50602,79.35387,2023-09-30 13:16:35,2023-09-30 07:48:00,0.037,-5.48,N,Agricultural Burn,CREAMS,16.RiceResidueFireBulletin_30Sep_2023_ICAR.pdf
24.6824_77.1093_2023-09-30_0748_N_VIIRS,CR_345,24.68236,77.10934,2023-09-30 13:16:35,2023-09-30 07:48:00,0.037,-5.48,N,Agricultural Burn,CREAMS,16.RiceResidueFireBulletin_30Sep_2023_ICAR.pdf
25.1029_76.2853_2023-10-09_0820_N_VIIRS,CR_1651,25.10295,76.28535,2023-10-09 13:47:33,2023-10-09 08:20:00,0.037,-5.46,N,Agricultural Burn,CREAMS,25.RiceResidueFireBulletin_09Oct_2023_ICAR.pdf
29.5362_76.0968_2023-10-06_0737_N_VIIRS,CR_1255,29.53621,76.09684,2023-10-06 13:04:02,2023-10-06 07:37:00,0.037,-5.45,N,Agricultural Burn,CREAMS,22.RiceResidueFireBulletin_06Oct_2023_ICAR.pdf
27.8649_77.5019_2023-10-11_0743_N_VIIRS,CR_1922,27.86493,77.50189,2023-10-11 13:10:25,2023-10-11 07:43:00,0.037,-5.46,N,Agricultural Burn,CREAMS,27.RiceResidueFireBulletin_11Oct_2023_ICAR.pdf
29.6178_75.8160_2023-10-05_0756_N_VIIRS,CR_1093,29.61778,75.81599,2023-10-05 13:22:58,2023-10-05 07:56:00,0.037,-5.45,N,Agricultural Burn,CREAMS,21.RiceResidueFireBulletin_05Oct_2023_ICAR.pdf
24.7770_76.9257_2023-09-30_0748_N_VIIRS,CR_347,24.77696,76.92574,2023-09-30 13:16:35,2023-09-30 07:48:00,0.037,-5.48,N,Agricultural Burn,CREAMS,16.RiceResidueFireBulletin_30Sep_2023_ICAR.pdf
24.9277_76.1485_2023-10-10_0801_N_VIIRS,CR_1787,24.92769,76.14848,2023-10-10 13:28:38,2023-10-10 08:01:00,0.037,-5.46,N,Agricultural Burn,CREAMS,26.RiceResidueFireBulletin_10Oct_2023_ICAR.pdf
29.6344_75.9392_2023-10-05_0756_N_VIIRS,CR_1094,29.63437,75.93916,2023-10-05 13:22:58,2023-10-05 07:56:00,0.037,-5.45,N,Agricultural Burn,CREAMS,21.RiceResidueFireBulletin_05Oct_2023_ICAR.pdf
22.6443_77.8468_2023-10-10_0800_N_VIIRS,CR_1819,22.64429,77.84682,2023-10-10 13:28:38,2023-10-10 08:00:00,0.037,-5.48,N,Agricultural Burn,CREAMS,26.RiceResidueFireBulletin_10Oct_2023_ICAR.pdf
27.9491_80.5110_2023-10-11_0743_N_VIIRS,CR_1917,27.94906,80.51103,2023-10-11 13:10:25,2023-10-11 07:43:00,0.037,-5.46,N,Agricultural Burn,CREAMS,27.RiceResidueFireBulletin_11Oct_2023_ICAR.pdf
25.0453_76.2790_2023-10-09_0820_N_VIIRS,CR_1650,25.04528,76.27899,2023-10-09 13:47:33,2023-10-09 08:20:00,0.037,-5.46,N,Agricultural Burn,CREAMS,25.RiceResidueFireBulletin_09Oct_2023_ICAR.pdf
22.7025_75.1790_2023-10-10_0800_N_VIIRS,CR_1805,22.70246,75.179,2023-10-10 13:28:38,2023-10-10 08:00:00,0.037,-5.48,N,Agricultural Burn,CREAMS,26.RiceResidueFireBulletin_10Oct_2023_ICAR.pdf
31.6554_74.9922_2023-09-28_0828_N_VIIRS,CR_87,31.65536,74.99218,2023-09-28 13:54:25,2023-09-28 08:28:00,0.037,-5.44,N,Agricultural Burn,CREAMS,14.RiceResidueFireBulletin_28Sep_2023_ICAR.pdf
25.3797_76.2645_2023-10-10_0801_N_VIIRS,CR_1783,25.37973,76.2645,2023-10-10 13:28:38,2023-10-10 08:01:00,0.037,-5.46,N,Agricultural Burn,CREAMS,26.RiceResidueFireBulletin_10Oct_2023_ICAR.pdf
23.7165_78.1400_2023-09-30_2016_N_VIIRS,CR_526,23.7165,78.14001,2023-10-01 01:48:22,2023-09-30 20:16:00,0.037,-5.54,N,Agricultural Burn,CREAMS,17.RiceResidueFireBulletin_01Oct_2023_ICAR.pdf
29.0852_76.6615_2023-10-05_0756_N_VIIRS,CR_1109,29.08519,76.66152,2023-10-05 13:22:58,2023-10-05 07:56:00,0.037,-5.45,N,Agricultural Burn,CREAMS,21.RiceResidueFireBulletin_05Oct_2023_ICAR.pdf
25.6250_81.2688_2023-10-11_0742_N_VIIRS,CR_1915,25.62502,81.26884,2023-10-11 13:10:25,2023-10-11 07:42:00,0.037,-5.47,N,Agricultural Burn,CREAMS,27.RiceResidueFireBulletin_11Oct_2023_ICAR.pdf
31.7685_74.9856_2023-10-11_0744_N_VIIRS,CR_1844,31.76846,74.98562,2023-10-11 13:10:25,2023-10-11 07:44:00,0.037,-5.44,N,Agricultural Burn,CREAMS,27.RiceResidueFireBulletin_11Oct_2023_ICAR.pdf
29.3675_76.9477_2023-10-05_0756_N_VIIRS,CR_1106,29.36747,76.94769,2023-10-05 13:22:58,2023-10-05 07:56:00,0.037,-5.45,N,Agricultural Burn,CREAMS,21.RiceResidueFireBulletin_05Oct_2023_ICAR.pdf
24.9729_76.3920_2023-10-10_0801_N_VIIRS,CR_1768,24.97292,76.39203,2023-10-10 13:28:38,2023-10-10 08:01:00,0.037,-5.46,N,Agricultural Burn,CREAMS,26.RiceResidueFireBulletin_10Oct_2023_ICAR.pdf
24.7655_74.6088_2023-09-28_2053_N_VIIRS,CR_205,24.76549,74.60884,2023-09-29 02:25:30,2023-09-28 20:53:00,0.037,-5.54,N,Agricultural Burn,CREAMS,15.RiceResidueFireBulletin_29Sep_2023_ICAR.pdf
31.6819_74.9667_2023-09-28_0828_N_VIIRS,CR_88,31.68188,74.96674,2023-09-28 13:54:25,2023-09-28 08:28:00,0.037,-5.44,N,Agricultural Burn,CREAMS,14.RiceResidueFireBulletin_28Sep_2023_ICAR.pdf
23.7283_77.6442_2023-09-29_0807_N_VIIRS,CR_213,23.72834,77.64418,2023-09-29 13:35:30,2023-09-29 08:07:00,0.037,-5.47,N,Agricultural Burn,CREAMS,15.RiceResidueFireBulletin_29Sep_2023_ICAR.pdf
31.7302_74.9075_2023-10-05_0757_N_VIIRS,CR_1036,31.73018,74.9075,2023-10-05 13:22:58,2023-10-05 07:57:00,0.038,-5.43,N,Agricultural Burn,CREAMS,21.RiceResidueFireBulletin_05Oct_2023_ICAR.pdf
27.8111_78.1522_2023-10-11_0743_N_VIIRS,CR_1888,27.81107,78.1522,2023-10-11 13:10:25,2023-10-11 07:43:00,0.038,-5.46,N,Agricultural Burn,CREAMS,27.RiceResidueFireBulletin_11Oct_2023_ICAR.pdf
28.2020_77.5619_2023-10-10_0802_N_VIIRS,CR_1752,28.20198,77.56194,2023-10-10 13:28:38,2023-10-10 08:02:00,0.038,-5.44,N,Agricultural Burn,CREAMS,26.RiceResidueFireBulletin_10Oct_2023_ICAR.pdf
23.1852_77.9884_2023-10-09_0819_N_VIIRS,CR_1684,23.18522,77.9884,2023-10-09 13:47:33,2023-10-09 08:19:00,0.038,-5.48,N,Agricultural Burn,CREAMS,25.RiceResidueFireBulletin_09Oct_2023_ICAR.pdf
28.6233_79.1575_2023-10-10_0802_N_VIIRS,CR_1760,28.62329,79.15746,2023-10-10 13:28:38,2023-10-10 08:02:00,0.038,-5.44,N,Agricultural Burn,CREAMS,26.RiceResidueFireBulletin_10Oct_2023_ICAR.pdf
29.6059_75.8197_2023-10-10_0802_N_VIIRS,CR_1705,29.60594,75.81975,2023-10-10 13:28:38,2023-10-10 08:02:00,0.038,-5.44,N,Agricultural Burn,CREAMS,26.RiceResidueFireBulletin_10Oct_2023_ICAR.pdf
29.5659_75.2536_2023-10-10_0802_N_VIIRS,CR_1694,29.56586,75.25359,2023-10-10 13:28:38,2023-10-10 08:02:00,0.038,-5.44,N,Agricultural Burn,CREAMS,26.RiceResidueFireBulletin_10Oct_2023_ICAR.pdf
31.7014_74.9448_2023-10-05_0757_N_VIIRS,CR_1032,31.70144,74.94484,2023-10-05 13:22:58,2023-10-05 07:57:00,0.038,-5.43,N,Agricultural Burn,CREAMS,21.RiceResidueFireBulletin_05Oct_2023_ICAR.pdf
31.6940_74.9421_2023-10-05_0757_N_VIIRS,CR_1031,31.694,74.94215,2023-10-05 13:22:58,2023-10-05 07:57:00,0.038,-5.43,N,Agricultural Burn,CREAMS,21.RiceResidueFireBulletin_05Oct_2023_ICAR.pdf
31.6828_74.9798_2023-10-05_0757_N_VIIRS,CR_1030,31.68283,74.9798,2023-10-05 13:22:58,2023-10-05 07:57:00,0.038,-5.43,N,Agricultural Burn,CREAMS,21.RiceResidueFireBulletin_05Oct_2023_ICAR.pdf
28.6729_78.6616_2023-10-05_0756_N_VIIRS,CR_1118,28.6729,78.66161,2023-10-05 13:22:58,2023-10-05 07:56:00,0.038,-5.45,N,Agricultural Burn,CREAMS,21.RiceResidueFireBulletin_05Oct_2023_ICAR.pdf
29.4271_76.6126_2023-10-05_0756_N_VIIRS,CR_1100,29.42708,76.61263,2023-10-05 13:22:58,2023-10-05 07:56:00,0.038,-5.45,N,Agricultural Burn,CREAMS,21.RiceResidueFireBulletin_05Oct_2023_ICAR.pdf
30.5727_76.5478_2023-10-11_0743_N_VIIRS,CR_1845,30.57275,76.54777,2023-10-11 13:10:25,2023-10-11 07:43:00,0.038,-5.46,N,Agricultural Burn,CREAMS,27.RiceResidueFireBulletin_11Oct_2023_ICAR.pdf
29.5651_74.5545_2023-10-09_0821_N_VIIRS,CR_1661,29.56513,74.55447,2023-10-09 13:47:33,2023-10-09 08:21:00,0.038,-5.44,N,Agricultural Burn,CREAMS,25.RiceResidueFireBulletin_09Oct_2023_ICAR.pdf
25.2393_76.0825_2023-10-09_0820_N_VIIRS,CR_1664,25.23932,76.08251,2023-10-09 13:47:33,2023-10-09 08:20:00,0.038,-5.46,N,Agricultural Burn,CREAMS,25.RiceResidueFireBulletin_09Oct_2023_ICAR.pdf
25.2293_75.9437_2023-10-09_0820_N_VIIRS,CR_1665,25.22929,75.94372,2023-10-09 13:47:33,2023-10-09 08:20:00,0.038,-5.46,N,Agricultural Burn,CREAMS,25.RiceResidueFireBulletin_09Oct_2023_ICAR.pdf
30.1477_76.1418_2023-10-04_0815_N_VIIRS,CR_892,30.14773,76.1418,2023-10-04 13:41:53,2023-10-04 08:15:00,0.038,-5.45,N,Agricultural Burn,CREAMS,20.RiceResidueFireBulletin_04Oct_2023_ICAR.pdf
29.4121_76.9308_2023-10-05_0756_N_VIIRS,CR_1107,29.4121,76.9308,2023-10-05 13:22:58,2023-10-05 07:56:00,0.038,-5.45,N,Agricultural Burn,CREAMS,21.RiceResidueFireBulletin_05Oct_2023_ICAR.pdf
30.7398_74.6352_2023-09-29_0809_N_VIIRS,CR_169,30.73979,74.63521,2023-09-29 13:35:30,2023-09-29 08:09:00,0.038,-5.44,N,Agricultural Burn,CREAMS,15.RiceResidueFireBulletin_29Sep_2023_ICAR.pdf
31.6106_74.5712_2023-10-04_0815_N_VIIRS,CR_828,31.61063,74.57117,2023-10-04 13:41:53,2023-10-04 08:15:00,0.038,-5.45,N,Agricultural Burn,CREAMS,20.RiceResidueFireBulletin_04Oct_2023_ICAR.pdf
25.2786_75.9869_2023-10-10_0801_N_VIIRS,CR_1775,25.2786,75.98689,2023-10-10 13:28:38,2023-10-10 08:01:00,0.038,-5.46,N,Agricultural Burn,CREAMS,26.RiceResidueFireBulletin_10Oct_2023_ICAR.pdf
25.2777_76.0029_2023-10-10_0801_N_VIIRS,CR_1774,25.27772,76.00295,2023-10-10 13:28:38,2023-10-10 08:01:00,0.038,-5.46,N,Agricultural Burn,CREAMS,26.RiceResidueFireBulletin_10Oct_2023_ICAR.pdf
25.2811_76.0023_2023-10-10_0801_N_VIIRS,CR_1776,25.28105,76.00231,2023-10-10 13:28:38,2023-10-10 08:01:00,0.038,-5.46,N,Agricultural Burn,CREAMS,26.RiceResidueFireBulletin_10Oct_2023_ICAR.pdf
31.5724_74.7922_2023-10-04_0815_N_VIIRS,CR_826,31.57236,74.79224,2023-10-04 13:41:53,2023-10-04 08:15:00,0.038,-5.45,N,Agricultural Burn,CREAMS,20.RiceResidueFireBulletin_04Oct_2023_ICAR.pdf
31.5851_74.7808_2023-10-04_0815_N_VIIRS,CR_827,31.58511,74.7808,2023-10-04 13:41:53,2023-10-04 08:15:00,0.038,-5.45,N,Agricultural Burn,CREAMS,20.RiceResidueFireBulletin_04Oct_2023_ICAR.pdf
28.3232_78.1549_2023-10-10_0802_N_VIIRS,CR_1741,28.32322,78.15495,2023-10-10 13:28:38,2023-10-10 08:02:00,0.038,-5.44,N,Agricultural Burn,CREAMS,26.RiceResidueFireBulletin_10Oct_2023_ICAR.pdf
29.5690_76.1158_2023-10-10_0802_N_VIIRS,CR_1720,29.56898,76.11578,2023-10-10 13:28:38,2023-10-10 08:02:00,0.038,-5.44,N,Agricultural Burn,CREAMS,26.RiceResidueFireBulletin_10Oct_2023_ICAR.pdf
30.9329_74.4987_2023-10-05_0756_N_VIIRS,CR_1041,30.93292,74.49874,2023-10-05 13:22:58,2023-10-05 07:56:00,0.038,-5.45,N,Agricultural Burn,CREAMS,21.RiceResidueFireBulletin_05Oct_2023_ICAR.pdf
25.3288_76.4936_2023-10-09_0820_N_VIIRS,CR_1653,25.32881,76.49363,2023-10-09 13:47:33,2023-10-09 08:20:00,0.038,-5.46,N,Agricultural Burn,CREAMS,25.RiceResidueFireBulletin_09Oct_2023_ICAR.pdf
25.2850_76.4186_2023-10-09_0820_N_VIIRS,CR_1652,25.28498,76.41863,2023-10-09 13:47:33,2023-10-09 08:20:00,0.038,-5.46,N,Agricultural Burn,CREAMS,25.RiceResidueFireBulletin_09Oct_2023_ICAR.pdf
26.2855_77.5122_2023-10-11_0742_N_VIIRS,CR_1982,26.28553,77.5122,2023-10-11 13:10:25,2023-10-11 07:42:00,0.038,-5.47,N,Agricultural Burn,CREAMS,27.RiceResidueFireBulletin_11Oct_2023_ICAR.pdf
29.9647_75.9637_2023-10-09_0821_N_VIIRS,CR_1606,29.9647,75.9637,2023-10-09 13:47:33,2023-10-09 08:21:00,0.038,-5.44,N,Agricultural Burn,CREAMS,25.RiceResidueFireBulletin_09Oct_2023_ICAR.pdf
28.6236_79.1432_2023-10-10_2027_N_VIIRS,CR_1937,28.62361,79.14325,2023-10-11 02:00:26,2023-10-10 20:27:00,0.038,-5.56,N,Agricultural Burn,CREAMS,27.RiceResidueFireBulletin_11Oct_2023_ICAR.pdf
27.5788_79.7155_2023-09-30_0749_N_VIIRS,CR_331,27.57878,79.71547,2023-09-30 13:16:35,2023-09-30 07:49:00,0.038,-5.46,N,Agricultural Burn,CREAMS,16.RiceResidueFireBulletin_30Sep_2023_ICAR.pdf
27.2619_78.6067_2023-10-11_0742_N_VIIRS,CR_1907,27.26188,78.60665,2023-10-11 13:10:25,2023-10-11 07:42:00,0.038,-5.47,N,Agricultural Burn,CREAMS,27.RiceResidueFireBulletin_11Oct_2023_ICAR.pdf
26.3610_77.6801_2023-10-10_0801_N_VIIRS,CR_1825,26.36101,77.68015,2023-10-10 13:28:38,2023-10-10 08:01:00,0.038,-5.46,N,Agricultural Burn,CREAMS,26.RiceResidueFireBulletin_10Oct_2023_ICAR.pdf
24.9225_76.1376_2023-10-10_0801_N_VIIRS,CR_1786,24.92254,76.1376,2023-10-10 13:28:38,2023-10-10 08:01:00,0.038,-5.46,N,Agricultural Burn,CREAMS,26.RiceResidueFireBulletin_10Oct_2023_ICAR.pdf
28.1436_80.1215_2023-09-30_2014_N_VIIRS,CR_510,28.14362,80.12146,2023-10-01 01:48:22,2023-09-30 20:14:00,0.038,-5.57,N,Agricultural Burn,CREAMS,17.RiceResidueFireBulletin_01Oct_2023_ICAR.pdf
30.0278_76.1317_2023-10-09_0821_N_VIIRS,CR_1595,30.02777,76.13173,2023-10-09 13:47:33,2023-10-09 08:21:00,0.038,-5.44,N,Agricultural Burn,CREAMS,25.RiceResidueFireBulletin_09Oct_2023_ICAR.pdf
29.9436_76.1268_2023-10-09_0821_N_VIIRS,CR_1592,29.94358,76.12683,2023-10-09 13:47:33,2023-10-09 08:21:00,0.038,-5.44,N,Agricultural Burn,CREAMS,25.RiceResidueFireBulletin_09Oct_2023_ICAR.pdf
27.3809_79.9753_2023-10-10_0801_N_VIIRS,CR_1754,27.3809,79.97527,2023-10-10 13:28:38,2023-10-10 08:01:00,0.038,-5.46,N,Agricultural Burn,CREAMS,26.RiceResidueFireBulletin_10Oct_2023_ICAR.pdf
26.8573_79.1204_2023-10-11_0742_N_VIIRS,CR_1906,26.85732,79.12041,2023-10-11 13:10:25,2023-10-11 07:42:00,0.038,-5.47,N,Agricultural Burn,CREAMS,27.RiceResidueFireBulletin_11Oct_2023_ICAR.pdf
28.6828_78.5170_2023-10-05_0756_N_VIIRS,CR_1120,28.68276,78.51701,2023-10-05 13:22:58,2023-10-05 07:56:00,0.038,-5.45,N,Agricultural Burn,CREAMS,21.RiceResidueFireBulletin_05Oct_2023_ICAR.pdf
25.5480_76.2561_2023-10-10_0801_N_VIIRS,CR_1773,25.54802,76.25608,2023-10-10 13:28:38,2023-10-10 08:01:00,0.038,-5.46,N,Agricultural Burn,CREAMS,26.RiceResidueFireBulletin_10Oct_2023_ICAR.pdf
29.8969_75.9987_2023-10-09_0821_N_VIIRS,CR_1590,29.89694,75.99866,2023-10-09 13:47:33,2023-10-09 08:21:00,0.038,-5.44,N,Agricultural Burn,CREAMS,25.RiceResidueFireBulletin_09Oct_2023_ICAR.pdf
27.6507_77.4553_2023-10-04_0814_N_VIIRS,CR_951,27.65074,77.45535,2023-10-04 13:41:53,2023-10-04 08:14:00,0.038,-5.46,N,Agricultural Burn,CREAMS,20.RiceResidueFireBulletin_04Oct_2023_ICAR.pdf
30.0812_76.7582_2023-10-04_0815_N_VIIRS,CR_941,30.08119,76.75816,2023-10-04 13:41:53,2023-10-04 08:15:00,0.038,-5.45,N,Agricultural Burn,CREAMS,20.RiceResidueFireBulletin_04Oct_2023_ICAR.pdf
27.1796_79.1534_2023-10-10_0801_N_VIIRS,CR_1756,27.17958,79.15338,2023-10-10 13:28:38,2023-10-10 08:01:00,0.038,-5.46,N,Agricultural Burn,CREAMS,26.RiceResidueFireBulletin_10Oct_2023_ICAR.pdf
24.9902_77.1020_2023-10-05_0755_N_VIIRS,CR_1144,24.99025,77.10202,2023-10-05 13:22:58,2023-10-05 07:55:00,0.038,-5.47,N,Agricultural Burn,CREAMS,21.RiceResidueFireBulletin_05Oct_2023_ICAR.pdf
25.0865_76.1656_2023-10-10_0801_N_VIIRS,CR_1780,25.08654,76.1656,2023-10-10 13:28:38,2023-10-10 08:01:00,0.038,-5.46,N,Agricultural Burn,CREAMS,26.RiceResidueFireBulletin_10Oct_2023_ICAR.pdf
23.5343_79.0805_2023-10-11_0741_N_VIIRS,CR_1983,23.53425,79.08048,2023-10-11 13:10:25,2023-10-11 07:41:00,0.038,-5.49,N,Agricultural Burn,CREAMS,27.RiceResidueFireBulletin_11Oct_2023_ICAR.pdf
31.7624_75.1015_2023-10-05_0757_N_VIIRS,CR_1009,31.7624,75.10149,2023-10-05 13:22:58,2023-10-05 07:57:00,0.038,-5.43,N,Agricultural Burn,CREAMS,21.RiceResidueFireBulletin_05Oct_2023_ICAR.pdf
22.9977_75.5197_2023-10-05_0754_N_VIIRS,CR_1148,22.99772,75.51969,2023-10-05 13:22:58,2023-10-05 07:54:00,0.038,-5.48,N,Agricultural Burn,CREAMS,21.RiceResidueFireBulletin_05Oct_2023_ICAR.pdf
29.6360_75.8629_2023-10-10_0802_N_VIIRS,CR_1708,29.63599,75.86289,2023-10-10 13:28:38,2023-10-10 08:02:00,0.038,-5.44,N,Agricultural Burn,CREAMS,26.RiceResidueFireBulletin_10Oct_2023_ICAR.pdf
25.3545_76.3802_2023-10-04_0814_N_VIIRS,CR_974,25.35455,76.38017,2023-10-04 13:41:53,2023-10-04 08:14:00,0.038,-5.46,N,Agricultural Burn,CREAMS,20.RiceResidueFireBulletin_04Oct_2023_ICAR.pdf
28.7836_79.6620_2023-10-10_0802_N_VIIRS,CR_1737,28.78355,79.662,2023-10-10 13:28:38,2023-10-10 08:02:00,0.038,-5.44,N,Agricultural Burn,CREAMS,26.RiceResidueFireBulletin_10Oct_2023_ICAR.pdf
29.3919_76.0844_2023-10-10_0802_N_VIIRS,CR_1713,29.39192,76.08439,2023-10-10 13:28:38,2023-10-10 08:02:00,0.038,-5.44,N,Agricultural Burn,CREAMS,26.RiceResidueFireBulletin_10Oct_2023_ICAR.pdf
29.3581_75.9734_2023-10-10_0802_N_VIIRS,CR_1711,29.35815,75.97337,2023-10-10 13:28:38,2023-10-10 08:02:00,0.038,-5.44,N,Agricultural Burn,CREAMS,26.RiceResidueFireBulletin_10Oct_2023_ICAR.pdf
25.2703_76.1510_2023-10-10_0801_N_VIIRS,CR_1781,25.27032,76.15101,2023-10-10 13:28:38,2023-10-10 08:01:00,0.038,-5.46,N,Agricultural Burn,CREAMS,26.RiceResidueFireBulletin_10Oct_2023_ICAR.pdf
30.0426_77.0110_2023-09-30_0750_N_VIIRS,CR_309,30.04263,77.01105,2023-09-30 13:16:35,2023-09-30 07:50:00,0.038,-5.44,N,Agricultural Burn,CREAMS,16.RiceResidueFireBulletin_30Sep_2023_ICAR.pdf
30.0145_76.9265_2023-09-30_0750_N_VIIRS,CR_308,30.01451,76.92651,2023-09-30 13:16:35,2023-09-30 07:50:00,0.038,-5.44,N,Agricultural Burn,CREAMS,16.RiceResidueFireBulletin_30Sep_2023_ICAR.pdf
31.6267_75.0793_2023-09-28_0828_N_VIIRS,CR_86,31.62673,75.07934,2023-09-28 13:54:25,2023-09-28 08:28:00,0.038,-5.44,N,Agricultural Burn,CREAMS,14.RiceResidueFireBulletin_28Sep_2023_ICAR.pdf
31.6255_75.1502_2023-09-28_0828_N_VIIRS,CR_85,31.62551,75.15017,2023-09-28 13:54:25,2023-09-28 08:28:00,0.038,-5.44,N,Agricultural Burn,CREAMS,14.RiceResidueFireBulletin_28Sep_2023_ICAR.pdf
29.7026_76.3504_2023-10-10_0802_N_VIIRS,CR_1723,29.70263,76.35044,2023-10-10 13:28:38,2023-10-10 08:02:00,0.038,-5.44,N,Agricultural Burn,CREAMS,26.RiceResidueFireBulletin_10Oct_2023_ICAR.pdf
30.0310_76.8578_2023-09-30_0750_N_VIIRS,CR_311,30.03103,76.85777,2023-09-30 13:16:35,2023-09-30 07:50:00,0.038,-5.44,N,Agricultural Burn,CREAMS,16.RiceResidueFireBulletin_30Sep_2023_ICAR.pdf
29.9339_76.2561_2023-10-09_0821_N_VIIRS,CR_1633,29.93392,76.25611,2023-10-09 13:47:33,2023-10-09 08:21:00,0.038,-5.44,N,Agricultural Burn,CREAMS,25.RiceResidueFireBulletin_09Oct_2023_ICAR.pdf
28.7872_79.6614_2023-10-10_0802_N_VIIRS,CR_1738,28.78717,79.66142,2023-10-10 13:28:38,2023-10-10 08:02:00,0.038,-5.44,N,Agricultural Burn,CREAMS,26.RiceResidueFireBulletin_10Oct_2023_ICAR.pdf
24.9172_76.3593_2023-10-10_0801_N_VIIRS,CR_1785,24.91719,76.35931,2023-10-10 13:28:38,2023-10-10 08:01:00,0.038,-5.46,N,Agricultural Burn,CREAMS,26.RiceResidueFireBulletin_10Oct_2023_ICAR.pdf
31.6045_74.9855_2023-10-04_0815_N_VIIRS,CR_835,31.60446,74.98553,2023-10-04 13:41:53,2023-10-04 08:15:00,0.039,-5.45,N,Agricultural Burn,CREAMS,20.RiceResidueFireBulletin_04Oct_2023_ICAR.pdf
31.6244_75.0569_2023-10-04_0815_N_VIIRS,CR_836,31.62438,75.05688,2023-10-04 13:41:53,2023-10-04 08:15:00,0.039,-5.45,N,Agricultural Burn,CREAMS,20.RiceResidueFireBulletin_04Oct_2023_ICAR.pdf
29.9806_76.0857_2023-10-05_0756_N_VIIRS,CR_1058,29.98063,76.08567,2023-10-05 13:22:58,2023-10-05 07:56:00,0.039,-5.45,N,Agricultural Burn,CREAMS,21.RiceResidueFireBulletin_05Oct_2023_ICAR.pdf
31.5683_74.7884_2023-10-04_0815_N_VIIRS,CR_825,31.56831,74.78838,2023-10-04 13:41:53,2023-10-04 08:15:00,0.039,-5.45,N,Agricultural Burn,CREAMS,20.RiceResidueFireBulletin_04Oct_2023_ICAR.pdf
30.8392_76.2837_2023-10-04_0815_N_VIIRS,CR_884,30.83923,76.28374,2023-10-04 13:41:53,2023-10-04 08:15:00,0.039,-5.45,N,Agricultural Burn,CREAMS,20.RiceResidueFireBulletin_04Oct_2023_ICAR.pdf
31.6897_75.1728_2023-10-04_0815_N_VIIRS,CR_867,31.68974,75.17285,2023-10-04 13:41:53,2023-10-04 08:15:00,0.039,-5.45,N,Agricultural Burn,CREAMS,20.RiceResidueFireBulletin_04Oct_2023_ICAR.pdf
31.6478_75.0434_2023-10-04_0815_N_VIIRS,CR_866,31.64779,75.04339,2023-10-04 13:41:53,2023-10-04 08:15:00,0.039,-5.45,N,Agricultural Burn,CREAMS,20.RiceResidueFireBulletin_04Oct_2023_ICAR.pdf
23.1289_79.6595_2023-10-11_0741_N_VIIRS,CR_1979,23.12888,79.65945,2023-10-11 13:10:25,2023-10-11 07:41:00,0.039,-5.49,N,Agricultural Burn,CREAMS,27.RiceResidueFireBulletin_11Oct_2023_ICAR.pdf
30.6252_76.8493_2023-09-29_0809_N_VIIRS,CR_176,30.62515,76.84933,2023-09-29 13:35:30,2023-09-29 08:09:00,0.039,-5.44,N,Agricultural Burn,CREAMS,15.RiceResidueFireBulletin_29Sep_2023_ICAR.pdf
26.3668_77.5708_2023-10-11_0742_N_VIIRS,CR_1981,26.36685,77.57082,2023-10-11 13:10:25,2023-10-11 07:42:00,0.039,-5.47,N,Agricultural Burn,CREAMS,27.RiceResidueFireBulletin_11Oct_2023_ICAR.pdf
23.3890_77.0964_2023-09-30_0748_N_VIIRS,CR_350,23.38898,77.09643,2023-09-30 13:16:35,2023-09-30 07:48:00,0.039,-5.48,N,Agricultural Burn,CREAMS,16.RiceResidueFireBulletin_30Sep_2023_ICAR.pdf
24.7164_77.6840_2023-09-30_0748_N_VIIRS,CR_343,24.71636,77.68404,2023-09-30 13:16:35,2023-09-30 07:48:00,0.039,-5.48,N,Agricultural Burn,CREAMS,16.RiceResidueFireBulletin_30Sep_2023_ICAR.pdf
30.8429_76.2832_2023-10-04_0815_N_VIIRS,CR_885,30.84291,76.28315,2023-10-04 13:41:53,2023-10-04 08:15:00,0.039,-5.45,N,Agricultural Burn,CREAMS,20.RiceResidueFireBulletin_04Oct_2023_ICAR.pdf
22.8537_75.3768_2023-10-09_2047_N_VIIRS,CR_1802,22.85373,75.37676,2023-10-10 02:19:21,2023-10-09 20:47:00,0.039,-5.54,N,Agricultural Burn,CREAMS,26.RiceResidueFireBulletin_10Oct_2023_ICAR.pdf
27.9355_79.7695_2023-10-01_0730_N_VIIRS,CR_514,27.93547,79.7695,2023-10-01 12:57:39,2023-10-01 07:30:00,0.039,-5.46,N,Agricultural Burn,CREAMS,17.RiceResidueFireBulletin_01Oct_2023_ICAR.pdf
31.8532_74.6620_2023-09-30_0750_N_VIIRS,CR_214,31.85317,74.66199,2023-09-30 13:16:35,2023-09-30 07:50:00,0.039,-5.44,N,Agricultural Burn,CREAMS,16.RiceResidueFireBulletin_30Sep_2023_ICAR.pdf
31.6343_75.0504_2023-10-04_0815_N_VIIRS,CR_865,31.63433,75.05044,2023-10-04 13:41:53,2023-10-04 08:15:00,0.039,-5.45,N,Agricultural Burn,CREAMS,20.RiceResidueFireBulletin_04Oct_2023_ICAR.pdf
31.6250_75.0615_2023-10-04_0815_N_VIIRS,CR_864,31.62496,75.06146,2023-10-04 13:41:53,2023-10-04 08:15:00,0.039,-5.45,N,Agricultural Burn,CREAMS,20.RiceResidueFireBulletin_04Oct_2023_ICAR.pdf
29.3952_76.9283_2023-10-04_2039_N_VIIRS,CR_1105,29.39522,76.92825,2023-10-05 02:12:58,2023-10-04 20:39:00,0.039,-5.57,N,Agricultural Burn,CREAMS,21.RiceResidueFireBulletin_05Oct_2023_ICAR.pdf
25.1113_76.2359_2023-10-10_0801_N_VIIRS,CR_1764,25.11127,76.23592,2023-10-10 13:28:38,2023-10-10 08:01:00,0.039,-5.46,N,Agricultural Burn,CREAMS,26.RiceResidueFireBulletin_10Oct_2023_ICAR.pdf
22.5789_75.2479_2023-10-10_0800_N_VIIRS,CR_1803,22.57887,75.24786,2023-10-10 13:28:38,2023-10-10 08:00:00,0.039,-5.48,N,Agricultural Burn,CREAMS,26.RiceResidueFireBulletin_10Oct_2023_ICAR.pdf
27.1086_81.2746_2023-10-11_0742_N_VIIRS,CR_1892,27.10858,81.27465,2023-10-11 13:10:25,2023-10-11 07:42:00,0.039,-5.47,N,Agricultural Burn,CREAMS,27.RiceResidueFireBulletin_11Oct_2023_ICAR.pdf
27.1780_81.2615_2023-10-11_0742_N_VIIRS,CR_1893,27.17797,81.26148,2023-10-11 13:10:25,2023-10-11 07:42:00,0.039,-5.47,N,Agricultural Burn,CREAMS,27.RiceResidueFireBulletin_11Oct_2023_ICAR.pdf
30.2073_76.9820_2023-10-04_0815_N_VIIRS,CR_923,30.20729,76.98201,2023-10-04 13:41:53,2023-10-04 08:15:00,0.039,-5.45,N,Agricultural Burn,CREAMS,20.RiceResidueFireBulletin_04Oct_2023_ICAR.pdf
29.4620_77.0104_2023-10-05_0756_N_VIIRS,CR_1108,29.46197,77.01037,2023-10-05 13:22:58,2023-10-05 07:56:00,0.039,-5.45,N,Agricultural Burn,CREAMS,21.RiceResidueFireBulletin_05Oct_2023_ICAR.pdf
27.6179_80.0831_2023-10-11_0742_N_VIIRS,CR_1909,27.61788,80.08314,2023-10-11 13:10:25,2023-10-11 07:42:00,0.039,-5.47,N,Agricultural Burn,CREAMS,27.RiceResidueFireBulletin_11Oct_2023_ICAR.pdf
24.8715_76.5525_2023-10-05_0755_N_VIIRS,CR_1126,24.87151,76.55249,2023-10-05 13:22:58,2023-10-05 07:55:00,0.039,-5.47,N,Agricultural Burn,CREAMS,21.RiceResidueFireBulletin_05Oct_2023_ICAR.pdf
29.8782_76.0412_2023-10-09_0821_N_VIIRS,CR_1589,29.87816,76.04124,2023-10-09 13:47:33,2023-10-09 08:21:00,0.039,-5.44,N,Agricultural Burn,CREAMS,25.RiceResidueFireBulletin_09Oct_2023_ICAR.pdf
30.2294_77.3142_2023-10-01_0731_N_VIIRS,CR_493,30.22935,77.31416,2023-10-01 12:57:39,2023-10-01 07:31:00,0.039,-5.44,N,Agricultural Burn,CREAMS,17.RiceResidueFireBulletin_01Oct_2023_ICAR.pdf
28.8688_79.5386_2023-10-05_0756_N_VIIRS,CR_1114,28.86884,79.53856,2023-10-05 13:22:58,2023-10-05 07:56:00,0.039,-5.45,N,Agricultural Burn,CREAMS,21.RiceResidueFireBulletin_05Oct_2023_ICAR.pdf
30.5788_76.6217_2023-10-11_0743_N_VIIRS,CR_1852,30.57877,76.62173,2023-10-11 13:10:25,2023-10-11 07:43:00,0.039,-5.46,N,Agricultural Burn,CREAMS,27.RiceResidueFireBulletin_11Oct_2023_ICAR.pdf
23.9881_79.3914_2023-09-19_2022_N_VIIRS,CR_14,23.9881,79.39137,2023-09-20 01:54:31,2023-09-19 20:22:00,0.039,-5.54,N,Agricultural Burn,CREAMS,06.RiceResidueFireBulletin_20Sep_2023_ICAR.pdf
25.3347_76.3921_2023-10-04_0814_N_VIIRS,CR_972,25.33474,76.39206,2023-10-04 13:41:53,2023-10-04 08:14:00,0.039,-5.46,N,Agricultural Burn,CREAMS,20.RiceResidueFireBulletin_04Oct_2023_ICAR.pdf
23.3994_77.0959_2023-10-05_0754_N_VIIRS,CR_1152,23.39939,77.09586,2023-10-05 13:22:58,2023-10-05 07:54:00,0.039,-5.48,N,Agricultural Burn,CREAMS,21.RiceResidueFireBulletin_05Oct_2023_ICAR.pdf
31.6666_74.6338_2023-10-05_0757_N_VIIRS,CR_996,31.66656,74.63384,2023-10-05 13:22:58,2023-10-05 07:57:00,0.039,-5.43,N,Agricultural Burn,CREAMS,21.RiceResidueFireBulletin_05Oct_2023_ICAR.pdf
30.1655_77.0107_2023-09-30_0750_N_VIIRS,CR_296,30.1655,77.0107,2023-09-30 13:16:35,2023-09-30 07:50:00,0.039,-5.44,N,Agricultural Burn,CREAMS,16.RiceResidueFireBulletin_30Sep_2023_ICAR.pdf
29.6684_75.8971_2023-10-10_0802_N_VIIRS,CR_1709,29.66839,75.89714,2023-10-10 13:28:38,2023-10-10 08:02:00,0.039,-5.44,N,Agricultural Burn,CREAMS,26.RiceResidueFireBulletin_10Oct_2023_ICAR.pdf
28.9644_76.9058_2023-10-11_0743_N_VIIRS,CR_1884,28.96437,76.90578,2023-10-11 13:10:25,2023-10-11 07:43:00,0.039,-5.46,N,Agricultural Burn,CREAMS,27.RiceResidueFireBulletin_11Oct_2023_ICAR.pdf
25.3992_76.4734_2023-10-04_0814_N_VIIRS,CR_975,25.39925,76.47337,2023-10-04 13:41:53,2023-10-04 08:14:00,0.039,-5.46,N,Agricultural Burn,CREAMS,20.RiceResidueFireBulletin_04Oct_2023_ICAR.pdf
31.6178_74.6585_2023-10-05_0757_N_VIIRS,CR_995,31.61783,74.65853,2023-10-05 13:22:58,2023-10-05 07:57:00,0.039,-5.43,N,Agricultural Burn,CREAMS,21.RiceResidueFireBulletin_05Oct_2023_ICAR.pdf
31.0927_75.2002_2023-10-09_0821_N_VIIRS,CR_1580,31.09272,75.20023,2023-10-09 13:47:33,2023-10-09 08:21:00,0.039,-5.44,N,Agricultural Burn,CREAMS,25.RiceResidueFireBulletin_09Oct_2023_ICAR.pdf
24.8315_76.9819_2023-10-11_0742_N_VIIRS,CR_1972,24.8315,76.98195,2023-10-11 13:10:25,2023-10-11 07:42:00,0.039,-5.47,N,Agricultural Burn,CREAMS,27.RiceResidueFireBulletin_11Oct_2023_ICAR.pdf
24.7594_76.3918_2023-10-03_0832_N_VIIRS,CR_812,24.7594,76.39176,2023-10-03 14:00:48,2023-10-03 08:32:00,0.039,-5.48,N,Agricultural Burn,CREAMS,19.RiceResidueFireBulletin_03Oct_2023_ICAR.pdf
29.8716_75.9032_2023-10-05_0756_N_VIIRS,CR_1070,29.87163,75.90323,2023-10-05 13:22:58,2023-10-05 07:56:00,0.039,-5.45,N,Agricultural Burn,CREAMS,21.RiceResidueFireBulletin_05Oct_2023_ICAR.pdf
30.2593_77.2853_2023-09-30_0750_N_VIIRS,CR_319,30.25928,77.28525,2023-09-30 13:16:35,2023-09-30 07:50:00,0.039,-5.44,N,Agricultural Burn,CREAMS,16.RiceResidueFireBulletin_30Sep_2023_ICAR.pdf
30.6083_75.4822_2023-10-09_0821_N_VIIRS,CR_1585,30.60829,75.4822,2023-10-09 13:47:33,2023-10-09 08:21:00,0.039,-5.44,N,Agricultural Burn,CREAMS,25.RiceResidueFireBulletin_09Oct_2023_ICAR.pdf
23.6739_76.2970_2023-10-10_0800_N_VIIRS,CR_1831,23.67391,76.29697,2023-10-10 13:28:38,2023-10-10 08:00:00,0.039,-5.48,N,Agricultural Burn,CREAMS,26.RiceResidueFireBulletin_10Oct_2023_ICAR.pdf
31.7291_75.0480_2023-10-05_0757_N_VIIRS,CR_1007,31.72914,75.048,2023-10-05 13:22:58,2023-10-05 07:57:00,0.039,-5.43,N,Agricultural Burn,CREAMS,21.RiceResidueFireBulletin_05Oct_2023_ICAR.pdf
24.8529_76.4002_2023-10-05_0755_N_VIIRS,CR_1135,24.85295,76.40025,2023-10-05 13:22:58,2023-10-05 07:55:00,0.039,-5.47,N,Agricultural Burn,CREAMS,21.RiceResidueFireBulletin_05Oct_2023_ICAR.pdf
27.1807_81.2570_2023-10-11_0742_N_VIIRS,CR_1894,27.18069,81.257,2023-10-11 13:10:25,2023-10-11 07:42:00,0.039,-5.47,N,Agricultural Burn,CREAMS,27.RiceResidueFireBulletin_11Oct_2023_ICAR.pdf
27.4801_77.5598_2023-10-05_0755_N_VIIRS,CR_1117,27.48006,77.55983,2023-10-05 13:22:58,2023-10-05 07:55:00,0.039,-5.47,N,Agricultural Burn,CREAMS,21.RiceResidueFireBulletin_05Oct_2023_ICAR.pdf
31.7048_74.9441_2023-10-05_0757_N_VIIRS,CR_1033,31.70481,74.94408,2023-10-05 13:22:58,2023-10-05 07:57:00,0.039,-5.43,N,Agricultural Burn,CREAMS,21.RiceResidueFireBulletin_05Oct_2023_ICAR.pdf
31.7064_74.9744_2023-10-05_0757_N_VIIRS,CR_1034,31.70639,74.97443,2023-10-05 13:22:58,2023-10-05 07:57:00,0.039,-5.43,N,Agricultural Burn,CREAMS,21.RiceResidueFireBulletin_05Oct_2023_ICAR.pdf
27.9345_79.7644_2023-10-01_0730_N_VIIRS,CR_512,27.93451,79.76443,2023-10-01 12:57:39,2023-10-01 07:30:00,0.039,-5.46,N,Agricultural Burn,CREAMS,17.RiceResidueFireBulletin_01Oct_2023_ICAR.pdf
25.0401_76.3046_2023-10-10_0801_N_VIIRS,CR_1763,25.04007,76.30457,2023-10-10 13:28:38,2023-10-10 08:01:00,0.039,-5.46,N,Agricultural Burn,CREAMS,26.RiceResidueFireBulletin_10Oct_2023_ICAR.pdf
27.9352_79.7671_2023-10-01_0730_N_VIIRS,CR_513,27.93525,79.7671,2023-10-01 12:57:39,2023-10-01 07:30:00,0.039,-5.46,N,Agricultural Burn,CREAMS,17.RiceResidueFireBulletin_01Oct_2023_ICAR.pdf
25.8772_78.1931_2023-10-10_0801_N_VIIRS,CR_1816,25.87721,78.19309,2023-10-10 13:28:38,2023-10-10 08:01:00,0.039,-5.46,N,Agricultural Burn,CREAMS,26.RiceResidueFireBulletin_10Oct_2023_ICAR.pdf
29.4238_76.6133_2023-10-05_0756_N_VIIRS,CR_1099,29.42377,76.61332,2023-10-05 13:22:58,2023-10-05 07:56:00,0.039,-5.45,N,Agricultural Burn,CREAMS,21.RiceResidueFireBulletin_05Oct_2023_ICAR.pdf
25.3457_76.4208_2023-10-04_0814_N_VIIRS,CR_973,25.34571,76.42076,2023-10-04 13:41:53,2023-10-04 08:14:00,0.04,-5.46,N,Agricultural Burn,CREAMS,20.RiceResidueFireBulletin_04Oct_2023_ICAR.pdf
28.4538_77.3894_2023-10-11_0743_N_VIIRS,CR_1867,28.45381,77.38937,2023-10-11 13:10:25,2023-10-11 07:43:00,0.04,-5.46,N,Agricultural Burn,CREAMS,27.RiceResidueFireBulletin_11Oct_2023_ICAR.pdf
27.0823_81.3108_2023-10-10_0801_N_VIIRS,CR_1736,27.08229,81.31083,2023-10-10 13:28:38,2023-10-10 08:01:00,0.04,-5.46,N,Agricultural Burn,CREAMS,26.RiceResidueFireBulletin_10Oct_2023_ICAR.pdf
29.3214_76.8897_2023-09-30_0750_N_VIIRS,CR_315,29.32141,76.88966,2023-09-30 13:16:35,2023-09-30 07:50:00,0.04,-5.44,N,Agricultural Burn,CREAMS,16.RiceResidueFireBulletin_30Sep_2023_ICAR.pdf
29.2800_76.9162_2023-09-30_0750_N_VIIRS,CR_314,29.28003,76.91619,2023-09-30 13:16:35,2023-09-30 07:50:00,0.04,-5.44,N,Agricultural Burn,CREAMS,16.RiceResidueFireBulletin_30Sep_2023_ICAR.pdf
25.9066_76.8260_2023-10-10_0801_N_VIIRS,CR_1833,25.90665,76.826,2023-10-10 13:28:38,2023-10-10 08:01:00,0.04,-5.46,N,Agricultural Burn,CREAMS,26.RiceResidueFireBulletin_10Oct_2023_ICAR.pdf
30.1837_76.6871_2023-10-04_0815_N_VIIRS,CR_942,30.18365,76.68707,2023-10-04 13:41:53,2023-10-04 08:15:00,0.04,-5.45,N,Agricultural Burn,CREAMS,20.RiceResidueFireBulletin_04Oct_2023_ICAR.pdf
29.9880_76.1276_2023-10-11_0743_N_VIIRS,CR_1851,29.98797,76.12756,2023-10-11 13:10:25,2023-10-11 07:43:00,0.04,-5.46,N,Agricultural Burn,CREAMS,27.RiceResidueFireBulletin_11Oct_2023_ICAR.pdf
24.9567_76.5355_2023-10-05_0755_N_VIIRS,CR_1127,24.95675,76.5355,2023-10-05 13:22:58,2023-10-05 07:55:00,0.04,-5.47,N,Agricultural Burn,CREAMS,21.RiceResidueFireBulletin_05Oct_2023_ICAR.pdf
28.8706_77.1989_2023-10-11_0743_N_VIIRS,CR_1891,28.87057,77.19893,2023-10-11 13:10:25,2023-10-11 07:43:00,0.04,-5.46,N,Agricultural Burn,CREAMS,27.RiceResidueFireBulletin_11Oct_2023_ICAR.pdf
31.1248_75.2115_2023-10-09_0821_N_VIIRS,CR_1581,31.12478,75.21146,2023-10-09 13:47:33,2023-10-09 08:21:00,0.04,-5.44,N,Agricultural Burn,CREAMS,25.RiceResidueFireBulletin_09Oct_2023_ICAR.pdf
22.9981_75.2635_2023-10-04_0813_N_VIIRS,CR_958,22.99815,75.26345,2023-10-04 13:41:53,2023-10-04 08:13:00,0.04,-5.48,N,Agricultural Burn,CREAMS,20.RiceResidueFireBulletin_04Oct_2023_ICAR.pdf
29.4738_74.0006_2023-10-04_0815_N_VIIRS,CR_979,29.47382,74.00056,2023-10-04 13:41:53,2023-10-04 08:15:00,0.04,-5.45,N,Agricultural Burn,CREAMS,20.RiceResidueFireBulletin_04Oct_2023_ICAR.pdf
22.4866_75.4869_2023-10-05_0754_N_VIIRS,CR_1141,22.48658,75.48689,2023-10-05 13:22:58,2023-10-05 07:54:00,0.04,-5.48,N,Agricultural Burn,CREAMS,21.RiceResidueFireBulletin_05Oct_2023_ICAR.pdf
29.1789_76.9418_2023-09-30_0750_N_VIIRS,CR_316,29.17887,76.94183,2023-09-30 13:16:35,2023-09-30 07:50:00,0.04,-5.44,N,Agricultural Burn,CREAMS,16.RiceResidueFireBulletin_30Sep_2023_ICAR.pdf
28.0702_77.8563_2023-10-05_2021_N_VIIRS,CR_1264,28.07016,77.85631,2023-10-06 01:54:45,2023-10-05 20:21:00,0.04,-5.56,N,Agricultural Burn,CREAMS,22.RiceResidueFireBulletin_06Oct_2023_ICAR.pdf
24.9195_76.3776_2023-10-04_0813_N_VIIRS,CR_988,24.9195,76.37757,2023-10-04 13:41:53,2023-10-04 08:13:00,0.04,-5.48,N,Agricultural Burn,CREAMS,20.RiceResidueFireBulletin_04Oct_2023_ICAR.pdf
30.7056_76.4791_2023-10-09_0821_N_VIIRS,CR_1575,30.70556,76.47906,2023-10-09 13:47:33,2023-10-09 08:21:00,0.04,-5.44,N,Agricultural Burn,CREAMS,25.RiceResidueFireBulletin_09Oct_2023_ICAR.pdf
27.9694_77.5630_2023-10-06_0737_N_VIIRS,CR_1266,27.96939,77.56302,2023-10-06 13:04:02,2023-10-06 07:37:00,0.04,-5.45,N,Agricultural Burn,CREAMS,22.RiceResidueFireBulletin_06Oct_2023_ICAR.pdf
29.6740_75.4120_2023-10-09_0821_N_VIIRS,CR_1626,29.67395,75.41197,2023-10-09 13:47:33,2023-10-09 08:21:00,0.04,-5.44,N,Agricultural Burn,CREAMS,25.RiceResidueFireBulletin_09Oct_2023_ICAR.pdf
28.1810_80.0332_2023-10-06_2002_N_VIIRS,CR_1346,28.18103,80.03322,2023-10-07 01:35:50,2023-10-06 20:02:00,0.04,-5.56,N,Agricultural Burn,CREAMS,23.RiceResidueFireBulletin_07Oct_2023_ICAR.pdf
25.8545_78.8109_2023-10-11_0742_N_VIIRS,CR_1965,25.85446,78.81085,2023-10-11 13:10:25,2023-10-11 07:42:00,0.04,-5.47,N,Agricultural Burn,CREAMS,27.RiceResidueFireBulletin_11Oct_2023_ICAR.pdf
31.6550_75.2121_2023-10-04_0815_N_VIIRS,CR_860,31.65503,75.21212,2023-10-04 13:41:53,2023-10-04 08:15:00,0.04,-5.45,N,Agricultural Burn,CREAMS,20.RiceResidueFireBulletin_04Oct_2023_ICAR.pdf
29.8551_75.4032_2023-10-05_0756_N_VIIRS,CR_1054,29.8551,75.40322,2023-10-05 13:22:58,2023-10-05 07:56:00,0.04,-5.45,N,Agricultural Burn,CREAMS,21.RiceResidueFireBulletin_05Oct_2023_ICAR.pdf
29.8723_75.9073_2023-10-05_0756_N_VIIRS,CR_1071,29.8723,75.90731,2023-10-05 13:22:58,2023-10-05 07:56:00,0.04,-5.45,N,Agricultural Burn,CREAMS,21.RiceResidueFireBulletin_05Oct_2023_ICAR.pdf
30.1302_76.9667_2023-09-30_0750_N_VIIRS,CR_306,30.13023,76.96669,2023-09-30 13:16:35,2023-09-30 07:50:00,0.04,-5.44,N,Agricultural Burn,CREAMS,16.RiceResidueFireBulletin_30Sep_2023_ICAR.pdf
30.1192_76.9216_2023-09-30_0750_N_VIIRS,CR_310,30.11917,76.92157,2023-09-30 13:16:35,2023-09-30 07:50:00,0.04,-5.44,N,Agricultural Burn,CREAMS,16.RiceResidueFireBulletin_30Sep_2023_ICAR.pdf
26.3320_77.6999_2023-10-01_0730_N_VIIRS,CR_523,26.33205,77.69993,2023-10-01 12:57:39,2023-10-01 07:30:00,0.04,-5.46,N,Agricultural Burn,CREAMS,17.RiceResidueFireBulletin_01Oct_2023_ICAR.pdf
26.1859_78.3851_2023-10-10_0801_N_VIIRS,CR_1817,26.18589,78.38511,2023-10-10 13:28:38,2023-10-10 08:01:00,0.04,-5.46,N,Agricultural Burn,CREAMS,26.RiceResidueFireBulletin_10Oct_2023_ICAR.pdf
29.8583_74.4836_2023-09-29_0809_N_VIIRS,CR_206,29.85832,74.48365,2023-09-29 13:35:30,2023-09-29 08:09:00,0.04,-5.44,N,Agricultural Burn,CREAMS,15.RiceResidueFireBulletin_29Sep_2023_ICAR.pdf
31.2401_75.2486_2023-10-04_0815_N_VIIRS,CR_879,31.24006,75.24861,2023-10-04 13:41:53,2023-10-04 08:15:00,0.04,-5.45,N,Agricultural Burn,CREAMS,20.RiceResidueFireBulletin_04Oct_2023_ICAR.pdf
25.0941_76.4385_2023-09-29_0807_N_VIIRS,CR_204,25.09411,76.43851,2023-09-29 13:35:30,2023-09-29 08:07:00,0.04,-5.47,N,Agricultural Burn,CREAMS,15.RiceResidueFireBulletin_29Sep_2023_ICAR.pdf
30.1462_76.2807_2023-10-04_0815_N_VIIRS,CR_893,30.14622,76.28071,2023-10-04 13:41:53,2023-10-04 08:15:00,0.04,-5.45,N,Agricultural Burn,CREAMS,20.RiceResidueFireBulletin_04Oct_2023_ICAR.pdf
29.4178_76.6534_2023-10-04_0815_N_VIIRS,CR_935,29.41777,76.65336,2023-10-04 13:41:53,2023-10-04 08:15:00,0.04,-5.45,N,Agricultural Burn,CREAMS,20.RiceResidueFireBulletin_04Oct_2023_ICAR.pdf
24.6347_76.4312_2023-10-09_0820_N_VIIRS,CR_1662,24.63471,76.43124,2023-10-09 13:47:33,2023-10-09 08:20:00,0.04,-5.46,N,Agricultural Burn,CREAMS,25.RiceResidueFireBulletin_09Oct_2023_ICAR.pdf
28.9628_77.1718_2023-09-29_0808_N_VIIRS,CR_191,28.96283,77.17177,2023-09-29 13:35:30,2023-09-29 08:08:00,0.04,-5.46,N,Agricultural Burn,CREAMS,15.RiceResidueFireBulletin_29Sep_2023_ICAR.pdf
27.7681_80.5659_2023-10-11_0742_N_VIIRS,CR_1918,27.76806,80.56593,2023-10-11 13:10:25,2023-10-11 07:42:00,0.04,-5.47,N,Agricultural Burn,CREAMS,27.RiceResidueFireBulletin_11Oct_2023_ICAR.pdf
23.1357_79.7005_2023-10-10_0800_N_VIIRS,CR_1824,23.13569,79.70052,2023-10-10 13:28:38,2023-10-10 08:00:00,0.04,-5.48,N,Agricultural Burn,CREAMS,26.RiceResidueFireBulletin_10Oct_2023_ICAR.pdf
23.0634_79.4577_2023-10-10_0800_N_VIIRS,CR_1826,23.06337,79.45773,2023-10-10 13:28:38,2023-10-10 08:00:00,0.04,-5.48,N,Agricultural Burn,CREAMS,26.RiceResidueFireBulletin_10Oct_2023_ICAR.pdf
30.7851_74.3662_2023-10-05_0756_N_VIIRS,CR_1043,30.78512,74.36623,2023-10-05 13:22:58,2023-10-05 07:56:00,0.04,-5.45,N,Agricultural Burn,CREAMS,21.RiceResidueFireBulletin_05Oct_2023_ICAR.pdf
29.8510_75.3998_2023-10-05_0756_N_VIIRS,CR_1052,29.85102,75.39979,2023-10-05 13:22:58,2023-10-05 07:56:00,0.04,-5.45,N,Agricultural Burn,CREAMS,21.RiceResidueFireBulletin_05Oct_2023_ICAR.pdf
22.6158_76.0738_2023-10-10_0800_N_VIIRS,CR_1820,22.61578,76.07383,2023-10-10 13:28:38,2023-10-10 08:00:00,0.04,-5.48,N,Agricultural Burn,CREAMS,26.RiceResidueFireBulletin_10Oct_2023_ICAR.pdf
30.2969_76.8373_2023-10-04_0815_N_VIIRS,CR_920,30.29686,76.8373,2023-10-04 13:41:53,2023-10-04 08:15:00,0.04,-5.45,N,Agricultural Burn,CREAMS,20.RiceResidueFireBulletin_04Oct_2023_ICAR.pdf
28.8012_77.0223_2023-10-11_0743_N_VIIRS,CR_1938,28.80118,77.02229,2023-10-11 13:10:25,2023-10-11 07:43:00,0.04,-5.46,N,Agricultural Burn,CREAMS,27.RiceResidueFireBulletin_11Oct_2023_ICAR.pdf
30.2737_76.8356_2023-10-04_0815_N_VIIRS,CR_917,30.2737,76.8356,2023-10-04 13:41:53,2023-10-04 08:15:00,0.04,-5.45,N,Agricultural Burn,CREAMS,20.RiceResidueFireBulletin_04Oct_2023_ICAR.pdf
30.9626_74.5294_2023-10-09_0821_N_VIIRS,CR_1577,30.9626,74.52943,2023-10-09 13:47:33,2023-10-09 08:21:00,0.04,-5.44,N,Agricultural Burn,CREAMS,25.RiceResidueFireBulletin_09Oct_2023_ICAR.pdf
25.1265_77.0424_2023-10-09_0820_N_VIIRS,CR_1654,25.12654,77.0424,2023-10-09 13:47:33,2023-10-09 08:20:00,0.04,-5.46,N,Agricultural Burn,CREAMS,25.RiceResidueFireBulletin_09Oct_2023_ICAR.pdf
30.1815_76.6696_2023-10-05_0756_N_VIIRS,CR_1087,30.18147,76.66961,2023-10-05 13:22:58,2023-10-05 07:56:00,0.04,-5.45,N,Agricultural Burn,CREAMS,21.RiceResidueFireBulletin_05Oct_2023_ICAR.pdf
22.9803_79.9207_2023-10-10_0800_N_VIIRS,CR_1822,22.9803,79.92066,2023-10-10 13:28:38,2023-10-10 08:00:00,0.04,-5.48,N,Agricultural Burn,CREAMS,26.RiceResidueFireBulletin_10Oct_2023_ICAR.pdf
30.5924_76.8008_2023-10-09_0821_N_VIIRS,CR_1607,30.59241,76.80078,2023-10-09 13:47:33,2023-10-09 08:21:00,0.04,-5.44,N,Agricultural Burn,CREAMS,25.RiceResidueFireBulletin_09Oct_2023_ICAR.pdf
30.7845_75.9642_2023-10-06_0737_N_VIIRS,CR_1208,30.78453,75.96423,2023-10-06 13:04:02,2023-10-06 07:37:00,0.04,-5.45,N,Agricultural Burn,CREAMS,22.RiceResidueFireBulletin_06Oct_2023_ICAR.pdf
29.9865_76.1221_2023-10-05_0756_N_VIIRS,CR_1059,29.98647,76.12205,2023-10-05 13:22:58,2023-10-05 07:56:00,0.04,-5.45,N,Agricultural Burn,CREAMS,21.RiceResidueFireBulletin_05Oct_2023_ICAR.pdf
29.7459_76.1978_2023-10-06_0737_N_VIIRS,CR_1256,29.74587,76.19781,2023-10-06 13:04:02,2023-10-06 07:37:00,0.041,-5.45,N,Agricultural Burn,CREAMS,22.RiceResidueFireBulletin_06Oct_2023_ICAR.pdf
30.1144_76.1370_2023-10-05_0756_N_VIIRS,CR_1065,30.11442,76.13696,2023-10-05 13:22:58,2023-10-05 07:56:00,0.041,-5.45,N,Agricultural Burn,CREAMS,21.RiceResidueFireBulletin_05Oct_2023_ICAR.pdf
28.0036_77.3818_2023-10-06_0737_N_VIIRS,CR_1262,28.00356,77.38184,2023-10-06 13:04:02,2023-10-06 07:37:00,0.041,-5.45,N,Agricultural Burn,CREAMS,22.RiceResidueFireBulletin_06Oct_2023_ICAR.pdf
24.6833_77.1079_2023-09-30_0748_N_VIIRS,CR_346,24.68326,77.10789,2023-09-30 13:16:35,2023-09-30 07:48:00,0.041,-5.48,N,Agricultural Burn,CREAMS,16.RiceResidueFireBulletin_30Sep_2023_ICAR.pdf
24.1881_78.5069_2023-09-30_0748_N_VIIRS,CR_349,24.18807,78.50693,2023-09-30 13:16:35,2023-09-30 07:48:00,0.041,-5.48,N,Agricultural Burn,CREAMS,16.RiceResidueFireBulletin_30Sep_2023_ICAR.pdf
30.9776_74.7765_2023-10-09_0821_N_VIIRS,CR_1578,30.97756,74.77648,2023-10-09 13:47:33,2023-10-09 08:21:00,0.041,-5.44,N,Agricultural Burn,CREAMS,25.RiceResidueFireBulletin_09Oct_2023_ICAR.pdf
25.1680_76.9934_2023-10-09_0820_N_VIIRS,CR_1655,25.16797,76.99338,2023-10-09 13:47:33,2023-10-09 08:20:00,0.041,-5.46,N,Agricultural Burn,CREAMS,25.RiceResidueFireBulletin_09Oct_2023_ICAR.pdf
30.2091_76.9800_2023-10-05_0756_N_VIIRS,CR_1089,30.20914,76.97995,2023-10-05 13:22:58,2023-10-05 07:56:00,0.041,-5.45,N,Agricultural Burn,CREAMS,21.RiceResidueFireBulletin_05Oct_2023_ICAR.pdf
30.2818_76.8396_2023-10-04_0815_N_VIIRS,CR_918,30.28184,76.83964,2023-10-04 13:41:53,2023-10-04 08:15:00,0.041,-5.45,N,Agricultural Burn,CREAMS,20.RiceResidueFireBulletin_04Oct_2023_ICAR.pdf
22.2980_76.9829_2023-10-09_0819_N_VIIRS,CR_1677,22.29795,76.98288,2023-10-09 13:47:33,2023-10-09 08:19:00,0.041,-5.48,N,Agricultural Burn,CREAMS,25.RiceResidueFireBulletin_09Oct_2023_ICAR.pdf
30.2825_76.8448_2023-10-04_0815_N_VIIRS,CR_919,30.28246,76.84485,2023-10-04 13:41:53,2023-10-04 08:15:00,0.041,-5.45,N,Agricultural Burn,CREAMS,20.RiceResidueFireBulletin_04Oct_2023_ICAR.pdf
30.5258_76.7210_2023-10-09_0821_N_VIIRS,CR_1596,30.52585,76.72102,2023-10-09 13:47:33,2023-10-09 08:21:00,0.041,-5.44,N,Agricultural Burn,CREAMS,25.RiceResidueFireBulletin_09Oct_2023_ICAR.pdf
30.0940_76.1602_2023-10-09_0821_N_VIIRS,CR_1597,30.09402,76.16017,2023-10-09 13:47:33,2023-10-09 08:21:00,0.041,-5.44,N,Agricultural Burn,CREAMS,25.RiceResidueFireBulletin_09Oct_2023_ICAR.pdf
30.1891_76.8940_2023-10-05_0756_N_VIIRS,CR_1101,30.18906,76.89396,2023-10-05 13:22:58,2023-10-05 07:56:00,0.041,-5.45,N,Agricultural Burn,CREAMS,21.RiceResidueFireBulletin_05Oct_2023_ICAR.pdf
29.8544_75.3991_2023-10-05_0756_N_VIIRS,CR_1053,29.8544,75.39905,2023-10-05 13:22:58,2023-10-05 07:56:00,0.041,-5.45,N,Agricultural Burn,CREAMS,21.RiceResidueFireBulletin_05Oct_2023_ICAR.pdf
30.7195_76.3864_2023-10-05_0756_N_VIIRS,CR_1040,30.71951,76.38644,2023-10-05 13:22:58,2023-10-05 07:56:00,0.041,-5.45,N,Agricultural Burn,CREAMS,21.RiceResidueFireBulletin_05Oct_2023_ICAR.pdf
27.7331_78.7781_2023-10-11_0743_N_VIIRS,CR_1913,27.73307,78.77814,2023-10-11 13:10:25,2023-10-11 07:43:00,0.041,-5.46,N,Agricultural Burn,CREAMS,27.RiceResidueFireBulletin_11Oct_2023_ICAR.pdf
29.5479_76.9835_2023-09-29_0809_N_VIIRS,CR_182,29.54794,76.98351,2023-09-29 13:35:30,2023-09-29 08:09:00,0.041,-5.44,N,Agricultural Burn,CREAMS,15.RiceResidueFireBulletin_29Sep_2023_ICAR.pdf
30.1750_77.1434_2023-09-29_0809_N_VIIRS,CR_195,30.17498,77.14336,2023-09-29 13:35:30,2023-09-29 08:09:00,0.041,-5.44,N,Agricultural Burn,CREAMS,15.RiceResidueFireBulletin_29Sep_2023_ICAR.pdf
26.1359_80.6834_2023-10-10_0801_N_VIIRS,CR_1762,26.13593,80.68345,2023-10-10 13:28:38,2023-10-10 08:01:00,0.041,-5.46,N,Agricultural Burn,CREAMS,26.RiceResidueFireBulletin_10Oct_2023_ICAR.pdf
30.6763_74.3713_2023-10-11_0744_N_VIIRS,CR_1846,30.67634,74.37129,2023-10-11 13:10:25,2023-10-11 07:44:00,0.041,-5.44,N,Agricultural Burn,CREAMS,27.RiceResidueFireBulletin_11Oct_2023_ICAR.pdf
29.9727_76.9411_2023-10-05_0756_N_VIIRS,CR_1103,29.97266,76.94106,2023-10-05 13:22:58,2023-10-05 07:56:00,0.041,-5.45,N,Agricultural Burn,CREAMS,21.RiceResidueFireBulletin_05Oct_2023_ICAR.pdf
29.9998_76.8741_2023-10-05_0756_N_VIIRS,CR_1104,29.99977,76.87411,2023-10-05 13:22:58,2023-10-05 07:56:00,0.041,-5.45,N,Agricultural Burn,CREAMS,21.RiceResidueFireBulletin_05Oct_2023_ICAR.pdf
22.6881_77.2148_2023-10-09_0819_N_VIIRS,CR_1686,22.6881,77.21482,2023-10-09 13:47:33,2023-10-09 08:19:00,0.041,-5.48,N,Agricultural Burn,CREAMS,25.RiceResidueFireBulletin_09Oct_2023_ICAR.pdf
25.1301_76.0303_2023-09-29_0807_N_VIIRS,CR_207,25.13006,76.03032,2023-09-29 13:35:30,2023-09-29 08:07:00,0.041,-5.47,N,Agricultural Burn,CREAMS,15.RiceResidueFireBulletin_29Sep_2023_ICAR.pdf
31.6579_75.0144_2023-09-30_0750_N_VIIRS,CR_228,31.65786,75.01439,2023-09-30 13:16:35,2023-09-30 07:50:00,0.041,-5.44,N,Agricultural Burn,CREAMS,16.RiceResidueFireBulletin_30Sep_2023_ICAR.pdf
30.2117_77.0271_2023-10-04_0815_N_VIIRS,CR_924,30.2117,77.0271,2023-10-04 13:41:53,2023-10-04 08:15:00,0.041,-5.45,N,Agricultural Burn,CREAMS,20.RiceResidueFireBulletin_04Oct_2023_ICAR.pdf
29.6636_75.4359_2023-10-04_0815_N_VIIRS,CR_928,29.66362,75.43591,2023-10-04 13:41:53,2023-10-04 08:15:00,0.041,-5.45,N,Agricultural Burn,CREAMS,20.RiceResidueFireBulletin_04Oct_2023_ICAR.pdf
31.7374_74.9723_2023-09-30_0750_N_VIIRS,CR_238,31.73743,74.97227,2023-09-30 13:16:35,2023-09-30 07:50:00,0.041,-5.44,N,Agricultural Burn,CREAMS,16.RiceResidueFireBulletin_30Sep_2023_ICAR.pdf
31.7545_75.0463_2023-09-30_0750_N_VIIRS,CR_240,31.7545,75.04634,2023-09-30 13:16:35,2023-09-30 07:50:00,0.041,-5.44,N,Agricultural Burn,CREAMS,16.RiceResidueFireBulletin_30Sep_2023_ICAR.pdf
29.6703_75.3496_2023-10-09_0821_N_VIIRS,CR_1586,29.6703,75.34956,2023-10-09 13:47:33,2023-10-09 08:21:00,0.041,-5.44,N,Agricultural Burn,CREAMS,25.RiceResidueFireBulletin_09Oct_2023_ICAR.pdf
27.4013_78.7015_2023-10-11_0742_N_VIIRS,CR_1903,27.40131,78.70152,2023-10-11 13:10:25,2023-10-11 07:42:00,0.041,-5.47,N,Agricultural Burn,CREAMS,27.RiceResidueFireBulletin_11Oct_2023_ICAR.pdf
31.6398_75.0774_2023-09-30_0750_N_VIIRS,CR_263,31.63976,75.07738,2023-09-30 13:16:35,2023-09-30 07:50:00,0.041,-5.44,N,Agricultural Burn,CREAMS,16.RiceResidueFireBulletin_30Sep_2023_ICAR.pdf
31.6680_75.0705_2023-09-30_0750_N_VIIRS,CR_265,31.66795,75.07051,2023-09-30 13:16:35,2023-09-30 07:50:00,0.041,-5.44,N,Agricultural Burn,CREAMS,16.RiceResidueFireBulletin_30Sep_2023_ICAR.pdf
30.0271_76.0603_2023-10-09_0821_N_VIIRS,CR_1594,30.02707,76.06028,2023-10-09 13:47:33,2023-10-09 08:21:00,0.041,-5.44,N,Agricultural Burn,CREAMS,25.RiceResidueFireBulletin_09Oct_2023_ICAR.pdf
31.6741_75.1660_2023-09-30_0750_N_VIIRS,CR_268,31.67406,75.16601,2023-09-30 13:16:35,2023-09-30 07:50:00,0.041,-5.44,N,Agricultural Burn,CREAMS,16.RiceResidueFireBulletin_30Sep_2023_ICAR.pdf
31.6742_75.0641_2023-09-30_0750_N_VIIRS,CR_269,31.67416,75.06412,2023-09-30 13:16:35,2023-09-30 07:50:00,0.041,-5.44,N,Agricultural Burn,CREAMS,16.RiceResidueFireBulletin_30Sep_2023_ICAR.pdf
30.2020_77.0629_2023-09-30_0750_N_VIIRS,CR_297,30.20203,77.06289,2023-09-30 13:16:35,2023-09-30 07:50:00,0.041,-5.44,N,Agricultural Burn,CREAMS,16.RiceResidueFireBulletin_30Sep_2023_ICAR.pdf
28.0928_78.0253_2023-10-10_0802_N_VIIRS,CR_1729,28.09277,78.02532,2023-10-10 13:28:38,2023-10-10 08:02:00,0.041,-5.44,N,Agricultural Burn,CREAMS,26.RiceResidueFireBulletin_10Oct_2023_ICAR.pdf
29.9351_75.8862_2023-10-11_0743_N_VIIRS,CR_1862,29.93512,75.88619,2023-10-11 13:10:25,2023-10-11 07:43:00,0.041,-5.46,N,Agricultural Burn,CREAMS,27.RiceResidueFireBulletin_11Oct_2023_ICAR.pdf
31.1345_74.5849_2023-10-11_0744_N_VIIRS,CR_1866,31.1345,74.58488,2023-10-11 13:10:25,2023-10-11 07:44:00,0.041,-5.44,N,Agricultural Burn,CREAMS,27.RiceResidueFireBulletin_11Oct_2023_ICAR.pdf
27.9838_77.5539_2023-10-06_0737_N_VIIRS,CR_1267,27.98375,77.55386,2023-10-06 13:04:02,2023-10-06 07:37:00,0.041,-5.45,N,Agricultural Burn,CREAMS,22.RiceResidueFireBulletin_06Oct_2023_ICAR.pdf
27.9963_77.5565_2023-10-06_0737_N_VIIRS,CR_1268,27.99634,77.55654,2023-10-06 13:04:02,2023-10-06 07:37:00,0.041,-5.45,N,Agricultural Burn,CREAMS,22.RiceResidueFireBulletin_06Oct_2023_ICAR.pdf
29.9352_76.4354_2023-10-09_0821_N_VIIRS,CR_1634,29.93524,76.43536,2023-10-09 13:47:33,2023-10-09 08:21:00,0.041,-5.44,N,Agricultural Burn,CREAMS,25.RiceResidueFireBulletin_09Oct_2023_ICAR.pdf
23.1300_79.6600_2023-10-11_0741_N_VIIRS,CR_1980,23.13002,79.66005,2023-10-11 13:10:25,2023-10-11 07:41:00,0.042,-5.49,N,Agricultural Burn,CREAMS,27.RiceResidueFireBulletin_11Oct_2023_ICAR.pdf
30.1410_77.3988_2023-10-01_0731_N_VIIRS,CR_494,30.14097,77.39878,2023-10-01 12:57:39,2023-10-01 07:31:00,0.042,-5.44,N,Agricultural Burn,CREAMS,17.RiceResidueFireBulletin_01Oct_2023_ICAR.pdf
29.8728_76.0488_2023-10-05_0756_N_VIIRS,CR_1057,29.87276,76.0488,2023-10-05 13:22:58,2023-10-05 07:56:00,0.042,-5.45,N,Agricultural Burn,CREAMS,21.RiceResidueFireBulletin_05Oct_2023_ICAR.pdf
30.0789_76.2154_2023-10-05_0756_N_VIIRS,CR_1064,30.07886,76.21539,2023-10-05 13:22:58,2023-10-05 07:56:00,0.042,-5.45,N,Agricultural Burn,CREAMS,21.RiceResidueFireBulletin_05Oct_2023_ICAR.pdf
26.1294_78.8552_2023-10-10_0801_N_VIIRS,CR_1793,26.12939,78.85525,2023-10-10 13:28:38,2023-10-10 08:01:00,0.042,-5.46,N,Agricultural Burn,CREAMS,26.RiceResidueFireBulletin_10Oct_2023_ICAR.pdf
30.1716_76.9045_2023-10-01_0731_N_VIIRS,CR_486,30.17161,76.90453,2023-10-01 12:57:39,2023-10-01 07:31:00,0.042,-5.44,N,Agricultural Burn,CREAMS,17.RiceResidueFireBulletin_01Oct_2023_ICAR.pdf
30.0306_76.1703_2023-10-11_0743_N_VIIRS,CR_1853,30.03061,76.17032,2023-10-11 13:10:25,2023-10-11 07:43:00,0.042,-5.46,N,Agricultural Burn,CREAMS,27.RiceResidueFireBulletin_11Oct_2023_ICAR.pdf
29.9768_75.9415_2023-10-11_0743_N_VIIRS,CR_1859,29.97676,75.94152,2023-10-11 13:10:25,2023-10-11 07:43:00,0.042,-5.46,N,Agricultural Burn,CREAMS,27.RiceResidueFireBulletin_11Oct_2023_ICAR.pdf
24.7778_76.9904_2023-10-09_0820_N_VIIRS,CR_1673,24.77779,76.99043,2023-10-09 13:47:33,2023-10-09 08:20:00,0.042,-5.46,N,Agricultural Burn,CREAMS,25.RiceResidueFireBulletin_09Oct_2023_ICAR.pdf
26.6111_78.5444_2023-10-05_0755_N_VIIRS,CR_1139,26.61113,78.54443,2023-10-05 13:22:58,2023-10-05 07:55:00,0.042,-5.47,N,Agricultural Burn,CREAMS,21.RiceResidueFireBulletin_05Oct_2023_ICAR.pdf
24.7047_78.0722_2023-10-11_0742_N_VIIRS,CR_1960,24.70465,78.07217,2023-10-11 13:10:25,2023-10-11 07:42:00,0.042,-5.47,N,Agricultural Burn,CREAMS,27.RiceResidueFireBulletin_11Oct_2023_ICAR.pdf
31.9663_74.8626_2023-10-10_0803_N_VIIRS,CR_1691,31.96632,74.8626,2023-10-10 13:28:38,2023-10-10 08:03:00,0.042,-5.43,N,Agricultural Burn,CREAMS,26.RiceResidueFireBulletin_10Oct_2023_ICAR.pdf
31.5784_74.8015_2023-09-30_0750_N_VIIRS,CR_221,31.57838,74.80149,2023-09-30 13:16:35,2023-09-30 07:50:00,0.042,-5.44,N,Agricultural Burn,CREAMS,16.RiceResidueFireBulletin_30Sep_2023_ICAR.pdf
29.6042_76.7647_2023-10-11_0743_N_VIIRS,CR_1880,29.60423,76.76472,2023-10-11 13:10:25,2023-10-11 07:43:00,0.042,-5.46,N,Agricultural Burn,CREAMS,27.RiceResidueFireBulletin_11Oct_2023_ICAR.pdf
31.7044_75.0274_2023-09-30_0750_N_VIIRS,CR_231,31.70439,75.02744,2023-09-30 13:16:35,2023-09-30 07:50:00,0.042,-5.44,N,Agricultural Burn,CREAMS,16.RiceResidueFireBulletin_30Sep_2023_ICAR.pdf
31.6967_75.0049_2023-09-30_0750_N_VIIRS,CR_229,31.69669,75.00488,2023-09-30 13:16:35,2023-09-30 07:50:00,0.042,-5.44,N,Agricultural Burn,CREAMS,16.RiceResidueFireBulletin_30Sep_2023_ICAR.pdf
25.8062_78.3854_2023-10-11_0742_N_VIIRS,CR_1966,25.80624,78.38542,2023-10-11 13:10:25,2023-10-11 07:42:00,0.042,-5.47,N,Agricultural Burn,CREAMS,27.RiceResidueFireBulletin_11Oct_2023_ICAR.pdf
24.6864_77.0884_2023-10-11_0742_N_VIIRS,CR_1971,24.6864,77.08844,2023-10-11 13:10:25,2023-10-11 07:42:00,0.042,-5.47,N,Agricultural Burn,CREAMS,27.RiceResidueFireBulletin_11Oct_2023_ICAR.pdf
30.5082_75.0464_2023-10-06_0737_N_VIIRS,CR_1210,30.50817,75.04645,2023-10-06 13:04:02,2023-10-06 07:37:00,0.042,-5.45,N,Agricultural Burn,CREAMS,22.RiceResidueFireBulletin_06Oct_2023_ICAR.pdf
29.0628_77.1409_2023-10-10_0802_N_VIIRS,CR_1728,29.06282,77.14088,2023-10-10 13:28:38,2023-10-10 08:02:00,0.042,-5.44,N,Agricultural Burn,CREAMS,26.RiceResidueFireBulletin_10Oct_2023_ICAR.pdf
31.5006_75.1069_2023-09-30_0750_N_VIIRS,CR_293,31.50059,75.1069,2023-09-30 13:16:35,2023-09-30 07:50:00,0.042,-5.44,N,Agricultural Burn,CREAMS,16.RiceResidueFireBulletin_30Sep_2023_ICAR.pdf
28.6935_78.4015_2023-10-04_0814_N_VIIRS,CR_947,28.69354,78.40149,2023-10-04 13:41:53,2023-10-04 08:14:00,0.042,-5.46,N,Agricultural Burn,CREAMS,20.RiceResidueFireBulletin_04Oct_2023_ICAR.pdf
31.4161_75.1080_2023-09-30_0750_N_VIIRS,CR_292,31.41612,75.10797,2023-09-30 13:16:35,2023-09-30 07:50:00,0.042,-5.44,N,Agricultural Burn,CREAMS,16.RiceResidueFireBulletin_30Sep_2023_ICAR.pdf
31.6866_75.0513_2023-09-30_0750_N_VIIRS,CR_230,31.68658,75.05132,2023-09-30 13:16:35,2023-09-30 07:50:00,0.042,-5.44,N,Agricultural Burn,CREAMS,16.RiceResidueFireBulletin_30Sep_2023_ICAR.pdf
31.5890_74.8388_2023-09-30_0750_N_VIIRS,CR_222,31.58895,74.83879,2023-09-30 13:16:35,2023-09-30 07:50:00,0.042,-5.44,N,Agricultural Burn,CREAMS,16.RiceResidueFireBulletin_30Sep_2023_ICAR.pdf
29.7394_76.0790_2023-10-04_0815_N_VIIRS,CR_934,29.73944,76.07902,2023-10-04 13:41:53,2023-10-04 08:15:00,0.042,-5.45,N,Agricultural Burn,CREAMS,20.RiceResidueFireBulletin_04Oct_2023_ICAR.pdf
30.2587_76.4687_2023-09-29_0809_N_VIIRS,CR_174,30.25871,76.46868,2023-09-29 13:35:30,2023-09-29 08:09:00,0.042,-5.44,N,Agricultural Burn,CREAMS,15.RiceResidueFireBulletin_29Sep_2023_ICAR.pdf
25.2151_77.0244_2023-10-11_0742_N_VIIRS,CR_1947,25.21507,77.02442,2023-10-11 13:10:25,2023-10-11 07:42:00,0.042,-5.47,N,Agricultural Burn,CREAMS,27.RiceResidueFireBulletin_11Oct_2023_ICAR.pdf
30.2062_76.9795_2023-10-04_0815_N_VIIRS,CR_922,30.20624,76.97948,2023-10-04 13:41:53,2023-10-04 08:15:00,0.042,-5.45,N,Agricultural Burn,CREAMS,20.RiceResidueFireBulletin_04Oct_2023_ICAR.pdf
31.7122_74.9470_2023-09-30_0750_N_VIIRS,CR_275,31.71222,74.94704,2023-09-30 13:16:35,2023-09-30 07:50:00,0.042,-5.44,N,Agricultural Burn,CREAMS,16.RiceResidueFireBulletin_30Sep_2023_ICAR.pdf
31.6262_75.0025_2023-09-30_0750_N_VIIRS,CR_227,31.62621,75.00254,2023-09-30 13:16:35,2023-09-30 07:50:00,0.042,-5.44,N,Agricultural Burn,CREAMS,16.RiceResidueFireBulletin_30Sep_2023_ICAR.pdf
25.0326_76.9536_2023-10-04_0813_N_VIIRS,CR_961,25.03255,76.95358,2023-10-04 13:41:53,2023-10-04 08:13:00,0.042,-5.48,N,Agricultural Burn,CREAMS,20.RiceResidueFireBulletin_04Oct_2023_ICAR.pdf
30.7915_74.3592_2023-10-10_0802_N_VIIRS,CR_1693,30.79153,74.35921,2023-10-10 13:28:38,2023-10-10 08:02:00,0.042,-5.44,N,Agricultural Burn,CREAMS,26.RiceResidueFireBulletin_10Oct_2023_ICAR.pdf
31.7235_74.9364_2023-09-30_0750_N_VIIRS,CR_233,31.72353,74.93638,2023-09-30 13:16:35,2023-09-30 07:50:00,0.042,-5.44,N,Agricultural Burn,CREAMS,16.RiceResidueFireBulletin_30Sep_2023_ICAR.pdf
29.0196_76.0840_2023-10-10_0802_N_VIIRS,CR_1702,29.01957,76.08401,2023-10-10 13:28:38,2023-10-10 08:02:00,0.042,-5.44,N,Agricultural Burn,CREAMS,26.RiceResidueFireBulletin_10Oct_2023_ICAR.pdf
31.7667_74.9504_2023-09-30_0750_N_VIIRS,CR_242,31.76668,74.95036,2023-09-30 13:16:35,2023-09-30 07:50:00,0.042,-5.44,N,Agricultural Burn,CREAMS,16.RiceResidueFireBulletin_30Sep_2023_ICAR.pdf
31.7352_75.0413_2023-09-30_0750_N_VIIRS,CR_237,31.7352,75.04131,2023-09-30 13:16:35,2023-09-30 07:50:00,0.042,-5.44,N,Agricultural Burn,CREAMS,16.RiceResidueFireBulletin_30Sep_2023_ICAR.pdf
30.0529_76.0329_2023-10-05_0756_N_VIIRS,CR_1069,30.05295,76.03294,2023-10-05 13:22:58,2023-10-05 07:56:00,0.042,-5.45,N,Agricultural Burn,CREAMS,21.RiceResidueFireBulletin_05Oct_2023_ICAR.pdf
28.5775_79.1556_2023-10-06_0737_N_VIIRS,CR_1278,28.57751,79.15559,2023-10-06 13:04:02,2023-10-06 07:37:00,0.042,-5.45,N,Agricultural Burn,CREAMS,22.RiceResidueFireBulletin_06Oct_2023_ICAR.pdf
27.5918_77.4765_2023-10-04_0814_N_VIIRS,CR_950,27.59177,77.47649,2023-10-04 13:41:53,2023-10-04 08:14:00,0.042,-5.46,N,Agricultural Burn,CREAMS,20.RiceResidueFireBulletin_04Oct_2023_ICAR.pdf
30.2382_75.6291_2023-10-04_0815_N_VIIRS,CR_870,30.23818,75.62912,2023-10-04 13:41:53,2023-10-04 08:15:00,0.042,-5.45,N,Agricultural Burn,CREAMS,20.RiceResidueFireBulletin_04Oct_2023_ICAR.pdf
29.9067_76.7580_2023-10-05_0756_N_VIIRS,CR_1102,29.90667,76.75797,2023-10-05 13:22:58,2023-10-05 07:56:00,0.042,-5.45,N,Agricultural Burn,CREAMS,21.RiceResidueFireBulletin_05Oct_2023_ICAR.pdf
30.8715_76.4875_2023-10-05_0756_N_VIIRS,CR_1066,30.87147,76.48753,2023-10-05 13:22:58,2023-10-05 07:56:00,0.042,-5.45,N,Agricultural Burn,CREAMS,21.RiceResidueFireBulletin_05Oct_2023_ICAR.pdf
31.7330_74.9684_2023-09-30_0750_N_VIIRS,CR_235,31.73304,74.96844,2023-09-30 13:16:35,2023-09-30 07:50:00,0.042,-5.44,N,Agricultural Burn,CREAMS,16.RiceResidueFireBulletin_30Sep_2023_ICAR.pdf
31.7297_74.9299_2023-09-30_0750_N_VIIRS,CR_234,31.72975,74.92992,2023-09-30 13:16:35,2023-09-30 07:50:00,0.042,-5.44,N,Agricultural Burn,CREAMS,16.RiceResidueFireBulletin_30Sep_2023_ICAR.pdf
31.7756_75.0412_2023-09-30_0750_N_VIIRS,CR_243,31.77563,75.04118,2023-09-30 13:16:35,2023-09-30 07:50:00,0.042,-5.44,N,Agricultural Burn,CREAMS,16.RiceResidueFireBulletin_30Sep_2023_ICAR.pdf
31.5248_75.1399_2023-09-30_0750_N_VIIRS,CR_245,31.52481,75.1399,2023-09-30 13:16:35,2023-09-30 07:50:00,0.042,-5.44,N,Agricultural Burn,CREAMS,16.RiceResidueFireBulletin_30Sep_2023_ICAR.pdf
31.6725_74.9519_2023-09-30_0750_N_VIIRS,CR_272,31.67246,74.9519,2023-09-30 13:16:35,2023-09-30 07:50:00,0.042,-5.44,N,Agricultural Burn,CREAMS,16.RiceResidueFireBulletin_30Sep_2023_ICAR.pdf
31.7345_75.1561_2023-09-30_0750_N_VIIRS,CR_271,31.73453,75.15611,2023-09-30 13:16:35,2023-09-30 07:50:00,0.042,-5.44,N,Agricultural Burn,CREAMS,16.RiceResidueFireBulletin_30Sep_2023_ICAR.pdf
31.6765_75.1799_2023-09-30_0750_N_VIIRS,CR_270,31.67655,75.17989,2023-09-30 13:16:35,2023-09-30 07:50:00,0.042,-5.44,N,Agricultural Burn,CREAMS,16.RiceResidueFireBulletin_30Sep_2023_ICAR.pdf
31.6354_75.0736_2023-09-30_0750_N_VIIRS,CR_261,31.6354,75.07359,2023-09-30 13:16:35,2023-09-30 07:50:00,0.042,-5.44,N,Agricultural Burn,CREAMS,16.RiceResidueFireBulletin_30Sep_2023_ICAR.pdf
31.6378_75.1071_2023-09-30_0750_N_VIIRS,CR_262,31.63778,75.10705,2023-09-30 13:16:35,2023-09-30 07:50:00,0.042,-5.44,N,Agricultural Burn,CREAMS,16.RiceResidueFireBulletin_30Sep_2023_ICAR.pdf
31.6592_75.0629_2023-09-30_0750_N_VIIRS,CR_264,31.65922,75.0629,2023-09-30 13:16:35,2023-09-30 07:50:00,0.042,-5.44,N,Agricultural Burn,CREAMS,16.RiceResidueFireBulletin_30Sep_2023_ICAR.pdf
31.6697_75.1622_2023-09-30_0750_N_VIIRS,CR_266,31.66972,75.16224,2023-09-30 13:16:35,2023-09-30 07:50:00,0.042,-5.44,N,Agricultural Burn,CREAMS,16.RiceResidueFireBulletin_30Sep_2023_ICAR.pdf
31.6708_75.0454_2023-09-30_0750_N_VIIRS,CR_267,31.6708,75.04544,2023-09-30 13:16:35,2023-09-30 07:50:00,0.042,-5.44,N,Agricultural Burn,CREAMS,16.RiceResidueFireBulletin_30Sep_2023_ICAR.pdf
31.6591_75.1365_2023-10-05_0756_N_VIIRS,CR_1027,31.65914,75.13646,2023-10-05 13:22:58,2023-10-05 07:56:00,0.043,-5.45,N,Agricultural Burn,CREAMS,21.RiceResidueFireBulletin_05Oct_2023_ICAR.pdf
24.7792_76.9927_2023-10-09_0820_N_VIIRS,CR_1674,24.77922,76.99273,2023-10-09 13:47:33,2023-10-09 08:20:00,0.043,-5.46,N,Agricultural Burn,CREAMS,25.RiceResidueFireBulletin_09Oct_2023_ICAR.pdf
29.0938_77.1053_2023-09-29_0808_N_VIIRS,CR_193,29.09384,77.10531,2023-09-29 13:35:30,2023-09-29 08:08:00,0.043,-5.46,N,Agricultural Burn,CREAMS,15.RiceResidueFireBulletin_29Sep_2023_ICAR.pdf
24.7598_76.9718_2023-10-09_0820_N_VIIRS,CR_1671,24.75979,76.9718,2023-10-09 13:47:33,2023-10-09 08:20:00,0.043,-5.46,N,Agricultural Burn,CREAMS,25.RiceResidueFireBulletin_09Oct_2023_ICAR.pdf
31.5794_75.0761_2023-10-05_0756_N_VIIRS,CR_1002,31.5794,75.07613,2023-10-05 13:22:58,2023-10-05 07:56:00,0.043,-5.45,N,Agricultural Burn,CREAMS,21.RiceResidueFireBulletin_05Oct_2023_ICAR.pdf
31.5760_75.0769_2023-10-05_0756_N_VIIRS,CR_1000,31.57604,75.07688,2023-10-05 13:22:58,2023-10-05 07:56:00,0.043,-5.45,N,Agricultural Burn,CREAMS,21.RiceResidueFireBulletin_05Oct_2023_ICAR.pdf
29.6173_75.8957_2023-10-06_0737_N_VIIRS,CR_1251,29.61729,75.89566,2023-10-06 13:04:02,2023-10-06 07:37:00,0.043,-5.45,N,Agricultural Burn,CREAMS,22.RiceResidueFireBulletin_06Oct_2023_ICAR.pdf
28.1306_79.8662_2023-10-04_2039_N_VIIRS,CR_1123,28.13065,79.86621,2023-10-05 02:12:58,2023-10-04 20:39:00,0.043,-5.57,N,Agricultural Burn,CREAMS,21.RiceResidueFireBulletin_05Oct_2023_ICAR.pdf
31.6311_75.2894_2023-09-30_0750_N_VIIRS,CR_251,31.6311,75.28941,2023-09-30 13:16:35,2023-09-30 07:50:00,0.043,-5.44,N,Agricultural Burn,CREAMS,16.RiceResidueFireBulletin_30Sep_2023_ICAR.pdf
31.6173_75.2111_2023-09-30_0750_N_VIIRS,CR_249,31.61727,75.21114,2023-09-30 13:16:35,2023-09-30 07:50:00,0.043,-5.44,N,Agricultural Burn,CREAMS,16.RiceResidueFireBulletin_30Sep_2023_ICAR.pdf
31.5731_75.1688_2023-09-30_0750_N_VIIRS,CR_253,31.57311,75.16877,2023-09-30 13:16:35,2023-09-30 07:50:00,0.043,-5.44,N,Agricultural Burn,CREAMS,16.RiceResidueFireBulletin_30Sep_2023_ICAR.pdf
31.6163_75.1437_2023-09-30_0750_N_VIIRS,CR_256,31.61632,75.14375,2023-09-30 13:16:35,2023-09-30 07:50:00,0.043,-5.44,N,Agricultural Burn,CREAMS,16.RiceResidueFireBulletin_30Sep_2023_ICAR.pdf
25.4004_76.2651_2023-10-04_0814_N_VIIRS,CR_984,25.40041,76.26508,2023-10-04 13:41:53,2023-10-04 08:14:00,0.043,-5.46,N,Agricultural Burn,CREAMS,20.RiceResidueFireBulletin_04Oct_2023_ICAR.pdf
25.4579_76.4559_2023-10-04_0814_N_VIIRS,CR_985,25.45789,76.45586,2023-10-04 13:41:53,2023-10-04 08:14:00,0.043,-5.46,N,Agricultural Burn,CREAMS,20.RiceResidueFireBulletin_04Oct_2023_ICAR.pdf
31.5969_75.0765_2023-10-05_0756_N_VIIRS,CR_1003,31.59691,75.07652,2023-10-05 13:22:58,2023-10-05 07:56:00,0.043,-5.45,N,Agricultural Burn,CREAMS,21.RiceResidueFireBulletin_05Oct_2023_ICAR.pdf
31.5666_75.1122_2023-09-30_0750_N_VIIRS,CR_224,31.56665,75.11217,2023-09-30 13:16:35,2023-09-30 07:50:00,0.043,-5.44,N,Agricultural Burn,CREAMS,16.RiceResidueFireBulletin_30Sep_2023_ICAR.pdf
29.0717_77.1000_2023-09-29_0808_N_VIIRS,CR_192,29.07172,77.10004,2023-09-29 13:35:30,2023-09-29 08:08:00,0.043,-5.46,N,Agricultural Burn,CREAMS,15.RiceResidueFireBulletin_29Sep_2023_ICAR.pdf
29.7532_76.0217_2023-10-09_0821_N_VIIRS,CR_1603,29.75318,76.02169,2023-10-09 13:47:33,2023-10-09 08:21:00,0.043,-5.44,N,Agricultural Burn,CREAMS,25.RiceResidueFireBulletin_09Oct_2023_ICAR.pdf
28.0703_77.8572_2023-09-29_2033_N_VIIRS,CR_321,28.07028,77.85717,2023-09-30 02:07:17,2023-09-29 20:33:00,0.043,-5.57,N,Agricultural Burn,CREAMS,16.RiceResidueFireBulletin_30Sep_2023_ICAR.pdf
29.6554_75.9349_2023-10-04_0815_N_VIIRS,CR_930,29.65543,75.93488,2023-10-04 13:41:53,2023-10-04 08:15:00,0.043,-5.45,N,Agricultural Burn,CREAMS,20.RiceResidueFireBulletin_04Oct_2023_ICAR.pdf
29.9219_75.8785_2023-10-11_0743_N_VIIRS,CR_1861,29.9219,75.87849,2023-10-11 13:10:25,2023-10-11 07:43:00,0.043,-5.46,N,Agricultural Burn,CREAMS,27.RiceResidueFireBulletin_11Oct_2023_ICAR.pdf
29.6666_75.9271_2023-10-06_0737_N_VIIRS,CR_1252,29.66662,75.92713,2023-10-06 13:04:02,2023-10-06 07:37:00,0.043,-5.45,N,Agricultural Burn,CREAMS,22.RiceResidueFireBulletin_06Oct_2023_ICAR.pdf
24.1475_77.6777_2023-10-10_0800_N_VIIRS,CR_1839,24.14755,77.67769,2023-10-10 13:28:38,2023-10-10 08:00:00,0.043,-5.48,N,Agricultural Burn,CREAMS,26.RiceResidueFireBulletin_10Oct_2023_ICAR.pdf
24.1882_78.4442_2023-10-10_0800_N_VIIRS,CR_1827,24.18819,78.44422,2023-10-10 13:28:38,2023-10-10 08:00:00,0.043,-5.48,N,Agricultural Burn,CREAMS,26.RiceResidueFireBulletin_10Oct_2023_ICAR.pdf
31.6042_74.8068_2023-10-05_0756_N_VIIRS,CR_1029,31.60421,74.80678,2023-10-05 13:22:58,2023-10-05 07:56:00,0.043,-5.45,N,Agricultural Burn,CREAMS,21.RiceResidueFireBulletin_05Oct_2023_ICAR.pdf
29.6252_74.5314_2023-10-04_0815_N_VIIRS,CR_981,29.62524,74.53139,2023-10-04 13:41:53,2023-10-04 08:15:00,0.043,-5.45,N,Agricultural Burn,CREAMS,20.RiceResidueFireBulletin_04Oct_2023_ICAR.pdf
25.4638_76.4461_2023-10-04_0814_N_VIIRS,CR_986,25.46375,76.44614,2023-10-04 13:41:53,2023-10-04 08:14:00,0.043,-5.46,N,Agricultural Burn,CREAMS,20.RiceResidueFireBulletin_04Oct_2023_ICAR.pdf
31.6999_74.9402_2023-09-30_0750_N_VIIRS,CR_274,31.69993,74.94021,2023-09-30 13:16:35,2023-09-30 07:50:00,0.043,-5.44,N,Agricultural Burn,CREAMS,16.RiceResidueFireBulletin_30Sep_2023_ICAR.pdf
31.5496_74.8370_2023-10-05_0756_N_VIIRS,CR_993,31.5496,74.83701,2023-10-05 13:22:58,2023-10-05 07:56:00,0.043,-5.45,N,Agricultural Burn,CREAMS,21.RiceResidueFireBulletin_05Oct_2023_ICAR.pdf
31.6831_74.9493_2023-09-30_0750_N_VIIRS,CR_273,31.68307,74.9493,2023-09-30 13:16:35,2023-09-30 07:50:00,0.043,-5.44,N,Agricultural Burn,CREAMS,16.RiceResidueFireBulletin_30Sep_2023_ICAR.pdf
27.5880_77.4771_2023-10-04_0814_N_VIIRS,CR_949,27.58801,77.47706,2023-10-04 13:41:53,2023-10-04 08:14:00,0.043,-5.46,N,Agricultural Burn,CREAMS,20.RiceResidueFireBulletin_04Oct_2023_ICAR.pdf
30.1942_76.6531_2023-10-09_0821_N_VIIRS,CR_1623,30.19416,76.65307,2023-10-09 13:47:33,2023-10-09 08:21:00,0.043,-5.44,N,Agricultural Burn,CREAMS,25.RiceResidueFireBulletin_09Oct_2023_ICAR.pdf
27.9973_79.9459_2023-10-06_0736_N_VIIRS,CR_1280,27.99733,79.94589,2023-10-06 13:04:02,2023-10-06 07:36:00,0.043,-5.47,N,Agricultural Burn,CREAMS,22.RiceResidueFireBulletin_06Oct_2023_ICAR.pdf
27.9966_79.9416_2023-10-06_0736_N_VIIRS,CR_1279,27.99659,79.94157,2023-10-06 13:04:02,2023-10-06 07:36:00,0.043,-5.47,N,Agricultural Burn,CREAMS,22.RiceResidueFireBulletin_06Oct_2023_ICAR.pdf
31.7138_74.9437_2023-09-30_0750_N_VIIRS,CR_276,31.71377,74.9437,2023-09-30 13:16:35,2023-09-30 07:50:00,0.043,-5.44,N,Agricultural Burn,CREAMS,16.RiceResidueFireBulletin_30Sep_2023_ICAR.pdf
31.6399_75.2153_2023-09-30_0750_N_VIIRS,CR_252,31.63993,75.21526,2023-09-30 13:16:35,2023-09-30 07:50:00,0.043,-5.44,N,Agricultural Burn,CREAMS,16.RiceResidueFireBulletin_30Sep_2023_ICAR.pdf
31.7345_75.0171_2023-09-30_0750_N_VIIRS,CR_236,31.73448,75.01707,2023-09-30 13:16:35,2023-09-30 07:50:00,0.043,-5.44,N,Agricultural Burn,CREAMS,16.RiceResidueFireBulletin_30Sep_2023_ICAR.pdf
31.7549_75.1094_2023-09-30_0750_N_VIIRS,CR_241,31.75485,75.10943,2023-09-30 13:16:35,2023-09-30 07:50:00,0.043,-5.44,N,Agricultural Burn,CREAMS,16.RiceResidueFireBulletin_30Sep_2023_ICAR.pdf
31.7227_74.9317_2023-09-30_0750_N_VIIRS,CR_232,31.72267,74.93166,2023-09-30 13:16:35,2023-09-30 07:50:00,0.043,-5.44,N,Agricultural Burn,CREAMS,16.RiceResidueFireBulletin_30Sep_2023_ICAR.pdf
31.8131_74.9831_2023-09-30_0750_N_VIIRS,CR_244,31.81308,74.9831,2023-09-30 13:16:35,2023-09-30 07:50:00,0.043,-5.44,N,Agricultural Burn,CREAMS,16.RiceResidueFireBulletin_30Sep_2023_ICAR.pdf
30.4354_76.6416_2023-10-11_0743_N_VIIRS,CR_1854,30.43539,76.64156,2023-10-11 13:10:25,2023-10-11 07:43:00,0.043,-5.46,N,Agricultural Burn,CREAMS,27.RiceResidueFireBulletin_11Oct_2023_ICAR.pdf
27.4567_77.5497_2023-10-11_0743_N_VIIRS,CR_1927,27.45672,77.54971,2023-10-11 13:10:25,2023-10-11 07:43:00,0.043,-5.46,N,Agricultural Burn,CREAMS,27.RiceResidueFireBulletin_11Oct_2023_ICAR.pdf
28.8105_79.7597_2023-10-11_2008_N_VIIRS,CR_2005,28.81046,79.75972,2023-10-12 01:41:30,2023-10-11 20:08:00,0.043,-5.56,N,Agricultural Burn,CREAMS,28.RiceResidueFireBulletin_12Oct_2023_ICAR.pdf
29.4956_77.0848_2023-09-20_0737_N_VIIRS,CR_12,29.49563,77.08478,2023-09-20 13:04:31,2023-09-20 07:37:00,0.043,-5.46,N,Agricultural Burn,CREAMS,06.RiceResidueFireBulletin_20Sep_2023_ICAR.pdf
30.9269_76.2469_2023-09-29_0809_N_VIIRS,CR_173,30.9269,76.24687,2023-09-29 13:35:30,2023-09-29 08:09:00,0.043,-5.44,N,Agricultural Burn,CREAMS,15.RiceResidueFireBulletin_29Sep_2023_ICAR.pdf
31.2295_75.1765_2023-09-29_0809_N_VIIRS,CR_172,31.22946,75.17654,2023-09-29 13:35:30,2023-09-29 08:09:00,0.043,-5.44,N,Agricultural Burn,CREAMS,15.RiceResidueFireBulletin_29Sep_2023_ICAR.pdf
31.0577_76.2223_2023-10-04_0815_N_VIIRS,CR_897,31.05773,76.22226,2023-10-04 13:41:53,2023-10-04 08:15:00,0.043,-5.45,N,Agricultural Burn,CREAMS,20.RiceResidueFireBulletin_04Oct_2023_ICAR.pdf
24.7613_76.9741_2023-10-09_0820_N_VIIRS,CR_1672,24.76134,76.97407,2023-10-09 13:47:33,2023-10-09 08:20:00,0.043,-5.46,N,Agricultural Burn,CREAMS,25.RiceResidueFireBulletin_09Oct_2023_ICAR.pdf
31.6240_75.2182_2023-10-05_0756_N_VIIRS,CR_1020,31.62397,75.21819,2023-10-05 13:22:58,2023-10-05 07:56:00,0.043,-5.45,N,Agricultural Burn,CREAMS,21.RiceResidueFireBulletin_05Oct_2023_ICAR.pdf
31.6330_75.2939_2023-10-05_0756_N_VIIRS,CR_1021,31.63304,75.29395,2023-10-05 13:22:58,2023-10-05 07:56:00,0.043,-5.45,N,Agricultural Burn,CREAMS,21.RiceResidueFireBulletin_05Oct_2023_ICAR.pdf
27.1665_81.2670_2023-10-06_0736_N_VIIRS,CR_1270,27.16647,81.26696,2023-10-06 13:04:02,2023-10-06 07:36:00,0.043,-5.47,N,Agricultural Burn,CREAMS,22.RiceResidueFireBulletin_06Oct_2023_ICAR.pdf
31.5244_74.8370_2023-09-30_0750_N_VIIRS,CR_290,31.52442,74.83704,2023-09-30 13:16:35,2023-09-30 07:50:00,0.044,-5.44,N,Agricultural Burn,CREAMS,16.RiceResidueFireBulletin_30Sep_2023_ICAR.pdf
31.5733_74.8400_2023-09-30_0750_N_VIIRS,CR_218,31.57329,74.83995,2023-09-30 13:16:35,2023-09-30 07:50:00,0.044,-5.44,N,Agricultural Burn,CREAMS,16.RiceResidueFireBulletin_30Sep_2023_ICAR.pdf
30.4322_74.8394_2023-10-04_0815_N_VIIRS,CR_871,30.43221,74.83936,2023-10-04 13:41:53,2023-10-04 08:15:00,0.044,-5.45,N,Agricultural Burn,CREAMS,20.RiceResidueFireBulletin_04Oct_2023_ICAR.pdf
31.6236_75.1226_2023-09-30_0750_N_VIIRS,CR_258,31.62358,75.12258,2023-09-30 13:16:35,2023-09-30 07:50:00,0.044,-5.44,N,Agricultural Burn,CREAMS,16.RiceResidueFireBulletin_30Sep_2023_ICAR.pdf
31.7428_74.9612_2023-09-30_0750_N_VIIRS,CR_239,31.74279,74.96115,2023-09-30 13:16:35,2023-09-30 07:50:00,0.044,-5.44,N,Agricultural Burn,CREAMS,16.RiceResidueFireBulletin_30Sep_2023_ICAR.pdf
31.5729_75.1881_2023-09-30_0750_N_VIIRS,CR_247,31.57291,75.18815,2023-09-30 13:16:35,2023-09-30 07:50:00,0.044,-5.44,N,Agricultural Burn,CREAMS,16.RiceResidueFireBulletin_30Sep_2023_ICAR.pdf
30.5065_75.0484_2023-10-06_0737_N_VIIRS,CR_1209,30.50646,75.04836,2023-10-06 13:04:02,2023-10-06 07:37:00,0.044,-5.45,N,Agricultural Burn,CREAMS,22.RiceResidueFireBulletin_06Oct_2023_ICAR.pdf
31.5455_75.1173_2023-09-30_0750_N_VIIRS,CR_223,31.54552,75.11732,2023-09-30 13:16:35,2023-09-30 07:50:00,0.044,-5.44,N,Agricultural Burn,CREAMS,16.RiceResidueFireBulletin_30Sep_2023_ICAR.pdf
31.5775_74.7767_2023-09-30_0750_N_VIIRS,CR_220,31.57755,74.77669,2023-09-30 13:16:35,2023-09-30 07:50:00,0.044,-5.44,N,Agricultural Burn,CREAMS,16.RiceResidueFireBulletin_30Sep_2023_ICAR.pdf
29.3615_75.6216_2023-10-09_0821_N_VIIRS,CR_1629,29.36148,75.62159,2023-10-09 13:47:33,2023-10-09 08:21:00,0.044,-5.44,N,Agricultural Burn,CREAMS,25.RiceResidueFireBulletin_09Oct_2023_ICAR.pdf
27.1738_81.2696_2023-10-06_0736_N_VIIRS,CR_1271,27.17383,81.2696,2023-10-06 13:04:02,2023-10-06 07:36:00,0.044,-5.47,N,Agricultural Burn,CREAMS,22.RiceResidueFireBulletin_06Oct_2023_ICAR.pdf
31.6008_74.8076_2023-10-05_0756_N_VIIRS,CR_1028,31.60083,74.80756,2023-10-05 13:22:58,2023-10-05 07:56:00,0.044,-5.45,N,Agricultural Burn,CREAMS,21.RiceResidueFireBulletin_05Oct_2023_ICAR.pdf
30.9845_75.4678_2023-09-29_0809_N_VIIRS,CR_171,30.98449,75.46785,2023-09-29 13:35:30,2023-09-29 08:09:00,0.044,-5.44,N,Agricultural Burn,CREAMS,15.RiceResidueFireBulletin_29Sep_2023_ICAR.pdf
31.6531_75.0157_2023-10-05_0756_N_VIIRS,CR_1004,31.65309,75.01569,2023-10-05 13:22:58,2023-10-05 07:56:00,0.044,-5.45,N,Agricultural Burn,CREAMS,21.RiceResidueFireBulletin_05Oct_2023_ICAR.pdf
31.5741_74.8447_2023-09-30_0750_N_VIIRS,CR_219,31.57414,74.84471,2023-09-30 13:16:35,2023-09-30 07:50:00,0.044,-5.44,N,Agricultural Burn,CREAMS,16.RiceResidueFireBulletin_30Sep_2023_ICAR.pdf
30.9492_74.5235_2023-10-10_0802_N_VIIRS,CR_1692,30.94917,74.52348,2023-10-10 13:28:38,2023-10-10 08:02:00,0.044,-5.44,N,Agricultural Burn,CREAMS,26.RiceResidueFireBulletin_10Oct_2023_ICAR.pdf
23.8562_77.6707_2023-10-09_0819_N_VIIRS,CR_1690,23.85623,77.67075,2023-10-09 13:47:33,2023-10-09 08:19:00,0.044,-5.48,N,Agricultural Burn,CREAMS,25.RiceResidueFireBulletin_09Oct_2023_ICAR.pdf
29.5426_77.0153_2023-09-20_0737_N_VIIRS,CR_13,29.5426,77.01535,2023-09-20 13:04:31,2023-09-20 07:37:00,0.044,-5.46,N,Agricultural Burn,CREAMS,06.RiceResidueFireBulletin_20Sep_2023_ICAR.pdf
30.3055_76.1377_2023-10-11_0743_N_VIIRS,CR_1858,30.30548,76.13773,2023-10-11 13:10:25,2023-10-11 07:43:00,0.044,-5.46,N,Agricultural Burn,CREAMS,27.RiceResidueFireBulletin_11Oct_2023_ICAR.pdf
25.6212_81.1717_2023-10-10_0801_N_VIIRS,CR_1751,25.62125,81.17172,2023-10-10 13:28:38,2023-10-10 08:01:00,0.044,-5.46,N,Agricultural Burn,CREAMS,26.RiceResidueFireBulletin_10Oct_2023_ICAR.pdf
30.2327_76.0171_2023-10-11_0743_N_VIIRS,CR_1857,30.23266,76.01711,2023-10-11 13:10:25,2023-10-11 07:43:00,0.044,-5.46,N,Agricultural Burn,CREAMS,27.RiceResidueFireBulletin_11Oct_2023_ICAR.pdf
29.5410_76.3421_2023-10-11_0743_N_VIIRS,CR_1874,29.54105,76.34213,2023-10-11 13:10:25,2023-10-11 07:43:00,0.044,-5.46,N,Agricultural Burn,CREAMS,27.RiceResidueFireBulletin_11Oct_2023_ICAR.pdf
31.5924_74.9886_2023-09-30_0750_N_VIIRS,CR_225,31.59244,74.9886,2023-09-30 13:16:35,2023-09-30 07:50:00,0.044,-5.44,N,Agricultural Burn,CREAMS,16.RiceResidueFireBulletin_30Sep_2023_ICAR.pdf
31.6244_75.1272_2023-09-30_0750_N_VIIRS,CR_260,31.6244,75.12723,2023-09-30 13:16:35,2023-09-30 07:50:00,0.044,-5.44,N,Agricultural Burn,CREAMS,16.RiceResidueFireBulletin_30Sep_2023_ICAR.pdf
27.9536_79.7344_2023-10-06_0736_N_VIIRS,CR_1281,27.95358,79.73438,2023-10-06 13:04:02,2023-10-06 07:36:00,0.044,-5.47,N,Agricultural Burn,CREAMS,22.RiceResidueFireBulletin_06Oct_2023_ICAR.pdf
30.9751_74.5524_2023-10-04_0815_N_VIIRS,CR_872,30.97512,74.55242,2023-10-04 13:41:53,2023-10-04 08:15:00,0.044,-5.45,N,Agricultural Burn,CREAMS,20.RiceResidueFireBulletin_04Oct_2023_ICAR.pdf
30.6602_74.6894_2023-10-05_0756_N_VIIRS,CR_1039,30.66016,74.68945,2023-10-05 13:22:58,2023-10-05 07:56:00,0.044,-5.45,N,Agricultural Burn,CREAMS,21.RiceResidueFireBulletin_05Oct_2023_ICAR.pdf
31.5874_75.1460_2023-09-30_0750_N_VIIRS,CR_255,31.58737,75.14596,2023-09-30 13:16:35,2023-09-30 07:50:00,0.044,-5.44,N,Agricultural Burn,CREAMS,16.RiceResidueFireBulletin_30Sep_2023_ICAR.pdf
31.6198_75.1429_2023-09-30_0750_N_VIIRS,CR_257,31.61984,75.1429,2023-09-30 13:16:35,2023-09-30 07:50:00,0.044,-5.44,N,Agricultural Burn,CREAMS,16.RiceResidueFireBulletin_30Sep_2023_ICAR.pdf
31.5799_74.8919_2023-10-05_0756_N_VIIRS,CR_994,31.57992,74.89188,2023-10-05 13:22:58,2023-10-05 07:56:00,0.044,-5.45,N,Agricultural Burn,CREAMS,21.RiceResidueFireBulletin_05Oct_2023_ICAR.pdf
31.6198_75.2874_2023-09-30_0750_N_VIIRS,CR_250,31.6198,75.28736,2023-09-30 13:16:35,2023-09-30 07:50:00,0.044,-5.44,N,Agricultural Burn,CREAMS,16.RiceResidueFireBulletin_30Sep_2023_ICAR.pdf
31.6163_75.2882_2023-09-30_0750_N_VIIRS,CR_248,31.61631,75.2882,2023-09-30 13:16:35,2023-09-30 07:50:00,0.044,-5.44,N,Agricultural Burn,CREAMS,16.RiceResidueFireBulletin_30Sep_2023_ICAR.pdf
31.6239_75.1661_2023-09-30_0750_N_VIIRS,CR_259,31.62394,75.16609,2023-09-30 13:16:35,2023-09-30 07:50:00,0.044,-5.44,N,Agricultural Burn,CREAMS,16.RiceResidueFireBulletin_30Sep_2023_ICAR.pdf
26.2386_76.3507_2023-10-09_0820_N_VIIRS,CR_1666,26.23858,76.35069,2023-10-09 13:47:33,2023-10-09 08:20:00,0.045,-5.46,N,Agricultural Burn,CREAMS,25.RiceResidueFireBulletin_09Oct_2023_ICAR.pdf
31.7595_74.9654_2023-09-28_0828_N_VIIRS,CR_75,31.75954,74.96543,2023-09-28 13:54:25,2023-09-28 08:28:00,0.045,-5.44,N,Agricultural Burn,CREAMS,14.RiceResidueFireBulletin_28Sep_2023_ICAR.pdf
25.0421_76.2848_2023-10-11_0742_N_VIIRS,CR_1939,25.04213,76.28479,2023-10-11 13:10:25,2023-10-11 07:42:00,0.045,-5.47,N,Agricultural Burn,CREAMS,27.RiceResidueFireBulletin_11Oct_2023_ICAR.pdf
31.3550_75.2793_2023-10-03_0834_N_VIIRS,CR_739,31.35496,75.27933,2023-10-03 14:00:48,2023-10-03 08:34:00,0.045,-5.45,N,Agricultural Burn,CREAMS,19.RiceResidueFireBulletin_03Oct_2023_ICAR.pdf
22.5537_77.1815_2023-10-09_0819_N_VIIRS,CR_1680,22.55366,77.18148,2023-10-09 13:47:33,2023-10-09 08:19:00,0.045,-5.48,N,Agricultural Burn,CREAMS,25.RiceResidueFireBulletin_09Oct_2023_ICAR.pdf
31.5145_74.6381_2023-09-30_0750_N_VIIRS,CR_289,31.51445,74.63809,2023-09-30 13:16:35,2023-09-30 07:50:00,0.045,-5.44,N,Agricultural Burn,CREAMS,16.RiceResidueFireBulletin_30Sep_2023_ICAR.pdf
30.2675_76.1545_2023-10-09_0821_N_VIIRS,CR_1604,30.26746,76.15454,2023-10-09 13:47:33,2023-10-09 08:21:00,0.045,-5.44,N,Agricultural Burn,CREAMS,25.RiceResidueFireBulletin_09Oct_2023_ICAR.pdf
27.3166_77.6496_2023-10-11_0742_N_VIIRS,CR_1925,27.31658,77.6496,2023-10-11 13:10:25,2023-10-11 07:42:00,0.045,-5.47,N,Agricultural Burn,CREAMS,27.RiceResidueFireBulletin_11Oct_2023_ICAR.pdf
30.4853_77.1398_2023-10-06_0737_N_VIIRS,CR_1249,30.48529,77.13985,2023-10-06 13:04:02,2023-10-06 07:37:00,0.045,-5.45,N,Agricultural Burn,CREAMS,22.RiceResidueFireBulletin_06Oct_2023_ICAR.pdf
29.7826_76.6068_2023-10-04_0815_N_VIIRS,CR_937,29.78263,76.60677,2023-10-04 13:41:53,2023-10-04 08:15:00,0.045,-5.45,N,Agricultural Burn,CREAMS,20.RiceResidueFireBulletin_04Oct_2023_ICAR.pdf
29.9806_76.0242_2023-10-04_0815_N_VIIRS,CR_890,29.98058,76.02415,2023-10-04 13:41:53,2023-10-04 08:15:00,0.045,-5.45,N,Agricultural Burn,CREAMS,20.RiceResidueFireBulletin_04Oct_2023_ICAR.pdf
31.5851_75.1949_2023-09-30_0750_N_VIIRS,CR_254,31.5851,75.19485,2023-09-30 13:16:35,2023-09-30 07:50:00,0.045,-5.44,N,Agricultural Burn,CREAMS,16.RiceResidueFireBulletin_30Sep_2023_ICAR.pdf
31.5233_74.6205_2023-10-05_0756_N_VIIRS,CR_992,31.5233,74.62054,2023-10-05 13:22:58,2023-10-05 07:56:00,0.045,-5.45,N,Agricultural Burn,CREAMS,21.RiceResidueFireBulletin_05Oct_2023_ICAR.pdf
31.6155_75.0564_2023-09-30_0750_N_VIIRS,CR_226,31.61554,75.05642,2023-09-30 13:16:35,2023-09-30 07:50:00,0.045,-5.44,N,Agricultural Burn,CREAMS,16.RiceResidueFireBulletin_30Sep_2023_ICAR.pdf
31.4604_75.4131_2023-09-30_0750_N_VIIRS,CR_278,31.46043,75.4131,2023-09-30 13:16:35,2023-09-30 07:50:00,0.045,-5.44,N,Agricultural Burn,CREAMS,16.RiceResidueFireBulletin_30Sep_2023_ICAR.pdf
31.3559_75.7506_2023-09-30_0750_N_VIIRS,CR_277,31.35589,75.75056,2023-09-30 13:16:35,2023-09-30 07:50:00,0.045,-5.44,N,Agricultural Burn,CREAMS,16.RiceResidueFireBulletin_30Sep_2023_ICAR.pdf
29.4593_76.6683_2023-10-11_0743_N_VIIRS,CR_1877,29.45928,76.66827,2023-10-11 13:10:25,2023-10-11 07:43:00,0.045,-5.46,N,Agricultural Burn,CREAMS,27.RiceResidueFireBulletin_11Oct_2023_ICAR.pdf
31.7860_74.9400_2023-09-28_0828_N_VIIRS,CR_77,31.78604,74.93996,2023-09-28 13:54:25,2023-09-28 08:28:00,0.045,-5.44,N,Agricultural Burn,CREAMS,14.RiceResidueFireBulletin_28Sep_2023_ICAR.pdf
30.9288_74.4532_2023-10-11_0744_N_VIIRS,CR_1848,30.92877,74.45323,2023-10-11 13:10:25,2023-10-11 07:44:00,0.045,-5.44,N,Agricultural Burn,CREAMS,27.RiceResidueFireBulletin_11Oct_2023_ICAR.pdf
31.7892_75.0886_2023-09-28_0828_N_VIIRS,CR_80,31.78919,75.08858,2023-09-28 13:54:25,2023-09-28 08:28:00,0.045,-5.44,N,Agricultural Burn,CREAMS,14.RiceResidueFireBulletin_28Sep_2023_ICAR.pdf
24.9358_77.0425_2023-10-09_0820_N_VIIRS,CR_1675,24.93581,77.04247,2023-10-09 13:47:33,2023-10-09 08:20:00,0.045,-5.46,N,Agricultural Burn,CREAMS,25.RiceResidueFireBulletin_09Oct_2023_ICAR.pdf
29.9566_76.0378_2023-10-04_0815_N_VIIRS,CR_889,29.95659,76.0378,2023-10-04 13:41:53,2023-10-04 08:15:00,0.045,-5.45,N,Agricultural Burn,CREAMS,20.RiceResidueFireBulletin_04Oct_2023_ICAR.pdf
29.8254_75.2466_2023-10-11_0743_N_VIIRS,CR_1850,29.82544,75.24657,2023-10-11 13:10:25,2023-10-11 07:43:00,0.045,-5.46,N,Agricultural Burn,CREAMS,27.RiceResidueFireBulletin_11Oct_2023_ICAR.pdf
30.2593_76.3167_2023-10-09_0821_N_VIIRS,CR_1599,30.25925,76.31672,2023-10-09 13:47:33,2023-10-09 08:21:00,0.045,-5.44,N,Agricultural Burn,CREAMS,25.RiceResidueFireBulletin_09Oct_2023_ICAR.pdf
23.4431_76.5938_2023-10-09_0819_N_VIIRS,CR_1688,23.44312,76.59378,2023-10-09 13:47:33,2023-10-09 08:19:00,0.045,-5.48,N,Agricultural Burn,CREAMS,25.RiceResidueFireBulletin_09Oct_2023_ICAR.pdf
31.7865_74.9442_2023-09-28_0828_N_VIIRS,CR_78,31.7865,74.94424,2023-09-28 13:54:25,2023-09-28 08:28:00,0.045,-5.44,N,Agricultural Burn,CREAMS,14.RiceResidueFireBulletin_28Sep_2023_ICAR.pdf
30.2586_76.3109_2023-10-09_0821_N_VIIRS,CR_1598,30.25858,76.31085,2023-10-09 13:47:33,2023-10-09 08:21:00,0.045,-5.44,N,Agricultural Burn,CREAMS,25.RiceResidueFireBulletin_09Oct_2023_ICAR.pdf
31.0681_76.2317_2023-09-29_0809_N_VIIRS,CR_177,31.06815,76.23167,2023-09-29 13:35:30,2023-09-29 08:09:00,0.045,-5.44,N,Agricultural Burn,CREAMS,15.RiceResidueFireBulletin_29Sep_2023_ICAR.pdf
31.5109_74.6390_2023-09-30_0750_N_VIIRS,CR_288,31.51086,74.63899,2023-09-30 13:16:35,2023-09-30 07:50:00,0.045,-5.44,N,Agricultural Burn,CREAMS,16.RiceResidueFireBulletin_30Sep_2023_ICAR.pdf
30.1703_75.6488_2023-10-11_0743_N_VIIRS,CR_1863,30.17026,75.6488,2023-10-11 13:10:25,2023-10-11 07:43:00,0.045,-5.46,N,Agricultural Burn,CREAMS,27.RiceResidueFireBulletin_11Oct_2023_ICAR.pdf
23.5211_75.7176_2023-10-03_0832_N_VIIRS,CR_821,23.52112,75.71758,2023-10-03 14:00:48,2023-10-03 08:32:00,0.045,-5.48,N,Agricultural Burn,CREAMS,19.RiceResidueFireBulletin_03Oct_2023_ICAR.pdf
23.9230_79.1933_2023-10-11_0741_N_VIIRS,CR_1964,23.92301,79.19328,2023-10-11 13:10:25,2023-10-11 07:41:00,0.045,-5.49,N,Agricultural Burn,CREAMS,27.RiceResidueFireBulletin_11Oct_2023_ICAR.pdf
30.0799_76.2003_2023-10-01_0731_N_VIIRS,CR_453,30.07994,76.20033,2023-10-01 12:57:39,2023-10-01 07:31:00,0.045,-5.44,N,Agricultural Burn,CREAMS,17.RiceResidueFireBulletin_01Oct_2023_ICAR.pdf
25.9850_80.7717_2023-10-10_0801_N_VIIRS,CR_1750,25.985,80.7717,2023-10-10 13:28:38,2023-10-10 08:01:00,0.045,-5.46,N,Agricultural Burn,CREAMS,26.RiceResidueFireBulletin_10Oct_2023_ICAR.pdf
31.5398_75.1672_2023-09-30_0750_N_VIIRS,CR_246,31.53982,75.1672,2023-09-30 13:16:35,2023-09-30 07:50:00,0.045,-5.44,N,Agricultural Burn,CREAMS,16.RiceResidueFireBulletin_30Sep_2023_ICAR.pdf
30.2609_76.3152_2023-10-09_0821_N_VIIRS,CR_1600,30.2609,76.31516,2023-10-09 13:47:33,2023-10-09 08:21:00,0.046,-5.44,N,Agricultural Burn,CREAMS,25.RiceResidueFireBulletin_09Oct_2023_ICAR.pdf
30.2970_76.8357_2023-10-04_0815_N_VIIRS,CR_921,30.29703,76.83566,2023-10-04 13:41:53,2023-10-04 08:15:00,0.046,-5.45,N,Agricultural Burn,CREAMS,20.RiceResidueFireBulletin_04Oct_2023_ICAR.pdf
30.0587_76.9901_2023-09-29_0809_N_VIIRS,CR_183,30.05873,76.99013,2023-09-29 13:35:30,2023-09-29 08:09:00,0.046,-5.44,N,Agricultural Burn,CREAMS,15.RiceResidueFireBulletin_29Sep_2023_ICAR.pdf
31.7887_75.0842_2023-09-28_0828_N_VIIRS,CR_79,31.78873,75.08423,2023-09-28 13:54:25,2023-09-28 08:28:00,0.046,-5.44,N,Agricultural Burn,CREAMS,14.RiceResidueFireBulletin_28Sep_2023_ICAR.pdf
28.5352_79.6599_2023-10-10_0802_N_VIIRS,CR_1739,28.5352,79.65991,2023-10-10 13:28:38,2023-10-10 08:02:00,0.046,-5.44,N,Agricultural Burn,CREAMS,26.RiceResidueFireBulletin_10Oct_2023_ICAR.pdf
31.7204_75.0321_2023-09-28_0828_N_VIIRS,CR_71,31.72044,75.03213,2023-09-28 13:54:25,2023-09-28 08:28:00,0.046,-5.44,N,Agricultural Burn,CREAMS,14.RiceResidueFireBulletin_28Sep_2023_ICAR.pdf
24.0437_77.2337_2023-10-11_0742_N_VIIRS,CR_1976,24.04373,77.2337,2023-10-11 13:10:25,2023-10-11 07:42:00,0.046,-5.47,N,Agricultural Burn,CREAMS,27.RiceResidueFireBulletin_11Oct_2023_ICAR.pdf
30.0422_76.9804_2023-10-01_0731_N_VIIRS,CR_482,30.04218,76.98037,2023-10-01 12:57:39,2023-10-01 07:31:00,0.046,-5.44,N,Agricultural Burn,CREAMS,17.RiceResidueFireBulletin_01Oct_2023_ICAR.pdf
29.8170_76.0680_2023-10-06_0737_N_VIIRS,CR_1221,29.81702,76.06796,2023-10-06 13:04:02,2023-10-06 07:37:00,0.046,-5.45,N,Agricultural Burn,CREAMS,22.RiceResidueFireBulletin_06Oct_2023_ICAR.pdf
30.2759_76.1944_2023-10-09_0821_N_VIIRS,CR_1605,30.27587,76.19443,2023-10-09 13:47:33,2023-10-09 08:21:00,0.046,-5.44,N,Agricultural Burn,CREAMS,25.RiceResidueFireBulletin_09Oct_2023_ICAR.pdf
30.4637_77.1509_2023-10-06_0737_N_VIIRS,CR_1248,30.46368,77.15088,2023-10-06 13:04:02,2023-10-06 07:37:00,0.046,-5.45,N,Agricultural Burn,CREAMS,22.RiceResidueFireBulletin_06Oct_2023_ICAR.pdf
22.1842_77.1501_2023-09-30_0748_N_VIIRS,CR_348,22.18425,77.15007,2023-09-30 13:16:35,2023-09-30 07:48:00,0.046,-5.48,N,Agricultural Burn,CREAMS,16.RiceResidueFireBulletin_30Sep_2023_ICAR.pdf
30.3958_77.0440_2023-10-06_0737_N_VIIRS,CR_1247,30.39577,77.04399,2023-10-06 13:04:02,2023-10-06 07:37:00,0.046,-5.45,N,Agricultural Burn,CREAMS,22.RiceResidueFireBulletin_06Oct_2023_ICAR.pdf
30.1363_77.1439_2023-09-29_0809_N_VIIRS,CR_196,30.13633,77.14394,2023-09-29 13:35:30,2023-09-29 08:09:00,0.046,-5.44,N,Agricultural Burn,CREAMS,15.RiceResidueFireBulletin_29Sep_2023_ICAR.pdf
30.8319_74.4292_2023-10-09_0821_N_VIIRS,CR_1579,30.83194,74.42915,2023-10-09 13:47:33,2023-10-09 08:21:00,0.046,-5.44,N,Agricultural Burn,CREAMS,25.RiceResidueFireBulletin_09Oct_2023_ICAR.pdf
31.3639_75.0946_2023-09-30_0750_N_VIIRS,CR_287,31.36387,75.09464,2023-09-30 13:16:35,2023-09-30 07:50:00,0.046,-5.44,N,Agricultural Burn,CREAMS,16.RiceResidueFireBulletin_30Sep_2023_ICAR.pdf
31.4148_75.1115_2023-09-30_0750_N_VIIRS,CR_291,31.41476,75.11154,2023-09-30 13:16:35,2023-09-30 07:50:00,0.046,-5.44,N,Agricultural Burn,CREAMS,16.RiceResidueFireBulletin_30Sep_2023_ICAR.pdf
28.1421_80.1238_2023-09-30_2014_N_VIIRS,CR_509,28.14207,80.1238,2023-10-01 01:48:22,2023-09-30 20:14:00,0.046,-5.57,N,Agricultural Burn,CREAMS,17.RiceResidueFireBulletin_01Oct_2023_ICAR.pdf
23.6604_79.1689_2023-10-06_0735_N_VIIRS,CR_1294,23.66038,79.16895,2023-10-06 13:04:02,2023-10-06 07:35:00,0.046,-5.48,N,Agricultural Burn,CREAMS,22.RiceResidueFireBulletin_06Oct_2023_ICAR.pdf
31.7435_74.9720_2023-09-28_0828_N_VIIRS,CR_74,31.74353,74.97205,2023-09-28 13:54:25,2023-09-28 08:28:00,0.046,-5.44,N,Agricultural Burn,CREAMS,14.RiceResidueFireBulletin_28Sep_2023_ICAR.pdf
31.7353_74.9732_2023-09-28_0828_N_VIIRS,CR_73,31.73531,74.97322,2023-09-28 13:54:25,2023-09-28 08:28:00,0.046,-5.44,N,Agricultural Burn,CREAMS,14.RiceResidueFireBulletin_28Sep_2023_ICAR.pdf
30.3637_77.3040_2023-10-11_0743_N_VIIRS,CR_1887,30.36374,77.30401,2023-10-11 13:10:25,2023-10-11 07:43:00,0.046,-5.46,N,Agricultural Burn,CREAMS,27.RiceResidueFireBulletin_11Oct_2023_ICAR.pdf
25.1285_76.2568_2023-10-11_0742_N_VIIRS,CR_1941,25.12848,76.25681,2023-10-11 13:10:25,2023-10-11 07:42:00,0.046,-5.47,N,Agricultural Burn,CREAMS,27.RiceResidueFireBulletin_11Oct_2023_ICAR.pdf
31.7641_74.9691_2023-09-28_0828_N_VIIRS,CR_76,31.7641,74.96915,2023-09-28 13:54:25,2023-09-28 08:28:00,0.046,-5.44,N,Agricultural Burn,CREAMS,14.RiceResidueFireBulletin_28Sep_2023_ICAR.pdf
31.7262_74.9658_2023-09-28_0828_N_VIIRS,CR_72,31.72619,74.96579,2023-09-28 13:54:25,2023-09-28 08:28:00,0.046,-5.44,N,Agricultural Burn,CREAMS,14.RiceResidueFireBulletin_28Sep_2023_ICAR.pdf
30.1756_76.4007_2023-10-09_0821_N_VIIRS,CR_1632,30.1756,76.40072,2023-10-09 13:47:33,2023-10-09 08:21:00,0.046,-5.44,N,Agricultural Burn,CREAMS,25.RiceResidueFireBulletin_09Oct_2023_ICAR.pdf
25.1161_76.2356_2023-10-11_0742_N_VIIRS,CR_1940,25.11614,76.23557,2023-10-11 13:10:25,2023-10-11 07:42:00,0.046,-5.47,N,Agricultural Burn,CREAMS,27.RiceResidueFireBulletin_11Oct_2023_ICAR.pdf
30.3966_76.9000_2023-10-04_0815_N_VIIRS,CR_895,30.39661,76.90002,2023-10-04 13:41:53,2023-10-04 08:15:00,0.046,-5.45,N,Agricultural Burn,CREAMS,20.RiceResidueFireBulletin_04Oct_2023_ICAR.pdf
31.8417_74.6393_2023-10-03_0834_N_VIIRS,CR_686,31.84169,74.63934,2023-10-03 14:00:48,2023-10-03 08:34:00,0.046,-5.45,N,Agricultural Burn,CREAMS,19.RiceResidueFireBulletin_03Oct_2023_ICAR.pdf
30.0798_76.7558_2023-10-04_0815_N_VIIRS,CR_940,30.07983,76.75579,2023-10-04 13:41:53,2023-10-04 08:15:00,0.046,-5.45,N,Agricultural Burn,CREAMS,20.RiceResidueFireBulletin_04Oct_2023_ICAR.pdf
29.5533_76.1797_2023-10-11_0743_N_VIIRS,CR_1878,29.55332,76.17967,2023-10-11 13:10:25,2023-10-11 07:43:00,0.046,-5.46,N,Agricultural Burn,CREAMS,27.RiceResidueFireBulletin_11Oct_2023_ICAR.pdf
30.7288_74.6489_2023-10-09_0821_N_VIIRS,CR_1573,30.72881,74.64895,2023-10-09 13:47:33,2023-10-09 08:21:00,0.047,-5.44,N,Agricultural Burn,CREAMS,25.RiceResidueFireBulletin_09Oct_2023_ICAR.pdf
30.7374_74.6274_2023-10-09_0821_N_VIIRS,CR_1574,30.73739,74.62738,2023-10-09 13:47:33,2023-10-09 08:21:00,0.047,-5.44,N,Agricultural Burn,CREAMS,25.RiceResidueFireBulletin_09Oct_2023_ICAR.pdf
31.8356_74.8689_2023-10-03_0834_N_VIIRS,CR_691,31.83561,74.86893,2023-10-03 14:00:48,2023-10-03 08:34:00,0.047,-5.45,N,Agricultural Burn,CREAMS,19.RiceResidueFireBulletin_03Oct_2023_ICAR.pdf
29.1528_76.6028_2023-10-04_0815_N_VIIRS,CR_945,29.15282,76.60278,2023-10-04 13:41:53,2023-10-04 08:15:00,0.047,-5.45,N,Agricultural Burn,CREAMS,20.RiceResidueFireBulletin_04Oct_2023_ICAR.pdf
31.3627_75.0263_2023-09-30_0750_N_VIIRS,CR_294,31.36272,75.02633,2023-09-30 13:16:35,2023-09-30 07:50:00,0.047,-5.44,N,Agricultural Burn,CREAMS,16.RiceResidueFireBulletin_30Sep_2023_ICAR.pdf
23.0870_75.6944_2023-09-29_0807_N_VIIRS,CR_212,23.08702,75.69443,2023-09-29 13:35:30,2023-09-29 08:07:00,0.047,-5.47,N,Agricultural Burn,CREAMS,15.RiceResidueFireBulletin_29Sep_2023_ICAR.pdf
30.4730_76.6821_2023-10-09_0821_N_VIIRS,CR_1602,30.473,76.68207,2023-10-09 13:47:33,2023-10-09 08:21:00,0.047,-5.44,N,Agricultural Burn,CREAMS,25.RiceResidueFireBulletin_09Oct_2023_ICAR.pdf
30.1098_77.0786_2023-09-29_0809_N_VIIRS,CR_184,30.10976,77.07855,2023-09-29 13:35:30,2023-09-29 08:09:00,0.047,-5.44,N,Agricultural Burn,CREAMS,15.RiceResidueFireBulletin_29Sep_2023_ICAR.pdf
30.3095_76.4648_2023-10-09_0821_N_VIIRS,CR_1601,30.30953,76.4648,2023-10-09 13:47:33,2023-10-09 08:21:00,0.047,-5.44,N,Agricultural Burn,CREAMS,25.RiceResidueFireBulletin_09Oct_2023_ICAR.pdf
25.0799_76.0445_2023-10-11_0742_N_VIIRS,CR_1956,25.07994,76.04449,2023-10-11 13:10:25,2023-10-11 07:42:00,0.047,-5.47,N,Agricultural Burn,CREAMS,27.RiceResidueFireBulletin_11Oct_2023_ICAR.pdf
29.9385_76.0028_2023-10-06_0737_N_VIIRS,CR_1214,29.93855,76.00279,2023-10-06 13:04:02,2023-10-06 07:37:00,0.047,-5.45,N,Agricultural Burn,CREAMS,22.RiceResidueFireBulletin_06Oct_2023_ICAR.pdf
30.0858_77.0430_2023-10-01_0731_N_VIIRS,CR_483,30.08576,77.04305,2023-10-01 12:57:39,2023-10-01 07:31:00,0.047,-5.44,N,Agricultural Burn,CREAMS,17.RiceResidueFireBulletin_01Oct_2023_ICAR.pdf
29.4192_76.7984_2023-10-01_0731_N_VIIRS,CR_489,29.4192,76.79842,2023-10-01 12:57:39,2023-10-01 07:31:00,0.047,-5.44,N,Agricultural Burn,CREAMS,17.RiceResidueFireBulletin_01Oct_2023_ICAR.pdf
29.7426_76.0846_2023-10-05_0756_N_VIIRS,CR_1097,29.74257,76.08456,2023-10-05 13:22:58,2023-10-05 07:56:00,0.047,-5.45,N,Agricultural Burn,CREAMS,21.RiceResidueFireBulletin_05Oct_2023_ICAR.pdf
24.0307_79.5181_2023-10-04_0813_N_VIIRS,CR_957,24.03074,79.51808,2023-10-04 13:41:53,2023-10-04 08:13:00,0.047,-5.48,N,Agricultural Burn,CREAMS,20.RiceResidueFireBulletin_04Oct_2023_ICAR.pdf
26.2700_78.1633_2023-10-04_0814_N_VIIRS,CR_963,26.26996,78.16328,2023-10-04 13:41:53,2023-10-04 08:14:00,0.047,-5.46,N,Agricultural Burn,CREAMS,20.RiceResidueFireBulletin_04Oct_2023_ICAR.pdf
30.2942_76.5897_2023-10-09_0821_N_VIIRS,CR_1587,30.29423,76.5897,2023-10-09 13:47:33,2023-10-09 08:21:00,0.047,-5.44,N,Agricultural Burn,CREAMS,25.RiceResidueFireBulletin_09Oct_2023_ICAR.pdf
29.4829_76.0126_2023-10-11_0743_N_VIIRS,CR_1875,29.48289,76.01265,2023-10-11 13:10:25,2023-10-11 07:43:00,0.047,-5.46,N,Agricultural Burn,CREAMS,27.RiceResidueFireBulletin_11Oct_2023_ICAR.pdf
24.8320_76.9804_2023-10-11_0742_N_VIIRS,CR_1973,24.83205,76.98037,2023-10-11 13:10:25,2023-10-11 07:42:00,0.047,-5.47,N,Agricultural Burn,CREAMS,27.RiceResidueFireBulletin_11Oct_2023_ICAR.pdf
30.0585_76.9103_2023-10-01_0731_N_VIIRS,CR_487,30.0585,76.91029,2023-10-01 12:57:39,2023-10-01 07:31:00,0.047,-5.44,N,Agricultural Burn,CREAMS,17.RiceResidueFireBulletin_01Oct_2023_ICAR.pdf
31.0570_75.2203_2023-10-04_0815_N_VIIRS,CR_876,31.05698,75.22027,2023-10-04 13:41:53,2023-10-04 08:15:00,0.047,-5.45,N,Agricultural Burn,CREAMS,20.RiceResidueFireBulletin_04Oct_2023_ICAR.pdf
30.9775_74.5536_2023-10-04_0815_N_VIIRS,CR_873,30.97745,74.55364,2023-10-04 13:41:53,2023-10-04 08:15:00,0.047,-5.45,N,Agricultural Burn,CREAMS,20.RiceResidueFireBulletin_04Oct_2023_ICAR.pdf
27.8537_78.3711_2023-10-05_0755_N_VIIRS,CR_1113,27.8537,78.37109,2023-10-05 13:22:58,2023-10-05 07:55:00,0.048,-5.47,N,Agricultural Burn,CREAMS,21.RiceResidueFireBulletin_05Oct_2023_ICAR.pdf
28.5002_79.9858_2023-10-01_0730_N_VIIRS,CR_508,28.50022,79.98584,2023-10-01 12:57:39,2023-10-01 07:30:00,0.048,-5.46,N,Agricultural Burn,CREAMS,17.RiceResidueFireBulletin_01Oct_2023_ICAR.pdf
30.7203_74.3317_2023-09-23_0822_N_VIIRS,CR_21,30.72029,74.33168,2023-09-23 13:48:02,2023-09-23 08:22:00,0.048,-5.43,N,Agricultural Burn,CREAMS,09.RiceResidueFireBulletin_23Sep_2023_ICAR.pdf
28.8115_79.2974_2023-10-09_0821_N_VIIRS,CR_1648,28.81146,79.29739,2023-10-09 13:47:33,2023-10-09 08:21:00,0.048,-5.44,N,Agricultural Burn,CREAMS,25.RiceResidueFireBulletin_09Oct_2023_ICAR.pdf
30.2944_76.5906_2023-10-09_0821_N_VIIRS,CR_1588,30.29444,76.59064,2023-10-09 13:47:33,2023-10-09 08:21:00,0.048,-5.44,N,Agricultural Burn,CREAMS,25.RiceResidueFireBulletin_09Oct_2023_ICAR.pdf
30.0649_76.9798_2023-10-04_0815_N_VIIRS,CR_939,30.06492,76.97978,2023-10-04 13:41:53,2023-10-04 08:15:00,0.048,-5.45,N,Agricultural Burn,CREAMS,20.RiceResidueFireBulletin_04Oct_2023_ICAR.pdf
25.1725_76.3504_2023-10-11_0742_N_VIIRS,CR_1943,25.17249,76.35036,2023-10-11 13:10:25,2023-10-11 07:42:00,0.048,-5.47,N,Agricultural Burn,CREAMS,27.RiceResidueFireBulletin_11Oct_2023_ICAR.pdf
30.1945_76.6535_2023-10-09_0821_N_VIIRS,CR_1624,30.19449,76.65345,2023-10-09 13:47:33,2023-10-09 08:21:00,0.048,-5.44,N,Agricultural Burn,CREAMS,25.RiceResidueFireBulletin_09Oct_2023_ICAR.pdf
31.2567_75.1480_2023-09-30_0750_N_VIIRS,CR_279,31.25673,75.14803,2023-09-30 13:16:35,2023-09-30 07:50:00,0.048,-5.44,N,Agricultural Burn,CREAMS,16.RiceResidueFireBulletin_30Sep_2023_ICAR.pdf
28.2196_80.0704_2023-10-04_0814_N_VIIRS,CR_954,28.21955,80.07038,2023-10-04 13:41:53,2023-10-04 08:14:00,0.048,-5.46,N,Agricultural Burn,CREAMS,20.RiceResidueFireBulletin_04Oct_2023_ICAR.pdf
31.7814_75.3004_2023-09-28_0828_N_VIIRS,CR_92,31.78142,75.30045,2023-09-28 13:54:25,2023-09-28 08:28:00,0.048,-5.44,N,Agricultural Burn,CREAMS,14.RiceResidueFireBulletin_28Sep_2023_ICAR.pdf
25.9103_76.8280_2023-10-09_0820_N_VIIRS,CR_1689,25.91029,76.82802,2023-10-09 13:47:33,2023-10-09 08:20:00,0.048,-5.46,N,Agricultural Burn,CREAMS,25.RiceResidueFireBulletin_09Oct_2023_ICAR.pdf
26.8547_81.3654_2023-10-10_0801_N_VIIRS,CR_1735,26.85471,81.36543,2023-10-10 13:28:38,2023-10-10 08:01:00,0.048,-5.46,N,Agricultural Burn,CREAMS,26.RiceResidueFireBulletin_10Oct_2023_ICAR.pdf
29.5877_75.8827_2023-09-30_0750_N_VIIRS,CR_302,29.58774,75.88273,2023-09-30 13:16:35,2023-09-30 07:50:00,0.048,-5.44,N,Agricultural Burn,CREAMS,16.RiceResidueFireBulletin_30Sep_2023_ICAR.pdf
29.7592_76.5776_2023-09-30_0750_N_VIIRS,CR_304,29.75919,76.57759,2023-09-30 13:16:35,2023-09-30 07:50:00,0.048,-5.44,N,Agricultural Burn,CREAMS,16.RiceResidueFireBulletin_30Sep_2023_ICAR.pdf
30.4016_77.1051_2023-10-04_0815_N_VIIRS,CR_925,30.40164,77.10507,2023-10-04 13:41:53,2023-10-04 08:15:00,0.048,-5.45,N,Agricultural Burn,CREAMS,20.RiceResidueFireBulletin_04Oct_2023_ICAR.pdf
24.9002_76.9151_2023-10-11_0742_N_VIIRS,CR_1946,24.90023,76.91511,2023-10-11 13:10:25,2023-10-11 07:42:00,0.048,-5.47,N,Agricultural Burn,CREAMS,27.RiceResidueFireBulletin_11Oct_2023_ICAR.pdf
29.4701_75.6526_2023-10-11_0743_N_VIIRS,CR_1868,29.47009,75.65255,2023-10-11 13:10:25,2023-10-11 07:43:00,0.048,-5.46,N,Agricultural Burn,CREAMS,27.RiceResidueFireBulletin_11Oct_2023_ICAR.pdf
31.4325_74.8340_2023-10-09_0821_N_VIIRS,CR_1618,31.43255,74.83395,2023-10-09 13:47:33,2023-10-09 08:21:00,0.048,-5.44,N,Agricultural Burn,CREAMS,25.RiceResidueFireBulletin_09Oct_2023_ICAR.pdf
31.5040_74.6267_2023-10-09_0821_N_VIIRS,CR_1609,31.50396,74.62672,2023-10-09 13:47:33,2023-10-09 08:21:00,0.048,-5.44,N,Agricultural Burn,CREAMS,25.RiceResidueFireBulletin_09Oct_2023_ICAR.pdf
27.3637_77.6368_2023-10-11_0743_N_VIIRS,CR_1926,27.36373,77.63682,2023-10-11 13:10:25,2023-10-11 07:43:00,0.048,-5.46,N,Agricultural Burn,CREAMS,27.RiceResidueFireBulletin_11Oct_2023_ICAR.pdf
31.7720_74.7566_2023-10-09_0822_N_VIIRS,CR_1566,31.77195,74.75655,2023-10-09 13:47:33,2023-10-09 08:22:00,0.048,-5.43,N,Agricultural Burn,CREAMS,25.RiceResidueFireBulletin_09Oct_2023_ICAR.pdf
30.5109_76.5322_2023-10-06_0737_N_VIIRS,CR_1216,30.51094,76.5322,2023-10-06 13:04:02,2023-10-06 07:37:00,0.048,-5.45,N,Agricultural Burn,CREAMS,22.RiceResidueFireBulletin_06Oct_2023_ICAR.pdf
29.8145_75.7476_2023-10-06_0737_N_VIIRS,CR_1224,29.81451,75.74763,2023-10-06 13:04:02,2023-10-06 07:37:00,0.048,-5.45,N,Agricultural Burn,CREAMS,22.RiceResidueFireBulletin_06Oct_2023_ICAR.pdf
29.6761_75.8675_2023-10-05_0756_N_VIIRS,CR_1095,29.67613,75.86755,2023-10-05 13:22:58,2023-10-05 07:56:00,0.048,-5.45,N,Agricultural Burn,CREAMS,21.RiceResidueFireBulletin_05Oct_2023_ICAR.pdf
22.5748_77.6205_2023-10-11_0741_N_VIIRS,CR_1977,22.57479,77.62051,2023-10-11 13:10:25,2023-10-11 07:41:00,0.048,-5.49,N,Agricultural Burn,CREAMS,27.RiceResidueFireBulletin_11Oct_2023_ICAR.pdf
24.8331_76.9857_2023-10-11_0742_N_VIIRS,CR_1974,24.83305,76.98567,2023-10-11 13:10:25,2023-10-11 07:42:00,0.048,-5.47,N,Agricultural Burn,CREAMS,27.RiceResidueFireBulletin_11Oct_2023_ICAR.pdf
29.9726_73.7174_2023-10-11_0743_N_VIIRS,CR_1949,29.97262,73.71743,2023-10-11 13:10:25,2023-10-11 07:43:00,0.049,-5.46,N,Agricultural Burn,CREAMS,27.RiceResidueFireBulletin_11Oct_2023_ICAR.pdf
31.4194_74.8836_2023-10-09_0821_N_VIIRS,CR_1617,31.41944,74.88359,2023-10-09 13:47:33,2023-10-09 08:21:00,0.049,-5.44,N,Agricultural Burn,CREAMS,25.RiceResidueFireBulletin_09Oct_2023_ICAR.pdf
24.9711_76.5813_2023-09-30_0748_N_VIIRS,CR_339,24.97106,76.58128,2023-09-30 13:16:35,2023-09-30 07:48:00,0.049,-5.48,N,Agricultural Burn,CREAMS,16.RiceResidueFireBulletin_30Sep_2023_ICAR.pdf
22.2652_75.1323_2023-10-10_2029_N_VIIRS,CR_1970,22.26521,75.13233,2023-10-11 02:00:26,2023-10-10 20:29:00,0.049,-5.52,N,Agricultural Burn,CREAMS,27.RiceResidueFireBulletin_11Oct_2023_ICAR.pdf
25.3934_75.8693_2023-10-11_0742_N_VIIRS,CR_1948,25.39338,75.86926,2023-10-11 13:10:25,2023-10-11 07:42:00,0.049,-5.47,N,Agricultural Burn,CREAMS,27.RiceResidueFireBulletin_11Oct_2023_ICAR.pdf
31.7376_74.9167_2023-10-09_0822_N_VIIRS,CR_1570,31.73757,74.91666,2023-10-09 13:47:33,2023-10-09 08:22:00,0.049,-5.43,N,Agricultural Burn,CREAMS,25.RiceResidueFireBulletin_09Oct_2023_ICAR.pdf
31.5009_74.6324_2023-10-09_0821_N_VIIRS,CR_1608,31.50088,74.6324,2023-10-09 13:47:33,2023-10-09 08:21:00,0.049,-5.44,N,Agricultural Burn,CREAMS,25.RiceResidueFireBulletin_09Oct_2023_ICAR.pdf
31.3712_74.8280_2023-10-09_0821_N_VIIRS,CR_1616,31.37119,74.82803,2023-10-09 13:47:33,2023-10-09 08:21:00,0.049,-5.44,N,Agricultural Burn,CREAMS,25.RiceResidueFireBulletin_09Oct_2023_ICAR.pdf
31.5562_75.0036_2023-10-09_0821_N_VIIRS,CR_1567,31.55624,75.00356,2023-10-09 13:47:33,2023-10-09 08:21:00,0.049,-5.44,N,Agricultural Burn,CREAMS,25.RiceResidueFireBulletin_09Oct_2023_ICAR.pdf
29.4794_76.2133_2023-10-01_0731_N_VIIRS,CR_478,29.47938,76.21329,2023-10-01 12:57:39,2023-10-01 07:31:00,0.049,-5.44,N,Agricultural Burn,CREAMS,17.RiceResidueFireBulletin_01Oct_2023_ICAR.pdf
31.2503_75.2382_2023-10-09_0821_N_VIIRS,CR_1582,31.25026,75.23824,2023-10-09 13:47:33,2023-10-09 08:21:00,0.049,-5.44,N,Agricultural Burn,CREAMS,25.RiceResidueFireBulletin_09Oct_2023_ICAR.pdf
31.6956_75.0500_2023-10-09_0822_N_VIIRS,CR_1568,31.69559,75.05005,2023-10-09 13:47:33,2023-10-09 08:22:00,0.049,-5.43,N,Agricultural Burn,CREAMS,25.RiceResidueFireBulletin_09Oct_2023_ICAR.pdf
31.5003_74.5963_2023-10-09_0821_N_VIIRS,CR_1565,31.50031,74.59634,2023-10-09 13:47:33,2023-10-09 08:21:00,0.049,-5.44,N,Agricultural Burn,CREAMS,25.RiceResidueFireBulletin_09Oct_2023_ICAR.pdf
23.4603_76.7961_2023-10-09_0819_N_VIIRS,CR_1685,23.46035,76.79612,2023-10-09 13:47:33,2023-10-09 08:19:00,0.049,-5.48,N,Agricultural Burn,CREAMS,25.RiceResidueFireBulletin_09Oct_2023_ICAR.pdf
30.3958_76.1703_2023-10-04_0815_N_VIIRS,CR_886,30.3958,76.17027,2023-10-04 13:41:53,2023-10-04 08:15:00,0.049,-5.45,N,Agricultural Burn,CREAMS,20.RiceResidueFireBulletin_04Oct_2023_ICAR.pdf
28.8288_77.1623_2023-09-25_2008_N_VIIRS,CR_34,28.8288,77.16229,2023-09-26 01:41:59,2023-09-25 20:08:00,0.049,-5.57,N,Agricultural Burn,CREAMS,12.RiceResidueFireBulletin_26Sep_2023_ICAR.pdf
25.0178_76.9419_2023-10-11_0742_N_VIIRS,CR_1975,25.01783,76.94186,2023-10-11 13:10:25,2023-10-11 07:42:00,0.049,-5.47,N,Agricultural Burn,CREAMS,27.RiceResidueFireBulletin_11Oct_2023_ICAR.pdf
31.7450_74.9478_2023-10-09_0822_N_VIIRS,CR_1571,31.745,74.94776,2023-10-09 13:47:33,2023-10-09 08:22:00,0.049,-5.43,N,Agricultural Burn,CREAMS,25.RiceResidueFireBulletin_09Oct_2023_ICAR.pdf
29.7474_77.0102_2023-10-08_0840_N_VIIRS,CR_1493,29.74737,77.01022,2023-10-08 14:06:29,2023-10-08 08:40:00,0.049,-5.44,N,Agricultural Burn,CREAMS,24.RiceResidueFireBulletin_08Oct_2023_ICAR.pdf
31.4454_75.1749_2023-10-01_0731_N_VIIRS,CR_472,31.44542,75.17485,2023-10-01 12:57:39,2023-10-01 07:31:00,0.049,-5.44,N,Agricultural Burn,CREAMS,17.RiceResidueFireBulletin_01Oct_2023_ICAR.pdf
31.4068_75.1378_2023-10-09_0821_N_VIIRS,CR_1610,31.40679,75.13779,2023-10-09 13:47:33,2023-10-09 08:21:00,0.049,-5.44,N,Agricultural Burn,CREAMS,25.RiceResidueFireBulletin_09Oct_2023_ICAR.pdf
31.1274_74.9647_2023-10-04_0815_N_VIIRS,CR_874,31.12738,74.96473,2023-10-04 13:41:53,2023-10-04 08:15:00,0.049,-5.45,N,Agricultural Burn,CREAMS,20.RiceResidueFireBulletin_04Oct_2023_ICAR.pdf
31.5429_74.8188_2023-09-28_0828_N_VIIRS,CR_95,31.54289,74.81876,2023-09-28 13:54:25,2023-09-28 08:28:00,0.049,-5.44,N,Agricultural Burn,CREAMS,14.RiceResidueFireBulletin_28Sep_2023_ICAR.pdf
25.1294_76.2566_2023-10-11_0742_N_VIIRS,CR_1942,25.1294,76.25664,2023-10-11 13:10:25,2023-10-11 07:42:00,0.049,-5.47,N,Agricultural Burn,CREAMS,27.RiceResidueFireBulletin_11Oct_2023_ICAR.pdf
24.9000_76.6804_2023-10-11_0742_N_VIIRS,CR_1944,24.89999,76.68037,2023-10-11 13:10:25,2023-10-11 07:42:00,0.049,-5.47,N,Agricultural Burn,CREAMS,27.RiceResidueFireBulletin_11Oct_2023_ICAR.pdf
28.9585_76.7997_2023-10-04_0815_N_VIIRS,CR_944,28.9585,76.79966,2023-10-04 13:41:53,2023-10-04 08:15:00,0.049,-5.45,N,Agricultural Burn,CREAMS,20.RiceResidueFireBulletin_04Oct_2023_ICAR.pdf
26.3707_77.7054_2023-10-04_0814_N_VIIRS,CR_965,26.37068,77.70541,2023-10-04 13:41:53,2023-10-04 08:14:00,0.049,-5.46,N,Agricultural Burn,CREAMS,20.RiceResidueFireBulletin_04Oct_2023_ICAR.pdf
25.4559_76.4336_2023-10-11_0742_N_VIIRS,CR_1958,25.45592,76.43362,2023-10-11 13:10:25,2023-10-11 07:42:00,0.05,-5.47,N,Agricultural Burn,CREAMS,27.RiceResidueFireBulletin_11Oct_2023_ICAR.pdf
29.7348_75.5951_2023-09-29_0809_N_VIIRS,CR_181,29.73479,75.59507,2023-09-29 13:35:30,2023-09-29 08:09:00,0.05,-5.44,N,Agricultural Burn,CREAMS,15.RiceResidueFireBulletin_29Sep_2023_ICAR.pdf
21.9220_79.1424_2023-10-11_0741_N_VIIRS,CR_1963,21.92199,79.14236,2023-10-11 13:10:25,2023-10-11 07:41:00,0.05,-5.49,N,Agricultural Burn,CREAMS,27.RiceResidueFireBulletin_11Oct_2023_ICAR.pdf
25.5355_78.7391_2023-10-09_0820_N_VIIRS,CR_1642,25.53547,78.73909,2023-10-09 13:47:33,2023-10-09 08:20:00,0.05,-5.46,N,Agricultural Burn,CREAMS,25.RiceResidueFireBulletin_09Oct_2023_ICAR.pdf
25.1490_76.0985_2023-10-11_0742_N_VIIRS,CR_1953,25.14902,76.09854,2023-10-11 13:10:25,2023-10-11 07:42:00,0.05,-5.47,N,Agricultural Burn,CREAMS,27.RiceResidueFireBulletin_11Oct_2023_ICAR.pdf
28.9388_77.1632_2023-10-08_0840_N_VIIRS,CR_1507,28.93876,77.16319,2023-10-08 14:06:29,2023-10-08 08:40:00,0.05,-5.44,N,Agricultural Burn,CREAMS,24.RiceResidueFireBulletin_08Oct_2023_ICAR.pdf
29.6488_74.4747_2023-10-11_0743_N_VIIRS,CR_1952,29.64882,74.47467,2023-10-11 13:10:25,2023-10-11 07:43:00,0.05,-5.46,N,Agricultural Burn,CREAMS,27.RiceResidueFireBulletin_11Oct_2023_ICAR.pdf
24.2479_78.0271_2023-10-06_0736_N_VIIRS,CR_1296,24.24794,78.02711,2023-10-06 13:04:02,2023-10-06 07:36:00,0.05,-5.47,N,Agricultural Burn,CREAMS,22.RiceResidueFireBulletin_06Oct_2023_ICAR.pdf
29.1722_77.0743_2023-10-04_0815_N_VIIRS,CR_943,29.17223,77.0743,2023-10-04 13:41:53,2023-10-04 08:15:00,0.05,-5.45,N,Agricultural Burn,CREAMS,20.RiceResidueFireBulletin_04Oct_2023_ICAR.pdf
22.2987_76.9807_2023-10-09_0819_N_VIIRS,CR_1678,22.29873,76.98071,2023-10-09 13:47:33,2023-10-09 08:19:00,0.05,-5.48,N,Agricultural Burn,CREAMS,25.RiceResidueFireBulletin_09Oct_2023_ICAR.pdf
30.3518_76.2974_2023-10-04_0815_N_VIIRS,CR_888,30.35181,76.29745,2023-10-04 13:41:53,2023-10-04 08:15:00,0.05,-5.45,N,Agricultural Burn,CREAMS,20.RiceResidueFireBulletin_04Oct_2023_ICAR.pdf
31.4387_74.9177_2023-10-09_0821_N_VIIRS,CR_1619,31.43868,74.91766,2023-10-09 13:47:33,2023-10-09 08:21:00,0.05,-5.44,N,Agricultural Burn,CREAMS,25.RiceResidueFireBulletin_09Oct_2023_ICAR.pdf
29.1052_77.1093_2023-10-09_0821_N_VIIRS,CR_1636,29.10521,77.10925,2023-10-09 13:47:33,2023-10-09 08:21:00,0.05,-5.44,N,Agricultural Burn,CREAMS,25.RiceResidueFireBulletin_09Oct_2023_ICAR.pdf
31.5140_74.8713_2023-10-09_0821_N_VIIRS,CR_1622,31.51403,74.87131,2023-10-09 13:47:33,2023-10-09 08:21:00,0.05,-5.44,N,Agricultural Burn,CREAMS,25.RiceResidueFireBulletin_09Oct_2023_ICAR.pdf
31.5110_74.8453_2023-10-09_0821_N_VIIRS,CR_1621,31.51099,74.8453,2023-10-09 13:47:33,2023-10-09 08:21:00,0.05,-5.44,N,Agricultural Burn,CREAMS,25.RiceResidueFireBulletin_09Oct_2023_ICAR.pdf
31.4679_74.8125_2023-10-09_0821_N_VIIRS,CR_1620,31.4679,74.81249,2023-10-09 13:47:33,2023-10-09 08:21:00,0.05,-5.44,N,Agricultural Burn,CREAMS,25.RiceResidueFireBulletin_09Oct_2023_ICAR.pdf
30.8020_74.4106_2023-10-11_0744_N_VIIRS,CR_1847,30.80199,74.41055,2023-10-11 13:10:25,2023-10-11 07:44:00,0.05,-5.44,N,Agricultural Burn,CREAMS,27.RiceResidueFireBulletin_11Oct_2023_ICAR.pdf
30.5379_76.1598_2023-10-06_0737_N_VIIRS,CR_1212,30.53792,76.15977,2023-10-06 13:04:02,2023-10-06 07:37:00,0.05,-5.45,N,Agricultural Burn,CREAMS,22.RiceResidueFireBulletin_06Oct_2023_ICAR.pdf
31.7050_74.9997_2023-10-09_0822_N_VIIRS,CR_1569,31.70498,74.99973,2023-10-09 13:47:33,2023-10-09 08:22:00,0.05,-5.43,N,Agricultural Burn,CREAMS,25.RiceResidueFireBulletin_09Oct_2023_ICAR.pdf
31.5961_75.0045_2023-09-28_0828_N_VIIRS,CR_68,31.59606,75.00446,2023-09-28 13:54:25,2023-09-28 08:28:00,0.05,-5.44,N,Agricultural Burn,CREAMS,14.RiceResidueFireBulletin_28Sep_2023_ICAR.pdf
28.7176_77.5892_2023-10-01_0731_N_VIIRS,CR_504,28.71756,77.58915,2023-10-01 12:57:39,2023-10-01 07:31:00,0.05,-5.44,N,Agricultural Burn,CREAMS,17.RiceResidueFireBulletin_01Oct_2023_ICAR.pdf
28.7134_77.5902_2023-10-01_0731_N_VIIRS,CR_502,28.71343,77.59021,2023-10-01 12:57:39,2023-10-01 07:31:00,0.05,-5.44,N,Agricultural Burn,CREAMS,17.RiceResidueFireBulletin_01Oct_2023_ICAR.pdf
31.7970_75.0316_2023-10-09_0822_N_VIIRS,CR_1572,31.79701,75.03164,2023-10-09 13:47:33,2023-10-09 08:22:00,0.05,-5.43,N,Agricultural Burn,CREAMS,25.RiceResidueFireBulletin_09Oct_2023_ICAR.pdf
31.5906_74.9922_2023-09-28_0828_N_VIIRS,CR_67,31.59057,74.99222,2023-09-28 13:54:25,2023-09-28 08:28:00,0.051,-5.44,N,Agricultural Burn,CREAMS,14.RiceResidueFireBulletin_28Sep_2023_ICAR.pdf
25.1176_76.0532_2023-09-30_0749_N_VIIRS,CR_341,25.11756,76.05315,2023-09-30 13:16:35,2023-09-30 07:49:00,0.051,-5.46,N,Agricultural Burn,CREAMS,16.RiceResidueFireBulletin_30Sep_2023_ICAR.pdf
29.6230_75.8440_2023-10-11_0743_N_VIIRS,CR_1872,29.62303,75.844,2023-10-11 13:10:25,2023-10-11 07:43:00,0.051,-5.46,N,Agricultural Burn,CREAMS,27.RiceResidueFireBulletin_11Oct_2023_ICAR.pdf
28.0694_77.5248_2023-10-09_0820_N_VIIRS,CR_1640,28.06936,77.52477,2023-10-09 13:47:33,2023-10-09 08:20:00,0.051,-5.46,N,Agricultural Burn,CREAMS,25.RiceResidueFireBulletin_09Oct_2023_ICAR.pdf
28.8140_79.7473_2023-10-09_2045_N_VIIRS,CR_1759,28.81399,79.74735,2023-10-10 02:19:21,2023-10-09 20:45:00,0.051,-5.57,N,Agricultural Burn,CREAMS,26.RiceResidueFireBulletin_10Oct_2023_ICAR.pdf
31.2604_75.1930_2023-10-09_0821_N_VIIRS,CR_1583,31.26043,75.19302,2023-10-09 13:47:33,2023-10-09 08:21:00,0.051,-5.44,N,Agricultural Burn,CREAMS,25.RiceResidueFireBulletin_09Oct_2023_ICAR.pdf
31.5791_75.0811_2023-09-28_0828_N_VIIRS,CR_66,31.57913,75.08108,2023-09-28 13:54:25,2023-09-28 08:28:00,0.051,-5.44,N,Agricultural Burn,CREAMS,14.RiceResidueFireBulletin_28Sep_2023_ICAR.pdf
31.4495_75.1747_2023-10-09_0821_N_VIIRS,CR_1613,31.44952,75.17469,2023-10-09 13:47:33,2023-10-09 08:21:00,0.051,-5.44,N,Agricultural Burn,CREAMS,25.RiceResidueFireBulletin_09Oct_2023_ICAR.pdf
31.4106_75.1372_2023-10-09_0821_N_VIIRS,CR_1612,31.41056,75.13719,2023-10-09 13:47:33,2023-10-09 08:21:00,0.051,-5.44,N,Agricultural Burn,CREAMS,25.RiceResidueFireBulletin_09Oct_2023_ICAR.pdf
29.8006_75.9821_2023-10-11_0743_N_VIIRS,CR_1856,29.80064,75.9821,2023-10-11 13:10:25,2023-10-11 07:43:00,0.051,-5.46,N,Agricultural Burn,CREAMS,27.RiceResidueFireBulletin_11Oct_2023_ICAR.pdf
30.5075_75.9040_2023-10-06_0737_N_VIIRS,CR_1227,30.50751,75.90405,2023-10-06 13:04:02,2023-10-06 07:37:00,0.051,-5.45,N,Agricultural Burn,CREAMS,22.RiceResidueFireBulletin_06Oct_2023_ICAR.pdf
30.1003_75.9556_2023-10-11_0743_N_VIIRS,CR_1860,30.10029,75.95555,2023-10-11 13:10:25,2023-10-11 07:43:00,0.051,-5.46,N,Agricultural Burn,CREAMS,27.RiceResidueFireBulletin_11Oct_2023_ICAR.pdf
29.8201_76.3590_2023-10-11_0743_N_VIIRS,CR_1879,29.82014,76.35905,2023-10-11 13:10:25,2023-10-11 07:43:00,0.051,-5.46,N,Agricultural Burn,CREAMS,27.RiceResidueFireBulletin_11Oct_2023_ICAR.pdf
26.3758_77.7075_2023-10-09_0820_N_VIIRS,CR_1683,26.3758,77.70747,2023-10-09 13:47:33,2023-10-09 08:20:00,0.051,-5.46,N,Agricultural Burn,CREAMS,25.RiceResidueFireBulletin_09Oct_2023_ICAR.pdf
25.1365_75.9902_2023-10-11_0742_N_VIIRS,CR_1957,25.13655,75.99016,2023-10-11 13:10:25,2023-10-11 07:42:00,0.051,-5.47,N,Agricultural Burn,CREAMS,27.RiceResidueFireBulletin_11Oct_2023_ICAR.pdf
30.1562_77.0182_2023-10-06_0737_N_VIIRS,CR_1246,30.15618,77.01823,2023-10-06 13:04:02,2023-10-06 07:37:00,0.051,-5.45,N,Agricultural Burn,CREAMS,22.RiceResidueFireBulletin_06Oct_2023_ICAR.pdf
24.9210_76.1512_2023-09-30_0748_N_VIIRS,CR_342,24.92103,76.1512,2023-09-30 13:16:35,2023-09-30 07:48:00,0.051,-5.48,N,Agricultural Burn,CREAMS,16.RiceResidueFireBulletin_30Sep_2023_ICAR.pdf
23.1309_77.2704_2023-10-11_0741_N_VIIRS,CR_1961,23.13094,77.27045,2023-10-11 13:10:25,2023-10-11 07:41:00,0.052,-5.49,N,Agricultural Burn,CREAMS,27.RiceResidueFireBulletin_11Oct_2023_ICAR.pdf
29.6779_75.9714_2023-10-11_0743_N_VIIRS,CR_1876,29.67788,75.97144,2023-10-11 13:10:25,2023-10-11 07:43:00,0.052,-5.46,N,Agricultural Burn,CREAMS,27.RiceResidueFireBulletin_11Oct_2023_ICAR.pdf
25.3595_76.1885_2023-10-11_0742_N_VIIRS,CR_1955,25.35946,76.18847,2023-10-11 13:10:25,2023-10-11 07:42:00,0.052,-5.47,N,Agricultural Burn,CREAMS,27.RiceResidueFireBulletin_11Oct_2023_ICAR.pdf
25.2790_76.0776_2023-10-11_0742_N_VIIRS,CR_1954,25.27897,76.07756,2023-10-11 13:10:25,2023-10-11 07:42:00,0.052,-5.47,N,Agricultural Burn,CREAMS,27.RiceResidueFireBulletin_11Oct_2023_ICAR.pdf
31.6243_75.1897_2023-09-28_0828_N_VIIRS,CR_83,31.62432,75.18974,2023-09-28 13:54:25,2023-09-28 08:28:00,0.052,-5.44,N,Agricultural Burn,CREAMS,14.RiceResidueFireBulletin_28Sep_2023_ICAR.pdf
31.8045_74.6088_2023-10-07_0719_N_VIIRS,CR_1299,31.80448,74.60879,2023-10-07 12:45:07,2023-10-07 07:19:00,0.052,-5.44,N,Agricultural Burn,CREAMS,23.RiceResidueFireBulletin_07Oct_2023_ICAR.pdf
27.7852_77.2857_2023-10-09_0820_N_VIIRS,CR_1656,27.78517,77.28575,2023-10-09 13:47:33,2023-10-09 08:20:00,0.052,-5.46,N,Agricultural Burn,CREAMS,25.RiceResidueFireBulletin_09Oct_2023_ICAR.pdf
30.4236_76.5820_2023-10-04_0815_N_VIIRS,CR_894,30.4236,76.58203,2023-10-04 13:41:53,2023-10-04 08:15:00,0.052,-5.45,N,Agricultural Burn,CREAMS,20.RiceResidueFireBulletin_04Oct_2023_ICAR.pdf
31.3099_74.7988_2023-10-09_0821_N_VIIRS,CR_1614,31.30993,74.79878,2023-10-09 13:47:33,2023-10-09 08:21:00,0.052,-5.44,N,Agricultural Burn,CREAMS,25.RiceResidueFireBulletin_09Oct_2023_ICAR.pdf
22.1786_77.0634_2023-10-05_0754_N_VIIRS,CR_1146,22.17857,77.06342,2023-10-05 13:22:58,2023-10-05 07:54:00,0.052,-5.48,N,Agricultural Burn,CREAMS,21.RiceResidueFireBulletin_05Oct_2023_ICAR.pdf
30.1889_76.9177_2023-10-06_0737_N_VIIRS,CR_1261,30.18889,76.91774,2023-10-06 13:04:02,2023-10-06 07:37:00,0.052,-5.45,N,Agricultural Burn,CREAMS,22.RiceResidueFireBulletin_06Oct_2023_ICAR.pdf
30.4865_75.8837_2023-10-06_0737_N_VIIRS,CR_1228,30.48646,75.88367,2023-10-06 13:04:02,2023-10-06 07:37:00,0.052,-5.45,N,Agricultural Burn,CREAMS,22.RiceResidueFireBulletin_06Oct_2023_ICAR.pdf
31.8886_74.6689_2023-10-11_0744_N_VIIRS,CR_1841,31.88857,74.66894,2023-10-11 13:10:25,2023-10-11 07:44:00,0.052,-5.44,N,Agricultural Burn,CREAMS,27.RiceResidueFireBulletin_11Oct_2023_ICAR.pdf
28.3492_80.1710_2023-10-01_0730_N_VIIRS,CR_507,28.34919,80.17096,2023-10-01 12:57:39,2023-10-01 07:30:00,0.053,-5.46,N,Agricultural Burn,CREAMS,17.RiceResidueFireBulletin_01Oct_2023_ICAR.pdf
28.2794_80.1644_2023-09-30_2014_N_VIIRS,CR_511,28.27936,80.16444,2023-10-01 01:48:22,2023-09-30 20:14:00,0.053,-5.57,N,Agricultural Burn,CREAMS,17.RiceResidueFireBulletin_01Oct_2023_ICAR.pdf
30.4735_76.5258_2023-10-06_0737_N_VIIRS,CR_1218,30.47351,76.52584,2023-10-06 13:04:02,2023-10-06 07:37:00,0.053,-5.45,N,Agricultural Burn,CREAMS,22.RiceResidueFireBulletin_06Oct_2023_ICAR.pdf
23.3839_76.6779_2023-10-06_0735_N_VIIRS,CR_1295,23.38395,76.67789,2023-10-06 13:04:02,2023-10-06 07:35:00,0.053,-5.48,N,Agricultural Burn,CREAMS,22.RiceResidueFireBulletin_06Oct_2023_ICAR.pdf
30.4844_76.9319_2023-10-04_0815_N_VIIRS,CR_926,30.48437,76.93193,2023-10-04 13:41:53,2023-10-04 08:15:00,0.053,-5.45,N,Agricultural Burn,CREAMS,20.RiceResidueFireBulletin_04Oct_2023_ICAR.pdf
28.8130_79.7489_2023-10-08_2104_N_VIIRS,CR_1644,28.81295,79.74892,2023-10-09 02:38:16,2023-10-08 21:04:00,0.053,-5.57,N,Agricultural Burn,CREAMS,25.RiceResidueFireBulletin_09Oct_2023_ICAR.pdf
31.3706_74.8310_2023-10-09_0821_N_VIIRS,CR_1615,31.3706,74.83099,2023-10-09 13:47:33,2023-10-09 08:21:00,0.053,-5.44,N,Agricultural Burn,CREAMS,25.RiceResidueFireBulletin_09Oct_2023_ICAR.pdf
31.2404_76.0809_2023-10-04_0815_N_VIIRS,CR_875,31.2404,76.08089,2023-10-04 13:41:53,2023-10-04 08:15:00,0.053,-5.45,N,Agricultural Burn,CREAMS,20.RiceResidueFireBulletin_04Oct_2023_ICAR.pdf
29.6679_75.9190_2023-10-11_0743_N_VIIRS,CR_1873,29.66788,75.91904,2023-10-11 13:10:25,2023-10-11 07:43:00,0.053,-5.46,N,Agricultural Burn,CREAMS,27.RiceResidueFireBulletin_11Oct_2023_ICAR.pdf
31.9689_75.1319_2023-10-06_0738_N_VIIRS,CR_1202,31.96894,75.13187,2023-10-06 13:04:02,2023-10-06 07:38:00,0.053,-5.43,N,Agricultural Burn,CREAMS,22.RiceResidueFireBulletin_06Oct_2023_ICAR.pdf
30.4773_76.1392_2023-10-04_0815_N_VIIRS,CR_887,30.47733,76.13924,2023-10-04 13:41:53,2023-10-04 08:15:00,0.053,-5.45,N,Agricultural Burn,CREAMS,20.RiceResidueFireBulletin_04Oct_2023_ICAR.pdf
29.6105_75.7351_2023-10-11_0743_N_VIIRS,CR_1869,29.61053,75.73514,2023-10-11 13:10:25,2023-10-11 07:43:00,0.053,-5.46,N,Agricultural Burn,CREAMS,27.RiceResidueFireBulletin_11Oct_2023_ICAR.pdf
31.4310_75.1436_2023-10-06_0738_N_VIIRS,CR_1237,31.43098,75.14356,2023-10-06 13:04:02,2023-10-06 07:38:00,0.053,-5.43,N,Agricultural Burn,CREAMS,22.RiceResidueFireBulletin_06Oct_2023_ICAR.pdf
31.4319_75.1479_2023-10-06_0738_N_VIIRS,CR_1238,31.43188,75.14792,2023-10-06 13:04:02,2023-10-06 07:38:00,0.053,-5.43,N,Agricultural Burn,CREAMS,22.RiceResidueFireBulletin_06Oct_2023_ICAR.pdf
22.5771_75.5028_2023-10-04_2041_N_VIIRS,CR_1142,22.57712,75.50277,2023-10-05 02:12:58,2023-10-04 20:41:00,0.053,-5.53,N,Agricultural Burn,CREAMS,21.RiceResidueFireBulletin_05Oct_2023_ICAR.pdf
31.6181_75.2009_2023-10-01_0732_N_VIIRS,CR_426,31.6181,75.20087,2023-10-01 12:57:39,2023-10-01 07:32:00,0.053,-5.43,N,Agricultural Burn,CREAMS,17.RiceResidueFireBulletin_01Oct_2023_ICAR.pdf
31.3217_75.1974_2023-10-01_0731_N_VIIRS,CR_448,31.32169,75.19738,2023-10-01 12:57:39,2023-10-01 07:31:00,0.053,-5.44,N,Agricultural Burn,CREAMS,17.RiceResidueFireBulletin_01Oct_2023_ICAR.pdf
29.7375_76.6841_2023-10-01_0731_N_VIIRS,CR_479,29.73746,76.68414,2023-10-01 12:57:39,2023-10-01 07:31:00,0.053,-5.44,N,Agricultural Burn,CREAMS,17.RiceResidueFireBulletin_01Oct_2023_ICAR.pdf
23.6750_76.3015_2023-09-28_0826_N_VIIRS,CR_111,23.675,76.30148,2023-09-28 13:54:25,2023-09-28 08:26:00,0.053,-5.47,N,Agricultural Burn,CREAMS,14.RiceResidueFireBulletin_28Sep_2023_ICAR.pdf
31.8794_74.7009_2023-09-28_0828_N_VIIRS,CR_65,31.87937,74.7009,2023-09-28 13:54:25,2023-09-28 08:28:00,0.053,-5.44,N,Agricultural Burn,CREAMS,14.RiceResidueFireBulletin_28Sep_2023_ICAR.pdf
30.6693_74.6775_2023-10-06_0737_N_VIIRS,CR_1195,30.66928,74.67746,2023-10-06 13:04:02,2023-10-06 07:37:00,0.054,-5.45,N,Agricultural Burn,CREAMS,22.RiceResidueFireBulletin_06Oct_2023_ICAR.pdf
31.5309_75.0404_2023-10-01_0732_N_VIIRS,CR_377,31.53089,75.04035,2023-10-01 12:57:39,2023-10-01 07:32:00,0.054,-5.43,N,Agricultural Burn,CREAMS,17.RiceResidueFireBulletin_01Oct_2023_ICAR.pdf
31.3870_75.0582_2023-10-06_0738_N_VIIRS,CR_1233,31.38701,75.05824,2023-10-06 13:04:02,2023-10-06 07:38:00,0.054,-5.43,N,Agricultural Burn,CREAMS,22.RiceResidueFireBulletin_06Oct_2023_ICAR.pdf
31.3911_75.0571_2023-10-06_0738_N_VIIRS,CR_1235,31.39114,75.05709,2023-10-06 13:04:02,2023-10-06 07:38:00,0.054,-5.43,N,Agricultural Burn,CREAMS,22.RiceResidueFireBulletin_06Oct_2023_ICAR.pdf
31.6136_75.1798_2023-10-01_0732_N_VIIRS,CR_424,31.61357,75.17984,2023-10-01 12:57:39,2023-10-01 07:32:00,0.054,-5.43,N,Agricultural Burn,CREAMS,17.RiceResidueFireBulletin_01Oct_2023_ICAR.pdf
31.5317_75.1310_2023-10-01_0732_N_VIIRS,CR_412,31.53174,75.13103,2023-10-01 12:57:39,2023-10-01 07:32:00,0.054,-5.43,N,Agricultural Burn,CREAMS,17.RiceResidueFireBulletin_01Oct_2023_ICAR.pdf
31.3422_75.2052_2023-10-09_0821_N_VIIRS,CR_1584,31.34224,75.20516,2023-10-09 13:47:33,2023-10-09 08:21:00,0.054,-5.44,N,Agricultural Burn,CREAMS,25.RiceResidueFireBulletin_09Oct_2023_ICAR.pdf
31.4360_75.1468_2023-10-06_0738_N_VIIRS,CR_1240,31.43599,75.14678,2023-10-06 13:04:02,2023-10-06 07:38:00,0.054,-5.43,N,Agricultural Burn,CREAMS,22.RiceResidueFireBulletin_06Oct_2023_ICAR.pdf
30.0135_74.2563_2023-10-08_0840_N_VIIRS,CR_1389,30.01355,74.25632,2023-10-08 14:06:29,2023-10-08 08:40:00,0.054,-5.44,N,Agricultural Burn,CREAMS,24.RiceResidueFireBulletin_08Oct_2023_ICAR.pdf
31.4763_75.0892_2023-10-06_0738_N_VIIRS,CR_1241,31.47628,75.08923,2023-10-06 13:04:02,2023-10-06 07:38:00,0.054,-5.43,N,Agricultural Burn,CREAMS,22.RiceResidueFireBulletin_06Oct_2023_ICAR.pdf
31.4079_75.1403_2023-10-09_0821_N_VIIRS,CR_1611,31.40786,75.14033,2023-10-09 13:47:33,2023-10-09 08:21:00,0.054,-5.44,N,Agricultural Burn,CREAMS,25.RiceResidueFireBulletin_09Oct_2023_ICAR.pdf
31.6082_75.2428_2023-10-01_0732_N_VIIRS,CR_414,31.60824,75.24281,2023-10-01 12:57:39,2023-10-01 07:32:00,0.054,-5.43,N,Agricultural Burn,CREAMS,17.RiceResidueFireBulletin_01Oct_2023_ICAR.pdf
31.6024_75.1720_2023-10-01_0732_N_VIIRS,CR_422,31.60241,75.17197,2023-10-01 12:57:39,2023-10-01 07:32:00,0.054,-5.43,N,Agricultural Burn,CREAMS,17.RiceResidueFireBulletin_01Oct_2023_ICAR.pdf
28.1810_80.0304_2023-10-06_2002_N_VIIRS,CR_1345,28.18105,80.03042,2023-10-07 01:35:50,2023-10-06 20:02:00,0.054,-5.56,N,Agricultural Burn,CREAMS,23.RiceResidueFireBulletin_07Oct_2023_ICAR.pdf
31.5475_75.1377_2023-10-01_0732_N_VIIRS,CR_413,31.54748,75.13766,2023-10-01 12:57:39,2023-10-01 07:32:00,0.054,-5.43,N,Agricultural Burn,CREAMS,17.RiceResidueFireBulletin_01Oct_2023_ICAR.pdf
31.4351_75.1424_2023-10-06_0738_N_VIIRS,CR_1239,31.43509,75.14242,2023-10-06 13:04:02,2023-10-06 07:38:00,0.055,-5.43,N,Agricultural Burn,CREAMS,22.RiceResidueFireBulletin_06Oct_2023_ICAR.pdf
22.7571_75.9937_2023-10-11_0741_N_VIIRS,CR_1978,22.75706,75.99365,2023-10-11 13:10:25,2023-10-11 07:41:00,0.055,-5.49,N,Agricultural Burn,CREAMS,27.RiceResidueFireBulletin_11Oct_2023_ICAR.pdf
30.8053_74.4732_2023-10-03_0834_N_VIIRS,CR_734,30.80532,74.47325,2023-10-03 14:00:48,2023-10-03 08:34:00,0.055,-5.45,N,Agricultural Burn,CREAMS,19.RiceResidueFireBulletin_03Oct_2023_ICAR.pdf
31.3907_75.0563_2023-10-06_0738_N_VIIRS,CR_1234,31.39072,75.05629,2023-10-06 13:04:02,2023-10-06 07:38:00,0.055,-5.43,N,Agricultural Burn,CREAMS,22.RiceResidueFireBulletin_06Oct_2023_ICAR.pdf
29.6853_75.5089_2023-10-11_0743_N_VIIRS,CR_1871,29.68532,75.50888,2023-10-11 13:10:25,2023-10-11 07:43:00,0.055,-5.46,N,Agricultural Burn,CREAMS,27.RiceResidueFireBulletin_11Oct_2023_ICAR.pdf
31.8154_75.0425_2023-09-28_0828_N_VIIRS,CR_91,31.81537,75.04248,2023-09-28 13:54:25,2023-09-28 08:28:00,0.055,-5.44,N,Agricultural Burn,CREAMS,14.RiceResidueFireBulletin_28Sep_2023_ICAR.pdf
31.5463_75.1324_2023-10-01_0732_N_VIIRS,CR_379,31.54631,75.13237,2023-10-01 12:57:39,2023-10-01 07:32:00,0.055,-5.43,N,Agricultural Burn,CREAMS,17.RiceResidueFireBulletin_01Oct_2023_ICAR.pdf
29.9811_77.0834_2023-09-30_0750_N_VIIRS,CR_307,29.98112,77.08345,2023-09-30 13:16:35,2023-09-30 07:50:00,0.055,-5.44,N,Agricultural Burn,CREAMS,16.RiceResidueFireBulletin_30Sep_2023_ICAR.pdf
31.5231_75.0484_2023-10-01_0732_N_VIIRS,CR_476,31.52308,75.04839,2023-10-01 12:57:39,2023-10-01 07:32:00,0.055,-5.43,N,Agricultural Burn,CREAMS,17.RiceResidueFireBulletin_01Oct_2023_ICAR.pdf
31.4550_74.8718_2023-10-01_0732_N_VIIRS,CR_474,31.45499,74.87184,2023-10-01 12:57:39,2023-10-01 07:32:00,0.055,-5.43,N,Agricultural Burn,CREAMS,17.RiceResidueFireBulletin_01Oct_2023_ICAR.pdf
29.6699_75.1988_2023-10-11_0743_N_VIIRS,CR_1849,29.66988,75.19881,2023-10-11 13:10:25,2023-10-11 07:43:00,0.055,-5.46,N,Agricultural Burn,CREAMS,27.RiceResidueFireBulletin_11Oct_2023_ICAR.pdf
30.3046_76.9321_2023-10-06_0737_N_VIIRS,CR_1250,30.30464,76.93214,2023-10-06 13:04:02,2023-10-06 07:37:00,0.055,-5.45,N,Agricultural Burn,CREAMS,22.RiceResidueFireBulletin_06Oct_2023_ICAR.pdf
28.2439_80.1746_2023-10-09_2046_N_VIIRS,CR_1761,28.24387,80.17456,2023-10-10 02:19:21,2023-10-09 20:46:00,0.055,-5.56,N,Agricultural Burn,CREAMS,26.RiceResidueFireBulletin_10Oct_2023_ICAR.pdf
30.2666_76.1731_2023-10-03_0834_N_VIIRS,CR_760,30.26665,76.17314,2023-10-03 14:00:48,2023-10-03 08:34:00,0.056,-5.45,N,Agricultural Burn,CREAMS,19.RiceResidueFireBulletin_03Oct_2023_ICAR.pdf
30.2659_76.3233_2023-10-03_0834_N_VIIRS,CR_751,30.26585,76.3233,2023-10-03 14:00:48,2023-10-03 08:34:00,0.056,-5.45,N,Agricultural Burn,CREAMS,19.RiceResidueFireBulletin_03Oct_2023_ICAR.pdf
30.2619_76.1737_2023-10-03_0834_N_VIIRS,CR_758,30.26188,76.17368,2023-10-03 14:00:48,2023-10-03 08:34:00,0.056,-5.45,N,Agricultural Burn,CREAMS,19.RiceResidueFireBulletin_03Oct_2023_ICAR.pdf
30.2748_76.2619_2023-10-03_0834_N_VIIRS,CR_753,30.27483,76.26191,2023-10-03 14:00:48,2023-10-03 08:34:00,0.056,-5.45,N,Agricultural Burn,CREAMS,19.RiceResidueFireBulletin_03Oct_2023_ICAR.pdf
29.9379_76.0037_2023-10-06_0737_N_VIIRS,CR_1213,29.93788,76.00368,2023-10-06 13:04:02,2023-10-06 07:37:00,0.056,-5.45,N,Agricultural Burn,CREAMS,22.RiceResidueFireBulletin_06Oct_2023_ICAR.pdf
29.9741_76.9206_2023-09-29_0809_N_VIIRS,CR_186,29.97406,76.92062,2023-09-29 13:35:30,2023-09-29 08:09:00,0.056,-5.44,N,Agricultural Burn,CREAMS,15.RiceResidueFireBulletin_29Sep_2023_ICAR.pdf
30.3250_76.1902_2023-10-06_0737_N_VIIRS,CR_1211,30.32496,76.19016,2023-10-06 13:04:02,2023-10-06 07:37:00,0.056,-5.45,N,Agricultural Burn,CREAMS,22.RiceResidueFireBulletin_06Oct_2023_ICAR.pdf
29.1992_76.0741_2023-10-08_0840_N_VIIRS,CR_1479,29.19921,76.0741,2023-10-08 14:06:29,2023-10-08 08:40:00,0.056,-5.44,N,Agricultural Burn,CREAMS,24.RiceResidueFireBulletin_08Oct_2023_ICAR.pdf
31.8546_75.0487_2023-10-06_0738_N_VIIRS,CR_1203,31.85456,75.04866,2023-10-06 13:04:02,2023-10-06 07:38:00,0.056,-5.43,N,Agricultural Burn,CREAMS,22.RiceResidueFireBulletin_06Oct_2023_ICAR.pdf
31.5430_75.0081_2023-10-01_0732_N_VIIRS,CR_378,31.54296,75.00809,2023-10-01 12:57:39,2023-10-01 07:32:00,0.056,-5.43,N,Agricultural Burn,CREAMS,17.RiceResidueFireBulletin_01Oct_2023_ICAR.pdf
29.6347_75.4753_2023-10-11_0743_N_VIIRS,CR_1870,29.63468,75.47532,2023-10-11 13:10:25,2023-10-11 07:43:00,0.056,-5.46,N,Agricultural Burn,CREAMS,27.RiceResidueFireBulletin_11Oct_2023_ICAR.pdf
22.8878_76.3114_2023-10-11_0741_N_VIIRS,CR_1969,22.88775,76.31138,2023-10-11 13:10:25,2023-10-11 07:41:00,0.056,-5.49,N,Agricultural Burn,CREAMS,27.RiceResidueFireBulletin_11Oct_2023_ICAR.pdf
31.3916_75.0607_2023-10-06_0738_N_VIIRS,CR_1236,31.39161,75.06071,2023-10-06 13:04:02,2023-10-06 07:38:00,0.056,-5.43,N,Agricultural Burn,CREAMS,22.RiceResidueFireBulletin_06Oct_2023_ICAR.pdf
31.5364_74.8239_2023-10-01_0732_N_VIIRS,CR_461,31.53644,74.82391,2023-10-01 12:57:39,2023-10-01 07:32:00,0.056,-5.43,N,Agricultural Burn,CREAMS,17.RiceResidueFireBulletin_01Oct_2023_ICAR.pdf
31.9291_74.7520_2023-10-06_0738_N_VIIRS,CR_1154,31.92905,74.75198,2023-10-06 13:04:02,2023-10-06 07:38:00,0.056,-5.43,N,Agricultural Burn,CREAMS,22.RiceResidueFireBulletin_06Oct_2023_ICAR.pdf
31.8667_74.6447_2023-10-06_0738_N_VIIRS,CR_1161,31.86674,74.64468,2023-10-06 13:04:02,2023-10-06 07:38:00,0.056,-5.43,N,Agricultural Burn,CREAMS,22.RiceResidueFireBulletin_06Oct_2023_ICAR.pdf
31.4562_74.8773_2023-10-01_0732_N_VIIRS,CR_475,31.45622,74.87734,2023-10-01 12:57:39,2023-10-01 07:32:00,0.056,-5.43,N,Agricultural Burn,CREAMS,17.RiceResidueFireBulletin_01Oct_2023_ICAR.pdf
31.7410_74.9324_2023-10-07_0719_N_VIIRS,CR_1305,31.74101,74.9324,2023-10-07 12:45:07,2023-10-07 07:19:00,0.056,-5.44,N,Agricultural Burn,CREAMS,23.RiceResidueFireBulletin_07Oct_2023_ICAR.pdf
31.7993_75.0488_2023-10-07_0719_N_VIIRS,CR_1307,31.79927,75.0488,2023-10-07 12:45:07,2023-10-07 07:19:00,0.056,-5.44,N,Agricultural Burn,CREAMS,23.RiceResidueFireBulletin_07Oct_2023_ICAR.pdf
31.8074_74.6879_2023-10-03_0834_N_VIIRS,CR_689,31.80745,74.68794,2023-10-03 14:00:48,2023-10-03 08:34:00,0.057,-5.45,N,Agricultural Burn,CREAMS,19.RiceResidueFireBulletin_03Oct_2023_ICAR.pdf
28.9794_77.7717_2023-10-04_0815_N_VIIRS,CR_952,28.97936,77.77166,2023-10-04 13:41:53,2023-10-04 08:15:00,0.057,-5.45,N,Agricultural Burn,CREAMS,20.RiceResidueFireBulletin_04Oct_2023_ICAR.pdf
31.8001_74.6121_2023-10-03_0834_N_VIIRS,CR_685,31.80006,74.61208,2023-10-03 14:00:48,2023-10-03 08:34:00,0.057,-5.45,N,Agricultural Burn,CREAMS,19.RiceResidueFireBulletin_03Oct_2023_ICAR.pdf
31.8109_74.6772_2023-10-03_0834_N_VIIRS,CR_690,31.8109,74.67721,2023-10-03 14:00:48,2023-10-03 08:34:00,0.057,-5.45,N,Agricultural Burn,CREAMS,19.RiceResidueFireBulletin_03Oct_2023_ICAR.pdf
30.6091_76.8188_2023-10-04_0815_N_VIIRS,CR_896,30.6091,76.81883,2023-10-04 13:41:53,2023-10-04 08:15:00,0.057,-5.45,N,Agricultural Burn,CREAMS,20.RiceResidueFireBulletin_04Oct_2023_ICAR.pdf
30.3397_77.0175_2023-10-07_0718_N_VIIRS,CR_1330,30.33975,77.01749,2023-10-07 12:45:07,2023-10-07 07:18:00,0.057,-5.45,N,Agricultural Burn,CREAMS,23.RiceResidueFireBulletin_07Oct_2023_ICAR.pdf
29.9887_77.0052_2023-09-29_0809_N_VIIRS,CR_185,29.98873,77.00522,2023-09-29 13:35:30,2023-09-29 08:09:00,0.057,-5.44,N,Agricultural Burn,CREAMS,15.RiceResidueFireBulletin_29Sep_2023_ICAR.pdf
30.2950_76.0413_2023-10-06_0737_N_VIIRS,CR_1222,30.295,76.0413,2023-10-06 13:04:02,2023-10-06 07:37:00,0.057,-5.45,N,Agricultural Burn,CREAMS,22.RiceResidueFireBulletin_06Oct_2023_ICAR.pdf
31.5410_74.8225_2023-10-01_0732_N_VIIRS,CR_358,31.54098,74.82254,2023-10-01 12:57:39,2023-10-01 07:32:00,0.057,-5.43,N,Agricultural Burn,CREAMS,17.RiceResidueFireBulletin_01Oct_2023_ICAR.pdf
31.3932_74.6437_2023-10-06_0738_N_VIIRS,CR_1230,31.39318,74.64369,2023-10-06 13:04:02,2023-10-06 07:38:00,0.057,-5.43,N,Agricultural Burn,CREAMS,22.RiceResidueFireBulletin_06Oct_2023_ICAR.pdf
29.9979_76.0486_2023-10-06_0737_N_VIIRS,CR_1215,29.99787,76.04855,2023-10-06 13:04:02,2023-10-06 07:37:00,0.057,-5.45,N,Agricultural Burn,CREAMS,22.RiceResidueFireBulletin_06Oct_2023_ICAR.pdf
30.5740_76.6863_2023-10-04_0815_N_VIIRS,CR_891,30.57403,76.68633,2023-10-04 13:41:53,2023-10-04 08:15:00,0.057,-5.45,N,Agricultural Burn,CREAMS,20.RiceResidueFireBulletin_04Oct_2023_ICAR.pdf
31.4988_74.6247_2023-10-03_0834_N_VIIRS,CR_764,31.49878,74.62466,2023-10-03 14:00:48,2023-10-03 08:34:00,0.057,-5.45,N,Agricultural Burn,CREAMS,19.RiceResidueFireBulletin_03Oct_2023_ICAR.pdf
28.7164_77.5885_2023-10-01_0731_N_VIIRS,CR_503,28.71637,77.58855,2023-10-01 12:57:39,2023-10-01 07:31:00,0.057,-5.44,N,Agricultural Burn,CREAMS,17.RiceResidueFireBulletin_01Oct_2023_ICAR.pdf
27.8724_79.8397_2023-10-11_2008_N_VIIRS,CR_2006,27.87242,79.83968,2023-10-12 01:41:30,2023-10-11 20:08:00,0.058,-5.56,N,Agricultural Burn,CREAMS,28.RiceResidueFireBulletin_12Oct_2023_ICAR.pdf
23.2540_75.3312_2023-10-03_0832_N_VIIRS,CR_820,23.25398,75.33125,2023-10-03 14:00:48,2023-10-03 08:32:00,0.058,-5.48,N,Agricultural Burn,CREAMS,19.RiceResidueFireBulletin_03Oct_2023_ICAR.pdf
29.9752_76.0199_2023-10-06_0737_N_VIIRS,CR_1223,29.97516,76.01994,2023-10-06 13:04:02,2023-10-06 07:37:00,0.058,-5.45,N,Agricultural Burn,CREAMS,22.RiceResidueFireBulletin_06Oct_2023_ICAR.pdf
31.8025_74.6834_2023-10-03_0834_N_VIIRS,CR_688,31.80251,74.68342,2023-10-03 14:00:48,2023-10-03 08:34:00,0.058,-5.45,N,Agricultural Burn,CREAMS,19.RiceResidueFireBulletin_03Oct_2023_ICAR.pdf
31.5766_74.7369_2023-10-03_0834_N_VIIRS,CR_683,31.57658,74.73695,2023-10-03 14:00:48,2023-10-03 08:34:00,0.058,-5.45,N,Agricultural Burn,CREAMS,19.RiceResidueFireBulletin_03Oct_2023_ICAR.pdf
24.2855_78.1216_2023-09-25_0742_N_VIIRS,CR_28,24.28554,78.12164,2023-09-25 13:10:54,2023-09-25 07:42:00,0.058,-5.48,N,Agricultural Burn,CREAMS,11.RiceResidueFireBulletin_25Sep_2023_ICAR.pdf
29.2527_76.7266_2023-10-09_0821_N_VIIRS,CR_1635,29.25275,76.72659,2023-10-09 13:47:33,2023-10-09 08:21:00,0.058,-5.44,N,Agricultural Burn,CREAMS,25.RiceResidueFireBulletin_09Oct_2023_ICAR.pdf
31.7369_75.0716_2023-10-06_0738_N_VIIRS,CR_1167,31.73689,75.07156,2023-10-06 13:04:02,2023-10-06 07:38:00,0.059,-5.43,N,Agricultural Burn,CREAMS,22.RiceResidueFireBulletin_06Oct_2023_ICAR.pdf
31.5908_74.8386_2023-10-03_0834_N_VIIRS,CR_684,31.59083,74.83863,2023-10-03 14:00:48,2023-10-03 08:34:00,0.059,-5.45,N,Agricultural Burn,CREAMS,19.RiceResidueFireBulletin_03Oct_2023_ICAR.pdf
28.9833_77.7711_2023-10-04_0815_N_VIIRS,CR_953,28.98325,77.7711,2023-10-04 13:41:53,2023-10-04 08:15:00,0.059,-5.45,N,Agricultural Burn,CREAMS,20.RiceResidueFireBulletin_04Oct_2023_ICAR.pdf
29.9579_75.6789_2023-10-06_0737_N_VIIRS,CR_1225,29.95785,75.67886,2023-10-06 13:04:02,2023-10-06 07:37:00,0.059,-5.45,N,Agricultural Burn,CREAMS,22.RiceResidueFireBulletin_06Oct_2023_ICAR.pdf
31.6277_75.0346_2023-10-03_0834_N_VIIRS,CR_697,31.62772,75.03465,2023-10-03 14:00:48,2023-10-03 08:34:00,0.059,-5.45,N,Agricultural Burn,CREAMS,19.RiceResidueFireBulletin_03Oct_2023_ICAR.pdf
29.9587_75.6831_2023-10-06_0737_N_VIIRS,CR_1226,29.95871,75.68314,2023-10-06 13:04:02,2023-10-06 07:37:00,0.059,-5.45,N,Agricultural Burn,CREAMS,22.RiceResidueFireBulletin_06Oct_2023_ICAR.pdf
31.7991_74.6941_2023-10-03_0834_N_VIIRS,CR_687,31.79905,74.69415,2023-10-03 14:00:48,2023-10-03 08:34:00,0.059,-5.45,N,Agricultural Burn,CREAMS,19.RiceResidueFireBulletin_03Oct_2023_ICAR.pdf
31.4990_74.6223_2023-10-03_0834_N_VIIRS,CR_765,31.49902,74.62228,2023-10-03 14:00:48,2023-10-03 08:34:00,0.059,-5.45,N,Agricultural Burn,CREAMS,19.RiceResidueFireBulletin_03Oct_2023_ICAR.pdf
31.3884_75.0964_2023-10-08_0840_N_VIIRS,CR_1443,31.38844,75.09641,2023-10-08 14:06:29,2023-10-08 08:40:00,0.059,-5.44,N,Agricultural Burn,CREAMS,24.RiceResidueFireBulletin_08Oct_2023_ICAR.pdf
24.7654_74.6094_2023-10-09_2047_N_VIIRS,CR_1777,24.76536,74.60944,2023-10-10 02:19:21,2023-10-09 20:47:00,0.059,-5.54,N,Agricultural Burn,CREAMS,26.RiceResidueFireBulletin_10Oct_2023_ICAR.pdf
25.4624_76.4635_2023-10-08_0839_N_VIIRS,CR_1546,25.46238,76.46349,2023-10-08 14:06:29,2023-10-08 08:39:00,0.059,-5.46,N,Agricultural Burn,CREAMS,24.RiceResidueFireBulletin_08Oct_2023_ICAR.pdf
31.8383_74.8664_2023-10-03_0834_N_VIIRS,CR_682,31.83829,74.86636,2023-10-03 14:00:48,2023-10-03 08:34:00,0.059,-5.45,N,Agricultural Burn,CREAMS,19.RiceResidueFireBulletin_03Oct_2023_ICAR.pdf
31.6582_75.1860_2023-10-01_0732_N_VIIRS,CR_430,31.6582,75.186,2023-10-01 12:57:39,2023-10-01 07:32:00,0.059,-5.43,N,Agricultural Burn,CREAMS,17.RiceResidueFireBulletin_01Oct_2023_ICAR.pdf
31.6267_75.1506_2023-10-01_0732_N_VIIRS,CR_427,31.6267,75.15057,2023-10-01 12:57:39,2023-10-01 07:32:00,0.059,-5.43,N,Agricultural Burn,CREAMS,17.RiceResidueFireBulletin_01Oct_2023_ICAR.pdf
29.7564_75.9024_2023-09-29_0809_N_VIIRS,CR_175,29.75641,75.90236,2023-09-29 13:35:30,2023-09-29 08:09:00,0.059,-5.44,N,Agricultural Burn,CREAMS,15.RiceResidueFireBulletin_29Sep_2023_ICAR.pdf
31.7388_74.9210_2023-10-03_0834_N_VIIRS,CR_706,31.73876,74.92104,2023-10-03 14:00:48,2023-10-03 08:34:00,0.06,-5.45,N,Agricultural Burn,CREAMS,19.RiceResidueFireBulletin_03Oct_2023_ICAR.pdf
31.7380_74.9636_2023-10-03_0834_N_VIIRS,CR_705,31.73802,74.96364,2023-10-03 14:00:48,2023-10-03 08:34:00,0.06,-5.45,N,Agricultural Burn,CREAMS,19.RiceResidueFireBulletin_03Oct_2023_ICAR.pdf
30.1902_76.2992_2023-10-06_0737_N_VIIRS,CR_1217,30.1902,76.29923,2023-10-06 13:04:02,2023-10-06 07:37:00,0.06,-5.45,N,Agricultural Burn,CREAMS,22.RiceResidueFireBulletin_06Oct_2023_ICAR.pdf
31.2105_75.1654_2023-10-03_0834_N_VIIRS,CR_740,31.21054,75.16542,2023-10-03 14:00:48,2023-10-03 08:34:00,0.06,-5.45,N,Agricultural Burn,CREAMS,19.RiceResidueFireBulletin_03Oct_2023_ICAR.pdf
27.8395_78.1826_2023-10-02_0712_N_VIIRS,CR_673,27.83947,78.18255,2023-10-02 12:39:27,2023-10-02 07:12:00,0.06,-5.46,N,Agricultural Burn,CREAMS,18.RiceResidueFireBulletin_02Oct_2023_ICAR.pdf
25.0185_76.9662_2023-10-01_0730_N_VIIRS,CR_520,25.01848,76.96623,2023-10-01 12:57:39,2023-10-01 07:30:00,0.06,-5.46,N,Agricultural Burn,CREAMS,17.RiceResidueFireBulletin_01Oct_2023_ICAR.pdf
31.4823_74.8652_2023-10-03_0834_N_VIIRS,CR_785,31.48226,74.86518,2023-10-03 14:00:48,2023-10-03 08:34:00,0.06,-5.45,N,Agricultural Burn,CREAMS,19.RiceResidueFireBulletin_03Oct_2023_ICAR.pdf
31.4295_74.8822_2023-10-03_0834_N_VIIRS,CR_784,31.42954,74.8822,2023-10-03 14:00:48,2023-10-03 08:34:00,0.06,-5.45,N,Agricultural Burn,CREAMS,19.RiceResidueFireBulletin_03Oct_2023_ICAR.pdf
31.6389_75.2422_2023-10-06_0738_N_VIIRS,CR_1177,31.63891,75.24223,2023-10-06 13:04:02,2023-10-06 07:38:00,0.06,-5.43,N,Agricultural Burn,CREAMS,22.RiceResidueFireBulletin_06Oct_2023_ICAR.pdf
31.5270_75.1179_2023-10-06_0738_N_VIIRS,CR_1175,31.52702,75.11785,2023-10-06 13:04:02,2023-10-06 07:38:00,0.06,-5.43,N,Agricultural Burn,CREAMS,22.RiceResidueFireBulletin_06Oct_2023_ICAR.pdf
31.7855_74.9276_2023-10-06_0738_N_VIIRS,CR_1169,31.78546,74.92764,2023-10-06 13:04:02,2023-10-06 07:38:00,0.06,-5.43,N,Agricultural Burn,CREAMS,22.RiceResidueFireBulletin_06Oct_2023_ICAR.pdf
31.7775_75.0371_2023-10-06_0738_N_VIIRS,CR_1168,31.77747,75.0371,2023-10-06 13:04:02,2023-10-06 07:38:00,0.06,-5.43,N,Agricultural Burn,CREAMS,22.RiceResidueFireBulletin_06Oct_2023_ICAR.pdf
31.7240_74.9262_2023-10-06_0738_N_VIIRS,CR_1166,31.724,74.92623,2023-10-06 13:04:02,2023-10-06 07:38:00,0.06,-5.43,N,Agricultural Burn,CREAMS,22.RiceResidueFireBulletin_06Oct_2023_ICAR.pdf
31.7199_74.9274_2023-10-06_0738_N_VIIRS,CR_1165,31.71988,74.92739,2023-10-06 13:04:02,2023-10-06 07:38:00,0.06,-5.43,N,Agricultural Burn,CREAMS,22.RiceResidueFireBulletin_06Oct_2023_ICAR.pdf
31.6851_75.1859_2023-10-06_0738_N_VIIRS,CR_1181,31.68513,75.18586,2023-10-06 13:04:02,2023-10-06 07:38:00,0.06,-5.43,N,Agricultural Burn,CREAMS,22.RiceResidueFireBulletin_06Oct_2023_ICAR.pdf
31.6398_75.2465_2023-10-06_0738_N_VIIRS,CR_1178,31.63978,75.24653,2023-10-06 13:04:02,2023-10-06 07:38:00,0.06,-5.43,N,Agricultural Burn,CREAMS,22.RiceResidueFireBulletin_06Oct_2023_ICAR.pdf
31.6411_75.2435_2023-10-06_0738_N_VIIRS,CR_1179,31.64108,75.24352,2023-10-06 13:04:02,2023-10-06 07:38:00,0.06,-5.43,N,Agricultural Burn,CREAMS,22.RiceResidueFireBulletin_06Oct_2023_ICAR.pdf
31.0468_75.3049_2023-10-06_0738_N_VIIRS,CR_1205,31.04677,75.30487,2023-10-06 13:04:02,2023-10-06 07:38:00,0.06,-5.43,N,Agricultural Burn,CREAMS,22.RiceResidueFireBulletin_06Oct_2023_ICAR.pdf
31.6035_75.1742_2023-10-01_0732_N_VIIRS,CR_423,31.60348,75.17424,2023-10-01 12:57:39,2023-10-01 07:32:00,0.06,-5.43,N,Agricultural Burn,CREAMS,17.RiceResidueFireBulletin_01Oct_2023_ICAR.pdf
31.7180_75.1346_2023-10-01_0732_N_VIIRS,CR_434,31.71804,75.13461,2023-10-01 12:57:39,2023-10-01 07:32:00,0.06,-5.43,N,Agricultural Burn,CREAMS,17.RiceResidueFireBulletin_01Oct_2023_ICAR.pdf
31.6194_75.2031_2023-10-01_0732_N_VIIRS,CR_415,31.61937,75.20307,2023-10-01 12:57:39,2023-10-01 07:32:00,0.06,-5.43,N,Agricultural Burn,CREAMS,17.RiceResidueFireBulletin_01Oct_2023_ICAR.pdf
30.8210_74.3428_2023-10-08_0840_N_VIIRS,CR_1392,30.82102,74.34278,2023-10-08 14:06:29,2023-10-08 08:40:00,0.061,-5.44,N,Agricultural Burn,CREAMS,24.RiceResidueFireBulletin_08Oct_2023_ICAR.pdf
30.2547_76.8204_2023-10-03_0834_N_VIIRS,CR_787,30.25473,76.8204,2023-10-03 14:00:48,2023-10-03 08:34:00,0.061,-5.45,N,Agricultural Burn,CREAMS,19.RiceResidueFireBulletin_03Oct_2023_ICAR.pdf
31.7286_74.9061_2023-10-06_0738_N_VIIRS,CR_1192,31.72857,74.90613,2023-10-06 13:04:02,2023-10-06 07:38:00,0.061,-5.43,N,Agricultural Burn,CREAMS,22.RiceResidueFireBulletin_06Oct_2023_ICAR.pdf
31.6623_74.8205_2023-10-06_0738_N_VIIRS,CR_1190,31.66225,74.8205,2023-10-06 13:04:02,2023-10-06 07:38:00,0.061,-5.43,N,Agricultural Burn,CREAMS,22.RiceResidueFireBulletin_06Oct_2023_ICAR.pdf
31.4849_75.0868_2023-10-03_0834_N_VIIRS,CR_773,31.48487,75.08679,2023-10-03 14:00:48,2023-10-03 08:34:00,0.061,-5.45,N,Agricultural Burn,CREAMS,19.RiceResidueFireBulletin_03Oct_2023_ICAR.pdf
31.4672_75.0943_2023-10-03_0834_N_VIIRS,CR_772,31.46722,75.09431,2023-10-03 14:00:48,2023-10-03 08:34:00,0.061,-5.45,N,Agricultural Burn,CREAMS,19.RiceResidueFireBulletin_03Oct_2023_ICAR.pdf
31.5111_75.0729_2023-10-03_0834_N_VIIRS,CR_775,31.51107,75.07286,2023-10-03 14:00:48,2023-10-03 08:34:00,0.061,-5.45,N,Agricultural Burn,CREAMS,19.RiceResidueFireBulletin_03Oct_2023_ICAR.pdf
28.7737_76.9481_2023-10-05_2021_N_VIIRS,CR_1253,28.77372,76.94808,2023-10-06 01:54:45,2023-10-05 20:21:00,0.061,-5.56,N,Agricultural Burn,CREAMS,22.RiceResidueFireBulletin_06Oct_2023_ICAR.pdf
31.6277_75.0257_2023-10-01_0732_N_VIIRS,CR_381,31.62771,75.02573,2023-10-01 12:57:39,2023-10-01 07:32:00,0.061,-5.43,N,Agricultural Burn,CREAMS,17.RiceResidueFireBulletin_01Oct_2023_ICAR.pdf
31.6880_75.1577_2023-10-06_0738_N_VIIRS,CR_1182,31.68797,75.15769,2023-10-06 13:04:02,2023-10-06 07:38:00,0.061,-5.43,N,Agricultural Burn,CREAMS,22.RiceResidueFireBulletin_06Oct_2023_ICAR.pdf
31.7293_74.8254_2023-10-06_0738_N_VIIRS,CR_1162,31.72931,74.82537,2023-10-06 13:04:02,2023-10-06 07:38:00,0.061,-5.43,N,Agricultural Burn,CREAMS,22.RiceResidueFireBulletin_06Oct_2023_ICAR.pdf
31.6936_74.9944_2023-10-06_0738_N_VIIRS,CR_1164,31.69358,74.99442,2023-10-06 13:04:02,2023-10-06 07:38:00,0.061,-5.43,N,Agricultural Burn,CREAMS,22.RiceResidueFireBulletin_06Oct_2023_ICAR.pdf
31.6147_75.1821_2023-10-01_0732_N_VIIRS,CR_425,31.61472,75.18211,2023-10-01 12:57:39,2023-10-01 07:32:00,0.061,-5.43,N,Agricultural Burn,CREAMS,17.RiceResidueFireBulletin_01Oct_2023_ICAR.pdf
31.6544_75.1255_2023-10-01_0732_N_VIIRS,CR_428,31.65441,75.12549,2023-10-01 12:57:39,2023-10-01 07:32:00,0.061,-5.43,N,Agricultural Burn,CREAMS,17.RiceResidueFireBulletin_01Oct_2023_ICAR.pdf
29.0649_77.1234_2023-10-01_0731_N_VIIRS,CR_490,29.06494,77.12337,2023-10-01 12:57:39,2023-10-01 07:31:00,0.061,-5.44,N,Agricultural Burn,CREAMS,17.RiceResidueFireBulletin_01Oct_2023_ICAR.pdf
29.0181_76.9257_2023-10-01_0731_N_VIIRS,CR_492,29.01812,76.92574,2023-10-01 12:57:39,2023-10-01 07:31:00,0.061,-5.44,N,Agricultural Burn,CREAMS,17.RiceResidueFireBulletin_01Oct_2023_ICAR.pdf
31.5580_75.1415_2023-10-06_0738_N_VIIRS,CR_1176,31.55795,75.14151,2023-10-06 13:04:02,2023-10-06 07:38:00,0.061,-5.43,N,Agricultural Burn,CREAMS,22.RiceResidueFireBulletin_06Oct_2023_ICAR.pdf
31.6778_75.1241_2023-10-01_0732_N_VIIRS,CR_432,31.67785,75.12413,2023-10-01 12:57:39,2023-10-01 07:32:00,0.061,-5.43,N,Agricultural Burn,CREAMS,17.RiceResidueFireBulletin_01Oct_2023_ICAR.pdf
31.6767_75.1189_2023-10-01_0732_N_VIIRS,CR_431,31.6767,75.11886,2023-10-01 12:57:39,2023-10-01 07:32:00,0.061,-5.43,N,Agricultural Burn,CREAMS,17.RiceResidueFireBulletin_01Oct_2023_ICAR.pdf
31.6420_75.2478_2023-10-06_0738_N_VIIRS,CR_1180,31.64198,75.2478,2023-10-06 13:04:02,2023-10-06 07:38:00,0.061,-5.43,N,Agricultural Burn,CREAMS,22.RiceResidueFireBulletin_06Oct_2023_ICAR.pdf
31.6808_75.0724_2023-10-01_0732_N_VIIRS,CR_433,31.68085,75.0724,2023-10-01 12:57:39,2023-10-01 07:32:00,0.061,-5.43,N,Agricultural Burn,CREAMS,17.RiceResidueFireBulletin_01Oct_2023_ICAR.pdf
25.3971_76.4770_2023-10-08_0839_N_VIIRS,CR_1541,25.39708,76.47696,2023-10-08 14:06:29,2023-10-08 08:39:00,0.061,-5.46,N,Agricultural Burn,CREAMS,24.RiceResidueFireBulletin_08Oct_2023_ICAR.pdf
31.4632_74.8345_2023-10-06_0738_N_VIIRS,CR_1242,31.46321,74.83453,2023-10-06 13:04:02,2023-10-06 07:38:00,0.061,-5.43,N,Agricultural Burn,CREAMS,22.RiceResidueFireBulletin_06Oct_2023_ICAR.pdf
31.5068_74.9791_2023-10-06_0738_N_VIIRS,CR_1243,31.50678,74.97907,2023-10-06 13:04:02,2023-10-06 07:38:00,0.061,-5.43,N,Agricultural Burn,CREAMS,22.RiceResidueFireBulletin_06Oct_2023_ICAR.pdf
31.5414_75.1966_2023-10-03_0834_N_VIIRS,CR_714,31.54138,75.1966,2023-10-03 14:00:48,2023-10-03 08:34:00,0.061,-5.45,N,Agricultural Burn,CREAMS,19.RiceResidueFireBulletin_03Oct_2023_ICAR.pdf
31.5903_75.1254_2023-10-03_0834_N_VIIRS,CR_716,31.59029,75.12537,2023-10-03 14:00:48,2023-10-03 08:34:00,0.061,-5.45,N,Agricultural Burn,CREAMS,19.RiceResidueFireBulletin_03Oct_2023_ICAR.pdf
31.6053_75.1888_2023-10-03_0834_N_VIIRS,CR_718,31.60533,75.1888,2023-10-03 14:00:48,2023-10-03 08:34:00,0.061,-5.45,N,Agricultural Burn,CREAMS,19.RiceResidueFireBulletin_03Oct_2023_ICAR.pdf
31.6015_75.0970_2023-10-03_0834_N_VIIRS,CR_717,31.60147,75.09698,2023-10-03 14:00:48,2023-10-03 08:34:00,0.061,-5.45,N,Agricultural Burn,CREAMS,19.RiceResidueFireBulletin_03Oct_2023_ICAR.pdf
31.6060_75.0964_2023-10-03_0834_N_VIIRS,CR_719,31.60601,75.09643,2023-10-03 14:00:48,2023-10-03 08:34:00,0.061,-5.45,N,Agricultural Burn,CREAMS,19.RiceResidueFireBulletin_03Oct_2023_ICAR.pdf
31.6388_75.1520_2023-10-03_0834_N_VIIRS,CR_720,31.63883,75.15201,2023-10-03 14:00:48,2023-10-03 08:34:00,0.061,-5.45,N,Agricultural Burn,CREAMS,19.RiceResidueFireBulletin_03Oct_2023_ICAR.pdf
31.6393_75.1086_2023-10-03_0834_N_VIIRS,CR_721,31.63933,75.10857,2023-10-03 14:00:48,2023-10-03 08:34:00,0.061,-5.45,N,Agricultural Burn,CREAMS,19.RiceResidueFireBulletin_03Oct_2023_ICAR.pdf
31.6554_75.1083_2023-10-01_0732_N_VIIRS,CR_429,31.65539,75.1083,2023-10-01 12:57:39,2023-10-01 07:32:00,0.061,-5.43,N,Agricultural Burn,CREAMS,17.RiceResidueFireBulletin_01Oct_2023_ICAR.pdf
31.6121_75.0152_2023-10-03_0834_N_VIIRS,CR_696,31.61215,75.01521,2023-10-03 14:00:48,2023-10-03 08:34:00,0.061,-5.45,N,Agricultural Burn,CREAMS,19.RiceResidueFireBulletin_03Oct_2023_ICAR.pdf
31.5472_75.0553_2023-10-03_0834_N_VIIRS,CR_695,31.54721,75.05531,2023-10-03 14:00:48,2023-10-03 08:34:00,0.061,-5.45,N,Agricultural Burn,CREAMS,19.RiceResidueFireBulletin_03Oct_2023_ICAR.pdf
27.1621_78.9421_2023-10-04_0814_N_VIIRS,CR_948,27.16208,78.9421,2023-10-04 13:41:53,2023-10-04 08:14:00,0.061,-5.46,N,Agricultural Burn,CREAMS,20.RiceResidueFireBulletin_04Oct_2023_ICAR.pdf
31.5353_75.0247_2023-10-03_0834_N_VIIRS,CR_693,31.53531,75.0247,2023-10-03 14:00:48,2023-10-03 08:34:00,0.061,-5.45,N,Agricultural Burn,CREAMS,19.RiceResidueFireBulletin_03Oct_2023_ICAR.pdf
30.2723_76.9101_2023-10-03_0834_N_VIIRS,CR_790,30.27226,76.91008,2023-10-03 14:00:48,2023-10-03 08:34:00,0.061,-5.45,N,Agricultural Burn,CREAMS,19.RiceResidueFireBulletin_03Oct_2023_ICAR.pdf
22.8117_75.2119_2023-10-03_0832_N_VIIRS,CR_818,22.81168,75.21193,2023-10-03 14:00:48,2023-10-03 08:32:00,0.061,-5.48,N,Agricultural Burn,CREAMS,19.RiceResidueFireBulletin_03Oct_2023_ICAR.pdf
30.2818_76.8435_2023-10-03_0834_N_VIIRS,CR_788,30.28176,76.84354,2023-10-03 14:00:48,2023-10-03 08:34:00,0.061,-5.45,N,Agricultural Burn,CREAMS,19.RiceResidueFireBulletin_03Oct_2023_ICAR.pdf
31.5104_75.2135_2023-10-03_0834_N_VIIRS,CR_711,31.5104,75.21355,2023-10-03 14:00:48,2023-10-03 08:34:00,0.062,-5.45,N,Agricultural Burn,CREAMS,19.RiceResidueFireBulletin_03Oct_2023_ICAR.pdf
31.5836_75.3070_2023-10-03_0834_N_VIIRS,CR_715,31.58356,75.30697,2023-10-03 14:00:48,2023-10-03 08:34:00,0.062,-5.45,N,Agricultural Burn,CREAMS,19.RiceResidueFireBulletin_03Oct_2023_ICAR.pdf
31.5414_75.1989_2023-10-03_0834_N_VIIRS,CR_713,31.54137,75.1989,2023-10-03 14:00:48,2023-10-03 08:34:00,0.062,-5.45,N,Agricultural Burn,CREAMS,19.RiceResidueFireBulletin_03Oct_2023_ICAR.pdf
31.5404_75.1858_2023-10-03_0834_N_VIIRS,CR_712,31.54044,75.18581,2023-10-03 14:00:48,2023-10-03 08:34:00,0.062,-5.45,N,Agricultural Burn,CREAMS,19.RiceResidueFireBulletin_03Oct_2023_ICAR.pdf
31.5342_75.0272_2023-10-03_0834_N_VIIRS,CR_692,31.53418,75.02724,2023-10-03 14:00:48,2023-10-03 08:34:00,0.062,-5.45,N,Agricultural Burn,CREAMS,19.RiceResidueFireBulletin_03Oct_2023_ICAR.pdf
29.3400_76.8992_2023-10-08_0840_N_VIIRS,CR_1502,29.34,76.89918,2023-10-08 14:06:29,2023-10-08 08:40:00,0.062,-5.44,N,Agricultural Burn,CREAMS,24.RiceResidueFireBulletin_08Oct_2023_ICAR.pdf
31.6459_75.1784_2023-10-03_0834_N_VIIRS,CR_723,31.64593,75.17841,2023-10-03 14:00:48,2023-10-03 08:34:00,0.062,-5.45,N,Agricultural Burn,CREAMS,19.RiceResidueFireBulletin_03Oct_2023_ICAR.pdf
31.5463_75.0579_2023-10-03_0834_N_VIIRS,CR_694,31.54629,75.05785,2023-10-03 14:00:48,2023-10-03 08:34:00,0.062,-5.45,N,Agricultural Burn,CREAMS,19.RiceResidueFireBulletin_03Oct_2023_ICAR.pdf
31.6982_75.1868_2023-10-06_0738_N_VIIRS,CR_1183,31.69824,75.18676,2023-10-06 13:04:02,2023-10-06 07:38:00,0.062,-5.43,N,Agricultural Burn,CREAMS,22.RiceResidueFireBulletin_06Oct_2023_ICAR.pdf
30.2290_75.5926_2023-10-03_0834_N_VIIRS,CR_730,30.22902,75.59263,2023-10-03 14:00:48,2023-10-03 08:34:00,0.062,-5.45,N,Agricultural Burn,CREAMS,19.RiceResidueFireBulletin_03Oct_2023_ICAR.pdf
24.5437_77.1513_2023-10-09_0819_N_VIIRS,CR_1676,24.54375,77.15125,2023-10-09 13:47:33,2023-10-09 08:19:00,0.062,-5.48,N,Agricultural Burn,CREAMS,25.RiceResidueFireBulletin_09Oct_2023_ICAR.pdf
31.4500_75.1072_2023-10-03_0834_N_VIIRS,CR_771,31.45004,75.10718,2023-10-03 14:00:48,2023-10-03 08:34:00,0.062,-5.45,N,Agricultural Burn,CREAMS,19.RiceResidueFireBulletin_03Oct_2023_ICAR.pdf
31.5081_75.0411_2023-10-03_0834_N_VIIRS,CR_786,31.50807,75.04109,2023-10-03 14:00:48,2023-10-03 08:34:00,0.062,-5.45,N,Agricultural Burn,CREAMS,19.RiceResidueFireBulletin_03Oct_2023_ICAR.pdf
30.6275_76.8520_2023-09-28_0828_N_VIIRS,CR_94,30.62755,76.85197,2023-09-28 13:54:25,2023-09-28 08:28:00,0.062,-5.44,N,Agricultural Burn,CREAMS,14.RiceResidueFireBulletin_28Sep_2023_ICAR.pdf
31.5399_74.8260_2023-10-01_0732_N_VIIRS,CR_357,31.53988,74.826,2023-10-01 12:57:39,2023-10-01 07:32:00,0.062,-5.43,N,Agricultural Burn,CREAMS,17.RiceResidueFireBulletin_01Oct_2023_ICAR.pdf
31.4343_75.1360_2023-10-03_0834_N_VIIRS,CR_769,31.43426,75.13602,2023-10-03 14:00:48,2023-10-03 08:34:00,0.062,-5.45,N,Agricultural Burn,CREAMS,19.RiceResidueFireBulletin_03Oct_2023_ICAR.pdf
31.5161_75.0776_2023-10-03_0834_N_VIIRS,CR_776,31.5161,75.07761,2023-10-03 14:00:48,2023-10-03 08:34:00,0.062,-5.45,N,Agricultural Burn,CREAMS,19.RiceResidueFireBulletin_03Oct_2023_ICAR.pdf
31.4874_75.0651_2023-10-03_0834_N_VIIRS,CR_774,31.48743,75.06506,2023-10-03 14:00:48,2023-10-03 08:34:00,0.062,-5.45,N,Agricultural Burn,CREAMS,19.RiceResidueFireBulletin_03Oct_2023_ICAR.pdf
31.6724_74.9895_2023-10-01_0732_N_VIIRS,CR_438,31.67238,74.9895,2023-10-01 12:57:39,2023-10-01 07:32:00,0.062,-5.43,N,Agricultural Burn,CREAMS,17.RiceResidueFireBulletin_01Oct_2023_ICAR.pdf
31.7019_75.0987_2023-10-06_0738_N_VIIRS,CR_1184,31.70185,75.09873,2023-10-06 13:04:02,2023-10-06 07:38:00,0.062,-5.43,N,Agricultural Burn,CREAMS,22.RiceResidueFireBulletin_06Oct_2023_ICAR.pdf
27.9357_77.4538_2023-10-01_0730_N_VIIRS,CR_488,27.93567,77.45379,2023-10-01 12:57:39,2023-10-01 07:30:00,0.063,-5.46,N,Agricultural Burn,CREAMS,17.RiceResidueFireBulletin_01Oct_2023_ICAR.pdf
31.3645_74.9951_2023-10-08_0840_N_VIIRS,CR_1451,31.36449,74.99506,2023-10-08 14:06:29,2023-10-08 08:40:00,0.063,-5.44,N,Agricultural Burn,CREAMS,24.RiceResidueFireBulletin_08Oct_2023_ICAR.pdf
30.0109_76.8317_2023-09-28_0828_N_VIIRS,CR_104,30.0109,76.83169,2023-09-28 13:54:25,2023-09-28 08:28:00,0.063,-5.44,N,Agricultural Burn,CREAMS,14.RiceResidueFireBulletin_28Sep_2023_ICAR.pdf
31.6575_74.9652_2023-10-01_0732_N_VIIRS,CR_437,31.65752,74.96523,2023-10-01 12:57:39,2023-10-01 07:32:00,0.063,-5.43,N,Agricultural Burn,CREAMS,17.RiceResidueFireBulletin_01Oct_2023_ICAR.pdf
31.4305_75.1229_2023-09-28_0828_N_VIIRS,CR_96,31.43048,75.12286,2023-09-28 13:54:25,2023-09-28 08:28:00,0.063,-5.44,N,Agricultural Burn,CREAMS,14.RiceResidueFireBulletin_28Sep_2023_ICAR.pdf
31.5527_74.8398_2023-10-01_0732_N_VIIRS,CR_359,31.55268,74.8398,2023-10-01 12:57:39,2023-10-01 07:32:00,0.063,-5.43,N,Agricultural Burn,CREAMS,17.RiceResidueFireBulletin_01Oct_2023_ICAR.pdf
31.5730_74.7570_2023-10-01_0732_N_VIIRS,CR_361,31.57301,74.75701,2023-10-01 12:57:39,2023-10-01 07:32:00,0.063,-5.43,N,Agricultural Burn,CREAMS,17.RiceResidueFireBulletin_01Oct_2023_ICAR.pdf
31.5754_74.8330_2023-10-01_0732_N_VIIRS,CR_362,31.57538,74.833,2023-10-01 12:57:39,2023-10-01 07:32:00,0.063,-5.43,N,Agricultural Burn,CREAMS,17.RiceResidueFireBulletin_01Oct_2023_ICAR.pdf
31.6023_74.9760_2023-10-01_0732_N_VIIRS,CR_380,31.60234,74.97598,2023-10-01 12:57:39,2023-10-01 07:32:00,0.063,-5.43,N,Agricultural Burn,CREAMS,17.RiceResidueFireBulletin_01Oct_2023_ICAR.pdf
25.4651_76.4509_2023-10-03_0833_N_VIIRS,CR_816,25.46509,76.45093,2023-10-03 14:00:48,2023-10-03 08:33:00,0.063,-5.46,N,Agricultural Burn,CREAMS,19.RiceResidueFireBulletin_03Oct_2023_ICAR.pdf
31.6630_74.8236_2023-10-06_0738_N_VIIRS,CR_1191,31.66299,74.82362,2023-10-06 13:04:02,2023-10-06 07:38:00,0.063,-5.43,N,Agricultural Burn,CREAMS,22.RiceResidueFireBulletin_06Oct_2023_ICAR.pdf
31.5324_74.8486_2023-10-06_0738_N_VIIRS,CR_1156,31.53235,74.84855,2023-10-06 13:04:02,2023-10-06 07:38:00,0.063,-5.43,N,Agricultural Burn,CREAMS,22.RiceResidueFireBulletin_06Oct_2023_ICAR.pdf
31.5128_75.1466_2023-09-28_0828_N_VIIRS,CR_81,31.51276,75.14662,2023-09-28 13:54:25,2023-09-28 08:28:00,0.063,-5.44,N,Agricultural Burn,CREAMS,14.RiceResidueFireBulletin_28Sep_2023_ICAR.pdf
31.4709_75.1084_2023-09-28_0828_N_VIIRS,CR_97,31.4709,75.10844,2023-09-28 13:54:25,2023-09-28 08:28:00,0.063,-5.44,N,Agricultural Burn,CREAMS,14.RiceResidueFireBulletin_28Sep_2023_ICAR.pdf
30.2609_76.2638_2023-10-02_0802_N20_VIIRS,CR_622,30.2609,76.2638,2023-10-02 12:39:27,2023-10-02 08:02:00,0.063,-4.62,N20,Agricultural Burn,CREAMS,18.RiceResidueFireBulletin_02Oct_2023_ICAR.pdf
31.3582_75.1008_2023-10-08_0840_N_VIIRS,CR_1437,31.3582,75.10079,2023-10-08 14:06:29,2023-10-08 08:40:00,0.063,-5.44,N,Agricultural Burn,CREAMS,24.RiceResidueFireBulletin_08Oct_2023_ICAR.pdf
22.5562_77.3573_2023-10-08_0838_N_VIIRS,CR_1556,22.5562,77.35727,2023-10-08 14:06:29,2023-10-08 08:38:00,0.063,-5.47,N,Agricultural Burn,CREAMS,24.RiceResidueFireBulletin_08Oct_2023_ICAR.pdf
30.4622_74.0394_2023-10-03_0834_N_VIIRS,CR_733,30.46216,74.03938,2023-10-03 14:00:48,2023-10-03 08:34:00,0.063,-5.45,N,Agricultural Burn,CREAMS,19.RiceResidueFireBulletin_03Oct_2023_ICAR.pdf
30.1185_76.0996_2023-10-08_0840_N_VIIRS,CR_1417,30.11854,76.09964,2023-10-08 14:06:29,2023-10-08 08:40:00,0.063,-5.44,N,Agricultural Burn,CREAMS,24.RiceResidueFireBulletin_08Oct_2023_ICAR.pdf
30.3163_77.1960_2023-10-03_0834_N_VIIRS,CR_803,30.31629,77.196,2023-10-03 14:00:48,2023-10-03 08:34:00,0.063,-5.45,N,Agricultural Burn,CREAMS,19.RiceResidueFireBulletin_03Oct_2023_ICAR.pdf
27.9673_77.5672_2023-10-09_0820_N_VIIRS,CR_1638,27.96733,77.5672,2023-10-09 13:47:33,2023-10-09 08:20:00,0.063,-5.46,N,Agricultural Burn,CREAMS,25.RiceResidueFireBulletin_09Oct_2023_ICAR.pdf
31.5884_74.7598_2023-10-08_0840_N_VIIRS,CR_1366,31.58839,74.75977,2023-10-08 14:06:29,2023-10-08 08:40:00,0.063,-5.44,N,Agricultural Burn,CREAMS,24.RiceResidueFireBulletin_08Oct_2023_ICAR.pdf
26.3283_77.6782_2023-10-07_0717_N_VIIRS,CR_1363,26.3283,77.67821,2023-10-07 12:45:07,2023-10-07 07:17:00,0.063,-5.47,N,Agricultural Burn,CREAMS,23.RiceResidueFireBulletin_07Oct_2023_ICAR.pdf
30.2683_75.7152_2023-10-03_0834_N_VIIRS,CR_731,30.26827,75.71522,2023-10-03 14:00:48,2023-10-03 08:34:00,0.064,-5.45,N,Agricultural Burn,CREAMS,19.RiceResidueFireBulletin_03Oct_2023_ICAR.pdf
30.2688_75.7207_2023-10-03_0834_N_VIIRS,CR_732,30.26878,75.72073,2023-10-03 14:00:48,2023-10-03 08:34:00,0.064,-5.45,N,Agricultural Burn,CREAMS,19.RiceResidueFireBulletin_03Oct_2023_ICAR.pdf
31.5960_74.5855_2023-10-06_0738_N_VIIRS,CR_1158,31.59598,74.58546,2023-10-06 13:04:02,2023-10-06 07:38:00,0.064,-5.43,N,Agricultural Burn,CREAMS,22.RiceResidueFireBulletin_06Oct_2023_ICAR.pdf
30.0794_76.2025_2023-10-01_0731_N_VIIRS,CR_452,30.0794,76.20249,2023-10-01 12:57:39,2023-10-01 07:31:00,0.064,-5.44,N,Agricultural Burn,CREAMS,17.RiceResidueFireBulletin_01Oct_2023_ICAR.pdf
29.4405_75.9426_2023-10-03_0834_N_VIIRS,CR_792,29.44054,75.94264,2023-10-03 14:00:48,2023-10-03 08:34:00,0.064,-5.45,N,Agricultural Burn,CREAMS,19.RiceResidueFireBulletin_03Oct_2023_ICAR.pdf
31.5387_74.8205_2023-10-01_0732_N_VIIRS,CR_462,31.53865,74.82051,2023-10-01 12:57:39,2023-10-01 07:32:00,0.064,-5.43,N,Agricultural Burn,CREAMS,17.RiceResidueFireBulletin_01Oct_2023_ICAR.pdf
31.5708_74.8344_2023-10-01_0732_N_VIIRS,CR_360,31.57084,74.83437,2023-10-01 12:57:39,2023-10-01 07:32:00,0.064,-5.43,N,Agricultural Burn,CREAMS,17.RiceResidueFireBulletin_01Oct_2023_ICAR.pdf
31.5502_74.6231_2023-10-06_0738_N_VIIRS,CR_1157,31.55025,74.62309,2023-10-06 13:04:02,2023-10-06 07:38:00,0.064,-5.43,N,Agricultural Burn,CREAMS,22.RiceResidueFireBulletin_06Oct_2023_ICAR.pdf
30.4038_77.2424_2023-10-01_0731_N_VIIRS,CR_497,30.40384,77.24235,2023-10-01 12:57:39,2023-10-01 07:31:00,0.064,-5.44,N,Agricultural Burn,CREAMS,17.RiceResidueFireBulletin_01Oct_2023_ICAR.pdf
29.0158_76.9249_2023-10-01_0731_N_VIIRS,CR_491,29.01578,76.92486,2023-10-01 12:57:39,2023-10-01 07:31:00,0.064,-5.44,N,Agricultural Burn,CREAMS,17.RiceResidueFireBulletin_01Oct_2023_ICAR.pdf
30.1921_76.2585_2023-10-01_0731_N_VIIRS,CR_454,30.19213,76.25854,2023-10-01 12:57:39,2023-10-01 07:31:00,0.064,-5.44,N,Agricultural Burn,CREAMS,17.RiceResidueFireBulletin_01Oct_2023_ICAR.pdf
31.6359_74.9810_2023-10-08_0840_N_VIIRS,CR_1375,31.63586,74.98097,2023-10-08 14:06:29,2023-10-08 08:40:00,0.064,-5.44,N,Agricultural Burn,CREAMS,24.RiceResidueFireBulletin_08Oct_2023_ICAR.pdf
25.4600_76.4463_2023-10-03_0833_N_VIIRS,CR_815,25.45998,76.44633,2023-10-03 14:00:48,2023-10-03 08:33:00,0.064,-5.46,N,Agricultural Burn,CREAMS,19.RiceResidueFireBulletin_03Oct_2023_ICAR.pdf
28.0121_77.5526_2023-10-09_0820_N_VIIRS,CR_1639,28.01208,77.55259,2023-10-09 13:47:33,2023-10-09 08:20:00,0.064,-5.46,N,Agricultural Burn,CREAMS,25.RiceResidueFireBulletin_09Oct_2023_ICAR.pdf
31.6131_75.0098_2023-10-08_0840_N_VIIRS,CR_1374,31.61309,75.00976,2023-10-08 14:06:29,2023-10-08 08:40:00,0.064,-5.44,N,Agricultural Burn,CREAMS,24.RiceResidueFireBulletin_08Oct_2023_ICAR.pdf
25.4907_76.7017_2023-10-03_0833_N_VIIRS,CR_819,25.49072,76.70171,2023-10-03 14:00:48,2023-10-03 08:33:00,0.065,-5.46,N,Agricultural Burn,CREAMS,19.RiceResidueFireBulletin_03Oct_2023_ICAR.pdf
31.2921_75.2212_2023-10-08_0840_N_VIIRS,CR_1397,31.2921,75.22124,2023-10-08 14:06:29,2023-10-08 08:40:00,0.065,-5.44,N,Agricultural Burn,CREAMS,24.RiceResidueFireBulletin_08Oct_2023_ICAR.pdf
30.0782_75.6425_2023-10-08_0840_N_VIIRS,CR_1424,30.07816,75.64248,2023-10-08 14:06:29,2023-10-08 08:40:00,0.065,-5.44,N,Agricultural Burn,CREAMS,24.RiceResidueFireBulletin_08Oct_2023_ICAR.pdf
27.9966_77.6964_2023-09-28_0827_N_VIIRS,CR_106,27.99656,77.69644,2023-09-28 13:54:25,2023-09-28 08:27:00,0.065,-5.46,N,Agricultural Burn,CREAMS,14.RiceResidueFireBulletin_28Sep_2023_ICAR.pdf
25.3010_76.4189_2023-10-08_0839_N_VIIRS,CR_1540,25.30098,76.4189,2023-10-08 14:06:29,2023-10-08 08:39:00,0.065,-5.46,N,Agricultural Burn,CREAMS,24.RiceResidueFireBulletin_08Oct_2023_ICAR.pdf
30.7757_74.4246_2023-10-06_0737_N_VIIRS,CR_1199,30.77575,74.42464,2023-10-06 13:04:02,2023-10-06 07:37:00,0.065,-5.45,N,Agricultural Burn,CREAMS,22.RiceResidueFireBulletin_06Oct_2023_ICAR.pdf
31.3881_75.0976_2023-10-08_0840_N_VIIRS,CR_1443,31.38809,75.09764,2023-10-08 14:06:29,2023-10-08 08:40:00,0.065,-5.44,N,Agricultural Burn,CREAMS,24.RiceResidueFireBulletin_08Oct_2023_ICAR.pdf
31.3626_75.0937_2023-10-08_0840_N_VIIRS,CR_1438,31.36264,75.09372,2023-10-08 14:06:29,2023-10-08 08:40:00,0.065,-5.44,N,Agricultural Burn,CREAMS,24.RiceResidueFireBulletin_08Oct_2023_ICAR.pdf
31.4824_75.5806_2023-10-03_0834_N_VIIRS,CR_737,31.48241,75.5806,2023-10-03 14:00:48,2023-10-03 08:34:00,0.065,-5.45,N,Agricultural Burn,CREAMS,19.RiceResidueFireBulletin_03Oct_2023_ICAR.pdf
30.8215_74.3401_2023-10-08_0840_N_VIIRS,CR_1393,30.82151,74.34006,2023-10-08 14:06:29,2023-10-08 08:40:00,0.065,-5.44,N,Agricultural Burn,CREAMS,24.RiceResidueFireBulletin_08Oct_2023_ICAR.pdf
30.4693_76.6836_2023-10-03_0834_N_VIIRS,CR_757,30.46933,76.68356,2023-10-03 14:00:48,2023-10-03 08:34:00,0.065,-5.45,N,Agricultural Burn,CREAMS,19.RiceResidueFireBulletin_03Oct_2023_ICAR.pdf
31.5049_74.6278_2023-10-01_0732_N_VIIRS,CR_460,31.50492,74.62784,2023-10-01 12:57:39,2023-10-01 07:32:00,0.065,-5.43,N,Agricultural Burn,CREAMS,17.RiceResidueFireBulletin_01Oct_2023_ICAR.pdf
31.6581_75.0712_2023-10-08_0840_N_VIIRS,CR_1385,31.65813,75.07122,2023-10-08 14:06:29,2023-10-08 08:40:00,0.066,-5.44,N,Agricultural Burn,CREAMS,24.RiceResidueFireBulletin_08Oct_2023_ICAR.pdf
31.6534_75.1386_2023-10-08_0840_N_VIIRS,CR_1384,31.65339,75.13858,2023-10-08 14:06:29,2023-10-08 08:40:00,0.066,-5.44,N,Agricultural Burn,CREAMS,24.RiceResidueFireBulletin_08Oct_2023_ICAR.pdf
28.0436_77.6661_2023-09-28_0827_N_VIIRS,CR_107,28.04361,77.66612,2023-09-28 13:54:25,2023-09-28 08:27:00,0.066,-5.46,N,Agricultural Burn,CREAMS,14.RiceResidueFireBulletin_28Sep_2023_ICAR.pdf
30.7801_74.4234_2023-10-06_0737_N_VIIRS,CR_1200,30.78009,74.42342,2023-10-06 13:04:02,2023-10-06 07:37:00,0.066,-5.45,N,Agricultural Burn,CREAMS,22.RiceResidueFireBulletin_06Oct_2023_ICAR.pdf
22.8946_75.5053_2023-10-08_0838_N_VIIRS,CR_1557,22.89458,75.50527,2023-10-08 14:06:29,2023-10-08 08:38:00,0.066,-5.47,N,Agricultural Burn,CREAMS,24.RiceResidueFireBulletin_08Oct_2023_ICAR.pdf
23.0421_75.2772_2023-10-08_0838_N_VIIRS,CR_1549,23.04214,75.2772,2023-10-08 14:06:29,2023-10-08 08:38:00,0.066,-5.47,N,Agricultural Burn,CREAMS,24.RiceResidueFireBulletin_08Oct_2023_ICAR.pdf
29.3494_76.8733_2023-10-07_0718_N_VIIRS,CR_1338,29.34943,76.87332,2023-10-07 12:45:07,2023-10-07 07:18:00,0.066,-5.45,N,Agricultural Burn,CREAMS,23.RiceResidueFireBulletin_07Oct_2023_ICAR.pdf
26.7711_80.8276_2023-10-09_0820_N_VIIRS,CR_1643,26.77107,80.82755,2023-10-09 13:47:33,2023-10-09 08:20:00,0.066,-5.46,N,Agricultural Burn,CREAMS,25.RiceResidueFireBulletin_09Oct_2023_ICAR.pdf
30.3651_76.9710_2023-10-01_0731_N_VIIRS,CR_477,30.36513,76.97102,2023-10-01 12:57:39,2023-10-01 07:31:00,0.066,-5.44,N,Agricultural Burn,CREAMS,17.RiceResidueFireBulletin_01Oct_2023_ICAR.pdf
25.4335_76.4599_2023-10-03_0833_N_VIIRS,CR_814,25.43353,76.4599,2023-10-03 14:00:48,2023-10-03 08:33:00,0.066,-5.46,N,Agricultural Burn,CREAMS,19.RiceResidueFireBulletin_03Oct_2023_ICAR.pdf
29.5084_76.3188_2023-09-28_0827_N_VIIRS,CR_98,29.50843,76.31877,2023-09-28 13:54:25,2023-09-28 08:27:00,0.066,-5.46,N,Agricultural Burn,CREAMS,14.RiceResidueFireBulletin_28Sep_2023_ICAR.pdf
31.5033_74.5949_2023-10-08_0840_N_VIIRS,CR_1365,31.50328,74.59489,2023-10-08 14:06:29,2023-10-08 08:40:00,0.066,-5.44,N,Agricultural Burn,CREAMS,24.RiceResidueFireBulletin_08Oct_2023_ICAR.pdf
25.0728_76.0124_2023-10-03_0832_N_VIIRS,CR_813,25.07276,76.01244,2023-10-03 14:00:48,2023-10-03 08:32:00,0.066,-5.48,N,Agricultural Burn,CREAMS,19.RiceResidueFireBulletin_03Oct_2023_ICAR.pdf
30.2659_76.1706_2023-10-03_0834_N_VIIRS,CR_759,30.26586,76.17055,2023-10-03 14:00:48,2023-10-03 08:34:00,0.067,-5.45,N,Agricultural Burn,CREAMS,19.RiceResidueFireBulletin_03Oct_2023_ICAR.pdf
28.0362_78.1409_2023-10-09_0820_N_VIIRS,CR_1637,28.03625,78.14088,2023-10-09 13:47:33,2023-10-09 08:20:00,0.067,-5.46,N,Agricultural Burn,CREAMS,25.RiceResidueFireBulletin_09Oct_2023_ICAR.pdf
31.7370_74.9224_2023-10-03_0834_N_VIIRS,CR_704,31.73696,74.92239,2023-10-03 14:00:48,2023-10-03 08:34:00,0.067,-5.45,N,Agricultural Burn,CREAMS,19.RiceResidueFireBulletin_03Oct_2023_ICAR.pdf
26.0088_76.7209_2023-10-06_0736_N_VIIRS,CR_1290,26.0088,76.72092,2023-10-06 13:04:02,2023-10-06 07:36:00,0.067,-5.47,N,Agricultural Burn,CREAMS,22.RiceResidueFireBulletin_06Oct_2023_ICAR.pdf
31.4818_74.6909_2023-10-08_0840_N_VIIRS,CR_1442,31.48179,74.6909,2023-10-08 14:06:29,2023-10-08 08:40:00,0.067,-5.44,N,Agricultural Burn,CREAMS,24.RiceResidueFireBulletin_08Oct_2023_ICAR.pdf
31.4804_74.7352_2023-10-08_0840_N_VIIRS,CR_1441,31.48044,74.73515,2023-10-08 14:06:29,2023-10-08 08:40:00,0.067,-5.44,N,Agricultural Burn,CREAMS,24.RiceResidueFireBulletin_08Oct_2023_ICAR.pdf
31.4324_74.8957_2023-10-08_0840_N_VIIRS,CR_1454,31.43244,74.89565,2023-10-08 14:06:29,2023-10-08 08:40:00,0.067,-5.44,N,Agricultural Burn,CREAMS,24.RiceResidueFireBulletin_08Oct_2023_ICAR.pdf
31.3866_75.3265_2023-10-08_0840_N_VIIRS,CR_1395,31.38663,75.32647,2023-10-08 14:06:29,2023-10-08 08:40:00,0.067,-5.44,N,Agricultural Burn,CREAMS,24.RiceResidueFireBulletin_08Oct_2023_ICAR.pdf
30.5181_76.8431_2023-10-01_0731_N_VIIRS,CR_456,30.51813,76.84315,2023-10-01 12:57:39,2023-10-01 07:31:00,0.067,-5.44,N,Agricultural Burn,CREAMS,17.RiceResidueFireBulletin_01Oct_2023_ICAR.pdf
30.2782_76.2589_2023-10-03_0834_N_VIIRS,CR_755,30.27824,76.25893,2023-10-03 14:00:48,2023-10-03 08:34:00,0.068,-5.45,N,Agricultural Burn,CREAMS,19.RiceResidueFireBulletin_03Oct_2023_ICAR.pdf
30.2757_76.2292_2023-10-03_0834_N_VIIRS,CR_754,30.2757,76.22916,2023-10-03 14:00:48,2023-10-03 08:34:00,0.068,-5.45,N,Agricultural Burn,CREAMS,19.RiceResidueFireBulletin_03Oct_2023_ICAR.pdf
31.6589_75.0655_2023-10-03_0834_N_VIIRS,CR_724,31.65887,75.06548,2023-10-03 14:00:48,2023-10-03 08:34:00,0.068,-5.45,N,Agricultural Burn,CREAMS,19.RiceResidueFireBulletin_03Oct_2023_ICAR.pdf
31.2637_75.1649_2023-10-06_0738_N_VIIRS,CR_1206,31.26367,75.16492,2023-10-06 13:04:02,2023-10-06 07:38:00,0.068,-5.43,N,Agricultural Burn,CREAMS,22.RiceResidueFireBulletin_06Oct_2023_ICAR.pdf
29.5634_76.9964_2023-09-23_0821_N_VIIRS,CR_23,29.56343,76.99635,2023-09-23 13:48:02,2023-09-23 08:21:00,0.068,-5.45,N,Agricultural Burn,CREAMS,09.RiceResidueFireBulletin_23Sep_2023_ICAR.pdf
30.1064_76.8638_2023-09-28_0828_N_VIIRS,CR_102,30.10639,76.86382,2023-09-28 13:54:25,2023-09-28 08:28:00,0.068,-5.44,N,Agricultural Burn,CREAMS,14.RiceResidueFireBulletin_28Sep_2023_ICAR.pdf
22.6328_75.3966_2023-10-08_0838_N_VIIRS,CR_1550,22.63283,75.39658,2023-10-08 14:06:29,2023-10-08 08:38:00,0.068,-5.47,N,Agricultural Burn,CREAMS,24.RiceResidueFireBulletin_08Oct_2023_ICAR.pdf
24.7692_76.9146_2023-10-01_0730_N_VIIRS,CR_519,24.76921,76.9146,2023-10-01 12:57:39,2023-10-01 07:30:00,0.068,-5.46,N,Agricultural Burn,CREAMS,17.RiceResidueFireBulletin_01Oct_2023_ICAR.pdf
31.7410_74.9644_2023-10-03_0834_N_VIIRS,CR_707,31.741,74.96439,2023-10-03 14:00:48,2023-10-03 08:34:00,0.068,-5.45,N,Agricultural Burn,CREAMS,19.RiceResidueFireBulletin_03Oct_2023_ICAR.pdf
31.7119_74.9467_2023-10-03_0834_N_VIIRS,CR_727,31.71194,74.94669,2023-10-03 14:00:48,2023-10-03 08:34:00,0.068,-5.45,N,Agricultural Burn,CREAMS,19.RiceResidueFireBulletin_03Oct_2023_ICAR.pdf
31.7159_74.9888_2023-10-03_0834_N_VIIRS,CR_702,31.71591,74.98878,2023-10-03 14:00:48,2023-10-03 08:34:00,0.068,-5.45,N,Agricultural Burn,CREAMS,19.RiceResidueFireBulletin_03Oct_2023_ICAR.pdf
28.3228_80.0480_2023-09-28_2052_N_VIIRS,CR_202,28.32281,80.04801,2023-09-29 02:25:30,2023-09-28 20:52:00,0.068,-5.56,N,Agricultural Burn,CREAMS,15.RiceResidueFireBulletin_29Sep_2023_ICAR.pdf
31.7154_75.0316_2023-10-03_0834_N_VIIRS,CR_701,31.71536,75.03165,2023-10-03 14:00:48,2023-10-03 08:34:00,0.068,-5.45,N,Agricultural Burn,CREAMS,19.RiceResidueFireBulletin_03Oct_2023_ICAR.pdf
31.5490_75.1576_2023-10-08_0840_N_VIIRS,CR_1380,31.54902,75.15762,2023-10-08 14:06:29,2023-10-08 08:40:00,0.069,-5.44,N,Agricultural Burn,CREAMS,24.RiceResidueFireBulletin_08Oct_2023_ICAR.pdf
27.9332_77.7176_2023-10-01_0730_N_VIIRS,CR_505,27.93323,77.71763,2023-10-01 12:57:39,2023-10-01 07:30:00,0.069,-5.46,N,Agricultural Burn,CREAMS,17.RiceResidueFireBulletin_01Oct_2023_ICAR.pdf
27.9341_77.7220_2023-10-01_0730_N_VIIRS,CR_506,27.9341,77.72196,2023-10-01 12:57:39,2023-10-01 07:30:00,0.069,-5.46,N,Agricultural Burn,CREAMS,17.RiceResidueFireBulletin_01Oct_2023_ICAR.pdf
30.4899_76.9296_2023-10-03_0834_N_VIIRS,CR_791,30.4899,76.9296,2023-10-03 14:00:48,2023-10-03 08:34:00,0.069,-5.45,N,Agricultural Burn,CREAMS,19.RiceResidueFireBulletin_03Oct_2023_ICAR.pdf
31.7204_74.9882_2023-10-03_0834_N_VIIRS,CR_703,31.72043,74.98822,2023-10-03 14:00:48,2023-10-03 08:34:00,0.069,-5.45,N,Agricultural Burn,CREAMS,19.RiceResidueFireBulletin_03Oct_2023_ICAR.pdf
30.2646_76.3270_2023-10-03_0834_N_VIIRS,CR_756,30.26456,76.32702,2023-10-03 14:00:48,2023-10-03 08:34:00,0.069,-5.45,N,Agricultural Burn,CREAMS,19.RiceResidueFireBulletin_03Oct_2023_ICAR.pdf
31.3859_75.0636_2023-10-08_0840_N_VIIRS,CR_1439,31.38592,75.06365,2023-10-08 14:06:29,2023-10-08 08:40:00,0.069,-5.44,N,Agricultural Burn,CREAMS,24.RiceResidueFireBulletin_08Oct_2023_ICAR.pdf
31.5519_75.0045_2023-10-08_0840_N_VIIRS,CR_1373,31.55185,75.00455,2023-10-08 14:06:29,2023-10-08 08:40:00,0.069,-5.44,N,Agricultural Burn,CREAMS,24.RiceResidueFireBulletin_08Oct_2023_ICAR.pdf
31.4262_75.0659_2023-10-08_0840_N_VIIRS,CR_1445,31.42623,75.06591,2023-10-08 14:06:29,2023-10-08 08:40:00,0.069,-5.44,N,Agricultural Burn,CREAMS,24.RiceResidueFireBulletin_08Oct_2023_ICAR.pdf
30.9007_76.2509_2023-10-02_0713_N_VIIRS,CR_621,30.90069,76.25087,2023-10-02 12:39:27,2023-10-02 07:13:00,0.069,-5.44,N,Agricultural Burn,CREAMS,18.RiceResidueFireBulletin_02Oct_2023_ICAR.pdf
30.2734_76.2595_2023-10-03_0834_N_VIIRS,CR_752,30.27344,76.25947,2023-10-03 14:00:48,2023-10-03 08:34:00,0.069,-5.45,N,Agricultural Burn,CREAMS,19.RiceResidueFireBulletin_03Oct_2023_ICAR.pdf
31.5253_75.1686_2023-10-08_0840_N_VIIRS,CR_1379,31.5253,75.16864,2023-10-08 14:06:29,2023-10-08 08:40:00,0.069,-5.44,N,Agricultural Burn,CREAMS,24.RiceResidueFireBulletin_08Oct_2023_ICAR.pdf
31.6960_75.2741_2023-10-03_0834_N_VIIRS,CR_735,31.69602,75.27405,2023-10-03 14:00:48,2023-10-03 08:34:00,0.07,-5.45,N,Agricultural Burn,CREAMS,19.RiceResidueFireBulletin_03Oct_2023_ICAR.pdf
31.5411_75.0585_2023-10-08_0840_N_VIIRS,CR_1372,31.54115,75.05849,2023-10-08 14:06:29,2023-10-08 08:40:00,0.07,-5.44,N,Agricultural Burn,CREAMS,24.RiceResidueFireBulletin_08Oct_2023_ICAR.pdf
31.4595_75.7403_2023-10-02_0713_N_VIIRS,CR_608,31.45953,75.7403,2023-10-02 12:39:27,2023-10-02 07:13:00,0.07,-5.44,N,Agricultural Burn,CREAMS,18.RiceResidueFireBulletin_02Oct_2023_ICAR.pdf
30.5397_76.7175_2023-10-08_0840_N_VIIRS,CR_1413,30.53969,76.71752,2023-10-08 14:06:29,2023-10-08 08:40:00,0.07,-5.44,N,Agricultural Burn,CREAMS,24.RiceResidueFireBulletin_08Oct_2023_ICAR.pdf
24.8904_76.8991_2023-10-01_0730_N_VIIRS,CR_516,24.89039,76.89906,2023-10-01 12:57:39,2023-10-01 07:30:00,0.07,-5.46,N,Agricultural Burn,CREAMS,17.RiceResidueFireBulletin_01Oct_2023_ICAR.pdf
31.6456_75.1756_2023-10-03_0834_N_VIIRS,CR_722,31.64563,75.17561,2023-10-03 14:00:48,2023-10-03 08:34:00,0.07,-5.45,N,Agricultural Burn,CREAMS,19.RiceResidueFireBulletin_03Oct_2023_ICAR.pdf
29.9111_76.7454_2023-10-03_0834_N_VIIRS,CR_794,29.9111,76.74535,2023-10-03 14:00:48,2023-10-03 08:34:00,0.07,-5.45,N,Agricultural Burn,CREAMS,19.RiceResidueFireBulletin_03Oct_2023_ICAR.pdf
30.1928_76.2604_2023-10-01_0731_N_VIIRS,CR_455,30.19278,76.26039,2023-10-01 12:57:39,2023-10-01 07:31:00,0.07,-5.44,N,Agricultural Burn,CREAMS,17.RiceResidueFireBulletin_01Oct_2023_ICAR.pdf
30.3489_76.1791_2023-10-01_0731_N_VIIRS,CR_451,30.34893,76.17909,2023-10-01 12:57:39,2023-10-01 07:31:00,0.07,-5.44,N,Agricultural Burn,CREAMS,17.RiceResidueFireBulletin_01Oct_2023_ICAR.pdf
30.0124_76.8694_2023-10-03_0834_N_VIIRS,CR_796,30.01239,76.86941,2023-10-03 14:00:48,2023-10-03 08:34:00,0.07,-5.45,N,Agricultural Burn,CREAMS,19.RiceResidueFireBulletin_03Oct_2023_ICAR.pdf
29.7655_75.9386_2023-09-28_0828_N_VIIRS,CR_93,29.76552,75.93864,2023-09-28 13:54:25,2023-09-28 08:28:00,0.07,-5.44,N,Agricultural Burn,CREAMS,14.RiceResidueFireBulletin_28Sep_2023_ICAR.pdf
27.9506_77.6950_2023-10-01_0730_N_VIIRS,CR_501,27.95057,77.69496,2023-10-01 12:57:39,2023-10-01 07:30:00,0.07,-5.46,N,Agricultural Burn,CREAMS,17.RiceResidueFireBulletin_01Oct_2023_ICAR.pdf
28.0627_77.9358_2023-10-07_0718_N_VIIRS,CR_1343,28.06269,77.93584,2023-10-07 12:45:07,2023-10-07 07:18:00,0.07,-5.45,N,Agricultural Burn,CREAMS,23.RiceResidueFireBulletin_07Oct_2023_ICAR.pdf
30.4461_77.1450_2023-10-03_0834_N_VIIRS,CR_789,30.44607,77.14503,2023-10-03 14:00:48,2023-10-03 08:34:00,0.071,-5.45,N,Agricultural Burn,CREAMS,19.RiceResidueFireBulletin_03Oct_2023_ICAR.pdf
29.6326_76.9927_2023-09-28_0827_N_VIIRS,CR_101,29.63264,76.99266,2023-09-28 13:54:25,2023-09-28 08:27:00,0.071,-5.46,N,Agricultural Burn,CREAMS,14.RiceResidueFireBulletin_28Sep_2023_ICAR.pdf
30.5838_76.7944_2023-10-08_0840_N_VIIRS,CR_1426,30.58382,76.79442,2023-10-08 14:06:29,2023-10-08 08:40:00,0.071,-5.44,N,Agricultural Burn,CREAMS,24.RiceResidueFireBulletin_08Oct_2023_ICAR.pdf
30.5208_76.6832_2023-10-08_0840_N_VIIRS,CR_1412,30.52077,76.68317,2023-10-08 14:06:29,2023-10-08 08:40:00,0.071,-5.44,N,Agricultural Burn,CREAMS,24.RiceResidueFireBulletin_08Oct_2023_ICAR.pdf
24.3880_77.6452_2023-10-06_0736_N_VIIRS,CR_1292,24.38803,77.6452,2023-10-06 13:04:02,2023-10-06 07:36:00,0.071,-5.47,N,Agricultural Burn,CREAMS,22.RiceResidueFireBulletin_06Oct_2023_ICAR.pdf
30.4621_74.0607_2023-10-08_0840_N_VIIRS,CR_1390,30.46212,74.06071,2023-10-08 14:06:29,2023-10-08 08:40:00,0.071,-5.44,N,Agricultural Burn,CREAMS,24.RiceResidueFireBulletin_08Oct_2023_ICAR.pdf
29.6321_76.9875_2023-09-28_0827_N_VIIRS,CR_100,29.63214,76.98747,2023-09-28 13:54:25,2023-09-28 08:27:00,0.071,-5.46,N,Agricultural Burn,CREAMS,14.RiceResidueFireBulletin_28Sep_2023_ICAR.pdf
29.1123_75.9311_2023-10-08_0840_N_VIIRS,CR_1478,29.11233,75.93114,2023-10-08 14:06:29,2023-10-08 08:40:00,0.071,-5.44,N,Agricultural Burn,CREAMS,24.RiceResidueFireBulletin_08Oct_2023_ICAR.pdf
30.0117_76.8694_2023-10-03_0834_N_VIIRS,CR_795,30.01166,76.86937,2023-10-03 14:00:48,2023-10-03 08:34:00,0.071,-5.45,N,Agricultural Burn,CREAMS,19.RiceResidueFireBulletin_03Oct_2023_ICAR.pdf
31.2930_75.2230_2023-10-08_0840_N_VIIRS,CR_1398,31.29295,75.223,2023-10-08 14:06:29,2023-10-08 08:40:00,0.071,-5.44,N,Agricultural Burn,CREAMS,24.RiceResidueFireBulletin_08Oct_2023_ICAR.pdf
29.7389_76.6852_2023-10-01_0731_N_VIIRS,CR_480,29.73891,76.68517,2023-10-01 12:57:39,2023-10-01 07:31:00,0.072,-5.44,N,Agricultural Burn,CREAMS,17.RiceResidueFireBulletin_01Oct_2023_ICAR.pdf
31.2491_75.1308_2023-10-03_0834_N_VIIRS,CR_743,31.24905,75.13083,2023-10-03 14:00:48,2023-10-03 08:34:00,0.072,-5.45,N,Agricultural Burn,CREAMS,19.RiceResidueFireBulletin_03Oct_2023_ICAR.pdf
23.6891_76.9162_2023-10-08_0838_N_VIIRS,CR_1563,23.68906,76.91618,2023-10-08 14:06:29,2023-10-08 08:38:00,0.072,-5.47,N,Agricultural Burn,CREAMS,24.RiceResidueFireBulletin_08Oct_2023_ICAR.pdf
29.5843_74.3049_2023-10-08_0840_N_VIIRS,CR_1543,29.58433,74.30486,2023-10-08 14:06:29,2023-10-08 08:40:00,0.072,-5.44,N,Agricultural Burn,CREAMS,24.RiceResidueFireBulletin_08Oct_2023_ICAR.pdf
29.3501_76.5833_2023-10-08_0840_N_VIIRS,CR_1484,29.35015,76.58327,2023-10-08 14:06:29,2023-10-08 08:40:00,0.072,-5.44,N,Agricultural Burn,CREAMS,24.RiceResidueFireBulletin_08Oct_2023_ICAR.pdf
28.3277_80.2422_2023-10-09_0820_N_VIIRS,CR_1647,28.32773,80.24217,2023-10-09 13:47:33,2023-10-09 08:20:00,0.072,-5.46,N,Agricultural Burn,CREAMS,25.RiceResidueFireBulletin_09Oct_2023_ICAR.pdf
29.5056_76.8761_2023-09-28_0827_N_VIIRS,CR_99,29.50565,76.87606,2023-09-28 13:54:25,2023-09-28 08:27:00,0.072,-5.46,N,Agricultural Burn,CREAMS,14.RiceResidueFireBulletin_28Sep_2023_ICAR.pdf
30.5168_76.7036_2023-10-08_0840_N_VIIRS,CR_1411,30.51677,76.70358,2023-10-08 14:06:29,2023-10-08 08:40:00,0.072,-5.44,N,Agricultural Burn,CREAMS,24.RiceResidueFireBulletin_08Oct_2023_ICAR.pdf
31.3065_75.0121_2023-10-03_0834_N_VIIRS,CR_762,31.30646,75.01207,2023-10-03 14:00:48,2023-10-03 08:34:00,0.072,-5.45,N,Agricultural Burn,CREAMS,19.RiceResidueFireBulletin_03Oct_2023_ICAR.pdf
28.3228_80.2427_2023-10-09_0820_N_VIIRS,CR_1645,28.3228,80.2427,2023-10-09 13:47:33,2023-10-09 08:20:00,0.072,-5.46,N,Agricultural Burn,CREAMS,25.RiceResidueFireBulletin_09Oct_2023_ICAR.pdf
28.7048_77.5530_2023-10-08_2104_N_VIIRS,CR_1641,28.70484,77.55304,2023-10-09 02:38:16,2023-10-08 21:04:00,0.072,-5.57,N,Agricultural Burn,CREAMS,25.RiceResidueFireBulletin_09Oct_2023_ICAR.pdf
31.2390_75.1214_2023-10-03_0834_N_VIIRS,CR_741,31.23903,75.12138,2023-10-03 14:00:48,2023-10-03 08:34:00,0.073,-5.45,N,Agricultural Burn,CREAMS,19.RiceResidueFireBulletin_03Oct_2023_ICAR.pdf
30.5893_76.7939_2023-10-08_0840_N_VIIRS,CR_1428,30.58929,76.79394,2023-10-08 14:06:29,2023-10-08 08:40:00,0.073,-5.44,N,Agricultural Burn,CREAMS,24.RiceResidueFireBulletin_08Oct_2023_ICAR.pdf
30.2608_76.7738_2023-10-08_0840_N_VIIRS,CR_1458,30.26075,76.7738,2023-10-08 14:06:29,2023-10-08 08:40:00,0.073,-5.44,N,Agricultural Burn,CREAMS,24.RiceResidueFireBulletin_08Oct_2023_ICAR.pdf
31.3246_75.2023_2023-10-03_0834_N_VIIRS,CR_750,31.32464,75.20233,2023-10-03 14:00:48,2023-10-03 08:34:00,0.073,-5.45,N,Agricultural Burn,CREAMS,19.RiceResidueFireBulletin_03Oct_2023_ICAR.pdf
31.2857_75.1800_2023-10-03_0834_N_VIIRS,CR_749,31.28572,75.18004,2023-10-03 14:00:48,2023-10-03 08:34:00,0.073,-5.45,N,Agricultural Burn,CREAMS,19.RiceResidueFireBulletin_03Oct_2023_ICAR.pdf
30.5975_76.8298_2023-10-08_0840_N_VIIRS,CR_1429,30.59749,76.82984,2023-10-08 14:06:29,2023-10-08 08:40:00,0.073,-5.44,N,Agricultural Burn,CREAMS,24.RiceResidueFireBulletin_08Oct_2023_ICAR.pdf
30.9416_75.3695_2023-10-08_0840_N_VIIRS,CR_1403,30.94156,75.36953,2023-10-08 14:06:29,2023-10-08 08:40:00,0.073,-5.44,N,Agricultural Burn,CREAMS,24.RiceResidueFireBulletin_08Oct_2023_ICAR.pdf
22.6097_75.2709_2023-10-06_2003_N_VIIRS,CR_1360,22.6097,75.2709,2023-10-07 01:35:50,2023-10-06 20:03:00,0.073,-5.55,N,Agricultural Burn,CREAMS,23.RiceResidueFireBulletin_07Oct_2023_ICAR.pdf
24.7922_76.5937_2023-10-08_0838_N_VIIRS,CR_1538,24.79225,76.59367,2023-10-08 14:06:29,2023-10-08 08:38:00,0.073,-5.47,N,Agricultural Burn,CREAMS,24.RiceResidueFireBulletin_08Oct_2023_ICAR.pdf
31.2691_75.1498_2023-10-03_0834_N_VIIRS,CR_746,31.26913,75.14979,2023-10-03 14:00:48,2023-10-03 08:34:00,0.073,-5.45,N,Agricultural Burn,CREAMS,19.RiceResidueFireBulletin_03Oct_2023_ICAR.pdf
31.2797_75.1646_2023-10-03_0834_N_VIIRS,CR_748,31.2797,75.16462,2023-10-03 14:00:48,2023-10-03 08:34:00,0.073,-5.45,N,Agricultural Burn,CREAMS,19.RiceResidueFireBulletin_03Oct_2023_ICAR.pdf
31.2410_75.1425_2023-10-03_0834_N_VIIRS,CR_742,31.24095,75.14255,2023-10-03 14:00:48,2023-10-03 08:34:00,0.073,-5.45,N,Agricultural Burn,CREAMS,19.RiceResidueFireBulletin_03Oct_2023_ICAR.pdf
31.2541_75.1356_2023-10-03_0834_N_VIIRS,CR_745,31.25407,75.13557,2023-10-03 14:00:48,2023-10-03 08:34:00,0.073,-5.45,N,Agricultural Burn,CREAMS,19.RiceResidueFireBulletin_03Oct_2023_ICAR.pdf
31.2515_75.1573_2023-10-03_0834_N_VIIRS,CR_744,31.25146,75.15734,2023-10-03 14:00:48,2023-10-03 08:34:00,0.074,-5.45,N,Agricultural Burn,CREAMS,19.RiceResidueFireBulletin_03Oct_2023_ICAR.pdf
29.5233_77.0315_2023-09-23_0821_N_VIIRS,CR_22,29.5233,77.03155,2023-09-23 13:48:02,2023-09-23 08:21:00,0.074,-5.45,N,Agricultural Burn,CREAMS,09.RiceResidueFireBulletin_23Sep_2023_ICAR.pdf
31.3211_74.6182_2023-10-03_0834_N_VIIRS,CR_761,31.32114,74.61822,2023-10-03 14:00:48,2023-10-03 08:34:00,0.074,-5.45,N,Agricultural Burn,CREAMS,19.RiceResidueFireBulletin_03Oct_2023_ICAR.pdf
31.3552_75.2803_2023-10-03_0834_N_VIIRS,CR_739,31.35517,75.28029,2023-10-03 14:00:48,2023-10-03 08:34:00,0.074,-5.45,N,Agricultural Burn,CREAMS,19.RiceResidueFireBulletin_03Oct_2023_ICAR.pdf
31.2792_75.1593_2023-10-03_0834_N_VIIRS,CR_747,31.2792,75.15931,2023-10-03 14:00:48,2023-10-03 08:34:00,0.074,-5.45,N,Agricultural Burn,CREAMS,19.RiceResidueFireBulletin_03Oct_2023_ICAR.pdf
29.6604_74.5104_2023-10-08_0840_N_VIIRS,CR_1544,29.66041,74.51043,2023-10-08 14:06:29,2023-10-08 08:40:00,0.074,-5.44,N,Agricultural Burn,CREAMS,24.RiceResidueFireBulletin_08Oct_2023_ICAR.pdf
30.1883_76.6809_2023-10-08_0840_N_VIIRS,CR_1456,30.18827,76.68087,2023-10-08 14:06:29,2023-10-08 08:40:00,0.075,-5.44,N,Agricultural Burn,CREAMS,24.RiceResidueFireBulletin_08Oct_2023_ICAR.pdf
31.2592_75.1406_2023-10-02_0713_N_VIIRS,CR_618,31.25916,75.14059,2023-10-02 12:39:27,2023-10-02 07:13:00,0.075,-5.44,N,Agricultural Burn,CREAMS,18.RiceResidueFireBulletin_02Oct_2023_ICAR.pdf
31.4044_75.2136_2023-10-02_0713_N_VIIRS,CR_613,31.40436,75.21362,2023-10-02 12:39:27,2023-10-02 07:13:00,0.075,-5.44,N,Agricultural Burn,CREAMS,18.RiceResidueFireBulletin_02Oct_2023_ICAR.pdf
30.2682_76.2616_2023-10-08_0840_N_VIIRS,CR_1404,30.26819,76.26161,2023-10-08 14:06:29,2023-10-08 08:40:00,0.075,-5.44,N,Agricultural Burn,CREAMS,24.RiceResidueFireBulletin_08Oct_2023_ICAR.pdf
30.9530_74.5794_2023-10-08_0840_N_VIIRS,CR_1391,30.95297,74.57935,2023-10-08 14:06:29,2023-10-08 08:40:00,0.075,-5.44,N,Agricultural Burn,CREAMS,24.RiceResidueFireBulletin_08Oct_2023_ICAR.pdf
30.4202_76.3859_2023-10-08_0840_N_VIIRS,CR_1406,30.42019,76.38585,2023-10-08 14:06:29,2023-10-08 08:40:00,0.075,-5.44,N,Agricultural Burn,CREAMS,24.RiceResidueFireBulletin_08Oct_2023_ICAR.pdf
31.2565_75.1307_2023-10-02_0713_N_VIIRS,CR_617,31.25652,75.13066,2023-10-02 12:39:27,2023-10-02 07:13:00,0.075,-5.44,N,Agricultural Burn,CREAMS,18.RiceResidueFireBulletin_02Oct_2023_ICAR.pdf
30.2844_77.1849_2023-09-28_0828_N_VIIRS,CR_105,30.28444,77.18494,2023-09-28 13:54:25,2023-09-28 08:28:00,0.076,-5.44,N,Agricultural Burn,CREAMS,14.RiceResidueFireBulletin_28Sep_2023_ICAR.pdf
31.7817_74.9849_2023-10-08_0840_N_VIIRS,CR_1377,31.7817,74.9849,2023-10-08 14:06:29,2023-10-08 08:40:00,0.076,-5.44,N,Agricultural Burn,CREAMS,24.RiceResidueFireBulletin_08Oct_2023_ICAR.pdf
30.2546_77.2140_2023-10-02_0712_N_VIIRS,CR_667,30.25459,77.21404,2023-10-02 12:39:27,2023-10-02 07:12:00,0.076,-5.46,N,Agricultural Burn,CREAMS,18.RiceResidueFireBulletin_02Oct_2023_ICAR.pdf
22.6814_75.9055_2023-09-30_2016_N_VIIRS,CR_521,22.68139,75.90548,2023-10-01 01:48:22,2023-09-30 20:16:00,0.076,-5.54,N,Agricultural Burn,CREAMS,17.RiceResidueFireBulletin_01Oct_2023_ICAR.pdf
30.2604_76.8424_2023-10-08_0840_N_VIIRS,CR_1457,30.26041,76.84238,2023-10-08 14:06:29,2023-10-08 08:40:00,0.076,-5.44,N,Agricultural Burn,CREAMS,24.RiceResidueFireBulletin_08Oct_2023_ICAR.pdf
29.5653_76.9959_2023-09-23_0821_N_VIIRS,CR_24,29.56532,76.99591,2023-09-23 13:48:02,2023-09-23 08:21:00,0.076,-5.45,N,Agricultural Burn,CREAMS,09.RiceResidueFireBulletin_23Sep_2023_ICAR.pdf
29.6664_75.8625_2023-10-08_0840_N_VIIRS,CR_1470,29.66643,75.86248,2023-10-08 14:06:29,2023-10-08 08:40:00,0.076,-5.44,N,Agricultural Burn,CREAMS,24.RiceResidueFireBulletin_08Oct_2023_ICAR.pdf
24.7127_76.7444_2023-10-07_0717_N_VIIRS,CR_1349,24.71269,76.74444,2023-10-07 12:45:07,2023-10-07 07:17:00,0.077,-5.47,N,Agricultural Burn,CREAMS,23.RiceResidueFireBulletin_07Oct_2023_ICAR.pdf
30.7477_76.3826_2023-10-07_0719_N_VIIRS,CR_1316,30.74771,76.38261,2023-10-07 12:45:07,2023-10-07 07:19:00,0.077,-5.44,N,Agricultural Burn,CREAMS,23.RiceResidueFireBulletin_07Oct_2023_ICAR.pdf
30.2834_76.4650_2023-10-08_0840_N_VIIRS,CR_1418,30.28341,76.465,2023-10-08 14:06:29,2023-10-08 08:40:00,0.077,-5.44,N,Agricultural Burn,CREAMS,24.RiceResidueFireBulletin_08Oct_2023_ICAR.pdf
31.8614_74.6753_2023-10-01_0732_N_VIIRS,CR_355,31.86142,74.67525,2023-10-01 12:57:39,2023-10-01 07:32:00,0.077,-5.43,N,Agricultural Burn,CREAMS,17.RiceResidueFireBulletin_01Oct_2023_ICAR.pdf
29.6423_75.8822_2023-10-08_0840_N_VIIRS,CR_1469,29.64225,75.88225,2023-10-08 14:06:29,2023-10-08 08:40:00,0.077,-5.44,N,Agricultural Burn,CREAMS,24.RiceResidueFireBulletin_08Oct_2023_ICAR.pdf
29.6371_75.8828_2023-10-08_0840_N_VIIRS,CR_1467,29.63713,75.88277,2023-10-08 14:06:29,2023-10-08 08:40:00,0.077,-5.44,N,Agricultural Burn,CREAMS,24.RiceResidueFireBulletin_08Oct_2023_ICAR.pdf
31.5775_75.2942_2023-10-02_0713_N_VIIRS,CR_583,31.57751,75.29416,2023-10-02 12:39:27,2023-10-02 07:13:00,0.077,-5.44,N,Agricultural Burn,CREAMS,18.RiceResidueFireBulletin_02Oct_2023_ICAR.pdf
23.5333_76.9591_2023-10-08_0838_N_VIIRS,CR_1562,23.53332,76.9591,2023-10-08 14:06:29,2023-10-08 08:38:00,0.077,-5.47,N,Agricultural Burn,CREAMS,24.RiceResidueFireBulletin_08Oct_2023_ICAR.pdf
29.6616_74.5080_2023-10-08_0840_N_VIIRS,CR_1545,29.66162,74.50798,2023-10-08 14:06:29,2023-10-08 08:40:00,0.077,-5.44,N,Agricultural Burn,CREAMS,24.RiceResidueFireBulletin_08Oct_2023_ICAR.pdf
29.9626_76.1193_2023-10-07_0718_N_VIIRS,CR_1324,29.96259,76.11935,2023-10-07 12:45:07,2023-10-07 07:18:00,0.077,-5.45,N,Agricultural Burn,CREAMS,23.RiceResidueFireBulletin_07Oct_2023_ICAR.pdf
30.2153_76.9814_2023-10-08_0840_N_VIIRS,CR_1460,30.21525,76.9814,2023-10-08 14:06:29,2023-10-08 08:40:00,0.077,-5.44,N,Agricultural Burn,CREAMS,24.RiceResidueFireBulletin_08Oct_2023_ICAR.pdf
30.2256_77.0936_2023-10-02_0712_N_VIIRS,CR_646,30.22562,77.09358,2023-10-02 12:39:27,2023-10-02 07:12:00,0.078,-5.46,N,Agricultural Burn,CREAMS,18.RiceResidueFireBulletin_02Oct_2023_ICAR.pdf
24.6845_76.7438_2023-10-08_0838_N_VIIRS,CR_1539,24.68453,76.7438,2023-10-08 14:06:29,2023-10-08 08:38:00,0.078,-5.47,N,Agricultural Burn,CREAMS,24.RiceResidueFireBulletin_08Oct_2023_ICAR.pdf
30.4092_76.5259_2023-10-08_0840_N_VIIRS,CR_1405,30.40918,76.52589,2023-10-08 14:06:29,2023-10-08 08:40:00,0.078,-5.44,N,Agricultural Burn,CREAMS,24.RiceResidueFireBulletin_08Oct_2023_ICAR.pdf
29.8323_76.6343_2023-10-07_0718_N_VIIRS,CR_1335,29.83227,76.63428,2023-10-07 12:45:07,2023-10-07 07:18:00,0.078,-5.45,N,Agricultural Burn,CREAMS,23.RiceResidueFireBulletin_07Oct_2023_ICAR.pdf
31.3548_75.0738_2023-10-03_0834_N_VIIRS,CR_763,31.35482,75.07381,2023-10-03 14:00:48,2023-10-03 08:34:00,0.078,-5.45,N,Agricultural Burn,CREAMS,19.RiceResidueFireBulletin_03Oct_2023_ICAR.pdf
31.3990_75.1058_2023-10-03_0834_N_VIIRS,CR_767,31.399,75.1058,2023-10-03 14:00:48,2023-10-03 08:34:00,0.078,-5.45,N,Agricultural Burn,CREAMS,19.RiceResidueFireBulletin_03Oct_2023_ICAR.pdf
31.4343_75.1391_2023-10-03_0834_N_VIIRS,CR_770,31.4343,75.1391,2023-10-03 14:00:48,2023-10-03 08:34:00,0.078,-5.45,N,Agricultural Burn,CREAMS,19.RiceResidueFireBulletin_03Oct_2023_ICAR.pdf
29.6405_75.8616_2023-10-08_0840_N_VIIRS,CR_1468,29.64054,75.86163,2023-10-08 14:06:29,2023-10-08 08:40:00,0.078,-5.44,N,Agricultural Burn,CREAMS,24.RiceResidueFireBulletin_08Oct_2023_ICAR.pdf
29.5867_75.8984_2023-10-08_0840_N_VIIRS,CR_1465,29.58668,75.89838,2023-10-08 14:06:29,2023-10-08 08:40:00,0.078,-5.44,N,Agricultural Burn,CREAMS,24.RiceResidueFireBulletin_08Oct_2023_ICAR.pdf
29.6351_75.9213_2023-10-08_0840_N_VIIRS,CR_1466,29.63512,75.92126,2023-10-08 14:06:29,2023-10-08 08:40:00,0.078,-5.44,N,Agricultural Burn,CREAMS,24.RiceResidueFireBulletin_08Oct_2023_ICAR.pdf
31.3864_75.1181_2023-10-03_0834_N_VIIRS,CR_766,31.38639,75.11806,2023-10-03 14:00:48,2023-10-03 08:34:00,0.078,-5.45,N,Agricultural Burn,CREAMS,19.RiceResidueFireBulletin_03Oct_2023_ICAR.pdf
31.2583_75.1378_2023-10-07_0719_N_VIIRS,CR_1319,31.25828,75.13779,2023-10-07 12:45:07,2023-10-07 07:19:00,0.079,-5.44,N,Agricultural Burn,CREAMS,23.RiceResidueFireBulletin_07Oct_2023_ICAR.pdf
30.4116_77.0561_2023-10-07_0718_N_VIIRS,CR_1331,30.41157,77.05613,2023-10-07 12:45:07,2023-10-07 07:18:00,0.079,-5.45,N,Agricultural Burn,CREAMS,23.RiceResidueFireBulletin_07Oct_2023_ICAR.pdf
31.5464_75.0546_2023-10-02_0713_N_VIIRS,CR_536,31.54639,75.05458,2023-10-02 12:39:27,2023-10-02 07:13:00,0.079,-5.44,N,Agricultural Burn,CREAMS,18.RiceResidueFireBulletin_02Oct_2023_ICAR.pdf
30.2875_77.1337_2023-10-08_0840_N_VIIRS,CR_1461,30.28748,77.13367,2023-10-08 14:06:29,2023-10-08 08:40:00,0.079,-5.44,N,Agricultural Burn,CREAMS,24.RiceResidueFireBulletin_08Oct_2023_ICAR.pdf
30.2547_77.1450_2023-10-08_0840_N_VIIRS,CR_1509,30.25469,77.14498,2023-10-08 14:06:29,2023-10-08 08:40:00,0.079,-5.44,N,Agricultural Burn,CREAMS,24.RiceResidueFireBulletin_08Oct_2023_ICAR.pdf
30.2729_77.1646_2023-10-08_0840_N_VIIRS,CR_1510,30.2729,77.16458,2023-10-08 14:06:29,2023-10-08 08:40:00,0.079,-5.44,N,Agricultural Burn,CREAMS,24.RiceResidueFireBulletin_08Oct_2023_ICAR.pdf
29.1317_76.9731_2023-09-21_0719_N_VIIRS,CR_17,29.13168,76.97308,2023-09-21 12:46:18,2023-09-21 07:19:00,0.079,-5.46,N,Agricultural Burn,CREAMS,07.RiceResidueFireBulletin_21Sep_2023_ICAR.pdf
30.4105_77.3157_2023-10-03_0834_N_VIIRS,CR_799,30.41051,77.31573,2023-10-03 14:00:48,2023-10-03 08:34:00,0.079,-5.45,N,Agricultural Burn,CREAMS,19.RiceResidueFireBulletin_03Oct_2023_ICAR.pdf
31.4151_75.0824_2023-10-03_0834_N_VIIRS,CR_768,31.41513,75.08241,2023-10-03 14:00:48,2023-10-03 08:34:00,0.079,-5.45,N,Agricultural Burn,CREAMS,19.RiceResidueFireBulletin_03Oct_2023_ICAR.pdf
29.5530_76.0820_2023-10-08_0840_N_VIIRS,CR_1485,29.55303,76.08199,2023-10-08 14:06:29,2023-10-08 08:40:00,0.08,-5.44,N,Agricultural Burn,CREAMS,24.RiceResidueFireBulletin_08Oct_2023_ICAR.pdf
30.2620_76.7738_2023-10-08_0840_N_VIIRS,CR_1459,30.26205,76.77381,2023-10-08 14:06:29,2023-10-08 08:40:00,0.08,-5.44,N,Agricultural Burn,CREAMS,24.RiceResidueFireBulletin_08Oct_2023_ICAR.pdf
31.2680_75.1302_2023-10-07_0719_N_VIIRS,CR_1320,31.26797,75.13021,2023-10-07 12:45:07,2023-10-07 07:19:00,0.08,-5.44,N,Agricultural Burn,CREAMS,23.RiceResidueFireBulletin_07Oct_2023_ICAR.pdf
24.7577_77.0327_2023-10-08_0838_N_VIIRS,CR_1553,24.75768,77.03273,2023-10-08 14:06:29,2023-10-08 08:38:00,0.08,-5.47,N,Agricultural Burn,CREAMS,24.RiceResidueFireBulletin_08Oct_2023_ICAR.pdf
28.0149_77.5706_2023-10-07_0718_N_VIIRS,CR_1344,28.01491,77.57056,2023-10-07 12:45:07,2023-10-07 07:18:00,0.08,-5.45,N,Agricultural Burn,CREAMS,23.RiceResidueFireBulletin_07Oct_2023_ICAR.pdf
31.4862_74.9942_2023-10-02_0713_N_VIIRS,CR_644,31.48619,74.99417,2023-10-02 12:39:27,2023-10-02 07:13:00,0.08,-5.44,N,Agricultural Burn,CREAMS,18.RiceResidueFireBulletin_02Oct_2023_ICAR.pdf
31.5451_75.0496_2023-10-02_0713_N_VIIRS,CR_534,31.5451,75.04964,2023-10-02 12:39:27,2023-10-02 07:13:00,0.08,-5.44,N,Agricultural Burn,CREAMS,18.RiceResidueFireBulletin_02Oct_2023_ICAR.pdf
28.8471_77.1463_2023-10-01_1955_N_VIIRS,CR_664,28.84709,77.14635,2023-10-02 01:29:27,2023-10-01 19:55:00,0.08,-5.57,N,Agricultural Burn,CREAMS,18.RiceResidueFireBulletin_02Oct_2023_ICAR.pdf
30.0415_75.6685_2023-10-08_0840_N_VIIRS,CR_1422,30.04148,75.66853,2023-10-08 14:06:29,2023-10-08 08:40:00,0.08,-5.44,N,Agricultural Burn,CREAMS,24.RiceResidueFireBulletin_08Oct_2023_ICAR.pdf
29.5493_76.0362_2023-10-08_0840_N_VIIRS,CR_1480,29.54927,76.03625,2023-10-08 14:06:29,2023-10-08 08:40:00,0.08,-5.44,N,Agricultural Burn,CREAMS,24.RiceResidueFireBulletin_08Oct_2023_ICAR.pdf
29.0784_77.0274_2023-10-08_0840_N_VIIRS,CR_1505,29.07838,77.02743,2023-10-08 14:06:29,2023-10-08 08:40:00,0.08,-5.44,N,Agricultural Burn,CREAMS,24.RiceResidueFireBulletin_08Oct_2023_ICAR.pdf
30.0468_75.7955_2023-10-08_0840_N_VIIRS,CR_1423,30.04676,75.79546,2023-10-08 14:06:29,2023-10-08 08:40:00,0.081,-5.44,N,Agricultural Burn,CREAMS,24.RiceResidueFireBulletin_08Oct_2023_ICAR.pdf
26.9664_78.9784_2023-10-08_0839_N_VIIRS,CR_1520,26.96642,78.97839,2023-10-08 14:06:29,2023-10-08 08:39:00,0.081,-5.46,N,Agricultural Burn,CREAMS,24.RiceResidueFireBulletin_08Oct_2023_ICAR.pdf
25.8236_78.4090_2023-10-03_0833_N_VIIRS,CR_817,25.82356,78.409,2023-10-03 14:00:48,2023-10-03 08:33:00,0.082,-5.46,N,Agricultural Burn,CREAMS,19.RiceResidueFireBulletin_03Oct_2023_ICAR.pdf
31.7187_75.1317_2023-10-01_0732_N_VIIRS,CR_435,31.71872,75.13174,2023-10-01 12:57:39,2023-10-01 07:32:00,0.082,-5.43,N,Agricultural Burn,CREAMS,17.RiceResidueFireBulletin_01Oct_2023_ICAR.pdf
31.3245_75.0542_2023-10-07_0719_N_VIIRS,CR_1326,31.32452,75.05421,2023-10-07 12:45:07,2023-10-07 07:19:00,0.082,-5.44,N,Agricultural Burn,CREAMS,23.RiceResidueFireBulletin_07Oct_2023_ICAR.pdf
30.1277_77.0744_2023-10-07_0718_N_VIIRS,CR_1342,30.1277,77.0744,2023-10-07 12:45:07,2023-10-07 07:18:00,0.082,-5.45,N,Agricultural Burn,CREAMS,23.RiceResidueFireBulletin_07Oct_2023_ICAR.pdf
27.2717_81.1336_2023-10-09_0820_N_VIIRS,CR_1649,27.27167,81.13364,2023-10-09 13:47:33,2023-10-09 08:20:00,0.082,-5.46,N,Agricultural Burn,CREAMS,25.RiceResidueFireBulletin_09Oct_2023_ICAR.pdf
30.2543_77.2118_2023-10-02_0712_N_VIIRS,CR_666,30.25431,77.21178,2023-10-02 12:39:27,2023-10-02 07:12:00,0.082,-5.46,N,Agricultural Burn,CREAMS,18.RiceResidueFireBulletin_02Oct_2023_ICAR.pdf
31.2577_75.1378_2023-10-07_0719_N_VIIRS,CR_1318,31.25768,75.13783,2023-10-07 12:45:07,2023-10-07 07:19:00,0.083,-5.44,N,Agricultural Burn,CREAMS,23.RiceResidueFireBulletin_07Oct_2023_ICAR.pdf
31.4244_75.4822_2023-10-03_0834_N_VIIRS,CR_736,31.4244,75.48219,2023-10-03 14:00:48,2023-10-03 08:34:00,0.083,-5.45,N,Agricultural Burn,CREAMS,19.RiceResidueFireBulletin_03Oct_2023_ICAR.pdf
31.7278_75.1514_2023-10-01_0732_N_VIIRS,CR_436,31.72783,75.15145,2023-10-01 12:57:39,2023-10-01 07:32:00,0.083,-5.43,N,Agricultural Burn,CREAMS,17.RiceResidueFireBulletin_01Oct_2023_ICAR.pdf
31.7140_75.1107_2023-10-01_0732_N_VIIRS,CR_394,31.71404,75.11066,2023-10-01 12:57:39,2023-10-01 07:32:00,0.083,-5.43,N,Agricultural Burn,CREAMS,17.RiceResidueFireBulletin_01Oct_2023_ICAR.pdf
31.7505_75.0603_2023-10-01_0732_N_VIIRS,CR_400,31.75045,75.06033,2023-10-01 12:57:39,2023-10-01 07:32:00,0.083,-5.43,N,Agricultural Burn,CREAMS,17.RiceResidueFireBulletin_01Oct_2023_ICAR.pdf
30.0726_76.6838_2023-10-02_0712_N_VIIRS,CR_659,30.07263,76.68384,2023-10-02 12:39:27,2023-10-02 07:12:00,0.083,-5.46,N,Agricultural Burn,CREAMS,18.RiceResidueFireBulletin_02Oct_2023_ICAR.pdf
30.1388_77.0994_2023-10-07_0718_N_VIIRS,CR_1341,30.13876,77.09936,2023-10-07 12:45:07,2023-10-07 07:18:00,0.083,-5.45,N,Agricultural Burn,CREAMS,23.RiceResidueFireBulletin_07Oct_2023_ICAR.pdf
22.1430_77.1026_2023-10-08_0838_N_VIIRS,CR_1555,22.14303,77.10259,2023-10-08 14:06:29,2023-10-08 08:38:00,0.083,-5.47,N,Agricultural Burn,CREAMS,24.RiceResidueFireBulletin_08Oct_2023_ICAR.pdf
29.6519_76.5352_2023-10-08_0840_N_VIIRS,CR_1490,29.65187,76.53522,2023-10-08 14:06:29,2023-10-08 08:40:00,0.083,-5.44,N,Agricultural Burn,CREAMS,24.RiceResidueFireBulletin_08Oct_2023_ICAR.pdf
31.7880_74.9923_2023-10-01_0732_N_VIIRS,CR_406,31.788,74.99229,2023-10-01 12:57:39,2023-10-01 07:32:00,0.083,-5.43,N,Agricultural Burn,CREAMS,17.RiceResidueFireBulletin_01Oct_2023_ICAR.pdf
31.7658_75.0217_2023-10-01_0732_N_VIIRS,CR_402,31.76581,75.02174,2023-10-01 12:57:39,2023-10-01 07:32:00,0.083,-5.43,N,Agricultural Burn,CREAMS,17.RiceResidueFireBulletin_01Oct_2023_ICAR.pdf
31.7280_74.9951_2023-09-27_0847_N_VIIRS,CR_43,31.72805,74.99506,2023-09-27 14:13:21,2023-09-27 08:47:00,0.084,-5.44,N,Agricultural Burn,CREAMS,13.RiceResidueFireBulletin_27Sep_2023_ICAR.pdf
30.1187_76.1011_2023-10-08_0840_N_VIIRS,CR_1417,30.11868,76.10108,2023-10-08 14:06:29,2023-10-08 08:40:00,0.084,-5.44,N,Agricultural Burn,CREAMS,24.RiceResidueFireBulletin_08Oct_2023_ICAR.pdf
31.7413_74.9318_2023-10-01_0732_N_VIIRS,CR_399,31.74132,74.93179,2023-10-01 12:57:39,2023-10-01 07:32:00,0.084,-5.43,N,Agricultural Burn,CREAMS,17.RiceResidueFireBulletin_01Oct_2023_ICAR.pdf
31.6733_74.9923_2023-10-01_0732_N_VIIRS,CR_382,31.67331,74.99232,2023-10-01 12:57:39,2023-10-01 07:32:00,0.084,-5.43,N,Agricultural Burn,CREAMS,17.RiceResidueFireBulletin_01Oct_2023_ICAR.pdf
31.7370_74.9654_2023-09-27_0847_N_VIIRS,CR_45,31.73701,74.96539,2023-09-27 14:13:21,2023-09-27 08:47:00,0.084,-5.44,N,Agricultural Burn,CREAMS,13.RiceResidueFireBulletin_27Sep_2023_ICAR.pdf
31.7159_75.0763_2023-10-01_0732_N_VIIRS,CR_395,31.7159,75.07627,2023-10-01 12:57:39,2023-10-01 07:32:00,0.084,-5.43,N,Agricultural Burn,CREAMS,17.RiceResidueFireBulletin_01Oct_2023_ICAR.pdf
31.7111_74.9883_2023-09-27_0847_N_VIIRS,CR_41,31.71106,74.98829,2023-09-27 14:13:21,2023-09-27 08:47:00,0.084,-5.44,N,Agricultural Burn,CREAMS,13.RiceResidueFireBulletin_27Sep_2023_ICAR.pdf
31.7127_75.0130_2023-09-27_0847_N_VIIRS,CR_42,31.71272,75.01296,2023-09-27 14:13:21,2023-09-27 08:47:00,0.084,-5.44,N,Agricultural Burn,CREAMS,13.RiceResidueFireBulletin_27Sep_2023_ICAR.pdf
29.4342_76.7638_2023-10-11_2008_N_VIIRS,CR_2001,29.43418,76.76375,2023-10-12 01:41:30,2023-10-11 20:08:00,0.084,-5.56,N,Agricultural Burn,CREAMS,28.RiceResidueFireBulletin_12Oct_2023_ICAR.pdf
31.7212_74.9493_2023-10-01_0732_N_VIIRS,CR_397,31.72122,74.94933,2023-10-01 12:57:39,2023-10-01 07:32:00,0.085,-5.43,N,Agricultural Burn,CREAMS,17.RiceResidueFireBulletin_01Oct_2023_ICAR.pdf
31.7161_74.9910_2023-10-01_0732_N_VIIRS,CR_396,31.71608,74.991,2023-10-01 12:57:39,2023-10-01 07:32:00,0.085,-5.43,N,Agricultural Burn,CREAMS,17.RiceResidueFireBulletin_01Oct_2023_ICAR.pdf
30.2256_77.0957_2023-10-02_0712_N_VIIRS,CR_665,30.22558,77.09573,2023-10-02 12:39:27,2023-10-02 07:12:00,0.085,-5.46,N,Agricultural Burn,CREAMS,18.RiceResidueFireBulletin_02Oct_2023_ICAR.pdf
30.3139_77.1022_2023-10-02_0712_N_VIIRS,CR_651,30.31393,77.10223,2023-10-02 12:39:27,2023-10-02 07:12:00,0.085,-5.46,N,Agricultural Burn,CREAMS,18.RiceResidueFireBulletin_02Oct_2023_ICAR.pdf
31.7784_75.0577_2023-10-01_0732_N_VIIRS,CR_403,31.7784,75.05766,2023-10-01 12:57:39,2023-10-01 07:32:00,0.085,-5.43,N,Agricultural Burn,CREAMS,17.RiceResidueFireBulletin_01Oct_2023_ICAR.pdf
30.0981_76.1725_2023-10-08_0840_N_VIIRS,CR_1415,30.09809,76.17249,2023-10-08 14:06:29,2023-10-08 08:40:00,0.085,-5.44,N,Agricultural Burn,CREAMS,24.RiceResidueFireBulletin_08Oct_2023_ICAR.pdf
31.7796_74.9318_2023-10-01_0732_N_VIIRS,CR_405,31.77964,74.93176,2023-10-01 12:57:39,2023-10-01 07:32:00,0.085,-5.43,N,Agricultural Burn,CREAMS,17.RiceResidueFireBulletin_01Oct_2023_ICAR.pdf
31.4181_75.1535_2023-10-02_0853_N_VIIRS,CR_639,31.41806,75.15353,2023-10-02 14:19:44,2023-10-02 08:53:00,0.085,-5.45,N,Agricultural Burn,CREAMS,18.RiceResidueFireBulletin_02Oct_2023_ICAR.pdf
31.7553_74.9735_2023-10-01_0732_N_VIIRS,CR_401,31.75526,74.97353,2023-10-01 12:57:39,2023-10-01 07:32:00,0.085,-5.43,N,Agricultural Burn,CREAMS,17.RiceResidueFireBulletin_01Oct_2023_ICAR.pdf
31.7445_74.9936_2023-09-27_0847_N_VIIRS,CR_46,31.74449,74.99364,2023-09-27 14:13:21,2023-09-27 08:47:00,0.085,-5.44,N,Agricultural Burn,CREAMS,13.RiceResidueFireBulletin_27Sep_2023_ICAR.pdf
31.7283_74.9992_2023-09-27_0847_N_VIIRS,CR_44,31.72833,74.99918,2023-09-27 14:13:21,2023-09-27 08:47:00,0.085,-5.44,N,Agricultural Burn,CREAMS,13.RiceResidueFireBulletin_27Sep_2023_ICAR.pdf
31.6789_75.0868_2023-09-27_0847_N_VIIRS,CR_39,31.67893,75.08678,2023-09-27 14:13:21,2023-09-27 08:47:00,0.085,-5.44,N,Agricultural Burn,CREAMS,13.RiceResidueFireBulletin_27Sep_2023_ICAR.pdf
31.6972_75.0138_2023-10-01_0732_N_VIIRS,CR_383,31.69724,75.01378,2023-10-01 12:57:39,2023-10-01 07:32:00,0.085,-5.43,N,Agricultural Burn,CREAMS,17.RiceResidueFireBulletin_01Oct_2023_ICAR.pdf
31.6908_75.0149_2023-09-27_0847_N_VIIRS,CR_37,31.69079,75.0149,2023-09-27 14:13:21,2023-09-27 08:47:00,0.085,-5.44,N,Agricultural Burn,CREAMS,13.RiceResidueFireBulletin_27Sep_2023_ICAR.pdf
31.6883_74.9779_2023-09-27_0847_N_VIIRS,CR_55,31.68832,74.97791,2023-09-27 14:13:21,2023-09-27 08:47:00,0.085,-5.44,N,Agricultural Burn,CREAMS,13.RiceResidueFireBulletin_27Sep_2023_ICAR.pdf
22.2653_75.1306_2023-10-11_2010_N_VIIRS,CR_2008,22.26534,75.13061,2023-10-12 01:41:30,2023-10-11 20:10:00,0.086,-5.53,N,Agricultural Burn,CREAMS,28.RiceResidueFireBulletin_12Oct_2023_ICAR.pdf
31.6792_75.0909_2023-09-27_0847_N_VIIRS,CR_54,31.6792,75.09094,2023-09-27 14:13:21,2023-09-27 08:47:00,0.086,-5.44,N,Agricultural Burn,CREAMS,13.RiceResidueFireBulletin_27Sep_2023_ICAR.pdf
31.7371_74.9561_2023-10-01_0732_N_VIIRS,CR_398,31.73708,74.95606,2023-10-01 12:57:39,2023-10-01 07:32:00,0.086,-5.43,N,Agricultural Burn,CREAMS,17.RiceResidueFireBulletin_01Oct_2023_ICAR.pdf
31.3883_75.0576_2023-10-02_0853_N_VIIRS,CR_637,31.38834,75.0576,2023-10-02 14:19:44,2023-10-02 08:53:00,0.086,-5.45,N,Agricultural Burn,CREAMS,18.RiceResidueFireBulletin_02Oct_2023_ICAR.pdf
31.6748_75.1081_2023-09-27_0847_N_VIIRS,CR_53,31.67476,75.10809,2023-09-27 14:13:21,2023-09-27 08:47:00,0.086,-5.44,N,Agricultural Burn,CREAMS,13.RiceResidueFireBulletin_27Sep_2023_ICAR.pdf
31.8161_75.0320_2023-10-01_0732_N_VIIRS,CR_441,31.81606,75.03204,2023-10-01 12:57:39,2023-10-01 07:32:00,0.086,-5.43,N,Agricultural Burn,CREAMS,17.RiceResidueFireBulletin_01Oct_2023_ICAR.pdf
31.8052_74.9839_2023-09-27_0707_N_VIIRS,CR_49,31.80515,74.98395,2023-09-27 12:33:03,2023-09-27 07:07:00,0.086,-5.43,N,Agricultural Burn,CREAMS,13.RiceResidueFireBulletin_27Sep_2023_ICAR.pdf
31.6965_75.0185_2023-09-27_0847_N_VIIRS,CR_38,31.69654,75.01853,2023-09-27 14:13:21,2023-09-27 08:47:00,0.086,-5.44,N,Agricultural Burn,CREAMS,13.RiceResidueFireBulletin_27Sep_2023_ICAR.pdf
31.7183_74.8925_2023-10-01_0732_N_VIIRS,CR_439,31.71828,74.89255,2023-10-01 12:57:39,2023-10-01 07:32:00,0.086,-5.43,N,Agricultural Burn,CREAMS,17.RiceResidueFireBulletin_01Oct_2023_ICAR.pdf
30.2642_76.8978_2023-10-02_0712_N_VIIRS,CR_650,30.2642,76.89783,2023-10-02 12:39:27,2023-10-02 07:12:00,0.086,-5.46,N,Agricultural Burn,CREAMS,18.RiceResidueFireBulletin_02Oct_2023_ICAR.pdf
29.9200_76.8611_2023-10-07_0718_N_VIIRS,CR_1337,29.92005,76.86108,2023-10-07 12:45:07,2023-10-07 07:18:00,0.087,-5.45,N,Agricultural Burn,CREAMS,23.RiceResidueFireBulletin_07Oct_2023_ICAR.pdf
31.3926_75.2392_2023-10-02_0853_N_VIIRS,CR_612,31.39259,75.23919,2023-10-02 14:19:44,2023-10-02 08:53:00,0.087,-5.45,N,Agricultural Burn,CREAMS,18.RiceResidueFireBulletin_02Oct_2023_ICAR.pdf
31.4057_75.1493_2023-10-02_0853_N_VIIRS,CR_638,31.4057,75.14933,2023-10-02 14:19:44,2023-10-02 08:53:00,0.087,-5.45,N,Agricultural Burn,CREAMS,18.RiceResidueFireBulletin_02Oct_2023_ICAR.pdf
30.2513_76.8930_2023-10-02_0712_N_VIIRS,CR_648,30.25132,76.89304,2023-10-02 12:39:27,2023-10-02 07:12:00,0.087,-5.46,N,Agricultural Burn,CREAMS,18.RiceResidueFireBulletin_02Oct_2023_ICAR.pdf
27.8484_77.4823_2023-10-03_0833_N_VIIRS,CR_809,27.84843,77.48235,2023-10-03 14:00:48,2023-10-03 08:33:00,0.087,-5.46,N,Agricultural Burn,CREAMS,19.RiceResidueFireBulletin_03Oct_2023_ICAR.pdf
31.7788_74.9291_2023-10-01_0732_N_VIIRS,CR_404,31.77876,74.92913,2023-10-01 12:57:39,2023-10-01 07:32:00,0.087,-5.43,N,Agricultural Burn,CREAMS,17.RiceResidueFireBulletin_01Oct_2023_ICAR.pdf
31.7819_74.8357_2023-10-01_0732_N_VIIRS,CR_367,31.78189,74.83566,2023-10-01 12:57:39,2023-10-01 07:32:00,0.088,-5.43,N,Agricultural Burn,CREAMS,17.RiceResidueFireBulletin_01Oct_2023_ICAR.pdf
30.9442_74.5524_2023-10-02_0853_N_VIIRS,CR_605,30.94419,74.55241,2023-10-02 14:19:44,2023-10-02 08:53:00,0.088,-5.45,N,Agricultural Burn,CREAMS,18.RiceResidueFireBulletin_02Oct_2023_ICAR.pdf
31.8074_74.9855_2023-10-02_0853_N_VIIRS,CR_576,31.80738,74.98554,2023-10-02 14:19:44,2023-10-02 08:53:00,0.088,-5.45,N,Agricultural Burn,CREAMS,18.RiceResidueFireBulletin_02Oct_2023_ICAR.pdf
31.7879_75.0696_2023-10-02_0853_N_VIIRS,CR_572,31.78794,75.06959,2023-10-02 14:19:44,2023-10-02 08:53:00,0.088,-5.45,N,Agricultural Burn,CREAMS,18.RiceResidueFireBulletin_02Oct_2023_ICAR.pdf
31.7422_75.0056_2023-10-02_0853_N_VIIRS,CR_562,31.74224,75.00563,2023-10-02 14:19:44,2023-10-02 08:53:00,0.088,-5.45,N,Agricultural Burn,CREAMS,18.RiceResidueFireBulletin_02Oct_2023_ICAR.pdf
31.6834_74.9857_2023-10-04_0815_N_VIIRS,CR_838,31.68336,74.98566,2023-10-04 13:41:53,2023-10-04 08:15:00,0.088,-5.45,N,Agricultural Burn,CREAMS,20.RiceResidueFireBulletin_04Oct_2023_ICAR.pdf
31.7417_74.9954_2023-10-02_0853_N_VIIRS,CR_561,31.74169,74.99538,2023-10-02 14:19:44,2023-10-02 08:53:00,0.088,-5.45,N,Agricultural Burn,CREAMS,18.RiceResidueFireBulletin_02Oct_2023_ICAR.pdf
30.9698_74.5379_2023-10-07_0719_N_VIIRS,CR_1317,30.96977,74.53786,2023-10-07 12:45:07,2023-10-07 07:19:00,0.088,-5.44,N,Agricultural Burn,CREAMS,23.RiceResidueFireBulletin_07Oct_2023_ICAR.pdf
27.9335_77.4243_2023-10-03_0833_N_VIIRS,CR_797,27.9335,77.42426,2023-10-03 14:00:48,2023-10-03 08:33:00,0.088,-5.46,N,Agricultural Burn,CREAMS,19.RiceResidueFireBulletin_03Oct_2023_ICAR.pdf
31.3533_74.8841_2023-10-02_0713_N_VIIRS,CR_643,31.35333,74.88406,2023-10-02 12:39:27,2023-10-02 07:13:00,0.088,-5.44,N,Agricultural Burn,CREAMS,18.RiceResidueFireBulletin_02Oct_2023_ICAR.pdf
31.3295_74.7974_2023-10-07_0719_N_VIIRS,CR_1328,31.32954,74.79745,2023-10-07 12:45:07,2023-10-07 07:19:00,0.088,-5.44,N,Agricultural Burn,CREAMS,23.RiceResidueFireBulletin_07Oct_2023_ICAR.pdf
31.7292_74.9860_2023-10-02_0853_N_VIIRS,CR_559,31.72916,74.98602,2023-10-02 14:19:44,2023-10-02 08:53:00,0.088,-5.45,N,Agricultural Burn,CREAMS,18.RiceResidueFireBulletin_02Oct_2023_ICAR.pdf
31.7477_74.9950_2023-10-02_0853_N_VIIRS,CR_565,31.74769,74.99495,2023-10-02 14:19:44,2023-10-02 08:53:00,0.088,-5.45,N,Agricultural Burn,CREAMS,18.RiceResidueFireBulletin_02Oct_2023_ICAR.pdf
31.4329_75.0656_2023-10-02_0713_N_VIIRS,CR_640,31.43293,75.06556,2023-10-02 12:39:27,2023-10-02 07:13:00,0.088,-5.44,N,Agricultural Burn,CREAMS,18.RiceResidueFireBulletin_02Oct_2023_ICAR.pdf
28.3266_80.2431_2023-10-09_0820_N_VIIRS,CR_1646,28.32659,80.24313,2023-10-09 13:47:33,2023-10-09 08:20:00,0.088,-5.46,N,Agricultural Burn,CREAMS,25.RiceResidueFireBulletin_09Oct_2023_ICAR.pdf
31.7502_75.0412_2023-10-02_0853_N_VIIRS,CR_567,31.75015,75.04119,2023-10-02 14:19:44,2023-10-02 08:53:00,0.089,-5.45,N,Agricultural Burn,CREAMS,18.RiceResidueFireBulletin_02Oct_2023_ICAR.pdf
30.6956_76.3987_2023-10-02_0712_N_VIIRS,CR_602,30.69563,76.39874,2023-10-02 12:39:27,2023-10-02 07:12:00,0.089,-5.46,N,Agricultural Burn,CREAMS,18.RiceResidueFireBulletin_02Oct_2023_ICAR.pdf
30.4664_76.9280_2023-09-27_0847_N_VIIRS,CR_57,30.46642,76.92801,2023-09-27 14:13:21,2023-09-27 08:47:00,0.089,-5.44,N,Agricultural Burn,CREAMS,13.RiceResidueFireBulletin_27Sep_2023_ICAR.pdf
27.9588_77.7106_2023-10-02_0712_N_VIIRS,CR_671,27.95877,77.71056,2023-10-02 12:39:27,2023-10-02 07:12:00,0.089,-5.46,N,Agricultural Burn,CREAMS,18.RiceResidueFireBulletin_02Oct_2023_ICAR.pdf
28.8444_77.1479_2023-09-15_1956_N_VIIRS,CR_7,28.84445,77.14795,2023-09-16 01:29:55,2023-09-15 19:56:00,0.09,-5.57,N,Agricultural Burn,CREAMS,02.RiceResidueFireBulletin_16Sep_2023_ICAR.pdf
29.6685_75.8639_2023-10-08_0840_N_VIIRS,CR_1471,29.66846,75.86393,2023-10-08 14:06:29,2023-10-08 08:40:00,0.09,-5.44,N,Agricultural Burn,CREAMS,24.RiceResidueFireBulletin_08Oct_2023_ICAR.pdf
28.0194_77.6702_2023-10-08_0839_N_VIIRS,CR_1513,28.0194,77.67017,2023-10-08 14:06:29,2023-10-08 08:39:00,0.09,-5.46,N,Agricultural Burn,CREAMS,24.RiceResidueFireBulletin_08Oct_2023_ICAR.pdf
30.2606_76.1638_2023-10-07_0718_N_VIIRS,CR_1325,30.2606,76.16376,2023-10-07 12:45:07,2023-10-07 07:18:00,0.09,-5.45,N,Agricultural Burn,CREAMS,23.RiceResidueFireBulletin_07Oct_2023_ICAR.pdf
30.1535_76.6731_2023-10-08_0840_N_VIIRS,CR_1497,30.1535,76.67313,2023-10-08 14:06:29,2023-10-08 08:40:00,0.091,-5.44,N,Agricultural Burn,CREAMS,24.RiceResidueFireBulletin_08Oct_2023_ICAR.pdf
31.4463_75.5415_2023-10-02_0853_N_VIIRS,CR_610,31.44626,75.54146,2023-10-02 14:19:44,2023-10-02 08:53:00,0.091,-5.45,N,Agricultural Burn,CREAMS,18.RiceResidueFireBulletin_02Oct_2023_ICAR.pdf
26.9112_79.1213_2023-10-08_0659_N_VIIRS,CR_1518,26.91119,79.12134,2023-10-08 12:26:54,2023-10-08 06:59:00,0.092,-5.46,N,Agricultural Burn,CREAMS,24.RiceResidueFireBulletin_08Oct_2023_ICAR.pdf
27.9726_77.6473_2023-10-03_0833_N_VIIRS,CR_804,27.97262,77.64726,2023-10-03 14:00:48,2023-10-03 08:33:00,0.092,-5.46,N,Agricultural Burn,CREAMS,19.RiceResidueFireBulletin_03Oct_2023_ICAR.pdf
29.7478_77.0110_2023-10-08_0840_N_VIIRS,CR_1493,29.7478,77.01105,2023-10-08 14:06:29,2023-10-08 08:40:00,0.092,-5.44,N,Agricultural Burn,CREAMS,24.RiceResidueFireBulletin_08Oct_2023_ICAR.pdf
29.9591_76.0849_2023-10-08_0840_N_VIIRS,CR_1410,29.9591,76.08492,2023-10-08 14:06:29,2023-10-08 08:40:00,0.092,-5.44,N,Agricultural Burn,CREAMS,24.RiceResidueFireBulletin_08Oct_2023_ICAR.pdf
28.1105_77.4167_2023-10-08_0839_N_VIIRS,CR_1501,28.11052,77.41671,2023-10-08 14:06:29,2023-10-08 08:39:00,0.092,-5.46,N,Agricultural Burn,CREAMS,24.RiceResidueFireBulletin_08Oct_2023_ICAR.pdf
25.8947_78.5330_2023-10-07_0717_N_VIIRS,CR_1359,25.89466,78.53296,2023-10-07 12:45:07,2023-10-07 07:17:00,0.092,-5.47,N,Agricultural Burn,CREAMS,23.RiceResidueFireBulletin_07Oct_2023_ICAR.pdf
29.9594_76.1209_2023-10-07_0718_N_VIIRS,CR_1323,29.95942,76.12086,2023-10-07 12:45:07,2023-10-07 07:18:00,0.093,-5.45,N,Agricultural Burn,CREAMS,23.RiceResidueFireBulletin_07Oct_2023_ICAR.pdf
27.8473_77.4805_2023-10-03_0833_N_VIIRS,CR_808,27.8473,77.48045,2023-10-03 14:00:48,2023-10-03 08:33:00,0.093,-5.46,N,Agricultural Burn,CREAMS,19.RiceResidueFireBulletin_03Oct_2023_ICAR.pdf
25.1712_77.0416_2023-10-08_0839_N_VIIRS,CR_1542,25.17115,77.04159,2023-10-08 14:06:29,2023-10-08 08:39:00,0.093,-5.46,N,Agricultural Burn,CREAMS,24.RiceResidueFireBulletin_08Oct_2023_ICAR.pdf
24.6362_77.1443_2023-10-08_0838_N_VIIRS,CR_1551,24.63617,77.14429,2023-10-08 14:06:29,2023-10-08 08:38:00,0.094,-5.47,N,Agricultural Burn,CREAMS,24.RiceResidueFireBulletin_08Oct_2023_ICAR.pdf
29.8903_76.3873_2023-10-07_0718_N_VIIRS,CR_1336,29.8903,76.38727,2023-10-07 12:45:07,2023-10-07 07:18:00,0.094,-5.45,N,Agricultural Burn,CREAMS,23.RiceResidueFireBulletin_07Oct_2023_ICAR.pdf
29.7531_76.2110_2023-10-08_0840_N_VIIRS,CR_1487,29.75313,76.21101,2023-10-08 14:06:29,2023-10-08 08:40:00,0.094,-5.44,N,Agricultural Burn,CREAMS,24.RiceResidueFireBulletin_08Oct_2023_ICAR.pdf
29.7103_76.0673_2023-10-08_0840_N_VIIRS,CR_1482,29.71032,76.06725,2023-10-08 14:06:29,2023-10-08 08:40:00,0.094,-5.44,N,Agricultural Burn,CREAMS,24.RiceResidueFireBulletin_08Oct_2023_ICAR.pdf
31.6775_74.9783_2023-10-07_0719_N_VIIRS,CR_1315,31.67749,74.97833,2023-10-07 12:45:07,2023-10-07 07:19:00,0.095,-5.44,N,Agricultural Burn,CREAMS,23.RiceResidueFireBulletin_07Oct_2023_ICAR.pdf
28.0174_77.6708_2023-10-08_0839_N_VIIRS,CR_1512,28.01737,77.67082,2023-10-08 14:06:29,2023-10-08 08:39:00,0.095,-5.46,N,Agricultural Burn,CREAMS,24.RiceResidueFireBulletin_08Oct_2023_ICAR.pdf
29.8955_76.0802_2023-10-08_0840_N_VIIRS,CR_1409,29.89553,76.08017,2023-10-08 14:06:29,2023-10-08 08:40:00,0.095,-5.44,N,Agricultural Burn,CREAMS,24.RiceResidueFireBulletin_08Oct_2023_ICAR.pdf
31.6843_75.1201_2023-10-07_0719_N_VIIRS,CR_1313,31.68427,75.12012,2023-10-07 12:45:07,2023-10-07 07:19:00,0.095,-5.44,N,Agricultural Burn,CREAMS,23.RiceResidueFireBulletin_07Oct_2023_ICAR.pdf
27.9987_77.7739_2023-10-03_0833_N_VIIRS,CR_805,27.9987,77.7739,2023-10-03 14:00:48,2023-10-03 08:33:00,0.095,-5.46,N,Agricultural Burn,CREAMS,19.RiceResidueFireBulletin_03Oct_2023_ICAR.pdf
29.9162_74.0515_2023-10-01_0731_N_VIIRS,CR_518,29.91622,74.05151,2023-10-01 12:57:39,2023-10-01 07:31:00,0.095,-5.44,N,Agricultural Burn,CREAMS,17.RiceResidueFireBulletin_01Oct_2023_ICAR.pdf
29.8051_75.9963_2023-10-08_0840_N_VIIRS,CR_1419,29.80514,75.99626,2023-10-08 14:06:29,2023-10-08 08:40:00,0.095,-5.44,N,Agricultural Burn,CREAMS,24.RiceResidueFireBulletin_08Oct_2023_ICAR.pdf
28.0315_77.6315_2023-10-08_0839_N_VIIRS,CR_1514,28.0315,77.63153,2023-10-08 14:06:29,2023-10-08 08:39:00,0.095,-5.46,N,Agricultural Burn,CREAMS,24.RiceResidueFireBulletin_08Oct_2023_ICAR.pdf
27.7710_77.3272_2023-10-08_0839_N_VIIRS,CR_1523,27.77097,77.32716,2023-10-08 14:06:29,2023-10-08 08:39:00,0.096,-5.46,N,Agricultural Burn,CREAMS,24.RiceResidueFireBulletin_08Oct_2023_ICAR.pdf
26.9649_78.9779_2023-10-08_0839_N_VIIRS,CR_1519,26.96489,78.97792,2023-10-08 14:06:29,2023-10-08 08:39:00,0.096,-5.46,N,Agricultural Burn,CREAMS,24.RiceResidueFireBulletin_08Oct_2023_ICAR.pdf
24.5580_77.9253_2023-10-07_0717_N_VIIRS,CR_1355,24.55799,77.92526,2023-10-07 12:45:07,2023-10-07 07:17:00,0.096,-5.47,N,Agricultural Burn,CREAMS,23.RiceResidueFireBulletin_07Oct_2023_ICAR.pdf
29.4063_76.0535_2023-10-07_0718_N_VIIRS,CR_1332,29.40634,76.05348,2023-10-07 12:45:07,2023-10-07 07:18:00,0.096,-5.45,N,Agricultural Burn,CREAMS,23.RiceResidueFireBulletin_07Oct_2023_ICAR.pdf
29.2044_76.1291_2023-10-07_0718_N_VIIRS,CR_1333,29.20438,76.1291,2023-10-07 12:45:07,2023-10-07 07:18:00,0.096,-5.45,N,Agricultural Burn,CREAMS,23.RiceResidueFireBulletin_07Oct_2023_ICAR.pdf
31.6637_74.9697_2023-10-07_0719_N_VIIRS,CR_1314,31.66372,74.9697,2023-10-07 12:45:07,2023-10-07 07:19:00,0.096,-5.44,N,Agricultural Burn,CREAMS,23.RiceResidueFireBulletin_07Oct_2023_ICAR.pdf
31.5002_74.9844_2023-10-02_0853_N_VIIRS,CR_645,31.50021,74.98444,2023-10-02 14:19:44,2023-10-02 08:53:00,0.096,-5.45,N,Agricultural Burn,CREAMS,18.RiceResidueFireBulletin_02Oct_2023_ICAR.pdf
23.5836_74.9686_2023-10-01_0729_N_VIIRS,CR_525,23.58363,74.96856,2023-10-01 12:57:39,2023-10-01 07:29:00,0.097,-5.48,N,Agricultural Burn,CREAMS,17.RiceResidueFireBulletin_01Oct_2023_ICAR.pdf
31.6918_75.0498_2023-10-04_0815_N_VIIRS,CR_839,31.69176,75.04979,2023-10-04 13:41:53,2023-10-04 08:15:00,0.097,-5.45,N,Agricultural Burn,CREAMS,20.RiceResidueFireBulletin_04Oct_2023_ICAR.pdf
31.6797_75.0873_2023-09-27_0847_N_VIIRS,CR_40,31.67972,75.08727,2023-09-27 14:13:21,2023-09-27 08:47:00,0.097,-5.44,N,Agricultural Burn,CREAMS,13.RiceResidueFireBulletin_27Sep_2023_ICAR.pdf
28.9391_77.1639_2023-10-08_0840_N_VIIRS,CR_1507,28.93911,77.1639,2023-10-08 14:06:29,2023-10-08 08:40:00,0.097,-5.44,N,Agricultural Burn,CREAMS,24.RiceResidueFireBulletin_08Oct_2023_ICAR.pdf
27.8388_78.1834_2023-10-02_0712_N_VIIRS,CR_673,27.83876,78.18336,2023-10-02 12:39:27,2023-10-02 07:12:00,0.097,-5.46,N,Agricultural Burn,CREAMS,18.RiceResidueFireBulletin_02Oct_2023_ICAR.pdf
31.7409_74.9304_2023-10-07_0719_N_VIIRS,CR_1304,31.7409,74.93043,2023-10-07 12:45:07,2023-10-07 07:19:00,0.097,-5.44,N,Agricultural Burn,CREAMS,23.RiceResidueFireBulletin_07Oct_2023_ICAR.pdf
31.5979_75.0237_2023-09-27_0847_N_VIIRS,CR_35,31.59792,75.02371,2023-09-27 14:13:21,2023-09-27 08:47:00,0.097,-5.44,N,Agricultural Burn,CREAMS,13.RiceResidueFireBulletin_27Sep_2023_ICAR.pdf
29.4279_76.0463_2023-10-12_0905_N_VIIRS,CR_1999,29.42792,76.0463,2023-10-12 14:31:47,2023-10-12 09:05:00,0.097,-5.45,N,Agricultural Burn,CREAMS,28.RiceResidueFireBulletin_12Oct_2023_ICAR.pdf
24.6683_77.1481_2023-10-08_0838_N_VIIRS,CR_1552,24.66826,77.14811,2023-10-08 14:06:29,2023-10-08 08:38:00,0.097,-5.47,N,Agricultural Burn,CREAMS,24.RiceResidueFireBulletin_08Oct_2023_ICAR.pdf
29.8402_76.1751_2023-10-07_0718_N_VIIRS,CR_1322,29.84019,76.17508,2023-10-07 12:45:07,2023-10-07 07:18:00,0.097,-5.45,N,Agricultural Burn,CREAMS,23.RiceResidueFireBulletin_07Oct_2023_ICAR.pdf
31.4953_75.0171_2023-10-07_0719_N_VIIRS,CR_1329,31.4953,75.01711,2023-10-07 12:45:07,2023-10-07 07:19:00,0.098,-5.44,N,Agricultural Burn,CREAMS,23.RiceResidueFireBulletin_07Oct_2023_ICAR.pdf
31.6200_75.1050_2023-09-27_0847_N_VIIRS,CR_51,31.62,75.10495,2023-09-27 14:13:21,2023-09-27 08:47:00,0.098,-5.44,N,Agricultural Burn,CREAMS,13.RiceResidueFireBulletin_27Sep_2023_ICAR.pdf
31.6032_75.1022_2023-09-27_0847_N_VIIRS,CR_50,31.60319,75.10225,2023-09-27 14:13:21,2023-09-27 08:47:00,0.098,-5.44,N,Agricultural Burn,CREAMS,13.RiceResidueFireBulletin_27Sep_2023_ICAR.pdf
30.6987_76.3974_2023-10-02_0712_N_VIIRS,CR_603,30.69865,76.39739,2023-10-02 12:39:27,2023-10-02 07:12:00,0.098,-5.46,N,Agricultural Burn,CREAMS,18.RiceResidueFireBulletin_02Oct_2023_ICAR.pdf
31.6237_75.1592_2023-09-27_0847_N_VIIRS,CR_52,31.62367,75.15923,2023-09-27 14:13:21,2023-09-27 08:47:00,0.098,-5.44,N,Agricultural Burn,CREAMS,13.RiceResidueFireBulletin_27Sep_2023_ICAR.pdf
31.5561_75.1142_2023-10-02_0853_N_VIIRS,CR_541,31.55613,75.1142,2023-10-02 14:19:44,2023-10-02 08:53:00,0.098,-5.45,N,Agricultural Burn,CREAMS,18.RiceResidueFireBulletin_02Oct_2023_ICAR.pdf
27.9573_77.7131_2023-10-02_0712_N_VIIRS,CR_670,27.95734,77.71307,2023-10-02 12:39:27,2023-10-02 07:12:00,0.098,-5.46,N,Agricultural Burn,CREAMS,18.RiceResidueFireBulletin_02Oct_2023_ICAR.pdf
29.5740_74.5642_2023-10-07_0718_N_VIIRS,CR_1354,29.57399,74.56419,2023-10-07 12:45:07,2023-10-07 07:18:00,0.098,-5.45,N,Agricultural Burn,CREAMS,23.RiceResidueFireBulletin_07Oct_2023_ICAR.pdf
31.7908_75.0498_2023-10-02_0713_N_VIIRS,CR_573,31.79084,75.04984,2023-10-02 12:39:27,2023-10-02 07:13:00,0.099,-5.44,N,Agricultural Burn,CREAMS,18.RiceResidueFireBulletin_02Oct_2023_ICAR.pdf
25.4269_75.7574_2023-10-02_0851_N_VIIRS,CR_678,25.42686,75.75742,2023-10-02 14:19:44,2023-10-02 08:51:00,0.099,-5.48,N,Agricultural Burn,CREAMS,18.RiceResidueFireBulletin_02Oct_2023_ICAR.pdf
31.7410_74.9284_2023-09-16_0854_N_VIIRS,CR_4,31.741,74.92844,2023-09-16 14:19:30,2023-09-16 08:54:00,0.099,-5.42,N,Agricultural Burn,CREAMS,02.RiceResidueFireBulletin_16Sep_2023_ICAR.pdf
27.9781_77.6048_2023-10-02_0712_N_VIIRS,CR_672,27.97814,77.60477,2023-10-02 12:39:27,2023-10-02 07:12:00,0.099,-5.46,N,Agricultural Burn,CREAMS,18.RiceResidueFireBulletin_02Oct_2023_ICAR.pdf
31.6779_75.0036_2023-10-02_0713_N_VIIRS,CR_553,31.67786,75.00361,2023-10-02 12:39:27,2023-10-02 07:13:00,0.099,-5.44,N,Agricultural Burn,CREAMS,18.RiceResidueFireBulletin_02Oct_2023_ICAR.pdf
31.5980_75.1069_2023-09-27_0847_N_VIIRS,CR_36,31.59796,75.10689,2023-09-27 14:13:21,2023-09-27 08:47:00,0.099,-5.44,N,Agricultural Burn,CREAMS,13.RiceResidueFireBulletin_27Sep_2023_ICAR.pdf
31.5521_75.0474_2023-10-02_0853_N_VIIRS,CR_540,31.55209,75.04736,2023-10-02 14:19:44,2023-10-02 08:53:00,0.099,-5.45,N,Agricultural Burn,CREAMS,18.RiceResidueFireBulletin_02Oct_2023_ICAR.pdf
30.6997_76.4017_2023-10-02_0712_N_VIIRS,CR_604,30.69973,76.40174,2023-10-02 12:39:27,2023-10-02 07:12:00,0.099,-5.46,N,Agricultural Burn,CREAMS,18.RiceResidueFireBulletin_02Oct_2023_ICAR.pdf
31.5037_75.1490_2023-10-02_0853_N_VIIRS,CR_641,31.50366,75.149,2023-10-02 14:19:44,2023-10-02 08:53:00,0.099,-5.45,N,Agricultural Burn,CREAMS,18.RiceResidueFireBulletin_02Oct_2023_ICAR.pdf
31.6345_75.2271_2023-10-07_0719_N_VIIRS,CR_1308,31.63454,75.22707,2023-10-07 12:45:07,2023-10-07 07:19:00,0.1,-5.44,N,Agricultural Burn,CREAMS,23.RiceResidueFireBulletin_07Oct_2023_ICAR.pdf
25.8792_78.5044_2023-10-07_0717_N_VIIRS,CR_1356,25.87925,78.50439,2023-10-07 12:45:07,2023-10-07 07:17:00,0.1,-5.47,N,Agricultural Burn,CREAMS,23.RiceResidueFireBulletin_07Oct_2023_ICAR.pdf
31.5461_75.0478_2023-10-02_0853_N_VIIRS,CR_535,31.54609,75.04776,2023-10-02 14:19:44,2023-10-02 08:53:00,0.1,-5.45,N,Agricultural Burn,CREAMS,18.RiceResidueFireBulletin_02Oct_2023_ICAR.pdf
31.7054_74.9884_2023-10-02_0713_N_VIIRS,CR_555,31.70545,74.98843,2023-10-02 12:39:27,2023-10-02 07:13:00,0.1,-5.44,N,Agricultural Burn,CREAMS,18.RiceResidueFireBulletin_02Oct_2023_ICAR.pdf
25.8800_78.5076_2023-10-07_0717_N_VIIRS,CR_1357,25.87996,78.50763,2023-10-07 12:45:07,2023-10-07 07:17:00,0.1,-5.47,N,Agricultural Burn,CREAMS,23.RiceResidueFireBulletin_07Oct_2023_ICAR.pdf
31.7608_75.1033_2023-10-02_0713_N_VIIRS,CR_607,31.76083,75.10329,2023-10-02 12:39:27,2023-10-02 07:13:00,0.1,-5.44,N,Agricultural Burn,CREAMS,18.RiceResidueFireBulletin_02Oct_2023_ICAR.pdf
31.5063_75.1958_2023-10-02_0853_N_VIIRS,CR_577,31.50631,75.1958,2023-10-02 14:19:44,2023-10-02 08:53:00,0.1,-5.45,N,Agricultural Burn,CREAMS,18.RiceResidueFireBulletin_02Oct_2023_ICAR.pdf
27.7712_77.3272_2023-10-08_0839_N_VIIRS,CR_1523,27.77117,77.32723,2023-10-08 14:06:29,2023-10-08 08:39:00,0.1,-5.46,N,Agricultural Burn,CREAMS,24.RiceResidueFireBulletin_08Oct_2023_ICAR.pdf
25.8899_78.5290_2023-10-07_0717_N_VIIRS,CR_1358,25.88993,78.52896,2023-10-07 12:45:07,2023-10-07 07:17:00,0.1,-5.47,N,Agricultural Burn,CREAMS,23.RiceResidueFireBulletin_07Oct_2023_ICAR.pdf
31.7906_74.9362_2023-09-27_0847_N_VIIRS,CR_47,31.79057,74.93616,2023-09-27 14:13:21,2023-09-27 08:47:00,0.1,-5.44,N,Agricultural Burn,CREAMS,13.RiceResidueFireBulletin_27Sep_2023_ICAR.pdf
31.5066_75.2010_2023-10-02_0853_N_VIIRS,CR_578,31.5066,75.20103,2023-10-02 14:19:44,2023-10-02 08:53:00,0.1,-5.45,N,Agricultural Burn,CREAMS,18.RiceResidueFireBulletin_02Oct_2023_ICAR.pdf
26.3086_77.6702_2023-10-08_0839_N_VIIRS,CR_1561,26.30856,77.67022,2023-10-08 13:53:46,2023-10-08 08:39:00,0.1,-5.25,N,Agricultural Burn,CREAMS,24.RiceResidueFireBulletin_08Oct_2023_ICAR.pdf
31.6457_75.0635_2023-10-07_0719_N_VIIRS,CR_1310,31.6457,75.06348,2023-10-07 12:45:07,2023-10-07 07:19:00,0.101,-5.44,N,Agricultural Burn,CREAMS,23.RiceResidueFireBulletin_07Oct_2023_ICAR.pdf
31.6217_75.1756_2023-10-07_0719_N_VIIRS,CR_1309,31.62174,75.17558,2023-10-07 12:45:07,2023-10-07 07:19:00,0.101,-5.44,N,Agricultural Burn,CREAMS,23.RiceResidueFireBulletin_07Oct_2023_ICAR.pdf
31.8055_75.0339_2023-10-02_0713_N_VIIRS,CR_575,31.80554,75.03385,2023-10-02 12:39:27,2023-10-02 07:13:00,0.101,-5.44,N,Agricultural Burn,CREAMS,18.RiceResidueFireBulletin_02Oct_2023_ICAR.pdf
31.5462_75.1513_2023-10-02_0853_N_VIIRS,CR_580,31.54623,75.15128,2023-10-02 14:19:44,2023-10-02 08:53:00,0.101,-5.45,N,Agricultural Burn,CREAMS,18.RiceResidueFireBulletin_02Oct_2023_ICAR.pdf
31.6579_74.9998_2023-10-02_0713_N_VIIRS,CR_551,31.65788,74.99982,2023-10-02 12:39:27,2023-10-02 07:13:00,0.101,-5.44,N,Agricultural Burn,CREAMS,18.RiceResidueFireBulletin_02Oct_2023_ICAR.pdf
31.7773_74.9247_2023-10-02_0713_N_VIIRS,CR_569,31.77728,74.92471,2023-10-02 12:39:27,2023-10-02 07:13:00,0.101,-5.44,N,Agricultural Burn,CREAMS,18.RiceResidueFireBulletin_02Oct_2023_ICAR.pdf
30.4235_74.7892_2023-10-02_0853_N_VIIRS,CR_601,30.42355,74.78918,2023-10-02 14:19:44,2023-10-02 08:53:00,0.101,-5.45,N,Agricultural Burn,CREAMS,18.RiceResidueFireBulletin_02Oct_2023_ICAR.pdf
31.5320_75.2203_2023-10-02_0853_N_VIIRS,CR_579,31.53203,75.22031,2023-10-02 14:19:44,2023-10-02 08:53:00,0.101,-5.45,N,Agricultural Burn,CREAMS,18.RiceResidueFireBulletin_02Oct_2023_ICAR.pdf
30.5950_76.5605_2023-10-08_0840_N_VIIRS,CR_1387,30.59503,76.56049,2023-10-08 14:06:29,2023-10-08 08:40:00,0.102,-5.44,N,Agricultural Burn,CREAMS,24.RiceResidueFireBulletin_08Oct_2023_ICAR.pdf
31.7125_74.9913_2023-10-02_0713_N_VIIRS,CR_557,31.71254,74.99135,2023-10-02 12:39:27,2023-10-02 07:13:00,0.102,-5.44,N,Agricultural Burn,CREAMS,18.RiceResidueFireBulletin_02Oct_2023_ICAR.pdf
31.6500_75.0577_2023-10-07_0719_N_VIIRS,CR_1311,31.65002,75.05766,2023-10-07 12:45:07,2023-10-07 07:19:00,0.103,-5.44,N,Agricultural Burn,CREAMS,23.RiceResidueFireBulletin_07Oct_2023_ICAR.pdf
25.8034_78.4430_2023-10-02_0711_N_VIIRS,CR_681,25.80341,78.443,2023-10-02 12:39:27,2023-10-02 07:11:00,0.103,-5.47,N,Agricultural Burn,CREAMS,18.RiceResidueFireBulletin_02Oct_2023_ICAR.pdf
30.0199_76.9764_2023-09-27_0847_N_VIIRS,CR_62,30.01994,76.97641,2023-09-27 14:13:21,2023-09-27 08:47:00,0.104,-5.44,N,Agricultural Burn,CREAMS,13.RiceResidueFireBulletin_27Sep_2023_ICAR.pdf
30.0711_77.0193_2023-09-27_0847_N_VIIRS,CR_63,30.07112,77.01929,2023-09-27 14:13:21,2023-09-27 08:47:00,0.104,-5.44,N,Agricultural Burn,CREAMS,13.RiceResidueFireBulletin_27Sep_2023_ICAR.pdf
30.0144_77.0793_2023-09-22_0840_N_VIIRS,CR_19,30.01442,77.07925,2023-09-22 14:06:58,2023-09-22 08:40:00,0.104,-5.45,N,Agricultural Burn,CREAMS,08.RiceResidueFireBulletin_22Sep_2023_ICAR.pdf
26.3310_77.6721_2023-10-08_0839_N_VIIRS,CR_1560,26.33097,77.67213,2023-10-08 14:06:29,2023-10-08 08:39:00,0.105,-5.46,N,Agricultural Burn,CREAMS,24.RiceResidueFireBulletin_08Oct_2023_ICAR.pdf
30.0212_76.9745_2023-10-08_0840_N_VIIRS,CR_1494,30.02118,76.97449,2023-10-08 14:06:29,2023-10-08 08:40:00,0.105,-5.44,N,Agricultural Burn,CREAMS,24.RiceResidueFireBulletin_08Oct_2023_ICAR.pdf
31.3361_74.8401_2023-10-02_0853_N_VIIRS,CR_642,31.33608,74.84007,2023-10-02 14:19:44,2023-10-02 08:53:00,0.105,-5.45,N,Agricultural Burn,CREAMS,18.RiceResidueFireBulletin_02Oct_2023_ICAR.pdf
29.5394_77.1500_2023-10-02_0712_N_VIIRS,CR_676,29.53938,77.15005,2023-10-02 12:39:27,2023-10-02 07:12:00,0.105,-5.46,N,Agricultural Burn,CREAMS,18.RiceResidueFireBulletin_02Oct_2023_ICAR.pdf
29.6128_74.3369_2023-10-07_0859_N_VIIRS,CR_1351,29.61276,74.33691,2023-10-07 14:25:24,2023-10-07 08:59:00,0.105,-5.44,N,Agricultural Burn,CREAMS,23.RiceResidueFireBulletin_07Oct_2023_ICAR.pdf
30.0214_77.1801_2023-09-22_0840_N_VIIRS,CR_20,30.02141,77.18013,2023-09-22 14:06:58,2023-09-22 08:40:00,0.106,-5.45,N,Agricultural Burn,CREAMS,08.RiceResidueFireBulletin_22Sep_2023_ICAR.pdf
30.6029_76.8289_2023-10-08_0840_N_VIIRS,CR_1430,30.60291,76.82886,2023-10-08 14:06:29,2023-10-08 08:40:00,0.106,-5.44,N,Agricultural Burn,CREAMS,24.RiceResidueFireBulletin_08Oct_2023_ICAR.pdf
31.4450_75.5435_2023-10-02_0853_N_VIIRS,CR_609,31.44498,75.54355,2023-10-02 14:19:44,2023-10-02 08:53:00,0.106,-5.45,N,Agricultural Burn,CREAMS,18.RiceResidueFireBulletin_02Oct_2023_ICAR.pdf
24.5479_75.8689_2023-10-07_2124_N_VIIRS,CR_1558,24.54794,75.8689,2023-10-08 02:56:29,2023-10-07 21:24:00,0.106,-5.54,N,Agricultural Burn,CREAMS,24.RiceResidueFireBulletin_08Oct_2023_ICAR.pdf
28.5182_76.7628_2023-10-01_1956_N_VIIRS,CR_654,28.51818,76.76276,2023-10-02 01:29:27,2023-10-01 19:56:00,0.106,-5.56,N,Agricultural Burn,CREAMS,18.RiceResidueFireBulletin_02Oct_2023_ICAR.pdf
30.0517_77.0129_2023-10-08_0840_N_VIIRS,CR_1498,30.05169,77.01294,2023-10-08 14:06:29,2023-10-08 08:40:00,0.106,-5.44,N,Agricultural Burn,CREAMS,24.RiceResidueFireBulletin_08Oct_2023_ICAR.pdf
29.0711_77.1157_2023-10-07_0718_N_VIIRS,CR_1340,29.0711,77.11565,2023-10-07 12:45:07,2023-10-07 07:18:00,0.107,-5.45,N,Agricultural Burn,CREAMS,23.RiceResidueFireBulletin_07Oct_2023_ICAR.pdf
31.5871_74.7800_2023-10-07_0719_N_VIIRS,CR_1298,31.5871,74.77998,2023-10-07 12:45:07,2023-10-07 07:19:00,0.107,-5.44,N,Agricultural Burn,CREAMS,23.RiceResidueFireBulletin_07Oct_2023_ICAR.pdf
30.6133_76.8198_2023-10-08_0840_N_VIIRS,CR_1431,30.61331,76.81976,2023-10-08 14:06:29,2023-10-08 08:40:00,0.107,-5.44,N,Agricultural Burn,CREAMS,24.RiceResidueFireBulletin_08Oct_2023_ICAR.pdf
29.9355_77.0114_2023-09-27_0846_N_VIIRS,CR_61,29.93548,77.01139,2023-09-27 14:13:21,2023-09-27 08:46:00,0.107,-5.46,N,Agricultural Burn,CREAMS,13.RiceResidueFireBulletin_27Sep_2023_ICAR.pdf
25.3650_76.2130_2023-10-02_0851_N_VIIRS,CR_679,25.36503,76.21297,2023-10-02 14:19:44,2023-10-02 08:51:00,0.107,-5.48,N,Agricultural Burn,CREAMS,18.RiceResidueFireBulletin_02Oct_2023_ICAR.pdf
27.7250_77.5961_2023-10-08_0839_N_VIIRS,CR_1521,27.72498,77.59612,2023-10-08 14:06:29,2023-10-08 08:39:00,0.108,-5.46,N,Agricultural Burn,CREAMS,24.RiceResidueFireBulletin_08Oct_2023_ICAR.pdf
29.0229_77.1410_2023-10-07_0718_N_VIIRS,CR_1339,29.02294,77.14096,2023-10-07 12:45:07,2023-10-07 07:18:00,0.108,-5.45,N,Agricultural Burn,CREAMS,23.RiceResidueFireBulletin_07Oct_2023_ICAR.pdf
31.6885_75.1752_2023-10-02_0713_N_VIIRS,CR_597,31.68853,75.17522,2023-10-02 12:39:27,2023-10-02 07:13:00,0.109,-5.44,N,Agricultural Burn,CREAMS,18.RiceResidueFireBulletin_02Oct_2023_ICAR.pdf
31.5967_75.1597_2023-10-02_0713_N_VIIRS,CR_587,31.59671,75.1597,2023-10-02 12:39:27,2023-10-02 07:13:00,0.109,-5.44,N,Agricultural Burn,CREAMS,18.RiceResidueFireBulletin_02Oct_2023_ICAR.pdf
31.2402_75.1459_2023-10-02_0853_N_VIIRS,CR_615,31.24016,75.14587,2023-10-02 14:19:44,2023-10-02 08:53:00,0.109,-5.45,N,Agricultural Burn,CREAMS,18.RiceResidueFireBulletin_02Oct_2023_ICAR.pdf
31.2267_75.4083_2023-10-02_0713_N_VIIRS,CR_611,31.22667,75.40829,2023-10-02 12:39:27,2023-10-02 07:13:00,0.111,-5.44,N,Agricultural Burn,CREAMS,18.RiceResidueFireBulletin_02Oct_2023_ICAR.pdf
31.6549_74.6711_2023-10-02_0853_N_VIIRS,CR_532,31.65486,74.67115,2023-10-02 14:19:44,2023-10-02 08:53:00,0.111,-5.45,N,Agricultural Burn,CREAMS,18.RiceResidueFireBulletin_02Oct_2023_ICAR.pdf
31.6433_75.1699_2023-10-02_0713_N_VIIRS,CR_592,31.64332,75.16994,2023-10-02 12:39:27,2023-10-02 07:13:00,0.111,-5.44,N,Agricultural Burn,CREAMS,18.RiceResidueFireBulletin_02Oct_2023_ICAR.pdf
31.6873_75.1704_2023-10-02_0713_N_VIIRS,CR_596,31.68726,75.17038,2023-10-02 12:39:27,2023-10-02 07:13:00,0.111,-5.44,N,Agricultural Burn,CREAMS,18.RiceResidueFireBulletin_02Oct_2023_ICAR.pdf
31.6160_75.0520_2023-10-07_0859_N_VIIRS,CR_1302,31.61603,75.05195,2023-10-07 14:25:24,2023-10-07 08:59:00,0.112,-5.44,N,Agricultural Burn,CREAMS,23.RiceResidueFireBulletin_07Oct_2023_ICAR.pdf
31.6553_74.9992_2023-10-02_0713_N_VIIRS,CR_550,31.65528,74.99919,2023-10-02 12:39:27,2023-10-02 07:13:00,0.112,-5.44,N,Agricultural Burn,CREAMS,18.RiceResidueFireBulletin_02Oct_2023_ICAR.pdf
31.8741_74.6953_2023-10-02_0713_N_VIIRS,CR_527,31.87408,74.69533,2023-10-02 12:39:27,2023-10-02 07:13:00,0.112,-5.44,N,Agricultural Burn,CREAMS,18.RiceResidueFireBulletin_02Oct_2023_ICAR.pdf
31.9268_74.7352_2023-10-02_0853_N_VIIRS,CR_528,31.92683,74.73519,2023-10-02 14:19:44,2023-10-02 08:53:00,0.112,-5.45,N,Agricultural Burn,CREAMS,18.RiceResidueFireBulletin_02Oct_2023_ICAR.pdf
29.7405_75.9251_2023-10-02_0712_N_VIIRS,CR_629,29.74046,75.92512,2023-10-02 12:39:27,2023-10-02 07:12:00,0.112,-5.46,N,Agricultural Burn,CREAMS,18.RiceResidueFireBulletin_02Oct_2023_ICAR.pdf
31.6752_75.0030_2023-10-02_0713_N_VIIRS,CR_552,31.67521,75.00298,2023-10-02 12:39:27,2023-10-02 07:13:00,0.112,-5.44,N,Agricultural Burn,CREAMS,18.RiceResidueFireBulletin_02Oct_2023_ICAR.pdf
31.6316_75.0293_2023-10-02_0713_N_VIIRS,CR_549,31.63158,75.02933,2023-10-02 12:39:27,2023-10-02 07:13:00,0.112,-5.44,N,Agricultural Burn,CREAMS,18.RiceResidueFireBulletin_02Oct_2023_ICAR.pdf
31.6571_75.0883_2023-10-07_0859_N_VIIRS,CR_1312,31.65713,75.08829,2023-10-07 14:25:24,2023-10-07 08:59:00,0.113,-5.44,N,Agricultural Burn,CREAMS,23.RiceResidueFireBulletin_07Oct_2023_ICAR.pdf
31.6163_75.0583_2023-10-07_0859_N_VIIRS,CR_1303,31.61632,75.05833,2023-10-07 14:25:24,2023-10-07 08:59:00,0.113,-5.44,N,Agricultural Burn,CREAMS,23.RiceResidueFireBulletin_07Oct_2023_ICAR.pdf
31.5301_75.0374_2023-10-07_0859_N_VIIRS,CR_1300,31.53014,75.03742,2023-10-07 14:25:24,2023-10-07 08:59:00,0.114,-5.44,N,Agricultural Burn,CREAMS,23.RiceResidueFireBulletin_07Oct_2023_ICAR.pdf
31.7455_74.9956_2023-10-02_0853_N_VIIRS,CR_564,31.74551,74.99556,2023-10-02 14:19:44,2023-10-02 08:53:00,0.115,-5.45,N,Agricultural Burn,CREAMS,18.RiceResidueFireBulletin_02Oct_2023_ICAR.pdf
31.7401_75.0062_2023-10-02_0853_N_VIIRS,CR_560,31.74012,75.0062,2023-10-02 14:19:44,2023-10-02 08:53:00,0.115,-5.45,N,Agricultural Burn,CREAMS,18.RiceResidueFireBulletin_02Oct_2023_ICAR.pdf
24.7660_74.6073_2023-10-06_2003_N_VIIRS,CR_1350,24.766,74.60728,2023-10-07 01:35:50,2023-10-06 20:03:00,0.115,-5.55,N,Agricultural Burn,CREAMS,23.RiceResidueFireBulletin_07Oct_2023_ICAR.pdf
30.5030_76.6696_2023-10-02_0853_N_VIIRS,CR_628,30.50302,76.66959,2023-10-02 14:19:44,2023-10-02 08:53:00,0.115,-5.45,N,Agricultural Burn,CREAMS,18.RiceResidueFireBulletin_02Oct_2023_ICAR.pdf
31.7126_74.9467_2023-10-02_0853_N_VIIRS,CR_599,31.71258,74.94675,2023-10-02 14:19:44,2023-10-02 08:53:00,0.115,-5.45,N,Agricultural Burn,CREAMS,18.RiceResidueFireBulletin_02Oct_2023_ICAR.pdf
31.7452_74.9904_2023-10-02_0853_N_VIIRS,CR_563,31.74521,74.99045,2023-10-02 14:19:44,2023-10-02 08:53:00,0.115,-5.45,N,Agricultural Burn,CREAMS,18.RiceResidueFireBulletin_02Oct_2023_ICAR.pdf
29.8599_76.5758_2023-10-02_0853_N_VIIRS,CR_657,29.85989,76.57583,2023-10-02 14:19:44,2023-10-02 08:53:00,0.115,-5.45,N,Agricultural Burn,CREAMS,18.RiceResidueFireBulletin_02Oct_2023_ICAR.pdf
25.4241_75.7555_2023-10-02_0851_N_VIIRS,CR_677,25.42411,75.75555,2023-10-02 14:19:44,2023-10-02 08:51:00,0.115,-5.48,N,Agricultural Burn,CREAMS,18.RiceResidueFireBulletin_02Oct_2023_ICAR.pdf
31.7185_75.0490_2023-10-02_0853_N_VIIRS,CR_558,31.71848,75.04896,2023-10-02 14:19:44,2023-10-02 08:53:00,0.116,-5.45,N,Agricultural Burn,CREAMS,18.RiceResidueFireBulletin_02Oct_2023_ICAR.pdf
31.6242_74.9786_2023-10-02_0853_N_VIIRS,CR_547,31.62424,74.97861,2023-10-02 14:19:44,2023-10-02 08:53:00,0.116,-5.45,N,Agricultural Burn,CREAMS,18.RiceResidueFireBulletin_02Oct_2023_ICAR.pdf
31.6827_75.0567_2023-10-02_0853_N_VIIRS,CR_554,31.68269,75.05666,2023-10-02 14:19:44,2023-10-02 08:53:00,0.116,-5.45,N,Agricultural Burn,CREAMS,18.RiceResidueFireBulletin_02Oct_2023_ICAR.pdf
31.7878_75.0476_2023-10-02_0713_N_VIIRS,CR_571,31.78784,75.04755,2023-10-02 12:39:27,2023-10-02 07:13:00,0.116,-5.44,N,Agricultural Burn,CREAMS,18.RiceResidueFireBulletin_02Oct_2023_ICAR.pdf
31.7482_75.0417_2023-10-02_0853_N_VIIRS,CR_566,31.74825,75.04174,2023-10-02 14:19:44,2023-10-02 08:53:00,0.116,-5.45,N,Agricultural Burn,CREAMS,18.RiceResidueFireBulletin_02Oct_2023_ICAR.pdf
29.7459_75.9133_2023-09-21_0719_N_VIIRS,CR_16,29.74591,75.91329,2023-09-21 12:46:18,2023-09-21 07:19:00,0.116,-5.46,N,Agricultural Burn,CREAMS,07.RiceResidueFireBulletin_21Sep_2023_ICAR.pdf
31.5444_74.7956_2023-10-02_0713_N_VIIRS,CR_636,31.5444,74.79565,2023-10-02 12:39:27,2023-10-02 07:13:00,0.116,-5.44,N,Agricultural Burn,CREAMS,18.RiceResidueFireBulletin_02Oct_2023_ICAR.pdf
24.6047_80.6891_2023-10-08_0838_N_VIIRS,CR_1564,24.60473,80.68911,2023-10-08 14:06:29,2023-10-08 08:38:00,0.116,-5.47,N,Agricultural Burn,CREAMS,24.RiceResidueFireBulletin_08Oct_2023_ICAR.pdf
31.7085_75.0860_2023-10-02_0853_N_VIIRS,CR_556,31.7085,75.08598,2023-10-02 14:19:44,2023-10-02 08:53:00,0.116,-5.45,N,Agricultural Burn,CREAMS,18.RiceResidueFireBulletin_02Oct_2023_ICAR.pdf
31.5781_74.8346_2023-10-02_0853_N_VIIRS,CR_529,31.57811,74.83465,2023-10-02 14:19:44,2023-10-02 08:53:00,0.117,-5.45,N,Agricultural Burn,CREAMS,18.RiceResidueFireBulletin_02Oct_2023_ICAR.pdf
24.7125_76.7448_2023-10-07_0717_N_VIIRS,CR_1349,24.71254,76.74483,2023-10-07 12:45:07,2023-10-07 07:17:00,0.117,-5.47,N,Agricultural Burn,CREAMS,23.RiceResidueFireBulletin_07Oct_2023_ICAR.pdf
31.6913_75.1028_2023-10-02_0853_N_VIIRS,CR_598,31.69128,75.10278,2023-10-02 14:19:44,2023-10-02 08:53:00,0.117,-5.45,N,Agricultural Burn,CREAMS,18.RiceResidueFireBulletin_02Oct_2023_ICAR.pdf
29.4718_76.0265_2023-10-02_0853_N_VIIRS,CR_655,29.47176,76.02654,2023-10-02 14:19:44,2023-10-02 08:53:00,0.117,-5.45,N,Agricultural Burn,CREAMS,18.RiceResidueFireBulletin_02Oct_2023_ICAR.pdf
31.5884_74.9092_2023-10-02_0853_N_VIIRS,CR_530,31.58841,74.90923,2023-10-02 14:19:44,2023-10-02 08:53:00,0.117,-5.45,N,Agricultural Burn,CREAMS,18.RiceResidueFireBulletin_02Oct_2023_ICAR.pdf
31.6224_74.9779_2023-10-02_0853_N_VIIRS,CR_546,31.62241,74.97786,2023-10-02 14:19:44,2023-10-02 08:53:00,0.117,-5.45,N,Agricultural Burn,CREAMS,18.RiceResidueFireBulletin_02Oct_2023_ICAR.pdf
31.5912_74.7789_2023-10-02_0713_N_VIIRS,CR_531,31.59123,74.7789,2023-10-02 12:39:27,2023-10-02 07:13:00,0.117,-5.44,N,Agricultural Burn,CREAMS,18.RiceResidueFireBulletin_02Oct_2023_ICAR.pdf
31.6655_75.0734_2023-10-02_0853_N_VIIRS,CR_594,31.66548,75.07339,2023-10-02 14:19:44,2023-10-02 08:53:00,0.117,-5.45,N,Agricultural Burn,CREAMS,18.RiceResidueFireBulletin_02Oct_2023_ICAR.pdf
31.7724_75.0369_2023-10-02_0713_N_VIIRS,CR_568,31.77242,75.03693,2023-10-02 12:39:27,2023-10-02 07:13:00,0.117,-5.44,N,Agricultural Burn,CREAMS,18.RiceResidueFireBulletin_02Oct_2023_ICAR.pdf
31.8025_75.0317_2023-10-02_0713_N_VIIRS,CR_574,31.8025,75.03166,2023-10-02 12:39:27,2023-10-02 07:13:00,0.118,-5.44,N,Agricultural Burn,CREAMS,18.RiceResidueFireBulletin_02Oct_2023_ICAR.pdf
31.6284_74.9775_2023-10-02_0853_N_VIIRS,CR_548,31.6284,74.97745,2023-10-02 14:19:44,2023-10-02 08:53:00,0.118,-5.45,N,Agricultural Burn,CREAMS,18.RiceResidueFireBulletin_02Oct_2023_ICAR.pdf
30.3146_77.1021_2023-10-02_0712_N_VIIRS,CR_651,30.31463,77.10208,2023-10-02 12:39:27,2023-10-02 07:12:00,0.118,-5.46,N,Agricultural Burn,CREAMS,18.RiceResidueFireBulletin_02Oct_2023_ICAR.pdf
31.6367_75.1014_2023-10-02_0853_N_VIIRS,CR_590,31.63674,75.10141,2023-10-02 14:19:44,2023-10-02 08:53:00,0.118,-5.45,N,Agricultural Burn,CREAMS,18.RiceResidueFireBulletin_02Oct_2023_ICAR.pdf
29.7129_76.6875_2023-09-27_0846_N_VIIRS,CR_60,29.71289,76.68752,2023-09-27 14:13:21,2023-09-27 08:46:00,0.118,-5.46,N,Agricultural Burn,CREAMS,13.RiceResidueFireBulletin_27Sep_2023_ICAR.pdf
29.5029_75.5172_2023-10-02_0853_N_VIIRS,CR_653,29.50291,75.51719,2023-10-02 14:19:44,2023-10-02 08:53:00,0.118,-5.45,N,Agricultural Burn,CREAMS,18.RiceResidueFireBulletin_02Oct_2023_ICAR.pdf
31.7807_74.9257_2023-10-02_0713_N_VIIRS,CR_570,31.78068,74.92573,2023-10-02 12:39:27,2023-10-02 07:13:00,0.119,-5.44,N,Agricultural Burn,CREAMS,18.RiceResidueFireBulletin_02Oct_2023_ICAR.pdf
31.6645_75.0778_2023-10-02_0853_N_VIIRS,CR_593,31.66454,75.0778,2023-10-02 14:19:44,2023-10-02 08:53:00,0.119,-5.45,N,Agricultural Burn,CREAMS,18.RiceResidueFireBulletin_02Oct_2023_ICAR.pdf
31.6107_75.0867_2023-10-02_0853_N_VIIRS,CR_588,31.61066,75.08669,2023-10-02 14:19:44,2023-10-02 08:53:00,0.119,-5.45,N,Agricultural Burn,CREAMS,18.RiceResidueFireBulletin_02Oct_2023_ICAR.pdf
31.6829_75.1713_2023-10-02_0853_N_VIIRS,CR_595,31.68291,75.1713,2023-10-02 14:19:44,2023-10-02 08:53:00,0.119,-5.45,N,Agricultural Burn,CREAMS,18.RiceResidueFireBulletin_02Oct_2023_ICAR.pdf
31.5932_75.0983_2023-10-02_0853_N_VIIRS,CR_545,31.59318,75.09828,2023-10-02 14:19:44,2023-10-02 08:53:00,0.119,-5.45,N,Agricultural Burn,CREAMS,18.RiceResidueFireBulletin_02Oct_2023_ICAR.pdf
31.5914_75.0673_2023-10-02_0853_N_VIIRS,CR_544,31.59143,75.06733,2023-10-02 14:19:44,2023-10-02 08:53:00,0.119,-5.45,N,Agricultural Burn,CREAMS,18.RiceResidueFireBulletin_02Oct_2023_ICAR.pdf
25.4583_76.4360_2023-10-02_0711_N_VIIRS,CR_680,25.45828,76.43599,2023-10-02 12:39:27,2023-10-02 07:11:00,0.119,-5.47,N,Agricultural Burn,CREAMS,18.RiceResidueFireBulletin_02Oct_2023_ICAR.pdf
31.6952_75.0167_2023-09-16_0854_N_VIIRS,CR_3,31.6952,75.01668,2023-09-16 14:19:30,2023-09-16 08:54:00,0.12,-5.42,N,Agricultural Burn,CREAMS,02.RiceResidueFireBulletin_16Sep_2023_ICAR.pdf
28.5709_78.5870_2023-10-08_0839_N_VIIRS,CR_1535,28.57088,78.58698,2023-10-08 14:06:29,2023-10-08 08:39:00,0.12,-5.46,N,Agricultural Burn,CREAMS,24.RiceResidueFireBulletin_08Oct_2023_ICAR.pdf
31.6417_75.1001_2023-10-02_0853_N_VIIRS,CR_591,31.64167,75.10007,2023-10-02 14:19:44,2023-10-02 08:53:00,0.12,-5.45,N,Agricultural Burn,CREAMS,18.RiceResidueFireBulletin_02Oct_2023_ICAR.pdf
31.6822_75.2719_2023-10-02_0853_N_VIIRS,CR_586,31.68219,75.27185,2023-10-02 14:19:44,2023-10-02 08:53:00,0.12,-5.45,N,Agricultural Burn,CREAMS,18.RiceResidueFireBulletin_02Oct_2023_ICAR.pdf
31.5482_75.0498_2023-10-02_0853_N_VIIRS,CR_538,31.54823,75.04981,2023-10-02 14:19:44,2023-10-02 08:53:00,0.12,-5.45,N,Agricultural Burn,CREAMS,18.RiceResidueFireBulletin_02Oct_2023_ICAR.pdf
31.5474_75.0344_2023-10-02_0853_N_VIIRS,CR_537,31.54739,75.0344,2023-10-02 14:19:44,2023-10-02 08:53:00,0.12,-5.45,N,Agricultural Burn,CREAMS,18.RiceResidueFireBulletin_02Oct_2023_ICAR.pdf
31.5422_75.0503_2023-10-02_0853_N_VIIRS,CR_533,31.54222,75.05025,2023-10-02 14:19:44,2023-10-02 08:53:00,0.12,-5.45,N,Agricultural Burn,CREAMS,18.RiceResidueFireBulletin_02Oct_2023_ICAR.pdf
31.6579_74.9986_2023-09-16_0854_N_VIIRS,CR_2,31.65795,74.9986,2023-09-16 14:19:30,2023-09-16 08:54:00,0.12,-5.42,N,Agricultural Burn,CREAMS,02.RiceResidueFireBulletin_16Sep_2023_ICAR.pdf
31.5565_75.0905_2023-10-02_0853_N_VIIRS,CR_542,31.55647,75.09054,2023-10-02 14:19:44,2023-10-02 08:53:00,0.121,-5.45,N,Agricultural Burn,CREAMS,18.RiceResidueFireBulletin_02Oct_2023_ICAR.pdf
31.5872_75.0987_2023-10-02_0853_N_VIIRS,CR_543,31.58715,75.09873,2023-10-02 14:19:44,2023-10-02 08:53:00,0.121,-5.45,N,Agricultural Burn,CREAMS,18.RiceResidueFireBulletin_02Oct_2023_ICAR.pdf
31.6356_75.1005_2023-10-02_0853_N_VIIRS,CR_589,31.63565,75.10049,2023-10-02 14:19:44,2023-10-02 08:53:00,0.121,-5.45,N,Agricultural Burn,CREAMS,18.RiceResidueFireBulletin_02Oct_2023_ICAR.pdf
31.5477_75.1535_2023-10-02_0853_N_VIIRS,CR_582,31.54774,75.15353,2023-10-02 14:19:44,2023-10-02 08:53:00,0.121,-5.45,N,Agricultural Burn,CREAMS,18.RiceResidueFireBulletin_02Oct_2023_ICAR.pdf
30.3611_77.1263_2023-10-02_0712_N_VIIRS,CR_647,30.36106,77.12631,2023-10-02 12:39:27,2023-10-02 07:12:00,0.121,-5.46,N,Agricultural Burn,CREAMS,18.RiceResidueFireBulletin_02Oct_2023_ICAR.pdf
31.7731_75.0351_2023-10-02_0803_N20_VIIRS,CR_568,31.77309,75.03513,2023-10-02 12:39:27,2023-10-02 08:03:00,0.121,-4.61,N20,Agricultural Burn,CREAMS,18.RiceResidueFireBulletin_02Oct_2023_ICAR.pdf
31.6677_75.0654_2023-09-16_0854_N_VIIRS,CR_6,31.66769,75.06537,2023-09-16 14:19:30,2023-09-16 08:54:00,0.121,-5.42,N,Agricultural Burn,CREAMS,02.RiceResidueFireBulletin_16Sep_2023_ICAR.pdf
30.4939_76.9129_2023-10-02_0712_N_VIIRS,CR_630,30.4939,76.91286,2023-10-02 12:39:27,2023-10-02 07:12:00,0.121,-5.46,N,Agricultural Burn,CREAMS,18.RiceResidueFireBulletin_02Oct_2023_ICAR.pdf
30.2440_75.5891_2023-10-02_0853_N_VIIRS,CR_600,30.24397,75.58908,2023-10-02 14:19:44,2023-10-02 08:53:00,0.122,-5.45,N,Agricultural Burn,CREAMS,18.RiceResidueFireBulletin_02Oct_2023_ICAR.pdf
24.9417_76.9206_2023-10-07_0717_N_VIIRS,CR_1362,24.94169,76.92056,2023-10-07 12:45:07,2023-10-07 07:17:00,0.122,-5.47,N,Agricultural Burn,CREAMS,23.RiceResidueFireBulletin_07Oct_2023_ICAR.pdf
31.5475_75.1483_2023-10-02_0853_N_VIIRS,CR_581,31.54747,75.14834,2023-10-02 14:19:44,2023-10-02 08:53:00,0.122,-5.45,N,Agricultural Burn,CREAMS,18.RiceResidueFireBulletin_02Oct_2023_ICAR.pdf
31.5993_75.2076_2023-10-02_0853_N_VIIRS,CR_584,31.59927,75.20757,2023-10-02 14:19:44,2023-10-02 08:53:00,0.122,-5.45,N,Agricultural Burn,CREAMS,18.RiceResidueFireBulletin_02Oct_2023_ICAR.pdf
31.5516_75.1116_2023-10-02_0853_N_VIIRS,CR_539,31.55156,75.11163,2023-10-02 14:19:44,2023-10-02 08:53:00,0.122,-5.45,N,Agricultural Burn,CREAMS,18.RiceResidueFireBulletin_02Oct_2023_ICAR.pdf
31.2608_75.1335_2023-10-02_0713_N_VIIRS,CR_619,31.26077,75.1335,2023-10-02 12:39:27,2023-10-02 07:13:00,0.123,-5.44,N,Agricultural Burn,CREAMS,18.RiceResidueFireBulletin_02Oct_2023_ICAR.pdf
29.9733_77.0058_2023-10-02_0853_N_VIIRS,CR_662,29.97326,77.00577,2023-10-02 14:19:44,2023-10-02 08:53:00,0.123,-5.45,N,Agricultural Burn,CREAMS,18.RiceResidueFireBulletin_02Oct_2023_ICAR.pdf
29.9518_76.9748_2023-10-02_0853_N_VIIRS,CR_660,29.95183,76.97481,2023-10-02 14:19:44,2023-10-02 08:53:00,0.123,-5.45,N,Agricultural Burn,CREAMS,18.RiceResidueFireBulletin_02Oct_2023_ICAR.pdf
31.2621_75.1385_2023-10-02_0713_N_VIIRS,CR_620,31.26206,75.13847,2023-10-02 12:39:27,2023-10-02 07:13:00,0.123,-5.44,N,Agricultural Burn,CREAMS,18.RiceResidueFireBulletin_02Oct_2023_ICAR.pdf
31.6280_75.2850_2023-10-02_0853_N_VIIRS,CR_585,31.62797,75.28501,2023-10-02 14:19:44,2023-10-02 08:53:00,0.124,-5.45,N,Agricultural Burn,CREAMS,18.RiceResidueFireBulletin_02Oct_2023_ICAR.pdf
31.7720_74.9232_2023-10-07_0859_N_VIIRS,CR_1306,31.772,74.92315,2023-10-07 14:25:24,2023-10-07 08:59:00,0.124,-5.44,N,Agricultural Burn,CREAMS,23.RiceResidueFireBulletin_07Oct_2023_ICAR.pdf
31.7970_75.0326_2023-10-04_0815_N_VIIRS,CR_855,31.797,75.03264,2023-10-04 13:41:53,2023-10-04 08:15:00,0.125,-5.45,N,Agricultural Burn,CREAMS,20.RiceResidueFireBulletin_04Oct_2023_ICAR.pdf
30.4150_77.1773_2023-10-02_0853_N_VIIRS,CR_669,30.41504,77.17733,2023-10-02 14:19:44,2023-10-02 08:53:00,0.125,-5.45,N,Agricultural Burn,CREAMS,18.RiceResidueFireBulletin_02Oct_2023_ICAR.pdf
30.2636_76.8983_2023-10-02_0712_N_VIIRS,CR_649,30.26363,76.8983,2023-10-02 12:39:27,2023-10-02 07:12:00,0.125,-5.46,N,Agricultural Burn,CREAMS,18.RiceResidueFireBulletin_02Oct_2023_ICAR.pdf
29.6559_74.2392_2023-10-07_0859_N_VIIRS,CR_1353,29.65586,74.23921,2023-10-07 14:25:24,2023-10-07 08:59:00,0.125,-5.44,N,Agricultural Burn,CREAMS,23.RiceResidueFireBulletin_07Oct_2023_ICAR.pdf
26.6448_79.4744_2023-09-27_1931_N_VIIRS,CR_109,26.64477,79.47443,2023-09-28 01:04:08,2023-09-27 19:31:00,0.126,-5.55,N,Agricultural Burn,CREAMS,14.RiceResidueFireBulletin_28Sep_2023_ICAR.pdf
29.6556_74.2339_2023-10-07_0859_N_VIIRS,CR_1352,29.65555,74.23385,2023-10-07 14:25:24,2023-10-07 08:59:00,0.126,-5.44,N,Agricultural Burn,CREAMS,23.RiceResidueFireBulletin_07Oct_2023_ICAR.pdf
29.8597_76.5733_2023-10-02_0853_N_VIIRS,CR_656,29.85967,76.57334,2023-10-02 14:19:44,2023-10-02 08:53:00,0.126,-5.45,N,Agricultural Burn,CREAMS,18.RiceResidueFireBulletin_02Oct_2023_ICAR.pdf
31.0402_74.8939_2023-10-02_0853_N_VIIRS,CR_606,31.04024,74.89392,2023-10-02 14:19:44,2023-10-02 08:53:00,0.127,-5.45,N,Agricultural Burn,CREAMS,18.RiceResidueFireBulletin_02Oct_2023_ICAR.pdf
31.2444_75.1443_2023-10-02_0853_N_VIIRS,CR_616,31.24443,75.14429,2023-10-02 14:19:44,2023-10-02 08:53:00,0.128,-5.45,N,Agricultural Burn,CREAMS,18.RiceResidueFireBulletin_02Oct_2023_ICAR.pdf
30.4942_76.9129_2023-10-02_0712_N_VIIRS,CR_631,30.4942,76.91291,2023-10-02 12:39:27,2023-10-02 07:12:00,0.128,-5.46,N,Agricultural Burn,CREAMS,18.RiceResidueFireBulletin_02Oct_2023_ICAR.pdf
31.2384_75.1447_2023-10-02_0853_N_VIIRS,CR_614,31.23841,75.14471,2023-10-02 14:19:44,2023-10-02 08:53:00,0.129,-5.45,N,Agricultural Burn,CREAMS,18.RiceResidueFireBulletin_02Oct_2023_ICAR.pdf
29.4286_76.0474_2023-10-12_0905_N_VIIRS,CR_1999,29.42864,76.04745,2023-10-12 14:31:47,2023-10-12 09:05:00,0.129,-5.45,N,Agricultural Burn,CREAMS,28.RiceResidueFireBulletin_12Oct_2023_ICAR.pdf
30.5023_76.6696_2023-10-02_0853_N_VIIRS,CR_627,30.50227,76.66956,2023-10-02 14:19:44,2023-10-02 08:53:00,0.13,-5.45,N,Agricultural Burn,CREAMS,18.RiceResidueFireBulletin_02Oct_2023_ICAR.pdf
30.5254_76.7328_2023-10-02_0712_N_VIIRS,CR_625,30.52539,76.73279,2023-10-02 12:39:27,2023-10-02 07:12:00,0.13,-5.46,N,Agricultural Burn,CREAMS,18.RiceResidueFireBulletin_02Oct_2023_ICAR.pdf
29.9714_77.0041_2023-10-02_0853_N_VIIRS,CR_661,29.97141,77.00408,2023-10-02 14:19:44,2023-10-02 08:53:00,0.131,-5.45,N,Agricultural Burn,CREAMS,18.RiceResidueFireBulletin_02Oct_2023_ICAR.pdf
23.0416_75.2756_2023-10-08_0838_N_VIIRS,CR_1549,23.04161,75.27557,2023-10-08 14:06:29,2023-10-08 08:38:00,0.131,-5.47,N,Agricultural Burn,CREAMS,24.RiceResidueFireBulletin_08Oct_2023_ICAR.pdf
26.1123_78.9173_2023-10-08_0839_N_VIIRS,CR_1547,26.11232,78.91734,2023-10-08 14:06:29,2023-10-08 08:39:00,0.131,-5.46,N,Agricultural Burn,CREAMS,24.RiceResidueFireBulletin_08Oct_2023_ICAR.pdf
30.2614_76.2648_2023-10-02_0712_N_VIIRS,CR_622,30.2614,76.26482,2023-10-02 12:39:27,2023-10-02 07:12:00,0.132,-5.46,N,Agricultural Burn,CREAMS,18.RiceResidueFireBulletin_02Oct_2023_ICAR.pdf
30.2670_76.2630_2023-10-02_0712_N_VIIRS,CR_623,30.267,76.26298,2023-10-02 12:39:27,2023-10-02 07:12:00,0.133,-5.46,N,Agricultural Burn,CREAMS,18.RiceResidueFireBulletin_02Oct_2023_ICAR.pdf
30.5922_76.8987_2023-10-02_0853_N_VIIRS,CR_633,30.59223,76.8987,2023-10-02 14:19:44,2023-10-02 08:53:00,0.134,-5.45,N,Agricultural Burn,CREAMS,18.RiceResidueFireBulletin_02Oct_2023_ICAR.pdf
28.8754_79.7987_2023-10-08_0840_N_VIIRS,CR_1529,28.87544,79.79873,2023-10-08 14:06:29,2023-10-08 08:40:00,0.134,-5.44,N,Agricultural Burn,CREAMS,24.RiceResidueFireBulletin_08Oct_2023_ICAR.pdf
28.8681_79.7816_2023-10-08_0840_N_VIIRS,CR_1528,28.86813,79.78159,2023-10-08 14:06:29,2023-10-08 08:40:00,0.134,-5.44,N,Agricultural Burn,CREAMS,24.RiceResidueFireBulletin_08Oct_2023_ICAR.pdf
30.5947_76.8156_2023-10-02_0853_N_VIIRS,CR_635,30.59466,76.8156,2023-10-02 14:19:44,2023-10-02 08:53:00,0.134,-5.45,N,Agricultural Burn,CREAMS,18.RiceResidueFireBulletin_02Oct_2023_ICAR.pdf
30.7887_74.3904_2023-10-12_0905_N_VIIRS,CR_1990,30.78868,74.39037,2023-10-12 14:31:47,2023-10-12 09:05:00,0.135,-5.45,N,Agricultural Burn,CREAMS,28.RiceResidueFireBulletin_12Oct_2023_ICAR.pdf
30.9047_74.7161_2023-10-12_0905_N_VIIRS,CR_1988,30.90471,74.71613,2023-10-12 14:31:47,2023-10-12 09:05:00,0.136,-5.45,N,Agricultural Burn,CREAMS,28.RiceResidueFireBulletin_12Oct_2023_ICAR.pdf
23.9231_79.1942_2023-10-11_0742_N_VIIRS,CR_1964,23.92313,79.19421,2023-10-11 13:10:25,2023-10-11 07:42:00,0.136,-5.47,N,Agricultural Burn,CREAMS,27.RiceResidueFireBulletin_11Oct_2023_ICAR.pdf
30.9050_74.7236_2023-10-12_0905_N_VIIRS,CR_1989,30.90499,74.72356,2023-10-12 14:31:47,2023-10-12 09:05:00,0.137,-5.45,N,Agricultural Burn,CREAMS,28.RiceResidueFireBulletin_12Oct_2023_ICAR.pdf
30.1542_76.9941_2023-10-02_0853_N_VIIRS,CR_658,30.15422,76.99412,2023-10-02 14:19:44,2023-10-02 08:53:00,0.137,-5.45,N,Agricultural Burn,CREAMS,18.RiceResidueFireBulletin_02Oct_2023_ICAR.pdf
30.4067_76.3530_2023-10-02_0712_N_VIIRS,CR_624,30.40673,76.35298,2023-10-02 12:39:27,2023-10-02 07:12:00,0.138,-5.46,N,Agricultural Burn,CREAMS,18.RiceResidueFireBulletin_02Oct_2023_ICAR.pdf
30.1495_76.2815_2023-10-02_0712_N_VIIRS,CR_626,30.14953,76.28152,2023-10-02 12:39:27,2023-10-02 07:12:00,0.139,-5.46,N,Agricultural Burn,CREAMS,18.RiceResidueFireBulletin_02Oct_2023_ICAR.pdf
30.5735_76.5486_2023-10-11_0834_N20_VIIRS,CR_1845,30.57349,76.54864,2023-10-11 13:10:25,2023-10-11 08:34:00,0.139,-4.61,N20,Agricultural Burn,CREAMS,27.RiceResidueFireBulletin_11Oct_2023_ICAR.pdf
28.8608_79.7856_2023-10-08_0840_N_VIIRS,CR_1525,28.86084,79.78556,2023-10-08 14:06:29,2023-10-08 08:40:00,0.145,-5.44,N,Agricultural Burn,CREAMS,24.RiceResidueFireBulletin_08Oct_2023_ICAR.pdf
28.8672_79.7851_2023-10-08_0840_N_VIIRS,CR_1527,28.86724,79.78511,2023-10-08 14:06:29,2023-10-08 08:40:00,0.145,-5.44,N,Agricultural Burn,CREAMS,24.RiceResidueFireBulletin_08Oct_2023_ICAR.pdf
28.8619_79.8032_2023-10-08_0840_N_VIIRS,CR_1526,28.86185,79.80315,2023-10-08 14:06:29,2023-10-08 08:40:00,0.146,-5.44,N,Agricultural Burn,CREAMS,24.RiceResidueFireBulletin_08Oct_2023_ICAR.pdf
26.6424_79.4774_2023-09-27_1931_N_VIIRS,CR_108,26.64237,79.47736,2023-09-28 01:04:08,2023-09-27 19:31:00,0.147,-5.55,N,Agricultural Burn,CREAMS,14.RiceResidueFireBulletin_28Sep_2023_ICAR.pdf
31.5510_74.9536_2023-09-16_0854_N_VIIRS,CR_1,31.55104,74.95358,2023-09-16 14:19:30,2023-09-16 08:54:00,0.147,-5.42,N,Agricultural Burn,CREAMS,02.RiceResidueFireBulletin_16Sep_2023_ICAR.pdf
31.5400_75.0983_2023-10-05_0847_N20_VIIRS,CR_997,31.53996,75.09827,2023-10-05 13:22:58,2023-10-05 08:47:00,0.148,-4.6,N20,Agricultural Burn,CREAMS,21.RiceResidueFireBulletin_05Oct_2023_ICAR.pdf
26.7331_79.0806_2023-10-08_0839_N_VIIRS,CR_1517,26.73308,79.08064,2023-10-08 14:06:29,2023-10-08 08:39:00,0.148,-5.46,N,Agricultural Burn,CREAMS,24.RiceResidueFireBulletin_08Oct_2023_ICAR.pdf
31.4163_75.0855_2023-10-12_0906_N_VIIRS,CR_1994,31.41628,75.08548,2023-10-12 14:31:47,2023-10-12 09:06:00,0.148,-5.43,N,Agricultural Burn,CREAMS,28.RiceResidueFireBulletin_12Oct_2023_ICAR.pdf
31.6243_75.3062_2023-09-29_0809_N_VIIRS,CR_154,31.6243,75.30624,2023-09-29 13:35:30,2023-09-29 08:09:00,0.149,-5.44,N,Agricultural Burn,CREAMS,15.RiceResidueFireBulletin_29Sep_2023_ICAR.pdf
30.4115_77.1791_2023-10-02_0853_N_VIIRS,CR_668,30.41146,77.17906,2023-10-02 14:19:44,2023-10-02 08:53:00,0.149,-5.45,N,Agricultural Burn,CREAMS,18.RiceResidueFireBulletin_02Oct_2023_ICAR.pdf
31.5622_75.1550_2023-09-16_0854_N_VIIRS,CR_5,31.56219,75.15501,2023-09-16 14:19:30,2023-09-16 08:54:00,0.15,-5.42,N,Agricultural Burn,CREAMS,02.RiceResidueFireBulletin_16Sep_2023_ICAR.pdf
29.9760_75.9399_2023-10-11_0743_N_VIIRS,CR_1859,29.97601,75.93992,2023-10-11 13:10:25,2023-10-11 07:43:00,0.151,-5.46,N,Agricultural Burn,CREAMS,27.RiceResidueFireBulletin_11Oct_2023_ICAR.pdf
29.5459_76.0419_2023-10-12_0905_N_VIIRS,CR_2000,29.54585,76.04195,2023-10-12 14:31:47,2023-10-12 09:05:00,0.151,-5.45,N,Agricultural Burn,CREAMS,28.RiceResidueFireBulletin_12Oct_2023_ICAR.pdf
30.9827_74.5869_2023-10-12_0905_N_VIIRS,CR_1987,30.98267,74.58694,2023-10-12 14:31:47,2023-10-12 09:05:00,0.152,-5.45,N,Agricultural Burn,CREAMS,28.RiceResidueFireBulletin_12Oct_2023_ICAR.pdf
31.6642_75.0726_2023-10-02_0853_N_VIIRS,CR_594,31.66423,75.07265,2023-10-02 14:19:44,2023-10-02 08:53:00,0.152,-5.45,N,Agricultural Burn,CREAMS,18.RiceResidueFireBulletin_02Oct_2023_ICAR.pdf
31.2705_75.2026_2023-10-12_0906_N_VIIRS,CR_1991,31.27045,75.20258,2023-10-12 14:31:47,2023-10-12 09:06:00,0.153,-5.43,N,Agricultural Burn,CREAMS,28.RiceResidueFireBulletin_12Oct_2023_ICAR.pdf
30.5934_76.8141_2023-10-02_0853_N_VIIRS,CR_634,30.59339,76.8141,2023-10-02 14:19:44,2023-10-02 08:53:00,0.154,-5.45,N,Agricultural Burn,CREAMS,18.RiceResidueFireBulletin_02Oct_2023_ICAR.pdf
31.3405_75.2611_2023-10-07_0859_N_VIIRS,CR_1321,31.34053,75.2611,2023-10-07 14:25:24,2023-10-07 08:59:00,0.155,-5.44,N,Agricultural Burn,CREAMS,23.RiceResidueFireBulletin_07Oct_2023_ICAR.pdf
30.2535_77.2146_2023-10-02_0802_N20_VIIRS,CR_667,30.25349,77.21455,2023-10-02 12:39:27,2023-10-02 08:02:00,0.156,-4.62,N20,Agricultural Burn,CREAMS,18.RiceResidueFireBulletin_02Oct_2023_ICAR.pdf
30.5907_76.9038_2023-10-02_0853_N_VIIRS,CR_632,30.59074,76.9038,2023-10-02 14:19:44,2023-10-02 08:53:00,0.157,-5.45,N,Agricultural Burn,CREAMS,18.RiceResidueFireBulletin_02Oct_2023_ICAR.pdf
24.8727_76.3358_2023-10-06_0736_N_VIIRS,CR_1289,24.87273,76.33585,2023-10-06 13:04:02,2023-10-06 07:36:00,0.159,-5.47,N,Agricultural Burn,CREAMS,22.RiceResidueFireBulletin_06Oct_2023_ICAR.pdf
25.3981_76.4756_2023-10-12_0904_N_VIIRS,CR_2007,25.3981,76.4756,2023-10-12 14:31:47,2023-10-12 09:04:00,0.16,-5.46,N,Agricultural Burn,CREAMS,28.RiceResidueFireBulletin_12Oct_2023_ICAR.pdf
26.6435_79.4791_2023-09-27_2021_N20_VIIRS,CR_108,26.64347,79.4791,2023-09-28 01:04:08,2023-09-27 20:21:00,0.16,-4.72,N20,Agricultural Burn,CREAMS,14.RiceResidueFireBulletin_28Sep_2023_ICAR.pdf
30.0311_76.1683_2023-10-11_0743_N_VIIRS,CR_1853,30.03112,76.16828,2023-10-11 13:10:25,2023-10-11 07:43:00,0.162,-5.46,N,Agricultural Burn,CREAMS,27.RiceResidueFireBulletin_11Oct_2023_ICAR.pdf
30.4726_76.5241_2023-10-06_0737_N_VIIRS,CR_1218,30.47258,76.52409,2023-10-06 13:04:02,2023-10-06 07:37:00,0.164,-5.45,N,Agricultural Burn,CREAMS,22.RiceResidueFireBulletin_06Oct_2023_ICAR.pdf
30.0961_76.8777_2023-09-27_0706_N_VIIRS,CR_64,30.09614,76.87766,2023-09-27 12:33:03,2023-09-27 07:06:00,0.164,-5.45,N,Agricultural Burn,CREAMS,13.RiceResidueFireBulletin_27Sep_2023_ICAR.pdf
31.4453_74.7888_2023-10-12_0906_N_VIIRS,CR_1995,31.44529,74.78879,2023-10-12 14:31:47,2023-10-12 09:06:00,0.164,-5.43,N,Agricultural Burn,CREAMS,28.RiceResidueFireBulletin_12Oct_2023_ICAR.pdf
30.1047_76.6379_2023-09-27_0706_N_VIIRS,CR_56,30.10472,76.63789,2023-09-27 12:33:03,2023-09-27 07:06:00,0.167,-5.45,N,Agricultural Burn,CREAMS,13.RiceResidueFireBulletin_27Sep_2023_ICAR.pdf
22.2638_75.1338_2023-10-10_2119_N20_VIIRS,CR_1970,22.26383,75.13377,2023-10-11 02:00:26,2023-10-10 21:19:00,0.167,-4.69,N20,Agricultural Burn,CREAMS,27.RiceResidueFireBulletin_11Oct_2023_ICAR.pdf
23.9872_79.3893_2023-09-27_1932_N_VIIRS,CR_110,23.98721,79.38931,2023-09-28 01:04:08,2023-09-27 19:32:00,0.172,-5.54,N,Agricultural Burn,CREAMS,14.RiceResidueFireBulletin_28Sep_2023_ICAR.pdf
31.5253_75.0478_2023-10-04_0906_N20_VIIRS,CR_916,31.52526,75.0478,2023-10-04 14:23:08,2023-10-04 09:06:00,0.173,-5.29,N20,Agricultural Burn,CREAMS,20.RiceResidueFireBulletin_04Oct_2023_ICAR.pdf
31.5312_75.0394_2023-10-07_0859_N_VIIRS,CR_1301,31.53125,75.03939,2023-10-07 14:25:24,2023-10-07 08:59:00,0.176,-5.44,N,Agricultural Burn,CREAMS,23.RiceResidueFireBulletin_07Oct_2023_ICAR.pdf
27.8857_77.4347_2023-10-02_0852_N_VIIRS,CR_675,27.8857,77.4347,2023-10-02 14:19:44,2023-10-02 08:52:00,0.176,-5.46,N,Agricultural Burn,CREAMS,18.RiceResidueFireBulletin_02Oct_2023_ICAR.pdf
27.8861_77.4411_2023-10-02_0852_N_VIIRS,CR_663,27.88605,77.44111,2023-10-02 14:19:44,2023-10-02 08:52:00,0.177,-5.46,N,Agricultural Burn,CREAMS,18.RiceResidueFireBulletin_02Oct_2023_ICAR.pdf
31.4931_75.2153_2023-10-07_0859_N_VIIRS,CR_1327,31.49313,75.21527,2023-10-07 14:25:24,2023-10-07 08:59:00,0.178,-5.44,N,Agricultural Burn,CREAMS,23.RiceResidueFireBulletin_07Oct_2023_ICAR.pdf
31.3777_75.1197_2023-10-04_0815_N_VIIRS,CR_898,31.37767,75.1197,2023-10-04 13:41:53,2023-10-04 08:15:00,0.18,-5.45,N,Agricultural Burn,CREAMS,20.RiceResidueFireBulletin_04Oct_2023_ICAR.pdf
29.7061_75.7931_2023-10-12_0905_N_VIIRS,CR_1997,29.70612,75.79309,2023-10-12 14:31:47,2023-10-12 09:05:00,0.18,-5.45,N,Agricultural Burn,CREAMS,28.RiceResidueFireBulletin_12Oct_2023_ICAR.pdf
28.0008_77.7671_2023-10-08_0659_N_VIIRS,CR_1511,28.00085,77.76709,2023-10-08 12:26:54,2023-10-08 06:59:00,0.182,-5.46,N,Agricultural Burn,CREAMS,24.RiceResidueFireBulletin_08Oct_2023_ICAR.pdf
30.5773_75.8981_2023-10-12_0905_N_VIIRS,CR_1993,30.5773,75.89814,2023-10-12 14:31:47,2023-10-12 09:05:00,0.182,-5.45,N,Agricultural Burn,CREAMS,28.RiceResidueFireBulletin_12Oct_2023_ICAR.pdf
31.4499_74.7827_2023-10-12_0906_N_VIIRS,CR_1996,31.44986,74.7827,2023-10-12 14:31:47,2023-10-12 09:06:00,0.183,-5.43,N,Agricultural Burn,CREAMS,28.RiceResidueFireBulletin_12Oct_2023_ICAR.pdf
31.5977_74.9858_2023-10-12_0906_N_VIIRS,CR_1985,31.59766,74.98582,2023-10-12 14:31:47,2023-10-12 09:06:00,0.185,-5.43,N,Agricultural Burn,CREAMS,28.RiceResidueFireBulletin_12Oct_2023_ICAR.pdf
29.5888_76.0813_2023-10-07_0859_N_VIIRS,CR_1334,29.58881,76.08132,2023-10-07 14:25:24,2023-10-07 08:59:00,0.186,-5.44,N,Agricultural Burn,CREAMS,23.RiceResidueFireBulletin_07Oct_2023_ICAR.pdf
31.8052_74.9868_2023-09-27_0707_N_VIIRS,CR_49,31.80517,74.98682,2023-09-27 12:33:03,2023-09-27 07:07:00,0.189,-5.43,N,Agricultural Burn,CREAMS,13.RiceResidueFireBulletin_27Sep_2023_ICAR.pdf
23.9886_79.3915_2023-09-27_2022_N20_VIIRS,CR_110,23.98862,79.39149,2023-09-28 01:04:08,2023-09-27 20:22:00,0.19,-4.7,N20,Agricultural Burn,CREAMS,14.RiceResidueFireBulletin_28Sep_2023_ICAR.pdf
24.7632_76.9863_2023-10-07_0857_N_VIIRS,CR_1361,24.76316,76.98627,2023-10-07 14:25:24,2023-10-07 08:57:00,0.191,-5.47,N,Agricultural Burn,CREAMS,23.RiceResidueFireBulletin_07Oct_2023_ICAR.pdf
27.8797_77.5072_2023-10-03_0653_N_VIIRS,CR_810,27.87974,77.50716,2023-10-03 12:21:14,2023-10-03 06:53:00,0.193,-5.47,N,Agricultural Burn,CREAMS,19.RiceResidueFireBulletin_03Oct_2023_ICAR.pdf
25.3047_76.4146_2023-10-06_0826_N20_VIIRS,CR_1284,25.30469,76.41455,2023-10-06 14:08:27,2023-10-06 08:26:00,0.193,-5.71,N20,Agricultural Burn,CREAMS,22.RiceResidueFireBulletin_06Oct_2023_ICAR.pdf
31.8031_74.9286_2023-10-08_0840_N_VIIRS,CR_1371,31.80307,74.92863,2023-10-08 13:53:46,2023-10-08 08:40:00,0.195,-5.23,N,Agricultural Burn,CREAMS,24.RiceResidueFireBulletin_08Oct_2023_ICAR.pdf
31.8546_74.7319_2023-10-06_0828_N20_VIIRS,CR_1155,31.85462,74.73194,2023-10-06 14:08:27,2023-10-06 08:28:00,0.196,-5.67,N20,Agricultural Burn,CREAMS,22.RiceResidueFireBulletin_06Oct_2023_ICAR.pdf
27.9512_77.5731_2023-10-06_0737_N_VIIRS,CR_1265,27.95121,77.57314,2023-10-06 13:04:02,2023-10-06 07:37:00,0.199,-5.45,N,Agricultural Burn,CREAMS,22.RiceResidueFireBulletin_06Oct_2023_ICAR.pdf
29.9502_76.9732_2023-10-02_0853_N_VIIRS,CR_660,29.95017,76.97317,2023-10-02 14:19:44,2023-10-02 08:53:00,0.199,-5.45,N,Agricultural Burn,CREAMS,18.RiceResidueFireBulletin_02Oct_2023_ICAR.pdf
29.5856_75.3799_2023-09-27_0706_N_VIIRS,CR_59,29.58556,75.37991,2023-09-27 12:33:03,2023-09-27 07:06:00,0.203,-5.45,N,Agricultural Burn,CREAMS,13.RiceResidueFireBulletin_27Sep_2023_ICAR.pdf
31.6019_74.9853_2023-10-12_0906_N_VIIRS,CR_1986,31.60193,74.98527,2023-10-12 14:31:47,2023-10-12 09:06:00,0.208,-5.43,N,Agricultural Burn,CREAMS,28.RiceResidueFireBulletin_12Oct_2023_ICAR.pdf
31.5757_75.0573_2023-10-12_0906_N_VIIRS,CR_1984,31.57571,75.05728,2023-10-12 14:31:47,2023-10-12 09:06:00,0.21,-5.43,N,Agricultural Burn,CREAMS,28.RiceResidueFireBulletin_12Oct_2023_ICAR.pdf
29.0643_77.1248_2023-10-01_0731_N_VIIRS,CR_490,29.06431,77.12479,2023-10-01 12:57:39,2023-10-01 07:31:00,0.216,-5.44,N,Agricultural Burn,CREAMS,17.RiceResidueFireBulletin_01Oct_2023_ICAR.pdf
31.6395_75.1056_2023-10-03_0834_N_VIIRS,CR_721,31.63948,75.10565,2023-10-03 14:00:48,2023-10-03 08:34:00,0.221,-5.45,N,Agricultural Burn,CREAMS,19.RiceResidueFireBulletin_03Oct_2023_ICAR.pdf
27.9703_77.4774_2023-10-11_0743_N_VIIRS,CR_1881,27.97025,77.47739,2023-10-11 13:10:25,2023-10-11 07:43:00,0.222,-5.46,N,Agricultural Burn,CREAMS,27.RiceResidueFireBulletin_11Oct_2023_ICAR.pdf
24.7606_76.3934_2023-10-03_0832_N_VIIRS,CR_812,24.76057,76.39336,2023-10-03 14:00:48,2023-10-03 08:32:00,0.229,-5.48,N,Agricultural Burn,CREAMS,19.RiceResidueFireBulletin_03Oct_2023_ICAR.pdf
22.6329_75.3982_2023-10-08_0838_N_VIIRS,CR_1550,22.63293,75.39821,2023-10-08 14:06:29,2023-10-08 08:38:00,0.234,-5.47,N,Agricultural Burn,CREAMS,24.RiceResidueFireBulletin_08Oct_2023_ICAR.pdf
31.6880_75.1546_2023-10-06_0828_N20_VIIRS,CR_1182,31.68796,75.15458,2023-10-06 13:04:02,2023-10-06 08:28:00,0.234,-4.6,N20,Agricultural Burn,CREAMS,22.RiceResidueFireBulletin_06Oct_2023_ICAR.pdf
31.6658_75.0786_2023-10-02_0853_N_VIIRS,CR_593,31.66576,75.07857,2023-10-02 14:19:44,2023-10-02 08:53:00,0.235,-5.45,N,Agricultural Burn,CREAMS,18.RiceResidueFireBulletin_02Oct_2023_ICAR.pdf
30.0994_75.9528_2023-10-11_0743_N_VIIRS,CR_1860,30.09944,75.95285,2023-10-11 13:10:25,2023-10-11 07:43:00,0.235,-5.46,N,Agricultural Burn,CREAMS,27.RiceResidueFireBulletin_11Oct_2023_ICAR.pdf
26.6431_79.4777_2023-10-06_0736_N_VIIRS,CR_1269,26.64313,79.4777,2023-10-06 01:54:45,2023-10-06 07:36:00,0.239,5.69,N,Agricultural Burn,CREAMS,22.RiceResidueFireBulletin_06Oct_2023_ICAR.pdf
29.5831_76.0847_2023-10-08_0700_N_VIIRS,CR_1481,29.58305,76.08473,2023-10-08 12:26:54,2023-10-08 07:00:00,0.239,-5.45,N,Agricultural Burn,CREAMS,24.RiceResidueFireBulletin_08Oct_2023_ICAR.pdf
30.2124_77.0243_2023-10-04_0815_N_VIIRS,CR_924,30.21238,77.02427,2023-10-04 13:41:53,2023-10-04 08:15:00,0.241,-5.45,N,Agricultural Burn,CREAMS,20.RiceResidueFireBulletin_04Oct_2023_ICAR.pdf
30.4478_77.1427_2023-10-03_0834_N_VIIRS,CR_789,30.44777,77.14271,2023-10-03 14:00:48,2023-10-03 08:34:00,0.243,-5.45,N,Agricultural Burn,CREAMS,19.RiceResidueFireBulletin_03Oct_2023_ICAR.pdf
28.9644_76.9079_2023-10-11_0743_N_VIIRS,CR_1884,28.96442,76.90792,2023-10-11 13:10:25,2023-10-11 07:43:00,0.246,-5.46,N,Agricultural Burn,CREAMS,27.RiceResidueFireBulletin_11Oct_2023_ICAR.pdf
22.2663_75.1335_2023-10-11_2100_N20_VIIRS,CR_2008,22.26635,75.13349,2023-10-12 01:41:30,2023-10-11 21:00:00,0.256,-4.69,N20,Agricultural Burn,CREAMS,28.RiceResidueFireBulletin_12Oct_2023_ICAR.pdf
31.7698_75.0358_2023-10-02_0803_N20_VIIRS,CR_568,31.76981,75.03582,2023-10-02 12:39:27,2023-10-02 08:03:00,0.258,-4.61,N20,Agricultural Burn,CREAMS,18.RiceResidueFireBulletin_02Oct_2023_ICAR.pdf
24.7036_78.0740_2023-10-11_0742_N_VIIRS,CR_1960,24.70364,78.07402,2023-10-11 13:10:25,2023-10-11 07:42:00,0.259,-5.47,N,Agricultural Burn,CREAMS,27.RiceResidueFireBulletin_11Oct_2023_ICAR.pdf
24.7637_74.6097_2023-10-06_2053_N20_VIIRS,CR_1350,24.76368,74.60974,2023-10-07 01:35:50,2023-10-06 20:53:00,0.267,-4.71,N20,Agricultural Burn,CREAMS,23.RiceResidueFireBulletin_07Oct_2023_ICAR.pdf
28.8441_77.1460_2023-09-15_2046_N20_VIIRS,CR_7,28.8441,77.14597,2023-09-16 01:29:55,2023-09-15 20:46:00,0.279,-4.73,N20,Agricultural Burn,CREAMS,02.RiceResidueFireBulletin_16Sep_2023_ICAR.pdf
31.5404_75.1881_2023-10-03_0834_N_VIIRS,CR_712,31.54035,75.18813,2023-10-03 14:00:48,2023-10-03 08:34:00,0.279,-5.45,N,Agricultural Burn,CREAMS,19.RiceResidueFireBulletin_03Oct_2023_ICAR.pdf
31.7836_74.9376_2023-09-29_0859_N20_VIIRS,CR_143,31.78361,74.93761,2023-09-29 13:35:30,2023-09-29 08:59:00,0.282,-4.61,N20,Agricultural Burn,CREAMS,15.RiceResidueFireBulletin_29Sep_2023_ICAR.pdf
25.8781_78.5085_2023-10-07_0807_N20_VIIRS,CR_1357,25.87808,78.50853,2023-10-07 12:45:07,2023-10-07 08:07:00,0.286,-4.64,N20,Agricultural Burn,CREAMS,23.RiceResidueFireBulletin_07Oct_2023_ICAR.pdf
22.5559_77.3539_2023-10-08_0838_N_VIIRS,CR_1556,22.55587,77.35391,2023-10-08 14:06:29,2023-10-08 08:38:00,0.288,-5.47,N,Agricultural Burn,CREAMS,24.RiceResidueFireBulletin_08Oct_2023_ICAR.pdf
31.8022_74.9300_2023-10-08_0840_N_VIIRS,CR_1371,31.8022,74.93005,2023-10-08 13:53:46,2023-10-08 08:40:00,0.289,-5.23,N,Agricultural Burn,CREAMS,24.RiceResidueFireBulletin_08Oct_2023_ICAR.pdf
29.4575_76.6656_2023-10-11_0743_N_VIIRS,CR_1877,29.45752,76.66564,2023-10-11 13:10:25,2023-10-11 07:43:00,0.299,-5.46,N,Agricultural Burn,CREAMS,27.RiceResidueFireBulletin_11Oct_2023_ICAR.pdf
31.2584_75.1402_2023-10-07_0809_N20_VIIRS,CR_1319,31.25838,75.14017,2023-10-07 12:45:07,2023-10-07 08:09:00,0.305,-4.6,N20,Agricultural Burn,CREAMS,23.RiceResidueFireBulletin_07Oct_2023_ICAR.pdf
26.3312_77.6742_2023-10-08_0839_N_VIIRS,CR_1560,26.3312,77.6742,2023-10-08 14:06:29,2023-10-08 08:39:00,0.307,-5.46,N,Agricultural Burn,CREAMS,24.RiceResidueFireBulletin_08Oct_2023_ICAR.pdf
29.8374_76.1738_2023-10-07_0808_N20_VIIRS,CR_1322,29.8374,76.17381,2023-10-07 12:45:07,2023-10-07 08:08:00,0.308,-4.62,N20,Agricultural Burn,CREAMS,23.RiceResidueFireBulletin_07Oct_2023_ICAR.pdf
30.0805_76.7609_2023-10-04_0815_N_VIIRS,CR_941,30.08046,76.76092,2023-10-04 13:41:53,2023-10-04 08:15:00,0.315,-5.45,N,Agricultural Burn,CREAMS,20.RiceResidueFireBulletin_04Oct_2023_ICAR.pdf
29.5633_74.3338_2023-10-04_0815_N_VIIRS,CR_978,29.56329,74.33385,2023-10-04 02:31:53,2023-10-04 08:15:00,0.315,5.72,N,Agricultural Burn,CREAMS,20.RiceResidueFireBulletin_04Oct_2023_ICAR.pdf
29.5596_74.3360_2023-10-04_0725_N20_VIIRS,CR_978,29.55958,74.33597,2023-10-04 02:31:53,2023-10-04 07:25:00,0.317,4.89,N20,Agricultural Burn,CREAMS,20.RiceResidueFireBulletin_04Oct_2023_ICAR.pdf
31.6320_75.0346_2023-09-29_0859_N20_VIIRS,CR_125,31.63198,75.03462,2023-09-29 14:11:00,2023-09-29 08:59:00,0.332,-5.2,N20,Agricultural Burn,CREAMS,15.RiceResidueFireBulletin_29Sep_2023_ICAR.pdf
23.2519_75.3329_2023-10-03_0832_N_VIIRS,CR_820,23.25189,75.33292,2023-10-03 14:00:48,2023-10-03 08:32:00,0.334,-5.48,N,Agricultural Burn,CREAMS,19.RiceResidueFireBulletin_03Oct_2023_ICAR.pdf
26.3089_77.6742_2023-10-08_0839_N_VIIRS,CR_1561,26.30889,77.67421,2023-10-08 13:53:46,2023-10-08 08:39:00,0.335,-5.25,N,Agricultural Burn,CREAMS,24.RiceResidueFireBulletin_08Oct_2023_ICAR.pdf
24.8970_76.6804_2023-10-11_0832_N20_VIIRS,CR_1944,24.89703,76.68041,2023-10-11 13:10:25,2023-10-11 08:32:00,0.341,-4.64,N20,Agricultural Burn,CREAMS,27.RiceResidueFireBulletin_11Oct_2023_ICAR.pdf
28.7763_76.9471_2023-10-05_2021_N_VIIRS,CR_1253,28.77627,76.94707,2023-10-06 01:54:45,2023-10-05 20:21:00,0.348,-5.56,N,Agricultural Burn,CREAMS,22.RiceResidueFireBulletin_06Oct_2023_ICAR.pdf
31.6840_74.9902_2023-10-04_0815_N_VIIRS,CR_838,31.68396,74.99023,2023-10-04 13:41:53,2023-10-04 08:15:00,0.35,-5.45,N,Agricultural Burn,CREAMS,20.RiceResidueFireBulletin_04Oct_2023_ICAR.pdf
30.8012_74.4065_2023-10-11_0744_N_VIIRS,CR_1847,30.80118,74.40652,2023-10-11 13:10:25,2023-10-11 07:44:00,0.35,-5.44,N,Agricultural Burn,CREAMS,27.RiceResidueFireBulletin_11Oct_2023_ICAR.pdf
24.6847_77.0909_2023-10-11_0832_N20_VIIRS,CR_1971,24.68465,77.09089,2023-10-11 13:10:25,2023-10-11 08:32:00,0.354,-4.64,N20,Agricultural Burn,CREAMS,27.RiceResidueFireBulletin_11Oct_2023_ICAR.pdf
24.7016_78.0717_2023-10-11_0832_N20_VIIRS,CR_1960,24.70157,78.0717,2023-10-11 13:10:25,2023-10-11 08:32:00,0.356,-4.64,N20,Agricultural Burn,CREAMS,27.RiceResidueFireBulletin_11Oct_2023_ICAR.pdf
26.6414_79.4787_2023-10-05_2021_N_VIIRS,CR_1269,26.64144,79.47867,2023-10-06 01:54:45,2023-10-05 20:21:00,0.357,-5.56,N,Agricultural Burn,CREAMS,22.RiceResidueFireBulletin_06Oct_2023_ICAR.pdf
31.5530_74.8362_2023-10-05_0756_N_VIIRS,CR_993,31.55298,74.83624,2023-10-05 13:22:58,2023-10-05 07:56:00,0.359,-5.45,N,Agricultural Burn,CREAMS,21.RiceResidueFireBulletin_05Oct_2023_ICAR.pdf
26.6420_79.4824_2023-09-27_2111_N_VIIRS,CR_108,26.64203,79.48241,2023-09-28 01:04:08,2023-09-27 21:11:00,0.359,-3.89,N,Agricultural Burn,CREAMS,14.RiceResidueFireBulletin_28Sep_2023_ICAR.pdf
31.5440_75.0966_2023-10-05_0756_N_VIIRS,CR_997,31.54399,75.09659,2023-10-05 13:22:58,2023-10-05 07:56:00,0.363,-5.45,N,Agricultural Burn,CREAMS,21.RiceResidueFireBulletin_05Oct_2023_ICAR.pdf
27.5887_77.4803_2023-10-04_0814_N_VIIRS,CR_949,27.58865,77.4803,2023-10-04 13:41:53,2023-10-04 08:14:00,0.364,-5.46,N,Agricultural Burn,CREAMS,20.RiceResidueFireBulletin_04Oct_2023_ICAR.pdf
31.7123_74.9417_2023-10-02_0853_N_VIIRS,CR_599,31.71228,74.94167,2023-10-02 14:19:44,2023-10-02 08:53:00,0.367,-5.45,N,Agricultural Burn,CREAMS,18.RiceResidueFireBulletin_02Oct_2023_ICAR.pdf
31.7591_74.9611_2023-09-28_0828_N_VIIRS,CR_75,31.75909,74.96114,2023-09-28 13:54:25,2023-09-28 08:28:00,0.368,-5.44,N,Agricultural Burn,CREAMS,14.RiceResidueFireBulletin_28Sep_2023_ICAR.pdf
31.7349_74.9689_2023-09-28_0828_N_VIIRS,CR_73,31.73486,74.96892,2023-09-28 13:54:25,2023-09-28 08:28:00,0.369,-5.44,N,Agricultural Burn,CREAMS,14.RiceResidueFireBulletin_28Sep_2023_ICAR.pdf
31.9715_74.8298_2023-09-29_0809_N_VIIRS,CR_115,31.97151,74.82977,2023-09-29 13:35:30,2023-09-29 08:09:00,0.369,-5.44,N,Agricultural Burn,CREAMS,15.RiceResidueFireBulletin_29Sep_2023_ICAR.pdf
31.8393_75.0256_2023-09-29_0809_N_VIIRS,CR_170,31.8393,75.02563,2023-09-29 13:35:30,2023-09-29 08:09:00,0.373,-5.44,N,Agricultural Burn,CREAMS,15.RiceResidueFireBulletin_29Sep_2023_ICAR.pdf
24.7620_74.6081_2023-09-28_2053_N_VIIRS,CR_205,24.76202,74.60812,2023-09-29 02:25:30,2023-09-28 20:53:00,0.375,-5.54,N,Agricultural Burn,CREAMS,15.RiceResidueFireBulletin_29Sep_2023_ICAR.pdf
24.7064_78.0686_2023-10-11_0742_N_VIIRS,CR_1960,24.70644,78.06855,2023-10-11 13:10:25,2023-10-11 07:42:00,0.375,-5.47,N,Agricultural Burn,CREAMS,27.RiceResidueFireBulletin_11Oct_2023_ICAR.pdf
29.6374_75.9369_2023-10-05_0846_N20_VIIRS,CR_1094,29.6374,75.93695,2023-10-05 13:22:58,2023-10-05 08:46:00,0.377,-4.62,N20,Agricultural Burn,CREAMS,21.RiceResidueFireBulletin_05Oct_2023_ICAR.pdf
30.2920_77.1338_2023-10-08_0840_N_VIIRS,CR_1462,30.29203,77.1338,2023-10-08 13:53:46,2023-10-08 08:40:00,0.379,-5.23,N,Agricultural Burn,CREAMS,24.RiceResidueFireBulletin_08Oct_2023_ICAR.pdf
31.5226_74.6162_2023-10-05_0756_N_VIIRS,CR_992,31.52256,74.61623,2023-10-05 13:22:58,2023-10-05 07:56:00,0.381,-5.45,N,Agricultural Burn,CREAMS,21.RiceResidueFireBulletin_05Oct_2023_ICAR.pdf
31.6760_74.9510_2023-09-30_0750_N_VIIRS,CR_272,31.676,74.95103,2023-09-30 13:16:35,2023-09-30 07:50:00,0.383,-5.44,N,Agricultural Burn,CREAMS,16.RiceResidueFireBulletin_30Sep_2023_ICAR.pdf
31.7772_74.9802_2023-10-05_0757_N_VIIRS,CR_1010,31.7772,74.98016,2023-10-05 13:22:58,2023-10-05 07:57:00,0.385,-5.43,N,Agricultural Burn,CREAMS,21.RiceResidueFireBulletin_05Oct_2023_ICAR.pdf
31.7292_74.9609_2023-09-29_0809_N_VIIRS,CR_133,31.72923,74.96091,2023-09-29 13:35:30,2023-09-29 08:09:00,0.39,-5.44,N,Agricultural Burn,CREAMS,15.RiceResidueFireBulletin_29Sep_2023_ICAR.pdf
31.7270_74.9699_2023-09-29_0809_N_VIIRS,CR_132,31.72705,74.96986,2023-09-29 13:35:30,2023-09-29 08:09:00,0.39,-5.44,N,Agricultural Burn,CREAMS,15.RiceResidueFireBulletin_29Sep_2023_ICAR.pdf
29.5596_76.3209_2023-10-10_0802_N_VIIRS,CR_1719,29.55958,76.32093,2023-10-10 13:28:38,2023-10-10 08:02:00,0.397,-5.44,N,Agricultural Burn,CREAMS,26.RiceResidueFireBulletin_10Oct_2023_ICAR.pdf
30.1858_76.8946_2023-10-05_0756_N_VIIRS,CR_1101,30.18576,76.89462,2023-10-05 13:22:58,2023-10-05 07:56:00,0.398,-5.45,N,Agricultural Burn,CREAMS,21.RiceResidueFireBulletin_05Oct_2023_ICAR.pdf
29.4229_78.5224_2023-10-11_0743_N_VIIRS,CR_1901,29.42287,78.52235,2023-10-11 13:10:25,2023-10-11 07:43:00,0.399,-5.46,N,Agricultural Burn,CREAMS,27.RiceResidueFireBulletin_11Oct_2023_ICAR.pdf
31.5983_75.2363_2023-10-05_0756_N_VIIRS,CR_1019,31.59834,75.23632,2023-10-05 13:22:58,2023-10-05 07:56:00,0.399,-5.45,N,Agricultural Burn,CREAMS,21.RiceResidueFireBulletin_05Oct_2023_ICAR.pdf
27.5200_78.4170_2023-10-10_0801_N_VIIRS,CR_1747,27.52002,78.41702,2023-10-10 13:28:38,2023-10-10 08:01:00,0.4,-5.46,N,Agricultural Burn,CREAMS,26.RiceResidueFireBulletin_10Oct_2023_ICAR.pdf
31.7876_75.0644_2023-10-02_0853_N_VIIRS,CR_572,31.78765,75.06443,2023-10-02 14:19:44,2023-10-02 08:53:00,0.402,-5.45,N,Agricultural Burn,CREAMS,18.RiceResidueFireBulletin_02Oct_2023_ICAR.pdf
31.6206_75.2189_2023-10-05_0756_N_VIIRS,CR_1020,31.62062,75.21894,2023-10-05 13:22:58,2023-10-05 07:56:00,0.405,-5.45,N,Agricultural Burn,CREAMS,21.RiceResidueFireBulletin_05Oct_2023_ICAR.pdf
31.5438_75.0447_2023-10-02_0713_N_VIIRS,CR_534,31.5438,75.0447,2023-10-02 12:39:27,2023-10-02 07:13:00,0.41,-5.44,N,Agricultural Burn,CREAMS,18.RiceResidueFireBulletin_02Oct_2023_ICAR.pdf
24.7162_77.0520_2023-10-10_0801_N_VIIRS,CR_1808,24.71624,77.05199,2023-10-10 13:28:38,2023-10-10 08:01:00,0.41,-5.46,N,Agricultural Burn,CREAMS,26.RiceResidueFireBulletin_10Oct_2023_ICAR.pdf
29.8517_75.4040_2023-10-05_0756_N_VIIRS,CR_1054,29.85172,75.40396,2023-10-05 13:22:58,2023-10-05 07:56:00,0.411,-5.45,N,Agricultural Burn,CREAMS,21.RiceResidueFireBulletin_05Oct_2023_ICAR.pdf
24.6157_76.8808_2023-10-11_0832_N20_VIIRS,CR_1945,24.61568,76.88084,2023-10-11 14:20:25,2023-10-11 08:32:00,0.415,-5.81,N20,Agricultural Burn,CREAMS,27.RiceResidueFireBulletin_11Oct_2023_ICAR.pdf
29.4760_75.9673_2023-10-10_0802_N_VIIRS,CR_1714,29.47598,75.96732,2023-10-10 13:28:38,2023-10-10 08:02:00,0.415,-5.44,N,Agricultural Burn,CREAMS,26.RiceResidueFireBulletin_10Oct_2023_ICAR.pdf
25.4544_76.4564_2023-10-04_0814_N_VIIRS,CR_985,25.45439,76.45642,2023-10-04 13:41:53,2023-10-04 08:14:00,0.417,-5.46,N,Agricultural Burn,CREAMS,20.RiceResidueFireBulletin_04Oct_2023_ICAR.pdf
31.7667_74.7988_2023-10-06_0828_N20_VIIRS,CR_1163,31.7667,74.79876,2023-10-06 14:08:27,2023-10-06 08:28:00,0.418,-5.67,N20,Agricultural Burn,CREAMS,22.RiceResidueFireBulletin_06Oct_2023_ICAR.pdf
31.7129_74.9390_2023-09-30_0750_N_VIIRS,CR_276,31.71291,74.93899,2023-09-30 13:16:35,2023-09-30 07:50:00,0.421,-5.44,N,Agricultural Burn,CREAMS,16.RiceResidueFireBulletin_30Sep_2023_ICAR.pdf
31.6705_75.1669_2023-09-30_0750_N_VIIRS,CR_268,31.67055,75.16686,2023-09-30 13:16:35,2023-09-30 07:50:00,0.422,-5.44,N,Agricultural Burn,CREAMS,16.RiceResidueFireBulletin_30Sep_2023_ICAR.pdf
31.8039_75.0370_2023-10-02_0803_N20_VIIRS,CR_575,31.80388,75.03699,2023-10-02 12:39:27,2023-10-02 08:03:00,0.427,-4.61,N20,Agricultural Burn,CREAMS,18.RiceResidueFireBulletin_02Oct_2023_ICAR.pdf
31.5767_74.7719_2023-09-30_0750_N_VIIRS,CR_220,31.57666,74.77189,2023-09-30 13:16:35,2023-09-30 07:50:00,0.428,-5.44,N,Agricultural Burn,CREAMS,16.RiceResidueFireBulletin_30Sep_2023_ICAR.pdf
27.9332_77.4190_2023-10-03_0833_N_VIIRS,CR_797,27.93324,77.41903,2023-10-03 14:00:48,2023-10-03 08:33:00,0.43,-5.46,N,Agricultural Burn,CREAMS,19.RiceResidueFireBulletin_03Oct_2023_ICAR.pdf
28.6975_78.4009_2023-10-04_0814_N_VIIRS,CR_947,28.69755,78.40092,2023-10-04 13:41:53,2023-10-04 08:14:00,0.43,-5.46,N,Agricultural Burn,CREAMS,20.RiceResidueFireBulletin_04Oct_2023_ICAR.pdf
28.9607_76.9066_2023-10-11_0743_N_VIIRS,CR_1884,28.96074,76.90663,2023-10-11 13:10:25,2023-10-11 07:43:00,0.431,-5.46,N,Agricultural Burn,CREAMS,27.RiceResidueFireBulletin_11Oct_2023_ICAR.pdf
25.3052_76.4186_2023-10-06_0826_N20_VIIRS,CR_1284,25.30515,76.41863,2023-10-06 14:08:27,2023-10-06 08:26:00,0.436,-5.71,N20,Agricultural Burn,CREAMS,22.RiceResidueFireBulletin_06Oct_2023_ICAR.pdf
30.8060_74.4095_2023-10-11_0744_N_VIIRS,CR_1847,30.80596,74.40948,2023-10-11 13:10:25,2023-10-11 07:44:00,0.436,-5.44,N,Agricultural Burn,CREAMS,27.RiceResidueFireBulletin_11Oct_2023_ICAR.pdf
31.7203_74.9735_2023-10-05_0847_N20_VIIRS,CR_1006,31.72033,74.9735,2023-10-05 13:22:58,2023-10-05 08:47:00,0.438,-4.6,N20,Agricultural Burn,CREAMS,21.RiceResidueFireBulletin_05Oct_2023_ICAR.pdf
31.4966_74.5969_2023-10-09_0821_N_VIIRS,CR_1565,31.49663,74.59694,2023-10-09 13:47:33,2023-10-09 08:21:00,0.438,-5.44,N,Agricultural Burn,CREAMS,25.RiceResidueFireBulletin_09Oct_2023_ICAR.pdf
28.7774_76.9487_2023-10-05_2021_N_VIIRS,CR_1253,28.77742,76.94869,2023-10-06 01:54:45,2023-10-05 20:21:00,0.441,-5.56,N,Agricultural Burn,CREAMS,22.RiceResidueFireBulletin_06Oct_2023_ICAR.pdf
28.0933_78.0294_2023-10-10_0802_N_VIIRS,CR_1729,28.09334,78.02942,2023-10-10 13:28:38,2023-10-10 08:02:00,0.442,-5.44,N,Agricultural Burn,CREAMS,26.RiceResidueFireBulletin_10Oct_2023_ICAR.pdf
27.6999_79.6922_2023-10-04_2040_N_VIIRS,CR_1121,27.69988,79.69219,2023-10-05 02:12:58,2023-10-04 20:40:00,0.446,-5.55,N,Agricultural Burn,CREAMS,21.RiceResidueFireBulletin_05Oct_2023_ICAR.pdf
31.6788_74.9679_2023-09-26_0815_N20_VIIRS,CR_30,31.67876,74.96794,2023-09-26 13:44:12,2023-09-26 08:15:00,0.448,-5.49,N20,Agricultural Burn,CREAMS,12.RiceResidueFireBulletin_26Sep_2023_ICAR.pdf
31.6835_74.9733_2023-09-26_0815_N20_VIIRS,CR_31,31.68345,74.9733,2023-09-26 13:44:12,2023-09-26 08:15:00,0.449,-5.49,N20,Agricultural Burn,CREAMS,12.RiceResidueFireBulletin_26Sep_2023_ICAR.pdf
29.7493_76.0223_2023-10-09_0821_N_VIIRS,CR_1603,29.7493,76.02226,2023-10-09 13:47:33,2023-10-09 08:21:00,0.453,-5.44,N,Agricultural Burn,CREAMS,25.RiceResidueFireBulletin_09Oct_2023_ICAR.pdf
29.0586_78.3806_2023-10-11_0743_N_VIIRS,CR_1898,29.05864,78.38062,2023-10-11 13:10:25,2023-10-11 07:43:00,0.453,-5.46,N,Agricultural Burn,CREAMS,27.RiceResidueFireBulletin_11Oct_2023_ICAR.pdf
30.2930_77.1332_2023-10-08_0840_N_VIIRS,CR_1462,30.29304,77.13317,2023-10-08 13:53:46,2023-10-08 08:40:00,0.463,-5.23,N,Agricultural Burn,CREAMS,24.RiceResidueFireBulletin_08Oct_2023_ICAR.pdf
31.3566_75.9135_2023-09-21_0809_N20_VIIRS,CR_15,31.35661,75.91351,2023-09-21 13:31:58,2023-09-21 08:09:00,0.464,-5.38,N20,Agricultural Burn,CREAMS,07.RiceResidueFireBulletin_21Sep_2023_ICAR.pdf
31.5729_74.7967_2023-10-04_0815_N_VIIRS,CR_826,31.57295,74.79673,2023-10-04 13:41:53,2023-10-04 08:15:00,0.464,-5.45,N,Agricultural Burn,CREAMS,20.RiceResidueFireBulletin_04Oct_2023_ICAR.pdf
30.1636_77.0956_2023-09-26_0815_N20_VIIRS,CR_32,30.16361,77.09557,2023-09-26 13:44:12,2023-09-26 08:15:00,0.464,-5.49,N20,Agricultural Burn,CREAMS,12.RiceResidueFireBulletin_26Sep_2023_ICAR.pdf
25.3551_76.3844_2023-10-04_0814_N_VIIRS,CR_974,25.35512,76.38443,2023-10-04 13:41:53,2023-10-04 08:14:00,0.466,-5.46,N,Agricultural Burn,CREAMS,20.RiceResidueFireBulletin_04Oct_2023_ICAR.pdf
31.5455_75.0375_2023-10-02_0853_N_VIIRS,CR_537,31.54547,75.03751,2023-10-02 14:19:44,2023-10-02 08:53:00,0.468,-5.45,N,Agricultural Burn,CREAMS,18.RiceResidueFireBulletin_02Oct_2023_ICAR.pdf
31.5491_75.0583_2023-10-04_0815_N_VIIRS,CR_831,31.54905,75.05831,2023-10-04 13:41:53,2023-10-04 08:15:00,0.47,-5.45,N,Agricultural Burn,CREAMS,20.RiceResidueFireBulletin_04Oct_2023_ICAR.pdf
31.7384_74.9543_2023-09-26_0815_N20_VIIRS,CR_29,31.7384,74.95434,2023-09-26 13:44:12,2023-09-26 08:15:00,0.473,-5.49,N20,Agricultural Burn,CREAMS,12.RiceResidueFireBulletin_26Sep_2023_ICAR.pdf
31.5931_75.1618_2023-10-02_0713_N_VIIRS,CR_587,31.59312,75.16177,2023-10-02 12:39:27,2023-10-02 07:13:00,0.481,-5.44,N,Agricultural Burn,CREAMS,18.RiceResidueFireBulletin_02Oct_2023_ICAR.pdf
22.6840_75.9026_2023-09-30_2016_N_VIIRS,CR_521,22.68397,75.9026,2023-10-01 01:48:22,2023-09-30 20:16:00,0.483,-5.54,N,Agricultural Burn,CREAMS,17.RiceResidueFireBulletin_01Oct_2023_ICAR.pdf
31.5920_75.0050_2023-09-28_0828_N_VIIRS,CR_68,31.59195,75.00504,2023-09-28 13:54:25,2023-09-28 08:28:00,0.487,-5.44,N,Agricultural Burn,CREAMS,14.RiceResidueFireBulletin_28Sep_2023_ICAR.pdf
31.7074_74.9473_2023-10-03_0834_N_VIIRS,CR_729,31.70743,74.94727,2023-10-03 13:41:45,2023-10-03 08:34:00,0.493,-5.13,N,Agricultural Burn,CREAMS,19.RiceResidueFireBulletin_03Oct_2023_ICAR.pdf
26.3638_77.6757_2023-10-10_0801_N_VIIRS,CR_1825,26.36378,77.67565,2023-10-10 13:28:38,2023-10-10 08:01:00,0.507,-5.46,N,Agricultural Burn,CREAMS,26.RiceResidueFireBulletin_10Oct_2023_ICAR.pdf
25.1598_76.2662_2023-10-10_0801_N_VIIRS,CR_1765,25.15977,76.26621,2023-10-10 13:28:38,2023-10-10 08:01:00,0.508,-5.46,N,Agricultural Burn,CREAMS,26.RiceResidueFireBulletin_10Oct_2023_ICAR.pdf
25.4180_81.2875_2023-10-11_0742_N_VIIRS,CR_1914,25.41799,81.28755,2023-10-11 13:10:25,2023-10-11 07:42:00,0.532,-5.47,N,Agricultural Burn,CREAMS,27.RiceResidueFireBulletin_11Oct_2023_ICAR.pdf
31.6794_74.9693_2023-09-26_0815_N20_VIIRS,CR_30,31.67936,74.96931,2023-09-26 13:44:12,2023-09-26 08:15:00,0.535,-5.49,N20,Agricultural Burn,CREAMS,12.RiceResidueFireBulletin_26Sep_2023_ICAR.pdf
25.4667_76.4413_2023-10-04_0814_N_VIIRS,CR_986,25.46668,76.44128,2023-10-04 13:41:53,2023-10-04 08:14:00,0.544,-5.46,N,Agricultural Burn,CREAMS,20.RiceResidueFireBulletin_04Oct_2023_ICAR.pdf
29.5724_76.1112_2023-10-10_0852_N20_VIIRS,CR_1720,29.57241,76.11125,2023-10-10 13:28:38,2023-10-10 08:52:00,0.545,-4.61,N20,Agricultural Burn,CREAMS,26.RiceResidueFireBulletin_10Oct_2023_ICAR.pdf
31.5729_75.1031_2023-10-05_0756_N_VIIRS,CR_1001,31.57295,75.10309,2023-10-05 13:22:58,2023-10-05 07:56:00,0.548,-5.45,N,Agricultural Burn,CREAMS,21.RiceResidueFireBulletin_05Oct_2023_ICAR.pdf
31.7835_74.9936_2023-10-01_0732_N_VIIRS,CR_406,31.78352,74.99364,2023-10-01 12:57:39,2023-10-01 07:32:00,0.551,-5.43,N,Agricultural Burn,CREAMS,17.RiceResidueFireBulletin_01Oct_2023_ICAR.pdf
27.9330_77.4178_2023-10-03_0833_N_VIIRS,CR_797,27.93295,77.41779,2023-10-03 14:00:48,2023-10-03 08:33:00,0.555,-5.46,N,Agricultural Burn,CREAMS,19.RiceResidueFireBulletin_03Oct_2023_ICAR.pdf
30.8052_74.4055_2023-10-11_0744_N_VIIRS,CR_1847,30.80515,74.40546,2023-10-11 13:10:25,2023-10-11 07:44:00,0.556,-5.44,N,Agricultural Burn,CREAMS,27.RiceResidueFireBulletin_11Oct_2023_ICAR.pdf
31.9760_74.8374_2023-09-29_0809_N_VIIRS,CR_115,31.97604,74.83741,2023-09-29 13:35:30,2023-09-29 08:09:00,0.561,-5.44,N,Agricultural Burn,CREAMS,15.RiceResidueFireBulletin_29Sep_2023_ICAR.pdf
31.7324_74.9243_2023-09-30_0750_N_VIIRS,CR_234,31.73243,74.92434,2023-09-30 13:16:35,2023-09-30 07:50:00,0.564,-5.44,N,Agricultural Burn,CREAMS,16.RiceResidueFireBulletin_30Sep_2023_ICAR.pdf
31.2633_75.1435_2023-10-02_0713_N_VIIRS,CR_618,31.26335,75.14345,2023-10-02 12:39:27,2023-10-02 07:13:00,0.566,-5.44,N,Agricultural Burn,CREAMS,18.RiceResidueFireBulletin_02Oct_2023_ICAR.pdf
30.1033_76.1720_2023-10-08_0840_N_VIIRS,CR_1415,30.10333,76.17197,2023-10-08 14:06:29,2023-10-08 08:40:00,0.568,-5.44,N,Agricultural Burn,CREAMS,24.RiceResidueFireBulletin_08Oct_2023_ICAR.pdf
31.5537_74.8405_2023-10-05_0756_N_VIIRS,CR_993,31.55371,74.84051,2023-10-05 13:22:58,2023-10-05 07:56:00,0.574,-5.45,N,Agricultural Burn,CREAMS,21.RiceResidueFireBulletin_05Oct_2023_ICAR.pdf
31.3869_75.1234_2023-10-03_0834_N_VIIRS,CR_766,31.38688,75.12337,2023-10-03 14:00:48,2023-10-03 08:34:00,0.581,-5.45,N,Agricultural Burn,CREAMS,19.RiceResidueFireBulletin_03Oct_2023_ICAR.pdf
24.7573_76.9684_2023-10-06_0826_N20_VIIRS,CR_1293,24.75731,76.96844,2023-10-06 13:04:02,2023-10-06 08:26:00,0.581,-4.63,N20,Agricultural Burn,CREAMS,22.RiceResidueFireBulletin_06Oct_2023_ICAR.pdf
31.3566_75.9149_2023-09-21_0809_N20_VIIRS,CR_15,31.35656,75.91492,2023-09-21 13:31:58,2023-09-21 08:09:00,0.588,-5.38,N20,Agricultural Burn,CREAMS,07.RiceResidueFireBulletin_21Sep_2023_ICAR.pdf
29.8483_75.4047_2023-10-05_0756_N_VIIRS,CR_1052,29.84834,75.40471,2023-10-05 13:22:58,2023-10-05 07:56:00,0.601,-5.45,N,Agricultural Burn,CREAMS,21.RiceResidueFireBulletin_05Oct_2023_ICAR.pdf
26.2883_77.5066_2023-10-11_0742_N_VIIRS,CR_1982,26.28833,77.50656,2023-10-11 13:10:25,2023-10-11 07:42:00,0.605,-5.47,N,Agricultural Burn,CREAMS,27.RiceResidueFireBulletin_11Oct_2023_ICAR.pdf
29.0552_78.3814_2023-10-11_0743_N_VIIRS,CR_1898,29.05522,78.38136,2023-10-11 13:10:25,2023-10-11 07:43:00,0.607,-5.46,N,Agricultural Burn,CREAMS,27.RiceResidueFireBulletin_11Oct_2023_ICAR.pdf
31.7383_74.9614_2023-10-01_0732_N_VIIRS,CR_398,31.73826,74.96145,2023-10-01 12:57:39,2023-10-01 07:32:00,0.607,-5.43,N,Agricultural Burn,CREAMS,17.RiceResidueFireBulletin_01Oct_2023_ICAR.pdf
29.5832_76.0887_2023-10-08_0749_N20_VIIRS,CR_1481,29.58324,76.08865,2023-10-08 12:26:54,2023-10-08 07:49:00,0.617,-4.63,N20,Agricultural Burn,CREAMS,24.RiceResidueFireBulletin_08Oct_2023_ICAR.pdf
31.5749_75.0939_2023-10-05_0756_N_VIIRS,CR_1005,31.57493,75.09393,2023-10-05 13:27:07,2023-10-05 07:56:00,0.621,-5.52,N,Agricultural Burn,CREAMS,21.RiceResidueFireBulletin_05Oct_2023_ICAR.pdf
31.7842_74.9962_2023-10-01_0732_N_VIIRS,CR_406,31.78421,74.99615,2023-10-01 12:57:39,2023-10-01 07:32:00,0.622,-5.43,N,Agricultural Burn,CREAMS,17.RiceResidueFireBulletin_01Oct_2023_ICAR.pdf
25.1107_76.2340_2023-10-11_0832_N20_VIIRS,CR_1940,25.11067,76.23405,2023-10-11 13:10:25,2023-10-11 08:32:00,0.625,-4.64,N20,Agricultural Burn,CREAMS,27.RiceResidueFireBulletin_11Oct_2023_ICAR.pdf
31.5709_75.0905_2023-10-05_0756_N_VIIRS,CR_1005,31.57087,75.09048,2023-10-05 13:27:07,2023-10-05 07:56:00,0.625,-5.52,N,Agricultural Burn,CREAMS,21.RiceResidueFireBulletin_05Oct_2023_ICAR.pdf
25.3663_76.4397_2023-10-06_0826_N20_VIIRS,CR_1286,25.3663,76.43966,2023-10-06 14:08:27,2023-10-06 08:26:00,0.635,-5.71,N20,Agricultural Burn,CREAMS,22.RiceResidueFireBulletin_06Oct_2023_ICAR.pdf
26.3241_77.6731_2023-10-07_0807_N20_VIIRS,CR_1363,26.32414,77.67309,2023-10-07 12:45:07,2023-10-07 08:07:00,0.636,-4.64,N20,Agricultural Burn,CREAMS,23.RiceResidueFireBulletin_07Oct_2023_ICAR.pdf
31.4317_75.0712_2023-10-02_0803_N20_VIIRS,CR_640,31.43166,75.07122,2023-10-02 12:39:27,2023-10-02 08:03:00,0.639,-4.61,N20,Agricultural Burn,CREAMS,18.RiceResidueFireBulletin_02Oct_2023_ICAR.pdf
31.7105_74.9376_2023-09-30_0750_N_VIIRS,CR_276,31.71054,74.93759,2023-09-30 13:16:35,2023-09-30 07:50:00,0.656,-5.44,N,Agricultural Burn,CREAMS,16.RiceResidueFireBulletin_30Sep_2023_ICAR.pdf
29.4774_75.5363_2023-10-10_0802_N_VIIRS,CR_1707,29.47738,75.53635,2023-10-10 13:39:04,2023-10-10 08:02:00,0.669,-5.62,N,Agricultural Burn,CREAMS,26.RiceResidueFireBulletin_10Oct_2023_ICAR.pdf
29.6403_75.9372_2023-10-05_0846_N20_VIIRS,CR_1094,29.64029,75.93717,2023-10-05 13:22:58,2023-10-05 08:46:00,0.672,-4.62,N20,Agricultural Burn,CREAMS,21.RiceResidueFireBulletin_05Oct_2023_ICAR.pdf
31.4330_74.9021_2023-10-08_0840_N_VIIRS,CR_1454,31.43297,74.90205,2023-10-08 14:06:29,2023-10-08 08:40:00,0.675,-5.44,N,Agricultural Burn,CREAMS,24.RiceResidueFireBulletin_08Oct_2023_ICAR.pdf
31.7961_75.0303_2023-10-02_0803_N20_VIIRS,CR_574,31.79609,75.03033,2023-10-02 12:39:27,2023-10-02 08:03:00,0.682,-4.61,N20,Agricultural Burn,CREAMS,18.RiceResidueFireBulletin_02Oct_2023_ICAR.pdf
31.4275_75.0683_2023-10-02_0803_N20_VIIRS,CR_640,31.42754,75.06826,2023-10-02 12:39:27,2023-10-02 08:03:00,0.685,-4.61,N20,Agricultural Burn,CREAMS,18.RiceResidueFireBulletin_02Oct_2023_ICAR.pdf
29.8340_76.1744_2023-10-07_0808_N20_VIIRS,CR_1322,29.834,76.17442,2023-10-07 12:45:07,2023-10-07 08:08:00,0.686,-4.62,N20,Agricultural Burn,CREAMS,23.RiceResidueFireBulletin_07Oct_2023_ICAR.pdf
29.6726_75.9234_2023-10-11_0743_N_VIIRS,CR_1873,29.67264,75.92337,2023-10-11 13:10:25,2023-10-11 07:43:00,0.701,-5.46,N,Agricultural Burn,CREAMS,27.RiceResidueFireBulletin_11Oct_2023_ICAR.pdf
31.7206_74.9776_2023-10-05_0847_N20_VIIRS,CR_1006,31.72061,74.97762,2023-10-05 13:22:58,2023-10-05 08:47:00,0.705,-4.6,N20,Agricultural Burn,CREAMS,21.RiceResidueFireBulletin_05Oct_2023_ICAR.pdf
27.8785_79.8384_2023-10-11_2058_N20_VIIRS,CR_2006,27.87848,79.83842,2023-10-12 01:41:30,2023-10-11 20:58:00,0.717,-4.72,N20,Agricultural Burn,CREAMS,28.RiceResidueFireBulletin_12Oct_2023_ICAR.pdf
28.0106_77.5754_2023-10-07_0718_N_VIIRS,CR_1344,28.01065,77.57542,2023-10-07 12:45:07,2023-10-07 07:18:00,0.726,-5.45,N,Agricultural Burn,CREAMS,23.RiceResidueFireBulletin_07Oct_2023_ICAR.pdf
31.6794_74.9725_2023-09-26_0815_N20_VIIRS,CR_31,31.67936,74.97253,2023-09-26 13:44:12,2023-09-26 08:15:00,0.731,-5.49,N20,Agricultural Burn,CREAMS,12.RiceResidueFireBulletin_26Sep_2023_ICAR.pdf
31.5547_74.8419_2023-10-05_0847_N20_VIIRS,CR_993,31.55471,74.84192,2023-10-05 13:22:58,2023-10-05 08:47:00,0.746,-4.6,N20,Agricultural Burn,CREAMS,21.RiceResidueFireBulletin_05Oct_2023_ICAR.pdf
31.7744_74.9535_2023-10-06_0828_N20_VIIRS,CR_1172,31.77442,74.95345,2023-10-06 14:08:27,2023-10-06 08:28:00,0.754,-5.67,N20,Agricultural Burn,CREAMS,22.RiceResidueFireBulletin_06Oct_2023_ICAR.pdf
30.2597_76.2558_2023-10-02_0802_N20_VIIRS,CR_622,30.25974,76.25583,2023-10-02 12:39:27,2023-10-02 08:02:00,0.754,-4.62,N20,Agricultural Burn,CREAMS,18.RiceResidueFireBulletin_02Oct_2023_ICAR.pdf
28.8811_79.8019_2023-10-08_0840_N_VIIRS,CR_1529,28.88107,79.80186,2023-10-08 14:06:29,2023-10-08 08:40:00,0.763,-5.44,N,Agricultural Burn,CREAMS,24.RiceResidueFireBulletin_08Oct_2023_ICAR.pdf
30.9762_74.5398_2023-10-07_0809_N20_VIIRS,CR_1317,30.97619,74.5398,2023-10-07 12:45:07,2023-10-07 08:09:00,0.775,-4.6,N20,Agricultural Burn,CREAMS,23.RiceResidueFireBulletin_07Oct_2023_ICAR.pdf
31.6836_75.1782_2023-09-30_0750_N_VIIRS,CR_270,31.68356,75.17818,2023-09-30 13:16:35,2023-09-30 07:50:00,0.776,-5.44,N,Agricultural Burn,CREAMS,16.RiceResidueFireBulletin_30Sep_2023_ICAR.pdf
30.2598_76.1713_2023-10-07_0808_N20_VIIRS,CR_1325,30.25979,76.1713,2023-10-07 12:45:07,2023-10-07 08:08:00,0.818,-4.62,N20,Agricultural Burn,CREAMS,23.RiceResidueFireBulletin_07Oct_2023_ICAR.pdf
31.7588_74.9710_2023-09-29_0859_N20_VIIRS,CR_139,31.75883,74.97101,2023-09-29 13:35:30,2023-09-29 08:59:00,0.819,-4.61,N20,Agricultural Burn,CREAMS,15.RiceResidueFireBulletin_29Sep_2023_ICAR.pdf
30.9624_74.5384_2023-10-07_0809_N20_VIIRS,CR_1317,30.96239,74.53837,2023-10-07 12:45:07,2023-10-07 08:09:00,0.82,-4.6,N20,Agricultural Burn,CREAMS,23.RiceResidueFireBulletin_07Oct_2023_ICAR.pdf
31.5742_75.0897_2023-10-05_0756_N_VIIRS,CR_1005,31.57424,75.08973,2023-10-05 13:27:07,2023-10-05 07:56:00,0.835,-5.52,N,Agricultural Burn,CREAMS,21.RiceResidueFireBulletin_05Oct_2023_ICAR.pdf
31.7915_74.9549_2023-10-05_0847_N20_VIIRS,CR_1011,31.79147,74.95495,2023-10-05 13:22:58,2023-10-05 08:47:00,0.847,-4.6,N20,Agricultural Burn,CREAMS,21.RiceResidueFireBulletin_05Oct_2023_ICAR.pdf
31.7708_74.7982_2023-10-06_0828_N20_VIIRS,CR_1163,31.77076,74.79819,2023-10-06 14:08:27,2023-10-06 08:28:00,0.863,-5.67,N20,Agricultural Burn,CREAMS,22.RiceResidueFireBulletin_06Oct_2023_ICAR.pdf
25.3038_76.4064_2023-10-06_0826_N20_VIIRS,CR_1284,25.30377,76.40639,2023-10-06 14:08:27,2023-10-06 08:26:00,0.87,-5.71,N20,Agricultural Burn,CREAMS,22.RiceResidueFireBulletin_06Oct_2023_ICAR.pdf
31.3572_75.9178_2023-09-21_0809_N20_VIIRS,CR_15,31.3572,75.91784,2023-09-21 13:31:58,2023-09-21 08:09:00,0.874,-5.38,N20,Agricultural Burn,CREAMS,07.RiceResidueFireBulletin_21Sep_2023_ICAR.pdf
27.1719_81.2666_2023-10-11_0742_N_VIIRS,CR_1893,27.17195,81.26659,2023-10-11 13:10:25,2023-10-11 07:42:00,0.875,-5.47,N,Agricultural Burn,CREAMS,27.RiceResidueFireBulletin_11Oct_2023_ICAR.pdf
31.8677_74.6998_2023-10-02_0803_N20_VIIRS,CR_527,31.86765,74.69983,2023-10-02 12:39:27,2023-10-02 08:03:00,0.875,-4.61,N20,Agricultural Burn,CREAMS,18.RiceResidueFireBulletin_02Oct_2023_ICAR.pdf
29.0594_78.3849_2023-10-11_0743_N_VIIRS,CR_1898,29.05937,78.38488,2023-10-11 13:10:25,2023-10-11 07:43:00,0.875,-5.46,N,Agricultural Burn,CREAMS,27.RiceResidueFireBulletin_11Oct_2023_ICAR.pdf
31.6507_75.1713_2023-10-02_0803_N20_VIIRS,CR_592,31.65071,75.17131,2023-10-02 12:39:27,2023-10-02 08:03:00,0.879,-4.61,N20,Agricultural Burn,CREAMS,18.RiceResidueFireBulletin_02Oct_2023_ICAR.pdf
31.6377_75.0343_2023-09-29_0859_N20_VIIRS,CR_125,31.63769,75.03426,2023-09-29 14:11:00,2023-09-29 08:59:00,0.881,-5.2,N20,Agricultural Burn,CREAMS,15.RiceResidueFireBulletin_29Sep_2023_ICAR.pdf
31.5215_75.0543_2023-10-04_0906_N20_VIIRS,CR_916,31.52148,75.05434,2023-10-04 14:23:08,2023-10-04 09:06:00,0.882,-5.29,N20,Agricultural Burn,CREAMS,20.RiceResidueFireBulletin_04Oct_2023_ICAR.pdf
31.9749_74.8424_2023-09-29_0900_N20_VIIRS,CR_115,31.97488,74.84243,2023-09-29 13:35:30,2023-09-29 09:00:00,0.886,-4.59,N20,Agricultural Burn,CREAMS,15.RiceResidueFireBulletin_29Sep_2023_ICAR.pdf
31.7062_74.9338_2023-09-30_0750_N_VIIRS,CR_274,31.70616,74.93375,2023-09-30 13:16:35,2023-09-30 07:50:00,0.887,-5.44,N,Agricultural Burn,CREAMS,16.RiceResidueFireBulletin_30Sep_2023_ICAR.pdf
31.6762_75.0129_2023-09-29_0859_N20_VIIRS,CR_126,31.67622,75.01291,2023-09-29 13:35:30,2023-09-29 08:59:00,0.888,-4.61,N20,Agricultural Burn,CREAMS,15.RiceResidueFireBulletin_29Sep_2023_ICAR.pdf
29.4733_75.9719_2023-10-10_0802_N_VIIRS,CR_1714,29.47327,75.97192,2023-10-10 13:28:38,2023-10-10 08:02:00,0.894,-5.44,N,Agricultural Burn,CREAMS,26.RiceResidueFireBulletin_10Oct_2023_ICAR.pdf
29.6606_75.9148_2023-10-11_0833_N20_VIIRS,CR_1873,29.6606,75.91478,2023-10-11 13:10:25,2023-10-11 08:33:00,0.895,-4.62,N20,Agricultural Burn,CREAMS,27.RiceResidueFireBulletin_11Oct_2023_ICAR.pdf
29.4271_75.7131_2023-10-10_0802_N_VIIRS,CR_1704,29.42706,75.71307,2023-10-10 13:28:38,2023-10-10 08:02:00,0.895,-5.44,N,Agricultural Burn,CREAMS,26.RiceResidueFireBulletin_10Oct_2023_ICAR.pdf
30.9630_74.5424_2023-10-07_0809_N20_VIIRS,CR_1317,30.96298,74.5424,2023-10-07 12:45:07,2023-10-07 08:09:00,0.907,-4.6,N20,Agricultural Burn,CREAMS,23.RiceResidueFireBulletin_07Oct_2023_ICAR.pdf
31.7215_74.9186_2023-10-04_0906_N20_VIIRS,CR_843,31.72146,74.91859,2023-10-04 13:41:53,2023-10-04 09:06:00,0.917,-4.6,N20,Agricultural Burn,CREAMS,20.RiceResidueFireBulletin_04Oct_2023_ICAR.pdf
31.7596_74.9702_2023-09-29_0859_N20_VIIRS,CR_139,31.75958,74.97015,2023-09-29 13:35:30,2023-09-29 08:59:00,0.923,-4.61,N20,Agricultural Burn,CREAMS,15.RiceResidueFireBulletin_29Sep_2023_ICAR.pdf
31.7726_74.9362_2023-10-06_0828_N20_VIIRS,CR_1172,31.77265,74.93624,2023-10-06 14:08:27,2023-10-06 08:28:00,0.925,-5.67,N20,Agricultural Burn,CREAMS,22.RiceResidueFireBulletin_06Oct_2023_ICAR.pdf
29.9899_77.0142_2023-09-29_0809_N_VIIRS,CR_185,29.98991,77.01421,2023-09-29 13:35:30,2023-09-29 08:09:00,0.928,-5.44,N,Agricultural Burn,CREAMS,15.RiceResidueFireBulletin_29Sep_2023_ICAR.pdf
31.5255_75.0559_2023-10-04_0906_N20_VIIRS,CR_916,31.52548,75.05585,2023-10-04 14:23:08,2023-10-04 09:06:00,0.935,-5.29,N20,Agricultural Burn,CREAMS,20.RiceResidueFireBulletin_04Oct_2023_ICAR.pdf
25.1302_76.2467_2023-10-11_0832_N20_VIIRS,CR_1942,25.13023,76.24669,2023-10-11 13:10:25,2023-10-11 08:32:00,0.957,-4.64,N20,Agricultural Burn,CREAMS,27.RiceResidueFireBulletin_11Oct_2023_ICAR.pdf
31.5463_75.0447_2023-10-03_0834_N_VIIRS,CR_695,31.54626,75.04469,2023-10-03 14:00:48,2023-10-03 08:34:00,0.96,-5.45,N,Agricultural Burn,CREAMS,19.RiceResidueFireBulletin_03Oct_2023_ICAR.pdf
24.8385_76.9733_2023-10-11_0832_N20_VIIRS,CR_1973,24.83849,76.9733,2023-10-11 13:10:25,2023-10-11 08:32:00,0.971,-4.64,N20,Agricultural Burn,CREAMS,27.RiceResidueFireBulletin_11Oct_2023_ICAR.pdf
31.6783_75.1425_2023-10-06_0828_N20_VIIRS,CR_1186,31.67832,75.14254,2023-10-06 14:08:27,2023-10-06 08:28:00,0.984,-5.67,N20,Agricultural Burn,CREAMS,22.RiceResidueFireBulletin_06Oct_2023_ICAR.pdf
28.8821_79.8042_2023-10-08_0840_N_VIIRS,CR_1529,28.88215,79.80416,2023-10-08 14:06:29,2023-10-08 08:40:00,0.997,-5.44,N,Agricultural Burn,CREAMS,24.RiceResidueFireBulletin_08Oct_2023_ICAR.pdf
25.4611_76.4254_2023-10-02_0801_N20_VIIRS,CR_680,25.46113,76.42545,2023-10-02 12:39:27,2023-10-02 08:01:00,1.0,-4.64,N20,Agricultural Burn,CREAMS,18.RiceResidueFireBulletin_02Oct_2023_ICAR.pdf
