latitude,longitude,acq_time,day_night,acq_date,source_file,target_class,label_source,label_confidence
28.82142,76.85355,01:48:08,N,2023-09-15,01.RiceResidueFireBulletin_15Sep_2023_ICAR.pdf,Agricultural Burn,CREAMS,1.0
31.55132,74.95206,14:19:30,D,2023-09-16,02.RiceResidueFireBulletin_16Sep_2023_ICAR.pdf,Agricultural Burn,CREAMS,1.0
31.65829,74.9974,14:19:30,D,2023-09-16,02.RiceResidueFireBulletin_16Sep_2023_ICAR.pdf,Agricultural Burn,CREAMS,1.0
31.69553,75.01547,14:19:30,D,2023-09-16,02.RiceResidueFireBulletin_16Sep_2023_ICAR.pdf,Agricultural Burn,CREAMS,1.0
31.74133,74.92747,14:19:30,D,2023-09-16,02.RiceResidueFireBulletin_16Sep_2023_ICAR.pdf,Agricultural Burn,CREAMS,1.0
31.56246,75.15346,14:19:30,D,2023-09-16,02.RiceResidueFireBulletin_16Sep_2023_ICAR.pdf,Agricultural Burn,CREAMS,1.0
31.66803,75.06416,14:19:30,D,2023-09-16,02.RiceResidueFireBulletin_16Sep_2023_ICAR.pdf,Agricultural Burn,CREAMS,1.0
28.8442,77.14883,01:29:55,N,2023-09-16,02.RiceResidueFireBulletin_16Sep_2023_ICAR.pdf,Agricultural Burn,CREAMS,1.0
26.515,83.74,13:19:38,D,2023-09-16,02.RiceResidueFireBulletin_16Sep_2023_ICAR.pdf,Agricultural Burn,CREAMS,1.0
26.523,83.726,13:19:38,D,2023-09-16,02.RiceResidueFireBulletin_16Sep_2023_ICAR.pdf,Agricultural Burn,CREAMS,1.0
29.42277,76.65236,13:23:26,D,2023-09-19,05.RiceResidueFireBulletin_19Sep_2023_ICAR.pdf,Agricultural Burn,CREAMS,1.0
22.767,78.328,13:46:29,D,2023-09-19,05.RiceResidueFireBulletin_19Sep_2023_ICAR.pdf,Agricultural Burn,CREAMS,1.0
29.49567,77.08434,13:04:31,D,2023-09-20,06.RiceResidueFireBulletin_20Sep_2023_ICAR.pdf,Agricultural Burn,CREAMS,1.0
29.54264,77.0149,13:04:31,D,2023-09-20,06.RiceResidueFireBulletin_20Sep_2023_ICAR.pdf,Agricultural Burn,CREAMS,1.0
23.98786,79.39165,01:54:31,N,2023-09-20,06.RiceResidueFireBulletin_20Sep_2023_ICAR.pdf,Agricultural Burn,CREAMS,1.0
31.355,75.909,13:31:58,D,2023-09-21,07.RiceResidueFireBulletin_21Sep_2023_ICAR.pdf,Agricultural Burn,CREAMS,1.0
29.746,75.91209,12:46:18,D,2023-09-21,07.RiceResidueFireBulletin_21Sep_2023_ICAR.pdf,Agricultural Burn,CREAMS,1.0
29.13178,76.97227,12:46:18,D,2023-09-21,07.RiceResidueFireBulletin_21Sep_2023_ICAR.pdf,Agricultural Burn,CREAMS,1.0
28.199,79.839,13:31:58,D,2023-09-21,07.RiceResidueFireBulletin_21Sep_2023_ICAR.pdf,Agricultural Burn,CREAMS,1.0
30.01439,77.07817,14:06:58,D,2023-09-22,08.RiceResidueFireBulletin_22Sep_2023_ICAR.pdf,Agricultural Burn,CREAMS,1.0
30.02139,77.17903,14:06:58,D,2023-09-22,08.RiceResidueFireBulletin_22Sep_2023_ICAR.pdf,Agricultural Burn,CREAMS,1.0
30.72049,74.33123,13:48:02,D,2023-09-23,09.RiceResidueFireBulletin_23Sep_2023_ICAR.pdf,Agricultural Burn,CREAMS,1.0
29.5235,77.03082,13:48:02,D,2023-09-23,09.RiceResidueFireBulletin_23Sep_2023_ICAR.pdf,Agricultural Burn,CREAMS,1.0
29.56364,76.99569,13:48:02,D,2023-09-23,09.RiceResidueFireBulletin_23Sep_2023_ICAR.pdf,Agricultural Burn,CREAMS,1.0
29.56552,76.99516,13:48:02,D,2023-09-23,09.RiceResidueFireBulletin_23Sep_2023_ICAR.pdf,Agricultural Burn,CREAMS,1.0
27.95245,79.94257,13:29:50,D,2023-09-24,10.RiceResidueFireBulletin_24Sep_2023_ICAR.pdf,Agricultural Burn,CREAMS,1.0
29.94354,77.16318,13:10:54,D,2023-09-25,11.RiceResidueFireBulletin_25Sep_2023_ICAR.pdf,Agricultural Burn,CREAMS,1.0
25.61001,81.36871,13:10:54,D,2023-09-25,11.RiceResidueFireBulletin_25Sep_2023_ICAR.pdf,Agricultural Burn,CREAMS,1.0
24.28566,78.12108,13:10:54,D,2023-09-25,11.RiceResidueFireBulletin_25Sep_2023_ICAR.pdf,Agricultural Burn,CREAMS,1.0
31.742,74.957,13:44:12,D,2023-09-26,12.RiceResidueFireBulletin_26Sep_2023_ICAR.pdf,Agricultural Burn,CREAMS,1.0
31.681,74.964,13:44:12,D,2023-09-26,12.RiceResidueFireBulletin_26Sep_2023_ICAR.pdf,Agricultural Burn,CREAMS,1.0
31.684,74.978,13:44:12,D,2023-09-26,12.RiceResidueFireBulletin_26Sep_2023_ICAR.pdf,Agricultural Burn,CREAMS,1.0
30.16,77.098,13:44:12,D,2023-09-26,12.RiceResidueFireBulletin_26Sep_2023_ICAR.pdf,Agricultural Burn,CREAMS,1.0
30.158,77.087,13:44:12,D,2023-09-26,12.RiceResidueFireBulletin_26Sep_2023_ICAR.pdf,Agricultural Burn,CREAMS,1.0
28.82854,77.1627,01:41:59,N,2023-09-26,12.RiceResidueFireBulletin_26Sep_2023_ICAR.pdf,Agricultural Burn,CREAMS,1.0
31.59791,75.02269,14:13:21,D,2023-09-27,13.RiceResidueFireBulletin_27Sep_2023_ICAR.pdf,Agricultural Burn,CREAMS,1.0
31.59795,75.10585,14:13:21,D,2023-09-27,13.RiceResidueFireBulletin_27Sep_2023_ICAR.pdf,Agricultural Burn,CREAMS,1.0
31.6908,75.014,14:13:21,D,2023-09-27,13.RiceResidueFireBulletin_27Sep_2023_ICAR.pdf,Agricultural Burn,CREAMS,1.0
31.69656,75.01762,14:13:21,D,2023-09-27,13.RiceResidueFireBulletin_27Sep_2023_ICAR.pdf,Agricultural Burn,CREAMS,1.0
31.67894,75.08588,14:13:21,D,2023-09-27,13.RiceResidueFireBulletin_27Sep_2023_ICAR.pdf,Agricultural Burn,CREAMS,1.0
31.6797,75.08624,14:13:21,D,2023-09-27,13.RiceResidueFireBulletin_27Sep_2023_ICAR.pdf,Agricultural Burn,CREAMS,1.0
31.71107,74.9874,14:13:21,D,2023-09-27,13.RiceResidueFireBulletin_27Sep_2023_ICAR.pdf,Agricultural Burn,CREAMS,1.0
31.71274,75.01207,14:13:21,D,2023-09-27,13.RiceResidueFireBulletin_27Sep_2023_ICAR.pdf,Agricultural Burn,CREAMS,1.0
31.72806,74.99417,14:13:21,D,2023-09-27,13.RiceResidueFireBulletin_27Sep_2023_ICAR.pdf,Agricultural Burn,CREAMS,1.0
31.72834,74.99828,14:13:21,D,2023-09-27,13.RiceResidueFireBulletin_27Sep_2023_ICAR.pdf,Agricultural Burn,CREAMS,1.0
31.73702,74.9645,14:13:21,D,2023-09-27,13.RiceResidueFireBulletin_27Sep_2023_ICAR.pdf,Agricultural Burn,CREAMS,1.0
31.7445,74.99274,14:13:21,D,2023-09-27,13.RiceResidueFireBulletin_27Sep_2023_ICAR.pdf,Agricultural Burn,CREAMS,1.0
31.7906,74.9351,14:13:21,D,2023-09-27,13.RiceResidueFireBulletin_27Sep_2023_ICAR.pdf,Agricultural Burn,CREAMS,1.0
31.80494,74.98196,12:33:03,D,2023-09-27,13.RiceResidueFireBulletin_27Sep_2023_ICAR.pdf,Agricultural Burn,CREAMS,1.0
31.80497,74.98483,12:33:03,D,2023-09-27,13.RiceResidueFireBulletin_27Sep_2023_ICAR.pdf,Agricultural Burn,CREAMS,1.0
31.60318,75.10121,14:13:21,D,2023-09-27,13.RiceResidueFireBulletin_27Sep_2023_ICAR.pdf,Agricultural Burn,CREAMS,1.0
31.61999,75.10392,14:13:21,D,2023-09-27,13.RiceResidueFireBulletin_27Sep_2023_ICAR.pdf,Agricultural Burn,CREAMS,1.0
31.62365,75.1582,14:13:21,D,2023-09-27,13.RiceResidueFireBulletin_27Sep_2023_ICAR.pdf,Agricultural Burn,CREAMS,1.0
31.67477,75.10718,14:13:21,D,2023-09-27,13.RiceResidueFireBulletin_27Sep_2023_ICAR.pdf,Agricultural Burn,CREAMS,1.0
31.67921,75.09003,14:13:21,D,2023-09-27,13.RiceResidueFireBulletin_27Sep_2023_ICAR.pdf,Agricultural Burn,CREAMS,1.0
31.68834,74.97701,14:13:21,D,2023-09-27,13.RiceResidueFireBulletin_27Sep_2023_ICAR.pdf,Agricultural Burn,CREAMS,1.0
30.10499,76.6396,12:33:03,D,2023-09-27,13.RiceResidueFireBulletin_27Sep_2023_ICAR.pdf,Agricultural Burn,CREAMS,1.0
30.46666,76.92712,14:13:21,D,2023-09-27,13.RiceResidueFireBulletin_27Sep_2023_ICAR.pdf,Agricultural Burn,CREAMS,1.0
29.58218,75.38663,12:33:03,D,2023-09-27,13.RiceResidueFireBulletin_27Sep_2023_ICAR.pdf,Agricultural Burn,CREAMS,1.0
29.58577,75.382,12:33:03,D,2023-09-27,13.RiceResidueFireBulletin_27Sep_2023_ICAR.pdf,Agricultural Burn,CREAMS,1.0
29.71299,76.6863,14:13:21,D,2023-09-27,13.RiceResidueFireBulletin_27Sep_2023_ICAR.pdf,Agricultural Burn,CREAMS,1.0
29.93549,77.01028,14:13:21,D,2023-09-27,13.RiceResidueFireBulletin_27Sep_2023_ICAR.pdf,Agricultural Burn,CREAMS,1.0
30.01998,76.97533,14:13:21,D,2023-09-27,13.RiceResidueFireBulletin_27Sep_2023_ICAR.pdf,Agricultural Burn,CREAMS,1.0
30.07116,77.01821,14:13:21,D,2023-09-27,13.RiceResidueFireBulletin_27Sep_2023_ICAR.pdf,Agricultural Burn,CREAMS,1.0
30.09621,76.87936,12:33:03,D,2023-09-27,13.RiceResidueFireBulletin_27Sep_2023_ICAR.pdf,Agricultural Burn,CREAMS,1.0
31.87946,74.70035,13:54:25,D,2023-09-28,14.RiceResidueFireBulletin_28Sep_2023_ICAR.pdf,Agricultural Burn,CREAMS,1.0
31.5793,75.08058,13:54:25,D,2023-09-28,14.RiceResidueFireBulletin_28Sep_2023_ICAR.pdf,Agricultural Burn,CREAMS,1.0
31.59073,74.99172,13:54:25,D,2023-09-28,14.RiceResidueFireBulletin_28Sep_2023_ICAR.pdf,Agricultural Burn,CREAMS,1.0
31.59623,75.00397,13:54:25,D,2023-09-28,14.RiceResidueFireBulletin_28Sep_2023_ICAR.pdf,Agricultural Burn,CREAMS,1.0
31.61155,75.01108,13:54:25,D,2023-09-28,14.RiceResidueFireBulletin_28Sep_2023_ICAR.pdf,Agricultural Burn,CREAMS,1.0
31.70724,75.08539,13:54:25,D,2023-09-28,14.RiceResidueFireBulletin_28Sep_2023_ICAR.pdf,Agricultural Burn,CREAMS,1.0
31.72056,75.03167,13:54:25,D,2023-09-28,14.RiceResidueFireBulletin_28Sep_2023_ICAR.pdf,Agricultural Burn,CREAMS,1.0
31.72632,74.96533,13:54:25,D,2023-09-28,14.RiceResidueFireBulletin_28Sep_2023_ICAR.pdf,Agricultural Burn,CREAMS,1.0
31.73543,74.97276,13:54:25,D,2023-09-28,14.RiceResidueFireBulletin_28Sep_2023_ICAR.pdf,Agricultural Burn,CREAMS,1.0
31.74366,74.97159,13:54:25,D,2023-09-28,14.RiceResidueFireBulletin_28Sep_2023_ICAR.pdf,Agricultural Burn,CREAMS,1.0
31.75966,74.96497,13:54:25,D,2023-09-28,14.RiceResidueFireBulletin_28Sep_2023_ICAR.pdf,Agricultural Burn,CREAMS,1.0
31.76423,74.96869,13:54:25,D,2023-09-28,14.RiceResidueFireBulletin_28Sep_2023_ICAR.pdf,Agricultural Burn,CREAMS,1.0
31.78617,74.93951,13:54:25,D,2023-09-28,14.RiceResidueFireBulletin_28Sep_2023_ICAR.pdf,Agricultural Burn,CREAMS,1.0
31.78663,74.94379,13:54:25,D,2023-09-28,14.RiceResidueFireBulletin_28Sep_2023_ICAR.pdf,Agricultural Burn,CREAMS,1.0
31.78886,75.08377,13:54:25,D,2023-09-28,14.RiceResidueFireBulletin_28Sep_2023_ICAR.pdf,Agricultural Burn,CREAMS,1.0
31.78932,75.08813,13:54:25,D,2023-09-28,14.RiceResidueFireBulletin_28Sep_2023_ICAR.pdf,Agricultural Burn,CREAMS,1.0
31.51291,75.14598,13:54:25,D,2023-09-28,14.RiceResidueFireBulletin_28Sep_2023_ICAR.pdf,Agricultural Burn,CREAMS,1.0
31.66029,75.28377,13:54:25,D,2023-09-28,14.RiceResidueFireBulletin_28Sep_2023_ICAR.pdf,Agricultural Burn,CREAMS,1.0
31.62449,75.18923,13:54:25,D,2023-09-28,14.RiceResidueFireBulletin_28Sep_2023_ICAR.pdf,Agricultural Burn,CREAMS,1.0
31.62545,75.18986,13:54:25,D,2023-09-28,14.RiceResidueFireBulletin_28Sep_2023_ICAR.pdf,Agricultural Burn,CREAMS,1.0
31.62563,75.14979,13:54:25,D,2023-09-28,14.RiceResidueFireBulletin_28Sep_2023_ICAR.pdf,Agricultural Burn,CREAMS,1.0
31.62684,75.07896,13:54:25,D,2023-09-28,14.RiceResidueFireBulletin_28Sep_2023_ICAR.pdf,Agricultural Burn,CREAMS,1.0
31.65548,74.99181,13:54:25,D,2023-09-28,14.RiceResidueFireBulletin_28Sep_2023_ICAR.pdf,Agricultural Burn,CREAMS,1.0
31.682,74.96637,13:54:25,D,2023-09-28,14.RiceResidueFireBulletin_28Sep_2023_ICAR.pdf,Agricultural Burn,CREAMS,1.0
30.964,74.508,13:29:38,D,2023-09-28,14.RiceResidueFireBulletin_28Sep_2023_ICAR.pdf,Agricultural Burn,CREAMS,1.0
30.97,74.513,13:29:38,D,2023-09-28,14.RiceResidueFireBulletin_28Sep_2023_ICAR.pdf,Agricultural Burn,CREAMS,1.0
31.81547,75.04191,13:54:25,D,2023-09-28,14.RiceResidueFireBulletin_28Sep_2023_ICAR.pdf,Agricultural Burn,CREAMS,1.0
31.78155,75.29997,13:54:25,D,2023-09-28,14.RiceResidueFireBulletin_28Sep_2023_ICAR.pdf,Agricultural Burn,CREAMS,1.0
29.76575,75.93797,13:54:25,D,2023-09-28,14.RiceResidueFireBulletin_28Sep_2023_ICAR.pdf,Agricultural Burn,CREAMS,1.0
30.62766,76.85134,13:54:25,D,2023-09-28,14.RiceResidueFireBulletin_28Sep_2023_ICAR.pdf,Agricultural Burn,CREAMS,1.0
31.54305,74.81828,13:54:25,D,2023-09-28,14.RiceResidueFireBulletin_28Sep_2023_ICAR.pdf,Agricultural Burn,CREAMS,1.0
31.43063,75.12222,13:54:25,D,2023-09-28,14.RiceResidueFireBulletin_28Sep_2023_ICAR.pdf,Agricultural Burn,CREAMS,1.0
31.47105,75.1078,13:54:25,D,2023-09-28,14.RiceResidueFireBulletin_28Sep_2023_ICAR.pdf,Agricultural Burn,CREAMS,1.0
29.5086,76.31812,13:54:25,D,2023-09-28,14.RiceResidueFireBulletin_28Sep_2023_ICAR.pdf,Agricultural Burn,CREAMS,1.0
29.50573,76.87532,13:54:25,D,2023-09-28,14.RiceResidueFireBulletin_28Sep_2023_ICAR.pdf,Agricultural Burn,CREAMS,1.0
29.6323,76.98676,13:54:25,D,2023-09-28,14.RiceResidueFireBulletin_28Sep_2023_ICAR.pdf,Agricultural Burn,CREAMS,1.0
29.6328,76.99195,13:54:25,D,2023-09-28,14.RiceResidueFireBulletin_28Sep_2023_ICAR.pdf,Agricultural Burn,CREAMS,1.0
30.10645,76.86312,13:54:25,D,2023-09-28,14.RiceResidueFireBulletin_28Sep_2023_ICAR.pdf,Agricultural Burn,CREAMS,1.0
30.122,76.846,13:29:38,D,2023-09-28,14.RiceResidueFireBulletin_28Sep_2023_ICAR.pdf,Agricultural Burn,CREAMS,1.0
30.01101,76.83105,13:54:25,D,2023-09-28,14.RiceResidueFireBulletin_28Sep_2023_ICAR.pdf,Agricultural Burn,CREAMS,1.0
30.28455,77.18416,13:54:25,D,2023-09-28,14.RiceResidueFireBulletin_28Sep_2023_ICAR.pdf,Agricultural Burn,CREAMS,1.0
27.99676,77.69582,13:54:25,D,2023-09-28,14.RiceResidueFireBulletin_28Sep_2023_ICAR.pdf,Agricultural Burn,CREAMS,1.0
28.04383,77.6655,13:54:25,D,2023-09-28,14.RiceResidueFireBulletin_28Sep_2023_ICAR.pdf,Agricultural Burn,CREAMS,1.0
26.64206,79.4788,01:04:08,N,2023-09-28,14.RiceResidueFireBulletin_28Sep_2023_ICAR.pdf,Agricultural Burn,CREAMS,1.0
26.64442,79.47564,01:04:08,N,2023-09-28,14.RiceResidueFireBulletin_28Sep_2023_ICAR.pdf,Agricultural Burn,CREAMS,1.0
23.98698,79.39098,01:04:08,N,2023-09-28,14.RiceResidueFireBulletin_28Sep_2023_ICAR.pdf,Agricultural Burn,CREAMS,1.0
23.67522,76.30102,13:54:25,D,2023-09-28,14.RiceResidueFireBulletin_28Sep_2023_ICAR.pdf,Agricultural Burn,CREAMS,1.0
31.88321,74.7149,13:35:30,D,2023-09-29,15.RiceResidueFireBulletin_29Sep_2023_ICAR.pdf,Agricultural Burn,CREAMS,1.0
31.90811,74.76947,13:35:30,D,2023-09-29,15.RiceResidueFireBulletin_29Sep_2023_ICAR.pdf,Agricultural Burn,CREAMS,1.0
31.91146,74.69664,13:35:30,D,2023-09-29,15.RiceResidueFireBulletin_29Sep_2023_ICAR.pdf,Agricultural Burn,CREAMS,1.0
31.97217,74.8336,13:35:30,D,2023-09-29,15.RiceResidueFireBulletin_29Sep_2023_ICAR.pdf,Agricultural Burn,CREAMS,1.0
31.996,74.8802,13:35:30,D,2023-09-29,15.RiceResidueFireBulletin_29Sep_2023_ICAR.pdf,Agricultural Burn,CREAMS,1.0
31.58978,74.81297,13:35:30,D,2023-09-29,15.RiceResidueFireBulletin_29Sep_2023_ICAR.pdf,Agricultural Burn,CREAMS,1.0
31.72968,74.65096,13:35:30,D,2023-09-29,15.RiceResidueFireBulletin_29Sep_2023_ICAR.pdf,Agricultural Burn,CREAMS,1.0
31.5379,75.0383,13:35:30,D,2023-09-29,15.RiceResidueFireBulletin_29Sep_2023_ICAR.pdf,Agricultural Burn,CREAMS,1.0
31.53848,75.04246,13:35:30,D,2023-09-29,15.RiceResidueFireBulletin_29Sep_2023_ICAR.pdf,Agricultural Burn,CREAMS,1.0
31.59069,75.07081,13:35:30,D,2023-09-29,15.RiceResidueFireBulletin_29Sep_2023_ICAR.pdf,Agricultural Burn,CREAMS,1.0
31.59135,75.06757,13:35:30,D,2023-09-29,15.RiceResidueFireBulletin_29Sep_2023_ICAR.pdf,Agricultural Burn,CREAMS,1.0
31.596,75.10086,13:35:30,D,2023-09-29,15.RiceResidueFireBulletin_29Sep_2023_ICAR.pdf,Agricultural Burn,CREAMS,1.0
31.60302,75.05252,13:35:30,D,2023-09-29,15.RiceResidueFireBulletin_29Sep_2023_ICAR.pdf,Agricultural Burn,CREAMS,1.0
31.63,75.032,14:11:00,D,2023-09-29,15.RiceResidueFireBulletin_29Sep_2023_ICAR.pdf,Agricultural Burn,CREAMS,1.0
31.68386,75.01563,13:35:30,D,2023-09-29,15.RiceResidueFireBulletin_29Sep_2023_ICAR.pdf,Agricultural Burn,CREAMS,1.0
31.70048,75.00028,13:35:30,D,2023-09-29,15.RiceResidueFireBulletin_29Sep_2023_ICAR.pdf,Agricultural Burn,CREAMS,1.0
31.70791,75.02874,13:35:30,D,2023-09-29,15.RiceResidueFireBulletin_29Sep_2023_ICAR.pdf,Agricultural Burn,CREAMS,1.0
31.71373,75.0704,13:35:30,D,2023-09-29,15.RiceResidueFireBulletin_29Sep_2023_ICAR.pdf,Agricultural Burn,CREAMS,1.0
31.72084,74.94944,13:35:30,D,2023-09-29,15.RiceResidueFireBulletin_29Sep_2023_ICAR.pdf,Agricultural Burn,CREAMS,1.0
31.72343,74.91912,13:35:30,D,2023-09-29,15.RiceResidueFireBulletin_29Sep_2023_ICAR.pdf,Agricultural Burn,CREAMS,1.0
31.73046,74.96889,13:35:30,D,2023-09-29,15.RiceResidueFireBulletin_29Sep_2023_ICAR.pdf,Agricultural Burn,CREAMS,1.0
31.73264,74.95995,13:35:30,D,2023-09-29,15.RiceResidueFireBulletin_29Sep_2023_ICAR.pdf,Agricultural Burn,CREAMS,1.0
31.73957,74.91174,13:35:30,D,2023-09-29,15.RiceResidueFireBulletin_29Sep_2023_ICAR.pdf,Agricultural Burn,CREAMS,1.0
31.74016,74.91588,13:35:30,D,2023-09-29,15.RiceResidueFireBulletin_29Sep_2023_ICAR.pdf,Agricultural Burn,CREAMS,1.0
31.74537,75.0258,13:35:30,D,2023-09-29,15.RiceResidueFireBulletin_29Sep_2023_ICAR.pdf,Agricultural Burn,CREAMS,1.0
31.74813,75.021,13:35:30,D,2023-09-29,15.RiceResidueFireBulletin_29Sep_2023_ICAR.pdf,Agricultural Burn,CREAMS,1.0
31.74872,75.02515,13:35:30,D,2023-09-29,15.RiceResidueFireBulletin_29Sep_2023_ICAR.pdf,Agricultural Burn,CREAMS,1.0
31.75173,74.97333,13:35:30,D,2023-09-29,15.RiceResidueFireBulletin_29Sep_2023_ICAR.pdf,Agricultural Burn,CREAMS,1.0
31.75927,75.10023,13:35:30,D,2023-09-29,15.RiceResidueFireBulletin_29Sep_2023_ICAR.pdf,Agricultural Burn,CREAMS,1.0
31.77321,74.93079,13:35:30,D,2023-09-29,15.RiceResidueFireBulletin_29Sep_2023_ICAR.pdf,Agricultural Burn,CREAMS,1.0
31.77395,75.03313,13:35:30,D,2023-09-29,15.RiceResidueFireBulletin_29Sep_2023_ICAR.pdf,Agricultural Burn,CREAMS,1.0
31.78108,74.93778,13:35:30,D,2023-09-29,15.RiceResidueFireBulletin_29Sep_2023_ICAR.pdf,Agricultural Burn,CREAMS,1.0
31.79317,74.9658,13:35:30,D,2023-09-29,15.RiceResidueFireBulletin_29Sep_2023_ICAR.pdf,Agricultural Burn,CREAMS,1.0
31.79779,75.07996,13:35:30,D,2023-09-29,15.RiceResidueFireBulletin_29Sep_2023_ICAR.pdf,Agricultural Burn,CREAMS,1.0
31.716,75.06,14:11:00,D,2023-09-29,15.RiceResidueFireBulletin_29Sep_2023_ICAR.pdf,Agricultural Burn,CREAMS,1.0
31.753,75.042,14:11:00,D,2023-09-29,15.RiceResidueFireBulletin_29Sep_2023_ICAR.pdf,Agricultural Burn,CREAMS,1.0
31.5127,75.12846,13:35:30,D,2023-09-29,15.RiceResidueFireBulletin_29Sep_2023_ICAR.pdf,Agricultural Burn,CREAMS,1.0
31.51386,75.13678,13:35:30,D,2023-09-29,15.RiceResidueFireBulletin_29Sep_2023_ICAR.pdf,Agricultural Burn,CREAMS,1.0
31.51722,75.13614,13:35:30,D,2023-09-29,15.RiceResidueFireBulletin_29Sep_2023_ICAR.pdf,Agricultural Burn,CREAMS,1.0
31.55279,75.2924,13:35:30,D,2023-09-29,15.RiceResidueFireBulletin_29Sep_2023_ICAR.pdf,Agricultural Burn,CREAMS,1.0
31.56042,75.14927,13:35:30,D,2023-09-29,15.RiceResidueFireBulletin_29Sep_2023_ICAR.pdf,Agricultural Burn,CREAMS,1.0
31.57081,75.1987,13:35:30,D,2023-09-29,15.RiceResidueFireBulletin_29Sep_2023_ICAR.pdf,Agricultural Burn,CREAMS,1.0
31.6237,75.30483,13:35:30,D,2023-09-29,15.RiceResidueFireBulletin_29Sep_2023_ICAR.pdf,Agricultural Burn,CREAMS,1.0
31.64866,75.20657,13:35:30,D,2023-09-29,15.RiceResidueFireBulletin_29Sep_2023_ICAR.pdf,Agricultural Burn,CREAMS,1.0
31.65728,75.24365,13:35:30,D,2023-09-29,15.RiceResidueFireBulletin_29Sep_2023_ICAR.pdf,Agricultural Burn,CREAMS,1.0
31.61039,75.1795,13:35:30,D,2023-09-29,15.RiceResidueFireBulletin_29Sep_2023_ICAR.pdf,Agricultural Burn,CREAMS,1.0
31.6151,75.11432,13:35:30,D,2023-09-29,15.RiceResidueFireBulletin_29Sep_2023_ICAR.pdf,Agricultural Burn,CREAMS,1.0
31.62209,75.1644,13:35:30,D,2023-09-29,15.RiceResidueFireBulletin_29Sep_2023_ICAR.pdf,Agricultural Burn,CREAMS,1.0
31.6278,75.08194,13:35:30,D,2023-09-29,15.RiceResidueFireBulletin_29Sep_2023_ICAR.pdf,Agricultural Burn,CREAMS,1.0
31.65899,75.05885,13:35:30,D,2023-09-29,15.RiceResidueFireBulletin_29Sep_2023_ICAR.pdf,Agricultural Burn,CREAMS,1.0
31.67717,75.18823,13:35:30,D,2023-09-29,15.RiceResidueFireBulletin_29Sep_2023_ICAR.pdf,Agricultural Burn,CREAMS,1.0
31.68105,75.09312,13:35:30,D,2023-09-29,15.RiceResidueFireBulletin_29Sep_2023_ICAR.pdf,Agricultural Burn,CREAMS,1.0
31.604,75.166,14:11:00,D,2023-09-29,15.RiceResidueFireBulletin_29Sep_2023_ICAR.pdf,Agricultural Burn,CREAMS,1.0
31.685,75.16,14:11:00,D,2023-09-29,15.RiceResidueFireBulletin_29Sep_2023_ICAR.pdf,Agricultural Burn,CREAMS,1.0
31.71674,74.92042,13:35:30,D,2023-09-29,15.RiceResidueFireBulletin_29Sep_2023_ICAR.pdf,Agricultural Burn,CREAMS,1.0
31.672,74.975,14:11:00,D,2023-09-29,15.RiceResidueFireBulletin_29Sep_2023_ICAR.pdf,Agricultural Burn,CREAMS,1.0
31.706,74.975,14:11:00,D,2023-09-29,15.RiceResidueFireBulletin_29Sep_2023_ICAR.pdf,Agricultural Burn,CREAMS,1.0
30.7399,74.63483,13:35:30,D,2023-09-29,15.RiceResidueFireBulletin_29Sep_2023_ICAR.pdf,Agricultural Burn,CREAMS,1.0
31.83995,75.0295,13:35:30,D,2023-09-29,15.RiceResidueFireBulletin_29Sep_2023_ICAR.pdf,Agricultural Burn,CREAMS,1.0
30.98468,75.46744,13:35:30,D,2023-09-29,15.RiceResidueFireBulletin_29Sep_2023_ICAR.pdf,Agricultural Burn,CREAMS,1.0
31.22963,75.17613,13:35:30,D,2023-09-29,15.RiceResidueFireBulletin_29Sep_2023_ICAR.pdf,Agricultural Burn,CREAMS,1.0
30.92703,76.24645,13:35:30,D,2023-09-29,15.RiceResidueFireBulletin_29Sep_2023_ICAR.pdf,Agricultural Burn,CREAMS,1.0
30.25893,76.46832,13:35:30,D,2023-09-29,15.RiceResidueFireBulletin_29Sep_2023_ICAR.pdf,Agricultural Burn,CREAMS,1.0
29.75666,75.90182,13:35:30,D,2023-09-29,15.RiceResidueFireBulletin_29Sep_2023_ICAR.pdf,Agricultural Burn,CREAMS,1.0
30.62531,76.84897,13:35:30,D,2023-09-29,15.RiceResidueFireBulletin_29Sep_2023_ICAR.pdf,Agricultural Burn,CREAMS,1.0
31.06833,76.23125,13:35:30,D,2023-09-29,15.RiceResidueFireBulletin_29Sep_2023_ICAR.pdf,Agricultural Burn,CREAMS,1.0
31.41493,75.12932,13:35:30,D,2023-09-29,15.RiceResidueFireBulletin_29Sep_2023_ICAR.pdf,Agricultural Burn,CREAMS,1.0
31.46647,75.05556,13:35:30,D,2023-09-29,15.RiceResidueFireBulletin_29Sep_2023_ICAR.pdf,Agricultural Burn,CREAMS,1.0
30.43888,76.90546,13:35:30,D,2023-09-29,15.RiceResidueFireBulletin_29Sep_2023_ICAR.pdf,Agricultural Burn,CREAMS,1.0
29.73492,75.59457,13:35:30,D,2023-09-29,15.RiceResidueFireBulletin_29Sep_2023_ICAR.pdf,Agricultural Burn,CREAMS,1.0
29.54804,76.9831,13:35:30,D,2023-09-29,15.RiceResidueFireBulletin_29Sep_2023_ICAR.pdf,Agricultural Burn,CREAMS,1.0
30.05887,76.98968,13:35:30,D,2023-09-29,15.RiceResidueFireBulletin_29Sep_2023_ICAR.pdf,Agricultural Burn,CREAMS,1.0
30.10991,77.07809,13:35:30,D,2023-09-29,15.RiceResidueFireBulletin_29Sep_2023_ICAR.pdf,Agricultural Burn,CREAMS,1.0
29.98886,77.00465,13:35:30,D,2023-09-29,15.RiceResidueFireBulletin_29Sep_2023_ICAR.pdf,Agricultural Burn,CREAMS,1.0
29.97419,76.92006,13:35:30,D,2023-09-29,15.RiceResidueFireBulletin_29Sep_2023_ICAR.pdf,Agricultural Burn,CREAMS,1.0
29.46242,76.93279,13:35:30,D,2023-09-29,15.RiceResidueFireBulletin_29Sep_2023_ICAR.pdf,Agricultural Burn,CREAMS,1.0
29.103,77.125,14:11:00,D,2023-09-29,15.RiceResidueFireBulletin_29Sep_2023_ICAR.pdf,Agricultural Burn,CREAMS,1.0
29.1778,76.65562,13:35:30,D,2023-09-29,15.RiceResidueFireBulletin_29Sep_2023_ICAR.pdf,Agricultural Burn,CREAMS,1.0
28.96274,77.174,13:35:30,D,2023-09-29,15.RiceResidueFireBulletin_29Sep_2023_ICAR.pdf,Agricultural Burn,CREAMS,1.0
28.96299,77.1714,13:35:30,D,2023-09-29,15.RiceResidueFireBulletin_29Sep_2023_ICAR.pdf,Agricultural Burn,CREAMS,1.0
29.07187,77.09963,13:35:30,D,2023-09-29,15.RiceResidueFireBulletin_29Sep_2023_ICAR.pdf,Agricultural Burn,CREAMS,1.0
29.09399,77.1049,13:35:30,D,2023-09-29,15.RiceResidueFireBulletin_29Sep_2023_ICAR.pdf,Agricultural Burn,CREAMS,1.0
28.90733,77.16074,13:35:30,D,2023-09-29,15.RiceResidueFireBulletin_29Sep_2023_ICAR.pdf,Agricultural Burn,CREAMS,1.0
30.17514,77.14297,13:35:30,D,2023-09-29,15.RiceResidueFireBulletin_29Sep_2023_ICAR.pdf,Agricultural Burn,CREAMS,1.0
30.13648,77.14349,13:35:30,D,2023-09-29,15.RiceResidueFireBulletin_29Sep_2023_ICAR.pdf,Agricultural Burn,CREAMS,1.0
27.9787,77.66258,13:35:30,D,2023-09-29,15.RiceResidueFireBulletin_29Sep_2023_ICAR.pdf,Agricultural Burn,CREAMS,1.0
27.98035,77.70359,13:35:30,D,2023-09-29,15.RiceResidueFireBulletin_29Sep_2023_ICAR.pdf,Agricultural Burn,CREAMS,1.0
28.00241,77.56754,13:35:30,D,2023-09-29,15.RiceResidueFireBulletin_29Sep_2023_ICAR.pdf,Agricultural Burn,CREAMS,1.0
28.0077,77.55303,13:35:30,D,2023-09-29,15.RiceResidueFireBulletin_29Sep_2023_ICAR.pdf,Agricultural Burn,CREAMS,1.0
28.03707,77.63928,13:35:30,D,2023-09-29,15.RiceResidueFireBulletin_29Sep_2023_ICAR.pdf,Agricultural Burn,CREAMS,1.0
28.32246,80.04858,02:25:30,N,2023-09-29,15.RiceResidueFireBulletin_29Sep_2023_ICAR.pdf,Agricultural Burn,CREAMS,1.0
25.00221,76.57273,13:35:30,D,2023-09-29,15.RiceResidueFireBulletin_29Sep_2023_ICAR.pdf,Agricultural Burn,CREAMS,1.0
25.09426,76.43815,13:35:30,D,2023-09-29,15.RiceResidueFireBulletin_29Sep_2023_ICAR.pdf,Agricultural Burn,CREAMS,1.0
24.76527,74.60912,02:25:30,N,2023-09-29,15.RiceResidueFireBulletin_29Sep_2023_ICAR.pdf,Agricultural Burn,CREAMS,1.0
29.85849,74.48328,13:35:30,D,2023-09-29,15.RiceResidueFireBulletin_29Sep_2023_ICAR.pdf,Agricultural Burn,CREAMS,1.0
25.13021,76.02995,13:35:30,D,2023-09-29,15.RiceResidueFireBulletin_29Sep_2023_ICAR.pdf,Agricultural Burn,CREAMS,1.0
25.516,76.44854,13:35:30,D,2023-09-29,15.RiceResidueFireBulletin_29Sep_2023_ICAR.pdf,Agricultural Burn,CREAMS,1.0
22.75919,76.25394,13:35:30,D,2023-09-29,15.RiceResidueFireBulletin_29Sep_2023_ICAR.pdf,Agricultural Burn,CREAMS,1.0
22.63627,76.06506,13:35:30,D,2023-09-29,15.RiceResidueFireBulletin_29Sep_2023_ICAR.pdf,Agricultural Burn,CREAMS,1.0
23.71824,76.86562,13:35:30,D,2023-09-29,15.RiceResidueFireBulletin_29Sep_2023_ICAR.pdf,Agricultural Burn,CREAMS,1.0
23.08718,75.694,13:35:30,D,2023-09-29,15.RiceResidueFireBulletin_29Sep_2023_ICAR.pdf,Agricultural Burn,CREAMS,1.0
23.72848,77.64385,13:35:30,D,2023-09-29,15.RiceResidueFireBulletin_29Sep_2023_ICAR.pdf,Agricultural Burn,CREAMS,1.0
31.8533,74.66161,13:16:35,D,2023-09-30,16.RiceResidueFireBulletin_30Sep_2023_ICAR.pdf,Agricultural Burn,CREAMS,1.0
31.89034,74.71488,13:16:35,D,2023-09-30,16.RiceResidueFireBulletin_30Sep_2023_ICAR.pdf,Agricultural Burn,CREAMS,1.0
31.90995,74.69997,13:16:35,D,2023-09-30,16.RiceResidueFireBulletin_30Sep_2023_ICAR.pdf,Agricultural Burn,CREAMS,1.0
31.91514,74.7487,13:16:35,D,2023-09-30,16.RiceResidueFireBulletin_30Sep_2023_ICAR.pdf,Agricultural Burn,CREAMS,1.0
31.57343,74.83951,13:16:35,D,2023-09-30,16.RiceResidueFireBulletin_30Sep_2023_ICAR.pdf,Agricultural Burn,CREAMS,1.0
31.57428,74.84428,13:16:35,D,2023-09-30,16.RiceResidueFireBulletin_30Sep_2023_ICAR.pdf,Agricultural Burn,CREAMS,1.0
31.57767,74.77625,13:16:35,D,2023-09-30,16.RiceResidueFireBulletin_30Sep_2023_ICAR.pdf,Agricultural Burn,CREAMS,1.0
31.5785,74.80107,13:16:35,D,2023-09-30,16.RiceResidueFireBulletin_30Sep_2023_ICAR.pdf,Agricultural Burn,CREAMS,1.0
31.58907,74.83837,13:16:35,D,2023-09-30,16.RiceResidueFireBulletin_30Sep_2023_ICAR.pdf,Agricultural Burn,CREAMS,1.0
31.54567,75.11689,13:16:35,D,2023-09-30,16.RiceResidueFireBulletin_30Sep_2023_ICAR.pdf,Agricultural Burn,CREAMS,1.0
31.5668,75.11175,13:16:35,D,2023-09-30,16.RiceResidueFireBulletin_30Sep_2023_ICAR.pdf,Agricultural Burn,CREAMS,1.0
31.59258,74.98816,13:16:35,D,2023-09-30,16.RiceResidueFireBulletin_30Sep_2023_ICAR.pdf,Agricultural Burn,CREAMS,1.0
31.61569,75.05598,13:16:35,D,2023-09-30,16.RiceResidueFireBulletin_30Sep_2023_ICAR.pdf,Agricultural Burn,CREAMS,1.0
31.62634,75.00212,13:16:35,D,2023-09-30,16.RiceResidueFireBulletin_30Sep_2023_ICAR.pdf,Agricultural Burn,CREAMS,1.0
31.65798,75.01398,13:16:35,D,2023-09-30,16.RiceResidueFireBulletin_30Sep_2023_ICAR.pdf,Agricultural Burn,CREAMS,1.0
31.69681,75.00446,13:16:35,D,2023-09-30,16.RiceResidueFireBulletin_30Sep_2023_ICAR.pdf,Agricultural Burn,CREAMS,1.0
31.6867,75.0509,13:16:35,D,2023-09-30,16.RiceResidueFireBulletin_30Sep_2023_ICAR.pdf,Agricultural Burn,CREAMS,1.0
31.70452,75.02702,13:16:35,D,2023-09-30,16.RiceResidueFireBulletin_30Sep_2023_ICAR.pdf,Agricultural Burn,CREAMS,1.0
31.72281,74.93124,13:16:35,D,2023-09-30,16.RiceResidueFireBulletin_30Sep_2023_ICAR.pdf,Agricultural Burn,CREAMS,1.0
31.72366,74.93596,13:16:35,D,2023-09-30,16.RiceResidueFireBulletin_30Sep_2023_ICAR.pdf,Agricultural Burn,CREAMS,1.0
31.72988,74.9295,13:16:35,D,2023-09-30,16.RiceResidueFireBulletin_30Sep_2023_ICAR.pdf,Agricultural Burn,CREAMS,1.0
31.73318,74.96803,13:16:35,D,2023-09-30,16.RiceResidueFireBulletin_30Sep_2023_ICAR.pdf,Agricultural Burn,CREAMS,1.0
31.73462,75.01665,13:16:35,D,2023-09-30,16.RiceResidueFireBulletin_30Sep_2023_ICAR.pdf,Agricultural Burn,CREAMS,1.0
31.73534,75.0409,13:16:35,D,2023-09-30,16.RiceResidueFireBulletin_30Sep_2023_ICAR.pdf,Agricultural Burn,CREAMS,1.0
31.73756,74.97186,13:16:35,D,2023-09-30,16.RiceResidueFireBulletin_30Sep_2023_ICAR.pdf,Agricultural Burn,CREAMS,1.0
31.74293,74.96072,13:16:35,D,2023-09-30,16.RiceResidueFireBulletin_30Sep_2023_ICAR.pdf,Agricultural Burn,CREAMS,1.0
31.75463,75.04593,13:16:35,D,2023-09-30,16.RiceResidueFireBulletin_30Sep_2023_ICAR.pdf,Agricultural Burn,CREAMS,1.0
31.75499,75.10901,13:16:35,D,2023-09-30,16.RiceResidueFireBulletin_30Sep_2023_ICAR.pdf,Agricultural Burn,CREAMS,1.0
31.76681,74.94994,13:16:35,D,2023-09-30,16.RiceResidueFireBulletin_30Sep_2023_ICAR.pdf,Agricultural Burn,CREAMS,1.0
31.77576,75.04076,13:16:35,D,2023-09-30,16.RiceResidueFireBulletin_30Sep_2023_ICAR.pdf,Agricultural Burn,CREAMS,1.0
31.81322,74.98268,13:16:35,D,2023-09-30,16.RiceResidueFireBulletin_30Sep_2023_ICAR.pdf,Agricultural Burn,CREAMS,1.0
31.52495,75.13949,13:16:35,D,2023-09-30,16.RiceResidueFireBulletin_30Sep_2023_ICAR.pdf,Agricultural Burn,CREAMS,1.0
31.53997,75.16676,13:16:35,D,2023-09-30,16.RiceResidueFireBulletin_30Sep_2023_ICAR.pdf,Agricultural Burn,CREAMS,1.0
31.57306,75.18772,13:16:35,D,2023-09-30,16.RiceResidueFireBulletin_30Sep_2023_ICAR.pdf,Agricultural Burn,CREAMS,1.0
31.61646,75.28777,13:16:35,D,2023-09-30,16.RiceResidueFireBulletin_30Sep_2023_ICAR.pdf,Agricultural Burn,CREAMS,1.0
31.61742,75.21072,13:16:35,D,2023-09-30,16.RiceResidueFireBulletin_30Sep_2023_ICAR.pdf,Agricultural Burn,CREAMS,1.0
31.61996,75.28693,13:16:35,D,2023-09-30,16.RiceResidueFireBulletin_30Sep_2023_ICAR.pdf,Agricultural Burn,CREAMS,1.0
31.63125,75.28899,13:16:35,D,2023-09-30,16.RiceResidueFireBulletin_30Sep_2023_ICAR.pdf,Agricultural Burn,CREAMS,1.0
31.64008,75.21484,13:16:35,D,2023-09-30,16.RiceResidueFireBulletin_30Sep_2023_ICAR.pdf,Agricultural Burn,CREAMS,1.0
31.57326,75.16835,13:16:35,D,2023-09-30,16.RiceResidueFireBulletin_30Sep_2023_ICAR.pdf,Agricultural Burn,CREAMS,1.0
31.58525,75.19441,13:16:35,D,2023-09-30,16.RiceResidueFireBulletin_30Sep_2023_ICAR.pdf,Agricultural Burn,CREAMS,1.0
31.58752,75.14553,13:16:35,D,2023-09-30,16.RiceResidueFireBulletin_30Sep_2023_ICAR.pdf,Agricultural Burn,CREAMS,1.0
31.61647,75.14333,13:16:35,D,2023-09-30,16.RiceResidueFireBulletin_30Sep_2023_ICAR.pdf,Agricultural Burn,CREAMS,1.0
31.61999,75.14247,13:16:35,D,2023-09-30,16.RiceResidueFireBulletin_30Sep_2023_ICAR.pdf,Agricultural Burn,CREAMS,1.0
31.62373,75.12215,13:16:35,D,2023-09-30,16.RiceResidueFireBulletin_30Sep_2023_ICAR.pdf,Agricultural Burn,CREAMS,1.0
31.62409,75.16566,13:16:35,D,2023-09-30,16.RiceResidueFireBulletin_30Sep_2023_ICAR.pdf,Agricultural Burn,CREAMS,1.0
31.62455,75.1268,13:16:35,D,2023-09-30,16.RiceResidueFireBulletin_30Sep_2023_ICAR.pdf,Agricultural Burn,CREAMS,1.0
31.63553,75.07317,13:16:35,D,2023-09-30,16.RiceResidueFireBulletin_30Sep_2023_ICAR.pdf,Agricultural Burn,CREAMS,1.0
31.6379,75.10663,13:16:35,D,2023-09-30,16.RiceResidueFireBulletin_30Sep_2023_ICAR.pdf,Agricultural Burn,CREAMS,1.0
31.63989,75.07697,13:16:35,D,2023-09-30,16.RiceResidueFireBulletin_30Sep_2023_ICAR.pdf,Agricultural Burn,CREAMS,1.0
31.65935,75.06248,13:16:35,D,2023-09-30,16.RiceResidueFireBulletin_30Sep_2023_ICAR.pdf,Agricultural Burn,CREAMS,1.0
31.66807,75.0701,13:16:35,D,2023-09-30,16.RiceResidueFireBulletin_30Sep_2023_ICAR.pdf,Agricultural Burn,CREAMS,1.0
31.66985,75.16182,13:16:35,D,2023-09-30,16.RiceResidueFireBulletin_30Sep_2023_ICAR.pdf,Agricultural Burn,CREAMS,1.0
31.67093,75.04502,13:16:35,D,2023-09-30,16.RiceResidueFireBulletin_30Sep_2023_ICAR.pdf,Agricultural Burn,CREAMS,1.0
31.67419,75.1656,13:16:35,D,2023-09-30,16.RiceResidueFireBulletin_30Sep_2023_ICAR.pdf,Agricultural Burn,CREAMS,1.0
31.67428,75.06371,13:16:35,D,2023-09-30,16.RiceResidueFireBulletin_30Sep_2023_ICAR.pdf,Agricultural Burn,CREAMS,1.0
31.67667,75.17947,13:16:35,D,2023-09-30,16.RiceResidueFireBulletin_30Sep_2023_ICAR.pdf,Agricultural Burn,CREAMS,1.0
31.73466,75.15569,13:16:35,D,2023-09-30,16.RiceResidueFireBulletin_30Sep_2023_ICAR.pdf,Agricultural Burn,CREAMS,1.0
31.67258,74.95148,13:16:35,D,2023-09-30,16.RiceResidueFireBulletin_30Sep_2023_ICAR.pdf,Agricultural Burn,CREAMS,1.0
31.6832,74.94887,13:16:35,D,2023-09-30,16.RiceResidueFireBulletin_30Sep_2023_ICAR.pdf,Agricultural Burn,CREAMS,1.0
31.70005,74.93978,13:16:35,D,2023-09-30,16.RiceResidueFireBulletin_30Sep_2023_ICAR.pdf,Agricultural Burn,CREAMS,1.0
31.71234,74.94662,13:16:35,D,2023-09-30,16.RiceResidueFireBulletin_30Sep_2023_ICAR.pdf,Agricultural Burn,CREAMS,1.0
31.71391,74.94328,13:16:35,D,2023-09-30,16.RiceResidueFireBulletin_30Sep_2023_ICAR.pdf,Agricultural Burn,CREAMS,1.0
31.35603,75.75011,13:16:35,D,2023-09-30,16.RiceResidueFireBulletin_30Sep_2023_ICAR.pdf,Agricultural Burn,CREAMS,1.0
31.46057,75.41266,13:16:35,D,2023-09-30,16.RiceResidueFireBulletin_30Sep_2023_ICAR.pdf,Agricultural Burn,CREAMS,1.0
31.25686,75.14755,13:16:35,D,2023-09-30,16.RiceResidueFireBulletin_30Sep_2023_ICAR.pdf,Agricultural Burn,CREAMS,1.0
30.93812,76.23798,13:16:35,D,2023-09-30,16.RiceResidueFireBulletin_30Sep_2023_ICAR.pdf,Agricultural Burn,CREAMS,1.0
30.34239,76.21021,13:16:35,D,2023-09-30,16.RiceResidueFireBulletin_30Sep_2023_ICAR.pdf,Agricultural Burn,CREAMS,1.0
30.53349,76.6497,13:16:35,D,2023-09-30,16.RiceResidueFireBulletin_30Sep_2023_ICAR.pdf,Agricultural Burn,CREAMS,1.0
30.53666,76.7103,13:16:35,D,2023-09-30,16.RiceResidueFireBulletin_30Sep_2023_ICAR.pdf,Agricultural Burn,CREAMS,1.0
30.42891,76.88503,13:16:35,D,2023-09-30,16.RiceResidueFireBulletin_30Sep_2023_ICAR.pdf,Agricultural Burn,CREAMS,1.0
30.43228,76.88428,13:16:35,D,2023-09-30,16.RiceResidueFireBulletin_30Sep_2023_ICAR.pdf,Agricultural Burn,CREAMS,1.0
30.46481,76.9117,13:16:35,D,2023-09-30,16.RiceResidueFireBulletin_30Sep_2023_ICAR.pdf,Agricultural Burn,CREAMS,1.0
31.364,75.09418,13:16:35,D,2023-09-30,16.RiceResidueFireBulletin_30Sep_2023_ICAR.pdf,Agricultural Burn,CREAMS,1.0
31.511,74.63854,13:16:35,D,2023-09-30,16.RiceResidueFireBulletin_30Sep_2023_ICAR.pdf,Agricultural Burn,CREAMS,1.0
31.51459,74.63765,13:16:35,D,2023-09-30,16.RiceResidueFireBulletin_30Sep_2023_ICAR.pdf,Agricultural Burn,CREAMS,1.0
31.52457,74.83661,13:16:35,D,2023-09-30,16.RiceResidueFireBulletin_30Sep_2023_ICAR.pdf,Agricultural Burn,CREAMS,1.0
31.41489,75.11108,13:16:35,D,2023-09-30,16.RiceResidueFireBulletin_30Sep_2023_ICAR.pdf,Agricultural Burn,CREAMS,1.0
31.41627,75.10756,13:16:35,D,2023-09-30,16.RiceResidueFireBulletin_30Sep_2023_ICAR.pdf,Agricultural Burn,CREAMS,1.0
31.50073,75.10649,13:16:35,D,2023-09-30,16.RiceResidueFireBulletin_30Sep_2023_ICAR.pdf,Agricultural Burn,CREAMS,1.0
31.36285,75.02586,13:16:35,D,2023-09-30,16.RiceResidueFireBulletin_30Sep_2023_ICAR.pdf,Agricultural Burn,CREAMS,1.0
30.2457,76.77649,13:16:35,D,2023-09-30,16.RiceResidueFireBulletin_30Sep_2023_ICAR.pdf,Agricultural Burn,CREAMS,1.0
30.16568,77.01035,13:16:35,D,2023-09-30,16.RiceResidueFireBulletin_30Sep_2023_ICAR.pdf,Agricultural Burn,CREAMS,1.0
30.20221,77.06252,13:16:35,D,2023-09-30,16.RiceResidueFireBulletin_30Sep_2023_ICAR.pdf,Agricultural Burn,CREAMS,1.0
30.47916,77.16621,13:16:35,D,2023-09-30,16.RiceResidueFireBulletin_30Sep_2023_ICAR.pdf,Agricultural Burn,CREAMS,1.0
30.30547,76.98872,13:16:35,D,2023-09-30,16.RiceResidueFireBulletin_30Sep_2023_ICAR.pdf,Agricultural Burn,CREAMS,1.0
30.47001,77.02695,13:16:35,D,2023-09-30,16.RiceResidueFireBulletin_30Sep_2023_ICAR.pdf,Agricultural Burn,CREAMS,1.0
30.47897,76.91288,13:16:35,D,2023-09-30,16.RiceResidueFireBulletin_30Sep_2023_ICAR.pdf,Agricultural Burn,CREAMS,1.0
29.58788,75.88226,13:16:35,D,2023-09-30,16.RiceResidueFireBulletin_30Sep_2023_ICAR.pdf,Agricultural Burn,CREAMS,1.0
29.37325,76.61443,13:16:35,D,2023-09-30,16.RiceResidueFireBulletin_30Sep_2023_ICAR.pdf,Agricultural Burn,CREAMS,1.0
29.75936,76.57713,13:16:35,D,2023-09-30,16.RiceResidueFireBulletin_30Sep_2023_ICAR.pdf,Agricultural Burn,CREAMS,1.0
29.51054,76.86679,13:16:35,D,2023-09-30,16.RiceResidueFireBulletin_30Sep_2023_ICAR.pdf,Agricultural Burn,CREAMS,1.0
30.13041,76.96633,13:16:35,D,2023-09-30,16.RiceResidueFireBulletin_30Sep_2023_ICAR.pdf,Agricultural Burn,CREAMS,1.0
29.98131,77.08292,13:16:35,D,2023-09-30,16.RiceResidueFireBulletin_30Sep_2023_ICAR.pdf,Agricultural Burn,CREAMS,1.0
30.01466,76.92616,13:16:35,D,2023-09-30,16.RiceResidueFireBulletin_30Sep_2023_ICAR.pdf,Agricultural Burn,CREAMS,1.0
30.04278,77.0107,13:16:35,D,2023-09-30,16.RiceResidueFireBulletin_30Sep_2023_ICAR.pdf,Agricultural Burn,CREAMS,1.0
30.11935,76.92121,13:16:35,D,2023-09-30,16.RiceResidueFireBulletin_30Sep_2023_ICAR.pdf,Agricultural Burn,CREAMS,1.0
30.03118,76.85742,13:16:35,D,2023-09-30,16.RiceResidueFireBulletin_30Sep_2023_ICAR.pdf,Agricultural Burn,CREAMS,1.0
27.97642,77.46936,13:16:35,D,2023-09-30,16.RiceResidueFireBulletin_30Sep_2023_ICAR.pdf,Agricultural Burn,CREAMS,1.0
28.1061,77.42561,13:16:35,D,2023-09-30,16.RiceResidueFireBulletin_30Sep_2023_ICAR.pdf,Agricultural Burn,CREAMS,1.0
29.28015,76.9158,13:16:35,D,2023-09-30,16.RiceResidueFireBulletin_30Sep_2023_ICAR.pdf,Agricultural Burn,CREAMS,1.0
29.32153,76.88927,13:16:35,D,2023-09-30,16.RiceResidueFireBulletin_30Sep_2023_ICAR.pdf,Agricultural Burn,CREAMS,1.0
29.17898,76.94144,13:16:35,D,2023-09-30,16.RiceResidueFireBulletin_30Sep_2023_ICAR.pdf,Agricultural Burn,CREAMS,1.0
29.04509,77.10432,13:16:35,D,2023-09-30,16.RiceResidueFireBulletin_30Sep_2023_ICAR.pdf,Agricultural Burn,CREAMS,1.0
28.84406,77.14734,02:07:17,N,2023-09-30,16.RiceResidueFireBulletin_30Sep_2023_ICAR.pdf,Agricultural Burn,CREAMS,1.0
30.25946,77.2849,13:16:35,D,2023-09-30,16.RiceResidueFireBulletin_30Sep_2023_ICAR.pdf,Agricultural Burn,CREAMS,1.0
30.28381,77.19493,13:16:35,D,2023-09-30,16.RiceResidueFireBulletin_30Sep_2023_ICAR.pdf,Agricultural Burn,CREAMS,1.0
28.07002,77.8575,02:07:17,N,2023-09-30,16.RiceResidueFireBulletin_30Sep_2023_ICAR.pdf,Agricultural Burn,CREAMS,1.0
27.95421,77.71477,13:16:35,D,2023-09-30,16.RiceResidueFireBulletin_30Sep_2023_ICAR.pdf,Agricultural Burn,CREAMS,1.0
27.97783,77.60465,13:16:35,D,2023-09-30,16.RiceResidueFireBulletin_30Sep_2023_ICAR.pdf,Agricultural Burn,CREAMS,1.0
28.00122,77.76782,13:16:35,D,2023-09-30,16.RiceResidueFireBulletin_30Sep_2023_ICAR.pdf,Agricultural Burn,CREAMS,1.0
28.02845,77.54813,13:16:35,D,2023-09-30,16.RiceResidueFireBulletin_30Sep_2023_ICAR.pdf,Agricultural Burn,CREAMS,1.0
28.11343,77.66108,13:16:35,D,2023-09-30,16.RiceResidueFireBulletin_30Sep_2023_ICAR.pdf,Agricultural Burn,CREAMS,1.0
28.65749,78.3405,13:16:35,D,2023-09-30,16.RiceResidueFireBulletin_30Sep_2023_ICAR.pdf,Agricultural Burn,CREAMS,1.0
28.45167,78.23905,13:16:35,D,2023-09-30,16.RiceResidueFireBulletin_30Sep_2023_ICAR.pdf,Agricultural Burn,CREAMS,1.0
28.34183,77.49265,13:16:35,D,2023-09-30,16.RiceResidueFireBulletin_30Sep_2023_ICAR.pdf,Agricultural Burn,CREAMS,1.0
28.11551,77.61013,13:16:35,D,2023-09-30,16.RiceResidueFireBulletin_30Sep_2023_ICAR.pdf,Agricultural Burn,CREAMS,1.0
27.57895,79.71514,13:16:35,D,2023-09-30,16.RiceResidueFireBulletin_30Sep_2023_ICAR.pdf,Agricultural Burn,CREAMS,1.0
27.6235,78.15865,13:16:35,D,2023-09-30,16.RiceResidueFireBulletin_30Sep_2023_ICAR.pdf,Agricultural Burn,CREAMS,1.0
27.67002,78.36207,13:16:35,D,2023-09-30,16.RiceResidueFireBulletin_30Sep_2023_ICAR.pdf,Agricultural Burn,CREAMS,1.0
28.35839,80.14111,13:16:35,D,2023-09-30,16.RiceResidueFireBulletin_30Sep_2023_ICAR.pdf,Agricultural Burn,CREAMS,1.0
28.46252,80.06525,13:16:35,D,2023-09-30,16.RiceResidueFireBulletin_30Sep_2023_ICAR.pdf,Agricultural Burn,CREAMS,1.0
28.49186,78.64603,13:16:35,D,2023-09-30,16.RiceResidueFireBulletin_30Sep_2023_ICAR.pdf,Agricultural Burn,CREAMS,1.0
28.62822,78.65112,13:16:35,D,2023-09-30,16.RiceResidueFireBulletin_30Sep_2023_ICAR.pdf,Agricultural Burn,CREAMS,1.0
28.64759,78.40775,13:16:35,D,2023-09-30,16.RiceResidueFireBulletin_30Sep_2023_ICAR.pdf,Agricultural Burn,CREAMS,1.0
24.97123,76.58083,13:16:35,D,2023-09-30,16.RiceResidueFireBulletin_30Sep_2023_ICAR.pdf,Agricultural Burn,CREAMS,1.0
27.76636,77.30362,13:16:35,D,2023-09-30,16.RiceResidueFireBulletin_30Sep_2023_ICAR.pdf,Agricultural Burn,CREAMS,1.0
25.11769,76.05266,13:16:35,D,2023-09-30,16.RiceResidueFireBulletin_30Sep_2023_ICAR.pdf,Agricultural Burn,CREAMS,1.0
24.9212,76.15073,13:16:35,D,2023-09-30,16.RiceResidueFireBulletin_30Sep_2023_ICAR.pdf,Agricultural Burn,CREAMS,1.0
24.71645,77.68367,13:16:35,D,2023-09-30,16.RiceResidueFireBulletin_30Sep_2023_ICAR.pdf,Agricultural Burn,CREAMS,1.0
24.50615,79.35353,13:16:35,D,2023-09-30,16.RiceResidueFireBulletin_30Sep_2023_ICAR.pdf,Agricultural Burn,CREAMS,1.0
24.68247,77.10899,13:16:35,D,2023-09-30,16.RiceResidueFireBulletin_30Sep_2023_ICAR.pdf,Agricultural Burn,CREAMS,1.0
24.68334,77.10749,13:16:35,D,2023-09-30,16.RiceResidueFireBulletin_30Sep_2023_ICAR.pdf,Agricultural Burn,CREAMS,1.0
24.77707,76.92539,13:16:35,D,2023-09-30,16.RiceResidueFireBulletin_30Sep_2023_ICAR.pdf,Agricultural Burn,CREAMS,1.0
22.18435,77.14964,13:16:35,D,2023-09-30,16.RiceResidueFireBulletin_30Sep_2023_ICAR.pdf,Agricultural Burn,CREAMS,1.0
24.18821,78.50656,13:16:35,D,2023-09-30,16.RiceResidueFireBulletin_30Sep_2023_ICAR.pdf,Agricultural Burn,CREAMS,1.0
23.38905,77.09606,13:16:35,D,2023-09-30,16.RiceResidueFireBulletin_30Sep_2023_ICAR.pdf,Agricultural Burn,CREAMS,1.0
23.80523,78.26856,13:16:35,D,2023-09-30,16.RiceResidueFireBulletin_30Sep_2023_ICAR.pdf,Agricultural Burn,CREAMS,1.0
23.69844,78.25961,13:16:35,D,2023-09-30,16.RiceResidueFireBulletin_30Sep_2023_ICAR.pdf,Agricultural Burn,CREAMS,1.0
23.98895,78.09054,13:16:35,D,2023-09-30,16.RiceResidueFireBulletin_30Sep_2023_ICAR.pdf,Agricultural Burn,CREAMS,1.0
31.875,74.709,13:56:24,D,2023-10-01,17.RiceResidueFireBulletin_01Oct_2023_ICAR.pdf,Agricultural Burn,CREAMS,1.0
31.86153,74.67445,12:57:39,D,2023-10-01,17.RiceResidueFireBulletin_01Oct_2023_ICAR.pdf,Agricultural Burn,CREAMS,1.0
31.543,74.837,13:56:24,D,2023-10-01,17.RiceResidueFireBulletin_01Oct_2023_ICAR.pdf,Agricultural Burn,CREAMS,1.0
31.54,74.82536,12:57:39,D,2023-10-01,17.RiceResidueFireBulletin_01Oct_2023_ICAR.pdf,Agricultural Burn,CREAMS,1.0
31.54108,74.82195,12:57:39,D,2023-10-01,17.RiceResidueFireBulletin_01Oct_2023_ICAR.pdf,Agricultural Burn,CREAMS,1.0
31.5528,74.83915,12:57:39,D,2023-10-01,17.RiceResidueFireBulletin_01Oct_2023_ICAR.pdf,Agricultural Burn,CREAMS,1.0
31.57096,74.83371,12:57:39,D,2023-10-01,17.RiceResidueFireBulletin_01Oct_2023_ICAR.pdf,Agricultural Burn,CREAMS,1.0
31.57313,74.75636,12:57:39,D,2023-10-01,17.RiceResidueFireBulletin_01Oct_2023_ICAR.pdf,Agricultural Burn,CREAMS,1.0
31.57549,74.83235,12:57:39,D,2023-10-01,17.RiceResidueFireBulletin_01Oct_2023_ICAR.pdf,Agricultural Burn,CREAMS,1.0
31.705,74.691,13:56:24,D,2023-10-01,17.RiceResidueFireBulletin_01Oct_2023_ICAR.pdf,Agricultural Burn,CREAMS,1.0
31.717,74.766,13:56:24,D,2023-10-01,17.RiceResidueFireBulletin_01Oct_2023_ICAR.pdf,Agricultural Burn,CREAMS,1.0
31.719,74.777,13:56:24,D,2023-10-01,17.RiceResidueFireBulletin_01Oct_2023_ICAR.pdf,Agricultural Burn,CREAMS,1.0
31.786,74.92,13:56:24,D,2023-10-01,17.RiceResidueFireBulletin_01Oct_2023_ICAR.pdf,Agricultural Burn,CREAMS,1.0
31.78199,74.83474,12:57:39,D,2023-10-01,17.RiceResidueFireBulletin_01Oct_2023_ICAR.pdf,Agricultural Burn,CREAMS,1.0
31.538,75.045,13:56:24,D,2023-10-01,17.RiceResidueFireBulletin_01Oct_2023_ICAR.pdf,Agricultural Burn,CREAMS,1.0
31.542,75.131,13:56:24,D,2023-10-01,17.RiceResidueFireBulletin_01Oct_2023_ICAR.pdf,Agricultural Burn,CREAMS,1.0
31.543,75.076,13:56:24,D,2023-10-01,17.RiceResidueFireBulletin_01Oct_2023_ICAR.pdf,Agricultural Burn,CREAMS,1.0
31.551,75.01,13:56:24,D,2023-10-01,17.RiceResidueFireBulletin_01Oct_2023_ICAR.pdf,Agricultural Burn,CREAMS,1.0
31.577,75.058,13:56:24,D,2023-10-01,17.RiceResidueFireBulletin_01Oct_2023_ICAR.pdf,Agricultural Burn,CREAMS,1.0
31.584,75.046,13:56:24,D,2023-10-01,17.RiceResidueFireBulletin_01Oct_2023_ICAR.pdf,Agricultural Burn,CREAMS,1.0
31.592,75.098,13:56:24,D,2023-10-01,17.RiceResidueFireBulletin_01Oct_2023_ICAR.pdf,Agricultural Burn,CREAMS,1.0
31.614,75.002,13:56:24,D,2023-10-01,17.RiceResidueFireBulletin_01Oct_2023_ICAR.pdf,Agricultural Burn,CREAMS,1.0
31.619,75.033,13:56:24,D,2023-10-01,17.RiceResidueFireBulletin_01Oct_2023_ICAR.pdf,Agricultural Burn,CREAMS,1.0
31.53099,75.03979,12:57:39,D,2023-10-01,17.RiceResidueFireBulletin_01Oct_2023_ICAR.pdf,Agricultural Burn,CREAMS,1.0
31.54307,75.00751,12:57:39,D,2023-10-01,17.RiceResidueFireBulletin_01Oct_2023_ICAR.pdf,Agricultural Burn,CREAMS,1.0
31.54642,75.1318,12:57:39,D,2023-10-01,17.RiceResidueFireBulletin_01Oct_2023_ICAR.pdf,Agricultural Burn,CREAMS,1.0
31.60246,74.97533,12:57:39,D,2023-10-01,17.RiceResidueFireBulletin_01Oct_2023_ICAR.pdf,Agricultural Burn,CREAMS,1.0
31.62783,75.0251,12:57:39,D,2023-10-01,17.RiceResidueFireBulletin_01Oct_2023_ICAR.pdf,Agricultural Burn,CREAMS,1.0
31.6734,74.99144,12:57:39,D,2023-10-01,17.RiceResidueFireBulletin_01Oct_2023_ICAR.pdf,Agricultural Burn,CREAMS,1.0
31.69734,75.01289,12:57:39,D,2023-10-01,17.RiceResidueFireBulletin_01Oct_2023_ICAR.pdf,Agricultural Burn,CREAMS,1.0
31.714,74.985,13:56:24,D,2023-10-01,17.RiceResidueFireBulletin_01Oct_2023_ICAR.pdf,Agricultural Burn,CREAMS,1.0
31.733,74.992,13:56:24,D,2023-10-01,17.RiceResidueFireBulletin_01Oct_2023_ICAR.pdf,Agricultural Burn,CREAMS,1.0
31.734,74.937,13:56:24,D,2023-10-01,17.RiceResidueFireBulletin_01Oct_2023_ICAR.pdf,Agricultural Burn,CREAMS,1.0
31.735,75.002,13:56:24,D,2023-10-01,17.RiceResidueFireBulletin_01Oct_2023_ICAR.pdf,Agricultural Burn,CREAMS,1.0
31.777,74.922,13:56:24,D,2023-10-01,17.RiceResidueFireBulletin_01Oct_2023_ICAR.pdf,Agricultural Burn,CREAMS,1.0
31.781,75.068,13:56:24,D,2023-10-01,17.RiceResidueFireBulletin_01Oct_2023_ICAR.pdf,Agricultural Burn,CREAMS,1.0
31.782,74.954,13:56:24,D,2023-10-01,17.RiceResidueFireBulletin_01Oct_2023_ICAR.pdf,Agricultural Burn,CREAMS,1.0
31.784,74.964,13:56:24,D,2023-10-01,17.RiceResidueFireBulletin_01Oct_2023_ICAR.pdf,Agricultural Burn,CREAMS,1.0
31.794,75.027,13:56:24,D,2023-10-01,17.RiceResidueFireBulletin_01Oct_2023_ICAR.pdf,Agricultural Burn,CREAMS,1.0
31.802,75.025,13:56:24,D,2023-10-01,17.RiceResidueFireBulletin_01Oct_2023_ICAR.pdf,Agricultural Burn,CREAMS,1.0
31.71414,75.10979,12:57:39,D,2023-10-01,17.RiceResidueFireBulletin_01Oct_2023_ICAR.pdf,Agricultural Burn,CREAMS,1.0
31.71601,75.07539,12:57:39,D,2023-10-01,17.RiceResidueFireBulletin_01Oct_2023_ICAR.pdf,Agricultural Burn,CREAMS,1.0
31.71618,74.99011,12:57:39,D,2023-10-01,17.RiceResidueFireBulletin_01Oct_2023_ICAR.pdf,Agricultural Burn,CREAMS,1.0
31.72132,74.94844,12:57:39,D,2023-10-01,17.RiceResidueFireBulletin_01Oct_2023_ICAR.pdf,Agricultural Burn,CREAMS,1.0
31.73717,74.95516,12:57:39,D,2023-10-01,17.RiceResidueFireBulletin_01Oct_2023_ICAR.pdf,Agricultural Burn,CREAMS,1.0
31.74143,74.93091,12:57:39,D,2023-10-01,17.RiceResidueFireBulletin_01Oct_2023_ICAR.pdf,Agricultural Burn,CREAMS,1.0
31.75056,75.05946,12:57:39,D,2023-10-01,17.RiceResidueFireBulletin_01Oct_2023_ICAR.pdf,Agricultural Burn,CREAMS,1.0
31.75536,74.97264,12:57:39,D,2023-10-01,17.RiceResidueFireBulletin_01Oct_2023_ICAR.pdf,Agricultural Burn,CREAMS,1.0
31.76591,75.02087,12:57:39,D,2023-10-01,17.RiceResidueFireBulletin_01Oct_2023_ICAR.pdf,Agricultural Burn,CREAMS,1.0
31.7785,75.05677,12:57:39,D,2023-10-01,17.RiceResidueFireBulletin_01Oct_2023_ICAR.pdf,Agricultural Burn,CREAMS,1.0
31.77886,74.92822,12:57:39,D,2023-10-01,17.RiceResidueFireBulletin_01Oct_2023_ICAR.pdf,Agricultural Burn,CREAMS,1.0
31.77975,74.93087,12:57:39,D,2023-10-01,17.RiceResidueFireBulletin_01Oct_2023_ICAR.pdf,Agricultural Burn,CREAMS,1.0
31.7881,74.99142,12:57:39,D,2023-10-01,17.RiceResidueFireBulletin_01Oct_2023_ICAR.pdf,Agricultural Burn,CREAMS,1.0
31.524,75.134,13:56:24,D,2023-10-01,17.RiceResidueFireBulletin_01Oct_2023_ICAR.pdf,Agricultural Burn,CREAMS,1.0
31.56,75.191,13:56:24,D,2023-10-01,17.RiceResidueFireBulletin_01Oct_2023_ICAR.pdf,Agricultural Burn,CREAMS,1.0
31.564,75.158,13:56:24,D,2023-10-01,17.RiceResidueFireBulletin_01Oct_2023_ICAR.pdf,Agricultural Burn,CREAMS,1.0
31.637,75.213,13:56:24,D,2023-10-01,17.RiceResidueFireBulletin_01Oct_2023_ICAR.pdf,Agricultural Burn,CREAMS,1.0
31.658,75.294,13:56:24,D,2023-10-01,17.RiceResidueFireBulletin_01Oct_2023_ICAR.pdf,Agricultural Burn,CREAMS,1.0
31.53185,75.13047,12:57:39,D,2023-10-01,17.RiceResidueFireBulletin_01Oct_2023_ICAR.pdf,Agricultural Burn,CREAMS,1.0
31.54758,75.1371,12:57:39,D,2023-10-01,17.RiceResidueFireBulletin_01Oct_2023_ICAR.pdf,Agricultural Burn,CREAMS,1.0
31.60835,75.24225,12:57:39,D,2023-10-01,17.RiceResidueFireBulletin_01Oct_2023_ICAR.pdf,Agricultural Burn,CREAMS,1.0
31.61949,75.20245,12:57:39,D,2023-10-01,17.RiceResidueFireBulletin_01Oct_2023_ICAR.pdf,Agricultural Burn,CREAMS,1.0
31.673,75.151,13:56:24,D,2023-10-01,17.RiceResidueFireBulletin_01Oct_2023_ICAR.pdf,Agricultural Burn,CREAMS,1.0
31.684,75.16,13:56:24,D,2023-10-01,17.RiceResidueFireBulletin_01Oct_2023_ICAR.pdf,Agricultural Burn,CREAMS,1.0
31.702,75.156,13:56:24,D,2023-10-01,17.RiceResidueFireBulletin_01Oct_2023_ICAR.pdf,Agricultural Burn,CREAMS,1.0
31.703,75.167,13:56:24,D,2023-10-01,17.RiceResidueFireBulletin_01Oct_2023_ICAR.pdf,Agricultural Burn,CREAMS,1.0
31.73,75.154,13:56:24,D,2023-10-01,17.RiceResidueFireBulletin_01Oct_2023_ICAR.pdf,Agricultural Burn,CREAMS,1.0
31.732,75.165,13:56:24,D,2023-10-01,17.RiceResidueFireBulletin_01Oct_2023_ICAR.pdf,Agricultural Burn,CREAMS,1.0
31.60252,75.17141,12:57:39,D,2023-10-01,17.RiceResidueFireBulletin_01Oct_2023_ICAR.pdf,Agricultural Burn,CREAMS,1.0
31.6036,75.17362,12:57:39,D,2023-10-01,17.RiceResidueFireBulletin_01Oct_2023_ICAR.pdf,Agricultural Burn,CREAMS,1.0
31.61368,75.17928,12:57:39,D,2023-10-01,17.RiceResidueFireBulletin_01Oct_2023_ICAR.pdf,Agricultural Burn,CREAMS,1.0
31.61484,75.18148,12:57:39,D,2023-10-01,17.RiceResidueFireBulletin_01Oct_2023_ICAR.pdf,Agricultural Burn,CREAMS,1.0
31.61821,75.20033,12:57:39,D,2023-10-01,17.RiceResidueFireBulletin_01Oct_2023_ICAR.pdf,Agricultural Burn,CREAMS,1.0
31.62682,75.14996,12:57:39,D,2023-10-01,17.RiceResidueFireBulletin_01Oct_2023_ICAR.pdf,Agricultural Burn,CREAMS,1.0
31.65453,75.12486,12:57:39,D,2023-10-01,17.RiceResidueFireBulletin_01Oct_2023_ICAR.pdf,Agricultural Burn,CREAMS,1.0
31.65551,75.10767,12:57:39,D,2023-10-01,17.RiceResidueFireBulletin_01Oct_2023_ICAR.pdf,Agricultural Burn,CREAMS,1.0
31.65832,75.18539,12:57:39,D,2023-10-01,17.RiceResidueFireBulletin_01Oct_2023_ICAR.pdf,Agricultural Burn,CREAMS,1.0
31.67682,75.11823,12:57:39,D,2023-10-01,17.RiceResidueFireBulletin_01Oct_2023_ICAR.pdf,Agricultural Burn,CREAMS,1.0
31.67797,75.1235,12:57:39,D,2023-10-01,17.RiceResidueFireBulletin_01Oct_2023_ICAR.pdf,Agricultural Burn,CREAMS,1.0
31.68097,75.07177,12:57:39,D,2023-10-01,17.RiceResidueFireBulletin_01Oct_2023_ICAR.pdf,Agricultural Burn,CREAMS,1.0
31.71816,75.13399,12:57:39,D,2023-10-01,17.RiceResidueFireBulletin_01Oct_2023_ICAR.pdf,Agricultural Burn,CREAMS,1.0
31.71882,75.13088,12:57:39,D,2023-10-01,17.RiceResidueFireBulletin_01Oct_2023_ICAR.pdf,Agricultural Burn,CREAMS,1.0
31.72794,75.15058,12:57:39,D,2023-10-01,17.RiceResidueFireBulletin_01Oct_2023_ICAR.pdf,Agricultural Burn,CREAMS,1.0
31.65764,74.96458,12:57:39,D,2023-10-01,17.RiceResidueFireBulletin_01Oct_2023_ICAR.pdf,Agricultural Burn,CREAMS,1.0
31.6725,74.98886,12:57:39,D,2023-10-01,17.RiceResidueFireBulletin_01Oct_2023_ICAR.pdf,Agricultural Burn,CREAMS,1.0
31.71838,74.89165,12:57:39,D,2023-10-01,17.RiceResidueFireBulletin_01Oct_2023_ICAR.pdf,Agricultural Burn,CREAMS,1.0
30.736,76.372,13:56:24,D,2023-10-01,17.RiceResidueFireBulletin_01Oct_2023_ICAR.pdf,Agricultural Burn,CREAMS,1.0
31.81617,75.03114,12:57:39,D,2023-10-01,17.RiceResidueFireBulletin_01Oct_2023_ICAR.pdf,Agricultural Burn,CREAMS,1.0
31.394,75.195,13:56:24,D,2023-10-01,17.RiceResidueFireBulletin_01Oct_2023_ICAR.pdf,Agricultural Burn,CREAMS,1.0
31.24,75.154,13:56:24,D,2023-10-01,17.RiceResidueFireBulletin_01Oct_2023_ICAR.pdf,Agricultural Burn,CREAMS,1.0
31.266,75.143,13:56:24,D,2023-10-01,17.RiceResidueFireBulletin_01Oct_2023_ICAR.pdf,Agricultural Burn,CREAMS,1.0
31.24193,75.18367,12:57:39,D,2023-10-01,17.RiceResidueFireBulletin_01Oct_2023_ICAR.pdf,Agricultural Burn,CREAMS,1.0
31.25769,75.19035,12:57:39,D,2023-10-01,17.RiceResidueFireBulletin_01Oct_2023_ICAR.pdf,Agricultural Burn,CREAMS,1.0
31.25885,75.19567,12:57:39,D,2023-10-01,17.RiceResidueFireBulletin_01Oct_2023_ICAR.pdf,Agricultural Burn,CREAMS,1.0
31.32174,75.19683,12:57:39,D,2023-10-01,17.RiceResidueFireBulletin_01Oct_2023_ICAR.pdf,Agricultural Burn,CREAMS,1.0
30.97,76.138,13:56:24,D,2023-10-01,17.RiceResidueFireBulletin_01Oct_2023_ICAR.pdf,Agricultural Burn,CREAMS,1.0
29.964,75.396,13:56:24,D,2023-10-01,17.RiceResidueFireBulletin_01Oct_2023_ICAR.pdf,Agricultural Burn,CREAMS,1.0
30.34899,76.17836,12:57:39,D,2023-10-01,17.RiceResidueFireBulletin_01Oct_2023_ICAR.pdf,Agricultural Burn,CREAMS,1.0
30.07952,76.20184,12:57:39,D,2023-10-01,17.RiceResidueFireBulletin_01Oct_2023_ICAR.pdf,Agricultural Burn,CREAMS,1.0
30.08003,76.19987,12:57:39,D,2023-10-01,17.RiceResidueFireBulletin_01Oct_2023_ICAR.pdf,Agricultural Burn,CREAMS,1.0
30.19225,76.25789,12:57:39,D,2023-10-01,17.RiceResidueFireBulletin_01Oct_2023_ICAR.pdf,Agricultural Burn,CREAMS,1.0
30.19288,76.25967,12:57:39,D,2023-10-01,17.RiceResidueFireBulletin_01Oct_2023_ICAR.pdf,Agricultural Burn,CREAMS,1.0
30.51821,76.84246,12:57:39,D,2023-10-01,17.RiceResidueFireBulletin_01Oct_2023_ICAR.pdf,Agricultural Burn,CREAMS,1.0
31.364,75.115,13:56:24,D,2023-10-01,17.RiceResidueFireBulletin_01Oct_2023_ICAR.pdf,Agricultural Burn,CREAMS,1.0
31.514,74.767,13:56:24,D,2023-10-01,17.RiceResidueFireBulletin_01Oct_2023_ICAR.pdf,Agricultural Burn,CREAMS,1.0
31.515,74.777,13:56:24,D,2023-10-01,17.RiceResidueFireBulletin_01Oct_2023_ICAR.pdf,Agricultural Burn,CREAMS,1.0
31.50503,74.62717,12:57:39,D,2023-10-01,17.RiceResidueFireBulletin_01Oct_2023_ICAR.pdf,Agricultural Burn,CREAMS,1.0
31.53654,74.82333,12:57:39,D,2023-10-01,17.RiceResidueFireBulletin_01Oct_2023_ICAR.pdf,Agricultural Burn,CREAMS,1.0
31.53876,74.81985,12:57:39,D,2023-10-01,17.RiceResidueFireBulletin_01Oct_2023_ICAR.pdf,Agricultural Burn,CREAMS,1.0
31.41,75.117,13:56:24,D,2023-10-01,17.RiceResidueFireBulletin_01Oct_2023_ICAR.pdf,Agricultural Burn,CREAMS,1.0
31.411,75.127,13:56:24,D,2023-10-01,17.RiceResidueFireBulletin_01Oct_2023_ICAR.pdf,Agricultural Burn,CREAMS,1.0
31.459,75.079,13:56:24,D,2023-10-01,17.RiceResidueFireBulletin_01Oct_2023_ICAR.pdf,Agricultural Burn,CREAMS,1.0
31.461,75.089,13:56:24,D,2023-10-01,17.RiceResidueFireBulletin_01Oct_2023_ICAR.pdf,Agricultural Burn,CREAMS,1.0
31.465,75.121,13:56:24,D,2023-10-01,17.RiceResidueFireBulletin_01Oct_2023_ICAR.pdf,Agricultural Burn,CREAMS,1.0
31.472,75.227,13:56:24,D,2023-10-01,17.RiceResidueFireBulletin_01Oct_2023_ICAR.pdf,Agricultural Burn,CREAMS,1.0
31.492,75.234,13:56:24,D,2023-10-01,17.RiceResidueFireBulletin_01Oct_2023_ICAR.pdf,Agricultural Burn,CREAMS,1.0
31.495,75.071,13:56:24,D,2023-10-01,17.RiceResidueFireBulletin_01Oct_2023_ICAR.pdf,Agricultural Burn,CREAMS,1.0
31.504,75.069,13:56:24,D,2023-10-01,17.RiceResidueFireBulletin_01Oct_2023_ICAR.pdf,Agricultural Burn,CREAMS,1.0
31.4455,75.17434,12:57:39,D,2023-10-01,17.RiceResidueFireBulletin_01Oct_2023_ICAR.pdf,Agricultural Burn,CREAMS,1.0
31.489,74.975,13:56:24,D,2023-10-01,17.RiceResidueFireBulletin_01Oct_2023_ICAR.pdf,Agricultural Burn,CREAMS,1.0
31.45509,74.87127,12:57:39,D,2023-10-01,17.RiceResidueFireBulletin_01Oct_2023_ICAR.pdf,Agricultural Burn,CREAMS,1.0
31.45632,74.87676,12:57:39,D,2023-10-01,17.RiceResidueFireBulletin_01Oct_2023_ICAR.pdf,Agricultural Burn,CREAMS,1.0
31.52319,75.04782,12:57:39,D,2023-10-01,17.RiceResidueFireBulletin_01Oct_2023_ICAR.pdf,Agricultural Burn,CREAMS,1.0
30.36525,76.97035,12:57:39,D,2023-10-01,17.RiceResidueFireBulletin_01Oct_2023_ICAR.pdf,Agricultural Burn,CREAMS,1.0
29.47935,76.21278,12:57:39,D,2023-10-01,17.RiceResidueFireBulletin_01Oct_2023_ICAR.pdf,Agricultural Burn,CREAMS,1.0
29.73747,76.68359,12:57:39,D,2023-10-01,17.RiceResidueFireBulletin_01Oct_2023_ICAR.pdf,Agricultural Burn,CREAMS,1.0
29.73886,76.68443,12:57:39,D,2023-10-01,17.RiceResidueFireBulletin_01Oct_2023_ICAR.pdf,Agricultural Burn,CREAMS,1.0
29.949,76.988,13:56:24,D,2023-10-01,17.RiceResidueFireBulletin_01Oct_2023_ICAR.pdf,Agricultural Burn,CREAMS,1.0
30.04224,76.9799,12:57:39,D,2023-10-01,17.RiceResidueFireBulletin_01Oct_2023_ICAR.pdf,Agricultural Burn,CREAMS,1.0
30.08582,77.04257,12:57:39,D,2023-10-01,17.RiceResidueFireBulletin_01Oct_2023_ICAR.pdf,Agricultural Burn,CREAMS,1.0
30.186,76.715,13:56:24,D,2023-10-01,17.RiceResidueFireBulletin_01Oct_2023_ICAR.pdf,Agricultural Burn,CREAMS,1.0
30.043,77.076,13:56:24,D,2023-10-01,17.RiceResidueFireBulletin_01Oct_2023_ICAR.pdf,Agricultural Burn,CREAMS,1.0
30.17171,76.90411,12:57:39,D,2023-10-01,17.RiceResidueFireBulletin_01Oct_2023_ICAR.pdf,Agricultural Burn,CREAMS,1.0
30.05856,76.90981,12:57:39,D,2023-10-01,17.RiceResidueFireBulletin_01Oct_2023_ICAR.pdf,Agricultural Burn,CREAMS,1.0
27.93587,77.45319,12:57:39,D,2023-10-01,17.RiceResidueFireBulletin_01Oct_2023_ICAR.pdf,Agricultural Burn,CREAMS,1.0
29.41918,76.79794,12:57:39,D,2023-10-01,17.RiceResidueFireBulletin_01Oct_2023_ICAR.pdf,Agricultural Burn,CREAMS,1.0
29.06517,77.1228,12:57:39,D,2023-10-01,17.RiceResidueFireBulletin_01Oct_2023_ICAR.pdf,Agricultural Burn,CREAMS,1.0
29.01601,76.92426,12:57:39,D,2023-10-01,17.RiceResidueFireBulletin_01Oct_2023_ICAR.pdf,Agricultural Burn,CREAMS,1.0
29.01839,76.92519,12:57:39,D,2023-10-01,17.RiceResidueFireBulletin_01Oct_2023_ICAR.pdf,Agricultural Burn,CREAMS,1.0
30.22946,77.31377,12:57:39,D,2023-10-01,17.RiceResidueFireBulletin_01Oct_2023_ICAR.pdf,Agricultural Burn,CREAMS,1.0
30.14103,77.39835,12:57:39,D,2023-10-01,17.RiceResidueFireBulletin_01Oct_2023_ICAR.pdf,Agricultural Burn,CREAMS,1.0
30.019,77.229,13:56:24,D,2023-10-01,17.RiceResidueFireBulletin_01Oct_2023_ICAR.pdf,Agricultural Burn,CREAMS,1.0
30.328,77.207,13:56:24,D,2023-10-01,17.RiceResidueFireBulletin_01Oct_2023_ICAR.pdf,Agricultural Burn,CREAMS,1.0
30.40396,77.2417,12:57:39,D,2023-10-01,17.RiceResidueFireBulletin_01Oct_2023_ICAR.pdf,Agricultural Burn,CREAMS,1.0
27.949,77.58,13:56:24,D,2023-10-01,17.RiceResidueFireBulletin_01Oct_2023_ICAR.pdf,Agricultural Burn,CREAMS,1.0
27.972,77.68,13:56:24,D,2023-10-01,17.RiceResidueFireBulletin_01Oct_2023_ICAR.pdf,Agricultural Burn,CREAMS,1.0
27.976,77.648,13:56:24,D,2023-10-01,17.RiceResidueFireBulletin_01Oct_2023_ICAR.pdf,Agricultural Burn,CREAMS,1.0
27.95068,77.69426,12:57:39,D,2023-10-01,17.RiceResidueFireBulletin_01Oct_2023_ICAR.pdf,Agricultural Burn,CREAMS,1.0
28.71348,77.5897,12:57:39,D,2023-10-01,17.RiceResidueFireBulletin_01Oct_2023_ICAR.pdf,Agricultural Burn,CREAMS,1.0
28.71645,77.58797,12:57:39,D,2023-10-01,17.RiceResidueFireBulletin_01Oct_2023_ICAR.pdf,Agricultural Burn,CREAMS,1.0
28.71762,77.58864,12:57:39,D,2023-10-01,17.RiceResidueFireBulletin_01Oct_2023_ICAR.pdf,Agricultural Burn,CREAMS,1.0
27.93334,77.71694,12:57:39,D,2023-10-01,17.RiceResidueFireBulletin_01Oct_2023_ICAR.pdf,Agricultural Burn,CREAMS,1.0
27.93421,77.72127,12:57:39,D,2023-10-01,17.RiceResidueFireBulletin_01Oct_2023_ICAR.pdf,Agricultural Burn,CREAMS,1.0
28.34933,80.17044,12:57:39,D,2023-10-01,17.RiceResidueFireBulletin_01Oct_2023_ICAR.pdf,Agricultural Burn,CREAMS,1.0
28.50042,79.9854,12:57:39,D,2023-10-01,17.RiceResidueFireBulletin_01Oct_2023_ICAR.pdf,Agricultural Burn,CREAMS,1.0
28.14186,80.12421,01:48:22,N,2023-10-01,17.RiceResidueFireBulletin_01Oct_2023_ICAR.pdf,Agricultural Burn,CREAMS,1.0
28.14338,80.12174,01:48:22,N,2023-10-01,17.RiceResidueFireBulletin_01Oct_2023_ICAR.pdf,Agricultural Burn,CREAMS,1.0
28.27912,80.16491,01:48:22,N,2023-10-01,17.RiceResidueFireBulletin_01Oct_2023_ICAR.pdf,Agricultural Burn,CREAMS,1.0
27.93455,79.76404,12:57:39,D,2023-10-01,17.RiceResidueFireBulletin_01Oct_2023_ICAR.pdf,Agricultural Burn,CREAMS,1.0
27.93524,79.7667,12:57:39,D,2023-10-01,17.RiceResidueFireBulletin_01Oct_2023_ICAR.pdf,Agricultural Burn,CREAMS,1.0
27.9355,79.7691,12:57:39,D,2023-10-01,17.RiceResidueFireBulletin_01Oct_2023_ICAR.pdf,Agricultural Burn,CREAMS,1.0
25.226,76.437,13:56:24,D,2023-10-01,17.RiceResidueFireBulletin_01Oct_2023_ICAR.pdf,Agricultural Burn,CREAMS,1.0
24.89051,76.89838,12:57:39,D,2023-10-01,17.RiceResidueFireBulletin_01Oct_2023_ICAR.pdf,Agricultural Burn,CREAMS,1.0
29.958,73.554,13:56:24,D,2023-10-01,17.RiceResidueFireBulletin_01Oct_2023_ICAR.pdf,Agricultural Burn,CREAMS,1.0
29.91619,74.05053,12:57:39,D,2023-10-01,17.RiceResidueFireBulletin_01Oct_2023_ICAR.pdf,Agricultural Burn,CREAMS,1.0
24.76938,76.91395,12:57:39,D,2023-10-01,17.RiceResidueFireBulletin_01Oct_2023_ICAR.pdf,Agricultural Burn,CREAMS,1.0
25.01858,76.96564,12:57:39,D,2023-10-01,17.RiceResidueFireBulletin_01Oct_2023_ICAR.pdf,Agricultural Burn,CREAMS,1.0
22.68114,75.90617,01:48:22,N,2023-10-01,17.RiceResidueFireBulletin_01Oct_2023_ICAR.pdf,Agricultural Burn,CREAMS,1.0
26.36914,77.72091,12:57:39,D,2023-10-01,17.RiceResidueFireBulletin_01Oct_2023_ICAR.pdf,Agricultural Burn,CREAMS,1.0
26.33218,77.69956,12:57:39,D,2023-10-01,17.RiceResidueFireBulletin_01Oct_2023_ICAR.pdf,Agricultural Burn,CREAMS,1.0
26.33246,77.69632,12:57:39,D,2023-10-01,17.RiceResidueFireBulletin_01Oct_2023_ICAR.pdf,Agricultural Burn,CREAMS,1.0
23.58366,74.96761,12:57:39,D,2023-10-01,17.RiceResidueFireBulletin_01Oct_2023_ICAR.pdf,Agricultural Burn,CREAMS,1.0
23.71627,78.14027,01:48:22,N,2023-10-01,17.RiceResidueFireBulletin_01Oct_2023_ICAR.pdf,Agricultural Burn,CREAMS,1.0
31.87388,74.69417,12:39:27,D,2023-10-02,18.RiceResidueFireBulletin_02Oct_2023_ICAR.pdf,Agricultural Burn,CREAMS,1.0
31.92698,74.73402,14:19:44,D,2023-10-02,18.RiceResidueFireBulletin_02Oct_2023_ICAR.pdf,Agricultural Burn,CREAMS,1.0
31.57812,74.83342,14:19:44,D,2023-10-02,18.RiceResidueFireBulletin_02Oct_2023_ICAR.pdf,Agricultural Burn,CREAMS,1.0
31.58842,74.90799,14:19:44,D,2023-10-02,18.RiceResidueFireBulletin_02Oct_2023_ICAR.pdf,Agricultural Burn,CREAMS,1.0
31.59099,74.7777,12:39:27,D,2023-10-02,18.RiceResidueFireBulletin_02Oct_2023_ICAR.pdf,Agricultural Burn,CREAMS,1.0
31.65491,74.66998,14:19:44,D,2023-10-02,18.RiceResidueFireBulletin_02Oct_2023_ICAR.pdf,Agricultural Burn,CREAMS,1.0
31.54224,75.04898,14:19:44,D,2023-10-02,18.RiceResidueFireBulletin_02Oct_2023_ICAR.pdf,Agricultural Burn,CREAMS,1.0
31.54487,75.04884,12:39:27,D,2023-10-02,18.RiceResidueFireBulletin_02Oct_2023_ICAR.pdf,Agricultural Burn,CREAMS,1.0
31.54603,75.04671,14:19:44,D,2023-10-02,18.RiceResidueFireBulletin_02Oct_2023_ICAR.pdf,Agricultural Burn,CREAMS,1.0
31.54616,75.05379,12:39:27,D,2023-10-02,18.RiceResidueFireBulletin_02Oct_2023_ICAR.pdf,Agricultural Burn,CREAMS,1.0
31.54741,75.03313,14:19:44,D,2023-10-02,18.RiceResidueFireBulletin_02Oct_2023_ICAR.pdf,Agricultural Burn,CREAMS,1.0
31.54824,75.04854,14:19:44,D,2023-10-02,18.RiceResidueFireBulletin_02Oct_2023_ICAR.pdf,Agricultural Burn,CREAMS,1.0
31.55158,75.11034,14:19:44,D,2023-10-02,18.RiceResidueFireBulletin_02Oct_2023_ICAR.pdf,Agricultural Burn,CREAMS,1.0
31.55203,75.04632,14:19:44,D,2023-10-02,18.RiceResidueFireBulletin_02Oct_2023_ICAR.pdf,Agricultural Burn,CREAMS,1.0
31.55607,75.11317,14:19:44,D,2023-10-02,18.RiceResidueFireBulletin_02Oct_2023_ICAR.pdf,Agricultural Burn,CREAMS,1.0
31.55648,75.08926,14:19:44,D,2023-10-02,18.RiceResidueFireBulletin_02Oct_2023_ICAR.pdf,Agricultural Burn,CREAMS,1.0
31.58716,75.09745,14:19:44,D,2023-10-02,18.RiceResidueFireBulletin_02Oct_2023_ICAR.pdf,Agricultural Burn,CREAMS,1.0
31.59145,75.06607,14:19:44,D,2023-10-02,18.RiceResidueFireBulletin_02Oct_2023_ICAR.pdf,Agricultural Burn,CREAMS,1.0
31.59319,75.09702,14:19:44,D,2023-10-02,18.RiceResidueFireBulletin_02Oct_2023_ICAR.pdf,Agricultural Burn,CREAMS,1.0
31.62242,74.97662,14:19:44,D,2023-10-02,18.RiceResidueFireBulletin_02Oct_2023_ICAR.pdf,Agricultural Burn,CREAMS,1.0
31.62429,74.97739,14:19:44,D,2023-10-02,18.RiceResidueFireBulletin_02Oct_2023_ICAR.pdf,Agricultural Burn,CREAMS,1.0
31.62841,74.9762,14:19:44,D,2023-10-02,18.RiceResidueFireBulletin_02Oct_2023_ICAR.pdf,Agricultural Burn,CREAMS,1.0
31.63135,75.02818,12:39:27,D,2023-10-02,18.RiceResidueFireBulletin_02Oct_2023_ICAR.pdf,Agricultural Burn,CREAMS,1.0
31.65506,74.99804,12:39:27,D,2023-10-02,18.RiceResidueFireBulletin_02Oct_2023_ICAR.pdf,Agricultural Burn,CREAMS,1.0
31.65766,74.99878,12:39:27,D,2023-10-02,18.RiceResidueFireBulletin_02Oct_2023_ICAR.pdf,Agricultural Burn,CREAMS,1.0
31.67499,75.00182,12:39:27,D,2023-10-02,18.RiceResidueFireBulletin_02Oct_2023_ICAR.pdf,Agricultural Burn,CREAMS,1.0
31.67765,75.00259,12:39:27,D,2023-10-02,18.RiceResidueFireBulletin_02Oct_2023_ICAR.pdf,Agricultural Burn,CREAMS,1.0
31.68274,75.05544,14:19:44,D,2023-10-02,18.RiceResidueFireBulletin_02Oct_2023_ICAR.pdf,Agricultural Burn,CREAMS,1.0
31.70524,74.9874,12:39:27,D,2023-10-02,18.RiceResidueFireBulletin_02Oct_2023_ICAR.pdf,Agricultural Burn,CREAMS,1.0
31.70855,75.08476,14:19:44,D,2023-10-02,18.RiceResidueFireBulletin_02Oct_2023_ICAR.pdf,Agricultural Burn,CREAMS,1.0
31.71233,74.9903,12:39:27,D,2023-10-02,18.RiceResidueFireBulletin_02Oct_2023_ICAR.pdf,Agricultural Burn,CREAMS,1.0
31.71853,75.04774,14:19:44,D,2023-10-02,18.RiceResidueFireBulletin_02Oct_2023_ICAR.pdf,Agricultural Burn,CREAMS,1.0
31.72922,74.98509,14:19:44,D,2023-10-02,18.RiceResidueFireBulletin_02Oct_2023_ICAR.pdf,Agricultural Burn,CREAMS,1.0
31.74016,75.00498,14:19:44,D,2023-10-02,18.RiceResidueFireBulletin_02Oct_2023_ICAR.pdf,Agricultural Burn,CREAMS,1.0
31.74176,74.99445,14:19:44,D,2023-10-02,18.RiceResidueFireBulletin_02Oct_2023_ICAR.pdf,Agricultural Burn,CREAMS,1.0
31.7423,75.0047,14:19:44,D,2023-10-02,18.RiceResidueFireBulletin_02Oct_2023_ICAR.pdf,Agricultural Burn,CREAMS,1.0
31.74525,74.98923,14:19:44,D,2023-10-02,18.RiceResidueFireBulletin_02Oct_2023_ICAR.pdf,Agricultural Burn,CREAMS,1.0
31.74555,74.99435,14:19:44,D,2023-10-02,18.RiceResidueFireBulletin_02Oct_2023_ICAR.pdf,Agricultural Burn,CREAMS,1.0
31.74775,74.99402,14:19:44,D,2023-10-02,18.RiceResidueFireBulletin_02Oct_2023_ICAR.pdf,Agricultural Burn,CREAMS,1.0
31.74829,75.04051,14:19:44,D,2023-10-02,18.RiceResidueFireBulletin_02Oct_2023_ICAR.pdf,Agricultural Burn,CREAMS,1.0
31.75022,75.04025,14:19:44,D,2023-10-02,18.RiceResidueFireBulletin_02Oct_2023_ICAR.pdf,Agricultural Burn,CREAMS,1.0
31.77213,75.03574,12:39:27,D,2023-10-02,18.RiceResidueFireBulletin_02Oct_2023_ICAR.pdf,Agricultural Burn,CREAMS,1.0
31.77707,74.92367,12:39:27,D,2023-10-02,18.RiceResidueFireBulletin_02Oct_2023_ICAR.pdf,Agricultural Burn,CREAMS,1.0
31.7804,74.92451,12:39:27,D,2023-10-02,18.RiceResidueFireBulletin_02Oct_2023_ICAR.pdf,Agricultural Burn,CREAMS,1.0
31.78757,75.04636,12:39:27,D,2023-10-02,18.RiceResidueFireBulletin_02Oct_2023_ICAR.pdf,Agricultural Burn,CREAMS,1.0
31.788,75.06866,14:19:44,D,2023-10-02,18.RiceResidueFireBulletin_02Oct_2023_ICAR.pdf,Agricultural Burn,CREAMS,1.0
31.79063,75.04882,12:39:27,D,2023-10-02,18.RiceResidueFireBulletin_02Oct_2023_ICAR.pdf,Agricultural Burn,CREAMS,1.0
31.80222,75.03046,12:39:27,D,2023-10-02,18.RiceResidueFireBulletin_02Oct_2023_ICAR.pdf,Agricultural Burn,CREAMS,1.0
31.80533,75.03281,12:39:27,D,2023-10-02,18.RiceResidueFireBulletin_02Oct_2023_ICAR.pdf,Agricultural Burn,CREAMS,1.0
31.80744,74.98461,14:19:44,D,2023-10-02,18.RiceResidueFireBulletin_02Oct_2023_ICAR.pdf,Agricultural Burn,CREAMS,1.0
31.50624,75.19475,14:19:44,D,2023-10-02,18.RiceResidueFireBulletin_02Oct_2023_ICAR.pdf,Agricultural Burn,CREAMS,1.0
31.50654,75.19998,14:19:44,D,2023-10-02,18.RiceResidueFireBulletin_02Oct_2023_ICAR.pdf,Agricultural Burn,CREAMS,1.0
31.53197,75.21925,14:19:44,D,2023-10-02,18.RiceResidueFireBulletin_02Oct_2023_ICAR.pdf,Agricultural Burn,CREAMS,1.0
31.54616,75.15022,14:19:44,D,2023-10-02,18.RiceResidueFireBulletin_02Oct_2023_ICAR.pdf,Agricultural Burn,CREAMS,1.0
31.54748,75.14705,14:19:44,D,2023-10-02,18.RiceResidueFireBulletin_02Oct_2023_ICAR.pdf,Agricultural Burn,CREAMS,1.0
31.54775,75.15225,14:19:44,D,2023-10-02,18.RiceResidueFireBulletin_02Oct_2023_ICAR.pdf,Agricultural Burn,CREAMS,1.0
31.5773,75.29338,12:39:27,D,2023-10-02,18.RiceResidueFireBulletin_02Oct_2023_ICAR.pdf,Agricultural Burn,CREAMS,1.0
31.59927,75.20628,14:19:44,D,2023-10-02,18.RiceResidueFireBulletin_02Oct_2023_ICAR.pdf,Agricultural Burn,CREAMS,1.0
31.62797,75.2837,14:19:44,D,2023-10-02,18.RiceResidueFireBulletin_02Oct_2023_ICAR.pdf,Agricultural Burn,CREAMS,1.0
31.68224,75.27058,14:19:44,D,2023-10-02,18.RiceResidueFireBulletin_02Oct_2023_ICAR.pdf,Agricultural Burn,CREAMS,1.0
31.59649,75.15858,12:39:27,D,2023-10-02,18.RiceResidueFireBulletin_02Oct_2023_ICAR.pdf,Agricultural Burn,CREAMS,1.0
31.61067,75.08543,14:19:44,D,2023-10-02,18.RiceResidueFireBulletin_02Oct_2023_ICAR.pdf,Agricultural Burn,CREAMS,1.0
31.63566,75.09921,14:19:44,D,2023-10-02,18.RiceResidueFireBulletin_02Oct_2023_ICAR.pdf,Agricultural Burn,CREAMS,1.0
31.63679,75.10017,14:19:44,D,2023-10-02,18.RiceResidueFireBulletin_02Oct_2023_ICAR.pdf,Agricultural Burn,CREAMS,1.0
31.64168,75.0988,14:19:44,D,2023-10-02,18.RiceResidueFireBulletin_02Oct_2023_ICAR.pdf,Agricultural Burn,CREAMS,1.0
31.6431,75.1688,12:39:27,D,2023-10-02,18.RiceResidueFireBulletin_02Oct_2023_ICAR.pdf,Agricultural Burn,CREAMS,1.0
31.66455,75.07654,14:19:44,D,2023-10-02,18.RiceResidueFireBulletin_02Oct_2023_ICAR.pdf,Agricultural Burn,CREAMS,1.0
31.66553,75.07216,14:19:44,D,2023-10-02,18.RiceResidueFireBulletin_02Oct_2023_ICAR.pdf,Agricultural Burn,CREAMS,1.0
31.68295,75.17004,14:19:44,D,2023-10-02,18.RiceResidueFireBulletin_02Oct_2023_ICAR.pdf,Agricultural Burn,CREAMS,1.0
31.68704,75.16924,12:39:27,D,2023-10-02,18.RiceResidueFireBulletin_02Oct_2023_ICAR.pdf,Agricultural Burn,CREAMS,1.0
31.6883,75.1741,12:39:27,D,2023-10-02,18.RiceResidueFireBulletin_02Oct_2023_ICAR.pdf,Agricultural Burn,CREAMS,1.0
31.69133,75.10154,14:19:44,D,2023-10-02,18.RiceResidueFireBulletin_02Oct_2023_ICAR.pdf,Agricultural Burn,CREAMS,1.0
31.71262,74.94553,14:19:44,D,2023-10-02,18.RiceResidueFireBulletin_02Oct_2023_ICAR.pdf,Agricultural Burn,CREAMS,1.0
30.2441,75.58782,14:19:44,D,2023-10-02,18.RiceResidueFireBulletin_02Oct_2023_ICAR.pdf,Agricultural Burn,CREAMS,1.0
30.42373,74.78815,14:19:44,D,2023-10-02,18.RiceResidueFireBulletin_02Oct_2023_ICAR.pdf,Agricultural Burn,CREAMS,1.0
30.69567,76.39781,12:39:27,D,2023-10-02,18.RiceResidueFireBulletin_02Oct_2023_ICAR.pdf,Agricultural Burn,CREAMS,1.0
30.69877,76.39637,12:39:27,D,2023-10-02,18.RiceResidueFireBulletin_02Oct_2023_ICAR.pdf,Agricultural Burn,CREAMS,1.0
30.69985,76.40071,12:39:27,D,2023-10-02,18.RiceResidueFireBulletin_02Oct_2023_ICAR.pdf,Agricultural Burn,CREAMS,1.0
30.94444,74.55153,14:19:44,D,2023-10-02,18.RiceResidueFireBulletin_02Oct_2023_ICAR.pdf,Agricultural Burn,CREAMS,1.0
31.0406,74.89265,14:19:44,D,2023-10-02,18.RiceResidueFireBulletin_02Oct_2023_ICAR.pdf,Agricultural Burn,CREAMS,1.0
31.76062,75.10226,12:39:27,D,2023-10-02,18.RiceResidueFireBulletin_02Oct_2023_ICAR.pdf,Agricultural Burn,CREAMS,1.0
31.4597,75.73959,12:39:27,D,2023-10-02,18.RiceResidueFireBulletin_02Oct_2023_ICAR.pdf,Agricultural Burn,CREAMS,1.0
31.44492,75.54244,14:19:44,D,2023-10-02,18.RiceResidueFireBulletin_02Oct_2023_ICAR.pdf,Agricultural Burn,CREAMS,1.0
31.44629,75.5405,14:19:44,D,2023-10-02,18.RiceResidueFireBulletin_02Oct_2023_ICAR.pdf,Agricultural Burn,CREAMS,1.0
31.2268,75.40713,12:39:27,D,2023-10-02,18.RiceResidueFireBulletin_02Oct_2023_ICAR.pdf,Agricultural Burn,CREAMS,1.0
31.39262,75.23827,14:19:44,D,2023-10-02,18.RiceResidueFireBulletin_02Oct_2023_ICAR.pdf,Agricultural Burn,CREAMS,1.0
31.40452,75.21285,12:39:27,D,2023-10-02,18.RiceResidueFireBulletin_02Oct_2023_ICAR.pdf,Agricultural Burn,CREAMS,1.0
31.23876,75.14342,14:19:44,D,2023-10-02,18.RiceResidueFireBulletin_02Oct_2023_ICAR.pdf,Agricultural Burn,CREAMS,1.0
31.24042,75.14476,14:19:44,D,2023-10-02,18.RiceResidueFireBulletin_02Oct_2023_ICAR.pdf,Agricultural Burn,CREAMS,1.0
31.24478,75.14301,14:19:44,D,2023-10-02,18.RiceResidueFireBulletin_02Oct_2023_ICAR.pdf,Agricultural Burn,CREAMS,1.0
31.25667,75.12989,12:39:27,D,2023-10-02,18.RiceResidueFireBulletin_02Oct_2023_ICAR.pdf,Agricultural Burn,CREAMS,1.0
31.25931,75.13982,12:39:27,D,2023-10-02,18.RiceResidueFireBulletin_02Oct_2023_ICAR.pdf,Agricultural Burn,CREAMS,1.0
31.2609,75.13221,12:39:27,D,2023-10-02,18.RiceResidueFireBulletin_02Oct_2023_ICAR.pdf,Agricultural Burn,CREAMS,1.0
31.26219,75.13718,12:39:27,D,2023-10-02,18.RiceResidueFireBulletin_02Oct_2023_ICAR.pdf,Agricultural Burn,CREAMS,1.0
30.90075,76.25015,12:39:27,D,2023-10-02,18.RiceResidueFireBulletin_02Oct_2023_ICAR.pdf,Agricultural Burn,CREAMS,1.0
30.26138,76.26345,12:39:27,D,2023-10-02,18.RiceResidueFireBulletin_02Oct_2023_ICAR.pdf,Agricultural Burn,CREAMS,1.0
30.26698,76.2616,12:39:27,D,2023-10-02,18.RiceResidueFireBulletin_02Oct_2023_ICAR.pdf,Agricultural Burn,CREAMS,1.0
30.40675,76.35154,12:39:27,D,2023-10-02,18.RiceResidueFireBulletin_02Oct_2023_ICAR.pdf,Agricultural Burn,CREAMS,1.0
30.52543,76.73143,12:39:27,D,2023-10-02,18.RiceResidueFireBulletin_02Oct_2023_ICAR.pdf,Agricultural Burn,CREAMS,1.0
30.1494,76.28008,12:39:27,D,2023-10-02,18.RiceResidueFireBulletin_02Oct_2023_ICAR.pdf,Agricultural Burn,CREAMS,1.0
30.50246,76.66822,14:19:44,D,2023-10-02,18.RiceResidueFireBulletin_02Oct_2023_ICAR.pdf,Agricultural Burn,CREAMS,1.0
30.5032,76.66841,14:19:44,D,2023-10-02,18.RiceResidueFireBulletin_02Oct_2023_ICAR.pdf,Agricultural Burn,CREAMS,1.0
29.74006,75.92406,12:39:27,D,2023-10-02,18.RiceResidueFireBulletin_02Oct_2023_ICAR.pdf,Agricultural Burn,CREAMS,1.0
30.49391,76.9116,12:39:27,D,2023-10-02,18.RiceResidueFireBulletin_02Oct_2023_ICAR.pdf,Agricultural Burn,CREAMS,1.0
30.49424,76.91158,12:39:27,D,2023-10-02,18.RiceResidueFireBulletin_02Oct_2023_ICAR.pdf,Agricultural Burn,CREAMS,1.0
30.59096,76.90218,14:19:44,D,2023-10-02,18.RiceResidueFireBulletin_02Oct_2023_ICAR.pdf,Agricultural Burn,CREAMS,1.0
30.59241,76.89732,14:19:44,D,2023-10-02,18.RiceResidueFireBulletin_02Oct_2023_ICAR.pdf,Agricultural Burn,CREAMS,1.0
30.59361,76.81251,14:19:44,D,2023-10-02,18.RiceResidueFireBulletin_02Oct_2023_ICAR.pdf,Agricultural Burn,CREAMS,1.0
30.59485,76.81422,14:19:44,D,2023-10-02,18.RiceResidueFireBulletin_02Oct_2023_ICAR.pdf,Agricultural Burn,CREAMS,1.0
31.54415,74.79446,12:39:27,D,2023-10-02,18.RiceResidueFireBulletin_02Oct_2023_ICAR.pdf,Agricultural Burn,CREAMS,1.0
31.38837,75.05669,14:19:44,D,2023-10-02,18.RiceResidueFireBulletin_02Oct_2023_ICAR.pdf,Agricultural Burn,CREAMS,1.0
31.40573,75.14841,14:19:44,D,2023-10-02,18.RiceResidueFireBulletin_02Oct_2023_ICAR.pdf,Agricultural Burn,CREAMS,1.0
31.41809,75.15263,14:19:44,D,2023-10-02,18.RiceResidueFireBulletin_02Oct_2023_ICAR.pdf,Agricultural Burn,CREAMS,1.0
31.43287,75.06464,12:39:27,D,2023-10-02,18.RiceResidueFireBulletin_02Oct_2023_ICAR.pdf,Agricultural Burn,CREAMS,1.0
31.5036,75.14796,14:19:44,D,2023-10-02,18.RiceResidueFireBulletin_02Oct_2023_ICAR.pdf,Agricultural Burn,CREAMS,1.0
31.33633,74.839,14:19:44,D,2023-10-02,18.RiceResidueFireBulletin_02Oct_2023_ICAR.pdf,Agricultural Burn,CREAMS,1.0
31.35328,74.88313,12:39:27,D,2023-10-02,18.RiceResidueFireBulletin_02Oct_2023_ICAR.pdf,Agricultural Burn,CREAMS,1.0
31.48596,74.99337,12:39:27,D,2023-10-02,18.RiceResidueFireBulletin_02Oct_2023_ICAR.pdf,Agricultural Burn,CREAMS,1.0
31.50015,74.98343,14:19:44,D,2023-10-02,18.RiceResidueFireBulletin_02Oct_2023_ICAR.pdf,Agricultural Burn,CREAMS,1.0
30.22539,77.09281,12:39:27,D,2023-10-02,18.RiceResidueFireBulletin_02Oct_2023_ICAR.pdf,Agricultural Burn,CREAMS,1.0
30.36097,77.12505,12:39:27,D,2023-10-02,18.RiceResidueFireBulletin_02Oct_2023_ICAR.pdf,Agricultural Burn,CREAMS,1.0
30.25115,76.89216,12:39:27,D,2023-10-02,18.RiceResidueFireBulletin_02Oct_2023_ICAR.pdf,Agricultural Burn,CREAMS,1.0
30.26353,76.897,12:39:27,D,2023-10-02,18.RiceResidueFireBulletin_02Oct_2023_ICAR.pdf,Agricultural Burn,CREAMS,1.0
30.26403,76.89696,12:39:27,D,2023-10-02,18.RiceResidueFireBulletin_02Oct_2023_ICAR.pdf,Agricultural Burn,CREAMS,1.0
30.31377,77.10136,12:39:27,D,2023-10-02,18.RiceResidueFireBulletin_02Oct_2023_ICAR.pdf,Agricultural Burn,CREAMS,1.0
30.31454,77.10081,12:39:27,D,2023-10-02,18.RiceResidueFireBulletin_02Oct_2023_ICAR.pdf,Agricultural Burn,CREAMS,1.0
29.50275,75.51598,14:19:44,D,2023-10-02,18.RiceResidueFireBulletin_02Oct_2023_ICAR.pdf,Agricultural Burn,CREAMS,1.0
28.51784,76.76377,01:29:27,N,2023-10-02,18.RiceResidueFireBulletin_02Oct_2023_ICAR.pdf,Agricultural Burn,CREAMS,1.0
29.4719,76.02534,14:19:44,D,2023-10-02,18.RiceResidueFireBulletin_02Oct_2023_ICAR.pdf,Agricultural Burn,CREAMS,1.0
29.85956,76.57204,14:19:44,D,2023-10-02,18.RiceResidueFireBulletin_02Oct_2023_ICAR.pdf,Agricultural Burn,CREAMS,1.0
29.85999,76.57464,14:19:44,D,2023-10-02,18.RiceResidueFireBulletin_02Oct_2023_ICAR.pdf,Agricultural Burn,CREAMS,1.0
30.15451,76.99273,14:19:44,D,2023-10-02,18.RiceResidueFireBulletin_02Oct_2023_ICAR.pdf,Agricultural Burn,CREAMS,1.0
30.07238,76.68303,12:39:27,D,2023-10-02,18.RiceResidueFireBulletin_02Oct_2023_ICAR.pdf,Agricultural Burn,CREAMS,1.0
29.95193,76.97354,14:19:44,D,2023-10-02,18.RiceResidueFireBulletin_02Oct_2023_ICAR.pdf,Agricultural Burn,CREAMS,1.0
29.97169,77.00276,14:19:44,D,2023-10-02,18.RiceResidueFireBulletin_02Oct_2023_ICAR.pdf,Agricultural Burn,CREAMS,1.0
29.97336,77.0045,14:19:44,D,2023-10-02,18.RiceResidueFireBulletin_02Oct_2023_ICAR.pdf,Agricultural Burn,CREAMS,1.0
27.88611,77.43931,14:19:44,D,2023-10-02,18.RiceResidueFireBulletin_02Oct_2023_ICAR.pdf,Agricultural Burn,CREAMS,1.0
28.84678,77.14709,01:29:27,N,2023-10-02,18.RiceResidueFireBulletin_02Oct_2023_ICAR.pdf,Agricultural Burn,CREAMS,1.0
30.22542,77.09487,12:39:27,D,2023-10-02,18.RiceResidueFireBulletin_02Oct_2023_ICAR.pdf,Agricultural Burn,CREAMS,1.0
30.25415,77.21095,12:39:27,D,2023-10-02,18.RiceResidueFireBulletin_02Oct_2023_ICAR.pdf,Agricultural Burn,CREAMS,1.0
30.25437,77.21329,12:39:27,D,2023-10-02,18.RiceResidueFireBulletin_02Oct_2023_ICAR.pdf,Agricultural Burn,CREAMS,1.0
30.41159,77.17751,14:19:44,D,2023-10-02,18.RiceResidueFireBulletin_02Oct_2023_ICAR.pdf,Agricultural Burn,CREAMS,1.0
30.41523,77.17604,14:19:44,D,2023-10-02,18.RiceResidueFireBulletin_02Oct_2023_ICAR.pdf,Agricultural Burn,CREAMS,1.0
27.95731,77.71207,12:39:27,D,2023-10-02,18.RiceResidueFireBulletin_02Oct_2023_ICAR.pdf,Agricultural Burn,CREAMS,1.0
27.95887,77.70966,12:39:27,D,2023-10-02,18.RiceResidueFireBulletin_02Oct_2023_ICAR.pdf,Agricultural Burn,CREAMS,1.0
27.9781,77.60376,12:39:27,D,2023-10-02,18.RiceResidueFireBulletin_02Oct_2023_ICAR.pdf,Agricultural Burn,CREAMS,1.0
27.83895,78.1824,12:39:27,D,2023-10-02,18.RiceResidueFireBulletin_02Oct_2023_ICAR.pdf,Agricultural Burn,CREAMS,1.0
27.83966,78.18176,12:39:27,D,2023-10-02,18.RiceResidueFireBulletin_02Oct_2023_ICAR.pdf,Agricultural Burn,CREAMS,1.0
27.88575,77.43291,14:19:44,D,2023-10-02,18.RiceResidueFireBulletin_02Oct_2023_ICAR.pdf,Agricultural Burn,CREAMS,1.0
29.53937,77.14896,12:39:27,D,2023-10-02,18.RiceResidueFireBulletin_02Oct_2023_ICAR.pdf,Agricultural Burn,CREAMS,1.0
25.42405,75.75441,14:19:44,D,2023-10-02,18.RiceResidueFireBulletin_02Oct_2023_ICAR.pdf,Agricultural Burn,CREAMS,1.0
25.4269,75.75644,14:19:44,D,2023-10-02,18.RiceResidueFireBulletin_02Oct_2023_ICAR.pdf,Agricultural Burn,CREAMS,1.0
25.36506,76.21191,14:19:44,D,2023-10-02,18.RiceResidueFireBulletin_02Oct_2023_ICAR.pdf,Agricultural Burn,CREAMS,1.0
25.45809,76.43482,12:39:27,D,2023-10-02,18.RiceResidueFireBulletin_02Oct_2023_ICAR.pdf,Agricultural Burn,CREAMS,1.0
25.80337,78.44197,12:39:27,D,2023-10-02,18.RiceResidueFireBulletin_02Oct_2023_ICAR.pdf,Agricultural Burn,CREAMS,1.0
31.8385,74.86579,14:00:48,D,2023-10-03,19.RiceResidueFireBulletin_03Oct_2023_ICAR.pdf,Agricultural Burn,CREAMS,1.0
31.5768,74.7364,14:00:48,D,2023-10-03,19.RiceResidueFireBulletin_03Oct_2023_ICAR.pdf,Agricultural Burn,CREAMS,1.0
31.59105,74.83806,14:00:48,D,2023-10-03,19.RiceResidueFireBulletin_03Oct_2023_ICAR.pdf,Agricultural Burn,CREAMS,1.0
31.80026,74.61153,14:00:48,D,2023-10-03,19.RiceResidueFireBulletin_03Oct_2023_ICAR.pdf,Agricultural Burn,CREAMS,1.0
31.84184,74.63889,14:00:48,D,2023-10-03,19.RiceResidueFireBulletin_03Oct_2023_ICAR.pdf,Agricultural Burn,CREAMS,1.0
31.79926,74.69358,14:00:48,D,2023-10-03,19.RiceResidueFireBulletin_03Oct_2023_ICAR.pdf,Agricultural Burn,CREAMS,1.0
31.80272,74.68286,14:00:48,D,2023-10-03,19.RiceResidueFireBulletin_03Oct_2023_ICAR.pdf,Agricultural Burn,CREAMS,1.0
31.80765,74.68738,14:00:48,D,2023-10-03,19.RiceResidueFireBulletin_03Oct_2023_ICAR.pdf,Agricultural Burn,CREAMS,1.0
31.8111,74.67665,14:00:48,D,2023-10-03,19.RiceResidueFireBulletin_03Oct_2023_ICAR.pdf,Agricultural Burn,CREAMS,1.0
31.83576,74.86847,14:00:48,D,2023-10-03,19.RiceResidueFireBulletin_03Oct_2023_ICAR.pdf,Agricultural Burn,CREAMS,1.0
31.5343,75.0266,14:00:48,D,2023-10-03,19.RiceResidueFireBulletin_03Oct_2023_ICAR.pdf,Agricultural Burn,CREAMS,1.0
31.53554,75.02412,14:00:48,D,2023-10-03,19.RiceResidueFireBulletin_03Oct_2023_ICAR.pdf,Agricultural Burn,CREAMS,1.0
31.5464,75.05721,14:00:48,D,2023-10-03,19.RiceResidueFireBulletin_03Oct_2023_ICAR.pdf,Agricultural Burn,CREAMS,1.0
31.54744,75.05473,14:00:48,D,2023-10-03,19.RiceResidueFireBulletin_03Oct_2023_ICAR.pdf,Agricultural Burn,CREAMS,1.0
31.61238,75.01463,14:00:48,D,2023-10-03,19.RiceResidueFireBulletin_03Oct_2023_ICAR.pdf,Agricultural Burn,CREAMS,1.0
31.62794,75.03408,14:00:48,D,2023-10-03,19.RiceResidueFireBulletin_03Oct_2023_ICAR.pdf,Agricultural Burn,CREAMS,1.0
31.576,75.063,13:41:45,D,2023-10-03,19.RiceResidueFireBulletin_03Oct_2023_ICAR.pdf,Agricultural Burn,CREAMS,1.0
31.602,75.026,13:41:45,D,2023-10-03,19.RiceResidueFireBulletin_03Oct_2023_ICAR.pdf,Agricultural Burn,CREAMS,1.0
31.604,75.041,13:41:45,D,2023-10-03,19.RiceResidueFireBulletin_03Oct_2023_ICAR.pdf,Agricultural Burn,CREAMS,1.0
31.71564,75.03101,14:00:48,D,2023-10-03,19.RiceResidueFireBulletin_03Oct_2023_ICAR.pdf,Agricultural Burn,CREAMS,1.0
31.71618,74.98814,14:00:48,D,2023-10-03,19.RiceResidueFireBulletin_03Oct_2023_ICAR.pdf,Agricultural Burn,CREAMS,1.0
31.7207,74.98756,14:00:48,D,2023-10-03,19.RiceResidueFireBulletin_03Oct_2023_ICAR.pdf,Agricultural Burn,CREAMS,1.0
31.73723,74.92176,14:00:48,D,2023-10-03,19.RiceResidueFireBulletin_03Oct_2023_ICAR.pdf,Agricultural Burn,CREAMS,1.0
31.73823,74.96306,14:00:48,D,2023-10-03,19.RiceResidueFireBulletin_03Oct_2023_ICAR.pdf,Agricultural Burn,CREAMS,1.0
31.73897,74.92046,14:00:48,D,2023-10-03,19.RiceResidueFireBulletin_03Oct_2023_ICAR.pdf,Agricultural Burn,CREAMS,1.0
31.74127,74.96374,14:00:48,D,2023-10-03,19.RiceResidueFireBulletin_03Oct_2023_ICAR.pdf,Agricultural Burn,CREAMS,1.0
31.706,75.024,13:41:45,D,2023-10-03,19.RiceResidueFireBulletin_03Oct_2023_ICAR.pdf,Agricultural Burn,CREAMS,1.0
31.785,74.951,13:41:45,D,2023-10-03,19.RiceResidueFireBulletin_03Oct_2023_ICAR.pdf,Agricultural Burn,CREAMS,1.0
31.788,74.966,13:41:45,D,2023-10-03,19.RiceResidueFireBulletin_03Oct_2023_ICAR.pdf,Agricultural Burn,CREAMS,1.0
31.51051,75.21291,14:00:48,D,2023-10-03,19.RiceResidueFireBulletin_03Oct_2023_ICAR.pdf,Agricultural Burn,CREAMS,1.0
31.54066,75.18521,14:00:48,D,2023-10-03,19.RiceResidueFireBulletin_03Oct_2023_ICAR.pdf,Agricultural Burn,CREAMS,1.0
31.54148,75.19826,14:00:48,D,2023-10-03,19.RiceResidueFireBulletin_03Oct_2023_ICAR.pdf,Agricultural Burn,CREAMS,1.0
31.54161,75.19601,14:00:48,D,2023-10-03,19.RiceResidueFireBulletin_03Oct_2023_ICAR.pdf,Agricultural Burn,CREAMS,1.0
31.58378,75.30637,14:00:48,D,2023-10-03,19.RiceResidueFireBulletin_03Oct_2023_ICAR.pdf,Agricultural Burn,CREAMS,1.0
31.59052,75.12479,14:00:48,D,2023-10-03,19.RiceResidueFireBulletin_03Oct_2023_ICAR.pdf,Agricultural Burn,CREAMS,1.0
31.60169,75.09639,14:00:48,D,2023-10-03,19.RiceResidueFireBulletin_03Oct_2023_ICAR.pdf,Agricultural Burn,CREAMS,1.0
31.60555,75.18821,14:00:48,D,2023-10-03,19.RiceResidueFireBulletin_03Oct_2023_ICAR.pdf,Agricultural Burn,CREAMS,1.0
31.60623,75.09584,14:00:48,D,2023-10-03,19.RiceResidueFireBulletin_03Oct_2023_ICAR.pdf,Agricultural Burn,CREAMS,1.0
31.63905,75.15142,14:00:48,D,2023-10-03,19.RiceResidueFireBulletin_03Oct_2023_ICAR.pdf,Agricultural Burn,CREAMS,1.0
31.63955,75.10798,14:00:48,D,2023-10-03,19.RiceResidueFireBulletin_03Oct_2023_ICAR.pdf,Agricultural Burn,CREAMS,1.0
31.6459,75.17494,14:00:48,D,2023-10-03,19.RiceResidueFireBulletin_03Oct_2023_ICAR.pdf,Agricultural Burn,CREAMS,1.0
31.64615,75.17781,14:00:48,D,2023-10-03,19.RiceResidueFireBulletin_03Oct_2023_ICAR.pdf,Agricultural Burn,CREAMS,1.0
31.65914,75.06483,14:00:48,D,2023-10-03,19.RiceResidueFireBulletin_03Oct_2023_ICAR.pdf,Agricultural Burn,CREAMS,1.0
31.592,75.151,13:41:45,D,2023-10-03,19.RiceResidueFireBulletin_03Oct_2023_ICAR.pdf,Agricultural Burn,CREAMS,1.0
31.673,75.14,13:41:45,D,2023-10-03,19.RiceResidueFireBulletin_03Oct_2023_ICAR.pdf,Agricultural Burn,CREAMS,1.0
31.71221,74.94605,14:00:48,D,2023-10-03,19.RiceResidueFireBulletin_03Oct_2023_ICAR.pdf,Agricultural Burn,CREAMS,1.0
31.678,74.811,13:41:45,D,2023-10-03,19.RiceResidueFireBulletin_03Oct_2023_ICAR.pdf,Agricultural Burn,CREAMS,1.0
31.703,74.947,13:41:45,D,2023-10-03,19.RiceResidueFireBulletin_03Oct_2023_ICAR.pdf,Agricultural Burn,CREAMS,1.0
30.22903,75.59198,14:00:48,D,2023-10-03,19.RiceResidueFireBulletin_03Oct_2023_ICAR.pdf,Agricultural Burn,CREAMS,1.0
30.26827,75.71455,14:00:48,D,2023-10-03,19.RiceResidueFireBulletin_03Oct_2023_ICAR.pdf,Agricultural Burn,CREAMS,1.0
30.26878,75.72006,14:00:48,D,2023-10-03,19.RiceResidueFireBulletin_03Oct_2023_ICAR.pdf,Agricultural Burn,CREAMS,1.0
30.46238,74.03877,14:00:48,D,2023-10-03,19.RiceResidueFireBulletin_03Oct_2023_ICAR.pdf,Agricultural Burn,CREAMS,1.0
30.80551,74.47272,14:00:48,D,2023-10-03,19.RiceResidueFireBulletin_03Oct_2023_ICAR.pdf,Agricultural Burn,CREAMS,1.0
31.69629,75.27338,14:00:48,D,2023-10-03,19.RiceResidueFireBulletin_03Oct_2023_ICAR.pdf,Agricultural Burn,CREAMS,1.0
31.42457,75.48134,14:00:48,D,2023-10-03,19.RiceResidueFireBulletin_03Oct_2023_ICAR.pdf,Agricultural Burn,CREAMS,1.0
31.48252,75.57993,14:00:48,D,2023-10-03,19.RiceResidueFireBulletin_03Oct_2023_ICAR.pdf,Agricultural Burn,CREAMS,1.0
31.35513,75.2785,14:00:48,D,2023-10-03,19.RiceResidueFireBulletin_03Oct_2023_ICAR.pdf,Agricultural Burn,CREAMS,1.0
31.35533,75.27953,14:00:48,D,2023-10-03,19.RiceResidueFireBulletin_03Oct_2023_ICAR.pdf,Agricultural Burn,CREAMS,1.0
31.21058,75.16479,14:00:48,D,2023-10-03,19.RiceResidueFireBulletin_03Oct_2023_ICAR.pdf,Agricultural Burn,CREAMS,1.0
31.23919,75.12064,14:00:48,D,2023-10-03,19.RiceResidueFireBulletin_03Oct_2023_ICAR.pdf,Agricultural Burn,CREAMS,1.0
31.24111,75.14181,14:00:48,D,2023-10-03,19.RiceResidueFireBulletin_03Oct_2023_ICAR.pdf,Agricultural Burn,CREAMS,1.0
31.24921,75.1301,14:00:48,D,2023-10-03,19.RiceResidueFireBulletin_03Oct_2023_ICAR.pdf,Agricultural Burn,CREAMS,1.0
31.25163,75.15659,14:00:48,D,2023-10-03,19.RiceResidueFireBulletin_03Oct_2023_ICAR.pdf,Agricultural Burn,CREAMS,1.0
31.25423,75.13483,14:00:48,D,2023-10-03,19.RiceResidueFireBulletin_03Oct_2023_ICAR.pdf,Agricultural Burn,CREAMS,1.0
31.2693,75.14905,14:00:48,D,2023-10-03,19.RiceResidueFireBulletin_03Oct_2023_ICAR.pdf,Agricultural Burn,CREAMS,1.0
31.27937,75.15856,14:00:48,D,2023-10-03,19.RiceResidueFireBulletin_03Oct_2023_ICAR.pdf,Agricultural Burn,CREAMS,1.0
31.27986,75.16388,14:00:48,D,2023-10-03,19.RiceResidueFireBulletin_03Oct_2023_ICAR.pdf,Agricultural Burn,CREAMS,1.0
31.28588,75.17929,14:00:48,D,2023-10-03,19.RiceResidueFireBulletin_03Oct_2023_ICAR.pdf,Agricultural Burn,CREAMS,1.0
31.3248,75.20158,14:00:48,D,2023-10-03,19.RiceResidueFireBulletin_03Oct_2023_ICAR.pdf,Agricultural Burn,CREAMS,1.0
30.26583,76.32272,14:00:48,D,2023-10-03,19.RiceResidueFireBulletin_03Oct_2023_ICAR.pdf,Agricultural Burn,CREAMS,1.0
30.27343,76.25875,14:00:48,D,2023-10-03,19.RiceResidueFireBulletin_03Oct_2023_ICAR.pdf,Agricultural Burn,CREAMS,1.0
30.27481,76.26133,14:00:48,D,2023-10-03,19.RiceResidueFireBulletin_03Oct_2023_ICAR.pdf,Agricultural Burn,CREAMS,1.0
30.27569,76.22845,14:00:48,D,2023-10-03,19.RiceResidueFireBulletin_03Oct_2023_ICAR.pdf,Agricultural Burn,CREAMS,1.0
30.27823,76.25822,14:00:48,D,2023-10-03,19.RiceResidueFireBulletin_03Oct_2023_ICAR.pdf,Agricultural Burn,CREAMS,1.0
30.26454,76.3263,14:00:48,D,2023-10-03,19.RiceResidueFireBulletin_03Oct_2023_ICAR.pdf,Agricultural Burn,CREAMS,1.0
30.46932,76.68288,14:00:48,D,2023-10-03,19.RiceResidueFireBulletin_03Oct_2023_ICAR.pdf,Agricultural Burn,CREAMS,1.0
30.26186,76.1731,14:00:48,D,2023-10-03,19.RiceResidueFireBulletin_03Oct_2023_ICAR.pdf,Agricultural Burn,CREAMS,1.0
30.26585,76.16985,14:00:48,D,2023-10-03,19.RiceResidueFireBulletin_03Oct_2023_ICAR.pdf,Agricultural Burn,CREAMS,1.0
30.26664,76.17256,14:00:48,D,2023-10-03,19.RiceResidueFireBulletin_03Oct_2023_ICAR.pdf,Agricultural Burn,CREAMS,1.0
31.3213,74.61746,14:00:48,D,2023-10-03,19.RiceResidueFireBulletin_03Oct_2023_ICAR.pdf,Agricultural Burn,CREAMS,1.0
31.30662,75.01134,14:00:48,D,2023-10-03,19.RiceResidueFireBulletin_03Oct_2023_ICAR.pdf,Agricultural Burn,CREAMS,1.0
31.35498,75.07301,14:00:48,D,2023-10-03,19.RiceResidueFireBulletin_03Oct_2023_ICAR.pdf,Agricultural Burn,CREAMS,1.0
31.49899,74.62411,14:00:48,D,2023-10-03,19.RiceResidueFireBulletin_03Oct_2023_ICAR.pdf,Agricultural Burn,CREAMS,1.0
31.49913,74.62167,14:00:48,D,2023-10-03,19.RiceResidueFireBulletin_03Oct_2023_ICAR.pdf,Agricultural Burn,CREAMS,1.0
31.38655,75.11726,14:00:48,D,2023-10-03,19.RiceResidueFireBulletin_03Oct_2023_ICAR.pdf,Agricultural Burn,CREAMS,1.0
31.39917,75.105,14:00:48,D,2023-10-03,19.RiceResidueFireBulletin_03Oct_2023_ICAR.pdf,Agricultural Burn,CREAMS,1.0
31.41529,75.0816,14:00:48,D,2023-10-03,19.RiceResidueFireBulletin_03Oct_2023_ICAR.pdf,Agricultural Burn,CREAMS,1.0
31.43437,75.13538,14:00:48,D,2023-10-03,19.RiceResidueFireBulletin_03Oct_2023_ICAR.pdf,Agricultural Burn,CREAMS,1.0
31.43446,75.1383,14:00:48,D,2023-10-03,19.RiceResidueFireBulletin_03Oct_2023_ICAR.pdf,Agricultural Burn,CREAMS,1.0
31.45015,75.10654,14:00:48,D,2023-10-03,19.RiceResidueFireBulletin_03Oct_2023_ICAR.pdf,Agricultural Burn,CREAMS,1.0
31.46733,75.09368,14:00:48,D,2023-10-03,19.RiceResidueFireBulletin_03Oct_2023_ICAR.pdf,Agricultural Burn,CREAMS,1.0
31.48498,75.08616,14:00:48,D,2023-10-03,19.RiceResidueFireBulletin_03Oct_2023_ICAR.pdf,Agricultural Burn,CREAMS,1.0
31.48755,75.06442,14:00:48,D,2023-10-03,19.RiceResidueFireBulletin_03Oct_2023_ICAR.pdf,Agricultural Burn,CREAMS,1.0
31.51118,75.07223,14:00:48,D,2023-10-03,19.RiceResidueFireBulletin_03Oct_2023_ICAR.pdf,Agricultural Burn,CREAMS,1.0
31.51621,75.07697,14:00:48,D,2023-10-03,19.RiceResidueFireBulletin_03Oct_2023_ICAR.pdf,Agricultural Burn,CREAMS,1.0
31.372,75.117,13:41:45,D,2023-10-03,19.RiceResidueFireBulletin_03Oct_2023_ICAR.pdf,Agricultural Burn,CREAMS,1.0
31.413,75.07,13:41:45,D,2023-10-03,19.RiceResidueFireBulletin_03Oct_2023_ICAR.pdf,Agricultural Burn,CREAMS,1.0
31.454,75.06,13:41:45,D,2023-10-03,19.RiceResidueFireBulletin_03Oct_2023_ICAR.pdf,Agricultural Burn,CREAMS,1.0
31.488,75.091,13:41:45,D,2023-10-03,19.RiceResidueFireBulletin_03Oct_2023_ICAR.pdf,Agricultural Burn,CREAMS,1.0
31.502,75.164,13:41:45,D,2023-10-03,19.RiceResidueFireBulletin_03Oct_2023_ICAR.pdf,Agricultural Burn,CREAMS,1.0
31.505,75.179,13:41:45,D,2023-10-03,19.RiceResidueFireBulletin_03Oct_2023_ICAR.pdf,Agricultural Burn,CREAMS,1.0
31.517,75.068,13:41:45,D,2023-10-03,19.RiceResidueFireBulletin_03Oct_2023_ICAR.pdf,Agricultural Burn,CREAMS,1.0
31.42966,74.88158,14:00:48,D,2023-10-03,19.RiceResidueFireBulletin_03Oct_2023_ICAR.pdf,Agricultural Burn,CREAMS,1.0
31.48237,74.86456,14:00:48,D,2023-10-03,19.RiceResidueFireBulletin_03Oct_2023_ICAR.pdf,Agricultural Burn,CREAMS,1.0
31.50818,75.04045,14:00:48,D,2023-10-03,19.RiceResidueFireBulletin_03Oct_2023_ICAR.pdf,Agricultural Burn,CREAMS,1.0
30.25471,76.81977,14:00:48,D,2023-10-03,19.RiceResidueFireBulletin_03Oct_2023_ICAR.pdf,Agricultural Burn,CREAMS,1.0
30.28174,76.84291,14:00:48,D,2023-10-03,19.RiceResidueFireBulletin_03Oct_2023_ICAR.pdf,Agricultural Burn,CREAMS,1.0
30.44606,77.14429,14:00:48,D,2023-10-03,19.RiceResidueFireBulletin_03Oct_2023_ICAR.pdf,Agricultural Burn,CREAMS,1.0
30.27224,76.90945,14:00:48,D,2023-10-03,19.RiceResidueFireBulletin_03Oct_2023_ICAR.pdf,Agricultural Burn,CREAMS,1.0
30.48989,76.92888,14:00:48,D,2023-10-03,19.RiceResidueFireBulletin_03Oct_2023_ICAR.pdf,Agricultural Burn,CREAMS,1.0
29.44063,75.94199,14:00:48,D,2023-10-03,19.RiceResidueFireBulletin_03Oct_2023_ICAR.pdf,Agricultural Burn,CREAMS,1.0
30.13,76.857,13:41:45,D,2023-10-03,19.RiceResidueFireBulletin_03Oct_2023_ICAR.pdf,Agricultural Burn,CREAMS,1.0
29.91126,76.74465,14:00:48,D,2023-10-03,19.RiceResidueFireBulletin_03Oct_2023_ICAR.pdf,Agricultural Burn,CREAMS,1.0
30.01182,76.86866,14:00:48,D,2023-10-03,19.RiceResidueFireBulletin_03Oct_2023_ICAR.pdf,Agricultural Burn,CREAMS,1.0
30.0126,76.86872,14:00:48,D,2023-10-03,19.RiceResidueFireBulletin_03Oct_2023_ICAR.pdf,Agricultural Burn,CREAMS,1.0
27.93367,77.42338,14:00:48,D,2023-10-03,19.RiceResidueFireBulletin_03Oct_2023_ICAR.pdf,Agricultural Burn,CREAMS,1.0
29.109,76.859,13:41:45,D,2023-10-03,19.RiceResidueFireBulletin_03Oct_2023_ICAR.pdf,Agricultural Burn,CREAMS,1.0
30.41047,77.31491,14:00:48,D,2023-10-03,19.RiceResidueFireBulletin_03Oct_2023_ICAR.pdf,Agricultural Burn,CREAMS,1.0
30.31,77.2,13:41:45,D,2023-10-03,19.RiceResidueFireBulletin_03Oct_2023_ICAR.pdf,Agricultural Burn,CREAMS,1.0
30.039,77.118,13:41:45,D,2023-10-03,19.RiceResidueFireBulletin_03Oct_2023_ICAR.pdf,Agricultural Burn,CREAMS,1.0
30.048,77.115,13:41:45,D,2023-10-03,19.RiceResidueFireBulletin_03Oct_2023_ICAR.pdf,Agricultural Burn,CREAMS,1.0
30.31626,77.19534,14:00:48,D,2023-10-03,19.RiceResidueFireBulletin_03Oct_2023_ICAR.pdf,Agricultural Burn,CREAMS,1.0
27.9728,77.64635,14:00:48,D,2023-10-03,19.RiceResidueFireBulletin_03Oct_2023_ICAR.pdf,Agricultural Burn,CREAMS,1.0
27.99888,77.77295,14:00:48,D,2023-10-03,19.RiceResidueFireBulletin_03Oct_2023_ICAR.pdf,Agricultural Burn,CREAMS,1.0
28.0,77.683,13:41:45,D,2023-10-03,19.RiceResidueFireBulletin_03Oct_2023_ICAR.pdf,Agricultural Burn,CREAMS,1.0
28.777,77.569,13:41:45,D,2023-10-03,19.RiceResidueFireBulletin_03Oct_2023_ICAR.pdf,Agricultural Burn,CREAMS,1.0
27.84757,77.47956,14:00:48,D,2023-10-03,19.RiceResidueFireBulletin_03Oct_2023_ICAR.pdf,Agricultural Burn,CREAMS,1.0
27.84866,77.4815,14:00:48,D,2023-10-03,19.RiceResidueFireBulletin_03Oct_2023_ICAR.pdf,Agricultural Burn,CREAMS,1.0
27.87921,77.50529,12:21:14,D,2023-10-03,19.RiceResidueFireBulletin_03Oct_2023_ICAR.pdf,Agricultural Burn,CREAMS,1.0
27.954,79.789,13:41:45,D,2023-10-03,19.RiceResidueFireBulletin_03Oct_2023_ICAR.pdf,Agricultural Burn,CREAMS,1.0
24.75953,76.3914,14:00:48,D,2023-10-03,19.RiceResidueFireBulletin_03Oct_2023_ICAR.pdf,Agricultural Burn,CREAMS,1.0
25.07287,76.0118,14:00:48,D,2023-10-03,19.RiceResidueFireBulletin_03Oct_2023_ICAR.pdf,Agricultural Burn,CREAMS,1.0
25.43369,76.45927,14:00:48,D,2023-10-03,19.RiceResidueFireBulletin_03Oct_2023_ICAR.pdf,Agricultural Burn,CREAMS,1.0
25.46013,76.44571,14:00:48,D,2023-10-03,19.RiceResidueFireBulletin_03Oct_2023_ICAR.pdf,Agricultural Burn,CREAMS,1.0
25.46524,76.45032,14:00:48,D,2023-10-03,19.RiceResidueFireBulletin_03Oct_2023_ICAR.pdf,Agricultural Burn,CREAMS,1.0
25.82378,78.40822,14:00:48,D,2023-10-03,19.RiceResidueFireBulletin_03Oct_2023_ICAR.pdf,Agricultural Burn,CREAMS,1.0
22.81182,75.21135,14:00:48,D,2023-10-03,19.RiceResidueFireBulletin_03Oct_2023_ICAR.pdf,Agricultural Burn,CREAMS,1.0
25.49087,76.70108,14:00:48,D,2023-10-03,19.RiceResidueFireBulletin_03Oct_2023_ICAR.pdf,Agricultural Burn,CREAMS,1.0
23.2541,75.3307,14:00:48,D,2023-10-03,19.RiceResidueFireBulletin_03Oct_2023_ICAR.pdf,Agricultural Burn,CREAMS,1.0
23.52124,75.71716,14:00:48,D,2023-10-03,19.RiceResidueFireBulletin_03Oct_2023_ICAR.pdf,Agricultural Burn,CREAMS,1.0
31.89082,74.70204,13:41:53,D,2023-10-04,20.RiceResidueFireBulletin_04Oct_2023_ICAR.pdf,Agricultural Burn,CREAMS,1.0
31.94623,74.82642,13:41:53,D,2023-10-04,20.RiceResidueFireBulletin_04Oct_2023_ICAR.pdf,Agricultural Burn,CREAMS,1.0
31.51547,74.61314,13:41:53,D,2023-10-04,20.RiceResidueFireBulletin_04Oct_2023_ICAR.pdf,Agricultural Burn,CREAMS,1.0
31.56842,74.78799,13:41:53,D,2023-10-04,20.RiceResidueFireBulletin_04Oct_2023_ICAR.pdf,Agricultural Burn,CREAMS,1.0
31.57248,74.79186,13:41:53,D,2023-10-04,20.RiceResidueFireBulletin_04Oct_2023_ICAR.pdf,Agricultural Burn,CREAMS,1.0
31.58523,74.78042,13:41:53,D,2023-10-04,20.RiceResidueFireBulletin_04Oct_2023_ICAR.pdf,Agricultural Burn,CREAMS,1.0
31.61075,74.57079,13:41:53,D,2023-10-04,20.RiceResidueFireBulletin_04Oct_2023_ICAR.pdf,Agricultural Burn,CREAMS,1.0
31.73458,74.51912,13:41:53,D,2023-10-04,20.RiceResidueFireBulletin_04Oct_2023_ICAR.pdf,Agricultural Burn,CREAMS,1.0
31.78506,74.85374,13:41:53,D,2023-10-04,20.RiceResidueFireBulletin_04Oct_2023_ICAR.pdf,Agricultural Burn,CREAMS,1.0
31.54856,75.05338,13:41:53,D,2023-10-04,20.RiceResidueFireBulletin_04Oct_2023_ICAR.pdf,Agricultural Burn,CREAMS,1.0
31.56493,75.04116,13:41:53,D,2023-10-04,20.RiceResidueFireBulletin_04Oct_2023_ICAR.pdf,Agricultural Burn,CREAMS,1.0
31.56857,75.09677,13:41:53,D,2023-10-04,20.RiceResidueFireBulletin_04Oct_2023_ICAR.pdf,Agricultural Burn,CREAMS,1.0
31.57494,75.06281,13:41:53,D,2023-10-04,20.RiceResidueFireBulletin_04Oct_2023_ICAR.pdf,Agricultural Burn,CREAMS,1.0
31.60457,74.98514,13:41:53,D,2023-10-04,20.RiceResidueFireBulletin_04Oct_2023_ICAR.pdf,Agricultural Burn,CREAMS,1.0
31.62449,75.05649,13:41:53,D,2023-10-04,20.RiceResidueFireBulletin_04Oct_2023_ICAR.pdf,Agricultural Burn,CREAMS,1.0
31.6,75.091,14:23:08,D,2023-10-04,20.RiceResidueFireBulletin_04Oct_2023_ICAR.pdf,Agricultural Burn,CREAMS,1.0
31.68345,74.98658,13:41:53,D,2023-10-04,20.RiceResidueFireBulletin_04Oct_2023_ICAR.pdf,Agricultural Burn,CREAMS,1.0
31.69159,75.0508,13:41:53,D,2023-10-04,20.RiceResidueFireBulletin_04Oct_2023_ICAR.pdf,Agricultural Burn,CREAMS,1.0
31.69569,75.05478,13:41:53,D,2023-10-04,20.RiceResidueFireBulletin_04Oct_2023_ICAR.pdf,Agricultural Burn,CREAMS,1.0
31.71503,75.03728,13:41:53,D,2023-10-04,20.RiceResidueFireBulletin_04Oct_2023_ICAR.pdf,Agricultural Burn,CREAMS,1.0
31.72849,75.00207,13:41:53,D,2023-10-04,20.RiceResidueFireBulletin_04Oct_2023_ICAR.pdf,Agricultural Burn,CREAMS,1.0
31.72898,74.92256,13:41:53,D,2023-10-04,20.RiceResidueFireBulletin_04Oct_2023_ICAR.pdf,Agricultural Burn,CREAMS,1.0
31.72911,75.06303,13:41:53,D,2023-10-04,20.RiceResidueFireBulletin_04Oct_2023_ICAR.pdf,Agricultural Burn,CREAMS,1.0
31.7313,74.91283,13:41:53,D,2023-10-04,20.RiceResidueFireBulletin_04Oct_2023_ICAR.pdf,Agricultural Burn,CREAMS,1.0
31.73547,74.97276,13:41:53,D,2023-10-04,20.RiceResidueFireBulletin_04Oct_2023_ICAR.pdf,Agricultural Burn,CREAMS,1.0
31.74481,74.96176,13:41:53,D,2023-10-04,20.RiceResidueFireBulletin_04Oct_2023_ICAR.pdf,Agricultural Burn,CREAMS,1.0
31.78024,75.09656,13:41:53,D,2023-10-04,20.RiceResidueFireBulletin_04Oct_2023_ICAR.pdf,Agricultural Burn,CREAMS,1.0
31.78327,74.95191,13:41:53,D,2023-10-04,20.RiceResidueFireBulletin_04Oct_2023_ICAR.pdf,Agricultural Burn,CREAMS,1.0
31.78534,75.02496,13:41:53,D,2023-10-04,20.RiceResidueFireBulletin_04Oct_2023_ICAR.pdf,Agricultural Burn,CREAMS,1.0
31.78628,74.94979,13:41:53,D,2023-10-04,20.RiceResidueFireBulletin_04Oct_2023_ICAR.pdf,Agricultural Burn,CREAMS,1.0
31.78678,74.95129,13:41:53,D,2023-10-04,20.RiceResidueFireBulletin_04Oct_2023_ICAR.pdf,Agricultural Burn,CREAMS,1.0
31.79349,75.00474,13:41:53,D,2023-10-04,20.RiceResidueFireBulletin_04Oct_2023_ICAR.pdf,Agricultural Burn,CREAMS,1.0
31.79376,75.00632,13:41:53,D,2023-10-04,20.RiceResidueFireBulletin_04Oct_2023_ICAR.pdf,Agricultural Burn,CREAMS,1.0
31.79725,75.03393,13:41:53,D,2023-10-04,20.RiceResidueFireBulletin_04Oct_2023_ICAR.pdf,Agricultural Burn,CREAMS,1.0
31.82361,74.95885,13:41:53,D,2023-10-04,20.RiceResidueFireBulletin_04Oct_2023_ICAR.pdf,Agricultural Burn,CREAMS,1.0
31.753,75.039,14:23:08,D,2023-10-04,20.RiceResidueFireBulletin_04Oct_2023_ICAR.pdf,Agricultural Burn,CREAMS,1.0
31.56342,75.16831,13:41:53,D,2023-10-04,20.RiceResidueFireBulletin_04Oct_2023_ICAR.pdf,Agricultural Burn,CREAMS,1.0
31.6054,75.24163,13:41:53,D,2023-10-04,20.RiceResidueFireBulletin_04Oct_2023_ICAR.pdf,Agricultural Burn,CREAMS,1.0
31.65514,75.21172,13:41:53,D,2023-10-04,20.RiceResidueFireBulletin_04Oct_2023_ICAR.pdf,Agricultural Burn,CREAMS,1.0
31.56695,75.16771,13:41:53,D,2023-10-04,20.RiceResidueFireBulletin_04Oct_2023_ICAR.pdf,Agricultural Burn,CREAMS,1.0
31.56744,75.11576,13:41:53,D,2023-10-04,20.RiceResidueFireBulletin_04Oct_2023_ICAR.pdf,Agricultural Burn,CREAMS,1.0
31.58511,75.14095,13:41:53,D,2023-10-04,20.RiceResidueFireBulletin_04Oct_2023_ICAR.pdf,Agricultural Burn,CREAMS,1.0
31.62508,75.06107,13:41:53,D,2023-10-04,20.RiceResidueFireBulletin_04Oct_2023_ICAR.pdf,Agricultural Burn,CREAMS,1.0
31.63445,75.05005,13:41:53,D,2023-10-04,20.RiceResidueFireBulletin_04Oct_2023_ICAR.pdf,Agricultural Burn,CREAMS,1.0
31.64791,75.043,13:41:53,D,2023-10-04,20.RiceResidueFireBulletin_04Oct_2023_ICAR.pdf,Agricultural Burn,CREAMS,1.0
31.68985,75.17246,13:41:53,D,2023-10-04,20.RiceResidueFireBulletin_04Oct_2023_ICAR.pdf,Agricultural Burn,CREAMS,1.0
31.71383,74.94388,13:41:53,D,2023-10-04,20.RiceResidueFireBulletin_04Oct_2023_ICAR.pdf,Agricultural Burn,CREAMS,1.0
31.71613,74.9062,13:41:53,D,2023-10-04,20.RiceResidueFireBulletin_04Oct_2023_ICAR.pdf,Agricultural Burn,CREAMS,1.0
30.23832,75.62871,13:41:53,D,2023-10-04,20.RiceResidueFireBulletin_04Oct_2023_ICAR.pdf,Agricultural Burn,CREAMS,1.0
30.43231,74.83892,13:41:53,D,2023-10-04,20.RiceResidueFireBulletin_04Oct_2023_ICAR.pdf,Agricultural Burn,CREAMS,1.0
30.9753,74.55201,13:41:53,D,2023-10-04,20.RiceResidueFireBulletin_04Oct_2023_ICAR.pdf,Agricultural Burn,CREAMS,1.0
30.97765,74.55321,13:41:53,D,2023-10-04,20.RiceResidueFireBulletin_04Oct_2023_ICAR.pdf,Agricultural Burn,CREAMS,1.0
31.12759,74.96428,13:41:53,D,2023-10-04,20.RiceResidueFireBulletin_04Oct_2023_ICAR.pdf,Agricultural Burn,CREAMS,1.0
31.24062,76.0804,13:41:53,D,2023-10-04,20.RiceResidueFireBulletin_04Oct_2023_ICAR.pdf,Agricultural Burn,CREAMS,1.0
31.05717,75.21983,13:41:53,D,2023-10-04,20.RiceResidueFireBulletin_04Oct_2023_ICAR.pdf,Agricultural Burn,CREAMS,1.0
31.36911,75.30308,13:41:53,D,2023-10-04,20.RiceResidueFireBulletin_04Oct_2023_ICAR.pdf,Agricultural Burn,CREAMS,1.0
31.51546,75.49088,13:41:53,D,2023-10-04,20.RiceResidueFireBulletin_04Oct_2023_ICAR.pdf,Agricultural Burn,CREAMS,1.0
31.24024,75.24825,13:41:53,D,2023-10-04,20.RiceResidueFireBulletin_04Oct_2023_ICAR.pdf,Agricultural Burn,CREAMS,1.0
31.28088,75.14873,13:41:53,D,2023-10-04,20.RiceResidueFireBulletin_04Oct_2023_ICAR.pdf,Agricultural Burn,CREAMS,1.0
31.32604,75.24896,13:41:53,D,2023-10-04,20.RiceResidueFireBulletin_04Oct_2023_ICAR.pdf,Agricultural Burn,CREAMS,1.0
31.33193,75.2385,13:41:53,D,2023-10-04,20.RiceResidueFireBulletin_04Oct_2023_ICAR.pdf,Agricultural Burn,CREAMS,1.0
31.35018,75.24007,13:41:53,D,2023-10-04,20.RiceResidueFireBulletin_04Oct_2023_ICAR.pdf,Agricultural Burn,CREAMS,1.0
30.8393,76.28334,13:41:53,D,2023-10-04,20.RiceResidueFireBulletin_04Oct_2023_ICAR.pdf,Agricultural Burn,CREAMS,1.0
30.84298,76.28275,13:41:53,D,2023-10-04,20.RiceResidueFireBulletin_04Oct_2023_ICAR.pdf,Agricultural Burn,CREAMS,1.0
30.39598,76.1698,13:41:53,D,2023-10-04,20.RiceResidueFireBulletin_04Oct_2023_ICAR.pdf,Agricultural Burn,CREAMS,1.0
30.4775,76.13872,13:41:53,D,2023-10-04,20.RiceResidueFireBulletin_04Oct_2023_ICAR.pdf,Agricultural Burn,CREAMS,1.0
30.35199,76.29697,13:41:53,D,2023-10-04,20.RiceResidueFireBulletin_04Oct_2023_ICAR.pdf,Agricultural Burn,CREAMS,1.0
29.95677,76.03738,13:41:53,D,2023-10-04,20.RiceResidueFireBulletin_04Oct_2023_ICAR.pdf,Agricultural Burn,CREAMS,1.0
29.98076,76.02373,13:41:53,D,2023-10-04,20.RiceResidueFireBulletin_04Oct_2023_ICAR.pdf,Agricultural Burn,CREAMS,1.0
30.5742,76.68577,13:41:53,D,2023-10-04,20.RiceResidueFireBulletin_04Oct_2023_ICAR.pdf,Agricultural Burn,CREAMS,1.0
30.14786,76.14143,13:41:53,D,2023-10-04,20.RiceResidueFireBulletin_04Oct_2023_ICAR.pdf,Agricultural Burn,CREAMS,1.0
30.14636,76.28033,13:41:53,D,2023-10-04,20.RiceResidueFireBulletin_04Oct_2023_ICAR.pdf,Agricultural Burn,CREAMS,1.0
30.42378,76.58153,13:41:53,D,2023-10-04,20.RiceResidueFireBulletin_04Oct_2023_ICAR.pdf,Agricultural Burn,CREAMS,1.0
30.39675,76.89957,13:41:53,D,2023-10-04,20.RiceResidueFireBulletin_04Oct_2023_ICAR.pdf,Agricultural Burn,CREAMS,1.0
30.60927,76.81827,13:41:53,D,2023-10-04,20.RiceResidueFireBulletin_04Oct_2023_ICAR.pdf,Agricultural Burn,CREAMS,1.0
31.05789,76.22185,13:41:53,D,2023-10-04,20.RiceResidueFireBulletin_04Oct_2023_ICAR.pdf,Agricultural Burn,CREAMS,1.0
31.37753,75.11781,13:41:53,D,2023-10-04,20.RiceResidueFireBulletin_04Oct_2023_ICAR.pdf,Agricultural Burn,CREAMS,1.0
31.40001,75.04084,13:41:53,D,2023-10-04,20.RiceResidueFireBulletin_04Oct_2023_ICAR.pdf,Agricultural Burn,CREAMS,1.0
31.40352,75.04022,13:41:53,D,2023-10-04,20.RiceResidueFireBulletin_04Oct_2023_ICAR.pdf,Agricultural Burn,CREAMS,1.0
31.41699,75.08916,13:41:53,D,2023-10-04,20.RiceResidueFireBulletin_04Oct_2023_ICAR.pdf,Agricultural Burn,CREAMS,1.0
31.41878,75.15916,13:41:53,D,2023-10-04,20.RiceResidueFireBulletin_04Oct_2023_ICAR.pdf,Agricultural Burn,CREAMS,1.0
31.42986,75.07758,13:41:53,D,2023-10-04,20.RiceResidueFireBulletin_04Oct_2023_ICAR.pdf,Agricultural Burn,CREAMS,1.0
31.4929,75.15229,13:41:53,D,2023-10-04,20.RiceResidueFireBulletin_04Oct_2023_ICAR.pdf,Agricultural Burn,CREAMS,1.0
31.50114,75.10384,13:41:53,D,2023-10-04,20.RiceResidueFireBulletin_04Oct_2023_ICAR.pdf,Agricultural Burn,CREAMS,1.0
31.50116,75.07572,13:41:53,D,2023-10-04,20.RiceResidueFireBulletin_04Oct_2023_ICAR.pdf,Agricultural Burn,CREAMS,1.0
31.50174,75.0803,13:41:53,D,2023-10-04,20.RiceResidueFireBulletin_04Oct_2023_ICAR.pdf,Agricultural Burn,CREAMS,1.0
31.508,75.092,14:23:08,D,2023-10-04,20.RiceResidueFireBulletin_04Oct_2023_ICAR.pdf,Agricultural Burn,CREAMS,1.0
31.3656,74.83002,13:41:53,D,2023-10-04,20.RiceResidueFireBulletin_04Oct_2023_ICAR.pdf,Agricultural Burn,CREAMS,1.0
31.45747,74.79187,13:41:53,D,2023-10-04,20.RiceResidueFireBulletin_04Oct_2023_ICAR.pdf,Agricultural Burn,CREAMS,1.0
31.4865,74.85094,13:41:53,D,2023-10-04,20.RiceResidueFireBulletin_04Oct_2023_ICAR.pdf,Agricultural Burn,CREAMS,1.0
31.51446,74.90131,13:41:53,D,2023-10-04,20.RiceResidueFireBulletin_04Oct_2023_ICAR.pdf,Agricultural Burn,CREAMS,1.0
31.51913,74.90972,13:41:53,D,2023-10-04,20.RiceResidueFireBulletin_04Oct_2023_ICAR.pdf,Agricultural Burn,CREAMS,1.0
31.52203,74.90459,13:41:53,D,2023-10-04,20.RiceResidueFireBulletin_04Oct_2023_ICAR.pdf,Agricultural Burn,CREAMS,1.0
31.52262,74.90911,13:41:53,D,2023-10-04,20.RiceResidueFireBulletin_04Oct_2023_ICAR.pdf,Agricultural Burn,CREAMS,1.0
31.525,75.046,14:23:08,D,2023-10-04,20.RiceResidueFireBulletin_04Oct_2023_ICAR.pdf,Agricultural Burn,CREAMS,1.0
30.27383,76.83521,13:41:53,D,2023-10-04,20.RiceResidueFireBulletin_04Oct_2023_ICAR.pdf,Agricultural Burn,CREAMS,1.0
30.28197,76.83924,13:41:53,D,2023-10-04,20.RiceResidueFireBulletin_04Oct_2023_ICAR.pdf,Agricultural Burn,CREAMS,1.0
30.2826,76.84445,13:41:53,D,2023-10-04,20.RiceResidueFireBulletin_04Oct_2023_ICAR.pdf,Agricultural Burn,CREAMS,1.0
30.29699,76.83691,13:41:53,D,2023-10-04,20.RiceResidueFireBulletin_04Oct_2023_ICAR.pdf,Agricultural Burn,CREAMS,1.0
30.29717,76.83521,13:41:53,D,2023-10-04,20.RiceResidueFireBulletin_04Oct_2023_ICAR.pdf,Agricultural Burn,CREAMS,1.0
30.20637,76.97907,13:41:53,D,2023-10-04,20.RiceResidueFireBulletin_04Oct_2023_ICAR.pdf,Agricultural Burn,CREAMS,1.0
30.20744,76.98164,13:41:53,D,2023-10-04,20.RiceResidueFireBulletin_04Oct_2023_ICAR.pdf,Agricultural Burn,CREAMS,1.0
30.21183,77.0267,13:41:53,D,2023-10-04,20.RiceResidueFireBulletin_04Oct_2023_ICAR.pdf,Agricultural Burn,CREAMS,1.0
30.40178,77.1046,13:41:53,D,2023-10-04,20.RiceResidueFireBulletin_04Oct_2023_ICAR.pdf,Agricultural Burn,CREAMS,1.0
30.48455,76.93142,13:41:53,D,2023-10-04,20.RiceResidueFireBulletin_04Oct_2023_ICAR.pdf,Agricultural Burn,CREAMS,1.0
29.49774,75.50846,13:41:53,D,2023-10-04,20.RiceResidueFireBulletin_04Oct_2023_ICAR.pdf,Agricultural Burn,CREAMS,1.0
29.66374,75.43551,13:41:53,D,2023-10-04,20.RiceResidueFireBulletin_04Oct_2023_ICAR.pdf,Agricultural Burn,CREAMS,1.0
29.58011,75.89835,13:41:53,D,2023-10-04,20.RiceResidueFireBulletin_04Oct_2023_ICAR.pdf,Agricultural Burn,CREAMS,1.0
29.65554,75.93445,13:41:53,D,2023-10-04,20.RiceResidueFireBulletin_04Oct_2023_ICAR.pdf,Agricultural Burn,CREAMS,1.0
29.45564,75.79552,13:41:53,D,2023-10-04,20.RiceResidueFireBulletin_04Oct_2023_ICAR.pdf,Agricultural Burn,CREAMS,1.0
29.50528,75.81525,13:41:53,D,2023-10-04,20.RiceResidueFireBulletin_04Oct_2023_ICAR.pdf,Agricultural Burn,CREAMS,1.0
29.559,76.02055,13:41:53,D,2023-10-04,20.RiceResidueFireBulletin_04Oct_2023_ICAR.pdf,Agricultural Burn,CREAMS,1.0
29.73955,76.0786,13:41:53,D,2023-10-04,20.RiceResidueFireBulletin_04Oct_2023_ICAR.pdf,Agricultural Burn,CREAMS,1.0
29.41788,76.65297,13:41:53,D,2023-10-04,20.RiceResidueFireBulletin_04Oct_2023_ICAR.pdf,Agricultural Burn,CREAMS,1.0
29.47232,76.07134,13:41:53,D,2023-10-04,20.RiceResidueFireBulletin_04Oct_2023_ICAR.pdf,Agricultural Burn,CREAMS,1.0
29.78274,76.60632,13:41:53,D,2023-10-04,20.RiceResidueFireBulletin_04Oct_2023_ICAR.pdf,Agricultural Burn,CREAMS,1.0
29.59433,76.36714,13:41:53,D,2023-10-04,20.RiceResidueFireBulletin_04Oct_2023_ICAR.pdf,Agricultural Burn,CREAMS,1.0
30.06509,76.97932,13:41:53,D,2023-10-04,20.RiceResidueFireBulletin_04Oct_2023_ICAR.pdf,Agricultural Burn,CREAMS,1.0
30.08,76.75535,13:41:53,D,2023-10-04,20.RiceResidueFireBulletin_04Oct_2023_ICAR.pdf,Agricultural Burn,CREAMS,1.0
30.08134,76.75781,13:41:53,D,2023-10-04,20.RiceResidueFireBulletin_04Oct_2023_ICAR.pdf,Agricultural Burn,CREAMS,1.0
30.18378,76.68668,13:41:53,D,2023-10-04,20.RiceResidueFireBulletin_04Oct_2023_ICAR.pdf,Agricultural Burn,CREAMS,1.0
29.17249,77.07388,13:41:53,D,2023-10-04,20.RiceResidueFireBulletin_04Oct_2023_ICAR.pdf,Agricultural Burn,CREAMS,1.0
28.95867,76.79919,13:41:53,D,2023-10-04,20.RiceResidueFireBulletin_04Oct_2023_ICAR.pdf,Agricultural Burn,CREAMS,1.0
29.15307,76.60239,13:41:53,D,2023-10-04,20.RiceResidueFireBulletin_04Oct_2023_ICAR.pdf,Agricultural Burn,CREAMS,1.0
28.12698,77.81599,13:41:53,D,2023-10-04,20.RiceResidueFireBulletin_04Oct_2023_ICAR.pdf,Agricultural Burn,CREAMS,1.0
28.69369,78.4011,13:41:53,D,2023-10-04,20.RiceResidueFireBulletin_04Oct_2023_ICAR.pdf,Agricultural Burn,CREAMS,1.0
27.16222,78.9415,13:41:53,D,2023-10-04,20.RiceResidueFireBulletin_04Oct_2023_ICAR.pdf,Agricultural Burn,CREAMS,1.0
27.58815,77.47665,13:41:53,D,2023-10-04,20.RiceResidueFireBulletin_04Oct_2023_ICAR.pdf,Agricultural Burn,CREAMS,1.0
27.59191,77.47609,13:41:53,D,2023-10-04,20.RiceResidueFireBulletin_04Oct_2023_ICAR.pdf,Agricultural Burn,CREAMS,1.0
27.65078,77.45497,13:41:53,D,2023-10-04,20.RiceResidueFireBulletin_04Oct_2023_ICAR.pdf,Agricultural Burn,CREAMS,1.0
28.97956,77.77112,13:41:53,D,2023-10-04,20.RiceResidueFireBulletin_04Oct_2023_ICAR.pdf,Agricultural Burn,CREAMS,1.0
28.98345,77.77054,13:41:53,D,2023-10-04,20.RiceResidueFireBulletin_04Oct_2023_ICAR.pdf,Agricultural Burn,CREAMS,1.0
28.21964,80.0699,13:41:53,D,2023-10-04,20.RiceResidueFireBulletin_04Oct_2023_ICAR.pdf,Agricultural Burn,CREAMS,1.0
23.15682,77.23916,13:41:53,D,2023-10-04,20.RiceResidueFireBulletin_04Oct_2023_ICAR.pdf,Agricultural Burn,CREAMS,1.0
23.21033,77.28822,13:41:53,D,2023-10-04,20.RiceResidueFireBulletin_04Oct_2023_ICAR.pdf,Agricultural Burn,CREAMS,1.0
24.03086,79.51764,13:41:53,D,2023-10-04,20.RiceResidueFireBulletin_04Oct_2023_ICAR.pdf,Agricultural Burn,CREAMS,1.0
22.99826,75.26308,13:41:53,D,2023-10-04,20.RiceResidueFireBulletin_04Oct_2023_ICAR.pdf,Agricultural Burn,CREAMS,1.0
22.63556,75.34398,13:41:53,D,2023-10-04,20.RiceResidueFireBulletin_04Oct_2023_ICAR.pdf,Agricultural Burn,CREAMS,1.0
22.65062,75.1753,13:41:53,D,2023-10-04,20.RiceResidueFireBulletin_04Oct_2023_ICAR.pdf,Agricultural Burn,CREAMS,1.0
25.03274,76.95322,13:41:53,D,2023-10-04,20.RiceResidueFireBulletin_04Oct_2023_ICAR.pdf,Agricultural Burn,CREAMS,1.0
26.26769,78.16148,13:41:53,D,2023-10-04,20.RiceResidueFireBulletin_04Oct_2023_ICAR.pdf,Agricultural Burn,CREAMS,1.0
26.27019,78.16288,13:41:53,D,2023-10-04,20.RiceResidueFireBulletin_04Oct_2023_ICAR.pdf,Agricultural Burn,CREAMS,1.0
22.16329,77.00533,13:41:53,D,2023-10-04,20.RiceResidueFireBulletin_04Oct_2023_ICAR.pdf,Agricultural Burn,CREAMS,1.0
26.37083,77.70495,13:41:53,D,2023-10-04,20.RiceResidueFireBulletin_04Oct_2023_ICAR.pdf,Agricultural Burn,CREAMS,1.0
23.87801,77.77128,13:41:53,D,2023-10-04,20.RiceResidueFireBulletin_04Oct_2023_ICAR.pdf,Agricultural Burn,CREAMS,1.0
25.11435,76.27493,13:41:53,D,2023-10-04,20.RiceResidueFireBulletin_04Oct_2023_ICAR.pdf,Agricultural Burn,CREAMS,1.0
25.25196,76.31334,13:41:53,D,2023-10-04,20.RiceResidueFireBulletin_04Oct_2023_ICAR.pdf,Agricultural Burn,CREAMS,1.0
24.75679,76.60941,13:41:53,D,2023-10-04,20.RiceResidueFireBulletin_04Oct_2023_ICAR.pdf,Agricultural Burn,CREAMS,1.0
24.87832,76.93121,13:41:53,D,2023-10-04,20.RiceResidueFireBulletin_04Oct_2023_ICAR.pdf,Agricultural Burn,CREAMS,1.0
25.25123,76.38696,13:41:53,D,2023-10-04,20.RiceResidueFireBulletin_04Oct_2023_ICAR.pdf,Agricultural Burn,CREAMS,1.0
25.33487,76.3917,13:41:53,D,2023-10-04,20.RiceResidueFireBulletin_04Oct_2023_ICAR.pdf,Agricultural Burn,CREAMS,1.0
25.34584,76.42039,13:41:53,D,2023-10-04,20.RiceResidueFireBulletin_04Oct_2023_ICAR.pdf,Agricultural Burn,CREAMS,1.0
25.35468,76.37982,13:41:53,D,2023-10-04,20.RiceResidueFireBulletin_04Oct_2023_ICAR.pdf,Agricultural Burn,CREAMS,1.0
25.39938,76.47301,13:41:53,D,2023-10-04,20.RiceResidueFireBulletin_04Oct_2023_ICAR.pdf,Agricultural Burn,CREAMS,1.0
29.91043,74.15308,13:41:53,D,2023-10-04,20.RiceResidueFireBulletin_04Oct_2023_ICAR.pdf,Agricultural Burn,CREAMS,1.0
29.95249,74.25571,13:41:53,D,2023-10-04,20.RiceResidueFireBulletin_04Oct_2023_ICAR.pdf,Agricultural Burn,CREAMS,1.0
29.56231,74.33691,02:31:53,N,2023-10-04,20.RiceResidueFireBulletin_04Oct_2023_ICAR.pdf,Agricultural Burn,CREAMS,1.0
29.47395,74.00018,13:41:53,D,2023-10-04,20.RiceResidueFireBulletin_04Oct_2023_ICAR.pdf,Agricultural Burn,CREAMS,1.0
29.45332,74.49609,13:41:53,D,2023-10-04,20.RiceResidueFireBulletin_04Oct_2023_ICAR.pdf,Agricultural Burn,CREAMS,1.0
29.62539,74.53098,13:41:53,D,2023-10-04,20.RiceResidueFireBulletin_04Oct_2023_ICAR.pdf,Agricultural Burn,CREAMS,1.0
24.75827,76.38475,13:41:53,D,2023-10-04,20.RiceResidueFireBulletin_04Oct_2023_ICAR.pdf,Agricultural Burn,CREAMS,1.0
24.8364,76.40269,13:41:53,D,2023-10-04,20.RiceResidueFireBulletin_04Oct_2023_ICAR.pdf,Agricultural Burn,CREAMS,1.0
25.40056,76.26469,13:41:53,D,2023-10-04,20.RiceResidueFireBulletin_04Oct_2023_ICAR.pdf,Agricultural Burn,CREAMS,1.0
25.45804,76.45546,13:41:53,D,2023-10-04,20.RiceResidueFireBulletin_04Oct_2023_ICAR.pdf,Agricultural Burn,CREAMS,1.0
25.4639,76.44574,13:41:53,D,2023-10-04,20.RiceResidueFireBulletin_04Oct_2023_ICAR.pdf,Agricultural Burn,CREAMS,1.0
24.86192,76.38144,13:41:53,D,2023-10-04,20.RiceResidueFireBulletin_04Oct_2023_ICAR.pdf,Agricultural Burn,CREAMS,1.0
24.91968,76.37723,13:41:53,D,2023-10-04,20.RiceResidueFireBulletin_04Oct_2023_ICAR.pdf,Agricultural Burn,CREAMS,1.0
31.83191,74.82275,13:22:58,D,2023-10-05,21.RiceResidueFireBulletin_05Oct_2023_ICAR.pdf,Agricultural Burn,CREAMS,1.0
31.91357,74.74287,13:22:58,D,2023-10-05,21.RiceResidueFireBulletin_05Oct_2023_ICAR.pdf,Agricultural Burn,CREAMS,1.0
31.9319,74.74749,13:22:58,D,2023-10-05,21.RiceResidueFireBulletin_05Oct_2023_ICAR.pdf,Agricultural Burn,CREAMS,1.0
31.52347,74.62011,13:22:58,D,2023-10-05,21.RiceResidueFireBulletin_05Oct_2023_ICAR.pdf,Agricultural Burn,CREAMS,1.0
31.54977,74.8366,13:22:58,D,2023-10-05,21.RiceResidueFireBulletin_05Oct_2023_ICAR.pdf,Agricultural Burn,CREAMS,1.0
31.58009,74.89146,13:22:58,D,2023-10-05,21.RiceResidueFireBulletin_05Oct_2023_ICAR.pdf,Agricultural Burn,CREAMS,1.0
31.61801,74.65818,13:22:58,D,2023-10-05,21.RiceResidueFireBulletin_05Oct_2023_ICAR.pdf,Agricultural Burn,CREAMS,1.0
31.66674,74.63349,13:22:58,D,2023-10-05,21.RiceResidueFireBulletin_05Oct_2023_ICAR.pdf,Agricultural Burn,CREAMS,1.0
31.54074,75.097,13:22:58,D,2023-10-05,21.RiceResidueFireBulletin_05Oct_2023_ICAR.pdf,Agricultural Burn,CREAMS,1.0
31.56334,75.04385,13:22:58,D,2023-10-05,21.RiceResidueFireBulletin_05Oct_2023_ICAR.pdf,Agricultural Burn,CREAMS,1.0
31.57563,75.076,13:22:58,D,2023-10-05,21.RiceResidueFireBulletin_05Oct_2023_ICAR.pdf,Agricultural Burn,CREAMS,1.0
31.5762,75.07647,13:22:58,D,2023-10-05,21.RiceResidueFireBulletin_05Oct_2023_ICAR.pdf,Agricultural Burn,CREAMS,1.0
31.57712,75.10617,13:22:58,D,2023-10-05,21.RiceResidueFireBulletin_05Oct_2023_ICAR.pdf,Agricultural Burn,CREAMS,1.0
31.57956,75.07572,13:22:58,D,2023-10-05,21.RiceResidueFireBulletin_05Oct_2023_ICAR.pdf,Agricultural Burn,CREAMS,1.0
31.59707,75.07611,13:22:58,D,2023-10-05,21.RiceResidueFireBulletin_05Oct_2023_ICAR.pdf,Agricultural Burn,CREAMS,1.0
31.65325,75.01527,13:22:58,D,2023-10-05,21.RiceResidueFireBulletin_05Oct_2023_ICAR.pdf,Agricultural Burn,CREAMS,1.0
31.57,75.097,13:27:07,D,2023-10-05,21.RiceResidueFireBulletin_05Oct_2023_ICAR.pdf,Agricultural Burn,CREAMS,1.0
31.71667,74.97178,13:22:58,D,2023-10-05,21.RiceResidueFireBulletin_05Oct_2023_ICAR.pdf,Agricultural Burn,CREAMS,1.0
31.72932,75.04765,13:22:58,D,2023-10-05,21.RiceResidueFireBulletin_05Oct_2023_ICAR.pdf,Agricultural Burn,CREAMS,1.0
31.73782,75.11982,13:22:58,D,2023-10-05,21.RiceResidueFireBulletin_05Oct_2023_ICAR.pdf,Agricultural Burn,CREAMS,1.0
31.76258,75.10115,13:22:58,D,2023-10-05,21.RiceResidueFireBulletin_05Oct_2023_ICAR.pdf,Agricultural Burn,CREAMS,1.0
31.77714,74.97609,13:22:58,D,2023-10-05,21.RiceResidueFireBulletin_05Oct_2023_ICAR.pdf,Agricultural Burn,CREAMS,1.0
31.79255,74.96382,13:22:58,D,2023-10-05,21.RiceResidueFireBulletin_05Oct_2023_ICAR.pdf,Agricultural Burn,CREAMS,1.0
31.80741,74.96918,13:22:58,D,2023-10-05,21.RiceResidueFireBulletin_05Oct_2023_ICAR.pdf,Agricultural Burn,CREAMS,1.0
31.50662,75.24799,13:22:58,D,2023-10-05,21.RiceResidueFireBulletin_05Oct_2023_ICAR.pdf,Agricultural Burn,CREAMS,1.0
31.53924,75.19301,13:22:58,D,2023-10-05,21.RiceResidueFireBulletin_05Oct_2023_ICAR.pdf,Agricultural Burn,CREAMS,1.0
31.55078,75.22074,13:22:58,D,2023-10-05,21.RiceResidueFireBulletin_05Oct_2023_ICAR.pdf,Agricultural Burn,CREAMS,1.0
31.55146,75.22492,13:22:58,D,2023-10-05,21.RiceResidueFireBulletin_05Oct_2023_ICAR.pdf,Agricultural Burn,CREAMS,1.0
31.55774,75.28404,13:22:58,D,2023-10-05,21.RiceResidueFireBulletin_05Oct_2023_ICAR.pdf,Agricultural Burn,CREAMS,1.0
31.59468,75.3189,13:22:58,D,2023-10-05,21.RiceResidueFireBulletin_05Oct_2023_ICAR.pdf,Agricultural Burn,CREAMS,1.0
31.6018,75.23522,13:22:58,D,2023-10-05,21.RiceResidueFireBulletin_05Oct_2023_ICAR.pdf,Agricultural Burn,CREAMS,1.0
31.62413,75.21778,13:22:58,D,2023-10-05,21.RiceResidueFireBulletin_05Oct_2023_ICAR.pdf,Agricultural Burn,CREAMS,1.0
31.6332,75.29354,13:22:58,D,2023-10-05,21.RiceResidueFireBulletin_05Oct_2023_ICAR.pdf,Agricultural Burn,CREAMS,1.0
31.626,75.293,13:27:07,D,2023-10-05,21.RiceResidueFireBulletin_05Oct_2023_ICAR.pdf,Agricultural Burn,CREAMS,1.0
31.57268,75.16374,13:22:58,D,2023-10-05,21.RiceResidueFireBulletin_05Oct_2023_ICAR.pdf,Agricultural Burn,CREAMS,1.0
31.57603,75.16299,13:22:58,D,2023-10-05,21.RiceResidueFireBulletin_05Oct_2023_ICAR.pdf,Agricultural Burn,CREAMS,1.0
31.5781,75.17554,13:22:58,D,2023-10-05,21.RiceResidueFireBulletin_05Oct_2023_ICAR.pdf,Agricultural Burn,CREAMS,1.0
31.59014,75.16414,13:22:58,D,2023-10-05,21.RiceResidueFireBulletin_05Oct_2023_ICAR.pdf,Agricultural Burn,CREAMS,1.0
31.6593,75.13605,13:22:58,D,2023-10-05,21.RiceResidueFireBulletin_05Oct_2023_ICAR.pdf,Agricultural Burn,CREAMS,1.0
31.60099,74.80714,13:22:58,D,2023-10-05,21.RiceResidueFireBulletin_05Oct_2023_ICAR.pdf,Agricultural Burn,CREAMS,1.0
31.60437,74.80637,13:22:58,D,2023-10-05,21.RiceResidueFireBulletin_05Oct_2023_ICAR.pdf,Agricultural Burn,CREAMS,1.0
31.68301,74.97946,13:22:58,D,2023-10-05,21.RiceResidueFireBulletin_05Oct_2023_ICAR.pdf,Agricultural Burn,CREAMS,1.0
31.69417,74.9418,13:22:58,D,2023-10-05,21.RiceResidueFireBulletin_05Oct_2023_ICAR.pdf,Agricultural Burn,CREAMS,1.0
31.70162,74.9445,13:22:58,D,2023-10-05,21.RiceResidueFireBulletin_05Oct_2023_ICAR.pdf,Agricultural Burn,CREAMS,1.0
31.70499,74.94373,13:22:58,D,2023-10-05,21.RiceResidueFireBulletin_05Oct_2023_ICAR.pdf,Agricultural Burn,CREAMS,1.0
31.70657,74.97408,13:22:58,D,2023-10-05,21.RiceResidueFireBulletin_05Oct_2023_ICAR.pdf,Agricultural Burn,CREAMS,1.0
31.71721,74.9541,13:22:58,D,2023-10-05,21.RiceResidueFireBulletin_05Oct_2023_ICAR.pdf,Agricultural Burn,CREAMS,1.0
31.73036,74.90716,13:22:58,D,2023-10-05,21.RiceResidueFireBulletin_05Oct_2023_ICAR.pdf,Agricultural Burn,CREAMS,1.0
31.73106,74.9114,13:22:58,D,2023-10-05,21.RiceResidueFireBulletin_05Oct_2023_ICAR.pdf,Agricultural Burn,CREAMS,1.0
30.19695,75.54088,13:22:58,D,2023-10-05,21.RiceResidueFireBulletin_05Oct_2023_ICAR.pdf,Agricultural Burn,CREAMS,1.0
30.66035,74.68905,13:22:58,D,2023-10-05,21.RiceResidueFireBulletin_05Oct_2023_ICAR.pdf,Agricultural Burn,CREAMS,1.0
30.71965,76.38604,13:22:58,D,2023-10-05,21.RiceResidueFireBulletin_05Oct_2023_ICAR.pdf,Agricultural Burn,CREAMS,1.0
30.93299,74.49835,13:22:58,D,2023-10-05,21.RiceResidueFireBulletin_05Oct_2023_ICAR.pdf,Agricultural Burn,CREAMS,1.0
31.07475,74.97535,13:22:58,D,2023-10-05,21.RiceResidueFireBulletin_05Oct_2023_ICAR.pdf,Agricultural Burn,CREAMS,1.0
30.78525,74.36584,13:22:58,D,2023-10-05,21.RiceResidueFireBulletin_05Oct_2023_ICAR.pdf,Agricultural Burn,CREAMS,1.0
31.02112,75.41265,13:22:58,D,2023-10-05,21.RiceResidueFireBulletin_05Oct_2023_ICAR.pdf,Agricultural Burn,CREAMS,1.0
31.05534,75.21925,13:22:58,D,2023-10-05,21.RiceResidueFireBulletin_05Oct_2023_ICAR.pdf,Agricultural Burn,CREAMS,1.0
31.05628,75.21983,13:22:58,D,2023-10-05,21.RiceResidueFireBulletin_05Oct_2023_ICAR.pdf,Agricultural Burn,CREAMS,1.0
31.40426,75.30902,13:22:58,D,2023-10-05,21.RiceResidueFireBulletin_05Oct_2023_ICAR.pdf,Agricultural Burn,CREAMS,1.0
31.24581,75.33018,13:22:58,D,2023-10-05,21.RiceResidueFireBulletin_05Oct_2023_ICAR.pdf,Agricultural Burn,CREAMS,1.0
31.26411,75.14058,13:22:58,D,2023-10-05,21.RiceResidueFireBulletin_05Oct_2023_ICAR.pdf,Agricultural Burn,CREAMS,1.0
31.26959,75.1524,13:22:58,D,2023-10-05,21.RiceResidueFireBulletin_05Oct_2023_ICAR.pdf,Agricultural Burn,CREAMS,1.0
31.34675,75.23923,13:22:58,D,2023-10-05,21.RiceResidueFireBulletin_05Oct_2023_ICAR.pdf,Agricultural Burn,CREAMS,1.0
29.85122,75.39944,13:22:58,D,2023-10-05,21.RiceResidueFireBulletin_05Oct_2023_ICAR.pdf,Agricultural Burn,CREAMS,1.0
29.85459,75.39869,13:22:58,D,2023-10-05,21.RiceResidueFireBulletin_05Oct_2023_ICAR.pdf,Agricultural Burn,CREAMS,1.0
29.85529,75.40287,13:22:58,D,2023-10-05,21.RiceResidueFireBulletin_05Oct_2023_ICAR.pdf,Agricultural Burn,CREAMS,1.0
30.25323,76.49812,13:22:58,D,2023-10-05,21.RiceResidueFireBulletin_05Oct_2023_ICAR.pdf,Agricultural Burn,CREAMS,1.0
30.28731,76.26755,13:22:58,D,2023-10-05,21.RiceResidueFireBulletin_05Oct_2023_ICAR.pdf,Agricultural Burn,CREAMS,1.0
29.87293,76.04841,13:22:58,D,2023-10-05,21.RiceResidueFireBulletin_05Oct_2023_ICAR.pdf,Agricultural Burn,CREAMS,1.0
29.98082,76.08533,13:22:58,D,2023-10-05,21.RiceResidueFireBulletin_05Oct_2023_ICAR.pdf,Agricultural Burn,CREAMS,1.0
29.98666,76.1217,13:22:58,D,2023-10-05,21.RiceResidueFireBulletin_05Oct_2023_ICAR.pdf,Agricultural Burn,CREAMS,1.0
30.54249,76.68309,13:22:58,D,2023-10-05,21.RiceResidueFireBulletin_05Oct_2023_ICAR.pdf,Agricultural Burn,CREAMS,1.0
30.54479,76.7197,13:22:58,D,2023-10-05,21.RiceResidueFireBulletin_05Oct_2023_ICAR.pdf,Agricultural Burn,CREAMS,1.0
30.55096,76.6937,13:22:58,D,2023-10-05,21.RiceResidueFireBulletin_05Oct_2023_ICAR.pdf,Agricultural Burn,CREAMS,1.0
30.56811,76.76017,13:22:58,D,2023-10-05,21.RiceResidueFireBulletin_05Oct_2023_ICAR.pdf,Agricultural Burn,CREAMS,1.0
30.07902,76.215,13:22:58,D,2023-10-05,21.RiceResidueFireBulletin_05Oct_2023_ICAR.pdf,Agricultural Burn,CREAMS,1.0
30.11458,76.13658,13:22:58,D,2023-10-05,21.RiceResidueFireBulletin_05Oct_2023_ICAR.pdf,Agricultural Burn,CREAMS,1.0
30.87166,76.48715,13:22:58,D,2023-10-05,21.RiceResidueFireBulletin_05Oct_2023_ICAR.pdf,Agricultural Burn,CREAMS,1.0
30.20165,76.00137,13:22:58,D,2023-10-05,21.RiceResidueFireBulletin_05Oct_2023_ICAR.pdf,Agricultural Burn,CREAMS,1.0
30.25501,76.04491,13:22:58,D,2023-10-05,21.RiceResidueFireBulletin_05Oct_2023_ICAR.pdf,Agricultural Burn,CREAMS,1.0
30.05311,76.03255,13:22:58,D,2023-10-05,21.RiceResidueFireBulletin_05Oct_2023_ICAR.pdf,Agricultural Burn,CREAMS,1.0
29.87182,75.90289,13:22:58,D,2023-10-05,21.RiceResidueFireBulletin_05Oct_2023_ICAR.pdf,Agricultural Burn,CREAMS,1.0
29.87249,75.90696,13:22:58,D,2023-10-05,21.RiceResidueFireBulletin_05Oct_2023_ICAR.pdf,Agricultural Burn,CREAMS,1.0
30.55099,76.7596,13:22:58,D,2023-10-05,21.RiceResidueFireBulletin_05Oct_2023_ICAR.pdf,Agricultural Burn,CREAMS,1.0
30.544,76.761,13:27:07,D,2023-10-05,21.RiceResidueFireBulletin_05Oct_2023_ICAR.pdf,Agricultural Burn,CREAMS,1.0
31.38199,75.07099,13:22:58,D,2023-10-05,21.RiceResidueFireBulletin_05Oct_2023_ICAR.pdf,Agricultural Burn,CREAMS,1.0
31.45398,74.68458,13:22:58,D,2023-10-05,21.RiceResidueFireBulletin_05Oct_2023_ICAR.pdf,Agricultural Burn,CREAMS,1.0
31.39154,75.08629,13:22:58,D,2023-10-05,21.RiceResidueFireBulletin_05Oct_2023_ICAR.pdf,Agricultural Burn,CREAMS,1.0
31.45533,75.17635,13:22:58,D,2023-10-05,21.RiceResidueFireBulletin_05Oct_2023_ICAR.pdf,Agricultural Burn,CREAMS,1.0
31.45629,75.09782,13:22:58,D,2023-10-05,21.RiceResidueFireBulletin_05Oct_2023_ICAR.pdf,Agricultural Burn,CREAMS,1.0
31.45837,75.11041,13:22:58,D,2023-10-05,21.RiceResidueFireBulletin_05Oct_2023_ICAR.pdf,Agricultural Burn,CREAMS,1.0
31.45965,75.09705,13:22:58,D,2023-10-05,21.RiceResidueFireBulletin_05Oct_2023_ICAR.pdf,Agricultural Burn,CREAMS,1.0
31.46134,75.0189,13:22:58,D,2023-10-05,21.RiceResidueFireBulletin_05Oct_2023_ICAR.pdf,Agricultural Burn,CREAMS,1.0
31.46205,75.02312,13:22:58,D,2023-10-05,21.RiceResidueFireBulletin_05Oct_2023_ICAR.pdf,Agricultural Burn,CREAMS,1.0
31.4733,75.13752,13:22:58,D,2023-10-05,21.RiceResidueFireBulletin_05Oct_2023_ICAR.pdf,Agricultural Burn,CREAMS,1.0
31.46384,74.84673,13:22:58,D,2023-10-05,21.RiceResidueFireBulletin_05Oct_2023_ICAR.pdf,Agricultural Burn,CREAMS,1.0
31.46406,74.86879,13:22:58,D,2023-10-05,21.RiceResidueFireBulletin_05Oct_2023_ICAR.pdf,Agricultural Burn,CREAMS,1.0
31.50338,74.87303,13:22:58,D,2023-10-05,21.RiceResidueFireBulletin_05Oct_2023_ICAR.pdf,Agricultural Burn,CREAMS,1.0
30.18163,76.66924,13:22:58,D,2023-10-05,21.RiceResidueFireBulletin_05Oct_2023_ICAR.pdf,Agricultural Burn,CREAMS,1.0
30.29605,76.79408,13:22:58,D,2023-10-05,21.RiceResidueFireBulletin_05Oct_2023_ICAR.pdf,Agricultural Burn,CREAMS,1.0
30.2093,76.97957,13:22:58,D,2023-10-05,21.RiceResidueFireBulletin_05Oct_2023_ICAR.pdf,Agricultural Burn,CREAMS,1.0
30.36688,77.0996,13:22:58,D,2023-10-05,21.RiceResidueFireBulletin_05Oct_2023_ICAR.pdf,Agricultural Burn,CREAMS,1.0
30.38949,77.02969,13:22:58,D,2023-10-05,21.RiceResidueFireBulletin_05Oct_2023_ICAR.pdf,Agricultural Burn,CREAMS,1.0
30.46162,76.94518,13:22:58,D,2023-10-05,21.RiceResidueFireBulletin_05Oct_2023_ICAR.pdf,Agricultural Burn,CREAMS,1.0
29.61782,75.81561,13:22:58,D,2023-10-05,21.RiceResidueFireBulletin_05Oct_2023_ICAR.pdf,Agricultural Burn,CREAMS,1.0
29.63441,75.93878,13:22:58,D,2023-10-05,21.RiceResidueFireBulletin_05Oct_2023_ICAR.pdf,Agricultural Burn,CREAMS,1.0
29.67627,75.86708,13:22:58,D,2023-10-05,21.RiceResidueFireBulletin_05Oct_2023_ICAR.pdf,Agricultural Burn,CREAMS,1.0
29.20082,76.02844,13:22:58,D,2023-10-05,21.RiceResidueFireBulletin_05Oct_2023_ICAR.pdf,Agricultural Burn,CREAMS,1.0
29.74271,76.0841,13:22:58,D,2023-10-05,21.RiceResidueFireBulletin_05Oct_2023_ICAR.pdf,Agricultural Burn,CREAMS,1.0
29.2802,76.54358,13:22:58,D,2023-10-05,21.RiceResidueFireBulletin_05Oct_2023_ICAR.pdf,Agricultural Burn,CREAMS,1.0
29.4239,76.61295,13:22:58,D,2023-10-05,21.RiceResidueFireBulletin_05Oct_2023_ICAR.pdf,Agricultural Burn,CREAMS,1.0
29.42721,76.61227,13:22:58,D,2023-10-05,21.RiceResidueFireBulletin_05Oct_2023_ICAR.pdf,Agricultural Burn,CREAMS,1.0
30.18922,76.89358,13:22:58,D,2023-10-05,21.RiceResidueFireBulletin_05Oct_2023_ICAR.pdf,Agricultural Burn,CREAMS,1.0
29.90684,76.75758,13:22:58,D,2023-10-05,21.RiceResidueFireBulletin_05Oct_2023_ICAR.pdf,Agricultural Burn,CREAMS,1.0
29.97283,76.94068,13:22:58,D,2023-10-05,21.RiceResidueFireBulletin_05Oct_2023_ICAR.pdf,Agricultural Burn,CREAMS,1.0
29.99994,76.87373,13:22:58,D,2023-10-05,21.RiceResidueFireBulletin_05Oct_2023_ICAR.pdf,Agricultural Burn,CREAMS,1.0
29.39499,76.92856,02:12:58,N,2023-10-05,21.RiceResidueFireBulletin_05Oct_2023_ICAR.pdf,Agricultural Burn,CREAMS,1.0
29.36758,76.94733,13:22:58,D,2023-10-05,21.RiceResidueFireBulletin_05Oct_2023_ICAR.pdf,Agricultural Burn,CREAMS,1.0
29.41224,76.93044,13:22:58,D,2023-10-05,21.RiceResidueFireBulletin_05Oct_2023_ICAR.pdf,Agricultural Burn,CREAMS,1.0
29.46211,77.01,13:22:58,D,2023-10-05,21.RiceResidueFireBulletin_05Oct_2023_ICAR.pdf,Agricultural Burn,CREAMS,1.0
29.08531,76.66116,13:22:58,D,2023-10-05,21.RiceResidueFireBulletin_05Oct_2023_ICAR.pdf,Agricultural Burn,CREAMS,1.0
29.0813,77.11447,13:22:58,D,2023-10-05,21.RiceResidueFireBulletin_05Oct_2023_ICAR.pdf,Agricultural Burn,CREAMS,1.0
27.98359,78.22298,13:22:58,D,2023-10-05,21.RiceResidueFireBulletin_05Oct_2023_ICAR.pdf,Agricultural Burn,CREAMS,1.0
28.05867,77.93255,13:22:58,D,2023-10-05,21.RiceResidueFireBulletin_05Oct_2023_ICAR.pdf,Agricultural Burn,CREAMS,1.0
27.85393,78.37068,13:22:58,D,2023-10-05,21.RiceResidueFireBulletin_05Oct_2023_ICAR.pdf,Agricultural Burn,CREAMS,1.0
28.86898,79.53819,13:22:58,D,2023-10-05,21.RiceResidueFireBulletin_05Oct_2023_ICAR.pdf,Agricultural Burn,CREAMS,1.0
28.13481,78.12238,13:22:58,D,2023-10-05,21.RiceResidueFireBulletin_05Oct_2023_ICAR.pdf,Agricultural Burn,CREAMS,1.0
27.93329,77.48814,13:22:58,D,2023-10-05,21.RiceResidueFireBulletin_05Oct_2023_ICAR.pdf,Agricultural Burn,CREAMS,1.0
27.4802,77.55947,13:22:58,D,2023-10-05,21.RiceResidueFireBulletin_05Oct_2023_ICAR.pdf,Agricultural Burn,CREAMS,1.0
28.67303,78.66125,13:22:58,D,2023-10-05,21.RiceResidueFireBulletin_05Oct_2023_ICAR.pdf,Agricultural Burn,CREAMS,1.0
28.45897,78.8055,02:12:58,N,2023-10-05,21.RiceResidueFireBulletin_05Oct_2023_ICAR.pdf,Agricultural Burn,CREAMS,1.0
28.6829,78.51665,13:22:58,D,2023-10-05,21.RiceResidueFireBulletin_05Oct_2023_ICAR.pdf,Agricultural Burn,CREAMS,1.0
27.70061,79.68774,02:12:58,N,2023-10-05,21.RiceResidueFireBulletin_05Oct_2023_ICAR.pdf,Agricultural Burn,CREAMS,1.0
27.70956,79.67999,02:12:58,N,2023-10-05,21.RiceResidueFireBulletin_05Oct_2023_ICAR.pdf,Agricultural Burn,CREAMS,1.0
28.1304,79.86655,02:12:58,N,2023-10-05,21.RiceResidueFireBulletin_05Oct_2023_ICAR.pdf,Agricultural Burn,CREAMS,1.0
29.63666,77.39824,13:22:58,D,2023-10-05,21.RiceResidueFireBulletin_05Oct_2023_ICAR.pdf,Agricultural Burn,CREAMS,1.0
25.01949,76.32028,13:22:58,D,2023-10-05,21.RiceResidueFireBulletin_05Oct_2023_ICAR.pdf,Agricultural Burn,CREAMS,1.0
24.87162,76.55212,13:22:58,D,2023-10-05,21.RiceResidueFireBulletin_05Oct_2023_ICAR.pdf,Agricultural Burn,CREAMS,1.0
24.95687,76.53513,13:22:58,D,2023-10-05,21.RiceResidueFireBulletin_05Oct_2023_ICAR.pdf,Agricultural Burn,CREAMS,1.0
24.64636,76.96811,13:22:58,D,2023-10-05,21.RiceResidueFireBulletin_05Oct_2023_ICAR.pdf,Agricultural Burn,CREAMS,1.0
24.71708,76.80286,13:22:58,D,2023-10-05,21.RiceResidueFireBulletin_05Oct_2023_ICAR.pdf,Agricultural Burn,CREAMS,1.0
25.29461,76.41946,13:22:58,D,2023-10-05,21.RiceResidueFireBulletin_05Oct_2023_ICAR.pdf,Agricultural Burn,CREAMS,1.0
25.34364,76.48104,13:22:58,D,2023-10-05,21.RiceResidueFireBulletin_05Oct_2023_ICAR.pdf,Agricultural Burn,CREAMS,1.0
25.12203,76.90079,13:22:58,D,2023-10-05,21.RiceResidueFireBulletin_05Oct_2023_ICAR.pdf,Agricultural Burn,CREAMS,1.0
29.56154,74.33504,02:12:58,N,2023-10-05,21.RiceResidueFireBulletin_05Oct_2023_ICAR.pdf,Agricultural Burn,CREAMS,1.0
29.8518,74.46429,13:22:58,D,2023-10-05,21.RiceResidueFireBulletin_05Oct_2023_ICAR.pdf,Agricultural Burn,CREAMS,1.0
24.85307,76.39989,13:22:58,D,2023-10-05,21.RiceResidueFireBulletin_05Oct_2023_ICAR.pdf,Agricultural Burn,CREAMS,1.0
24.65295,77.72567,13:22:58,D,2023-10-05,21.RiceResidueFireBulletin_05Oct_2023_ICAR.pdf,Agricultural Burn,CREAMS,1.0
24.71825,77.70536,13:22:58,D,2023-10-05,21.RiceResidueFireBulletin_05Oct_2023_ICAR.pdf,Agricultural Burn,CREAMS,1.0
26.14679,78.90098,13:22:58,D,2023-10-05,21.RiceResidueFireBulletin_05Oct_2023_ICAR.pdf,Agricultural Burn,CREAMS,1.0
26.61131,78.54406,13:22:58,D,2023-10-05,21.RiceResidueFireBulletin_05Oct_2023_ICAR.pdf,Agricultural Burn,CREAMS,1.0
23.89157,79.51575,13:22:58,D,2023-10-05,21.RiceResidueFireBulletin_05Oct_2023_ICAR.pdf,Agricultural Burn,CREAMS,1.0
22.48674,75.48654,13:22:58,D,2023-10-05,21.RiceResidueFireBulletin_05Oct_2023_ICAR.pdf,Agricultural Burn,CREAMS,1.0
22.57683,75.50318,02:12:58,N,2023-10-05,21.RiceResidueFireBulletin_05Oct_2023_ICAR.pdf,Agricultural Burn,CREAMS,1.0
24.85396,76.994,13:22:58,D,2023-10-05,21.RiceResidueFireBulletin_05Oct_2023_ICAR.pdf,Agricultural Burn,CREAMS,1.0
24.99037,77.10167,13:22:58,D,2023-10-05,21.RiceResidueFireBulletin_05Oct_2023_ICAR.pdf,Agricultural Burn,CREAMS,1.0
23.93824,77.20132,13:22:58,D,2023-10-05,21.RiceResidueFireBulletin_05Oct_2023_ICAR.pdf,Agricultural Burn,CREAMS,1.0
22.17871,77.06294,13:22:58,D,2023-10-05,21.RiceResidueFireBulletin_05Oct_2023_ICAR.pdf,Agricultural Burn,CREAMS,1.0
22.73786,75.68119,13:22:58,D,2023-10-05,21.RiceResidueFireBulletin_05Oct_2023_ICAR.pdf,Agricultural Burn,CREAMS,1.0
22.99784,75.51934,13:22:58,D,2023-10-05,21.RiceResidueFireBulletin_05Oct_2023_ICAR.pdf,Agricultural Burn,CREAMS,1.0
23.5627,76.48275,13:22:58,D,2023-10-05,21.RiceResidueFireBulletin_05Oct_2023_ICAR.pdf,Agricultural Burn,CREAMS,1.0
23.1106,77.04316,13:22:58,D,2023-10-05,21.RiceResidueFireBulletin_05Oct_2023_ICAR.pdf,Agricultural Burn,CREAMS,1.0
23.15579,77.23132,13:22:58,D,2023-10-05,21.RiceResidueFireBulletin_05Oct_2023_ICAR.pdf,Agricultural Burn,CREAMS,1.0
23.39953,77.09551,13:22:58,D,2023-10-05,21.RiceResidueFireBulletin_05Oct_2023_ICAR.pdf,Agricultural Burn,CREAMS,1.0
23.72903,77.88369,02:12:58,N,2023-10-05,21.RiceResidueFireBulletin_05Oct_2023_ICAR.pdf,Agricultural Burn,CREAMS,1.0
31.92914,74.7514,13:04:02,D,2023-10-06,22.RiceResidueFireBulletin_06Oct_2023_ICAR.pdf,Agricultural Burn,CREAMS,1.0
31.854,74.73,14:08:27,D,2023-10-06,22.RiceResidueFireBulletin_06Oct_2023_ICAR.pdf,Agricultural Burn,CREAMS,1.0
31.53241,74.84789,13:04:02,D,2023-10-06,22.RiceResidueFireBulletin_06Oct_2023_ICAR.pdf,Agricultural Burn,CREAMS,1.0
31.55024,74.62241,13:04:02,D,2023-10-06,22.RiceResidueFireBulletin_06Oct_2023_ICAR.pdf,Agricultural Burn,CREAMS,1.0
31.59596,74.58478,13:04:02,D,2023-10-06,22.RiceResidueFireBulletin_06Oct_2023_ICAR.pdf,Agricultural Burn,CREAMS,1.0
31.565,74.766,14:08:27,D,2023-10-06,22.RiceResidueFireBulletin_06Oct_2023_ICAR.pdf,Agricultural Burn,CREAMS,1.0
31.599,74.738,14:08:27,D,2023-10-06,22.RiceResidueFireBulletin_06Oct_2023_ICAR.pdf,Agricultural Burn,CREAMS,1.0
31.86683,74.6441,13:04:02,D,2023-10-06,22.RiceResidueFireBulletin_06Oct_2023_ICAR.pdf,Agricultural Burn,CREAMS,1.0
31.7293,74.82473,13:04:02,D,2023-10-06,22.RiceResidueFireBulletin_06Oct_2023_ICAR.pdf,Agricultural Burn,CREAMS,1.0
31.763,74.798,14:08:27,D,2023-10-06,22.RiceResidueFireBulletin_06Oct_2023_ICAR.pdf,Agricultural Burn,CREAMS,1.0
31.69358,74.99377,13:04:02,D,2023-10-06,22.RiceResidueFireBulletin_06Oct_2023_ICAR.pdf,Agricultural Burn,CREAMS,1.0
31.71987,74.92676,13:04:02,D,2023-10-06,22.RiceResidueFireBulletin_06Oct_2023_ICAR.pdf,Agricultural Burn,CREAMS,1.0
31.724,74.9256,13:04:02,D,2023-10-06,22.RiceResidueFireBulletin_06Oct_2023_ICAR.pdf,Agricultural Burn,CREAMS,1.0
31.73689,75.07094,13:04:02,D,2023-10-06,22.RiceResidueFireBulletin_06Oct_2023_ICAR.pdf,Agricultural Burn,CREAMS,1.0
31.77747,75.03647,13:04:02,D,2023-10-06,22.RiceResidueFireBulletin_06Oct_2023_ICAR.pdf,Agricultural Burn,CREAMS,1.0
31.78546,74.92701,13:04:02,D,2023-10-06,22.RiceResidueFireBulletin_06Oct_2023_ICAR.pdf,Agricultural Burn,CREAMS,1.0
31.727,74.949,14:08:27,D,2023-10-06,22.RiceResidueFireBulletin_06Oct_2023_ICAR.pdf,Agricultural Burn,CREAMS,1.0
31.75,74.91,14:08:27,D,2023-10-06,22.RiceResidueFireBulletin_06Oct_2023_ICAR.pdf,Agricultural Burn,CREAMS,1.0
31.772,74.946,14:08:27,D,2023-10-06,22.RiceResidueFireBulletin_06Oct_2023_ICAR.pdf,Agricultural Burn,CREAMS,1.0
31.786,74.978,14:08:27,D,2023-10-06,22.RiceResidueFireBulletin_06Oct_2023_ICAR.pdf,Agricultural Burn,CREAMS,1.0
31.791,75.024,14:08:27,D,2023-10-06,22.RiceResidueFireBulletin_06Oct_2023_ICAR.pdf,Agricultural Burn,CREAMS,1.0
31.52708,75.11722,13:04:02,D,2023-10-06,22.RiceResidueFireBulletin_06Oct_2023_ICAR.pdf,Agricultural Burn,CREAMS,1.0
31.558,75.14087,13:04:02,D,2023-10-06,22.RiceResidueFireBulletin_06Oct_2023_ICAR.pdf,Agricultural Burn,CREAMS,1.0
31.63897,75.2416,13:04:02,D,2023-10-06,22.RiceResidueFireBulletin_06Oct_2023_ICAR.pdf,Agricultural Burn,CREAMS,1.0
31.63984,75.2459,13:04:02,D,2023-10-06,22.RiceResidueFireBulletin_06Oct_2023_ICAR.pdf,Agricultural Burn,CREAMS,1.0
31.64107,75.24289,13:04:02,D,2023-10-06,22.RiceResidueFireBulletin_06Oct_2023_ICAR.pdf,Agricultural Burn,CREAMS,1.0
31.64196,75.24716,13:04:02,D,2023-10-06,22.RiceResidueFireBulletin_06Oct_2023_ICAR.pdf,Agricultural Burn,CREAMS,1.0
31.68512,75.18523,13:04:02,D,2023-10-06,22.RiceResidueFireBulletin_06Oct_2023_ICAR.pdf,Agricultural Burn,CREAMS,1.0
31.68797,75.15705,13:04:02,D,2023-10-06,22.RiceResidueFireBulletin_06Oct_2023_ICAR.pdf,Agricultural Burn,CREAMS,1.0
31.69823,75.18611,13:04:02,D,2023-10-06,22.RiceResidueFireBulletin_06Oct_2023_ICAR.pdf,Agricultural Burn,CREAMS,1.0
31.70184,75.09808,13:04:02,D,2023-10-06,22.RiceResidueFireBulletin_06Oct_2023_ICAR.pdf,Agricultural Burn,CREAMS,1.0
31.645,75.097,14:08:27,D,2023-10-06,22.RiceResidueFireBulletin_06Oct_2023_ICAR.pdf,Agricultural Burn,CREAMS,1.0
31.67,75.139,14:08:27,D,2023-10-06,22.RiceResidueFireBulletin_06Oct_2023_ICAR.pdf,Agricultural Burn,CREAMS,1.0
31.694,75.182,14:08:27,D,2023-10-06,22.RiceResidueFireBulletin_06Oct_2023_ICAR.pdf,Agricultural Burn,CREAMS,1.0
31.695,75.112,14:08:27,D,2023-10-06,22.RiceResidueFireBulletin_06Oct_2023_ICAR.pdf,Agricultural Burn,CREAMS,1.0
31.696,75.123,14:08:27,D,2023-10-06,22.RiceResidueFireBulletin_06Oct_2023_ICAR.pdf,Agricultural Burn,CREAMS,1.0
31.66224,74.81986,13:04:02,D,2023-10-06,22.RiceResidueFireBulletin_06Oct_2023_ICAR.pdf,Agricultural Burn,CREAMS,1.0
31.66298,74.82295,13:04:02,D,2023-10-06,22.RiceResidueFireBulletin_06Oct_2023_ICAR.pdf,Agricultural Burn,CREAMS,1.0
31.72856,74.90549,13:04:02,D,2023-10-06,22.RiceResidueFireBulletin_06Oct_2023_ICAR.pdf,Agricultural Burn,CREAMS,1.0
31.718,74.882,14:08:27,D,2023-10-06,22.RiceResidueFireBulletin_06Oct_2023_ICAR.pdf,Agricultural Burn,CREAMS,1.0
31.72,74.893,14:08:27,D,2023-10-06,22.RiceResidueFireBulletin_06Oct_2023_ICAR.pdf,Agricultural Burn,CREAMS,1.0
30.66931,74.6769,13:04:02,D,2023-10-06,22.RiceResidueFireBulletin_06Oct_2023_ICAR.pdf,Agricultural Burn,CREAMS,1.0
30.742,76.37,14:08:27,D,2023-10-06,22.RiceResidueFireBulletin_06Oct_2023_ICAR.pdf,Agricultural Burn,CREAMS,1.0
30.964,74.528,14:08:27,D,2023-10-06,22.RiceResidueFireBulletin_06Oct_2023_ICAR.pdf,Agricultural Burn,CREAMS,1.0
30.966,74.539,14:08:27,D,2023-10-06,22.RiceResidueFireBulletin_06Oct_2023_ICAR.pdf,Agricultural Burn,CREAMS,1.0
30.77586,74.42397,13:04:02,D,2023-10-06,22.RiceResidueFireBulletin_06Oct_2023_ICAR.pdf,Agricultural Burn,CREAMS,1.0
30.78019,74.42274,13:04:02,D,2023-10-06,22.RiceResidueFireBulletin_06Oct_2023_ICAR.pdf,Agricultural Burn,CREAMS,1.0
31.773,75.162,14:08:27,D,2023-10-06,22.RiceResidueFireBulletin_06Oct_2023_ICAR.pdf,Agricultural Burn,CREAMS,1.0
31.96903,75.13132,13:04:02,D,2023-10-06,22.RiceResidueFireBulletin_06Oct_2023_ICAR.pdf,Agricultural Burn,CREAMS,1.0
31.85459,75.04807,13:04:02,D,2023-10-06,22.RiceResidueFireBulletin_06Oct_2023_ICAR.pdf,Agricultural Burn,CREAMS,1.0
32.108,75.209,14:08:27,D,2023-10-06,22.RiceResidueFireBulletin_06Oct_2023_ICAR.pdf,Agricultural Burn,CREAMS,1.0
31.04692,75.30426,13:04:02,D,2023-10-06,22.RiceResidueFireBulletin_06Oct_2023_ICAR.pdf,Agricultural Burn,CREAMS,1.0
31.26369,75.1642,13:04:02,D,2023-10-06,22.RiceResidueFireBulletin_06Oct_2023_ICAR.pdf,Agricultural Burn,CREAMS,1.0
31.351,75.179,14:08:27,D,2023-10-06,22.RiceResidueFireBulletin_06Oct_2023_ICAR.pdf,Agricultural Burn,CREAMS,1.0
30.7845,75.96381,13:04:02,D,2023-10-06,22.RiceResidueFireBulletin_06Oct_2023_ICAR.pdf,Agricultural Burn,CREAMS,1.0
30.5064,75.04791,13:04:02,D,2023-10-06,22.RiceResidueFireBulletin_06Oct_2023_ICAR.pdf,Agricultural Burn,CREAMS,1.0
30.50816,75.04601,13:04:02,D,2023-10-06,22.RiceResidueFireBulletin_06Oct_2023_ICAR.pdf,Agricultural Burn,CREAMS,1.0
30.32506,76.18959,13:04:02,D,2023-10-06,22.RiceResidueFireBulletin_06Oct_2023_ICAR.pdf,Agricultural Burn,CREAMS,1.0
30.53802,76.15926,13:04:02,D,2023-10-06,22.RiceResidueFireBulletin_06Oct_2023_ICAR.pdf,Agricultural Burn,CREAMS,1.0
29.93794,76.0031,13:04:02,D,2023-10-06,22.RiceResidueFireBulletin_06Oct_2023_ICAR.pdf,Agricultural Burn,CREAMS,1.0
29.93862,76.00231,13:04:02,D,2023-10-06,22.RiceResidueFireBulletin_06Oct_2023_ICAR.pdf,Agricultural Burn,CREAMS,1.0
29.99793,76.04796,13:04:02,D,2023-10-06,22.RiceResidueFireBulletin_06Oct_2023_ICAR.pdf,Agricultural Burn,CREAMS,1.0
30.51104,76.53171,13:04:02,D,2023-10-06,22.RiceResidueFireBulletin_06Oct_2023_ICAR.pdf,Agricultural Burn,CREAMS,1.0
30.1903,76.29862,13:04:02,D,2023-10-06,22.RiceResidueFireBulletin_06Oct_2023_ICAR.pdf,Agricultural Burn,CREAMS,1.0
30.47362,76.5253,13:04:02,D,2023-10-06,22.RiceResidueFireBulletin_06Oct_2023_ICAR.pdf,Agricultural Burn,CREAMS,1.0
30.437,76.71,14:08:27,D,2023-10-06,22.RiceResidueFireBulletin_06Oct_2023_ICAR.pdf,Agricultural Burn,CREAMS,1.0
30.488,76.546,14:08:27,D,2023-10-06,22.RiceResidueFireBulletin_06Oct_2023_ICAR.pdf,Agricultural Burn,CREAMS,1.0
29.81706,76.06749,13:04:02,D,2023-10-06,22.RiceResidueFireBulletin_06Oct_2023_ICAR.pdf,Agricultural Burn,CREAMS,1.0
30.29511,76.04072,13:04:02,D,2023-10-06,22.RiceResidueFireBulletin_06Oct_2023_ICAR.pdf,Agricultural Burn,CREAMS,1.0
29.97523,76.01934,13:04:02,D,2023-10-06,22.RiceResidueFireBulletin_06Oct_2023_ICAR.pdf,Agricultural Burn,CREAMS,1.0
29.81458,75.74714,13:04:02,D,2023-10-06,22.RiceResidueFireBulletin_06Oct_2023_ICAR.pdf,Agricultural Burn,CREAMS,1.0
29.95791,75.67825,13:04:02,D,2023-10-06,22.RiceResidueFireBulletin_06Oct_2023_ICAR.pdf,Agricultural Burn,CREAMS,1.0
29.95877,75.68253,13:04:02,D,2023-10-06,22.RiceResidueFireBulletin_06Oct_2023_ICAR.pdf,Agricultural Burn,CREAMS,1.0
30.50762,75.90353,13:04:02,D,2023-10-06,22.RiceResidueFireBulletin_06Oct_2023_ICAR.pdf,Agricultural Burn,CREAMS,1.0
30.48657,75.88314,13:04:02,D,2023-10-06,22.RiceResidueFireBulletin_06Oct_2023_ICAR.pdf,Agricultural Burn,CREAMS,1.0
30.592,76.811,14:08:27,D,2023-10-06,22.RiceResidueFireBulletin_06Oct_2023_ICAR.pdf,Agricultural Burn,CREAMS,1.0
31.39326,74.6431,13:04:02,D,2023-10-06,22.RiceResidueFireBulletin_06Oct_2023_ICAR.pdf,Agricultural Burn,CREAMS,1.0
31.36,75.097,14:08:27,D,2023-10-06,22.RiceResidueFireBulletin_06Oct_2023_ICAR.pdf,Agricultural Burn,CREAMS,1.0
31.361,75.108,14:08:27,D,2023-10-06,22.RiceResidueFireBulletin_06Oct_2023_ICAR.pdf,Agricultural Burn,CREAMS,1.0
31.3871,75.05768,13:04:02,D,2023-10-06,22.RiceResidueFireBulletin_06Oct_2023_ICAR.pdf,Agricultural Burn,CREAMS,1.0
31.39082,75.05572,13:04:02,D,2023-10-06,22.RiceResidueFireBulletin_06Oct_2023_ICAR.pdf,Agricultural Burn,CREAMS,1.0
31.39123,75.05653,13:04:02,D,2023-10-06,22.RiceResidueFireBulletin_06Oct_2023_ICAR.pdf,Agricultural Burn,CREAMS,1.0
31.39171,75.06013,13:04:02,D,2023-10-06,22.RiceResidueFireBulletin_06Oct_2023_ICAR.pdf,Agricultural Burn,CREAMS,1.0
31.43107,75.14301,13:04:02,D,2023-10-06,22.RiceResidueFireBulletin_06Oct_2023_ICAR.pdf,Agricultural Burn,CREAMS,1.0
31.43197,75.14737,13:04:02,D,2023-10-06,22.RiceResidueFireBulletin_06Oct_2023_ICAR.pdf,Agricultural Burn,CREAMS,1.0
31.43517,75.14185,13:04:02,D,2023-10-06,22.RiceResidueFireBulletin_06Oct_2023_ICAR.pdf,Agricultural Burn,CREAMS,1.0
31.43608,75.14622,13:04:02,D,2023-10-06,22.RiceResidueFireBulletin_06Oct_2023_ICAR.pdf,Agricultural Burn,CREAMS,1.0
31.47638,75.08867,13:04:02,D,2023-10-06,22.RiceResidueFireBulletin_06Oct_2023_ICAR.pdf,Agricultural Burn,CREAMS,1.0
31.46326,74.83389,13:04:02,D,2023-10-06,22.RiceResidueFireBulletin_06Oct_2023_ICAR.pdf,Agricultural Burn,CREAMS,1.0
31.50683,74.97843,13:04:02,D,2023-10-06,22.RiceResidueFireBulletin_06Oct_2023_ICAR.pdf,Agricultural Burn,CREAMS,1.0
31.473,74.767,14:08:27,D,2023-10-06,22.RiceResidueFireBulletin_06Oct_2023_ICAR.pdf,Agricultural Burn,CREAMS,1.0
30.122,76.629,14:08:27,D,2023-10-06,22.RiceResidueFireBulletin_06Oct_2023_ICAR.pdf,Agricultural Burn,CREAMS,1.0
30.15626,77.01771,13:04:02,D,2023-10-06,22.RiceResidueFireBulletin_06Oct_2023_ICAR.pdf,Agricultural Burn,CREAMS,1.0
30.39589,77.04353,13:04:02,D,2023-10-06,22.RiceResidueFireBulletin_06Oct_2023_ICAR.pdf,Agricultural Burn,CREAMS,1.0
30.4638,77.15042,13:04:02,D,2023-10-06,22.RiceResidueFireBulletin_06Oct_2023_ICAR.pdf,Agricultural Burn,CREAMS,1.0
30.48541,77.1394,13:04:02,D,2023-10-06,22.RiceResidueFireBulletin_06Oct_2023_ICAR.pdf,Agricultural Burn,CREAMS,1.0
30.30474,76.93158,13:04:02,D,2023-10-06,22.RiceResidueFireBulletin_06Oct_2023_ICAR.pdf,Agricultural Burn,CREAMS,1.0
29.6173,75.89522,13:04:02,D,2023-10-06,22.RiceResidueFireBulletin_06Oct_2023_ICAR.pdf,Agricultural Burn,CREAMS,1.0
29.66663,75.92668,13:04:02,D,2023-10-06,22.RiceResidueFireBulletin_06Oct_2023_ICAR.pdf,Agricultural Burn,CREAMS,1.0
28.77345,76.94863,01:54:45,N,2023-10-06,22.RiceResidueFireBulletin_06Oct_2023_ICAR.pdf,Agricultural Burn,CREAMS,1.0
29.658,76.002,14:08:27,D,2023-10-06,22.RiceResidueFireBulletin_06Oct_2023_ICAR.pdf,Agricultural Burn,CREAMS,1.0
29.53624,76.09646,13:04:02,D,2023-10-06,22.RiceResidueFireBulletin_06Oct_2023_ICAR.pdf,Agricultural Burn,CREAMS,1.0
29.74589,76.19739,13:04:02,D,2023-10-06,22.RiceResidueFireBulletin_06Oct_2023_ICAR.pdf,Agricultural Burn,CREAMS,1.0
29.61965,76.42815,13:04:02,D,2023-10-06,22.RiceResidueFireBulletin_06Oct_2023_ICAR.pdf,Agricultural Burn,CREAMS,1.0
29.63871,76.41908,13:04:02,D,2023-10-06,22.RiceResidueFireBulletin_06Oct_2023_ICAR.pdf,Agricultural Burn,CREAMS,1.0
29.70548,76.7597,13:04:02,D,2023-10-06,22.RiceResidueFireBulletin_06Oct_2023_ICAR.pdf,Agricultural Burn,CREAMS,1.0
29.71159,76.7701,13:04:02,D,2023-10-06,22.RiceResidueFireBulletin_06Oct_2023_ICAR.pdf,Agricultural Burn,CREAMS,1.0
30.18897,76.91721,13:04:02,D,2023-10-06,22.RiceResidueFireBulletin_06Oct_2023_ICAR.pdf,Agricultural Burn,CREAMS,1.0
28.00355,77.38142,13:04:02,D,2023-10-06,22.RiceResidueFireBulletin_06Oct_2023_ICAR.pdf,Agricultural Burn,CREAMS,1.0
30.217,77.256,14:08:27,D,2023-10-06,22.RiceResidueFireBulletin_06Oct_2023_ICAR.pdf,Agricultural Burn,CREAMS,1.0
28.06994,77.85663,01:54:45,N,2023-10-06,22.RiceResidueFireBulletin_06Oct_2023_ICAR.pdf,Agricultural Burn,CREAMS,1.0
27.95154,77.57513,13:04:02,D,2023-10-06,22.RiceResidueFireBulletin_06Oct_2023_ICAR.pdf,Agricultural Burn,CREAMS,1.0
27.96938,77.56261,13:04:02,D,2023-10-06,22.RiceResidueFireBulletin_06Oct_2023_ICAR.pdf,Agricultural Burn,CREAMS,1.0
27.98374,77.55344,13:04:02,D,2023-10-06,22.RiceResidueFireBulletin_06Oct_2023_ICAR.pdf,Agricultural Burn,CREAMS,1.0
27.99633,77.55612,13:04:02,D,2023-10-06,22.RiceResidueFireBulletin_06Oct_2023_ICAR.pdf,Agricultural Burn,CREAMS,1.0
26.64456,79.4795,01:54:45,N,2023-10-06,22.RiceResidueFireBulletin_06Oct_2023_ICAR.pdf,Agricultural Burn,CREAMS,1.0
27.16664,81.26657,13:04:02,D,2023-10-06,22.RiceResidueFireBulletin_06Oct_2023_ICAR.pdf,Agricultural Burn,CREAMS,1.0
27.17401,81.2692,13:04:02,D,2023-10-06,22.RiceResidueFireBulletin_06Oct_2023_ICAR.pdf,Agricultural Burn,CREAMS,1.0
28.32714,79.23496,13:04:02,D,2023-10-06,22.RiceResidueFireBulletin_06Oct_2023_ICAR.pdf,Agricultural Burn,CREAMS,1.0
28.12165,77.59769,13:04:02,D,2023-10-06,22.RiceResidueFireBulletin_06Oct_2023_ICAR.pdf,Agricultural Burn,CREAMS,1.0
28.24969,80.31628,13:04:02,D,2023-10-06,22.RiceResidueFireBulletin_06Oct_2023_ICAR.pdf,Agricultural Burn,CREAMS,1.0
28.87092,78.78762,01:54:45,N,2023-10-06,22.RiceResidueFireBulletin_06Oct_2023_ICAR.pdf,Agricultural Burn,CREAMS,1.0
28.25185,79.97312,13:04:02,D,2023-10-06,22.RiceResidueFireBulletin_06Oct_2023_ICAR.pdf,Agricultural Burn,CREAMS,1.0
28.58716,80.00492,13:04:02,D,2023-10-06,22.RiceResidueFireBulletin_06Oct_2023_ICAR.pdf,Agricultural Burn,CREAMS,1.0
28.57762,79.15518,13:04:02,D,2023-10-06,22.RiceResidueFireBulletin_06Oct_2023_ICAR.pdf,Agricultural Burn,CREAMS,1.0
27.99673,79.94116,13:04:02,D,2023-10-06,22.RiceResidueFireBulletin_06Oct_2023_ICAR.pdf,Agricultural Burn,CREAMS,1.0
27.99747,79.94548,13:04:02,D,2023-10-06,22.RiceResidueFireBulletin_06Oct_2023_ICAR.pdf,Agricultural Burn,CREAMS,1.0
27.95371,79.73396,13:04:02,D,2023-10-06,22.RiceResidueFireBulletin_06Oct_2023_ICAR.pdf,Agricultural Burn,CREAMS,1.0
25.06615,76.43861,13:04:02,D,2023-10-06,22.RiceResidueFireBulletin_06Oct_2023_ICAR.pdf,Agricultural Burn,CREAMS,1.0
25.01274,76.69738,13:04:02,D,2023-10-06,22.RiceResidueFireBulletin_06Oct_2023_ICAR.pdf,Agricultural Burn,CREAMS,1.0
25.303,76.415,14:08:27,D,2023-10-06,22.RiceResidueFireBulletin_06Oct_2023_ICAR.pdf,Agricultural Burn,CREAMS,1.0
25.36,76.431,14:08:27,D,2023-10-06,22.RiceResidueFireBulletin_06Oct_2023_ICAR.pdf,Agricultural Burn,CREAMS,1.0
25.361,76.442,14:08:27,D,2023-10-06,22.RiceResidueFireBulletin_06Oct_2023_ICAR.pdf,Agricultural Burn,CREAMS,1.0
29.55,74.415,14:08:27,D,2023-10-06,22.RiceResidueFireBulletin_06Oct_2023_ICAR.pdf,Agricultural Burn,CREAMS,1.0
29.552,74.425,14:08:27,D,2023-10-06,22.RiceResidueFireBulletin_06Oct_2023_ICAR.pdf,Agricultural Burn,CREAMS,1.0
24.87197,76.33718,13:04:02,D,2023-10-06,22.RiceResidueFireBulletin_06Oct_2023_ICAR.pdf,Agricultural Burn,CREAMS,1.0
26.00897,76.72028,13:04:02,D,2023-10-06,22.RiceResidueFireBulletin_06Oct_2023_ICAR.pdf,Agricultural Burn,CREAMS,1.0
23.66451,77.49082,13:04:02,D,2023-10-06,22.RiceResidueFireBulletin_06Oct_2023_ICAR.pdf,Agricultural Burn,CREAMS,1.0
24.3881,77.6445,13:04:02,D,2023-10-06,22.RiceResidueFireBulletin_06Oct_2023_ICAR.pdf,Agricultural Burn,CREAMS,1.0
24.76182,76.97134,13:04:02,D,2023-10-06,22.RiceResidueFireBulletin_06Oct_2023_ICAR.pdf,Agricultural Burn,CREAMS,1.0
23.66049,79.16851,13:04:02,D,2023-10-06,22.RiceResidueFireBulletin_06Oct_2023_ICAR.pdf,Agricultural Burn,CREAMS,1.0
23.38397,76.67737,13:04:02,D,2023-10-06,22.RiceResidueFireBulletin_06Oct_2023_ICAR.pdf,Agricultural Burn,CREAMS,1.0
24.24803,78.02663,13:04:02,D,2023-10-06,22.RiceResidueFireBulletin_06Oct_2023_ICAR.pdf,Agricultural Burn,CREAMS,1.0
23.61856,77.65733,13:04:02,D,2023-10-06,22.RiceResidueFireBulletin_06Oct_2023_ICAR.pdf,Agricultural Burn,CREAMS,1.0
31.58711,74.77885,12:45:07,D,2023-10-07,23.RiceResidueFireBulletin_07Oct_2023_ICAR.pdf,Agricultural Burn,CREAMS,1.0
31.80439,74.60825,12:45:07,D,2023-10-07,23.RiceResidueFireBulletin_07Oct_2023_ICAR.pdf,Agricultural Burn,CREAMS,1.0
31.53008,75.03622,14:25:24,D,2023-10-07,23.RiceResidueFireBulletin_07Oct_2023_ICAR.pdf,Agricultural Burn,CREAMS,1.0
31.53133,75.03754,14:25:24,D,2023-10-07,23.RiceResidueFireBulletin_07Oct_2023_ICAR.pdf,Agricultural Burn,CREAMS,1.0
31.61596,75.05077,14:25:24,D,2023-10-07,23.RiceResidueFireBulletin_07Oct_2023_ICAR.pdf,Agricultural Burn,CREAMS,1.0
31.61625,75.05714,14:25:24,D,2023-10-07,23.RiceResidueFireBulletin_07Oct_2023_ICAR.pdf,Agricultural Burn,CREAMS,1.0
31.74087,74.92941,12:45:07,D,2023-10-07,23.RiceResidueFireBulletin_07Oct_2023_ICAR.pdf,Agricultural Burn,CREAMS,1.0
31.7409,74.93182,12:45:07,D,2023-10-07,23.RiceResidueFireBulletin_07Oct_2023_ICAR.pdf,Agricultural Burn,CREAMS,1.0
31.77192,74.92184,14:25:24,D,2023-10-07,23.RiceResidueFireBulletin_07Oct_2023_ICAR.pdf,Agricultural Burn,CREAMS,1.0
31.79917,75.04822,12:45:07,D,2023-10-07,23.RiceResidueFireBulletin_07Oct_2023_ICAR.pdf,Agricultural Burn,CREAMS,1.0
31.63457,75.22601,12:45:07,D,2023-10-07,23.RiceResidueFireBulletin_07Oct_2023_ICAR.pdf,Agricultural Burn,CREAMS,1.0
31.62175,75.17451,12:45:07,D,2023-10-07,23.RiceResidueFireBulletin_07Oct_2023_ICAR.pdf,Agricultural Burn,CREAMS,1.0
31.64571,75.06241,12:45:07,D,2023-10-07,23.RiceResidueFireBulletin_07Oct_2023_ICAR.pdf,Agricultural Burn,CREAMS,1.0
31.65005,75.05657,12:45:07,D,2023-10-07,23.RiceResidueFireBulletin_07Oct_2023_ICAR.pdf,Agricultural Burn,CREAMS,1.0
31.65706,75.0871,14:25:24,D,2023-10-07,23.RiceResidueFireBulletin_07Oct_2023_ICAR.pdf,Agricultural Burn,CREAMS,1.0
31.68424,75.11912,12:45:07,D,2023-10-07,23.RiceResidueFireBulletin_07Oct_2023_ICAR.pdf,Agricultural Burn,CREAMS,1.0
31.66368,74.96869,12:45:07,D,2023-10-07,23.RiceResidueFireBulletin_07Oct_2023_ICAR.pdf,Agricultural Burn,CREAMS,1.0
31.67746,74.97733,12:45:07,D,2023-10-07,23.RiceResidueFireBulletin_07Oct_2023_ICAR.pdf,Agricultural Burn,CREAMS,1.0
30.74791,76.38184,12:45:07,D,2023-10-07,23.RiceResidueFireBulletin_07Oct_2023_ICAR.pdf,Agricultural Burn,CREAMS,1.0
30.96966,74.53695,12:45:07,D,2023-10-07,23.RiceResidueFireBulletin_07Oct_2023_ICAR.pdf,Agricultural Burn,CREAMS,1.0
31.25762,75.13696,12:45:07,D,2023-10-07,23.RiceResidueFireBulletin_07Oct_2023_ICAR.pdf,Agricultural Burn,CREAMS,1.0
31.25828,75.13696,12:45:07,D,2023-10-07,23.RiceResidueFireBulletin_07Oct_2023_ICAR.pdf,Agricultural Burn,CREAMS,1.0
31.26797,75.12937,12:45:07,D,2023-10-07,23.RiceResidueFireBulletin_07Oct_2023_ICAR.pdf,Agricultural Burn,CREAMS,1.0
31.34071,75.25948,14:25:24,D,2023-10-07,23.RiceResidueFireBulletin_07Oct_2023_ICAR.pdf,Agricultural Burn,CREAMS,1.0
29.84016,76.17408,12:45:07,D,2023-10-07,23.RiceResidueFireBulletin_07Oct_2023_ICAR.pdf,Agricultural Burn,CREAMS,1.0
29.9594,76.11989,12:45:07,D,2023-10-07,23.RiceResidueFireBulletin_07Oct_2023_ICAR.pdf,Agricultural Burn,CREAMS,1.0
29.96259,76.11855,12:45:07,D,2023-10-07,23.RiceResidueFireBulletin_07Oct_2023_ICAR.pdf,Agricultural Burn,CREAMS,1.0
30.26054,76.16283,12:45:07,D,2023-10-07,23.RiceResidueFireBulletin_07Oct_2023_ICAR.pdf,Agricultural Burn,CREAMS,1.0
31.32453,75.05335,12:45:07,D,2023-10-07,23.RiceResidueFireBulletin_07Oct_2023_ICAR.pdf,Agricultural Burn,CREAMS,1.0
31.49321,75.21339,14:25:24,D,2023-10-07,23.RiceResidueFireBulletin_07Oct_2023_ICAR.pdf,Agricultural Burn,CREAMS,1.0
31.32957,74.79652,12:45:07,D,2023-10-07,23.RiceResidueFireBulletin_07Oct_2023_ICAR.pdf,Agricultural Burn,CREAMS,1.0
31.49534,75.01608,12:45:07,D,2023-10-07,23.RiceResidueFireBulletin_07Oct_2023_ICAR.pdf,Agricultural Burn,CREAMS,1.0
30.33975,77.0169,12:45:07,D,2023-10-07,23.RiceResidueFireBulletin_07Oct_2023_ICAR.pdf,Agricultural Burn,CREAMS,1.0
30.41154,77.05531,12:45:07,D,2023-10-07,23.RiceResidueFireBulletin_07Oct_2023_ICAR.pdf,Agricultural Burn,CREAMS,1.0
29.40643,76.05249,12:45:07,D,2023-10-07,23.RiceResidueFireBulletin_07Oct_2023_ICAR.pdf,Agricultural Burn,CREAMS,1.0
29.20436,76.12811,12:45:07,D,2023-10-07,23.RiceResidueFireBulletin_07Oct_2023_ICAR.pdf,Agricultural Burn,CREAMS,1.0
29.58896,76.0794,14:25:24,D,2023-10-07,23.RiceResidueFireBulletin_07Oct_2023_ICAR.pdf,Agricultural Burn,CREAMS,1.0
29.83234,76.63348,12:45:07,D,2023-10-07,23.RiceResidueFireBulletin_07Oct_2023_ICAR.pdf,Agricultural Burn,CREAMS,1.0
29.89028,76.3863,12:45:07,D,2023-10-07,23.RiceResidueFireBulletin_07Oct_2023_ICAR.pdf,Agricultural Burn,CREAMS,1.0
29.92004,76.86018,12:45:07,D,2023-10-07,23.RiceResidueFireBulletin_07Oct_2023_ICAR.pdf,Agricultural Burn,CREAMS,1.0
29.34939,76.87264,12:45:07,D,2023-10-07,23.RiceResidueFireBulletin_07Oct_2023_ICAR.pdf,Agricultural Burn,CREAMS,1.0
29.02283,77.13986,12:45:07,D,2023-10-07,23.RiceResidueFireBulletin_07Oct_2023_ICAR.pdf,Agricultural Burn,CREAMS,1.0
29.07099,77.11456,12:45:07,D,2023-10-07,23.RiceResidueFireBulletin_07Oct_2023_ICAR.pdf,Agricultural Burn,CREAMS,1.0
30.13877,77.0985,12:45:07,D,2023-10-07,23.RiceResidueFireBulletin_07Oct_2023_ICAR.pdf,Agricultural Burn,CREAMS,1.0
30.12772,77.07355,12:45:07,D,2023-10-07,23.RiceResidueFireBulletin_07Oct_2023_ICAR.pdf,Agricultural Burn,CREAMS,1.0
28.06273,77.93513,12:45:07,D,2023-10-07,23.RiceResidueFireBulletin_07Oct_2023_ICAR.pdf,Agricultural Burn,CREAMS,1.0
28.01484,77.56975,12:45:07,D,2023-10-07,23.RiceResidueFireBulletin_07Oct_2023_ICAR.pdf,Agricultural Burn,CREAMS,1.0
28.18082,80.03091,01:35:50,N,2023-10-07,23.RiceResidueFireBulletin_07Oct_2023_ICAR.pdf,Agricultural Burn,CREAMS,1.0
28.18087,80.03358,01:35:50,N,2023-10-07,23.RiceResidueFireBulletin_07Oct_2023_ICAR.pdf,Agricultural Burn,CREAMS,1.0
26.45608,80.49934,01:35:50,N,2023-10-07,23.RiceResidueFireBulletin_07Oct_2023_ICAR.pdf,Agricultural Burn,CREAMS,1.0
24.71234,76.74362,12:45:07,D,2023-10-07,23.RiceResidueFireBulletin_07Oct_2023_ICAR.pdf,Agricultural Burn,CREAMS,1.0
24.71269,76.74368,12:45:07,D,2023-10-07,23.RiceResidueFireBulletin_07Oct_2023_ICAR.pdf,Agricultural Burn,CREAMS,1.0
24.76574,74.60838,01:35:50,N,2023-10-07,23.RiceResidueFireBulletin_07Oct_2023_ICAR.pdf,Agricultural Burn,CREAMS,1.0
29.61287,74.33583,14:25:24,D,2023-10-07,23.RiceResidueFireBulletin_07Oct_2023_ICAR.pdf,Agricultural Burn,CREAMS,1.0
29.65558,74.23255,14:25:24,D,2023-10-07,23.RiceResidueFireBulletin_07Oct_2023_ICAR.pdf,Agricultural Burn,CREAMS,1.0
29.65589,74.23792,14:25:24,D,2023-10-07,23.RiceResidueFireBulletin_07Oct_2023_ICAR.pdf,Agricultural Burn,CREAMS,1.0
29.57393,74.56318,12:45:07,D,2023-10-07,23.RiceResidueFireBulletin_07Oct_2023_ICAR.pdf,Agricultural Burn,CREAMS,1.0
24.55808,77.92432,12:45:07,D,2023-10-07,23.RiceResidueFireBulletin_07Oct_2023_ICAR.pdf,Agricultural Burn,CREAMS,1.0
25.87929,78.50339,12:45:07,D,2023-10-07,23.RiceResidueFireBulletin_07Oct_2023_ICAR.pdf,Agricultural Burn,CREAMS,1.0
25.88,78.50663,12:45:07,D,2023-10-07,23.RiceResidueFireBulletin_07Oct_2023_ICAR.pdf,Agricultural Burn,CREAMS,1.0
25.88997,78.52796,12:45:07,D,2023-10-07,23.RiceResidueFireBulletin_07Oct_2023_ICAR.pdf,Agricultural Burn,CREAMS,1.0
25.89469,78.53204,12:45:07,D,2023-10-07,23.RiceResidueFireBulletin_07Oct_2023_ICAR.pdf,Agricultural Burn,CREAMS,1.0
22.6095,75.27158,01:35:50,N,2023-10-07,23.RiceResidueFireBulletin_07Oct_2023_ICAR.pdf,Agricultural Burn,CREAMS,1.0
24.76318,76.98438,14:25:24,D,2023-10-07,23.RiceResidueFireBulletin_07Oct_2023_ICAR.pdf,Agricultural Burn,CREAMS,1.0
24.94149,76.91937,12:45:07,D,2023-10-07,23.RiceResidueFireBulletin_07Oct_2023_ICAR.pdf,Agricultural Burn,CREAMS,1.0
26.32819,77.67759,12:45:07,D,2023-10-07,23.RiceResidueFireBulletin_07Oct_2023_ICAR.pdf,Agricultural Burn,CREAMS,1.0
31.872,74.677,13:53:46,D,2023-10-08,24.RiceResidueFireBulletin_08Oct_2023_ICAR.pdf,Agricultural Burn,CREAMS,1.0
31.50331,74.5942,14:06:29,D,2023-10-08,24.RiceResidueFireBulletin_08Oct_2023_ICAR.pdf,Agricultural Burn,CREAMS,1.0
31.58846,74.75911,14:06:29,D,2023-10-08,24.RiceResidueFireBulletin_08Oct_2023_ICAR.pdf,Agricultural Burn,CREAMS,1.0
31.54,74.856,13:53:46,D,2023-10-08,24.RiceResidueFireBulletin_08Oct_2023_ICAR.pdf,Agricultural Burn,CREAMS,1.0
31.561,74.691,13:53:46,D,2023-10-08,24.RiceResidueFireBulletin_08Oct_2023_ICAR.pdf,Agricultural Burn,CREAMS,1.0
31.562,74.702,13:53:46,D,2023-10-08,24.RiceResidueFireBulletin_08Oct_2023_ICAR.pdf,Agricultural Burn,CREAMS,1.0
31.574,74.894,13:53:46,D,2023-10-08,24.RiceResidueFireBulletin_08Oct_2023_ICAR.pdf,Agricultural Burn,CREAMS,1.0
31.802,74.927,13:53:46,D,2023-10-08,24.RiceResidueFireBulletin_08Oct_2023_ICAR.pdf,Agricultural Burn,CREAMS,1.0
31.54116,75.05775,14:06:29,D,2023-10-08,24.RiceResidueFireBulletin_08Oct_2023_ICAR.pdf,Agricultural Burn,CREAMS,1.0
31.55187,75.00382,14:06:29,D,2023-10-08,24.RiceResidueFireBulletin_08Oct_2023_ICAR.pdf,Agricultural Burn,CREAMS,1.0
31.61317,75.00909,14:06:29,D,2023-10-08,24.RiceResidueFireBulletin_08Oct_2023_ICAR.pdf,Agricultural Burn,CREAMS,1.0
31.63593,74.9803,14:06:29,D,2023-10-08,24.RiceResidueFireBulletin_08Oct_2023_ICAR.pdf,Agricultural Burn,CREAMS,1.0
31.686,75.01,13:53:46,D,2023-10-08,24.RiceResidueFireBulletin_08Oct_2023_ICAR.pdf,Agricultural Burn,CREAMS,1.0
31.78181,74.98411,14:06:29,D,2023-10-08,24.RiceResidueFireBulletin_08Oct_2023_ICAR.pdf,Agricultural Burn,CREAMS,1.0
31.739,75.116,13:53:46,D,2023-10-08,24.RiceResidueFireBulletin_08Oct_2023_ICAR.pdf,Agricultural Burn,CREAMS,1.0
31.52538,75.16792,14:06:29,D,2023-10-08,24.RiceResidueFireBulletin_08Oct_2023_ICAR.pdf,Agricultural Burn,CREAMS,1.0
31.54904,75.15689,14:06:29,D,2023-10-08,24.RiceResidueFireBulletin_08Oct_2023_ICAR.pdf,Agricultural Burn,CREAMS,1.0
31.508,75.117,13:53:46,D,2023-10-08,24.RiceResidueFireBulletin_08Oct_2023_ICAR.pdf,Agricultural Burn,CREAMS,1.0
31.608,75.346,13:53:46,D,2023-10-08,24.RiceResidueFireBulletin_08Oct_2023_ICAR.pdf,Agricultural Burn,CREAMS,1.0
31.61,75.357,13:53:46,D,2023-10-08,24.RiceResidueFireBulletin_08Oct_2023_ICAR.pdf,Agricultural Burn,CREAMS,1.0
31.65346,75.13789,14:06:29,D,2023-10-08,24.RiceResidueFireBulletin_08Oct_2023_ICAR.pdf,Agricultural Burn,CREAMS,1.0
31.6582,75.07053,14:06:29,D,2023-10-08,24.RiceResidueFireBulletin_08Oct_2023_ICAR.pdf,Agricultural Burn,CREAMS,1.0
30.698,74.623,13:53:46,D,2023-10-08,24.RiceResidueFireBulletin_08Oct_2023_ICAR.pdf,Agricultural Burn,CREAMS,1.0
30.59496,76.55943,14:06:29,D,2023-10-08,24.RiceResidueFireBulletin_08Oct_2023_ICAR.pdf,Agricultural Burn,CREAMS,1.0
30.606,76.592,13:53:46,D,2023-10-08,24.RiceResidueFireBulletin_08Oct_2023_ICAR.pdf,Agricultural Burn,CREAMS,1.0
30.0137,74.25579,14:06:29,D,2023-10-08,24.RiceResidueFireBulletin_08Oct_2023_ICAR.pdf,Agricultural Burn,CREAMS,1.0
30.4621,74.05997,14:06:29,D,2023-10-08,24.RiceResidueFireBulletin_08Oct_2023_ICAR.pdf,Agricultural Burn,CREAMS,1.0
30.9532,74.57861,14:06:29,D,2023-10-08,24.RiceResidueFireBulletin_08Oct_2023_ICAR.pdf,Agricultural Burn,CREAMS,1.0
30.82115,74.34216,14:06:29,D,2023-10-08,24.RiceResidueFireBulletin_08Oct_2023_ICAR.pdf,Agricultural Burn,CREAMS,1.0
30.82171,74.33942,14:06:29,D,2023-10-08,24.RiceResidueFireBulletin_08Oct_2023_ICAR.pdf,Agricultural Burn,CREAMS,1.0
31.025,75.337,13:53:46,D,2023-10-08,24.RiceResidueFireBulletin_08Oct_2023_ICAR.pdf,Agricultural Burn,CREAMS,1.0
31.38677,75.32578,14:06:29,D,2023-10-08,24.RiceResidueFireBulletin_08Oct_2023_ICAR.pdf,Agricultural Burn,CREAMS,1.0
31.426,75.364,13:53:46,D,2023-10-08,24.RiceResidueFireBulletin_08Oct_2023_ICAR.pdf,Agricultural Burn,CREAMS,1.0
31.29223,75.22057,14:06:29,D,2023-10-08,24.RiceResidueFireBulletin_08Oct_2023_ICAR.pdf,Agricultural Burn,CREAMS,1.0
31.29311,75.22228,14:06:29,D,2023-10-08,24.RiceResidueFireBulletin_08Oct_2023_ICAR.pdf,Agricultural Burn,CREAMS,1.0
31.235,75.151,13:53:46,D,2023-10-08,24.RiceResidueFireBulletin_08Oct_2023_ICAR.pdf,Agricultural Burn,CREAMS,1.0
31.237,75.162,13:53:46,D,2023-10-08,24.RiceResidueFireBulletin_08Oct_2023_ICAR.pdf,Agricultural Burn,CREAMS,1.0
31.246,75.16,13:53:46,D,2023-10-08,24.RiceResidueFireBulletin_08Oct_2023_ICAR.pdf,Agricultural Burn,CREAMS,1.0
31.271,75.199,13:53:46,D,2023-10-08,24.RiceResidueFireBulletin_08Oct_2023_ICAR.pdf,Agricultural Burn,CREAMS,1.0
30.94176,75.3688,14:06:29,D,2023-10-08,24.RiceResidueFireBulletin_08Oct_2023_ICAR.pdf,Agricultural Burn,CREAMS,1.0
30.26831,76.26084,14:06:29,D,2023-10-08,24.RiceResidueFireBulletin_08Oct_2023_ICAR.pdf,Agricultural Burn,CREAMS,1.0
30.40932,76.52509,14:06:29,D,2023-10-08,24.RiceResidueFireBulletin_08Oct_2023_ICAR.pdf,Agricultural Burn,CREAMS,1.0
30.42032,76.38508,14:06:29,D,2023-10-08,24.RiceResidueFireBulletin_08Oct_2023_ICAR.pdf,Agricultural Burn,CREAMS,1.0
30.232,76.194,13:53:46,D,2023-10-08,24.RiceResidueFireBulletin_08Oct_2023_ICAR.pdf,Agricultural Burn,CREAMS,1.0
30.269,76.255,13:53:46,D,2023-10-08,24.RiceResidueFireBulletin_08Oct_2023_ICAR.pdf,Agricultural Burn,CREAMS,1.0
29.89564,76.07919,14:06:29,D,2023-10-08,24.RiceResidueFireBulletin_08Oct_2023_ICAR.pdf,Agricultural Burn,CREAMS,1.0
29.9592,76.08397,14:06:29,D,2023-10-08,24.RiceResidueFireBulletin_08Oct_2023_ICAR.pdf,Agricultural Burn,CREAMS,1.0
30.51691,76.70285,14:06:29,D,2023-10-08,24.RiceResidueFireBulletin_08Oct_2023_ICAR.pdf,Agricultural Burn,CREAMS,1.0
30.5209,76.68244,14:06:29,D,2023-10-08,24.RiceResidueFireBulletin_08Oct_2023_ICAR.pdf,Agricultural Burn,CREAMS,1.0
30.53982,76.7168,14:06:29,D,2023-10-08,24.RiceResidueFireBulletin_08Oct_2023_ICAR.pdf,Agricultural Burn,CREAMS,1.0
30.563,76.745,13:53:46,D,2023-10-08,24.RiceResidueFireBulletin_08Oct_2023_ICAR.pdf,Agricultural Burn,CREAMS,1.0
30.09823,76.17162,14:06:29,D,2023-10-08,24.RiceResidueFireBulletin_08Oct_2023_ICAR.pdf,Agricultural Burn,CREAMS,1.0
30.1187,76.09895,14:06:29,D,2023-10-08,24.RiceResidueFireBulletin_08Oct_2023_ICAR.pdf,Agricultural Burn,CREAMS,1.0
30.11881,76.10022,14:06:29,D,2023-10-08,24.RiceResidueFireBulletin_08Oct_2023_ICAR.pdf,Agricultural Burn,CREAMS,1.0
30.28354,76.46421,14:06:29,D,2023-10-08,24.RiceResidueFireBulletin_08Oct_2023_ICAR.pdf,Agricultural Burn,CREAMS,1.0
29.80525,75.99528,14:06:29,D,2023-10-08,24.RiceResidueFireBulletin_08Oct_2023_ICAR.pdf,Agricultural Burn,CREAMS,1.0
29.758,75.995,13:53:46,D,2023-10-08,24.RiceResidueFireBulletin_08Oct_2023_ICAR.pdf,Agricultural Burn,CREAMS,1.0
30.277,76.19,13:53:46,D,2023-10-08,24.RiceResidueFireBulletin_08Oct_2023_ICAR.pdf,Agricultural Burn,CREAMS,1.0
30.04162,75.66771,14:06:29,D,2023-10-08,24.RiceResidueFireBulletin_08Oct_2023_ICAR.pdf,Agricultural Burn,CREAMS,1.0
30.0469,75.79463,14:06:29,D,2023-10-08,24.RiceResidueFireBulletin_08Oct_2023_ICAR.pdf,Agricultural Burn,CREAMS,1.0
30.07832,75.64183,14:06:29,D,2023-10-08,24.RiceResidueFireBulletin_08Oct_2023_ICAR.pdf,Agricultural Burn,CREAMS,1.0
30.58391,76.79276,14:06:29,D,2023-10-08,24.RiceResidueFireBulletin_08Oct_2023_ICAR.pdf,Agricultural Burn,CREAMS,1.0
30.58395,76.79369,14:06:29,D,2023-10-08,24.RiceResidueFireBulletin_08Oct_2023_ICAR.pdf,Agricultural Burn,CREAMS,1.0
30.58938,76.79225,14:06:29,D,2023-10-08,24.RiceResidueFireBulletin_08Oct_2023_ICAR.pdf,Agricultural Burn,CREAMS,1.0
30.58942,76.79319,14:06:29,D,2023-10-08,24.RiceResidueFireBulletin_08Oct_2023_ICAR.pdf,Agricultural Burn,CREAMS,1.0
30.59763,76.82909,14:06:29,D,2023-10-08,24.RiceResidueFireBulletin_08Oct_2023_ICAR.pdf,Agricultural Burn,CREAMS,1.0
30.60284,76.82776,14:06:29,D,2023-10-08,24.RiceResidueFireBulletin_08Oct_2023_ICAR.pdf,Agricultural Burn,CREAMS,1.0
30.61324,76.81865,14:06:29,D,2023-10-08,24.RiceResidueFireBulletin_08Oct_2023_ICAR.pdf,Agricultural Burn,CREAMS,1.0
30.515,76.918,13:53:46,D,2023-10-08,24.RiceResidueFireBulletin_08Oct_2023_ICAR.pdf,Agricultural Burn,CREAMS,1.0
30.516,76.928,13:53:46,D,2023-10-08,24.RiceResidueFireBulletin_08Oct_2023_ICAR.pdf,Agricultural Burn,CREAMS,1.0
30.591,76.813,13:53:46,D,2023-10-08,24.RiceResidueFireBulletin_08Oct_2023_ICAR.pdf,Agricultural Burn,CREAMS,1.0
30.593,76.823,13:53:46,D,2023-10-08,24.RiceResidueFireBulletin_08Oct_2023_ICAR.pdf,Agricultural Burn,CREAMS,1.0
30.614,76.833,13:53:46,D,2023-10-08,24.RiceResidueFireBulletin_08Oct_2023_ICAR.pdf,Agricultural Burn,CREAMS,1.0
31.35833,75.10014,14:06:29,D,2023-10-08,24.RiceResidueFireBulletin_08Oct_2023_ICAR.pdf,Agricultural Burn,CREAMS,1.0
31.36278,75.09306,14:06:29,D,2023-10-08,24.RiceResidueFireBulletin_08Oct_2023_ICAR.pdf,Agricultural Burn,CREAMS,1.0
31.38601,75.06293,14:06:29,D,2023-10-08,24.RiceResidueFireBulletin_08Oct_2023_ICAR.pdf,Agricultural Burn,CREAMS,1.0
31.357,75.095,13:53:46,D,2023-10-08,24.RiceResidueFireBulletin_08Oct_2023_ICAR.pdf,Agricultural Burn,CREAMS,1.0
31.48046,74.73444,14:06:29,D,2023-10-08,24.RiceResidueFireBulletin_08Oct_2023_ICAR.pdf,Agricultural Burn,CREAMS,1.0
31.48181,74.69019,14:06:29,D,2023-10-08,24.RiceResidueFireBulletin_08Oct_2023_ICAR.pdf,Agricultural Burn,CREAMS,1.0
31.38823,75.09698,14:06:29,D,2023-10-08,24.RiceResidueFireBulletin_08Oct_2023_ICAR.pdf,Agricultural Burn,CREAMS,1.0
31.38853,75.09569,14:06:29,D,2023-10-08,24.RiceResidueFireBulletin_08Oct_2023_ICAR.pdf,Agricultural Burn,CREAMS,1.0
31.42632,75.06519,14:06:29,D,2023-10-08,24.RiceResidueFireBulletin_08Oct_2023_ICAR.pdf,Agricultural Burn,CREAMS,1.0
31.399,75.136,13:53:46,D,2023-10-08,24.RiceResidueFireBulletin_08Oct_2023_ICAR.pdf,Agricultural Burn,CREAMS,1.0
31.409,75.134,13:53:46,D,2023-10-08,24.RiceResidueFireBulletin_08Oct_2023_ICAR.pdf,Agricultural Burn,CREAMS,1.0
31.425,75.063,13:53:46,D,2023-10-08,24.RiceResidueFireBulletin_08Oct_2023_ICAR.pdf,Agricultural Burn,CREAMS,1.0
31.451,75.051,13:53:46,D,2023-10-08,24.RiceResidueFireBulletin_08Oct_2023_ICAR.pdf,Agricultural Burn,CREAMS,1.0
31.507,75.107,13:53:46,D,2023-10-08,24.RiceResidueFireBulletin_08Oct_2023_ICAR.pdf,Agricultural Burn,CREAMS,1.0
31.36463,74.99442,14:06:29,D,2023-10-08,24.RiceResidueFireBulletin_08Oct_2023_ICAR.pdf,Agricultural Burn,CREAMS,1.0
31.391,75.026,13:53:46,D,2023-10-08,24.RiceResidueFireBulletin_08Oct_2023_ICAR.pdf,Agricultural Burn,CREAMS,1.0
31.422,74.985,13:53:46,D,2023-10-08,24.RiceResidueFireBulletin_08Oct_2023_ICAR.pdf,Agricultural Burn,CREAMS,1.0
31.43253,74.89495,14:06:29,D,2023-10-08,24.RiceResidueFireBulletin_08Oct_2023_ICAR.pdf,Agricultural Burn,CREAMS,1.0
31.505,74.858,13:53:46,D,2023-10-08,24.RiceResidueFireBulletin_08Oct_2023_ICAR.pdf,Agricultural Burn,CREAMS,1.0
30.18843,76.68011,14:06:29,D,2023-10-08,24.RiceResidueFireBulletin_08Oct_2023_ICAR.pdf,Agricultural Burn,CREAMS,1.0
30.26058,76.84161,14:06:29,D,2023-10-08,24.RiceResidueFireBulletin_08Oct_2023_ICAR.pdf,Agricultural Burn,CREAMS,1.0
30.26091,76.77306,14:06:29,D,2023-10-08,24.RiceResidueFireBulletin_08Oct_2023_ICAR.pdf,Agricultural Burn,CREAMS,1.0
30.26218,76.77299,14:06:29,D,2023-10-08,24.RiceResidueFireBulletin_08Oct_2023_ICAR.pdf,Agricultural Burn,CREAMS,1.0
30.21542,76.98062,14:06:29,D,2023-10-08,24.RiceResidueFireBulletin_08Oct_2023_ICAR.pdf,Agricultural Burn,CREAMS,1.0
30.28764,77.13287,14:06:29,D,2023-10-08,24.RiceResidueFireBulletin_08Oct_2023_ICAR.pdf,Agricultural Burn,CREAMS,1.0
30.289,77.132,13:53:46,D,2023-10-08,24.RiceResidueFireBulletin_08Oct_2023_ICAR.pdf,Agricultural Burn,CREAMS,1.0
30.44,76.901,13:53:46,D,2023-10-08,24.RiceResidueFireBulletin_08Oct_2023_ICAR.pdf,Agricultural Burn,CREAMS,1.0
29.707,75.784,13:53:46,D,2023-10-08,24.RiceResidueFireBulletin_08Oct_2023_ICAR.pdf,Agricultural Burn,CREAMS,1.0
29.5867,75.89757,14:06:29,D,2023-10-08,24.RiceResidueFireBulletin_08Oct_2023_ICAR.pdf,Agricultural Burn,CREAMS,1.0
29.63514,75.92045,14:06:29,D,2023-10-08,24.RiceResidueFireBulletin_08Oct_2023_ICAR.pdf,Agricultural Burn,CREAMS,1.0
29.63714,75.88197,14:06:29,D,2023-10-08,24.RiceResidueFireBulletin_08Oct_2023_ICAR.pdf,Agricultural Burn,CREAMS,1.0
29.64055,75.86082,14:06:29,D,2023-10-08,24.RiceResidueFireBulletin_08Oct_2023_ICAR.pdf,Agricultural Burn,CREAMS,1.0
29.64227,75.88145,14:06:29,D,2023-10-08,24.RiceResidueFireBulletin_08Oct_2023_ICAR.pdf,Agricultural Burn,CREAMS,1.0
29.66645,75.86169,14:06:29,D,2023-10-08,24.RiceResidueFireBulletin_08Oct_2023_ICAR.pdf,Agricultural Burn,CREAMS,1.0
29.66848,75.863,14:06:29,D,2023-10-08,24.RiceResidueFireBulletin_08Oct_2023_ICAR.pdf,Agricultural Burn,CREAMS,1.0
29.603,75.888,13:53:46,D,2023-10-08,24.RiceResidueFireBulletin_08Oct_2023_ICAR.pdf,Agricultural Burn,CREAMS,1.0
29.653,75.915,13:53:46,D,2023-10-08,24.RiceResidueFireBulletin_08Oct_2023_ICAR.pdf,Agricultural Burn,CREAMS,1.0
29.66,75.783,13:53:46,D,2023-10-08,24.RiceResidueFireBulletin_08Oct_2023_ICAR.pdf,Agricultural Burn,CREAMS,1.0
29.662,75.794,13:53:46,D,2023-10-08,24.RiceResidueFireBulletin_08Oct_2023_ICAR.pdf,Agricultural Burn,CREAMS,1.0
29.708,75.795,13:53:46,D,2023-10-08,24.RiceResidueFireBulletin_08Oct_2023_ICAR.pdf,Agricultural Burn,CREAMS,1.0
29.721,75.933,13:53:46,D,2023-10-08,24.RiceResidueFireBulletin_08Oct_2023_ICAR.pdf,Agricultural Burn,CREAMS,1.0
29.11255,75.93045,14:06:29,D,2023-10-08,24.RiceResidueFireBulletin_08Oct_2023_ICAR.pdf,Agricultural Burn,CREAMS,1.0
29.19945,76.07359,14:06:29,D,2023-10-08,24.RiceResidueFireBulletin_08Oct_2023_ICAR.pdf,Agricultural Burn,CREAMS,1.0
29.54934,76.03543,14:06:29,D,2023-10-08,24.RiceResidueFireBulletin_08Oct_2023_ICAR.pdf,Agricultural Burn,CREAMS,1.0
29.58257,76.08232,12:26:54,D,2023-10-08,24.RiceResidueFireBulletin_08Oct_2023_ICAR.pdf,Agricultural Burn,CREAMS,1.0
29.71034,76.06628,14:06:29,D,2023-10-08,24.RiceResidueFireBulletin_08Oct_2023_ICAR.pdf,Agricultural Burn,CREAMS,1.0
29.676,76.061,13:53:46,D,2023-10-08,24.RiceResidueFireBulletin_08Oct_2023_ICAR.pdf,Agricultural Burn,CREAMS,1.0
29.35032,76.58255,14:06:29,D,2023-10-08,24.RiceResidueFireBulletin_08Oct_2023_ICAR.pdf,Agricultural Burn,CREAMS,1.0
29.5531,76.08117,14:06:29,D,2023-10-08,24.RiceResidueFireBulletin_08Oct_2023_ICAR.pdf,Agricultural Burn,CREAMS,1.0
29.54,76.08,13:53:46,D,2023-10-08,24.RiceResidueFireBulletin_08Oct_2023_ICAR.pdf,Agricultural Burn,CREAMS,1.0
29.75315,76.21004,14:06:29,D,2023-10-08,24.RiceResidueFireBulletin_08Oct_2023_ICAR.pdf,Agricultural Burn,CREAMS,1.0
29.736,76.337,13:53:46,D,2023-10-08,24.RiceResidueFireBulletin_08Oct_2023_ICAR.pdf,Agricultural Burn,CREAMS,1.0
29.765,76.224,13:53:46,D,2023-10-08,24.RiceResidueFireBulletin_08Oct_2023_ICAR.pdf,Agricultural Burn,CREAMS,1.0
29.65188,76.53436,14:06:29,D,2023-10-08,24.RiceResidueFireBulletin_08Oct_2023_ICAR.pdf,Agricultural Burn,CREAMS,1.0
29.569,77.007,13:53:46,D,2023-10-08,24.RiceResidueFireBulletin_08Oct_2023_ICAR.pdf,Agricultural Burn,CREAMS,1.0
29.74738,77.00912,14:06:29,D,2023-10-08,24.RiceResidueFireBulletin_08Oct_2023_ICAR.pdf,Agricultural Burn,CREAMS,1.0
29.7478,77.0101,14:06:29,D,2023-10-08,24.RiceResidueFireBulletin_08Oct_2023_ICAR.pdf,Agricultural Burn,CREAMS,1.0
30.02127,76.9734,14:06:29,D,2023-10-08,24.RiceResidueFireBulletin_08Oct_2023_ICAR.pdf,Agricultural Burn,CREAMS,1.0
30.048,76.946,13:53:46,D,2023-10-08,24.RiceResidueFireBulletin_08Oct_2023_ICAR.pdf,Agricultural Burn,CREAMS,1.0
30.072,76.914,13:53:46,D,2023-10-08,24.RiceResidueFireBulletin_08Oct_2023_ICAR.pdf,Agricultural Burn,CREAMS,1.0
30.15363,76.6722,14:06:29,D,2023-10-08,24.RiceResidueFireBulletin_08Oct_2023_ICAR.pdf,Agricultural Burn,CREAMS,1.0
30.05179,77.01184,14:06:29,D,2023-10-08,24.RiceResidueFireBulletin_08Oct_2023_ICAR.pdf,Agricultural Burn,CREAMS,1.0
30.021,76.567,13:53:46,D,2023-10-08,24.RiceResidueFireBulletin_08Oct_2023_ICAR.pdf,Agricultural Burn,CREAMS,1.0
30.035,76.854,13:53:46,D,2023-10-08,24.RiceResidueFireBulletin_08Oct_2023_ICAR.pdf,Agricultural Burn,CREAMS,1.0
28.11069,77.41579,14:06:29,D,2023-10-08,24.RiceResidueFireBulletin_08Oct_2023_ICAR.pdf,Agricultural Burn,CREAMS,1.0
29.34025,76.89861,14:06:29,D,2023-10-08,24.RiceResidueFireBulletin_08Oct_2023_ICAR.pdf,Agricultural Burn,CREAMS,1.0
29.789,75.132,13:53:46,D,2023-10-08,24.RiceResidueFireBulletin_08Oct_2023_ICAR.pdf,Agricultural Burn,CREAMS,1.0
29.191,76.949,13:53:46,D,2023-10-08,24.RiceResidueFireBulletin_08Oct_2023_ICAR.pdf,Agricultural Burn,CREAMS,1.0
29.07854,77.02663,14:06:29,D,2023-10-08,24.RiceResidueFireBulletin_08Oct_2023_ICAR.pdf,Agricultural Burn,CREAMS,1.0
28.93881,77.16228,14:06:29,D,2023-10-08,24.RiceResidueFireBulletin_08Oct_2023_ICAR.pdf,Agricultural Burn,CREAMS,1.0
28.93913,77.1629,14:06:29,D,2023-10-08,24.RiceResidueFireBulletin_08Oct_2023_ICAR.pdf,Agricultural Burn,CREAMS,1.0
30.159,77.389,13:53:46,D,2023-10-08,24.RiceResidueFireBulletin_08Oct_2023_ICAR.pdf,Agricultural Burn,CREAMS,1.0
30.25485,77.14418,14:06:29,D,2023-10-08,24.RiceResidueFireBulletin_08Oct_2023_ICAR.pdf,Agricultural Burn,CREAMS,1.0
30.27307,77.16378,14:06:29,D,2023-10-08,24.RiceResidueFireBulletin_08Oct_2023_ICAR.pdf,Agricultural Burn,CREAMS,1.0
28.00069,77.76525,12:26:54,D,2023-10-08,24.RiceResidueFireBulletin_08Oct_2023_ICAR.pdf,Agricultural Burn,CREAMS,1.0
28.01755,77.66987,14:06:29,D,2023-10-08,24.RiceResidueFireBulletin_08Oct_2023_ICAR.pdf,Agricultural Burn,CREAMS,1.0
28.01949,77.66926,14:06:29,D,2023-10-08,24.RiceResidueFireBulletin_08Oct_2023_ICAR.pdf,Agricultural Burn,CREAMS,1.0
28.03167,77.63058,14:06:29,D,2023-10-08,24.RiceResidueFireBulletin_08Oct_2023_ICAR.pdf,Agricultural Burn,CREAMS,1.0
28.042,77.677,13:53:46,D,2023-10-08,24.RiceResidueFireBulletin_08Oct_2023_ICAR.pdf,Agricultural Burn,CREAMS,1.0
28.739,79.686,13:53:46,D,2023-10-08,24.RiceResidueFireBulletin_08Oct_2023_ICAR.pdf,Agricultural Burn,CREAMS,1.0
26.73308,79.07915,14:06:29,D,2023-10-08,24.RiceResidueFireBulletin_08Oct_2023_ICAR.pdf,Agricultural Burn,CREAMS,1.0
26.91102,79.12043,12:26:54,D,2023-10-08,24.RiceResidueFireBulletin_08Oct_2023_ICAR.pdf,Agricultural Burn,CREAMS,1.0
26.96485,78.97695,14:06:29,D,2023-10-08,24.RiceResidueFireBulletin_08Oct_2023_ICAR.pdf,Agricultural Burn,CREAMS,1.0
26.9664,78.97757,14:06:29,D,2023-10-08,24.RiceResidueFireBulletin_08Oct_2023_ICAR.pdf,Agricultural Burn,CREAMS,1.0
27.72502,77.59502,14:06:29,D,2023-10-08,24.RiceResidueFireBulletin_08Oct_2023_ICAR.pdf,Agricultural Burn,CREAMS,1.0
27.771,77.32612,14:06:29,D,2023-10-08,24.RiceResidueFireBulletin_08Oct_2023_ICAR.pdf,Agricultural Burn,CREAMS,1.0
27.77117,77.32621,14:06:29,D,2023-10-08,24.RiceResidueFireBulletin_08Oct_2023_ICAR.pdf,Agricultural Burn,CREAMS,1.0
27.725,77.591,13:53:46,D,2023-10-08,24.RiceResidueFireBulletin_08Oct_2023_ICAR.pdf,Agricultural Burn,CREAMS,1.0
28.86092,79.78407,14:06:29,D,2023-10-08,24.RiceResidueFireBulletin_08Oct_2023_ICAR.pdf,Agricultural Burn,CREAMS,1.0
28.86193,79.80165,14:06:29,D,2023-10-08,24.RiceResidueFireBulletin_08Oct_2023_ICAR.pdf,Agricultural Burn,CREAMS,1.0
28.86732,79.78362,14:06:29,D,2023-10-08,24.RiceResidueFireBulletin_08Oct_2023_ICAR.pdf,Agricultural Burn,CREAMS,1.0
28.86814,79.78021,14:06:29,D,2023-10-08,24.RiceResidueFireBulletin_08Oct_2023_ICAR.pdf,Agricultural Burn,CREAMS,1.0
28.87546,79.79735,14:06:29,D,2023-10-08,24.RiceResidueFireBulletin_08Oct_2023_ICAR.pdf,Agricultural Burn,CREAMS,1.0
28.854,79.787,13:53:46,D,2023-10-08,24.RiceResidueFireBulletin_08Oct_2023_ICAR.pdf,Agricultural Burn,CREAMS,1.0
28.874,79.795,13:53:46,D,2023-10-08,24.RiceResidueFireBulletin_08Oct_2023_ICAR.pdf,Agricultural Burn,CREAMS,1.0
28.469,80.068,13:53:46,D,2023-10-08,24.RiceResidueFireBulletin_08Oct_2023_ICAR.pdf,Agricultural Burn,CREAMS,1.0
28.917,79.35,13:53:46,D,2023-10-08,24.RiceResidueFireBulletin_08Oct_2023_ICAR.pdf,Agricultural Burn,CREAMS,1.0
28.929,79.37,13:53:46,D,2023-10-08,24.RiceResidueFireBulletin_08Oct_2023_ICAR.pdf,Agricultural Burn,CREAMS,1.0
28.57108,78.58577,14:06:29,D,2023-10-08,24.RiceResidueFireBulletin_08Oct_2023_ICAR.pdf,Agricultural Burn,CREAMS,1.0
28.566,78.588,13:53:46,D,2023-10-08,24.RiceResidueFireBulletin_08Oct_2023_ICAR.pdf,Agricultural Burn,CREAMS,1.0
28.568,78.599,13:53:46,D,2023-10-08,24.RiceResidueFireBulletin_08Oct_2023_ICAR.pdf,Agricultural Burn,CREAMS,1.0
24.79234,76.59295,14:06:29,D,2023-10-08,24.RiceResidueFireBulletin_08Oct_2023_ICAR.pdf,Agricultural Burn,CREAMS,1.0
24.68452,76.74303,14:06:29,D,2023-10-08,24.RiceResidueFireBulletin_08Oct_2023_ICAR.pdf,Agricultural Burn,CREAMS,1.0
25.30116,76.41829,14:06:29,D,2023-10-08,24.RiceResidueFireBulletin_08Oct_2023_ICAR.pdf,Agricultural Burn,CREAMS,1.0
25.39716,76.47636,14:06:29,D,2023-10-08,24.RiceResidueFireBulletin_08Oct_2023_ICAR.pdf,Agricultural Burn,CREAMS,1.0
25.17136,77.0407,14:06:29,D,2023-10-08,24.RiceResidueFireBulletin_08Oct_2023_ICAR.pdf,Agricultural Burn,CREAMS,1.0
29.58437,74.30412,14:06:29,D,2023-10-08,24.RiceResidueFireBulletin_08Oct_2023_ICAR.pdf,Agricultural Burn,CREAMS,1.0
29.66045,74.50967,14:06:29,D,2023-10-08,24.RiceResidueFireBulletin_08Oct_2023_ICAR.pdf,Agricultural Burn,CREAMS,1.0
29.66174,74.50719,14:06:29,D,2023-10-08,24.RiceResidueFireBulletin_08Oct_2023_ICAR.pdf,Agricultural Burn,CREAMS,1.0
25.46246,76.46291,14:06:29,D,2023-10-08,24.RiceResidueFireBulletin_08Oct_2023_ICAR.pdf,Agricultural Burn,CREAMS,1.0
26.11265,78.91608,14:06:29,D,2023-10-08,24.RiceResidueFireBulletin_08Oct_2023_ICAR.pdf,Agricultural Burn,CREAMS,1.0
26.357,79.055,13:53:46,D,2023-10-08,24.RiceResidueFireBulletin_08Oct_2023_ICAR.pdf,Agricultural Burn,CREAMS,1.0
23.04232,75.27659,14:06:29,D,2023-10-08,24.RiceResidueFireBulletin_08Oct_2023_ICAR.pdf,Agricultural Burn,CREAMS,1.0
22.63295,75.39593,14:06:29,D,2023-10-08,24.RiceResidueFireBulletin_08Oct_2023_ICAR.pdf,Agricultural Burn,CREAMS,1.0
24.63607,77.14337,14:06:29,D,2023-10-08,24.RiceResidueFireBulletin_08Oct_2023_ICAR.pdf,Agricultural Burn,CREAMS,1.0
24.66817,77.14716,14:06:29,D,2023-10-08,24.RiceResidueFireBulletin_08Oct_2023_ICAR.pdf,Agricultural Burn,CREAMS,1.0
24.75766,77.03194,14:06:29,D,2023-10-08,24.RiceResidueFireBulletin_08Oct_2023_ICAR.pdf,Agricultural Burn,CREAMS,1.0
24.825,76.974,13:53:46,D,2023-10-08,24.RiceResidueFireBulletin_08Oct_2023_ICAR.pdf,Agricultural Burn,CREAMS,1.0
22.14326,77.10182,14:06:29,D,2023-10-08,24.RiceResidueFireBulletin_08Oct_2023_ICAR.pdf,Agricultural Burn,CREAMS,1.0
22.55632,77.35667,14:06:29,D,2023-10-08,24.RiceResidueFireBulletin_08Oct_2023_ICAR.pdf,Agricultural Burn,CREAMS,1.0
22.89482,75.50468,14:06:29,D,2023-10-08,24.RiceResidueFireBulletin_08Oct_2023_ICAR.pdf,Agricultural Burn,CREAMS,1.0
24.54758,75.86987,02:56:29,N,2023-10-08,24.RiceResidueFireBulletin_08Oct_2023_ICAR.pdf,Agricultural Burn,CREAMS,1.0
26.30884,77.66921,14:06:29,D,2023-10-08,24.RiceResidueFireBulletin_08Oct_2023_ICAR.pdf,Agricultural Burn,CREAMS,1.0
26.33125,77.67112,14:06:29,D,2023-10-08,24.RiceResidueFireBulletin_08Oct_2023_ICAR.pdf,Agricultural Burn,CREAMS,1.0
26.308,77.671,13:53:46,D,2023-10-08,24.RiceResidueFireBulletin_08Oct_2023_ICAR.pdf,Agricultural Burn,CREAMS,1.0
23.53333,76.95834,14:06:29,D,2023-10-08,24.RiceResidueFireBulletin_08Oct_2023_ICAR.pdf,Agricultural Burn,CREAMS,1.0
23.689,76.91548,14:06:29,D,2023-10-08,24.RiceResidueFireBulletin_08Oct_2023_ICAR.pdf,Agricultural Burn,CREAMS,1.0
24.60488,80.68797,14:06:29,D,2023-10-08,24.RiceResidueFireBulletin_08Oct_2023_ICAR.pdf,Agricultural Burn,CREAMS,1.0
31.50046,74.59585,13:47:33,D,2023-10-09,25.RiceResidueFireBulletin_09Oct_2023_ICAR.pdf,Agricultural Burn,CREAMS,1.0
31.77208,74.75607,13:47:33,D,2023-10-09,25.RiceResidueFireBulletin_09Oct_2023_ICAR.pdf,Agricultural Burn,CREAMS,1.0
31.55639,75.00307,13:47:33,D,2023-10-09,25.RiceResidueFireBulletin_09Oct_2023_ICAR.pdf,Agricultural Burn,CREAMS,1.0
31.69571,75.04955,13:47:33,D,2023-10-09,25.RiceResidueFireBulletin_09Oct_2023_ICAR.pdf,Agricultural Burn,CREAMS,1.0
31.70511,74.99922,13:47:33,D,2023-10-09,25.RiceResidueFireBulletin_09Oct_2023_ICAR.pdf,Agricultural Burn,CREAMS,1.0
31.7377,74.91617,13:47:33,D,2023-10-09,25.RiceResidueFireBulletin_09Oct_2023_ICAR.pdf,Agricultural Burn,CREAMS,1.0
31.74513,74.94727,13:47:33,D,2023-10-09,25.RiceResidueFireBulletin_09Oct_2023_ICAR.pdf,Agricultural Burn,CREAMS,1.0
31.79714,75.03113,13:47:33,D,2023-10-09,25.RiceResidueFireBulletin_09Oct_2023_ICAR.pdf,Agricultural Burn,CREAMS,1.0
30.72892,74.64848,13:47:33,D,2023-10-09,25.RiceResidueFireBulletin_09Oct_2023_ICAR.pdf,Agricultural Burn,CREAMS,1.0
30.73751,74.62691,13:47:33,D,2023-10-09,25.RiceResidueFireBulletin_09Oct_2023_ICAR.pdf,Agricultural Burn,CREAMS,1.0
30.70567,76.47866,13:47:33,D,2023-10-09,25.RiceResidueFireBulletin_09Oct_2023_ICAR.pdf,Agricultural Burn,CREAMS,1.0
30.70587,76.47861,13:47:33,D,2023-10-09,25.RiceResidueFireBulletin_09Oct_2023_ICAR.pdf,Agricultural Burn,CREAMS,1.0
30.96274,74.52904,13:47:33,D,2023-10-09,25.RiceResidueFireBulletin_09Oct_2023_ICAR.pdf,Agricultural Burn,CREAMS,1.0
30.9777,74.77608,13:47:33,D,2023-10-09,25.RiceResidueFireBulletin_09Oct_2023_ICAR.pdf,Agricultural Burn,CREAMS,1.0
30.83206,74.42869,13:47:33,D,2023-10-09,25.RiceResidueFireBulletin_09Oct_2023_ICAR.pdf,Agricultural Burn,CREAMS,1.0
31.09286,75.19985,13:47:33,D,2023-10-09,25.RiceResidueFireBulletin_09Oct_2023_ICAR.pdf,Agricultural Burn,CREAMS,1.0
31.12493,75.21108,13:47:33,D,2023-10-09,25.RiceResidueFireBulletin_09Oct_2023_ICAR.pdf,Agricultural Burn,CREAMS,1.0
31.2504,75.23775,13:47:33,D,2023-10-09,25.RiceResidueFireBulletin_09Oct_2023_ICAR.pdf,Agricultural Burn,CREAMS,1.0
31.26057,75.19251,13:47:33,D,2023-10-09,25.RiceResidueFireBulletin_09Oct_2023_ICAR.pdf,Agricultural Burn,CREAMS,1.0
31.34239,75.20462,13:47:33,D,2023-10-09,25.RiceResidueFireBulletin_09Oct_2023_ICAR.pdf,Agricultural Burn,CREAMS,1.0
30.60839,75.48181,13:47:33,D,2023-10-09,25.RiceResidueFireBulletin_09Oct_2023_ICAR.pdf,Agricultural Burn,CREAMS,1.0
29.6704,75.34915,13:47:33,D,2023-10-09,25.RiceResidueFireBulletin_09Oct_2023_ICAR.pdf,Agricultural Burn,CREAMS,1.0
30.29437,76.58924,13:47:33,D,2023-10-09,25.RiceResidueFireBulletin_09Oct_2023_ICAR.pdf,Agricultural Burn,CREAMS,1.0
30.29456,76.59016,13:47:33,D,2023-10-09,25.RiceResidueFireBulletin_09Oct_2023_ICAR.pdf,Agricultural Burn,CREAMS,1.0
29.87825,76.04085,13:47:33,D,2023-10-09,25.RiceResidueFireBulletin_09Oct_2023_ICAR.pdf,Agricultural Burn,CREAMS,1.0
29.89703,75.99828,13:47:33,D,2023-10-09,25.RiceResidueFireBulletin_09Oct_2023_ICAR.pdf,Agricultural Burn,CREAMS,1.0
29.89808,76.00165,13:47:33,D,2023-10-09,25.RiceResidueFireBulletin_09Oct_2023_ICAR.pdf,Agricultural Burn,CREAMS,1.0
29.9437,76.12646,13:47:33,D,2023-10-09,25.RiceResidueFireBulletin_09Oct_2023_ICAR.pdf,Agricultural Burn,CREAMS,1.0
29.96327,76.12357,13:47:33,D,2023-10-09,25.RiceResidueFireBulletin_09Oct_2023_ICAR.pdf,Agricultural Burn,CREAMS,1.0
30.02721,76.05989,13:47:33,D,2023-10-09,25.RiceResidueFireBulletin_09Oct_2023_ICAR.pdf,Agricultural Burn,CREAMS,1.0
30.02789,76.13136,13:47:33,D,2023-10-09,25.RiceResidueFireBulletin_09Oct_2023_ICAR.pdf,Agricultural Burn,CREAMS,1.0
30.52597,76.72061,13:47:33,D,2023-10-09,25.RiceResidueFireBulletin_09Oct_2023_ICAR.pdf,Agricultural Burn,CREAMS,1.0
30.09416,76.15978,13:47:33,D,2023-10-09,25.RiceResidueFireBulletin_09Oct_2023_ICAR.pdf,Agricultural Burn,CREAMS,1.0
30.25872,76.31041,13:47:33,D,2023-10-09,25.RiceResidueFireBulletin_09Oct_2023_ICAR.pdf,Agricultural Burn,CREAMS,1.0
30.25939,76.31628,13:47:33,D,2023-10-09,25.RiceResidueFireBulletin_09Oct_2023_ICAR.pdf,Agricultural Burn,CREAMS,1.0
30.26102,76.3147,13:47:33,D,2023-10-09,25.RiceResidueFireBulletin_09Oct_2023_ICAR.pdf,Agricultural Burn,CREAMS,1.0
30.30964,76.46433,13:47:33,D,2023-10-09,25.RiceResidueFireBulletin_09Oct_2023_ICAR.pdf,Agricultural Burn,CREAMS,1.0
30.47308,76.68159,13:47:33,D,2023-10-09,25.RiceResidueFireBulletin_09Oct_2023_ICAR.pdf,Agricultural Burn,CREAMS,1.0
29.75328,76.02126,13:47:33,D,2023-10-09,25.RiceResidueFireBulletin_09Oct_2023_ICAR.pdf,Agricultural Burn,CREAMS,1.0
30.26757,76.15409,13:47:33,D,2023-10-09,25.RiceResidueFireBulletin_09Oct_2023_ICAR.pdf,Agricultural Burn,CREAMS,1.0
30.27599,76.19397,13:47:33,D,2023-10-09,25.RiceResidueFireBulletin_09Oct_2023_ICAR.pdf,Agricultural Burn,CREAMS,1.0
29.96482,75.96333,13:47:33,D,2023-10-09,25.RiceResidueFireBulletin_09Oct_2023_ICAR.pdf,Agricultural Burn,CREAMS,1.0
30.59252,76.80038,13:47:33,D,2023-10-09,25.RiceResidueFireBulletin_09Oct_2023_ICAR.pdf,Agricultural Burn,CREAMS,1.0
31.50103,74.63191,13:47:33,D,2023-10-09,25.RiceResidueFireBulletin_09Oct_2023_ICAR.pdf,Agricultural Burn,CREAMS,1.0
31.50411,74.62624,13:47:33,D,2023-10-09,25.RiceResidueFireBulletin_09Oct_2023_ICAR.pdf,Agricultural Burn,CREAMS,1.0
31.40694,75.1373,13:47:33,D,2023-10-09,25.RiceResidueFireBulletin_09Oct_2023_ICAR.pdf,Agricultural Burn,CREAMS,1.0
31.408,75.13978,13:47:33,D,2023-10-09,25.RiceResidueFireBulletin_09Oct_2023_ICAR.pdf,Agricultural Burn,CREAMS,1.0
31.41072,75.13669,13:47:33,D,2023-10-09,25.RiceResidueFireBulletin_09Oct_2023_ICAR.pdf,Agricultural Burn,CREAMS,1.0
31.44968,75.17419,13:47:33,D,2023-10-09,25.RiceResidueFireBulletin_09Oct_2023_ICAR.pdf,Agricultural Burn,CREAMS,1.0
31.31007,74.79826,13:47:33,D,2023-10-09,25.RiceResidueFireBulletin_09Oct_2023_ICAR.pdf,Agricultural Burn,CREAMS,1.0
31.37074,74.83046,13:47:33,D,2023-10-09,25.RiceResidueFireBulletin_09Oct_2023_ICAR.pdf,Agricultural Burn,CREAMS,1.0
31.37135,74.82755,13:47:33,D,2023-10-09,25.RiceResidueFireBulletin_09Oct_2023_ICAR.pdf,Agricultural Burn,CREAMS,1.0
31.41959,74.88311,13:47:33,D,2023-10-09,25.RiceResidueFireBulletin_09Oct_2023_ICAR.pdf,Agricultural Burn,CREAMS,1.0
31.4327,74.83347,13:47:33,D,2023-10-09,25.RiceResidueFireBulletin_09Oct_2023_ICAR.pdf,Agricultural Burn,CREAMS,1.0
31.43884,74.91717,13:47:33,D,2023-10-09,25.RiceResidueFireBulletin_09Oct_2023_ICAR.pdf,Agricultural Burn,CREAMS,1.0
31.46806,74.812,13:47:33,D,2023-10-09,25.RiceResidueFireBulletin_09Oct_2023_ICAR.pdf,Agricultural Burn,CREAMS,1.0
31.51114,74.8448,13:47:33,D,2023-10-09,25.RiceResidueFireBulletin_09Oct_2023_ICAR.pdf,Agricultural Burn,CREAMS,1.0
31.51418,74.87081,13:47:33,D,2023-10-09,25.RiceResidueFireBulletin_09Oct_2023_ICAR.pdf,Agricultural Burn,CREAMS,1.0
30.19429,76.65265,13:47:33,D,2023-10-09,25.RiceResidueFireBulletin_09Oct_2023_ICAR.pdf,Agricultural Burn,CREAMS,1.0
30.19464,76.65298,13:47:33,D,2023-10-09,25.RiceResidueFireBulletin_09Oct_2023_ICAR.pdf,Agricultural Burn,CREAMS,1.0
29.57965,75.85411,13:47:33,D,2023-10-09,25.RiceResidueFireBulletin_09Oct_2023_ICAR.pdf,Agricultural Burn,CREAMS,1.0
29.67405,75.41157,13:47:33,D,2023-10-09,25.RiceResidueFireBulletin_09Oct_2023_ICAR.pdf,Agricultural Burn,CREAMS,1.0
29.6121,75.93239,13:47:33,D,2023-10-09,25.RiceResidueFireBulletin_09Oct_2023_ICAR.pdf,Agricultural Burn,CREAMS,1.0
29.63206,75.90157,13:47:33,D,2023-10-09,25.RiceResidueFireBulletin_09Oct_2023_ICAR.pdf,Agricultural Burn,CREAMS,1.0
29.36156,75.62115,13:47:33,D,2023-10-09,25.RiceResidueFireBulletin_09Oct_2023_ICAR.pdf,Agricultural Burn,CREAMS,1.0
29.5302,76.08174,13:47:33,D,2023-10-09,25.RiceResidueFireBulletin_09Oct_2023_ICAR.pdf,Agricultural Burn,CREAMS,1.0
29.56508,76.21333,13:47:33,D,2023-10-09,25.RiceResidueFireBulletin_09Oct_2023_ICAR.pdf,Agricultural Burn,CREAMS,1.0
30.17574,76.40027,13:47:33,D,2023-10-09,25.RiceResidueFireBulletin_09Oct_2023_ICAR.pdf,Agricultural Burn,CREAMS,1.0
29.93404,76.25574,13:47:33,D,2023-10-09,25.RiceResidueFireBulletin_09Oct_2023_ICAR.pdf,Agricultural Burn,CREAMS,1.0
29.93533,76.43495,13:47:33,D,2023-10-09,25.RiceResidueFireBulletin_09Oct_2023_ICAR.pdf,Agricultural Burn,CREAMS,1.0
29.2529,76.72602,13:47:33,D,2023-10-09,25.RiceResidueFireBulletin_09Oct_2023_ICAR.pdf,Agricultural Burn,CREAMS,1.0
29.10537,77.10877,13:47:33,D,2023-10-09,25.RiceResidueFireBulletin_09Oct_2023_ICAR.pdf,Agricultural Burn,CREAMS,1.0
28.03638,78.14021,13:47:33,D,2023-10-09,25.RiceResidueFireBulletin_09Oct_2023_ICAR.pdf,Agricultural Burn,CREAMS,1.0
27.96747,77.56658,13:47:33,D,2023-10-09,25.RiceResidueFireBulletin_09Oct_2023_ICAR.pdf,Agricultural Burn,CREAMS,1.0
28.01222,77.55196,13:47:33,D,2023-10-09,25.RiceResidueFireBulletin_09Oct_2023_ICAR.pdf,Agricultural Burn,CREAMS,1.0
28.06948,77.52427,13:47:33,D,2023-10-09,25.RiceResidueFireBulletin_09Oct_2023_ICAR.pdf,Agricultural Burn,CREAMS,1.0
28.70448,77.55365,02:38:16,N,2023-10-09,25.RiceResidueFireBulletin_09Oct_2023_ICAR.pdf,Agricultural Burn,CREAMS,1.0
25.53561,78.73862,13:47:33,D,2023-10-09,25.RiceResidueFireBulletin_09Oct_2023_ICAR.pdf,Agricultural Burn,CREAMS,1.0
26.77122,80.82691,13:47:33,D,2023-10-09,25.RiceResidueFireBulletin_09Oct_2023_ICAR.pdf,Agricultural Burn,CREAMS,1.0
28.81284,79.74945,02:38:16,N,2023-10-09,25.RiceResidueFireBulletin_09Oct_2023_ICAR.pdf,Agricultural Burn,CREAMS,1.0
28.32291,80.24197,13:47:33,D,2023-10-09,25.RiceResidueFireBulletin_09Oct_2023_ICAR.pdf,Agricultural Burn,CREAMS,1.0
28.32671,80.24224,13:47:33,D,2023-10-09,25.RiceResidueFireBulletin_09Oct_2023_ICAR.pdf,Agricultural Burn,CREAMS,1.0
28.32784,80.24144,13:47:33,D,2023-10-09,25.RiceResidueFireBulletin_09Oct_2023_ICAR.pdf,Agricultural Burn,CREAMS,1.0
28.81152,79.2969,13:47:33,D,2023-10-09,25.RiceResidueFireBulletin_09Oct_2023_ICAR.pdf,Agricultural Burn,CREAMS,1.0
27.27178,81.13282,13:47:33,D,2023-10-09,25.RiceResidueFireBulletin_09Oct_2023_ICAR.pdf,Agricultural Burn,CREAMS,1.0
25.04539,76.27864,13:47:33,D,2023-10-09,25.RiceResidueFireBulletin_09Oct_2023_ICAR.pdf,Agricultural Burn,CREAMS,1.0
25.10306,76.285,13:47:33,D,2023-10-09,25.RiceResidueFireBulletin_09Oct_2023_ICAR.pdf,Agricultural Burn,CREAMS,1.0
25.28512,76.41828,13:47:33,D,2023-10-09,25.RiceResidueFireBulletin_09Oct_2023_ICAR.pdf,Agricultural Burn,CREAMS,1.0
25.32894,76.49328,13:47:33,D,2023-10-09,25.RiceResidueFireBulletin_09Oct_2023_ICAR.pdf,Agricultural Burn,CREAMS,1.0
25.12665,77.04202,13:47:33,D,2023-10-09,25.RiceResidueFireBulletin_09Oct_2023_ICAR.pdf,Agricultural Burn,CREAMS,1.0
25.16808,76.99299,13:47:33,D,2023-10-09,25.RiceResidueFireBulletin_09Oct_2023_ICAR.pdf,Agricultural Burn,CREAMS,1.0
27.78528,77.28524,13:47:33,D,2023-10-09,25.RiceResidueFireBulletin_09Oct_2023_ICAR.pdf,Agricultural Burn,CREAMS,1.0
24.93455,74.63607,02:38:16,N,2023-10-09,25.RiceResidueFireBulletin_09Oct_2023_ICAR.pdf,Agricultural Burn,CREAMS,1.0
29.79107,74.04922,13:47:33,D,2023-10-09,25.RiceResidueFireBulletin_09Oct_2023_ICAR.pdf,Agricultural Burn,CREAMS,1.0
29.63155,74.34488,13:47:33,D,2023-10-09,25.RiceResidueFireBulletin_09Oct_2023_ICAR.pdf,Agricultural Burn,CREAMS,1.0
29.65771,74.35002,13:47:33,D,2023-10-09,25.RiceResidueFireBulletin_09Oct_2023_ICAR.pdf,Agricultural Burn,CREAMS,1.0
29.56524,74.5541,13:47:33,D,2023-10-09,25.RiceResidueFireBulletin_09Oct_2023_ICAR.pdf,Agricultural Burn,CREAMS,1.0
24.63487,76.43089,13:47:33,D,2023-10-09,25.RiceResidueFireBulletin_09Oct_2023_ICAR.pdf,Agricultural Burn,CREAMS,1.0
25.22958,76.0934,13:47:33,D,2023-10-09,25.RiceResidueFireBulletin_09Oct_2023_ICAR.pdf,Agricultural Burn,CREAMS,1.0
25.23946,76.08217,13:47:33,D,2023-10-09,25.RiceResidueFireBulletin_09Oct_2023_ICAR.pdf,Agricultural Burn,CREAMS,1.0
25.22943,75.94338,13:47:33,D,2023-10-09,25.RiceResidueFireBulletin_09Oct_2023_ICAR.pdf,Agricultural Burn,CREAMS,1.0
26.23875,76.35028,13:47:33,D,2023-10-09,25.RiceResidueFireBulletin_09Oct_2023_ICAR.pdf,Agricultural Burn,CREAMS,1.0
22.86649,76.05396,13:47:33,D,2023-10-09,25.RiceResidueFireBulletin_09Oct_2023_ICAR.pdf,Agricultural Burn,CREAMS,1.0
23.12388,76.01241,13:47:33,D,2023-10-09,25.RiceResidueFireBulletin_09Oct_2023_ICAR.pdf,Agricultural Burn,CREAMS,1.0
22.77574,75.19192,13:47:33,D,2023-10-09,25.RiceResidueFireBulletin_09Oct_2023_ICAR.pdf,Agricultural Burn,CREAMS,1.0
22.98178,75.30343,13:47:33,D,2023-10-09,25.RiceResidueFireBulletin_09Oct_2023_ICAR.pdf,Agricultural Burn,CREAMS,1.0
24.75995,76.97141,13:47:33,D,2023-10-09,25.RiceResidueFireBulletin_09Oct_2023_ICAR.pdf,Agricultural Burn,CREAMS,1.0
24.76151,76.97369,13:47:33,D,2023-10-09,25.RiceResidueFireBulletin_09Oct_2023_ICAR.pdf,Agricultural Burn,CREAMS,1.0
24.77795,76.99005,13:47:33,D,2023-10-09,25.RiceResidueFireBulletin_09Oct_2023_ICAR.pdf,Agricultural Burn,CREAMS,1.0
24.77939,76.99235,13:47:33,D,2023-10-09,25.RiceResidueFireBulletin_09Oct_2023_ICAR.pdf,Agricultural Burn,CREAMS,1.0
24.93596,77.04206,13:47:33,D,2023-10-09,25.RiceResidueFireBulletin_09Oct_2023_ICAR.pdf,Agricultural Burn,CREAMS,1.0
24.54395,77.15068,13:47:33,D,2023-10-09,25.RiceResidueFireBulletin_09Oct_2023_ICAR.pdf,Agricultural Burn,CREAMS,1.0
22.29805,76.9825,13:47:33,D,2023-10-09,25.RiceResidueFireBulletin_09Oct_2023_ICAR.pdf,Agricultural Burn,CREAMS,1.0
22.29886,76.98024,13:47:33,D,2023-10-09,25.RiceResidueFireBulletin_09Oct_2023_ICAR.pdf,Agricultural Burn,CREAMS,1.0
22.06914,76.90569,13:47:33,D,2023-10-09,25.RiceResidueFireBulletin_09Oct_2023_ICAR.pdf,Agricultural Burn,CREAMS,1.0
22.55376,77.18106,13:47:33,D,2023-10-09,25.RiceResidueFireBulletin_09Oct_2023_ICAR.pdf,Agricultural Burn,CREAMS,1.0
22.76514,75.96494,13:47:33,D,2023-10-09,25.RiceResidueFireBulletin_09Oct_2023_ICAR.pdf,Agricultural Burn,CREAMS,1.0
22.79908,75.94638,13:47:33,D,2023-10-09,25.RiceResidueFireBulletin_09Oct_2023_ICAR.pdf,Agricultural Burn,CREAMS,1.0
26.37597,77.70699,13:47:33,D,2023-10-09,25.RiceResidueFireBulletin_09Oct_2023_ICAR.pdf,Agricultural Burn,CREAMS,1.0
23.18532,77.98804,13:47:33,D,2023-10-09,25.RiceResidueFireBulletin_09Oct_2023_ICAR.pdf,Agricultural Burn,CREAMS,1.0
23.46049,76.79566,13:47:33,D,2023-10-09,25.RiceResidueFireBulletin_09Oct_2023_ICAR.pdf,Agricultural Burn,CREAMS,1.0
22.68821,77.21444,13:47:33,D,2023-10-09,25.RiceResidueFireBulletin_09Oct_2023_ICAR.pdf,Agricultural Burn,CREAMS,1.0
23.13216,77.02174,13:47:33,D,2023-10-09,25.RiceResidueFireBulletin_09Oct_2023_ICAR.pdf,Agricultural Burn,CREAMS,1.0
23.44326,76.59337,13:47:33,D,2023-10-09,25.RiceResidueFireBulletin_09Oct_2023_ICAR.pdf,Agricultural Burn,CREAMS,1.0
25.91043,76.82757,13:47:33,D,2023-10-09,25.RiceResidueFireBulletin_09Oct_2023_ICAR.pdf,Agricultural Burn,CREAMS,1.0
23.85633,77.67033,13:47:33,D,2023-10-09,25.RiceResidueFireBulletin_09Oct_2023_ICAR.pdf,Agricultural Burn,CREAMS,1.0
31.96645,74.86218,13:28:38,D,2023-10-10,26.RiceResidueFireBulletin_10Oct_2023_ICAR.pdf,Agricultural Burn,CREAMS,1.0
30.9493,74.52304,13:28:38,D,2023-10-10,26.RiceResidueFireBulletin_10Oct_2023_ICAR.pdf,Agricultural Burn,CREAMS,1.0
30.79163,74.35879,13:28:38,D,2023-10-10,26.RiceResidueFireBulletin_10Oct_2023_ICAR.pdf,Agricultural Burn,CREAMS,1.0
29.566,75.25323,13:28:38,D,2023-10-10,26.RiceResidueFireBulletin_10Oct_2023_ICAR.pdf,Agricultural Burn,CREAMS,1.0
30.12173,76.09857,13:28:38,D,2023-10-10,26.RiceResidueFireBulletin_10Oct_2023_ICAR.pdf,Agricultural Burn,CREAMS,1.0
29.7474,75.99109,13:28:38,D,2023-10-10,26.RiceResidueFireBulletin_10Oct_2023_ICAR.pdf,Agricultural Burn,CREAMS,1.0
29.79819,76.06277,13:28:38,D,2023-10-10,26.RiceResidueFireBulletin_10Oct_2023_ICAR.pdf,Agricultural Burn,CREAMS,1.0
29.80672,75.98361,13:28:38,D,2023-10-10,26.RiceResidueFireBulletin_10Oct_2023_ICAR.pdf,Agricultural Burn,CREAMS,1.0
29.80877,76.01991,13:28:38,D,2023-10-10,26.RiceResidueFireBulletin_10Oct_2023_ICAR.pdf,Agricultural Burn,CREAMS,1.0
31.26111,74.55833,13:28:38,D,2023-10-10,26.RiceResidueFireBulletin_10Oct_2023_ICAR.pdf,Agricultural Burn,CREAMS,1.0
30.47129,77.09512,13:28:38,D,2023-10-10,26.RiceResidueFireBulletin_10Oct_2023_ICAR.pdf,Agricultural Burn,CREAMS,1.0
29.01967,76.08359,13:28:38,D,2023-10-10,26.RiceResidueFireBulletin_10Oct_2023_ICAR.pdf,Agricultural Burn,CREAMS,1.0
28.45351,77.38996,13:28:38,D,2023-10-10,26.RiceResidueFireBulletin_10Oct_2023_ICAR.pdf,Agricultural Burn,CREAMS,1.0
29.42931,75.7042,13:28:38,D,2023-10-10,26.RiceResidueFireBulletin_10Oct_2023_ICAR.pdf,Agricultural Burn,CREAMS,1.0
29.60607,75.81939,13:28:38,D,2023-10-10,26.RiceResidueFireBulletin_10Oct_2023_ICAR.pdf,Agricultural Burn,CREAMS,1.0
29.58801,75.41615,13:28:38,D,2023-10-10,26.RiceResidueFireBulletin_10Oct_2023_ICAR.pdf,Agricultural Burn,CREAMS,1.0
29.475,75.53,13:39:04,D,2023-10-10,26.RiceResidueFireBulletin_10Oct_2023_ICAR.pdf,Agricultural Burn,CREAMS,1.0
29.63613,75.86253,13:28:38,D,2023-10-10,26.RiceResidueFireBulletin_10Oct_2023_ICAR.pdf,Agricultural Burn,CREAMS,1.0
29.66853,75.89677,13:28:38,D,2023-10-10,26.RiceResidueFireBulletin_10Oct_2023_ICAR.pdf,Agricultural Burn,CREAMS,1.0
29.74318,75.87806,13:28:38,D,2023-10-10,26.RiceResidueFireBulletin_10Oct_2023_ICAR.pdf,Agricultural Burn,CREAMS,1.0
29.35832,75.97303,13:28:38,D,2023-10-10,26.RiceResidueFireBulletin_10Oct_2023_ICAR.pdf,Agricultural Burn,CREAMS,1.0
29.47765,75.95451,13:28:38,D,2023-10-10,26.RiceResidueFireBulletin_10Oct_2023_ICAR.pdf,Agricultural Burn,CREAMS,1.0
29.39209,76.08405,13:28:38,D,2023-10-10,26.RiceResidueFireBulletin_10Oct_2023_ICAR.pdf,Agricultural Burn,CREAMS,1.0
29.47554,75.96306,13:28:38,D,2023-10-10,26.RiceResidueFireBulletin_10Oct_2023_ICAR.pdf,Agricultural Burn,CREAMS,1.0
29.46778,76.31707,13:28:38,D,2023-10-10,26.RiceResidueFireBulletin_10Oct_2023_ICAR.pdf,Agricultural Burn,CREAMS,1.0
29.29465,76.45209,13:28:38,D,2023-10-10,26.RiceResidueFireBulletin_10Oct_2023_ICAR.pdf,Agricultural Burn,CREAMS,1.0
29.71442,75.95282,13:28:38,D,2023-10-10,26.RiceResidueFireBulletin_10Oct_2023_ICAR.pdf,Agricultural Burn,CREAMS,1.0
29.41522,76.30694,13:28:38,D,2023-10-10,26.RiceResidueFireBulletin_10Oct_2023_ICAR.pdf,Agricultural Burn,CREAMS,1.0
29.56305,76.31996,13:28:38,D,2023-10-10,26.RiceResidueFireBulletin_10Oct_2023_ICAR.pdf,Agricultural Burn,CREAMS,1.0
29.56911,76.11542,13:28:38,D,2023-10-10,26.RiceResidueFireBulletin_10Oct_2023_ICAR.pdf,Agricultural Burn,CREAMS,1.0
29.92567,76.46318,13:28:38,D,2023-10-10,26.RiceResidueFireBulletin_10Oct_2023_ICAR.pdf,Agricultural Burn,CREAMS,1.0
29.55716,76.28036,13:28:38,D,2023-10-10,26.RiceResidueFireBulletin_10Oct_2023_ICAR.pdf,Agricultural Burn,CREAMS,1.0
29.70276,76.35008,13:28:38,D,2023-10-10,26.RiceResidueFireBulletin_10Oct_2023_ICAR.pdf,Agricultural Burn,CREAMS,1.0
29.639,76.613,13:39:04,D,2023-10-10,26.RiceResidueFireBulletin_10Oct_2023_ICAR.pdf,Agricultural Burn,CREAMS,1.0
29.57069,76.37148,13:28:38,D,2023-10-10,26.RiceResidueFireBulletin_10Oct_2023_ICAR.pdf,Agricultural Burn,CREAMS,1.0
29.66885,77.09344,13:28:38,D,2023-10-10,26.RiceResidueFireBulletin_10Oct_2023_ICAR.pdf,Agricultural Burn,CREAMS,1.0
29.43974,76.93188,13:28:38,D,2023-10-10,26.RiceResidueFireBulletin_10Oct_2023_ICAR.pdf,Agricultural Burn,CREAMS,1.0
29.06299,77.14049,13:28:38,D,2023-10-10,26.RiceResidueFireBulletin_10Oct_2023_ICAR.pdf,Agricultural Burn,CREAMS,1.0
28.09292,78.02494,13:28:38,D,2023-10-10,26.RiceResidueFireBulletin_10Oct_2023_ICAR.pdf,Agricultural Burn,CREAMS,1.0
27.73849,78.33347,13:28:38,D,2023-10-10,26.RiceResidueFireBulletin_10Oct_2023_ICAR.pdf,Agricultural Burn,CREAMS,1.0
27.1826,81.24979,13:28:38,D,2023-10-10,26.RiceResidueFireBulletin_10Oct_2023_ICAR.pdf,Agricultural Burn,CREAMS,1.0
27.24187,81.21119,13:28:38,D,2023-10-10,26.RiceResidueFireBulletin_10Oct_2023_ICAR.pdf,Agricultural Burn,CREAMS,1.0
27.153,81.244,13:39:04,D,2023-10-10,26.RiceResidueFireBulletin_10Oct_2023_ICAR.pdf,Agricultural Burn,CREAMS,1.0
26.781,81.409,13:39:04,D,2023-10-10,26.RiceResidueFireBulletin_10Oct_2023_ICAR.pdf,Agricultural Burn,CREAMS,1.0
26.85485,81.36497,13:28:38,D,2023-10-10,26.RiceResidueFireBulletin_10Oct_2023_ICAR.pdf,Agricultural Burn,CREAMS,1.0
27.08241,81.31045,13:28:38,D,2023-10-10,26.RiceResidueFireBulletin_10Oct_2023_ICAR.pdf,Agricultural Burn,CREAMS,1.0
28.78368,79.66164,13:28:38,D,2023-10-10,26.RiceResidueFireBulletin_10Oct_2023_ICAR.pdf,Agricultural Burn,CREAMS,1.0
28.7873,79.66106,13:28:38,D,2023-10-10,26.RiceResidueFireBulletin_10Oct_2023_ICAR.pdf,Agricultural Burn,CREAMS,1.0
28.53531,79.65946,13:28:38,D,2023-10-10,26.RiceResidueFireBulletin_10Oct_2023_ICAR.pdf,Agricultural Burn,CREAMS,1.0
29.054,78.374,13:39:04,D,2023-10-10,26.RiceResidueFireBulletin_10Oct_2023_ICAR.pdf,Agricultural Burn,CREAMS,1.0
28.32334,78.15459,13:28:38,D,2023-10-10,26.RiceResidueFireBulletin_10Oct_2023_ICAR.pdf,Agricultural Burn,CREAMS,1.0
27.51217,78.4304,13:28:38,D,2023-10-10,26.RiceResidueFireBulletin_10Oct_2023_ICAR.pdf,Agricultural Burn,CREAMS,1.0
27.51443,78.42622,13:28:38,D,2023-10-10,26.RiceResidueFireBulletin_10Oct_2023_ICAR.pdf,Agricultural Burn,CREAMS,1.0
27.51499,78.43037,13:28:38,D,2023-10-10,26.RiceResidueFireBulletin_10Oct_2023_ICAR.pdf,Agricultural Burn,CREAMS,1.0
27.51501,78.42568,13:28:38,D,2023-10-10,26.RiceResidueFireBulletin_10Oct_2023_ICAR.pdf,Agricultural Burn,CREAMS,1.0
27.51559,78.42982,13:28:38,D,2023-10-10,26.RiceResidueFireBulletin_10Oct_2023_ICAR.pdf,Agricultural Burn,CREAMS,1.0
27.52354,78.41618,13:28:38,D,2023-10-10,26.RiceResidueFireBulletin_10Oct_2023_ICAR.pdf,Agricultural Burn,CREAMS,1.0
27.518,78.412,13:39:04,D,2023-10-10,26.RiceResidueFireBulletin_10Oct_2023_ICAR.pdf,Agricultural Burn,CREAMS,1.0
26.8662,79.00594,13:28:38,D,2023-10-10,26.RiceResidueFireBulletin_10Oct_2023_ICAR.pdf,Agricultural Burn,CREAMS,1.0
25.98512,80.77127,13:28:38,D,2023-10-10,26.RiceResidueFireBulletin_10Oct_2023_ICAR.pdf,Agricultural Burn,CREAMS,1.0
25.6214,81.17131,13:28:38,D,2023-10-10,26.RiceResidueFireBulletin_10Oct_2023_ICAR.pdf,Agricultural Burn,CREAMS,1.0
28.2021,77.56158,13:28:38,D,2023-10-10,26.RiceResidueFireBulletin_10Oct_2023_ICAR.pdf,Agricultural Burn,CREAMS,1.0
27.11279,80.25241,13:28:38,D,2023-10-10,26.RiceResidueFireBulletin_10Oct_2023_ICAR.pdf,Agricultural Burn,CREAMS,1.0
27.38101,79.97491,13:28:38,D,2023-10-10,26.RiceResidueFireBulletin_10Oct_2023_ICAR.pdf,Agricultural Burn,CREAMS,1.0
25.54826,78.75336,13:28:38,D,2023-10-10,26.RiceResidueFireBulletin_10Oct_2023_ICAR.pdf,Agricultural Burn,CREAMS,1.0
27.17969,79.15302,13:28:38,D,2023-10-10,26.RiceResidueFireBulletin_10Oct_2023_ICAR.pdf,Agricultural Burn,CREAMS,1.0
27.18029,79.15376,13:28:38,D,2023-10-10,26.RiceResidueFireBulletin_10Oct_2023_ICAR.pdf,Agricultural Burn,CREAMS,1.0
27.63931,77.47733,13:28:38,D,2023-10-10,26.RiceResidueFireBulletin_10Oct_2023_ICAR.pdf,Agricultural Burn,CREAMS,1.0
28.81369,79.74774,02:19:21,N,2023-10-10,26.RiceResidueFireBulletin_10Oct_2023_ICAR.pdf,Agricultural Burn,CREAMS,1.0
28.62342,79.1571,13:28:38,D,2023-10-10,26.RiceResidueFireBulletin_10Oct_2023_ICAR.pdf,Agricultural Burn,CREAMS,1.0
28.24358,80.17501,02:19:21,N,2023-10-10,26.RiceResidueFireBulletin_10Oct_2023_ICAR.pdf,Agricultural Burn,CREAMS,1.0
26.13608,80.68307,13:28:38,D,2023-10-10,26.RiceResidueFireBulletin_10Oct_2023_ICAR.pdf,Agricultural Burn,CREAMS,1.0
25.0402,76.30421,13:28:38,D,2023-10-10,26.RiceResidueFireBulletin_10Oct_2023_ICAR.pdf,Agricultural Burn,CREAMS,1.0
25.11139,76.23556,13:28:38,D,2023-10-10,26.RiceResidueFireBulletin_10Oct_2023_ICAR.pdf,Agricultural Burn,CREAMS,1.0
25.15713,76.27033,13:28:38,D,2023-10-10,26.RiceResidueFireBulletin_10Oct_2023_ICAR.pdf,Agricultural Burn,CREAMS,1.0
25.19744,76.35325,13:28:38,D,2023-10-10,26.RiceResidueFireBulletin_10Oct_2023_ICAR.pdf,Agricultural Burn,CREAMS,1.0
24.73865,76.60361,13:28:38,D,2023-10-10,26.RiceResidueFireBulletin_10Oct_2023_ICAR.pdf,Agricultural Burn,CREAMS,1.0
24.97306,76.3917,13:28:38,D,2023-10-10,26.RiceResidueFireBulletin_10Oct_2023_ICAR.pdf,Agricultural Burn,CREAMS,1.0
24.7265,76.78915,13:28:38,D,2023-10-10,26.RiceResidueFireBulletin_10Oct_2023_ICAR.pdf,Agricultural Burn,CREAMS,1.0
24.87034,76.93052,13:28:38,D,2023-10-10,26.RiceResidueFireBulletin_10Oct_2023_ICAR.pdf,Agricultural Burn,CREAMS,1.0
25.2754,76.42154,13:28:38,D,2023-10-10,26.RiceResidueFireBulletin_10Oct_2023_ICAR.pdf,Agricultural Burn,CREAMS,1.0
25.29993,76.49149,13:28:38,D,2023-10-10,26.RiceResidueFireBulletin_10Oct_2023_ICAR.pdf,Agricultural Burn,CREAMS,1.0
25.54819,76.25575,13:28:38,D,2023-10-10,26.RiceResidueFireBulletin_10Oct_2023_ICAR.pdf,Agricultural Burn,CREAMS,1.0
25.27782,76.00259,13:28:38,D,2023-10-10,26.RiceResidueFireBulletin_10Oct_2023_ICAR.pdf,Agricultural Burn,CREAMS,1.0
25.27871,75.98653,13:28:38,D,2023-10-10,26.RiceResidueFireBulletin_10Oct_2023_ICAR.pdf,Agricultural Burn,CREAMS,1.0
25.28115,76.00195,13:28:38,D,2023-10-10,26.RiceResidueFireBulletin_10Oct_2023_ICAR.pdf,Agricultural Burn,CREAMS,1.0
24.7651,74.60995,02:19:21,N,2023-10-10,26.RiceResidueFireBulletin_10Oct_2023_ICAR.pdf,Agricultural Burn,CREAMS,1.0
29.87686,74.1623,13:28:38,D,2023-10-10,26.RiceResidueFireBulletin_10Oct_2023_ICAR.pdf,Agricultural Burn,CREAMS,1.0
29.5719,74.48303,13:28:38,D,2023-10-10,26.RiceResidueFireBulletin_10Oct_2023_ICAR.pdf,Agricultural Burn,CREAMS,1.0
25.08666,76.16525,13:28:38,D,2023-10-10,26.RiceResidueFireBulletin_10Oct_2023_ICAR.pdf,Agricultural Burn,CREAMS,1.0
25.27042,76.15065,13:28:38,D,2023-10-10,26.RiceResidueFireBulletin_10Oct_2023_ICAR.pdf,Agricultural Burn,CREAMS,1.0
25.29968,76.22803,13:28:38,D,2023-10-10,26.RiceResidueFireBulletin_10Oct_2023_ICAR.pdf,Agricultural Burn,CREAMS,1.0
25.37983,76.26415,13:28:38,D,2023-10-10,26.RiceResidueFireBulletin_10Oct_2023_ICAR.pdf,Agricultural Burn,CREAMS,1.0
25.11193,76.04971,13:28:38,D,2023-10-10,26.RiceResidueFireBulletin_10Oct_2023_ICAR.pdf,Agricultural Burn,CREAMS,1.0
24.91734,76.35897,13:28:38,D,2023-10-10,26.RiceResidueFireBulletin_10Oct_2023_ICAR.pdf,Agricultural Burn,CREAMS,1.0
24.92269,76.13726,13:28:38,D,2023-10-10,26.RiceResidueFireBulletin_10Oct_2023_ICAR.pdf,Agricultural Burn,CREAMS,1.0
24.92784,76.14815,13:28:38,D,2023-10-10,26.RiceResidueFireBulletin_10Oct_2023_ICAR.pdf,Agricultural Burn,CREAMS,1.0
26.02552,76.71706,13:28:38,D,2023-10-10,26.RiceResidueFireBulletin_10Oct_2023_ICAR.pdf,Agricultural Burn,CREAMS,1.0
24.40161,77.56976,13:28:38,D,2023-10-10,26.RiceResidueFireBulletin_10Oct_2023_ICAR.pdf,Agricultural Burn,CREAMS,1.0
24.93709,77.8733,13:28:38,D,2023-10-10,26.RiceResidueFireBulletin_10Oct_2023_ICAR.pdf,Agricultural Burn,CREAMS,1.0
24.53075,77.91747,13:28:38,D,2023-10-10,26.RiceResidueFireBulletin_10Oct_2023_ICAR.pdf,Agricultural Burn,CREAMS,1.0
26.58913,78.62925,13:28:38,D,2023-10-10,26.RiceResidueFireBulletin_10Oct_2023_ICAR.pdf,Agricultural Burn,CREAMS,1.0
26.12952,78.85485,13:28:38,D,2023-10-10,26.RiceResidueFireBulletin_10Oct_2023_ICAR.pdf,Agricultural Burn,CREAMS,1.0
23.24391,77.25293,13:28:38,D,2023-10-10,26.RiceResidueFireBulletin_10Oct_2023_ICAR.pdf,Agricultural Burn,CREAMS,1.0
23.24937,77.24427,13:28:38,D,2023-10-10,26.RiceResidueFireBulletin_10Oct_2023_ICAR.pdf,Agricultural Burn,CREAMS,1.0
23.55768,79.81058,13:28:38,D,2023-10-10,26.RiceResidueFireBulletin_10Oct_2023_ICAR.pdf,Agricultural Burn,CREAMS,1.0
23.55825,79.81471,13:28:38,D,2023-10-10,26.RiceResidueFireBulletin_10Oct_2023_ICAR.pdf,Agricultural Burn,CREAMS,1.0
23.69063,79.61825,13:28:38,D,2023-10-10,26.RiceResidueFireBulletin_10Oct_2023_ICAR.pdf,Agricultural Burn,CREAMS,1.0
25.73813,78.37027,13:28:38,D,2023-10-10,26.RiceResidueFireBulletin_10Oct_2023_ICAR.pdf,Agricultural Burn,CREAMS,1.0
22.80891,76.09731,13:28:38,D,2023-10-10,26.RiceResidueFireBulletin_10Oct_2023_ICAR.pdf,Agricultural Burn,CREAMS,1.0
22.85177,75.37945,02:19:21,N,2023-10-10,26.RiceResidueFireBulletin_10Oct_2023_ICAR.pdf,Agricultural Burn,CREAMS,1.0
22.8535,75.37705,02:19:21,N,2023-10-10,26.RiceResidueFireBulletin_10Oct_2023_ICAR.pdf,Agricultural Burn,CREAMS,1.0
22.57901,75.24751,13:28:38,D,2023-10-10,26.RiceResidueFireBulletin_10Oct_2023_ICAR.pdf,Agricultural Burn,CREAMS,1.0
22.67461,75.48911,13:28:38,D,2023-10-10,26.RiceResidueFireBulletin_10Oct_2023_ICAR.pdf,Agricultural Burn,CREAMS,1.0
22.70257,75.17866,13:28:38,D,2023-10-10,26.RiceResidueFireBulletin_10Oct_2023_ICAR.pdf,Agricultural Burn,CREAMS,1.0
24.38465,77.45647,13:28:38,D,2023-10-10,26.RiceResidueFireBulletin_10Oct_2023_ICAR.pdf,Agricultural Burn,CREAMS,1.0
24.69483,77.13338,13:28:38,D,2023-10-10,26.RiceResidueFireBulletin_10Oct_2023_ICAR.pdf,Agricultural Burn,CREAMS,1.0
24.71582,77.04796,13:28:38,D,2023-10-10,26.RiceResidueFireBulletin_10Oct_2023_ICAR.pdf,Agricultural Burn,CREAMS,1.0
24.74663,77.05375,13:28:38,D,2023-10-10,26.RiceResidueFireBulletin_10Oct_2023_ICAR.pdf,Agricultural Burn,CREAMS,1.0
24.76716,76.98779,13:28:38,D,2023-10-10,26.RiceResidueFireBulletin_10Oct_2023_ICAR.pdf,Agricultural Burn,CREAMS,1.0
24.77288,76.93627,13:28:38,D,2023-10-10,26.RiceResidueFireBulletin_10Oct_2023_ICAR.pdf,Agricultural Burn,CREAMS,1.0
24.83173,77.01154,13:28:38,D,2023-10-10,26.RiceResidueFireBulletin_10Oct_2023_ICAR.pdf,Agricultural Burn,CREAMS,1.0
24.86363,76.99792,13:28:38,D,2023-10-10,26.RiceResidueFireBulletin_10Oct_2023_ICAR.pdf,Agricultural Burn,CREAMS,1.0
24.856,76.99,13:39:04,D,2023-10-10,26.RiceResidueFireBulletin_10Oct_2023_ICAR.pdf,Agricultural Burn,CREAMS,1.0
24.40948,76.97221,13:28:38,D,2023-10-10,26.RiceResidueFireBulletin_10Oct_2023_ICAR.pdf,Agricultural Burn,CREAMS,1.0
25.87736,78.19274,13:28:38,D,2023-10-10,26.RiceResidueFireBulletin_10Oct_2023_ICAR.pdf,Agricultural Burn,CREAMS,1.0
26.18601,78.38473,13:28:38,D,2023-10-10,26.RiceResidueFireBulletin_10Oct_2023_ICAR.pdf,Agricultural Burn,CREAMS,1.0
22.60945,77.59286,13:28:38,D,2023-10-10,26.RiceResidueFireBulletin_10Oct_2023_ICAR.pdf,Agricultural Burn,CREAMS,1.0
22.64444,77.8465,13:28:38,D,2023-10-10,26.RiceResidueFireBulletin_10Oct_2023_ICAR.pdf,Agricultural Burn,CREAMS,1.0
22.61596,76.07349,13:28:38,D,2023-10-10,26.RiceResidueFireBulletin_10Oct_2023_ICAR.pdf,Agricultural Burn,CREAMS,1.0
22.92207,75.77927,13:28:38,D,2023-10-10,26.RiceResidueFireBulletin_10Oct_2023_ICAR.pdf,Agricultural Burn,CREAMS,1.0
22.98046,79.92031,13:28:38,D,2023-10-10,26.RiceResidueFireBulletin_10Oct_2023_ICAR.pdf,Agricultural Burn,CREAMS,1.0
23.35878,79.77773,13:28:38,D,2023-10-10,26.RiceResidueFireBulletin_10Oct_2023_ICAR.pdf,Agricultural Burn,CREAMS,1.0
23.13589,79.70019,13:28:38,D,2023-10-10,26.RiceResidueFireBulletin_10Oct_2023_ICAR.pdf,Agricultural Burn,CREAMS,1.0
26.36114,77.6798,13:28:38,D,2023-10-10,26.RiceResidueFireBulletin_10Oct_2023_ICAR.pdf,Agricultural Burn,CREAMS,1.0
23.06356,79.4574,13:28:38,D,2023-10-10,26.RiceResidueFireBulletin_10Oct_2023_ICAR.pdf,Agricultural Burn,CREAMS,1.0
24.18839,78.44386,13:28:38,D,2023-10-10,26.RiceResidueFireBulletin_10Oct_2023_ICAR.pdf,Agricultural Burn,CREAMS,1.0
23.35294,77.16779,13:28:38,D,2023-10-10,26.RiceResidueFireBulletin_10Oct_2023_ICAR.pdf,Agricultural Burn,CREAMS,1.0
23.46058,77.09864,13:28:38,D,2023-10-10,26.RiceResidueFireBulletin_10Oct_2023_ICAR.pdf,Agricultural Burn,CREAMS,1.0
23.28198,76.79858,13:28:38,D,2023-10-10,26.RiceResidueFireBulletin_10Oct_2023_ICAR.pdf,Agricultural Burn,CREAMS,1.0
23.67408,76.29664,13:28:38,D,2023-10-10,26.RiceResidueFireBulletin_10Oct_2023_ICAR.pdf,Agricultural Burn,CREAMS,1.0
23.2082,76.67242,13:28:38,D,2023-10-10,26.RiceResidueFireBulletin_10Oct_2023_ICAR.pdf,Agricultural Burn,CREAMS,1.0
25.90677,76.82562,13:28:38,D,2023-10-10,26.RiceResidueFireBulletin_10Oct_2023_ICAR.pdf,Agricultural Burn,CREAMS,1.0
24.86913,77.68945,13:28:38,D,2023-10-10,26.RiceResidueFireBulletin_10Oct_2023_ICAR.pdf,Agricultural Burn,CREAMS,1.0
22.99704,75.45735,02:19:21,N,2023-10-10,26.RiceResidueFireBulletin_10Oct_2023_ICAR.pdf,Agricultural Burn,CREAMS,1.0
23.04646,75.94135,13:28:38,D,2023-10-10,26.RiceResidueFireBulletin_10Oct_2023_ICAR.pdf,Agricultural Burn,CREAMS,1.0
23.06406,75.7076,13:28:38,D,2023-10-10,26.RiceResidueFireBulletin_10Oct_2023_ICAR.pdf,Agricultural Burn,CREAMS,1.0
23.8311,77.71006,13:28:38,D,2023-10-10,26.RiceResidueFireBulletin_10Oct_2023_ICAR.pdf,Agricultural Burn,CREAMS,1.0
24.14773,77.67732,13:28:38,D,2023-10-10,26.RiceResidueFireBulletin_10Oct_2023_ICAR.pdf,Agricultural Burn,CREAMS,1.0
23.47448,77.95013,13:28:38,D,2023-10-10,26.RiceResidueFireBulletin_10Oct_2023_ICAR.pdf,Agricultural Burn,CREAMS,1.0
31.88865,74.6684,13:10:25,D,2023-10-11,27.RiceResidueFireBulletin_11Oct_2023_ICAR.pdf,Agricultural Burn,CREAMS,1.0
31.53,75.107,14:20:25,D,2023-10-11,27.RiceResidueFireBulletin_11Oct_2023_ICAR.pdf,Agricultural Burn,CREAMS,1.0
31.598,75.015,14:20:25,D,2023-10-11,27.RiceResidueFireBulletin_11Oct_2023_ICAR.pdf,Agricultural Burn,CREAMS,1.0
31.76852,74.98523,13:10:25,D,2023-10-11,27.RiceResidueFireBulletin_11Oct_2023_ICAR.pdf,Agricultural Burn,CREAMS,1.0
30.57285,76.54739,13:10:25,D,2023-10-11,27.RiceResidueFireBulletin_11Oct_2023_ICAR.pdf,Agricultural Burn,CREAMS,1.0
30.6764,74.37087,13:10:25,D,2023-10-11,27.RiceResidueFireBulletin_11Oct_2023_ICAR.pdf,Agricultural Burn,CREAMS,1.0
30.80207,74.41004,13:10:25,D,2023-10-11,27.RiceResidueFireBulletin_11Oct_2023_ICAR.pdf,Agricultural Burn,CREAMS,1.0
30.92887,74.45277,13:10:25,D,2023-10-11,27.RiceResidueFireBulletin_11Oct_2023_ICAR.pdf,Agricultural Burn,CREAMS,1.0
29.67001,75.19826,13:10:25,D,2023-10-11,27.RiceResidueFireBulletin_11Oct_2023_ICAR.pdf,Agricultural Burn,CREAMS,1.0
29.82557,75.24613,13:10:25,D,2023-10-11,27.RiceResidueFireBulletin_11Oct_2023_ICAR.pdf,Agricultural Burn,CREAMS,1.0
29.9881,76.12717,13:10:25,D,2023-10-11,27.RiceResidueFireBulletin_11Oct_2023_ICAR.pdf,Agricultural Burn,CREAMS,1.0
30.57887,76.62134,13:10:25,D,2023-10-11,27.RiceResidueFireBulletin_11Oct_2023_ICAR.pdf,Agricultural Burn,CREAMS,1.0
30.03075,76.16991,13:10:25,D,2023-10-11,27.RiceResidueFireBulletin_11Oct_2023_ICAR.pdf,Agricultural Burn,CREAMS,1.0
30.43554,76.64115,13:10:25,D,2023-10-11,27.RiceResidueFireBulletin_11Oct_2023_ICAR.pdf,Agricultural Burn,CREAMS,1.0
30.4512,76.49816,13:10:25,D,2023-10-11,27.RiceResidueFireBulletin_11Oct_2023_ICAR.pdf,Agricultural Burn,CREAMS,1.0
29.80078,75.9816,13:10:25,D,2023-10-11,27.RiceResidueFireBulletin_11Oct_2023_ICAR.pdf,Agricultural Burn,CREAMS,1.0
30.2328,76.01668,13:10:25,D,2023-10-11,27.RiceResidueFireBulletin_11Oct_2023_ICAR.pdf,Agricultural Burn,CREAMS,1.0
30.30562,76.1373,13:10:25,D,2023-10-11,27.RiceResidueFireBulletin_11Oct_2023_ICAR.pdf,Agricultural Burn,CREAMS,1.0
29.97689,75.94111,13:10:25,D,2023-10-11,27.RiceResidueFireBulletin_11Oct_2023_ICAR.pdf,Agricultural Burn,CREAMS,1.0
30.1004,75.95503,13:10:25,D,2023-10-11,27.RiceResidueFireBulletin_11Oct_2023_ICAR.pdf,Agricultural Burn,CREAMS,1.0
29.92203,75.87807,13:10:25,D,2023-10-11,27.RiceResidueFireBulletin_11Oct_2023_ICAR.pdf,Agricultural Burn,CREAMS,1.0
29.93525,75.88579,13:10:25,D,2023-10-11,27.RiceResidueFireBulletin_11Oct_2023_ICAR.pdf,Agricultural Burn,CREAMS,1.0
30.1704,75.64836,13:10:25,D,2023-10-11,27.RiceResidueFireBulletin_11Oct_2023_ICAR.pdf,Agricultural Burn,CREAMS,1.0
31.43722,74.86805,13:10:25,D,2023-10-11,27.RiceResidueFireBulletin_11Oct_2023_ICAR.pdf,Agricultural Burn,CREAMS,1.0
31.4472,75.00053,13:10:25,D,2023-10-11,27.RiceResidueFireBulletin_11Oct_2023_ICAR.pdf,Agricultural Burn,CREAMS,1.0
31.13458,74.58446,13:10:25,D,2023-10-11,27.RiceResidueFireBulletin_11Oct_2023_ICAR.pdf,Agricultural Burn,CREAMS,1.0
28.45391,77.38898,13:10:25,D,2023-10-11,27.RiceResidueFireBulletin_11Oct_2023_ICAR.pdf,Agricultural Burn,CREAMS,1.0
29.47018,75.65206,13:10:25,D,2023-10-11,27.RiceResidueFireBulletin_11Oct_2023_ICAR.pdf,Agricultural Burn,CREAMS,1.0
29.61061,75.7346,13:10:25,D,2023-10-11,27.RiceResidueFireBulletin_11Oct_2023_ICAR.pdf,Agricultural Burn,CREAMS,1.0
29.63477,75.47475,13:10:25,D,2023-10-11,27.RiceResidueFireBulletin_11Oct_2023_ICAR.pdf,Agricultural Burn,CREAMS,1.0
29.68541,75.50832,13:10:25,D,2023-10-11,27.RiceResidueFireBulletin_11Oct_2023_ICAR.pdf,Agricultural Burn,CREAMS,1.0
29.62312,75.84348,13:10:25,D,2023-10-11,27.RiceResidueFireBulletin_11Oct_2023_ICAR.pdf,Agricultural Burn,CREAMS,1.0
29.66797,75.9185,13:10:25,D,2023-10-11,27.RiceResidueFireBulletin_11Oct_2023_ICAR.pdf,Agricultural Burn,CREAMS,1.0
29.54115,76.34169,13:10:25,D,2023-10-11,27.RiceResidueFireBulletin_11Oct_2023_ICAR.pdf,Agricultural Burn,CREAMS,1.0
29.48298,76.01218,13:10:25,D,2023-10-11,27.RiceResidueFireBulletin_11Oct_2023_ICAR.pdf,Agricultural Burn,CREAMS,1.0
29.67797,75.97091,13:10:25,D,2023-10-11,27.RiceResidueFireBulletin_11Oct_2023_ICAR.pdf,Agricultural Burn,CREAMS,1.0
29.45941,76.66783,13:10:25,D,2023-10-11,27.RiceResidueFireBulletin_11Oct_2023_ICAR.pdf,Agricultural Burn,CREAMS,1.0
29.55341,76.17921,13:10:25,D,2023-10-11,27.RiceResidueFireBulletin_11Oct_2023_ICAR.pdf,Agricultural Burn,CREAMS,1.0
29.82023,76.35853,13:10:25,D,2023-10-11,27.RiceResidueFireBulletin_11Oct_2023_ICAR.pdf,Agricultural Burn,CREAMS,1.0
29.60432,76.7643,13:10:25,D,2023-10-11,27.RiceResidueFireBulletin_11Oct_2023_ICAR.pdf,Agricultural Burn,CREAMS,1.0
27.96906,77.47557,13:10:25,D,2023-10-11,27.RiceResidueFireBulletin_11Oct_2023_ICAR.pdf,Agricultural Burn,CREAMS,1.0
27.88172,77.44672,13:10:25,D,2023-10-11,27.RiceResidueFireBulletin_11Oct_2023_ICAR.pdf,Agricultural Burn,CREAMS,1.0
28.23396,77.35719,13:10:25,D,2023-10-11,27.RiceResidueFireBulletin_11Oct_2023_ICAR.pdf,Agricultural Burn,CREAMS,1.0
28.96446,76.90539,13:10:25,D,2023-10-11,27.RiceResidueFireBulletin_11Oct_2023_ICAR.pdf,Agricultural Burn,CREAMS,1.0
28.84163,77.14909,02:00:26,N,2023-10-11,27.RiceResidueFireBulletin_11Oct_2023_ICAR.pdf,Agricultural Burn,CREAMS,1.0
29.03717,76.99563,13:10:25,D,2023-10-11,27.RiceResidueFireBulletin_11Oct_2023_ICAR.pdf,Agricultural Burn,CREAMS,1.0
30.36386,77.30355,13:10:25,D,2023-10-11,27.RiceResidueFireBulletin_11Oct_2023_ICAR.pdf,Agricultural Burn,CREAMS,1.0
27.81116,78.15183,13:10:25,D,2023-10-11,27.RiceResidueFireBulletin_11Oct_2023_ICAR.pdf,Agricultural Burn,CREAMS,1.0
26.42709,81.64597,13:10:25,D,2023-10-11,27.RiceResidueFireBulletin_11Oct_2023_ICAR.pdf,Agricultural Burn,CREAMS,1.0
28.44489,78.83923,13:10:25,D,2023-10-11,27.RiceResidueFireBulletin_11Oct_2023_ICAR.pdf,Agricultural Burn,CREAMS,1.0
28.87067,77.19854,13:10:25,D,2023-10-11,27.RiceResidueFireBulletin_11Oct_2023_ICAR.pdf,Agricultural Burn,CREAMS,1.0
27.10875,81.2743,13:10:25,D,2023-10-11,27.RiceResidueFireBulletin_11Oct_2023_ICAR.pdf,Agricultural Burn,CREAMS,1.0
27.17814,81.26113,13:10:25,D,2023-10-11,27.RiceResidueFireBulletin_11Oct_2023_ICAR.pdf,Agricultural Burn,CREAMS,1.0
27.18086,81.25665,13:10:25,D,2023-10-11,27.RiceResidueFireBulletin_11Oct_2023_ICAR.pdf,Agricultural Burn,CREAMS,1.0
27.20967,81.22727,13:10:25,D,2023-10-11,27.RiceResidueFireBulletin_11Oct_2023_ICAR.pdf,Agricultural Burn,CREAMS,1.0
26.89611,81.48023,13:10:25,D,2023-10-11,27.RiceResidueFireBulletin_11Oct_2023_ICAR.pdf,Agricultural Burn,CREAMS,1.0
28.84396,79.43351,13:10:25,D,2023-10-11,27.RiceResidueFireBulletin_11Oct_2023_ICAR.pdf,Agricultural Burn,CREAMS,1.0
29.05803,78.37601,13:10:25,D,2023-10-11,27.RiceResidueFireBulletin_11Oct_2023_ICAR.pdf,Agricultural Burn,CREAMS,1.0
29.41006,78.52925,13:10:25,D,2023-10-11,27.RiceResidueFireBulletin_11Oct_2023_ICAR.pdf,Agricultural Burn,CREAMS,1.0
29.41077,78.53346,13:10:25,D,2023-10-11,27.RiceResidueFireBulletin_11Oct_2023_ICAR.pdf,Agricultural Burn,CREAMS,1.0
29.42634,78.52132,13:10:25,D,2023-10-11,27.RiceResidueFireBulletin_11Oct_2023_ICAR.pdf,Agricultural Burn,CREAMS,1.0
28.69109,77.99522,13:10:25,D,2023-10-11,27.RiceResidueFireBulletin_11Oct_2023_ICAR.pdf,Agricultural Burn,CREAMS,1.0
27.40144,78.70113,13:10:25,D,2023-10-11,27.RiceResidueFireBulletin_11Oct_2023_ICAR.pdf,Agricultural Burn,CREAMS,1.0
26.61687,79.24904,13:10:25,D,2023-10-11,27.RiceResidueFireBulletin_11Oct_2023_ICAR.pdf,Agricultural Burn,CREAMS,1.0
26.939,79.26965,13:10:25,D,2023-10-11,27.RiceResidueFireBulletin_11Oct_2023_ICAR.pdf,Agricultural Burn,CREAMS,1.0
26.85746,79.12006,13:10:25,D,2023-10-11,27.RiceResidueFireBulletin_11Oct_2023_ICAR.pdf,Agricultural Burn,CREAMS,1.0
27.26201,78.60629,13:10:25,D,2023-10-11,27.RiceResidueFireBulletin_11Oct_2023_ICAR.pdf,Agricultural Burn,CREAMS,1.0
28.76817,77.59699,02:00:26,N,2023-10-11,27.RiceResidueFireBulletin_11Oct_2023_ICAR.pdf,Agricultural Burn,CREAMS,1.0
27.61801,80.08277,13:10:25,D,2023-10-11,27.RiceResidueFireBulletin_11Oct_2023_ICAR.pdf,Agricultural Burn,CREAMS,1.0
26.1913,80.43461,13:10:25,D,2023-10-11,27.RiceResidueFireBulletin_11Oct_2023_ICAR.pdf,Agricultural Burn,CREAMS,1.0
26.26073,80.10578,13:10:25,D,2023-10-11,27.RiceResidueFireBulletin_11Oct_2023_ICAR.pdf,Agricultural Burn,CREAMS,1.0
26.32504,79.79429,13:10:25,D,2023-10-11,27.RiceResidueFireBulletin_11Oct_2023_ICAR.pdf,Agricultural Burn,CREAMS,1.0
27.73321,78.77776,13:10:25,D,2023-10-11,27.RiceResidueFireBulletin_11Oct_2023_ICAR.pdf,Agricultural Burn,CREAMS,1.0
25.42199,81.29046,13:10:25,D,2023-10-11,27.RiceResidueFireBulletin_11Oct_2023_ICAR.pdf,Agricultural Burn,CREAMS,1.0
25.62516,81.26851,13:10:25,D,2023-10-11,27.RiceResidueFireBulletin_11Oct_2023_ICAR.pdf,Agricultural Burn,CREAMS,1.0
25.76299,81.32886,13:10:25,D,2023-10-11,27.RiceResidueFireBulletin_11Oct_2023_ICAR.pdf,Agricultural Burn,CREAMS,1.0
27.94921,80.51069,13:10:25,D,2023-10-11,27.RiceResidueFireBulletin_11Oct_2023_ICAR.pdf,Agricultural Burn,CREAMS,1.0
27.76821,80.56556,13:10:25,D,2023-10-11,27.RiceResidueFireBulletin_11Oct_2023_ICAR.pdf,Agricultural Burn,CREAMS,1.0
27.13893,79.18661,13:10:25,D,2023-10-11,27.RiceResidueFireBulletin_11Oct_2023_ICAR.pdf,Agricultural Burn,CREAMS,1.0
27.63683,77.50581,13:10:25,D,2023-10-11,27.RiceResidueFireBulletin_11Oct_2023_ICAR.pdf,Agricultural Burn,CREAMS,1.0
27.80364,77.47165,13:10:25,D,2023-10-11,27.RiceResidueFireBulletin_11Oct_2023_ICAR.pdf,Agricultural Burn,CREAMS,1.0
27.86499,77.50152,13:10:25,D,2023-10-11,27.RiceResidueFireBulletin_11Oct_2023_ICAR.pdf,Agricultural Burn,CREAMS,1.0
27.91509,77.56993,13:10:25,D,2023-10-11,27.RiceResidueFireBulletin_11Oct_2023_ICAR.pdf,Agricultural Burn,CREAMS,1.0
27.96035,77.63645,13:10:25,D,2023-10-11,27.RiceResidueFireBulletin_11Oct_2023_ICAR.pdf,Agricultural Burn,CREAMS,1.0
27.3167,77.64916,13:10:25,D,2023-10-11,27.RiceResidueFireBulletin_11Oct_2023_ICAR.pdf,Agricultural Burn,CREAMS,1.0
27.36386,77.63636,13:10:25,D,2023-10-11,27.RiceResidueFireBulletin_11Oct_2023_ICAR.pdf,Agricultural Burn,CREAMS,1.0
27.45684,77.5493,13:10:25,D,2023-10-11,27.RiceResidueFireBulletin_11Oct_2023_ICAR.pdf,Agricultural Burn,CREAMS,1.0
28.17105,79.95634,13:10:25,D,2023-10-11,27.RiceResidueFireBulletin_11Oct_2023_ICAR.pdf,Agricultural Burn,CREAMS,1.0
28.20533,79.94159,13:10:25,D,2023-10-11,27.RiceResidueFireBulletin_11Oct_2023_ICAR.pdf,Agricultural Burn,CREAMS,1.0
28.77075,79.82554,02:00:26,N,2023-10-11,27.RiceResidueFireBulletin_11Oct_2023_ICAR.pdf,Agricultural Burn,CREAMS,1.0
28.47725,80.07105,13:10:25,D,2023-10-11,27.RiceResidueFireBulletin_11Oct_2023_ICAR.pdf,Agricultural Burn,CREAMS,1.0
28.81358,79.3373,02:00:26,N,2023-10-11,27.RiceResidueFireBulletin_11Oct_2023_ICAR.pdf,Agricultural Burn,CREAMS,1.0
28.83076,79.21894,13:10:25,D,2023-10-11,27.RiceResidueFireBulletin_11Oct_2023_ICAR.pdf,Agricultural Burn,CREAMS,1.0
28.83412,79.21823,13:10:25,D,2023-10-11,27.RiceResidueFireBulletin_11Oct_2023_ICAR.pdf,Agricultural Burn,CREAMS,1.0
28.90729,79.19854,13:10:25,D,2023-10-11,27.RiceResidueFireBulletin_11Oct_2023_ICAR.pdf,Agricultural Burn,CREAMS,1.0
28.91679,79.40606,13:10:25,D,2023-10-11,27.RiceResidueFireBulletin_11Oct_2023_ICAR.pdf,Agricultural Burn,CREAMS,1.0
28.62336,79.14351,02:00:26,N,2023-10-11,27.RiceResidueFireBulletin_11Oct_2023_ICAR.pdf,Agricultural Burn,CREAMS,1.0
28.80127,77.02189,13:10:25,D,2023-10-11,27.RiceResidueFireBulletin_11Oct_2023_ICAR.pdf,Agricultural Burn,CREAMS,1.0
25.0422,76.28435,13:10:25,D,2023-10-11,27.RiceResidueFireBulletin_11Oct_2023_ICAR.pdf,Agricultural Burn,CREAMS,1.0
25.11621,76.23512,13:10:25,D,2023-10-11,27.RiceResidueFireBulletin_11Oct_2023_ICAR.pdf,Agricultural Burn,CREAMS,1.0
25.12855,76.25636,13:10:25,D,2023-10-11,27.RiceResidueFireBulletin_11Oct_2023_ICAR.pdf,Agricultural Burn,CREAMS,1.0
25.12947,76.25616,13:10:25,D,2023-10-11,27.RiceResidueFireBulletin_11Oct_2023_ICAR.pdf,Agricultural Burn,CREAMS,1.0
25.17256,76.34989,13:10:25,D,2023-10-11,27.RiceResidueFireBulletin_11Oct_2023_ICAR.pdf,Agricultural Burn,CREAMS,1.0
24.90006,76.67989,13:10:25,D,2023-10-11,27.RiceResidueFireBulletin_11Oct_2023_ICAR.pdf,Agricultural Burn,CREAMS,1.0
24.617,76.877,14:20:25,D,2023-10-11,27.RiceResidueFireBulletin_11Oct_2023_ICAR.pdf,Agricultural Burn,CREAMS,1.0
24.90033,76.91465,13:10:25,D,2023-10-11,27.RiceResidueFireBulletin_11Oct_2023_ICAR.pdf,Agricultural Burn,CREAMS,1.0
25.21515,77.02401,13:10:25,D,2023-10-11,27.RiceResidueFireBulletin_11Oct_2023_ICAR.pdf,Agricultural Burn,CREAMS,1.0
25.39347,75.86878,13:10:25,D,2023-10-11,27.RiceResidueFireBulletin_11Oct_2023_ICAR.pdf,Agricultural Burn,CREAMS,1.0
29.97274,73.71694,13:10:25,D,2023-10-11,27.RiceResidueFireBulletin_11Oct_2023_ICAR.pdf,Agricultural Burn,CREAMS,1.0
29.662,74.326,14:20:25,D,2023-10-11,27.RiceResidueFireBulletin_11Oct_2023_ICAR.pdf,Agricultural Burn,CREAMS,1.0
29.664,74.339,14:20:25,D,2023-10-11,27.RiceResidueFireBulletin_11Oct_2023_ICAR.pdf,Agricultural Burn,CREAMS,1.0
29.64894,74.47417,13:10:25,D,2023-10-11,27.RiceResidueFireBulletin_11Oct_2023_ICAR.pdf,Agricultural Burn,CREAMS,1.0
25.14909,76.09805,13:10:25,D,2023-10-11,27.RiceResidueFireBulletin_11Oct_2023_ICAR.pdf,Agricultural Burn,CREAMS,1.0
25.27908,76.07706,13:10:25,D,2023-10-11,27.RiceResidueFireBulletin_11Oct_2023_ICAR.pdf,Agricultural Burn,CREAMS,1.0
25.35959,76.18797,13:10:25,D,2023-10-11,27.RiceResidueFireBulletin_11Oct_2023_ICAR.pdf,Agricultural Burn,CREAMS,1.0
25.08001,76.04403,13:10:25,D,2023-10-11,27.RiceResidueFireBulletin_11Oct_2023_ICAR.pdf,Agricultural Burn,CREAMS,1.0
25.13661,75.98966,13:10:25,D,2023-10-11,27.RiceResidueFireBulletin_11Oct_2023_ICAR.pdf,Agricultural Burn,CREAMS,1.0
25.45606,76.43315,13:10:25,D,2023-10-11,27.RiceResidueFireBulletin_11Oct_2023_ICAR.pdf,Agricultural Burn,CREAMS,1.0
24.876,76.156,14:20:25,D,2023-10-11,27.RiceResidueFireBulletin_11Oct_2023_ICAR.pdf,Agricultural Burn,CREAMS,1.0
24.70477,78.07178,13:10:25,D,2023-10-11,27.RiceResidueFireBulletin_11Oct_2023_ICAR.pdf,Agricultural Burn,CREAMS,1.0
23.13105,77.26996,13:10:25,D,2023-10-11,27.RiceResidueFireBulletin_11Oct_2023_ICAR.pdf,Agricultural Burn,CREAMS,1.0
24.78874,79.95292,13:10:25,D,2023-10-11,27.RiceResidueFireBulletin_11Oct_2023_ICAR.pdf,Agricultural Burn,CREAMS,1.0
21.92216,79.14191,13:10:25,D,2023-10-11,27.RiceResidueFireBulletin_11Oct_2023_ICAR.pdf,Agricultural Burn,CREAMS,1.0
23.92317,79.19287,13:10:25,D,2023-10-11,27.RiceResidueFireBulletin_11Oct_2023_ICAR.pdf,Agricultural Burn,CREAMS,1.0
25.85462,78.81049,13:10:25,D,2023-10-11,27.RiceResidueFireBulletin_11Oct_2023_ICAR.pdf,Agricultural Burn,CREAMS,1.0
25.80639,78.38504,13:10:25,D,2023-10-11,27.RiceResidueFireBulletin_11Oct_2023_ICAR.pdf,Agricultural Burn,CREAMS,1.0
25.90018,78.53156,13:10:25,D,2023-10-11,27.RiceResidueFireBulletin_11Oct_2023_ICAR.pdf,Agricultural Burn,CREAMS,1.0
26.10864,78.83452,13:10:25,D,2023-10-11,27.RiceResidueFireBulletin_11Oct_2023_ICAR.pdf,Agricultural Burn,CREAMS,1.0
22.88785,76.31084,13:10:25,D,2023-10-11,27.RiceResidueFireBulletin_11Oct_2023_ICAR.pdf,Agricultural Burn,CREAMS,1.0
22.26499,75.13274,02:00:26,N,2023-10-11,27.RiceResidueFireBulletin_11Oct_2023_ICAR.pdf,Agricultural Burn,CREAMS,1.0
24.6865,77.08804,13:10:25,D,2023-10-11,27.RiceResidueFireBulletin_11Oct_2023_ICAR.pdf,Agricultural Burn,CREAMS,1.0
24.83159,76.98158,13:10:25,D,2023-10-11,27.RiceResidueFireBulletin_11Oct_2023_ICAR.pdf,Agricultural Burn,CREAMS,1.0
24.83215,76.97992,13:10:25,D,2023-10-11,27.RiceResidueFireBulletin_11Oct_2023_ICAR.pdf,Agricultural Burn,CREAMS,1.0
24.83315,76.98521,13:10:25,D,2023-10-11,27.RiceResidueFireBulletin_11Oct_2023_ICAR.pdf,Agricultural Burn,CREAMS,1.0
25.01791,76.94138,13:10:25,D,2023-10-11,27.RiceResidueFireBulletin_11Oct_2023_ICAR.pdf,Agricultural Burn,CREAMS,1.0
24.04382,77.23326,13:10:25,D,2023-10-11,27.RiceResidueFireBulletin_11Oct_2023_ICAR.pdf,Agricultural Burn,CREAMS,1.0
22.57491,77.62006,13:10:25,D,2023-10-11,27.RiceResidueFireBulletin_11Oct_2023_ICAR.pdf,Agricultural Burn,CREAMS,1.0
22.75715,75.99312,13:10:25,D,2023-10-11,27.RiceResidueFireBulletin_11Oct_2023_ICAR.pdf,Agricultural Burn,CREAMS,1.0
23.12902,79.6591,13:10:25,D,2023-10-11,27.RiceResidueFireBulletin_11Oct_2023_ICAR.pdf,Agricultural Burn,CREAMS,1.0
23.13012,79.65965,13:10:25,D,2023-10-11,27.RiceResidueFireBulletin_11Oct_2023_ICAR.pdf,Agricultural Burn,CREAMS,1.0
26.36697,77.57045,13:10:25,D,2023-10-11,27.RiceResidueFireBulletin_11Oct_2023_ICAR.pdf,Agricultural Burn,CREAMS,1.0
26.28567,77.51185,13:10:25,D,2023-10-11,27.RiceResidueFireBulletin_11Oct_2023_ICAR.pdf,Agricultural Burn,CREAMS,1.0
23.53438,79.08013,13:10:25,D,2023-10-11,27.RiceResidueFireBulletin_11Oct_2023_ICAR.pdf,Agricultural Burn,CREAMS,1.0
31.57597,75.05508,14:31:47,D,2023-10-12,28.RiceResidueFireBulletin_12Oct_2023_ICAR.pdf,Agricultural Burn,CREAMS,1.0
31.59789,74.98389,14:31:47,D,2023-10-12,28.RiceResidueFireBulletin_12Oct_2023_ICAR.pdf,Agricultural Burn,CREAMS,1.0
31.60219,74.98309,14:31:47,D,2023-10-12,28.RiceResidueFireBulletin_12Oct_2023_ICAR.pdf,Agricultural Burn,CREAMS,1.0
30.98279,74.58535,14:31:47,D,2023-10-12,28.RiceResidueFireBulletin_12Oct_2023_ICAR.pdf,Agricultural Burn,CREAMS,1.0
30.90488,74.71472,14:31:47,D,2023-10-12,28.RiceResidueFireBulletin_12Oct_2023_ICAR.pdf,Agricultural Burn,CREAMS,1.0
30.90516,74.72214,14:31:47,D,2023-10-12,28.RiceResidueFireBulletin_12Oct_2023_ICAR.pdf,Agricultural Burn,CREAMS,1.0
30.78883,74.38897,14:31:47,D,2023-10-12,28.RiceResidueFireBulletin_12Oct_2023_ICAR.pdf,Agricultural Burn,CREAMS,1.0
31.27057,75.20098,14:31:47,D,2023-10-12,28.RiceResidueFireBulletin_12Oct_2023_ICAR.pdf,Agricultural Burn,CREAMS,1.0
30.876,76.277,13:24:23,D,2023-10-12,28.RiceResidueFireBulletin_12Oct_2023_ICAR.pdf,Agricultural Burn,CREAMS,1.0
30.57743,75.89625,14:31:47,D,2023-10-12,28.RiceResidueFireBulletin_12Oct_2023_ICAR.pdf,Agricultural Burn,CREAMS,1.0
31.41638,75.08392,14:31:47,D,2023-10-12,28.RiceResidueFireBulletin_12Oct_2023_ICAR.pdf,Agricultural Burn,CREAMS,1.0
31.44539,74.78706,14:31:47,D,2023-10-12,28.RiceResidueFireBulletin_12Oct_2023_ICAR.pdf,Agricultural Burn,CREAMS,1.0
31.45009,74.78079,14:31:47,D,2023-10-12,28.RiceResidueFireBulletin_12Oct_2023_ICAR.pdf,Agricultural Burn,CREAMS,1.0
29.70628,75.79124,14:31:47,D,2023-10-12,28.RiceResidueFireBulletin_12Oct_2023_ICAR.pdf,Agricultural Burn,CREAMS,1.0
29.42802,76.04473,14:31:47,D,2023-10-12,28.RiceResidueFireBulletin_12Oct_2023_ICAR.pdf,Agricultural Burn,CREAMS,1.0
29.42878,76.04613,14:31:47,D,2023-10-12,28.RiceResidueFireBulletin_12Oct_2023_ICAR.pdf,Agricultural Burn,CREAMS,1.0
29.54594,76.04039,14:31:47,D,2023-10-12,28.RiceResidueFireBulletin_12Oct_2023_ICAR.pdf,Agricultural Burn,CREAMS,1.0
29.4339,76.76456,01:41:30,N,2023-10-12,28.RiceResidueFireBulletin_12Oct_2023_ICAR.pdf,Agricultural Burn,CREAMS,1.0
27.802,77.387,13:24:23,D,2023-10-12,28.RiceResidueFireBulletin_12Oct_2023_ICAR.pdf,Agricultural Burn,CREAMS,1.0
27.806,77.392,13:24:23,D,2023-10-12,28.RiceResidueFireBulletin_12Oct_2023_ICAR.pdf,Agricultural Burn,CREAMS,1.0
27.806,77.41,13:24:23,D,2023-10-12,28.RiceResidueFireBulletin_12Oct_2023_ICAR.pdf,Agricultural Burn,CREAMS,1.0
28.81022,79.76006,01:41:30,N,2023-10-12,28.RiceResidueFireBulletin_12Oct_2023_ICAR.pdf,Agricultural Burn,CREAMS,1.0
27.87223,79.84023,01:41:30,N,2023-10-12,28.RiceResidueFireBulletin_12Oct_2023_ICAR.pdf,Agricultural Burn,CREAMS,1.0
25.39821,76.47401,14:31:47,D,2023-10-12,28.RiceResidueFireBulletin_12Oct_2023_ICAR.pdf,Agricultural Burn,CREAMS,1.0
22.2651,75.1314,01:41:30,N,2023-10-12,28.RiceResidueFireBulletin_12Oct_2023_ICAR.pdf,Agricultural Burn,CREAMS,1.0
