observation_id,target_class,evaluation_group
25.6100_81.3688_2023-09-25_0742_N_VIIRS,Agricultural Burn,AG_CR_27
30.5840_76.7939_2023-10-08_0840_N_VIIRS,Agricultural Burn,AG_CR_1426
30.5894_76.7934_2023-10-08_0840_N_VIIRS,Agricultural Burn,AG_CR_1428
24.9347_74.6360_2023-10-08_2106_N_VIIRS,Agricultural Burn,AG_CR_1657
25.2945_76.4196_2023-10-05_0755_N_VIIRS,Agricultural Burn,AG_CR_1130
25.3435_76.4812_2023-10-05_0755_N_VIIRS,Agricultural Burn,AG_CR_1131
28.1348_78.1226_2023-10-05_0755_N_VIIRS,Agricultural Burn,AG_CR_1115
27.9525_79.9428_2023-09-24_0802_N_VIIRS,Agricultural Burn,AG_CR_25
28.0586_77.9328_2023-10-05_0755_N_VIIRS,Agricultural Burn,AG_CR_1112
28.6282_78.6514_2023-09-30_0749_N_VIIRS,Agricultural Burn,AG_CR_337
31.5906_75.0710_2023-09-29_0809_N_VIIRS,Agricultural Burn,AG_CR_121
31.5384_75.0427_2023-09-29_0809_N_VIIRS,Agricultural Burn,AG_CR_120
28.2519_79.9734_2023-10-06_0737_N_VIIRS,Agricultural Burn,AG_CR_1276
28.2497_80.3165_2023-10-06_0737_N_VIIRS,Agricultural Burn,AG_CR_1274
31.7971_75.0342_2023-10-04_0815_N_VIIRS,Agricultural Burn,AG_CR_855
25.0021_76.5730_2023-09-29_0807_N_VIIRS,Agricultural Burn,AG_CR_203
31.5138_75.1370_2023-09-29_0809_N_VIIRS,Agricultural Burn,AG_CR_149
31.5603_75.1495_2023-09-29_0809_N_VIIRS,Agricultural Burn,AG_CR_152
22.6505_75.1755_2023-10-04_0813_N_VIIRS,Agricultural Burn,AG_CR_960
31.7850_74.8540_2023-10-04_0815_N_VIIRS,Agricultural Burn,AG_CR_830
31.5171_75.1364_2023-09-29_0809_N_VIIRS,Agricultural Burn,AG_CR_150
25.0661_76.4388_2023-10-06_0736_N_VIIRS,Agricultural Burn,AG_CR_1282
22.7378_75.6814_2023-10-05_0754_N_VIIRS,Agricultural Burn,AG_CR_1147
31.5378_75.0386_2023-09-29_0809_N_VIIRS,Agricultural Burn,AG_CR_119
25.5160_76.4488_2023-09-29_0807_N_VIIRS,Agricultural Burn,AG_CR_208
31.8235_74.9591_2023-10-04_0815_N_VIIRS,Agricultural Burn,AG_CR_856
31.7937_75.0066_2023-10-04_0815_N_VIIRS,Agricultural Burn,AG_CR_854
31.9099_74.7002_2023-09-30_0750_N_VIIRS,Agricultural Burn,AG_CR_216
28.9167_79.4063_2023-10-11_0743_N_VIIRS,Agricultural Burn,AG_CR_1936
31.8903_74.7151_2023-09-30_0750_N_VIIRS,Agricultural Burn,AG_CR_215
31.9151_74.7489_2023-09-30_0750_N_VIIRS,Agricultural Burn,AG_CR_217
31.7867_74.9515_2023-10-04_0815_N_VIIRS,Agricultural Burn,AG_CR_852
31.6236_75.3051_2023-09-29_0809_N_VIIRS,Agricultural Burn,AG_CR_154
31.5527_75.2926_2023-09-29_0809_N_VIIRS,Agricultural Burn,AG_CR_151
31.7832_74.9522_2023-10-04_0815_N_VIIRS,Agricultural Burn,AG_CR_849
31.5707_75.1989_2023-09-29_0809_N_VIIRS,Agricultural Burn,AG_CR_153
31.5126_75.1287_2023-09-29_0809_N_VIIRS,Agricultural Burn,AG_CR_148
28.3418_77.4929_2023-09-30_0749_N_VIIRS,Agricultural Burn,AG_CR_329
29.5052_75.8155_2023-10-04_0815_N_VIIRS,Agricultural Burn,AG_CR_932
27.9332_77.4884_2023-10-05_0755_N_VIIRS,Agricultural Burn,AG_CR_1116
23.6984_78.2599_2023-09-30_0748_N_VIIRS,Agricultural Burn,AG_CR_352
28.4918_78.6463_2023-09-30_0749_N_VIIRS,Agricultural Burn,AG_CR_336
28.8306_79.2192_2023-10-11_0743_N_VIIRS,Agricultural Burn,AG_CR_1933
27.5234_78.4164_2023-10-10_0801_N_VIIRS,Agricultural Burn,AG_CR_1747
28.8711_78.7874_2023-10-05_2020_N_VIIRS,Agricultural Burn,AG_CR_1275
27.9835_78.2232_2023-10-05_0755_N_VIIRS,Agricultural Burn,AG_CR_1111
29.4556_75.7958_2023-10-04_0815_N_VIIRS,Agricultural Burn,AG_CR_931
31.4664_75.0558_2023-09-29_0809_N_VIIRS,Agricultural Burn,AG_CR_179
31.3655_74.8303_2023-10-04_0815_N_VIIRS,Agricultural Burn,AG_CR_909
22.6362_76.0653_2023-09-29_0807_N_VIIRS,Agricultural Burn,AG_CR_210
31.3999_75.0411_2023-10-04_0815_N_VIIRS,Agricultural Burn,AG_CR_899
28.9072_79.1988_2023-10-11_0743_N_VIIRS,Agricultural Burn,AG_CR_1935
28.8340_79.2185_2023-10-11_0743_N_VIIRS,Agricultural Burn,AG_CR_1934
27.5155_78.4301_2023-10-10_0801_N_VIIRS,Agricultural Burn,AG_CR_1746
23.8914_79.5160_2023-10-05_0754_N_VIIRS,Agricultural Burn,AG_CR_1140
28.5871_80.0052_2023-10-06_0737_N_VIIRS,Agricultural Burn,AG_CR_1277
29.4722_76.0716_2023-10-04_0815_N_VIIRS,Agricultural Burn,AG_CR_936
31.4148_75.1296_2023-09-29_0809_N_VIIRS,Agricultural Burn,AG_CR_178
31.6150_75.1146_2023-09-29_0809_N_VIIRS,Agricultural Burn,AG_CR_158
22.7591_76.2542_2023-09-29_0807_N_VIIRS,Agricultural Burn,AG_CR_209
27.5121_78.4307_2023-10-10_0801_N_VIIRS,Agricultural Burn,AG_CR_1742
27.5149_78.4306_2023-10-10_0801_N_VIIRS,Agricultural Burn,AG_CR_1744
22.9972_75.4571_2023-10-09_2047_N_VIIRS,Agricultural Burn,AG_CR_1835
27.5149_78.4259_2023-10-10_0801_N_VIIRS,Agricultural Burn,AG_CR_1745
22.6355_75.3442_2023-10-04_0813_N_VIIRS,Agricultural Burn,AG_CR_959
26.3325_77.6966_2023-10-01_0730_N_VIIRS,Agricultural Burn,AG_CR_524
29.4107_78.5337_2023-10-11_0743_N_VIIRS,Agricultural Burn,AG_CR_1900
26.3691_77.7212_2023-10-01_0730_N_VIIRS,Agricultural Burn,AG_CR_522
29.4263_78.5216_2023-10-11_0743_N_VIIRS,Agricultural Burn,AG_CR_1901
31.6809_75.0934_2023-09-29_0809_N_VIIRS,Agricultural Burn,AG_CR_163
28.4516_78.2393_2023-09-30_0749_N_VIIRS,Agricultural Burn,AG_CR_328
31.4562_75.0981_2023-10-05_0756_N_VIIRS,Agricultural Burn,AG_CR_1078
26.1467_78.9012_2023-10-05_0755_N_VIIRS,Agricultural Burn,AG_CR_1138
31.4034_75.0405_2023-10-04_0815_N_VIIRS,Agricultural Burn,AG_CR_900
31.4187_75.1595_2023-10-04_0815_N_VIIRS,Agricultural Burn,AG_CR_902
23.8309_77.7103_2023-10-10_0800_N_VIIRS,Agricultural Burn,AG_CR_1838
31.6838_75.0159_2023-09-29_0809_N_VIIRS,Agricultural Burn,AG_CR_126
31.4298_75.0779_2023-10-04_0815_N_VIIRS,Agricultural Burn,AG_CR_903
28.4591_78.8053_2023-10-04_2039_N_VIIRS,Agricultural Burn,AG_CR_1119
31.5913_75.0679_2023-09-29_0809_N_VIIRS,Agricultural Burn,AG_CR_122
29.4977_75.5087_2023-10-04_0815_N_VIIRS,Agricultural Burn,AG_CR_927
27.5143_78.4265_2023-10-10_0801_N_VIIRS,Agricultural Burn,AG_CR_1743
31.6589_75.0591_2023-09-29_0809_N_VIIRS,Agricultural Burn,AG_CR_161
31.6771_75.1885_2023-09-29_0809_N_VIIRS,Agricultural Burn,AG_CR_162
31.6220_75.1647_2023-09-29_0809_N_VIIRS,Agricultural Burn,AG_CR_159
31.6486_75.2069_2023-09-29_0809_N_VIIRS,Agricultural Burn,AG_CR_155
22.7756_75.1922_2023-10-09_0819_N_VIIRS,Agricultural Burn,AG_CR_1669
29.5943_76.3674_2023-10-04_0815_N_VIIRS,Agricultural Burn,AG_CR_938
29.4532_74.4964_2023-10-04_0815_N_VIIRS,Agricultural Burn,AG_CR_980
26.8661_79.0062_2023-10-10_0801_N_VIIRS,Agricultural Burn,AG_CR_1749
31.7167_74.9207_2023-09-29_0809_N_VIIRS,Agricultural Burn,AG_CR_166
29.5800_75.8986_2023-10-04_0815_N_VIIRS,Agricultural Burn,AG_CR_929
31.4595_75.0973_2023-10-05_0756_N_VIIRS,Agricultural Burn,AG_CR_1080
29.5589_76.0208_2023-10-04_0815_N_VIIRS,Agricultural Burn,AG_CR_933
28.6910_77.9955_2023-10-11_0743_N_VIIRS,Agricultural Burn,AG_CR_1902
27.9541_77.7151_2023-09-30_0749_N_VIIRS,Agricultural Burn,AG_CR_322
31.6029_75.0528_2023-09-29_0809_N_VIIRS,Agricultural Burn,AG_CR_124
31.4169_75.0895_2023-10-04_0815_N_VIIRS,Agricultural Burn,AG_CR_901
31.7732_74.9311_2023-09-29_0809_N_VIIRS,Agricultural Burn,AG_CR_141
31.7401_74.9162_2023-09-29_0809_N_VIIRS,Agricultural Burn,AG_CR_135
31.7517_74.9736_2023-09-29_0809_N_VIIRS,Agricultural Burn,AG_CR_139
31.7208_74.9497_2023-09-29_0809_N_VIIRS,Agricultural Burn,AG_CR_130
31.7234_74.9194_2023-09-29_0809_N_VIIRS,Agricultural Burn,AG_CR_131
31.7326_74.9603_2023-09-29_0809_N_VIIRS,Agricultural Burn,AG_CR_133
27.7097_79.6797_2023-10-04_2040_N_VIIRS,Agricultural Burn,AG_CR_1122
31.5897_74.8133_2023-09-29_0809_N_VIIRS,Agricultural Burn,AG_CR_117
31.5959_75.1012_2023-09-29_0809_N_VIIRS,Agricultural Burn,AG_CR_123
31.7296_74.6513_2023-09-29_0809_N_VIIRS,Agricultural Burn,AG_CR_118
31.7931_74.9661_2023-09-29_0809_N_VIIRS,Agricultural Burn,AG_CR_144
31.7739_75.0334_2023-09-29_0809_N_VIIRS,Agricultural Burn,AG_CR_142
31.6572_75.2439_2023-09-29_0809_N_VIIRS,Agricultural Burn,AG_CR_156
31.6103_75.1798_2023-09-29_0809_N_VIIRS,Agricultural Burn,AG_CR_157
27.1127_80.2527_2023-10-10_0801_N_VIIRS,Agricultural Burn,AG_CR_1753
31.6277_75.0822_2023-09-29_0809_N_VIIRS,Agricultural Burn,AG_CR_160
31.7079_75.0290_2023-09-29_0809_N_VIIRS,Agricultural Burn,AG_CR_128
31.4732_75.1378_2023-10-05_0756_N_VIIRS,Agricultural Burn,AG_CR_1083
31.9080_74.7698_2023-09-29_0809_N_VIIRS,Agricultural Burn,AG_CR_113
31.9114_74.6970_2023-09-29_0809_N_VIIRS,Agricultural Burn,AG_CR_114
24.7465_77.0540_2023-10-10_0801_N_VIIRS,Agricultural Burn,AG_CR_1809
24.6947_77.1336_2023-10-10_0801_N_VIIRS,Agricultural Burn,AG_CR_1807
31.4041_75.3093_2023-10-05_0756_N_VIIRS,Agricultural Burn,AG_CR_1047
31.3819_75.0713_2023-10-05_0756_N_VIIRS,Agricultural Burn,AG_CR_1074
31.3914_75.0866_2023-10-05_0756_N_VIIRS,Agricultural Burn,AG_CR_1076
27.6700_78.3624_2023-09-30_0749_N_VIIRS,Agricultural Burn,AG_CR_333
27.6234_78.1590_2023-09-30_0749_N_VIIRS,Agricultural Burn,AG_CR_332
31.5154_75.4912_2023-10-04_0815_N_VIIRS,Agricultural Burn,AG_CR_878
24.8690_77.6897_2023-10-10_0801_N_VIIRS,Agricultural Burn,AG_CR_1834
31.7592_75.1005_2023-09-29_0809_N_VIIRS,Agricultural Burn,AG_CR_140
31.4582_75.1107_2023-10-05_0756_N_VIIRS,Agricultural Burn,AG_CR_1079
29.4100_78.5296_2023-10-11_0743_N_VIIRS,Agricultural Burn,AG_CR_1899
29.5824_75.3867_2023-09-27_0706_N_VIIRS,Agricultural Burn,AG_CR_58
31.9461_74.8267_2023-10-04_0815_N_VIIRS,Agricultural Burn,AG_CR_823
31.8399_75.0298_2023-09-29_0809_N_VIIRS,Agricultural Burn,AG_CR_170
23.9382_77.2016_2023-10-05_0754_N_VIIRS,Agricultural Burn,AG_CR_1145
31.8907_74.7023_2023-10-04_0815_N_VIIRS,Agricultural Burn,AG_CR_822
24.7670_76.9881_2023-10-10_0801_N_VIIRS,Agricultural Burn,AG_CR_1810
24.7385_76.6039_2023-10-10_0801_N_VIIRS,Agricultural Burn,AG_CR_1767
29.4227_76.6527_2023-09-19_0756_N_VIIRS,Agricultural Burn,AG_CR_10
29.9434_77.1635_2023-09-25_0744_N_VIIRS,Agricultural Burn,AG_CR_26
30.4712_77.0954_2023-10-10_0802_N_VIIRS,Agricultural Burn,AG_CR_1701
28.6475_78.4081_2023-09-30_0749_N_VIIRS,Agricultural Burn,AG_CR_338
31.7395_74.9121_2023-09-29_0809_N_VIIRS,Agricultural Burn,AG_CR_134
31.7481_75.0213_2023-09-29_0809_N_VIIRS,Agricultural Burn,AG_CR_137
27.7007_79.6875_2023-10-04_2040_N_VIIRS,Agricultural Burn,AG_CR_1121
31.7004_75.0006_2023-09-29_0809_N_VIIRS,Agricultural Burn,AG_CR_127
31.8831_74.7152_2023-09-29_0809_N_VIIRS,Agricultural Burn,AG_CR_112
23.5576_79.8109_2023-10-10_0800_N_VIIRS,Agricultural Burn,AG_CR_1796
24.7727_76.9365_2023-10-10_0801_N_VIIRS,Agricultural Burn,AG_CR_1811
30.4699_77.0272_2023-09-30_0750_N_VIIRS,Agricultural Burn,AG_CR_300
29.0450_77.1046_2023-09-30_0750_N_VIIRS,Agricultural Burn,AG_CR_317
31.4552_75.1766_2023-10-05_0756_N_VIIRS,Agricultural Burn,AG_CR_1077
31.2640_75.1409_2023-10-05_0756_N_VIIRS,Agricultural Burn,AG_CR_1049
31.3466_75.2395_2023-10-05_0756_N_VIIRS,Agricultural Burn,AG_CR_1051
31.9959_74.8805_2023-09-29_0809_N_VIIRS,Agricultural Burn,AG_CR_116
31.9721_74.8339_2023-09-29_0809_N_VIIRS,Agricultural Burn,AG_CR_115
24.7264_76.7894_2023-10-10_0801_N_VIIRS,Agricultural Burn,AG_CR_1769
31.7137_75.0707_2023-09-29_0809_N_VIIRS,Agricultural Burn,AG_CR_129
28.2053_79.9419_2023-10-11_0743_N_VIIRS,Agricultural Burn,AG_CR_1929
31.7487_75.0255_2023-09-29_0809_N_VIIRS,Agricultural Burn,AG_CR_138
27.9764_77.4697_2023-09-30_0749_N_VIIRS,Agricultural Burn,AG_CR_312
24.9369_77.8736_2023-10-10_0801_N_VIIRS,Agricultural Burn,AG_CR_1790
24.7157_77.0482_2023-10-10_0801_N_VIIRS,Agricultural Burn,AG_CR_1808
25.4219_81.2907_2023-10-11_0742_N_VIIRS,Agricultural Burn,AG_CR_1914
31.7810_74.9381_2023-09-29_0809_N_VIIRS,Agricultural Burn,AG_CR_143
29.6120_75.9327_2023-10-09_0821_N_VIIRS,Agricultural Burn,AG_CR_1627
22.8664_76.0542_2023-10-09_0819_N_VIIRS,Agricultural Burn,AG_CR_1667
31.7453_75.0261_2023-09-29_0809_N_VIIRS,Agricultural Burn,AG_CR_136
31.7304_74.9692_2023-09-29_0809_N_VIIRS,Agricultural Burn,AG_CR_132
25.1219_76.9011_2023-10-05_0755_N_VIIRS,Agricultural Burn,AG_CR_1132
27.9778_77.6050_2023-09-30_0749_N_VIIRS,Agricultural Burn,AG_CR_323
31.7977_75.0803_2023-09-29_0809_N_VIIRS,Agricultural Burn,AG_CR_145
30.5365_76.7106_2023-09-30_0750_N_VIIRS,Agricultural Burn,AG_CR_283
28.4625_80.0656_2023-09-30_0749_N_VIIRS,Agricultural Burn,AG_CR_335
22.8520_75.3792_2023-10-09_2047_N_VIIRS,Agricultural Burn,AG_CR_1801
25.0194_76.3206_2023-10-05_0755_N_VIIRS,Agricultural Burn,AG_CR_1125
22.7990_75.9467_2023-10-09_0819_N_VIIRS,Agricultural Burn,AG_CR_1682
22.7650_75.9652_2023-10-09_0819_N_VIIRS,Agricultural Burn,AG_CR_1681
31.2695_75.1527_2023-10-05_0756_N_VIIRS,Agricultural Burn,AG_CR_1050
23.5581_79.8150_2023-10-10_0800_N_VIIRS,Agricultural Burn,AG_CR_1797
28.3583_80.1414_2023-09-30_0749_N_VIIRS,Agricultural Burn,AG_CR_334
30.4647_76.9120_2023-09-30_0750_N_VIIRS,Agricultural Burn,AG_CR_286
30.4322_76.8846_2023-09-30_0750_N_VIIRS,Agricultural Burn,AG_CR_285
28.1060_77.4259_2023-09-30_0749_N_VIIRS,Agricultural Burn,AG_CR_313
30.4789_76.9132_2023-09-30_0750_N_VIIRS,Agricultural Burn,AG_CR_301
30.4791_77.1665_2023-09-30_0750_N_VIIRS,Agricultural Burn,AG_CR_298
24.8618_76.3817_2023-10-04_0813_N_VIIRS,Agricultural Burn,AG_CR_987
26.0254_76.7173_2023-10-10_0801_N_VIIRS,Agricultural Burn,AG_CR_1788
31.2808_75.1490_2023-10-04_0815_N_VIIRS,Agricultural Burn,AG_CR_880
31.3259_75.2493_2023-10-04_0815_N_VIIRS,Agricultural Burn,AG_CR_881
31.3690_75.3034_2023-10-04_0815_N_VIIRS,Agricultural Burn,AG_CR_877
23.2492_77.2446_2023-10-10_0800_N_VIIRS,Agricultural Burn,AG_CR_1795
28.4771_80.0713_2023-10-11_0743_N_VIIRS,Agricultural Burn,AG_CR_1931
24.6529_77.7260_2023-10-05_0754_N_VIIRS,Agricultural Burn,AG_CR_1136
30.5334_76.6500_2023-09-30_0750_N_VIIRS,Agricultural Burn,AG_CR_282
28.6574_78.3408_2023-09-30_0749_N_VIIRS,Agricultural Burn,AG_CR_327
23.4605_77.0989_2023-10-10_0800_N_VIIRS,Agricultural Burn,AG_CR_1829
29.8086_76.0202_2023-10-10_0802_N_VIIRS,Agricultural Burn,AG_CR_1699
29.5625_74.3366_2023-10-03_2058_N_VIIRS,Agricultural Burn,AG_CR_978
24.8362_76.4030_2023-10-04_0813_N_VIIRS,Agricultural Burn,AG_CR_983
22.9817_75.3037_2023-10-09_0819_N_VIIRS,Agricultural Burn,AG_CR_1670
28.0011_77.7681_2023-09-30_0749_N_VIIRS,Agricultural Burn,AG_CR_324
27.9516_77.5755_2023-10-06_0737_N_VIIRS,Agricultural Burn,AG_CR_1265
23.8779_77.7716_2023-10-04_0813_N_VIIRS,Agricultural Burn,AG_CR_966
28.1155_77.6105_2023-09-30_0749_N_VIIRS,Agricultural Burn,AG_CR_330
29.5796_75.8544_2023-10-09_0821_N_VIIRS,Agricultural Burn,AG_CR_1625
30.5679_76.7605_2023-10-05_0756_N_VIIRS,Agricultural Burn,AG_CR_1063
30.5508_76.6940_2023-10-05_0756_N_VIIRS,Agricultural Burn,AG_CR_1062
30.5423_76.6834_2023-10-05_0756_N_VIIRS,Agricultural Burn,AG_CR_1060
30.2872_76.2678_2023-10-05_0756_N_VIIRS,Agricultural Burn,AG_CR_1056
28.1134_77.6614_2023-09-30_0749_N_VIIRS,Agricultural Burn,AG_CR_326
28.0284_77.5485_2023-09-30_0749_N_VIIRS,Agricultural Burn,AG_CR_325
23.9888_78.0908_2023-09-30_0748_N_VIIRS,Agricultural Burn,AG_CR_353
24.7886_79.9532_2023-10-11_0742_N_VIIRS,Agricultural Burn,AG_CR_1962
31.7354_74.9731_2023-10-04_0815_N_VIIRS,Agricultural Burn,AG_CR_846
29.7980_76.0631_2023-10-10_0802_N_VIIRS,Agricultural Burn,AG_CR_1697
26.3249_79.7946_2023-10-11_0742_N_VIIRS,Agricultural Burn,AG_CR_1912
26.2606_80.1061_2023-10-11_0742_N_VIIRS,Agricultural Burn,AG_CR_1911
23.1238_76.0127_2023-10-09_0819_N_VIIRS,Agricultural Burn,AG_CR_1668
22.9219_75.7796_2023-10-10_0800_N_VIIRS,Agricultural Burn,AG_CR_1821
31.0552_75.2196_2023-10-05_0756_N_VIIRS,Agricultural Burn,AG_CR_1045
31.0210_75.4130_2023-10-05_0756_N_VIIRS,Agricultural Burn,AG_CR_1044
30.1968_75.5412_2023-10-05_0756_N_VIIRS,Agricultural Burn,AG_CR_1038
28.0023_77.5679_2023-09-29_0808_N_VIIRS,Agricultural Burn,AG_CR_199
28.9626_77.1743_2023-09-29_0808_N_VIIRS,Agricultural Burn,AG_CR_190
24.8782_76.9315_2023-10-04_0813_N_VIIRS,Agricultural Burn,AG_CR_970
29.8066_75.9839_2023-10-10_0802_N_VIIRS,Agricultural Burn,AG_CR_1698
23.2819_76.7989_2023-10-10_0800_N_VIIRS,Agricultural Burn,AG_CR_1830
23.3528_77.1681_2023-10-10_0800_N_VIIRS,Agricultural Burn,AG_CR_1828
30.4387_76.9057_2023-09-29_0809_N_VIIRS,Agricultural Burn,AG_CR_180
24.8539_76.9943_2023-10-05_0755_N_VIIRS,Agricultural Burn,AG_CR_1143
31.3774_75.1181_2023-10-04_0815_N_VIIRS,Agricultural Burn,AG_CR_898
27.9602_77.6368_2023-10-11_0743_N_VIIRS,Agricultural Burn,AG_CR_1924
27.9150_77.5703_2023-10-11_0743_N_VIIRS,Agricultural Burn,AG_CR_1923
24.7182_77.7057_2023-10-05_0754_N_VIIRS,Agricultural Burn,AG_CR_1137
26.8959_81.4805_2023-10-11_0742_N_VIIRS,Agricultural Burn,AG_CR_1896
28.4448_78.8396_2023-10-11_0743_N_VIIRS,Agricultural Burn,AG_CR_1890
26.4270_81.6463_2023-10-11_0742_N_VIIRS,Agricultural Burn,AG_CR_1889
23.7181_76.8659_2023-09-29_0807_N_VIIRS,Agricultural Burn,AG_CR_211
28.0370_77.6396_2023-09-29_0808_N_VIIRS,Agricultural Burn,AG_CR_201
31.2588_75.1960_2023-10-01_0731_N_VIIRS,Agricultural Burn,AG_CR_447
24.7170_76.8032_2023-10-05_0755_N_VIIRS,Agricultural Burn,AG_CR_1129
28.0076_77.5533_2023-09-29_0808_N_VIIRS,Agricultural Burn,AG_CR_200
30.4288_76.8854_2023-09-30_0750_N_VIIRS,Agricultural Burn,AG_CR_284
30.3423_76.2105_2023-09-30_0750_N_VIIRS,Agricultural Burn,AG_CR_281
30.9380_76.2383_2023-09-30_0750_N_VIIRS,Agricultural Burn,AG_CR_280
29.6576_74.3503_2023-10-09_0821_N_VIIRS,Agricultural Burn,AG_CR_1660
29.7430_75.8783_2023-10-10_0802_N_VIIRS,Agricultural Burn,AG_CR_1710
27.2418_81.2115_2023-10-10_0801_N_VIIRS,Agricultural Burn,AG_CR_1732
27.8816_77.4470_2023-10-11_0743_N_VIIRS,Agricultural Burn,AG_CR_1882
27.9690_77.4759_2023-10-11_0743_N_VIIRS,Agricultural Burn,AG_CR_1881
31.3501_75.2404_2023-10-04_0815_N_VIIRS,Agricultural Burn,AG_CR_883
31.3318_75.2388_2023-10-04_0815_N_VIIRS,Agricultural Burn,AG_CR_882
31.7137_74.9442_2023-10-04_0815_N_VIIRS,Agricultural Burn,AG_CR_868
23.2438_77.2532_2023-10-10_0800_N_VIIRS,Agricultural Burn,AG_CR_1794
31.4471_75.0009_2023-10-11_0744_N_VIIRS,Agricultural Burn,AG_CR_1865
31.4372_74.8684_2023-10-11_0744_N_VIIRS,Agricultural Burn,AG_CR_1864
29.9255_76.4635_2023-10-10_0802_N_VIIRS,Agricultural Burn,AG_CR_1721
31.2610_74.5587_2023-10-10_0803_N_VIIRS,Agricultural Burn,AG_CR_1700
23.4744_77.9504_2023-10-10_0800_N_VIIRS,Agricultural Burn,AG_CR_1840
30.5508_76.7599_2023-10-05_0756_N_VIIRS,Agricultural Burn,AG_CR_1072
26.1085_78.8348_2023-10-11_0742_N_VIIRS,Agricultural Burn,AG_CR_1968
29.6320_75.9019_2023-10-09_0821_N_VIIRS,Agricultural Burn,AG_CR_1628
29.5301_76.0821_2023-10-09_0821_N_VIIRS,Agricultural Burn,AG_CR_1630
29.5650_76.2137_2023-10-09_0821_N_VIIRS,Agricultural Burn,AG_CR_1631
23.6185_77.6577_2023-10-06_0735_N_VIIRS,Agricultural Burn,AG_CR_1297
31.7289_74.9229_2023-10-04_0815_N_VIIRS,Agricultural Burn,AG_CR_843
31.6956_75.0551_2023-10-04_0815_N_VIIRS,Agricultural Burn,AG_CR_840
31.7290_75.0634_2023-10-04_0815_N_VIIRS,Agricultural Burn,AG_CR_844
28.3271_79.2353_2023-10-06_0737_N_VIIRS,Agricultural Burn,AG_CR_1272
30.5446_76.7200_2023-10-05_0756_N_VIIRS,Agricultural Burn,AG_CR_1061
31.7312_74.9132_2023-10-04_0815_N_VIIRS,Agricultural Burn,AG_CR_845
28.4534_77.3903_2023-10-10_0802_N_VIIRS,Agricultural Burn,AG_CR_1703
28.1269_77.8163_2023-10-04_0814_N_VIIRS,Agricultural Burn,AG_CR_946
31.2457_75.3305_2023-10-05_0756_N_VIIRS,Agricultural Burn,AG_CR_1048
25.1974_76.3536_2023-10-10_0801_N_VIIRS,Agricultural Burn,AG_CR_1766
23.1321_77.0221_2023-10-09_0819_N_VIIRS,Agricultural Burn,AG_CR_1687
30.1216_76.0989_2023-10-10_0802_N_VIIRS,Agricultural Burn,AG_CR_1695
27.9786_77.6629_2023-09-29_0808_N_VIIRS,Agricultural Burn,AG_CR_197
24.6462_76.9684_2023-10-05_0755_N_VIIRS,Agricultural Burn,AG_CR_1128
31.2576_75.1907_2023-10-01_0731_N_VIIRS,Agricultural Burn,AG_CR_446
23.2081_76.6727_2023-10-10_0800_N_VIIRS,Agricultural Burn,AG_CR_1832
23.0463_75.9416_2023-10-10_0800_N_VIIRS,Agricultural Burn,AG_CR_1836
23.0639_75.7079_2023-10-10_0800_N_VIIRS,Agricultural Burn,AG_CR_1837
31.5225_74.9095_2023-10-04_0815_N_VIIRS,Agricultural Burn,AG_CR_915
31.2419_75.1840_2023-10-01_0731_N_VIIRS,Agricultural Burn,AG_CR_445
24.7581_76.3850_2023-10-04_0813_N_VIIRS,Agricultural Burn,AG_CR_982
26.1912_80.4349_2023-10-11_0742_N_VIIRS,Agricultural Burn,AG_CR_1910
28.7684_77.5967_2023-10-10_2027_N_VIIRS,Agricultural Burn,AG_CR_1908
26.6167_79.2493_2023-10-11_0742_N_VIIRS,Agricultural Burn,AG_CR_1904
29.0371_76.9960_2023-10-11_0743_N_VIIRS,Agricultural Burn,AG_CR_1886
29.9524_74.2560_2023-10-04_0815_N_VIIRS,Agricultural Burn,AG_CR_977
24.7566_76.6097_2023-10-04_0813_N_VIIRS,Agricultural Burn,AG_CR_969
25.1119_76.0500_2023-10-10_0801_N_VIIRS,Agricultural Burn,AG_CR_1784
23.7292_77.8834_2023-10-04_2041_N_VIIRS,Agricultural Burn,AG_CR_1153
30.4614_76.9455_2023-10-05_0756_N_VIIRS,Agricultural Burn,AG_CR_1092
30.3893_77.0300_2023-10-05_0756_N_VIIRS,Agricultural Burn,AG_CR_1091
29.9103_74.1534_2023-10-04_0815_N_VIIRS,Agricultural Burn,AG_CR_976
23.1105_77.0435_2023-10-05_0754_N_VIIRS,Agricultural Burn,AG_CR_1150
28.1710_79.9567_2023-10-11_0743_N_VIIRS,Agricultural Burn,AG_CR_1928
23.1557_77.2316_2023-10-05_0754_N_VIIRS,Agricultural Burn,AG_CR_1151
30.2959_76.7944_2023-10-05_0756_N_VIIRS,Agricultural Burn,AG_CR_1088
24.4015_77.5701_2023-10-10_0801_N_VIIRS,Agricultural Burn,AG_CR_1789
29.6315_74.3452_2023-10-09_0821_N_VIIRS,Agricultural Burn,AG_CR_1659
24.3846_77.4568_2023-10-10_0801_N_VIIRS,Agricultural Burn,AG_CR_1806
24.5306_77.9178_2023-10-10_0801_N_VIIRS,Agricultural Burn,AG_CR_1791
31.9318_74.7478_2023-10-05_0757_N_VIIRS,Agricultural Burn,AG_CR_991
31.7447_74.9621_2023-10-04_0815_N_VIIRS,Agricultural Burn,AG_CR_847
31.6915_75.0511_2023-10-04_0815_N_VIIRS,Agricultural Burn,AG_CR_839
31.6834_74.9869_2023-10-04_0815_N_VIIRS,Agricultural Burn,AG_CR_838
31.7801_75.0969_2023-10-04_0815_N_VIIRS,Agricultural Burn,AG_CR_848
30.2549_76.0452_2023-10-05_0756_N_VIIRS,Agricultural Burn,AG_CR_1068
31.7934_75.0051_2023-10-04_0815_N_VIIRS,Agricultural Burn,AG_CR_853
31.7862_74.9501_2023-10-04_0815_N_VIIRS,Agricultural Burn,AG_CR_851
27.1825_81.2501_2023-10-10_0801_N_VIIRS,Agricultural Burn,AG_CR_1731
27.7384_78.3338_2023-10-10_0801_N_VIIRS,Agricultural Burn,AG_CR_1730
31.7284_75.0024_2023-10-04_0815_N_VIIRS,Agricultural Burn,AG_CR_842
31.7853_75.0253_2023-10-04_0815_N_VIIRS,Agricultural Burn,AG_CR_850
30.2015_76.0017_2023-10-05_0756_N_VIIRS,Agricultural Burn,AG_CR_1067
31.7149_75.0376_2023-10-04_0815_N_VIIRS,Agricultural Burn,AG_CR_841
28.7709_79.8253_2023-10-10_2027_N_VIIRS,Agricultural Burn,AG_CR_1930
31.5010_75.0761_2023-10-04_0815_N_VIIRS,Agricultural Burn,AG_CR_906
29.5617_74.3347_2023-10-04_2039_N_VIIRS,Agricultural Burn,AG_CR_1133
28.8418_77.1488_2023-10-10_2027_N_VIIRS,Agricultural Burn,AG_CR_1885
31.5190_74.9101_2023-10-04_0815_N_VIIRS,Agricultural Burn,AG_CR_913
31.5144_74.9017_2023-10-04_0815_N_VIIRS,Agricultural Burn,AG_CR_912
27.1802_79.1541_2023-10-10_0801_N_VIIRS,Agricultural Burn,AG_CR_1757
27.6392_77.4776_2023-10-10_0801_N_VIIRS,Agricultural Burn,AG_CR_1758
31.0747_74.9757_2023-10-05_0756_N_VIIRS,Agricultural Burn,AG_CR_1042
27.6367_77.5061_2023-10-11_0743_N_VIIRS,Agricultural Burn,AG_CR_1920
22.6093_77.5932_2023-10-10_0800_N_VIIRS,Agricultural Burn,AG_CR_1818
26.2675_78.1618_2023-10-04_0814_N_VIIRS,Agricultural Burn,AG_CR_962
31.9134_74.7432_2023-10-05_0757_N_VIIRS,Agricultural Burn,AG_CR_990
29.2945_76.4524_2023-10-10_0802_N_VIIRS,Agricultural Burn,AG_CR_1716
31.5668_75.1681_2023-10-04_0815_N_VIIRS,Agricultural Burn,AG_CR_861
31.5850_75.1413_2023-10-04_0815_N_VIIRS,Agricultural Burn,AG_CR_863
24.4093_76.9725_2023-10-10_0801_N_VIIRS,Agricultural Burn,AG_CR_1815
29.5104_76.8671_2023-09-30_0750_N_VIIRS,Agricultural Burn,AG_CR_305
31.5513_75.2253_2023-10-05_0756_N_VIIRS,Agricultural Burn,AG_CR_1016
31.5391_75.1933_2023-10-05_0756_N_VIIRS,Agricultural Burn,AG_CR_1014
31.5770_75.1065_2023-10-05_0756_N_VIIRS,Agricultural Burn,AG_CR_1001
31.5065_75.2483_2023-10-05_0756_N_VIIRS,Agricultural Burn,AG_CR_1013
31.7924_74.9641_2023-10-05_0757_N_VIIRS,Agricultural Burn,AG_CR_1011
22.6745_75.4894_2023-10-10_0800_N_VIIRS,Agricultural Burn,AG_CR_1804
30.3667_77.0999_2023-10-05_0756_N_VIIRS,Agricultural Burn,AG_CR_1090
31.5010_75.1042_2023-10-04_0815_N_VIIRS,Agricultural Burn,AG_CR_905
31.5016_75.0807_2023-10-04_0815_N_VIIRS,Agricultural Burn,AG_CR_907
31.4928_75.1526_2023-10-04_0815_N_VIIRS,Agricultural Burn,AG_CR_904
31.4619_75.0235_2023-10-05_0756_N_VIIRS,Agricultural Burn,AG_CR_1082
31.6017_75.2356_2023-10-05_0756_N_VIIRS,Agricultural Burn,AG_CR_1019
31.5946_75.3192_2023-10-05_0756_N_VIIRS,Agricultural Burn,AG_CR_1018
31.5755_75.0764_2023-10-05_0756_N_VIIRS,Agricultural Burn,AG_CR_999
31.4640_74.8691_2023-10-05_0756_N_VIIRS,Agricultural Burn,AG_CR_1085
31.4612_75.0192_2023-10-05_0756_N_VIIRS,Agricultural Burn,AG_CR_1081
28.2339_77.3575_2023-10-11_0743_N_VIIRS,Agricultural Burn,AG_CR_1883
31.7160_74.9065_2023-10-04_0815_N_VIIRS,Agricultural Burn,AG_CR_869
29.7909_74.0495_2023-10-09_0821_N_VIIRS,Agricultural Burn,AG_CR_1658
31.4574_74.7922_2023-10-04_0815_N_VIIRS,Agricultural Burn,AG_CR_910
26.4564_80.4992_2023-10-06_2002_N_VIIRS,Agricultural Burn,AG_CR_1347
25.1571_76.2707_2023-10-10_0801_N_VIIRS,Agricultural Burn,AG_CR_1765
24.8718_76.3375_2023-10-06_0736_N_VIIRS,Agricultural Burn,AG_CR_1289
25.0126_76.6977_2023-10-06_0736_N_VIIRS,Agricultural Burn,AG_CR_1283
31.0562_75.2202_2023-10-05_0756_N_VIIRS,Agricultural Burn,AG_CR_1046
28.8438_79.4339_2023-10-11_0743_N_VIIRS,Agricultural Burn,AG_CR_1897
30.2837_77.1953_2023-09-30_0750_N_VIIRS,Agricultural Burn,AG_CR_320
23.6905_79.6186_2023-10-10_0800_N_VIIRS,Agricultural Burn,AG_CR_1798
29.4396_76.9322_2023-10-10_0802_N_VIIRS,Agricultural Burn,AG_CR_1727
31.5219_74.9049_2023-10-04_0815_N_VIIRS,Agricultural Burn,AG_CR_914
28.8138_79.3370_2023-10-10_2027_N_VIIRS,Agricultural Burn,AG_CR_1932
23.8051_78.2689_2023-09-30_0748_N_VIIRS,Agricultural Burn,AG_CR_351
28.8443_77.1471_2023-09-29_2033_N_VIIRS,Agricultural Burn,AG_CR_318
22.8088_76.0976_2023-10-10_0800_N_VIIRS,Agricultural Burn,AG_CR_1800
29.7115_76.7705_2023-10-06_0737_N_VIIRS,Agricultural Burn,AG_CR_1260
29.7054_76.7601_2023-10-06_0737_N_VIIRS,Agricultural Burn,AG_CR_1259
29.5718_74.4834_2023-10-10_0802_N_VIIRS,Agricultural Burn,AG_CR_1779
31.5485_75.0537_2023-10-04_0815_N_VIIRS,Agricultural Burn,AG_CR_831
31.5685_75.0971_2023-10-04_0815_N_VIIRS,Agricultural Burn,AG_CR_833
31.5748_75.0632_2023-10-04_0815_N_VIIRS,Agricultural Burn,AG_CR_834
31.5648_75.0415_2023-10-04_0815_N_VIIRS,Agricultural Burn,AG_CR_832
29.8768_74.1626_2023-10-10_0802_N_VIIRS,Agricultural Burn,AG_CR_1778
30.2531_76.4985_2023-10-05_0756_N_VIIRS,Agricultural Burn,AG_CR_1055
31.5154_74.6135_2023-10-04_0815_N_VIIRS,Agricultural Burn,AG_CR_824
31.5759_75.1633_2023-10-05_0756_N_VIIRS,Agricultural Burn,AG_CR_1024
27.9803_77.7039_2023-09-29_0808_N_VIIRS,Agricultural Burn,AG_CR_198
31.5900_75.1645_2023-10-05_0756_N_VIIRS,Agricultural Burn,AG_CR_1026
27.1388_79.1870_2023-10-11_0742_N_VIIRS,Agricultural Burn,AG_CR_1919
28.9072_77.1611_2023-09-29_0808_N_VIIRS,Agricultural Burn,AG_CR_194
25.2518_76.3137_2023-10-04_0814_N_VIIRS,Agricultural Burn,AG_CR_968
29.2007_76.0288_2023-10-05_0756_N_VIIRS,Agricultural Burn,AG_CR_1096
29.2801_76.5439_2023-10-05_0756_N_VIIRS,Agricultural Burn,AG_CR_1098
30.4511_76.4985_2023-10-11_0743_N_VIIRS,Agricultural Burn,AG_CR_1855
26.9389_79.2700_2023-10-11_0742_N_VIIRS,Agricultural Burn,AG_CR_1905
29.6196_76.4285_2023-10-06_0737_N_VIIRS,Agricultural Burn,AG_CR_1257
24.7619_76.9717_2023-10-06_0736_N_VIIRS,Agricultural Burn,AG_CR_1293
31.5780_75.1759_2023-10-05_0756_N_VIIRS,Agricultural Burn,AG_CR_1025
23.6645_77.4912_2023-10-06_0735_N_VIIRS,Agricultural Burn,AG_CR_1291
31.6053_75.2420_2023-10-04_0815_N_VIIRS,Agricultural Burn,AG_CR_859
31.5673_75.1161_2023-10-04_0815_N_VIIRS,Agricultural Burn,AG_CR_862
31.8317_74.8231_2023-10-05_0757_N_VIIRS,Agricultural Burn,AG_CR_989
24.8635_76.9982_2023-10-10_0801_N_VIIRS,Agricultural Burn,AG_CR_1813
24.8316_77.0119_2023-10-10_0801_N_VIIRS,Agricultural Burn,AG_CR_1812
29.3731_76.6148_2023-09-30_0750_N_VIIRS,Agricultural Burn,AG_CR_303
30.3053_76.9891_2023-09-30_0750_N_VIIRS,Agricultural Burn,AG_CR_299
30.2456_76.7768_2023-09-30_0750_N_VIIRS,Agricultural Burn,AG_CR_295
31.8072_74.9695_2023-10-05_0757_N_VIIRS,Agricultural Burn,AG_CR_1012
31.5507_75.2211_2023-10-05_0756_N_VIIRS,Agricultural Burn,AG_CR_1015
31.7770_74.9764_2023-10-05_0757_N_VIIRS,Agricultural Burn,AG_CR_1010
25.2294_76.0937_2023-10-09_0820_N_VIIRS,Agricultural Burn,AG_CR_1663
26.5890_78.6296_2023-10-10_0801_N_VIIRS,Agricultural Burn,AG_CR_1792
31.5726_75.1641_2023-10-05_0756_N_VIIRS,Agricultural Burn,AG_CR_1023
31.5033_74.8734_2023-10-05_0756_N_VIIRS,Agricultural Burn,AG_CR_1086
31.4637_74.8471_2023-10-05_0756_N_VIIRS,Agricultural Burn,AG_CR_1084
29.8517_74.4647_2023-10-05_0756_N_VIIRS,Agricultural Burn,AG_CR_1134
31.5576_75.2844_2023-10-05_0756_N_VIIRS,Agricultural Burn,AG_CR_1017
31.5632_75.0442_2023-10-05_0756_N_VIIRS,Agricultural Burn,AG_CR_998
31.5406_75.0974_2023-10-05_0756_N_VIIRS,Agricultural Burn,AG_CR_997
25.2511_76.3873_2023-10-04_0814_N_VIIRS,Agricultural Burn,AG_CR_971
23.5626_76.4831_2023-10-05_0754_N_VIIRS,Agricultural Burn,AG_CR_1149
31.4864_74.8513_2023-10-04_0815_N_VIIRS,Agricultural Burn,AG_CR_911
29.0579_78.3764_2023-10-11_0743_N_VIIRS,Agricultural Burn,AG_CR_1898
25.7629_81.3292_2023-10-11_0742_N_VIIRS,Agricultural Burn,AG_CR_1916
24.8702_76.9309_2023-10-10_0801_N_VIIRS,Agricultural Burn,AG_CR_1770
29.0812_77.1148_2023-10-05_0756_N_VIIRS,Agricultural Burn,AG_CR_1110
31.4539_74.6849_2023-10-05_0756_N_VIIRS,Agricultural Burn,AG_CR_1075
25.7380_78.3706_2023-10-10_0801_N_VIIRS,Agricultural Burn,AG_CR_1799
29.5705_76.3718_2023-10-10_0802_N_VIIRS,Agricultural Burn,AG_CR_1725
29.5570_76.2807_2023-10-10_0802_N_VIIRS,Agricultural Burn,AG_CR_1722
27.7662_77.3040_2023-09-30_0749_N_VIIRS,Agricultural Burn,AG_CR_340
28.1216_77.5981_2023-10-06_0737_N_VIIRS,Agricultural Burn,AG_CR_1273
29.6387_76.4194_2023-10-06_0737_N_VIIRS,Agricultural Burn,AG_CR_1258
31.5633_75.1687_2023-10-04_0815_N_VIIRS,Agricultural Burn,AG_CR_858
25.2996_76.2284_2023-10-10_0801_N_VIIRS,Agricultural Burn,AG_CR_1782
29.6687_77.0938_2023-10-10_0802_N_VIIRS,Agricultural Burn,AG_CR_1726
31.6602_75.2841_2023-09-28_0828_N_VIIRS,Agricultural Burn,AG_CR_82
31.6253_75.1902_2023-09-28_0828_N_VIIRS,Agricultural Burn,AG_CR_84
25.9001_78.5319_2023-10-11_0742_N_VIIRS,Agricultural Burn,AG_CR_1967
29.4676_76.3174_2023-10-10_0802_N_VIIRS,Agricultural Burn,AG_CR_1715
31.6114_75.0114_2023-09-28_0828_N_VIIRS,Agricultural Burn,AG_CR_69
29.7143_75.9532_2023-10-10_0802_N_VIIRS,Agricultural Burn,AG_CR_1717
29.4151_76.3073_2023-10-10_0802_N_VIIRS,Agricultural Burn,AG_CR_1718
30.7058_76.4790_2023-10-09_0821_N_VIIRS,Agricultural Burn,AG_CR_1575
29.4775_75.9548_2023-10-10_0802_N_VIIRS,Agricultural Burn,AG_CR_1712
31.7376_75.1201_2023-10-05_0757_N_VIIRS,Agricultural Burn,AG_CR_1008
29.4754_75.9634_2023-10-10_0802_N_VIIRS,Agricultural Burn,AG_CR_1714
31.7071_75.0858_2023-09-28_0828_N_VIIRS,Agricultural Burn,AG_CR_70
29.5879_75.4165_2023-10-10_0802_N_VIIRS,Agricultural Burn,AG_CR_1706
22.0690_76.9060_2023-10-09_0819_N_VIIRS,Agricultural Burn,AG_CR_1679
29.7473_75.9914_2023-10-10_0802_N_VIIRS,Agricultural Burn,AG_CR_1696
25.2753_76.4219_2023-10-10_0801_N_VIIRS,Agricultural Burn,AG_CR_1771
29.6365_77.3986_2023-10-05_0756_N_VIIRS,Agricultural Burn,AG_CR_1124
25.2998_76.4918_2023-10-10_0801_N_VIIRS,Agricultural Burn,AG_CR_1772
29.4291_75.7045_2023-10-10_0802_N_VIIRS,Agricultural Burn,AG_CR_1704
25.1142_76.2752_2023-10-04_0814_N_VIIRS,Agricultural Burn,AG_CR_967
23.2102_77.2886_2023-10-04_0813_N_VIIRS,Agricultural Burn,AG_CR_956
31.7170_74.9544_2023-10-05_0757_N_VIIRS,Agricultural Burn,AG_CR_1035
29.8980_76.0020_2023-10-09_0821_N_VIIRS,Agricultural Burn,AG_CR_1591
25.5482_78.7537_2023-10-10_0801_N_VIIRS,Agricultural Burn,AG_CR_1755
31.7309_74.9117_2023-10-05_0757_N_VIIRS,Agricultural Burn,AG_CR_1037
22.1632_77.0057_2023-10-04_0813_N_VIIRS,Agricultural Burn,AG_CR_964
23.1567_77.2395_2023-10-04_0813_N_VIIRS,Agricultural Burn,AG_CR_955
29.9631_76.1239_2023-10-09_0821_N_VIIRS,Agricultural Burn,AG_CR_1593
31.7165_74.9721_2023-10-05_0757_N_VIIRS,Agricultural Burn,AG_CR_1006
27.2095_81.2276_2023-10-11_0742_N_VIIRS,Agricultural Burn,AG_CR_1895
29.1777_76.6560_2023-09-29_0808_N_VIIRS,Agricultural Burn,AG_CR_189
29.4623_76.9331_2023-09-29_0809_N_VIIRS,Agricultural Burn,AG_CR_187
27.8036_77.4720_2023-10-11_0743_N_VIIRS,Agricultural Burn,AG_CR_1921
23.3587_79.7781_2023-10-10_0800_N_VIIRS,Agricultural Burn,AG_CR_1823
29.5629_76.3203_2023-10-10_0802_N_VIIRS,Agricultural Burn,AG_CR_1719
24.5060_79.3539_2023-09-30_0748_N_VIIRS,Agricultural Burn,AG_CR_344
24.6824_77.1093_2023-09-30_0748_N_VIIRS,Agricultural Burn,AG_CR_345
25.1029_76.2853_2023-10-09_0820_N_VIIRS,Agricultural Burn,AG_CR_1651
29.5362_76.0968_2023-10-06_0737_N_VIIRS,Agricultural Burn,AG_CR_1255
27.8649_77.5019_2023-10-11_0743_N_VIIRS,Agricultural Burn,AG_CR_1922
29.6178_75.8160_2023-10-05_0756_N_VIIRS,Agricultural Burn,AG_CR_1093
24.7770_76.9257_2023-09-30_0748_N_VIIRS,Agricultural Burn,AG_CR_347
24.9277_76.1485_2023-10-10_0801_N_VIIRS,Agricultural Burn,AG_CR_1787
29.6344_75.9392_2023-10-05_0756_N_VIIRS,Agricultural Burn,AG_CR_1094
22.6443_77.8468_2023-10-10_0800_N_VIIRS,Agricultural Burn,AG_CR_1819
27.9491_80.5110_2023-10-11_0743_N_VIIRS,Agricultural Burn,AG_CR_1917
25.0453_76.2790_2023-10-09_0820_N_VIIRS,Agricultural Burn,AG_CR_1650
22.7025_75.1790_2023-10-10_0800_N_VIIRS,Agricultural Burn,AG_CR_1805
31.6554_74.9922_2023-09-28_0828_N_VIIRS,Agricultural Burn,AG_CR_87
25.3797_76.2645_2023-10-10_0801_N_VIIRS,Agricultural Burn,AG_CR_1783
23.7165_78.1400_2023-09-30_2016_N_VIIRS,Agricultural Burn,AG_CR_526
29.0852_76.6615_2023-10-05_0756_N_VIIRS,Agricultural Burn,AG_CR_1109
25.6250_81.2688_2023-10-11_0742_N_VIIRS,Agricultural Burn,AG_CR_1915
31.7685_74.9856_2023-10-11_0744_N_VIIRS,Agricultural Burn,AG_CR_1844
29.3675_76.9477_2023-10-05_0756_N_VIIRS,Agricultural Burn,AG_CR_1106
24.9729_76.3920_2023-10-10_0801_N_VIIRS,Agricultural Burn,AG_CR_1768
24.7655_74.6088_2023-09-28_2053_N_VIIRS,Agricultural Burn,AG_CR_205
31.6819_74.9667_2023-09-28_0828_N_VIIRS,Agricultural Burn,AG_CR_88
23.7283_77.6442_2023-09-29_0807_N_VIIRS,Agricultural Burn,AG_CR_213
31.7302_74.9075_2023-10-05_0757_N_VIIRS,Agricultural Burn,AG_CR_1036
27.8111_78.1522_2023-10-11_0743_N_VIIRS,Agricultural Burn,AG_CR_1888
28.2020_77.5619_2023-10-10_0802_N_VIIRS,Agricultural Burn,AG_CR_1752
23.1852_77.9884_2023-10-09_0819_N_VIIRS,Agricultural Burn,AG_CR_1684
28.6233_79.1575_2023-10-10_0802_N_VIIRS,Agricultural Burn,AG_CR_1760
29.6059_75.8197_2023-10-10_0802_N_VIIRS,Agricultural Burn,AG_CR_1705
29.5659_75.2536_2023-10-10_0802_N_VIIRS,Agricultural Burn,AG_CR_1694
31.7014_74.9448_2023-10-05_0757_N_VIIRS,Agricultural Burn,AG_CR_1032
31.6940_74.9421_2023-10-05_0757_N_VIIRS,Agricultural Burn,AG_CR_1031
31.6828_74.9798_2023-10-05_0757_N_VIIRS,Agricultural Burn,AG_CR_1030
28.6729_78.6616_2023-10-05_0756_N_VIIRS,Agricultural Burn,AG_CR_1118
29.4271_76.6126_2023-10-05_0756_N_VIIRS,Agricultural Burn,AG_CR_1100
30.5727_76.5478_2023-10-11_0743_N_VIIRS,Agricultural Burn,AG_CR_1845
29.5651_74.5545_2023-10-09_0821_N_VIIRS,Agricultural Burn,AG_CR_1661
25.2393_76.0825_2023-10-09_0820_N_VIIRS,Agricultural Burn,AG_CR_1664
25.2293_75.9437_2023-10-09_0820_N_VIIRS,Agricultural Burn,AG_CR_1665
30.1477_76.1418_2023-10-04_0815_N_VIIRS,Agricultural Burn,AG_CR_892
29.4121_76.9308_2023-10-05_0756_N_VIIRS,Agricultural Burn,AG_CR_1107
30.7398_74.6352_2023-09-29_0809_N_VIIRS,Agricultural Burn,AG_CR_169
31.6106_74.5712_2023-10-04_0815_N_VIIRS,Agricultural Burn,AG_CR_828
25.2786_75.9869_2023-10-10_0801_N_VIIRS,Agricultural Burn,AG_CR_1775
25.2777_76.0029_2023-10-10_0801_N_VIIRS,Agricultural Burn,AG_CR_1774
25.2811_76.0023_2023-10-10_0801_N_VIIRS,Agricultural Burn,AG_CR_1776
31.5724_74.7922_2023-10-04_0815_N_VIIRS,Agricultural Burn,AG_CR_826
31.5851_74.7808_2023-10-04_0815_N_VIIRS,Agricultural Burn,AG_CR_827
28.3232_78.1549_2023-10-10_0802_N_VIIRS,Agricultural Burn,AG_CR_1741
29.5690_76.1158_2023-10-10_0802_N_VIIRS,Agricultural Burn,AG_CR_1720
30.9329_74.4987_2023-10-05_0756_N_VIIRS,Agricultural Burn,AG_CR_1041
25.3288_76.4936_2023-10-09_0820_N_VIIRS,Agricultural Burn,AG_CR_1653
25.2850_76.4186_2023-10-09_0820_N_VIIRS,Agricultural Burn,AG_CR_1652
26.2855_77.5122_2023-10-11_0742_N_VIIRS,Agricultural Burn,AG_CR_1982
29.9647_75.9637_2023-10-09_0821_N_VIIRS,Agricultural Burn,AG_CR_1606
28.6236_79.1432_2023-10-10_2027_N_VIIRS,Agricultural Burn,AG_CR_1937
27.5788_79.7155_2023-09-30_0749_N_VIIRS,Agricultural Burn,AG_CR_331
27.2619_78.6067_2023-10-11_0742_N_VIIRS,Agricultural Burn,AG_CR_1907
26.3610_77.6801_2023-10-10_0801_N_VIIRS,Agricultural Burn,AG_CR_1825
24.9225_76.1376_2023-10-10_0801_N_VIIRS,Agricultural Burn,AG_CR_1786
28.1436_80.1215_2023-09-30_2014_N_VIIRS,Agricultural Burn,AG_CR_510
30.0278_76.1317_2023-10-09_0821_N_VIIRS,Agricultural Burn,AG_CR_1595
29.9436_76.1268_2023-10-09_0821_N_VIIRS,Agricultural Burn,AG_CR_1592
27.3809_79.9753_2023-10-10_0801_N_VIIRS,Agricultural Burn,AG_CR_1754
26.8573_79.1204_2023-10-11_0742_N_VIIRS,Agricultural Burn,AG_CR_1906
28.6828_78.5170_2023-10-05_0756_N_VIIRS,Agricultural Burn,AG_CR_1120
25.5480_76.2561_2023-10-10_0801_N_VIIRS,Agricultural Burn,AG_CR_1773
29.8969_75.9987_2023-10-09_0821_N_VIIRS,Agricultural Burn,AG_CR_1590
27.6507_77.4553_2023-10-04_0814_N_VIIRS,Agricultural Burn,AG_CR_951
30.0812_76.7582_2023-10-04_0815_N_VIIRS,Agricultural Burn,AG_CR_941
27.1796_79.1534_2023-10-10_0801_N_VIIRS,Agricultural Burn,AG_CR_1756
24.9902_77.1020_2023-10-05_0755_N_VIIRS,Agricultural Burn,AG_CR_1144
25.0865_76.1656_2023-10-10_0801_N_VIIRS,Agricultural Burn,AG_CR_1780
23.5343_79.0805_2023-10-11_0741_N_VIIRS,Agricultural Burn,AG_CR_1983
31.7624_75.1015_2023-10-05_0757_N_VIIRS,Agricultural Burn,AG_CR_1009
22.9977_75.5197_2023-10-05_0754_N_VIIRS,Agricultural Burn,AG_CR_1148
29.6360_75.8629_2023-10-10_0802_N_VIIRS,Agricultural Burn,AG_CR_1708
25.3545_76.3802_2023-10-04_0814_N_VIIRS,Agricultural Burn,AG_CR_974
28.7836_79.6620_2023-10-10_0802_N_VIIRS,Agricultural Burn,AG_CR_1737
29.3919_76.0844_2023-10-10_0802_N_VIIRS,Agricultural Burn,AG_CR_1713
29.3581_75.9734_2023-10-10_0802_N_VIIRS,Agricultural Burn,AG_CR_1711
25.2703_76.1510_2023-10-10_0801_N_VIIRS,Agricultural Burn,AG_CR_1781
30.0426_77.0110_2023-09-30_0750_N_VIIRS,Agricultural Burn,AG_CR_309
30.0145_76.9265_2023-09-30_0750_N_VIIRS,Agricultural Burn,AG_CR_308
31.6267_75.0793_2023-09-28_0828_N_VIIRS,Agricultural Burn,AG_CR_86
31.6255_75.1502_2023-09-28_0828_N_VIIRS,Agricultural Burn,AG_CR_85
29.7026_76.3504_2023-10-10_0802_N_VIIRS,Agricultural Burn,AG_CR_1723
30.0310_76.8578_2023-09-30_0750_N_VIIRS,Agricultural Burn,AG_CR_311
29.9339_76.2561_2023-10-09_0821_N_VIIRS,Agricultural Burn,AG_CR_1633
28.7872_79.6614_2023-10-10_0802_N_VIIRS,Agricultural Burn,AG_CR_1738
24.9172_76.3593_2023-10-10_0801_N_VIIRS,Agricultural Burn,AG_CR_1785
31.6045_74.9855_2023-10-04_0815_N_VIIRS,Agricultural Burn,AG_CR_835
31.6244_75.0569_2023-10-04_0815_N_VIIRS,Agricultural Burn,AG_CR_836
29.9806_76.0857_2023-10-05_0756_N_VIIRS,Agricultural Burn,AG_CR_1058
31.5683_74.7884_2023-10-04_0815_N_VIIRS,Agricultural Burn,AG_CR_825
30.8392_76.2837_2023-10-04_0815_N_VIIRS,Agricultural Burn,AG_CR_884
31.6897_75.1728_2023-10-04_0815_N_VIIRS,Agricultural Burn,AG_CR_867
31.6478_75.0434_2023-10-04_0815_N_VIIRS,Agricultural Burn,AG_CR_866
23.1289_79.6595_2023-10-11_0741_N_VIIRS,Agricultural Burn,AG_CR_1979
30.6252_76.8493_2023-09-29_0809_N_VIIRS,Agricultural Burn,AG_CR_176
26.3668_77.5708_2023-10-11_0742_N_VIIRS,Agricultural Burn,AG_CR_1981
23.3890_77.0964_2023-09-30_0748_N_VIIRS,Agricultural Burn,AG_CR_350
24.7164_77.6840_2023-09-30_0748_N_VIIRS,Agricultural Burn,AG_CR_343
30.8429_76.2832_2023-10-04_0815_N_VIIRS,Agricultural Burn,AG_CR_885
22.8537_75.3768_2023-10-09_2047_N_VIIRS,Agricultural Burn,AG_CR_1802
27.9355_79.7695_2023-10-01_0730_N_VIIRS,Agricultural Burn,AG_CR_514
31.8532_74.6620_2023-09-30_0750_N_VIIRS,Agricultural Burn,AG_CR_214
31.6343_75.0504_2023-10-04_0815_N_VIIRS,Agricultural Burn,AG_CR_865
31.6250_75.0615_2023-10-04_0815_N_VIIRS,Agricultural Burn,AG_CR_864
29.3952_76.9283_2023-10-04_2039_N_VIIRS,Agricultural Burn,AG_CR_1105
25.1113_76.2359_2023-10-10_0801_N_VIIRS,Agricultural Burn,AG_CR_1764
22.5789_75.2479_2023-10-10_0800_N_VIIRS,Agricultural Burn,AG_CR_1803
27.1086_81.2746_2023-10-11_0742_N_VIIRS,Agricultural Burn,AG_CR_1892
27.1780_81.2615_2023-10-11_0742_N_VIIRS,Agricultural Burn,AG_CR_1893
30.2073_76.9820_2023-10-04_0815_N_VIIRS,Agricultural Burn,AG_CR_923
29.4620_77.0104_2023-10-05_0756_N_VIIRS,Agricultural Burn,AG_CR_1108
27.6179_80.0831_2023-10-11_0742_N_VIIRS,Agricultural Burn,AG_CR_1909
24.8715_76.5525_2023-10-05_0755_N_VIIRS,Agricultural Burn,AG_CR_1126
29.8782_76.0412_2023-10-09_0821_N_VIIRS,Agricultural Burn,AG_CR_1589
30.2294_77.3142_2023-10-01_0731_N_VIIRS,Agricultural Burn,AG_CR_493
28.8688_79.5386_2023-10-05_0756_N_VIIRS,Agricultural Burn,AG_CR_1114
30.5788_76.6217_2023-10-11_0743_N_VIIRS,Agricultural Burn,AG_CR_1852
23.9881_79.3914_2023-09-19_2022_N_VIIRS,Agricultural Burn,AG_CR_14
25.3347_76.3921_2023-10-04_0814_N_VIIRS,Agricultural Burn,AG_CR_972
23.3994_77.0959_2023-10-05_0754_N_VIIRS,Agricultural Burn,AG_CR_1152
31.6666_74.6338_2023-10-05_0757_N_VIIRS,Agricultural Burn,AG_CR_996
30.1655_77.0107_2023-09-30_0750_N_VIIRS,Agricultural Burn,AG_CR_296
29.6684_75.8971_2023-10-10_0802_N_VIIRS,Agricultural Burn,AG_CR_1709
28.9644_76.9058_2023-10-11_0743_N_VIIRS,Agricultural Burn,AG_CR_1884
25.3992_76.4734_2023-10-04_0814_N_VIIRS,Agricultural Burn,AG_CR_975
31.6178_74.6585_2023-10-05_0757_N_VIIRS,Agricultural Burn,AG_CR_995
31.0927_75.2002_2023-10-09_0821_N_VIIRS,Agricultural Burn,AG_CR_1580
24.8315_76.9819_2023-10-11_0742_N_VIIRS,Agricultural Burn,AG_CR_1972
24.7594_76.3918_2023-10-03_0832_N_VIIRS,Agricultural Burn,AG_CR_812
29.8716_75.9032_2023-10-05_0756_N_VIIRS,Agricultural Burn,AG_CR_1070
30.2593_77.2853_2023-09-30_0750_N_VIIRS,Agricultural Burn,AG_CR_319
30.6083_75.4822_2023-10-09_0821_N_VIIRS,Agricultural Burn,AG_CR_1585
23.6739_76.2970_2023-10-10_0800_N_VIIRS,Agricultural Burn,AG_CR_1831
31.7291_75.0480_2023-10-05_0757_N_VIIRS,Agricultural Burn,AG_CR_1007
24.8529_76.4002_2023-10-05_0755_N_VIIRS,Agricultural Burn,AG_CR_1135
27.1807_81.2570_2023-10-11_0742_N_VIIRS,Agricultural Burn,AG_CR_1894
27.4801_77.5598_2023-10-05_0755_N_VIIRS,Agricultural Burn,AG_CR_1117
31.7048_74.9441_2023-10-05_0757_N_VIIRS,Agricultural Burn,AG_CR_1033
31.7064_74.9744_2023-10-05_0757_N_VIIRS,Agricultural Burn,AG_CR_1034
27.9345_79.7644_2023-10-01_0730_N_VIIRS,Agricultural Burn,AG_CR_512
25.0401_76.3046_2023-10-10_0801_N_VIIRS,Agricultural Burn,AG_CR_1763
27.9352_79.7671_2023-10-01_0730_N_VIIRS,Agricultural Burn,AG_CR_513
25.8772_78.1931_2023-10-10_0801_N_VIIRS,Agricultural Burn,AG_CR_1816
29.4238_76.6133_2023-10-05_0756_N_VIIRS,Agricultural Burn,AG_CR_1099
25.3457_76.4208_2023-10-04_0814_N_VIIRS,Agricultural Burn,AG_CR_973
28.4538_77.3894_2023-10-11_0743_N_VIIRS,Agricultural Burn,AG_CR_1867
27.0823_81.3108_2023-10-10_0801_N_VIIRS,Agricultural Burn,AG_CR_1736
29.3214_76.8897_2023-09-30_0750_N_VIIRS,Agricultural Burn,AG_CR_315
29.2800_76.9162_2023-09-30_0750_N_VIIRS,Agricultural Burn,AG_CR_314
25.9066_76.8260_2023-10-10_0801_N_VIIRS,Agricultural Burn,AG_CR_1833
30.1837_76.6871_2023-10-04_0815_N_VIIRS,Agricultural Burn,AG_CR_942
29.9880_76.1276_2023-10-11_0743_N_VIIRS,Agricultural Burn,AG_CR_1851
24.9567_76.5355_2023-10-05_0755_N_VIIRS,Agricultural Burn,AG_CR_1127
28.8706_77.1989_2023-10-11_0743_N_VIIRS,Agricultural Burn,AG_CR_1891
31.1248_75.2115_2023-10-09_0821_N_VIIRS,Agricultural Burn,AG_CR_1581
22.9981_75.2635_2023-10-04_0813_N_VIIRS,Agricultural Burn,AG_CR_958
29.4738_74.0006_2023-10-04_0815_N_VIIRS,Agricultural Burn,AG_CR_979
22.4866_75.4869_2023-10-05_0754_N_VIIRS,Agricultural Burn,AG_CR_1141
29.1789_76.9418_2023-09-30_0750_N_VIIRS,Agricultural Burn,AG_CR_316
28.0702_77.8563_2023-10-05_2021_N_VIIRS,Agricultural Burn,AG_CR_1264
24.9195_76.3776_2023-10-04_0813_N_VIIRS,Agricultural Burn,AG_CR_988
30.7056_76.4791_2023-10-09_0821_N_VIIRS,Agricultural Burn,AG_CR_1575
27.9694_77.5630_2023-10-06_0737_N_VIIRS,Agricultural Burn,AG_CR_1266
29.6740_75.4120_2023-10-09_0821_N_VIIRS,Agricultural Burn,AG_CR_1626
28.1810_80.0332_2023-10-06_2002_N_VIIRS,Agricultural Burn,AG_CR_1346
25.8545_78.8109_2023-10-11_0742_N_VIIRS,Agricultural Burn,AG_CR_1965
31.6550_75.2121_2023-10-04_0815_N_VIIRS,Agricultural Burn,AG_CR_860
29.8551_75.4032_2023-10-05_0756_N_VIIRS,Agricultural Burn,AG_CR_1054
29.8723_75.9073_2023-10-05_0756_N_VIIRS,Agricultural Burn,AG_CR_1071
30.1302_76.9667_2023-09-30_0750_N_VIIRS,Agricultural Burn,AG_CR_306
30.1192_76.9216_2023-09-30_0750_N_VIIRS,Agricultural Burn,AG_CR_310
26.3320_77.6999_2023-10-01_0730_N_VIIRS,Agricultural Burn,AG_CR_523
26.1859_78.3851_2023-10-10_0801_N_VIIRS,Agricultural Burn,AG_CR_1817
29.8583_74.4836_2023-09-29_0809_N_VIIRS,Agricultural Burn,AG_CR_206
31.2401_75.2486_2023-10-04_0815_N_VIIRS,Agricultural Burn,AG_CR_879
25.0941_76.4385_2023-09-29_0807_N_VIIRS,Agricultural Burn,AG_CR_204
30.1462_76.2807_2023-10-04_0815_N_VIIRS,Agricultural Burn,AG_CR_893
29.4178_76.6534_2023-10-04_0815_N_VIIRS,Agricultural Burn,AG_CR_935
24.6347_76.4312_2023-10-09_0820_N_VIIRS,Agricultural Burn,AG_CR_1662
28.9628_77.1718_2023-09-29_0808_N_VIIRS,Agricultural Burn,AG_CR_191
27.7681_80.5659_2023-10-11_0742_N_VIIRS,Agricultural Burn,AG_CR_1918
23.1357_79.7005_2023-10-10_0800_N_VIIRS,Agricultural Burn,AG_CR_1824
23.0634_79.4577_2023-10-10_0800_N_VIIRS,Agricultural Burn,AG_CR_1826
30.7851_74.3662_2023-10-05_0756_N_VIIRS,Agricultural Burn,AG_CR_1043
29.8510_75.3998_2023-10-05_0756_N_VIIRS,Agricultural Burn,AG_CR_1052
22.6158_76.0738_2023-10-10_0800_N_VIIRS,Agricultural Burn,AG_CR_1820
30.2969_76.8373_2023-10-04_0815_N_VIIRS,Agricultural Burn,AG_CR_920
28.8012_77.0223_2023-10-11_0743_N_VIIRS,Agricultural Burn,AG_CR_1938
30.2737_76.8356_2023-10-04_0815_N_VIIRS,Agricultural Burn,AG_CR_917
30.9626_74.5294_2023-10-09_0821_N_VIIRS,Agricultural Burn,AG_CR_1577
25.1265_77.0424_2023-10-09_0820_N_VIIRS,Agricultural Burn,AG_CR_1654
30.1815_76.6696_2023-10-05_0756_N_VIIRS,Agricultural Burn,AG_CR_1087
22.9803_79.9207_2023-10-10_0800_N_VIIRS,Agricultural Burn,AG_CR_1822
30.5924_76.8008_2023-10-09_0821_N_VIIRS,Agricultural Burn,AG_CR_1607
30.7845_75.9642_2023-10-06_0737_N_VIIRS,Agricultural Burn,AG_CR_1208
29.9865_76.1221_2023-10-05_0756_N_VIIRS,Agricultural Burn,AG_CR_1059
29.7459_76.1978_2023-10-06_0737_N_VIIRS,Agricultural Burn,AG_CR_1256
30.1144_76.1370_2023-10-05_0756_N_VIIRS,Agricultural Burn,AG_CR_1065
28.0036_77.3818_2023-10-06_0737_N_VIIRS,Agricultural Burn,AG_CR_1262
24.6833_77.1079_2023-09-30_0748_N_VIIRS,Agricultural Burn,AG_CR_346
24.1881_78.5069_2023-09-30_0748_N_VIIRS,Agricultural Burn,AG_CR_349
30.9776_74.7765_2023-10-09_0821_N_VIIRS,Agricultural Burn,AG_CR_1578
25.1680_76.9934_2023-10-09_0820_N_VIIRS,Agricultural Burn,AG_CR_1655
30.2091_76.9800_2023-10-05_0756_N_VIIRS,Agricultural Burn,AG_CR_1089
30.2818_76.8396_2023-10-04_0815_N_VIIRS,Agricultural Burn,AG_CR_918
22.2980_76.9829_2023-10-09_0819_N_VIIRS,Agricultural Burn,AG_CR_1677
30.2825_76.8448_2023-10-04_0815_N_VIIRS,Agricultural Burn,AG_CR_919
30.5258_76.7210_2023-10-09_0821_N_VIIRS,Agricultural Burn,AG_CR_1596
30.0940_76.1602_2023-10-09_0821_N_VIIRS,Agricultural Burn,AG_CR_1597
30.1891_76.8940_2023-10-05_0756_N_VIIRS,Agricultural Burn,AG_CR_1101
29.8544_75.3991_2023-10-05_0756_N_VIIRS,Agricultural Burn,AG_CR_1053
30.7195_76.3864_2023-10-05_0756_N_VIIRS,Agricultural Burn,AG_CR_1040
27.7331_78.7781_2023-10-11_0743_N_VIIRS,Agricultural Burn,AG_CR_1913
29.5479_76.9835_2023-09-29_0809_N_VIIRS,Agricultural Burn,AG_CR_182
30.1750_77.1434_2023-09-29_0809_N_VIIRS,Agricultural Burn,AG_CR_195
26.1359_80.6834_2023-10-10_0801_N_VIIRS,Agricultural Burn,AG_CR_1762
30.6763_74.3713_2023-10-11_0744_N_VIIRS,Agricultural Burn,AG_CR_1846
29.9727_76.9411_2023-10-05_0756_N_VIIRS,Agricultural Burn,AG_CR_1103
29.9998_76.8741_2023-10-05_0756_N_VIIRS,Agricultural Burn,AG_CR_1104
22.6881_77.2148_2023-10-09_0819_N_VIIRS,Agricultural Burn,AG_CR_1686
25.1301_76.0303_2023-09-29_0807_N_VIIRS,Agricultural Burn,AG_CR_207
31.6579_75.0144_2023-09-30_0750_N_VIIRS,Agricultural Burn,AG_CR_228
30.2117_77.0271_2023-10-04_0815_N_VIIRS,Agricultural Burn,AG_CR_924
29.6636_75.4359_2023-10-04_0815_N_VIIRS,Agricultural Burn,AG_CR_928
31.7374_74.9723_2023-09-30_0750_N_VIIRS,Agricultural Burn,AG_CR_238
31.7545_75.0463_2023-09-30_0750_N_VIIRS,Agricultural Burn,AG_CR_240
29.6703_75.3496_2023-10-09_0821_N_VIIRS,Agricultural Burn,AG_CR_1586
27.4013_78.7015_2023-10-11_0742_N_VIIRS,Agricultural Burn,AG_CR_1903
31.6398_75.0774_2023-09-30_0750_N_VIIRS,Agricultural Burn,AG_CR_263
31.6680_75.0705_2023-09-30_0750_N_VIIRS,Agricultural Burn,AG_CR_265
30.0271_76.0603_2023-10-09_0821_N_VIIRS,Agricultural Burn,AG_CR_1594
31.6741_75.1660_2023-09-30_0750_N_VIIRS,Agricultural Burn,AG_CR_268
31.6742_75.0641_2023-09-30_0750_N_VIIRS,Agricultural Burn,AG_CR_269
30.2020_77.0629_2023-09-30_0750_N_VIIRS,Agricultural Burn,AG_CR_297
28.0928_78.0253_2023-10-10_0802_N_VIIRS,Agricultural Burn,AG_CR_1729
29.9351_75.8862_2023-10-11_0743_N_VIIRS,Agricultural Burn,AG_CR_1862
31.1345_74.5849_2023-10-11_0744_N_VIIRS,Agricultural Burn,AG_CR_1866
27.9838_77.5539_2023-10-06_0737_N_VIIRS,Agricultural Burn,AG_CR_1267
27.9963_77.5565_2023-10-06_0737_N_VIIRS,Agricultural Burn,AG_CR_1268
29.9352_76.4354_2023-10-09_0821_N_VIIRS,Agricultural Burn,AG_CR_1634
23.1300_79.6600_2023-10-11_0741_N_VIIRS,Agricultural Burn,AG_CR_1980
30.1410_77.3988_2023-10-01_0731_N_VIIRS,Agricultural Burn,AG_CR_494
29.8728_76.0488_2023-10-05_0756_N_VIIRS,Agricultural Burn,AG_CR_1057
30.0789_76.2154_2023-10-05_0756_N_VIIRS,Agricultural Burn,AG_CR_1064
26.1294_78.8552_2023-10-10_0801_N_VIIRS,Agricultural Burn,AG_CR_1793
30.1716_76.9045_2023-10-01_0731_N_VIIRS,Agricultural Burn,AG_CR_486
30.0306_76.1703_2023-10-11_0743_N_VIIRS,Agricultural Burn,AG_CR_1853
29.9768_75.9415_2023-10-11_0743_N_VIIRS,Agricultural Burn,AG_CR_1859
24.7778_76.9904_2023-10-09_0820_N_VIIRS,Agricultural Burn,AG_CR_1673
26.6111_78.5444_2023-10-05_0755_N_VIIRS,Agricultural Burn,AG_CR_1139
24.7047_78.0722_2023-10-11_0742_N_VIIRS,Agricultural Burn,AG_CR_1960
31.9663_74.8626_2023-10-10_0803_N_VIIRS,Agricultural Burn,AG_CR_1691
31.5784_74.8015_2023-09-30_0750_N_VIIRS,Agricultural Burn,AG_CR_221
29.6042_76.7647_2023-10-11_0743_N_VIIRS,Agricultural Burn,AG_CR_1880
31.7044_75.0274_2023-09-30_0750_N_VIIRS,Agricultural Burn,AG_CR_231
31.6967_75.0049_2023-09-30_0750_N_VIIRS,Agricultural Burn,AG_CR_229
25.8062_78.3854_2023-10-11_0742_N_VIIRS,Agricultural Burn,AG_CR_1966
24.6864_77.0884_2023-10-11_0742_N_VIIRS,Agricultural Burn,AG_CR_1971
30.5082_75.0464_2023-10-06_0737_N_VIIRS,Agricultural Burn,AG_CR_1210
29.0628_77.1409_2023-10-10_0802_N_VIIRS,Agricultural Burn,AG_CR_1728
31.5006_75.1069_2023-09-30_0750_N_VIIRS,Agricultural Burn,AG_CR_293
28.6935_78.4015_2023-10-04_0814_N_VIIRS,Agricultural Burn,AG_CR_947
31.4161_75.1080_2023-09-30_0750_N_VIIRS,Agricultural Burn,AG_CR_292
31.6866_75.0513_2023-09-30_0750_N_VIIRS,Agricultural Burn,AG_CR_230
31.5890_74.8388_2023-09-30_0750_N_VIIRS,Agricultural Burn,AG_CR_222
29.7394_76.0790_2023-10-04_0815_N_VIIRS,Agricultural Burn,AG_CR_934
30.2587_76.4687_2023-09-29_0809_N_VIIRS,Agricultural Burn,AG_CR_174
25.2151_77.0244_2023-10-11_0742_N_VIIRS,Agricultural Burn,AG_CR_1947
30.2062_76.9795_2023-10-04_0815_N_VIIRS,Agricultural Burn,AG_CR_922
31.7122_74.9470_2023-09-30_0750_N_VIIRS,Agricultural Burn,AG_CR_275
31.6262_75.0025_2023-09-30_0750_N_VIIRS,Agricultural Burn,AG_CR_227
25.0326_76.9536_2023-10-04_0813_N_VIIRS,Agricultural Burn,AG_CR_961
30.7915_74.3592_2023-10-10_0802_N_VIIRS,Agricultural Burn,AG_CR_1693
31.7235_74.9364_2023-09-30_0750_N_VIIRS,Agricultural Burn,AG_CR_233
29.0196_76.0840_2023-10-10_0802_N_VIIRS,Agricultural Burn,AG_CR_1702
31.7667_74.9504_2023-09-30_0750_N_VIIRS,Agricultural Burn,AG_CR_242
31.7352_75.0413_2023-09-30_0750_N_VIIRS,Agricultural Burn,AG_CR_237
30.0529_76.0329_2023-10-05_0756_N_VIIRS,Agricultural Burn,AG_CR_1069
28.5775_79.1556_2023-10-06_0737_N_VIIRS,Agricultural Burn,AG_CR_1278
27.5918_77.4765_2023-10-04_0814_N_VIIRS,Agricultural Burn,AG_CR_950
30.2382_75.6291_2023-10-04_0815_N_VIIRS,Agricultural Burn,AG_CR_870
29.9067_76.7580_2023-10-05_0756_N_VIIRS,Agricultural Burn,AG_CR_1102
30.8715_76.4875_2023-10-05_0756_N_VIIRS,Agricultural Burn,AG_CR_1066
31.7330_74.9684_2023-09-30_0750_N_VIIRS,Agricultural Burn,AG_CR_235
31.7297_74.9299_2023-09-30_0750_N_VIIRS,Agricultural Burn,AG_CR_234
31.7756_75.0412_2023-09-30_0750_N_VIIRS,Agricultural Burn,AG_CR_243
31.5248_75.1399_2023-09-30_0750_N_VIIRS,Agricultural Burn,AG_CR_245
31.6725_74.9519_2023-09-30_0750_N_VIIRS,Agricultural Burn,AG_CR_272
31.7345_75.1561_2023-09-30_0750_N_VIIRS,Agricultural Burn,AG_CR_271
31.6765_75.1799_2023-09-30_0750_N_VIIRS,Agricultural Burn,AG_CR_270
31.6354_75.0736_2023-09-30_0750_N_VIIRS,Agricultural Burn,AG_CR_261
31.6378_75.1071_2023-09-30_0750_N_VIIRS,Agricultural Burn,AG_CR_262
31.6592_75.0629_2023-09-30_0750_N_VIIRS,Agricultural Burn,AG_CR_264
31.6697_75.1622_2023-09-30_0750_N_VIIRS,Agricultural Burn,AG_CR_266
31.6708_75.0454_2023-09-30_0750_N_VIIRS,Agricultural Burn,AG_CR_267
31.6591_75.1365_2023-10-05_0756_N_VIIRS,Agricultural Burn,AG_CR_1027
24.7792_76.9927_2023-10-09_0820_N_VIIRS,Agricultural Burn,AG_CR_1674
29.0938_77.1053_2023-09-29_0808_N_VIIRS,Agricultural Burn,AG_CR_193
24.7598_76.9718_2023-10-09_0820_N_VIIRS,Agricultural Burn,AG_CR_1671
31.5794_75.0761_2023-10-05_0756_N_VIIRS,Agricultural Burn,AG_CR_1002
31.5760_75.0769_2023-10-05_0756_N_VIIRS,Agricultural Burn,AG_CR_1000
29.6173_75.8957_2023-10-06_0737_N_VIIRS,Agricultural Burn,AG_CR_1251
28.1306_79.8662_2023-10-04_2039_N_VIIRS,Agricultural Burn,AG_CR_1123
31.6311_75.2894_2023-09-30_0750_N_VIIRS,Agricultural Burn,AG_CR_251
31.6173_75.2111_2023-09-30_0750_N_VIIRS,Agricultural Burn,AG_CR_249
31.5731_75.1688_2023-09-30_0750_N_VIIRS,Agricultural Burn,AG_CR_253
31.6163_75.1437_2023-09-30_0750_N_VIIRS,Agricultural Burn,AG_CR_256
25.4004_76.2651_2023-10-04_0814_N_VIIRS,Agricultural Burn,AG_CR_984
25.4579_76.4559_2023-10-04_0814_N_VIIRS,Agricultural Burn,AG_CR_985
31.5969_75.0765_2023-10-05_0756_N_VIIRS,Agricultural Burn,AG_CR_1003
31.5666_75.1122_2023-09-30_0750_N_VIIRS,Agricultural Burn,AG_CR_224
29.0717_77.1000_2023-09-29_0808_N_VIIRS,Agricultural Burn,AG_CR_192
29.7532_76.0217_2023-10-09_0821_N_VIIRS,Agricultural Burn,AG_CR_1603
28.0703_77.8572_2023-09-29_2033_N_VIIRS,Agricultural Burn,AG_CR_321
29.6554_75.9349_2023-10-04_0815_N_VIIRS,Agricultural Burn,AG_CR_930
29.9219_75.8785_2023-10-11_0743_N_VIIRS,Agricultural Burn,AG_CR_1861
29.6666_75.9271_2023-10-06_0737_N_VIIRS,Agricultural Burn,AG_CR_1252
24.1475_77.6777_2023-10-10_0800_N_VIIRS,Agricultural Burn,AG_CR_1839
24.1882_78.4442_2023-10-10_0800_N_VIIRS,Agricultural Burn,AG_CR_1827
31.6042_74.8068_2023-10-05_0756_N_VIIRS,Agricultural Burn,AG_CR_1029
29.6252_74.5314_2023-10-04_0815_N_VIIRS,Agricultural Burn,AG_CR_981
25.4638_76.4461_2023-10-04_0814_N_VIIRS,Agricultural Burn,AG_CR_986
31.6999_74.9402_2023-09-30_0750_N_VIIRS,Agricultural Burn,AG_CR_274
31.5496_74.8370_2023-10-05_0756_N_VIIRS,Agricultural Burn,AG_CR_993
31.6831_74.9493_2023-09-30_0750_N_VIIRS,Agricultural Burn,AG_CR_273
27.5880_77.4771_2023-10-04_0814_N_VIIRS,Agricultural Burn,AG_CR_949
30.1942_76.6531_2023-10-09_0821_N_VIIRS,Agricultural Burn,AG_CR_1623
27.9973_79.9459_2023-10-06_0736_N_VIIRS,Agricultural Burn,AG_CR_1280
27.9966_79.9416_2023-10-06_0736_N_VIIRS,Agricultural Burn,AG_CR_1279
31.7138_74.9437_2023-09-30_0750_N_VIIRS,Agricultural Burn,AG_CR_276
31.6399_75.2153_2023-09-30_0750_N_VIIRS,Agricultural Burn,AG_CR_252
31.7345_75.0171_2023-09-30_0750_N_VIIRS,Agricultural Burn,AG_CR_236
31.7549_75.1094_2023-09-30_0750_N_VIIRS,Agricultural Burn,AG_CR_241
31.7227_74.9317_2023-09-30_0750_N_VIIRS,Agricultural Burn,AG_CR_232
31.8131_74.9831_2023-09-30_0750_N_VIIRS,Agricultural Burn,AG_CR_244
30.4354_76.6416_2023-10-11_0743_N_VIIRS,Agricultural Burn,AG_CR_1854
27.4567_77.5497_2023-10-11_0743_N_VIIRS,Agricultural Burn,AG_CR_1927
28.8105_79.7597_2023-10-11_2008_N_VIIRS,Agricultural Burn,AG_CR_2005
29.4956_77.0848_2023-09-20_0737_N_VIIRS,Agricultural Burn,AG_CR_12
30.9269_76.2469_2023-09-29_0809_N_VIIRS,Agricultural Burn,AG_CR_173
31.2295_75.1765_2023-09-29_0809_N_VIIRS,Agricultural Burn,AG_CR_172
31.0577_76.2223_2023-10-04_0815_N_VIIRS,Agricultural Burn,AG_CR_897
24.7613_76.9741_2023-10-09_0820_N_VIIRS,Agricultural Burn,AG_CR_1672
31.6240_75.2182_2023-10-05_0756_N_VIIRS,Agricultural Burn,AG_CR_1020
31.6330_75.2939_2023-10-05_0756_N_VIIRS,Agricultural Burn,AG_CR_1021
27.1665_81.2670_2023-10-06_0736_N_VIIRS,Agricultural Burn,AG_CR_1270
31.5244_74.8370_2023-09-30_0750_N_VIIRS,Agricultural Burn,AG_CR_290
31.5733_74.8400_2023-09-30_0750_N_VIIRS,Agricultural Burn,AG_CR_218
30.4322_74.8394_2023-10-04_0815_N_VIIRS,Agricultural Burn,AG_CR_871
31.6236_75.1226_2023-09-30_0750_N_VIIRS,Agricultural Burn,AG_CR_258
31.7428_74.9612_2023-09-30_0750_N_VIIRS,Agricultural Burn,AG_CR_239
31.5729_75.1881_2023-09-30_0750_N_VIIRS,Agricultural Burn,AG_CR_247
30.5065_75.0484_2023-10-06_0737_N_VIIRS,Agricultural Burn,AG_CR_1209
31.5455_75.1173_2023-09-30_0750_N_VIIRS,Agricultural Burn,AG_CR_223
31.5775_74.7767_2023-09-30_0750_N_VIIRS,Agricultural Burn,AG_CR_220
29.3615_75.6216_2023-10-09_0821_N_VIIRS,Agricultural Burn,AG_CR_1629
27.1738_81.2696_2023-10-06_0736_N_VIIRS,Agricultural Burn,AG_CR_1271
31.6008_74.8076_2023-10-05_0756_N_VIIRS,Agricultural Burn,AG_CR_1028
30.9845_75.4678_2023-09-29_0809_N_VIIRS,Agricultural Burn,AG_CR_171
31.6531_75.0157_2023-10-05_0756_N_VIIRS,Agricultural Burn,AG_CR_1004
31.5741_74.8447_2023-09-30_0750_N_VIIRS,Agricultural Burn,AG_CR_219
30.9492_74.5235_2023-10-10_0802_N_VIIRS,Agricultural Burn,AG_CR_1692
23.8562_77.6707_2023-10-09_0819_N_VIIRS,Agricultural Burn,AG_CR_1690
29.5426_77.0153_2023-09-20_0737_N_VIIRS,Agricultural Burn,AG_CR_13
30.3055_76.1377_2023-10-11_0743_N_VIIRS,Agricultural Burn,AG_CR_1858
25.6212_81.1717_2023-10-10_0801_N_VIIRS,Agricultural Burn,AG_CR_1751
30.2327_76.0171_2023-10-11_0743_N_VIIRS,Agricultural Burn,AG_CR_1857
29.5410_76.3421_2023-10-11_0743_N_VIIRS,Agricultural Burn,AG_CR_1874
31.5924_74.9886_2023-09-30_0750_N_VIIRS,Agricultural Burn,AG_CR_225
31.6244_75.1272_2023-09-30_0750_N_VIIRS,Agricultural Burn,AG_CR_260
27.9536_79.7344_2023-10-06_0736_N_VIIRS,Agricultural Burn,AG_CR_1281
30.9751_74.5524_2023-10-04_0815_N_VIIRS,Agricultural Burn,AG_CR_872
30.6602_74.6894_2023-10-05_0756_N_VIIRS,Agricultural Burn,AG_CR_1039
31.5874_75.1460_2023-09-30_0750_N_VIIRS,Agricultural Burn,AG_CR_255
31.6198_75.1429_2023-09-30_0750_N_VIIRS,Agricultural Burn,AG_CR_257
31.5799_74.8919_2023-10-05_0756_N_VIIRS,Agricultural Burn,AG_CR_994
31.6198_75.2874_2023-09-30_0750_N_VIIRS,Agricultural Burn,AG_CR_250
31.6163_75.2882_2023-09-30_0750_N_VIIRS,Agricultural Burn,AG_CR_248
31.6239_75.1661_2023-09-30_0750_N_VIIRS,Agricultural Burn,AG_CR_259
26.2386_76.3507_2023-10-09_0820_N_VIIRS,Agricultural Burn,AG_CR_1666
31.7595_74.9654_2023-09-28_0828_N_VIIRS,Agricultural Burn,AG_CR_75
25.0421_76.2848_2023-10-11_0742_N_VIIRS,Agricultural Burn,AG_CR_1939
31.3550_75.2793_2023-10-03_0834_N_VIIRS,Agricultural Burn,AG_CR_739
22.5537_77.1815_2023-10-09_0819_N_VIIRS,Agricultural Burn,AG_CR_1680
31.5145_74.6381_2023-09-30_0750_N_VIIRS,Agricultural Burn,AG_CR_289
30.2675_76.1545_2023-10-09_0821_N_VIIRS,Agricultural Burn,AG_CR_1604
27.3166_77.6496_2023-10-11_0742_N_VIIRS,Agricultural Burn,AG_CR_1925
30.4853_77.1398_2023-10-06_0737_N_VIIRS,Agricultural Burn,AG_CR_1249
29.7826_76.6068_2023-10-04_0815_N_VIIRS,Agricultural Burn,AG_CR_937
29.9806_76.0242_2023-10-04_0815_N_VIIRS,Agricultural Burn,AG_CR_890
31.5851_75.1949_2023-09-30_0750_N_VIIRS,Agricultural Burn,AG_CR_254
31.5233_74.6205_2023-10-05_0756_N_VIIRS,Agricultural Burn,AG_CR_992
31.6155_75.0564_2023-09-30_0750_N_VIIRS,Agricultural Burn,AG_CR_226
31.4604_75.4131_2023-09-30_0750_N_VIIRS,Agricultural Burn,AG_CR_278
31.3559_75.7506_2023-09-30_0750_N_VIIRS,Agricultural Burn,AG_CR_277
29.4593_76.6683_2023-10-11_0743_N_VIIRS,Agricultural Burn,AG_CR_1877
31.7860_74.9400_2023-09-28_0828_N_VIIRS,Agricultural Burn,AG_CR_77
30.9288_74.4532_2023-10-11_0744_N_VIIRS,Agricultural Burn,AG_CR_1848
31.7892_75.0886_2023-09-28_0828_N_VIIRS,Agricultural Burn,AG_CR_80
24.9358_77.0425_2023-10-09_0820_N_VIIRS,Agricultural Burn,AG_CR_1675
29.9566_76.0378_2023-10-04_0815_N_VIIRS,Agricultural Burn,AG_CR_889
29.8254_75.2466_2023-10-11_0743_N_VIIRS,Agricultural Burn,AG_CR_1850
30.2593_76.3167_2023-10-09_0821_N_VIIRS,Agricultural Burn,AG_CR_1599
23.4431_76.5938_2023-10-09_0819_N_VIIRS,Agricultural Burn,AG_CR_1688
31.7865_74.9442_2023-09-28_0828_N_VIIRS,Agricultural Burn,AG_CR_78
30.2586_76.3109_2023-10-09_0821_N_VIIRS,Agricultural Burn,AG_CR_1598
31.0681_76.2317_2023-09-29_0809_N_VIIRS,Agricultural Burn,AG_CR_177
31.5109_74.6390_2023-09-30_0750_N_VIIRS,Agricultural Burn,AG_CR_288
30.1703_75.6488_2023-10-11_0743_N_VIIRS,Agricultural Burn,AG_CR_1863
23.5211_75.7176_2023-10-03_0832_N_VIIRS,Agricultural Burn,AG_CR_821
23.9230_79.1933_2023-10-11_0741_N_VIIRS,Agricultural Burn,AG_CR_1964
30.0799_76.2003_2023-10-01_0731_N_VIIRS,Agricultural Burn,AG_CR_453
25.9850_80.7717_2023-10-10_0801_N_VIIRS,Agricultural Burn,AG_CR_1750
31.5398_75.1672_2023-09-30_0750_N_VIIRS,Agricultural Burn,AG_CR_246
30.2609_76.3152_2023-10-09_0821_N_VIIRS,Agricultural Burn,AG_CR_1600
30.2970_76.8357_2023-10-04_0815_N_VIIRS,Agricultural Burn,AG_CR_921
30.0587_76.9901_2023-09-29_0809_N_VIIRS,Agricultural Burn,AG_CR_183
31.7887_75.0842_2023-09-28_0828_N_VIIRS,Agricultural Burn,AG_CR_79
28.5352_79.6599_2023-10-10_0802_N_VIIRS,Agricultural Burn,AG_CR_1739
31.7204_75.0321_2023-09-28_0828_N_VIIRS,Agricultural Burn,AG_CR_71
24.0437_77.2337_2023-10-11_0742_N_VIIRS,Agricultural Burn,AG_CR_1976
30.0422_76.9804_2023-10-01_0731_N_VIIRS,Agricultural Burn,AG_CR_482
29.8170_76.0680_2023-10-06_0737_N_VIIRS,Agricultural Burn,AG_CR_1221
30.2759_76.1944_2023-10-09_0821_N_VIIRS,Agricultural Burn,AG_CR_1605
30.4637_77.1509_2023-10-06_0737_N_VIIRS,Agricultural Burn,AG_CR_1248
22.1842_77.1501_2023-09-30_0748_N_VIIRS,Agricultural Burn,AG_CR_348
30.3958_77.0440_2023-10-06_0737_N_VIIRS,Agricultural Burn,AG_CR_1247
30.1363_77.1439_2023-09-29_0809_N_VIIRS,Agricultural Burn,AG_CR_196
30.8319_74.4292_2023-10-09_0821_N_VIIRS,Agricultural Burn,AG_CR_1579
31.3639_75.0946_2023-09-30_0750_N_VIIRS,Agricultural Burn,AG_CR_287
31.4148_75.1115_2023-09-30_0750_N_VIIRS,Agricultural Burn,AG_CR_291
28.1421_80.1238_2023-09-30_2014_N_VIIRS,Agricultural Burn,AG_CR_509
23.6604_79.1689_2023-10-06_0735_N_VIIRS,Agricultural Burn,AG_CR_1294
31.7435_74.9720_2023-09-28_0828_N_VIIRS,Agricultural Burn,AG_CR_74
31.7353_74.9732_2023-09-28_0828_N_VIIRS,Agricultural Burn,AG_CR_73
30.3637_77.3040_2023-10-11_0743_N_VIIRS,Agricultural Burn,AG_CR_1887
25.1285_76.2568_2023-10-11_0742_N_VIIRS,Agricultural Burn,AG_CR_1941
31.7641_74.9691_2023-09-28_0828_N_VIIRS,Agricultural Burn,AG_CR_76
31.7262_74.9658_2023-09-28_0828_N_VIIRS,Agricultural Burn,AG_CR_72
30.1756_76.4007_2023-10-09_0821_N_VIIRS,Agricultural Burn,AG_CR_1632
25.1161_76.2356_2023-10-11_0742_N_VIIRS,Agricultural Burn,AG_CR_1940
30.3966_76.9000_2023-10-04_0815_N_VIIRS,Agricultural Burn,AG_CR_895
31.8417_74.6393_2023-10-03_0834_N_VIIRS,Agricultural Burn,AG_CR_686
30.0798_76.7558_2023-10-04_0815_N_VIIRS,Agricultural Burn,AG_CR_940
29.5533_76.1797_2023-10-11_0743_N_VIIRS,Agricultural Burn,AG_CR_1878
30.7288_74.6489_2023-10-09_0821_N_VIIRS,Agricultural Burn,AG_CR_1573
30.7374_74.6274_2023-10-09_0821_N_VIIRS,Agricultural Burn,AG_CR_1574
31.8356_74.8689_2023-10-03_0834_N_VIIRS,Agricultural Burn,AG_CR_691
29.1528_76.6028_2023-10-04_0815_N_VIIRS,Agricultural Burn,AG_CR_945
31.3627_75.0263_2023-09-30_0750_N_VIIRS,Agricultural Burn,AG_CR_294
23.0870_75.6944_2023-09-29_0807_N_VIIRS,Agricultural Burn,AG_CR_212
30.4730_76.6821_2023-10-09_0821_N_VIIRS,Agricultural Burn,AG_CR_1602
30.1098_77.0786_2023-09-29_0809_N_VIIRS,Agricultural Burn,AG_CR_184
30.3095_76.4648_2023-10-09_0821_N_VIIRS,Agricultural Burn,AG_CR_1601
25.0799_76.0445_2023-10-11_0742_N_VIIRS,Agricultural Burn,AG_CR_1956
29.9385_76.0028_2023-10-06_0737_N_VIIRS,Agricultural Burn,AG_CR_1214
30.0858_77.0430_2023-10-01_0731_N_VIIRS,Agricultural Burn,AG_CR_483
29.4192_76.7984_2023-10-01_0731_N_VIIRS,Agricultural Burn,AG_CR_489
29.7426_76.0846_2023-10-05_0756_N_VIIRS,Agricultural Burn,AG_CR_1097
24.0307_79.5181_2023-10-04_0813_N_VIIRS,Agricultural Burn,AG_CR_957
26.2700_78.1633_2023-10-04_0814_N_VIIRS,Agricultural Burn,AG_CR_963
30.2942_76.5897_2023-10-09_0821_N_VIIRS,Agricultural Burn,AG_CR_1587
29.4829_76.0126_2023-10-11_0743_N_VIIRS,Agricultural Burn,AG_CR_1875
24.8320_76.9804_2023-10-11_0742_N_VIIRS,Agricultural Burn,AG_CR_1973
30.0585_76.9103_2023-10-01_0731_N_VIIRS,Agricultural Burn,AG_CR_487
31.0570_75.2203_2023-10-04_0815_N_VIIRS,Agricultural Burn,AG_CR_876
30.9775_74.5536_2023-10-04_0815_N_VIIRS,Agricultural Burn,AG_CR_873
27.8537_78.3711_2023-10-05_0755_N_VIIRS,Agricultural Burn,AG_CR_1113
28.5002_79.9858_2023-10-01_0730_N_VIIRS,Agricultural Burn,AG_CR_508
30.7203_74.3317_2023-09-23_0822_N_VIIRS,Agricultural Burn,AG_CR_21
28.8115_79.2974_2023-10-09_0821_N_VIIRS,Agricultural Burn,AG_CR_1648
30.2944_76.5906_2023-10-09_0821_N_VIIRS,Agricultural Burn,AG_CR_1588
30.0649_76.9798_2023-10-04_0815_N_VIIRS,Agricultural Burn,AG_CR_939
25.1725_76.3504_2023-10-11_0742_N_VIIRS,Agricultural Burn,AG_CR_1943
30.1945_76.6535_2023-10-09_0821_N_VIIRS,Agricultural Burn,AG_CR_1624
31.2567_75.1480_2023-09-30_0750_N_VIIRS,Agricultural Burn,AG_CR_279
28.2196_80.0704_2023-10-04_0814_N_VIIRS,Agricultural Burn,AG_CR_954
31.7814_75.3004_2023-09-28_0828_N_VIIRS,Agricultural Burn,AG_CR_92
25.9103_76.8280_2023-10-09_0820_N_VIIRS,Agricultural Burn,AG_CR_1689
26.8547_81.3654_2023-10-10_0801_N_VIIRS,Agricultural Burn,AG_CR_1735
29.5877_75.8827_2023-09-30_0750_N_VIIRS,Agricultural Burn,AG_CR_302
29.7592_76.5776_2023-09-30_0750_N_VIIRS,Agricultural Burn,AG_CR_304
30.4016_77.1051_2023-10-04_0815_N_VIIRS,Agricultural Burn,AG_CR_925
24.9002_76.9151_2023-10-11_0742_N_VIIRS,Agricultural Burn,AG_CR_1946
29.4701_75.6526_2023-10-11_0743_N_VIIRS,Agricultural Burn,AG_CR_1868
31.4325_74.8340_2023-10-09_0821_N_VIIRS,Agricultural Burn,AG_CR_1618
31.5040_74.6267_2023-10-09_0821_N_VIIRS,Agricultural Burn,AG_CR_1609
27.3637_77.6368_2023-10-11_0743_N_VIIRS,Agricultural Burn,AG_CR_1926
31.7720_74.7566_2023-10-09_0822_N_VIIRS,Agricultural Burn,AG_CR_1566
30.5109_76.5322_2023-10-06_0737_N_VIIRS,Agricultural Burn,AG_CR_1216
29.8145_75.7476_2023-10-06_0737_N_VIIRS,Agricultural Burn,AG_CR_1224
29.6761_75.8675_2023-10-05_0756_N_VIIRS,Agricultural Burn,AG_CR_1095
22.5748_77.6205_2023-10-11_0741_N_VIIRS,Agricultural Burn,AG_CR_1977
24.8331_76.9857_2023-10-11_0742_N_VIIRS,Agricultural Burn,AG_CR_1974
29.9726_73.7174_2023-10-11_0743_N_VIIRS,Agricultural Burn,AG_CR_1949
31.4194_74.8836_2023-10-09_0821_N_VIIRS,Agricultural Burn,AG_CR_1617
24.9711_76.5813_2023-09-30_0748_N_VIIRS,Agricultural Burn,AG_CR_339
22.2652_75.1323_2023-10-10_2029_N_VIIRS,Agricultural Burn,AG_CR_1970
25.3934_75.8693_2023-10-11_0742_N_VIIRS,Agricultural Burn,AG_CR_1948
31.7376_74.9167_2023-10-09_0822_N_VIIRS,Agricultural Burn,AG_CR_1570
31.5009_74.6324_2023-10-09_0821_N_VIIRS,Agricultural Burn,AG_CR_1608
31.3712_74.8280_2023-10-09_0821_N_VIIRS,Agricultural Burn,AG_CR_1616
31.5562_75.0036_2023-10-09_0821_N_VIIRS,Agricultural Burn,AG_CR_1567
29.4794_76.2133_2023-10-01_0731_N_VIIRS,Agricultural Burn,AG_CR_478
31.2503_75.2382_2023-10-09_0821_N_VIIRS,Agricultural Burn,AG_CR_1582
31.6956_75.0500_2023-10-09_0822_N_VIIRS,Agricultural Burn,AG_CR_1568
31.5003_74.5963_2023-10-09_0821_N_VIIRS,Agricultural Burn,AG_CR_1565
23.4603_76.7961_2023-10-09_0819_N_VIIRS,Agricultural Burn,AG_CR_1685
30.3958_76.1703_2023-10-04_0815_N_VIIRS,Agricultural Burn,AG_CR_886
28.8288_77.1623_2023-09-25_2008_N_VIIRS,Agricultural Burn,AG_CR_34
25.0178_76.9419_2023-10-11_0742_N_VIIRS,Agricultural Burn,AG_CR_1975
31.7450_74.9478_2023-10-09_0822_N_VIIRS,Agricultural Burn,AG_CR_1571
29.7474_77.0102_2023-10-08_0840_N_VIIRS,Agricultural Burn,AG_CR_1493
31.4454_75.1749_2023-10-01_0731_N_VIIRS,Agricultural Burn,AG_CR_472
31.4068_75.1378_2023-10-09_0821_N_VIIRS,Agricultural Burn,AG_CR_1610
31.1274_74.9647_2023-10-04_0815_N_VIIRS,Agricultural Burn,AG_CR_874
31.5429_74.8188_2023-09-28_0828_N_VIIRS,Agricultural Burn,AG_CR_95
25.1294_76.2566_2023-10-11_0742_N_VIIRS,Agricultural Burn,AG_CR_1942
24.9000_76.6804_2023-10-11_0742_N_VIIRS,Agricultural Burn,AG_CR_1944
28.9585_76.7997_2023-10-04_0815_N_VIIRS,Agricultural Burn,AG_CR_944
26.3707_77.7054_2023-10-04_0814_N_VIIRS,Agricultural Burn,AG_CR_965
25.4559_76.4336_2023-10-11_0742_N_VIIRS,Agricultural Burn,AG_CR_1958
29.7348_75.5951_2023-09-29_0809_N_VIIRS,Agricultural Burn,AG_CR_181
21.9220_79.1424_2023-10-11_0741_N_VIIRS,Agricultural Burn,AG_CR_1963
25.5355_78.7391_2023-10-09_0820_N_VIIRS,Agricultural Burn,AG_CR_1642
25.1490_76.0985_2023-10-11_0742_N_VIIRS,Agricultural Burn,AG_CR_1953
28.9388_77.1632_2023-10-08_0840_N_VIIRS,Agricultural Burn,AG_CR_1507
29.6488_74.4747_2023-10-11_0743_N_VIIRS,Agricultural Burn,AG_CR_1952
24.2479_78.0271_2023-10-06_0736_N_VIIRS,Agricultural Burn,AG_CR_1296
29.1722_77.0743_2023-10-04_0815_N_VIIRS,Agricultural Burn,AG_CR_943
22.2987_76.9807_2023-10-09_0819_N_VIIRS,Agricultural Burn,AG_CR_1678
30.3518_76.2974_2023-10-04_0815_N_VIIRS,Agricultural Burn,AG_CR_888
31.4387_74.9177_2023-10-09_0821_N_VIIRS,Agricultural Burn,AG_CR_1619
29.1052_77.1093_2023-10-09_0821_N_VIIRS,Agricultural Burn,AG_CR_1636
31.5140_74.8713_2023-10-09_0821_N_VIIRS,Agricultural Burn,AG_CR_1622
31.5110_74.8453_2023-10-09_0821_N_VIIRS,Agricultural Burn,AG_CR_1621
31.4679_74.8125_2023-10-09_0821_N_VIIRS,Agricultural Burn,AG_CR_1620
30.8020_74.4106_2023-10-11_0744_N_VIIRS,Agricultural Burn,AG_CR_1847
30.5379_76.1598_2023-10-06_0737_N_VIIRS,Agricultural Burn,AG_CR_1212
31.7050_74.9997_2023-10-09_0822_N_VIIRS,Agricultural Burn,AG_CR_1569
31.5961_75.0045_2023-09-28_0828_N_VIIRS,Agricultural Burn,AG_CR_68
28.7176_77.5892_2023-10-01_0731_N_VIIRS,Agricultural Burn,AG_CR_504
28.7134_77.5902_2023-10-01_0731_N_VIIRS,Agricultural Burn,AG_CR_502
31.7970_75.0316_2023-10-09_0822_N_VIIRS,Agricultural Burn,AG_CR_1572
31.5906_74.9922_2023-09-28_0828_N_VIIRS,Agricultural Burn,AG_CR_67
25.1176_76.0532_2023-09-30_0749_N_VIIRS,Agricultural Burn,AG_CR_341
29.6230_75.8440_2023-10-11_0743_N_VIIRS,Agricultural Burn,AG_CR_1872
28.0694_77.5248_2023-10-09_0820_N_VIIRS,Agricultural Burn,AG_CR_1640
28.8140_79.7473_2023-10-09_2045_N_VIIRS,Agricultural Burn,AG_CR_1759
31.2604_75.1930_2023-10-09_0821_N_VIIRS,Agricultural Burn,AG_CR_1583
31.5791_75.0811_2023-09-28_0828_N_VIIRS,Agricultural Burn,AG_CR_66
31.4495_75.1747_2023-10-09_0821_N_VIIRS,Agricultural Burn,AG_CR_1613
31.4106_75.1372_2023-10-09_0821_N_VIIRS,Agricultural Burn,AG_CR_1612
29.8006_75.9821_2023-10-11_0743_N_VIIRS,Agricultural Burn,AG_CR_1856
30.5075_75.9040_2023-10-06_0737_N_VIIRS,Agricultural Burn,AG_CR_1227
30.1003_75.9556_2023-10-11_0743_N_VIIRS,Agricultural Burn,AG_CR_1860
29.8201_76.3590_2023-10-11_0743_N_VIIRS,Agricultural Burn,AG_CR_1879
26.3758_77.7075_2023-10-09_0820_N_VIIRS,Agricultural Burn,AG_CR_1683
25.1365_75.9902_2023-10-11_0742_N_VIIRS,Agricultural Burn,AG_CR_1957
30.1562_77.0182_2023-10-06_0737_N_VIIRS,Agricultural Burn,AG_CR_1246
24.9210_76.1512_2023-09-30_0748_N_VIIRS,Agricultural Burn,AG_CR_342
23.1309_77.2704_2023-10-11_0741_N_VIIRS,Agricultural Burn,AG_CR_1961
29.6779_75.9714_2023-10-11_0743_N_VIIRS,Agricultural Burn,AG_CR_1876
25.3595_76.1885_2023-10-11_0742_N_VIIRS,Agricultural Burn,AG_CR_1955
25.2790_76.0776_2023-10-11_0742_N_VIIRS,Agricultural Burn,AG_CR_1954
31.6243_75.1897_2023-09-28_0828_N_VIIRS,Agricultural Burn,AG_CR_83
31.8045_74.6088_2023-10-07_0719_N_VIIRS,Agricultural Burn,AG_CR_1299
27.7852_77.2857_2023-10-09_0820_N_VIIRS,Agricultural Burn,AG_CR_1656
30.4236_76.5820_2023-10-04_0815_N_VIIRS,Agricultural Burn,AG_CR_894
31.3099_74.7988_2023-10-09_0821_N_VIIRS,Agricultural Burn,AG_CR_1614
22.1786_77.0634_2023-10-05_0754_N_VIIRS,Agricultural Burn,AG_CR_1146
30.1889_76.9177_2023-10-06_0737_N_VIIRS,Agricultural Burn,AG_CR_1261
30.4865_75.8837_2023-10-06_0737_N_VIIRS,Agricultural Burn,AG_CR_1228
31.8886_74.6689_2023-10-11_0744_N_VIIRS,Agricultural Burn,AG_CR_1841
28.3492_80.1710_2023-10-01_0730_N_VIIRS,Agricultural Burn,AG_CR_507
28.2794_80.1644_2023-09-30_2014_N_VIIRS,Agricultural Burn,AG_CR_511
30.4735_76.5258_2023-10-06_0737_N_VIIRS,Agricultural Burn,AG_CR_1218
23.3839_76.6779_2023-10-06_0735_N_VIIRS,Agricultural Burn,AG_CR_1295
30.4844_76.9319_2023-10-04_0815_N_VIIRS,Agricultural Burn,AG_CR_926
28.8130_79.7489_2023-10-08_2104_N_VIIRS,Agricultural Burn,AG_CR_1644
31.3706_74.8310_2023-10-09_0821_N_VIIRS,Agricultural Burn,AG_CR_1615
31.2404_76.0809_2023-10-04_0815_N_VIIRS,Agricultural Burn,AG_CR_875
29.6679_75.9190_2023-10-11_0743_N_VIIRS,Agricultural Burn,AG_CR_1873
31.9689_75.1319_2023-10-06_0738_N_VIIRS,Agricultural Burn,AG_CR_1202
30.4773_76.1392_2023-10-04_0815_N_VIIRS,Agricultural Burn,AG_CR_887
29.6105_75.7351_2023-10-11_0743_N_VIIRS,Agricultural Burn,AG_CR_1869
31.4310_75.1436_2023-10-06_0738_N_VIIRS,Agricultural Burn,AG_CR_1237
31.4319_75.1479_2023-10-06_0738_N_VIIRS,Agricultural Burn,AG_CR_1238
22.5771_75.5028_2023-10-04_2041_N_VIIRS,Agricultural Burn,AG_CR_1142
31.6181_75.2009_2023-10-01_0732_N_VIIRS,Agricultural Burn,AG_CR_426
31.3217_75.1974_2023-10-01_0731_N_VIIRS,Agricultural Burn,AG_CR_448
29.7375_76.6841_2023-10-01_0731_N_VIIRS,Agricultural Burn,AG_CR_479
23.6750_76.3015_2023-09-28_0826_N_VIIRS,Agricultural Burn,AG_CR_111
31.8794_74.7009_2023-09-28_0828_N_VIIRS,Agricultural Burn,AG_CR_65
30.6693_74.6775_2023-10-06_0737_N_VIIRS,Agricultural Burn,AG_CR_1195
31.5309_75.0404_2023-10-01_0732_N_VIIRS,Agricultural Burn,AG_CR_377
31.3870_75.0582_2023-10-06_0738_N_VIIRS,Agricultural Burn,AG_CR_1233
31.3911_75.0571_2023-10-06_0738_N_VIIRS,Agricultural Burn,AG_CR_1235
31.6136_75.1798_2023-10-01_0732_N_VIIRS,Agricultural Burn,AG_CR_424
31.5317_75.1310_2023-10-01_0732_N_VIIRS,Agricultural Burn,AG_CR_412
31.3422_75.2052_2023-10-09_0821_N_VIIRS,Agricultural Burn,AG_CR_1584
31.4360_75.1468_2023-10-06_0738_N_VIIRS,Agricultural Burn,AG_CR_1240
30.0135_74.2563_2023-10-08_0840_N_VIIRS,Agricultural Burn,AG_CR_1389
31.4763_75.0892_2023-10-06_0738_N_VIIRS,Agricultural Burn,AG_CR_1241
31.4079_75.1403_2023-10-09_0821_N_VIIRS,Agricultural Burn,AG_CR_1611
31.6082_75.2428_2023-10-01_0732_N_VIIRS,Agricultural Burn,AG_CR_414
31.6024_75.1720_2023-10-01_0732_N_VIIRS,Agricultural Burn,AG_CR_422
28.1810_80.0304_2023-10-06_2002_N_VIIRS,Agricultural Burn,AG_CR_1345
31.5475_75.1377_2023-10-01_0732_N_VIIRS,Agricultural Burn,AG_CR_413
31.4351_75.1424_2023-10-06_0738_N_VIIRS,Agricultural Burn,AG_CR_1239
22.7571_75.9937_2023-10-11_0741_N_VIIRS,Agricultural Burn,AG_CR_1978
30.8053_74.4732_2023-10-03_0834_N_VIIRS,Agricultural Burn,AG_CR_734
31.3907_75.0563_2023-10-06_0738_N_VIIRS,Agricultural Burn,AG_CR_1234
29.6853_75.5089_2023-10-11_0743_N_VIIRS,Agricultural Burn,AG_CR_1871
31.8154_75.0425_2023-09-28_0828_N_VIIRS,Agricultural Burn,AG_CR_91
31.5463_75.1324_2023-10-01_0732_N_VIIRS,Agricultural Burn,AG_CR_379
29.9811_77.0834_2023-09-30_0750_N_VIIRS,Agricultural Burn,AG_CR_307
31.5231_75.0484_2023-10-01_0732_N_VIIRS,Agricultural Burn,AG_CR_476
31.4550_74.8718_2023-10-01_0732_N_VIIRS,Agricultural Burn,AG_CR_474
29.6699_75.1988_2023-10-11_0743_N_VIIRS,Agricultural Burn,AG_CR_1849
30.3046_76.9321_2023-10-06_0737_N_VIIRS,Agricultural Burn,AG_CR_1250
28.2439_80.1746_2023-10-09_2046_N_VIIRS,Agricultural Burn,AG_CR_1761
30.2666_76.1731_2023-10-03_0834_N_VIIRS,Agricultural Burn,AG_CR_760
30.2659_76.3233_2023-10-03_0834_N_VIIRS,Agricultural Burn,AG_CR_751
30.2619_76.1737_2023-10-03_0834_N_VIIRS,Agricultural Burn,AG_CR_758
30.2748_76.2619_2023-10-03_0834_N_VIIRS,Agricultural Burn,AG_CR_753
29.9379_76.0037_2023-10-06_0737_N_VIIRS,Agricultural Burn,AG_CR_1213
29.9741_76.9206_2023-09-29_0809_N_VIIRS,Agricultural Burn,AG_CR_186
30.3250_76.1902_2023-10-06_0737_N_VIIRS,Agricultural Burn,AG_CR_1211
29.1992_76.0741_2023-10-08_0840_N_VIIRS,Agricultural Burn,AG_CR_1479
31.8546_75.0487_2023-10-06_0738_N_VIIRS,Agricultural Burn,AG_CR_1203
31.5430_75.0081_2023-10-01_0732_N_VIIRS,Agricultural Burn,AG_CR_378
29.6347_75.4753_2023-10-11_0743_N_VIIRS,Agricultural Burn,AG_CR_1870
22.8878_76.3114_2023-10-11_0741_N_VIIRS,Agricultural Burn,AG_CR_1969
31.3916_75.0607_2023-10-06_0738_N_VIIRS,Agricultural Burn,AG_CR_1236
31.5364_74.8239_2023-10-01_0732_N_VIIRS,Agricultural Burn,AG_CR_461
31.9291_74.7520_2023-10-06_0738_N_VIIRS,Agricultural Burn,AG_CR_1154
31.8667_74.6447_2023-10-06_0738_N_VIIRS,Agricultural Burn,AG_CR_1161
31.4562_74.8773_2023-10-01_0732_N_VIIRS,Agricultural Burn,AG_CR_475
31.7410_74.9324_2023-10-07_0719_N_VIIRS,Agricultural Burn,AG_CR_1305
31.7993_75.0488_2023-10-07_0719_N_VIIRS,Agricultural Burn,AG_CR_1307
31.8074_74.6879_2023-10-03_0834_N_VIIRS,Agricultural Burn,AG_CR_689
28.9794_77.7717_2023-10-04_0815_N_VIIRS,Agricultural Burn,AG_CR_952
31.8001_74.6121_2023-10-03_0834_N_VIIRS,Agricultural Burn,AG_CR_685
31.8109_74.6772_2023-10-03_0834_N_VIIRS,Agricultural Burn,AG_CR_690
30.6091_76.8188_2023-10-04_0815_N_VIIRS,Agricultural Burn,AG_CR_896
30.3397_77.0175_2023-10-07_0718_N_VIIRS,Agricultural Burn,AG_CR_1330
29.9887_77.0052_2023-09-29_0809_N_VIIRS,Agricultural Burn,AG_CR_185
30.2950_76.0413_2023-10-06_0737_N_VIIRS,Agricultural Burn,AG_CR_1222
31.5410_74.8225_2023-10-01_0732_N_VIIRS,Agricultural Burn,AG_CR_358
31.3932_74.6437_2023-10-06_0738_N_VIIRS,Agricultural Burn,AG_CR_1230
29.9979_76.0486_2023-10-06_0737_N_VIIRS,Agricultural Burn,AG_CR_1215
30.5740_76.6863_2023-10-04_0815_N_VIIRS,Agricultural Burn,AG_CR_891
31.4988_74.6247_2023-10-03_0834_N_VIIRS,Agricultural Burn,AG_CR_764
28.7164_77.5885_2023-10-01_0731_N_VIIRS,Agricultural Burn,AG_CR_503
27.8724_79.8397_2023-10-11_2008_N_VIIRS,Agricultural Burn,AG_CR_2006
23.2540_75.3312_2023-10-03_0832_N_VIIRS,Agricultural Burn,AG_CR_820
29.9752_76.0199_2023-10-06_0737_N_VIIRS,Agricultural Burn,AG_CR_1223
31.8025_74.6834_2023-10-03_0834_N_VIIRS,Agricultural Burn,AG_CR_688
31.5766_74.7369_2023-10-03_0834_N_VIIRS,Agricultural Burn,AG_CR_683
24.2855_78.1216_2023-09-25_0742_N_VIIRS,Agricultural Burn,AG_CR_28
29.2527_76.7266_2023-10-09_0821_N_VIIRS,Agricultural Burn,AG_CR_1635
31.7369_75.0716_2023-10-06_0738_N_VIIRS,Agricultural Burn,AG_CR_1167
31.5908_74.8386_2023-10-03_0834_N_VIIRS,Agricultural Burn,AG_CR_684
28.9833_77.7711_2023-10-04_0815_N_VIIRS,Agricultural Burn,AG_CR_953
29.9579_75.6789_2023-10-06_0737_N_VIIRS,Agricultural Burn,AG_CR_1225
31.6277_75.0346_2023-10-03_0834_N_VIIRS,Agricultural Burn,AG_CR_697
29.9587_75.6831_2023-10-06_0737_N_VIIRS,Agricultural Burn,AG_CR_1226
31.7991_74.6941_2023-10-03_0834_N_VIIRS,Agricultural Burn,AG_CR_687
31.4990_74.6223_2023-10-03_0834_N_VIIRS,Agricultural Burn,AG_CR_765
31.3884_75.0964_2023-10-08_0840_N_VIIRS,Agricultural Burn,AG_CR_1443
24.7654_74.6094_2023-10-09_2047_N_VIIRS,Agricultural Burn,AG_CR_1777
25.4624_76.4635_2023-10-08_0839_N_VIIRS,Agricultural Burn,AG_CR_1546
31.8383_74.8664_2023-10-03_0834_N_VIIRS,Agricultural Burn,AG_CR_682
31.6582_75.1860_2023-10-01_0732_N_VIIRS,Agricultural Burn,AG_CR_430
31.6267_75.1506_2023-10-01_0732_N_VIIRS,Agricultural Burn,AG_CR_427
29.7564_75.9024_2023-09-29_0809_N_VIIRS,Agricultural Burn,AG_CR_175
31.7388_74.9210_2023-10-03_0834_N_VIIRS,Agricultural Burn,AG_CR_706
31.7380_74.9636_2023-10-03_0834_N_VIIRS,Agricultural Burn,AG_CR_705
30.1902_76.2992_2023-10-06_0737_N_VIIRS,Agricultural Burn,AG_CR_1217
31.2105_75.1654_2023-10-03_0834_N_VIIRS,Agricultural Burn,AG_CR_740
27.8395_78.1826_2023-10-02_0712_N_VIIRS,Agricultural Burn,AG_CR_673
25.0185_76.9662_2023-10-01_0730_N_VIIRS,Agricultural Burn,AG_CR_520
31.4823_74.8652_2023-10-03_0834_N_VIIRS,Agricultural Burn,AG_CR_785
31.4295_74.8822_2023-10-03_0834_N_VIIRS,Agricultural Burn,AG_CR_784
31.6389_75.2422_2023-10-06_0738_N_VIIRS,Agricultural Burn,AG_CR_1177
31.5270_75.1179_2023-10-06_0738_N_VIIRS,Agricultural Burn,AG_CR_1175
31.7855_74.9276_2023-10-06_0738_N_VIIRS,Agricultural Burn,AG_CR_1169
31.7775_75.0371_2023-10-06_0738_N_VIIRS,Agricultural Burn,AG_CR_1168
31.7240_74.9262_2023-10-06_0738_N_VIIRS,Agricultural Burn,AG_CR_1166
31.7199_74.9274_2023-10-06_0738_N_VIIRS,Agricultural Burn,AG_CR_1165
31.6851_75.1859_2023-10-06_0738_N_VIIRS,Agricultural Burn,AG_CR_1181
31.6398_75.2465_2023-10-06_0738_N_VIIRS,Agricultural Burn,AG_CR_1178
31.6411_75.2435_2023-10-06_0738_N_VIIRS,Agricultural Burn,AG_CR_1179
31.0468_75.3049_2023-10-06_0738_N_VIIRS,Agricultural Burn,AG_CR_1205
31.6035_75.1742_2023-10-01_0732_N_VIIRS,Agricultural Burn,AG_CR_423
31.7180_75.1346_2023-10-01_0732_N_VIIRS,Agricultural Burn,AG_CR_434
31.6194_75.2031_2023-10-01_0732_N_VIIRS,Agricultural Burn,AG_CR_415
30.8210_74.3428_2023-10-08_0840_N_VIIRS,Agricultural Burn,AG_CR_1392
30.2547_76.8204_2023-10-03_0834_N_VIIRS,Agricultural Burn,AG_CR_787
31.7286_74.9061_2023-10-06_0738_N_VIIRS,Agricultural Burn,AG_CR_1192
31.6623_74.8205_2023-10-06_0738_N_VIIRS,Agricultural Burn,AG_CR_1190
31.4849_75.0868_2023-10-03_0834_N_VIIRS,Agricultural Burn,AG_CR_773
31.4672_75.0943_2023-10-03_0834_N_VIIRS,Agricultural Burn,AG_CR_772
31.5111_75.0729_2023-10-03_0834_N_VIIRS,Agricultural Burn,AG_CR_775
28.7737_76.9481_2023-10-05_2021_N_VIIRS,Agricultural Burn,AG_CR_1253
31.6277_75.0257_2023-10-01_0732_N_VIIRS,Agricultural Burn,AG_CR_381
31.6880_75.1577_2023-10-06_0738_N_VIIRS,Agricultural Burn,AG_CR_1182
31.7293_74.8254_2023-10-06_0738_N_VIIRS,Agricultural Burn,AG_CR_1162
31.6936_74.9944_2023-10-06_0738_N_VIIRS,Agricultural Burn,AG_CR_1164
31.6147_75.1821_2023-10-01_0732_N_VIIRS,Agricultural Burn,AG_CR_425
31.6544_75.1255_2023-10-01_0732_N_VIIRS,Agricultural Burn,AG_CR_428
29.0649_77.1234_2023-10-01_0731_N_VIIRS,Agricultural Burn,AG_CR_490
29.0181_76.9257_2023-10-01_0731_N_VIIRS,Agricultural Burn,AG_CR_492
31.5580_75.1415_2023-10-06_0738_N_VIIRS,Agricultural Burn,AG_CR_1176
31.6778_75.1241_2023-10-01_0732_N_VIIRS,Agricultural Burn,AG_CR_432
31.6767_75.1189_2023-10-01_0732_N_VIIRS,Agricultural Burn,AG_CR_431
31.6420_75.2478_2023-10-06_0738_N_VIIRS,Agricultural Burn,AG_CR_1180
31.6808_75.0724_2023-10-01_0732_N_VIIRS,Agricultural Burn,AG_CR_433
25.3971_76.4770_2023-10-08_0839_N_VIIRS,Agricultural Burn,AG_CR_1541
31.4632_74.8345_2023-10-06_0738_N_VIIRS,Agricultural Burn,AG_CR_1242
31.5068_74.9791_2023-10-06_0738_N_VIIRS,Agricultural Burn,AG_CR_1243
31.5414_75.1966_2023-10-03_0834_N_VIIRS,Agricultural Burn,AG_CR_714
31.5903_75.1254_2023-10-03_0834_N_VIIRS,Agricultural Burn,AG_CR_716
31.6053_75.1888_2023-10-03_0834_N_VIIRS,Agricultural Burn,AG_CR_718
31.6015_75.0970_2023-10-03_0834_N_VIIRS,Agricultural Burn,AG_CR_717
31.6060_75.0964_2023-10-03_0834_N_VIIRS,Agricultural Burn,AG_CR_719
31.6388_75.1520_2023-10-03_0834_N_VIIRS,Agricultural Burn,AG_CR_720
31.6393_75.1086_2023-10-03_0834_N_VIIRS,Agricultural Burn,AG_CR_721
31.6554_75.1083_2023-10-01_0732_N_VIIRS,Agricultural Burn,AG_CR_429
31.6121_75.0152_2023-10-03_0834_N_VIIRS,Agricultural Burn,AG_CR_696
31.5472_75.0553_2023-10-03_0834_N_VIIRS,Agricultural Burn,AG_CR_695
27.1621_78.9421_2023-10-04_0814_N_VIIRS,Agricultural Burn,AG_CR_948
31.5353_75.0247_2023-10-03_0834_N_VIIRS,Agricultural Burn,AG_CR_693
30.2723_76.9101_2023-10-03_0834_N_VIIRS,Agricultural Burn,AG_CR_790
22.8117_75.2119_2023-10-03_0832_N_VIIRS,Agricultural Burn,AG_CR_818
30.2818_76.8435_2023-10-03_0834_N_VIIRS,Agricultural Burn,AG_CR_788
31.5104_75.2135_2023-10-03_0834_N_VIIRS,Agricultural Burn,AG_CR_711
31.5836_75.3070_2023-10-03_0834_N_VIIRS,Agricultural Burn,AG_CR_715
31.5414_75.1989_2023-10-03_0834_N_VIIRS,Agricultural Burn,AG_CR_713
31.5404_75.1858_2023-10-03_0834_N_VIIRS,Agricultural Burn,AG_CR_712
31.5342_75.0272_2023-10-03_0834_N_VIIRS,Agricultural Burn,AG_CR_692
29.3400_76.8992_2023-10-08_0840_N_VIIRS,Agricultural Burn,AG_CR_1502
31.6459_75.1784_2023-10-03_0834_N_VIIRS,Agricultural Burn,AG_CR_723
31.5463_75.0579_2023-10-03_0834_N_VIIRS,Agricultural Burn,AG_CR_694
31.6982_75.1868_2023-10-06_0738_N_VIIRS,Agricultural Burn,AG_CR_1183
30.2290_75.5926_2023-10-03_0834_N_VIIRS,Agricultural Burn,AG_CR_730
24.5437_77.1513_2023-10-09_0819_N_VIIRS,Agricultural Burn,AG_CR_1676
31.4500_75.1072_2023-10-03_0834_N_VIIRS,Agricultural Burn,AG_CR_771
31.5081_75.0411_2023-10-03_0834_N_VIIRS,Agricultural Burn,AG_CR_786
30.6275_76.8520_2023-09-28_0828_N_VIIRS,Agricultural Burn,AG_CR_94
31.5399_74.8260_2023-10-01_0732_N_VIIRS,Agricultural Burn,AG_CR_357
31.4343_75.1360_2023-10-03_0834_N_VIIRS,Agricultural Burn,AG_CR_769
31.5161_75.0776_2023-10-03_0834_N_VIIRS,Agricultural Burn,AG_CR_776
31.4874_75.0651_2023-10-03_0834_N_VIIRS,Agricultural Burn,AG_CR_774
31.6724_74.9895_2023-10-01_0732_N_VIIRS,Agricultural Burn,AG_CR_438
31.7019_75.0987_2023-10-06_0738_N_VIIRS,Agricultural Burn,AG_CR_1184
27.9357_77.4538_2023-10-01_0730_N_VIIRS,Agricultural Burn,AG_CR_488
31.3645_74.9951_2023-10-08_0840_N_VIIRS,Agricultural Burn,AG_CR_1451
30.0109_76.8317_2023-09-28_0828_N_VIIRS,Agricultural Burn,AG_CR_104
31.6575_74.9652_2023-10-01_0732_N_VIIRS,Agricultural Burn,AG_CR_437
31.4305_75.1229_2023-09-28_0828_N_VIIRS,Agricultural Burn,AG_CR_96
31.5527_74.8398_2023-10-01_0732_N_VIIRS,Agricultural Burn,AG_CR_359
31.5730_74.7570_2023-10-01_0732_N_VIIRS,Agricultural Burn,AG_CR_361
31.5754_74.8330_2023-10-01_0732_N_VIIRS,Agricultural Burn,AG_CR_362
31.6023_74.9760_2023-10-01_0732_N_VIIRS,Agricultural Burn,AG_CR_380
25.4651_76.4509_2023-10-03_0833_N_VIIRS,Agricultural Burn,AG_CR_816
31.6630_74.8236_2023-10-06_0738_N_VIIRS,Agricultural Burn,AG_CR_1191
31.5324_74.8486_2023-10-06_0738_N_VIIRS,Agricultural Burn,AG_CR_1156
31.5128_75.1466_2023-09-28_0828_N_VIIRS,Agricultural Burn,AG_CR_81
31.4709_75.1084_2023-09-28_0828_N_VIIRS,Agricultural Burn,AG_CR_97
30.2609_76.2638_2023-10-02_0802_N20_VIIRS,Agricultural Burn,AG_CR_622
31.3582_75.1008_2023-10-08_0840_N_VIIRS,Agricultural Burn,AG_CR_1437
22.5562_77.3573_2023-10-08_0838_N_VIIRS,Agricultural Burn,AG_CR_1556
30.4622_74.0394_2023-10-03_0834_N_VIIRS,Agricultural Burn,AG_CR_733
30.1185_76.0996_2023-10-08_0840_N_VIIRS,Agricultural Burn,AG_CR_1417
30.3163_77.1960_2023-10-03_0834_N_VIIRS,Agricultural Burn,AG_CR_803
27.9673_77.5672_2023-10-09_0820_N_VIIRS,Agricultural Burn,AG_CR_1638
31.5884_74.7598_2023-10-08_0840_N_VIIRS,Agricultural Burn,AG_CR_1366
26.3283_77.6782_2023-10-07_0717_N_VIIRS,Agricultural Burn,AG_CR_1363
30.2683_75.7152_2023-10-03_0834_N_VIIRS,Agricultural Burn,AG_CR_731
30.2688_75.7207_2023-10-03_0834_N_VIIRS,Agricultural Burn,AG_CR_732
31.5960_74.5855_2023-10-06_0738_N_VIIRS,Agricultural Burn,AG_CR_1158
30.0794_76.2025_2023-10-01_0731_N_VIIRS,Agricultural Burn,AG_CR_452
29.4405_75.9426_2023-10-03_0834_N_VIIRS,Agricultural Burn,AG_CR_792
31.5387_74.8205_2023-10-01_0732_N_VIIRS,Agricultural Burn,AG_CR_462
31.5708_74.8344_2023-10-01_0732_N_VIIRS,Agricultural Burn,AG_CR_360
31.5502_74.6231_2023-10-06_0738_N_VIIRS,Agricultural Burn,AG_CR_1157
30.4038_77.2424_2023-10-01_0731_N_VIIRS,Agricultural Burn,AG_CR_497
29.0158_76.9249_2023-10-01_0731_N_VIIRS,Agricultural Burn,AG_CR_491
30.1921_76.2585_2023-10-01_0731_N_VIIRS,Agricultural Burn,AG_CR_454
31.6359_74.9810_2023-10-08_0840_N_VIIRS,Agricultural Burn,AG_CR_1375
25.4600_76.4463_2023-10-03_0833_N_VIIRS,Agricultural Burn,AG_CR_815
28.0121_77.5526_2023-10-09_0820_N_VIIRS,Agricultural Burn,AG_CR_1639
31.6131_75.0098_2023-10-08_0840_N_VIIRS,Agricultural Burn,AG_CR_1374
25.4907_76.7017_2023-10-03_0833_N_VIIRS,Agricultural Burn,AG_CR_819
31.2921_75.2212_2023-10-08_0840_N_VIIRS,Agricultural Burn,AG_CR_1397
30.0782_75.6425_2023-10-08_0840_N_VIIRS,Agricultural Burn,AG_CR_1424
27.9966_77.6964_2023-09-28_0827_N_VIIRS,Agricultural Burn,AG_CR_106
25.3010_76.4189_2023-10-08_0839_N_VIIRS,Agricultural Burn,AG_CR_1540
30.7757_74.4246_2023-10-06_0737_N_VIIRS,Agricultural Burn,AG_CR_1199
31.3881_75.0976_2023-10-08_0840_N_VIIRS,Agricultural Burn,AG_CR_1443
31.3626_75.0937_2023-10-08_0840_N_VIIRS,Agricultural Burn,AG_CR_1438
31.4824_75.5806_2023-10-03_0834_N_VIIRS,Agricultural Burn,AG_CR_737
30.8215_74.3401_2023-10-08_0840_N_VIIRS,Agricultural Burn,AG_CR_1393
30.4693_76.6836_2023-10-03_0834_N_VIIRS,Agricultural Burn,AG_CR_757
31.5049_74.6278_2023-10-01_0732_N_VIIRS,Agricultural Burn,AG_CR_460
31.6581_75.0712_2023-10-08_0840_N_VIIRS,Agricultural Burn,AG_CR_1385
31.6534_75.1386_2023-10-08_0840_N_VIIRS,Agricultural Burn,AG_CR_1384
28.0436_77.6661_2023-09-28_0827_N_VIIRS,Agricultural Burn,AG_CR_107
30.7801_74.4234_2023-10-06_0737_N_VIIRS,Agricultural Burn,AG_CR_1200
22.8946_75.5053_2023-10-08_0838_N_VIIRS,Agricultural Burn,AG_CR_1557
23.0421_75.2772_2023-10-08_0838_N_VIIRS,Agricultural Burn,AG_CR_1549
29.3494_76.8733_2023-10-07_0718_N_VIIRS,Agricultural Burn,AG_CR_1338
26.7711_80.8276_2023-10-09_0820_N_VIIRS,Agricultural Burn,AG_CR_1643
30.3651_76.9710_2023-10-01_0731_N_VIIRS,Agricultural Burn,AG_CR_477
25.4335_76.4599_2023-10-03_0833_N_VIIRS,Agricultural Burn,AG_CR_814
29.5084_76.3188_2023-09-28_0827_N_VIIRS,Agricultural Burn,AG_CR_98
31.5033_74.5949_2023-10-08_0840_N_VIIRS,Agricultural Burn,AG_CR_1365
25.0728_76.0124_2023-10-03_0832_N_VIIRS,Agricultural Burn,AG_CR_813
30.2659_76.1706_2023-10-03_0834_N_VIIRS,Agricultural Burn,AG_CR_759
28.0362_78.1409_2023-10-09_0820_N_VIIRS,Agricultural Burn,AG_CR_1637
31.7370_74.9224_2023-10-03_0834_N_VIIRS,Agricultural Burn,AG_CR_704
26.0088_76.7209_2023-10-06_0736_N_VIIRS,Agricultural Burn,AG_CR_1290
31.4818_74.6909_2023-10-08_0840_N_VIIRS,Agricultural Burn,AG_CR_1442
31.4804_74.7352_2023-10-08_0840_N_VIIRS,Agricultural Burn,AG_CR_1441
31.4324_74.8957_2023-10-08_0840_N_VIIRS,Agricultural Burn,AG_CR_1454
31.3866_75.3265_2023-10-08_0840_N_VIIRS,Agricultural Burn,AG_CR_1395
30.5181_76.8431_2023-10-01_0731_N_VIIRS,Agricultural Burn,AG_CR_456
30.2782_76.2589_2023-10-03_0834_N_VIIRS,Agricultural Burn,AG_CR_755
30.2757_76.2292_2023-10-03_0834_N_VIIRS,Agricultural Burn,AG_CR_754
31.6589_75.0655_2023-10-03_0834_N_VIIRS,Agricultural Burn,AG_CR_724
31.2637_75.1649_2023-10-06_0738_N_VIIRS,Agricultural Burn,AG_CR_1206
29.5634_76.9964_2023-09-23_0821_N_VIIRS,Agricultural Burn,AG_CR_23
30.1064_76.8638_2023-09-28_0828_N_VIIRS,Agricultural Burn,AG_CR_102
22.6328_75.3966_2023-10-08_0838_N_VIIRS,Agricultural Burn,AG_CR_1550
24.7692_76.9146_2023-10-01_0730_N_VIIRS,Agricultural Burn,AG_CR_519
31.7410_74.9644_2023-10-03_0834_N_VIIRS,Agricultural Burn,AG_CR_707
31.7119_74.9467_2023-10-03_0834_N_VIIRS,Agricultural Burn,AG_CR_727
31.7159_74.9888_2023-10-03_0834_N_VIIRS,Agricultural Burn,AG_CR_702
28.3228_80.0480_2023-09-28_2052_N_VIIRS,Agricultural Burn,AG_CR_202
31.7154_75.0316_2023-10-03_0834_N_VIIRS,Agricultural Burn,AG_CR_701
31.5490_75.1576_2023-10-08_0840_N_VIIRS,Agricultural Burn,AG_CR_1380
27.9332_77.7176_2023-10-01_0730_N_VIIRS,Agricultural Burn,AG_CR_505
27.9341_77.7220_2023-10-01_0730_N_VIIRS,Agricultural Burn,AG_CR_506
30.4899_76.9296_2023-10-03_0834_N_VIIRS,Agricultural Burn,AG_CR_791
31.7204_74.9882_2023-10-03_0834_N_VIIRS,Agricultural Burn,AG_CR_703
30.2646_76.3270_2023-10-03_0834_N_VIIRS,Agricultural Burn,AG_CR_756
31.3859_75.0636_2023-10-08_0840_N_VIIRS,Agricultural Burn,AG_CR_1439
31.5519_75.0045_2023-10-08_0840_N_VIIRS,Agricultural Burn,AG_CR_1373
31.4262_75.0659_2023-10-08_0840_N_VIIRS,Agricultural Burn,AG_CR_1445
30.9007_76.2509_2023-10-02_0713_N_VIIRS,Agricultural Burn,AG_CR_621
30.2734_76.2595_2023-10-03_0834_N_VIIRS,Agricultural Burn,AG_CR_752
31.5253_75.1686_2023-10-08_0840_N_VIIRS,Agricultural Burn,AG_CR_1379
31.6960_75.2741_2023-10-03_0834_N_VIIRS,Agricultural Burn,AG_CR_735
31.5411_75.0585_2023-10-08_0840_N_VIIRS,Agricultural Burn,AG_CR_1372
31.4595_75.7403_2023-10-02_0713_N_VIIRS,Agricultural Burn,AG_CR_608
30.5397_76.7175_2023-10-08_0840_N_VIIRS,Agricultural Burn,AG_CR_1413
24.8904_76.8991_2023-10-01_0730_N_VIIRS,Agricultural Burn,AG_CR_516
31.6456_75.1756_2023-10-03_0834_N_VIIRS,Agricultural Burn,AG_CR_722
29.9111_76.7454_2023-10-03_0834_N_VIIRS,Agricultural Burn,AG_CR_794
30.1928_76.2604_2023-10-01_0731_N_VIIRS,Agricultural Burn,AG_CR_455
30.3489_76.1791_2023-10-01_0731_N_VIIRS,Agricultural Burn,AG_CR_451
30.0124_76.8694_2023-10-03_0834_N_VIIRS,Agricultural Burn,AG_CR_796
29.7655_75.9386_2023-09-28_0828_N_VIIRS,Agricultural Burn,AG_CR_93
27.9506_77.6950_2023-10-01_0730_N_VIIRS,Agricultural Burn,AG_CR_501
28.0627_77.9358_2023-10-07_0718_N_VIIRS,Agricultural Burn,AG_CR_1343
30.4461_77.1450_2023-10-03_0834_N_VIIRS,Agricultural Burn,AG_CR_789
29.6326_76.9927_2023-09-28_0827_N_VIIRS,Agricultural Burn,AG_CR_101
30.5838_76.7944_2023-10-08_0840_N_VIIRS,Agricultural Burn,AG_CR_1426
30.5208_76.6832_2023-10-08_0840_N_VIIRS,Agricultural Burn,AG_CR_1412
24.3880_77.6452_2023-10-06_0736_N_VIIRS,Agricultural Burn,AG_CR_1292
30.4621_74.0607_2023-10-08_0840_N_VIIRS,Agricultural Burn,AG_CR_1390
29.6321_76.9875_2023-09-28_0827_N_VIIRS,Agricultural Burn,AG_CR_100
29.1123_75.9311_2023-10-08_0840_N_VIIRS,Agricultural Burn,AG_CR_1478
30.0117_76.8694_2023-10-03_0834_N_VIIRS,Agricultural Burn,AG_CR_795
31.2930_75.2230_2023-10-08_0840_N_VIIRS,Agricultural Burn,AG_CR_1398
29.7389_76.6852_2023-10-01_0731_N_VIIRS,Agricultural Burn,AG_CR_480
31.2491_75.1308_2023-10-03_0834_N_VIIRS,Agricultural Burn,AG_CR_743
23.6891_76.9162_2023-10-08_0838_N_VIIRS,Agricultural Burn,AG_CR_1563
29.5843_74.3049_2023-10-08_0840_N_VIIRS,Agricultural Burn,AG_CR_1543
29.3501_76.5833_2023-10-08_0840_N_VIIRS,Agricultural Burn,AG_CR_1484
28.3277_80.2422_2023-10-09_0820_N_VIIRS,Agricultural Burn,AG_CR_1647
29.5056_76.8761_2023-09-28_0827_N_VIIRS,Agricultural Burn,AG_CR_99
30.5168_76.7036_2023-10-08_0840_N_VIIRS,Agricultural Burn,AG_CR_1411
31.3065_75.0121_2023-10-03_0834_N_VIIRS,Agricultural Burn,AG_CR_762
28.3228_80.2427_2023-10-09_0820_N_VIIRS,Agricultural Burn,AG_CR_1645
28.7048_77.5530_2023-10-08_2104_N_VIIRS,Agricultural Burn,AG_CR_1641
31.2390_75.1214_2023-10-03_0834_N_VIIRS,Agricultural Burn,AG_CR_741
30.5893_76.7939_2023-10-08_0840_N_VIIRS,Agricultural Burn,AG_CR_1428
30.2608_76.7738_2023-10-08_0840_N_VIIRS,Agricultural Burn,AG_CR_1458
31.3246_75.2023_2023-10-03_0834_N_VIIRS,Agricultural Burn,AG_CR_750
31.2857_75.1800_2023-10-03_0834_N_VIIRS,Agricultural Burn,AG_CR_749
30.5975_76.8298_2023-10-08_0840_N_VIIRS,Agricultural Burn,AG_CR_1429
30.9416_75.3695_2023-10-08_0840_N_VIIRS,Agricultural Burn,AG_CR_1403
22.6097_75.2709_2023-10-06_2003_N_VIIRS,Agricultural Burn,AG_CR_1360
24.7922_76.5937_2023-10-08_0838_N_VIIRS,Agricultural Burn,AG_CR_1538
31.2691_75.1498_2023-10-03_0834_N_VIIRS,Agricultural Burn,AG_CR_746
31.2797_75.1646_2023-10-03_0834_N_VIIRS,Agricultural Burn,AG_CR_748
31.2410_75.1425_2023-10-03_0834_N_VIIRS,Agricultural Burn,AG_CR_742
31.2541_75.1356_2023-10-03_0834_N_VIIRS,Agricultural Burn,AG_CR_745
31.2515_75.1573_2023-10-03_0834_N_VIIRS,Agricultural Burn,AG_CR_744
29.5233_77.0315_2023-09-23_0821_N_VIIRS,Agricultural Burn,AG_CR_22
31.3211_74.6182_2023-10-03_0834_N_VIIRS,Agricultural Burn,AG_CR_761
31.3552_75.2803_2023-10-03_0834_N_VIIRS,Agricultural Burn,AG_CR_739
31.2792_75.1593_2023-10-03_0834_N_VIIRS,Agricultural Burn,AG_CR_747
29.6604_74.5104_2023-10-08_0840_N_VIIRS,Agricultural Burn,AG_CR_1544
30.1883_76.6809_2023-10-08_0840_N_VIIRS,Agricultural Burn,AG_CR_1456
31.2592_75.1406_2023-10-02_0713_N_VIIRS,Agricultural Burn,AG_CR_618
31.4044_75.2136_2023-10-02_0713_N_VIIRS,Agricultural Burn,AG_CR_613
30.2682_76.2616_2023-10-08_0840_N_VIIRS,Agricultural Burn,AG_CR_1404
30.9530_74.5794_2023-10-08_0840_N_VIIRS,Agricultural Burn,AG_CR_1391
30.4202_76.3859_2023-10-08_0840_N_VIIRS,Agricultural Burn,AG_CR_1406
31.2565_75.1307_2023-10-02_0713_N_VIIRS,Agricultural Burn,AG_CR_617
30.2844_77.1849_2023-09-28_0828_N_VIIRS,Agricultural Burn,AG_CR_105
31.7817_74.9849_2023-10-08_0840_N_VIIRS,Agricultural Burn,AG_CR_1377
30.2546_77.2140_2023-10-02_0712_N_VIIRS,Agricultural Burn,AG_CR_667
22.6814_75.9055_2023-09-30_2016_N_VIIRS,Agricultural Burn,AG_CR_521
30.2604_76.8424_2023-10-08_0840_N_VIIRS,Agricultural Burn,AG_CR_1457
29.5653_76.9959_2023-09-23_0821_N_VIIRS,Agricultural Burn,AG_CR_24
29.6664_75.8625_2023-10-08_0840_N_VIIRS,Agricultural Burn,AG_CR_1470
24.7127_76.7444_2023-10-07_0717_N_VIIRS,Agricultural Burn,AG_CR_1349
30.7477_76.3826_2023-10-07_0719_N_VIIRS,Agricultural Burn,AG_CR_1316
30.2834_76.4650_2023-10-08_0840_N_VIIRS,Agricultural Burn,AG_CR_1418
31.8614_74.6753_2023-10-01_0732_N_VIIRS,Agricultural Burn,AG_CR_355
29.6423_75.8822_2023-10-08_0840_N_VIIRS,Agricultural Burn,AG_CR_1469
29.6371_75.8828_2023-10-08_0840_N_VIIRS,Agricultural Burn,AG_CR_1467
31.5775_75.2942_2023-10-02_0713_N_VIIRS,Agricultural Burn,AG_CR_583
23.5333_76.9591_2023-10-08_0838_N_VIIRS,Agricultural Burn,AG_CR_1562
29.6616_74.5080_2023-10-08_0840_N_VIIRS,Agricultural Burn,AG_CR_1545
29.9626_76.1193_2023-10-07_0718_N_VIIRS,Agricultural Burn,AG_CR_1324
30.2153_76.9814_2023-10-08_0840_N_VIIRS,Agricultural Burn,AG_CR_1460
30.2256_77.0936_2023-10-02_0712_N_VIIRS,Agricultural Burn,AG_CR_646
24.6845_76.7438_2023-10-08_0838_N_VIIRS,Agricultural Burn,AG_CR_1539
30.4092_76.5259_2023-10-08_0840_N_VIIRS,Agricultural Burn,AG_CR_1405
29.8323_76.6343_2023-10-07_0718_N_VIIRS,Agricultural Burn,AG_CR_1335
31.3548_75.0738_2023-10-03_0834_N_VIIRS,Agricultural Burn,AG_CR_763
31.3990_75.1058_2023-10-03_0834_N_VIIRS,Agricultural Burn,AG_CR_767
31.4343_75.1391_2023-10-03_0834_N_VIIRS,Agricultural Burn,AG_CR_770
29.6405_75.8616_2023-10-08_0840_N_VIIRS,Agricultural Burn,AG_CR_1468
29.5867_75.8984_2023-10-08_0840_N_VIIRS,Agricultural Burn,AG_CR_1465
29.6351_75.9213_2023-10-08_0840_N_VIIRS,Agricultural Burn,AG_CR_1466
31.3864_75.1181_2023-10-03_0834_N_VIIRS,Agricultural Burn,AG_CR_766
31.2583_75.1378_2023-10-07_0719_N_VIIRS,Agricultural Burn,AG_CR_1319
30.4116_77.0561_2023-10-07_0718_N_VIIRS,Agricultural Burn,AG_CR_1331
31.5464_75.0546_2023-10-02_0713_N_VIIRS,Agricultural Burn,AG_CR_536
30.2875_77.1337_2023-10-08_0840_N_VIIRS,Agricultural Burn,AG_CR_1461
30.2547_77.1450_2023-10-08_0840_N_VIIRS,Agricultural Burn,AG_CR_1509
30.2729_77.1646_2023-10-08_0840_N_VIIRS,Agricultural Burn,AG_CR_1510
29.1317_76.9731_2023-09-21_0719_N_VIIRS,Agricultural Burn,AG_CR_17
30.4105_77.3157_2023-10-03_0834_N_VIIRS,Agricultural Burn,AG_CR_799
31.4151_75.0824_2023-10-03_0834_N_VIIRS,Agricultural Burn,AG_CR_768
29.5530_76.0820_2023-10-08_0840_N_VIIRS,Agricultural Burn,AG_CR_1485
30.2620_76.7738_2023-10-08_0840_N_VIIRS,Agricultural Burn,AG_CR_1459
31.2680_75.1302_2023-10-07_0719_N_VIIRS,Agricultural Burn,AG_CR_1320
24.7577_77.0327_2023-10-08_0838_N_VIIRS,Agricultural Burn,AG_CR_1553
28.0149_77.5706_2023-10-07_0718_N_VIIRS,Agricultural Burn,AG_CR_1344
31.4862_74.9942_2023-10-02_0713_N_VIIRS,Agricultural Burn,AG_CR_644
31.5451_75.0496_2023-10-02_0713_N_VIIRS,Agricultural Burn,AG_CR_534
28.8471_77.1463_2023-10-01_1955_N_VIIRS,Agricultural Burn,AG_CR_664
30.0415_75.6685_2023-10-08_0840_N_VIIRS,Agricultural Burn,AG_CR_1422
29.5493_76.0362_2023-10-08_0840_N_VIIRS,Agricultural Burn,AG_CR_1480
29.0784_77.0274_2023-10-08_0840_N_VIIRS,Agricultural Burn,AG_CR_1505
30.0468_75.7955_2023-10-08_0840_N_VIIRS,Agricultural Burn,AG_CR_1423
26.9664_78.9784_2023-10-08_0839_N_VIIRS,Agricultural Burn,AG_CR_1520
25.8236_78.4090_2023-10-03_0833_N_VIIRS,Agricultural Burn,AG_CR_817
31.7187_75.1317_2023-10-01_0732_N_VIIRS,Agricultural Burn,AG_CR_435
31.3245_75.0542_2023-10-07_0719_N_VIIRS,Agricultural Burn,AG_CR_1326
30.1277_77.0744_2023-10-07_0718_N_VIIRS,Agricultural Burn,AG_CR_1342
27.2717_81.1336_2023-10-09_0820_N_VIIRS,Agricultural Burn,AG_CR_1649
30.2543_77.2118_2023-10-02_0712_N_VIIRS,Agricultural Burn,AG_CR_666
31.2577_75.1378_2023-10-07_0719_N_VIIRS,Agricultural Burn,AG_CR_1318
31.4244_75.4822_2023-10-03_0834_N_VIIRS,Agricultural Burn,AG_CR_736
31.7278_75.1514_2023-10-01_0732_N_VIIRS,Agricultural Burn,AG_CR_436
31.7140_75.1107_2023-10-01_0732_N_VIIRS,Agricultural Burn,AG_CR_394
31.7505_75.0603_2023-10-01_0732_N_VIIRS,Agricultural Burn,AG_CR_400
30.0726_76.6838_2023-10-02_0712_N_VIIRS,Agricultural Burn,AG_CR_659
30.1388_77.0994_2023-10-07_0718_N_VIIRS,Agricultural Burn,AG_CR_1341
22.1430_77.1026_2023-10-08_0838_N_VIIRS,Agricultural Burn,AG_CR_1555
29.6519_76.5352_2023-10-08_0840_N_VIIRS,Agricultural Burn,AG_CR_1490
31.7880_74.9923_2023-10-01_0732_N_VIIRS,Agricultural Burn,AG_CR_406
31.7658_75.0217_2023-10-01_0732_N_VIIRS,Agricultural Burn,AG_CR_402
31.7280_74.9951_2023-09-27_0847_N_VIIRS,Agricultural Burn,AG_CR_43
30.1187_76.1011_2023-10-08_0840_N_VIIRS,Agricultural Burn,AG_CR_1417
31.7413_74.9318_2023-10-01_0732_N_VIIRS,Agricultural Burn,AG_CR_399
31.6733_74.9923_2023-10-01_0732_N_VIIRS,Agricultural Burn,AG_CR_382
31.7370_74.9654_2023-09-27_0847_N_VIIRS,Agricultural Burn,AG_CR_45
31.7159_75.0763_2023-10-01_0732_N_VIIRS,Agricultural Burn,AG_CR_395
31.7111_74.9883_2023-09-27_0847_N_VIIRS,Agricultural Burn,AG_CR_41
31.7127_75.0130_2023-09-27_0847_N_VIIRS,Agricultural Burn,AG_CR_42
29.4342_76.7638_2023-10-11_2008_N_VIIRS,Agricultural Burn,AG_CR_2001
31.7212_74.9493_2023-10-01_0732_N_VIIRS,Agricultural Burn,AG_CR_397
31.7161_74.9910_2023-10-01_0732_N_VIIRS,Agricultural Burn,AG_CR_396
30.2256_77.0957_2023-10-02_0712_N_VIIRS,Agricultural Burn,AG_CR_665
30.3139_77.1022_2023-10-02_0712_N_VIIRS,Agricultural Burn,AG_CR_651
31.7784_75.0577_2023-10-01_0732_N_VIIRS,Agricultural Burn,AG_CR_403
30.0981_76.1725_2023-10-08_0840_N_VIIRS,Agricultural Burn,AG_CR_1415
31.7796_74.9318_2023-10-01_0732_N_VIIRS,Agricultural Burn,AG_CR_405
31.4181_75.1535_2023-10-02_0853_N_VIIRS,Agricultural Burn,AG_CR_639
31.7553_74.9735_2023-10-01_0732_N_VIIRS,Agricultural Burn,AG_CR_401
31.7445_74.9936_2023-09-27_0847_N_VIIRS,Agricultural Burn,AG_CR_46
31.7283_74.9992_2023-09-27_0847_N_VIIRS,Agricultural Burn,AG_CR_44
31.6789_75.0868_2023-09-27_0847_N_VIIRS,Agricultural Burn,AG_CR_39
31.6972_75.0138_2023-10-01_0732_N_VIIRS,Agricultural Burn,AG_CR_383
31.6908_75.0149_2023-09-27_0847_N_VIIRS,Agricultural Burn,AG_CR_37
31.6883_74.9779_2023-09-27_0847_N_VIIRS,Agricultural Burn,AG_CR_55
22.2653_75.1306_2023-10-11_2010_N_VIIRS,Agricultural Burn,AG_CR_2008
31.6792_75.0909_2023-09-27_0847_N_VIIRS,Agricultural Burn,AG_CR_54
31.7371_74.9561_2023-10-01_0732_N_VIIRS,Agricultural Burn,AG_CR_398
31.3883_75.0576_2023-10-02_0853_N_VIIRS,Agricultural Burn,AG_CR_637
31.6748_75.1081_2023-09-27_0847_N_VIIRS,Agricultural Burn,AG_CR_53
31.8161_75.0320_2023-10-01_0732_N_VIIRS,Agricultural Burn,AG_CR_441
31.8052_74.9839_2023-09-27_0707_N_VIIRS,Agricultural Burn,AG_CR_49
31.6965_75.0185_2023-09-27_0847_N_VIIRS,Agricultural Burn,AG_CR_38
31.7183_74.8925_2023-10-01_0732_N_VIIRS,Agricultural Burn,AG_CR_439
30.2642_76.8978_2023-10-02_0712_N_VIIRS,Agricultural Burn,AG_CR_650
29.9200_76.8611_2023-10-07_0718_N_VIIRS,Agricultural Burn,AG_CR_1337
31.3926_75.2392_2023-10-02_0853_N_VIIRS,Agricultural Burn,AG_CR_612
31.4057_75.1493_2023-10-02_0853_N_VIIRS,Agricultural Burn,AG_CR_638
30.2513_76.8930_2023-10-02_0712_N_VIIRS,Agricultural Burn,AG_CR_648
27.8484_77.4823_2023-10-03_0833_N_VIIRS,Agricultural Burn,AG_CR_809
31.7788_74.9291_2023-10-01_0732_N_VIIRS,Agricultural Burn,AG_CR_404
31.7819_74.8357_2023-10-01_0732_N_VIIRS,Agricultural Burn,AG_CR_367
30.9442_74.5524_2023-10-02_0853_N_VIIRS,Agricultural Burn,AG_CR_605
31.8074_74.9855_2023-10-02_0853_N_VIIRS,Agricultural Burn,AG_CR_576
31.7879_75.0696_2023-10-02_0853_N_VIIRS,Agricultural Burn,AG_CR_572
31.7422_75.0056_2023-10-02_0853_N_VIIRS,Agricultural Burn,AG_CR_562
31.6834_74.9857_2023-10-04_0815_N_VIIRS,Agricultural Burn,AG_CR_838
31.7417_74.9954_2023-10-02_0853_N_VIIRS,Agricultural Burn,AG_CR_561
30.9698_74.5379_2023-10-07_0719_N_VIIRS,Agricultural Burn,AG_CR_1317
27.9335_77.4243_2023-10-03_0833_N_VIIRS,Agricultural Burn,AG_CR_797
31.3533_74.8841_2023-10-02_0713_N_VIIRS,Agricultural Burn,AG_CR_643
31.3295_74.7974_2023-10-07_0719_N_VIIRS,Agricultural Burn,AG_CR_1328
31.7292_74.9860_2023-10-02_0853_N_VIIRS,Agricultural Burn,AG_CR_559
31.7477_74.9950_2023-10-02_0853_N_VIIRS,Agricultural Burn,AG_CR_565
31.4329_75.0656_2023-10-02_0713_N_VIIRS,Agricultural Burn,AG_CR_640
28.3266_80.2431_2023-10-09_0820_N_VIIRS,Agricultural Burn,AG_CR_1646
31.7502_75.0412_2023-10-02_0853_N_VIIRS,Agricultural Burn,AG_CR_567
30.6956_76.3987_2023-10-02_0712_N_VIIRS,Agricultural Burn,AG_CR_602
30.4664_76.9280_2023-09-27_0847_N_VIIRS,Agricultural Burn,AG_CR_57
27.9588_77.7106_2023-10-02_0712_N_VIIRS,Agricultural Burn,AG_CR_671
28.8444_77.1479_2023-09-15_1956_N_VIIRS,Agricultural Burn,AG_CR_7
29.6685_75.8639_2023-10-08_0840_N_VIIRS,Agricultural Burn,AG_CR_1471
28.0194_77.6702_2023-10-08_0839_N_VIIRS,Agricultural Burn,AG_CR_1513
30.2606_76.1638_2023-10-07_0718_N_VIIRS,Agricultural Burn,AG_CR_1325
30.1535_76.6731_2023-10-08_0840_N_VIIRS,Agricultural Burn,AG_CR_1497
31.4463_75.5415_2023-10-02_0853_N_VIIRS,Agricultural Burn,AG_CR_610
26.9112_79.1213_2023-10-08_0659_N_VIIRS,Agricultural Burn,AG_CR_1518
27.9726_77.6473_2023-10-03_0833_N_VIIRS,Agricultural Burn,AG_CR_804
29.7478_77.0110_2023-10-08_0840_N_VIIRS,Agricultural Burn,AG_CR_1493
29.9591_76.0849_2023-10-08_0840_N_VIIRS,Agricultural Burn,AG_CR_1410
28.1105_77.4167_2023-10-08_0839_N_VIIRS,Agricultural Burn,AG_CR_1501
25.8947_78.5330_2023-10-07_0717_N_VIIRS,Agricultural Burn,AG_CR_1359
29.9594_76.1209_2023-10-07_0718_N_VIIRS,Agricultural Burn,AG_CR_1323
27.8473_77.4805_2023-10-03_0833_N_VIIRS,Agricultural Burn,AG_CR_808
25.1712_77.0416_2023-10-08_0839_N_VIIRS,Agricultural Burn,AG_CR_1542
24.6362_77.1443_2023-10-08_0838_N_VIIRS,Agricultural Burn,AG_CR_1551
29.8903_76.3873_2023-10-07_0718_N_VIIRS,Agricultural Burn,AG_CR_1336
29.7531_76.2110_2023-10-08_0840_N_VIIRS,Agricultural Burn,AG_CR_1487
29.7103_76.0673_2023-10-08_0840_N_VIIRS,Agricultural Burn,AG_CR_1482
31.6775_74.9783_2023-10-07_0719_N_VIIRS,Agricultural Burn,AG_CR_1315
28.0174_77.6708_2023-10-08_0839_N_VIIRS,Agricultural Burn,AG_CR_1512
29.8955_76.0802_2023-10-08_0840_N_VIIRS,Agricultural Burn,AG_CR_1409
31.6843_75.1201_2023-10-07_0719_N_VIIRS,Agricultural Burn,AG_CR_1313
27.9987_77.7739_2023-10-03_0833_N_VIIRS,Agricultural Burn,AG_CR_805
29.9162_74.0515_2023-10-01_0731_N_VIIRS,Agricultural Burn,AG_CR_518
29.8051_75.9963_2023-10-08_0840_N_VIIRS,Agricultural Burn,AG_CR_1419
28.0315_77.6315_2023-10-08_0839_N_VIIRS,Agricultural Burn,AG_CR_1514
27.7710_77.3272_2023-10-08_0839_N_VIIRS,Agricultural Burn,AG_CR_1523
26.9649_78.9779_2023-10-08_0839_N_VIIRS,Agricultural Burn,AG_CR_1519
24.5580_77.9253_2023-10-07_0717_N_VIIRS,Agricultural Burn,AG_CR_1355
29.4063_76.0535_2023-10-07_0718_N_VIIRS,Agricultural Burn,AG_CR_1332
29.2044_76.1291_2023-10-07_0718_N_VIIRS,Agricultural Burn,AG_CR_1333
31.6637_74.9697_2023-10-07_0719_N_VIIRS,Agricultural Burn,AG_CR_1314
31.5002_74.9844_2023-10-02_0853_N_VIIRS,Agricultural Burn,AG_CR_645
23.5836_74.9686_2023-10-01_0729_N_VIIRS,Agricultural Burn,AG_CR_525
31.6918_75.0498_2023-10-04_0815_N_VIIRS,Agricultural Burn,AG_CR_839
31.6797_75.0873_2023-09-27_0847_N_VIIRS,Agricultural Burn,AG_CR_40
28.9391_77.1639_2023-10-08_0840_N_VIIRS,Agricultural Burn,AG_CR_1507
27.8388_78.1834_2023-10-02_0712_N_VIIRS,Agricultural Burn,AG_CR_673
31.7409_74.9304_2023-10-07_0719_N_VIIRS,Agricultural Burn,AG_CR_1304
31.5979_75.0237_2023-09-27_0847_N_VIIRS,Agricultural Burn,AG_CR_35
29.4279_76.0463_2023-10-12_0905_N_VIIRS,Agricultural Burn,AG_CR_1999
24.6683_77.1481_2023-10-08_0838_N_VIIRS,Agricultural Burn,AG_CR_1552
29.8402_76.1751_2023-10-07_0718_N_VIIRS,Agricultural Burn,AG_CR_1322
31.4953_75.0171_2023-10-07_0719_N_VIIRS,Agricultural Burn,AG_CR_1329
31.6200_75.1050_2023-09-27_0847_N_VIIRS,Agricultural Burn,AG_CR_51
31.6032_75.1022_2023-09-27_0847_N_VIIRS,Agricultural Burn,AG_CR_50
30.6987_76.3974_2023-10-02_0712_N_VIIRS,Agricultural Burn,AG_CR_603
31.6237_75.1592_2023-09-27_0847_N_VIIRS,Agricultural Burn,AG_CR_52
31.5561_75.1142_2023-10-02_0853_N_VIIRS,Agricultural Burn,AG_CR_541
27.9573_77.7131_2023-10-02_0712_N_VIIRS,Agricultural Burn,AG_CR_670
29.5740_74.5642_2023-10-07_0718_N_VIIRS,Agricultural Burn,AG_CR_1354
31.7908_75.0498_2023-10-02_0713_N_VIIRS,Agricultural Burn,AG_CR_573
25.4269_75.7574_2023-10-02_0851_N_VIIRS,Agricultural Burn,AG_CR_678
31.7410_74.9284_2023-09-16_0854_N_VIIRS,Agricultural Burn,AG_CR_4
27.9781_77.6048_2023-10-02_0712_N_VIIRS,Agricultural Burn,AG_CR_672
31.6779_75.0036_2023-10-02_0713_N_VIIRS,Agricultural Burn,AG_CR_553
31.5980_75.1069_2023-09-27_0847_N_VIIRS,Agricultural Burn,AG_CR_36
31.5521_75.0474_2023-10-02_0853_N_VIIRS,Agricultural Burn,AG_CR_540
30.6997_76.4017_2023-10-02_0712_N_VIIRS,Agricultural Burn,AG_CR_604
31.5037_75.1490_2023-10-02_0853_N_VIIRS,Agricultural Burn,AG_CR_641
31.6345_75.2271_2023-10-07_0719_N_VIIRS,Agricultural Burn,AG_CR_1308
25.8792_78.5044_2023-10-07_0717_N_VIIRS,Agricultural Burn,AG_CR_1356
31.5461_75.0478_2023-10-02_0853_N_VIIRS,Agricultural Burn,AG_CR_535
31.7054_74.9884_2023-10-02_0713_N_VIIRS,Agricultural Burn,AG_CR_555
25.8800_78.5076_2023-10-07_0717_N_VIIRS,Agricultural Burn,AG_CR_1357
31.7608_75.1033_2023-10-02_0713_N_VIIRS,Agricultural Burn,AG_CR_607
31.5063_75.1958_2023-10-02_0853_N_VIIRS,Agricultural Burn,AG_CR_577
27.7712_77.3272_2023-10-08_0839_N_VIIRS,Agricultural Burn,AG_CR_1523
25.8899_78.5290_2023-10-07_0717_N_VIIRS,Agricultural Burn,AG_CR_1358
31.7906_74.9362_2023-09-27_0847_N_VIIRS,Agricultural Burn,AG_CR_47
31.5066_75.2010_2023-10-02_0853_N_VIIRS,Agricultural Burn,AG_CR_578
26.3086_77.6702_2023-10-08_0839_N_VIIRS,Agricultural Burn,AG_CR_1561
31.6457_75.0635_2023-10-07_0719_N_VIIRS,Agricultural Burn,AG_CR_1310
31.6217_75.1756_2023-10-07_0719_N_VIIRS,Agricultural Burn,AG_CR_1309
31.8055_75.0339_2023-10-02_0713_N_VIIRS,Agricultural Burn,AG_CR_575
31.5462_75.1513_2023-10-02_0853_N_VIIRS,Agricultural Burn,AG_CR_580
31.6579_74.9998_2023-10-02_0713_N_VIIRS,Agricultural Burn,AG_CR_551
31.7773_74.9247_2023-10-02_0713_N_VIIRS,Agricultural Burn,AG_CR_569
30.4235_74.7892_2023-10-02_0853_N_VIIRS,Agricultural Burn,AG_CR_601
31.5320_75.2203_2023-10-02_0853_N_VIIRS,Agricultural Burn,AG_CR_579
30.5950_76.5605_2023-10-08_0840_N_VIIRS,Agricultural Burn,AG_CR_1387
31.7125_74.9913_2023-10-02_0713_N_VIIRS,Agricultural Burn,AG_CR_557
31.6500_75.0577_2023-10-07_0719_N_VIIRS,Agricultural Burn,AG_CR_1311
25.8034_78.4430_2023-10-02_0711_N_VIIRS,Agricultural Burn,AG_CR_681
30.0199_76.9764_2023-09-27_0847_N_VIIRS,Agricultural Burn,AG_CR_62
30.0711_77.0193_2023-09-27_0847_N_VIIRS,Agricultural Burn,AG_CR_63
30.0144_77.0793_2023-09-22_0840_N_VIIRS,Agricultural Burn,AG_CR_19
26.3310_77.6721_2023-10-08_0839_N_VIIRS,Agricultural Burn,AG_CR_1560
30.0212_76.9745_2023-10-08_0840_N_VIIRS,Agricultural Burn,AG_CR_1494
31.3361_74.8401_2023-10-02_0853_N_VIIRS,Agricultural Burn,AG_CR_642
29.5394_77.1500_2023-10-02_0712_N_VIIRS,Agricultural Burn,AG_CR_676
29.6128_74.3369_2023-10-07_0859_N_VIIRS,Agricultural Burn,AG_CR_1351
30.0214_77.1801_2023-09-22_0840_N_VIIRS,Agricultural Burn,AG_CR_20
30.6029_76.8289_2023-10-08_0840_N_VIIRS,Agricultural Burn,AG_CR_1430
31.4450_75.5435_2023-10-02_0853_N_VIIRS,Agricultural Burn,AG_CR_609
24.5479_75.8689_2023-10-07_2124_N_VIIRS,Agricultural Burn,AG_CR_1558
28.5182_76.7628_2023-10-01_1956_N_VIIRS,Agricultural Burn,AG_CR_654
30.0517_77.0129_2023-10-08_0840_N_VIIRS,Agricultural Burn,AG_CR_1498
29.0711_77.1157_2023-10-07_0718_N_VIIRS,Agricultural Burn,AG_CR_1340
31.5871_74.7800_2023-10-07_0719_N_VIIRS,Agricultural Burn,AG_CR_1298
30.6133_76.8198_2023-10-08_0840_N_VIIRS,Agricultural Burn,AG_CR_1431
29.9355_77.0114_2023-09-27_0846_N_VIIRS,Agricultural Burn,AG_CR_61
25.3650_76.2130_2023-10-02_0851_N_VIIRS,Agricultural Burn,AG_CR_679
27.7250_77.5961_2023-10-08_0839_N_VIIRS,Agricultural Burn,AG_CR_1521
29.0229_77.1410_2023-10-07_0718_N_VIIRS,Agricultural Burn,AG_CR_1339
31.6885_75.1752_2023-10-02_0713_N_VIIRS,Agricultural Burn,AG_CR_597
31.5967_75.1597_2023-10-02_0713_N_VIIRS,Agricultural Burn,AG_CR_587
31.2402_75.1459_2023-10-02_0853_N_VIIRS,Agricultural Burn,AG_CR_615
31.2267_75.4083_2023-10-02_0713_N_VIIRS,Agricultural Burn,AG_CR_611
31.6549_74.6711_2023-10-02_0853_N_VIIRS,Agricultural Burn,AG_CR_532
31.6433_75.1699_2023-10-02_0713_N_VIIRS,Agricultural Burn,AG_CR_592
31.6873_75.1704_2023-10-02_0713_N_VIIRS,Agricultural Burn,AG_CR_596
31.6160_75.0520_2023-10-07_0859_N_VIIRS,Agricultural Burn,AG_CR_1302
31.6553_74.9992_2023-10-02_0713_N_VIIRS,Agricultural Burn,AG_CR_550
31.8741_74.6953_2023-10-02_0713_N_VIIRS,Agricultural Burn,AG_CR_527
31.9268_74.7352_2023-10-02_0853_N_VIIRS,Agricultural Burn,AG_CR_528
29.7405_75.9251_2023-10-02_0712_N_VIIRS,Agricultural Burn,AG_CR_629
31.6752_75.0030_2023-10-02_0713_N_VIIRS,Agricultural Burn,AG_CR_552
31.6316_75.0293_2023-10-02_0713_N_VIIRS,Agricultural Burn,AG_CR_549
31.6571_75.0883_2023-10-07_0859_N_VIIRS,Agricultural Burn,AG_CR_1312
31.6163_75.0583_2023-10-07_0859_N_VIIRS,Agricultural Burn,AG_CR_1303
31.5301_75.0374_2023-10-07_0859_N_VIIRS,Agricultural Burn,AG_CR_1300
31.7455_74.9956_2023-10-02_0853_N_VIIRS,Agricultural Burn,AG_CR_564
31.7401_75.0062_2023-10-02_0853_N_VIIRS,Agricultural Burn,AG_CR_560
24.7660_74.6073_2023-10-06_2003_N_VIIRS,Agricultural Burn,AG_CR_1350
30.5030_76.6696_2023-10-02_0853_N_VIIRS,Agricultural Burn,AG_CR_628
31.7126_74.9467_2023-10-02_0853_N_VIIRS,Agricultural Burn,AG_CR_599
31.7452_74.9904_2023-10-02_0853_N_VIIRS,Agricultural Burn,AG_CR_563
29.8599_76.5758_2023-10-02_0853_N_VIIRS,Agricultural Burn,AG_CR_657
25.4241_75.7555_2023-10-02_0851_N_VIIRS,Agricultural Burn,AG_CR_677
31.7185_75.0490_2023-10-02_0853_N_VIIRS,Agricultural Burn,AG_CR_558
31.6242_74.9786_2023-10-02_0853_N_VIIRS,Agricultural Burn,AG_CR_547
31.6827_75.0567_2023-10-02_0853_N_VIIRS,Agricultural Burn,AG_CR_554
31.7878_75.0476_2023-10-02_0713_N_VIIRS,Agricultural Burn,AG_CR_571
31.7482_75.0417_2023-10-02_0853_N_VIIRS,Agricultural Burn,AG_CR_566
29.7459_75.9133_2023-09-21_0719_N_VIIRS,Agricultural Burn,AG_CR_16
31.5444_74.7956_2023-10-02_0713_N_VIIRS,Agricultural Burn,AG_CR_636
24.6047_80.6891_2023-10-08_0838_N_VIIRS,Agricultural Burn,AG_CR_1564
31.7085_75.0860_2023-10-02_0853_N_VIIRS,Agricultural Burn,AG_CR_556
31.5781_74.8346_2023-10-02_0853_N_VIIRS,Agricultural Burn,AG_CR_529
24.7125_76.7448_2023-10-07_0717_N_VIIRS,Agricultural Burn,AG_CR_1349
31.6913_75.1028_2023-10-02_0853_N_VIIRS,Agricultural Burn,AG_CR_598
29.4718_76.0265_2023-10-02_0853_N_VIIRS,Agricultural Burn,AG_CR_655
31.5884_74.9092_2023-10-02_0853_N_VIIRS,Agricultural Burn,AG_CR_530
31.6224_74.9779_2023-10-02_0853_N_VIIRS,Agricultural Burn,AG_CR_546
31.5912_74.7789_2023-10-02_0713_N_VIIRS,Agricultural Burn,AG_CR_531
31.6655_75.0734_2023-10-02_0853_N_VIIRS,Agricultural Burn,AG_CR_594
31.7724_75.0369_2023-10-02_0713_N_VIIRS,Agricultural Burn,AG_CR_568
31.8025_75.0317_2023-10-02_0713_N_VIIRS,Agricultural Burn,AG_CR_574
31.6284_74.9775_2023-10-02_0853_N_VIIRS,Agricultural Burn,AG_CR_548
30.3146_77.1021_2023-10-02_0712_N_VIIRS,Agricultural Burn,AG_CR_651
31.6367_75.1014_2023-10-02_0853_N_VIIRS,Agricultural Burn,AG_CR_590
29.7129_76.6875_2023-09-27_0846_N_VIIRS,Agricultural Burn,AG_CR_60
29.5029_75.5172_2023-10-02_0853_N_VIIRS,Agricultural Burn,AG_CR_653
31.7807_74.9257_2023-10-02_0713_N_VIIRS,Agricultural Burn,AG_CR_570
31.6645_75.0778_2023-10-02_0853_N_VIIRS,Agricultural Burn,AG_CR_593
31.6107_75.0867_2023-10-02_0853_N_VIIRS,Agricultural Burn,AG_CR_588
31.6829_75.1713_2023-10-02_0853_N_VIIRS,Agricultural Burn,AG_CR_595
31.5932_75.0983_2023-10-02_0853_N_VIIRS,Agricultural Burn,AG_CR_545
31.5914_75.0673_2023-10-02_0853_N_VIIRS,Agricultural Burn,AG_CR_544
25.4583_76.4360_2023-10-02_0711_N_VIIRS,Agricultural Burn,AG_CR_680
31.6952_75.0167_2023-09-16_0854_N_VIIRS,Agricultural Burn,AG_CR_3
28.5709_78.5870_2023-10-08_0839_N_VIIRS,Agricultural Burn,AG_CR_1535
31.6417_75.1001_2023-10-02_0853_N_VIIRS,Agricultural Burn,AG_CR_591
31.6822_75.2719_2023-10-02_0853_N_VIIRS,Agricultural Burn,AG_CR_586
31.5482_75.0498_2023-10-02_0853_N_VIIRS,Agricultural Burn,AG_CR_538
31.5474_75.0344_2023-10-02_0853_N_VIIRS,Agricultural Burn,AG_CR_537
31.5422_75.0503_2023-10-02_0853_N_VIIRS,Agricultural Burn,AG_CR_533
31.6579_74.9986_2023-09-16_0854_N_VIIRS,Agricultural Burn,AG_CR_2
31.5565_75.0905_2023-10-02_0853_N_VIIRS,Agricultural Burn,AG_CR_542
31.5872_75.0987_2023-10-02_0853_N_VIIRS,Agricultural Burn,AG_CR_543
31.6356_75.1005_2023-10-02_0853_N_VIIRS,Agricultural Burn,AG_CR_589
31.5477_75.1535_2023-10-02_0853_N_VIIRS,Agricultural Burn,AG_CR_582
30.3611_77.1263_2023-10-02_0712_N_VIIRS,Agricultural Burn,AG_CR_647
31.7731_75.0351_2023-10-02_0803_N20_VIIRS,Agricultural Burn,AG_CR_568
31.6677_75.0654_2023-09-16_0854_N_VIIRS,Agricultural Burn,AG_CR_6
30.4939_76.9129_2023-10-02_0712_N_VIIRS,Agricultural Burn,AG_CR_630
30.2440_75.5891_2023-10-02_0853_N_VIIRS,Agricultural Burn,AG_CR_600
24.9417_76.9206_2023-10-07_0717_N_VIIRS,Agricultural Burn,AG_CR_1362
31.5475_75.1483_2023-10-02_0853_N_VIIRS,Agricultural Burn,AG_CR_581
31.5993_75.2076_2023-10-02_0853_N_VIIRS,Agricultural Burn,AG_CR_584
31.5516_75.1116_2023-10-02_0853_N_VIIRS,Agricultural Burn,AG_CR_539
31.2608_75.1335_2023-10-02_0713_N_VIIRS,Agricultural Burn,AG_CR_619
29.9733_77.0058_2023-10-02_0853_N_VIIRS,Agricultural Burn,AG_CR_662
29.9518_76.9748_2023-10-02_0853_N_VIIRS,Agricultural Burn,AG_CR_660
31.2621_75.1385_2023-10-02_0713_N_VIIRS,Agricultural Burn,AG_CR_620
31.6280_75.2850_2023-10-02_0853_N_VIIRS,Agricultural Burn,AG_CR_585
31.7720_74.9232_2023-10-07_0859_N_VIIRS,Agricultural Burn,AG_CR_1306
31.7970_75.0326_2023-10-04_0815_N_VIIRS,Agricultural Burn,AG_CR_855
30.4150_77.1773_2023-10-02_0853_N_VIIRS,Agricultural Burn,AG_CR_669
30.2636_76.8983_2023-10-02_0712_N_VIIRS,Agricultural Burn,AG_CR_649
29.6559_74.2392_2023-10-07_0859_N_VIIRS,Agricultural Burn,AG_CR_1353
29.6556_74.2339_2023-10-07_0859_N_VIIRS,Agricultural Burn,AG_CR_1352
29.8597_76.5733_2023-10-02_0853_N_VIIRS,Agricultural Burn,AG_CR_656
31.0402_74.8939_2023-10-02_0853_N_VIIRS,Agricultural Burn,AG_CR_606
31.2444_75.1443_2023-10-02_0853_N_VIIRS,Agricultural Burn,AG_CR_616
30.4942_76.9129_2023-10-02_0712_N_VIIRS,Agricultural Burn,AG_CR_631
31.2384_75.1447_2023-10-02_0853_N_VIIRS,Agricultural Burn,AG_CR_614
29.4286_76.0474_2023-10-12_0905_N_VIIRS,Agricultural Burn,AG_CR_1999
30.5023_76.6696_2023-10-02_0853_N_VIIRS,Agricultural Burn,AG_CR_627
30.5254_76.7328_2023-10-02_0712_N_VIIRS,Agricultural Burn,AG_CR_625
29.9714_77.0041_2023-10-02_0853_N_VIIRS,Agricultural Burn,AG_CR_661
23.0416_75.2756_2023-10-08_0838_N_VIIRS,Agricultural Burn,AG_CR_1549
26.1123_78.9173_2023-10-08_0839_N_VIIRS,Agricultural Burn,AG_CR_1547
30.2614_76.2648_2023-10-02_0712_N_VIIRS,Agricultural Burn,AG_CR_622
30.2670_76.2630_2023-10-02_0712_N_VIIRS,Agricultural Burn,AG_CR_623
30.5922_76.8987_2023-10-02_0853_N_VIIRS,Agricultural Burn,AG_CR_633
28.8754_79.7987_2023-10-08_0840_N_VIIRS,Agricultural Burn,AG_CR_1529
28.8681_79.7816_2023-10-08_0840_N_VIIRS,Agricultural Burn,AG_CR_1528
30.5947_76.8156_2023-10-02_0853_N_VIIRS,Agricultural Burn,AG_CR_635
30.7887_74.3904_2023-10-12_0905_N_VIIRS,Agricultural Burn,AG_CR_1990
30.9047_74.7161_2023-10-12_0905_N_VIIRS,Agricultural Burn,AG_CR_1988
23.9231_79.1942_2023-10-11_0742_N_VIIRS,Agricultural Burn,AG_CR_1964
30.9050_74.7236_2023-10-12_0905_N_VIIRS,Agricultural Burn,AG_CR_1989
30.1542_76.9941_2023-10-02_0853_N_VIIRS,Agricultural Burn,AG_CR_658
30.4067_76.3530_2023-10-02_0712_N_VIIRS,Agricultural Burn,AG_CR_624
30.1495_76.2815_2023-10-02_0712_N_VIIRS,Agricultural Burn,AG_CR_626
30.5735_76.5486_2023-10-11_0834_N20_VIIRS,Agricultural Burn,AG_CR_1845
28.8608_79.7856_2023-10-08_0840_N_VIIRS,Agricultural Burn,AG_CR_1525
28.8672_79.7851_2023-10-08_0840_N_VIIRS,Agricultural Burn,AG_CR_1527
28.8619_79.8032_2023-10-08_0840_N_VIIRS,Agricultural Burn,AG_CR_1526
31.5510_74.9536_2023-09-16_0854_N_VIIRS,Agricultural Burn,AG_CR_1
31.5400_75.0983_2023-10-05_0847_N20_VIIRS,Agricultural Burn,AG_CR_997
26.7331_79.0806_2023-10-08_0839_N_VIIRS,Agricultural Burn,AG_CR_1517
31.4163_75.0855_2023-10-12_0906_N_VIIRS,Agricultural Burn,AG_CR_1994
31.6243_75.3062_2023-09-29_0809_N_VIIRS,Agricultural Burn,AG_CR_154
30.4115_77.1791_2023-10-02_0853_N_VIIRS,Agricultural Burn,AG_CR_668
31.5622_75.1550_2023-09-16_0854_N_VIIRS,Agricultural Burn,AG_CR_5
29.9760_75.9399_2023-10-11_0743_N_VIIRS,Agricultural Burn,AG_CR_1859
29.5459_76.0419_2023-10-12_0905_N_VIIRS,Agricultural Burn,AG_CR_2000
30.9827_74.5869_2023-10-12_0905_N_VIIRS,Agricultural Burn,AG_CR_1987
31.6642_75.0726_2023-10-02_0853_N_VIIRS,Agricultural Burn,AG_CR_594
31.2705_75.2026_2023-10-12_0906_N_VIIRS,Agricultural Burn,AG_CR_1991
30.5934_76.8141_2023-10-02_0853_N_VIIRS,Agricultural Burn,AG_CR_634
31.3405_75.2611_2023-10-07_0859_N_VIIRS,Agricultural Burn,AG_CR_1321
30.2535_77.2146_2023-10-02_0802_N20_VIIRS,Agricultural Burn,AG_CR_667
30.5907_76.9038_2023-10-02_0853_N_VIIRS,Agricultural Burn,AG_CR_632
24.8727_76.3358_2023-10-06_0736_N_VIIRS,Agricultural Burn,AG_CR_1289
25.3981_76.4756_2023-10-12_0904_N_VIIRS,Agricultural Burn,AG_CR_2007
30.0311_76.1683_2023-10-11_0743_N_VIIRS,Agricultural Burn,AG_CR_1853
30.4726_76.5241_2023-10-06_0737_N_VIIRS,Agricultural Burn,AG_CR_1218
30.0961_76.8777_2023-09-27_0706_N_VIIRS,Agricultural Burn,AG_CR_64
31.4453_74.7888_2023-10-12_0906_N_VIIRS,Agricultural Burn,AG_CR_1995
30.1047_76.6379_2023-09-27_0706_N_VIIRS,Agricultural Burn,AG_CR_56
22.2638_75.1338_2023-10-10_2119_N20_VIIRS,Agricultural Burn,AG_CR_1970
23.9872_79.3893_2023-09-27_1932_N_VIIRS,Agricultural Burn,AG_CR_110
31.5253_75.0478_2023-10-04_0906_N20_VIIRS,Agricultural Burn,AG_CR_916
31.5312_75.0394_2023-10-07_0859_N_VIIRS,Agricultural Burn,AG_CR_1301
27.8857_77.4347_2023-10-02_0852_N_VIIRS,Agricultural Burn,AG_CR_675
27.8861_77.4411_2023-10-02_0852_N_VIIRS,Agricultural Burn,AG_CR_663
31.4931_75.2153_2023-10-07_0859_N_VIIRS,Agricultural Burn,AG_CR_1327
31.3777_75.1197_2023-10-04_0815_N_VIIRS,Agricultural Burn,AG_CR_898
29.7061_75.7931_2023-10-12_0905_N_VIIRS,Agricultural Burn,AG_CR_1997
28.0008_77.7671_2023-10-08_0659_N_VIIRS,Agricultural Burn,AG_CR_1511
30.5773_75.8981_2023-10-12_0905_N_VIIRS,Agricultural Burn,AG_CR_1993
31.4499_74.7827_2023-10-12_0906_N_VIIRS,Agricultural Burn,AG_CR_1996
31.5977_74.9858_2023-10-12_0906_N_VIIRS,Agricultural Burn,AG_CR_1985
29.5888_76.0813_2023-10-07_0859_N_VIIRS,Agricultural Burn,AG_CR_1334
31.8052_74.9868_2023-09-27_0707_N_VIIRS,Agricultural Burn,AG_CR_49
23.9886_79.3915_2023-09-27_2022_N20_VIIRS,Agricultural Burn,AG_CR_110
24.7632_76.9863_2023-10-07_0857_N_VIIRS,Agricultural Burn,AG_CR_1361
27.8797_77.5072_2023-10-03_0653_N_VIIRS,Agricultural Burn,AG_CR_810
25.3047_76.4146_2023-10-06_0826_N20_VIIRS,Agricultural Burn,AG_CR_1284
31.8031_74.9286_2023-10-08_0840_N_VIIRS,Agricultural Burn,AG_CR_1371
31.8546_74.7319_2023-10-06_0828_N20_VIIRS,Agricultural Burn,AG_CR_1155
27.9512_77.5731_2023-10-06_0737_N_VIIRS,Agricultural Burn,AG_CR_1265
29.9502_76.9732_2023-10-02_0853_N_VIIRS,Agricultural Burn,AG_CR_660
29.5856_75.3799_2023-09-27_0706_N_VIIRS,Agricultural Burn,AG_CR_59
31.6019_74.9853_2023-10-12_0906_N_VIIRS,Agricultural Burn,AG_CR_1986
31.5757_75.0573_2023-10-12_0906_N_VIIRS,Agricultural Burn,AG_CR_1984
29.0643_77.1248_2023-10-01_0731_N_VIIRS,Agricultural Burn,AG_CR_490
31.6395_75.1056_2023-10-03_0834_N_VIIRS,Agricultural Burn,AG_CR_721
27.9703_77.4774_2023-10-11_0743_N_VIIRS,Agricultural Burn,AG_CR_1881
24.7606_76.3934_2023-10-03_0832_N_VIIRS,Agricultural Burn,AG_CR_812
22.6329_75.3982_2023-10-08_0838_N_VIIRS,Agricultural Burn,AG_CR_1550
31.6880_75.1546_2023-10-06_0828_N20_VIIRS,Agricultural Burn,AG_CR_1182
31.6658_75.0786_2023-10-02_0853_N_VIIRS,Agricultural Burn,AG_CR_593
30.0994_75.9528_2023-10-11_0743_N_VIIRS,Agricultural Burn,AG_CR_1860
29.5831_76.0847_2023-10-08_0700_N_VIIRS,Agricultural Burn,AG_CR_1481
30.2124_77.0243_2023-10-04_0815_N_VIIRS,Agricultural Burn,AG_CR_924
30.4478_77.1427_2023-10-03_0834_N_VIIRS,Agricultural Burn,AG_CR_789
28.9644_76.9079_2023-10-11_0743_N_VIIRS,Agricultural Burn,AG_CR_1884
22.2663_75.1335_2023-10-11_2100_N20_VIIRS,Agricultural Burn,AG_CR_2008
31.7698_75.0358_2023-10-02_0803_N20_VIIRS,Agricultural Burn,AG_CR_568
24.7036_78.0740_2023-10-11_0742_N_VIIRS,Agricultural Burn,AG_CR_1960
24.7637_74.6097_2023-10-06_2053_N20_VIIRS,Agricultural Burn,AG_CR_1350
28.8441_77.1460_2023-09-15_2046_N20_VIIRS,Agricultural Burn,AG_CR_7
31.5404_75.1881_2023-10-03_0834_N_VIIRS,Agricultural Burn,AG_CR_712
31.7836_74.9376_2023-09-29_0859_N20_VIIRS,Agricultural Burn,AG_CR_143
25.8781_78.5085_2023-10-07_0807_N20_VIIRS,Agricultural Burn,AG_CR_1357
22.5559_77.3539_2023-10-08_0838_N_VIIRS,Agricultural Burn,AG_CR_1556
31.8022_74.9300_2023-10-08_0840_N_VIIRS,Agricultural Burn,AG_CR_1371
29.4575_76.6656_2023-10-11_0743_N_VIIRS,Agricultural Burn,AG_CR_1877
31.2584_75.1402_2023-10-07_0809_N20_VIIRS,Agricultural Burn,AG_CR_1319
26.3312_77.6742_2023-10-08_0839_N_VIIRS,Agricultural Burn,AG_CR_1560
29.8374_76.1738_2023-10-07_0808_N20_VIIRS,Agricultural Burn,AG_CR_1322
30.0805_76.7609_2023-10-04_0815_N_VIIRS,Agricultural Burn,AG_CR_941
29.5633_74.3338_2023-10-04_0815_N_VIIRS,Agricultural Burn,AG_CR_978
29.5596_74.3360_2023-10-04_0725_N20_VIIRS,Agricultural Burn,AG_CR_978
31.6320_75.0346_2023-09-29_0859_N20_VIIRS,Agricultural Burn,AG_CR_125
23.2519_75.3329_2023-10-03_0832_N_VIIRS,Agricultural Burn,AG_CR_820
26.3089_77.6742_2023-10-08_0839_N_VIIRS,Agricultural Burn,AG_CR_1561
24.8970_76.6804_2023-10-11_0832_N20_VIIRS,Agricultural Burn,AG_CR_1944
28.7763_76.9471_2023-10-05_2021_N_VIIRS,Agricultural Burn,AG_CR_1253
31.6840_74.9902_2023-10-04_0815_N_VIIRS,Agricultural Burn,AG_CR_838
30.8012_74.4065_2023-10-11_0744_N_VIIRS,Agricultural Burn,AG_CR_1847
24.6847_77.0909_2023-10-11_0832_N20_VIIRS,Agricultural Burn,AG_CR_1971
24.7016_78.0717_2023-10-11_0832_N20_VIIRS,Agricultural Burn,AG_CR_1960
31.5530_74.8362_2023-10-05_0756_N_VIIRS,Agricultural Burn,AG_CR_993
31.5440_75.0966_2023-10-05_0756_N_VIIRS,Agricultural Burn,AG_CR_997
27.5887_77.4803_2023-10-04_0814_N_VIIRS,Agricultural Burn,AG_CR_949
31.7123_74.9417_2023-10-02_0853_N_VIIRS,Agricultural Burn,AG_CR_599
31.7591_74.9611_2023-09-28_0828_N_VIIRS,Agricultural Burn,AG_CR_75
31.7349_74.9689_2023-09-28_0828_N_VIIRS,Agricultural Burn,AG_CR_73
31.9715_74.8298_2023-09-29_0809_N_VIIRS,Agricultural Burn,AG_CR_115
31.8393_75.0256_2023-09-29_0809_N_VIIRS,Agricultural Burn,AG_CR_170
24.7620_74.6081_2023-09-28_2053_N_VIIRS,Agricultural Burn,AG_CR_205
24.7064_78.0686_2023-10-11_0742_N_VIIRS,Agricultural Burn,AG_CR_1960
29.6374_75.9369_2023-10-05_0846_N20_VIIRS,Agricultural Burn,AG_CR_1094
30.2920_77.1338_2023-10-08_0840_N_VIIRS,Agricultural Burn,AG_CR_1462
31.5226_74.6162_2023-10-05_0756_N_VIIRS,Agricultural Burn,AG_CR_992
31.6760_74.9510_2023-09-30_0750_N_VIIRS,Agricultural Burn,AG_CR_272
31.7772_74.9802_2023-10-05_0757_N_VIIRS,Agricultural Burn,AG_CR_1010
31.7292_74.9609_2023-09-29_0809_N_VIIRS,Agricultural Burn,AG_CR_133
31.7270_74.9699_2023-09-29_0809_N_VIIRS,Agricultural Burn,AG_CR_132
29.5596_76.3209_2023-10-10_0802_N_VIIRS,Agricultural Burn,AG_CR_1719
30.1858_76.8946_2023-10-05_0756_N_VIIRS,Agricultural Burn,AG_CR_1101
29.4229_78.5224_2023-10-11_0743_N_VIIRS,Agricultural Burn,AG_CR_1901
31.5983_75.2363_2023-10-05_0756_N_VIIRS,Agricultural Burn,AG_CR_1019
27.5200_78.4170_2023-10-10_0801_N_VIIRS,Agricultural Burn,AG_CR_1747
31.7876_75.0644_2023-10-02_0853_N_VIIRS,Agricultural Burn,AG_CR_572
31.6206_75.2189_2023-10-05_0756_N_VIIRS,Agricultural Burn,AG_CR_1020
31.5438_75.0447_2023-10-02_0713_N_VIIRS,Agricultural Burn,AG_CR_534
24.7162_77.0520_2023-10-10_0801_N_VIIRS,Agricultural Burn,AG_CR_1808
29.8517_75.4040_2023-10-05_0756_N_VIIRS,Agricultural Burn,AG_CR_1054
24.6157_76.8808_2023-10-11_0832_N20_VIIRS,Agricultural Burn,AG_CR_1945
29.4760_75.9673_2023-10-10_0802_N_VIIRS,Agricultural Burn,AG_CR_1714
25.4544_76.4564_2023-10-04_0814_N_VIIRS,Agricultural Burn,AG_CR_985
31.7667_74.7988_2023-10-06_0828_N20_VIIRS,Agricultural Burn,AG_CR_1163
31.7129_74.9390_2023-09-30_0750_N_VIIRS,Agricultural Burn,AG_CR_276
31.6705_75.1669_2023-09-30_0750_N_VIIRS,Agricultural Burn,AG_CR_268
31.8039_75.0370_2023-10-02_0803_N20_VIIRS,Agricultural Burn,AG_CR_575
31.5767_74.7719_2023-09-30_0750_N_VIIRS,Agricultural Burn,AG_CR_220
27.9332_77.4190_2023-10-03_0833_N_VIIRS,Agricultural Burn,AG_CR_797
28.6975_78.4009_2023-10-04_0814_N_VIIRS,Agricultural Burn,AG_CR_947
28.9607_76.9066_2023-10-11_0743_N_VIIRS,Agricultural Burn,AG_CR_1884
25.3052_76.4186_2023-10-06_0826_N20_VIIRS,Agricultural Burn,AG_CR_1284
30.8060_74.4095_2023-10-11_0744_N_VIIRS,Agricultural Burn,AG_CR_1847
31.7203_74.9735_2023-10-05_0847_N20_VIIRS,Agricultural Burn,AG_CR_1006
31.4966_74.5969_2023-10-09_0821_N_VIIRS,Agricultural Burn,AG_CR_1565
28.7774_76.9487_2023-10-05_2021_N_VIIRS,Agricultural Burn,AG_CR_1253
28.0933_78.0294_2023-10-10_0802_N_VIIRS,Agricultural Burn,AG_CR_1729
27.6999_79.6922_2023-10-04_2040_N_VIIRS,Agricultural Burn,AG_CR_1121
31.6788_74.9679_2023-09-26_0815_N20_VIIRS,Agricultural Burn,AG_CR_30
31.6835_74.9733_2023-09-26_0815_N20_VIIRS,Agricultural Burn,AG_CR_31
29.7493_76.0223_2023-10-09_0821_N_VIIRS,Agricultural Burn,AG_CR_1603
29.0586_78.3806_2023-10-11_0743_N_VIIRS,Agricultural Burn,AG_CR_1898
30.2930_77.1332_2023-10-08_0840_N_VIIRS,Agricultural Burn,AG_CR_1462
31.3566_75.9135_2023-09-21_0809_N20_VIIRS,Agricultural Burn,AG_CR_15
31.5729_74.7967_2023-10-04_0815_N_VIIRS,Agricultural Burn,AG_CR_826
30.1636_77.0956_2023-09-26_0815_N20_VIIRS,Agricultural Burn,AG_CR_32
25.3551_76.3844_2023-10-04_0814_N_VIIRS,Agricultural Burn,AG_CR_974
31.5455_75.0375_2023-10-02_0853_N_VIIRS,Agricultural Burn,AG_CR_537
31.5491_75.0583_2023-10-04_0815_N_VIIRS,Agricultural Burn,AG_CR_831
31.7384_74.9543_2023-09-26_0815_N20_VIIRS,Agricultural Burn,AG_CR_29
31.5931_75.1618_2023-10-02_0713_N_VIIRS,Agricultural Burn,AG_CR_587
22.6840_75.9026_2023-09-30_2016_N_VIIRS,Agricultural Burn,AG_CR_521
31.5920_75.0050_2023-09-28_0828_N_VIIRS,Agricultural Burn,AG_CR_68
31.7074_74.9473_2023-10-03_0834_N_VIIRS,Agricultural Burn,AG_CR_729
26.3638_77.6757_2023-10-10_0801_N_VIIRS,Agricultural Burn,AG_CR_1825
25.1598_76.2662_2023-10-10_0801_N_VIIRS,Agricultural Burn,AG_CR_1765
25.4180_81.2875_2023-10-11_0742_N_VIIRS,Agricultural Burn,AG_CR_1914
31.6794_74.9693_2023-09-26_0815_N20_VIIRS,Agricultural Burn,AG_CR_30
25.4667_76.4413_2023-10-04_0814_N_VIIRS,Agricultural Burn,AG_CR_986
29.5724_76.1112_2023-10-10_0852_N20_VIIRS,Agricultural Burn,AG_CR_1720
31.5729_75.1031_2023-10-05_0756_N_VIIRS,Agricultural Burn,AG_CR_1001
31.7835_74.9936_2023-10-01_0732_N_VIIRS,Agricultural Burn,AG_CR_406
27.9330_77.4178_2023-10-03_0833_N_VIIRS,Agricultural Burn,AG_CR_797
30.8052_74.4055_2023-10-11_0744_N_VIIRS,Agricultural Burn,AG_CR_1847
31.9760_74.8374_2023-09-29_0809_N_VIIRS,Agricultural Burn,AG_CR_115
31.7324_74.9243_2023-09-30_0750_N_VIIRS,Agricultural Burn,AG_CR_234
31.2633_75.1435_2023-10-02_0713_N_VIIRS,Agricultural Burn,AG_CR_618
30.1033_76.1720_2023-10-08_0840_N_VIIRS,Agricultural Burn,AG_CR_1415
31.5537_74.8405_2023-10-05_0756_N_VIIRS,Agricultural Burn,AG_CR_993
31.3869_75.1234_2023-10-03_0834_N_VIIRS,Agricultural Burn,AG_CR_766
24.7573_76.9684_2023-10-06_0826_N20_VIIRS,Agricultural Burn,AG_CR_1293
31.3566_75.9149_2023-09-21_0809_N20_VIIRS,Agricultural Burn,AG_CR_15
29.8483_75.4047_2023-10-05_0756_N_VIIRS,Agricultural Burn,AG_CR_1052
26.2883_77.5066_2023-10-11_0742_N_VIIRS,Agricultural Burn,AG_CR_1982
29.0552_78.3814_2023-10-11_0743_N_VIIRS,Agricultural Burn,AG_CR_1898
31.7383_74.9614_2023-10-01_0732_N_VIIRS,Agricultural Burn,AG_CR_398
29.5832_76.0887_2023-10-08_0749_N20_VIIRS,Agricultural Burn,AG_CR_1481
31.5749_75.0939_2023-10-05_0756_N_VIIRS,Agricultural Burn,AG_CR_1005
31.7842_74.9962_2023-10-01_0732_N_VIIRS,Agricultural Burn,AG_CR_406
25.1107_76.2340_2023-10-11_0832_N20_VIIRS,Agricultural Burn,AG_CR_1940
31.5709_75.0905_2023-10-05_0756_N_VIIRS,Agricultural Burn,AG_CR_1005
25.3663_76.4397_2023-10-06_0826_N20_VIIRS,Agricultural Burn,AG_CR_1286
26.3241_77.6731_2023-10-07_0807_N20_VIIRS,Agricultural Burn,AG_CR_1363
31.4317_75.0712_2023-10-02_0803_N20_VIIRS,Agricultural Burn,AG_CR_640
31.7105_74.9376_2023-09-30_0750_N_VIIRS,Agricultural Burn,AG_CR_276
29.4774_75.5363_2023-10-10_0802_N_VIIRS,Agricultural Burn,AG_CR_1707
29.6403_75.9372_2023-10-05_0846_N20_VIIRS,Agricultural Burn,AG_CR_1094
31.4330_74.9021_2023-10-08_0840_N_VIIRS,Agricultural Burn,AG_CR_1454
31.7961_75.0303_2023-10-02_0803_N20_VIIRS,Agricultural Burn,AG_CR_574
31.4275_75.0683_2023-10-02_0803_N20_VIIRS,Agricultural Burn,AG_CR_640
29.8340_76.1744_2023-10-07_0808_N20_VIIRS,Agricultural Burn,AG_CR_1322
29.6726_75.9234_2023-10-11_0743_N_VIIRS,Agricultural Burn,AG_CR_1873
31.7206_74.9776_2023-10-05_0847_N20_VIIRS,Agricultural Burn,AG_CR_1006
27.8785_79.8384_2023-10-11_2058_N20_VIIRS,Agricultural Burn,AG_CR_2006
28.0106_77.5754_2023-10-07_0718_N_VIIRS,Agricultural Burn,AG_CR_1344
31.6794_74.9725_2023-09-26_0815_N20_VIIRS,Agricultural Burn,AG_CR_31
31.5547_74.8419_2023-10-05_0847_N20_VIIRS,Agricultural Burn,AG_CR_993
31.7744_74.9535_2023-10-06_0828_N20_VIIRS,Agricultural Burn,AG_CR_1172
30.2597_76.2558_2023-10-02_0802_N20_VIIRS,Agricultural Burn,AG_CR_622
28.8811_79.8019_2023-10-08_0840_N_VIIRS,Agricultural Burn,AG_CR_1529
30.9762_74.5398_2023-10-07_0809_N20_VIIRS,Agricultural Burn,AG_CR_1317
31.6836_75.1782_2023-09-30_0750_N_VIIRS,Agricultural Burn,AG_CR_270
30.2598_76.1713_2023-10-07_0808_N20_VIIRS,Agricultural Burn,AG_CR_1325
31.7588_74.9710_2023-09-29_0859_N20_VIIRS,Agricultural Burn,AG_CR_139
30.9624_74.5384_2023-10-07_0809_N20_VIIRS,Agricultural Burn,AG_CR_1317
31.5742_75.0897_2023-10-05_0756_N_VIIRS,Agricultural Burn,AG_CR_1005
31.7915_74.9549_2023-10-05_0847_N20_VIIRS,Agricultural Burn,AG_CR_1011
31.7708_74.7982_2023-10-06_0828_N20_VIIRS,Agricultural Burn,AG_CR_1163
25.3038_76.4064_2023-10-06_0826_N20_VIIRS,Agricultural Burn,AG_CR_1284
31.3572_75.9178_2023-09-21_0809_N20_VIIRS,Agricultural Burn,AG_CR_15
27.1719_81.2666_2023-10-11_0742_N_VIIRS,Agricultural Burn,AG_CR_1893
31.8677_74.6998_2023-10-02_0803_N20_VIIRS,Agricultural Burn,AG_CR_527
29.0594_78.3849_2023-10-11_0743_N_VIIRS,Agricultural Burn,AG_CR_1898
31.6507_75.1713_2023-10-02_0803_N20_VIIRS,Agricultural Burn,AG_CR_592
31.6377_75.0343_2023-09-29_0859_N20_VIIRS,Agricultural Burn,AG_CR_125
31.5215_75.0543_2023-10-04_0906_N20_VIIRS,Agricultural Burn,AG_CR_916
31.9749_74.8424_2023-09-29_0900_N20_VIIRS,Agricultural Burn,AG_CR_115
31.7062_74.9338_2023-09-30_0750_N_VIIRS,Agricultural Burn,AG_CR_274
31.6762_75.0129_2023-09-29_0859_N20_VIIRS,Agricultural Burn,AG_CR_126
29.4733_75.9719_2023-10-10_0802_N_VIIRS,Agricultural Burn,AG_CR_1714
29.6606_75.9148_2023-10-11_0833_N20_VIIRS,Agricultural Burn,AG_CR_1873
29.4271_75.7131_2023-10-10_0802_N_VIIRS,Agricultural Burn,AG_CR_1704
30.9630_74.5424_2023-10-07_0809_N20_VIIRS,Agricultural Burn,AG_CR_1317
31.7215_74.9186_2023-10-04_0906_N20_VIIRS,Agricultural Burn,AG_CR_843
31.7596_74.9702_2023-09-29_0859_N20_VIIRS,Agricultural Burn,AG_CR_139
31.7726_74.9362_2023-10-06_0828_N20_VIIRS,Agricultural Burn,AG_CR_1172
29.9899_77.0142_2023-09-29_0809_N_VIIRS,Agricultural Burn,AG_CR_185
31.5255_75.0559_2023-10-04_0906_N20_VIIRS,Agricultural Burn,AG_CR_916
25.1302_76.2467_2023-10-11_0832_N20_VIIRS,Agricultural Burn,AG_CR_1942
31.5463_75.0447_2023-10-03_0834_N_VIIRS,Agricultural Burn,AG_CR_695
24.8385_76.9733_2023-10-11_0832_N20_VIIRS,Agricultural Burn,AG_CR_1973
31.6783_75.1425_2023-10-06_0828_N20_VIIRS,Agricultural Burn,AG_CR_1186
28.8821_79.8042_2023-10-08_0840_N_VIIRS,Agricultural Burn,AG_CR_1529
25.4611_76.4254_2023-10-02_0801_N20_VIIRS,Agricultural Burn,AG_CR_680
22.3426_69.8662_2023-11-21_2131_N20_VIIRS,Gas Flare / Persistent Thermal Source,GF_WB_1142
27.4610_95.4770_2023-11-09_1924_N_VIIRS,Gas Flare / Persistent Thermal Source,GF_WB_1100
27.5578_96.0396_2023-11-08_1852_N20_VIIRS,Gas Flare / Persistent Thermal Source,GF_WB_560
27.4700_95.4232_2023-11-08_1943_N_VIIRS,Gas Flare / Persistent Thermal Source,GF_WB_1416
19.3472_71.3049_2023-10-05_2113_N20_VIIRS,Gas Flare / Persistent Thermal Source,GF_WB_174
26.0589_93.8935_2023-11-24_1943_N_VIIRS,Gas Flare / Persistent Thermal Source,GF_WB_620
27.5351_95.4009_2023-11-28_1917_N20_VIIRS,Gas Flare / Persistent Thermal Source,GF_WB_1308
27.4688_95.4231_2023-11-19_0711_N_VIIRS,Gas Flare / Persistent Thermal Source,GF_WB_912
27.4611_95.4766_2023-11-18_1904_N20_VIIRS,Gas Flare / Persistent Thermal Source,GF_WB_271
27.0321_94.8896_2023-11-04_0652_N_VIIRS,Gas Flare / Persistent Thermal Source,GF_WB_897
19.3701_71.3539_2023-11-08_2035_N20_VIIRS,Gas Flare / Persistent Thermal Source,GF_WB_940
19.3330_72.0201_2023-11-25_2107_N_VIIRS,Gas Flare / Persistent Thermal Source,GF_WB_1029
27.1560_94.9312_2023-11-23_2001_N_VIIRS,Gas Flare / Persistent Thermal Source,GF_WB_726
27.0321_94.8895_2023-11-04_2007_N20_VIIRS,Gas Flare / Persistent Thermal Source,GF_WB_988
27.6052_95.4022_2023-10-22_0645_N20_VIIRS,Gas Flare / Persistent Thermal Source,GF_WB_1207
19.3482_71.3052_2023-10-07_2036_N20_VIIRS,Gas Flare / Persistent Thermal Source,GF_WB_1340
27.3180_95.2661_2023-10-16_1833_N_VIIRS,Gas Flare / Persistent Thermal Source,GF_WB_1088
26.1888_91.8082_2023-11-30_1930_N_VIIRS,Gas Flare / Persistent Thermal Source,GF_WB_87
27.6051_95.4030_2023-10-22_1910_N20_VIIRS,Gas Flare / Persistent Thermal Source,GF_WB_1109
15.9642_80.9383_2023-10-24_2017_N20_VIIRS,Gas Flare / Persistent Thermal Source,GF_WB_1318
27.4385_95.3789_2023-11-06_1929_N20_VIIRS,Gas Flare / Persistent Thermal Source,GF_WB_1198
27.3691_94.8955_2023-10-19_1917_N_VIIRS,Gas Flare / Persistent Thermal Source,GF_WB_1403
19.3702_71.3542_2023-11-05_0812_N_VIIRS,Gas Flare / Persistent Thermal Source,GF_WB_1131
19.3700_71.3538_2023-09-18_2132_N20_VIIRS,Gas Flare / Persistent Thermal Source,GF_WB_779
27.5577_96.0401_2023-11-30_1930_N_VIIRS,Gas Flare / Persistent Thermal Source,GF_WB_1206
27.5576_96.0398_2023-10-19_1917_N_VIIRS,Gas Flare / Persistent Thermal Source,GF_WB_1009
19.1782_70.9455_2023-10-19_2101_N_VIIRS,Gas Flare / Persistent Thermal Source,GF_WB_1335
27.5354_95.4006_2023-11-07_2001_N_VIIRS,Gas Flare / Persistent Thermal Source,GF_WB_752
27.6057_95.4024_2023-09-17_1918_N_VIIRS,Gas Flare / Persistent Thermal Source,GF_WB_277
19.3473_71.3050_2023-11-10_0818_N_VIIRS,Gas Flare / Persistent Thermal Source,GF_WB_778
25.2987_71.7688_2023-11-10_2047_N_VIIRS,Gas Flare / Persistent Thermal Source,GF_WB_882
19.1771_70.9453_2023-11-28_2101_N20_VIIRS,Gas Flare / Persistent Thermal Source,GF_WB_584
27.3179_95.2660_2023-11-21_1859_N_VIIRS,Gas Flare / Persistent Thermal Source,GF_WB_1088
19.3701_71.3543_2023-10-29_2023_N20_VIIRS,Gas Flare / Persistent Thermal Source,GF_WB_1131
19.3703_71.3542_2023-11-06_2023_N_VIIRS,Gas Flare / Persistent Thermal Source,GF_WB_1131
19.3702_71.3538_2023-10-14_2055_N_VIIRS,Gas Flare / Persistent Thermal Source,GF_WB_690
20.9635_86.0071_2023-10-15_2035_N_VIIRS,Gas Flare / Persistent Thermal Source,GF_WB_467
27.6051_95.4031_2023-10-21_1840_N_VIIRS,Gas Flare / Persistent Thermal Source,GF_WB_1109
19.1767_70.9455_2023-10-08_2107_N_VIIRS,Gas Flare / Persistent Thermal Source,GF_WB_770
27.6050_95.4016_2023-11-05_1859_N_VIIRS,Gas Flare / Persistent Thermal Source,GF_WB_1012
27.3780_95.0879_2023-11-08_1852_N20_VIIRS,Gas Flare / Persistent Thermal Source,GF_WB_1405
22.3431_69.8804_2023-11-24_0806_N20_VIIRS,Gas Flare / Persistent Thermal Source,GF_WB_957
19.5282_71.2995_2023-11-30_2113_N_VIIRS,Gas Flare / Persistent Thermal Source,GF_WB_783
23.6298_86.2937_2023-11-25_1925_N_VIIRS,Gas Flare / Persistent Thermal Source,GF_WB_75
27.6063_95.4015_2023-11-28_1917_N20_VIIRS,Gas Flare / Persistent Thermal Source,GF_WB_1424
19.3481_71.3051_2023-10-20_0812_N_VIIRS,Gas Flare / Persistent Thermal Source,GF_WB_1340
27.5579_96.0394_2023-09-16_1846_N20_VIIRS,Gas Flare / Persistent Thermal Source,GF_WB_418
27.6049_95.4032_2023-11-03_1845_N20_VIIRS,Gas Flare / Persistent Thermal Source,GF_WB_1109
26.6424_79.4797_2023-10-11_2058_N20_VIIRS,Gas Flare / Persistent Thermal Source,GF_WB_625
19.2774_71.4260_2023-10-04_2042_N_VIIRS,Gas Flare / Persistent Thermal Source,GF_WB_587
18.9743_71.6235_2023-10-26_2119_N20_VIIRS,Gas Flare / Persistent Thermal Source,GF_WB_1332
18.9733_71.6241_2023-11-10_0818_N_VIIRS,Gas Flare / Persistent Thermal Source,GF_WB_1224
18.9742_71.6231_2023-10-11_2101_N20_VIIRS,Gas Flare / Persistent Thermal Source,GF_WB_1332
27.4702_95.4231_2023-10-21_1840_N_VIIRS,Gas Flare / Persistent Thermal Source,GF_WB_1416
25.2984_71.7681_2023-11-15_2143_N20_VIIRS,Gas Flare / Persistent Thermal Source,GF_WB_80
27.6061_95.4015_2023-10-28_1949_N_VIIRS,Gas Flare / Persistent Thermal Source,GF_WB_1424
27.4692_95.4231_2023-11-25_1924_N_VIIRS,Gas Flare / Persistent Thermal Source,GF_WB_1102
18.7058_72.3429_2023-11-13_2042_N20_VIIRS,Gas Flare / Persistent Thermal Source,GF_WB_931
18.5781_72.2407_2023-10-25_2049_N_VIIRS,Gas Flare / Persistent Thermal Source,GF_WB_300
27.4698_95.4231_2023-11-23_1821_N_VIIRS,Gas Flare / Persistent Thermal Source,GF_WB_1416
19.1770_70.9463_2023-09-18_2043_N_VIIRS,Gas Flare / Persistent Thermal Source,GF_WB_680
19.3336_72.0202_2023-10-18_0759_N20_VIIRS,Gas Flare / Persistent Thermal Source,GF_WB_589
19.2832_71.4352_2023-10-04_2042_N_VIIRS,Gas Flare / Persistent Thermal Source,GF_WB_1338
27.6048_95.4031_2023-11-13_0723_N_VIIRS,Gas Flare / Persistent Thermal Source,GF_WB_1109
19.1770_70.9456_2023-11-09_2107_N_VIIRS,Gas Flare / Persistent Thermal Source,GF_WB_770
27.6062_95.4019_2023-11-07_2001_N_VIIRS,Gas Flare / Persistent Thermal Source,GF_WB_1424
19.5282_71.2995_2023-11-18_0909_N_VIIRS,Gas Flare / Persistent Thermal Source,GF_WB_783
27.3183_95.2660_2023-10-27_1917_N20_VIIRS,Gas Flare / Persistent Thermal Source,GF_WB_992
15.9626_80.9394_2023-11-02_1959_N_VIIRS,Gas Flare / Persistent Thermal Source,GF_WB_7
25.2989_71.7676_2023-11-04_2149_N20_VIIRS,Gas Flare / Persistent Thermal Source,GF_WB_1257
26.1901_91.8065_2023-11-10_0639_N_VIIRS,Gas Flare / Persistent Thermal Source,GF_WB_808
26.0642_93.9296_2023-11-08_1943_N_VIIRS,Gas Flare / Persistent Thermal Source,GF_WB_712
16.3600_81.2842_2023-10-30_2004_N20_VIIRS,Gas Flare / Persistent Thermal Source,GF_WB_1213
20.9631_86.0071_2023-11-04_0650_N_VIIRS,Gas Flare / Persistent Thermal Source,GF_WB_467
27.5362_95.4002_2023-10-30_1911_N_VIIRS,Gas Flare / Persistent Thermal Source,GF_WB_1420
16.6371_81.5958_2023-11-20_2011_N20_VIIRS,Gas Flare / Persistent Thermal Source,GF_WB_1323
27.3178_95.2661_2023-10-21_1929_N20_VIIRS,Gas Flare / Persistent Thermal Source,GF_WB_1088
19.3715_71.3540_2023-11-22_2023_N_VIIRS,Gas Flare / Persistent Thermal Source,GF_WB_1341
25.2992_71.7681_2023-11-07_2053_N20_VIIRS,Gas Flare / Persistent Thermal Source,GF_WB_1061
19.2836_71.4351_2023-11-28_2101_N20_VIIRS,Gas Flare / Persistent Thermal Source,GF_WB_1338
25.2984_71.7686_2023-11-17_2015_N_VIIRS,Gas Flare / Persistent Thermal Source,GF_WB_882
27.6049_95.4015_2023-11-26_1955_N20_VIIRS,Gas Flare / Persistent Thermal Source,GF_WB_1012
25.2989_71.7687_2023-11-12_2059_N20_VIIRS,Gas Flare / Persistent Thermal Source,GF_WB_801
15.9639_80.9383_2023-11-10_2049_N_VIIRS,Gas Flare / Persistent Thermal Source,GF_WB_1318
18.5772_72.2417_2023-10-06_2055_N20_VIIRS,Gas Flare / Persistent Thermal Source,GF_WB_1219
25.2987_71.7678_2023-11-17_2105_N20_VIIRS,Gas Flare / Persistent Thermal Source,GF_WB_506
27.4702_95.4232_2023-10-31_1852_N_VIIRS,Gas Flare / Persistent Thermal Source,GF_WB_1416
18.9729_71.6238_2023-10-11_0831_N20_VIIRS,Gas Flare / Persistent Thermal Source,GF_WB_1224
27.3779_95.0878_2023-11-22_1930_N20_VIIRS,Gas Flare / Persistent Thermal Source,GF_WB_1405
20.9630_86.0070_2023-11-30_1932_N_VIIRS,Gas Flare / Persistent Thermal Source,GF_WB_41
27.0337_94.8894_2023-09-30_1834_N_VIIRS,Gas Flare / Persistent Thermal Source,GF_WB_1385
25.2987_71.7676_2023-11-16_2124_N20_VIIRS,Gas Flare / Persistent Thermal Source,GF_WB_1257
27.6064_95.4019_2023-11-08_1852_N20_VIIRS,Gas Flare / Persistent Thermal Source,GF_WB_1424
19.1779_70.9454_2023-11-26_2049_N_VIIRS,Gas Flare / Persistent Thermal Source,GF_WB_1335
27.3693_94.8952_2023-11-13_0723_N_VIIRS,Gas Flare / Persistent Thermal Source,GF_WB_1403
27.3783_95.0876_2023-11-30_1930_N_VIIRS,Gas Flare / Persistent Thermal Source,GF_WB_1405
19.3703_71.3544_2023-10-20_2042_N_VIIRS,Gas Flare / Persistent Thermal Source,GF_WB_1131
26.6428_79.4798_2023-10-23_2033_N20_VIIRS,Gas Flare / Persistent Thermal Source,GF_WB_625
19.3707_71.3540_2023-11-12_2101_N20_VIIRS,Gas Flare / Persistent Thermal Source,GF_WB_33
27.4382_95.3792_2023-11-05_1859_N_VIIRS,Gas Flare / Persistent Thermal Source,GF_WB_1302
27.5574_96.0404_2023-10-30_1911_N_VIIRS,Gas Flare / Persistent Thermal Source,GF_WB_915
19.3480_71.3051_2023-10-11_2101_N20_VIIRS,Gas Flare / Persistent Thermal Source,GF_WB_1340
27.3177_95.2660_2023-11-13_0723_N_VIIRS,Gas Flare / Persistent Thermal Source,GF_WB_1088
27.6055_95.4020_2023-11-27_1846_N_VIIRS,Gas Flare / Persistent Thermal Source,GF_WB_1207
15.9633_80.9390_2023-10-22_2005_N_VIIRS,Gas Flare / Persistent Thermal Source,GF_WB_1016
19.1773_70.9458_2023-10-06_2055_N20_VIIRS,Gas Flare / Persistent Thermal Source,GF_WB_1026
27.4694_95.4229_2023-11-07_2001_N_VIIRS,Gas Flare / Persistent Thermal Source,GF_WB_556
23.4062_72.4200_2023-11-12_2150_N_VIIRS,Gas Flare / Persistent Thermal Source,GF_WB_1250
15.9632_80.9385_2023-10-24_1927_N_VIIRS,Gas Flare / Persistent Thermal Source,GF_WB_1113
27.5582_96.0403_2023-11-02_1955_N_VIIRS,Gas Flare / Persistent Thermal Source,GF_WB_1107
19.3698_71.3543_2023-11-04_2101_N_VIIRS,Gas Flare / Persistent Thermal Source,GF_WB_1031
19.3345_72.0196_2023-10-27_2100_N20_VIIRS,Gas Flare / Persistent Thermal Source,GF_WB_1339
19.5282_71.2993_2023-11-06_2113_N20_VIIRS,Gas Flare / Persistent Thermal Source,GF_WB_783
27.3774_95.0884_2023-10-22_1910_N20_VIIRS,Gas Flare / Persistent Thermal Source,GF_WB_832
19.3717_71.3540_2023-11-29_2042_N20_VIIRS,Gas Flare / Persistent Thermal Source,GF_WB_1341
19.0679_73.1364_2023-10-15_2036_N_VIIRS,Gas Flare / Persistent Thermal Source,GF_WB_1226
18.9729_71.6241_2023-10-18_2120_N_VIIRS,Gas Flare / Persistent Thermal Source,GF_WB_1224
26.6417_79.4789_2023-10-17_1956_N_VIIRS,Gas Flare / Persistent Thermal Source,GF_WB_232
26.0651_93.9291_2023-09-25_1918_N20_VIIRS,Gas Flare / Persistent Thermal Source,GF_WB_1371
27.4701_95.4228_2023-11-10_0639_N_VIIRS,Gas Flare / Persistent Thermal Source,GF_WB_1416
27.5347_95.3999_2023-11-26_1955_N20_VIIRS,Gas Flare / Persistent Thermal Source,GF_WB_1105
27.3695_94.8953_2023-10-19_2007_N20_VIIRS,Gas Flare / Persistent Thermal Source,GF_WB_1403
27.2671_95.1250_2023-11-06_1929_N20_VIIRS,Gas Flare / Persistent Thermal Source,GF_WB_1393
19.3717_71.3540_2023-11-27_2120_N20_VIIRS,Gas Flare / Persistent Thermal Source,GF_WB_1341
19.3474_71.3062_2023-10-02_2120_N_VIIRS,Gas Flare / Persistent Thermal Source,GF_WB_1234
23.6326_86.3001_2023-10-11_2009_N_VIIRS,Gas Flare / Persistent Thermal Source,GF_WB_613
15.9625_80.9400_2023-11-06_2024_N_VIIRS,Gas Flare / Persistent Thermal Source,GF_WB_149
26.7737_94.5066_2023-09-25_1918_N20_VIIRS,Gas Flare / Persistent Thermal Source,GF_WB_1378
19.3340_72.0198_2023-11-11_0800_N_VIIRS,Gas Flare / Persistent Thermal Source,GF_WB_1339
27.5362_95.4005_2023-10-22_2001_N_VIIRS,Gas Flare / Persistent Thermal Source,GF_WB_1420
19.1772_70.9464_2023-11-22_2113_N20_VIIRS,Gas Flare / Persistent Thermal Source,GF_WB_25
27.4602_95.4767_2023-11-27_1936_N20_VIIRS,Gas Flare / Persistent Thermal Source,GF_WB_659
26.7732_94.5067_2023-11-30_2020_N20_VIIRS,Gas Flare / Persistent Thermal Source,GF_WB_1378
19.2825_71.4354_2023-10-19_2101_N_VIIRS,Gas Flare / Persistent Thermal Source,GF_WB_1232
23.6282_86.2906_2023-11-19_1938_N_VIIRS,Gas Flare / Persistent Thermal Source,GF_WB_612
27.3677_94.8958_2023-11-13_1858_N20_VIIRS,Gas Flare / Persistent Thermal Source,GF_WB_1190
19.3697_71.3541_2023-11-17_0747_N_VIIRS,Gas Flare / Persistent Thermal Source,GF_WB_1031
19.2837_71.4351_2023-10-02_2030_N20_VIIRS,Gas Flare / Persistent Thermal Source,GF_WB_1338
27.4692_95.4236_2023-11-02_0639_N20_VIIRS,Gas Flare / Persistent Thermal Source,GF_WB_1305
15.9639_80.9386_2023-10-08_2017_N20_VIIRS,Gas Flare / Persistent Thermal Source,GF_WB_1318
27.3182_95.2672_2023-09-27_1930_N_VIIRS,Gas Flare / Persistent Thermal Source,GF_WB_825
27.3183_95.2672_2023-11-20_1917_N_VIIRS,Gas Flare / Persistent Thermal Source,GF_WB_107
19.1775_70.9457_2023-10-13_2114_N_VIIRS,Gas Flare / Persistent Thermal Source,GF_WB_584
18.9730_71.6242_2023-10-06_2055_N20_VIIRS,Gas Flare / Persistent Thermal Source,GF_WB_1224
19.1776_70.9456_2023-11-28_0831_N20_VIIRS,Gas Flare / Persistent Thermal Source,GF_WB_584
27.6051_95.4034_2023-11-30_1930_N_VIIRS,Gas Flare / Persistent Thermal Source,GF_WB_1109
27.3182_95.2673_2023-10-11_2007_N_VIIRS,Gas Flare / Persistent Thermal Source,GF_WB_825
19.3711_71.3538_2023-10-11_2101_N20_VIIRS,Gas Flare / Persistent Thermal Source,GF_WB_1341
25.3000_71.7656_2023-11-20_2149_N20_VIIRS,Gas Flare / Persistent Thermal Source,GF_WB_1365
19.2823_71.4361_2023-10-25_2049_N_VIIRS,Gas Flare / Persistent Thermal Source,GF_WB_863
27.5354_95.4013_2023-10-27_1917_N20_VIIRS,Gas Flare / Persistent Thermal Source,GF_WB_1308
27.3176_95.2660_2023-09-17_2008_N20_VIIRS,Gas Flare / Persistent Thermal Source,GF_WB_1088
19.3713_71.3541_2023-11-21_2132_N20_VIIRS,Gas Flare / Persistent Thermal Source,GF_WB_1341
23.6674_86.9229_2023-11-05_1950_N20_VIIRS,Gas Flare / Persistent Thermal Source,GF_WB_614
23.6666_86.9231_2023-11-04_2008_N20_VIIRS,Gas Flare / Persistent Thermal Source,GF_WB_614
27.3183_95.2657_2023-11-11_1846_N_VIIRS,Gas Flare / Persistent Thermal Source,GF_WB_1088
27.5583_96.0398_2023-11-07_1821_N_VIIRS,Gas Flare / Persistent Thermal Source,GF_WB_1107
27.5350_95.3996_2023-10-29_1839_N20_VIIRS,Gas Flare / Persistent Thermal Source,GF_WB_1105
26.1875_91.8091_2023-11-10_1905_N_VIIRS,Gas Flare / Persistent Thermal Source,GF_WB_976
27.2625_95.1503_2023-11-29_1949_N_VIIRS,Gas Flare / Persistent Thermal Source,GF_WB_1392
19.3696_71.3539_2023-11-11_2119_N20_VIIRS,Gas Flare / Persistent Thermal Source,GF_WB_1031
19.3697_71.3543_2023-11-10_0818_N_VIIRS,Gas Flare / Persistent Thermal Source,GF_WB_1031
27.4689_95.4224_2023-11-14_1930_N_VIIRS,Gas Flare / Persistent Thermal Source,GF_WB_841
27.5570_96.0392_2023-11-14_1930_N_VIIRS,Gas Flare / Persistent Thermal Source,GF_WB_663
27.3175_95.2673_2023-10-28_1858_N20_VIIRS,Gas Flare / Persistent Thermal Source,GF_WB_825
19.3331_72.0208_2023-11-07_2054_N20_VIIRS,Gas Flare / Persistent Thermal Source,GF_WB_1233
26.7862_94.6712_2023-11-22_1930_N20_VIIRS,Gas Flare / Persistent Thermal Source,GF_WB_1379
22.3411_69.8714_2023-11-17_0838_N20_VIIRS,Gas Flare / Persistent Thermal Source,GF_WB_1048
26.1893_91.8083_2023-11-28_1918_N20_VIIRS,Gas Flare / Persistent Thermal Source,GF_WB_1070
19.5274_71.3013_2023-10-10_0850_N20_VIIRS,Gas Flare / Persistent Thermal Source,GF_WB_319
20.9636_86.0073_2023-09-18_1951_N20_VIIRS,Gas Flare / Persistent Thermal Source,GF_WB_183
27.4699_95.4227_2023-10-09_1905_N_VIIRS,Gas Flare / Persistent Thermal Source,GF_WB_1416
27.3765_95.0880_2023-11-12_0651_N20_VIIRS,Gas Flare / Persistent Thermal Source,GF_WB_906
26.7727_94.5075_2023-10-22_2001_N_VIIRS,Gas Flare / Persistent Thermal Source,GF_WB_1272
22.3428_69.8808_2023-09-26_2132_N_VIIRS,Gas Flare / Persistent Thermal Source,GF_WB_957
19.3698_71.3535_2023-09-18_2132_N20_VIIRS,Gas Flare / Persistent Thermal Source,GF_WB_779
27.5589_96.0402_2023-10-31_1942_N20_VIIRS,Gas Flare / Persistent Thermal Source,GF_WB_1422
19.3699_71.3535_2023-10-15_2036_N_VIIRS,Gas Flare / Persistent Thermal Source,GF_WB_779
27.6048_95.4022_2023-11-28_2007_N_VIIRS,Gas Flare / Persistent Thermal Source,GF_WB_1207
20.9639_86.0094_2023-09-25_0741_N_VIIRS,Gas Flare / Persistent Thermal Source,GF_WB_596
26.0650_93.9290_2023-11-29_1949_N_VIIRS,Gas Flare / Persistent Thermal Source,GF_WB_1371
27.6059_95.4026_2023-11-24_1942_N_VIIRS,Gas Flare / Persistent Thermal Source,GF_WB_561
20.9637_86.0071_2023-11-08_2034_N20_VIIRS,Gas Flare / Persistent Thermal Source,GF_WB_183
18.9739_71.6232_2023-11-12_2101_N20_VIIRS,Gas Flare / Persistent Thermal Source,GF_WB_1332
18.9745_71.6237_2023-10-20_2042_N_VIIRS,Gas Flare / Persistent Thermal Source,GF_WB_1332
27.3176_95.2659_2023-11-11_1846_N_VIIRS,Gas Flare / Persistent Thermal Source,GF_WB_1088
18.9732_71.6243_2023-11-02_2048_N20_VIIRS,Gas Flare / Persistent Thermal Source,GF_WB_1224
27.6048_95.4023_2023-10-28_1858_N20_VIIRS,Gas Flare / Persistent Thermal Source,GF_WB_1311
27.6061_95.4022_2023-11-12_2007_N_VIIRS,Gas Flare / Persistent Thermal Source,GF_WB_1424
19.2790_71.4285_2023-11-20_2101_N_VIIRS,Gas Flare / Persistent Thermal Source,GF_WB_685
27.4689_95.4223_2023-10-27_2007_N_VIIRS,Gas Flare / Persistent Thermal Source,GF_WB_841
26.6417_79.4791_2023-11-14_2021_N20_VIIRS,Gas Flare / Persistent Thermal Source,GF_WB_374
19.5695_71.3573_2023-10-13_0753_N20_VIIRS,Gas Flare / Persistent Thermal Source,GF_WB_179
19.3714_71.3533_2023-09-18_2043_N_VIIRS,Gas Flare / Persistent Thermal Source,GF_WB_1341
22.3427_69.8666_2023-11-19_0851_N_VIIRS,Gas Flare / Persistent Thermal Source,GF_WB_1142
27.3773_95.0888_2023-11-12_1917_N20_VIIRS,Gas Flare / Persistent Thermal Source,GF_WB_1193
19.1764_70.9454_2023-11-14_2114_N_VIIRS,Gas Flare / Persistent Thermal Source,GF_WB_770
27.3182_95.2674_2023-10-18_1936_N_VIIRS,Gas Flare / Persistent Thermal Source,GF_WB_825
27.3524_95.3081_2023-10-27_1917_N20_VIIRS,Gas Flare / Persistent Thermal Source,GF_WB_1401
19.3463_71.3049_2023-11-17_2017_N_VIIRS,Gas Flare / Persistent Thermal Source,GF_WB_590
20.9634_86.0065_2023-10-16_2016_N_VIIRS,Gas Flare / Persistent Thermal Source,GF_WB_41
26.7858_94.6711_2023-11-18_1955_N_VIIRS,Gas Flare / Persistent Thermal Source,GF_WB_1379
27.6055_95.4031_2023-11-20_1917_N_VIIRS,Gas Flare / Persistent Thermal Source,GF_WB_917
19.5297_71.2994_2023-11-10_2049_N_VIIRS,Gas Flare / Persistent Thermal Source,GF_WB_1343
25.2982_71.7689_2023-11-16_2034_N_VIIRS,Gas Flare / Persistent Thermal Source,GF_WB_882
18.9739_71.6232_2023-10-17_2048_N20_VIIRS,Gas Flare / Persistent Thermal Source,GF_WB_1332
26.0864_93.9522_2023-10-16_2014_N_VIIRS,Gas Flare / Persistent Thermal Source,GF_WB_1372
18.5867_71.0323_2023-11-06_2113_N20_VIIRS,Gas Flare / Persistent Thermal Source,GF_WB_930
27.5346_95.3999_2023-11-12_1917_N20_VIIRS,Gas Flare / Persistent Thermal Source,GF_WB_1105
25.3008_71.7657_2023-10-28_2040_N20_VIIRS,Gas Flare / Persistent Thermal Source,GF_WB_1365
27.3180_95.2655_2023-11-08_1852_N20_VIIRS,Gas Flare / Persistent Thermal Source,GF_WB_1088
27.6055_95.4018_2023-11-02_1904_N20_VIIRS,Gas Flare / Persistent Thermal Source,GF_WB_1207
27.5349_95.3995_2023-11-15_1911_N_VIIRS,Gas Flare / Persistent Thermal Source,GF_WB_1105
18.5783_72.2405_2023-10-03_0831_N_VIIRS,Gas Flare / Persistent Thermal Source,GF_WB_1328
27.6064_95.4012_2023-11-22_2020_N_VIIRS,Gas Flare / Persistent Thermal Source,GF_WB_1424
25.2994_71.7677_2023-11-19_2118_N_VIIRS,Gas Flare / Persistent Thermal Source,GF_WB_1157
19.1777_70.9454_2023-11-05_2042_N_VIIRS,Gas Flare / Persistent Thermal Source,GF_WB_1335
19.3711_71.3541_2023-10-11_0831_N20_VIIRS,Gas Flare / Persistent Thermal Source,GF_WB_1341
19.4184_71.3906_2023-11-23_2054_N20_VIIRS,Gas Flare / Persistent Thermal Source,GF_WB_1342
20.9629_86.0067_2023-09-18_0722_N20_VIIRS,Gas Flare / Persistent Thermal Source,GF_WB_41
19.3706_71.3544_2023-11-08_0856_N_VIIRS,Gas Flare / Persistent Thermal Source,GF_WB_1235
27.0324_94.8903_2023-09-17_1918_N_VIIRS,Gas Flare / Persistent Thermal Source,GF_WB_1280
27.5590_96.0403_2023-11-09_1924_N_VIIRS,Gas Flare / Persistent Thermal Source,GF_WB_1422
18.7072_72.3421_2023-10-31_2036_N_VIIRS,Gas Flare / Persistent Thermal Source,GF_WB_22
26.7947_94.6894_2023-10-27_1917_N20_VIIRS,Gas Flare / Persistent Thermal Source,GF_WB_1380
23.4155_72.3560_2023-10-19_2100_N_VIIRS,Gas Flare / Persistent Thermal Source,GF_WB_1052
27.5585_96.0401_2023-11-26_1905_N_VIIRS,Gas Flare / Persistent Thermal Source,GF_WB_1107
27.6059_95.4028_2023-11-07_2001_N_VIIRS,Gas Flare / Persistent Thermal Source,GF_WB_754
27.4697_95.4228_2023-11-20_2007_N20_VIIRS,Gas Flare / Persistent Thermal Source,GF_WB_1416
19.3711_71.3541_2023-09-24_2120_N20_VIIRS,Gas Flare / Persistent Thermal Source,GF_WB_1341
27.4691_95.4238_2023-11-07_1911_N20_VIIRS,Gas Flare / Persistent Thermal Source,GF_WB_1305
22.3437_69.8804_2023-11-20_0741_N20_VIIRS,Gas Flare / Persistent Thermal Source,GF_WB_1144
27.3176_95.2663_2023-11-10_0639_N_VIIRS,Gas Flare / Persistent Thermal Source,GF_WB_1088
26.1880_91.8086_2023-11-10_1955_N20_VIIRS,Gas Flare / Persistent Thermal Source,GF_WB_1267
18.9728_71.6236_2023-11-24_2036_N20_VIIRS,Gas Flare / Persistent Thermal Source,GF_WB_1224
27.6044_95.4019_2023-11-26_0639_N_VIIRS,Gas Flare / Persistent Thermal Source,GF_WB_1012
22.1306_72.7643_2023-10-05_2113_N20_VIIRS,Gas Flare / Persistent Thermal Source,GF_WB_1140
15.9624_80.9376_2023-10-29_1934_N_VIIRS,Gas Flare / Persistent Thermal Source,GF_WB_760
27.3778_95.0883_2023-11-07_2001_N_VIIRS,Gas Flare / Persistent Thermal Source,GF_WB_1405
27.6063_95.4022_2023-11-23_1911_N20_VIIRS,Gas Flare / Persistent Thermal Source,GF_WB_1424
18.9737_71.6239_2023-10-10_0849_N20_VIIRS,Gas Flare / Persistent Thermal Source,GF_WB_1224
27.0334_94.8901_2023-09-25_1918_N20_VIIRS,Gas Flare / Persistent Thermal Source,GF_WB_1385
19.5290_71.3000_2023-11-27_2030_N_VIIRS,Gas Flare / Persistent Thermal Source,GF_WB_1343
27.5359_95.4002_2023-11-19_1936_N_VIIRS,Gas Flare / Persistent Thermal Source,GF_WB_1420
27.3776_95.0883_2023-11-27_1936_N20_VIIRS,Gas Flare / Persistent Thermal Source,GF_WB_832
19.2779_71.4254_2023-10-08_2107_N_VIIRS,Gas Flare / Persistent Thermal Source,GF_WB_1337
27.4682_95.4232_2023-10-11_1827_N_VIIRS,Gas Flare / Persistent Thermal Source,GF_WB_660
23.4158_72.3547_2023-11-23_2053_N20_VIIRS,Gas Flare / Persistent Thermal Source,GF_WB_1358
19.1776_70.9457_2023-11-11_2030_N_VIIRS,Gas Flare / Persistent Thermal Source,GF_WB_584
27.6056_95.4030_2023-11-28_0651_N20_VIIRS,Gas Flare / Persistent Thermal Source,GF_WB_917
27.4684_95.4237_2023-11-08_1943_N_VIIRS,Gas Flare / Persistent Thermal Source,GF_WB_660
19.3348_72.0200_2023-10-22_2054_N20_VIIRS,Gas Flare / Persistent Thermal Source,GF_WB_1339
27.5369_95.4004_2023-09-26_1858_N20_VIIRS,Gas Flare / Persistent Thermal Source,GF_WB_1420
19.1777_70.9453_2023-10-14_2055_N_VIIRS,Gas Flare / Persistent Thermal Source,GF_WB_584
22.3436_69.8795_2023-11-16_0807_N_VIIRS,Gas Flare / Persistent Thermal Source,GF_WB_1144
19.5296_71.3000_2023-11-26_2048_N_VIIRS,Gas Flare / Persistent Thermal Source,GF_WB_1343
27.4688_95.4239_2023-10-22_0645_N20_VIIRS,Gas Flare / Persistent Thermal Source,GF_WB_1305
27.5362_95.3997_2023-11-23_2001_N_VIIRS,Gas Flare / Persistent Thermal Source,GF_WB_1420
26.9881_94.8107_2023-10-21_2020_N_VIIRS,Gas Flare / Persistent Thermal Source,GF_WB_1384
26.7851_94.6716_2023-11-26_1955_N20_VIIRS,Gas Flare / Persistent Thermal Source,GF_WB_517
23.4158_72.3559_2023-11-23_2003_N_VIIRS,Gas Flare / Persistent Thermal Source,GF_WB_1358
27.4697_95.4227_2023-11-09_1924_N_VIIRS,Gas Flare / Persistent Thermal Source,GF_WB_1416
15.9640_80.9378_2023-10-14_2005_N20_VIIRS,Gas Flare / Persistent Thermal Source,GF_WB_1318
27.4617_95.4760_2023-10-10_1936_N20_VIIRS,Gas Flare / Persistent Thermal Source,GF_WB_1414
26.0596_93.8938_2023-10-28_1949_N_VIIRS,Gas Flare / Persistent Thermal Source,GF_WB_1370
27.6045_95.4028_2023-10-14_1911_N_VIIRS,Gas Flare / Persistent Thermal Source,GF_WB_1109
19.3332_72.0194_2023-11-23_2054_N20_VIIRS,Gas Flare / Persistent Thermal Source,GF_WB_777
27.3174_95.2669_2023-11-04_1918_N_VIIRS,Gas Flare / Persistent Thermal Source,GF_WB_825
27.3174_95.2672_2023-11-11_1936_N20_VIIRS,Gas Flare / Persistent Thermal Source,GF_WB_825
19.1767_70.9470_2023-10-24_2107_N_VIIRS,Gas Flare / Persistent Thermal Source,GF_WB_167
27.5587_96.0392_2023-11-28_1827_N_VIIRS,Gas Flare / Persistent Thermal Source,GF_WB_1422
27.6067_95.4014_2023-10-31_1852_N_VIIRS,Gas Flare / Persistent Thermal Source,GF_WB_1424
27.5358_95.4008_2023-11-03_1936_N_VIIRS,Gas Flare / Persistent Thermal Source,GF_WB_752
27.4705_95.4230_2023-11-11_1936_N20_VIIRS,Gas Flare / Persistent Thermal Source,GF_WB_1416
23.4161_72.3549_2023-10-31_2124_N20_VIIRS,Gas Flare / Persistent Thermal Source,GF_WB_1358
19.3719_71.3535_2023-10-10_2030_N_VIIRS,Gas Flare / Persistent Thermal Source,GF_WB_1341
15.9643_80.9378_2023-10-09_1958_N20_VIIRS,Gas Flare / Persistent Thermal Source,GF_WB_1318
19.3695_71.3541_2023-11-29_2132_N_VIIRS,Gas Flare / Persistent Thermal Source,GF_WB_1031
19.3695_71.3539_2023-10-13_2113_N_VIIRS,Gas Flare / Persistent Thermal Source,GF_WB_1031
19.1777_70.9452_2023-10-12_2132_N_VIIRS,Gas Flare / Persistent Thermal Source,GF_WB_584
27.6058_95.4012_2023-11-09_1924_N_VIIRS,Gas Flare / Persistent Thermal Source,GF_WB_1424
27.4684_95.4237_2023-11-22_1930_N20_VIIRS,Gas Flare / Persistent Thermal Source,GF_WB_660
27.4624_95.4758_2023-10-16_1923_N20_VIIRS,Gas Flare / Persistent Thermal Source,GF_WB_1414
27.6067_95.4019_2023-11-23_2001_N_VIIRS,Gas Flare / Persistent Thermal Source,GF_WB_1424
27.3771_95.0890_2023-10-15_1942_N20_VIIRS,Gas Flare / Persistent Thermal Source,GF_WB_1193
26.6427_79.4790_2023-11-17_2015_N_VIIRS,Gas Flare / Persistent Thermal Source,GF_WB_625
18.9729_71.6244_2023-11-27_2030_N_VIIRS,Gas Flare / Persistent Thermal Source,GF_WB_1224
18.5883_71.0330_2023-10-08_2107_N_VIIRS,Gas Flare / Persistent Thermal Source,GF_WB_1329
27.3773_95.0875_2023-10-30_1911_N_VIIRS,Gas Flare / Persistent Thermal Source,GF_WB_1095
27.4687_95.4224_2023-11-09_2013_N20_VIIRS,Gas Flare / Persistent Thermal Source,GF_WB_1005
19.3337_72.0206_2023-11-01_2107_N20_VIIRS,Gas Flare / Persistent Thermal Source,GF_WB_589
22.8075_72.5645_2023-11-29_2131_N_VIIRS,Gas Flare / Persistent Thermal Source,GF_WB_1146
26.0603_93.8929_2023-10-28_1858_N20_VIIRS,Gas Flare / Persistent Thermal Source,GF_WB_1370
25.2983_71.7672_2023-11-28_2059_N20_VIIRS,Gas Flare / Persistent Thermal Source,GF_WB_1257
19.3710_71.3534_2023-10-03_2011_N20_VIIRS,Gas Flare / Persistent Thermal Source,GF_WB_1341
26.0595_93.8928_2023-11-08_1943_N_VIIRS,Gas Flare / Persistent Thermal Source,GF_WB_1066
27.4682_95.4232_2023-11-22_2020_N_VIIRS,Gas Flare / Persistent Thermal Source,GF_WB_660
18.9225_72.0422_2023-11-28_2011_N_VIIRS,Gas Flare / Persistent Thermal Source,GF_WB_1024
25.3008_71.7661_2023-11-20_2009_N20_VIIRS,Gas Flare / Persistent Thermal Source,GF_WB_1365
18.9731_71.6245_2023-10-07_0806_N20_VIIRS,Gas Flare / Persistent Thermal Source,GF_WB_1224
18.9732_71.6233_2023-11-29_1952_N_VIIRS,Gas Flare / Persistent Thermal Source,GF_WB_1224
19.3717_71.3543_2023-11-30_2114_N_VIIRS,Gas Flare / Persistent Thermal Source,GF_WB_1341
18.9742_71.6227_2023-11-02_2139_N_VIIRS,Gas Flare / Persistent Thermal Source,GF_WB_1332
19.1778_70.9452_2023-11-14_2023_N20_VIIRS,Gas Flare / Persistent Thermal Source,GF_WB_1335
27.3187_95.2662_2023-11-27_1936_N20_VIIRS,Gas Flare / Persistent Thermal Source,GF_WB_992
25.2981_71.7680_2023-10-16_2015_N_VIIRS,Gas Flare / Persistent Thermal Source,GF_WB_364
27.5582_96.0391_2023-10-21_1840_N_VIIRS,Gas Flare / Persistent Thermal Source,GF_WB_276
27.6054_95.4035_2023-10-18_1936_N_VIIRS,Gas Flare / Persistent Thermal Source,GF_WB_1109
18.5769_72.2418_2023-10-06_2145_N_VIIRS,Gas Flare / Persistent Thermal Source,GF_WB_1219
19.3720_71.3540_2023-11-20_2101_N_VIIRS,Gas Flare / Persistent Thermal Source,GF_WB_1341
17.5317_83.0030_2023-10-05_2023_N_VIIRS,Gas Flare / Persistent Thermal Source,GF_WB_297
19.2077_72.0367_2023-10-27_2100_N20_VIIRS,Gas Flare / Persistent Thermal Source,GF_WB_585
19.2785_71.4273_2023-10-30_2055_N_VIIRS,Gas Flare / Persistent Thermal Source,GF_WB_456
27.6052_95.4012_2023-11-07_1911_N20_VIIRS,Gas Flare / Persistent Thermal Source,GF_WB_1012
27.3180_95.2677_2023-11-02_1904_N20_VIIRS,Gas Flare / Persistent Thermal Source,GF_WB_825
19.3698_71.3533_2023-10-09_0818_N_VIIRS,Gas Flare / Persistent Thermal Source,GF_WB_779
27.5585_96.0393_2023-11-07_1911_N20_VIIRS,Gas Flare / Persistent Thermal Source,GF_WB_1422
26.7942_94.6908_2023-11-14_1930_N_VIIRS,Gas Flare / Persistent Thermal Source,GF_WB_813
18.5878_71.0320_2023-11-23_2055_N20_VIIRS,Gas Flare / Persistent Thermal Source,GF_WB_1329
19.1783_70.9450_2023-11-03_2029_N20_VIIRS,Gas Flare / Persistent Thermal Source,GF_WB_1335
22.3426_69.8804_2023-11-22_0844_N20_VIIRS,Gas Flare / Persistent Thermal Source,GF_WB_957
27.2602_95.1505_2023-11-28_1917_N20_VIIRS,Gas Flare / Persistent Thermal Source,GF_WB_898
27.4682_95.4236_2023-11-20_1917_N_VIIRS,Gas Flare / Persistent Thermal Source,GF_WB_660
19.2840_71.4352_2023-10-15_2126_N20_VIIRS,Gas Flare / Persistent Thermal Source,GF_WB_1338
19.1778_70.9471_2023-10-09_2048_N_VIIRS,Gas Flare / Persistent Thermal Source,GF_WB_167
18.9726_71.6239_2023-10-10_0849_N20_VIIRS,Gas Flare / Persistent Thermal Source,GF_WB_1224
27.3181_95.2677_2023-10-19_1917_N_VIIRS,Gas Flare / Persistent Thermal Source,GF_WB_825
19.3698_71.3547_2023-10-30_2144_N20_VIIRS,Gas Flare / Persistent Thermal Source,GF_WB_1131
19.1780_70.9462_2023-11-10_2138_N20_VIIRS,Gas Flare / Persistent Thermal Source,GF_WB_1335
26.8117_94.6952_2023-11-11_1936_N20_VIIRS,Gas Flare / Persistent Thermal Source,GF_WB_1381
15.9632_80.9397_2023-11-12_2011_N_VIIRS,Gas Flare / Persistent Thermal Source,GF_WB_291
18.9739_71.6228_2023-11-08_0805_N20_VIIRS,Gas Flare / Persistent Thermal Source,GF_WB_1332
22.3429_69.8798_2023-11-28_2150_N_VIIRS,Gas Flare / Persistent Thermal Source,GF_WB_1144
15.9629_80.9376_2023-11-02_2048_N20_VIIRS,Gas Flare / Persistent Thermal Source,GF_WB_760
26.1894_91.8093_2023-11-19_1937_N_VIIRS,Gas Flare / Persistent Thermal Source,GF_WB_622
23.6287_86.2897_2023-11-25_1925_N_VIIRS,Gas Flare / Persistent Thermal Source,GF_WB_612
27.0379_69.7144_2023-09-27_2202_N20_VIIRS,Gas Flare / Persistent Thermal Source,GF_WB_1178
19.5694_71.3569_2023-11-14_2114_N_VIIRS,Gas Flare / Persistent Thermal Source,GF_WB_37
19.5294_71.3003_2023-11-13_0902_N_VIIRS,Gas Flare / Persistent Thermal Source,GF_WB_1343
27.4693_95.4239_2023-11-06_1929_N20_VIIRS,Gas Flare / Persistent Thermal Source,GF_WB_1305
18.9741_71.6239_2023-10-31_2126_N20_VIIRS,Gas Flare / Persistent Thermal Source,GF_WB_1332
26.7721_94.5065_2023-11-26_1905_N_VIIRS,Gas Flare / Persistent Thermal Source,GF_WB_1272
19.3710_71.3543_2023-09-27_2114_N_VIIRS,Gas Flare / Persistent Thermal Source,GF_WB_1341
27.4687_95.4240_2023-10-30_1911_N_VIIRS,Gas Flare / Persistent Thermal Source,GF_WB_660
27.4699_95.4224_2023-10-28_1858_N20_VIIRS,Gas Flare / Persistent Thermal Source,GF_WB_1416
19.1772_70.9448_2023-10-04_2042_N_VIIRS,Gas Flare / Persistent Thermal Source,GF_WB_584
18.9747_71.6239_2023-11-15_2055_N_VIIRS,Gas Flare / Persistent Thermal Source,GF_WB_1332
27.3184_95.2654_2023-11-09_1924_N_VIIRS,Gas Flare / Persistent Thermal Source,GF_WB_1088
19.1767_70.9449_2023-10-28_2042_N20_VIIRS,Gas Flare / Persistent Thermal Source,GF_WB_770
27.5345_95.4009_2023-10-13_1930_N_VIIRS,Gas Flare / Persistent Thermal Source,GF_WB_1308
27.4703_95.4238_2023-10-18_1936_N_VIIRS,Gas Flare / Persistent Thermal Source,GF_WB_1416
27.3786_95.0885_2023-10-27_2008_N_VIIRS,Gas Flare / Persistent Thermal Source,GF_WB_1405
27.5588_96.0405_2023-11-01_1923_N20_VIIRS,Gas Flare / Persistent Thermal Source,GF_WB_1422
19.1772_70.9447_2023-10-23_2035_N20_VIIRS,Gas Flare / Persistent Thermal Source,GF_WB_584
27.3768_95.0892_2023-11-23_2001_N_VIIRS,Gas Flare / Persistent Thermal Source,GF_WB_1193
19.3709_71.3544_2023-11-22_0753_N_VIIRS,Gas Flare / Persistent Thermal Source,GF_WB_317
19.3705_71.3547_2023-10-21_2113_N20_VIIRS,Gas Flare / Persistent Thermal Source,GF_WB_1131
27.3189_95.2664_2023-11-07_2001_N_VIIRS,Gas Flare / Persistent Thermal Source,GF_WB_249
19.3479_71.3059_2023-11-06_2023_N_VIIRS,Gas Flare / Persistent Thermal Source,GF_WB_1234
26.0584_93.8941_2023-11-21_1859_N_VIIRS,Gas Flare / Persistent Thermal Source,GF_WB_1263
22.3441_69.8803_2023-11-22_0754_N_VIIRS,Gas Flare / Persistent Thermal Source,GF_WB_1144
23.4075_72.4179_2023-11-02_0819_N20_VIIRS,Gas Flare / Persistent Thermal Source,GF_WB_1357
27.3174_95.2658_2023-10-15_1942_N20_VIIRS,Gas Flare / Persistent Thermal Source,GF_WB_1088
27.3172_95.2670_2023-11-26_1905_N_VIIRS,Gas Flare / Persistent Thermal Source,GF_WB_825
26.0596_93.8926_2023-11-11_1846_N_VIIRS,Gas Flare / Persistent Thermal Source,GF_WB_1066
27.4685_95.4223_2023-10-27_1827_N_VIIRS,Gas Flare / Persistent Thermal Source,GF_WB_1005
27.5589_96.0390_2023-11-22_1930_N20_VIIRS,Gas Flare / Persistent Thermal Source,GF_WB_1422
27.3175_95.2655_2023-11-25_1924_N_VIIRS,Gas Flare / Persistent Thermal Source,GF_WB_1088
19.3697_71.3533_2023-11-08_0805_N20_VIIRS,Gas Flare / Persistent Thermal Source,GF_WB_779
27.6046_95.4011_2023-11-25_1924_N_VIIRS,Gas Flare / Persistent Thermal Source,GF_WB_1012
27.5360_95.3996_2023-11-06_1840_N_VIIRS,Gas Flare / Persistent Thermal Source,GF_WB_1420
27.3173_95.2658_2023-11-29_1949_N_VIIRS,Gas Flare / Persistent Thermal Source,GF_WB_1088
19.2827_71.4364_2023-10-09_2048_N_VIIRS,Gas Flare / Persistent Thermal Source,GF_WB_588
22.3412_69.8703_2023-11-28_2010_N_VIIRS,Gas Flare / Persistent Thermal Source,GF_WB_1048
19.5292_71.2989_2023-10-10_0800_N_VIIRS,Gas Flare / Persistent Thermal Source,GF_WB_1343
27.3175_95.2655_2023-11-28_1917_N20_VIIRS,Gas Flare / Persistent Thermal Source,GF_WB_1088
26.6419_79.4778_2023-11-16_2123_N20_VIIRS,Gas Flare / Persistent Thermal Source,GF_WB_232
19.3476_71.3065_2023-10-05_0843_N20_VIIRS,Gas Flare / Persistent Thermal Source,GF_WB_1234
23.6292_86.2902_2023-09-15_0729_N_VIIRS,Gas Flare / Persistent Thermal Source,GF_WB_612
23.4084_72.4177_2023-10-19_2100_N_VIIRS,Gas Flare / Persistent Thermal Source,GF_WB_1357
18.7059_72.3423_2023-10-09_2049_N_VIIRS,Gas Flare / Persistent Thermal Source,GF_WB_931
27.4681_95.4235_2023-10-16_2014_N_VIIRS,Gas Flare / Persistent Thermal Source,GF_WB_660
20.9627_86.0066_2023-09-26_1951_N_VIIRS,Gas Flare / Persistent Thermal Source,GF_WB_183
18.9737_71.6231_2023-11-18_2048_N20_VIIRS,Gas Flare / Persistent Thermal Source,GF_WB_1332
19.3694_71.3544_2023-11-23_2004_N_VIIRS,Gas Flare / Persistent Thermal Source,GF_WB_1031
27.6055_95.4035_2023-10-20_1858_N_VIIRS,Gas Flare / Persistent Thermal Source,GF_WB_1109
27.5580_96.0409_2023-10-28_1949_N_VIIRS,Gas Flare / Persistent Thermal Source,GF_WB_1206
27.4681_95.4236_2023-10-22_0555_N_VIIRS,Gas Flare / Persistent Thermal Source,GF_WB_660
19.5293_71.2989_2023-10-06_2055_N20_VIIRS,Gas Flare / Persistent Thermal Source,GF_WB_1343
27.4684_95.4240_2023-11-30_1930_N_VIIRS,Gas Flare / Persistent Thermal Source,GF_WB_660
19.3703_71.3531_2023-10-23_2035_N20_VIIRS,Gas Flare / Persistent Thermal Source,GF_WB_317
27.3187_95.2658_2023-10-16_1923_N20_VIIRS,Gas Flare / Persistent Thermal Source,GF_WB_992
22.3442_69.8802_2023-11-23_2054_N20_VIIRS,Gas Flare / Persistent Thermal Source,GF_WB_1144
22.8077_72.5661_2023-11-29_2131_N_VIIRS,Gas Flare / Persistent Thermal Source,GF_WB_1249
27.5568_96.0390_2023-11-15_1911_N_VIIRS,Gas Flare / Persistent Thermal Source,GF_WB_663
25.3005_71.7664_2023-10-01_2047_N20_VIIRS,Gas Flare / Persistent Thermal Source,GF_WB_1365
18.9737_71.6230_2023-10-02_2030_N20_VIIRS,Gas Flare / Persistent Thermal Source,GF_WB_1332
17.5324_83.0022_2023-10-17_1958_N_VIIRS,Gas Flare / Persistent Thermal Source,GF_WB_764
25.2980_71.7677_2023-11-11_2028_N_VIIRS,Gas Flare / Persistent Thermal Source,GF_WB_80
27.4707_95.4233_2023-10-29_1930_N_VIIRS,Gas Flare / Persistent Thermal Source,GF_WB_1416
27.4619_95.4756_2023-11-03_1845_N20_VIIRS,Gas Flare / Persistent Thermal Source,GF_WB_1414
23.5431_72.4089_2023-10-29_2112_N_VIIRS,Gas Flare / Persistent Thermal Source,GF_WB_1255
26.0647_93.9303_2023-11-20_1918_N_VIIRS,Gas Flare / Persistent Thermal Source,GF_WB_1067
27.5369_95.3996_2023-10-20_1948_N20_VIIRS,Gas Flare / Persistent Thermal Source,GF_WB_1420
18.9724_71.6240_2023-11-08_2126_N_VIIRS,Gas Flare / Persistent Thermal Source,GF_WB_1224
19.5299_71.2992_2023-10-25_2048_N_VIIRS,Gas Flare / Persistent Thermal Source,GF_WB_1343
19.1760_70.9460_2023-11-24_2126_N_VIIRS,Gas Flare / Persistent Thermal Source,GF_WB_860
20.9626_86.0066_2023-10-25_1956_N20_VIIRS,Gas Flare / Persistent Thermal Source,GF_WB_183
18.9744_71.6241_2023-09-17_2102_N_VIIRS,Gas Flare / Persistent Thermal Source,GF_WB_1332
19.3714_71.3530_2023-11-02_2048_N20_VIIRS,Gas Flare / Persistent Thermal Source,GF_WB_1341
19.5292_71.2988_2023-10-20_2042_N_VIIRS,Gas Flare / Persistent Thermal Source,GF_WB_1343
19.3698_71.3531_2023-10-13_0843_N_VIIRS,Gas Flare / Persistent Thermal Source,GF_WB_779
27.5344_95.3995_2023-09-25_1827_N_VIIRS,Gas Flare / Persistent Thermal Source,GF_WB_1105
27.3173_95.2676_2023-11-08_1943_N_VIIRS,Gas Flare / Persistent Thermal Source,GF_WB_825
27.6065_95.4009_2023-11-14_1839_N20_VIIRS,Gas Flare / Persistent Thermal Source,GF_WB_1424
26.6421_79.4803_2023-10-27_2058_N20_VIIRS,Gas Flare / Persistent Thermal Source,GF_WB_625
23.4078_72.4175_2023-10-10_2118_N20_VIIRS,Gas Flare / Persistent Thermal Source,GF_WB_1357
22.3442_69.8799_2023-11-28_0922_N_VIIRS,Gas Flare / Persistent Thermal Source,GF_WB_1144
27.3189_95.2663_2023-10-28_1949_N_VIIRS,Gas Flare / Persistent Thermal Source,GF_WB_249
27.3172_95.2669_2023-10-26_1936_N20_VIIRS,Gas Flare / Persistent Thermal Source,GF_WB_825
27.3776_95.0888_2023-10-27_1917_N20_VIIRS,Gas Flare / Persistent Thermal Source,GF_WB_832
23.4064_72.4192_2023-10-14_0826_N_VIIRS,Gas Flare / Persistent Thermal Source,GF_WB_1250
27.4686_95.4241_2023-10-26_1935_N20_VIIRS,Gas Flare / Persistent Thermal Source,GF_WB_660
27.4680_95.4231_2023-11-01_0608_N_VIIRS,Gas Flare / Persistent Thermal Source,GF_WB_660
19.2785_71.4243_2023-11-16_2036_N_VIIRS,Gas Flare / Persistent Thermal Source,GF_WB_1337
27.4706_95.4237_2023-10-21_2020_N_VIIRS,Gas Flare / Persistent Thermal Source,GF_WB_1416
18.5881_71.0319_2023-11-12_2101_N20_VIIRS,Gas Flare / Persistent Thermal Source,GF_WB_1329
19.1767_70.9447_2023-11-17_2107_N20_VIIRS,Gas Flare / Persistent Thermal Source,GF_WB_770
15.9640_80.9391_2023-10-25_2049_N_VIIRS,Gas Flare / Persistent Thermal Source,GF_WB_1318
26.0591_93.8921_2023-10-31_1942_N20_VIIRS,Gas Flare / Persistent Thermal Source,GF_WB_1066
27.2651_95.1250_2023-11-02_1955_N_VIIRS,Gas Flare / Persistent Thermal Source,GF_WB_899
19.5693_71.3568_2023-10-14_2144_N20_VIIRS,Gas Flare / Persistent Thermal Source,GF_WB_463
27.5588_96.0406_2023-11-24_1942_N_VIIRS,Gas Flare / Persistent Thermal Source,GF_WB_1422
27.4621_95.4773_2023-10-11_2007_N_VIIRS,Gas Flare / Persistent Thermal Source,GF_WB_1414
19.1780_70.9448_2023-11-23_2145_N_VIIRS,Gas Flare / Persistent Thermal Source,GF_WB_1335
26.6433_79.4794_2023-11-27_2027_N_VIIRS,Gas Flare / Persistent Thermal Source,GF_WB_625
19.3347_72.0192_2023-10-28_2042_N20_VIIRS,Gas Flare / Persistent Thermal Source,GF_WB_1339
25.2998_71.7677_2023-10-30_2053_N_VIIRS,Gas Flare / Persistent Thermal Source,GF_WB_1157
18.9744_71.6241_2023-11-30_2114_N_VIIRS,Gas Flare / Persistent Thermal Source,GF_WB_1332
27.3182_95.2652_2023-10-31_1942_N20_VIIRS,Gas Flare / Persistent Thermal Source,GF_WB_1088
27.6060_95.4032_2023-11-11_1936_N20_VIIRS,Gas Flare / Persistent Thermal Source,GF_WB_754
26.7866_94.6720_2023-09-15_1956_N_VIIRS,Gas Flare / Persistent Thermal Source,GF_WB_1379
26.9887_94.8117_2023-10-22_1911_N20_VIIRS,Gas Flare / Persistent Thermal Source,GF_WB_1384
19.2786_71.4280_2023-11-05_2042_N_VIIRS,Gas Flare / Persistent Thermal Source,GF_WB_685
27.3173_95.2656_2023-09-17_0652_N_VIIRS,Gas Flare / Persistent Thermal Source,GF_WB_1088
19.1780_70.9469_2023-10-29_2114_N_VIIRS,Gas Flare / Persistent Thermal Source,GF_WB_309
19.1789_70.9460_2023-10-03_2101_N_VIIRS,Gas Flare / Persistent Thermal Source,GF_WB_1335
27.3775_95.0891_2023-11-26_1905_N_VIIRS,Gas Flare / Persistent Thermal Source,GF_WB_1193
27.6062_95.4008_2023-11-27_1936_N20_VIIRS,Gas Flare / Persistent Thermal Source,GF_WB_1424
27.5367_95.4010_2023-10-31_1852_N_VIIRS,Gas Flare / Persistent Thermal Source,GF_WB_1420
19.2157_72.1145_2023-10-28_2042_N20_VIIRS,Gas Flare / Persistent Thermal Source,GF_WB_1336
27.4689_95.4242_2023-10-21_2020_N_VIIRS,Gas Flare / Persistent Thermal Source,GF_WB_1305
23.4141_72.3565_2023-11-28_2100_N20_VIIRS,Gas Flare / Persistent Thermal Source,GF_WB_1251
27.6069_95.4012_2023-11-06_1929_N20_VIIRS,Gas Flare / Persistent Thermal Source,GF_WB_1424
27.4705_95.4239_2023-11-26_0639_N_VIIRS,Gas Flare / Persistent Thermal Source,GF_WB_1416
19.1779_70.9471_2023-11-24_2126_N_VIIRS,Gas Flare / Persistent Thermal Source,GF_WB_451
19.3461_71.3043_2023-11-06_2113_N20_VIIRS,Gas Flare / Persistent Thermal Source,GF_WB_590
27.4688_95.4242_2023-11-09_0658_N_VIIRS,Gas Flare / Persistent Thermal Source,GF_WB_660
22.3443_69.8800_2023-11-27_2029_N_VIIRS,Gas Flare / Persistent Thermal Source,GF_WB_1144
19.3715_71.3529_2023-10-28_2042_N20_VIIRS,Gas Flare / Persistent Thermal Source,GF_WB_1341
19.5694_71.3566_2023-10-15_0806_N_VIIRS,Gas Flare / Persistent Thermal Source,GF_WB_179
25.2979_71.7678_2023-11-01_2105_N20_VIIRS,Gas Flare / Persistent Thermal Source,GF_WB_364
27.4699_95.4223_2023-10-15_1942_N20_VIIRS,Gas Flare / Persistent Thermal Source,GF_WB_1416
27.4698_95.4241_2023-11-08_1852_N20_VIIRS,Gas Flare / Persistent Thermal Source,GF_WB_1416
19.3692_71.3541_2023-10-27_2100_N20_VIIRS,Gas Flare / Persistent Thermal Source,GF_WB_1031
26.7929_94.6911_2023-11-14_1930_N_VIIRS,Gas Flare / Persistent Thermal Source,GF_WB_893
19.2830_71.4344_2023-11-29_2132_N_VIIRS,Gas Flare / Persistent Thermal Source,GF_WB_1338
27.3172_95.2658_2023-10-19_0652_N_VIIRS,Gas Flare / Persistent Thermal Source,GF_WB_1088
27.4704_95.4224_2023-11-15_0645_N_VIIRS,Gas Flare / Persistent Thermal Source,GF_WB_1416
20.9625_86.0070_2023-10-14_2053_N_VIIRS,Gas Flare / Persistent Thermal Source,GF_WB_325
18.5765_72.2418_2023-11-26_0728_N20_VIIRS,Gas Flare / Persistent Thermal Source,GF_WB_855
19.2821_71.4367_2023-11-26_2049_N_VIIRS,Gas Flare / Persistent Thermal Source,GF_WB_863
26.9886_94.8106_2023-10-20_1859_N_VIIRS,Gas Flare / Persistent Thermal Source,GF_WB_1384
27.5344_95.4007_2023-10-27_2007_N_VIIRS,Gas Flare / Persistent Thermal Source,GF_WB_1308
19.3473_71.3040_2023-10-07_2126_N_VIIRS,Gas Flare / Persistent Thermal Source,GF_WB_316
27.4696_95.4220_2023-11-13_0723_N_VIIRS,Gas Flare / Persistent Thermal Source,GF_WB_841
23.4062_72.4190_2023-11-18_2137_N_VIIRS,Gas Flare / Persistent Thermal Source,GF_WB_1250
27.0332_94.8904_2023-10-19_0652_N_VIIRS,Gas Flare / Persistent Thermal Source,GF_WB_1385
19.1783_70.9448_2023-11-02_2048_N20_VIIRS,Gas Flare / Persistent Thermal Source,GF_WB_1335
27.3173_95.2655_2023-10-18_1845_N20_VIIRS,Gas Flare / Persistent Thermal Source,GF_WB_1088
19.3465_71.3041_2023-11-11_2030_N_VIIRS,Gas Flare / Persistent Thermal Source,GF_WB_590
27.5358_95.4015_2023-09-16_1937_N_VIIRS,Gas Flare / Persistent Thermal Source,GF_WB_1308
15.9617_80.9387_2023-11-18_2049_N20_VIIRS,Gas Flare / Persistent Thermal Source,GF_WB_850
19.1790_70.9455_2023-10-18_2120_N_VIIRS,Gas Flare / Persistent Thermal Source,GF_WB_1335
27.6070_95.4021_2023-10-22_2001_N_VIIRS,Gas Flare / Persistent Thermal Source,GF_WB_1424
27.3179_95.2680_2023-10-29_1930_N_VIIRS,Gas Flare / Persistent Thermal Source,GF_WB_825
22.3414_69.8718_2023-11-23_0736_N_VIIRS,Gas Flare / Persistent Thermal Source,GF_WB_1048
20.9642_86.0068_2023-10-11_2010_N_VIIRS,Gas Flare / Persistent Thermal Source,GF_WB_325
19.5297_71.2988_2023-11-18_2048_N20_VIIRS,Gas Flare / Persistent Thermal Source,GF_WB_1343
18.5885_71.0316_2023-10-11_2101_N20_VIIRS,Gas Flare / Persistent Thermal Source,GF_WB_676
18.7059_72.3420_2023-10-09_1958_N20_VIIRS,Gas Flare / Persistent Thermal Source,GF_WB_581
23.4156_72.3567_2023-10-26_2028_N_VIIRS,Gas Flare / Persistent Thermal Source,GF_WB_1052
22.3423_69.8671_2023-10-25_0819_N_VIIRS,Gas Flare / Persistent Thermal Source,GF_WB_1142
27.4605_95.4778_2023-11-05_1859_N_VIIRS,Gas Flare / Persistent Thermal Source,GF_WB_1100
27.5594_96.0405_2023-11-10_1905_N_VIIRS,Gas Flare / Persistent Thermal Source,GF_WB_1422
22.3434_69.8661_2023-11-17_2106_N20_VIIRS,Gas Flare / Persistent Thermal Source,GF_WB_1142
27.4629_95.4760_2023-11-23_1911_N20_VIIRS,Gas Flare / Persistent Thermal Source,GF_WB_1414
25.2999_71.7649_2023-11-10_1956_N20_VIIRS,Gas Flare / Persistent Thermal Source,GF_WB_1365
19.1781_70.9447_2023-10-22_2054_N20_VIIRS,Gas Flare / Persistent Thermal Source,GF_WB_1335
26.8088_94.6952_2023-10-26_1846_N_VIIRS,Gas Flare / Persistent Thermal Source,GF_WB_814
26.7946_94.6908_2023-11-06_1930_N20_VIIRS,Gas Flare / Persistent Thermal Source,GF_WB_813
19.3339_72.0191_2023-10-17_2048_N20_VIIRS,Gas Flare / Persistent Thermal Source,GF_WB_1339
27.6045_95.4009_2023-10-30_1911_N_VIIRS,Gas Flare / Persistent Thermal Source,GF_WB_1012
19.1781_70.9466_2023-11-20_2101_N_VIIRS,Gas Flare / Persistent Thermal Source,GF_WB_25
19.5697_71.3564_2023-10-11_0921_N_VIIRS,Gas Flare / Persistent Thermal Source,GF_WB_37
27.4623_95.4773_2023-11-07_2001_N_VIIRS,Gas Flare / Persistent Thermal Source,GF_WB_1414
27.4682_95.4240_2023-10-17_1904_N20_VIIRS,Gas Flare / Persistent Thermal Source,GF_WB_660
22.3439_69.8791_2023-11-20_0832_N_VIIRS,Gas Flare / Persistent Thermal Source,GF_WB_1144
15.9618_80.9377_2023-09-15_2049_N20_VIIRS,Gas Flare / Persistent Thermal Source,GF_WB_760
19.3461_71.3056_2023-11-23_2004_N_VIIRS,Gas Flare / Persistent Thermal Source,GF_WB_590
18.9728_71.6231_2023-10-24_2107_N_VIIRS,Gas Flare / Persistent Thermal Source,GF_WB_1224
26.7942_94.6912_2023-11-11_1936_N20_VIIRS,Gas Flare / Persistent Thermal Source,GF_WB_813
18.9748_71.6226_2023-09-17_2102_N_VIIRS,Gas Flare / Persistent Thermal Source,GF_WB_1332
25.2991_71.7695_2023-11-20_2059_N_VIIRS,Gas Flare / Persistent Thermal Source,GF_WB_882
19.1787_70.9463_2023-11-15_2055_N_VIIRS,Gas Flare / Persistent Thermal Source,GF_WB_1335
19.3699_71.3550_2023-10-31_2036_N_VIIRS,Gas Flare / Persistent Thermal Source,GF_WB_1131
27.3178_95.2650_2023-10-30_0645_N_VIIRS,Gas Flare / Persistent Thermal Source,GF_WB_1088
27.3180_95.2650_2023-10-27_2008_N_VIIRS,Gas Flare / Persistent Thermal Source,GF_WB_1088
23.6290_86.2936_2023-11-02_1957_N_VIIRS,Gas Flare / Persistent Thermal Source,GF_WB_359
26.0608_93.8931_2023-11-02_1905_N20_VIIRS,Gas Flare / Persistent Thermal Source,GF_WB_1370
27.6059_95.4034_2023-11-02_0639_N20_VIIRS,Gas Flare / Persistent Thermal Source,GF_WB_754
19.1777_70.9447_2023-11-10_2049_N_VIIRS,Gas Flare / Persistent Thermal Source,GF_WB_584
19.5288_71.2988_2023-11-18_0728_N_VIIRS,Gas Flare / Persistent Thermal Source,GF_WB_1343
27.4695_95.4240_2023-11-12_1917_N20_VIIRS,Gas Flare / Persistent Thermal Source,GF_WB_1416
18.9737_71.6247_2023-10-22_2054_N20_VIIRS,Gas Flare / Persistent Thermal Source,GF_WB_1224
19.2788_71.4271_2023-11-17_2107_N20_VIIRS,Gas Flare / Persistent Thermal Source,GF_WB_172
19.1761_70.9450_2023-11-21_2132_N20_VIIRS,Gas Flare / Persistent Thermal Source,GF_WB_770
25.2996_71.7689_2023-11-17_2156_N_VIIRS,Gas Flare / Persistent Thermal Source,GF_WB_801
23.6323_86.2994_2023-10-23_1944_N_VIIRS,Gas Flare / Persistent Thermal Source,GF_WB_613
27.2679_95.1239_2023-11-04_1918_N_VIIRS,Gas Flare / Persistent Thermal Source,GF_WB_1393
27.4701_95.4242_2023-11-19_0620_N20_VIIRS,Gas Flare / Persistent Thermal Source,GF_WB_1416
25.3008_71.7666_2023-10-22_2052_N20_VIIRS,Gas Flare / Persistent Thermal Source,GF_WB_1365
18.9733_71.6229_2023-10-31_2036_N_VIIRS,Gas Flare / Persistent Thermal Source,GF_WB_1224
23.6677_86.9237_2023-11-29_1950_N_VIIRS,Gas Flare / Persistent Thermal Source,GF_WB_614
26.0635_93.9285_2023-11-21_1859_N_VIIRS,Gas Flare / Persistent Thermal Source,GF_WB_974
19.2159_72.1156_2023-10-17_1958_N_VIIRS,Gas Flare / Persistent Thermal Source,GF_WB_1336
27.6042_95.4034_2023-10-26_1935_N20_VIIRS,Gas Flare / Persistent Thermal Source,GF_WB_1109
26.7842_94.6715_2023-10-14_1911_N_VIIRS,Gas Flare / Persistent Thermal Source,GF_WB_982
19.3723_71.3542_2023-10-11_2151_N_VIIRS,Gas Flare / Persistent Thermal Source,GF_WB_1341
27.4617_95.4776_2023-10-22_1910_N20_VIIRS,Gas Flare / Persistent Thermal Source,GF_WB_1199
19.3703_71.3551_2023-11-07_2054_N20_VIIRS,Gas Flare / Persistent Thermal Source,GF_WB_1131
19.3336_72.0191_2023-11-18_2048_N20_VIIRS,Gas Flare / Persistent Thermal Source,GF_WB_457
27.4697_95.4242_2023-11-18_1955_N_VIIRS,Gas Flare / Persistent Thermal Source,GF_WB_1416
27.6047_95.4007_2023-11-01_1923_N20_VIIRS,Gas Flare / Persistent Thermal Source,GF_WB_1012
19.3723_71.3541_2023-10-12_2042_N20_VIIRS,Gas Flare / Persistent Thermal Source,GF_WB_1341
19.3693_71.3546_2023-11-16_0856_N20_VIIRS,Gas Flare / Persistent Thermal Source,GF_WB_1031
27.3173_95.2678_2023-10-30_1911_N_VIIRS,Gas Flare / Persistent Thermal Source,GF_WB_825
16.3605_81.2829_2023-11-30_1933_N_VIIRS,Gas Flare / Persistent Thermal Source,GF_WB_1319
19.3713_71.3528_2023-10-08_2107_N_VIIRS,Gas Flare / Persistent Thermal Source,GF_WB_1341
27.4596_95.4762_2023-11-14_1930_N_VIIRS,Gas Flare / Persistent Thermal Source,GF_WB_659
27.5368_95.4012_2023-11-02_1904_N20_VIIRS,Gas Flare / Persistent Thermal Source,GF_WB_1420
18.5893_71.0312_2023-11-17_2107_N20_VIIRS,Gas Flare / Persistent Thermal Source,GF_WB_676
26.6410_79.4779_2023-11-21_2040_N_VIIRS,Gas Flare / Persistent Thermal Source,GF_WB_374
19.3326_72.0212_2023-11-11_0849_N20_VIIRS,Gas Flare / Persistent Thermal Source,GF_WB_1233
25.3003_71.7667_2023-11-02_2046_N20_VIIRS,Gas Flare / Persistent Thermal Source,GF_WB_1365
19.5289_71.2987_2023-11-02_2048_N20_VIIRS,Gas Flare / Persistent Thermal Source,GF_WB_1343
22.3439_69.8812_2023-09-27_0845_N_VIIRS,Gas Flare / Persistent Thermal Source,GF_WB_957
27.5352_95.3990_2023-10-13_1839_N20_VIIRS,Gas Flare / Persistent Thermal Source,GF_WB_1105
18.9743_71.6223_2023-11-29_0812_N20_VIIRS,Gas Flare / Persistent Thermal Source,GF_WB_1332
18.9732_71.6249_2023-11-16_0806_N_VIIRS,Gas Flare / Persistent Thermal Source,GF_WB_1224
22.3433_69.8667_2023-09-28_2144_N20_VIIRS,Gas Flare / Persistent Thermal Source,GF_WB_1142
27.6070_95.4012_2023-10-29_1839_N20_VIIRS,Gas Flare / Persistent Thermal Source,GF_WB_1424
27.6067_95.4026_2023-11-03_1936_N_VIIRS,Gas Flare / Persistent Thermal Source,GF_WB_1424
15.9639_80.9394_2023-10-23_2036_N20_VIIRS,Gas Flare / Persistent Thermal Source,GF_WB_1016
20.9629_86.0061_2023-10-18_2028_N20_VIIRS,Gas Flare / Persistent Thermal Source,GF_WB_325
23.4136_72.3550_2023-11-27_2028_N_VIIRS,Gas Flare / Persistent Thermal Source,GF_WB_796
27.4612_95.4755_2023-11-29_1949_N_VIIRS,Gas Flare / Persistent Thermal Source,GF_WB_271
19.3331_72.0214_2023-11-15_2055_N_VIIRS,Gas Flare / Persistent Thermal Source,GF_WB_1233
27.4679_95.4237_2023-11-04_0601_N20_VIIRS,Gas Flare / Persistent Thermal Source,GF_WB_660
26.6431_79.4787_2023-11-11_2027_N_VIIRS,Gas Flare / Persistent Thermal Source,GF_WB_625
18.5881_71.0317_2023-11-02_2048_N20_VIIRS,Gas Flare / Persistent Thermal Source,GF_WB_1329
27.3772_95.0895_2023-10-22_2001_N_VIIRS,Gas Flare / Persistent Thermal Source,GF_WB_1193
27.5358_95.4018_2023-11-05_1859_N_VIIRS,Gas Flare / Persistent Thermal Source,GF_WB_1308
27.4694_95.4218_2023-11-24_1852_N20_VIIRS,Gas Flare / Persistent Thermal Source,GF_WB_841
27.6071_95.4012_2023-11-15_1911_N_VIIRS,Gas Flare / Persistent Thermal Source,GF_WB_1424
18.9724_71.6233_2023-10-29_2114_N_VIIRS,Gas Flare / Persistent Thermal Source,GF_WB_1224
26.0592_93.8945_2023-11-29_1949_N_VIIRS,Gas Flare / Persistent Thermal Source,GF_WB_1263
27.3777_95.0870_2023-11-06_1840_N_VIIRS,Gas Flare / Persistent Thermal Source,GF_WB_1405
27.5372_95.3996_2023-10-30_2001_N20_VIIRS,Gas Flare / Persistent Thermal Source,GF_WB_1420
19.3711_71.3529_2023-10-01_2048_N20_VIIRS,Gas Flare / Persistent Thermal Source,GF_WB_1341
26.0580_93.8922_2023-10-10_1846_N_VIIRS,Gas Flare / Persistent Thermal Source,GF_WB_806
23.4159_72.3563_2023-10-27_2059_N20_VIIRS,Gas Flare / Persistent Thermal Source,GF_WB_1358
26.0594_93.8920_2023-11-30_1930_N_VIIRS,Gas Flare / Persistent Thermal Source,GF_WB_1066
22.3406_69.8675_2023-11-17_0838_N20_VIIRS,Gas Flare / Persistent Thermal Source,GF_WB_956
27.4678_95.4236_2023-11-19_1936_N_VIIRS,Gas Flare / Persistent Thermal Source,GF_WB_660
27.3773_95.0894_2023-11-21_1859_N_VIIRS,Gas Flare / Persistent Thermal Source,GF_WB_1193
27.4701_95.4221_2023-11-13_1949_N_VIIRS,Gas Flare / Persistent Thermal Source,GF_WB_1416
23.4083_72.4173_2023-11-02_2137_N_VIIRS,Gas Flare / Persistent Thermal Source,GF_WB_1357
18.9751_71.6227_2023-10-10_2030_N_VIIRS,Gas Flare / Persistent Thermal Source,GF_WB_1332
23.4071_72.4179_2023-11-22_2022_N_VIIRS,Gas Flare / Persistent Thermal Source,GF_WB_1357
26.9887_94.8121_2023-10-27_2008_N_VIIRS,Gas Flare / Persistent Thermal Source,GF_WB_1384
19.1788_70.9448_2023-10-15_2036_N_VIIRS,Gas Flare / Persistent Thermal Source,GF_WB_1335
21.7868_72.1274_2023-10-09_2138_N20_VIIRS,Gas Flare / Persistent Thermal Source,GF_WB_789
18.5860_71.0319_2023-11-16_2036_N_VIIRS,Gas Flare / Persistent Thermal Source,GF_WB_930
25.2995_71.7660_2023-11-18_2046_N20_VIIRS,Gas Flare / Persistent Thermal Source,GF_WB_1365
19.3722_71.3531_2023-10-05_2113_N20_VIIRS,Gas Flare / Persistent Thermal Source,GF_WB_1341
19.3474_71.3039_2023-10-07_2036_N20_VIIRS,Gas Flare / Persistent Thermal Source,GF_WB_174
27.4377_95.3770_2023-10-30_2001_N20_VIIRS,Gas Flare / Persistent Thermal Source,GF_WB_656
20.9626_86.0063_2023-11-21_2041_N_VIIRS,Gas Flare / Persistent Thermal Source,GF_WB_41
18.9742_71.6243_2023-11-20_2101_N_VIIRS,Gas Flare / Persistent Thermal Source,GF_WB_1332
25.2979_71.7695_2023-10-08_2106_N_VIIRS,Gas Flare / Persistent Thermal Source,GF_WB_882
26.7840_94.6727_2023-10-29_1930_N_VIIRS,Gas Flare / Persistent Thermal Source,GF_WB_892
16.5510_82.5938_2023-11-03_2029_N20_VIIRS,Gas Flare / Persistent Thermal Source,GF_WB_1215
27.4710_95.4230_2023-10-21_1929_N20_VIIRS,Gas Flare / Persistent Thermal Source,GF_WB_1416
27.4706_95.4240_2023-11-04_1917_N_VIIRS,Gas Flare / Persistent Thermal Source,GF_WB_1416
27.5574_96.0384_2023-11-18_1904_N20_VIIRS,Gas Flare / Persistent Thermal Source,GF_WB_663
26.0592_93.8919_2023-11-09_1924_N_VIIRS,Gas Flare / Persistent Thermal Source,GF_WB_1066
19.3483_71.3042_2023-11-11_2030_N_VIIRS,Gas Flare / Persistent Thermal Source,GF_WB_1340
18.5760_72.2413_2023-11-08_0805_N20_VIIRS,Gas Flare / Persistent Thermal Source,GF_WB_1021
26.6425_79.4807_2023-10-26_2117_N20_VIIRS,Gas Flare / Persistent Thermal Source,GF_WB_625
19.5289_71.3006_2023-10-04_2042_N_VIIRS,Gas Flare / Persistent Thermal Source,GF_WB_1343
27.5585_96.0387_2023-10-27_1917_N20_VIIRS,Gas Flare / Persistent Thermal Source,GF_WB_1422
27.6059_95.4035_2023-11-14_1930_N_VIIRS,Gas Flare / Persistent Thermal Source,GF_WB_754
20.9640_86.0078_2023-10-17_1957_N_VIIRS,Gas Flare / Persistent Thermal Source,GF_WB_325
27.3181_95.2649_2023-11-30_2020_N20_VIIRS,Gas Flare / Persistent Thermal Source,GF_WB_1088
27.4625_95.4753_2023-11-10_1905_N_VIIRS,Gas Flare / Persistent Thermal Source,GF_WB_1414
18.9745_71.6222_2023-11-14_2114_N_VIIRS,Gas Flare / Persistent Thermal Source,GF_WB_1332
18.9737_71.6224_2023-10-09_2049_N_VIIRS,Gas Flare / Persistent Thermal Source,GF_WB_1332
27.3308_95.3256_2023-10-31_1942_N20_VIIRS,Gas Flare / Persistent Thermal Source,GF_WB_1398
27.6070_95.4009_2023-09-26_1858_N20_VIIRS,Gas Flare / Persistent Thermal Source,GF_WB_1424
27.3193_95.2672_2023-11-23_1911_N20_VIIRS,Gas Flare / Persistent Thermal Source,GF_WB_533
27.3169_95.2668_2023-09-15_1905_N20_VIIRS,Gas Flare / Persistent Thermal Source,GF_WB_825
27.3184_95.2649_2023-11-20_1827_N20_VIIRS,Gas Flare / Persistent Thermal Source,GF_WB_1088
23.4142_72.3569_2023-10-29_2112_N_VIIRS,Gas Flare / Persistent Thermal Source,GF_WB_1251
21.7396_73.0122_2023-10-07_2035_N20_VIIRS,Gas Flare / Persistent Thermal Source,GF_WB_1243
26.6417_79.4774_2023-10-21_2021_N_VIIRS,Gas Flare / Persistent Thermal Source,GF_WB_90
22.3445_69.8797_2023-11-28_2100_N20_VIIRS,Gas Flare / Persistent Thermal Source,GF_WB_1144
18.9727_71.6248_2023-10-23_0805_N20_VIIRS,Gas Flare / Persistent Thermal Source,GF_WB_1224
26.0606_93.8926_2023-10-17_1905_N20_VIIRS,Gas Flare / Persistent Thermal Source,GF_WB_1370
19.3721_71.3530_2023-11-26_2049_N_VIIRS,Gas Flare / Persistent Thermal Source,GF_WB_1341
25.2997_71.7689_2023-11-05_2130_N20_VIIRS,Gas Flare / Persistent Thermal Source,GF_WB_801
19.2836_71.4362_2023-10-08_2107_N_VIIRS,Gas Flare / Persistent Thermal Source,GF_WB_1338
18.9753_71.6234_2023-10-15_2036_N_VIIRS,Gas Flare / Persistent Thermal Source,GF_WB_1332
27.4709_95.4227_2023-10-27_1827_N_VIIRS,Gas Flare / Persistent Thermal Source,GF_WB_1416
27.5347_95.3989_2023-11-11_1936_N20_VIIRS,Gas Flare / Persistent Thermal Source,GF_WB_1105
27.4703_95.4243_2023-11-23_2001_N_VIIRS,Gas Flare / Persistent Thermal Source,GF_WB_1416
27.3170_95.2657_2023-10-21_1840_N_VIIRS,Gas Flare / Persistent Thermal Source,GF_WB_1088
20.9632_86.0059_2023-10-20_2041_N_VIIRS,Gas Flare / Persistent Thermal Source,GF_WB_467
23.4088_72.4175_2023-11-24_2034_N20_VIIRS,Gas Flare / Persistent Thermal Source,GF_WB_1357
19.3696_71.3529_2023-10-17_0818_N20_VIIRS,Gas Flare / Persistent Thermal Source,GF_WB_779
26.6436_79.4796_2023-11-03_2027_N20_VIIRS,Gas Flare / Persistent Thermal Source,GF_WB_625
19.1790_70.9463_2023-11-21_2132_N20_VIIRS,Gas Flare / Persistent Thermal Source,GF_WB_1335
19.2811_71.4352_2023-10-30_0825_N_VIIRS,Gas Flare / Persistent Thermal Source,GF_WB_775
27.3782_95.0891_2023-10-11_1917_N20_VIIRS,Gas Flare / Persistent Thermal Source,GF_WB_1405
27.6069_95.4025_2023-10-27_1917_N20_VIIRS,Gas Flare / Persistent Thermal Source,GF_WB_1424
27.3777_95.0892_2023-11-19_1936_N_VIIRS,Gas Flare / Persistent Thermal Source,GF_WB_1193
25.2991_71.7697_2023-11-21_2041_N_VIIRS,Gas Flare / Persistent Thermal Source,GF_WB_882
26.6434_79.4789_2023-09-26_2040_N20_VIIRS,Gas Flare / Persistent Thermal Source,GF_WB_625
27.3184_95.2649_2023-10-29_2019_N20_VIIRS,Gas Flare / Persistent Thermal Source,GF_WB_1088
27.3778_95.0892_2023-10-30_1911_N_VIIRS,Gas Flare / Persistent Thermal Source,GF_WB_1193
23.4148_72.3544_2023-11-23_2144_N_VIIRS,Gas Flare / Persistent Thermal Source,GF_WB_796
22.3444_69.8794_2023-11-29_2041_N20_VIIRS,Gas Flare / Persistent Thermal Source,GF_WB_1144
19.2841_71.4344_2023-10-19_2101_N_VIIRS,Gas Flare / Persistent Thermal Source,GF_WB_1338
26.6428_79.4808_2023-10-19_2059_N_VIIRS,Gas Flare / Persistent Thermal Source,GF_WB_625
19.3719_71.3528_2023-10-30_2055_N_VIIRS,Gas Flare / Persistent Thermal Source,GF_WB_1341
19.1762_70.9472_2023-10-20_2042_N_VIIRS,Gas Flare / Persistent Thermal Source,GF_WB_167
27.4702_95.4220_2023-11-10_1905_N_VIIRS,Gas Flare / Persistent Thermal Source,GF_WB_1416
22.3436_69.8659_2023-10-25_0819_N_VIIRS,Gas Flare / Persistent Thermal Source,GF_WB_1142
19.5294_71.3007_2023-11-15_2055_N_VIIRS,Gas Flare / Persistent Thermal Source,GF_WB_1343
20.9644_86.0069_2023-11-26_1957_N20_VIIRS,Gas Flare / Persistent Thermal Source,GF_WB_41
18.9743_71.6222_2023-11-28_2101_N20_VIIRS,Gas Flare / Persistent Thermal Source,GF_WB_1332
27.4681_95.4222_2023-11-03_1936_N_VIIRS,Gas Flare / Persistent Thermal Source,GF_WB_1005
19.3690_71.3544_2023-10-31_2125_N20_VIIRS,Gas Flare / Persistent Thermal Source,GF_WB_1031
27.5577_96.0383_2023-11-18_1955_N_VIIRS,Gas Flare / Persistent Thermal Source,GF_WB_663
18.9729_71.6228_2023-11-05_2042_N_VIIRS,Gas Flare / Persistent Thermal Source,GF_WB_1224
27.3786_95.0890_2023-11-10_1955_N20_VIIRS,Gas Flare / Persistent Thermal Source,GF_WB_1405
18.7071_72.3439_2023-10-09_2138_N20_VIIRS,Gas Flare / Persistent Thermal Source,GF_WB_1330
19.3724_71.3543_2023-10-28_2132_N_VIIRS,Gas Flare / Persistent Thermal Source,GF_WB_1341
19.2821_71.4369_2023-10-09_0908_N20_VIIRS,Gas Flare / Persistent Thermal Source,GF_WB_863
25.2991_71.7698_2023-10-28_2131_N_VIIRS,Gas Flare / Persistent Thermal Source,GF_WB_882
19.3715_71.3526_2023-11-03_2120_N_VIIRS,Gas Flare / Persistent Thermal Source,GF_WB_1341
22.3440_69.8730_2023-09-28_2004_N20_VIIRS,Gas Flare / Persistent Thermal Source,GF_WB_1354
19.5301_71.2989_2023-10-09_2048_N_VIIRS,Gas Flare / Persistent Thermal Source,GF_WB_1343
26.6436_79.4797_2023-10-21_2110_N20_VIIRS,Gas Flare / Persistent Thermal Source,GF_WB_625
26.6420_79.4774_2023-11-11_2117_N20_VIIRS,Gas Flare / Persistent Thermal Source,GF_WB_90
23.6306_86.2926_2023-10-30_2002_N20_VIIRS,Gas Flare / Persistent Thermal Source,GF_WB_359
27.3193_95.2663_2023-11-24_1852_N20_VIIRS,Gas Flare / Persistent Thermal Source,GF_WB_391
18.5888_71.0333_2023-11-28_2101_N20_VIIRS,Gas Flare / Persistent Thermal Source,GF_WB_676
18.9721_71.6240_2023-10-27_2011_N_VIIRS,Gas Flare / Persistent Thermal Source,GF_WB_1224
26.8112_94.6942_2023-10-28_1949_N_VIIRS,Gas Flare / Persistent Thermal Source,GF_WB_1381
19.2816_71.4368_2023-11-21_0812_N_VIIRS,Gas Flare / Persistent Thermal Source,GF_WB_863
18.9721_71.6240_2023-10-30_0825_N_VIIRS,Gas Flare / Persistent Thermal Source,GF_WB_1224
18.9736_71.6225_2023-11-18_2139_N_VIIRS,Gas Flare / Persistent Thermal Source,GF_WB_1332
19.3457_71.3044_2023-11-10_0818_N_VIIRS,Gas Flare / Persistent Thermal Source,GF_WB_590
19.2790_71.4256_2023-11-08_2035_N20_VIIRS,Gas Flare / Persistent Thermal Source,GF_WB_1337
27.5583_96.0385_2023-10-22_1910_N20_VIIRS,Gas Flare / Persistent Thermal Source,GF_WB_560
19.3692_71.3548_2023-10-26_2030_N_VIIRS,Gas Flare / Persistent Thermal Source,GF_WB_1031
27.3773_95.0896_2023-11-18_1955_N_VIIRS,Gas Flare / Persistent Thermal Source,GF_WB_1193
27.5346_95.3989_2023-11-13_1949_N_VIIRS,Gas Flare / Persistent Thermal Source,GF_WB_1105
27.3168_95.2672_2023-09-26_1859_N20_VIIRS,Gas Flare / Persistent Thermal Source,GF_WB_825
19.2817_71.4328_2023-10-09_0908_N20_VIIRS,Gas Flare / Persistent Thermal Source,GF_WB_1028
19.3721_71.3529_2023-11-17_2017_N_VIIRS,Gas Flare / Persistent Thermal Source,GF_WB_1341
27.5371_95.4012_2023-10-17_1904_N20_VIIRS,Gas Flare / Persistent Thermal Source,GF_WB_1420
27.4711_95.4232_2023-11-12_1827_N_VIIRS,Gas Flare / Persistent Thermal Source,GF_WB_1416
19.1757_70.9456_2023-11-21_2042_N_VIIRS,Gas Flare / Persistent Thermal Source,GF_WB_934
19.3473_71.3071_2023-10-06_2145_N_VIIRS,Gas Flare / Persistent Thermal Source,GF_WB_1030
19.3711_71.3549_2023-10-20_2132_N20_VIIRS,Gas Flare / Persistent Thermal Source,GF_WB_1341
20.9644_86.0081_2023-10-07_1945_N_VIIRS,Gas Flare / Persistent Thermal Source,GF_WB_596
23.4090_72.4177_2023-10-12_2041_N20_VIIRS,Gas Flare / Persistent Thermal Source,GF_WB_1357
19.2789_71.4267_2023-09-19_2024_N_VIIRS,Gas Flare / Persistent Thermal Source,GF_WB_314
19.2844_71.4347_2023-10-30_0825_N_VIIRS,Gas Flare / Persistent Thermal Source,GF_WB_1338
27.5590_96.0410_2023-11-06_1929_N20_VIIRS,Gas Flare / Persistent Thermal Source,GF_WB_1422
27.4707_95.4241_2023-10-11_1917_N20_VIIRS,Gas Flare / Persistent Thermal Source,GF_WB_1416
27.4688_95.4245_2023-11-03_0711_N_VIIRS,Gas Flare / Persistent Thermal Source,GF_WB_1305
27.3785_95.0891_2023-11-23_2001_N_VIIRS,Gas Flare / Persistent Thermal Source,GF_WB_1405
26.7943_94.6914_2023-11-18_1955_N_VIIRS,Gas Flare / Persistent Thermal Source,GF_WB_813
10.7560_79.6717_2023-10-23_2037_N20_VIIRS,Gas Flare / Persistent Thermal Source,GF_WB_569
26.7870_94.6711_2023-11-22_1840_N_VIIRS,Gas Flare / Persistent Thermal Source,GF_WB_1379
18.9750_71.6243_2023-10-23_2126_N_VIIRS,Gas Flare / Persistent Thermal Source,GF_WB_1332
19.3725_71.3535_2023-09-18_0813_N_VIIRS,Gas Flare / Persistent Thermal Source,GF_WB_1341
25.3002_71.7671_2023-11-19_2028_N20_VIIRS,Gas Flare / Persistent Thermal Source,GF_WB_1157
19.3456_71.3053_2023-10-31_2036_N_VIIRS,Gas Flare / Persistent Thermal Source,GF_WB_590
27.4683_95.4244_2023-11-14_0704_N_VIIRS,Gas Flare / Persistent Thermal Source,GF_WB_660
26.0610_93.8932_2023-11-21_1949_N20_VIIRS,Gas Flare / Persistent Thermal Source,GF_WB_1370
18.9734_71.6226_2023-11-21_2042_N_VIIRS,Gas Flare / Persistent Thermal Source,GF_WB_1332
23.4070_72.4180_2023-09-28_2054_N_VIIRS,Gas Flare / Persistent Thermal Source,GF_WB_1357
22.3435_69.8730_2023-11-18_2138_N_VIIRS,Gas Flare / Persistent Thermal Source,GF_WB_1354
27.4709_95.4238_2023-11-15_1911_N_VIIRS,Gas Flare / Persistent Thermal Source,GF_WB_1416
27.0314_94.8880_2023-11-04_2007_N20_VIIRS,Gas Flare / Persistent Thermal Source,GF_WB_1081
19.3473_71.3037_2023-10-09_0818_N_VIIRS,Gas Flare / Persistent Thermal Source,GF_WB_458
19.3693_71.3530_2023-10-13_2113_N_VIIRS,Gas Flare / Persistent Thermal Source,GF_WB_779
27.4700_95.4244_2023-10-26_1846_N_VIIRS,Gas Flare / Persistent Thermal Source,GF_WB_1416
19.5298_71.3007_2023-10-22_2054_N20_VIIRS,Gas Flare / Persistent Thermal Source,GF_WB_1343
19.3709_71.3527_2023-10-26_2119_N20_VIIRS,Gas Flare / Persistent Thermal Source,GF_WB_1341
27.3768_95.0867_2023-10-20_1858_N_VIIRS,Gas Flare / Persistent Thermal Source,GF_WB_1095
22.3400_69.8705_2023-11-28_2010_N_VIIRS,Gas Flare / Persistent Thermal Source,GF_WB_1048
27.3169_95.2660_2023-11-18_0639_N20_VIIRS,Gas Flare / Persistent Thermal Source,GF_WB_1088
23.6310_86.2940_2023-10-30_1913_N_VIIRS,Gas Flare / Persistent Thermal Source,GF_WB_359
18.8010_74.2607_2023-10-27_2011_N_VIIRS,Gas Flare / Persistent Thermal Source,GF_WB_1222
27.0298_94.8903_2023-10-11_0601_N_VIIRS,Gas Flare / Persistent Thermal Source,GF_WB_635
18.9754_71.6229_2023-11-23_2055_N20_VIIRS,Gas Flare / Persistent Thermal Source,GF_WB_1332
27.5346_95.3988_2023-11-09_1924_N_VIIRS,Gas Flare / Persistent Thermal Source,GF_WB_1105
26.7951_94.6911_2023-11-28_1917_N20_VIIRS,Gas Flare / Persistent Thermal Source,GF_WB_1380
23.4147_72.3542_2023-11-11_2029_N_VIIRS,Gas Flare / Persistent Thermal Source,GF_WB_796
25.3000_71.7686_2023-10-11_2059_N20_VIIRS,Gas Flare / Persistent Thermal Source,GF_WB_1061
19.1780_70.9444_2023-11-06_2113_N20_VIIRS,Gas Flare / Persistent Thermal Source,GF_WB_1335
19.1792_70.9461_2023-11-21_2042_N_VIIRS,Gas Flare / Persistent Thermal Source,GF_WB_1335
19.1781_70.9476_2023-10-30_0914_N20_VIIRS,Gas Flare / Persistent Thermal Source,GF_WB_309
23.4092_72.4180_2023-10-12_2131_N_VIIRS,Gas Flare / Persistent Thermal Source,GF_WB_1357
19.3723_71.3529_2023-10-25_2049_N_VIIRS,Gas Flare / Persistent Thermal Source,GF_WB_1341
19.3722_71.3529_2023-11-28_2101_N20_VIIRS,Gas Flare / Persistent Thermal Source,GF_WB_1341
19.5689_71.3567_2023-10-12_2132_N_VIIRS,Gas Flare / Persistent Thermal Source,GF_WB_463
25.2988_71.7661_2023-11-10_2136_N20_VIIRS,Gas Flare / Persistent Thermal Source,GF_WB_1257
27.4692_95.4215_2023-11-26_1955_N20_VIIRS,Gas Flare / Persistent Thermal Source,GF_WB_841
18.9746_71.6221_2023-11-16_2126_N20_VIIRS,Gas Flare / Persistent Thermal Source,GF_WB_1332
19.1782_70.9475_2023-10-18_2120_N_VIIRS,Gas Flare / Persistent Thermal Source,GF_WB_25
19.3691_71.3532_2023-10-10_0759_N_VIIRS,Gas Flare / Persistent Thermal Source,GF_WB_779
26.6435_79.4803_2023-10-13_2021_N20_VIIRS,Gas Flare / Persistent Thermal Source,GF_WB_625
19.2826_71.4342_2023-11-07_2054_N20_VIIRS,Gas Flare / Persistent Thermal Source,GF_WB_1338
27.3190_95.2653_2023-10-19_2007_N20_VIIRS,Gas Flare / Persistent Thermal Source,GF_WB_1088
18.9755_71.6233_2023-11-30_2023_N20_VIIRS,Gas Flare / Persistent Thermal Source,GF_WB_1332
23.5432_72.4070_2023-10-11_2100_N20_VIIRS,Gas Flare / Persistent Thermal Source,GF_WB_964
27.4709_95.4223_2023-11-21_1948_N20_VIIRS,Gas Flare / Persistent Thermal Source,GF_WB_1416
22.3449_69.8746_2023-11-27_2029_N_VIIRS,Gas Flare / Persistent Thermal Source,GF_WB_1354
27.3771_95.0898_2023-11-09_1924_N_VIIRS,Gas Flare / Persistent Thermal Source,GF_WB_1193
19.3700_71.3526_2023-11-10_2049_N_VIIRS,Gas Flare / Persistent Thermal Source,GF_WB_175
18.9749_71.6222_2023-11-14_2023_N20_VIIRS,Gas Flare / Persistent Thermal Source,GF_WB_1332
19.3702_71.3554_2023-10-06_0824_N20_VIIRS,Gas Flare / Persistent Thermal Source,GF_WB_1131
19.3713_71.3550_2023-10-22_2054_N20_VIIRS,Gas Flare / Persistent Thermal Source,GF_WB_1341
15.9634_80.9372_2023-11-17_2018_N_VIIRS,Gas Flare / Persistent Thermal Source,GF_WB_760
26.0576_93.8940_2023-11-14_1930_N_VIIRS,Gas Flare / Persistent Thermal Source,GF_WB_887
18.9736_71.6223_2023-10-05_2113_N20_VIIRS,Gas Flare / Persistent Thermal Source,GF_WB_1332
19.3464_71.3071_2023-11-08_0856_N_VIIRS,Gas Flare / Persistent Thermal Source,GF_WB_1030
19.3688_71.3542_2023-09-18_0813_N_VIIRS,Gas Flare / Persistent Thermal Source,GF_WB_1031
27.4692_95.4214_2023-11-02_1955_N_VIIRS,Gas Flare / Persistent Thermal Source,GF_WB_841
27.4689_95.4215_2023-10-14_1911_N_VIIRS,Gas Flare / Persistent Thermal Source,GF_WB_841
18.9720_71.6237_2023-11-05_2132_N20_VIIRS,Gas Flare / Persistent Thermal Source,GF_WB_1224
27.5360_95.4018_2023-10-14_1911_N_VIIRS,Gas Flare / Persistent Thermal Source,GF_WB_1308
19.5694_71.3561_2023-10-14_0825_N_VIIRS,Gas Flare / Persistent Thermal Source,GF_WB_37
19.3707_71.3526_2023-10-09_2048_N_VIIRS,Gas Flare / Persistent Thermal Source,GF_WB_33
27.3187_95.2649_2023-11-12_1827_N_VIIRS,Gas Flare / Persistent Thermal Source,GF_WB_1088
18.9720_71.6236_2023-10-13_2114_N_VIIRS,Gas Flare / Persistent Thermal Source,GF_WB_1224
23.6668_86.9218_2023-10-11_2009_N_VIIRS,Gas Flare / Persistent Thermal Source,GF_WB_614
23.6281_86.2892_2023-11-20_2009_N20_VIIRS,Gas Flare / Persistent Thermal Source,GF_WB_612
27.6066_95.4004_2023-11-14_2019_N20_VIIRS,Gas Flare / Persistent Thermal Source,GF_WB_1424
18.9739_71.6221_2023-09-22_2108_N_VIIRS,Gas Flare / Persistent Thermal Source,GF_WB_1332
20.9628_86.0081_2023-09-28_2003_N20_VIIRS,Gas Flare / Persistent Thermal Source,GF_WB_183
23.6290_86.2892_2023-10-07_1944_N_VIIRS,Gas Flare / Persistent Thermal Source,GF_WB_612
27.6059_95.4039_2023-11-21_1859_N_VIIRS,Gas Flare / Persistent Thermal Source,GF_WB_1109
19.3702_71.3526_2023-11-13_2042_N20_VIIRS,Gas Flare / Persistent Thermal Source,GF_WB_33
19.0684_73.1356_2023-10-16_2107_N20_VIIRS,Gas Flare / Persistent Thermal Source,GF_WB_1226
18.9720_71.6236_2023-11-24_0805_N20_VIIRS,Gas Flare / Persistent Thermal Source,GF_WB_1224
22.3447_69.8798_2023-11-21_0813_N_VIIRS,Gas Flare / Persistent Thermal Source,GF_WB_1144
22.3423_69.8797_2023-11-24_2125_N_VIIRS,Gas Flare / Persistent Thermal Source,GF_WB_957
27.6040_95.4008_2023-11-29_1949_N_VIIRS,Gas Flare / Persistent Thermal Source,GF_WB_1012
27.4686_95.4215_2023-11-01_1923_N20_VIIRS,Gas Flare / Persistent Thermal Source,GF_WB_841
25.2997_71.7694_2023-10-25_2047_N_VIIRS,Gas Flare / Persistent Thermal Source,GF_WB_882
19.3692_71.3530_2023-10-31_0806_N_VIIRS,Gas Flare / Persistent Thermal Source,GF_WB_779
19.3351_72.0209_2023-11-12_2101_N20_VIIRS,Gas Flare / Persistent Thermal Source,GF_WB_1339
19.1775_70.9442_2023-11-29_2042_N20_VIIRS,Gas Flare / Persistent Thermal Source,GF_WB_584
27.3791_95.0870_2023-11-22_1840_N_VIIRS,Gas Flare / Persistent Thermal Source,GF_WB_1405
19.5263_71.3004_2023-11-18_0909_N_VIIRS,Gas Flare / Persistent Thermal Source,GF_WB_692
27.3785_95.0866_2023-10-16_1833_N_VIIRS,Gas Flare / Persistent Thermal Source,GF_WB_1405
19.3349_72.0188_2023-11-29_2042_N20_VIIRS,Gas Flare / Persistent Thermal Source,GF_WB_1339
18.9732_71.6226_2023-11-22_0843_N20_VIIRS,Gas Flare / Persistent Thermal Source,GF_WB_1224
27.3763_95.0897_2023-10-18_1936_N_VIIRS,Gas Flare / Persistent Thermal Source,GF_WB_1193
27.6057_95.4004_2023-11-12_1917_N20_VIIRS,Gas Flare / Persistent Thermal Source,GF_WB_1424
19.3725_71.3531_2023-10-02_2030_N20_VIIRS,Gas Flare / Persistent Thermal Source,GF_WB_1341
26.9864_94.8098_2023-10-21_1840_N_VIIRS,Gas Flare / Persistent Thermal Source,GF_WB_1080
27.0375_94.8840_2023-11-18_1905_N20_VIIRS,Gas Flare / Persistent Thermal Source,GF_WB_100
23.6305_86.2923_2023-11-08_2034_N20_VIIRS,Gas Flare / Persistent Thermal Source,GF_WB_501
26.7712_94.5070_2023-11-27_1936_N20_VIIRS,Gas Flare / Persistent Thermal Source,GF_WB_1272
26.6437_79.4791_2023-10-16_2015_N_VIIRS,Gas Flare / Persistent Thermal Source,GF_WB_625
21.9076_72.6814_2023-11-06_0754_N_VIIRS,Gas Flare / Persistent Thermal Source,GF_WB_601
26.7872_94.6719_2023-11-23_2001_N_VIIRS,Gas Flare / Persistent Thermal Source,GF_WB_1379
25.3002_71.7683_2023-11-15_2053_N_VIIRS,Gas Flare / Persistent Thermal Source,GF_WB_1061
19.5688_71.3566_2023-09-19_0754_N_VIIRS,Gas Flare / Persistent Thermal Source,GF_WB_37
19.3466_71.3036_2023-10-20_0812_N_VIIRS,Gas Flare / Persistent Thermal Source,GF_WB_590
27.4694_95.4214_2023-10-22_1910_N20_VIIRS,Gas Flare / Persistent Thermal Source,GF_WB_841
19.1766_70.9480_2023-10-03_0831_N_VIIRS,Gas Flare / Persistent Thermal Source,GF_WB_25
27.5372_95.3991_2023-11-01_1923_N20_VIIRS,Gas Flare / Persistent Thermal Source,GF_WB_1420
18.9748_71.6245_2023-11-11_2030_N_VIIRS,Gas Flare / Persistent Thermal Source,GF_WB_1332
22.3436_69.8669_2023-11-28_0832_N20_VIIRS,Gas Flare / Persistent Thermal Source,GF_WB_1142
27.5567_96.0383_2023-11-20_2007_N20_VIIRS,Gas Flare / Persistent Thermal Source,GF_WB_663
27.6074_95.4020_2023-11-26_1905_N_VIIRS,Gas Flare / Persistent Thermal Source,GF_WB_1424
27.6073_95.4023_2023-10-27_2007_N_VIIRS,Gas Flare / Persistent Thermal Source,GF_WB_1424
20.9650_86.0103_2023-10-15_1944_N20_VIIRS,Gas Flare / Persistent Thermal Source,GF_WB_596
19.5689_71.3565_2023-10-20_0812_N_VIIRS,Gas Flare / Persistent Thermal Source,GF_WB_321
27.3758_95.0891_2023-11-29_1949_N_VIIRS,Gas Flare / Persistent Thermal Source,GF_WB_1193
22.3403_69.8652_2023-10-09_2138_N20_VIIRS,Gas Flare / Persistent Thermal Source,GF_WB_956
25.2999_71.7690_2023-11-09_2106_N_VIIRS,Gas Flare / Persistent Thermal Source,GF_WB_801
27.3789_95.0891_2023-11-06_1929_N20_VIIRS,Gas Flare / Persistent Thermal Source,GF_WB_1405
19.2162_72.1158_2023-11-22_2023_N_VIIRS,Gas Flare / Persistent Thermal Source,GF_WB_1336
27.3195_95.2667_2023-11-03_1936_N_VIIRS,Gas Flare / Persistent Thermal Source,GF_WB_107
19.2828_71.4370_2023-10-14_2055_N_VIIRS,Gas Flare / Persistent Thermal Source,GF_WB_588
19.1768_70.9442_2023-11-23_2055_N20_VIIRS,Gas Flare / Persistent Thermal Source,GF_WB_584
27.6070_95.4006_2023-11-10_1954_N20_VIIRS,Gas Flare / Persistent Thermal Source,GF_WB_1424
18.9720_71.6243_2023-11-04_2101_N_VIIRS,Gas Flare / Persistent Thermal Source,GF_WB_1224
27.3201_95.2684_2023-10-22_2001_N_VIIRS,Gas Flare / Persistent Thermal Source,GF_WB_641
27.5357_95.3988_2023-11-23_1911_N20_VIIRS,Gas Flare / Persistent Thermal Source,GF_WB_1105
19.3713_71.3525_2023-11-01_2107_N20_VIIRS,Gas Flare / Persistent Thermal Source,GF_WB_1341
18.9743_71.6246_2023-11-15_2144_N20_VIIRS,Gas Flare / Persistent Thermal Source,GF_WB_1332
19.3691_71.3549_2023-11-03_2120_N_VIIRS,Gas Flare / Persistent Thermal Source,GF_WB_1031
27.4679_95.4220_2023-11-22_1840_N_VIIRS,Gas Flare / Persistent Thermal Source,GF_WB_1005
23.4078_72.4170_2023-11-03_2119_N_VIIRS,Gas Flare / Persistent Thermal Source,GF_WB_1357
27.6038_95.4035_2023-10-29_1930_N_VIIRS,Gas Flare / Persistent Thermal Source,GF_WB_1109
27.4621_95.4749_2023-11-03_1936_N_VIIRS,Gas Flare / Persistent Thermal Source,GF_WB_1414
27.4674_95.4232_2023-11-15_1911_N_VIIRS,Gas Flare / Persistent Thermal Source,GF_WB_660
19.3690_71.3531_2023-11-07_2005_N_VIIRS,Gas Flare / Persistent Thermal Source,GF_WB_779
27.4681_95.4219_2023-10-28_1949_N_VIIRS,Gas Flare / Persistent Thermal Source,GF_WB_1005
20.9627_86.0082_2023-11-24_1945_N_VIIRS,Gas Flare / Persistent Thermal Source,GF_WB_325
19.3717_71.3551_2023-10-17_2048_N20_VIIRS,Gas Flare / Persistent Thermal Source,GF_WB_1341
27.4687_95.4247_2023-11-30_0704_N_VIIRS,Gas Flare / Persistent Thermal Source,GF_WB_1305
19.3721_71.3526_2023-11-16_2126_N20_VIIRS,Gas Flare / Persistent Thermal Source,GF_WB_1341
27.3762_95.0896_2023-11-15_1911_N_VIIRS,Gas Flare / Persistent Thermal Source,GF_WB_1193
19.3691_71.3550_2023-10-11_2151_N_VIIRS,Gas Flare / Persistent Thermal Source,GF_WB_1031
26.6430_79.4783_2023-11-01_2104_N20_VIIRS,Gas Flare / Persistent Thermal Source,GF_WB_625
19.5711_71.3568_2023-10-22_0915_N_VIIRS,Gas Flare / Persistent Thermal Source,GF_WB_463
19.3331_72.0186_2023-11-20_2101_N_VIIRS,Gas Flare / Persistent Thermal Source,GF_WB_777
26.1892_91.8102_2023-11-28_2008_N_VIIRS,Gas Flare / Persistent Thermal Source,GF_WB_622
23.4093_72.4187_2023-10-31_2124_N20_VIIRS,Gas Flare / Persistent Thermal Source,GF_WB_1357
27.5587_96.0412_2023-11-05_1859_N_VIIRS,Gas Flare / Persistent Thermal Source,GF_WB_1107
19.3456_71.3055_2023-10-15_2036_N_VIIRS,Gas Flare / Persistent Thermal Source,GF_WB_590
27.3198_95.2684_2023-11-18_1955_N_VIIRS,Gas Flare / Persistent Thermal Source,GF_WB_641
18.9735_71.6223_2023-10-08_2107_N_VIIRS,Gas Flare / Persistent Thermal Source,GF_WB_1332
18.5861_71.0316_2023-11-10_2049_N_VIIRS,Gas Flare / Persistent Thermal Source,GF_WB_930
27.5589_96.0383_2023-11-26_1905_N_VIIRS,Gas Flare / Persistent Thermal Source,GF_WB_1422
23.6682_86.9235_2023-10-29_2021_N20_VIIRS,Gas Flare / Persistent Thermal Source,GF_WB_614
27.6036_95.4021_2023-10-28_1949_N_VIIRS,Gas Flare / Persistent Thermal Source,GF_WB_1012
27.4700_95.4217_2023-10-14_0645_N_VIIRS,Gas Flare / Persistent Thermal Source,GF_WB_841
23.4084_72.4169_2023-11-24_2125_N_VIIRS,Gas Flare / Persistent Thermal Source,GF_WB_1357
27.3169_95.2652_2023-11-10_1905_N_VIIRS,Gas Flare / Persistent Thermal Source,GF_WB_1088
23.4092_72.4190_2023-10-23_0857_N_VIIRS,Gas Flare / Persistent Thermal Source,GF_WB_1357
27.6036_95.4014_2023-11-26_1905_N_VIIRS,Gas Flare / Persistent Thermal Source,GF_WB_1012
23.6671_86.9245_2023-10-21_2021_N_VIIRS,Gas Flare / Persistent Thermal Source,GF_WB_614
25.2973_71.7681_2023-10-01_2137_N_VIIRS,Gas Flare / Persistent Thermal Source,GF_WB_506
18.9724_71.6228_2023-11-19_2120_N_VIIRS,Gas Flare / Persistent Thermal Source,GF_WB_1224
23.4066_72.4187_2023-10-29_2112_N_VIIRS,Gas Flare / Persistent Thermal Source,GF_WB_1250
27.3697_94.8968_2023-11-15_1911_N_VIIRS,Gas Flare / Persistent Thermal Source,GF_WB_1403
27.4675_95.4237_2023-10-30_0645_N_VIIRS,Gas Flare / Persistent Thermal Source,GF_WB_660
27.3413_95.4796_2023-11-27_1846_N_VIIRS,Gas Flare / Persistent Thermal Source,GF_WB_643
19.2812_71.4338_2023-11-27_2030_N_VIIRS,Gas Flare / Persistent Thermal Source,GF_WB_1128
27.3194_95.2659_2023-10-31_1852_N_VIIRS,Gas Flare / Persistent Thermal Source,GF_WB_992
22.3447_69.8807_2023-11-20_2100_N_VIIRS,Gas Flare / Persistent Thermal Source,GF_WB_1144
23.4073_72.4194_2023-10-18_2119_N_VIIRS,Gas Flare / Persistent Thermal Source,GF_WB_1357
27.3168_95.2653_2023-11-01_1923_N20_VIIRS,Gas Flare / Persistent Thermal Source,GF_WB_1088
27.3167_95.2662_2023-09-26_1949_N_VIIRS,Gas Flare / Persistent Thermal Source,GF_WB_1088
27.4683_95.4216_2023-09-25_2008_N_VIIRS,Gas Flare / Persistent Thermal Source,GF_WB_841
27.1648_95.1089_2023-09-26_1859_N20_VIIRS,Gas Flare / Persistent Thermal Source,GF_WB_1285
27.4701_95.4246_2023-11-26_1905_N_VIIRS,Gas Flare / Persistent Thermal Source,GF_WB_1416
27.5349_95.3985_2023-11-04_1917_N_VIIRS,Gas Flare / Persistent Thermal Source,GF_WB_1105
19.1755_70.9453_2023-10-03_2101_N_VIIRS,Gas Flare / Persistent Thermal Source,GF_WB_934
18.9746_71.6219_2023-10-04_2042_N_VIIRS,Gas Flare / Persistent Thermal Source,GF_WB_1332
19.5729_71.3605_2023-11-14_2023_N20_VIIRS,Gas Flare / Persistent Thermal Source,GF_WB_1344
19.3703_71.3555_2023-10-30_0825_N_VIIRS,Gas Flare / Persistent Thermal Source,GF_WB_1131
27.3792_95.0870_2023-10-19_1917_N_VIIRS,Gas Flare / Persistent Thermal Source,GF_WB_1405
18.9719_71.6236_2023-11-16_2036_N_VIIRS,Gas Flare / Persistent Thermal Source,GF_WB_1224
18.5861_71.0315_2023-11-15_2055_N_VIIRS,Gas Flare / Persistent Thermal Source,GF_WB_930
19.3703_71.3524_2023-10-17_0818_N20_VIIRS,Gas Flare / Persistent Thermal Source,GF_WB_33
18.9738_71.6251_2023-10-27_2100_N20_VIIRS,Gas Flare / Persistent Thermal Source,GF_WB_1224
19.3715_71.3524_2023-11-22_2113_N20_VIIRS,Gas Flare / Persistent Thermal Source,GF_WB_1341
27.4678_95.4221_2023-11-21_1859_N_VIIRS,Gas Flare / Persistent Thermal Source,GF_WB_1005
27.5371_95.3989_2023-10-28_1949_N_VIIRS,Gas Flare / Persistent Thermal Source,GF_WB_1420
19.3696_71.3554_2023-11-21_2042_N_VIIRS,Gas Flare / Persistent Thermal Source,GF_WB_1131
27.3792_95.1953_2023-10-27_1917_N20_VIIRS,Gas Flare / Persistent Thermal Source,GF_WB_999
19.1754_70.9458_2023-11-15_2055_N_VIIRS,Gas Flare / Persistent Thermal Source,GF_WB_860
27.3170_95.2650_2023-09-17_1918_N_VIIRS,Gas Flare / Persistent Thermal Source,GF_WB_1088
26.0872_93.9511_2023-10-20_1949_N20_VIIRS,Gas Flare / Persistent Thermal Source,GF_WB_1372
27.3175_95.2646_2023-11-18_1904_N20_VIIRS,Gas Flare / Persistent Thermal Source,GF_WB_1088
20.9633_86.0103_2023-11-15_1913_N_VIIRS,Gas Flare / Persistent Thermal Source,GF_WB_596
25.2976_71.7667_2023-11-16_2124_N20_VIIRS,Gas Flare / Persistent Thermal Source,GF_WB_1257
19.3697_71.3555_2023-11-19_2120_N_VIIRS,Gas Flare / Persistent Thermal Source,GF_WB_1131
27.5346_95.3986_2023-10-21_1929_N20_VIIRS,Gas Flare / Persistent Thermal Source,GF_WB_1105
27.5585_96.0414_2023-11-25_1924_N_VIIRS,Gas Flare / Persistent Thermal Source,GF_WB_1107
26.9862_94.8098_2023-10-16_1923_N20_VIIRS,Gas Flare / Persistent Thermal Source,GF_WB_1080
27.3192_95.2652_2023-10-26_1936_N20_VIIRS,Gas Flare / Persistent Thermal Source,GF_WB_1088
19.1795_70.9453_2023-11-18_2048_N20_VIIRS,Gas Flare / Persistent Thermal Source,GF_WB_1335
19.2792_71.4268_2023-11-18_2048_N20_VIIRS,Gas Flare / Persistent Thermal Source,GF_WB_172
18.9747_71.6247_2023-10-30_2055_N_VIIRS,Gas Flare / Persistent Thermal Source,GF_WB_1332
27.3201_95.2682_2023-11-07_1911_N20_VIIRS,Gas Flare / Persistent Thermal Source,GF_WB_1397
27.3089_95.3174_2023-10-30_2001_N20_VIIRS,Gas Flare / Persistent Thermal Source,GF_WB_1396
18.9722_71.6249_2023-11-01_2107_N20_VIIRS,Gas Flare / Persistent Thermal Source,GF_WB_1224
19.3493_71.3061_2023-10-15_2036_N_VIIRS,Gas Flare / Persistent Thermal Source,GF_WB_1340
27.5339_95.4013_2023-11-10_1905_N_VIIRS,Gas Flare / Persistent Thermal Source,GF_WB_1308
23.6298_86.2921_2023-11-07_2003_N_VIIRS,Gas Flare / Persistent Thermal Source,GF_WB_501
27.3390_95.4809_2023-10-14_1911_N_VIIRS,Gas Flare / Persistent Thermal Source,GF_WB_252
26.7951_94.6884_2023-11-01_1923_N20_VIIRS,Gas Flare / Persistent Thermal Source,GF_WB_1380
27.6071_95.4006_2023-10-16_1923_N20_VIIRS,Gas Flare / Persistent Thermal Source,GF_WB_1424
27.3177_95.2645_2023-10-14_1911_N_VIIRS,Gas Flare / Persistent Thermal Source,GF_WB_1088
19.3688_71.3547_2023-10-22_0824_N20_VIIRS,Gas Flare / Persistent Thermal Source,GF_WB_1031
22.3442_69.8816_2023-11-27_2119_N20_VIIRS,Gas Flare / Persistent Thermal Source,GF_WB_957
18.5784_72.2395_2023-10-04_2132_N20_VIIRS,Gas Flare / Persistent Thermal Source,GF_WB_300
18.5884_71.0340_2023-10-06_2055_N20_VIIRS,Gas Flare / Persistent Thermal Source,GF_WB_1329
18.9740_71.6250_2023-11-21_2132_N20_VIIRS,Gas Flare / Persistent Thermal Source,GF_WB_1224
27.3782_95.0864_2023-10-16_1923_N20_VIIRS,Gas Flare / Persistent Thermal Source,GF_WB_1405
19.2847_71.4353_2023-11-18_2048_N20_VIIRS,Gas Flare / Persistent Thermal Source,GF_WB_1338
18.9740_71.6219_2023-10-18_2029_N20_VIIRS,Gas Flare / Persistent Thermal Source,GF_WB_1332
19.2788_71.4237_2023-10-01_2048_N20_VIIRS,Gas Flare / Persistent Thermal Source,GF_WB_1337
27.3196_95.2666_2023-11-06_1929_N20_VIIRS,Gas Flare / Persistent Thermal Source,GF_WB_391
23.4072_72.4171_2023-11-11_2029_N_VIIRS,Gas Flare / Persistent Thermal Source,GF_WB_1357
20.9620_86.0069_2023-11-19_1938_N_VIIRS,Gas Flare / Persistent Thermal Source,GF_WB_41
23.4075_72.4169_2023-11-15_2054_N_VIIRS,Gas Flare / Persistent Thermal Source,GF_WB_1357
27.4675_95.4225_2023-11-12_2008_N_VIIRS,Gas Flare / Persistent Thermal Source,GF_WB_660
23.4170_72.3559_2023-10-01_2047_N20_VIIRS,Gas Flare / Persistent Thermal Source,GF_WB_1358
27.3165_95.2672_2023-10-12_0632_N20_VIIRS,Gas Flare / Persistent Thermal Source,GF_WB_825
27.5338_95.4011_2023-10-29_1930_N_VIIRS,Gas Flare / Persistent Thermal Source,GF_WB_1308
20.9639_86.0057_2023-11-29_2041_N20_VIIRS,Gas Flare / Persistent Thermal Source,GF_WB_183
19.1793_70.9449_2023-11-12_2101_N20_VIIRS,Gas Flare / Persistent Thermal Source,GF_WB_1335
27.3762_95.0868_2023-11-27_1846_N_VIIRS,Gas Flare / Persistent Thermal Source,GF_WB_1095
19.3333_72.0218_2023-10-30_2055_N_VIIRS,Gas Flare / Persistent Thermal Source,GF_WB_1233
25.2980_71.7701_2023-11-03_2118_N_VIIRS,Gas Flare / Persistent Thermal Source,GF_WB_882
18.9722_71.6249_2023-10-19_2101_N_VIIRS,Gas Flare / Persistent Thermal Source,GF_WB_1224
27.5358_95.3987_2023-11-20_1917_N_VIIRS,Gas Flare / Persistent Thermal Source,GF_WB_1105
25.2990_71.7654_2023-10-23_2034_N20_VIIRS,Gas Flare / Persistent Thermal Source,GF_WB_1365
27.3179_95.2644_2023-09-25_1917_N20_VIIRS,Gas Flare / Persistent Thermal Source,GF_WB_1088
27.3189_95.2648_2023-11-02_1904_N20_VIIRS,Gas Flare / Persistent Thermal Source,GF_WB_1088
22.3418_69.8804_2023-11-30_0754_N20_VIIRS,Gas Flare / Persistent Thermal Source,GF_WB_957
17.5320_83.0011_2023-11-18_1958_N_VIIRS,Gas Flare / Persistent Thermal Source,GF_WB_439
26.6408_79.4797_2023-10-17_2046_N20_VIIRS,Gas Flare / Persistent Thermal Source,GF_WB_374
15.9614_80.9373_2023-10-24_1927_N_VIIRS,Gas Flare / Persistent Thermal Source,GF_WB_760
27.3771_95.0864_2023-10-29_1930_N_VIIRS,Gas Flare / Persistent Thermal Source,GF_WB_1095
19.3707_71.3555_2023-10-18_2120_N_VIIRS,Gas Flare / Persistent Thermal Source,GF_WB_1131
26.8116_94.6939_2023-09-26_1859_N20_VIIRS,Gas Flare / Persistent Thermal Source,GF_WB_1381
27.4692_95.4248_2023-11-13_0632_N20_VIIRS,Gas Flare / Persistent Thermal Source,GF_WB_1305
17.5327_83.0015_2023-09-25_2011_N_VIIRS,Gas Flare / Persistent Thermal Source,GF_WB_764
23.6667_86.9215_2023-11-02_1956_N_VIIRS,Gas Flare / Persistent Thermal Source,GF_WB_614
27.3759_95.0870_2023-11-28_2007_N_VIIRS,Gas Flare / Persistent Thermal Source,GF_WB_1095
19.3319_72.0211_2023-11-10_1958_N20_VIIRS,Gas Flare / Persistent Thermal Source,GF_WB_864
18.9731_71.6254_2023-10-03_0831_N_VIIRS,Gas Flare / Persistent Thermal Source,GF_WB_1224
27.4711_95.4222_2023-10-22_2001_N_VIIRS,Gas Flare / Persistent Thermal Source,GF_WB_1416
26.7855_94.6701_2023-10-30_2001_N20_VIIRS,Gas Flare / Persistent Thermal Source,GF_WB_1379
27.4674_95.4238_2023-11-05_1948_N20_VIIRS,Gas Flare / Persistent Thermal Source,GF_WB_660
19.1776_70.9440_2023-11-07_2054_N20_VIIRS,Gas Flare / Persistent Thermal Source,GF_WB_584
19.3728_71.3542_2023-10-31_2125_N20_VIIRS,Gas Flare / Persistent Thermal Source,GF_WB_1341
19.1786_70.9442_2023-10-08_2017_N20_VIIRS,Gas Flare / Persistent Thermal Source,GF_WB_1335
26.7872_94.6722_2023-11-18_1905_N20_VIIRS,Gas Flare / Persistent Thermal Source,GF_WB_1379
19.0676_73.1350_2023-10-16_2017_N_VIIRS,Gas Flare / Persistent Thermal Source,GF_WB_1226
20.9638_86.0055_2023-09-27_2022_N20_VIIRS,Gas Flare / Persistent Thermal Source,GF_WB_183
18.9722_71.6228_2023-10-02_2120_N_VIIRS,Gas Flare / Persistent Thermal Source,GF_WB_1224
18.9724_71.6226_2023-11-28_0831_N20_VIIRS,Gas Flare / Persistent Thermal Source,GF_WB_1224
27.3195_95.2660_2023-11-26_1955_N20_VIIRS,Gas Flare / Persistent Thermal Source,GF_WB_391
27.4675_95.4241_2023-11-29_1949_N_VIIRS,Gas Flare / Persistent Thermal Source,GF_WB_660
27.6060_95.4001_2023-11-21_1948_N20_VIIRS,Gas Flare / Persistent Thermal Source,GF_WB_1424
23.4142_72.3539_2023-11-28_2010_N_VIIRS,Gas Flare / Persistent Thermal Source,GF_WB_796
26.7836_94.6729_2023-11-19_1936_N_VIIRS,Gas Flare / Persistent Thermal Source,GF_WB_892
19.3692_71.3552_2023-10-15_2036_N_VIIRS,Gas Flare / Persistent Thermal Source,GF_WB_1131
23.6312_86.2943_2023-11-17_2015_N_VIIRS,Gas Flare / Persistent Thermal Source,GF_WB_217
27.5573_96.0379_2023-11-22_1840_N_VIIRS,Gas Flare / Persistent Thermal Source,GF_WB_663
18.9743_71.6218_2023-10-14_2055_N_VIIRS,Gas Flare / Persistent Thermal Source,GF_WB_1332
19.1777_70.9440_2023-10-26_2119_N20_VIIRS,Gas Flare / Persistent Thermal Source,GF_WB_584
27.4714_95.4230_2023-11-30_1839_N20_VIIRS,Gas Flare / Persistent Thermal Source,GF_WB_1416
27.4711_95.4222_2023-11-28_1917_N20_VIIRS,Gas Flare / Persistent Thermal Source,GF_WB_1416
27.4679_95.4246_2023-11-27_0710_N20_VIIRS,Gas Flare / Persistent Thermal Source,GF_WB_660
19.3715_71.3523_2023-11-15_2055_N_VIIRS,Gas Flare / Persistent Thermal Source,GF_WB_1341
19.3720_71.3552_2023-10-25_2138_N20_VIIRS,Gas Flare / Persistent Thermal Source,GF_WB_1341
20.9646_86.0076_2023-10-18_2028_N20_VIIRS,Gas Flare / Persistent Thermal Source,GF_WB_183
27.3167_95.2652_2023-11-30_1839_N20_VIIRS,Gas Flare / Persistent Thermal Source,GF_WB_1088
19.1796_70.9458_2023-11-01_2107_N20_VIIRS,Gas Flare / Persistent Thermal Source,GF_WB_1335
27.6069_95.4031_2023-11-21_1948_N20_VIIRS,Gas Flare / Persistent Thermal Source,GF_WB_1424
18.5878_71.0343_2023-11-01_2107_N20_VIIRS,Gas Flare / Persistent Thermal Source,GF_WB_1022
26.6429_79.4812_2023-10-29_2111_N_VIIRS,Gas Flare / Persistent Thermal Source,GF_WB_625
26.6435_79.4783_2023-10-30_2002_N20_VIIRS,Gas Flare / Persistent Thermal Source,GF_WB_625
19.5290_71.3012_2023-10-10_2119_N20_VIIRS,Gas Flare / Persistent Thermal Source,GF_WB_1238
19.5727_71.3609_2023-10-31_2036_N_VIIRS,Gas Flare / Persistent Thermal Source,GF_WB_1344
18.9726_71.6225_2023-10-21_0843_N20_VIIRS,Gas Flare / Persistent Thermal Source,GF_WB_1224
19.3714_71.3553_2023-11-28_2011_N_VIIRS,Gas Flare / Persistent Thermal Source,GF_WB_1341
23.4155_72.3537_2023-10-24_2106_N_VIIRS,Gas Flare / Persistent Thermal Source,GF_WB_1358
19.1768_70.9440_2023-10-02_2030_N20_VIIRS,Gas Flare / Persistent Thermal Source,GF_WB_584
22.3417_69.8805_2023-11-19_0851_N_VIIRS,Gas Flare / Persistent Thermal Source,GF_WB_957
27.4712_95.4222_2023-10-20_1858_N_VIIRS,Gas Flare / Persistent Thermal Source,GF_WB_1416
19.3703_71.3523_2023-11-19_2029_N20_VIIRS,Gas Flare / Persistent Thermal Source,GF_WB_33
27.3754_95.0883_2023-10-27_1827_N_VIIRS,Gas Flare / Persistent Thermal Source,GF_WB_906
19.3698_71.3524_2023-11-30_2023_N20_VIIRS,Gas Flare / Persistent Thermal Source,GF_WB_779
19.5307_71.2992_2023-11-29_2042_N20_VIIRS,Gas Flare / Persistent Thermal Source,GF_WB_1343
20.9632_86.0103_2023-10-14_2003_N20_VIIRS,Gas Flare / Persistent Thermal Source,GF_WB_596
27.3188_95.2684_2023-11-06_1840_N_VIIRS,Gas Flare / Persistent Thermal Source,GF_WB_825
18.9739_71.6252_2023-11-16_2126_N20_VIIRS,Gas Flare / Persistent Thermal Source,GF_WB_1224
18.5858_71.0345_2023-09-18_2043_N_VIIRS,Gas Flare / Persistent Thermal Source,GF_WB_1220
27.2669_95.1231_2023-11-02_1904_N20_VIIRS,Gas Flare / Persistent Thermal Source,GF_WB_1393
27.3094_95.3172_2023-10-29_1930_N_VIIRS,Gas Flare / Persistent Thermal Source,GF_WB_1396
27.6053_95.4001_2023-10-21_1929_N20_VIIRS,Gas Flare / Persistent Thermal Source,GF_WB_1012
27.6035_95.4029_2023-11-05_0723_N20_VIIRS,Gas Flare / Persistent Thermal Source,GF_WB_1109
20.9644_86.0059_2023-10-11_0650_N20_VIIRS,Gas Flare / Persistent Thermal Source,GF_WB_41
27.3186_95.2645_2023-11-10_1955_N20_VIIRS,Gas Flare / Persistent Thermal Source,GF_WB_1088
19.3691_71.3552_2023-11-29_2132_N_VIIRS,Gas Flare / Persistent Thermal Source,GF_WB_1131
20.9629_86.0087_2023-09-25_0741_N_VIIRS,Gas Flare / Persistent Thermal Source,GF_WB_596
27.5602_96.0391_2023-11-30_1839_N20_VIIRS,Gas Flare / Persistent Thermal Source,GF_WB_1422
26.6428_79.4812_2023-10-23_0717_N_VIIRS,Gas Flare / Persistent Thermal Source,GF_WB_625
19.3729_71.3533_2023-09-19_2114_N20_VIIRS,Gas Flare / Persistent Thermal Source,GF_WB_1341
27.4713_95.4224_2023-10-27_1917_N20_VIIRS,Gas Flare / Persistent Thermal Source,GF_WB_1416
23.4083_72.4167_2023-10-25_2047_N_VIIRS,Gas Flare / Persistent Thermal Source,GF_WB_1357
23.6659_86.9220_2023-11-25_1925_N_VIIRS,Gas Flare / Persistent Thermal Source,GF_WB_614
18.9719_71.6232_2023-11-10_2138_N20_VIIRS,Gas Flare / Persistent Thermal Source,GF_WB_1224
22.3421_69.8647_2023-11-17_2016_N_VIIRS,Gas Flare / Persistent Thermal Source,GF_WB_1142
19.5298_71.3011_2023-11-04_2101_N_VIIRS,Gas Flare / Persistent Thermal Source,GF_WB_1343
27.6063_95.4039_2023-11-10_1905_N_VIIRS,Gas Flare / Persistent Thermal Source,GF_WB_754
27.5362_95.3985_2023-11-22_1930_N20_VIIRS,Gas Flare / Persistent Thermal Source,GF_WB_1420
19.3350_72.0185_2023-11-08_2035_N20_VIIRS,Gas Flare / Persistent Thermal Source,GF_WB_1339
18.5861_71.0313_2023-10-25_2049_N_VIIRS,Gas Flare / Persistent Thermal Source,GF_WB_930
27.6036_95.4025_2023-11-18_1955_N_VIIRS,Gas Flare / Persistent Thermal Source,GF_WB_1012
18.9746_71.6218_2023-10-14_2004_N20_VIIRS,Gas Flare / Persistent Thermal Source,GF_WB_1332
22.3442_69.8786_2023-11-30_0754_N20_VIIRS,Gas Flare / Persistent Thermal Source,GF_WB_1144
26.8095_94.6929_2023-10-19_2007_N20_VIIRS,Gas Flare / Persistent Thermal Source,GF_WB_628
27.3173_95.2645_2023-10-20_1859_N_VIIRS,Gas Flare / Persistent Thermal Source,GF_WB_1088
19.3714_71.3522_2023-11-06_2113_N20_VIIRS,Gas Flare / Persistent Thermal Source,GF_WB_1341
18.9725_71.6225_2023-11-23_2055_N20_VIIRS,Gas Flare / Persistent Thermal Source,GF_WB_1224
19.1755_70.9467_2023-10-31_2036_N_VIIRS,Gas Flare / Persistent Thermal Source,GF_WB_860
19.3725_71.3526_2023-10-07_2036_N20_VIIRS,Gas Flare / Persistent Thermal Source,GF_WB_1341
19.3706_71.3522_2023-10-11_2011_N_VIIRS,Gas Flare / Persistent Thermal Source,GF_WB_317
27.6067_95.4001_2023-11-09_1833_N20_VIIRS,Gas Flare / Persistent Thermal Source,GF_WB_1424
27.5379_95.4002_2023-10-26_1846_N_VIIRS,Gas Flare / Persistent Thermal Source,GF_WB_1420
23.6282_86.2888_2023-11-27_0710_N20_VIIRS,Gas Flare / Persistent Thermal Source,GF_WB_612
27.3705_94.8964_2023-11-07_1911_N20_VIIRS,Gas Flare / Persistent Thermal Source,GF_WB_1403
27.4702_95.4248_2023-10-20_0633_N_VIIRS,Gas Flare / Persistent Thermal Source,GF_WB_1416
19.1780_70.9482_2023-11-14_2114_N_VIIRS,Gas Flare / Persistent Thermal Source,GF_WB_451
22.3416_69.8807_2023-11-19_0800_N20_VIIRS,Gas Flare / Persistent Thermal Source,GF_WB_957
19.3473_71.3033_2023-11-21_2042_N_VIIRS,Gas Flare / Persistent Thermal Source,GF_WB_174
26.6402_79.4785_2023-10-16_2015_N_VIIRS,Gas Flare / Persistent Thermal Source,GF_WB_374
19.1797_70.9456_2023-10-18_2029_N20_VIIRS,Gas Flare / Persistent Thermal Source,GF_WB_1335
19.3686_71.3546_2023-10-02_0850_N_VIIRS,Gas Flare / Persistent Thermal Source,GF_WB_1031
27.3678_94.8980_2023-11-14_0704_N_VIIRS,Gas Flare / Persistent Thermal Source,GF_WB_904
20.9628_86.0089_2023-10-26_2029_N_VIIRS,Gas Flare / Persistent Thermal Source,GF_WB_596
19.3705_71.3522_2023-11-22_0753_N_VIIRS,Gas Flare / Persistent Thermal Source,GF_WB_175
15.9632_80.9367_2023-10-17_2048_N20_VIIRS,Gas Flare / Persistent Thermal Source,GF_WB_760
19.5299_71.2982_2023-10-27_2100_N20_VIIRS,Gas Flare / Persistent Thermal Source,GF_WB_1343
26.7865_94.6699_2023-10-29_1839_N20_VIIRS,Gas Flare / Persistent Thermal Source,GF_WB_1379
17.5322_83.0011_2023-10-11_2011_N_VIIRS,Gas Flare / Persistent Thermal Source,GF_WB_155
27.5584_96.0380_2023-09-26_1949_N_VIIRS,Gas Flare / Persistent Thermal Source,GF_WB_560
22.3425_69.8711_2023-11-17_0929_N_VIIRS,Gas Flare / Persistent Thermal Source,GF_WB_1048
19.3347_72.0184_2023-09-17_2101_N_VIIRS,Gas Flare / Persistent Thermal Source,GF_WB_1339
18.5766_72.2429_2023-10-09_0728_N20_VIIRS,Gas Flare / Persistent Thermal Source,GF_WB_1219
23.4082_72.4167_2023-11-16_2125_N20_VIIRS,Gas Flare / Persistent Thermal Source,GF_WB_1357
19.3717_71.3522_2023-11-03_2029_N20_VIIRS,Gas Flare / Persistent Thermal Source,GF_WB_1341
19.3718_71.3554_2023-11-10_2138_N20_VIIRS,Gas Flare / Persistent Thermal Source,GF_WB_1341
27.5348_95.4026_2023-09-17_0602_N20_VIIRS,Gas Flare / Persistent Thermal Source,GF_WB_1308
27.0319_94.8873_2023-09-30_1834_N_VIIRS,Gas Flare / Persistent Thermal Source,GF_WB_1081
27.3757_95.0871_2023-10-15_1942_N20_VIIRS,Gas Flare / Persistent Thermal Source,GF_WB_906
19.3453_71.3043_2023-11-27_0849_N20_VIIRS,Gas Flare / Persistent Thermal Source,GF_WB_590
19.3730_71.3538_2023-10-19_2010_N20_VIIRS,Gas Flare / Persistent Thermal Source,GF_WB_1341
22.3417_69.8799_2023-11-29_0813_N20_VIIRS,Gas Flare / Persistent Thermal Source,GF_WB_957
27.3197_95.2662_2023-11-18_1955_N_VIIRS,Gas Flare / Persistent Thermal Source,GF_WB_107
27.3194_95.2680_2023-11-19_1936_N_VIIRS,Gas Flare / Persistent Thermal Source,GF_WB_533
27.6054_95.4001_2023-11-28_1827_N_VIIRS,Gas Flare / Persistent Thermal Source,GF_WB_1012
27.5598_96.0383_2023-09-26_1858_N20_VIIRS,Gas Flare / Persistent Thermal Source,GF_WB_1422
27.5567_96.0379_2023-10-22_2001_N_VIIRS,Gas Flare / Persistent Thermal Source,GF_WB_663
27.0319_94.8917_2023-09-28_1911_N_VIIRS,Gas Flare / Persistent Thermal Source,GF_WB_1280
19.1778_70.9440_2023-10-22_2004_N_VIIRS,Gas Flare / Persistent Thermal Source,GF_WB_584
27.6034_95.4012_2023-11-26_1955_N20_VIIRS,Gas Flare / Persistent Thermal Source,GF_WB_1012
18.9739_71.6217_2023-11-25_2107_N_VIIRS,Gas Flare / Persistent Thermal Source,GF_WB_1332
18.9750_71.6218_2023-10-03_2011_N20_VIIRS,Gas Flare / Persistent Thermal Source,GF_WB_1332
27.3753_95.0880_2023-11-13_1949_N_VIIRS,Gas Flare / Persistent Thermal Source,GF_WB_906
19.3712_71.3522_2023-10-24_2107_N_VIIRS,Gas Flare / Persistent Thermal Source,GF_WB_1341
27.6077_95.4016_2023-11-24_1852_N20_VIIRS,Gas Flare / Persistent Thermal Source,GF_WB_1424
19.1761_70.9480_2023-10-07_0856_N_VIIRS,Gas Flare / Persistent Thermal Source,GF_WB_309
27.3171_95.2645_2023-11-14_1930_N_VIIRS,Gas Flare / Persistent Thermal Source,GF_WB_1088
26.6439_79.4805_2023-09-17_2009_N20_VIIRS,Gas Flare / Persistent Thermal Source,GF_WB_625
22.3443_69.8785_2023-09-28_2054_N_VIIRS,Gas Flare / Persistent Thermal Source,GF_WB_1144
27.6068_95.4001_2023-11-22_1930_N20_VIIRS,Gas Flare / Persistent Thermal Source,GF_WB_1424
27.4684_95.4250_2023-11-02_1955_N_VIIRS,Gas Flare / Persistent Thermal Source,GF_WB_660
18.5865_71.0349_2023-10-08_2107_N_VIIRS,Gas Flare / Persistent Thermal Source,GF_WB_1220
20.9627_86.0085_2023-11-26_2047_N_VIIRS,Gas Flare / Persistent Thermal Source,GF_WB_325
27.3189_95.2646_2023-10-22_1821_N_VIIRS,Gas Flare / Persistent Thermal Source,GF_WB_1088
27.5576_96.0377_2023-11-28_1917_N20_VIIRS,Gas Flare / Persistent Thermal Source,GF_WB_663
27.4704_95.4249_2023-10-26_1846_N_VIIRS,Gas Flare / Persistent Thermal Source,GF_WB_1416
23.6669_86.9214_2023-10-06_2003_N_VIIRS,Gas Flare / Persistent Thermal Source,GF_WB_614
19.3715_71.3554_2023-11-04_0831_N_VIIRS,Gas Flare / Persistent Thermal Source,GF_WB_1341
23.4131_72.3566_2023-11-05_2041_N_VIIRS,Gas Flare / Persistent Thermal Source,GF_WB_607
27.4605_95.4747_2023-11-20_1917_N_VIIRS,Gas Flare / Persistent Thermal Source,GF_WB_659
19.3468_71.3033_2023-11-10_2049_N_VIIRS,Gas Flare / Persistent Thermal Source,GF_WB_316
18.9734_71.6220_2023-11-10_2049_N_VIIRS,Gas Flare / Persistent Thermal Source,GF_WB_1332
22.3431_69.8726_2023-11-23_2004_N_VIIRS,Gas Flare / Persistent Thermal Source,GF_WB_1354
21.7925_72.6466_2023-11-02_1957_N_VIIRS,Gas Flare / Persistent Thermal Source,GF_WB_599
19.3686_71.3533_2023-11-20_2101_N_VIIRS,Gas Flare / Persistent Thermal Source,GF_WB_1031
19.3728_71.3546_2023-11-16_2126_N20_VIIRS,Gas Flare / Persistent Thermal Source,GF_WB_1341
18.9725_71.6254_2023-10-03_2101_N_VIIRS,Gas Flare / Persistent Thermal Source,GF_WB_1224
27.4712_95.4220_2023-10-20_1948_N20_VIIRS,Gas Flare / Persistent Thermal Source,GF_WB_1416
27.5354_95.3983_2023-09-17_2008_N20_VIIRS,Gas Flare / Persistent Thermal Source,GF_WB_1105
19.3701_71.3522_2023-10-03_2101_N_VIIRS,Gas Flare / Persistent Thermal Source,GF_WB_175
19.3706_71.3521_2023-11-06_2113_N20_VIIRS,Gas Flare / Persistent Thermal Source,GF_WB_317
15.9624_80.9365_2023-10-07_2036_N20_VIIRS,Gas Flare / Persistent Thermal Source,GF_WB_760
19.1764_70.9439_2023-10-11_2101_N20_VIIRS,Gas Flare / Persistent Thermal Source,GF_WB_770
18.9759_71.6230_2023-10-21_2113_N20_VIIRS,Gas Flare / Persistent Thermal Source,GF_WB_1332
19.2167_72.1146_2023-11-18_2048_N20_VIIRS,Gas Flare / Persistent Thermal Source,GF_WB_1336
18.9737_71.6255_2023-10-14_2055_N_VIIRS,Gas Flare / Persistent Thermal Source,GF_WB_1224
19.2145_72.1173_2023-11-19_2120_N_VIIRS,Gas Flare / Persistent Thermal Source,GF_WB_1230
25.2988_71.7654_2023-11-03_2027_N20_VIIRS,Gas Flare / Persistent Thermal Source,GF_WB_1365
19.3687_71.3550_2023-10-21_2023_N_VIIRS,Gas Flare / Persistent Thermal Source,GF_WB_1031
22.1287_72.7634_2023-10-03_2010_N20_VIIRS,Gas Flare / Persistent Thermal Source,GF_WB_1140
27.5357_95.3984_2023-10-13_1839_N20_VIIRS,Gas Flare / Persistent Thermal Source,GF_WB_1105
20.9622_86.0082_2023-11-22_2022_N_VIIRS,Gas Flare / Persistent Thermal Source,GF_WB_183
18.5757_72.2421_2023-10-09_0728_N20_VIIRS,Gas Flare / Persistent Thermal Source,GF_WB_855
15.9614_80.9370_2023-09-27_1934_N_VIIRS,Gas Flare / Persistent Thermal Source,GF_WB_760
18.9726_71.6223_2023-11-21_0812_N_VIIRS,Gas Flare / Persistent Thermal Source,GF_WB_1224
27.5356_95.3983_2023-11-30_1930_N_VIIRS,Gas Flare / Persistent Thermal Source,GF_WB_1105
27.4706_95.4215_2023-11-30_1839_N20_VIIRS,Gas Flare / Persistent Thermal Source,GF_WB_1416
19.3706_71.3521_2023-10-04_2042_N_VIIRS,Gas Flare / Persistent Thermal Source,GF_WB_33
22.3424_69.8751_2023-09-27_2023_N20_VIIRS,Gas Flare / Persistent Thermal Source,GF_WB_1354
27.0312_94.8915_2023-11-16_0716_N20_VIIRS,Gas Flare / Persistent Thermal Source,GF_WB_1280
27.3187_95.2644_2023-11-03_1845_N20_VIIRS,Gas Flare / Persistent Thermal Source,GF_WB_1088
27.3790_95.0894_2023-11-23_1911_N20_VIIRS,Gas Flare / Persistent Thermal Source,GF_WB_1405
26.6417_79.4811_2023-11-26_2046_N_VIIRS,Gas Flare / Persistent Thermal Source,GF_WB_625
26.6442_79.4793_2023-11-23_2052_N20_VIIRS,Gas Flare / Persistent Thermal Source,GF_WB_625
18.9718_71.6229_2023-10-05_0843_N20_VIIRS,Gas Flare / Persistent Thermal Source,GF_WB_1224
19.1756_70.9470_2023-10-30_2055_N_VIIRS,Gas Flare / Persistent Thermal Source,GF_WB_25
19.5699_71.3555_2023-10-11_2151_N_VIIRS,Gas Flare / Persistent Thermal Source,GF_WB_321
27.3199_95.2672_2023-11-20_2007_N20_VIIRS,Gas Flare / Persistent Thermal Source,GF_WB_107
27.3662_94.8962_2023-11-15_1911_N_VIIRS,Gas Flare / Persistent Thermal Source,GF_WB_996
22.3449_69.8791_2023-11-25_2107_N_VIIRS,Gas Flare / Persistent Thermal Source,GF_WB_1144
19.3341_72.0182_2023-10-18_2120_N_VIIRS,Gas Flare / Persistent Thermal Source,GF_WB_1339
19.5697_71.3555_2023-10-13_0843_N_VIIRS,Gas Flare / Persistent Thermal Source,GF_WB_179
27.5360_95.3984_2023-10-12_1858_N20_VIIRS,Gas Flare / Persistent Thermal Source,GF_WB_1420
21.7937_72.6496_2023-11-07_0825_N20_VIIRS,Gas Flare / Persistent Thermal Source,GF_WB_475
25.3001_71.7696_2023-10-29_2112_N_VIIRS,Gas Flare / Persistent Thermal Source,GF_WB_801
18.9746_71.6250_2023-10-20_2132_N20_VIIRS,Gas Flare / Persistent Thermal Source,GF_WB_1332
27.3762_95.0864_2023-10-26_1936_N20_VIIRS,Gas Flare / Persistent Thermal Source,GF_WB_1095
18.9756_71.6221_2023-11-11_2119_N20_VIIRS,Gas Flare / Persistent Thermal Source,GF_WB_1332
19.1790_70.9441_2023-10-21_2113_N20_VIIRS,Gas Flare / Persistent Thermal Source,GF_WB_1335
19.3684_71.3546_2023-10-15_0806_N_VIIRS,Gas Flare / Persistent Thermal Source,GF_WB_1031
26.0652_93.9276_2023-11-27_1936_N20_VIIRS,Gas Flare / Persistent Thermal Source,GF_WB_1371
27.5353_95.3982_2023-09-27_1840_N20_VIIRS,Gas Flare / Persistent Thermal Source,GF_WB_1105
27.6063_95.3998_2023-11-21_1859_N_VIIRS,Gas Flare / Persistent Thermal Source,GF_WB_1424
19.2127_72.1166_2023-10-30_2055_N_VIIRS,Gas Flare / Persistent Thermal Source,GF_WB_861
19.3691_71.3555_2023-10-12_2132_N_VIIRS,Gas Flare / Persistent Thermal Source,GF_WB_1131
23.6342_86.3012_2023-11-23_2003_N_VIIRS,Gas Flare / Persistent Thermal Source,GF_WB_613
18.5890_71.0305_2023-10-12_2042_N20_VIIRS,Gas Flare / Persistent Thermal Source,GF_WB_676
27.6033_95.4014_2023-11-07_0645_N20_VIIRS,Gas Flare / Persistent Thermal Source,GF_WB_1012
27.3166_95.2682_2023-09-15_1955_N_VIIRS,Gas Flare / Persistent Thermal Source,GF_WB_825
19.3313_72.0203_2023-10-19_0831_N_VIIRS,Gas Flare / Persistent Thermal Source,GF_WB_864
27.2655_95.1226_2023-10-14_1911_N_VIIRS,Gas Flare / Persistent Thermal Source,GF_WB_990
19.3714_71.3555_2023-11-16_2126_N20_VIIRS,Gas Flare / Persistent Thermal Source,GF_WB_1341
17.5337_83.0016_2023-10-22_2005_N_VIIRS,Gas Flare / Persistent Thermal Source,GF_WB_764
15.9639_80.9366_2023-11-30_2024_N20_VIIRS,Gas Flare / Persistent Thermal Source,GF_WB_1318
27.6037_95.4004_2023-11-15_2001_N20_VIIRS,Gas Flare / Persistent Thermal Source,GF_WB_1012
22.3425_69.8823_2023-11-28_0832_N20_VIIRS,Gas Flare / Persistent Thermal Source,GF_WB_957
27.4634_95.4751_2023-11-18_1904_N20_VIIRS,Gas Flare / Persistent Thermal Source,GF_WB_1414
27.3163_95.2666_2023-11-01_0657_N20_VIIRS,Gas Flare / Persistent Thermal Source,GF_WB_825
19.5695_71.3555_2023-10-31_2036_N_VIIRS,Gas Flare / Persistent Thermal Source,GF_WB_463
22.3412_69.8680_2023-11-18_0910_N_VIIRS,Gas Flare / Persistent Thermal Source,GF_WB_956
27.4716_95.4226_2023-11-14_1839_N20_VIIRS,Gas Flare / Persistent Thermal Source,GF_WB_1416
22.3438_69.8674_2023-11-18_0910_N_VIIRS,Gas Flare / Persistent Thermal Source,GF_WB_1142
22.3438_69.8782_2023-09-28_0826_N_VIIRS,Gas Flare / Persistent Thermal Source,GF_WB_1144
18.9760_71.6236_2023-11-06_2113_N20_VIIRS,Gas Flare / Persistent Thermal Source,GF_WB_1332
27.3196_95.2680_2023-11-07_2001_N_VIIRS,Gas Flare / Persistent Thermal Source,GF_WB_533
27.4690_95.4252_2023-11-10_1905_N_VIIRS,Gas Flare / Persistent Thermal Source,GF_WB_1305
19.3725_71.3524_2023-10-14_2004_N20_VIIRS,Gas Flare / Persistent Thermal Source,GF_WB_1341
15.9631_80.9364_2023-11-11_2030_N_VIIRS,Gas Flare / Persistent Thermal Source,GF_WB_760
27.3752_95.0887_2023-10-26_1846_N_VIIRS,Gas Flare / Persistent Thermal Source,GF_WB_906
26.1905_91.8094_2023-11-20_0652_N_VIIRS,Gas Flare / Persistent Thermal Source,GF_WB_622
27.3685_94.8937_2023-11-19_1936_N_VIIRS,Gas Flare / Persistent Thermal Source,GF_WB_1403
18.9198_72.0392_2023-11-06_0753_N_VIIRS,Gas Flare / Persistent Thermal Source,GF_WB_582
22.3451_69.8807_2023-11-22_2112_N20_VIIRS,Gas Flare / Persistent Thermal Source,GF_WB_1144
23.4092_72.4170_2023-11-04_2100_N_VIIRS,Gas Flare / Persistent Thermal Source,GF_WB_1357
18.9737_71.6256_2023-11-17_2107_N20_VIIRS,Gas Flare / Persistent Thermal Source,GF_WB_1224
27.3296_95.3230_2023-10-29_1839_N20_VIIRS,Gas Flare / Persistent Thermal Source,GF_WB_1398
19.4181_71.3920_2023-10-02_0800_N20_VIIRS,Gas Flare / Persistent Thermal Source,GF_WB_1342
19.3688_71.3526_2023-11-16_2036_N_VIIRS,Gas Flare / Persistent Thermal Source,GF_WB_779
22.3419_69.8793_2023-11-30_2113_N_VIIRS,Gas Flare / Persistent Thermal Source,GF_WB_1144
21.7953_72.6460_2023-11-06_2023_N_VIIRS,Gas Flare / Persistent Thermal Source,GF_WB_599
27.4693_95.4252_2023-11-18_0639_N20_VIIRS,Gas Flare / Persistent Thermal Source,GF_WB_1305
19.5293_71.2978_2023-11-25_0837_N_VIIRS,Gas Flare / Persistent Thermal Source,GF_WB_1343
27.0351_94.8851_2023-11-03_0711_N_VIIRS,Gas Flare / Persistent Thermal Source,GF_WB_100
23.6337_86.2984_2023-11-08_1944_N_VIIRS,Gas Flare / Persistent Thermal Source,GF_WB_613
18.9722_71.6254_2023-09-15_0818_N20_VIIRS,Gas Flare / Persistent Thermal Source,GF_WB_1224
26.7852_94.6698_2023-11-24_1943_N_VIIRS,Gas Flare / Persistent Thermal Source,GF_WB_1379
25.2988_71.7650_2023-11-14_2021_N20_VIIRS,Gas Flare / Persistent Thermal Source,GF_WB_1365
18.7082_72.3413_2023-10-25_2049_N_VIIRS,Gas Flare / Persistent Thermal Source,GF_WB_1330
23.6295_86.2889_2023-10-07_2034_N20_VIIRS,Gas Flare / Persistent Thermal Source,GF_WB_612
18.9759_71.6226_2023-10-23_2035_N20_VIIRS,Gas Flare / Persistent Thermal Source,GF_WB_1332
27.6039_95.4001_2023-10-16_1833_N_VIIRS,Gas Flare / Persistent Thermal Source,GF_WB_1012
27.3784_95.0860_2023-11-15_2001_N20_VIIRS,Gas Flare / Persistent Thermal Source,GF_WB_1405
19.1779_70.9438_2023-10-31_2036_N_VIIRS,Gas Flare / Persistent Thermal Source,GF_WB_584
25.3000_71.7638_2023-11-09_2015_N20_VIIRS,Gas Flare / Persistent Thermal Source,GF_WB_1365
27.6078_95.4011_2023-10-28_1858_N20_VIIRS,Gas Flare / Persistent Thermal Source,GF_WB_1424
27.1590_94.9296_2023-11-23_1911_N20_VIIRS,Gas Flare / Persistent Thermal Source,GF_WB_1390
18.9747_71.6215_2023-10-15_2126_N20_VIIRS,Gas Flare / Persistent Thermal Source,GF_WB_1332
23.4159_72.3534_2023-10-19_2149_N20_VIIRS,Gas Flare / Persistent Thermal Source,GF_WB_1358
26.0605_93.8915_2023-11-30_2020_N20_VIIRS,Gas Flare / Persistent Thermal Source,GF_WB_1370
27.4682_95.4211_2023-11-06_1840_N_VIIRS,Gas Flare / Persistent Thermal Source,GF_WB_841
27.4687_95.4252_2023-11-24_1943_N_VIIRS,Gas Flare / Persistent Thermal Source,GF_WB_1305
27.4701_95.4212_2023-11-13_1858_N20_VIIRS,Gas Flare / Persistent Thermal Source,GF_WB_841
19.3713_71.3520_2023-11-05_2042_N_VIIRS,Gas Flare / Persistent Thermal Source,GF_WB_1341
27.4671_95.4238_2023-11-27_1846_N_VIIRS,Gas Flare / Persistent Thermal Source,GF_WB_660
27.5363_95.3983_2023-10-16_1923_N20_VIIRS,Gas Flare / Persistent Thermal Source,GF_WB_1420
27.0338_69.7156_2023-09-27_2112_N_VIIRS,Gas Flare / Persistent Thermal Source,GF_WB_1281
27.6037_95.4003_2023-11-02_1955_N_VIIRS,Gas Flare / Persistent Thermal Source,GF_WB_1012
20.9647_86.0059_2023-10-20_1950_N20_VIIRS,Gas Flare / Persistent Thermal Source,GF_WB_325
20.9645_86.0057_2023-11-22_2022_N_VIIRS,Gas Flare / Persistent Thermal Source,GF_WB_325
22.3385_69.8668_2023-10-25_2137_N20_VIIRS,Gas Flare / Persistent Thermal Source,GF_WB_956
22.3433_69.8724_2023-11-17_2157_N_VIIRS,Gas Flare / Persistent Thermal Source,GF_WB_1354
27.4639_95.4762_2023-11-22_1840_N_VIIRS,Gas Flare / Persistent Thermal Source,GF_WB_1414
19.3474_71.3030_2023-10-09_2048_N_VIIRS,Gas Flare / Persistent Thermal Source,GF_WB_458
27.4671_95.4226_2023-11-28_1827_N_VIIRS,Gas Flare / Persistent Thermal Source,GF_WB_660
27.3677_94.8982_2023-11-19_1936_N_VIIRS,Gas Flare / Persistent Thermal Source,GF_WB_904
18.5900_71.0306_2023-10-28_2042_N20_VIIRS,Gas Flare / Persistent Thermal Source,GF_WB_676
15.9641_80.9365_2023-10-30_2004_N20_VIIRS,Gas Flare / Persistent Thermal Source,GF_WB_1318
22.3415_69.8799_2023-11-22_2112_N20_VIIRS,Gas Flare / Persistent Thermal Source,GF_WB_957
27.3799_95.0877_2023-11-30_1839_N20_VIIRS,Gas Flare / Persistent Thermal Source,GF_WB_1405
27.4616_95.4745_2023-11-02_1904_N20_VIIRS,Gas Flare / Persistent Thermal Source,GF_WB_1414
26.0660_93.9277_2023-11-20_2008_N20_VIIRS,Gas Flare / Persistent Thermal Source,GF_WB_1371
27.4592_95.4778_2023-11-30_1930_N_VIIRS,Gas Flare / Persistent Thermal Source,GF_WB_911
27.3168_95.2645_2023-11-05_1859_N_VIIRS,Gas Flare / Persistent Thermal Source,GF_WB_1088
26.7864_94.6696_2023-11-23_1911_N20_VIIRS,Gas Flare / Persistent Thermal Source,GF_WB_1379
19.1785_70.9481_2023-10-02_2120_N_VIIRS,Gas Flare / Persistent Thermal Source,GF_WB_309
22.3429_69.8782_2023-11-23_0736_N_VIIRS,Gas Flare / Persistent Thermal Source,GF_WB_1144
19.3724_71.3522_2023-11-20_2010_N20_VIIRS,Gas Flare / Persistent Thermal Source,GF_WB_1341
27.3783_95.0859_2023-11-28_1917_N20_VIIRS,Gas Flare / Persistent Thermal Source,GF_WB_1405
22.3436_69.8825_2023-11-24_0857_N_VIIRS,Gas Flare / Persistent Thermal Source,GF_WB_957
26.6440_79.4785_2023-11-19_2027_N20_VIIRS,Gas Flare / Persistent Thermal Source,GF_WB_625
22.3417_69.8818_2023-09-27_2023_N20_VIIRS,Gas Flare / Persistent Thermal Source,GF_WB_957
19.1794_70.9443_2023-10-17_2048_N20_VIIRS,Gas Flare / Persistent Thermal Source,GF_WB_1335
26.6407_79.4769_2023-11-24_1943_N_VIIRS,Gas Flare / Persistent Thermal Source,GF_WB_90
19.5274_71.2980_2023-11-01_2107_N20_VIIRS,Gas Flare / Persistent Thermal Source,GF_WB_783
27.3166_95.2648_2023-11-13_1949_N_VIIRS,Gas Flare / Persistent Thermal Source,GF_WB_1088
20.9653_86.0108_2023-10-07_2035_N20_VIIRS,Gas Flare / Persistent Thermal Source,GF_WB_596
23.6278_86.2886_2023-11-08_1944_N_VIIRS,Gas Flare / Persistent Thermal Source,GF_WB_612
18.9745_71.6214_2023-10-08_2017_N20_VIIRS,Gas Flare / Persistent Thermal Source,GF_WB_1332
27.3692_94.8934_2023-11-29_1858_N20_VIIRS,Gas Flare / Persistent Thermal Source,GF_WB_1403
22.3442_69.8822_2023-11-17_2106_N20_VIIRS,Gas Flare / Persistent Thermal Source,GF_WB_957
27.3165_95.2683_2023-10-28_1949_N_VIIRS,Gas Flare / Persistent Thermal Source,GF_WB_825
20.9659_86.0099_2023-10-31_1944_N20_VIIRS,Gas Flare / Persistent Thermal Source,GF_WB_596
26.9892_94.8098_2023-10-21_1930_N20_VIIRS,Gas Flare / Persistent Thermal Source,GF_WB_1384
20.9623_86.0054_2023-11-26_2047_N_VIIRS,Gas Flare / Persistent Thermal Source,GF_WB_467
26.8104_94.6926_2023-11-14_1839_N20_VIIRS,Gas Flare / Persistent Thermal Source,GF_WB_628
19.5690_71.3556_2023-11-18_1958_N_VIIRS,Gas Flare / Persistent Thermal Source,GF_WB_463
27.3169_95.2643_2023-11-12_2008_N_VIIRS,Gas Flare / Persistent Thermal Source,GF_WB_1088
26.0669_93.9290_2023-11-29_1859_N20_VIIRS,Gas Flare / Persistent Thermal Source,GF_WB_1371
27.3178_95.2640_2023-09-17_1827_N20_VIIRS,Gas Flare / Persistent Thermal Source,GF_WB_1088
20.9627_86.0052_2023-11-30_2022_N20_VIIRS,Gas Flare / Persistent Thermal Source,GF_WB_183
20.9633_86.0050_2023-09-25_0741_N_VIIRS,Gas Flare / Persistent Thermal Source,GF_WB_183
19.5699_71.3553_2023-10-13_2113_N_VIIRS,Gas Flare / Persistent Thermal Source,GF_WB_37
19.3694_71.3521_2023-11-14_2114_N_VIIRS,Gas Flare / Persistent Thermal Source,GF_WB_779
18.9199_72.0430_2023-11-28_2101_N20_VIIRS,Gas Flare / Persistent Thermal Source,GF_WB_1223
19.1769_70.9487_2023-11-07_2145_N_VIIRS,Gas Flare / Persistent Thermal Source,GF_WB_451
25.3003_71.7696_2023-11-18_2137_N_VIIRS,Gas Flare / Persistent Thermal Source,GF_WB_801
22.3411_69.8690_2023-09-15_0910_N_VIIRS,Gas Flare / Persistent Thermal Source,GF_WB_1048
27.3799_95.0871_2023-10-28_1858_N20_VIIRS,Gas Flare / Persistent Thermal Source,GF_WB_1405
19.1776_70.9436_2023-10-27_2100_N20_VIIRS,Gas Flare / Persistent Thermal Source,GF_WB_584
23.6681_86.9214_2023-11-10_1906_N_VIIRS,Gas Flare / Persistent Thermal Source,GF_WB_614
20.9615_86.0073_2023-11-17_2016_N_VIIRS,Gas Flare / Persistent Thermal Source,GF_WB_467
18.9716_71.6228_2023-10-15_2036_N_VIIRS,Gas Flare / Persistent Thermal Source,GF_WB_1224
27.3169_95.2643_2023-09-24_1846_N_VIIRS,Gas Flare / Persistent Thermal Source,GF_WB_1088
22.3427_69.8717_2023-09-27_2023_N20_VIIRS,Gas Flare / Persistent Thermal Source,GF_WB_1048
17.5323_83.0007_2023-10-30_2004_N20_VIIRS,Gas Flare / Persistent Thermal Source,GF_WB_13
19.1789_70.9476_2023-10-30_2055_N_VIIRS,Gas Flare / Persistent Thermal Source,GF_WB_309
19.3729_71.3526_2023-09-22_2017_N20_VIIRS,Gas Flare / Persistent Thermal Source,GF_WB_1341
23.6317_86.2930_2023-10-27_2009_N_VIIRS,Gas Flare / Persistent Thermal Source,GF_WB_217
23.6310_86.2952_2023-10-29_1931_N_VIIRS,Gas Flare / Persistent Thermal Source,GF_WB_217
22.3448_69.8786_2023-11-24_2035_N20_VIIRS,Gas Flare / Persistent Thermal Source,GF_WB_1144
27.5348_95.3979_2023-09-29_1852_N_VIIRS,Gas Flare / Persistent Thermal Source,GF_WB_1105
22.3425_69.8825_2023-11-18_0910_N_VIIRS,Gas Flare / Persistent Thermal Source,GF_WB_957
27.5605_96.0387_2023-11-06_1840_N_VIIRS,Gas Flare / Persistent Thermal Source,GF_WB_1422
26.7740_94.5049_2023-09-25_1827_N_VIIRS,Gas Flare / Persistent Thermal Source,GF_WB_1378
19.3689_71.3524_2023-10-25_2049_N_VIIRS,Gas Flare / Persistent Thermal Source,GF_WB_779
16.5539_82.5958_2023-11-03_1940_N_VIIRS,Gas Flare / Persistent Thermal Source,GF_WB_1322
19.3688_71.3525_2023-09-19_2114_N20_VIIRS,Gas Flare / Persistent Thermal Source,GF_WB_779
27.5560_96.0381_2023-11-23_1821_N_VIIRS,Gas Flare / Persistent Thermal Source,GF_WB_663
22.3444_69.8820_2023-09-28_0826_N_VIIRS,Gas Flare / Persistent Thermal Source,GF_WB_957
27.3775_95.0859_2023-11-29_1858_N20_VIIRS,Gas Flare / Persistent Thermal Source,GF_WB_1405
26.6444_79.4796_2023-11-11_2117_N20_VIIRS,Gas Flare / Persistent Thermal Source,GF_WB_625
27.3176_95.2640_2023-11-27_1936_N20_VIIRS,Gas Flare / Persistent Thermal Source,GF_WB_1088
23.4068_72.4168_2023-11-01_2106_N20_VIIRS,Gas Flare / Persistent Thermal Source,GF_WB_1357
18.9716_71.6229_2023-10-17_0818_N20_VIIRS,Gas Flare / Persistent Thermal Source,GF_WB_1224
18.9746_71.6252_2023-11-22_2113_N20_VIIRS,Gas Flare / Persistent Thermal Source,GF_WB_1332
19.3709_71.3560_2023-11-15_2055_N_VIIRS,Gas Flare / Persistent Thermal Source,GF_WB_1131
19.3707_71.3560_2023-11-05_2042_N_VIIRS,Gas Flare / Persistent Thermal Source,GF_WB_1131
18.9742_71.6255_2023-10-26_2119_N20_VIIRS,Gas Flare / Persistent Thermal Source,GF_WB_1224
27.3198_95.2652_2023-11-30_1930_N_VIIRS,Gas Flare / Persistent Thermal Source,GF_WB_992
23.6688_86.9227_2023-11-09_2015_N20_VIIRS,Gas Flare / Persistent Thermal Source,GF_WB_614
22.3413_69.8800_2023-11-20_2100_N_VIIRS,Gas Flare / Persistent Thermal Source,GF_WB_957
19.3712_71.3518_2023-11-17_2107_N20_VIIRS,Gas Flare / Persistent Thermal Source,GF_WB_1341
19.1788_70.9479_2023-10-10_2120_N20_VIIRS,Gas Flare / Persistent Thermal Source,GF_WB_309
15.9632_80.9363_2023-10-25_1958_N20_VIIRS,Gas Flare / Persistent Thermal Source,GF_WB_760
27.6037_95.4001_2023-11-13_1949_N_VIIRS,Gas Flare / Persistent Thermal Source,GF_WB_1012
19.5293_71.3016_2023-10-30_2055_N_VIIRS,Gas Flare / Persistent Thermal Source,GF_WB_319
26.6423_79.4817_2023-11-29_2040_N20_VIIRS,Gas Flare / Persistent Thermal Source,GF_WB_625
22.3453_69.8807_2023-09-26_2041_N20_VIIRS,Gas Flare / Persistent Thermal Source,GF_WB_1144
26.6418_79.4765_2023-10-03_2008_N20_VIIRS,Gas Flare / Persistent Thermal Source,GF_WB_90
23.6267_86.2903_2023-10-08_2015_N20_VIIRS,Gas Flare / Persistent Thermal Source,GF_WB_612
20.9637_86.0050_2023-11-12_2010_N_VIIRS,Gas Flare / Persistent Thermal Source,GF_WB_183
27.3183_95.2691_2023-11-02_1955_N_VIIRS,Gas Flare / Persistent Thermal Source,GF_WB_825
19.3490_71.3035_2023-10-25_2049_N_VIIRS,Gas Flare / Persistent Thermal Source,GF_WB_1340
27.3183_95.2639_2023-11-13_1858_N20_VIIRS,Gas Flare / Persistent Thermal Source,GF_WB_1088
19.3702_71.3518_2023-11-23_2054_N20_VIIRS,Gas Flare / Persistent Thermal Source,GF_WB_33
18.9741_71.6256_2023-10-29_0843_N_VIIRS,Gas Flare / Persistent Thermal Source,GF_WB_1224
27.5382_95.4010_2023-10-28_1858_N20_VIIRS,Gas Flare / Persistent Thermal Source,GF_WB_1420
22.3453_69.8754_2023-11-30_2022_N20_VIIRS,Gas Flare / Persistent Thermal Source,GF_WB_1354
27.4710_95.4214_2023-11-05_1859_N_VIIRS,Gas Flare / Persistent Thermal Source,GF_WB_1416
27.1568_94.9286_2023-11-28_1917_N20_VIIRS,Gas Flare / Persistent Thermal Source,GF_WB_1390
19.3726_71.3554_2023-11-02_2139_N_VIIRS,Gas Flare / Persistent Thermal Source,GF_WB_1341
27.4595_95.4747_2023-11-30_2020_N20_VIIRS,Gas Flare / Persistent Thermal Source,GF_WB_659
18.9759_71.6222_2023-11-09_2017_N20_VIIRS,Gas Flare / Persistent Thermal Source,GF_WB_1332
27.3201_95.2663_2023-11-05_1948_N20_VIIRS,Gas Flare / Persistent Thermal Source,GF_WB_533
19.3498_71.3042_2023-10-18_2029_N20_VIIRS,Gas Flare / Persistent Thermal Source,GF_WB_1340
19.1787_70.9437_2023-10-12_2042_N20_VIIRS,Gas Flare / Persistent Thermal Source,GF_WB_1335
18.9762_71.6227_2023-11-18_1958_N_VIIRS,Gas Flare / Persistent Thermal Source,GF_WB_1332
18.7084_72.3411_2023-11-02_2048_N20_VIIRS,Gas Flare / Persistent Thermal Source,GF_WB_1330
18.9716_71.6228_2023-10-07_2126_N_VIIRS,Gas Flare / Persistent Thermal Source,GF_WB_1224
27.3191_95.2643_2023-11-06_1840_N_VIIRS,Gas Flare / Persistent Thermal Source,GF_WB_1088
27.3199_95.2654_2023-10-10_1936_N20_VIIRS,Gas Flare / Persistent Thermal Source,GF_WB_992
27.5571_96.0374_2023-11-25_1833_N20_VIIRS,Gas Flare / Persistent Thermal Source,GF_WB_663
18.9727_71.6219_2023-11-29_2042_N20_VIIRS,Gas Flare / Persistent Thermal Source,GF_WB_1224
23.6654_86.9220_2023-10-20_1950_N20_VIIRS,Gas Flare / Persistent Thermal Source,GF_WB_614
27.4716_95.4220_2023-11-18_1904_N20_VIIRS,Gas Flare / Persistent Thermal Source,GF_WB_1416
27.5598_96.0379_2023-10-26_1846_N_VIIRS,Gas Flare / Persistent Thermal Source,GF_WB_1422
27.6080_95.4011_2023-10-16_2014_N_VIIRS,Gas Flare / Persistent Thermal Source,GF_WB_1424
27.6064_95.3995_2023-11-30_1839_N20_VIIRS,Gas Flare / Persistent Thermal Source,GF_WB_1424
27.6031_95.4035_2023-11-25_0608_N20_VIIRS,Gas Flare / Persistent Thermal Source,GF_WB_1109
22.3428_69.8827_2023-11-21_0813_N_VIIRS,Gas Flare / Persistent Thermal Source,GF_WB_957
19.5310_71.2987_2023-11-01_2107_N20_VIIRS,Gas Flare / Persistent Thermal Source,GF_WB_1343
19.5272_71.2979_2023-10-31_2036_N_VIIRS,Gas Flare / Persistent Thermal Source,GF_WB_783
23.6658_86.9214_2023-11-10_2047_N_VIIRS,Gas Flare / Persistent Thermal Source,GF_WB_614
27.4715_95.4219_2023-11-29_1858_N20_VIIRS,Gas Flare / Persistent Thermal Source,GF_WB_1416
19.3700_71.3518_2023-10-20_2042_N_VIIRS,Gas Flare / Persistent Thermal Source,GF_WB_317
20.9638_86.0050_2023-10-16_1925_N20_VIIRS,Gas Flare / Persistent Thermal Source,GF_WB_467
26.6441_79.4783_2023-10-11_2008_N_VIIRS,Gas Flare / Persistent Thermal Source,GF_WB_625
19.3706_71.3561_2023-11-15_0734_N20_VIIRS,Gas Flare / Persistent Thermal Source,GF_WB_1131
19.3729_71.3524_2023-10-10_2120_N20_VIIRS,Gas Flare / Persistent Thermal Source,GF_WB_1341
22.8087_72.5627_2023-10-15_2035_N_VIIRS,Gas Flare / Persistent Thermal Source,GF_WB_1356
19.3706_71.3517_2023-10-24_2016_N20_VIIRS,Gas Flare / Persistent Thermal Source,GF_WB_33
22.3423_69.8726_2023-11-25_2016_N20_VIIRS,Gas Flare / Persistent Thermal Source,GF_WB_1048
27.3186_95.2639_2023-10-29_1930_N_VIIRS,Gas Flare / Persistent Thermal Source,GF_WB_1088
27.2620_95.1481_2023-10-30_2001_N20_VIIRS,Gas Flare / Persistent Thermal Source,GF_WB_1085
27.3316_95.3235_2023-10-22_1910_N20_VIIRS,Gas Flare / Persistent Thermal Source,GF_WB_1398
23.4167_72.3534_2023-10-02_2028_N20_VIIRS,Gas Flare / Persistent Thermal Source,GF_WB_1358
19.3354_72.0182_2023-10-19_2101_N_VIIRS,Gas Flare / Persistent Thermal Source,GF_WB_1339
23.6303_86.2914_2023-10-14_2002_N20_VIIRS,Gas Flare / Persistent Thermal Source,GF_WB_612
23.6339_86.2982_2023-11-26_1956_N20_VIIRS,Gas Flare / Persistent Thermal Source,GF_WB_613
23.6280_86.2883_2023-10-15_0716_N20_VIIRS,Gas Flare / Persistent Thermal Source,GF_WB_612
18.8019_74.2596_2023-11-02_1958_N_VIIRS,Gas Flare / Persistent Thermal Source,GF_WB_1222
26.0584_93.8909_2023-11-05_1949_N20_VIIRS,Gas Flare / Persistent Thermal Source,GF_WB_806
26.5815_93.7751_2023-11-01_1923_N20_VIIRS,Gas Flare / Persistent Thermal Source,GF_WB_89
19.3491_71.3034_2023-10-30_2055_N_VIIRS,Gas Flare / Persistent Thermal Source,GF_WB_1340
22.3414_69.8816_2023-09-28_2144_N20_VIIRS,Gas Flare / Persistent Thermal Source,GF_WB_957
19.3319_72.0220_2023-10-18_0850_N_VIIRS,Gas Flare / Persistent Thermal Source,GF_WB_864
27.3197_95.2649_2023-11-22_1930_N20_VIIRS,Gas Flare / Persistent Thermal Source,GF_WB_1088
27.3960_95.4329_2023-11-29_1858_N20_VIIRS,Gas Flare / Persistent Thermal Source,GF_WB_1408
27.3174_95.2639_2023-10-29_1839_N20_VIIRS,Gas Flare / Persistent Thermal Source,GF_WB_1088
27.4710_95.4213_2023-11-28_1827_N_VIIRS,Gas Flare / Persistent Thermal Source,GF_WB_1416
27.3187_95.2639_2023-11-25_2013_N20_VIIRS,Gas Flare / Persistent Thermal Source,GF_WB_1088
27.3201_95.2660_2023-11-01_1923_N20_VIIRS,Gas Flare / Persistent Thermal Source,GF_WB_391
26.0614_93.8919_2023-10-20_1949_N20_VIIRS,Gas Flare / Persistent Thermal Source,GF_WB_1370
23.6332_86.2979_2023-10-18_1938_N_VIIRS,Gas Flare / Persistent Thermal Source,GF_WB_613
18.8024_74.2597_2023-11-04_2101_N_VIIRS,Gas Flare / Persistent Thermal Source,GF_WB_1222
18.9735_71.6214_2023-11-07_2005_N_VIIRS,Gas Flare / Persistent Thermal Source,GF_WB_1332
22.3455_69.8800_2023-11-30_2113_N_VIIRS,Gas Flare / Persistent Thermal Source,GF_WB_1144
27.2588_95.1505_2023-10-22_2001_N_VIIRS,Gas Flare / Persistent Thermal Source,GF_WB_898
27.6059_95.3995_2023-10-29_2019_N20_VIIRS,Gas Flare / Persistent Thermal Source,GF_WB_1424
20.9658_86.0106_2023-11-19_2028_N20_VIIRS,Gas Flare / Persistent Thermal Source,GF_WB_596
22.3417_69.8690_2023-11-17_2016_N_VIIRS,Gas Flare / Persistent Thermal Source,GF_WB_1048
26.6427_79.4766_2023-11-19_1937_N_VIIRS,Gas Flare / Persistent Thermal Source,GF_WB_516
23.5464_72.4064_2023-10-24_2015_N20_VIIRS,Gas Flare / Persistent Thermal Source,GF_WB_1362
22.3431_69.8641_2023-11-19_0800_N20_VIIRS,Gas Flare / Persistent Thermal Source,GF_WB_1142
18.9749_71.6213_2023-10-29_2023_N20_VIIRS,Gas Flare / Persistent Thermal Source,GF_WB_1332
27.3161_95.2654_2023-09-15_1955_N_VIIRS,Gas Flare / Persistent Thermal Source,GF_WB_1088
27.3195_95.2645_2023-09-26_1949_N_VIIRS,Gas Flare / Persistent Thermal Source,GF_WB_1088
27.6082_95.4015_2023-11-13_1858_N20_VIIRS,Gas Flare / Persistent Thermal Source,GF_WB_1424
27.3174_95.2639_2023-10-28_1949_N_VIIRS,Gas Flare / Persistent Thermal Source,GF_WB_1088
22.3454_69.8793_2023-11-21_2041_N_VIIRS,Gas Flare / Persistent Thermal Source,GF_WB_1144
22.3417_69.8643_2023-11-20_0832_N_VIIRS,Gas Flare / Persistent Thermal Source,GF_WB_1142
26.7846_94.6699_2023-11-26_1905_N_VIIRS,Gas Flare / Persistent Thermal Source,GF_WB_1379
18.9762_71.6225_2023-11-27_2120_N20_VIIRS,Gas Flare / Persistent Thermal Source,GF_WB_1332
19.5680_71.3565_2023-10-11_2101_N20_VIIRS,Gas Flare / Persistent Thermal Source,GF_WB_463
23.4092_72.4165_2023-11-21_2041_N_VIIRS,Gas Flare / Persistent Thermal Source,GF_WB_1357
19.3733_71.3546_2023-11-02_2139_N_VIIRS,Gas Flare / Persistent Thermal Source,GF_WB_1341
27.3203_95.2671_2023-11-06_1840_N_VIIRS,Gas Flare / Persistent Thermal Source,GF_WB_107
18.9716_71.6226_2023-10-31_0806_N_VIIRS,Gas Flare / Persistent Thermal Source,GF_WB_1224
27.6072_95.4038_2023-10-20_1948_N20_VIIRS,Gas Flare / Persistent Thermal Source,GF_WB_754
27.0308_94.8918_2023-10-26_0620_N_VIIRS,Gas Flare / Persistent Thermal Source,GF_WB_1280
19.5694_71.3552_2023-10-09_0818_N_VIIRS,Gas Flare / Persistent Thermal Source,GF_WB_321
22.3448_69.8783_2023-11-17_2106_N20_VIIRS,Gas Flare / Persistent Thermal Source,GF_WB_1144
22.8067_72.5631_2023-10-27_2010_N_VIIRS,Gas Flare / Persistent Thermal Source,GF_WB_1146
26.6438_79.4778_2023-11-21_1949_N20_VIIRS,Gas Flare / Persistent Thermal Source,GF_WB_625
20.9652_86.0062_2023-09-23_1957_N20_VIIRS,Gas Flare / Persistent Thermal Source,GF_WB_467
19.2112_72.0374_2023-10-27_2100_N20_VIIRS,Gas Flare / Persistent Thermal Source,GF_WB_452
19.1792_70.9438_2023-10-07_2036_N20_VIIRS,Gas Flare / Persistent Thermal Source,GF_WB_1335
27.3497_95.3071_2023-10-27_2008_N_VIIRS,Gas Flare / Persistent Thermal Source,GF_WB_733
19.3687_71.3556_2023-10-19_2101_N_VIIRS,Gas Flare / Persistent Thermal Source,GF_WB_1031
27.3174_95.2638_2023-11-25_1833_N20_VIIRS,Gas Flare / Persistent Thermal Source,GF_WB_1088
27.2631_95.1484_2023-11-29_1858_N20_VIIRS,Gas Flare / Persistent Thermal Source,GF_WB_1392
22.3428_69.8699_2023-11-17_2106_N20_VIIRS,Gas Flare / Persistent Thermal Source,GF_WB_1048
27.6081_95.4025_2023-11-26_1955_N20_VIIRS,Gas Flare / Persistent Thermal Source,GF_WB_1424
26.1867_91.8108_2023-11-10_0729_N20_VIIRS,Gas Flare / Persistent Thermal Source,GF_WB_976
22.3421_69.8784_2023-09-27_2023_N20_VIIRS,Gas Flare / Persistent Thermal Source,GF_WB_1144
19.5297_71.2975_2023-11-16_2036_N_VIIRS,Gas Flare / Persistent Thermal Source,GF_WB_1343
19.5310_71.2984_2023-10-31_2036_N_VIIRS,Gas Flare / Persistent Thermal Source,GF_WB_1343
27.4706_95.4254_2023-11-13_1949_N_VIIRS,Gas Flare / Persistent Thermal Source,GF_WB_1416
27.6066_95.3994_2023-11-29_1858_N20_VIIRS,Gas Flare / Persistent Thermal Source,GF_WB_1424
23.6654_86.9216_2023-10-07_2034_N20_VIIRS,Gas Flare / Persistent Thermal Source,GF_WB_614
23.6319_86.2941_2023-10-07_1944_N_VIIRS,Gas Flare / Persistent Thermal Source,GF_WB_75
20.9637_86.0048_2023-11-10_1957_N20_VIIRS,Gas Flare / Persistent Thermal Source,GF_WB_41
27.3160_95.2659_2023-11-03_1936_N_VIIRS,Gas Flare / Persistent Thermal Source,GF_WB_1088
19.3700_71.3517_2023-11-05_2132_N20_VIIRS,Gas Flare / Persistent Thermal Source,GF_WB_459
19.3341_72.0178_2023-10-17_2138_N_VIIRS,Gas Flare / Persistent Thermal Source,GF_WB_1339
19.3694_71.3562_2023-10-03_2101_N_VIIRS,Gas Flare / Persistent Thermal Source,GF_WB_1131
19.3698_71.3517_2023-10-12_2132_N_VIIRS,Gas Flare / Persistent Thermal Source,GF_WB_33
21.7387_73.0146_2023-10-07_2125_N_VIIRS,Gas Flare / Persistent Thermal Source,GF_WB_472
22.3444_69.8721_2023-09-28_2004_N20_VIIRS,Gas Flare / Persistent Thermal Source,GF_WB_1354
18.9718_71.6222_2023-10-09_2138_N20_VIIRS,Gas Flare / Persistent Thermal Source,GF_WB_1224
23.4074_72.4162_2023-10-30_2054_N_VIIRS,Gas Flare / Persistent Thermal Source,GF_WB_1357
22.3434_69.8682_2023-11-28_0922_N_VIIRS,Gas Flare / Persistent Thermal Source,GF_WB_1142
15.9653_80.9366_2023-11-09_2017_N20_VIIRS,Gas Flare / Persistent Thermal Source,GF_WB_1318
18.9762_71.6224_2023-11-25_2017_N20_VIIRS,Gas Flare / Persistent Thermal Source,GF_WB_1332
19.3704_71.3516_2023-11-24_2036_N20_VIIRS,Gas Flare / Persistent Thermal Source,GF_WB_175
19.2853_71.4344_2023-11-27_2030_N_VIIRS,Gas Flare / Persistent Thermal Source,GF_WB_1338
18.9711_71.6240_2023-11-27_0849_N20_VIIRS,Gas Flare / Persistent Thermal Source,GF_WB_1224
27.5590_96.0374_2023-10-15_1942_N20_VIIRS,Gas Flare / Persistent Thermal Source,GF_WB_1422
18.9206_72.0387_2023-11-28_2101_N20_VIIRS,Gas Flare / Persistent Thermal Source,GF_WB_582
27.5592_96.0374_2023-10-30_2001_N20_VIIRS,Gas Flare / Persistent Thermal Source,GF_WB_1422
27.6079_95.4030_2023-11-25_2013_N20_VIIRS,Gas Flare / Persistent Thermal Source,GF_WB_1424
27.5382_95.3990_2023-10-29_2019_N20_VIIRS,Gas Flare / Persistent Thermal Source,GF_WB_1420
22.3416_69.8791_2023-11-17_2157_N_VIIRS,Gas Flare / Persistent Thermal Source,GF_WB_1144
19.5306_71.2979_2023-10-28_2042_N20_VIIRS,Gas Flare / Persistent Thermal Source,GF_WB_1343
26.1881_91.8056_2023-11-10_1905_N_VIIRS,Gas Flare / Persistent Thermal Source,GF_WB_713
27.6029_95.4029_2023-11-27_0710_N20_VIIRS,Gas Flare / Persistent Thermal Source,GF_WB_1109
26.0603_93.8911_2023-11-03_1846_N20_VIIRS,Gas Flare / Persistent Thermal Source,GF_WB_1370
27.3658_94.8968_2023-11-14_0614_N20_VIIRS,Gas Flare / Persistent Thermal Source,GF_WB_996
22.3452_69.8725_2023-11-20_2010_N20_VIIRS,Gas Flare / Persistent Thermal Source,GF_WB_1354
26.0643_93.9272_2023-11-22_1930_N20_VIIRS,Gas Flare / Persistent Thermal Source,GF_WB_85
19.3721_71.3517_2023-11-18_2048_N20_VIIRS,Gas Flare / Persistent Thermal Source,GF_WB_1341
16.5495_82.5952_2023-11-03_1940_N_VIIRS,Gas Flare / Persistent Thermal Source,GF_WB_1215
18.9717_71.6255_2023-11-03_2120_N_VIIRS,Gas Flare / Persistent Thermal Source,GF_WB_1224
22.3431_69.8860_2023-11-26_0909_N20_VIIRS,Gas Flare / Persistent Thermal Source,GF_WB_1143
18.7086_72.3410_2023-10-09_2138_N20_VIIRS,Gas Flare / Persistent Thermal Source,GF_WB_1330
27.5588_96.0374_2023-10-22_1910_N20_VIIRS,Gas Flare / Persistent Thermal Source,GF_WB_1422
19.1762_70.9434_2023-10-26_2030_N_VIIRS,Gas Flare / Persistent Thermal Source,GF_WB_770
19.3703_71.3516_2023-10-29_2023_N20_VIIRS,Gas Flare / Persistent Thermal Source,GF_WB_317
22.3451_69.8760_2023-11-28_2100_N20_VIIRS,Gas Flare / Persistent Thermal Source,GF_WB_1354
27.4687_95.4205_2023-11-24_1942_N_VIIRS,Gas Flare / Persistent Thermal Source,GF_WB_841
27.3164_95.2645_2023-11-30_1930_N_VIIRS,Gas Flare / Persistent Thermal Source,GF_WB_1088
27.3186_95.2637_2023-09-27_1840_N20_VIIRS,Gas Flare / Persistent Thermal Source,GF_WB_1088
26.8119_94.6932_2023-11-11_1936_N20_VIIRS,Gas Flare / Persistent Thermal Source,GF_WB_1381
22.3433_69.8777_2023-11-20_2150_N20_VIIRS,Gas Flare / Persistent Thermal Source,GF_WB_1144
22.3418_69.8824_2023-11-25_0838_N_VIIRS,Gas Flare / Persistent Thermal Source,GF_WB_957
20.9622_86.0051_2023-11-04_1920_N_VIIRS,Gas Flare / Persistent Thermal Source,GF_WB_183
23.6271_86.2887_2023-10-08_2015_N20_VIIRS,Gas Flare / Persistent Thermal Source,GF_WB_612
19.5313_71.3004_2023-11-24_2036_N20_VIIRS,Gas Flare / Persistent Thermal Source,GF_WB_1343
27.4709_95.4210_2023-10-31_1942_N20_VIIRS,Gas Flare / Persistent Thermal Source,GF_WB_1416
27.3158_95.2672_2023-11-19_1936_N_VIIRS,Gas Flare / Persistent Thermal Source,GF_WB_825
21.7891_72.1287_2023-11-24_2035_N20_VIIRS,Gas Flare / Persistent Thermal Source,GF_WB_789
27.4721_95.4227_2023-11-20_2007_N20_VIIRS,Gas Flare / Persistent Thermal Source,GF_WB_1416
27.5593_96.0374_2023-10-19_1826_N20_VIIRS,Gas Flare / Persistent Thermal Source,GF_WB_1422
22.3444_69.8720_2023-11-16_2125_N20_VIIRS,Gas Flare / Persistent Thermal Source,GF_WB_1354
19.3720_71.3516_2023-11-11_2030_N_VIIRS,Gas Flare / Persistent Thermal Source,GF_WB_1341
19.3690_71.3560_2023-10-12_0902_N_VIIRS,Gas Flare / Persistent Thermal Source,GF_WB_1131
23.6306_86.2912_2023-10-08_2015_N20_VIIRS,Gas Flare / Persistent Thermal Source,GF_WB_612
27.3198_95.2647_2023-10-16_2014_N_VIIRS,Gas Flare / Persistent Thermal Source,GF_WB_1088
27.3204_95.2663_2023-10-21_2020_N_VIIRS,Gas Flare / Persistent Thermal Source,GF_WB_533
18.9745_71.6211_2023-10-27_2100_N20_VIIRS,Gas Flare / Persistent Thermal Source,GF_WB_1332
19.5699_71.3550_2023-10-14_2055_N_VIIRS,Gas Flare / Persistent Thermal Source,GF_WB_37
27.4685_95.4205_2023-11-22_1840_N_VIIRS,Gas Flare / Persistent Thermal Source,GF_WB_841
19.0682_73.1343_2023-10-17_2048_N20_VIIRS,Gas Flare / Persistent Thermal Source,GF_WB_1226
27.3784_95.0855_2023-11-18_1904_N20_VIIRS,Gas Flare / Persistent Thermal Source,GF_WB_1405
27.4620_95.4740_2023-11-30_1839_N20_VIIRS,Gas Flare / Persistent Thermal Source,GF_WB_1414
27.4719_95.4221_2023-10-29_1839_N20_VIIRS,Gas Flare / Persistent Thermal Source,GF_WB_1416
27.3691_94.8984_2023-11-15_0735_N20_VIIRS,Gas Flare / Persistent Thermal Source,GF_WB_830
27.3159_95.2680_2023-11-03_1936_N_VIIRS,Gas Flare / Persistent Thermal Source,GF_WB_825
26.0655_93.9271_2023-11-28_1918_N20_VIIRS,Gas Flare / Persistent Thermal Source,GF_WB_1371
23.6321_86.2933_2023-11-27_2028_N_VIIRS,Gas Flare / Persistent Thermal Source,GF_WB_75
22.3449_69.8819_2023-11-29_0813_N20_VIIRS,Gas Flare / Persistent Thermal Source,GF_WB_957
22.3417_69.8787_2023-11-28_0742_N_VIIRS,Gas Flare / Persistent Thermal Source,GF_WB_1144
22.3425_69.8829_2023-11-23_2144_N_VIIRS,Gas Flare / Persistent Thermal Source,GF_WB_957
18.9724_71.6218_2023-11-06_2024_N_VIIRS,Gas Flare / Persistent Thermal Source,GF_WB_1224
27.1587_94.9286_2023-10-20_1948_N20_VIIRS,Gas Flare / Persistent Thermal Source,GF_WB_1390
18.9733_71.6213_2023-10-08_2017_N20_VIIRS,Gas Flare / Persistent Thermal Source,GF_WB_1332
27.3203_95.2660_2023-11-23_2001_N_VIIRS,Gas Flare / Persistent Thermal Source,GF_WB_533
18.9718_71.6221_2023-10-21_2113_N20_VIIRS,Gas Flare / Persistent Thermal Source,GF_WB_1224
16.6353_81.5934_2023-11-18_2048_N20_VIIRS,Gas Flare / Persistent Thermal Source,GF_WB_1216
17.5334_83.0008_2023-10-18_2029_N20_VIIRS,Gas Flare / Persistent Thermal Source,GF_WB_764
25.3016_71.7677_2023-11-06_2111_N20_VIIRS,Gas Flare / Persistent Thermal Source,GF_WB_1365
22.3382_69.8673_2023-10-11_2100_N20_VIIRS,Gas Flare / Persistent Thermal Source,GF_WB_956
19.3687_71.3559_2023-11-14_2114_N_VIIRS,Gas Flare / Persistent Thermal Source,GF_WB_1131
18.9743_71.6210_2023-10-22_2054_N20_VIIRS,Gas Flare / Persistent Thermal Source,GF_WB_1332
18.9732_71.6213_2023-10-03_2101_N_VIIRS,Gas Flare / Persistent Thermal Source,GF_WB_1332
18.9749_71.6211_2023-11-21_2132_N20_VIIRS,Gas Flare / Persistent Thermal Source,GF_WB_1332
19.5303_71.3017_2023-10-31_2125_N20_VIIRS,Gas Flare / Persistent Thermal Source,GF_WB_1343
26.7735_94.5045_2023-11-12_1917_N20_VIIRS,Gas Flare / Persistent Thermal Source,GF_WB_1378
18.7036_72.3416_2023-10-31_2036_N_VIIRS,Gas Flare / Persistent Thermal Source,GF_WB_767
20.9664_86.0095_2023-11-13_2041_N20_VIIRS,Gas Flare / Persistent Thermal Source,GF_WB_596
27.3194_95.2641_2023-10-17_1904_N20_VIIRS,Gas Flare / Persistent Thermal Source,GF_WB_1088
27.3159_95.2652_2023-11-05_1948_N20_VIIRS,Gas Flare / Persistent Thermal Source,GF_WB_1088
27.4666_95.4239_2023-11-22_2020_N_VIIRS,Gas Flare / Persistent Thermal Source,GF_WB_660
22.3413_69.8733_2023-11-17_2016_N_VIIRS,Gas Flare / Persistent Thermal Source,GF_WB_1048
27.5601_96.0377_2023-09-17_2008_N20_VIIRS,Gas Flare / Persistent Thermal Source,GF_WB_1422
19.5311_71.3009_2023-11-12_2101_N20_VIIRS,Gas Flare / Persistent Thermal Source,GF_WB_1343
18.9754_71.6213_2023-11-22_2113_N20_VIIRS,Gas Flare / Persistent Thermal Source,GF_WB_1332
19.3456_71.3029_2023-10-25_2049_N_VIIRS,Gas Flare / Persistent Thermal Source,GF_WB_590
27.4666_95.4227_2023-11-12_1827_N_VIIRS,Gas Flare / Persistent Thermal Source,GF_WB_660
26.6434_79.4769_2023-10-29_2020_N20_VIIRS,Gas Flare / Persistent Thermal Source,GF_WB_90
26.6435_79.4770_2023-10-29_1931_N_VIIRS,Gas Flare / Persistent Thermal Source,GF_WB_90
26.6434_79.4819_2023-10-08_2105_N_VIIRS,Gas Flare / Persistent Thermal Source,GF_WB_625
27.4671_95.4216_2023-10-20_1858_N_VIIRS,Gas Flare / Persistent Thermal Source,GF_WB_912
18.9763_71.6223_2023-11-24_2036_N20_VIIRS,Gas Flare / Persistent Thermal Source,GF_WB_1332
22.3443_69.8826_2023-11-24_2125_N_VIIRS,Gas Flare / Persistent Thermal Source,GF_WB_957
18.9711_71.6248_2023-10-25_2138_N20_VIIRS,Gas Flare / Persistent Thermal Source,GF_WB_1224
22.3437_69.8682_2023-11-21_2131_N20_VIIRS,Gas Flare / Persistent Thermal Source,GF_WB_1142
19.3694_71.3517_2023-10-19_2101_N_VIIRS,Gas Flare / Persistent Thermal Source,GF_WB_779
27.5363_95.3977_2023-09-27_1840_N20_VIIRS,Gas Flare / Persistent Thermal Source,GF_WB_1420
27.3764_95.0856_2023-10-19_2007_N20_VIIRS,Gas Flare / Persistent Thermal Source,GF_WB_1095
19.5680_71.3587_2023-10-13_0753_N20_VIIRS,Gas Flare / Persistent Thermal Source,GF_WB_784
18.9726_71.6216_2023-10-25_2049_N_VIIRS,Gas Flare / Persistent Thermal Source,GF_WB_1224
27.6045_95.3993_2023-11-05_1948_N20_VIIRS,Gas Flare / Persistent Thermal Source,GF_WB_1012
23.4103_72.4181_2023-11-16_2125_N20_VIIRS,Gas Flare / Persistent Thermal Source,GF_WB_1357
27.8344_79.8264_2023-09-25_2058_N20_VIIRS,Gas Flare / Persistent Thermal Source,GF_WB_279
27.6054_95.3993_2023-11-25_1833_N20_VIIRS,Gas Flare / Persistent Thermal Source,GF_WB_1012
23.6667_86.9206_2023-11-06_1931_N20_VIIRS,Gas Flare / Persistent Thermal Source,GF_WB_614
20.9643_86.0116_2023-09-24_2029_N_VIIRS,Gas Flare / Persistent Thermal Source,GF_WB_596
23.6322_86.2936_2023-10-13_2021_N20_VIIRS,Gas Flare / Persistent Thermal Source,GF_WB_501
27.3183_95.2635_2023-10-26_1846_N_VIIRS,Gas Flare / Persistent Thermal Source,GF_WB_1088
27.4622_95.4738_2023-10-29_1839_N20_VIIRS,Gas Flare / Persistent Thermal Source,GF_WB_1414
22.3450_69.8782_2023-11-21_2131_N20_VIIRS,Gas Flare / Persistent Thermal Source,GF_WB_1144
19.3730_71.3521_2023-11-07_2145_N_VIIRS,Gas Flare / Persistent Thermal Source,GF_WB_1341
18.9722_71.6217_2023-11-23_2005_N_VIIRS,Gas Flare / Persistent Thermal Source,GF_WB_1224
22.3414_69.8790_2023-11-21_2131_N20_VIIRS,Gas Flare / Persistent Thermal Source,GF_WB_1144
19.3709_71.3515_2023-11-07_2054_N20_VIIRS,Gas Flare / Persistent Thermal Source,GF_WB_1341
18.9737_71.6262_2023-11-14_2114_N_VIIRS,Gas Flare / Persistent Thermal Source,GF_WB_1224
27.4674_95.4253_2023-10-16_0657_N20_VIIRS,Gas Flare / Persistent Thermal Source,GF_WB_660
19.5719_71.3622_2023-10-27_2100_N20_VIIRS,Gas Flare / Persistent Thermal Source,GF_WB_1035
19.3699_71.3515_2023-11-29_2132_N_VIIRS,Gas Flare / Persistent Thermal Source,GF_WB_175
18.9730_71.6214_2023-09-19_2114_N20_VIIRS,Gas Flare / Persistent Thermal Source,GF_WB_1332
19.2822_71.4382_2023-11-29_2132_N_VIIRS,Gas Flare / Persistent Thermal Source,GF_WB_863
27.6027_95.4025_2023-11-22_1840_N_VIIRS,Gas Flare / Persistent Thermal Source,GF_WB_1012
19.3694_71.3564_2023-11-15_0734_N20_VIIRS,Gas Flare / Persistent Thermal Source,GF_WB_1131
27.3181_95.2634_2023-11-26_1955_N20_VIIRS,Gas Flare / Persistent Thermal Source,GF_WB_1088
26.1897_91.8112_2023-11-28_2008_N_VIIRS,Gas Flare / Persistent Thermal Source,GF_WB_622
19.5712_71.3552_2023-10-06_2055_N20_VIIRS,Gas Flare / Persistent Thermal Source,GF_WB_321
27.0306_94.8921_2023-10-13_0704_N_VIIRS,Gas Flare / Persistent Thermal Source,GF_WB_635
10.8148_79.3046_2023-11-27_1941_N20_VIIRS,Gas Flare / Persistent Thermal Source,GF_WB_1316
23.6313_86.2955_2023-10-29_2021_N20_VIIRS,Gas Flare / Persistent Thermal Source,GF_WB_359
27.4697_95.4203_2023-11-09_1833_N20_VIIRS,Gas Flare / Persistent Thermal Source,GF_WB_841
22.3451_69.8818_2023-11-25_0838_N_VIIRS,Gas Flare / Persistent Thermal Source,GF_WB_957
21.7875_72.1260_2023-10-01_2048_N20_VIIRS,Gas Flare / Persistent Thermal Source,GF_WB_789
26.6447_79.4806_2023-10-17_2046_N20_VIIRS,Gas Flare / Persistent Thermal Source,GF_WB_625
25.2994_71.7634_2023-11-15_2002_N20_VIIRS,Gas Flare / Persistent Thermal Source,GF_WB_1365
22.3442_69.8717_2023-11-17_2157_N_VIIRS,Gas Flare / Persistent Thermal Source,GF_WB_1354
19.1778_70.9431_2023-11-08_2036_N20_VIIRS,Gas Flare / Persistent Thermal Source,GF_WB_584
19.5727_71.3619_2023-10-28_2041_N20_VIIRS,Gas Flare / Persistent Thermal Source,GF_WB_1344
19.3312_72.0217_2023-10-19_2101_N_VIIRS,Gas Flare / Persistent Thermal Source,GF_WB_864
19.5714_71.3554_2023-09-27_2114_N_VIIRS,Gas Flare / Persistent Thermal Source,GF_WB_37
23.6655_86.9211_2023-11-03_1938_N_VIIRS,Gas Flare / Persistent Thermal Source,GF_WB_614
19.2853_71.4338_2023-11-30_2023_N20_VIIRS,Gas Flare / Persistent Thermal Source,GF_WB_1338
15.9626_80.9357_2023-10-15_1946_N20_VIIRS,Gas Flare / Persistent Thermal Source,GF_WB_760
27.6084_95.4023_2023-11-30_2020_N20_VIIRS,Gas Flare / Persistent Thermal Source,GF_WB_1424
22.3414_69.8823_2023-09-27_2113_N_VIIRS,Gas Flare / Persistent Thermal Source,GF_WB_957
27.4708_95.4256_2023-11-06_2020_N_VIIRS,Gas Flare / Persistent Thermal Source,GF_WB_1416
19.5680_71.3559_2023-10-11_0831_N20_VIIRS,Gas Flare / Persistent Thermal Source,GF_WB_179
27.4704_95.4206_2023-10-09_1905_N_VIIRS,Gas Flare / Persistent Thermal Source,GF_WB_1416
18.5864_71.0304_2023-09-18_2043_N_VIIRS,Gas Flare / Persistent Thermal Source,GF_WB_930
27.5340_95.3976_2023-11-02_1955_N_VIIRS,Gas Flare / Persistent Thermal Source,GF_WB_1105
19.3461_71.3025_2023-10-31_2036_N_VIIRS,Gas Flare / Persistent Thermal Source,GF_WB_590
20.9639_86.0046_2023-11-05_1950_N20_VIIRS,Gas Flare / Persistent Thermal Source,GF_WB_41
26.7867_94.6690_2023-09-15_1905_N20_VIIRS,Gas Flare / Persistent Thermal Source,GF_WB_1379
27.4676_95.4207_2023-10-16_1833_N_VIIRS,Gas Flare / Persistent Thermal Source,GF_WB_841
19.3719_71.3514_2023-10-22_2054_N20_VIIRS,Gas Flare / Persistent Thermal Source,GF_WB_1341
19.3701_71.3566_2023-11-08_0856_N_VIIRS,Gas Flare / Persistent Thermal Source,GF_WB_1131
18.7089_72.3410_2023-11-24_2036_N20_VIIRS,Gas Flare / Persistent Thermal Source,GF_WB_1330
23.6306_86.2892_2023-10-28_1950_N_VIIRS,Gas Flare / Persistent Thermal Source,GF_WB_612
23.6280_86.2879_2023-10-09_1956_N20_VIIRS,Gas Flare / Persistent Thermal Source,GF_WB_612
27.3194_95.2639_2023-11-25_2013_N20_VIIRS,Gas Flare / Persistent Thermal Source,GF_WB_1088
19.3711_71.3513_2023-11-18_0728_N_VIIRS,Gas Flare / Persistent Thermal Source,GF_WB_1341
20.9664_86.0102_2023-10-13_1932_N_VIIRS,Gas Flare / Persistent Thermal Source,GF_WB_596
19.3701_71.3513_2023-11-21_2042_N_VIIRS,Gas Flare / Persistent Thermal Source,GF_WB_459
15.9654_80.9363_2023-11-19_2030_N20_VIIRS,Gas Flare / Persistent Thermal Source,GF_WB_1318
22.3422_69.8779_2023-09-27_2113_N_VIIRS,Gas Flare / Persistent Thermal Source,GF_WB_1144
19.3723_71.3514_2023-10-17_2048_N20_VIIRS,Gas Flare / Persistent Thermal Source,GF_WB_1341
27.3205_95.2659_2023-11-28_2007_N_VIIRS,Gas Flare / Persistent Thermal Source,GF_WB_533
22.3452_69.8818_2023-11-18_0910_N_VIIRS,Gas Flare / Persistent Thermal Source,GF_WB_957
23.4131_72.3534_2023-10-01_2138_N_VIIRS,Gas Flare / Persistent Thermal Source,GF_WB_796
22.3380_69.8658_2023-10-27_2100_N20_VIIRS,Gas Flare / Persistent Thermal Source,GF_WB_956
27.3203_95.2651_2023-11-12_1917_N20_VIIRS,Gas Flare / Persistent Thermal Source,GF_WB_992
23.6337_86.2976_2023-11-18_1957_N_VIIRS,Gas Flare / Persistent Thermal Source,GF_WB_613
18.9748_71.6209_2023-10-31_2126_N20_VIIRS,Gas Flare / Persistent Thermal Source,GF_WB_1332
27.4684_95.4259_2023-11-06_2020_N_VIIRS,Gas Flare / Persistent Thermal Source,GF_WB_660
19.3718_71.3513_2023-11-28_2011_N_VIIRS,Gas Flare / Persistent Thermal Source,GF_WB_1341
19.1768_70.9430_2023-10-20_2042_N_VIIRS,Gas Flare / Persistent Thermal Source,GF_WB_584
23.4181_72.3557_2023-10-29_2022_N20_VIIRS,Gas Flare / Persistent Thermal Source,GF_WB_1358
27.5587_96.0371_2023-11-05_1948_N20_VIIRS,Gas Flare / Persistent Thermal Source,GF_WB_134
19.5680_71.3558_2023-10-14_0734_N20_VIIRS,Gas Flare / Persistent Thermal Source,GF_WB_37
22.3410_69.8794_2023-11-18_0819_N20_VIIRS,Gas Flare / Persistent Thermal Source,GF_WB_957
23.6322_86.2976_2023-10-23_1944_N_VIIRS,Gas Flare / Persistent Thermal Source,GF_WB_613
27.4718_95.4249_2023-10-16_2014_N_VIIRS,Gas Flare / Persistent Thermal Source,GF_WB_1416
18.9754_71.6211_2023-10-20_2132_N20_VIIRS,Gas Flare / Persistent Thermal Source,GF_WB_1332
19.3705_71.3567_2023-11-10_0908_N20_VIIRS,Gas Flare / Persistent Thermal Source,GF_WB_1131
23.6336_86.2976_2023-10-19_2008_N20_VIIRS,Gas Flare / Persistent Thermal Source,GF_WB_613
19.3683_71.3558_2023-10-04_0902_N20_VIIRS,Gas Flare / Persistent Thermal Source,GF_WB_1031
22.3445_69.8647_2023-09-27_2113_N_VIIRS,Gas Flare / Persistent Thermal Source,GF_WB_1142
19.1764_70.9430_2023-10-25_2049_N_VIIRS,Gas Flare / Persistent Thermal Source,GF_WB_770
19.3492_71.3030_2023-10-17_2048_N20_VIIRS,Gas Flare / Persistent Thermal Source,GF_WB_1340
20.9610_86.0065_2023-10-05_0703_N20_VIIRS,Gas Flare / Persistent Thermal Source,GF_WB_183
22.3450_69.8665_2023-11-18_2047_N20_VIIRS,Gas Flare / Persistent Thermal Source,GF_WB_1142
26.1868_91.8112_2023-11-20_0742_N20_VIIRS,Gas Flare / Persistent Thermal Source,GF_WB_976
23.5448_72.4053_2023-10-27_2059_N20_VIIRS,Gas Flare / Persistent Thermal Source,GF_WB_1362
27.6083_95.4031_2023-11-22_1840_N_VIIRS,Gas Flare / Persistent Thermal Source,GF_WB_1424
23.5422_72.4061_2023-11-05_2041_N_VIIRS,Gas Flare / Persistent Thermal Source,GF_WB_964
20.9617_86.0050_2023-10-17_2047_N20_VIIRS,Gas Flare / Persistent Thermal Source,GF_WB_183
19.5289_71.2971_2023-11-01_0747_N_VIIRS,Gas Flare / Persistent Thermal Source,GF_WB_1343
19.5683_71.3553_2023-10-16_0837_N20_VIIRS,Gas Flare / Persistent Thermal Source,GF_WB_179
19.3347_72.0224_2023-10-19_2101_N_VIIRS,Gas Flare / Persistent Thermal Source,GF_WB_1339
18.9746_71.6259_2023-11-13_2132_N_VIIRS,Gas Flare / Persistent Thermal Source,GF_WB_1224
18.9745_71.6208_2023-10-24_2016_N20_VIIRS,Gas Flare / Persistent Thermal Source,GF_WB_1332
18.9731_71.6211_2023-11-07_2054_N20_VIIRS,Gas Flare / Persistent Thermal Source,GF_WB_1332
27.4614_95.4738_2023-11-29_1858_N20_VIIRS,Gas Flare / Persistent Thermal Source,GF_WB_1414
18.9746_71.6208_2023-11-17_2107_N20_VIIRS,Gas Flare / Persistent Thermal Source,GF_WB_1332
23.6322_86.2945_2023-11-06_1931_N20_VIIRS,Gas Flare / Persistent Thermal Source,GF_WB_75
17.5329_83.0004_2023-11-26_1958_N20_VIIRS,Gas Flare / Persistent Thermal Source,GF_WB_155
23.4095_72.4162_2023-11-11_2118_N20_VIIRS,Gas Flare / Persistent Thermal Source,GF_WB_1357
19.1783_70.9431_2023-11-11_2030_N_VIIRS,Gas Flare / Persistent Thermal Source,GF_WB_1335
23.5467_72.4061_2023-10-13_2022_N20_VIIRS,Gas Flare / Persistent Thermal Source,GF_WB_1362
27.4722_95.4243_2023-11-14_2019_N20_VIIRS,Gas Flare / Persistent Thermal Source,GF_WB_1416
22.3415_69.8785_2023-11-25_2107_N_VIIRS,Gas Flare / Persistent Thermal Source,GF_WB_1144
26.6450_79.4800_2023-11-06_2111_N20_VIIRS,Gas Flare / Persistent Thermal Source,GF_WB_625
26.9901_94.8098_2023-10-18_1846_N20_VIIRS,Gas Flare / Persistent Thermal Source,GF_WB_1384
23.4091_72.4159_2023-10-31_2035_N_VIIRS,Gas Flare / Persistent Thermal Source,GF_WB_1357
26.7710_94.5049_2023-11-27_1846_N_VIIRS,Gas Flare / Persistent Thermal Source,GF_WB_1272
27.2676_95.1220_2023-11-07_1911_N20_VIIRS,Gas Flare / Persistent Thermal Source,GF_WB_1393
22.3412_69.8791_2023-11-28_2100_N20_VIIRS,Gas Flare / Persistent Thermal Source,GF_WB_957
22.3440_69.8774_2023-09-26_2041_N20_VIIRS,Gas Flare / Persistent Thermal Source,GF_WB_1144
23.6339_86.2976_2023-10-20_1950_N20_VIIRS,Gas Flare / Persistent Thermal Source,GF_WB_613
27.2639_95.1485_2023-10-02_1846_N20_VIIRS,Gas Flare / Persistent Thermal Source,GF_WB_1392
26.0634_93.9268_2023-11-20_2008_N20_VIIRS,Gas Flare / Persistent Thermal Source,GF_WB_974
20.9620_86.0048_2023-10-28_2040_N20_VIIRS,Gas Flare / Persistent Thermal Source,GF_WB_325
23.6294_86.2879_2023-11-23_2003_N_VIIRS,Gas Flare / Persistent Thermal Source,GF_WB_612
20.9661_86.0109_2023-11-30_2022_N20_VIIRS,Gas Flare / Persistent Thermal Source,GF_WB_596
27.4683_95.4202_2023-09-29_1852_N_VIIRS,Gas Flare / Persistent Thermal Source,GF_WB_841
20.9666_86.0084_2023-11-08_1945_N_VIIRS,Gas Flare / Persistent Thermal Source,GF_WB_596
19.5731_71.3618_2023-11-03_2029_N20_VIIRS,Gas Flare / Persistent Thermal Source,GF_WB_1344
19.5675_71.3570_2023-10-17_0909_N_VIIRS,Gas Flare / Persistent Thermal Source,GF_WB_179
19.5698_71.3547_2023-10-11_2011_N_VIIRS,Gas Flare / Persistent Thermal Source,GF_WB_37
22.3408_69.8797_2023-09-27_0754_N20_VIIRS,Gas Flare / Persistent Thermal Source,GF_WB_957
23.6322_86.2944_2023-11-14_2021_N20_VIIRS,Gas Flare / Persistent Thermal Source,GF_WB_501
19.5269_71.2974_2023-10-10_0850_N20_VIIRS,Gas Flare / Persistent Thermal Source,GF_WB_783
26.6450_79.4797_2023-11-14_2021_N20_VIIRS,Gas Flare / Persistent Thermal Source,GF_WB_625
19.3739_71.3539_2023-09-20_0735_N_VIIRS,Gas Flare / Persistent Thermal Source,GF_WB_1341
23.4042_72.4180_2023-11-12_2150_N_VIIRS,Gas Flare / Persistent Thermal Source,GF_WB_1250
27.4695_95.4260_2023-11-11_1846_N_VIIRS,Gas Flare / Persistent Thermal Source,GF_WB_1305
19.3329_72.0230_2023-10-17_2138_N_VIIRS,Gas Flare / Persistent Thermal Source,GF_WB_1233
23.6305_86.2961_2023-11-22_1931_N20_VIIRS,Gas Flare / Persistent Thermal Source,GF_WB_217
25.2999_71.7630_2023-11-04_2009_N20_VIIRS,Gas Flare / Persistent Thermal Source,GF_WB_1365
25.3008_71.7700_2023-11-17_2105_N20_VIIRS,Gas Flare / Persistent Thermal Source,GF_WB_801
27.5589_96.0370_2023-11-23_1911_N20_VIIRS,Gas Flare / Persistent Thermal Source,GF_WB_1422
27.3200_95.2644_2023-11-21_1859_N_VIIRS,Gas Flare / Persistent Thermal Source,GF_WB_1088
27.6037_95.3993_2023-11-14_2019_N20_VIIRS,Gas Flare / Persistent Thermal Source,GF_WB_1012
26.6448_79.4807_2023-10-26_2027_N_VIIRS,Gas Flare / Persistent Thermal Source,GF_WB_625
19.3501_71.3036_2023-11-09_2017_N20_VIIRS,Gas Flare / Persistent Thermal Source,GF_WB_1340
22.3443_69.8830_2023-11-25_2107_N_VIIRS,Gas Flare / Persistent Thermal Source,GF_WB_957
20.9655_86.0057_2023-09-24_2029_N_VIIRS,Gas Flare / Persistent Thermal Source,GF_WB_183
27.3159_95.2687_2023-11-12_2008_N_VIIRS,Gas Flare / Persistent Thermal Source,GF_WB_825
27.3198_95.2641_2023-11-29_1858_N20_VIIRS,Gas Flare / Persistent Thermal Source,GF_WB_1088
20.9654_86.0116_2023-10-14_1913_N_VIIRS,Gas Flare / Persistent Thermal Source,GF_WB_596
23.6648_86.9218_2023-11-09_2015_N20_VIIRS,Gas Flare / Persistent Thermal Source,GF_WB_614
26.6449_79.4788_2023-09-16_2027_N20_VIIRS,Gas Flare / Persistent Thermal Source,GF_WB_625
23.4080_72.4156_2023-10-28_2040_N20_VIIRS,Gas Flare / Persistent Thermal Source,GF_WB_1357
18.8041_74.2613_2023-11-27_2030_N_VIIRS,Gas Flare / Persistent Thermal Source,GF_WB_1222
27.3207_95.2661_2023-10-30_2001_N20_VIIRS,Gas Flare / Persistent Thermal Source,GF_WB_391
27.3154_95.2673_2023-09-15_0639_N20_VIIRS,Gas Flare / Persistent Thermal Source,GF_WB_825
27.5606_96.0377_2023-11-02_1904_N20_VIIRS,Gas Flare / Persistent Thermal Source,GF_WB_1422
19.3718_71.3512_2023-10-20_2132_N20_VIIRS,Gas Flare / Persistent Thermal Source,GF_WB_1341
18.8031_74.2595_2023-10-14_2004_N20_VIIRS,Gas Flare / Persistent Thermal Source,GF_WB_1222
27.6085_95.4007_2023-11-04_2007_N20_VIIRS,Gas Flare / Persistent Thermal Source,GF_WB_1424
20.9613_86.0087_2023-11-15_1913_N_VIIRS,Gas Flare / Persistent Thermal Source,GF_WB_41
26.6392_79.4784_2023-11-17_2015_N_VIIRS,Gas Flare / Persistent Thermal Source,GF_WB_232
27.3157_95.2649_2023-10-19_2007_N20_VIIRS,Gas Flare / Persistent Thermal Source,GF_WB_1088
19.3309_72.0218_2023-10-19_0740_N20_VIIRS,Gas Flare / Persistent Thermal Source,GF_WB_864
23.4095_72.4161_2023-10-09_2047_N_VIIRS,Gas Flare / Persistent Thermal Source,GF_WB_1357
26.0597_93.8903_2023-11-30_2020_N20_VIIRS,Gas Flare / Persistent Thermal Source,GF_WB_1066
18.9194_72.0435_2023-11-19_0759_N20_VIIRS,Gas Flare / Persistent Thermal Source,GF_WB_1223
27.6040_95.3991_2023-10-30_2001_N20_VIIRS,Gas Flare / Persistent Thermal Source,GF_WB_1012
23.6289_86.2877_2023-10-27_2009_N_VIIRS,Gas Flare / Persistent Thermal Source,GF_WB_612
19.5706_71.3547_2023-10-11_0921_N_VIIRS,Gas Flare / Persistent Thermal Source,GF_WB_179
26.0658_93.9267_2023-11-14_1840_N20_VIIRS,Gas Flare / Persistent Thermal Source,GF_WB_1371
17.5328_83.0002_2023-10-29_2023_N20_VIIRS,Gas Flare / Persistent Thermal Source,GF_WB_297
27.6030_95.3999_2023-11-28_1827_N_VIIRS,Gas Flare / Persistent Thermal Source,GF_WB_1012
22.3446_69.8775_2023-11-21_2042_N_VIIRS,Gas Flare / Persistent Thermal Source,GF_WB_1144
22.3420_69.8831_2023-11-20_2150_N20_VIIRS,Gas Flare / Persistent Thermal Source,GF_WB_957
19.3675_71.3538_2023-11-18_1958_N_VIIRS,Gas Flare / Persistent Thermal Source,GF_WB_1031
27.3159_95.2688_2023-10-12_0633_N20_VIIRS,Gas Flare / Persistent Thermal Source,GF_WB_825
27.3764_95.0852_2023-11-11_1936_N20_VIIRS,Gas Flare / Persistent Thermal Source,GF_WB_1095
18.9753_71.6208_2023-11-11_2030_N_VIIRS,Gas Flare / Persistent Thermal Source,GF_WB_1332
27.3206_95.2656_2023-10-22_1910_N20_VIIRS,Gas Flare / Persistent Thermal Source,GF_WB_249
19.1778_70.9429_2023-10-10_2030_N_VIIRS,Gas Flare / Persistent Thermal Source,GF_WB_584
27.4662_95.4227_2023-10-22_1821_N_VIIRS,Gas Flare / Persistent Thermal Source,GF_WB_660
27.5591_96.0369_2023-10-26_1935_N20_VIIRS,Gas Flare / Persistent Thermal Source,GF_WB_1422
21.7964_72.6488_2023-11-06_0754_N_VIIRS,Gas Flare / Persistent Thermal Source,GF_WB_191
18.9766_71.6221_2023-11-03_2029_N20_VIIRS,Gas Flare / Persistent Thermal Source,GF_WB_1332
27.4701_95.4201_2023-11-12_1917_N20_VIIRS,Gas Flare / Persistent Thermal Source,GF_WB_841
19.3319_72.0175_2023-10-19_2101_N_VIIRS,Gas Flare / Persistent Thermal Source,GF_WB_1029
19.1796_70.9434_2023-11-22_2023_N_VIIRS,Gas Flare / Persistent Thermal Source,GF_WB_1335
27.6026_95.4039_2023-11-27_0710_N20_VIIRS,Gas Flare / Persistent Thermal Source,GF_WB_1109
19.1769_70.9428_2023-10-14_2004_N20_VIIRS,Gas Flare / Persistent Thermal Source,GF_WB_584
23.6304_86.2885_2023-11-25_1925_N_VIIRS,Gas Flare / Persistent Thermal Source,GF_WB_612
23.6310_86.2896_2023-10-08_2015_N20_VIIRS,Gas Flare / Persistent Thermal Source,GF_WB_612
18.8042_74.2611_2023-11-02_2048_N20_VIIRS,Gas Flare / Persistent Thermal Source,GF_WB_1222
19.3683_71.3519_2023-10-07_2126_N_VIIRS,Gas Flare / Persistent Thermal Source,GF_WB_779
19.3714_71.3511_2023-11-08_2126_N_VIIRS,Gas Flare / Persistent Thermal Source,GF_WB_1341
22.3447_69.8829_2023-11-19_0851_N_VIIRS,Gas Flare / Persistent Thermal Source,GF_WB_957
22.3447_69.8857_2023-11-28_0922_N_VIIRS,Gas Flare / Persistent Thermal Source,GF_WB_1143
22.3448_69.8767_2023-11-22_0754_N_VIIRS,Gas Flare / Persistent Thermal Source,GF_WB_1354
18.9759_71.6211_2023-11-08_2036_N20_VIIRS,Gas Flare / Persistent Thermal Source,GF_WB_1332
23.4076_72.4155_2023-11-17_2106_N20_VIIRS,Gas Flare / Persistent Thermal Source,GF_WB_1357
27.6044_95.3989_2023-11-09_2013_N20_VIIRS,Gas Flare / Persistent Thermal Source,GF_WB_1012
27.6027_95.4044_2023-11-22_2020_N_VIIRS,Gas Flare / Persistent Thermal Source,GF_WB_1109
22.3457_69.8786_2023-09-27_2113_N_VIIRS,Gas Flare / Persistent Thermal Source,GF_WB_1144
17.5324_82.9999_2023-11-28_2011_N_VIIRS,Gas Flare / Persistent Thermal Source,GF_WB_13
19.2106_72.0350_2023-09-24_2120_N20_VIIRS,Gas Flare / Persistent Thermal Source,GF_WB_452
27.4663_95.4243_2023-11-13_1949_N_VIIRS,Gas Flare / Persistent Thermal Source,GF_WB_660
22.3378_69.8674_2023-11-22_2113_N20_VIIRS,Gas Flare / Persistent Thermal Source,GF_WB_956
18.9229_72.0387_2023-11-28_2011_N_VIIRS,Gas Flare / Persistent Thermal Source,GF_WB_1331
27.3180_95.2631_2023-10-28_1858_N20_VIIRS,Gas Flare / Persistent Thermal Source,GF_WB_1088
23.6327_86.2973_2023-10-08_1925_N_VIIRS,Gas Flare / Persistent Thermal Source,GF_WB_613
19.3709_71.3511_2023-11-09_2017_N20_VIIRS,Gas Flare / Persistent Thermal Source,GF_WB_459
22.3402_69.8637_2023-11-28_2100_N20_VIIRS,Gas Flare / Persistent Thermal Source,GF_WB_956
20.9648_86.0120_2023-11-17_2016_N_VIIRS,Gas Flare / Persistent Thermal Source,GF_WB_596
22.3461_69.8802_2023-11-21_2131_N20_VIIRS,Gas Flare / Persistent Thermal Source,GF_WB_1144
19.1782_70.9429_2023-11-17_2017_N_VIIRS,Gas Flare / Persistent Thermal Source,GF_WB_1335
23.6644_86.9231_2023-11-29_1950_N_VIIRS,Gas Flare / Persistent Thermal Source,GF_WB_614
18.9752_71.6207_2023-11-09_2017_N20_VIIRS,Gas Flare / Persistent Thermal Source,GF_WB_1332
23.6654_86.9208_2023-09-26_1950_N_VIIRS,Gas Flare / Persistent Thermal Source,GF_WB_614
23.4096_72.4160_2023-10-14_2054_N_VIIRS,Gas Flare / Persistent Thermal Source,GF_WB_1357
27.3199_95.2640_2023-11-22_1840_N_VIIRS,Gas Flare / Persistent Thermal Source,GF_WB_1088
27.3173_95.2631_2023-09-26_1859_N20_VIIRS,Gas Flare / Persistent Thermal Source,GF_WB_1088
27.4706_95.4203_2023-11-27_1936_N20_VIIRS,Gas Flare / Persistent Thermal Source,GF_WB_1416
27.3157_95.2646_2023-10-30_2001_N20_VIIRS,Gas Flare / Persistent Thermal Source,GF_WB_1088
27.3188_95.2632_2023-10-20_1948_N20_VIIRS,Gas Flare / Persistent Thermal Source,GF_WB_1088
27.6050_95.3988_2023-10-26_1935_N20_VIIRS,Gas Flare / Persistent Thermal Source,GF_WB_1012
18.9760_71.6212_2023-10-28_2042_N20_VIIRS,Gas Flare / Persistent Thermal Source,GF_WB_1332
18.5755_72.2434_2023-11-08_0805_N20_VIIRS,Gas Flare / Persistent Thermal Source,GF_WB_1219
20.9659_86.0064_2023-11-22_1932_N20_VIIRS,Gas Flare / Persistent Thermal Source,GF_WB_467
27.3195_95.2636_2023-11-02_1955_N_VIIRS,Gas Flare / Persistent Thermal Source,GF_WB_1088
22.3439_69.8834_2023-11-28_2100_N20_VIIRS,Gas Flare / Persistent Thermal Source,GF_WB_957
26.6452_79.4792_2023-09-17_2009_N20_VIIRS,Gas Flare / Persistent Thermal Source,GF_WB_625
27.4664_95.4246_2023-11-15_0735_N20_VIIRS,Gas Flare / Persistent Thermal Source,GF_WB_660
18.9752_71.6206_2023-10-26_2119_N20_VIIRS,Gas Flare / Persistent Thermal Source,GF_WB_1332
27.6074_95.3991_2023-10-29_1839_N20_VIIRS,Gas Flare / Persistent Thermal Source,GF_WB_1424
18.9734_71.6207_2023-11-27_2030_N_VIIRS,Gas Flare / Persistent Thermal Source,GF_WB_1332
18.5744_72.2416_2023-10-03_0740_N20_VIIRS,Gas Flare / Persistent Thermal Source,GF_WB_1021
23.6301_86.2881_2023-10-12_1950_N_VIIRS,Gas Flare / Persistent Thermal Source,GF_WB_612
27.4724_95.4244_2023-10-23_1852_N20_VIIRS,Gas Flare / Persistent Thermal Source,GF_WB_1416
19.3733_71.3517_2023-10-18_2029_N20_VIIRS,Gas Flare / Persistent Thermal Source,GF_WB_1341
22.3455_69.8820_2023-11-28_2010_N_VIIRS,Gas Flare / Persistent Thermal Source,GF_WB_957
27.4661_95.4225_2023-10-23_0626_N20_VIIRS,Gas Flare / Persistent Thermal Source,GF_WB_660
19.3673_71.3539_2023-10-10_0850_N20_VIIRS,Gas Flare / Persistent Thermal Source,GF_WB_1031
27.4642_95.4744_2023-11-30_2020_N20_VIIRS,Gas Flare / Persistent Thermal Source,GF_WB_1414
20.9635_86.0041_2023-09-28_2003_N20_VIIRS,Gas Flare / Persistent Thermal Source,GF_WB_41
23.4153_72.3524_2023-11-08_2034_N20_VIIRS,Gas Flare / Persistent Thermal Source,GF_WB_1358
23.4088_72.4155_2023-11-22_2112_N20_VIIRS,Gas Flare / Persistent Thermal Source,GF_WB_1357
19.3677_71.3555_2023-11-18_1958_N_VIIRS,Gas Flare / Persistent Thermal Source,GF_WB_1031
19.2805_71.4263_2023-11-07_2054_N20_VIIRS,Gas Flare / Persistent Thermal Source,GF_WB_30
19.5673_71.3578_2023-09-19_0844_N20_VIIRS,Gas Flare / Persistent Thermal Source,GF_WB_693
27.3186_95.2631_2023-11-28_1827_N_VIIRS,Gas Flare / Persistent Thermal Source,GF_WB_1088
22.3434_69.8771_2023-11-22_0754_N_VIIRS,Gas Flare / Persistent Thermal Source,GF_WB_1144
27.5610_96.0379_2023-11-14_2019_N20_VIIRS,Gas Flare / Persistent Thermal Source,GF_WB_1422
26.6452_79.4788_2023-11-18_1956_N_VIIRS,Gas Flare / Persistent Thermal Source,GF_WB_625
19.5708_71.3546_2023-11-08_2035_N20_VIIRS,Gas Flare / Persistent Thermal Source,GF_WB_37
18.9713_71.6260_2023-10-20_0902_N20_VIIRS,Gas Flare / Persistent Thermal Source,GF_WB_1224
26.6452_79.4805_2023-10-22_2052_N20_VIIRS,Gas Flare / Persistent Thermal Source,GF_WB_625
27.3759_95.0852_2023-11-30_1839_N20_VIIRS,Gas Flare / Persistent Thermal Source,GF_WB_1095
18.7053_72.3459_2023-10-09_2049_N_VIIRS,Gas Flare / Persistent Thermal Source,GF_WB_1121
27.4707_95.4202_2023-11-23_1911_N20_VIIRS,Gas Flare / Persistent Thermal Source,GF_WB_1416
23.6357_86.3003_2023-11-07_2003_N_VIIRS,Gas Flare / Persistent Thermal Source,GF_WB_613
27.5611_96.0379_2023-10-19_2007_N20_VIIRS,Gas Flare / Persistent Thermal Source,GF_WB_1422
19.3702_71.3570_2023-11-08_2126_N_VIIRS,Gas Flare / Persistent Thermal Source,GF_WB_1131
20.9625_86.0042_2023-10-17_2047_N20_VIIRS,Gas Flare / Persistent Thermal Source,GF_WB_325
19.1774_70.9426_2023-11-24_2036_N20_VIIRS,Gas Flare / Persistent Thermal Source,GF_WB_584
20.9670_86.0092_2023-11-15_1913_N_VIIRS,Gas Flare / Persistent Thermal Source,GF_WB_596
26.6431_79.4826_2023-10-03_2059_N_VIIRS,Gas Flare / Persistent Thermal Source,GF_WB_625
26.6424_79.4827_2023-09-23_2046_N_VIIRS,Gas Flare / Persistent Thermal Source,GF_WB_625
27.3160_95.2639_2023-10-21_2020_N_VIIRS,Gas Flare / Persistent Thermal Source,GF_WB_1088
27.3152_95.2675_2023-11-28_1827_N_VIIRS,Gas Flare / Persistent Thermal Source,GF_WB_825
23.4148_72.3525_2023-11-28_2100_N20_VIIRS,Gas Flare / Persistent Thermal Source,GF_WB_796
26.7849_94.6687_2023-11-29_1858_N20_VIIRS,Gas Flare / Persistent Thermal Source,GF_WB_1379
27.4669_95.4208_2023-11-05_1859_N_VIIRS,Gas Flare / Persistent Thermal Source,GF_WB_1005
27.4682_95.4198_2023-11-10_1955_N20_VIIRS,Gas Flare / Persistent Thermal Source,GF_WB_841
20.9657_86.0055_2023-10-11_1919_N20_VIIRS,Gas Flare / Persistent Thermal Source,GF_WB_325
26.0883_93.9500_2023-11-30_1840_N20_VIIRS,Gas Flare / Persistent Thermal Source,GF_WB_1372
27.3692_94.8924_2023-10-19_1826_N20_VIIRS,Gas Flare / Persistent Thermal Source,GF_WB_1403
27.4705_95.4201_2023-11-18_1904_N20_VIIRS,Gas Flare / Persistent Thermal Source,GF_WB_841
27.3791_95.0850_2023-11-26_1955_N20_VIIRS,Gas Flare / Persistent Thermal Source,GF_WB_1405
19.1806_70.9442_2023-11-19_2029_N20_VIIRS,Gas Flare / Persistent Thermal Source,GF_WB_1335
19.3678_71.3557_2023-11-05_0902_N20_VIIRS,Gas Flare / Persistent Thermal Source,GF_WB_1031
26.1870_91.8055_2023-11-19_2026_N20_VIIRS,Gas Flare / Persistent Thermal Source,GF_WB_713
18.9726_71.6211_2023-10-26_2030_N_VIIRS,Gas Flare / Persistent Thermal Source,GF_WB_1224
18.9728_71.6209_2023-11-30_2023_N20_VIIRS,Gas Flare / Persistent Thermal Source,GF_WB_1332
27.3770_95.0849_2023-11-30_2020_N20_VIIRS,Gas Flare / Persistent Thermal Source,GF_WB_1095
23.6667_86.9201_2023-10-16_0657_N20_VIIRS,Gas Flare / Persistent Thermal Source,GF_WB_614
26.6449_79.4779_2023-10-22_2002_N_VIIRS,Gas Flare / Persistent Thermal Source,GF_WB_625
22.3409_69.8824_2023-11-25_2107_N_VIIRS,Gas Flare / Persistent Thermal Source,GF_WB_957
22.3438_69.8707_2023-11-10_2137_N20_VIIRS,Gas Flare / Persistent Thermal Source,GF_WB_1048
23.6354_86.2986_2023-10-28_2040_N20_VIIRS,Gas Flare / Persistent Thermal Source,GF_WB_613
27.3763_95.0850_2023-11-20_2007_N20_VIIRS,Gas Flare / Persistent Thermal Source,GF_WB_1095
27.5576_96.0364_2023-11-09_2013_N20_VIIRS,Gas Flare / Persistent Thermal Source,GF_WB_663
26.6444_79.4819_2023-10-21_2021_N_VIIRS,Gas Flare / Persistent Thermal Source,GF_WB_625
23.6320_86.2956_2023-11-27_1937_N20_VIIRS,Gas Flare / Persistent Thermal Source,GF_WB_217
27.5614_96.0383_2023-11-25_2013_N20_VIIRS,Gas Flare / Persistent Thermal Source,GF_WB_1422
27.5342_95.3970_2023-10-30_2001_N20_VIIRS,Gas Flare / Persistent Thermal Source,GF_WB_1105
19.3331_72.0233_2023-10-18_2120_N_VIIRS,Gas Flare / Persistent Thermal Source,GF_WB_1233
27.3157_95.2690_2023-11-19_0620_N20_VIIRS,Gas Flare / Persistent Thermal Source,GF_WB_825
23.4180_72.3534_2023-10-31_2124_N20_VIIRS,Gas Flare / Persistent Thermal Source,GF_WB_1358
19.3734_71.3517_2023-11-16_2126_N20_VIIRS,Gas Flare / Persistent Thermal Source,GF_WB_1341
18.9731_71.6206_2023-10-09_2138_N20_VIIRS,Gas Flare / Persistent Thermal Source,GF_WB_1332
23.4078_72.4153_2023-10-26_2118_N20_VIIRS,Gas Flare / Persistent Thermal Source,GF_WB_1357
18.9705_71.6228_2023-10-29_0752_N20_VIIRS,Gas Flare / Persistent Thermal Source,GF_WB_1224
18.9198_72.0442_2023-11-19_0850_N_VIIRS,Gas Flare / Persistent Thermal Source,GF_WB_1223
20.9657_86.0118_2023-11-11_0759_N_VIIRS,Gas Flare / Persistent Thermal Source,GF_WB_596
22.3404_69.8813_2023-11-28_2010_N_VIIRS,Gas Flare / Persistent Thermal Source,GF_WB_957
27.3163_95.2634_2023-10-27_1827_N_VIIRS,Gas Flare / Persistent Thermal Source,GF_WB_1088
20.9666_86.0110_2023-10-14_2003_N20_VIIRS,Gas Flare / Persistent Thermal Source,GF_WB_596
27.5597_96.0367_2023-11-09_1833_N20_VIIRS,Gas Flare / Persistent Thermal Source,GF_WB_1422
27.6081_95.3993_2023-10-20_1948_N20_VIIRS,Gas Flare / Persistent Thermal Source,GF_WB_1424
22.3458_69.8763_2023-11-22_2112_N20_VIIRS,Gas Flare / Persistent Thermal Source,GF_WB_1354
22.3439_69.8836_2023-11-21_2131_N20_VIIRS,Gas Flare / Persistent Thermal Source,GF_WB_957
27.4686_95.4196_2023-10-19_2007_N20_VIIRS,Gas Flare / Persistent Thermal Source,GF_WB_841
19.3681_71.3563_2023-09-19_2114_N20_VIIRS,Gas Flare / Persistent Thermal Source,GF_WB_1031
27.6053_95.3985_2023-11-18_1904_N20_VIIRS,Gas Flare / Persistent Thermal Source,GF_WB_1012
26.6395_79.4805_2023-11-20_2059_N_VIIRS,Gas Flare / Persistent Thermal Source,GF_WB_232
22.3374_69.8661_2023-10-21_2112_N20_VIIRS,Gas Flare / Persistent Thermal Source,GF_WB_956
18.9725_71.6209_2023-11-17_2017_N_VIIRS,Gas Flare / Persistent Thermal Source,GF_WB_1224
19.3697_71.3509_2023-10-26_2030_N_VIIRS,Gas Flare / Persistent Thermal Source,GF_WB_33
22.3450_69.8830_2023-09-27_2113_N_VIIRS,Gas Flare / Persistent Thermal Source,GF_WB_957
20.9625_86.0117_2023-11-15_2003_N20_VIIRS,Gas Flare / Persistent Thermal Source,GF_WB_596
17.5328_82.9998_2023-10-14_1914_N_VIIRS,Gas Flare / Persistent Thermal Source,GF_WB_155
27.3781_95.0847_2023-11-10_1955_N20_VIIRS,Gas Flare / Persistent Thermal Source,GF_WB_1405
23.6339_86.2971_2023-10-22_2003_N_VIIRS,Gas Flare / Persistent Thermal Source,GF_WB_613
18.5785_72.2379_2023-10-19_2010_N20_VIIRS,Gas Flare / Persistent Thermal Source,GF_WB_300
19.5291_71.2965_2023-11-14_2023_N20_VIIRS,Gas Flare / Persistent Thermal Source,GF_WB_1343
19.5704_71.3542_2023-11-28_0741_N_VIIRS,Gas Flare / Persistent Thermal Source,GF_WB_179
23.6668_86.9199_2023-11-09_1925_N_VIIRS,Gas Flare / Persistent Thermal Source,GF_WB_614
23.4099_72.4159_2023-11-19_2028_N20_VIIRS,Gas Flare / Persistent Thermal Source,GF_WB_1357
22.3410_69.8783_2023-09-28_0735_N20_VIIRS,Gas Flare / Persistent Thermal Source,GF_WB_1144
23.4072_72.4153_2023-11-08_2034_N20_VIIRS,Gas Flare / Persistent Thermal Source,GF_WB_1357
27.3150_95.2669_2023-10-22_2001_N_VIIRS,Gas Flare / Persistent Thermal Source,GF_WB_825
17.5343_83.0005_2023-09-28_2004_N20_VIIRS,Gas Flare / Persistent Thermal Source,GF_WB_764
27.5600_96.0367_2023-09-26_1858_N20_VIIRS,Gas Flare / Persistent Thermal Source,GF_WB_1422
23.5409_72.4096_2023-10-11_2150_N_VIIRS,Gas Flare / Persistent Thermal Source,GF_WB_1255
23.4087_72.4152_2023-10-24_2015_N20_VIIRS,Gas Flare / Persistent Thermal Source,GF_WB_1357
18.9744_71.6202_2023-10-13_2023_N20_VIIRS,Gas Flare / Persistent Thermal Source,GF_WB_1332
22.3436_69.8838_2023-11-29_2132_N_VIIRS,Gas Flare / Persistent Thermal Source,GF_WB_957
23.4084_72.4151_2023-11-05_2041_N_VIIRS,Gas Flare / Persistent Thermal Source,GF_WB_1357
19.5710_71.3543_2023-11-13_2132_N_VIIRS,Gas Flare / Persistent Thermal Source,GF_WB_179
23.6359_86.2999_2023-10-17_1956_N_VIIRS,Gas Flare / Persistent Thermal Source,GF_WB_613
17.5320_82.9994_2023-10-05_2023_N_VIIRS,Gas Flare / Persistent Thermal Source,GF_WB_439
18.8024_74.2586_2023-09-17_2011_N20_VIIRS,Gas Flare / Persistent Thermal Source,GF_WB_1222
27.4625_95.4731_2023-11-04_2007_N20_VIIRS,Gas Flare / Persistent Thermal Source,GF_WB_1414
19.3464_71.3018_2023-11-16_2126_N20_VIIRS,Gas Flare / Persistent Thermal Source,GF_WB_590
27.3154_95.2689_2023-11-06_2020_N_VIIRS,Gas Flare / Persistent Thermal Source,GF_WB_825
27.4600_95.4732_2023-11-04_2007_N20_VIIRS,Gas Flare / Persistent Thermal Source,GF_WB_659
20.9667_86.0112_2023-10-05_0753_N_VIIRS,Gas Flare / Persistent Thermal Source,GF_WB_596
19.3697_71.3573_2023-11-16_0856_N20_VIIRS,Gas Flare / Persistent Thermal Source,GF_WB_1131
28.2286_79.2415_2023-09-26_2039_N20_VIIRS,Gas Flare / Persistent Thermal Source,GF_WB_564
20.9623_86.0117_2023-10-05_0753_N_VIIRS,Gas Flare / Persistent Thermal Source,GF_WB_596
19.3466_71.3017_2023-11-17_2017_N_VIIRS,Gas Flare / Persistent Thermal Source,GF_WB_174
20.9667_86.0111_2023-10-28_2040_N20_VIIRS,Gas Flare / Persistent Thermal Source,GF_WB_596
19.3674_71.3555_2023-09-20_0735_N_VIIRS,Gas Flare / Persistent Thermal Source,GF_WB_1031
19.5699_71.3541_2023-11-20_0740_N20_VIIRS,Gas Flare / Persistent Thermal Source,GF_WB_321
23.6302_86.2989_2023-11-24_1944_N_VIIRS,Gas Flare / Persistent Thermal Source,GF_WB_613
27.4665_95.4256_2023-11-09_0607_N20_VIIRS,Gas Flare / Persistent Thermal Source,GF_WB_660
26.9868_94.8076_2023-10-29_1839_N20_VIIRS,Gas Flare / Persistent Thermal Source,GF_WB_1080
27.3800_95.0852_2023-11-09_2013_N20_VIIRS,Gas Flare / Persistent Thermal Source,GF_WB_1405
27.4657_95.4229_2023-10-16_2014_N_VIIRS,Gas Flare / Persistent Thermal Source,GF_WB_660
22.3459_69.8765_2023-11-28_2010_N_VIIRS,Gas Flare / Persistent Thermal Source,GF_WB_1354
19.3676_71.3520_2023-11-02_1958_N_VIIRS,Gas Flare / Persistent Thermal Source,GF_WB_779
20.9667_86.0112_2023-10-16_2016_N_VIIRS,Gas Flare / Persistent Thermal Source,GF_WB_596
26.0599_93.8898_2023-10-28_1858_N20_VIIRS,Gas Flare / Persistent Thermal Source,GF_WB_1066
23.6650_86.9205_2023-11-04_2008_N20_VIIRS,Gas Flare / Persistent Thermal Source,GF_WB_614
27.3206_95.2642_2023-11-27_1846_N_VIIRS,Gas Flare / Persistent Thermal Source,GF_WB_1088
23.6324_86.2968_2023-10-25_1956_N20_VIIRS,Gas Flare / Persistent Thermal Source,GF_WB_613
26.6424_79.4830_2023-10-20_0814_N_VIIRS,Gas Flare / Persistent Thermal Source,GF_WB_625
17.5335_82.9999_2023-10-14_2004_N20_VIIRS,Gas Flare / Persistent Thermal Source,GF_WB_764
18.9174_72.0412_2023-09-15_0909_N_VIIRS,Gas Flare / Persistent Thermal Source,GF_WB_582
27.6055_95.3983_2023-10-31_1942_N20_VIIRS,Gas Flare / Persistent Thermal Source,GF_WB_1424
19.5669_71.3581_2023-10-20_0902_N20_VIIRS,Gas Flare / Persistent Thermal Source,GF_WB_693
26.0614_93.8904_2023-11-13_1858_N20_VIIRS,Gas Flare / Persistent Thermal Source,GF_WB_1370
27.3208_95.2645_2023-09-25_1827_N_VIIRS,Gas Flare / Persistent Thermal Source,GF_WB_992
26.6456_79.4798_2023-10-24_2014_N20_VIIRS,Gas Flare / Persistent Thermal Source,GF_WB_625
19.3676_71.3561_2023-11-09_0747_N20_VIIRS,Gas Flare / Persistent Thermal Source,GF_WB_1031
21.1646_72.6697_2023-11-29_2132_N_VIIRS,Gas Flare / Persistent Thermal Source,GF_WB_1346
27.3181_95.2625_2023-10-29_1839_N20_VIIRS,Gas Flare / Persistent Thermal Source,GF_WB_1088
26.6410_79.4752_2023-10-18_1937_N_VIIRS,Gas Flare / Persistent Thermal Source,GF_WB_374
27.4675_95.4197_2023-10-30_2001_N20_VIIRS,Gas Flare / Persistent Thermal Source,GF_WB_841
23.6326_86.2967_2023-11-07_2003_N_VIIRS,Gas Flare / Persistent Thermal Source,GF_WB_613
20.9667_86.0113_2023-09-16_2029_N20_VIIRS,Gas Flare / Persistent Thermal Source,GF_WB_596
18.9708_71.6260_2023-11-07_0915_N_VIIRS,Gas Flare / Persistent Thermal Source,GF_WB_1224
19.5284_71.2964_2023-11-12_2101_N20_VIIRS,Gas Flare / Persistent Thermal Source,GF_WB_783
23.6652_86.9203_2023-11-05_1900_N_VIIRS,Gas Flare / Persistent Thermal Source,GF_WB_614
27.0325_69.7149_2023-10-29_0846_N_VIIRS,Gas Flare / Persistent Thermal Source,GF_WB_1281
19.3740_71.3519_2023-10-13_2023_N20_VIIRS,Gas Flare / Persistent Thermal Source,GF_WB_1341
27.4631_95.4730_2023-11-25_1833_N20_VIIRS,Gas Flare / Persistent Thermal Source,GF_WB_1414
22.3373_69.8676_2023-11-12_2100_N20_VIIRS,Gas Flare / Persistent Thermal Source,GF_WB_956
20.9633_86.0124_2023-09-25_0650_N20_VIIRS,Gas Flare / Persistent Thermal Source,GF_WB_596
22.3377_69.8685_2023-11-04_2100_N_VIIRS,Gas Flare / Persistent Thermal Source,GF_WB_956
27.3793_95.0846_2023-11-24_1852_N20_VIIRS,Gas Flare / Persistent Thermal Source,GF_WB_1405
19.3451_71.3087_2023-10-02_2120_N_VIIRS,Gas Flare / Persistent Thermal Source,GF_WB_1030
26.7732_94.5034_2023-11-26_1955_N20_VIIRS,Gas Flare / Persistent Thermal Source,GF_WB_1378
17.5324_82.9993_2023-09-24_1939_N20_VIIRS,Gas Flare / Persistent Thermal Source,GF_WB_13
18.7038_72.3458_2023-10-30_0824_N_VIIRS,Gas Flare / Persistent Thermal Source,GF_WB_857
17.5315_82.9991_2023-10-14_1914_N_VIIRS,Gas Flare / Persistent Thermal Source,GF_WB_439
18.5739_72.2407_2023-10-03_0740_N20_VIIRS,Gas Flare / Persistent Thermal Source,GF_WB_1021
23.6318_86.2969_2023-11-15_2002_N20_VIIRS,Gas Flare / Persistent Thermal Source,GF_WB_613
18.9706_71.6259_2023-11-05_0902_N20_VIIRS,Gas Flare / Persistent Thermal Source,GF_WB_1224
18.9762_71.6206_2023-11-19_2029_N20_VIIRS,Gas Flare / Persistent Thermal Source,GF_WB_1332
19.1797_70.9427_2023-11-21_2132_N20_VIIRS,Gas Flare / Persistent Thermal Source,GF_WB_1335
27.4684_95.4193_2023-11-05_1948_N20_VIIRS,Gas Flare / Persistent Thermal Source,GF_WB_841
23.6665_86.9197_2023-11-10_1906_N_VIIRS,Gas Flare / Persistent Thermal Source,GF_WB_614
26.6451_79.4817_2023-09-25_2059_N20_VIIRS,Gas Flare / Persistent Thermal Source,GF_WB_625
23.6331_86.2938_2023-10-25_1906_N_VIIRS,Gas Flare / Persistent Thermal Source,GF_WB_75
19.5668_71.3567_2023-11-20_0740_N20_VIIRS,Gas Flare / Persistent Thermal Source,GF_WB_179
27.3805_95.0855_2023-11-13_1858_N20_VIIRS,Gas Flare / Persistent Thermal Source,GF_WB_1405
19.3670_71.3530_2023-10-28_2132_N_VIIRS,Gas Flare / Persistent Thermal Source,GF_WB_1031
23.6351_86.2975_2023-11-15_2002_N20_VIIRS,Gas Flare / Persistent Thermal Source,GF_WB_613
19.5730_71.3628_2023-11-29_2042_N20_VIIRS,Gas Flare / Persistent Thermal Source,GF_WB_1344
26.6455_79.4811_2023-11-21_0723_N20_VIIRS,Gas Flare / Persistent Thermal Source,GF_WB_625
20.9621_86.0117_2023-11-06_0753_N_VIIRS,Gas Flare / Persistent Thermal Source,GF_WB_596
23.6312_86.2885_2023-11-19_1938_N_VIIRS,Gas Flare / Persistent Thermal Source,GF_WB_612
18.8036_74.2590_2023-11-11_2119_N20_VIIRS,Gas Flare / Persistent Thermal Source,GF_WB_1222
19.5679_71.3547_2023-10-06_2055_N20_VIIRS,Gas Flare / Persistent Thermal Source,GF_WB_37
27.3170_95.2626_2023-11-10_1955_N20_VIIRS,Gas Flare / Persistent Thermal Source,GF_WB_1088
22.3416_69.8772_2023-11-22_2023_N_VIIRS,Gas Flare / Persistent Thermal Source,GF_WB_1144
22.3401_69.8816_2023-11-24_2125_N_VIIRS,Gas Flare / Persistent Thermal Source,GF_WB_957
20.9664_86.0061_2023-11-29_2041_N20_VIIRS,Gas Flare / Persistent Thermal Source,GF_WB_325
23.6350_86.2973_2023-11-11_1937_N20_VIIRS,Gas Flare / Persistent Thermal Source,GF_WB_613
27.3192_95.2627_2023-11-07_1821_N_VIIRS,Gas Flare / Persistent Thermal Source,GF_WB_1088
18.9713_71.6212_2023-10-17_2139_N_VIIRS,Gas Flare / Persistent Thermal Source,GF_WB_1224
27.3754_95.0849_2023-10-19_2007_N20_VIIRS,Gas Flare / Persistent Thermal Source,GF_WB_1095
18.8048_74.2612_2023-11-21_2042_N_VIIRS,Gas Flare / Persistent Thermal Source,GF_WB_1222
26.6453_79.4778_2023-10-25_1955_N20_VIIRS,Gas Flare / Persistent Thermal Source,GF_WB_625
27.3147_95.2665_2023-11-06_1840_N_VIIRS,Gas Flare / Persistent Thermal Source,GF_WB_825
19.3722_71.3571_2023-09-19_2114_N20_VIIRS,Gas Flare / Persistent Thermal Source,GF_WB_1341
27.3156_95.2636_2023-11-27_1846_N_VIIRS,Gas Flare / Persistent Thermal Source,GF_WB_1088
23.6315_86.2966_2023-11-23_2003_N_VIIRS,Gas Flare / Persistent Thermal Source,GF_WB_359
27.0378_94.8806_2023-10-13_1839_N20_VIIRS,Gas Flare / Persistent Thermal Source,GF_WB_384
19.3690_71.3573_2023-09-18_2132_N20_VIIRS,Gas Flare / Persistent Thermal Source,GF_WB_1131
23.6655_86.9199_2023-11-10_1956_N20_VIIRS,Gas Flare / Persistent Thermal Source,GF_WB_614
20.9657_86.0123_2023-10-13_2022_N20_VIIRS,Gas Flare / Persistent Thermal Source,GF_WB_596
20.9672_86.0108_2023-10-28_1951_N_VIIRS,Gas Flare / Persistent Thermal Source,GF_WB_596
20.9672_86.0107_2023-11-25_2016_N20_VIIRS,Gas Flare / Persistent Thermal Source,GF_WB_596
18.9714_71.6267_2023-11-16_0856_N20_VIIRS,Gas Flare / Persistent Thermal Source,GF_WB_1224
20.9649_86.0039_2023-09-18_1901_N_VIIRS,Gas Flare / Persistent Thermal Source,GF_WB_183
18.7028_72.3448_2023-11-13_0902_N_VIIRS,Gas Flare / Persistent Thermal Source,GF_WB_857
18.8048_74.2608_2023-10-09_2048_N_VIIRS,Gas Flare / Persistent Thermal Source,GF_WB_1222
19.3676_71.3563_2023-11-20_0740_N20_VIIRS,Gas Flare / Persistent Thermal Source,GF_WB_1031
19.0692_73.1335_2023-10-15_2126_N20_VIIRS,Gas Flare / Persistent Thermal Source,GF_WB_1226
21.7821_72.1281_2023-10-25_2137_N20_VIIRS,Gas Flare / Persistent Thermal Source,GF_WB_332
20.9643_86.0128_2023-11-21_1951_N20_VIIRS,Gas Flare / Persistent Thermal Source,GF_WB_596
27.3207_95.2639_2023-11-07_1911_N20_VIIRS,Gas Flare / Persistent Thermal Source,GF_WB_1088
18.9720_71.6206_2023-10-21_2023_N_VIIRS,Gas Flare / Persistent Thermal Source,GF_WB_1224
27.3187_95.2624_2023-10-19_1826_N20_VIIRS,Gas Flare / Persistent Thermal Source,GF_WB_1088
27.0276_94.8908_2023-10-19_0601_N20_VIIRS,Gas Flare / Persistent Thermal Source,GF_WB_635
19.3375_72.0207_2023-11-10_1958_N20_VIIRS,Gas Flare / Persistent Thermal Source,GF_WB_1339
20.9610_86.0101_2023-10-17_0818_N20_VIIRS,Gas Flare / Persistent Thermal Source,GF_WB_596
19.3729_71.3506_2023-11-10_2138_N20_VIIRS,Gas Flare / Persistent Thermal Source,GF_WB_1341
22.3410_69.8777_2023-11-17_2016_N_VIIRS,Gas Flare / Persistent Thermal Source,GF_WB_1144
20.9647_86.0038_2023-11-25_1926_N_VIIRS,Gas Flare / Persistent Thermal Source,GF_WB_41
18.9171_72.0416_2023-11-28_2011_N_VIIRS,Gas Flare / Persistent Thermal Source,GF_WB_582
27.4622_95.4726_2023-11-09_2013_N20_VIIRS,Gas Flare / Persistent Thermal Source,GF_WB_1414
23.6676_86.9195_2023-09-26_2040_N20_VIIRS,Gas Flare / Persistent Thermal Source,GF_WB_614
22.3416_69.8852_2023-11-28_2150_N_VIIRS,Gas Flare / Persistent Thermal Source,GF_WB_1143
23.4094_72.4150_2023-10-19_2009_N20_VIIRS,Gas Flare / Persistent Thermal Source,GF_WB_1357
20.9671_86.0112_2023-11-26_1957_N20_VIIRS,Gas Flare / Persistent Thermal Source,GF_WB_596
19.3689_71.3506_2023-11-28_2151_N_VIIRS,Gas Flare / Persistent Thermal Source,GF_WB_779
27.3197_95.2627_2023-10-11_1827_N_VIIRS,Gas Flare / Persistent Thermal Source,GF_WB_1088
18.7087_72.3395_2023-11-18_2048_N20_VIIRS,Gas Flare / Persistent Thermal Source,GF_WB_22
17.5348_83.0003_2023-10-06_2005_N_VIIRS,Gas Flare / Persistent Thermal Source,GF_WB_764
20.9641_86.0128_2023-11-11_0709_N20_VIIRS,Gas Flare / Persistent Thermal Source,GF_WB_596
20.9675_86.0102_2023-10-20_1950_N20_VIIRS,Gas Flare / Persistent Thermal Source,GF_WB_596
22.3408_69.8758_2023-11-28_2010_N_VIIRS,Gas Flare / Persistent Thermal Source,GF_WB_1354
20.9669_86.0114_2023-10-19_2009_N20_VIIRS,Gas Flare / Persistent Thermal Source,GF_WB_596
23.6326_86.2964_2023-10-18_2027_N20_VIIRS,Gas Flare / Persistent Thermal Source,GF_WB_613
27.5593_96.0360_2023-10-29_1839_N20_VIIRS,Gas Flare / Persistent Thermal Source,GF_WB_1422
20.9659_86.0124_2023-11-15_2003_N20_VIIRS,Gas Flare / Persistent Thermal Source,GF_WB_596
19.3738_71.3512_2023-11-14_2023_N20_VIIRS,Gas Flare / Persistent Thermal Source,GF_WB_1341
27.3176_95.2622_2023-10-18_1845_N20_VIIRS,Gas Flare / Persistent Thermal Source,GF_WB_1088
18.5819_72.2406_2023-11-28_2101_N20_VIIRS,Gas Flare / Persistent Thermal Source,GF_WB_1328
27.4698_95.4190_2023-10-23_1851_N20_VIIRS,Gas Flare / Persistent Thermal Source,GF_WB_841
19.2800_71.4386_2023-09-26_0903_N_VIIRS,Gas Flare / Persistent Thermal Source,GF_WB_863
23.6328_86.2956_2023-10-15_1943_N20_VIIRS,Gas Flare / Persistent Thermal Source,GF_WB_359
19.5704_71.3537_2023-11-01_2107_N20_VIIRS,Gas Flare / Persistent Thermal Source,GF_WB_321
23.4104_72.4156_2023-11-10_2137_N20_VIIRS,Gas Flare / Persistent Thermal Source,GF_WB_1357
19.5299_71.2961_2023-11-22_0753_N_VIIRS,Gas Flare / Persistent Thermal Source,GF_WB_1343
23.6325_86.2964_2023-11-13_1950_N_VIIRS,Gas Flare / Persistent Thermal Source,GF_WB_613
19.5714_71.3540_2023-10-12_2042_N20_VIIRS,Gas Flare / Persistent Thermal Source,GF_WB_463
23.6328_86.2956_2023-11-25_1925_N_VIIRS,Gas Flare / Persistent Thermal Source,GF_WB_501
27.4679_95.4192_2023-10-22_1821_N_VIIRS,Gas Flare / Persistent Thermal Source,GF_WB_841
15.9642_80.9348_2023-11-06_1933_N20_VIIRS,Gas Flare / Persistent Thermal Source,GF_WB_1318
19.3692_71.3576_2023-09-18_2132_N20_VIIRS,Gas Flare / Persistent Thermal Source,GF_WB_1131
27.4725_95.4205_2023-10-13_1839_N20_VIIRS,Gas Flare / Persistent Thermal Source,GF_WB_1416
19.5697_71.3536_2023-11-06_2023_N_VIIRS,Gas Flare / Persistent Thermal Source,GF_WB_37
23.6331_86.2949_2023-10-24_2015_N20_VIIRS,Gas Flare / Persistent Thermal Source,GF_WB_501
18.9773_71.6215_2023-11-30_2023_N20_VIIRS,Gas Flare / Persistent Thermal Source,GF_WB_1332
20.9656_86.0126_2023-09-24_2029_N_VIIRS,Gas Flare / Persistent Thermal Source,GF_WB_596
19.1801_70.9426_2023-10-16_2017_N_VIIRS,Gas Flare / Persistent Thermal Source,GF_WB_1335
19.5697_71.3536_2023-10-15_2036_N_VIIRS,Gas Flare / Persistent Thermal Source,GF_WB_321
18.9725_71.6202_2023-10-27_2011_N_VIIRS,Gas Flare / Persistent Thermal Source,GF_WB_1332
19.3730_71.3505_2023-10-25_2138_N20_VIIRS,Gas Flare / Persistent Thermal Source,GF_WB_1341
27.6071_95.4061_2023-11-06_2020_N_VIIRS,Gas Flare / Persistent Thermal Source,GF_WB_1109
26.6414_79.4833_2023-10-16_0839_N20_VIIRS,Gas Flare / Persistent Thermal Source,GF_WB_625
19.3486_71.3015_2023-10-10_2030_N_VIIRS,Gas Flare / Persistent Thermal Source,GF_WB_32
21.7962_72.6443_2023-10-19_2009_N20_VIIRS,Gas Flare / Persistent Thermal Source,GF_WB_599
23.6690_86.9199_2023-10-31_1943_N20_VIIRS,Gas Flare / Persistent Thermal Source,GF_WB_614
23.6692_86.9201_2023-11-06_2022_N_VIIRS,Gas Flare / Persistent Thermal Source,GF_WB_614
23.4111_72.4201_2023-11-12_2150_N_VIIRS,Gas Flare / Persistent Thermal Source,GF_WB_1357
19.1797_70.9423_2023-11-13_2042_N20_VIIRS,Gas Flare / Persistent Thermal Source,GF_WB_1335
17.5322_82.9989_2023-10-12_1952_N_VIIRS,Gas Flare / Persistent Thermal Source,GF_WB_13
22.3368_69.8657_2023-11-01_2106_N20_VIIRS,Gas Flare / Persistent Thermal Source,GF_WB_956
19.5739_71.3627_2023-10-26_2119_N20_VIIRS,Gas Flare / Persistent Thermal Source,GF_WB_1344
23.6640_86.9211_2023-10-07_2034_N20_VIIRS,Gas Flare / Persistent Thermal Source,GF_WB_614
23.6315_86.2883_2023-11-02_1906_N20_VIIRS,Gas Flare / Persistent Thermal Source,GF_WB_612
20.9677_86.0101_2023-10-26_2029_N_VIIRS,Gas Flare / Persistent Thermal Source,GF_WB_596
19.5668_71.3598_2023-10-09_0908_N20_VIIRS,Gas Flare / Persistent Thermal Source,GF_WB_869
23.6335_86.2935_2023-11-05_1950_N20_VIIRS,Gas Flare / Persistent Thermal Source,GF_WB_75
23.4106_72.4157_2023-11-12_2059_N20_VIIRS,Gas Flare / Persistent Thermal Source,GF_WB_1357
23.4153_72.3515_2023-10-19_2009_N20_VIIRS,Gas Flare / Persistent Thermal Source,GF_WB_1358
20.9642_86.0130_2023-10-20_0812_N_VIIRS,Gas Flare / Persistent Thermal Source,GF_WB_596
23.6686_86.9196_2023-11-02_1906_N20_VIIRS,Gas Flare / Persistent Thermal Source,GF_WB_614
19.5690_71.3536_2023-11-28_0741_N_VIIRS,Gas Flare / Persistent Thermal Source,GF_WB_37
18.8052_74.2619_2023-10-09_2048_N_VIIRS,Gas Flare / Persistent Thermal Source,GF_WB_1222
18.8039_74.2588_2023-10-03_2101_N_VIIRS,Gas Flare / Persistent Thermal Source,GF_WB_1222
22.3415_69.8840_2023-11-24_2125_N_VIIRS,Gas Flare / Persistent Thermal Source,GF_WB_957
23.6329_86.2956_2023-10-19_1919_N_VIIRS,Gas Flare / Persistent Thermal Source,GF_WB_501
27.4703_95.4190_2023-11-08_1852_N20_VIIRS,Gas Flare / Persistent Thermal Source,GF_WB_841
22.3367_69.8667_2023-10-06_2054_N20_VIIRS,Gas Flare / Persistent Thermal Source,GF_WB_956
26.6428_79.4747_2023-11-11_1937_N20_VIIRS,Gas Flare / Persistent Thermal Source,GF_WB_90
18.7031_72.3458_2023-10-31_2036_N_VIIRS,Gas Flare / Persistent Thermal Source,GF_WB_857
18.8053_74.2617_2023-11-11_2030_N_VIIRS,Gas Flare / Persistent Thermal Source,GF_WB_1222
20.9661_86.0126_2023-11-05_1950_N20_VIIRS,Gas Flare / Persistent Thermal Source,GF_WB_596
20.9667_86.0121_2023-10-17_1957_N_VIIRS,Gas Flare / Persistent Thermal Source,GF_WB_596
20.9656_86.0128_2023-11-24_1945_N_VIIRS,Gas Flare / Persistent Thermal Source,GF_WB_596
19.3708_71.3500_2023-09-18_2132_N20_VIIRS,Gas Flare / Persistent Thermal Source,GF_WB_317
19.5674_71.3546_2023-09-27_2114_N_VIIRS,Gas Flare / Persistent Thermal Source,GF_WB_463
27.4608_95.4724_2023-11-30_1839_N20_VIIRS,Gas Flare / Persistent Thermal Source,GF_WB_659
19.3736_71.3507_2023-10-24_2016_N20_VIIRS,Gas Flare / Persistent Thermal Source,GF_WB_1341
18.7072_72.3466_2023-10-09_2138_N20_VIIRS,Gas Flare / Persistent Thermal Source,GF_WB_1121
26.7838_94.6683_2023-10-29_2020_N20_VIIRS,Gas Flare / Persistent Thermal Source,GF_WB_1379
20.9673_86.0114_2023-09-27_2022_N20_VIIRS,Gas Flare / Persistent Thermal Source,GF_WB_596
22.3418_69.8624_2023-10-09_2048_N_VIIRS,Gas Flare / Persistent Thermal Source,GF_WB_1142
18.8047_74.2596_2023-10-09_1958_N20_VIIRS,Gas Flare / Persistent Thermal Source,GF_WB_1222
23.6330_86.2957_2023-11-25_2015_N20_VIIRS,Gas Flare / Persistent Thermal Source,GF_WB_217
19.3743_71.3514_2023-10-08_2017_N20_VIIRS,Gas Flare / Persistent Thermal Source,GF_WB_1341
19.5724_71.3636_2023-11-01_2107_N20_VIIRS,Gas Flare / Persistent Thermal Source,GF_WB_1035
15.9654_80.9348_2023-11-17_1927_N20_VIIRS,Gas Flare / Persistent Thermal Source,GF_WB_1318
20.9635_86.0131_2023-09-25_0741_N_VIIRS,Gas Flare / Persistent Thermal Source,GF_WB_596
18.9729_71.6197_2023-11-05_2132_N20_VIIRS,Gas Flare / Persistent Thermal Source,GF_WB_1332
18.9730_71.6278_2023-11-02_2139_N_VIIRS,Gas Flare / Persistent Thermal Source,GF_WB_1224
23.4109_72.4158_2023-11-08_2034_N20_VIIRS,Gas Flare / Persistent Thermal Source,GF_WB_1357
23.6680_86.9192_2023-11-05_1950_N20_VIIRS,Gas Flare / Persistent Thermal Source,GF_WB_614
27.3681_94.8915_2023-11-13_1858_N20_VIIRS,Gas Flare / Persistent Thermal Source,GF_WB_1403
19.5666_71.3556_2023-10-11_0741_N_VIIRS,Gas Flare / Persistent Thermal Source,GF_WB_37
26.0674_93.9262_2023-11-29_1859_N20_VIIRS,Gas Flare / Persistent Thermal Source,GF_WB_1371
22.3468_69.8819_2023-11-28_2010_N_VIIRS,Gas Flare / Persistent Thermal Source,GF_WB_1144
22.3375_69.8696_2023-11-17_2157_N_VIIRS,Gas Flare / Persistent Thermal Source,GF_WB_1048
23.4108_72.4156_2023-11-03_2028_N20_VIIRS,Gas Flare / Persistent Thermal Source,GF_WB_1357
20.9658_86.0128_2023-11-10_1957_N20_VIIRS,Gas Flare / Persistent Thermal Source,GF_WB_596
23.6655_86.9193_2023-10-31_1943_N20_VIIRS,Gas Flare / Persistent Thermal Source,GF_WB_614
22.3396_69.8795_2023-11-27_2029_N_VIIRS,Gas Flare / Persistent Thermal Source,GF_WB_957
20.9667_86.0123_2023-11-06_2022_N_VIIRS,Gas Flare / Persistent Thermal Source,GF_WB_596
22.3366_69.8658_2023-11-25_2016_N20_VIIRS,Gas Flare / Persistent Thermal Source,GF_WB_956
20.9678_86.0105_2023-10-16_1925_N20_VIIRS,Gas Flare / Persistent Thermal Source,GF_WB_596
26.6445_79.4757_2023-11-19_1937_N_VIIRS,Gas Flare / Persistent Thermal Source,GF_WB_232
18.9770_71.6205_2023-11-14_2023_N20_VIIRS,Gas Flare / Persistent Thermal Source,GF_WB_1332
23.6332_86.2955_2023-10-17_1956_N_VIIRS,Gas Flare / Persistent Thermal Source,GF_WB_75
23.6315_86.2879_2023-11-22_1931_N20_VIIRS,Gas Flare / Persistent Thermal Source,GF_WB_612
18.7097_72.3397_2023-11-13_2042_N20_VIIRS,Gas Flare / Persistent Thermal Source,GF_WB_1330
26.6456_79.4821_2023-11-26_2046_N_VIIRS,Gas Flare / Persistent Thermal Source,GF_WB_625
19.5664_71.3557_2023-10-09_0908_N20_VIIRS,Gas Flare / Persistent Thermal Source,GF_WB_179
22.3473_69.8755_2023-11-25_2016_N20_VIIRS,Gas Flare / Persistent Thermal Source,GF_WB_1354
20.9680_86.0098_2023-11-18_1957_N_VIIRS,Gas Flare / Persistent Thermal Source,GF_WB_596
27.4712_95.4191_2023-11-14_1839_N20_VIIRS,Gas Flare / Persistent Thermal Source,GF_WB_1416
19.5707_71.3641_2023-11-03_2120_N_VIIRS,Gas Flare / Persistent Thermal Source,GF_WB_1134
18.9699_71.6259_2023-11-21_0902_N20_VIIRS,Gas Flare / Persistent Thermal Source,GF_WB_1224
25.3011_71.7615_2023-11-20_2009_N20_VIIRS,Gas Flare / Persistent Thermal Source,GF_WB_1365
19.5736_71.3632_2023-11-02_2048_N20_VIIRS,Gas Flare / Persistent Thermal Source,GF_WB_1344
27.4714_95.4192_2023-11-20_1827_N20_VIIRS,Gas Flare / Persistent Thermal Source,GF_WB_1416
26.6450_79.4763_2023-11-05_1949_N20_VIIRS,Gas Flare / Persistent Thermal Source,GF_WB_625
20.9678_86.0107_2023-11-24_2034_N20_VIIRS,Gas Flare / Persistent Thermal Source,GF_WB_596
22.3365_69.8664_2023-10-31_2125_N20_VIIRS,Gas Flare / Persistent Thermal Source,GF_WB_956
20.9679_86.0105_2023-09-23_1957_N20_VIIRS,Gas Flare / Persistent Thermal Source,GF_WB_596
19.3683_71.3503_2023-10-27_2011_N_VIIRS,Gas Flare / Persistent Thermal Source,GF_WB_779
20.9681_86.0094_2023-11-21_0721_N20_VIIRS,Gas Flare / Persistent Thermal Source,GF_WB_596
23.4083_72.4142_2023-10-31_2124_N20_VIIRS,Gas Flare / Persistent Thermal Source,GF_WB_1357
17.5338_82.9992_2023-11-27_1939_N20_VIIRS,Gas Flare / Persistent Thermal Source,GF_WB_764
22.3408_69.8852_2023-11-17_2157_N_VIIRS,Gas Flare / Persistent Thermal Source,GF_WB_1143
26.6450_79.4830_2023-11-25_2105_N_VIIRS,Gas Flare / Persistent Thermal Source,GF_WB_625
27.4045_95.1126_2023-11-09_1833_N20_VIIRS,Gas Flare / Persistent Thermal Source,GF_WB_1410
27.3815_95.0858_2023-11-30_1839_N20_VIIRS,Gas Flare / Persistent Thermal Source,GF_WB_1405
21.7445_73.0092_2023-10-20_1951_N20_VIIRS,Gas Flare / Persistent Thermal Source,GF_WB_1043
20.9664_86.0127_2023-09-28_2054_N_VIIRS,Gas Flare / Persistent Thermal Source,GF_WB_596
19.3513_71.3028_2023-11-20_2010_N20_VIIRS,Gas Flare / Persistent Thermal Source,GF_WB_1340
19.3707_71.3497_2023-09-18_2132_N20_VIIRS,Gas Flare / Persistent Thermal Source,GF_WB_459
19.5701_71.3532_2023-11-14_2114_N_VIIRS,Gas Flare / Persistent Thermal Source,GF_WB_463
17.5334_82.9989_2023-11-25_2017_N20_VIIRS,Gas Flare / Persistent Thermal Source,GF_WB_297
22.3468_69.8778_2023-11-22_2023_N_VIIRS,Gas Flare / Persistent Thermal Source,GF_WB_1144
19.3499_71.3016_2023-09-16_2030_N20_VIIRS,Gas Flare / Persistent Thermal Source,GF_WB_1340
23.4077_72.4141_2023-11-24_2034_N20_VIIRS,Gas Flare / Persistent Thermal Source,GF_WB_1357
18.5824_72.2409_2023-10-30_2055_N_VIIRS,Gas Flare / Persistent Thermal Source,GF_WB_1328
19.5704_71.3532_2023-10-28_2041_N20_VIIRS,Gas Flare / Persistent Thermal Source,GF_WB_179
22.3473_69.8790_2023-09-27_2023_N20_VIIRS,Gas Flare / Persistent Thermal Source,GF_WB_1144
18.9722_71.6198_2023-10-25_2138_N20_VIIRS,Gas Flare / Persistent Thermal Source,GF_WB_1332
19.5661_71.3563_2023-10-31_0855_N20_VIIRS,Gas Flare / Persistent Thermal Source,GF_WB_37
19.3484_71.3010_2023-11-06_2023_N_VIIRS,Gas Flare / Persistent Thermal Source,GF_WB_174
20.9670_86.0122_2023-10-11_2010_N_VIIRS,Gas Flare / Persistent Thermal Source,GF_WB_596
27.2710_95.1236_2023-11-04_1826_N20_VIIRS,Gas Flare / Persistent Thermal Source,GF_WB_1393
22.3363_69.8668_2023-11-28_2100_N20_VIIRS,Gas Flare / Persistent Thermal Source,GF_WB_956
19.3661_71.3543_2023-11-15_0915_N20_VIIRS,Gas Flare / Persistent Thermal Source,GF_WB_1031
20.9682_86.0096_2023-11-21_1951_N20_VIIRS,Gas Flare / Persistent Thermal Source,GF_WB_596
18.8049_74.2593_2023-10-14_2055_N_VIIRS,Gas Flare / Persistent Thermal Source,GF_WB_1222
22.3365_69.8677_2023-11-20_2100_N_VIIRS,Gas Flare / Persistent Thermal Source,GF_WB_956
23.6653_86.9192_2023-11-14_1931_N_VIIRS,Gas Flare / Persistent Thermal Source,GF_WB_614
16.5544_82.5915_2023-11-03_1940_N_VIIRS,Gas Flare / Persistent Thermal Source,GF_WB_1322
17.5355_83.0002_2023-10-10_1939_N20_VIIRS,Gas Flare / Persistent Thermal Source,GF_WB_764
27.5611_96.0361_2023-11-14_1839_N20_VIIRS,Gas Flare / Persistent Thermal Source,GF_WB_1422
27.3817_95.0859_2023-11-14_1839_N20_VIIRS,Gas Flare / Persistent Thermal Source,GF_WB_1405
19.1748_70.9420_2023-10-16_2017_N_VIIRS,Gas Flare / Persistent Thermal Source,GF_WB_770
22.3472_69.8763_2023-11-28_2010_N_VIIRS,Gas Flare / Persistent Thermal Source,GF_WB_1354
22.3464_69.8710_2023-11-28_2010_N_VIIRS,Gas Flare / Persistent Thermal Source,GF_WB_1354
19.1738_70.9490_2023-10-30_0914_N20_VIIRS,Gas Flare / Persistent Thermal Source,GF_WB_167
18.5822_72.2395_2023-10-22_2054_N20_VIIRS,Gas Flare / Persistent Thermal Source,GF_WB_1328
26.6423_79.4742_2023-10-18_1937_N_VIIRS,Gas Flare / Persistent Thermal Source,GF_WB_516
20.9669_86.0124_2023-10-28_0811_N20_VIIRS,Gas Flare / Persistent Thermal Source,GF_WB_596
16.5501_82.5909_2023-11-03_1940_N_VIIRS,Gas Flare / Persistent Thermal Source,GF_WB_1215
17.5358_83.0005_2023-11-28_2011_N_VIIRS,Gas Flare / Persistent Thermal Source,GF_WB_764
19.3753_71.3549_2023-09-18_2132_N20_VIIRS,Gas Flare / Persistent Thermal Source,GF_WB_1341
19.3716_71.3581_2023-11-07_2145_N_VIIRS,Gas Flare / Persistent Thermal Source,GF_WB_1131
19.5732_71.3548_2023-10-06_2145_N_VIIRS,Gas Flare / Persistent Thermal Source,GF_WB_179
19.5666_71.3550_2023-10-20_0902_N20_VIIRS,Gas Flare / Persistent Thermal Source,GF_WB_179
23.6678_86.9188_2023-10-17_0729_N_VIIRS,Gas Flare / Persistent Thermal Source,GF_WB_614
26.6451_79.4831_2023-11-14_2111_N_VIIRS,Gas Flare / Persistent Thermal Source,GF_WB_625
18.8056_74.2613_2023-10-27_2011_N_VIIRS,Gas Flare / Persistent Thermal Source,GF_WB_1222
23.6650_86.9193_2023-11-29_1950_N_VIIRS,Gas Flare / Persistent Thermal Source,GF_WB_614
23.6294_86.2862_2023-10-27_1918_N20_VIIRS,Gas Flare / Persistent Thermal Source,GF_WB_612
17.5331_82.9986_2023-10-20_1951_N20_VIIRS,Gas Flare / Persistent Thermal Source,GF_WB_155
18.9175_72.0380_2023-11-28_2011_N_VIIRS,Gas Flare / Persistent Thermal Source,GF_WB_582
19.5661_71.3586_2023-11-15_0915_N20_VIIRS,Gas Flare / Persistent Thermal Source,GF_WB_693
27.2663_95.1199_2023-10-19_1826_N20_VIIRS,Gas Flare / Persistent Thermal Source,GF_WB_990
27.5353_95.3955_2023-10-29_1839_N20_VIIRS,Gas Flare / Persistent Thermal Source,GF_WB_1105
23.6340_86.2935_2023-10-27_1918_N20_VIIRS,Gas Flare / Persistent Thermal Source,GF_WB_75
27.3209_95.2629_2023-11-20_2007_N20_VIIRS,Gas Flare / Persistent Thermal Source,GF_WB_1088
23.6294_86.2861_2023-11-02_1906_N20_VIIRS,Gas Flare / Persistent Thermal Source,GF_WB_612
17.5348_82.9994_2023-10-15_1945_N20_VIIRS,Gas Flare / Persistent Thermal Source,GF_WB_764
19.5682_71.3534_2023-10-30_2055_N_VIIRS,Gas Flare / Persistent Thermal Source,GF_WB_321
23.6685_86.9189_2023-09-24_2028_N_VIIRS,Gas Flare / Persistent Thermal Source,GF_WB_614
22.3363_69.8676_2023-11-08_2125_N_VIIRS,Gas Flare / Persistent Thermal Source,GF_WB_956
19.5692_71.3530_2023-10-14_2144_N20_VIIRS,Gas Flare / Persistent Thermal Source,GF_WB_321
19.5673_71.3540_2023-11-28_0831_N20_VIIRS,Gas Flare / Persistent Thermal Source,GF_WB_179
27.3674_94.8912_2023-10-19_1826_N20_VIIRS,Gas Flare / Persistent Thermal Source,GF_WB_646
22.3476_69.8756_2023-09-27_2023_N20_VIIRS,Gas Flare / Persistent Thermal Source,GF_WB_1354
19.5680_71.3535_2023-10-12_2042_N20_VIIRS,Gas Flare / Persistent Thermal Source,GF_WB_321
19.5697_71.3530_2023-10-12_2132_N_VIIRS,Gas Flare / Persistent Thermal Source,GF_WB_321
27.3219_95.2645_2023-09-17_2008_N20_VIIRS,Gas Flare / Persistent Thermal Source,GF_WB_992
27.3818_95.0857_2023-10-29_1839_N20_VIIRS,Gas Flare / Persistent Thermal Source,GF_WB_1405
27.4688_95.4182_2023-10-29_2019_N20_VIIRS,Gas Flare / Persistent Thermal Source,GF_WB_841
20.9667_86.0127_2023-10-17_2047_N20_VIIRS,Gas Flare / Persistent Thermal Source,GF_WB_596
22.3395_69.8872_2023-09-28_0916_N20_VIIRS,Gas Flare / Persistent Thermal Source,GF_WB_1143
27.4717_95.4190_2023-11-30_1839_N20_VIIRS,Gas Flare / Persistent Thermal Source,GF_WB_1416
19.5744_71.3630_2023-11-06_2113_N20_VIIRS,Gas Flare / Persistent Thermal Source,GF_WB_1344
22.3362_69.8667_2023-09-25_2100_N20_VIIRS,Gas Flare / Persistent Thermal Source,GF_WB_956
20.9682_86.0103_2023-10-24_2015_N20_VIIRS,Gas Flare / Persistent Thermal Source,GF_WB_596
21.1702_72.6651_2023-10-17_1958_N_VIIRS,Gas Flare / Persistent Thermal Source,GF_WB_1346
19.3737_71.3502_2023-11-23_2004_N_VIIRS,Gas Flare / Persistent Thermal Source,GF_WB_1341
17.5344_82.9991_2023-09-27_2023_N20_VIIRS,Gas Flare / Persistent Thermal Source,GF_WB_764
22.3469_69.8824_2023-09-27_2023_N20_VIIRS,Gas Flare / Persistent Thermal Source,GF_WB_1144
27.3195_95.2617_2023-11-09_1833_N20_VIIRS,Gas Flare / Persistent Thermal Source,GF_WB_1088
26.0631_93.8904_2023-11-30_1840_N20_VIIRS,Gas Flare / Persistent Thermal Source,GF_WB_1370
20.9675_86.0120_2023-10-17_2047_N20_VIIRS,Gas Flare / Persistent Thermal Source,GF_WB_596
22.3399_69.8859_2023-11-17_2157_N_VIIRS,Gas Flare / Persistent Thermal Source,GF_WB_1143
22.3454_69.8629_2023-10-09_2048_N_VIIRS,Gas Flare / Persistent Thermal Source,GF_WB_1142
19.3714_71.3494_2023-10-03_2011_N20_VIIRS,Gas Flare / Persistent Thermal Source,GF_WB_1341
18.5748_72.2449_2023-10-03_0740_N20_VIIRS,Gas Flare / Persistent Thermal Source,GF_WB_1219
23.4089_72.4139_2023-11-10_2137_N20_VIIRS,Gas Flare / Persistent Thermal Source,GF_WB_1357
23.4113_72.4155_2023-11-14_2022_N20_VIIRS,Gas Flare / Persistent Thermal Source,GF_WB_1357
19.5315_71.2959_2023-10-31_2125_N20_VIIRS,Gas Flare / Persistent Thermal Source,GF_WB_1343
23.6659_86.9187_2023-10-19_1919_N_VIIRS,Gas Flare / Persistent Thermal Source,GF_WB_614
26.6435_79.4743_2023-11-27_1937_N20_VIIRS,Gas Flare / Persistent Thermal Source,GF_WB_516
20.9650_86.0136_2023-11-02_1957_N_VIIRS,Gas Flare / Persistent Thermal Source,GF_WB_596
20.9671_86.0125_2023-09-25_0741_N_VIIRS,Gas Flare / Persistent Thermal Source,GF_WB_596
27.4707_95.4184_2023-11-20_2007_N20_VIIRS,Gas Flare / Persistent Thermal Source,GF_WB_841
19.5657_71.3568_2023-10-15_0856_N20_VIIRS,Gas Flare / Persistent Thermal Source,GF_WB_37
18.7054_72.3475_2023-10-09_1958_N20_VIIRS,Gas Flare / Persistent Thermal Source,GF_WB_1121
18.9185_72.0451_2023-11-06_0843_N20_VIIRS,Gas Flare / Persistent Thermal Source,GF_WB_1223
19.3466_71.3004_2023-11-23_2004_N_VIIRS,Gas Flare / Persistent Thermal Source,GF_WB_32
27.4716_95.4188_2023-11-03_1845_N20_VIIRS,Gas Flare / Persistent Thermal Source,GF_WB_1416
19.3699_71.3494_2023-11-23_2004_N_VIIRS,Gas Flare / Persistent Thermal Source,GF_WB_175
20.9656_86.0032_2023-11-18_1907_N20_VIIRS,Gas Flare / Persistent Thermal Source,GF_WB_325
27.6073_95.3971_2023-10-29_1839_N20_VIIRS,Gas Flare / Persistent Thermal Source,GF_WB_1424
27.3794_95.0833_2023-10-19_1826_N20_VIIRS,Gas Flare / Persistent Thermal Source,GF_WB_1405
22.3360_69.8662_2023-10-22_2053_N20_VIIRS,Gas Flare / Persistent Thermal Source,GF_WB_956
20.9677_86.0119_2023-10-13_0753_N20_VIIRS,Gas Flare / Persistent Thermal Source,GF_WB_596
20.9680_86.0114_2023-11-22_2022_N_VIIRS,Gas Flare / Persistent Thermal Source,GF_WB_596
27.3217_95.2636_2023-11-09_2013_N20_VIIRS,Gas Flare / Persistent Thermal Source,GF_WB_992
22.3478_69.8803_2023-11-28_2100_N20_VIIRS,Gas Flare / Persistent Thermal Source,GF_WB_1144
23.6648_86.9191_2023-11-06_2022_N_VIIRS,Gas Flare / Persistent Thermal Source,GF_WB_614
17.5359_83.0001_2023-10-13_1933_N_VIIRS,Gas Flare / Persistent Thermal Source,GF_WB_764
27.3220_95.2641_2023-11-30_2020_N20_VIIRS,Gas Flare / Persistent Thermal Source,GF_WB_992
19.3707_71.3493_2023-10-29_2023_N20_VIIRS,Gas Flare / Persistent Thermal Source,GF_WB_459
19.3734_71.3497_2023-10-19_2010_N20_VIIRS,Gas Flare / Persistent Thermal Source,GF_WB_1341
20.9665_86.0131_2023-10-18_2028_N20_VIIRS,Gas Flare / Persistent Thermal Source,GF_WB_596
27.4725_95.4193_2023-10-29_2019_N20_VIIRS,Gas Flare / Persistent Thermal Source,GF_WB_1416
20.9644_86.0139_2023-09-25_0741_N_VIIRS,Gas Flare / Persistent Thermal Source,GF_WB_596
27.4719_95.4188_2023-11-03_1845_N20_VIIRS,Gas Flare / Persistent Thermal Source,GF_WB_1416
23.4075_72.4136_2023-10-23_2034_N20_VIIRS,Gas Flare / Persistent Thermal Source,GF_WB_1357
23.6341_86.2948_2023-10-19_1919_N_VIIRS,Gas Flare / Persistent Thermal Source,GF_WB_75
18.7084_72.3382_2023-10-09_2138_N20_VIIRS,Gas Flare / Persistent Thermal Source,GF_WB_448
22.3363_69.8684_2023-11-07_2054_N20_VIIRS,Gas Flare / Persistent Thermal Source,GF_WB_956
27.3724_94.8921_2023-11-13_1858_N20_VIIRS,Gas Flare / Persistent Thermal Source,GF_WB_1403
20.9683_86.0110_2023-11-07_2004_N_VIIRS,Gas Flare / Persistent Thermal Source,GF_WB_596
22.3360_69.8677_2023-11-02_2138_N_VIIRS,Gas Flare / Persistent Thermal Source,GF_WB_956
23.5443_72.4032_2023-10-13_2022_N20_VIIRS,Gas Flare / Persistent Thermal Source,GF_WB_1362
20.9666_86.0132_2023-11-15_1913_N_VIIRS,Gas Flare / Persistent Thermal Source,GF_WB_596
21.8244_72.6961_2023-11-04_0832_N_VIIRS,Gas Flare / Persistent Thermal Source,GF_WB_334
22.3362_69.8684_2023-11-02_2138_N_VIIRS,Gas Flare / Persistent Thermal Source,GF_WB_956
23.6686_86.9186_2023-10-17_1956_N_VIIRS,Gas Flare / Persistent Thermal Source,GF_WB_614
21.1632_72.6694_2023-10-17_1958_N_VIIRS,Gas Flare / Persistent Thermal Source,GF_WB_1346
23.6347_86.2956_2023-11-01_1924_N20_VIIRS,Gas Flare / Persistent Thermal Source,GF_WB_613
20.9679_86.0119_2023-10-30_2003_N20_VIIRS,Gas Flare / Persistent Thermal Source,GF_WB_596
20.9599_86.0101_2023-11-13_0812_N20_VIIRS,Gas Flare / Persistent Thermal Source,GF_WB_596
27.3802_95.0836_2023-11-30_1839_N20_VIIRS,Gas Flare / Persistent Thermal Source,GF_WB_1405
22.3391_69.8825_2023-09-28_0916_N20_VIIRS,Gas Flare / Persistent Thermal Source,GF_WB_957
26.6425_79.4845_2023-10-18_2117_N_VIIRS,Gas Flare / Persistent Thermal Source,GF_WB_625
20.9670_86.0044_2023-09-23_1907_N_VIIRS,Gas Flare / Persistent Thermal Source,GF_WB_467
22.3481_69.8731_2023-11-25_2016_N20_VIIRS,Gas Flare / Persistent Thermal Source,GF_WB_1354
20.9681_86.0069_2023-10-17_2047_N20_VIIRS,Gas Flare / Persistent Thermal Source,GF_WB_596
23.6674_86.9182_2023-10-25_0728_N20_VIIRS,Gas Flare / Persistent Thermal Source,GF_WB_614
27.4721_95.4188_2023-11-30_2020_N20_VIIRS,Gas Flare / Persistent Thermal Source,GF_WB_1416
22.3358_69.8669_2023-11-23_2054_N20_VIIRS,Gas Flare / Persistent Thermal Source,GF_WB_956
20.9673_86.0127_2023-10-07_1945_N_VIIRS,Gas Flare / Persistent Thermal Source,GF_WB_596
23.4114_72.4152_2023-10-29_2022_N20_VIIRS,Gas Flare / Persistent Thermal Source,GF_WB_1357
23.6371_86.2983_2023-10-28_2040_N20_VIIRS,Gas Flare / Persistent Thermal Source,GF_WB_613
20.9656_86.0138_2023-10-15_0806_N_VIIRS,Gas Flare / Persistent Thermal Source,GF_WB_596
21.1642_72.6717_2023-11-29_2132_N_VIIRS,Gas Flare / Persistent Thermal Source,GF_WB_1346
23.6341_86.2917_2023-11-07_1912_N20_VIIRS,Gas Flare / Persistent Thermal Source,GF_WB_501
22.3361_69.8683_2023-11-14_2113_N_VIIRS,Gas Flare / Persistent Thermal Source,GF_WB_956
27.4719_95.4186_2023-11-14_1839_N20_VIIRS,Gas Flare / Persistent Thermal Source,GF_WB_1416
20.9685_86.0109_2023-10-15_1944_N20_VIIRS,Gas Flare / Persistent Thermal Source,GF_WB_596
20.9674_86.0127_2023-11-21_2041_N_VIIRS,Gas Flare / Persistent Thermal Source,GF_WB_596
19.3488_71.3004_2023-10-07_2036_N20_VIIRS,Gas Flare / Persistent Thermal Source,GF_WB_32
20.9686_86.0079_2023-10-30_2003_N20_VIIRS,Gas Flare / Persistent Thermal Source,GF_WB_596
23.6658_86.9183_2023-10-26_1937_N20_VIIRS,Gas Flare / Persistent Thermal Source,GF_WB_614
19.5732_71.3642_2023-11-06_2023_N_VIIRS,Gas Flare / Persistent Thermal Source,GF_WB_1344
19.1810_70.9420_2023-10-29_2023_N20_VIIRS,Gas Flare / Persistent Thermal Source,GF_WB_1335
20.9687_86.0086_2023-11-11_0800_N_VIIRS,Gas Flare / Persistent Thermal Source,GF_WB_596
27.3206_95.2618_2023-11-09_1833_N20_VIIRS,Gas Flare / Persistent Thermal Source,GF_WB_1088
23.6695_86.9189_2023-10-26_1937_N20_VIIRS,Gas Flare / Persistent Thermal Source,GF_WB_614
23.6696_86.9190_2023-10-27_2009_N_VIIRS,Gas Flare / Persistent Thermal Source,GF_WB_614
22.3479_69.8722_2023-09-27_2023_N20_VIIRS,Gas Flare / Persistent Thermal Source,GF_WB_1354
20.9660_86.0137_2023-11-24_0805_N20_VIIRS,Gas Flare / Persistent Thermal Source,GF_WB_596
19.5692_71.3525_2023-11-13_2042_N20_VIIRS,Gas Flare / Persistent Thermal Source,GF_WB_321
19.1790_70.9409_2023-10-08_2017_N20_VIIRS,Gas Flare / Persistent Thermal Source,GF_WB_1335
20.9610_86.0126_2023-11-15_1913_N_VIIRS,Gas Flare / Persistent Thermal Source,GF_WB_596
19.3324_72.0152_2023-11-10_1958_N20_VIIRS,Gas Flare / Persistent Thermal Source,GF_WB_777
22.3395_69.8760_2023-11-28_2010_N_VIIRS,Gas Flare / Persistent Thermal Source,GF_WB_1354
20.9687_86.0100_2023-11-04_2009_N20_VIIRS,Gas Flare / Persistent Thermal Source,GF_WB_596
22.3360_69.8684_2023-09-22_2107_N_VIIRS,Gas Flare / Persistent Thermal Source,GF_WB_956
22.3363_69.8690_2023-11-30_2113_N_VIIRS,Gas Flare / Persistent Thermal Source,GF_WB_956
23.6659_86.9182_2023-10-27_2009_N_VIIRS,Gas Flare / Persistent Thermal Source,GF_WB_614
19.0717_73.1344_2023-10-13_2113_N_VIIRS,Gas Flare / Persistent Thermal Source,GF_WB_1226
22.3363_69.8641_2023-11-17_2016_N_VIIRS,Gas Flare / Persistent Thermal Source,GF_WB_956
23.6345_86.2938_2023-10-20_1950_N20_VIIRS,Gas Flare / Persistent Thermal Source,GF_WB_217
23.6345_86.2943_2023-11-25_1925_N_VIIRS,Gas Flare / Persistent Thermal Source,GF_WB_359
23.5463_72.4032_2023-10-30_2003_N20_VIIRS,Gas Flare / Persistent Thermal Source,GF_WB_1362
23.6659_86.9182_2023-10-20_1950_N20_VIIRS,Gas Flare / Persistent Thermal Source,GF_WB_614
22.3358_69.8675_2023-10-22_2144_N_VIIRS,Gas Flare / Persistent Thermal Source,GF_WB_956
19.5687_71.3526_2023-10-11_2101_N20_VIIRS,Gas Flare / Persistent Thermal Source,GF_WB_321
19.3752_71.3509_2023-10-30_2004_N20_VIIRS,Gas Flare / Persistent Thermal Source,GF_WB_1341
23.6647_86.9187_2023-10-15_1943_N20_VIIRS,Gas Flare / Persistent Thermal Source,GF_WB_614
19.3493_71.3005_2023-11-23_2004_N_VIIRS,Gas Flare / Persistent Thermal Source,GF_WB_458
27.4674_95.4179_2023-11-25_2013_N20_VIIRS,Gas Flare / Persistent Thermal Source,GF_WB_841
22.3357_69.8671_2023-10-29_2113_N_VIIRS,Gas Flare / Persistent Thermal Source,GF_WB_956
27.3213_95.2623_2023-11-09_2013_N20_VIIRS,Gas Flare / Persistent Thermal Source,GF_WB_1088
18.7022_72.3394_2023-10-09_2138_N20_VIIRS,Gas Flare / Persistent Thermal Source,GF_WB_767
22.3361_69.8686_2023-11-17_2106_N20_VIIRS,Gas Flare / Persistent Thermal Source,GF_WB_956
19.3679_71.3585_2023-11-15_0915_N20_VIIRS,Gas Flare / Persistent Thermal Source,GF_WB_1131
22.3361_69.8688_2023-10-30_2054_N_VIIRS,Gas Flare / Persistent Thermal Source,GF_WB_956
20.9680_86.0122_2023-10-15_2035_N_VIIRS,Gas Flare / Persistent Thermal Source,GF_WB_596
19.3464_71.3109_2023-10-02_2120_N_VIIRS,Gas Flare / Persistent Thermal Source,GF_WB_1030
23.6345_86.2945_2023-11-26_1956_N20_VIIRS,Gas Flare / Persistent Thermal Source,GF_WB_359
25.3048_71.7638_2023-11-15_2002_N20_VIIRS,Gas Flare / Persistent Thermal Source,GF_WB_1365
21.1789_72.6673_2023-10-05_2023_N_VIIRS,Gas Flare / Persistent Thermal Source,GF_WB_469
20.9681_86.0122_2023-10-20_2041_N_VIIRS,Gas Flare / Persistent Thermal Source,GF_WB_596
19.3712_71.3488_2023-10-30_2144_N20_VIIRS,Gas Flare / Persistent Thermal Source,GF_WB_1341
23.6658_86.9181_2023-11-07_2003_N_VIIRS,Gas Flare / Persistent Thermal Source,GF_WB_614
27.6093_95.3977_2023-11-25_2013_N20_VIIRS,Gas Flare / Persistent Thermal Source,GF_WB_1424
23.6647_86.9186_2023-11-05_1950_N20_VIIRS,Gas Flare / Persistent Thermal Source,GF_WB_614
20.9678_86.0126_2023-11-16_2035_N_VIIRS,Gas Flare / Persistent Thermal Source,GF_WB_596
18.9760_71.6186_2023-11-30_2023_N20_VIIRS,Gas Flare / Persistent Thermal Source,GF_WB_1332
23.4182_72.3508_2023-11-25_2016_N20_VIIRS,Gas Flare / Persistent Thermal Source,GF_WB_1358
20.9656_86.0141_2023-11-05_2041_N_VIIRS,Gas Flare / Persistent Thermal Source,GF_WB_596
23.6679_86.9180_2023-10-30_2002_N20_VIIRS,Gas Flare / Persistent Thermal Source,GF_WB_614
23.1120_72.4702_2023-11-07_2053_N20_VIIRS,Gas Flare / Persistent Thermal Source,GF_WB_1147
20.9673_86.0132_2023-11-26_2047_N_VIIRS,Gas Flare / Persistent Thermal Source,GF_WB_596
28.2305_79.2403_2023-09-26_1949_N_VIIRS,Gas Flare / Persistent Thermal Source,GF_WB_138
18.7007_72.3422_2023-10-09_2138_N20_VIIRS,Gas Flare / Persistent Thermal Source,GF_WB_767
19.0707_73.1326_2023-10-15_2126_N20_VIIRS,Gas Flare / Persistent Thermal Source,GF_WB_1226
27.4700_95.4175_2023-11-20_1827_N20_VIIRS,Gas Flare / Persistent Thermal Source,GF_WB_841
19.5689_71.3523_2023-10-14_2004_N20_VIIRS,Gas Flare / Persistent Thermal Source,GF_WB_179
19.5653_71.3590_2023-10-06_2145_N_VIIRS,Gas Flare / Persistent Thermal Source,GF_WB_693
22.3477_69.8775_2023-11-25_2016_N20_VIIRS,Gas Flare / Persistent Thermal Source,GF_WB_1144
19.3749_71.3502_2023-11-20_2010_N20_VIIRS,Gas Flare / Persistent Thermal Source,GF_WB_1341
23.6674_86.9178_2023-11-02_1956_N_VIIRS,Gas Flare / Persistent Thermal Source,GF_WB_614
20.9629_86.0143_2023-11-15_1913_N_VIIRS,Gas Flare / Persistent Thermal Source,GF_WB_596
19.3670_71.3581_2023-11-28_2151_N_VIIRS,Gas Flare / Persistent Thermal Source,GF_WB_1131
23.6652_86.9181_2023-10-19_1919_N_VIIRS,Gas Flare / Persistent Thermal Source,GF_WB_614
17.5340_82.9980_2023-09-24_1939_N20_VIIRS,Gas Flare / Persistent Thermal Source,GF_WB_764
23.6335_86.2899_2023-10-28_1859_N20_VIIRS,Gas Flare / Persistent Thermal Source,GF_WB_217
20.9683_86.0122_2023-11-08_2034_N20_VIIRS,Gas Flare / Persistent Thermal Source,GF_WB_596
25.2975_71.7469_2023-10-22_2143_N_VIIRS,Gas Flare / Persistent Thermal Source,GF_WB_1258
23.4112_72.4142_2023-10-23_2034_N20_VIIRS,Gas Flare / Persistent Thermal Source,GF_WB_1357
19.5671_71.3530_2023-10-17_0909_N_VIIRS,Gas Flare / Persistent Thermal Source,GF_WB_463
22.3476_69.8708_2023-11-28_2010_N_VIIRS,Gas Flare / Persistent Thermal Source,GF_WB_1354
19.2825_71.4410_2023-10-09_0908_N20_VIIRS,Gas Flare / Persistent Thermal Source,GF_WB_863
22.3361_69.8693_2023-11-25_2107_N_VIIRS,Gas Flare / Persistent Thermal Source,GF_WB_956
19.3683_71.3490_2023-11-18_1958_N_VIIRS,Gas Flare / Persistent Thermal Source,GF_WB_779
27.3817_95.0840_2023-11-09_1833_N20_VIIRS,Gas Flare / Persistent Thermal Source,GF_WB_1405
22.3358_69.8641_2023-11-30_2022_N20_VIIRS,Gas Flare / Persistent Thermal Source,GF_WB_956
23.6648_86.9182_2023-10-22_2003_N_VIIRS,Gas Flare / Persistent Thermal Source,GF_WB_614
20.9663_86.0141_2023-11-13_0812_N20_VIIRS,Gas Flare / Persistent Thermal Source,GF_WB_596
20.9667_86.0139_2023-10-05_0703_N20_VIIRS,Gas Flare / Persistent Thermal Source,GF_WB_596
20.9691_86.0105_2023-09-26_2041_N20_VIIRS,Gas Flare / Persistent Thermal Source,GF_WB_596
20.9638_86.0145_2023-11-19_0759_N20_VIIRS,Gas Flare / Persistent Thermal Source,GF_WB_596
18.8048_74.2576_2023-11-04_2010_N20_VIIRS,Gas Flare / Persistent Thermal Source,GF_WB_1222
23.6653_86.9179_2023-10-17_1956_N_VIIRS,Gas Flare / Persistent Thermal Source,GF_WB_614
22.3360_69.8637_2023-11-09_2016_N20_VIIRS,Gas Flare / Persistent Thermal Source,GF_WB_956
20.9688_86.0115_2023-09-26_1951_N_VIIRS,Gas Flare / Persistent Thermal Source,GF_WB_596
27.4729_95.4186_2023-11-25_1833_N20_VIIRS,Gas Flare / Persistent Thermal Source,GF_WB_1416
23.6679_86.9177_2023-10-30_0734_N20_VIIRS,Gas Flare / Persistent Thermal Source,GF_WB_614
19.5668_71.3530_2023-09-19_0754_N_VIIRS,Gas Flare / Persistent Thermal Source,GF_WB_321
18.7009_72.3450_2023-10-09_2138_N20_VIIRS,Gas Flare / Persistent Thermal Source,GF_WB_857
23.6329_86.2877_2023-10-12_1900_N20_VIIRS,Gas Flare / Persistent Thermal Source,GF_WB_612
20.9676_86.0133_2023-11-21_1951_N20_VIIRS,Gas Flare / Persistent Thermal Source,GF_WB_596
23.4066_72.4130_2023-11-20_2150_N20_VIIRS,Gas Flare / Persistent Thermal Source,GF_WB_1357
18.9754_71.6181_2023-10-03_2011_N20_VIIRS,Gas Flare / Persistent Thermal Source,GF_WB_1332
20.9688_86.0115_2023-10-22_2003_N_VIIRS,Gas Flare / Persistent Thermal Source,GF_WB_596
19.5667_71.3531_2023-10-06_2145_N_VIIRS,Gas Flare / Persistent Thermal Source,GF_WB_321
19.3505_71.3005_2023-11-09_2017_N20_VIIRS,Gas Flare / Persistent Thermal Source,GF_WB_1340
18.9178_72.0456_2023-09-15_0909_N_VIIRS,Gas Flare / Persistent Thermal Source,GF_WB_1223
26.6434_79.4732_2023-10-13_1931_N_VIIRS,Gas Flare / Persistent Thermal Source,GF_WB_516
19.5698_71.3518_2023-10-13_2023_N20_VIIRS,Gas Flare / Persistent Thermal Source,GF_WB_463
27.3193_95.2604_2023-10-14_1820_N20_VIIRS,Gas Flare / Persistent Thermal Source,GF_WB_1088
20.9683_86.0126_2023-10-30_2054_N_VIIRS,Gas Flare / Persistent Thermal Source,GF_WB_596
20.9676_86.0134_2023-10-31_2035_N_VIIRS,Gas Flare / Persistent Thermal Source,GF_WB_596
23.6641_86.9184_2023-11-25_1925_N_VIIRS,Gas Flare / Persistent Thermal Source,GF_WB_614
20.9691_86.0110_2023-10-09_2047_N_VIIRS,Gas Flare / Persistent Thermal Source,GF_WB_596
19.2164_72.1098_2023-10-17_1958_N_VIIRS,Gas Flare / Persistent Thermal Source,GF_WB_1336
20.9687_86.0120_2023-11-29_2041_N20_VIIRS,Gas Flare / Persistent Thermal Source,GF_WB_596
20.9694_86.0092_2023-10-14_2053_N_VIIRS,Gas Flare / Persistent Thermal Source,GF_WB_596
20.9641_86.0148_2023-10-25_0818_N_VIIRS,Gas Flare / Persistent Thermal Source,GF_WB_596
27.4700_95.4171_2023-11-09_2013_N20_VIIRS,Gas Flare / Persistent Thermal Source,GF_WB_841
27.6085_95.3964_2023-11-20_1827_N20_VIIRS,Gas Flare / Persistent Thermal Source,GF_WB_1424
20.9667_86.0141_2023-10-12_0812_N20_VIIRS,Gas Flare / Persistent Thermal Source,GF_WB_596
17.5358_82.9987_2023-10-27_1920_N20_VIIRS,Gas Flare / Persistent Thermal Source,GF_WB_764
22.3352_69.8678_2023-10-25_2048_N_VIIRS,Gas Flare / Persistent Thermal Source,GF_WB_956
23.6693_86.9179_2023-10-09_1956_N20_VIIRS,Gas Flare / Persistent Thermal Source,GF_WB_614
20.9665_86.0143_2023-11-28_2010_N_VIIRS,Gas Flare / Persistent Thermal Source,GF_WB_596
27.3805_95.0827_2023-11-04_1826_N20_VIIRS,Gas Flare / Persistent Thermal Source,GF_WB_1405
21.1637_72.6644_2023-10-17_1958_N_VIIRS,Gas Flare / Persistent Thermal Source,GF_WB_1346
22.3350_69.8662_2023-10-30_2143_N20_VIIRS,Gas Flare / Persistent Thermal Source,GF_WB_956
20.9690_86.0117_2023-11-11_2029_N_VIIRS,Gas Flare / Persistent Thermal Source,GF_WB_596
23.6671_86.9173_2023-11-01_1924_N20_VIIRS,Gas Flare / Persistent Thermal Source,GF_WB_614
22.3355_69.8690_2023-11-24_2125_N_VIIRS,Gas Flare / Persistent Thermal Source,GF_WB_956
23.6352_86.2926_2023-11-22_1931_N20_VIIRS,Gas Flare / Persistent Thermal Source,GF_WB_75
20.9665_86.0024_2023-11-18_1907_N20_VIIRS,Gas Flare / Persistent Thermal Source,GF_WB_467
19.1783_70.9399_2023-11-14_2023_N20_VIIRS,Gas Flare / Persistent Thermal Source,GF_WB_584
27.5574_96.0335_2023-11-20_1827_N20_VIIRS,Gas Flare / Persistent Thermal Source,GF_WB_663
23.6659_86.9173_2023-10-29_1931_N_VIIRS,Gas Flare / Persistent Thermal Source,GF_WB_614
20.9676_86.0137_2023-11-24_0805_N20_VIIRS,Gas Flare / Persistent Thermal Source,GF_WB_596
23.6634_86.9187_2023-10-14_2002_N20_VIIRS,Gas Flare / Persistent Thermal Source,GF_WB_614
20.9661_86.0146_2023-11-10_2047_N_VIIRS,Gas Flare / Persistent Thermal Source,GF_WB_596
19.5708_71.3516_2023-10-14_2004_N20_VIIRS,Gas Flare / Persistent Thermal Source,GF_WB_179
23.6646_86.9178_2023-11-24_1944_N_VIIRS,Gas Flare / Persistent Thermal Source,GF_WB_614
23.6659_86.9173_2023-10-09_1956_N20_VIIRS,Gas Flare / Persistent Thermal Source,GF_WB_614
18.8034_74.2563_2023-10-14_2004_N20_VIIRS,Gas Flare / Persistent Thermal Source,GF_WB_1222
27.5594_96.0337_2023-11-20_1827_N20_VIIRS,Gas Flare / Persistent Thermal Source,GF_WB_1422
27.6098_95.3971_2023-11-25_1833_N20_VIIRS,Gas Flare / Persistent Thermal Source,GF_WB_1424
23.6641_86.9180_2023-11-23_2003_N_VIIRS,Gas Flare / Persistent Thermal Source,GF_WB_614
23.6665_86.9172_2023-11-25_1925_N_VIIRS,Gas Flare / Persistent Thermal Source,GF_WB_614
19.3728_71.3482_2023-11-20_2010_N20_VIIRS,Gas Flare / Persistent Thermal Source,GF_WB_1341
22.3425_69.8603_2023-11-17_2016_N_VIIRS,Gas Flare / Persistent Thermal Source,GF_WB_1142
19.5646_71.3560_2023-10-14_0915_N20_VIIRS,Gas Flare / Persistent Thermal Source,GF_WB_463
23.6679_86.9171_2023-10-28_1950_N_VIIRS,Gas Flare / Persistent Thermal Source,GF_WB_614
20.9695_86.0109_2023-11-22_1932_N20_VIIRS,Gas Flare / Persistent Thermal Source,GF_WB_596
20.9625_86.0148_2023-10-05_0703_N20_VIIRS,Gas Flare / Persistent Thermal Source,GF_WB_596
19.3745_71.3587_2023-09-18_2132_N20_VIIRS,Gas Flare / Persistent Thermal Source,GF_WB_1341
19.5650_71.3612_2023-10-14_0915_N20_VIIRS,Gas Flare / Persistent Thermal Source,GF_WB_869
23.6355_86.2933_2023-11-28_1918_N20_VIIRS,Gas Flare / Persistent Thermal Source,GF_WB_359
19.0722_73.1333_2023-10-25_2049_N_VIIRS,Gas Flare / Persistent Thermal Source,GF_WB_1226
25.2971_71.7464_2023-10-22_2052_N20_VIIRS,Gas Flare / Persistent Thermal Source,GF_WB_1258
20.9675_86.0140_2023-10-24_2015_N20_VIIRS,Gas Flare / Persistent Thermal Source,GF_WB_596
23.6659_86.9170_2023-09-26_1950_N_VIIRS,Gas Flare / Persistent Thermal Source,GF_WB_614
18.7064_72.3366_2023-10-09_1958_N20_VIIRS,Gas Flare / Persistent Thermal Source,GF_WB_581
27.3206_95.2604_2023-11-04_1826_N20_VIIRS,Gas Flare / Persistent Thermal Source,GF_WB_1088
17.5364_82.9986_2023-11-30_1933_N_VIIRS,Gas Flare / Persistent Thermal Source,GF_WB_764
22.3349_69.8684_2023-11-09_2107_N_VIIRS,Gas Flare / Persistent Thermal Source,GF_WB_956
20.9690_86.0126_2023-11-22_0753_N_VIIRS,Gas Flare / Persistent Thermal Source,GF_WB_596
23.6649_86.9173_2023-11-08_1944_N_VIIRS,Gas Flare / Persistent Thermal Source,GF_WB_614
20.9688_86.0129_2023-11-17_2016_N_VIIRS,Gas Flare / Persistent Thermal Source,GF_WB_596
28.7606_77.0555_2023-09-28_2052_N_VIIRS,Gas Flare / Persistent Thermal Source,GF_WB_282
20.9677_86.0141_2023-10-09_2047_N_VIIRS,Gas Flare / Persistent Thermal Source,GF_WB_596
20.9698_86.0106_2023-10-30_1913_N_VIIRS,Gas Flare / Persistent Thermal Source,GF_WB_596
23.6671_86.9168_2023-11-06_1931_N20_VIIRS,Gas Flare / Persistent Thermal Source,GF_WB_614
19.3742_71.3485_2023-11-15_2004_N20_VIIRS,Gas Flare / Persistent Thermal Source,GF_WB_1341
20.9700_86.0096_2023-10-28_2040_N20_VIIRS,Gas Flare / Persistent Thermal Source,GF_WB_596
18.8060_74.2577_2023-10-27_2100_N20_VIIRS,Gas Flare / Persistent Thermal Source,GF_WB_1222
20.9687_86.0132_2023-11-21_0721_N20_VIIRS,Gas Flare / Persistent Thermal Source,GF_WB_596
23.6686_86.9170_2023-10-30_1912_N_VIIRS,Gas Flare / Persistent Thermal Source,GF_WB_614
23.6690_86.9171_2023-10-25_1956_N20_VIIRS,Gas Flare / Persistent Thermal Source,GF_WB_614
21.1636_72.6637_2023-10-17_1958_N_VIIRS,Gas Flare / Persistent Thermal Source,GF_WB_1346
27.6104_95.3971_2023-11-20_1827_N20_VIIRS,Gas Flare / Persistent Thermal Source,GF_WB_1424
20.9692_86.0126_2023-10-25_2047_N_VIIRS,Gas Flare / Persistent Thermal Source,GF_WB_596
22.3345_69.8672_2023-10-09_2138_N20_VIIRS,Gas Flare / Persistent Thermal Source,GF_WB_956
23.6647_86.9172_2023-10-12_1950_N_VIIRS,Gas Flare / Persistent Thermal Source,GF_WB_614
23.6644_86.9173_2023-10-30_2002_N20_VIIRS,Gas Flare / Persistent Thermal Source,GF_WB_614
23.6696_86.9173_2023-10-17_1906_N20_VIIRS,Gas Flare / Persistent Thermal Source,GF_WB_614
23.6343_86.2890_2023-10-12_1859_N20_VIIRS,Gas Flare / Persistent Thermal Source,GF_WB_612
23.6668_86.9166_2023-11-02_1906_N20_VIIRS,Gas Flare / Persistent Thermal Source,GF_WB_614
23.6706_86.9179_2023-11-21_2040_N_VIIRS,Gas Flare / Persistent Thermal Source,GF_WB_614
20.9691_86.0129_2023-09-24_2029_N_VIIRS,Gas Flare / Persistent Thermal Source,GF_WB_596
22.3346_69.8685_2023-11-27_2119_N20_VIIRS,Gas Flare / Persistent Thermal Source,GF_WB_956
19.3390_72.0159_2023-11-10_1958_N20_VIIRS,Gas Flare / Persistent Thermal Source,GF_WB_1339
22.3344_69.8679_2023-11-04_2100_N_VIIRS,Gas Flare / Persistent Thermal Source,GF_WB_956
23.4083_72.4117_2023-10-25_1956_N20_VIIRS,Gas Flare / Persistent Thermal Source,GF_WB_1357
23.6669_86.9165_2023-10-22_1912_N20_VIIRS,Gas Flare / Persistent Thermal Source,GF_WB_614
23.6351_86.2901_2023-11-13_1859_N20_VIIRS,Gas Flare / Persistent Thermal Source,GF_WB_359
19.5706_71.3509_2023-10-14_2144_N20_VIIRS,Gas Flare / Persistent Thermal Source,GF_WB_463
27.2679_95.1179_2023-11-04_1826_N20_VIIRS,Gas Flare / Persistent Thermal Source,GF_WB_1393
19.3380_72.0148_2023-11-10_1958_N20_VIIRS,Gas Flare / Persistent Thermal Source,GF_WB_1339
23.6683_86.9165_2023-11-29_1900_N20_VIIRS,Gas Flare / Persistent Thermal Source,GF_WB_614
18.9750_71.6169_2023-10-14_2004_N20_VIIRS,Gas Flare / Persistent Thermal Source,GF_WB_1332
21.7800_72.1252_2023-10-25_2137_N20_VIIRS,Gas Flare / Persistent Thermal Source,GF_WB_190
18.8069_74.2584_2023-11-27_2120_N20_VIIRS,Gas Flare / Persistent Thermal Source,GF_WB_1222
23.6653_86.9166_2023-11-21_1900_N_VIIRS,Gas Flare / Persistent Thermal Source,GF_WB_614
22.3485_69.8838_2023-09-27_2113_N_VIIRS,Gas Flare / Persistent Thermal Source,GF_WB_1144
23.6657_86.9165_2023-10-25_1956_N20_VIIRS,Gas Flare / Persistent Thermal Source,GF_WB_614
23.6640_86.9171_2023-11-02_1956_N_VIIRS,Gas Flare / Persistent Thermal Source,GF_WB_614
23.6641_86.9171_2023-11-22_1931_N20_VIIRS,Gas Flare / Persistent Thermal Source,GF_WB_614
22.3345_69.8688_2023-10-19_2100_N_VIIRS,Gas Flare / Persistent Thermal Source,GF_WB_956
27.4713_95.4162_2023-10-14_1820_N20_VIIRS,Gas Flare / Persistent Thermal Source,GF_WB_841
17.5366_82.9980_2023-11-28_1920_N20_VIIRS,Gas Flare / Persistent Thermal Source,GF_WB_764
20.9679_86.0146_2023-11-04_2009_N20_VIIRS,Gas Flare / Persistent Thermal Source,GF_WB_596
23.6678_86.9163_2023-10-22_1912_N20_VIIRS,Gas Flare / Persistent Thermal Source,GF_WB_614
23.6666_86.9162_2023-11-21_1950_N20_VIIRS,Gas Flare / Persistent Thermal Source,GF_WB_614
20.9700_86.0120_2023-10-29_2022_N20_VIIRS,Gas Flare / Persistent Thermal Source,GF_WB_596
27.3176_95.2589_2023-10-14_1820_N20_VIIRS,Gas Flare / Persistent Thermal Source,GF_WB_1088
19.5702_71.3506_2023-10-11_2011_N_VIIRS,Gas Flare / Persistent Thermal Source,GF_WB_37
23.6668_86.9161_2023-10-13_1931_N_VIIRS,Gas Flare / Persistent Thermal Source,GF_WB_614
23.6630_86.9177_2023-11-13_1950_N_VIIRS,Gas Flare / Persistent Thermal Source,GF_WB_614
23.6661_86.9162_2023-11-10_1956_N20_VIIRS,Gas Flare / Persistent Thermal Source,GF_WB_614
23.6667_86.9161_2023-11-06_2022_N_VIIRS,Gas Flare / Persistent Thermal Source,GF_WB_614
23.6699_86.9168_2023-11-21_1950_N20_VIIRS,Gas Flare / Persistent Thermal Source,GF_WB_614
20.9647_86.0161_2023-11-29_0812_N20_VIIRS,Gas Flare / Persistent Thermal Source,GF_WB_596
23.4120_72.4128_2023-11-25_2016_N20_VIIRS,Gas Flare / Persistent Thermal Source,GF_WB_1357
23.6645_86.9166_2023-10-28_1950_N_VIIRS,Gas Flare / Persistent Thermal Source,GF_WB_614
20.9661_86.0008_2023-11-29_1900_N20_VIIRS,Gas Flare / Persistent Thermal Source,GF_WB_183
23.6691_86.9164_2023-10-27_1918_N20_VIIRS,Gas Flare / Persistent Thermal Source,GF_WB_614
23.6632_86.9173_2023-11-18_1956_N_VIIRS,Gas Flare / Persistent Thermal Source,GF_WB_614
26.6437_79.4716_2023-11-22_1930_N20_VIIRS,Gas Flare / Persistent Thermal Source,GF_WB_516
20.9652_86.0162_2023-11-13_0812_N20_VIIRS,Gas Flare / Persistent Thermal Source,GF_WB_596
18.9736_71.6164_2023-11-26_1958_N20_VIIRS,Gas Flare / Persistent Thermal Source,GF_WB_1332
19.3680_71.3473_2023-11-18_1958_N_VIIRS,Gas Flare / Persistent Thermal Source,GF_WB_779
20.9679_86.0151_2023-10-28_0811_N20_VIIRS,Gas Flare / Persistent Thermal Source,GF_WB_596
23.6675_86.9159_2023-10-07_1853_N20_VIIRS,Gas Flare / Persistent Thermal Source,GF_WB_614
20.9689_86.0142_2023-10-28_2040_N20_VIIRS,Gas Flare / Persistent Thermal Source,GF_WB_596
23.6712_86.9174_2023-11-06_1931_N20_VIIRS,Gas Flare / Persistent Thermal Source,GF_WB_614
18.8047_74.2555_2023-11-21_1952_N20_VIIRS,Gas Flare / Persistent Thermal Source,GF_WB_1222
23.6641_86.9165_2023-10-06_2003_N_VIIRS,Gas Flare / Persistent Thermal Source,GF_WB_614
20.9685_86.0025_2023-11-29_1900_N20_VIIRS,Gas Flare / Persistent Thermal Source,GF_WB_325
20.9681_86.0151_2023-10-20_0812_N_VIIRS,Gas Flare / Persistent Thermal Source,GF_WB_596
19.0741_73.1349_2023-10-25_2138_N20_VIIRS,Gas Flare / Persistent Thermal Source,GF_WB_1226
20.9695_86.0136_2023-11-23_2053_N20_VIIRS,Gas Flare / Persistent Thermal Source,GF_WB_596
20.9690_86.0143_2023-11-09_2016_N20_VIIRS,Gas Flare / Persistent Thermal Source,GF_WB_596
20.9664_86.0160_2023-10-26_2029_N_VIIRS,Gas Flare / Persistent Thermal Source,GF_WB_596
27.3188_95.2585_2023-11-20_1827_N20_VIIRS,Gas Flare / Persistent Thermal Source,GF_WB_1088
20.9707_86.0112_2023-11-02_2047_N20_VIIRS,Gas Flare / Persistent Thermal Source,GF_WB_596
20.9680_86.0152_2023-10-25_1956_N20_VIIRS,Gas Flare / Persistent Thermal Source,GF_WB_596
20.9706_86.0119_2023-11-30_2022_N20_VIIRS,Gas Flare / Persistent Thermal Source,GF_WB_596
21.5615_72.9096_2023-11-04_0832_N_VIIRS,Gas Flare / Persistent Thermal Source,GF_WB_1241
23.6712_86.9172_2023-11-06_2022_N_VIIRS,Gas Flare / Persistent Thermal Source,GF_WB_614
18.8052_74.2555_2023-10-09_1958_N20_VIIRS,Gas Flare / Persistent Thermal Source,GF_WB_1222
17.5340_82.9958_2023-10-27_1920_N20_VIIRS,Gas Flare / Persistent Thermal Source,GF_WB_297
20.9707_86.0118_2023-11-19_2028_N20_VIIRS,Gas Flare / Persistent Thermal Source,GF_WB_596
20.9682_86.0153_2023-09-26_1951_N_VIIRS,Gas Flare / Persistent Thermal Source,GF_WB_596
20.9672_86.0159_2023-10-15_2035_N_VIIRS,Gas Flare / Persistent Thermal Source,GF_WB_596
20.9680_86.0154_2023-10-17_0818_N20_VIIRS,Gas Flare / Persistent Thermal Source,GF_WB_596
18.9771_71.6167_2023-11-26_1958_N20_VIIRS,Gas Flare / Persistent Thermal Source,GF_WB_1332
20.9669_86.0161_2023-10-18_0759_N20_VIIRS,Gas Flare / Persistent Thermal Source,GF_WB_596
20.9706_86.0123_2023-10-07_2035_N20_VIIRS,Gas Flare / Persistent Thermal Source,GF_WB_596
23.6708_86.9326_2023-11-26_1956_N20_VIIRS,Gas Flare / Persistent Thermal Source,GF_WB_502
27.3231_95.2606_2023-11-20_1827_N20_VIIRS,Gas Flare / Persistent Thermal Source,GF_WB_1088
23.6655_86.9155_2023-11-29_1950_N_VIIRS,Gas Flare / Persistent Thermal Source,GF_WB_614
20.9682_86.0155_2023-10-22_2003_N_VIIRS,Gas Flare / Persistent Thermal Source,GF_WB_596
19.3517_71.2987_2023-11-20_2010_N20_VIIRS,Gas Flare / Persistent Thermal Source,GF_WB_1340
23.6627_86.9169_2023-11-17_2015_N_VIIRS,Gas Flare / Persistent Thermal Source,GF_WB_614
23.6695_86.9158_2023-10-31_1943_N20_VIIRS,Gas Flare / Persistent Thermal Source,GF_WB_614
20.9699_86.0041_2023-09-26_1951_N_VIIRS,Gas Flare / Persistent Thermal Source,GF_WB_41
23.6676_86.9153_2023-10-14_2002_N20_VIIRS,Gas Flare / Persistent Thermal Source,GF_WB_614
19.3717_71.3462_2023-09-18_2132_N20_VIIRS,Gas Flare / Persistent Thermal Source,GF_WB_1341
20.9696_86.0032_2023-11-21_2041_N_VIIRS,Gas Flare / Persistent Thermal Source,GF_WB_41
22.3331_69.8662_2023-11-28_2100_N20_VIIRS,Gas Flare / Persistent Thermal Source,GF_WB_956
20.9692_86.0149_2023-11-21_2041_N_VIIRS,Gas Flare / Persistent Thermal Source,GF_WB_596
23.6632_86.9164_2023-10-30_1912_N_VIIRS,Gas Flare / Persistent Thermal Source,GF_WB_614
27.4741_95.4165_2023-10-14_1820_N20_VIIRS,Gas Flare / Persistent Thermal Source,GF_WB_1416
28.7622_77.0547_2023-11-01_2104_N20_VIIRS,Gas Flare / Persistent Thermal Source,GF_WB_424
18.9734_71.6157_2023-10-25_1957_N20_VIIRS,Gas Flare / Persistent Thermal Source,GF_WB_1332
23.6718_86.9326_2023-11-20_2009_N20_VIIRS,Gas Flare / Persistent Thermal Source,GF_WB_502
23.4078_72.4103_2023-11-15_2003_N20_VIIRS,Gas Flare / Persistent Thermal Source,GF_WB_1357
20.9701_86.0140_2023-10-09_0818_N_VIIRS,Gas Flare / Persistent Thermal Source,GF_WB_596
26.6488_79.4753_2023-11-11_1937_N20_VIIRS,Gas Flare / Persistent Thermal Source,GF_WB_625
20.9695_86.0148_2023-09-27_2022_N20_VIIRS,Gas Flare / Persistent Thermal Source,GF_WB_596
20.9713_86.0116_2023-10-30_2054_N_VIIRS,Gas Flare / Persistent Thermal Source,GF_WB_596
20.9696_86.0028_2023-10-24_2015_N20_VIIRS,Gas Flare / Persistent Thermal Source,GF_WB_467
19.3715_71.3459_2023-09-18_2132_N20_VIIRS,Gas Flare / Persistent Thermal Source,GF_WB_1341
20.9692_86.0152_2023-11-23_2004_N_VIIRS,Gas Flare / Persistent Thermal Source,GF_WB_596
18.9737_71.6154_2023-11-29_1952_N_VIIRS,Gas Flare / Persistent Thermal Source,GF_WB_1332
20.9713_86.0121_2023-11-18_2047_N20_VIIRS,Gas Flare / Persistent Thermal Source,GF_WB_596
20.9685_86.0159_2023-10-10_2028_N_VIIRS,Gas Flare / Persistent Thermal Source,GF_WB_596
20.9712_86.0124_2023-11-29_2041_N20_VIIRS,Gas Flare / Persistent Thermal Source,GF_WB_596
20.9676_86.0165_2023-10-14_2053_N_VIIRS,Gas Flare / Persistent Thermal Source,GF_WB_596
20.9706_86.0048_2023-11-08_1945_N_VIIRS,Gas Flare / Persistent Thermal Source,GF_WB_467
20.9704_86.0041_2023-11-27_2029_N_VIIRS,Gas Flare / Persistent Thermal Source,GF_WB_41
20.9701_86.0031_2023-11-02_1957_N_VIIRS,Gas Flare / Persistent Thermal Source,GF_WB_41
20.9708_86.0050_2023-11-21_0721_N20_VIIRS,Gas Flare / Persistent Thermal Source,GF_WB_596
20.9670_86.0169_2023-10-20_2041_N_VIIRS,Gas Flare / Persistent Thermal Source,GF_WB_596
19.1774_70.9373_2023-10-14_2004_N20_VIIRS,Gas Flare / Persistent Thermal Source,GF_WB_584
19.5695_71.3491_2023-11-18_1958_N_VIIRS,Gas Flare / Persistent Thermal Source,GF_WB_179
23.6630_86.9158_2023-11-25_2015_N20_VIIRS,Gas Flare / Persistent Thermal Source,GF_WB_614
20.9703_86.0145_2023-10-20_1950_N20_VIIRS,Gas Flare / Persistent Thermal Source,GF_WB_596
20.9673_86.0169_2023-10-28_0811_N20_VIIRS,Gas Flare / Persistent Thermal Source,GF_WB_596
23.6687_86.9148_2023-09-26_2040_N20_VIIRS,Gas Flare / Persistent Thermal Source,GF_WB_614
20.9696_86.0019_2023-10-20_1901_N_VIIRS,Gas Flare / Persistent Thermal Source,GF_WB_41
20.9699_86.0151_2023-10-28_1951_N_VIIRS,Gas Flare / Persistent Thermal Source,GF_WB_596
23.6690_86.9147_2023-11-02_1906_N20_VIIRS,Gas Flare / Persistent Thermal Source,GF_WB_614
20.9702_86.0028_2023-10-20_2041_N_VIIRS,Gas Flare / Persistent Thermal Source,GF_WB_41
20.9706_86.0143_2023-10-25_0818_N_VIIRS,Gas Flare / Persistent Thermal Source,GF_WB_596
20.9681_86.0167_2023-11-17_2016_N_VIIRS,Gas Flare / Persistent Thermal Source,GF_WB_596
20.9677_86.0169_2023-10-09_2047_N_VIIRS,Gas Flare / Persistent Thermal Source,GF_WB_596
21.7879_72.1373_2023-10-16_2106_N20_VIIRS,Gas Flare / Persistent Thermal Source,GF_WB_872
20.9714_86.0054_2023-11-21_2041_N_VIIRS,Gas Flare / Persistent Thermal Source,GF_WB_596
20.9704_86.0029_2023-11-04_0740_N20_VIIRS,Gas Flare / Persistent Thermal Source,GF_WB_467
20.9705_86.0030_2023-11-22_1932_N20_VIIRS,Gas Flare / Persistent Thermal Source,GF_WB_325
20.9701_86.0022_2023-10-31_2035_N_VIIRS,Gas Flare / Persistent Thermal Source,GF_WB_183
20.9710_86.0042_2023-10-10_2028_N_VIIRS,Gas Flare / Persistent Thermal Source,GF_WB_467
20.9723_86.0098_2023-11-18_2047_N20_VIIRS,Gas Flare / Persistent Thermal Source,GF_WB_596
20.9707_86.0032_2023-10-09_1957_N20_VIIRS,Gas Flare / Persistent Thermal Source,GF_WB_41
20.9706_86.0027_2023-10-27_2010_N_VIIRS,Gas Flare / Persistent Thermal Source,GF_WB_467
18.8086_74.2568_2023-10-14_2004_N20_VIIRS,Gas Flare / Persistent Thermal Source,GF_WB_1222
20.9706_86.0027_2023-10-30_1913_N_VIIRS,Gas Flare / Persistent Thermal Source,GF_WB_41
20.9707_86.0029_2023-10-18_2028_N20_VIIRS,Gas Flare / Persistent Thermal Source,GF_WB_325
20.9705_86.0023_2023-11-03_1938_N_VIIRS,Gas Flare / Persistent Thermal Source,GF_WB_467
20.9705_86.0153_2023-11-25_2016_N20_VIIRS,Gas Flare / Persistent Thermal Source,GF_WB_596
20.9712_86.0036_2023-10-09_0728_N20_VIIRS,Gas Flare / Persistent Thermal Source,GF_WB_467
23.6707_86.9344_2023-11-18_1956_N_VIIRS,Gas Flare / Persistent Thermal Source,GF_WB_502
20.9706_86.0022_2023-10-31_1944_N20_VIIRS,Gas Flare / Persistent Thermal Source,GF_WB_467
17.5331_82.9936_2023-11-18_1958_N_VIIRS,Gas Flare / Persistent Thermal Source,GF_WB_155
20.9709_86.0026_2023-11-29_2041_N20_VIIRS,Gas Flare / Persistent Thermal Source,GF_WB_183
23.6706_86.9346_2023-11-13_1950_N_VIIRS,Gas Flare / Persistent Thermal Source,GF_WB_76
20.9714_86.0036_2023-10-14_2003_N20_VIIRS,Gas Flare / Persistent Thermal Source,GF_WB_183
20.9719_86.0051_2023-10-07_1945_N_VIIRS,Gas Flare / Persistent Thermal Source,GF_WB_596
26.5811_93.7884_2023-11-22_1930_N20_VIIRS,Gas Flare / Persistent Thermal Source,GF_WB_1271
20.9712_86.0030_2023-11-09_2016_N20_VIIRS,Gas Flare / Persistent Thermal Source,GF_WB_467
20.9728_86.0075_2023-11-02_1957_N_VIIRS,Gas Flare / Persistent Thermal Source,GF_WB_596
20.9683_86.0175_2023-09-28_2003_N20_VIIRS,Gas Flare / Persistent Thermal Source,GF_WB_596
20.9709_86.0024_2023-11-10_1957_N20_VIIRS,Gas Flare / Persistent Thermal Source,GF_WB_183
20.9713_86.0032_2023-11-23_2004_N_VIIRS,Gas Flare / Persistent Thermal Source,GF_WB_41
20.9696_86.0166_2023-11-30_2022_N20_VIIRS,Gas Flare / Persistent Thermal Source,GF_WB_596
20.9716_86.0038_2023-11-07_0734_N_VIIRS,Gas Flare / Persistent Thermal Source,GF_WB_467
20.9716_86.0039_2023-10-28_1951_N_VIIRS,Gas Flare / Persistent Thermal Source,GF_WB_41
20.9685_86.0175_2023-11-24_1945_N_VIIRS,Gas Flare / Persistent Thermal Source,GF_WB_596
27.3695_94.8855_2023-10-19_1826_N20_VIIRS,Gas Flare / Persistent Thermal Source,GF_WB_1403
20.9677_86.0180_2023-11-02_1957_N_VIIRS,Gas Flare / Persistent Thermal Source,GF_WB_596
20.9705_86.0160_2023-11-10_2047_N_VIIRS,Gas Flare / Persistent Thermal Source,GF_WB_596
20.9707_86.0016_2023-10-19_1919_N_VIIRS,Gas Flare / Persistent Thermal Source,GF_WB_183
20.9718_86.0042_2023-11-30_1932_N_VIIRS,Gas Flare / Persistent Thermal Source,GF_WB_183
20.9697_86.0168_2023-10-19_2009_N20_VIIRS,Gas Flare / Persistent Thermal Source,GF_WB_596
20.9712_86.0023_2023-10-24_1926_N_VIIRS,Gas Flare / Persistent Thermal Source,GF_WB_183
19.7866_79.1492_2023-09-30_2017_N_VIIRS,Wildfire / Natural Fire,WF_1940981
23.6173_86.8626_2023-10-31_2034_N_VIIRS,Wildfire / Natural Fire,WF_2022525
20.9639_85.1786_2023-11-01_0747_N_VIIRS,Wildfire / Natural Fire,WF_1960845
20.9638_85.1759_2023-11-01_0656_N20_VIIRS,Wildfire / Natural Fire,WF_1960845
20.9685_85.1745_2023-10-31_2035_N_VIIRS,Wildfire / Natural Fire,WF_1960845
20.9632_85.1764_2023-10-31_2035_N_VIIRS,Wildfire / Natural Fire,WF_1960845
20.9714_85.1775_2023-11-01_0747_N_VIIRS,Wildfire / Natural Fire,WF_1960845
20.9690_85.1744_2023-10-31_2035_N_VIIRS,Wildfire / Natural Fire,WF_1960845
20.9626_85.1765_2023-10-31_2035_N_VIIRS,Wildfire / Natural Fire,WF_1960845
20.9632_85.1738_2023-11-01_0747_N_VIIRS,Wildfire / Natural Fire,WF_1960845
20.9639_85.1731_2023-10-31_2035_N_VIIRS,Wildfire / Natural Fire,WF_1960845
20.9633_85.1732_2023-10-31_2035_N_VIIRS,Wildfire / Natural Fire,WF_1960845
20.9707_85.1727_2023-11-01_0747_N_VIIRS,Wildfire / Natural Fire,WF_1960845
20.9691_85.1713_2023-10-31_2035_N_VIIRS,Wildfire / Natural Fire,WF_1960845
20.9697_85.1712_2023-10-31_2035_N_VIIRS,Wildfire / Natural Fire,WF_1960845
20.9646_85.1698_2023-10-31_2035_N_VIIRS,Wildfire / Natural Fire,WF_1960845
20.9640_85.1699_2023-10-31_2035_N_VIIRS,Wildfire / Natural Fire,WF_1960845
20.9729_85.1705_2023-11-01_0656_N20_VIIRS,Wildfire / Natural Fire,WF_1960845
20.9698_85.1680_2023-10-31_2035_N_VIIRS,Wildfire / Natural Fire,WF_1960845
20.9704_85.1679_2023-10-31_2035_N_VIIRS,Wildfire / Natural Fire,WF_1960845
20.9653_85.1666_2023-10-31_2035_N_VIIRS,Wildfire / Natural Fire,WF_1960845
20.9647_85.1667_2023-10-31_2035_N_VIIRS,Wildfire / Natural Fire,WF_1960845
20.9739_85.1675_2023-11-01_0747_N_VIIRS,Wildfire / Natural Fire,WF_1960845
