latitude,longitude,bright_ti4,scan,track,acq_date,acq_time,satellite,instrument,confidence,version,bright_ti5,frp,daynight,type,source_product
27.93511,96.71726,340.93,0.65,0.73,2023-10-20,542,N20,VIIRS,n,2,286.39,8.26,D,0,VIIRS_NOAA20_SP
27.93704,96.70502,345.56,0.65,0.73,2023-10-20,542,N20,VIIRS,n,2,288.76,8.54,D,0,VIIRS_NOAA20_SP
27.9441,96.7052,333.95,0.65,0.73,2023-10-20,542,N20,VIIRS,n,2,290.67,11.62,D,0,VIIRS_NOAA20_SP
27.94586,96.70502,352.09,0.65,0.73,2023-10-20,542,N20,VIIRS,n,2,292.25,17.17,D,0,VIIRS_NOAA20_SP
27.94616,96.71279,340.92,0.65,0.73,2023-10-20,542,N20,VIIRS,n,2,287.93,11.62,D,0,VIIRS_NOAA20_SP
27.94758,96.71149,334.8,0.65,0.73,2023-10-20,542,N20,VIIRS,n,2,288.82,14.85,D,0,VIIRS_NOAA20_SP
27.95605,96.63777,354.82,0.66,0.73,2023-10-20,542,N20,VIIRS,n,2,295.99,42.24,D,0,VIIRS_NOAA20_SP
27.96051,96.63649,352.0,0.66,0.73,2023-10-20,542,N20,VIIRS,n,2,295.19,24.49,D,0,VIIRS_NOAA20_SP
27.96159,96.64047,325.21,0.65,0.73,2023-10-20,542,N20,VIIRS,n,2,287.35,24.49,D,0,VIIRS_NOAA20_SP
28.12892,96.62392,325.77,0.65,0.73,2023-10-20,542,N20,VIIRS,n,2,287.36,6.65,D,0,VIIRS_NOAA20_SP
28.13105,96.62504,331.33,0.65,0.73,2023-10-20,542,N20,VIIRS,n,2,284.99,6.66,D,0,VIIRS_NOAA20_SP
28.1732,97.04165,330.74,0.61,0.71,2023-10-20,542,N20,VIIRS,n,2,294.77,8.6,D,0,VIIRS_NOAA20_SP
12.01324,79.19628,332.56,0.45,0.63,2023-10-20,719,N20,VIIRS,n,2,295.95,2.63,D,0,VIIRS_NOAA20_SP
12.58829,77.6705,329.77,0.55,0.68,2023-10-20,719,N20,VIIRS,n,2,295.75,3.67,D,0,VIIRS_NOAA20_SP
13.6219,79.41573,335.55,0.4,0.6,2023-10-20,719,N20,VIIRS,n,2,295.51,2.71,D,0,VIIRS_NOAA20_SP
15.85931,97.79706,332.1,0.35,0.57,2023-10-20,719,N20,VIIRS,n,2,294.65,2.21,D,0,VIIRS_NOAA20_SP
14.4688,77.17168,346.3,0.55,0.68,2023-10-20,720,N20,VIIRS,n,2,300.46,9.47,D,0,VIIRS_NOAA20_SP
14.46976,77.16889,345.11,0.55,0.68,2023-10-20,720,N20,VIIRS,n,2,301.49,8.59,D,0,VIIRS_NOAA20_SP
14.54165,79.07468,342.8,0.41,0.61,2023-10-20,720,N20,VIIRS,n,2,296.41,5.29,D,0,VIIRS_NOAA20_SP
14.98093,78.00767,346.84,0.47,0.64,2023-10-20,720,N20,VIIRS,n,2,297.78,5.74,D,0,VIIRS_NOAA20_SP
14.98183,78.01202,333.89,0.47,0.64,2023-10-20,720,N20,VIIRS,n,2,295.32,6.21,D,0,VIIRS_NOAA20_SP
15.22479,78.13846,338.89,0.46,0.63,2023-10-20,720,N20,VIIRS,n,2,297.83,5.45,D,0,VIIRS_NOAA20_SP
15.25247,78.21494,333.98,0.45,0.63,2023-10-20,720,N20,VIIRS,n,2,296.25,2.18,D,0,VIIRS_NOAA20_SP
15.26155,78.1133,333.15,0.46,0.64,2023-10-20,720,N20,VIIRS,n,2,298.57,4.33,D,0,VIIRS_NOAA20_SP
15.26241,78.11749,350.93,0.46,0.64,2023-10-20,720,N20,VIIRS,n,2,297.49,4.33,D,0,VIIRS_NOAA20_SP
15.58732,80.19682,335.45,0.33,0.55,2023-10-20,720,N20,VIIRS,n,2,297.91,2.4,D,0,VIIRS_NOAA20_SP
15.63976,78.3744,330.09,0.43,0.62,2023-10-20,720,N20,VIIRS,n,2,299.22,1.86,D,0,VIIRS_NOAA20_SP
15.76373,78.53545,337.68,0.42,0.61,2023-10-20,720,N20,VIIRS,n,2,296.85,4.84,D,0,VIIRS_NOAA20_SP
16.84095,78.21755,330.12,0.42,0.61,2023-10-20,720,N20,VIIRS,n,2,295.32,2.76,D,0,VIIRS_NOAA20_SP
16.84229,78.21716,330.05,0.42,0.61,2023-10-20,720,N20,VIIRS,n,2,295.81,5.28,D,0,VIIRS_NOAA20_SP
16.99027,81.13263,340.53,0.54,0.51,2023-10-20,720,N20,VIIRS,n,2,295.69,5.04,D,0,VIIRS_NOAA20_SP
16.99433,81.13302,339.24,0.54,0.51,2023-10-20,720,N20,VIIRS,n,2,295.76,5.6,D,0,VIIRS_NOAA20_SP
17.22621,78.91545,336.41,0.37,0.58,2023-10-20,720,N20,VIIRS,n,2,297.72,3.53,D,0,VIIRS_NOAA20_SP
17.46146,80.13106,337.66,0.61,0.54,2023-10-20,720,N20,VIIRS,n,2,297.53,8.62,D,0,VIIRS_NOAA20_SP
17.97837,83.52338,332.92,0.55,0.43,2023-10-20,720,N20,VIIRS,n,2,299.23,3.3,D,0,VIIRS_NOAA20_SP
18.03275,83.58142,334.27,0.55,0.42,2023-10-20,720,N20,VIIRS,n,2,300.08,6.22,D,0,VIIRS_NOAA20_SP
18.21034,96.51318,329.27,0.61,0.54,2023-10-20,720,N20,VIIRS,n,2,295.06,3.83,D,0,VIIRS_NOAA20_SP
18.04241,78.94022,338.43,0.36,0.57,2023-10-20,721,N20,VIIRS,n,2,293.37,4.05,D,0,VIIRS_NOAA20_SP
18.39391,83.16059,344.31,0.57,0.43,2023-10-20,721,N20,VIIRS,n,2,298.15,22.97,D,0,VIIRS_NOAA20_SP
18.54498,77.93058,332.92,0.41,0.6,2023-10-20,721,N20,VIIRS,n,2,300.94,4.24,D,0,VIIRS_NOAA20_SP
18.68519,77.80699,333.94,0.41,0.61,2023-10-20,721,N20,VIIRS,n,2,299.63,2.32,D,0,VIIRS_NOAA20_SP
18.77808,82.34509,330.21,0.42,0.45,2023-10-20,721,N20,VIIRS,n,2,298.07,1.83,D,0,VIIRS_NOAA20_SP
19.09463,82.17082,333.46,0.42,0.46,2023-10-20,721,N20,VIIRS,n,2,298.51,4.01,D,0,VIIRS_NOAA20_SP
19.10215,82.16513,332.05,0.42,0.46,2023-10-20,721,N20,VIIRS,n,2,298.64,2.97,D,0,VIIRS_NOAA20_SP
19.5294,81.64748,329.01,0.45,0.47,2023-10-20,721,N20,VIIRS,n,2,299.94,2.48,D,0,VIIRS_NOAA20_SP
20.78649,85.26399,329.57,0.42,0.38,2023-10-20,721,N20,VIIRS,l,2,301.13,6.32,D,2,VIIRS_NOAA20_SP
20.79202,85.25471,332.89,0.42,0.38,2023-10-20,721,N20,VIIRS,n,2,299.92,3.89,D,2,VIIRS_NOAA20_SP
20.79545,85.25408,333.73,0.42,0.38,2023-10-20,721,N20,VIIRS,n,2,299.47,3.89,D,2,VIIRS_NOAA20_SP
20.80642,85.25613,331.15,0.42,0.38,2023-10-20,721,N20,VIIRS,n,2,301.06,4.27,D,2,VIIRS_NOAA20_SP
20.95026,86.05003,333.73,0.4,0.37,2023-10-20,721,N20,VIIRS,l,2,306.39,3.47,D,2,VIIRS_NOAA20_SP
20.95576,85.01595,334.92,0.43,0.38,2023-10-20,721,N20,VIIRS,n,2,303.75,4.74,D,2,VIIRS_NOAA20_SP
20.96211,85.17388,343.31,0.42,0.38,2023-10-20,721,N20,VIIRS,n,2,307.72,7.62,D,2,VIIRS_NOAA20_SP
20.96277,85.17791,338.57,0.42,0.38,2023-10-20,721,N20,VIIRS,n,2,305.41,8.75,D,2,VIIRS_NOAA20_SP
20.96488,85.16918,334.77,0.42,0.38,2023-10-20,721,N20,VIIRS,l,2,306.8,7.23,D,2,VIIRS_NOAA20_SP
20.96682,85.01803,336.47,0.43,0.38,2023-10-20,721,N20,VIIRS,n,2,300.24,6.9,D,0,VIIRS_NOAA20_SP
20.96965,85.1766,344.08,0.42,0.38,2023-10-20,721,N20,VIIRS,n,2,306.75,5.64,D,2,VIIRS_NOAA20_SP
20.97431,86.00639,330.73,0.4,0.37,2023-10-20,721,N20,VIIRS,l,2,305.02,3.61,D,2,VIIRS_NOAA20_SP
20.97628,85.13764,334.28,0.43,0.38,2023-10-20,721,N20,VIIRS,l,2,304.47,5.32,D,2,VIIRS_NOAA20_SP
21.07613,85.04017,332.17,0.43,0.38,2023-10-20,721,N20,VIIRS,l,2,303.96,3.97,D,2,VIIRS_NOAA20_SP
21.07682,85.04424,336.02,0.43,0.38,2023-10-20,721,N20,VIIRS,l,2,306.48,3.97,D,2,VIIRS_NOAA20_SP
21.6794,84.0403,332.89,0.46,0.39,2023-10-20,721,N20,VIIRS,n,2,300.07,4.84,D,2,VIIRS_NOAA20_SP
21.76656,84.01946,329.98,0.46,0.39,2023-10-20,721,N20,VIIRS,l,2,301.28,4.82,D,2,VIIRS_NOAA20_SP
21.9296,85.22306,328.46,0.41,0.37,2023-10-20,721,N20,VIIRS,l,2,302.58,3.2,D,2,VIIRS_NOAA20_SP
22.20523,84.8685,332.16,0.42,0.38,2023-10-20,721,N20,VIIRS,n,2,298.62,2.05,D,2,VIIRS_NOAA20_SP
22.21143,84.8631,336.41,0.42,0.38,2023-10-20,721,N20,VIIRS,n,2,304.13,7.05,D,2,VIIRS_NOAA20_SP
22.24706,87.39051,330.03,0.38,0.36,2023-10-20,721,N20,VIIRS,l,2,302.99,3.82,D,2,VIIRS_NOAA20_SP
22.38555,97.95883,326.16,0.43,0.62,2023-10-20,721,N20,VIIRS,n,2,295.3,1.58,D,0,VIIRS_NOAA20_SP
22.38903,97.95848,337.61,0.43,0.62,2023-10-20,721,N20,VIIRS,n,2,295.89,3.72,D,0,VIIRS_NOAA20_SP
22.43495,97.43637,337.71,0.4,0.6,2023-10-20,721,N20,VIIRS,n,2,297.47,3.57,D,0,VIIRS_NOAA20_SP
22.4353,97.43707,326.65,0.4,0.6,2023-10-20,721,N20,VIIRS,l,2,296.82,3.75,D,0,VIIRS_NOAA20_SP
22.43642,97.94936,343.4,0.43,0.62,2023-10-20,721,N20,VIIRS,n,2,289.97,4.31,D,0,VIIRS_NOAA20_SP
21.10567,72.65048,333.56,0.78,0.78,2023-10-20,722,N20,VIIRS,n,2,295.99,7.92,D,2,VIIRS_NOAA20_SP
22.10447,83.52366,332.19,0.48,0.4,2023-10-20,722,N20,VIIRS,n,2,305.48,6.19,D,0,VIIRS_NOAA20_SP
22.15351,79.35577,329.04,0.56,0.51,2023-10-20,722,N20,VIIRS,l,2,301.97,1.84,D,0,VIIRS_NOAA20_SP
22.27787,79.66486,340.23,0.53,0.5,2023-10-20,722,N20,VIIRS,n,2,300.99,5.69,D,0,VIIRS_NOAA20_SP
22.30603,77.07357,330.25,0.39,0.59,2023-10-20,722,N20,VIIRS,l,2,301.62,5.52,D,0,VIIRS_NOAA20_SP
22.34598,77.42918,330.11,0.37,0.58,2023-10-20,722,N20,VIIRS,l,2,302.14,4.9,D,0,VIIRS_NOAA20_SP
22.43595,77.56874,333.03,0.36,0.57,2023-10-20,722,N20,VIIRS,n,2,301.53,1.51,D,0,VIIRS_NOAA20_SP
22.44047,77.41208,332.12,0.37,0.58,2023-10-20,722,N20,VIIRS,n,2,302.4,1.77,D,0,VIIRS_NOAA20_SP
22.45649,77.36037,330.4,0.37,0.58,2023-10-20,722,N20,VIIRS,n,2,300.72,1.03,D,0,VIIRS_NOAA20_SP
22.48629,79.92342,331.36,0.51,0.49,2023-10-20,722,N20,VIIRS,n,2,301.67,4.32,D,0,VIIRS_NOAA20_SP
22.49187,77.47192,339.88,0.36,0.58,2023-10-20,722,N20,VIIRS,n,2,300.94,3.53,D,0,VIIRS_NOAA20_SP
22.57769,77.61829,334.46,0.35,0.57,2023-10-20,722,N20,VIIRS,n,2,302.56,3.25,D,0,VIIRS_NOAA20_SP
22.58836,80.00228,337.35,0.5,0.49,2023-10-20,722,N20,VIIRS,n,2,302.27,4.76,D,0,VIIRS_NOAA20_SP
22.61616,79.50389,332.49,0.54,0.5,2023-10-20,722,N20,VIIRS,n,2,302.13,0.9,D,0,VIIRS_NOAA20_SP
22.65647,77.98931,338.79,0.33,0.56,2023-10-20,722,N20,VIIRS,n,2,302.11,3.62,D,0,VIIRS_NOAA20_SP
22.70169,77.3804,333.41,0.36,0.58,2023-10-20,722,N20,VIIRS,n,2,302.18,2.95,D,0,VIIRS_NOAA20_SP
22.71055,77.37093,332.38,0.36,0.58,2023-10-20,722,N20,VIIRS,n,2,303.0,1.85,D,0,VIIRS_NOAA20_SP
22.76992,77.90967,331.08,0.34,0.56,2023-10-20,722,N20,VIIRS,n,2,300.57,3.01,D,0,VIIRS_NOAA20_SP
22.77342,77.90672,337.67,0.33,0.56,2023-10-20,722,N20,VIIRS,n,2,301.9,2.55,D,0,VIIRS_NOAA20_SP
22.79101,86.19962,336.81,0.39,0.36,2023-10-20,722,N20,VIIRS,n,2,304.82,9.51,D,2,VIIRS_NOAA20_SP
22.79551,86.20654,338.92,0.39,0.36,2023-10-20,722,N20,VIIRS,n,2,307.44,12.17,D,2,VIIRS_NOAA20_SP
22.87488,86.06391,333.9,0.39,0.36,2023-10-20,722,N20,VIIRS,n,2,307.87,3.21,D,2,VIIRS_NOAA20_SP
22.9523,76.84964,330.86,0.39,0.59,2023-10-20,722,N20,VIIRS,l,2,303.17,3.54,D,0,VIIRS_NOAA20_SP
23.10369,87.46471,333.04,0.39,0.36,2023-10-20,722,N20,VIIRS,n,2,299.87,2.28,D,0,VIIRS_NOAA20_SP
23.12896,79.715,339.57,0.51,0.49,2023-10-20,722,N20,VIIRS,n,2,306.14,7.69,D,0,VIIRS_NOAA20_SP
23.33416,79.78644,342.9,0.5,0.49,2023-10-20,722,N20,VIIRS,n,2,306.01,8.58,D,0,VIIRS_NOAA20_SP
23.35801,77.35312,330.67,0.35,0.57,2023-10-20,722,N20,VIIRS,l,2,303.04,1.54,D,0,VIIRS_NOAA20_SP
23.38302,88.62335,335.08,0.4,0.37,2023-10-20,722,N20,VIIRS,l,2,307.64,6.55,D,0,VIIRS_NOAA20_SP
23.38639,88.62279,333.98,0.4,0.37,2023-10-20,722,N20,VIIRS,l,2,305.05,6.55,D,0,VIIRS_NOAA20_SP
23.46294,79.81353,336.17,0.49,0.49,2023-10-20,722,N20,VIIRS,n,2,305.07,5.67,D,0,VIIRS_NOAA20_SP
23.51831,77.3397,340.78,0.35,0.57,2023-10-20,722,N20,VIIRS,n,2,304.01,2.67,D,0,VIIRS_NOAA20_SP
23.52014,77.3391,341.82,0.35,0.57,2023-10-20,722,N20,VIIRS,n,2,303.83,3.32,D,0,VIIRS_NOAA20_SP
23.55923,87.2425,334.8,0.38,0.36,2023-10-20,722,N20,VIIRS,n,2,304.63,6.33,D,2,VIIRS_NOAA20_SP
23.56084,87.2307,334.89,0.38,0.36,2023-10-20,722,N20,VIIRS,n,2,303.18,4.0,D,2,VIIRS_NOAA20_SP
23.56965,77.65391,334.99,0.33,0.56,2023-10-20,722,N20,VIIRS,n,2,303.25,1.15,D,0,VIIRS_NOAA20_SP
23.5924,78.97237,330.87,0.55,0.51,2023-10-20,722,N20,VIIRS,l,2,305.05,2.49,D,0,VIIRS_NOAA20_SP
23.60978,77.55224,342.61,0.34,0.56,2023-10-20,722,N20,VIIRS,n,2,304.08,3.45,D,0,VIIRS_NOAA20_SP
23.62009,78.96571,333.82,0.55,0.51,2023-10-20,722,N20,VIIRS,l,2,304.36,4.09,D,0,VIIRS_NOAA20_SP
23.66005,89.86636,332.41,0.44,0.39,2023-10-20,722,N20,VIIRS,n,2,301.65,3.23,D,0,VIIRS_NOAA20_SP
23.68211,86.39523,330.2,0.39,0.36,2023-10-20,722,N20,VIIRS,l,2,304.43,4.18,D,2,VIIRS_NOAA20_SP
23.6854,86.39462,336.51,0.39,0.36,2023-10-20,722,N20,VIIRS,n,2,305.07,4.11,D,2,VIIRS_NOAA20_SP
23.70381,90.00655,330.48,0.45,0.39,2023-10-20,722,N20,VIIRS,n,2,301.27,2.59,D,3,VIIRS_NOAA20_SP
23.73252,78.9322,331.99,0.55,0.51,2023-10-20,722,N20,VIIRS,n,2,304.74,3.07,D,0,VIIRS_NOAA20_SP
23.75807,86.40451,344.34,0.39,0.36,2023-10-20,722,N20,VIIRS,n,2,305.02,4.85,D,2,VIIRS_NOAA20_SP
23.77977,86.34579,339.22,0.39,0.36,2023-10-20,722,N20,VIIRS,n,2,307.48,4.73,D,2,VIIRS_NOAA20_SP
23.77997,86.3928,344.8,0.39,0.36,2023-10-20,722,N20,VIIRS,n,2,309.37,4.29,D,2,VIIRS_NOAA20_SP
23.78055,86.39655,333.3,0.39,0.36,2023-10-20,722,N20,VIIRS,l,2,304.06,4.29,D,2,VIIRS_NOAA20_SP
23.78236,86.21009,337.93,0.39,0.36,2023-10-20,722,N20,VIIRS,l,2,309.5,9.42,D,2,VIIRS_NOAA20_SP
23.78461,86.33333,333.0,0.39,0.36,2023-10-20,722,N20,VIIRS,l,2,307.67,3.63,D,2,VIIRS_NOAA20_SP
23.79141,86.35525,332.34,0.39,0.36,2023-10-20,722,N20,VIIRS,l,2,306.22,3.88,D,2,VIIRS_NOAA20_SP
23.79412,86.35089,336.04,0.39,0.36,2023-10-20,722,N20,VIIRS,l,2,306.77,3.31,D,2,VIIRS_NOAA20_SP
23.7947,86.35464,336.94,0.39,0.36,2023-10-20,722,N20,VIIRS,n,2,304.99,3.31,D,2,VIIRS_NOAA20_SP
23.83465,88.36088,335.01,0.4,0.37,2023-10-20,722,N20,VIIRS,n,2,306.85,2.84,D,0,VIIRS_NOAA20_SP
23.85759,88.35306,335.57,0.4,0.37,2023-10-20,722,N20,VIIRS,n,2,308.23,2.42,D,0,VIIRS_NOAA20_SP
23.85936,88.35286,333.66,0.4,0.37,2023-10-20,722,N20,VIIRS,l,2,308.6,3.13,D,0,VIIRS_NOAA20_SP
23.90609,87.93772,331.99,0.39,0.36,2023-10-20,722,N20,VIIRS,n,2,300.6,1.39,D,0,VIIRS_NOAA20_SP
23.94813,77.76491,333.01,0.32,0.55,2023-10-20,722,N20,VIIRS,n,2,306.24,1.59,D,0,VIIRS_NOAA20_SP
23.94816,77.7663,330.83,0.32,0.55,2023-10-20,722,N20,VIIRS,l,2,305.65,1.55,D,0,VIIRS_NOAA20_SP
23.96179,77.80373,337.7,0.32,0.55,2023-10-20,722,N20,VIIRS,n,2,306.3,2.33,D,0,VIIRS_NOAA20_SP
24.02569,77.78752,351.87,0.32,0.55,2023-10-20,722,N20,VIIRS,n,2,306.23,3.09,D,0,VIIRS_NOAA20_SP
24.04786,91.35434,332.51,0.53,0.42,2023-10-20,722,N20,VIIRS,n,2,300.58,3.13,D,0,VIIRS_NOAA20_SP
24.10225,77.58408,332.41,0.33,0.55,2023-10-20,722,N20,VIIRS,l,2,305.62,1.62,D,0,VIIRS_NOAA20_SP
24.1465,79.94948,331.19,0.47,0.48,2023-10-20,722,N20,VIIRS,n,2,301.28,1.49,D,0,VIIRS_NOAA20_SP
24.16027,77.56458,332.17,0.33,0.55,2023-10-20,722,N20,VIIRS,l,2,305.74,1.34,D,0,VIIRS_NOAA20_SP
24.1945,94.69006,330.48,0.55,0.51,2023-10-20,722,N20,VIIRS,n,2,297.75,2.43,D,0,VIIRS_NOAA20_SP
24.32944,77.91001,341.82,0.62,0.54,2023-10-20,722,N20,VIIRS,n,2,303.67,10.17,D,0,VIIRS_NOAA20_SP
24.33073,77.91595,330.1,0.62,0.54,2023-10-20,722,N20,VIIRS,l,2,303.13,5.47,D,0,VIIRS_NOAA20_SP
24.40817,77.4098,330.17,0.33,0.55,2023-10-20,722,N20,VIIRS,l,2,304.16,1.79,D,0,VIIRS_NOAA20_SP
24.40903,77.40994,330.13,0.33,0.56,2023-10-20,722,N20,VIIRS,l,2,304.07,2.61,D,0,VIIRS_NOAA20_SP
24.47154,77.69666,334.69,0.32,0.54,2023-10-20,722,N20,VIIRS,n,2,304.73,1.55,D,0,VIIRS_NOAA20_SP
24.47534,77.69634,334.72,0.32,0.54,2023-10-20,722,N20,VIIRS,n,2,303.5,1.19,D,0,VIIRS_NOAA20_SP
24.48573,77.72105,330.39,0.64,0.54,2023-10-20,722,N20,VIIRS,l,2,304.06,3.95,D,0,VIIRS_NOAA20_SP
24.63208,94.12738,330.08,0.52,0.5,2023-10-20,722,N20,VIIRS,n,2,295.06,4.15,D,0,VIIRS_NOAA20_SP
24.66796,80.77103,340.96,0.41,0.45,2023-10-20,722,N20,VIIRS,n,2,306.77,2.09,D,0,VIIRS_NOAA20_SP
24.66827,80.77005,339.24,0.41,0.45,2023-10-20,722,N20,VIIRS,n,2,306.02,1.6,D,0,VIIRS_NOAA20_SP
25.0924,87.82222,331.44,0.39,0.37,2023-10-20,722,N20,VIIRS,n,2,302.85,5.97,D,3,VIIRS_NOAA20_SP
25.34811,97.76025,331.61,0.45,0.63,2023-10-20,722,N20,VIIRS,n,2,295.17,2.46,D,0,VIIRS_NOAA20_SP
26.25495,91.63058,328.25,0.38,0.44,2023-10-20,722,N20,VIIRS,n,2,300.37,2.54,D,0,VIIRS_NOAA20_SP
26.42242,92.13107,334.36,0.41,0.45,2023-10-20,722,N20,VIIRS,n,2,298.74,2.62,D,3,VIIRS_NOAA20_SP
26.47243,96.70863,325.8,0.39,0.6,2023-10-20,722,N20,VIIRS,n,2,295.27,1.7,D,0,VIIRS_NOAA20_SP
24.53477,77.07697,335.27,0.35,0.57,2023-10-20,723,N20,VIIRS,l,2,305.63,3.54,D,0,VIIRS_NOAA20_SP
24.5507,77.07626,331.88,0.35,0.56,2023-10-20,723,N20,VIIRS,n,2,301.55,2.79,D,0,VIIRS_NOAA20_SP
24.55143,77.07961,336.52,0.35,0.56,2023-10-20,723,N20,VIIRS,n,2,301.03,2.89,D,0,VIIRS_NOAA20_SP
24.55757,77.09557,334.27,0.35,0.56,2023-10-20,723,N20,VIIRS,n,2,303.73,3.09,D,0,VIIRS_NOAA20_SP
24.56013,77.09502,336.32,0.35,0.56,2023-10-20,723,N20,VIIRS,n,2,304.44,2.84,D,0,VIIRS_NOAA20_SP
24.59412,76.89651,335.38,0.36,0.57,2023-10-20,723,N20,VIIRS,n,2,305.57,1.81,D,0,VIIRS_NOAA20_SP
24.59774,77.53553,331.06,0.32,0.55,2023-10-20,723,N20,VIIRS,l,2,302.87,1.79,D,0,VIIRS_NOAA20_SP
24.61407,77.51478,367.0,0.32,0.55,2023-10-20,723,N20,VIIRS,h,2,306.05,4.68,D,0,VIIRS_NOAA20_SP
24.63257,76.84544,330.18,0.36,0.57,2023-10-20,723,N20,VIIRS,l,2,303.94,1.47,D,0,VIIRS_NOAA20_SP
24.6395,76.90598,336.88,0.35,0.57,2023-10-20,723,N20,VIIRS,n,2,304.6,2.85,D,0,VIIRS_NOAA20_SP
24.64052,76.90492,341.11,0.35,0.57,2023-10-20,723,N20,VIIRS,n,2,304.4,2.69,D,0,VIIRS_NOAA20_SP
24.64308,76.86807,333.69,0.36,0.57,2023-10-20,723,N20,VIIRS,l,2,305.21,2.39,D,0,VIIRS_NOAA20_SP
24.65715,77.61848,334.97,0.32,0.55,2023-10-20,723,N20,VIIRS,l,2,306.03,1.11,D,0,VIIRS_NOAA20_SP
24.65739,77.13605,353.53,0.34,0.56,2023-10-20,723,N20,VIIRS,n,2,304.74,5.47,D,0,VIIRS_NOAA20_SP
24.66067,76.94653,332.34,0.35,0.57,2023-10-20,723,N20,VIIRS,l,2,303.27,1.53,D,0,VIIRS_NOAA20_SP
24.66316,77.13805,334.07,0.34,0.56,2023-10-20,723,N20,VIIRS,n,2,304.78,3.07,D,0,VIIRS_NOAA20_SP
24.66388,77.14135,334.69,0.34,0.56,2023-10-20,723,N20,VIIRS,n,2,304.15,3.53,D,0,VIIRS_NOAA20_SP
24.66651,76.94853,331.93,0.35,0.57,2023-10-20,723,N20,VIIRS,l,2,302.45,1.55,D,0,VIIRS_NOAA20_SP
24.67595,76.94245,346.24,0.35,0.57,2023-10-20,723,N20,VIIRS,n,2,305.32,4.6,D,0,VIIRS_NOAA20_SP
24.68677,77.03935,332.69,0.35,0.56,2023-10-20,723,N20,VIIRS,l,2,303.19,2.45,D,0,VIIRS_NOAA20_SP
24.68785,78.02333,346.04,0.6,0.53,2023-10-20,723,N20,VIIRS,n,2,305.39,7.49,D,0,VIIRS_NOAA20_SP
24.69663,77.13164,336.7,0.34,0.56,2023-10-20,723,N20,VIIRS,n,2,305.68,2.58,D,0,VIIRS_NOAA20_SP
24.70055,76.33948,332.76,0.38,0.59,2023-10-20,723,N20,VIIRS,l,2,304.6,3.11,D,0,VIIRS_NOAA20_SP
24.70111,77.00723,330.94,0.35,0.57,2023-10-20,723,N20,VIIRS,l,2,305.53,3.14,D,0,VIIRS_NOAA20_SP
24.70789,77.06205,347.98,0.34,0.56,2023-10-20,723,N20,VIIRS,n,2,305.32,4.41,D,0,VIIRS_NOAA20_SP
24.72565,76.97231,330.55,0.35,0.57,2023-10-20,723,N20,VIIRS,l,2,305.44,2.88,D,0,VIIRS_NOAA20_SP
24.72724,77.38539,367.0,0.33,0.55,2023-10-20,723,N20,VIIRS,h,2,307.22,6.94,D,0,VIIRS_NOAA20_SP
24.76456,76.89552,344.61,0.35,0.57,2023-10-20,723,N20,VIIRS,n,2,304.06,3.41,D,0,VIIRS_NOAA20_SP
24.77632,77.44423,332.84,0.33,0.55,2023-10-20,723,N20,VIIRS,l,2,303.7,1.34,D,0,VIIRS_NOAA20_SP
24.7834,77.28489,336.43,0.33,0.56,2023-10-20,723,N20,VIIRS,n,2,305.95,2.64,D,0,VIIRS_NOAA20_SP
24.80289,77.47035,331.0,0.32,0.55,2023-10-20,723,N20,VIIRS,l,2,305.26,1.67,D,0,VIIRS_NOAA20_SP
24.82311,77.39533,333.58,0.33,0.55,2023-10-20,723,N20,VIIRS,n,2,308.43,2.78,D,0,VIIRS_NOAA20_SP
24.83644,76.82928,341.69,0.35,0.57,2023-10-20,723,N20,VIIRS,n,2,304.17,2.8,D,0,VIIRS_NOAA20_SP
24.83742,76.82823,340.21,0.35,0.57,2023-10-20,723,N20,VIIRS,n,2,305.01,2.48,D,0,VIIRS_NOAA20_SP
24.86014,76.97676,333.12,0.35,0.56,2023-10-20,723,N20,VIIRS,n,2,302.46,1.33,D,0,VIIRS_NOAA20_SP
24.86325,76.97688,331.39,0.35,0.56,2023-10-20,723,N20,VIIRS,l,2,302.74,1.23,D,0,VIIRS_NOAA20_SP
24.87278,77.06972,334.1,0.34,0.56,2023-10-20,723,N20,VIIRS,n,2,302.76,2.83,D,0,VIIRS_NOAA20_SP
24.87318,77.69968,342.25,0.63,0.54,2023-10-20,723,N20,VIIRS,n,2,306.48,9.16,D,0,VIIRS_NOAA20_SP
24.87761,77.23756,337.64,0.33,0.56,2023-10-20,723,N20,VIIRS,n,2,303.61,3.27,D,0,VIIRS_NOAA20_SP
24.90128,77.20082,342.95,0.34,0.56,2023-10-20,723,N20,VIIRS,n,2,302.79,5.19,D,0,VIIRS_NOAA20_SP
24.90492,77.08106,343.07,0.34,0.56,2023-10-20,723,N20,VIIRS,n,2,305.24,3.79,D,0,VIIRS_NOAA20_SP
24.9124,77.16222,330.66,0.34,0.56,2023-10-20,723,N20,VIIRS,l,2,301.54,1.25,D,0,VIIRS_NOAA20_SP
24.92077,77.08052,350.2,0.34,0.56,2023-10-20,723,N20,VIIRS,n,2,306.34,4.54,D,0,VIIRS_NOAA20_SP
24.93396,77.21152,355.72,0.33,0.56,2023-10-20,723,N20,VIIRS,n,2,307.18,5.64,D,0,VIIRS_NOAA20_SP
24.93468,77.21475,342.88,0.33,0.56,2023-10-20,723,N20,VIIRS,n,2,304.97,5.64,D,0,VIIRS_NOAA20_SP
24.9501,76.69578,343.38,0.36,0.57,2023-10-20,723,N20,VIIRS,n,2,305.24,2.54,D,0,VIIRS_NOAA20_SP
24.96173,77.19386,367.0,0.33,0.56,2023-10-20,723,N20,VIIRS,h,2,304.79,6.03,D,0,VIIRS_NOAA20_SP
24.96313,77.22414,337.56,0.33,0.55,2023-10-20,723,N20,VIIRS,n,2,305.47,3.08,D,0,VIIRS_NOAA20_SP
24.9638,77.05837,332.85,0.34,0.56,2023-10-20,723,N20,VIIRS,n,2,305.83,2.73,D,0,VIIRS_NOAA20_SP
24.96383,77.22734,340.57,0.33,0.55,2023-10-20,723,N20,VIIRS,n,2,306.39,3.08,D,0,VIIRS_NOAA20_SP
24.99141,76.85614,333.79,0.35,0.57,2023-10-20,723,N20,VIIRS,n,2,302.58,1.54,D,0,VIIRS_NOAA20_SP
25.00254,77.12109,337.91,0.34,0.56,2023-10-20,723,N20,VIIRS,n,2,305.38,3.17,D,0,VIIRS_NOAA20_SP
25.004,77.12101,342.09,0.34,0.56,2023-10-20,723,N20,VIIRS,n,2,305.49,3.2,D,0,VIIRS_NOAA20_SP
25.00939,77.29139,331.4,0.33,0.55,2023-10-20,723,N20,VIIRS,l,2,305.09,0.96,D,0,VIIRS_NOAA20_SP
25.05276,76.91473,331.83,0.35,0.56,2023-10-20,723,N20,VIIRS,l,2,303.71,1.72,D,0,VIIRS_NOAA20_SP
25.05506,76.94966,339.33,0.34,0.56,2023-10-20,723,N20,VIIRS,n,2,302.59,2.41,D,0,VIIRS_NOAA20_SP
25.09053,77.03872,331.52,0.34,0.56,2023-10-20,723,N20,VIIRS,n,2,301.93,1.53,D,0,VIIRS_NOAA20_SP
25.0934,77.0275,333.58,0.34,0.56,2023-10-20,723,N20,VIIRS,n,2,303.09,2.05,D,0,VIIRS_NOAA20_SP
25.09539,77.18236,334.35,0.33,0.55,2023-10-20,723,N20,VIIRS,n,2,304.24,4.07,D,0,VIIRS_NOAA20_SP
25.11441,76.96441,340.69,0.34,0.56,2023-10-20,723,N20,VIIRS,n,2,302.56,2.94,D,0,VIIRS_NOAA20_SP
25.12427,77.05641,334.02,0.34,0.56,2023-10-20,723,N20,VIIRS,l,2,304.34,3.1,D,0,VIIRS_NOAA20_SP
25.13346,77.02603,346.56,0.34,0.56,2023-10-20,723,N20,VIIRS,n,2,305.88,5.46,D,0,VIIRS_NOAA20_SP
25.14695,76.25928,332.26,0.38,0.59,2023-10-20,723,N20,VIIRS,l,2,305.36,2.39,D,0,VIIRS_NOAA20_SP
25.14924,76.26077,331.07,0.38,0.59,2023-10-20,723,N20,VIIRS,l,2,304.78,2.04,D,0,VIIRS_NOAA20_SP
25.16853,76.9921,338.77,0.34,0.56,2023-10-20,723,N20,VIIRS,n,2,304.94,4.81,D,0,VIIRS_NOAA20_SP
25.16879,77.11385,330.82,0.33,0.56,2023-10-20,723,N20,VIIRS,l,2,303.16,1.8,D,0,VIIRS_NOAA20_SP
25.16926,76.99542,352.49,0.34,0.56,2023-10-20,723,N20,VIIRS,n,2,303.09,5.92,D,0,VIIRS_NOAA20_SP
25.19014,77.04227,339.06,0.34,0.56,2023-10-20,723,N20,VIIRS,n,2,302.28,2.3,D,0,VIIRS_NOAA20_SP
25.20016,77.11241,340.56,0.33,0.56,2023-10-20,723,N20,VIIRS,n,2,302.82,4.26,D,0,VIIRS_NOAA20_SP
25.22255,76.07404,333.88,0.39,0.59,2023-10-20,723,N20,VIIRS,n,2,300.77,1.0,D,0,VIIRS_NOAA20_SP
25.23184,76.82961,346.92,0.35,0.57,2023-10-20,723,N20,VIIRS,n,2,304.01,2.28,D,0,VIIRS_NOAA20_SP
25.25954,76.85789,332.94,0.35,0.56,2023-10-20,723,N20,VIIRS,l,2,305.14,2.89,D,0,VIIRS_NOAA20_SP
25.26752,75.9867,344.89,0.39,0.59,2023-10-20,723,N20,VIIRS,n,2,302.85,4.42,D,0,VIIRS_NOAA20_SP
25.30637,76.88866,353.42,0.34,0.56,2023-10-20,723,N20,VIIRS,n,2,304.82,5.59,D,0,VIIRS_NOAA20_SP
25.30882,77.10715,334.86,0.33,0.56,2023-10-20,723,N20,VIIRS,n,2,300.47,1.35,D,0,VIIRS_NOAA20_SP
25.31216,76.89063,330.72,0.34,0.56,2023-10-20,723,N20,VIIRS,l,2,303.79,2.15,D,0,VIIRS_NOAA20_SP
25.32958,75.75377,337.09,0.4,0.6,2023-10-20,723,N20,VIIRS,n,2,301.51,2.85,D,0,VIIRS_NOAA20_SP
25.34052,75.95042,330.36,0.39,0.59,2023-10-20,723,N20,VIIRS,n,2,301.29,1.55,D,0,VIIRS_NOAA20_SP
25.35993,75.96108,338.19,0.39,0.59,2023-10-20,723,N20,VIIRS,n,2,303.38,2.67,D,0,VIIRS_NOAA20_SP
25.36079,75.96484,331.84,0.39,0.59,2023-10-20,723,N20,VIIRS,l,2,303.19,2.67,D,0,VIIRS_NOAA20_SP
25.36681,75.99117,338.83,0.39,0.59,2023-10-20,723,N20,VIIRS,n,2,302.45,3.46,D,0,VIIRS_NOAA20_SP
25.36938,76.65599,333.31,0.35,0.57,2023-10-20,723,N20,VIIRS,n,2,304.16,2.61,D,0,VIIRS_NOAA20_SP
25.37016,76.65941,331.11,0.35,0.57,2023-10-20,723,N20,VIIRS,l,2,303.15,2.5,D,0,VIIRS_NOAA20_SP
25.37793,75.91583,345.32,0.39,0.6,2023-10-20,723,N20,VIIRS,n,2,302.68,3.45,D,0,VIIRS_NOAA20_SP
25.37912,75.87106,339.3,0.4,0.6,2023-10-20,723,N20,VIIRS,n,2,302.79,4.76,D,0,VIIRS_NOAA20_SP
25.38028,75.86773,336.4,0.4,0.6,2023-10-20,723,N20,VIIRS,n,2,302.41,4.22,D,0,VIIRS_NOAA20_SP
25.38381,75.90713,348.3,0.39,0.6,2023-10-20,723,N20,VIIRS,n,2,302.62,3.81,D,0,VIIRS_NOAA20_SP
25.38687,75.90529,335.1,0.39,0.6,2023-10-20,723,N20,VIIRS,n,2,301.78,4.04,D,0,VIIRS_NOAA20_SP
25.39321,77.13637,336.75,0.33,0.55,2023-10-20,723,N20,VIIRS,n,2,302.2,3.72,D,0,VIIRS_NOAA20_SP
25.44134,76.48933,348.49,0.36,0.57,2023-10-20,723,N20,VIIRS,n,2,302.48,2.69,D,0,VIIRS_NOAA20_SP
25.44652,76.71108,332.0,0.35,0.57,2023-10-20,723,N20,VIIRS,n,2,303.84,1.94,D,0,VIIRS_NOAA20_SP
25.44686,76.05704,331.1,0.38,0.59,2023-10-20,723,N20,VIIRS,l,2,302.84,2.57,D,0,VIIRS_NOAA20_SP
25.44802,76.71789,330.72,0.35,0.57,2023-10-20,723,N20,VIIRS,n,2,301.49,1.13,D,0,VIIRS_NOAA20_SP
25.45144,76.02816,337.28,0.39,0.59,2023-10-20,723,N20,VIIRS,n,2,302.11,2.08,D,0,VIIRS_NOAA20_SP
25.53632,78.55714,337.28,0.54,0.51,2023-10-20,723,N20,VIIRS,n,2,302.25,4.44,D,0,VIIRS_NOAA20_SP
25.60402,79.43316,332.46,0.47,0.48,2023-10-20,723,N20,VIIRS,l,2,303.76,2.82,D,0,VIIRS_NOAA20_SP
25.71917,76.53037,342.67,0.35,0.57,2023-10-20,723,N20,VIIRS,n,2,302.44,6.97,D,0,VIIRS_NOAA20_SP
25.71934,78.40937,341.24,0.54,0.51,2023-10-20,723,N20,VIIRS,n,2,304.31,10.55,D,0,VIIRS_NOAA20_SP
25.71993,76.53378,367.0,0.35,0.57,2023-10-20,723,N20,VIIRS,h,2,303.99,8.5,D,0,VIIRS_NOAA20_SP
25.72051,78.41077,349.79,0.54,0.51,2023-10-20,723,N20,VIIRS,n,2,303.68,8.32,D,0,VIIRS_NOAA20_SP
25.814,78.63079,341.61,0.52,0.5,2023-10-20,723,N20,VIIRS,n,2,301.61,6.71,D,0,VIIRS_NOAA20_SP
25.82247,79.33542,331.76,0.47,0.48,2023-10-20,723,N20,VIIRS,n,2,302.47,1.94,D,0,VIIRS_NOAA20_SP
25.82849,78.54071,336.09,0.53,0.5,2023-10-20,723,N20,VIIRS,n,2,301.6,4.72,D,0,VIIRS_NOAA20_SP
25.8349,78.57162,346.16,0.53,0.5,2023-10-20,723,N20,VIIRS,n,2,302.35,8.41,D,0,VIIRS_NOAA20_SP
25.91586,78.5484,343.09,0.53,0.5,2023-10-20,723,N20,VIIRS,n,2,302.87,7.09,D,0,VIIRS_NOAA20_SP
25.92682,76.85129,350.93,0.33,0.56,2023-10-20,723,N20,VIIRS,n,2,305.58,4.2,D,0,VIIRS_NOAA20_SP
25.94213,78.51463,336.87,0.53,0.5,2023-10-20,723,N20,VIIRS,n,2,302.9,2.98,D,0,VIIRS_NOAA20_SP
25.9557,76.5825,340.28,0.35,0.57,2023-10-20,723,N20,VIIRS,n,2,302.6,2.56,D,0,VIIRS_NOAA20_SP
25.95664,76.61084,367.0,0.35,0.56,2023-10-20,723,N20,VIIRS,h,2,306.37,10.5,D,0,VIIRS_NOAA20_SP
25.96069,73.11066,337.72,0.57,0.69,2023-10-20,723,N20,VIIRS,n,2,305.27,5.14,D,0,VIIRS_NOAA20_SP
26.11218,79.32574,333.38,0.47,0.48,2023-10-20,723,N20,VIIRS,n,2,303.39,1.9,D,0,VIIRS_NOAA20_SP
26.29741,77.53091,331.42,0.6,0.53,2023-10-20,723,N20,VIIRS,l,2,302.33,4.24,D,0,VIIRS_NOAA20_SP
26.29869,77.53671,337.26,0.6,0.53,2023-10-20,723,N20,VIIRS,n,2,302.24,3.46,D,0,VIIRS_NOAA20_SP
26.29872,77.53238,342.8,0.6,0.53,2023-10-20,723,N20,VIIRS,n,2,303.2,9.12,D,0,VIIRS_NOAA20_SP
26.37338,77.81416,333.59,0.57,0.52,2023-10-20,723,N20,VIIRS,n,2,302.88,3.13,D,0,VIIRS_NOAA20_SP
26.43007,78.9332,336.15,0.49,0.48,2023-10-20,723,N20,VIIRS,n,2,299.88,4.09,D,0,VIIRS_NOAA20_SP
26.57096,82.28243,334.69,0.48,0.4,2023-10-20,723,N20,VIIRS,n,2,302.25,4.03,D,0,VIIRS_NOAA20_SP
26.73371,79.93409,340.4,0.42,0.45,2023-10-20,723,N20,VIIRS,n,2,301.66,8.09,D,0,VIIRS_NOAA20_SP
26.74442,81.28653,333.89,0.53,0.42,2023-10-20,723,N20,VIIRS,n,2,303.06,2.9,D,0,VIIRS_NOAA20_SP
26.74821,81.28565,330.31,0.53,0.42,2023-10-20,723,N20,VIIRS,n,2,303.87,2.9,D,0,VIIRS_NOAA20_SP
27.03887,74.3241,330.39,0.45,0.63,2023-10-20,723,N20,VIIRS,l,2,304.35,1.84,D,0,VIIRS_NOAA20_SP
27.30406,81.18217,338.63,0.53,0.42,2023-10-20,723,N20,VIIRS,n,2,303.57,4.4,D,0,VIIRS_NOAA20_SP
27.3352,83.6673,330.43,0.42,0.37,2023-10-20,723,N20,VIIRS,n,2,304.5,2.18,D,0,VIIRS_NOAA20_SP
27.41305,83.81475,342.85,0.41,0.37,2023-10-20,723,N20,VIIRS,n,2,304.73,2.33,D,0,VIIRS_NOAA20_SP
27.56152,78.22837,333.11,0.51,0.49,2023-10-20,723,N20,VIIRS,n,2,303.05,3.38,D,0,VIIRS_NOAA20_SP
27.65473,80.06888,342.26,0.4,0.44,2023-10-20,723,N20,VIIRS,n,2,305.56,4.4,D,0,VIIRS_NOAA20_SP
27.67929,80.08768,341.33,0.4,0.44,2023-10-20,723,N20,VIIRS,n,2,302.84,4.13,D,0,VIIRS_NOAA20_SP
27.68087,96.29669,325.33,0.38,0.59,2023-10-20,723,N20,VIIRS,n,2,293.43,1.47,D,0,VIIRS_NOAA20_SP
27.74587,96.12469,348.58,0.37,0.58,2023-10-20,723,N20,VIIRS,n,2,295.13,5.88,D,0,VIIRS_NOAA20_SP
27.75127,96.12423,348.11,0.37,0.58,2023-10-20,723,N20,VIIRS,n,2,293.78,4.96,D,0,VIIRS_NOAA20_SP
27.85452,79.86154,337.64,0.41,0.45,2023-10-20,723,N20,VIIRS,n,2,307.2,2.88,D,0,VIIRS_NOAA20_SP
27.98706,96.44534,367.0,0.4,0.6,2023-10-20,723,N20,VIIRS,h,2,293.31,10.18,D,0,VIIRS_NOAA20_SP
27.99856,96.60087,367.0,0.4,0.6,2023-10-20,723,N20,VIIRS,h,2,293.62,17.71,D,0,VIIRS_NOAA20_SP
28.00329,96.58906,350.56,0.4,0.6,2023-10-20,723,N20,VIIRS,n,2,292.48,6.97,D,0,VIIRS_NOAA20_SP
28.06524,96.59427,349.98,0.4,0.6,2023-10-20,723,N20,VIIRS,n,2,294.97,28.81,D,0,VIIRS_NOAA20_SP
28.06543,96.59684,367.0,0.41,0.6,2023-10-20,723,N20,VIIRS,h,2,296.98,41.63,D,0,VIIRS_NOAA20_SP
28.06818,95.51792,326.35,0.35,0.56,2023-10-20,723,N20,VIIRS,n,2,295.08,2.31,D,0,VIIRS_NOAA20_SP
28.07011,96.59386,351.65,0.41,0.6,2023-10-20,723,N20,VIIRS,n,2,293.16,16.99,D,0,VIIRS_NOAA20_SP
28.07029,96.59646,344.21,0.41,0.6,2023-10-20,723,N20,VIIRS,n,2,289.18,13.41,D,0,VIIRS_NOAA20_SP
28.0733,96.56028,350.88,0.4,0.6,2023-10-20,723,N20,VIIRS,n,2,293.55,7.56,D,0,VIIRS_NOAA20_SP
28.07373,96.55909,352.72,0.4,0.6,2023-10-20,723,N20,VIIRS,n,2,294.91,5.67,D,0,VIIRS_NOAA20_SP
28.17046,96.66086,349.94,0.41,0.61,2023-10-20,723,N20,VIIRS,n,2,293.87,6.85,D,0,VIIRS_NOAA20_SP
28.17564,97.03757,355.89,0.43,0.62,2023-10-20,723,N20,VIIRS,n,2,290.17,10.45,D,0,VIIRS_NOAA20_SP
28.65158,80.03359,326.95,0.38,0.44,2023-10-20,724,N20,VIIRS,n,2,300.63,1.7,D,0,VIIRS_NOAA20_SP
28.69774,79.24144,335.16,0.42,0.45,2023-10-20,724,N20,VIIRS,n,2,300.13,2.37,D,0,VIIRS_NOAA20_SP
28.76241,79.93237,338.86,0.39,0.44,2023-10-20,724,N20,VIIRS,n,2,301.46,4.26,D,0,VIIRS_NOAA20_SP
28.79577,79.28873,333.34,0.42,0.45,2023-10-20,724,N20,VIIRS,n,2,299.24,1.99,D,0,VIIRS_NOAA20_SP
28.8245,79.90069,330.02,0.39,0.44,2023-10-20,724,N20,VIIRS,n,2,301.03,3.41,D,0,VIIRS_NOAA20_SP
28.82527,79.90457,336.71,0.39,0.44,2023-10-20,724,N20,VIIRS,n,2,299.69,3.41,D,0,VIIRS_NOAA20_SP
28.82845,79.89969,332.09,0.39,0.44,2023-10-20,724,N20,VIIRS,n,2,301.81,3.08,D,0,VIIRS_NOAA20_SP
28.83303,79.38892,332.33,0.41,0.45,2023-10-20,724,N20,VIIRS,n,2,299.16,2.74,D,0,VIIRS_NOAA20_SP
28.86181,79.74364,326.85,0.39,0.44,2023-10-20,724,N20,VIIRS,n,2,300.57,1.07,D,0,VIIRS_NOAA20_SP
28.86423,79.69294,345.35,0.4,0.44,2023-10-20,724,N20,VIIRS,n,2,303.97,9.33,D,0,VIIRS_NOAA20_SP
28.86526,79.91899,339.56,0.39,0.44,2023-10-20,724,N20,VIIRS,n,2,301.56,4.25,D,0,VIIRS_NOAA20_SP
28.86658,79.94713,325.47,0.39,0.44,2023-10-20,724,N20,VIIRS,l,2,299.45,2.07,D,0,VIIRS_NOAA20_SP
28.86739,79.72974,328.6,0.4,0.44,2023-10-20,724,N20,VIIRS,l,2,301.66,1.15,D,0,VIIRS_NOAA20_SP
28.87058,79.72478,331.66,0.4,0.44,2023-10-20,724,N20,VIIRS,l,2,301.98,3.2,D,0,VIIRS_NOAA20_SP
28.87186,79.34832,332.91,0.42,0.45,2023-10-20,724,N20,VIIRS,n,2,301.52,2.85,D,0,VIIRS_NOAA20_SP
28.87455,79.72376,332.13,0.4,0.44,2023-10-20,724,N20,VIIRS,n,2,301.9,3.2,D,0,VIIRS_NOAA20_SP
28.87534,79.72773,330.97,0.4,0.44,2023-10-20,724,N20,VIIRS,n,2,299.66,3.2,D,0,VIIRS_NOAA20_SP
28.88233,79.80476,344.32,0.39,0.44,2023-10-20,724,N20,VIIRS,n,2,301.84,4.72,D,0,VIIRS_NOAA20_SP
28.88825,79.97408,331.9,0.38,0.43,2023-10-20,724,N20,VIIRS,l,2,302.68,2.7,D,0,VIIRS_NOAA20_SP
28.88826,79.91798,335.8,0.39,0.44,2023-10-20,724,N20,VIIRS,n,2,301.69,1.74,D,0,VIIRS_NOAA20_SP
28.88962,79.7366,328.11,0.39,0.44,2023-10-20,724,N20,VIIRS,l,2,302.06,1.74,D,0,VIIRS_NOAA20_SP
28.88967,79.71577,331.71,0.4,0.44,2023-10-20,724,N20,VIIRS,n,2,300.31,1.18,D,0,VIIRS_NOAA20_SP
28.89448,79.69784,333.08,0.4,0.44,2023-10-20,724,N20,VIIRS,l,2,304.26,2.97,D,0,VIIRS_NOAA20_SP
28.89504,79.78502,329.62,0.39,0.44,2023-10-20,724,N20,VIIRS,l,2,302.35,1.77,D,0,VIIRS_NOAA20_SP
28.89527,79.70182,329.18,0.4,0.44,2023-10-20,724,N20,VIIRS,l,2,301.8,2.49,D,0,VIIRS_NOAA20_SP
28.89678,79.73064,339.02,0.39,0.44,2023-10-20,724,N20,VIIRS,n,2,302.23,3.91,D,0,VIIRS_NOAA20_SP
28.89715,79.85857,341.72,0.39,0.44,2023-10-20,724,N20,VIIRS,n,2,303.49,2.91,D,0,VIIRS_NOAA20_SP
28.89793,79.86247,338.58,0.39,0.44,2023-10-20,724,N20,VIIRS,n,2,300.9,2.91,D,0,VIIRS_NOAA20_SP
28.90445,79.97875,338.26,0.38,0.43,2023-10-20,724,N20,VIIRS,n,2,301.66,4.06,D,0,VIIRS_NOAA20_SP
28.90557,79.71174,330.47,0.4,0.44,2023-10-20,724,N20,VIIRS,l,2,301.79,3.04,D,0,VIIRS_NOAA20_SP
28.9084,79.81054,333.48,0.39,0.44,2023-10-20,724,N20,VIIRS,n,2,299.0,1.06,D,0,VIIRS_NOAA20_SP
28.9108,79.80169,340.16,0.39,0.44,2023-10-20,724,N20,VIIRS,n,2,301.5,5.05,D,0,VIIRS_NOAA20_SP
28.91835,76.8529,340.78,0.58,0.52,2023-10-20,724,N20,VIIRS,n,2,301.78,7.62,D,0,VIIRS_NOAA20_SP
28.91901,76.85168,343.54,0.58,0.52,2023-10-20,724,N20,VIIRS,n,2,302.11,6.47,D,0,VIIRS_NOAA20_SP
28.92334,79.82323,326.14,0.39,0.44,2023-10-20,724,N20,VIIRS,l,2,300.83,1.05,D,0,VIIRS_NOAA20_SP
28.92586,79.79375,329.1,0.39,0.44,2023-10-20,724,N20,VIIRS,l,2,303.23,1.18,D,0,VIIRS_NOAA20_SP
28.92607,79.90033,330.01,0.39,0.44,2023-10-20,724,N20,VIIRS,n,2,302.32,1.5,D,0,VIIRS_NOAA20_SP
28.92983,79.45146,342.13,0.41,0.45,2023-10-20,724,N20,VIIRS,n,2,301.06,5.64,D,0,VIIRS_NOAA20_SP
28.93234,79.76317,348.96,0.39,0.44,2023-10-20,724,N20,VIIRS,n,2,304.99,8.07,D,0,VIIRS_NOAA20_SP
28.93399,79.75031,338.93,0.39,0.44,2023-10-20,724,N20,VIIRS,n,2,303.01,3.58,D,0,VIIRS_NOAA20_SP
28.93553,79.75822,331.15,0.39,0.44,2023-10-20,724,N20,VIIRS,l,2,304.36,3.22,D,0,VIIRS_NOAA20_SP
28.93584,79.8447,336.82,0.39,0.44,2023-10-20,724,N20,VIIRS,n,2,299.67,2.93,D,0,VIIRS_NOAA20_SP
28.94027,79.76115,337.07,0.39,0.44,2023-10-20,724,N20,VIIRS,n,2,303.09,3.22,D,0,VIIRS_NOAA20_SP
28.94062,79.95353,342.72,0.38,0.43,2023-10-20,724,N20,VIIRS,n,2,301.37,3.37,D,0,VIIRS_NOAA20_SP
28.94228,79.94096,337.18,0.38,0.43,2023-10-20,724,N20,VIIRS,n,2,301.22,3.14,D,0,VIIRS_NOAA20_SP
28.94291,79.71061,338.55,0.4,0.44,2023-10-20,724,N20,VIIRS,n,2,302.34,3.49,D,0,VIIRS_NOAA20_SP
28.94369,79.71458,327.96,0.4,0.44,2023-10-20,724,N20,VIIRS,n,2,301.32,3.04,D,0,VIIRS_NOAA20_SP
28.94677,79.73044,337.32,0.39,0.44,2023-10-20,724,N20,VIIRS,n,2,301.9,3.82,D,0,VIIRS_NOAA20_SP
28.94897,79.76309,343.83,0.39,0.44,2023-10-20,724,N20,VIIRS,n,2,303.44,3.67,D,0,VIIRS_NOAA20_SP
28.95013,79.939,335.77,0.38,0.43,2023-10-20,724,N20,VIIRS,n,2,301.75,4.04,D,0,VIIRS_NOAA20_SP
28.95037,79.79169,340.65,0.39,0.44,2023-10-20,724,N20,VIIRS,n,2,303.25,5.0,D,0,VIIRS_NOAA20_SP
28.95631,79.94959,332.5,0.38,0.43,2023-10-20,724,N20,VIIRS,n,2,301.42,1.55,D,0,VIIRS_NOAA20_SP
28.95754,79.8924,336.59,0.39,0.44,2023-10-20,724,N20,VIIRS,n,2,304.8,3.1,D,0,VIIRS_NOAA20_SP
28.96147,79.78472,346.91,0.39,0.44,2023-10-20,724,N20,VIIRS,n,2,302.52,4.6,D,0,VIIRS_NOAA20_SP
28.96374,79.90305,328.92,0.39,0.44,2023-10-20,724,N20,VIIRS,l,2,302.47,1.67,D,0,VIIRS_NOAA20_SP
28.96541,79.8904,336.96,0.39,0.44,2023-10-20,724,N20,VIIRS,n,2,303.9,3.7,D,0,VIIRS_NOAA20_SP
28.9701,79.8933,331.62,0.39,0.44,2023-10-20,724,N20,VIIRS,l,2,304.03,2.52,D,0,VIIRS_NOAA20_SP
28.9711,79.7412,335.57,0.39,0.44,2023-10-20,724,N20,VIIRS,n,2,304.44,3.25,D,0,VIIRS_NOAA20_SP
28.99327,79.74805,335.55,0.39,0.44,2023-10-20,724,N20,VIIRS,n,2,305.54,2.76,D,0,VIIRS_NOAA20_SP
29.0036,79.73713,337.44,0.39,0.44,2023-10-20,724,N20,VIIRS,n,2,303.66,3.04,D,0,VIIRS_NOAA20_SP
29.01765,79.78727,326.41,0.39,0.44,2023-10-20,724,N20,VIIRS,n,2,301.37,2.34,D,0,VIIRS_NOAA20_SP
29.02083,79.78235,332.48,0.39,0.44,2023-10-20,724,N20,VIIRS,n,2,300.91,5.77,D,0,VIIRS_NOAA20_SP
29.08942,79.25907,331.97,0.42,0.45,2023-10-20,724,N20,VIIRS,n,2,302.12,1.97,D,0,VIIRS_NOAA20_SP
29.18934,79.14619,330.61,0.42,0.45,2023-10-20,724,N20,VIIRS,n,2,300.35,2.3,D,0,VIIRS_NOAA20_SP
29.21901,75.3577,330.86,0.35,0.57,2023-10-20,724,N20,VIIRS,n,2,300.72,4.08,D,0,VIIRS_NOAA20_SP
29.22077,75.3556,352.79,0.35,0.57,2023-10-20,724,N20,VIIRS,n,2,303.88,6.94,D,0,VIIRS_NOAA20_SP
29.2216,75.35908,346.41,0.35,0.57,2023-10-20,724,N20,VIIRS,n,2,299.86,6.42,D,0,VIIRS_NOAA20_SP
29.22406,75.35616,367.0,0.35,0.57,2023-10-20,724,N20,VIIRS,h,2,304.37,4.08,D,0,VIIRS_NOAA20_SP
29.31847,75.2399,339.68,0.35,0.57,2023-10-20,724,N20,VIIRS,n,2,301.84,2.42,D,0,VIIRS_NOAA20_SP
29.31968,75.23891,340.73,0.35,0.57,2023-10-20,724,N20,VIIRS,n,2,301.1,2.49,D,0,VIIRS_NOAA20_SP
29.38169,75.86208,338.85,0.32,0.55,2023-10-20,724,N20,VIIRS,n,2,301.06,2.49,D,0,VIIRS_NOAA20_SP
29.38658,75.86062,345.89,0.32,0.55,2023-10-20,724,N20,VIIRS,n,2,302.23,2.49,D,0,VIIRS_NOAA20_SP
29.41069,75.64361,334.46,0.33,0.55,2023-10-20,724,N20,VIIRS,n,2,301.6,2.04,D,0,VIIRS_NOAA20_SP
29.41898,76.06987,340.14,0.63,0.54,2023-10-20,724,N20,VIIRS,n,2,301.36,5.32,D,0,VIIRS_NOAA20_SP
29.42673,75.8072,335.4,0.32,0.55,2023-10-20,724,N20,VIIRS,n,2,302.02,2.22,D,0,VIIRS_NOAA20_SP
29.43626,75.84928,343.27,0.32,0.55,2023-10-20,724,N20,VIIRS,n,2,301.94,2.58,D,0,VIIRS_NOAA20_SP
29.45631,75.39452,337.03,0.34,0.56,2023-10-20,724,N20,VIIRS,n,2,301.58,3.9,D,0,VIIRS_NOAA20_SP
29.45923,75.39719,336.3,0.34,0.56,2023-10-20,724,N20,VIIRS,n,2,299.25,2.46,D,0,VIIRS_NOAA20_SP
29.45942,75.74409,367.0,0.33,0.55,2023-10-20,724,N20,VIIRS,h,2,304.13,4.47,D,0,VIIRS_NOAA20_SP
29.48153,76.61328,340.68,0.58,0.52,2023-10-20,724,N20,VIIRS,n,2,299.63,4.82,D,0,VIIRS_NOAA20_SP
29.51929,76.26419,333.0,0.61,0.53,2023-10-20,724,N20,VIIRS,n,2,299.01,4.72,D,0,VIIRS_NOAA20_SP
29.56113,74.40607,345.05,0.39,0.59,2023-10-20,724,N20,VIIRS,n,2,296.75,4.93,D,0,VIIRS_NOAA20_SP
29.56378,74.40281,331.63,0.39,0.59,2023-10-20,724,N20,VIIRS,n,2,297.0,4.83,D,0,VIIRS_NOAA20_SP
29.60417,74.32523,341.05,0.39,0.6,2023-10-20,724,N20,VIIRS,n,2,297.5,4.41,D,0,VIIRS_NOAA20_SP
29.62403,75.77446,349.84,0.32,0.55,2023-10-20,724,N20,VIIRS,n,2,301.15,4.33,D,0,VIIRS_NOAA20_SP
29.62476,75.77769,344.9,0.32,0.55,2023-10-20,724,N20,VIIRS,n,2,299.09,4.33,D,0,VIIRS_NOAA20_SP
29.63176,76.13806,336.45,0.61,0.54,2023-10-20,724,N20,VIIRS,n,2,300.29,3.27,D,0,VIIRS_NOAA20_SP
29.63445,76.1366,336.09,0.61,0.54,2023-10-20,724,N20,VIIRS,n,2,299.6,4.16,D,0,VIIRS_NOAA20_SP
29.71767,75.2,367.0,0.35,0.57,2023-10-20,724,N20,VIIRS,h,2,301.9,5.63,D,0,VIIRS_NOAA20_SP
29.71848,75.20347,334.56,0.35,0.56,2023-10-20,724,N20,VIIRS,n,2,298.06,5.63,D,0,VIIRS_NOAA20_SP
29.73994,74.42999,332.35,0.38,0.59,2023-10-20,724,N20,VIIRS,n,2,297.44,1.55,D,0,VIIRS_NOAA20_SP
29.74899,70.76974,341.62,0.63,0.72,2023-10-20,724,N20,VIIRS,n,2,293.76,6.5,D,0,VIIRS_NOAA20_SP
29.74914,70.76788,331.23,0.63,0.72,2023-10-20,724,N20,VIIRS,n,2,293.93,4.74,D,0,VIIRS_NOAA20_SP
29.77386,76.37254,338.93,0.59,0.53,2023-10-20,724,N20,VIIRS,n,2,300.81,4.26,D,0,VIIRS_NOAA20_SP
29.79378,76.66409,339.69,0.57,0.52,2023-10-20,724,N20,VIIRS,n,2,300.75,8.05,D,0,VIIRS_NOAA20_SP
29.79445,75.66982,331.47,0.32,0.55,2023-10-20,724,N20,VIIRS,n,2,298.8,2.13,D,0,VIIRS_NOAA20_SP
29.80415,75.25999,367.0,0.34,0.56,2023-10-20,724,N20,VIIRS,h,2,303.52,12.11,D,0,VIIRS_NOAA20_SP
29.8206,75.73811,332.89,0.32,0.55,2023-10-20,724,N20,VIIRS,n,2,299.44,2.39,D,0,VIIRS_NOAA20_SP
29.84405,76.21622,333.01,0.6,0.53,2023-10-20,724,N20,VIIRS,n,2,302.84,7.1,D,0,VIIRS_NOAA20_SP
29.85097,76.56008,341.76,0.57,0.52,2023-10-20,724,N20,VIIRS,n,2,301.22,4.1,D,0,VIIRS_NOAA20_SP
29.86306,75.71838,344.32,0.32,0.55,2023-10-20,724,N20,VIIRS,n,2,301.18,3.46,D,0,VIIRS_NOAA20_SP
29.86373,75.7188,354.38,0.32,0.55,2023-10-20,724,N20,VIIRS,n,2,300.35,4.51,D,0,VIIRS_NOAA20_SP
29.88983,76.28595,329.87,0.59,0.53,2023-10-20,724,N20,VIIRS,n,2,301.51,3.49,D,0,VIIRS_NOAA20_SP
29.94201,75.65027,331.62,0.32,0.55,2023-10-20,724,N20,VIIRS,n,2,298.83,2.59,D,0,VIIRS_NOAA20_SP
29.94367,76.37035,340.19,0.59,0.53,2023-10-20,724,N20,VIIRS,n,2,301.8,6.58,D,0,VIIRS_NOAA20_SP
29.95179,75.64731,337.09,0.32,0.55,2023-10-20,724,N20,VIIRS,n,2,297.78,2.32,D,0,VIIRS_NOAA20_SP
29.9523,75.6468,335.79,0.32,0.55,2023-10-20,724,N20,VIIRS,n,2,297.15,2.77,D,0,VIIRS_NOAA20_SP
29.95327,76.59746,329.2,0.57,0.52,2023-10-20,724,N20,VIIRS,n,2,301.86,1.77,D,0,VIIRS_NOAA20_SP
29.95452,76.32936,337.85,0.59,0.53,2023-10-20,724,N20,VIIRS,n,2,302.16,6.97,D,0,VIIRS_NOAA20_SP
30.00047,76.17875,330.18,0.6,0.53,2023-10-20,724,N20,VIIRS,n,2,299.85,4.4,D,0,VIIRS_NOAA20_SP
30.01006,76.2654,334.43,0.59,0.53,2023-10-20,724,N20,VIIRS,n,2,301.8,4.08,D,0,VIIRS_NOAA20_SP
30.02799,76.81398,332.64,0.55,0.51,2023-10-20,724,N20,VIIRS,n,2,300.45,4.12,D,0,VIIRS_NOAA20_SP
30.03312,76.03841,330.24,0.61,0.53,2023-10-20,724,N20,VIIRS,n,2,297.73,1.96,D,0,VIIRS_NOAA20_SP
30.15929,75.65882,367.0,0.32,0.54,2023-10-20,724,N20,VIIRS,h,2,301.18,8.45,D,0,VIIRS_NOAA20_SP
30.16873,77.10383,339.85,0.52,0.5,2023-10-20,724,N20,VIIRS,n,2,302.05,6.35,D,0,VIIRS_NOAA20_SP
30.17351,77.10615,340.41,0.52,0.5,2023-10-20,724,N20,VIIRS,n,2,301.21,4.56,D,0,VIIRS_NOAA20_SP
30.23046,76.19733,340.23,0.59,0.53,2023-10-20,724,N20,VIIRS,n,2,301.06,7.89,D,0,VIIRS_NOAA20_SP
30.29053,73.28718,330.03,0.44,0.62,2023-10-20,724,N20,VIIRS,n,2,294.58,2.51,D,0,VIIRS_NOAA20_SP
30.30717,76.51629,339.74,0.56,0.52,2023-10-20,724,N20,VIIRS,n,2,300.44,4.49,D,0,VIIRS_NOAA20_SP
30.33638,73.10357,339.43,0.45,0.63,2023-10-20,724,N20,VIIRS,n,2,293.71,5.77,D,0,VIIRS_NOAA20_SP
30.39286,76.64591,339.13,0.55,0.51,2023-10-20,724,N20,VIIRS,n,2,303.18,4.29,D,0,VIIRS_NOAA20_SP
30.39477,76.6467,336.73,0.55,0.51,2023-10-20,724,N20,VIIRS,n,2,303.01,5.55,D,0,VIIRS_NOAA20_SP
30.42731,73.66901,356.22,0.41,0.61,2023-10-20,724,N20,VIIRS,n,2,300.95,11.96,D,0,VIIRS_NOAA20_SP
30.42833,73.67313,329.82,0.41,0.61,2023-10-20,724,N20,VIIRS,n,2,296.77,7.8,D,0,VIIRS_NOAA20_SP
30.4315,73.40757,329.93,0.43,0.62,2023-10-20,724,N20,VIIRS,n,2,297.49,2.43,D,0,VIIRS_NOAA20_SP
30.49961,73.58566,329.58,0.41,0.61,2023-10-20,724,N20,VIIRS,n,2,297.59,2.04,D,0,VIIRS_NOAA20_SP
30.50002,73.42178,341.5,0.42,0.61,2023-10-20,724,N20,VIIRS,n,2,296.66,4.21,D,0,VIIRS_NOAA20_SP
30.55635,73.81463,342.55,0.4,0.6,2023-10-20,724,N20,VIIRS,n,2,297.29,3.46,D,0,VIIRS_NOAA20_SP
30.56224,73.98627,335.56,0.39,0.59,2023-10-20,724,N20,VIIRS,n,2,298.15,2.48,D,0,VIIRS_NOAA20_SP
30.5638,73.98399,342.07,0.39,0.59,2023-10-20,724,N20,VIIRS,n,2,298.37,3.14,D,0,VIIRS_NOAA20_SP
30.5644,73.77711,334.41,0.4,0.6,2023-10-20,724,N20,VIIRS,n,2,295.7,3.72,D,0,VIIRS_NOAA20_SP
30.57782,73.73767,344.4,0.4,0.6,2023-10-20,724,N20,VIIRS,n,2,296.75,2.85,D,0,VIIRS_NOAA20_SP
30.62614,75.3335,347.53,0.33,0.55,2023-10-20,724,N20,VIIRS,n,2,300.37,5.57,D,0,VIIRS_NOAA20_SP
30.68385,73.88222,335.95,0.39,0.6,2023-10-20,724,N20,VIIRS,n,2,298.24,3.03,D,0,VIIRS_NOAA20_SP
30.68551,73.62971,332.45,0.41,0.6,2023-10-20,724,N20,VIIRS,n,2,299.65,2.64,D,0,VIIRS_NOAA20_SP
30.70243,73.79427,339.83,0.4,0.6,2023-10-20,724,N20,VIIRS,n,2,298.04,3.12,D,0,VIIRS_NOAA20_SP
30.71904,73.95592,346.48,0.39,0.59,2023-10-20,724,N20,VIIRS,n,2,298.22,3.8,D,0,VIIRS_NOAA20_SP
30.72041,73.84451,331.73,0.4,0.6,2023-10-20,724,N20,VIIRS,n,2,296.55,2.73,D,0,VIIRS_NOAA20_SP
30.75899,73.64527,335.6,0.4,0.6,2023-10-20,724,N20,VIIRS,n,2,296.96,2.46,D,0,VIIRS_NOAA20_SP
30.76569,73.88171,347.45,0.39,0.59,2023-10-20,724,N20,VIIRS,n,2,299.01,6.53,D,0,VIIRS_NOAA20_SP
30.771,73.694,351.83,0.4,0.6,2023-10-20,724,N20,VIIRS,n,2,299.06,5.18,D,0,VIIRS_NOAA20_SP
30.81324,74.0972,331.07,0.38,0.59,2023-10-20,724,N20,VIIRS,n,2,297.62,1.75,D,0,VIIRS_NOAA20_SP
30.814,74.53042,335.26,0.36,0.57,2023-10-20,724,N20,VIIRS,n,2,298.47,3.27,D,0,VIIRS_NOAA20_SP
30.8152,74.09624,332.3,0.38,0.59,2023-10-20,724,N20,VIIRS,n,2,298.07,2.07,D,0,VIIRS_NOAA20_SP
30.82847,74.8497,339.08,0.34,0.56,2023-10-20,724,N20,VIIRS,n,2,298.32,2.85,D,0,VIIRS_NOAA20_SP
30.85019,73.90083,330.38,0.39,0.59,2023-10-20,724,N20,VIIRS,n,2,297.79,2.57,D,0,VIIRS_NOAA20_SP
30.8718,73.87247,330.12,0.39,0.59,2023-10-20,724,N20,VIIRS,n,2,298.61,1.98,D,0,VIIRS_NOAA20_SP
30.93617,74.51054,344.45,0.36,0.57,2023-10-20,724,N20,VIIRS,n,2,299.64,8.07,D,0,VIIRS_NOAA20_SP
30.93704,74.51416,367.0,0.36,0.57,2023-10-20,724,N20,VIIRS,h,2,298.97,9.61,D,0,VIIRS_NOAA20_SP
30.94926,74.58759,337.72,0.35,0.57,2023-10-20,724,N20,VIIRS,n,2,298.78,2.52,D,0,VIIRS_NOAA20_SP
31.05124,75.23886,343.67,0.32,0.55,2023-10-20,724,N20,VIIRS,n,2,299.18,3.07,D,0,VIIRS_NOAA20_SP
31.06318,75.19894,339.3,0.32,0.55,2023-10-20,724,N20,VIIRS,n,2,299.03,3.24,D,0,VIIRS_NOAA20_SP
31.06321,75.1999,327.71,0.32,0.55,2023-10-20,724,N20,VIIRS,l,2,298.13,1.07,D,0,VIIRS_NOAA20_SP
30.85495,73.39597,330.08,0.42,0.61,2023-10-20,725,N20,VIIRS,n,2,297.92,1.92,D,0,VIIRS_NOAA20_SP
30.86614,73.42032,342.08,0.41,0.61,2023-10-20,725,N20,VIIRS,n,2,297.31,2.83,D,0,VIIRS_NOAA20_SP
30.86654,73.41931,332.82,0.42,0.61,2023-10-20,725,N20,VIIRS,n,2,297.31,2.09,D,0,VIIRS_NOAA20_SP
30.87446,73.87299,334.32,0.39,0.59,2023-10-20,725,N20,VIIRS,n,2,296.97,2.61,D,0,VIIRS_NOAA20_SP
30.89369,72.09153,332.4,0.49,0.65,2023-10-20,725,N20,VIIRS,n,2,291.83,3.47,D,0,VIIRS_NOAA20_SP
30.96556,74.03634,334.01,0.38,0.59,2023-10-20,725,N20,VIIRS,n,2,299.28,3.5,D,0,VIIRS_NOAA20_SP
31.18779,74.5458,344.24,0.35,0.57,2023-10-20,725,N20,VIIRS,n,2,298.67,3.67,D,0,VIIRS_NOAA20_SP
31.20449,73.53955,340.75,0.4,0.6,2023-10-20,725,N20,VIIRS,n,2,297.79,3.84,D,0,VIIRS_NOAA20_SP
31.2576,75.13058,333.42,0.32,0.55,2023-10-20,725,N20,VIIRS,n,2,298.44,1.54,D,0,VIIRS_NOAA20_SP
31.27164,74.6253,342.62,0.35,0.56,2023-10-20,725,N20,VIIRS,n,2,298.6,2.86,D,0,VIIRS_NOAA20_SP
31.33167,75.22163,333.85,0.32,0.54,2023-10-20,725,N20,VIIRS,n,2,299.0,4.04,D,0,VIIRS_NOAA20_SP
31.427,74.77811,341.02,0.34,0.56,2023-10-20,725,N20,VIIRS,n,2,298.41,2.68,D,0,VIIRS_NOAA20_SP
31.43342,74.82726,330.27,0.33,0.56,2023-10-20,725,N20,VIIRS,n,2,298.8,2.06,D,0,VIIRS_NOAA20_SP
31.56878,75.15599,328.39,0.63,0.54,2023-10-20,725,N20,VIIRS,n,2,298.42,3.26,D,0,VIIRS_NOAA20_SP
31.57988,74.82053,342.49,0.33,0.55,2023-10-20,725,N20,VIIRS,n,2,299.37,2.87,D,0,VIIRS_NOAA20_SP
31.58749,74.78532,346.43,0.33,0.55,2023-10-20,725,N20,VIIRS,n,2,299.74,3.5,D,0,VIIRS_NOAA20_SP
31.59497,74.77195,329.99,0.33,0.56,2023-10-20,725,N20,VIIRS,l,2,300.0,2.02,D,0,VIIRS_NOAA20_SP
31.686,74.73454,333.65,0.33,0.56,2023-10-20,725,N20,VIIRS,n,2,296.25,2.79,D,0,VIIRS_NOAA20_SP
31.70387,74.76523,329.17,0.33,0.55,2023-10-20,725,N20,VIIRS,n,2,297.93,2.0,D,0,VIIRS_NOAA20_SP
31.74199,74.72743,330.24,0.33,0.55,2023-10-20,725,N20,VIIRS,n,2,298.37,3.31,D,0,VIIRS_NOAA20_SP
31.87207,73.59927,349.27,0.38,0.59,2023-10-20,725,N20,VIIRS,n,2,297.8,7.4,D,0,VIIRS_NOAA20_SP
31.88193,73.52366,328.84,0.39,0.59,2023-10-20,725,N20,VIIRS,n,2,296.96,2.02,D,0,VIIRS_NOAA20_SP
31.88499,73.52399,331.71,0.39,0.59,2023-10-20,725,N20,VIIRS,n,2,296.52,2.99,D,0,VIIRS_NOAA20_SP
33.29203,71.1871,343.09,0.48,0.65,2023-10-20,725,N20,VIIRS,n,2,293.81,5.4,D,0,VIIRS_NOAA20_SP
33.29607,71.18434,353.06,0.48,0.65,2023-10-20,725,N20,VIIRS,n,2,293.6,7.72,D,0,VIIRS_NOAA20_SP
12.90095,76.80177,335.66,0.63,0.72,2023-10-20,900,N20,VIIRS,n,2,295.62,5.2,D,0,VIIRS_NOAA20_SP
12.90548,76.80027,331.46,0.63,0.72,2023-10-20,900,N20,VIIRS,n,2,294.8,6.89,D,0,VIIRS_NOAA20_SP
18.9713,71.62595,338.27,0.34,0.56,2023-10-20,902,N20,VIIRS,n,2,295.87,2.25,D,3,VIIRS_NOAA20_SP
19.56658,71.35496,350.7,0.33,0.55,2023-10-20,902,N20,VIIRS,n,2,296.29,4.47,D,3,VIIRS_NOAA20_SP
19.5669,71.35812,345.15,0.33,0.55,2023-10-20,902,N20,VIIRS,n,2,295.42,4.47,D,3,VIIRS_NOAA20_SP
21.00008,70.54568,331.67,0.61,0.53,2023-10-20,902,N20,VIIRS,l,2,305.59,1.31,D,0,VIIRS_NOAA20_SP
21.09971,72.63904,334.86,0.42,0.61,2023-10-20,902,N20,VIIRS,n,2,299.51,2.83,D,0,VIIRS_NOAA20_SP
21.10611,72.6466,330.1,0.42,0.61,2023-10-20,902,N20,VIIRS,n,2,298.32,4.01,D,2,VIIRS_NOAA20_SP
21.23725,73.05072,335.92,0.45,0.63,2023-10-20,902,N20,VIIRS,n,2,299.07,2.69,D,0,VIIRS_NOAA20_SP
22.92127,70.10579,341.03,0.6,0.53,2023-10-20,903,N20,VIIRS,n,2,308.19,5.58,D,0,VIIRS_NOAA20_SP
22.92387,70.10776,342.7,0.6,0.53,2023-10-20,903,N20,VIIRS,n,2,308.23,10.83,D,0,VIIRS_NOAA20_SP
23.16887,71.16925,344.0,0.35,0.57,2023-10-20,903,N20,VIIRS,n,2,305.56,3.01,D,0,VIIRS_NOAA20_SP
25.14935,72.19141,333.36,0.43,0.62,2023-10-20,903,N20,VIIRS,l,2,303.85,1.64,D,0,VIIRS_NOAA20_SP
25.27351,68.33426,332.46,0.5,0.49,2023-10-20,904,N20,VIIRS,l,2,306.74,2.23,D,0,VIIRS_NOAA20_SP
25.80509,69.26945,330.1,0.58,0.52,2023-10-20,904,N20,VIIRS,l,2,302.1,0.78,D,0,VIIRS_NOAA20_SP
25.95903,69.31286,335.33,0.58,0.52,2023-10-20,904,N20,VIIRS,n,2,303.24,1.86,D,0,VIIRS_NOAA20_SP
26.05511,68.1493,337.33,0.49,0.49,2023-10-20,904,N20,VIIRS,n,2,304.7,2.74,D,0,VIIRS_NOAA20_SP
26.0636,68.23411,339.98,0.5,0.49,2023-10-20,904,N20,VIIRS,n,2,303.61,4.73,D,0,VIIRS_NOAA20_SP
26.07627,69.22101,335.41,0.58,0.52,2023-10-20,904,N20,VIIRS,l,2,306.56,5.84,D,0,VIIRS_NOAA20_SP
26.07957,68.16644,338.34,0.5,0.49,2023-10-20,904,N20,VIIRS,n,2,303.19,3.13,D,0,VIIRS_NOAA20_SP
26.09141,68.88265,342.73,0.55,0.51,2023-10-20,904,N20,VIIRS,n,2,302.09,6.76,D,2,VIIRS_NOAA20_SP
26.69641,68.96791,336.66,0.56,0.52,2023-10-20,904,N20,VIIRS,n,2,304.82,4.27,D,0,VIIRS_NOAA20_SP
26.91649,68.9912,332.97,0.57,0.52,2023-10-20,904,N20,VIIRS,l,2,303.49,3.27,D,0,VIIRS_NOAA20_SP
27.15862,68.42194,331.75,0.53,0.5,2023-10-20,904,N20,VIIRS,n,2,302.01,3.14,D,0,VIIRS_NOAA20_SP
28.62759,70.03072,336.81,0.35,0.56,2023-10-20,904,N20,VIIRS,n,2,299.79,2.59,D,0,VIIRS_NOAA20_SP
29.25538,70.26842,330.78,0.36,0.58,2023-10-20,905,N20,VIIRS,n,2,299.48,1.49,D,0,VIIRS_NOAA20_SP
29.29885,70.27564,331.54,0.36,0.58,2023-10-20,905,N20,VIIRS,n,2,298.57,1.55,D,0,VIIRS_NOAA20_SP
29.32516,70.26934,332.97,0.36,0.58,2023-10-20,905,N20,VIIRS,n,2,299.01,1.6,D,0,VIIRS_NOAA20_SP
29.47803,70.41499,339.65,0.37,0.58,2023-10-20,905,N20,VIIRS,n,2,296.54,2.2,D,0,VIIRS_NOAA20_SP
29.53921,75.2644,336.28,0.73,0.76,2023-10-20,905,N20,VIIRS,n,2,295.78,6.38,D,0,VIIRS_NOAA20_SP
29.79589,75.25825,343.25,0.74,0.76,2023-10-20,905,N20,VIIRS,n,2,297.03,12.31,D,0,VIIRS_NOAA20_SP
29.86999,75.05417,343.49,0.72,0.75,2023-10-20,905,N20,VIIRS,n,2,294.1,11.64,D,0,VIIRS_NOAA20_SP
30.11175,75.78146,334.22,0.8,0.78,2023-10-20,905,N20,VIIRS,n,2,295.31,7.59,D,0,VIIRS_NOAA20_SP
30.16016,72.93297,338.85,0.54,0.68,2023-10-20,905,N20,VIIRS,n,2,290.32,4.49,D,0,VIIRS_NOAA20_SP
30.29444,73.38181,342.45,0.57,0.69,2023-10-20,905,N20,VIIRS,n,2,294.19,11.57,D,0,VIIRS_NOAA20_SP
30.29505,73.26731,331.66,0.56,0.69,2023-10-20,905,N20,VIIRS,n,2,292.54,4.24,D,0,VIIRS_NOAA20_SP
30.32811,69.03822,346.09,0.63,0.54,2023-10-20,905,N20,VIIRS,n,2,302.84,8.46,D,0,VIIRS_NOAA20_SP
30.42571,72.84869,335.72,0.53,0.67,2023-10-20,905,N20,VIIRS,n,2,291.04,2.85,D,0,VIIRS_NOAA20_SP
30.42762,72.84949,332.96,0.53,0.67,2023-10-20,905,N20,VIIRS,n,2,289.79,4.22,D,0,VIIRS_NOAA20_SP
30.42807,73.58148,334.1,0.59,0.7,2023-10-20,905,N20,VIIRS,n,2,296.01,5.07,D,0,VIIRS_NOAA20_SP
30.4488,73.46188,334.41,0.58,0.7,2023-10-20,905,N20,VIIRS,n,2,294.84,3.42,D,0,VIIRS_NOAA20_SP
30.45614,72.17161,331.51,0.49,0.65,2023-10-20,905,N20,VIIRS,n,2,291.83,3.14,D,0,VIIRS_NOAA20_SP
30.45677,73.50507,329.86,0.58,0.7,2023-10-20,905,N20,VIIRS,n,2,295.93,6.84,D,0,VIIRS_NOAA20_SP
30.45725,73.50474,329.18,0.59,0.7,2023-10-20,905,N20,VIIRS,n,2,295.8,5.18,D,0,VIIRS_NOAA20_SP
30.48654,73.45409,329.89,0.58,0.7,2023-10-20,905,N20,VIIRS,n,2,295.26,2.86,D,0,VIIRS_NOAA20_SP
30.48731,73.45352,330.32,0.58,0.7,2023-10-20,905,N20,VIIRS,n,2,295.16,3.47,D,0,VIIRS_NOAA20_SP
30.49492,73.61527,352.55,0.59,0.7,2023-10-20,905,N20,VIIRS,n,2,295.43,9.82,D,0,VIIRS_NOAA20_SP
30.49512,73.61565,352.05,0.59,0.7,2023-10-20,905,N20,VIIRS,n,2,295.22,8.99,D,0,VIIRS_NOAA20_SP
30.54027,73.60653,339.34,0.59,0.7,2023-10-20,905,N20,VIIRS,n,2,294.6,3.54,D,0,VIIRS_NOAA20_SP
30.64574,73.63331,328.89,0.6,0.7,2023-10-20,905,N20,VIIRS,n,2,295.37,2.72,D,0,VIIRS_NOAA20_SP
30.65429,73.81289,331.53,0.61,0.71,2023-10-20,905,N20,VIIRS,n,2,295.84,3.19,D,0,VIIRS_NOAA20_SP
30.74158,74.3924,327.97,0.66,0.73,2023-10-20,905,N20,VIIRS,n,2,294.72,2.99,D,0,VIIRS_NOAA20_SP
30.74287,75.36916,331.39,0.76,0.77,2023-10-20,905,N20,VIIRS,n,2,294.29,6.14,D,0,VIIRS_NOAA20_SP
30.74336,74.39267,330.01,0.66,0.73,2023-10-20,905,N20,VIIRS,n,2,294.41,4.56,D,0,VIIRS_NOAA20_SP
30.74667,75.36729,329.5,0.76,0.77,2023-10-20,905,N20,VIIRS,n,2,294.94,3.67,D,0,VIIRS_NOAA20_SP
30.75283,75.53927,330.37,0.78,0.78,2023-10-20,905,N20,VIIRS,n,2,294.19,5.93,D,0,VIIRS_NOAA20_SP
30.76283,73.7616,333.29,0.61,0.71,2023-10-20,905,N20,VIIRS,n,2,296.07,4.46,D,0,VIIRS_NOAA20_SP
30.82302,75.40717,328.82,0.76,0.77,2023-10-20,905,N20,VIIRS,n,2,294.74,4.97,D,0,VIIRS_NOAA20_SP
30.85936,74.52926,327.73,0.68,0.74,2023-10-20,905,N20,VIIRS,n,2,295.05,4.32,D,0,VIIRS_NOAA20_SP
30.8724,75.29134,333.98,0.75,0.77,2023-10-20,905,N20,VIIRS,n,2,294.17,4.98,D,0,VIIRS_NOAA20_SP
30.87616,75.29214,338.54,0.75,0.77,2023-10-20,905,N20,VIIRS,n,2,294.65,6.66,D,0,VIIRS_NOAA20_SP
30.94043,74.46879,332.48,0.67,0.74,2023-10-20,905,N20,VIIRS,n,2,295.07,3.6,D,0,VIIRS_NOAA20_SP
30.94367,74.55555,330.46,0.68,0.74,2023-10-20,905,N20,VIIRS,n,2,296.01,5.13,D,0,VIIRS_NOAA20_SP
30.94606,74.46796,338.85,0.67,0.74,2023-10-20,905,N20,VIIRS,n,2,295.44,7.09,D,0,VIIRS_NOAA20_SP
30.94668,74.64252,354.79,0.69,0.74,2023-10-20,905,N20,VIIRS,n,2,298.5,11.53,D,0,VIIRS_NOAA20_SP
30.9469,74.64333,367.0,0.69,0.74,2023-10-20,905,N20,VIIRS,h,2,298.39,11.44,D,0,VIIRS_NOAA20_SP
30.94983,74.55461,331.26,0.68,0.74,2023-10-20,905,N20,VIIRS,n,2,296.15,4.61,D,0,VIIRS_NOAA20_SP
30.9855,74.23299,329.75,0.65,0.73,2023-10-20,905,N20,VIIRS,n,2,297.57,4.87,D,0,VIIRS_NOAA20_SP
30.99663,74.17699,331.5,0.65,0.73,2023-10-20,905,N20,VIIRS,n,2,295.86,3.73,D,0,VIIRS_NOAA20_SP
31.03245,74.72027,334.05,0.7,0.75,2023-10-20,905,N20,VIIRS,n,2,294.42,5.1,D,0,VIIRS_NOAA20_SP
31.03308,74.7215,335.1,0.7,0.75,2023-10-20,905,N20,VIIRS,n,2,294.53,4.45,D,0,VIIRS_NOAA20_SP
31.07717,75.22147,327.26,0.75,0.77,2023-10-20,905,N20,VIIRS,n,2,295.36,6.36,D,0,VIIRS_NOAA20_SP
31.10503,73.71664,328.05,0.61,0.71,2023-10-20,905,N20,VIIRS,n,2,295.46,3.96,D,0,VIIRS_NOAA20_SP
31.15375,74.6232,329.13,0.69,0.74,2023-10-20,905,N20,VIIRS,n,2,295.12,3.63,D,0,VIIRS_NOAA20_SP
31.18166,74.62947,341.59,0.69,0.74,2023-10-20,905,N20,VIIRS,n,2,295.83,13.32,D,0,VIIRS_NOAA20_SP
31.2555,75.31847,345.69,0.76,0.77,2023-10-20,905,N20,VIIRS,n,2,295.41,8.62,D,0,VIIRS_NOAA20_SP
31.25845,75.31758,345.91,0.76,0.77,2023-10-20,905,N20,VIIRS,n,2,295.25,8.25,D,0,VIIRS_NOAA20_SP
31.348,75.2093,330.87,0.75,0.77,2023-10-20,905,N20,VIIRS,n,2,294.83,6.8,D,0,VIIRS_NOAA20_SP
31.37244,75.18597,328.0,0.75,0.77,2023-10-20,905,N20,VIIRS,n,2,294.27,6.32,D,0,VIIRS_NOAA20_SP
31.37564,75.18431,335.16,0.75,0.77,2023-10-20,905,N20,VIIRS,n,2,294.81,5.23,D,0,VIIRS_NOAA20_SP
31.40224,74.80096,336.89,0.71,0.75,2023-10-20,905,N20,VIIRS,n,2,296.45,7.56,D,0,VIIRS_NOAA20_SP
31.48656,70.9705,333.45,0.42,0.61,2023-10-20,905,N20,VIIRS,n,2,292.99,2.71,D,0,VIIRS_NOAA20_SP
31.55128,75.09894,337.69,0.74,0.76,2023-10-20,905,N20,VIIRS,n,2,295.53,10.77,D,0,VIIRS_NOAA20_SP
31.55553,75.10049,344.05,0.74,0.76,2023-10-20,905,N20,VIIRS,n,2,296.62,7.06,D,0,VIIRS_NOAA20_SP
31.59862,75.44104,331.27,0.78,0.78,2023-10-20,905,N20,VIIRS,n,2,296.24,4.19,D,0,VIIRS_NOAA20_SP
31.71503,74.65534,330.54,0.7,0.75,2023-10-20,905,N20,VIIRS,n,2,295.85,6.12,D,0,VIIRS_NOAA20_SP
31.90484,74.75503,329.32,0.71,0.75,2023-10-20,905,N20,VIIRS,n,2,294.52,3.97,D,0,VIIRS_NOAA20_SP
32.33698,73.73181,336.36,0.62,0.72,2023-10-20,905,N20,VIIRS,n,2,291.72,45.04,D,0,VIIRS_NOAA20_SP
35.98992,94.82933,303.58,0.46,0.39,2023-10-20,1946,N20,VIIRS,n,2,269.77,1.55,N,2,VIIRS_NOAA20_SP
36.99841,80.19111,295.46,0.36,0.58,2023-10-20,1946,N20,VIIRS,n,2,277.13,0.84,N,2,VIIRS_NOAA20_SP
27.15874,94.92858,300.8,0.43,0.46,2023-10-20,1948,N20,VIIRS,n,2,290.42,0.29,N,0,VIIRS_NOAA20_SP
27.31882,95.26318,301.15,0.45,0.47,2023-10-20,1948,N20,VIIRS,n,2,289.06,1.19,N,2,VIIRS_NOAA20_SP
27.47118,95.42201,313.24,0.46,0.47,2023-10-20,1948,N20,VIIRS,n,2,291.43,1.57,N,2,VIIRS_NOAA20_SP
27.53692,95.39958,302.85,0.45,0.47,2023-10-20,1948,N20,VIIRS,n,2,290.3,0.63,N,2,VIIRS_NOAA20_SP
27.60716,95.40378,310.17,0.45,0.47,2023-10-20,1948,N20,VIIRS,n,2,290.86,0.91,N,2,VIIRS_NOAA20_SP
27.60808,95.3993,302.12,0.45,0.47,2023-10-20,1948,N20,VIIRS,n,2,290.3,0.91,N,2,VIIRS_NOAA20_SP
28.77735,77.5638,307.1,0.43,0.62,2023-10-20,1948,N20,VIIRS,n,2,287.85,1.15,N,0,VIIRS_NOAA20_SP
29.08652,88.01051,312.24,0.39,0.36,2023-10-20,1948,N20,VIIRS,n,2,271.19,1.94,N,0,VIIRS_NOAA20_SP
29.22577,88.35119,314.26,0.39,0.36,2023-10-20,1948,N20,VIIRS,n,2,278.73,1.59,N,2,VIIRS_NOAA20_SP
29.37583,91.14932,300.85,0.41,0.37,2023-10-20,1948,N20,VIIRS,n,2,276.0,1.27,N,2,VIIRS_NOAA20_SP
29.65802,90.89876,301.27,0.4,0.37,2023-10-20,1948,N20,VIIRS,n,2,273.76,0.99,N,2,VIIRS_NOAA20_SP
29.90924,74.94477,312.96,0.64,0.72,2023-10-20,1948,N20,VIIRS,n,2,287.01,2.81,N,2,VIIRS_NOAA20_SP
29.90958,74.93807,312.22,0.64,0.72,2023-10-20,1948,N20,VIIRS,n,2,286.57,2.63,N,0,VIIRS_NOAA20_SP
29.91277,74.94624,301.62,0.64,0.72,2023-10-20,1948,N20,VIIRS,n,2,287.68,3.4,N,2,VIIRS_NOAA20_SP
29.91307,74.93952,330.84,0.64,0.72,2023-10-20,1948,N20,VIIRS,n,2,286.52,3.4,N,2,VIIRS_NOAA20_SP
23.98103,90.63791,307.94,0.44,0.38,2023-10-20,1949,N20,VIIRS,n,2,294.83,1.14,N,2,VIIRS_NOAA20_SP
23.98651,90.64794,306.38,0.44,0.39,2023-10-20,1949,N20,VIIRS,n,2,295.66,0.7,N,0,VIIRS_NOAA20_SP
24.41153,97.77409,296.11,0.37,0.58,2023-10-20,1949,N20,VIIRS,n,2,285.01,0.38,N,0,VIIRS_NOAA20_SP
24.45072,83.03957,304.37,0.54,0.42,2023-10-20,1949,N20,VIIRS,n,2,292.94,1.16,N,2,VIIRS_NOAA20_SP
24.54057,97.73642,299.32,0.36,0.58,2023-10-20,1949,N20,VIIRS,n,2,289.07,1.23,N,0,VIIRS_NOAA20_SP
25.23055,77.03683,301.64,0.43,0.62,2023-10-20,1949,N20,VIIRS,n,2,291.17,1.02,N,0,VIIRS_NOAA20_SP
25.23091,77.03252,311.93,0.43,0.62,2023-10-20,1949,N20,VIIRS,n,2,290.96,1.02,N,0,VIIRS_NOAA20_SP
25.89888,87.49577,305.62,0.39,0.36,2023-10-20,1949,N20,VIIRS,n,2,292.8,0.4,N,0,VIIRS_NOAA20_SP
26.06136,93.89185,305.32,0.4,0.44,2023-10-20,1949,N20,VIIRS,n,2,291.74,0.19,N,0,VIIRS_NOAA20_SP
26.08716,93.95111,302.3,0.4,0.44,2023-10-20,1949,N20,VIIRS,n,2,291.96,0.31,N,0,VIIRS_NOAA20_SP
26.45906,80.50098,300.2,0.54,0.5,2023-10-20,1949,N20,VIIRS,n,2,290.0,0.61,N,0,VIIRS_NOAA20_SP
26.76053,83.19785,304.81,0.56,0.43,2023-10-20,1949,N20,VIIRS,n,2,292.97,1.33,N,2,VIIRS_NOAA20_SP
20.51477,85.72405,310.85,0.39,0.36,2023-10-20,1950,N20,VIIRS,n,2,295.14,1.08,N,2,VIIRS_NOAA20_SP
20.76172,85.29164,313.22,0.4,0.37,2023-10-20,1950,N20,VIIRS,n,2,294.77,1.22,N,2,VIIRS_NOAA20_SP
20.78418,85.25604,312.49,0.4,0.37,2023-10-20,1950,N20,VIIRS,n,2,293.68,1.35,N,2,VIIRS_NOAA20_SP
20.78642,85.26428,312.94,0.4,0.37,2023-10-20,1950,N20,VIIRS,n,2,295.33,1.56,N,2,VIIRS_NOAA20_SP
20.78698,85.26044,314.93,0.4,0.37,2023-10-20,1950,N20,VIIRS,n,2,294.72,1.35,N,2,VIIRS_NOAA20_SP
20.78979,85.26485,313.93,0.4,0.37,2023-10-20,1950,N20,VIIRS,n,2,293.84,1.24,N,2,VIIRS_NOAA20_SP
20.79347,96.40083,300.44,0.36,0.57,2023-10-20,1950,N20,VIIRS,n,2,286.97,0.41,N,0,VIIRS_NOAA20_SP
20.79485,85.25391,341.05,0.4,0.37,2023-10-20,1950,N20,VIIRS,n,2,295.99,12.56,N,2,VIIRS_NOAA20_SP
20.79766,85.25832,313.44,0.4,0.37,2023-10-20,1950,N20,VIIRS,n,2,293.81,0.96,N,2,VIIRS_NOAA20_SP
20.80103,85.25887,305.78,0.4,0.37,2023-10-20,1950,N20,VIIRS,n,2,293.95,0.96,N,2,VIIRS_NOAA20_SP
20.80496,85.25558,309.55,0.4,0.37,2023-10-20,1950,N20,VIIRS,n,2,294.17,1.55,N,2,VIIRS_NOAA20_SP
20.80833,85.25613,320.09,0.4,0.37,2023-10-20,1950,N20,VIIRS,n,2,295.85,1.55,N,2,VIIRS_NOAA20_SP
20.86383,84.99545,310.16,0.41,0.37,2023-10-20,1950,N20,VIIRS,n,2,293.33,1.08,N,2,VIIRS_NOAA20_SP
20.8644,84.99156,306.63,0.41,0.37,2023-10-20,1950,N20,VIIRS,n,2,294.27,1.08,N,2,VIIRS_NOAA20_SP
20.86723,84.99602,308.14,0.41,0.37,2023-10-20,1950,N20,VIIRS,n,2,293.87,1.08,N,2,VIIRS_NOAA20_SP
20.86836,84.98827,312.92,0.41,0.37,2023-10-20,1950,N20,VIIRS,n,2,294.99,1.31,N,2,VIIRS_NOAA20_SP
20.8865,84.98318,313.73,0.41,0.37,2023-10-20,1950,N20,VIIRS,n,2,293.88,1.18,N,2,VIIRS_NOAA20_SP
20.89048,84.97984,309.33,0.41,0.37,2023-10-20,1950,N20,VIIRS,n,2,294.0,1.18,N,2,VIIRS_NOAA20_SP
20.92537,86.04108,307.46,0.39,0.36,2023-10-20,1950,N20,VIIRS,n,2,294.48,0.54,N,2,VIIRS_NOAA20_SP
20.94313,85.14718,310.39,0.41,0.37,2023-10-20,1950,N20,VIIRS,n,2,292.96,1.27,N,0,VIIRS_NOAA20_SP
20.94357,86.05564,314.38,0.39,0.36,2023-10-20,1950,N20,VIIRS,n,2,295.13,1.89,N,2,VIIRS_NOAA20_SP
20.95132,86.04937,321.34,0.39,0.36,2023-10-20,1950,N20,VIIRS,n,2,296.25,6.96,N,2,VIIRS_NOAA20_SP
20.95189,86.04566,329.1,0.39,0.36,2023-10-20,1950,N20,VIIRS,n,2,293.97,5.35,N,2,VIIRS_NOAA20_SP
20.95568,85.01354,318.99,0.41,0.37,2023-10-20,1950,N20,VIIRS,n,2,294.81,2.01,N,2,VIIRS_NOAA20_SP
20.95681,85.00571,304.32,0.41,0.37,2023-10-20,1950,N20,VIIRS,n,2,293.8,1.49,N,2,VIIRS_NOAA20_SP
20.95724,85.14553,304.5,0.41,0.37,2023-10-20,1950,N20,VIIRS,n,2,293.42,1.0,N,2,VIIRS_NOAA20_SP
20.95944,85.1777,306.61,0.41,0.37,2023-10-20,1950,N20,VIIRS,n,2,294.78,1.79,N,2,VIIRS_NOAA20_SP
20.96001,85.17383,307.8,0.41,0.37,2023-10-20,1950,N20,VIIRS,n,2,294.35,1.79,N,2,VIIRS_NOAA20_SP
20.96115,85.16607,307.46,0.41,0.37,2023-10-20,1950,N20,VIIRS,n,2,294.13,1.81,N,2,VIIRS_NOAA20_SP
20.96282,85.17826,325.51,0.41,0.37,2023-10-20,1950,N20,VIIRS,n,2,296.68,1.79,N,2,VIIRS_NOAA20_SP
20.96339,85.17439,332.93,0.41,0.37,2023-10-20,1950,N20,VIIRS,n,2,297.07,1.79,N,2,VIIRS_NOAA20_SP
20.96396,85.17051,326.99,0.41,0.37,2023-10-20,1950,N20,VIIRS,n,2,297.29,1.81,N,2,VIIRS_NOAA20_SP
20.96454,85.16663,319.6,0.41,0.37,2023-10-20,1950,N20,VIIRS,n,2,295.7,1.81,N,2,VIIRS_NOAA20_SP
20.96474,86.00591,316.06,0.39,0.36,2023-10-20,1950,N20,VIIRS,n,2,294.25,1.05,N,2,VIIRS_NOAA20_SP
20.96506,85.18656,307.32,0.41,0.37,2023-10-20,1950,N20,VIIRS,n,2,294.08,0.83,N,2,VIIRS_NOAA20_SP
20.9662,85.17883,324.43,0.41,0.37,2023-10-20,1950,N20,VIIRS,n,2,295.24,3.1,N,2,VIIRS_NOAA20_SP
20.96625,85.15498,305.3,0.41,0.37,2023-10-20,1950,N20,VIIRS,n,2,294.4,1.81,N,2,VIIRS_NOAA20_SP
20.96749,86.01019,311.64,0.39,0.36,2023-10-20,1950,N20,VIIRS,n,2,295.07,1.05,N,2,VIIRS_NOAA20_SP
20.96906,85.15942,306.29,0.41,0.37,2023-10-20,1950,N20,VIIRS,n,2,294.83,1.56,N,2,VIIRS_NOAA20_SP
20.96927,85.01577,344.39,0.41,0.37,2023-10-20,1950,N20,VIIRS,n,2,297.36,10.34,N,0,VIIRS_NOAA20_SP
20.97016,85.17551,337.99,0.41,0.37,2023-10-20,1950,N20,VIIRS,n,2,296.5,3.1,N,2,VIIRS_NOAA20_SP
20.97025,86.01448,305.06,0.39,0.36,2023-10-20,1950,N20,VIIRS,n,2,294.2,1.27,N,2,VIIRS_NOAA20_SP
20.9713,85.16774,315.71,0.41,0.37,2023-10-20,1950,N20,VIIRS,n,2,295.61,3.15,N,2,VIIRS_NOAA20_SP
20.97194,86.00331,319.62,0.39,0.36,2023-10-20,1950,N20,VIIRS,n,2,295.67,1.97,N,2,VIIRS_NOAA20_SP
20.97468,85.16829,308.3,0.41,0.37,2023-10-20,1950,N20,VIIRS,n,2,295.59,2.03,N,2,VIIRS_NOAA20_SP
20.97526,86.00389,326.77,0.39,0.36,2023-10-20,1950,N20,VIIRS,n,2,294.99,1.97,N,2,VIIRS_NOAA20_SP
20.97588,85.13668,320.55,0.41,0.37,2023-10-20,1950,N20,VIIRS,n,2,295.28,2.11,N,2,VIIRS_NOAA20_SP
20.97812,85.14501,320.3,0.41,0.37,2023-10-20,1950,N20,VIIRS,n,2,294.55,2.12,N,2,VIIRS_NOAA20_SP
20.97926,85.13724,306.99,0.41,0.37,2023-10-20,1950,N20,VIIRS,n,2,295.19,1.16,N,2,VIIRS_NOAA20_SP
21.00217,86.02642,304.5,0.39,0.36,2023-10-20,1950,N20,VIIRS,n,2,293.98,0.42,N,0,VIIRS_NOAA20_SP
21.06803,85.03548,311.54,0.41,0.37,2023-10-20,1950,N20,VIIRS,n,2,295.74,1.27,N,0,VIIRS_NOAA20_SP
21.07143,85.03604,314.83,0.41,0.37,2023-10-20,1950,N20,VIIRS,n,2,296.05,1.27,N,2,VIIRS_NOAA20_SP
21.07708,85.045,318.0,0.41,0.37,2023-10-20,1950,N20,VIIRS,n,2,295.27,2.15,N,2,VIIRS_NOAA20_SP
21.07765,85.04108,325.16,0.41,0.37,2023-10-20,1950,N20,VIIRS,n,2,295.54,2.15,N,2,VIIRS_NOAA20_SP
21.07822,85.03716,307.02,0.41,0.37,2023-10-20,1950,N20,VIIRS,n,2,296.56,2.18,N,2,VIIRS_NOAA20_SP
21.08162,85.03771,309.31,0.41,0.37,2023-10-20,1950,N20,VIIRS,n,2,295.79,1.33,N,2,VIIRS_NOAA20_SP
21.24755,79.22079,315.2,0.56,0.51,2023-10-20,1950,N20,VIIRS,n,2,293.91,1.52,N,2,VIIRS_NOAA20_SP
21.29791,81.60429,305.48,0.4,0.44,2023-10-20,1950,N20,VIIRS,n,2,288.93,0.64,N,0,VIIRS_NOAA20_SP
21.32601,81.57714,298.49,0.4,0.44,2023-10-20,1950,N20,VIIRS,n,2,284.63,0.68,N,0,VIIRS_NOAA20_SP
21.34831,81.6618,317.54,0.39,0.44,2023-10-20,1950,N20,VIIRS,n,2,291.2,2.3,N,0,VIIRS_NOAA20_SP
21.37555,81.68027,309.16,0.39,0.44,2023-10-20,1950,N20,VIIRS,n,2,291.33,1.22,N,2,VIIRS_NOAA20_SP
21.37959,81.68084,307.04,0.39,0.44,2023-10-20,1950,N20,VIIRS,n,2,293.48,1.34,N,2,VIIRS_NOAA20_SP
21.38284,81.65422,306.94,0.39,0.44,2023-10-20,1950,N20,VIIRS,n,2,290.58,1.05,N,0,VIIRS_NOAA20_SP
21.48873,81.76925,313.92,0.39,0.44,2023-10-20,1950,N20,VIIRS,n,2,293.88,1.75,N,2,VIIRS_NOAA20_SP
21.67369,82.07893,307.41,0.56,0.43,2023-10-20,1950,N20,VIIRS,n,2,294.18,1.21,N,2,VIIRS_NOAA20_SP
21.67932,84.03783,327.71,0.45,0.39,2023-10-20,1950,N20,VIIRS,n,2,296.17,4.41,N,2,VIIRS_NOAA20_SP
21.68226,84.04272,308.19,0.45,0.39,2023-10-20,1950,N20,VIIRS,n,2,294.18,1.02,N,2,VIIRS_NOAA20_SP
21.69772,84.03004,305.8,0.45,0.39,2023-10-20,1950,N20,VIIRS,n,2,293.88,0.9,N,2,VIIRS_NOAA20_SP
21.69829,84.03201,306.8,0.45,0.39,2023-10-20,1950,N20,VIIRS,n,2,293.87,1.16,N,2,VIIRS_NOAA20_SP
21.71432,84.04155,303.37,0.45,0.39,2023-10-20,1950,N20,VIIRS,n,2,293.07,0.92,N,0,VIIRS_NOAA20_SP
21.75284,84.0256,307.41,0.45,0.39,2023-10-20,1950,N20,VIIRS,n,2,293.13,1.15,N,2,VIIRS_NOAA20_SP
21.75597,83.84253,307.16,0.46,0.39,2023-10-20,1950,N20,VIIRS,n,2,294.74,2.31,N,2,VIIRS_NOAA20_SP
21.757,84.0218,310.67,0.45,0.39,2023-10-20,1950,N20,VIIRS,n,2,296.47,2.35,N,2,VIIRS_NOAA20_SP
21.75956,83.84309,325.16,0.46,0.39,2023-10-20,1950,N20,VIIRS,n,2,295.6,2.31,N,2,VIIRS_NOAA20_SP
21.76472,84.0186,318.03,0.45,0.39,2023-10-20,1950,N20,VIIRS,n,2,296.48,4.09,N,2,VIIRS_NOAA20_SP
21.76767,84.02351,317.14,0.45,0.39,2023-10-20,1950,N20,VIIRS,n,2,294.07,2.24,N,2,VIIRS_NOAA20_SP
21.76828,84.01917,323.79,0.45,0.39,2023-10-20,1950,N20,VIIRS,n,2,296.7,2.24,N,2,VIIRS_NOAA20_SP
21.77572,83.83213,305.96,0.46,0.39,2023-10-20,1950,N20,VIIRS,n,2,294.53,1.27,N,2,VIIRS_NOAA20_SP
21.7823,83.83765,310.04,0.46,0.39,2023-10-20,1950,N20,VIIRS,n,2,294.75,2.26,N,2,VIIRS_NOAA20_SP
21.80849,83.88695,306.97,0.46,0.39,2023-10-20,1950,N20,VIIRS,n,2,293.53,0.69,N,2,VIIRS_NOAA20_SP
21.81817,83.99367,304.3,0.45,0.39,2023-10-20,1950,N20,VIIRS,n,2,293.58,0.82,N,2,VIIRS_NOAA20_SP
21.87725,83.49498,306.23,0.48,0.4,2023-10-20,1950,N20,VIIRS,n,2,293.18,1.25,N,2,VIIRS_NOAA20_SP
21.87757,83.49314,303.8,0.48,0.4,2023-10-20,1950,N20,VIIRS,n,2,292.44,0.82,N,2,VIIRS_NOAA20_SP
21.88033,83.55647,306.21,0.47,0.4,2023-10-20,1950,N20,VIIRS,n,2,292.89,0.87,N,2,VIIRS_NOAA20_SP
21.92249,83.3503,331.37,0.49,0.4,2023-10-20,1950,N20,VIIRS,n,2,300.84,5.04,N,2,VIIRS_NOAA20_SP
21.92803,83.33677,325.34,0.49,0.4,2023-10-20,1950,N20,VIIRS,n,2,296.51,2.92,N,2,VIIRS_NOAA20_SP
21.92995,85.22041,322.4,0.41,0.37,2023-10-20,1950,N20,VIIRS,n,2,293.45,2.16,N,2,VIIRS_NOAA20_SP
21.9691,85.31455,301.92,0.41,0.37,2023-10-20,1950,N20,VIIRS,n,2,291.29,0.69,N,2,VIIRS_NOAA20_SP
21.98377,83.22952,306.18,0.49,0.41,2023-10-20,1950,N20,VIIRS,n,2,294.72,1.0,N,2,VIIRS_NOAA20_SP
21.98748,83.23009,304.62,0.49,0.41,2023-10-20,1950,N20,VIIRS,n,2,294.38,1.0,N,2,VIIRS_NOAA20_SP
22.00645,82.67066,315.38,0.53,0.42,2023-10-20,1950,N20,VIIRS,n,2,294.43,3.92,N,2,VIIRS_NOAA20_SP
22.01769,83.75195,314.4,0.47,0.39,2023-10-20,1950,N20,VIIRS,n,2,293.3,1.48,N,0,VIIRS_NOAA20_SP
22.02305,83.3777,310.43,0.49,0.4,2023-10-20,1950,N20,VIIRS,n,2,293.24,1.4,N,2,VIIRS_NOAA20_SP
22.03227,83.36479,304.47,0.49,0.4,2023-10-20,1950,N20,VIIRS,n,2,293.19,1.41,N,2,VIIRS_NOAA20_SP
22.03781,83.35134,310.7,0.49,0.4,2023-10-20,1950,N20,VIIRS,n,2,293.63,1.88,N,2,VIIRS_NOAA20_SP
22.04185,83.73733,319.39,0.47,0.4,2023-10-20,1950,N20,VIIRS,n,2,296.49,2.01,N,2,VIIRS_NOAA20_SP
22.04247,83.73281,310.61,0.47,0.4,2023-10-20,1950,N20,VIIRS,n,2,294.77,2.01,N,2,VIIRS_NOAA20_SP
22.04609,83.73337,306.76,0.47,0.4,2023-10-20,1950,N20,VIIRS,n,2,294.38,1.09,N,2,VIIRS_NOAA20_SP
22.05027,88.10324,310.29,0.39,0.36,2023-10-20,1950,N20,VIIRS,n,2,296.07,0.95,N,2,VIIRS_NOAA20_SP
22.05326,88.12689,321.74,0.39,0.36,2023-10-20,1950,N20,VIIRS,n,2,298.6,2.28,N,2,VIIRS_NOAA20_SP
22.05386,88.12315,314.05,0.39,0.36,2023-10-20,1950,N20,VIIRS,n,2,300.63,2.28,N,2,VIIRS_NOAA20_SP
22.05597,85.46452,309.94,0.4,0.37,2023-10-20,1950,N20,VIIRS,n,2,292.69,1.14,N,2,VIIRS_NOAA20_SP
22.05819,83.72607,309.0,0.47,0.4,2023-10-20,1950,N20,VIIRS,n,2,294.55,1.58,N,2,VIIRS_NOAA20_SP
22.05898,88.11256,311.96,0.39,0.36,2023-10-20,1950,N20,VIIRS,n,2,294.48,0.91,N,0,VIIRS_NOAA20_SP
22.05939,83.72437,310.23,0.47,0.4,2023-10-20,1950,N20,VIIRS,n,2,294.63,1.33,N,2,VIIRS_NOAA20_SP
22.06446,88.12105,307.83,0.39,0.36,2023-10-20,1950,N20,VIIRS,n,2,294.11,0.51,N,2,VIIRS_NOAA20_SP
22.09667,85.35114,303.41,0.41,0.37,2023-10-20,1950,N20,VIIRS,n,2,291.48,0.84,N,0,VIIRS_NOAA20_SP
22.10475,83.52147,314.65,0.48,0.4,2023-10-20,1950,N20,VIIRS,n,2,293.04,1.5,N,0,VIIRS_NOAA20_SP
22.10648,83.11819,303.99,0.5,0.41,2023-10-20,1950,N20,VIIRS,n,2,293.38,1.01,N,0,VIIRS_NOAA20_SP
22.10841,83.52203,311.83,0.48,0.4,2023-10-20,1950,N20,VIIRS,n,2,294.66,1.52,N,0,VIIRS_NOAA20_SP
22.1321,85.41739,302.58,0.41,0.37,2023-10-20,1950,N20,VIIRS,n,2,291.48,0.62,N,2,VIIRS_NOAA20_SP
22.1688,85.43395,303.41,0.41,0.37,2023-10-20,1950,N20,VIIRS,n,2,290.95,0.37,N,2,VIIRS_NOAA20_SP
22.18658,82.12177,300.81,0.57,0.43,2023-10-20,1950,N20,VIIRS,n,2,290.71,0.53,N,0,VIIRS_NOAA20_SP
22.2081,84.86945,305.04,0.42,0.38,2023-10-20,1950,N20,VIIRS,n,2,294.01,0.9,N,2,VIIRS_NOAA20_SP
22.20927,84.86127,311.2,0.42,0.38,2023-10-20,1950,N20,VIIRS,n,2,294.3,1.27,N,2,VIIRS_NOAA20_SP
22.21038,84.87816,307.0,0.42,0.38,2023-10-20,1950,N20,VIIRS,n,2,293.16,1.83,N,2,VIIRS_NOAA20_SP
22.21213,84.86592,306.39,0.42,0.38,2023-10-20,1950,N20,VIIRS,n,2,293.73,1.39,N,2,VIIRS_NOAA20_SP
22.21272,84.86184,310.59,0.42,0.38,2023-10-20,1950,N20,VIIRS,n,2,294.59,1.33,N,2,VIIRS_NOAA20_SP
22.215,84.87057,323.87,0.42,0.38,2023-10-20,1950,N20,VIIRS,n,2,295.14,1.39,N,2,VIIRS_NOAA20_SP
22.21558,84.86648,303.94,0.42,0.38,2023-10-20,1950,N20,VIIRS,n,2,293.43,1.39,N,2,VIIRS_NOAA20_SP
22.22391,84.75887,305.29,0.43,0.38,2023-10-20,1950,N20,VIIRS,n,2,292.81,1.01,N,2,VIIRS_NOAA20_SP
22.24337,87.38683,321.03,0.38,0.36,2023-10-20,1950,N20,VIIRS,n,2,294.55,1.55,N,2,VIIRS_NOAA20_SP
22.26455,75.12909,306.99,0.53,0.67,2023-10-20,1950,N20,VIIRS,n,2,290.7,1.23,N,2,VIIRS_NOAA20_SP
22.26975,75.12807,304.86,0.53,0.67,2023-10-20,1950,N20,VIIRS,n,2,291.19,1.8,N,2,VIIRS_NOAA20_SP
22.32215,82.56436,308.02,0.54,0.42,2023-10-20,1950,N20,VIIRS,n,2,295.3,1.83,N,0,VIIRS_NOAA20_SP
22.32385,82.5608,304.17,0.54,0.42,2023-10-20,1950,N20,VIIRS,n,2,293.8,0.98,N,0,VIIRS_NOAA20_SP
22.32512,82.60188,308.77,0.54,0.42,2023-10-20,1950,N20,VIIRS,n,2,292.36,1.36,N,0,VIIRS_NOAA20_SP
22.32705,82.5984,308.44,0.54,0.42,2023-10-20,1950,N20,VIIRS,n,2,293.27,2.37,N,2,VIIRS_NOAA20_SP
22.32824,82.68287,312.91,0.53,0.42,2023-10-20,1950,N20,VIIRS,n,2,293.46,1.89,N,2,VIIRS_NOAA20_SP
22.33148,82.65715,306.48,0.53,0.42,2023-10-20,1950,N20,VIIRS,n,2,293.62,1.73,N,2,VIIRS_NOAA20_SP
22.33163,82.5299,304.3,0.54,0.42,2023-10-20,1950,N20,VIIRS,n,2,293.27,0.9,N,2,VIIRS_NOAA20_SP
22.33213,82.65203,316.84,0.53,0.42,2023-10-20,1950,N20,VIIRS,n,2,294.59,1.73,N,2,VIIRS_NOAA20_SP
22.35735,87.2893,310.77,0.38,0.36,2023-10-20,1950,N20,VIIRS,n,2,296.17,1.24,N,2,VIIRS_NOAA20_SP
22.36271,87.01663,316.83,0.38,0.36,2023-10-20,1950,N20,VIIRS,n,2,296.24,1.46,N,2,VIIRS_NOAA20_SP
22.36547,87.30217,319.29,0.38,0.36,2023-10-20,1950,N20,VIIRS,n,2,298.03,2.05,N,2,VIIRS_NOAA20_SP
22.36601,87.01722,323.27,0.38,0.36,2023-10-20,1950,N20,VIIRS,n,2,297.32,2.3,N,2,VIIRS_NOAA20_SP
22.36605,87.29848,311.15,0.38,0.36,2023-10-20,1950,N20,VIIRS,n,2,295.42,1.54,N,2,VIIRS_NOAA20_SP
22.36876,87.30277,310.17,0.38,0.36,2023-10-20,1950,N20,VIIRS,n,2,295.8,1.23,N,2,VIIRS_NOAA20_SP
22.36934,87.29908,337.04,0.38,0.36,2023-10-20,1950,N20,VIIRS,n,2,297.14,3.39,N,2,VIIRS_NOAA20_SP
22.37881,87.2818,315.03,0.38,0.36,2023-10-20,1950,N20,VIIRS,n,2,297.09,1.59,N,2,VIIRS_NOAA20_SP
22.37939,87.27811,313.23,0.38,0.36,2023-10-20,1950,N20,VIIRS,n,2,294.94,1.31,N,2,VIIRS_NOAA20_SP
22.47507,91.73191,306.25,0.52,0.41,2023-10-20,1950,N20,VIIRS,n,2,294.94,1.34,N,2,VIIRS_NOAA20_SP
22.58933,85.90337,316.42,0.4,0.37,2023-10-20,1950,N20,VIIRS,n,2,295.15,1.49,N,2,VIIRS_NOAA20_SP
22.59268,85.90394,310.26,0.4,0.37,2023-10-20,1950,N20,VIIRS,n,2,294.65,1.49,N,2,VIIRS_NOAA20_SP
22.78592,86.20215,313.5,0.39,0.36,2023-10-20,1950,N20,VIIRS,n,2,296.46,2.36,N,2,VIIRS_NOAA20_SP
22.78867,86.20654,306.74,0.39,0.36,2023-10-20,1950,N20,VIIRS,n,2,295.77,1.28,N,2,VIIRS_NOAA20_SP
22.78925,86.20273,305.84,0.39,0.36,2023-10-20,1950,N20,VIIRS,n,2,295.35,1.28,N,2,VIIRS_NOAA20_SP
22.78982,86.19892,340.45,0.39,0.36,2023-10-20,1950,N20,VIIRS,n,2,297.68,3.43,N,2,VIIRS_NOAA20_SP
22.79039,86.1951,309.31,0.39,0.36,2023-10-20,1950,N20,VIIRS,n,2,295.73,3.43,N,2,VIIRS_NOAA20_SP
22.79143,86.2109,323.8,0.39,0.36,2023-10-20,1950,N20,VIIRS,n,2,294.88,2.29,N,2,VIIRS_NOAA20_SP
22.79592,86.1996,323.71,0.39,0.36,2023-10-20,1950,N20,VIIRS,n,2,295.62,1.56,N,2,VIIRS_NOAA20_SP
22.79812,86.20777,318.59,0.39,0.36,2023-10-20,1950,N20,VIIRS,n,2,295.93,1.96,N,2,VIIRS_NOAA20_SP
22.79868,86.20396,320.94,0.39,0.36,2023-10-20,1950,N20,VIIRS,n,2,294.84,1.96,N,2,VIIRS_NOAA20_SP
22.79917,86.09097,305.71,0.4,0.37,2023-10-20,1950,N20,VIIRS,n,2,294.88,1.68,N,2,VIIRS_NOAA20_SP
22.79925,86.20017,307.63,0.39,0.36,2023-10-20,1950,N20,VIIRS,n,2,295.71,1.56,N,2,VIIRS_NOAA20_SP
22.81618,86.08568,305.51,0.4,0.37,2023-10-20,1950,N20,VIIRS,n,2,293.14,1.08,N,2,VIIRS_NOAA20_SP
22.81952,86.08625,305.07,0.4,0.37,2023-10-20,1950,N20,VIIRS,n,2,293.01,0.58,N,2,VIIRS_NOAA20_SP
22.85803,86.05753,309.77,0.4,0.37,2023-10-20,1950,N20,VIIRS,n,2,294.2,0.74,N,2,VIIRS_NOAA20_SP
22.87417,86.06425,303.85,0.4,0.37,2023-10-20,1950,N20,VIIRS,n,2,293.64,1.07,N,2,VIIRS_NOAA20_SP
22.87474,86.06043,317.83,0.4,0.37,2023-10-20,1950,N20,VIIRS,n,2,294.07,1.07,N,2,VIIRS_NOAA20_SP
23.16887,82.34202,301.9,0.57,0.43,2023-10-20,1950,N20,VIIRS,n,2,291.66,1.58,N,2,VIIRS_NOAA20_SP
23.48204,87.35967,308.43,0.38,0.36,2023-10-20,1950,N20,VIIRS,n,2,294.9,0.7,N,2,VIIRS_NOAA20_SP
23.48262,87.35594,303.69,0.38,0.36,2023-10-20,1950,N20,VIIRS,n,2,293.51,0.7,N,2,VIIRS_NOAA20_SP
23.54899,86.54562,303.66,0.39,0.36,2023-10-20,1950,N20,VIIRS,n,2,293.22,0.64,N,2,VIIRS_NOAA20_SP
23.54956,86.54182,303.87,0.39,0.36,2023-10-20,1950,N20,VIIRS,n,2,292.24,0.64,N,2,VIIRS_NOAA20_SP
23.55126,87.24479,323.07,0.38,0.36,2023-10-20,1950,N20,VIIRS,n,2,295.95,2.05,N,3,VIIRS_NOAA20_SP
23.55513,87.24165,316.27,0.38,0.36,2023-10-20,1950,N20,VIIRS,n,2,295.51,2.34,N,2,VIIRS_NOAA20_SP
23.55842,87.24225,307.96,0.38,0.36,2023-10-20,1950,N20,VIIRS,n,2,293.02,2.34,N,2,VIIRS_NOAA20_SP
23.559,87.23852,329.88,0.38,0.36,2023-10-20,1950,N20,VIIRS,n,2,294.66,2.34,N,2,VIIRS_NOAA20_SP
23.56016,87.23104,332.61,0.38,0.36,2023-10-20,1950,N20,VIIRS,n,2,293.88,4.41,N,2,VIIRS_NOAA20_SP
23.56287,87.08157,309.0,0.39,0.36,2023-10-20,1950,N20,VIIRS,n,2,293.41,0.91,N,0,VIIRS_NOAA20_SP
23.56502,87.08965,305.32,0.39,0.36,2023-10-20,1950,N20,VIIRS,n,2,294.42,0.8,N,2,VIIRS_NOAA20_SP
23.61418,86.78958,314.59,0.39,0.36,2023-10-20,1950,N20,VIIRS,n,2,294.96,2.07,N,2,VIIRS_NOAA20_SP
23.63392,86.29762,304.49,0.4,0.37,2023-10-20,1950,N20,VIIRS,n,2,292.61,0.89,N,2,VIIRS_NOAA20_SP
23.63449,86.29377,304.26,0.4,0.37,2023-10-20,1950,N20,VIIRS,n,2,292.47,1.18,N,2,VIIRS_NOAA20_SP
23.65034,85.56865,305.77,0.41,0.37,2023-10-20,1950,N20,VIIRS,n,2,292.5,0.84,N,2,VIIRS_NOAA20_SP
23.66341,85.55033,300.92,0.41,0.37,2023-10-20,1950,N20,VIIRS,n,2,290.46,0.33,N,0,VIIRS_NOAA20_SP
23.66364,86.91071,306.59,0.39,0.36,2023-10-20,1950,N20,VIIRS,n,2,293.39,0.77,N,2,VIIRS_NOAA20_SP
23.66537,86.92197,303.06,0.39,0.36,2023-10-20,1950,N20,VIIRS,n,2,292.92,0.76,N,2,VIIRS_NOAA20_SP
23.66595,86.9182,305.86,0.39,0.36,2023-10-20,1950,N20,VIIRS,n,2,294.35,0.76,N,2,VIIRS_NOAA20_SP
23.66799,84.99856,305.32,0.43,0.38,2023-10-20,1950,N20,VIIRS,n,2,291.91,0.82,N,2,VIIRS_NOAA20_SP
23.66857,84.99439,301.14,0.43,0.38,2023-10-20,1950,N20,VIIRS,n,2,289.92,0.82,N,2,VIIRS_NOAA20_SP
23.66953,86.42088,313.23,0.39,0.36,2023-10-20,1950,N20,VIIRS,n,2,294.81,1.38,N,2,VIIRS_NOAA20_SP
23.6701,86.41705,304.41,0.39,0.36,2023-10-20,1950,N20,VIIRS,n,2,292.61,0.98,N,0,VIIRS_NOAA20_SP
23.67205,84.99496,305.12,0.43,0.38,2023-10-20,1950,N20,VIIRS,n,2,291.26,0.82,N,2,VIIRS_NOAA20_SP
23.67295,86.39787,305.85,0.39,0.36,2023-10-20,1950,N20,VIIRS,n,2,294.01,0.89,N,2,VIIRS_NOAA20_SP
23.67557,86.08675,313.06,0.4,0.37,2023-10-20,1950,N20,VIIRS,n,2,294.22,1.46,N,2,VIIRS_NOAA20_SP
23.67571,86.4023,308.89,0.39,0.36,2023-10-20,1950,N20,VIIRS,n,2,297.58,2.2,N,2,VIIRS_NOAA20_SP
23.67685,86.39465,309.32,0.39,0.36,2023-10-20,1950,N20,VIIRS,n,2,293.64,1.35,N,2,VIIRS_NOAA20_SP
23.6795,86.08344,310.46,0.4,0.37,2023-10-20,1950,N20,VIIRS,n,2,294.65,1.46,N,2,VIIRS_NOAA20_SP
23.68075,86.39139,317.74,0.39,0.36,2023-10-20,1950,N20,VIIRS,n,2,295.86,1.35,N,2,VIIRS_NOAA20_SP
23.68327,86.09482,322.25,0.4,0.37,2023-10-20,1950,N20,VIIRS,n,2,292.7,1.84,N,2,VIIRS_NOAA20_SP
23.68351,86.39582,313.88,0.39,0.36,2023-10-20,1950,N20,VIIRS,n,2,293.59,1.84,N,2,VIIRS_NOAA20_SP
23.68383,86.09093,312.45,0.4,0.37,2023-10-20,1950,N20,VIIRS,n,2,294.14,1.84,N,2,VIIRS_NOAA20_SP
23.68408,86.39198,324.66,0.39,0.36,2023-10-20,1950,N20,VIIRS,n,2,295.54,1.84,N,2,VIIRS_NOAA20_SP
23.68741,86.39258,322.93,0.39,0.36,2023-10-20,1950,N20,VIIRS,n,2,295.58,1.84,N,2,VIIRS_NOAA20_SP
23.68799,86.38873,311.48,0.39,0.36,2023-10-20,1950,N20,VIIRS,n,2,295.8,1.93,N,2,VIIRS_NOAA20_SP
23.68904,87.09998,307.3,0.39,0.36,2023-10-20,1950,N20,VIIRS,n,2,294.68,1.22,N,2,VIIRS_NOAA20_SP
23.68946,87.11933,317.34,0.39,0.36,2023-10-20,1950,N20,VIIRS,n,2,294.48,1.14,N,2,VIIRS_NOAA20_SP
23.68962,87.09624,307.78,0.39,0.36,2023-10-20,1950,N20,VIIRS,n,2,295.36,0.89,N,2,VIIRS_NOAA20_SP
23.69132,86.38932,309.19,0.39,0.36,2023-10-20,1950,N20,VIIRS,n,2,295.58,1.09,N,2,VIIRS_NOAA20_SP
23.69218,87.12367,310.58,0.39,0.36,2023-10-20,1950,N20,VIIRS,n,2,294.54,2.4,N,2,VIIRS_NOAA20_SP
23.69275,87.11993,314.18,0.39,0.36,2023-10-20,1950,N20,VIIRS,n,2,295.16,1.14,N,2,VIIRS_NOAA20_SP
23.69333,87.11617,311.82,0.39,0.36,2023-10-20,1950,N20,VIIRS,n,2,294.95,1.14,N,2,VIIRS_NOAA20_SP
23.69391,87.11243,304.11,0.39,0.36,2023-10-20,1950,N20,VIIRS,n,2,293.61,0.87,N,2,VIIRS_NOAA20_SP
23.69448,87.10868,304.2,0.39,0.36,2023-10-20,1950,N20,VIIRS,n,2,293.35,0.87,N,2,VIIRS_NOAA20_SP
23.69506,87.10493,303.96,0.39,0.36,2023-10-20,1950,N20,VIIRS,n,2,293.38,0.84,N,2,VIIRS_NOAA20_SP
23.69603,85.2941,303.59,0.42,0.38,2023-10-20,1950,N20,VIIRS,n,2,292.95,0.57,N,0,VIIRS_NOAA20_SP
23.70402,86.07047,304.64,0.4,0.37,2023-10-20,1950,N20,VIIRS,n,2,291.55,0.74,N,2,VIIRS_NOAA20_SP
23.70906,85.42587,302.49,0.42,0.37,2023-10-20,1950,N20,VIIRS,n,2,291.29,0.65,N,2,VIIRS_NOAA20_SP
23.71717,86.44504,309.16,0.39,0.36,2023-10-20,1950,N20,VIIRS,n,2,295.16,1.4,N,2,VIIRS_NOAA20_SP
23.71775,86.44121,323.38,0.39,0.36,2023-10-20,1950,N20,VIIRS,n,2,295.41,2.5,N,2,VIIRS_NOAA20_SP
23.71992,86.44947,312.75,0.39,0.36,2023-10-20,1950,N20,VIIRS,n,2,297.98,1.4,N,2,VIIRS_NOAA20_SP
23.72012,85.00724,309.99,0.43,0.38,2023-10-20,1950,N20,VIIRS,n,2,290.64,0.67,N,2,VIIRS_NOAA20_SP
23.7205,86.44563,312.66,0.39,0.36,2023-10-20,1950,N20,VIIRS,n,2,298.72,1.4,N,2,VIIRS_NOAA20_SP
23.72498,86.43856,313.83,0.39,0.36,2023-10-20,1950,N20,VIIRS,n,2,294.96,2.85,N,2,VIIRS_NOAA20_SP
23.73135,86.75542,308.05,0.39,0.36,2023-10-20,1950,N20,VIIRS,n,2,294.69,1.56,N,2,VIIRS_NOAA20_SP
23.73749,85.02135,303.97,0.43,0.38,2023-10-20,1950,N20,VIIRS,n,2,291.87,0.92,N,2,VIIRS_NOAA20_SP
23.73922,85.00883,315.44,0.43,0.38,2023-10-20,1950,N20,VIIRS,n,2,294.72,2.1,N,2,VIIRS_NOAA20_SP
23.74308,85.50623,303.68,0.41,0.37,2023-10-20,1950,N20,VIIRS,n,2,290.07,0.73,N,2,VIIRS_NOAA20_SP
23.74649,85.50678,315.73,0.41,0.37,2023-10-20,1950,N20,VIIRS,n,2,293.09,1.44,N,2,VIIRS_NOAA20_SP
23.74656,86.42582,305.1,0.39,0.36,2023-10-20,1950,N20,VIIRS,n,2,294.33,1.11,N,2,VIIRS_NOAA20_SP
23.74713,86.42199,310.48,0.39,0.36,2023-10-20,1950,N20,VIIRS,n,2,294.85,1.33,N,2,VIIRS_NOAA20_SP
23.7477,86.41816,307.03,0.39,0.36,2023-10-20,1950,N20,VIIRS,n,2,293.86,1.33,N,2,VIIRS_NOAA20_SP
23.7516,86.41492,314.77,0.39,0.36,2023-10-20,1950,N20,VIIRS,n,2,293.81,1.1,N,2,VIIRS_NOAA20_SP
23.75663,86.40399,325.48,0.39,0.36,2023-10-20,1950,N20,VIIRS,n,2,294.96,1.55,N,2,VIIRS_NOAA20_SP
23.75777,86.39629,320.63,0.39,0.37,2023-10-20,1950,N20,VIIRS,n,2,295.63,3.57,N,2,VIIRS_NOAA20_SP
23.75953,85.8549,322.89,0.41,0.37,2023-10-20,1950,N20,VIIRS,n,2,296.76,3.03,N,2,VIIRS_NOAA20_SP
23.75997,86.40459,309.07,0.39,0.36,2023-10-20,1950,N20,VIIRS,n,2,293.29,1.55,N,2,VIIRS_NOAA20_SP
23.76053,86.40073,338.45,0.39,0.36,2023-10-20,1950,N20,VIIRS,n,2,297.41,3.57,N,2,VIIRS_NOAA20_SP
23.76159,86.41669,308.57,0.39,0.36,2023-10-20,1950,N20,VIIRS,n,2,292.69,0.69,N,2,VIIRS_NOAA20_SP
23.76167,86.39305,313.46,0.39,0.37,2023-10-20,1950,N20,VIIRS,n,2,298.22,1.77,N,2,VIIRS_NOAA20_SP
23.76501,86.39364,322.37,0.39,0.37,2023-10-20,1950,N20,VIIRS,n,2,299.9,2.11,N,2,VIIRS_NOAA20_SP
23.76557,86.38979,311.39,0.39,0.37,2023-10-20,1950,N20,VIIRS,n,2,296.99,2.11,N,2,VIIRS_NOAA20_SP
23.76777,86.39807,311.0,0.39,0.37,2023-10-20,1950,N20,VIIRS,n,2,297.11,2.62,N,2,VIIRS_NOAA20_SP
23.76785,86.37443,325.54,0.39,0.37,2023-10-20,1950,N20,VIIRS,n,2,299.65,3.35,N,2,VIIRS_NOAA20_SP
23.76834,86.39423,321.19,0.39,0.37,2023-10-20,1950,N20,VIIRS,n,2,300.53,2.11,N,2,VIIRS_NOAA20_SP
23.76947,86.38654,314.02,0.39,0.37,2023-10-20,1950,N20,VIIRS,n,2,296.48,1.99,N,2,VIIRS_NOAA20_SP
23.77053,86.4025,307.84,0.39,0.36,2023-10-20,1950,N20,VIIRS,n,2,294.91,1.46,N,2,VIIRS_NOAA20_SP
23.77221,86.20491,308.14,0.4,0.37,2023-10-20,1950,N20,VIIRS,n,2,294.04,1.51,N,2,VIIRS_NOAA20_SP
23.77224,86.39098,312.6,0.39,0.37,2023-10-20,1950,N20,VIIRS,n,2,297.53,3.53,N,2,VIIRS_NOAA20_SP
23.77278,86.20103,312.31,0.4,0.37,2023-10-20,1950,N20,VIIRS,n,2,295.62,1.51,N,2,VIIRS_NOAA20_SP
23.77335,86.19717,307.12,0.4,0.37,2023-10-20,1950,N20,VIIRS,n,2,294.17,1.8,N,2,VIIRS_NOAA20_SP
23.77499,86.20939,316.02,0.4,0.37,2023-10-20,1950,N20,VIIRS,n,2,295.62,1.68,N,2,VIIRS_NOAA20_SP
23.77614,86.38773,333.63,0.39,0.37,2023-10-20,1950,N20,VIIRS,n,2,298.2,2.47,N,2,VIIRS_NOAA20_SP
23.77622,86.36406,310.39,0.39,0.37,2023-10-20,1950,N20,VIIRS,n,2,296.5,1.52,N,2,VIIRS_NOAA20_SP
23.77671,86.38389,311.6,0.39,0.37,2023-10-20,1950,N20,VIIRS,n,2,293.56,2.47,N,2,VIIRS_NOAA20_SP
23.77834,86.396,317.38,0.39,0.37,2023-10-20,1950,N20,VIIRS,n,2,297.51,2.28,N,2,VIIRS_NOAA20_SP
23.7789,86.39217,327.5,0.39,0.37,2023-10-20,1950,N20,VIIRS,n,2,299.48,2.28,N,2,VIIRS_NOAA20_SP
23.77891,86.20611,320.41,0.4,0.37,2023-10-20,1950,N20,VIIRS,n,2,296.75,3.2,N,2,VIIRS_NOAA20_SP
23.77907,86.3448,317.7,0.4,0.37,2023-10-20,1950,N20,VIIRS,n,2,295.01,1.89,N,2,VIIRS_NOAA20_SP
23.77947,86.38833,325.51,0.39,0.37,2023-10-20,1950,N20,VIIRS,n,2,297.51,1.74,N,2,VIIRS_NOAA20_SP
23.78167,86.39659,308.13,0.39,0.37,2023-10-20,1950,N20,VIIRS,n,2,295.25,2.28,N,2,VIIRS_NOAA20_SP
23.78176,86.37293,318.79,0.39,0.37,2023-10-20,1950,N20,VIIRS,n,2,295.69,2.32,N,2,VIIRS_NOAA20_SP
23.78224,86.39276,337.12,0.39,0.37,2023-10-20,1950,N20,VIIRS,n,2,300.67,2.28,N,2,VIIRS_NOAA20_SP
23.78225,86.2067,337.32,0.4,0.37,2023-10-20,1950,N20,VIIRS,n,2,299.73,3.2,N,2,VIIRS_NOAA20_SP
23.78241,86.34539,318.22,0.4,0.37,2023-10-20,1950,N20,VIIRS,n,2,294.9,1.89,N,2,VIIRS_NOAA20_SP
23.78281,86.38892,310.12,0.39,0.37,2023-10-20,1950,N20,VIIRS,n,2,295.07,1.74,N,2,VIIRS_NOAA20_SP
23.78412,86.33384,308.07,0.4,0.37,2023-10-20,1950,N20,VIIRS,n,2,295.28,1.09,N,2,VIIRS_NOAA20_SP
23.78745,86.33443,321.81,0.4,0.37,2023-10-20,1950,N20,VIIRS,n,2,299.22,1.59,N,2,VIIRS_NOAA20_SP
23.78802,86.33058,307.17,0.4,0.37,2023-10-20,1950,N20,VIIRS,n,2,294.01,1.59,N,2,VIIRS_NOAA20_SP
23.789,86.37026,314.51,0.39,0.37,2023-10-20,1950,N20,VIIRS,n,2,294.88,1.29,N,2,VIIRS_NOAA20_SP
23.79128,86.35487,305.44,0.4,0.37,2023-10-20,1950,N20,VIIRS,n,2,293.5,1.64,N,2,VIIRS_NOAA20_SP
23.79143,87.0758,308.02,0.39,0.36,2023-10-20,1950,N20,VIIRS,n,2,296.56,2.21,N,0,VIIRS_NOAA20_SP
23.79185,86.35101,312.88,0.4,0.37,2023-10-20,1950,N20,VIIRS,n,2,295.01,3.36,N,2,VIIRS_NOAA20_SP
23.79501,86.23672,307.85,0.4,0.37,2023-10-20,1950,N20,VIIRS,n,2,294.05,0.96,N,2,VIIRS_NOAA20_SP
23.79513,85.55895,306.07,0.41,0.37,2023-10-20,1950,N20,VIIRS,n,2,294.55,1.12,N,0,VIIRS_NOAA20_SP
23.79519,86.3516,343.58,0.4,0.37,2023-10-20,1950,N20,VIIRS,n,2,299.27,3.36,N,2,VIIRS_NOAA20_SP
23.79558,86.23286,306.6,0.4,0.37,2023-10-20,1950,N20,VIIRS,n,2,293.24,0.66,N,2,VIIRS_NOAA20_SP
23.79875,87.0501,310.31,0.39,0.36,2023-10-20,1950,N20,VIIRS,n,2,296.58,1.39,N,2,VIIRS_NOAA20_SP
23.80023,86.34064,306.48,0.4,0.37,2023-10-20,1950,N20,VIIRS,n,2,295.91,2.21,N,2,VIIRS_NOAA20_SP
23.80194,86.32909,314.05,0.4,0.37,2023-10-20,1950,N20,VIIRS,n,2,295.41,3.35,N,2,VIIRS_NOAA20_SP
23.80528,86.32968,335.5,0.4,0.37,2023-10-20,1950,N20,VIIRS,n,2,300.56,3.35,N,2,VIIRS_NOAA20_SP
23.80757,86.31422,310.6,0.4,0.37,2023-10-20,1950,N20,VIIRS,n,2,297.61,1.87,N,2,VIIRS_NOAA20_SP
23.80795,84.8472,305.9,0.44,0.38,2023-10-20,1950,N20,VIIRS,n,2,293.39,1.63,N,2,VIIRS_NOAA20_SP
23.81034,86.31868,307.53,0.4,0.37,2023-10-20,1950,N20,VIIRS,n,2,296.76,1.1,N,2,VIIRS_NOAA20_SP
23.82429,86.5456,303.52,0.39,0.36,2023-10-20,1950,N20,VIIRS,n,2,290.85,0.43,N,0,VIIRS_NOAA20_SP
23.82483,85.49786,313.33,0.42,0.37,2023-10-20,1950,N20,VIIRS,n,2,297.49,2.45,N,2,VIIRS_NOAA20_SP
23.82603,85.4649,301.88,0.42,0.37,2023-10-20,1950,N20,VIIRS,n,2,290.97,0.29,N,0,VIIRS_NOAA20_SP
23.8334,85.48688,302.29,0.42,0.37,2023-10-20,1950,N20,VIIRS,n,2,289.4,0.56,N,0,VIIRS_NOAA20_SP
23.92699,85.34319,300.3,0.42,0.38,2023-10-20,1950,N20,VIIRS,n,2,289.82,1.0,N,2,VIIRS_NOAA20_SP
23.99053,79.38983,305.38,0.59,0.53,2023-10-20,1950,N20,VIIRS,n,2,292.7,1.55,N,2,VIIRS_NOAA20_SP
24.0119,80.52775,303.92,0.5,0.49,2023-10-20,1950,N20,VIIRS,n,2,292.17,0.93,N,0,VIIRS_NOAA20_SP
24.15726,82.60113,305.64,0.56,0.43,2023-10-20,1950,N20,VIIRS,n,2,291.85,1.07,N,0,VIIRS_NOAA20_SP
24.1582,82.60052,308.67,0.56,0.43,2023-10-20,1950,N20,VIIRS,n,2,292.13,1.32,N,0,VIIRS_NOAA20_SP
24.17057,82.55722,309.98,0.57,0.43,2023-10-20,1950,N20,VIIRS,n,2,292.24,1.58,N,2,VIIRS_NOAA20_SP
24.17567,82.64834,303.47,0.56,0.43,2023-10-20,1950,N20,VIIRS,n,2,292.7,1.38,N,0,VIIRS_NOAA20_SP
24.20831,82.70887,325.36,0.56,0.43,2023-10-20,1950,N20,VIIRS,n,2,294.29,3.33,N,2,VIIRS_NOAA20_SP
24.76657,74.60522,303.01,0.6,0.71,2023-10-20,1950,N20,VIIRS,n,2,292.15,1.76,N,2,VIIRS_NOAA20_SP
17.46307,80.654,314.75,0.4,0.45,2023-10-20,1951,N20,VIIRS,n,2,294.19,1.64,N,0,VIIRS_NOAA20_SP
17.53308,82.99861,310.11,0.45,0.39,2023-10-20,1951,N20,VIIRS,n,2,294.07,1.29,N,2,VIIRS_NOAA20_SP
17.60571,83.20226,312.7,0.45,0.39,2023-10-20,1951,N20,VIIRS,n,2,296.56,1.96,N,2,VIIRS_NOAA20_SP
17.60925,83.2028,311.36,0.45,0.39,2023-10-20,1951,N20,VIIRS,n,2,296.46,1.43,N,2,VIIRS_NOAA20_SP
17.61279,83.20335,308.06,0.45,0.39,2023-10-20,1951,N20,VIIRS,n,2,295.0,1.43,N,2,VIIRS_NOAA20_SP
17.69413,83.24014,311.02,0.45,0.39,2023-10-20,1951,N20,VIIRS,n,2,295.4,2.41,N,2,VIIRS_NOAA20_SP
17.69418,83.24167,314.01,0.45,0.39,2023-10-20,1951,N20,VIIRS,n,2,295.93,2.29,N,2,VIIRS_NOAA20_SP
18.68126,79.55151,305.65,0.49,0.49,2023-10-20,1951,N20,VIIRS,n,2,294.91,0.81,N,0,VIIRS_NOAA20_SP
18.68376,73.02775,302.57,0.66,0.73,2023-10-20,1951,N20,VIIRS,n,2,287.83,2.74,N,2,VIIRS_NOAA20_SP
18.68998,73.03484,306.56,0.66,0.73,2023-10-20,1951,N20,VIIRS,n,2,288.48,2.74,N,2,VIIRS_NOAA20_SP
18.72233,79.53596,308.47,0.49,0.49,2023-10-20,1951,N20,VIIRS,n,2,295.31,1.39,N,2,VIIRS_NOAA20_SP
18.72705,77.75729,301.9,0.32,0.55,2023-10-20,1951,N20,VIIRS,n,2,291.87,0.29,N,0,VIIRS_NOAA20_SP
18.81666,83.36993,306.88,0.45,0.39,2023-10-20,1951,N20,VIIRS,n,2,293.11,1.0,N,0,VIIRS_NOAA20_SP
19.09011,82.16363,303.34,0.52,0.42,2023-10-20,1951,N20,VIIRS,n,2,292.44,0.98,N,0,VIIRS_NOAA20_SP
19.09326,82.16911,303.97,0.52,0.41,2023-10-20,1951,N20,VIIRS,n,2,292.15,1.2,N,0,VIIRS_NOAA20_SP
19.9216,79.11352,306.38,0.54,0.51,2023-10-20,1951,N20,VIIRS,n,2,293.05,0.91,N,2,VIIRS_NOAA20_SP
19.96548,79.33423,306.12,0.53,0.5,2023-10-20,1951,N20,VIIRS,n,2,291.79,0.67,N,2,VIIRS_NOAA20_SP
20.69938,78.63568,301.87,0.6,0.53,2023-10-20,1951,N20,VIIRS,n,2,290.55,1.54,N,2,VIIRS_NOAA20_SP
21.10361,72.63163,319.74,0.74,0.76,2023-10-20,1951,N20,VIIRS,n,2,292.93,3.61,N,2,VIIRS_NOAA20_SP
21.10552,72.63824,305.56,0.74,0.76,2023-10-20,1951,N20,VIIRS,n,2,292.56,5.08,N,2,VIIRS_NOAA20_SP
21.10608,72.63096,319.63,0.74,0.76,2023-10-20,1951,N20,VIIRS,n,2,292.85,4.15,N,2,VIIRS_NOAA20_SP
21.11016,72.63958,311.98,0.74,0.76,2023-10-20,1951,N20,VIIRS,n,2,293.06,3.61,N,2,VIIRS_NOAA20_SP
21.74448,73.00923,312.08,0.71,0.75,2023-10-20,1951,N20,VIIRS,n,2,292.74,3.03,N,0,VIIRS_NOAA20_SP
13.85073,79.91293,309.79,0.4,0.44,2023-10-20,1952,N20,VIIRS,n,2,290.42,0.9,N,0,VIIRS_NOAA20_SP
14.87936,78.04092,309.01,0.55,0.51,2023-10-20,1952,N20,VIIRS,n,2,291.3,1.81,N,0,VIIRS_NOAA20_SP
15.13695,76.70728,309.58,0.34,0.56,2023-10-20,1952,N20,VIIRS,n,2,293.1,1.23,N,2,VIIRS_NOAA20_SP
15.15242,76.70921,310.73,0.34,0.56,2023-10-20,1952,N20,VIIRS,n,2,293.31,1.07,N,2,VIIRS_NOAA20_SP
15.16994,76.37682,305.51,0.36,0.57,2023-10-20,1952,N20,VIIRS,n,2,294.0,1.01,N,2,VIIRS_NOAA20_SP
15.17322,76.66643,306.15,0.34,0.56,2023-10-20,1952,N20,VIIRS,n,2,292.28,1.84,N,2,VIIRS_NOAA20_SP
15.17474,76.65363,302.18,0.34,0.56,2023-10-20,1952,N20,VIIRS,n,2,290.13,1.73,N,2,VIIRS_NOAA20_SP
15.17561,76.37409,306.05,0.36,0.57,2023-10-20,1952,N20,VIIRS,n,2,293.2,2.01,N,2,VIIRS_NOAA20_SP
15.17992,76.65424,308.32,0.34,0.56,2023-10-20,1952,N20,VIIRS,n,2,293.7,1.73,N,2,VIIRS_NOAA20_SP
15.1803,76.65104,305.68,0.34,0.56,2023-10-20,1952,N20,VIIRS,n,2,292.5,2.43,N,0,VIIRS_NOAA20_SP
15.19029,76.65544,305.15,0.34,0.56,2023-10-20,1952,N20,VIIRS,n,2,293.12,2.59,N,2,VIIRS_NOAA20_SP
15.19671,76.37681,307.04,0.36,0.57,2023-10-20,1952,N20,VIIRS,n,2,293.44,1.25,N,2,VIIRS_NOAA20_SP
15.31261,76.25113,301.76,0.37,0.58,2023-10-20,1952,N20,VIIRS,n,2,290.93,0.25,N,0,VIIRS_NOAA20_SP
15.33566,76.28516,306.13,0.37,0.58,2023-10-20,1952,N20,VIIRS,n,2,292.14,0.87,N,2,VIIRS_NOAA20_SP
16.30691,77.35753,304.01,0.32,0.55,2023-10-20,1952,N20,VIIRS,n,2,291.9,0.54,N,0,VIIRS_NOAA20_SP
16.87321,80.01918,305.68,0.43,0.46,2023-10-20,1952,N20,VIIRS,n,2,294.25,0.86,N,2,VIIRS_NOAA20_SP
16.87769,80.11848,307.99,0.43,0.46,2023-10-20,1952,N20,VIIRS,n,2,294.1,0.87,N,2,VIIRS_NOAA20_SP
17.06296,76.97611,309.56,0.35,0.56,2023-10-20,1952,N20,VIIRS,n,2,294.09,1.01,N,2,VIIRS_NOAA20_SP
17.14197,77.17339,304.3,0.34,0.56,2023-10-20,1952,N20,VIIRS,n,2,293.92,0.75,N,0,VIIRS_NOAA20_SP
12.64384,79.69733,303.47,0.4,0.44,2023-10-20,1953,N20,VIIRS,n,2,289.18,0.39,N,0,VIIRS_NOAA20_SP
12.65374,77.21841,299.42,0.58,0.52,2023-10-20,1953,N20,VIIRS,n,2,288.92,0.61,N,0,VIIRS_NOAA20_SP
12.96755,79.91309,305.27,0.39,0.44,2023-10-20,1953,N20,VIIRS,n,2,291.12,0.65,N,0,VIIRS_NOAA20_SP
29.96445,76.68399,300.94,0.5,0.66,2023-10-20,2128,N20,VIIRS,n,2,287.85,0.86,N,0,VIIRS_NOAA20_SP
31.26205,76.92534,296.63,0.48,0.64,2023-10-20,2128,N20,VIIRS,n,2,285.64,0.67,N,2,VIIRS_NOAA20_SP
32.28949,70.73775,299.85,0.4,0.44,2023-10-20,2128,N20,VIIRS,n,2,284.4,0.77,N,2,VIIRS_NOAA20_SP
32.57427,72.56264,299.86,0.5,0.49,2023-10-20,2128,N20,VIIRS,n,2,289.52,0.48,N,2,VIIRS_NOAA20_SP
32.8884,71.61627,308.7,0.44,0.46,2023-10-20,2128,N20,VIIRS,n,2,289.99,1.35,N,2,VIIRS_NOAA20_SP
33.09501,73.11303,310.89,0.52,0.5,2023-10-20,2128,N20,VIIRS,n,2,285.37,1.24,N,0,VIIRS_NOAA20_SP
33.54874,71.54919,306.17,0.42,0.45,2023-10-20,2128,N20,VIIRS,n,2,288.54,1.1,N,2,VIIRS_NOAA20_SP
33.80124,72.09893,308.92,0.44,0.46,2023-10-20,2128,N20,VIIRS,n,2,289.28,0.98,N,2,VIIRS_NOAA20_SP
28.42444,69.69935,304.06,0.42,0.45,2023-10-20,2129,N20,VIIRS,n,2,291.61,0.64,N,2,VIIRS_NOAA20_SP
29.91251,74.95093,299.61,0.39,0.6,2023-10-20,2129,N20,VIIRS,n,2,288.44,1.37,N,2,VIIRS_NOAA20_SP
30.32744,70.53639,303.06,0.43,0.46,2023-10-20,2129,N20,VIIRS,n,2,289.89,0.86,N,2,VIIRS_NOAA20_SP
30.32859,70.53894,303.89,0.43,0.46,2023-10-20,2129,N20,VIIRS,n,2,290.48,1.0,N,2,VIIRS_NOAA20_SP
30.65648,73.01481,299.44,0.58,0.52,2023-10-20,2129,N20,VIIRS,n,2,288.7,0.69,N,0,VIIRS_NOAA20_SP
24.69304,73.00233,304.93,0.39,0.6,2023-10-20,2130,N20,VIIRS,n,2,293.59,0.82,N,2,VIIRS_NOAA20_SP
24.82166,73.09435,304.14,0.4,0.6,2023-10-20,2130,N20,VIIRS,n,2,293.35,1.35,N,2,VIIRS_NOAA20_SP
24.82322,73.0939,304.96,0.4,0.6,2023-10-20,2130,N20,VIIRS,n,2,292.66,0.98,N,2,VIIRS_NOAA20_SP
24.96888,68.51218,305.24,0.41,0.45,2023-10-20,2130,N20,VIIRS,n,2,294.99,1.1,N,0,VIIRS_NOAA20_SP
25.40129,68.56494,320.18,0.41,0.45,2023-10-20,2130,N20,VIIRS,n,2,293.7,1.78,N,2,VIIRS_NOAA20_SP
26.09428,68.87775,296.82,0.41,0.45,2023-10-20,2130,N20,VIIRS,n,2,279.79,0.35,N,2,VIIRS_NOAA20_SP
26.25894,74.09362,302.63,0.42,0.61,2023-10-20,2130,N20,VIIRS,n,2,291.06,0.84,N,0,VIIRS_NOAA20_SP
26.8768,73.51435,304.51,0.38,0.59,2023-10-20,2130,N20,VIIRS,n,2,290.93,1.53,N,2,VIIRS_NOAA20_SP
20.72894,70.74202,313.5,0.34,0.56,2023-10-20,2131,N20,VIIRS,n,2,294.65,1.44,N,0,VIIRS_NOAA20_SP
20.73141,70.74312,314.46,0.34,0.56,2023-10-20,2131,N20,VIIRS,n,2,294.19,1.07,N,0,VIIRS_NOAA20_SP
20.90858,71.45802,310.64,0.38,0.59,2023-10-20,2131,N20,VIIRS,n,2,295.35,1.76,N,2,VIIRS_NOAA20_SP
20.90986,71.45957,309.33,0.38,0.59,2023-10-20,2131,N20,VIIRS,n,2,295.82,1.71,N,2,VIIRS_NOAA20_SP
21.10489,72.63363,325.34,0.45,0.63,2023-10-20,2131,N20,VIIRS,n,2,294.53,1.8,N,2,VIIRS_NOAA20_SP
21.10862,72.64342,326.3,0.45,0.63,2023-10-20,2131,N20,VIIRS,n,2,295.52,6.03,N,2,VIIRS_NOAA20_SP
21.11052,72.63507,313.29,0.45,0.63,2023-10-20,2131,N20,VIIRS,n,2,296.61,1.8,N,2,VIIRS_NOAA20_SP
21.11146,72.63093,305.48,0.45,0.63,2023-10-20,2131,N20,VIIRS,n,2,294.64,1.8,N,2,VIIRS_NOAA20_SP
22.26666,75.13218,307.68,0.61,0.71,2023-10-20,2131,N20,VIIRS,n,2,291.73,1.85,N,2,VIIRS_NOAA20_SP
22.26807,75.1321,307.85,0.61,0.71,2023-10-20,2131,N20,VIIRS,n,2,291.43,1.86,N,2,VIIRS_NOAA20_SP
22.32285,69.88363,309.25,0.56,0.52,2023-10-20,2131,N20,VIIRS,n,2,295.53,1.55,N,2,VIIRS_NOAA20_SP
22.92377,70.10661,327.74,0.57,0.52,2023-10-20,2131,N20,VIIRS,n,2,296.63,4.04,N,0,VIIRS_NOAA20_SP
22.93207,69.69656,305.42,0.53,0.5,2023-10-20,2131,N20,VIIRS,n,2,295.32,1.93,N,2,VIIRS_NOAA20_SP
18.97458,71.62501,309.91,0.42,0.61,2023-10-20,2132,N20,VIIRS,n,2,292.72,2.59,N,3,VIIRS_NOAA20_SP
18.97543,71.62108,312.38,0.42,0.61,2023-10-20,2132,N20,VIIRS,n,2,292.46,2.59,N,3,VIIRS_NOAA20_SP
19.37106,71.35487,311.15,0.4,0.6,2023-10-20,2132,N20,VIIRS,n,2,294.12,1.15,N,3,VIIRS_NOAA20_SP
19.37185,71.35116,318.91,0.4,0.6,2023-10-20,2132,N20,VIIRS,n,2,293.62,1.15,N,3,VIIRS_NOAA20_SP
17.54129,95.74123,333.57,0.43,0.38,2023-10-21,701,N20,VIIRS,n,2,287.67,4.2,D,0,VIIRS_NOAA20_SP
17.76042,95.60624,333.42,0.43,0.38,2023-10-21,701,N20,VIIRS,n,2,296.97,3.78,D,0,VIIRS_NOAA20_SP
17.7639,95.60572,338.42,0.43,0.38,2023-10-21,701,N20,VIIRS,n,2,296.8,3.78,D,0,VIIRS_NOAA20_SP
17.82181,96.53884,332.86,0.47,0.4,2023-10-21,701,N20,VIIRS,n,2,293.55,3.05,D,0,VIIRS_NOAA20_SP
17.84428,95.28123,334.61,0.42,0.38,2023-10-21,701,N20,VIIRS,n,2,296.35,3.71,D,0,VIIRS_NOAA20_SP
17.86382,96.83119,329.05,0.49,0.4,2023-10-21,701,N20,VIIRS,n,2,293.19,1.75,D,0,VIIRS_NOAA20_SP
17.86459,95.30578,332.57,0.42,0.38,2023-10-21,701,N20,VIIRS,n,2,294.21,2.97,D,0,VIIRS_NOAA20_SP
17.8654,95.30616,332.53,0.42,0.38,2023-10-21,701,N20,VIIRS,n,2,293.66,2.62,D,0,VIIRS_NOAA20_SP
17.92712,95.30029,338.24,0.42,0.38,2023-10-21,701,N20,VIIRS,n,2,295.19,4.06,D,0,VIIRS_NOAA20_SP
18.03789,96.84563,335.44,0.49,0.4,2023-10-21,701,N20,VIIRS,n,2,295.89,5.45,D,0,VIIRS_NOAA20_SP
18.06587,96.75337,328.77,0.49,0.4,2023-10-21,701,N20,VIIRS,n,2,296.65,3.4,D,0,VIIRS_NOAA20_SP
18.0668,96.75266,329.18,0.48,0.4,2023-10-21,701,N20,VIIRS,n,2,296.29,2.01,D,0,VIIRS_NOAA20_SP
18.82381,96.51048,333.9,0.48,0.4,2023-10-21,701,N20,VIIRS,n,2,297.23,3.88,D,0,VIIRS_NOAA20_SP
19.23973,96.30313,332.74,0.47,0.4,2023-10-21,701,N20,VIIRS,n,2,297.05,2.79,D,0,VIIRS_NOAA20_SP
16.98562,79.58152,329.93,0.7,0.75,2023-10-21,702,N20,VIIRS,n,2,292.78,4.47,D,0,VIIRS_NOAA20_SP
18.21598,83.7521,334.25,0.35,0.57,2023-10-21,702,N20,VIIRS,n,2,296.98,3.05,D,0,VIIRS_NOAA20_SP
18.46827,83.59999,327.82,0.36,0.57,2023-10-21,702,N20,VIIRS,l,2,298.93,2.06,D,0,VIIRS_NOAA20_SP
18.84972,84.2887,328.71,0.63,0.54,2023-10-21,702,N20,VIIRS,n,2,296.84,3.7,D,0,VIIRS_NOAA20_SP
19.9309,95.95081,330.02,0.46,0.39,2023-10-21,702,N20,VIIRS,n,2,297.42,4.1,D,0,VIIRS_NOAA20_SP
20.08715,94.50528,331.28,0.41,0.37,2023-10-21,702,N20,VIIRS,n,2,298.04,2.66,D,0,VIIRS_NOAA20_SP
20.96178,85.17494,336.73,0.5,0.49,2023-10-21,702,N20,VIIRS,n,2,305.47,9.58,D,2,VIIRS_NOAA20_SP
20.96273,85.17969,330.7,0.5,0.49,2023-10-21,702,N20,VIIRS,l,2,304.32,6.76,D,2,VIIRS_NOAA20_SP
20.96381,85.17367,338.3,0.51,0.49,2023-10-21,702,N20,VIIRS,n,2,305.74,10.37,D,2,VIIRS_NOAA20_SP
20.96474,85.17845,329.75,0.5,0.49,2023-10-21,702,N20,VIIRS,l,2,304.71,4.63,D,2,VIIRS_NOAA20_SP
20.96771,85.01801,352.26,0.52,0.5,2023-10-21,702,N20,VIIRS,n,2,301.49,9.36,D,0,VIIRS_NOAA20_SP
20.96918,85.17743,334.09,0.5,0.49,2023-10-21,702,N20,VIIRS,n,2,303.9,4.63,D,2,VIIRS_NOAA20_SP
21.07721,85.04173,329.83,0.51,0.49,2023-10-21,702,N20,VIIRS,l,2,304.3,7.23,D,2,VIIRS_NOAA20_SP
22.05252,88.126,337.46,0.49,0.4,2023-10-21,702,N20,VIIRS,n,2,309.46,5.61,D,2,VIIRS_NOAA20_SP
22.06194,88.12071,334.7,0.49,0.4,2023-10-21,702,N20,VIIRS,n,2,301.46,2.63,D,2,VIIRS_NOAA20_SP
22.06354,88.12375,332.39,0.49,0.4,2023-10-21,702,N20,VIIRS,n,2,300.84,2.34,D,2,VIIRS_NOAA20_SP
22.1121,92.17696,331.4,0.38,0.36,2023-10-21,702,N20,VIIRS,n,2,298.41,2.45,D,0,VIIRS_NOAA20_SP
22.37327,92.95567,330.91,0.39,0.36,2023-10-21,702,N20,VIIRS,n,2,297.09,3.16,D,0,VIIRS_NOAA20_SP
22.47957,97.48145,330.5,0.4,0.44,2023-10-21,702,N20,VIIRS,n,2,298.05,2.14,D,0,VIIRS_NOAA20_SP
22.52115,97.44884,332.81,0.4,0.44,2023-10-21,702,N20,VIIRS,n,2,298.9,2.58,D,0,VIIRS_NOAA20_SP
22.67974,95.29618,330.79,0.46,0.39,2023-10-21,702,N20,VIIRS,n,2,298.29,4.63,D,0,VIIRS_NOAA20_SP
22.78448,91.86374,333.29,0.38,0.36,2023-10-21,702,N20,VIIRS,n,2,297.56,5.19,D,0,VIIRS_NOAA20_SP
22.78778,91.86316,346.53,0.38,0.36,2023-10-21,702,N20,VIIRS,n,2,298.47,5.19,D,0,VIIRS_NOAA20_SP
22.87947,94.0796,329.84,0.42,0.37,2023-10-21,702,N20,VIIRS,n,2,297.52,1.81,D,0,VIIRS_NOAA20_SP
23.08338,94.08913,333.95,0.42,0.38,2023-10-21,702,N20,VIIRS,n,2,297.41,4.57,D,0,VIIRS_NOAA20_SP
21.37532,81.68288,329.48,0.41,0.61,2023-10-21,703,N20,VIIRS,l,2,301.64,3.21,D,2,VIIRS_NOAA20_SP
21.67893,84.04085,334.38,0.58,0.52,2023-10-21,703,N20,VIIRS,n,2,305.78,9.05,D,2,VIIRS_NOAA20_SP
21.78173,81.239,329.72,0.43,0.62,2023-10-21,703,N20,VIIRS,n,2,300.82,2.81,D,0,VIIRS_NOAA20_SP
21.78411,81.23902,331.01,0.43,0.62,2023-10-21,703,N20,VIIRS,n,2,301.99,2.6,D,0,VIIRS_NOAA20_SP
21.91845,83.35499,335.62,0.63,0.54,2023-10-21,703,N20,VIIRS,n,2,303.89,9.01,D,2,VIIRS_NOAA20_SP
21.92476,83.34255,331.74,0.63,0.54,2023-10-21,703,N20,VIIRS,l,2,306.28,7.2,D,2,VIIRS_NOAA20_SP
22.32543,82.60222,331.14,0.35,0.56,2023-10-21,703,N20,VIIRS,l,2,301.51,2.42,D,0,VIIRS_NOAA20_SP
22.34921,79.94121,331.27,0.51,0.66,2023-10-21,703,N20,VIIRS,n,2,298.63,2.96,D,0,VIIRS_NOAA20_SP
22.54142,80.02759,328.6,0.5,0.66,2023-10-21,703,N20,VIIRS,l,2,300.42,4.3,D,0,VIIRS_NOAA20_SP
22.63199,79.83887,340.6,0.51,0.66,2023-10-21,703,N20,VIIRS,n,2,299.78,6.08,D,0,VIIRS_NOAA20_SP
22.63609,77.67867,333.61,0.69,0.75,2023-10-21,703,N20,VIIRS,n,2,298.03,4.97,D,0,VIIRS_NOAA20_SP
22.79851,86.20889,334.35,0.4,0.45,2023-10-21,703,N20,VIIRS,n,2,301.91,3.14,D,2,VIIRS_NOAA20_SP
22.96476,92.59298,331.0,0.39,0.36,2023-10-21,703,N20,VIIRS,n,2,296.41,2.34,D,0,VIIRS_NOAA20_SP
23.01277,79.46206,333.71,0.53,0.67,2023-10-21,703,N20,VIIRS,n,2,300.54,4.25,D,0,VIIRS_NOAA20_SP
23.01324,79.4618,334.57,0.53,0.67,2023-10-21,703,N20,VIIRS,n,2,300.46,3.77,D,0,VIIRS_NOAA20_SP
23.12641,80.03165,343.42,0.48,0.65,2023-10-21,703,N20,VIIRS,n,2,300.43,5.59,D,0,VIIRS_NOAA20_SP
23.12747,80.03626,335.29,0.48,0.65,2023-10-21,703,N20,VIIRS,n,2,299.6,5.59,D,0,VIIRS_NOAA20_SP
23.23022,87.55052,337.53,0.51,0.41,2023-10-21,703,N20,VIIRS,n,2,302.42,3.76,D,0,VIIRS_NOAA20_SP
23.36466,94.05424,328.15,0.42,0.38,2023-10-21,703,N20,VIIRS,n,2,296.98,2.87,D,0,VIIRS_NOAA20_SP
23.40097,88.58511,334.72,0.45,0.39,2023-10-21,703,N20,VIIRS,n,2,304.91,5.27,D,0,VIIRS_NOAA20_SP
23.46208,96.26647,333.32,0.53,0.42,2023-10-21,703,N20,VIIRS,n,2,298.11,3.14,D,0,VIIRS_NOAA20_SP
23.55672,87.2403,343.27,0.52,0.41,2023-10-21,703,N20,VIIRS,n,2,302.78,13.77,D,2,VIIRS_NOAA20_SP
23.63532,79.81554,334.63,0.49,0.65,2023-10-21,703,N20,VIIRS,n,2,299.26,2.03,D,0,VIIRS_NOAA20_SP
23.66684,90.3691,332.63,0.4,0.37,2023-10-21,703,N20,VIIRS,n,2,301.08,1.66,D,0,VIIRS_NOAA20_SP
23.67577,86.0852,341.32,0.4,0.44,2023-10-21,703,N20,VIIRS,n,2,304.82,4.77,D,2,VIIRS_NOAA20_SP
23.68196,86.09573,334.48,0.4,0.44,2023-10-21,703,N20,VIIRS,n,2,301.03,2.44,D,2,VIIRS_NOAA20_SP
23.77914,86.39098,342.2,0.57,0.43,2023-10-21,703,N20,VIIRS,n,2,308.79,8.12,D,2,VIIRS_NOAA20_SP
23.77923,86.3477,336.54,0.38,0.43,2023-10-21,703,N20,VIIRS,n,2,306.09,3.73,D,2,VIIRS_NOAA20_SP
23.78017,86.39646,340.79,0.57,0.43,2023-10-21,703,N20,VIIRS,n,2,310.36,8.12,D,2,VIIRS_NOAA20_SP
23.78503,86.33488,339.77,0.38,0.43,2023-10-21,703,N20,VIIRS,n,2,311.77,3.62,D,2,VIIRS_NOAA20_SP
23.79259,86.35347,339.07,0.57,0.43,2023-10-21,703,N20,VIIRS,n,2,306.4,6.02,D,2,VIIRS_NOAA20_SP
23.80472,86.33065,342.88,0.38,0.43,2023-10-21,703,N20,VIIRS,n,2,310.24,5.21,D,2,VIIRS_NOAA20_SP
23.80689,88.34389,334.53,0.46,0.39,2023-10-21,703,N20,VIIRS,n,2,301.27,3.15,D,0,VIIRS_NOAA20_SP
23.86192,94.18875,330.7,0.43,0.38,2023-10-21,703,N20,VIIRS,n,2,296.33,3.61,D,0,VIIRS_NOAA20_SP
23.87229,88.38685,337.49,0.45,0.39,2023-10-21,703,N20,VIIRS,n,2,303.94,3.36,D,0,VIIRS_NOAA20_SP
24.17503,93.59581,330.39,0.41,0.37,2023-10-21,703,N20,VIIRS,n,2,296.08,3.58,D,0,VIIRS_NOAA20_SP
24.80428,94.08664,328.43,0.43,0.38,2023-10-21,703,N20,VIIRS,n,2,299.94,2.61,D,0,VIIRS_NOAA20_SP
24.80777,94.08612,338.54,0.43,0.38,2023-10-21,703,N20,VIIRS,n,2,297.58,2.61,D,0,VIIRS_NOAA20_SP
24.94158,97.11946,333.68,0.41,0.45,2023-10-21,703,N20,VIIRS,n,2,301.09,2.46,D,0,VIIRS_NOAA20_SP
24.99713,97.20279,327.7,0.41,0.45,2023-10-21,703,N20,VIIRS,l,2,299.67,3.32,D,0,VIIRS_NOAA20_SP
25.03467,97.2553,331.22,0.42,0.45,2023-10-21,703,N20,VIIRS,n,2,300.06,2.21,D,0,VIIRS_NOAA20_SP
25.09106,91.79849,335.76,0.39,0.36,2023-10-21,703,N20,VIIRS,n,2,303.49,3.87,D,0,VIIRS_NOAA20_SP
25.14721,97.42731,337.69,0.43,0.46,2023-10-21,703,N20,VIIRS,n,2,301.32,4.48,D,0,VIIRS_NOAA20_SP
25.14774,97.42411,332.19,0.43,0.46,2023-10-21,703,N20,VIIRS,n,2,301.93,1.78,D,0,VIIRS_NOAA20_SP
25.20235,97.08389,327.55,0.41,0.45,2023-10-21,703,N20,VIIRS,n,2,297.43,2.4,D,0,VIIRS_NOAA20_SP
25.32252,96.87364,331.08,0.4,0.44,2023-10-21,703,N20,VIIRS,l,2,301.27,3.55,D,0,VIIRS_NOAA20_SP
25.32711,86.8856,337.85,0.51,0.41,2023-10-21,703,N20,VIIRS,n,2,302.04,10.71,D,0,VIIRS_NOAA20_SP
25.36666,96.79134,330.97,0.39,0.44,2023-10-21,703,N20,VIIRS,n,2,298.1,1.81,D,0,VIIRS_NOAA20_SP
25.40901,87.42892,335.18,0.48,0.4,2023-10-21,703,N20,VIIRS,n,2,298.69,6.24,D,0,VIIRS_NOAA20_SP
25.41263,87.42815,336.79,0.48,0.4,2023-10-21,703,N20,VIIRS,n,2,299.34,6.24,D,0,VIIRS_NOAA20_SP
25.54111,97.11887,330.42,0.41,0.45,2023-10-21,703,N20,VIIRS,n,2,296.94,1.77,D,0,VIIRS_NOAA20_SP
25.63753,96.70203,339.67,0.39,0.44,2023-10-21,703,N20,VIIRS,n,2,300.22,3.92,D,0,VIIRS_NOAA20_SP
25.63798,96.70596,330.07,0.39,0.44,2023-10-21,703,N20,VIIRS,n,2,298.87,3.92,D,0,VIIRS_NOAA20_SP
25.68191,96.66023,340.29,0.39,0.44,2023-10-21,703,N20,VIIRS,n,2,300.7,11.25,D,0,VIIRS_NOAA20_SP
25.71479,96.65233,344.37,0.39,0.44,2023-10-21,703,N20,VIIRS,n,2,300.96,5.41,D,0,VIIRS_NOAA20_SP
25.76318,96.64559,351.65,0.39,0.44,2023-10-21,703,N20,VIIRS,n,2,301.4,6.68,D,0,VIIRS_NOAA20_SP
25.79581,96.60944,343.52,0.39,0.44,2023-10-21,703,N20,VIIRS,n,2,297.97,2.23,D,0,VIIRS_NOAA20_SP
25.79983,96.60888,344.36,0.39,0.44,2023-10-21,703,N20,VIIRS,n,2,298.33,5.77,D,0,VIIRS_NOAA20_SP
25.82079,96.67742,341.77,0.39,0.44,2023-10-21,703,N20,VIIRS,n,2,305.05,5.96,D,0,VIIRS_NOAA20_SP
25.88554,88.40971,328.71,0.43,0.38,2023-10-21,703,N20,VIIRS,n,2,300.11,2.59,D,0,VIIRS_NOAA20_SP
25.96575,96.68192,340.33,0.4,0.44,2023-10-21,703,N20,VIIRS,n,2,300.22,4.7,D,0,VIIRS_NOAA20_SP
26.17379,91.4309,336.41,0.39,0.36,2023-10-21,703,N20,VIIRS,n,2,301.55,2.6,D,0,VIIRS_NOAA20_SP
26.19896,97.79449,339.56,0.46,0.47,2023-10-21,703,N20,VIIRS,n,2,300.21,8.71,D,0,VIIRS_NOAA20_SP
26.20245,96.62109,334.19,0.4,0.44,2023-10-21,703,N20,VIIRS,n,2,300.31,2.78,D,0,VIIRS_NOAA20_SP
26.32894,91.98001,330.61,0.39,0.36,2023-10-21,703,N20,VIIRS,n,2,302.13,2.05,D,3,VIIRS_NOAA20_SP
26.3295,91.9839,333.83,0.39,0.36,2023-10-21,703,N20,VIIRS,n,2,303.4,4.4,D,3,VIIRS_NOAA20_SP
26.58961,96.50029,336.46,0.39,0.44,2023-10-21,703,N20,VIIRS,n,2,298.93,1.56,D,0,VIIRS_NOAA20_SP
24.26816,77.54448,330.14,0.65,0.73,2023-10-21,704,N20,VIIRS,l,2,303.72,8.59,D,0,VIIRS_NOAA20_SP
24.63955,76.95715,344.71,0.69,0.74,2023-10-21,704,N20,VIIRS,n,2,300.62,10.48,D,0,VIIRS_NOAA20_SP
24.71259,77.07578,332.54,0.68,0.74,2023-10-21,704,N20,VIIRS,n,2,302.1,5.36,D,0,VIIRS_NOAA20_SP
24.83907,77.14182,339.66,0.67,0.73,2023-10-21,704,N20,VIIRS,n,2,298.1,9.01,D,0,VIIRS_NOAA20_SP
24.84232,77.1394,342.44,0.67,0.73,2023-10-21,704,N20,VIIRS,n,2,298.42,10.59,D,0,VIIRS_NOAA20_SP
25.11571,77.63899,330.76,0.61,0.71,2023-10-21,704,N20,VIIRS,l,2,300.99,4.65,D,0,VIIRS_NOAA20_SP
25.20073,75.98157,341.53,0.77,0.77,2023-10-21,704,N20,VIIRS,n,2,299.98,9.0,D,0,VIIRS_NOAA20_SP
25.20271,75.98132,339.43,0.77,0.77,2023-10-21,704,N20,VIIRS,n,2,299.4,6.06,D,0,VIIRS_NOAA20_SP
25.21737,76.01568,333.49,0.76,0.77,2023-10-21,704,N20,VIIRS,n,2,299.89,4.8,D,0,VIIRS_NOAA20_SP
25.21914,76.01553,332.49,0.76,0.77,2023-10-21,704,N20,VIIRS,n,2,300.21,5.68,D,0,VIIRS_NOAA20_SP
25.30348,76.89933,333.41,0.67,0.74,2023-10-21,704,N20,VIIRS,n,2,300.02,3.4,D,0,VIIRS_NOAA20_SP
25.3072,76.89835,330.94,0.67,0.74,2023-10-21,704,N20,VIIRS,n,2,299.97,5.23,D,0,VIIRS_NOAA20_SP
25.31706,76.50087,332.6,0.71,0.75,2023-10-21,704,N20,VIIRS,n,2,301.06,4.16,D,0,VIIRS_NOAA20_SP
25.31799,76.49953,332.69,0.71,0.75,2023-10-21,704,N20,VIIRS,n,2,301.01,4.24,D,0,VIIRS_NOAA20_SP
25.42958,76.50513,336.7,0.7,0.75,2023-10-21,704,N20,VIIRS,n,2,301.11,5.0,D,0,VIIRS_NOAA20_SP
25.84057,78.28426,332.75,0.54,0.68,2023-10-21,704,N20,VIIRS,n,2,296.22,3.09,D,0,VIIRS_NOAA20_SP
26.04296,79.05627,334.68,0.48,0.64,2023-10-21,704,N20,VIIRS,n,2,297.94,2.07,D,0,VIIRS_NOAA20_SP
26.18091,78.87293,333.39,0.49,0.65,2023-10-21,704,N20,VIIRS,n,2,300.27,3.31,D,0,VIIRS_NOAA20_SP
26.27358,77.53033,337.68,0.58,0.7,2023-10-21,704,N20,VIIRS,n,2,299.14,4.21,D,0,VIIRS_NOAA20_SP
26.27622,77.53042,333.8,0.58,0.7,2023-10-21,704,N20,VIIRS,n,2,299.23,4.8,D,0,VIIRS_NOAA20_SP
26.36978,90.90381,332.5,0.38,0.36,2023-10-21,704,N20,VIIRS,n,2,302.46,3.22,D,0,VIIRS_NOAA20_SP
26.73279,79.86004,349.61,0.41,0.61,2023-10-21,704,N20,VIIRS,n,2,300.52,5.48,D,0,VIIRS_NOAA20_SP
26.73321,79.86159,333.8,0.41,0.61,2023-10-21,704,N20,VIIRS,n,2,298.6,3.65,D,0,VIIRS_NOAA20_SP
26.79476,90.33059,336.36,0.39,0.36,2023-10-21,704,N20,VIIRS,n,2,301.12,3.44,D,0,VIIRS_NOAA20_SP
26.79942,90.31431,333.54,0.39,0.36,2023-10-21,704,N20,VIIRS,n,2,300.35,4.67,D,0,VIIRS_NOAA20_SP
26.94073,93.25999,328.11,0.42,0.38,2023-10-21,704,N20,VIIRS,l,2,299.62,4.11,D,0,VIIRS_NOAA20_SP
26.96316,93.16543,333.26,0.42,0.38,2023-10-21,704,N20,VIIRS,n,2,299.92,2.6,D,0,VIIRS_NOAA20_SP
26.98883,80.26146,334.29,0.38,0.59,2023-10-21,704,N20,VIIRS,n,2,303.37,1.78,D,0,VIIRS_NOAA20_SP
27.03923,81.30645,330.65,0.33,0.55,2023-10-21,704,N20,VIIRS,n,2,301.67,1.75,D,0,VIIRS_NOAA20_SP
27.09524,81.27682,335.21,0.33,0.55,2023-10-21,704,N20,VIIRS,n,2,303.25,2.85,D,0,VIIRS_NOAA20_SP
27.11,94.30518,343.51,0.46,0.39,2023-10-21,704,N20,VIIRS,n,2,305.08,5.36,D,0,VIIRS_NOAA20_SP
27.11099,81.29996,346.7,0.33,0.55,2023-10-21,704,N20,VIIRS,n,2,302.14,3.61,D,0,VIIRS_NOAA20_SP
27.11992,80.0748,333.2,0.39,0.59,2023-10-21,704,N20,VIIRS,n,2,305.38,2.38,D,0,VIIRS_NOAA20_SP
27.15063,91.58766,330.51,0.39,0.36,2023-10-21,704,N20,VIIRS,n,2,296.37,3.31,D,0,VIIRS_NOAA20_SP
27.15466,80.14994,333.19,0.39,0.59,2023-10-21,704,N20,VIIRS,n,2,300.83,2.13,D,0,VIIRS_NOAA20_SP
27.20441,96.20219,338.75,0.39,0.44,2023-10-21,704,N20,VIIRS,n,2,297.94,7.18,D,0,VIIRS_NOAA20_SP
27.36249,81.22964,332.46,0.33,0.55,2023-10-21,704,N20,VIIRS,n,2,303.13,1.9,D,0,VIIRS_NOAA20_SP
27.48737,97.18105,339.91,0.44,0.46,2023-10-21,704,N20,VIIRS,n,2,297.02,4.51,D,0,VIIRS_NOAA20_SP
27.521,88.97054,332.02,0.4,0.37,2023-10-21,704,N20,VIIRS,n,2,290.55,2.23,D,0,VIIRS_NOAA20_SP
27.57812,97.3424,333.08,0.45,0.47,2023-10-21,704,N20,VIIRS,n,2,295.74,3.69,D,0,VIIRS_NOAA20_SP
27.62647,96.28118,336.01,0.39,0.44,2023-10-21,704,N20,VIIRS,n,2,298.2,4.81,D,0,VIIRS_NOAA20_SP
27.64769,96.32434,338.65,0.4,0.44,2023-10-21,704,N20,VIIRS,n,2,296.13,4.06,D,0,VIIRS_NOAA20_SP
27.67188,96.24731,337.62,0.39,0.44,2023-10-21,704,N20,VIIRS,n,2,301.74,3.69,D,0,VIIRS_NOAA20_SP
27.70128,96.24724,337.41,0.39,0.44,2023-10-21,704,N20,VIIRS,n,2,300.81,2.52,D,0,VIIRS_NOAA20_SP
27.70645,96.18243,330.08,0.39,0.44,2023-10-21,704,N20,VIIRS,n,2,298.81,2.48,D,0,VIIRS_NOAA20_SP
27.70893,96.24224,334.36,0.39,0.44,2023-10-21,704,N20,VIIRS,n,2,301.59,7.48,D,0,VIIRS_NOAA20_SP
27.70936,96.2462,338.99,0.39,0.44,2023-10-21,704,N20,VIIRS,n,2,297.25,7.48,D,0,VIIRS_NOAA20_SP
27.72191,96.24854,339.74,0.39,0.44,2023-10-21,704,N20,VIIRS,n,2,298.84,3.93,D,0,VIIRS_NOAA20_SP
27.72858,96.27176,326.51,0.39,0.44,2023-10-21,704,N20,VIIRS,l,2,301.08,2.55,D,0,VIIRS_NOAA20_SP
27.72988,96.28362,331.98,0.39,0.44,2023-10-21,704,N20,VIIRS,n,2,299.83,2.83,D,0,VIIRS_NOAA20_SP
27.7313,96.25929,328.85,0.39,0.44,2023-10-21,704,N20,VIIRS,n,2,298.77,2.65,D,0,VIIRS_NOAA20_SP
27.74512,96.30987,325.39,0.4,0.44,2023-10-21,704,N20,VIIRS,n,2,299.37,1.77,D,0,VIIRS_NOAA20_SP
27.76502,96.1585,340.41,0.39,0.44,2023-10-21,704,N20,VIIRS,n,2,300.09,4.78,D,0,VIIRS_NOAA20_SP
27.87765,96.31336,330.96,0.4,0.44,2023-10-21,704,N20,VIIRS,l,2,304.29,4.08,D,0,VIIRS_NOAA20_SP
27.88961,96.09394,328.78,0.39,0.44,2023-10-21,704,N20,VIIRS,n,2,297.95,2.67,D,0,VIIRS_NOAA20_SP
27.93767,96.70474,341.81,0.42,0.45,2023-10-21,704,N20,VIIRS,n,2,297.21,5.04,D,0,VIIRS_NOAA20_SP
27.94834,96.64879,328.4,0.42,0.45,2023-10-21,704,N20,VIIRS,n,2,295.61,2.23,D,0,VIIRS_NOAA20_SP
27.95039,96.64926,334.3,0.42,0.45,2023-10-21,704,N20,VIIRS,n,2,296.19,3.68,D,0,VIIRS_NOAA20_SP
28.11164,95.47198,332.69,0.54,0.42,2023-10-21,704,N20,VIIRS,n,2,299.69,4.63,D,0,VIIRS_NOAA20_SP
27.79723,77.54666,350.83,0.54,0.67,2023-10-21,705,N20,VIIRS,n,2,298.55,9.12,D,0,VIIRS_NOAA20_SP
27.79797,77.54904,343.47,0.54,0.68,2023-10-21,705,N20,VIIRS,n,2,297.57,5.12,D,0,VIIRS_NOAA20_SP
28.41533,80.12216,331.98,0.36,0.58,2023-10-21,705,N20,VIIRS,n,2,297.57,1.91,D,0,VIIRS_NOAA20_SP
28.59674,79.62992,336.5,0.39,0.59,2023-10-21,705,N20,VIIRS,n,2,296.6,2.36,D,0,VIIRS_NOAA20_SP
28.82255,79.86272,332.84,0.37,0.58,2023-10-21,705,N20,VIIRS,n,2,299.95,2.04,D,0,VIIRS_NOAA20_SP
28.8233,79.8628,332.91,0.37,0.58,2023-10-21,705,N20,VIIRS,n,2,300.12,2.08,D,0,VIIRS_NOAA20_SP
28.82445,79.3176,336.86,0.4,0.6,2023-10-21,705,N20,VIIRS,n,2,299.87,3.66,D,0,VIIRS_NOAA20_SP
28.83746,79.66757,329.16,0.38,0.59,2023-10-21,705,N20,VIIRS,n,2,300.19,1.52,D,0,VIIRS_NOAA20_SP
28.86139,79.90963,327.75,0.37,0.58,2023-10-21,705,N20,VIIRS,n,2,300.53,1.38,D,0,VIIRS_NOAA20_SP
28.86719,79.69872,332.11,0.38,0.58,2023-10-21,705,N20,VIIRS,n,2,301.51,2.18,D,0,VIIRS_NOAA20_SP
28.87852,79.95874,331.32,0.36,0.58,2023-10-21,705,N20,VIIRS,n,2,300.1,2.34,D,0,VIIRS_NOAA20_SP
28.87859,79.77097,330.73,0.37,0.58,2023-10-21,705,N20,VIIRS,n,2,300.05,1.52,D,0,VIIRS_NOAA20_SP
28.88378,79.84039,334.14,0.37,0.58,2023-10-21,705,N20,VIIRS,n,2,301.04,2.22,D,0,VIIRS_NOAA20_SP
28.89631,79.4505,335.77,0.39,0.59,2023-10-21,705,N20,VIIRS,n,2,302.13,3.23,D,0,VIIRS_NOAA20_SP
28.8967,79.84823,333.4,0.37,0.58,2023-10-21,705,N20,VIIRS,n,2,299.72,1.8,D,0,VIIRS_NOAA20_SP
28.89723,79.45435,331.83,0.39,0.59,2023-10-21,705,N20,VIIRS,n,2,299.82,3.23,D,0,VIIRS_NOAA20_SP
28.90101,79.84299,328.24,0.37,0.58,2023-10-21,705,N20,VIIRS,n,2,300.21,1.8,D,0,VIIRS_NOAA20_SP
28.90306,79.21093,328.73,0.4,0.6,2023-10-21,705,N20,VIIRS,n,2,298.35,1.94,D,0,VIIRS_NOAA20_SP
28.91363,79.80448,331.12,0.37,0.58,2023-10-21,705,N20,VIIRS,n,2,300.61,1.84,D,0,VIIRS_NOAA20_SP
28.91402,79.8037,328.8,0.37,0.58,2023-10-21,705,N20,VIIRS,l,2,300.42,1.6,D,0,VIIRS_NOAA20_SP
28.94013,79.48061,346.71,0.39,0.59,2023-10-21,705,N20,VIIRS,n,2,298.82,8.15,D,0,VIIRS_NOAA20_SP
28.9424,79.47772,340.25,0.39,0.59,2023-10-21,705,N20,VIIRS,n,2,299.39,4.11,D,0,VIIRS_NOAA20_SP
28.9433,79.48155,336.23,0.39,0.59,2023-10-21,705,N20,VIIRS,n,2,298.29,4.11,D,0,VIIRS_NOAA20_SP
28.94869,79.95312,327.41,0.36,0.58,2023-10-21,705,N20,VIIRS,l,2,301.57,2.04,D,0,VIIRS_NOAA20_SP
28.94926,79.95343,326.68,0.36,0.58,2023-10-21,705,N20,VIIRS,l,2,301.61,1.18,D,0,VIIRS_NOAA20_SP
28.95072,79.77362,327.88,0.37,0.58,2023-10-21,705,N20,VIIRS,n,2,300.01,1.69,D,0,VIIRS_NOAA20_SP
28.95813,79.94641,327.97,0.36,0.58,2023-10-21,705,N20,VIIRS,n,2,300.0,1.84,D,0,VIIRS_NOAA20_SP
28.96124,79.93442,338.2,0.36,0.58,2023-10-21,705,N20,VIIRS,n,2,302.92,2.29,D,0,VIIRS_NOAA20_SP
28.96394,79.97163,333.31,0.36,0.57,2023-10-21,705,N20,VIIRS,n,2,300.31,2.04,D,0,VIIRS_NOAA20_SP
28.96465,79.9719,336.54,0.36,0.57,2023-10-21,705,N20,VIIRS,n,2,300.57,2.0,D,0,VIIRS_NOAA20_SP
28.96477,79.97522,329.18,0.36,0.57,2023-10-21,705,N20,VIIRS,l,2,300.72,2.04,D,0,VIIRS_NOAA20_SP
28.9655,79.97548,332.01,0.36,0.57,2023-10-21,705,N20,VIIRS,n,2,300.96,2.0,D,0,VIIRS_NOAA20_SP
28.96781,79.36021,335.94,0.39,0.59,2023-10-21,705,N20,VIIRS,n,2,296.96,2.5,D,0,VIIRS_NOAA20_SP
28.98114,79.43934,343.31,0.39,0.59,2023-10-21,705,N20,VIIRS,n,2,298.64,3.9,D,0,VIIRS_NOAA20_SP
28.98786,79.69504,333.0,0.37,0.58,2023-10-21,705,N20,VIIRS,n,2,299.33,2.32,D,0,VIIRS_NOAA20_SP
28.99663,79.71409,327.34,0.37,0.58,2023-10-21,705,N20,VIIRS,l,2,297.72,2.09,D,0,VIIRS_NOAA20_SP
28.9974,79.712,328.37,0.37,0.58,2023-10-21,705,N20,VIIRS,n,2,299.01,1.99,D,0,VIIRS_NOAA20_SP
29.31386,75.67362,330.51,0.63,0.72,2023-10-21,705,N20,VIIRS,n,2,297.77,2.98,D,0,VIIRS_NOAA20_SP
29.31505,75.67455,331.42,0.63,0.72,2023-10-21,705,N20,VIIRS,n,2,297.64,3.37,D,0,VIIRS_NOAA20_SP
29.60174,76.61613,340.24,0.55,0.68,2023-10-21,705,N20,VIIRS,n,2,299.36,4.83,D,0,VIIRS_NOAA20_SP
29.62123,75.7859,337.21,0.61,0.71,2023-10-21,705,N20,VIIRS,n,2,295.58,5.19,D,0,VIIRS_NOAA20_SP
29.66825,76.91823,343.07,0.53,0.67,2023-10-21,705,N20,VIIRS,n,2,300.29,12.96,D,0,VIIRS_NOAA20_SP
29.66962,76.92344,367.0,0.52,0.67,2023-10-21,705,N20,VIIRS,h,2,299.07,14.26,D,0,VIIRS_NOAA20_SP
29.81461,75.75837,334.32,0.61,0.71,2023-10-21,705,N20,VIIRS,n,2,294.49,7.24,D,0,VIIRS_NOAA20_SP
29.83378,76.18919,346.6,0.57,0.69,2023-10-21,705,N20,VIIRS,n,2,297.99,7.81,D,0,VIIRS_NOAA20_SP
29.99954,76.69141,334.85,0.53,0.67,2023-10-21,705,N20,VIIRS,n,2,300.31,3.98,D,0,VIIRS_NOAA20_SP
30.0,76.694,333.29,0.53,0.67,2023-10-21,705,N20,VIIRS,n,2,299.29,4.27,D,0,VIIRS_NOAA20_SP
30.04776,76.11128,346.58,0.57,0.69,2023-10-21,705,N20,VIIRS,n,2,295.89,6.74,D,0,VIIRS_NOAA20_SP
30.13101,76.30642,332.8,0.55,0.68,2023-10-21,705,N20,VIIRS,n,2,298.13,4.41,D,0,VIIRS_NOAA20_SP
30.13318,76.30803,332.78,0.56,0.68,2023-10-21,705,N20,VIIRS,n,2,297.36,3.76,D,0,VIIRS_NOAA20_SP
30.2169,76.89826,328.79,0.51,0.66,2023-10-21,705,N20,VIIRS,n,2,299.34,2.4,D,0,VIIRS_NOAA20_SP
30.2515,76.19382,328.78,0.56,0.69,2023-10-21,705,N20,VIIRS,n,2,297.21,3.26,D,0,VIIRS_NOAA20_SP
30.28662,76.0129,333.62,0.57,0.69,2023-10-21,705,N20,VIIRS,n,2,296.56,4.99,D,0,VIIRS_NOAA20_SP
30.29001,76.01376,336.02,0.57,0.69,2023-10-21,705,N20,VIIRS,n,2,296.86,4.78,D,0,VIIRS_NOAA20_SP
30.45976,77.69602,327.65,0.45,0.63,2023-10-21,705,N20,VIIRS,n,2,299.68,1.15,D,0,VIIRS_NOAA20_SP
30.46756,77.67882,331.28,0.45,0.63,2023-10-21,705,N20,VIIRS,n,2,300.9,3.28,D,0,VIIRS_NOAA20_SP
30.44245,76.20209,325.17,0.55,0.68,2023-10-21,706,N20,VIIRS,n,2,297.76,1.56,D,0,VIIRS_NOAA20_SP
30.59754,76.58705,335.82,0.52,0.67,2023-10-21,706,N20,VIIRS,n,2,296.98,3.15,D,0,VIIRS_NOAA20_SP
30.77774,74.54825,334.33,0.67,0.74,2023-10-21,706,N20,VIIRS,n,2,291.92,5.52,D,0,VIIRS_NOAA20_SP
30.78064,74.5462,333.94,0.67,0.74,2023-10-21,706,N20,VIIRS,n,2,292.33,3.06,D,0,VIIRS_NOAA20_SP
30.86245,76.11059,325.17,0.55,0.68,2023-10-21,706,N20,VIIRS,l,2,296.62,2.75,D,0,VIIRS_NOAA20_SP
30.98851,76.54185,330.21,0.51,0.66,2023-10-21,706,N20,VIIRS,n,2,298.59,3.52,D,0,VIIRS_NOAA20_SP
31.19871,74.66907,329.18,0.65,0.73,2023-10-21,706,N20,VIIRS,n,2,293.99,7.55,D,0,VIIRS_NOAA20_SP
31.53811,75.0647,343.19,0.6,0.71,2023-10-21,706,N20,VIIRS,n,2,294.9,5.98,D,0,VIIRS_NOAA20_SP
31.90894,73.62503,326.52,0.71,0.75,2023-10-21,706,N20,VIIRS,n,2,291.81,4.5,D,0,VIIRS_NOAA20_SP
31.91588,73.5984,343.23,0.71,0.75,2023-10-21,706,N20,VIIRS,n,2,292.52,9.16,D,0,VIIRS_NOAA20_SP
31.91775,73.59923,338.97,0.71,0.75,2023-10-21,706,N20,VIIRS,n,2,292.21,7.63,D,0,VIIRS_NOAA20_SP
36.9362,80.43458,332.82,0.45,0.47,2023-10-21,707,N20,VIIRS,n,2,302.4,5.14,D,0,VIIRS_NOAA20_SP
36.93728,80.43942,342.24,0.45,0.47,2023-10-21,707,N20,VIIRS,n,2,305.05,5.14,D,0,VIIRS_NOAA20_SP
9.1317,80.14867,337.68,0.45,0.63,2023-10-21,840,N20,VIIRS,n,2,289.47,4.3,D,0,VIIRS_NOAA20_SP
9.13225,80.14945,340.89,0.45,0.63,2023-10-21,840,N20,VIIRS,n,2,289.23,4.37,D,0,VIIRS_NOAA20_SP
9.27677,77.86704,331.69,0.63,0.54,2023-10-21,840,N20,VIIRS,n,2,299.09,6.43,D,0,VIIRS_NOAA20_SP
9.27803,77.87099,334.34,0.63,0.54,2023-10-21,840,N20,VIIRS,n,2,298.72,4.25,D,0,VIIRS_NOAA20_SP
9.6167,78.92299,336.17,0.38,0.58,2023-10-21,840,N20,VIIRS,n,2,294.54,2.44,D,0,VIIRS_NOAA20_SP
12.13399,76.54225,340.68,0.56,0.52,2023-10-21,841,N20,VIIRS,n,2,296.5,8.73,D,0,VIIRS_NOAA20_SP
13.02331,78.17581,340.85,0.37,0.58,2023-10-21,841,N20,VIIRS,n,2,295.27,3.22,D,0,VIIRS_NOAA20_SP
14.22685,77.25262,335.43,0.33,0.56,2023-10-21,841,N20,VIIRS,n,2,297.39,3.4,D,0,VIIRS_NOAA20_SP
14.94355,77.69617,333.65,0.37,0.58,2023-10-21,841,N20,VIIRS,n,2,298.87,2.94,D,0,VIIRS_NOAA20_SP
15.17522,76.65815,331.0,0.63,0.54,2023-10-21,842,N20,VIIRS,l,2,305.22,6.38,D,2,VIIRS_NOAA20_SP
15.33454,78.63435,335.95,0.43,0.62,2023-10-21,842,N20,VIIRS,n,2,297.04,6.09,D,0,VIIRS_NOAA20_SP
15.33713,78.63491,345.03,0.43,0.62,2023-10-21,842,N20,VIIRS,n,2,297.16,6.07,D,0,VIIRS_NOAA20_SP
15.77861,78.5248,344.78,0.43,0.62,2023-10-21,842,N20,VIIRS,n,2,296.93,4.38,D,0,VIIRS_NOAA20_SP
15.9554,73.51641,330.99,0.4,0.44,2023-10-21,842,N20,VIIRS,n,2,297.98,2.45,D,0,VIIRS_NOAA20_SP
16.54203,77.17578,350.72,0.35,0.57,2023-10-21,842,N20,VIIRS,n,2,298.06,6.39,D,0,VIIRS_NOAA20_SP
16.54222,77.1776,345.53,0.35,0.57,2023-10-21,842,N20,VIIRS,n,2,293.91,6.03,D,0,VIIRS_NOAA20_SP
16.86686,78.15414,331.77,0.42,0.61,2023-10-21,842,N20,VIIRS,n,2,298.05,2.89,D,0,VIIRS_NOAA20_SP
18.6902,73.04259,330.99,0.41,0.45,2023-10-21,843,N20,VIIRS,l,2,301.09,3.79,D,2,VIIRS_NOAA20_SP
18.71266,75.00889,341.06,0.54,0.51,2023-10-21,843,N20,VIIRS,n,2,298.08,14.57,D,0,VIIRS_NOAA20_SP
18.97258,71.62249,330.76,0.51,0.41,2023-10-21,843,N20,VIIRS,n,2,297.69,2.21,D,3,VIIRS_NOAA20_SP
19.16577,72.18696,337.04,0.55,0.43,2023-10-21,843,N20,VIIRS,n,2,297.05,5.22,D,3,VIIRS_NOAA20_SP
19.38882,76.72408,331.42,0.36,0.57,2023-10-21,843,N20,VIIRS,n,2,302.45,2.57,D,0,VIIRS_NOAA20_SP
19.50852,76.49048,331.37,0.35,0.57,2023-10-21,843,N20,VIIRS,n,2,300.27,2.09,D,0,VIIRS_NOAA20_SP
21.10142,72.63556,342.23,0.41,0.45,2023-10-21,843,N20,VIIRS,n,2,303.23,6.06,D,2,VIIRS_NOAA20_SP
21.10283,72.64751,335.71,0.41,0.45,2023-10-21,843,N20,VIIRS,n,2,302.62,6.61,D,2,VIIRS_NOAA20_SP
21.10696,72.64696,350.38,0.41,0.45,2023-10-21,843,N20,VIIRS,n,2,299.82,6.61,D,2,VIIRS_NOAA20_SP
22.11007,77.10844,330.13,0.41,0.61,2023-10-21,843,N20,VIIRS,l,2,301.17,2.61,D,0,VIIRS_NOAA20_SP
22.14188,79.73447,330.55,0.61,0.71,2023-10-21,843,N20,VIIRS,n,2,293.51,4.44,D,0,VIIRS_NOAA20_SP
21.51213,70.40424,339.54,0.47,0.4,2023-10-21,844,N20,VIIRS,n,2,308.91,3.73,D,0,VIIRS_NOAA20_SP
21.8416,70.91854,338.51,0.51,0.41,2023-10-21,844,N20,VIIRS,n,2,305.27,3.09,D,0,VIIRS_NOAA20_SP
22.00096,73.27256,330.71,0.46,0.47,2023-10-21,844,N20,VIIRS,n,2,302.0,2.38,D,0,VIIRS_NOAA20_SP
22.00192,73.26958,331.28,0.46,0.47,2023-10-21,844,N20,VIIRS,n,2,302.46,2.34,D,0,VIIRS_NOAA20_SP
22.47441,77.57714,334.98,0.44,0.63,2023-10-21,844,N20,VIIRS,n,2,297.49,3.9,D,0,VIIRS_NOAA20_SP
22.48772,77.66386,340.97,0.45,0.63,2023-10-21,844,N20,VIIRS,n,2,300.89,4.5,D,0,VIIRS_NOAA20_SP
22.52198,77.58192,333.35,0.44,0.63,2023-10-21,844,N20,VIIRS,n,2,300.71,1.51,D,0,VIIRS_NOAA20_SP
22.52269,77.59059,330.54,0.45,0.63,2023-10-21,844,N20,VIIRS,n,2,299.83,4.23,D,0,VIIRS_NOAA20_SP
22.52843,77.59414,334.3,0.45,0.63,2023-10-21,844,N20,VIIRS,n,2,300.45,3.4,D,0,VIIRS_NOAA20_SP
22.6087,77.9167,333.27,0.47,0.64,2023-10-21,844,N20,VIIRS,n,2,298.5,3.61,D,0,VIIRS_NOAA20_SP
22.66922,77.59017,338.84,0.45,0.63,2023-10-21,844,N20,VIIRS,n,2,301.5,6.9,D,0,VIIRS_NOAA20_SP
22.71554,77.36843,331.1,0.43,0.62,2023-10-21,844,N20,VIIRS,n,2,299.42,2.2,D,0,VIIRS_NOAA20_SP
22.7196,77.36794,330.85,0.43,0.62,2023-10-21,844,N20,VIIRS,n,2,299.92,3.59,D,0,VIIRS_NOAA20_SP
22.78975,70.92948,336.69,0.52,0.41,2023-10-21,844,N20,VIIRS,l,2,309.25,5.54,D,0,VIIRS_NOAA20_SP
22.79067,70.93173,338.28,0.52,0.41,2023-10-21,844,N20,VIIRS,n,2,309.0,7.43,D,0,VIIRS_NOAA20_SP
22.92235,70.10847,339.31,0.47,0.4,2023-10-21,844,N20,VIIRS,l,2,312.78,17.45,D,0,VIIRS_NOAA20_SP
23.13237,68.9649,334.04,0.43,0.38,2023-10-21,844,N20,VIIRS,l,2,307.32,1.86,D,0,VIIRS_NOAA20_SP
23.15346,68.86005,334.19,0.42,0.38,2023-10-21,844,N20,VIIRS,n,2,304.73,1.75,D,0,VIIRS_NOAA20_SP
23.24059,77.83478,347.56,0.47,0.64,2023-10-21,844,N20,VIIRS,n,2,302.56,5.27,D,0,VIIRS_NOAA20_SP
23.32856,77.83892,331.09,0.47,0.64,2023-10-21,844,N20,VIIRS,n,2,299.78,3.12,D,0,VIIRS_NOAA20_SP
23.37772,78.00112,330.13,0.48,0.65,2023-10-21,844,N20,VIIRS,n,2,299.37,3.1,D,0,VIIRS_NOAA20_SP
23.57072,77.50359,342.15,0.45,0.63,2023-10-21,844,N20,VIIRS,n,2,304.78,6.0,D,0,VIIRS_NOAA20_SP
23.57092,77.50316,344.47,0.45,0.63,2023-10-21,844,N20,VIIRS,n,2,305.47,5.15,D,0,VIIRS_NOAA20_SP
23.59317,79.81962,330.67,0.63,0.72,2023-10-21,844,N20,VIIRS,n,2,297.84,5.13,D,0,VIIRS_NOAA20_SP
23.61075,79.14968,335.4,0.57,0.69,2023-10-21,844,N20,VIIRS,n,2,300.44,5.84,D,0,VIIRS_NOAA20_SP
24.23461,77.45184,336.92,0.46,0.63,2023-10-21,844,N20,VIIRS,n,2,303.1,4.14,D,0,VIIRS_NOAA20_SP
24.3495,77.42119,333.2,0.45,0.63,2023-10-21,844,N20,VIIRS,n,2,302.53,5.7,D,0,VIIRS_NOAA20_SP
24.34986,77.42572,353.92,0.46,0.63,2023-10-21,844,N20,VIIRS,n,2,303.19,5.7,D,0,VIIRS_NOAA20_SP
24.36499,78.1021,331.61,0.5,0.66,2023-10-21,844,N20,VIIRS,l,2,304.46,3.28,D,0,VIIRS_NOAA20_SP
24.39331,77.98933,346.96,0.49,0.65,2023-10-21,844,N20,VIIRS,n,2,301.3,5.88,D,0,VIIRS_NOAA20_SP
24.46361,77.45776,333.34,0.46,0.63,2023-10-21,844,N20,VIIRS,n,2,300.12,4.24,D,0,VIIRS_NOAA20_SP
24.46546,78.03912,337.51,0.5,0.66,2023-10-21,844,N20,VIIRS,n,2,298.99,2.74,D,0,VIIRS_NOAA20_SP
24.53234,77.44036,343.91,0.46,0.63,2023-10-21,844,N20,VIIRS,n,2,300.68,3.08,D,0,VIIRS_NOAA20_SP
24.57522,77.93356,332.11,0.49,0.65,2023-10-21,844,N20,VIIRS,n,2,300.48,3.0,D,0,VIIRS_NOAA20_SP
24.66291,76.35638,352.11,0.39,0.59,2023-10-21,844,N20,VIIRS,n,2,308.59,5.45,D,0,VIIRS_NOAA20_SP
24.67336,76.872,330.73,0.42,0.61,2023-10-21,844,N20,VIIRS,l,2,303.28,2.52,D,0,VIIRS_NOAA20_SP
24.68326,76.96211,333.93,0.43,0.62,2023-10-21,844,N20,VIIRS,l,2,304.77,4.17,D,0,VIIRS_NOAA20_SP
24.6844,77.00323,343.49,0.43,0.62,2023-10-21,844,N20,VIIRS,n,2,304.09,4.89,D,0,VIIRS_NOAA20_SP
24.68655,76.96033,342.23,0.43,0.62,2023-10-21,844,N20,VIIRS,n,2,305.58,4.46,D,0,VIIRS_NOAA20_SP
24.69533,76.96957,334.28,0.43,0.62,2023-10-21,844,N20,VIIRS,n,2,303.39,2.32,D,0,VIIRS_NOAA20_SP
24.69866,76.96765,339.74,0.43,0.62,2023-10-21,844,N20,VIIRS,n,2,305.39,4.01,D,0,VIIRS_NOAA20_SP
24.70407,76.93458,343.51,0.43,0.62,2023-10-21,844,N20,VIIRS,n,2,303.71,4.04,D,0,VIIRS_NOAA20_SP
24.70718,76.93288,343.32,0.43,0.62,2023-10-21,844,N20,VIIRS,n,2,305.0,3.45,D,0,VIIRS_NOAA20_SP
24.71421,77.08305,336.7,0.44,0.62,2023-10-21,844,N20,VIIRS,n,2,306.45,4.86,D,0,VIIRS_NOAA20_SP
24.71582,77.08459,341.54,0.44,0.62,2023-10-21,844,N20,VIIRS,n,2,305.75,5.14,D,0,VIIRS_NOAA20_SP
24.72548,77.14785,332.53,0.44,0.62,2023-10-21,844,N20,VIIRS,l,2,305.17,5.07,D,0,VIIRS_NOAA20_SP
24.73666,76.98312,354.26,0.43,0.62,2023-10-21,844,N20,VIIRS,n,2,306.82,10.3,D,0,VIIRS_NOAA20_SP
24.737,76.9874,355.3,0.43,0.62,2023-10-21,844,N20,VIIRS,n,2,303.88,10.3,D,0,VIIRS_NOAA20_SP
24.80875,69.29134,341.4,0.46,0.39,2023-10-21,844,N20,VIIRS,n,2,309.03,5.73,D,0,VIIRS_NOAA20_SP
24.80924,77.09364,339.71,0.44,0.62,2023-10-21,844,N20,VIIRS,n,2,300.49,3.89,D,0,VIIRS_NOAA20_SP
24.81035,77.09388,331.7,0.44,0.62,2023-10-21,844,N20,VIIRS,n,2,300.12,3.03,D,0,VIIRS_NOAA20_SP
24.84083,77.11295,330.49,0.44,0.62,2023-10-21,844,N20,VIIRS,n,2,301.65,7.49,D,0,VIIRS_NOAA20_SP
24.84117,77.11729,367.0,0.44,0.62,2023-10-21,844,N20,VIIRS,h,2,302.99,7.49,D,0,VIIRS_NOAA20_SP
24.85917,77.12462,331.63,0.44,0.62,2023-10-21,844,N20,VIIRS,n,2,298.93,1.89,D,0,VIIRS_NOAA20_SP
24.87506,77.10545,344.97,0.44,0.62,2023-10-21,844,N20,VIIRS,n,2,299.92,4.44,D,0,VIIRS_NOAA20_SP
24.87977,77.09181,356.1,0.44,0.62,2023-10-21,844,N20,VIIRS,n,2,306.05,8.83,D,0,VIIRS_NOAA20_SP
24.88012,77.09617,352.98,0.44,0.62,2023-10-21,844,N20,VIIRS,n,2,302.57,8.83,D,0,VIIRS_NOAA20_SP
24.93473,69.40189,332.85,0.46,0.39,2023-10-21,844,N20,VIIRS,l,2,307.09,2.45,D,0,VIIRS_NOAA20_SP
24.98477,76.87207,330.2,0.43,0.62,2023-10-21,844,N20,VIIRS,n,2,303.34,5.47,D,0,VIIRS_NOAA20_SP
24.98512,76.8763,367.0,0.43,0.62,2023-10-21,844,N20,VIIRS,h,2,303.6,8.17,D,0,VIIRS_NOAA20_SP
24.99019,76.14576,335.32,0.38,0.59,2023-10-21,844,N20,VIIRS,n,2,304.68,2.07,D,0,VIIRS_NOAA20_SP
25.00072,76.99535,338.76,0.43,0.62,2023-10-21,844,N20,VIIRS,n,2,303.69,3.58,D,0,VIIRS_NOAA20_SP
25.00224,76.99557,338.57,0.43,0.62,2023-10-21,844,N20,VIIRS,n,2,303.3,2.25,D,0,VIIRS_NOAA20_SP
25.04981,77.01304,335.4,0.44,0.62,2023-10-21,844,N20,VIIRS,n,2,302.61,3.99,D,0,VIIRS_NOAA20_SP
25.05358,76.43484,335.58,0.4,0.6,2023-10-21,844,N20,VIIRS,n,2,304.55,2.37,D,0,VIIRS_NOAA20_SP
25.05754,76.16258,331.72,0.38,0.59,2023-10-21,844,N20,VIIRS,n,2,301.9,2.22,D,0,VIIRS_NOAA20_SP
25.07905,76.94546,332.88,0.43,0.62,2023-10-21,844,N20,VIIRS,l,2,303.93,6.72,D,0,VIIRS_NOAA20_SP
25.10044,76.99555,367.0,0.43,0.62,2023-10-21,844,N20,VIIRS,h,2,302.15,13.58,D,0,VIIRS_NOAA20_SP
25.11838,77.00275,334.79,0.44,0.62,2023-10-21,844,N20,VIIRS,n,2,302.12,3.69,D,0,VIIRS_NOAA20_SP
25.11988,77.00214,335.27,0.44,0.62,2023-10-21,844,N20,VIIRS,n,2,303.87,3.39,D,0,VIIRS_NOAA20_SP
25.15537,77.01212,367.0,0.44,0.62,2023-10-21,844,N20,VIIRS,h,2,306.6,8.15,D,0,VIIRS_NOAA20_SP
25.16111,77.0116,345.79,0.44,0.62,2023-10-21,844,N20,VIIRS,n,2,304.16,8.15,D,0,VIIRS_NOAA20_SP
25.16721,77.01546,334.89,0.44,0.62,2023-10-21,844,N20,VIIRS,n,2,302.6,5.14,D,0,VIIRS_NOAA20_SP
25.17512,76.02222,330.51,0.38,0.59,2023-10-21,844,N20,VIIRS,l,2,304.1,0.74,D,0,VIIRS_NOAA20_SP
25.25364,76.99493,338.38,0.44,0.62,2023-10-21,844,N20,VIIRS,n,2,301.97,4.76,D,0,VIIRS_NOAA20_SP
25.25731,76.02605,335.7,0.38,0.59,2023-10-21,844,N20,VIIRS,n,2,307.11,5.1,D,0,VIIRS_NOAA20_SP
25.2596,76.02618,367.0,0.38,0.59,2023-10-21,844,N20,VIIRS,h,2,308.88,9.69,D,0,VIIRS_NOAA20_SP
25.26273,76.02557,367.0,0.38,0.59,2023-10-21,844,N20,VIIRS,h,2,305.95,5.1,D,0,VIIRS_NOAA20_SP
25.27333,75.9943,335.24,0.38,0.59,2023-10-21,844,N20,VIIRS,n,2,303.98,3.64,D,0,VIIRS_NOAA20_SP
25.29634,75.81913,332.28,0.37,0.58,2023-10-21,844,N20,VIIRS,n,2,305.24,1.75,D,0,VIIRS_NOAA20_SP
25.35244,75.96396,337.88,0.38,0.58,2023-10-21,844,N20,VIIRS,n,2,306.87,2.71,D,0,VIIRS_NOAA20_SP
25.35339,76.84519,330.23,0.43,0.62,2023-10-21,844,N20,VIIRS,l,2,300.45,2.77,D,0,VIIRS_NOAA20_SP
25.35439,76.85799,337.49,0.43,0.62,2023-10-21,844,N20,VIIRS,n,2,300.5,3.25,D,0,VIIRS_NOAA20_SP
25.3547,75.96301,334.01,0.38,0.58,2023-10-21,844,N20,VIIRS,l,2,306.66,1.62,D,0,VIIRS_NOAA20_SP
25.36799,76.67031,335.41,0.42,0.61,2023-10-21,844,N20,VIIRS,n,2,303.59,2.23,D,0,VIIRS_NOAA20_SP
25.37568,76.69484,342.36,0.42,0.61,2023-10-21,844,N20,VIIRS,n,2,302.38,4.79,D,0,VIIRS_NOAA20_SP
25.40694,76.69212,341.33,0.42,0.61,2023-10-21,844,N20,VIIRS,n,2,303.7,4.34,D,0,VIIRS_NOAA20_SP
25.40959,76.69183,367.0,0.42,0.61,2023-10-21,844,N20,VIIRS,h,2,303.24,9.35,D,0,VIIRS_NOAA20_SP
25.41259,76.69161,338.69,0.42,0.61,2023-10-21,844,N20,VIIRS,n,2,302.85,4.58,D,0,VIIRS_NOAA20_SP
25.41639,75.98376,336.56,0.38,0.59,2023-10-21,844,N20,VIIRS,n,2,303.07,2.98,D,0,VIIRS_NOAA20_SP
25.42538,76.02504,345.88,0.38,0.59,2023-10-21,844,N20,VIIRS,n,2,304.38,5.61,D,0,VIIRS_NOAA20_SP
25.42571,76.02885,355.6,0.38,0.59,2023-10-21,844,N20,VIIRS,n,2,303.24,5.61,D,0,VIIRS_NOAA20_SP
25.43381,76.89423,347.19,0.43,0.62,2023-10-21,844,N20,VIIRS,n,2,303.71,6.04,D,0,VIIRS_NOAA20_SP
25.43413,76.89854,336.24,0.43,0.62,2023-10-21,844,N20,VIIRS,n,2,304.58,6.28,D,0,VIIRS_NOAA20_SP
25.43689,76.03165,336.7,0.38,0.59,2023-10-21,844,N20,VIIRS,n,2,303.69,1.2,D,0,VIIRS_NOAA20_SP
25.43785,76.89367,336.39,0.43,0.62,2023-10-21,844,N20,VIIRS,n,2,303.32,3.78,D,0,VIIRS_NOAA20_SP
25.44895,76.10788,335.69,0.39,0.59,2023-10-21,844,N20,VIIRS,n,2,306.07,2.69,D,0,VIIRS_NOAA20_SP
25.45785,76.08375,340.08,0.38,0.59,2023-10-21,844,N20,VIIRS,n,2,301.97,2.7,D,0,VIIRS_NOAA20_SP
25.45892,76.4912,336.46,0.41,0.6,2023-10-21,844,N20,VIIRS,n,2,300.67,2.36,D,0,VIIRS_NOAA20_SP
25.46417,76.48662,338.72,0.41,0.6,2023-10-21,844,N20,VIIRS,n,2,305.42,5.18,D,0,VIIRS_NOAA20_SP
25.46451,76.49069,349.28,0.41,0.6,2023-10-21,844,N20,VIIRS,n,2,302.82,6.42,D,0,VIIRS_NOAA20_SP
25.48296,76.03548,336.04,0.38,0.59,2023-10-21,844,N20,VIIRS,n,2,303.32,1.78,D,0,VIIRS_NOAA20_SP
25.49053,76.12799,336.44,0.39,0.59,2023-10-21,844,N20,VIIRS,n,2,303.88,2.25,D,0,VIIRS_NOAA20_SP
25.53894,76.66458,341.69,0.42,0.61,2023-10-21,844,N20,VIIRS,n,2,306.7,4.82,D,0,VIIRS_NOAA20_SP
25.54591,76.68086,337.29,0.42,0.61,2023-10-21,844,N20,VIIRS,n,2,305.39,5.54,D,0,VIIRS_NOAA20_SP
25.57318,76.66562,336.81,0.42,0.61,2023-10-21,844,N20,VIIRS,n,2,302.94,2.39,D,0,VIIRS_NOAA20_SP
25.57924,78.32481,330.48,0.53,0.67,2023-10-21,844,N20,VIIRS,n,2,298.51,2.37,D,0,VIIRS_NOAA20_SP
25.65107,77.06184,331.14,0.44,0.63,2023-10-21,844,N20,VIIRS,n,2,298.62,2.59,D,0,VIIRS_NOAA20_SP
25.69614,76.6701,331.23,0.42,0.61,2023-10-21,844,N20,VIIRS,n,2,300.54,2.09,D,0,VIIRS_NOAA20_SP
25.69768,76.48125,348.65,0.41,0.61,2023-10-21,844,N20,VIIRS,n,2,304.54,4.53,D,0,VIIRS_NOAA20_SP
25.77874,78.50228,331.27,0.55,0.68,2023-10-21,844,N20,VIIRS,n,2,298.07,1.59,D,0,VIIRS_NOAA20_SP
25.83404,78.61627,333.62,0.56,0.69,2023-10-21,844,N20,VIIRS,n,2,294.85,3.76,D,0,VIIRS_NOAA20_SP
24.93996,68.16188,335.94,0.42,0.37,2023-10-21,845,N20,VIIRS,l,2,307.46,2.41,D,0,VIIRS_NOAA20_SP
24.97968,68.58996,337.02,0.43,0.38,2023-10-21,845,N20,VIIRS,n,2,306.9,4.73,D,0,VIIRS_NOAA20_SP
25.02667,68.25715,338.66,0.42,0.38,2023-10-21,845,N20,VIIRS,n,2,311.51,4.91,D,0,VIIRS_NOAA20_SP
25.14357,68.85054,335.01,0.44,0.38,2023-10-21,845,N20,VIIRS,n,2,308.0,2.86,D,0,VIIRS_NOAA20_SP
25.21046,68.30094,333.87,0.42,0.38,2023-10-21,845,N20,VIIRS,l,2,307.51,2.8,D,0,VIIRS_NOAA20_SP
25.38778,68.49641,333.42,0.43,0.38,2023-10-21,845,N20,VIIRS,l,2,308.36,1.63,D,0,VIIRS_NOAA20_SP
25.4011,68.56838,335.11,0.43,0.38,2023-10-21,845,N20,VIIRS,n,2,306.82,2.41,D,2,VIIRS_NOAA20_SP
25.52005,68.39886,336.44,0.43,0.38,2023-10-21,845,N20,VIIRS,l,2,307.4,5.06,D,0,VIIRS_NOAA20_SP
25.53556,68.43539,332.58,0.43,0.38,2023-10-21,845,N20,VIIRS,l,2,304.11,2.58,D,0,VIIRS_NOAA20_SP
25.62398,68.44801,335.22,0.43,0.38,2023-10-21,845,N20,VIIRS,l,2,308.46,2.5,D,0,VIIRS_NOAA20_SP
25.63499,68.45059,335.21,0.43,0.38,2023-10-21,845,N20,VIIRS,l,2,306.57,3.44,D,0,VIIRS_NOAA20_SP
25.63621,68.43297,343.91,0.43,0.38,2023-10-21,845,N20,VIIRS,n,2,306.59,5.1,D,0,VIIRS_NOAA20_SP
25.70943,69.3457,330.74,0.47,0.4,2023-10-21,845,N20,VIIRS,l,2,305.46,0.73,D,0,VIIRS_NOAA20_SP
25.7193,68.37724,337.08,0.43,0.38,2023-10-21,845,N20,VIIRS,n,2,306.39,1.6,D,0,VIIRS_NOAA20_SP
25.75957,69.21217,334.72,0.46,0.39,2023-10-21,845,N20,VIIRS,n,2,306.92,2.31,D,0,VIIRS_NOAA20_SP
25.78609,69.10545,331.93,0.46,0.39,2023-10-21,845,N20,VIIRS,l,2,305.69,1.79,D,0,VIIRS_NOAA20_SP
25.79403,68.70035,337.61,0.44,0.38,2023-10-21,845,N20,VIIRS,l,2,309.28,1.91,D,2,VIIRS_NOAA20_SP
25.85176,78.65381,334.77,0.56,0.69,2023-10-21,845,N20,VIIRS,n,2,296.63,6.96,D,0,VIIRS_NOAA20_SP
25.88135,69.23289,332.76,0.46,0.39,2023-10-21,845,N20,VIIRS,l,2,305.99,1.81,D,0,VIIRS_NOAA20_SP
25.88427,77.74421,349.12,0.49,0.65,2023-10-21,845,N20,VIIRS,n,2,300.81,7.16,D,0,VIIRS_NOAA20_SP
25.88463,77.7492,344.58,0.49,0.65,2023-10-21,845,N20,VIIRS,n,2,299.28,7.16,D,0,VIIRS_NOAA20_SP
25.89413,76.50568,330.49,0.41,0.61,2023-10-21,845,N20,VIIRS,l,2,301.24,2.88,D,0,VIIRS_NOAA20_SP
25.90754,76.81727,353.64,0.43,0.62,2023-10-21,845,N20,VIIRS,n,2,302.53,7.32,D,0,VIIRS_NOAA20_SP
25.91326,76.81676,347.54,0.43,0.62,2023-10-21,845,N20,VIIRS,n,2,301.03,5.37,D,0,VIIRS_NOAA20_SP
25.93349,69.25864,337.93,0.47,0.39,2023-10-21,845,N20,VIIRS,n,2,303.79,4.48,D,0,VIIRS_NOAA20_SP
25.93735,76.65157,335.01,0.42,0.61,2023-10-21,845,N20,VIIRS,n,2,300.47,1.82,D,0,VIIRS_NOAA20_SP
25.9422,68.50923,338.48,0.44,0.38,2023-10-21,845,N20,VIIRS,n,2,310.94,2.71,D,0,VIIRS_NOAA20_SP
25.95932,69.28788,333.94,0.47,0.4,2023-10-21,845,N20,VIIRS,l,2,306.57,2.73,D,0,VIIRS_NOAA20_SP
25.9691,69.24841,336.15,0.47,0.39,2023-10-21,845,N20,VIIRS,n,2,307.74,2.66,D,0,VIIRS_NOAA20_SP
25.9711,68.73237,333.61,0.44,0.39,2023-10-21,845,N20,VIIRS,l,2,308.1,0.83,D,0,VIIRS_NOAA20_SP
25.98878,68.72956,331.99,0.44,0.39,2023-10-21,845,N20,VIIRS,l,2,305.65,1.52,D,0,VIIRS_NOAA20_SP
25.99115,68.52792,343.7,0.44,0.38,2023-10-21,845,N20,VIIRS,n,2,310.66,4.98,D,0,VIIRS_NOAA20_SP
25.99815,68.74614,335.13,0.44,0.39,2023-10-21,845,N20,VIIRS,l,2,307.0,2.24,D,0,VIIRS_NOAA20_SP
25.99857,79.33679,350.26,0.62,0.72,2023-10-21,845,N20,VIIRS,n,2,299.03,7.25,D,0,VIIRS_NOAA20_SP
26.00254,68.29335,341.6,0.43,0.38,2023-10-21,845,N20,VIIRS,n,2,308.35,1.97,D,0,VIIRS_NOAA20_SP
26.00486,79.12405,331.57,0.6,0.71,2023-10-21,845,N20,VIIRS,n,2,297.9,2.9,D,0,VIIRS_NOAA20_SP
26.00924,68.94513,331.6,0.45,0.39,2023-10-21,845,N20,VIIRS,l,2,306.48,1.29,D,0,VIIRS_NOAA20_SP
26.00962,68.25385,333.87,0.43,0.38,2023-10-21,845,N20,VIIRS,l,2,308.86,2.81,D,0,VIIRS_NOAA20_SP
26.01123,68.25284,337.03,0.43,0.38,2023-10-21,845,N20,VIIRS,l,2,308.73,2.71,D,0,VIIRS_NOAA20_SP
26.02509,68.29045,332.27,0.43,0.38,2023-10-21,845,N20,VIIRS,l,2,305.45,3.52,D,0,VIIRS_NOAA20_SP
26.04487,68.25244,337.87,0.43,0.38,2023-10-21,845,N20,VIIRS,n,2,307.38,4.02,D,0,VIIRS_NOAA20_SP
26.0491,68.17812,339.34,0.42,0.38,2023-10-21,845,N20,VIIRS,n,2,308.11,4.24,D,0,VIIRS_NOAA20_SP
26.0512,73.54539,339.53,0.54,0.51,2023-10-21,845,N20,VIIRS,n,2,307.39,2.7,D,0,VIIRS_NOAA20_SP
26.05549,68.14687,331.82,0.42,0.38,2023-10-21,845,N20,VIIRS,l,2,305.81,2.21,D,0,VIIRS_NOAA20_SP
26.07506,68.16093,334.16,0.42,0.38,2023-10-21,845,N20,VIIRS,l,2,308.53,4.01,D,0,VIIRS_NOAA20_SP
26.1031,68.66739,333.04,0.44,0.39,2023-10-21,845,N20,VIIRS,l,2,307.49,1.83,D,0,VIIRS_NOAA20_SP
26.11949,68.15913,330.14,0.42,0.38,2023-10-21,845,N20,VIIRS,l,2,303.7,1.87,D,0,VIIRS_NOAA20_SP
26.18872,68.07018,337.45,0.42,0.38,2023-10-21,845,N20,VIIRS,n,2,302.55,2.26,D,0,VIIRS_NOAA20_SP
26.20399,68.3941,336.8,0.43,0.38,2023-10-21,845,N20,VIIRS,n,2,306.51,2.62,D,0,VIIRS_NOAA20_SP
26.27394,77.48371,337.19,0.48,0.65,2023-10-21,845,N20,VIIRS,n,2,299.36,3.39,D,0,VIIRS_NOAA20_SP
26.35689,68.95987,336.16,0.46,0.39,2023-10-21,845,N20,VIIRS,n,2,305.26,3.88,D,0,VIIRS_NOAA20_SP
26.37996,68.33176,334.0,0.43,0.38,2023-10-21,845,N20,VIIRS,n,2,301.97,3.02,D,0,VIIRS_NOAA20_SP
26.606,68.93256,340.14,0.46,0.39,2023-10-21,845,N20,VIIRS,n,2,308.22,3.92,D,0,VIIRS_NOAA20_SP
26.61099,78.56612,332.66,0.56,0.69,2023-10-21,845,N20,VIIRS,n,2,297.38,2.55,D,0,VIIRS_NOAA20_SP
26.82891,68.92913,341.84,0.46,0.39,2023-10-21,845,N20,VIIRS,n,2,305.97,3.91,D,0,VIIRS_NOAA20_SP
26.87138,68.96227,336.42,0.46,0.39,2023-10-21,845,N20,VIIRS,n,2,305.99,4.19,D,0,VIIRS_NOAA20_SP
26.90795,68.98973,334.15,0.46,0.39,2023-10-21,845,N20,VIIRS,l,2,306.09,3.63,D,0,VIIRS_NOAA20_SP
27.20211,68.05989,336.41,0.43,0.38,2023-10-21,845,N20,VIIRS,n,2,303.94,3.77,D,0,VIIRS_NOAA20_SP
27.2234,68.14059,335.67,0.43,0.38,2023-10-21,845,N20,VIIRS,n,2,303.48,1.78,D,0,VIIRS_NOAA20_SP
27.40708,70.84289,330.47,0.39,0.44,2023-10-21,845,N20,VIIRS,l,2,304.28,1.09,D,0,VIIRS_NOAA20_SP
27.40983,71.09361,340.92,0.4,0.44,2023-10-21,845,N20,VIIRS,n,2,306.23,3.4,D,0,VIIRS_NOAA20_SP
27.5352,68.37589,337.37,0.44,0.39,2023-10-21,845,N20,VIIRS,n,2,305.37,4.33,D,0,VIIRS_NOAA20_SP
27.68934,77.46022,353.17,0.49,0.65,2023-10-21,845,N20,VIIRS,n,2,296.92,8.07,D,0,VIIRS_NOAA20_SP
27.69377,77.46177,348.75,0.49,0.65,2023-10-21,845,N20,VIIRS,n,2,296.89,8.24,D,0,VIIRS_NOAA20_SP
27.81818,77.4545,340.11,0.49,0.65,2023-10-21,845,N20,VIIRS,n,2,299.1,4.71,D,0,VIIRS_NOAA20_SP
27.95333,77.44776,355.61,0.5,0.65,2023-10-21,845,N20,VIIRS,n,2,299.12,8.32,D,0,VIIRS_NOAA20_SP
28.00227,77.43038,334.03,0.5,0.65,2023-10-21,845,N20,VIIRS,n,2,298.58,5.03,D,0,VIIRS_NOAA20_SP
28.00718,77.43356,337.41,0.49,0.65,2023-10-21,845,N20,VIIRS,n,2,297.85,5.06,D,0,VIIRS_NOAA20_SP
28.01439,77.42947,331.88,0.5,0.65,2023-10-21,845,N20,VIIRS,n,2,298.19,3.61,D,0,VIIRS_NOAA20_SP
28.19535,77.35448,330.76,0.49,0.65,2023-10-21,845,N20,VIIRS,n,2,298.72,3.45,D,0,VIIRS_NOAA20_SP
28.83801,79.84802,329.5,0.71,0.75,2023-10-21,845,N20,VIIRS,n,2,298.25,3.83,D,0,VIIRS_NOAA20_SP
28.85468,79.91414,332.04,0.71,0.75,2023-10-21,845,N20,VIIRS,n,2,297.54,6.53,D,0,VIIRS_NOAA20_SP
28.85582,79.91327,330.57,0.71,0.75,2023-10-21,845,N20,VIIRS,n,2,298.07,7.24,D,0,VIIRS_NOAA20_SP
28.8809,79.40799,338.53,0.67,0.73,2023-10-21,845,N20,VIIRS,n,2,296.34,7.06,D,0,VIIRS_NOAA20_SP
28.90233,79.42776,330.85,0.67,0.73,2023-10-21,845,N20,VIIRS,n,2,296.68,8.09,D,0,VIIRS_NOAA20_SP
28.90299,79.44167,330.02,0.67,0.74,2023-10-21,845,N20,VIIRS,n,2,297.4,10.2,D,0,VIIRS_NOAA20_SP
28.92513,79.44944,330.69,0.67,0.74,2023-10-21,845,N20,VIIRS,n,2,296.05,6.89,D,0,VIIRS_NOAA20_SP
29.01399,79.74567,341.64,0.7,0.75,2023-10-21,845,N20,VIIRS,n,2,297.87,8.34,D,0,VIIRS_NOAA20_SP
29.06868,75.72121,330.16,0.4,0.6,2023-10-21,845,N20,VIIRS,n,2,300.33,1.54,D,0,VIIRS_NOAA20_SP
29.20728,76.73423,335.11,0.46,0.64,2023-10-21,845,N20,VIIRS,n,2,297.48,2.74,D,0,VIIRS_NOAA20_SP
29.20862,76.73305,336.24,0.46,0.64,2023-10-21,845,N20,VIIRS,n,2,297.8,3.47,D,0,VIIRS_NOAA20_SP
29.25858,76.11206,339.15,0.42,0.61,2023-10-21,845,N20,VIIRS,n,2,300.63,3.77,D,0,VIIRS_NOAA20_SP
29.26127,76.11144,337.84,0.42,0.61,2023-10-21,846,N20,VIIRS,n,2,300.98,4.61,D,0,VIIRS_NOAA20_SP
29.39895,76.62489,343.25,0.46,0.63,2023-10-21,846,N20,VIIRS,n,2,296.85,4.46,D,0,VIIRS_NOAA20_SP
29.39976,76.62354,347.22,0.46,0.63,2023-10-21,846,N20,VIIRS,n,2,297.32,5.11,D,0,VIIRS_NOAA20_SP
29.4158,75.99786,333.07,0.42,0.61,2023-10-21,846,N20,VIIRS,n,2,298.76,2.51,D,0,VIIRS_NOAA20_SP
29.46574,76.01721,332.18,0.42,0.61,2023-10-21,846,N20,VIIRS,n,2,299.94,2.35,D,0,VIIRS_NOAA20_SP
29.47054,75.83472,334.94,0.41,0.61,2023-10-21,846,N20,VIIRS,n,2,299.92,2.58,D,0,VIIRS_NOAA20_SP
29.4718,75.83323,346.25,0.41,0.6,2023-10-21,846,N20,VIIRS,n,2,301.59,4.7,D,0,VIIRS_NOAA20_SP
29.47259,75.99748,333.7,0.42,0.61,2023-10-21,846,N20,VIIRS,n,2,299.03,2.67,D,0,VIIRS_NOAA20_SP
29.47545,76.11633,351.5,0.42,0.61,2023-10-21,846,N20,VIIRS,n,2,297.76,5.1,D,0,VIIRS_NOAA20_SP
29.47802,76.11792,336.41,0.43,0.62,2023-10-21,846,N20,VIIRS,n,2,295.94,6.98,D,0,VIIRS_NOAA20_SP
29.48022,74.53606,332.59,0.34,0.56,2023-10-21,846,N20,VIIRS,n,2,295.97,1.14,D,0,VIIRS_NOAA20_SP
29.48934,75.94532,333.36,0.42,0.61,2023-10-21,846,N20,VIIRS,n,2,299.07,2.95,D,0,VIIRS_NOAA20_SP
29.49294,76.28165,336.45,0.43,0.62,2023-10-21,846,N20,VIIRS,n,2,298.78,4.12,D,0,VIIRS_NOAA20_SP
29.49326,76.28616,334.25,0.44,0.62,2023-10-21,846,N20,VIIRS,n,2,296.53,4.12,D,0,VIIRS_NOAA20_SP
29.49447,76.28355,367.0,0.44,0.62,2023-10-21,846,N20,VIIRS,h,2,298.76,6.62,D,0,VIIRS_NOAA20_SP
29.50563,76.01824,333.18,0.42,0.61,2023-10-21,846,N20,VIIRS,n,2,299.99,2.56,D,0,VIIRS_NOAA20_SP
29.50951,75.99158,334.33,0.42,0.61,2023-10-21,846,N20,VIIRS,n,2,297.25,2.32,D,0,VIIRS_NOAA20_SP
29.5145,76.50687,350.95,0.45,0.63,2023-10-21,846,N20,VIIRS,n,2,300.55,6.16,D,0,VIIRS_NOAA20_SP
29.51461,76.50919,339.37,0.45,0.63,2023-10-21,846,N20,VIIRS,n,2,298.47,7.05,D,0,VIIRS_NOAA20_SP
29.51741,75.86071,332.35,0.41,0.61,2023-10-21,846,N20,VIIRS,n,2,296.35,1.71,D,0,VIIRS_NOAA20_SP
29.52948,76.03386,367.0,0.42,0.61,2023-10-21,846,N20,VIIRS,h,2,304.56,23.21,D,0,VIIRS_NOAA20_SP
29.54778,74.45012,338.43,0.34,0.56,2023-10-21,846,N20,VIIRS,n,2,295.03,2.29,D,0,VIIRS_NOAA20_SP
29.5809,74.53564,349.81,0.34,0.56,2023-10-21,846,N20,VIIRS,n,2,295.13,4.48,D,0,VIIRS_NOAA20_SP
29.58256,74.53548,350.96,0.34,0.56,2023-10-21,846,N20,VIIRS,n,2,294.59,3.74,D,0,VIIRS_NOAA20_SP
29.59282,74.94252,343.42,0.36,0.57,2023-10-21,846,N20,VIIRS,n,2,292.25,3.41,D,0,VIIRS_NOAA20_SP
29.59436,76.06396,350.35,0.42,0.61,2023-10-21,846,N20,VIIRS,n,2,299.67,8.17,D,0,VIIRS_NOAA20_SP
29.59467,76.06837,331.59,0.42,0.61,2023-10-21,846,N20,VIIRS,n,2,297.7,6.47,D,0,VIIRS_NOAA20_SP
29.59685,76.06408,367.0,0.42,0.61,2023-10-21,846,N20,VIIRS,h,2,300.95,9.54,D,0,VIIRS_NOAA20_SP
29.64118,75.28337,336.13,0.38,0.59,2023-10-21,846,N20,VIIRS,n,2,286.4,3.79,D,0,VIIRS_NOAA20_SP
29.64241,75.29919,349.91,0.38,0.59,2023-10-21,846,N20,VIIRS,n,2,290.63,5.57,D,0,VIIRS_NOAA20_SP
29.64441,75.29987,337.39,0.38,0.59,2023-10-21,846,N20,VIIRS,n,2,288.32,5.6,D,0,VIIRS_NOAA20_SP
29.65404,76.7787,341.11,0.47,0.64,2023-10-21,846,N20,VIIRS,n,2,298.95,3.5,D,0,VIIRS_NOAA20_SP
29.67826,71.80466,337.98,0.47,0.48,2023-10-21,846,N20,VIIRS,n,2,294.49,4.74,D,0,VIIRS_NOAA20_SP
29.68598,70.74267,337.02,0.41,0.45,2023-10-21,846,N20,VIIRS,n,2,297.6,1.82,D,0,VIIRS_NOAA20_SP
29.76044,75.37155,343.63,0.39,0.59,2023-10-21,846,N20,VIIRS,n,2,290.14,9.08,D,0,VIIRS_NOAA20_SP
29.78458,72.63532,331.34,0.53,0.5,2023-10-21,846,N20,VIIRS,n,2,294.72,2.2,D,0,VIIRS_NOAA20_SP
29.79635,75.98128,335.58,0.42,0.61,2023-10-21,846,N20,VIIRS,n,2,297.13,2.47,D,0,VIIRS_NOAA20_SP
29.80546,75.86227,348.54,0.41,0.61,2023-10-21,846,N20,VIIRS,n,2,298.2,6.73,D,0,VIIRS_NOAA20_SP
29.80765,76.09784,337.22,0.43,0.62,2023-10-21,846,N20,VIIRS,n,2,298.52,3.74,D,0,VIIRS_NOAA20_SP
29.80955,76.09593,338.66,0.43,0.62,2023-10-21,846,N20,VIIRS,n,2,297.59,3.41,D,0,VIIRS_NOAA20_SP
29.81147,76.15156,343.97,0.43,0.62,2023-10-21,846,N20,VIIRS,n,2,298.65,4.65,D,0,VIIRS_NOAA20_SP
29.81304,76.14972,336.24,0.43,0.62,2023-10-21,846,N20,VIIRS,n,2,298.44,5.09,D,0,VIIRS_NOAA20_SP
29.8179,75.79636,331.82,0.41,0.61,2023-10-21,846,N20,VIIRS,n,2,297.25,3.43,D,0,VIIRS_NOAA20_SP
29.81994,75.74473,335.67,0.41,0.6,2023-10-21,846,N20,VIIRS,n,2,295.15,2.91,D,0,VIIRS_NOAA20_SP
29.82813,75.24901,330.84,0.38,0.59,2023-10-21,846,N20,VIIRS,n,2,293.9,2.36,D,0,VIIRS_NOAA20_SP
29.83651,76.15686,331.92,0.43,0.62,2023-10-21,846,N20,VIIRS,n,2,298.98,3.76,D,0,VIIRS_NOAA20_SP
29.85298,75.97659,330.62,0.42,0.61,2023-10-21,846,N20,VIIRS,n,2,295.01,2.55,D,0,VIIRS_NOAA20_SP
29.87758,75.92172,367.0,0.42,0.61,2023-10-21,846,N20,VIIRS,h,2,292.51,9.38,D,0,VIIRS_NOAA20_SP
29.89937,72.11972,331.22,0.49,0.49,2023-10-21,846,N20,VIIRS,n,2,295.39,2.67,D,0,VIIRS_NOAA20_SP
29.90973,76.3861,367.0,0.45,0.63,2023-10-21,846,N20,VIIRS,h,2,301.74,12.64,D,0,VIIRS_NOAA20_SP
29.90991,76.38388,367.0,0.45,0.63,2023-10-21,846,N20,VIIRS,h,2,302.3,6.84,D,0,VIIRS_NOAA20_SP
29.91019,76.38854,329.67,0.45,0.63,2023-10-21,846,N20,VIIRS,n,2,298.5,6.84,D,0,VIIRS_NOAA20_SP
29.91753,76.32947,337.54,0.44,0.62,2023-10-21,846,N20,VIIRS,n,2,299.52,2.2,D,0,VIIRS_NOAA20_SP
29.92203,76.31052,334.26,0.44,0.62,2023-10-21,846,N20,VIIRS,n,2,298.86,4.67,D,0,VIIRS_NOAA20_SP
29.92268,76.30821,342.89,0.44,0.62,2023-10-21,846,N20,VIIRS,n,2,299.53,4.16,D,0,VIIRS_NOAA20_SP
29.93587,75.73214,331.77,0.41,0.6,2023-10-21,846,N20,VIIRS,n,2,293.87,5.58,D,0,VIIRS_NOAA20_SP
29.94286,72.44257,332.6,0.51,0.5,2023-10-21,846,N20,VIIRS,n,2,293.41,3.04,D,0,VIIRS_NOAA20_SP
29.95884,70.55712,334.1,0.4,0.44,2023-10-21,846,N20,VIIRS,n,2,299.17,3.18,D,0,VIIRS_NOAA20_SP
29.96287,72.56029,345.57,0.52,0.5,2023-10-21,846,N20,VIIRS,n,2,294.55,7.45,D,0,VIIRS_NOAA20_SP
30.00781,76.27828,350.38,0.44,0.62,2023-10-21,846,N20,VIIRS,n,2,299.65,7.15,D,0,VIIRS_NOAA20_SP
30.00854,76.27897,367.0,0.44,0.62,2023-10-21,846,N20,VIIRS,h,2,299.86,9.08,D,0,VIIRS_NOAA20_SP
30.01967,76.282,328.92,0.44,0.62,2023-10-21,846,N20,VIIRS,n,2,297.29,3.43,D,0,VIIRS_NOAA20_SP
30.02008,76.27804,342.6,0.44,0.62,2023-10-21,846,N20,VIIRS,n,2,298.45,4.2,D,0,VIIRS_NOAA20_SP
30.02039,73.21062,336.28,0.57,0.52,2023-10-21,846,N20,VIIRS,n,2,295.8,5.61,D,0,VIIRS_NOAA20_SP
30.05021,75.29875,367.0,0.38,0.59,2023-10-21,846,N20,VIIRS,h,2,295.35,7.13,D,0,VIIRS_NOAA20_SP
30.05413,75.29742,340.56,0.38,0.59,2023-10-21,846,N20,VIIRS,n,2,293.63,4.9,D,0,VIIRS_NOAA20_SP
30.05443,75.30145,328.58,0.38,0.59,2023-10-21,846,N20,VIIRS,n,2,290.89,4.35,D,0,VIIRS_NOAA20_SP
30.0773,72.01194,330.7,0.49,0.48,2023-10-21,846,N20,VIIRS,n,2,294.27,2.49,D,0,VIIRS_NOAA20_SP
30.11071,76.79066,333.21,0.47,0.64,2023-10-21,846,N20,VIIRS,n,2,299.25,3.07,D,0,VIIRS_NOAA20_SP
30.14908,73.96584,344.13,0.32,0.55,2023-10-21,846,N20,VIIRS,n,2,294.99,3.04,D,0,VIIRS_NOAA20_SP
30.16511,72.98904,334.41,0.56,0.51,2023-10-21,846,N20,VIIRS,n,2,294.81,5.64,D,0,VIIRS_NOAA20_SP
30.17944,77.02448,329.23,0.49,0.65,2023-10-21,846,N20,VIIRS,n,2,296.47,4.24,D,0,VIIRS_NOAA20_SP
30.19623,76.03739,342.43,0.43,0.62,2023-10-21,846,N20,VIIRS,n,2,294.13,4.0,D,0,VIIRS_NOAA20_SP
30.22017,76.11317,334.17,0.43,0.62,2023-10-21,846,N20,VIIRS,n,2,294.21,3.97,D,0,VIIRS_NOAA20_SP
30.23976,75.32244,353.66,0.39,0.59,2023-10-21,846,N20,VIIRS,n,2,301.55,17.89,D,0,VIIRS_NOAA20_SP
30.24006,75.32648,328.01,0.39,0.59,2023-10-21,846,N20,VIIRS,n,2,294.26,11.26,D,0,VIIRS_NOAA20_SP
30.24513,70.6473,336.85,0.41,0.45,2023-10-21,846,N20,VIIRS,n,2,297.5,4.54,D,0,VIIRS_NOAA20_SP
30.25609,70.63282,333.36,0.41,0.45,2023-10-21,846,N20,VIIRS,n,2,296.61,2.59,D,0,VIIRS_NOAA20_SP
30.25818,73.27698,333.19,0.58,0.52,2023-10-21,846,N20,VIIRS,n,2,294.41,3.24,D,0,VIIRS_NOAA20_SP
30.27346,70.63908,330.26,0.41,0.45,2023-10-21,846,N20,VIIRS,n,2,295.81,1.29,D,0,VIIRS_NOAA20_SP
30.29141,73.37852,339.21,0.59,0.53,2023-10-21,846,N20,VIIRS,n,2,296.09,4.35,D,0,VIIRS_NOAA20_SP
30.34469,73.53683,346.46,0.6,0.53,2023-10-21,846,N20,VIIRS,n,2,294.98,9.87,D,0,VIIRS_NOAA20_SP
30.34679,73.53574,344.12,0.6,0.53,2023-10-21,846,N20,VIIRS,n,2,295.3,8.57,D,0,VIIRS_NOAA20_SP
30.35395,73.52945,339.25,0.6,0.53,2023-10-21,846,N20,VIIRS,n,2,296.09,10.03,D,0,VIIRS_NOAA20_SP
30.35452,73.53579,331.85,0.6,0.53,2023-10-21,846,N20,VIIRS,n,2,293.44,7.43,D,0,VIIRS_NOAA20_SP
30.3561,73.52832,331.77,0.6,0.53,2023-10-21,846,N20,VIIRS,n,2,295.18,8.38,D,0,VIIRS_NOAA20_SP
30.35662,73.53466,339.8,0.6,0.53,2023-10-21,846,N20,VIIRS,n,2,293.91,8.38,D,0,VIIRS_NOAA20_SP
30.44126,75.49882,331.47,0.4,0.6,2023-10-21,846,N20,VIIRS,n,2,292.63,5.06,D,0,VIIRS_NOAA20_SP
30.51585,73.34501,332.35,0.59,0.53,2023-10-21,846,N20,VIIRS,n,2,295.0,3.72,D,0,VIIRS_NOAA20_SP
30.51902,75.41793,346.4,0.39,0.6,2023-10-21,846,N20,VIIRS,n,2,294.68,4.46,D,0,VIIRS_NOAA20_SP
30.52769,73.33019,332.39,0.59,0.53,2023-10-21,846,N20,VIIRS,n,2,294.37,4.24,D,0,VIIRS_NOAA20_SP
30.53977,73.62314,332.67,0.61,0.54,2023-10-21,846,N20,VIIRS,n,2,295.44,5.33,D,0,VIIRS_NOAA20_SP
30.54759,73.96033,340.4,0.32,0.55,2023-10-21,846,N20,VIIRS,n,2,295.16,3.37,D,0,VIIRS_NOAA20_SP
30.56109,76.33643,331.75,0.45,0.63,2023-10-21,846,N20,VIIRS,n,2,296.5,2.98,D,0,VIIRS_NOAA20_SP
30.56677,74.13456,347.85,0.33,0.55,2023-10-21,846,N20,VIIRS,n,2,293.67,3.59,D,0,VIIRS_NOAA20_SP
30.56783,73.89716,340.68,0.32,0.55,2023-10-21,846,N20,VIIRS,n,2,294.34,2.78,D,0,VIIRS_NOAA20_SP
30.56961,73.73812,341.14,0.63,0.54,2023-10-21,846,N20,VIIRS,n,2,296.87,8.53,D,0,VIIRS_NOAA20_SP
30.57014,73.7374,340.48,0.63,0.54,2023-10-21,846,N20,VIIRS,n,2,296.61,13.47,D,0,VIIRS_NOAA20_SP
30.57482,76.56738,326.57,0.46,0.64,2023-10-21,846,N20,VIIRS,n,2,296.32,2.04,D,0,VIIRS_NOAA20_SP
30.57647,76.56942,332.66,0.46,0.64,2023-10-21,846,N20,VIIRS,n,2,295.57,4.42,D,0,VIIRS_NOAA20_SP
30.5817,76.68575,328.42,0.47,0.64,2023-10-21,846,N20,VIIRS,n,2,292.25,4.37,D,0,VIIRS_NOAA20_SP
30.58523,74.1083,356.26,0.33,0.55,2023-10-21,846,N20,VIIRS,n,2,296.28,14.72,D,0,VIIRS_NOAA20_SP
30.58765,73.52023,341.25,0.61,0.53,2023-10-21,846,N20,VIIRS,n,2,295.14,7.54,D,0,VIIRS_NOAA20_SP
30.58989,73.86062,334.68,0.32,0.54,2023-10-21,846,N20,VIIRS,n,2,294.42,2.79,D,0,VIIRS_NOAA20_SP
30.59018,73.86114,337.9,0.32,0.54,2023-10-21,846,N20,VIIRS,n,2,294.84,2.98,D,0,VIIRS_NOAA20_SP
30.59062,73.74187,337.36,0.63,0.54,2023-10-21,846,N20,VIIRS,n,2,295.11,7.22,D,0,VIIRS_NOAA20_SP
30.60243,75.0239,334.62,0.37,0.58,2023-10-21,846,N20,VIIRS,n,2,296.23,3.0,D,0,VIIRS_NOAA20_SP
30.6109,76.88083,325.48,0.48,0.65,2023-10-21,846,N20,VIIRS,l,2,298.48,2.3,D,0,VIIRS_NOAA20_SP
30.61228,75.48566,343.29,0.4,0.6,2023-10-21,846,N20,VIIRS,n,2,291.83,3.7,D,0,VIIRS_NOAA20_SP
30.6128,75.48557,344.73,0.4,0.6,2023-10-21,846,N20,VIIRS,n,2,292.21,4.2,D,0,VIIRS_NOAA20_SP
30.64207,73.87892,329.77,0.32,0.55,2023-10-21,846,N20,VIIRS,n,2,295.22,1.52,D,0,VIIRS_NOAA20_SP
30.64814,74.28206,329.3,0.34,0.56,2023-10-21,846,N20,VIIRS,n,2,293.49,1.88,D,0,VIIRS_NOAA20_SP
30.65112,73.62368,331.46,0.62,0.54,2023-10-21,846,N20,VIIRS,n,2,295.46,8.13,D,0,VIIRS_NOAA20_SP
30.65525,73.85393,334.29,0.32,0.54,2023-10-21,846,N20,VIIRS,n,2,294.15,2.1,D,0,VIIRS_NOAA20_SP
30.66156,73.80787,352.16,0.63,0.54,2023-10-21,846,N20,VIIRS,n,2,294.36,11.12,D,0,VIIRS_NOAA20_SP
30.6663,74.24812,328.74,0.34,0.56,2023-10-21,846,N20,VIIRS,n,2,294.04,1.31,D,0,VIIRS_NOAA20_SP
30.67505,74.29376,335.58,0.34,0.56,2023-10-21,846,N20,VIIRS,n,2,293.84,4.6,D,0,VIIRS_NOAA20_SP
30.67758,73.93993,367.0,0.32,0.55,2023-10-21,846,N20,VIIRS,h,2,298.13,5.49,D,0,VIIRS_NOAA20_SP
30.67786,73.94331,339.0,0.32,0.55,2023-10-21,846,N20,VIIRS,n,2,294.85,5.49,D,0,VIIRS_NOAA20_SP
30.68154,73.74258,336.37,0.63,0.54,2023-10-21,846,N20,VIIRS,n,2,294.66,6.42,D,0,VIIRS_NOAA20_SP
30.68158,73.74574,332.82,0.63,0.54,2023-10-21,846,N20,VIIRS,n,2,294.49,26.26,D,0,VIIRS_NOAA20_SP
30.68654,73.74207,342.94,0.63,0.54,2023-10-21,846,N20,VIIRS,n,2,300.8,24.79,D,0,VIIRS_NOAA20_SP
30.68657,73.74523,351.93,0.63,0.54,2023-10-21,846,N20,VIIRS,n,2,300.64,26.26,D,0,VIIRS_NOAA20_SP
30.68706,73.74866,334.5,0.63,0.54,2023-10-21,846,N20,VIIRS,n,2,295.39,24.79,D,0,VIIRS_NOAA20_SP
30.69547,73.60269,331.19,0.62,0.54,2023-10-21,846,N20,VIIRS,n,2,295.68,4.41,D,0,VIIRS_NOAA20_SP
30.69832,73.57632,337.74,0.61,0.54,2023-10-21,846,N20,VIIRS,n,2,295.03,3.55,D,0,VIIRS_NOAA20_SP
30.6984,74.00645,336.55,0.33,0.55,2023-10-21,846,N20,VIIRS,n,2,293.29,1.91,D,0,VIIRS_NOAA20_SP
30.69858,73.96218,335.0,0.32,0.55,2023-10-21,846,N20,VIIRS,n,2,295.79,2.33,D,0,VIIRS_NOAA20_SP
30.69979,73.96165,331.67,0.32,0.55,2023-10-21,846,N20,VIIRS,n,2,295.47,1.55,D,0,VIIRS_NOAA20_SP
30.70533,73.85246,339.4,0.32,0.54,2023-10-21,846,N20,VIIRS,n,2,294.73,2.38,D,0,VIIRS_NOAA20_SP
30.71753,75.39801,326.98,0.4,0.6,2023-10-21,846,N20,VIIRS,n,2,294.97,4.67,D,0,VIIRS_NOAA20_SP
30.71781,75.40217,335.1,0.4,0.6,2023-10-21,846,N20,VIIRS,n,2,292.5,4.77,D,0,VIIRS_NOAA20_SP
30.72145,75.687,329.11,0.41,0.61,2023-10-21,846,N20,VIIRS,n,2,297.13,2.63,D,0,VIIRS_NOAA20_SP
30.72384,73.83028,351.25,0.32,0.54,2023-10-21,846,N20,VIIRS,n,2,295.31,4.82,D,0,VIIRS_NOAA20_SP
30.73587,74.6714,351.15,0.36,0.57,2023-10-21,846,N20,VIIRS,n,2,298.99,10.89,D,0,VIIRS_NOAA20_SP
30.73616,74.67517,367.0,0.36,0.57,2023-10-21,846,N20,VIIRS,h,2,295.32,12.03,D,0,VIIRS_NOAA20_SP
30.74001,74.38874,353.93,0.34,0.56,2023-10-21,846,N20,VIIRS,n,2,296.55,7.08,D,0,VIIRS_NOAA20_SP
30.7403,74.39235,339.98,0.34,0.56,2023-10-21,846,N20,VIIRS,n,2,293.56,6.15,D,0,VIIRS_NOAA20_SP
30.74111,74.38947,367.0,0.34,0.56,2023-10-21,846,N20,VIIRS,h,2,296.67,9.4,D,0,VIIRS_NOAA20_SP
30.74115,74.6709,331.36,0.36,0.57,2023-10-21,846,N20,VIIRS,n,2,294.26,10.89,D,0,VIIRS_NOAA20_SP
30.74144,74.67467,349.83,0.36,0.57,2023-10-21,846,N20,VIIRS,n,2,293.77,12.03,D,0,VIIRS_NOAA20_SP
30.74487,73.9027,339.9,0.32,0.55,2023-10-21,846,N20,VIIRS,n,2,293.53,2.46,D,0,VIIRS_NOAA20_SP
30.74748,73.87183,334.93,0.32,0.55,2023-10-21,846,N20,VIIRS,n,2,294.81,2.51,D,0,VIIRS_NOAA20_SP
30.7514,73.98428,337.82,0.32,0.55,2023-10-21,846,N20,VIIRS,n,2,294.52,2.38,D,0,VIIRS_NOAA20_SP
30.75503,74.43571,367.0,0.35,0.56,2023-10-21,846,N20,VIIRS,h,2,297.12,6.1,D,0,VIIRS_NOAA20_SP
30.76791,73.87315,334.2,0.32,0.55,2023-10-21,846,N20,VIIRS,n,2,293.64,2.23,D,0,VIIRS_NOAA20_SP
30.78415,73.82413,333.79,0.32,0.54,2023-10-21,846,N20,VIIRS,n,2,293.39,2.33,D,0,VIIRS_NOAA20_SP
30.78457,74.34161,330.82,0.34,0.56,2023-10-21,846,N20,VIIRS,n,2,292.0,3.26,D,0,VIIRS_NOAA20_SP
30.80212,73.79703,332.66,0.63,0.54,2023-10-21,846,N20,VIIRS,n,2,295.28,10.34,D,0,VIIRS_NOAA20_SP
30.80256,73.8032,330.94,0.64,0.54,2023-10-21,846,N20,VIIRS,n,2,293.67,4.82,D,0,VIIRS_NOAA20_SP
30.80348,74.51978,336.33,0.35,0.57,2023-10-21,846,N20,VIIRS,n,2,294.33,3.44,D,0,VIIRS_NOAA20_SP
30.81595,74.54469,328.39,0.35,0.57,2023-10-21,846,N20,VIIRS,n,2,295.2,1.94,D,0,VIIRS_NOAA20_SP
30.82225,73.86037,334.93,0.32,0.55,2023-10-21,846,N20,VIIRS,n,2,294.61,1.98,D,0,VIIRS_NOAA20_SP
30.82728,73.99017,331.18,0.33,0.55,2023-10-21,846,N20,VIIRS,n,2,294.25,2.68,D,0,VIIRS_NOAA20_SP
30.82909,74.08049,336.42,0.33,0.55,2023-10-21,846,N20,VIIRS,n,2,292.84,2.28,D,0,VIIRS_NOAA20_SP
30.83442,73.82185,348.99,0.32,0.54,2023-10-21,846,N20,VIIRS,n,2,294.38,4.22,D,0,VIIRS_NOAA20_SP
30.83871,73.87569,334.63,0.32,0.55,2023-10-21,846,N20,VIIRS,n,2,293.34,4.09,D,0,VIIRS_NOAA20_SP
30.84556,73.83424,330.0,0.32,0.54,2023-10-21,846,N20,VIIRS,n,2,293.37,1.66,D,0,VIIRS_NOAA20_SP
30.85788,74.1198,329.19,0.33,0.55,2023-10-21,846,N20,VIIRS,n,2,295.57,2.4,D,0,VIIRS_NOAA20_SP
30.85815,74.12329,334.05,0.33,0.55,2023-10-21,846,N20,VIIRS,n,2,294.44,2.4,D,0,VIIRS_NOAA20_SP
30.88468,74.47145,347.92,0.35,0.57,2023-10-21,846,N20,VIIRS,n,2,295.13,5.13,D,0,VIIRS_NOAA20_SP
30.89787,74.4369,344.72,0.35,0.57,2023-10-21,846,N20,VIIRS,n,2,295.0,3.67,D,0,VIIRS_NOAA20_SP
30.90205,74.02779,353.6,0.33,0.55,2023-10-21,846,N20,VIIRS,n,2,291.22,5.31,D,0,VIIRS_NOAA20_SP
30.91438,74.44641,345.68,0.35,0.57,2023-10-21,846,N20,VIIRS,n,2,294.68,5.21,D,0,VIIRS_NOAA20_SP
30.91467,74.45008,347.72,0.35,0.57,2023-10-21,846,N20,VIIRS,n,2,293.75,5.21,D,0,VIIRS_NOAA20_SP
30.92018,74.45326,341.44,0.35,0.57,2023-10-21,846,N20,VIIRS,n,2,294.12,3.36,D,0,VIIRS_NOAA20_SP
30.9355,74.51501,343.41,0.35,0.57,2023-10-21,846,N20,VIIRS,n,2,296.0,3.85,D,0,VIIRS_NOAA20_SP
30.94282,74.8232,330.68,0.37,0.58,2023-10-21,846,N20,VIIRS,n,2,294.95,2.34,D,0,VIIRS_NOAA20_SP
30.94311,74.82705,329.62,0.37,0.58,2023-10-21,846,N20,VIIRS,n,2,294.24,2.34,D,0,VIIRS_NOAA20_SP
30.95116,74.51265,330.45,0.35,0.57,2023-10-21,846,N20,VIIRS,n,2,295.7,5.38,D,0,VIIRS_NOAA20_SP
30.95121,74.58777,328.88,0.36,0.57,2023-10-21,846,N20,VIIRS,n,2,294.54,3.27,D,0,VIIRS_NOAA20_SP
30.95125,74.51354,334.85,0.35,0.57,2023-10-21,846,N20,VIIRS,n,2,296.77,4.31,D,0,VIIRS_NOAA20_SP
30.95143,74.51637,345.93,0.35,0.57,2023-10-21,846,N20,VIIRS,n,2,295.74,6.16,D,0,VIIRS_NOAA20_SP
30.95154,74.51725,337.31,0.35,0.57,2023-10-21,846,N20,VIIRS,n,2,295.71,4.02,D,0,VIIRS_NOAA20_SP
30.95364,73.61256,332.94,0.62,0.54,2023-10-21,846,N20,VIIRS,n,2,294.28,4.51,D,0,VIIRS_NOAA20_SP
30.95849,74.05226,367.0,0.33,0.55,2023-10-21,846,N20,VIIRS,h,2,296.77,8.93,D,0,VIIRS_NOAA20_SP
30.96462,76.25135,327.16,0.45,0.63,2023-10-21,846,N20,VIIRS,n,2,296.75,3.06,D,0,VIIRS_NOAA20_SP
30.96542,74.56378,335.59,0.35,0.57,2023-10-21,846,N20,VIIRS,n,2,294.7,2.15,D,0,VIIRS_NOAA20_SP
30.96585,74.56461,335.01,0.35,0.57,2023-10-21,846,N20,VIIRS,n,2,295.02,1.99,D,0,VIIRS_NOAA20_SP
30.96762,74.03736,330.3,0.33,0.55,2023-10-21,846,N20,VIIRS,n,2,295.43,2.25,D,0,VIIRS_NOAA20_SP
30.96976,74.89521,346.24,0.37,0.58,2023-10-21,846,N20,VIIRS,n,2,295.4,5.3,D,0,VIIRS_NOAA20_SP
30.97041,74.55954,328.49,0.35,0.57,2023-10-21,846,N20,VIIRS,n,2,296.2,2.32,D,0,VIIRS_NOAA20_SP
30.97254,74.89452,344.01,0.37,0.58,2023-10-21,846,N20,VIIRS,n,2,295.29,5.99,D,0,VIIRS_NOAA20_SP
30.97932,74.87863,337.31,0.37,0.58,2023-10-21,846,N20,VIIRS,n,2,296.58,2.7,D,0,VIIRS_NOAA20_SP
30.98221,74.87788,336.72,0.37,0.58,2023-10-21,846,N20,VIIRS,n,2,296.71,2.43,D,0,VIIRS_NOAA20_SP
30.99598,74.76725,367.0,0.36,0.58,2023-10-21,846,N20,VIIRS,h,2,297.16,6.8,D,0,VIIRS_NOAA20_SP
31.01541,74.18469,330.59,0.34,0.56,2023-10-21,846,N20,VIIRS,n,2,295.79,5.68,D,0,VIIRS_NOAA20_SP
31.01654,74.19891,352.21,0.34,0.56,2023-10-21,846,N20,VIIRS,n,2,295.25,7.02,D,0,VIIRS_NOAA20_SP
31.02481,74.23761,328.59,0.34,0.56,2023-10-21,846,N20,VIIRS,n,2,294.07,1.87,D,0,VIIRS_NOAA20_SP
31.05289,76.54397,327.02,0.47,0.64,2023-10-21,846,N20,VIIRS,n,2,292.6,3.07,D,0,VIIRS_NOAA20_SP
31.05318,76.5489,331.41,0.47,0.64,2023-10-21,846,N20,VIIRS,n,2,291.13,3.07,D,0,VIIRS_NOAA20_SP
31.05841,74.31425,333.28,0.34,0.56,2023-10-21,846,N20,VIIRS,n,2,295.98,3.35,D,0,VIIRS_NOAA20_SP
31.06035,75.21785,348.46,0.39,0.59,2023-10-21,846,N20,VIIRS,n,2,297.5,4.75,D,0,VIIRS_NOAA20_SP
31.06093,75.22607,327.65,0.39,0.59,2023-10-21,846,N20,VIIRS,n,2,295.44,4.49,D,0,VIIRS_NOAA20_SP
31.0768,75.21648,342.04,0.39,0.59,2023-10-21,846,N20,VIIRS,n,2,296.46,3.54,D,0,VIIRS_NOAA20_SP
31.09665,75.18586,367.0,0.39,0.59,2023-10-21,846,N20,VIIRS,h,2,298.16,5.87,D,0,VIIRS_NOAA20_SP
31.09779,75.18692,351.04,0.39,0.59,2023-10-21,846,N20,VIIRS,n,2,296.84,5.66,D,0,VIIRS_NOAA20_SP
31.10488,73.6692,329.81,0.63,0.54,2023-10-21,846,N20,VIIRS,n,2,294.5,2.74,D,0,VIIRS_NOAA20_SP
31.10535,73.67267,329.35,0.63,0.54,2023-10-21,846,N20,VIIRS,n,2,294.16,3.73,D,0,VIIRS_NOAA20_SP
31.16644,74.69806,328.67,0.36,0.58,2023-10-21,846,N20,VIIRS,n,2,295.73,1.58,D,0,VIIRS_NOAA20_SP
31.23311,74.98119,339.35,0.38,0.59,2023-10-21,846,N20,VIIRS,n,2,297.33,3.81,D,0,VIIRS_NOAA20_SP
31.26714,74.63226,328.04,0.36,0.57,2023-10-21,846,N20,VIIRS,n,2,295.65,2.06,D,0,VIIRS_NOAA20_SP
31.28806,74.62653,329.49,0.36,0.57,2023-10-21,846,N20,VIIRS,n,2,295.97,1.8,D,0,VIIRS_NOAA20_SP
31.30767,74.54115,328.36,0.36,0.57,2023-10-21,846,N20,VIIRS,n,2,295.18,3.38,D,0,VIIRS_NOAA20_SP
31.30923,74.86729,341.21,0.37,0.58,2023-10-21,846,N20,VIIRS,n,2,294.91,5.0,D,0,VIIRS_NOAA20_SP
31.34119,75.26101,328.09,0.39,0.6,2023-10-21,846,N20,VIIRS,n,2,295.22,2.12,D,0,VIIRS_NOAA20_SP
31.36021,73.96542,339.55,0.33,0.55,2023-10-21,846,N20,VIIRS,n,2,295.94,2.97,D,0,VIIRS_NOAA20_SP
31.38088,73.96687,331.06,0.33,0.55,2023-10-21,846,N20,VIIRS,n,2,295.16,1.93,D,0,VIIRS_NOAA20_SP
31.40542,74.81057,338.62,0.37,0.58,2023-10-21,846,N20,VIIRS,n,2,295.84,2.26,D,0,VIIRS_NOAA20_SP
31.40795,74.81089,350.12,0.37,0.58,2023-10-21,846,N20,VIIRS,n,2,296.43,4.66,D,0,VIIRS_NOAA20_SP
31.41079,74.81007,329.7,0.37,0.58,2023-10-21,846,N20,VIIRS,n,2,295.94,1.94,D,0,VIIRS_NOAA20_SP
31.41114,75.14201,333.42,0.39,0.59,2023-10-21,846,N20,VIIRS,n,2,296.23,3.55,D,0,VIIRS_NOAA20_SP
31.45581,70.66773,337.81,0.42,0.45,2023-10-21,846,N20,VIIRS,n,2,295.77,3.9,D,0,VIIRS_NOAA20_SP
31.48269,72.15215,339.07,0.51,0.5,2023-10-21,846,N20,VIIRS,n,2,294.86,12.13,D,0,VIIRS_NOAA20_SP
31.50591,75.08005,329.29,0.38,0.59,2023-10-21,846,N20,VIIRS,n,2,293.67,2.19,D,0,VIIRS_NOAA20_SP
31.51145,75.1582,351.2,0.39,0.59,2023-10-21,846,N20,VIIRS,n,2,297.35,6.92,D,0,VIIRS_NOAA20_SP
31.53096,75.27826,331.47,0.4,0.6,2023-10-21,846,N20,VIIRS,n,2,297.51,2.01,D,0,VIIRS_NOAA20_SP
31.53104,75.27972,333.61,0.4,0.6,2023-10-21,846,N20,VIIRS,n,2,296.82,2.59,D,0,VIIRS_NOAA20_SP
31.5452,75.07366,340.63,0.39,0.59,2023-10-21,846,N20,VIIRS,n,2,296.28,2.41,D,0,VIIRS_NOAA20_SP
31.54657,75.09414,367.0,0.39,0.59,2023-10-21,846,N20,VIIRS,h,2,296.31,10.36,D,0,VIIRS_NOAA20_SP
31.55645,75.15976,344.81,0.39,0.59,2023-10-21,846,N20,VIIRS,n,2,296.77,7.09,D,0,VIIRS_NOAA20_SP
31.55673,75.16393,333.04,0.39,0.59,2023-10-21,846,N20,VIIRS,n,2,294.67,4.88,D,0,VIIRS_NOAA20_SP
31.56166,75.15514,333.46,0.39,0.59,2023-10-21,846,N20,VIIRS,n,2,294.82,2.38,D,0,VIIRS_NOAA20_SP
31.56341,75.01863,334.26,0.38,0.59,2023-10-21,846,N20,VIIRS,n,2,295.45,2.67,D,0,VIIRS_NOAA20_SP
31.56385,74.09106,328.96,0.34,0.56,2023-10-21,846,N20,VIIRS,n,2,295.05,1.26,D,0,VIIRS_NOAA20_SP
31.56844,75.09224,336.74,0.39,0.59,2023-10-21,846,N20,VIIRS,n,2,294.99,5.25,D,0,VIIRS_NOAA20_SP
31.57353,74.92829,340.41,0.38,0.59,2023-10-21,846,N20,VIIRS,n,2,293.88,5.54,D,0,VIIRS_NOAA20_SP
31.576,75.20409,356.27,0.39,0.59,2023-10-21,846,N20,VIIRS,n,2,297.39,5.74,D,0,VIIRS_NOAA20_SP
31.58302,75.30928,336.32,0.4,0.6,2023-10-21,846,N20,VIIRS,n,2,297.45,2.66,D,0,VIIRS_NOAA20_SP
31.59005,74.93089,329.4,0.38,0.59,2023-10-21,846,N20,VIIRS,n,2,295.14,3.0,D,0,VIIRS_NOAA20_SP
31.59268,75.2872,327.49,0.4,0.6,2023-10-21,846,N20,VIIRS,n,2,295.28,2.17,D,0,VIIRS_NOAA20_SP
31.62033,75.28485,327.39,0.4,0.6,2023-10-21,846,N20,VIIRS,n,2,297.31,2.7,D,0,VIIRS_NOAA20_SP
31.6209,75.21288,327.42,0.39,0.6,2023-10-21,846,N20,VIIRS,n,2,297.49,8.33,D,0,VIIRS_NOAA20_SP
31.62119,75.21705,367.0,0.39,0.6,2023-10-21,846,N20,VIIRS,h,2,297.84,13.35,D,0,VIIRS_NOAA20_SP
31.63174,75.20784,331.29,0.39,0.6,2023-10-21,846,N20,VIIRS,n,2,296.76,3.51,D,0,VIIRS_NOAA20_SP
31.63493,74.60976,332.88,0.36,0.58,2023-10-21,846,N20,VIIRS,n,2,294.11,1.99,D,0,VIIRS_NOAA20_SP
31.65324,75.03122,337.35,0.38,0.59,2023-10-21,846,N20,VIIRS,n,2,296.29,5.77,D,0,VIIRS_NOAA20_SP
31.66234,74.54549,332.46,0.36,0.57,2023-10-21,846,N20,VIIRS,n,2,295.08,1.99,D,0,VIIRS_NOAA20_SP
31.66974,75.19613,334.74,0.39,0.6,2023-10-21,846,N20,VIIRS,n,2,296.75,2.53,D,0,VIIRS_NOAA20_SP
31.70201,74.94517,332.69,0.38,0.59,2023-10-21,846,N20,VIIRS,n,2,294.78,2.68,D,0,VIIRS_NOAA20_SP
31.7323,75.14052,327.48,0.39,0.59,2023-10-21,846,N20,VIIRS,n,2,296.27,2.28,D,0,VIIRS_NOAA20_SP
31.7326,75.14468,328.02,0.39,0.59,2023-10-21,846,N20,VIIRS,n,2,295.27,2.28,D,0,VIIRS_NOAA20_SP
31.73315,75.14381,329.1,0.39,0.59,2023-10-21,846,N20,VIIRS,n,2,295.41,6.92,D,0,VIIRS_NOAA20_SP
31.73989,75.01551,343.35,0.38,0.59,2023-10-21,846,N20,VIIRS,n,2,295.58,3.34,D,0,VIIRS_NOAA20_SP
31.74125,75.01438,339.96,0.38,0.59,2023-10-21,846,N20,VIIRS,n,2,295.84,3.32,D,0,VIIRS_NOAA20_SP
31.74744,74.62926,330.89,0.36,0.58,2023-10-21,846,N20,VIIRS,n,2,294.89,1.68,D,0,VIIRS_NOAA20_SP
31.75277,74.62878,329.0,0.36,0.58,2023-10-21,846,N20,VIIRS,n,2,294.37,1.68,D,0,VIIRS_NOAA20_SP
31.79649,73.92822,328.65,0.33,0.55,2023-10-21,846,N20,VIIRS,n,2,295.54,1.87,D,0,VIIRS_NOAA20_SP
31.79834,73.165,333.95,0.6,0.53,2023-10-21,846,N20,VIIRS,n,2,295.71,4.78,D,0,VIIRS_NOAA20_SP
31.80049,73.1656,332.6,0.6,0.53,2023-10-21,846,N20,VIIRS,n,2,295.7,4.53,D,0,VIIRS_NOAA20_SP
31.80156,73.99549,367.0,0.33,0.56,2023-10-21,846,N20,VIIRS,h,2,297.26,6.19,D,0,VIIRS_NOAA20_SP
31.82394,74.83598,332.93,0.38,0.58,2023-10-21,846,N20,VIIRS,n,2,294.63,1.85,D,0,VIIRS_NOAA20_SP
31.8271,74.83604,334.4,0.37,0.58,2023-10-21,846,N20,VIIRS,n,2,294.71,2.24,D,0,VIIRS_NOAA20_SP
31.85567,74.16063,341.62,0.34,0.56,2023-10-21,846,N20,VIIRS,n,2,295.89,3.03,D,0,VIIRS_NOAA20_SP
31.85943,73.83358,332.08,0.33,0.55,2023-10-21,846,N20,VIIRS,n,2,295.86,1.83,D,0,VIIRS_NOAA20_SP
31.86105,73.83367,332.42,0.33,0.55,2023-10-21,846,N20,VIIRS,n,2,295.93,1.74,D,0,VIIRS_NOAA20_SP
31.92293,73.60065,344.6,0.63,0.54,2023-10-21,846,N20,VIIRS,n,2,297.53,7.49,D,0,VIIRS_NOAA20_SP
31.93937,74.986,332.54,0.38,0.59,2023-10-21,846,N20,VIIRS,n,2,295.56,3.31,D,0,VIIRS_NOAA20_SP
31.97619,73.63993,345.1,0.32,0.55,2023-10-21,846,N20,VIIRS,n,2,297.46,3.35,D,0,VIIRS_NOAA20_SP
31.99618,73.57128,330.53,0.63,0.54,2023-10-21,846,N20,VIIRS,n,2,295.71,5.27,D,0,VIIRS_NOAA20_SP
31.99846,75.13091,329.89,0.39,0.59,2023-10-21,846,N20,VIIRS,n,2,295.43,1.48,D,0,VIIRS_NOAA20_SP
32.04784,72.5079,339.79,0.55,0.51,2023-10-21,846,N20,VIIRS,n,2,296.6,5.41,D,0,VIIRS_NOAA20_SP
32.3407,73.45599,341.42,0.63,0.54,2023-10-21,846,N20,VIIRS,n,2,294.92,8.39,D,0,VIIRS_NOAA20_SP
32.34073,73.45734,342.45,0.63,0.54,2023-10-21,846,N20,VIIRS,n,2,295.15,8.03,D,0,VIIRS_NOAA20_SP
32.40818,73.54642,329.36,0.32,0.54,2023-10-21,846,N20,VIIRS,n,2,296.0,1.32,D,0,VIIRS_NOAA20_SP
34.18863,74.59321,340.39,0.38,0.59,2023-10-21,847,N20,VIIRS,n,2,294.7,4.91,D,0,VIIRS_NOAA20_SP
34.1889,74.59741,339.49,0.38,0.59,2023-10-21,847,N20,VIIRS,n,2,293.08,4.94,D,0,VIIRS_NOAA20_SP
30.06717,96.97778,298.87,0.43,0.38,2023-10-21,1928,N20,VIIRS,n,2,278.16,0.95,N,2,VIIRS_NOAA20_SP
27.31778,95.26611,313.84,0.41,0.37,2023-10-21,1929,N20,VIIRS,n,2,293.85,1.13,N,2,VIIRS_NOAA20_SP
27.47096,95.42301,314.91,0.41,0.37,2023-10-21,1929,N20,VIIRS,n,2,293.37,1.06,N,2,VIIRS_NOAA20_SP
27.53465,95.39855,304.77,0.41,0.37,2023-10-21,1929,N20,VIIRS,n,2,292.2,0.67,N,2,VIIRS_NOAA20_SP
27.6053,95.40015,314.78,0.41,0.37,2023-10-21,1929,N20,VIIRS,n,2,292.43,0.63,N,2,VIIRS_NOAA20_SP
29.26149,91.92434,298.65,0.41,0.37,2023-10-21,1929,N20,VIIRS,n,2,274.85,1.02,N,2,VIIRS_NOAA20_SP
29.26487,91.92487,303.62,0.41,0.37,2023-10-21,1929,N20,VIIRS,n,2,279.2,1.02,N,2,VIIRS_NOAA20_SP
29.66027,90.9003,301.91,0.44,0.38,2023-10-21,1929,N20,VIIRS,n,2,275.55,0.73,N,2,VIIRS_NOAA20_SP
25.31497,83.0125,305.44,0.36,0.57,2023-10-21,1930,N20,VIIRS,n,2,293.63,0.74,N,0,VIIRS_NOAA20_SP
26.76179,83.1965,307.07,0.36,0.58,2023-10-21,1930,N20,VIIRS,n,2,292.02,1.07,N,2,VIIRS_NOAA20_SP
26.98925,94.80978,308.02,0.4,0.37,2023-10-21,1930,N20,VIIRS,n,2,293.23,0.47,N,0,VIIRS_NOAA20_SP
20.97466,86.00592,307.91,0.41,0.45,2023-10-21,1931,N20,VIIRS,n,2,289.45,1.31,N,2,VIIRS_NOAA20_SP
21.07898,85.04048,302.52,0.47,0.48,2023-10-21,1931,N20,VIIRS,n,2,270.21,1.5,N,2,VIIRS_NOAA20_SP
21.36926,81.67522,302.03,0.4,0.6,2023-10-21,1931,N20,VIIRS,n,2,291.52,0.72,N,2,VIIRS_NOAA20_SP
21.37404,81.68348,303.52,0.39,0.6,2023-10-21,1931,N20,VIIRS,n,2,293.01,1.35,N,2,VIIRS_NOAA20_SP
21.37836,81.63713,304.7,0.4,0.6,2023-10-21,1931,N20,VIIRS,n,2,291.57,1.07,N,2,VIIRS_NOAA20_SP
21.3799,81.68024,311.31,0.39,0.6,2023-10-21,1931,N20,VIIRS,n,2,293.69,1.35,N,2,VIIRS_NOAA20_SP
21.38026,81.6764,303.92,0.4,0.6,2023-10-21,1931,N20,VIIRS,n,2,290.96,1.81,N,2,VIIRS_NOAA20_SP
21.38794,81.65387,302.18,0.4,0.6,2023-10-21,1931,N20,VIIRS,n,2,291.16,0.82,N,0,VIIRS_NOAA20_SP
21.48862,81.76851,305.06,0.39,0.59,2023-10-21,1931,N20,VIIRS,n,2,291.02,0.8,N,2,VIIRS_NOAA20_SP
21.48898,81.76469,302.23,0.39,0.59,2023-10-21,1931,N20,VIIRS,n,2,290.48,1.05,N,2,VIIRS_NOAA20_SP
21.59219,96.22912,307.82,0.52,0.41,2023-10-21,1931,N20,VIIRS,n,2,291.63,1.42,N,2,VIIRS_NOAA20_SP
21.67677,82.0787,308.67,0.37,0.58,2023-10-21,1931,N20,VIIRS,n,2,291.43,0.8,N,2,VIIRS_NOAA20_SP
21.68106,84.03564,319.3,0.56,0.51,2023-10-21,1931,N20,VIIRS,n,2,294.11,4.33,N,2,VIIRS_NOAA20_SP
21.75448,84.02328,310.67,0.56,0.52,2023-10-21,1931,N20,VIIRS,n,2,292.75,2.3,N,2,VIIRS_NOAA20_SP
21.75542,84.02532,309.67,0.56,0.52,2023-10-21,1931,N20,VIIRS,n,2,293.18,1.76,N,2,VIIRS_NOAA20_SP
21.75552,83.83875,310.16,0.58,0.52,2023-10-21,1931,N20,VIIRS,n,2,292.23,1.91,N,2,VIIRS_NOAA20_SP
21.75599,84.01981,304.79,0.56,0.52,2023-10-21,1931,N20,VIIRS,n,2,293.86,2.17,N,2,VIIRS_NOAA20_SP
21.75922,84.02392,308.8,0.56,0.52,2023-10-21,1931,N20,VIIRS,n,2,293.84,2.82,N,2,VIIRS_NOAA20_SP
21.75971,83.8449,306.15,0.58,0.52,2023-10-21,1931,N20,VIIRS,n,2,293.18,2.26,N,2,VIIRS_NOAA20_SP
21.76032,83.83932,312.34,0.58,0.52,2023-10-21,1931,N20,VIIRS,n,2,291.41,2.26,N,2,VIIRS_NOAA20_SP
21.76073,84.02046,311.14,0.56,0.52,2023-10-21,1931,N20,VIIRS,n,2,294.92,2.04,N,2,VIIRS_NOAA20_SP
21.76458,84.01906,317.22,0.56,0.52,2023-10-21,1931,N20,VIIRS,n,2,295.29,2.82,N,2,VIIRS_NOAA20_SP
21.76548,84.02109,307.49,0.56,0.52,2023-10-21,1931,N20,VIIRS,n,2,293.99,2.04,N,2,VIIRS_NOAA20_SP
21.76606,84.01557,312.01,0.56,0.52,2023-10-21,1931,N20,VIIRS,n,2,294.66,2.04,N,2,VIIRS_NOAA20_SP
21.76871,84.02509,302.81,0.56,0.52,2023-10-21,1931,N20,VIIRS,n,2,291.6,1.66,N,2,VIIRS_NOAA20_SP
21.76932,84.01967,314.88,0.56,0.52,2023-10-21,1931,N20,VIIRS,n,2,294.76,1.66,N,2,VIIRS_NOAA20_SP
21.77022,84.02168,308.71,0.56,0.52,2023-10-21,1931,N20,VIIRS,n,2,292.29,1.77,N,2,VIIRS_NOAA20_SP
21.7708,84.01618,312.58,0.56,0.52,2023-10-21,1931,N20,VIIRS,n,2,294.8,1.77,N,2,VIIRS_NOAA20_SP
21.87827,83.55431,301.35,0.6,0.53,2023-10-21,1931,N20,VIIRS,n,2,290.91,1.63,N,2,VIIRS_NOAA20_SP
21.92014,83.34818,314.01,0.62,0.54,2023-10-21,1931,N20,VIIRS,n,2,293.94,3.82,N,2,VIIRS_NOAA20_SP
21.92511,83.34881,320.66,0.62,0.54,2023-10-21,1931,N20,VIIRS,n,2,295.49,3.82,N,2,VIIRS_NOAA20_SP
21.92586,83.34928,307.2,0.62,0.54,2023-10-21,1931,N20,VIIRS,n,2,294.09,3.76,N,2,VIIRS_NOAA20_SP
21.9264,83.33664,320.15,0.63,0.54,2023-10-21,1931,N20,VIIRS,n,2,294.23,5.41,N,2,VIIRS_NOAA20_SP
21.92707,83.33709,318.76,0.63,0.54,2023-10-21,1931,N20,VIIRS,n,2,294.62,4.22,N,2,VIIRS_NOAA20_SP
21.92938,85.22089,301.19,0.47,0.48,2023-10-21,1931,N20,VIIRS,n,2,282.58,1.03,N,2,VIIRS_NOAA20_SP
21.93376,85.22157,296.76,0.47,0.48,2023-10-21,1931,N20,VIIRS,n,2,283.23,0.63,N,2,VIIRS_NOAA20_SP
21.98322,83.23072,301.98,0.32,0.54,2023-10-21,1931,N20,VIIRS,n,2,291.55,0.74,N,2,VIIRS_NOAA20_SP
21.98823,83.23136,311.01,0.32,0.54,2023-10-21,1931,N20,VIIRS,n,2,293.17,0.94,N,2,VIIRS_NOAA20_SP
22.0066,82.66872,318.55,0.35,0.56,2023-10-21,1931,N20,VIIRS,n,2,292.84,1.26,N,2,VIIRS_NOAA20_SP
22.00695,82.6653,303.16,0.35,0.56,2023-10-21,1931,N20,VIIRS,n,2,290.89,1.26,N,2,VIIRS_NOAA20_SP
22.00764,82.66855,316.86,0.35,0.56,2023-10-21,1931,N20,VIIRS,n,2,292.24,1.31,N,2,VIIRS_NOAA20_SP
22.00797,82.66512,303.01,0.35,0.56,2023-10-21,1931,N20,VIIRS,n,2,290.83,1.31,N,2,VIIRS_NOAA20_SP
22.03578,83.35735,302.67,0.63,0.54,2023-10-21,1931,N20,VIIRS,n,2,291.47,1.96,N,2,VIIRS_NOAA20_SP
22.04139,83.352,301.99,0.63,0.54,2023-10-21,1931,N20,VIIRS,n,2,291.21,2.01,N,2,VIIRS_NOAA20_SP
22.04281,83.73671,308.82,0.59,0.53,2023-10-21,1931,N20,VIIRS,n,2,293.6,2.51,N,2,VIIRS_NOAA20_SP
22.04341,83.73096,303.24,0.59,0.53,2023-10-21,1931,N20,VIIRS,n,2,292.61,1.62,N,2,VIIRS_NOAA20_SP
22.05342,88.12287,308.51,0.49,0.4,2023-10-21,1931,N20,VIIRS,n,2,295.07,1.61,N,2,VIIRS_NOAA20_SP
22.05353,85.46546,297.14,0.46,0.47,2023-10-21,1931,N20,VIIRS,n,2,285.93,0.65,N,2,VIIRS_NOAA20_SP
22.05712,88.12344,308.35,0.49,0.4,2023-10-21,1931,N20,VIIRS,n,2,294.77,1.61,N,2,VIIRS_NOAA20_SP
22.10526,83.51972,305.7,0.61,0.54,2023-10-21,1931,N20,VIIRS,n,2,290.74,3.01,N,0,VIIRS_NOAA20_SP
22.13399,85.38091,298.94,0.47,0.47,2023-10-21,1931,N20,VIIRS,n,2,288.94,0.43,N,2,VIIRS_NOAA20_SP
22.15985,96.24505,306.23,0.51,0.41,2023-10-21,1931,N20,VIIRS,n,2,291.5,1.77,N,0,VIIRS_NOAA20_SP
22.18711,82.12048,302.83,0.38,0.59,2023-10-21,1931,N20,VIIRS,n,2,290.42,0.37,N,0,VIIRS_NOAA20_SP
22.21222,84.84154,305.72,0.5,0.49,2023-10-21,1931,N20,VIIRS,n,2,292.22,0.92,N,2,VIIRS_NOAA20_SP
22.21263,84.86477,304.51,0.5,0.49,2023-10-21,1931,N20,VIIRS,n,2,293.47,1.96,N,2,VIIRS_NOAA20_SP
22.2132,84.85988,306.17,0.5,0.49,2023-10-21,1931,N20,VIIRS,n,2,292.52,1.95,N,2,VIIRS_NOAA20_SP
22.21353,84.8716,303.14,0.5,0.49,2023-10-21,1931,N20,VIIRS,n,2,293.01,1.99,N,2,VIIRS_NOAA20_SP
22.21406,84.8667,303.79,0.5,0.49,2023-10-21,1931,N20,VIIRS,n,2,291.6,1.42,N,2,VIIRS_NOAA20_SP
22.21459,84.86179,308.66,0.5,0.49,2023-10-21,1931,N20,VIIRS,n,2,294.12,1.42,N,2,VIIRS_NOAA20_SP
22.21548,84.84026,303.96,0.5,0.49,2023-10-21,1931,N20,VIIRS,n,2,292.12,0.97,N,2,VIIRS_NOAA20_SP
22.22577,84.75156,302.66,0.51,0.49,2023-10-21,1931,N20,VIIRS,n,2,291.92,1.54,N,2,VIIRS_NOAA20_SP
22.24867,87.38618,313.31,0.53,0.42,2023-10-21,1931,N20,VIIRS,n,2,288.18,1.65,N,2,VIIRS_NOAA20_SP
22.32643,82.66133,301.62,0.35,0.57,2023-10-21,1931,N20,VIIRS,n,2,291.57,0.47,N,2,VIIRS_NOAA20_SP
22.32744,82.59921,317.01,0.35,0.57,2023-10-21,1931,N20,VIIRS,n,2,291.5,2.06,N,0,VIIRS_NOAA20_SP
22.32772,82.59962,321.68,0.35,0.57,2023-10-21,1931,N20,VIIRS,n,2,291.67,2.11,N,0,VIIRS_NOAA20_SP
22.32924,82.68557,307.61,0.35,0.57,2023-10-21,1931,N20,VIIRS,n,2,291.21,1.19,N,2,VIIRS_NOAA20_SP
22.33233,82.65526,315.13,0.35,0.57,2023-10-21,1931,N20,VIIRS,n,2,292.85,1.66,N,2,VIIRS_NOAA20_SP
22.33268,82.65192,301.48,0.35,0.57,2023-10-21,1931,N20,VIIRS,n,2,291.31,1.28,N,2,VIIRS_NOAA20_SP
22.33301,82.65582,310.0,0.35,0.57,2023-10-21,1931,N20,VIIRS,n,2,292.61,1.36,N,2,VIIRS_NOAA20_SP
22.33333,82.65247,307.45,0.35,0.57,2023-10-21,1931,N20,VIIRS,n,2,291.88,1.52,N,2,VIIRS_NOAA20_SP
22.33419,82.53053,303.71,0.36,0.57,2023-10-21,1931,N20,VIIRS,n,2,291.15,0.72,N,2,VIIRS_NOAA20_SP
22.36727,87.01489,309.37,0.56,0.43,2023-10-21,1931,N20,VIIRS,n,2,290.66,2.98,N,2,VIIRS_NOAA20_SP
22.37767,87.27933,297.19,0.54,0.42,2023-10-21,1931,N20,VIIRS,n,2,274.24,1.57,N,2,VIIRS_NOAA20_SP
22.47468,91.73399,316.67,0.38,0.36,2023-10-21,1931,N20,VIIRS,n,2,293.99,1.68,N,2,VIIRS_NOAA20_SP
22.4809,90.71004,299.48,0.4,0.37,2023-10-21,1931,N20,VIIRS,n,2,280.58,1.14,N,0,VIIRS_NOAA20_SP
22.53814,91.69948,311.3,0.39,0.36,2023-10-21,1931,N20,VIIRS,n,2,293.28,1.18,N,2,VIIRS_NOAA20_SP
22.5912,85.90337,314.75,0.44,0.46,2023-10-21,1931,N20,VIIRS,n,2,294.32,2.16,N,2,VIIRS_NOAA20_SP
22.79065,86.20921,312.19,0.42,0.45,2023-10-21,1931,N20,VIIRS,n,2,294.39,1.92,N,2,VIIRS_NOAA20_SP
22.79215,86.19687,308.49,0.42,0.45,2023-10-21,1931,N20,VIIRS,n,2,295.59,1.56,N,3,VIIRS_NOAA20_SP
22.79632,86.19745,313.95,0.42,0.45,2023-10-21,1931,N20,VIIRS,n,2,294.38,1.56,N,2,VIIRS_NOAA20_SP
22.79656,86.20795,306.32,0.42,0.45,2023-10-21,1931,N20,VIIRS,n,2,294.06,1.49,N,2,VIIRS_NOAA20_SP
22.79703,86.20388,315.96,0.42,0.45,2023-10-21,1931,N20,VIIRS,n,2,293.75,1.5,N,2,VIIRS_NOAA20_SP
22.7975,86.19974,310.8,0.42,0.45,2023-10-21,1931,N20,VIIRS,n,2,293.8,1.5,N,2,VIIRS_NOAA20_SP
22.7995,86.20618,322.08,0.42,0.45,2023-10-21,1931,N20,VIIRS,n,2,294.5,2.78,N,2,VIIRS_NOAA20_SP
22.80104,86.08841,314.53,0.43,0.46,2023-10-21,1931,N20,VIIRS,n,2,295.06,1.4,N,2,VIIRS_NOAA20_SP
22.81503,86.08405,321.35,0.43,0.46,2023-10-21,1931,N20,VIIRS,n,2,293.36,3.02,N,2,VIIRS_NOAA20_SP
22.81834,86.08669,311.14,0.43,0.46,2023-10-21,1931,N20,VIIRS,n,2,292.64,1.76,N,2,VIIRS_NOAA20_SP
22.81885,86.08256,304.39,0.43,0.46,2023-10-21,1931,N20,VIIRS,n,2,291.88,1.42,N,0,VIIRS_NOAA20_SP
22.85682,86.05566,306.2,0.43,0.46,2023-10-21,1931,N20,VIIRS,n,2,292.02,1.17,N,2,VIIRS_NOAA20_SP
22.87318,86.0622,311.09,0.43,0.46,2023-10-21,1931,N20,VIIRS,n,2,292.63,1.14,N,2,VIIRS_NOAA20_SP
22.87739,86.06281,304.68,0.43,0.46,2023-10-21,1931,N20,VIIRS,n,2,292.84,1.14,N,2,VIIRS_NOAA20_SP
23.17036,82.33897,301.53,0.38,0.58,2023-10-21,1931,N20,VIIRS,n,2,290.47,0.69,N,2,VIIRS_NOAA20_SP
23.55066,87.2449,328.6,0.56,0.43,2023-10-21,1931,N20,VIIRS,n,2,295.59,2.55,N,3,VIIRS_NOAA20_SP
23.55461,87.2455,313.21,0.56,0.43,2023-10-21,1931,N20,VIIRS,n,2,295.43,2.55,N,3,VIIRS_NOAA20_SP
23.55528,87.23997,314.65,0.56,0.43,2023-10-21,1931,N20,VIIRS,n,2,294.43,2.55,N,2,VIIRS_NOAA20_SP
23.55923,87.24055,336.66,0.56,0.43,2023-10-21,1931,N20,VIIRS,n,2,294.03,9.85,N,2,VIIRS_NOAA20_SP
23.56226,87.08112,311.14,0.38,0.43,2023-10-21,1931,N20,VIIRS,n,2,293.65,1.14,N,0,VIIRS_NOAA20_SP
23.61747,86.78915,314.95,0.4,0.44,2023-10-21,1931,N20,VIIRS,n,2,295.77,2.29,N,2,VIIRS_NOAA20_SP
23.61878,90.59019,304.81,0.41,0.37,2023-10-21,1931,N20,VIIRS,n,2,276.78,0.84,N,0,VIIRS_NOAA20_SP
23.66457,84.9988,301.53,0.51,0.5,2023-10-21,1931,N20,VIIRS,n,2,289.52,1.84,N,2,VIIRS_NOAA20_SP
23.66467,86.91027,303.36,0.39,0.44,2023-10-21,1931,N20,VIIRS,n,2,293.26,0.52,N,2,VIIRS_NOAA20_SP
23.66827,86.09081,302.04,0.44,0.46,2023-10-21,1931,N20,VIIRS,n,2,291.53,0.93,N,2,VIIRS_NOAA20_SP
23.66864,86.09227,303.59,0.44,0.46,2023-10-21,1931,N20,VIIRS,n,2,292.48,1.07,N,2,VIIRS_NOAA20_SP
23.66913,86.42052,311.09,0.42,0.45,2023-10-21,1931,N20,VIIRS,n,2,293.75,1.47,N,2,VIIRS_NOAA20_SP
23.66968,84.99442,313.94,0.51,0.5,2023-10-21,1931,N20,VIIRS,n,2,291.07,1.84,N,2,VIIRS_NOAA20_SP
23.67619,86.39631,307.06,0.42,0.45,2023-10-21,1931,N20,VIIRS,n,2,293.39,2.52,N,2,VIIRS_NOAA20_SP
23.67774,86.08334,313.49,0.44,0.46,2023-10-21,1931,N20,VIIRS,n,2,294.3,2.37,N,2,VIIRS_NOAA20_SP
23.67816,86.0848,320.36,0.44,0.46,2023-10-21,1931,N20,VIIRS,n,2,295.71,2.38,N,2,VIIRS_NOAA20_SP
23.68103,86.09255,309.66,0.44,0.46,2023-10-21,1931,N20,VIIRS,n,2,293.65,2.63,N,2,VIIRS_NOAA20_SP
23.685,86.39344,319.92,0.42,0.45,2023-10-21,1931,N20,VIIRS,n,2,295.36,2.25,N,2,VIIRS_NOAA20_SP
23.68549,86.3892,310.4,0.42,0.45,2023-10-21,1931,N20,VIIRS,n,2,293.46,2.25,N,2,VIIRS_NOAA20_SP
23.68921,87.12194,318.22,0.38,0.43,2023-10-21,1931,N20,VIIRS,n,2,295.86,2.81,N,2,VIIRS_NOAA20_SP
23.69015,86.38565,307.91,0.42,0.45,2023-10-21,1931,N20,VIIRS,n,2,294.96,1.43,N,2,VIIRS_NOAA20_SP
23.69192,87.09947,312.2,0.38,0.44,2023-10-21,1931,N20,VIIRS,n,2,295.19,2.17,N,2,VIIRS_NOAA20_SP
23.69319,87.12255,320.23,0.38,0.43,2023-10-21,1931,N20,VIIRS,n,2,296.96,2.81,N,2,VIIRS_NOAA20_SP
23.6941,87.11505,310.76,0.38,0.43,2023-10-21,1931,N20,VIIRS,n,2,294.9,1.16,N,2,VIIRS_NOAA20_SP
23.69456,87.11131,308.3,0.38,0.43,2023-10-21,1931,N20,VIIRS,n,2,294.09,1.16,N,2,VIIRS_NOAA20_SP
23.69546,87.10381,305.99,0.38,0.44,2023-10-21,1931,N20,VIIRS,n,2,293.36,1.73,N,2,VIIRS_NOAA20_SP
23.70525,86.06947,302.28,0.44,0.46,2023-10-21,1931,N20,VIIRS,n,2,290.37,0.62,N,2,VIIRS_NOAA20_SP
23.71708,86.44437,308.11,0.42,0.45,2023-10-21,1931,N20,VIIRS,n,2,295.24,2.17,N,2,VIIRS_NOAA20_SP
23.71757,86.44024,314.32,0.42,0.45,2023-10-21,1931,N20,VIIRS,n,2,294.03,1.34,N,2,VIIRS_NOAA20_SP
23.71961,85.00768,299.96,0.51,0.5,2023-10-21,1931,N20,VIIRS,n,2,289.2,0.59,N,2,VIIRS_NOAA20_SP
23.72074,86.44913,308.68,0.42,0.45,2023-10-21,1931,N20,VIIRS,n,2,298.16,2.05,N,2,VIIRS_NOAA20_SP
23.72123,86.44498,309.41,0.42,0.45,2023-10-21,1931,N20,VIIRS,n,2,297.57,2.05,N,2,VIIRS_NOAA20_SP
23.72589,86.44146,311.98,0.42,0.45,2023-10-21,1931,N20,VIIRS,n,2,296.02,3.02,N,2,VIIRS_NOAA20_SP
23.7329,86.75628,309.92,0.4,0.44,2023-10-21,1931,N20,VIIRS,n,2,294.97,1.31,N,2,VIIRS_NOAA20_SP
23.73783,85.01019,303.82,0.51,0.5,2023-10-21,1931,N20,VIIRS,n,2,292.3,2.72,N,2,VIIRS_NOAA20_SP
23.73837,85.00522,300.83,0.51,0.5,2023-10-21,1931,N20,VIIRS,n,2,289.19,0.92,N,2,VIIRS_NOAA20_SP
23.7461,85.50302,308.61,0.48,0.48,2023-10-21,1931,N20,VIIRS,n,2,289.81,1.62,N,2,VIIRS_NOAA20_SP
23.74622,85.50521,310.19,0.48,0.48,2023-10-21,1931,N20,VIIRS,n,2,291.53,1.36,N,2,VIIRS_NOAA20_SP
23.75126,86.41837,308.7,0.42,0.45,2023-10-21,1931,N20,VIIRS,n,2,295.76,1.25,N,2,VIIRS_NOAA20_SP
23.75174,86.41425,307.83,0.42,0.45,2023-10-21,1931,N20,VIIRS,n,2,293.6,1.25,N,2,VIIRS_NOAA20_SP
23.75734,86.40236,313.26,0.42,0.45,2023-10-21,1931,N20,VIIRS,n,2,295.72,1.56,N,2,VIIRS_NOAA20_SP
23.75782,86.39816,311.86,0.42,0.45,2023-10-21,1931,N20,VIIRS,n,2,296.67,1.56,N,2,VIIRS_NOAA20_SP
23.76007,86.4155,306.3,0.42,0.45,2023-10-21,1931,N20,VIIRS,n,2,294.96,1.86,N,2,VIIRS_NOAA20_SP
23.76034,85.85353,317.91,0.46,0.47,2023-10-21,1931,N20,VIIRS,n,2,294.68,2.88,N,2,VIIRS_NOAA20_SP
23.76151,86.40298,316.66,0.42,0.45,2023-10-21,1931,N20,VIIRS,n,2,294.55,1.56,N,2,VIIRS_NOAA20_SP
23.76199,86.39879,314.61,0.42,0.45,2023-10-21,1931,N20,VIIRS,n,2,295.32,1.56,N,2,VIIRS_NOAA20_SP
23.76294,86.39046,309.84,0.42,0.45,2023-10-21,1931,N20,VIIRS,n,2,295.72,3.21,N,2,VIIRS_NOAA20_SP
23.76664,86.39523,308.82,0.42,0.45,2023-10-21,1931,N20,VIIRS,n,2,297.67,1.88,N,2,VIIRS_NOAA20_SP
23.76711,86.39108,318.4,0.42,0.45,2023-10-21,1931,N20,VIIRS,n,2,299.44,1.88,N,2,VIIRS_NOAA20_SP
23.76902,86.3745,317.95,0.42,0.46,2023-10-21,1931,N20,VIIRS,n,2,298.91,2.63,N,2,VIIRS_NOAA20_SP
23.77033,86.4,304.53,0.42,0.45,2023-10-21,1931,N20,VIIRS,n,2,294.39,1.94,N,2,VIIRS_NOAA20_SP
23.77081,86.39585,306.46,0.42,0.45,2023-10-21,1931,N20,VIIRS,n,2,294.85,1.88,N,0,VIIRS_NOAA20_SP
23.77143,86.20332,303.14,0.43,0.46,2023-10-21,1931,N20,VIIRS,n,2,292.17,1.81,N,2,VIIRS_NOAA20_SP
23.7718,86.20093,305.68,0.43,0.46,2023-10-21,1931,N20,VIIRS,n,2,293.06,1.56,N,2,VIIRS_NOAA20_SP
23.7719,86.19907,305.73,0.44,0.46,2023-10-21,1931,N20,VIIRS,n,2,292.99,2.59,N,2,VIIRS_NOAA20_SP
23.77594,86.38822,323.46,0.42,0.45,2023-10-21,1931,N20,VIIRS,n,2,297.21,3.03,N,2,VIIRS_NOAA20_SP
23.77642,86.38407,319.46,0.42,0.46,2023-10-21,1931,N20,VIIRS,n,2,294.86,3.03,N,2,VIIRS_NOAA20_SP
23.77883,86.36312,305.94,0.43,0.46,2023-10-21,1931,N20,VIIRS,n,2,294.49,0.95,N,2,VIIRS_NOAA20_SP
23.77963,86.39299,321.97,0.42,0.45,2023-10-21,1931,N20,VIIRS,n,2,298.51,5.05,N,2,VIIRS_NOAA20_SP
23.77986,86.20467,323.7,0.43,0.46,2023-10-21,1931,N20,VIIRS,n,2,296.4,2.61,N,2,VIIRS_NOAA20_SP
23.78011,86.38886,336.65,0.42,0.45,2023-10-21,1931,N20,VIIRS,n,2,299.51,3.03,N,2,VIIRS_NOAA20_SP
23.78077,86.34636,317.01,0.43,0.46,2023-10-21,1931,N20,VIIRS,n,2,295.41,3.46,N,2,VIIRS_NOAA20_SP
23.78205,86.37212,314.59,0.42,0.46,2023-10-21,1931,N20,VIIRS,n,2,296.34,1.9,N,2,VIIRS_NOAA20_SP
23.7836,86.20957,311.74,0.43,0.46,2023-10-21,1931,N20,VIIRS,n,2,295.33,2.61,N,2,VIIRS_NOAA20_SP
23.7838,86.39359,324.84,0.42,0.45,2023-10-21,1931,N20,VIIRS,n,2,297.22,2.67,N,2,VIIRS_NOAA20_SP
23.78408,86.20534,323.04,0.43,0.46,2023-10-21,1931,N20,VIIRS,n,2,295.06,2.61,N,2,VIIRS_NOAA20_SP
23.78428,86.38947,306.39,0.42,0.45,2023-10-21,1931,N20,VIIRS,n,2,294.08,1.38,N,2,VIIRS_NOAA20_SP
23.78641,86.3344,310.13,0.43,0.46,2023-10-21,1931,N20,VIIRS,n,2,297.76,2.42,N,2,VIIRS_NOAA20_SP
23.78689,86.33025,308.24,0.43,0.46,2023-10-21,1931,N20,VIIRS,n,2,293.91,1.44,N,2,VIIRS_NOAA20_SP
23.79089,86.36915,304.68,0.43,0.46,2023-10-21,1931,N20,VIIRS,n,2,293.79,1.36,N,2,VIIRS_NOAA20_SP
23.79284,86.35242,314.91,0.43,0.46,2023-10-21,1931,N20,VIIRS,n,2,296.64,2.37,N,2,VIIRS_NOAA20_SP
23.79443,87.0747,311.75,0.39,0.44,2023-10-21,1931,N20,VIIRS,n,2,297.66,2.04,N,0,VIIRS_NOAA20_SP
23.79702,86.35302,322.93,0.43,0.46,2023-10-21,1931,N20,VIIRS,n,2,295.79,2.48,N,2,VIIRS_NOAA20_SP
23.79848,86.34045,303.95,0.43,0.46,2023-10-21,1931,N20,VIIRS,n,2,293.68,1.8,N,0,VIIRS_NOAA20_SP
23.8016,87.04882,315.19,0.39,0.44,2023-10-21,1931,N20,VIIRS,n,2,299.21,2.69,N,2,VIIRS_NOAA20_SP
23.80214,85.56309,305.76,0.48,0.48,2023-10-21,1931,N20,VIIRS,n,2,294.97,2.29,N,0,VIIRS_NOAA20_SP
23.80414,86.32851,326.82,0.43,0.46,2023-10-21,1931,N20,VIIRS,n,2,298.99,3.47,N,2,VIIRS_NOAA20_SP
23.80833,86.32909,306.67,0.43,0.46,2023-10-21,1931,N20,VIIRS,n,2,294.43,1.06,N,2,VIIRS_NOAA20_SP
23.80981,86.31638,313.06,0.43,0.46,2023-10-21,1931,N20,VIIRS,n,2,298.5,2.49,N,2,VIIRS_NOAA20_SP
23.82494,86.5457,301.31,0.42,0.45,2023-10-21,1931,N20,VIIRS,n,2,290.59,0.54,N,0,VIIRS_NOAA20_SP
23.82706,85.46146,301.57,0.48,0.48,2023-10-21,1931,N20,VIIRS,n,2,289.8,0.68,N,0,VIIRS_NOAA20_SP
24.15811,82.60173,304.82,0.37,0.58,2023-10-21,1931,N20,VIIRS,n,2,291.87,0.61,N,0,VIIRS_NOAA20_SP
24.17252,82.56148,309.3,0.37,0.58,2023-10-21,1931,N20,VIIRS,n,2,292.83,1.58,N,2,VIIRS_NOAA20_SP
24.17287,82.55757,305.57,0.37,0.58,2023-10-21,1931,N20,VIIRS,n,2,291.64,1.71,N,2,VIIRS_NOAA20_SP
24.18762,82.57444,304.51,0.37,0.58,2023-10-21,1931,N20,VIIRS,n,2,291.62,0.94,N,0,VIIRS_NOAA20_SP
24.20736,82.71217,319.49,0.36,0.58,2023-10-21,1931,N20,VIIRS,n,2,294.13,2.74,N,2,VIIRS_NOAA20_SP
24.20769,82.70867,317.84,0.37,0.58,2023-10-21,1931,N20,VIIRS,n,2,292.98,2.79,N,2,VIIRS_NOAA20_SP
24.33024,81.32626,304.23,0.45,0.63,2023-10-21,1931,N20,VIIRS,n,2,292.89,0.9,N,2,VIIRS_NOAA20_SP
24.45317,83.03727,306.93,0.35,0.57,2023-10-21,1931,N20,VIIRS,n,2,292.7,0.75,N,2,VIIRS_NOAA20_SP
15.98973,97.68472,302.73,0.52,0.5,2023-10-21,1932,N20,VIIRS,n,2,285.65,0.65,N,2,VIIRS_NOAA20_SP
15.99004,97.6876,303.59,0.52,0.5,2023-10-21,1932,N20,VIIRS,n,2,286.15,0.71,N,2,VIIRS_NOAA20_SP
17.60923,83.19958,302.62,0.56,0.52,2023-10-21,1932,N20,VIIRS,n,2,287.71,1.84,N,2,VIIRS_NOAA20_SP
18.6841,79.55143,312.29,0.51,0.66,2023-10-21,1932,N20,VIIRS,n,2,292.64,1.1,N,0,VIIRS_NOAA20_SP
19.08904,82.1639,302.02,0.34,0.56,2023-10-21,1932,N20,VIIRS,n,2,287.87,1.01,N,0,VIIRS_NOAA20_SP
19.0906,82.16234,326.78,0.34,0.56,2023-10-21,1932,N20,VIIRS,n,2,289.61,1.78,N,0,VIIRS_NOAA20_SP
19.10582,82.16747,309.72,0.34,0.56,2023-10-21,1932,N20,VIIRS,n,2,289.55,1.29,N,0,VIIRS_NOAA20_SP
19.10616,82.16419,321.02,0.34,0.56,2023-10-21,1932,N20,VIIRS,n,2,288.93,1.25,N,0,VIIRS_NOAA20_SP
19.10651,82.16091,303.81,0.34,0.56,2023-10-21,1932,N20,VIIRS,n,2,287.12,1.25,N,0,VIIRS_NOAA20_SP
19.96348,79.33216,303.34,0.54,0.68,2023-10-21,1932,N20,VIIRS,n,2,290.42,0.97,N,2,VIIRS_NOAA20_SP
20.6994,85.55339,303.17,0.44,0.46,2023-10-21,1932,N20,VIIRS,n,2,289.67,0.43,N,0,VIIRS_NOAA20_SP
20.75992,85.29166,303.5,0.45,0.47,2023-10-21,1932,N20,VIIRS,n,2,289.61,1.02,N,2,VIIRS_NOAA20_SP
20.76222,85.28891,302.31,0.45,0.47,2023-10-21,1932,N20,VIIRS,n,2,290.25,1.72,N,2,VIIRS_NOAA20_SP
20.76423,85.29224,302.53,0.45,0.47,2023-10-21,1932,N20,VIIRS,n,2,290.21,0.84,N,2,VIIRS_NOAA20_SP
20.78503,85.26401,305.21,0.46,0.47,2023-10-21,1932,N20,VIIRS,n,2,287.88,1.11,N,2,VIIRS_NOAA20_SP
20.78554,85.25964,302.8,0.46,0.47,2023-10-21,1932,N20,VIIRS,n,2,286.66,0.88,N,2,VIIRS_NOAA20_SP
20.78934,85.26461,305.05,0.46,0.47,2023-10-21,1932,N20,VIIRS,n,2,288.98,1.11,N,2,VIIRS_NOAA20_SP
20.78985,85.26026,312.61,0.46,0.47,2023-10-21,1932,N20,VIIRS,n,2,287.79,0.88,N,2,VIIRS_NOAA20_SP
20.79036,85.25591,298.64,0.46,0.47,2023-10-21,1932,N20,VIIRS,n,2,286.69,0.88,N,2,VIIRS_NOAA20_SP
20.79467,85.25656,296.73,0.46,0.47,2023-10-21,1932,N20,VIIRS,n,2,284.31,0.87,N,2,VIIRS_NOAA20_SP
20.79519,85.25217,330.69,0.46,0.47,2023-10-21,1932,N20,VIIRS,n,2,287.09,3.56,N,2,VIIRS_NOAA20_SP
20.79899,85.25713,299.88,0.46,0.47,2023-10-21,1932,N20,VIIRS,n,2,284.44,0.87,N,2,VIIRS_NOAA20_SP
20.80764,85.25822,299.94,0.46,0.47,2023-10-21,1932,N20,VIIRS,n,2,287.25,0.91,N,2,VIIRS_NOAA20_SP
20.80816,85.25388,308.87,0.46,0.47,2023-10-21,1932,N20,VIIRS,n,2,287.25,1.37,N,2,VIIRS_NOAA20_SP
20.86537,84.99444,309.24,0.47,0.48,2023-10-21,1932,N20,VIIRS,n,2,284.13,1.22,N,2,VIIRS_NOAA20_SP
20.87029,84.99062,300.16,0.47,0.48,2023-10-21,1932,N20,VIIRS,n,2,282.91,0.91,N,2,VIIRS_NOAA20_SP
20.88459,84.98312,300.82,0.48,0.48,2023-10-21,1932,N20,VIIRS,n,2,276.2,1.02,N,2,VIIRS_NOAA20_SP
20.88954,84.97914,308.33,0.48,0.48,2023-10-21,1932,N20,VIIRS,n,2,275.15,1.29,N,2,VIIRS_NOAA20_SP
20.96303,85.18681,307.75,0.46,0.47,2023-10-21,1932,N20,VIIRS,n,2,290.81,2.01,N,2,VIIRS_NOAA20_SP
20.96409,85.17794,322.54,0.46,0.47,2023-10-21,1932,N20,VIIRS,n,2,292.67,4.2,N,2,VIIRS_NOAA20_SP
20.96462,85.17348,327.45,0.46,0.47,2023-10-21,1932,N20,VIIRS,n,2,292.77,1.96,N,2,VIIRS_NOAA20_SP
20.96516,85.16898,311.3,0.46,0.47,2023-10-21,1932,N20,VIIRS,n,2,291.65,1.96,N,2,VIIRS_NOAA20_SP
20.96898,85.17403,310.72,0.46,0.47,2023-10-21,1932,N20,VIIRS,n,2,290.37,1.96,N,2,VIIRS_NOAA20_SP
20.96952,85.16954,307.58,0.46,0.47,2023-10-21,1932,N20,VIIRS,n,2,290.72,1.96,N,2,VIIRS_NOAA20_SP
20.96974,85.01838,315.15,0.47,0.48,2023-10-21,1932,N20,VIIRS,n,2,271.27,2.92,N,0,VIIRS_NOAA20_SP
20.97028,85.01381,320.69,0.47,0.48,2023-10-21,1932,N20,VIIRS,n,2,268.91,2.92,N,0,VIIRS_NOAA20_SP
20.97334,85.17459,314.89,0.46,0.47,2023-10-21,1932,N20,VIIRS,n,2,290.21,1.74,N,2,VIIRS_NOAA20_SP
20.97388,85.17009,311.57,0.46,0.47,2023-10-21,1932,N20,VIIRS,n,2,291.42,1.74,N,2,VIIRS_NOAA20_SP
20.97765,85.13877,307.21,0.47,0.47,2023-10-21,1932,N20,VIIRS,n,2,289.43,1.48,N,2,VIIRS_NOAA20_SP
20.97819,85.13427,307.59,0.47,0.47,2023-10-21,1932,N20,VIIRS,n,2,287.75,1.48,N,2,VIIRS_NOAA20_SP
21.1927,81.41462,313.33,0.41,0.61,2023-10-21,1932,N20,VIIRS,n,2,291.81,1.38,N,2,VIIRS_NOAA20_SP
21.19828,81.41525,303.25,0.41,0.61,2023-10-21,1932,N20,VIIRS,n,2,291.87,0.51,N,2,VIIRS_NOAA20_SP
21.24816,79.22093,312.99,0.57,0.69,2023-10-21,1932,N20,VIIRS,n,2,291.31,1.41,N,2,VIIRS_NOAA20_SP
21.25004,79.22157,309.56,0.57,0.69,2023-10-21,1932,N20,VIIRS,n,2,291.75,1.55,N,2,VIIRS_NOAA20_SP
21.37345,81.68354,303.89,0.39,0.6,2023-10-21,1932,N20,VIIRS,n,2,292.68,1.82,N,2,VIIRS_NOAA20_SP
21.37809,81.63725,304.79,0.4,0.6,2023-10-21,1932,N20,VIIRS,n,2,291.63,1.53,N,2,VIIRS_NOAA20_SP
14.87338,78.04936,307.4,0.57,0.69,2023-10-21,1933,N20,VIIRS,n,2,290.99,1.17,N,0,VIIRS_NOAA20_SP
11.81279,77.92023,300.51,0.54,0.68,2023-10-21,1934,N20,VIIRS,n,2,287.83,0.83,N,2,VIIRS_NOAA20_SP
36.99724,80.19101,295.51,0.57,0.52,2023-10-21,2108,N20,VIIRS,n,2,276.32,1.29,N,2,VIIRS_NOAA20_SP
30.76117,78.11592,298.83,0.61,0.53,2023-10-21,2109,N20,VIIRS,n,2,283.03,0.67,N,0,VIIRS_NOAA20_SP
31.25748,76.92512,297.31,0.51,0.49,2023-10-21,2109,N20,VIIRS,n,2,284.62,1.12,N,2,VIIRS_NOAA20_SP
32.28885,70.73801,303.83,0.4,0.37,2023-10-21,2109,N20,VIIRS,n,2,290.5,0.88,N,2,VIIRS_NOAA20_SP
32.89078,71.61716,303.32,0.41,0.37,2023-10-21,2109,N20,VIIRS,n,2,280.09,0.83,N,2,VIIRS_NOAA20_SP
26.64363,79.47968,308.18,0.45,0.63,2023-10-21,2110,N20,VIIRS,n,2,289.72,1.01,N,2,VIIRS_NOAA20_SP
27.04648,77.88275,300.49,0.36,0.57,2023-10-21,2110,N20,VIIRS,n,2,289.02,0.38,N,0,VIIRS_NOAA20_SP
27.6686,76.13111,304.0,0.54,0.51,2023-10-21,2110,N20,VIIRS,n,2,291.65,1.08,N,2,VIIRS_NOAA20_SP
28.07152,77.8568,301.06,0.34,0.56,2023-10-21,2110,N20,VIIRS,n,2,288.76,0.48,N,0,VIIRS_NOAA20_SP
28.12858,78.10818,298.58,0.35,0.57,2023-10-21,2110,N20,VIIRS,n,2,288.01,0.48,N,0,VIIRS_NOAA20_SP
29.45514,76.869,340.68,0.55,0.51,2023-10-21,2110,N20,VIIRS,n,2,290.81,13.31,N,2,VIIRS_NOAA20_SP
29.45704,76.86807,340.07,0.55,0.51,2023-10-21,2110,N20,VIIRS,n,2,292.23,12.9,N,2,VIIRS_NOAA20_SP
29.97426,77.51931,312.17,0.58,0.52,2023-10-21,2110,N20,VIIRS,n,2,288.22,1.1,N,0,VIIRS_NOAA20_SP
29.97454,77.51879,310.65,0.58,0.52,2023-10-21,2110,N20,VIIRS,n,2,288.26,1.71,N,0,VIIRS_NOAA20_SP
24.66127,74.6328,309.43,0.51,0.49,2023-10-21,2111,N20,VIIRS,n,2,293.61,2.46,N,2,VIIRS_NOAA20_SP
24.66342,74.63416,306.38,0.5,0.49,2023-10-21,2111,N20,VIIRS,n,2,293.7,2.47,N,2,VIIRS_NOAA20_SP
24.69023,73.00085,311.65,0.4,0.44,2023-10-21,2111,N20,VIIRS,n,2,292.59,2.01,N,2,VIIRS_NOAA20_SP
24.81974,73.09174,300.58,0.41,0.45,2023-10-21,2111,N20,VIIRS,n,2,289.96,0.56,N,2,VIIRS_NOAA20_SP
24.95543,81.87022,304.46,0.69,0.75,2023-10-21,2111,N20,VIIRS,n,2,288.69,1.39,N,0,VIIRS_NOAA20_SP
24.9574,81.8709,306.39,0.69,0.75,2023-10-21,2111,N20,VIIRS,n,2,288.95,1.33,N,0,VIIRS_NOAA20_SP
25.05596,76.94621,300.6,0.34,0.56,2023-10-21,2111,N20,VIIRS,n,2,289.73,0.49,N,0,VIIRS_NOAA20_SP
25.33981,68.63515,302.17,0.39,0.36,2023-10-21,2111,N20,VIIRS,n,2,291.12,0.37,N,0,VIIRS_NOAA20_SP
25.40231,68.56791,321.98,0.39,0.36,2023-10-21,2111,N20,VIIRS,n,2,293.99,1.52,N,2,VIIRS_NOAA20_SP
25.51636,68.74608,303.52,0.39,0.37,2023-10-21,2111,N20,VIIRS,n,2,292.02,0.42,N,0,VIIRS_NOAA20_SP
25.79642,68.69941,308.14,0.39,0.36,2023-10-21,2111,N20,VIIRS,n,2,292.77,0.61,N,2,VIIRS_NOAA20_SP
25.93977,77.88269,301.44,0.38,0.58,2023-10-21,2111,N20,VIIRS,n,2,289.94,0.49,N,0,VIIRS_NOAA20_SP
26.60483,73.6843,302.61,0.41,0.45,2023-10-21,2111,N20,VIIRS,n,2,291.86,0.89,N,2,VIIRS_NOAA20_SP
26.79969,76.73555,317.57,0.61,0.54,2023-10-21,2111,N20,VIIRS,n,2,291.71,3.29,N,0,VIIRS_NOAA20_SP
26.87509,73.51737,308.54,0.39,0.44,2023-10-21,2111,N20,VIIRS,n,2,291.43,1.12,N,2,VIIRS_NOAA20_SP
26.87985,73.51445,303.7,0.39,0.44,2023-10-21,2111,N20,VIIRS,n,2,291.5,1.82,N,2,VIIRS_NOAA20_SP
28.05295,69.36761,302.01,0.39,0.36,2023-10-21,2111,N20,VIIRS,n,2,274.94,0.53,N,2,VIIRS_NOAA20_SP
28.42384,69.70152,306.11,0.4,0.37,2023-10-21,2111,N20,VIIRS,n,2,285.01,0.78,N,2,VIIRS_NOAA20_SP
19.92314,79.1116,301.95,0.61,0.71,2023-10-21,2112,N20,VIIRS,n,2,291.48,0.75,N,2,VIIRS_NOAA20_SP
20.32362,75.92798,300.96,0.37,0.58,2023-10-21,2112,N20,VIIRS,n,2,288.04,0.7,N,0,VIIRS_NOAA20_SP
20.32791,75.92992,300.86,0.37,0.58,2023-10-21,2112,N20,VIIRS,n,2,288.17,0.61,N,0,VIIRS_NOAA20_SP
21.1038,72.63499,326.74,0.44,0.46,2023-10-21,2112,N20,VIIRS,n,2,295.1,3.2,N,2,VIIRS_NOAA20_SP
21.10558,72.64855,310.5,0.44,0.46,2023-10-21,2112,N20,VIIRS,n,2,294.49,4.53,N,2,VIIRS_NOAA20_SP
21.10639,72.64433,339.08,0.44,0.46,2023-10-21,2112,N20,VIIRS,n,2,295.93,8.92,N,2,VIIRS_NOAA20_SP
21.11219,72.63533,314.48,0.44,0.46,2023-10-21,2112,N20,VIIRS,n,2,296.61,2.7,N,2,VIIRS_NOAA20_SP
21.659,72.14811,304.8,0.41,0.45,2023-10-21,2112,N20,VIIRS,n,2,294.8,0.74,N,0,VIIRS_NOAA20_SP
21.74353,70.11195,316.31,0.47,0.4,2023-10-21,2112,N20,VIIRS,n,2,290.62,1.2,N,0,VIIRS_NOAA20_SP
22.26456,75.13245,308.31,0.61,0.53,2023-10-21,2112,N20,VIIRS,n,2,292.28,1.88,N,2,VIIRS_NOAA20_SP
22.31937,69.88499,333.84,0.45,0.39,2023-10-21,2112,N20,VIIRS,n,2,298.91,11.87,N,0,VIIRS_NOAA20_SP
22.32014,69.88062,310.69,0.45,0.39,2023-10-21,2112,N20,VIIRS,n,2,297.25,3.17,N,0,VIIRS_NOAA20_SP
22.32369,69.88135,307.19,0.45,0.39,2023-10-21,2112,N20,VIIRS,n,2,296.52,3.17,N,2,VIIRS_NOAA20_SP
22.33741,69.8661,309.34,0.45,0.39,2023-10-21,2112,N20,VIIRS,n,2,298.5,2.84,N,2,VIIRS_NOAA20_SP
22.9245,70.10694,333.8,0.46,0.39,2023-10-21,2112,N20,VIIRS,n,2,297.32,4.2,N,0,VIIRS_NOAA20_SP
22.92795,69.82244,309.22,0.45,0.39,2023-10-21,2112,N20,VIIRS,n,2,296.27,1.29,N,2,VIIRS_NOAA20_SP
22.92805,70.10767,313.83,0.46,0.39,2023-10-21,2112,N20,VIIRS,n,2,296.38,1.13,N,0,VIIRS_NOAA20_SP
22.93904,69.69677,313.72,0.44,0.38,2023-10-21,2112,N20,VIIRS,n,2,296.01,1.09,N,2,VIIRS_NOAA20_SP
23.01359,70.10262,311.26,0.46,0.39,2023-10-21,2112,N20,VIIRS,n,2,296.63,1.67,N,2,VIIRS_NOAA20_SP
23.01649,70.10171,309.6,0.46,0.39,2023-10-21,2112,N20,VIIRS,n,2,296.23,1.1,N,2,VIIRS_NOAA20_SP
23.2239,72.15417,326.9,0.38,0.43,2023-10-21,2112,N20,VIIRS,n,2,293.5,3.48,N,0,VIIRS_NOAA20_SP
23.26382,70.25012,309.59,0.46,0.39,2023-10-21,2112,N20,VIIRS,n,2,296.22,1.26,N,2,VIIRS_NOAA20_SP
23.31575,70.48654,311.05,0.47,0.4,2023-10-21,2112,N20,VIIRS,n,2,295.77,1.77,N,2,VIIRS_NOAA20_SP
23.43156,68.71276,310.94,0.4,0.37,2023-10-21,2112,N20,VIIRS,n,2,296.57,1.02,N,2,VIIRS_NOAA20_SP
18.12656,77.04956,298.29,0.49,0.65,2023-10-21,2113,N20,VIIRS,n,2,287.65,0.33,N,0,VIIRS_NOAA20_SP
18.12815,77.05096,298.12,0.49,0.65,2023-10-21,2113,N20,VIIRS,n,2,287.95,0.36,N,0,VIIRS_NOAA20_SP
18.72415,79.53262,302.91,0.69,0.74,2023-10-21,2113,N20,VIIRS,n,2,292.0,1.63,N,2,VIIRS_NOAA20_SP
18.97179,71.62213,309.15,0.42,0.45,2023-10-21,2113,N20,VIIRS,n,2,295.53,1.4,N,3,VIIRS_NOAA20_SP
18.9759,71.62299,327.01,0.42,0.45,2023-10-21,2113,N20,VIIRS,n,2,295.81,1.4,N,3,VIIRS_NOAA20_SP
19.17897,70.94411,320.53,0.57,0.43,2023-10-21,2113,N20,VIIRS,n,2,289.47,3.09,N,3,VIIRS_NOAA20_SP
19.37054,71.35473,326.65,0.4,0.44,2023-10-21,2113,N20,VIIRS,n,2,289.77,2.39,N,3,VIIRS_NOAA20_SP
20.90872,71.46079,307.35,0.57,0.43,2023-10-21,2113,N20,VIIRS,n,2,296.57,1.88,N,2,VIIRS_NOAA20_SP
20.91234,71.45747,309.56,0.57,0.43,2023-10-21,2113,N20,VIIRS,n,2,295.63,1.84,N,2,VIIRS_NOAA20_SP
15.13936,76.70832,302.42,0.53,0.67,2023-10-21,2114,N20,VIIRS,n,2,289.56,0.88,N,2,VIIRS_NOAA20_SP
15.17115,76.37656,308.09,0.51,0.66,2023-10-21,2114,N20,VIIRS,n,2,291.48,1.88,N,2,VIIRS_NOAA20_SP
15.17592,76.65296,304.08,0.53,0.67,2023-10-21,2114,N20,VIIRS,n,2,290.24,1.64,N,2,VIIRS_NOAA20_SP
15.17693,76.6785,302.72,0.53,0.67,2023-10-21,2114,N20,VIIRS,n,2,289.93,1.3,N,2,VIIRS_NOAA20_SP
15.17707,76.65154,303.83,0.53,0.67,2023-10-21,2114,N20,VIIRS,n,2,290.03,2.68,N,2,VIIRS_NOAA20_SP
15.18109,77.10188,300.17,0.56,0.69,2023-10-21,2114,N20,VIIRS,n,2,286.79,0.91,N,2,VIIRS_NOAA20_SP
15.65685,73.98849,303.5,0.34,0.56,2023-10-21,2114,N20,VIIRS,n,2,290.64,0.67,N,2,VIIRS_NOAA20_SP
17.00908,96.14579,331.26,0.41,0.37,2023-10-22,642,N20,VIIRS,n,2,293.48,3.47,D,0,VIIRS_NOAA20_SP
17.79248,96.51957,346.27,0.4,0.37,2023-10-22,642,N20,VIIRS,n,2,295.86,7.22,D,0,VIIRS_NOAA20_SP
17.81489,96.53094,332.5,0.4,0.37,2023-10-22,642,N20,VIIRS,n,2,290.81,1.92,D,0,VIIRS_NOAA20_SP
17.83812,95.36987,328.45,0.43,0.38,2023-10-22,642,N20,VIIRS,n,2,292.86,1.35,D,0,VIIRS_NOAA20_SP
18.1917,96.54572,329.65,0.39,0.37,2023-10-22,642,N20,VIIRS,n,2,296.14,2.91,D,0,VIIRS_NOAA20_SP
20.87224,95.88516,331.24,0.39,0.37,2023-10-22,643,N20,VIIRS,n,2,299.59,1.24,D,0,VIIRS_NOAA20_SP
22.55881,97.17249,329.04,0.39,0.36,2023-10-22,643,N20,VIIRS,n,2,297.65,1.1,D,0,VIIRS_NOAA20_SP
22.66724,97.63329,334.11,0.39,0.36,2023-10-22,643,N20,VIIRS,n,2,298.31,3.88,D,0,VIIRS_NOAA20_SP
22.8187,97.95421,326.55,0.4,0.37,2023-10-22,643,N20,VIIRS,n,2,297.65,1.64,D,0,VIIRS_NOAA20_SP
22.79611,86.20734,330.4,0.4,0.6,2023-10-22,644,N20,VIIRS,n,2,272.1,5.54,D,2,VIIRS_NOAA20_SP
22.85855,94.05885,331.94,0.43,0.38,2023-10-22,644,N20,VIIRS,n,2,297.62,3.19,D,0,VIIRS_NOAA20_SP
23.71653,86.44465,330.06,0.37,0.58,2023-10-22,644,N20,VIIRS,l,2,300.28,3.96,D,2,VIIRS_NOAA20_SP
23.71741,86.44495,329.17,0.37,0.58,2023-10-22,644,N20,VIIRS,l,2,300.48,4.75,D,2,VIIRS_NOAA20_SP
23.77651,86.39202,338.56,0.37,0.58,2023-10-22,644,N20,VIIRS,n,2,303.3,6.9,D,2,VIIRS_NOAA20_SP
23.78045,86.20847,336.19,0.38,0.59,2023-10-22,644,N20,VIIRS,l,2,307.2,7.63,D,2,VIIRS_NOAA20_SP
23.80213,86.33261,328.8,0.37,0.58,2023-10-22,644,N20,VIIRS,l,2,301.46,3.86,D,2,VIIRS_NOAA20_SP
24.04272,96.31194,331.47,0.38,0.36,2023-10-22,644,N20,VIIRS,n,2,298.82,2.55,D,0,VIIRS_NOAA20_SP
24.76942,97.25549,337.51,0.39,0.36,2023-10-22,644,N20,VIIRS,n,2,298.16,4.15,D,0,VIIRS_NOAA20_SP
24.89223,97.07267,343.5,0.39,0.36,2023-10-22,644,N20,VIIRS,n,2,301.08,9.84,D,0,VIIRS_NOAA20_SP
25.51455,96.87337,332.05,0.39,0.36,2023-10-22,644,N20,VIIRS,n,2,297.48,2.2,D,0,VIIRS_NOAA20_SP
25.53104,96.87085,334.45,0.39,0.36,2023-10-22,644,N20,VIIRS,n,2,301.19,3.19,D,0,VIIRS_NOAA20_SP
26.24427,96.61838,326.43,0.39,0.36,2023-10-22,644,N20,VIIRS,n,2,299.93,1.5,D,0,VIIRS_NOAA20_SP
24.2053,82.71513,331.9,0.61,0.71,2023-10-22,645,N20,VIIRS,n,2,299.71,5.91,D,2,VIIRS_NOAA20_SP
26.6525,96.23222,332.35,0.39,0.36,2023-10-22,645,N20,VIIRS,n,2,300.31,2.64,D,0,VIIRS_NOAA20_SP
26.65579,96.23161,334.35,0.39,0.36,2023-10-22,645,N20,VIIRS,n,2,300.48,2.52,D,0,VIIRS_NOAA20_SP
27.10739,94.30827,335.87,0.39,0.36,2023-10-22,645,N20,VIIRS,n,2,307.46,4.36,D,0,VIIRS_NOAA20_SP
27.46876,95.42385,330.93,0.38,0.36,2023-10-22,645,N20,VIIRS,n,2,303.15,1.76,D,2,VIIRS_NOAA20_SP
27.4956,96.49861,332.69,0.39,0.36,2023-10-22,645,N20,VIIRS,l,2,304.75,3.53,D,0,VIIRS_NOAA20_SP
27.60517,95.40224,327.01,0.38,0.36,2023-10-22,645,N20,VIIRS,n,2,301.4,1.73,D,2,VIIRS_NOAA20_SP
27.62647,96.27844,337.83,0.39,0.36,2023-10-22,645,N20,VIIRS,n,2,300.05,4.37,D,0,VIIRS_NOAA20_SP
27.72668,96.26839,331.63,0.39,0.36,2023-10-22,645,N20,VIIRS,n,2,303.99,2.71,D,0,VIIRS_NOAA20_SP
27.72724,96.27231,339.71,0.39,0.36,2023-10-22,645,N20,VIIRS,n,2,305.39,2.71,D,0,VIIRS_NOAA20_SP
27.74615,96.30905,333.59,0.39,0.36,2023-10-22,645,N20,VIIRS,n,2,301.94,2.07,D,0,VIIRS_NOAA20_SP
27.74752,96.10812,328.52,0.39,0.36,2023-10-22,645,N20,VIIRS,n,2,299.82,1.71,D,0,VIIRS_NOAA20_SP
27.74841,96.32473,340.19,0.39,0.36,2023-10-22,645,N20,VIIRS,n,2,305.44,9.81,D,0,VIIRS_NOAA20_SP
27.75172,96.32413,340.05,0.39,0.36,2023-10-22,645,N20,VIIRS,n,2,299.59,9.81,D,0,VIIRS_NOAA20_SP
27.76392,96.08107,333.17,0.39,0.36,2023-10-22,645,N20,VIIRS,n,2,302.62,3.3,D,0,VIIRS_NOAA20_SP
27.79433,96.33646,345.4,0.39,0.36,2023-10-22,645,N20,VIIRS,n,2,307.87,20.95,D,0,VIIRS_NOAA20_SP
27.88474,96.32809,332.48,0.39,0.36,2023-10-22,645,N20,VIIRS,l,2,307.16,1.66,D,0,VIIRS_NOAA20_SP
27.88806,96.32748,327.86,0.39,0.36,2023-10-22,645,N20,VIIRS,l,2,301.37,1.66,D,0,VIIRS_NOAA20_SP
28.00647,96.56381,333.08,0.39,0.36,2023-10-22,645,N20,VIIRS,n,2,299.88,11.45,D,0,VIIRS_NOAA20_SP
28.0184,96.48008,328.43,0.39,0.36,2023-10-22,645,N20,VIIRS,n,2,292.5,2.71,D,0,VIIRS_NOAA20_SP
28.05426,96.14008,330.28,0.39,0.36,2023-10-22,645,N20,VIIRS,n,2,299.41,4.36,D,0,VIIRS_NOAA20_SP
28.067,95.51342,335.34,0.38,0.36,2023-10-22,645,N20,VIIRS,n,2,301.35,3.77,D,0,VIIRS_NOAA20_SP
28.07725,95.49152,332.95,0.38,0.36,2023-10-22,645,N20,VIIRS,n,2,299.79,2.78,D,0,VIIRS_NOAA20_SP
28.08693,96.60162,330.84,0.39,0.37,2023-10-22,645,N20,VIIRS,n,2,297.97,12.17,D,0,VIIRS_NOAA20_SP
28.11027,96.5544,342.98,0.39,0.36,2023-10-22,645,N20,VIIRS,n,2,297.33,7.57,D,0,VIIRS_NOAA20_SP
28.12083,96.58073,331.72,0.39,0.37,2023-10-22,645,N20,VIIRS,n,2,298.68,4.38,D,0,VIIRS_NOAA20_SP
28.13197,96.53889,331.5,0.39,0.36,2023-10-22,645,N20,VIIRS,n,2,296.15,3.2,D,0,VIIRS_NOAA20_SP
28.14846,96.51087,332.27,0.39,0.36,2023-10-22,645,N20,VIIRS,n,2,294.69,2.82,D,0,VIIRS_NOAA20_SP
28.1666,96.66251,340.95,0.4,0.37,2023-10-22,645,N20,VIIRS,n,2,295.98,4.91,D,0,VIIRS_NOAA20_SP
28.18387,96.49612,325.08,0.39,0.36,2023-10-22,645,N20,VIIRS,l,2,296.79,2.28,D,0,VIIRS_NOAA20_SP
28.18647,96.49592,330.73,0.39,0.36,2023-10-22,645,N20,VIIRS,n,2,297.5,3.17,D,0,VIIRS_NOAA20_SP
28.40213,95.25773,329.65,0.38,0.36,2023-10-22,645,N20,VIIRS,n,2,298.5,2.21,D,0,VIIRS_NOAA20_SP
28.94753,79.44701,336.12,0.74,0.76,2023-10-22,646,N20,VIIRS,n,2,295.87,5.56,D,0,VIIRS_NOAA20_SP
29.6297,91.24049,345.1,0.46,0.39,2023-10-22,646,N20,VIIRS,n,2,295.89,5.75,D,0,VIIRS_NOAA20_SP
29.66889,91.21186,326.65,0.46,0.39,2023-10-22,646,N20,VIIRS,l,2,298.12,4.18,D,0,VIIRS_NOAA20_SP
8.63468,78.09002,336.37,0.48,0.4,2023-10-22,821,N20,VIIRS,n,2,271.07,4.08,D,0,VIIRS_NOAA20_SP
10.54947,77.33247,333.66,0.46,0.39,2023-10-22,821,N20,VIIRS,n,2,301.14,4.38,D,0,VIIRS_NOAA20_SP
10.56076,77.25823,331.76,0.46,0.39,2023-10-22,821,N20,VIIRS,n,2,301.56,2.05,D,0,VIIRS_NOAA20_SP
10.61377,77.15376,330.89,0.45,0.39,2023-10-22,821,N20,VIIRS,l,2,302.18,2.03,D,0,VIIRS_NOAA20_SP
10.77081,78.66346,330.46,0.55,0.42,2023-10-22,821,N20,VIIRS,n,2,295.55,1.07,D,0,VIIRS_NOAA20_SP
10.98491,77.91138,340.8,0.5,0.41,2023-10-22,821,N20,VIIRS,n,2,300.72,3.82,D,0,VIIRS_NOAA20_SP
10.98865,77.91086,344.03,0.5,0.41,2023-10-22,821,N20,VIIRS,n,2,300.42,4.8,D,0,VIIRS_NOAA20_SP
11.00505,77.64796,334.37,0.48,0.4,2023-10-22,821,N20,VIIRS,n,2,302.11,1.86,D,0,VIIRS_NOAA20_SP
11.63326,77.66145,334.7,0.49,0.4,2023-10-22,822,N20,VIIRS,n,2,300.88,3.85,D,0,VIIRS_NOAA20_SP
11.79736,78.83508,332.04,0.38,0.43,2023-10-22,822,N20,VIIRS,n,2,292.35,1.49,D,0,VIIRS_NOAA20_SP
12.07816,76.56377,338.14,0.44,0.38,2023-10-22,822,N20,VIIRS,n,2,300.01,4.74,D,0,VIIRS_NOAA20_SP
12.08044,76.93669,335.86,0.46,0.39,2023-10-22,822,N20,VIIRS,n,2,302.28,2.72,D,0,VIIRS_NOAA20_SP
12.1051,76.75102,335.12,0.45,0.39,2023-10-22,822,N20,VIIRS,n,2,300.66,3.87,D,0,VIIRS_NOAA20_SP
12.4146,77.32417,331.05,0.48,0.4,2023-10-22,822,N20,VIIRS,n,2,300.09,2.43,D,0,VIIRS_NOAA20_SP
12.5304,76.67014,333.17,0.45,0.39,2023-10-22,822,N20,VIIRS,n,2,298.86,2.9,D,0,VIIRS_NOAA20_SP
12.98432,74.85486,331.96,0.4,0.37,2023-10-22,822,N20,VIIRS,n,2,298.57,3.39,D,0,VIIRS_NOAA20_SP
13.02931,79.74357,335.75,0.45,0.47,2023-10-22,822,N20,VIIRS,n,2,297.73,3.91,D,0,VIIRS_NOAA20_SP
13.94203,77.44399,335.56,0.51,0.41,2023-10-22,822,N20,VIIRS,n,2,304.98,3.78,D,0,VIIRS_NOAA20_SP
14.15544,77.73598,331.81,0.53,0.42,2023-10-22,822,N20,VIIRS,n,2,300.38,2.93,D,0,VIIRS_NOAA20_SP
14.27478,77.87879,330.48,0.54,0.42,2023-10-22,822,N20,VIIRS,l,2,301.11,3.93,D,0,VIIRS_NOAA20_SP
14.32731,76.64836,337.02,0.47,0.4,2023-10-22,822,N20,VIIRS,l,2,307.8,5.0,D,0,VIIRS_NOAA20_SP
14.40842,77.69093,336.39,0.53,0.42,2023-10-22,822,N20,VIIRS,n,2,302.59,2.77,D,0,VIIRS_NOAA20_SP
14.44682,75.53799,332.69,0.42,0.38,2023-10-22,822,N20,VIIRS,n,2,302.52,2.1,D,0,VIIRS_NOAA20_SP
14.48439,80.15792,330.14,0.51,0.49,2023-10-22,822,N20,VIIRS,l,2,301.28,1.78,D,0,VIIRS_NOAA20_SP
14.52271,79.57896,338.91,0.46,0.47,2023-10-22,822,N20,VIIRS,n,2,304.13,5.95,D,0,VIIRS_NOAA20_SP
14.56934,79.69749,337.94,0.47,0.48,2023-10-22,822,N20,VIIRS,n,2,304.51,6.09,D,0,VIIRS_NOAA20_SP
14.67347,79.5262,335.11,0.46,0.47,2023-10-22,822,N20,VIIRS,n,2,304.61,3.97,D,0,VIIRS_NOAA20_SP
14.72046,77.61606,333.1,0.53,0.42,2023-10-22,822,N20,VIIRS,n,2,301.67,3.9,D,0,VIIRS_NOAA20_SP
14.81145,78.77827,340.42,0.42,0.45,2023-10-22,822,N20,VIIRS,n,2,293.47,6.91,D,0,VIIRS_NOAA20_SP
14.85753,78.39655,335.06,0.4,0.44,2023-10-22,822,N20,VIIRS,l,2,305.83,2.27,D,0,VIIRS_NOAA20_SP
14.9369,77.83946,330.14,0.55,0.43,2023-10-22,822,N20,VIIRS,l,2,302.97,2.37,D,0,VIIRS_NOAA20_SP
15.01343,79.7072,338.9,0.48,0.48,2023-10-22,822,N20,VIIRS,n,2,305.27,3.26,D,0,VIIRS_NOAA20_SP
15.10862,79.92642,331.12,0.5,0.49,2023-10-22,822,N20,VIIRS,l,2,302.96,3.54,D,0,VIIRS_NOAA20_SP
15.11343,78.98746,330.12,0.43,0.46,2023-10-22,822,N20,VIIRS,n,2,299.91,1.22,D,0,VIIRS_NOAA20_SP
15.1337,79.88755,332.39,0.5,0.49,2023-10-22,822,N20,VIIRS,n,2,302.16,1.93,D,0,VIIRS_NOAA20_SP
14.77799,75.3816,331.27,0.42,0.38,2023-10-22,823,N20,VIIRS,l,2,302.68,1.64,D,0,VIIRS_NOAA20_SP
14.79041,76.14019,331.71,0.45,0.39,2023-10-22,823,N20,VIIRS,l,2,302.99,3.16,D,0,VIIRS_NOAA20_SP
15.11361,78.98752,331.63,0.43,0.46,2023-10-22,823,N20,VIIRS,n,2,300.22,1.59,D,0,VIIRS_NOAA20_SP
15.13649,75.98182,333.13,0.45,0.39,2023-10-22,823,N20,VIIRS,n,2,302.04,1.82,D,0,VIIRS_NOAA20_SP
15.15082,77.22329,339.13,0.51,0.41,2023-10-22,823,N20,VIIRS,l,2,309.54,7.53,D,0,VIIRS_NOAA20_SP
15.17488,76.65596,337.43,0.48,0.4,2023-10-22,823,N20,VIIRS,n,2,305.02,4.0,D,2,VIIRS_NOAA20_SP
15.2637,77.77386,347.65,0.55,0.43,2023-10-22,823,N20,VIIRS,n,2,308.27,9.22,D,0,VIIRS_NOAA20_SP
15.30128,78.24123,335.53,0.39,0.44,2023-10-22,823,N20,VIIRS,n,2,307.33,3.42,D,0,VIIRS_NOAA20_SP
15.43569,76.70834,332.74,0.48,0.4,2023-10-22,823,N20,VIIRS,n,2,301.33,4.72,D,0,VIIRS_NOAA20_SP
15.59605,79.06242,340.4,0.44,0.46,2023-10-22,823,N20,VIIRS,n,2,298.81,2.38,D,0,VIIRS_NOAA20_SP
15.74119,78.53876,335.68,0.41,0.45,2023-10-22,823,N20,VIIRS,n,2,304.03,3.47,D,0,VIIRS_NOAA20_SP
15.78218,78.49804,339.49,0.41,0.45,2023-10-22,823,N20,VIIRS,n,2,305.59,3.48,D,0,VIIRS_NOAA20_SP
15.82106,78.38438,332.82,0.41,0.45,2023-10-22,823,N20,VIIRS,l,2,306.9,2.36,D,0,VIIRS_NOAA20_SP
16.20468,77.75981,339.81,0.56,0.43,2023-10-22,823,N20,VIIRS,n,2,306.75,11.62,D,0,VIIRS_NOAA20_SP
16.33435,77.92917,331.66,0.39,0.44,2023-10-22,823,N20,VIIRS,n,2,303.85,2.51,D,0,VIIRS_NOAA20_SP
17.04856,78.67403,337.32,0.44,0.46,2023-10-22,823,N20,VIIRS,n,2,303.96,3.19,D,0,VIIRS_NOAA20_SP
17.24448,79.25792,338.58,0.48,0.48,2023-10-22,823,N20,VIIRS,n,2,305.32,7.34,D,0,VIIRS_NOAA20_SP
18.37162,77.69466,334.28,0.4,0.44,2023-10-22,824,N20,VIIRS,l,2,306.45,2.96,D,0,VIIRS_NOAA20_SP
18.59253,78.4753,342.78,0.45,0.47,2023-10-22,824,N20,VIIRS,n,2,299.51,6.47,D,0,VIIRS_NOAA20_SP
18.59353,78.47401,339.58,0.45,0.47,2023-10-22,824,N20,VIIRS,n,2,299.92,6.8,D,0,VIIRS_NOAA20_SP
18.59402,77.91801,330.93,0.41,0.45,2023-10-22,824,N20,VIIRS,n,2,301.95,2.03,D,0,VIIRS_NOAA20_SP
18.69059,73.04324,331.14,0.39,0.36,2023-10-22,824,N20,VIIRS,l,2,304.22,4.06,D,0,VIIRS_NOAA20_SP
18.69429,77.99667,343.62,0.42,0.45,2023-10-22,824,N20,VIIRS,n,2,302.95,6.28,D,0,VIIRS_NOAA20_SP
18.86554,78.10018,338.15,0.43,0.46,2023-10-22,824,N20,VIIRS,n,2,298.7,4.86,D,0,VIIRS_NOAA20_SP
18.94514,77.84318,330.67,0.41,0.45,2023-10-22,824,N20,VIIRS,l,2,304.73,1.36,D,0,VIIRS_NOAA20_SP
18.95471,77.79472,333.06,0.41,0.45,2023-10-22,824,N20,VIIRS,n,2,304.24,3.23,D,0,VIIRS_NOAA20_SP
19.36881,71.35468,341.15,0.39,0.36,2023-10-22,824,N20,VIIRS,n,2,289.04,5.43,D,3,VIIRS_NOAA20_SP
19.60169,74.19642,335.03,0.42,0.37,2023-10-22,824,N20,VIIRS,n,2,308.08,1.93,D,0,VIIRS_NOAA20_SP
20.71972,77.13288,336.88,0.39,0.44,2023-10-22,824,N20,VIIRS,n,2,307.46,1.92,D,0,VIIRS_NOAA20_SP
21.10038,72.63591,340.92,0.39,0.36,2023-10-22,824,N20,VIIRS,n,2,302.77,3.64,D,0,VIIRS_NOAA20_SP
21.1037,72.63535,335.79,0.39,0.36,2023-10-22,824,N20,VIIRS,n,2,302.96,3.64,D,2,VIIRS_NOAA20_SP
21.10533,72.64655,348.49,0.39,0.36,2023-10-22,824,N20,VIIRS,n,2,305.01,7.8,D,2,VIIRS_NOAA20_SP
21.22209,75.34514,333.02,0.48,0.4,2023-10-22,824,N20,VIIRS,n,2,300.44,3.32,D,0,VIIRS_NOAA20_SP
21.22211,75.34325,333.86,0.48,0.4,2023-10-22,824,N20,VIIRS,n,2,301.12,1.68,D,0,VIIRS_NOAA20_SP
21.29272,74.80202,333.02,0.45,0.39,2023-10-22,824,N20,VIIRS,n,2,301.02,1.08,D,0,VIIRS_NOAA20_SP
21.9185,83.35343,331.4,0.51,0.66,2023-10-22,824,N20,VIIRS,n,2,297.1,8.18,D,2,VIIRS_NOAA20_SP
21.92378,83.34294,328.57,0.51,0.66,2023-10-22,824,N20,VIIRS,n,2,297.32,5.65,D,2,VIIRS_NOAA20_SP
22.042,83.7338,327.51,0.54,0.68,2023-10-22,824,N20,VIIRS,l,2,298.69,5.02,D,2,VIIRS_NOAA20_SP
21.71155,70.42456,332.48,0.39,0.36,2023-10-22,825,N20,VIIRS,l,2,306.06,2.08,D,0,VIIRS_NOAA20_SP
22.16027,76.93715,332.58,0.4,0.44,2023-10-22,825,N20,VIIRS,l,2,306.03,2.11,D,0,VIIRS_NOAA20_SP
22.18626,70.67308,330.52,0.39,0.36,2023-10-22,825,N20,VIIRS,l,2,303.54,0.54,D,0,VIIRS_NOAA20_SP
22.18957,70.67248,330.9,0.39,0.36,2023-10-22,825,N20,VIIRS,l,2,304.69,1.36,D,0,VIIRS_NOAA20_SP
22.19002,79.31762,341.34,0.56,0.52,2023-10-22,825,N20,VIIRS,n,2,304.6,5.32,D,0,VIIRS_NOAA20_SP
22.30138,77.46928,331.75,0.43,0.46,2023-10-22,825,N20,VIIRS,n,2,304.23,4.33,D,0,VIIRS_NOAA20_SP
22.30271,79.95473,336.31,0.62,0.54,2023-10-22,825,N20,VIIRS,n,2,301.41,4.4,D,0,VIIRS_NOAA20_SP
22.30671,79.95649,333.89,0.62,0.54,2023-10-22,825,N20,VIIRS,n,2,300.77,7.91,D,0,VIIRS_NOAA20_SP
22.31377,79.81467,333.14,0.61,0.53,2023-10-22,825,N20,VIIRS,n,2,303.05,7.02,D,0,VIIRS_NOAA20_SP
22.32267,69.88242,336.83,0.4,0.37,2023-10-22,825,N20,VIIRS,l,2,308.2,3.51,D,2,VIIRS_NOAA20_SP
22.35917,79.9183,332.0,0.62,0.54,2023-10-22,825,N20,VIIRS,n,2,299.78,4.38,D,0,VIIRS_NOAA20_SP
22.38879,79.86649,340.41,0.61,0.54,2023-10-22,825,N20,VIIRS,n,2,302.81,5.93,D,0,VIIRS_NOAA20_SP
22.39052,79.86494,338.95,0.61,0.54,2023-10-22,825,N20,VIIRS,n,2,303.71,4.34,D,0,VIIRS_NOAA20_SP
22.3915,79.52832,332.04,0.58,0.52,2023-10-22,825,N20,VIIRS,n,2,304.0,4.69,D,0,VIIRS_NOAA20_SP
22.39677,77.51366,341.43,0.43,0.46,2023-10-22,825,N20,VIIRS,n,2,305.97,3.25,D,0,VIIRS_NOAA20_SP
22.4339,77.30958,338.82,0.42,0.45,2023-10-22,825,N20,VIIRS,n,2,308.59,2.34,D,0,VIIRS_NOAA20_SP
22.43833,77.53852,339.55,0.44,0.46,2023-10-22,825,N20,VIIRS,n,2,307.04,4.38,D,0,VIIRS_NOAA20_SP
22.48759,77.67532,335.64,0.45,0.47,2023-10-22,825,N20,VIIRS,l,2,308.68,3.34,D,0,VIIRS_NOAA20_SP
22.49457,77.58278,334.88,0.44,0.46,2023-10-22,825,N20,VIIRS,l,2,306.46,4.84,D,0,VIIRS_NOAA20_SP
22.50275,77.46537,343.97,0.43,0.46,2023-10-22,825,N20,VIIRS,n,2,311.92,5.68,D,0,VIIRS_NOAA20_SP
22.50974,77.45158,337.57,0.43,0.46,2023-10-22,825,N20,VIIRS,n,2,310.41,2.29,D,0,VIIRS_NOAA20_SP
22.51865,77.56667,339.82,0.44,0.46,2023-10-22,825,N20,VIIRS,l,2,311.89,3.67,D,0,VIIRS_NOAA20_SP
22.53951,77.48641,338.15,0.43,0.46,2023-10-22,825,N20,VIIRS,l,2,309.55,3.55,D,0,VIIRS_NOAA20_SP
22.54727,77.37049,341.28,0.43,0.46,2023-10-22,825,N20,VIIRS,n,2,309.5,1.9,D,0,VIIRS_NOAA20_SP
22.57624,77.61594,337.73,0.44,0.46,2023-10-22,825,N20,VIIRS,l,2,310.6,3.31,D,0,VIIRS_NOAA20_SP
22.58235,77.40928,342.03,0.43,0.46,2023-10-22,825,N20,VIIRS,n,2,309.12,3.21,D,0,VIIRS_NOAA20_SP
22.58458,72.39467,347.42,0.39,0.36,2023-10-22,825,N20,VIIRS,n,2,311.95,7.44,D,0,VIIRS_NOAA20_SP
22.58656,77.40874,338.68,0.43,0.46,2023-10-22,825,N20,VIIRS,n,2,309.17,3.21,D,0,VIIRS_NOAA20_SP
22.68293,77.42662,342.85,0.43,0.46,2023-10-22,825,N20,VIIRS,n,2,309.51,7.37,D,0,VIIRS_NOAA20_SP
22.69388,77.52441,330.55,0.44,0.46,2023-10-22,825,N20,VIIRS,n,2,304.83,3.56,D,0,VIIRS_NOAA20_SP
22.70174,77.44131,342.25,0.43,0.46,2023-10-22,825,N20,VIIRS,n,2,308.02,14.33,D,0,VIIRS_NOAA20_SP
22.70609,77.79276,333.27,0.46,0.47,2023-10-22,825,N20,VIIRS,l,2,304.38,3.1,D,0,VIIRS_NOAA20_SP
22.70903,77.79598,338.63,0.46,0.47,2023-10-22,825,N20,VIIRS,n,2,306.85,5.26,D,0,VIIRS_NOAA20_SP
22.75186,77.80968,338.06,0.46,0.47,2023-10-22,825,N20,VIIRS,n,2,303.08,2.83,D,0,VIIRS_NOAA20_SP
22.75968,77.45956,341.71,0.44,0.46,2023-10-22,825,N20,VIIRS,n,2,306.12,5.27,D,0,VIIRS_NOAA20_SP
22.76441,77.46324,333.32,0.44,0.46,2023-10-22,825,N20,VIIRS,n,2,301.95,3.15,D,0,VIIRS_NOAA20_SP
22.79253,86.21297,325.04,0.79,0.78,2023-10-22,825,N20,VIIRS,n,2,281.0,5.95,D,2,VIIRS_NOAA20_SP
22.92404,70.10886,337.19,0.39,0.36,2023-10-22,825,N20,VIIRS,l,2,310.88,4.72,D,0,VIIRS_NOAA20_SP
22.92736,70.10825,337.95,0.39,0.36,2023-10-22,825,N20,VIIRS,l,2,311.45,4.72,D,0,VIIRS_NOAA20_SP
22.94269,77.63792,334.31,0.45,0.47,2023-10-22,825,N20,VIIRS,n,2,307.46,4.75,D,0,VIIRS_NOAA20_SP
22.964,71.44566,333.0,0.38,0.36,2023-10-22,825,N20,VIIRS,l,2,307.49,0.77,D,0,VIIRS_NOAA20_SP
22.9885,77.54403,354.87,0.44,0.46,2023-10-22,825,N20,VIIRS,n,2,306.34,15.01,D,0,VIIRS_NOAA20_SP
22.9918,77.54385,330.45,0.44,0.46,2023-10-22,825,N20,VIIRS,n,2,300.35,1.96,D,0,VIIRS_NOAA20_SP
23.12846,78.02489,330.55,0.48,0.48,2023-10-22,825,N20,VIIRS,l,2,303.11,4.63,D,0,VIIRS_NOAA20_SP
23.1708,77.68235,332.51,0.46,0.47,2023-10-22,825,N20,VIIRS,n,2,302.42,4.64,D,0,VIIRS_NOAA20_SP
23.18189,77.9438,341.82,0.47,0.48,2023-10-22,825,N20,VIIRS,n,2,307.75,8.96,D,0,VIIRS_NOAA20_SP
23.2127,79.66076,331.62,0.61,0.53,2023-10-22,825,N20,VIIRS,n,2,301.51,6.57,D,0,VIIRS_NOAA20_SP
23.21732,69.72746,336.09,0.4,0.37,2023-10-22,825,N20,VIIRS,n,2,305.85,6.29,D,0,VIIRS_NOAA20_SP
23.22334,77.23395,349.88,0.43,0.46,2023-10-22,825,N20,VIIRS,n,2,308.54,4.69,D,0,VIIRS_NOAA20_SP
23.24872,77.15877,333.27,0.42,0.46,2023-10-22,825,N20,VIIRS,n,2,307.73,1.92,D,0,VIIRS_NOAA20_SP
23.2638,77.67235,337.65,0.46,0.47,2023-10-22,825,N20,VIIRS,n,2,304.0,2.1,D,0,VIIRS_NOAA20_SP
23.35591,78.1861,330.63,0.49,0.49,2023-10-22,825,N20,VIIRS,l,2,303.83,2.24,D,0,VIIRS_NOAA20_SP
23.39961,75.17522,332.58,0.5,0.41,2023-10-22,825,N20,VIIRS,l,2,307.03,2.91,D,0,VIIRS_NOAA20_SP
23.41137,69.05776,333.4,0.41,0.37,2023-10-22,825,N20,VIIRS,n,2,304.8,0.77,D,0,VIIRS_NOAA20_SP
23.41476,69.0571,338.89,0.41,0.37,2023-10-22,825,N20,VIIRS,n,2,305.53,5.19,D,0,VIIRS_NOAA20_SP
23.42881,77.54116,342.31,0.45,0.47,2023-10-22,825,N20,VIIRS,n,2,308.5,5.43,D,0,VIIRS_NOAA20_SP
23.43075,77.54388,339.96,0.45,0.47,2023-10-22,825,N20,VIIRS,n,2,305.23,6.39,D,0,VIIRS_NOAA20_SP
23.43672,79.07961,330.05,0.56,0.52,2023-10-22,825,N20,VIIRS,l,2,301.34,4.47,D,0,VIIRS_NOAA20_SP
23.45192,77.80548,333.71,0.47,0.48,2023-10-22,825,N20,VIIRS,l,2,306.83,5.01,D,0,VIIRS_NOAA20_SP
23.45248,77.80264,333.85,0.47,0.48,2023-10-22,825,N20,VIIRS,l,2,308.01,4.75,D,0,VIIRS_NOAA20_SP
23.49351,77.38227,334.58,0.44,0.46,2023-10-22,825,N20,VIIRS,l,2,308.91,3.34,D,0,VIIRS_NOAA20_SP
23.50878,77.91277,342.73,0.48,0.48,2023-10-22,825,N20,VIIRS,n,2,309.49,5.04,D,0,VIIRS_NOAA20_SP
23.51771,77.33472,335.86,0.44,0.46,2023-10-22,825,N20,VIIRS,l,2,308.79,3.23,D,0,VIIRS_NOAA20_SP
23.55122,77.68408,337.75,0.46,0.47,2023-10-22,825,N20,VIIRS,l,2,310.18,6.24,D,0,VIIRS_NOAA20_SP
23.55422,77.68388,337.39,0.46,0.47,2023-10-22,825,N20,VIIRS,l,2,309.72,8.9,D,0,VIIRS_NOAA20_SP
23.64984,79.84072,340.18,0.63,0.54,2023-10-22,825,N20,VIIRS,n,2,299.32,12.59,D,0,VIIRS_NOAA20_SP
23.90433,77.29749,332.4,0.44,0.46,2023-10-22,825,N20,VIIRS,n,2,306.21,3.72,D,0,VIIRS_NOAA20_SP
23.97796,77.34589,335.7,0.44,0.46,2023-10-22,825,N20,VIIRS,n,2,306.55,2.31,D,0,VIIRS_NOAA20_SP
24.20833,77.45226,350.17,0.45,0.47,2023-10-22,825,N20,VIIRS,n,2,308.56,6.37,D,0,VIIRS_NOAA20_SP
24.2604,78.15334,343.03,0.5,0.49,2023-10-22,825,N20,VIIRS,n,2,305.26,7.52,D,0,VIIRS_NOAA20_SP
24.27053,77.4992,349.63,0.46,0.47,2023-10-22,825,N20,VIIRS,n,2,304.95,7.22,D,0,VIIRS_NOAA20_SP
24.34752,77.4637,330.61,0.46,0.47,2023-10-22,825,N20,VIIRS,n,2,300.34,3.47,D,0,VIIRS_NOAA20_SP
24.41794,77.3692,334.65,0.45,0.47,2023-10-22,825,N20,VIIRS,n,2,305.19,3.37,D,0,VIIRS_NOAA20_SP
24.42588,77.48239,338.32,0.46,0.47,2023-10-22,825,N20,VIIRS,n,2,305.85,3.22,D,0,VIIRS_NOAA20_SP
24.43399,77.04967,333.4,0.43,0.46,2023-10-22,825,N20,VIIRS,l,2,307.36,2.05,D,0,VIIRS_NOAA20_SP
24.55926,80.51003,335.24,0.36,0.57,2023-10-22,825,N20,VIIRS,n,2,302.7,3.62,D,0,VIIRS_NOAA20_SP
24.56861,77.06354,334.41,0.43,0.46,2023-10-22,825,N20,VIIRS,n,2,301.64,3.34,D,0,VIIRS_NOAA20_SP
24.58864,76.89735,344.12,0.43,0.46,2023-10-22,825,N20,VIIRS,n,2,308.4,5.41,D,0,VIIRS_NOAA20_SP
24.63139,76.8505,334.5,0.42,0.45,2023-10-22,825,N20,VIIRS,n,2,303.09,2.62,D,0,VIIRS_NOAA20_SP
24.63522,76.89571,332.48,0.43,0.46,2023-10-22,825,N20,VIIRS,l,2,306.62,1.3,D,0,VIIRS_NOAA20_SP
24.63777,76.90927,336.13,0.43,0.46,2023-10-22,825,N20,VIIRS,l,2,308.42,3.06,D,0,VIIRS_NOAA20_SP
24.65962,76.95351,342.25,0.43,0.46,2023-10-22,825,N20,VIIRS,n,2,315.51,34.54,D,0,VIIRS_NOAA20_SP
24.66383,76.95297,354.56,0.43,0.46,2023-10-22,825,N20,VIIRS,n,2,306.81,34.54,D,0,VIIRS_NOAA20_SP
24.69476,77.03984,339.91,0.43,0.46,2023-10-22,825,N20,VIIRS,n,2,304.46,4.65,D,0,VIIRS_NOAA20_SP
24.69667,77.09639,336.17,0.44,0.46,2023-10-22,825,N20,VIIRS,n,2,305.55,1.81,D,0,VIIRS_NOAA20_SP
24.72933,77.4385,340.74,0.46,0.47,2023-10-22,825,N20,VIIRS,n,2,304.3,6.13,D,0,VIIRS_NOAA20_SP
24.73034,77.16693,333.24,0.44,0.46,2023-10-22,825,N20,VIIRS,n,2,302.39,3.03,D,0,VIIRS_NOAA20_SP
24.73279,76.88395,340.13,0.43,0.46,2023-10-22,825,N20,VIIRS,n,2,307.01,4.95,D,0,VIIRS_NOAA20_SP
24.77892,77.40911,342.38,0.46,0.47,2023-10-22,825,N20,VIIRS,n,2,305.06,3.74,D,0,VIIRS_NOAA20_SP
24.78674,76.53075,342.54,0.41,0.45,2023-10-22,825,N20,VIIRS,n,2,307.08,5.38,D,0,VIIRS_NOAA20_SP
24.85918,77.12894,341.03,0.44,0.46,2023-10-22,825,N20,VIIRS,n,2,300.01,3.18,D,0,VIIRS_NOAA20_SP
24.87315,77.17614,342.5,0.45,0.47,2023-10-22,825,N20,VIIRS,n,2,303.33,4.12,D,0,VIIRS_NOAA20_SP
24.90016,77.19632,337.49,0.45,0.47,2023-10-22,825,N20,VIIRS,n,2,304.62,4.34,D,0,VIIRS_NOAA20_SP
24.90063,77.20074,340.87,0.45,0.47,2023-10-22,825,N20,VIIRS,n,2,300.91,4.34,D,0,VIIRS_NOAA20_SP
24.90589,77.16884,341.59,0.45,0.47,2023-10-22,825,N20,VIIRS,n,2,305.83,5.03,D,0,VIIRS_NOAA20_SP
24.91676,77.06974,337.74,0.44,0.46,2023-10-22,825,N20,VIIRS,n,2,307.21,3.7,D,0,VIIRS_NOAA20_SP
25.00452,76.05197,334.26,0.38,0.44,2023-10-22,825,N20,VIIRS,l,2,304.38,1.75,D,0,VIIRS_NOAA20_SP
25.01581,77.03561,342.34,0.44,0.46,2023-10-22,825,N20,VIIRS,n,2,308.03,6.75,D,0,VIIRS_NOAA20_SP
25.03025,76.70719,336.65,0.42,0.45,2023-10-22,825,N20,VIIRS,n,2,305.04,2.51,D,0,VIIRS_NOAA20_SP
25.03449,77.58336,330.73,0.47,0.48,2023-10-22,825,N20,VIIRS,l,2,305.58,2.06,D,0,VIIRS_NOAA20_SP
25.05259,76.11542,345.6,0.39,0.44,2023-10-22,825,N20,VIIRS,n,2,302.12,4.5,D,0,VIIRS_NOAA20_SP
25.06109,77.01666,335.95,0.44,0.46,2023-10-22,825,N20,VIIRS,n,2,304.83,2.49,D,0,VIIRS_NOAA20_SP
25.063,76.20444,340.1,0.39,0.44,2023-10-22,825,N20,VIIRS,n,2,302.39,5.67,D,0,VIIRS_NOAA20_SP
25.08423,77.07581,343.64,0.44,0.46,2023-10-22,825,N20,VIIRS,n,2,305.58,4.93,D,0,VIIRS_NOAA20_SP
25.08496,77.07536,341.3,0.44,0.46,2023-10-22,825,N20,VIIRS,n,2,306.15,5.56,D,0,VIIRS_NOAA20_SP
25.0867,77.01797,343.02,0.44,0.46,2023-10-22,825,N20,VIIRS,n,2,309.09,4.77,D,0,VIIRS_NOAA20_SP
25.08704,77.01762,340.51,0.44,0.46,2023-10-22,825,N20,VIIRS,n,2,308.87,3.91,D,0,VIIRS_NOAA20_SP
25.10776,76.1588,337.51,0.39,0.44,2023-10-22,825,N20,VIIRS,n,2,305.63,4.05,D,0,VIIRS_NOAA20_SP
25.11597,77.04952,344.48,0.44,0.46,2023-10-22,825,N20,VIIRS,n,2,309.81,16.03,D,0,VIIRS_NOAA20_SP
25.11786,77.02724,338.63,0.44,0.46,2023-10-22,825,N20,VIIRS,n,2,307.02,4.79,D,0,VIIRS_NOAA20_SP
25.12932,75.99207,337.04,0.38,0.43,2023-10-22,825,N20,VIIRS,n,2,304.61,1.97,D,0,VIIRS_NOAA20_SP
25.14468,76.95804,335.45,0.44,0.46,2023-10-22,825,N20,VIIRS,n,2,305.35,2.45,D,0,VIIRS_NOAA20_SP
25.16106,77.10586,330.85,0.44,0.46,2023-10-22,825,N20,VIIRS,l,2,303.67,1.83,D,0,VIIRS_NOAA20_SP
25.1718,77.04678,342.41,0.44,0.46,2023-10-22,825,N20,VIIRS,n,2,304.97,5.28,D,0,VIIRS_NOAA20_SP
25.17656,77.05061,341.56,0.44,0.46,2023-10-22,825,N20,VIIRS,n,2,306.36,4.6,D,0,VIIRS_NOAA20_SP
25.18165,77.01909,342.6,0.44,0.46,2023-10-22,825,N20,VIIRS,n,2,306.44,5.02,D,0,VIIRS_NOAA20_SP
25.18655,77.06261,339.76,0.44,0.46,2023-10-22,825,N20,VIIRS,n,2,307.33,3.8,D,0,VIIRS_NOAA20_SP
25.23257,76.05981,340.83,0.39,0.44,2023-10-22,825,N20,VIIRS,n,2,304.69,2.48,D,0,VIIRS_NOAA20_SP
25.23658,76.05927,343.94,0.39,0.44,2023-10-22,825,N20,VIIRS,n,2,309.29,12.66,D,0,VIIRS_NOAA20_SP
25.25356,76.17108,340.68,0.39,0.44,2023-10-22,825,N20,VIIRS,n,2,307.06,4.21,D,0,VIIRS_NOAA20_SP
25.25445,76.17888,331.81,0.39,0.44,2023-10-22,825,N20,VIIRS,l,2,306.0,1.74,D,0,VIIRS_NOAA20_SP
25.26095,75.8293,341.12,0.56,0.43,2023-10-22,825,N20,VIIRS,n,2,304.51,5.41,D,0,VIIRS_NOAA20_SP
25.26238,75.83148,341.37,0.56,0.43,2023-10-22,825,N20,VIIRS,n,2,305.04,5.41,D,0,VIIRS_NOAA20_SP
25.26723,76.90367,343.81,0.43,0.46,2023-10-22,825,N20,VIIRS,n,2,307.96,4.02,D,0,VIIRS_NOAA20_SP
25.26976,76.96451,338.79,0.44,0.46,2023-10-22,825,N20,VIIRS,n,2,306.87,2.92,D,0,VIIRS_NOAA20_SP
25.27482,77.08755,336.2,0.44,0.46,2023-10-22,825,N20,VIIRS,n,2,301.68,3.42,D,0,VIIRS_NOAA20_SP
25.29343,76.98341,341.81,0.44,0.46,2023-10-22,825,N20,VIIRS,n,2,307.79,4.67,D,0,VIIRS_NOAA20_SP
25.33111,76.05397,335.61,0.39,0.44,2023-10-22,825,N20,VIIRS,n,2,303.69,2.56,D,0,VIIRS_NOAA20_SP
25.34139,75.96681,344.22,0.38,0.43,2023-10-22,825,N20,VIIRS,n,2,305.8,3.72,D,0,VIIRS_NOAA20_SP
25.34538,75.96627,335.72,0.38,0.43,2023-10-22,825,N20,VIIRS,n,2,303.33,3.72,D,0,VIIRS_NOAA20_SP
25.3527,77.01694,345.09,0.44,0.46,2023-10-22,825,N20,VIIRS,n,2,303.85,6.54,D,0,VIIRS_NOAA20_SP
25.35318,77.0213,345.81,0.44,0.46,2023-10-22,825,N20,VIIRS,n,2,305.13,6.54,D,0,VIIRS_NOAA20_SP
25.35365,77.02565,350.12,0.44,0.46,2023-10-22,825,N20,VIIRS,n,2,304.06,11.93,D,0,VIIRS_NOAA20_SP
25.36355,76.65663,342.91,0.42,0.45,2023-10-22,825,N20,VIIRS,n,2,306.83,4.96,D,0,VIIRS_NOAA20_SP
25.36503,76.65677,346.92,0.42,0.45,2023-10-22,825,N20,VIIRS,n,2,304.68,5.43,D,0,VIIRS_NOAA20_SP
25.37116,75.97826,331.96,0.38,0.44,2023-10-22,825,N20,VIIRS,l,2,304.1,1.11,D,0,VIIRS_NOAA20_SP
25.41181,76.65903,334.52,0.42,0.45,2023-10-22,825,N20,VIIRS,n,2,303.79,2.78,D,0,VIIRS_NOAA20_SP
25.41646,76.81699,342.86,0.43,0.46,2023-10-22,825,N20,VIIRS,n,2,302.55,4.54,D,0,VIIRS_NOAA20_SP
25.43425,76.82333,341.92,0.43,0.46,2023-10-22,825,N20,VIIRS,n,2,305.63,4.61,D,0,VIIRS_NOAA20_SP
25.45136,76.70929,333.62,0.42,0.46,2023-10-22,825,N20,VIIRS,n,2,303.63,2.84,D,0,VIIRS_NOAA20_SP
25.4565,77.0265,340.87,0.44,0.46,2023-10-22,825,N20,VIIRS,n,2,302.74,2.8,D,0,VIIRS_NOAA20_SP
25.4817,81.30002,336.41,0.41,0.61,2023-10-22,825,N20,VIIRS,n,2,299.05,3.52,D,0,VIIRS_NOAA20_SP
25.48577,81.29868,345.86,0.41,0.61,2023-10-22,825,N20,VIIRS,n,2,302.76,5.62,D,0,VIIRS_NOAA20_SP
25.48609,81.3028,347.04,0.41,0.61,2023-10-22,825,N20,VIIRS,n,2,299.44,5.62,D,0,VIIRS_NOAA20_SP
25.4873,81.29951,343.02,0.41,0.61,2023-10-22,825,N20,VIIRS,n,2,302.67,6.46,D,0,VIIRS_NOAA20_SP
25.57807,78.77322,330.31,0.57,0.52,2023-10-22,825,N20,VIIRS,n,2,300.29,3.1,D,0,VIIRS_NOAA20_SP
25.5874,78.96497,335.99,0.59,0.53,2023-10-22,825,N20,VIIRS,n,2,302.18,1.69,D,0,VIIRS_NOAA20_SP
25.59078,78.96226,348.18,0.59,0.53,2023-10-22,825,N20,VIIRS,n,2,305.18,9.25,D,0,VIIRS_NOAA20_SP
25.60271,79.4353,333.8,0.63,0.54,2023-10-22,825,N20,VIIRS,l,2,304.96,6.07,D,0,VIIRS_NOAA20_SP
25.63668,81.16113,333.27,0.4,0.6,2023-10-22,825,N20,VIIRS,n,2,299.1,2.61,D,0,VIIRS_NOAA20_SP
25.7745,79.64639,332.75,0.32,0.55,2023-10-22,825,N20,VIIRS,n,2,301.29,1.22,D,0,VIIRS_NOAA20_SP
25.82412,80.93462,330.34,0.39,0.59,2023-10-22,825,N20,VIIRS,n,2,301.95,2.17,D,0,VIIRS_NOAA20_SP
25.82445,80.93858,331.77,0.39,0.6,2023-10-22,825,N20,VIIRS,n,2,300.48,2.17,D,0,VIIRS_NOAA20_SP
24.57316,69.2544,335.44,0.4,0.37,2023-10-22,826,N20,VIIRS,l,2,310.01,3.79,D,0,VIIRS_NOAA20_SP
24.5738,69.25831,334.66,0.4,0.37,2023-10-22,826,N20,VIIRS,l,2,307.9,2.95,D,0,VIIRS_NOAA20_SP
25.0143,71.79623,336.56,0.39,0.36,2023-10-22,826,N20,VIIRS,l,2,308.7,2.14,D,0,VIIRS_NOAA20_SP
25.11597,68.60401,331.08,0.41,0.37,2023-10-22,826,N20,VIIRS,l,2,305.42,2.45,D,0,VIIRS_NOAA20_SP
25.11642,68.60442,332.54,0.41,0.37,2023-10-22,826,N20,VIIRS,n,2,305.41,2.45,D,0,VIIRS_NOAA20_SP
25.39822,68.5659,332.12,0.41,0.37,2023-10-22,826,N20,VIIRS,l,2,306.52,2.37,D,2,VIIRS_NOAA20_SP
25.40369,75.99754,339.44,0.39,0.44,2023-10-22,826,N20,VIIRS,n,2,305.41,4.1,D,0,VIIRS_NOAA20_SP
25.43081,76.02116,343.55,0.39,0.44,2023-10-22,826,N20,VIIRS,n,2,308.32,11.94,D,0,VIIRS_NOAA20_SP
25.43972,76.02776,342.88,0.39,0.44,2023-10-22,826,N20,VIIRS,n,2,306.02,7.07,D,0,VIIRS_NOAA20_SP
25.45382,76.48618,339.72,0.41,0.45,2023-10-22,826,N20,VIIRS,n,2,304.76,2.59,D,0,VIIRS_NOAA20_SP
25.45576,76.09641,347.3,0.39,0.44,2023-10-22,826,N20,VIIRS,n,2,301.51,6.54,D,0,VIIRS_NOAA20_SP
25.45756,76.04101,345.65,0.39,0.44,2023-10-22,826,N20,VIIRS,n,2,306.17,4.9,D,0,VIIRS_NOAA20_SP
25.46069,76.03272,342.0,0.39,0.44,2023-10-22,826,N20,VIIRS,n,2,305.71,4.85,D,0,VIIRS_NOAA20_SP
25.46659,76.52627,349.74,0.41,0.45,2023-10-22,826,N20,VIIRS,n,2,308.96,24.24,D,0,VIIRS_NOAA20_SP
25.47725,76.06982,330.76,0.39,0.44,2023-10-22,826,N20,VIIRS,l,2,303.03,1.47,D,0,VIIRS_NOAA20_SP
25.47811,76.51636,341.82,0.41,0.45,2023-10-22,826,N20,VIIRS,n,2,304.8,2.2,D,0,VIIRS_NOAA20_SP
25.48224,76.51582,335.08,0.41,0.45,2023-10-22,826,N20,VIIRS,n,2,303.76,2.2,D,0,VIIRS_NOAA20_SP
25.48449,76.13218,338.2,0.39,0.44,2023-10-22,826,N20,VIIRS,n,2,297.51,3.38,D,0,VIIRS_NOAA20_SP
25.48853,76.13163,335.35,0.39,0.44,2023-10-22,826,N20,VIIRS,n,2,302.79,3.38,D,0,VIIRS_NOAA20_SP
25.48944,76.13947,336.24,0.39,0.44,2023-10-22,826,N20,VIIRS,n,2,301.87,2.06,D,0,VIIRS_NOAA20_SP
25.49303,76.135,341.5,0.39,0.44,2023-10-22,826,N20,VIIRS,n,2,305.21,6.46,D,0,VIIRS_NOAA20_SP
25.49348,76.13892,367.0,0.39,0.44,2023-10-22,826,N20,VIIRS,h,2,306.49,6.46,D,0,VIIRS_NOAA20_SP
25.49392,68.3364,334.84,0.42,0.37,2023-10-22,826,N20,VIIRS,l,2,309.57,2.04,D,0,VIIRS_NOAA20_SP
25.51678,68.74968,333.52,0.41,0.37,2023-10-22,826,N20,VIIRS,n,2,302.43,0.79,D,0,VIIRS_NOAA20_SP
25.52779,69.79231,338.69,0.39,0.36,2023-10-22,826,N20,VIIRS,n,2,307.9,3.26,D,0,VIIRS_NOAA20_SP
25.52844,76.66611,344.4,0.42,0.45,2023-10-22,826,N20,VIIRS,n,2,304.4,19.0,D,0,VIIRS_NOAA20_SP
25.54174,76.41228,345.13,0.41,0.45,2023-10-22,826,N20,VIIRS,n,2,306.81,4.61,D,0,VIIRS_NOAA20_SP
25.5919,68.77618,335.32,0.4,0.37,2023-10-22,826,N20,VIIRS,n,2,309.12,1.49,D,0,VIIRS_NOAA20_SP
25.59526,68.77552,335.59,0.4,0.37,2023-10-22,826,N20,VIIRS,n,2,309.04,2.52,D,0,VIIRS_NOAA20_SP
25.59724,76.70373,349.59,0.43,0.46,2023-10-22,826,N20,VIIRS,n,2,304.91,13.16,D,0,VIIRS_NOAA20_SP
25.60289,69.49275,336.1,0.39,0.36,2023-10-22,826,N20,VIIRS,n,2,308.69,2.31,D,0,VIIRS_NOAA20_SP
25.66053,76.66109,334.5,0.42,0.46,2023-10-22,826,N20,VIIRS,n,2,306.22,2.26,D,0,VIIRS_NOAA20_SP
25.68631,69.09986,335.38,0.4,0.37,2023-10-22,826,N20,VIIRS,l,2,307.27,1.69,D,0,VIIRS_NOAA20_SP
25.69322,76.52178,334.57,0.42,0.45,2023-10-22,826,N20,VIIRS,l,2,304.82,4.92,D,0,VIIRS_NOAA20_SP
25.69782,76.52538,333.24,0.42,0.45,2023-10-22,826,N20,VIIRS,l,2,303.24,3.62,D,0,VIIRS_NOAA20_SP
25.7088,76.66465,334.26,0.43,0.46,2023-10-22,826,N20,VIIRS,l,2,305.72,4.53,D,0,VIIRS_NOAA20_SP
25.71029,76.52377,343.31,0.42,0.45,2023-10-22,826,N20,VIIRS,n,2,307.11,6.52,D,0,VIIRS_NOAA20_SP
25.71202,76.69439,342.11,0.43,0.46,2023-10-22,826,N20,VIIRS,n,2,303.26,5.65,D,0,VIIRS_NOAA20_SP
25.71622,76.69385,332.85,0.43,0.46,2023-10-22,826,N20,VIIRS,n,2,300.81,5.65,D,0,VIIRS_NOAA20_SP
25.72415,76.53471,337.73,0.42,0.45,2023-10-22,826,N20,VIIRS,n,2,303.46,5.04,D,0,VIIRS_NOAA20_SP
25.7296,68.35763,344.23,0.41,0.37,2023-10-22,826,N20,VIIRS,n,2,308.57,3.98,D,0,VIIRS_NOAA20_SP
25.72981,68.35818,338.34,0.41,0.37,2023-10-22,826,N20,VIIRS,n,2,308.07,3.05,D,0,VIIRS_NOAA20_SP
25.74004,68.37718,333.32,0.41,0.37,2023-10-22,826,N20,VIIRS,l,2,306.36,1.78,D,0,VIIRS_NOAA20_SP
25.7447,76.72044,351.08,0.43,0.46,2023-10-22,826,N20,VIIRS,n,2,317.58,57.43,D,0,VIIRS_NOAA20_SP
25.7489,76.71989,345.73,0.43,0.46,2023-10-22,826,N20,VIIRS,n,2,305.29,10.05,D,0,VIIRS_NOAA20_SP
25.75371,76.53501,334.86,0.42,0.45,2023-10-22,826,N20,VIIRS,n,2,305.38,2.54,D,0,VIIRS_NOAA20_SP
25.75677,78.45644,337.28,0.55,0.51,2023-10-22,826,N20,VIIRS,n,2,298.07,3.13,D,0,VIIRS_NOAA20_SP
25.75955,76.66232,342.95,0.43,0.46,2023-10-22,826,N20,VIIRS,n,2,304.74,4.05,D,0,VIIRS_NOAA20_SP
25.77013,78.51453,339.48,0.55,0.51,2023-10-22,826,N20,VIIRS,n,2,302.39,3.87,D,0,VIIRS_NOAA20_SP
25.77059,68.53856,334.42,0.41,0.37,2023-10-22,826,N20,VIIRS,l,2,306.14,3.14,D,0,VIIRS_NOAA20_SP
25.79856,76.74387,330.67,0.43,0.46,2023-10-22,826,N20,VIIRS,l,2,303.61,1.61,D,0,VIIRS_NOAA20_SP
25.81652,78.53328,331.86,0.55,0.51,2023-10-22,826,N20,VIIRS,n,2,301.7,4.86,D,0,VIIRS_NOAA20_SP
25.8228,76.72838,343.83,0.43,0.46,2023-10-22,826,N20,VIIRS,n,2,304.72,4.57,D,0,VIIRS_NOAA20_SP
25.8261,68.47304,334.38,0.41,0.37,2023-10-22,826,N20,VIIRS,l,2,306.62,2.91,D,0,VIIRS_NOAA20_SP
25.83869,76.75674,332.45,0.43,0.46,2023-10-22,826,N20,VIIRS,l,2,305.26,1.59,D,0,VIIRS_NOAA20_SP
25.85035,78.17146,338.43,0.53,0.5,2023-10-22,826,N20,VIIRS,n,2,298.68,5.28,D,0,VIIRS_NOAA20_SP
25.8627,78.39827,340.56,0.54,0.51,2023-10-22,826,N20,VIIRS,n,2,301.78,8.46,D,0,VIIRS_NOAA20_SP
25.86508,78.39978,336.33,0.54,0.51,2023-10-22,826,N20,VIIRS,n,2,301.84,5.73,D,0,VIIRS_NOAA20_SP
25.86858,69.02826,335.41,0.4,0.37,2023-10-22,826,N20,VIIRS,n,2,306.43,2.9,D,0,VIIRS_NOAA20_SP
25.87437,76.76968,341.07,0.43,0.46,2023-10-22,826,N20,VIIRS,n,2,304.14,6.28,D,0,VIIRS_NOAA20_SP
25.87477,75.48708,337.44,0.55,0.43,2023-10-22,826,N20,VIIRS,n,2,307.0,4.24,D,0,VIIRS_NOAA20_SP
25.8749,75.48951,336.79,0.55,0.43,2023-10-22,826,N20,VIIRS,n,2,306.73,3.12,D,0,VIIRS_NOAA20_SP
25.8785,78.53184,337.54,0.55,0.51,2023-10-22,826,N20,VIIRS,n,2,302.01,3.91,D,0,VIIRS_NOAA20_SP
25.8799,78.52999,331.3,0.55,0.51,2023-10-22,826,N20,VIIRS,n,2,301.12,3.01,D,0,VIIRS_NOAA20_SP
25.88177,69.27948,335.3,0.39,0.36,2023-10-22,826,N20,VIIRS,l,2,308.25,3.33,D,0,VIIRS_NOAA20_SP
25.89189,76.49265,341.17,0.42,0.45,2023-10-22,826,N20,VIIRS,n,2,303.96,6.26,D,0,VIIRS_NOAA20_SP
25.89358,76.74982,338.12,0.43,0.46,2023-10-22,826,N20,VIIRS,n,2,302.55,5.65,D,0,VIIRS_NOAA20_SP
25.89406,76.7541,341.25,0.43,0.46,2023-10-22,826,N20,VIIRS,n,2,302.72,5.65,D,0,VIIRS_NOAA20_SP
25.89769,69.20814,331.65,0.39,0.37,2023-10-22,826,N20,VIIRS,l,2,305.56,1.89,D,0,VIIRS_NOAA20_SP
25.8978,76.74929,331.48,0.43,0.46,2023-10-22,826,N20,VIIRS,l,2,304.12,5.65,D,0,VIIRS_NOAA20_SP
25.89828,76.75359,342.14,0.43,0.46,2023-10-22,826,N20,VIIRS,n,2,304.2,5.65,D,0,VIIRS_NOAA20_SP
25.89871,68.46338,335.06,0.41,0.37,2023-10-22,826,N20,VIIRS,n,2,306.04,2.42,D,0,VIIRS_NOAA20_SP
25.89928,72.98116,348.45,0.42,0.38,2023-10-22,826,N20,VIIRS,n,2,309.44,6.12,D,0,VIIRS_NOAA20_SP
25.90087,78.49944,338.6,0.55,0.51,2023-10-22,826,N20,VIIRS,n,2,302.5,4.44,D,0,VIIRS_NOAA20_SP
25.90597,69.17433,333.11,0.39,0.37,2023-10-22,826,N20,VIIRS,n,2,304.03,1.32,D,0,VIIRS_NOAA20_SP
25.94518,73.27485,336.21,0.44,0.38,2023-10-22,826,N20,VIIRS,l,2,307.42,1.59,D,0,VIIRS_NOAA20_SP
25.94752,69.32668,339.79,0.39,0.36,2023-10-22,826,N20,VIIRS,n,2,308.21,3.16,D,0,VIIRS_NOAA20_SP
25.94836,80.69247,344.66,0.38,0.59,2023-10-22,826,N20,VIIRS,n,2,300.83,3.25,D,0,VIIRS_NOAA20_SP
25.94877,68.44902,339.66,0.41,0.37,2023-10-22,826,N20,VIIRS,n,2,306.76,3.23,D,0,VIIRS_NOAA20_SP
25.94906,68.28047,330.51,0.41,0.37,2023-10-22,826,N20,VIIRS,l,2,304.57,1.41,D,0,VIIRS_NOAA20_SP
25.95148,68.44428,336.67,0.41,0.37,2023-10-22,826,N20,VIIRS,n,2,306.52,2.52,D,0,VIIRS_NOAA20_SP
25.953,76.62567,345.86,0.43,0.46,2023-10-22,826,N20,VIIRS,n,2,307.15,8.61,D,0,VIIRS_NOAA20_SP
25.95792,69.2846,335.82,0.39,0.36,2023-10-22,826,N20,VIIRS,l,2,309.09,1.98,D,0,VIIRS_NOAA20_SP
25.9587,74.31702,347.26,0.48,0.4,2023-10-22,826,N20,VIIRS,n,2,307.99,7.31,D,0,VIIRS_NOAA20_SP
25.96614,79.08929,333.68,0.6,0.53,2023-10-22,826,N20,VIIRS,l,2,304.87,5.64,D,0,VIIRS_NOAA20_SP
25.97166,76.64051,342.22,0.43,0.46,2023-10-22,826,N20,VIIRS,n,2,305.1,31.34,D,0,VIIRS_NOAA20_SP
25.97213,68.25034,331.67,0.42,0.37,2023-10-22,826,N20,VIIRS,l,2,304.75,2.25,D,0,VIIRS_NOAA20_SP
25.97812,78.70146,333.54,0.57,0.52,2023-10-22,826,N20,VIIRS,n,2,298.84,5.02,D,0,VIIRS_NOAA20_SP
25.97925,78.71291,333.45,0.57,0.52,2023-10-22,826,N20,VIIRS,n,2,300.32,4.98,D,0,VIIRS_NOAA20_SP
25.99614,76.70692,347.17,0.43,0.46,2023-10-22,826,N20,VIIRS,n,2,307.81,12.76,D,0,VIIRS_NOAA20_SP
26.02485,78.78711,340.89,0.58,0.52,2023-10-22,826,N20,VIIRS,n,2,301.77,8.87,D,0,VIIRS_NOAA20_SP
26.02507,78.78358,340.6,0.58,0.52,2023-10-22,826,N20,VIIRS,n,2,301.79,5.61,D,0,VIIRS_NOAA20_SP
26.02993,68.28082,334.53,0.41,0.37,2023-10-22,826,N20,VIIRS,n,2,304.75,2.0,D,0,VIIRS_NOAA20_SP
26.04088,69.16441,335.14,0.39,0.37,2023-10-22,826,N20,VIIRS,l,2,309.77,1.58,D,0,VIIRS_NOAA20_SP
26.07108,68.23103,342.42,0.42,0.37,2023-10-22,826,N20,VIIRS,n,2,308.34,3.99,D,0,VIIRS_NOAA20_SP
26.10987,78.86031,332.69,0.59,0.52,2023-10-22,826,N20,VIIRS,n,2,301.9,3.21,D,0,VIIRS_NOAA20_SP
26.12271,68.4353,339.74,0.41,0.37,2023-10-22,826,N20,VIIRS,n,2,308.56,2.82,D,0,VIIRS_NOAA20_SP
26.1428,68.09329,332.56,0.42,0.38,2023-10-22,826,N20,VIIRS,l,2,305.46,2.67,D,0,VIIRS_NOAA20_SP
26.20357,68.09783,336.08,0.42,0.38,2023-10-22,826,N20,VIIRS,n,2,305.65,1.24,D,0,VIIRS_NOAA20_SP
26.24615,68.75436,339.53,0.4,0.37,2023-10-22,826,N20,VIIRS,n,2,310.8,3.08,D,0,VIIRS_NOAA20_SP
26.25557,77.36465,342.36,0.48,0.48,2023-10-22,826,N20,VIIRS,n,2,305.54,5.14,D,0,VIIRS_NOAA20_SP
26.27863,77.37148,349.39,0.48,0.48,2023-10-22,826,N20,VIIRS,n,2,304.57,8.4,D,0,VIIRS_NOAA20_SP
26.31292,79.83345,346.95,0.34,0.56,2023-10-22,826,N20,VIIRS,n,2,303.02,4.34,D,0,VIIRS_NOAA20_SP
26.33091,80.66197,331.45,0.38,0.59,2023-10-22,826,N20,VIIRS,n,2,299.48,1.94,D,0,VIIRS_NOAA20_SP
26.36541,68.71056,333.85,0.4,0.37,2023-10-22,826,N20,VIIRS,l,2,308.73,3.36,D,0,VIIRS_NOAA20_SP
26.45924,80.94395,339.03,0.4,0.6,2023-10-22,826,N20,VIIRS,n,2,299.11,3.12,D,0,VIIRS_NOAA20_SP
26.46306,78.40601,340.12,0.55,0.51,2023-10-22,826,N20,VIIRS,n,2,302.19,5.28,D,0,VIIRS_NOAA20_SP
26.4641,77.89786,331.09,0.52,0.5,2023-10-22,826,N20,VIIRS,l,2,303.11,1.65,D,0,VIIRS_NOAA20_SP
26.53889,77.21794,339.74,0.47,0.48,2023-10-22,826,N20,VIIRS,n,2,305.07,4.63,D,0,VIIRS_NOAA20_SP
26.68978,79.36282,345.43,0.32,0.55,2023-10-22,826,N20,VIIRS,n,2,299.18,2.29,D,0,VIIRS_NOAA20_SP
26.77528,81.48058,336.93,0.43,0.62,2023-10-22,826,N20,VIIRS,n,2,299.57,3.15,D,0,VIIRS_NOAA20_SP
26.85903,79.1649,332.43,0.62,0.54,2023-10-22,826,N20,VIIRS,n,2,300.06,4.94,D,0,VIIRS_NOAA20_SP
26.87185,81.25947,336.6,0.42,0.61,2023-10-22,826,N20,VIIRS,n,2,299.13,2.8,D,0,VIIRS_NOAA20_SP
26.87312,81.27667,330.59,0.42,0.61,2023-10-22,826,N20,VIIRS,n,2,298.8,4.39,D,0,VIIRS_NOAA20_SP
26.87483,81.25902,331.75,0.42,0.61,2023-10-22,826,N20,VIIRS,n,2,299.05,2.7,D,0,VIIRS_NOAA20_SP
26.9095,80.43682,337.01,0.38,0.58,2023-10-22,826,N20,VIIRS,n,2,300.33,2.6,D,0,VIIRS_NOAA20_SP
26.94705,68.8932,333.54,0.39,0.37,2023-10-22,826,N20,VIIRS,l,2,308.19,1.43,D,0,VIIRS_NOAA20_SP
26.9511,83.46929,329.53,0.58,0.7,2023-10-22,826,N20,VIIRS,n,2,300.07,4.77,D,0,VIIRS_NOAA20_SP
26.95136,81.13612,344.04,0.42,0.61,2023-10-22,826,N20,VIIRS,n,2,299.78,5.87,D,0,VIIRS_NOAA20_SP
27.02552,79.27192,338.09,0.32,0.54,2023-10-22,826,N20,VIIRS,n,2,302.13,2.9,D,0,VIIRS_NOAA20_SP
27.07723,81.34169,330.12,0.43,0.62,2023-10-22,826,N20,VIIRS,n,2,298.15,2.29,D,0,VIIRS_NOAA20_SP
27.08103,81.34109,337.32,0.43,0.62,2023-10-22,826,N20,VIIRS,n,2,298.67,3.88,D,0,VIIRS_NOAA20_SP
27.12234,80.11473,336.38,0.36,0.57,2023-10-22,826,N20,VIIRS,n,2,300.76,1.56,D,0,VIIRS_NOAA20_SP
27.12343,79.17712,330.99,0.63,0.54,2023-10-22,826,N20,VIIRS,n,2,300.96,4.37,D,0,VIIRS_NOAA20_SP
27.1926,82.60583,328.9,0.52,0.66,2023-10-22,826,N20,VIIRS,n,2,297.88,3.09,D,0,VIIRS_NOAA20_SP
27.26128,68.47368,335.89,0.4,0.37,2023-10-22,826,N20,VIIRS,n,2,305.72,2.06,D,0,VIIRS_NOAA20_SP
27.29905,81.17609,337.1,0.42,0.61,2023-10-22,826,N20,VIIRS,n,2,302.05,2.61,D,0,VIIRS_NOAA20_SP
27.42725,68.80568,331.22,0.39,0.36,2023-10-22,826,N20,VIIRS,l,2,304.78,1.26,D,0,VIIRS_NOAA20_SP
27.53392,68.37359,336.52,0.4,0.37,2023-10-22,826,N20,VIIRS,n,2,303.72,5.34,D,0,VIIRS_NOAA20_SP
27.55665,69.21291,335.57,0.39,0.36,2023-10-22,826,N20,VIIRS,l,2,305.59,5.88,D,0,VIIRS_NOAA20_SP
27.58475,69.17518,343.13,0.39,0.36,2023-10-22,826,N20,VIIRS,n,2,304.81,2.16,D,0,VIIRS_NOAA20_SP
27.62329,77.6029,332.42,0.51,0.49,2023-10-22,826,N20,VIIRS,n,2,302.35,2.39,D,0,VIIRS_NOAA20_SP
27.65639,68.77235,337.11,0.39,0.36,2023-10-22,826,N20,VIIRS,n,2,305.46,4.0,D,0,VIIRS_NOAA20_SP
27.67016,71.97897,336.84,0.41,0.37,2023-10-22,826,N20,VIIRS,n,2,305.14,4.45,D,0,VIIRS_NOAA20_SP
27.67357,77.46151,331.59,0.5,0.49,2023-10-22,826,N20,VIIRS,n,2,300.33,2.61,D,0,VIIRS_NOAA20_SP
27.71457,77.4893,338.32,0.5,0.49,2023-10-22,826,N20,VIIRS,n,2,302.45,4.19,D,0,VIIRS_NOAA20_SP
27.7461,72.17482,335.93,0.41,0.37,2023-10-22,826,N20,VIIRS,n,2,303.4,1.96,D,0,VIIRS_NOAA20_SP
27.85717,79.83976,332.24,0.35,0.57,2023-10-22,826,N20,VIIRS,n,2,299.27,1.37,D,0,VIIRS_NOAA20_SP
27.88025,80.62267,331.5,0.39,0.6,2023-10-22,826,N20,VIIRS,n,2,297.74,4.56,D,0,VIIRS_NOAA20_SP
27.8803,80.62238,335.81,0.39,0.6,2023-10-22,826,N20,VIIRS,n,2,297.68,5.14,D,0,VIIRS_NOAA20_SP
27.90226,77.47407,342.24,0.5,0.49,2023-10-22,826,N20,VIIRS,n,2,304.26,8.62,D,0,VIIRS_NOAA20_SP
27.9039,77.4769,342.19,0.51,0.49,2023-10-22,826,N20,VIIRS,n,2,302.76,11.18,D,0,VIIRS_NOAA20_SP
27.92358,77.97326,333.98,0.54,0.51,2023-10-22,826,N20,VIIRS,n,2,301.2,2.17,D,0,VIIRS_NOAA20_SP
27.92813,77.44272,340.77,0.5,0.49,2023-10-22,826,N20,VIIRS,n,2,303.74,9.22,D,0,VIIRS_NOAA20_SP
27.93315,77.44731,338.55,0.5,0.49,2023-10-22,826,N20,VIIRS,n,2,301.53,9.89,D,0,VIIRS_NOAA20_SP
28.04484,77.40491,339.65,0.5,0.49,2023-10-22,826,N20,VIIRS,n,2,298.64,3.83,D,0,VIIRS_NOAA20_SP
28.05053,69.36834,335.77,0.39,0.36,2023-10-22,826,N20,VIIRS,n,2,304.75,3.99,D,2,VIIRS_NOAA20_SP
28.06009,78.08578,340.98,0.55,0.51,2023-10-22,826,N20,VIIRS,n,2,302.21,4.75,D,0,VIIRS_NOAA20_SP
28.13823,77.36041,351.22,0.5,0.49,2023-10-22,826,N20,VIIRS,n,2,299.25,9.04,D,0,VIIRS_NOAA20_SP
28.33069,77.28403,335.1,0.5,0.49,2023-10-22,826,N20,VIIRS,n,2,298.82,3.22,D,0,VIIRS_NOAA20_SP
28.5624,75.51498,341.92,0.4,0.44,2023-10-22,826,N20,VIIRS,n,2,301.64,2.61,D,0,VIIRS_NOAA20_SP
28.56602,75.51478,342.23,0.4,0.44,2023-10-22,826,N20,VIIRS,n,2,301.52,3.04,D,0,VIIRS_NOAA20_SP
28.6669,79.50326,330.03,0.34,0.56,2023-10-22,826,N20,VIIRS,n,2,298.32,2.99,D,0,VIIRS_NOAA20_SP
28.7667,79.62303,330.87,0.35,0.57,2023-10-22,826,N20,VIIRS,n,2,297.79,1.44,D,0,VIIRS_NOAA20_SP
28.79001,79.20744,351.68,0.33,0.55,2023-10-22,826,N20,VIIRS,n,2,302.54,3.79,D,0,VIIRS_NOAA20_SP
28.81961,79.43464,345.36,0.34,0.56,2023-10-22,826,N20,VIIRS,n,2,298.23,3.24,D,0,VIIRS_NOAA20_SP
28.82726,79.44698,336.47,0.34,0.56,2023-10-22,826,N20,VIIRS,n,2,299.24,2.02,D,0,VIIRS_NOAA20_SP
28.83116,79.44768,334.51,0.34,0.56,2023-10-22,826,N20,VIIRS,n,2,297.38,1.83,D,0,VIIRS_NOAA20_SP
28.83966,79.33983,338.18,0.34,0.56,2023-10-22,826,N20,VIIRS,n,2,299.08,2.5,D,0,VIIRS_NOAA20_SP
28.86094,79.67876,331.59,0.35,0.57,2023-10-22,826,N20,VIIRS,n,2,300.46,4.34,D,0,VIIRS_NOAA20_SP
28.8612,79.6796,338.46,0.35,0.57,2023-10-22,826,N20,VIIRS,n,2,300.94,4.43,D,0,VIIRS_NOAA20_SP
28.86123,79.68241,349.15,0.35,0.57,2023-10-22,826,N20,VIIRS,n,2,298.91,4.88,D,0,VIIRS_NOAA20_SP
28.86151,79.68325,343.78,0.35,0.57,2023-10-22,826,N20,VIIRS,n,2,298.6,4.59,D,0,VIIRS_NOAA20_SP
28.87249,79.42466,344.35,0.34,0.56,2023-10-22,826,N20,VIIRS,n,2,299.16,2.92,D,0,VIIRS_NOAA20_SP
28.87258,79.298,367.0,0.33,0.56,2023-10-22,826,N20,VIIRS,h,2,303.12,6.18,D,0,VIIRS_NOAA20_SP
28.87531,79.65894,347.73,0.35,0.57,2023-10-22,826,N20,VIIRS,n,2,299.38,4.53,D,0,VIIRS_NOAA20_SP
28.87844,79.90903,355.33,0.37,0.58,2023-10-22,826,N20,VIIRS,n,2,298.85,7.19,D,0,VIIRS_NOAA20_SP
28.87993,79.90578,329.64,0.36,0.58,2023-10-22,826,N20,VIIRS,n,2,298.45,3.93,D,0,VIIRS_NOAA20_SP
28.88024,79.90951,354.12,0.36,0.58,2023-10-22,826,N20,VIIRS,n,2,298.71,3.93,D,0,VIIRS_NOAA20_SP
28.88306,79.17596,348.76,0.33,0.55,2023-10-22,826,N20,VIIRS,n,2,301.25,3.81,D,0,VIIRS_NOAA20_SP
28.88581,79.97769,327.15,0.37,0.58,2023-10-22,826,N20,VIIRS,n,2,299.41,2.92,D,0,VIIRS_NOAA20_SP
28.88602,79.39848,330.36,0.34,0.56,2023-10-22,826,N20,VIIRS,n,2,299.07,1.28,D,0,VIIRS_NOAA20_SP
28.88613,79.79881,336.57,0.36,0.57,2023-10-22,826,N20,VIIRS,n,2,301.36,4.81,D,0,VIIRS_NOAA20_SP
28.88642,79.80252,367.0,0.36,0.57,2023-10-22,826,N20,VIIRS,h,2,298.9,4.81,D,0,VIIRS_NOAA20_SP
28.88728,79.8137,330.93,0.36,0.57,2023-10-22,826,N20,VIIRS,n,2,296.81,1.7,D,0,VIIRS_NOAA20_SP
28.89172,79.80201,339.76,0.36,0.57,2023-10-22,826,N20,VIIRS,n,2,298.95,4.81,D,0,VIIRS_NOAA20_SP
28.90563,79.70754,338.09,0.36,0.57,2023-10-22,826,N20,VIIRS,n,2,298.75,2.4,D,0,VIIRS_NOAA20_SP
28.90618,79.45329,344.42,0.34,0.56,2023-10-22,826,N20,VIIRS,n,2,299.52,4.01,D,0,VIIRS_NOAA20_SP
28.90933,79.42808,367.0,0.34,0.56,2023-10-22,826,N20,VIIRS,h,2,303.96,8.23,D,0,VIIRS_NOAA20_SP
28.91702,79.8523,367.0,0.36,0.58,2023-10-22,826,N20,VIIRS,h,2,304.32,12.24,D,0,VIIRS_NOAA20_SP
28.91862,79.47709,332.14,0.34,0.56,2023-10-22,826,N20,VIIRS,n,2,298.26,1.54,D,0,VIIRS_NOAA20_SP
28.92263,79.46238,332.83,0.34,0.56,2023-10-22,826,N20,VIIRS,n,2,301.61,2.71,D,0,VIIRS_NOAA20_SP
28.92294,79.79152,331.33,0.36,0.57,2023-10-22,826,N20,VIIRS,n,2,298.72,2.17,D,0,VIIRS_NOAA20_SP
28.92411,79.80639,336.57,0.36,0.57,2023-10-22,826,N20,VIIRS,n,2,297.64,3.62,D,0,VIIRS_NOAA20_SP
28.92441,79.81012,334.29,0.36,0.57,2023-10-22,826,N20,VIIRS,n,2,296.93,3.96,D,0,VIIRS_NOAA20_SP
28.92788,79.99226,334.13,0.37,0.58,2023-10-22,826,N20,VIIRS,n,2,297.32,3.07,D,0,VIIRS_NOAA20_SP
28.93257,79.37057,329.48,0.34,0.56,2023-10-22,826,N20,VIIRS,n,2,298.5,1.71,D,0,VIIRS_NOAA20_SP
28.94084,79.74866,340.28,0.36,0.57,2023-10-22,826,N20,VIIRS,n,2,300.98,6.28,D,0,VIIRS_NOAA20_SP
28.95223,79.42174,347.05,0.34,0.56,2023-10-22,826,N20,VIIRS,n,2,299.5,3.77,D,0,VIIRS_NOAA20_SP
28.9523,79.95924,327.84,0.37,0.58,2023-10-22,826,N20,VIIRS,l,2,300.25,2.4,D,0,VIIRS_NOAA20_SP
28.9526,79.96306,334.99,0.37,0.58,2023-10-22,826,N20,VIIRS,n,2,298.86,2.4,D,0,VIIRS_NOAA20_SP
28.95972,79.78423,341.59,0.36,0.57,2023-10-22,826,N20,VIIRS,n,2,299.92,3.3,D,0,VIIRS_NOAA20_SP
28.96914,79.90038,331.97,0.37,0.58,2023-10-22,826,N20,VIIRS,n,2,299.37,2.57,D,0,VIIRS_NOAA20_SP
28.96947,79.18552,339.57,0.33,0.55,2023-10-22,826,N20,VIIRS,n,2,298.81,2.39,D,0,VIIRS_NOAA20_SP
28.96988,79.97678,329.95,0.37,0.58,2023-10-22,826,N20,VIIRS,n,2,298.0,2.36,D,0,VIIRS_NOAA20_SP
28.97277,79.89849,329.85,0.37,0.58,2023-10-22,826,N20,VIIRS,n,2,299.32,2.64,D,0,VIIRS_NOAA20_SP
28.98689,79.98665,340.73,0.37,0.58,2023-10-22,826,N20,VIIRS,n,2,298.98,2.81,D,0,VIIRS_NOAA20_SP
28.98995,79.98486,336.13,0.37,0.58,2023-10-22,826,N20,VIIRS,n,2,299.76,3.86,D,0,VIIRS_NOAA20_SP
29.01662,79.90947,330.65,0.37,0.58,2023-10-22,826,N20,VIIRS,n,2,299.47,3.1,D,0,VIIRS_NOAA20_SP
29.01857,79.72813,330.45,0.36,0.57,2023-10-22,826,N20,VIIRS,n,2,298.57,3.02,D,0,VIIRS_NOAA20_SP
29.02659,79.28596,348.48,0.34,0.56,2023-10-22,826,N20,VIIRS,n,2,300.16,4.06,D,0,VIIRS_NOAA20_SP
29.02967,79.28693,339.9,0.34,0.56,2023-10-22,826,N20,VIIRS,n,2,298.73,4.2,D,0,VIIRS_NOAA20_SP
29.05675,79.20973,329.0,0.33,0.55,2023-10-22,826,N20,VIIRS,n,2,298.84,1.06,D,0,VIIRS_NOAA20_SP
29.06878,76.95374,330.87,0.49,0.48,2023-10-22,826,N20,VIIRS,n,2,291.29,2.75,D,0,VIIRS_NOAA20_SP
29.10865,78.98208,333.9,0.32,0.55,2023-10-22,826,N20,VIIRS,n,2,294.66,2.0,D,0,VIIRS_NOAA20_SP
29.1095,78.98248,331.82,0.32,0.55,2023-10-22,826,N20,VIIRS,n,2,293.89,2.23,D,0,VIIRS_NOAA20_SP
29.1339,79.17037,336.96,0.33,0.55,2023-10-22,826,N20,VIIRS,n,2,301.35,5.44,D,0,VIIRS_NOAA20_SP
29.13417,79.1738,351.31,0.33,0.55,2023-10-22,826,N20,VIIRS,n,2,299.15,5.53,D,0,VIIRS_NOAA20_SP
29.13603,79.17046,334.45,0.33,0.55,2023-10-22,826,N20,VIIRS,n,2,300.64,5.07,D,0,VIIRS_NOAA20_SP
29.13632,79.1739,347.78,0.33,0.55,2023-10-22,826,N20,VIIRS,n,2,298.59,4.98,D,0,VIIRS_NOAA20_SP
28.612,68.57206,335.58,0.39,0.36,2023-10-22,827,N20,VIIRS,n,2,307.4,2.49,D,0,VIIRS_NOAA20_SP
28.98455,70.75175,332.65,0.39,0.36,2023-10-22,827,N20,VIIRS,n,2,298.96,3.52,D,0,VIIRS_NOAA20_SP
29.22712,75.36756,332.41,0.4,0.44,2023-10-22,827,N20,VIIRS,n,2,295.68,3.29,D,0,VIIRS_NOAA20_SP
29.24763,70.29546,338.1,0.39,0.36,2023-10-22,827,N20,VIIRS,n,2,303.27,8.03,D,0,VIIRS_NOAA20_SP
29.25093,70.29482,335.14,0.39,0.36,2023-10-22,827,N20,VIIRS,n,2,301.88,8.03,D,0,VIIRS_NOAA20_SP
29.26744,70.29168,346.3,0.39,0.36,2023-10-22,827,N20,VIIRS,n,2,303.49,6.76,D,0,VIIRS_NOAA20_SP
29.29322,68.93677,336.23,0.39,0.36,2023-10-22,827,N20,VIIRS,n,2,306.38,4.29,D,0,VIIRS_NOAA20_SP
29.29729,76.03133,340.47,0.43,0.46,2023-10-22,827,N20,VIIRS,n,2,296.99,3.29,D,0,VIIRS_NOAA20_SP
29.30256,70.27707,334.42,0.39,0.36,2023-10-22,827,N20,VIIRS,n,2,302.05,7.0,D,0,VIIRS_NOAA20_SP
29.30711,76.04359,331.17,0.43,0.46,2023-10-22,827,N20,VIIRS,n,2,296.93,2.03,D,0,VIIRS_NOAA20_SP
29.31305,70.27914,335.06,0.39,0.36,2023-10-22,827,N20,VIIRS,n,2,301.4,2.91,D,0,VIIRS_NOAA20_SP
29.31904,75.56439,336.04,0.41,0.45,2023-10-22,827,N20,VIIRS,n,2,297.42,4.25,D,0,VIIRS_NOAA20_SP
29.32208,75.56443,334.6,0.41,0.45,2023-10-22,827,N20,VIIRS,n,2,296.84,3.42,D,0,VIIRS_NOAA20_SP
29.34071,75.58318,336.4,0.41,0.45,2023-10-22,827,N20,VIIRS,n,2,296.72,4.24,D,0,VIIRS_NOAA20_SP
29.45046,75.48849,342.07,0.4,0.45,2023-10-22,827,N20,VIIRS,n,2,301.04,5.92,D,0,VIIRS_NOAA20_SP
29.50414,75.63935,331.4,0.41,0.45,2023-10-22,827,N20,VIIRS,n,2,298.18,1.17,D,0,VIIRS_NOAA20_SP
29.50759,75.13692,332.23,0.39,0.44,2023-10-22,827,N20,VIIRS,n,2,296.36,1.24,D,0,VIIRS_NOAA20_SP
29.5586,76.11362,336.67,0.44,0.46,2023-10-22,827,N20,VIIRS,n,2,287.21,3.99,D,0,VIIRS_NOAA20_SP
29.60926,75.39111,330.97,0.4,0.44,2023-10-22,827,N20,VIIRS,n,2,293.94,1.96,D,0,VIIRS_NOAA20_SP
29.62822,75.79826,334.27,0.42,0.45,2023-10-22,827,N20,VIIRS,n,2,296.96,1.82,D,0,VIIRS_NOAA20_SP
29.63517,75.78403,340.92,0.42,0.45,2023-10-22,827,N20,VIIRS,n,2,299.37,9.06,D,0,VIIRS_NOAA20_SP
29.63702,75.92213,340.56,0.43,0.46,2023-10-22,827,N20,VIIRS,n,2,292.58,4.21,D,0,VIIRS_NOAA20_SP
29.64373,75.28998,341.73,0.4,0.44,2023-10-22,827,N20,VIIRS,n,2,290.79,6.65,D,0,VIIRS_NOAA20_SP
29.68101,75.80477,329.77,0.42,0.45,2023-10-22,827,N20,VIIRS,n,2,297.7,2.53,D,0,VIIRS_NOAA20_SP
29.71164,72.45435,331.98,0.44,0.38,2023-10-22,827,N20,VIIRS,n,2,296.49,2.9,D,0,VIIRS_NOAA20_SP
29.72614,75.67082,341.56,0.42,0.45,2023-10-22,827,N20,VIIRS,n,2,297.07,7.34,D,0,VIIRS_NOAA20_SP
29.73673,75.89129,331.53,0.43,0.46,2023-10-22,827,N20,VIIRS,n,2,297.79,4.18,D,0,VIIRS_NOAA20_SP
29.74082,76.46004,336.38,0.46,0.47,2023-10-22,827,N20,VIIRS,n,2,291.19,4.66,D,0,VIIRS_NOAA20_SP
29.75917,76.06602,337.26,0.44,0.46,2023-10-22,827,N20,VIIRS,n,2,292.38,4.37,D,0,VIIRS_NOAA20_SP
29.77144,76.01843,328.84,0.44,0.46,2023-10-22,827,N20,VIIRS,n,2,295.52,1.17,D,0,VIIRS_NOAA20_SP
29.77425,76.00432,337.69,0.44,0.46,2023-10-22,827,N20,VIIRS,n,2,295.42,5.18,D,0,VIIRS_NOAA20_SP
29.77822,75.23828,332.29,0.39,0.44,2023-10-22,827,N20,VIIRS,n,2,291.01,2.9,D,0,VIIRS_NOAA20_SP
29.79423,75.99364,335.41,0.44,0.46,2023-10-22,827,N20,VIIRS,n,2,301.14,22.36,D,0,VIIRS_NOAA20_SP
29.79448,75.99251,335.53,0.43,0.46,2023-10-22,827,N20,VIIRS,n,2,298.05,10.87,D,0,VIIRS_NOAA20_SP
29.79468,75.99816,339.66,0.44,0.46,2023-10-22,827,N20,VIIRS,n,2,296.63,15.69,D,0,VIIRS_NOAA20_SP
29.79496,75.99702,352.23,0.44,0.46,2023-10-22,827,N20,VIIRS,n,2,301.11,24.98,D,0,VIIRS_NOAA20_SP
29.80876,73.41932,333.4,0.48,0.4,2023-10-22,827,N20,VIIRS,n,2,300.26,2.51,D,0,VIIRS_NOAA20_SP
29.82695,73.38875,332.97,0.48,0.4,2023-10-22,827,N20,VIIRS,n,2,299.65,2.29,D,0,VIIRS_NOAA20_SP
29.86089,76.18433,331.52,0.45,0.47,2023-10-22,827,N20,VIIRS,n,2,295.68,2.73,D,0,VIIRS_NOAA20_SP
29.87772,76.44044,330.77,0.46,0.47,2023-10-22,827,N20,VIIRS,n,2,290.44,3.6,D,0,VIIRS_NOAA20_SP
29.88469,76.07851,338.61,0.44,0.46,2023-10-22,827,N20,VIIRS,n,2,295.2,3.91,D,0,VIIRS_NOAA20_SP
29.89227,76.40943,329.31,0.46,0.47,2023-10-22,827,N20,VIIRS,n,2,292.87,3.62,D,0,VIIRS_NOAA20_SP
29.91441,76.28158,339.93,0.45,0.47,2023-10-22,827,N20,VIIRS,n,2,290.88,5.01,D,0,VIIRS_NOAA20_SP
29.91452,72.12974,332.3,0.43,0.38,2023-10-22,827,N20,VIIRS,n,2,299.49,2.88,D,0,VIIRS_NOAA20_SP
29.94141,76.33078,327.25,0.46,0.47,2023-10-22,827,N20,VIIRS,n,2,286.62,2.22,D,0,VIIRS_NOAA20_SP
29.9495,76.21741,354.34,0.45,0.47,2023-10-22,827,N20,VIIRS,n,2,296.38,12.26,D,0,VIIRS_NOAA20_SP
29.95613,76.24029,334.33,0.45,0.47,2023-10-22,827,N20,VIIRS,n,2,295.53,5.83,D,0,VIIRS_NOAA20_SP
29.9566,76.24499,333.99,0.45,0.47,2023-10-22,827,N20,VIIRS,n,2,294.02,5.83,D,0,VIIRS_NOAA20_SP
29.95795,76.04303,329.39,0.44,0.46,2023-10-22,827,N20,VIIRS,n,2,295.68,2.71,D,0,VIIRS_NOAA20_SP
29.96091,76.24442,339.01,0.45,0.47,2023-10-22,827,N20,VIIRS,n,2,294.01,5.83,D,0,VIIRS_NOAA20_SP
29.97094,76.25741,332.56,0.45,0.47,2023-10-22,827,N20,VIIRS,n,2,285.84,3.62,D,0,VIIRS_NOAA20_SP
29.97141,76.26212,330.18,0.45,0.47,2023-10-22,827,N20,VIIRS,n,2,289.85,3.62,D,0,VIIRS_NOAA20_SP
29.97815,76.2422,329.34,0.45,0.47,2023-10-22,827,N20,VIIRS,n,2,293.04,2.57,D,0,VIIRS_NOAA20_SP
30.0054,76.16765,334.04,0.45,0.47,2023-10-22,827,N20,VIIRS,n,2,294.32,3.44,D,0,VIIRS_NOAA20_SP
30.02275,76.29377,329.76,0.46,0.47,2023-10-22,827,N20,VIIRS,n,2,287.51,2.27,D,0,VIIRS_NOAA20_SP
30.07637,72.69253,332.7,0.45,0.39,2023-10-22,827,N20,VIIRS,n,2,298.72,4.63,D,0,VIIRS_NOAA20_SP
30.09234,75.28041,341.36,0.4,0.44,2023-10-22,827,N20,VIIRS,n,2,295.45,3.63,D,0,VIIRS_NOAA20_SP
30.10995,76.01955,331.72,0.44,0.46,2023-10-22,827,N20,VIIRS,n,2,294.18,2.51,D,0,VIIRS_NOAA20_SP
30.11365,72.78679,330.48,0.45,0.39,2023-10-22,827,N20,VIIRS,n,2,297.05,2.9,D,0,VIIRS_NOAA20_SP
30.13558,75.77111,335.46,0.43,0.46,2023-10-22,827,N20,VIIRS,n,2,296.14,3.42,D,0,VIIRS_NOAA20_SP
30.13978,75.77055,336.37,0.43,0.46,2023-10-22,827,N20,VIIRS,n,2,296.66,3.42,D,0,VIIRS_NOAA20_SP
30.14614,75.87389,337.39,0.43,0.46,2023-10-22,827,N20,VIIRS,n,2,294.44,3.11,D,0,VIIRS_NOAA20_SP
30.16688,76.44212,327.9,0.47,0.47,2023-10-22,827,N20,VIIRS,n,2,287.14,5.03,D,0,VIIRS_NOAA20_SP
30.16736,76.43958,329.08,0.47,0.47,2023-10-22,827,N20,VIIRS,n,2,289.2,3.1,D,0,VIIRS_NOAA20_SP
30.22364,73.16564,336.11,0.47,0.4,2023-10-22,827,N20,VIIRS,n,2,298.63,4.37,D,0,VIIRS_NOAA20_SP
30.22416,73.16803,341.72,0.47,0.4,2023-10-22,827,N20,VIIRS,n,2,299.25,6.85,D,0,VIIRS_NOAA20_SP
30.24311,76.16407,339.32,0.45,0.47,2023-10-22,827,N20,VIIRS,n,2,296.4,3.23,D,0,VIIRS_NOAA20_SP
30.24518,76.16358,333.64,0.45,0.47,2023-10-22,827,N20,VIIRS,n,2,294.77,3.02,D,0,VIIRS_NOAA20_SP
30.25602,76.16238,342.44,0.45,0.47,2023-10-22,827,N20,VIIRS,n,2,297.46,7.15,D,0,VIIRS_NOAA20_SP
30.25695,76.17179,338.12,0.45,0.47,2023-10-22,827,N20,VIIRS,n,2,297.1,8.91,D,0,VIIRS_NOAA20_SP
30.25741,76.17651,336.97,0.45,0.47,2023-10-22,827,N20,VIIRS,n,2,295.16,6.73,D,0,VIIRS_NOAA20_SP
30.2659,73.23663,333.77,0.48,0.4,2023-10-22,827,N20,VIIRS,n,2,299.54,3.58,D,0,VIIRS_NOAA20_SP
30.27469,75.79302,354.39,0.43,0.46,2023-10-22,827,N20,VIIRS,n,2,297.11,13.26,D,0,VIIRS_NOAA20_SP
30.28722,76.08253,326.7,0.45,0.47,2023-10-22,827,N20,VIIRS,n,2,293.6,2.2,D,0,VIIRS_NOAA20_SP
30.30964,73.41293,347.36,0.49,0.4,2023-10-22,827,N20,VIIRS,n,2,300.48,7.79,D,0,VIIRS_NOAA20_SP
30.31522,73.12337,335.82,0.47,0.4,2023-10-22,827,N20,VIIRS,n,2,297.5,3.92,D,0,VIIRS_NOAA20_SP
30.33178,73.34792,340.53,0.48,0.4,2023-10-22,827,N20,VIIRS,n,2,299.62,5.99,D,0,VIIRS_NOAA20_SP
30.33546,73.34734,336.03,0.48,0.4,2023-10-22,827,N20,VIIRS,n,2,297.97,3.87,D,0,VIIRS_NOAA20_SP
30.3367,73.41893,334.21,0.49,0.4,2023-10-22,827,N20,VIIRS,n,2,296.89,3.01,D,0,VIIRS_NOAA20_SP
30.38422,73.01971,341.95,0.47,0.4,2023-10-22,827,N20,VIIRS,n,2,299.97,8.53,D,0,VIIRS_NOAA20_SP
30.40692,75.9101,339.08,0.44,0.46,2023-10-22,827,N20,VIIRS,n,2,294.07,4.94,D,0,VIIRS_NOAA20_SP
30.42023,71.9441,347.67,0.43,0.38,2023-10-22,827,N20,VIIRS,n,2,301.24,9.86,D,0,VIIRS_NOAA20_SP
30.42636,72.41164,331.52,0.44,0.39,2023-10-22,827,N20,VIIRS,n,2,297.75,2.25,D,0,VIIRS_NOAA20_SP
30.50527,73.53192,331.95,0.49,0.41,2023-10-22,827,N20,VIIRS,n,2,296.85,5.24,D,0,VIIRS_NOAA20_SP
30.52598,73.67659,335.04,0.5,0.41,2023-10-22,827,N20,VIIRS,n,2,283.6,5.37,D,0,VIIRS_NOAA20_SP
30.52692,72.38204,334.35,0.44,0.39,2023-10-22,827,N20,VIIRS,n,2,299.19,2.69,D,0,VIIRS_NOAA20_SP
30.52838,72.17223,335.66,0.44,0.38,2023-10-22,827,N20,VIIRS,n,2,297.74,3.71,D,0,VIIRS_NOAA20_SP
30.53075,72.1903,336.36,0.44,0.38,2023-10-22,827,N20,VIIRS,n,2,299.04,18.52,D,0,VIIRS_NOAA20_SP
30.53294,75.51163,331.28,0.42,0.45,2023-10-22,827,N20,VIIRS,n,2,288.98,5.66,D,0,VIIRS_NOAA20_SP
30.54873,73.45198,341.85,0.49,0.4,2023-10-22,827,N20,VIIRS,n,2,301.05,9.27,D,0,VIIRS_NOAA20_SP
30.5575,72.03105,343.5,0.43,0.38,2023-10-22,827,N20,VIIRS,n,2,301.29,16.72,D,0,VIIRS_NOAA20_SP
30.57026,72.92863,335.37,0.47,0.39,2023-10-22,827,N20,VIIRS,n,2,299.4,3.22,D,0,VIIRS_NOAA20_SP
30.57472,73.51052,339.51,0.49,0.41,2023-10-22,827,N20,VIIRS,n,2,298.87,4.21,D,0,VIIRS_NOAA20_SP
30.60637,75.34909,333.67,0.41,0.45,2023-10-22,827,N20,VIIRS,n,2,291.4,3.53,D,0,VIIRS_NOAA20_SP
30.60755,75.69846,340.41,0.43,0.46,2023-10-22,827,N20,VIIRS,n,2,294.69,5.01,D,0,VIIRS_NOAA20_SP
30.61922,72.0033,334.8,0.43,0.38,2023-10-22,827,N20,VIIRS,n,2,297.31,2.84,D,0,VIIRS_NOAA20_SP
30.62188,72.00621,331.25,0.43,0.38,2023-10-22,827,N20,VIIRS,n,2,296.06,1.83,D,0,VIIRS_NOAA20_SP
30.63219,73.5672,334.81,0.5,0.41,2023-10-22,827,N20,VIIRS,n,2,298.39,6.4,D,0,VIIRS_NOAA20_SP
30.63793,75.94801,339.6,0.44,0.46,2023-10-22,827,N20,VIIRS,n,2,294.3,3.04,D,0,VIIRS_NOAA20_SP
30.64974,73.42805,332.76,0.49,0.4,2023-10-22,827,N20,VIIRS,n,2,298.71,2.94,D,0,VIIRS_NOAA20_SP
30.66949,73.59312,331.24,0.5,0.41,2023-10-22,827,N20,VIIRS,n,2,297.54,2.87,D,0,VIIRS_NOAA20_SP
30.68258,73.57518,331.37,0.5,0.41,2023-10-22,827,N20,VIIRS,n,2,297.29,3.46,D,0,VIIRS_NOAA20_SP
30.71876,75.39934,330.41,0.41,0.45,2023-10-22,827,N20,VIIRS,n,2,286.32,3.38,D,0,VIIRS_NOAA20_SP
30.7192,75.40366,327.15,0.41,0.45,2023-10-22,827,N20,VIIRS,n,2,286.58,3.38,D,0,VIIRS_NOAA20_SP
30.75337,72.23911,333.14,0.44,0.38,2023-10-22,827,N20,VIIRS,n,2,296.03,3.19,D,0,VIIRS_NOAA20_SP
30.75681,73.6788,332.56,0.51,0.41,2023-10-22,827,N20,VIIRS,n,2,297.18,6.92,D,0,VIIRS_NOAA20_SP
30.7665,73.82892,331.9,0.51,0.41,2023-10-22,827,N20,VIIRS,n,2,295.82,3.54,D,0,VIIRS_NOAA20_SP
30.76754,70.76955,337.66,0.4,0.37,2023-10-22,827,N20,VIIRS,n,2,303.63,4.77,D,0,VIIRS_NOAA20_SP
30.77154,74.51107,345.54,0.56,0.43,2023-10-22,827,N20,VIIRS,n,2,293.65,11.27,D,0,VIIRS_NOAA20_SP
30.78348,70.77187,333.94,0.4,0.37,2023-10-22,827,N20,VIIRS,n,2,301.74,3.57,D,0,VIIRS_NOAA20_SP
30.79578,75.31084,331.9,0.41,0.45,2023-10-22,827,N20,VIIRS,n,2,288.93,2.5,D,0,VIIRS_NOAA20_SP
30.79723,75.30997,327.59,0.41,0.45,2023-10-22,827,N20,VIIRS,n,2,288.62,3.13,D,0,VIIRS_NOAA20_SP
30.80175,73.93346,331.06,0.52,0.42,2023-10-22,827,N20,VIIRS,n,2,295.78,5.51,D,0,VIIRS_NOAA20_SP
30.80946,73.73532,346.09,0.51,0.41,2023-10-22,827,N20,VIIRS,n,2,297.44,10.81,D,0,VIIRS_NOAA20_SP
30.81218,74.52137,341.14,0.56,0.43,2023-10-22,827,N20,VIIRS,n,2,293.46,8.62,D,0,VIIRS_NOAA20_SP
30.81285,74.5228,336.47,0.56,0.43,2023-10-22,827,N20,VIIRS,n,2,293.56,9.49,D,0,VIIRS_NOAA20_SP
30.93499,74.54509,330.14,0.56,0.43,2023-10-22,827,N20,VIIRS,n,2,293.05,5.36,D,0,VIIRS_NOAA20_SP
30.93835,74.54845,333.84,0.56,0.43,2023-10-22,827,N20,VIIRS,n,2,292.74,4.89,D,0,VIIRS_NOAA20_SP
30.97512,74.591,331.51,0.56,0.43,2023-10-22,827,N20,VIIRS,n,2,289.31,4.49,D,0,VIIRS_NOAA20_SP
31.01028,75.31403,337.89,0.41,0.45,2023-10-22,827,N20,VIIRS,n,2,290.12,2.97,D,0,VIIRS_NOAA20_SP
31.01114,73.25572,330.61,0.49,0.4,2023-10-22,827,N20,VIIRS,n,2,292.08,3.5,D,0,VIIRS_NOAA20_SP
31.14317,73.20641,332.26,0.49,0.4,2023-10-22,827,N20,VIIRS,n,2,297.29,2.94,D,0,VIIRS_NOAA20_SP
31.20272,73.08577,333.85,0.48,0.4,2023-10-22,827,N20,VIIRS,n,2,298.1,3.25,D,0,VIIRS_NOAA20_SP
31.21246,73.10471,338.57,0.48,0.4,2023-10-22,827,N20,VIIRS,n,2,298.23,3.39,D,0,VIIRS_NOAA20_SP
31.2138,73.27562,333.4,0.49,0.4,2023-10-22,827,N20,VIIRS,n,2,298.42,3.14,D,0,VIIRS_NOAA20_SP
31.21587,73.27808,337.84,0.49,0.4,2023-10-22,827,N20,VIIRS,n,2,297.65,3.82,D,0,VIIRS_NOAA20_SP
31.33365,72.41676,331.88,0.45,0.39,2023-10-22,827,N20,VIIRS,n,2,297.01,2.05,D,0,VIIRS_NOAA20_SP
31.43371,73.88454,341.8,0.53,0.42,2023-10-22,827,N20,VIIRS,n,2,297.76,9.27,D,0,VIIRS_NOAA20_SP
31.43433,73.89008,331.94,0.53,0.42,2023-10-22,827,N20,VIIRS,n,2,295.67,6.09,D,0,VIIRS_NOAA20_SP
31.62145,72.91956,333.11,0.48,0.4,2023-10-22,827,N20,VIIRS,n,2,299.76,3.92,D,0,VIIRS_NOAA20_SP
31.64644,72.91035,330.07,0.48,0.4,2023-10-22,827,N20,VIIRS,n,2,297.7,3.08,D,0,VIIRS_NOAA20_SP
31.67082,72.98859,332.51,0.48,0.4,2023-10-22,827,N20,VIIRS,n,2,298.44,3.71,D,0,VIIRS_NOAA20_SP
31.69714,73.77489,329.62,0.52,0.42,2023-10-22,827,N20,VIIRS,n,2,296.59,3.22,D,0,VIIRS_NOAA20_SP
31.73879,73.59595,332.95,0.51,0.41,2023-10-22,827,N20,VIIRS,n,2,295.15,4.11,D,0,VIIRS_NOAA20_SP
31.76435,73.9923,330.22,0.54,0.42,2023-10-22,827,N20,VIIRS,n,2,294.3,3.73,D,0,VIIRS_NOAA20_SP
31.76649,73.04329,332.27,0.48,0.4,2023-10-22,827,N20,VIIRS,n,2,296.31,3.26,D,0,VIIRS_NOAA20_SP
31.7901,72.71667,336.67,0.47,0.4,2023-10-22,827,N20,VIIRS,n,2,298.15,8.13,D,0,VIIRS_NOAA20_SP
31.79017,72.71378,344.27,0.47,0.4,2023-10-22,827,N20,VIIRS,n,2,300.43,13.11,D,0,VIIRS_NOAA20_SP
31.80238,73.91185,329.88,0.53,0.42,2023-10-22,827,N20,VIIRS,n,2,296.24,2.51,D,0,VIIRS_NOAA20_SP
31.83692,73.81934,332.02,0.53,0.42,2023-10-22,827,N20,VIIRS,n,2,297.46,4.3,D,0,VIIRS_NOAA20_SP
31.90601,74.05048,331.85,0.54,0.42,2023-10-22,827,N20,VIIRS,n,2,295.7,1.85,D,0,VIIRS_NOAA20_SP
31.91576,72.25951,331.16,0.45,0.39,2023-10-22,827,N20,VIIRS,n,2,297.7,3.31,D,0,VIIRS_NOAA20_SP
31.92209,73.72483,333.75,0.52,0.42,2023-10-22,827,N20,VIIRS,n,2,298.32,7.56,D,0,VIIRS_NOAA20_SP
31.94717,73.57015,330.94,0.51,0.41,2023-10-22,827,N20,VIIRS,n,2,296.18,3.02,D,0,VIIRS_NOAA20_SP
31.95096,73.56956,331.11,0.51,0.41,2023-10-22,827,N20,VIIRS,n,2,295.08,3.02,D,0,VIIRS_NOAA20_SP
31.98066,73.55941,340.54,0.51,0.41,2023-10-22,827,N20,VIIRS,n,2,297.95,21.12,D,0,VIIRS_NOAA20_SP
31.98511,72.45007,332.83,0.46,0.39,2023-10-22,827,N20,VIIRS,n,2,299.92,4.86,D,0,VIIRS_NOAA20_SP
32.02788,73.2395,334.39,0.5,0.41,2023-10-22,827,N20,VIIRS,n,2,295.99,3.99,D,0,VIIRS_NOAA20_SP
32.06284,73.60593,331.5,0.52,0.41,2023-10-22,827,N20,VIIRS,n,2,295.47,3.41,D,0,VIIRS_NOAA20_SP
32.12827,73.54227,332.06,0.52,0.41,2023-10-22,827,N20,VIIRS,n,2,296.09,4.36,D,0,VIIRS_NOAA20_SP
32.14023,73.78844,329.07,0.53,0.42,2023-10-22,827,N20,VIIRS,n,2,294.93,3.62,D,0,VIIRS_NOAA20_SP
32.1883,73.76392,332.83,0.53,0.42,2023-10-22,827,N20,VIIRS,n,2,295.64,2.69,D,0,VIIRS_NOAA20_SP
32.2772,73.77145,333.13,0.53,0.42,2023-10-22,827,N20,VIIRS,n,2,296.54,3.06,D,0,VIIRS_NOAA20_SP
32.32103,72.89262,336.58,0.48,0.4,2023-10-22,827,N20,VIIRS,n,2,298.01,6.46,D,0,VIIRS_NOAA20_SP
32.33773,73.73695,345.58,0.53,0.42,2023-10-22,827,N20,VIIRS,n,2,295.69,7.2,D,0,VIIRS_NOAA20_SP
32.33936,73.7333,330.63,0.53,0.42,2023-10-22,827,N20,VIIRS,n,2,294.75,5.36,D,0,VIIRS_NOAA20_SP
32.34001,73.73891,333.96,0.53,0.42,2023-10-22,827,N20,VIIRS,n,2,295.3,5.36,D,0,VIIRS_NOAA20_SP
32.34158,73.73637,328.49,0.53,0.42,2023-10-22,827,N20,VIIRS,n,2,295.18,3.57,D,0,VIIRS_NOAA20_SP
32.43706,74.03087,330.41,0.55,0.43,2023-10-22,827,N20,VIIRS,n,2,295.13,4.19,D,0,VIIRS_NOAA20_SP
32.6044,74.3197,333.27,0.57,0.43,2023-10-22,828,N20,VIIRS,n,2,295.12,7.91,D,0,VIIRS_NOAA20_SP
32.61898,74.41601,334.95,0.38,0.44,2023-10-22,828,N20,VIIRS,n,2,294.97,3.05,D,0,VIIRS_NOAA20_SP
27.3206,95.26559,315.82,0.43,0.38,2023-10-22,1910,N20,VIIRS,n,2,292.63,1.92,N,2,VIIRS_NOAA20_SP
27.33161,95.32354,303.24,0.43,0.38,2023-10-22,1910,N20,VIIRS,n,2,292.68,0.28,N,0,VIIRS_NOAA20_SP
27.37738,95.08837,308.99,0.44,0.38,2023-10-22,1910,N20,VIIRS,n,2,292.21,0.8,N,2,VIIRS_NOAA20_SP
27.46174,95.47762,301.76,0.43,0.38,2023-10-22,1910,N20,VIIRS,n,2,291.44,0.36,N,0,VIIRS_NOAA20_SP
27.46943,95.42142,319.1,0.43,0.38,2023-10-22,1910,N20,VIIRS,n,2,292.82,1.79,N,2,VIIRS_NOAA20_SP
27.55832,96.03849,301.88,0.41,0.37,2023-10-22,1910,N20,VIIRS,n,2,290.64,0.45,N,2,VIIRS_NOAA20_SP
27.55879,96.03741,305.24,0.41,0.37,2023-10-22,1910,N20,VIIRS,n,2,290.93,0.38,N,2,VIIRS_NOAA20_SP
27.60508,95.40295,304.46,0.43,0.38,2023-10-22,1910,N20,VIIRS,n,2,291.76,0.62,N,2,VIIRS_NOAA20_SP
29.08611,88.00853,312.42,0.39,0.59,2023-10-22,1910,N20,VIIRS,n,2,271.48,1.67,N,0,VIIRS_NOAA20_SP
29.08929,88.01147,300.67,0.39,0.59,2023-10-22,1910,N20,VIIRS,n,2,272.07,2.24,N,0,VIIRS_NOAA20_SP
29.22498,88.34922,303.13,0.37,0.58,2023-10-22,1910,N20,VIIRS,n,2,275.17,2.05,N,2,VIIRS_NOAA20_SP
29.26602,91.9238,302.2,0.45,0.47,2023-10-22,1910,N20,VIIRS,n,2,278.28,1.37,N,2,VIIRS_NOAA20_SP
30.07049,96.97877,304.84,0.4,0.37,2023-10-22,1910,N20,VIIRS,n,2,278.05,1.11,N,2,VIIRS_NOAA20_SP
26.98875,94.81168,302.22,0.45,0.39,2023-10-22,1911,N20,VIIRS,n,2,292.07,0.46,N,0,VIIRS_NOAA20_SP
27.84382,86.08578,304.03,0.49,0.65,2023-10-22,1911,N20,VIIRS,n,2,279.44,1.12,N,0,VIIRS_NOAA20_SP
27.84752,86.0875,311.14,0.49,0.65,2023-10-22,1911,N20,VIIRS,n,2,280.05,0.96,N,0,VIIRS_NOAA20_SP
21.7623,83.83979,300.64,0.59,0.7,2023-10-22,1912,N20,VIIRS,n,2,265.8,1.43,N,2,VIIRS_NOAA20_SP
21.76752,84.01794,295.64,0.57,0.69,2023-10-22,1912,N20,VIIRS,n,2,268.33,1.27,N,2,VIIRS_NOAA20_SP
21.92543,83.34577,303.24,0.63,0.72,2023-10-22,1912,N20,VIIRS,n,2,273.76,3.08,N,2,VIIRS_NOAA20_SP
21.9264,83.33318,298.36,0.64,0.72,2023-10-22,1912,N20,VIIRS,n,2,272.99,1.7,N,2,VIIRS_NOAA20_SP
22.05307,88.12288,297.96,0.63,0.54,2023-10-22,1912,N20,VIIRS,n,2,262.67,0.71,N,2,VIIRS_NOAA20_SP
22.05731,88.1221,295.18,0.63,0.54,2023-10-22,1912,N20,VIIRS,n,2,262.28,0.98,N,2,VIIRS_NOAA20_SP
22.21723,84.86479,309.34,0.51,0.66,2023-10-22,1912,N20,VIIRS,n,2,275.79,2.95,N,2,VIIRS_NOAA20_SP
22.33125,82.65162,298.79,0.71,0.75,2023-10-22,1912,N20,VIIRS,n,2,273.93,0.87,N,2,VIIRS_NOAA20_SP
22.3319,82.65069,295.28,0.71,0.75,2023-10-22,1912,N20,VIIRS,n,2,273.44,1.18,N,2,VIIRS_NOAA20_SP
22.78593,86.2025,296.51,0.42,0.61,2023-10-22,1912,N20,VIIRS,n,2,266.56,1.8,N,2,VIIRS_NOAA20_SP
23.09406,97.38403,303.16,0.39,0.36,2023-10-22,1912,N20,VIIRS,n,2,287.56,0.67,N,2,VIIRS_NOAA20_SP
23.55455,87.2446,300.27,0.37,0.58,2023-10-22,1912,N20,VIIRS,n,2,281.11,1.26,N,3,VIIRS_NOAA20_SP
23.55489,87.24094,305.09,0.37,0.58,2023-10-22,1912,N20,VIIRS,n,2,281.31,1.26,N,2,VIIRS_NOAA20_SP
23.56058,87.23788,320.27,0.37,0.58,2023-10-22,1912,N20,VIIRS,n,2,280.68,2.28,N,2,VIIRS_NOAA20_SP
23.56382,87.08106,309.87,0.38,0.59,2023-10-22,1912,N20,VIIRS,n,2,284.88,1.04,N,0,VIIRS_NOAA20_SP
23.60669,87.15005,298.87,0.38,0.58,2023-10-22,1912,N20,VIIRS,n,2,284.0,0.95,N,2,VIIRS_NOAA20_SP
23.61277,87.14333,302.85,0.38,0.59,2023-10-22,1912,N20,VIIRS,n,2,285.34,1.35,N,2,VIIRS_NOAA20_SP
23.6174,86.78965,306.47,0.4,0.6,2023-10-22,1912,N20,VIIRS,n,2,287.08,1.16,N,2,VIIRS_NOAA20_SP
23.6177,86.78638,302.54,0.4,0.6,2023-10-22,1912,N20,VIIRS,n,2,287.47,1.64,N,2,VIIRS_NOAA20_SP
23.61835,90.58883,306.88,0.46,0.47,2023-10-22,1912,N20,VIIRS,n,2,284.16,1.25,N,0,VIIRS_NOAA20_SP
23.66692,86.91646,302.04,0.39,0.59,2023-10-22,1912,N20,VIIRS,n,2,287.77,1.18,N,2,VIIRS_NOAA20_SP
23.66756,84.99445,296.7,0.52,0.67,2023-10-22,1912,N20,VIIRS,n,2,274.3,0.92,N,2,VIIRS_NOAA20_SP
23.66783,86.91632,302.9,0.39,0.59,2023-10-22,1912,N20,VIIRS,n,2,287.42,1.41,N,2,VIIRS_NOAA20_SP
23.67298,86.41622,303.96,0.42,0.61,2023-10-22,1912,N20,VIIRS,n,2,281.8,1.37,N,0,VIIRS_NOAA20_SP
23.67373,84.99493,295.33,0.52,0.67,2023-10-22,1912,N20,VIIRS,n,2,275.55,0.64,N,0,VIIRS_NOAA20_SP
23.67865,86.08257,302.51,0.44,0.63,2023-10-22,1912,N20,VIIRS,n,2,278.41,1.47,N,2,VIIRS_NOAA20_SP
23.68046,86.39616,297.24,0.42,0.61,2023-10-22,1912,N20,VIIRS,n,2,280.32,1.36,N,2,VIIRS_NOAA20_SP
23.68369,86.09185,307.84,0.44,0.62,2023-10-22,1912,N20,VIIRS,n,2,278.96,2.09,N,2,VIIRS_NOAA20_SP
23.68687,86.38829,299.98,0.42,0.61,2023-10-22,1912,N20,VIIRS,n,2,280.94,1.49,N,2,VIIRS_NOAA20_SP
23.68845,87.11815,309.34,0.38,0.59,2023-10-22,1912,N20,VIIRS,n,2,286.29,1.39,N,2,VIIRS_NOAA20_SP
23.69047,87.09581,306.11,0.38,0.59,2023-10-22,1912,N20,VIIRS,n,2,285.73,1.07,N,2,VIIRS_NOAA20_SP
23.69352,87.12256,302.31,0.38,0.59,2023-10-22,1912,N20,VIIRS,n,2,286.41,1.43,N,2,VIIRS_NOAA20_SP
23.69386,87.1188,311.28,0.38,0.59,2023-10-22,1912,N20,VIIRS,n,2,286.62,1.4,N,2,VIIRS_NOAA20_SP
23.6942,87.11509,302.14,0.38,0.59,2023-10-22,1912,N20,VIIRS,n,2,286.09,1.4,N,2,VIIRS_NOAA20_SP
23.69487,87.10764,303.73,0.38,0.59,2023-10-22,1912,N20,VIIRS,n,2,285.4,2.23,N,2,VIIRS_NOAA20_SP
23.69521,87.10391,300.53,0.38,0.59,2023-10-22,1912,N20,VIIRS,n,2,285.43,1.47,N,2,VIIRS_NOAA20_SP
23.71957,86.44202,309.01,0.42,0.61,2023-10-22,1912,N20,VIIRS,n,2,285.03,2.94,N,2,VIIRS_NOAA20_SP
23.7219,86.44307,303.84,0.42,0.61,2023-10-22,1912,N20,VIIRS,n,2,284.91,2.58,N,2,VIIRS_NOAA20_SP
23.72229,86.43889,300.92,0.42,0.61,2023-10-22,1912,N20,VIIRS,n,2,282.93,1.43,N,2,VIIRS_NOAA20_SP
23.72557,86.43849,306.14,0.42,0.61,2023-10-22,1912,N20,VIIRS,n,2,284.9,2.07,N,2,VIIRS_NOAA20_SP
23.75593,86.41694,304.65,0.42,0.61,2023-10-22,1912,N20,VIIRS,n,2,284.53,1.75,N,2,VIIRS_NOAA20_SP
23.75775,86.3958,303.29,0.42,0.61,2023-10-22,1912,N20,VIIRS,n,2,282.58,1.45,N,2,VIIRS_NOAA20_SP
23.76213,85.85212,299.71,0.46,0.63,2023-10-22,1912,N20,VIIRS,n,2,272.45,1.69,N,2,VIIRS_NOAA20_SP
23.76272,85.85365,296.34,0.46,0.63,2023-10-22,1912,N20,VIIRS,n,2,272.46,1.46,N,0,VIIRS_NOAA20_SP
23.76304,86.40076,309.72,0.42,0.61,2023-10-22,1912,N20,VIIRS,n,2,283.52,1.45,N,2,VIIRS_NOAA20_SP
23.76943,86.39301,303.68,0.42,0.61,2023-10-22,1912,N20,VIIRS,n,2,283.56,1.21,N,2,VIIRS_NOAA20_SP
23.76979,86.38887,304.95,0.42,0.61,2023-10-22,1912,N20,VIIRS,n,2,282.99,1.21,N,2,VIIRS_NOAA20_SP
23.77123,86.37218,301.75,0.42,0.61,2023-10-22,1912,N20,VIIRS,n,2,281.33,1.4,N,0,VIIRS_NOAA20_SP
23.77545,86.38961,304.12,0.42,0.61,2023-10-22,1912,N20,VIIRS,n,2,283.78,1.21,N,2,VIIRS_NOAA20_SP
23.77581,86.38546,307.14,0.42,0.61,2023-10-22,1912,N20,VIIRS,n,2,282.23,2.79,N,2,VIIRS_NOAA20_SP
23.77974,86.20586,300.5,0.44,0.62,2023-10-22,1912,N20,VIIRS,n,2,274.06,1.98,N,2,VIIRS_NOAA20_SP
23.78074,86.39445,305.44,0.42,0.61,2023-10-22,1912,N20,VIIRS,n,2,284.76,1.47,N,2,VIIRS_NOAA20_SP
23.7811,86.39033,315.27,0.42,0.61,2023-10-22,1912,N20,VIIRS,n,2,284.51,1.47,N,2,VIIRS_NOAA20_SP
23.78147,86.38616,316.15,0.42,0.61,2023-10-22,1912,N20,VIIRS,n,2,282.56,2.8,N,2,VIIRS_NOAA20_SP
23.78516,86.34376,296.28,0.43,0.62,2023-10-22,1912,N20,VIIRS,n,2,270.48,0.57,N,2,VIIRS_NOAA20_SP
23.78546,86.20665,310.6,0.44,0.62,2023-10-22,1912,N20,VIIRS,n,2,274.06,1.6,N,2,VIIRS_NOAA20_SP
23.78626,86.33112,297.1,0.43,0.62,2023-10-22,1912,N20,VIIRS,n,2,271.95,1.08,N,2,VIIRS_NOAA20_SP
23.78677,86.39098,299.67,0.42,0.61,2023-10-22,1912,N20,VIIRS,n,2,282.27,1.47,N,2,VIIRS_NOAA20_SP
23.79615,86.34929,302.44,0.43,0.62,2023-10-22,1912,N20,VIIRS,n,2,274.26,1.46,N,2,VIIRS_NOAA20_SP
23.80081,87.04624,305.35,0.38,0.59,2023-10-22,1912,N20,VIIRS,n,2,288.16,1.3,N,2,VIIRS_NOAA20_SP
24.17084,82.55357,298.39,0.75,0.77,2023-10-22,1912,N20,VIIRS,n,2,288.21,1.34,N,0,VIIRS_NOAA20_SP
24.175,82.55426,299.0,0.75,0.77,2023-10-22,1912,N20,VIIRS,n,2,287.37,1.77,N,0,VIIRS_NOAA20_SP
24.20856,82.7131,302.18,0.73,0.76,2023-10-22,1912,N20,VIIRS,n,2,286.52,1.94,N,2,VIIRS_NOAA20_SP
24.20897,82.70605,305.19,0.73,0.76,2023-10-22,1912,N20,VIIRS,n,2,286.77,1.94,N,0,VIIRS_NOAA20_SP
24.21053,82.71287,307.81,0.73,0.76,2023-10-22,1912,N20,VIIRS,n,2,287.5,2.89,N,0,VIIRS_NOAA20_SP
24.21099,82.70564,299.56,0.73,0.76,2023-10-22,1912,N20,VIIRS,n,2,287.4,2.47,N,0,VIIRS_NOAA20_SP
17.60905,83.19959,306.68,0.58,0.7,2023-10-22,1914,N20,VIIRS,n,2,284.27,2.45,N,2,VIIRS_NOAA20_SP
17.69761,83.23978,309.94,0.58,0.7,2023-10-22,1914,N20,VIIRS,n,2,283.39,1.35,N,2,VIIRS_NOAA20_SP
17.69812,83.23424,304.09,0.58,0.7,2023-10-22,1914,N20,VIIRS,n,2,282.22,1.35,N,0,VIIRS_NOAA20_SP
36.99875,80.19355,295.42,0.5,0.41,2023-10-22,2049,N20,VIIRS,n,2,279.23,1.34,N,2,VIIRS_NOAA20_SP
29.22358,88.35055,296.36,0.7,0.75,2023-10-22,2050,N20,VIIRS,n,2,273.26,3.53,N,2,VIIRS_NOAA20_SP
29.22715,88.34894,302.98,0.7,0.75,2023-10-22,2050,N20,VIIRS,n,2,274.18,2.28,N,2,VIIRS_NOAA20_SP
32.57605,72.56351,302.02,0.4,0.37,2023-10-22,2050,N20,VIIRS,n,2,290.34,0.3,N,2,VIIRS_NOAA20_SP
32.71952,72.77354,306.03,0.4,0.37,2023-10-22,2050,N20,VIIRS,n,2,287.75,0.65,N,2,VIIRS_NOAA20_SP
32.72142,72.9241,302.38,0.39,0.36,2023-10-22,2050,N20,VIIRS,n,2,287.56,0.73,N,2,VIIRS_NOAA20_SP
32.72675,72.81796,300.82,0.39,0.37,2023-10-22,2050,N20,VIIRS,n,2,287.0,0.82,N,2,VIIRS_NOAA20_SP
32.79042,71.47282,300.43,0.43,0.38,2023-10-22,2050,N20,VIIRS,n,2,287.65,0.68,N,0,VIIRS_NOAA20_SP
32.88999,71.61478,308.56,0.42,0.38,2023-10-22,2050,N20,VIIRS,n,2,290.19,0.81,N,2,VIIRS_NOAA20_SP
33.29458,71.18246,322.57,0.44,0.38,2023-10-22,2050,N20,VIIRS,n,2,286.26,1.82,N,0,VIIRS_NOAA20_SP
33.29466,71.18124,324.3,0.44,0.38,2023-10-22,2050,N20,VIIRS,n,2,285.75,2.07,N,0,VIIRS_NOAA20_SP
33.40821,71.93635,300.46,0.42,0.38,2023-10-22,2050,N20,VIIRS,n,2,286.69,0.49,N,2,VIIRS_NOAA20_SP
33.40859,71.93863,298.24,0.42,0.37,2023-10-22,2050,N20,VIIRS,n,2,287.36,0.5,N,2,VIIRS_NOAA20_SP
33.54863,71.54968,301.0,0.43,0.38,2023-10-22,2050,N20,VIIRS,n,2,288.01,0.95,N,2,VIIRS_NOAA20_SP
33.5521,71.55036,303.3,0.43,0.38,2023-10-22,2050,N20,VIIRS,n,2,287.4,0.82,N,2,VIIRS_NOAA20_SP
33.8025,72.09888,301.99,0.42,0.37,2023-10-22,2050,N20,VIIRS,n,2,287.37,0.72,N,2,VIIRS_NOAA20_SP
33.81652,72.72176,302.98,0.4,0.37,2023-10-22,2050,N20,VIIRS,n,2,287.09,0.6,N,0,VIIRS_NOAA20_SP
33.8524,72.86932,300.65,0.4,0.37,2023-10-22,2050,N20,VIIRS,n,2,285.44,0.86,N,0,VIIRS_NOAA20_SP
26.76331,83.19964,305.86,0.39,0.59,2023-10-22,2051,N20,VIIRS,n,2,291.08,1.41,N,2,VIIRS_NOAA20_SP
28.12729,80.05527,305.44,0.47,0.48,2023-10-22,2051,N20,VIIRS,n,2,288.81,1.18,N,0,VIIRS_NOAA20_SP
28.7947,76.86416,328.31,0.47,0.4,2023-10-22,2051,N20,VIIRS,n,2,290.09,3.78,N,0,VIIRS_NOAA20_SP
28.79675,76.8669,327.4,0.47,0.4,2023-10-22,2051,N20,VIIRS,n,2,290.14,3.85,N,0,VIIRS_NOAA20_SP
28.84369,77.1466,305.49,0.48,0.4,2023-10-22,2051,N20,VIIRS,n,2,289.28,1.15,N,0,VIIRS_NOAA20_SP
28.87056,78.78357,301.05,0.39,0.44,2023-10-22,2051,N20,VIIRS,n,2,287.55,0.22,N,0,VIIRS_NOAA20_SP
29.12478,75.77755,304.27,0.42,0.38,2023-10-22,2051,N20,VIIRS,n,2,291.07,0.75,N,2,VIIRS_NOAA20_SP
29.96458,76.68861,336.35,0.45,0.39,2023-10-22,2051,N20,VIIRS,n,2,289.0,4.16,N,0,VIIRS_NOAA20_SP
31.61675,74.37454,307.7,0.39,0.36,2023-10-22,2051,N20,VIIRS,n,2,289.76,0.79,N,2,VIIRS_NOAA20_SP
31.62208,74.40484,299.55,0.39,0.36,2023-10-22,2051,N20,VIIRS,n,2,289.39,0.27,N,0,VIIRS_NOAA20_SP
31.62728,74.43839,300.82,0.39,0.36,2023-10-22,2051,N20,VIIRS,n,2,289.93,0.28,N,0,VIIRS_NOAA20_SP
31.62923,74.42635,301.63,0.39,0.36,2023-10-22,2051,N20,VIIRS,n,2,289.52,0.42,N,2,VIIRS_NOAA20_SP
32.08704,74.16057,299.74,0.38,0.36,2023-10-22,2051,N20,VIIRS,n,2,289.1,0.33,N,2,VIIRS_NOAA20_SP
32.2925,70.73871,303.64,0.45,0.39,2023-10-22,2051,N20,VIIRS,n,2,290.33,1.16,N,2,VIIRS_NOAA20_SP
23.17108,82.34244,306.37,0.41,0.61,2023-10-22,2052,N20,VIIRS,n,2,284.73,0.81,N,2,VIIRS_NOAA20_SP
23.6719,86.10953,296.87,0.69,0.74,2023-10-22,2052,N20,VIIRS,n,2,278.1,0.81,N,0,VIIRS_NOAA20_SP
23.68599,86.38837,298.41,0.72,0.75,2023-10-22,2052,N20,VIIRS,n,2,277.7,1.88,N,2,VIIRS_NOAA20_SP
23.68661,86.38879,300.33,0.72,0.75,2023-10-22,2052,N20,VIIRS,n,2,277.22,1.95,N,2,VIIRS_NOAA20_SP
23.75564,86.4015,301.83,0.72,0.75,2023-10-22,2052,N20,VIIRS,n,2,275.61,1.7,N,2,VIIRS_NOAA20_SP
23.75736,86.39488,296.38,0.72,0.75,2023-10-22,2052,N20,VIIRS,n,2,276.2,1.7,N,2,VIIRS_NOAA20_SP
23.76409,86.39677,303.71,0.72,0.75,2023-10-22,2052,N20,VIIRS,n,2,278.03,1.7,N,2,VIIRS_NOAA20_SP
23.77435,86.38504,300.14,0.71,0.75,2023-10-22,2052,N20,VIIRS,n,2,278.39,2.4,N,2,VIIRS_NOAA20_SP
23.77576,86.20548,302.01,0.7,0.75,2023-10-22,2052,N20,VIIRS,n,2,280.79,2.3,N,2,VIIRS_NOAA20_SP
23.77754,86.20625,301.32,0.7,0.75,2023-10-22,2052,N20,VIIRS,n,2,281.09,1.34,N,2,VIIRS_NOAA20_SP
23.77799,86.34307,301.21,0.71,0.75,2023-10-22,2052,N20,VIIRS,n,2,279.44,1.29,N,2,VIIRS_NOAA20_SP
23.77932,86.39378,301.06,0.72,0.75,2023-10-22,2052,N20,VIIRS,n,2,277.54,2.4,N,2,VIIRS_NOAA20_SP
23.78095,86.39263,303.86,0.71,0.75,2023-10-22,2052,N20,VIIRS,n,2,277.75,1.92,N,2,VIIRS_NOAA20_SP
23.78425,86.20798,300.81,0.7,0.75,2023-10-22,2052,N20,VIIRS,n,2,280.83,1.34,N,2,VIIRS_NOAA20_SP
23.78819,86.33144,297.94,0.71,0.75,2023-10-22,2052,N20,VIIRS,n,2,280.2,2.48,N,2,VIIRS_NOAA20_SP
23.79327,86.34605,305.1,0.71,0.75,2023-10-22,2052,N20,VIIRS,n,2,280.12,4.0,N,2,VIIRS_NOAA20_SP
23.79808,86.34895,308.05,0.71,0.75,2023-10-22,2052,N20,VIIRS,n,2,280.73,2.54,N,2,VIIRS_NOAA20_SP
23.80331,86.32861,303.1,0.71,0.75,2023-10-22,2052,N20,VIIRS,n,2,280.11,2.54,N,2,VIIRS_NOAA20_SP
23.80531,86.32772,305.64,0.71,0.75,2023-10-22,2052,N20,VIIRS,n,2,280.21,2.67,N,2,VIIRS_NOAA20_SP
24.16827,80.69278,304.09,0.62,0.54,2023-10-22,2052,N20,VIIRS,n,2,289.33,1.18,N,2,VIIRS_NOAA20_SP
24.17018,80.69433,299.59,0.62,0.54,2023-10-22,2052,N20,VIIRS,n,2,289.31,1.55,N,2,VIIRS_NOAA20_SP
24.20674,82.70676,304.83,0.41,0.61,2023-10-22,2052,N20,VIIRS,n,2,289.96,0.65,N,2,VIIRS_NOAA20_SP
24.20902,82.52419,299.62,0.4,0.6,2023-10-22,2052,N20,VIIRS,n,2,289.15,0.57,N,2,VIIRS_NOAA20_SP
24.53002,81.16844,301.47,0.33,0.55,2023-10-22,2052,N20,VIIRS,n,2,290.32,0.47,N,2,VIIRS_NOAA20_SP
24.57903,74.80246,305.67,0.44,0.38,2023-10-22,2052,N20,VIIRS,n,2,292.97,1.08,N,2,VIIRS_NOAA20_SP
24.66273,74.63253,312.81,0.43,0.38,2023-10-22,2052,N20,VIIRS,n,2,296.12,2.04,N,2,VIIRS_NOAA20_SP
24.71505,74.67165,302.56,0.43,0.38,2023-10-22,2052,N20,VIIRS,n,2,291.94,0.72,N,2,VIIRS_NOAA20_SP
24.76538,74.60861,311.7,0.43,0.38,2023-10-22,2052,N20,VIIRS,n,2,295.5,1.93,N,2,VIIRS_NOAA20_SP
24.90895,77.14321,298.32,0.55,0.43,2023-10-22,2052,N20,VIIRS,n,2,288.26,0.72,N,0,VIIRS_NOAA20_SP
24.93344,74.63272,311.64,0.43,0.38,2023-10-22,2052,N20,VIIRS,n,2,293.94,1.58,N,2,VIIRS_NOAA20_SP
25.16912,77.1635,310.72,0.55,0.43,2023-10-22,2052,N20,VIIRS,n,2,288.77,1.76,N,0,VIIRS_NOAA20_SP
25.19649,77.02058,299.43,0.54,0.42,2023-10-22,2052,N20,VIIRS,n,2,288.67,0.49,N,0,VIIRS_NOAA20_SP
25.2386,72.25299,303.18,0.38,0.36,2023-10-22,2052,N20,VIIRS,n,2,292.73,0.49,N,0,VIIRS_NOAA20_SP
25.2971,71.74638,307.03,0.39,0.36,2023-10-22,2052,N20,VIIRS,n,2,292.54,0.56,N,0,VIIRS_NOAA20_SP
25.30078,71.76656,304.76,0.39,0.36,2023-10-22,2052,N20,VIIRS,n,2,292.62,0.62,N,0,VIIRS_NOAA20_SP
26.09442,68.87877,306.45,0.46,0.39,2023-10-22,2052,N20,VIIRS,n,2,295.17,1.38,N,2,VIIRS_NOAA20_SP
26.26004,74.09425,306.16,0.4,0.37,2023-10-22,2052,N20,VIIRS,n,2,293.08,0.9,N,0,VIIRS_NOAA20_SP
26.60531,73.68353,303.38,0.39,0.36,2023-10-22,2052,N20,VIIRS,n,2,291.83,0.8,N,2,VIIRS_NOAA20_SP
26.64515,79.48048,307.71,0.47,0.48,2023-10-22,2052,N20,VIIRS,n,2,289.96,0.95,N,2,VIIRS_NOAA20_SP
26.87473,73.5153,308.4,0.39,0.36,2023-10-22,2052,N20,VIIRS,n,2,288.87,1.13,N,2,VIIRS_NOAA20_SP
27.66734,76.12804,309.02,0.45,0.39,2023-10-22,2052,N20,VIIRS,n,2,291.37,1.53,N,2,VIIRS_NOAA20_SP
28.42463,69.70135,306.6,0.45,0.39,2023-10-22,2052,N20,VIIRS,n,2,292.44,0.97,N,2,VIIRS_NOAA20_SP
20.86549,76.55126,302.05,0.4,0.44,2023-10-22,2053,N20,VIIRS,n,2,288.32,0.34,N,0,VIIRS_NOAA20_SP
21.1812,81.38432,303.48,0.4,0.6,2023-10-22,2053,N20,VIIRS,n,2,290.77,1.31,N,3,VIIRS_NOAA20_SP
21.18656,81.38569,304.16,0.4,0.6,2023-10-22,2053,N20,VIIRS,n,2,290.89,1.31,N,3,VIIRS_NOAA20_SP
21.18997,81.38902,304.42,0.4,0.6,2023-10-22,2053,N20,VIIRS,n,2,290.31,2.27,N,2,VIIRS_NOAA20_SP
21.1911,81.39074,305.59,0.4,0.6,2023-10-22,2053,N20,VIIRS,n,2,290.06,1.67,N,2,VIIRS_NOAA20_SP
21.23292,79.6293,306.43,0.61,0.53,2023-10-22,2053,N20,VIIRS,n,2,288.7,1.82,N,2,VIIRS_NOAA20_SP
21.23574,79.63187,302.51,0.61,0.53,2023-10-22,2053,N20,VIIRS,n,2,287.92,1.14,N,2,VIIRS_NOAA20_SP
21.37671,81.64094,298.18,0.41,0.6,2023-10-22,2053,N20,VIIRS,n,2,279.09,1.07,N,2,VIIRS_NOAA20_SP
21.37905,81.68185,298.78,0.41,0.61,2023-10-22,2053,N20,VIIRS,n,2,279.36,0.98,N,2,VIIRS_NOAA20_SP
21.3799,81.67803,295.2,0.41,0.61,2023-10-22,2053,N20,VIIRS,n,2,275.65,0.81,N,2,VIIRS_NOAA20_SP
21.38502,81.65514,297.7,0.41,0.6,2023-10-22,2053,N20,VIIRS,n,2,278.84,0.8,N,0,VIIRS_NOAA20_SP
21.39299,81.6451,300.75,0.41,0.6,2023-10-22,2053,N20,VIIRS,n,2,279.53,1.54,N,2,VIIRS_NOAA20_SP
21.43448,72.9782,308.09,0.41,0.37,2023-10-22,2053,N20,VIIRS,n,2,293.92,0.75,N,0,VIIRS_NOAA20_SP
21.48691,81.76661,304.97,0.41,0.61,2023-10-22,2053,N20,VIIRS,n,2,281.97,1.31,N,2,VIIRS_NOAA20_SP
21.67369,82.08234,299.15,0.43,0.62,2023-10-22,2053,N20,VIIRS,n,2,282.65,1.04,N,2,VIIRS_NOAA20_SP
21.67633,82.0801,298.86,0.43,0.62,2023-10-22,2053,N20,VIIRS,n,2,283.14,0.7,N,2,VIIRS_NOAA20_SP
21.73203,82.21372,306.8,0.44,0.62,2023-10-22,2053,N20,VIIRS,n,2,288.3,0.8,N,2,VIIRS_NOAA20_SP
21.78215,83.8351,297.77,0.55,0.68,2023-10-22,2053,N20,VIIRS,n,2,270.31,0.93,N,2,VIIRS_NOAA20_SP
21.88155,83.55363,295.68,0.53,0.67,2023-10-22,2053,N20,VIIRS,n,2,277.46,0.8,N,2,VIIRS_NOAA20_SP
21.9217,83.34935,313.9,0.51,0.66,2023-10-22,2053,N20,VIIRS,n,2,281.87,3.66,N,2,VIIRS_NOAA20_SP
21.92391,83.33981,301.47,0.51,0.66,2023-10-22,2053,N20,VIIRS,n,2,280.82,1.56,N,2,VIIRS_NOAA20_SP
21.92437,83.34846,310.6,0.51,0.66,2023-10-22,2053,N20,VIIRS,n,2,282.8,3.04,N,2,VIIRS_NOAA20_SP
21.92501,83.33507,300.17,0.51,0.66,2023-10-22,2053,N20,VIIRS,n,2,279.49,1.56,N,2,VIIRS_NOAA20_SP
21.92664,83.33896,311.49,0.51,0.66,2023-10-22,2053,N20,VIIRS,n,2,281.41,2.44,N,3,VIIRS_NOAA20_SP
22.00614,82.66726,308.91,0.46,0.63,2023-10-22,2053,N20,VIIRS,n,2,286.11,1.86,N,2,VIIRS_NOAA20_SP
22.0207,83.37629,296.22,0.51,0.66,2023-10-22,2053,N20,VIIRS,n,2,279.33,0.75,N,2,VIIRS_NOAA20_SP
22.03438,83.36235,298.05,0.51,0.66,2023-10-22,2053,N20,VIIRS,n,2,281.66,1.56,N,2,VIIRS_NOAA20_SP
22.03947,83.3505,300.99,0.51,0.66,2023-10-22,2053,N20,VIIRS,n,2,282.28,0.9,N,2,VIIRS_NOAA20_SP
22.04319,83.73689,296.93,0.54,0.68,2023-10-22,2053,N20,VIIRS,n,2,280.49,1.99,N,2,VIIRS_NOAA20_SP
22.04384,83.7351,301.88,0.54,0.67,2023-10-22,2053,N20,VIIRS,n,2,280.39,1.82,N,2,VIIRS_NOAA20_SP
22.04437,83.73187,306.96,0.54,0.68,2023-10-22,2053,N20,VIIRS,n,2,281.08,2.37,N,2,VIIRS_NOAA20_SP
22.04506,83.73006,307.65,0.53,0.67,2023-10-22,2053,N20,VIIRS,n,2,280.84,1.97,N,0,VIIRS_NOAA20_SP
22.10626,83.52216,306.08,0.52,0.67,2023-10-22,2053,N20,VIIRS,n,2,279.25,1.7,N,0,VIIRS_NOAA20_SP
22.10713,83.52578,297.36,0.52,0.67,2023-10-22,2053,N20,VIIRS,n,2,279.03,0.92,N,0,VIIRS_NOAA20_SP
22.10826,83.52106,300.13,0.52,0.67,2023-10-22,2053,N20,VIIRS,n,2,279.22,0.92,N,0,VIIRS_NOAA20_SP
22.1808,76.24291,305.08,0.55,0.42,2023-10-22,2053,N20,VIIRS,n,2,291.8,2.11,N,0,VIIRS_NOAA20_SP
22.24688,71.63,305.09,0.38,0.36,2023-10-22,2053,N20,VIIRS,n,2,293.53,0.66,N,0,VIIRS_NOAA20_SP
22.2637,75.13335,306.03,0.48,0.4,2023-10-22,2053,N20,VIIRS,n,2,293.68,1.92,N,2,VIIRS_NOAA20_SP
22.31458,69.85914,319.06,0.4,0.37,2023-10-22,2053,N20,VIIRS,n,2,296.29,1.33,N,0,VIIRS_NOAA20_SP
22.31641,69.85893,316.78,0.4,0.37,2023-10-22,2053,N20,VIIRS,n,2,296.14,1.54,N,0,VIIRS_NOAA20_SP
22.31975,69.88326,308.65,0.4,0.37,2023-10-22,2053,N20,VIIRS,n,2,297.45,2.6,N,0,VIIRS_NOAA20_SP
22.33602,69.86625,310.38,0.4,0.37,2023-10-22,2053,N20,VIIRS,n,2,299.41,2.74,N,2,VIIRS_NOAA20_SP
22.40194,69.01912,307.67,0.42,0.38,2023-10-22,2053,N20,VIIRS,n,2,296.92,1.72,N,2,VIIRS_NOAA20_SP
22.78641,70.9175,325.12,0.39,0.36,2023-10-22,2053,N20,VIIRS,n,2,294.98,1.57,N,0,VIIRS_NOAA20_SP
22.92273,70.10498,310.82,0.4,0.37,2023-10-22,2053,N20,VIIRS,n,2,295.99,1.24,N,0,VIIRS_NOAA20_SP
22.92608,70.10555,333.28,0.4,0.37,2023-10-22,2053,N20,VIIRS,n,2,297.07,4.11,N,0,VIIRS_NOAA20_SP
22.9264,69.82242,306.54,0.4,0.37,2023-10-22,2053,N20,VIIRS,n,2,296.04,1.04,N,2,VIIRS_NOAA20_SP
22.93398,69.69864,308.15,0.41,0.37,2023-10-22,2053,N20,VIIRS,n,2,295.69,1.32,N,2,VIIRS_NOAA20_SP
22.93737,69.69922,311.13,0.41,0.37,2023-10-22,2053,N20,VIIRS,n,2,294.82,1.01,N,2,VIIRS_NOAA20_SP
22.93795,69.69527,305.26,0.41,0.37,2023-10-22,2053,N20,VIIRS,n,2,294.9,0.86,N,2,VIIRS_NOAA20_SP
23.0143,70.1044,309.63,0.4,0.37,2023-10-22,2053,N20,VIIRS,n,2,296.8,0.87,N,2,VIIRS_NOAA20_SP
23.10715,70.18691,310.65,0.4,0.37,2023-10-22,2053,N20,VIIRS,n,2,296.76,0.97,N,2,VIIRS_NOAA20_SP
23.11531,70.08519,306.74,0.4,0.37,2023-10-22,2053,N20,VIIRS,n,2,296.74,1.18,N,0,VIIRS_NOAA20_SP
23.26325,70.25157,315.01,0.4,0.37,2023-10-22,2053,N20,VIIRS,n,2,296.66,1.8,N,2,VIIRS_NOAA20_SP
23.31691,70.485,310.4,0.39,0.36,2023-10-22,2053,N20,VIIRS,n,2,294.46,1.6,N,2,VIIRS_NOAA20_SP
24.68935,73.00034,303.69,0.39,0.36,2023-10-22,2053,N20,VIIRS,n,2,292.83,0.85,N,2,VIIRS_NOAA20_SP
24.69266,73.00099,304.2,0.39,0.36,2023-10-22,2053,N20,VIIRS,n,2,292.81,1.2,N,2,VIIRS_NOAA20_SP
24.82077,73.09232,305.68,0.39,0.36,2023-10-22,2053,N20,VIIRS,n,2,293.43,1.19,N,2,VIIRS_NOAA20_SP
25.40172,68.56555,321.24,0.47,0.4,2023-10-22,2053,N20,VIIRS,n,2,293.86,1.71,N,2,VIIRS_NOAA20_SP
17.60925,83.20188,299.49,0.62,0.71,2023-10-22,2054,N20,VIIRS,n,2,271.59,1.14,N,2,VIIRS_NOAA20_SP
17.60985,83.20193,298.71,0.61,0.71,2023-10-22,2054,N20,VIIRS,n,2,271.12,1.42,N,2,VIIRS_NOAA20_SP
17.6652,80.48593,304.72,0.41,0.6,2023-10-22,2054,N20,VIIRS,n,2,288.98,0.9,N,0,VIIRS_NOAA20_SP
18.58223,72.2395,311.07,0.41,0.37,2023-10-22,2054,N20,VIIRS,n,2,296.55,0.69,N,3,VIIRS_NOAA20_SP
18.68108,79.55169,298.41,0.34,0.56,2023-10-22,2054,N20,VIIRS,n,2,279.75,0.21,N,0,VIIRS_NOAA20_SP
18.68289,73.03604,310.82,0.43,0.38,2023-10-22,2054,N20,VIIRS,n,2,297.65,2.44,N,2,VIIRS_NOAA20_SP
18.68565,73.0407,312.52,0.43,0.38,2023-10-22,2054,N20,VIIRS,n,2,296.66,1.93,N,2,VIIRS_NOAA20_SP
18.69257,73.042,311.55,0.43,0.38,2023-10-22,2054,N20,VIIRS,n,2,296.73,1.68,N,2,VIIRS_NOAA20_SP
18.69325,73.03798,308.81,0.43,0.38,2023-10-22,2054,N20,VIIRS,n,2,296.58,1.32,N,2,VIIRS_NOAA20_SP
18.71192,79.40237,296.98,0.33,0.55,2023-10-22,2054,N20,VIIRS,n,2,280.49,0.33,N,0,VIIRS_NOAA20_SP
18.72149,79.53477,305.64,0.34,0.56,2023-10-22,2054,N20,VIIRS,n,2,283.2,0.67,N,2,VIIRS_NOAA20_SP
18.73786,79.53199,299.63,0.34,0.56,2023-10-22,2054,N20,VIIRS,n,2,281.93,0.27,N,2,VIIRS_NOAA20_SP
18.97369,71.62468,322.18,0.39,0.36,2023-10-22,2054,N20,VIIRS,n,2,296.68,0.92,N,3,VIIRS_NOAA20_SP
18.97429,71.62099,310.42,0.39,0.36,2023-10-22,2054,N20,VIIRS,n,2,296.2,0.92,N,3,VIIRS_NOAA20_SP
19.10233,73.05233,306.99,0.43,0.38,2023-10-22,2054,N20,VIIRS,n,2,293.41,0.83,N,2,VIIRS_NOAA20_SP
19.17812,70.94471,331.41,0.38,0.36,2023-10-22,2054,N20,VIIRS,n,2,298.66,2.36,N,3,VIIRS_NOAA20_SP
19.19624,76.97022,300.27,0.45,0.47,2023-10-22,2054,N20,VIIRS,n,2,287.71,0.5,N,0,VIIRS_NOAA20_SP
19.33479,72.02,317.81,0.4,0.37,2023-10-22,2054,N20,VIIRS,n,2,296.7,1.02,N,3,VIIRS_NOAA20_SP
19.37134,71.35501,325.36,0.39,0.36,2023-10-22,2054,N20,VIIRS,n,2,298.06,1.17,N,3,VIIRS_NOAA20_SP
19.37193,71.35136,316.72,0.39,0.36,2023-10-22,2054,N20,VIIRS,n,2,297.76,1.17,N,3,VIIRS_NOAA20_SP
19.52981,71.30068,313.24,0.39,0.36,2023-10-22,2054,N20,VIIRS,n,2,299.66,0.73,N,3,VIIRS_NOAA20_SP
20.24081,76.69475,302.22,0.42,0.45,2023-10-22,2054,N20,VIIRS,n,2,288.24,0.45,N,0,VIIRS_NOAA20_SP
20.83639,70.69196,301.17,0.38,0.36,2023-10-22,2054,N20,VIIRS,n,2,286.9,0.56,N,2,VIIRS_NOAA20_SP
20.86944,70.56577,299.38,0.39,0.36,2023-10-22,2054,N20,VIIRS,n,2,280.96,0.5,N,0,VIIRS_NOAA20_SP
20.90961,71.46082,312.51,0.39,0.36,2023-10-22,2054,N20,VIIRS,n,2,297.33,1.12,N,2,VIIRS_NOAA20_SP
20.9102,71.45715,310.03,0.38,0.36,2023-10-22,2054,N20,VIIRS,n,2,296.22,1.12,N,2,VIIRS_NOAA20_SP
21.10348,72.63741,328.49,0.4,0.37,2023-10-22,2054,N20,VIIRS,n,2,299.74,2.84,N,2,VIIRS_NOAA20_SP
21.1041,72.63361,315.9,0.4,0.37,2023-10-22,2054,N20,VIIRS,n,2,297.09,2.84,N,2,VIIRS_NOAA20_SP
21.10557,72.64567,339.86,0.4,0.37,2023-10-22,2054,N20,VIIRS,n,2,300.62,4.12,N,2,VIIRS_NOAA20_SP
21.10891,72.6463,324.71,0.4,0.37,2023-10-22,2054,N20,VIIRS,n,2,300.46,4.12,N,2,VIIRS_NOAA20_SP
21.1108,72.63487,321.27,0.4,0.37,2023-10-22,2054,N20,VIIRS,n,2,300.58,3.61,N,2,VIIRS_NOAA20_SP
21.21874,72.81908,315.22,0.4,0.37,2023-10-22,2054,N20,VIIRS,n,2,296.84,2.13,N,0,VIIRS_NOAA20_SP
13.38028,79.06357,311.61,0.4,0.6,2023-10-22,2055,N20,VIIRS,n,2,287.48,0.79,N,0,VIIRS_NOAA20_SP
13.38161,79.06364,311.63,0.4,0.6,2023-10-22,2055,N20,VIIRS,n,2,288.1,0.83,N,0,VIIRS_NOAA20_SP
14.93179,78.34028,302.11,0.33,0.55,2023-10-22,2055,N20,VIIRS,n,2,284.6,0.53,N,0,VIIRS_NOAA20_SP
14.95753,79.68956,300.75,0.41,0.6,2023-10-22,2055,N20,VIIRS,n,2,281.04,0.25,N,0,VIIRS_NOAA20_SP
15.13828,76.70775,304.02,0.51,0.5,2023-10-22,2055,N20,VIIRS,n,2,290.29,0.69,N,2,VIIRS_NOAA20_SP
15.15175,76.71049,302.63,0.51,0.5,2023-10-22,2055,N20,VIIRS,n,2,290.29,1.02,N,2,VIIRS_NOAA20_SP
15.15311,76.7119,301.46,0.51,0.5,2023-10-22,2055,N20,VIIRS,n,2,290.09,0.39,N,2,VIIRS_NOAA20_SP
15.16935,76.66555,309.84,0.51,0.49,2023-10-22,2055,N20,VIIRS,n,2,292.6,1.7,N,2,VIIRS_NOAA20_SP
15.17104,76.66709,318.04,0.51,0.49,2023-10-22,2055,N20,VIIRS,n,2,293.84,2.63,N,2,VIIRS_NOAA20_SP
15.17217,76.37772,313.21,0.49,0.48,2023-10-22,2055,N20,VIIRS,n,2,294.35,2.18,N,2,VIIRS_NOAA20_SP
15.17728,76.65875,316.56,0.51,0.49,2023-10-22,2055,N20,VIIRS,n,2,293.46,4.08,N,2,VIIRS_NOAA20_SP
15.17775,77.10334,302.13,0.54,0.51,2023-10-22,2055,N20,VIIRS,n,2,287.63,1.11,N,2,VIIRS_NOAA20_SP
15.17817,76.6541,316.61,0.51,0.49,2023-10-22,2055,N20,VIIRS,n,2,295.4,3.67,N,2,VIIRS_NOAA20_SP
15.17907,76.67365,313.72,0.51,0.49,2023-10-22,2055,N20,VIIRS,n,2,293.71,2.17,N,2,VIIRS_NOAA20_SP
15.19495,76.37766,303.11,0.49,0.48,2023-10-22,2055,N20,VIIRS,n,2,292.71,0.57,N,2,VIIRS_NOAA20_SP
15.31785,76.13173,311.63,0.47,0.48,2023-10-22,2055,N20,VIIRS,n,2,290.69,1.32,N,0,VIIRS_NOAA20_SP
15.32184,76.231,300.58,0.47,0.48,2023-10-22,2055,N20,VIIRS,n,2,290.01,0.63,N,0,VIIRS_NOAA20_SP
15.33468,76.28342,301.7,0.48,0.48,2023-10-22,2055,N20,VIIRS,n,2,290.94,1.12,N,2,VIIRS_NOAA20_SP
15.33482,76.28679,302.26,0.48,0.48,2023-10-22,2055,N20,VIIRS,n,2,292.12,1.0,N,2,VIIRS_NOAA20_SP
15.3365,76.278,317.74,0.48,0.48,2023-10-22,2055,N20,VIIRS,n,2,291.38,2.58,N,2,VIIRS_NOAA20_SP
15.33982,76.28001,310.91,0.48,0.48,2023-10-22,2055,N20,VIIRS,n,2,291.73,1.12,N,2,VIIRS_NOAA20_SP
15.66011,73.98703,307.62,0.51,0.41,2023-10-22,2055,N20,VIIRS,n,2,293.12,0.7,N,2,VIIRS_NOAA20_SP
15.85622,78.59144,296.89,0.33,0.55,2023-10-22,2055,N20,VIIRS,n,2,268.08,0.32,N,0,VIIRS_NOAA20_SP
16.34385,75.29824,299.9,0.4,0.44,2023-10-22,2055,N20,VIIRS,n,2,289.36,0.72,N,0,VIIRS_NOAA20_SP
16.34453,75.29456,307.38,0.4,0.44,2023-10-22,2055,N20,VIIRS,n,2,289.96,0.72,N,0,VIIRS_NOAA20_SP
11.8177,77.91452,302.15,0.35,0.57,2023-10-22,2056,N20,VIIRS,n,2,288.78,1.24,N,2,VIIRS_NOAA20_SP
15.85959,97.79726,329.21,0.4,0.44,2023-10-23,623,N20,VIIRS,n,2,293.3,2.75,D,0,VIIRS_NOAA20_SP
26.51679,96.74602,332.69,0.47,0.4,2023-10-23,626,N20,VIIRS,n,2,298.62,3.23,D,0,VIIRS_NOAA20_SP
26.99829,97.62291,327.16,0.43,0.38,2023-10-23,626,N20,VIIRS,n,2,289.47,1.76,D,0,VIIRS_NOAA20_SP
27.46614,95.42252,331.08,0.53,0.42,2023-10-23,626,N20,VIIRS,n,2,296.94,3.76,D,2,VIIRS_NOAA20_SP
27.49822,96.50078,329.11,0.47,0.4,2023-10-23,626,N20,VIIRS,n,2,284.87,4.03,D,0,VIIRS_NOAA20_SP
27.60912,95.94243,330.38,0.5,0.41,2023-10-23,626,N20,VIIRS,n,2,288.52,2.46,D,0,VIIRS_NOAA20_SP
27.63195,96.27745,330.13,0.48,0.4,2023-10-23,626,N20,VIIRS,n,2,290.04,5.36,D,0,VIIRS_NOAA20_SP
27.7212,96.26922,345.31,0.48,0.4,2023-10-23,626,N20,VIIRS,n,2,300.82,13.08,D,0,VIIRS_NOAA20_SP
27.72569,96.27316,326.76,0.48,0.4,2023-10-23,626,N20,VIIRS,l,2,297.83,3.88,D,0,VIIRS_NOAA20_SP
27.73116,96.26189,328.73,0.48,0.4,2023-10-23,626,N20,VIIRS,n,2,297.55,2.35,D,0,VIIRS_NOAA20_SP
27.76204,96.11919,333.59,0.48,0.4,2023-10-23,626,N20,VIIRS,n,2,300.14,8.05,D,0,VIIRS_NOAA20_SP
27.9106,96.77498,330.57,0.45,0.39,2023-10-23,626,N20,VIIRS,n,2,291.19,11.64,D,0,VIIRS_NOAA20_SP
27.91125,96.77871,335.28,0.45,0.39,2023-10-23,626,N20,VIIRS,n,2,296.55,28.79,D,0,VIIRS_NOAA20_SP
27.94912,96.23589,338.98,0.48,0.4,2023-10-23,626,N20,VIIRS,n,2,302.04,19.86,D,0,VIIRS_NOAA20_SP
27.98427,95.32652,333.88,0.52,0.42,2023-10-23,626,N20,VIIRS,n,2,300.7,3.72,D,0,VIIRS_NOAA20_SP
27.99834,96.57092,330.86,0.46,0.39,2023-10-23,626,N20,VIIRS,n,2,285.81,3.71,D,0,VIIRS_NOAA20_SP
28.00046,96.5621,344.95,0.46,0.39,2023-10-23,626,N20,VIIRS,n,2,282.89,9.54,D,0,VIIRS_NOAA20_SP
28.00186,96.56993,330.73,0.46,0.39,2023-10-23,626,N20,VIIRS,n,2,284.74,3.71,D,0,VIIRS_NOAA20_SP
28.01283,95.49857,325.46,0.51,0.41,2023-10-23,626,N20,VIIRS,n,2,297.9,3.02,D,0,VIIRS_NOAA20_SP
28.01393,95.52512,335.44,0.51,0.41,2023-10-23,626,N20,VIIRS,n,2,298.86,8.86,D,0,VIIRS_NOAA20_SP
28.10328,95.48026,332.69,0.51,0.41,2023-10-23,626,N20,VIIRS,n,2,300.02,3.48,D,0,VIIRS_NOAA20_SP
28.16471,96.66441,326.34,0.45,0.39,2023-10-23,626,N20,VIIRS,n,2,292.64,3.15,D,0,VIIRS_NOAA20_SP
11.54135,79.15656,332.98,0.39,0.36,2023-10-23,803,N20,VIIRS,l,2,307.31,2.31,D,0,VIIRS_NOAA20_SP
11.67555,79.19274,334.95,0.39,0.36,2023-10-23,803,N20,VIIRS,n,2,306.65,2.17,D,0,VIIRS_NOAA20_SP
12.0652,79.02934,338.49,0.39,0.36,2023-10-23,803,N20,VIIRS,n,2,304.7,3.93,D,0,VIIRS_NOAA20_SP
12.41658,77.85738,332.94,0.39,0.36,2023-10-23,803,N20,VIIRS,n,2,298.83,2.85,D,0,VIIRS_NOAA20_SP
12.54687,76.94756,334.36,0.4,0.37,2023-10-23,803,N20,VIIRS,n,2,302.67,3.63,D,0,VIIRS_NOAA20_SP
12.728,80.00058,332.21,0.4,0.37,2023-10-23,803,N20,VIIRS,l,2,306.88,2.78,D,0,VIIRS_NOAA20_SP
12.75519,77.8047,333.28,0.39,0.36,2023-10-23,803,N20,VIIRS,n,2,303.46,0.8,D,0,VIIRS_NOAA20_SP
12.89955,78.75426,333.46,0.38,0.36,2023-10-23,803,N20,VIIRS,n,2,306.51,2.09,D,0,VIIRS_NOAA20_SP
12.90008,78.75778,333.46,0.38,0.36,2023-10-23,803,N20,VIIRS,n,2,304.4,2.09,D,0,VIIRS_NOAA20_SP
12.96963,77.36851,330.92,0.39,0.36,2023-10-23,803,N20,VIIRS,n,2,303.51,1.63,D,0,VIIRS_NOAA20_SP
12.97973,79.34081,332.65,0.39,0.36,2023-10-23,803,N20,VIIRS,n,2,306.46,2.28,D,0,VIIRS_NOAA20_SP
13.02539,78.06056,333.35,0.38,0.36,2023-10-23,803,N20,VIIRS,n,2,305.26,2.16,D,0,VIIRS_NOAA20_SP
13.09786,78.76621,336.74,0.39,0.36,2023-10-23,803,N20,VIIRS,n,2,306.3,2.3,D,0,VIIRS_NOAA20_SP
13.19362,79.06608,334.24,0.39,0.36,2023-10-23,803,N20,VIIRS,n,2,304.89,1.5,D,0,VIIRS_NOAA20_SP
13.21887,78.62015,335.27,0.38,0.36,2023-10-23,803,N20,VIIRS,l,2,308.35,2.97,D,0,VIIRS_NOAA20_SP
13.24278,80.02424,331.3,0.41,0.37,2023-10-23,803,N20,VIIRS,l,2,304.34,2.52,D,0,VIIRS_NOAA20_SP
13.31787,77.68678,333.93,0.39,0.36,2023-10-23,803,N20,VIIRS,n,2,306.6,2.4,D,0,VIIRS_NOAA20_SP
13.44625,78.12891,335.53,0.38,0.36,2023-10-23,803,N20,VIIRS,n,2,308.78,2.32,D,0,VIIRS_NOAA20_SP
13.45861,76.26045,338.94,0.42,0.37,2023-10-23,803,N20,VIIRS,n,2,308.53,5.1,D,0,VIIRS_NOAA20_SP
13.55431,78.12553,343.93,0.38,0.36,2023-10-23,803,N20,VIIRS,n,2,307.12,3.81,D,0,VIIRS_NOAA20_SP
13.57799,79.02666,331.56,0.39,0.36,2023-10-23,803,N20,VIIRS,l,2,305.56,1.23,D,0,VIIRS_NOAA20_SP
13.6055,77.48188,335.64,0.39,0.36,2023-10-23,803,N20,VIIRS,n,2,308.66,1.69,D,0,VIIRS_NOAA20_SP
13.61029,79.38195,331.98,0.39,0.36,2023-10-23,803,N20,VIIRS,l,2,303.42,0.74,D,0,VIIRS_NOAA20_SP
13.68692,77.61441,333.55,0.39,0.36,2023-10-23,803,N20,VIIRS,n,2,308.38,2.2,D,0,VIIRS_NOAA20_SP
13.73128,78.78016,334.89,0.39,0.36,2023-10-23,803,N20,VIIRS,n,2,308.13,1.13,D,0,VIIRS_NOAA20_SP
13.77214,76.82634,338.08,0.4,0.37,2023-10-23,803,N20,VIIRS,n,2,312.36,3.33,D,0,VIIRS_NOAA20_SP
13.79326,77.00567,338.01,0.39,0.37,2023-10-23,803,N20,VIIRS,n,2,311.08,3.09,D,0,VIIRS_NOAA20_SP
13.8045,79.89653,332.12,0.41,0.37,2023-10-23,803,N20,VIIRS,n,2,291.17,1.72,D,0,VIIRS_NOAA20_SP
13.81805,77.36267,336.67,0.39,0.36,2023-10-23,803,N20,VIIRS,l,2,310.46,1.32,D,0,VIIRS_NOAA20_SP
13.85202,76.68536,338.03,0.4,0.37,2023-10-23,803,N20,VIIRS,n,2,312.03,5.24,D,0,VIIRS_NOAA20_SP
13.90802,76.15028,335.63,0.42,0.37,2023-10-23,803,N20,VIIRS,n,2,306.62,1.87,D,0,VIIRS_NOAA20_SP
13.91031,78.91112,337.24,0.39,0.36,2023-10-23,803,N20,VIIRS,l,2,311.77,4.95,D,0,VIIRS_NOAA20_SP
13.98067,76.7691,339.17,0.4,0.37,2023-10-23,803,N20,VIIRS,n,2,314.15,1.83,D,0,VIIRS_NOAA20_SP
14.08698,76.687,338.8,0.4,0.37,2023-10-23,803,N20,VIIRS,l,2,310.75,5.65,D,0,VIIRS_NOAA20_SP
14.15914,76.76112,334.36,0.4,0.37,2023-10-23,803,N20,VIIRS,l,2,308.87,0.8,D,0,VIIRS_NOAA20_SP
14.34338,78.44841,343.03,0.39,0.36,2023-10-23,803,N20,VIIRS,n,2,306.12,3.3,D,0,VIIRS_NOAA20_SP
14.52657,79.64068,334.82,0.4,0.37,2023-10-23,803,N20,VIIRS,n,2,301.64,1.59,D,0,VIIRS_NOAA20_SP
14.53128,79.0735,345.73,0.39,0.36,2023-10-23,803,N20,VIIRS,n,2,308.92,7.68,D,0,VIIRS_NOAA20_SP
14.53581,79.058,337.84,0.39,0.36,2023-10-23,803,N20,VIIRS,n,2,307.03,2.08,D,0,VIIRS_NOAA20_SP
14.55145,79.56442,337.67,0.4,0.37,2023-10-23,803,N20,VIIRS,l,2,307.72,5.25,D,0,VIIRS_NOAA20_SP
14.57199,79.82887,335.07,0.41,0.37,2023-10-23,803,N20,VIIRS,n,2,280.27,3.38,D,0,VIIRS_NOAA20_SP
14.58125,79.72374,337.9,0.41,0.37,2023-10-23,803,N20,VIIRS,n,2,297.59,3.25,D,0,VIIRS_NOAA20_SP
14.34764,75.50954,335.47,0.43,0.38,2023-10-23,804,N20,VIIRS,l,2,309.94,2.24,D,0,VIIRS_NOAA20_SP
14.36221,75.51115,338.05,0.43,0.38,2023-10-23,804,N20,VIIRS,n,2,308.19,3.01,D,0,VIIRS_NOAA20_SP
14.36988,76.58688,336.78,0.4,0.37,2023-10-23,804,N20,VIIRS,l,2,307.5,4.05,D,0,VIIRS_NOAA20_SP
14.51882,77.01756,339.35,0.39,0.36,2023-10-23,804,N20,VIIRS,l,2,313.57,9.31,D,0,VIIRS_NOAA20_SP
14.52215,77.01701,347.25,0.39,0.36,2023-10-23,804,N20,VIIRS,n,2,312.2,8.65,D,0,VIIRS_NOAA20_SP
14.58373,77.41431,338.41,0.39,0.36,2023-10-23,804,N20,VIIRS,l,2,309.8,4.73,D,0,VIIRS_NOAA20_SP
14.5993,76.72816,338.6,0.4,0.37,2023-10-23,804,N20,VIIRS,n,2,311.59,1.82,D,0,VIIRS_NOAA20_SP
14.68947,76.25091,341.63,0.41,0.37,2023-10-23,804,N20,VIIRS,n,2,310.92,2.51,D,0,VIIRS_NOAA20_SP
14.7058,77.58997,333.61,0.39,0.36,2023-10-23,804,N20,VIIRS,l,2,307.59,1.7,D,0,VIIRS_NOAA20_SP
14.88148,77.87376,335.57,0.38,0.36,2023-10-23,804,N20,VIIRS,n,2,308.84,2.46,D,0,VIIRS_NOAA20_SP
14.88678,77.75312,339.33,0.38,0.36,2023-10-23,804,N20,VIIRS,l,2,311.03,3.44,D,0,VIIRS_NOAA20_SP
14.91066,77.55242,367.0,0.39,0.36,2023-10-23,804,N20,VIIRS,h,2,328.23,47.6,D,0,VIIRS_NOAA20_SP
14.96671,79.34087,340.55,0.4,0.37,2023-10-23,804,N20,VIIRS,n,2,307.0,5.52,D,0,VIIRS_NOAA20_SP
15.0344,78.50723,345.59,0.39,0.36,2023-10-23,804,N20,VIIRS,n,2,311.78,4.01,D,0,VIIRS_NOAA20_SP
15.05637,78.51838,341.38,0.39,0.36,2023-10-23,804,N20,VIIRS,n,2,310.58,3.93,D,0,VIIRS_NOAA20_SP
15.11666,78.58212,332.81,0.39,0.36,2023-10-23,804,N20,VIIRS,l,2,305.98,1.96,D,0,VIIRS_NOAA20_SP
15.16768,76.66601,336.83,0.4,0.37,2023-10-23,804,N20,VIIRS,l,2,311.31,4.96,D,2,VIIRS_NOAA20_SP
15.17327,78.55107,346.59,0.39,0.36,2023-10-23,804,N20,VIIRS,n,2,309.68,6.04,D,0,VIIRS_NOAA20_SP
15.17378,76.66123,339.31,0.4,0.37,2023-10-23,804,N20,VIIRS,l,2,310.9,3.11,D,2,VIIRS_NOAA20_SP
15.17654,76.65702,339.64,0.4,0.37,2023-10-23,804,N20,VIIRS,l,2,313.74,3.11,D,2,VIIRS_NOAA20_SP
15.31858,78.59373,332.18,0.39,0.36,2023-10-23,804,N20,VIIRS,l,2,304.12,2.91,D,0,VIIRS_NOAA20_SP
15.34978,78.64396,337.6,0.39,0.36,2023-10-23,804,N20,VIIRS,n,2,307.45,3.42,D,0,VIIRS_NOAA20_SP
15.36359,78.64548,334.17,0.39,0.36,2023-10-23,804,N20,VIIRS,n,2,305.44,2.55,D,0,VIIRS_NOAA20_SP
15.36429,76.17103,333.77,0.4,0.37,2023-10-23,804,N20,VIIRS,l,2,308.03,1.77,D,0,VIIRS_NOAA20_SP
15.55897,79.0786,337.7,0.4,0.37,2023-10-23,804,N20,VIIRS,n,2,311.98,4.57,D,0,VIIRS_NOAA20_SP
15.74985,78.52768,336.87,0.39,0.36,2023-10-23,804,N20,VIIRS,n,2,311.81,3.0,D,0,VIIRS_NOAA20_SP
15.85422,77.14931,336.26,0.39,0.36,2023-10-23,804,N20,VIIRS,n,2,305.03,3.3,D,0,VIIRS_NOAA20_SP
15.85995,78.49172,342.65,0.39,0.36,2023-10-23,804,N20,VIIRS,l,2,313.36,7.02,D,0,VIIRS_NOAA20_SP
15.87952,78.55506,338.42,0.39,0.36,2023-10-23,804,N20,VIIRS,n,2,311.09,2.02,D,0,VIIRS_NOAA20_SP
15.89079,78.26517,337.03,0.39,0.36,2023-10-23,804,N20,VIIRS,l,2,311.2,3.31,D,0,VIIRS_NOAA20_SP
15.95915,79.05002,337.96,0.4,0.37,2023-10-23,804,N20,VIIRS,l,2,308.96,3.72,D,0,VIIRS_NOAA20_SP
15.96251,79.04951,340.65,0.4,0.37,2023-10-23,804,N20,VIIRS,n,2,312.64,8.52,D,0,VIIRS_NOAA20_SP
16.10615,78.96945,333.47,0.4,0.37,2023-10-23,804,N20,VIIRS,l,2,306.42,3.86,D,0,VIIRS_NOAA20_SP
16.10668,78.97311,341.31,0.4,0.37,2023-10-23,804,N20,VIIRS,n,2,307.7,3.86,D,0,VIIRS_NOAA20_SP
16.11284,78.96837,336.79,0.4,0.37,2023-10-23,804,N20,VIIRS,n,2,306.47,4.18,D,0,VIIRS_NOAA20_SP
16.12094,75.26614,342.44,0.43,0.38,2023-10-23,804,N20,VIIRS,n,2,312.24,22.92,D,0,VIIRS_NOAA20_SP
16.12158,75.2701,356.38,0.43,0.38,2023-10-23,804,N20,VIIRS,l,2,311.13,26.34,D,0,VIIRS_NOAA20_SP
16.12503,75.26949,355.11,0.43,0.38,2023-10-23,804,N20,VIIRS,l,2,309.56,26.34,D,0,VIIRS_NOAA20_SP
16.15631,75.14236,332.68,0.43,0.38,2023-10-23,804,N20,VIIRS,l,2,305.63,1.44,D,0,VIIRS_NOAA20_SP
16.17928,80.14809,335.3,0.43,0.38,2023-10-23,804,N20,VIIRS,n,2,306.96,2.94,D,0,VIIRS_NOAA20_SP
16.22244,78.03181,336.49,0.39,0.36,2023-10-23,804,N20,VIIRS,n,2,307.33,4.08,D,0,VIIRS_NOAA20_SP
16.51148,78.60872,335.28,0.39,0.36,2023-10-23,804,N20,VIIRS,n,2,309.82,2.19,D,0,VIIRS_NOAA20_SP
16.56105,75.57735,336.26,0.41,0.37,2023-10-23,804,N20,VIIRS,l,2,308.69,3.51,D,0,VIIRS_NOAA20_SP
16.61254,74.37116,339.94,0.46,0.39,2023-10-23,804,N20,VIIRS,n,2,308.75,4.12,D,0,VIIRS_NOAA20_SP
16.74323,81.71412,331.43,0.52,0.41,2023-10-23,804,N20,VIIRS,n,2,299.64,2.53,D,0,VIIRS_NOAA20_SP
16.74927,79.03608,332.62,0.4,0.37,2023-10-23,804,N20,VIIRS,l,2,303.6,1.62,D,0,VIIRS_NOAA20_SP
16.75156,79.02808,336.36,0.4,0.37,2023-10-23,804,N20,VIIRS,n,2,303.99,1.93,D,0,VIIRS_NOAA20_SP
16.75273,74.58031,340.96,0.45,0.39,2023-10-23,804,N20,VIIRS,n,2,307.35,15.71,D,0,VIIRS_NOAA20_SP
16.9657,81.09739,332.42,0.48,0.4,2023-10-23,804,N20,VIIRS,n,2,307.33,3.49,D,0,VIIRS_NOAA20_SP
17.0602,81.54713,339.35,0.51,0.41,2023-10-23,804,N20,VIIRS,n,2,309.43,4.59,D,0,VIIRS_NOAA20_SP
17.12665,79.11152,347.24,0.4,0.37,2023-10-23,804,N20,VIIRS,n,2,309.67,6.69,D,0,VIIRS_NOAA20_SP
17.2576,79.09914,335.79,0.41,0.37,2023-10-23,804,N20,VIIRS,n,2,309.82,2.53,D,0,VIIRS_NOAA20_SP
17.28885,79.31696,334.18,0.41,0.37,2023-10-23,804,N20,VIIRS,n,2,301.88,1.78,D,0,VIIRS_NOAA20_SP
17.4466,78.67796,331.79,0.4,0.37,2023-10-23,804,N20,VIIRS,l,2,305.21,0.94,D,0,VIIRS_NOAA20_SP
17.54384,74.81976,345.62,0.43,0.38,2023-10-23,804,N20,VIIRS,n,2,310.74,7.86,D,0,VIIRS_NOAA20_SP
17.5445,74.82375,352.38,0.43,0.38,2023-10-23,804,N20,VIIRS,n,2,310.66,7.86,D,0,VIIRS_NOAA20_SP
17.54796,74.82314,355.04,0.43,0.38,2023-10-23,804,N20,VIIRS,l,2,308.13,7.86,D,0,VIIRS_NOAA20_SP
17.54862,74.82713,356.2,0.43,0.38,2023-10-23,804,N20,VIIRS,l,2,309.41,14.01,D,0,VIIRS_NOAA20_SP
17.55685,74.8339,343.11,0.43,0.38,2023-10-23,804,N20,VIIRS,n,2,310.47,6.71,D,0,VIIRS_NOAA20_SP
17.56097,74.83727,355.88,0.43,0.38,2023-10-23,804,N20,VIIRS,l,2,306.62,9.95,D,0,VIIRS_NOAA20_SP
17.58368,77.94328,333.04,0.39,0.36,2023-10-23,804,N20,VIIRS,n,2,300.27,2.21,D,0,VIIRS_NOAA20_SP
17.61091,82.77774,329.03,0.41,0.45,2023-10-23,804,N20,VIIRS,n,2,298.88,2.1,D,0,VIIRS_NOAA20_SP
17.72518,80.29166,330.81,0.45,0.39,2023-10-23,804,N20,VIIRS,n,2,297.94,2.72,D,0,VIIRS_NOAA20_SP
17.79467,75.58571,339.16,0.4,0.37,2023-10-23,805,N20,VIIRS,n,2,306.88,1.51,D,0,VIIRS_NOAA20_SP
18.16621,76.06464,333.72,0.39,0.36,2023-10-23,805,N20,VIIRS,l,2,307.13,2.86,D,0,VIIRS_NOAA20_SP
18.35741,77.89838,341.66,0.39,0.36,2023-10-23,805,N20,VIIRS,n,2,302.77,7.12,D,0,VIIRS_NOAA20_SP
18.41553,78.8333,334.12,0.41,0.37,2023-10-23,805,N20,VIIRS,n,2,298.6,2.05,D,0,VIIRS_NOAA20_SP
18.52605,78.35731,342.66,0.4,0.37,2023-10-23,805,N20,VIIRS,n,2,305.77,5.13,D,0,VIIRS_NOAA20_SP
18.55024,74.18942,332.97,0.44,0.39,2023-10-23,805,N20,VIIRS,n,2,300.85,3.34,D,0,VIIRS_NOAA20_SP
18.57401,77.94105,336.26,0.39,0.36,2023-10-23,805,N20,VIIRS,n,2,303.32,2.98,D,0,VIIRS_NOAA20_SP
18.59027,78.46956,330.25,0.4,0.37,2023-10-23,805,N20,VIIRS,n,2,304.84,1.67,D,0,VIIRS_NOAA20_SP
18.63101,78.45119,334.23,0.4,0.37,2023-10-23,805,N20,VIIRS,n,2,303.62,2.27,D,0,VIIRS_NOAA20_SP
18.68137,73.03572,331.85,0.5,0.41,2023-10-23,805,N20,VIIRS,l,2,304.51,6.34,D,2,VIIRS_NOAA20_SP
18.68218,73.04041,337.84,0.5,0.41,2023-10-23,805,N20,VIIRS,n,2,303.8,5.17,D,2,VIIRS_NOAA20_SP
18.68299,73.04509,334.75,0.5,0.41,2023-10-23,805,N20,VIIRS,n,2,305.53,5.17,D,2,VIIRS_NOAA20_SP
18.69291,77.98917,336.91,0.39,0.36,2023-10-23,805,N20,VIIRS,n,2,305.92,3.67,D,0,VIIRS_NOAA20_SP
18.6998,78.39028,341.96,0.4,0.37,2023-10-23,805,N20,VIIRS,n,2,303.07,3.52,D,0,VIIRS_NOAA20_SP
18.70182,77.81886,334.95,0.39,0.36,2023-10-23,805,N20,VIIRS,l,2,305.95,3.66,D,0,VIIRS_NOAA20_SP
18.7414,77.74133,332.8,0.39,0.36,2023-10-23,805,N20,VIIRS,n,2,305.83,1.13,D,0,VIIRS_NOAA20_SP
18.76674,78.61863,332.9,0.4,0.37,2023-10-23,805,N20,VIIRS,n,2,302.62,2.07,D,0,VIIRS_NOAA20_SP
18.84377,78.2796,335.46,0.4,0.37,2023-10-23,805,N20,VIIRS,n,2,305.13,2.27,D,0,VIIRS_NOAA20_SP
18.86454,78.59186,334.98,0.4,0.37,2023-10-23,805,N20,VIIRS,n,2,306.75,2.65,D,0,VIIRS_NOAA20_SP
18.87249,78.57508,333.79,0.4,0.37,2023-10-23,805,N20,VIIRS,n,2,303.84,1.83,D,0,VIIRS_NOAA20_SP
18.8835,76.67625,336.47,0.38,0.36,2023-10-23,805,N20,VIIRS,n,2,304.89,1.4,D,0,VIIRS_NOAA20_SP
18.91994,77.94101,342.03,0.39,0.36,2023-10-23,805,N20,VIIRS,n,2,307.3,4.44,D,0,VIIRS_NOAA20_SP
18.93485,77.94991,331.22,0.39,0.36,2023-10-23,805,N20,VIIRS,l,2,305.94,3.14,D,0,VIIRS_NOAA20_SP
18.97265,71.62481,332.77,0.4,0.44,2023-10-23,805,N20,VIIRS,n,2,297.13,2.23,D,3,VIIRS_NOAA20_SP
19.12049,78.10862,336.4,0.39,0.36,2023-10-23,805,N20,VIIRS,n,2,302.73,2.71,D,0,VIIRS_NOAA20_SP
19.12416,74.14762,336.02,0.44,0.38,2023-10-23,805,N20,VIIRS,n,2,303.69,3.07,D,0,VIIRS_NOAA20_SP
19.12501,74.14815,334.08,0.44,0.38,2023-10-23,805,N20,VIIRS,n,2,303.96,2.16,D,0,VIIRS_NOAA20_SP
19.26935,74.39075,343.56,0.43,0.38,2023-10-23,805,N20,VIIRS,n,2,306.42,3.36,D,0,VIIRS_NOAA20_SP
19.34272,77.37951,341.89,0.39,0.36,2023-10-23,805,N20,VIIRS,n,2,304.7,2.88,D,0,VIIRS_NOAA20_SP
19.36604,77.26372,331.26,0.39,0.36,2023-10-23,805,N20,VIIRS,n,2,304.08,1.75,D,0,VIIRS_NOAA20_SP
19.59324,82.20859,329.75,0.4,0.44,2023-10-23,805,N20,VIIRS,n,2,302.41,3.37,D,0,VIIRS_NOAA20_SP
19.60801,73.93384,340.36,0.44,0.39,2023-10-23,805,N20,VIIRS,n,2,304.01,3.5,D,0,VIIRS_NOAA20_SP
19.61366,73.92435,335.29,0.44,0.39,2023-10-23,805,N20,VIIRS,n,2,301.19,2.06,D,0,VIIRS_NOAA20_SP
19.61436,73.92851,336.65,0.44,0.39,2023-10-23,805,N20,VIIRS,n,2,301.47,2.06,D,0,VIIRS_NOAA20_SP
19.75938,78.30206,334.9,0.4,0.37,2023-10-23,805,N20,VIIRS,n,2,305.22,2.99,D,0,VIIRS_NOAA20_SP
19.96737,73.92875,334.66,0.44,0.38,2023-10-23,805,N20,VIIRS,n,2,302.25,1.46,D,0,VIIRS_NOAA20_SP
19.96948,73.94119,333.54,0.44,0.38,2023-10-23,805,N20,VIIRS,n,2,301.96,2.04,D,0,VIIRS_NOAA20_SP
20.43282,79.03835,334.99,0.43,0.38,2023-10-23,805,N20,VIIRS,n,2,309.33,3.75,D,0,VIIRS_NOAA20_SP
20.89916,77.12052,337.17,0.39,0.36,2023-10-23,805,N20,VIIRS,n,2,302.94,2.86,D,0,VIIRS_NOAA20_SP
21.12917,75.2506,331.57,0.39,0.36,2023-10-23,805,N20,VIIRS,l,2,304.59,1.72,D,0,VIIRS_NOAA20_SP
21.91945,83.35194,337.56,0.5,0.49,2023-10-23,805,N20,VIIRS,n,2,297.3,5.54,D,2,VIIRS_NOAA20_SP
21.92131,83.35214,328.34,0.5,0.49,2023-10-23,805,N20,VIIRS,n,2,295.06,7.53,D,2,VIIRS_NOAA20_SP
21.92479,83.34189,328.36,0.5,0.49,2023-10-23,805,N20,VIIRS,n,2,294.85,4.59,D,2,VIIRS_NOAA20_SP
22.04099,83.73237,325.82,0.53,0.5,2023-10-23,805,N20,VIIRS,n,2,288.95,4.11,D,2,VIIRS_NOAA20_SP
22.04155,83.73754,327.2,0.53,0.5,2023-10-23,805,N20,VIIRS,n,2,291.19,7.69,D,2,VIIRS_NOAA20_SP
21.0451,74.29176,341.37,0.42,0.37,2023-10-23,806,N20,VIIRS,n,2,309.64,2.87,D,0,VIIRS_NOAA20_SP
21.04577,74.29579,345.82,0.42,0.37,2023-10-23,806,N20,VIIRS,n,2,308.64,2.87,D,0,VIIRS_NOAA20_SP
21.04707,74.3037,336.37,0.42,0.37,2023-10-23,806,N20,VIIRS,l,2,308.39,2.94,D,0,VIIRS_NOAA20_SP
21.04852,74.29116,336.26,0.42,0.37,2023-10-23,806,N20,VIIRS,l,2,309.22,2.87,D,0,VIIRS_NOAA20_SP
21.05048,74.30307,338.7,0.42,0.37,2023-10-23,806,N20,VIIRS,n,2,307.14,2.94,D,0,VIIRS_NOAA20_SP
21.05259,74.29455,351.54,0.42,0.37,2023-10-23,806,N20,VIIRS,n,2,307.71,3.39,D,0,VIIRS_NOAA20_SP
21.05601,74.29393,345.18,0.42,0.37,2023-10-23,806,N20,VIIRS,n,2,307.41,3.39,D,0,VIIRS_NOAA20_SP
21.05876,74.28934,352.15,0.42,0.37,2023-10-23,806,N20,VIIRS,n,2,309.62,4.7,D,0,VIIRS_NOAA20_SP
21.06218,74.28873,348.91,0.42,0.37,2023-10-23,806,N20,VIIRS,n,2,310.29,4.7,D,0,VIIRS_NOAA20_SP
21.07611,72.85928,331.5,0.48,0.4,2023-10-23,806,N20,VIIRS,l,2,306.02,1.31,D,0,VIIRS_NOAA20_SP
21.08063,74.35831,344.11,0.41,0.37,2023-10-23,806,N20,VIIRS,n,2,309.29,3.09,D,0,VIIRS_NOAA20_SP
21.08128,74.36224,343.54,0.41,0.37,2023-10-23,806,N20,VIIRS,n,2,307.97,3.09,D,0,VIIRS_NOAA20_SP
21.08403,74.35767,351.39,0.41,0.37,2023-10-23,806,N20,VIIRS,n,2,309.88,3.04,D,0,VIIRS_NOAA20_SP
21.08468,74.3616,339.31,0.41,0.37,2023-10-23,806,N20,VIIRS,n,2,307.85,3.04,D,0,VIIRS_NOAA20_SP
21.10171,72.63863,335.24,0.49,0.4,2023-10-23,806,N20,VIIRS,l,2,306.84,8.72,D,2,VIIRS_NOAA20_SP
21.10698,72.64713,345.94,0.49,0.4,2023-10-23,806,N20,VIIRS,n,2,310.5,12.63,D,2,VIIRS_NOAA20_SP
21.74229,75.58159,333.12,0.39,0.36,2023-10-23,806,N20,VIIRS,n,2,308.07,2.28,D,0,VIIRS_NOAA20_SP
21.97395,79.45204,335.12,0.46,0.39,2023-10-23,806,N20,VIIRS,n,2,304.19,2.61,D,0,VIIRS_NOAA20_SP
21.99605,79.4635,331.24,0.46,0.39,2023-10-23,806,N20,VIIRS,n,2,301.49,4.08,D,0,VIIRS_NOAA20_SP
22.0172,79.40227,334.05,0.45,0.39,2023-10-23,806,N20,VIIRS,n,2,303.18,2.21,D,0,VIIRS_NOAA20_SP
22.02551,79.21941,332.88,0.45,0.39,2023-10-23,806,N20,VIIRS,l,2,303.21,2.73,D,0,VIIRS_NOAA20_SP
22.03684,70.61665,331.42,0.4,0.44,2023-10-23,806,N20,VIIRS,l,2,305.32,3.31,D,0,VIIRS_NOAA20_SP
22.04087,70.61578,334.16,0.4,0.44,2023-10-23,806,N20,VIIRS,l,2,306.87,3.57,D,0,VIIRS_NOAA20_SP
22.04523,79.36669,334.85,0.45,0.39,2023-10-23,806,N20,VIIRS,n,2,303.77,2.38,D,0,VIIRS_NOAA20_SP
22.06964,79.63396,330.63,0.46,0.39,2023-10-23,806,N20,VIIRS,n,2,303.01,3.47,D,0,VIIRS_NOAA20_SP
22.07781,78.05074,330.83,0.41,0.37,2023-10-23,806,N20,VIIRS,n,2,300.74,1.52,D,0,VIIRS_NOAA20_SP
22.09033,78.01669,333.77,0.41,0.37,2023-10-23,806,N20,VIIRS,n,2,301.79,1.59,D,0,VIIRS_NOAA20_SP
22.09113,75.92567,336.43,0.38,0.36,2023-10-23,806,N20,VIIRS,n,2,304.62,1.79,D,0,VIIRS_NOAA20_SP
22.14829,75.72169,334.44,0.39,0.36,2023-10-23,806,N20,VIIRS,n,2,306.05,2.9,D,0,VIIRS_NOAA20_SP
22.21898,79.75185,334.61,0.47,0.4,2023-10-23,806,N20,VIIRS,n,2,302.48,5.25,D,0,VIIRS_NOAA20_SP
22.23007,79.34971,340.69,0.45,0.39,2023-10-23,806,N20,VIIRS,n,2,302.76,8.32,D,0,VIIRS_NOAA20_SP
22.23047,79.40821,333.21,0.46,0.39,2023-10-23,806,N20,VIIRS,l,2,303.23,5.33,D,0,VIIRS_NOAA20_SP
22.26444,79.41665,337.34,0.46,0.39,2023-10-23,806,N20,VIIRS,n,2,304.24,4.56,D,0,VIIRS_NOAA20_SP
22.27238,79.58832,334.35,0.46,0.39,2023-10-23,806,N20,VIIRS,n,2,302.48,4.11,D,0,VIIRS_NOAA20_SP
22.27785,77.29317,335.55,0.39,0.36,2023-10-23,806,N20,VIIRS,n,2,304.48,3.36,D,0,VIIRS_NOAA20_SP
22.31194,77.45871,333.9,0.4,0.37,2023-10-23,806,N20,VIIRS,n,2,303.24,2.71,D,0,VIIRS_NOAA20_SP
22.31594,69.85728,334.74,0.44,0.46,2023-10-23,806,N20,VIIRS,l,2,304.89,1.33,D,0,VIIRS_NOAA20_SP
22.32606,69.84176,341.14,0.44,0.46,2023-10-23,806,N20,VIIRS,n,2,304.48,7.83,D,0,VIIRS_NOAA20_SP
22.34511,77.26672,330.06,0.39,0.36,2023-10-23,806,N20,VIIRS,l,2,304.18,1.04,D,0,VIIRS_NOAA20_SP
22.36279,79.56696,337.61,0.46,0.39,2023-10-23,806,N20,VIIRS,n,2,303.16,3.34,D,0,VIIRS_NOAA20_SP
22.37138,77.40234,344.55,0.39,0.37,2023-10-23,806,N20,VIIRS,n,2,303.84,4.08,D,0,VIIRS_NOAA20_SP
22.37472,77.40179,330.63,0.39,0.37,2023-10-23,806,N20,VIIRS,l,2,303.22,1.32,D,0,VIIRS_NOAA20_SP
22.37512,77.23844,335.34,0.39,0.36,2023-10-23,806,N20,VIIRS,n,2,306.12,2.5,D,0,VIIRS_NOAA20_SP
22.39701,77.3903,334.91,0.39,0.37,2023-10-23,806,N20,VIIRS,n,2,304.95,1.56,D,0,VIIRS_NOAA20_SP
22.4435,77.52353,331.43,0.4,0.37,2023-10-23,806,N20,VIIRS,l,2,303.75,1.92,D,0,VIIRS_NOAA20_SP
22.45083,76.25723,333.12,0.38,0.36,2023-10-23,806,N20,VIIRS,n,2,303.56,2.03,D,0,VIIRS_NOAA20_SP
22.4531,79.88994,330.58,0.48,0.4,2023-10-23,806,N20,VIIRS,n,2,302.67,2.84,D,0,VIIRS_NOAA20_SP
22.45621,79.82792,333.7,0.48,0.4,2023-10-23,806,N20,VIIRS,n,2,302.05,3.01,D,0,VIIRS_NOAA20_SP
22.46593,80.59607,334.27,0.52,0.42,2023-10-23,806,N20,VIIRS,n,2,300.45,3.4,D,0,VIIRS_NOAA20_SP
22.51674,77.59019,339.26,0.4,0.37,2023-10-23,806,N20,VIIRS,n,2,306.02,3.16,D,0,VIIRS_NOAA20_SP
22.53146,77.52474,332.53,0.4,0.37,2023-10-23,806,N20,VIIRS,l,2,303.5,2.1,D,0,VIIRS_NOAA20_SP
22.53619,77.63045,335.91,0.4,0.37,2023-10-23,806,N20,VIIRS,l,2,307.18,2.17,D,0,VIIRS_NOAA20_SP
22.54671,77.43975,335.05,0.4,0.37,2023-10-23,806,N20,VIIRS,n,2,304.54,1.54,D,0,VIIRS_NOAA20_SP
22.55099,80.31663,334.33,0.51,0.41,2023-10-23,806,N20,VIIRS,n,2,298.38,6.56,D,0,VIIRS_NOAA20_SP
22.55107,77.71127,340.1,0.4,0.37,2023-10-23,806,N20,VIIRS,n,2,302.77,2.85,D,0,VIIRS_NOAA20_SP
22.55126,77.37639,332.75,0.4,0.37,2023-10-23,806,N20,VIIRS,l,2,305.22,1.44,D,0,VIIRS_NOAA20_SP
22.56098,77.56319,330.5,0.4,0.37,2023-10-23,806,N20,VIIRS,l,2,305.49,1.66,D,0,VIIRS_NOAA20_SP
22.56694,77.65314,331.61,0.4,0.37,2023-10-23,806,N20,VIIRS,n,2,303.49,2.81,D,0,VIIRS_NOAA20_SP
22.57653,79.72244,334.35,0.48,0.4,2023-10-23,806,N20,VIIRS,n,2,304.52,2.72,D,0,VIIRS_NOAA20_SP
22.60285,77.52908,330.15,0.4,0.37,2023-10-23,806,N20,VIIRS,l,2,304.66,2.0,D,0,VIIRS_NOAA20_SP
22.60838,77.35158,335.06,0.39,0.37,2023-10-23,806,N20,VIIRS,n,2,303.05,3.09,D,0,VIIRS_NOAA20_SP
22.61477,77.63782,332.08,0.4,0.37,2023-10-23,806,N20,VIIRS,n,2,304.45,2.06,D,0,VIIRS_NOAA20_SP
22.62024,77.50654,335.53,0.4,0.37,2023-10-23,806,N20,VIIRS,n,2,301.79,2.46,D,0,VIIRS_NOAA20_SP
22.62143,77.91581,331.47,0.41,0.37,2023-10-23,806,N20,VIIRS,n,2,303.06,2.55,D,0,VIIRS_NOAA20_SP
22.66292,77.35033,331.65,0.4,0.37,2023-10-23,806,N20,VIIRS,l,2,302.73,1.57,D,0,VIIRS_NOAA20_SP
22.66466,78.07132,334.95,0.41,0.37,2023-10-23,806,N20,VIIRS,n,2,304.41,3.99,D,0,VIIRS_NOAA20_SP
22.676,77.56049,332.04,0.4,0.37,2023-10-23,806,N20,VIIRS,n,2,302.12,2.2,D,0,VIIRS_NOAA20_SP
22.67811,77.62347,332.25,0.4,0.37,2023-10-23,806,N20,VIIRS,l,2,306.08,2.01,D,0,VIIRS_NOAA20_SP
22.68343,77.44496,332.01,0.4,0.37,2023-10-23,806,N20,VIIRS,n,2,302.66,1.55,D,0,VIIRS_NOAA20_SP
22.68509,75.94128,331.69,0.38,0.36,2023-10-23,806,N20,VIIRS,l,2,303.5,1.96,D,0,VIIRS_NOAA20_SP
22.68771,77.9864,332.58,0.41,0.37,2023-10-23,806,N20,VIIRS,n,2,302.56,2.69,D,0,VIIRS_NOAA20_SP
22.72285,77.41808,332.22,0.4,0.37,2023-10-23,806,N20,VIIRS,l,2,304.91,2.12,D,0,VIIRS_NOAA20_SP
22.74272,77.82783,341.0,0.41,0.37,2023-10-23,806,N20,VIIRS,n,2,300.42,3.51,D,0,VIIRS_NOAA20_SP
22.74498,79.61536,333.76,0.47,0.4,2023-10-23,806,N20,VIIRS,n,2,301.72,2.51,D,0,VIIRS_NOAA20_SP
22.76141,78.65527,336.54,0.43,0.38,2023-10-23,806,N20,VIIRS,n,2,298.41,2.85,D,0,VIIRS_NOAA20_SP
22.80932,77.43161,338.12,0.4,0.37,2023-10-23,806,N20,VIIRS,n,2,306.62,3.23,D,0,VIIRS_NOAA20_SP
22.81451,77.37177,347.92,0.4,0.37,2023-10-23,806,N20,VIIRS,n,2,308.07,4.52,D,0,VIIRS_NOAA20_SP
22.81834,77.39863,334.7,0.4,0.37,2023-10-23,806,N20,VIIRS,n,2,304.29,3.29,D,0,VIIRS_NOAA20_SP
22.84298,74.24076,332.2,0.41,0.37,2023-10-23,806,N20,VIIRS,l,2,306.18,0.8,D,0,VIIRS_NOAA20_SP
22.85439,78.89526,334.59,0.44,0.38,2023-10-23,806,N20,VIIRS,n,2,304.18,3.02,D,0,VIIRS_NOAA20_SP
22.92402,70.10618,343.68,0.42,0.45,2023-10-23,806,N20,VIIRS,n,2,310.77,7.83,D,0,VIIRS_NOAA20_SP
22.92485,78.59134,332.41,0.43,0.38,2023-10-23,806,N20,VIIRS,n,2,299.31,2.6,D,0,VIIRS_NOAA20_SP
22.93877,79.50212,336.71,0.47,0.4,2023-10-23,806,N20,VIIRS,n,2,301.92,4.0,D,0,VIIRS_NOAA20_SP
22.94593,79.84558,334.04,0.49,0.4,2023-10-23,806,N20,VIIRS,n,2,301.1,4.89,D,0,VIIRS_NOAA20_SP
22.9971,77.48322,335.29,0.4,0.37,2023-10-23,806,N20,VIIRS,n,2,305.83,2.21,D,0,VIIRS_NOAA20_SP
23.03525,71.69135,332.9,0.51,0.41,2023-10-23,806,N20,VIIRS,l,2,306.37,2.12,D,0,VIIRS_NOAA20_SP
23.05304,77.59772,334.71,0.4,0.37,2023-10-23,806,N20,VIIRS,n,2,301.13,2.5,D,0,VIIRS_NOAA20_SP
23.11093,77.54433,339.14,0.4,0.37,2023-10-23,806,N20,VIIRS,n,2,300.93,4.09,D,0,VIIRS_NOAA20_SP
23.12604,79.71197,332.66,0.48,0.4,2023-10-23,806,N20,VIIRS,n,2,302.75,4.13,D,0,VIIRS_NOAA20_SP
23.16866,77.50299,330.12,0.4,0.37,2023-10-23,806,N20,VIIRS,n,2,304.98,2.83,D,0,VIIRS_NOAA20_SP
23.20689,69.9819,332.45,0.42,0.45,2023-10-23,806,N20,VIIRS,l,2,306.51,3.53,D,0,VIIRS_NOAA20_SP
23.29622,77.91334,334.03,0.41,0.37,2023-10-23,806,N20,VIIRS,n,2,304.64,3.35,D,0,VIIRS_NOAA20_SP
23.35961,68.62915,342.23,0.5,0.49,2023-10-23,806,N20,VIIRS,n,2,305.01,8.78,D,0,VIIRS_NOAA20_SP
23.36222,68.62943,343.26,0.5,0.49,2023-10-23,806,N20,VIIRS,n,2,303.92,9.74,D,0,VIIRS_NOAA20_SP
23.36884,79.34569,335.07,0.46,0.39,2023-10-23,806,N20,VIIRS,l,2,306.1,4.53,D,0,VIIRS_NOAA20_SP
23.37047,77.94643,331.8,0.41,0.37,2023-10-23,806,N20,VIIRS,l,2,305.73,3.69,D,0,VIIRS_NOAA20_SP
23.37481,78.02802,333.35,0.41,0.37,2023-10-23,806,N20,VIIRS,n,2,302.87,2.59,D,0,VIIRS_NOAA20_SP
23.38114,77.44777,346.61,0.4,0.37,2023-10-23,806,N20,VIIRS,n,2,303.44,5.91,D,0,VIIRS_NOAA20_SP
23.38588,77.90704,332.26,0.41,0.37,2023-10-23,806,N20,VIIRS,l,2,302.58,3.03,D,0,VIIRS_NOAA20_SP
23.40129,79.64996,331.77,0.48,0.4,2023-10-23,806,N20,VIIRS,n,2,301.74,2.36,D,0,VIIRS_NOAA20_SP
23.4019,79.65464,332.95,0.48,0.4,2023-10-23,806,N20,VIIRS,n,2,301.5,3.19,D,0,VIIRS_NOAA20_SP
23.42843,79.85962,330.16,0.49,0.4,2023-10-23,806,N20,VIIRS,l,2,303.33,2.69,D,0,VIIRS_NOAA20_SP
23.43254,77.54324,332.98,0.4,0.37,2023-10-23,806,N20,VIIRS,n,2,304.17,1.6,D,0,VIIRS_NOAA20_SP
23.44983,79.47917,334.67,0.47,0.4,2023-10-23,806,N20,VIIRS,n,2,302.32,3.67,D,0,VIIRS_NOAA20_SP
23.46448,77.91922,335.31,0.41,0.37,2023-10-23,806,N20,VIIRS,n,2,306.08,3.02,D,0,VIIRS_NOAA20_SP
23.49045,78.58702,331.38,0.43,0.38,2023-10-23,806,N20,VIIRS,n,2,303.16,2.34,D,0,VIIRS_NOAA20_SP
23.49122,77.75626,335.87,0.41,0.37,2023-10-23,806,N20,VIIRS,n,2,304.88,3.81,D,0,VIIRS_NOAA20_SP
23.49155,78.58756,331.5,0.43,0.38,2023-10-23,806,N20,VIIRS,n,2,302.79,2.1,D,0,VIIRS_NOAA20_SP
23.52087,79.08222,336.37,0.45,0.39,2023-10-23,806,N20,VIIRS,n,2,303.83,2.18,D,0,VIIRS_NOAA20_SP
23.53422,77.47085,330.59,0.4,0.37,2023-10-23,806,N20,VIIRS,l,2,303.65,1.64,D,0,VIIRS_NOAA20_SP
23.55736,78.92491,333.08,0.45,0.39,2023-10-23,806,N20,VIIRS,n,2,306.19,1.94,D,0,VIIRS_NOAA20_SP
23.56054,78.86627,336.44,0.45,0.39,2023-10-23,806,N20,VIIRS,n,2,305.51,3.3,D,0,VIIRS_NOAA20_SP
23.56612,79.14806,336.6,0.46,0.39,2023-10-23,806,N20,VIIRS,n,2,303.55,3.08,D,0,VIIRS_NOAA20_SP
23.56696,72.35658,335.13,0.47,0.39,2023-10-23,806,N20,VIIRS,n,2,305.27,2.16,D,0,VIIRS_NOAA20_SP
23.56749,78.48952,331.56,0.43,0.38,2023-10-23,806,N20,VIIRS,n,2,302.63,2.33,D,0,VIIRS_NOAA20_SP
23.56812,79.14892,337.71,0.46,0.39,2023-10-23,806,N20,VIIRS,n,2,302.51,3.14,D,0,VIIRS_NOAA20_SP
23.57191,78.9809,331.15,0.45,0.39,2023-10-23,806,N20,VIIRS,n,2,305.29,1.43,D,0,VIIRS_NOAA20_SP
23.58144,78.97047,338.04,0.45,0.39,2023-10-23,806,N20,VIIRS,n,2,304.81,2.85,D,0,VIIRS_NOAA20_SP
23.585,78.96992,337.38,0.45,0.39,2023-10-23,806,N20,VIIRS,n,2,305.53,4.68,D,0,VIIRS_NOAA20_SP
23.59949,70.47941,335.28,0.39,0.44,2023-10-23,806,N20,VIIRS,n,2,305.61,1.94,D,0,VIIRS_NOAA20_SP
23.60758,79.14296,335.94,0.46,0.39,2023-10-23,806,N20,VIIRS,l,2,306.42,3.72,D,0,VIIRS_NOAA20_SP
23.61187,78.41102,333.96,0.43,0.38,2023-10-23,806,N20,VIIRS,n,2,303.14,1.12,D,0,VIIRS_NOAA20_SP
23.62091,79.7953,350.51,0.49,0.4,2023-10-23,806,N20,VIIRS,n,2,303.0,9.65,D,0,VIIRS_NOAA20_SP
23.62652,72.88919,332.18,0.44,0.38,2023-10-23,806,N20,VIIRS,l,2,306.82,2.41,D,0,VIIRS_NOAA20_SP
23.66292,78.76749,333.16,0.44,0.39,2023-10-23,806,N20,VIIRS,n,2,305.82,3.77,D,0,VIIRS_NOAA20_SP
23.66349,78.7718,333.88,0.44,0.39,2023-10-23,806,N20,VIIRS,n,2,304.51,3.77,D,0,VIIRS_NOAA20_SP
23.80685,77.6643,339.58,0.41,0.37,2023-10-23,806,N20,VIIRS,n,2,307.3,2.58,D,0,VIIRS_NOAA20_SP
23.81203,79.11012,345.87,0.46,0.39,2023-10-23,806,N20,VIIRS,n,2,308.62,7.28,D,0,VIIRS_NOAA20_SP
23.94187,78.53349,336.04,0.44,0.38,2023-10-23,806,N20,VIIRS,n,2,306.61,2.64,D,0,VIIRS_NOAA20_SP
23.9459,77.76082,336.81,0.41,0.37,2023-10-23,806,N20,VIIRS,n,2,308.71,3.38,D,0,VIIRS_NOAA20_SP
23.96119,78.33189,331.77,0.43,0.38,2023-10-23,806,N20,VIIRS,l,2,304.81,1.46,D,0,VIIRS_NOAA20_SP
24.02207,78.00984,336.56,0.42,0.38,2023-10-23,806,N20,VIIRS,n,2,307.44,2.72,D,0,VIIRS_NOAA20_SP
24.0383,77.8738,333.88,0.41,0.37,2023-10-23,806,N20,VIIRS,l,2,307.89,1.62,D,0,VIIRS_NOAA20_SP
24.05215,78.15235,332.12,0.42,0.38,2023-10-23,806,N20,VIIRS,n,2,306.53,1.0,D,0,VIIRS_NOAA20_SP
24.08778,78.20608,343.17,0.43,0.38,2023-10-23,806,N20,VIIRS,n,2,308.87,4.54,D,0,VIIRS_NOAA20_SP
24.08983,78.20636,340.87,0.43,0.38,2023-10-23,806,N20,VIIRS,n,2,309.07,5.09,D,0,VIIRS_NOAA20_SP
24.24129,79.64236,338.25,0.49,0.4,2023-10-23,806,N20,VIIRS,n,2,306.19,4.63,D,0,VIIRS_NOAA20_SP
24.24565,77.93316,337.07,0.42,0.38,2023-10-23,806,N20,VIIRS,n,2,305.66,3.82,D,0,VIIRS_NOAA20_SP
24.2553,77.97774,334.93,0.42,0.38,2023-10-23,806,N20,VIIRS,l,2,306.72,5.42,D,0,VIIRS_NOAA20_SP
24.27694,77.35693,331.62,0.4,0.37,2023-10-23,806,N20,VIIRS,n,2,303.2,1.41,D,0,VIIRS_NOAA20_SP
24.30629,77.94478,335.65,0.42,0.38,2023-10-23,806,N20,VIIRS,n,2,307.73,4.08,D,0,VIIRS_NOAA20_SP
24.32676,77.99194,333.33,0.42,0.38,2023-10-23,806,N20,VIIRS,n,2,306.39,2.43,D,0,VIIRS_NOAA20_SP
24.33271,77.90693,333.32,0.42,0.38,2023-10-23,806,N20,VIIRS,n,2,307.07,1.96,D,0,VIIRS_NOAA20_SP
24.33878,78.00268,333.2,0.42,0.38,2023-10-23,806,N20,VIIRS,l,2,306.54,2.2,D,0,VIIRS_NOAA20_SP
24.37038,77.97649,335.46,0.42,0.38,2023-10-23,806,N20,VIIRS,n,2,305.59,1.15,D,0,VIIRS_NOAA20_SP
24.37382,77.97593,336.17,0.42,0.38,2023-10-23,806,N20,VIIRS,n,2,308.47,3.29,D,0,VIIRS_NOAA20_SP
24.37486,77.47861,332.21,0.41,0.37,2023-10-23,806,N20,VIIRS,n,2,305.74,1.44,D,0,VIIRS_NOAA20_SP
24.39473,77.34933,336.51,0.4,0.37,2023-10-23,806,N20,VIIRS,n,2,304.89,4.26,D,0,VIIRS_NOAA20_SP
24.40254,77.42917,337.54,0.41,0.37,2023-10-23,806,N20,VIIRS,n,2,303.61,3.04,D,0,VIIRS_NOAA20_SP
24.44086,77.57435,334.55,0.41,0.37,2023-10-23,806,N20,VIIRS,l,2,308.01,2.21,D,0,VIIRS_NOAA20_SP
24.47087,77.56528,331.84,0.41,0.37,2023-10-23,806,N20,VIIRS,n,2,304.06,2.49,D,0,VIIRS_NOAA20_SP
24.49207,77.69388,342.95,0.41,0.37,2023-10-23,806,N20,VIIRS,n,2,304.3,5.52,D,0,VIIRS_NOAA20_SP
24.49548,77.69333,345.32,0.41,0.37,2023-10-23,806,N20,VIIRS,n,2,302.85,8.82,D,0,VIIRS_NOAA20_SP
24.51183,78.07309,332.71,0.42,0.38,2023-10-23,806,N20,VIIRS,l,2,304.15,2.07,D,0,VIIRS_NOAA20_SP
24.51906,77.01204,333.68,0.4,0.37,2023-10-23,806,N20,VIIRS,n,2,305.17,1.59,D,0,VIIRS_NOAA20_SP
24.52591,77.25564,338.23,0.4,0.37,2023-10-23,806,N20,VIIRS,n,2,305.25,2.54,D,0,VIIRS_NOAA20_SP
24.54502,77.95315,333.76,0.42,0.38,2023-10-23,806,N20,VIIRS,n,2,306.15,1.81,D,0,VIIRS_NOAA20_SP
24.57148,77.13927,335.89,0.4,0.37,2023-10-23,806,N20,VIIRS,l,2,308.4,2.13,D,0,VIIRS_NOAA20_SP
24.6179,80.25905,330.28,0.53,0.42,2023-10-23,806,N20,VIIRS,l,2,304.69,6.06,D,0,VIIRS_NOAA20_SP
24.61853,80.2643,332.45,0.53,0.42,2023-10-23,806,N20,VIIRS,n,2,301.93,6.06,D,0,VIIRS_NOAA20_SP
24.62271,76.93082,336.39,0.4,0.37,2023-10-23,806,N20,VIIRS,l,2,310.68,2.95,D,0,VIIRS_NOAA20_SP
24.66667,77.14353,335.95,0.4,0.37,2023-10-23,806,N20,VIIRS,l,2,309.69,2.34,D,0,VIIRS_NOAA20_SP
24.68126,77.00467,336.28,0.4,0.37,2023-10-23,806,N20,VIIRS,n,2,305.57,3.0,D,0,VIIRS_NOAA20_SP
24.693,76.9752,336.43,0.4,0.37,2023-10-23,806,N20,VIIRS,n,2,305.64,2.43,D,0,VIIRS_NOAA20_SP
24.70325,77.146,341.9,0.4,0.37,2023-10-23,806,N20,VIIRS,n,2,306.99,3.21,D,0,VIIRS_NOAA20_SP
24.73335,77.42042,342.86,0.41,0.37,2023-10-23,806,N20,VIIRS,n,2,309.65,4.55,D,0,VIIRS_NOAA20_SP
24.73956,77.4153,337.27,0.41,0.37,2023-10-23,806,N20,VIIRS,n,2,307.2,3.16,D,0,VIIRS_NOAA20_SP
24.74172,80.95994,330.01,0.39,0.44,2023-10-23,806,N20,VIIRS,l,2,303.17,1.71,D,0,VIIRS_NOAA20_SP
24.74585,77.13076,334.66,0.4,0.37,2023-10-23,806,N20,VIIRS,n,2,305.44,2.79,D,0,VIIRS_NOAA20_SP
24.7464,77.13469,333.73,0.4,0.37,2023-10-23,806,N20,VIIRS,n,2,306.97,2.79,D,0,VIIRS_NOAA20_SP
24.74932,77.03368,339.49,0.4,0.37,2023-10-23,806,N20,VIIRS,n,2,309.64,5.33,D,0,VIIRS_NOAA20_SP
24.7604,77.13635,336.72,0.4,0.37,2023-10-23,806,N20,VIIRS,n,2,305.43,3.55,D,0,VIIRS_NOAA20_SP
24.81679,77.46478,345.2,0.41,0.37,2023-10-23,806,N20,VIIRS,n,2,309.12,5.04,D,0,VIIRS_NOAA20_SP
24.83005,76.86349,330.89,0.4,0.37,2023-10-23,806,N20,VIIRS,l,2,305.21,0.95,D,0,VIIRS_NOAA20_SP
24.83055,76.93922,333.14,0.4,0.37,2023-10-23,806,N20,VIIRS,l,2,306.38,1.11,D,0,VIIRS_NOAA20_SP
24.83809,77.13882,333.93,0.4,0.37,2023-10-23,806,N20,VIIRS,l,2,307.29,2.61,D,0,VIIRS_NOAA20_SP
24.85621,76.95086,333.73,0.4,0.37,2023-10-23,806,N20,VIIRS,n,2,305.68,2.88,D,0,VIIRS_NOAA20_SP
24.86462,76.21181,334.59,0.39,0.36,2023-10-23,806,N20,VIIRS,n,2,306.14,2.59,D,0,VIIRS_NOAA20_SP
24.87238,77.01625,335.42,0.4,0.37,2023-10-23,806,N20,VIIRS,l,2,306.54,5.85,D,0,VIIRS_NOAA20_SP
24.8727,77.23833,344.65,0.4,0.37,2023-10-23,806,N20,VIIRS,n,2,309.92,7.57,D,0,VIIRS_NOAA20_SP
24.874,77.10049,339.18,0.4,0.37,2023-10-23,806,N20,VIIRS,n,2,304.3,2.69,D,0,VIIRS_NOAA20_SP
24.87737,77.09991,333.54,0.4,0.37,2023-10-23,806,N20,VIIRS,n,2,304.73,2.69,D,0,VIIRS_NOAA20_SP
24.88296,77.11512,336.25,0.4,0.37,2023-10-23,806,N20,VIIRS,l,2,307.35,2.21,D,0,VIIRS_NOAA20_SP
24.89804,77.19751,338.05,0.4,0.37,2023-10-23,806,N20,VIIRS,l,2,311.44,4.67,D,0,VIIRS_NOAA20_SP
24.90424,77.16813,334.96,0.4,0.37,2023-10-23,806,N20,VIIRS,l,2,306.95,1.8,D,0,VIIRS_NOAA20_SP
24.91208,77.1992,335.58,0.4,0.37,2023-10-23,806,N20,VIIRS,l,2,310.03,3.71,D,0,VIIRS_NOAA20_SP
24.91264,77.20316,336.78,0.4,0.37,2023-10-23,806,N20,VIIRS,n,2,309.08,3.71,D,0,VIIRS_NOAA20_SP
24.91946,77.78055,330.78,0.42,0.38,2023-10-23,806,N20,VIIRS,l,2,305.66,3.16,D,0,VIIRS_NOAA20_SP
24.92014,77.07307,336.05,0.4,0.37,2023-10-23,806,N20,VIIRS,n,2,306.29,2.73,D,0,VIIRS_NOAA20_SP
24.92332,77.20544,344.42,0.4,0.37,2023-10-23,806,N20,VIIRS,n,2,307.62,3.64,D,0,VIIRS_NOAA20_SP
24.9235,77.07249,343.53,0.4,0.37,2023-10-23,806,N20,VIIRS,n,2,306.46,4.41,D,0,VIIRS_NOAA20_SP
24.92444,77.18903,347.55,0.4,0.37,2023-10-23,806,N20,VIIRS,n,2,308.63,5.58,D,0,VIIRS_NOAA20_SP
24.92565,77.11251,338.04,0.4,0.37,2023-10-23,806,N20,VIIRS,l,2,308.84,5.67,D,0,VIIRS_NOAA20_SP
24.92602,77.18939,341.52,0.4,0.37,2023-10-23,806,N20,VIIRS,n,2,308.87,5.41,D,0,VIIRS_NOAA20_SP
24.92683,77.60358,330.04,0.41,0.37,2023-10-23,806,N20,VIIRS,l,2,304.82,1.02,D,0,VIIRS_NOAA20_SP
24.94433,76.13134,344.19,0.39,0.36,2023-10-23,806,N20,VIIRS,n,2,310.19,3.89,D,0,VIIRS_NOAA20_SP
24.94713,76.15034,331.5,0.39,0.36,2023-10-23,806,N20,VIIRS,l,2,304.58,1.24,D,0,VIIRS_NOAA20_SP
24.94744,76.06063,331.14,0.39,0.36,2023-10-23,806,N20,VIIRS,l,2,305.94,1.7,D,0,VIIRS_NOAA20_SP
24.95522,77.63223,343.33,0.41,0.37,2023-10-23,806,N20,VIIRS,n,2,309.38,4.24,D,0,VIIRS_NOAA20_SP
24.96047,77.06628,340.64,0.4,0.37,2023-10-23,806,N20,VIIRS,n,2,307.65,3.19,D,0,VIIRS_NOAA20_SP
24.96111,76.9736,335.27,0.4,0.37,2023-10-23,806,N20,VIIRS,n,2,307.15,2.61,D,0,VIIRS_NOAA20_SP
24.97306,76.16526,338.55,0.39,0.36,2023-10-23,806,N20,VIIRS,n,2,304.38,3.53,D,0,VIIRS_NOAA20_SP
24.97572,77.62887,336.26,0.41,0.37,2023-10-23,806,N20,VIIRS,n,2,307.84,2.2,D,0,VIIRS_NOAA20_SP
24.97674,77.73755,342.73,0.42,0.37,2023-10-23,806,N20,VIIRS,n,2,309.41,4.53,D,0,VIIRS_NOAA20_SP
24.97802,77.59515,343.29,0.41,0.37,2023-10-23,806,N20,VIIRS,n,2,309.19,4.29,D,0,VIIRS_NOAA20_SP
24.98333,76.09712,337.76,0.39,0.36,2023-10-23,806,N20,VIIRS,n,2,307.5,3.89,D,0,VIIRS_NOAA20_SP
24.98403,76.96571,336.02,0.4,0.37,2023-10-23,806,N20,VIIRS,n,2,306.52,2.48,D,0,VIIRS_NOAA20_SP
24.98794,76.96906,342.25,0.4,0.37,2023-10-23,806,N20,VIIRS,n,2,307.98,6.31,D,0,VIIRS_NOAA20_SP
24.99271,77.32119,344.56,0.41,0.37,2023-10-23,806,N20,VIIRS,n,2,308.94,5.1,D,0,VIIRS_NOAA20_SP
24.99675,77.73011,338.7,0.42,0.37,2023-10-23,806,N20,VIIRS,n,2,310.73,8.22,D,0,VIIRS_NOAA20_SP
24.99998,77.7305,335.62,0.42,0.37,2023-10-23,806,N20,VIIRS,n,2,307.57,2.13,D,0,VIIRS_NOAA20_SP
25.00243,77.16842,335.24,0.4,0.37,2023-10-23,806,N20,VIIRS,n,2,308.51,2.43,D,0,VIIRS_NOAA20_SP
25.00639,77.09886,336.6,0.4,0.37,2023-10-23,806,N20,VIIRS,l,2,308.81,4.47,D,0,VIIRS_NOAA20_SP
25.01362,77.29726,336.22,0.41,0.37,2023-10-23,806,N20,VIIRS,l,2,307.56,4.48,D,0,VIIRS_NOAA20_SP
25.0153,77.30925,338.82,0.41,0.37,2023-10-23,806,N20,VIIRS,n,2,308.99,3.67,D,0,VIIRS_NOAA20_SP
25.03955,76.95642,352.63,0.4,0.37,2023-10-23,806,N20,VIIRS,n,2,306.33,5.96,D,0,VIIRS_NOAA20_SP
25.04578,77.88821,335.57,0.42,0.38,2023-10-23,806,N20,VIIRS,l,2,307.22,5.42,D,0,VIIRS_NOAA20_SP
25.04912,76.71108,338.73,0.39,0.36,2023-10-23,806,N20,VIIRS,l,2,310.67,10.43,D,0,VIIRS_NOAA20_SP
25.06228,77.11802,334.62,0.4,0.37,2023-10-23,806,N20,VIIRS,l,2,307.5,1.55,D,0,VIIRS_NOAA20_SP
25.06299,77.00072,347.64,0.4,0.37,2023-10-23,806,N20,VIIRS,n,2,307.95,7.42,D,0,VIIRS_NOAA20_SP
25.06303,76.7365,335.95,0.39,0.37,2023-10-23,806,N20,VIIRS,n,2,307.64,1.79,D,0,VIIRS_NOAA20_SP
25.06306,76.83222,333.57,0.4,0.37,2023-10-23,806,N20,VIIRS,l,2,303.9,1.72,D,0,VIIRS_NOAA20_SP
25.0881,77.10554,334.34,0.4,0.37,2023-10-23,806,N20,VIIRS,l,2,306.1,2.21,D,0,VIIRS_NOAA20_SP
25.09934,77.06315,330.31,0.4,0.37,2023-10-23,806,N20,VIIRS,l,2,302.94,1.97,D,0,VIIRS_NOAA20_SP
25.10221,77.83653,330.07,0.42,0.38,2023-10-23,806,N20,VIIRS,l,2,304.66,0.91,D,0,VIIRS_NOAA20_SP
25.10831,77.02932,346.73,0.4,0.37,2023-10-23,806,N20,VIIRS,n,2,307.06,6.41,D,0,VIIRS_NOAA20_SP
25.11783,77.14519,335.52,0.4,0.37,2023-10-23,806,N20,VIIRS,n,2,306.33,1.6,D,0,VIIRS_NOAA20_SP
25.12724,77.63881,334.93,0.42,0.37,2023-10-23,806,N20,VIIRS,n,2,307.76,3.42,D,0,VIIRS_NOAA20_SP
25.17459,77.62682,337.0,0.42,0.37,2023-10-23,806,N20,VIIRS,n,2,305.79,4.24,D,0,VIIRS_NOAA20_SP
25.39041,81.31894,331.45,0.42,0.45,2023-10-23,806,N20,VIIRS,n,2,297.49,3.34,D,0,VIIRS_NOAA20_SP
25.39999,81.25507,333.08,0.41,0.45,2023-10-23,806,N20,VIIRS,n,2,302.11,2.69,D,0,VIIRS_NOAA20_SP
25.47093,81.38099,331.85,0.42,0.45,2023-10-23,806,N20,VIIRS,n,2,299.96,1.89,D,0,VIIRS_NOAA20_SP
25.59694,81.2467,342.17,0.41,0.45,2023-10-23,806,N20,VIIRS,n,2,300.82,6.3,D,0,VIIRS_NOAA20_SP
24.07819,69.30949,342.12,0.44,0.46,2023-10-23,807,N20,VIIRS,n,2,309.73,4.15,D,0,VIIRS_NOAA20_SP
24.13446,69.50785,347.16,0.43,0.46,2023-10-23,807,N20,VIIRS,n,2,310.34,6.84,D,0,VIIRS_NOAA20_SP
25.11252,75.8912,340.34,0.39,0.36,2023-10-23,807,N20,VIIRS,n,2,308.52,3.43,D,0,VIIRS_NOAA20_SP
25.12161,76.9149,337.52,0.4,0.37,2023-10-23,807,N20,VIIRS,n,2,309.43,4.09,D,0,VIIRS_NOAA20_SP
25.12718,76.93002,342.69,0.4,0.37,2023-10-23,807,N20,VIIRS,n,2,307.31,6.88,D,0,VIIRS_NOAA20_SP
25.1393,76.25754,336.88,0.39,0.36,2023-10-23,807,N20,VIIRS,n,2,309.16,3.31,D,0,VIIRS_NOAA20_SP
25.14565,76.89074,337.67,0.4,0.37,2023-10-23,807,N20,VIIRS,n,2,306.49,3.51,D,0,VIIRS_NOAA20_SP
25.15806,72.52895,337.03,0.44,0.38,2023-10-23,807,N20,VIIRS,n,2,305.8,3.0,D,0,VIIRS_NOAA20_SP
25.19478,76.14977,342.92,0.39,0.36,2023-10-23,807,N20,VIIRS,n,2,309.01,5.9,D,0,VIIRS_NOAA20_SP
25.19971,77.1523,342.18,0.4,0.37,2023-10-23,807,N20,VIIRS,n,2,310.2,3.51,D,0,VIIRS_NOAA20_SP
25.20808,75.9166,334.1,0.39,0.36,2023-10-23,807,N20,VIIRS,l,2,306.75,1.81,D,0,VIIRS_NOAA20_SP
25.21354,76.11478,335.44,0.39,0.36,2023-10-23,807,N20,VIIRS,n,2,309.33,1.29,D,0,VIIRS_NOAA20_SP
25.21949,76.06289,331.14,0.39,0.36,2023-10-23,807,N20,VIIRS,l,2,305.66,1.39,D,0,VIIRS_NOAA20_SP
25.22038,76.65427,336.27,0.39,0.36,2023-10-23,807,N20,VIIRS,n,2,302.23,1.21,D,0,VIIRS_NOAA20_SP
25.2261,76.06171,333.9,0.39,0.36,2023-10-23,807,N20,VIIRS,l,2,304.93,4.16,D,0,VIIRS_NOAA20_SP
25.23015,75.79188,334.98,0.38,0.36,2023-10-23,807,N20,VIIRS,n,2,304.94,2.15,D,0,VIIRS_NOAA20_SP
25.25873,76.87561,337.1,0.4,0.37,2023-10-23,807,N20,VIIRS,l,2,308.39,3.77,D,0,VIIRS_NOAA20_SP
25.26025,76.06347,341.22,0.39,0.36,2023-10-23,807,N20,VIIRS,n,2,309.29,2.78,D,0,VIIRS_NOAA20_SP
25.26093,75.93053,334.75,0.39,0.36,2023-10-23,807,N20,VIIRS,n,2,306.92,1.99,D,0,VIIRS_NOAA20_SP
25.26815,76.96662,336.98,0.4,0.37,2023-10-23,807,N20,VIIRS,n,2,307.13,3.93,D,0,VIIRS_NOAA20_SP
25.26824,77.82822,335.56,0.42,0.38,2023-10-23,807,N20,VIIRS,n,2,306.49,2.53,D,0,VIIRS_NOAA20_SP
25.27186,77.11592,346.66,0.4,0.37,2023-10-23,807,N20,VIIRS,n,2,306.11,5.29,D,0,VIIRS_NOAA20_SP
25.27523,77.11534,345.24,0.4,0.37,2023-10-23,807,N20,VIIRS,n,2,307.5,5.47,D,0,VIIRS_NOAA20_SP
25.278,69.30569,336.0,0.42,0.45,2023-10-23,807,N20,VIIRS,n,2,305.26,1.49,D,0,VIIRS_NOAA20_SP
25.27916,77.11876,334.01,0.4,0.37,2023-10-23,807,N20,VIIRS,n,2,306.86,5.47,D,0,VIIRS_NOAA20_SP
25.28333,75.82895,333.44,0.39,0.36,2023-10-23,807,N20,VIIRS,l,2,304.58,1.28,D,0,VIIRS_NOAA20_SP
25.29855,75.6588,338.71,0.38,0.36,2023-10-23,807,N20,VIIRS,n,2,304.08,2.63,D,0,VIIRS_NOAA20_SP
25.30502,77.10626,333.28,0.4,0.37,2023-10-23,807,N20,VIIRS,l,2,304.19,1.16,D,0,VIIRS_NOAA20_SP
25.32455,75.99332,334.02,0.39,0.36,2023-10-23,807,N20,VIIRS,n,2,305.97,1.74,D,0,VIIRS_NOAA20_SP
25.33585,75.90927,345.42,0.39,0.36,2023-10-23,807,N20,VIIRS,n,2,308.29,7.63,D,0,VIIRS_NOAA20_SP
25.34132,75.90047,340.07,0.39,0.36,2023-10-23,807,N20,VIIRS,n,2,308.13,6.7,D,0,VIIRS_NOAA20_SP
25.35065,76.52016,342.4,0.39,0.36,2023-10-23,807,N20,VIIRS,n,2,309.95,4.48,D,0,VIIRS_NOAA20_SP
25.36525,77.20693,335.75,0.41,0.37,2023-10-23,807,N20,VIIRS,n,2,309.05,1.17,D,0,VIIRS_NOAA20_SP
25.37351,75.98067,345.59,0.39,0.36,2023-10-23,807,N20,VIIRS,n,2,307.29,4.41,D,0,VIIRS_NOAA20_SP
25.37391,75.9376,346.71,0.39,0.36,2023-10-23,807,N20,VIIRS,n,2,306.09,8.31,D,0,VIIRS_NOAA20_SP
25.37471,76.68729,332.13,0.4,0.37,2023-10-23,807,N20,VIIRS,l,2,305.51,2.64,D,0,VIIRS_NOAA20_SP
25.37525,76.66723,349.19,0.39,0.37,2023-10-23,807,N20,VIIRS,n,2,312.49,11.84,D,0,VIIRS_NOAA20_SP
25.37694,75.86676,335.56,0.39,0.36,2023-10-23,807,N20,VIIRS,n,2,306.07,2.37,D,0,VIIRS_NOAA20_SP
25.38003,75.95605,336.03,0.39,0.36,2023-10-23,807,N20,VIIRS,n,2,305.5,3.26,D,0,VIIRS_NOAA20_SP
25.38187,76.01439,335.34,0.39,0.36,2023-10-23,807,N20,VIIRS,n,2,304.57,4.89,D,0,VIIRS_NOAA20_SP
25.38307,76.69785,345.07,0.4,0.37,2023-10-23,807,N20,VIIRS,n,2,305.96,4.22,D,0,VIIRS_NOAA20_SP
25.38641,76.69727,336.25,0.4,0.37,2023-10-23,807,N20,VIIRS,n,2,306.25,3.29,D,0,VIIRS_NOAA20_SP
25.39444,75.98476,346.17,0.39,0.36,2023-10-23,807,N20,VIIRS,n,2,309.37,14.75,D,0,VIIRS_NOAA20_SP
25.39742,73.11477,332.95,0.42,0.37,2023-10-23,807,N20,VIIRS,l,2,307.74,2.09,D,0,VIIRS_NOAA20_SP
25.41175,76.05606,330.97,0.39,0.36,2023-10-23,807,N20,VIIRS,l,2,305.39,1.64,D,0,VIIRS_NOAA20_SP
25.41618,75.96947,337.22,0.39,0.36,2023-10-23,807,N20,VIIRS,n,2,307.14,3.89,D,0,VIIRS_NOAA20_SP
25.41742,76.02406,335.16,0.39,0.36,2023-10-23,807,N20,VIIRS,n,2,305.5,2.27,D,0,VIIRS_NOAA20_SP
25.42738,76.04579,344.11,0.39,0.36,2023-10-23,807,N20,VIIRS,n,2,311.34,10.32,D,0,VIIRS_NOAA20_SP
25.42789,76.02612,335.73,0.39,0.36,2023-10-23,807,N20,VIIRS,l,2,306.52,3.3,D,0,VIIRS_NOAA20_SP
25.4312,77.10935,331.23,0.4,0.37,2023-10-23,807,N20,VIIRS,n,2,304.66,2.57,D,0,VIIRS_NOAA20_SP
25.43689,76.89359,340.48,0.4,0.37,2023-10-23,807,N20,VIIRS,n,2,307.84,3.7,D,0,VIIRS_NOAA20_SP
25.44767,76.67881,334.33,0.4,0.37,2023-10-23,807,N20,VIIRS,l,2,304.57,4.22,D,0,VIIRS_NOAA20_SP
25.44775,75.86218,333.07,0.39,0.36,2023-10-23,807,N20,VIIRS,l,2,306.88,1.22,D,0,VIIRS_NOAA20_SP
25.44879,76.68662,343.79,0.4,0.37,2023-10-23,807,N20,VIIRS,n,2,307.24,8.54,D,0,VIIRS_NOAA20_SP
25.45157,76.02581,330.79,0.39,0.36,2023-10-23,807,N20,VIIRS,l,2,304.63,1.98,D,0,VIIRS_NOAA20_SP
25.45714,78.70794,331.62,0.46,0.39,2023-10-23,807,N20,VIIRS,l,2,303.48,1.65,D,0,VIIRS_NOAA20_SP
25.45856,78.7044,337.64,0.46,0.39,2023-10-23,807,N20,VIIRS,n,2,303.43,2.53,D,0,VIIRS_NOAA20_SP
25.45881,76.75704,345.04,0.4,0.37,2023-10-23,807,N20,VIIRS,n,2,307.96,4.05,D,0,VIIRS_NOAA20_SP
25.46215,76.75647,353.76,0.4,0.37,2023-10-23,807,N20,VIIRS,n,2,308.62,7.42,D,0,VIIRS_NOAA20_SP
25.46323,76.05903,338.2,0.39,0.36,2023-10-23,807,N20,VIIRS,n,2,308.53,5.69,D,0,VIIRS_NOAA20_SP
25.46777,76.11316,334.93,0.39,0.36,2023-10-23,807,N20,VIIRS,l,2,307.24,3.54,D,0,VIIRS_NOAA20_SP
25.47202,76.04961,347.68,0.39,0.36,2023-10-23,807,N20,VIIRS,n,2,308.71,9.47,D,0,VIIRS_NOAA20_SP
25.47258,76.05343,330.97,0.39,0.36,2023-10-23,807,N20,VIIRS,l,2,305.63,2.0,D,0,VIIRS_NOAA20_SP
25.47661,76.66582,333.28,0.4,0.37,2023-10-23,807,N20,VIIRS,l,2,305.73,1.63,D,0,VIIRS_NOAA20_SP
25.48145,76.51385,335.42,0.39,0.36,2023-10-23,807,N20,VIIRS,n,2,306.94,2.02,D,0,VIIRS_NOAA20_SP
25.4825,78.69144,336.0,0.46,0.39,2023-10-23,807,N20,VIIRS,n,2,299.78,3.11,D,0,VIIRS_NOAA20_SP
25.48468,76.04343,336.81,0.39,0.36,2023-10-23,807,N20,VIIRS,n,2,306.91,2.12,D,0,VIIRS_NOAA20_SP
25.48524,76.04725,338.77,0.39,0.36,2023-10-23,807,N20,VIIRS,n,2,306.23,2.12,D,0,VIIRS_NOAA20_SP
25.48636,76.05491,346.28,0.39,0.36,2023-10-23,807,N20,VIIRS,n,2,308.36,5.66,D,0,VIIRS_NOAA20_SP
25.48646,78.7511,336.04,0.46,0.39,2023-10-23,807,N20,VIIRS,n,2,304.04,3.54,D,0,VIIRS_NOAA20_SP
25.49541,76.13969,336.16,0.39,0.36,2023-10-23,807,N20,VIIRS,l,2,306.43,8.65,D,0,VIIRS_NOAA20_SP
25.49759,76.13145,338.51,0.39,0.36,2023-10-23,807,N20,VIIRS,n,2,307.46,2.22,D,0,VIIRS_NOAA20_SP
25.49816,76.13527,343.86,0.39,0.36,2023-10-23,807,N20,VIIRS,n,2,307.26,8.65,D,0,VIIRS_NOAA20_SP
25.49872,76.13911,335.98,0.39,0.36,2023-10-23,807,N20,VIIRS,n,2,305.74,8.65,D,0,VIIRS_NOAA20_SP
25.5025,76.63789,346.66,0.39,0.37,2023-10-23,807,N20,VIIRS,n,2,307.22,7.43,D,0,VIIRS_NOAA20_SP
25.50778,78.83194,337.23,0.46,0.39,2023-10-23,807,N20,VIIRS,n,2,303.92,3.1,D,0,VIIRS_NOAA20_SP
25.50869,78.72443,333.09,0.46,0.39,2023-10-23,807,N20,VIIRS,n,2,303.71,2.45,D,0,VIIRS_NOAA20_SP
25.50939,78.23042,340.08,0.44,0.38,2023-10-23,807,N20,VIIRS,n,2,309.03,3.69,D,0,VIIRS_NOAA20_SP
25.51695,76.6674,336.47,0.4,0.37,2023-10-23,807,N20,VIIRS,n,2,304.89,5.46,D,0,VIIRS_NOAA20_SP
25.53135,76.45744,345.89,0.39,0.36,2023-10-23,807,N20,VIIRS,n,2,310.75,6.44,D,0,VIIRS_NOAA20_SP
25.53253,76.68073,336.19,0.4,0.37,2023-10-23,807,N20,VIIRS,n,2,309.63,2.61,D,0,VIIRS_NOAA20_SP
25.54141,78.28316,334.46,0.44,0.38,2023-10-23,807,N20,VIIRS,n,2,306.01,2.53,D,0,VIIRS_NOAA20_SP
25.54279,78.7331,346.74,0.46,0.39,2023-10-23,807,N20,VIIRS,n,2,306.94,22.5,D,0,VIIRS_NOAA20_SP
25.54367,76.63875,334.54,0.39,0.37,2023-10-23,807,N20,VIIRS,l,2,306.14,4.51,D,0,VIIRS_NOAA20_SP
25.54701,76.66219,344.34,0.4,0.37,2023-10-23,807,N20,VIIRS,n,2,308.33,4.44,D,0,VIIRS_NOAA20_SP
25.54762,78.68595,334.96,0.46,0.39,2023-10-23,807,N20,VIIRS,n,2,303.09,3.55,D,0,VIIRS_NOAA20_SP
25.55114,76.24412,341.43,0.39,0.36,2023-10-23,807,N20,VIIRS,n,2,310.89,5.86,D,0,VIIRS_NOAA20_SP
25.57094,78.83632,334.01,0.46,0.39,2023-10-23,807,N20,VIIRS,l,2,304.04,4.18,D,0,VIIRS_NOAA20_SP
25.57097,76.75847,340.63,0.4,0.37,2023-10-23,807,N20,VIIRS,n,2,308.55,5.98,D,0,VIIRS_NOAA20_SP
25.57645,76.58109,345.65,0.39,0.36,2023-10-23,807,N20,VIIRS,n,2,307.21,10.3,D,0,VIIRS_NOAA20_SP
25.58866,75.98953,332.43,0.39,0.36,2023-10-23,807,N20,VIIRS,n,2,305.78,0.92,D,0,VIIRS_NOAA20_SP
25.59103,76.70676,346.45,0.4,0.37,2023-10-23,807,N20,VIIRS,n,2,310.92,16.87,D,0,VIIRS_NOAA20_SP
25.5969,78.95063,332.36,0.47,0.4,2023-10-23,807,N20,VIIRS,n,2,303.86,1.29,D,0,VIIRS_NOAA20_SP
25.60143,79.42834,333.55,0.5,0.41,2023-10-23,807,N20,VIIRS,n,2,305.28,2.88,D,0,VIIRS_NOAA20_SP
25.6249,76.73731,336.17,0.4,0.37,2023-10-23,807,N20,VIIRS,n,2,308.16,2.89,D,0,VIIRS_NOAA20_SP
25.63132,77.03979,335.18,0.4,0.37,2023-10-23,807,N20,VIIRS,n,2,306.38,3.02,D,0,VIIRS_NOAA20_SP
25.65114,76.60826,345.27,0.39,0.37,2023-10-23,807,N20,VIIRS,n,2,307.68,5.47,D,0,VIIRS_NOAA20_SP
25.66105,78.54137,341.41,0.45,0.39,2023-10-23,807,N20,VIIRS,n,2,304.34,3.63,D,0,VIIRS_NOAA20_SP
25.67165,78.5673,332.96,0.45,0.39,2023-10-23,807,N20,VIIRS,n,2,302.69,4.1,D,0,VIIRS_NOAA20_SP
25.67887,76.5155,336.01,0.39,0.36,2023-10-23,807,N20,VIIRS,n,2,306.21,2.19,D,0,VIIRS_NOAA20_SP
25.73301,78.37239,341.95,0.45,0.39,2023-10-23,807,N20,VIIRS,n,2,306.13,6.82,D,0,VIIRS_NOAA20_SP
25.7331,78.37082,334.39,0.45,0.39,2023-10-23,807,N20,VIIRS,l,2,305.06,3.19,D,0,VIIRS_NOAA20_SP
25.73487,76.65049,344.81,0.4,0.37,2023-10-23,807,N20,VIIRS,n,2,307.76,5.73,D,0,VIIRS_NOAA20_SP
25.73815,76.43378,344.38,0.39,0.36,2023-10-23,807,N20,VIIRS,n,2,306.2,4.19,D,0,VIIRS_NOAA20_SP
25.74099,76.66955,343.0,0.4,0.37,2023-10-23,807,N20,VIIRS,n,2,306.73,3.64,D,0,VIIRS_NOAA20_SP
25.74207,78.16473,330.63,0.44,0.38,2023-10-23,807,N20,VIIRS,n,2,305.02,2.08,D,0,VIIRS_NOAA20_SP
25.74876,76.7246,334.27,0.4,0.37,2023-10-23,807,N20,VIIRS,l,2,307.08,2.39,D,0,VIIRS_NOAA20_SP
25.75024,78.47887,335.14,0.45,0.39,2023-10-23,807,N20,VIIRS,n,2,302.92,4.44,D,0,VIIRS_NOAA20_SP
25.75144,78.4816,334.64,0.45,0.39,2023-10-23,807,N20,VIIRS,n,2,303.65,3.54,D,0,VIIRS_NOAA20_SP
25.75586,68.40594,330.99,0.47,0.47,2023-10-23,807,N20,VIIRS,l,2,303.06,1.89,D,0,VIIRS_NOAA20_SP
25.77265,78.512,330.43,0.45,0.39,2023-10-23,807,N20,VIIRS,l,2,301.96,4.08,D,0,VIIRS_NOAA20_SP
25.77621,78.51144,333.07,0.45,0.39,2023-10-23,807,N20,VIIRS,n,2,302.35,4.08,D,0,VIIRS_NOAA20_SP
25.78423,73.32372,347.56,0.41,0.37,2023-10-23,807,N20,VIIRS,n,2,304.38,4.63,D,0,VIIRS_NOAA20_SP
25.78666,78.39567,334.62,0.45,0.39,2023-10-23,807,N20,VIIRS,n,2,304.33,7.36,D,0,VIIRS_NOAA20_SP
25.82473,76.77621,336.62,0.4,0.37,2023-10-23,807,N20,VIIRS,l,2,309.07,4.74,D,0,VIIRS_NOAA20_SP
25.83556,78.19089,334.67,0.44,0.38,2023-10-23,807,N20,VIIRS,n,2,302.89,4.97,D,0,VIIRS_NOAA20_SP
25.83945,80.7233,330.43,0.39,0.44,2023-10-23,807,N20,VIIRS,n,2,299.44,2.42,D,0,VIIRS_NOAA20_SP
25.84153,78.56569,332.72,0.46,0.39,2023-10-23,807,N20,VIIRS,n,2,301.06,3.96,D,0,VIIRS_NOAA20_SP
25.84744,78.61106,336.03,0.46,0.39,2023-10-23,807,N20,VIIRS,n,2,301.46,5.23,D,0,VIIRS_NOAA20_SP
25.86223,76.76121,335.87,0.4,0.37,2023-10-23,807,N20,VIIRS,n,2,305.21,2.14,D,0,VIIRS_NOAA20_SP
25.88744,78.892,335.58,0.47,0.4,2023-10-23,807,N20,VIIRS,n,2,303.23,4.94,D,0,VIIRS_NOAA20_SP
25.89187,76.75208,335.05,0.4,0.37,2023-10-23,807,N20,VIIRS,n,2,305.04,2.06,D,0,VIIRS_NOAA20_SP
25.90017,78.02959,331.46,0.43,0.38,2023-10-23,807,N20,VIIRS,n,2,299.44,2.27,D,0,VIIRS_NOAA20_SP
25.90233,78.51134,335.8,0.45,0.39,2023-10-23,807,N20,VIIRS,l,2,306.79,4.9,D,0,VIIRS_NOAA20_SP
25.9069,78.57533,334.01,0.46,0.39,2023-10-23,807,N20,VIIRS,n,2,303.05,6.85,D,0,VIIRS_NOAA20_SP
25.90773,78.4967,337.12,0.45,0.39,2023-10-23,807,N20,VIIRS,n,2,303.8,4.59,D,0,VIIRS_NOAA20_SP
25.91351,68.33105,345.49,0.47,0.48,2023-10-23,807,N20,VIIRS,n,2,300.28,5.63,D,0,VIIRS_NOAA20_SP
25.92225,78.63802,345.39,0.46,0.39,2023-10-23,807,N20,VIIRS,n,2,302.5,6.21,D,0,VIIRS_NOAA20_SP
25.92429,78.54021,330.7,0.45,0.39,2023-10-23,807,N20,VIIRS,l,2,304.55,2.31,D,0,VIIRS_NOAA20_SP
25.92509,78.68898,335.04,0.46,0.39,2023-10-23,807,N20,VIIRS,n,2,300.63,4.69,D,0,VIIRS_NOAA20_SP
25.93596,76.63588,332.89,0.4,0.37,2023-10-23,807,N20,VIIRS,l,2,306.44,2.66,D,0,VIIRS_NOAA20_SP
25.93649,78.69192,333.12,0.46,0.39,2023-10-23,807,N20,VIIRS,n,2,303.57,3.22,D,0,VIIRS_NOAA20_SP
25.93921,77.8056,330.82,0.43,0.38,2023-10-23,807,N20,VIIRS,l,2,305.79,1.17,D,0,VIIRS_NOAA20_SP
25.9421,76.63078,335.51,0.4,0.37,2023-10-23,807,N20,VIIRS,n,2,303.88,4.33,D,0,VIIRS_NOAA20_SP
25.95114,78.49449,341.22,0.45,0.39,2023-10-23,807,N20,VIIRS,n,2,304.2,5.78,D,0,VIIRS_NOAA20_SP
25.96505,68.44366,334.68,0.46,0.47,2023-10-23,807,N20,VIIRS,n,2,301.14,3.11,D,0,VIIRS_NOAA20_SP
25.96505,69.28288,335.42,0.41,0.45,2023-10-23,807,N20,VIIRS,n,2,305.64,2.0,D,0,VIIRS_NOAA20_SP
25.96941,76.6543,330.18,0.4,0.37,2023-10-23,807,N20,VIIRS,l,2,304.72,1.21,D,0,VIIRS_NOAA20_SP
25.97554,76.60078,335.95,0.4,0.37,2023-10-23,807,N20,VIIRS,n,2,305.29,2.02,D,0,VIIRS_NOAA20_SP
25.98084,81.49746,333.65,0.43,0.46,2023-10-23,807,N20,VIIRS,n,2,299.72,2.68,D,0,VIIRS_NOAA20_SP
25.99143,79.0369,337.02,0.48,0.4,2023-10-23,807,N20,VIIRS,n,2,301.42,3.27,D,0,VIIRS_NOAA20_SP
25.99197,81.59766,340.59,0.44,0.46,2023-10-23,807,N20,VIIRS,n,2,302.14,3.55,D,0,VIIRS_NOAA20_SP
25.99591,78.83879,332.71,0.47,0.4,2023-10-23,807,N20,VIIRS,n,2,300.2,1.37,D,0,VIIRS_NOAA20_SP
25.9974,79.11417,344.27,0.48,0.4,2023-10-23,807,N20,VIIRS,n,2,304.64,10.35,D,0,VIIRS_NOAA20_SP
25.99774,78.76729,331.71,0.47,0.39,2023-10-23,807,N20,VIIRS,n,2,302.96,1.86,D,0,VIIRS_NOAA20_SP
26.00962,76.72021,332.45,0.4,0.37,2023-10-23,807,N20,VIIRS,n,2,306.83,1.33,D,0,VIIRS_NOAA20_SP
26.02809,75.09192,339.23,0.38,0.36,2023-10-23,807,N20,VIIRS,n,2,308.48,4.15,D,0,VIIRS_NOAA20_SP
26.03254,76.7122,340.01,0.4,0.37,2023-10-23,807,N20,VIIRS,n,2,306.17,3.6,D,0,VIIRS_NOAA20_SP
26.03379,69.22534,335.76,0.41,0.45,2023-10-23,807,N20,VIIRS,l,2,308.08,2.86,D,0,VIIRS_NOAA20_SP
26.03589,76.71162,345.91,0.4,0.37,2023-10-23,807,N20,VIIRS,n,2,307.08,3.6,D,0,VIIRS_NOAA20_SP
26.09198,68.28483,332.1,0.47,0.48,2023-10-23,807,N20,VIIRS,l,2,302.75,3.77,D,0,VIIRS_NOAA20_SP
26.09478,76.13262,336.59,0.39,0.36,2023-10-23,807,N20,VIIRS,n,2,307.37,2.43,D,0,VIIRS_NOAA20_SP
26.13163,78.84945,333.86,0.47,0.4,2023-10-23,807,N20,VIIRS,n,2,303.68,3.27,D,0,VIIRS_NOAA20_SP
26.14278,78.93933,333.06,0.48,0.4,2023-10-23,807,N20,VIIRS,n,2,302.43,2.57,D,0,VIIRS_NOAA20_SP
26.15484,75.41288,338.1,0.38,0.36,2023-10-23,807,N20,VIIRS,n,2,308.93,2.25,D,0,VIIRS_NOAA20_SP
26.17439,81.90977,331.55,0.46,0.47,2023-10-23,807,N20,VIIRS,n,2,300.62,2.96,D,0,VIIRS_NOAA20_SP
26.17501,68.04169,340.72,0.48,0.48,2023-10-23,807,N20,VIIRS,n,2,301.06,4.46,D,0,VIIRS_NOAA20_SP
26.22171,68.84754,335.08,0.43,0.46,2023-10-23,807,N20,VIIRS,n,2,303.98,1.98,D,0,VIIRS_NOAA20_SP
26.23169,78.96456,332.29,0.48,0.4,2023-10-23,807,N20,VIIRS,n,2,302.49,0.62,D,0,VIIRS_NOAA20_SP
26.23961,77.34309,334.23,0.41,0.37,2023-10-23,807,N20,VIIRS,n,2,301.35,1.74,D,0,VIIRS_NOAA20_SP
26.24645,77.34196,340.63,0.41,0.37,2023-10-23,807,N20,VIIRS,n,2,301.85,2.15,D,0,VIIRS_NOAA20_SP
26.24652,77.34287,335.56,0.41,0.37,2023-10-23,807,N20,VIIRS,n,2,302.04,3.44,D,0,VIIRS_NOAA20_SP
26.24874,77.38388,334.1,0.42,0.37,2023-10-23,807,N20,VIIRS,n,2,304.59,1.31,D,0,VIIRS_NOAA20_SP
26.25495,80.00768,330.98,0.54,0.42,2023-10-23,807,N20,VIIRS,l,2,301.88,2.47,D,0,VIIRS_NOAA20_SP
26.25746,80.00529,331.29,0.54,0.42,2023-10-23,807,N20,VIIRS,n,2,303.03,3.94,D,0,VIIRS_NOAA20_SP
26.26835,77.47946,334.79,0.42,0.38,2023-10-23,807,N20,VIIRS,n,2,306.16,3.65,D,0,VIIRS_NOAA20_SP
26.27345,80.30445,335.72,0.56,0.43,2023-10-23,807,N20,VIIRS,n,2,300.25,3.52,D,0,VIIRS_NOAA20_SP
26.30612,83.08815,334.84,0.54,0.51,2023-10-23,807,N20,VIIRS,n,2,299.6,4.88,D,0,VIIRS_NOAA20_SP
26.33006,78.11623,337.58,0.44,0.38,2023-10-23,807,N20,VIIRS,n,2,303.37,1.42,D,0,VIIRS_NOAA20_SP
26.33643,80.66757,341.74,0.39,0.44,2023-10-23,807,N20,VIIRS,n,2,302.78,5.33,D,0,VIIRS_NOAA20_SP
26.33719,80.66644,339.89,0.39,0.44,2023-10-23,807,N20,VIIRS,n,2,301.31,4.21,D,0,VIIRS_NOAA20_SP
26.35339,78.40434,331.66,0.45,0.39,2023-10-23,807,N20,VIIRS,l,2,303.79,1.84,D,0,VIIRS_NOAA20_SP
26.43296,78.32434,330.63,0.45,0.39,2023-10-23,807,N20,VIIRS,n,2,300.67,2.15,D,0,VIIRS_NOAA20_SP
26.4447,78.38705,338.73,0.45,0.39,2023-10-23,807,N20,VIIRS,n,2,298.74,4.31,D,0,VIIRS_NOAA20_SP
26.45079,78.29395,331.93,0.45,0.39,2023-10-23,807,N20,VIIRS,n,2,297.98,2.78,D,0,VIIRS_NOAA20_SP
26.46271,77.97199,339.05,0.44,0.38,2023-10-23,807,N20,VIIRS,n,2,306.4,4.38,D,0,VIIRS_NOAA20_SP
26.53861,78.71593,335.59,0.47,0.4,2023-10-23,807,N20,VIIRS,n,2,302.56,5.96,D,0,VIIRS_NOAA20_SP
26.53933,78.71747,340.59,0.47,0.4,2023-10-23,807,N20,VIIRS,n,2,303.2,4.72,D,0,VIIRS_NOAA20_SP
26.54097,78.43829,334.65,0.46,0.39,2023-10-23,807,N20,VIIRS,n,2,302.46,2.31,D,0,VIIRS_NOAA20_SP
26.55172,78.63911,332.32,0.47,0.39,2023-10-23,807,N20,VIIRS,n,2,302.64,2.66,D,0,VIIRS_NOAA20_SP
26.58596,79.26603,331.48,0.5,0.41,2023-10-23,807,N20,VIIRS,n,2,301.87,1.99,D,0,VIIRS_NOAA20_SP
26.62746,79.73012,330.35,0.53,0.42,2023-10-23,807,N20,VIIRS,n,2,301.38,2.76,D,0,VIIRS_NOAA20_SP
26.64776,80.89721,332.47,0.41,0.45,2023-10-23,807,N20,VIIRS,n,2,300.62,3.27,D,0,VIIRS_NOAA20_SP
26.69707,79.73888,331.4,0.53,0.42,2023-10-23,807,N20,VIIRS,n,2,301.43,3.72,D,0,VIIRS_NOAA20_SP
26.77139,68.96584,335.42,0.41,0.45,2023-10-23,807,N20,VIIRS,l,2,305.7,4.26,D,0,VIIRS_NOAA20_SP
26.78514,79.07335,334.96,0.49,0.4,2023-10-23,807,N20,VIIRS,n,2,302.98,3.59,D,0,VIIRS_NOAA20_SP
26.80253,79.2122,331.28,0.5,0.41,2023-10-23,807,N20,VIIRS,l,2,301.53,2.44,D,0,VIIRS_NOAA20_SP
26.82432,68.93689,330.91,0.41,0.45,2023-10-23,807,N20,VIIRS,n,2,301.08,2.45,D,0,VIIRS_NOAA20_SP
26.93641,81.25741,331.35,0.43,0.46,2023-10-23,807,N20,VIIRS,n,2,301.18,1.95,D,0,VIIRS_NOAA20_SP
26.99248,79.03656,331.18,0.49,0.4,2023-10-23,807,N20,VIIRS,n,2,302.24,2.6,D,0,VIIRS_NOAA20_SP
27.03311,79.29815,333.13,0.51,0.41,2023-10-23,807,N20,VIIRS,n,2,303.64,3.47,D,0,VIIRS_NOAA20_SP
27.07869,79.04572,339.82,0.49,0.4,2023-10-23,807,N20,VIIRS,n,2,301.86,6.82,D,0,VIIRS_NOAA20_SP
27.14108,81.13081,331.15,0.42,0.46,2023-10-23,807,N20,VIIRS,n,2,301.09,2.14,D,0,VIIRS_NOAA20_SP
27.25151,78.9127,331.57,0.49,0.4,2023-10-23,807,N20,VIIRS,l,2,301.74,3.59,D,0,VIIRS_NOAA20_SP
27.25466,72.41615,339.28,0.42,0.38,2023-10-23,807,N20,VIIRS,n,2,310.56,4.13,D,0,VIIRS_NOAA20_SP
27.31632,76.16185,334.41,0.39,0.37,2023-10-23,807,N20,VIIRS,n,2,306.15,2.83,D,0,VIIRS_NOAA20_SP
27.33064,72.14024,348.84,0.43,0.38,2023-10-23,807,N20,VIIRS,n,2,307.54,11.31,D,0,VIIRS_NOAA20_SP
27.33138,72.14454,356.15,0.43,0.38,2023-10-23,807,N20,VIIRS,l,2,308.27,7.67,D,0,VIIRS_NOAA20_SP
27.33212,72.14883,338.37,0.43,0.38,2023-10-23,807,N20,VIIRS,n,2,307.46,7.67,D,0,VIIRS_NOAA20_SP
27.33409,72.1395,355.19,0.43,0.38,2023-10-23,807,N20,VIIRS,l,2,308.73,11.31,D,0,VIIRS_NOAA20_SP
27.33483,72.14378,356.0,0.43,0.38,2023-10-23,807,N20,VIIRS,l,2,308.15,7.67,D,0,VIIRS_NOAA20_SP
27.33557,72.14807,340.45,0.43,0.38,2023-10-23,807,N20,VIIRS,n,2,307.63,7.67,D,0,VIIRS_NOAA20_SP
27.3368,72.13445,340.01,0.43,0.38,2023-10-23,807,N20,VIIRS,n,2,307.86,6.31,D,0,VIIRS_NOAA20_SP
27.33828,72.14304,342.88,0.43,0.38,2023-10-23,807,N20,VIIRS,n,2,307.32,4.95,D,0,VIIRS_NOAA20_SP
27.33902,72.14732,341.48,0.43,0.38,2023-10-23,807,N20,VIIRS,n,2,307.89,4.95,D,0,VIIRS_NOAA20_SP
27.34099,72.13799,337.12,0.43,0.38,2023-10-23,807,N20,VIIRS,n,2,308.25,6.31,D,0,VIIRS_NOAA20_SP
27.34173,72.14229,355.94,0.43,0.38,2023-10-23,807,N20,VIIRS,l,2,307.81,4.95,D,0,VIIRS_NOAA20_SP
27.34247,72.14658,336.55,0.43,0.38,2023-10-23,807,N20,VIIRS,l,2,307.46,4.95,D,0,VIIRS_NOAA20_SP
27.34395,72.15515,339.77,0.43,0.38,2023-10-23,807,N20,VIIRS,n,2,307.46,2.82,D,0,VIIRS_NOAA20_SP
27.34445,72.13724,339.3,0.43,0.38,2023-10-23,807,N20,VIIRS,n,2,306.75,2.73,D,0,VIIRS_NOAA20_SP
27.34468,72.15942,337.11,0.43,0.38,2023-10-23,807,N20,VIIRS,n,2,307.17,1.89,D,0,VIIRS_NOAA20_SP
27.34518,72.14154,356.36,0.43,0.38,2023-10-23,807,N20,VIIRS,l,2,307.37,4.65,D,0,VIIRS_NOAA20_SP
27.3474,72.1544,353.65,0.43,0.38,2023-10-23,807,N20,VIIRS,n,2,308.81,12.14,D,0,VIIRS_NOAA20_SP
27.34813,72.15868,349.51,0.43,0.38,2023-10-23,807,N20,VIIRS,n,2,307.0,9.35,D,0,VIIRS_NOAA20_SP
27.34863,72.14079,356.32,0.43,0.38,2023-10-23,807,N20,VIIRS,l,2,306.89,4.65,D,0,VIIRS_NOAA20_SP
27.35085,72.15366,349.56,0.43,0.38,2023-10-23,807,N20,VIIRS,n,2,307.49,12.14,D,0,VIIRS_NOAA20_SP
27.35135,72.13573,349.78,0.43,0.38,2023-10-23,807,N20,VIIRS,n,2,308.13,7.78,D,0,VIIRS_NOAA20_SP
27.35209,72.14003,355.67,0.43,0.38,2023-10-23,807,N20,VIIRS,l,2,308.07,7.93,D,0,VIIRS_NOAA20_SP
27.35283,72.14433,337.57,0.43,0.38,2023-10-23,807,N20,VIIRS,n,2,308.09,7.93,D,0,VIIRS_NOAA20_SP
27.3548,72.13498,355.42,0.43,0.38,2023-10-23,807,N20,VIIRS,l,2,308.16,7.78,D,0,VIIRS_NOAA20_SP
27.35554,72.13927,354.1,0.43,0.38,2023-10-23,807,N20,VIIRS,n,2,307.48,7.93,D,0,VIIRS_NOAA20_SP
27.35628,72.14358,350.21,0.43,0.38,2023-10-23,807,N20,VIIRS,n,2,308.09,7.93,D,0,VIIRS_NOAA20_SP
27.35701,72.14787,355.92,0.43,0.38,2023-10-23,807,N20,VIIRS,l,2,308.27,5.37,D,0,VIIRS_NOAA20_SP
27.35775,72.15216,336.59,0.43,0.38,2023-10-23,807,N20,VIIRS,n,2,307.56,5.37,D,0,VIIRS_NOAA20_SP
27.35825,72.13423,356.24,0.43,0.38,2023-10-23,807,N20,VIIRS,l,2,307.61,23.7,D,0,VIIRS_NOAA20_SP
27.35899,72.13853,356.26,0.43,0.38,2023-10-23,807,N20,VIIRS,l,2,307.22,11.14,D,0,VIIRS_NOAA20_SP
27.35973,72.14284,356.24,0.43,0.38,2023-10-23,807,N20,VIIRS,l,2,307.03,11.14,D,0,VIIRS_NOAA20_SP
27.36046,72.14713,349.84,0.43,0.38,2023-10-23,807,N20,VIIRS,n,2,308.33,4.14,D,0,VIIRS_NOAA20_SP
27.36244,72.13778,355.99,0.43,0.38,2023-10-23,807,N20,VIIRS,l,2,307.11,11.14,D,0,VIIRS_NOAA20_SP
27.36516,72.13274,356.22,0.43,0.38,2023-10-23,807,N20,VIIRS,l,2,307.2,6.84,D,0,VIIRS_NOAA20_SP
27.36589,72.13703,356.36,0.43,0.38,2023-10-23,807,N20,VIIRS,l,2,306.76,5.05,D,0,VIIRS_NOAA20_SP
27.36663,72.14133,349.63,0.43,0.38,2023-10-23,807,N20,VIIRS,n,2,307.4,5.05,D,0,VIIRS_NOAA20_SP
27.36787,72.12768,336.35,0.43,0.38,2023-10-23,807,N20,VIIRS,l,2,306.71,6.84,D,0,VIIRS_NOAA20_SP
27.36861,72.13198,356.35,0.43,0.38,2023-10-23,807,N20,VIIRS,l,2,306.41,6.84,D,0,VIIRS_NOAA20_SP
27.36934,72.13628,339.85,0.43,0.38,2023-10-23,807,N20,VIIRS,n,2,306.75,5.05,D,0,VIIRS_NOAA20_SP
27.3756,72.005,341.45,0.44,0.38,2023-10-23,807,N20,VIIRS,n,2,308.09,2.43,D,0,VIIRS_NOAA20_SP
27.37634,72.00935,347.42,0.44,0.38,2023-10-23,807,N20,VIIRS,n,2,308.72,2.74,D,0,VIIRS_NOAA20_SP
27.37907,72.00425,337.9,0.44,0.38,2023-10-23,807,N20,VIIRS,n,2,308.7,2.41,D,0,VIIRS_NOAA20_SP
27.37981,72.00859,355.31,0.44,0.38,2023-10-23,807,N20,VIIRS,l,2,309.06,8.52,D,0,VIIRS_NOAA20_SP
27.38055,72.01292,356.08,0.43,0.38,2023-10-23,807,N20,VIIRS,l,2,309.1,8.52,D,0,VIIRS_NOAA20_SP
27.38068,72.00542,340.93,0.43,0.38,2023-10-23,807,N20,VIIRS,n,2,308.68,2.42,D,0,VIIRS_NOAA20_SP
27.38129,72.01727,345.57,0.43,0.38,2023-10-23,807,N20,VIIRS,n,2,308.82,6.6,D,0,VIIRS_NOAA20_SP
27.38144,72.00974,356.37,0.43,0.38,2023-10-23,807,N20,VIIRS,l,2,309.05,12.03,D,0,VIIRS_NOAA20_SP
27.3822,72.01408,355.15,0.43,0.38,2023-10-23,807,N20,VIIRS,l,2,308.89,12.03,D,0,VIIRS_NOAA20_SP
27.38296,72.01841,342.55,0.43,0.38,2023-10-23,807,N20,VIIRS,n,2,308.06,5.42,D,0,VIIRS_NOAA20_SP
27.38324,72.21761,338.39,0.43,0.38,2023-10-23,807,N20,VIIRS,n,2,307.02,2.57,D,0,VIIRS_NOAA20_SP
27.38328,72.00783,348.17,0.44,0.38,2023-10-23,807,N20,VIIRS,n,2,308.28,8.52,D,0,VIIRS_NOAA20_SP
27.38396,72.22187,347.78,0.43,0.38,2023-10-23,807,N20,VIIRS,n,2,306.98,3.88,D,0,VIIRS_NOAA20_SP
27.38402,72.01217,355.59,0.43,0.38,2023-10-23,807,N20,VIIRS,l,2,309.1,8.52,D,0,VIIRS_NOAA20_SP
27.38476,72.0165,356.29,0.43,0.38,2023-10-23,807,N20,VIIRS,l,2,308.7,6.6,D,0,VIIRS_NOAA20_SP
27.38491,72.00899,349.7,0.43,0.38,2023-10-23,807,N20,VIIRS,n,2,309.2,12.03,D,0,VIIRS_NOAA20_SP
27.3855,72.02084,347.97,0.43,0.38,2023-10-23,807,N20,VIIRS,n,2,308.34,6.6,D,0,VIIRS_NOAA20_SP
27.38566,72.01332,356.01,0.43,0.38,2023-10-23,807,N20,VIIRS,l,2,308.92,12.03,D,0,VIIRS_NOAA20_SP
27.38595,72.21259,341.47,0.43,0.38,2023-10-23,807,N20,VIIRS,n,2,309.3,9.98,D,0,VIIRS_NOAA20_SP
27.38642,72.01765,356.15,0.43,0.38,2023-10-23,807,N20,VIIRS,l,2,308.23,5.42,D,0,VIIRS_NOAA20_SP
27.38718,72.02198,355.11,0.43,0.38,2023-10-23,807,N20,VIIRS,l,2,307.66,5.42,D,0,VIIRS_NOAA20_SP
27.38741,72.22113,355.11,0.43,0.38,2023-10-23,807,N20,VIIRS,l,2,308.99,12.94,D,0,VIIRS_NOAA20_SP
27.38762,72.00391,336.83,0.43,0.38,2023-10-23,807,N20,VIIRS,l,2,309.76,5.22,D,0,VIIRS_NOAA20_SP
27.38794,72.02631,335.94,0.43,0.38,2023-10-23,807,N20,VIIRS,l,2,308.99,1.27,D,0,VIIRS_NOAA20_SP
27.38837,72.00823,339.74,0.43,0.38,2023-10-23,807,N20,VIIRS,n,2,309.45,5.09,D,0,VIIRS_NOAA20_SP
27.38884,72.31322,338.87,0.42,0.38,2023-10-23,807,N20,VIIRS,n,2,307.66,1.86,D,0,VIIRS_NOAA20_SP
27.38913,72.01257,346.11,0.43,0.38,2023-10-23,807,N20,VIIRS,n,2,309.02,5.09,D,0,VIIRS_NOAA20_SP
27.38939,72.21185,344.81,0.43,0.38,2023-10-23,807,N20,VIIRS,n,2,307.86,9.98,D,0,VIIRS_NOAA20_SP
27.38989,72.01689,356.22,0.43,0.38,2023-10-23,807,N20,VIIRS,l,2,308.67,10.02,D,0,VIIRS_NOAA20_SP
27.39064,72.02122,355.58,0.43,0.38,2023-10-23,807,N20,VIIRS,n,2,308.16,10.02,D,0,VIIRS_NOAA20_SP
27.39108,72.00315,347.35,0.43,0.38,2023-10-23,807,N20,VIIRS,n,2,309.41,5.22,D,0,VIIRS_NOAA20_SP
27.3914,72.02554,343.26,0.43,0.38,2023-10-23,807,N20,VIIRS,n,2,309.19,4.62,D,0,VIIRS_NOAA20_SP
27.39184,72.00748,355.25,0.43,0.38,2023-10-23,807,N20,VIIRS,l,2,309.2,5.09,D,0,VIIRS_NOAA20_SP
27.3926,72.0118,350.02,0.43,0.38,2023-10-23,807,N20,VIIRS,n,2,308.86,5.09,D,0,VIIRS_NOAA20_SP
27.39335,72.01614,351.1,0.43,0.38,2023-10-23,807,N20,VIIRS,n,2,309.03,10.02,D,0,VIIRS_NOAA20_SP
27.39411,72.02046,355.9,0.43,0.38,2023-10-23,807,N20,VIIRS,l,2,307.85,10.02,D,0,VIIRS_NOAA20_SP
27.39455,72.00239,351.49,0.43,0.38,2023-10-23,807,N20,VIIRS,n,2,308.72,5.45,D,0,VIIRS_NOAA20_SP
27.39575,71.98863,336.0,0.44,0.38,2023-10-23,807,N20,VIIRS,l,2,309.77,2.15,D,0,VIIRS_NOAA20_SP
27.39606,72.01105,356.09,0.43,0.38,2023-10-23,807,N20,VIIRS,l,2,309.19,13.86,D,0,VIIRS_NOAA20_SP
27.39651,71.99296,350.61,0.44,0.38,2023-10-23,807,N20,VIIRS,n,2,309.01,2.15,D,0,VIIRS_NOAA20_SP
27.39681,72.19249,347.94,0.43,0.38,2023-10-23,807,N20,VIIRS,n,2,308.09,3.54,D,0,VIIRS_NOAA20_SP
27.39682,72.01538,355.75,0.43,0.38,2023-10-23,807,N20,VIIRS,l,2,308.88,12.77,D,0,VIIRS_NOAA20_SP
27.39726,71.9973,341.73,0.44,0.38,2023-10-23,807,N20,VIIRS,n,2,308.11,5.45,D,0,VIIRS_NOAA20_SP
27.39802,72.00163,347.91,0.43,0.38,2023-10-23,807,N20,VIIRS,n,2,307.79,5.45,D,0,VIIRS_NOAA20_SP
27.39877,72.00596,355.24,0.43,0.38,2023-10-23,807,N20,VIIRS,l,2,308.93,13.86,D,0,VIIRS_NOAA20_SP
27.39953,72.01029,342.4,0.43,0.38,2023-10-23,807,N20,VIIRS,n,2,309.21,13.86,D,0,VIIRS_NOAA20_SP
27.40026,72.19175,348.96,0.43,0.38,2023-10-23,807,N20,VIIRS,n,2,307.45,3.54,D,0,VIIRS_NOAA20_SP
27.40028,72.01463,355.76,0.43,0.38,2023-10-23,807,N20,VIIRS,l,2,307.62,12.77,D,0,VIIRS_NOAA20_SP
27.40073,71.99654,351.5,0.44,0.38,2023-10-23,807,N20,VIIRS,n,2,308.8,4.16,D,0,VIIRS_NOAA20_SP
27.40098,72.19602,335.89,0.43,0.38,2023-10-23,807,N20,VIIRS,l,2,306.98,3.54,D,0,VIIRS_NOAA20_SP
27.40104,72.01896,355.51,0.43,0.38,2023-10-23,807,N20,VIIRS,l,2,307.83,12.77,D,0,VIIRS_NOAA20_SP
27.40148,72.00087,340.12,0.43,0.38,2023-10-23,807,N20,VIIRS,n,2,309.7,4.16,D,0,VIIRS_NOAA20_SP
27.40179,72.02328,337.42,0.43,0.38,2023-10-23,807,N20,VIIRS,n,2,306.64,3.46,D,0,VIIRS_NOAA20_SP
27.40224,72.0052,339.74,0.43,0.38,2023-10-23,807,N20,VIIRS,n,2,308.29,2.35,D,0,VIIRS_NOAA20_SP
27.40299,72.00953,337.99,0.43,0.38,2023-10-23,807,N20,VIIRS,n,2,308.26,2.35,D,0,VIIRS_NOAA20_SP
27.40375,72.01386,356.09,0.43,0.38,2023-10-23,807,N20,VIIRS,l,2,307.95,14.71,D,0,VIIRS_NOAA20_SP
27.4057,72.00444,352.24,0.43,0.38,2023-10-23,807,N20,VIIRS,n,2,309.85,2.35,D,0,VIIRS_NOAA20_SP
27.40608,71.09674,335.35,0.47,0.4,2023-10-23,807,N20,VIIRS,l,2,308.54,1.8,D,0,VIIRS_NOAA20_SP
27.40646,72.00878,347.97,0.43,0.38,2023-10-23,807,N20,VIIRS,n,2,309.68,2.35,D,0,VIIRS_NOAA20_SP
27.41071,72.17757,348.26,0.43,0.38,2023-10-23,807,N20,VIIRS,n,2,307.64,3.75,D,0,VIIRS_NOAA20_SP
27.41745,69.07622,332.01,0.4,0.44,2023-10-23,807,N20,VIIRS,l,2,304.04,1.65,D,0,VIIRS_NOAA20_SP
27.4203,72.17107,336.88,0.43,0.38,2023-10-23,807,N20,VIIRS,n,2,305.81,3.01,D,0,VIIRS_NOAA20_SP
27.42104,72.17533,347.77,0.43,0.38,2023-10-23,807,N20,VIIRS,n,2,306.46,3.01,D,0,VIIRS_NOAA20_SP
27.42374,72.17031,350.78,0.43,0.38,2023-10-23,807,N20,VIIRS,n,2,309.06,7.15,D,0,VIIRS_NOAA20_SP
27.42448,72.17458,355.11,0.43,0.38,2023-10-23,807,N20,VIIRS,l,2,307.65,7.15,D,0,VIIRS_NOAA20_SP
27.42793,72.17384,339.27,0.43,0.38,2023-10-23,807,N20,VIIRS,n,2,307.59,7.15,D,0,VIIRS_NOAA20_SP
27.43211,72.42209,347.69,0.42,0.38,2023-10-23,807,N20,VIIRS,n,2,309.91,9.45,D,0,VIIRS_NOAA20_SP
27.43282,72.4263,355.62,0.42,0.38,2023-10-23,807,N20,VIIRS,l,2,309.8,9.45,D,0,VIIRS_NOAA20_SP
27.43353,72.43051,352.93,0.42,0.38,2023-10-23,807,N20,VIIRS,n,2,309.43,6.15,D,0,VIIRS_NOAA20_SP
27.43411,72.41294,355.2,0.42,0.38,2023-10-23,807,N20,VIIRS,l,2,308.73,8.1,D,0,VIIRS_NOAA20_SP
27.43482,72.41715,356.9,0.42,0.38,2023-10-23,807,N20,VIIRS,l,2,309.26,8.1,D,0,VIIRS_NOAA20_SP
27.43553,72.42135,355.28,0.42,0.38,2023-10-23,807,N20,VIIRS,n,2,309.81,17.96,D,0,VIIRS_NOAA20_SP
27.43624,72.42556,349.83,0.42,0.38,2023-10-23,807,N20,VIIRS,n,2,311.34,17.96,D,0,VIIRS_NOAA20_SP
27.43694,72.42977,356.5,0.42,0.38,2023-10-23,807,N20,VIIRS,l,2,309.54,10.58,D,0,VIIRS_NOAA20_SP
27.43753,72.4122,347.95,0.42,0.38,2023-10-23,807,N20,VIIRS,n,2,309.25,8.1,D,0,VIIRS_NOAA20_SP
27.43765,72.43398,341.65,0.42,0.38,2023-10-23,807,N20,VIIRS,n,2,309.69,10.58,D,0,VIIRS_NOAA20_SP
27.43824,72.41641,354.52,0.42,0.38,2023-10-23,807,N20,VIIRS,n,2,309.53,8.1,D,0,VIIRS_NOAA20_SP
27.43894,72.42062,352.99,0.42,0.38,2023-10-23,807,N20,VIIRS,n,2,309.92,17.96,D,0,VIIRS_NOAA20_SP
27.43965,72.42483,354.46,0.42,0.38,2023-10-23,807,N20,VIIRS,n,2,308.94,17.96,D,0,VIIRS_NOAA20_SP
27.44024,72.40726,348.89,0.42,0.38,2023-10-23,807,N20,VIIRS,n,2,309.33,2.26,D,0,VIIRS_NOAA20_SP
27.44036,72.42903,355.03,0.42,0.38,2023-10-23,807,N20,VIIRS,n,2,309.14,10.58,D,0,VIIRS_NOAA20_SP
27.44095,72.41147,353.5,0.42,0.38,2023-10-23,807,N20,VIIRS,n,2,309.1,5.76,D,0,VIIRS_NOAA20_SP
27.44106,72.43324,356.54,0.42,0.38,2023-10-23,807,N20,VIIRS,l,2,309.31,10.58,D,0,VIIRS_NOAA20_SP
27.44165,72.41567,355.39,0.42,0.38,2023-10-23,807,N20,VIIRS,n,2,309.45,5.76,D,0,VIIRS_NOAA20_SP
27.44236,72.41988,352.59,0.42,0.38,2023-10-23,807,N20,VIIRS,n,2,310.43,16.6,D,0,VIIRS_NOAA20_SP
27.44307,72.42409,353.99,0.42,0.38,2023-10-23,807,N20,VIIRS,n,2,309.33,16.6,D,0,VIIRS_NOAA20_SP
27.44366,72.40652,341.13,0.42,0.38,2023-10-23,807,N20,VIIRS,n,2,309.14,2.26,D,0,VIIRS_NOAA20_SP
27.44377,72.4283,355.0,0.42,0.38,2023-10-23,807,N20,VIIRS,n,2,310.0,8.85,D,0,VIIRS_NOAA20_SP
27.44448,72.4325,356.72,0.42,0.38,2023-10-23,807,N20,VIIRS,l,2,309.77,8.85,D,0,VIIRS_NOAA20_SP
27.44507,72.41493,341.89,0.42,0.38,2023-10-23,807,N20,VIIRS,n,2,308.57,5.76,D,0,VIIRS_NOAA20_SP
27.44578,72.41915,352.47,0.42,0.38,2023-10-23,807,N20,VIIRS,n,2,310.64,16.6,D,0,VIIRS_NOAA20_SP
27.44648,72.42335,354.61,0.42,0.38,2023-10-23,807,N20,VIIRS,n,2,309.1,16.6,D,0,VIIRS_NOAA20_SP
27.44719,72.42756,347.21,0.42,0.38,2023-10-23,807,N20,VIIRS,n,2,309.08,8.85,D,0,VIIRS_NOAA20_SP
27.44919,72.41841,356.47,0.42,0.38,2023-10-23,807,N20,VIIRS,l,2,309.92,11.8,D,0,VIIRS_NOAA20_SP
27.4499,72.42262,354.77,0.42,0.38,2023-10-23,807,N20,VIIRS,n,2,309.96,11.8,D,0,VIIRS_NOAA20_SP
27.4506,72.42682,337.91,0.42,0.38,2023-10-23,807,N20,VIIRS,n,2,309.0,4.33,D,0,VIIRS_NOAA20_SP
27.45236,72.41895,343.1,0.42,0.38,2023-10-23,807,N20,VIIRS,n,2,308.94,3.15,D,0,VIIRS_NOAA20_SP
27.45261,72.41767,337.68,0.42,0.38,2023-10-23,807,N20,VIIRS,l,2,309.51,11.8,D,0,VIIRS_NOAA20_SP
27.45275,71.9852,336.01,0.44,0.38,2023-10-23,807,N20,VIIRS,l,2,307.91,2.3,D,0,VIIRS_NOAA20_SP
27.45308,72.42315,348.19,0.42,0.38,2023-10-23,807,N20,VIIRS,n,2,309.04,3.15,D,0,VIIRS_NOAA20_SP
27.4565,72.42242,336.52,0.42,0.38,2023-10-23,807,N20,VIIRS,l,2,309.19,3.15,D,0,VIIRS_NOAA20_SP
27.45919,72.41747,344.08,0.42,0.38,2023-10-23,807,N20,VIIRS,n,2,309.64,2.48,D,0,VIIRS_NOAA20_SP
27.45991,72.42167,337.51,0.42,0.38,2023-10-23,807,N20,VIIRS,l,2,309.3,2.48,D,0,VIIRS_NOAA20_SP
27.46043,71.98804,342.99,0.43,0.38,2023-10-23,807,N20,VIIRS,n,2,308.34,5.24,D,0,VIIRS_NOAA20_SP
27.46192,71.99673,336.95,0.43,0.38,2023-10-23,807,N20,VIIRS,l,2,308.82,5.61,D,0,VIIRS_NOAA20_SP
27.46256,80.92203,334.46,0.42,0.45,2023-10-23,807,N20,VIIRS,n,2,300.32,2.98,D,0,VIIRS_NOAA20_SP
27.46267,72.00107,341.62,0.43,0.38,2023-10-23,807,N20,VIIRS,n,2,309.27,1.87,D,0,VIIRS_NOAA20_SP
27.46333,72.42094,351.01,0.42,0.38,2023-10-23,807,N20,VIIRS,n,2,309.3,2.48,D,0,VIIRS_NOAA20_SP
27.46341,72.00539,338.75,0.43,0.38,2023-10-23,807,N20,VIIRS,l,2,308.9,1.87,D,0,VIIRS_NOAA20_SP
27.46464,71.99162,336.78,0.43,0.38,2023-10-23,807,N20,VIIRS,l,2,308.45,2.75,D,0,VIIRS_NOAA20_SP
27.46613,72.00031,339.04,0.43,0.38,2023-10-23,807,N20,VIIRS,l,2,309.2,2.63,D,0,VIIRS_NOAA20_SP
27.46885,71.99521,342.89,0.43,0.38,2023-10-23,807,N20,VIIRS,n,2,307.78,2.75,D,0,VIIRS_NOAA20_SP
27.4696,71.99954,338.64,0.43,0.38,2023-10-23,807,N20,VIIRS,n,2,308.04,2.63,D,0,VIIRS_NOAA20_SP
27.47628,71.97555,338.11,0.44,0.38,2023-10-23,807,N20,VIIRS,l,2,308.67,1.65,D,0,VIIRS_NOAA20_SP
27.47975,71.9748,335.32,0.44,0.38,2023-10-23,807,N20,VIIRS,l,2,308.18,1.65,D,0,VIIRS_NOAA20_SP
27.48049,71.97914,335.05,0.44,0.38,2023-10-23,807,N20,VIIRS,l,2,308.1,2.01,D,0,VIIRS_NOAA20_SP
27.48123,71.98349,337.15,0.43,0.38,2023-10-23,807,N20,VIIRS,l,2,308.26,2.01,D,0,VIIRS_NOAA20_SP
27.48396,71.97838,340.05,0.44,0.38,2023-10-23,807,N20,VIIRS,n,2,308.82,3.8,D,0,VIIRS_NOAA20_SP
27.48443,72.02324,333.87,0.43,0.38,2023-10-23,807,N20,VIIRS,l,2,307.73,0.86,D,0,VIIRS_NOAA20_SP
27.50293,77.49689,330.06,0.43,0.38,2023-10-23,807,N20,VIIRS,l,2,302.52,2.06,D,0,VIIRS_NOAA20_SP
27.50503,72.41636,339.87,0.42,0.38,2023-10-23,807,N20,VIIRS,n,2,306.48,2.54,D,0,VIIRS_NOAA20_SP
27.50844,72.41563,347.38,0.42,0.38,2023-10-23,807,N20,VIIRS,n,2,306.23,2.13,D,0,VIIRS_NOAA20_SP
27.50915,72.41982,343.16,0.42,0.38,2023-10-23,807,N20,VIIRS,n,2,306.33,2.13,D,0,VIIRS_NOAA20_SP
27.51186,72.41489,341.22,0.42,0.38,2023-10-23,807,N20,VIIRS,n,2,306.3,2.13,D,0,VIIRS_NOAA20_SP
27.51257,72.4191,344.12,0.42,0.38,2023-10-23,807,N20,VIIRS,n,2,306.43,2.13,D,0,VIIRS_NOAA20_SP
27.51328,72.42329,336.18,0.42,0.38,2023-10-23,807,N20,VIIRS,l,2,307.51,1.68,D,0,VIIRS_NOAA20_SP
27.51598,72.41837,356.21,0.42,0.38,2023-10-23,807,N20,VIIRS,l,2,307.77,4.59,D,0,VIIRS_NOAA20_SP
27.51669,72.42256,356.28,0.42,0.38,2023-10-23,807,N20,VIIRS,l,2,307.33,3.3,D,0,VIIRS_NOAA20_SP
27.5174,72.42676,336.79,0.42,0.38,2023-10-23,807,N20,VIIRS,l,2,307.06,3.3,D,0,VIIRS_NOAA20_SP
27.5194,72.41763,349.34,0.42,0.38,2023-10-23,807,N20,VIIRS,n,2,307.9,4.59,D,0,VIIRS_NOAA20_SP
27.5201,72.42184,355.09,0.42,0.38,2023-10-23,807,N20,VIIRS,l,2,307.87,3.3,D,0,VIIRS_NOAA20_SP
27.52081,72.42603,348.03,0.42,0.38,2023-10-23,807,N20,VIIRS,n,2,307.34,3.3,D,0,VIIRS_NOAA20_SP
27.5963,72.24892,335.98,0.42,0.38,2023-10-23,807,N20,VIIRS,l,2,309.64,4.31,D,0,VIIRS_NOAA20_SP
27.60244,72.24319,341.92,0.42,0.38,2023-10-23,807,N20,VIIRS,n,2,308.95,2.94,D,0,VIIRS_NOAA20_SP
27.60515,72.2382,336.33,0.42,0.38,2023-10-23,807,N20,VIIRS,l,2,310.28,2.94,D,0,VIIRS_NOAA20_SP
27.62332,77.562,334.08,0.43,0.38,2023-10-23,807,N20,VIIRS,n,2,301.49,2.13,D,0,VIIRS_NOAA20_SP
27.6319,72.56329,341.18,0.41,0.37,2023-10-23,807,N20,VIIRS,n,2,305.96,1.98,D,0,VIIRS_NOAA20_SP
27.6326,72.56744,344.56,0.41,0.37,2023-10-23,807,N20,VIIRS,n,2,306.03,1.98,D,0,VIIRS_NOAA20_SP
27.6353,72.56257,335.72,0.41,0.37,2023-10-23,807,N20,VIIRS,l,2,306.9,2.08,D,0,VIIRS_NOAA20_SP
27.636,72.56673,339.81,0.41,0.37,2023-10-23,807,N20,VIIRS,n,2,306.0,2.08,D,0,VIIRS_NOAA20_SP
27.6367,72.57088,343.18,0.41,0.37,2023-10-23,807,N20,VIIRS,n,2,306.07,3.07,D,0,VIIRS_NOAA20_SP
27.63939,72.566,344.29,0.41,0.37,2023-10-23,807,N20,VIIRS,n,2,305.76,2.08,D,0,VIIRS_NOAA20_SP
27.64279,72.56529,345.03,0.41,0.37,2023-10-23,807,N20,VIIRS,n,2,306.88,2.48,D,0,VIIRS_NOAA20_SP
27.64618,72.56457,337.41,0.41,0.37,2023-10-23,807,N20,VIIRS,n,2,307.4,2.48,D,0,VIIRS_NOAA20_SP
27.65028,72.56799,338.32,0.41,0.37,2023-10-23,807,N20,VIIRS,n,2,306.68,1.81,D,0,VIIRS_NOAA20_SP
27.65097,72.57214,341.78,0.41,0.37,2023-10-23,807,N20,VIIRS,n,2,306.52,1.81,D,0,VIIRS_NOAA20_SP
27.65167,72.5763,335.88,0.41,0.37,2023-10-23,807,N20,VIIRS,l,2,306.43,2.73,D,0,VIIRS_NOAA20_SP
27.65237,72.58045,339.9,0.41,0.37,2023-10-23,807,N20,VIIRS,n,2,306.56,2.73,D,0,VIIRS_NOAA20_SP
27.65306,72.58459,338.91,0.41,0.37,2023-10-23,807,N20,VIIRS,n,2,306.01,2.29,D,0,VIIRS_NOAA20_SP
27.65367,72.56728,338.6,0.41,0.37,2023-10-23,807,N20,VIIRS,n,2,306.72,1.81,D,0,VIIRS_NOAA20_SP
27.65437,72.57142,344.74,0.41,0.37,2023-10-23,807,N20,VIIRS,n,2,306.76,1.81,D,0,VIIRS_NOAA20_SP
27.65506,72.57558,341.52,0.41,0.37,2023-10-23,807,N20,VIIRS,n,2,306.12,2.73,D,0,VIIRS_NOAA20_SP
27.65645,72.58388,340.9,0.41,0.37,2023-10-23,807,N20,VIIRS,n,2,305.78,2.29,D,0,VIIRS_NOAA20_SP
27.65706,72.56655,336.49,0.41,0.37,2023-10-23,807,N20,VIIRS,n,2,306.34,2.5,D,0,VIIRS_NOAA20_SP
27.65845,72.57485,335.5,0.41,0.37,2023-10-23,807,N20,VIIRS,l,2,306.55,4.71,D,0,VIIRS_NOAA20_SP
27.65985,72.58315,339.33,0.41,0.37,2023-10-23,807,N20,VIIRS,n,2,306.18,1.73,D,0,VIIRS_NOAA20_SP
27.66115,72.56998,336.27,0.41,0.37,2023-10-23,807,N20,VIIRS,n,2,306.18,2.5,D,0,VIIRS_NOAA20_SP
27.66185,72.57413,343.28,0.41,0.37,2023-10-23,807,N20,VIIRS,n,2,306.82,4.71,D,0,VIIRS_NOAA20_SP
27.66324,72.58242,337.04,0.41,0.37,2023-10-23,807,N20,VIIRS,n,2,306.97,1.73,D,0,VIIRS_NOAA20_SP
27.66524,72.5734,344.29,0.41,0.37,2023-10-23,807,N20,VIIRS,n,2,307.17,2.67,D,0,VIIRS_NOAA20_SP
27.66594,72.57755,345.92,0.41,0.37,2023-10-23,807,N20,VIIRS,n,2,307.43,2.67,D,0,VIIRS_NOAA20_SP
27.66663,72.5817,342.63,0.41,0.37,2023-10-23,807,N20,VIIRS,n,2,307.33,2.21,D,0,VIIRS_NOAA20_SP
27.66863,72.57267,346.97,0.41,0.37,2023-10-23,807,N20,VIIRS,n,2,307.32,2.67,D,0,VIIRS_NOAA20_SP
27.66933,72.57682,340.7,0.41,0.37,2023-10-23,807,N20,VIIRS,n,2,307.22,2.67,D,0,VIIRS_NOAA20_SP
27.67002,72.58096,342.06,0.41,0.37,2023-10-23,807,N20,VIIRS,n,2,307.17,2.21,D,0,VIIRS_NOAA20_SP
27.72354,77.44859,335.12,0.43,0.38,2023-10-23,807,N20,VIIRS,n,2,303.62,2.44,D,0,VIIRS_NOAA20_SP
27.75795,74.09221,339.94,0.39,0.36,2023-10-23,807,N20,VIIRS,n,2,311.66,5.16,D,0,VIIRS_NOAA20_SP
27.77046,81.5684,338.74,0.46,0.47,2023-10-23,807,N20,VIIRS,n,2,299.42,2.17,D,0,VIIRS_NOAA20_SP
27.93524,77.57678,332.08,0.44,0.38,2023-10-23,807,N20,VIIRS,n,2,301.03,1.76,D,0,VIIRS_NOAA20_SP
27.98828,77.43801,330.39,0.43,0.38,2023-10-23,807,N20,VIIRS,n,2,299.95,1.55,D,0,VIIRS_NOAA20_SP
27.98986,77.4392,330.86,0.43,0.38,2023-10-23,807,N20,VIIRS,n,2,300.41,1.83,D,0,VIIRS_NOAA20_SP
28.00583,77.54266,334.14,0.43,0.38,2023-10-23,807,N20,VIIRS,n,2,302.76,2.61,D,0,VIIRS_NOAA20_SP
28.00698,77.54399,335.29,0.44,0.38,2023-10-23,807,N20,VIIRS,n,2,302.48,5.3,D,0,VIIRS_NOAA20_SP
28.07407,79.4183,335.55,0.53,0.42,2023-10-23,807,N20,VIIRS,l,2,306.15,21.26,D,0,VIIRS_NOAA20_SP
28.10499,77.60916,337.58,0.44,0.38,2023-10-23,807,N20,VIIRS,n,2,307.14,14.34,D,0,VIIRS_NOAA20_SP
28.1085,77.60857,336.95,0.44,0.38,2023-10-23,807,N20,VIIRS,n,2,301.33,14.34,D,0,VIIRS_NOAA20_SP
28.12358,80.3254,335.54,0.39,0.44,2023-10-23,807,N20,VIIRS,n,2,302.01,5.08,D,0,VIIRS_NOAA20_SP
28.1244,80.32595,340.97,0.39,0.44,2023-10-23,807,N20,VIIRS,n,2,303.5,5.01,D,0,VIIRS_NOAA20_SP
28.13886,79.90874,331.62,0.56,0.43,2023-10-23,807,N20,VIIRS,n,2,299.77,6.72,D,0,VIIRS_NOAA20_SP
28.20972,77.16914,336.69,0.42,0.38,2023-10-23,807,N20,VIIRS,n,2,303.16,4.54,D,0,VIIRS_NOAA20_SP
28.41889,80.16017,342.18,0.39,0.44,2023-10-23,807,N20,VIIRS,n,2,301.33,2.89,D,0,VIIRS_NOAA20_SP
28.4631,79.64844,332.74,0.55,0.42,2023-10-23,807,N20,VIIRS,n,2,303.07,3.54,D,0,VIIRS_NOAA20_SP
28.47948,77.66233,334.37,0.44,0.39,2023-10-23,807,N20,VIIRS,n,2,301.9,2.73,D,0,VIIRS_NOAA20_SP
28.67841,79.26529,331.93,0.53,0.42,2023-10-23,807,N20,VIIRS,n,2,301.27,3.19,D,0,VIIRS_NOAA20_SP
28.70341,79.17989,332.63,0.52,0.42,2023-10-23,807,N20,VIIRS,n,2,300.52,4.23,D,0,VIIRS_NOAA20_SP
28.70564,77.54443,331.9,0.44,0.38,2023-10-23,807,N20,VIIRS,n,2,302.77,2.98,D,0,VIIRS_NOAA20_SP
28.7681,79.66711,330.56,0.55,0.43,2023-10-23,807,N20,VIIRS,n,2,303.7,3.47,D,0,VIIRS_NOAA20_SP
28.77191,76.85416,333.61,0.42,0.38,2023-10-23,807,N20,VIIRS,n,2,299.77,3.1,D,0,VIIRS_NOAA20_SP
28.79302,79.88515,332.84,0.57,0.43,2023-10-23,807,N20,VIIRS,n,2,303.0,4.03,D,0,VIIRS_NOAA20_SP
28.81787,79.47541,341.9,0.54,0.42,2023-10-23,807,N20,VIIRS,n,2,304.92,16.98,D,0,VIIRS_NOAA20_SP
28.85402,79.21479,333.58,0.52,0.42,2023-10-23,807,N20,VIIRS,n,2,300.31,3.5,D,0,VIIRS_NOAA20_SP
28.85784,79.65189,332.82,0.55,0.43,2023-10-23,807,N20,VIIRS,l,2,304.05,2.95,D,0,VIIRS_NOAA20_SP
28.86704,79.49078,338.92,0.54,0.42,2023-10-23,807,N20,VIIRS,n,2,301.84,3.56,D,0,VIIRS_NOAA20_SP
28.86891,79.37267,332.61,0.53,0.42,2023-10-23,807,N20,VIIRS,n,2,302.09,5.4,D,0,VIIRS_NOAA20_SP
28.86898,79.47357,338.99,0.54,0.42,2023-10-23,807,N20,VIIRS,n,2,306.28,4.69,D,0,VIIRS_NOAA20_SP
28.8696,79.65019,336.78,0.55,0.43,2023-10-23,807,N20,VIIRS,n,2,305.77,9.72,D,0,VIIRS_NOAA20_SP
28.87411,79.19793,333.7,0.52,0.42,2023-10-23,807,N20,VIIRS,n,2,302.32,2.42,D,0,VIIRS_NOAA20_SP
28.87742,79.71851,331.3,0.56,0.43,2023-10-23,807,N20,VIIRS,n,2,301.99,2.51,D,0,VIIRS_NOAA20_SP
28.88831,79.49625,332.11,0.54,0.42,2023-10-23,807,N20,VIIRS,n,2,301.98,2.45,D,0,VIIRS_NOAA20_SP
28.89184,79.84538,335.97,0.57,0.43,2023-10-23,807,N20,VIIRS,n,2,304.71,2.97,D,0,VIIRS_NOAA20_SP
28.89317,79.71625,332.31,0.56,0.43,2023-10-23,807,N20,VIIRS,n,2,301.18,4.32,D,0,VIIRS_NOAA20_SP
28.90498,79.71455,330.83,0.56,0.43,2023-10-23,807,N20,VIIRS,l,2,303.62,3.32,D,0,VIIRS_NOAA20_SP
28.9097,79.86057,334.53,0.57,0.43,2023-10-23,807,N20,VIIRS,n,2,304.62,2.89,D,0,VIIRS_NOAA20_SP
28.92407,79.82052,331.52,0.57,0.43,2023-10-23,807,N20,VIIRS,n,2,304.17,3.62,D,0,VIIRS_NOAA20_SP
28.92486,79.81704,331.42,0.57,0.43,2023-10-23,807,N20,VIIRS,n,2,304.01,3.25,D,0,VIIRS_NOAA20_SP
28.92799,79.42832,332.01,0.54,0.42,2023-10-23,807,N20,VIIRS,n,2,303.83,2.33,D,0,VIIRS_NOAA20_SP
28.92932,79.40565,332.23,0.54,0.42,2023-10-23,807,N20,VIIRS,l,2,303.33,4.96,D,0,VIIRS_NOAA20_SP
28.93295,79.90228,338.22,0.57,0.43,2023-10-23,807,N20,VIIRS,n,2,302.16,5.32,D,0,VIIRS_NOAA20_SP
28.9334,79.20549,337.45,0.53,0.42,2023-10-23,807,N20,VIIRS,n,2,305.08,3.23,D,0,VIIRS_NOAA20_SP
28.93698,79.71895,339.72,0.56,0.43,2023-10-23,807,N20,VIIRS,n,2,303.54,5.77,D,0,VIIRS_NOAA20_SP
28.9533,79.75752,336.09,0.56,0.43,2023-10-23,807,N20,VIIRS,n,2,304.66,6.02,D,0,VIIRS_NOAA20_SP
28.96082,79.93512,334.11,0.38,0.43,2023-10-23,807,N20,VIIRS,l,2,305.71,3.08,D,0,VIIRS_NOAA20_SP
28.96321,79.73852,336.35,0.56,0.43,2023-10-23,807,N20,VIIRS,n,2,306.48,3.89,D,0,VIIRS_NOAA20_SP
28.96774,79.77892,331.79,0.56,0.43,2023-10-23,807,N20,VIIRS,n,2,303.24,2.92,D,0,VIIRS_NOAA20_SP
28.97365,79.79572,333.56,0.56,0.43,2023-10-23,807,N20,VIIRS,n,2,303.48,4.38,D,0,VIIRS_NOAA20_SP
28.98651,79.94743,342.13,0.38,0.43,2023-10-23,807,N20,VIIRS,n,2,304.72,5.86,D,0,VIIRS_NOAA20_SP
28.98695,79.95137,343.22,0.38,0.43,2023-10-23,807,N20,VIIRS,n,2,302.83,5.86,D,0,VIIRS_NOAA20_SP
28.9887,79.96715,329.27,0.38,0.44,2023-10-23,807,N20,VIIRS,l,2,301.43,2.42,D,0,VIIRS_NOAA20_SP
29.00857,79.71445,337.72,0.56,0.43,2023-10-23,807,N20,VIIRS,n,2,304.56,9.42,D,0,VIIRS_NOAA20_SP
27.64522,68.54435,335.56,0.42,0.45,2023-10-23,808,N20,VIIRS,n,2,302.19,3.45,D,0,VIIRS_NOAA20_SP
28.26094,73.21246,336.95,0.4,0.37,2023-10-23,808,N20,VIIRS,l,2,308.08,2.1,D,0,VIIRS_NOAA20_SP
28.26159,73.21644,342.03,0.4,0.37,2023-10-23,808,N20,VIIRS,n,2,307.37,3.21,D,0,VIIRS_NOAA20_SP
28.26621,73.22373,336.42,0.4,0.37,2023-10-23,808,N20,VIIRS,l,2,307.5,2.29,D,0,VIIRS_NOAA20_SP
28.26772,73.33866,332.39,0.39,0.36,2023-10-23,808,N20,VIIRS,l,2,307.26,1.61,D,0,VIIRS_NOAA20_SP
28.27039,73.334,339.06,0.39,0.36,2023-10-23,808,N20,VIIRS,n,2,306.07,3.33,D,0,VIIRS_NOAA20_SP
28.27092,73.21039,339.26,0.4,0.37,2023-10-23,808,N20,VIIRS,n,2,308.5,2.64,D,0,VIIRS_NOAA20_SP
28.27104,73.33797,335.4,0.39,0.36,2023-10-23,808,N20,VIIRS,l,2,306.75,1.61,D,0,VIIRS_NOAA20_SP
28.27371,73.33331,337.99,0.39,0.36,2023-10-23,808,N20,VIIRS,n,2,306.64,1.63,D,0,VIIRS_NOAA20_SP
28.2749,73.21369,335.43,0.4,0.37,2023-10-23,808,N20,VIIRS,l,2,308.27,1.38,D,0,VIIRS_NOAA20_SP
28.60896,68.63489,336.36,0.4,0.44,2023-10-23,808,N20,VIIRS,n,2,304.03,1.19,D,0,VIIRS_NOAA20_SP
28.79374,76.91737,332.29,0.42,0.38,2023-10-23,808,N20,VIIRS,n,2,300.72,0.82,D,0,VIIRS_NOAA20_SP
28.80154,71.15405,334.11,0.45,0.39,2023-10-23,808,N20,VIIRS,n,2,302.57,2.37,D,0,VIIRS_NOAA20_SP
28.86709,76.83472,340.69,0.42,0.38,2023-10-23,808,N20,VIIRS,n,2,305.68,5.96,D,0,VIIRS_NOAA20_SP
29.06983,70.61276,331.3,0.47,0.4,2023-10-23,808,N20,VIIRS,l,2,302.7,1.26,D,0,VIIRS_NOAA20_SP
29.10985,79.20766,331.3,0.53,0.42,2023-10-23,808,N20,VIIRS,n,2,299.49,4.7,D,0,VIIRS_NOAA20_SP
29.11369,79.20708,332.12,0.53,0.42,2023-10-23,808,N20,VIIRS,n,2,300.13,5.47,D,0,VIIRS_NOAA20_SP
29.12607,76.95115,332.63,0.42,0.38,2023-10-23,808,N20,VIIRS,n,2,300.01,2.11,D,0,VIIRS_NOAA20_SP
29.14563,79.24654,331.02,0.53,0.42,2023-10-23,808,N20,VIIRS,n,2,300.32,4.0,D,0,VIIRS_NOAA20_SP
29.16164,79.18335,335.39,0.53,0.42,2023-10-23,808,N20,VIIRS,n,2,301.55,4.53,D,0,VIIRS_NOAA20_SP
29.22107,79.13894,333.25,0.53,0.42,2023-10-23,808,N20,VIIRS,n,2,301.34,3.47,D,0,VIIRS_NOAA20_SP
29.24657,76.72443,330.97,0.42,0.38,2023-10-23,808,N20,VIIRS,l,2,301.05,2.51,D,0,VIIRS_NOAA20_SP
29.25204,76.12222,333.16,0.4,0.37,2023-10-23,808,N20,VIIRS,n,2,301.81,2.75,D,0,VIIRS_NOAA20_SP
29.25519,76.86831,343.9,0.42,0.38,2023-10-23,808,N20,VIIRS,n,2,302.99,8.29,D,0,VIIRS_NOAA20_SP
29.25537,76.09628,333.61,0.4,0.37,2023-10-23,808,N20,VIIRS,n,2,303.8,2.76,D,0,VIIRS_NOAA20_SP
29.26425,70.27073,334.31,0.48,0.4,2023-10-23,808,N20,VIIRS,n,2,304.46,2.45,D,0,VIIRS_NOAA20_SP
29.26508,70.2729,334.9,0.49,0.4,2023-10-23,808,N20,VIIRS,n,2,303.63,4.04,D,0,VIIRS_NOAA20_SP
29.27938,76.04555,334.4,0.4,0.37,2023-10-23,808,N20,VIIRS,n,2,302.82,3.98,D,0,VIIRS_NOAA20_SP
29.28594,75.99388,332.78,0.4,0.37,2023-10-23,808,N20,VIIRS,n,2,302.09,2.65,D,0,VIIRS_NOAA20_SP
29.3085,70.53538,332.97,0.47,0.4,2023-10-23,808,N20,VIIRS,n,2,303.75,2.44,D,0,VIIRS_NOAA20_SP
29.3109,76.07362,331.69,0.4,0.37,2023-10-23,808,N20,VIIRS,n,2,302.36,1.73,D,0,VIIRS_NOAA20_SP
29.33216,75.24921,335.46,0.39,0.36,2023-10-23,808,N20,VIIRS,l,2,307.89,1.99,D,0,VIIRS_NOAA20_SP
29.3616,76.33356,336.85,0.41,0.37,2023-10-23,808,N20,VIIRS,n,2,299.02,4.19,D,0,VIIRS_NOAA20_SP
29.36601,76.18761,336.19,0.41,0.37,2023-10-23,808,N20,VIIRS,n,2,305.03,2.74,D,0,VIIRS_NOAA20_SP
29.36688,75.72511,333.16,0.4,0.37,2023-10-23,808,N20,VIIRS,n,2,301.98,3.03,D,0,VIIRS_NOAA20_SP
29.36727,70.37845,330.56,0.48,0.4,2023-10-23,808,N20,VIIRS,n,2,302.81,1.92,D,0,VIIRS_NOAA20_SP
29.37414,75.72794,333.02,0.4,0.37,2023-10-23,808,N20,VIIRS,n,2,303.9,2.0,D,0,VIIRS_NOAA20_SP
29.37503,75.95349,332.82,0.4,0.37,2023-10-23,808,N20,VIIRS,n,2,302.28,1.83,D,0,VIIRS_NOAA20_SP
29.37786,76.19824,342.52,0.41,0.37,2023-10-23,808,N20,VIIRS,n,2,301.6,3.53,D,0,VIIRS_NOAA20_SP
29.38137,75.85174,337.36,0.4,0.37,2023-10-23,808,N20,VIIRS,n,2,306.65,3.71,D,0,VIIRS_NOAA20_SP
29.40264,74.03707,335.42,0.38,0.36,2023-10-23,808,N20,VIIRS,n,2,299.84,2.2,D,0,VIIRS_NOAA20_SP
29.4138,75.98435,335.61,0.4,0.37,2023-10-23,808,N20,VIIRS,n,2,303.4,2.9,D,0,VIIRS_NOAA20_SP
29.4175,75.75303,339.87,0.4,0.37,2023-10-23,808,N20,VIIRS,n,2,304.77,4.05,D,0,VIIRS_NOAA20_SP
29.42345,75.69782,341.0,0.4,0.37,2023-10-23,808,N20,VIIRS,n,2,303.74,8.97,D,0,VIIRS_NOAA20_SP
29.44606,75.78536,331.67,0.4,0.37,2023-10-23,808,N20,VIIRS,n,2,304.09,1.45,D,0,VIIRS_NOAA20_SP
29.47393,76.85967,337.94,0.42,0.38,2023-10-23,808,N20,VIIRS,n,2,301.53,3.46,D,2,VIIRS_NOAA20_SP
29.47503,75.44062,339.48,0.39,0.36,2023-10-23,808,N20,VIIRS,n,2,303.53,6.67,D,0,VIIRS_NOAA20_SP
29.48309,76.30336,332.6,0.41,0.37,2023-10-23,808,N20,VIIRS,n,2,301.53,4.6,D,0,VIIRS_NOAA20_SP
29.49496,75.72713,335.93,0.4,0.37,2023-10-23,808,N20,VIIRS,n,2,300.78,3.82,D,0,VIIRS_NOAA20_SP
29.50683,77.08313,338.69,0.43,0.38,2023-10-23,808,N20,VIIRS,n,2,300.64,4.81,D,0,VIIRS_NOAA20_SP
29.51206,75.31847,331.9,0.39,0.36,2023-10-23,808,N20,VIIRS,n,2,300.4,3.89,D,0,VIIRS_NOAA20_SP
29.51515,76.20772,337.15,0.41,0.37,2023-10-23,808,N20,VIIRS,n,2,302.04,3.3,D,0,VIIRS_NOAA20_SP
29.54699,75.63427,333.43,0.4,0.37,2023-10-23,808,N20,VIIRS,n,2,302.19,6.19,D,0,VIIRS_NOAA20_SP
29.55882,76.27271,340.47,0.41,0.37,2023-10-23,808,N20,VIIRS,n,2,300.47,3.16,D,0,VIIRS_NOAA20_SP
29.55988,75.65269,331.22,0.4,0.37,2023-10-23,808,N20,VIIRS,n,2,302.75,1.51,D,0,VIIRS_NOAA20_SP
29.56124,75.71078,333.78,0.4,0.37,2023-10-23,808,N20,VIIRS,l,2,303.88,2.57,D,0,VIIRS_NOAA20_SP
29.56323,75.2517,332.52,0.39,0.36,2023-10-23,808,N20,VIIRS,n,2,300.48,2.64,D,0,VIIRS_NOAA20_SP
29.57069,76.04974,333.25,0.4,0.37,2023-10-23,808,N20,VIIRS,n,2,300.8,1.83,D,0,VIIRS_NOAA20_SP
29.59974,75.83768,342.4,0.4,0.37,2023-10-23,808,N20,VIIRS,n,2,305.69,8.96,D,0,VIIRS_NOAA20_SP
29.61478,77.22049,331.29,0.44,0.38,2023-10-23,808,N20,VIIRS,n,2,298.88,1.84,D,0,VIIRS_NOAA20_SP
29.61524,75.00109,331.32,0.39,0.36,2023-10-23,808,N20,VIIRS,n,2,301.51,2.62,D,0,VIIRS_NOAA20_SP
29.633,70.72147,334.61,0.46,0.39,2023-10-23,808,N20,VIIRS,n,2,304.15,3.99,D,0,VIIRS_NOAA20_SP
29.64867,77.15057,339.8,0.44,0.38,2023-10-23,808,N20,VIIRS,n,2,303.37,15.21,D,0,VIIRS_NOAA20_SP
29.6512,76.5917,330.9,0.42,0.37,2023-10-23,808,N20,VIIRS,n,2,299.93,2.62,D,0,VIIRS_NOAA20_SP
29.66905,75.32712,332.1,0.39,0.36,2023-10-23,808,N20,VIIRS,l,2,302.61,10.72,D,0,VIIRS_NOAA20_SP
29.67856,75.34595,331.88,0.39,0.36,2023-10-23,808,N20,VIIRS,n,2,300.5,4.53,D,0,VIIRS_NOAA20_SP
29.68188,75.34533,331.28,0.39,0.36,2023-10-23,808,N20,VIIRS,n,2,299.94,2.79,D,0,VIIRS_NOAA20_SP
29.7072,75.83118,347.16,0.4,0.37,2023-10-23,808,N20,VIIRS,n,2,304.52,8.96,D,0,VIIRS_NOAA20_SP
29.73674,76.2945,332.27,0.41,0.37,2023-10-23,808,N20,VIIRS,n,2,299.73,2.47,D,0,VIIRS_NOAA20_SP
29.74241,75.97362,333.39,0.4,0.37,2023-10-23,808,N20,VIIRS,n,2,301.51,2.29,D,0,VIIRS_NOAA20_SP
29.74683,75.2754,332.89,0.39,0.36,2023-10-23,808,N20,VIIRS,n,2,301.2,2.84,D,0,VIIRS_NOAA20_SP
29.74741,75.27941,334.29,0.39,0.36,2023-10-23,808,N20,VIIRS,n,2,302.69,2.63,D,0,VIIRS_NOAA20_SP
29.75479,75.98835,333.51,0.4,0.37,2023-10-23,808,N20,VIIRS,n,2,299.73,2.74,D,0,VIIRS_NOAA20_SP
29.79243,75.98579,335.9,0.4,0.37,2023-10-23,808,N20,VIIRS,n,2,302.35,4.69,D,0,VIIRS_NOAA20_SP
29.79529,76.00652,335.37,0.4,0.37,2023-10-23,808,N20,VIIRS,n,2,301.77,4.93,D,0,VIIRS_NOAA20_SP
29.79564,75.28717,333.8,0.39,0.36,2023-10-23,808,N20,VIIRS,n,2,300.11,5.19,D,0,VIIRS_NOAA20_SP
29.79866,76.00591,336.73,0.4,0.37,2023-10-23,808,N20,VIIRS,n,2,302.3,4.93,D,0,VIIRS_NOAA20_SP
29.8009,75.7015,331.01,0.4,0.37,2023-10-23,808,N20,VIIRS,l,2,301.29,5.61,D,0,VIIRS_NOAA20_SP
29.80483,76.00055,332.35,0.4,0.37,2023-10-23,808,N20,VIIRS,l,2,306.05,8.73,D,0,VIIRS_NOAA20_SP
29.8054,76.00469,333.57,0.4,0.37,2023-10-23,808,N20,VIIRS,n,2,302.05,8.81,D,0,VIIRS_NOAA20_SP
29.81388,76.01594,330.97,0.4,0.37,2023-10-23,808,N20,VIIRS,n,2,300.77,1.73,D,0,VIIRS_NOAA20_SP
29.8154,72.60727,332.01,0.4,0.37,2023-10-23,808,N20,VIIRS,n,2,303.72,1.56,D,0,VIIRS_NOAA20_SP
29.82405,75.22408,333.14,0.39,0.36,2023-10-23,808,N20,VIIRS,n,2,301.63,2.7,D,0,VIIRS_NOAA20_SP
29.82414,75.73131,330.01,0.4,0.37,2023-10-23,808,N20,VIIRS,n,2,300.76,1.43,D,0,VIIRS_NOAA20_SP
29.84095,75.27038,340.7,0.39,0.36,2023-10-23,808,N20,VIIRS,n,2,301.86,5.38,D,0,VIIRS_NOAA20_SP
29.84137,75.24966,339.52,0.39,0.36,2023-10-23,808,N20,VIIRS,n,2,301.75,7.16,D,0,VIIRS_NOAA20_SP
29.84344,75.84575,332.95,0.4,0.37,2023-10-23,808,N20,VIIRS,l,2,303.08,3.2,D,0,VIIRS_NOAA20_SP
29.84552,75.20766,338.7,0.39,0.36,2023-10-23,808,N20,VIIRS,n,2,303.25,6.83,D,0,VIIRS_NOAA20_SP
29.85135,76.34023,334.11,0.41,0.37,2023-10-23,808,N20,VIIRS,n,2,299.41,3.06,D,0,VIIRS_NOAA20_SP
29.85395,75.79739,335.64,0.4,0.37,2023-10-23,808,N20,VIIRS,n,2,302.0,3.04,D,0,VIIRS_NOAA20_SP
29.86497,76.33781,335.91,0.41,0.37,2023-10-23,808,N20,VIIRS,n,2,304.79,11.07,D,0,VIIRS_NOAA20_SP
29.868,75.43502,342.64,0.39,0.36,2023-10-23,808,N20,VIIRS,n,2,302.55,9.68,D,0,VIIRS_NOAA20_SP
29.87071,76.0191,332.93,0.4,0.37,2023-10-23,808,N20,VIIRS,n,2,303.61,8.93,D,0,VIIRS_NOAA20_SP
29.87822,76.20569,342.93,0.41,0.37,2023-10-23,808,N20,VIIRS,n,2,302.0,5.81,D,0,VIIRS_NOAA20_SP
29.88149,76.07271,331.87,0.41,0.37,2023-10-23,808,N20,VIIRS,n,2,298.62,2.54,D,0,VIIRS_NOAA20_SP
29.88276,75.88088,334.79,0.4,0.37,2023-10-23,808,N20,VIIRS,n,2,303.92,8.01,D,0,VIIRS_NOAA20_SP
29.89031,72.19038,332.9,0.41,0.37,2023-10-23,808,N20,VIIRS,n,2,298.34,1.9,D,0,VIIRS_NOAA20_SP
29.9195,76.19902,331.25,0.41,0.37,2023-10-23,808,N20,VIIRS,l,2,302.54,3.91,D,0,VIIRS_NOAA20_SP
29.92007,76.20323,333.83,0.41,0.37,2023-10-23,808,N20,VIIRS,n,2,300.3,3.91,D,0,VIIRS_NOAA20_SP
29.9229,76.19841,331.32,0.41,0.37,2023-10-23,808,N20,VIIRS,l,2,301.67,12.68,D,0,VIIRS_NOAA20_SP
29.92422,76.46784,331.17,0.42,0.37,2023-10-23,808,N20,VIIRS,n,2,303.78,2.27,D,0,VIIRS_NOAA20_SP
29.93406,76.12755,343.51,0.41,0.37,2023-10-23,808,N20,VIIRS,n,2,300.75,5.0,D,0,VIIRS_NOAA20_SP
29.94447,76.0271,334.81,0.4,0.37,2023-10-23,808,N20,VIIRS,n,2,301.42,3.85,D,0,VIIRS_NOAA20_SP
29.94619,76.24176,335.66,0.41,0.37,2023-10-23,808,N20,VIIRS,n,2,303.41,5.03,D,0,VIIRS_NOAA20_SP
29.94975,76.09039,332.83,0.41,0.37,2023-10-23,808,N20,VIIRS,n,2,299.81,3.29,D,0,VIIRS_NOAA20_SP
29.95055,75.68724,331.53,0.4,0.37,2023-10-23,808,N20,VIIRS,n,2,300.01,2.48,D,0,VIIRS_NOAA20_SP
29.95545,76.10651,332.88,0.41,0.37,2023-10-23,808,N20,VIIRS,n,2,300.79,2.31,D,0,VIIRS_NOAA20_SP
29.96346,76.13947,336.42,0.41,0.37,2023-10-23,808,N20,VIIRS,n,2,299.48,3.07,D,0,VIIRS_NOAA20_SP
29.9642,76.69082,332.95,0.42,0.38,2023-10-23,808,N20,VIIRS,n,2,299.58,3.2,D,0,VIIRS_NOAA20_SP
29.98446,76.16583,332.6,0.41,0.37,2023-10-23,808,N20,VIIRS,n,2,299.34,21.99,D,0,VIIRS_NOAA20_SP
29.98464,76.16189,335.71,0.41,0.37,2023-10-23,808,N20,VIIRS,n,2,303.14,18.93,D,0,VIIRS_NOAA20_SP
29.99389,75.95017,339.18,0.4,0.37,2023-10-23,808,N20,VIIRS,n,2,302.5,9.38,D,0,VIIRS_NOAA20_SP
30.0041,77.13775,330.96,0.44,0.38,2023-10-23,808,N20,VIIRS,n,2,299.19,4.31,D,0,VIIRS_NOAA20_SP
30.00495,73.33776,340.49,0.39,0.36,2023-10-23,808,N20,VIIRS,n,2,299.88,4.14,D,0,VIIRS_NOAA20_SP
30.00762,77.14043,339.31,0.44,0.38,2023-10-23,808,N20,VIIRS,n,2,298.61,4.64,D,0,VIIRS_NOAA20_SP
30.00919,76.44847,336.83,0.42,0.37,2023-10-23,808,N20,VIIRS,n,2,300.73,3.18,D,0,VIIRS_NOAA20_SP
30.01571,76.54863,330.45,0.42,0.38,2023-10-23,808,N20,VIIRS,n,2,302.04,2.28,D,0,VIIRS_NOAA20_SP
30.02763,76.95933,330.78,0.43,0.38,2023-10-23,808,N20,VIIRS,n,2,300.21,2.43,D,0,VIIRS_NOAA20_SP
30.03066,76.34888,333.07,0.41,0.37,2023-10-23,808,N20,VIIRS,n,2,302.5,3.79,D,0,VIIRS_NOAA20_SP
30.03148,76.1233,332.38,0.41,0.37,2023-10-23,808,N20,VIIRS,n,2,299.76,3.39,D,0,VIIRS_NOAA20_SP
30.03377,73.26177,331.87,0.39,0.36,2023-10-23,808,N20,VIIRS,n,2,298.59,1.49,D,0,VIIRS_NOAA20_SP
30.04253,75.87749,332.45,0.4,0.37,2023-10-23,808,N20,VIIRS,n,2,299.45,3.64,D,0,VIIRS_NOAA20_SP
30.0452,75.84726,341.15,0.4,0.37,2023-10-23,808,N20,VIIRS,n,2,300.86,4.03,D,0,VIIRS_NOAA20_SP
30.05769,73.32675,334.7,0.39,0.36,2023-10-23,808,N20,VIIRS,n,2,300.51,5.8,D,0,VIIRS_NOAA20_SP
30.0774,76.86527,332.62,0.43,0.38,2023-10-23,808,N20,VIIRS,n,2,300.36,2.28,D,0,VIIRS_NOAA20_SP
30.07974,76.86859,331.94,0.43,0.38,2023-10-23,808,N20,VIIRS,n,2,298.73,2.17,D,0,VIIRS_NOAA20_SP
30.11189,75.62427,336.08,0.4,0.37,2023-10-23,808,N20,VIIRS,n,2,301.34,3.9,D,0,VIIRS_NOAA20_SP
30.11372,75.78438,332.76,0.4,0.37,2023-10-23,808,N20,VIIRS,n,2,301.98,2.72,D,0,VIIRS_NOAA20_SP
30.12033,75.75774,331.04,0.4,0.37,2023-10-23,808,N20,VIIRS,n,2,300.63,2.02,D,0,VIIRS_NOAA20_SP
30.15066,76.35901,332.07,0.41,0.37,2023-10-23,808,N20,VIIRS,n,2,299.4,6.32,D,0,VIIRS_NOAA20_SP
30.15335,75.87061,345.07,0.4,0.37,2023-10-23,808,N20,VIIRS,n,2,305.49,18.13,D,0,VIIRS_NOAA20_SP
30.17148,72.93076,333.06,0.39,0.36,2023-10-23,808,N20,VIIRS,n,2,298.39,1.55,D,0,VIIRS_NOAA20_SP
30.17189,76.57159,331.07,0.42,0.38,2023-10-23,808,N20,VIIRS,n,2,299.38,2.56,D,0,VIIRS_NOAA20_SP
30.18519,75.86581,336.18,0.4,0.37,2023-10-23,808,N20,VIIRS,n,2,299.76,3.53,D,0,VIIRS_NOAA20_SP
30.18675,76.49798,331.38,0.42,0.38,2023-10-23,808,N20,VIIRS,n,2,300.15,2.56,D,0,VIIRS_NOAA20_SP
30.19311,76.57231,331.73,0.42,0.38,2023-10-23,808,N20,VIIRS,n,2,299.82,2.39,D,0,VIIRS_NOAA20_SP
30.20873,72.86441,348.15,0.39,0.36,2023-10-23,808,N20,VIIRS,n,2,303.43,13.1,D,0,VIIRS_NOAA20_SP
30.20986,76.78014,334.71,0.43,0.38,2023-10-23,808,N20,VIIRS,n,2,300.75,3.71,D,0,VIIRS_NOAA20_SP
30.21164,75.88231,334.83,0.4,0.37,2023-10-23,808,N20,VIIRS,n,2,300.58,2.79,D,0,VIIRS_NOAA20_SP
30.21314,76.53767,335.07,0.42,0.38,2023-10-23,808,N20,VIIRS,n,2,301.36,3.0,D,0,VIIRS_NOAA20_SP
30.21679,76.75185,333.8,0.43,0.38,2023-10-23,808,N20,VIIRS,n,2,299.27,2.52,D,0,VIIRS_NOAA20_SP
30.21733,76.23044,330.43,0.41,0.37,2023-10-23,808,N20,VIIRS,n,2,298.32,2.04,D,0,VIIRS_NOAA20_SP
30.22516,72.90262,345.93,0.39,0.36,2023-10-23,808,N20,VIIRS,n,2,301.62,11.22,D,0,VIIRS_NOAA20_SP
30.22684,76.50864,342.7,0.42,0.38,2023-10-23,808,N20,VIIRS,n,2,302.76,5.65,D,0,VIIRS_NOAA20_SP
30.22692,76.17218,332.13,0.41,0.37,2023-10-23,808,N20,VIIRS,n,2,300.45,2.34,D,0,VIIRS_NOAA20_SP
30.22733,76.07258,336.38,0.41,0.37,2023-10-23,808,N20,VIIRS,n,2,300.69,5.83,D,0,VIIRS_NOAA20_SP
30.22992,73.1673,332.31,0.39,0.36,2023-10-23,808,N20,VIIRS,n,2,297.49,1.66,D,0,VIIRS_NOAA20_SP
30.25027,76.24199,340.91,0.41,0.37,2023-10-23,808,N20,VIIRS,n,2,300.66,4.0,D,0,VIIRS_NOAA20_SP
30.25544,76.28037,342.97,0.41,0.37,2023-10-23,808,N20,VIIRS,n,2,301.43,6.91,D,0,VIIRS_NOAA20_SP
30.25592,76.67307,338.83,0.42,0.38,2023-10-23,808,N20,VIIRS,n,2,300.7,4.68,D,0,VIIRS_NOAA20_SP
30.26127,76.48179,334.34,0.42,0.38,2023-10-23,808,N20,VIIRS,n,2,300.47,7.48,D,0,VIIRS_NOAA20_SP
30.26206,76.17457,343.39,0.41,0.37,2023-10-23,808,N20,VIIRS,n,2,304.48,13.6,D,0,VIIRS_NOAA20_SP
30.26241,76.43735,332.39,0.42,0.37,2023-10-23,808,N20,VIIRS,n,2,300.87,3.42,D,0,VIIRS_NOAA20_SP
30.2641,76.39732,333.75,0.42,0.37,2023-10-23,808,N20,VIIRS,n,2,302.42,4.27,D,0,VIIRS_NOAA20_SP
30.26471,76.48118,333.29,0.42,0.38,2023-10-23,808,N20,VIIRS,n,2,300.31,2.9,D,0,VIIRS_NOAA20_SP
30.26503,77.01251,332.53,0.44,0.38,2023-10-23,808,N20,VIIRS,n,2,300.34,2.19,D,0,VIIRS_NOAA20_SP
30.26597,76.15215,338.76,0.41,0.37,2023-10-23,808,N20,VIIRS,n,2,301.39,5.9,D,0,VIIRS_NOAA20_SP
30.26718,76.18668,341.24,0.41,0.37,2023-10-23,808,N20,VIIRS,n,2,301.33,6.63,D,0,VIIRS_NOAA20_SP
30.27244,70.62444,337.41,0.45,0.39,2023-10-23,808,N20,VIIRS,n,2,299.77,3.29,D,0,VIIRS_NOAA20_SP
30.27558,76.14609,334.67,0.41,0.37,2023-10-23,808,N20,VIIRS,n,2,302.24,3.48,D,0,VIIRS_NOAA20_SP
30.28599,70.7417,337.52,0.45,0.39,2023-10-23,808,N20,VIIRS,n,2,298.79,3.99,D,0,VIIRS_NOAA20_SP
30.28862,73.25816,347.15,0.39,0.36,2023-10-23,808,N20,VIIRS,n,2,298.15,4.24,D,0,VIIRS_NOAA20_SP
30.29686,76.64497,331.28,0.42,0.38,2023-10-23,808,N20,VIIRS,n,2,298.25,2.47,D,0,VIIRS_NOAA20_SP
30.29805,72.91254,330.27,0.39,0.36,2023-10-23,808,N20,VIIRS,n,2,299.08,1.97,D,0,VIIRS_NOAA20_SP
30.29963,77.33845,334.18,0.45,0.39,2023-10-23,808,N20,VIIRS,n,2,301.37,2.67,D,0,VIIRS_NOAA20_SP
30.31146,74.13288,331.95,0.38,0.36,2023-10-23,808,N20,VIIRS,n,2,298.02,2.38,D,0,VIIRS_NOAA20_SP
30.31259,77.21367,335.15,0.44,0.39,2023-10-23,808,N20,VIIRS,n,2,301.88,2.88,D,0,VIIRS_NOAA20_SP
30.31589,76.73619,330.36,0.43,0.38,2023-10-23,808,N20,VIIRS,n,2,299.19,2.23,D,0,VIIRS_NOAA20_SP
30.32,72.39909,342.51,0.4,0.37,2023-10-23,808,N20,VIIRS,n,2,300.81,8.89,D,0,VIIRS_NOAA20_SP
30.3205,76.71733,332.41,0.43,0.38,2023-10-23,808,N20,VIIRS,n,2,299.68,3.05,D,0,VIIRS_NOAA20_SP
30.3228,73.15223,333.03,0.39,0.36,2023-10-23,808,N20,VIIRS,n,2,297.8,3.89,D,0,VIIRS_NOAA20_SP
30.32334,72.39835,342.73,0.4,0.37,2023-10-23,808,N20,VIIRS,n,2,303.59,13.34,D,0,VIIRS_NOAA20_SP
30.32384,76.99035,341.04,0.44,0.38,2023-10-23,808,N20,VIIRS,n,2,301.35,5.22,D,0,VIIRS_NOAA20_SP
30.32761,76.45236,334.38,0.42,0.38,2023-10-23,808,N20,VIIRS,n,2,303.03,3.75,D,0,VIIRS_NOAA20_SP
30.33726,76.737,332.43,0.43,0.38,2023-10-23,808,N20,VIIRS,n,2,300.42,2.63,D,0,VIIRS_NOAA20_SP
30.34142,73.11932,342.35,0.39,0.36,2023-10-23,808,N20,VIIRS,n,2,299.15,3.87,D,0,VIIRS_NOAA20_SP
30.34587,73.55853,334.81,0.39,0.36,2023-10-23,808,N20,VIIRS,n,2,298.78,6.08,D,0,VIIRS_NOAA20_SP
30.34916,73.55786,343.81,0.39,0.36,2023-10-23,808,N20,VIIRS,n,2,300.13,6.08,D,0,VIIRS_NOAA20_SP
30.34925,73.42696,330.47,0.39,0.36,2023-10-23,808,N20,VIIRS,n,2,297.5,1.62,D,0,VIIRS_NOAA20_SP
30.34987,73.43095,332.69,0.39,0.36,2023-10-23,808,N20,VIIRS,n,2,297.74,2.73,D,0,VIIRS_NOAA20_SP
30.35355,74.61884,330.43,0.39,0.36,2023-10-23,808,N20,VIIRS,n,2,298.02,1.88,D,0,VIIRS_NOAA20_SP
30.36058,76.97023,333.45,0.43,0.38,2023-10-23,808,N20,VIIRS,n,2,299.54,2.81,D,0,VIIRS_NOAA20_SP
30.36189,77.34906,339.37,0.45,0.39,2023-10-23,808,N20,VIIRS,n,2,302.6,4.54,D,0,VIIRS_NOAA20_SP
30.36644,76.61039,333.1,0.42,0.38,2023-10-23,808,N20,VIIRS,n,2,300.38,5.31,D,0,VIIRS_NOAA20_SP
30.36646,76.06986,334.06,0.41,0.37,2023-10-23,808,N20,VIIRS,n,2,300.87,4.23,D,0,VIIRS_NOAA20_SP
30.36814,76.60668,332.55,0.42,0.38,2023-10-23,808,N20,VIIRS,l,2,304.19,9.91,D,0,VIIRS_NOAA20_SP
30.36989,76.60979,338.37,0.42,0.38,2023-10-23,808,N20,VIIRS,n,2,302.68,5.31,D,0,VIIRS_NOAA20_SP
30.38228,75.84862,333.31,0.4,0.37,2023-10-23,808,N20,VIIRS,n,2,301.42,1.78,D,0,VIIRS_NOAA20_SP
30.38255,70.7109,334.09,0.45,0.39,2023-10-23,808,N20,VIIRS,n,2,302.54,2.05,D,0,VIIRS_NOAA20_SP
30.38553,73.01039,333.27,0.39,0.36,2023-10-23,808,N20,VIIRS,n,2,298.66,3.05,D,0,VIIRS_NOAA20_SP
30.39279,73.61886,331.17,0.39,0.36,2023-10-23,808,N20,VIIRS,n,2,299.31,2.41,D,0,VIIRS_NOAA20_SP
30.39287,76.57994,335.11,0.42,0.38,2023-10-23,808,N20,VIIRS,n,2,301.81,3.69,D,0,VIIRS_NOAA20_SP
30.39341,73.62283,332.64,0.39,0.36,2023-10-23,808,N20,VIIRS,n,2,298.53,2.41,D,0,VIIRS_NOAA20_SP
30.40677,73.38207,336.55,0.39,0.36,2023-10-23,808,N20,VIIRS,n,2,299.94,2.53,D,0,VIIRS_NOAA20_SP
30.40724,76.58189,344.74,0.42,0.38,2023-10-23,808,N20,VIIRS,n,2,300.98,6.02,D,0,VIIRS_NOAA20_SP
30.41744,73.58098,331.83,0.39,0.36,2023-10-23,808,N20,VIIRS,n,2,299.24,6.11,D,0,VIIRS_NOAA20_SP
30.4192,71.94203,331.38,0.41,0.37,2023-10-23,808,N20,VIIRS,n,2,298.6,3.19,D,0,VIIRS_NOAA20_SP
30.42851,76.58265,338.92,0.42,0.38,2023-10-23,808,N20,VIIRS,n,2,301.53,8.57,D,0,VIIRS_NOAA20_SP
30.43604,73.41708,332.59,0.39,0.36,2023-10-23,808,N20,VIIRS,n,2,298.39,1.3,D,0,VIIRS_NOAA20_SP
30.44618,76.3232,330.16,0.42,0.37,2023-10-23,808,N20,VIIRS,n,2,297.99,2.57,D,0,VIIRS_NOAA20_SP
30.44909,73.56622,331.6,0.39,0.36,2023-10-23,808,N20,VIIRS,n,2,297.5,3.91,D,0,VIIRS_NOAA20_SP
30.45238,73.56554,345.96,0.39,0.36,2023-10-23,808,N20,VIIRS,n,2,298.85,3.91,D,0,VIIRS_NOAA20_SP
30.45315,71.72374,335.3,0.42,0.37,2023-10-23,808,N20,VIIRS,n,2,298.86,2.89,D,0,VIIRS_NOAA20_SP
30.47555,70.78178,330.38,0.45,0.39,2023-10-23,808,N20,VIIRS,n,2,301.99,2.93,D,0,VIIRS_NOAA20_SP
30.48505,76.61918,333.54,0.42,0.38,2023-10-23,808,N20,VIIRS,n,2,300.88,2.96,D,0,VIIRS_NOAA20_SP
30.48725,75.9325,330.34,0.41,0.37,2023-10-23,808,N20,VIIRS,n,2,298.31,2.24,D,0,VIIRS_NOAA20_SP
30.49089,73.57053,333.02,0.39,0.36,2023-10-23,808,N20,VIIRS,n,2,299.55,4.11,D,0,VIIRS_NOAA20_SP
30.49646,73.10796,334.16,0.39,0.36,2023-10-23,808,N20,VIIRS,n,2,299.39,2.88,D,0,VIIRS_NOAA20_SP
30.5089,72.22149,338.49,0.4,0.37,2023-10-23,808,N20,VIIRS,n,2,298.62,3.5,D,0,VIIRS_NOAA20_SP
30.50934,76.84492,336.48,0.43,0.38,2023-10-23,808,N20,VIIRS,n,2,302.79,3.21,D,0,VIIRS_NOAA20_SP
30.51025,76.84184,336.38,0.43,0.38,2023-10-23,808,N20,VIIRS,n,2,303.93,3.4,D,0,VIIRS_NOAA20_SP
30.51225,72.22075,343.02,0.4,0.37,2023-10-23,808,N20,VIIRS,n,2,299.2,6.38,D,0,VIIRS_NOAA20_SP
30.51424,73.45894,330.26,0.39,0.36,2023-10-23,808,N20,VIIRS,n,2,296.8,2.26,D,0,VIIRS_NOAA20_SP
30.51677,73.54055,341.18,0.39,0.36,2023-10-23,808,N20,VIIRS,n,2,303.79,19.56,D,0,VIIRS_NOAA20_SP
30.51689,72.91703,332.86,0.39,0.36,2023-10-23,808,N20,VIIRS,n,2,299.34,3.58,D,0,VIIRS_NOAA20_SP
30.5264,76.50426,333.51,0.42,0.38,2023-10-23,808,N20,VIIRS,n,2,302.0,6.61,D,0,VIIRS_NOAA20_SP
30.52948,72.1782,334.92,0.4,0.37,2023-10-23,808,N20,VIIRS,n,2,302.05,12.91,D,0,VIIRS_NOAA20_SP
30.53168,73.41838,331.35,0.39,0.36,2023-10-23,808,N20,VIIRS,n,2,297.85,1.97,D,0,VIIRS_NOAA20_SP
30.53959,72.84538,331.64,0.39,0.36,2023-10-23,808,N20,VIIRS,n,2,298.48,2.67,D,0,VIIRS_NOAA20_SP
30.54482,73.74387,334.02,0.38,0.36,2023-10-23,808,N20,VIIRS,n,2,298.55,3.66,D,0,VIIRS_NOAA20_SP
30.55029,76.73904,333.05,0.43,0.38,2023-10-23,808,N20,VIIRS,n,2,299.95,2.8,D,0,VIIRS_NOAA20_SP
30.55719,73.69216,331.03,0.38,0.36,2023-10-23,808,N20,VIIRS,n,2,299.76,2.37,D,0,VIIRS_NOAA20_SP
30.56047,71.83714,334.78,0.41,0.37,2023-10-23,808,N20,VIIRS,n,2,299.44,3.77,D,0,VIIRS_NOAA20_SP
30.56462,72.87342,333.4,0.39,0.36,2023-10-23,808,N20,VIIRS,n,2,300.69,1.9,D,0,VIIRS_NOAA20_SP
30.56636,73.75173,333.46,0.38,0.36,2023-10-23,808,N20,VIIRS,n,2,299.33,3.6,D,0,VIIRS_NOAA20_SP
30.56713,76.78625,338.17,0.43,0.38,2023-10-23,808,N20,VIIRS,n,2,300.66,3.79,D,0,VIIRS_NOAA20_SP
30.57087,73.759,337.87,0.38,0.36,2023-10-23,808,N20,VIIRS,n,2,299.01,7.65,D,0,VIIRS_NOAA20_SP
30.57755,76.49999,340.53,0.42,0.38,2023-10-23,808,N20,VIIRS,n,2,303.63,3.64,D,0,VIIRS_NOAA20_SP
30.57833,74.09716,338.59,0.38,0.36,2023-10-23,808,N20,VIIRS,n,2,300.58,3.87,D,0,VIIRS_NOAA20_SP
30.58888,73.78807,330.63,0.38,0.36,2023-10-23,808,N20,VIIRS,n,2,299.19,2.2,D,0,VIIRS_NOAA20_SP
30.58903,76.53381,331.69,0.42,0.38,2023-10-23,808,N20,VIIRS,n,2,299.8,3.34,D,0,VIIRS_NOAA20_SP
30.59034,73.77549,340.24,0.38,0.36,2023-10-23,808,N20,VIIRS,n,2,301.19,10.13,D,0,VIIRS_NOAA20_SP
30.59363,76.51506,344.8,0.42,0.38,2023-10-23,808,N20,VIIRS,n,2,304.29,7.96,D,0,VIIRS_NOAA20_SP
30.5965,76.53698,339.38,0.42,0.38,2023-10-23,808,N20,VIIRS,n,2,300.71,3.63,D,0,VIIRS_NOAA20_SP
30.59954,76.21671,332.47,0.41,0.37,2023-10-23,808,N20,VIIRS,n,2,301.01,2.65,D,0,VIIRS_NOAA20_SP
30.60456,76.59857,333.91,0.42,0.38,2023-10-23,808,N20,VIIRS,n,2,301.58,3.97,D,0,VIIRS_NOAA20_SP
30.60564,75.304,331.16,0.39,0.36,2023-10-23,808,N20,VIIRS,n,2,298.9,1.51,D,0,VIIRS_NOAA20_SP
30.61072,73.93102,335.99,0.38,0.36,2023-10-23,808,N20,VIIRS,n,2,299.52,2.24,D,0,VIIRS_NOAA20_SP
30.61311,73.43864,332.66,0.39,0.36,2023-10-23,808,N20,VIIRS,n,2,298.4,2.47,D,0,VIIRS_NOAA20_SP
30.61423,72.19881,332.61,0.4,0.37,2023-10-23,808,N20,VIIRS,n,2,298.15,2.0,D,0,VIIRS_NOAA20_SP
30.62001,76.47459,330.55,0.42,0.38,2023-10-23,808,N20,VIIRS,n,2,299.48,1.68,D,0,VIIRS_NOAA20_SP
30.62149,73.77758,336.12,0.38,0.36,2023-10-23,808,N20,VIIRS,n,2,299.28,3.24,D,0,VIIRS_NOAA20_SP
30.62816,71.75716,334.14,0.41,0.37,2023-10-23,808,N20,VIIRS,n,2,299.5,4.62,D,0,VIIRS_NOAA20_SP
30.63156,72.17776,335.46,0.4,0.37,2023-10-23,808,N20,VIIRS,n,2,297.84,5.35,D,0,VIIRS_NOAA20_SP
30.63657,73.45844,332.8,0.39,0.36,2023-10-23,808,N20,VIIRS,n,2,298.85,3.01,D,0,VIIRS_NOAA20_SP
30.6394,74.39214,341.74,0.39,0.36,2023-10-23,808,N20,VIIRS,n,2,300.6,10.49,D,0,VIIRS_NOAA20_SP
30.63962,73.85171,332.33,0.38,0.36,2023-10-23,808,N20,VIIRS,n,2,298.59,7.28,D,0,VIIRS_NOAA20_SP
30.64269,74.39149,339.3,0.39,0.36,2023-10-23,808,N20,VIIRS,n,2,298.4,10.14,D,0,VIIRS_NOAA20_SP
30.64289,73.7404,335.57,0.38,0.36,2023-10-23,808,N20,VIIRS,n,2,298.72,2.78,D,0,VIIRS_NOAA20_SP
30.64322,72.78976,331.09,0.39,0.36,2023-10-23,808,N20,VIIRS,n,2,296.34,1.72,D,0,VIIRS_NOAA20_SP
30.65086,75.31697,343.18,0.39,0.37,2023-10-23,808,N20,VIIRS,n,2,300.74,8.19,D,0,VIIRS_NOAA20_SP
30.65155,73.84107,336.03,0.38,0.36,2023-10-23,808,N20,VIIRS,n,2,297.83,3.25,D,0,VIIRS_NOAA20_SP
30.65251,73.86955,355.87,0.38,0.36,2023-10-23,808,N20,VIIRS,n,2,299.74,9.36,D,0,VIIRS_NOAA20_SP
30.65301,73.82848,336.76,0.38,0.36,2023-10-23,808,N20,VIIRS,n,2,298.26,3.12,D,0,VIIRS_NOAA20_SP
30.65306,74.43857,334.61,0.39,0.36,2023-10-23,808,N20,VIIRS,n,2,298.31,3.58,D,0,VIIRS_NOAA20_SP
30.65362,73.83246,334.09,0.38,0.36,2023-10-23,808,N20,VIIRS,n,2,297.68,3.12,D,0,VIIRS_NOAA20_SP
30.65994,76.14573,333.28,0.41,0.37,2023-10-23,808,N20,VIIRS,n,2,301.76,2.82,D,0,VIIRS_NOAA20_SP
30.66054,73.85562,355.28,0.38,0.36,2023-10-23,808,N20,VIIRS,n,2,299.21,8.65,D,0,VIIRS_NOAA20_SP
30.66279,73.93708,336.17,0.38,0.36,2023-10-23,808,N20,VIIRS,n,2,300.05,2.15,D,0,VIIRS_NOAA20_SP
30.66876,74.36169,334.97,0.38,0.36,2023-10-23,808,N20,VIIRS,n,2,300.59,7.19,D,0,VIIRS_NOAA20_SP
30.66885,72.84281,332.78,0.39,0.36,2023-10-23,808,N20,VIIRS,n,2,297.23,1.56,D,0,VIIRS_NOAA20_SP
30.67266,76.45336,330.61,0.42,0.38,2023-10-23,808,N20,VIIRS,l,2,300.85,3.57,D,0,VIIRS_NOAA20_SP
30.67356,76.53242,329.9,0.42,0.38,2023-10-23,808,N20,VIIRS,n,2,301.58,3.37,D,0,VIIRS_NOAA20_SP
30.67392,76.45614,344.58,0.42,0.38,2023-10-23,808,N20,VIIRS,n,2,301.26,5.37,D,0,VIIRS_NOAA20_SP
30.67415,76.53681,332.0,0.42,0.38,2023-10-23,808,N20,VIIRS,n,2,299.27,3.8,D,0,VIIRS_NOAA20_SP
30.67572,73.99998,338.73,0.38,0.36,2023-10-23,808,N20,VIIRS,n,2,298.95,3.38,D,0,VIIRS_NOAA20_SP
30.67747,71.9652,332.41,0.41,0.37,2023-10-23,808,N20,VIIRS,n,2,298.03,2.51,D,0,VIIRS_NOAA20_SP
30.67826,76.5676,332.17,0.42,0.38,2023-10-23,808,N20,VIIRS,n,2,300.79,2.72,D,0,VIIRS_NOAA20_SP
30.67954,76.45214,331.09,0.42,0.38,2023-10-23,808,N20,VIIRS,n,2,301.7,2.7,D,0,VIIRS_NOAA20_SP
30.6888,73.95227,330.18,0.38,0.36,2023-10-23,808,N20,VIIRS,n,2,298.35,2.22,D,0,VIIRS_NOAA20_SP
30.69035,75.55034,338.03,0.4,0.37,2023-10-23,808,N20,VIIRS,n,2,301.13,6.56,D,0,VIIRS_NOAA20_SP
30.69079,73.4554,334.43,0.39,0.36,2023-10-23,808,N20,VIIRS,n,2,296.57,1.98,D,0,VIIRS_NOAA20_SP
30.69617,73.88932,331.5,0.38,0.36,2023-10-23,808,N20,VIIRS,n,2,297.83,2.03,D,0,VIIRS_NOAA20_SP
30.69712,74.87933,341.71,0.39,0.36,2023-10-23,808,N20,VIIRS,n,2,299.76,5.27,D,0,VIIRS_NOAA20_SP
30.69788,76.59279,329.8,0.43,0.38,2023-10-23,808,N20,VIIRS,n,2,300.23,1.43,D,0,VIIRS_NOAA20_SP
30.69966,74.24919,330.97,0.38,0.36,2023-10-23,808,N20,VIIRS,n,2,298.06,1.94,D,0,VIIRS_NOAA20_SP
30.70714,73.8502,333.58,0.38,0.36,2023-10-23,808,N20,VIIRS,n,2,298.22,3.03,D,0,VIIRS_NOAA20_SP
30.70834,73.61205,331.22,0.38,0.36,2023-10-23,808,N20,VIIRS,n,2,299.01,9.31,D,0,VIIRS_NOAA20_SP
30.70895,73.61602,334.42,0.38,0.36,2023-10-23,808,N20,VIIRS,n,2,299.77,9.31,D,0,VIIRS_NOAA20_SP
30.70943,75.34377,336.73,0.4,0.37,2023-10-23,808,N20,VIIRS,n,2,299.97,3.73,D,0,VIIRS_NOAA20_SP
30.71293,75.76394,341.67,0.4,0.37,2023-10-23,808,N20,VIIRS,n,2,300.25,3.94,D,0,VIIRS_NOAA20_SP
30.72081,76.41802,336.29,0.42,0.38,2023-10-23,808,N20,VIIRS,n,2,301.9,4.52,D,0,VIIRS_NOAA20_SP
30.72453,75.4507,331.81,0.4,0.37,2023-10-23,808,N20,VIIRS,n,2,300.78,3.05,D,0,VIIRS_NOAA20_SP
30.72655,73.16322,345.47,0.39,0.36,2023-10-23,808,N20,VIIRS,n,2,298.6,4.19,D,0,VIIRS_NOAA20_SP
30.72805,76.31432,335.87,0.42,0.37,2023-10-23,808,N20,VIIRS,n,2,300.13,3.31,D,0,VIIRS_NOAA20_SP
30.73247,76.58672,332.29,0.43,0.38,2023-10-23,808,N20,VIIRS,n,2,301.0,3.19,D,0,VIIRS_NOAA20_SP
30.74346,70.87336,331.05,0.44,0.38,2023-10-23,808,N20,VIIRS,n,2,299.57,2.08,D,0,VIIRS_NOAA20_SP
30.74694,70.87254,332.35,0.44,0.38,2023-10-23,808,N20,VIIRS,n,2,298.94,4.04,D,0,VIIRS_NOAA20_SP
30.75533,74.41862,341.64,0.39,0.36,2023-10-23,808,N20,VIIRS,n,2,300.9,5.6,D,0,VIIRS_NOAA20_SP
30.75796,75.45387,331.44,0.4,0.37,2023-10-23,808,N20,VIIRS,n,2,299.65,2.72,D,0,VIIRS_NOAA20_SP
30.75813,73.84796,337.91,0.38,0.36,2023-10-23,808,N20,VIIRS,n,2,298.63,3.26,D,0,VIIRS_NOAA20_SP
30.76501,74.76299,338.68,0.39,0.36,2023-10-23,808,N20,VIIRS,n,2,304.53,9.1,D,0,VIIRS_NOAA20_SP
30.76758,74.84911,336.51,0.39,0.36,2023-10-23,808,N20,VIIRS,n,2,300.21,3.05,D,0,VIIRS_NOAA20_SP
30.76958,73.76769,334.51,0.38,0.36,2023-10-23,808,N20,VIIRS,n,2,297.85,5.02,D,0,VIIRS_NOAA20_SP
30.77018,74.47325,332.18,0.39,0.36,2023-10-23,808,N20,VIIRS,n,2,299.96,1.87,D,0,VIIRS_NOAA20_SP
30.77419,73.12036,331.22,0.39,0.36,2023-10-23,808,N20,VIIRS,n,2,296.5,2.37,D,0,VIIRS_NOAA20_SP
30.77774,73.62232,331.44,0.38,0.36,2023-10-23,808,N20,VIIRS,n,2,298.62,1.2,D,0,VIIRS_NOAA20_SP
30.77943,73.76567,338.17,0.38,0.36,2023-10-23,808,N20,VIIRS,n,2,299.4,9.84,D,0,VIIRS_NOAA20_SP
30.78051,73.72851,335.78,0.38,0.36,2023-10-23,808,N20,VIIRS,n,2,298.18,2.98,D,0,VIIRS_NOAA20_SP
30.78244,75.7168,336.91,0.4,0.37,2023-10-23,808,N20,VIIRS,n,2,300.53,3.29,D,0,VIIRS_NOAA20_SP
30.78606,73.92017,335.26,0.38,0.36,2023-10-23,808,N20,VIIRS,n,2,298.17,3.22,D,0,VIIRS_NOAA20_SP
30.78927,76.30441,341.9,0.42,0.37,2023-10-23,808,N20,VIIRS,n,2,305.03,16.46,D,0,VIIRS_NOAA20_SP
30.7908,75.32095,331.03,0.4,0.37,2023-10-23,808,N20,VIIRS,n,2,297.71,1.78,D,0,VIIRS_NOAA20_SP
30.79538,74.57532,335.16,0.39,0.36,2023-10-23,808,N20,VIIRS,n,2,300.54,4.0,D,0,VIIRS_NOAA20_SP
30.79754,74.40614,333.74,0.39,0.36,2023-10-23,808,N20,VIIRS,n,2,300.47,3.25,D,0,VIIRS_NOAA20_SP
30.79868,74.57468,330.45,0.39,0.36,2023-10-23,808,N20,VIIRS,n,2,298.76,2.61,D,0,VIIRS_NOAA20_SP
30.80026,74.40157,336.09,0.39,0.36,2023-10-23,808,N20,VIIRS,n,2,301.41,5.07,D,0,VIIRS_NOAA20_SP
30.80278,74.48737,339.31,0.39,0.36,2023-10-23,808,N20,VIIRS,n,2,301.17,3.12,D,0,VIIRS_NOAA20_SP
30.80633,74.51137,338.16,0.39,0.36,2023-10-23,808,N20,VIIRS,n,2,302.94,6.42,D,0,VIIRS_NOAA20_SP
30.80716,74.54003,329.84,0.39,0.36,2023-10-23,808,N20,VIIRS,n,2,302.24,1.88,D,0,VIIRS_NOAA20_SP
30.80819,74.47807,331.44,0.39,0.36,2023-10-23,808,N20,VIIRS,n,2,298.37,1.81,D,0,VIIRS_NOAA20_SP
30.80875,73.78016,339.9,0.38,0.36,2023-10-23,808,N20,VIIRS,n,2,298.58,4.12,D,0,VIIRS_NOAA20_SP
30.81315,74.65025,333.09,0.39,0.36,2023-10-23,808,N20,VIIRS,n,2,300.34,2.04,D,0,VIIRS_NOAA20_SP
30.81562,74.50542,339.47,0.39,0.36,2023-10-23,808,N20,VIIRS,n,2,302.32,7.55,D,0,VIIRS_NOAA20_SP
30.81635,76.53699,335.15,0.42,0.38,2023-10-23,808,N20,VIIRS,n,2,300.17,2.46,D,0,VIIRS_NOAA20_SP
30.81645,74.6496,331.09,0.39,0.36,2023-10-23,808,N20,VIIRS,n,2,299.43,2.41,D,0,VIIRS_NOAA20_SP
30.8187,73.97914,333.15,0.38,0.36,2023-10-23,808,N20,VIIRS,n,2,300.49,2.94,D,0,VIIRS_NOAA20_SP
30.83036,74.79168,337.62,0.39,0.36,2023-10-23,808,N20,VIIRS,n,2,301.56,5.27,D,0,VIIRS_NOAA20_SP
30.83282,74.05012,331.32,0.38,0.36,2023-10-23,808,N20,VIIRS,n,2,298.18,4.32,D,0,VIIRS_NOAA20_SP
30.83305,73.98443,343.94,0.38,0.36,2023-10-23,808,N20,VIIRS,n,2,299.25,3.48,D,0,VIIRS_NOAA20_SP
30.83486,73.99637,338.31,0.38,0.36,2023-10-23,808,N20,VIIRS,n,2,299.53,5.66,D,0,VIIRS_NOAA20_SP
30.84076,74.35242,344.29,0.39,0.36,2023-10-23,808,N20,VIIRS,n,2,302.88,6.93,D,0,VIIRS_NOAA20_SP
30.84161,76.22413,332.58,0.42,0.37,2023-10-23,808,N20,VIIRS,n,2,300.39,3.61,D,0,VIIRS_NOAA20_SP
30.84351,75.47601,332.71,0.4,0.37,2023-10-23,808,N20,VIIRS,n,2,299.74,2.94,D,0,VIIRS_NOAA20_SP
30.84405,74.35177,335.21,0.39,0.36,2023-10-23,808,N20,VIIRS,n,2,301.64,6.93,D,0,VIIRS_NOAA20_SP
30.84452,73.83471,336.39,0.38,0.36,2023-10-23,808,N20,VIIRS,n,2,298.21,4.33,D,0,VIIRS_NOAA20_SP
30.8642,75.43875,341.7,0.4,0.37,2023-10-23,808,N20,VIIRS,n,2,300.39,5.81,D,0,VIIRS_NOAA20_SP
30.8741,73.27798,335.76,0.39,0.36,2023-10-23,808,N20,VIIRS,n,2,298.79,4.75,D,0,VIIRS_NOAA20_SP
30.8752,74.6795,330.54,0.39,0.36,2023-10-23,808,N20,VIIRS,n,2,300.29,2.9,D,0,VIIRS_NOAA20_SP
30.87578,74.68353,332.11,0.39,0.36,2023-10-23,808,N20,VIIRS,n,2,301.75,2.9,D,0,VIIRS_NOAA20_SP
30.88255,74.40572,334.44,0.39,0.36,2023-10-23,808,N20,VIIRS,n,2,301.41,5.66,D,0,VIIRS_NOAA20_SP
30.89617,73.99655,337.15,0.38,0.36,2023-10-23,808,N20,VIIRS,n,2,298.34,2.97,D,0,VIIRS_NOAA20_SP
30.89724,74.39044,342.64,0.39,0.36,2023-10-23,808,N20,VIIRS,n,2,300.49,3.46,D,0,VIIRS_NOAA20_SP
30.9224,74.30766,333.76,0.39,0.36,2023-10-23,808,N20,VIIRS,n,2,301.35,4.43,D,0,VIIRS_NOAA20_SP
30.9243,74.04833,342.58,0.38,0.36,2023-10-23,808,N20,VIIRS,n,2,300.76,3.44,D,0,VIIRS_NOAA20_SP
30.92629,75.97288,334.59,0.41,0.37,2023-10-23,808,N20,VIIRS,n,2,301.23,4.3,D,0,VIIRS_NOAA20_SP
30.92959,74.54068,330.81,0.39,0.36,2023-10-23,808,N20,VIIRS,n,2,299.49,2.06,D,0,VIIRS_NOAA20_SP
30.93077,74.54871,334.78,0.39,0.36,2023-10-23,808,N20,VIIRS,n,2,301.82,3.1,D,0,VIIRS_NOAA20_SP
30.94329,74.77396,331.32,0.39,0.36,2023-10-23,808,N20,VIIRS,n,2,300.28,5.57,D,0,VIIRS_NOAA20_SP
30.94455,74.55013,335.02,0.39,0.36,2023-10-23,808,N20,VIIRS,n,2,300.66,3.8,D,0,VIIRS_NOAA20_SP
30.94588,75.90906,338.94,0.41,0.37,2023-10-23,808,N20,VIIRS,n,2,303.95,10.75,D,0,VIIRS_NOAA20_SP
30.94674,74.1753,345.85,0.38,0.36,2023-10-23,808,N20,VIIRS,n,2,303.19,13.24,D,0,VIIRS_NOAA20_SP
30.9486,74.5084,338.65,0.39,0.36,2023-10-23,808,N20,VIIRS,n,2,301.9,7.26,D,0,VIIRS_NOAA20_SP
30.95599,74.07889,342.9,0.38,0.36,2023-10-23,808,N20,VIIRS,n,2,299.14,4.22,D,0,VIIRS_NOAA20_SP
30.96979,74.53725,337.26,0.39,0.36,2023-10-23,808,N20,VIIRS,n,2,301.81,3.51,D,0,VIIRS_NOAA20_SP
30.97364,74.174,332.33,0.38,0.36,2023-10-23,808,N20,VIIRS,n,2,299.35,1.65,D,0,VIIRS_NOAA20_SP
30.97484,74.13673,330.56,0.38,0.36,2023-10-23,808,N20,VIIRS,l,2,300.98,2.68,D,0,VIIRS_NOAA20_SP
30.9844,74.20061,332.8,0.38,0.36,2023-10-23,808,N20,VIIRS,n,2,299.28,3.31,D,0,VIIRS_NOAA20_SP
30.98524,74.04494,331.78,0.38,0.36,2023-10-23,808,N20,VIIRS,n,2,298.55,3.63,D,0,VIIRS_NOAA20_SP
30.99323,74.76878,335.18,0.39,0.36,2023-10-23,808,N20,VIIRS,n,2,304.87,13.36,D,0,VIIRS_NOAA20_SP
30.99337,74.12477,343.93,0.38,0.36,2023-10-23,808,N20,VIIRS,n,2,300.49,7.41,D,0,VIIRS_NOAA20_SP
31.00829,74.26988,335.57,0.38,0.36,2023-10-23,808,N20,VIIRS,n,2,298.69,2.0,D,0,VIIRS_NOAA20_SP
31.00943,74.18399,332.64,0.38,0.36,2023-10-23,808,N20,VIIRS,n,2,298.69,1.87,D,0,VIIRS_NOAA20_SP
31.01181,74.19997,333.22,0.38,0.36,2023-10-23,808,N20,VIIRS,n,2,300.83,39.33,D,0,VIIRS_NOAA20_SP
31.01566,74.2486,332.86,0.38,0.36,2023-10-23,808,N20,VIIRS,n,2,301.08,5.67,D,0,VIIRS_NOAA20_SP
31.02129,74.98846,330.8,0.39,0.36,2023-10-23,808,N20,VIIRS,n,2,298.73,2.6,D,0,VIIRS_NOAA20_SP
31.03662,74.88107,337.58,0.39,0.36,2023-10-23,808,N20,VIIRS,n,2,300.38,7.8,D,0,VIIRS_NOAA20_SP
31.03665,74.16205,337.45,0.38,0.36,2023-10-23,808,N20,VIIRS,n,2,304.02,26.84,D,0,VIIRS_NOAA20_SP
31.04222,75.56784,337.52,0.4,0.37,2023-10-23,808,N20,VIIRS,n,2,299.82,2.85,D,0,VIIRS_NOAA20_SP
31.04383,74.11945,331.15,0.38,0.36,2023-10-23,808,N20,VIIRS,n,2,298.04,1.58,D,0,VIIRS_NOAA20_SP
31.05746,74.30195,340.73,0.39,0.36,2023-10-23,808,N20,VIIRS,n,2,301.22,3.95,D,0,VIIRS_NOAA20_SP
31.06075,74.30128,340.6,0.39,0.36,2023-10-23,808,N20,VIIRS,n,2,302.01,3.95,D,0,VIIRS_NOAA20_SP
31.08143,74.28075,345.49,0.39,0.36,2023-10-23,808,N20,VIIRS,n,2,300.89,3.88,D,0,VIIRS_NOAA20_SP
31.08406,74.32135,330.55,0.39,0.36,2023-10-23,808,N20,VIIRS,n,2,302.49,1.83,D,0,VIIRS_NOAA20_SP
31.10847,75.26638,341.35,0.4,0.37,2023-10-23,808,N20,VIIRS,n,2,302.37,7.48,D,0,VIIRS_NOAA20_SP
31.11492,76.59653,329.92,0.43,0.38,2023-10-23,808,N20,VIIRS,n,2,300.19,2.24,D,0,VIIRS_NOAA20_SP
31.12738,73.77357,332.52,0.38,0.36,2023-10-23,808,N20,VIIRS,n,2,297.79,3.03,D,0,VIIRS_NOAA20_SP
31.1278,74.90189,332.36,0.39,0.36,2023-10-23,808,N20,VIIRS,n,2,299.98,3.34,D,0,VIIRS_NOAA20_SP
31.13188,76.17502,336.47,0.42,0.37,2023-10-23,808,N20,VIIRS,n,2,300.03,4.43,D,0,VIIRS_NOAA20_SP
31.14307,73.38763,343.66,0.39,0.36,2023-10-23,808,N20,VIIRS,n,2,296.56,5.42,D,0,VIIRS_NOAA20_SP
31.15784,74.59205,336.86,0.39,0.36,2023-10-23,808,N20,VIIRS,n,2,299.36,2.91,D,0,VIIRS_NOAA20_SP
31.16216,73.82406,335.48,0.38,0.36,2023-10-23,808,N20,VIIRS,n,2,298.8,2.81,D,0,VIIRS_NOAA20_SP
31.19068,75.83505,332.93,0.41,0.37,2023-10-23,808,N20,VIIRS,n,2,302.21,2.69,D,0,VIIRS_NOAA20_SP
31.19198,74.89781,329.84,0.39,0.36,2023-10-23,808,N20,VIIRS,n,2,301.68,3.83,D,0,VIIRS_NOAA20_SP
31.19257,74.90189,332.12,0.39,0.36,2023-10-23,808,N20,VIIRS,n,2,299.72,3.71,D,0,VIIRS_NOAA20_SP
31.19386,73.43069,331.21,0.38,0.36,2023-10-23,808,N20,VIIRS,n,2,297.7,2.55,D,0,VIIRS_NOAA20_SP
31.2011,73.74263,330.32,0.38,0.36,2023-10-23,808,N20,VIIRS,n,2,298.91,2.21,D,0,VIIRS_NOAA20_SP
31.24552,74.80004,335.25,0.39,0.36,2023-10-23,808,N20,VIIRS,n,2,298.99,2.57,D,0,VIIRS_NOAA20_SP
31.25772,74.67254,333.01,0.39,0.36,2023-10-23,808,N20,VIIRS,n,2,300.53,2.45,D,0,VIIRS_NOAA20_SP
31.26919,75.20776,329.47,0.4,0.37,2023-10-23,808,N20,VIIRS,n,2,299.23,1.55,D,0,VIIRS_NOAA20_SP
31.27196,75.36404,330.22,0.4,0.37,2023-10-23,808,N20,VIIRS,n,2,300.83,2.8,D,0,VIIRS_NOAA20_SP
31.28053,75.14207,331.39,0.39,0.37,2023-10-23,808,N20,VIIRS,n,2,299.66,2.6,D,0,VIIRS_NOAA20_SP
31.28265,74.37785,337.49,0.39,0.36,2023-10-23,808,N20,VIIRS,n,2,298.57,4.5,D,0,VIIRS_NOAA20_SP
31.29853,74.60291,341.78,0.39,0.36,2023-10-23,808,N20,VIIRS,n,2,305.14,13.14,D,0,VIIRS_NOAA20_SP
31.33394,74.98836,333.89,0.39,0.36,2023-10-23,808,N20,VIIRS,n,2,300.07,3.55,D,0,VIIRS_NOAA20_SP
31.34814,75.18422,331.89,0.4,0.37,2023-10-23,808,N20,VIIRS,n,2,298.18,3.97,D,0,VIIRS_NOAA20_SP
31.36305,73.75839,339.61,0.38,0.36,2023-10-23,808,N20,VIIRS,n,2,299.8,6.01,D,0,VIIRS_NOAA20_SP
31.3891,72.45097,332.25,0.39,0.36,2023-10-23,808,N20,VIIRS,n,2,298.23,2.06,D,0,VIIRS_NOAA20_SP
31.39257,73.63743,332.79,0.38,0.36,2023-10-23,808,N20,VIIRS,n,2,298.93,2.89,D,0,VIIRS_NOAA20_SP
31.39433,75.05782,340.26,0.39,0.36,2023-10-23,808,N20,VIIRS,n,2,307.18,27.09,D,0,VIIRS_NOAA20_SP
31.39617,74.78409,329.92,0.39,0.36,2023-10-23,808,N20,VIIRS,n,2,300.26,2.72,D,0,VIIRS_NOAA20_SP
31.39964,74.73738,341.08,0.39,0.36,2023-10-23,808,N20,VIIRS,n,2,302.02,7.94,D,0,VIIRS_NOAA20_SP
31.40376,74.76585,333.31,0.39,0.36,2023-10-23,808,N20,VIIRS,n,2,298.89,5.62,D,0,VIIRS_NOAA20_SP
31.41134,74.74763,342.54,0.39,0.36,2023-10-23,808,N20,VIIRS,n,2,305.76,22.32,D,0,VIIRS_NOAA20_SP
31.43984,74.64151,330.55,0.39,0.36,2023-10-23,808,N20,VIIRS,n,2,299.05,2.5,D,0,VIIRS_NOAA20_SP
31.44874,75.12782,335.11,0.39,0.37,2023-10-23,808,N20,VIIRS,n,2,300.84,7.37,D,0,VIIRS_NOAA20_SP
31.46072,75.58401,332.27,0.4,0.37,2023-10-23,808,N20,VIIRS,n,2,300.5,1.54,D,0,VIIRS_NOAA20_SP
31.46131,73.64381,331.42,0.38,0.36,2023-10-23,808,N20,VIIRS,n,2,296.91,9.53,D,0,VIIRS_NOAA20_SP
31.4646,75.16721,343.65,0.4,0.37,2023-10-23,808,N20,VIIRS,n,2,299.98,6.85,D,0,VIIRS_NOAA20_SP
31.46561,74.74935,332.34,0.39,0.36,2023-10-23,808,N20,VIIRS,n,2,299.5,2.8,D,0,VIIRS_NOAA20_SP
31.46853,75.17072,337.78,0.4,0.37,2023-10-23,808,N20,VIIRS,n,2,304.64,16.23,D,0,VIIRS_NOAA20_SP
31.48623,74.70344,333.22,0.39,0.36,2023-10-23,808,N20,VIIRS,n,2,300.75,4.07,D,0,VIIRS_NOAA20_SP
31.4866,75.47117,340.3,0.4,0.37,2023-10-23,808,N20,VIIRS,n,2,302.49,2.89,D,0,VIIRS_NOAA20_SP
31.49117,70.85088,334.91,0.43,0.38,2023-10-23,808,N20,VIIRS,n,2,299.72,2.47,D,0,VIIRS_NOAA20_SP
31.49145,75.2216,331.08,0.4,0.37,2023-10-23,808,N20,VIIRS,n,2,298.68,2.14,D,0,VIIRS_NOAA20_SP
31.50137,75.50291,331.9,0.4,0.37,2023-10-23,808,N20,VIIRS,n,2,299.66,1.82,D,0,VIIRS_NOAA20_SP
31.50326,75.44219,331.71,0.4,0.37,2023-10-23,808,N20,VIIRS,n,2,299.14,4.86,D,0,VIIRS_NOAA20_SP
31.50436,75.04496,329.82,0.39,0.36,2023-10-23,808,N20,VIIRS,n,2,300.19,1.96,D,0,VIIRS_NOAA20_SP
31.5044,75.14252,331.51,0.4,0.37,2023-10-23,808,N20,VIIRS,n,2,299.78,1.83,D,0,VIIRS_NOAA20_SP
31.50656,75.23151,330.0,0.4,0.37,2023-10-23,808,N20,VIIRS,n,2,299.47,2.09,D,0,VIIRS_NOAA20_SP
31.50774,75.14188,329.39,0.4,0.37,2023-10-23,808,N20,VIIRS,n,2,297.55,1.83,D,0,VIIRS_NOAA20_SP
31.50914,74.86259,344.61,0.39,0.36,2023-10-23,808,N20,VIIRS,n,2,300.01,4.4,D,0,VIIRS_NOAA20_SP
31.51843,74.66872,332.36,0.39,0.36,2023-10-23,808,N20,VIIRS,n,2,298.52,2.45,D,0,VIIRS_NOAA20_SP
31.51999,74.65586,330.92,0.39,0.36,2023-10-23,808,N20,VIIRS,n,2,299.16,3.05,D,0,VIIRS_NOAA20_SP
31.52035,75.10973,331.85,0.4,0.37,2023-10-23,808,N20,VIIRS,n,2,299.07,2.1,D,0,VIIRS_NOAA20_SP
31.52112,74.59296,335.24,0.39,0.36,2023-10-23,808,N20,VIIRS,n,2,301.31,10.18,D,0,VIIRS_NOAA20_SP
31.52329,75.47724,341.27,0.4,0.37,2023-10-23,808,N20,VIIRS,n,2,300.32,3.76,D,0,VIIRS_NOAA20_SP
31.53324,75.60094,328.82,0.4,0.37,2023-10-23,808,N20,VIIRS,n,2,299.78,2.41,D,0,VIIRS_NOAA20_SP
31.53977,75.10175,334.82,0.39,0.37,2023-10-23,808,N20,VIIRS,n,2,301.84,2.6,D,0,VIIRS_NOAA20_SP
31.54003,74.81967,338.09,0.39,0.36,2023-10-23,808,N20,VIIRS,n,2,301.9,7.18,D,0,VIIRS_NOAA20_SP
31.54178,74.83194,332.37,0.39,0.36,2023-10-23,808,N20,VIIRS,n,2,300.4,2.2,D,0,VIIRS_NOAA20_SP
31.54527,75.09221,344.9,0.39,0.37,2023-10-23,808,N20,VIIRS,n,2,302.45,6.58,D,0,VIIRS_NOAA20_SP
31.54629,74.76803,329.62,0.39,0.36,2023-10-23,808,N20,VIIRS,n,2,299.98,1.54,D,0,VIIRS_NOAA20_SP
31.5692,74.95309,342.0,0.39,0.36,2023-10-23,808,N20,VIIRS,n,2,303.04,10.64,D,0,VIIRS_NOAA20_SP
31.57155,75.1084,331.73,0.4,0.37,2023-10-23,808,N20,VIIRS,n,2,298.68,1.63,D,0,VIIRS_NOAA20_SP
31.57784,74.91763,330.99,0.39,0.36,2023-10-23,808,N20,VIIRS,n,2,298.72,2.57,D,0,VIIRS_NOAA20_SP
31.58132,74.65635,332.48,0.39,0.36,2023-10-23,808,N20,VIIRS,n,2,299.18,2.42,D,0,VIIRS_NOAA20_SP
31.58624,74.92867,333.23,0.39,0.36,2023-10-23,808,N20,VIIRS,n,2,299.98,1.84,D,0,VIIRS_NOAA20_SP
31.58628,74.78542,334.54,0.39,0.36,2023-10-23,808,N20,VIIRS,n,2,299.6,1.85,D,0,VIIRS_NOAA20_SP
31.5872,74.69709,330.8,0.39,0.36,2023-10-23,808,N20,VIIRS,n,2,298.46,2.16,D,0,VIIRS_NOAA20_SP
31.59051,74.69644,336.74,0.39,0.36,2023-10-23,808,N20,VIIRS,n,2,300.07,3.39,D,0,VIIRS_NOAA20_SP
31.59994,75.43263,338.08,0.4,0.37,2023-10-23,808,N20,VIIRS,n,2,302.08,5.63,D,0,VIIRS_NOAA20_SP
31.60011,74.59825,330.01,0.39,0.36,2023-10-23,808,N20,VIIRS,n,2,298.25,1.72,D,0,VIIRS_NOAA20_SP
31.60033,75.2489,331.85,0.4,0.37,2023-10-23,808,N20,VIIRS,n,2,299.39,3.16,D,0,VIIRS_NOAA20_SP
31.6033,75.432,337.89,0.4,0.37,2023-10-23,808,N20,VIIRS,n,2,301.07,5.63,D,0,VIIRS_NOAA20_SP
31.61926,75.23673,337.42,0.4,0.37,2023-10-23,808,N20,VIIRS,n,2,298.87,2.71,D,0,VIIRS_NOAA20_SP
31.62697,75.21816,332.34,0.4,0.37,2023-10-23,808,N20,VIIRS,n,2,300.5,4.76,D,0,VIIRS_NOAA20_SP
31.6324,74.65937,333.38,0.39,0.36,2023-10-23,808,N20,VIIRS,n,2,298.3,2.47,D,0,VIIRS_NOAA20_SP
31.63613,75.16092,336.99,0.4,0.37,2023-10-23,808,N20,VIIRS,n,2,302.92,10.92,D,0,VIIRS_NOAA20_SP
31.63785,74.64991,329.69,0.39,0.36,2023-10-23,808,N20,VIIRS,l,2,299.7,3.98,D,0,VIIRS_NOAA20_SP
31.63844,74.65399,331.44,0.39,0.36,2023-10-23,808,N20,VIIRS,n,2,297.81,3.98,D,0,VIIRS_NOAA20_SP
31.64396,74.52737,331.0,0.39,0.36,2023-10-23,808,N20,VIIRS,n,2,297.96,2.26,D,0,VIIRS_NOAA20_SP
31.6508,74.55109,331.68,0.39,0.36,2023-10-23,808,N20,VIIRS,n,2,298.15,1.84,D,0,VIIRS_NOAA20_SP
31.6515,75.12388,337.57,0.4,0.37,2023-10-23,808,N20,VIIRS,n,2,300.31,6.26,D,0,VIIRS_NOAA20_SP
31.65272,75.23037,332.15,0.4,0.37,2023-10-23,808,N20,VIIRS,n,2,300.15,2.88,D,0,VIIRS_NOAA20_SP
31.65423,74.69283,332.41,0.39,0.36,2023-10-23,808,N20,VIIRS,n,2,298.99,2.24,D,0,VIIRS_NOAA20_SP
31.66044,73.49997,332.28,0.38,0.36,2023-10-23,808,N20,VIIRS,n,2,297.52,1.11,D,0,VIIRS_NOAA20_SP
31.66593,74.70312,343.38,0.39,0.36,2023-10-23,808,N20,VIIRS,n,2,302.03,6.74,D,0,VIIRS_NOAA20_SP
31.66924,74.70247,336.54,0.39,0.36,2023-10-23,808,N20,VIIRS,n,2,301.35,6.74,D,0,VIIRS_NOAA20_SP
31.67439,75.2134,329.71,0.4,0.37,2023-10-23,808,N20,VIIRS,n,2,298.69,3.26,D,0,VIIRS_NOAA20_SP
31.67617,74.60884,331.26,0.39,0.36,2023-10-23,808,N20,VIIRS,n,2,298.47,3.48,D,0,VIIRS_NOAA20_SP
31.67646,74.84837,333.24,0.39,0.36,2023-10-23,808,N20,VIIRS,n,2,299.17,2.34,D,0,VIIRS_NOAA20_SP
31.67667,74.80196,331.48,0.39,0.36,2023-10-23,808,N20,VIIRS,n,2,299.37,2.01,D,0,VIIRS_NOAA20_SP
31.68346,73.9425,345.33,0.38,0.36,2023-10-23,808,N20,VIIRS,n,2,301.49,7.29,D,0,VIIRS_NOAA20_SP
31.68537,74.64894,331.96,0.39,0.36,2023-10-23,808,N20,VIIRS,n,2,298.5,2.96,D,0,VIIRS_NOAA20_SP
31.69905,75.17944,332.68,0.4,0.37,2023-10-23,808,N20,VIIRS,n,2,301.11,5.3,D,0,VIIRS_NOAA20_SP
31.71385,73.8741,336.44,0.38,0.36,2023-10-23,808,N20,VIIRS,n,2,299.96,2.94,D,0,VIIRS_NOAA20_SP
31.71786,73.05627,333.65,0.39,0.36,2023-10-23,808,N20,VIIRS,n,2,300.08,2.9,D,0,VIIRS_NOAA20_SP
31.72081,74.84818,333.02,0.39,0.36,2023-10-23,808,N20,VIIRS,n,2,299.64,2.42,D,0,VIIRS_NOAA20_SP
31.7249,72.82066,330.24,0.39,0.36,2023-10-23,808,N20,VIIRS,n,2,297.83,2.52,D,0,VIIRS_NOAA20_SP
31.72898,75.24652,335.77,0.4,0.37,2023-10-23,808,N20,VIIRS,n,2,301.05,2.96,D,0,VIIRS_NOAA20_SP
31.73349,75.25425,342.09,0.4,0.37,2023-10-23,808,N20,VIIRS,n,2,301.55,5.62,D,0,VIIRS_NOAA20_SP
31.74176,73.65326,344.59,0.38,0.36,2023-10-23,808,N20,VIIRS,n,2,303.15,10.43,D,0,VIIRS_NOAA20_SP
31.74267,74.45847,338.93,0.39,0.36,2023-10-23,808,N20,VIIRS,n,2,298.11,4.09,D,0,VIIRS_NOAA20_SP
31.74562,74.73885,339.97,0.39,0.36,2023-10-23,808,N20,VIIRS,n,2,299.52,4.64,D,0,VIIRS_NOAA20_SP
31.7497,74.76754,335.67,0.39,0.36,2023-10-23,808,N20,VIIRS,n,2,298.74,3.58,D,0,VIIRS_NOAA20_SP
31.75377,73.09026,337.79,0.39,0.36,2023-10-23,808,N20,VIIRS,n,2,298.09,2.74,D,0,VIIRS_NOAA20_SP
31.75506,74.54386,333.19,0.39,0.36,2023-10-23,808,N20,VIIRS,n,2,297.98,4.15,D,0,VIIRS_NOAA20_SP
31.75903,74.61852,330.92,0.39,0.36,2023-10-23,808,N20,VIIRS,n,2,298.21,2.03,D,0,VIIRS_NOAA20_SP
31.75927,75.26652,339.21,0.4,0.37,2023-10-23,808,N20,VIIRS,n,2,301.71,3.38,D,0,VIIRS_NOAA20_SP
31.76001,73.6619,333.37,0.38,0.36,2023-10-23,808,N20,VIIRS,n,2,298.94,2.83,D,0,VIIRS_NOAA20_SP
31.76093,75.00983,329.28,0.39,0.37,2023-10-23,808,N20,VIIRS,n,2,298.92,1.87,D,0,VIIRS_NOAA20_SP
31.76146,73.91862,335.91,0.38,0.36,2023-10-23,808,N20,VIIRS,n,2,299.35,2.98,D,0,VIIRS_NOAA20_SP
31.76148,73.29243,331.23,0.38,0.36,2023-10-23,808,N20,VIIRS,n,2,297.75,2.61,D,0,VIIRS_NOAA20_SP
31.76387,75.39926,336.3,0.4,0.37,2023-10-23,808,N20,VIIRS,n,2,301.33,3.44,D,0,VIIRS_NOAA20_SP
31.76388,74.16299,333.2,0.39,0.36,2023-10-23,808,N20,VIIRS,n,2,298.27,2.34,D,0,VIIRS_NOAA20_SP
31.76477,73.29173,335.7,0.38,0.36,2023-10-23,808,N20,VIIRS,n,2,297.56,2.61,D,0,VIIRS_NOAA20_SP
31.76806,74.35323,344.89,0.39,0.36,2023-10-23,808,N20,VIIRS,n,2,300.21,4.36,D,0,VIIRS_NOAA20_SP
31.77151,75.2556,328.96,0.4,0.37,2023-10-23,808,N20,VIIRS,l,2,299.75,1.56,D,0,VIIRS_NOAA20_SP
31.77406,75.05411,331.55,0.4,0.37,2023-10-23,808,N20,VIIRS,n,2,299.44,2.65,D,0,VIIRS_NOAA20_SP
31.77467,74.70368,330.48,0.39,0.36,2023-10-23,808,N20,VIIRS,n,2,296.99,2.48,D,0,VIIRS_NOAA20_SP
31.79301,74.71272,330.25,0.39,0.36,2023-10-23,808,N20,VIIRS,n,2,297.72,2.57,D,0,VIIRS_NOAA20_SP
31.79388,74.98322,334.47,0.39,0.36,2023-10-23,808,N20,VIIRS,n,2,299.52,2.55,D,0,VIIRS_NOAA20_SP
31.79472,74.65349,331.9,0.39,0.36,2023-10-23,808,N20,VIIRS,n,2,298.88,2.32,D,0,VIIRS_NOAA20_SP
31.79531,74.65758,335.03,0.39,0.36,2023-10-23,808,N20,VIIRS,n,2,298.23,2.32,D,0,VIIRS_NOAA20_SP
31.79648,74.66575,331.12,0.39,0.36,2023-10-23,808,N20,VIIRS,n,2,298.62,5.23,D,0,VIIRS_NOAA20_SP
31.81482,73.48463,331.53,0.38,0.36,2023-10-23,808,N20,VIIRS,n,2,298.76,2.15,D,0,VIIRS_NOAA20_SP
31.81667,74.90241,339.44,0.39,0.36,2023-10-23,808,N20,VIIRS,n,2,300.91,3.63,D,0,VIIRS_NOAA20_SP
31.8193,75.14036,332.22,0.4,0.37,2023-10-23,808,N20,VIIRS,n,2,299.21,2.42,D,0,VIIRS_NOAA20_SP
31.81953,74.70751,338.68,0.39,0.36,2023-10-23,808,N20,VIIRS,n,2,301.88,11.56,D,0,VIIRS_NOAA20_SP
31.82026,74.66528,329.41,0.39,0.36,2023-10-23,808,N20,VIIRS,n,2,298.6,2.76,D,0,VIIRS_NOAA20_SP
31.82488,73.70656,335.33,0.38,0.36,2023-10-23,808,N20,VIIRS,n,2,298.94,2.65,D,0,VIIRS_NOAA20_SP
31.82614,74.0797,338.25,0.39,0.36,2023-10-23,808,N20,VIIRS,n,2,299.29,3.0,D,0,VIIRS_NOAA20_SP
31.82743,74.85796,334.79,0.39,0.36,2023-10-23,808,N20,VIIRS,n,2,298.21,2.5,D,0,VIIRS_NOAA20_SP
31.82812,75.03192,330.6,0.4,0.37,2023-10-23,808,N20,VIIRS,n,2,299.03,2.5,D,0,VIIRS_NOAA20_SP
31.83251,74.94176,333.6,0.39,0.36,2023-10-23,808,N20,VIIRS,n,2,298.38,2.35,D,0,VIIRS_NOAA20_SP
31.83269,74.96722,344.21,0.39,0.36,2023-10-23,808,N20,VIIRS,n,2,300.28,3.69,D,0,VIIRS_NOAA20_SP
31.8402,74.15169,330.32,0.39,0.36,2023-10-23,808,N20,VIIRS,n,2,297.8,2.27,D,0,VIIRS_NOAA20_SP
31.84504,75.15256,336.84,0.4,0.37,2023-10-23,808,N20,VIIRS,n,2,300.09,3.05,D,0,VIIRS_NOAA20_SP
31.84942,73.62263,338.07,0.38,0.36,2023-10-23,808,N20,VIIRS,n,2,299.13,2.9,D,0,VIIRS_NOAA20_SP
31.85393,74.64232,338.21,0.39,0.36,2023-10-23,808,N20,VIIRS,n,2,298.67,3.44,D,0,VIIRS_NOAA20_SP
31.85422,75.02263,332.76,0.4,0.37,2023-10-23,808,N20,VIIRS,n,2,299.53,3.22,D,0,VIIRS_NOAA20_SP
31.86089,74.87687,331.27,0.39,0.36,2023-10-23,808,N20,VIIRS,n,2,297.69,5.5,D,0,VIIRS_NOAA20_SP
31.87514,73.88292,333.37,0.38,0.36,2023-10-23,808,N20,VIIRS,n,2,300.15,3.12,D,0,VIIRS_NOAA20_SP
31.87756,73.89903,334.56,0.38,0.36,2023-10-23,808,N20,VIIRS,n,2,299.38,5.51,D,0,VIIRS_NOAA20_SP
31.88452,74.10536,337.09,0.39,0.36,2023-10-23,808,N20,VIIRS,n,2,299.96,3.43,D,0,VIIRS_NOAA20_SP
31.89021,74.6815,348.56,0.39,0.36,2023-10-23,808,N20,VIIRS,n,2,299.41,4.47,D,0,VIIRS_NOAA20_SP
31.91074,74.75343,334.85,0.39,0.36,2023-10-23,808,N20,VIIRS,n,2,300.2,3.96,D,0,VIIRS_NOAA20_SP
31.92488,73.64886,336.71,0.38,0.36,2023-10-23,808,N20,VIIRS,n,2,298.9,2.11,D,0,VIIRS_NOAA20_SP
31.93854,73.89896,347.28,0.38,0.36,2023-10-23,808,N20,VIIRS,n,2,300.97,6.3,D,0,VIIRS_NOAA20_SP
31.94293,75.0531,337.93,0.4,0.37,2023-10-23,808,N20,VIIRS,n,2,300.32,5.73,D,0,VIIRS_NOAA20_SP
31.94459,74.89511,329.08,0.39,0.36,2023-10-23,808,N20,VIIRS,l,2,299.12,1.9,D,0,VIIRS_NOAA20_SP
31.94496,73.66959,333.45,0.38,0.36,2023-10-23,808,N20,VIIRS,n,2,297.98,3.38,D,0,VIIRS_NOAA20_SP
31.95537,74.92278,337.32,0.39,0.36,2023-10-23,808,N20,VIIRS,n,2,300.41,3.6,D,0,VIIRS_NOAA20_SP
31.95595,74.92692,345.92,0.39,0.36,2023-10-23,808,N20,VIIRS,n,2,300.58,5.12,D,0,VIIRS_NOAA20_SP
31.95673,74.88425,339.98,0.39,0.36,2023-10-23,808,N20,VIIRS,n,2,300.08,4.55,D,0,VIIRS_NOAA20_SP
31.97087,73.75144,343.08,0.38,0.36,2023-10-23,808,N20,VIIRS,n,2,299.93,4.68,D,0,VIIRS_NOAA20_SP
31.97298,73.99216,330.13,0.38,0.36,2023-10-23,808,N20,VIIRS,n,2,298.69,2.01,D,0,VIIRS_NOAA20_SP
31.9779,75.03355,333.81,0.4,0.37,2023-10-23,808,N20,VIIRS,n,2,299.38,2.65,D,0,VIIRS_NOAA20_SP
31.99229,74.44705,329.93,0.39,0.36,2023-10-23,808,N20,VIIRS,n,2,298.55,1.1,D,0,VIIRS_NOAA20_SP
32.0052,75.10538,335.22,0.4,0.37,2023-10-23,808,N20,VIIRS,n,2,298.69,1.6,D,0,VIIRS_NOAA20_SP
32.00729,75.10533,342.68,0.4,0.37,2023-10-23,808,N20,VIIRS,n,2,300.6,4.79,D,0,VIIRS_NOAA20_SP
32.01149,73.90935,336.01,0.38,0.36,2023-10-23,808,N20,VIIRS,n,2,299.86,2.03,D,0,VIIRS_NOAA20_SP
32.01359,74.38463,332.73,0.39,0.36,2023-10-23,808,N20,VIIRS,n,2,299.14,3.13,D,0,VIIRS_NOAA20_SP
32.02125,74.43762,332.34,0.39,0.36,2023-10-23,808,N20,VIIRS,n,2,299.05,2.48,D,0,VIIRS_NOAA20_SP
32.03951,74.32914,331.79,0.39,0.36,2023-10-23,808,N20,VIIRS,n,2,299.7,2.08,D,0,VIIRS_NOAA20_SP
32.0438,74.42892,330.13,0.39,0.36,2023-10-23,808,N20,VIIRS,n,2,298.46,1.51,D,0,VIIRS_NOAA20_SP
32.0496,75.08861,330.78,0.4,0.37,2023-10-23,808,N20,VIIRS,n,2,298.08,4.23,D,0,VIIRS_NOAA20_SP
32.11674,75.27414,337.66,0.4,0.37,2023-10-23,808,N20,VIIRS,n,2,298.33,2.77,D,0,VIIRS_NOAA20_SP
31.91352,72.93612,330.36,0.39,0.36,2023-10-23,809,N20,VIIRS,n,2,299.22,1.88,D,0,VIIRS_NOAA20_SP
31.95968,72.9052,332.58,0.39,0.36,2023-10-23,809,N20,VIIRS,n,2,299.8,2.09,D,0,VIIRS_NOAA20_SP
31.96628,70.94221,332.38,0.42,0.38,2023-10-23,809,N20,VIIRS,n,2,298.77,3.87,D,0,VIIRS_NOAA20_SP
31.97178,73.26569,337.14,0.38,0.36,2023-10-23,809,N20,VIIRS,n,2,299.4,4.46,D,0,VIIRS_NOAA20_SP
31.97241,73.26971,330.87,0.38,0.36,2023-10-23,809,N20,VIIRS,n,2,297.9,3.11,D,0,VIIRS_NOAA20_SP
32.01598,73.64315,337.98,0.38,0.36,2023-10-23,809,N20,VIIRS,n,2,300.46,3.36,D,0,VIIRS_NOAA20_SP
32.0742,73.11499,341.56,0.39,0.36,2023-10-23,809,N20,VIIRS,n,2,300.26,3.89,D,0,VIIRS_NOAA20_SP
32.07624,73.28137,330.72,0.38,0.36,2023-10-23,809,N20,VIIRS,n,2,298.4,2.46,D,0,VIIRS_NOAA20_SP
32.0789,73.27664,340.13,0.38,0.36,2023-10-23,809,N20,VIIRS,n,2,302.93,11.5,D,0,VIIRS_NOAA20_SP
32.07952,73.28068,331.69,0.38,0.36,2023-10-23,809,N20,VIIRS,n,2,297.93,3.95,D,0,VIIRS_NOAA20_SP
32.08982,73.30348,351.47,0.38,0.36,2023-10-23,809,N20,VIIRS,n,2,300.16,6.97,D,0,VIIRS_NOAA20_SP
32.12433,73.84534,331.22,0.38,0.36,2023-10-23,809,N20,VIIRS,n,2,299.34,2.21,D,0,VIIRS_NOAA20_SP
32.1577,73.65974,332.15,0.38,0.36,2023-10-23,809,N20,VIIRS,n,2,298.31,2.32,D,0,VIIRS_NOAA20_SP
32.16336,73.5628,339.92,0.38,0.36,2023-10-23,809,N20,VIIRS,n,2,299.99,4.68,D,0,VIIRS_NOAA20_SP
32.1693,74.28716,330.97,0.39,0.36,2023-10-23,809,N20,VIIRS,n,2,299.65,2.39,D,0,VIIRS_NOAA20_SP
32.17365,73.85638,332.23,0.38,0.36,2023-10-23,809,N20,VIIRS,n,2,299.55,2.49,D,0,VIIRS_NOAA20_SP
32.17924,74.23904,332.43,0.39,0.36,2023-10-23,809,N20,VIIRS,n,2,299.56,2.22,D,0,VIIRS_NOAA20_SP
32.18612,73.57885,333.6,0.38,0.36,2023-10-23,809,N20,VIIRS,n,2,301.91,4.05,D,0,VIIRS_NOAA20_SP
32.19812,74.4621,337.21,0.39,0.36,2023-10-23,809,N20,VIIRS,n,2,299.01,2.97,D,0,VIIRS_NOAA20_SP
32.23358,73.66559,345.9,0.38,0.36,2023-10-23,809,N20,VIIRS,n,2,300.08,4.3,D,0,VIIRS_NOAA20_SP
32.23819,73.60627,334.4,0.38,0.36,2023-10-23,809,N20,VIIRS,n,2,301.3,3.75,D,0,VIIRS_NOAA20_SP
32.24736,73.78275,337.11,0.38,0.36,2023-10-23,809,N20,VIIRS,n,2,301.22,6.27,D,0,VIIRS_NOAA20_SP
32.26722,73.46262,331.8,0.38,0.36,2023-10-23,809,N20,VIIRS,n,2,299.04,5.76,D,0,VIIRS_NOAA20_SP
32.28302,73.90563,331.45,0.38,0.36,2023-10-23,809,N20,VIIRS,n,2,298.81,2.62,D,0,VIIRS_NOAA20_SP
32.29432,73.84484,336.21,0.38,0.36,2023-10-23,809,N20,VIIRS,n,2,299.09,2.87,D,0,VIIRS_NOAA20_SP
32.29771,74.07394,339.49,0.39,0.36,2023-10-23,809,N20,VIIRS,n,2,299.21,4.19,D,0,VIIRS_NOAA20_SP
32.30219,73.94336,337.05,0.39,0.36,2023-10-23,809,N20,VIIRS,n,2,298.69,2.7,D,0,VIIRS_NOAA20_SP
32.34611,73.89673,338.2,0.38,0.36,2023-10-23,809,N20,VIIRS,n,2,300.94,2.22,D,0,VIIRS_NOAA20_SP
32.35255,73.59877,332.92,0.38,0.36,2023-10-23,809,N20,VIIRS,n,2,298.94,2.38,D,0,VIIRS_NOAA20_SP
32.3733,74.66483,333.15,0.39,0.36,2023-10-23,809,N20,VIIRS,n,2,299.28,1.91,D,0,VIIRS_NOAA20_SP
32.42318,74.02716,338.25,0.39,0.36,2023-10-23,809,N20,VIIRS,n,2,301.07,7.83,D,0,VIIRS_NOAA20_SP
32.48503,74.28776,334.41,0.39,0.36,2023-10-23,809,N20,VIIRS,n,2,298.9,2.68,D,0,VIIRS_NOAA20_SP
32.55249,74.35537,337.87,0.39,0.36,2023-10-23,809,N20,VIIRS,n,2,299.02,6.27,D,0,VIIRS_NOAA20_SP
32.5558,74.35471,350.33,0.39,0.36,2023-10-23,809,N20,VIIRS,n,2,299.22,6.27,D,0,VIIRS_NOAA20_SP
32.58651,74.3316,331.45,0.39,0.36,2023-10-23,809,N20,VIIRS,n,2,298.1,1.66,D,0,VIIRS_NOAA20_SP
32.61177,74.31805,336.71,0.39,0.36,2023-10-23,809,N20,VIIRS,n,2,299.5,2.34,D,0,VIIRS_NOAA20_SP
32.89295,73.19392,332.68,0.38,0.36,2023-10-23,809,N20,VIIRS,n,2,299.88,1.69,D,0,VIIRS_NOAA20_SP
34.14622,74.66664,329.94,0.4,0.37,2023-10-23,809,N20,VIIRS,n,2,293.35,3.64,D,0,VIIRS_NOAA20_SP
36.05635,97.79854,296.43,0.46,0.47,2023-10-23,1849,N20,VIIRS,n,2,268.73,0.61,N,0,VIIRS_NOAA20_SP
27.46977,95.41903,295.31,0.5,0.49,2023-10-23,1851,N20,VIIRS,n,2,275.63,1.51,N,2,VIIRS_NOAA20_SP
29.09032,88.00614,296.9,0.76,0.77,2023-10-23,1851,N20,VIIRS,n,2,267.83,2.3,N,0,VIIRS_NOAA20_SP
27.4724,95.42439,299.66,0.5,0.49,2023-10-23,1852,N20,VIIRS,n,2,275.14,0.88,N,2,VIIRS_NOAA20_SP
15.99021,97.68625,303.4,0.43,0.38,2023-10-23,1855,N20,VIIRS,n,2,276.34,0.93,N,2,VIIRS_NOAA20_SP
36.99961,80.19386,300.98,0.38,0.36,2023-10-23,2030,N20,VIIRS,n,2,281.13,1.26,N,2,VIIRS_NOAA20_SP
32.71821,72.77489,306.91,0.41,0.45,2023-10-23,2031,N20,VIIRS,n,2,288.63,1.27,N,2,VIIRS_NOAA20_SP
32.8904,71.61395,304.62,0.47,0.48,2023-10-23,2031,N20,VIIRS,n,2,291.07,1.08,N,2,VIIRS_NOAA20_SP
33.46163,72.0621,299.84,0.45,0.47,2023-10-23,2031,N20,VIIRS,n,2,286.19,0.49,N,0,VIIRS_NOAA20_SP
33.69473,72.85661,299.71,0.41,0.45,2023-10-23,2031,N20,VIIRS,n,2,288.44,0.47,N,0,VIIRS_NOAA20_SP
33.80065,72.09678,298.31,0.45,0.47,2023-10-23,2031,N20,VIIRS,n,2,287.55,0.85,N,2,VIIRS_NOAA20_SP
33.85091,72.86951,300.41,0.41,0.45,2023-10-23,2031,N20,VIIRS,n,2,288.34,0.64,N,0,VIIRS_NOAA20_SP
28.5159,80.02654,310.18,0.41,0.37,2023-10-23,2032,N20,VIIRS,n,2,289.75,0.86,N,0,VIIRS_NOAA20_SP
28.72987,77.15685,304.46,0.39,0.36,2023-10-23,2032,N20,VIIRS,n,2,291.8,0.51,N,2,VIIRS_NOAA20_SP
28.74384,76.92842,300.45,0.39,0.36,2023-10-23,2032,N20,VIIRS,n,2,289.26,0.35,N,0,VIIRS_NOAA20_SP
28.83822,77.1365,301.03,0.39,0.36,2023-10-23,2032,N20,VIIRS,n,2,290.26,0.32,N,0,VIIRS_NOAA20_SP
29.22592,88.35166,303.56,0.37,0.58,2023-10-23,2032,N20,VIIRS,n,2,276.34,1.66,N,2,VIIRS_NOAA20_SP
29.22696,88.34729,302.26,0.36,0.58,2023-10-23,2032,N20,VIIRS,n,2,273.37,1.82,N,2,VIIRS_NOAA20_SP
29.41485,76.96197,313.92,0.39,0.36,2023-10-23,2032,N20,VIIRS,n,2,290.76,1.5,N,0,VIIRS_NOAA20_SP
29.41817,76.96262,318.18,0.39,0.36,2023-10-23,2032,N20,VIIRS,n,2,290.52,1.08,N,0,VIIRS_NOAA20_SP
29.45992,76.88831,302.7,0.39,0.36,2023-10-23,2032,N20,VIIRS,n,2,292.17,0.89,N,0,VIIRS_NOAA20_SP
29.96381,76.68748,330.89,0.4,0.37,2023-10-23,2032,N20,VIIRS,n,2,290.64,3.54,N,0,VIIRS_NOAA20_SP
31.2494,76.92599,297.14,0.4,0.37,2023-10-23,2032,N20,VIIRS,n,2,283.45,0.3,N,2,VIIRS_NOAA20_SP
31.25274,76.92672,297.11,0.4,0.37,2023-10-23,2032,N20,VIIRS,n,2,284.24,0.3,N,2,VIIRS_NOAA20_SP
31.32968,76.89425,301.08,0.4,0.37,2023-10-23,2032,N20,VIIRS,n,2,287.38,0.85,N,2,VIIRS_NOAA20_SP
31.61678,74.37653,299.75,0.49,0.4,2023-10-23,2032,N20,VIIRS,n,2,289.11,0.73,N,2,VIIRS_NOAA20_SP
32.08485,74.16644,301.32,0.51,0.41,2023-10-23,2032,N20,VIIRS,n,2,288.24,0.4,N,2,VIIRS_NOAA20_SP
32.08549,74.16106,302.4,0.51,0.41,2023-10-23,2032,N20,VIIRS,n,2,288.37,0.8,N,2,VIIRS_NOAA20_SP
32.29122,70.73525,303.28,0.52,0.5,2023-10-23,2032,N20,VIIRS,n,2,291.46,0.91,N,2,VIIRS_NOAA20_SP
23.66736,86.091,302.88,0.35,0.57,2023-10-23,2033,N20,VIIRS,n,2,283.75,0.72,N,2,VIIRS_NOAA20_SP
23.67971,86.08376,304.06,0.35,0.57,2023-10-23,2033,N20,VIIRS,n,2,285.06,1.31,N,2,VIIRS_NOAA20_SP
23.68257,86.09511,303.31,0.35,0.57,2023-10-23,2033,N20,VIIRS,n,2,284.53,1.06,N,2,VIIRS_NOAA20_SP
23.6833,86.09179,301.38,0.35,0.57,2023-10-23,2033,N20,VIIRS,n,2,284.78,1.34,N,2,VIIRS_NOAA20_SP
23.75675,86.40359,296.26,0.36,0.58,2023-10-23,2033,N20,VIIRS,n,2,261.73,1.25,N,2,VIIRS_NOAA20_SP
23.7575,86.40019,306.4,0.36,0.58,2023-10-23,2033,N20,VIIRS,n,2,261.55,0.9,N,2,VIIRS_NOAA20_SP
23.75762,86.40022,308.8,0.36,0.58,2023-10-23,2033,N20,VIIRS,n,2,261.41,0.7,N,2,VIIRS_NOAA20_SP
23.75826,86.39677,295.26,0.36,0.58,2023-10-23,2033,N20,VIIRS,n,2,263.03,0.9,N,2,VIIRS_NOAA20_SP
23.7584,86.3968,297.89,0.36,0.58,2023-10-23,2033,N20,VIIRS,n,2,261.96,0.7,N,2,VIIRS_NOAA20_SP
23.76419,86.39462,300.06,0.36,0.58,2023-10-23,2033,N20,VIIRS,n,2,264.37,1.21,N,2,VIIRS_NOAA20_SP
23.76436,86.39465,298.09,0.36,0.58,2023-10-23,2033,N20,VIIRS,n,2,263.68,0.45,N,2,VIIRS_NOAA20_SP
23.76515,86.3912,295.07,0.36,0.58,2023-10-23,2033,N20,VIIRS,n,2,265.25,0.45,N,2,VIIRS_NOAA20_SP
23.76879,86.37375,297.66,0.36,0.57,2023-10-23,2033,N20,VIIRS,n,2,267.62,0.7,N,2,VIIRS_NOAA20_SP
23.76909,86.37385,297.54,0.36,0.57,2023-10-23,2033,N20,VIIRS,n,2,267.57,0.44,N,2,VIIRS_NOAA20_SP
23.77337,86.20536,300.68,0.35,0.57,2023-10-23,2033,N20,VIIRS,n,2,284.38,1.23,N,2,VIIRS_NOAA20_SP
23.77413,86.20195,305.07,0.35,0.57,2023-10-23,2033,N20,VIIRS,n,2,285.29,1.47,N,2,VIIRS_NOAA20_SP
23.77684,86.38675,302.2,0.36,0.58,2023-10-23,2033,N20,VIIRS,n,2,266.91,1.44,N,2,VIIRS_NOAA20_SP
23.77709,86.38679,300.89,0.36,0.57,2023-10-23,2033,N20,VIIRS,n,2,265.08,1.12,N,2,VIIRS_NOAA20_SP
23.77777,86.2099,313.02,0.35,0.57,2023-10-23,2033,N20,VIIRS,n,2,285.0,1.81,N,2,VIIRS_NOAA20_SP
23.77926,86.20319,300.42,0.35,0.57,2023-10-23,2033,N20,VIIRS,n,2,284.24,1.61,N,2,VIIRS_NOAA20_SP
23.78068,86.39506,297.97,0.36,0.58,2023-10-23,2033,N20,VIIRS,n,2,263.67,0.41,N,2,VIIRS_NOAA20_SP
23.78072,86.34427,309.6,0.36,0.57,2023-10-23,2033,N20,VIIRS,n,2,271.42,1.49,N,2,VIIRS_NOAA20_SP
23.78123,86.34444,310.24,0.36,0.57,2023-10-23,2033,N20,VIIRS,n,2,272.05,1.31,N,2,VIIRS_NOAA20_SP
23.78147,86.39155,304.16,0.36,0.58,2023-10-23,2033,N20,VIIRS,n,2,263.59,0.58,N,2,VIIRS_NOAA20_SP
23.78364,86.20776,321.1,0.35,0.57,2023-10-23,2033,N20,VIIRS,n,2,284.49,1.81,N,2,VIIRS_NOAA20_SP
23.79447,86.23224,296.57,0.35,0.57,2023-10-23,2033,N20,VIIRS,n,2,278.26,0.52,N,2,VIIRS_NOAA20_SP
23.79571,86.23278,298.67,0.35,0.57,2023-10-23,2033,N20,VIIRS,n,2,279.84,0.57,N,2,VIIRS_NOAA20_SP
23.79593,86.35179,313.15,0.36,0.57,2023-10-23,2033,N20,VIIRS,n,2,272.82,1.32,N,2,VIIRS_NOAA20_SP
23.79669,86.34841,302.77,0.36,0.57,2023-10-23,2033,N20,VIIRS,n,2,273.28,1.32,N,2,VIIRS_NOAA20_SP
23.8065,86.32906,314.88,0.36,0.57,2023-10-23,2033,N20,VIIRS,n,2,277.18,1.28,N,2,VIIRS_NOAA20_SP
24.14666,82.65622,302.11,0.42,0.45,2023-10-23,2033,N20,VIIRS,n,2,289.81,0.69,N,0,VIIRS_NOAA20_SP
24.15731,82.66724,305.77,0.42,0.45,2023-10-23,2033,N20,VIIRS,n,2,289.64,0.59,N,0,VIIRS_NOAA20_SP
24.16806,80.6946,307.63,0.49,0.4,2023-10-23,2033,N20,VIIRS,n,2,291.34,1.57,N,2,VIIRS_NOAA20_SP
24.16992,82.56049,302.01,0.41,0.45,2023-10-23,2033,N20,VIIRS,n,2,291.72,1.64,N,2,VIIRS_NOAA20_SP
24.20689,82.52357,300.84,0.41,0.45,2023-10-23,2033,N20,VIIRS,n,2,289.49,1.07,N,2,VIIRS_NOAA20_SP
24.20901,82.70917,312.4,0.42,0.45,2023-10-23,2033,N20,VIIRS,n,2,292.62,2.05,N,2,VIIRS_NOAA20_SP
24.91289,77.1375,304.2,0.38,0.36,2023-10-23,2033,N20,VIIRS,n,2,289.22,0.57,N,0,VIIRS_NOAA20_SP
25.00562,77.06947,300.99,0.38,0.36,2023-10-23,2033,N20,VIIRS,n,2,289.4,0.58,N,0,VIIRS_NOAA20_SP
25.16509,77.13425,299.13,0.38,0.36,2023-10-23,2033,N20,VIIRS,n,2,288.3,0.2,N,0,VIIRS_NOAA20_SP
25.4656,76.75781,306.25,0.38,0.36,2023-10-23,2033,N20,VIIRS,n,2,290.52,0.7,N,0,VIIRS_NOAA20_SP
26.27245,74.1877,305.05,0.44,0.39,2023-10-23,2033,N20,VIIRS,n,2,293.75,1.54,N,2,VIIRS_NOAA20_SP
26.64278,79.47982,306.45,0.41,0.37,2023-10-23,2033,N20,VIIRS,n,2,291.6,0.65,N,2,VIIRS_NOAA20_SP
26.76044,83.19831,308.3,0.4,0.45,2023-10-23,2033,N20,VIIRS,n,2,293.11,1.64,N,2,VIIRS_NOAA20_SP
26.87722,73.51419,303.28,0.48,0.4,2023-10-23,2033,N20,VIIRS,n,2,292.33,0.87,N,2,VIIRS_NOAA20_SP
26.88088,73.51479,302.86,0.48,0.4,2023-10-23,2033,N20,VIIRS,n,2,292.28,0.87,N,2,VIIRS_NOAA20_SP
26.92813,73.46825,302.63,0.48,0.4,2023-10-23,2033,N20,VIIRS,n,2,291.99,0.83,N,2,VIIRS_NOAA20_SP
27.67011,76.12891,310.08,0.4,0.37,2023-10-23,2033,N20,VIIRS,n,2,293.29,1.54,N,2,VIIRS_NOAA20_SP
27.9297,78.14056,301.57,0.39,0.36,2023-10-23,2033,N20,VIIRS,n,2,291.03,0.53,N,0,VIIRS_NOAA20_SP
27.97218,80.0089,304.81,0.42,0.38,2023-10-23,2033,N20,VIIRS,n,2,289.52,1.14,N,0,VIIRS_NOAA20_SP
28.28501,77.24295,315.91,0.39,0.36,2023-10-23,2033,N20,VIIRS,n,2,290.61,1.52,N,0,VIIRS_NOAA20_SP
20.97159,85.01504,311.36,0.34,0.56,2023-10-23,2034,N20,VIIRS,n,2,266.16,0.74,N,0,VIIRS_NOAA20_SP
21.07155,85.03339,297.53,0.34,0.56,2023-10-23,2034,N20,VIIRS,n,2,270.13,0.47,N,2,VIIRS_NOAA20_SP
21.07522,85.041,305.45,0.34,0.56,2023-10-23,2034,N20,VIIRS,n,2,267.91,0.53,N,2,VIIRS_NOAA20_SP
21.07588,85.03788,298.73,0.34,0.56,2023-10-23,2034,N20,VIIRS,n,2,268.49,0.53,N,2,VIIRS_NOAA20_SP
21.08024,85.04228,300.13,0.34,0.56,2023-10-23,2034,N20,VIIRS,n,2,266.57,0.53,N,2,VIIRS_NOAA20_SP
21.18449,81.38474,304.1,0.4,0.44,2023-10-23,2034,N20,VIIRS,n,2,293.37,1.66,N,3,VIIRS_NOAA20_SP
21.18779,81.38937,313.48,0.4,0.44,2023-10-23,2034,N20,VIIRS,n,2,295.38,1.66,N,2,VIIRS_NOAA20_SP
21.18891,81.38952,311.03,0.4,0.44,2023-10-23,2034,N20,VIIRS,n,2,294.92,3.29,N,2,VIIRS_NOAA20_SP
21.19291,81.39039,305.61,0.4,0.44,2023-10-23,2034,N20,VIIRS,n,2,294.05,1.2,N,2,VIIRS_NOAA20_SP
21.23261,79.6286,306.36,0.48,0.4,2023-10-23,2034,N20,VIIRS,n,2,293.12,1.38,N,2,VIIRS_NOAA20_SP
21.23624,79.62933,312.07,0.48,0.4,2023-10-23,2034,N20,VIIRS,n,2,291.99,1.38,N,2,VIIRS_NOAA20_SP
21.26845,79.17996,304.05,0.46,0.39,2023-10-23,2034,N20,VIIRS,n,2,293.22,0.83,N,2,VIIRS_NOAA20_SP
21.30239,81.60715,304.63,0.41,0.45,2023-10-23,2034,N20,VIIRS,n,2,290.4,0.76,N,2,VIIRS_NOAA20_SP
21.31011,81.58882,301.79,0.41,0.45,2023-10-23,2034,N20,VIIRS,n,2,289.76,0.57,N,2,VIIRS_NOAA20_SP
21.31671,81.64253,304.37,0.41,0.45,2023-10-23,2034,N20,VIIRS,n,2,291.27,0.54,N,0,VIIRS_NOAA20_SP
21.37624,81.63918,309.68,0.41,0.45,2023-10-23,2034,N20,VIIRS,n,2,292.0,1.92,N,2,VIIRS_NOAA20_SP
21.37685,81.6796,320.64,0.41,0.45,2023-10-23,2034,N20,VIIRS,n,2,294.82,3.15,N,2,VIIRS_NOAA20_SP
21.3854,81.65727,303.75,0.41,0.45,2023-10-23,2034,N20,VIIRS,n,2,292.19,0.57,N,0,VIIRS_NOAA20_SP
21.39169,81.64657,311.74,0.41,0.45,2023-10-23,2034,N20,VIIRS,n,2,292.63,1.94,N,2,VIIRS_NOAA20_SP
21.48606,81.76775,314.16,0.41,0.45,2023-10-23,2034,N20,VIIRS,n,2,292.49,1.73,N,2,VIIRS_NOAA20_SP
21.54404,81.94531,309.84,0.42,0.45,2023-10-23,2034,N20,VIIRS,n,2,293.81,1.69,N,2,VIIRS_NOAA20_SP
21.60379,74.46268,301.75,0.4,0.37,2023-10-23,2034,N20,VIIRS,n,2,291.73,0.54,N,0,VIIRS_NOAA20_SP
21.67396,82.08258,307.76,0.43,0.46,2023-10-23,2034,N20,VIIRS,n,2,293.92,1.04,N,2,VIIRS_NOAA20_SP
21.73206,82.21349,306.44,0.44,0.46,2023-10-23,2034,N20,VIIRS,n,2,293.15,1.11,N,2,VIIRS_NOAA20_SP
21.76484,84.01888,298.99,0.56,0.52,2023-10-23,2034,N20,VIIRS,n,2,271.94,1.34,N,2,VIIRS_NOAA20_SP
21.76752,84.01633,303.9,0.56,0.52,2023-10-23,2034,N20,VIIRS,n,2,272.93,1.7,N,2,VIIRS_NOAA20_SP
21.7695,84.01998,300.28,0.56,0.52,2023-10-23,2034,N20,VIIRS,n,2,273.15,1.34,N,2,VIIRS_NOAA20_SP
21.80788,83.89313,300.86,0.55,0.51,2023-10-23,2034,N20,VIIRS,n,2,289.64,1.46,N,0,VIIRS_NOAA20_SP
21.87612,83.49512,304.37,0.52,0.5,2023-10-23,2034,N20,VIIRS,n,2,286.94,1.55,N,2,VIIRS_NOAA20_SP
21.87845,83.55246,298.27,0.52,0.5,2023-10-23,2034,N20,VIIRS,n,2,281.88,0.76,N,2,VIIRS_NOAA20_SP
21.91954,83.35232,311.34,0.51,0.49,2023-10-23,2034,N20,VIIRS,n,2,292.36,1.86,N,2,VIIRS_NOAA20_SP
21.92053,83.3475,309.46,0.51,0.49,2023-10-23,2034,N20,VIIRS,n,2,291.6,1.86,N,2,VIIRS_NOAA20_SP
21.92498,83.34852,307.28,0.51,0.49,2023-10-23,2034,N20,VIIRS,n,2,290.44,2.83,N,2,VIIRS_NOAA20_SP
21.98552,83.23297,310.26,0.5,0.49,2023-10-23,2034,N20,VIIRS,n,2,291.33,1.45,N,2,VIIRS_NOAA20_SP
22.00591,82.66999,316.4,0.46,0.47,2023-10-23,2034,N20,VIIRS,n,2,293.34,2.08,N,2,VIIRS_NOAA20_SP
22.02383,83.37732,307.25,0.51,0.49,2023-10-23,2034,N20,VIIRS,n,2,288.83,1.43,N,2,VIIRS_NOAA20_SP
22.03124,83.36388,302.7,0.51,0.49,2023-10-23,2034,N20,VIIRS,n,2,289.52,2.13,N,2,VIIRS_NOAA20_SP
22.03865,83.35039,307.48,0.51,0.49,2023-10-23,2034,N20,VIIRS,n,2,289.98,1.88,N,2,VIIRS_NOAA20_SP
22.04024,83.73779,306.22,0.53,0.5,2023-10-23,2034,N20,VIIRS,n,2,292.32,2.46,N,2,VIIRS_NOAA20_SP
22.04071,83.7352,316.46,0.53,0.5,2023-10-23,2034,N20,VIIRS,n,2,291.98,3.91,N,2,VIIRS_NOAA20_SP
22.04125,83.73273,313.45,0.53,0.5,2023-10-23,2034,N20,VIIRS,n,2,291.42,2.46,N,2,VIIRS_NOAA20_SP
22.04524,83.73635,305.31,0.53,0.5,2023-10-23,2034,N20,VIIRS,n,2,291.45,2.44,N,2,VIIRS_NOAA20_SP
22.04579,83.73386,321.91,0.53,0.5,2023-10-23,2034,N20,VIIRS,n,2,292.44,2.46,N,2,VIIRS_NOAA20_SP
22.0463,83.73129,321.96,0.53,0.5,2023-10-23,2034,N20,VIIRS,n,2,291.74,2.44,N,2,VIIRS_NOAA20_SP
22.04681,83.72878,303.34,0.53,0.5,2023-10-23,2034,N20,VIIRS,n,2,290.46,1.87,N,0,VIIRS_NOAA20_SP
22.05748,83.72334,304.06,0.53,0.5,2023-10-23,2034,N20,VIIRS,n,2,291.65,2.04,N,2,VIIRS_NOAA20_SP
22.10386,83.1196,300.42,0.49,0.48,2023-10-23,2034,N20,VIIRS,n,2,289.22,1.45,N,2,VIIRS_NOAA20_SP
22.10758,83.52654,306.7,0.52,0.5,2023-10-23,2034,N20,VIIRS,n,2,290.94,1.47,N,0,VIIRS_NOAA20_SP
22.10857,83.52171,308.04,0.52,0.5,2023-10-23,2034,N20,VIIRS,n,2,291.29,1.5,N,0,VIIRS_NOAA20_SP
22.26467,75.13356,308.1,0.39,0.36,2023-10-23,2034,N20,VIIRS,n,2,291.25,1.03,N,2,VIIRS_NOAA20_SP
22.31381,82.52803,302.34,0.44,0.46,2023-10-23,2034,N20,VIIRS,n,2,290.91,0.67,N,2,VIIRS_NOAA20_SP
22.31486,69.85837,308.11,0.45,0.47,2023-10-23,2034,N20,VIIRS,n,2,288.34,1.8,N,0,VIIRS_NOAA20_SP
22.31539,69.85401,305.17,0.45,0.47,2023-10-23,2034,N20,VIIRS,n,2,285.82,1.16,N,0,VIIRS_NOAA20_SP
22.31701,82.73523,302.75,0.46,0.47,2023-10-23,2034,N20,VIIRS,n,2,290.92,1.53,N,2,VIIRS_NOAA20_SP
22.31717,82.53319,304.26,0.44,0.46,2023-10-23,2034,N20,VIIRS,n,2,290.32,0.98,N,2,VIIRS_NOAA20_SP
22.31799,69.85734,319.0,0.45,0.47,2023-10-23,2034,N20,VIIRS,n,2,287.89,1.99,N,0,VIIRS_NOAA20_SP
22.31978,69.87965,304.88,0.45,0.47,2023-10-23,2034,N20,VIIRS,n,2,287.32,1.55,N,0,VIIRS_NOAA20_SP
22.32304,82.65958,302.49,0.45,0.47,2023-10-23,2034,N20,VIIRS,n,2,289.97,1.22,N,2,VIIRS_NOAA20_SP
22.32643,82.5976,317.41,0.45,0.47,2023-10-23,2034,N20,VIIRS,n,2,290.88,1.9,N,2,VIIRS_NOAA20_SP
22.32725,82.68316,303.72,0.45,0.47,2023-10-23,2034,N20,VIIRS,n,2,291.12,0.82,N,2,VIIRS_NOAA20_SP
22.33321,82.65283,311.09,0.45,0.47,2023-10-23,2034,N20,VIIRS,n,2,291.86,1.82,N,2,VIIRS_NOAA20_SP
22.34411,82.5748,304.07,0.45,0.47,2023-10-23,2034,N20,VIIRS,n,2,289.0,0.89,N,0,VIIRS_NOAA20_SP
22.3557,82.2943,301.93,0.43,0.46,2023-10-23,2034,N20,VIIRS,n,2,291.16,0.61,N,0,VIIRS_NOAA20_SP
22.78842,70.91763,304.32,0.39,0.44,2023-10-23,2034,N20,VIIRS,n,2,293.64,0.77,N,2,VIIRS_NOAA20_SP
22.85835,86.05553,300.34,0.36,0.57,2023-10-23,2034,N20,VIIRS,n,2,271.6,0.98,N,2,VIIRS_NOAA20_SP
22.85887,86.05648,300.81,0.36,0.57,2023-10-23,2034,N20,VIIRS,n,2,272.73,1.03,N,2,VIIRS_NOAA20_SP
22.92472,70.10558,310.44,0.44,0.46,2023-10-23,2034,N20,VIIRS,n,2,294.6,1.35,N,0,VIIRS_NOAA20_SP
22.92504,70.10693,310.07,0.44,0.46,2023-10-23,2034,N20,VIIRS,n,2,295.39,1.69,N,0,VIIRS_NOAA20_SP
22.92816,69.82332,307.18,0.46,0.47,2023-10-23,2034,N20,VIIRS,n,2,295.1,1.02,N,2,VIIRS_NOAA20_SP
22.92896,70.10618,309.08,0.44,0.46,2023-10-23,2034,N20,VIIRS,n,2,294.56,0.99,N,0,VIIRS_NOAA20_SP
22.93407,69.69623,305.92,0.47,0.47,2023-10-23,2034,N20,VIIRS,n,2,293.63,0.97,N,2,VIIRS_NOAA20_SP
22.93843,69.69685,305.07,0.47,0.47,2023-10-23,2034,N20,VIIRS,n,2,293.28,1.0,N,2,VIIRS_NOAA20_SP
22.96923,72.55116,305.7,0.48,0.4,2023-10-23,2034,N20,VIIRS,n,2,293.41,0.82,N,0,VIIRS_NOAA20_SP
23.01597,70.10096,309.51,0.44,0.46,2023-10-23,2034,N20,VIIRS,n,2,294.31,1.22,N,2,VIIRS_NOAA20_SP
23.16846,82.34185,317.67,0.42,0.45,2023-10-23,2034,N20,VIIRS,n,2,291.83,1.96,N,2,VIIRS_NOAA20_SP
23.22741,69.86763,302.66,0.46,0.47,2023-10-23,2034,N20,VIIRS,n,2,292.53,0.52,N,0,VIIRS_NOAA20_SP
23.26434,70.25135,307.26,0.43,0.46,2023-10-23,2034,N20,VIIRS,n,2,294.7,1.66,N,2,VIIRS_NOAA20_SP
23.32911,70.21275,307.93,0.44,0.46,2023-10-23,2034,N20,VIIRS,n,2,293.64,0.6,N,0,VIIRS_NOAA20_SP
23.40751,72.41363,305.86,0.5,0.41,2023-10-23,2034,N20,VIIRS,n,2,291.94,1.06,N,0,VIIRS_NOAA20_SP
23.41123,72.41422,305.79,0.5,0.41,2023-10-23,2034,N20,VIIRS,n,2,291.81,0.47,N,0,VIIRS_NOAA20_SP
24.49591,77.61249,298.6,0.39,0.36,2023-10-23,2034,N20,VIIRS,n,2,288.33,0.35,N,0,VIIRS_NOAA20_SP
24.58163,74.80348,302.71,0.41,0.37,2023-10-23,2034,N20,VIIRS,n,2,291.77,0.5,N,2,VIIRS_NOAA20_SP
24.62213,76.82509,301.06,0.38,0.36,2023-10-23,2034,N20,VIIRS,n,2,288.65,0.56,N,0,VIIRS_NOAA20_SP
24.6614,74.63486,309.66,0.41,0.37,2023-10-23,2034,N20,VIIRS,n,2,293.75,1.23,N,2,VIIRS_NOAA20_SP
24.66198,74.63078,302.66,0.41,0.37,2023-10-23,2034,N20,VIIRS,n,2,292.64,1.11,N,2,VIIRS_NOAA20_SP
24.71548,75.95377,306.5,0.39,0.36,2023-10-23,2034,N20,VIIRS,n,2,293.56,0.78,N,2,VIIRS_NOAA20_SP
24.71621,74.66826,302.63,0.41,0.37,2023-10-23,2034,N20,VIIRS,n,2,291.94,0.69,N,0,VIIRS_NOAA20_SP
24.76301,74.60944,305.52,0.42,0.37,2023-10-23,2034,N20,VIIRS,n,2,292.84,1.16,N,2,VIIRS_NOAA20_SP
24.76358,74.60535,303.08,0.42,0.37,2023-10-23,2034,N20,VIIRS,n,2,291.81,0.9,N,2,VIIRS_NOAA20_SP
24.93453,74.63209,306.89,0.42,0.37,2023-10-23,2034,N20,VIIRS,n,2,293.5,1.49,N,2,VIIRS_NOAA20_SP
25.29902,71.76543,301.58,0.56,0.43,2023-10-23,2034,N20,VIIRS,n,2,290.79,0.51,N,0,VIIRS_NOAA20_SP
25.79737,68.69519,304.08,0.58,0.52,2023-10-23,2034,N20,VIIRS,n,2,292.72,1.34,N,2,VIIRS_NOAA20_SP
17.58676,80.31699,304.5,0.39,0.44,2023-10-23,2035,N20,VIIRS,n,2,292.49,0.54,N,0,VIIRS_NOAA20_SP
17.6645,80.48603,311.78,0.4,0.44,2023-10-23,2035,N20,VIIRS,n,2,293.44,1.03,N,0,VIIRS_NOAA20_SP
17.69284,83.24221,302.07,0.6,0.53,2023-10-23,2035,N20,VIIRS,n,2,280.59,1.24,N,2,VIIRS_NOAA20_SP
17.71539,76.79411,300.01,0.41,0.37,2023-10-23,2035,N20,VIIRS,n,2,289.76,0.36,N,0,VIIRS_NOAA20_SP
17.88697,76.58072,307.13,0.4,0.37,2023-10-23,2035,N20,VIIRS,n,2,289.62,0.59,N,0,VIIRS_NOAA20_SP
17.95514,80.79491,303.8,0.42,0.45,2023-10-23,2035,N20,VIIRS,n,2,292.66,1.26,N,0,VIIRS_NOAA20_SP
17.95851,80.79959,301.44,0.42,0.45,2023-10-23,2035,N20,VIIRS,n,2,290.57,0.5,N,2,VIIRS_NOAA20_SP
18.41822,78.83289,311.8,0.48,0.4,2023-10-23,2035,N20,VIIRS,n,2,291.9,1.29,N,0,VIIRS_NOAA20_SP
18.67905,79.55279,316.27,0.52,0.41,2023-10-23,2035,N20,VIIRS,n,2,295.62,2.08,N,0,VIIRS_NOAA20_SP
18.67991,79.55058,319.39,0.51,0.41,2023-10-23,2035,N20,VIIRS,n,2,295.01,2.29,N,0,VIIRS_NOAA20_SP
18.72178,79.53405,312.87,0.51,0.41,2023-10-23,2035,N20,VIIRS,n,2,295.53,1.82,N,2,VIIRS_NOAA20_SP
18.97592,71.62263,327.02,0.49,0.4,2023-10-23,2035,N20,VIIRS,n,2,297.72,2.31,N,3,VIIRS_NOAA20_SP
19.05736,77.32973,307.78,0.41,0.37,2023-10-23,2035,N20,VIIRS,n,2,289.86,1.2,N,0,VIIRS_NOAA20_SP
19.09431,82.16615,323.86,0.48,0.48,2023-10-23,2035,N20,VIIRS,n,2,290.26,4.62,N,0,VIIRS_NOAA20_SP
19.10302,82.16807,306.27,0.48,0.48,2023-10-23,2035,N20,VIIRS,n,2,291.83,2.17,N,0,VIIRS_NOAA20_SP
19.1039,82.16356,314.27,0.48,0.48,2023-10-23,2035,N20,VIIRS,n,2,289.59,1.33,N,0,VIIRS_NOAA20_SP
19.1772,70.94475,315.02,0.53,0.42,2023-10-23,2035,N20,VIIRS,n,2,298.14,1.08,N,3,VIIRS_NOAA20_SP
19.37033,71.35307,323.82,0.51,0.41,2023-10-23,2035,N20,VIIRS,n,2,297.67,2.23,N,3,VIIRS_NOAA20_SP
20.69755,78.63808,305.3,0.44,0.38,2023-10-23,2035,N20,VIIRS,n,2,293.39,1.57,N,2,VIIRS_NOAA20_SP
20.83781,70.69228,307.02,0.57,0.43,2023-10-23,2035,N20,VIIRS,n,2,295.83,1.52,N,2,VIIRS_NOAA20_SP
20.91066,71.45748,315.22,0.52,0.42,2023-10-23,2035,N20,VIIRS,n,2,296.16,2.45,N,2,VIIRS_NOAA20_SP
21.10237,72.63549,339.34,0.46,0.39,2023-10-23,2035,N20,VIIRS,n,2,298.57,12.96,N,2,VIIRS_NOAA20_SP
21.10477,72.64484,336.42,0.46,0.39,2023-10-23,2035,N20,VIIRS,n,2,297.28,17.81,N,2,VIIRS_NOAA20_SP
21.10596,72.63605,329.39,0.46,0.39,2023-10-23,2035,N20,VIIRS,n,2,297.36,5.18,N,2,VIIRS_NOAA20_SP
21.10836,72.64541,329.72,0.46,0.39,2023-10-23,2035,N20,VIIRS,n,2,301.36,17.81,N,2,VIIRS_NOAA20_SP
21.10955,72.63663,312.36,0.46,0.39,2023-10-23,2035,N20,VIIRS,n,2,299.06,5.18,N,2,VIIRS_NOAA20_SP
21.11314,72.63719,312.24,0.46,0.39,2023-10-23,2035,N20,VIIRS,n,2,297.62,3.28,N,2,VIIRS_NOAA20_SP
21.49576,71.0471,303.3,0.56,0.43,2023-10-23,2035,N20,VIIRS,n,2,292.82,0.62,N,0,VIIRS_NOAA20_SP
13.57197,79.4214,307.49,0.4,0.44,2023-10-23,2036,N20,VIIRS,n,2,291.26,0.72,N,0,VIIRS_NOAA20_SP
14.39759,75.53593,302.39,0.4,0.37,2023-10-23,2036,N20,VIIRS,n,2,291.97,0.51,N,0,VIIRS_NOAA20_SP
14.91481,77.98011,303.18,0.48,0.4,2023-10-23,2036,N20,VIIRS,n,2,292.29,1.11,N,0,VIIRS_NOAA20_SP
15.13911,76.70865,305.58,0.42,0.38,2023-10-23,2036,N20,VIIRS,n,2,292.55,0.64,N,2,VIIRS_NOAA20_SP
15.15245,76.70955,302.8,0.42,0.38,2023-10-23,2036,N20,VIIRS,n,2,291.95,1.2,N,2,VIIRS_NOAA20_SP
15.16898,76.37874,309.14,0.41,0.37,2023-10-23,2036,N20,VIIRS,n,2,294.24,1.32,N,2,VIIRS_NOAA20_SP
15.16926,76.67265,308.73,0.42,0.38,2023-10-23,2036,N20,VIIRS,n,2,294.73,1.38,N,2,VIIRS_NOAA20_SP
15.16991,76.6688,307.53,0.42,0.38,2023-10-23,2036,N20,VIIRS,n,2,295.28,1.38,N,2,VIIRS_NOAA20_SP
15.17056,76.66495,338.89,0.42,0.38,2023-10-23,2036,N20,VIIRS,n,2,297.7,6.86,N,2,VIIRS_NOAA20_SP
15.17073,76.68485,309.35,0.42,0.38,2023-10-23,2036,N20,VIIRS,n,2,294.78,0.83,N,2,VIIRS_NOAA20_SP
15.173,76.37556,308.38,0.41,0.37,2023-10-23,2036,N20,VIIRS,n,2,293.24,0.96,N,2,VIIRS_NOAA20_SP
15.17593,76.65398,314.32,0.42,0.38,2023-10-23,2036,N20,VIIRS,n,2,296.45,2.69,N,2,VIIRS_NOAA20_SP
15.17874,77.10409,308.35,0.44,0.38,2023-10-23,2036,N20,VIIRS,n,2,293.45,1.44,N,2,VIIRS_NOAA20_SP
15.17935,76.65459,319.15,0.42,0.38,2023-10-23,2036,N20,VIIRS,n,2,296.75,3.09,N,2,VIIRS_NOAA20_SP
15.17953,76.67453,323.2,0.42,0.38,2023-10-23,2036,N20,VIIRS,n,2,296.1,1.85,N,2,VIIRS_NOAA20_SP
15.18018,76.67066,314.09,0.42,0.38,2023-10-23,2036,N20,VIIRS,n,2,293.82,1.85,N,2,VIIRS_NOAA20_SP
15.1879,77.10088,303.18,0.44,0.38,2023-10-23,2036,N20,VIIRS,n,2,292.73,1.15,N,0,VIIRS_NOAA20_SP
15.18897,76.66029,305.7,0.42,0.38,2023-10-23,2036,N20,VIIRS,n,2,294.69,1.51,N,2,VIIRS_NOAA20_SP
15.18962,76.65643,313.06,0.42,0.38,2023-10-23,2036,N20,VIIRS,n,2,298.41,1.51,N,2,VIIRS_NOAA20_SP
15.19674,76.37971,310.29,0.41,0.37,2023-10-23,2036,N20,VIIRS,n,2,292.81,1.0,N,2,VIIRS_NOAA20_SP
15.19759,76.37859,304.93,0.41,0.37,2023-10-23,2036,N20,VIIRS,n,2,292.97,0.63,N,2,VIIRS_NOAA20_SP
15.32246,76.23398,302.86,0.41,0.37,2023-10-23,2036,N20,VIIRS,n,2,292.59,0.45,N,0,VIIRS_NOAA20_SP
15.33264,76.28573,310.13,0.41,0.37,2023-10-23,2036,N20,VIIRS,n,2,292.76,1.23,N,2,VIIRS_NOAA20_SP
15.33889,76.24824,313.83,0.41,0.37,2023-10-23,2036,N20,VIIRS,n,2,293.25,1.53,N,0,VIIRS_NOAA20_SP
15.96385,80.93943,302.38,0.46,0.47,2023-10-23,2036,N20,VIIRS,n,2,289.93,0.6,N,0,VIIRS_NOAA20_SP
16.8735,80.02033,307.1,0.39,0.44,2023-10-23,2036,N20,VIIRS,n,2,294.92,0.97,N,2,VIIRS_NOAA20_SP
17.14046,77.18395,304.68,0.42,0.38,2023-10-23,2036,N20,VIIRS,n,2,294.22,0.92,N,2,VIIRS_NOAA20_SP
10.55516,78.05909,311.49,0.56,0.43,2023-10-23,2037,N20,VIIRS,n,2,290.24,1.25,N,0,VIIRS_NOAA20_SP
10.55526,78.06026,311.48,0.56,0.43,2023-10-23,2037,N20,VIIRS,n,2,290.21,1.34,N,0,VIIRS_NOAA20_SP
10.75603,79.67166,304.68,0.46,0.47,2023-10-23,2037,N20,VIIRS,n,2,290.68,0.54,N,0,VIIRS_NOAA20_SP
10.76264,76.7266,302.48,0.47,0.4,2023-10-23,2037,N20,VIIRS,n,2,289.95,0.52,N,0,VIIRS_NOAA20_SP
11.18367,79.10068,301.32,0.42,0.45,2023-10-23,2037,N20,VIIRS,n,2,287.01,0.19,N,2,VIIRS_NOAA20_SP
11.30723,79.80451,304.0,0.46,0.47,2023-10-23,2037,N20,VIIRS,n,2,290.98,0.53,N,0,VIIRS_NOAA20_SP
12.86186,79.91629,304.43,0.44,0.46,2023-10-23,2037,N20,VIIRS,n,2,293.81,0.7,N,0,VIIRS_NOAA20_SP
13.60277,76.82603,313.8,0.44,0.38,2023-10-23,2037,N20,VIIRS,n,2,291.54,1.34,N,0,VIIRS_NOAA20_SP
13.60627,76.82664,312.22,0.44,0.38,2023-10-23,2037,N20,VIIRS,n,2,291.34,1.34,N,0,VIIRS_NOAA20_SP
13.73655,77.51035,301.22,0.47,0.4,2023-10-23,2037,N20,VIIRS,n,2,290.7,0.5,N,0,VIIRS_NOAA20_SP
13.90096,76.56312,302.88,0.43,0.38,2023-10-23,2037,N20,VIIRS,n,2,291.41,0.41,N,0,VIIRS_NOAA20_SP
9.36493,80.65147,344.32,0.47,0.4,2023-10-24,743,N20,VIIRS,n,2,294.91,7.79,D,0,VIIRS_NOAA20_SP
10.62063,77.97493,340.6,0.43,0.46,2023-10-24,744,N20,VIIRS,n,2,297.67,3.63,D,0,VIIRS_NOAA20_SP
10.94413,78.08469,334.06,0.42,0.45,2023-10-24,744,N20,VIIRS,n,2,299.78,2.75,D,0,VIIRS_NOAA20_SP
11.08533,76.87487,333.5,0.5,0.49,2023-10-24,744,N20,VIIRS,n,2,296.08,3.92,D,0,VIIRS_NOAA20_SP
11.15557,78.07445,341.07,0.42,0.45,2023-10-24,744,N20,VIIRS,n,2,300.57,7.71,D,0,VIIRS_NOAA20_SP
11.32616,77.95177,332.73,0.42,0.45,2023-10-24,744,N20,VIIRS,n,2,301.94,3.25,D,0,VIIRS_NOAA20_SP
12.04004,78.47913,345.69,0.57,0.43,2023-10-24,744,N20,VIIRS,n,2,301.68,7.72,D,0,VIIRS_NOAA20_SP
12.04399,78.47842,341.54,0.57,0.43,2023-10-24,744,N20,VIIRS,n,2,301.54,8.86,D,0,VIIRS_NOAA20_SP
12.05397,79.28211,338.18,0.51,0.41,2023-10-24,744,N20,VIIRS,n,2,299.94,5.98,D,0,VIIRS_NOAA20_SP
12.36365,77.14754,331.33,0.46,0.47,2023-10-24,744,N20,VIIRS,n,2,301.31,2.61,D,0,VIIRS_NOAA20_SP
12.92466,74.82083,330.63,0.32,0.54,2023-10-24,744,N20,VIIRS,n,2,297.27,1.29,D,0,VIIRS_NOAA20_SP
12.98513,79.91846,333.99,0.46,0.39,2023-10-24,744,N20,VIIRS,n,2,303.14,3.86,D,0,VIIRS_NOAA20_SP
13.04889,79.16949,331.04,0.51,0.41,2023-10-24,744,N20,VIIRS,n,2,297.77,2.25,D,0,VIIRS_NOAA20_SP
13.11354,79.6769,334.13,0.48,0.4,2023-10-24,744,N20,VIIRS,n,2,301.43,1.84,D,0,VIIRS_NOAA20_SP
13.33804,77.53979,340.02,0.42,0.45,2023-10-24,744,N20,VIIRS,n,2,305.15,3.99,D,0,VIIRS_NOAA20_SP
13.43397,77.29951,331.15,0.43,0.46,2023-10-24,744,N20,VIIRS,n,2,303.62,0.97,D,0,VIIRS_NOAA20_SP
13.88658,79.90396,335.8,0.45,0.39,2023-10-24,744,N20,VIIRS,n,2,309.4,1.77,D,0,VIIRS_NOAA20_SP
13.97096,80.10928,349.65,0.44,0.39,2023-10-24,744,N20,VIIRS,n,2,312.31,7.91,D,0,VIIRS_NOAA20_SP
14.02148,79.9287,337.98,0.45,0.39,2023-10-24,744,N20,VIIRS,l,2,312.81,3.69,D,0,VIIRS_NOAA20_SP
13.98617,78.15087,333.76,0.56,0.43,2023-10-24,745,N20,VIIRS,n,2,307.5,0.91,D,0,VIIRS_NOAA20_SP
14.06714,76.40578,355.05,0.48,0.48,2023-10-24,745,N20,VIIRS,n,2,306.45,12.63,D,0,VIIRS_NOAA20_SP
14.15891,77.73139,342.3,0.39,0.44,2023-10-24,745,N20,VIIRS,n,2,309.16,1.65,D,0,VIIRS_NOAA20_SP
14.1871,76.76434,342.64,0.45,0.47,2023-10-24,745,N20,VIIRS,n,2,311.64,4.07,D,0,VIIRS_NOAA20_SP
14.35961,78.78024,347.1,0.51,0.41,2023-10-24,745,N20,VIIRS,n,2,316.66,5.94,D,0,VIIRS_NOAA20_SP
14.40207,80.12895,338.25,0.44,0.38,2023-10-24,745,N20,VIIRS,n,2,307.06,4.04,D,0,VIIRS_NOAA20_SP
14.40557,80.12834,344.61,0.44,0.38,2023-10-24,745,N20,VIIRS,n,2,307.13,7.36,D,0,VIIRS_NOAA20_SP
14.40687,80.13641,338.04,0.44,0.38,2023-10-24,745,N20,VIIRS,n,2,304.8,3.45,D,0,VIIRS_NOAA20_SP
14.49754,79.4024,338.82,0.47,0.4,2023-10-24,745,N20,VIIRS,n,2,310.32,2.15,D,0,VIIRS_NOAA20_SP
14.52077,79.70046,336.92,0.46,0.39,2023-10-24,745,N20,VIIRS,l,2,310.2,7.26,D,0,VIIRS_NOAA20_SP
14.52988,79.07652,349.51,0.49,0.4,2023-10-24,745,N20,VIIRS,n,2,311.87,6.91,D,0,VIIRS_NOAA20_SP
14.54147,79.568,340.64,0.46,0.39,2023-10-24,745,N20,VIIRS,n,2,314.01,12.88,D,0,VIIRS_NOAA20_SP
14.56994,80.02244,335.22,0.44,0.38,2023-10-24,745,N20,VIIRS,l,2,308.11,2.86,D,0,VIIRS_NOAA20_SP
14.69445,77.51539,340.56,0.4,0.44,2023-10-24,745,N20,VIIRS,n,2,311.19,2.18,D,0,VIIRS_NOAA20_SP
14.90666,78.682,334.74,0.51,0.41,2023-10-24,745,N20,VIIRS,n,2,308.22,2.58,D,0,VIIRS_NOAA20_SP
15.10501,78.22878,339.28,0.53,0.42,2023-10-24,745,N20,VIIRS,n,2,308.91,3.35,D,0,VIIRS_NOAA20_SP
15.13921,77.09444,339.49,0.41,0.45,2023-10-24,745,N20,VIIRS,l,2,313.87,2.92,D,0,VIIRS_NOAA20_SP
15.40716,79.92705,341.09,0.44,0.38,2023-10-24,745,N20,VIIRS,n,2,311.53,7.59,D,0,VIIRS_NOAA20_SP
15.41066,79.92645,340.12,0.44,0.38,2023-10-24,745,N20,VIIRS,n,2,310.93,4.76,D,0,VIIRS_NOAA20_SP
15.56731,78.49325,337.47,0.51,0.41,2023-10-24,745,N20,VIIRS,l,2,311.13,6.15,D,0,VIIRS_NOAA20_SP
15.68635,78.89968,334.2,0.48,0.4,2023-10-24,745,N20,VIIRS,n,2,307.39,1.72,D,0,VIIRS_NOAA20_SP
15.70308,78.44689,331.48,0.51,0.41,2023-10-24,745,N20,VIIRS,l,2,305.71,1.68,D,0,VIIRS_NOAA20_SP
15.77566,79.76081,340.32,0.44,0.38,2023-10-24,745,N20,VIIRS,l,2,311.3,4.68,D,0,VIIRS_NOAA20_SP
15.80998,78.20916,342.09,0.52,0.42,2023-10-24,745,N20,VIIRS,n,2,306.92,5.39,D,0,VIIRS_NOAA20_SP
15.8548,78.45013,335.28,0.51,0.41,2023-10-24,745,N20,VIIRS,l,2,308.68,3.04,D,0,VIIRS_NOAA20_SP
15.86148,78.44408,343.38,0.51,0.41,2023-10-24,745,N20,VIIRS,n,2,309.22,3.76,D,0,VIIRS_NOAA20_SP
15.8798,78.25311,335.03,0.52,0.41,2023-10-24,745,N20,VIIRS,n,2,307.43,3.5,D,0,VIIRS_NOAA20_SP
15.8942,78.92954,336.8,0.48,0.4,2023-10-24,745,N20,VIIRS,n,2,309.98,3.32,D,0,VIIRS_NOAA20_SP
15.90098,78.30822,334.18,0.51,0.41,2023-10-24,745,N20,VIIRS,n,2,308.22,2.43,D,0,VIIRS_NOAA20_SP
15.95893,78.30727,337.96,0.51,0.41,2023-10-24,745,N20,VIIRS,n,2,308.86,6.15,D,0,VIIRS_NOAA20_SP
15.95961,78.3091,339.79,0.51,0.41,2023-10-24,745,N20,VIIRS,n,2,308.87,5.36,D,0,VIIRS_NOAA20_SP
15.96887,79.76948,337.76,0.44,0.38,2023-10-24,745,N20,VIIRS,l,2,311.2,2.39,D,0,VIIRS_NOAA20_SP
16.0891,79.84007,335.24,0.43,0.38,2023-10-24,745,N20,VIIRS,l,2,307.45,1.49,D,0,VIIRS_NOAA20_SP
16.27591,76.48919,330.07,0.43,0.46,2023-10-24,745,N20,VIIRS,n,2,301.93,2.46,D,0,VIIRS_NOAA20_SP
16.65814,80.07991,332.7,0.42,0.38,2023-10-24,745,N20,VIIRS,l,2,305.47,3.39,D,0,VIIRS_NOAA20_SP
16.87726,79.3785,335.98,0.44,0.39,2023-10-24,745,N20,VIIRS,n,2,307.57,2.5,D,0,VIIRS_NOAA20_SP
16.91822,78.32202,335.22,0.5,0.41,2023-10-24,745,N20,VIIRS,n,2,307.87,3.64,D,0,VIIRS_NOAA20_SP
16.93229,80.82031,331.53,0.4,0.37,2023-10-24,745,N20,VIIRS,l,2,304.7,0.71,D,0,VIIRS_NOAA20_SP
17.23378,78.43333,333.51,0.49,0.4,2023-10-24,745,N20,VIIRS,l,2,308.11,6.18,D,0,VIIRS_NOAA20_SP
17.29755,79.97338,333.1,0.42,0.38,2023-10-24,745,N20,VIIRS,l,2,305.45,4.67,D,0,VIIRS_NOAA20_SP
17.40895,79.27861,333.91,0.44,0.39,2023-10-24,745,N20,VIIRS,n,2,306.52,2.92,D,0,VIIRS_NOAA20_SP
17.50943,79.5541,336.5,0.43,0.38,2023-10-24,745,N20,VIIRS,n,2,304.42,1.67,D,0,VIIRS_NOAA20_SP
17.52412,79.53494,367.0,0.43,0.38,2023-10-24,745,N20,VIIRS,h,2,308.14,27.52,D,0,VIIRS_NOAA20_SP
17.54014,79.5238,345.41,0.43,0.38,2023-10-24,745,N20,VIIRS,n,2,307.46,8.72,D,0,VIIRS_NOAA20_SP
17.54081,79.52782,344.37,0.43,0.38,2023-10-24,745,N20,VIIRS,n,2,307.18,9.01,D,0,VIIRS_NOAA20_SP
17.54362,79.52319,343.46,0.43,0.38,2023-10-24,745,N20,VIIRS,n,2,307.72,12.29,D,0,VIIRS_NOAA20_SP
17.55403,79.52134,355.26,0.43,0.38,2023-10-24,745,N20,VIIRS,n,2,309.63,14.48,D,0,VIIRS_NOAA20_SP
17.55469,79.52534,355.27,0.43,0.38,2023-10-24,745,N20,VIIRS,l,2,310.0,12.02,D,0,VIIRS_NOAA20_SP
17.55684,79.51669,331.52,0.43,0.38,2023-10-24,745,N20,VIIRS,n,2,303.6,5.44,D,0,VIIRS_NOAA20_SP
17.5575,79.52071,350.36,0.43,0.38,2023-10-24,745,N20,VIIRS,n,2,306.76,5.44,D,0,VIIRS_NOAA20_SP
17.6081,83.20357,332.29,0.39,0.36,2023-10-24,745,N20,VIIRS,n,2,302.27,3.03,D,2,VIIRS_NOAA20_SP
17.69156,83.24289,332.83,0.39,0.36,2023-10-24,745,N20,VIIRS,n,2,300.5,1.87,D,2,VIIRS_NOAA20_SP
17.6949,83.24236,331.61,0.39,0.36,2023-10-24,745,N20,VIIRS,l,2,302.0,1.87,D,2,VIIRS_NOAA20_SP
17.71478,80.29185,333.17,0.41,0.37,2023-10-24,745,N20,VIIRS,n,2,306.01,2.27,D,0,VIIRS_NOAA20_SP
17.71816,80.29127,334.79,0.41,0.37,2023-10-24,745,N20,VIIRS,n,2,306.2,2.27,D,0,VIIRS_NOAA20_SP
18.31735,83.74883,330.94,0.41,0.37,2023-10-24,745,N20,VIIRS,n,2,296.55,1.93,D,0,VIIRS_NOAA20_SP
18.0623,78.75554,333.97,0.46,0.39,2023-10-24,746,N20,VIIRS,n,2,307.51,2.98,D,0,VIIRS_NOAA20_SP
18.0791,78.43097,331.99,0.47,0.4,2023-10-24,746,N20,VIIRS,n,2,303.01,3.31,D,0,VIIRS_NOAA20_SP
18.12234,78.85526,334.87,0.45,0.39,2023-10-24,746,N20,VIIRS,n,2,307.46,4.65,D,0,VIIRS_NOAA20_SP
18.12341,78.85809,336.47,0.45,0.39,2023-10-24,746,N20,VIIRS,n,2,306.69,3.07,D,0,VIIRS_NOAA20_SP
18.17624,78.93641,334.29,0.45,0.39,2023-10-24,746,N20,VIIRS,l,2,306.43,2.3,D,0,VIIRS_NOAA20_SP
18.55063,77.91879,342.09,0.5,0.41,2023-10-24,746,N20,VIIRS,n,2,306.01,5.18,D,0,VIIRS_NOAA20_SP
18.56828,77.91061,342.4,0.5,0.41,2023-10-24,746,N20,VIIRS,n,2,308.12,14.29,D,0,VIIRS_NOAA20_SP
18.57198,77.9099,337.75,0.5,0.41,2023-10-24,746,N20,VIIRS,n,2,305.73,7.1,D,0,VIIRS_NOAA20_SP
18.57519,77.92849,333.84,0.5,0.41,2023-10-24,746,N20,VIIRS,l,2,304.25,30.45,D,0,VIIRS_NOAA20_SP
18.57598,77.93311,351.08,0.49,0.41,2023-10-24,746,N20,VIIRS,n,2,308.75,19.38,D,0,VIIRS_NOAA20_SP
18.57967,77.93238,349.09,0.49,0.41,2023-10-24,746,N20,VIIRS,n,2,311.04,19.38,D,0,VIIRS_NOAA20_SP
18.58336,77.93167,352.72,0.49,0.41,2023-10-24,746,N20,VIIRS,n,2,309.01,15.29,D,0,VIIRS_NOAA20_SP
18.68443,73.04065,330.14,0.33,0.55,2023-10-24,746,N20,VIIRS,l,2,301.84,3.91,D,2,VIIRS_NOAA20_SP
18.68494,73.04205,331.78,0.33,0.55,2023-10-24,746,N20,VIIRS,l,2,301.98,4.21,D,2,VIIRS_NOAA20_SP
18.73287,78.53576,337.88,0.46,0.39,2023-10-24,746,N20,VIIRS,n,2,303.36,4.88,D,0,VIIRS_NOAA20_SP
18.81086,78.6051,332.94,0.46,0.39,2023-10-24,746,N20,VIIRS,l,2,306.73,2.57,D,0,VIIRS_NOAA20_SP
18.97549,79.42648,345.12,0.42,0.38,2023-10-24,746,N20,VIIRS,n,2,307.12,5.13,D,0,VIIRS_NOAA20_SP
19.22865,73.03807,353.66,0.32,0.54,2023-10-24,746,N20,VIIRS,n,2,300.54,5.02,D,0,VIIRS_NOAA20_SP
19.22961,73.03694,367.0,0.32,0.54,2023-10-24,746,N20,VIIRS,h,2,301.21,3.58,D,0,VIIRS_NOAA20_SP
19.27262,76.79665,331.79,0.56,0.43,2023-10-24,746,N20,VIIRS,n,2,303.83,1.55,D,0,VIIRS_NOAA20_SP
19.64302,78.41314,331.15,0.46,0.39,2023-10-24,746,N20,VIIRS,l,2,304.27,2.01,D,0,VIIRS_NOAA20_SP
19.96716,80.72179,333.99,0.39,0.36,2023-10-24,746,N20,VIIRS,n,2,303.92,2.82,D,0,VIIRS_NOAA20_SP
20.02162,79.27148,334.86,0.42,0.38,2023-10-24,746,N20,VIIRS,n,2,305.6,2.0,D,0,VIIRS_NOAA20_SP
20.02227,79.27545,336.58,0.42,0.38,2023-10-24,746,N20,VIIRS,n,2,303.73,1.93,D,0,VIIRS_NOAA20_SP
20.64694,80.18081,335.66,0.39,0.36,2023-10-24,746,N20,VIIRS,n,2,306.52,1.72,D,0,VIIRS_NOAA20_SP
20.76954,79.72775,333.53,0.4,0.37,2023-10-24,746,N20,VIIRS,n,2,304.78,1.53,D,0,VIIRS_NOAA20_SP
20.77451,78.8092,331.61,0.43,0.38,2023-10-24,746,N20,VIIRS,n,2,306.48,1.53,D,0,VIIRS_NOAA20_SP
20.78371,79.6977,331.25,0.4,0.37,2023-10-24,746,N20,VIIRS,n,2,304.92,2.17,D,0,VIIRS_NOAA20_SP
20.78588,85.26221,333.4,0.5,0.41,2023-10-24,746,N20,VIIRS,n,2,298.75,5.85,D,2,VIIRS_NOAA20_SP
20.7927,85.25636,335.25,0.49,0.41,2023-10-24,746,N20,VIIRS,n,2,300.41,12.39,D,2,VIIRS_NOAA20_SP
20.96292,85.16717,333.17,0.49,0.4,2023-10-24,746,N20,VIIRS,n,2,300.62,4.68,D,2,VIIRS_NOAA20_SP
20.96353,85.17188,335.69,0.49,0.4,2023-10-24,746,N20,VIIRS,n,2,300.23,5.58,D,2,VIIRS_NOAA20_SP
20.96414,85.17661,332.95,0.49,0.4,2023-10-24,746,N20,VIIRS,n,2,300.49,5.58,D,2,VIIRS_NOAA20_SP
20.96623,85.01884,332.69,0.48,0.4,2023-10-24,746,N20,VIIRS,n,2,296.88,3.49,D,0,VIIRS_NOAA20_SP
20.96785,85.17609,343.29,0.49,0.4,2023-10-24,746,N20,VIIRS,n,2,301.05,11.1,D,2,VIIRS_NOAA20_SP
20.96992,85.01833,333.0,0.48,0.4,2023-10-24,746,N20,VIIRS,n,2,297.39,5.01,D,0,VIIRS_NOAA20_SP
20.9741,85.13681,328.88,0.49,0.4,2023-10-24,746,N20,VIIRS,l,2,299.13,2.46,D,2,VIIRS_NOAA20_SP
20.99783,81.62039,334.59,0.38,0.36,2023-10-24,746,N20,VIIRS,n,2,301.08,4.57,D,0,VIIRS_NOAA20_SP
21.07374,85.04324,329.47,0.49,0.4,2023-10-24,746,N20,VIIRS,l,2,301.15,5.04,D,2,VIIRS_NOAA20_SP
21.07743,85.04272,340.69,0.49,0.4,2023-10-24,746,N20,VIIRS,n,2,302.15,5.04,D,2,VIIRS_NOAA20_SP
21.12066,81.06089,331.69,0.38,0.36,2023-10-24,746,N20,VIIRS,n,2,301.45,1.72,D,0,VIIRS_NOAA20_SP
21.15497,78.4351,337.89,0.44,0.38,2023-10-24,746,N20,VIIRS,n,2,304.47,3.22,D,0,VIIRS_NOAA20_SP
21.19484,81.41716,335.95,0.38,0.36,2023-10-24,746,N20,VIIRS,n,2,308.19,2.26,D,2,VIIRS_NOAA20_SP
21.20303,78.95474,341.87,0.42,0.38,2023-10-24,746,N20,VIIRS,n,2,309.24,3.12,D,0,VIIRS_NOAA20_SP
21.20645,78.95409,338.39,0.42,0.38,2023-10-24,746,N20,VIIRS,n,2,308.72,4.48,D,0,VIIRS_NOAA20_SP
21.67876,84.0377,331.38,0.44,0.39,2023-10-24,746,N20,VIIRS,n,2,298.98,3.25,D,2,VIIRS_NOAA20_SP
21.76662,84.0204,329.46,0.44,0.39,2023-10-24,746,N20,VIIRS,l,2,300.39,4.82,D,2,VIIRS_NOAA20_SP
22.04194,83.73367,340.84,0.44,0.38,2023-10-24,746,N20,VIIRS,n,2,302.96,3.49,D,2,VIIRS_NOAA20_SP
21.10078,72.63659,338.34,0.62,0.54,2023-10-24,747,N20,VIIRS,n,2,302.37,7.89,D,2,VIIRS_NOAA20_SP
21.10287,72.63505,336.62,0.62,0.54,2023-10-24,747,N20,VIIRS,n,2,303.01,4.4,D,2,VIIRS_NOAA20_SP
21.1823,72.941,330.1,0.59,0.53,2023-10-24,747,N20,VIIRS,l,2,302.8,1.84,D,0,VIIRS_NOAA20_SP
21.91337,81.54673,332.54,0.39,0.36,2023-10-24,747,N20,VIIRS,n,2,305.0,2.42,D,0,VIIRS_NOAA20_SP
21.96159,79.33653,332.97,0.4,0.37,2023-10-24,747,N20,VIIRS,n,2,304.14,1.16,D,0,VIIRS_NOAA20_SP
21.98205,78.98743,335.19,0.41,0.37,2023-10-24,747,N20,VIIRS,n,2,305.53,2.46,D,0,VIIRS_NOAA20_SP
22.03703,79.38622,330.73,0.4,0.37,2023-10-24,747,N20,VIIRS,l,2,305.56,2.44,D,0,VIIRS_NOAA20_SP
22.09669,79.71306,331.96,0.39,0.37,2023-10-24,747,N20,VIIRS,n,2,300.62,2.86,D,0,VIIRS_NOAA20_SP
22.12123,75.78511,332.13,0.57,0.43,2023-10-24,747,N20,VIIRS,l,2,305.75,3.2,D,0,VIIRS_NOAA20_SP
22.13782,79.7133,336.81,0.39,0.37,2023-10-24,747,N20,VIIRS,n,2,306.59,5.38,D,0,VIIRS_NOAA20_SP
22.14432,79.35415,334.99,0.4,0.37,2023-10-24,747,N20,VIIRS,n,2,305.95,3.08,D,0,VIIRS_NOAA20_SP
22.15043,79.28548,335.93,0.4,0.37,2023-10-24,747,N20,VIIRS,n,2,307.19,2.62,D,0,VIIRS_NOAA20_SP
22.15253,79.27713,345.77,0.4,0.37,2023-10-24,747,N20,VIIRS,n,2,307.92,6.45,D,0,VIIRS_NOAA20_SP
22.16265,75.92216,332.88,0.56,0.43,2023-10-24,747,N20,VIIRS,n,2,302.5,1.85,D,0,VIIRS_NOAA20_SP
22.18964,79.31402,334.09,0.4,0.37,2023-10-24,747,N20,VIIRS,l,2,306.4,1.62,D,0,VIIRS_NOAA20_SP
22.19483,75.56953,332.63,0.39,0.44,2023-10-24,747,N20,VIIRS,l,2,303.74,2.25,D,0,VIIRS_NOAA20_SP
22.2158,75.85892,333.58,0.56,0.43,2023-10-24,747,N20,VIIRS,n,2,302.47,3.82,D,0,VIIRS_NOAA20_SP
22.2255,79.38665,331.06,0.4,0.37,2023-10-24,747,N20,VIIRS,n,2,305.48,1.56,D,0,VIIRS_NOAA20_SP
22.23487,79.61706,333.94,0.4,0.37,2023-10-24,747,N20,VIIRS,l,2,305.96,8.21,D,0,VIIRS_NOAA20_SP
22.24484,79.70105,337.57,0.39,0.37,2023-10-24,747,N20,VIIRS,n,2,303.16,2.98,D,0,VIIRS_NOAA20_SP
22.24817,79.70045,334.48,0.39,0.37,2023-10-24,747,N20,VIIRS,n,2,302.94,3.15,D,0,VIIRS_NOAA20_SP
22.28437,79.90731,332.66,0.39,0.36,2023-10-24,747,N20,VIIRS,l,2,303.61,3.16,D,0,VIIRS_NOAA20_SP
22.28674,79.92236,333.7,0.39,0.36,2023-10-24,747,N20,VIIRS,l,2,304.23,5.45,D,0,VIIRS_NOAA20_SP
22.29153,79.80135,344.04,0.39,0.36,2023-10-24,747,N20,VIIRS,n,2,308.42,9.86,D,0,VIIRS_NOAA20_SP
22.32074,79.49518,334.71,0.4,0.37,2023-10-24,747,N20,VIIRS,n,2,307.25,3.01,D,0,VIIRS_NOAA20_SP
22.3209,79.66753,333.83,0.39,0.37,2023-10-24,747,N20,VIIRS,n,2,305.44,3.04,D,0,VIIRS_NOAA20_SP
22.32473,82.68561,333.77,0.41,0.37,2023-10-24,747,N20,VIIRS,l,2,308.22,3.51,D,2,VIIRS_NOAA20_SP
22.34536,77.71806,330.19,0.45,0.39,2023-10-24,747,N20,VIIRS,n,2,304.82,2.42,D,0,VIIRS_NOAA20_SP
22.34645,77.16267,334.08,0.48,0.4,2023-10-24,747,N20,VIIRS,n,2,308.53,3.0,D,0,VIIRS_NOAA20_SP
22.35767,77.05486,334.54,0.49,0.4,2023-10-24,747,N20,VIIRS,n,2,307.86,2.45,D,0,VIIRS_NOAA20_SP
22.40792,77.27808,335.04,0.47,0.4,2023-10-24,747,N20,VIIRS,n,2,308.22,2.39,D,0,VIIRS_NOAA20_SP
22.45928,79.85229,333.18,0.39,0.36,2023-10-24,747,N20,VIIRS,n,2,303.83,2.17,D,0,VIIRS_NOAA20_SP
22.46292,79.83224,332.88,0.39,0.36,2023-10-24,747,N20,VIIRS,n,2,304.52,2.68,D,0,VIIRS_NOAA20_SP
22.48656,77.842,336.21,0.45,0.39,2023-10-24,747,N20,VIIRS,n,2,308.02,3.83,D,0,VIIRS_NOAA20_SP
22.4916,80.03555,339.81,0.39,0.36,2023-10-24,747,N20,VIIRS,n,2,306.01,6.03,D,0,VIIRS_NOAA20_SP
22.49692,79.51394,336.86,0.4,0.37,2023-10-24,747,N20,VIIRS,n,2,306.07,3.16,D,0,VIIRS_NOAA20_SP
22.50515,77.52906,332.84,0.46,0.39,2023-10-24,747,N20,VIIRS,n,2,306.26,2.58,D,0,VIIRS_NOAA20_SP
22.52986,77.62874,339.39,0.46,0.39,2023-10-24,747,N20,VIIRS,n,2,307.57,3.71,D,0,VIIRS_NOAA20_SP
22.53696,77.43546,342.05,0.46,0.39,2023-10-24,747,N20,VIIRS,n,2,310.14,4.44,D,0,VIIRS_NOAA20_SP
22.54935,76.37764,338.43,0.52,0.42,2023-10-24,747,N20,VIIRS,n,2,305.57,7.16,D,0,VIIRS_NOAA20_SP
22.552,77.71436,333.68,0.45,0.39,2023-10-24,747,N20,VIIRS,n,2,303.29,2.86,D,0,VIIRS_NOAA20_SP
22.56477,79.76702,333.89,0.39,0.36,2023-10-24,747,N20,VIIRS,n,2,305.76,2.45,D,0,VIIRS_NOAA20_SP
22.56486,79.63857,332.79,0.39,0.36,2023-10-24,747,N20,VIIRS,l,2,307.45,3.03,D,0,VIIRS_NOAA20_SP
22.56726,77.76054,340.84,0.45,0.39,2023-10-24,747,N20,VIIRS,n,2,305.43,5.68,D,0,VIIRS_NOAA20_SP
22.5703,77.54338,343.59,0.46,0.39,2023-10-24,747,N20,VIIRS,n,2,308.68,4.75,D,0,VIIRS_NOAA20_SP
22.57263,77.64271,339.38,0.45,0.39,2023-10-24,747,N20,VIIRS,n,2,303.69,2.95,D,0,VIIRS_NOAA20_SP
22.58904,77.65295,331.64,0.45,0.39,2023-10-24,747,N20,VIIRS,l,2,303.91,1.62,D,0,VIIRS_NOAA20_SP
22.59372,77.61588,345.01,0.46,0.39,2023-10-24,747,N20,VIIRS,n,2,308.54,10.32,D,0,VIIRS_NOAA20_SP
22.60053,77.49281,334.84,0.46,0.39,2023-10-24,747,N20,VIIRS,l,2,308.9,5.57,D,0,VIIRS_NOAA20_SP
22.60239,77.41888,341.33,0.46,0.39,2023-10-24,747,N20,VIIRS,n,2,307.66,3.17,D,0,VIIRS_NOAA20_SP
22.60562,79.65829,333.0,0.39,0.36,2023-10-24,747,N20,VIIRS,n,2,303.98,1.5,D,0,VIIRS_NOAA20_SP
22.6253,77.35875,330.29,0.47,0.4,2023-10-24,747,N20,VIIRS,l,2,305.26,2.75,D,0,VIIRS_NOAA20_SP
22.62967,77.3625,332.15,0.47,0.39,2023-10-24,747,N20,VIIRS,l,2,302.87,3.11,D,0,VIIRS_NOAA20_SP
22.63834,79.86589,345.25,0.39,0.36,2023-10-24,747,N20,VIIRS,n,2,306.68,6.33,D,0,VIIRS_NOAA20_SP
22.63888,78.01073,331.66,0.44,0.38,2023-10-24,747,N20,VIIRS,n,2,301.97,1.31,D,0,VIIRS_NOAA20_SP
22.67581,76.70919,336.34,0.5,0.41,2023-10-24,747,N20,VIIRS,n,2,304.67,2.62,D,0,VIIRS_NOAA20_SP
22.69649,77.89952,335.41,0.44,0.39,2023-10-24,747,N20,VIIRS,n,2,305.1,3.03,D,0,VIIRS_NOAA20_SP
22.69696,77.31359,331.15,0.47,0.4,2023-10-24,747,N20,VIIRS,l,2,305.44,1.02,D,0,VIIRS_NOAA20_SP
22.70996,77.36667,339.63,0.47,0.39,2023-10-24,747,N20,VIIRS,n,2,308.84,3.23,D,0,VIIRS_NOAA20_SP
22.71166,77.33388,335.63,0.47,0.4,2023-10-24,747,N20,VIIRS,n,2,307.45,2.79,D,0,VIIRS_NOAA20_SP
22.7218,77.39201,334.62,0.46,0.39,2023-10-24,747,N20,VIIRS,n,2,308.02,2.09,D,0,VIIRS_NOAA20_SP
22.73388,77.44019,337.05,0.46,0.39,2023-10-24,747,N20,VIIRS,n,2,304.14,4.16,D,0,VIIRS_NOAA20_SP
22.75123,77.92377,335.36,0.44,0.38,2023-10-24,747,N20,VIIRS,l,2,307.47,6.53,D,0,VIIRS_NOAA20_SP
22.77157,77.89033,349.99,0.44,0.38,2023-10-24,747,N20,VIIRS,n,2,311.0,17.55,D,0,VIIRS_NOAA20_SP
22.78613,77.44344,340.22,0.46,0.39,2023-10-24,747,N20,VIIRS,n,2,308.1,2.99,D,0,VIIRS_NOAA20_SP
22.78829,77.44435,340.25,0.46,0.39,2023-10-24,747,N20,VIIRS,n,2,309.29,10.0,D,0,VIIRS_NOAA20_SP
22.7897,77.44273,341.68,0.46,0.39,2023-10-24,747,N20,VIIRS,n,2,309.99,6.59,D,0,VIIRS_NOAA20_SP
22.78992,77.91296,339.71,0.44,0.38,2023-10-24,747,N20,VIIRS,n,2,304.35,3.93,D,0,VIIRS_NOAA20_SP
22.80908,79.44392,338.7,0.4,0.37,2023-10-24,747,N20,VIIRS,n,2,305.43,6.35,D,0,VIIRS_NOAA20_SP
22.86341,79.20395,336.11,0.4,0.37,2023-10-24,747,N20,VIIRS,n,2,307.2,2.84,D,0,VIIRS_NOAA20_SP
22.92026,79.56056,336.5,0.39,0.36,2023-10-24,747,N20,VIIRS,n,2,308.27,3.06,D,0,VIIRS_NOAA20_SP
22.93958,79.64288,338.31,0.39,0.36,2023-10-24,747,N20,VIIRS,n,2,305.25,2.17,D,0,VIIRS_NOAA20_SP
22.94591,79.61831,330.25,0.39,0.36,2023-10-24,747,N20,VIIRS,l,2,304.77,2.03,D,0,VIIRS_NOAA20_SP
22.97668,77.60292,337.71,0.45,0.39,2023-10-24,747,N20,VIIRS,n,2,303.78,3.85,D,0,VIIRS_NOAA20_SP
22.98501,77.37389,345.64,0.46,0.39,2023-10-24,747,N20,VIIRS,n,2,306.11,8.0,D,0,VIIRS_NOAA20_SP
23.00376,77.46182,332.48,0.46,0.39,2023-10-24,747,N20,VIIRS,n,2,302.28,1.57,D,0,VIIRS_NOAA20_SP
23.00688,79.48552,340.18,0.39,0.37,2023-10-24,747,N20,VIIRS,n,2,307.37,3.16,D,0,VIIRS_NOAA20_SP
23.01607,79.39762,333.44,0.4,0.37,2023-10-24,747,N20,VIIRS,n,2,305.05,2.35,D,0,VIIRS_NOAA20_SP
23.02402,79.23386,335.15,0.4,0.37,2023-10-24,747,N20,VIIRS,n,2,307.03,2.44,D,0,VIIRS_NOAA20_SP
23.02586,79.82137,331.53,0.39,0.36,2023-10-24,747,N20,VIIRS,n,2,305.23,1.99,D,0,VIIRS_NOAA20_SP
23.03774,79.46832,335.69,0.39,0.37,2023-10-24,747,N20,VIIRS,n,2,307.29,2.34,D,0,VIIRS_NOAA20_SP
23.06211,79.74866,330.18,0.39,0.36,2023-10-24,747,N20,VIIRS,n,2,304.6,0.96,D,0,VIIRS_NOAA20_SP
23.07789,79.24752,336.93,0.4,0.37,2023-10-24,747,N20,VIIRS,n,2,306.88,2.89,D,0,VIIRS_NOAA20_SP
23.12051,79.68752,330.03,0.39,0.36,2023-10-24,747,N20,VIIRS,l,2,303.26,1.44,D,0,VIIRS_NOAA20_SP
23.12505,79.8459,336.98,0.39,0.36,2023-10-24,747,N20,VIIRS,n,2,306.89,2.72,D,0,VIIRS_NOAA20_SP
23.12777,79.37276,333.94,0.4,0.37,2023-10-24,747,N20,VIIRS,l,2,307.41,2.13,D,0,VIIRS_NOAA20_SP
23.1304,77.79984,337.4,0.44,0.38,2023-10-24,747,N20,VIIRS,n,2,306.22,2.73,D,0,VIIRS_NOAA20_SP
23.14855,79.67067,331.18,0.39,0.36,2023-10-24,747,N20,VIIRS,l,2,305.64,7.99,D,0,VIIRS_NOAA20_SP
23.15545,78.13716,331.42,0.43,0.38,2023-10-24,747,N20,VIIRS,l,2,305.98,5.71,D,0,VIIRS_NOAA20_SP
23.16236,78.13583,330.12,0.43,0.38,2023-10-24,747,N20,VIIRS,l,2,304.5,2.1,D,0,VIIRS_NOAA20_SP
23.16581,78.13518,330.17,0.43,0.38,2023-10-24,747,N20,VIIRS,n,2,302.77,2.1,D,0,VIIRS_NOAA20_SP
23.21093,77.67456,333.15,0.45,0.39,2023-10-24,747,N20,VIIRS,l,2,305.85,3.92,D,0,VIIRS_NOAA20_SP
23.27837,79.33244,335.35,0.4,0.37,2023-10-24,747,N20,VIIRS,l,2,305.62,2.91,D,0,VIIRS_NOAA20_SP
23.33543,79.75619,334.64,0.39,0.36,2023-10-24,747,N20,VIIRS,n,2,305.44,3.63,D,0,VIIRS_NOAA20_SP
23.34505,79.88232,332.16,0.39,0.36,2023-10-24,747,N20,VIIRS,n,2,299.97,3.86,D,0,VIIRS_NOAA20_SP
23.37417,79.25118,333.17,0.4,0.37,2023-10-24,747,N20,VIIRS,l,2,305.03,2.94,D,0,VIIRS_NOAA20_SP
23.38318,77.98245,335.05,0.43,0.38,2023-10-24,747,N20,VIIRS,n,2,307.25,3.66,D,0,VIIRS_NOAA20_SP
23.39132,79.63708,335.45,0.39,0.36,2023-10-24,747,N20,VIIRS,n,2,303.2,4.61,D,0,VIIRS_NOAA20_SP
23.397,79.52252,330.77,0.39,0.36,2023-10-24,747,N20,VIIRS,l,2,305.47,2.39,D,0,VIIRS_NOAA20_SP
23.41053,79.8663,334.62,0.39,0.36,2023-10-24,747,N20,VIIRS,n,2,302.47,2.46,D,0,VIIRS_NOAA20_SP
23.41849,79.00012,334.92,0.4,0.37,2023-10-24,747,N20,VIIRS,n,2,306.26,3.03,D,0,VIIRS_NOAA20_SP
23.4729,77.63314,334.21,0.44,0.39,2023-10-24,747,N20,VIIRS,n,2,304.92,2.19,D,0,VIIRS_NOAA20_SP
23.48762,79.04303,332.23,0.4,0.37,2023-10-24,747,N20,VIIRS,n,2,303.89,1.99,D,0,VIIRS_NOAA20_SP
23.49885,79.03705,332.11,0.4,0.37,2023-10-24,747,N20,VIIRS,n,2,303.92,1.49,D,0,VIIRS_NOAA20_SP
23.50194,79.97321,335.89,0.39,0.36,2023-10-24,747,N20,VIIRS,n,2,301.71,4.95,D,0,VIIRS_NOAA20_SP
23.50533,78.50346,330.95,0.41,0.37,2023-10-24,747,N20,VIIRS,l,2,305.89,2.77,D,0,VIIRS_NOAA20_SP
23.51797,79.83518,332.13,0.39,0.36,2023-10-24,747,N20,VIIRS,n,2,305.45,2.2,D,0,VIIRS_NOAA20_SP
23.5215,79.11257,332.39,0.4,0.37,2023-10-24,747,N20,VIIRS,n,2,303.77,1.81,D,0,VIIRS_NOAA20_SP
23.54264,78.85988,336.3,0.4,0.37,2023-10-24,747,N20,VIIRS,n,2,309.11,2.11,D,0,VIIRS_NOAA20_SP
23.54435,78.89174,336.18,0.4,0.37,2023-10-24,747,N20,VIIRS,n,2,307.94,5.11,D,0,VIIRS_NOAA20_SP
23.54681,78.84286,333.83,0.41,0.37,2023-10-24,747,N20,VIIRS,n,2,305.54,1.49,D,0,VIIRS_NOAA20_SP
23.55555,80.07545,341.37,0.39,0.36,2023-10-24,747,N20,VIIRS,n,2,308.68,25.36,D,0,VIIRS_NOAA20_SP
23.56408,78.8638,343.13,0.4,0.37,2023-10-24,747,N20,VIIRS,n,2,310.1,3.82,D,0,VIIRS_NOAA20_SP
23.56456,78.73071,334.32,0.41,0.37,2023-10-24,747,N20,VIIRS,l,2,306.46,23.43,D,0,VIIRS_NOAA20_SP
23.56558,78.91586,335.33,0.4,0.37,2023-10-24,747,N20,VIIRS,n,2,308.86,2.69,D,0,VIIRS_NOAA20_SP
23.5822,79.16867,330.9,0.4,0.37,2023-10-24,747,N20,VIIRS,n,2,304.15,2.42,D,0,VIIRS_NOAA20_SP
23.59416,77.5125,332.68,0.45,0.39,2023-10-24,747,N20,VIIRS,l,2,307.05,3.1,D,0,VIIRS_NOAA20_SP
23.61286,79.00372,335.41,0.4,0.37,2023-10-24,747,N20,VIIRS,l,2,308.66,2.9,D,0,VIIRS_NOAA20_SP
23.62306,79.81179,332.83,0.39,0.36,2023-10-24,747,N20,VIIRS,l,2,303.73,2.57,D,0,VIIRS_NOAA20_SP
23.62517,78.97332,338.4,0.4,0.37,2023-10-24,747,N20,VIIRS,n,2,308.63,2.36,D,0,VIIRS_NOAA20_SP
23.6401,79.15017,330.75,0.4,0.37,2023-10-24,747,N20,VIIRS,l,2,304.5,2.05,D,0,VIIRS_NOAA20_SP
23.64966,78.35503,338.73,0.42,0.37,2023-10-24,747,N20,VIIRS,n,2,306.51,2.41,D,0,VIIRS_NOAA20_SP
23.65149,79.84143,334.76,0.39,0.36,2023-10-24,747,N20,VIIRS,n,2,305.61,3.35,D,0,VIIRS_NOAA20_SP
23.66145,78.67885,334.33,0.41,0.37,2023-10-24,747,N20,VIIRS,l,2,308.62,1.66,D,0,VIIRS_NOAA20_SP
23.67857,86.09477,340.43,0.4,0.44,2023-10-24,747,N20,VIIRS,n,2,297.32,9.71,D,2,VIIRS_NOAA20_SP
23.68502,79.57845,332.03,0.39,0.36,2023-10-24,747,N20,VIIRS,n,2,305.75,3.49,D,0,VIIRS_NOAA20_SP
23.71997,86.44939,330.39,0.42,0.45,2023-10-24,747,N20,VIIRS,l,2,301.17,6.58,D,2,VIIRS_NOAA20_SP
23.7587,86.3996,332.22,0.41,0.45,2023-10-24,747,N20,VIIRS,n,2,297.83,5.58,D,2,VIIRS_NOAA20_SP
23.76238,86.395,329.26,0.41,0.45,2023-10-24,747,N20,VIIRS,n,2,299.43,4.64,D,2,VIIRS_NOAA20_SP
23.77416,78.81548,338.27,0.4,0.37,2023-10-24,747,N20,VIIRS,n,2,310.53,3.0,D,0,VIIRS_NOAA20_SP
23.77475,86.21002,329.3,0.4,0.44,2023-10-24,747,N20,VIIRS,n,2,297.32,2.88,D,2,VIIRS_NOAA20_SP
23.77883,86.2094,331.35,0.4,0.44,2023-10-24,747,N20,VIIRS,n,2,299.38,3.35,D,2,VIIRS_NOAA20_SP
23.78291,86.2088,330.48,0.4,0.44,2023-10-24,747,N20,VIIRS,n,2,296.93,3.35,D,2,VIIRS_NOAA20_SP
23.78861,78.577,335.69,0.41,0.37,2023-10-24,747,N20,VIIRS,l,2,307.71,3.21,D,0,VIIRS_NOAA20_SP
23.79129,86.35406,338.51,0.41,0.45,2023-10-24,747,N20,VIIRS,n,2,298.95,4.56,D,2,VIIRS_NOAA20_SP
23.79542,86.35352,330.6,0.41,0.45,2023-10-24,747,N20,VIIRS,n,2,298.04,5.24,D,2,VIIRS_NOAA20_SP
23.82356,78.34295,335.23,0.42,0.37,2023-10-24,747,N20,VIIRS,n,2,309.56,3.18,D,0,VIIRS_NOAA20_SP
23.83116,79.10529,335.9,0.4,0.37,2023-10-24,747,N20,VIIRS,l,2,308.41,3.64,D,0,VIIRS_NOAA20_SP
23.99006,77.84827,333.91,0.43,0.38,2023-10-24,747,N20,VIIRS,n,2,306.58,1.8,D,0,VIIRS_NOAA20_SP
24.00856,79.13169,334.38,0.4,0.37,2023-10-24,747,N20,VIIRS,n,2,309.19,1.43,D,0,VIIRS_NOAA20_SP
24.04635,77.76888,344.19,0.43,0.38,2023-10-24,747,N20,VIIRS,n,2,310.93,6.94,D,0,VIIRS_NOAA20_SP
24.04798,77.76731,335.46,0.43,0.38,2023-10-24,747,N20,VIIRS,l,2,310.26,6.54,D,0,VIIRS_NOAA20_SP
24.09857,79.85144,340.58,0.39,0.36,2023-10-24,747,N20,VIIRS,n,2,305.96,2.97,D,0,VIIRS_NOAA20_SP
24.09998,77.99896,332.58,0.42,0.38,2023-10-24,747,N20,VIIRS,l,2,305.89,1.85,D,0,VIIRS_NOAA20_SP
24.10362,77.70508,335.46,0.44,0.38,2023-10-24,747,N20,VIIRS,n,2,308.08,1.89,D,0,VIIRS_NOAA20_SP
24.14932,77.91213,336.7,0.43,0.38,2023-10-24,747,N20,VIIRS,l,2,308.13,2.71,D,0,VIIRS_NOAA20_SP
24.16382,77.93494,344.93,0.43,0.38,2023-10-24,747,N20,VIIRS,n,2,305.57,7.84,D,0,VIIRS_NOAA20_SP
24.21806,78.03126,335.34,0.42,0.38,2023-10-24,747,N20,VIIRS,n,2,308.19,1.17,D,0,VIIRS_NOAA20_SP
24.24011,78.11996,352.75,0.42,0.38,2023-10-24,747,N20,VIIRS,n,2,309.71,6.27,D,0,VIIRS_NOAA20_SP
24.24352,78.11928,339.34,0.42,0.38,2023-10-24,747,N20,VIIRS,l,2,309.5,2.59,D,0,VIIRS_NOAA20_SP
24.24394,77.93237,338.58,0.43,0.38,2023-10-24,747,N20,VIIRS,n,2,307.29,5.25,D,0,VIIRS_NOAA20_SP
24.24421,78.12335,353.15,0.42,0.38,2023-10-24,747,N20,VIIRS,n,2,309.79,4.91,D,0,VIIRS_NOAA20_SP
24.24947,77.94409,331.73,0.43,0.38,2023-10-24,747,N20,VIIRS,n,2,306.49,0.98,D,0,VIIRS_NOAA20_SP
24.26575,77.58683,334.2,0.44,0.38,2023-10-24,747,N20,VIIRS,n,2,305.71,2.86,D,0,VIIRS_NOAA20_SP
24.33536,77.93221,330.36,0.42,0.38,2023-10-24,747,N20,VIIRS,n,2,304.84,2.53,D,0,VIIRS_NOAA20_SP
24.3623,78.07119,331.95,0.42,0.38,2023-10-24,747,N20,VIIRS,l,2,306.59,1.07,D,0,VIIRS_NOAA20_SP
24.37679,77.47229,330.02,0.44,0.38,2023-10-24,747,N20,VIIRS,l,2,302.93,3.11,D,0,VIIRS_NOAA20_SP
24.40233,77.62145,333.33,0.44,0.38,2023-10-24,747,N20,VIIRS,l,2,305.85,8.76,D,0,VIIRS_NOAA20_SP
24.43004,77.48795,331.68,0.44,0.38,2023-10-24,747,N20,VIIRS,n,2,304.59,2.96,D,0,VIIRS_NOAA20_SP
24.43353,77.48723,339.93,0.44,0.38,2023-10-24,747,N20,VIIRS,n,2,305.01,5.45,D,0,VIIRS_NOAA20_SP
24.45694,77.49192,346.86,0.44,0.38,2023-10-24,747,N20,VIIRS,n,2,306.15,10.85,D,0,VIIRS_NOAA20_SP
24.49505,77.75515,330.13,0.43,0.38,2023-10-24,747,N20,VIIRS,n,2,302.62,1.31,D,0,VIIRS_NOAA20_SP
24.55925,80.46245,341.51,0.38,0.36,2023-10-24,747,N20,VIIRS,n,2,303.07,6.26,D,0,VIIRS_NOAA20_SP
24.56829,77.4213,336.82,0.44,0.38,2023-10-24,747,N20,VIIRS,n,2,308.21,3.61,D,0,VIIRS_NOAA20_SP
24.57453,77.41556,336.34,0.44,0.38,2023-10-24,747,N20,VIIRS,n,2,309.72,4.96,D,0,VIIRS_NOAA20_SP
24.63527,80.69606,331.76,0.38,0.36,2023-10-24,747,N20,VIIRS,n,2,304.7,1.36,D,0,VIIRS_NOAA20_SP
24.64045,77.44191,336.14,0.44,0.38,2023-10-24,747,N20,VIIRS,l,2,306.89,9.13,D,0,VIIRS_NOAA20_SP
23.62105,70.94102,335.84,0.35,0.57,2023-10-24,748,N20,VIIRS,n,2,303.82,1.94,D,0,VIIRS_NOAA20_SP
24.42591,70.9665,333.63,0.34,0.56,2023-10-24,748,N20,VIIRS,l,2,304.83,2.65,D,0,VIIRS_NOAA20_SP
24.58848,76.80542,332.7,0.47,0.4,2023-10-24,748,N20,VIIRS,l,2,306.23,0.8,D,0,VIIRS_NOAA20_SP
24.60518,76.90037,337.7,0.46,0.39,2023-10-24,748,N20,VIIRS,n,2,308.87,5.46,D,0,VIIRS_NOAA20_SP
24.65333,76.96474,335.25,0.46,0.39,2023-10-24,748,N20,VIIRS,n,2,308.53,1.78,D,0,VIIRS_NOAA20_SP
24.66802,76.94308,335.23,0.46,0.39,2023-10-24,748,N20,VIIRS,l,2,308.93,4.76,D,0,VIIRS_NOAA20_SP
24.66808,77.11363,332.69,0.45,0.39,2023-10-24,748,N20,VIIRS,l,2,304.59,5.12,D,0,VIIRS_NOAA20_SP
24.66884,77.11806,336.07,0.45,0.39,2023-10-24,748,N20,VIIRS,n,2,303.45,5.12,D,0,VIIRS_NOAA20_SP
24.67033,76.94405,338.67,0.46,0.39,2023-10-24,748,N20,VIIRS,n,2,308.4,8.55,D,0,VIIRS_NOAA20_SP
24.67158,76.94234,345.05,0.46,0.39,2023-10-24,748,N20,VIIRS,n,2,310.02,4.76,D,0,VIIRS_NOAA20_SP
24.6798,76.91419,339.24,0.46,0.39,2023-10-24,748,N20,VIIRS,n,2,308.84,2.6,D,0,VIIRS_NOAA20_SP
24.68265,77.028,341.03,0.46,0.39,2023-10-24,748,N20,VIIRS,n,2,308.57,4.86,D,0,VIIRS_NOAA20_SP
24.68693,76.91272,341.24,0.46,0.39,2023-10-24,748,N20,VIIRS,l,2,311.27,6.11,D,0,VIIRS_NOAA20_SP
24.6893,77.00951,334.66,0.46,0.39,2023-10-24,748,N20,VIIRS,l,2,308.03,5.12,D,0,VIIRS_NOAA20_SP
24.69284,77.00877,340.98,0.46,0.39,2023-10-24,748,N20,VIIRS,n,2,308.48,7.74,D,0,VIIRS_NOAA20_SP
24.69408,77.37019,337.2,0.44,0.38,2023-10-24,748,N20,VIIRS,n,2,308.5,3.71,D,0,VIIRS_NOAA20_SP
24.69523,76.93881,335.79,0.46,0.39,2023-10-24,748,N20,VIIRS,n,2,308.55,2.47,D,0,VIIRS_NOAA20_SP
24.73473,77.10103,334.24,0.45,0.39,2023-10-24,748,N20,VIIRS,n,2,304.7,4.33,D,0,VIIRS_NOAA20_SP
24.80252,77.2187,336.01,0.45,0.39,2023-10-24,748,N20,VIIRS,n,2,305.31,11.32,D,0,VIIRS_NOAA20_SP
24.81776,77.43438,340.97,0.44,0.38,2023-10-24,748,N20,VIIRS,n,2,310.08,4.92,D,0,VIIRS_NOAA20_SP
24.83609,77.11813,336.74,0.45,0.39,2023-10-24,748,N20,VIIRS,n,2,305.61,4.27,D,0,VIIRS_NOAA20_SP
24.8425,77.07114,335.01,0.45,0.39,2023-10-24,748,N20,VIIRS,l,2,307.25,4.14,D,0,VIIRS_NOAA20_SP
24.84802,77.1656,336.05,0.45,0.39,2023-10-24,748,N20,VIIRS,n,2,301.28,6.59,D,0,VIIRS_NOAA20_SP
24.84818,77.50739,334.05,0.43,0.38,2023-10-24,748,N20,VIIRS,n,2,304.8,5.36,D,0,VIIRS_NOAA20_SP
24.85467,77.86109,339.14,0.42,0.38,2023-10-24,748,N20,VIIRS,n,2,304.74,3.52,D,0,VIIRS_NOAA20_SP
24.87031,76.97802,343.63,0.46,0.39,2023-10-24,748,N20,VIIRS,n,2,309.19,6.92,D,0,VIIRS_NOAA20_SP
24.90806,77.57516,336.21,0.43,0.38,2023-10-24,748,N20,VIIRS,n,2,307.51,2.44,D,0,VIIRS_NOAA20_SP
24.92157,77.19102,331.14,0.45,0.39,2023-10-24,748,N20,VIIRS,l,2,303.79,4.23,D,0,VIIRS_NOAA20_SP
24.92653,76.12156,335.85,0.5,0.41,2023-10-24,748,N20,VIIRS,n,2,306.47,2.36,D,0,VIIRS_NOAA20_SP
24.96878,77.19059,341.6,0.45,0.39,2023-10-24,748,N20,VIIRS,n,2,309.19,5.74,D,0,VIIRS_NOAA20_SP
24.97399,68.17783,331.95,0.49,0.65,2023-10-24,748,N20,VIIRS,n,2,300.93,3.03,D,0,VIIRS_NOAA20_SP
24.97437,76.05788,334.63,0.5,0.41,2023-10-24,748,N20,VIIRS,n,2,307.27,2.56,D,0,VIIRS_NOAA20_SP
24.98452,76.88688,355.76,0.46,0.39,2023-10-24,748,N20,VIIRS,n,2,313.52,14.09,D,0,VIIRS_NOAA20_SP
24.98536,76.88493,342.78,0.46,0.39,2023-10-24,748,N20,VIIRS,n,2,310.91,7.16,D,0,VIIRS_NOAA20_SP
24.98613,76.88941,337.18,0.46,0.39,2023-10-24,748,N20,VIIRS,n,2,309.64,7.16,D,0,VIIRS_NOAA20_SP
24.98879,77.09586,341.96,0.45,0.39,2023-10-24,748,N20,VIIRS,n,2,306.2,7.3,D,0,VIIRS_NOAA20_SP
24.99658,76.15878,335.61,0.49,0.41,2023-10-24,748,N20,VIIRS,n,2,308.88,3.72,D,0,VIIRS_NOAA20_SP
24.99742,77.31416,337.86,0.44,0.38,2023-10-24,748,N20,VIIRS,l,2,309.59,7.36,D,0,VIIRS_NOAA20_SP
25.00111,76.05714,337.43,0.5,0.41,2023-10-24,748,N20,VIIRS,n,2,306.14,4.01,D,0,VIIRS_NOAA20_SP
25.00902,74.76723,338.01,0.39,0.44,2023-10-24,748,N20,VIIRS,n,2,305.16,2.83,D,0,VIIRS_NOAA20_SP
25.01049,76.78334,338.06,0.46,0.39,2023-10-24,748,N20,VIIRS,n,2,307.51,2.93,D,0,VIIRS_NOAA20_SP
25.01649,76.88013,335.32,0.46,0.39,2023-10-24,748,N20,VIIRS,n,2,306.4,1.91,D,0,VIIRS_NOAA20_SP
25.02534,77.07613,332.16,0.45,0.39,2023-10-24,748,N20,VIIRS,l,2,303.01,3.51,D,0,VIIRS_NOAA20_SP
25.05638,76.21562,344.67,0.49,0.4,2023-10-24,748,N20,VIIRS,n,2,307.8,3.27,D,0,VIIRS_NOAA20_SP
25.05674,77.76543,335.74,0.42,0.38,2023-10-24,748,N20,VIIRS,n,2,306.48,9.35,D,0,VIIRS_NOAA20_SP
25.06653,76.69284,336.47,0.47,0.39,2023-10-24,748,N20,VIIRS,l,2,310.98,5.17,D,0,VIIRS_NOAA20_SP
25.0766,69.82444,331.5,0.39,0.59,2023-10-24,748,N20,VIIRS,l,2,304.94,2.37,D,0,VIIRS_NOAA20_SP
25.07745,69.82819,337.85,0.39,0.59,2023-10-24,748,N20,VIIRS,n,2,304.08,2.81,D,0,VIIRS_NOAA20_SP
25.0817,76.95884,334.58,0.45,0.39,2023-10-24,748,N20,VIIRS,n,2,305.89,1.67,D,0,VIIRS_NOAA20_SP
25.08672,77.07235,345.85,0.45,0.39,2023-10-24,748,N20,VIIRS,n,2,304.66,9.0,D,0,VIIRS_NOAA20_SP
25.08784,76.99437,338.56,0.45,0.39,2023-10-24,748,N20,VIIRS,n,2,306.76,3.99,D,0,VIIRS_NOAA20_SP
25.09154,76.95214,331.98,0.45,0.39,2023-10-24,748,N20,VIIRS,l,2,306.68,2.43,D,0,VIIRS_NOAA20_SP
25.09208,77.16644,333.28,0.45,0.39,2023-10-24,748,N20,VIIRS,n,2,304.74,4.4,D,0,VIIRS_NOAA20_SP
25.09966,77.66184,337.89,0.43,0.38,2023-10-24,748,N20,VIIRS,n,2,304.27,2.33,D,0,VIIRS_NOAA20_SP
25.10659,76.87638,333.84,0.46,0.39,2023-10-24,748,N20,VIIRS,l,2,304.56,4.75,D,0,VIIRS_NOAA20_SP
25.12438,72.82095,336.81,0.5,0.49,2023-10-24,748,N20,VIIRS,n,2,304.95,3.61,D,0,VIIRS_NOAA20_SP
25.1278,76.99645,335.37,0.45,0.39,2023-10-24,748,N20,VIIRS,n,2,303.36,2.28,D,0,VIIRS_NOAA20_SP
25.13081,77.72555,339.47,0.42,0.38,2023-10-24,748,N20,VIIRS,n,2,306.01,2.92,D,0,VIIRS_NOAA20_SP
25.13214,77.72849,332.26,0.42,0.38,2023-10-24,748,N20,VIIRS,l,2,306.56,2.74,D,0,VIIRS_NOAA20_SP
25.13542,77.69017,344.59,0.43,0.38,2023-10-24,748,N20,VIIRS,n,2,306.74,8.4,D,0,VIIRS_NOAA20_SP
25.15697,76.91199,335.54,0.45,0.39,2023-10-24,748,N20,VIIRS,l,2,306.52,4.33,D,0,VIIRS_NOAA20_SP
25.18522,76.07734,340.34,0.5,0.41,2023-10-24,748,N20,VIIRS,n,2,311.55,25.03,D,0,VIIRS_NOAA20_SP
25.18649,77.22812,336.11,0.44,0.38,2023-10-24,748,N20,VIIRS,n,2,308.53,2.48,D,0,VIIRS_NOAA20_SP
25.20745,76.0523,333.27,0.5,0.41,2023-10-24,748,N20,VIIRS,n,2,307.7,3.3,D,0,VIIRS_NOAA20_SP
25.22884,76.02232,334.38,0.5,0.41,2023-10-24,748,N20,VIIRS,l,2,307.81,5.85,D,0,VIIRS_NOAA20_SP
25.23244,76.86537,340.08,0.46,0.39,2023-10-24,748,N20,VIIRS,n,2,307.72,6.19,D,0,VIIRS_NOAA20_SP
25.24227,76.69031,333.42,0.46,0.39,2023-10-24,748,N20,VIIRS,n,2,307.45,1.96,D,0,VIIRS_NOAA20_SP
25.24539,76.91814,335.53,0.45,0.39,2023-10-24,748,N20,VIIRS,l,2,306.89,3.09,D,0,VIIRS_NOAA20_SP
25.24881,77.00014,333.29,0.45,0.39,2023-10-24,748,N20,VIIRS,l,2,303.48,3.35,D,0,VIIRS_NOAA20_SP
25.2652,75.83233,343.78,0.51,0.41,2023-10-24,748,N20,VIIRS,n,2,307.33,7.01,D,0,VIIRS_NOAA20_SP
25.26809,76.04904,336.91,0.5,0.41,2023-10-24,748,N20,VIIRS,n,2,309.75,2.83,D,0,VIIRS_NOAA20_SP
25.27221,76.86161,333.67,0.46,0.39,2023-10-24,748,N20,VIIRS,l,2,307.21,3.48,D,0,VIIRS_NOAA20_SP
25.28732,75.86863,334.55,0.51,0.41,2023-10-24,748,N20,VIIRS,n,2,309.49,3.72,D,0,VIIRS_NOAA20_SP
25.28944,75.98554,332.3,0.5,0.41,2023-10-24,748,N20,VIIRS,l,2,305.65,1.92,D,0,VIIRS_NOAA20_SP
25.30442,76.87789,334.21,0.45,0.39,2023-10-24,748,N20,VIIRS,l,2,307.69,3.38,D,0,VIIRS_NOAA20_SP
25.3075,76.89573,341.37,0.45,0.39,2023-10-24,748,N20,VIIRS,n,2,307.57,6.8,D,0,VIIRS_NOAA20_SP
25.32128,76.75009,333.17,0.46,0.39,2023-10-24,748,N20,VIIRS,l,2,307.42,5.82,D,0,VIIRS_NOAA20_SP
25.32232,76.01876,335.55,0.5,0.41,2023-10-24,748,N20,VIIRS,l,2,308.85,6.21,D,0,VIIRS_NOAA20_SP
25.33317,75.93016,332.3,0.5,0.41,2023-10-24,748,N20,VIIRS,l,2,305.81,2.99,D,0,VIIRS_NOAA20_SP
25.33993,81.50397,333.84,0.4,0.37,2023-10-24,748,N20,VIIRS,n,2,303.94,3.13,D,0,VIIRS_NOAA20_SP
25.34179,75.99934,334.84,0.5,0.41,2023-10-24,748,N20,VIIRS,l,2,307.19,4.18,D,0,VIIRS_NOAA20_SP
25.34266,75.89741,338.39,0.5,0.41,2023-10-24,748,N20,VIIRS,n,2,308.34,2.39,D,0,VIIRS_NOAA20_SP
25.35944,81.54472,333.85,0.4,0.37,2023-10-24,748,N20,VIIRS,n,2,303.55,3.0,D,0,VIIRS_NOAA20_SP
25.36279,81.54414,338.53,0.4,0.37,2023-10-24,748,N20,VIIRS,n,2,303.75,3.0,D,0,VIIRS_NOAA20_SP
25.36429,76.84805,336.29,0.46,0.39,2023-10-24,748,N20,VIIRS,n,2,306.06,5.37,D,0,VIIRS_NOAA20_SP
25.36632,77.19643,337.84,0.44,0.38,2023-10-24,748,N20,VIIRS,n,2,304.87,1.85,D,0,VIIRS_NOAA20_SP
25.36705,77.20078,335.4,0.44,0.38,2023-10-24,748,N20,VIIRS,n,2,305.5,3.19,D,0,VIIRS_NOAA20_SP
25.36707,77.19736,338.94,0.44,0.38,2023-10-24,748,N20,VIIRS,n,2,305.05,2.4,D,0,VIIRS_NOAA20_SP
25.36782,77.20168,334.97,0.44,0.38,2023-10-24,748,N20,VIIRS,n,2,306.6,2.26,D,0,VIIRS_NOAA20_SP
25.37377,75.95403,334.44,0.5,0.41,2023-10-24,748,N20,VIIRS,n,2,306.49,2.73,D,0,VIIRS_NOAA20_SP
25.37992,76.04137,335.62,0.49,0.41,2023-10-24,748,N20,VIIRS,n,2,308.17,2.44,D,0,VIIRS_NOAA20_SP
25.39122,75.9654,337.5,0.5,0.41,2023-10-24,748,N20,VIIRS,n,2,306.81,2.8,D,0,VIIRS_NOAA20_SP
25.39378,76.64642,340.68,0.46,0.39,2023-10-24,748,N20,VIIRS,n,2,307.6,6.03,D,0,VIIRS_NOAA20_SP
25.39527,76.05025,333.4,0.49,0.41,2023-10-24,748,N20,VIIRS,l,2,305.28,2.48,D,0,VIIRS_NOAA20_SP
25.40922,76.81058,331.09,0.46,0.39,2023-10-24,748,N20,VIIRS,l,2,305.22,1.28,D,0,VIIRS_NOAA20_SP
25.41122,76.80653,331.66,0.46,0.39,2023-10-24,748,N20,VIIRS,n,2,305.65,1.45,D,0,VIIRS_NOAA20_SP
25.41187,79.37447,333.76,0.39,0.36,2023-10-24,748,N20,VIIRS,n,2,304.37,2.51,D,0,VIIRS_NOAA20_SP
25.4129,76.67057,335.05,0.46,0.39,2023-10-24,748,N20,VIIRS,l,2,307.35,1.49,D,0,VIIRS_NOAA20_SP
25.4188,77.05669,335.85,0.45,0.39,2023-10-24,748,N20,VIIRS,l,2,307.75,4.07,D,0,VIIRS_NOAA20_SP
25.41897,81.29884,344.95,0.39,0.36,2023-10-24,748,N20,VIIRS,n,2,306.83,7.32,D,0,VIIRS_NOAA20_SP
25.41911,76.80951,331.79,0.46,0.39,2023-10-24,748,N20,VIIRS,l,2,305.16,2.57,D,0,VIIRS_NOAA20_SP
25.42052,75.85179,333.46,0.5,0.41,2023-10-24,748,N20,VIIRS,l,2,307.44,2.67,D,0,VIIRS_NOAA20_SP
25.42202,76.0293,335.83,0.49,0.41,2023-10-24,748,N20,VIIRS,l,2,309.76,6.9,D,0,VIIRS_NOAA20_SP
25.42657,76.78933,344.74,0.46,0.39,2023-10-24,748,N20,VIIRS,n,2,307.23,2.75,D,0,VIIRS_NOAA20_SP
25.4294,76.8676,340.26,0.45,0.39,2023-10-24,748,N20,VIIRS,n,2,308.85,5.82,D,0,VIIRS_NOAA20_SP
25.43293,76.86684,340.58,0.45,0.39,2023-10-24,748,N20,VIIRS,n,2,305.51,6.03,D,0,VIIRS_NOAA20_SP
25.43411,76.89427,353.18,0.45,0.39,2023-10-24,748,N20,VIIRS,n,2,308.31,9.12,D,0,VIIRS_NOAA20_SP
25.4381,76.07593,332.04,0.49,0.4,2023-10-24,748,N20,VIIRS,l,2,305.6,2.52,D,0,VIIRS_NOAA20_SP
25.43933,76.04057,340.23,0.49,0.41,2023-10-24,748,N20,VIIRS,n,2,308.72,4.69,D,0,VIIRS_NOAA20_SP
25.44273,76.81838,334.97,0.46,0.39,2023-10-24,748,N20,VIIRS,l,2,306.95,6.29,D,0,VIIRS_NOAA20_SP
25.44275,76.50306,343.74,0.47,0.4,2023-10-24,748,N20,VIIRS,n,2,310.49,6.39,D,0,VIIRS_NOAA20_SP
25.44617,75.99377,338.81,0.5,0.41,2023-10-24,748,N20,VIIRS,l,2,311.77,11.74,D,0,VIIRS_NOAA20_SP
25.45509,76.02203,333.6,0.49,0.41,2023-10-24,748,N20,VIIRS,l,2,305.79,0.77,D,0,VIIRS_NOAA20_SP
25.45943,76.0462,333.56,0.49,0.4,2023-10-24,748,N20,VIIRS,n,2,308.34,3.56,D,0,VIIRS_NOAA20_SP
25.45988,76.09112,338.17,0.49,0.4,2023-10-24,748,N20,VIIRS,n,2,307.38,7.52,D,0,VIIRS_NOAA20_SP
25.47583,76.05261,333.62,0.49,0.4,2023-10-24,748,N20,VIIRS,l,2,308.56,4.8,D,0,VIIRS_NOAA20_SP
25.48337,76.73519,337.04,0.46,0.39,2023-10-24,748,N20,VIIRS,n,2,304.0,6.12,D,0,VIIRS_NOAA20_SP
25.48784,76.11987,348.22,0.49,0.4,2023-10-24,748,N20,VIIRS,n,2,309.7,15.52,D,0,VIIRS_NOAA20_SP
25.48869,76.12465,335.82,0.49,0.4,2023-10-24,748,N20,VIIRS,n,2,307.11,6.5,D,0,VIIRS_NOAA20_SP
25.49402,76.51279,343.44,0.47,0.4,2023-10-24,748,N20,VIIRS,n,2,311.57,22.35,D,0,VIIRS_NOAA20_SP
25.49659,76.14774,335.48,0.49,0.4,2023-10-24,748,N20,VIIRS,l,2,305.91,14.4,D,0,VIIRS_NOAA20_SP
25.50483,76.13354,341.22,0.49,0.4,2023-10-24,748,N20,VIIRS,n,2,306.56,2.79,D,0,VIIRS_NOAA20_SP
25.505,76.13101,333.57,0.49,0.4,2023-10-24,748,N20,VIIRS,l,2,306.39,3.33,D,0,VIIRS_NOAA20_SP
25.50736,77.6598,347.56,0.42,0.38,2023-10-24,748,N20,VIIRS,n,2,304.88,5.03,D,0,VIIRS_NOAA20_SP
25.50802,78.73608,332.97,0.4,0.37,2023-10-24,748,N20,VIIRS,n,2,304.96,2.29,D,0,VIIRS_NOAA20_SP
25.50875,77.6681,346.95,0.42,0.38,2023-10-24,748,N20,VIIRS,n,2,303.26,7.01,D,0,VIIRS_NOAA20_SP
25.51148,77.66325,351.34,0.42,0.38,2023-10-24,748,N20,VIIRS,n,2,302.65,5.31,D,0,VIIRS_NOAA20_SP
25.51561,77.66669,340.54,0.42,0.38,2023-10-24,748,N20,VIIRS,n,2,300.16,5.31,D,0,VIIRS_NOAA20_SP
25.52201,78.72185,335.38,0.4,0.37,2023-10-24,748,N20,VIIRS,n,2,305.47,2.92,D,0,VIIRS_NOAA20_SP
25.53758,76.79956,345.64,0.45,0.39,2023-10-24,748,N20,VIIRS,n,2,309.47,4.91,D,0,VIIRS_NOAA20_SP
25.53837,76.80404,332.81,0.45,0.39,2023-10-24,748,N20,VIIRS,l,2,306.99,2.81,D,0,VIIRS_NOAA20_SP
25.5408,77.60545,339.72,0.42,0.38,2023-10-24,748,N20,VIIRS,n,2,303.7,5.69,D,0,VIIRS_NOAA20_SP
25.54131,76.61172,341.5,0.46,0.39,2023-10-24,748,N20,VIIRS,n,2,306.9,3.68,D,0,VIIRS_NOAA20_SP
25.55124,78.64754,334.14,0.4,0.37,2023-10-24,748,N20,VIIRS,n,2,302.91,2.36,D,0,VIIRS_NOAA20_SP
25.56999,78.84892,333.15,0.39,0.36,2023-10-24,748,N20,VIIRS,n,2,302.4,2.4,D,0,VIIRS_NOAA20_SP
25.57599,79.27226,340.85,0.39,0.36,2023-10-24,748,N20,VIIRS,n,2,307.89,3.08,D,0,VIIRS_NOAA20_SP
25.5876,79.45502,336.49,0.39,0.36,2023-10-24,748,N20,VIIRS,n,2,304.17,3.25,D,0,VIIRS_NOAA20_SP
25.59197,76.53175,334.91,0.47,0.39,2023-10-24,748,N20,VIIRS,n,2,306.52,2.84,D,0,VIIRS_NOAA20_SP
25.5984,79.43725,334.69,0.39,0.36,2023-10-24,748,N20,VIIRS,l,2,306.4,3.16,D,0,VIIRS_NOAA20_SP
25.60046,78.34507,339.99,0.4,0.37,2023-10-24,748,N20,VIIRS,n,2,306.84,2.91,D,0,VIIRS_NOAA20_SP
25.61076,78.11154,333.46,0.41,0.37,2023-10-24,748,N20,VIIRS,n,2,303.13,2.65,D,0,VIIRS_NOAA20_SP
25.61899,78.60613,331.66,0.4,0.37,2023-10-24,748,N20,VIIRS,n,2,304.71,1.87,D,0,VIIRS_NOAA20_SP
25.62043,78.04286,331.43,0.41,0.37,2023-10-24,748,N20,VIIRS,n,2,305.05,2.25,D,0,VIIRS_NOAA20_SP
25.6209,76.61069,330.43,0.46,0.39,2023-10-24,748,N20,VIIRS,l,2,305.39,1.67,D,0,VIIRS_NOAA20_SP
25.63177,76.69274,337.27,0.46,0.39,2023-10-24,748,N20,VIIRS,n,2,305.04,4.68,D,0,VIIRS_NOAA20_SP
25.64219,78.62178,332.99,0.4,0.37,2023-10-24,748,N20,VIIRS,n,2,302.69,4.37,D,0,VIIRS_NOAA20_SP
25.64231,78.5164,346.34,0.4,0.37,2023-10-24,748,N20,VIIRS,n,2,306.35,4.58,D,0,VIIRS_NOAA20_SP
25.64553,78.62112,333.83,0.4,0.37,2023-10-24,748,N20,VIIRS,l,2,305.06,4.37,D,0,VIIRS_NOAA20_SP
25.64966,78.60414,333.27,0.4,0.37,2023-10-24,748,N20,VIIRS,n,2,302.84,2.69,D,0,VIIRS_NOAA20_SP
25.65859,76.63556,332.68,0.46,0.39,2023-10-24,748,N20,VIIRS,l,2,306.71,4.49,D,0,VIIRS_NOAA20_SP
25.65976,76.6212,336.93,0.46,0.39,2023-10-24,748,N20,VIIRS,n,2,307.8,7.18,D,0,VIIRS_NOAA20_SP
25.66237,78.59758,344.12,0.4,0.37,2023-10-24,748,N20,VIIRS,n,2,303.93,5.66,D,0,VIIRS_NOAA20_SP
25.67969,78.59819,333.96,0.4,0.37,2023-10-24,748,N20,VIIRS,l,2,305.05,3.73,D,0,VIIRS_NOAA20_SP
25.69572,76.679,335.48,0.46,0.39,2023-10-24,748,N20,VIIRS,n,2,305.41,5.82,D,0,VIIRS_NOAA20_SP
25.70089,76.64517,337.52,0.46,0.39,2023-10-24,748,N20,VIIRS,n,2,308.48,3.56,D,0,VIIRS_NOAA20_SP
25.7021,76.63087,337.03,0.46,0.39,2023-10-24,748,N20,VIIRS,l,2,307.85,4.49,D,0,VIIRS_NOAA20_SP
25.70434,76.63193,334.66,0.46,0.39,2023-10-24,748,N20,VIIRS,n,2,308.12,3.21,D,0,VIIRS_NOAA20_SP
25.71106,76.70369,344.36,0.46,0.39,2023-10-24,748,N20,VIIRS,n,2,306.21,9.09,D,0,VIIRS_NOAA20_SP
25.71825,76.43951,340.1,0.47,0.4,2023-10-24,748,N20,VIIRS,n,2,308.49,5.3,D,0,VIIRS_NOAA20_SP
25.73543,78.22746,337.61,0.41,0.37,2023-10-24,748,N20,VIIRS,n,2,305.49,5.21,D,0,VIIRS_NOAA20_SP
25.73586,76.4548,337.51,0.47,0.4,2023-10-24,748,N20,VIIRS,l,2,307.9,16.41,D,0,VIIRS_NOAA20_SP
25.73818,78.35032,333.47,0.4,0.37,2023-10-24,748,N20,VIIRS,n,2,303.96,1.68,D,0,VIIRS_NOAA20_SP
25.74157,78.45589,336.31,0.4,0.37,2023-10-24,748,N20,VIIRS,n,2,305.0,8.62,D,0,VIIRS_NOAA20_SP
25.75064,76.66402,332.3,0.46,0.39,2023-10-24,748,N20,VIIRS,n,2,301.41,4.76,D,0,VIIRS_NOAA20_SP
25.75471,76.49831,345.97,0.47,0.39,2023-10-24,748,N20,VIIRS,n,2,308.03,7.26,D,0,VIIRS_NOAA20_SP
25.75662,78.59098,334.13,0.4,0.37,2023-10-24,748,N20,VIIRS,n,2,303.89,3.34,D,0,VIIRS_NOAA20_SP
25.77982,78.52151,337.75,0.4,0.37,2023-10-24,748,N20,VIIRS,n,2,304.7,1.91,D,0,VIIRS_NOAA20_SP
25.78093,76.47837,336.13,0.47,0.39,2023-10-24,748,N20,VIIRS,n,2,308.93,3.44,D,0,VIIRS_NOAA20_SP
25.78313,78.60596,337.57,0.4,0.37,2023-10-24,748,N20,VIIRS,n,2,302.77,3.1,D,0,VIIRS_NOAA20_SP
25.78997,78.17142,344.92,0.41,0.37,2023-10-24,748,N20,VIIRS,n,2,304.88,5.53,D,0,VIIRS_NOAA20_SP
25.79973,78.88001,333.15,0.39,0.36,2023-10-24,748,N20,VIIRS,n,2,302.91,3.49,D,0,VIIRS_NOAA20_SP
25.80408,78.71474,331.22,0.4,0.37,2023-10-24,748,N20,VIIRS,n,2,303.66,0.78,D,0,VIIRS_NOAA20_SP
25.80536,76.74534,347.38,0.45,0.39,2023-10-24,748,N20,VIIRS,n,2,308.17,7.34,D,0,VIIRS_NOAA20_SP
25.8089,76.74458,355.54,0.45,0.39,2023-10-24,748,N20,VIIRS,n,2,308.42,7.34,D,0,VIIRS_NOAA20_SP
25.81459,78.5108,334.97,0.4,0.37,2023-10-24,748,N20,VIIRS,n,2,305.9,2.73,D,0,VIIRS_NOAA20_SP
25.82059,76.56646,334.38,0.46,0.39,2023-10-24,748,N20,VIIRS,n,2,306.7,2.46,D,0,VIIRS_NOAA20_SP
25.82414,78.21004,332.05,0.41,0.37,2023-10-24,748,N20,VIIRS,l,2,302.79,1.94,D,0,VIIRS_NOAA20_SP
25.83227,78.19601,334.64,0.41,0.37,2023-10-24,748,N20,VIIRS,n,2,303.29,3.99,D,0,VIIRS_NOAA20_SP
25.83358,78.56384,338.89,0.4,0.37,2023-10-24,748,N20,VIIRS,n,2,305.52,6.04,D,0,VIIRS_NOAA20_SP
25.83412,78.48255,331.19,0.4,0.37,2023-10-24,748,N20,VIIRS,n,2,303.38,1.43,D,0,VIIRS_NOAA20_SP
25.83628,78.55925,347.43,0.4,0.37,2023-10-24,748,N20,VIIRS,n,2,309.33,10.41,D,0,VIIRS_NOAA20_SP
25.83961,78.55859,339.92,0.4,0.37,2023-10-24,748,N20,VIIRS,n,2,306.41,10.41,D,0,VIIRS_NOAA20_SP
25.84217,78.57429,331.81,0.4,0.37,2023-10-24,748,N20,VIIRS,l,2,303.06,5.21,D,0,VIIRS_NOAA20_SP
25.84231,78.554,333.43,0.4,0.37,2023-10-24,748,N20,VIIRS,n,2,302.77,1.34,D,0,VIIRS_NOAA20_SP
25.8428,78.5782,335.55,0.4,0.37,2023-10-24,748,N20,VIIRS,n,2,304.41,5.94,D,0,VIIRS_NOAA20_SP
25.84694,78.64609,330.99,0.4,0.37,2023-10-24,748,N20,VIIRS,n,2,302.6,1.71,D,0,VIIRS_NOAA20_SP
25.84726,78.60564,331.94,0.4,0.37,2023-10-24,748,N20,VIIRS,n,2,303.15,2.55,D,0,VIIRS_NOAA20_SP
25.84816,76.70086,332.38,0.46,0.39,2023-10-24,748,N20,VIIRS,n,2,303.92,2.68,D,0,VIIRS_NOAA20_SP
25.85241,81.19985,331.08,0.39,0.36,2023-10-24,748,N20,VIIRS,n,2,304.05,2.04,D,0,VIIRS_NOAA20_SP
25.85312,80.99281,338.55,0.39,0.36,2023-10-24,748,N20,VIIRS,n,2,301.9,3.36,D,0,VIIRS_NOAA20_SP
25.86474,78.3949,341.47,0.4,0.37,2023-10-24,748,N20,VIIRS,n,2,305.06,3.73,D,0,VIIRS_NOAA20_SP
25.86554,80.91577,333.32,0.39,0.36,2023-10-24,748,N20,VIIRS,n,2,300.82,3.66,D,0,VIIRS_NOAA20_SP
25.86642,78.34139,332.31,0.4,0.37,2023-10-24,748,N20,VIIRS,n,2,302.94,2.3,D,0,VIIRS_NOAA20_SP
25.86642,80.62,337.36,0.39,0.36,2023-10-24,748,N20,VIIRS,n,2,304.21,3.18,D,0,VIIRS_NOAA20_SP
25.86817,78.79873,331.7,0.39,0.36,2023-10-24,748,N20,VIIRS,n,2,304.34,2.03,D,0,VIIRS_NOAA20_SP
25.87343,81.15625,332.19,0.39,0.36,2023-10-24,748,N20,VIIRS,l,2,304.32,2.86,D,0,VIIRS_NOAA20_SP
25.87921,77.77728,330.88,0.42,0.37,2023-10-24,748,N20,VIIRS,n,2,303.19,2.64,D,0,VIIRS_NOAA20_SP
25.88218,78.19503,340.56,0.41,0.37,2023-10-24,748,N20,VIIRS,n,2,305.15,8.85,D,0,VIIRS_NOAA20_SP
25.8823,78.84403,342.91,0.39,0.36,2023-10-24,748,N20,VIIRS,n,2,306.17,8.91,D,0,VIIRS_NOAA20_SP
25.88671,76.71109,334.52,0.45,0.39,2023-10-24,748,N20,VIIRS,n,2,303.24,2.73,D,0,VIIRS_NOAA20_SP
25.89069,76.60771,331.66,0.46,0.39,2023-10-24,748,N20,VIIRS,l,2,305.33,2.72,D,0,VIIRS_NOAA20_SP
25.89966,78.54668,334.35,0.4,0.37,2023-10-24,748,N20,VIIRS,l,2,305.17,4.23,D,0,VIIRS_NOAA20_SP
25.90093,78.55453,335.52,0.4,0.37,2023-10-24,748,N20,VIIRS,n,2,304.14,2.68,D,0,VIIRS_NOAA20_SP
25.90315,69.342,330.14,0.4,0.6,2023-10-24,748,N20,VIIRS,l,2,300.78,3.55,D,0,VIIRS_NOAA20_SP
25.90938,78.50011,331.77,0.4,0.37,2023-10-24,748,N20,VIIRS,l,2,304.61,1.83,D,0,VIIRS_NOAA20_SP
25.9102,76.7616,334.56,0.45,0.39,2023-10-24,748,N20,VIIRS,n,2,307.63,3.98,D,0,VIIRS_NOAA20_SP
25.91168,78.37399,339.6,0.4,0.37,2023-10-24,748,N20,VIIRS,n,2,302.27,2.96,D,0,VIIRS_NOAA20_SP
25.91502,78.37333,335.76,0.4,0.37,2023-10-24,748,N20,VIIRS,n,2,302.94,4.78,D,0,VIIRS_NOAA20_SP
25.91778,78.53092,335.3,0.4,0.37,2023-10-24,748,N20,VIIRS,n,2,306.14,1.92,D,0,VIIRS_NOAA20_SP
25.9195,78.52715,333.96,0.4,0.37,2023-10-24,748,N20,VIIRS,n,2,307.26,1.51,D,0,VIIRS_NOAA20_SP
25.92411,76.59652,337.92,0.46,0.39,2023-10-24,748,N20,VIIRS,n,2,306.4,5.72,D,0,VIIRS_NOAA20_SP
25.92489,78.51797,337.76,0.4,0.37,2023-10-24,748,N20,VIIRS,n,2,307.38,4.15,D,0,VIIRS_NOAA20_SP
25.92959,76.83113,330.49,0.45,0.39,2023-10-24,748,N20,VIIRS,l,2,305.46,0.78,D,0,VIIRS_NOAA20_SP
25.93097,77.77158,340.71,0.42,0.37,2023-10-24,748,N20,VIIRS,n,2,309.55,11.04,D,0,VIIRS_NOAA20_SP
25.93437,77.77087,335.95,0.42,0.37,2023-10-24,748,N20,VIIRS,n,2,303.68,11.04,D,0,VIIRS_NOAA20_SP
25.93718,78.57227,330.94,0.4,0.37,2023-10-24,748,N20,VIIRS,n,2,303.89,2.59,D,0,VIIRS_NOAA20_SP
25.95154,78.9782,332.92,0.39,0.36,2023-10-24,748,N20,VIIRS,n,2,302.43,1.55,D,0,VIIRS_NOAA20_SP
25.95419,79.08103,347.16,0.39,0.36,2023-10-24,748,N20,VIIRS,n,2,309.14,9.42,D,0,VIIRS_NOAA20_SP
25.95479,79.08488,346.21,0.39,0.36,2023-10-24,748,N20,VIIRS,n,2,307.6,5.07,D,0,VIIRS_NOAA20_SP
25.95882,78.76945,340.55,0.39,0.36,2023-10-24,748,N20,VIIRS,n,2,303.4,2.82,D,0,VIIRS_NOAA20_SP
25.95985,78.83686,333.97,0.39,0.36,2023-10-24,748,N20,VIIRS,n,2,303.95,6.08,D,0,VIIRS_NOAA20_SP
25.96101,79.34058,339.25,0.39,0.36,2023-10-24,748,N20,VIIRS,n,2,304.06,3.25,D,0,VIIRS_NOAA20_SP
25.96177,78.6603,337.47,0.4,0.37,2023-10-24,748,N20,VIIRS,n,2,304.45,3.44,D,0,VIIRS_NOAA20_SP
25.96523,76.62045,335.51,0.46,0.39,2023-10-24,748,N20,VIIRS,n,2,304.01,2.95,D,0,VIIRS_NOAA20_SP
25.98253,80.74084,334.09,0.39,0.36,2023-10-24,748,N20,VIIRS,n,2,302.19,1.8,D,0,VIIRS_NOAA20_SP
26.01016,79.88068,334.48,0.38,0.36,2023-10-24,748,N20,VIIRS,n,2,304.69,2.37,D,0,VIIRS_NOAA20_SP
26.04395,68.2392,331.26,0.46,0.64,2023-10-24,748,N20,VIIRS,n,2,300.05,1.9,D,0,VIIRS_NOAA20_SP
26.04421,68.237,331.03,0.46,0.64,2023-10-24,748,N20,VIIRS,n,2,299.75,1.62,D,0,VIIRS_NOAA20_SP
26.05358,68.2029,336.98,0.46,0.64,2023-10-24,748,N20,VIIRS,n,2,301.82,5.04,D,0,VIIRS_NOAA20_SP
26.05472,68.20528,333.38,0.46,0.64,2023-10-24,748,N20,VIIRS,n,2,300.61,3.0,D,0,VIIRS_NOAA20_SP
26.06089,78.43026,338.86,0.4,0.37,2023-10-24,748,N20,VIIRS,n,2,306.24,2.83,D,0,VIIRS_NOAA20_SP
26.10132,79.21543,339.42,0.39,0.36,2023-10-24,748,N20,VIIRS,n,2,307.35,9.43,D,0,VIIRS_NOAA20_SP
26.11026,78.86407,337.16,0.39,0.36,2023-10-24,748,N20,VIIRS,n,2,306.03,2.48,D,0,VIIRS_NOAA20_SP
26.18598,78.88921,336.22,0.39,0.36,2023-10-24,748,N20,VIIRS,n,2,305.9,2.81,D,0,VIIRS_NOAA20_SP
26.19577,76.35207,336.54,0.47,0.39,2023-10-24,748,N20,VIIRS,n,2,307.37,3.7,D,0,VIIRS_NOAA20_SP
26.20582,85.54279,330.25,0.4,0.44,2023-10-24,748,N20,VIIRS,n,2,297.9,1.94,D,0,VIIRS_NOAA20_SP
26.21638,80.00706,346.24,0.38,0.36,2023-10-24,748,N20,VIIRS,n,2,305.71,4.01,D,0,VIIRS_NOAA20_SP
26.26123,79.27991,333.1,0.39,0.36,2023-10-24,748,N20,VIIRS,l,2,303.75,2.96,D,0,VIIRS_NOAA20_SP
26.26824,79.3926,336.04,0.39,0.36,2023-10-24,748,N20,VIIRS,n,2,305.57,6.38,D,0,VIIRS_NOAA20_SP
26.28111,77.36643,337.57,0.43,0.38,2023-10-24,748,N20,VIIRS,n,2,304.81,2.95,D,0,VIIRS_NOAA20_SP
26.28333,77.49945,335.73,0.42,0.38,2023-10-24,748,N20,VIIRS,n,2,306.97,2.71,D,0,VIIRS_NOAA20_SP
26.32299,80.12851,335.27,0.38,0.36,2023-10-24,748,N20,VIIRS,n,2,305.18,2.47,D,0,VIIRS_NOAA20_SP
26.33102,79.86806,333.63,0.38,0.36,2023-10-24,748,N20,VIIRS,n,2,303.31,2.48,D,0,VIIRS_NOAA20_SP
26.33818,78.29385,336.06,0.4,0.37,2023-10-24,748,N20,VIIRS,n,2,306.2,2.31,D,0,VIIRS_NOAA20_SP
26.39408,77.69962,335.24,0.41,0.37,2023-10-24,748,N20,VIIRS,l,2,306.96,3.12,D,0,VIIRS_NOAA20_SP
26.40552,79.70916,336.09,0.38,0.36,2023-10-24,748,N20,VIIRS,n,2,305.31,2.28,D,0,VIIRS_NOAA20_SP
26.41109,79.65703,330.51,0.38,0.36,2023-10-24,748,N20,VIIRS,n,2,301.93,1.39,D,0,VIIRS_NOAA20_SP
26.41549,81.68876,332.1,0.41,0.37,2023-10-24,748,N20,VIIRS,n,2,300.74,1.6,D,0,VIIRS_NOAA20_SP
26.42043,68.88348,330.22,0.41,0.61,2023-10-24,748,N20,VIIRS,l,2,302.98,2.38,D,0,VIIRS_NOAA20_SP
26.42578,80.92016,333.42,0.39,0.36,2023-10-24,748,N20,VIIRS,n,2,301.31,2.66,D,0,VIIRS_NOAA20_SP
26.43779,78.37602,338.99,0.4,0.37,2023-10-24,748,N20,VIIRS,n,2,302.25,3.37,D,0,VIIRS_NOAA20_SP
26.44127,79.98915,333.27,0.38,0.36,2023-10-24,748,N20,VIIRS,n,2,301.86,2.04,D,0,VIIRS_NOAA20_SP
26.48074,80.45815,331.21,0.39,0.36,2023-10-24,748,N20,VIIRS,n,2,299.89,1.56,D,0,VIIRS_NOAA20_SP
26.49107,78.3942,337.89,0.4,0.37,2023-10-24,748,N20,VIIRS,n,2,306.38,6.91,D,0,VIIRS_NOAA20_SP
26.50261,84.54406,330.27,0.53,0.42,2023-10-24,748,N20,VIIRS,n,2,296.85,17.37,D,0,VIIRS_NOAA20_SP
26.50325,84.54935,333.35,0.53,0.42,2023-10-24,748,N20,VIIRS,n,2,297.17,8.56,D,0,VIIRS_NOAA20_SP
26.50709,84.5488,336.05,0.53,0.42,2023-10-24,748,N20,VIIRS,n,2,297.97,8.56,D,0,VIIRS_NOAA20_SP
26.53019,78.72205,346.26,0.39,0.36,2023-10-24,748,N20,VIIRS,n,2,308.19,4.8,D,0,VIIRS_NOAA20_SP
26.54345,78.71943,333.27,0.39,0.36,2023-10-24,748,N20,VIIRS,l,2,304.27,1.96,D,0,VIIRS_NOAA20_SP
26.54394,78.44462,331.81,0.4,0.37,2023-10-24,748,N20,VIIRS,n,2,303.14,1.28,D,0,VIIRS_NOAA20_SP
26.63594,79.77155,334.74,0.38,0.36,2023-10-24,748,N20,VIIRS,n,2,304.35,2.88,D,0,VIIRS_NOAA20_SP
26.65067,80.88007,345.09,0.39,0.36,2023-10-24,748,N20,VIIRS,n,2,299.5,5.08,D,0,VIIRS_NOAA20_SP
26.6518,79.71746,339.04,0.38,0.36,2023-10-24,748,N20,VIIRS,n,2,303.09,2.98,D,0,VIIRS_NOAA20_SP
26.65991,78.55178,330.58,0.39,0.36,2023-10-24,748,N20,VIIRS,l,2,304.98,1.2,D,0,VIIRS_NOAA20_SP
26.66712,79.15788,333.15,0.39,0.36,2023-10-24,748,N20,VIIRS,n,2,301.61,2.93,D,0,VIIRS_NOAA20_SP
26.68425,81.81499,332.31,0.41,0.37,2023-10-24,748,N20,VIIRS,n,2,296.56,1.87,D,0,VIIRS_NOAA20_SP
26.70773,79.77383,330.52,0.38,0.36,2023-10-24,748,N20,VIIRS,n,2,302.2,2.08,D,0,VIIRS_NOAA20_SP
26.70919,79.51746,334.67,0.38,0.36,2023-10-24,748,N20,VIIRS,n,2,304.84,1.54,D,0,VIIRS_NOAA20_SP
26.72064,79.68083,334.34,0.38,0.36,2023-10-24,748,N20,VIIRS,n,2,302.17,4.06,D,0,VIIRS_NOAA20_SP
26.73467,79.59542,331.79,0.38,0.36,2023-10-24,748,N20,VIIRS,n,2,303.54,2.38,D,0,VIIRS_NOAA20_SP
26.73607,81.09422,341.91,0.39,0.37,2023-10-24,748,N20,VIIRS,n,2,306.79,18.99,D,0,VIIRS_NOAA20_SP
26.77144,79.15002,333.29,0.39,0.36,2023-10-24,748,N20,VIIRS,n,2,301.5,1.32,D,0,VIIRS_NOAA20_SP
26.79967,79.79628,338.02,0.38,0.36,2023-10-24,748,N20,VIIRS,n,2,307.63,14.28,D,0,VIIRS_NOAA20_SP
26.8743,79.09033,335.78,0.39,0.36,2023-10-24,748,N20,VIIRS,n,2,308.01,4.38,D,0,VIIRS_NOAA20_SP
26.87591,79.56107,332.79,0.38,0.36,2023-10-24,748,N20,VIIRS,n,2,302.46,1.38,D,0,VIIRS_NOAA20_SP
26.92008,79.07725,331.14,0.39,0.36,2023-10-24,748,N20,VIIRS,n,2,304.6,1.42,D,0,VIIRS_NOAA20_SP
26.92362,81.44632,330.27,0.4,0.37,2023-10-24,748,N20,VIIRS,l,2,302.17,1.7,D,0,VIIRS_NOAA20_SP
26.93717,79.0779,336.77,0.39,0.36,2023-10-24,748,N20,VIIRS,n,2,304.74,3.09,D,0,VIIRS_NOAA20_SP
26.94486,78.99678,330.83,0.39,0.36,2023-10-24,748,N20,VIIRS,n,2,305.22,1.71,D,0,VIIRS_NOAA20_SP
26.94766,79.07983,337.01,0.39,0.36,2023-10-24,748,N20,VIIRS,n,2,306.36,2.55,D,0,VIIRS_NOAA20_SP
26.96181,81.44796,336.27,0.4,0.37,2023-10-24,748,N20,VIIRS,n,2,303.37,3.22,D,0,VIIRS_NOAA20_SP
26.99592,79.1936,332.92,0.39,0.36,2023-10-24,748,N20,VIIRS,n,2,302.46,2.45,D,0,VIIRS_NOAA20_SP
27.00399,79.22378,332.75,0.39,0.36,2023-10-24,748,N20,VIIRS,n,2,304.88,2.21,D,0,VIIRS_NOAA20_SP
27.04761,79.26299,340.71,0.39,0.36,2023-10-24,748,N20,VIIRS,n,2,306.3,2.97,D,0,VIIRS_NOAA20_SP
27.05839,79.20141,332.72,0.39,0.36,2023-10-24,748,N20,VIIRS,n,2,305.03,2.32,D,0,VIIRS_NOAA20_SP
27.05899,79.20525,330.71,0.39,0.36,2023-10-24,748,N20,VIIRS,l,2,305.46,3.01,D,0,VIIRS_NOAA20_SP
27.0604,78.63034,336.53,0.39,0.36,2023-10-24,748,N20,VIIRS,n,2,306.23,3.05,D,0,VIIRS_NOAA20_SP
27.08108,77.68406,335.22,0.41,0.37,2023-10-24,748,N20,VIIRS,n,2,303.91,2.32,D,0,VIIRS_NOAA20_SP
27.10126,79.0823,332.4,0.39,0.36,2023-10-24,748,N20,VIIRS,n,2,304.03,1.22,D,0,VIIRS_NOAA20_SP
27.14445,79.18517,331.68,0.39,0.36,2023-10-24,748,N20,VIIRS,n,2,305.51,1.66,D,0,VIIRS_NOAA20_SP
27.18745,79.33157,331.19,0.38,0.36,2023-10-24,748,N20,VIIRS,n,2,302.36,1.53,D,0,VIIRS_NOAA20_SP
27.19688,83.74088,336.08,0.49,0.4,2023-10-24,748,N20,VIIRS,n,2,302.0,6.0,D,0,VIIRS_NOAA20_SP
27.20754,79.98022,331.44,0.38,0.36,2023-10-24,748,N20,VIIRS,l,2,305.17,3.22,D,0,VIIRS_NOAA20_SP
27.23124,84.63492,328.62,0.54,0.42,2023-10-24,748,N20,VIIRS,l,2,300.1,3.16,D,0,VIIRS_NOAA20_SP
27.23379,80.04266,330.09,0.38,0.36,2023-10-24,748,N20,VIIRS,l,2,304.29,1.11,D,0,VIIRS_NOAA20_SP
27.26619,72.38617,337.21,0.49,0.48,2023-10-24,748,N20,VIIRS,n,2,307.42,3.3,D,0,VIIRS_NOAA20_SP
27.27927,81.17137,333.4,0.4,0.37,2023-10-24,748,N20,VIIRS,n,2,300.44,2.23,D,0,VIIRS_NOAA20_SP
27.31174,78.79804,333.07,0.39,0.36,2023-10-24,748,N20,VIIRS,n,2,301.82,2.82,D,0,VIIRS_NOAA20_SP
27.33237,77.66727,333.97,0.41,0.37,2023-10-24,748,N20,VIIRS,n,2,301.95,2.03,D,0,VIIRS_NOAA20_SP
27.33477,79.83012,335.14,0.38,0.36,2023-10-24,748,N20,VIIRS,n,2,302.31,2.47,D,0,VIIRS_NOAA20_SP
27.35679,78.29145,334.15,0.4,0.37,2023-10-24,748,N20,VIIRS,n,2,302.58,2.59,D,0,VIIRS_NOAA20_SP
27.36495,80.1935,336.12,0.39,0.36,2023-10-24,748,N20,VIIRS,n,2,305.15,2.46,D,0,VIIRS_NOAA20_SP
27.53412,81.06215,333.51,0.4,0.37,2023-10-24,748,N20,VIIRS,n,2,300.03,2.64,D,0,VIIRS_NOAA20_SP
27.58036,80.48221,334.92,0.39,0.36,2023-10-24,748,N20,VIIRS,n,2,302.22,3.27,D,0,VIIRS_NOAA20_SP
27.58168,79.91444,334.66,0.38,0.36,2023-10-24,748,N20,VIIRS,n,2,305.46,2.25,D,0,VIIRS_NOAA20_SP
27.61621,80.77866,332.43,0.39,0.36,2023-10-24,748,N20,VIIRS,n,2,301.34,1.71,D,0,VIIRS_NOAA20_SP
27.62285,81.88689,330.38,0.42,0.38,2023-10-24,748,N20,VIIRS,n,2,299.97,2.51,D,0,VIIRS_NOAA20_SP
27.66067,80.99525,330.76,0.4,0.37,2023-10-24,748,N20,VIIRS,n,2,299.72,2.56,D,0,VIIRS_NOAA20_SP
27.66258,80.18621,340.45,0.39,0.36,2023-10-24,748,N20,VIIRS,n,2,303.57,6.12,D,0,VIIRS_NOAA20_SP
27.70766,80.1224,333.18,0.39,0.36,2023-10-24,748,N20,VIIRS,n,2,303.92,1.93,D,0,VIIRS_NOAA20_SP
27.76215,80.47321,331.09,0.39,0.36,2023-10-24,748,N20,VIIRS,n,2,299.28,1.53,D,0,VIIRS_NOAA20_SP
27.80078,79.8578,335.33,0.38,0.36,2023-10-24,748,N20,VIIRS,n,2,303.06,2.87,D,0,VIIRS_NOAA20_SP
27.83029,79.39899,331.07,0.38,0.36,2023-10-24,748,N20,VIIRS,n,2,305.24,1.33,D,0,VIIRS_NOAA20_SP
27.83331,81.92176,336.64,0.42,0.38,2023-10-24,748,N20,VIIRS,n,2,299.95,3.89,D,0,VIIRS_NOAA20_SP
27.83429,81.92152,336.95,0.42,0.38,2023-10-24,748,N20,VIIRS,n,2,299.94,3.95,D,0,VIIRS_NOAA20_SP
27.84014,79.98595,336.52,0.39,0.36,2023-10-24,748,N20,VIIRS,n,2,303.46,3.67,D,0,VIIRS_NOAA20_SP
27.84676,81.75945,335.29,0.42,0.37,2023-10-24,748,N20,VIIRS,n,2,299.33,2.74,D,0,VIIRS_NOAA20_SP
27.84962,82.54645,333.73,0.44,0.39,2023-10-24,748,N20,VIIRS,n,2,299.6,3.9,D,0,VIIRS_NOAA20_SP
27.85455,77.50568,337.19,0.41,0.37,2023-10-24,748,N20,VIIRS,n,2,306.07,3.1,D,0,VIIRS_NOAA20_SP
27.85933,81.72292,334.61,0.42,0.37,2023-10-24,748,N20,VIIRS,n,2,302.64,3.2,D,0,VIIRS_NOAA20_SP
27.86275,81.72234,341.45,0.42,0.37,2023-10-24,748,N20,VIIRS,n,2,303.9,4.98,D,0,VIIRS_NOAA20_SP
27.90276,79.99469,336.08,0.39,0.36,2023-10-24,748,N20,VIIRS,n,2,300.39,3.09,D,0,VIIRS_NOAA20_SP
27.9365,77.4469,336.44,0.41,0.37,2023-10-24,748,N20,VIIRS,n,2,304.64,4.3,D,0,VIIRS_NOAA20_SP
27.93988,77.44618,335.32,0.41,0.37,2023-10-24,748,N20,VIIRS,n,2,308.71,4.3,D,0,VIIRS_NOAA20_SP
27.94387,77.42831,332.72,0.41,0.37,2023-10-24,748,N20,VIIRS,n,2,305.26,2.85,D,0,VIIRS_NOAA20_SP
27.94997,79.36005,335.69,0.38,0.36,2023-10-24,748,N20,VIIRS,n,2,305.41,2.52,D,0,VIIRS_NOAA20_SP
27.95875,77.43368,347.02,0.41,0.37,2023-10-24,748,N20,VIIRS,n,2,306.84,9.98,D,0,VIIRS_NOAA20_SP
27.99541,77.54895,335.43,0.41,0.37,2023-10-24,748,N20,VIIRS,n,2,303.49,3.83,D,0,VIIRS_NOAA20_SP
28.01332,81.49318,333.77,0.41,0.37,2023-10-24,748,N20,VIIRS,n,2,298.54,2.17,D,0,VIIRS_NOAA20_SP
28.04531,77.42445,333.98,0.41,0.37,2023-10-24,748,N20,VIIRS,n,2,304.33,1.78,D,0,VIIRS_NOAA20_SP
28.08777,77.19666,340.54,0.42,0.37,2023-10-24,748,N20,VIIRS,n,2,307.65,5.19,D,0,VIIRS_NOAA20_SP
28.10378,77.31373,331.97,0.41,0.37,2023-10-24,748,N20,VIIRS,n,2,303.37,1.86,D,0,VIIRS_NOAA20_SP
28.16034,79.94627,330.68,0.39,0.36,2023-10-24,748,N20,VIIRS,l,2,300.8,1.64,D,0,VIIRS_NOAA20_SP
28.26631,79.97455,334.71,0.39,0.36,2023-10-24,748,N20,VIIRS,n,2,301.8,5.74,D,0,VIIRS_NOAA20_SP
28.42938,80.1136,334.21,0.39,0.36,2023-10-24,748,N20,VIIRS,n,2,300.86,2.07,D,0,VIIRS_NOAA20_SP
28.44591,80.11052,340.41,0.39,0.36,2023-10-24,748,N20,VIIRS,n,2,301.59,2.93,D,0,VIIRS_NOAA20_SP
28.47955,80.13267,331.91,0.39,0.36,2023-10-24,748,N20,VIIRS,n,2,300.23,1.5,D,0,VIIRS_NOAA20_SP
27.48424,69.09502,331.64,0.38,0.59,2023-10-24,749,N20,VIIRS,l,2,304.46,0.84,D,0,VIIRS_NOAA20_SP
28.27817,73.42857,350.53,0.4,0.45,2023-10-24,749,N20,VIIRS,n,2,306.63,6.28,D,0,VIIRS_NOAA20_SP
28.27896,73.43262,350.6,0.4,0.45,2023-10-24,749,N20,VIIRS,n,2,307.2,6.6,D,0,VIIRS_NOAA20_SP
28.4766,77.6098,332.07,0.4,0.37,2023-10-24,749,N20,VIIRS,n,2,306.0,1.53,D,0,VIIRS_NOAA20_SP
28.50629,77.25629,330.69,0.41,0.37,2023-10-24,749,N20,VIIRS,l,2,303.3,2.2,D,0,VIIRS_NOAA20_SP
28.599,78.60764,339.38,0.39,0.36,2023-10-24,749,N20,VIIRS,n,2,310.61,11.39,D,0,VIIRS_NOAA20_SP
28.62395,78.55003,343.15,0.39,0.36,2023-10-24,749,N20,VIIRS,n,2,306.47,3.33,D,0,VIIRS_NOAA20_SP
28.65063,78.63361,337.35,0.39,0.36,2023-10-24,749,N20,VIIRS,n,2,308.0,2.79,D,0,VIIRS_NOAA20_SP
28.70261,79.23466,332.06,0.38,0.36,2023-10-24,749,N20,VIIRS,n,2,303.7,1.65,D,0,VIIRS_NOAA20_SP
28.7173,76.26986,335.97,0.44,0.38,2023-10-24,749,N20,VIIRS,n,2,306.85,3.56,D,0,VIIRS_NOAA20_SP
28.79644,79.9082,336.64,0.39,0.36,2023-10-24,749,N20,VIIRS,n,2,306.2,5.01,D,0,VIIRS_NOAA20_SP
28.80218,79.64907,332.68,0.39,0.36,2023-10-24,749,N20,VIIRS,n,2,304.13,1.56,D,0,VIIRS_NOAA20_SP
28.81193,79.30578,338.18,0.38,0.36,2023-10-24,749,N20,VIIRS,n,2,305.38,3.02,D,0,VIIRS_NOAA20_SP
28.81395,79.34154,332.28,0.38,0.36,2023-10-24,749,N20,VIIRS,n,2,301.84,4.13,D,0,VIIRS_NOAA20_SP
28.81652,79.49373,333.22,0.38,0.36,2023-10-24,749,N20,VIIRS,n,2,302.7,3.27,D,0,VIIRS_NOAA20_SP
28.81724,79.3409,334.22,0.38,0.36,2023-10-24,749,N20,VIIRS,n,2,302.5,2.75,D,0,VIIRS_NOAA20_SP
28.83414,79.49837,340.12,0.38,0.36,2023-10-24,749,N20,VIIRS,n,2,304.11,4.82,D,0,VIIRS_NOAA20_SP
28.83869,79.19209,334.25,0.38,0.36,2023-10-24,749,N20,VIIRS,n,2,303.89,1.69,D,0,VIIRS_NOAA20_SP
28.84026,79.33642,344.88,0.38,0.36,2023-10-24,749,N20,VIIRS,n,2,305.78,4.39,D,0,VIIRS_NOAA20_SP
28.84354,79.33578,342.92,0.38,0.36,2023-10-24,749,N20,VIIRS,n,2,306.72,4.63,D,0,VIIRS_NOAA20_SP
28.84567,79.85058,333.82,0.39,0.36,2023-10-24,749,N20,VIIRS,n,2,305.99,3.45,D,0,VIIRS_NOAA20_SP
28.84625,79.85452,335.69,0.39,0.36,2023-10-24,749,N20,VIIRS,n,2,307.0,3.76,D,0,VIIRS_NOAA20_SP
28.85589,79.59869,335.48,0.38,0.36,2023-10-24,749,N20,VIIRS,n,2,302.65,3.87,D,0,VIIRS_NOAA20_SP
28.86386,79.33585,340.67,0.38,0.36,2023-10-24,749,N20,VIIRS,n,2,304.31,6.16,D,0,VIIRS_NOAA20_SP
28.86536,79.91557,332.06,0.39,0.36,2023-10-24,749,N20,VIIRS,n,2,304.96,2.54,D,0,VIIRS_NOAA20_SP
28.86908,79.89465,335.78,0.39,0.36,2023-10-24,749,N20,VIIRS,n,2,305.71,8.52,D,0,VIIRS_NOAA20_SP
28.8712,79.72467,335.39,0.39,0.36,2023-10-24,749,N20,VIIRS,l,2,306.88,12.67,D,0,VIIRS_NOAA20_SP
28.87211,79.93859,340.0,0.39,0.36,2023-10-24,749,N20,VIIRS,n,2,304.31,5.87,D,0,VIIRS_NOAA20_SP
28.87624,79.66727,330.69,0.39,0.36,2023-10-24,749,N20,VIIRS,n,2,302.35,1.65,D,0,VIIRS_NOAA20_SP
28.87681,79.73972,342.42,0.39,0.36,2023-10-24,749,N20,VIIRS,n,2,305.92,3.07,D,0,VIIRS_NOAA20_SP
28.87739,79.74364,331.04,0.39,0.36,2023-10-24,749,N20,VIIRS,l,2,302.74,1.47,D,0,VIIRS_NOAA20_SP
28.88012,79.67056,335.82,0.39,0.36,2023-10-24,749,N20,VIIRS,n,2,303.41,2.9,D,0,VIIRS_NOAA20_SP
28.89426,79.72027,334.88,0.39,0.36,2023-10-24,749,N20,VIIRS,n,2,305.2,2.13,D,0,VIIRS_NOAA20_SP
28.89545,79.47842,335.62,0.38,0.36,2023-10-24,749,N20,VIIRS,n,2,303.13,1.71,D,0,VIIRS_NOAA20_SP
28.89547,79.36238,332.59,0.38,0.36,2023-10-24,749,N20,VIIRS,n,2,303.69,2.84,D,0,VIIRS_NOAA20_SP
28.89716,79.73988,332.3,0.39,0.36,2023-10-24,749,N20,VIIRS,n,2,306.31,2.5,D,0,VIIRS_NOAA20_SP
28.9034,79.92052,335.26,0.39,0.36,2023-10-24,749,N20,VIIRS,n,2,302.29,2.42,D,0,VIIRS_NOAA20_SP
28.90416,79.35265,331.24,0.38,0.36,2023-10-24,749,N20,VIIRS,l,2,302.52,3.49,D,0,VIIRS_NOAA20_SP
28.91027,79.41579,339.26,0.38,0.36,2023-10-24,749,N20,VIIRS,n,2,304.75,7.43,D,0,VIIRS_NOAA20_SP
28.9113,70.55813,331.79,0.58,0.52,2023-10-24,749,N20,VIIRS,n,2,298.11,4.9,D,0,VIIRS_NOAA20_SP
28.91189,79.47174,330.05,0.38,0.36,2023-10-24,749,N20,VIIRS,n,2,304.55,2.67,D,0,VIIRS_NOAA20_SP
28.91191,79.35918,336.93,0.38,0.36,2023-10-24,749,N20,VIIRS,n,2,303.58,2.92,D,0,VIIRS_NOAA20_SP
28.91247,79.47565,336.72,0.38,0.36,2023-10-24,749,N20,VIIRS,n,2,304.15,2.67,D,0,VIIRS_NOAA20_SP
28.91981,79.82439,330.96,0.39,0.36,2023-10-24,749,N20,VIIRS,l,2,303.56,2.38,D,0,VIIRS_NOAA20_SP
28.92016,79.87285,343.37,0.39,0.36,2023-10-24,749,N20,VIIRS,n,2,304.93,7.9,D,0,VIIRS_NOAA20_SP
28.92059,79.46202,336.93,0.38,0.36,2023-10-24,749,N20,VIIRS,n,2,303.05,2.78,D,0,VIIRS_NOAA20_SP
28.92158,79.7675,337.73,0.39,0.36,2023-10-24,749,N20,VIIRS,n,2,306.87,3.83,D,0,VIIRS_NOAA20_SP
28.92718,79.34817,333.41,0.38,0.36,2023-10-24,749,N20,VIIRS,n,2,303.59,3.4,D,0,VIIRS_NOAA20_SP
28.92872,79.83887,333.67,0.39,0.36,2023-10-24,749,N20,VIIRS,n,2,301.58,2.36,D,0,VIIRS_NOAA20_SP
28.93109,79.71727,338.3,0.39,0.36,2023-10-24,749,N20,VIIRS,n,2,303.92,3.57,D,0,VIIRS_NOAA20_SP
28.9314,79.44383,335.7,0.38,0.36,2023-10-24,749,N20,VIIRS,n,2,306.26,2.22,D,0,VIIRS_NOAA20_SP
28.93687,79.2779,341.01,0.38,0.36,2023-10-24,749,N20,VIIRS,n,2,302.61,4.6,D,0,VIIRS_NOAA20_SP
28.93892,79.42628,336.75,0.38,0.36,2023-10-24,749,N20,VIIRS,n,2,303.56,2.17,D,0,VIIRS_NOAA20_SP
28.94641,79.72701,338.11,0.39,0.36,2023-10-24,749,N20,VIIRS,n,2,302.61,2.53,D,0,VIIRS_NOAA20_SP
28.9475,79.80354,347.32,0.39,0.36,2023-10-24,749,N20,VIIRS,n,2,305.21,7.2,D,0,VIIRS_NOAA20_SP
28.95289,79.45174,331.52,0.38,0.36,2023-10-24,749,N20,VIIRS,n,2,302.68,1.37,D,0,VIIRS_NOAA20_SP
28.955,79.97156,334.31,0.39,0.36,2023-10-24,749,N20,VIIRS,l,2,305.33,3.78,D,0,VIIRS_NOAA20_SP
28.95658,76.05669,330.84,0.44,0.39,2023-10-24,749,N20,VIIRS,n,2,301.27,1.97,D,0,VIIRS_NOAA20_SP
28.95889,79.97488,333.77,0.39,0.36,2023-10-24,749,N20,VIIRS,l,2,304.68,2.86,D,0,VIIRS_NOAA20_SP
28.96076,79.41399,344.62,0.38,0.36,2023-10-24,749,N20,VIIRS,n,2,308.09,13.87,D,0,VIIRS_NOAA20_SP
28.9685,79.73894,334.77,0.39,0.36,2023-10-24,749,N20,VIIRS,l,2,307.99,4.44,D,0,VIIRS_NOAA20_SP
28.96908,79.74287,335.83,0.39,0.36,2023-10-24,749,N20,VIIRS,l,2,306.9,4.25,D,0,VIIRS_NOAA20_SP
28.97237,79.74224,335.62,0.39,0.36,2023-10-24,749,N20,VIIRS,n,2,305.19,8.87,D,0,VIIRS_NOAA20_SP
28.97823,79.25793,341.99,0.38,0.36,2023-10-24,749,N20,VIIRS,n,2,302.87,3.22,D,0,VIIRS_NOAA20_SP
28.98257,79.95074,334.82,0.39,0.36,2023-10-24,749,N20,VIIRS,n,2,303.51,1.44,D,0,VIIRS_NOAA20_SP
28.98286,79.90611,333.0,0.39,0.36,2023-10-24,749,N20,VIIRS,n,2,303.0,2.63,D,0,VIIRS_NOAA20_SP
28.98389,79.47794,341.96,0.38,0.36,2023-10-24,749,N20,VIIRS,n,2,308.57,6.91,D,0,VIIRS_NOAA20_SP
28.98507,76.66788,334.87,0.42,0.38,2023-10-24,749,N20,VIIRS,n,2,305.1,4.89,D,0,VIIRS_NOAA20_SP
28.98616,79.90549,328.73,0.39,0.36,2023-10-24,749,N20,VIIRS,l,2,303.16,2.63,D,0,VIIRS_NOAA20_SP
28.98918,79.94949,341.05,0.39,0.36,2023-10-24,749,N20,VIIRS,n,2,304.39,3.42,D,0,VIIRS_NOAA20_SP
28.98952,79.2879,354.47,0.38,0.36,2023-10-24,749,N20,VIIRS,n,2,308.2,18.84,D,0,VIIRS_NOAA20_SP
28.99248,79.94887,337.84,0.39,0.36,2023-10-24,749,N20,VIIRS,n,2,302.56,3.42,D,0,VIIRS_NOAA20_SP
29.00511,79.25669,343.17,0.38,0.36,2023-10-24,749,N20,VIIRS,n,2,308.42,15.89,D,0,VIIRS_NOAA20_SP
29.01446,79.9366,336.91,0.39,0.36,2023-10-24,749,N20,VIIRS,n,2,303.59,3.89,D,0,VIIRS_NOAA20_SP
29.01773,79.77399,336.44,0.39,0.36,2023-10-24,749,N20,VIIRS,n,2,302.35,2.06,D,0,VIIRS_NOAA20_SP
29.02206,79.91895,334.49,0.39,0.36,2023-10-24,749,N20,VIIRS,n,2,305.07,3.49,D,0,VIIRS_NOAA20_SP
29.02249,76.70494,330.6,0.42,0.38,2023-10-24,749,N20,VIIRS,n,2,302.38,2.34,D,0,VIIRS_NOAA20_SP
29.05331,77.00909,331.25,0.41,0.37,2023-10-24,749,N20,VIIRS,n,2,303.31,2.05,D,0,VIIRS_NOAA20_SP
29.05394,77.09893,334.03,0.41,0.37,2023-10-24,749,N20,VIIRS,n,2,302.62,2.99,D,0,VIIRS_NOAA20_SP
29.05416,79.22293,332.1,0.38,0.36,2023-10-24,749,N20,VIIRS,n,2,302.26,2.26,D,0,VIIRS_NOAA20_SP
29.05475,79.22684,334.98,0.38,0.36,2023-10-24,749,N20,VIIRS,n,2,302.04,2.58,D,0,VIIRS_NOAA20_SP
29.1068,77.11837,335.38,0.41,0.37,2023-10-24,749,N20,VIIRS,n,2,302.32,3.1,D,0,VIIRS_NOAA20_SP
29.13598,75.59193,332.35,0.46,0.39,2023-10-24,749,N20,VIIRS,n,2,303.81,2.53,D,0,VIIRS_NOAA20_SP
29.14099,79.234,334.11,0.38,0.36,2023-10-24,749,N20,VIIRS,n,2,304.76,2.3,D,0,VIIRS_NOAA20_SP
29.15068,79.11928,336.82,0.38,0.36,2023-10-24,749,N20,VIIRS,n,2,304.06,3.03,D,0,VIIRS_NOAA20_SP
29.16934,78.9948,346.22,0.38,0.36,2023-10-24,749,N20,VIIRS,n,2,305.07,3.71,D,0,VIIRS_NOAA20_SP
29.19824,76.72049,336.45,0.42,0.38,2023-10-24,749,N20,VIIRS,n,2,300.41,2.64,D,0,VIIRS_NOAA20_SP
29.20208,76.95177,331.09,0.41,0.37,2023-10-24,749,N20,VIIRS,n,2,300.66,2.19,D,0,VIIRS_NOAA20_SP
29.20272,79.16965,337.29,0.38,0.36,2023-10-24,749,N20,VIIRS,n,2,303.38,3.83,D,0,VIIRS_NOAA20_SP
29.20542,79.16509,332.32,0.38,0.36,2023-10-24,749,N20,VIIRS,n,2,303.19,12.46,D,0,VIIRS_NOAA20_SP
29.20601,79.16901,342.35,0.38,0.36,2023-10-24,749,N20,VIIRS,n,2,307.26,12.46,D,0,VIIRS_NOAA20_SP
29.21345,76.83147,331.99,0.42,0.37,2023-10-24,749,N20,VIIRS,n,2,305.19,4.74,D,0,VIIRS_NOAA20_SP
29.21416,76.8357,331.88,0.42,0.37,2023-10-24,749,N20,VIIRS,n,2,300.97,3.65,D,0,VIIRS_NOAA20_SP
29.25082,79.15212,335.73,0.38,0.36,2023-10-24,749,N20,VIIRS,n,2,303.28,2.88,D,0,VIIRS_NOAA20_SP
29.26024,77.06889,334.39,0.41,0.37,2023-10-24,749,N20,VIIRS,n,2,302.54,4.42,D,0,VIIRS_NOAA20_SP
29.26025,75.53074,339.76,0.46,0.39,2023-10-24,749,N20,VIIRS,n,2,304.46,6.01,D,0,VIIRS_NOAA20_SP
29.26303,76.09803,336.19,0.44,0.38,2023-10-24,749,N20,VIIRS,n,2,305.81,6.28,D,0,VIIRS_NOAA20_SP
29.29118,76.03127,336.83,0.44,0.38,2023-10-24,749,N20,VIIRS,n,2,305.0,6.79,D,0,VIIRS_NOAA20_SP
29.3029,79.00114,329.28,0.38,0.36,2023-10-24,749,N20,VIIRS,l,2,300.98,1.45,D,0,VIIRS_NOAA20_SP
29.3237,76.13502,334.11,0.44,0.38,2023-10-24,749,N20,VIIRS,n,2,305.73,2.79,D,0,VIIRS_NOAA20_SP
29.32724,76.04768,340.55,0.44,0.38,2023-10-24,749,N20,VIIRS,n,2,303.49,4.52,D,0,VIIRS_NOAA20_SP
29.32863,75.66483,338.56,0.46,0.39,2023-10-24,749,N20,VIIRS,n,2,305.15,7.44,D,0,VIIRS_NOAA20_SP
29.33148,75.9488,335.68,0.44,0.39,2023-10-24,749,N20,VIIRS,n,2,301.56,5.82,D,0,VIIRS_NOAA20_SP
29.37329,75.89694,331.11,0.45,0.39,2023-10-24,749,N20,VIIRS,n,2,301.62,2.13,D,0,VIIRS_NOAA20_SP
29.38027,76.0402,330.74,0.44,0.38,2023-10-24,749,N20,VIIRS,n,2,299.73,1.64,D,0,VIIRS_NOAA20_SP
29.38039,76.12344,336.79,0.44,0.38,2023-10-24,749,N20,VIIRS,n,2,302.92,3.15,D,0,VIIRS_NOAA20_SP
29.38893,75.03612,336.31,0.48,0.4,2023-10-24,749,N20,VIIRS,n,2,301.28,4.78,D,0,VIIRS_NOAA20_SP
29.41924,76.83995,332.11,0.41,0.37,2023-10-24,749,N20,VIIRS,n,2,301.44,2.9,D,0,VIIRS_NOAA20_SP
29.42438,75.64945,333.77,0.45,0.39,2023-10-24,749,N20,VIIRS,n,2,301.52,2.22,D,0,VIIRS_NOAA20_SP
29.43882,75.9774,334.74,0.44,0.38,2023-10-24,749,N20,VIIRS,n,2,306.53,8.99,D,0,VIIRS_NOAA20_SP
29.43923,75.47345,339.18,0.46,0.39,2023-10-24,749,N20,VIIRS,n,2,304.94,3.75,D,0,VIIRS_NOAA20_SP
29.43987,75.79855,332.35,0.45,0.39,2023-10-24,749,N20,VIIRS,n,2,300.83,2.97,D,0,VIIRS_NOAA20_SP
29.44071,75.47116,330.75,0.46,0.39,2023-10-24,749,N20,VIIRS,n,2,305.47,3.81,D,0,VIIRS_NOAA20_SP
29.44154,75.47585,334.18,0.46,0.39,2023-10-24,749,N20,VIIRS,n,2,304.11,3.81,D,0,VIIRS_NOAA20_SP
29.44279,75.47261,338.39,0.46,0.39,2023-10-24,749,N20,VIIRS,n,2,305.65,4.24,D,0,VIIRS_NOAA20_SP
29.46378,76.8528,344.49,0.41,0.37,2023-10-24,749,N20,VIIRS,n,2,301.98,7.39,D,0,VIIRS_NOAA20_SP
29.46685,75.4621,337.13,0.46,0.39,2023-10-24,749,N20,VIIRS,n,2,304.98,4.91,D,0,VIIRS_NOAA20_SP
29.47012,76.60059,331.97,0.42,0.38,2023-10-24,749,N20,VIIRS,n,2,302.67,1.9,D,0,VIIRS_NOAA20_SP
29.47717,75.96859,332.2,0.44,0.38,2023-10-24,749,N20,VIIRS,n,2,301.86,2.85,D,0,VIIRS_NOAA20_SP
29.48145,75.97227,333.34,0.44,0.38,2023-10-24,749,N20,VIIRS,n,2,302.67,5.17,D,0,VIIRS_NOAA20_SP
29.48301,76.9659,330.56,0.41,0.37,2023-10-24,749,N20,VIIRS,n,2,302.4,1.59,D,0,VIIRS_NOAA20_SP
29.48763,75.96618,346.63,0.44,0.38,2023-10-24,749,N20,VIIRS,n,2,304.08,8.75,D,0,VIIRS_NOAA20_SP
29.49409,76.16824,333.65,0.43,0.38,2023-10-24,749,N20,VIIRS,n,2,303.18,2.3,D,0,VIIRS_NOAA20_SP
29.50067,76.88388,332.22,0.41,0.37,2023-10-24,749,N20,VIIRS,n,2,301.72,1.38,D,0,VIIRS_NOAA20_SP
29.51082,76.88164,330.41,0.41,0.37,2023-10-24,749,N20,VIIRS,n,2,301.32,1.63,D,0,VIIRS_NOAA20_SP
29.52317,75.65218,335.97,0.45,0.39,2023-10-24,749,N20,VIIRS,n,2,306.33,5.74,D,0,VIIRS_NOAA20_SP
29.5283,76.96461,338.76,0.41,0.37,2023-10-24,749,N20,VIIRS,n,2,304.07,4.67,D,0,VIIRS_NOAA20_SP
29.5358,75.55773,332.56,0.46,0.39,2023-10-24,749,N20,VIIRS,n,2,299.31,3.23,D,0,VIIRS_NOAA20_SP
29.53705,73.1981,331.6,0.4,0.44,2023-10-24,749,N20,VIIRS,n,2,295.78,1.62,D,0,VIIRS_NOAA20_SP
29.5508,75.80759,332.11,0.45,0.39,2023-10-24,749,N20,VIIRS,n,2,300.17,4.61,D,0,VIIRS_NOAA20_SP
29.55379,76.69823,333.2,0.42,0.37,2023-10-24,749,N20,VIIRS,n,2,302.37,2.32,D,0,VIIRS_NOAA20_SP
29.57025,76.46362,336.53,0.42,0.38,2023-10-24,749,N20,VIIRS,n,2,303.7,2.87,D,0,VIIRS_NOAA20_SP
29.57098,75.24664,344.37,0.47,0.4,2023-10-24,749,N20,VIIRS,n,2,301.02,9.02,D,0,VIIRS_NOAA20_SP
29.58808,75.77054,341.58,0.45,0.39,2023-10-24,749,N20,VIIRS,n,2,304.99,12.23,D,0,VIIRS_NOAA20_SP
29.60049,74.9332,331.69,0.48,0.4,2023-10-24,749,N20,VIIRS,n,2,298.74,4.43,D,0,VIIRS_NOAA20_SP
29.60129,76.09451,334.46,0.44,0.38,2023-10-24,749,N20,VIIRS,n,2,303.71,3.11,D,0,VIIRS_NOAA20_SP
29.60771,75.81916,333.87,0.45,0.39,2023-10-24,749,N20,VIIRS,n,2,300.93,5.55,D,0,VIIRS_NOAA20_SP
29.60814,75.82262,333.2,0.45,0.39,2023-10-24,749,N20,VIIRS,n,2,301.79,5.42,D,0,VIIRS_NOAA20_SP
29.61267,77.00342,332.08,0.41,0.37,2023-10-24,749,N20,VIIRS,n,2,300.97,3.08,D,0,VIIRS_NOAA20_SP
29.62442,75.27372,333.55,0.47,0.4,2023-10-24,749,N20,VIIRS,n,2,301.14,3.81,D,0,VIIRS_NOAA20_SP
29.62586,75.27541,332.38,0.47,0.4,2023-10-24,749,N20,VIIRS,n,2,300.63,2.63,D,0,VIIRS_NOAA20_SP
29.63355,76.19724,332.5,0.43,0.38,2023-10-24,749,N20,VIIRS,n,2,302.79,1.81,D,0,VIIRS_NOAA20_SP
29.63438,75.78467,333.59,0.45,0.39,2023-10-24,749,N20,VIIRS,n,2,302.19,3.42,D,0,VIIRS_NOAA20_SP
29.64169,74.44106,330.47,0.51,0.41,2023-10-24,749,N20,VIIRS,n,2,298.94,2.96,D,0,VIIRS_NOAA20_SP
29.64387,75.96072,335.99,0.44,0.38,2023-10-24,749,N20,VIIRS,n,2,303.68,4.41,D,0,VIIRS_NOAA20_SP
29.64787,76.09306,337.73,0.44,0.38,2023-10-24,749,N20,VIIRS,n,2,301.33,5.54,D,0,VIIRS_NOAA20_SP
29.65449,77.00287,334.68,0.41,0.37,2023-10-24,749,N20,VIIRS,n,2,304.12,7.19,D,0,VIIRS_NOAA20_SP
29.65786,77.00213,338.09,0.41,0.37,2023-10-24,749,N20,VIIRS,n,2,305.63,13.61,D,0,VIIRS_NOAA20_SP
29.65968,75.29712,335.45,0.47,0.39,2023-10-24,749,N20,VIIRS,n,2,302.16,3.15,D,0,VIIRS_NOAA20_SP
29.67212,75.30404,340.41,0.47,0.39,2023-10-24,749,N20,VIIRS,n,2,301.92,4.52,D,0,VIIRS_NOAA20_SP
29.67355,75.35299,333.37,0.46,0.39,2023-10-24,749,N20,VIIRS,n,2,300.21,4.07,D,0,VIIRS_NOAA20_SP
29.67918,75.17802,332.12,0.47,0.4,2023-10-24,749,N20,VIIRS,n,2,298.87,4.27,D,0,VIIRS_NOAA20_SP
29.69859,75.22331,337.79,0.47,0.4,2023-10-24,749,N20,VIIRS,n,2,300.26,5.41,D,0,VIIRS_NOAA20_SP
29.70939,76.66011,335.2,0.42,0.37,2023-10-24,749,N20,VIIRS,n,2,300.65,2.92,D,0,VIIRS_NOAA20_SP
29.73747,75.85173,334.27,0.44,0.39,2023-10-24,749,N20,VIIRS,n,2,304.41,5.46,D,0,VIIRS_NOAA20_SP
29.74095,75.95693,339.64,0.44,0.38,2023-10-24,749,N20,VIIRS,n,2,302.38,5.57,D,0,VIIRS_NOAA20_SP
29.74983,75.31267,335.04,0.46,0.39,2023-10-24,749,N20,VIIRS,n,2,302.11,5.31,D,0,VIIRS_NOAA20_SP
29.75253,75.3071,335.15,0.46,0.39,2023-10-24,749,N20,VIIRS,n,2,300.7,5.31,D,0,VIIRS_NOAA20_SP
29.7679,75.10418,335.24,0.47,0.4,2023-10-24,749,N20,VIIRS,n,2,302.45,4.33,D,0,VIIRS_NOAA20_SP
29.77778,75.93588,346.06,0.44,0.38,2023-10-24,749,N20,VIIRS,n,2,303.54,9.25,D,0,VIIRS_NOAA20_SP
29.78906,75.30336,331.87,0.46,0.39,2023-10-24,749,N20,VIIRS,n,2,299.22,2.47,D,0,VIIRS_NOAA20_SP
29.78992,75.30809,331.64,0.46,0.39,2023-10-24,749,N20,VIIRS,n,2,299.72,5.32,D,0,VIIRS_NOAA20_SP
29.79841,75.99149,331.21,0.44,0.38,2023-10-24,749,N20,VIIRS,n,2,304.33,1.7,D,0,VIIRS_NOAA20_SP
29.79855,75.08675,340.23,0.47,0.4,2023-10-24,749,N20,VIIRS,n,2,302.91,7.96,D,0,VIIRS_NOAA20_SP
29.80736,75.44592,330.24,0.46,0.39,2023-10-24,749,N20,VIIRS,l,2,303.65,6.43,D,0,VIIRS_NOAA20_SP
29.81282,75.10346,342.92,0.47,0.4,2023-10-24,749,N20,VIIRS,n,2,300.9,10.28,D,0,VIIRS_NOAA20_SP
29.81376,75.10538,338.21,0.47,0.4,2023-10-24,749,N20,VIIRS,n,2,301.68,7.01,D,0,VIIRS_NOAA20_SP
29.81484,75.65125,331.87,0.45,0.39,2023-10-24,749,N20,VIIRS,n,2,300.92,4.4,D,0,VIIRS_NOAA20_SP
29.81559,75.75821,335.62,0.45,0.39,2023-10-24,749,N20,VIIRS,n,2,301.31,4.35,D,0,VIIRS_NOAA20_SP
29.81611,75.76009,330.92,0.45,0.39,2023-10-24,749,N20,VIIRS,n,2,299.18,4.2,D,0,VIIRS_NOAA20_SP
29.81878,75.26171,334.61,0.47,0.39,2023-10-24,749,N20,VIIRS,n,2,302.63,13.4,D,0,VIIRS_NOAA20_SP
29.82104,75.06335,330.76,0.48,0.4,2023-10-24,749,N20,VIIRS,n,2,300.38,4.35,D,0,VIIRS_NOAA20_SP
29.82712,75.71969,332.84,0.45,0.39,2023-10-24,749,N20,VIIRS,n,2,301.37,3.53,D,0,VIIRS_NOAA20_SP
29.82832,76.55002,330.07,0.42,0.38,2023-10-24,749,N20,VIIRS,n,2,300.19,1.62,D,0,VIIRS_NOAA20_SP
29.83006,75.69528,334.11,0.45,0.39,2023-10-24,749,N20,VIIRS,n,2,301.97,5.87,D,0,VIIRS_NOAA20_SP
29.83175,70.7749,331.4,0.53,0.5,2023-10-24,749,N20,VIIRS,n,2,296.44,2.15,D,0,VIIRS_NOAA20_SP
29.83263,70.77689,341.28,0.53,0.5,2023-10-24,749,N20,VIIRS,n,2,297.25,6.55,D,0,VIIRS_NOAA20_SP
29.83477,75.59877,331.23,0.45,0.39,2023-10-24,749,N20,VIIRS,n,2,299.56,2.54,D,0,VIIRS_NOAA20_SP
29.83732,76.1939,335.31,0.43,0.38,2023-10-24,749,N20,VIIRS,n,2,303.03,12.42,D,0,VIIRS_NOAA20_SP
29.83771,76.60551,331.93,0.42,0.37,2023-10-24,749,N20,VIIRS,n,2,300.69,1.9,D,0,VIIRS_NOAA20_SP
29.83778,75.17472,330.39,0.47,0.4,2023-10-24,749,N20,VIIRS,n,2,299.7,3.59,D,0,VIIRS_NOAA20_SP
29.8417,75.0735,334.02,0.47,0.4,2023-10-24,749,N20,VIIRS,n,2,300.44,3.38,D,0,VIIRS_NOAA20_SP
29.84273,76.14244,334.26,0.43,0.38,2023-10-24,749,N20,VIIRS,n,2,301.52,3.37,D,0,VIIRS_NOAA20_SP
29.84867,76.50645,335.86,0.42,0.38,2023-10-24,749,N20,VIIRS,n,2,305.04,2.78,D,0,VIIRS_NOAA20_SP
29.8508,75.83207,333.75,0.44,0.39,2023-10-24,749,N20,VIIRS,n,2,301.1,1.64,D,0,VIIRS_NOAA20_SP
29.87322,75.06091,336.06,0.47,0.4,2023-10-24,749,N20,VIIRS,n,2,299.34,3.44,D,0,VIIRS_NOAA20_SP
29.87804,74.98379,343.36,0.48,0.4,2023-10-24,749,N20,VIIRS,n,2,304.3,12.31,D,0,VIIRS_NOAA20_SP
29.89061,76.03675,334.62,0.43,0.38,2023-10-24,749,N20,VIIRS,l,2,304.94,8.24,D,0,VIIRS_NOAA20_SP
29.89408,76.03596,333.75,0.43,0.38,2023-10-24,749,N20,VIIRS,n,2,303.41,4.53,D,0,VIIRS_NOAA20_SP
29.90385,76.19402,341.76,0.43,0.38,2023-10-24,749,N20,VIIRS,n,2,303.39,6.22,D,0,VIIRS_NOAA20_SP
29.91366,76.389,334.16,0.42,0.38,2023-10-24,749,N20,VIIRS,n,2,303.5,3.41,D,0,VIIRS_NOAA20_SP
29.91598,76.01707,342.82,0.43,0.38,2023-10-24,749,N20,VIIRS,n,2,310.36,36.73,D,0,VIIRS_NOAA20_SP
29.91712,75.71288,331.6,0.45,0.39,2023-10-24,749,N20,VIIRS,n,2,300.72,7.38,D,0,VIIRS_NOAA20_SP
29.91732,75.71439,335.04,0.45,0.39,2023-10-24,749,N20,VIIRS,n,2,301.99,7.99,D,0,VIIRS_NOAA20_SP
29.91883,77.02786,332.46,0.41,0.37,2023-10-24,749,N20,VIIRS,n,2,302.14,4.68,D,0,VIIRS_NOAA20_SP
29.92082,75.71358,335.01,0.45,0.39,2023-10-24,749,N20,VIIRS,n,2,300.76,7.99,D,0,VIIRS_NOAA20_SP
29.92142,75.71661,331.85,0.45,0.39,2023-10-24,749,N20,VIIRS,n,2,299.08,7.38,D,0,VIIRS_NOAA20_SP
29.92686,76.40395,332.3,0.42,0.38,2023-10-24,749,N20,VIIRS,n,2,303.43,2.16,D,0,VIIRS_NOAA20_SP
29.93712,70.8187,341.34,0.53,0.5,2023-10-24,749,N20,VIIRS,n,2,299.51,4.4,D,0,VIIRS_NOAA20_SP
29.93713,70.81711,343.28,0.53,0.5,2023-10-24,749,N20,VIIRS,n,2,299.01,7.62,D,0,VIIRS_NOAA20_SP
29.96042,76.54044,337.42,0.42,0.38,2023-10-24,749,N20,VIIRS,n,2,303.5,3.47,D,0,VIIRS_NOAA20_SP
29.96091,76.68902,330.63,0.41,0.37,2023-10-24,749,N20,VIIRS,n,2,300.53,3.34,D,0,VIIRS_NOAA20_SP
29.96364,74.97601,333.41,0.48,0.4,2023-10-24,749,N20,VIIRS,n,2,299.12,4.77,D,0,VIIRS_NOAA20_SP
29.96674,76.95338,333.84,0.41,0.37,2023-10-24,749,N20,VIIRS,n,2,301.94,2.29,D,0,VIIRS_NOAA20_SP
29.96902,76.07391,332.85,0.43,0.38,2023-10-24,749,N20,VIIRS,n,2,303.94,4.67,D,0,VIIRS_NOAA20_SP
29.97862,76.06712,336.56,0.43,0.38,2023-10-24,749,N20,VIIRS,n,2,304.99,2.66,D,0,VIIRS_NOAA20_SP
29.9865,76.38297,334.38,0.42,0.38,2023-10-24,749,N20,VIIRS,n,2,300.32,3.97,D,0,VIIRS_NOAA20_SP
29.98773,76.12004,331.39,0.43,0.38,2023-10-24,749,N20,VIIRS,n,2,300.79,1.29,D,0,VIIRS_NOAA20_SP
29.98786,76.32874,334.41,0.42,0.38,2023-10-24,749,N20,VIIRS,n,2,303.82,2.94,D,0,VIIRS_NOAA20_SP
29.98957,76.12082,331.99,0.43,0.38,2023-10-24,749,N20,VIIRS,n,2,299.89,2.47,D,0,VIIRS_NOAA20_SP
29.99278,75.99605,333.94,0.43,0.38,2023-10-24,749,N20,VIIRS,n,2,299.94,3.7,D,0,VIIRS_NOAA20_SP
29.99665,75.7714,336.58,0.44,0.39,2023-10-24,749,N20,VIIRS,n,2,300.47,4.79,D,0,VIIRS_NOAA20_SP
29.997,74.973,333.88,0.48,0.4,2023-10-24,749,N20,VIIRS,n,2,299.12,8.24,D,0,VIIRS_NOAA20_SP
30.00014,75.77058,332.44,0.44,0.39,2023-10-24,749,N20,VIIRS,n,2,298.88,3.4,D,0,VIIRS_NOAA20_SP
30.00921,76.39125,336.03,0.42,0.38,2023-10-24,749,N20,VIIRS,n,2,303.63,3.25,D,0,VIIRS_NOAA20_SP
30.01349,76.29134,335.18,0.42,0.38,2023-10-24,749,N20,VIIRS,n,2,303.55,2.17,D,0,VIIRS_NOAA20_SP
30.01677,77.23373,334.69,0.4,0.37,2023-10-24,749,N20,VIIRS,n,2,302.5,2.6,D,0,VIIRS_NOAA20_SP
30.03496,77.42866,349.96,0.4,0.37,2023-10-24,749,N20,VIIRS,n,2,303.08,6.82,D,0,VIIRS_NOAA20_SP
30.03727,76.45195,334.24,0.42,0.38,2023-10-24,749,N20,VIIRS,n,2,301.95,5.21,D,0,VIIRS_NOAA20_SP
30.03937,76.07733,330.23,0.43,0.38,2023-10-24,749,N20,VIIRS,n,2,300.97,2.07,D,0,VIIRS_NOAA20_SP
30.04394,75.9796,334.87,0.43,0.38,2023-10-24,749,N20,VIIRS,n,2,300.27,2.91,D,0,VIIRS_NOAA20_SP
30.05917,76.8735,332.01,0.41,0.37,2023-10-24,749,N20,VIIRS,n,2,303.59,2.37,D,0,VIIRS_NOAA20_SP
30.06609,76.43752,336.14,0.42,0.38,2023-10-24,749,N20,VIIRS,n,2,305.23,8.64,D,0,VIIRS_NOAA20_SP
30.07099,75.79829,336.93,0.44,0.38,2023-10-24,749,N20,VIIRS,n,2,307.87,14.64,D,0,VIIRS_NOAA20_SP
30.07448,75.79748,336.33,0.44,0.38,2023-10-24,749,N20,VIIRS,n,2,301.81,14.64,D,0,VIIRS_NOAA20_SP
30.07927,77.11881,333.31,0.4,0.37,2023-10-24,749,N20,VIIRS,n,2,302.34,2.37,D,0,VIIRS_NOAA20_SP
30.08125,76.34005,344.78,0.42,0.38,2023-10-24,749,N20,VIIRS,n,2,303.89,9.46,D,0,VIIRS_NOAA20_SP
30.09125,75.28112,333.19,0.46,0.39,2023-10-24,749,N20,VIIRS,n,2,300.72,3.66,D,0,VIIRS_NOAA20_SP
30.09207,75.67078,339.13,0.45,0.39,2023-10-24,749,N20,VIIRS,n,2,300.28,6.19,D,0,VIIRS_NOAA20_SP
30.10274,76.05989,340.51,0.43,0.38,2023-10-24,749,N20,VIIRS,n,2,306.54,9.26,D,0,VIIRS_NOAA20_SP
30.10398,76.72057,330.02,0.41,0.37,2023-10-24,749,N20,VIIRS,l,2,301.07,1.83,D,0,VIIRS_NOAA20_SP
30.1119,76.03022,331.57,0.43,0.38,2023-10-24,749,N20,VIIRS,n,2,300.69,8.73,D,0,VIIRS_NOAA20_SP
30.11789,76.76117,333.07,0.41,0.37,2023-10-24,749,N20,VIIRS,n,2,302.62,2.26,D,0,VIIRS_NOAA20_SP
30.11926,76.09274,335.68,0.43,0.38,2023-10-24,749,N20,VIIRS,n,2,301.32,8.06,D,0,VIIRS_NOAA20_SP
30.12506,75.87914,336.24,0.44,0.38,2023-10-24,749,N20,VIIRS,n,2,300.93,3.32,D,0,VIIRS_NOAA20_SP
30.13227,76.30593,333.66,0.42,0.38,2023-10-24,749,N20,VIIRS,n,2,302.33,2.45,D,0,VIIRS_NOAA20_SP
30.13342,74.38784,334.43,0.5,0.41,2023-10-24,749,N20,VIIRS,n,2,300.18,7.54,D,0,VIIRS_NOAA20_SP
30.13561,75.77382,338.01,0.44,0.38,2023-10-24,749,N20,VIIRS,n,2,301.55,2.6,D,0,VIIRS_NOAA20_SP
30.14162,77.13933,331.12,0.4,0.37,2023-10-24,749,N20,VIIRS,n,2,302.23,1.65,D,0,VIIRS_NOAA20_SP
30.15016,76.39314,334.69,0.42,0.38,2023-10-24,749,N20,VIIRS,n,2,300.98,3.4,D,0,VIIRS_NOAA20_SP
30.15395,76.47552,332.6,0.42,0.38,2023-10-24,749,N20,VIIRS,n,2,299.02,2.68,D,0,VIIRS_NOAA20_SP
30.15624,76.38729,332.17,0.42,0.38,2023-10-24,749,N20,VIIRS,l,2,302.17,4.61,D,0,VIIRS_NOAA20_SP
30.15735,75.68935,340.75,0.44,0.39,2023-10-24,749,N20,VIIRS,n,2,301.92,7.96,D,0,VIIRS_NOAA20_SP
30.16465,77.1221,331.69,0.4,0.37,2023-10-24,749,N20,VIIRS,n,2,300.19,3.41,D,0,VIIRS_NOAA20_SP
30.16928,76.33953,331.2,0.42,0.38,2023-10-24,749,N20,VIIRS,n,2,299.54,2.41,D,0,VIIRS_NOAA20_SP
30.17143,76.24899,333.95,0.42,0.38,2023-10-24,749,N20,VIIRS,n,2,302.56,2.57,D,0,VIIRS_NOAA20_SP
30.17388,76.32501,345.31,0.42,0.38,2023-10-24,749,N20,VIIRS,n,2,300.53,3.79,D,0,VIIRS_NOAA20_SP
30.178,72.88998,340.72,0.4,0.44,2023-10-24,749,N20,VIIRS,n,2,297.05,6.49,D,0,VIIRS_NOAA20_SP
30.17985,75.9453,331.81,0.43,0.38,2023-10-24,749,N20,VIIRS,n,2,300.6,3.4,D,0,VIIRS_NOAA20_SP
30.18114,75.94558,339.25,0.43,0.38,2023-10-24,749,N20,VIIRS,n,2,302.73,5.67,D,0,VIIRS_NOAA20_SP
30.18131,76.36817,330.64,0.42,0.38,2023-10-24,749,N20,VIIRS,n,2,298.98,1.96,D,0,VIIRS_NOAA20_SP
30.18859,76.34859,335.0,0.42,0.38,2023-10-24,749,N20,VIIRS,l,2,305.55,24.91,D,0,VIIRS_NOAA20_SP
30.18941,74.64441,332.39,0.49,0.4,2023-10-24,749,N20,VIIRS,n,2,299.89,3.09,D,0,VIIRS_NOAA20_SP
30.18943,77.12521,333.01,0.4,0.37,2023-10-24,749,N20,VIIRS,n,2,302.78,3.43,D,0,VIIRS_NOAA20_SP
30.1899,76.71011,333.79,0.41,0.37,2023-10-24,749,N20,VIIRS,n,2,302.55,2.7,D,0,VIIRS_NOAA20_SP
30.19709,76.54263,338.97,0.42,0.37,2023-10-24,749,N20,VIIRS,n,2,302.25,3.75,D,0,VIIRS_NOAA20_SP
30.20089,76.7339,332.91,0.41,0.37,2023-10-24,749,N20,VIIRS,n,2,301.87,3.51,D,0,VIIRS_NOAA20_SP
30.20119,76.48408,330.46,0.42,0.37,2023-10-24,749,N20,VIIRS,n,2,301.86,2.0,D,0,VIIRS_NOAA20_SP
30.20281,77.12228,333.72,0.4,0.37,2023-10-24,749,N20,VIIRS,n,2,302.88,1.86,D,0,VIIRS_NOAA20_SP
30.20323,73.59052,333.11,0.55,0.43,2023-10-24,749,N20,VIIRS,n,2,296.64,4.7,D,0,VIIRS_NOAA20_SP
30.20463,74.56193,341.31,0.49,0.41,2023-10-24,749,N20,VIIRS,n,2,300.21,5.28,D,0,VIIRS_NOAA20_SP
30.20793,75.89304,333.47,0.44,0.38,2023-10-24,749,N20,VIIRS,n,2,302.22,4.09,D,0,VIIRS_NOAA20_SP
30.20994,76.53531,332.72,0.42,0.37,2023-10-24,749,N20,VIIRS,n,2,303.13,2.56,D,0,VIIRS_NOAA20_SP
30.21043,76.51748,336.9,0.42,0.37,2023-10-24,749,N20,VIIRS,n,2,302.21,3.56,D,0,VIIRS_NOAA20_SP
30.21067,76.53957,332.66,0.42,0.37,2023-10-24,749,N20,VIIRS,n,2,301.69,2.56,D,0,VIIRS_NOAA20_SP
30.22407,76.12843,333.59,0.43,0.38,2023-10-24,749,N20,VIIRS,n,2,300.72,3.98,D,0,VIIRS_NOAA20_SP
30.22681,76.28143,333.71,0.42,0.38,2023-10-24,749,N20,VIIRS,n,2,299.95,3.65,D,0,VIIRS_NOAA20_SP
30.2275,76.20937,336.65,0.43,0.38,2023-10-24,749,N20,VIIRS,n,2,301.76,3.9,D,0,VIIRS_NOAA20_SP
30.22996,76.25817,341.95,0.42,0.38,2023-10-24,749,N20,VIIRS,n,2,304.32,10.49,D,0,VIIRS_NOAA20_SP
30.23176,76.53923,332.13,0.42,0.37,2023-10-24,749,N20,VIIRS,n,2,301.5,2.82,D,0,VIIRS_NOAA20_SP
30.23355,75.81253,335.63,0.44,0.38,2023-10-24,749,N20,VIIRS,n,2,300.5,4.98,D,0,VIIRS_NOAA20_SP
30.23703,76.03858,333.77,0.43,0.38,2023-10-24,749,N20,VIIRS,n,2,303.02,5.18,D,0,VIIRS_NOAA20_SP
30.24085,77.07971,330.32,0.4,0.37,2023-10-24,749,N20,VIIRS,l,2,303.49,1.54,D,0,VIIRS_NOAA20_SP
30.24229,70.63626,338.24,0.53,0.5,2023-10-24,749,N20,VIIRS,n,2,297.88,2.86,D,0,VIIRS_NOAA20_SP
30.24309,76.58527,332.73,0.41,0.37,2023-10-24,749,N20,VIIRS,n,2,303.36,2.46,D,0,VIIRS_NOAA20_SP
30.24311,70.63824,339.69,0.53,0.5,2023-10-24,749,N20,VIIRS,n,2,297.56,5.69,D,0,VIIRS_NOAA20_SP
30.24681,70.63497,331.86,0.53,0.5,2023-10-24,749,N20,VIIRS,n,2,296.87,2.86,D,0,VIIRS_NOAA20_SP
30.24731,76.20029,331.71,0.43,0.38,2023-10-24,749,N20,VIIRS,n,2,301.49,2.97,D,0,VIIRS_NOAA20_SP
30.24923,76.1908,338.59,0.43,0.38,2023-10-24,749,N20,VIIRS,n,2,303.17,3.52,D,0,VIIRS_NOAA20_SP
30.24996,76.52184,332.33,0.42,0.37,2023-10-24,749,N20,VIIRS,n,2,301.85,1.7,D,0,VIIRS_NOAA20_SP
30.25072,75.91091,334.78,0.44,0.38,2023-10-24,749,N20,VIIRS,n,2,301.13,4.7,D,0,VIIRS_NOAA20_SP
30.25457,76.73628,331.96,0.41,0.37,2023-10-24,749,N20,VIIRS,n,2,302.19,3.07,D,0,VIIRS_NOAA20_SP
30.25857,77.27182,330.37,0.4,0.37,2023-10-24,749,N20,VIIRS,l,2,303.42,2.36,D,0,VIIRS_NOAA20_SP
30.26109,76.15632,337.34,0.43,0.38,2023-10-24,749,N20,VIIRS,n,2,304.92,5.37,D,0,VIIRS_NOAA20_SP
30.26346,76.0049,334.54,0.43,0.38,2023-10-24,749,N20,VIIRS,n,2,305.0,10.66,D,0,VIIRS_NOAA20_SP
30.2645,75.73688,334.34,0.44,0.38,2023-10-24,749,N20,VIIRS,n,2,301.91,7.54,D,0,VIIRS_NOAA20_SP
30.26533,76.82101,332.75,0.41,0.37,2023-10-24,749,N20,VIIRS,n,2,302.3,1.78,D,0,VIIRS_NOAA20_SP
30.27571,75.79987,330.74,0.44,0.38,2023-10-24,749,N20,VIIRS,n,2,299.73,4.39,D,0,VIIRS_NOAA20_SP
30.27666,76.90946,340.32,0.41,0.37,2023-10-24,749,N20,VIIRS,n,2,305.23,5.68,D,0,VIIRS_NOAA20_SP
30.28791,77.16442,335.44,0.4,0.37,2023-10-24,749,N20,VIIRS,n,2,304.43,3.08,D,0,VIIRS_NOAA20_SP
30.29295,76.71458,330.59,0.41,0.37,2023-10-24,749,N20,VIIRS,n,2,301.33,1.8,D,0,VIIRS_NOAA20_SP
30.29662,76.75743,342.7,0.41,0.37,2023-10-24,749,N20,VIIRS,n,2,305.51,6.82,D,0,VIIRS_NOAA20_SP
30.29841,76.53765,345.27,0.42,0.37,2023-10-24,749,N20,VIIRS,n,2,302.01,4.35,D,0,VIIRS_NOAA20_SP
30.2996,76.152,333.48,0.43,0.38,2023-10-24,749,N20,VIIRS,n,2,301.92,3.39,D,0,VIIRS_NOAA20_SP
30.30093,74.92082,331.77,0.47,0.4,2023-10-24,749,N20,VIIRS,n,2,299.06,5.29,D,0,VIIRS_NOAA20_SP
30.30156,76.57668,334.45,0.41,0.37,2023-10-24,749,N20,VIIRS,n,2,301.18,3.15,D,0,VIIRS_NOAA20_SP
30.30238,76.10583,332.62,0.43,0.38,2023-10-24,749,N20,VIIRS,n,2,300.14,2.14,D,0,VIIRS_NOAA20_SP
30.30787,77.13873,338.45,0.4,0.37,2023-10-24,749,N20,VIIRS,n,2,303.63,3.86,D,0,VIIRS_NOAA20_SP
30.31778,76.44458,341.36,0.42,0.37,2023-10-24,749,N20,VIIRS,n,2,305.27,3.83,D,0,VIIRS_NOAA20_SP
30.32019,76.74789,337.7,0.41,0.37,2023-10-24,749,N20,VIIRS,n,2,300.57,2.76,D,0,VIIRS_NOAA20_SP
30.32355,77.02399,333.48,0.4,0.37,2023-10-24,749,N20,VIIRS,n,2,305.14,2.11,D,0,VIIRS_NOAA20_SP
30.32424,77.02814,333.68,0.4,0.37,2023-10-24,749,N20,VIIRS,n,2,303.51,2.11,D,0,VIIRS_NOAA20_SP
30.32498,76.19606,339.87,0.42,0.38,2023-10-24,749,N20,VIIRS,n,2,308.53,25.05,D,0,VIIRS_NOAA20_SP
30.33136,73.06518,332.12,0.39,0.44,2023-10-24,749,N20,VIIRS,n,2,294.98,2.69,D,0,VIIRS_NOAA20_SP
30.33154,76.73227,341.81,0.41,0.37,2023-10-24,749,N20,VIIRS,n,2,302.28,2.57,D,0,VIIRS_NOAA20_SP
30.33719,76.68291,333.93,0.41,0.37,2023-10-24,749,N20,VIIRS,n,2,302.23,2.6,D,0,VIIRS_NOAA20_SP
30.34447,76.66374,334.57,0.41,0.37,2023-10-24,749,N20,VIIRS,n,2,302.39,4.59,D,0,VIIRS_NOAA20_SP
30.34535,77.15611,335.3,0.4,0.37,2023-10-24,749,N20,VIIRS,n,2,302.05,3.16,D,0,VIIRS_NOAA20_SP
30.34785,76.66299,334.73,0.41,0.37,2023-10-24,749,N20,VIIRS,n,2,302.96,4.59,D,0,VIIRS_NOAA20_SP
30.35367,76.0591,344.62,0.43,0.38,2023-10-24,749,N20,VIIRS,n,2,304.34,8.7,D,0,VIIRS_NOAA20_SP
30.35584,76.64803,342.54,0.41,0.37,2023-10-24,749,N20,VIIRS,n,2,307.19,4.29,D,0,VIIRS_NOAA20_SP
30.35888,76.6868,332.84,0.41,0.37,2023-10-24,749,N20,VIIRS,n,2,301.34,3.61,D,0,VIIRS_NOAA20_SP
30.36294,76.60688,343.3,0.41,0.37,2023-10-24,749,N20,VIIRS,n,2,305.42,4.58,D,0,VIIRS_NOAA20_SP
30.36929,76.91485,333.78,0.41,0.37,2023-10-24,749,N20,VIIRS,n,2,302.76,5.35,D,0,VIIRS_NOAA20_SP
30.38055,76.69068,344.29,0.41,0.37,2023-10-24,749,N20,VIIRS,n,2,301.37,4.46,D,0,VIIRS_NOAA20_SP
30.39018,76.62273,333.4,0.41,0.37,2023-10-24,749,N20,VIIRS,n,2,303.79,2.56,D,0,VIIRS_NOAA20_SP
30.39081,76.91871,335.87,0.4,0.37,2023-10-24,749,N20,VIIRS,n,2,304.15,2.08,D,0,VIIRS_NOAA20_SP
30.39481,76.60851,339.23,0.41,0.37,2023-10-24,749,N20,VIIRS,n,2,301.73,3.46,D,0,VIIRS_NOAA20_SP
30.39995,76.66004,336.83,0.41,0.37,2023-10-24,749,N20,VIIRS,n,2,302.43,4.21,D,0,VIIRS_NOAA20_SP
30.40174,76.62891,330.6,0.41,0.37,2023-10-24,749,N20,VIIRS,n,2,303.3,1.49,D,0,VIIRS_NOAA20_SP
30.40461,73.33138,340.18,0.56,0.43,2023-10-24,749,N20,VIIRS,n,2,299.53,7.77,D,0,VIIRS_NOAA20_SP
30.4093,71.72736,332.34,0.46,0.47,2023-10-24,749,N20,VIIRS,n,2,288.63,3.25,D,0,VIIRS_NOAA20_SP
30.40971,77.09497,338.83,0.4,0.37,2023-10-24,749,N20,VIIRS,n,2,302.03,2.84,D,0,VIIRS_NOAA20_SP
30.41245,76.81866,338.36,0.41,0.37,2023-10-24,749,N20,VIIRS,n,2,303.56,2.98,D,0,VIIRS_NOAA20_SP
30.41477,76.08153,331.97,0.43,0.38,2023-10-24,749,N20,VIIRS,n,2,299.58,3.59,D,0,VIIRS_NOAA20_SP
30.4248,76.4927,331.74,0.42,0.37,2023-10-24,749,N20,VIIRS,n,2,304.02,2.51,D,0,VIIRS_NOAA20_SP
30.4322,76.04681,332.71,0.43,0.38,2023-10-24,749,N20,VIIRS,n,2,301.51,2.68,D,0,VIIRS_NOAA20_SP
30.43576,77.08495,335.08,0.4,0.37,2023-10-24,749,N20,VIIRS,n,2,301.83,3.35,D,0,VIIRS_NOAA20_SP
30.43754,76.60896,332.06,0.41,0.37,2023-10-24,749,N20,VIIRS,n,2,304.24,4.79,D,0,VIIRS_NOAA20_SP
30.43826,76.6132,336.44,0.41,0.37,2023-10-24,749,N20,VIIRS,n,2,299.87,4.79,D,0,VIIRS_NOAA20_SP
30.44232,73.35766,334.49,0.56,0.43,2023-10-24,749,N20,VIIRS,n,2,297.44,5.44,D,0,VIIRS_NOAA20_SP
30.44291,76.06718,333.94,0.43,0.38,2023-10-24,749,N20,VIIRS,n,2,301.82,7.02,D,0,VIIRS_NOAA20_SP
30.44971,76.53571,332.79,0.41,0.37,2023-10-24,749,N20,VIIRS,n,2,301.78,2.99,D,0,VIIRS_NOAA20_SP
30.45576,75.89414,330.88,0.43,0.38,2023-10-24,749,N20,VIIRS,n,2,300.31,4.06,D,0,VIIRS_NOAA20_SP
30.45653,75.89858,331.69,0.43,0.38,2023-10-24,749,N20,VIIRS,n,2,300.18,4.06,D,0,VIIRS_NOAA20_SP
30.47486,76.53886,333.38,0.41,0.37,2023-10-24,749,N20,VIIRS,n,2,301.81,2.55,D,0,VIIRS_NOAA20_SP
30.48766,73.67594,331.58,0.54,0.42,2023-10-24,749,N20,VIIRS,n,2,298.8,2.34,D,0,VIIRS_NOAA20_SP
30.48785,76.7203,332.69,0.41,0.37,2023-10-24,749,N20,VIIRS,n,2,302.73,3.01,D,0,VIIRS_NOAA20_SP
30.491,73.3975,343.96,0.56,0.43,2023-10-24,749,N20,VIIRS,n,2,300.76,14.43,D,0,VIIRS_NOAA20_SP
30.4916,76.51296,337.85,0.41,0.37,2023-10-24,749,N20,VIIRS,n,2,304.25,8.16,D,0,VIIRS_NOAA20_SP
30.49624,75.274,341.13,0.46,0.39,2023-10-24,749,N20,VIIRS,n,2,302.0,8.59,D,0,VIIRS_NOAA20_SP
30.4982,76.65675,335.62,0.41,0.37,2023-10-24,749,N20,VIIRS,n,2,302.01,3.8,D,0,VIIRS_NOAA20_SP
30.49891,75.27524,335.04,0.46,0.39,2023-10-24,749,N20,VIIRS,n,2,301.8,19.98,D,0,VIIRS_NOAA20_SP
30.49978,75.27315,330.13,0.46,0.39,2023-10-24,749,N20,VIIRS,n,2,298.11,8.59,D,0,VIIRS_NOAA20_SP
30.49992,76.70885,334.67,0.41,0.37,2023-10-24,749,N20,VIIRS,n,2,305.12,2.95,D,0,VIIRS_NOAA20_SP
30.50634,73.35162,342.59,0.56,0.43,2023-10-24,749,N20,VIIRS,n,2,299.4,12.63,D,0,VIIRS_NOAA20_SP
30.51147,76.50503,342.96,0.41,0.37,2023-10-24,749,N20,VIIRS,n,2,301.96,4.08,D,0,VIIRS_NOAA20_SP
30.5232,77.47285,341.49,0.39,0.36,2023-10-24,749,N20,VIIRS,n,2,299.03,4.04,D,0,VIIRS_NOAA20_SP
30.52478,76.69016,341.98,0.41,0.37,2023-10-24,749,N20,VIIRS,n,2,305.7,7.95,D,0,VIIRS_NOAA20_SP
30.52488,76.68665,332.16,0.41,0.37,2023-10-24,749,N20,VIIRS,n,2,305.24,3.77,D,0,VIIRS_NOAA20_SP
30.52559,76.69086,332.59,0.41,0.37,2023-10-24,749,N20,VIIRS,n,2,302.45,3.77,D,0,VIIRS_NOAA20_SP
30.52599,76.46632,335.02,0.42,0.37,2023-10-24,749,N20,VIIRS,n,2,301.76,4.84,D,0,VIIRS_NOAA20_SP
30.52769,76.49694,334.97,0.41,0.37,2023-10-24,749,N20,VIIRS,n,2,303.12,3.75,D,0,VIIRS_NOAA20_SP
30.53179,76.73225,334.39,0.41,0.37,2023-10-24,749,N20,VIIRS,n,2,304.54,3.47,D,0,VIIRS_NOAA20_SP
30.53272,76.7329,330.88,0.41,0.37,2023-10-24,749,N20,VIIRS,n,2,302.27,1.88,D,0,VIIRS_NOAA20_SP
30.54095,73.85095,334.71,0.53,0.42,2023-10-24,749,N20,VIIRS,n,2,300.01,6.91,D,0,VIIRS_NOAA20_SP
30.54108,73.59091,346.85,0.54,0.42,2023-10-24,749,N20,VIIRS,n,2,301.07,8.94,D,0,VIIRS_NOAA20_SP
30.54573,73.85539,330.92,0.53,0.42,2023-10-24,749,N20,VIIRS,n,2,298.31,6.91,D,0,VIIRS_NOAA20_SP
30.54797,76.55417,331.46,0.41,0.37,2023-10-24,749,N20,VIIRS,n,2,304.44,2.1,D,0,VIIRS_NOAA20_SP
30.55027,76.73332,336.16,0.41,0.37,2023-10-24,749,N20,VIIRS,n,2,301.33,3.96,D,0,VIIRS_NOAA20_SP
30.55206,74.61997,334.08,0.49,0.4,2023-10-24,749,N20,VIIRS,n,2,299.49,3.93,D,0,VIIRS_NOAA20_SP
30.55412,76.63191,333.51,0.41,0.37,2023-10-24,749,N20,VIIRS,n,2,302.86,1.87,D,0,VIIRS_NOAA20_SP
30.55616,74.4352,334.65,0.49,0.41,2023-10-24,749,N20,VIIRS,n,2,301.05,4.26,D,0,VIIRS_NOAA20_SP
30.56053,73.79313,331.74,0.53,0.42,2023-10-24,749,N20,VIIRS,n,2,298.18,4.15,D,0,VIIRS_NOAA20_SP
30.56129,76.52909,332.75,0.41,0.37,2023-10-24,749,N20,VIIRS,n,2,301.95,1.8,D,0,VIIRS_NOAA20_SP
30.56249,76.74366,332.84,0.41,0.37,2023-10-24,749,N20,VIIRS,n,2,302.78,4.5,D,0,VIIRS_NOAA20_SP
30.56561,75.21519,337.33,0.46,0.39,2023-10-24,749,N20,VIIRS,n,2,298.73,3.96,D,0,VIIRS_NOAA20_SP
30.56835,76.48771,342.26,0.41,0.37,2023-10-24,749,N20,VIIRS,n,2,304.38,7.68,D,0,VIIRS_NOAA20_SP
30.56886,76.46989,338.55,0.41,0.37,2023-10-24,749,N20,VIIRS,n,2,301.64,6.0,D,0,VIIRS_NOAA20_SP
30.56917,76.36754,332.75,0.42,0.37,2023-10-24,749,N20,VIIRS,n,2,301.64,5.79,D,0,VIIRS_NOAA20_SP
30.5708,76.77225,340.91,0.41,0.37,2023-10-24,749,N20,VIIRS,n,2,304.06,4.97,D,0,VIIRS_NOAA20_SP
30.57174,76.48695,347.09,0.41,0.37,2023-10-24,749,N20,VIIRS,n,2,305.98,7.68,D,0,VIIRS_NOAA20_SP
30.57181,76.42483,341.83,0.42,0.37,2023-10-24,749,N20,VIIRS,n,2,300.74,4.43,D,0,VIIRS_NOAA20_SP
30.57555,76.53027,332.33,0.41,0.37,2023-10-24,749,N20,VIIRS,n,2,301.95,2.88,D,0,VIIRS_NOAA20_SP
30.57837,76.40109,344.76,0.42,0.37,2023-10-24,749,N20,VIIRS,n,2,300.19,4.73,D,0,VIIRS_NOAA20_SP
30.58004,76.57774,337.04,0.41,0.37,2023-10-24,749,N20,VIIRS,n,2,303.11,4.3,D,0,VIIRS_NOAA20_SP
30.58414,76.58122,344.86,0.41,0.37,2023-10-24,749,N20,VIIRS,n,2,303.07,5.89,D,0,VIIRS_NOAA20_SP
30.58495,76.77344,334.26,0.41,0.37,2023-10-24,749,N20,VIIRS,n,2,301.38,3.77,D,0,VIIRS_NOAA20_SP
30.5877,75.21478,339.57,0.46,0.39,2023-10-24,749,N20,VIIRS,n,2,301.46,12.66,D,0,VIIRS_NOAA20_SP
30.59075,76.39082,342.92,0.42,0.37,2023-10-24,749,N20,VIIRS,n,2,301.44,7.48,D,0,VIIRS_NOAA20_SP
30.59409,73.92563,339.17,0.52,0.42,2023-10-24,749,N20,VIIRS,n,2,299.09,9.82,D,0,VIIRS_NOAA20_SP
30.59784,73.92467,345.22,0.52,0.42,2023-10-24,749,N20,VIIRS,n,2,301.66,9.82,D,0,VIIRS_NOAA20_SP
30.59812,76.83126,337.82,0.41,0.37,2023-10-24,749,N20,VIIRS,n,2,304.86,3.23,D,0,VIIRS_NOAA20_SP
30.60116,73.83945,350.7,0.53,0.42,2023-10-24,749,N20,VIIRS,n,2,301.47,9.93,D,0,VIIRS_NOAA20_SP
30.60515,75.31299,331.0,0.45,0.39,2023-10-24,749,N20,VIIRS,n,2,299.17,2.62,D,0,VIIRS_NOAA20_SP
30.60703,75.30283,332.95,0.45,0.39,2023-10-24,749,N20,VIIRS,n,2,303.2,14.7,D,0,VIIRS_NOAA20_SP
30.61318,76.50106,338.21,0.41,0.37,2023-10-24,749,N20,VIIRS,n,2,302.83,4.51,D,0,VIIRS_NOAA20_SP
30.61711,74.38021,330.78,0.5,0.41,2023-10-24,749,N20,VIIRS,n,2,298.31,7.12,D,0,VIIRS_NOAA20_SP
30.61924,72.27264,340.79,0.42,0.45,2023-10-24,749,N20,VIIRS,n,2,297.05,8.55,D,0,VIIRS_NOAA20_SP
30.6217,73.94654,332.17,0.52,0.42,2023-10-24,749,N20,VIIRS,n,2,300.51,3.81,D,0,VIIRS_NOAA20_SP
30.62272,73.95187,331.5,0.52,0.42,2023-10-24,749,N20,VIIRS,n,2,298.07,3.81,D,0,VIIRS_NOAA20_SP
30.62334,76.49876,337.01,0.41,0.37,2023-10-24,749,N20,VIIRS,n,2,302.12,2.05,D,0,VIIRS_NOAA20_SP
30.62382,76.48096,335.03,0.41,0.37,2023-10-24,749,N20,VIIRS,n,2,303.02,3.94,D,0,VIIRS_NOAA20_SP
30.62954,76.63817,345.47,0.41,0.37,2023-10-24,749,N20,VIIRS,n,2,306.75,7.56,D,0,VIIRS_NOAA20_SP
30.6337,76.58018,336.07,0.41,0.37,2023-10-24,749,N20,VIIRS,n,2,301.41,3.02,D,0,VIIRS_NOAA20_SP
30.63519,76.46509,334.04,0.41,0.37,2023-10-24,749,N20,VIIRS,n,2,301.5,3.51,D,0,VIIRS_NOAA20_SP
30.63745,73.86401,334.75,0.52,0.42,2023-10-24,749,N20,VIIRS,n,2,300.09,4.22,D,0,VIIRS_NOAA20_SP
30.63858,76.46432,332.47,0.41,0.37,2023-10-24,749,N20,VIIRS,n,2,301.68,2.68,D,0,VIIRS_NOAA20_SP
30.64577,76.71321,330.5,0.41,0.37,2023-10-24,749,N20,VIIRS,l,2,302.95,2.84,D,0,VIIRS_NOAA20_SP
30.65104,75.98531,335.22,0.43,0.38,2023-10-24,749,N20,VIIRS,n,2,302.46,10.27,D,0,VIIRS_NOAA20_SP
30.6526,76.50538,332.1,0.41,0.37,2023-10-24,749,N20,VIIRS,n,2,301.13,3.92,D,0,VIIRS_NOAA20_SP
30.65432,76.41192,334.12,0.42,0.37,2023-10-24,749,N20,VIIRS,n,2,302.05,4.12,D,0,VIIRS_NOAA20_SP
30.65697,76.46899,339.63,0.41,0.37,2023-10-24,749,N20,VIIRS,n,2,301.31,3.83,D,0,VIIRS_NOAA20_SP
30.65893,72.78155,333.64,0.4,0.44,2023-10-24,749,N20,VIIRS,n,2,296.6,2.0,D,0,VIIRS_NOAA20_SP
30.66436,73.90208,333.38,0.52,0.42,2023-10-24,749,N20,VIIRS,n,2,300.02,2.94,D,0,VIIRS_NOAA20_SP
30.66584,76.54209,343.92,0.41,0.37,2023-10-24,749,N20,VIIRS,n,2,304.99,11.51,D,0,VIIRS_NOAA20_SP
30.66963,75.49137,331.09,0.45,0.39,2023-10-24,749,N20,VIIRS,n,2,299.28,3.25,D,0,VIIRS_NOAA20_SP
30.67158,73.88107,331.59,0.52,0.42,2023-10-24,749,N20,VIIRS,l,2,303.3,12.45,D,0,VIIRS_NOAA20_SP
30.67188,76.53632,334.76,0.41,0.37,2023-10-24,749,N20,VIIRS,n,2,300.78,2.47,D,0,VIIRS_NOAA20_SP
30.67218,76.49651,333.78,0.41,0.37,2023-10-24,749,N20,VIIRS,n,2,301.69,2.48,D,0,VIIRS_NOAA20_SP
30.6726,73.88314,337.16,0.52,0.42,2023-10-24,749,N20,VIIRS,n,2,302.63,12.07,D,0,VIIRS_NOAA20_SP
30.67563,76.43371,337.2,0.41,0.37,2023-10-24,749,N20,VIIRS,n,2,303.73,4.03,D,0,VIIRS_NOAA20_SP
30.67598,76.53979,335.03,0.41,0.37,2023-10-24,749,N20,VIIRS,n,2,303.61,4.49,D,0,VIIRS_NOAA20_SP
30.68328,76.77012,333.57,0.41,0.37,2023-10-24,749,N20,VIIRS,n,2,303.83,3.55,D,0,VIIRS_NOAA20_SP
30.68674,74.24816,331.92,0.5,0.41,2023-10-24,749,N20,VIIRS,n,2,299.19,2.66,D,0,VIIRS_NOAA20_SP
30.69128,73.61384,343.76,0.54,0.42,2023-10-24,749,N20,VIIRS,n,2,301.6,7.36,D,0,VIIRS_NOAA20_SP
30.69412,75.48554,338.21,0.45,0.39,2023-10-24,749,N20,VIIRS,n,2,304.74,11.38,D,0,VIIRS_NOAA20_SP
30.69969,73.55357,340.55,0.54,0.42,2023-10-24,749,N20,VIIRS,n,2,301.67,12.14,D,0,VIIRS_NOAA20_SP
30.7035,73.55258,334.78,0.54,0.42,2023-10-24,749,N20,VIIRS,n,2,300.41,11.18,D,0,VIIRS_NOAA20_SP
30.70711,75.35287,330.72,0.45,0.39,2023-10-24,749,N20,VIIRS,n,2,297.45,3.9,D,0,VIIRS_NOAA20_SP
30.70839,73.66135,331.61,0.54,0.42,2023-10-24,749,N20,VIIRS,n,2,300.83,2.4,D,0,VIIRS_NOAA20_SP
30.71018,73.99944,335.23,0.52,0.41,2023-10-24,749,N20,VIIRS,n,2,299.98,7.13,D,0,VIIRS_NOAA20_SP
30.71511,76.60572,332.9,0.41,0.37,2023-10-24,749,N20,VIIRS,n,2,301.81,1.86,D,0,VIIRS_NOAA20_SP
30.72001,73.61796,334.88,0.54,0.42,2023-10-24,749,N20,VIIRS,n,2,301.23,5.75,D,0,VIIRS_NOAA20_SP
30.72382,73.61697,332.56,0.54,0.42,2023-10-24,749,N20,VIIRS,n,2,301.61,3.65,D,0,VIIRS_NOAA20_SP
30.73284,75.39487,342.54,0.45,0.39,2023-10-24,749,N20,VIIRS,n,2,302.31,8.37,D,0,VIIRS_NOAA20_SP
30.73288,76.31478,345.2,0.42,0.37,2023-10-24,749,N20,VIIRS,n,2,304.48,10.11,D,0,VIIRS_NOAA20_SP
30.73846,74.08588,331.27,0.51,0.41,2023-10-24,749,N20,VIIRS,n,2,297.35,2.27,D,0,VIIRS_NOAA20_SP
30.73905,76.43356,330.94,0.41,0.37,2023-10-24,749,N20,VIIRS,n,2,299.49,2.2,D,0,VIIRS_NOAA20_SP
30.74019,73.86915,332.12,0.52,0.42,2023-10-24,749,N20,VIIRS,n,2,299.11,4.97,D,0,VIIRS_NOAA20_SP
30.74082,75.38029,333.89,0.45,0.39,2023-10-24,749,N20,VIIRS,n,2,301.61,3.83,D,0,VIIRS_NOAA20_SP
30.74118,75.71056,332.21,0.44,0.38,2023-10-24,749,N20,VIIRS,n,2,303.59,2.08,D,0,VIIRS_NOAA20_SP
30.74226,75.53119,337.89,0.44,0.39,2023-10-24,749,N20,VIIRS,n,2,301.67,11.73,D,0,VIIRS_NOAA20_SP
30.74668,75.20922,339.06,0.46,0.39,2023-10-24,749,N20,VIIRS,n,2,300.44,4.52,D,0,VIIRS_NOAA20_SP
30.74741,73.72005,334.61,0.53,0.42,2023-10-24,749,N20,VIIRS,n,2,300.0,3.95,D,0,VIIRS_NOAA20_SP
30.74954,73.7168,331.23,0.53,0.42,2023-10-24,749,N20,VIIRS,n,2,299.63,2.92,D,0,VIIRS_NOAA20_SP
30.75004,73.90025,332.28,0.52,0.42,2023-10-24,749,N20,VIIRS,n,2,300.45,9.35,D,0,VIIRS_NOAA20_SP
30.75255,75.34377,334.87,0.45,0.39,2023-10-24,749,N20,VIIRS,n,2,299.79,3.6,D,0,VIIRS_NOAA20_SP
30.76247,74.48972,330.25,0.49,0.4,2023-10-24,749,N20,VIIRS,n,2,300.2,2.61,D,0,VIIRS_NOAA20_SP
30.76252,76.3437,334.4,0.42,0.37,2023-10-24,749,N20,VIIRS,n,2,303.2,2.83,D,0,VIIRS_NOAA20_SP
30.76333,75.48502,345.3,0.44,0.39,2023-10-24,749,N20,VIIRS,n,2,301.81,12.16,D,0,VIIRS_NOAA20_SP
30.76478,75.43214,330.57,0.45,0.39,2023-10-24,749,N20,VIIRS,n,2,299.25,2.79,D,0,VIIRS_NOAA20_SP
30.766,73.7808,345.72,0.53,0.42,2023-10-24,749,N20,VIIRS,n,2,301.11,12.27,D,0,VIIRS_NOAA20_SP
30.76601,75.47961,332.4,0.44,0.39,2023-10-24,749,N20,VIIRS,n,2,301.91,2.97,D,0,VIIRS_NOAA20_SP
30.76683,75.48418,332.89,0.44,0.39,2023-10-24,749,N20,VIIRS,n,2,300.07,2.97,D,0,VIIRS_NOAA20_SP
30.76728,73.78321,344.52,0.53,0.42,2023-10-24,749,N20,VIIRS,n,2,299.88,12.01,D,0,VIIRS_NOAA20_SP
30.76829,75.4313,335.76,0.45,0.39,2023-10-24,749,N20,VIIRS,n,2,299.15,2.79,D,0,VIIRS_NOAA20_SP
30.76884,76.36009,344.7,0.42,0.37,2023-10-24,749,N20,VIIRS,n,2,301.08,4.17,D,0,VIIRS_NOAA20_SP
30.77064,73.82193,340.03,0.52,0.42,2023-10-24,749,N20,VIIRS,n,2,300.31,5.96,D,0,VIIRS_NOAA20_SP
30.77225,74.39767,336.46,0.49,0.41,2023-10-24,749,N20,VIIRS,n,2,301.05,3.52,D,0,VIIRS_NOAA20_SP
30.77278,73.77045,331.56,0.53,0.42,2023-10-24,749,N20,VIIRS,n,2,299.58,4.18,D,0,VIIRS_NOAA20_SP
30.77402,74.39462,331.88,0.49,0.4,2023-10-24,749,N20,VIIRS,n,2,302.15,3.55,D,0,VIIRS_NOAA20_SP
30.77497,74.39967,333.39,0.49,0.4,2023-10-24,749,N20,VIIRS,n,2,301.73,2.83,D,0,VIIRS_NOAA20_SP
30.77708,75.73013,333.25,0.44,0.38,2023-10-24,749,N20,VIIRS,n,2,300.89,3.68,D,0,VIIRS_NOAA20_SP
30.77797,74.49109,340.43,0.49,0.4,2023-10-24,749,N20,VIIRS,n,2,306.66,28.38,D,0,VIIRS_NOAA20_SP
30.78069,76.67937,333.72,0.41,0.37,2023-10-24,749,N20,VIIRS,n,2,303.65,5.52,D,0,VIIRS_NOAA20_SP
30.78279,75.70074,338.99,0.44,0.38,2023-10-24,749,N20,VIIRS,n,2,301.95,7.56,D,0,VIIRS_NOAA20_SP
30.78349,74.52113,336.43,0.49,0.4,2023-10-24,749,N20,VIIRS,n,2,305.91,27.0,D,0,VIIRS_NOAA20_SP
30.7844,74.52613,349.17,0.49,0.4,2023-10-24,749,N20,VIIRS,n,2,310.7,27.0,D,0,VIIRS_NOAA20_SP
30.7845,73.87463,333.42,0.52,0.42,2023-10-24,749,N20,VIIRS,n,2,300.59,3.38,D,0,VIIRS_NOAA20_SP
30.78532,74.53112,332.46,0.49,0.4,2023-10-24,749,N20,VIIRS,n,2,299.29,13.98,D,0,VIIRS_NOAA20_SP
30.78746,75.64017,332.49,0.44,0.38,2023-10-24,749,N20,VIIRS,n,2,299.47,4.27,D,0,VIIRS_NOAA20_SP
30.78749,74.48604,336.12,0.49,0.4,2023-10-24,749,N20,VIIRS,n,2,303.18,14.33,D,0,VIIRS_NOAA20_SP
30.78798,74.48335,337.57,0.49,0.4,2023-10-24,749,N20,VIIRS,n,2,304.45,8.27,D,0,VIIRS_NOAA20_SP
30.79207,74.49014,332.14,0.49,0.4,2023-10-24,749,N20,VIIRS,n,2,301.2,3.05,D,0,VIIRS_NOAA20_SP
30.79254,74.48745,338.99,0.49,0.4,2023-10-24,749,N20,VIIRS,n,2,303.15,5.47,D,0,VIIRS_NOAA20_SP
30.80033,75.30329,339.12,0.45,0.39,2023-10-24,749,N20,VIIRS,n,2,304.63,21.52,D,0,VIIRS_NOAA20_SP
30.80149,76.34438,332.11,0.42,0.37,2023-10-24,749,N20,VIIRS,n,2,300.35,2.99,D,0,VIIRS_NOAA20_SP
30.80384,75.30244,339.65,0.45,0.39,2023-10-24,749,N20,VIIRS,n,2,305.77,21.52,D,0,VIIRS_NOAA20_SP
30.80467,75.30708,333.42,0.45,0.39,2023-10-24,749,N20,VIIRS,n,2,299.87,16.93,D,0,VIIRS_NOAA20_SP
30.80518,73.38048,342.92,0.55,0.43,2023-10-24,749,N20,VIIRS,n,2,299.47,12.29,D,0,VIIRS_NOAA20_SP
30.80873,73.38155,343.89,0.55,0.43,2023-10-24,749,N20,VIIRS,n,2,298.69,14.46,D,0,VIIRS_NOAA20_SP
30.81205,74.47469,330.84,0.49,0.4,2023-10-24,749,N20,VIIRS,n,2,299.8,1.36,D,0,VIIRS_NOAA20_SP
30.81375,76.29245,330.2,0.42,0.37,2023-10-24,749,N20,VIIRS,n,2,300.32,2.04,D,0,VIIRS_NOAA20_SP
30.81704,74.56219,334.76,0.48,0.4,2023-10-24,749,N20,VIIRS,n,2,303.43,8.77,D,0,VIIRS_NOAA20_SP
30.81715,76.29168,334.11,0.42,0.37,2023-10-24,749,N20,VIIRS,n,2,300.82,2.04,D,0,VIIRS_NOAA20_SP
30.82095,73.31688,343.32,0.55,0.43,2023-10-24,749,N20,VIIRS,n,2,301.85,19.28,D,0,VIIRS_NOAA20_SP
30.82159,74.56627,343.04,0.48,0.4,2023-10-24,749,N20,VIIRS,n,2,303.5,12.65,D,0,VIIRS_NOAA20_SP
30.8219,75.0804,334.82,0.46,0.39,2023-10-24,749,N20,VIIRS,n,2,299.39,4.15,D,0,VIIRS_NOAA20_SP
30.82367,74.88551,334.89,0.47,0.4,2023-10-24,749,N20,VIIRS,n,2,300.29,5.34,D,0,VIIRS_NOAA20_SP
30.8237,74.43499,340.42,0.49,0.4,2023-10-24,749,N20,VIIRS,n,2,303.11,6.04,D,0,VIIRS_NOAA20_SP
30.83194,74.4382,336.9,0.49,0.4,2023-10-24,749,N20,VIIRS,n,2,301.12,11.87,D,0,VIIRS_NOAA20_SP
30.83477,74.73803,330.9,0.48,0.4,2023-10-24,749,N20,VIIRS,n,2,298.67,3.07,D,0,VIIRS_NOAA20_SP
30.84087,73.98543,338.85,0.51,0.41,2023-10-24,749,N20,VIIRS,n,2,299.54,5.19,D,0,VIIRS_NOAA20_SP
30.85124,73.85474,333.55,0.52,0.42,2023-10-24,749,N20,VIIRS,n,2,300.28,4.6,D,0,VIIRS_NOAA20_SP
30.85358,73.88772,334.77,0.52,0.41,2023-10-24,749,N20,VIIRS,n,2,300.86,9.49,D,0,VIIRS_NOAA20_SP
30.8632,76.20928,333.81,0.42,0.38,2023-10-24,749,N20,VIIRS,n,2,301.51,2.69,D,0,VIIRS_NOAA20_SP
30.8668,75.49363,340.27,0.44,0.39,2023-10-24,749,N20,VIIRS,n,2,306.65,25.76,D,0,VIIRS_NOAA20_SP
30.86757,75.49549,331.16,0.44,0.39,2023-10-24,749,N20,VIIRS,n,2,298.43,10.79,D,0,VIIRS_NOAA20_SP
30.86788,74.57034,331.56,0.48,0.4,2023-10-24,749,N20,VIIRS,n,2,301.37,3.66,D,0,VIIRS_NOAA20_SP
30.87442,76.23365,334.26,0.42,0.38,2023-10-24,749,N20,VIIRS,n,2,303.81,3.04,D,0,VIIRS_NOAA20_SP
30.88664,75.50045,334.26,0.44,0.39,2023-10-24,749,N20,VIIRS,n,2,299.72,2.99,D,0,VIIRS_NOAA20_SP
30.89067,75.29826,330.92,0.45,0.39,2023-10-24,749,N20,VIIRS,n,2,299.26,3.22,D,0,VIIRS_NOAA20_SP
30.89088,75.02097,332.52,0.46,0.39,2023-10-24,749,N20,VIIRS,n,2,300.51,2.96,D,0,VIIRS_NOAA20_SP
30.89188,74.98597,339.48,0.46,0.39,2023-10-24,749,N20,VIIRS,n,2,299.92,3.94,D,0,VIIRS_NOAA20_SP
30.89244,76.52739,332.6,0.41,0.37,2023-10-24,749,N20,VIIRS,n,2,301.37,3.08,D,0,VIIRS_NOAA20_SP
30.89319,75.02339,331.51,0.46,0.39,2023-10-24,749,N20,VIIRS,n,2,298.75,1.72,D,0,VIIRS_NOAA20_SP
30.90513,75.33821,339.55,0.45,0.39,2023-10-24,749,N20,VIIRS,n,2,298.99,5.29,D,0,VIIRS_NOAA20_SP
30.91391,75.40812,332.96,0.45,0.39,2023-10-24,749,N20,VIIRS,n,2,302.62,7.88,D,0,VIIRS_NOAA20_SP
30.92473,74.4696,340.67,0.49,0.4,2023-10-24,749,N20,VIIRS,n,2,300.82,5.72,D,0,VIIRS_NOAA20_SP
30.9348,74.48277,332.73,0.49,0.4,2023-10-24,749,N20,VIIRS,l,2,303.78,3.72,D,0,VIIRS_NOAA20_SP
30.93852,76.84447,329.56,0.4,0.37,2023-10-24,749,N20,VIIRS,n,2,300.12,2.21,D,0,VIIRS_NOAA20_SP
30.9403,74.49186,332.34,0.49,0.4,2023-10-24,749,N20,VIIRS,n,2,301.01,6.35,D,0,VIIRS_NOAA20_SP
30.94287,74.91862,332.64,0.47,0.39,2023-10-24,749,N20,VIIRS,n,2,300.77,7.54,D,0,VIIRS_NOAA20_SP
30.94778,74.55245,341.86,0.48,0.4,2023-10-24,749,N20,VIIRS,n,2,302.48,9.76,D,0,VIIRS_NOAA20_SP
30.95255,74.63908,332.51,0.48,0.4,2023-10-24,749,N20,VIIRS,n,2,300.75,3.13,D,0,VIIRS_NOAA20_SP
30.95441,74.66943,347.15,0.48,0.4,2023-10-24,749,N20,VIIRS,n,2,302.33,5.42,D,0,VIIRS_NOAA20_SP
30.95483,76.4788,332.17,0.41,0.37,2023-10-24,749,N20,VIIRS,n,2,301.57,2.08,D,0,VIIRS_NOAA20_SP
30.96163,76.18761,332.83,0.42,0.38,2023-10-24,749,N20,VIIRS,n,2,300.8,2.94,D,0,VIIRS_NOAA20_SP
30.96498,74.54298,334.44,0.48,0.4,2023-10-24,749,N20,VIIRS,n,2,301.36,2.39,D,0,VIIRS_NOAA20_SP
30.98086,76.19665,332.01,0.42,0.38,2023-10-24,749,N20,VIIRS,n,2,299.55,3.88,D,0,VIIRS_NOAA20_SP
30.98234,74.77972,334.3,0.47,0.4,2023-10-24,749,N20,VIIRS,n,2,302.65,12.93,D,0,VIIRS_NOAA20_SP
30.98353,76.19153,333.49,0.42,0.38,2023-10-24,749,N20,VIIRS,l,2,303.72,6.7,D,0,VIIRS_NOAA20_SP
30.98413,74.30434,342.23,0.49,0.41,2023-10-24,749,N20,VIIRS,n,2,301.41,7.07,D,0,VIIRS_NOAA20_SP
30.99023,75.22263,332.71,0.45,0.39,2023-10-24,749,N20,VIIRS,n,2,298.95,3.76,D,0,VIIRS_NOAA20_SP
30.99398,74.17332,331.91,0.5,0.41,2023-10-24,749,N20,VIIRS,n,2,300.29,2.77,D,0,VIIRS_NOAA20_SP
31.00085,76.21153,340.2,0.42,0.38,2023-10-24,749,N20,VIIRS,n,2,301.64,4.16,D,0,VIIRS_NOAA20_SP
31.00905,75.49176,345.37,0.44,0.38,2023-10-24,749,N20,VIIRS,n,2,303.77,10.87,D,0,VIIRS_NOAA20_SP
31.00937,74.5163,347.18,0.48,0.4,2023-10-24,749,N20,VIIRS,n,2,303.85,13.71,D,0,VIIRS_NOAA20_SP
31.01464,75.46192,331.13,0.44,0.39,2023-10-24,749,N20,VIIRS,n,2,302.41,4.12,D,0,VIIRS_NOAA20_SP
31.01468,74.73112,332.12,0.47,0.4,2023-10-24,749,N20,VIIRS,n,2,304.16,19.74,D,0,VIIRS_NOAA20_SP
31.01545,75.46648,332.68,0.44,0.39,2023-10-24,749,N20,VIIRS,n,2,301.97,4.12,D,0,VIIRS_NOAA20_SP
31.02634,75.73185,332.17,0.43,0.38,2023-10-24,749,N20,VIIRS,n,2,300.79,2.87,D,0,VIIRS_NOAA20_SP
31.02778,74.86438,333.36,0.47,0.39,2023-10-24,749,N20,VIIRS,n,2,300.31,4.45,D,0,VIIRS_NOAA20_SP
31.05403,75.31364,330.14,0.45,0.39,2023-10-24,749,N20,VIIRS,l,2,300.78,1.52,D,0,VIIRS_NOAA20_SP
31.05426,74.6981,332.2,0.47,0.4,2023-10-24,749,N20,VIIRS,n,2,301.25,4.9,D,0,VIIRS_NOAA20_SP
31.05768,75.31411,334.45,0.45,0.39,2023-10-24,749,N20,VIIRS,n,2,299.37,2.73,D,0,VIIRS_NOAA20_SP
31.07125,73.65601,335.0,0.53,0.42,2023-10-24,749,N20,VIIRS,n,2,299.58,9.02,D,0,VIIRS_NOAA20_SP
31.07277,73.65786,336.0,0.53,0.42,2023-10-24,749,N20,VIIRS,n,2,299.69,8.95,D,0,VIIRS_NOAA20_SP
31.07651,74.26506,334.26,0.49,0.41,2023-10-24,749,N20,VIIRS,n,2,301.27,4.38,D,0,VIIRS_NOAA20_SP
31.07936,74.26752,334.48,0.49,0.41,2023-10-24,749,N20,VIIRS,n,2,300.29,4.13,D,0,VIIRS_NOAA20_SP
31.08302,73.67574,333.42,0.53,0.42,2023-10-24,749,N20,VIIRS,n,2,300.2,3.35,D,0,VIIRS_NOAA20_SP
31.08441,73.67762,333.41,0.53,0.42,2023-10-24,749,N20,VIIRS,n,2,299.85,6.01,D,0,VIIRS_NOAA20_SP
31.08679,73.67477,330.39,0.53,0.42,2023-10-24,749,N20,VIIRS,n,2,299.8,2.91,D,0,VIIRS_NOAA20_SP
31.11719,74.65184,332.18,0.48,0.4,2023-10-24,749,N20,VIIRS,n,2,302.17,3.0,D,0,VIIRS_NOAA20_SP
31.12466,75.80136,330.53,0.43,0.38,2023-10-24,749,N20,VIIRS,l,2,300.57,4.67,D,0,VIIRS_NOAA20_SP
31.12807,74.56693,332.24,0.48,0.4,2023-10-24,749,N20,VIIRS,n,2,300.31,3.63,D,0,VIIRS_NOAA20_SP
31.13147,74.56378,331.06,0.48,0.4,2023-10-24,749,N20,VIIRS,n,2,300.75,2.63,D,0,VIIRS_NOAA20_SP
31.13168,74.56602,332.58,0.48,0.4,2023-10-24,749,N20,VIIRS,n,2,300.83,3.63,D,0,VIIRS_NOAA20_SP
31.13796,74.60052,332.0,0.48,0.4,2023-10-24,749,N20,VIIRS,n,2,302.77,4.44,D,0,VIIRS_NOAA20_SP
31.13848,75.76668,332.48,0.43,0.38,2023-10-24,749,N20,VIIRS,n,2,300.45,2.28,D,0,VIIRS_NOAA20_SP
31.13883,74.60313,346.32,0.48,0.4,2023-10-24,749,N20,VIIRS,n,2,303.34,8.66,D,0,VIIRS_NOAA20_SP
31.13885,74.60545,330.73,0.48,0.4,2023-10-24,749,N20,VIIRS,n,2,300.79,3.93,D,0,VIIRS_NOAA20_SP
31.14396,73.17894,333.07,0.56,0.43,2023-10-24,749,N20,VIIRS,n,2,298.31,4.03,D,0,VIIRS_NOAA20_SP
31.16035,74.55659,337.46,0.48,0.4,2023-10-24,749,N20,VIIRS,n,2,302.74,5.71,D,0,VIIRS_NOAA20_SP
31.17099,75.35571,332.12,0.44,0.39,2023-10-24,749,N20,VIIRS,n,2,299.95,1.7,D,0,VIIRS_NOAA20_SP
31.17205,74.53815,334.2,0.48,0.4,2023-10-24,749,N20,VIIRS,n,2,301.46,7.06,D,0,VIIRS_NOAA20_SP
31.17399,75.88736,333.15,0.43,0.38,2023-10-24,749,N20,VIIRS,n,2,302.53,2.9,D,0,VIIRS_NOAA20_SP
31.20194,74.65915,333.19,0.47,0.4,2023-10-24,749,N20,VIIRS,n,2,302.62,4.76,D,0,VIIRS_NOAA20_SP
31.21179,75.44125,333.7,0.44,0.38,2023-10-24,749,N20,VIIRS,n,2,301.27,5.61,D,0,VIIRS_NOAA20_SP
31.21212,75.94246,330.73,0.42,0.38,2023-10-24,749,N20,VIIRS,n,2,299.46,2.3,D,0,VIIRS_NOAA20_SP
31.21528,75.44042,334.36,0.44,0.38,2023-10-24,749,N20,VIIRS,n,2,301.25,5.61,D,0,VIIRS_NOAA20_SP
31.23387,74.52515,331.55,0.48,0.4,2023-10-24,749,N20,VIIRS,n,2,299.91,4.3,D,0,VIIRS_NOAA20_SP
31.23438,74.52774,336.09,0.48,0.4,2023-10-24,749,N20,VIIRS,n,2,300.03,4.1,D,0,VIIRS_NOAA20_SP
31.23545,75.20519,331.78,0.45,0.39,2023-10-24,749,N20,VIIRS,n,2,300.98,4.05,D,0,VIIRS_NOAA20_SP
31.23627,75.20984,331.05,0.45,0.39,2023-10-24,749,N20,VIIRS,n,2,299.79,3.0,D,0,VIIRS_NOAA20_SP
31.24238,74.63375,332.11,0.47,0.4,2023-10-24,749,N20,VIIRS,n,2,299.21,3.34,D,0,VIIRS_NOAA20_SP
31.25671,74.60693,334.95,0.47,0.4,2023-10-24,749,N20,VIIRS,n,2,300.64,5.27,D,0,VIIRS_NOAA20_SP
31.27097,75.03783,340.52,0.46,0.39,2023-10-24,749,N20,VIIRS,n,2,300.3,4.83,D,0,VIIRS_NOAA20_SP
31.27379,75.13498,332.2,0.45,0.39,2023-10-24,749,N20,VIIRS,n,2,300.57,6.51,D,0,VIIRS_NOAA20_SP
31.27391,74.99277,331.56,0.46,0.39,2023-10-24,749,N20,VIIRS,n,2,299.41,1.82,D,0,VIIRS_NOAA20_SP
31.28106,74.82677,335.23,0.46,0.39,2023-10-24,749,N20,VIIRS,n,2,300.13,2.87,D,0,VIIRS_NOAA20_SP
31.28737,75.18999,339.71,0.45,0.39,2023-10-24,749,N20,VIIRS,n,2,301.06,5.32,D,0,VIIRS_NOAA20_SP
31.29261,74.53629,335.03,0.48,0.4,2023-10-24,749,N20,VIIRS,n,2,299.21,3.48,D,0,VIIRS_NOAA20_SP
31.30641,75.21442,331.94,0.45,0.39,2023-10-24,749,N20,VIIRS,n,2,300.85,5.34,D,0,VIIRS_NOAA20_SP
31.31055,75.23756,332.43,0.45,0.39,2023-10-24,749,N20,VIIRS,n,2,300.42,2.64,D,0,VIIRS_NOAA20_SP
31.31337,74.64905,335.57,0.47,0.4,2023-10-24,749,N20,VIIRS,n,2,301.49,6.76,D,0,VIIRS_NOAA20_SP
31.32992,75.22321,341.67,0.45,0.39,2023-10-24,749,N20,VIIRS,n,2,299.26,8.06,D,0,VIIRS_NOAA20_SP
31.33228,74.54697,331.92,0.48,0.4,2023-10-24,749,N20,VIIRS,n,2,299.54,4.97,D,0,VIIRS_NOAA20_SP
31.34045,75.22066,341.44,0.45,0.39,2023-10-24,749,N20,VIIRS,n,2,303.49,14.43,D,0,VIIRS_NOAA20_SP
31.3419,75.08424,345.19,0.45,0.39,2023-10-24,749,N20,VIIRS,n,2,300.53,5.72,D,0,VIIRS_NOAA20_SP
31.34403,75.08069,334.31,0.45,0.39,2023-10-24,749,N20,VIIRS,n,2,302.69,9.19,D,0,VIIRS_NOAA20_SP
31.35688,73.52525,332.01,0.53,0.42,2023-10-24,749,N20,VIIRS,n,2,298.59,3.91,D,0,VIIRS_NOAA20_SP
31.36058,73.87334,344.88,0.51,0.41,2023-10-24,749,N20,VIIRS,n,2,300.39,8.97,D,0,VIIRS_NOAA20_SP
31.37898,75.31403,331.93,0.44,0.39,2023-10-24,749,N20,VIIRS,n,2,301.39,3.24,D,0,VIIRS_NOAA20_SP
31.37935,75.31703,332.13,0.44,0.39,2023-10-24,749,N20,VIIRS,n,2,301.64,3.38,D,0,VIIRS_NOAA20_SP
31.40186,74.9929,331.07,0.46,0.39,2023-10-24,749,N20,VIIRS,n,2,300.47,5.62,D,0,VIIRS_NOAA20_SP
31.4088,75.11369,332.77,0.45,0.39,2023-10-24,749,N20,VIIRS,n,2,300.9,4.72,D,0,VIIRS_NOAA20_SP
31.41431,74.66221,330.5,0.47,0.4,2023-10-24,749,N20,VIIRS,n,2,300.85,2.7,D,0,VIIRS_NOAA20_SP
31.42317,73.97794,330.25,0.5,0.41,2023-10-24,749,N20,VIIRS,n,2,300.48,4.22,D,0,VIIRS_NOAA20_SP
31.42415,73.98314,332.11,0.5,0.41,2023-10-24,749,N20,VIIRS,n,2,299.62,5.66,D,0,VIIRS_NOAA20_SP
31.44371,73.90147,336.95,0.51,0.41,2023-10-24,749,N20,VIIRS,n,2,300.0,5.14,D,0,VIIRS_NOAA20_SP
31.44474,75.54,330.81,0.43,0.38,2023-10-24,749,N20,VIIRS,l,2,301.39,2.36,D,0,VIIRS_NOAA20_SP
31.44475,74.95022,330.72,0.46,0.39,2023-10-24,749,N20,VIIRS,n,2,299.9,4.47,D,0,VIIRS_NOAA20_SP
31.44831,75.70243,330.62,0.43,0.38,2023-10-24,749,N20,VIIRS,n,2,299.57,1.99,D,0,VIIRS_NOAA20_SP
31.44977,75.70068,330.07,0.43,0.38,2023-10-24,749,N20,VIIRS,n,2,299.68,1.59,D,0,VIIRS_NOAA20_SP
31.45387,73.99727,336.34,0.5,0.41,2023-10-24,749,N20,VIIRS,n,2,299.55,5.63,D,0,VIIRS_NOAA20_SP
31.46393,74.9948,330.84,0.46,0.39,2023-10-24,749,N20,VIIRS,n,2,300.78,3.14,D,0,VIIRS_NOAA20_SP
31.46415,74.75095,343.28,0.47,0.39,2023-10-24,749,N20,VIIRS,n,2,301.57,15.97,D,0,VIIRS_NOAA20_SP
31.46514,75.61471,331.53,0.43,0.38,2023-10-24,749,N20,VIIRS,n,2,300.26,2.66,D,0,VIIRS_NOAA20_SP
31.47087,75.46306,331.45,0.44,0.38,2023-10-24,749,N20,VIIRS,n,2,301.52,2.31,D,0,VIIRS_NOAA20_SP
31.47215,74.75398,331.57,0.47,0.39,2023-10-24,749,N20,VIIRS,n,2,299.94,5.54,D,0,VIIRS_NOAA20_SP
31.47302,74.7588,341.77,0.47,0.39,2023-10-24,749,N20,VIIRS,n,2,301.78,5.54,D,0,VIIRS_NOAA20_SP
31.47659,74.75791,336.1,0.47,0.39,2023-10-24,749,N20,VIIRS,n,2,300.53,6.37,D,0,VIIRS_NOAA20_SP
31.49275,75.03191,332.28,0.45,0.39,2023-10-24,749,N20,VIIRS,n,2,299.92,5.17,D,0,VIIRS_NOAA20_SP
31.49666,75.09448,332.72,0.45,0.39,2023-10-24,749,N20,VIIRS,n,2,300.17,3.62,D,0,VIIRS_NOAA20_SP
31.49768,75.18159,334.31,0.45,0.39,2023-10-24,749,N20,VIIRS,n,2,299.76,3.17,D,0,VIIRS_NOAA20_SP
31.49793,74.91733,338.61,0.46,0.39,2023-10-24,749,N20,VIIRS,n,2,301.18,8.73,D,0,VIIRS_NOAA20_SP
31.51425,75.50449,333.7,0.44,0.38,2023-10-24,749,N20,VIIRS,n,2,302.13,4.04,D,0,VIIRS_NOAA20_SP
31.52794,75.12575,345.42,0.45,0.39,2023-10-24,749,N20,VIIRS,n,2,300.95,8.01,D,0,VIIRS_NOAA20_SP
31.54614,74.94613,333.59,0.46,0.39,2023-10-24,749,N20,VIIRS,n,2,299.94,2.99,D,0,VIIRS_NOAA20_SP
31.55085,75.11042,332.53,0.45,0.39,2023-10-24,749,N20,VIIRS,n,2,300.38,3.3,D,0,VIIRS_NOAA20_SP
31.57176,75.51611,330.75,0.43,0.38,2023-10-24,749,N20,VIIRS,n,2,300.86,1.75,D,0,VIIRS_NOAA20_SP
31.58111,75.4668,332.99,0.44,0.38,2023-10-24,749,N20,VIIRS,n,2,303.36,4.99,D,0,VIIRS_NOAA20_SP
31.58114,75.34364,330.97,0.44,0.38,2023-10-24,749,N20,VIIRS,n,2,301.36,2.12,D,0,VIIRS_NOAA20_SP
31.58812,74.64558,345.74,0.47,0.4,2023-10-24,749,N20,VIIRS,n,2,300.12,7.05,D,0,VIIRS_NOAA20_SP
31.59219,74.91502,331.02,0.46,0.39,2023-10-24,749,N20,VIIRS,n,2,299.42,2.45,D,0,VIIRS_NOAA20_SP
31.60102,75.62132,330.16,0.43,0.38,2023-10-24,749,N20,VIIRS,n,2,301.16,1.84,D,0,VIIRS_NOAA20_SP
31.60118,75.56059,331.07,0.43,0.38,2023-10-24,749,N20,VIIRS,n,2,300.89,2.1,D,0,VIIRS_NOAA20_SP
31.60449,75.24803,342.45,0.44,0.39,2023-10-24,749,N20,VIIRS,n,2,302.13,7.13,D,0,VIIRS_NOAA20_SP
31.60674,75.42757,344.63,0.44,0.38,2023-10-24,749,N20,VIIRS,n,2,303.17,7.0,D,0,VIIRS_NOAA20_SP
31.60921,75.37964,339.58,0.44,0.38,2023-10-24,749,N20,VIIRS,n,2,302.18,7.54,D,0,VIIRS_NOAA20_SP
31.61249,75.23168,329.82,0.44,0.39,2023-10-24,749,N20,VIIRS,n,2,301.14,4.74,D,0,VIIRS_NOAA20_SP
31.61552,75.18761,331.84,0.45,0.39,2023-10-24,749,N20,VIIRS,n,2,301.15,1.49,D,0,VIIRS_NOAA20_SP
31.61598,75.23083,335.19,0.44,0.39,2023-10-24,749,N20,VIIRS,n,2,300.2,4.74,D,0,VIIRS_NOAA20_SP
31.6334,75.1446,330.07,0.45,0.39,2023-10-24,749,N20,VIIRS,l,2,300.07,3.45,D,0,VIIRS_NOAA20_SP
31.63898,75.42062,339.69,0.44,0.38,2023-10-24,749,N20,VIIRS,n,2,301.5,4.97,D,0,VIIRS_NOAA20_SP
31.67882,75.58469,337.82,0.43,0.38,2023-10-24,749,N20,VIIRS,n,2,302.11,3.55,D,0,VIIRS_NOAA20_SP
31.68214,75.29617,331.72,0.44,0.38,2023-10-24,749,N20,VIIRS,n,2,301.08,1.91,D,0,VIIRS_NOAA20_SP
30.85842,70.79942,346.39,0.51,0.49,2023-10-24,750,N20,VIIRS,n,2,299.23,8.99,D,0,VIIRS_NOAA20_SP
31.41311,72.72656,345.96,0.39,0.44,2023-10-24,750,N20,VIIRS,n,2,300.83,4.09,D,0,VIIRS_NOAA20_SP
31.44441,73.89934,337.45,0.51,0.41,2023-10-24,750,N20,VIIRS,n,2,299.76,3.94,D,0,VIIRS_NOAA20_SP
31.47773,74.03251,330.73,0.5,0.41,2023-10-24,750,N20,VIIRS,n,2,298.78,2.08,D,0,VIIRS_NOAA20_SP
31.48942,73.93161,330.27,0.5,0.41,2023-10-24,750,N20,VIIRS,n,2,297.98,2.06,D,0,VIIRS_NOAA20_SP
31.58897,74.64299,332.48,0.47,0.4,2023-10-24,750,N20,VIIRS,n,2,298.15,5.34,D,0,VIIRS_NOAA20_SP
31.59759,74.00467,331.57,0.5,0.41,2023-10-24,750,N20,VIIRS,n,2,298.65,2.61,D,0,VIIRS_NOAA20_SP
31.60328,74.65968,345.82,0.47,0.4,2023-10-24,750,N20,VIIRS,n,2,301.77,6.37,D,0,VIIRS_NOAA20_SP
31.6113,74.60186,332.94,0.47,0.4,2023-10-24,750,N20,VIIRS,n,2,300.51,7.15,D,0,VIIRS_NOAA20_SP
31.61219,74.60672,333.26,0.47,0.4,2023-10-24,750,N20,VIIRS,n,2,302.32,7.15,D,0,VIIRS_NOAA20_SP
31.622,74.70048,331.04,0.47,0.39,2023-10-24,750,N20,VIIRS,n,2,299.34,3.04,D,0,VIIRS_NOAA20_SP
31.63457,74.58583,339.77,0.47,0.4,2023-10-24,750,N20,VIIRS,n,2,300.69,6.98,D,0,VIIRS_NOAA20_SP
31.65343,73.87038,335.95,0.51,0.41,2023-10-24,750,N20,VIIRS,n,2,299.23,4.92,D,0,VIIRS_NOAA20_SP
31.65848,71.33885,338.25,0.45,0.47,2023-10-24,750,N20,VIIRS,n,2,299.02,4.01,D,0,VIIRS_NOAA20_SP
31.67257,74.95677,331.83,0.45,0.39,2023-10-24,750,N20,VIIRS,n,2,300.26,1.86,D,0,VIIRS_NOAA20_SP
31.68031,72.90475,330.34,0.56,0.43,2023-10-24,750,N20,VIIRS,n,2,297.72,2.5,D,0,VIIRS_NOAA20_SP
31.68614,73.16228,338.51,0.55,0.42,2023-10-24,750,N20,VIIRS,n,2,300.23,3.43,D,0,VIIRS_NOAA20_SP
31.6863,74.64399,333.62,0.47,0.4,2023-10-24,750,N20,VIIRS,n,2,299.02,4.09,D,0,VIIRS_NOAA20_SP
31.70195,75.24082,340.79,0.44,0.39,2023-10-24,750,N20,VIIRS,n,2,302.33,6.13,D,0,VIIRS_NOAA20_SP
31.71914,74.69355,330.39,0.46,0.39,2023-10-24,750,N20,VIIRS,n,2,298.65,4.66,D,0,VIIRS_NOAA20_SP
31.72404,74.89472,332.14,0.46,0.39,2023-10-24,750,N20,VIIRS,n,2,300.1,3.91,D,0,VIIRS_NOAA20_SP
31.73479,74.87228,329.93,0.46,0.39,2023-10-24,750,N20,VIIRS,n,2,299.15,2.63,D,0,VIIRS_NOAA20_SP
31.73697,74.66893,333.58,0.47,0.39,2023-10-24,750,N20,VIIRS,n,2,299.54,2.8,D,0,VIIRS_NOAA20_SP
31.73832,73.92294,330.3,0.5,0.41,2023-10-24,750,N20,VIIRS,n,2,301.1,2.85,D,0,VIIRS_NOAA20_SP
31.73934,74.82357,335.32,0.46,0.39,2023-10-24,750,N20,VIIRS,n,2,299.16,5.07,D,0,VIIRS_NOAA20_SP
31.7482,73.72787,330.12,0.51,0.41,2023-10-24,750,N20,VIIRS,n,2,300.74,2.6,D,0,VIIRS_NOAA20_SP
31.74969,74.90026,335.97,0.46,0.39,2023-10-24,750,N20,VIIRS,n,2,300.94,2.61,D,0,VIIRS_NOAA20_SP
31.7499,74.84081,331.55,0.46,0.39,2023-10-24,750,N20,VIIRS,n,2,300.2,2.94,D,0,VIIRS_NOAA20_SP
31.75034,74.66054,331.04,0.47,0.39,2023-10-24,750,N20,VIIRS,n,2,299.0,2.4,D,0,VIIRS_NOAA20_SP
31.75222,74.56875,330.95,0.47,0.4,2023-10-24,750,N20,VIIRS,n,2,299.63,2.26,D,0,VIIRS_NOAA20_SP
31.76183,74.94652,332.36,0.45,0.39,2023-10-24,750,N20,VIIRS,n,2,301.35,1.84,D,0,VIIRS_NOAA20_SP
31.76295,74.56606,333.03,0.47,0.4,2023-10-24,750,N20,VIIRS,n,2,299.33,3.51,D,0,VIIRS_NOAA20_SP
31.76373,74.91653,332.38,0.45,0.39,2023-10-24,750,N20,VIIRS,n,2,302.9,6.51,D,0,VIIRS_NOAA20_SP
31.76875,74.76144,332.8,0.46,0.39,2023-10-24,750,N20,VIIRS,n,2,300.28,5.86,D,0,VIIRS_NOAA20_SP
31.77353,75.05122,334.42,0.45,0.39,2023-10-24,750,N20,VIIRS,n,2,301.53,4.01,D,0,VIIRS_NOAA20_SP
31.77446,75.05397,331.22,0.45,0.39,2023-10-24,750,N20,VIIRS,n,2,299.84,3.8,D,0,VIIRS_NOAA20_SP
31.77817,74.35926,332.29,0.48,0.4,2023-10-24,750,N20,VIIRS,n,2,298.75,2.39,D,0,VIIRS_NOAA20_SP
31.7806,74.66302,340.16,0.46,0.39,2023-10-24,750,N20,VIIRS,n,2,300.13,5.3,D,0,VIIRS_NOAA20_SP
31.78109,75.23592,336.41,0.44,0.39,2023-10-24,750,N20,VIIRS,n,2,301.42,4.17,D,0,VIIRS_NOAA20_SP
31.78609,74.61106,347.2,0.47,0.4,2023-10-24,750,N20,VIIRS,n,2,300.45,9.13,D,0,VIIRS_NOAA20_SP
31.78916,72.63435,331.08,0.39,0.44,2023-10-24,750,N20,VIIRS,n,2,300.33,1.11,D,0,VIIRS_NOAA20_SP
31.79446,73.76328,333.04,0.51,0.41,2023-10-24,750,N20,VIIRS,n,2,299.69,3.25,D,0,VIIRS_NOAA20_SP
31.79948,74.97159,350.62,0.45,0.39,2023-10-24,750,N20,VIIRS,n,2,301.52,7.63,D,0,VIIRS_NOAA20_SP
31.80274,73.09291,332.28,0.55,0.43,2023-10-24,750,N20,VIIRS,n,2,299.53,3.3,D,0,VIIRS_NOAA20_SP
31.81743,74.63117,340.09,0.47,0.39,2023-10-24,750,N20,VIIRS,n,2,299.3,5.0,D,0,VIIRS_NOAA20_SP
31.81897,75.16113,330.85,0.44,0.39,2023-10-24,750,N20,VIIRS,n,2,300.7,2.85,D,0,VIIRS_NOAA20_SP
31.82015,75.12708,335.86,0.45,0.39,2023-10-24,750,N20,VIIRS,n,2,301.61,2.96,D,0,VIIRS_NOAA20_SP
31.83435,74.09493,334.53,0.49,0.4,2023-10-24,750,N20,VIIRS,n,2,301.84,4.53,D,0,VIIRS_NOAA20_SP
31.83934,74.1415,335.64,0.49,0.4,2023-10-24,750,N20,VIIRS,n,2,300.31,3.45,D,0,VIIRS_NOAA20_SP
31.84922,75.00333,330.03,0.45,0.39,2023-10-24,750,N20,VIIRS,n,2,299.14,2.0,D,0,VIIRS_NOAA20_SP
31.85769,73.62148,330.1,0.52,0.41,2023-10-24,750,N20,VIIRS,n,2,301.01,3.01,D,0,VIIRS_NOAA20_SP
31.85818,73.99772,331.44,0.5,0.41,2023-10-24,750,N20,VIIRS,n,2,300.77,2.61,D,0,VIIRS_NOAA20_SP
31.86603,73.7859,331.84,0.51,0.41,2023-10-24,750,N20,VIIRS,n,2,301.09,3.42,D,0,VIIRS_NOAA20_SP
31.86989,74.6735,335.99,0.46,0.39,2023-10-24,750,N20,VIIRS,n,2,299.08,4.99,D,0,VIIRS_NOAA20_SP
31.87447,74.61686,341.51,0.47,0.39,2023-10-24,750,N20,VIIRS,n,2,302.83,16.52,D,0,VIIRS_NOAA20_SP
31.87479,73.52684,333.1,0.52,0.42,2023-10-24,750,N20,VIIRS,n,2,300.07,3.72,D,0,VIIRS_NOAA20_SP
31.87929,74.78623,332.35,0.46,0.39,2023-10-24,750,N20,VIIRS,n,2,299.13,2.55,D,0,VIIRS_NOAA20_SP
31.87947,73.75484,331.52,0.51,0.41,2023-10-24,750,N20,VIIRS,n,2,300.25,3.13,D,0,VIIRS_NOAA20_SP
31.87979,74.62563,332.75,0.47,0.39,2023-10-24,750,N20,VIIRS,n,2,298.98,2.68,D,0,VIIRS_NOAA20_SP
31.89118,75.03425,339.55,0.45,0.39,2023-10-24,750,N20,VIIRS,n,2,301.85,5.38,D,0,VIIRS_NOAA20_SP
31.89194,73.97281,340.5,0.5,0.41,2023-10-24,750,N20,VIIRS,n,2,301.36,3.98,D,0,VIIRS_NOAA20_SP
31.89594,74.81687,335.02,0.46,0.39,2023-10-24,750,N20,VIIRS,n,2,299.17,3.86,D,0,VIIRS_NOAA20_SP
31.90062,74.76098,331.39,0.46,0.39,2023-10-24,750,N20,VIIRS,n,2,299.38,3.02,D,0,VIIRS_NOAA20_SP
31.91522,74.8418,333.23,0.46,0.39,2023-10-24,750,N20,VIIRS,n,2,300.95,3.43,D,0,VIIRS_NOAA20_SP
31.91823,75.04218,332.51,0.45,0.39,2023-10-24,750,N20,VIIRS,l,2,304.91,19.87,D,0,VIIRS_NOAA20_SP
31.95136,74.83775,331.17,0.46,0.39,2023-10-24,750,N20,VIIRS,n,2,298.96,2.29,D,0,VIIRS_NOAA20_SP
31.95587,74.84849,343.82,0.45,0.39,2023-10-24,750,N20,VIIRS,n,2,302.35,10.67,D,0,VIIRS_NOAA20_SP
31.95659,74.84634,339.3,0.45,0.39,2023-10-24,750,N20,VIIRS,n,2,302.94,8.0,D,0,VIIRS_NOAA20_SP
31.96148,74.89446,340.36,0.45,0.39,2023-10-24,750,N20,VIIRS,n,2,301.66,3.41,D,0,VIIRS_NOAA20_SP
31.96729,75.19422,335.28,0.44,0.38,2023-10-24,750,N20,VIIRS,n,2,301.67,3.1,D,0,VIIRS_NOAA20_SP
31.97079,74.44191,341.61,0.47,0.4,2023-10-24,750,N20,VIIRS,n,2,299.62,7.8,D,0,VIIRS_NOAA20_SP
31.97526,74.46642,333.8,0.47,0.4,2023-10-24,750,N20,VIIRS,n,2,298.62,4.31,D,0,VIIRS_NOAA20_SP
31.98019,74.92123,332.95,0.45,0.39,2023-10-24,750,N20,VIIRS,n,2,299.81,5.89,D,0,VIIRS_NOAA20_SP
32.00177,74.97949,331.78,0.45,0.39,2023-10-24,750,N20,VIIRS,n,2,300.54,2.16,D,0,VIIRS_NOAA20_SP
32.00345,75.11008,331.63,0.44,0.39,2023-10-24,750,N20,VIIRS,n,2,300.3,1.4,D,0,VIIRS_NOAA20_SP
32.01691,74.94154,330.75,0.45,0.39,2023-10-24,750,N20,VIIRS,n,2,300.26,1.92,D,0,VIIRS_NOAA20_SP
32.02163,72.38499,331.61,0.39,0.44,2023-10-24,750,N20,VIIRS,n,2,301.57,2.52,D,0,VIIRS_NOAA20_SP
32.0495,73.29333,333.04,0.53,0.42,2023-10-24,750,N20,VIIRS,n,2,299.48,10.54,D,0,VIIRS_NOAA20_SP
32.05006,74.45966,336.99,0.47,0.4,2023-10-24,750,N20,VIIRS,n,2,300.52,4.03,D,0,VIIRS_NOAA20_SP
32.06362,75.18185,330.86,0.44,0.38,2023-10-24,750,N20,VIIRS,n,2,298.3,8.44,D,0,VIIRS_NOAA20_SP
32.06934,73.10674,334.74,0.54,0.42,2023-10-24,750,N20,VIIRS,n,2,301.12,6.72,D,0,VIIRS_NOAA20_SP
32.07048,73.10438,333.77,0.54,0.42,2023-10-24,750,N20,VIIRS,n,2,300.04,7.28,D,0,VIIRS_NOAA20_SP
32.07242,74.39754,332.13,0.47,0.4,2023-10-24,750,N20,VIIRS,n,2,300.32,2.96,D,0,VIIRS_NOAA20_SP
32.0844,73.43327,337.61,0.52,0.42,2023-10-24,750,N20,VIIRS,n,2,306.17,49.37,D,0,VIIRS_NOAA20_SP
32.10026,72.3943,333.91,0.39,0.44,2023-10-24,750,N20,VIIRS,n,2,298.38,2.02,D,0,VIIRS_NOAA20_SP
32.17361,73.90297,331.69,0.49,0.41,2023-10-24,750,N20,VIIRS,n,2,299.38,3.04,D,0,VIIRS_NOAA20_SP
32.19335,73.75387,336.03,0.5,0.41,2023-10-24,750,N20,VIIRS,n,2,301.17,2.9,D,0,VIIRS_NOAA20_SP
32.19773,73.45196,332.66,0.52,0.41,2023-10-24,750,N20,VIIRS,n,2,299.28,5.81,D,0,VIIRS_NOAA20_SP
32.21564,73.82989,333.98,0.5,0.41,2023-10-24,750,N20,VIIRS,n,2,299.2,3.57,D,0,VIIRS_NOAA20_SP
32.21889,73.867,332.61,0.5,0.41,2023-10-24,750,N20,VIIRS,n,2,299.19,4.49,D,0,VIIRS_NOAA20_SP
32.23281,72.38265,333.79,0.39,0.44,2023-10-24,750,N20,VIIRS,n,2,303.76,3.35,D,0,VIIRS_NOAA20_SP
32.23807,73.64294,331.74,0.51,0.41,2023-10-24,750,N20,VIIRS,n,2,300.12,2.75,D,0,VIIRS_NOAA20_SP
32.2835,73.90413,331.94,0.49,0.4,2023-10-24,750,N20,VIIRS,n,2,300.99,3.34,D,0,VIIRS_NOAA20_SP
32.33558,74.22411,333.64,0.48,0.4,2023-10-24,750,N20,VIIRS,n,2,298.88,3.48,D,0,VIIRS_NOAA20_SP
32.33771,73.97358,351.67,0.49,0.4,2023-10-24,750,N20,VIIRS,n,2,302.4,11.58,D,0,VIIRS_NOAA20_SP
32.33791,73.97038,332.74,0.49,0.4,2023-10-24,750,N20,VIIRS,n,2,299.84,4.05,D,0,VIIRS_NOAA20_SP
32.33886,73.97549,346.73,0.49,0.4,2023-10-24,750,N20,VIIRS,n,2,301.72,11.11,D,0,VIIRS_NOAA20_SP
32.34135,73.97263,353.61,0.49,0.4,2023-10-24,750,N20,VIIRS,n,2,302.37,11.58,D,0,VIIRS_NOAA20_SP
32.34249,73.97453,345.81,0.49,0.4,2023-10-24,750,N20,VIIRS,n,2,301.45,7.82,D,0,VIIRS_NOAA20_SP
32.35281,73.85152,331.97,0.49,0.41,2023-10-24,750,N20,VIIRS,n,2,300.56,1.69,D,0,VIIRS_NOAA20_SP
32.41363,74.01239,336.59,0.49,0.4,2023-10-24,750,N20,VIIRS,n,2,299.13,2.84,D,0,VIIRS_NOAA20_SP
32.45343,73.21104,335.22,0.53,0.42,2023-10-24,750,N20,VIIRS,n,2,300.09,7.65,D,0,VIIRS_NOAA20_SP
32.4794,74.12196,331.28,0.48,0.4,2023-10-24,750,N20,VIIRS,n,2,299.17,5.39,D,0,VIIRS_NOAA20_SP
32.47969,74.1236,333.01,0.48,0.4,2023-10-24,750,N20,VIIRS,n,2,300.18,5.51,D,0,VIIRS_NOAA20_SP
32.49589,74.27383,340.21,0.47,0.4,2023-10-24,750,N20,VIIRS,n,2,300.13,5.61,D,0,VIIRS_NOAA20_SP
32.63361,76.06395,347.29,0.41,0.37,2023-10-24,750,N20,VIIRS,n,2,302.66,9.14,D,0,VIIRS_NOAA20_SP
32.63688,74.56979,328.73,0.46,0.39,2023-10-24,750,N20,VIIRS,n,2,299.89,2.28,D,0,VIIRS_NOAA20_SP
32.63824,76.04999,347.14,0.41,0.37,2023-10-24,750,N20,VIIRS,n,2,301.67,4.39,D,0,VIIRS_NOAA20_SP
32.64085,76.04481,332.78,0.41,0.37,2023-10-24,750,N20,VIIRS,n,2,297.7,4.39,D,0,VIIRS_NOAA20_SP
32.77219,74.54787,333.63,0.46,0.39,2023-10-24,750,N20,VIIRS,n,2,300.05,3.4,D,0,VIIRS_NOAA20_SP
32.7749,74.54929,332.49,0.46,0.39,2023-10-24,750,N20,VIIRS,n,2,299.91,3.35,D,0,VIIRS_NOAA20_SP
34.16302,74.60298,327.67,0.44,0.38,2023-10-24,750,N20,VIIRS,n,2,293.59,2.37,D,0,VIIRS_NOAA20_SP
24.91356,68.15141,354.58,0.6,0.7,2023-10-24,928,N20,VIIRS,n,2,297.56,13.07,D,0,VIIRS_NOAA20_SP
33.80078,72.0956,302.04,0.43,0.62,2023-10-24,2012,N20,VIIRS,n,2,288.24,0.58,N,2,VIIRS_NOAA20_SP
33.80466,72.09326,298.62,0.43,0.62,2023-10-24,2012,N20,VIIRS,n,2,287.97,0.64,N,0,VIIRS_NOAA20_SP
29.22407,88.35091,303.42,0.39,0.44,2023-10-24,2013,N20,VIIRS,n,2,277.36,2.3,N,2,VIIRS_NOAA20_SP
29.36985,77.03817,347.06,0.39,0.44,2023-10-24,2013,N20,VIIRS,n,2,297.84,22.61,N,0,VIIRS_NOAA20_SP
29.37799,91.14874,298.1,0.55,0.51,2023-10-24,2013,N20,VIIRS,n,2,272.98,1.6,N,2,VIIRS_NOAA20_SP
29.76103,79.06264,297.13,0.47,0.4,2023-10-24,2013,N20,VIIRS,n,2,286.16,0.58,N,0,VIIRS_NOAA20_SP
29.93781,76.74817,338.84,0.42,0.45,2023-10-24,2013,N20,VIIRS,n,2,291.29,5.19,N,0,VIIRS_NOAA20_SP
29.96555,76.68626,326.4,0.42,0.45,2023-10-24,2013,N20,VIIRS,n,2,289.75,2.9,N,0,VIIRS_NOAA20_SP
30.32919,70.53495,300.09,0.49,0.65,2023-10-24,2013,N20,VIIRS,n,2,289.51,0.48,N,2,VIIRS_NOAA20_SP
31.25136,76.92796,297.42,0.42,0.45,2023-10-24,2013,N20,VIIRS,n,2,285.5,0.3,N,2,VIIRS_NOAA20_SP
32.08803,74.16679,303.72,0.62,0.54,2023-10-24,2013,N20,VIIRS,n,2,288.87,1.6,N,2,VIIRS_NOAA20_SP
32.08859,74.16016,305.17,0.62,0.54,2023-10-24,2013,N20,VIIRS,n,2,289.37,2.06,N,2,VIIRS_NOAA20_SP
32.08923,74.1599,304.33,0.62,0.54,2023-10-24,2013,N20,VIIRS,n,2,289.87,3.02,N,2,VIIRS_NOAA20_SP
32.29272,70.73475,301.23,0.5,0.66,2023-10-24,2013,N20,VIIRS,n,2,290.26,0.86,N,2,VIIRS_NOAA20_SP
32.63179,76.06649,304.92,0.49,0.48,2023-10-24,2013,N20,VIIRS,n,2,284.71,1.12,N,0,VIIRS_NOAA20_SP
32.64363,76.03751,296.19,0.49,0.49,2023-10-24,2013,N20,VIIRS,n,2,284.36,0.46,N,0,VIIRS_NOAA20_SP
32.71825,72.77377,298.97,0.38,0.59,2023-10-24,2013,N20,VIIRS,n,2,288.7,0.55,N,2,VIIRS_NOAA20_SP
23.68839,87.12289,308.26,0.41,0.45,2023-10-24,2014,N20,VIIRS,n,2,291.2,1.29,N,2,VIIRS_NOAA20_SP
23.68899,87.09823,311.04,0.41,0.45,2023-10-24,2014,N20,VIIRS,n,2,291.6,1.87,N,2,VIIRS_NOAA20_SP
23.68916,87.11895,306.97,0.41,0.45,2023-10-24,2014,N20,VIIRS,n,2,290.92,1.29,N,2,VIIRS_NOAA20_SP
23.69245,87.12379,309.24,0.41,0.45,2023-10-24,2014,N20,VIIRS,n,2,291.8,1.39,N,2,VIIRS_NOAA20_SP
23.69322,87.11986,310.75,0.41,0.45,2023-10-24,2014,N20,VIIRS,n,2,291.17,1.39,N,2,VIIRS_NOAA20_SP
23.69399,87.11589,309.24,0.41,0.45,2023-10-24,2014,N20,VIIRS,n,2,291.3,1.86,N,2,VIIRS_NOAA20_SP
23.76713,86.40125,308.14,0.56,0.43,2023-10-24,2014,N20,VIIRS,n,2,292.81,1.61,N,2,VIIRS_NOAA20_SP
23.76817,86.3959,310.21,0.56,0.43,2023-10-24,2014,N20,VIIRS,n,2,293.32,1.61,N,2,VIIRS_NOAA20_SP
23.76921,86.3905,306.25,0.56,0.43,2023-10-24,2014,N20,VIIRS,n,2,293.02,1.59,N,2,VIIRS_NOAA20_SP
23.77101,86.40211,303.21,0.56,0.43,2023-10-24,2014,N20,VIIRS,n,2,291.47,1.61,N,2,VIIRS_NOAA20_SP
23.7731,86.39135,305.51,0.56,0.43,2023-10-24,2014,N20,VIIRS,n,2,293.38,1.59,N,2,VIIRS_NOAA20_SP
23.77415,86.38595,307.67,0.56,0.43,2023-10-24,2014,N20,VIIRS,n,2,292.47,1.59,N,2,VIIRS_NOAA20_SP
23.77699,86.39218,305.23,0.56,0.43,2023-10-24,2014,N20,VIIRS,n,2,292.74,2.62,N,2,VIIRS_NOAA20_SP
23.77753,86.34771,303.33,0.55,0.43,2023-10-24,2014,N20,VIIRS,n,2,290.99,2.19,N,2,VIIRS_NOAA20_SP
23.77803,86.38679,323.08,0.56,0.43,2023-10-24,2014,N20,VIIRS,n,2,292.44,2.62,N,2,VIIRS_NOAA20_SP
23.78087,86.39303,331.81,0.56,0.43,2023-10-24,2014,N20,VIIRS,n,2,295.58,2.62,N,2,VIIRS_NOAA20_SP
23.78113,86.37078,313.6,0.56,0.43,2023-10-24,2014,N20,VIIRS,n,2,292.09,2.33,N,2,VIIRS_NOAA20_SP
23.78191,86.38763,304.15,0.56,0.43,2023-10-24,2014,N20,VIIRS,n,2,291.54,2.62,N,2,VIIRS_NOAA20_SP
23.78243,86.34324,315.78,0.55,0.43,2023-10-24,2014,N20,VIIRS,n,2,292.24,2.19,N,2,VIIRS_NOAA20_SP
23.7845,86.33254,305.09,0.55,0.43,2023-10-24,2014,N20,VIIRS,n,2,292.38,1.9,N,2,VIIRS_NOAA20_SP
23.78837,86.33339,310.87,0.55,0.43,2023-10-24,2014,N20,VIIRS,n,2,292.91,2.13,N,2,VIIRS_NOAA20_SP
23.78889,86.37247,305.41,0.56,0.43,2023-10-24,2014,N20,VIIRS,n,2,291.08,1.22,N,2,VIIRS_NOAA20_SP
23.79301,86.35112,331.44,0.55,0.43,2023-10-24,2014,N20,VIIRS,n,2,294.08,4.1,N,2,VIIRS_NOAA20_SP
23.79689,86.35197,316.33,0.55,0.43,2023-10-24,2014,N20,VIIRS,n,2,292.43,4.1,N,2,VIIRS_NOAA20_SP
23.79965,87.04899,309.14,0.4,0.45,2023-10-24,2014,N20,VIIRS,n,2,292.81,1.53,N,2,VIIRS_NOAA20_SP
23.80042,87.04505,306.06,0.4,0.45,2023-10-24,2014,N20,VIIRS,n,2,291.84,1.53,N,2,VIIRS_NOAA20_SP
23.80488,86.33142,319.84,0.55,0.43,2023-10-24,2014,N20,VIIRS,n,2,293.04,2.68,N,2,VIIRS_NOAA20_SP
23.80589,86.32613,315.65,0.55,0.43,2023-10-24,2014,N20,VIIRS,n,2,293.23,2.68,N,2,VIIRS_NOAA20_SP
23.80793,86.31557,310.7,0.55,0.43,2023-10-24,2014,N20,VIIRS,n,2,293.85,3.44,N,2,VIIRS_NOAA20_SP
24.45061,83.0402,306.51,0.4,0.37,2023-10-24,2014,N20,VIIRS,n,2,293.28,0.93,N,2,VIIRS_NOAA20_SP
25.31082,83.01287,305.96,0.39,0.37,2023-10-24,2014,N20,VIIRS,n,2,295.51,0.98,N,2,VIIRS_NOAA20_SP
26.09398,68.87524,305.37,0.57,0.69,2023-10-24,2014,N20,VIIRS,n,2,291.57,0.99,N,2,VIIRS_NOAA20_SP
26.64565,79.47981,304.64,0.43,0.38,2023-10-24,2014,N20,VIIRS,n,2,291.17,0.52,N,2,VIIRS_NOAA20_SP
26.75967,83.19855,307.17,0.39,0.36,2023-10-24,2014,N20,VIIRS,n,2,292.83,1.45,N,2,VIIRS_NOAA20_SP
27.15837,81.20699,306.02,0.39,0.36,2023-10-24,2014,N20,VIIRS,n,2,290.71,0.69,N,0,VIIRS_NOAA20_SP
27.16168,81.20762,309.73,0.39,0.36,2023-10-24,2014,N20,VIIRS,n,2,290.68,0.83,N,0,VIIRS_NOAA20_SP
27.19619,81.36081,300.57,0.39,0.36,2023-10-24,2014,N20,VIIRS,n,2,290.51,0.24,N,0,VIIRS_NOAA20_SP
27.36213,81.83339,302.36,0.39,0.36,2023-10-24,2014,N20,VIIRS,n,2,289.78,0.57,N,0,VIIRS_NOAA20_SP
27.46787,78.41827,301.58,0.48,0.4,2023-10-24,2014,N20,VIIRS,n,2,290.12,0.52,N,0,VIIRS_NOAA20_SP
27.71348,75.78539,302.36,0.44,0.46,2023-10-24,2014,N20,VIIRS,n,2,287.9,1.03,N,0,VIIRS_NOAA20_SP
27.97298,79.70418,301.63,0.43,0.38,2023-10-24,2014,N20,VIIRS,n,2,289.02,0.61,N,0,VIIRS_NOAA20_SP
28.28997,80.09433,313.93,0.42,0.38,2023-10-24,2014,N20,VIIRS,n,2,288.18,1.52,N,0,VIIRS_NOAA20_SP
28.36632,79.91744,299.11,0.43,0.38,2023-10-24,2014,N20,VIIRS,n,2,289.07,0.44,N,0,VIIRS_NOAA20_SP
28.62917,77.39281,312.75,0.55,0.43,2023-10-24,2014,N20,VIIRS,n,2,293.06,1.68,N,0,VIIRS_NOAA20_SP
20.51505,85.72348,309.17,0.39,0.44,2023-10-24,2015,N20,VIIRS,n,2,292.72,0.78,N,2,VIIRS_NOAA20_SP
20.53244,85.91458,304.13,0.39,0.44,2023-10-24,2015,N20,VIIRS,n,2,292.14,0.55,N,0,VIIRS_NOAA20_SP
20.76215,85.29211,308.17,0.54,0.42,2023-10-24,2015,N20,VIIRS,n,2,291.65,1.36,N,2,VIIRS_NOAA20_SP
20.78693,85.26552,310.5,0.54,0.42,2023-10-24,2015,N20,VIIRS,n,2,292.78,2.48,N,2,VIIRS_NOAA20_SP
20.78787,85.26041,318.62,0.54,0.42,2023-10-24,2015,N20,VIIRS,n,2,293.28,2.48,N,2,VIIRS_NOAA20_SP
20.79357,85.25096,328.81,0.54,0.42,2023-10-24,2015,N20,VIIRS,n,2,292.22,6.18,N,2,VIIRS_NOAA20_SP
20.79647,85.25684,305.08,0.54,0.42,2023-10-24,2015,N20,VIIRS,n,2,291.76,1.11,N,2,VIIRS_NOAA20_SP
20.7974,85.25176,314.3,0.54,0.42,2023-10-24,2015,N20,VIIRS,n,2,291.54,1.11,N,2,VIIRS_NOAA20_SP
20.80029,85.25768,304.73,0.54,0.42,2023-10-24,2015,N20,VIIRS,n,2,291.41,1.11,N,2,VIIRS_NOAA20_SP
20.80411,85.25851,305.91,0.54,0.42,2023-10-24,2015,N20,VIIRS,n,2,292.09,1.88,N,2,VIIRS_NOAA20_SP
20.80886,85.25423,309.96,0.54,0.42,2023-10-24,2015,N20,VIIRS,n,2,292.49,1.88,N,2,VIIRS_NOAA20_SP
20.86369,84.99487,314.71,0.52,0.42,2023-10-24,2015,N20,VIIRS,n,2,293.02,1.58,N,2,VIIRS_NOAA20_SP
20.86397,84.99191,315.33,0.52,0.42,2023-10-24,2015,N20,VIIRS,n,2,293.63,2.41,N,2,VIIRS_NOAA20_SP
20.86836,84.9906,308.31,0.52,0.42,2023-10-24,2015,N20,VIIRS,n,2,293.0,2.17,N,2,VIIRS_NOAA20_SP
20.86868,84.98762,308.99,0.52,0.41,2023-10-24,2015,N20,VIIRS,n,2,292.51,1.06,N,2,VIIRS_NOAA20_SP
20.88929,84.98186,306.5,0.52,0.41,2023-10-24,2015,N20,VIIRS,n,2,292.88,1.36,N,2,VIIRS_NOAA20_SP
20.92453,86.04376,304.0,0.4,0.44,2023-10-24,2015,N20,VIIRS,n,2,292.12,0.54,N,2,VIIRS_NOAA20_SP
20.94309,86.0555,312.36,0.4,0.44,2023-10-24,2015,N20,VIIRS,n,2,292.37,1.75,N,2,VIIRS_NOAA20_SP
20.95052,85.01007,305.02,0.52,0.42,2023-10-24,2015,N20,VIIRS,n,2,292.6,1.53,N,2,VIIRS_NOAA20_SP
20.95252,86.04963,304.63,0.4,0.44,2023-10-24,2015,N20,VIIRS,n,2,293.15,1.07,N,2,VIIRS_NOAA20_SP
20.95324,86.04583,305.09,0.4,0.44,2023-10-24,2015,N20,VIIRS,n,2,291.85,0.84,N,2,VIIRS_NOAA20_SP
20.95517,85.00595,306.26,0.52,0.41,2023-10-24,2015,N20,VIIRS,n,2,292.63,1.35,N,2,VIIRS_NOAA20_SP
20.95906,85.17433,306.91,0.53,0.42,2023-10-24,2015,N20,VIIRS,n,2,292.69,2.28,N,2,VIIRS_NOAA20_SP
20.96092,85.16434,307.26,0.53,0.42,2023-10-24,2015,N20,VIIRS,n,2,292.49,2.48,N,2,VIIRS_NOAA20_SP
20.96285,85.17513,313.99,0.53,0.42,2023-10-24,2015,N20,VIIRS,n,2,294.44,2.28,N,2,VIIRS_NOAA20_SP
20.96371,85.14938,304.08,0.53,0.42,2023-10-24,2015,N20,VIIRS,n,2,292.31,1.46,N,0,VIIRS_NOAA20_SP
20.96379,85.17014,327.95,0.53,0.42,2023-10-24,2015,N20,VIIRS,n,2,295.1,2.48,N,2,VIIRS_NOAA20_SP
20.96471,85.16515,319.49,0.53,0.42,2023-10-24,2015,N20,VIIRS,n,2,293.28,2.48,N,2,VIIRS_NOAA20_SP
20.96478,85.18598,306.15,0.53,0.42,2023-10-24,2015,N20,VIIRS,n,2,292.82,1.63,N,2,VIIRS_NOAA20_SP
20.96564,85.16017,306.64,0.53,0.42,2023-10-24,2015,N20,VIIRS,n,2,292.35,1.22,N,2,VIIRS_NOAA20_SP
20.96657,85.15518,305.01,0.53,0.42,2023-10-24,2015,N20,VIIRS,n,2,292.39,1.22,N,2,VIIRS_NOAA20_SP
20.96665,85.17595,318.57,0.53,0.42,2023-10-24,2015,N20,VIIRS,n,2,293.16,2.44,N,2,VIIRS_NOAA20_SP
20.96754,86.01403,309.64,0.39,0.44,2023-10-24,2015,N20,VIIRS,n,2,292.41,1.79,N,2,VIIRS_NOAA20_SP
20.96824,86.01029,307.67,0.39,0.44,2023-10-24,2015,N20,VIIRS,n,2,292.63,1.68,N,2,VIIRS_NOAA20_SP
20.96843,85.01901,305.3,0.52,0.42,2023-10-24,2015,N20,VIIRS,n,2,293.49,3.68,N,0,VIIRS_NOAA20_SP
20.96887,85.01653,339.18,0.52,0.41,2023-10-24,2015,N20,VIIRS,n,2,295.02,7.2,N,0,VIIRS_NOAA20_SP
20.96932,85.01408,334.47,0.52,0.42,2023-10-24,2015,N20,VIIRS,n,2,294.07,3.68,N,0,VIIRS_NOAA20_SP
20.96964,86.00282,305.78,0.39,0.44,2023-10-24,2015,N20,VIIRS,n,2,292.99,1.25,N,2,VIIRS_NOAA20_SP
20.97044,85.17676,312.78,0.53,0.42,2023-10-24,2015,N20,VIIRS,n,2,292.8,2.44,N,2,VIIRS_NOAA20_SP
20.97137,85.17178,328.63,0.53,0.42,2023-10-24,2015,N20,VIIRS,n,2,293.63,3.04,N,2,VIIRS_NOAA20_SP
20.9723,85.16677,314.32,0.53,0.42,2023-10-24,2015,N20,VIIRS,n,2,293.47,3.04,N,2,VIIRS_NOAA20_SP
20.97362,86.0037,318.35,0.39,0.44,2023-10-24,2015,N20,VIIRS,n,2,293.05,1.25,N,2,VIIRS_NOAA20_SP
20.97501,85.13098,306.26,0.53,0.42,2023-10-24,2015,N20,VIIRS,n,2,292.5,2.02,N,2,VIIRS_NOAA20_SP
20.97786,85.1368,312.66,0.53,0.42,2023-10-24,2015,N20,VIIRS,n,2,293.34,2.67,N,2,VIIRS_NOAA20_SP
20.9798,85.14756,312.27,0.53,0.42,2023-10-24,2015,N20,VIIRS,n,2,292.27,1.21,N,2,VIIRS_NOAA20_SP
21.06671,85.03693,305.58,0.52,0.41,2023-10-24,2015,N20,VIIRS,n,2,293.63,1.22,N,0,VIIRS_NOAA20_SP
21.07085,85.0348,316.14,0.52,0.41,2023-10-24,2015,N20,VIIRS,n,2,294.81,2.46,N,2,VIIRS_NOAA20_SP
21.07135,85.03281,307.96,0.52,0.41,2023-10-24,2015,N20,VIIRS,n,2,293.25,2.7,N,2,VIIRS_NOAA20_SP
21.0771,85.04424,333.35,0.52,0.42,2023-10-24,2015,N20,VIIRS,n,2,294.67,4.71,N,2,VIIRS_NOAA20_SP
21.07745,85.04128,338.57,0.52,0.41,2023-10-24,2015,N20,VIIRS,n,2,295.47,6.88,N,2,VIIRS_NOAA20_SP
21.07799,85.03934,317.93,0.52,0.41,2023-10-24,2015,N20,VIIRS,n,2,294.34,4.97,N,2,VIIRS_NOAA20_SP
21.07836,85.03639,308.5,0.52,0.41,2023-10-24,2015,N20,VIIRS,n,2,294.84,2.99,N,2,VIIRS_NOAA20_SP
21.18207,81.38618,314.11,0.39,0.36,2023-10-24,2015,N20,VIIRS,n,2,295.69,1.51,N,3,VIIRS_NOAA20_SP
21.18266,81.38248,306.34,0.39,0.36,2023-10-24,2015,N20,VIIRS,n,2,292.21,1.23,N,2,VIIRS_NOAA20_SP
21.18537,81.38678,311.83,0.39,0.36,2023-10-24,2015,N20,VIIRS,n,2,294.27,1.51,N,3,VIIRS_NOAA20_SP
21.18807,81.39108,339.78,0.39,0.36,2023-10-24,2015,N20,VIIRS,n,2,296.5,2.8,N,2,VIIRS_NOAA20_SP
21.18867,81.38739,302.94,0.39,0.36,2023-10-24,2015,N20,VIIRS,n,2,292.74,2.8,N,2,VIIRS_NOAA20_SP
21.19022,81.20932,304.09,0.39,0.36,2023-10-24,2015,N20,VIIRS,n,2,292.13,0.73,N,0,VIIRS_NOAA20_SP
21.19199,81.19829,306.47,0.39,0.36,2023-10-24,2015,N20,VIIRS,n,2,291.61,0.71,N,2,VIIRS_NOAA20_SP
21.19439,81.41506,321.97,0.39,0.36,2023-10-24,2015,N20,VIIRS,n,2,292.45,1.18,N,2,VIIRS_NOAA20_SP
21.23177,79.62706,303.63,0.39,0.36,2023-10-24,2015,N20,VIIRS,n,2,290.53,0.84,N,2,VIIRS_NOAA20_SP
21.23453,79.63138,323.17,0.39,0.36,2023-10-24,2015,N20,VIIRS,n,2,291.79,1.53,N,2,VIIRS_NOAA20_SP
21.23509,79.62763,301.61,0.39,0.36,2023-10-24,2015,N20,VIIRS,n,2,289.89,0.84,N,2,VIIRS_NOAA20_SP
21.23994,81.38538,305.0,0.39,0.36,2023-10-24,2015,N20,VIIRS,n,2,293.37,0.74,N,2,VIIRS_NOAA20_SP
21.29849,81.6125,319.58,0.39,0.36,2023-10-24,2015,N20,VIIRS,n,2,291.21,1.77,N,2,VIIRS_NOAA20_SP
21.2997,81.60506,303.05,0.39,0.36,2023-10-24,2015,N20,VIIRS,n,2,290.5,0.46,N,2,VIIRS_NOAA20_SP
21.34028,81.66986,302.75,0.39,0.36,2023-10-24,2015,N20,VIIRS,n,2,291.59,0.53,N,2,VIIRS_NOAA20_SP
21.34359,81.67048,302.35,0.39,0.36,2023-10-24,2015,N20,VIIRS,n,2,291.82,0.53,N,2,VIIRS_NOAA20_SP
21.36047,81.6506,304.11,0.39,0.36,2023-10-24,2015,N20,VIIRS,n,2,293.77,0.75,N,2,VIIRS_NOAA20_SP
21.36615,81.67847,302.9,0.39,0.36,2023-10-24,2015,N20,VIIRS,n,2,292.46,1.1,N,2,VIIRS_NOAA20_SP
21.36891,81.64068,301.59,0.39,0.36,2023-10-24,2015,N20,VIIRS,n,2,291.22,1.14,N,2,VIIRS_NOAA20_SP
21.37216,81.68343,308.42,0.39,0.36,2023-10-24,2015,N20,VIIRS,n,2,294.2,1.28,N,2,VIIRS_NOAA20_SP
21.37552,81.64191,307.6,0.39,0.36,2023-10-24,2015,N20,VIIRS,n,2,293.04,0.97,N,2,VIIRS_NOAA20_SP
21.37608,81.68033,317.99,0.39,0.36,2023-10-24,2015,N20,VIIRS,n,2,294.94,1.28,N,2,VIIRS_NOAA20_SP
21.37822,81.64623,302.68,0.39,0.36,2023-10-24,2015,N20,VIIRS,n,2,292.31,0.86,N,2,VIIRS_NOAA20_SP
21.37939,81.68094,311.34,0.39,0.36,2023-10-24,2015,N20,VIIRS,n,2,293.83,1.18,N,2,VIIRS_NOAA20_SP
21.38363,81.6549,306.71,0.39,0.36,2023-10-24,2015,N20,VIIRS,n,2,291.96,0.68,N,2,VIIRS_NOAA20_SP
21.38875,81.64435,305.02,0.39,0.36,2023-10-24,2015,N20,VIIRS,n,2,292.57,1.31,N,2,VIIRS_NOAA20_SP
21.48746,81.7696,320.09,0.39,0.36,2023-10-24,2015,N20,VIIRS,n,2,294.19,1.5,N,2,VIIRS_NOAA20_SP
21.54375,81.94585,315.38,0.39,0.36,2023-10-24,2015,N20,VIIRS,n,2,294.38,1.7,N,2,VIIRS_NOAA20_SP
21.67753,84.03774,318.08,0.46,0.39,2023-10-24,2015,N20,VIIRS,n,2,293.49,2.36,N,2,VIIRS_NOAA20_SP
21.68108,84.03846,317.84,0.46,0.39,2023-10-24,2015,N20,VIIRS,n,2,294.35,2.36,N,2,VIIRS_NOAA20_SP
21.69959,84.03139,304.14,0.46,0.39,2023-10-24,2015,N20,VIIRS,n,2,292.93,0.78,N,2,VIIRS_NOAA20_SP
21.73139,82.21338,303.65,0.4,0.37,2023-10-24,2015,N20,VIIRS,n,2,293.25,0.69,N,2,VIIRS_NOAA20_SP
21.75587,84.02472,308.22,0.45,0.39,2023-10-24,2015,N20,VIIRS,n,2,295.31,1.45,N,2,VIIRS_NOAA20_SP
21.76372,84.02182,306.11,0.45,0.39,2023-10-24,2015,N20,VIIRS,n,2,293.72,1.65,N,2,VIIRS_NOAA20_SP
21.76448,84.0175,307.98,0.45,0.39,2023-10-24,2015,N20,VIIRS,n,2,294.36,1.65,N,2,VIIRS_NOAA20_SP
21.76726,84.02254,307.81,0.45,0.39,2023-10-24,2015,N20,VIIRS,n,2,293.32,1.58,N,2,VIIRS_NOAA20_SP
21.76802,84.01821,322.99,0.45,0.39,2023-10-24,2015,N20,VIIRS,n,2,295.71,1.58,N,2,VIIRS_NOAA20_SP
21.77155,83.83216,304.69,0.45,0.39,2023-10-24,2015,N20,VIIRS,n,2,293.88,1.28,N,0,VIIRS_NOAA20_SP
21.77157,84.01893,309.81,0.45,0.39,2023-10-24,2015,N20,VIIRS,n,2,294.08,1.58,N,2,VIIRS_NOAA20_SP
21.77581,83.82861,311.71,0.45,0.39,2023-10-24,2015,N20,VIIRS,n,2,294.03,2.07,N,2,VIIRS_NOAA20_SP
21.77858,83.8336,306.78,0.45,0.39,2023-10-24,2015,N20,VIIRS,n,2,293.5,1.87,N,2,VIIRS_NOAA20_SP
21.78134,83.8386,319.17,0.45,0.39,2023-10-24,2015,N20,VIIRS,n,2,295.23,1.87,N,0,VIIRS_NOAA20_SP
21.80404,83.89614,304.2,0.45,0.39,2023-10-24,2015,N20,VIIRS,n,2,293.29,1.16,N,0,VIIRS_NOAA20_SP
21.80553,83.88761,309.21,0.45,0.39,2023-10-24,2015,N20,VIIRS,n,2,294.54,1.3,N,2,VIIRS_NOAA20_SP
21.86049,83.96853,305.67,0.45,0.39,2023-10-24,2015,N20,VIIRS,n,2,293.6,1.57,N,0,VIIRS_NOAA20_SP
21.87739,83.49354,307.19,0.43,0.38,2023-10-24,2015,N20,VIIRS,n,2,292.03,0.87,N,2,VIIRS_NOAA20_SP
21.87784,83.5535,307.2,0.43,0.38,2023-10-24,2015,N20,VIIRS,n,2,291.94,0.99,N,2,VIIRS_NOAA20_SP
21.87926,83.5452,302.03,0.43,0.38,2023-10-24,2015,N20,VIIRS,n,2,291.51,0.41,N,2,VIIRS_NOAA20_SP
21.91924,83.35336,308.56,0.43,0.38,2023-10-24,2015,N20,VIIRS,n,2,294.79,2.6,N,2,VIIRS_NOAA20_SP
21.91993,83.34927,336.23,0.43,0.38,2023-10-24,2015,N20,VIIRS,n,2,296.16,3.66,N,2,VIIRS_NOAA20_SP
21.92178,83.35302,313.14,0.43,0.38,2023-10-24,2015,N20,VIIRS,n,2,294.95,2.86,N,2,VIIRS_NOAA20_SP
21.92249,83.34895,336.17,0.43,0.38,2023-10-24,2015,N20,VIIRS,n,2,297.39,2.59,N,2,VIIRS_NOAA20_SP
21.92337,83.34996,324.2,0.43,0.38,2023-10-24,2015,N20,VIIRS,n,2,295.78,3.66,N,2,VIIRS_NOAA20_SP
21.92593,83.34962,304.28,0.43,0.38,2023-10-24,2015,N20,VIIRS,n,2,292.44,2.59,N,2,VIIRS_NOAA20_SP
21.92806,83.33742,327.59,0.43,0.38,2023-10-24,2015,N20,VIIRS,n,2,295.16,4.24,N,2,VIIRS_NOAA20_SP
21.93032,85.22405,303.63,0.52,0.41,2023-10-24,2015,N20,VIIRS,n,2,290.36,0.71,N,2,VIIRS_NOAA20_SP
21.93124,85.21908,308.03,0.52,0.41,2023-10-24,2015,N20,VIIRS,n,2,290.78,2.41,N,2,VIIRS_NOAA20_SP
21.98065,83.23885,306.23,0.42,0.38,2023-10-24,2015,N20,VIIRS,n,2,294.69,1.11,N,2,VIIRS_NOAA20_SP
21.98546,83.23147,319.65,0.42,0.38,2023-10-24,2015,N20,VIIRS,n,2,295.65,2.46,N,2,VIIRS_NOAA20_SP
21.98719,83.36589,302.29,0.43,0.38,2023-10-24,2015,N20,VIIRS,n,2,291.96,0.62,N,0,VIIRS_NOAA20_SP
22.00353,82.66762,315.26,0.41,0.37,2023-10-24,2015,N20,VIIRS,n,2,293.02,1.46,N,2,VIIRS_NOAA20_SP
22.00625,82.67213,307.16,0.41,0.37,2023-10-24,2015,N20,VIIRS,n,2,291.77,0.57,N,2,VIIRS_NOAA20_SP
22.01875,83.7511,313.34,0.44,0.38,2023-10-24,2015,N20,VIIRS,n,2,293.04,1.49,N,0,VIIRS_NOAA20_SP
22.02435,83.37745,304.54,0.43,0.38,2023-10-24,2015,N20,VIIRS,n,2,291.88,0.78,N,2,VIIRS_NOAA20_SP
22.03249,83.36446,304.58,0.43,0.38,2023-10-24,2015,N20,VIIRS,n,2,292.92,1.44,N,2,VIIRS_NOAA20_SP
22.0332,83.36037,303.67,0.43,0.38,2023-10-24,2015,N20,VIIRS,n,2,292.61,1.25,N,2,VIIRS_NOAA20_SP
22.03806,83.35288,304.2,0.43,0.38,2023-10-24,2015,N20,VIIRS,n,2,292.82,0.83,N,2,VIIRS_NOAA20_SP
22.03877,83.34881,303.72,0.43,0.38,2023-10-24,2015,N20,VIIRS,n,2,291.6,0.83,N,0,VIIRS_NOAA20_SP
22.03986,83.73361,310.41,0.44,0.38,2023-10-24,2015,N20,VIIRS,n,2,292.51,2.12,N,2,VIIRS_NOAA20_SP
22.04261,83.73853,309.66,0.44,0.38,2023-10-24,2015,N20,VIIRS,n,2,294.26,2.87,N,2,VIIRS_NOAA20_SP
22.04334,83.73433,334.71,0.44,0.38,2023-10-24,2015,N20,VIIRS,n,2,294.79,2.87,N,2,VIIRS_NOAA20_SP
22.04407,83.73013,322.38,0.44,0.38,2023-10-24,2015,N20,VIIRS,n,2,293.28,2.98,N,0,VIIRS_NOAA20_SP
22.05109,88.12342,305.44,0.51,0.49,2023-10-24,2015,N20,VIIRS,n,2,291.74,1.59,N,2,VIIRS_NOAA20_SP
22.05379,85.46543,304.97,0.53,0.42,2023-10-24,2015,N20,VIIRS,n,2,290.57,1.02,N,2,VIIRS_NOAA20_SP
22.05554,88.12444,314.6,0.51,0.49,2023-10-24,2015,N20,VIIRS,n,2,293.36,1.59,N,2,VIIRS_NOAA20_SP
22.05599,83.72385,304.92,0.44,0.38,2023-10-24,2015,N20,VIIRS,n,2,293.03,1.14,N,2,VIIRS_NOAA20_SP
22.05948,83.72453,303.45,0.44,0.38,2023-10-24,2015,N20,VIIRS,n,2,292.99,1.33,N,2,VIIRS_NOAA20_SP
22.09849,85.35011,302.64,0.52,0.42,2023-10-24,2015,N20,VIIRS,n,2,290.79,0.89,N,0,VIIRS_NOAA20_SP
22.10311,83.11997,306.0,0.42,0.37,2023-10-24,2015,N20,VIIRS,n,2,293.16,1.83,N,2,VIIRS_NOAA20_SP
22.10498,83.52283,325.92,0.43,0.38,2023-10-24,2015,N20,VIIRS,n,2,294.08,3.3,N,0,VIIRS_NOAA20_SP
22.10844,83.52353,305.02,0.43,0.38,2023-10-24,2015,N20,VIIRS,n,2,292.34,1.01,N,0,VIIRS_NOAA20_SP
22.18608,82.12177,299.88,0.39,0.36,2023-10-24,2015,N20,VIIRS,n,2,289.72,0.51,N,0,VIIRS_NOAA20_SP
22.20879,84.86066,304.15,0.49,0.4,2023-10-24,2015,N20,VIIRS,n,2,292.45,1.16,N,2,VIIRS_NOAA20_SP
22.21159,84.8661,308.63,0.49,0.4,2023-10-24,2015,N20,VIIRS,n,2,292.47,2.72,N,2,VIIRS_NOAA20_SP
22.21245,84.86143,326.48,0.49,0.4,2023-10-24,2015,N20,VIIRS,n,2,291.97,2.72,N,2,VIIRS_NOAA20_SP
22.2144,84.87155,327.77,0.49,0.4,2023-10-24,2015,N20,VIIRS,n,2,293.49,4.22,N,2,VIIRS_NOAA20_SP
22.22117,84.75217,303.24,0.48,0.4,2023-10-24,2015,N20,VIIRS,n,2,292.39,0.7,N,2,VIIRS_NOAA20_SP
22.22481,84.75294,303.57,0.48,0.4,2023-10-24,2015,N20,VIIRS,n,2,292.08,0.98,N,2,VIIRS_NOAA20_SP
22.2255,84.7515,303.47,0.48,0.4,2023-10-24,2015,N20,VIIRS,n,2,291.75,2.24,N,2,VIIRS_NOAA20_SP
22.24306,87.3895,304.52,0.45,0.47,2023-10-24,2015,N20,VIIRS,n,2,291.12,0.94,N,2,VIIRS_NOAA20_SP
22.26406,75.1322,305.09,0.42,0.45,2023-10-24,2015,N20,VIIRS,n,2,293.34,0.81,N,2,VIIRS_NOAA20_SP
22.2682,75.13281,305.4,0.42,0.45,2023-10-24,2015,N20,VIIRS,n,2,295.01,0.81,N,2,VIIRS_NOAA20_SP
22.31309,84.76649,302.75,0.48,0.4,2023-10-24,2015,N20,VIIRS,n,2,291.88,1.28,N,2,VIIRS_NOAA20_SP
22.31522,82.53368,306.03,0.4,0.37,2023-10-24,2015,N20,VIIRS,n,2,291.1,1.39,N,2,VIIRS_NOAA20_SP
22.31572,82.73742,311.24,0.41,0.37,2023-10-24,2015,N20,VIIRS,n,2,291.65,1.23,N,0,VIIRS_NOAA20_SP
22.32011,82.56639,315.0,0.4,0.37,2023-10-24,2015,N20,VIIRS,n,2,291.92,1.61,N,0,VIIRS_NOAA20_SP
22.325,82.59919,333.18,0.4,0.37,2023-10-24,2015,N20,VIIRS,n,2,292.71,1.95,N,2,VIIRS_NOAA20_SP
22.32536,82.65913,305.48,0.4,0.37,2023-10-24,2015,N20,VIIRS,n,2,293.21,1.07,N,2,VIIRS_NOAA20_SP
22.32819,82.68371,311.89,0.4,0.37,2023-10-24,2015,N20,VIIRS,n,2,292.14,1.46,N,2,VIIRS_NOAA20_SP
22.32835,82.59985,313.03,0.4,0.37,2023-10-24,2015,N20,VIIRS,n,2,292.83,1.95,N,0,VIIRS_NOAA20_SP
22.33002,82.65203,316.18,0.4,0.37,2023-10-24,2015,N20,VIIRS,n,2,292.89,1.47,N,2,VIIRS_NOAA20_SP
22.33106,82.60436,306.9,0.4,0.37,2023-10-24,2015,N20,VIIRS,n,2,292.61,1.02,N,2,VIIRS_NOAA20_SP
22.33273,82.65656,306.43,0.4,0.37,2023-10-24,2015,N20,VIIRS,n,2,292.84,1.47,N,2,VIIRS_NOAA20_SP
22.34627,82.5754,311.16,0.4,0.37,2023-10-24,2015,N20,VIIRS,n,2,291.95,1.83,N,0,VIIRS_NOAA20_SP
22.35533,82.2929,304.53,0.4,0.37,2023-10-24,2015,N20,VIIRS,n,2,290.96,0.79,N,0,VIIRS_NOAA20_SP
22.35908,87.28912,305.58,0.44,0.46,2023-10-24,2015,N20,VIIRS,n,2,291.2,1.14,N,2,VIIRS_NOAA20_SP
22.36062,87.01651,308.77,0.43,0.46,2023-10-24,2015,N20,VIIRS,n,2,292.07,1.3,N,2,VIIRS_NOAA20_SP
22.36475,87.01742,317.24,0.43,0.46,2023-10-24,2015,N20,VIIRS,n,2,292.33,2.56,N,2,VIIRS_NOAA20_SP
22.36582,87.2995,313.23,0.44,0.46,2023-10-24,2015,N20,VIIRS,n,2,291.64,2.55,N,2,VIIRS_NOAA20_SP
22.37002,87.30045,317.11,0.44,0.46,2023-10-24,2015,N20,VIIRS,n,2,291.14,2.47,N,2,VIIRS_NOAA20_SP
22.37833,87.2803,321.02,0.44,0.46,2023-10-24,2015,N20,VIIRS,n,2,291.85,1.8,N,2,VIIRS_NOAA20_SP
22.37915,87.27608,305.45,0.44,0.46,2023-10-24,2015,N20,VIIRS,n,2,290.53,1.8,N,2,VIIRS_NOAA20_SP
22.38088,87.28969,303.47,0.44,0.46,2023-10-24,2015,N20,VIIRS,n,2,290.42,1.14,N,2,VIIRS_NOAA20_SP
22.7886,86.19489,304.77,0.56,0.43,2023-10-24,2015,N20,VIIRS,n,2,291.61,1.94,N,2,VIIRS_NOAA20_SP
22.79046,86.20654,304.83,0.57,0.43,2023-10-24,2015,N20,VIIRS,n,2,292.44,2.44,N,2,VIIRS_NOAA20_SP
22.79149,86.20112,307.77,0.57,0.43,2023-10-24,2015,N20,VIIRS,n,2,292.17,1.76,N,2,VIIRS_NOAA20_SP
22.7925,86.19573,315.04,0.56,0.43,2023-10-24,2015,N20,VIIRS,n,2,292.31,1.76,N,2,VIIRS_NOAA20_SP
22.80007,86.09123,309.7,0.56,0.43,2023-10-24,2015,N20,VIIRS,n,2,291.9,1.89,N,2,VIIRS_NOAA20_SP
22.80884,86.08755,302.77,0.56,0.43,2023-10-24,2015,N20,VIIRS,n,2,291.18,1.65,N,2,VIIRS_NOAA20_SP
22.81761,86.08386,308.93,0.56,0.43,2023-10-24,2015,N20,VIIRS,n,2,290.82,1.46,N,2,VIIRS_NOAA20_SP
22.85579,86.05528,303.23,0.55,0.43,2023-10-24,2015,N20,VIIRS,n,2,290.69,1.59,N,2,VIIRS_NOAA20_SP
22.85937,86.05443,304.05,0.55,0.43,2023-10-24,2015,N20,VIIRS,n,2,290.41,1.39,N,2,VIIRS_NOAA20_SP
22.87512,86.05953,308.96,0.55,0.43,2023-10-24,2015,N20,VIIRS,n,2,290.86,1.73,N,2,VIIRS_NOAA20_SP
23.10624,70.18436,306.0,0.44,0.62,2023-10-24,2015,N20,VIIRS,n,2,293.91,1.49,N,2,VIIRS_NOAA20_SP
23.16873,82.34187,317.82,0.39,0.36,2023-10-24,2015,N20,VIIRS,n,2,292.69,1.64,N,2,VIIRS_NOAA20_SP
23.29909,79.85448,304.96,0.4,0.37,2023-10-24,2015,N20,VIIRS,n,2,289.13,0.8,N,0,VIIRS_NOAA20_SP
23.31706,70.18895,304.02,0.44,0.62,2023-10-24,2015,N20,VIIRS,n,2,292.91,0.89,N,0,VIIRS_NOAA20_SP
23.33253,70.21246,303.84,0.44,0.62,2023-10-24,2015,N20,VIIRS,n,2,292.65,0.62,N,0,VIIRS_NOAA20_SP
23.40872,72.41518,302.1,0.32,0.54,2023-10-24,2015,N20,VIIRS,n,2,290.23,0.35,N,0,VIIRS_NOAA20_SP
23.48168,87.35342,303.13,0.43,0.46,2023-10-24,2015,N20,VIIRS,n,2,290.91,0.6,N,2,VIIRS_NOAA20_SP
23.51522,87.27171,305.87,0.42,0.45,2023-10-24,2015,N20,VIIRS,n,2,291.18,1.21,N,2,VIIRS_NOAA20_SP
23.54637,72.4064,301.42,0.32,0.55,2023-10-24,2015,N20,VIIRS,n,2,290.0,0.63,N,0,VIIRS_NOAA20_SP
23.55109,87.24194,310.12,0.42,0.45,2023-10-24,2015,N20,VIIRS,n,2,291.37,0.99,N,3,VIIRS_NOAA20_SP
23.55519,87.24287,304.03,0.42,0.45,2023-10-24,2015,N20,VIIRS,n,2,291.23,0.99,N,3,VIIRS_NOAA20_SP
23.55598,87.23885,310.97,0.42,0.45,2023-10-24,2015,N20,VIIRS,n,2,290.57,0.99,N,2,VIIRS_NOAA20_SP
23.56007,87.2398,341.24,0.42,0.45,2023-10-24,2015,N20,VIIRS,n,2,291.42,5.48,N,2,VIIRS_NOAA20_SP
23.56136,87.08185,312.51,0.41,0.45,2023-10-24,2015,N20,VIIRS,n,2,291.99,1.62,N,0,VIIRS_NOAA20_SP
23.56164,87.2318,329.99,0.42,0.45,2023-10-24,2015,N20,VIIRS,n,2,291.33,4.46,N,2,VIIRS_NOAA20_SP
23.60734,87.15031,305.47,0.41,0.45,2023-10-24,2015,N20,VIIRS,n,2,290.96,1.3,N,2,VIIRS_NOAA20_SP
23.61427,86.79086,314.13,0.39,0.44,2023-10-24,2015,N20,VIIRS,n,2,291.82,1.35,N,2,VIIRS_NOAA20_SP
23.61506,86.78683,306.83,0.39,0.44,2023-10-24,2015,N20,VIIRS,n,2,291.47,1.35,N,2,VIIRS_NOAA20_SP
23.63312,86.29491,303.31,0.55,0.43,2023-10-24,2015,N20,VIIRS,n,2,291.21,1.57,N,2,VIIRS_NOAA20_SP
23.67001,86.42108,308.26,0.56,0.43,2023-10-24,2015,N20,VIIRS,n,2,292.06,1.84,N,2,VIIRS_NOAA20_SP
23.67054,86.41718,307.26,0.56,0.43,2023-10-24,2015,N20,VIIRS,n,2,291.66,1.45,N,0,VIIRS_NOAA20_SP
23.67862,86.3964,307.37,0.56,0.43,2023-10-24,2015,N20,VIIRS,n,2,292.88,1.78,N,2,VIIRS_NOAA20_SP
23.68354,86.39188,324.12,0.56,0.43,2023-10-24,2015,N20,VIIRS,n,2,292.91,2.93,N,2,VIIRS_NOAA20_SP
23.68743,86.39272,314.03,0.56,0.43,2023-10-24,2015,N20,VIIRS,n,2,292.21,2.93,N,2,VIIRS_NOAA20_SP
23.68846,86.3874,308.73,0.56,0.43,2023-10-24,2015,N20,VIIRS,n,2,292.55,2.05,N,2,VIIRS_NOAA20_SP
23.70912,85.40456,303.12,0.5,0.41,2023-10-24,2015,N20,VIIRS,n,2,290.39,0.79,N,2,VIIRS_NOAA20_SP
23.70933,85.4244,300.18,0.5,0.41,2023-10-24,2015,N20,VIIRS,n,2,290.06,0.56,N,0,VIIRS_NOAA20_SP
23.7213,85.00704,305.12,0.48,0.4,2023-10-24,2015,N20,VIIRS,n,2,290.57,0.5,N,2,VIIRS_NOAA20_SP
23.73936,85.01087,303.31,0.48,0.4,2023-10-24,2015,N20,VIIRS,n,2,293.13,0.98,N,2,VIIRS_NOAA20_SP
23.7402,85.00624,302.76,0.48,0.4,2023-10-24,2015,N20,VIIRS,n,2,291.28,0.98,N,2,VIIRS_NOAA20_SP
23.74645,85.50455,302.56,0.5,0.41,2023-10-24,2015,N20,VIIRS,n,2,290.56,1.4,N,2,VIIRS_NOAA20_SP
23.74656,86.42268,307.8,0.56,0.43,2023-10-24,2015,N20,VIIRS,n,2,291.9,3.04,N,2,VIIRS_NOAA20_SP
23.75148,86.4181,303.72,0.56,0.43,2023-10-24,2015,N20,VIIRS,n,2,291.6,1.84,N,2,VIIRS_NOAA20_SP
23.75841,86.4028,337.73,0.56,0.43,2023-10-24,2015,N20,VIIRS,n,2,293.81,5.34,N,2,VIIRS_NOAA20_SP
23.75942,86.39746,320.22,0.56,0.43,2023-10-24,2015,N20,VIIRS,n,2,292.64,5.34,N,2,VIIRS_NOAA20_SP
23.76431,86.39293,317.65,0.56,0.43,2023-10-24,2015,N20,VIIRS,n,2,294.53,2.18,N,2,VIIRS_NOAA20_SP
23.76719,86.39917,308.62,0.56,0.43,2023-10-24,2015,N20,VIIRS,n,2,292.85,3.53,N,2,VIIRS_NOAA20_SP
23.76735,86.37675,311.53,0.56,0.43,2023-10-24,2015,N20,VIIRS,n,2,293.45,3.14,N,2,VIIRS_NOAA20_SP
23.7682,86.39379,312.52,0.56,0.43,2023-10-24,2015,N20,VIIRS,n,2,294.63,2.18,N,2,VIIRS_NOAA20_SP
23.76837,86.37136,309.32,0.56,0.43,2023-10-24,2015,N20,VIIRS,n,2,292.47,2.28,N,2,VIIRS_NOAA20_SP
23.76921,86.38838,304.61,0.56,0.43,2023-10-24,2015,N20,VIIRS,n,2,292.71,2.18,N,2,VIIRS_NOAA20_SP
23.77208,86.39463,305.06,0.56,0.43,2023-10-24,2015,N20,VIIRS,n,2,292.62,1.97,N,2,VIIRS_NOAA20_SP
23.77235,86.2007,310.38,0.55,0.42,2023-10-24,2015,N20,VIIRS,n,2,292.42,2.35,N,2,VIIRS_NOAA20_SP
23.77309,86.38923,306.69,0.56,0.43,2023-10-24,2015,N20,VIIRS,n,2,292.61,1.97,N,2,VIIRS_NOAA20_SP
23.77422,86.21201,311.65,0.55,0.42,2023-10-24,2015,N20,VIIRS,n,2,292.22,2.12,N,2,VIIRS_NOAA20_SP
23.77698,86.39007,319.67,0.56,0.43,2023-10-24,2015,N20,VIIRS,n,2,293.2,1.97,N,2,VIIRS_NOAA20_SP
23.77799,86.38467,303.57,0.56,0.43,2023-10-24,2015,N20,VIIRS,n,2,290.95,2.06,N,2,VIIRS_NOAA20_SP
23.77812,86.36243,304.18,0.56,0.43,2023-10-24,2015,N20,VIIRS,n,2,292.0,1.07,N,2,VIIRS_NOAA20_SP
23.77905,86.20757,310.62,0.55,0.42,2023-10-24,2015,N20,VIIRS,n,2,292.88,3.88,N,2,VIIRS_NOAA20_SP
23.77985,86.39632,316.01,0.56,0.43,2023-10-24,2015,N20,VIIRS,n,2,292.98,3.87,N,2,VIIRS_NOAA20_SP
23.77999,86.37397,309.87,0.56,0.43,2023-10-24,2015,N20,VIIRS,n,2,292.13,2.38,N,2,VIIRS_NOAA20_SP
23.78086,86.39091,327.12,0.56,0.43,2023-10-24,2015,N20,VIIRS,n,2,294.34,3.87,N,2,VIIRS_NOAA20_SP
23.78112,86.34638,320.84,0.56,0.43,2023-10-24,2015,N20,VIIRS,n,2,292.99,3.17,N,2,VIIRS_NOAA20_SP
23.7829,86.2084,324.43,0.55,0.42,2023-10-24,2015,N20,VIIRS,n,2,293.14,3.5,N,2,VIIRS_NOAA20_SP
23.78699,86.33656,304.76,0.55,0.43,2023-10-24,2015,N20,VIIRS,n,2,292.57,3.08,N,2,VIIRS_NOAA20_SP
23.788,86.33117,307.51,0.55,0.43,2023-10-24,2015,N20,VIIRS,n,2,292.33,1.79,N,2,VIIRS_NOAA20_SP
23.78874,86.37036,306.28,0.56,0.43,2023-10-24,2015,N20,VIIRS,n,2,291.47,2.23,N,2,VIIRS_NOAA20_SP
23.79174,86.35427,311.01,0.56,0.43,2023-10-24,2015,N20,VIIRS,n,2,292.66,2.03,N,2,VIIRS_NOAA20_SP
23.79274,86.34895,312.25,0.56,0.43,2023-10-24,2015,N20,VIIRS,n,2,292.41,2.03,N,2,VIIRS_NOAA20_SP
23.7943,86.23298,304.48,0.55,0.42,2023-10-24,2015,N20,VIIRS,n,2,291.17,1.11,N,2,VIIRS_NOAA20_SP
23.81019,84.84627,300.44,0.47,0.39,2023-10-24,2015,N20,VIIRS,n,2,290.05,1.07,N,2,VIIRS_NOAA20_SP
23.82398,85.5012,305.62,0.5,0.41,2023-10-24,2015,N20,VIIRS,n,2,292.52,1.22,N,2,VIIRS_NOAA20_SP
23.82486,85.49636,304.24,0.5,0.41,2023-10-24,2015,N20,VIIRS,n,2,291.84,2.0,N,2,VIIRS_NOAA20_SP
23.9281,85.34089,299.82,0.49,0.4,2023-10-24,2015,N20,VIIRS,n,2,289.28,1.11,N,0,VIIRS_NOAA20_SP
23.98119,78.55115,297.92,0.44,0.38,2023-10-24,2015,N20,VIIRS,n,2,287.85,0.32,N,0,VIIRS_NOAA20_SP
23.98973,79.39288,311.83,0.41,0.37,2023-10-24,2015,N20,VIIRS,n,2,294.44,1.11,N,2,VIIRS_NOAA20_SP
24.00988,80.52779,303.43,0.39,0.36,2023-10-24,2015,N20,VIIRS,n,2,290.73,0.96,N,0,VIIRS_NOAA20_SP
24.05472,80.61228,304.82,0.39,0.36,2023-10-24,2015,N20,VIIRS,n,2,291.81,1.25,N,2,VIIRS_NOAA20_SP
24.15739,82.66908,310.22,0.39,0.36,2023-10-24,2015,N20,VIIRS,n,2,290.16,0.64,N,0,VIIRS_NOAA20_SP
24.168,80.69453,304.6,0.39,0.36,2023-10-24,2015,N20,VIIRS,n,2,291.65,0.88,N,2,VIIRS_NOAA20_SP
24.16847,82.56058,318.44,0.39,0.36,2023-10-24,2015,N20,VIIRS,n,2,292.61,1.58,N,2,VIIRS_NOAA20_SP
24.17274,82.67996,304.22,0.39,0.37,2023-10-24,2015,N20,VIIRS,n,2,290.39,0.42,N,0,VIIRS_NOAA20_SP
24.17448,82.64864,303.6,0.39,0.36,2023-10-24,2015,N20,VIIRS,n,2,292.31,0.54,N,0,VIIRS_NOAA20_SP
24.18316,82.57525,305.03,0.39,0.36,2023-10-24,2015,N20,VIIRS,n,2,290.54,0.98,N,0,VIIRS_NOAA20_SP
24.20518,82.52447,300.79,0.39,0.36,2023-10-24,2015,N20,VIIRS,n,2,289.81,0.55,N,2,VIIRS_NOAA20_SP
24.20546,82.71028,313.09,0.39,0.37,2023-10-24,2015,N20,VIIRS,n,2,292.15,1.28,N,2,VIIRS_NOAA20_SP
24.20879,82.7109,315.01,0.39,0.37,2023-10-24,2015,N20,VIIRS,n,2,293.41,1.63,N,2,VIIRS_NOAA20_SP
24.32543,81.3258,302.42,0.38,0.36,2023-10-24,2015,N20,VIIRS,n,2,290.94,0.51,N,2,VIIRS_NOAA20_SP
24.53025,81.16898,305.47,0.38,0.36,2023-10-24,2015,N20,VIIRS,n,2,293.09,0.84,N,2,VIIRS_NOAA20_SP
24.56628,81.0012,305.8,0.39,0.36,2023-10-24,2015,N20,VIIRS,n,2,293.04,0.75,N,2,VIIRS_NOAA20_SP
24.66144,74.6315,308.15,0.48,0.48,2023-10-24,2015,N20,VIIRS,n,2,293.01,2.12,N,2,VIIRS_NOAA20_SP
24.6991,77.00358,301.08,0.52,0.42,2023-10-24,2015,N20,VIIRS,n,2,287.48,0.29,N,0,VIIRS_NOAA20_SP
24.71802,75.95126,301.89,0.4,0.44,2023-10-24,2015,N20,VIIRS,n,2,291.6,0.87,N,2,VIIRS_NOAA20_SP
24.76716,74.60503,303.93,0.48,0.48,2023-10-24,2015,N20,VIIRS,n,2,290.86,2.78,N,2,VIIRS_NOAA20_SP
25.05518,77.01177,306.78,0.53,0.42,2023-10-24,2015,N20,VIIRS,n,2,289.53,1.32,N,0,VIIRS_NOAA20_SP
25.40148,68.56101,313.47,0.59,0.7,2023-10-24,2015,N20,VIIRS,n,2,290.81,1.85,N,0,VIIRS_NOAA20_SP
25.40187,68.56277,316.8,0.59,0.7,2023-10-24,2015,N20,VIIRS,n,2,291.38,1.66,N,2,VIIRS_NOAA20_SP
17.46402,80.65408,312.49,0.39,0.36,2023-10-24,2016,N20,VIIRS,n,2,294.66,1.72,N,0,VIIRS_NOAA20_SP
17.58589,80.31814,302.4,0.39,0.36,2023-10-24,2016,N20,VIIRS,n,2,290.97,1.11,N,0,VIIRS_NOAA20_SP
17.66442,80.48707,310.52,0.39,0.36,2023-10-24,2016,N20,VIIRS,n,2,294.95,0.91,N,0,VIIRS_NOAA20_SP
17.69276,83.24194,330.99,0.47,0.4,2023-10-24,2016,N20,VIIRS,n,2,293.16,5.16,N,2,VIIRS_NOAA20_SP
17.95507,80.79498,309.5,0.39,0.36,2023-10-24,2016,N20,VIIRS,n,2,297.28,2.39,N,2,VIIRS_NOAA20_SP
18.67869,79.55284,307.08,0.39,0.36,2023-10-24,2016,N20,VIIRS,n,2,295.17,0.96,N,0,VIIRS_NOAA20_SP
18.68185,73.03579,305.2,0.51,0.49,2023-10-24,2016,N20,VIIRS,n,2,292.72,1.26,N,2,VIIRS_NOAA20_SP
18.68199,79.5534,305.19,0.39,0.36,2023-10-24,2016,N20,VIIRS,n,2,293.17,0.34,N,0,VIIRS_NOAA20_SP
18.68581,73.04121,306.41,0.51,0.49,2023-10-24,2016,N20,VIIRS,n,2,293.47,1.26,N,2,VIIRS_NOAA20_SP
18.68638,73.0364,305.71,0.51,0.49,2023-10-24,2016,N20,VIIRS,n,2,293.0,1.26,N,2,VIIRS_NOAA20_SP
18.68695,73.03158,305.37,0.51,0.49,2023-10-24,2016,N20,VIIRS,n,2,293.47,3.03,N,2,VIIRS_NOAA20_SP
18.69486,73.04244,306.36,0.51,0.49,2023-10-24,2016,N20,VIIRS,n,2,292.15,1.56,N,2,VIIRS_NOAA20_SP
18.69543,73.03764,309.28,0.51,0.49,2023-10-24,2016,N20,VIIRS,n,2,292.91,1.56,N,2,VIIRS_NOAA20_SP
18.71387,77.64694,296.54,0.43,0.38,2023-10-24,2016,N20,VIIRS,n,2,283.16,0.39,N,0,VIIRS_NOAA20_SP
18.72166,79.53779,314.27,0.39,0.36,2023-10-24,2016,N20,VIIRS,n,2,295.83,1.16,N,2,VIIRS_NOAA20_SP
18.97446,71.62077,318.43,0.63,0.54,2023-10-24,2016,N20,VIIRS,n,2,295.44,2.13,N,3,VIIRS_NOAA20_SP
19.05438,77.33274,319.11,0.44,0.38,2023-10-24,2016,N20,VIIRS,n,2,289.13,1.53,N,0,VIIRS_NOAA20_SP
19.05453,77.33005,316.64,0.44,0.38,2023-10-24,2016,N20,VIIRS,n,2,288.46,1.58,N,0,VIIRS_NOAA20_SP
19.10392,73.05281,308.89,0.51,0.49,2023-10-24,2016,N20,VIIRS,n,2,290.53,0.87,N,2,VIIRS_NOAA20_SP
19.10428,82.1674,309.47,0.41,0.37,2023-10-24,2016,N20,VIIRS,n,2,290.24,1.69,N,0,VIIRS_NOAA20_SP
19.10493,82.16354,312.44,0.41,0.37,2023-10-24,2016,N20,VIIRS,n,2,287.47,0.69,N,0,VIIRS_NOAA20_SP
19.3706,71.35175,336.89,0.33,0.55,2023-10-24,2016,N20,VIIRS,n,2,295.78,2.27,N,3,VIIRS_NOAA20_SP
19.37357,71.35065,321.97,0.33,0.56,2023-10-24,2016,N20,VIIRS,n,2,295.77,1.49,N,3,VIIRS_NOAA20_SP
19.61126,71.31309,333.61,0.34,0.56,2023-10-24,2016,N20,VIIRS,n,2,296.13,2.73,N,3,VIIRS_NOAA20_SP
19.7862,79.14787,306.21,0.39,0.36,2023-10-24,2016,N20,VIIRS,n,2,294.2,0.92,N,2,VIIRS_NOAA20_SP
20.00498,79.18314,304.08,0.39,0.37,2023-10-24,2016,N20,VIIRS,n,2,292.27,0.7,N,0,VIIRS_NOAA20_SP
20.29363,79.00282,301.31,0.4,0.37,2023-10-24,2016,N20,VIIRS,n,2,291.12,0.56,N,0,VIIRS_NOAA20_SP
20.57422,74.55475,299.66,0.43,0.46,2023-10-24,2016,N20,VIIRS,n,2,288.18,0.28,N,0,VIIRS_NOAA20_SP
20.69745,78.6375,302.32,0.41,0.37,2023-10-24,2016,N20,VIIRS,n,2,290.61,1.02,N,2,VIIRS_NOAA20_SP
20.83753,70.69205,308.53,0.38,0.59,2023-10-24,2016,N20,VIIRS,n,2,293.19,0.8,N,2,VIIRS_NOAA20_SP
20.91029,71.45803,307.07,0.34,0.56,2023-10-24,2016,N20,VIIRS,n,2,294.44,0.9,N,2,VIIRS_NOAA20_SP
21.10411,72.64541,320.28,0.58,0.52,2023-10-24,2016,N20,VIIRS,n,2,296.24,4.53,N,2,VIIRS_NOAA20_SP
21.10533,72.63427,345.98,0.58,0.52,2023-10-24,2016,N20,VIIRS,n,2,297.93,12.02,N,2,VIIRS_NOAA20_SP
21.10891,72.64601,331.34,0.58,0.52,2023-10-24,2016,N20,VIIRS,n,2,299.61,6.14,N,2,VIIRS_NOAA20_SP
21.17454,72.93214,313.9,0.55,0.51,2023-10-24,2016,N20,VIIRS,n,2,291.68,1.39,N,0,VIIRS_NOAA20_SP
21.24838,79.22318,312.45,0.4,0.37,2023-10-24,2016,N20,VIIRS,n,2,292.18,1.9,N,2,VIIRS_NOAA20_SP
21.26863,79.17957,307.03,0.4,0.37,2023-10-24,2016,N20,VIIRS,n,2,291.81,1.29,N,2,VIIRS_NOAA20_SP
14.60732,78.52304,310.62,0.39,0.36,2023-10-24,2017,N20,VIIRS,n,2,298.03,0.96,N,2,VIIRS_NOAA20_SP
14.76636,78.43945,308.18,0.39,0.36,2023-10-24,2017,N20,VIIRS,n,2,293.63,1.06,N,0,VIIRS_NOAA20_SP
14.80771,79.99062,306.92,0.39,0.36,2023-10-24,2017,N20,VIIRS,n,2,295.43,0.81,N,0,VIIRS_NOAA20_SP
14.87288,78.05386,322.76,0.39,0.36,2023-10-24,2017,N20,VIIRS,n,2,294.84,2.48,N,2,VIIRS_NOAA20_SP
15.02231,78.01101,306.39,0.39,0.37,2023-10-24,2017,N20,VIIRS,n,2,296.34,0.71,N,2,VIIRS_NOAA20_SP
15.06144,77.94957,307.65,0.4,0.37,2023-10-24,2017,N20,VIIRS,n,2,297.31,1.09,N,0,VIIRS_NOAA20_SP
15.13682,76.71002,304.04,0.43,0.38,2023-10-24,2017,N20,VIIRS,n,2,292.61,0.85,N,2,VIIRS_NOAA20_SP
15.13853,76.7095,305.37,0.43,0.38,2023-10-24,2017,N20,VIIRS,n,2,292.9,0.88,N,2,VIIRS_NOAA20_SP
15.15247,76.71166,306.6,0.43,0.38,2023-10-24,2017,N20,VIIRS,n,2,292.75,1.53,N,2,VIIRS_NOAA20_SP
15.16986,76.66525,331.81,0.43,0.38,2023-10-24,2017,N20,VIIRS,n,2,297.57,2.97,N,2,VIIRS_NOAA20_SP
15.17105,76.3797,310.53,0.45,0.39,2023-10-24,2017,N20,VIIRS,n,2,295.92,1.93,N,2,VIIRS_NOAA20_SP
15.17335,76.66576,313.12,0.43,0.38,2023-10-24,2017,N20,VIIRS,n,2,295.17,2.97,N,2,VIIRS_NOAA20_SP
15.17453,76.68234,304.6,0.43,0.38,2023-10-24,2017,N20,VIIRS,n,2,293.93,0.93,N,2,VIIRS_NOAA20_SP
15.17509,76.65373,322.25,0.43,0.38,2023-10-24,2017,N20,VIIRS,n,2,295.7,3.19,N,2,VIIRS_NOAA20_SP
15.17519,76.37611,316.82,0.45,0.39,2023-10-24,2017,N20,VIIRS,n,2,295.52,1.28,N,2,VIIRS_NOAA20_SP
15.178,76.65828,317.29,0.43,0.38,2023-10-24,2017,N20,VIIRS,n,2,297.15,2.46,N,2,VIIRS_NOAA20_SP
15.17858,76.65426,325.96,0.43,0.38,2023-10-24,2017,N20,VIIRS,n,2,299.67,2.46,N,2,VIIRS_NOAA20_SP
15.17918,76.67484,307.77,0.43,0.38,2023-10-24,2017,N20,VIIRS,n,2,296.2,1.63,N,2,VIIRS_NOAA20_SP
15.18018,77.10138,307.4,0.42,0.38,2023-10-24,2017,N20,VIIRS,n,2,293.35,1.15,N,2,VIIRS_NOAA20_SP
15.18672,77.10157,304.5,0.42,0.38,2023-10-24,2017,N20,VIIRS,n,2,293.42,1.11,N,0,VIIRS_NOAA20_SP
15.18848,76.65987,317.52,0.43,0.38,2023-10-24,2017,N20,VIIRS,n,2,295.91,3.28,N,2,VIIRS_NOAA20_SP
15.19655,76.37835,309.38,0.45,0.39,2023-10-24,2017,N20,VIIRS,n,2,295.1,1.19,N,2,VIIRS_NOAA20_SP
15.33277,76.28326,307.67,0.45,0.39,2023-10-24,2017,N20,VIIRS,n,2,292.01,1.13,N,2,VIIRS_NOAA20_SP
15.33633,76.28376,303.39,0.45,0.39,2023-10-24,2017,N20,VIIRS,n,2,292.76,1.13,N,2,VIIRS_NOAA20_SP
15.52828,73.99152,316.43,0.4,0.44,2023-10-24,2017,N20,VIIRS,n,2,295.41,1.7,N,2,VIIRS_NOAA20_SP
15.66138,73.98738,307.3,0.4,0.44,2023-10-24,2017,N20,VIIRS,n,2,293.45,0.67,N,2,VIIRS_NOAA20_SP
15.96422,80.93835,308.81,0.4,0.37,2023-10-24,2017,N20,VIIRS,n,2,293.77,1.46,N,0,VIIRS_NOAA20_SP
16.4896,79.8961,303.16,0.38,0.36,2023-10-24,2017,N20,VIIRS,n,2,291.45,0.65,N,0,VIIRS_NOAA20_SP
16.71646,79.81658,306.59,0.38,0.36,2023-10-24,2017,N20,VIIRS,n,2,296.24,0.61,N,0,VIIRS_NOAA20_SP
16.76711,80.01237,305.39,0.39,0.36,2023-10-24,2017,N20,VIIRS,n,2,294.06,0.82,N,0,VIIRS_NOAA20_SP
16.87098,80.02293,306.28,0.39,0.36,2023-10-24,2017,N20,VIIRS,n,2,296.23,0.76,N,2,VIIRS_NOAA20_SP
16.87593,80.11954,306.04,0.39,0.36,2023-10-24,2017,N20,VIIRS,n,2,291.43,1.01,N,2,VIIRS_NOAA20_SP
17.06455,76.97926,313.49,0.44,0.38,2023-10-24,2017,N20,VIIRS,n,2,295.73,1.68,N,2,VIIRS_NOAA20_SP
17.14577,78.22174,299.65,0.4,0.37,2023-10-24,2017,N20,VIIRS,n,2,289.2,0.73,N,2,VIIRS_NOAA20_SP
17.55057,78.46469,307.24,0.4,0.37,2023-10-24,2017,N20,VIIRS,n,2,291.31,1.03,N,0,VIIRS_NOAA20_SP
11.30553,79.80491,305.54,0.4,0.37,2023-10-24,2018,N20,VIIRS,n,2,292.24,0.66,N,0,VIIRS_NOAA20_SP
12.54866,77.17782,304.37,0.4,0.37,2023-10-24,2018,N20,VIIRS,n,2,289.23,0.46,N,0,VIIRS_NOAA20_SP
13.09131,79.98064,319.68,0.4,0.37,2023-10-24,2018,N20,VIIRS,n,2,294.14,1.22,N,0,VIIRS_NOAA20_SP
13.3916,80.1018,307.68,0.4,0.37,2023-10-24,2018,N20,VIIRS,n,2,295.55,0.91,N,0,VIIRS_NOAA20_SP
13.42042,80.08715,306.89,0.4,0.37,2023-10-24,2018,N20,VIIRS,n,2,295.52,0.74,N,2,VIIRS_NOAA20_SP
13.67391,78.10015,314.81,0.39,0.36,2023-10-24,2018,N20,VIIRS,n,2,289.4,1.27,N,0,VIIRS_NOAA20_SP
13.74671,79.34953,304.95,0.39,0.36,2023-10-24,2018,N20,VIIRS,n,2,293.16,0.48,N,0,VIIRS_NOAA20_SP
14.01334,76.36799,318.81,0.44,0.38,2023-10-24,2018,N20,VIIRS,n,2,292.13,1.59,N,0,VIIRS_NOAA20_SP
14.42136,75.73412,301.31,0.47,0.4,2023-10-24,2018,N20,VIIRS,n,2,290.42,0.49,N,0,VIIRS_NOAA20_SP
34.30004,74.437,295.69,0.65,0.73,2023-10-24,2152,N20,VIIRS,n,2,274.77,1.92,N,0,VIIRS_NOAA20_SP
34.51111,71.91158,297.7,0.47,0.64,2023-10-24,2152,N20,VIIRS,n,2,287.19,0.56,N,0,VIIRS_NOAA20_SP
35.52914,73.5469,299.6,0.54,0.68,2023-10-24,2152,N20,VIIRS,n,2,282.1,0.94,N,0,VIIRS_NOAA20_SP
32.89109,71.6143,303.69,0.49,0.65,2023-10-24,2153,N20,VIIRS,n,2,288.68,1.07,N,2,VIIRS_NOAA20_SP
33.80154,72.09712,303.33,0.5,0.66,2023-10-24,2153,N20,VIIRS,n,2,287.94,0.84,N,2,VIIRS_NOAA20_SP
25.3883,68.64069,301.5,0.5,0.66,2023-10-24,2155,N20,VIIRS,n,2,290.44,0.58,N,0,VIIRS_NOAA20_SP
25.40145,68.56241,307.28,0.5,0.65,2023-10-24,2155,N20,VIIRS,n,2,290.19,1.27,N,2,VIIRS_NOAA20_SP
25.40358,68.56593,314.84,0.5,0.65,2023-10-24,2155,N20,VIIRS,n,2,291.97,1.29,N,2,VIIRS_NOAA20_SP
25.51615,68.74738,302.5,0.51,0.66,2023-10-24,2155,N20,VIIRS,n,2,291.43,0.44,N,0,VIIRS_NOAA20_SP
26.08951,68.87978,306.77,0.5,0.66,2023-10-24,2155,N20,VIIRS,n,2,291.48,1.61,N,0,VIIRS_NOAA20_SP
26.09303,68.87883,310.04,0.5,0.66,2023-10-24,2155,N20,VIIRS,n,2,292.49,1.28,N,2,VIIRS_NOAA20_SP
22.92532,70.10136,303.48,0.7,0.75,2023-10-24,2156,N20,VIIRS,n,2,291.46,1.22,N,0,VIIRS_NOAA20_SP
