latitude,longitude,bright_ti4,scan,track,acq_date,acq_time,satellite,instrument,confidence,version,bright_ti5,frp,daynight,type,source_product
15.9901,97.68769,337.19,0.4,0.44,2023-11-24,623,N20,VIIRS,n,2,299.79,3.61,D,2,VIIRS_NOAA20_SP
16.3189,95.80229,331.0,0.51,0.5,2023-11-24,623,N20,VIIRS,n,2,295.4,3.07,D,0,VIIRS_NOAA20_SP
16.47589,97.58985,327.92,0.39,0.44,2023-11-24,623,N20,VIIRS,l,2,300.84,2.51,D,0,VIIRS_NOAA20_SP
16.48891,95.80381,334.86,0.51,0.49,2023-11-24,623,N20,VIIRS,n,2,289.46,7.5,D,0,VIIRS_NOAA20_SP
16.55194,95.73421,330.19,0.51,0.5,2023-11-24,623,N20,VIIRS,n,2,295.09,5.78,D,0,VIIRS_NOAA20_SP
16.55259,97.63909,328.88,0.39,0.44,2023-11-24,623,N20,VIIRS,l,2,300.39,3.21,D,0,VIIRS_NOAA20_SP
16.58232,96.3782,332.61,0.47,0.48,2023-11-24,623,N20,VIIRS,n,2,296.88,2.7,D,0,VIIRS_NOAA20_SP
16.60662,96.36443,337.98,0.47,0.48,2023-11-24,623,N20,VIIRS,n,2,297.21,2.87,D,0,VIIRS_NOAA20_SP
16.65247,96.40985,331.71,0.46,0.47,2023-11-24,623,N20,VIIRS,n,2,296.44,3.19,D,0,VIIRS_NOAA20_SP
16.71657,96.70503,340.58,0.44,0.46,2023-11-24,623,N20,VIIRS,n,2,298.95,4.69,D,0,VIIRS_NOAA20_SP
16.71936,96.55444,340.1,0.45,0.47,2023-11-24,623,N20,VIIRS,n,2,296.86,7.22,D,0,VIIRS_NOAA20_SP
16.7442,96.49729,334.18,0.46,0.47,2023-11-24,623,N20,VIIRS,n,2,295.66,2.91,D,0,VIIRS_NOAA20_SP
16.76083,95.94558,342.59,0.5,0.49,2023-11-24,623,N20,VIIRS,n,2,295.9,5.98,D,0,VIIRS_NOAA20_SP
16.79153,95.96302,337.03,0.49,0.49,2023-11-24,623,N20,VIIRS,n,2,293.36,4.29,D,0,VIIRS_NOAA20_SP
16.79453,95.01572,340.49,0.57,0.52,2023-11-24,623,N20,VIIRS,n,2,296.08,6.65,D,0,VIIRS_NOAA20_SP
16.94378,94.91365,337.74,0.57,0.52,2023-11-24,623,N20,VIIRS,n,2,293.23,4.17,D,0,VIIRS_NOAA20_SP
16.95459,96.60031,333.58,0.45,0.47,2023-11-24,623,N20,VIIRS,n,2,298.74,5.5,D,0,VIIRS_NOAA20_SP
16.95668,94.95482,334.46,0.57,0.52,2023-11-24,623,N20,VIIRS,n,2,294.28,4.54,D,0,VIIRS_NOAA20_SP
16.95687,96.34743,341.03,0.46,0.47,2023-11-24,623,N20,VIIRS,n,2,298.28,4.0,D,0,VIIRS_NOAA20_SP
16.95934,96.3485,338.74,0.46,0.47,2023-11-24,623,N20,VIIRS,n,2,297.46,3.68,D,0,VIIRS_NOAA20_SP
16.9786,96.53977,331.86,0.45,0.47,2023-11-24,623,N20,VIIRS,n,2,297.89,2.31,D,0,VIIRS_NOAA20_SP
16.98208,96.53477,340.52,0.45,0.47,2023-11-24,623,N20,VIIRS,n,2,297.93,4.36,D,0,VIIRS_NOAA20_SP
17.00553,95.58112,334.12,0.52,0.5,2023-11-24,623,N20,VIIRS,n,2,294.91,4.11,D,0,VIIRS_NOAA20_SP
17.02822,96.52692,330.22,0.45,0.47,2023-11-24,623,N20,VIIRS,n,2,298.57,3.27,D,0,VIIRS_NOAA20_SP
17.03369,95.27912,340.21,0.54,0.51,2023-11-24,623,N20,VIIRS,n,2,297.82,7.25,D,0,VIIRS_NOAA20_SP
17.06853,96.57895,340.57,0.45,0.47,2023-11-24,623,N20,VIIRS,n,2,297.19,3.62,D,0,VIIRS_NOAA20_SP
17.0744,96.65845,331.01,0.44,0.46,2023-11-24,623,N20,VIIRS,n,2,297.18,1.83,D,0,VIIRS_NOAA20_SP
17.07535,97.16986,335.29,0.41,0.45,2023-11-24,623,N20,VIIRS,n,2,297.45,4.64,D,0,VIIRS_NOAA20_SP
17.07681,96.62411,330.12,0.44,0.46,2023-11-24,623,N20,VIIRS,n,2,298.56,4.36,D,0,VIIRS_NOAA20_SP
17.12395,96.81131,330.08,0.43,0.46,2023-11-24,623,N20,VIIRS,n,2,297.78,2.45,D,0,VIIRS_NOAA20_SP
17.1265,97.12901,330.86,0.41,0.45,2023-11-24,623,N20,VIIRS,n,2,297.99,1.19,D,0,VIIRS_NOAA20_SP
17.14271,97.10217,341.3,0.41,0.45,2023-11-24,623,N20,VIIRS,n,2,299.22,6.24,D,0,VIIRS_NOAA20_SP
17.17541,97.14306,343.97,0.41,0.45,2023-11-24,623,N20,VIIRS,n,2,302.48,6.03,D,0,VIIRS_NOAA20_SP
17.21803,97.01107,336.87,0.42,0.45,2023-11-24,623,N20,VIIRS,n,2,298.32,3.65,D,0,VIIRS_NOAA20_SP
17.22353,97.01797,344.9,0.42,0.45,2023-11-24,623,N20,VIIRS,n,2,298.99,6.43,D,0,VIIRS_NOAA20_SP
17.26989,96.99289,343.0,0.42,0.45,2023-11-24,623,N20,VIIRS,n,2,299.79,5.79,D,0,VIIRS_NOAA20_SP
17.30236,96.82965,341.99,0.43,0.46,2023-11-24,623,N20,VIIRS,n,2,298.62,4.26,D,0,VIIRS_NOAA20_SP
17.3041,96.79246,329.64,0.43,0.46,2023-11-24,623,N20,VIIRS,n,2,297.84,1.57,D,0,VIIRS_NOAA20_SP
17.31838,96.84686,330.14,0.42,0.46,2023-11-24,623,N20,VIIRS,n,2,300.18,2.44,D,0,VIIRS_NOAA20_SP
17.33571,96.58609,342.36,0.44,0.46,2023-11-24,623,N20,VIIRS,n,2,300.94,6.55,D,0,VIIRS_NOAA20_SP
17.36796,96.83705,331.88,0.42,0.46,2023-11-24,623,N20,VIIRS,n,2,298.31,3.17,D,0,VIIRS_NOAA20_SP
17.37572,96.8802,330.27,0.42,0.45,2023-11-24,623,N20,VIIRS,n,2,299.58,2.37,D,0,VIIRS_NOAA20_SP
17.12154,95.06918,330.39,0.56,0.51,2023-11-24,624,N20,VIIRS,n,2,296.15,3.6,D,0,VIIRS_NOAA20_SP
17.31421,95.08838,329.78,0.55,0.51,2023-11-24,624,N20,VIIRS,n,2,297.21,4.18,D,0,VIIRS_NOAA20_SP
17.3355,96.60782,328.15,0.44,0.46,2023-11-24,624,N20,VIIRS,l,2,300.03,1.05,D,0,VIIRS_NOAA20_SP
17.33588,96.58669,340.16,0.44,0.46,2023-11-24,624,N20,VIIRS,n,2,300.43,5.72,D,0,VIIRS_NOAA20_SP
17.34275,96.57687,331.56,0.44,0.46,2023-11-24,624,N20,VIIRS,n,2,300.12,3.77,D,0,VIIRS_NOAA20_SP
17.34963,96.56706,367.0,0.44,0.46,2023-11-24,624,N20,VIIRS,h,2,302.39,17.6,D,0,VIIRS_NOAA20_SP
17.35192,96.57928,332.48,0.44,0.46,2023-11-24,624,N20,VIIRS,n,2,300.05,1.98,D,0,VIIRS_NOAA20_SP
17.36558,96.76828,327.97,0.43,0.46,2023-11-24,624,N20,VIIRS,l,2,299.29,2.8,D,0,VIIRS_NOAA20_SP
17.41764,96.86408,335.58,0.42,0.45,2023-11-24,624,N20,VIIRS,n,2,299.62,2.91,D,0,VIIRS_NOAA20_SP
17.42133,96.57811,328.47,0.44,0.46,2023-11-24,624,N20,VIIRS,l,2,300.55,2.45,D,0,VIIRS_NOAA20_SP
17.4406,96.70805,327.89,0.43,0.46,2023-11-24,624,N20,VIIRS,l,2,298.48,2.15,D,0,VIIRS_NOAA20_SP
17.45685,96.86847,351.16,0.42,0.45,2023-11-24,624,N20,VIIRS,n,2,300.13,8.74,D,0,VIIRS_NOAA20_SP
17.46282,95.89006,339.05,0.48,0.48,2023-11-24,624,N20,VIIRS,n,2,297.43,4.69,D,0,VIIRS_NOAA20_SP
17.46582,96.55776,331.96,0.44,0.46,2023-11-24,624,N20,VIIRS,n,2,299.98,3.19,D,0,VIIRS_NOAA20_SP
17.48681,96.55359,335.07,0.44,0.46,2023-11-24,624,N20,VIIRS,n,2,299.82,4.19,D,0,VIIRS_NOAA20_SP
17.49025,96.54868,328.77,0.44,0.46,2023-11-24,624,N20,VIIRS,l,2,299.79,4.37,D,0,VIIRS_NOAA20_SP
17.49551,96.76397,328.76,0.43,0.46,2023-11-24,624,N20,VIIRS,n,2,298.13,2.69,D,0,VIIRS_NOAA20_SP
17.49595,96.55597,350.71,0.44,0.46,2023-11-24,624,N20,VIIRS,n,2,301.84,11.89,D,0,VIIRS_NOAA20_SP
17.53406,96.83375,326.68,0.42,0.45,2023-11-24,624,N20,VIIRS,l,2,298.84,3.86,D,0,VIIRS_NOAA20_SP
17.62594,96.78736,342.51,0.42,0.45,2023-11-24,624,N20,VIIRS,n,2,301.67,5.23,D,0,VIIRS_NOAA20_SP
17.70895,96.55197,344.93,0.44,0.46,2023-11-24,624,N20,VIIRS,n,2,301.25,5.53,D,0,VIIRS_NOAA20_SP
17.73702,96.79755,337.31,0.42,0.45,2023-11-24,624,N20,VIIRS,n,2,302.64,8.11,D,0,VIIRS_NOAA20_SP
17.73774,96.80145,341.84,0.42,0.45,2023-11-24,624,N20,VIIRS,n,2,303.21,8.86,D,0,VIIRS_NOAA20_SP
17.74453,96.79201,327.18,0.42,0.45,2023-11-24,624,N20,VIIRS,l,2,300.82,3.37,D,0,VIIRS_NOAA20_SP
17.74525,96.79591,341.18,0.42,0.45,2023-11-24,624,N20,VIIRS,n,2,301.7,3.37,D,0,VIIRS_NOAA20_SP
17.74525,96.8884,349.44,0.42,0.45,2023-11-24,624,N20,VIIRS,n,2,302.79,6.29,D,0,VIIRS_NOAA20_SP
17.92022,96.63157,329.89,0.43,0.46,2023-11-24,624,N20,VIIRS,l,2,300.67,2.67,D,0,VIIRS_NOAA20_SP
17.92075,96.68064,328.15,0.42,0.46,2023-11-24,624,N20,VIIRS,l,2,300.39,1.79,D,0,VIIRS_NOAA20_SP
17.92437,96.63074,329.32,0.43,0.46,2023-11-24,624,N20,VIIRS,l,2,300.77,2.67,D,0,VIIRS_NOAA20_SP
17.93387,96.61237,326.72,0.43,0.46,2023-11-24,624,N20,VIIRS,l,2,300.32,0.95,D,0,VIIRS_NOAA20_SP
17.94286,96.68441,327.11,0.42,0.45,2023-11-24,624,N20,VIIRS,l,2,300.59,1.45,D,0,VIIRS_NOAA20_SP
17.94754,96.59313,342.63,0.43,0.46,2023-11-24,624,N20,VIIRS,n,2,300.8,5.06,D,0,VIIRS_NOAA20_SP
17.95969,96.63602,329.93,0.43,0.46,2023-11-24,624,N20,VIIRS,l,2,302.07,1.44,D,0,VIIRS_NOAA20_SP
17.97318,96.59212,327.25,0.43,0.46,2023-11-24,624,N20,VIIRS,l,2,301.51,2.54,D,0,VIIRS_NOAA20_SP
17.98518,96.55701,333.06,0.43,0.46,2023-11-24,624,N20,VIIRS,n,2,300.02,3.18,D,0,VIIRS_NOAA20_SP
17.99713,96.62067,335.94,0.43,0.46,2023-11-24,624,N20,VIIRS,n,2,301.49,1.52,D,0,VIIRS_NOAA20_SP
17.99966,96.61979,353.64,0.43,0.46,2023-11-24,624,N20,VIIRS,n,2,301.56,7.26,D,0,VIIRS_NOAA20_SP
18.00127,96.61984,341.85,0.43,0.46,2023-11-24,624,N20,VIIRS,n,2,301.79,3.9,D,0,VIIRS_NOAA20_SP
18.00956,96.61819,336.91,0.43,0.46,2023-11-24,624,N20,VIIRS,n,2,301.37,3.19,D,0,VIIRS_NOAA20_SP
18.01977,96.60382,335.48,0.43,0.46,2023-11-24,624,N20,VIIRS,n,2,301.39,2.83,D,0,VIIRS_NOAA20_SP
18.04877,96.59803,342.22,0.43,0.46,2023-11-24,624,N20,VIIRS,n,2,300.85,5.5,D,0,VIIRS_NOAA20_SP
18.05292,96.59719,341.11,0.43,0.46,2023-11-24,624,N20,VIIRS,n,2,300.12,5.5,D,0,VIIRS_NOAA20_SP
18.05364,96.60116,330.51,0.43,0.46,2023-11-24,624,N20,VIIRS,n,2,298.0,6.47,D,0,VIIRS_NOAA20_SP
18.12729,97.92354,332.5,0.53,0.42,2023-11-24,624,N20,VIIRS,n,2,297.93,3.27,D,0,VIIRS_NOAA20_SP
18.1282,97.92048,330.97,0.54,0.42,2023-11-24,624,N20,VIIRS,n,2,296.55,4.32,D,0,VIIRS_NOAA20_SP
18.20707,96.63266,333.09,0.42,0.45,2023-11-24,624,N20,VIIRS,n,2,299.88,2.75,D,0,VIIRS_NOAA20_SP
18.2291,96.64785,330.88,0.42,0.45,2023-11-24,624,N20,VIIRS,n,2,300.51,2.4,D,0,VIIRS_NOAA20_SP
18.30822,95.7468,328.66,0.48,0.48,2023-11-24,624,N20,VIIRS,n,2,298.52,4.7,D,0,VIIRS_NOAA20_SP
18.31101,96.676,326.1,0.42,0.45,2023-11-24,624,N20,VIIRS,l,2,298.82,2.16,D,0,VIIRS_NOAA20_SP
18.31951,96.6052,338.38,0.42,0.45,2023-11-24,624,N20,VIIRS,n,2,299.21,4.6,D,0,VIIRS_NOAA20_SP
18.32236,96.58504,340.67,0.42,0.45,2023-11-24,624,N20,VIIRS,n,2,300.63,3.6,D,0,VIIRS_NOAA20_SP
18.32413,96.61732,326.79,0.42,0.45,2023-11-24,624,N20,VIIRS,l,2,299.17,1.95,D,0,VIIRS_NOAA20_SP
18.33365,96.66811,328.14,0.42,0.45,2023-11-24,624,N20,VIIRS,n,2,298.63,1.74,D,0,VIIRS_NOAA20_SP
18.38745,95.27391,337.98,0.51,0.49,2023-11-24,624,N20,VIIRS,n,2,297.54,4.29,D,0,VIIRS_NOAA20_SP
18.38956,95.27551,345.69,0.51,0.49,2023-11-24,624,N20,VIIRS,n,2,297.54,7.08,D,0,VIIRS_NOAA20_SP
18.87884,95.35522,333.93,0.49,0.49,2023-11-24,624,N20,VIIRS,n,2,298.78,4.22,D,0,VIIRS_NOAA20_SP
18.95026,95.36894,331.64,0.49,0.49,2023-11-24,624,N20,VIIRS,n,2,297.67,1.97,D,0,VIIRS_NOAA20_SP
19.13161,96.41557,327.27,0.42,0.45,2023-11-24,624,N20,VIIRS,n,2,297.24,0.29,D,0,VIIRS_NOAA20_SP
19.18734,96.26513,338.61,0.43,0.46,2023-11-24,624,N20,VIIRS,n,2,298.56,6.04,D,0,VIIRS_NOAA20_SP
19.67256,96.17128,331.58,0.43,0.46,2023-11-24,624,N20,VIIRS,n,2,298.89,2.0,D,0,VIIRS_NOAA20_SP
20.038,97.24833,332.68,0.55,0.42,2023-11-24,624,N20,VIIRS,n,2,298.13,5.31,D,0,VIIRS_NOAA20_SP
20.20278,97.01791,328.76,0.56,0.43,2023-11-24,624,N20,VIIRS,n,2,293.26,2.56,D,0,VIIRS_NOAA20_SP
21.02646,92.84973,330.33,0.33,0.55,2023-11-24,625,N20,VIIRS,n,2,295.56,1.54,D,0,VIIRS_NOAA20_SP
22.06614,88.12131,334.07,0.62,0.71,2023-11-24,625,N20,VIIRS,n,2,296.2,6.38,D,2,VIIRS_NOAA20_SP
22.88145,92.02064,330.11,0.34,0.56,2023-11-24,625,N20,VIIRS,n,2,294.93,2.83,D,0,VIIRS_NOAA20_SP
22.88832,87.93874,331.16,0.61,0.71,2023-11-24,625,N20,VIIRS,n,2,297.07,3.67,D,0,VIIRS_NOAA20_SP
23.13352,94.0858,331.38,0.49,0.49,2023-11-24,625,N20,VIIRS,n,2,298.06,2.61,D,0,VIIRS_NOAA20_SP
23.17662,93.96385,328.68,0.5,0.49,2023-11-24,625,N20,VIIRS,n,2,297.84,11.44,D,0,VIIRS_NOAA20_SP
23.17759,93.96858,352.35,0.5,0.49,2023-11-24,625,N20,VIIRS,n,2,300.83,17.16,D,0,VIIRS_NOAA20_SP
23.18203,93.96759,340.36,0.5,0.49,2023-11-24,625,N20,VIIRS,n,2,296.98,17.16,D,0,VIIRS_NOAA20_SP
24.06422,97.06577,327.43,0.49,0.4,2023-11-24,625,N20,VIIRS,n,2,296.49,5.16,D,0,VIIRS_NOAA20_SP
24.08002,95.35389,327.4,0.4,0.44,2023-11-24,625,N20,VIIRS,n,2,293.76,2.38,D,0,VIIRS_NOAA20_SP
22.87603,87.4717,329.82,0.65,0.73,2023-11-24,626,N20,VIIRS,n,2,295.59,6.78,D,0,VIIRS_NOAA20_SP
22.88859,87.57861,331.89,0.64,0.72,2023-11-24,626,N20,VIIRS,n,2,295.54,3.46,D,0,VIIRS_NOAA20_SP
23.26674,88.12059,328.63,0.58,0.7,2023-11-24,626,N20,VIIRS,n,2,297.95,2.72,D,0,VIIRS_NOAA20_SP
23.26949,88.11889,326.73,0.58,0.7,2023-11-24,626,N20,VIIRS,n,2,297.25,2.54,D,0,VIIRS_NOAA20_SP
23.50494,90.00312,341.98,0.44,0.62,2023-11-24,626,N20,VIIRS,n,2,296.39,8.92,D,0,VIIRS_NOAA20_SP
23.50821,90.00481,354.36,0.44,0.62,2023-11-24,626,N20,VIIRS,n,2,296.35,7.98,D,0,VIIRS_NOAA20_SP
24.61423,94.14963,329.06,0.46,0.47,2023-11-24,626,N20,VIIRS,n,2,294.33,3.72,D,0,VIIRS_NOAA20_SP
25.08383,97.75596,332.27,0.44,0.38,2023-11-24,626,N20,VIIRS,n,2,295.68,3.76,D,0,VIIRS_NOAA20_SP
25.15303,97.40358,330.81,0.46,0.39,2023-11-24,626,N20,VIIRS,n,2,296.13,2.72,D,0,VIIRS_NOAA20_SP
25.20858,96.97424,326.64,0.47,0.4,2023-11-24,626,N20,VIIRS,n,2,293.99,2.68,D,0,VIIRS_NOAA20_SP
25.53871,94.21619,340.1,0.44,0.46,2023-11-24,626,N20,VIIRS,n,2,295.22,6.68,D,0,VIIRS_NOAA20_SP
26.42954,96.78535,332.2,0.47,0.39,2023-11-24,626,N20,VIIRS,n,2,296.87,5.32,D,0,VIIRS_NOAA20_SP
26.7832,93.46253,336.93,0.46,0.47,2023-11-24,626,N20,VIIRS,n,2,296.07,2.96,D,0,VIIRS_NOAA20_SP
27.273,94.4326,325.21,0.4,0.44,2023-11-24,626,N20,VIIRS,n,2,299.63,1.66,D,0,VIIRS_NOAA20_SP
27.29185,97.32697,325.79,0.43,0.38,2023-11-24,626,N20,VIIRS,n,2,297.24,2.65,D,0,VIIRS_NOAA20_SP
27.39339,97.34556,325.67,0.43,0.38,2023-11-24,626,N20,VIIRS,l,2,296.34,2.91,D,0,VIIRS_NOAA20_SP
27.47211,97.45901,329.98,0.43,0.38,2023-11-24,626,N20,VIIRS,n,2,296.49,3.7,D,0,VIIRS_NOAA20_SP
27.81878,95.49348,341.48,0.51,0.41,2023-11-24,626,N20,VIIRS,n,2,301.0,9.23,D,0,VIIRS_NOAA20_SP
27.849,96.24209,336.69,0.47,0.4,2023-11-24,626,N20,VIIRS,n,2,300.61,3.96,D,0,VIIRS_NOAA20_SP
28.02905,95.61372,334.71,0.5,0.41,2023-11-24,626,N20,VIIRS,n,2,301.16,4.47,D,0,VIIRS_NOAA20_SP
28.08858,95.44943,334.97,0.51,0.41,2023-11-24,626,N20,VIIRS,n,2,299.3,5.89,D,0,VIIRS_NOAA20_SP
28.34624,97.06416,325.67,0.43,0.38,2023-11-24,626,N20,VIIRS,n,2,291.87,3.63,D,0,VIIRS_NOAA20_SP
28.3466,97.05611,340.19,0.43,0.38,2023-11-24,626,N20,VIIRS,n,2,298.33,14.59,D,0,VIIRS_NOAA20_SP
28.34821,97.06522,336.04,0.43,0.38,2023-11-24,626,N20,VIIRS,n,2,295.05,9.6,D,0,VIIRS_NOAA20_SP
28.35028,97.05652,349.64,0.43,0.38,2023-11-24,626,N20,VIIRS,n,2,292.5,11.98,D,0,VIIRS_NOAA20_SP
28.35393,97.05684,352.83,0.43,0.38,2023-11-24,626,N20,VIIRS,n,2,299.18,11.98,D,0,VIIRS_NOAA20_SP
28.35464,97.06093,327.39,0.43,0.38,2023-11-24,626,N20,VIIRS,n,2,293.36,7.22,D,0,VIIRS_NOAA20_SP
28.35744,97.05647,353.8,0.43,0.38,2023-11-24,626,N20,VIIRS,n,2,291.98,14.3,D,0,VIIRS_NOAA20_SP
30.68201,97.40014,339.78,0.4,0.37,2023-11-24,627,N20,VIIRS,n,2,286.14,5.05,D,0,VIIRS_NOAA20_SP
12.25985,78.7603,327.4,0.38,0.36,2023-11-24,803,N20,VIIRS,n,2,292.55,1.56,D,0,VIIRS_NOAA20_SP
14.38126,78.69402,332.57,0.39,0.36,2023-11-24,804,N20,VIIRS,n,2,294.18,2.04,D,0,VIIRS_NOAA20_SP
15.69487,73.93857,332.91,0.49,0.4,2023-11-24,804,N20,VIIRS,n,2,297.99,3.4,D,0,VIIRS_NOAA20_SP
15.99228,74.16463,342.06,0.47,0.4,2023-11-24,804,N20,VIIRS,n,2,294.94,9.55,D,0,VIIRS_NOAA20_SP
16.44306,81.13831,334.78,0.48,0.4,2023-11-24,804,N20,VIIRS,n,2,292.66,5.09,D,0,VIIRS_NOAA20_SP
16.45797,77.26521,334.15,0.38,0.36,2023-11-24,804,N20,VIIRS,n,2,291.9,2.48,D,0,VIIRS_NOAA20_SP
16.64401,73.95448,333.9,0.47,0.4,2023-11-24,805,N20,VIIRS,n,2,299.35,4.12,D,0,VIIRS_NOAA20_SP
16.82136,77.13407,332.7,0.38,0.36,2023-11-24,805,N20,VIIRS,n,2,297.3,2.83,D,0,VIIRS_NOAA20_SP
16.83819,74.23218,333.14,0.46,0.39,2023-11-24,805,N20,VIIRS,n,2,298.41,2.7,D,0,VIIRS_NOAA20_SP
16.92035,74.16117,335.31,0.46,0.39,2023-11-24,805,N20,VIIRS,n,2,300.32,4.28,D,0,VIIRS_NOAA20_SP
16.99664,76.35383,333.77,0.39,0.36,2023-11-24,805,N20,VIIRS,n,2,296.66,2.34,D,0,VIIRS_NOAA20_SP
17.02602,76.36751,334.15,0.39,0.36,2023-11-24,805,N20,VIIRS,n,2,301.03,3.15,D,0,VIIRS_NOAA20_SP
17.13382,73.34562,334.94,0.5,0.41,2023-11-24,805,N20,VIIRS,n,2,299.45,2.99,D,0,VIIRS_NOAA20_SP
17.15398,76.18742,337.2,0.39,0.36,2023-11-24,805,N20,VIIRS,n,2,294.85,4.4,D,0,VIIRS_NOAA20_SP
17.20387,76.17891,336.38,0.39,0.36,2023-11-24,805,N20,VIIRS,n,2,298.57,7.61,D,0,VIIRS_NOAA20_SP
17.25301,76.14771,337.04,0.39,0.36,2023-11-24,805,N20,VIIRS,n,2,302.54,6.91,D,0,VIIRS_NOAA20_SP
17.45443,74.44292,339.42,0.44,0.38,2023-11-24,805,N20,VIIRS,n,2,298.83,3.8,D,0,VIIRS_NOAA20_SP
17.47532,75.72179,332.79,0.4,0.37,2023-11-24,805,N20,VIIRS,n,2,300.06,2.7,D,0,VIIRS_NOAA20_SP
17.53553,74.87134,331.73,0.42,0.38,2023-11-24,805,N20,VIIRS,n,2,299.77,4.14,D,0,VIIRS_NOAA20_SP
17.78031,76.49786,334.33,0.39,0.36,2023-11-24,805,N20,VIIRS,n,2,302.73,2.41,D,0,VIIRS_NOAA20_SP
17.80482,74.86536,354.99,0.42,0.38,2023-11-24,805,N20,VIIRS,n,2,304.49,14.62,D,0,VIIRS_NOAA20_SP
17.82598,74.03564,331.28,0.45,0.39,2023-11-24,805,N20,VIIRS,n,2,300.87,2.37,D,0,VIIRS_NOAA20_SP
17.96984,74.50355,335.45,0.43,0.38,2023-11-24,805,N20,VIIRS,n,2,301.21,2.6,D,0,VIIRS_NOAA20_SP
18.14226,73.50453,330.44,0.48,0.4,2023-11-24,805,N20,VIIRS,n,2,300.91,3.68,D,0,VIIRS_NOAA20_SP
18.14305,73.50915,335.64,0.48,0.4,2023-11-24,805,N20,VIIRS,n,2,301.51,4.34,D,0,VIIRS_NOAA20_SP
18.19547,74.86866,345.03,0.42,0.38,2023-11-24,805,N20,VIIRS,n,2,300.95,7.21,D,0,VIIRS_NOAA20_SP
18.30917,76.09614,336.15,0.39,0.36,2023-11-24,805,N20,VIIRS,n,2,304.81,4.2,D,0,VIIRS_NOAA20_SP
18.38738,73.28906,334.96,0.49,0.4,2023-11-24,805,N20,VIIRS,n,2,303.27,7.92,D,0,VIIRS_NOAA20_SP
18.38801,74.71341,341.51,0.42,0.38,2023-11-24,805,N20,VIIRS,n,2,299.96,15.71,D,0,VIIRS_NOAA20_SP
18.52676,77.15859,335.16,0.38,0.36,2023-11-24,805,N20,VIIRS,n,2,297.75,4.21,D,0,VIIRS_NOAA20_SP
18.6982,77.9696,349.88,0.39,0.36,2023-11-24,805,N20,VIIRS,n,2,294.52,7.65,D,0,VIIRS_NOAA20_SP
18.78121,77.91105,333.28,0.39,0.36,2023-11-24,805,N20,VIIRS,n,2,295.01,2.17,D,0,VIIRS_NOAA20_SP
18.78799,74.26779,332.0,0.43,0.38,2023-11-24,805,N20,VIIRS,n,2,299.75,4.14,D,0,VIIRS_NOAA20_SP
18.82471,73.79882,331.97,0.45,0.39,2023-11-24,805,N20,VIIRS,n,2,299.41,2.41,D,0,VIIRS_NOAA20_SP
18.972,71.62363,334.91,0.39,0.44,2023-11-24,805,N20,VIIRS,n,2,297.14,2.54,D,3,VIIRS_NOAA20_SP
19.02652,74.79436,336.52,0.41,0.37,2023-11-24,805,N20,VIIRS,n,2,302.83,2.43,D,0,VIIRS_NOAA20_SP
19.1049,76.67064,330.99,0.38,0.36,2023-11-24,805,N20,VIIRS,n,2,299.52,2.83,D,0,VIIRS_NOAA20_SP
19.22758,76.29561,346.75,0.39,0.36,2023-11-24,805,N20,VIIRS,n,2,303.2,5.98,D,0,VIIRS_NOAA20_SP
19.23284,77.0651,331.38,0.38,0.36,2023-11-24,805,N20,VIIRS,n,2,295.88,2.45,D,0,VIIRS_NOAA20_SP
19.34649,77.41926,330.2,0.39,0.36,2023-11-24,805,N20,VIIRS,n,2,288.63,3.28,D,0,VIIRS_NOAA20_SP
19.37328,75.04543,333.19,0.41,0.37,2023-11-24,805,N20,VIIRS,n,2,298.68,5.23,D,0,VIIRS_NOAA20_SP
19.38007,74.61408,330.86,0.42,0.37,2023-11-24,805,N20,VIIRS,n,2,297.7,13.08,D,0,VIIRS_NOAA20_SP
19.38548,74.84158,341.78,0.41,0.37,2023-11-24,805,N20,VIIRS,n,2,299.61,5.82,D,0,VIIRS_NOAA20_SP
19.42809,75.06306,332.7,0.4,0.37,2023-11-24,805,N20,VIIRS,n,2,299.27,2.49,D,0,VIIRS_NOAA20_SP
19.44726,77.64289,339.71,0.39,0.36,2023-11-24,805,N20,VIIRS,n,2,296.51,8.97,D,0,VIIRS_NOAA20_SP
19.51177,74.9931,333.51,0.41,0.37,2023-11-24,805,N20,VIIRS,n,2,300.96,2.7,D,0,VIIRS_NOAA20_SP
19.5158,77.60095,334.51,0.39,0.36,2023-11-24,805,N20,VIIRS,n,2,303.09,8.69,D,0,VIIRS_NOAA20_SP
19.51768,74.81375,335.08,0.41,0.37,2023-11-24,805,N20,VIIRS,n,2,295.07,3.87,D,0,VIIRS_NOAA20_SP
19.51864,74.81406,346.14,0.41,0.37,2023-11-24,805,N20,VIIRS,n,2,296.71,7.47,D,0,VIIRS_NOAA20_SP
19.51912,77.60041,334.88,0.39,0.36,2023-11-24,805,N20,VIIRS,n,2,299.58,8.69,D,0,VIIRS_NOAA20_SP
19.57259,74.22665,330.72,0.43,0.38,2023-11-24,805,N20,VIIRS,n,2,298.91,2.02,D,0,VIIRS_NOAA20_SP
19.6703,75.08648,345.29,0.4,0.37,2023-11-24,805,N20,VIIRS,n,2,301.79,7.19,D,0,VIIRS_NOAA20_SP
19.67184,75.08558,347.36,0.4,0.37,2023-11-24,805,N20,VIIRS,n,2,302.71,7.68,D,0,VIIRS_NOAA20_SP
19.67648,74.66501,333.64,0.41,0.37,2023-11-24,805,N20,VIIRS,n,2,301.76,3.52,D,0,VIIRS_NOAA20_SP
19.67711,74.66891,332.97,0.41,0.37,2023-11-24,805,N20,VIIRS,n,2,301.21,5.19,D,0,VIIRS_NOAA20_SP
19.70852,74.47379,332.29,0.42,0.38,2023-11-24,805,N20,VIIRS,n,2,299.21,3.99,D,0,VIIRS_NOAA20_SP
19.87241,77.90428,330.93,0.39,0.37,2023-11-24,805,N20,VIIRS,n,2,295.1,2.37,D,0,VIIRS_NOAA20_SP
20.7919,85.25529,345.95,0.33,0.55,2023-11-24,805,N20,VIIRS,n,2,293.84,4.74,D,2,VIIRS_NOAA20_SP
20.79307,85.25385,336.38,0.33,0.55,2023-11-24,805,N20,VIIRS,n,2,295.05,2.86,D,2,VIIRS_NOAA20_SP
20.95698,85.17537,330.58,0.32,0.55,2023-11-24,805,N20,VIIRS,n,2,296.85,6.04,D,2,VIIRS_NOAA20_SP
20.96236,85.17796,330.9,0.32,0.55,2023-11-24,805,N20,VIIRS,n,2,297.39,5.33,D,2,VIIRS_NOAA20_SP
20.96596,86.01373,348.35,0.37,0.58,2023-11-24,805,N20,VIIRS,n,2,300.25,6.83,D,2,VIIRS_NOAA20_SP
20.9671,85.17434,341.13,0.32,0.55,2023-11-24,805,N20,VIIRS,n,2,298.35,6.11,D,2,VIIRS_NOAA20_SP
20.96742,85.17745,326.84,0.32,0.55,2023-11-24,805,N20,VIIRS,n,2,296.0,3.51,D,2,VIIRS_NOAA20_SP
20.96758,86.01373,346.05,0.37,0.58,2023-11-24,805,N20,VIIRS,n,2,300.01,6.09,D,2,VIIRS_NOAA20_SP
21.07512,85.04288,342.07,0.32,0.54,2023-11-24,805,N20,VIIRS,n,2,298.0,3.83,D,2,VIIRS_NOAA20_SP
21.07544,85.04593,345.66,0.32,0.54,2023-11-24,805,N20,VIIRS,n,2,296.56,3.83,D,2,VIIRS_NOAA20_SP
19.8044,72.7414,331.68,0.49,0.41,2023-11-24,806,N20,VIIRS,l,2,303.86,2.09,D,0,VIIRS_NOAA20_SP
20.11143,73.95361,367.0,0.43,0.38,2023-11-24,806,N20,VIIRS,h,2,301.08,6.33,D,0,VIIRS_NOAA20_SP
20.1149,73.95296,338.5,0.43,0.38,2023-11-24,806,N20,VIIRS,n,2,298.28,1.11,D,0,VIIRS_NOAA20_SP
20.53399,74.87939,338.88,0.4,0.37,2023-11-24,806,N20,VIIRS,n,2,299.02,5.91,D,0,VIIRS_NOAA20_SP
20.95765,79.80833,331.89,0.47,0.39,2023-11-24,806,N20,VIIRS,n,2,297.53,3.34,D,0,VIIRS_NOAA20_SP
20.96572,70.31198,340.58,0.43,0.46,2023-11-24,806,N20,VIIRS,n,2,305.34,6.95,D,0,VIIRS_NOAA20_SP
20.96829,79.61287,336.14,0.46,0.39,2023-11-24,806,N20,VIIRS,n,2,299.23,4.11,D,0,VIIRS_NOAA20_SP
20.97188,79.61234,333.61,0.46,0.39,2023-11-24,806,N20,VIIRS,n,2,298.54,6.05,D,0,VIIRS_NOAA20_SP
21.00149,79.59994,332.53,0.46,0.39,2023-11-24,806,N20,VIIRS,n,2,299.3,5.49,D,0,VIIRS_NOAA20_SP
21.03111,80.55202,333.05,0.51,0.41,2023-11-24,806,N20,VIIRS,n,2,297.01,3.3,D,0,VIIRS_NOAA20_SP
21.03868,76.1165,311.77,0.38,0.36,2023-11-24,806,N20,VIIRS,l,2,312.52,53.44,D,0,VIIRS_NOAA20_SP
21.03924,76.12017,334.39,0.38,0.36,2023-11-24,806,N20,VIIRS,n,2,299.23,24.89,D,0,VIIRS_NOAA20_SP
21.07268,75.5045,330.39,0.39,0.36,2023-11-24,806,N20,VIIRS,n,2,300.64,1.84,D,0,VIIRS_NOAA20_SP
21.10238,72.63614,337.58,0.48,0.4,2023-11-24,806,N20,VIIRS,n,2,305.3,14.58,D,2,VIIRS_NOAA20_SP
21.10396,72.64528,333.29,0.48,0.4,2023-11-24,806,N20,VIIRS,n,2,301.7,3.38,D,2,VIIRS_NOAA20_SP
21.1416,79.93407,332.96,0.47,0.4,2023-11-24,806,N20,VIIRS,n,2,299.15,2.96,D,0,VIIRS_NOAA20_SP
21.14209,79.93577,330.4,0.47,0.4,2023-11-24,806,N20,VIIRS,n,2,298.83,1.92,D,0,VIIRS_NOAA20_SP
21.14271,80.88126,332.82,0.53,0.42,2023-11-24,806,N20,VIIRS,n,2,296.58,3.18,D,0,VIIRS_NOAA20_SP
21.14444,80.87814,332.12,0.53,0.42,2023-11-24,806,N20,VIIRS,n,2,296.14,3.33,D,0,VIIRS_NOAA20_SP
21.14447,79.21074,335.45,0.44,0.38,2023-11-24,806,N20,VIIRS,n,2,300.05,4.9,D,0,VIIRS_NOAA20_SP
21.1457,78.92522,342.32,0.43,0.38,2023-11-24,806,N20,VIIRS,n,2,302.55,6.81,D,0,VIIRS_NOAA20_SP
21.15461,82.07217,339.91,0.41,0.45,2023-11-24,806,N20,VIIRS,n,2,296.18,4.11,D,0,VIIRS_NOAA20_SP
21.16013,75.3897,334.03,0.39,0.36,2023-11-24,806,N20,VIIRS,n,2,301.14,3.87,D,0,VIIRS_NOAA20_SP
21.21093,76.80991,331.55,0.39,0.36,2023-11-24,806,N20,VIIRS,n,2,298.62,2.81,D,0,VIIRS_NOAA20_SP
21.21478,76.81304,330.75,0.39,0.36,2023-11-24,806,N20,VIIRS,n,2,298.37,4.57,D,0,VIIRS_NOAA20_SP
21.23451,81.54253,329.94,0.39,0.44,2023-11-24,806,N20,VIIRS,n,2,296.04,2.34,D,0,VIIRS_NOAA20_SP
21.2402,82.35461,332.13,0.43,0.46,2023-11-24,806,N20,VIIRS,n,2,296.06,3.16,D,0,VIIRS_NOAA20_SP
21.2475,76.78071,342.7,0.39,0.36,2023-11-24,806,N20,VIIRS,n,2,299.22,3.32,D,0,VIIRS_NOAA20_SP
21.25015,75.14201,334.06,0.39,0.36,2023-11-24,806,N20,VIIRS,n,2,302.38,2.57,D,0,VIIRS_NOAA20_SP
21.25079,76.78015,336.15,0.39,0.36,2023-11-24,806,N20,VIIRS,n,2,298.84,3.32,D,0,VIIRS_NOAA20_SP
21.28082,73.04118,332.71,0.46,0.39,2023-11-24,806,N20,VIIRS,n,2,301.43,1.41,D,0,VIIRS_NOAA20_SP
21.2923,72.83974,336.1,0.47,0.4,2023-11-24,806,N20,VIIRS,n,2,303.47,11.24,D,0,VIIRS_NOAA20_SP
21.29364,82.9137,339.29,0.47,0.48,2023-11-24,806,N20,VIIRS,n,2,296.04,3.17,D,0,VIIRS_NOAA20_SP
21.29371,75.22292,336.55,0.39,0.36,2023-11-24,806,N20,VIIRS,n,2,301.04,2.66,D,0,VIIRS_NOAA20_SP
21.29466,82.91528,337.16,0.47,0.48,2023-11-24,806,N20,VIIRS,n,2,296.05,4.46,D,0,VIIRS_NOAA20_SP
21.31268,79.44485,333.07,0.45,0.39,2023-11-24,806,N20,VIIRS,n,2,300.7,13.26,D,0,VIIRS_NOAA20_SP
21.32384,80.94979,330.52,0.54,0.42,2023-11-24,806,N20,VIIRS,n,2,297.65,2.62,D,0,VIIRS_NOAA20_SP
21.33317,79.65723,333.1,0.46,0.39,2023-11-24,806,N20,VIIRS,n,2,300.21,4.97,D,0,VIIRS_NOAA20_SP
21.33476,79.41935,333.35,0.45,0.39,2023-11-24,806,N20,VIIRS,n,2,298.86,3.64,D,0,VIIRS_NOAA20_SP
21.33874,74.84216,332.19,0.4,0.37,2023-11-24,806,N20,VIIRS,n,2,300.92,2.14,D,0,VIIRS_NOAA20_SP
21.49465,81.59795,333.56,0.39,0.44,2023-11-24,806,N20,VIIRS,n,2,296.92,4.6,D,0,VIIRS_NOAA20_SP
21.51099,81.70016,333.56,0.4,0.44,2023-11-24,806,N20,VIIRS,n,2,296.73,3.68,D,0,VIIRS_NOAA20_SP
21.57247,82.00625,338.73,0.41,0.45,2023-11-24,806,N20,VIIRS,n,2,296.74,2.69,D,0,VIIRS_NOAA20_SP
21.58644,83.41782,340.94,0.51,0.49,2023-11-24,806,N20,VIIRS,n,2,299.65,7.42,D,0,VIIRS_NOAA20_SP
21.59338,74.33124,334.01,0.41,0.37,2023-11-24,806,N20,VIIRS,n,2,301.44,2.92,D,0,VIIRS_NOAA20_SP
21.60046,81.54845,337.96,0.39,0.44,2023-11-24,806,N20,VIIRS,n,2,296.3,1.94,D,0,VIIRS_NOAA20_SP
21.64828,81.43928,329.4,0.38,0.44,2023-11-24,806,N20,VIIRS,n,2,297.37,3.05,D,0,VIIRS_NOAA20_SP
21.65001,81.43854,338.48,0.39,0.44,2023-11-24,806,N20,VIIRS,n,2,298.45,3.38,D,0,VIIRS_NOAA20_SP
21.70748,81.51056,340.95,0.39,0.44,2023-11-24,806,N20,VIIRS,n,2,297.26,3.95,D,0,VIIRS_NOAA20_SP
21.72762,81.37516,338.68,0.38,0.43,2023-11-24,806,N20,VIIRS,n,2,297.93,3.01,D,0,VIIRS_NOAA20_SP
21.73664,81.54871,338.55,0.39,0.44,2023-11-24,806,N20,VIIRS,n,2,297.56,1.29,D,0,VIIRS_NOAA20_SP
21.7384,81.91116,330.19,0.41,0.45,2023-11-24,806,N20,VIIRS,n,2,297.54,2.15,D,0,VIIRS_NOAA20_SP
21.74359,73.07247,332.81,0.45,0.39,2023-11-24,806,N20,VIIRS,n,2,302.55,6.56,D,0,VIIRS_NOAA20_SP
21.7494,83.42487,332.76,0.51,0.49,2023-11-24,806,N20,VIIRS,n,2,294.45,3.71,D,0,VIIRS_NOAA20_SP
21.75881,81.59594,337.96,0.39,0.44,2023-11-24,806,N20,VIIRS,n,2,297.03,2.18,D,0,VIIRS_NOAA20_SP
21.76282,81.49536,333.56,0.39,0.44,2023-11-24,806,N20,VIIRS,n,2,298.17,5.17,D,0,VIIRS_NOAA20_SP
21.81319,75.65359,331.8,0.39,0.36,2023-11-24,806,N20,VIIRS,n,2,302.23,1.75,D,0,VIIRS_NOAA20_SP
21.83883,81.88635,339.0,0.41,0.45,2023-11-24,806,N20,VIIRS,n,2,296.1,3.44,D,0,VIIRS_NOAA20_SP
21.88011,72.67506,344.33,0.47,0.4,2023-11-24,806,N20,VIIRS,n,2,303.66,3.17,D,0,VIIRS_NOAA20_SP
21.88303,81.63013,335.75,0.4,0.44,2023-11-24,806,N20,VIIRS,n,2,297.1,1.48,D,0,VIIRS_NOAA20_SP
21.88966,82.10551,332.0,0.42,0.46,2023-11-24,806,N20,VIIRS,n,2,296.23,2.86,D,0,VIIRS_NOAA20_SP
21.90664,81.61888,333.31,0.4,0.44,2023-11-24,806,N20,VIIRS,n,2,297.74,2.5,D,0,VIIRS_NOAA20_SP
21.91862,83.35227,328.57,0.51,0.49,2023-11-24,806,N20,VIIRS,l,2,299.44,7.48,D,2,VIIRS_NOAA20_SP
21.98474,73.03568,345.59,0.45,0.39,2023-11-24,806,N20,VIIRS,n,2,300.03,8.9,D,0,VIIRS_NOAA20_SP
21.9914,82.16805,330.19,0.43,0.46,2023-11-24,806,N20,VIIRS,n,2,296.83,2.82,D,0,VIIRS_NOAA20_SP
21.99411,79.22694,331.93,0.45,0.39,2023-11-24,806,N20,VIIRS,n,2,305.68,2.37,D,0,VIIRS_NOAA20_SP
22.00828,81.70755,340.07,0.4,0.44,2023-11-24,806,N20,VIIRS,n,2,296.89,3.18,D,0,VIIRS_NOAA20_SP
22.01924,78.90511,332.19,0.44,0.38,2023-11-24,806,N20,VIIRS,n,2,301.92,2.6,D,0,VIIRS_NOAA20_SP
22.03868,83.73628,335.05,0.54,0.51,2023-11-24,806,N20,VIIRS,n,2,300.91,8.07,D,2,VIIRS_NOAA20_SP
22.0428,83.73055,341.8,0.54,0.51,2023-11-24,806,N20,VIIRS,n,2,301.04,8.88,D,2,VIIRS_NOAA20_SP
22.04335,83.73579,342.51,0.54,0.51,2023-11-24,806,N20,VIIRS,n,2,300.39,8.07,D,2,VIIRS_NOAA20_SP
22.06541,70.19067,348.95,0.42,0.45,2023-11-24,806,N20,VIIRS,n,2,306.06,7.04,D,0,VIIRS_NOAA20_SP
22.07214,79.41309,333.4,0.46,0.39,2023-11-24,806,N20,VIIRS,l,2,303.7,2.11,D,0,VIIRS_NOAA20_SP
22.07962,73.44463,334.87,0.43,0.38,2023-11-24,806,N20,VIIRS,n,2,302.16,2.55,D,0,VIIRS_NOAA20_SP
22.11448,82.22962,332.88,0.43,0.46,2023-11-24,806,N20,VIIRS,n,2,294.73,3.32,D,0,VIIRS_NOAA20_SP
22.18032,74.87192,334.59,0.39,0.36,2023-11-24,806,N20,VIIRS,n,2,304.55,3.15,D,0,VIIRS_NOAA20_SP
22.1988,79.69977,333.73,0.47,0.4,2023-11-24,806,N20,VIIRS,n,2,303.45,3.41,D,0,VIIRS_NOAA20_SP
22.21325,79.55331,332.36,0.47,0.4,2023-11-24,806,N20,VIIRS,n,2,301.63,3.3,D,0,VIIRS_NOAA20_SP
22.26043,79.25628,335.17,0.45,0.39,2023-11-24,806,N20,VIIRS,n,2,301.88,2.43,D,0,VIIRS_NOAA20_SP
22.28511,73.17731,336.54,0.44,0.38,2023-11-24,806,N20,VIIRS,n,2,303.82,7.55,D,0,VIIRS_NOAA20_SP
22.34313,69.88045,344.32,0.43,0.46,2023-11-24,806,N20,VIIRS,n,2,310.68,5.92,D,2,VIIRS_NOAA20_SP
22.35487,77.44362,333.05,0.4,0.37,2023-11-24,806,N20,VIIRS,n,2,302.45,2.84,D,0,VIIRS_NOAA20_SP
22.37114,80.18215,335.98,0.5,0.41,2023-11-24,806,N20,VIIRS,n,2,298.58,3.99,D,0,VIIRS_NOAA20_SP
22.37596,87.28227,329.89,0.46,0.64,2023-11-24,806,N20,VIIRS,n,2,302.18,4.22,D,2,VIIRS_NOAA20_SP
22.38422,80.19521,343.24,0.5,0.41,2023-11-24,806,N20,VIIRS,n,2,301.72,13.86,D,0,VIIRS_NOAA20_SP
22.3905,80.18438,331.08,0.5,0.41,2023-11-24,806,N20,VIIRS,n,2,300.91,2.97,D,0,VIIRS_NOAA20_SP
22.39234,80.19901,335.99,0.5,0.41,2023-11-24,806,N20,VIIRS,n,2,300.62,3.84,D,0,VIIRS_NOAA20_SP
22.42549,79.69697,335.4,0.48,0.4,2023-11-24,806,N20,VIIRS,n,2,304.28,5.16,D,0,VIIRS_NOAA20_SP
22.4836,79.91714,341.17,0.49,0.4,2023-11-24,806,N20,VIIRS,n,2,305.06,12.82,D,0,VIIRS_NOAA20_SP
22.48615,73.16175,330.97,0.44,0.38,2023-11-24,806,N20,VIIRS,l,2,302.01,4.49,D,0,VIIRS_NOAA20_SP
22.51933,80.07822,337.18,0.5,0.41,2023-11-24,806,N20,VIIRS,n,2,299.34,3.78,D,0,VIIRS_NOAA20_SP
22.54597,72.45341,344.46,0.47,0.4,2023-11-24,806,N20,VIIRS,n,2,302.61,5.0,D,0,VIIRS_NOAA20_SP
22.54857,80.06895,331.95,0.5,0.41,2023-11-24,806,N20,VIIRS,n,2,302.28,1.93,D,0,VIIRS_NOAA20_SP
22.70364,72.36721,331.18,0.47,0.4,2023-11-24,806,N20,VIIRS,n,2,302.85,1.47,D,0,VIIRS_NOAA20_SP
22.70387,72.36401,330.13,0.47,0.4,2023-11-24,806,N20,VIIRS,n,2,303.29,1.38,D,0,VIIRS_NOAA20_SP
22.70607,78.40868,330.7,0.43,0.38,2023-11-24,806,N20,VIIRS,l,2,301.98,2.76,D,0,VIIRS_NOAA20_SP
22.76304,78.26554,343.51,0.42,0.38,2023-11-24,806,N20,VIIRS,n,2,301.63,3.22,D,0,VIIRS_NOAA20_SP
22.77618,80.22034,336.24,0.51,0.41,2023-11-24,806,N20,VIIRS,n,2,301.56,6.53,D,0,VIIRS_NOAA20_SP
22.77681,80.2253,333.64,0.51,0.41,2023-11-24,806,N20,VIIRS,n,2,302.18,4.51,D,0,VIIRS_NOAA20_SP
22.78485,86.20589,334.55,0.4,0.6,2023-11-24,806,N20,VIIRS,n,2,297.96,4.56,D,2,VIIRS_NOAA20_SP
22.78495,86.20637,333.88,0.4,0.6,2023-11-24,806,N20,VIIRS,n,2,297.57,3.67,D,2,VIIRS_NOAA20_SP
22.79505,78.29385,330.05,0.42,0.38,2023-11-24,806,N20,VIIRS,n,2,301.3,1.92,D,0,VIIRS_NOAA20_SP
22.79609,87.52203,328.49,0.48,0.65,2023-11-24,806,N20,VIIRS,n,2,297.56,2.37,D,0,VIIRS_NOAA20_SP
22.8239,78.42793,333.28,0.43,0.38,2023-11-24,806,N20,VIIRS,n,2,302.22,2.34,D,0,VIIRS_NOAA20_SP
22.82714,78.74422,341.85,0.44,0.38,2023-11-24,806,N20,VIIRS,n,2,304.2,5.73,D,0,VIIRS_NOAA20_SP
22.82781,78.02384,335.75,0.41,0.37,2023-11-24,806,N20,VIIRS,n,2,301.97,3.36,D,0,VIIRS_NOAA20_SP
22.82805,78.02453,338.48,0.41,0.37,2023-11-24,806,N20,VIIRS,n,2,301.53,3.32,D,0,VIIRS_NOAA20_SP
22.82827,78.33048,334.02,0.42,0.38,2023-11-24,806,N20,VIIRS,n,2,301.86,3.08,D,0,VIIRS_NOAA20_SP
22.84085,74.23982,335.31,0.4,0.37,2023-11-24,806,N20,VIIRS,n,2,301.51,1.7,D,0,VIIRS_NOAA20_SP
22.85382,77.98349,331.39,0.41,0.37,2023-11-24,806,N20,VIIRS,n,2,302.03,2.53,D,0,VIIRS_NOAA20_SP
22.86922,77.96874,335.72,0.41,0.37,2023-11-24,806,N20,VIIRS,n,2,300.84,3.84,D,0,VIIRS_NOAA20_SP
22.86942,83.64485,335.41,0.55,0.51,2023-11-24,806,N20,VIIRS,n,2,299.35,5.04,D,0,VIIRS_NOAA20_SP
22.87112,77.90723,332.08,0.41,0.37,2023-11-24,806,N20,VIIRS,n,2,300.49,2.56,D,0,VIIRS_NOAA20_SP
22.8742,78.40738,330.1,0.43,0.38,2023-11-24,806,N20,VIIRS,n,2,301.73,1.78,D,0,VIIRS_NOAA20_SP
22.88004,72.12683,334.92,0.48,0.4,2023-11-24,806,N20,VIIRS,n,2,304.95,5.11,D,0,VIIRS_NOAA20_SP
22.88011,72.12588,339.72,0.48,0.4,2023-11-24,806,N20,VIIRS,n,2,305.24,6.87,D,0,VIIRS_NOAA20_SP
22.883,77.91754,334.82,0.41,0.37,2023-11-24,806,N20,VIIRS,n,2,301.75,2.75,D,0,VIIRS_NOAA20_SP
22.88619,72.33343,334.36,0.47,0.4,2023-11-24,806,N20,VIIRS,n,2,304.34,2.76,D,0,VIIRS_NOAA20_SP
22.89903,78.08305,335.57,0.42,0.37,2023-11-24,806,N20,VIIRS,n,2,301.72,4.32,D,0,VIIRS_NOAA20_SP
22.90432,78.48416,342.12,0.43,0.38,2023-11-24,806,N20,VIIRS,n,2,304.36,7.87,D,0,VIIRS_NOAA20_SP
22.90879,78.51755,333.78,0.43,0.38,2023-11-24,806,N20,VIIRS,n,2,301.42,2.56,D,0,VIIRS_NOAA20_SP
22.91461,87.57788,340.32,0.49,0.65,2023-11-24,806,N20,VIIRS,n,2,299.7,3.04,D,0,VIIRS_NOAA20_SP
22.94408,76.61871,331.38,0.39,0.36,2023-11-24,806,N20,VIIRS,n,2,302.05,1.97,D,0,VIIRS_NOAA20_SP
22.95164,72.29738,338.48,0.47,0.4,2023-11-24,806,N20,VIIRS,n,2,304.78,5.62,D,0,VIIRS_NOAA20_SP
22.95524,72.29664,330.01,0.47,0.4,2023-11-24,806,N20,VIIRS,n,2,303.28,5.62,D,0,VIIRS_NOAA20_SP
22.95721,72.32909,331.2,0.47,0.4,2023-11-24,806,N20,VIIRS,n,2,304.31,2.46,D,0,VIIRS_NOAA20_SP
22.96223,79.92907,334.36,0.5,0.41,2023-11-24,806,N20,VIIRS,n,2,302.3,5.75,D,0,VIIRS_NOAA20_SP
22.96787,72.41091,333.35,0.47,0.39,2023-11-24,806,N20,VIIRS,n,2,302.24,2.74,D,0,VIIRS_NOAA20_SP
22.97016,79.91911,336.63,0.5,0.41,2023-11-24,806,N20,VIIRS,n,2,302.2,3.68,D,0,VIIRS_NOAA20_SP
22.97278,79.92265,334.43,0.5,0.41,2023-11-24,806,N20,VIIRS,n,2,301.37,3.31,D,0,VIIRS_NOAA20_SP
22.97434,72.36303,347.92,0.47,0.4,2023-11-24,806,N20,VIIRS,n,2,305.03,10.49,D,0,VIIRS_NOAA20_SP
22.97843,79.48183,340.31,0.47,0.4,2023-11-24,806,N20,VIIRS,n,2,301.29,4.73,D,0,VIIRS_NOAA20_SP
22.97902,79.48642,333.65,0.47,0.4,2023-11-24,806,N20,VIIRS,n,2,301.61,4.73,D,0,VIIRS_NOAA20_SP
22.98461,79.41566,337.5,0.47,0.4,2023-11-24,806,N20,VIIRS,n,2,301.65,3.34,D,0,VIIRS_NOAA20_SP
23.00253,77.64364,339.53,0.41,0.37,2023-11-24,806,N20,VIIRS,n,2,303.61,3.39,D,0,VIIRS_NOAA20_SP
23.00448,79.5108,334.73,0.47,0.4,2023-11-24,806,N20,VIIRS,n,2,301.72,5.56,D,0,VIIRS_NOAA20_SP
23.01361,79.49537,337.94,0.47,0.4,2023-11-24,806,N20,VIIRS,n,2,301.23,5.26,D,0,VIIRS_NOAA20_SP
23.01989,79.19598,336.66,0.46,0.39,2023-11-24,806,N20,VIIRS,n,2,300.35,6.72,D,0,VIIRS_NOAA20_SP
23.03743,77.64599,334.63,0.41,0.37,2023-11-24,806,N20,VIIRS,n,2,303.32,2.95,D,0,VIIRS_NOAA20_SP
23.04026,77.6415,341.16,0.41,0.37,2023-11-24,806,N20,VIIRS,n,2,304.62,3.04,D,0,VIIRS_NOAA20_SP
23.04334,79.9577,333.26,0.5,0.41,2023-11-24,806,N20,VIIRS,n,2,301.92,3.42,D,0,VIIRS_NOAA20_SP
23.04707,79.95718,333.35,0.5,0.41,2023-11-24,806,N20,VIIRS,n,2,301.48,4.7,D,0,VIIRS_NOAA20_SP
23.04723,73.31861,339.51,0.43,0.38,2023-11-24,806,N20,VIIRS,n,2,304.69,4.95,D,0,VIIRS_NOAA20_SP
23.05289,79.53854,336.16,0.48,0.4,2023-11-24,806,N20,VIIRS,n,2,304.82,14.81,D,0,VIIRS_NOAA20_SP
23.05523,77.4789,334.89,0.4,0.37,2023-11-24,806,N20,VIIRS,n,2,301.98,2.27,D,0,VIIRS_NOAA20_SP
23.05703,87.50997,335.3,0.49,0.65,2023-11-24,806,N20,VIIRS,n,2,298.29,3.12,D,0,VIIRS_NOAA20_SP
23.06523,79.48963,337.95,0.47,0.4,2023-11-24,806,N20,VIIRS,n,2,301.24,4.22,D,0,VIIRS_NOAA20_SP
23.07556,72.23161,331.93,0.47,0.4,2023-11-24,806,N20,VIIRS,l,2,302.53,3.48,D,0,VIIRS_NOAA20_SP
23.07811,78.6552,330.46,0.44,0.38,2023-11-24,806,N20,VIIRS,n,2,301.6,1.95,D,0,VIIRS_NOAA20_SP
23.08208,81.63681,336.01,0.41,0.45,2023-11-24,806,N20,VIIRS,n,2,297.52,2.22,D,0,VIIRS_NOAA20_SP
23.08759,80.00581,332.22,0.5,0.41,2023-11-24,806,N20,VIIRS,n,2,300.09,3.93,D,0,VIIRS_NOAA20_SP
23.08901,80.00813,337.23,0.5,0.41,2023-11-24,806,N20,VIIRS,n,2,301.65,3.68,D,0,VIIRS_NOAA20_SP
23.09512,80.03461,333.36,0.5,0.41,2023-11-24,806,N20,VIIRS,n,2,302.43,2.42,D,0,VIIRS_NOAA20_SP
23.15036,79.86088,330.45,0.49,0.41,2023-11-24,806,N20,VIIRS,n,2,300.41,2.62,D,0,VIIRS_NOAA20_SP
23.15499,79.58178,339.03,0.48,0.4,2023-11-24,806,N20,VIIRS,n,2,301.4,5.21,D,0,VIIRS_NOAA20_SP
23.15595,79.75768,331.55,0.49,0.4,2023-11-24,806,N20,VIIRS,n,2,298.55,6.24,D,0,VIIRS_NOAA20_SP
23.15856,78.5014,331.59,0.43,0.38,2023-11-24,806,N20,VIIRS,n,2,298.49,3.23,D,0,VIIRS_NOAA20_SP
23.16459,79.76613,331.74,0.49,0.4,2023-11-24,806,N20,VIIRS,n,2,300.14,3.05,D,0,VIIRS_NOAA20_SP
23.16523,79.85872,332.8,0.49,0.41,2023-11-24,806,N20,VIIRS,n,2,301.6,7.14,D,0,VIIRS_NOAA20_SP
23.17205,79.85282,333.92,0.49,0.41,2023-11-24,806,N20,VIIRS,n,2,298.59,2.82,D,0,VIIRS_NOAA20_SP
23.17429,79.64577,333.5,0.48,0.4,2023-11-24,806,N20,VIIRS,n,2,301.51,5.17,D,0,VIIRS_NOAA20_SP
23.17555,77.56319,330.37,0.4,0.37,2023-11-24,806,N20,VIIRS,l,2,303.5,1.32,D,0,VIIRS_NOAA20_SP
23.18944,79.85701,332.39,0.5,0.41,2023-11-24,806,N20,VIIRS,n,2,301.19,5.99,D,0,VIIRS_NOAA20_SP
23.19028,79.62424,334.02,0.48,0.4,2023-11-24,806,N20,VIIRS,n,2,301.37,3.02,D,0,VIIRS_NOAA20_SP
23.1978,79.77269,331.03,0.49,0.4,2023-11-24,806,N20,VIIRS,n,2,300.99,3.34,D,0,VIIRS_NOAA20_SP
23.1997,79.75784,344.56,0.49,0.4,2023-11-24,806,N20,VIIRS,n,2,303.06,18.07,D,0,VIIRS_NOAA20_SP
23.20028,77.59129,337.5,0.4,0.37,2023-11-24,806,N20,VIIRS,n,2,303.12,3.88,D,0,VIIRS_NOAA20_SP
23.2026,78.56332,345.27,0.43,0.38,2023-11-24,806,N20,VIIRS,n,2,299.68,5.46,D,0,VIIRS_NOAA20_SP
23.20261,79.81099,332.76,0.49,0.4,2023-11-24,806,N20,VIIRS,n,2,300.39,2.45,D,0,VIIRS_NOAA20_SP
23.20349,79.72817,336.8,0.49,0.4,2023-11-24,806,N20,VIIRS,n,2,300.35,4.33,D,0,VIIRS_NOAA20_SP
23.20442,79.8254,334.55,0.49,0.41,2023-11-24,806,N20,VIIRS,n,2,301.51,5.5,D,0,VIIRS_NOAA20_SP
23.20502,79.83021,333.6,0.49,0.41,2023-11-24,806,N20,VIIRS,n,2,301.29,5.5,D,0,VIIRS_NOAA20_SP
23.21027,79.72233,333.38,0.49,0.4,2023-11-24,806,N20,VIIRS,n,2,302.26,4.27,D,0,VIIRS_NOAA20_SP
23.21088,79.72708,333.68,0.49,0.4,2023-11-24,806,N20,VIIRS,n,2,302.08,7.93,D,0,VIIRS_NOAA20_SP
23.21701,78.34352,331.34,0.43,0.38,2023-11-24,806,N20,VIIRS,n,2,302.17,3.51,D,0,VIIRS_NOAA20_SP
23.23614,79.71853,334.49,0.49,0.4,2023-11-24,806,N20,VIIRS,n,2,301.21,3.53,D,0,VIIRS_NOAA20_SP
23.24517,79.90804,332.07,0.5,0.41,2023-11-24,806,N20,VIIRS,n,2,301.75,4.94,D,0,VIIRS_NOAA20_SP
23.24959,79.85316,335.59,0.5,0.41,2023-11-24,806,N20,VIIRS,n,2,302.21,6.39,D,0,VIIRS_NOAA20_SP
23.25331,79.85262,333.38,0.5,0.41,2023-11-24,806,N20,VIIRS,n,2,300.85,6.39,D,0,VIIRS_NOAA20_SP
23.25827,79.86172,330.54,0.5,0.41,2023-11-24,806,N20,VIIRS,n,2,300.4,2.8,D,0,VIIRS_NOAA20_SP
23.26132,79.94536,340.33,0.5,0.41,2023-11-24,806,N20,VIIRS,n,2,300.98,8.37,D,0,VIIRS_NOAA20_SP
23.26506,79.94481,343.08,0.5,0.41,2023-11-24,806,N20,VIIRS,n,2,302.74,8.37,D,0,VIIRS_NOAA20_SP
23.26568,79.94969,350.36,0.5,0.41,2023-11-24,806,N20,VIIRS,n,2,303.25,8.37,D,0,VIIRS_NOAA20_SP
23.2682,79.79163,333.86,0.49,0.4,2023-11-24,806,N20,VIIRS,n,2,299.72,2.81,D,0,VIIRS_NOAA20_SP
23.26942,79.94915,336.22,0.5,0.41,2023-11-24,806,N20,VIIRS,n,2,300.02,4.77,D,0,VIIRS_NOAA20_SP
23.27623,79.77814,334.28,0.49,0.4,2023-11-24,806,N20,VIIRS,n,2,300.26,6.21,D,0,VIIRS_NOAA20_SP
23.27846,79.82677,333.16,0.49,0.41,2023-11-24,806,N20,VIIRS,n,2,302.24,2.85,D,0,VIIRS_NOAA20_SP
23.27934,79.7728,338.86,0.49,0.4,2023-11-24,806,N20,VIIRS,n,2,299.85,6.34,D,0,VIIRS_NOAA20_SP
23.2794,79.93777,342.52,0.5,0.41,2023-11-24,806,N20,VIIRS,n,2,303.89,21.23,D,0,VIIRS_NOAA20_SP
23.28053,79.78239,337.43,0.49,0.4,2023-11-24,806,N20,VIIRS,n,2,303.15,11.76,D,0,VIIRS_NOAA20_SP
23.28055,79.7703,332.75,0.49,0.4,2023-11-24,806,N20,VIIRS,n,2,301.33,2.81,D,0,VIIRS_NOAA20_SP
23.28117,79.77509,339.9,0.49,0.4,2023-11-24,806,N20,VIIRS,n,2,300.48,10.88,D,0,VIIRS_NOAA20_SP
23.28189,79.92748,333.93,0.5,0.41,2023-11-24,806,N20,VIIRS,n,2,302.64,13.77,D,0,VIIRS_NOAA20_SP
23.28242,79.78467,342.16,0.49,0.4,2023-11-24,806,N20,VIIRS,n,2,306.36,25.12,D,0,VIIRS_NOAA20_SP
23.28396,79.84071,343.34,0.5,0.41,2023-11-24,806,N20,VIIRS,n,2,301.15,5.54,D,0,VIIRS_NOAA20_SP
23.28424,79.78185,333.08,0.49,0.4,2023-11-24,806,N20,VIIRS,n,2,301.58,11.76,D,0,VIIRS_NOAA20_SP
23.28484,79.78665,330.68,0.49,0.4,2023-11-24,806,N20,VIIRS,n,2,300.84,7.74,D,0,VIIRS_NOAA20_SP
23.28556,79.83808,332.25,0.49,0.41,2023-11-24,806,N20,VIIRS,n,2,301.09,1.78,D,0,VIIRS_NOAA20_SP
23.28751,79.94157,330.76,0.5,0.41,2023-11-24,806,N20,VIIRS,n,2,300.75,6.15,D,0,VIIRS_NOAA20_SP
23.29064,79.966,331.93,0.5,0.41,2023-11-24,806,N20,VIIRS,n,2,300.62,5.26,D,0,VIIRS_NOAA20_SP
23.29248,79.92098,333.29,0.5,0.41,2023-11-24,806,N20,VIIRS,n,2,300.6,3.27,D,0,VIIRS_NOAA20_SP
23.29353,79.91835,336.99,0.5,0.41,2023-11-24,806,N20,VIIRS,n,2,301.34,4.58,D,0,VIIRS_NOAA20_SP
23.30059,79.92477,344.29,0.5,0.41,2023-11-24,806,N20,VIIRS,n,2,301.38,14.77,D,0,VIIRS_NOAA20_SP
23.30161,79.92214,342.7,0.5,0.41,2023-11-24,806,N20,VIIRS,n,2,303.32,15.24,D,0,VIIRS_NOAA20_SP
23.30185,79.93453,334.04,0.5,0.41,2023-11-24,806,N20,VIIRS,n,2,300.15,5.15,D,0,VIIRS_NOAA20_SP
23.30378,79.97909,334.83,0.5,0.41,2023-11-24,806,N20,VIIRS,n,2,300.04,3.34,D,0,VIIRS_NOAA20_SP
23.30509,79.98145,333.69,0.5,0.41,2023-11-24,806,N20,VIIRS,n,2,299.68,1.89,D,0,VIIRS_NOAA20_SP
23.3065,79.77858,337.33,0.49,0.4,2023-11-24,806,N20,VIIRS,n,2,300.68,3.51,D,0,VIIRS_NOAA20_SP
23.30836,79.94602,334.52,0.5,0.41,2023-11-24,806,N20,VIIRS,n,2,300.29,3.46,D,0,VIIRS_NOAA20_SP
23.31138,79.97054,337.18,0.5,0.41,2023-11-24,806,N20,VIIRS,n,2,300.79,3.91,D,0,VIIRS_NOAA20_SP
23.31616,79.8557,338.29,0.5,0.41,2023-11-24,806,N20,VIIRS,n,2,303.45,9.47,D,0,VIIRS_NOAA20_SP
23.31848,79.9048,332.59,0.5,0.41,2023-11-24,806,N20,VIIRS,n,2,301.03,3.33,D,0,VIIRS_NOAA20_SP
23.32192,79.99402,339.88,0.5,0.41,2023-11-24,806,N20,VIIRS,n,2,299.8,8.66,D,0,VIIRS_NOAA20_SP
23.32263,79.96891,331.86,0.5,0.41,2023-11-24,806,N20,VIIRS,n,2,298.67,3.35,D,0,VIIRS_NOAA20_SP
23.32369,79.82507,331.51,0.49,0.41,2023-11-24,806,N20,VIIRS,n,2,298.93,16.29,D,0,VIIRS_NOAA20_SP
23.32395,79.94875,335.08,0.5,0.41,2023-11-24,806,N20,VIIRS,n,2,300.36,2.5,D,0,VIIRS_NOAA20_SP
23.32446,79.98364,336.48,0.5,0.41,2023-11-24,806,N20,VIIRS,n,2,299.78,2.54,D,0,VIIRS_NOAA20_SP
23.32821,79.9831,336.72,0.5,0.41,2023-11-24,806,N20,VIIRS,n,2,299.47,3.43,D,0,VIIRS_NOAA20_SP
23.33135,79.97764,334.35,0.5,0.41,2023-11-24,806,N20,VIIRS,n,2,300.66,3.43,D,0,VIIRS_NOAA20_SP
23.33379,79.99732,338.43,0.5,0.41,2023-11-24,806,N20,VIIRS,n,2,300.32,4.16,D,0,VIIRS_NOAA20_SP
23.33449,79.97218,331.83,0.5,0.41,2023-11-24,806,N20,VIIRS,n,2,299.23,5.21,D,0,VIIRS_NOAA20_SP
23.33501,79.7354,336.97,0.49,0.4,2023-11-24,806,N20,VIIRS,n,2,303.48,8.2,D,0,VIIRS_NOAA20_SP
23.33816,80.00169,334.23,0.51,0.41,2023-11-24,806,N20,VIIRS,n,2,303.14,11.21,D,0,VIIRS_NOAA20_SP
23.33885,79.97655,331.07,0.5,0.41,2023-11-24,806,N20,VIIRS,n,2,298.88,3.34,D,0,VIIRS_NOAA20_SP
23.33974,79.86213,330.51,0.5,0.41,2023-11-24,806,N20,VIIRS,n,2,301.04,1.52,D,0,VIIRS_NOAA20_SP
23.34212,79.91129,331.69,0.5,0.41,2023-11-24,806,N20,VIIRS,l,2,303.42,2.96,D,0,VIIRS_NOAA20_SP
23.34513,79.96565,333.36,0.5,0.41,2023-11-24,806,N20,VIIRS,n,2,300.95,4.22,D,0,VIIRS_NOAA20_SP
23.3456,80.03075,343.4,0.51,0.41,2023-11-24,806,N20,VIIRS,n,2,299.34,9.78,D,0,VIIRS_NOAA20_SP
23.34715,79.89073,331.39,0.5,0.41,2023-11-24,806,N20,VIIRS,n,2,301.05,2.48,D,0,VIIRS_NOAA20_SP
23.3477,79.92538,340.63,0.5,0.41,2023-11-24,806,N20,VIIRS,n,2,302.67,7.7,D,0,VIIRS_NOAA20_SP
23.35038,79.79664,331.21,0.49,0.41,2023-11-24,806,N20,VIIRS,n,2,302.18,3.35,D,0,VIIRS_NOAA20_SP
23.35144,79.92484,333.23,0.5,0.41,2023-11-24,806,N20,VIIRS,n,2,302.48,10.32,D,0,VIIRS_NOAA20_SP
23.35403,79.8551,341.79,0.5,0.41,2023-11-24,806,N20,VIIRS,n,2,303.75,6.8,D,0,VIIRS_NOAA20_SP
23.35827,79.94875,332.54,0.5,0.41,2023-11-24,806,N20,VIIRS,n,2,302.11,2.42,D,0,VIIRS_NOAA20_SP
23.3586,80.10463,336.16,0.51,0.41,2023-11-24,806,N20,VIIRS,n,2,301.04,5.41,D,0,VIIRS_NOAA20_SP
23.35884,79.98364,339.29,0.5,0.41,2023-11-24,806,N20,VIIRS,n,2,297.28,5.3,D,0,VIIRS_NOAA20_SP
23.36492,80.09359,334.36,0.51,0.41,2023-11-24,806,N20,VIIRS,n,2,298.08,2.65,D,0,VIIRS_NOAA20_SP
23.36639,79.95258,332.21,0.5,0.41,2023-11-24,806,N20,VIIRS,n,2,301.42,3.77,D,0,VIIRS_NOAA20_SP
23.37326,79.94659,335.33,0.5,0.41,2023-11-24,806,N20,VIIRS,n,2,303.84,8.99,D,0,VIIRS_NOAA20_SP
23.3764,79.85185,341.48,0.5,0.41,2023-11-24,806,N20,VIIRS,n,2,302.58,6.46,D,0,VIIRS_NOAA20_SP
23.37825,79.95586,334.98,0.5,0.41,2023-11-24,806,N20,VIIRS,n,2,302.42,2.95,D,0,VIIRS_NOAA20_SP
23.382,79.95531,331.42,0.5,0.41,2023-11-24,806,N20,VIIRS,l,2,301.81,2.95,D,0,VIIRS_NOAA20_SP
23.38261,79.84108,334.98,0.5,0.41,2023-11-24,806,N20,VIIRS,n,2,303.28,4.78,D,0,VIIRS_NOAA20_SP
23.38825,80.00449,336.72,0.51,0.41,2023-11-24,806,N20,VIIRS,n,2,300.28,4.12,D,0,VIIRS_NOAA20_SP
23.39253,79.82978,332.92,0.5,0.41,2023-11-24,806,N20,VIIRS,l,2,302.97,4.5,D,0,VIIRS_NOAA20_SP
23.39575,79.9733,335.11,0.5,0.41,2023-11-24,806,N20,VIIRS,n,2,301.65,2.5,D,0,VIIRS_NOAA20_SP
23.3981,78.00464,335.31,0.42,0.37,2023-11-24,806,N20,VIIRS,n,2,303.52,3.19,D,0,VIIRS_NOAA20_SP
23.41832,80.00014,334.01,0.51,0.41,2023-11-24,806,N20,VIIRS,n,2,302.2,4.01,D,0,VIIRS_NOAA20_SP
23.41912,80.00205,332.48,0.51,0.41,2023-11-24,806,N20,VIIRS,n,2,301.55,13.09,D,0,VIIRS_NOAA20_SP
23.42555,80.2386,330.86,0.52,0.42,2023-11-24,806,N20,VIIRS,n,2,297.55,1.94,D,0,VIIRS_NOAA20_SP
23.42604,79.99603,343.62,0.51,0.41,2023-11-24,806,N20,VIIRS,n,2,303.65,11.59,D,0,VIIRS_NOAA20_SP
23.42695,77.57893,334.99,0.41,0.37,2023-11-24,806,N20,VIIRS,n,2,302.04,3.87,D,0,VIIRS_NOAA20_SP
23.4298,79.99549,331.28,0.51,0.41,2023-11-24,806,N20,VIIRS,n,2,301.22,2.41,D,0,VIIRS_NOAA20_SP
23.43027,80.18867,345.24,0.52,0.41,2023-11-24,806,N20,VIIRS,n,2,303.51,13.4,D,0,VIIRS_NOAA20_SP
23.4303,80.03068,333.18,0.51,0.41,2023-11-24,806,N20,VIIRS,n,2,301.67,5.06,D,0,VIIRS_NOAA20_SP
23.43121,80.19143,344.15,0.52,0.41,2023-11-24,806,N20,VIIRS,n,2,302.67,12.74,D,0,VIIRS_NOAA20_SP
23.43345,80.02517,341.78,0.51,0.41,2023-11-24,806,N20,VIIRS,n,2,302.49,5.11,D,0,VIIRS_NOAA20_SP
23.43637,80.23939,331.16,0.52,0.42,2023-11-24,806,N20,VIIRS,n,2,299.59,3.02,D,0,VIIRS_NOAA20_SP
23.43763,80.24208,331.04,0.52,0.42,2023-11-24,806,N20,VIIRS,n,2,300.01,2.43,D,0,VIIRS_NOAA20_SP
23.43906,80.3774,330.75,0.53,0.42,2023-11-24,806,N20,VIIRS,n,2,298.04,2.86,D,0,VIIRS_NOAA20_SP
23.44215,80.22305,331.31,0.52,0.42,2023-11-24,806,N20,VIIRS,n,2,299.86,8.21,D,0,VIIRS_NOAA20_SP
23.44361,79.98343,346.09,0.51,0.41,2023-11-24,806,N20,VIIRS,n,2,306.61,18.17,D,0,VIIRS_NOAA20_SP
23.44535,80.21742,345.99,0.52,0.42,2023-11-24,806,N20,VIIRS,n,2,302.38,8.21,D,0,VIIRS_NOAA20_SP
23.44648,80.22015,336.46,0.52,0.41,2023-11-24,806,N20,VIIRS,n,2,303.32,15.68,D,0,VIIRS_NOAA20_SP
23.44854,80.2118,334.66,0.52,0.41,2023-11-24,806,N20,VIIRS,n,2,301.52,4.24,D,0,VIIRS_NOAA20_SP
23.44915,80.21688,337.79,0.52,0.42,2023-11-24,806,N20,VIIRS,n,2,301.61,4.91,D,0,VIIRS_NOAA20_SP
23.44937,80.15511,336.51,0.52,0.41,2023-11-24,806,N20,VIIRS,n,2,300.13,5.33,D,0,VIIRS_NOAA20_SP
23.44988,80.19099,341.3,0.52,0.41,2023-11-24,806,N20,VIIRS,n,2,302.42,7.68,D,0,VIIRS_NOAA20_SP
23.4505,80.19606,332.76,0.52,0.41,2023-11-24,806,N20,VIIRS,n,2,300.59,6.96,D,0,VIIRS_NOAA20_SP
23.45162,80.23721,332.9,0.52,0.42,2023-11-24,806,N20,VIIRS,n,2,300.97,4.31,D,0,VIIRS_NOAA20_SP
23.45234,80.21127,332.68,0.52,0.41,2023-11-24,806,N20,VIIRS,n,2,302.25,4.24,D,0,VIIRS_NOAA20_SP
23.45255,80.14952,333.56,0.52,0.41,2023-11-24,806,N20,VIIRS,n,2,300.75,7.23,D,0,VIIRS_NOAA20_SP
23.4529,80.0274,331.74,0.51,0.41,2023-11-24,806,N20,VIIRS,n,2,301.23,1.93,D,0,VIIRS_NOAA20_SP
23.45296,80.21634,334.98,0.52,0.42,2023-11-24,806,N20,VIIRS,n,2,301.33,4.91,D,0,VIIRS_NOAA20_SP
23.45317,80.15456,332.33,0.52,0.41,2023-11-24,806,N20,VIIRS,n,2,299.86,5.33,D,0,VIIRS_NOAA20_SP
23.45511,80.13892,338.37,0.52,0.41,2023-11-24,806,N20,VIIRS,n,2,301.21,5.64,D,0,VIIRS_NOAA20_SP
23.45532,77.50972,335.49,0.4,0.37,2023-11-24,806,N20,VIIRS,n,2,303.3,3.26,D,0,VIIRS_NOAA20_SP
23.45582,80.11327,345.85,0.51,0.41,2023-11-24,806,N20,VIIRS,n,2,301.54,8.09,D,0,VIIRS_NOAA20_SP
23.45728,80.03181,354.38,0.51,0.41,2023-11-24,806,N20,VIIRS,n,2,302.4,12.84,D,0,VIIRS_NOAA20_SP
23.45749,80.1899,331.62,0.52,0.41,2023-11-24,806,N20,VIIRS,l,2,303.73,8.51,D,0,VIIRS_NOAA20_SP
23.45756,79.88145,331.01,0.5,0.41,2023-11-24,806,N20,VIIRS,l,2,301.43,5.17,D,0,VIIRS_NOAA20_SP
23.45844,80.07217,344.55,0.51,0.41,2023-11-24,806,N20,VIIRS,n,2,304.59,25.66,D,0,VIIRS_NOAA20_SP
23.46296,80.01585,352.18,0.51,0.41,2023-11-24,806,N20,VIIRS,n,2,308.48,17.79,D,0,VIIRS_NOAA20_SP
23.46358,80.02081,334.81,0.51,0.41,2023-11-24,806,N20,VIIRS,n,2,302.79,6.85,D,0,VIIRS_NOAA20_SP
23.46533,80.3185,334.06,0.53,0.42,2023-11-24,806,N20,VIIRS,n,2,301.99,3.11,D,0,VIIRS_NOAA20_SP
23.46673,80.0153,335.87,0.51,0.41,2023-11-24,806,N20,VIIRS,n,2,304.15,17.79,D,0,VIIRS_NOAA20_SP
23.46796,80.02522,333.05,0.51,0.41,2023-11-24,806,N20,VIIRS,n,2,302.65,6.85,D,0,VIIRS_NOAA20_SP
23.47163,80.08552,332.73,0.51,0.41,2023-11-24,806,N20,VIIRS,n,2,301.68,6.54,D,0,VIIRS_NOAA20_SP
23.50061,80.10171,332.73,0.51,0.41,2023-11-24,806,N20,VIIRS,n,2,301.81,2.14,D,0,VIIRS_NOAA20_SP
23.50814,80.00932,336.35,0.51,0.41,2023-11-24,806,N20,VIIRS,n,2,299.89,5.41,D,0,VIIRS_NOAA20_SP
23.5088,80.07504,333.24,0.51,0.41,2023-11-24,806,N20,VIIRS,n,2,298.76,2.68,D,0,VIIRS_NOAA20_SP
23.51006,80.2392,332.47,0.52,0.42,2023-11-24,806,N20,VIIRS,n,2,300.66,3.89,D,0,VIIRS_NOAA20_SP
23.51576,80.13018,341.41,0.52,0.41,2023-11-24,806,N20,VIIRS,n,2,301.13,6.47,D,0,VIIRS_NOAA20_SP
23.52482,77.75822,333.46,0.41,0.37,2023-11-24,806,N20,VIIRS,l,2,303.5,5.16,D,0,VIIRS_NOAA20_SP
23.52641,80.06229,334.75,0.51,0.41,2023-11-24,806,N20,VIIRS,n,2,300.9,2.94,D,0,VIIRS_NOAA20_SP
23.52685,80.06406,330.7,0.51,0.41,2023-11-24,806,N20,VIIRS,n,2,300.47,1.79,D,0,VIIRS_NOAA20_SP
23.5293,79.92754,351.01,0.5,0.41,2023-11-24,806,N20,VIIRS,n,2,302.32,11.85,D,0,VIIRS_NOAA20_SP
23.5367,79.95656,332.15,0.51,0.41,2023-11-24,806,N20,VIIRS,n,2,299.85,1.93,D,0,VIIRS_NOAA20_SP
23.54334,80.60593,343.95,0.55,0.42,2023-11-24,806,N20,VIIRS,n,2,301.51,7.99,D,0,VIIRS_NOAA20_SP
23.55309,79.90405,343.51,0.5,0.41,2023-11-24,806,N20,VIIRS,n,2,302.32,5.01,D,0,VIIRS_NOAA20_SP
23.55523,80.04472,341.02,0.51,0.41,2023-11-24,806,N20,VIIRS,n,2,303.1,8.56,D,0,VIIRS_NOAA20_SP
23.55978,79.9884,332.04,0.51,0.41,2023-11-24,806,N20,VIIRS,n,2,300.09,2.44,D,0,VIIRS_NOAA20_SP
23.56182,79.91277,338.91,0.5,0.41,2023-11-24,806,N20,VIIRS,n,2,302.08,9.35,D,0,VIIRS_NOAA20_SP
23.56618,79.91714,332.41,0.5,0.41,2023-11-24,806,N20,VIIRS,n,2,300.47,2.71,D,0,VIIRS_NOAA20_SP
23.56803,79.9319,349.76,0.5,0.41,2023-11-24,806,N20,VIIRS,n,2,302.15,8.73,D,0,VIIRS_NOAA20_SP
23.57117,79.92643,332.73,0.5,0.41,2023-11-24,806,N20,VIIRS,n,2,300.68,8.73,D,0,VIIRS_NOAA20_SP
23.57178,79.93136,334.69,0.5,0.41,2023-11-24,806,N20,VIIRS,n,2,301.08,8.73,D,0,VIIRS_NOAA20_SP
23.58533,80.10135,332.55,0.51,0.41,2023-11-24,806,N20,VIIRS,n,2,300.66,3.16,D,0,VIIRS_NOAA20_SP
23.59053,79.95876,333.44,0.51,0.41,2023-11-24,806,N20,VIIRS,n,2,300.98,2.61,D,0,VIIRS_NOAA20_SP
23.59154,80.64297,333.96,0.55,0.43,2023-11-24,806,N20,VIIRS,n,2,300.97,3.28,D,0,VIIRS_NOAA20_SP
23.59163,80.64007,331.4,0.55,0.43,2023-11-24,806,N20,VIIRS,n,2,300.97,2.45,D,0,VIIRS_NOAA20_SP
23.59241,79.97359,332.42,0.51,0.41,2023-11-24,806,N20,VIIRS,n,2,300.7,2.7,D,0,VIIRS_NOAA20_SP
23.60681,80.08808,331.92,0.51,0.41,2023-11-24,806,N20,VIIRS,n,2,297.58,3.83,D,0,VIIRS_NOAA20_SP
23.60997,79.99122,333.52,0.51,0.41,2023-11-24,806,N20,VIIRS,n,2,300.74,2.87,D,0,VIIRS_NOAA20_SP
23.65048,80.06882,340.14,0.51,0.41,2023-11-24,806,N20,VIIRS,n,2,300.49,8.78,D,0,VIIRS_NOAA20_SP
23.66491,80.09231,334.42,0.52,0.41,2023-11-24,806,N20,VIIRS,n,2,301.93,3.77,D,0,VIIRS_NOAA20_SP
23.67783,86.09561,328.99,0.4,0.6,2023-11-24,806,N20,VIIRS,n,2,297.03,2.53,D,2,VIIRS_NOAA20_SP
23.69106,79.69308,344.78,0.49,0.4,2023-11-24,806,N20,VIIRS,n,2,303.27,5.47,D,0,VIIRS_NOAA20_SP
23.69286,79.69023,333.83,0.49,0.4,2023-11-24,806,N20,VIIRS,n,2,304.32,3.98,D,0,VIIRS_NOAA20_SP
23.75249,80.58775,331.67,0.55,0.43,2023-11-24,806,N20,VIIRS,n,2,300.87,3.9,D,0,VIIRS_NOAA20_SP
23.75959,79.95378,339.62,0.51,0.41,2023-11-24,806,N20,VIIRS,n,2,302.36,5.49,D,0,VIIRS_NOAA20_SP
23.76327,79.98367,332.35,0.51,0.41,2023-11-24,806,N20,VIIRS,l,2,303.17,4.07,D,0,VIIRS_NOAA20_SP
23.77576,80.24528,331.94,0.53,0.42,2023-11-24,806,N20,VIIRS,n,2,300.83,3.1,D,0,VIIRS_NOAA20_SP
23.77657,86.20827,330.42,0.41,0.6,2023-11-24,806,N20,VIIRS,l,2,302.18,5.13,D,2,VIIRS_NOAA20_SP
23.77766,86.39666,332.89,0.42,0.61,2023-11-24,806,N20,VIIRS,n,2,301.65,4.28,D,2,VIIRS_NOAA20_SP
23.78156,79.9455,331.7,0.51,0.41,2023-11-24,806,N20,VIIRS,n,2,300.36,1.81,D,0,VIIRS_NOAA20_SP
23.78474,79.90963,334.38,0.51,0.41,2023-11-24,806,N20,VIIRS,n,2,300.66,2.74,D,0,VIIRS_NOAA20_SP
23.80816,77.99072,333.07,0.42,0.38,2023-11-24,806,N20,VIIRS,l,2,303.61,1.78,D,0,VIIRS_NOAA20_SP
23.8704,80.04196,332.89,0.51,0.41,2023-11-24,806,N20,VIIRS,n,2,301.38,3.25,D,0,VIIRS_NOAA20_SP
23.89912,79.8104,339.29,0.5,0.41,2023-11-24,806,N20,VIIRS,n,2,305.35,6.82,D,0,VIIRS_NOAA20_SP
23.89974,79.81528,333.14,0.5,0.41,2023-11-24,806,N20,VIIRS,n,2,302.75,5.96,D,0,VIIRS_NOAA20_SP
23.91179,77.72536,346.56,0.41,0.37,2023-11-24,806,N20,VIIRS,n,2,303.42,5.09,D,0,VIIRS_NOAA20_SP
23.91904,80.02985,332.92,0.51,0.41,2023-11-24,806,N20,VIIRS,n,2,300.56,3.5,D,0,VIIRS_NOAA20_SP
24.21367,81.16428,337.48,0.4,0.44,2023-11-24,806,N20,VIIRS,n,2,298.42,2.83,D,0,VIIRS_NOAA20_SP
24.2423,80.88222,333.06,0.38,0.44,2023-11-24,806,N20,VIIRS,n,2,301.28,2.04,D,0,VIIRS_NOAA20_SP
24.2785,80.19482,333.26,0.53,0.42,2023-11-24,806,N20,VIIRS,n,2,301.8,4.48,D,0,VIIRS_NOAA20_SP
24.282,81.04404,330.83,0.39,0.44,2023-11-24,806,N20,VIIRS,n,2,302.06,2.2,D,0,VIIRS_NOAA20_SP
24.29587,80.24018,333.6,0.53,0.42,2023-11-24,806,N20,VIIRS,l,2,303.79,4.55,D,0,VIIRS_NOAA20_SP
24.30059,80.94803,342.2,0.39,0.44,2023-11-24,806,N20,VIIRS,n,2,304.22,5.87,D,0,VIIRS_NOAA20_SP
24.33626,80.8697,330.59,0.39,0.44,2023-11-24,806,N20,VIIRS,l,2,301.65,2.85,D,0,VIIRS_NOAA20_SP
24.37201,80.93066,340.56,0.39,0.44,2023-11-24,806,N20,VIIRS,n,2,303.28,2.38,D,0,VIIRS_NOAA20_SP
24.38595,81.29528,335.44,0.41,0.45,2023-11-24,806,N20,VIIRS,n,2,302.84,7.6,D,0,VIIRS_NOAA20_SP
24.38641,81.29931,340.13,0.41,0.45,2023-11-24,806,N20,VIIRS,n,2,299.14,7.6,D,0,VIIRS_NOAA20_SP
24.40966,81.28403,333.86,0.41,0.45,2023-11-24,806,N20,VIIRS,n,2,300.43,2.64,D,0,VIIRS_NOAA20_SP
24.41241,81.16628,340.27,0.4,0.44,2023-11-24,806,N20,VIIRS,n,2,301.95,6.63,D,0,VIIRS_NOAA20_SP
24.4135,81.2105,340.29,0.4,0.44,2023-11-24,806,N20,VIIRS,n,2,302.85,3.53,D,0,VIIRS_NOAA20_SP
24.41397,81.21448,331.84,0.4,0.44,2023-11-24,806,N20,VIIRS,n,2,299.99,3.53,D,0,VIIRS_NOAA20_SP
24.42085,81.34397,330.27,0.41,0.45,2023-11-24,806,N20,VIIRS,n,2,300.53,2.32,D,0,VIIRS_NOAA20_SP
24.44693,81.42335,336.38,0.42,0.45,2023-11-24,806,N20,VIIRS,n,2,298.13,2.28,D,0,VIIRS_NOAA20_SP
22.87296,69.86044,341.37,0.43,0.46,2023-11-24,807,N20,VIIRS,n,2,308.05,6.3,D,0,VIIRS_NOAA20_SP
22.87373,69.86451,342.2,0.43,0.46,2023-11-24,807,N20,VIIRS,n,2,307.65,6.3,D,3,VIIRS_NOAA20_SP
22.92411,70.10812,335.77,0.41,0.45,2023-11-24,807,N20,VIIRS,l,2,309.78,3.05,D,0,VIIRS_NOAA20_SP
23.12884,71.17361,330.43,0.53,0.42,2023-11-24,807,N20,VIIRS,n,2,305.0,2.83,D,0,VIIRS_NOAA20_SP
23.34354,72.83331,335.03,0.44,0.39,2023-11-24,807,N20,VIIRS,n,2,306.15,5.65,D,0,VIIRS_NOAA20_SP
23.84676,74.05367,331.14,0.4,0.37,2023-11-24,807,N20,VIIRS,l,2,305.63,1.46,D,0,VIIRS_NOAA20_SP
24.05763,73.87281,333.55,0.4,0.37,2023-11-24,807,N20,VIIRS,n,2,304.13,1.74,D,0,VIIRS_NOAA20_SP
24.30775,80.19331,335.26,0.53,0.42,2023-11-24,807,N20,VIIRS,n,2,304.57,3.55,D,0,VIIRS_NOAA20_SP
24.3816,80.82476,331.89,0.38,0.43,2023-11-24,807,N20,VIIRS,l,2,302.72,1.69,D,0,VIIRS_NOAA20_SP
24.39581,78.23295,336.28,0.43,0.38,2023-11-24,807,N20,VIIRS,n,2,304.91,3.54,D,0,VIIRS_NOAA20_SP
24.3993,78.23239,333.11,0.43,0.38,2023-11-24,807,N20,VIIRS,n,2,305.09,3.51,D,0,VIIRS_NOAA20_SP
24.39947,80.98126,335.84,0.39,0.44,2023-11-24,807,N20,VIIRS,n,2,302.37,2.39,D,0,VIIRS_NOAA20_SP
24.4121,81.16632,339.76,0.4,0.44,2023-11-24,807,N20,VIIRS,n,2,301.08,6.74,D,0,VIIRS_NOAA20_SP
24.41216,80.87842,335.53,0.39,0.44,2023-11-24,807,N20,VIIRS,n,2,301.97,4.24,D,0,VIIRS_NOAA20_SP
24.41619,80.84312,343.25,0.38,0.44,2023-11-24,807,N20,VIIRS,n,2,302.07,3.69,D,0,VIIRS_NOAA20_SP
24.42152,81.21349,330.51,0.4,0.45,2023-11-24,807,N20,VIIRS,n,2,301.1,2.88,D,0,VIIRS_NOAA20_SP
24.42593,80.92688,340.81,0.39,0.44,2023-11-24,807,N20,VIIRS,n,2,302.48,4.28,D,0,VIIRS_NOAA20_SP
24.43793,76.79185,337.89,0.39,0.37,2023-11-24,807,N20,VIIRS,n,2,306.84,2.81,D,0,VIIRS_NOAA20_SP
24.44903,81.42334,334.5,0.42,0.45,2023-11-24,807,N20,VIIRS,n,2,298.07,3.22,D,0,VIIRS_NOAA20_SP
24.46699,81.248,341.61,0.41,0.45,2023-11-24,807,N20,VIIRS,n,2,300.98,3.42,D,0,VIIRS_NOAA20_SP
24.47647,80.57588,331.75,0.56,0.43,2023-11-24,807,N20,VIIRS,l,2,302.09,6.97,D,0,VIIRS_NOAA20_SP
24.4804,80.57534,343.51,0.56,0.43,2023-11-24,807,N20,VIIRS,n,2,305.0,6.97,D,0,VIIRS_NOAA20_SP
24.49981,80.88232,342.26,0.39,0.44,2023-11-24,807,N20,VIIRS,n,2,302.15,4.11,D,0,VIIRS_NOAA20_SP
24.50179,81.01476,333.25,0.39,0.44,2023-11-24,807,N20,VIIRS,n,2,301.7,1.67,D,0,VIIRS_NOAA20_SP
24.50256,81.48737,330.11,0.42,0.45,2023-11-24,807,N20,VIIRS,l,2,301.57,2.3,D,0,VIIRS_NOAA20_SP
24.50598,80.62234,334.96,0.56,0.43,2023-11-24,807,N20,VIIRS,n,2,303.0,5.96,D,0,VIIRS_NOAA20_SP
24.51018,81.0851,330.16,0.4,0.44,2023-11-24,807,N20,VIIRS,l,2,302.17,1.33,D,0,VIIRS_NOAA20_SP
24.52609,80.89816,349.77,0.39,0.44,2023-11-24,807,N20,VIIRS,n,2,305.12,4.99,D,0,VIIRS_NOAA20_SP
24.53231,80.6075,330.39,0.56,0.43,2023-11-24,807,N20,VIIRS,n,2,303.54,3.07,D,0,VIIRS_NOAA20_SP
24.535,80.66359,345.07,0.57,0.43,2023-11-24,807,N20,VIIRS,n,2,306.02,7.23,D,0,VIIRS_NOAA20_SP
24.54665,81.0052,330.85,0.39,0.44,2023-11-24,807,N20,VIIRS,l,2,302.72,2.82,D,0,VIIRS_NOAA20_SP
24.54935,81.02866,341.93,0.4,0.44,2023-11-24,807,N20,VIIRS,n,2,302.43,3.49,D,0,VIIRS_NOAA20_SP
24.57186,77.44649,332.61,0.41,0.37,2023-11-24,807,N20,VIIRS,n,2,305.76,2.51,D,0,VIIRS_NOAA20_SP
24.57416,81.06505,337.21,0.4,0.44,2023-11-24,807,N20,VIIRS,n,2,301.18,4.76,D,0,VIIRS_NOAA20_SP
24.58051,81.08414,332.81,0.4,0.44,2023-11-24,807,N20,VIIRS,n,2,301.27,1.59,D,0,VIIRS_NOAA20_SP
24.58123,80.98483,337.23,0.39,0.44,2023-11-24,807,N20,VIIRS,n,2,302.92,3.22,D,0,VIIRS_NOAA20_SP
24.60306,77.19265,330.85,0.4,0.37,2023-11-24,807,N20,VIIRS,n,2,304.3,2.22,D,0,VIIRS_NOAA20_SP
24.6092,81.15266,343.24,0.4,0.44,2023-11-24,807,N20,VIIRS,n,2,302.18,3.69,D,0,VIIRS_NOAA20_SP
24.62187,80.42534,337.35,0.55,0.43,2023-11-24,807,N20,VIIRS,n,2,304.45,6.13,D,0,VIIRS_NOAA20_SP
24.62858,80.6144,330.25,0.56,0.43,2023-11-24,807,N20,VIIRS,l,2,302.56,3.46,D,0,VIIRS_NOAA20_SP
24.63587,80.67584,331.42,0.57,0.43,2023-11-24,807,N20,VIIRS,n,2,303.12,2.29,D,0,VIIRS_NOAA20_SP
24.64196,81.04398,337.05,0.4,0.44,2023-11-24,807,N20,VIIRS,n,2,301.21,2.72,D,0,VIIRS_NOAA20_SP
24.64783,81.0232,344.69,0.4,0.44,2023-11-24,807,N20,VIIRS,n,2,305.06,9.29,D,0,VIIRS_NOAA20_SP
24.65053,81.01089,345.73,0.4,0.44,2023-11-24,807,N20,VIIRS,n,2,304.4,6.83,D,0,VIIRS_NOAA20_SP
24.65729,81.03389,335.12,0.4,0.44,2023-11-24,807,N20,VIIRS,n,2,302.66,3.11,D,0,VIIRS_NOAA20_SP
24.65773,81.00201,332.73,0.4,0.44,2023-11-24,807,N20,VIIRS,n,2,304.14,2.54,D,0,VIIRS_NOAA20_SP
24.65854,80.56803,331.76,0.56,0.43,2023-11-24,807,N20,VIIRS,l,2,302.83,4.54,D,0,VIIRS_NOAA20_SP
24.65878,80.56509,341.07,0.56,0.43,2023-11-24,807,N20,VIIRS,n,2,303.42,5.26,D,0,VIIRS_NOAA20_SP
24.66135,81.03335,345.88,0.4,0.44,2023-11-24,807,N20,VIIRS,n,2,304.22,6.7,D,0,VIIRS_NOAA20_SP
24.66185,80.56193,333.41,0.56,0.43,2023-11-24,807,N20,VIIRS,l,2,305.29,4.54,D,0,VIIRS_NOAA20_SP
24.66273,80.56454,334.93,0.56,0.43,2023-11-24,807,N20,VIIRS,n,2,304.39,3.79,D,0,VIIRS_NOAA20_SP
24.67041,81.11221,332.86,0.4,0.44,2023-11-24,807,N20,VIIRS,n,2,301.06,1.76,D,0,VIIRS_NOAA20_SP
24.67269,81.13208,343.88,0.4,0.44,2023-11-24,807,N20,VIIRS,n,2,302.55,7.9,D,0,VIIRS_NOAA20_SP
24.67307,81.0278,331.14,0.4,0.44,2023-11-24,807,N20,VIIRS,l,2,302.09,2.0,D,0,VIIRS_NOAA20_SP
24.67747,80.95972,338.68,0.39,0.44,2023-11-24,807,N20,VIIRS,n,2,303.46,2.54,D,0,VIIRS_NOAA20_SP
24.69105,73.96983,330.81,0.4,0.37,2023-11-24,807,N20,VIIRS,n,2,303.81,1.71,D,0,VIIRS_NOAA20_SP
24.70089,73.00507,340.13,0.42,0.38,2023-11-24,807,N20,VIIRS,n,2,305.38,1.81,D,0,VIIRS_NOAA20_SP
24.7022,81.13625,334.1,0.4,0.44,2023-11-24,807,N20,VIIRS,n,2,304.52,2.61,D,0,VIIRS_NOAA20_SP
24.70384,80.61247,331.3,0.56,0.43,2023-11-24,807,N20,VIIRS,l,2,303.78,1.52,D,0,VIIRS_NOAA20_SP
24.7216,80.69554,332.12,0.57,0.43,2023-11-24,807,N20,VIIRS,n,2,303.33,2.1,D,0,VIIRS_NOAA20_SP
24.73186,80.74882,332.57,0.38,0.43,2023-11-24,807,N20,VIIRS,n,2,303.51,2.33,D,0,VIIRS_NOAA20_SP
24.7364,81.07468,331.01,0.4,0.44,2023-11-24,807,N20,VIIRS,n,2,302.76,1.54,D,0,VIIRS_NOAA20_SP
24.73673,80.75584,337.33,0.38,0.43,2023-11-24,807,N20,VIIRS,n,2,303.77,2.73,D,0,VIIRS_NOAA20_SP
24.7394,80.7439,334.73,0.38,0.43,2023-11-24,807,N20,VIIRS,n,2,304.22,1.72,D,0,VIIRS_NOAA20_SP
24.74844,81.31841,330.55,0.41,0.45,2023-11-24,807,N20,VIIRS,n,2,300.33,1.98,D,0,VIIRS_NOAA20_SP
24.75718,80.58762,338.13,0.56,0.43,2023-11-24,807,N20,VIIRS,n,2,301.6,5.77,D,0,VIIRS_NOAA20_SP
24.7871,81.08395,332.34,0.4,0.44,2023-11-24,807,N20,VIIRS,n,2,302.05,5.03,D,0,VIIRS_NOAA20_SP
24.80293,81.07774,350.95,0.4,0.44,2023-11-24,807,N20,VIIRS,n,2,304.47,8.22,D,0,VIIRS_NOAA20_SP
24.8795,74.14919,340.56,0.39,0.37,2023-11-24,807,N20,VIIRS,n,2,306.41,15.53,D,0,VIIRS_NOAA20_SP
24.9826,81.47559,333.44,0.43,0.46,2023-11-24,807,N20,VIIRS,n,2,303.86,6.7,D,0,VIIRS_NOAA20_SP
24.9828,81.59952,333.95,0.43,0.46,2023-11-24,807,N20,VIIRS,n,2,299.93,2.69,D,0,VIIRS_NOAA20_SP
24.98553,81.47412,337.9,0.42,0.46,2023-11-24,807,N20,VIIRS,n,2,304.79,9.21,D,0,VIIRS_NOAA20_SP
24.98601,81.47834,340.52,0.42,0.46,2023-11-24,807,N20,VIIRS,n,2,302.04,7.7,D,0,VIIRS_NOAA20_SP
24.98679,81.47503,355.14,0.43,0.46,2023-11-24,807,N20,VIIRS,n,2,303.61,6.7,D,0,VIIRS_NOAA20_SP
24.99919,81.58993,332.92,0.43,0.46,2023-11-24,807,N20,VIIRS,n,2,301.23,2.59,D,0,VIIRS_NOAA20_SP
25.00292,81.58823,336.95,0.43,0.46,2023-11-24,807,N20,VIIRS,n,2,301.21,3.99,D,0,VIIRS_NOAA20_SP
25.01882,72.27133,331.47,0.45,0.39,2023-11-24,807,N20,VIIRS,n,2,305.14,2.21,D,0,VIIRS_NOAA20_SP
25.04183,83.91012,343.32,0.6,0.53,2023-11-24,807,N20,VIIRS,n,2,299.82,7.88,D,0,VIIRS_NOAA20_SP
25.0447,83.53301,330.79,0.57,0.52,2023-11-24,807,N20,VIIRS,n,2,299.2,2.46,D,0,VIIRS_NOAA20_SP
25.08118,68.59532,350.25,0.46,0.47,2023-11-24,807,N20,VIIRS,n,2,299.34,7.51,D,0,VIIRS_NOAA20_SP
25.1076,84.69058,331.06,0.34,0.56,2023-11-24,807,N20,VIIRS,n,2,299.09,1.49,D,0,VIIRS_NOAA20_SP
25.12997,74.59077,334.94,0.39,0.36,2023-11-24,807,N20,VIIRS,n,2,302.92,3.63,D,0,VIIRS_NOAA20_SP
25.16483,85.39231,350.74,0.37,0.58,2023-11-24,807,N20,VIIRS,n,2,300.29,3.94,D,0,VIIRS_NOAA20_SP
25.17662,83.84489,341.93,0.6,0.53,2023-11-24,807,N20,VIIRS,n,2,300.97,6.76,D,0,VIIRS_NOAA20_SP
25.17697,84.05895,333.66,0.62,0.54,2023-11-24,807,N20,VIIRS,n,2,299.12,3.92,D,0,VIIRS_NOAA20_SP
25.19196,75.07848,334.89,0.38,0.36,2023-11-24,807,N20,VIIRS,n,2,305.75,2.41,D,0,VIIRS_NOAA20_SP
25.19254,75.08226,335.87,0.38,0.36,2023-11-24,807,N20,VIIRS,n,2,305.29,2.41,D,0,VIIRS_NOAA20_SP
25.23409,82.74621,345.44,0.51,0.49,2023-11-24,807,N20,VIIRS,n,2,300.56,6.42,D,0,VIIRS_NOAA20_SP
25.23501,82.74827,339.93,0.51,0.49,2023-11-24,807,N20,VIIRS,n,2,300.1,8.03,D,0,VIIRS_NOAA20_SP
25.25143,78.16164,337.28,0.44,0.38,2023-11-24,807,N20,VIIRS,n,2,305.14,4.36,D,0,VIIRS_NOAA20_SP
25.26447,85.35014,345.84,0.37,0.58,2023-11-24,807,N20,VIIRS,n,2,301.93,5.26,D,0,VIIRS_NOAA20_SP
25.26722,85.35071,349.03,0.37,0.58,2023-11-24,807,N20,VIIRS,n,2,301.54,4.72,D,0,VIIRS_NOAA20_SP
25.3207,68.71719,330.92,0.45,0.47,2023-11-24,807,N20,VIIRS,n,2,298.65,1.95,D,0,VIIRS_NOAA20_SP
25.33539,73.22171,340.3,0.41,0.37,2023-11-24,807,N20,VIIRS,n,2,305.57,3.79,D,0,VIIRS_NOAA20_SP
25.33811,73.21699,346.47,0.41,0.37,2023-11-24,807,N20,VIIRS,n,2,305.29,4.57,D,0,VIIRS_NOAA20_SP
25.35209,76.10136,338.61,0.39,0.36,2023-11-24,807,N20,VIIRS,n,2,303.11,3.24,D,0,VIIRS_NOAA20_SP
25.3622,76.99786,331.77,0.4,0.37,2023-11-24,807,N20,VIIRS,l,2,302.67,4.77,D,0,VIIRS_NOAA20_SP
25.37887,81.38191,336.94,0.42,0.46,2023-11-24,807,N20,VIIRS,n,2,299.84,2.64,D,0,VIIRS_NOAA20_SP
25.42262,69.1844,337.2,0.42,0.45,2023-11-24,807,N20,VIIRS,n,2,301.35,3.18,D,0,VIIRS_NOAA20_SP
25.44518,81.24253,334.96,0.42,0.45,2023-11-24,807,N20,VIIRS,n,2,299.51,4.64,D,0,VIIRS_NOAA20_SP
25.45396,81.24557,333.44,0.42,0.45,2023-11-24,807,N20,VIIRS,n,2,299.47,3.76,D,0,VIIRS_NOAA20_SP
25.45717,81.23672,350.7,0.42,0.45,2023-11-24,807,N20,VIIRS,n,2,301.91,6.48,D,0,VIIRS_NOAA20_SP
25.47935,81.24646,333.91,0.42,0.45,2023-11-24,807,N20,VIIRS,n,2,301.06,3.29,D,0,VIIRS_NOAA20_SP
25.48768,69.23301,341.16,0.42,0.45,2023-11-24,807,N20,VIIRS,n,2,302.53,6.42,D,0,VIIRS_NOAA20_SP
25.48835,69.1258,346.37,0.42,0.45,2023-11-24,807,N20,VIIRS,n,2,299.96,5.02,D,0,VIIRS_NOAA20_SP
25.49088,69.12645,347.6,0.42,0.45,2023-11-24,807,N20,VIIRS,n,2,300.69,7.62,D,0,VIIRS_NOAA20_SP
25.50039,68.82532,345.83,0.44,0.46,2023-11-24,807,N20,VIIRS,n,2,304.76,31.13,D,0,VIIRS_NOAA20_SP
25.53251,80.62374,339.19,0.39,0.44,2023-11-24,807,N20,VIIRS,n,2,302.43,3.06,D,0,VIIRS_NOAA20_SP
25.534,84.30525,330.45,0.32,0.55,2023-11-24,807,N20,VIIRS,n,2,299.27,1.08,D,0,VIIRS_NOAA20_SP
25.53466,80.62306,334.94,0.39,0.44,2023-11-24,807,N20,VIIRS,n,2,302.29,3.49,D,0,VIIRS_NOAA20_SP
25.54618,84.27143,333.01,0.32,0.55,2023-11-24,807,N20,VIIRS,n,2,299.43,1.99,D,0,VIIRS_NOAA20_SP
25.54778,68.44592,330.73,0.46,0.47,2023-11-24,807,N20,VIIRS,n,2,296.39,1.95,D,0,VIIRS_NOAA20_SP
25.6064,78.2871,336.57,0.45,0.39,2023-11-24,807,N20,VIIRS,n,2,305.05,4.45,D,0,VIIRS_NOAA20_SP
25.61298,78.25454,330.94,0.44,0.39,2023-11-24,807,N20,VIIRS,l,2,301.54,2.13,D,0,VIIRS_NOAA20_SP
25.61644,78.28101,339.5,0.45,0.39,2023-11-24,807,N20,VIIRS,n,2,303.19,5.35,D,0,VIIRS_NOAA20_SP
25.6194,78.27605,335.34,0.45,0.39,2023-11-24,807,N20,VIIRS,n,2,302.18,5.35,D,0,VIIRS_NOAA20_SP
25.62352,78.2799,332.31,0.45,0.39,2023-11-24,807,N20,VIIRS,l,2,303.1,3.07,D,0,VIIRS_NOAA20_SP
25.63002,78.27437,332.98,0.45,0.39,2023-11-24,807,N20,VIIRS,l,2,304.58,5.83,D,0,VIIRS_NOAA20_SP
25.63328,68.90018,338.42,0.43,0.46,2023-11-24,807,N20,VIIRS,n,2,298.88,3.05,D,0,VIIRS_NOAA20_SP
25.64545,78.85479,333.45,0.47,0.4,2023-11-24,807,N20,VIIRS,n,2,302.73,2.55,D,0,VIIRS_NOAA20_SP
25.64601,78.85625,332.97,0.47,0.4,2023-11-24,807,N20,VIIRS,n,2,302.33,1.89,D,0,VIIRS_NOAA20_SP
25.64827,80.77749,330.9,0.39,0.44,2023-11-24,807,N20,VIIRS,n,2,299.85,2.17,D,0,VIIRS_NOAA20_SP
25.65377,81.0036,340.5,0.41,0.45,2023-11-24,807,N20,VIIRS,n,2,301.85,6.41,D,0,VIIRS_NOAA20_SP
25.65721,78.15343,334.12,0.44,0.38,2023-11-24,807,N20,VIIRS,n,2,301.9,2.55,D,0,VIIRS_NOAA20_SP
25.66,78.17229,331.87,0.44,0.38,2023-11-24,807,N20,VIIRS,l,2,303.01,3.42,D,0,VIIRS_NOAA20_SP
25.66266,78.93044,332.68,0.48,0.4,2023-11-24,807,N20,VIIRS,n,2,303.91,1.98,D,0,VIIRS_NOAA20_SP
25.67704,68.72128,330.82,0.44,0.46,2023-11-24,807,N20,VIIRS,n,2,295.65,3.17,D,0,VIIRS_NOAA20_SP
25.67714,78.78015,335.55,0.47,0.4,2023-11-24,807,N20,VIIRS,n,2,302.58,6.98,D,0,VIIRS_NOAA20_SP
25.67989,79.03919,331.42,0.48,0.4,2023-11-24,807,N20,VIIRS,n,2,304.92,3.41,D,0,VIIRS_NOAA20_SP
25.68428,78.11037,333.3,0.44,0.38,2023-11-24,807,N20,VIIRS,n,2,301.65,2.52,D,0,VIIRS_NOAA20_SP
25.68457,78.9271,334.75,0.48,0.4,2023-11-24,807,N20,VIIRS,n,2,304.41,5.02,D,0,VIIRS_NOAA20_SP
25.68637,77.99033,333.37,0.43,0.38,2023-11-24,807,N20,VIIRS,n,2,301.34,3.19,D,0,VIIRS_NOAA20_SP
25.6878,78.1098,338.85,0.44,0.38,2023-11-24,807,N20,VIIRS,n,2,303.17,6.77,D,0,VIIRS_NOAA20_SP
25.69135,78.89242,334.66,0.47,0.4,2023-11-24,807,N20,VIIRS,n,2,304.05,2.8,D,0,VIIRS_NOAA20_SP
25.69726,78.07268,336.3,0.44,0.38,2023-11-24,807,N20,VIIRS,n,2,302.37,4.17,D,0,VIIRS_NOAA20_SP
25.70255,78.05849,333.72,0.44,0.38,2023-11-24,807,N20,VIIRS,n,2,302.02,2.15,D,0,VIIRS_NOAA20_SP
25.70462,78.93851,344.25,0.48,0.4,2023-11-24,807,N20,VIIRS,n,2,305.69,8.54,D,0,VIIRS_NOAA20_SP
25.70774,78.09769,335.54,0.44,0.38,2023-11-24,807,N20,VIIRS,n,2,301.64,4.84,D,0,VIIRS_NOAA20_SP
25.70779,78.07098,334.41,0.44,0.38,2023-11-24,807,N20,VIIRS,n,2,301.52,4.15,D,0,VIIRS_NOAA20_SP
25.70967,78.00426,339.25,0.44,0.38,2023-11-24,807,N20,VIIRS,n,2,303.37,5.93,D,0,VIIRS_NOAA20_SP
25.71009,81.07063,330.71,0.41,0.45,2023-11-24,807,N20,VIIRS,n,2,299.54,4.41,D,0,VIIRS_NOAA20_SP
25.7101,78.0884,345.46,0.44,0.38,2023-11-24,807,N20,VIIRS,n,2,302.95,11.52,D,0,VIIRS_NOAA20_SP
25.71539,78.0742,336.67,0.44,0.38,2023-11-24,807,N20,VIIRS,n,2,301.13,3.28,D,0,VIIRS_NOAA20_SP
25.71723,82.43398,336.97,0.5,0.49,2023-11-24,807,N20,VIIRS,n,2,300.65,3.85,D,0,VIIRS_NOAA20_SP
25.71948,78.078,349.52,0.44,0.38,2023-11-24,807,N20,VIIRS,n,2,303.13,11.34,D,0,VIIRS_NOAA20_SP
25.7201,78.05569,333.04,0.44,0.38,2023-11-24,807,N20,VIIRS,l,2,303.96,2.47,D,0,VIIRS_NOAA20_SP
25.72081,77.95402,333.96,0.43,0.38,2023-11-24,807,N20,VIIRS,n,2,301.65,4.43,D,0,VIIRS_NOAA20_SP
25.72824,78.08996,332.69,0.44,0.38,2023-11-24,807,N20,VIIRS,l,2,302.99,2.84,D,0,VIIRS_NOAA20_SP
25.73057,78.10743,344.68,0.44,0.38,2023-11-24,807,N20,VIIRS,n,2,304.66,8.68,D,0,VIIRS_NOAA20_SP
25.73376,81.28704,335.38,0.42,0.45,2023-11-24,807,N20,VIIRS,n,2,301.61,2.78,D,0,VIIRS_NOAA20_SP
25.73416,78.0269,333.29,0.44,0.38,2023-11-24,807,N20,VIIRS,n,2,300.03,3.28,D,0,VIIRS_NOAA20_SP
25.74523,78.08279,333.28,0.44,0.38,2023-11-24,807,N20,VIIRS,n,2,301.85,2.5,D,0,VIIRS_NOAA20_SP
25.75753,78.09419,330.72,0.44,0.38,2023-11-24,807,N20,VIIRS,n,2,300.91,2.5,D,0,VIIRS_NOAA20_SP
25.75757,78.88713,332.62,0.47,0.4,2023-11-24,807,N20,VIIRS,n,2,303.72,2.01,D,0,VIIRS_NOAA20_SP
25.758,78.09513,333.22,0.44,0.38,2023-11-24,807,N20,VIIRS,n,2,301.34,2.3,D,0,VIIRS_NOAA20_SP
25.75925,78.07713,336.7,0.44,0.38,2023-11-24,807,N20,VIIRS,n,2,301.61,5.35,D,0,VIIRS_NOAA20_SP
25.76276,78.07657,334.44,0.44,0.38,2023-11-24,807,N20,VIIRS,n,2,301.06,7.05,D,0,VIIRS_NOAA20_SP
25.77135,78.90639,332.38,0.48,0.4,2023-11-24,807,N20,VIIRS,l,2,302.68,4.1,D,0,VIIRS_NOAA20_SP
25.77205,78.88222,331.05,0.47,0.4,2023-11-24,807,N20,VIIRS,n,2,305.68,2.89,D,0,VIIRS_NOAA20_SP
25.77429,78.93007,331.42,0.48,0.4,2023-11-24,807,N20,VIIRS,n,2,305.0,1.81,D,0,VIIRS_NOAA20_SP
25.77532,80.07162,334.6,0.54,0.42,2023-11-24,807,N20,VIIRS,n,2,302.24,2.05,D,0,VIIRS_NOAA20_SP
25.77618,81.48135,330.65,0.43,0.46,2023-11-24,807,N20,VIIRS,n,2,300.19,2.85,D,0,VIIRS_NOAA20_SP
25.77957,78.12296,339.0,0.44,0.38,2023-11-24,807,N20,VIIRS,n,2,300.91,3.04,D,0,VIIRS_NOAA20_SP
25.78117,77.99818,339.85,0.44,0.38,2023-11-24,807,N20,VIIRS,n,2,301.48,4.46,D,0,VIIRS_NOAA20_SP
25.79153,78.04974,344.57,0.44,0.38,2023-11-24,807,N20,VIIRS,n,2,302.07,5.56,D,0,VIIRS_NOAA20_SP
25.79391,68.62595,336.91,0.45,0.47,2023-11-24,807,N20,VIIRS,n,2,294.65,3.59,D,0,VIIRS_NOAA20_SP
25.79563,78.922,330.39,0.48,0.4,2023-11-24,807,N20,VIIRS,n,2,302.98,1.83,D,0,VIIRS_NOAA20_SP
25.80772,69.18839,331.63,0.41,0.45,2023-11-24,807,N20,VIIRS,n,2,299.27,2.52,D,0,VIIRS_NOAA20_SP
25.81215,77.96223,333.09,0.43,0.38,2023-11-24,807,N20,VIIRS,n,2,302.22,2.75,D,0,VIIRS_NOAA20_SP
25.8163,78.9382,349.36,0.48,0.4,2023-11-24,807,N20,VIIRS,n,2,306.16,15.25,D,0,VIIRS_NOAA20_SP
25.82755,78.18714,338.58,0.44,0.39,2023-11-24,807,N20,VIIRS,n,2,301.15,2.83,D,0,VIIRS_NOAA20_SP
25.82837,78.05718,344.61,0.44,0.38,2023-11-24,807,N20,VIIRS,n,2,302.94,8.67,D,0,VIIRS_NOAA20_SP
25.8304,78.87331,333.41,0.47,0.4,2023-11-24,807,N20,VIIRS,n,2,303.46,2.93,D,0,VIIRS_NOAA20_SP
25.83108,78.18658,330.44,0.44,0.39,2023-11-24,807,N20,VIIRS,l,2,301.71,2.83,D,0,VIIRS_NOAA20_SP
25.83566,78.24908,337.16,0.45,0.39,2023-11-24,807,N20,VIIRS,n,2,301.72,4.63,D,0,VIIRS_NOAA20_SP
25.84269,78.27518,331.62,0.45,0.39,2023-11-24,807,N20,VIIRS,l,2,302.23,3.77,D,0,VIIRS_NOAA20_SP
25.84378,68.83419,336.11,0.43,0.46,2023-11-24,807,N20,VIIRS,n,2,297.11,3.79,D,0,VIIRS_NOAA20_SP
25.84419,78.04131,334.63,0.44,0.38,2023-11-24,807,N20,VIIRS,n,2,302.98,2.89,D,0,VIIRS_NOAA20_SP
25.8477,78.04075,333.47,0.44,0.38,2023-11-24,807,N20,VIIRS,n,2,301.95,2.89,D,0,VIIRS_NOAA20_SP
25.85223,79.37909,331.29,0.5,0.41,2023-11-24,807,N20,VIIRS,n,2,303.52,3.3,D,0,VIIRS_NOAA20_SP
25.85395,78.25069,333.29,0.45,0.39,2023-11-24,807,N20,VIIRS,n,2,303.15,3.06,D,0,VIIRS_NOAA20_SP
25.85625,78.29576,331.87,0.45,0.39,2023-11-24,807,N20,VIIRS,n,2,301.44,2.1,D,0,VIIRS_NOAA20_SP
25.85684,78.30022,333.44,0.45,0.39,2023-11-24,807,N20,VIIRS,n,2,300.56,2.1,D,0,VIIRS_NOAA20_SP
25.85976,78.32255,341.75,0.45,0.39,2023-11-24,807,N20,VIIRS,n,2,303.3,5.24,D,0,VIIRS_NOAA20_SP
25.86053,78.16392,343.41,0.44,0.39,2023-11-24,807,N20,VIIRS,n,2,302.29,5.22,D,0,VIIRS_NOAA20_SP
25.86163,78.25401,333.74,0.45,0.39,2023-11-24,807,N20,VIIRS,n,2,302.67,2.62,D,0,VIIRS_NOAA20_SP
25.86203,68.77194,336.68,0.44,0.46,2023-11-24,807,N20,VIIRS,n,2,296.84,3.55,D,0,VIIRS_NOAA20_SP
25.86218,78.28574,346.61,0.45,0.39,2023-11-24,807,N20,VIIRS,n,2,305.44,7.25,D,0,VIIRS_NOAA20_SP
25.86221,78.25846,336.44,0.45,0.39,2023-11-24,807,N20,VIIRS,n,2,304.82,6.06,D,0,VIIRS_NOAA20_SP
25.864,78.24458,332.33,0.45,0.39,2023-11-24,807,N20,VIIRS,n,2,301.04,7.51,D,0,VIIRS_NOAA20_SP
25.86756,78.21688,330.75,0.45,0.39,2023-11-24,807,N20,VIIRS,n,2,302.0,2.28,D,0,VIIRS_NOAA20_SP
25.86995,78.09964,330.06,0.44,0.38,2023-11-24,807,N20,VIIRS,n,2,302.12,2.27,D,0,VIIRS_NOAA20_SP
25.87286,78.2296,335.78,0.45,0.39,2023-11-24,807,N20,VIIRS,n,2,301.42,3.43,D,0,VIIRS_NOAA20_SP
25.87519,78.27457,334.35,0.45,0.39,2023-11-24,807,N20,VIIRS,n,2,304.97,2.71,D,0,VIIRS_NOAA20_SP
25.88643,78.25008,334.13,0.45,0.39,2023-11-24,807,N20,VIIRS,n,2,300.66,2.64,D,0,VIIRS_NOAA20_SP
25.88925,78.24664,331.19,0.45,0.39,2023-11-24,807,N20,VIIRS,n,2,299.37,5.44,D,0,VIIRS_NOAA20_SP
25.88938,78.24508,333.15,0.45,0.39,2023-11-24,807,N20,VIIRS,n,2,299.87,2.64,D,0,VIIRS_NOAA20_SP
25.88939,83.94007,330.3,0.62,0.54,2023-11-24,807,N20,VIIRS,n,2,298.47,3.73,D,0,VIIRS_NOAA20_SP
25.88994,78.22388,330.47,0.45,0.39,2023-11-24,807,N20,VIIRS,l,2,303.44,4.07,D,0,VIIRS_NOAA20_SP
25.89039,78.25553,334.21,0.45,0.39,2023-11-24,807,N20,VIIRS,n,2,301.92,2.16,D,0,VIIRS_NOAA20_SP
25.89588,78.21391,340.48,0.45,0.39,2023-11-24,807,N20,VIIRS,n,2,302.12,4.46,D,0,VIIRS_NOAA20_SP
25.89816,78.23161,334.06,0.45,0.39,2023-11-24,807,N20,VIIRS,n,2,302.17,2.21,D,0,VIIRS_NOAA20_SP
25.90447,78.28063,336.49,0.45,0.39,2023-11-24,807,N20,VIIRS,n,2,301.38,4.91,D,0,VIIRS_NOAA20_SP
25.90619,78.29404,332.63,0.45,0.39,2023-11-24,807,N20,VIIRS,n,2,302.36,3.08,D,0,VIIRS_NOAA20_SP
25.90754,78.24828,331.84,0.45,0.39,2023-11-24,807,N20,VIIRS,n,2,301.24,4.02,D,0,VIIRS_NOAA20_SP
25.90889,78.20277,331.4,0.45,0.39,2023-11-24,807,N20,VIIRS,n,2,300.21,4.36,D,0,VIIRS_NOAA20_SP
25.9115,77.78934,334.83,0.43,0.38,2023-11-24,807,N20,VIIRS,n,2,301.2,2.6,D,0,VIIRS_NOAA20_SP
25.91157,78.2795,335.86,0.45,0.39,2023-11-24,807,N20,VIIRS,n,2,300.83,3.15,D,0,VIIRS_NOAA20_SP
25.91267,78.12114,337.72,0.44,0.38,2023-11-24,807,N20,VIIRS,n,2,301.5,5.65,D,0,VIIRS_NOAA20_SP
25.91444,78.30186,333.83,0.45,0.39,2023-11-24,807,N20,VIIRS,n,2,302.33,2.18,D,0,VIIRS_NOAA20_SP
25.91677,78.12497,342.17,0.44,0.39,2023-11-24,807,N20,VIIRS,n,2,302.13,4.33,D,0,VIIRS_NOAA20_SP
25.9178,78.71349,337.67,0.47,0.4,2023-11-24,807,N20,VIIRS,n,2,302.82,4.09,D,0,VIIRS_NOAA20_SP
25.918,78.30128,331.73,0.45,0.39,2023-11-24,807,N20,VIIRS,l,2,302.43,2.18,D,0,VIIRS_NOAA20_SP
25.92008,83.71974,335.6,0.6,0.53,2023-11-24,807,N20,VIIRS,n,2,300.57,5.4,D,0,VIIRS_NOAA20_SP
25.92155,78.30072,333.7,0.45,0.39,2023-11-24,807,N20,VIIRS,n,2,300.03,1.73,D,0,VIIRS_NOAA20_SP
25.92387,78.67466,335.37,0.47,0.39,2023-11-24,807,N20,VIIRS,n,2,302.07,3.71,D,0,VIIRS_NOAA20_SP
25.92447,78.67931,332.29,0.47,0.39,2023-11-24,807,N20,VIIRS,n,2,301.29,3.71,D,0,VIIRS_NOAA20_SP
25.92527,78.24546,333.85,0.45,0.39,2023-11-24,807,N20,VIIRS,n,2,302.9,2.57,D,0,VIIRS_NOAA20_SP
25.92729,78.15027,333.87,0.44,0.39,2023-11-24,807,N20,VIIRS,n,2,300.25,1.47,D,0,VIIRS_NOAA20_SP
25.92881,78.2449,333.02,0.45,0.39,2023-11-24,807,N20,VIIRS,l,2,303.88,2.77,D,0,VIIRS_NOAA20_SP
25.93151,78.49255,331.99,0.46,0.39,2023-11-24,807,N20,VIIRS,n,2,301.78,2.27,D,0,VIIRS_NOAA20_SP
25.93452,78.31692,339.39,0.45,0.39,2023-11-24,807,N20,VIIRS,n,2,303.72,3.54,D,0,VIIRS_NOAA20_SP
25.93583,78.2711,334.35,0.45,0.39,2023-11-24,807,N20,VIIRS,n,2,299.94,2.68,D,0,VIIRS_NOAA20_SP
25.93764,78.25715,330.93,0.45,0.39,2023-11-24,807,N20,VIIRS,n,2,302.28,2.0,D,0,VIIRS_NOAA20_SP
25.93808,78.31635,334.96,0.45,0.39,2023-11-24,807,N20,VIIRS,n,2,302.93,4.96,D,0,VIIRS_NOAA20_SP
25.93974,68.89622,339.86,0.43,0.46,2023-11-24,807,N20,VIIRS,n,2,301.03,12.89,D,0,VIIRS_NOAA20_SP
25.94147,81.3855,342.41,0.43,0.46,2023-11-24,807,N20,VIIRS,n,2,300.34,4.59,D,0,VIIRS_NOAA20_SP
25.94174,81.38612,340.2,0.43,0.46,2023-11-24,807,N20,VIIRS,n,2,299.7,4.13,D,0,VIIRS_NOAA20_SP
25.94269,78.07601,333.63,0.44,0.38,2023-11-24,807,N20,VIIRS,n,2,303.75,2.65,D,0,VIIRS_NOAA20_SP
25.94388,78.36127,335.02,0.45,0.39,2023-11-24,807,N20,VIIRS,l,2,305.06,5.23,D,0,VIIRS_NOAA20_SP
25.94668,78.16068,333.05,0.44,0.39,2023-11-24,807,N20,VIIRS,n,2,302.41,3.2,D,0,VIIRS_NOAA20_SP
25.9488,81.45046,330.62,0.43,0.46,2023-11-24,807,N20,VIIRS,n,2,299.15,3.26,D,0,VIIRS_NOAA20_SP
25.95317,78.15512,330.09,0.44,0.39,2023-11-24,807,N20,VIIRS,l,2,301.61,4.41,D,0,VIIRS_NOAA20_SP
25.95436,78.13692,341.29,0.44,0.39,2023-11-24,807,N20,VIIRS,n,2,300.48,3.49,D,0,VIIRS_NOAA20_SP
25.95479,78.24985,347.47,0.45,0.39,2023-11-24,807,N20,VIIRS,n,2,301.75,7.3,D,0,VIIRS_NOAA20_SP
25.95604,78.20432,340.4,0.45,0.39,2023-11-24,807,N20,VIIRS,n,2,300.97,3.89,D,0,VIIRS_NOAA20_SP
25.95662,78.20876,332.92,0.45,0.39,2023-11-24,807,N20,VIIRS,n,2,299.52,1.52,D,0,VIIRS_NOAA20_SP
25.96049,82.12364,332.96,0.48,0.48,2023-11-24,807,N20,VIIRS,n,2,301.31,2.4,D,0,VIIRS_NOAA20_SP
25.96067,78.26712,346.71,0.45,0.39,2023-11-24,807,N20,VIIRS,n,2,303.64,7.38,D,0,VIIRS_NOAA20_SP
25.96205,78.05949,332.13,0.44,0.38,2023-11-24,807,N20,VIIRS,l,2,302.75,4.24,D,0,VIIRS_NOAA20_SP
25.96473,78.32587,343.38,0.45,0.39,2023-11-24,807,N20,VIIRS,n,2,304.27,7.2,D,0,VIIRS_NOAA20_SP
25.96484,78.2437,332.45,0.45,0.39,2023-11-24,807,N20,VIIRS,n,2,301.53,4.18,D,0,VIIRS_NOAA20_SP
25.9673,78.12584,340.94,0.44,0.39,2023-11-24,807,N20,VIIRS,n,2,302.18,5.31,D,0,VIIRS_NOAA20_SP
25.9678,78.23869,333.28,0.45,0.39,2023-11-24,807,N20,VIIRS,n,2,301.95,4.73,D,0,VIIRS_NOAA20_SP
25.97281,86.17412,354.17,0.43,0.62,2023-11-24,807,N20,VIIRS,n,2,298.76,6.32,D,0,VIIRS_NOAA20_SP
25.97302,78.33373,333.05,0.45,0.39,2023-11-24,807,N20,VIIRS,n,2,304.3,2.42,D,0,VIIRS_NOAA20_SP
25.97486,86.1741,345.22,0.43,0.62,2023-11-24,807,N20,VIIRS,n,2,297.33,6.34,D,0,VIIRS_NOAA20_SP
25.97559,79.66904,332.39,0.52,0.42,2023-11-24,807,N20,VIIRS,n,2,301.62,4.16,D,0,VIIRS_NOAA20_SP
25.97612,78.13795,331.58,0.44,0.39,2023-11-24,807,N20,VIIRS,n,2,300.52,2.97,D,0,VIIRS_NOAA20_SP
25.97878,79.66329,331.62,0.52,0.42,2023-11-24,807,N20,VIIRS,l,2,302.31,4.16,D,0,VIIRS_NOAA20_SP
25.9794,79.66848,330.93,0.52,0.42,2023-11-24,807,N20,VIIRS,n,2,300.37,4.16,D,0,VIIRS_NOAA20_SP
25.98212,78.10137,334.63,0.44,0.38,2023-11-24,807,N20,VIIRS,n,2,301.4,3.31,D,0,VIIRS_NOAA20_SP
25.98257,78.63448,331.11,0.46,0.39,2023-11-24,807,N20,VIIRS,l,2,302.68,6.38,D,0,VIIRS_NOAA20_SP
25.98316,78.63911,332.72,0.46,0.39,2023-11-24,807,N20,VIIRS,l,2,303.81,6.79,D,0,VIIRS_NOAA20_SP
25.98392,81.45983,334.64,0.44,0.46,2023-11-24,807,N20,VIIRS,n,2,300.47,2.23,D,0,VIIRS_NOAA20_SP
25.98789,78.17215,331.51,0.44,0.39,2023-11-24,807,N20,VIIRS,n,2,303.41,1.8,D,0,VIIRS_NOAA20_SP
25.98838,78.14989,337.61,0.44,0.39,2023-11-24,807,N20,VIIRS,n,2,301.21,3.96,D,0,VIIRS_NOAA20_SP
25.98895,78.15431,339.96,0.44,0.39,2023-11-24,807,N20,VIIRS,n,2,303.42,3.96,D,0,VIIRS_NOAA20_SP
25.99269,78.09967,334.14,0.44,0.38,2023-11-24,807,N20,VIIRS,n,2,303.33,2.67,D,0,VIIRS_NOAA20_SP
25.99412,82.18765,331.25,0.48,0.48,2023-11-24,807,N20,VIIRS,n,2,299.35,4.19,D,0,VIIRS_NOAA20_SP
26.00269,78.09357,335.77,0.44,0.38,2023-11-24,807,N20,VIIRS,n,2,302.53,3.23,D,0,VIIRS_NOAA20_SP
26.00921,84.34818,344.59,0.33,0.55,2023-11-24,807,N20,VIIRS,n,2,297.75,2.62,D,0,VIIRS_NOAA20_SP
26.04081,79.95531,332.13,0.54,0.42,2023-11-24,807,N20,VIIRS,n,2,300.44,3.6,D,0,VIIRS_NOAA20_SP
26.04688,68.8624,339.39,0.43,0.46,2023-11-24,807,N20,VIIRS,n,2,295.13,7.41,D,0,VIIRS_NOAA20_SP
26.06277,79.94123,333.14,0.54,0.42,2023-11-24,807,N20,VIIRS,n,2,302.25,4.07,D,0,VIIRS_NOAA20_SP
26.09364,83.56303,331.96,0.59,0.53,2023-11-24,807,N20,VIIRS,n,2,298.8,3.93,D,0,VIIRS_NOAA20_SP
26.14149,81.25674,337.43,0.43,0.46,2023-11-24,807,N20,VIIRS,n,2,300.52,1.97,D,0,VIIRS_NOAA20_SP
26.14643,81.61078,343.48,0.45,0.47,2023-11-24,807,N20,VIIRS,n,2,302.13,4.85,D,0,VIIRS_NOAA20_SP
26.17586,81.61719,342.98,0.45,0.47,2023-11-24,807,N20,VIIRS,n,2,299.97,4.17,D,0,VIIRS_NOAA20_SP
26.17744,81.61594,341.6,0.45,0.47,2023-11-24,807,N20,VIIRS,n,2,300.08,6.07,D,0,VIIRS_NOAA20_SP
26.196,82.51444,339.16,0.51,0.49,2023-11-24,807,N20,VIIRS,n,2,300.92,2.95,D,0,VIIRS_NOAA20_SP
26.23866,83.11513,339.89,0.55,0.51,2023-11-24,807,N20,VIIRS,n,2,299.92,4.95,D,0,VIIRS_NOAA20_SP
26.2722,81.43058,340.21,0.44,0.46,2023-11-24,807,N20,VIIRS,n,2,300.39,8.88,D,0,VIIRS_NOAA20_SP
26.27242,81.42912,352.54,0.44,0.46,2023-11-24,807,N20,VIIRS,n,2,300.26,7.39,D,0,VIIRS_NOAA20_SP
26.28334,81.64456,341.81,0.45,0.47,2023-11-24,807,N20,VIIRS,n,2,300.73,4.53,D,0,VIIRS_NOAA20_SP
26.28549,81.64146,332.21,0.45,0.47,2023-11-24,807,N20,VIIRS,n,2,300.09,3.91,D,0,VIIRS_NOAA20_SP
26.286,81.7087,342.53,0.45,0.47,2023-11-24,807,N20,VIIRS,n,2,299.07,5.55,D,0,VIIRS_NOAA20_SP
26.301,79.39886,333.61,0.51,0.41,2023-11-24,807,N20,VIIRS,n,2,304.21,2.54,D,0,VIIRS_NOAA20_SP
26.32053,79.99828,334.23,0.55,0.42,2023-11-24,807,N20,VIIRS,n,2,301.49,4.76,D,0,VIIRS_NOAA20_SP
26.32059,82.64816,335.52,0.52,0.5,2023-11-24,807,N20,VIIRS,n,2,303.54,3.6,D,0,VIIRS_NOAA20_SP
26.33042,81.5717,337.56,0.45,0.47,2023-11-24,807,N20,VIIRS,n,2,299.55,3.31,D,0,VIIRS_NOAA20_SP
26.33095,78.35207,336.32,0.46,0.39,2023-11-24,807,N20,VIIRS,n,2,304.05,4.33,D,0,VIIRS_NOAA20_SP
26.33208,78.35011,336.05,0.46,0.39,2023-11-24,807,N20,VIIRS,n,2,301.33,2.78,D,0,VIIRS_NOAA20_SP
26.34296,82.45769,336.62,0.51,0.49,2023-11-24,807,N20,VIIRS,n,2,301.52,3.34,D,0,VIIRS_NOAA20_SP
26.35447,81.20457,339.42,0.43,0.46,2023-11-24,807,N20,VIIRS,n,2,299.81,4.0,D,0,VIIRS_NOAA20_SP
26.35527,81.20402,340.6,0.43,0.46,2023-11-24,807,N20,VIIRS,n,2,300.12,3.4,D,0,VIIRS_NOAA20_SP
26.3917,81.55009,334.08,0.45,0.47,2023-11-24,807,N20,VIIRS,n,2,300.33,3.03,D,0,VIIRS_NOAA20_SP
26.41889,81.08798,341.11,0.42,0.45,2023-11-24,807,N20,VIIRS,n,2,301.67,8.28,D,0,VIIRS_NOAA20_SP
26.42545,81.41943,331.54,0.44,0.46,2023-11-24,807,N20,VIIRS,n,2,300.03,2.11,D,0,VIIRS_NOAA20_SP
26.45566,78.25507,331.76,0.45,0.39,2023-11-24,807,N20,VIIRS,n,2,301.82,2.03,D,0,VIIRS_NOAA20_SP
26.45687,81.5099,333.05,0.44,0.46,2023-11-24,807,N20,VIIRS,n,2,299.75,2.69,D,0,VIIRS_NOAA20_SP
26.46493,78.32773,333.62,0.46,0.39,2023-11-24,807,N20,VIIRS,n,2,304.61,1.96,D,0,VIIRS_NOAA20_SP
26.47411,79.43068,332.92,0.51,0.41,2023-11-24,807,N20,VIIRS,n,2,301.5,4.87,D,0,VIIRS_NOAA20_SP
26.47438,79.43288,331.94,0.51,0.41,2023-11-24,807,N20,VIIRS,n,2,300.18,1.87,D,0,VIIRS_NOAA20_SP
26.48373,81.36422,334.94,0.44,0.46,2023-11-24,807,N20,VIIRS,n,2,300.86,3.72,D,0,VIIRS_NOAA20_SP
26.4877,78.27775,330.94,0.45,0.39,2023-11-24,807,N20,VIIRS,n,2,299.51,2.28,D,0,VIIRS_NOAA20_SP
26.49724,78.26699,335.26,0.45,0.39,2023-11-24,807,N20,VIIRS,n,2,303.08,4.15,D,0,VIIRS_NOAA20_SP
26.50147,80.90446,341.91,0.41,0.45,2023-11-24,807,N20,VIIRS,n,2,300.54,4.03,D,0,VIIRS_NOAA20_SP
26.50232,78.41997,336.33,0.46,0.39,2023-11-24,807,N20,VIIRS,n,2,301.14,3.62,D,0,VIIRS_NOAA20_SP
26.51201,78.35293,336.4,0.46,0.39,2023-11-24,807,N20,VIIRS,n,2,300.26,3.59,D,0,VIIRS_NOAA20_SP
26.53163,72.85895,342.98,0.41,0.37,2023-11-24,807,N20,VIIRS,n,2,306.18,2.47,D,0,VIIRS_NOAA20_SP
26.53235,79.66062,337.7,0.53,0.42,2023-11-24,807,N20,VIIRS,n,2,302.19,5.09,D,0,VIIRS_NOAA20_SP
26.53298,79.66592,333.31,0.53,0.42,2023-11-24,807,N20,VIIRS,n,2,301.89,5.09,D,0,VIIRS_NOAA20_SP
26.53433,72.85416,339.41,0.41,0.37,2023-11-24,807,N20,VIIRS,n,2,305.62,2.5,D,0,VIIRS_NOAA20_SP
26.53502,72.85825,347.9,0.41,0.37,2023-11-24,807,N20,VIIRS,n,2,306.04,3.52,D,0,VIIRS_NOAA20_SP
26.53809,81.55112,333.06,0.45,0.47,2023-11-24,807,N20,VIIRS,n,2,301.36,2.64,D,0,VIIRS_NOAA20_SP
26.5808,81.39277,335.56,0.44,0.46,2023-11-24,807,N20,VIIRS,n,2,299.86,3.7,D,0,VIIRS_NOAA20_SP
26.58145,81.39172,331.04,0.44,0.46,2023-11-24,807,N20,VIIRS,n,2,299.02,2.44,D,0,VIIRS_NOAA20_SP
26.60273,79.44567,335.34,0.52,0.41,2023-11-24,807,N20,VIIRS,n,2,299.7,4.19,D,0,VIIRS_NOAA20_SP
26.62555,82.39944,339.29,0.51,0.49,2023-11-24,807,N20,VIIRS,n,2,300.04,4.06,D,0,VIIRS_NOAA20_SP
26.62695,79.29612,330.93,0.51,0.41,2023-11-24,807,N20,VIIRS,n,2,300.86,3.37,D,0,VIIRS_NOAA20_SP
26.62922,85.00822,330.09,0.37,0.58,2023-11-24,807,N20,VIIRS,n,2,296.84,1.39,D,0,VIIRS_NOAA20_SP
26.63151,79.58994,335.92,0.52,0.42,2023-11-24,807,N20,VIIRS,n,2,303.24,2.98,D,0,VIIRS_NOAA20_SP
26.65218,84.40948,338.01,0.34,0.56,2023-11-24,807,N20,VIIRS,n,2,295.97,2.51,D,0,VIIRS_NOAA20_SP
26.66074,79.67174,333.04,0.53,0.42,2023-11-24,807,N20,VIIRS,n,2,301.37,4.03,D,0,VIIRS_NOAA20_SP
26.66916,79.13284,333.62,0.5,0.41,2023-11-24,807,N20,VIIRS,n,2,302.63,3.1,D,0,VIIRS_NOAA20_SP
26.70365,84.6897,328.66,0.35,0.57,2023-11-24,807,N20,VIIRS,n,2,296.21,1.81,D,0,VIIRS_NOAA20_SP
26.73146,73.19531,346.72,0.4,0.37,2023-11-24,807,N20,VIIRS,n,2,304.27,3.45,D,0,VIIRS_NOAA20_SP
26.73212,73.19931,344.05,0.4,0.37,2023-11-24,807,N20,VIIRS,n,2,305.3,3.45,D,0,VIIRS_NOAA20_SP
26.73408,79.79201,330.05,0.54,0.42,2023-11-24,807,N20,VIIRS,n,2,300.8,1.44,D,0,VIIRS_NOAA20_SP
26.73547,73.19862,336.45,0.4,0.37,2023-11-24,807,N20,VIIRS,n,2,305.48,1.11,D,0,VIIRS_NOAA20_SP
26.73575,79.7944,332.81,0.54,0.42,2023-11-24,807,N20,VIIRS,n,2,301.08,4.3,D,0,VIIRS_NOAA20_SP
26.7374,74.49348,336.51,0.39,0.36,2023-11-24,807,N20,VIIRS,n,2,306.21,3.03,D,0,VIIRS_NOAA20_SP
26.73948,73.20195,341.41,0.4,0.37,2023-11-24,807,N20,VIIRS,n,2,305.09,2.02,D,0,VIIRS_NOAA20_SP
26.7461,84.05075,335.15,0.32,0.55,2023-11-24,807,N20,VIIRS,n,2,296.38,2.24,D,0,VIIRS_NOAA20_SP
26.75637,83.55648,334.41,0.6,0.53,2023-11-24,807,N20,VIIRS,n,2,298.42,5.03,D,0,VIIRS_NOAA20_SP
26.76327,85.50778,331.22,0.4,0.6,2023-11-24,807,N20,VIIRS,n,2,295.63,1.63,D,0,VIIRS_NOAA20_SP
26.76389,83.53129,334.92,0.6,0.53,2023-11-24,807,N20,VIIRS,n,2,297.32,6.29,D,0,VIIRS_NOAA20_SP
26.77334,82.91587,339.41,0.55,0.51,2023-11-24,807,N20,VIIRS,n,2,298.57,8.89,D,0,VIIRS_NOAA20_SP
26.7893,79.81427,331.82,0.54,0.42,2023-11-24,807,N20,VIIRS,n,2,300.0,2.9,D,0,VIIRS_NOAA20_SP
26.8098,83.62862,334.02,0.61,0.53,2023-11-24,807,N20,VIIRS,n,2,298.36,7.54,D,0,VIIRS_NOAA20_SP
26.81286,83.63027,329.99,0.61,0.53,2023-11-24,807,N20,VIIRS,n,2,297.67,4.67,D,0,VIIRS_NOAA20_SP
26.81526,83.57864,333.06,0.6,0.53,2023-11-24,807,N20,VIIRS,n,2,296.78,4.88,D,0,VIIRS_NOAA20_SP
26.82812,83.1888,331.94,0.57,0.52,2023-11-24,807,N20,VIIRS,n,2,300.42,4.1,D,0,VIIRS_NOAA20_SP
26.84596,83.69939,335.68,0.61,0.54,2023-11-24,807,N20,VIIRS,n,2,298.66,4.11,D,0,VIIRS_NOAA20_SP
26.88836,82.7569,336.47,0.54,0.51,2023-11-24,807,N20,VIIRS,n,2,299.11,4.19,D,0,VIIRS_NOAA20_SP
26.98034,76.71993,332.32,0.41,0.37,2023-11-24,807,N20,VIIRS,n,2,303.33,1.73,D,0,VIIRS_NOAA20_SP
26.9815,76.72054,330.34,0.41,0.37,2023-11-24,807,N20,VIIRS,n,2,304.32,2.63,D,0,VIIRS_NOAA20_SP
27.15492,82.89577,330.06,0.55,0.51,2023-11-24,807,N20,VIIRS,n,2,298.13,4.08,D,0,VIIRS_NOAA20_SP
27.15533,83.5357,342.15,0.6,0.53,2023-11-24,807,N20,VIIRS,n,2,298.57,13.03,D,0,VIIRS_NOAA20_SP
27.21127,83.60417,333.41,0.61,0.53,2023-11-24,807,N20,VIIRS,n,2,297.35,10.58,D,0,VIIRS_NOAA20_SP
27.22164,83.53262,337.67,0.6,0.53,2023-11-24,807,N20,VIIRS,n,2,297.18,4.1,D,0,VIIRS_NOAA20_SP
27.23308,82.53757,331.11,0.52,0.5,2023-11-24,807,N20,VIIRS,n,2,299.67,2.41,D,0,VIIRS_NOAA20_SP
27.24128,83.53046,328.51,0.6,0.53,2023-11-24,807,N20,VIIRS,n,2,298.31,4.19,D,0,VIIRS_NOAA20_SP
27.24892,83.56066,340.65,0.61,0.53,2023-11-24,807,N20,VIIRS,n,2,298.71,7.19,D,0,VIIRS_NOAA20_SP
27.3166,82.53307,329.53,0.53,0.5,2023-11-24,807,N20,VIIRS,n,2,299.05,2.54,D,0,VIIRS_NOAA20_SP
27.31827,83.66615,329.28,0.62,0.54,2023-11-24,807,N20,VIIRS,n,2,295.94,6.41,D,0,VIIRS_NOAA20_SP
27.32571,80.63441,345.71,0.41,0.45,2023-11-24,807,N20,VIIRS,n,2,299.19,5.53,D,0,VIIRS_NOAA20_SP
27.33372,83.67082,340.14,0.62,0.54,2023-11-24,807,N20,VIIRS,n,2,299.04,12.65,D,0,VIIRS_NOAA20_SP
27.33494,83.66988,338.67,0.62,0.54,2023-11-24,807,N20,VIIRS,n,2,297.46,10.07,D,0,VIIRS_NOAA20_SP
27.48125,82.97997,328.68,0.56,0.52,2023-11-24,807,N20,VIIRS,n,2,296.44,3.24,D,0,VIIRS_NOAA20_SP
27.50759,79.35497,331.57,0.52,0.42,2023-11-24,807,N20,VIIRS,n,2,299.39,5.63,D,0,VIIRS_NOAA20_SP
27.54877,80.94196,336.27,0.42,0.46,2023-11-24,807,N20,VIIRS,n,2,298.07,3.52,D,0,VIIRS_NOAA20_SP
27.55463,83.08665,340.38,0.57,0.52,2023-11-24,807,N20,VIIRS,n,2,297.57,9.71,D,0,VIIRS_NOAA20_SP
27.68624,80.42496,332.85,0.4,0.44,2023-11-24,807,N20,VIIRS,n,2,297.6,2.7,D,0,VIIRS_NOAA20_SP
27.73709,81.10136,339.28,0.44,0.46,2023-11-24,807,N20,VIIRS,n,2,298.03,6.39,D,0,VIIRS_NOAA20_SP
27.73765,81.1042,339.65,0.44,0.46,2023-11-24,807,N20,VIIRS,n,2,297.45,6.24,D,0,VIIRS_NOAA20_SP
27.76309,81.02185,330.72,0.43,0.46,2023-11-24,807,N20,VIIRS,n,2,296.49,3.04,D,0,VIIRS_NOAA20_SP
27.76682,80.0023,331.74,0.57,0.43,2023-11-24,807,N20,VIIRS,n,2,299.0,4.88,D,0,VIIRS_NOAA20_SP
27.84522,80.78759,339.9,0.42,0.45,2023-11-24,807,N20,VIIRS,n,2,298.71,4.89,D,0,VIIRS_NOAA20_SP
27.92169,80.657,329.49,0.41,0.45,2023-11-24,807,N20,VIIRS,n,2,298.03,3.33,D,0,VIIRS_NOAA20_SP
27.96872,81.10416,328.49,0.44,0.46,2023-11-24,807,N20,VIIRS,n,2,296.97,1.48,D,0,VIIRS_NOAA20_SP
27.17264,68.34691,339.64,0.44,0.46,2023-11-24,808,N20,VIIRS,n,2,280.66,6.83,D,0,VIIRS_NOAA20_SP
27.32594,72.22396,337.92,0.42,0.38,2023-11-24,808,N20,VIIRS,n,2,304.33,2.13,D,0,VIIRS_NOAA20_SP
27.32666,72.2282,340.18,0.42,0.38,2023-11-24,808,N20,VIIRS,n,2,304.57,2.13,D,0,VIIRS_NOAA20_SP
27.33042,72.27116,356.36,0.42,0.38,2023-11-24,808,N20,VIIRS,l,2,304.77,3.91,D,0,VIIRS_NOAA20_SP
27.33097,72.25356,351.88,0.42,0.38,2023-11-24,808,N20,VIIRS,n,2,307.28,14.04,D,0,VIIRS_NOAA20_SP
27.33297,72.24437,341.06,0.42,0.38,2023-11-24,808,N20,VIIRS,n,2,306.53,7.14,D,0,VIIRS_NOAA20_SP
27.33368,72.2486,351.05,0.42,0.38,2023-11-24,808,N20,VIIRS,n,2,309.22,16.97,D,0,VIIRS_NOAA20_SP
27.33385,72.27043,340.24,0.42,0.38,2023-11-24,808,N20,VIIRS,n,2,306.06,3.91,D,0,VIIRS_NOAA20_SP
27.3344,72.25282,349.78,0.42,0.38,2023-11-24,808,N20,VIIRS,n,2,309.73,16.97,D,0,VIIRS_NOAA20_SP
27.33479,72.21331,338.35,0.42,0.38,2023-11-24,808,N20,VIIRS,n,2,305.36,2.94,D,0,VIIRS_NOAA20_SP
27.33512,72.25704,355.94,0.42,0.38,2023-11-24,808,N20,VIIRS,l,2,308.52,11.64,D,0,VIIRS_NOAA20_SP
27.33584,72.26126,356.14,0.42,0.38,2023-11-24,808,N20,VIIRS,l,2,307.87,11.64,D,0,VIIRS_NOAA20_SP
27.33711,72.24786,352.76,0.42,0.38,2023-11-24,808,N20,VIIRS,n,2,308.83,16.97,D,0,VIIRS_NOAA20_SP
27.33783,72.25208,352.19,0.42,0.38,2023-11-24,808,N20,VIIRS,n,2,306.27,16.97,D,0,VIIRS_NOAA20_SP
27.33855,72.25631,352.52,0.42,0.38,2023-11-24,808,N20,VIIRS,n,2,308.72,11.64,D,0,VIIRS_NOAA20_SP
27.33926,72.26053,347.04,0.42,0.38,2023-11-24,808,N20,VIIRS,n,2,307.74,11.64,D,0,VIIRS_NOAA20_SP
27.34054,72.24713,351.91,0.42,0.38,2023-11-24,808,N20,VIIRS,n,2,308.79,10.51,D,0,VIIRS_NOAA20_SP
27.34126,72.25135,346.99,0.42,0.38,2023-11-24,808,N20,VIIRS,n,2,306.89,10.51,D,0,VIIRS_NOAA20_SP
27.34325,72.24216,352.22,0.42,0.38,2023-11-24,808,N20,VIIRS,n,2,307.88,10.67,D,0,VIIRS_NOAA20_SP
27.34397,72.24639,356.33,0.42,0.38,2023-11-24,808,N20,VIIRS,l,2,306.83,10.51,D,0,VIIRS_NOAA20_SP
27.34468,72.25063,349.55,0.42,0.38,2023-11-24,808,N20,VIIRS,n,2,305.69,10.51,D,0,VIIRS_NOAA20_SP
27.34883,72.3587,336.42,0.42,0.38,2023-11-24,808,N20,VIIRS,l,2,311.29,37.35,D,0,VIIRS_NOAA20_SP
27.35154,72.35378,334.95,0.42,0.38,2023-11-24,808,N20,VIIRS,l,2,307.25,13.74,D,0,VIIRS_NOAA20_SP
27.35495,72.35305,341.81,0.42,0.38,2023-11-24,808,N20,VIIRS,n,2,308.37,13.74,D,0,VIIRS_NOAA20_SP
27.36265,72.16772,352.73,0.43,0.38,2023-11-24,808,N20,VIIRS,n,2,303.74,2.92,D,0,VIIRS_NOAA20_SP
27.36336,72.17197,341.85,0.43,0.38,2023-11-24,808,N20,VIIRS,n,2,304.12,2.65,D,0,VIIRS_NOAA20_SP
27.36408,72.17622,345.03,0.43,0.38,2023-11-24,808,N20,VIIRS,n,2,304.78,2.65,D,0,VIIRS_NOAA20_SP
27.36451,72.16427,346.21,0.43,0.38,2023-11-24,808,N20,VIIRS,n,2,300.61,3.45,D,0,VIIRS_NOAA20_SP
27.3648,72.18047,335.52,0.43,0.38,2023-11-24,808,N20,VIIRS,n,2,305.24,3.25,D,0,VIIRS_NOAA20_SP
27.36525,72.16851,354.42,0.43,0.38,2023-11-24,808,N20,VIIRS,n,2,304.86,3.45,D,0,VIIRS_NOAA20_SP
27.36598,72.17275,356.34,0.43,0.38,2023-11-24,808,N20,VIIRS,l,2,305.14,4.89,D,0,VIIRS_NOAA20_SP
27.36608,72.16698,337.16,0.43,0.38,2023-11-24,808,N20,VIIRS,n,2,302.92,2.92,D,0,VIIRS_NOAA20_SP
27.36671,72.17699,351.1,0.43,0.38,2023-11-24,808,N20,VIIRS,n,2,305.53,4.89,D,0,VIIRS_NOAA20_SP
27.3668,72.17123,342.67,0.43,0.38,2023-11-24,808,N20,VIIRS,n,2,304.55,2.65,D,0,VIIRS_NOAA20_SP
27.36745,72.18124,344.68,0.43,0.38,2023-11-24,808,N20,VIIRS,n,2,304.96,6.11,D,0,VIIRS_NOAA20_SP
27.36752,72.17548,349.74,0.43,0.38,2023-11-24,808,N20,VIIRS,n,2,304.53,2.65,D,0,VIIRS_NOAA20_SP
27.36818,72.18548,356.37,0.43,0.38,2023-11-24,808,N20,VIIRS,l,2,305.17,6.11,D,0,VIIRS_NOAA20_SP
27.36868,72.16777,339.74,0.43,0.38,2023-11-24,808,N20,VIIRS,n,2,303.28,3.45,D,0,VIIRS_NOAA20_SP
27.36892,72.18972,342.37,0.43,0.38,2023-11-24,808,N20,VIIRS,n,2,305.58,3.27,D,0,VIIRS_NOAA20_SP
27.36895,72.18398,349.75,0.43,0.38,2023-11-24,808,N20,VIIRS,n,2,304.1,3.25,D,0,VIIRS_NOAA20_SP
27.36942,72.17201,356.14,0.43,0.38,2023-11-24,808,N20,VIIRS,l,2,304.67,4.89,D,0,VIIRS_NOAA20_SP
27.36967,72.18822,341.27,0.43,0.38,2023-11-24,808,N20,VIIRS,n,2,305.13,2.74,D,0,VIIRS_NOAA20_SP
27.37015,72.17625,348.38,0.43,0.38,2023-11-24,808,N20,VIIRS,n,2,304.03,4.89,D,0,VIIRS_NOAA20_SP
27.37162,72.18473,351.38,0.43,0.38,2023-11-24,808,N20,VIIRS,n,2,305.59,6.11,D,0,VIIRS_NOAA20_SP
27.37212,72.16704,353.15,0.43,0.38,2023-11-24,808,N20,VIIRS,n,2,303.79,5.44,D,0,VIIRS_NOAA20_SP
27.37432,72.17976,356.35,0.43,0.38,2023-11-24,808,N20,VIIRS,l,2,305.24,4.79,D,0,VIIRS_NOAA20_SP
27.37775,72.17902,348.97,0.43,0.38,2023-11-24,808,N20,VIIRS,n,2,305.99,4.79,D,0,VIIRS_NOAA20_SP
27.37841,72.2447,346.37,0.42,0.38,2023-11-24,808,N20,VIIRS,n,2,307.26,6.91,D,0,VIIRS_NOAA20_SP
27.37896,72.24329,347.76,0.42,0.38,2023-11-24,808,N20,VIIRS,n,2,306.63,4.79,D,0,VIIRS_NOAA20_SP
27.38111,72.23975,336.52,0.42,0.38,2023-11-24,808,N20,VIIRS,l,2,307.0,6.91,D,0,VIIRS_NOAA20_SP
27.38172,72.03654,352.55,0.43,0.38,2023-11-24,808,N20,VIIRS,n,2,304.11,4.16,D,0,VIIRS_NOAA20_SP
27.38183,72.24397,344.41,0.42,0.38,2023-11-24,808,N20,VIIRS,n,2,306.28,6.91,D,0,VIIRS_NOAA20_SP
27.38246,72.04083,349.0,0.43,0.38,2023-11-24,808,N20,VIIRS,n,2,304.53,4.16,D,0,VIIRS_NOAA20_SP
27.38256,72.24818,348.36,0.42,0.38,2023-11-24,808,N20,VIIRS,n,2,305.89,4.0,D,0,VIIRS_NOAA20_SP
27.3832,72.04512,344.98,0.43,0.38,2023-11-24,808,N20,VIIRS,n,2,304.68,3.42,D,0,VIIRS_NOAA20_SP
27.38381,72.23479,336.35,0.42,0.38,2023-11-24,808,N20,VIIRS,n,2,305.76,4.37,D,0,VIIRS_NOAA20_SP
27.38453,72.23902,346.12,0.42,0.38,2023-11-24,808,N20,VIIRS,n,2,310.6,14.79,D,0,VIIRS_NOAA20_SP
27.38517,72.0358,341.57,0.43,0.38,2023-11-24,808,N20,VIIRS,n,2,303.82,1.66,D,0,VIIRS_NOAA20_SP
27.38526,72.24323,352.13,0.42,0.38,2023-11-24,808,N20,VIIRS,n,2,308.74,14.79,D,0,VIIRS_NOAA20_SP
27.38591,72.04008,336.55,0.43,0.38,2023-11-24,808,N20,VIIRS,n,2,303.98,1.66,D,0,VIIRS_NOAA20_SP
27.38598,72.24744,355.26,0.42,0.38,2023-11-24,808,N20,VIIRS,l,2,306.27,6.65,D,0,VIIRS_NOAA20_SP
27.38724,72.23406,337.43,0.42,0.38,2023-11-24,808,N20,VIIRS,n,2,305.79,4.37,D,0,VIIRS_NOAA20_SP
27.38796,72.23829,355.87,0.42,0.38,2023-11-24,808,N20,VIIRS,l,2,306.12,14.79,D,0,VIIRS_NOAA20_SP
27.38869,72.2425,343.29,0.42,0.38,2023-11-24,808,N20,VIIRS,n,2,306.9,14.79,D,0,VIIRS_NOAA20_SP
27.3901,72.04362,336.98,0.43,0.38,2023-11-24,808,N20,VIIRS,n,2,305.39,3.6,D,0,VIIRS_NOAA20_SP
27.39305,72.06077,345.27,0.43,0.38,2023-11-24,808,N20,VIIRS,n,2,305.43,3.92,D,0,VIIRS_NOAA20_SP
27.39336,72.22838,340.02,0.42,0.38,2023-11-24,808,N20,VIIRS,n,2,304.03,11.85,D,0,VIIRS_NOAA20_SP
27.39429,72.04716,351.8,0.43,0.38,2023-11-24,808,N20,VIIRS,n,2,302.59,2.93,D,0,VIIRS_NOAA20_SP
27.3965,72.06002,342.85,0.43,0.38,2023-11-24,808,N20,VIIRS,n,2,303.9,1.65,D,0,VIIRS_NOAA20_SP
27.39679,72.22764,355.62,0.42,0.38,2023-11-24,808,N20,VIIRS,l,2,305.74,18.74,D,0,VIIRS_NOAA20_SP
27.397,72.04212,339.29,0.43,0.38,2023-11-24,808,N20,VIIRS,n,2,304.53,2.93,D,0,VIIRS_NOAA20_SP
27.39723,72.06431,337.89,0.43,0.38,2023-11-24,808,N20,VIIRS,n,2,306.09,1.65,D,0,VIIRS_NOAA20_SP
27.39773,72.04641,348.69,0.43,0.38,2023-11-24,808,N20,VIIRS,n,2,303.24,2.93,D,0,VIIRS_NOAA20_SP
27.39994,72.05927,337.38,0.43,0.38,2023-11-24,808,N20,VIIRS,n,2,305.26,1.65,D,0,VIIRS_NOAA20_SP
27.40044,72.04138,348.03,0.43,0.38,2023-11-24,808,N20,VIIRS,n,2,304.25,2.34,D,0,VIIRS_NOAA20_SP
27.40118,72.04567,345.91,0.43,0.38,2023-11-24,808,N20,VIIRS,n,2,303.33,2.34,D,0,VIIRS_NOAA20_SP
27.40266,72.05424,337.14,0.43,0.38,2023-11-24,808,N20,VIIRS,n,2,304.01,1.69,D,0,VIIRS_NOAA20_SP
27.40389,72.04063,350.24,0.43,0.38,2023-11-24,808,N20,VIIRS,n,2,303.77,2.34,D,0,VIIRS_NOAA20_SP
27.4044,72.02271,338.76,0.43,0.38,2023-11-24,808,N20,VIIRS,n,2,304.33,1.96,D,0,VIIRS_NOAA20_SP
27.40463,72.04491,335.25,0.43,0.38,2023-11-24,808,N20,VIIRS,n,2,303.67,2.34,D,0,VIIRS_NOAA20_SP
27.40537,72.04921,336.61,0.43,0.38,2023-11-24,808,N20,VIIRS,n,2,304.12,1.69,D,0,VIIRS_NOAA20_SP
27.40587,72.0313,337.61,0.43,0.38,2023-11-24,808,N20,VIIRS,n,2,305.0,1.76,D,0,VIIRS_NOAA20_SP
27.4061,72.0535,335.74,0.43,0.38,2023-11-24,808,N20,VIIRS,n,2,303.83,1.69,D,0,VIIRS_NOAA20_SP
27.40661,72.03558,336.76,0.43,0.38,2023-11-24,808,N20,VIIRS,n,2,304.87,1.76,D,0,VIIRS_NOAA20_SP
27.40734,72.03988,351.2,0.43,0.38,2023-11-24,808,N20,VIIRS,n,2,303.6,2.01,D,0,VIIRS_NOAA20_SP
27.40785,72.02196,344.6,0.43,0.38,2023-11-24,808,N20,VIIRS,n,2,304.35,1.96,D,0,VIIRS_NOAA20_SP
27.40808,72.04417,338.11,0.43,0.38,2023-11-24,808,N20,VIIRS,n,2,303.51,2.01,D,0,VIIRS_NOAA20_SP
27.40858,72.02625,335.05,0.43,0.38,2023-11-24,808,N20,VIIRS,n,2,303.35,1.96,D,0,VIIRS_NOAA20_SP
27.40977,72.22047,336.49,0.42,0.38,2023-11-24,808,N20,VIIRS,n,2,304.69,43.99,D,0,VIIRS_NOAA20_SP
27.41029,72.05704,337.5,0.43,0.38,2023-11-24,808,N20,VIIRS,n,2,305.3,2.34,D,0,VIIRS_NOAA20_SP
27.41079,72.03913,339.24,0.43,0.38,2023-11-24,808,N20,VIIRS,n,2,304.47,2.01,D,0,VIIRS_NOAA20_SP
27.4113,72.02121,344.12,0.43,0.38,2023-11-24,808,N20,VIIRS,n,2,305.82,2.25,D,0,VIIRS_NOAA20_SP
27.41153,72.04343,341.2,0.43,0.38,2023-11-24,808,N20,VIIRS,n,2,303.58,2.01,D,0,VIIRS_NOAA20_SP
27.41203,72.02551,336.69,0.43,0.38,2023-11-24,808,N20,VIIRS,n,2,305.05,2.25,D,0,VIIRS_NOAA20_SP
27.4132,72.21972,335.09,0.42,0.38,2023-11-24,808,N20,VIIRS,n,2,306.14,43.99,D,0,VIIRS_NOAA20_SP
27.41334,72.15816,356.29,0.43,0.38,2023-11-24,808,N20,VIIRS,l,2,295.35,11.63,D,0,VIIRS_NOAA20_SP
27.41604,72.15317,354.54,0.43,0.38,2023-11-24,808,N20,VIIRS,n,2,295.67,11.63,D,0,VIIRS_NOAA20_SP
27.41677,72.15742,356.29,0.43,0.38,2023-11-24,808,N20,VIIRS,l,2,297.09,11.63,D,0,VIIRS_NOAA20_SP
27.4175,72.16167,356.29,0.43,0.38,2023-11-24,808,N20,VIIRS,l,2,297.57,9.93,D,0,VIIRS_NOAA20_SP
27.41948,72.15242,335.09,0.43,0.38,2023-11-24,808,N20,VIIRS,n,2,295.08,3.47,D,0,VIIRS_NOAA20_SP
27.42021,72.15668,343.95,0.43,0.38,2023-11-24,808,N20,VIIRS,n,2,298.22,3.47,D,0,VIIRS_NOAA20_SP
27.42166,72.16517,355.69,0.43,0.38,2023-11-24,808,N20,VIIRS,n,2,300.63,5.57,D,0,VIIRS_NOAA20_SP
27.42364,72.15594,338.63,0.43,0.38,2023-11-24,808,N20,VIIRS,n,2,298.35,3.47,D,0,VIIRS_NOAA20_SP
27.426,72.1906,339.81,0.42,0.38,2023-11-24,808,N20,VIIRS,n,2,303.34,2.34,D,0,VIIRS_NOAA20_SP
27.42893,72.3949,343.17,0.42,0.38,2023-11-24,808,N20,VIIRS,n,2,308.2,11.12,D,0,VIIRS_NOAA20_SP
27.42943,72.18986,335.12,0.42,0.38,2023-11-24,808,N20,VIIRS,n,2,302.86,2.34,D,0,VIIRS_NOAA20_SP
27.42964,72.39909,344.15,0.42,0.38,2023-11-24,808,N20,VIIRS,n,2,308.39,11.12,D,0,VIIRS_NOAA20_SP
27.43305,72.39836,335.66,0.42,0.38,2023-11-24,808,N20,VIIRS,l,2,308.16,2.76,D,0,VIIRS_NOAA20_SP
27.43458,72.32422,346.88,0.42,0.38,2023-11-24,808,N20,VIIRS,n,2,307.18,6.57,D,0,VIIRS_NOAA20_SP
27.43485,72.17989,335.85,0.43,0.38,2023-11-24,808,N20,VIIRS,n,2,302.54,2.05,D,0,VIIRS_NOAA20_SP
27.43756,72.17492,346.2,0.43,0.38,2023-11-24,808,N20,VIIRS,n,2,302.79,3.93,D,0,VIIRS_NOAA20_SP
27.43799,72.32349,353.73,0.42,0.38,2023-11-24,808,N20,VIIRS,n,2,306.62,6.57,D,0,VIIRS_NOAA20_SP
27.43871,72.32769,346.3,0.42,0.38,2023-11-24,808,N20,VIIRS,n,2,307.15,6.57,D,0,VIIRS_NOAA20_SP
27.44069,72.31856,335.4,0.42,0.38,2023-11-24,808,N20,VIIRS,n,2,306.35,2.7,D,0,VIIRS_NOAA20_SP
27.44099,72.17418,335.54,0.43,0.38,2023-11-24,808,N20,VIIRS,n,2,304.12,3.93,D,0,VIIRS_NOAA20_SP
27.44141,72.32275,355.24,0.42,0.38,2023-11-24,808,N20,VIIRS,l,2,306.5,8.44,D,0,VIIRS_NOAA20_SP
27.44212,72.32695,355.97,0.42,0.38,2023-11-24,808,N20,VIIRS,l,2,306.76,8.44,D,0,VIIRS_NOAA20_SP
27.46983,72.38621,351.41,0.42,0.38,2023-11-24,808,N20,VIIRS,n,2,305.74,2.9,D,0,VIIRS_NOAA20_SP
27.46989,72.28183,353.53,0.42,0.38,2023-11-24,808,N20,VIIRS,n,2,305.13,4.2,D,0,VIIRS_NOAA20_SP
27.47053,72.39039,344.7,0.42,0.38,2023-11-24,808,N20,VIIRS,n,2,304.98,2.9,D,0,VIIRS_NOAA20_SP
27.47324,72.38548,350.95,0.42,0.38,2023-11-24,808,N20,VIIRS,n,2,308.53,15.24,D,0,VIIRS_NOAA20_SP
27.47597,71.95018,339.65,0.43,0.38,2023-11-24,808,N20,VIIRS,n,2,305.66,2.31,D,0,VIIRS_NOAA20_SP
27.47664,72.38476,356.33,0.42,0.38,2023-11-24,808,N20,VIIRS,l,2,307.68,15.24,D,0,VIIRS_NOAA20_SP
27.47672,71.95449,338.34,0.43,0.38,2023-11-24,808,N20,VIIRS,n,2,304.36,3.0,D,0,VIIRS_NOAA20_SP
27.47735,72.38893,351.45,0.42,0.38,2023-11-24,808,N20,VIIRS,n,2,306.42,15.24,D,0,VIIRS_NOAA20_SP
27.47943,71.94943,341.59,0.43,0.38,2023-11-24,808,N20,VIIRS,n,2,305.17,2.08,D,0,VIIRS_NOAA20_SP
27.48557,72.39583,338.55,0.42,0.38,2023-11-24,808,N20,VIIRS,n,2,304.99,1.34,D,0,VIIRS_NOAA20_SP
27.49648,72.39779,350.37,0.42,0.38,2023-11-24,808,N20,VIIRS,n,2,303.97,5.41,D,0,VIIRS_NOAA20_SP
27.92419,78.81821,332.22,0.5,0.41,2023-11-24,808,N20,VIIRS,n,2,299.29,6.81,D,0,VIIRS_NOAA20_SP
28.02671,80.4824,337.55,0.41,0.45,2023-11-24,808,N20,VIIRS,n,2,298.31,2.27,D,0,VIIRS_NOAA20_SP
28.05401,80.42854,339.0,0.4,0.44,2023-11-24,808,N20,VIIRS,n,2,299.53,3.87,D,0,VIIRS_NOAA20_SP
28.14298,79.81215,330.34,0.56,0.43,2023-11-24,808,N20,VIIRS,n,2,296.65,3.71,D,0,VIIRS_NOAA20_SP
28.15033,80.25526,332.91,0.39,0.44,2023-11-24,808,N20,VIIRS,n,2,299.55,2.01,D,0,VIIRS_NOAA20_SP
28.16872,77.18711,332.28,0.43,0.38,2023-11-24,808,N20,VIIRS,n,2,298.99,3.1,D,0,VIIRS_NOAA20_SP
28.19868,78.5387,344.94,0.48,0.4,2023-11-24,808,N20,VIIRS,n,2,303.38,7.81,D,0,VIIRS_NOAA20_SP
28.24058,80.67238,331.75,0.42,0.45,2023-11-24,808,N20,VIIRS,n,2,299.6,3.69,D,0,VIIRS_NOAA20_SP
28.25049,81.17118,339.09,0.45,0.47,2023-11-24,808,N20,VIIRS,n,2,300.22,4.65,D,0,VIIRS_NOAA20_SP
28.27376,69.96033,332.15,0.51,0.41,2023-11-24,808,N20,VIIRS,n,2,295.13,3.33,D,0,VIIRS_NOAA20_SP
28.30915,80.87854,339.31,0.43,0.46,2023-11-24,808,N20,VIIRS,n,2,298.78,3.46,D,0,VIIRS_NOAA20_SP
28.3745,80.68494,330.78,0.42,0.45,2023-11-24,808,N20,VIIRS,n,2,297.01,2.29,D,0,VIIRS_NOAA20_SP
28.40534,81.1021,331.97,0.44,0.46,2023-11-24,808,N20,VIIRS,n,2,298.68,2.88,D,0,VIIRS_NOAA20_SP
28.41615,80.19386,350.49,0.39,0.44,2023-11-24,808,N20,VIIRS,n,2,303.42,8.19,D,0,VIIRS_NOAA20_SP
28.55532,80.0733,352.98,0.39,0.44,2023-11-24,808,N20,VIIRS,n,2,303.86,12.53,D,0,VIIRS_NOAA20_SP
28.61549,79.13683,332.38,0.52,0.42,2023-11-24,808,N20,VIIRS,n,2,300.17,4.13,D,0,VIIRS_NOAA20_SP
28.66535,76.46689,343.86,0.41,0.37,2023-11-24,808,N20,VIIRS,n,2,301.82,6.33,D,0,VIIRS_NOAA20_SP
28.68414,79.92297,332.24,0.38,0.44,2023-11-24,808,N20,VIIRS,n,2,298.63,3.34,D,0,VIIRS_NOAA20_SP
28.71774,77.58778,338.3,0.45,0.39,2023-11-24,808,N20,VIIRS,n,2,297.88,5.37,D,0,VIIRS_NOAA20_SP
28.71816,77.58633,335.3,0.45,0.39,2023-11-24,808,N20,VIIRS,n,2,297.67,5.38,D,0,VIIRS_NOAA20_SP
28.72027,76.7432,330.99,0.42,0.38,2023-11-24,808,N20,VIIRS,n,2,298.56,3.88,D,0,VIIRS_NOAA20_SP
28.80483,77.96259,330.18,0.46,0.39,2023-11-24,808,N20,VIIRS,n,2,296.11,2.47,D,0,VIIRS_NOAA20_SP
28.81306,70.66373,337.93,0.47,0.4,2023-11-24,808,N20,VIIRS,n,2,294.25,8.91,D,0,VIIRS_NOAA20_SP
28.85397,77.58126,340.66,0.45,0.39,2023-11-24,808,N20,VIIRS,n,2,297.64,11.3,D,0,VIIRS_NOAA20_SP
28.94587,77.96159,336.73,0.47,0.39,2023-11-24,808,N20,VIIRS,n,2,298.32,4.42,D,0,VIIRS_NOAA20_SP
28.95199,76.466,330.9,0.41,0.37,2023-11-24,808,N20,VIIRS,n,2,299.7,2.17,D,0,VIIRS_NOAA20_SP
28.96668,76.42044,332.91,0.41,0.37,2023-11-24,808,N20,VIIRS,n,2,297.97,2.77,D,0,VIIRS_NOAA20_SP
28.97932,76.02823,345.9,0.4,0.37,2023-11-24,808,N20,VIIRS,n,2,300.23,4.12,D,0,VIIRS_NOAA20_SP
28.98785,76.08983,331.08,0.4,0.37,2023-11-24,808,N20,VIIRS,n,2,301.26,1.94,D,0,VIIRS_NOAA20_SP
28.99659,77.88738,331.23,0.46,0.39,2023-11-24,808,N20,VIIRS,n,2,298.1,3.45,D,0,VIIRS_NOAA20_SP
29.00327,76.45776,330.49,0.41,0.37,2023-11-24,808,N20,VIIRS,n,2,298.93,2.42,D,0,VIIRS_NOAA20_SP
29.09559,77.81493,327.93,0.46,0.39,2023-11-24,808,N20,VIIRS,n,2,297.25,2.38,D,0,VIIRS_NOAA20_SP
29.09609,77.33482,331.89,0.44,0.38,2023-11-24,808,N20,VIIRS,n,2,297.98,5.11,D,0,VIIRS_NOAA20_SP
29.14206,77.35619,330.9,0.44,0.39,2023-11-24,808,N20,VIIRS,n,2,297.37,1.83,D,0,VIIRS_NOAA20_SP
29.14507,76.52493,331.74,0.41,0.37,2023-11-24,808,N20,VIIRS,n,2,297.48,2.03,D,0,VIIRS_NOAA20_SP
29.15573,77.54981,329.39,0.45,0.39,2023-11-24,808,N20,VIIRS,n,2,296.68,1.98,D,0,VIIRS_NOAA20_SP
29.15645,76.50557,332.67,0.41,0.37,2023-11-24,808,N20,VIIRS,n,2,301.65,4.02,D,0,VIIRS_NOAA20_SP
29.16155,76.4657,332.45,0.41,0.37,2023-11-24,808,N20,VIIRS,n,2,300.11,2.44,D,0,VIIRS_NOAA20_SP
29.1772,77.72181,331.25,0.46,0.39,2023-11-24,808,N20,VIIRS,n,2,298.3,4.95,D,0,VIIRS_NOAA20_SP
29.19199,77.38029,340.81,0.44,0.39,2023-11-24,808,N20,VIIRS,n,2,297.37,4.77,D,0,VIIRS_NOAA20_SP
29.19864,76.53297,332.42,0.42,0.37,2023-11-24,808,N20,VIIRS,n,2,300.04,3.63,D,0,VIIRS_NOAA20_SP
29.20808,77.19513,329.87,0.44,0.38,2023-11-24,808,N20,VIIRS,n,2,296.53,2.6,D,0,VIIRS_NOAA20_SP
29.2112,77.19749,330.73,0.44,0.38,2023-11-24,808,N20,VIIRS,n,2,296.74,1.99,D,0,VIIRS_NOAA20_SP
29.2981,77.36448,333.54,0.44,0.39,2023-11-24,808,N20,VIIRS,n,2,297.78,3.56,D,0,VIIRS_NOAA20_SP
29.30229,76.86851,341.73,0.43,0.38,2023-11-24,808,N20,VIIRS,n,2,301.84,6.74,D,0,VIIRS_NOAA20_SP
29.31676,77.71078,336.29,0.46,0.39,2023-11-24,808,N20,VIIRS,n,2,297.3,4.39,D,0,VIIRS_NOAA20_SP
29.32977,73.87981,332.04,0.38,0.36,2023-11-24,808,N20,VIIRS,n,2,291.76,9.22,D,0,VIIRS_NOAA20_SP
29.33306,73.87914,346.13,0.38,0.36,2023-11-24,808,N20,VIIRS,n,2,296.82,9.22,D,0,VIIRS_NOAA20_SP
29.33365,77.24879,334.27,0.44,0.38,2023-11-24,808,N20,VIIRS,n,2,297.36,3.42,D,0,VIIRS_NOAA20_SP
29.33574,73.87456,330.86,0.38,0.36,2023-11-24,808,N20,VIIRS,n,2,291.14,2.75,D,0,VIIRS_NOAA20_SP
29.33587,73.80973,334.23,0.39,0.36,2023-11-24,808,N20,VIIRS,n,2,292.65,2.84,D,0,VIIRS_NOAA20_SP
29.33634,73.87848,332.4,0.38,0.36,2023-11-24,808,N20,VIIRS,n,2,290.91,3.12,D,0,VIIRS_NOAA20_SP
29.33709,73.81759,344.26,0.39,0.36,2023-11-24,808,N20,VIIRS,n,2,293.03,10.97,D,0,VIIRS_NOAA20_SP
29.33733,73.79729,331.61,0.39,0.36,2023-11-24,808,N20,VIIRS,n,2,292.14,6.77,D,0,VIIRS_NOAA20_SP
29.33805,76.81776,332.91,0.42,0.38,2023-11-24,808,N20,VIIRS,n,2,299.5,4.16,D,0,VIIRS_NOAA20_SP
29.34335,73.94587,332.19,0.38,0.36,2023-11-24,808,N20,VIIRS,n,2,293.21,4.99,D,0,VIIRS_NOAA20_SP
29.3585,79.08482,326.24,0.53,0.42,2023-11-24,808,N20,VIIRS,l,2,299.47,1.74,D,0,VIIRS_NOAA20_SP
29.40106,77.29762,328.45,0.44,0.39,2023-11-24,808,N20,VIIRS,n,2,297.32,2.19,D,0,VIIRS_NOAA20_SP
29.40438,77.5787,330.95,0.45,0.39,2023-11-24,808,N20,VIIRS,n,2,298.82,7.16,D,0,VIIRS_NOAA20_SP
29.40992,78.59966,328.99,0.5,0.41,2023-11-24,808,N20,VIIRS,n,2,300.26,2.6,D,0,VIIRS_NOAA20_SP
29.41228,74.80958,330.42,0.39,0.36,2023-11-24,808,N20,VIIRS,n,2,292.35,1.39,D,0,VIIRS_NOAA20_SP
29.41668,77.70582,327.67,0.46,0.39,2023-11-24,808,N20,VIIRS,n,2,297.31,1.4,D,0,VIIRS_NOAA20_SP
29.42798,78.62328,328.95,0.5,0.41,2023-11-24,808,N20,VIIRS,n,2,300.53,7.27,D,0,VIIRS_NOAA20_SP
29.44117,76.75247,331.51,0.42,0.38,2023-11-24,808,N20,VIIRS,n,2,301.1,1.78,D,0,VIIRS_NOAA20_SP
29.44999,77.8849,326.85,0.47,0.4,2023-11-24,808,N20,VIIRS,n,2,296.83,2.79,D,0,VIIRS_NOAA20_SP
29.45331,76.79046,342.07,0.42,0.38,2023-11-24,808,N20,VIIRS,n,2,301.29,4.65,D,0,VIIRS_NOAA20_SP
29.45488,78.62444,327.22,0.5,0.41,2023-11-24,808,N20,VIIRS,n,2,299.09,2.17,D,0,VIIRS_NOAA20_SP
29.47384,76.716,333.46,0.42,0.38,2023-11-24,808,N20,VIIRS,n,2,300.33,2.5,D,0,VIIRS_NOAA20_SP
29.48484,74.13652,330.74,0.38,0.36,2023-11-24,808,N20,VIIRS,n,2,290.34,5.21,D,0,VIIRS_NOAA20_SP
29.48587,76.75394,330.78,0.42,0.38,2023-11-24,808,N20,VIIRS,l,2,301.88,2.57,D,0,VIIRS_NOAA20_SP
29.49559,74.75321,331.52,0.39,0.36,2023-11-24,808,N20,VIIRS,n,2,294.13,2.69,D,0,VIIRS_NOAA20_SP
29.50396,74.12867,333.22,0.38,0.36,2023-11-24,808,N20,VIIRS,n,2,297.9,2.33,D,0,VIIRS_NOAA20_SP
29.50469,75.18808,331.21,0.39,0.36,2023-11-24,808,N20,VIIRS,n,2,291.12,1.81,D,0,VIIRS_NOAA20_SP
29.52529,76.18465,344.58,0.41,0.37,2023-11-24,808,N20,VIIRS,n,2,299.91,4.35,D,0,VIIRS_NOAA20_SP
29.53248,75.12133,334.05,0.39,0.36,2023-11-24,808,N20,VIIRS,n,2,295.22,2.43,D,0,VIIRS_NOAA20_SP
29.55511,74.53546,332.51,0.38,0.36,2023-11-24,808,N20,VIIRS,n,2,289.2,2.6,D,0,VIIRS_NOAA20_SP
29.56142,77.11617,335.9,0.44,0.38,2023-11-24,808,N20,VIIRS,n,2,293.6,3.16,D,0,VIIRS_NOAA20_SP
29.56884,74.2414,339.97,0.38,0.36,2023-11-24,808,N20,VIIRS,n,2,293.14,3.58,D,0,VIIRS_NOAA20_SP
29.57159,77.36493,331.68,0.45,0.39,2023-11-24,808,N20,VIIRS,n,2,296.52,3.38,D,0,VIIRS_NOAA20_SP
29.57252,74.69836,334.08,0.39,0.36,2023-11-24,808,N20,VIIRS,n,2,296.13,2.92,D,0,VIIRS_NOAA20_SP
29.5731,74.7023,331.16,0.39,0.36,2023-11-24,808,N20,VIIRS,n,2,293.35,2.92,D,0,VIIRS_NOAA20_SP
29.57463,74.89735,334.41,0.39,0.36,2023-11-24,808,N20,VIIRS,n,2,293.69,2.53,D,0,VIIRS_NOAA20_SP
29.57607,75.28161,332.65,0.39,0.36,2023-11-24,808,N20,VIIRS,n,2,299.22,2.54,D,0,VIIRS_NOAA20_SP
29.57877,74.39734,336.44,0.38,0.36,2023-11-24,808,N20,VIIRS,n,2,305.15,30.95,D,0,VIIRS_NOAA20_SP
29.58733,75.31248,335.31,0.39,0.36,2023-11-24,808,N20,VIIRS,n,2,298.69,2.56,D,0,VIIRS_NOAA20_SP
29.58852,74.28204,335.9,0.38,0.36,2023-11-24,808,N20,VIIRS,n,2,294.48,5.44,D,0,VIIRS_NOAA20_SP
29.58939,74.88228,339.58,0.39,0.36,2023-11-24,808,N20,VIIRS,n,2,294.66,3.86,D,0,VIIRS_NOAA20_SP
29.59841,74.43804,337.41,0.38,0.36,2023-11-24,808,N20,VIIRS,n,2,297.8,18.0,D,0,VIIRS_NOAA20_SP
29.6012,74.38888,330.12,0.38,0.36,2023-11-24,808,N20,VIIRS,n,2,294.66,1.89,D,0,VIIRS_NOAA20_SP
29.60449,74.38823,338.51,0.38,0.36,2023-11-24,808,N20,VIIRS,n,2,299.66,13.6,D,0,VIIRS_NOAA20_SP
29.60561,75.63299,340.5,0.4,0.37,2023-11-24,808,N20,VIIRS,n,2,302.35,7.45,D,0,VIIRS_NOAA20_SP
29.61345,75.51893,331.94,0.4,0.37,2023-11-24,808,N20,VIIRS,n,2,297.24,1.87,D,0,VIIRS_NOAA20_SP
29.61461,75.31639,335.38,0.39,0.36,2023-11-24,808,N20,VIIRS,n,2,299.62,4.05,D,0,VIIRS_NOAA20_SP
29.63711,74.35751,334.53,0.38,0.36,2023-11-24,808,N20,VIIRS,n,2,292.92,1.99,D,0,VIIRS_NOAA20_SP
29.64788,74.49728,333.28,0.38,0.36,2023-11-24,808,N20,VIIRS,n,2,302.3,3.85,D,0,VIIRS_NOAA20_SP
29.6812,77.56958,331.26,0.46,0.39,2023-11-24,808,N20,VIIRS,n,2,296.38,3.4,D,0,VIIRS_NOAA20_SP
29.69497,75.3055,330.75,0.39,0.36,2023-11-24,808,N20,VIIRS,n,2,300.59,1.09,D,0,VIIRS_NOAA20_SP
29.73733,77.39111,330.37,0.45,0.39,2023-11-24,808,N20,VIIRS,n,2,295.37,1.92,D,0,VIIRS_NOAA20_SP
29.7444,80.1125,330.85,0.41,0.45,2023-11-24,808,N20,VIIRS,n,2,298.57,3.8,D,0,VIIRS_NOAA20_SP
29.74668,77.93696,331.06,0.47,0.4,2023-11-24,808,N20,VIIRS,n,2,298.24,2.87,D,0,VIIRS_NOAA20_SP
29.7666,77.9787,330.8,0.48,0.4,2023-11-24,808,N20,VIIRS,n,2,295.9,2.85,D,0,VIIRS_NOAA20_SP
29.77006,75.83528,333.52,0.4,0.37,2023-11-24,808,N20,VIIRS,n,2,299.14,3.52,D,0,VIIRS_NOAA20_SP
29.77973,75.42691,332.1,0.39,0.37,2023-11-24,808,N20,VIIRS,n,2,298.54,1.63,D,0,VIIRS_NOAA20_SP
29.7826,75.44717,334.42,0.39,0.37,2023-11-24,808,N20,VIIRS,n,2,299.91,16.4,D,0,VIIRS_NOAA20_SP
29.78536,75.4425,333.54,0.39,0.37,2023-11-24,808,N20,VIIRS,n,2,299.57,2.4,D,0,VIIRS_NOAA20_SP
29.79571,75.91187,334.5,0.4,0.37,2023-11-24,808,N20,VIIRS,n,2,297.98,2.83,D,0,VIIRS_NOAA20_SP
29.79624,75.8905,330.99,0.4,0.37,2023-11-24,808,N20,VIIRS,n,2,300.12,2.34,D,0,VIIRS_NOAA20_SP
29.79912,75.93681,333.45,0.4,0.37,2023-11-24,808,N20,VIIRS,n,2,300.69,4.25,D,0,VIIRS_NOAA20_SP
29.80189,75.90649,332.33,0.4,0.37,2023-11-24,808,N20,VIIRS,n,2,299.38,3.04,D,0,VIIRS_NOAA20_SP
29.80526,75.90588,334.1,0.4,0.37,2023-11-24,808,N20,VIIRS,n,2,299.16,3.04,D,0,VIIRS_NOAA20_SP
29.81603,75.95936,332.63,0.4,0.37,2023-11-24,808,N20,VIIRS,n,2,301.9,2.39,D,0,VIIRS_NOAA20_SP
29.8166,75.96352,330.77,0.4,0.37,2023-11-24,808,N20,VIIRS,n,2,298.17,1.37,D,0,VIIRS_NOAA20_SP
29.83191,76.02495,333.94,0.41,0.37,2023-11-24,808,N20,VIIRS,n,2,299.31,2.34,D,0,VIIRS_NOAA20_SP
29.83978,76.00639,330.29,0.41,0.37,2023-11-24,808,N20,VIIRS,n,2,298.82,3.53,D,0,VIIRS_NOAA20_SP
29.84159,70.58343,330.2,0.46,0.39,2023-11-24,808,N20,VIIRS,n,2,292.6,7.7,D,0,VIIRS_NOAA20_SP
29.84722,75.18642,339.51,0.39,0.36,2023-11-24,808,N20,VIIRS,n,2,296.69,2.92,D,0,VIIRS_NOAA20_SP
29.8586,76.11903,333.48,0.41,0.37,2023-11-24,808,N20,VIIRS,n,2,300.94,3.01,D,0,VIIRS_NOAA20_SP
29.86701,76.07877,334.97,0.41,0.37,2023-11-24,808,N20,VIIRS,n,2,303.69,4.44,D,0,VIIRS_NOAA20_SP
29.88975,74.96458,335.8,0.39,0.36,2023-11-24,808,N20,VIIRS,n,2,302.09,3.19,D,0,VIIRS_NOAA20_SP
29.93127,74.82952,332.59,0.39,0.36,2023-11-24,808,N20,VIIRS,n,2,300.84,2.29,D,0,VIIRS_NOAA20_SP
29.94255,70.92278,339.17,0.44,0.39,2023-11-24,808,N20,VIIRS,n,2,293.98,4.15,D,0,VIIRS_NOAA20_SP
29.98106,76.1972,333.93,0.41,0.37,2023-11-24,808,N20,VIIRS,n,2,301.59,4.63,D,0,VIIRS_NOAA20_SP
29.98297,74.9509,340.81,0.39,0.36,2023-11-24,808,N20,VIIRS,n,2,298.85,3.68,D,0,VIIRS_NOAA20_SP
30.00592,74.46053,332.61,0.39,0.36,2023-11-24,808,N20,VIIRS,n,2,290.72,3.01,D,0,VIIRS_NOAA20_SP
30.02056,74.88274,337.44,0.39,0.36,2023-11-24,808,N20,VIIRS,n,2,298.55,4.6,D,0,VIIRS_NOAA20_SP
30.04955,74.4563,331.01,0.39,0.36,2023-11-24,808,N20,VIIRS,n,2,285.71,2.61,D,0,VIIRS_NOAA20_SP
30.05461,75.31038,339.16,0.39,0.36,2023-11-24,808,N20,VIIRS,n,2,305.16,13.88,D,0,VIIRS_NOAA20_SP
30.11006,75.19599,335.16,0.39,0.36,2023-11-24,808,N20,VIIRS,n,2,301.16,3.21,D,0,VIIRS_NOAA20_SP
30.13547,74.37074,341.3,0.38,0.36,2023-11-24,808,N20,VIIRS,n,2,287.51,4.71,D,0,VIIRS_NOAA20_SP
30.13666,75.4791,336.47,0.4,0.37,2023-11-24,808,N20,VIIRS,n,2,300.51,2.39,D,0,VIIRS_NOAA20_SP
30.14475,74.36482,337.39,0.38,0.36,2023-11-24,808,N20,VIIRS,n,2,290.02,3.61,D,0,VIIRS_NOAA20_SP
30.14819,74.27446,335.99,0.38,0.36,2023-11-24,808,N20,VIIRS,n,2,285.31,3.2,D,0,VIIRS_NOAA20_SP
30.15164,75.35107,332.65,0.39,0.37,2023-11-24,808,N20,VIIRS,n,2,302.61,1.48,D,0,VIIRS_NOAA20_SP
30.15572,75.61465,333.58,0.4,0.37,2023-11-24,808,N20,VIIRS,n,2,299.87,2.55,D,0,VIIRS_NOAA20_SP
30.15867,75.30379,334.38,0.39,0.36,2023-11-24,808,N20,VIIRS,n,2,302.84,3.35,D,0,VIIRS_NOAA20_SP
30.16165,75.22823,335.68,0.39,0.36,2023-11-24,808,N20,VIIRS,n,2,302.84,4.93,D,0,VIIRS_NOAA20_SP
30.16803,75.17713,336.96,0.39,0.36,2023-11-24,808,N20,VIIRS,n,2,304.37,5.06,D,0,VIIRS_NOAA20_SP
30.17803,80.88595,353.35,0.46,0.47,2023-11-24,808,N20,VIIRS,n,2,302.86,18.31,D,0,VIIRS_NOAA20_SP
30.17839,80.88953,335.48,0.46,0.47,2023-11-24,808,N20,VIIRS,n,2,286.03,18.31,D,0,VIIRS_NOAA20_SP
30.18005,80.88359,334.2,0.46,0.47,2023-11-24,808,N20,VIIRS,n,2,292.52,16.36,D,0,VIIRS_NOAA20_SP
30.18042,80.88733,355.91,0.46,0.47,2023-11-24,808,N20,VIIRS,n,2,292.85,28.44,D,0,VIIRS_NOAA20_SP
30.20438,70.60938,330.51,0.45,0.39,2023-11-24,808,N20,VIIRS,n,2,293.15,4.29,D,0,VIIRS_NOAA20_SP
30.24363,75.49339,331.29,0.4,0.37,2023-11-24,808,N20,VIIRS,n,2,302.31,2.57,D,0,VIIRS_NOAA20_SP
30.24421,75.49748,332.7,0.4,0.37,2023-11-24,808,N20,VIIRS,n,2,302.43,2.91,D,0,VIIRS_NOAA20_SP
30.24704,71.20768,330.65,0.43,0.38,2023-11-24,808,N20,VIIRS,n,2,295.62,2.64,D,0,VIIRS_NOAA20_SP
30.25264,78.24791,330.86,0.49,0.41,2023-11-24,808,N20,VIIRS,n,2,297.36,9.44,D,0,VIIRS_NOAA20_SP
30.25703,75.61345,346.13,0.4,0.37,2023-11-24,808,N20,VIIRS,n,2,301.75,4.46,D,0,VIIRS_NOAA20_SP
30.2702,76.19212,331.19,0.41,0.37,2023-11-24,808,N20,VIIRS,n,2,299.79,2.57,D,0,VIIRS_NOAA20_SP
30.29133,78.44537,339.91,0.51,0.41,2023-11-24,808,N20,VIIRS,n,2,299.06,7.08,D,0,VIIRS_NOAA20_SP
30.2962,74.67833,341.88,0.39,0.36,2023-11-24,808,N20,VIIRS,n,2,298.61,9.19,D,0,VIIRS_NOAA20_SP
30.29777,74.9916,338.69,0.39,0.36,2023-11-24,808,N20,VIIRS,n,2,313.18,32.08,D,0,VIIRS_NOAA20_SP
30.3031,74.86631,337.16,0.39,0.36,2023-11-24,808,N20,VIIRS,n,2,307.02,28.87,D,0,VIIRS_NOAA20_SP
30.3041,75.29829,330.53,0.39,0.37,2023-11-24,808,N20,VIIRS,n,2,300.27,3.97,D,0,VIIRS_NOAA20_SP
30.30468,75.30236,332.19,0.39,0.37,2023-11-24,808,N20,VIIRS,n,2,300.94,4.13,D,0,VIIRS_NOAA20_SP
30.30814,75.32684,333.01,0.4,0.37,2023-11-24,808,N20,VIIRS,n,2,303.45,3.25,D,0,VIIRS_NOAA20_SP
30.31148,75.32622,332.74,0.4,0.37,2023-11-24,808,N20,VIIRS,n,2,301.86,2.91,D,0,VIIRS_NOAA20_SP
30.31276,75.35953,339.8,0.4,0.37,2023-11-24,808,N20,VIIRS,n,2,302.75,3.93,D,0,VIIRS_NOAA20_SP
30.31306,75.12144,337.18,0.39,0.36,2023-11-24,808,N20,VIIRS,n,2,305.46,5.67,D,0,VIIRS_NOAA20_SP
30.32157,74.04852,333.57,0.38,0.36,2023-11-24,808,N20,VIIRS,n,2,294.01,4.52,D,0,VIIRS_NOAA20_SP
30.3236,71.63573,327.58,0.42,0.37,2023-11-24,808,N20,VIIRS,n,2,291.61,1.73,D,0,VIIRS_NOAA20_SP
30.32485,74.04786,340.18,0.38,0.36,2023-11-24,808,N20,VIIRS,n,2,297.14,4.52,D,0,VIIRS_NOAA20_SP
30.33038,71.63418,326.22,0.42,0.37,2023-11-24,808,N20,VIIRS,n,2,290.86,1.99,D,0,VIIRS_NOAA20_SP
30.33656,75.23784,342.62,0.39,0.36,2023-11-24,808,N20,VIIRS,n,2,304.7,11.93,D,0,VIIRS_NOAA20_SP
30.34523,75.20281,342.11,0.39,0.36,2023-11-24,808,N20,VIIRS,n,2,301.92,8.23,D,0,VIIRS_NOAA20_SP
30.34725,74.03927,330.61,0.38,0.36,2023-11-24,808,N20,VIIRS,n,2,301.21,3.63,D,0,VIIRS_NOAA20_SP
30.34762,75.20215,343.75,0.39,0.36,2023-11-24,808,N20,VIIRS,n,2,302.54,6.05,D,0,VIIRS_NOAA20_SP
30.35196,74.82803,339.19,0.39,0.36,2023-11-24,808,N20,VIIRS,n,2,302.31,5.48,D,0,VIIRS_NOAA20_SP
30.353,75.16776,330.12,0.39,0.36,2023-11-24,808,N20,VIIRS,l,2,304.49,7.26,D,0,VIIRS_NOAA20_SP
30.35385,75.70299,337.1,0.4,0.37,2023-11-24,808,N20,VIIRS,n,2,306.18,10.28,D,0,VIIRS_NOAA20_SP
30.35541,75.86552,335.11,0.41,0.37,2023-11-24,808,N20,VIIRS,n,2,307.38,8.7,D,0,VIIRS_NOAA20_SP
30.35642,76.3132,340.73,0.42,0.37,2023-11-24,808,N20,VIIRS,n,2,300.86,4.65,D,0,VIIRS_NOAA20_SP
30.3569,75.17118,331.21,0.39,0.36,2023-11-24,808,N20,VIIRS,l,2,302.93,2.58,D,0,VIIRS_NOAA20_SP
30.35879,75.86491,336.01,0.41,0.37,2023-11-24,808,N20,VIIRS,n,2,307.77,20.23,D,0,VIIRS_NOAA20_SP
30.37064,76.28858,334.15,0.42,0.37,2023-11-24,808,N20,VIIRS,l,2,305.91,2.33,D,0,VIIRS_NOAA20_SP
30.37653,74.05379,328.25,0.38,0.36,2023-11-24,808,N20,VIIRS,n,2,295.98,1.79,D,0,VIIRS_NOAA20_SP
30.37922,74.04917,332.58,0.38,0.36,2023-11-24,808,N20,VIIRS,n,2,296.73,1.82,D,0,VIIRS_NOAA20_SP
30.39108,74.53744,332.86,0.39,0.36,2023-11-24,808,N20,VIIRS,n,2,299.03,5.26,D,0,VIIRS_NOAA20_SP
30.39379,74.53281,330.65,0.39,0.36,2023-11-24,808,N20,VIIRS,n,2,298.61,3.39,D,0,VIIRS_NOAA20_SP
30.39437,74.5368,332.98,0.39,0.36,2023-11-24,808,N20,VIIRS,n,2,298.47,3.39,D,0,VIIRS_NOAA20_SP
30.39954,73.93513,334.64,0.38,0.36,2023-11-24,808,N20,VIIRS,n,2,298.0,6.88,D,0,VIIRS_NOAA20_SP
30.40521,74.15421,341.32,0.38,0.36,2023-11-24,808,N20,VIIRS,n,2,305.57,26.06,D,0,VIIRS_NOAA20_SP
30.40552,74.13374,334.9,0.38,0.36,2023-11-24,808,N20,VIIRS,n,2,299.85,8.02,D,0,VIIRS_NOAA20_SP
30.41403,75.16456,335.65,0.39,0.36,2023-11-24,808,N20,VIIRS,n,2,301.5,2.37,D,0,VIIRS_NOAA20_SP
30.43248,74.61145,331.45,0.39,0.36,2023-11-24,808,N20,VIIRS,n,2,299.13,3.24,D,0,VIIRS_NOAA20_SP
30.43258,75.29492,330.5,0.4,0.37,2023-11-24,808,N20,VIIRS,n,2,300.28,0.26,D,0,VIIRS_NOAA20_SP
30.43306,74.61544,331.68,0.39,0.36,2023-11-24,808,N20,VIIRS,n,2,297.58,2.69,D,0,VIIRS_NOAA20_SP
30.4333,75.32418,333.33,0.4,0.37,2023-11-24,808,N20,VIIRS,n,2,303.58,2.26,D,0,VIIRS_NOAA20_SP
30.43592,75.29429,333.44,0.4,0.37,2023-11-24,808,N20,VIIRS,n,2,300.69,9.17,D,0,VIIRS_NOAA20_SP
30.44255,75.66104,333.64,0.4,0.37,2023-11-24,808,N20,VIIRS,l,2,304.61,3.73,D,0,VIIRS_NOAA20_SP
30.4444,74.00774,328.6,0.38,0.36,2023-11-24,808,N20,VIIRS,n,2,294.53,2.17,D,0,VIIRS_NOAA20_SP
30.44592,75.66042,333.99,0.4,0.37,2023-11-24,808,N20,VIIRS,l,2,305.74,11.42,D,0,VIIRS_NOAA20_SP
30.44605,76.49039,333.13,0.42,0.38,2023-11-24,808,N20,VIIRS,n,2,302.31,3.0,D,0,VIIRS_NOAA20_SP
30.44922,75.10452,334.0,0.39,0.36,2023-11-24,808,N20,VIIRS,n,2,300.71,2.34,D,0,VIIRS_NOAA20_SP
30.44942,76.38248,339.09,0.42,0.38,2023-11-24,808,N20,VIIRS,n,2,305.33,2.99,D,0,VIIRS_NOAA20_SP
30.45064,74.20672,344.19,0.38,0.36,2023-11-24,808,N20,VIIRS,n,2,293.19,10.62,D,0,VIIRS_NOAA20_SP
30.45179,74.44352,333.45,0.39,0.36,2023-11-24,808,N20,VIIRS,n,2,296.9,2.57,D,0,VIIRS_NOAA20_SP
30.45503,75.70145,341.38,0.4,0.37,2023-11-24,808,N20,VIIRS,n,2,306.15,11.78,D,0,VIIRS_NOAA20_SP
30.45663,73.97668,328.36,0.38,0.36,2023-11-24,808,N20,VIIRS,n,2,296.97,5.04,D,0,VIIRS_NOAA20_SP
30.45723,73.98064,333.72,0.38,0.36,2023-11-24,808,N20,VIIRS,n,2,296.18,6.23,D,0,VIIRS_NOAA20_SP
30.45827,74.30335,343.91,0.38,0.36,2023-11-24,808,N20,VIIRS,n,2,299.09,5.61,D,0,VIIRS_NOAA20_SP
30.46713,74.11351,328.44,0.38,0.36,2023-11-24,808,N20,VIIRS,n,2,294.16,1.78,D,0,VIIRS_NOAA20_SP
30.47032,74.24778,345.24,0.38,0.36,2023-11-24,808,N20,VIIRS,n,2,293.71,9.36,D,0,VIIRS_NOAA20_SP
30.47111,74.62035,331.7,0.39,0.36,2023-11-24,808,N20,VIIRS,n,2,297.38,1.87,D,0,VIIRS_NOAA20_SP
30.47457,74.00574,335.79,0.38,0.36,2023-11-24,808,N20,VIIRS,n,2,296.76,2.16,D,0,VIIRS_NOAA20_SP
30.47536,74.60308,333.46,0.39,0.36,2023-11-24,808,N20,VIIRS,n,2,297.36,4.38,D,0,VIIRS_NOAA20_SP
30.47548,74.03417,336.12,0.38,0.36,2023-11-24,808,N20,VIIRS,n,2,292.41,3.05,D,0,VIIRS_NOAA20_SP
30.47549,74.12409,328.53,0.38,0.36,2023-11-24,808,N20,VIIRS,n,2,294.1,1.2,D,0,VIIRS_NOAA20_SP
30.47589,75.93007,330.48,0.41,0.37,2023-11-24,808,N20,VIIRS,n,2,303.7,2.39,D,0,VIIRS_NOAA20_SP
30.47786,74.00509,332.81,0.38,0.36,2023-11-24,808,N20,VIIRS,n,2,295.17,3.23,D,0,VIIRS_NOAA20_SP
30.47845,75.42522,330.56,0.4,0.37,2023-11-24,808,N20,VIIRS,l,2,303.44,2.61,D,0,VIIRS_NOAA20_SP
30.48016,75.29951,341.29,0.4,0.37,2023-11-24,808,N20,VIIRS,n,2,302.78,7.72,D,0,VIIRS_NOAA20_SP
30.48208,75.36223,335.06,0.4,0.37,2023-11-24,808,N20,VIIRS,n,2,302.85,3.1,D,0,VIIRS_NOAA20_SP
30.48751,75.32755,343.6,0.4,0.37,2023-11-24,808,N20,VIIRS,n,2,304.27,7.53,D,0,VIIRS_NOAA20_SP
30.48866,75.33575,336.66,0.4,0.37,2023-11-24,808,N20,VIIRS,n,2,303.24,4.52,D,0,VIIRS_NOAA20_SP
30.49137,74.48112,340.11,0.39,0.36,2023-11-24,808,N20,VIIRS,n,2,301.97,11.35,D,0,VIIRS_NOAA20_SP
30.49229,74.34985,332.82,0.39,0.36,2023-11-24,808,N20,VIIRS,n,2,296.36,4.12,D,0,VIIRS_NOAA20_SP
30.4932,76.47313,334.66,0.42,0.38,2023-11-24,808,N20,VIIRS,n,2,303.38,5.45,D,0,VIIRS_NOAA20_SP
30.49611,74.05862,336.6,0.38,0.36,2023-11-24,808,N20,VIIRS,n,2,292.7,18.43,D,0,VIIRS_NOAA20_SP
30.50213,75.35848,330.2,0.4,0.37,2023-11-24,808,N20,VIIRS,n,2,302.82,2.99,D,0,VIIRS_NOAA20_SP
30.50229,74.25778,329.65,0.38,0.36,2023-11-24,808,N20,VIIRS,n,2,295.92,2.58,D,0,VIIRS_NOAA20_SP
30.50271,75.36258,332.05,0.4,0.37,2023-11-24,808,N20,VIIRS,n,2,300.4,2.99,D,0,VIIRS_NOAA20_SP
30.50504,74.20814,339.59,0.38,0.36,2023-11-24,808,N20,VIIRS,n,2,297.06,3.33,D,0,VIIRS_NOAA20_SP
30.50696,76.37263,333.32,0.42,0.38,2023-11-24,808,N20,VIIRS,n,2,301.55,5.09,D,0,VIIRS_NOAA20_SP
30.50763,74.29356,328.79,0.38,0.36,2023-11-24,808,N20,VIIRS,n,2,296.82,1.53,D,0,VIIRS_NOAA20_SP
30.50773,74.20351,330.69,0.38,0.36,2023-11-24,808,N20,VIIRS,n,2,297.92,9.27,D,0,VIIRS_NOAA20_SP
30.50776,74.80322,337.33,0.39,0.36,2023-11-24,808,N20,VIIRS,n,2,306.65,10.69,D,0,VIIRS_NOAA20_SP
30.50787,76.37218,341.29,0.42,0.38,2023-11-24,808,N20,VIIRS,n,2,301.52,5.31,D,0,VIIRS_NOAA20_SP
30.50832,74.20748,340.76,0.38,0.36,2023-11-24,808,N20,VIIRS,n,2,304.18,23.59,D,0,VIIRS_NOAA20_SP
30.50866,74.04859,335.5,0.38,0.36,2023-11-24,808,N20,VIIRS,n,2,291.69,2.51,D,0,VIIRS_NOAA20_SP
30.51145,74.34196,331.31,0.39,0.36,2023-11-24,808,N20,VIIRS,n,2,295.92,2.37,D,0,VIIRS_NOAA20_SP
30.52251,74.34796,344.81,0.39,0.36,2023-11-24,808,N20,VIIRS,n,2,297.74,9.24,D,0,VIIRS_NOAA20_SP
30.5227,74.07439,338.63,0.38,0.36,2023-11-24,808,N20,VIIRS,n,2,292.1,3.47,D,0,VIIRS_NOAA20_SP
30.52284,74.32741,351.67,0.39,0.36,2023-11-24,808,N20,VIIRS,n,2,299.47,8.54,D,0,VIIRS_NOAA20_SP
30.52681,74.1922,341.31,0.38,0.36,2023-11-24,808,N20,VIIRS,n,2,298.21,4.69,D,0,VIIRS_NOAA20_SP
30.53205,74.36658,347.16,0.39,0.36,2023-11-24,808,N20,VIIRS,n,2,296.39,4.22,D,0,VIIRS_NOAA20_SP
30.53339,75.16792,334.75,0.39,0.36,2023-11-24,808,N20,VIIRS,l,2,304.95,7.51,D,0,VIIRS_NOAA20_SP
30.53444,74.75259,332.38,0.39,0.36,2023-11-24,808,N20,VIIRS,n,2,302.33,4.36,D,0,VIIRS_NOAA20_SP
30.53449,74.91816,334.47,0.39,0.36,2023-11-24,808,N20,VIIRS,n,2,302.0,2.49,D,0,VIIRS_NOAA20_SP
30.53489,74.43153,335.76,0.39,0.36,2023-11-24,808,N20,VIIRS,n,2,300.06,4.77,D,0,VIIRS_NOAA20_SP
30.53762,74.12866,338.83,0.38,0.36,2023-11-24,808,N20,VIIRS,n,2,299.17,10.6,D,0,VIIRS_NOAA20_SP
30.5455,74.29495,343.46,0.38,0.36,2023-11-24,808,N20,VIIRS,n,2,300.79,12.71,D,0,VIIRS_NOAA20_SP
30.54841,74.40836,340.77,0.39,0.36,2023-11-24,808,N20,VIIRS,n,2,300.53,12.14,D,0,VIIRS_NOAA20_SP
30.55018,74.07706,333.75,0.38,0.36,2023-11-24,808,N20,VIIRS,n,2,295.99,6.68,D,0,VIIRS_NOAA20_SP
30.55078,74.08102,341.03,0.38,0.36,2023-11-24,808,N20,VIIRS,n,2,294.95,6.68,D,0,VIIRS_NOAA20_SP
30.5517,74.4077,343.1,0.39,0.36,2023-11-24,808,N20,VIIRS,n,2,298.03,8.64,D,0,VIIRS_NOAA20_SP
30.55347,74.07639,351.73,0.38,0.36,2023-11-24,808,N20,VIIRS,n,2,298.44,6.68,D,0,VIIRS_NOAA20_SP
30.55407,74.08037,335.31,0.38,0.36,2023-11-24,808,N20,VIIRS,n,2,297.8,6.68,D,0,VIIRS_NOAA20_SP
30.55496,74.10883,336.74,0.38,0.36,2023-11-24,808,N20,VIIRS,n,2,297.54,2.92,D,0,VIIRS_NOAA20_SP
30.55735,74.0797,342.19,0.38,0.36,2023-11-24,808,N20,VIIRS,n,2,298.17,3.42,D,0,VIIRS_NOAA20_SP
30.55781,74.26383,335.5,0.38,0.36,2023-11-24,808,N20,VIIRS,n,2,299.81,3.94,D,0,VIIRS_NOAA20_SP
30.56064,74.07904,328.83,0.38,0.36,2023-11-24,808,N20,VIIRS,n,2,296.19,3.42,D,0,VIIRS_NOAA20_SP
30.56124,74.08302,342.55,0.38,0.36,2023-11-24,808,N20,VIIRS,n,2,296.51,3.38,D,0,VIIRS_NOAA20_SP
30.56183,74.08699,338.1,0.38,0.36,2023-11-24,808,N20,VIIRS,n,2,296.5,3.38,D,0,VIIRS_NOAA20_SP
30.56512,74.08633,346.69,0.38,0.36,2023-11-24,808,N20,VIIRS,n,2,299.03,5.54,D,0,VIIRS_NOAA20_SP
30.56599,74.36458,331.74,0.39,0.36,2023-11-24,808,N20,VIIRS,n,2,297.8,4.5,D,0,VIIRS_NOAA20_SP
30.56649,75.19141,332.52,0.39,0.36,2023-11-24,808,N20,VIIRS,n,2,303.31,1.45,D,0,VIIRS_NOAA20_SP
30.56917,74.40909,332.0,0.39,0.36,2023-11-24,808,N20,VIIRS,n,2,295.86,1.46,D,0,VIIRS_NOAA20_SP
30.57443,75.22346,333.6,0.39,0.37,2023-11-24,808,N20,VIIRS,n,2,302.81,5.76,D,0,VIIRS_NOAA20_SP
30.575,75.22755,333.04,0.39,0.37,2023-11-24,808,N20,VIIRS,n,2,303.13,4.12,D,0,VIIRS_NOAA20_SP
30.57883,74.17772,346.94,0.38,0.36,2023-11-24,808,N20,VIIRS,n,2,296.38,7.19,D,0,VIIRS_NOAA20_SP
30.57976,74.11613,328.36,0.38,0.36,2023-11-24,808,N20,VIIRS,n,2,295.54,2.03,D,0,VIIRS_NOAA20_SP
30.58049,76.44917,332.31,0.42,0.38,2023-11-24,808,N20,VIIRS,n,2,300.01,2.15,D,0,VIIRS_NOAA20_SP
30.58212,74.17706,334.43,0.38,0.36,2023-11-24,808,N20,VIIRS,n,2,296.82,7.19,D,0,VIIRS_NOAA20_SP
30.58564,74.40583,340.25,0.39,0.36,2023-11-24,808,N20,VIIRS,n,2,297.93,19.64,D,0,VIIRS_NOAA20_SP
30.58782,74.14726,340.58,0.38,0.36,2023-11-24,808,N20,VIIRS,n,2,296.8,9.76,D,0,VIIRS_NOAA20_SP
30.5886,74.6348,332.06,0.39,0.36,2023-11-24,808,N20,VIIRS,n,2,305.82,14.8,D,0,VIIRS_NOAA20_SP
30.58893,74.40517,334.56,0.39,0.36,2023-11-24,808,N20,VIIRS,n,2,305.11,19.64,D,0,VIIRS_NOAA20_SP
30.59223,74.2447,332.46,0.38,0.36,2023-11-24,808,N20,VIIRS,n,2,298.71,5.46,D,0,VIIRS_NOAA20_SP
30.59512,74.74911,330.67,0.39,0.36,2023-11-24,808,N20,VIIRS,n,2,302.11,2.39,D,0,VIIRS_NOAA20_SP
30.59551,74.24404,331.49,0.38,0.36,2023-11-24,808,N20,VIIRS,n,2,298.2,1.97,D,0,VIIRS_NOAA20_SP
30.59706,74.18636,334.17,0.38,0.36,2023-11-24,808,N20,VIIRS,n,2,297.32,4.28,D,0,VIIRS_NOAA20_SP
30.59766,74.19034,352.63,0.38,0.36,2023-11-24,808,N20,VIIRS,n,2,297.85,12.26,D,0,VIIRS_NOAA20_SP
30.60035,74.18571,338.83,0.38,0.36,2023-11-24,808,N20,VIIRS,n,2,302.96,22.72,D,0,VIIRS_NOAA20_SP
30.60094,74.18968,350.31,0.38,0.36,2023-11-24,808,N20,VIIRS,n,2,301.61,19.54,D,0,VIIRS_NOAA20_SP
30.60422,74.39396,332.27,0.39,0.36,2023-11-24,808,N20,VIIRS,n,2,299.09,3.3,D,0,VIIRS_NOAA20_SP
30.605,74.30775,335.51,0.39,0.36,2023-11-24,808,N20,VIIRS,n,2,299.28,3.83,D,0,VIIRS_NOAA20_SP
30.61112,74.16717,331.27,0.38,0.36,2023-11-24,808,N20,VIIRS,n,2,294.75,1.29,D,0,VIIRS_NOAA20_SP
30.61326,74.36343,336.55,0.39,0.36,2023-11-24,808,N20,VIIRS,n,2,301.54,2.38,D,0,VIIRS_NOAA20_SP
30.61466,74.23613,343.61,0.38,0.36,2023-11-24,808,N20,VIIRS,n,2,302.69,15.0,D,0,VIIRS_NOAA20_SP
30.61473,74.10093,343.37,0.38,0.36,2023-11-24,808,N20,VIIRS,n,2,298.26,5.15,D,0,VIIRS_NOAA20_SP
30.61698,74.29716,329.27,0.39,0.36,2023-11-24,808,N20,VIIRS,n,2,298.8,1.96,D,0,VIIRS_NOAA20_SP
30.6195,74.13273,329.54,0.38,0.36,2023-11-24,808,N20,VIIRS,n,2,295.66,1.92,D,0,VIIRS_NOAA20_SP
30.62,74.4319,332.46,0.39,0.36,2023-11-24,808,N20,VIIRS,n,2,300.11,2.24,D,0,VIIRS_NOAA20_SP
30.62058,74.43589,329.63,0.39,0.36,2023-11-24,808,N20,VIIRS,n,2,297.79,2.24,D,0,VIIRS_NOAA20_SP
30.62216,75.03033,337.81,0.39,0.36,2023-11-24,808,N20,VIIRS,n,2,302.61,4.08,D,0,VIIRS_NOAA20_SP
30.62239,75.1515,330.16,0.39,0.36,2023-11-24,808,N20,VIIRS,n,2,302.41,1.13,D,0,VIIRS_NOAA20_SP
30.62279,74.13206,334.13,0.38,0.36,2023-11-24,808,N20,VIIRS,n,2,296.05,1.92,D,0,VIIRS_NOAA20_SP
30.62572,75.15087,333.54,0.39,0.36,2023-11-24,808,N20,VIIRS,n,2,302.68,3.14,D,0,VIIRS_NOAA20_SP
30.62637,74.15592,333.91,0.38,0.36,2023-11-24,808,N20,VIIRS,n,2,295.93,2.08,D,0,VIIRS_NOAA20_SP
30.62709,74.9461,332.22,0.39,0.36,2023-11-24,808,N20,VIIRS,n,2,304.48,4.34,D,0,VIIRS_NOAA20_SP
30.63379,74.82935,341.68,0.39,0.36,2023-11-24,808,N20,VIIRS,n,2,304.7,6.7,D,0,VIIRS_NOAA20_SP
30.6371,74.82871,346.35,0.39,0.36,2023-11-24,808,N20,VIIRS,n,2,300.28,6.7,D,0,VIIRS_NOAA20_SP
30.63805,75.68238,336.09,0.4,0.37,2023-11-24,808,N20,VIIRS,n,2,307.36,9.28,D,0,VIIRS_NOAA20_SP
30.64153,74.27998,332.56,0.38,0.36,2023-11-24,808,N20,VIIRS,n,2,297.87,2.38,D,0,VIIRS_NOAA20_SP
30.64309,74.19797,305.79,0.38,0.36,2023-11-24,808,N20,VIIRS,l,2,308.34,21.82,D,0,VIIRS_NOAA20_SP
30.64368,74.20195,333.42,0.38,0.36,2023-11-24,808,N20,VIIRS,n,2,296.86,21.82,D,0,VIIRS_NOAA20_SP
30.64551,74.1688,331.41,0.38,0.36,2023-11-24,808,N20,VIIRS,n,2,296.29,6.0,D,0,VIIRS_NOAA20_SP
30.64811,75.09222,331.78,0.39,0.36,2023-11-24,808,N20,VIIRS,n,2,300.65,1.96,D,0,VIIRS_NOAA20_SP
30.64939,74.17213,333.61,0.38,0.36,2023-11-24,808,N20,VIIRS,n,2,297.45,4.11,D,0,VIIRS_NOAA20_SP
30.65244,74.37621,338.79,0.39,0.36,2023-11-24,808,N20,VIIRS,n,2,297.73,1.74,D,0,VIIRS_NOAA20_SP
30.65288,74.65604,334.27,0.39,0.36,2023-11-24,808,N20,VIIRS,n,2,301.6,3.3,D,0,VIIRS_NOAA20_SP
30.65619,74.6554,334.84,0.39,0.36,2023-11-24,808,N20,VIIRS,n,2,301.97,6.73,D,0,VIIRS_NOAA20_SP
30.66139,74.39088,343.12,0.39,0.36,2023-11-24,808,N20,VIIRS,n,2,297.33,3.27,D,0,VIIRS_NOAA20_SP
30.66486,74.39052,337.56,0.39,0.36,2023-11-24,808,N20,VIIRS,n,2,299.97,8.58,D,0,VIIRS_NOAA20_SP
30.66494,74.41483,336.64,0.39,0.36,2023-11-24,808,N20,VIIRS,n,2,300.57,5.72,D,0,VIIRS_NOAA20_SP
30.6678,75.30263,335.34,0.4,0.37,2023-11-24,808,N20,VIIRS,n,2,305.38,3.89,D,0,VIIRS_NOAA20_SP
30.66839,74.41447,340.52,0.39,0.36,2023-11-24,808,N20,VIIRS,n,2,298.62,3.4,D,0,VIIRS_NOAA20_SP
30.67054,75.03865,336.48,0.39,0.36,2023-11-24,808,N20,VIIRS,n,2,299.34,3.4,D,0,VIIRS_NOAA20_SP
30.67097,75.01769,337.9,0.39,0.36,2023-11-24,808,N20,VIIRS,n,2,300.32,2.59,D,0,VIIRS_NOAA20_SP
30.67149,75.77525,345.19,0.41,0.37,2023-11-24,808,N20,VIIRS,n,2,306.18,6.92,D,0,VIIRS_NOAA20_SP
30.6743,75.01706,340.26,0.39,0.36,2023-11-24,808,N20,VIIRS,n,2,303.26,25.77,D,0,VIIRS_NOAA20_SP
30.67608,75.38557,330.52,0.4,0.37,2023-11-24,808,N20,VIIRS,l,2,302.81,5.38,D,0,VIIRS_NOAA20_SP
30.67627,75.17573,331.3,0.39,0.36,2023-11-24,808,N20,VIIRS,l,2,304.61,15.8,D,0,VIIRS_NOAA20_SP
30.67684,75.53835,333.41,0.4,0.37,2023-11-24,808,N20,VIIRS,n,2,304.12,1.76,D,0,VIIRS_NOAA20_SP
30.68021,74.98672,340.92,0.39,0.36,2023-11-24,808,N20,VIIRS,n,2,298.11,5.09,D,0,VIIRS_NOAA20_SP
30.69216,74.9511,334.09,0.39,0.36,2023-11-24,808,N20,VIIRS,n,2,301.22,2.37,D,0,VIIRS_NOAA20_SP
30.6945,78.37381,338.2,0.51,0.41,2023-11-24,808,N20,VIIRS,n,2,296.53,11.26,D,0,VIIRS_NOAA20_SP
30.70292,75.60187,336.35,0.4,0.37,2023-11-24,808,N20,VIIRS,n,2,303.69,2.49,D,0,VIIRS_NOAA20_SP
30.70629,75.60125,331.27,0.4,0.37,2023-11-24,808,N20,VIIRS,n,2,303.68,2.49,D,0,VIIRS_NOAA20_SP
30.70851,74.99383,332.32,0.39,0.36,2023-11-24,808,N20,VIIRS,n,2,300.49,3.86,D,0,VIIRS_NOAA20_SP
30.71015,75.88077,335.34,0.41,0.37,2023-11-24,808,N20,VIIRS,n,2,300.66,2.36,D,0,VIIRS_NOAA20_SP
30.71172,75.25735,333.93,0.4,0.37,2023-11-24,808,N20,VIIRS,n,2,306.76,14.95,D,0,VIIRS_NOAA20_SP
30.71253,75.92384,335.14,0.41,0.37,2023-11-24,808,N20,VIIRS,n,2,304.57,4.56,D,0,VIIRS_NOAA20_SP
30.71506,75.25672,333.85,0.4,0.37,2023-11-24,808,N20,VIIRS,n,2,303.93,5.07,D,0,VIIRS_NOAA20_SP
30.71647,74.32697,344.2,0.39,0.36,2023-11-24,808,N20,VIIRS,n,2,295.88,7.44,D,0,VIIRS_NOAA20_SP
30.71697,75.19743,331.85,0.39,0.37,2023-11-24,808,N20,VIIRS,l,2,302.09,2.24,D,0,VIIRS_NOAA20_SP
30.71731,74.9838,333.48,0.39,0.36,2023-11-24,808,N20,VIIRS,n,2,300.7,2.13,D,0,VIIRS_NOAA20_SP
30.72435,74.96159,333.38,0.39,0.36,2023-11-24,808,N20,VIIRS,l,2,305.07,21.27,D,0,VIIRS_NOAA20_SP
30.72586,75.84319,343.2,0.41,0.37,2023-11-24,808,N20,VIIRS,n,2,304.87,8.11,D,0,VIIRS_NOAA20_SP
30.72799,75.80813,335.03,0.41,0.37,2023-11-24,808,N20,VIIRS,n,2,302.76,4.41,D,0,VIIRS_NOAA20_SP
30.738,75.00906,332.46,0.39,0.36,2023-11-24,808,N20,VIIRS,n,2,299.92,2.24,D,0,VIIRS_NOAA20_SP
30.74172,74.98747,346.86,0.39,0.36,2023-11-24,808,N20,VIIRS,n,2,301.63,6.99,D,0,VIIRS_NOAA20_SP
30.75556,75.06007,342.53,0.39,0.36,2023-11-24,808,N20,VIIRS,n,2,303.7,6.46,D,0,VIIRS_NOAA20_SP
30.75614,75.06415,335.59,0.39,0.36,2023-11-24,808,N20,VIIRS,n,2,302.62,6.46,D,0,VIIRS_NOAA20_SP
30.7651,75.59145,334.93,0.4,0.37,2023-11-24,808,N20,VIIRS,n,2,301.94,3.17,D,0,VIIRS_NOAA20_SP
30.76822,74.82041,335.82,0.39,0.36,2023-11-24,808,N20,VIIRS,n,2,303.22,3.42,D,0,VIIRS_NOAA20_SP
30.77634,75.77451,331.86,0.41,0.37,2023-11-24,808,N20,VIIRS,n,2,299.38,1.71,D,0,VIIRS_NOAA20_SP
30.79208,76.30674,331.99,0.42,0.38,2023-11-24,808,N20,VIIRS,n,2,301.33,2.08,D,0,VIIRS_NOAA20_SP
30.80551,75.00918,335.12,0.39,0.36,2023-11-24,808,N20,VIIRS,n,2,301.05,2.49,D,0,VIIRS_NOAA20_SP
30.81292,75.13353,333.05,0.39,0.36,2023-11-24,808,N20,VIIRS,n,2,302.55,7.74,D,0,VIIRS_NOAA20_SP
30.81837,75.57732,338.27,0.4,0.37,2023-11-24,808,N20,VIIRS,n,2,301.04,3.37,D,0,VIIRS_NOAA20_SP
30.82571,75.85661,332.05,0.41,0.37,2023-11-24,808,N20,VIIRS,n,2,303.97,2.52,D,0,VIIRS_NOAA20_SP
30.83246,74.39859,331.58,0.39,0.36,2023-11-24,808,N20,VIIRS,n,2,297.38,1.63,D,0,VIIRS_NOAA20_SP
30.8344,74.31998,330.83,0.39,0.36,2023-11-24,808,N20,VIIRS,n,2,298.83,2.63,D,0,VIIRS_NOAA20_SP
30.84695,74.47406,332.71,0.39,0.36,2023-11-24,808,N20,VIIRS,n,2,296.26,2.02,D,0,VIIRS_NOAA20_SP
30.85168,75.71748,344.49,0.41,0.37,2023-11-24,808,N20,VIIRS,n,2,304.31,6.12,D,0,VIIRS_NOAA20_SP
30.85264,75.26935,331.74,0.4,0.37,2023-11-24,808,N20,VIIRS,n,2,301.46,5.8,D,0,VIIRS_NOAA20_SP
30.8527,74.84171,333.51,0.39,0.36,2023-11-24,808,N20,VIIRS,l,2,303.62,8.37,D,0,VIIRS_NOAA20_SP
30.8645,78.05293,343.56,0.49,0.4,2023-11-24,808,N20,VIIRS,n,2,299.82,8.37,D,0,VIIRS_NOAA20_SP
30.86513,78.05826,326.24,0.49,0.4,2023-11-24,808,N20,VIIRS,n,2,292.89,2.3,D,0,VIIRS_NOAA20_SP
30.87327,75.26969,339.51,0.4,0.37,2023-11-24,808,N20,VIIRS,n,2,303.58,8.16,D,0,VIIRS_NOAA20_SP
30.88255,74.69462,334.28,0.39,0.36,2023-11-24,808,N20,VIIRS,n,2,297.86,3.96,D,0,VIIRS_NOAA20_SP
30.89698,75.31606,333.03,0.4,0.37,2023-11-24,808,N20,VIIRS,n,2,300.33,2.21,D,0,VIIRS_NOAA20_SP
30.90555,75.26389,332.19,0.4,0.37,2023-11-24,808,N20,VIIRS,n,2,302.04,1.36,D,0,VIIRS_NOAA20_SP
30.9067,75.27216,331.57,0.4,0.37,2023-11-24,808,N20,VIIRS,n,2,300.47,2.01,D,0,VIIRS_NOAA20_SP
30.91293,74.90518,335.39,0.39,0.36,2023-11-24,808,N20,VIIRS,n,2,301.88,3.04,D,0,VIIRS_NOAA20_SP
30.91558,75.262,334.2,0.4,0.37,2023-11-24,808,N20,VIIRS,n,2,302.55,1.98,D,0,VIIRS_NOAA20_SP
30.9198,77.96011,327.52,0.49,0.4,2023-11-24,808,N20,VIIRS,n,2,292.05,4.0,D,0,VIIRS_NOAA20_SP
30.94026,75.29127,342.77,0.4,0.37,2023-11-24,808,N20,VIIRS,n,2,301.13,3.76,D,0,VIIRS_NOAA20_SP
30.95387,78.05825,326.75,0.49,0.41,2023-11-24,808,N20,VIIRS,n,2,292.76,2.26,D,0,VIIRS_NOAA20_SP
30.96934,75.20532,336.43,0.4,0.37,2023-11-24,808,N20,VIIRS,n,2,298.41,1.73,D,0,VIIRS_NOAA20_SP
30.97978,75.18221,340.78,0.4,0.37,2023-11-24,808,N20,VIIRS,n,2,300.89,6.66,D,0,VIIRS_NOAA20_SP
30.98553,75.12626,332.09,0.39,0.37,2023-11-24,808,N20,VIIRS,n,2,299.65,2.6,D,0,VIIRS_NOAA20_SP
31.00332,75.79945,333.36,0.41,0.37,2023-11-24,808,N20,VIIRS,n,2,300.69,2.34,D,0,VIIRS_NOAA20_SP
31.0578,75.7155,336.04,0.41,0.37,2023-11-24,808,N20,VIIRS,n,2,303.07,17.71,D,0,VIIRS_NOAA20_SP
31.07522,75.81683,331.84,0.41,0.37,2023-11-24,808,N20,VIIRS,n,2,301.2,1.99,D,0,VIIRS_NOAA20_SP
31.19119,77.4908,352.02,0.47,0.4,2023-11-24,808,N20,VIIRS,n,2,301.33,23.3,D,0,VIIRS_NOAA20_SP
31.19353,77.48847,342.92,0.47,0.4,2023-11-24,808,N20,VIIRS,n,2,301.6,21.59,D,0,VIIRS_NOAA20_SP
31.19411,77.49318,335.2,0.47,0.4,2023-11-24,808,N20,VIIRS,n,2,295.2,21.59,D,0,VIIRS_NOAA20_SP
31.19476,77.4898,354.96,0.47,0.4,2023-11-24,808,N20,VIIRS,n,2,296.03,13.55,D,0,VIIRS_NOAA20_SP
31.23051,77.85378,330.85,0.49,0.4,2023-11-24,808,N20,VIIRS,n,2,302.69,5.28,D,0,VIIRS_NOAA20_SP
31.23113,77.85123,330.67,0.49,0.4,2023-11-24,808,N20,VIIRS,l,2,301.84,5.21,D,0,VIIRS_NOAA20_SP
31.23405,77.85194,336.51,0.49,0.4,2023-11-24,808,N20,VIIRS,n,2,307.3,5.28,D,0,VIIRS_NOAA20_SP
31.23464,77.84941,337.79,0.49,0.4,2023-11-24,808,N20,VIIRS,n,2,306.14,6.45,D,0,VIIRS_NOAA20_SP
31.35491,78.07645,334.05,0.5,0.41,2023-11-24,808,N20,VIIRS,n,2,295.17,11.42,D,0,VIIRS_NOAA20_SP
30.33628,69.37093,341.41,0.51,0.41,2023-11-24,809,N20,VIIRS,n,2,301.98,6.17,D,0,VIIRS_NOAA20_SP
30.48338,71.00956,341.0,0.43,0.38,2023-11-24,809,N20,VIIRS,n,2,294.95,3.71,D,0,VIIRS_NOAA20_SP
30.52745,69.91299,337.52,0.48,0.4,2023-11-24,809,N20,VIIRS,n,2,310.03,50.38,D,0,VIIRS_NOAA20_SP
30.52833,69.91775,329.43,0.48,0.4,2023-11-24,809,N20,VIIRS,n,2,293.64,4.42,D,0,VIIRS_NOAA20_SP
30.53748,71.56657,338.5,0.42,0.37,2023-11-24,809,N20,VIIRS,n,2,298.39,4.29,D,0,VIIRS_NOAA20_SP
30.5416,71.57008,327.16,0.42,0.37,2023-11-24,809,N20,VIIRS,l,2,299.15,4.07,D,0,VIIRS_NOAA20_SP
30.54193,71.57141,330.87,0.42,0.37,2023-11-24,809,N20,VIIRS,n,2,298.52,2.76,D,0,VIIRS_NOAA20_SP
30.66914,71.74116,340.03,0.41,0.37,2023-11-24,809,N20,VIIRS,n,2,298.69,8.61,D,0,VIIRS_NOAA20_SP
30.7697,72.02389,334.66,0.4,0.37,2023-11-24,809,N20,VIIRS,n,2,284.52,4.76,D,0,VIIRS_NOAA20_SP
30.8127,73.70084,328.39,0.38,0.36,2023-11-24,809,N20,VIIRS,n,2,298.13,1.35,D,0,VIIRS_NOAA20_SP
30.90595,72.12363,330.06,0.4,0.37,2023-11-24,809,N20,VIIRS,n,2,294.72,2.51,D,0,VIIRS_NOAA20_SP
30.912,70.62846,331.74,0.44,0.39,2023-11-24,809,N20,VIIRS,n,2,297.82,2.25,D,0,VIIRS_NOAA20_SP
30.91435,74.49417,340.95,0.39,0.36,2023-11-24,809,N20,VIIRS,n,2,297.49,3.43,D,0,VIIRS_NOAA20_SP
30.91721,71.94015,342.72,0.4,0.37,2023-11-24,809,N20,VIIRS,n,2,293.03,5.49,D,0,VIIRS_NOAA20_SP
30.91765,74.49352,343.03,0.39,0.36,2023-11-24,809,N20,VIIRS,n,2,298.23,7.89,D,0,VIIRS_NOAA20_SP
30.92951,72.18262,347.15,0.4,0.37,2023-11-24,809,N20,VIIRS,n,2,294.23,9.31,D,0,VIIRS_NOAA20_SP
30.944,71.84304,333.86,0.41,0.37,2023-11-24,809,N20,VIIRS,n,2,295.32,3.1,D,0,VIIRS_NOAA20_SP
30.95468,74.70171,332.85,0.39,0.36,2023-11-24,809,N20,VIIRS,n,2,299.24,68.72,D,0,VIIRS_NOAA20_SP
30.97802,74.65147,329.1,0.39,0.36,2023-11-24,809,N20,VIIRS,n,2,297.49,1.13,D,0,VIIRS_NOAA20_SP
30.98152,72.04665,335.62,0.4,0.37,2023-11-24,809,N20,VIIRS,n,2,290.03,2.45,D,0,VIIRS_NOAA20_SP
31.00197,74.67587,341.66,0.39,0.36,2023-11-24,809,N20,VIIRS,n,2,299.53,6.87,D,0,VIIRS_NOAA20_SP
31.00368,74.5014,333.16,0.39,0.36,2023-11-24,809,N20,VIIRS,n,2,297.33,5.6,D,0,VIIRS_NOAA20_SP
31.00426,72.22582,331.09,0.4,0.37,2023-11-24,809,N20,VIIRS,n,2,296.14,1.53,D,0,VIIRS_NOAA20_SP
31.00541,74.48941,330.24,0.39,0.36,2023-11-24,809,N20,VIIRS,n,2,295.82,2.63,D,0,VIIRS_NOAA20_SP
31.01968,74.68073,331.88,0.39,0.36,2023-11-24,809,N20,VIIRS,n,2,298.06,3.49,D,0,VIIRS_NOAA20_SP
31.02639,75.15701,345.73,0.4,0.37,2023-11-24,809,N20,VIIRS,n,2,300.58,7.43,D,0,VIIRS_NOAA20_SP
31.04378,75.08617,338.2,0.39,0.37,2023-11-24,809,N20,VIIRS,n,2,300.32,3.77,D,0,VIIRS_NOAA20_SP
31.04699,75.15732,334.44,0.4,0.37,2023-11-24,809,N20,VIIRS,n,2,302.45,10.67,D,0,VIIRS_NOAA20_SP
31.05527,74.90332,332.76,0.39,0.36,2023-11-24,809,N20,VIIRS,n,2,298.6,2.58,D,0,VIIRS_NOAA20_SP
31.05642,75.1513,336.84,0.4,0.37,2023-11-24,809,N20,VIIRS,n,2,300.54,9.96,D,0,VIIRS_NOAA20_SP
31.0847,75.13326,334.5,0.4,0.37,2023-11-24,809,N20,VIIRS,n,2,300.58,7.64,D,0,VIIRS_NOAA20_SP
31.09045,74.843,343.89,0.39,0.36,2023-11-24,809,N20,VIIRS,n,2,301.88,9.02,D,0,VIIRS_NOAA20_SP
31.11613,75.55403,332.5,0.4,0.37,2023-11-24,809,N20,VIIRS,n,2,302.26,2.31,D,0,VIIRS_NOAA20_SP
31.11701,74.34776,329.77,0.39,0.36,2023-11-24,809,N20,VIIRS,n,2,295.94,1.38,D,0,VIIRS_NOAA20_SP
31.1176,74.35178,332.18,0.39,0.36,2023-11-24,809,N20,VIIRS,n,2,297.3,2.78,D,0,VIIRS_NOAA20_SP
31.13038,75.10017,330.72,0.39,0.37,2023-11-24,809,N20,VIIRS,n,2,299.07,1.96,D,0,VIIRS_NOAA20_SP
31.13415,74.53492,332.12,0.39,0.36,2023-11-24,809,N20,VIIRS,n,2,297.66,4.13,D,0,VIIRS_NOAA20_SP
31.13945,72.38396,332.26,0.39,0.37,2023-11-24,809,N20,VIIRS,n,2,297.21,4.07,D,0,VIIRS_NOAA20_SP
31.14271,75.11472,332.17,0.4,0.37,2023-11-24,809,N20,VIIRS,n,2,299.36,1.63,D,0,VIIRS_NOAA20_SP
31.16511,74.21423,330.28,0.39,0.36,2023-11-24,809,N20,VIIRS,n,2,294.93,2.02,D,0,VIIRS_NOAA20_SP
31.20977,74.96741,330.65,0.39,0.36,2023-11-24,809,N20,VIIRS,n,2,296.47,1.65,D,0,VIIRS_NOAA20_SP
31.21431,73.08681,328.35,0.39,0.36,2023-11-24,809,N20,VIIRS,n,2,290.07,2.23,D,0,VIIRS_NOAA20_SP
31.22454,74.71293,331.64,0.39,0.36,2023-11-24,809,N20,VIIRS,n,2,297.94,3.82,D,0,VIIRS_NOAA20_SP
31.22927,70.8952,329.07,0.43,0.38,2023-11-24,809,N20,VIIRS,n,2,293.04,2.31,D,0,VIIRS_NOAA20_SP
31.23649,70.87497,328.9,0.43,0.38,2023-11-24,809,N20,VIIRS,n,2,294.32,3.2,D,0,VIIRS_NOAA20_SP
31.24389,73.69591,331.48,0.38,0.36,2023-11-24,809,N20,VIIRS,n,2,296.23,2.59,D,0,VIIRS_NOAA20_SP
31.24682,70.87251,332.07,0.43,0.38,2023-11-24,809,N20,VIIRS,n,2,294.39,2.38,D,0,VIIRS_NOAA20_SP
31.27181,70.95435,330.64,0.43,0.38,2023-11-24,809,N20,VIIRS,n,2,296.55,2.6,D,0,VIIRS_NOAA20_SP
31.28187,73.90245,329.05,0.38,0.36,2023-11-24,809,N20,VIIRS,n,2,294.98,2.23,D,0,VIIRS_NOAA20_SP
31.28243,74.45668,331.67,0.39,0.36,2023-11-24,809,N20,VIIRS,n,2,295.42,2.37,D,0,VIIRS_NOAA20_SP
31.29163,74.49642,336.49,0.39,0.36,2023-11-24,809,N20,VIIRS,n,2,296.82,4.22,D,0,VIIRS_NOAA20_SP
31.31032,75.29197,336.56,0.4,0.37,2023-11-24,809,N20,VIIRS,n,2,299.0,3.23,D,0,VIIRS_NOAA20_SP
31.32607,75.30611,332.95,0.4,0.37,2023-11-24,809,N20,VIIRS,n,2,297.79,3.33,D,0,VIIRS_NOAA20_SP
31.33153,75.77293,335.42,0.41,0.37,2023-11-24,809,N20,VIIRS,n,2,302.0,4.66,D,0,VIIRS_NOAA20_SP
31.34728,73.70418,331.52,0.38,0.36,2023-11-24,809,N20,VIIRS,n,2,297.09,2.45,D,0,VIIRS_NOAA20_SP
31.35257,75.7998,332.16,0.41,0.37,2023-11-24,809,N20,VIIRS,n,2,298.66,2.71,D,0,VIIRS_NOAA20_SP
31.35989,74.6412,333.44,0.39,0.36,2023-11-24,809,N20,VIIRS,n,2,299.65,2.19,D,0,VIIRS_NOAA20_SP
31.36944,72.20289,332.82,0.4,0.37,2023-11-24,809,N20,VIIRS,n,2,288.81,2.6,D,0,VIIRS_NOAA20_SP
31.3839,73.47784,327.48,0.38,0.36,2023-11-24,809,N20,VIIRS,n,2,295.92,1.72,D,0,VIIRS_NOAA20_SP
31.39492,73.77278,345.54,0.38,0.36,2023-11-24,809,N20,VIIRS,n,2,299.12,6.63,D,0,VIIRS_NOAA20_SP
31.44119,75.02103,339.2,0.39,0.37,2023-11-24,809,N20,VIIRS,n,2,299.83,3.42,D,0,VIIRS_NOAA20_SP
31.44194,76.92095,334.04,0.45,0.39,2023-11-24,809,N20,VIIRS,n,2,300.55,3.53,D,0,VIIRS_NOAA20_SP
31.44533,75.73576,328.74,0.41,0.37,2023-11-24,809,N20,VIIRS,n,2,299.13,2.11,D,0,VIIRS_NOAA20_SP
31.4528,72.56992,329.33,0.39,0.36,2023-11-24,809,N20,VIIRS,n,2,296.13,1.54,D,0,VIIRS_NOAA20_SP
31.4638,73.84576,341.93,0.38,0.36,2023-11-24,809,N20,VIIRS,n,2,298.06,4.24,D,0,VIIRS_NOAA20_SP
31.48339,72.63524,334.19,0.39,0.36,2023-11-24,809,N20,VIIRS,n,2,298.08,2.8,D,0,VIIRS_NOAA20_SP
31.50628,73.70068,337.76,0.38,0.36,2023-11-24,809,N20,VIIRS,n,2,297.87,2.62,D,0,VIIRS_NOAA20_SP
31.50676,70.92401,329.94,0.43,0.38,2023-11-24,809,N20,VIIRS,n,2,295.38,3.72,D,0,VIIRS_NOAA20_SP
31.50828,76.79337,326.53,0.44,0.39,2023-11-24,809,N20,VIIRS,n,2,299.14,1.08,D,0,VIIRS_NOAA20_SP
31.52995,73.5188,328.42,0.38,0.36,2023-11-24,809,N20,VIIRS,n,2,297.74,3.03,D,0,VIIRS_NOAA20_SP
31.53471,73.93466,338.31,0.38,0.36,2023-11-24,809,N20,VIIRS,n,2,300.08,3.8,D,0,VIIRS_NOAA20_SP
31.53531,73.93867,331.15,0.38,0.36,2023-11-24,809,N20,VIIRS,n,2,297.97,1.74,D,0,VIIRS_NOAA20_SP
31.55571,72.44673,330.39,0.39,0.36,2023-11-24,809,N20,VIIRS,n,2,295.98,2.24,D,0,VIIRS_NOAA20_SP
31.56392,72.35203,343.91,0.39,0.36,2023-11-24,809,N20,VIIRS,n,2,300.87,12.74,D,0,VIIRS_NOAA20_SP
31.56393,72.37321,333.16,0.39,0.36,2023-11-24,809,N20,VIIRS,n,2,296.64,4.65,D,0,VIIRS_NOAA20_SP
31.56524,74.60645,339.91,0.39,0.36,2023-11-24,809,N20,VIIRS,n,2,300.1,5.88,D,0,VIIRS_NOAA20_SP
31.56658,72.36839,330.2,0.39,0.36,2023-11-24,809,N20,VIIRS,n,2,297.9,4.65,D,0,VIIRS_NOAA20_SP
31.56724,72.37249,328.66,0.39,0.36,2023-11-24,809,N20,VIIRS,n,2,296.01,4.65,D,0,VIIRS_NOAA20_SP
31.62763,73.49058,332.58,0.38,0.36,2023-11-24,809,N20,VIIRS,n,2,298.58,2.98,D,0,VIIRS_NOAA20_SP
31.65704,72.52594,334.61,0.39,0.36,2023-11-24,809,N20,VIIRS,n,2,297.72,3.49,D,0,VIIRS_NOAA20_SP
31.65849,72.22113,343.74,0.39,0.37,2023-11-24,809,N20,VIIRS,n,2,301.45,7.69,D,0,VIIRS_NOAA20_SP
31.66991,73.4569,327.4,0.38,0.36,2023-11-24,809,N20,VIIRS,n,2,297.04,1.68,D,0,VIIRS_NOAA20_SP
31.6733,74.69452,335.14,0.39,0.36,2023-11-24,809,N20,VIIRS,n,2,299.03,2.74,D,0,VIIRS_NOAA20_SP
31.68632,71.02644,330.84,0.42,0.38,2023-11-24,809,N20,VIIRS,n,2,296.69,2.53,D,0,VIIRS_NOAA20_SP
31.69048,71.07096,344.63,0.42,0.38,2023-11-24,809,N20,VIIRS,n,2,296.67,5.12,D,0,VIIRS_NOAA20_SP
31.72195,73.41707,331.22,0.38,0.36,2023-11-24,809,N20,VIIRS,n,2,300.64,13.36,D,0,VIIRS_NOAA20_SP
31.72908,74.19107,331.09,0.39,0.36,2023-11-24,809,N20,VIIRS,n,2,297.25,2.13,D,0,VIIRS_NOAA20_SP
31.73738,72.73161,329.46,0.39,0.36,2023-11-24,809,N20,VIIRS,n,2,296.66,6.88,D,0,VIIRS_NOAA20_SP
31.7408,74.36342,332.76,0.39,0.36,2023-11-24,809,N20,VIIRS,n,2,297.4,2.36,D,0,VIIRS_NOAA20_SP
31.75416,72.22212,341.06,0.39,0.36,2023-11-24,809,N20,VIIRS,n,2,300.58,4.19,D,0,VIIRS_NOAA20_SP
31.76666,72.63712,339.18,0.39,0.36,2023-11-24,809,N20,VIIRS,n,2,298.28,2.42,D,0,VIIRS_NOAA20_SP
31.77099,73.42752,335.08,0.38,0.36,2023-11-24,809,N20,VIIRS,n,2,298.66,2.79,D,0,VIIRS_NOAA20_SP
31.77709,73.26857,336.54,0.38,0.36,2023-11-24,809,N20,VIIRS,n,2,298.76,2.83,D,0,VIIRS_NOAA20_SP
31.80597,72.39323,333.21,0.39,0.36,2023-11-24,809,N20,VIIRS,n,2,297.81,1.97,D,0,VIIRS_NOAA20_SP
31.80997,74.65664,334.58,0.39,0.36,2023-11-24,809,N20,VIIRS,n,2,297.74,3.7,D,0,VIIRS_NOAA20_SP
31.81387,74.6601,330.69,0.39,0.36,2023-11-24,809,N20,VIIRS,n,2,296.58,2.68,D,0,VIIRS_NOAA20_SP
31.82673,72.99646,335.05,0.39,0.36,2023-11-24,809,N20,VIIRS,n,2,297.95,3.37,D,0,VIIRS_NOAA20_SP
31.83289,73.2987,330.12,0.38,0.36,2023-11-24,809,N20,VIIRS,n,2,298.34,2.31,D,0,VIIRS_NOAA20_SP
31.83527,74.33669,333.26,0.39,0.36,2023-11-24,809,N20,VIIRS,n,2,299.73,3.39,D,0,VIIRS_NOAA20_SP
31.84874,74.35911,330.2,0.39,0.36,2023-11-24,809,N20,VIIRS,n,2,298.49,2.19,D,0,VIIRS_NOAA20_SP
31.85239,74.93245,335.42,0.4,0.37,2023-11-24,809,N20,VIIRS,n,2,297.46,4.16,D,0,VIIRS_NOAA20_SP
31.85491,73.00292,330.99,0.39,0.36,2023-11-24,809,N20,VIIRS,n,2,297.18,2.07,D,0,VIIRS_NOAA20_SP
31.86215,74.2646,331.63,0.39,0.36,2023-11-24,809,N20,VIIRS,n,2,299.42,1.92,D,0,VIIRS_NOAA20_SP
31.86288,72.9887,332.19,0.39,0.36,2023-11-24,809,N20,VIIRS,n,2,298.54,2.43,D,0,VIIRS_NOAA20_SP
31.86559,74.49835,335.64,0.39,0.36,2023-11-24,809,N20,VIIRS,n,2,297.72,2.89,D,0,VIIRS_NOAA20_SP
31.8689,74.33432,330.89,0.39,0.36,2023-11-24,809,N20,VIIRS,n,2,297.49,2.47,D,0,VIIRS_NOAA20_SP
31.87255,74.31268,337.48,0.39,0.36,2023-11-24,809,N20,VIIRS,n,2,298.87,2.9,D,0,VIIRS_NOAA20_SP
31.87397,74.34587,328.24,0.39,0.36,2023-11-24,809,N20,VIIRS,n,2,297.54,2.69,D,0,VIIRS_NOAA20_SP
31.88304,74.43209,334.37,0.39,0.36,2023-11-24,809,N20,VIIRS,n,2,297.18,4.46,D,0,VIIRS_NOAA20_SP
31.89541,74.283,331.58,0.39,0.36,2023-11-24,809,N20,VIIRS,n,2,299.02,1.8,D,0,VIIRS_NOAA20_SP
31.89634,74.50087,330.78,0.39,0.36,2023-11-24,809,N20,VIIRS,n,2,296.47,1.29,D,0,VIIRS_NOAA20_SP
31.90183,74.56293,335.06,0.39,0.36,2023-11-24,809,N20,VIIRS,n,2,296.92,3.17,D,0,VIIRS_NOAA20_SP
31.90298,73.22234,327.48,0.38,0.36,2023-11-24,809,N20,VIIRS,n,2,298.69,1.51,D,0,VIIRS_NOAA20_SP
31.91833,72.90662,367.0,0.39,0.36,2023-11-24,809,N20,VIIRS,h,2,302.2,17.58,D,0,VIIRS_NOAA20_SP
31.92385,74.55016,330.54,0.39,0.36,2023-11-24,809,N20,VIIRS,n,2,297.34,2.98,D,0,VIIRS_NOAA20_SP
31.92717,74.54951,337.81,0.39,0.36,2023-11-24,809,N20,VIIRS,n,2,297.5,2.98,D,0,VIIRS_NOAA20_SP
31.92894,74.32652,328.01,0.39,0.36,2023-11-24,809,N20,VIIRS,n,2,299.11,1.28,D,0,VIIRS_NOAA20_SP
31.93365,74.66643,334.92,0.39,0.36,2023-11-24,809,N20,VIIRS,n,2,297.06,2.25,D,0,VIIRS_NOAA20_SP
31.94005,74.56804,328.75,0.39,0.36,2023-11-24,809,N20,VIIRS,n,2,296.32,1.96,D,0,VIIRS_NOAA20_SP
31.94257,74.42027,332.39,0.39,0.36,2023-11-24,809,N20,VIIRS,n,2,297.45,1.79,D,0,VIIRS_NOAA20_SP
31.94534,74.60497,332.32,0.39,0.36,2023-11-24,809,N20,VIIRS,n,2,296.64,3.08,D,0,VIIRS_NOAA20_SP
31.94732,74.64261,334.8,0.39,0.36,2023-11-24,809,N20,VIIRS,n,2,297.19,2.34,D,0,VIIRS_NOAA20_SP
31.94777,74.50332,340.65,0.39,0.36,2023-11-24,809,N20,VIIRS,n,2,297.82,3.46,D,0,VIIRS_NOAA20_SP
31.94962,73.04169,329.3,0.39,0.36,2023-11-24,809,N20,VIIRS,n,2,296.89,1.14,D,0,VIIRS_NOAA20_SP
31.95017,75.77606,331.05,0.41,0.37,2023-11-24,809,N20,VIIRS,n,2,298.57,2.46,D,0,VIIRS_NOAA20_SP
31.95198,74.60366,351.2,0.39,0.36,2023-11-24,809,N20,VIIRS,n,2,297.06,4.97,D,0,VIIRS_NOAA20_SP
31.95299,74.65841,331.54,0.39,0.36,2023-11-24,809,N20,VIIRS,n,2,296.24,2.08,D,0,VIIRS_NOAA20_SP
31.95723,74.45096,331.59,0.39,0.36,2023-11-24,809,N20,VIIRS,n,2,298.79,1.49,D,0,VIIRS_NOAA20_SP
31.96022,72.84793,332.15,0.39,0.36,2023-11-24,809,N20,VIIRS,n,2,298.06,2.15,D,0,VIIRS_NOAA20_SP
31.96526,73.29647,345.5,0.38,0.36,2023-11-24,809,N20,VIIRS,n,2,300.65,5.44,D,0,VIIRS_NOAA20_SP
31.96905,77.22588,337.85,0.46,0.39,2023-11-24,809,N20,VIIRS,n,2,304.08,9.77,D,0,VIIRS_NOAA20_SP
31.96921,70.86696,326.49,0.42,0.38,2023-11-24,809,N20,VIIRS,n,2,296.08,2.07,D,0,VIIRS_NOAA20_SP
31.97645,74.35102,334.16,0.39,0.36,2023-11-24,809,N20,VIIRS,n,2,298.31,2.59,D,0,VIIRS_NOAA20_SP
31.98787,74.59238,333.08,0.39,0.36,2023-11-24,809,N20,VIIRS,n,2,297.09,2.65,D,0,VIIRS_NOAA20_SP
31.99392,74.58697,345.24,0.39,0.36,2023-11-24,809,N20,VIIRS,n,2,297.96,8.78,D,0,VIIRS_NOAA20_SP
31.9951,74.59518,337.1,0.39,0.36,2023-11-24,809,N20,VIIRS,n,2,296.88,4.06,D,0,VIIRS_NOAA20_SP
31.99806,74.61573,344.98,0.39,0.36,2023-11-24,809,N20,VIIRS,n,2,296.18,4.11,D,0,VIIRS_NOAA20_SP
32.00813,73.2666,332.84,0.38,0.36,2023-11-24,809,N20,VIIRS,n,2,298.27,1.93,D,0,VIIRS_NOAA20_SP
32.00961,72.40895,340.2,0.39,0.36,2023-11-24,809,N20,VIIRS,n,2,297.36,3.92,D,0,VIIRS_NOAA20_SP
32.0106,73.28271,327.62,0.38,0.36,2023-11-24,809,N20,VIIRS,n,2,297.94,1.35,D,0,VIIRS_NOAA20_SP
32.01097,73.24103,336.36,0.38,0.36,2023-11-24,809,N20,VIIRS,n,2,300.73,5.79,D,0,VIIRS_NOAA20_SP
32.01141,73.2659,344.53,0.38,0.36,2023-11-24,809,N20,VIIRS,n,2,299.58,4.24,D,0,VIIRS_NOAA20_SP
32.01366,74.63435,329.7,0.39,0.36,2023-11-24,809,N20,VIIRS,n,2,295.53,3.81,D,0,VIIRS_NOAA20_SP
32.01427,74.82471,330.11,0.39,0.36,2023-11-24,809,N20,VIIRS,n,2,297.96,4.59,D,0,VIIRS_NOAA20_SP
32.01486,74.82886,350.05,0.39,0.37,2023-11-24,809,N20,VIIRS,n,2,300.17,4.59,D,0,VIIRS_NOAA20_SP
32.01515,73.35664,328.42,0.38,0.36,2023-11-24,809,N20,VIIRS,n,2,301.16,2.04,D,0,VIIRS_NOAA20_SP
32.01522,74.62135,345.45,0.39,0.36,2023-11-24,809,N20,VIIRS,n,2,299.3,6.94,D,0,VIIRS_NOAA20_SP
32.03396,74.68121,330.48,0.39,0.36,2023-11-24,809,N20,VIIRS,n,2,296.84,2.23,D,0,VIIRS_NOAA20_SP
32.03501,74.83408,331.11,0.39,0.37,2023-11-24,809,N20,VIIRS,n,2,299.23,2.7,D,0,VIIRS_NOAA20_SP
32.03904,74.6209,330.8,0.39,0.36,2023-11-24,809,N20,VIIRS,n,2,298.82,3.9,D,0,VIIRS_NOAA20_SP
32.03963,74.62502,330.65,0.39,0.36,2023-11-24,809,N20,VIIRS,n,2,297.04,3.64,D,0,VIIRS_NOAA20_SP
32.03963,74.69706,331.98,0.39,0.36,2023-11-24,809,N20,VIIRS,n,2,296.82,2.43,D,0,VIIRS_NOAA20_SP
32.04317,74.45963,333.17,0.39,0.36,2023-11-24,809,N20,VIIRS,n,2,297.21,2.4,D,0,VIIRS_NOAA20_SP
32.04629,73.29227,331.74,0.38,0.36,2023-11-24,809,N20,VIIRS,n,2,297.76,2.05,D,0,VIIRS_NOAA20_SP
32.05042,73.34132,328.81,0.38,0.36,2023-11-24,809,N20,VIIRS,n,2,298.94,1.43,D,0,VIIRS_NOAA20_SP
32.05267,73.31173,331.76,0.38,0.36,2023-11-24,809,N20,VIIRS,n,2,299.01,8.33,D,0,VIIRS_NOAA20_SP
32.05468,74.70686,331.9,0.39,0.36,2023-11-24,809,N20,VIIRS,n,2,296.94,2.75,D,0,VIIRS_NOAA20_SP
32.05527,74.71098,328.98,0.39,0.36,2023-11-24,809,N20,VIIRS,n,2,296.67,2.75,D,0,VIIRS_NOAA20_SP
32.05533,73.307,332.08,0.38,0.36,2023-11-24,809,N20,VIIRS,n,2,299.23,7.29,D,0,VIIRS_NOAA20_SP
32.05595,73.31104,330.82,0.38,0.36,2023-11-24,809,N20,VIIRS,l,2,300.93,8.33,D,0,VIIRS_NOAA20_SP
32.05801,74.70621,338.7,0.39,0.36,2023-11-24,809,N20,VIIRS,n,2,298.07,2.75,D,0,VIIRS_NOAA20_SP
32.05931,73.58021,331.36,0.38,0.36,2023-11-24,809,N20,VIIRS,n,2,300.42,1.47,D,0,VIIRS_NOAA20_SP
32.06133,74.70555,332.27,0.39,0.36,2023-11-24,809,N20,VIIRS,n,2,299.63,8.76,D,0,VIIRS_NOAA20_SP
32.06347,74.7689,330.73,0.39,0.36,2023-11-24,809,N20,VIIRS,n,2,298.13,1.79,D,0,VIIRS_NOAA20_SP
32.06399,72.62064,333.56,0.39,0.36,2023-11-24,809,N20,VIIRS,n,2,297.41,3.17,D,0,VIIRS_NOAA20_SP
32.06446,74.67947,330.81,0.39,0.36,2023-11-24,809,N20,VIIRS,n,2,296.82,2.39,D,0,VIIRS_NOAA20_SP
32.07298,73.3116,339.77,0.38,0.36,2023-11-24,809,N20,VIIRS,n,2,304.95,18.89,D,0,VIIRS_NOAA20_SP
32.07424,73.90587,329.34,0.39,0.36,2023-11-24,809,N20,VIIRS,n,2,299.29,1.68,D,0,VIIRS_NOAA20_SP
32.0756,74.68577,329.97,0.39,0.36,2023-11-24,809,N20,VIIRS,n,2,296.88,2.83,D,0,VIIRS_NOAA20_SP
32.07951,74.68925,343.79,0.39,0.36,2023-11-24,809,N20,VIIRS,n,2,301.25,10.59,D,0,VIIRS_NOAA20_SP
32.08034,72.93986,332.24,0.39,0.36,2023-11-24,809,N20,VIIRS,n,2,296.96,2.22,D,0,VIIRS_NOAA20_SP
32.08318,75.18151,327.66,0.4,0.37,2023-11-24,809,N20,VIIRS,n,2,296.27,1.93,D,0,VIIRS_NOAA20_SP
32.08961,73.35386,331.2,0.38,0.36,2023-11-24,809,N20,VIIRS,n,2,298.86,1.34,D,0,VIIRS_NOAA20_SP
32.09486,74.32409,331.88,0.39,0.36,2023-11-24,809,N20,VIIRS,n,2,297.51,2.31,D,0,VIIRS_NOAA20_SP
32.10397,73.42574,333.01,0.38,0.36,2023-11-24,809,N20,VIIRS,n,2,298.31,1.99,D,0,VIIRS_NOAA20_SP
32.1142,74.78883,339.61,0.39,0.36,2023-11-24,809,N20,VIIRS,n,2,299.07,4.79,D,0,VIIRS_NOAA20_SP
32.11476,74.93837,329.0,0.4,0.37,2023-11-24,809,N20,VIIRS,n,2,297.48,1.66,D,0,VIIRS_NOAA20_SP
32.1156,75.16666,332.41,0.4,0.37,2023-11-24,809,N20,VIIRS,n,2,297.33,2.3,D,0,VIIRS_NOAA20_SP
32.11711,74.95508,327.66,0.4,0.37,2023-11-24,809,N20,VIIRS,n,2,297.14,1.94,D,0,VIIRS_NOAA20_SP
32.11827,74.04292,328.21,0.39,0.36,2023-11-24,809,N20,VIIRS,n,2,298.76,1.32,D,0,VIIRS_NOAA20_SP
32.12064,74.62278,333.51,0.39,0.36,2023-11-24,809,N20,VIIRS,n,2,296.72,3.16,D,0,VIIRS_NOAA20_SP
32.1218,74.55902,338.6,0.39,0.36,2023-11-24,809,N20,VIIRS,n,2,297.24,3.03,D,0,VIIRS_NOAA20_SP
32.12301,74.77859,334.19,0.39,0.36,2023-11-24,809,N20,VIIRS,n,2,297.17,7.37,D,0,VIIRS_NOAA20_SP
32.1236,74.78273,345.24,0.39,0.36,2023-11-24,809,N20,VIIRS,n,2,298.09,7.37,D,0,VIIRS_NOAA20_SP
32.12452,75.1563,329.05,0.4,0.37,2023-11-24,809,N20,VIIRS,n,2,296.45,1.52,D,0,VIIRS_NOAA20_SP
32.12666,75.04787,331.64,0.4,0.37,2023-11-24,809,N20,VIIRS,n,2,297.65,1.75,D,0,VIIRS_NOAA20_SP
32.1286,75.18587,332.63,0.4,0.37,2023-11-24,809,N20,VIIRS,n,2,297.5,2.47,D,0,VIIRS_NOAA20_SP
32.12991,75.12064,327.77,0.4,0.37,2023-11-24,809,N20,VIIRS,n,2,297.03,1.43,D,0,VIIRS_NOAA20_SP
32.13006,75.14658,328.99,0.4,0.37,2023-11-24,809,N20,VIIRS,n,2,296.62,3.53,D,0,VIIRS_NOAA20_SP
32.13283,75.14172,328.19,0.4,0.37,2023-11-24,809,N20,VIIRS,n,2,296.9,2.16,D,0,VIIRS_NOAA20_SP
32.13342,75.14594,348.06,0.4,0.37,2023-11-24,809,N20,VIIRS,n,2,298.05,3.53,D,0,VIIRS_NOAA20_SP
32.14015,74.56809,333.91,0.39,0.36,2023-11-24,809,N20,VIIRS,n,2,296.99,3.5,D,0,VIIRS_NOAA20_SP
32.14161,75.2051,327.21,0.4,0.37,2023-11-24,809,N20,VIIRS,n,2,296.5,1.38,D,0,VIIRS_NOAA20_SP
32.14325,74.75861,338.9,0.39,0.36,2023-11-24,809,N20,VIIRS,n,2,299.92,3.94,D,0,VIIRS_NOAA20_SP
32.14417,75.0747,332.13,0.4,0.37,2023-11-24,809,N20,VIIRS,n,2,297.9,3.26,D,0,VIIRS_NOAA20_SP
32.14603,73.70415,336.07,0.38,0.36,2023-11-24,809,N20,VIIRS,n,2,299.28,4.49,D,0,VIIRS_NOAA20_SP
32.14711,75.09574,328.45,0.4,0.37,2023-11-24,809,N20,VIIRS,n,2,297.25,3.07,D,0,VIIRS_NOAA20_SP
32.15516,75.1288,332.28,0.4,0.37,2023-11-24,809,N20,VIIRS,n,2,298.78,2.38,D,0,VIIRS_NOAA20_SP
32.15888,74.55592,333.45,0.39,0.36,2023-11-24,809,N20,VIIRS,n,2,296.48,1.92,D,0,VIIRS_NOAA20_SP
32.15946,74.94801,337.24,0.4,0.37,2023-11-24,809,N20,VIIRS,n,2,298.47,4.07,D,0,VIIRS_NOAA20_SP
32.16028,75.14082,334.08,0.4,0.37,2023-11-24,809,N20,VIIRS,n,2,298.38,3.96,D,0,VIIRS_NOAA20_SP
32.16064,74.56829,328.1,0.39,0.36,2023-11-24,809,N20,VIIRS,n,2,296.29,2.0,D,0,VIIRS_NOAA20_SP
32.16219,73.4934,345.2,0.38,0.36,2023-11-24,809,N20,VIIRS,n,2,302.27,10.47,D,0,VIIRS_NOAA20_SP
32.16364,75.14017,329.81,0.4,0.37,2023-11-24,809,N20,VIIRS,n,2,297.66,2.57,D,0,VIIRS_NOAA20_SP
32.16422,75.14439,330.74,0.4,0.37,2023-11-24,809,N20,VIIRS,n,2,298.28,2.57,D,0,VIIRS_NOAA20_SP
32.16494,72.44212,330.88,0.39,0.36,2023-11-24,809,N20,VIIRS,n,2,297.46,2.74,D,0,VIIRS_NOAA20_SP
32.18028,73.4563,348.75,0.38,0.36,2023-11-24,809,N20,VIIRS,n,2,303.75,12.45,D,0,VIIRS_NOAA20_SP
32.186,73.85838,336.3,0.39,0.36,2023-11-24,809,N20,VIIRS,n,2,299.23,2.26,D,0,VIIRS_NOAA20_SP
32.18867,74.81378,333.27,0.39,0.37,2023-11-24,809,N20,VIIRS,n,2,299.33,2.98,D,0,VIIRS_NOAA20_SP
32.20156,74.90552,327.69,0.4,0.37,2023-11-24,809,N20,VIIRS,n,2,297.49,1.56,D,0,VIIRS_NOAA20_SP
32.20911,73.17934,341.5,0.38,0.36,2023-11-24,809,N20,VIIRS,n,2,298.44,4.17,D,0,VIIRS_NOAA20_SP
32.21041,74.89522,331.19,0.4,0.37,2023-11-24,809,N20,VIIRS,n,2,298.36,3.73,D,0,VIIRS_NOAA20_SP
32.21235,74.93349,333.38,0.4,0.37,2023-11-24,809,N20,VIIRS,n,2,299.41,3.7,D,0,VIIRS_NOAA20_SP
32.21568,73.17793,336.84,0.38,0.36,2023-11-24,809,N20,VIIRS,n,2,299.05,2.26,D,0,VIIRS_NOAA20_SP
32.21984,74.88909,334.26,0.4,0.37,2023-11-24,809,N20,VIIRS,n,2,299.33,2.54,D,0,VIIRS_NOAA20_SP
32.22318,74.88845,332.33,0.4,0.37,2023-11-24,809,N20,VIIRS,n,2,299.24,4.93,D,0,VIIRS_NOAA20_SP
32.22421,73.32207,330.67,0.38,0.36,2023-11-24,809,N20,VIIRS,n,2,298.42,3.13,D,0,VIIRS_NOAA20_SP
32.22483,73.3261,331.41,0.38,0.36,2023-11-24,809,N20,VIIRS,n,2,298.35,6.31,D,0,VIIRS_NOAA20_SP
32.22839,75.29884,330.55,0.4,0.37,2023-11-24,809,N20,VIIRS,n,2,300.58,5.5,D,0,VIIRS_NOAA20_SP
32.22897,75.30312,328.14,0.4,0.37,2023-11-24,809,N20,VIIRS,n,2,296.94,3.54,D,0,VIIRS_NOAA20_SP
32.23234,75.30247,331.15,0.4,0.37,2023-11-24,809,N20,VIIRS,n,2,298.28,3.18,D,0,VIIRS_NOAA20_SP
32.23256,75.35501,338.26,0.41,0.37,2023-11-24,809,N20,VIIRS,n,2,298.32,2.98,D,0,VIIRS_NOAA20_SP
32.2351,73.5948,333.05,0.38,0.36,2023-11-24,809,N20,VIIRS,n,2,298.79,2.75,D,0,VIIRS_NOAA20_SP
32.24013,75.28349,327.38,0.4,0.37,2023-11-24,809,N20,VIIRS,n,2,297.8,1.81,D,0,VIIRS_NOAA20_SP
32.2413,73.2765,330.78,0.38,0.36,2023-11-24,809,N20,VIIRS,n,2,299.59,2.3,D,0,VIIRS_NOAA20_SP
32.24201,74.8034,329.09,0.39,0.37,2023-11-24,809,N20,VIIRS,n,2,297.33,1.19,D,0,VIIRS_NOAA20_SP
32.247,75.30846,329.32,0.4,0.37,2023-11-24,809,N20,VIIRS,n,2,297.79,2.87,D,0,VIIRS_NOAA20_SP
32.25285,74.84051,330.64,0.4,0.37,2023-11-24,809,N20,VIIRS,l,2,305.58,24.99,D,0,VIIRS_NOAA20_SP
32.25994,74.81771,341.42,0.4,0.37,2023-11-24,809,N20,VIIRS,n,2,298.48,3.71,D,0,VIIRS_NOAA20_SP
32.2627,74.81289,330.55,0.4,0.37,2023-11-24,809,N20,VIIRS,n,2,298.77,3.71,D,0,VIIRS_NOAA20_SP
32.26943,73.41647,330.26,0.38,0.36,2023-11-24,809,N20,VIIRS,n,2,298.4,2.3,D,0,VIIRS_NOAA20_SP
32.27004,73.42051,329.56,0.38,0.36,2023-11-24,809,N20,VIIRS,n,2,296.39,2.3,D,0,VIIRS_NOAA20_SP
32.27436,73.31537,328.08,0.38,0.36,2023-11-24,809,N20,VIIRS,n,2,296.23,1.63,D,0,VIIRS_NOAA20_SP
32.27703,74.79298,333.4,0.39,0.37,2023-11-24,809,N20,VIIRS,n,2,298.18,3.7,D,0,VIIRS_NOAA20_SP
32.28072,73.33488,335.65,0.38,0.36,2023-11-24,809,N20,VIIRS,n,2,298.78,2.28,D,0,VIIRS_NOAA20_SP
32.28279,72.90845,330.76,0.39,0.36,2023-11-24,809,N20,VIIRS,n,2,298.15,1.76,D,0,VIIRS_NOAA20_SP
32.2935,74.69151,327.38,0.39,0.36,2023-11-24,809,N20,VIIRS,n,2,297.01,1.67,D,0,VIIRS_NOAA20_SP
32.29683,74.69085,334.83,0.39,0.36,2023-11-24,809,N20,VIIRS,n,2,297.94,2.81,D,0,VIIRS_NOAA20_SP
32.30311,74.78362,331.91,0.39,0.37,2023-11-24,809,N20,VIIRS,n,2,297.51,2.59,D,0,VIIRS_NOAA20_SP
32.30637,73.39201,342.52,0.38,0.36,2023-11-24,809,N20,VIIRS,n,2,298.13,4.8,D,0,VIIRS_NOAA20_SP
32.31493,73.09385,329.42,0.38,0.36,2023-11-24,809,N20,VIIRS,n,2,300.57,2.11,D,0,VIIRS_NOAA20_SP
32.31496,75.29202,335.74,0.4,0.37,2023-11-24,809,N20,VIIRS,n,2,300.11,2.42,D,0,VIIRS_NOAA20_SP
32.31672,73.52745,330.59,0.38,0.36,2023-11-24,809,N20,VIIRS,n,2,296.65,6.02,D,0,VIIRS_NOAA20_SP
32.31738,75.33549,334.22,0.41,0.37,2023-11-24,809,N20,VIIRS,n,2,297.07,4.44,D,0,VIIRS_NOAA20_SP
32.3213,73.4681,344.31,0.38,0.36,2023-11-24,809,N20,VIIRS,n,2,298.14,4.37,D,0,VIIRS_NOAA20_SP
32.32135,74.84005,331.07,0.4,0.37,2023-11-24,809,N20,VIIRS,n,2,296.52,2.48,D,0,VIIRS_NOAA20_SP
32.32925,73.52066,341.32,0.38,0.36,2023-11-24,809,N20,VIIRS,n,2,297.47,3.86,D,0,VIIRS_NOAA20_SP
32.33016,74.75693,340.76,0.39,0.37,2023-11-24,809,N20,VIIRS,n,2,303.99,17.62,D,0,VIIRS_NOAA20_SP
32.33311,74.77776,330.73,0.39,0.37,2023-11-24,809,N20,VIIRS,n,2,296.53,2.47,D,0,VIIRS_NOAA20_SP
32.33645,74.77711,337.64,0.39,0.37,2023-11-24,809,N20,VIIRS,n,2,298.29,4.08,D,0,VIIRS_NOAA20_SP
32.3449,73.46732,327.75,0.38,0.36,2023-11-24,809,N20,VIIRS,n,2,296.88,1.52,D,0,VIIRS_NOAA20_SP
32.35898,74.55615,327.7,0.39,0.36,2023-11-24,809,N20,VIIRS,n,2,297.81,1.94,D,0,VIIRS_NOAA20_SP
32.37048,74.99417,327.86,0.4,0.37,2023-11-24,809,N20,VIIRS,n,2,297.29,1.98,D,0,VIIRS_NOAA20_SP
32.37051,71.86019,338.37,0.4,0.37,2023-11-24,809,N20,VIIRS,n,2,294.65,3.26,D,0,VIIRS_NOAA20_SP
32.37172,74.69426,337.09,0.39,0.36,2023-11-24,809,N20,VIIRS,n,2,299.67,6.94,D,0,VIIRS_NOAA20_SP
32.37611,74.84763,337.27,0.4,0.37,2023-11-24,809,N20,VIIRS,n,2,298.2,2.93,D,0,VIIRS_NOAA20_SP
32.37701,74.65907,328.7,0.39,0.36,2023-11-24,809,N20,VIIRS,n,2,297.94,2.15,D,0,VIIRS_NOAA20_SP
32.37734,73.43213,334.15,0.38,0.36,2023-11-24,809,N20,VIIRS,n,2,296.66,3.42,D,0,VIIRS_NOAA20_SP
32.37993,74.75251,334.77,0.39,0.37,2023-11-24,809,N20,VIIRS,n,2,297.23,3.77,D,0,VIIRS_NOAA20_SP
32.38064,73.29786,338.59,0.38,0.36,2023-11-24,809,N20,VIIRS,n,2,298.81,3.37,D,0,VIIRS_NOAA20_SP
32.38152,74.91114,343.24,0.4,0.37,2023-11-24,809,N20,VIIRS,n,2,299.17,4.41,D,0,VIIRS_NOAA20_SP
32.38296,74.8721,329.87,0.4,0.37,2023-11-24,809,N20,VIIRS,n,2,297.95,2.14,D,0,VIIRS_NOAA20_SP
32.38348,72.83301,332.06,0.39,0.36,2023-11-24,809,N20,VIIRS,n,2,297.9,2.73,D,0,VIIRS_NOAA20_SP
32.38886,74.55025,331.06,0.39,0.36,2023-11-24,809,N20,VIIRS,n,2,296.8,2.38,D,0,VIIRS_NOAA20_SP
32.3911,74.7589,329.85,0.39,0.37,2023-11-24,809,N20,VIIRS,n,2,297.6,1.58,D,0,VIIRS_NOAA20_SP
32.39249,74.2235,330.75,0.39,0.36,2023-11-24,809,N20,VIIRS,n,2,297.17,3.3,D,0,VIIRS_NOAA20_SP
32.39679,74.70216,329.88,0.39,0.36,2023-11-24,809,N20,VIIRS,n,2,297.96,3.91,D,0,VIIRS_NOAA20_SP
32.40568,74.93665,327.78,0.4,0.37,2023-11-24,809,N20,VIIRS,n,2,297.1,1.72,D,0,VIIRS_NOAA20_SP
32.40833,74.83276,337.56,0.4,0.37,2023-11-24,809,N20,VIIRS,n,2,297.75,4.52,D,0,VIIRS_NOAA20_SP
32.41303,74.86626,338.15,0.4,0.37,2023-11-24,809,N20,VIIRS,n,2,298.22,3.72,D,0,VIIRS_NOAA20_SP
32.41379,74.89626,331.98,0.4,0.37,2023-11-24,809,N20,VIIRS,n,2,297.77,1.98,D,0,VIIRS_NOAA20_SP
32.4158,74.71555,327.43,0.39,0.36,2023-11-24,809,N20,VIIRS,l,2,298.09,2.26,D,0,VIIRS_NOAA20_SP
32.41587,74.24408,331.22,0.39,0.36,2023-11-24,809,N20,VIIRS,n,2,298.83,2.02,D,0,VIIRS_NOAA20_SP
32.416,74.74118,336.19,0.39,0.37,2023-11-24,809,N20,VIIRS,n,2,299.13,2.43,D,0,VIIRS_NOAA20_SP
32.41637,74.86562,332.95,0.4,0.37,2023-11-24,809,N20,VIIRS,n,2,297.61,3.01,D,0,VIIRS_NOAA20_SP
32.41754,74.87399,327.42,0.4,0.37,2023-11-24,809,N20,VIIRS,l,2,298.98,1.67,D,0,VIIRS_NOAA20_SP
32.41764,74.25638,332.79,0.39,0.36,2023-11-24,809,N20,VIIRS,n,2,297.8,2.19,D,0,VIIRS_NOAA20_SP
32.42332,74.2721,331.88,0.39,0.36,2023-11-24,809,N20,VIIRS,n,2,297.32,3.38,D,0,VIIRS_NOAA20_SP
32.42856,74.19095,344.68,0.39,0.36,2023-11-24,809,N20,VIIRS,n,2,298.05,3.9,D,0,VIIRS_NOAA20_SP
32.43186,74.19028,336.56,0.39,0.36,2023-11-24,809,N20,VIIRS,n,2,296.87,3.9,D,0,VIIRS_NOAA20_SP
32.43297,73.04064,332.44,0.38,0.36,2023-11-24,809,N20,VIIRS,n,2,301.43,2.21,D,0,VIIRS_NOAA20_SP
32.43481,74.72894,333.02,0.39,0.37,2023-11-24,809,N20,VIIRS,n,2,298.58,3.33,D,0,VIIRS_NOAA20_SP
32.4362,74.76294,336.83,0.4,0.37,2023-11-24,809,N20,VIIRS,n,2,297.41,2.84,D,0,VIIRS_NOAA20_SP
32.4374,74.84431,335.01,0.4,0.37,2023-11-24,809,N20,VIIRS,n,2,298.88,2.11,D,0,VIIRS_NOAA20_SP
32.43789,74.61283,339.26,0.39,0.36,2023-11-24,809,N20,VIIRS,n,2,297.33,5.08,D,0,VIIRS_NOAA20_SP
32.44023,74.62943,327.69,0.39,0.36,2023-11-24,809,N20,VIIRS,n,2,297.1,1.31,D,0,VIIRS_NOAA20_SP
32.44093,74.79635,335.16,0.4,0.37,2023-11-24,809,N20,VIIRS,n,2,300.74,6.93,D,0,VIIRS_NOAA20_SP
32.44364,73.35551,330.98,0.38,0.36,2023-11-24,809,N20,VIIRS,n,2,298.26,3.2,D,0,VIIRS_NOAA20_SP
32.44426,73.35956,330.9,0.38,0.36,2023-11-24,809,N20,VIIRS,n,2,297.02,3.2,D,0,VIIRS_NOAA20_SP
32.44692,73.35482,331.43,0.38,0.36,2023-11-24,809,N20,VIIRS,n,2,297.7,3.24,D,0,VIIRS_NOAA20_SP
32.44754,73.35887,330.54,0.38,0.36,2023-11-24,809,N20,VIIRS,n,2,295.69,3.24,D,0,VIIRS_NOAA20_SP
32.45248,74.26203,336.53,0.39,0.36,2023-11-24,809,N20,VIIRS,n,2,298.34,2.96,D,0,VIIRS_NOAA20_SP
32.45308,74.26614,331.18,0.39,0.36,2023-11-24,809,N20,VIIRS,n,2,296.85,2.75,D,0,VIIRS_NOAA20_SP
32.45427,74.27433,339.44,0.39,0.36,2023-11-24,809,N20,VIIRS,n,2,298.2,4.24,D,0,VIIRS_NOAA20_SP
32.46109,74.75371,334.0,0.4,0.37,2023-11-24,809,N20,VIIRS,n,2,298.21,3.55,D,0,VIIRS_NOAA20_SP
32.48081,73.55655,329.18,0.38,0.36,2023-11-24,809,N20,VIIRS,n,2,297.26,2.72,D,0,VIIRS_NOAA20_SP
32.48127,74.77553,330.1,0.4,0.37,2023-11-24,809,N20,VIIRS,n,2,297.51,1.74,D,0,VIIRS_NOAA20_SP
32.48212,73.49776,328.62,0.38,0.36,2023-11-24,809,N20,VIIRS,n,2,296.64,2.07,D,0,VIIRS_NOAA20_SP
32.4841,73.91999,330.73,0.39,0.36,2023-11-24,809,N20,VIIRS,n,2,297.2,3.0,D,0,VIIRS_NOAA20_SP
32.48462,74.77487,343.88,0.4,0.37,2023-11-24,809,N20,VIIRS,n,2,299.26,4.21,D,0,VIIRS_NOAA20_SP
32.48561,74.75749,337.32,0.4,0.37,2023-11-24,809,N20,VIIRS,n,2,298.24,4.73,D,0,VIIRS_NOAA20_SP
32.4894,73.03268,331.36,0.38,0.36,2023-11-24,809,N20,VIIRS,n,2,297.79,2.13,D,0,VIIRS_NOAA20_SP
32.4908,74.86836,345.61,0.4,0.37,2023-11-24,809,N20,VIIRS,n,2,298.69,3.25,D,0,VIIRS_NOAA20_SP
32.4915,74.7263,331.04,0.39,0.37,2023-11-24,809,N20,VIIRS,n,2,297.96,1.87,D,0,VIIRS_NOAA20_SP
32.49228,74.75619,328.05,0.4,0.37,2023-11-24,809,N20,VIIRS,n,2,298.03,1.76,D,0,VIIRS_NOAA20_SP
32.49255,74.88096,331.64,0.4,0.37,2023-11-24,809,N20,VIIRS,n,2,298.92,1.25,D,0,VIIRS_NOAA20_SP
32.4934,74.83769,340.22,0.4,0.37,2023-11-24,809,N20,VIIRS,n,2,297.71,2.58,D,0,VIIRS_NOAA20_SP
32.49492,74.41435,329.47,0.39,0.36,2023-11-24,809,N20,VIIRS,n,2,297.5,1.39,D,0,VIIRS_NOAA20_SP
32.4964,74.71249,343.37,0.39,0.37,2023-11-24,809,N20,VIIRS,n,2,299.35,5.14,D,0,VIIRS_NOAA20_SP
32.49699,74.71666,334.48,0.39,0.37,2023-11-24,809,N20,VIIRS,n,2,298.37,3.94,D,0,VIIRS_NOAA20_SP
32.49931,74.8064,332.63,0.4,0.37,2023-11-24,809,N20,VIIRS,n,2,297.52,2.45,D,0,VIIRS_NOAA20_SP
32.50228,74.75424,329.22,0.4,0.37,2023-11-24,809,N20,VIIRS,n,2,297.53,2.18,D,0,VIIRS_NOAA20_SP
32.50724,74.42887,334.18,0.39,0.36,2023-11-24,809,N20,VIIRS,n,2,297.82,2.98,D,0,VIIRS_NOAA20_SP
32.50776,74.67172,326.83,0.39,0.36,2023-11-24,809,N20,VIIRS,l,2,297.2,1.24,D,0,VIIRS_NOAA20_SP
32.50835,74.67589,327.55,0.39,0.36,2023-11-24,809,N20,VIIRS,l,2,298.03,1.24,D,0,VIIRS_NOAA20_SP
32.50849,73.76408,330.67,0.39,0.36,2023-11-24,809,N20,VIIRS,n,2,296.91,1.9,D,0,VIIRS_NOAA20_SP
32.51168,74.67524,335.92,0.39,0.36,2023-11-24,809,N20,VIIRS,n,2,298.62,3.2,D,0,VIIRS_NOAA20_SP
32.51281,73.67948,331.02,0.38,0.36,2023-11-24,809,N20,VIIRS,n,2,297.28,1.51,D,0,VIIRS_NOAA20_SP
32.52515,76.1601,332.91,0.43,0.38,2023-11-24,809,N20,VIIRS,n,2,300.85,5.89,D,0,VIIRS_NOAA20_SP
32.54649,73.88251,330.22,0.39,0.36,2023-11-24,809,N20,VIIRS,n,2,296.74,2.85,D,0,VIIRS_NOAA20_SP
32.56196,73.7577,336.93,0.39,0.36,2023-11-24,809,N20,VIIRS,n,2,297.27,2.61,D,0,VIIRS_NOAA20_SP
32.56752,73.68115,331.17,0.38,0.36,2023-11-24,809,N20,VIIRS,n,2,297.94,1.76,D,0,VIIRS_NOAA20_SP
32.57586,74.45872,332.35,0.39,0.36,2023-11-24,809,N20,VIIRS,n,2,297.11,2.13,D,0,VIIRS_NOAA20_SP
32.57681,74.44151,331.6,0.39,0.36,2023-11-24,809,N20,VIIRS,n,2,297.58,2.4,D,0,VIIRS_NOAA20_SP
32.57798,73.25311,341.92,0.38,0.36,2023-11-24,809,N20,VIIRS,n,2,297.8,3.11,D,0,VIIRS_NOAA20_SP
32.58619,73.76106,337.58,0.39,0.36,2023-11-24,809,N20,VIIRS,n,2,297.42,2.97,D,0,VIIRS_NOAA20_SP
32.58635,74.65306,330.36,0.39,0.36,2023-11-24,809,N20,VIIRS,n,2,296.48,2.64,D,0,VIIRS_NOAA20_SP
32.58812,74.66557,330.55,0.39,0.36,2023-11-24,809,N20,VIIRS,n,2,297.28,2.78,D,0,VIIRS_NOAA20_SP
32.58827,73.75224,327.59,0.39,0.36,2023-11-24,809,N20,VIIRS,n,2,297.46,3.45,D,0,VIIRS_NOAA20_SP
32.59482,76.16393,330.38,0.43,0.38,2023-11-24,809,N20,VIIRS,n,2,295.09,3.98,D,0,VIIRS_NOAA20_SP
32.62322,73.62017,332.06,0.38,0.36,2023-11-24,809,N20,VIIRS,n,2,298.12,2.72,D,0,VIIRS_NOAA20_SP
32.63914,73.65875,330.92,0.38,0.36,2023-11-24,809,N20,VIIRS,n,2,297.6,2.66,D,0,VIIRS_NOAA20_SP
32.64497,74.68017,333.78,0.39,0.37,2023-11-24,809,N20,VIIRS,n,2,297.65,3.78,D,0,VIIRS_NOAA20_SP
32.64501,73.60724,337.42,0.38,0.36,2023-11-24,809,N20,VIIRS,n,2,298.51,3.04,D,0,VIIRS_NOAA20_SP
32.67041,73.7781,328.81,0.39,0.36,2023-11-24,809,N20,VIIRS,n,2,297.08,2.16,D,0,VIIRS_NOAA20_SP
32.77777,74.61714,331.4,0.39,0.37,2023-11-24,809,N20,VIIRS,n,2,297.92,1.78,D,0,VIIRS_NOAA20_SP
32.7797,74.50954,334.47,0.39,0.36,2023-11-24,809,N20,VIIRS,n,2,297.72,2.73,D,0,VIIRS_NOAA20_SP
32.78989,74.53321,327.97,0.39,0.36,2023-11-24,809,N20,VIIRS,n,2,297.78,2.08,D,0,VIIRS_NOAA20_SP
32.79203,74.74358,346.01,0.4,0.37,2023-11-24,809,N20,VIIRS,n,2,300.79,3.83,D,0,VIIRS_NOAA20_SP
33.26926,71.30977,332.7,0.4,0.37,2023-11-24,809,N20,VIIRS,n,2,297.49,3.02,D,0,VIIRS_NOAA20_SP
33.33608,71.37794,327.59,0.4,0.37,2023-11-24,809,N20,VIIRS,n,2,298.28,1.4,D,0,VIIRS_NOAA20_SP
33.59752,70.1413,345.08,0.43,0.38,2023-11-24,809,N20,VIIRS,n,2,292.45,4.64,D,0,VIIRS_NOAA20_SP
33.60097,70.14054,341.6,0.43,0.38,2023-11-24,809,N20,VIIRS,n,2,291.29,4.64,D,0,VIIRS_NOAA20_SP
34.06788,71.19873,325.18,0.4,0.37,2023-11-24,809,N20,VIIRS,n,2,292.88,1.5,D,0,VIIRS_NOAA20_SP
34.093,74.69225,325.88,0.4,0.37,2023-11-24,809,N20,VIIRS,n,2,291.14,2.32,D,0,VIIRS_NOAA20_SP
34.27603,75.01496,340.41,0.41,0.37,2023-11-24,809,N20,VIIRS,n,2,286.52,10.51,D,0,VIIRS_NOAA20_SP
34.2794,75.0143,340.76,0.41,0.37,2023-11-24,809,N20,VIIRS,n,2,286.39,8.45,D,0,VIIRS_NOAA20_SP
34.46939,73.32777,327.77,0.39,0.36,2023-11-24,810,N20,VIIRS,n,2,292.85,4.12,D,0,VIIRS_NOAA20_SP
34.70308,73.29983,334.37,0.39,0.36,2023-11-24,810,N20,VIIRS,n,2,290.11,4.64,D,0,VIIRS_NOAA20_SP
29.26261,91.92136,300.2,0.43,0.62,2023-11-24,1851,N20,VIIRS,n,2,269.74,1.54,N,2,VIIRS_NOAA20_SP
29.26572,91.9225,302.54,0.43,0.62,2023-11-24,1851,N20,VIIRS,n,2,272.6,1.72,N,2,VIIRS_NOAA20_SP
25.37677,96.3899,320.23,0.41,0.45,2023-11-24,1852,N20,VIIRS,n,2,289.6,2.16,N,0,VIIRS_NOAA20_SP
27.09642,93.67009,310.42,0.63,0.54,2023-11-24,1852,N20,VIIRS,n,2,287.54,4.68,N,0,VIIRS_NOAA20_SP
27.09699,93.66404,335.69,0.63,0.54,2023-11-24,1852,N20,VIIRS,n,2,287.38,5.6,N,0,VIIRS_NOAA20_SP
27.31928,95.2663,306.07,0.51,0.49,2023-11-24,1852,N20,VIIRS,n,2,288.54,1.03,N,2,VIIRS_NOAA20_SP
27.37932,95.08462,301.06,0.52,0.5,2023-11-24,1852,N20,VIIRS,n,2,287.56,0.45,N,2,VIIRS_NOAA20_SP
27.46944,95.42177,302.06,0.5,0.49,2023-11-24,1852,N20,VIIRS,n,2,288.46,0.69,N,2,VIIRS_NOAA20_SP
27.60774,95.4016,315.03,0.5,0.49,2023-11-24,1852,N20,VIIRS,n,2,288.01,1.06,N,2,VIIRS_NOAA20_SP
28.34482,97.05399,306.9,0.41,0.45,2023-11-24,1852,N20,VIIRS,n,2,281.39,1.15,N,0,VIIRS_NOAA20_SP
28.34534,97.04939,308.69,0.41,0.45,2023-11-24,1852,N20,VIIRS,n,2,281.59,1.15,N,0,VIIRS_NOAA20_SP
28.34912,97.05283,302.02,0.41,0.45,2023-11-24,1852,N20,VIIRS,n,2,279.99,1.15,N,0,VIIRS_NOAA20_SP
22.35453,96.70294,307.09,0.54,0.42,2023-11-24,1853,N20,VIIRS,n,2,289.44,2.37,N,2,VIIRS_NOAA20_SP
22.47732,91.73505,304.42,0.37,0.58,2023-11-24,1853,N20,VIIRS,n,2,291.95,0.81,N,2,VIIRS_NOAA20_SP
22.47768,91.73129,309.5,0.37,0.58,2023-11-24,1853,N20,VIIRS,n,2,291.17,0.81,N,2,VIIRS_NOAA20_SP
23.56013,87.23356,309.28,0.74,0.76,2023-11-24,1853,N20,VIIRS,n,2,288.29,2.98,N,2,VIIRS_NOAA20_SP
23.56276,87.07727,299.48,0.75,0.77,2023-11-24,1853,N20,VIIRS,n,2,287.5,2.27,N,0,VIIRS_NOAA20_SP
23.61691,86.78439,300.94,0.79,0.78,2023-11-24,1853,N20,VIIRS,n,2,287.82,1.68,N,2,VIIRS_NOAA20_SP
23.61871,86.78573,300.96,0.79,0.78,2023-11-24,1853,N20,VIIRS,n,2,288.65,1.84,N,2,VIIRS_NOAA20_SP
23.69252,87.12056,301.02,0.75,0.77,2023-11-24,1853,N20,VIIRS,n,2,289.61,2.87,N,2,VIIRS_NOAA20_SP
23.69299,87.11317,303.75,0.75,0.77,2023-11-24,1853,N20,VIIRS,n,2,289.29,5.45,N,2,VIIRS_NOAA20_SP
23.6969,87.11405,306.84,0.75,0.77,2023-11-24,1853,N20,VIIRS,n,2,289.63,3.6,N,2,VIIRS_NOAA20_SP
23.69733,87.10661,298.76,0.75,0.77,2023-11-24,1853,N20,VIIRS,n,2,288.64,1.51,N,2,VIIRS_NOAA20_SP
23.69775,87.09915,302.06,0.75,0.77,2023-11-24,1853,N20,VIIRS,n,2,288.73,1.51,N,2,VIIRS_NOAA20_SP
24.52229,97.79526,297.07,0.5,0.41,2023-11-24,1853,N20,VIIRS,n,2,286.72,0.42,N,2,VIIRS_NOAA20_SP
24.7782,97.90006,304.74,0.5,0.41,2023-11-24,1853,N20,VIIRS,n,2,284.89,2.14,N,0,VIIRS_NOAA20_SP
25.04171,96.15655,301.25,0.42,0.45,2023-11-24,1853,N20,VIIRS,n,2,289.24,0.47,N,0,VIIRS_NOAA20_SP
25.04314,96.15993,303.42,0.42,0.45,2023-11-24,1853,N20,VIIRS,n,2,289.32,0.58,N,0,VIIRS_NOAA20_SP
25.76143,88.25776,300.08,0.66,0.73,2023-11-24,1853,N20,VIIRS,n,2,288.17,0.79,N,0,VIIRS_NOAA20_SP
20.24303,86.60037,300.64,0.75,0.77,2023-11-24,1854,N20,VIIRS,n,2,288.21,5.99,N,0,VIIRS_NOAA20_SP
20.24607,86.59981,304.05,0.75,0.77,2023-11-24,1854,N20,VIIRS,n,2,288.8,5.94,N,2,VIIRS_NOAA20_SP
21.57624,96.23354,305.68,0.56,0.43,2023-11-24,1854,N20,VIIRS,n,2,292.23,1.03,N,2,VIIRS_NOAA20_SP
21.58018,96.23427,303.97,0.56,0.43,2023-11-24,1854,N20,VIIRS,n,2,291.93,1.03,N,0,VIIRS_NOAA20_SP
22.05752,88.11996,312.03,0.63,0.72,2023-11-24,1854,N20,VIIRS,n,2,291.72,2.23,N,2,VIIRS_NOAA20_SP
22.3652,87.01601,301.24,0.74,0.76,2023-11-24,1854,N20,VIIRS,n,2,289.98,2.24,N,2,VIIRS_NOAA20_SP
22.36567,87.00856,301.95,0.74,0.76,2023-11-24,1854,N20,VIIRS,n,2,288.27,2.24,N,0,VIIRS_NOAA20_SP
22.36812,87.29649,304.12,0.71,0.75,2023-11-24,1854,N20,VIIRS,n,2,290.6,1.64,N,2,VIIRS_NOAA20_SP
22.36836,87.0107,308.77,0.74,0.76,2023-11-24,1854,N20,VIIRS,n,2,289.39,2.95,N,0,VIIRS_NOAA20_SP
22.36906,87.29789,307.24,0.71,0.75,2023-11-24,1854,N20,VIIRS,n,2,290.91,2.09,N,2,VIIRS_NOAA20_SP
22.37756,87.27747,307.24,0.71,0.75,2023-11-24,1854,N20,VIIRS,n,2,290.62,1.6,N,2,VIIRS_NOAA20_SP
22.38347,87.2767,305.1,0.71,0.75,2023-11-24,1854,N20,VIIRS,n,2,289.81,3.07,N,0,VIIRS_NOAA20_SP
15.82204,97.76747,303.97,0.42,0.37,2023-11-24,1855,N20,VIIRS,n,2,292.34,0.27,N,0,VIIRS_NOAA20_SP
15.86319,97.79778,304.1,0.42,0.37,2023-11-24,1855,N20,VIIRS,n,2,292.02,0.86,N,0,VIIRS_NOAA20_SP
15.99184,97.68569,306.34,0.42,0.38,2023-11-24,1855,N20,VIIRS,n,2,292.49,0.78,N,2,VIIRS_NOAA20_SP
17.2607,97.14129,302.32,0.45,0.39,2023-11-24,1855,N20,VIIRS,n,2,291.97,0.31,N,2,VIIRS_NOAA20_SP
34.46949,73.3275,295.0,0.39,0.44,2023-11-24,2031,N20,VIIRS,n,2,281.21,0.63,N,0,VIIRS_NOAA20_SP
34.54388,73.21161,299.07,0.4,0.44,2023-11-24,2031,N20,VIIRS,n,2,278.99,0.81,N,0,VIIRS_NOAA20_SP
29.226,88.35193,297.06,0.37,0.58,2023-11-24,2032,N20,VIIRS,n,2,269.91,0.76,N,2,VIIRS_NOAA20_SP
29.71889,79.02708,313.27,0.39,0.36,2023-11-24,2032,N20,VIIRS,n,2,283.31,1.26,N,0,VIIRS_NOAA20_SP
29.71956,79.02306,308.39,0.39,0.36,2023-11-24,2032,N20,VIIRS,n,2,280.8,0.86,N,0,VIIRS_NOAA20_SP
29.77052,79.65789,303.28,0.4,0.37,2023-11-24,2032,N20,VIIRS,n,2,281.8,1.05,N,0,VIIRS_NOAA20_SP
30.29243,78.43269,303.07,0.38,0.36,2023-11-24,2032,N20,VIIRS,n,2,280.35,1.07,N,0,VIIRS_NOAA20_SP
30.29634,78.42941,308.3,0.38,0.36,2023-11-24,2032,N20,VIIRS,n,2,281.1,1.05,N,0,VIIRS_NOAA20_SP
30.75025,78.33695,298.83,0.38,0.36,2023-11-24,2032,N20,VIIRS,n,2,281.73,0.72,N,0,VIIRS_NOAA20_SP
30.83839,77.72355,299.98,0.39,0.36,2023-11-24,2032,N20,VIIRS,n,2,279.48,0.66,N,0,VIIRS_NOAA20_SP
30.85912,78.0558,295.49,0.38,0.36,2023-11-24,2032,N20,VIIRS,n,2,280.97,1.01,N,0,VIIRS_NOAA20_SP
30.8624,78.05651,314.09,0.38,0.36,2023-11-24,2032,N20,VIIRS,n,2,281.7,1.01,N,0,VIIRS_NOAA20_SP
30.91236,77.95206,305.6,0.38,0.36,2023-11-24,2032,N20,VIIRS,n,2,277.11,0.82,N,0,VIIRS_NOAA20_SP
31.07284,76.00836,303.87,0.42,0.37,2023-11-24,2032,N20,VIIRS,n,2,283.86,0.87,N,0,VIIRS_NOAA20_SP
31.07627,76.009,309.58,0.42,0.37,2023-11-24,2032,N20,VIIRS,n,2,282.66,0.62,N,0,VIIRS_NOAA20_SP
31.09168,78.06937,307.51,0.38,0.36,2023-11-24,2032,N20,VIIRS,n,2,281.15,1.1,N,0,VIIRS_NOAA20_SP
31.25146,76.92948,307.41,0.4,0.37,2023-11-24,2032,N20,VIIRS,n,2,284.29,0.91,N,2,VIIRS_NOAA20_SP
31.25936,76.92229,295.25,0.4,0.37,2023-11-24,2032,N20,VIIRS,n,2,284.03,0.54,N,2,VIIRS_NOAA20_SP
31.32887,76.8931,297.04,0.4,0.37,2023-11-24,2032,N20,VIIRS,n,2,285.48,0.41,N,2,VIIRS_NOAA20_SP
31.41501,76.8333,296.0,0.4,0.37,2023-11-24,2032,N20,VIIRS,n,2,284.61,0.49,N,0,VIIRS_NOAA20_SP
31.48366,75.39375,295.63,0.44,0.38,2023-11-24,2032,N20,VIIRS,n,2,283.04,0.37,N,0,VIIRS_NOAA20_SP
31.5018,75.76558,307.04,0.43,0.38,2023-11-24,2032,N20,VIIRS,n,2,282.57,0.74,N,0,VIIRS_NOAA20_SP
32.06398,74.90767,295.71,0.47,0.39,2023-11-24,2032,N20,VIIRS,n,2,274.89,0.54,N,0,VIIRS_NOAA20_SP
32.12556,75.00385,315.03,0.46,0.39,2023-11-24,2032,N20,VIIRS,n,2,275.42,1.85,N,0,VIIRS_NOAA20_SP
32.31852,76.58199,313.58,0.41,0.37,2023-11-24,2032,N20,VIIRS,n,2,269.44,1.42,N,0,VIIRS_NOAA20_SP
32.31919,76.57714,318.82,0.41,0.37,2023-11-24,2032,N20,VIIRS,n,2,270.93,2.39,N,0,VIIRS_NOAA20_SP
32.32178,76.58358,304.21,0.41,0.37,2023-11-24,2032,N20,VIIRS,n,2,268.85,1.42,N,0,VIIRS_NOAA20_SP
32.57514,72.56454,295.23,0.41,0.45,2023-11-24,2032,N20,VIIRS,n,2,282.94,0.57,N,2,VIIRS_NOAA20_SP
32.88892,71.61653,296.12,0.47,0.47,2023-11-24,2032,N20,VIIRS,n,2,274.49,1.06,N,2,VIIRS_NOAA20_SP
33.2702,71.30733,300.93,0.49,0.49,2023-11-24,2032,N20,VIIRS,n,2,266.59,0.83,N,0,VIIRS_NOAA20_SP
25.53428,80.78487,299.5,0.48,0.4,2023-11-24,2033,N20,VIIRS,n,2,285.8,0.76,N,0,VIIRS_NOAA20_SP
25.53791,80.78569,300.84,0.48,0.4,2023-11-24,2033,N20,VIIRS,n,2,285.3,0.76,N,0,VIIRS_NOAA20_SP
25.97796,81.3659,296.82,0.51,0.41,2023-11-24,2033,N20,VIIRS,n,2,285.03,0.5,N,0,VIIRS_NOAA20_SP
26.30746,80.28336,296.46,0.45,0.39,2023-11-24,2033,N20,VIIRS,n,2,285.89,0.43,N,0,VIIRS_NOAA20_SP
26.60585,73.68168,298.45,0.46,0.39,2023-11-24,2033,N20,VIIRS,n,2,287.4,0.56,N,2,VIIRS_NOAA20_SP
26.76186,83.19884,306.48,0.41,0.45,2023-11-24,2033,N20,VIIRS,n,2,290.35,1.13,N,2,VIIRS_NOAA20_SP
26.76226,83.20023,307.25,0.41,0.45,2023-11-24,2033,N20,VIIRS,n,2,290.43,1.46,N,2,VIIRS_NOAA20_SP
26.87677,73.51492,302.04,0.47,0.4,2023-11-24,2033,N20,VIIRS,n,2,286.86,1.19,N,2,VIIRS_NOAA20_SP
27.1573,83.60373,296.65,0.42,0.46,2023-11-24,2033,N20,VIIRS,n,2,286.38,0.44,N,0,VIIRS_NOAA20_SP
27.17009,84.44542,307.76,0.48,0.48,2023-11-24,2033,N20,VIIRS,n,2,287.1,1.23,N,0,VIIRS_NOAA20_SP
27.17129,84.44305,307.51,0.47,0.48,2023-11-24,2033,N20,VIIRS,n,2,287.58,0.8,N,0,VIIRS_NOAA20_SP
27.22035,83.65513,299.25,0.43,0.46,2023-11-24,2033,N20,VIIRS,n,2,286.96,0.32,N,0,VIIRS_NOAA20_SP
27.36003,83.39828,298.13,0.41,0.45,2023-11-24,2033,N20,VIIRS,n,2,286.24,0.35,N,0,VIIRS_NOAA20_SP
27.66922,76.1307,297.74,0.4,0.37,2023-11-24,2033,N20,VIIRS,n,2,287.56,0.66,N,2,VIIRS_NOAA20_SP
27.92992,79.8417,296.32,0.42,0.37,2023-11-24,2033,N20,VIIRS,n,2,284.54,0.27,N,0,VIIRS_NOAA20_SP
28.00762,80.26115,318.46,0.43,0.38,2023-11-24,2033,N20,VIIRS,n,2,284.92,1.76,N,0,VIIRS_NOAA20_SP
28.20448,76.91505,299.04,0.39,0.36,2023-11-24,2033,N20,VIIRS,n,2,282.87,0.44,N,0,VIIRS_NOAA20_SP
28.22616,80.10226,303.66,0.42,0.38,2023-11-24,2033,N20,VIIRS,n,2,284.39,0.8,N,0,VIIRS_NOAA20_SP
28.23888,80.03043,322.9,0.42,0.38,2023-11-24,2033,N20,VIIRS,n,2,285.34,2.2,N,0,VIIRS_NOAA20_SP
28.26351,77.50285,298.66,0.38,0.36,2023-11-24,2033,N20,VIIRS,n,2,284.41,0.39,N,0,VIIRS_NOAA20_SP
28.27215,77.27245,300.01,0.38,0.36,2023-11-24,2033,N20,VIIRS,n,2,285.31,0.58,N,2,VIIRS_NOAA20_SP
28.29708,78.06574,297.93,0.39,0.36,2023-11-24,2033,N20,VIIRS,n,2,283.86,0.48,N,0,VIIRS_NOAA20_SP
28.47105,77.655,298.14,0.38,0.36,2023-11-24,2033,N20,VIIRS,n,2,285.7,0.45,N,0,VIIRS_NOAA20_SP
28.5766,77.76322,308.49,0.38,0.36,2023-11-24,2033,N20,VIIRS,n,2,283.9,1.01,N,0,VIIRS_NOAA20_SP
28.72838,77.1573,304.44,0.39,0.36,2023-11-24,2033,N20,VIIRS,n,2,287.52,0.45,N,2,VIIRS_NOAA20_SP
28.73946,77.15141,327.76,0.39,0.36,2023-11-24,2033,N20,VIIRS,n,2,289.72,2.26,N,0,VIIRS_NOAA20_SP
28.74006,77.14748,303.68,0.39,0.36,2023-11-24,2033,N20,VIIRS,n,2,287.12,1.63,N,0,VIIRS_NOAA20_SP
28.794,77.15,304.62,0.39,0.36,2023-11-24,2033,N20,VIIRS,n,2,285.13,0.76,N,2,VIIRS_NOAA20_SP
28.79607,77.0695,297.82,0.39,0.36,2023-11-24,2033,N20,VIIRS,n,2,287.11,0.31,N,0,VIIRS_NOAA20_SP
28.89948,78.76281,299.85,0.39,0.36,2023-11-24,2033,N20,VIIRS,n,2,283.49,0.32,N,0,VIIRS_NOAA20_SP
29.20516,78.87449,296.87,0.39,0.36,2023-11-24,2033,N20,VIIRS,n,2,284.57,0.44,N,0,VIIRS_NOAA20_SP
29.41337,79.51213,303.84,0.4,0.37,2023-11-24,2033,N20,VIIRS,n,2,283.86,0.62,N,0,VIIRS_NOAA20_SP
29.4586,76.86598,303.55,0.39,0.36,2023-11-24,2033,N20,VIIRS,n,2,288.96,0.86,N,2,VIIRS_NOAA20_SP
29.46225,76.88728,311.83,0.39,0.36,2023-11-24,2033,N20,VIIRS,n,2,290.78,1.71,N,0,VIIRS_NOAA20_SP
29.91293,70.02508,303.1,0.53,0.5,2023-11-24,2033,N20,VIIRS,n,2,260.04,2.36,N,0,VIIRS_NOAA20_SP
29.91342,70.01982,323.44,0.53,0.5,2023-11-24,2033,N20,VIIRS,n,2,271.88,2.36,N,0,VIIRS_NOAA20_SP
29.91421,70.02367,327.4,0.53,0.5,2023-11-24,2033,N20,VIIRS,n,2,268.51,1.32,N,0,VIIRS_NOAA20_SP
29.91471,70.0186,298.27,0.53,0.5,2023-11-24,2033,N20,VIIRS,n,2,272.57,1.88,N,0,VIIRS_NOAA20_SP
20.82379,86.9579,299.48,0.46,0.64,2023-11-24,2034,N20,VIIRS,n,2,287.84,0.76,N,0,VIIRS_NOAA20_SP
20.95419,86.04667,301.64,0.4,0.6,2023-11-24,2034,N20,VIIRS,n,2,289.16,0.88,N,2,VIIRS_NOAA20_SP
20.95456,85.01324,300.45,0.34,0.56,2023-11-24,2034,N20,VIIRS,n,2,288.93,0.67,N,2,VIIRS_NOAA20_SP
20.95594,85.0068,300.99,0.34,0.56,2023-11-24,2034,N20,VIIRS,n,2,289.07,1.45,N,2,VIIRS_NOAA20_SP
20.95815,85.17215,302.97,0.35,0.57,2023-11-24,2034,N20,VIIRS,n,2,289.26,1.93,N,2,VIIRS_NOAA20_SP
20.96255,85.17673,307.98,0.35,0.57,2023-11-24,2034,N20,VIIRS,n,2,290.76,1.93,N,2,VIIRS_NOAA20_SP
20.96301,85.14924,302.72,0.35,0.57,2023-11-24,2034,N20,VIIRS,n,2,289.86,1.13,N,0,VIIRS_NOAA20_SP
20.96325,85.17345,335.46,0.35,0.57,2023-11-24,2034,N20,VIIRS,n,2,291.85,1.93,N,2,VIIRS_NOAA20_SP
20.96395,85.17017,322.26,0.35,0.57,2023-11-24,2034,N20,VIIRS,n,2,291.54,2.51,N,2,VIIRS_NOAA20_SP
20.96464,85.16691,312.26,0.35,0.57,2023-11-24,2034,N20,VIIRS,n,2,291.06,2.51,N,2,VIIRS_NOAA20_SP
20.96534,85.16362,313.17,0.35,0.57,2023-11-24,2034,N20,VIIRS,n,2,289.93,2.61,N,2,VIIRS_NOAA20_SP
20.96555,85.188,301.84,0.35,0.57,2023-11-24,2034,N20,VIIRS,n,2,290.06,0.76,N,2,VIIRS_NOAA20_SP
20.96741,85.15382,303.38,0.35,0.57,2023-11-24,2034,N20,VIIRS,n,2,289.19,2.26,N,2,VIIRS_NOAA20_SP
20.96779,86.01071,334.92,0.4,0.6,2023-11-24,2034,N20,VIIRS,n,2,289.91,4.63,N,2,VIIRS_NOAA20_SP
20.96812,85.15049,309.55,0.35,0.57,2023-11-24,2034,N20,VIIRS,n,2,289.29,1.13,N,2,VIIRS_NOAA20_SP
20.96836,85.17474,307.12,0.35,0.57,2023-11-24,2034,N20,VIIRS,n,2,289.53,3.41,N,2,VIIRS_NOAA20_SP
20.96903,85.0203,299.28,0.34,0.56,2023-11-24,2034,N20,VIIRS,n,2,289.25,0.91,N,0,VIIRS_NOAA20_SP
20.96905,85.17149,333.31,0.35,0.57,2023-11-24,2034,N20,VIIRS,n,2,290.28,1.73,N,2,VIIRS_NOAA20_SP
20.96972,85.01707,303.55,0.34,0.56,2023-11-24,2034,N20,VIIRS,n,2,289.37,0.91,N,0,VIIRS_NOAA20_SP
20.96974,85.16822,300.36,0.35,0.57,2023-11-24,2034,N20,VIIRS,n,2,289.48,1.73,N,2,VIIRS_NOAA20_SP
20.97041,85.01385,315.73,0.34,0.56,2023-11-24,2034,N20,VIIRS,n,2,288.41,1.53,N,0,VIIRS_NOAA20_SP
20.9706,85.17298,341.91,0.35,0.57,2023-11-24,2034,N20,VIIRS,n,2,292.23,2.81,N,2,VIIRS_NOAA20_SP
20.97131,85.16975,308.25,0.35,0.57,2023-11-24,2034,N20,VIIRS,n,2,289.28,2.81,N,2,VIIRS_NOAA20_SP
20.97202,85.16647,304.06,0.35,0.57,2023-11-24,2034,N20,VIIRS,n,2,290.26,1.55,N,2,VIIRS_NOAA20_SP
20.97415,85.17278,315.71,0.35,0.57,2023-11-24,2034,N20,VIIRS,n,2,289.63,1.73,N,2,VIIRS_NOAA20_SP
20.97669,85.13537,304.66,0.35,0.57,2023-11-24,2034,N20,VIIRS,n,2,289.77,0.9,N,2,VIIRS_NOAA20_SP
20.97706,85.1435,305.17,0.35,0.57,2023-11-24,2034,N20,VIIRS,n,2,288.71,0.89,N,2,VIIRS_NOAA20_SP
20.97739,85.13209,305.2,0.35,0.57,2023-11-24,2034,N20,VIIRS,n,2,289.47,1.26,N,2,VIIRS_NOAA20_SP
20.97848,85.13699,310.25,0.35,0.57,2023-11-24,2034,N20,VIIRS,n,2,290.27,1.85,N,2,VIIRS_NOAA20_SP
20.9792,85.13372,305.54,0.35,0.57,2023-11-24,2034,N20,VIIRS,n,2,289.48,1.97,N,2,VIIRS_NOAA20_SP
20.97971,85.14647,302.42,0.35,0.57,2023-11-24,2034,N20,VIIRS,n,2,289.14,0.88,N,2,VIIRS_NOAA20_SP
20.98178,85.13667,305.04,0.35,0.57,2023-11-24,2034,N20,VIIRS,n,2,289.36,0.9,N,2,VIIRS_NOAA20_SP
20.98645,85.12508,301.86,0.35,0.57,2023-11-24,2034,N20,VIIRS,n,2,288.3,1.0,N,0,VIIRS_NOAA20_SP
20.99844,86.02629,298.88,0.4,0.6,2023-11-24,2034,N20,VIIRS,n,2,288.07,0.64,N,0,VIIRS_NOAA20_SP
21.00027,86.02512,306.62,0.4,0.6,2023-11-24,2034,N20,VIIRS,n,2,288.49,0.87,N,0,VIIRS_NOAA20_SP
21.06478,85.03478,306.56,0.34,0.56,2023-11-24,2034,N20,VIIRS,n,2,288.93,1.36,N,2,VIIRS_NOAA20_SP
21.07419,85.04056,301.3,0.34,0.56,2023-11-24,2034,N20,VIIRS,n,2,288.98,1.77,N,2,VIIRS_NOAA20_SP
21.07924,85.04186,332.41,0.34,0.56,2023-11-24,2034,N20,VIIRS,n,2,290.63,1.77,N,2,VIIRS_NOAA20_SP
21.07992,85.03865,315.89,0.34,0.56,2023-11-24,2034,N20,VIIRS,n,2,289.46,1.77,N,2,VIIRS_NOAA20_SP
21.08061,85.03543,304.31,0.34,0.56,2023-11-24,2034,N20,VIIRS,n,2,290.82,1.21,N,2,VIIRS_NOAA20_SP
21.0813,85.03218,299.44,0.34,0.56,2023-11-24,2034,N20,VIIRS,n,2,289.08,1.21,N,2,VIIRS_NOAA20_SP
21.67776,84.03872,315.59,0.58,0.52,2023-11-24,2034,N20,VIIRS,n,2,290.1,3.8,N,2,VIIRS_NOAA20_SP
21.68245,84.03986,301.14,0.58,0.52,2023-11-24,2034,N20,VIIRS,n,2,289.43,2.07,N,2,VIIRS_NOAA20_SP
21.73033,82.21281,302.62,0.44,0.46,2023-11-24,2034,N20,VIIRS,n,2,290.82,1.05,N,2,VIIRS_NOAA20_SP
21.75494,84.02279,300.68,0.57,0.52,2023-11-24,2034,N20,VIIRS,n,2,287.7,1.63,N,2,VIIRS_NOAA20_SP
21.75564,84.02459,303.32,0.57,0.52,2023-11-24,2034,N20,VIIRS,n,2,289.38,1.62,N,2,VIIRS_NOAA20_SP
21.75964,84.02389,300.56,0.57,0.52,2023-11-24,2034,N20,VIIRS,n,2,288.85,1.63,N,2,VIIRS_NOAA20_SP
21.76543,84.01962,302.26,0.57,0.52,2023-11-24,2034,N20,VIIRS,n,2,288.77,1.36,N,2,VIIRS_NOAA20_SP
21.76616,84.02142,301.93,0.57,0.52,2023-11-24,2034,N20,VIIRS,n,2,287.78,2.05,N,2,VIIRS_NOAA20_SP
21.76729,84.01608,310.24,0.57,0.52,2023-11-24,2034,N20,VIIRS,n,2,289.18,2.05,N,2,VIIRS_NOAA20_SP
21.769,84.02618,304.4,0.57,0.52,2023-11-24,2034,N20,VIIRS,n,2,286.93,1.36,N,2,VIIRS_NOAA20_SP
21.77011,84.02074,307.02,0.57,0.52,2023-11-24,2034,N20,VIIRS,n,2,289.39,1.36,N,2,VIIRS_NOAA20_SP
21.7803,83.82733,299.03,0.56,0.51,2023-11-24,2034,N20,VIIRS,n,2,288.18,1.38,N,0,VIIRS_NOAA20_SP
21.80338,85.56586,299.34,0.36,0.57,2023-11-24,2034,N20,VIIRS,n,2,286.54,0.54,N,0,VIIRS_NOAA20_SP
21.82228,83.8942,298.56,0.56,0.51,2023-11-24,2034,N20,VIIRS,n,2,288.22,1.38,N,0,VIIRS_NOAA20_SP
21.87628,83.49554,306.01,0.53,0.5,2023-11-24,2034,N20,VIIRS,n,2,289.49,1.82,N,2,VIIRS_NOAA20_SP
21.87714,83.49254,302.94,0.53,0.5,2023-11-24,2034,N20,VIIRS,n,2,288.75,0.84,N,2,VIIRS_NOAA20_SP
21.87828,83.55572,307.63,0.53,0.5,2023-11-24,2034,N20,VIIRS,n,2,289.8,2.78,N,2,VIIRS_NOAA20_SP
21.92028,83.35265,307.95,0.51,0.5,2023-11-24,2034,N20,VIIRS,n,2,292.07,2.25,N,2,VIIRS_NOAA20_SP
21.92128,83.34777,316.64,0.51,0.5,2023-11-24,2034,N20,VIIRS,n,2,291.53,3.07,N,2,VIIRS_NOAA20_SP
21.92577,83.3488,308.19,0.51,0.5,2023-11-24,2034,N20,VIIRS,n,2,289.83,2.43,N,2,VIIRS_NOAA20_SP
21.92776,83.33908,319.17,0.51,0.5,2023-11-24,2034,N20,VIIRS,n,2,291.25,3.14,N,3,VIIRS_NOAA20_SP
21.93139,85.22199,313.79,0.34,0.56,2023-11-24,2034,N20,VIIRS,n,2,287.84,1.15,N,2,VIIRS_NOAA20_SP
21.9321,85.21869,309.79,0.34,0.56,2023-11-24,2034,N20,VIIRS,n,2,287.27,1.15,N,2,VIIRS_NOAA20_SP
21.96797,85.31292,303.29,0.34,0.56,2023-11-24,2034,N20,VIIRS,n,2,286.62,0.69,N,2,VIIRS_NOAA20_SP
21.98707,83.23158,302.98,0.5,0.49,2023-11-24,2034,N20,VIIRS,n,2,289.73,1.18,N,2,VIIRS_NOAA20_SP
22.0039,82.66978,314.07,0.47,0.47,2023-11-24,2034,N20,VIIRS,n,2,290.37,1.7,N,2,VIIRS_NOAA20_SP
22.00477,82.6654,299.33,0.47,0.47,2023-11-24,2034,N20,VIIRS,n,2,287.86,1.7,N,2,VIIRS_NOAA20_SP
22.02439,83.37961,302.13,0.51,0.5,2023-11-24,2034,N20,VIIRS,n,2,289.11,1.49,N,2,VIIRS_NOAA20_SP
22.02509,83.3082,298.13,0.51,0.49,2023-11-24,2034,N20,VIIRS,n,2,288.03,0.83,N,0,VIIRS_NOAA20_SP
22.03291,83.36107,302.12,0.51,0.5,2023-11-24,2034,N20,VIIRS,n,2,289.79,1.78,N,2,VIIRS_NOAA20_SP
22.03727,83.72914,301.44,0.54,0.51,2023-11-24,2034,N20,VIIRS,n,2,285.88,2.04,N,2,VIIRS_NOAA20_SP
22.03839,83.72887,302.5,0.54,0.51,2023-11-24,2034,N20,VIIRS,n,2,285.8,0.26,N,2,VIIRS_NOAA20_SP
22.03941,83.35226,300.11,0.51,0.5,2023-11-24,2034,N20,VIIRS,n,2,289.12,1.34,N,2,VIIRS_NOAA20_SP
22.04077,83.73539,314.44,0.54,0.51,2023-11-24,2034,N20,VIIRS,n,2,287.35,2.04,N,2,VIIRS_NOAA20_SP
22.04184,83.73028,315.05,0.54,0.51,2023-11-24,2034,N20,VIIRS,n,2,287.54,2.04,N,2,VIIRS_NOAA20_SP
22.04192,83.73515,318.26,0.54,0.51,2023-11-24,2034,N20,VIIRS,n,2,287.49,5.16,N,2,VIIRS_NOAA20_SP
22.04296,83.73002,328.58,0.54,0.51,2023-11-24,2034,N20,VIIRS,n,2,288.87,3.75,N,0,VIIRS_NOAA20_SP
22.04641,83.7314,323.73,0.54,0.51,2023-11-24,2034,N20,VIIRS,n,2,289.86,4.21,N,2,VIIRS_NOAA20_SP
22.04753,83.73115,318.14,0.54,0.51,2023-11-24,2034,N20,VIIRS,n,2,289.03,3.75,N,0,VIIRS_NOAA20_SP
22.05103,88.12212,303.5,0.51,0.66,2023-11-24,2034,N20,VIIRS,n,2,291.65,1.16,N,2,VIIRS_NOAA20_SP
22.05474,88.12484,317.84,0.51,0.66,2023-11-24,2034,N20,VIIRS,n,2,294.22,2.09,N,2,VIIRS_NOAA20_SP
22.05587,88.11999,308.16,0.51,0.66,2023-11-24,2034,N20,VIIRS,n,2,291.13,2.09,N,2,VIIRS_NOAA20_SP
22.05697,88.12372,318.18,0.51,0.66,2023-11-24,2034,N20,VIIRS,n,2,292.86,2.75,N,2,VIIRS_NOAA20_SP
22.0863,84.86101,298.44,0.32,0.54,2023-11-24,2034,N20,VIIRS,n,2,287.5,0.42,N,2,VIIRS_NOAA20_SP
22.10422,83.52271,309.08,0.52,0.5,2023-11-24,2034,N20,VIIRS,n,2,287.78,1.87,N,0,VIIRS_NOAA20_SP
22.10575,83.11819,301.78,0.49,0.49,2023-11-24,2034,N20,VIIRS,n,2,288.75,1.32,N,2,VIIRS_NOAA20_SP
22.11643,83.11092,306.42,0.49,0.49,2023-11-24,2034,N20,VIIRS,n,2,287.39,1.03,N,0,VIIRS_NOAA20_SP
22.13033,85.41433,297.06,0.34,0.56,2023-11-24,2034,N20,VIIRS,n,2,285.77,0.6,N,2,VIIRS_NOAA20_SP
22.13218,85.38068,302.06,0.34,0.56,2023-11-24,2034,N20,VIIRS,n,2,286.05,0.49,N,2,VIIRS_NOAA20_SP
22.13257,85.41534,302.25,0.34,0.56,2023-11-24,2034,N20,VIIRS,n,2,286.39,0.61,N,2,VIIRS_NOAA20_SP
22.13464,85.38175,301.67,0.34,0.56,2023-11-24,2034,N20,VIIRS,n,2,286.36,0.72,N,2,VIIRS_NOAA20_SP
22.20918,84.84704,304.05,0.63,0.54,2023-11-24,2034,N20,VIIRS,n,2,287.39,2.14,N,2,VIIRS_NOAA20_SP
22.21154,84.86018,297.41,0.63,0.54,2023-11-24,2034,N20,VIIRS,n,2,287.27,1.99,N,2,VIIRS_NOAA20_SP
22.32224,82.56253,311.24,0.45,0.47,2023-11-24,2034,N20,VIIRS,n,2,290.09,1.28,N,2,VIIRS_NOAA20_SP
22.3231,82.55822,299.73,0.45,0.47,2023-11-24,2034,N20,VIIRS,n,2,288.66,1.28,N,2,VIIRS_NOAA20_SP
22.32527,82.68148,299.22,0.46,0.47,2023-11-24,2034,N20,VIIRS,n,2,289.03,0.75,N,2,VIIRS_NOAA20_SP
22.32534,82.65862,302.53,0.46,0.47,2023-11-24,2034,N20,VIIRS,n,2,289.78,1.04,N,2,VIIRS_NOAA20_SP
22.33135,82.65079,319.78,0.46,0.47,2023-11-24,2034,N20,VIIRS,n,2,290.86,3.22,N,2,VIIRS_NOAA20_SP
22.36535,87.01614,325.76,0.43,0.62,2023-11-24,2034,N20,VIIRS,n,2,292.8,3.01,N,2,VIIRS_NOAA20_SP
22.36615,87.29906,300.79,0.45,0.63,2023-11-24,2034,N20,VIIRS,n,2,290.6,1.49,N,2,VIIRS_NOAA20_SP
22.36711,87.29482,301.68,0.45,0.63,2023-11-24,2034,N20,VIIRS,n,2,288.86,1.1,N,0,VIIRS_NOAA20_SP
22.36747,87.29999,313.76,0.45,0.63,2023-11-24,2034,N20,VIIRS,n,2,291.87,1.58,N,2,VIIRS_NOAA20_SP
22.36845,87.29575,305.98,0.45,0.63,2023-11-24,2034,N20,VIIRS,n,2,289.91,1.58,N,2,VIIRS_NOAA20_SP
22.37178,87.30059,308.28,0.45,0.63,2023-11-24,2034,N20,VIIRS,n,2,290.08,0.96,N,2,VIIRS_NOAA20_SP
22.37658,87.27937,319.51,0.45,0.63,2023-11-24,2034,N20,VIIRS,n,2,292.94,1.78,N,2,VIIRS_NOAA20_SP
22.37754,87.27514,302.13,0.45,0.63,2023-11-24,2034,N20,VIIRS,n,2,289.8,1.78,N,2,VIIRS_NOAA20_SP
22.37804,87.28033,312.78,0.45,0.63,2023-11-24,2034,N20,VIIRS,n,2,293.38,2.52,N,2,VIIRS_NOAA20_SP
22.37902,87.27612,310.13,0.45,0.63,2023-11-24,2034,N20,VIIRS,n,2,290.46,2.13,N,2,VIIRS_NOAA20_SP
22.4769,88.00138,300.69,0.49,0.65,2023-11-24,2034,N20,VIIRS,n,2,288.89,0.52,N,0,VIIRS_NOAA20_SP
22.58845,85.90376,307.37,0.36,0.58,2023-11-24,2034,N20,VIIRS,n,2,289.48,1.03,N,2,VIIRS_NOAA20_SP
22.90221,77.94566,298.24,0.4,0.37,2023-11-24,2034,N20,VIIRS,n,2,287.08,0.23,N,0,VIIRS_NOAA20_SP
23.16708,82.34218,305.71,0.42,0.46,2023-11-24,2034,N20,VIIRS,n,2,288.08,0.95,N,2,VIIRS_NOAA20_SP
23.16788,82.33809,298.65,0.42,0.45,2023-11-24,2034,N20,VIIRS,n,2,287.66,0.95,N,2,VIIRS_NOAA20_SP
23.19188,78.31954,299.98,0.41,0.37,2023-11-24,2034,N20,VIIRS,n,2,285.42,0.48,N,0,VIIRS_NOAA20_SP
23.20476,78.28521,313.32,0.41,0.37,2023-11-24,2034,N20,VIIRS,n,2,286.88,1.57,N,0,VIIRS_NOAA20_SP
23.2638,77.9165,296.77,0.4,0.37,2023-11-24,2034,N20,VIIRS,n,2,286.0,0.27,N,0,VIIRS_NOAA20_SP
23.36302,77.99526,297.1,0.4,0.37,2023-11-24,2034,N20,VIIRS,n,2,285.67,0.45,N,0,VIIRS_NOAA20_SP
23.36486,77.39119,303.67,0.39,0.36,2023-11-24,2034,N20,VIIRS,n,2,285.33,0.83,N,0,VIIRS_NOAA20_SP
23.40765,72.4141,304.16,0.49,0.4,2023-11-24,2034,N20,VIIRS,n,2,289.75,0.52,N,0,VIIRS_NOAA20_SP
23.40876,72.41748,311.02,0.49,0.4,2023-11-24,2034,N20,VIIRS,n,2,290.63,1.11,N,0,VIIRS_NOAA20_SP
23.55288,87.24279,303.92,0.42,0.61,2023-11-24,2034,N20,VIIRS,n,2,291.35,2.34,N,3,VIIRS_NOAA20_SP
23.56018,87.23632,305.78,0.42,0.61,2023-11-24,2034,N20,VIIRS,n,2,287.89,2.06,N,2,VIIRS_NOAA20_SP
23.56094,87.08129,308.68,0.41,0.61,2023-11-24,2034,N20,VIIRS,n,2,288.46,1.24,N,0,VIIRS_NOAA20_SP
23.56198,87.22842,302.28,0.42,0.61,2023-11-24,2034,N20,VIIRS,n,2,287.79,0.95,N,2,VIIRS_NOAA20_SP
23.6028,87.15098,299.38,0.41,0.61,2023-11-24,2034,N20,VIIRS,n,2,288.18,0.94,N,2,VIIRS_NOAA20_SP
23.60808,87.15241,300.22,0.41,0.61,2023-11-24,2034,N20,VIIRS,n,2,288.22,1.6,N,0,VIIRS_NOAA20_SP
23.61084,87.14061,298.26,0.41,0.61,2023-11-24,2034,N20,VIIRS,n,2,286.5,1.16,N,2,VIIRS_NOAA20_SP
23.61697,86.78685,302.66,0.39,0.59,2023-11-24,2034,N20,VIIRS,n,2,289.52,1.32,N,2,VIIRS_NOAA20_SP
23.61737,86.8597,302.34,0.4,0.6,2023-11-24,2034,N20,VIIRS,n,2,287.93,0.93,N,2,VIIRS_NOAA20_SP
23.65841,85.50504,300.25,0.32,0.55,2023-11-24,2034,N20,VIIRS,n,2,286.7,0.74,N,2,VIIRS_NOAA20_SP
23.66718,86.41983,302.04,0.37,0.58,2023-11-24,2034,N20,VIIRS,n,2,288.08,0.74,N,2,VIIRS_NOAA20_SP
23.66844,86.41858,305.7,0.37,0.58,2023-11-24,2034,N20,VIIRS,n,2,288.05,1.12,N,2,VIIRS_NOAA20_SP
23.67278,86.39523,299.81,0.37,0.58,2023-11-24,2034,N20,VIIRS,n,2,287.76,0.61,N,0,VIIRS_NOAA20_SP
23.67311,86.39741,300.22,0.37,0.58,2023-11-24,2034,N20,VIIRS,n,2,289.0,0.95,N,2,VIIRS_NOAA20_SP
23.6796,86.3895,301.67,0.37,0.58,2023-11-24,2034,N20,VIIRS,n,2,288.16,1.53,N,2,VIIRS_NOAA20_SP
23.68404,86.39422,308.17,0.37,0.58,2023-11-24,2034,N20,VIIRS,n,2,289.15,2.65,N,2,VIIRS_NOAA20_SP
23.68482,86.39082,317.76,0.37,0.58,2023-11-24,2034,N20,VIIRS,n,2,290.29,1.53,N,2,VIIRS_NOAA20_SP
23.68963,87.09933,303.21,0.41,0.6,2023-11-24,2034,N20,VIIRS,n,2,290.7,1.79,N,2,VIIRS_NOAA20_SP
23.69056,87.12045,315.6,0.41,0.61,2023-11-24,2034,N20,VIIRS,n,2,291.58,1.68,N,2,VIIRS_NOAA20_SP
23.69326,87.10864,301.78,0.41,0.61,2023-11-24,2034,N20,VIIRS,n,2,288.73,1.14,N,2,VIIRS_NOAA20_SP
23.69416,87.10472,305.99,0.41,0.61,2023-11-24,2034,N20,VIIRS,n,2,289.43,1.14,N,2,VIIRS_NOAA20_SP
23.696,87.12189,310.34,0.41,0.61,2023-11-24,2034,N20,VIIRS,n,2,290.5,1.68,N,2,VIIRS_NOAA20_SP
23.72208,85.52378,296.92,0.32,0.55,2023-11-24,2034,N20,VIIRS,n,2,286.79,0.45,N,2,VIIRS_NOAA20_SP
23.73367,86.75677,301.88,0.39,0.59,2023-11-24,2034,N20,VIIRS,n,2,290.21,1.58,N,2,VIIRS_NOAA20_SP
23.7371,85.00784,302.8,0.6,0.53,2023-11-24,2034,N20,VIIRS,n,2,287.96,3.57,N,2,VIIRS_NOAA20_SP
23.7387,85.00697,306.57,0.6,0.53,2023-11-24,2034,N20,VIIRS,n,2,288.48,1.79,N,2,VIIRS_NOAA20_SP
23.74724,85.50601,302.06,0.32,0.55,2023-11-24,2034,N20,VIIRS,n,2,286.98,0.5,N,2,VIIRS_NOAA20_SP
23.74942,86.42226,303.18,0.37,0.58,2023-11-24,2034,N20,VIIRS,n,2,290.19,0.72,N,2,VIIRS_NOAA20_SP
23.75411,86.40117,300.11,0.37,0.58,2023-11-24,2034,N20,VIIRS,n,2,288.75,2.48,N,0,VIIRS_NOAA20_SP
23.75933,86.40247,329.83,0.37,0.58,2023-11-24,2034,N20,VIIRS,n,2,292.3,2.48,N,2,VIIRS_NOAA20_SP
23.7601,86.39901,335.18,0.37,0.58,2023-11-24,2034,N20,VIIRS,n,2,292.89,2.48,N,2,VIIRS_NOAA20_SP
23.76087,86.39553,303.2,0.37,0.58,2023-11-24,2034,N20,VIIRS,n,2,291.57,1.75,N,2,VIIRS_NOAA20_SP
23.76165,86.39202,310.76,0.37,0.58,2023-11-24,2034,N20,VIIRS,n,2,292.06,1.75,N,2,VIIRS_NOAA20_SP
23.76644,86.39407,314.89,0.37,0.58,2023-11-24,2034,N20,VIIRS,n,2,295.49,3.51,N,2,VIIRS_NOAA20_SP
23.76685,86.39335,313.92,0.37,0.58,2023-11-24,2034,N20,VIIRS,n,2,295.47,3.56,N,2,VIIRS_NOAA20_SP
23.76724,86.39055,305.42,0.37,0.58,2023-11-24,2034,N20,VIIRS,n,2,292.82,1.58,N,2,VIIRS_NOAA20_SP
23.77004,86.4024,301.1,0.37,0.58,2023-11-24,2034,N20,VIIRS,n,2,290.58,1.48,N,2,VIIRS_NOAA20_SP
23.7705,86.40172,304.46,0.37,0.58,2023-11-24,2034,N20,VIIRS,n,2,290.41,1.75,N,2,VIIRS_NOAA20_SP
23.77057,86.01083,297.56,0.35,0.57,2023-11-24,2034,N20,VIIRS,n,2,286.25,0.47,N,0,VIIRS_NOAA20_SP
23.77326,86.3883,302.15,0.37,0.58,2023-11-24,2034,N20,VIIRS,n,2,290.44,1.58,N,2,VIIRS_NOAA20_SP
23.77363,86.38757,308.4,0.37,0.58,2023-11-24,2034,N20,VIIRS,n,2,289.87,3.23,N,2,VIIRS_NOAA20_SP
23.77407,86.38477,301.73,0.37,0.58,2023-11-24,2034,N20,VIIRS,n,2,289.97,1.12,N,2,VIIRS_NOAA20_SP
23.77441,86.38404,303.97,0.37,0.58,2023-11-24,2034,N20,VIIRS,n,2,289.22,1.29,N,2,VIIRS_NOAA20_SP
23.77511,86.2083,296.52,0.36,0.57,2023-11-24,2034,N20,VIIRS,n,2,286.21,0.93,N,2,VIIRS_NOAA20_SP
23.77767,86.39313,308.98,0.37,0.58,2023-11-24,2034,N20,VIIRS,n,2,292.93,1.19,N,2,VIIRS_NOAA20_SP
23.77805,86.39242,311.33,0.37,0.58,2023-11-24,2034,N20,VIIRS,n,2,293.47,1.45,N,2,VIIRS_NOAA20_SP
23.77848,86.38956,304.4,0.37,0.58,2023-11-24,2034,N20,VIIRS,n,2,291.33,1.19,N,2,VIIRS_NOAA20_SP
23.77884,86.38885,309.76,0.37,0.58,2023-11-24,2034,N20,VIIRS,n,2,292.03,1.45,N,2,VIIRS_NOAA20_SP
23.77928,86.38606,315.35,0.37,0.58,2023-11-24,2034,N20,VIIRS,n,2,289.15,1.94,N,2,VIIRS_NOAA20_SP
23.78243,86.37223,308.51,0.37,0.58,2023-11-24,2034,N20,VIIRS,n,2,289.49,0.74,N,2,VIIRS_NOAA20_SP
23.78268,86.37147,305.72,0.37,0.58,2023-11-24,2034,N20,VIIRS,n,2,288.77,0.68,N,2,VIIRS_NOAA20_SP
23.78278,86.34663,301.06,0.36,0.58,2023-11-24,2034,N20,VIIRS,n,2,288.64,0.64,N,2,VIIRS_NOAA20_SP
23.78287,86.34577,305.75,0.36,0.58,2023-11-24,2034,N20,VIIRS,n,2,289.92,1.18,N,2,VIIRS_NOAA20_SP
23.78287,86.39445,307.32,0.37,0.58,2023-11-24,2034,N20,VIIRS,n,2,290.48,1.19,N,2,VIIRS_NOAA20_SP
23.78326,86.39376,309.5,0.37,0.58,2023-11-24,2034,N20,VIIRS,n,2,291.12,1.45,N,2,VIIRS_NOAA20_SP
23.78357,86.34317,305.48,0.36,0.58,2023-11-24,2034,N20,VIIRS,n,2,288.26,0.91,N,2,VIIRS_NOAA20_SP
23.78368,86.3909,305.95,0.37,0.58,2023-11-24,2034,N20,VIIRS,n,2,289.03,1.19,N,2,VIIRS_NOAA20_SP
23.78596,86.33178,300.17,0.36,0.58,2023-11-24,2034,N20,VIIRS,n,2,289.08,0.81,N,2,VIIRS_NOAA20_SP
23.78596,86.33269,304.81,0.36,0.58,2023-11-24,2034,N20,VIIRS,n,2,291.02,0.8,N,2,VIIRS_NOAA20_SP
23.78842,86.37009,300.78,0.37,0.58,2023-11-24,2034,N20,VIIRS,n,2,288.01,0.74,N,2,VIIRS_NOAA20_SP
23.78864,86.36934,298.83,0.37,0.58,2023-11-24,2034,N20,VIIRS,n,2,288.03,0.68,N,2,VIIRS_NOAA20_SP
23.79238,86.3527,300.09,0.36,0.58,2023-11-24,2034,N20,VIIRS,n,2,289.47,1.13,N,2,VIIRS_NOAA20_SP
23.79248,86.3519,308.68,0.36,0.58,2023-11-24,2034,N20,VIIRS,n,2,290.48,1.25,N,2,VIIRS_NOAA20_SP
23.79316,86.34927,317.03,0.36,0.58,2023-11-24,2034,N20,VIIRS,n,2,290.82,1.13,N,2,VIIRS_NOAA20_SP
23.79324,86.34846,309.39,0.36,0.58,2023-11-24,2034,N20,VIIRS,n,2,289.98,1.25,N,2,VIIRS_NOAA20_SP
23.80388,86.32621,299.46,0.36,0.58,2023-11-24,2034,N20,VIIRS,n,2,289.36,1.49,N,2,VIIRS_NOAA20_SP
23.82657,85.50001,310.65,0.32,0.55,2023-11-24,2034,N20,VIIRS,n,2,292.8,2.1,N,2,VIIRS_NOAA20_SP
23.98802,79.39107,298.21,0.44,0.38,2023-11-24,2034,N20,VIIRS,n,2,287.85,0.52,N,2,VIIRS_NOAA20_SP
24.05325,80.61196,304.62,0.5,0.41,2023-11-24,2034,N20,VIIRS,n,2,290.89,1.44,N,2,VIIRS_NOAA20_SP
24.12044,86.35532,298.88,0.36,0.57,2023-11-24,2034,N20,VIIRS,n,2,287.62,0.56,N,2,VIIRS_NOAA20_SP
24.14196,82.56247,314.97,0.42,0.45,2023-11-24,2034,N20,VIIRS,n,2,289.03,1.6,N,0,VIIRS_NOAA20_SP
24.14337,82.56346,304.88,0.42,0.45,2023-11-24,2034,N20,VIIRS,n,2,288.32,1.06,N,0,VIIRS_NOAA20_SP
24.16675,80.69476,302.53,0.5,0.41,2023-11-24,2034,N20,VIIRS,n,2,286.97,1.28,N,2,VIIRS_NOAA20_SP
24.16904,80.69246,306.92,0.5,0.41,2023-11-24,2034,N20,VIIRS,n,2,287.85,1.33,N,2,VIIRS_NOAA20_SP
24.18054,82.64866,302.4,0.42,0.45,2023-11-24,2034,N20,VIIRS,n,2,288.7,1.13,N,0,VIIRS_NOAA20_SP
24.18302,82.65787,301.54,0.42,0.46,2023-11-24,2034,N20,VIIRS,n,2,286.86,0.62,N,0,VIIRS_NOAA20_SP
24.20269,80.8007,302.33,0.5,0.41,2023-11-24,2034,N20,VIIRS,n,2,288.83,0.96,N,2,VIIRS_NOAA20_SP
24.20541,82.52296,304.46,0.42,0.45,2023-11-24,2034,N20,VIIRS,n,2,286.34,0.73,N,2,VIIRS_NOAA20_SP
24.20781,82.70695,312.45,0.43,0.46,2023-11-24,2034,N20,VIIRS,n,2,289.02,2.28,N,2,VIIRS_NOAA20_SP
24.237,81.35,309.75,0.54,0.42,2023-11-24,2034,N20,VIIRS,n,2,286.6,1.42,N,0,VIIRS_NOAA20_SP
24.5642,81.00223,300.06,0.51,0.41,2023-11-24,2034,N20,VIIRS,n,2,289.98,1.14,N,2,VIIRS_NOAA20_SP
24.58086,74.80211,304.35,0.41,0.37,2023-11-24,2034,N20,VIIRS,n,2,290.37,1.02,N,2,VIIRS_NOAA20_SP
24.64374,74.68468,301.91,0.41,0.37,2023-11-24,2034,N20,VIIRS,n,2,288.86,0.93,N,0,VIIRS_NOAA20_SP
24.66144,74.63396,305.38,0.41,0.37,2023-11-24,2034,N20,VIIRS,n,2,290.8,1.35,N,2,VIIRS_NOAA20_SP
24.71524,75.95094,300.88,0.39,0.36,2023-11-24,2034,N20,VIIRS,n,2,289.31,0.48,N,2,VIIRS_NOAA20_SP
24.71583,74.66815,301.15,0.41,0.37,2023-11-24,2034,N20,VIIRS,n,2,289.04,0.77,N,2,VIIRS_NOAA20_SP
24.75193,76.22182,313.06,0.39,0.36,2023-11-24,2034,N20,VIIRS,n,2,285.71,1.06,N,0,VIIRS_NOAA20_SP
24.82382,73.09179,306.08,0.47,0.4,2023-11-24,2034,N20,VIIRS,n,2,291.48,1.51,N,2,VIIRS_NOAA20_SP
24.92923,77.02528,305.55,0.38,0.36,2023-11-24,2034,N20,VIIRS,n,2,286.95,0.88,N,0,VIIRS_NOAA20_SP
24.93445,74.63215,301.53,0.41,0.37,2023-11-24,2034,N20,VIIRS,n,2,290.47,1.38,N,2,VIIRS_NOAA20_SP
25.14726,77.15166,301.27,0.38,0.36,2023-11-24,2034,N20,VIIRS,n,2,285.93,0.53,N,0,VIIRS_NOAA20_SP
26.09206,68.87884,300.96,0.56,0.52,2023-11-24,2034,N20,VIIRS,n,2,286.76,1.44,N,2,VIIRS_NOAA20_SP
26.25984,74.09354,301.75,0.44,0.39,2023-11-24,2034,N20,VIIRS,n,2,289.87,0.86,N,0,VIIRS_NOAA20_SP
26.2719,74.19006,307.59,0.44,0.38,2023-11-24,2034,N20,VIIRS,n,2,293.28,1.49,N,2,VIIRS_NOAA20_SP
20.24055,86.6062,304.9,0.45,0.63,2023-11-24,2035,N20,VIIRS,n,2,288.2,4.51,N,0,VIIRS_NOAA20_SP
20.24231,86.6062,305.11,0.45,0.63,2023-11-24,2035,N20,VIIRS,n,2,288.7,4.28,N,2,VIIRS_NOAA20_SP
20.76336,85.29363,308.74,0.36,0.57,2023-11-24,2035,N20,VIIRS,n,2,289.07,1.66,N,2,VIIRS_NOAA20_SP
20.76408,85.29031,304.05,0.36,0.57,2023-11-24,2035,N20,VIIRS,n,2,288.12,1.37,N,2,VIIRS_NOAA20_SP
20.78614,85.2638,305.06,0.36,0.57,2023-11-24,2035,N20,VIIRS,n,2,289.24,2.37,N,2,VIIRS_NOAA20_SP
20.78687,85.26041,313.63,0.36,0.57,2023-11-24,2035,N20,VIIRS,n,2,289.85,2.9,N,2,VIIRS_NOAA20_SP
20.79424,85.25143,337.98,0.36,0.57,2023-11-24,2035,N20,VIIRS,n,2,290.43,4.64,N,2,VIIRS_NOAA20_SP
20.80453,85.25404,300.05,0.36,0.57,2023-11-24,2035,N20,VIIRS,n,2,288.64,1.58,N,2,VIIRS_NOAA20_SP
20.80967,85.2554,312.08,0.36,0.57,2023-11-24,2035,N20,VIIRS,n,2,289.76,1.62,N,2,VIIRS_NOAA20_SP
20.83719,70.69509,304.48,0.57,0.43,2023-11-24,2035,N20,VIIRS,n,2,294.2,1.35,N,2,VIIRS_NOAA20_SP
20.86549,84.994,302.59,0.34,0.56,2023-11-24,2035,N20,VIIRS,n,2,289.83,1.08,N,2,VIIRS_NOAA20_SP
20.86622,84.99061,302.93,0.34,0.56,2023-11-24,2035,N20,VIIRS,n,2,289.35,1.08,N,2,VIIRS_NOAA20_SP
20.86692,84.98729,299.32,0.34,0.56,2023-11-24,2035,N20,VIIRS,n,2,288.54,0.79,N,2,VIIRS_NOAA20_SP
20.88985,84.97958,305.94,0.34,0.56,2023-11-24,2035,N20,VIIRS,n,2,288.55,0.62,N,2,VIIRS_NOAA20_SP
20.90991,71.45984,308.48,0.51,0.41,2023-11-24,2035,N20,VIIRS,n,2,295.78,1.98,N,2,VIIRS_NOAA20_SP
21.10655,72.64308,316.08,0.45,0.39,2023-11-24,2035,N20,VIIRS,n,2,292.59,3.05,N,2,VIIRS_NOAA20_SP
21.1085,72.64589,315.59,0.45,0.39,2023-11-24,2035,N20,VIIRS,n,2,295.7,4.59,N,2,VIIRS_NOAA20_SP
21.10968,72.63719,315.02,0.45,0.39,2023-11-24,2035,N20,VIIRS,n,2,295.83,2.52,N,2,VIIRS_NOAA20_SP
21.11027,72.63283,311.27,0.45,0.39,2023-11-24,2035,N20,VIIRS,n,2,294.54,2.34,N,2,VIIRS_NOAA20_SP
21.11135,72.63496,324.35,0.45,0.39,2023-11-24,2035,N20,VIIRS,n,2,296.14,5.88,N,2,VIIRS_NOAA20_SP
21.11325,72.63776,308.21,0.45,0.39,2023-11-24,2035,N20,VIIRS,n,2,294.23,2.52,N,2,VIIRS_NOAA20_SP
21.11384,72.63339,308.35,0.45,0.39,2023-11-24,2035,N20,VIIRS,n,2,295.23,2.34,N,2,VIIRS_NOAA20_SP
21.18015,81.38548,302.13,0.4,0.44,2023-11-24,2035,N20,VIIRS,n,2,291.42,1.03,N,3,VIIRS_NOAA20_SP
21.18418,81.38635,304.89,0.4,0.44,2023-11-24,2035,N20,VIIRS,n,2,292.29,1.03,N,3,VIIRS_NOAA20_SP
21.18749,81.39105,309.23,0.4,0.44,2023-11-24,2035,N20,VIIRS,n,2,293.14,1.53,N,3,VIIRS_NOAA20_SP
21.19027,81.19948,300.29,0.39,0.44,2023-11-24,2035,N20,VIIRS,n,2,289.38,1.11,N,2,VIIRS_NOAA20_SP
21.23441,79.63053,301.86,0.49,0.4,2023-11-24,2035,N20,VIIRS,n,2,291.82,1.89,N,2,VIIRS_NOAA20_SP
21.26907,79.17879,300.49,0.46,0.39,2023-11-24,2035,N20,VIIRS,n,2,290.46,0.81,N,2,VIIRS_NOAA20_SP
21.30569,73.02366,302.97,0.44,0.38,2023-11-24,2035,N20,VIIRS,n,2,291.68,0.83,N,0,VIIRS_NOAA20_SP
21.30925,81.58974,299.45,0.41,0.45,2023-11-24,2035,N20,VIIRS,n,2,287.7,0.6,N,2,VIIRS_NOAA20_SP
21.36358,81.68339,301.54,0.42,0.45,2023-11-24,2035,N20,VIIRS,n,2,290.41,1.16,N,0,VIIRS_NOAA20_SP
21.36536,81.645,301.09,0.41,0.45,2023-11-24,2035,N20,VIIRS,n,2,290.26,1.58,N,2,VIIRS_NOAA20_SP
21.36738,81.67812,304.71,0.42,0.45,2023-11-24,2035,N20,VIIRS,n,2,290.36,1.76,N,2,VIIRS_NOAA20_SP
21.37504,81.63897,303.19,0.41,0.45,2023-11-24,2035,N20,VIIRS,n,2,289.81,1.68,N,2,VIIRS_NOAA20_SP
21.37524,71.55569,330.79,0.51,0.41,2023-11-24,2035,N20,VIIRS,n,2,291.78,6.76,N,0,VIIRS_NOAA20_SP
21.37555,81.67994,308.48,0.42,0.45,2023-11-24,2035,N20,VIIRS,n,2,291.46,1.18,N,2,VIIRS_NOAA20_SP
21.37962,81.68085,306.09,0.42,0.45,2023-11-24,2035,N20,VIIRS,n,2,290.45,1.18,N,2,VIIRS_NOAA20_SP
21.48879,81.77045,308.04,0.42,0.45,2023-11-24,2035,N20,VIIRS,n,2,290.49,1.41,N,2,VIIRS_NOAA20_SP
21.59143,74.32405,304.77,0.4,0.37,2023-11-24,2035,N20,VIIRS,n,2,291.26,0.63,N,0,VIIRS_NOAA20_SP
21.78911,72.12866,321.02,0.49,0.4,2023-11-24,2035,N20,VIIRS,n,2,293.31,2.11,N,0,VIIRS_NOAA20_SP
22.26477,75.13333,303.69,0.39,0.36,2023-11-24,2035,N20,VIIRS,n,2,291.85,0.81,N,2,VIIRS_NOAA20_SP
22.31758,69.85938,312.93,0.44,0.46,2023-11-24,2035,N20,VIIRS,n,2,294.38,1.43,N,0,VIIRS_NOAA20_SP
22.34478,69.87856,329.06,0.44,0.46,2023-11-24,2035,N20,VIIRS,n,2,294.14,2.32,N,2,VIIRS_NOAA20_SP
22.3558,77.14691,300.99,0.39,0.36,2023-11-24,2035,N20,VIIRS,n,2,288.14,0.46,N,0,VIIRS_NOAA20_SP
22.36278,76.53365,301.26,0.39,0.36,2023-11-24,2035,N20,VIIRS,n,2,291.22,0.63,N,0,VIIRS_NOAA20_SP
22.91049,69.69832,311.06,0.46,0.47,2023-11-24,2035,N20,VIIRS,n,2,293.62,1.4,N,2,VIIRS_NOAA20_SP
22.92383,70.1063,303.7,0.43,0.46,2023-11-24,2035,N20,VIIRS,n,2,292.03,0.2,N,0,VIIRS_NOAA20_SP
22.92699,69.82223,305.26,0.45,0.47,2023-11-24,2035,N20,VIIRS,n,2,293.42,0.94,N,2,VIIRS_NOAA20_SP
23.0147,70.10004,304.43,0.43,0.46,2023-11-24,2035,N20,VIIRS,n,2,292.29,1.42,N,2,VIIRS_NOAA20_SP
23.10735,70.18906,302.34,0.43,0.46,2023-11-24,2035,N20,VIIRS,n,2,291.35,0.38,N,2,VIIRS_NOAA20_SP
23.25801,70.26208,303.9,0.43,0.46,2023-11-24,2035,N20,VIIRS,n,2,293.26,0.85,N,0,VIIRS_NOAA20_SP
23.25849,70.2579,306.9,0.43,0.46,2023-11-24,2035,N20,VIIRS,n,2,292.99,0.85,N,0,VIIRS_NOAA20_SP
23.26365,70.25014,306.6,0.43,0.46,2023-11-24,2035,N20,VIIRS,n,2,293.45,1.41,N,2,VIIRS_NOAA20_SP
23.31658,70.48434,306.56,0.42,0.45,2023-11-24,2035,N20,VIIRS,n,2,292.89,1.41,N,2,VIIRS_NOAA20_SP
23.3168,70.1978,302.98,0.43,0.46,2023-11-24,2035,N20,VIIRS,n,2,291.58,0.96,N,0,VIIRS_NOAA20_SP
23.32796,70.2122,306.86,0.43,0.46,2023-11-24,2035,N20,VIIRS,n,2,291.19,0.64,N,0,VIIRS_NOAA20_SP
16.23979,76.05023,301.31,0.4,0.37,2023-11-24,2036,N20,VIIRS,n,2,287.03,0.26,N,0,VIIRS_NOAA20_SP
16.40859,75.90884,300.49,0.4,0.37,2023-11-24,2036,N20,VIIRS,n,2,272.27,0.28,N,0,VIIRS_NOAA20_SP
17.23409,74.46354,304.53,0.39,0.36,2023-11-24,2036,N20,VIIRS,n,2,279.67,0.75,N,0,VIIRS_NOAA20_SP
17.639,75.4975,316.24,0.39,0.36,2023-11-24,2036,N20,VIIRS,n,2,279.65,1.65,N,0,VIIRS_NOAA20_SP
18.32795,75.80534,310.51,0.39,0.36,2023-11-24,2036,N20,VIIRS,n,2,285.2,0.8,N,0,VIIRS_NOAA20_SP
18.56078,73.32192,310.24,0.41,0.37,2023-11-24,2036,N20,VIIRS,n,2,291.39,1.41,N,0,VIIRS_NOAA20_SP
18.64562,74.32139,311.1,0.39,0.36,2023-11-24,2036,N20,VIIRS,n,2,281.83,1.2,N,0,VIIRS_NOAA20_SP
18.68316,73.03266,303.73,0.42,0.38,2023-11-24,2036,N20,VIIRS,n,2,291.37,1.41,N,2,VIIRS_NOAA20_SP
18.68546,73.04111,304.13,0.42,0.37,2023-11-24,2036,N20,VIIRS,n,2,291.12,1.35,N,2,VIIRS_NOAA20_SP
18.68716,73.02927,315.55,0.42,0.38,2023-11-24,2036,N20,VIIRS,n,2,292.92,1.67,N,2,VIIRS_NOAA20_SP
18.69289,73.03827,303.78,0.42,0.38,2023-11-24,2036,N20,VIIRS,n,2,290.82,0.84,N,2,VIIRS_NOAA20_SP
18.70892,72.341,309.3,0.44,0.39,2023-11-24,2036,N20,VIIRS,n,2,296.71,0.57,N,3,VIIRS_NOAA20_SP
18.97278,71.62362,329.55,0.48,0.4,2023-11-24,2036,N20,VIIRS,n,2,297.1,1.71,N,3,VIIRS_NOAA20_SP
18.97631,71.62228,329.46,0.48,0.4,2023-11-24,2036,N20,VIIRS,n,2,296.7,1.41,N,3,VIIRS_NOAA20_SP
18.99507,76.59893,301.3,0.4,0.37,2023-11-24,2036,N20,VIIRS,n,2,288.33,0.9,N,0,VIIRS_NOAA20_SP
19.02184,72.88894,312.85,0.43,0.38,2023-11-24,2036,N20,VIIRS,n,2,296.02,2.31,N,0,VIIRS_NOAA20_SP
19.10058,73.05311,306.27,0.42,0.38,2023-11-24,2036,N20,VIIRS,n,2,293.52,0.79,N,0,VIIRS_NOAA20_SP
19.10344,73.05175,314.89,0.42,0.38,2023-11-24,2036,N20,VIIRS,n,2,293.88,1.23,N,2,VIIRS_NOAA20_SP
19.10404,73.05358,306.29,0.42,0.38,2023-11-24,2036,N20,VIIRS,n,2,293.7,0.79,N,2,VIIRS_NOAA20_SP
19.17736,70.94257,314.26,0.52,0.42,2023-11-24,2036,N20,VIIRS,n,2,296.62,1.25,N,3,VIIRS_NOAA20_SP
19.3704,71.35163,317.64,0.5,0.41,2023-11-24,2036,N20,VIIRS,n,2,296.63,5.38,N,3,VIIRS_NOAA20_SP
19.53127,71.30045,308.6,0.51,0.41,2023-11-24,2036,N20,VIIRS,n,2,296.84,4.02,N,3,VIIRS_NOAA20_SP
11.81765,77.91449,302.93,0.53,0.42,2023-11-24,2037,N20,VIIRS,n,2,287.92,1.61,N,2,VIIRS_NOAA20_SP
15.02185,78.0127,300.85,0.49,0.4,2023-11-24,2037,N20,VIIRS,n,2,285.65,0.73,N,2,VIIRS_NOAA20_SP
16.55488,95.75646,328.84,0.53,0.67,2023-11-25,604,N20,VIIRS,n,2,294.24,4.47,D,0,VIIRS_NOAA20_SP
16.66979,96.66792,330.15,0.46,0.63,2023-11-25,604,N20,VIIRS,n,2,295.71,2.82,D,0,VIIRS_NOAA20_SP
16.71185,96.69788,340.7,0.46,0.63,2023-11-25,604,N20,VIIRS,n,2,296.85,5.07,D,0,VIIRS_NOAA20_SP
16.71281,96.69838,337.35,0.46,0.63,2023-11-25,604,N20,VIIRS,n,2,296.78,4.18,D,0,VIIRS_NOAA20_SP
16.77219,97.36038,367.0,0.41,0.61,2023-11-25,604,N20,VIIRS,h,2,299.84,11.94,D,0,VIIRS_NOAA20_SP
16.79409,97.35555,336.19,0.41,0.61,2023-11-25,604,N20,VIIRS,n,2,298.03,2.4,D,0,VIIRS_NOAA20_SP
17.0098,97.07446,355.43,0.42,0.61,2023-11-25,605,N20,VIIRS,n,2,298.84,7.25,D,0,VIIRS_NOAA20_SP
17.05062,96.38598,329.3,0.47,0.64,2023-11-25,605,N20,VIIRS,n,2,297.72,3.27,D,0,VIIRS_NOAA20_SP
17.06872,97.19041,329.24,0.42,0.61,2023-11-25,605,N20,VIIRS,n,2,297.67,1.54,D,0,VIIRS_NOAA20_SP
17.09933,97.22732,339.96,0.41,0.61,2023-11-25,605,N20,VIIRS,n,2,299.43,4.93,D,0,VIIRS_NOAA20_SP
17.13119,97.13354,331.36,0.42,0.61,2023-11-25,605,N20,VIIRS,n,2,298.79,2.79,D,0,VIIRS_NOAA20_SP
17.22095,97.01639,352.29,0.42,0.61,2023-11-25,605,N20,VIIRS,n,2,299.27,5.39,D,0,VIIRS_NOAA20_SP
17.22185,96.82598,339.45,0.44,0.62,2023-11-25,605,N20,VIIRS,n,2,299.26,4.28,D,0,VIIRS_NOAA20_SP
17.27286,96.6631,328.89,0.45,0.63,2023-11-25,605,N20,VIIRS,n,2,297.96,4.63,D,0,VIIRS_NOAA20_SP
17.29975,96.81815,330.75,0.44,0.62,2023-11-25,605,N20,VIIRS,n,2,298.78,3.17,D,0,VIIRS_NOAA20_SP
17.3004,96.59647,349.11,0.45,0.63,2023-11-25,605,N20,VIIRS,n,2,297.57,4.84,D,0,VIIRS_NOAA20_SP
17.30451,96.81288,330.48,0.44,0.62,2023-11-25,605,N20,VIIRS,n,2,298.75,1.96,D,0,VIIRS_NOAA20_SP
17.36781,96.5428,333.46,0.45,0.63,2023-11-25,605,N20,VIIRS,n,2,297.4,2.47,D,0,VIIRS_NOAA20_SP
17.3735,96.5415,331.62,0.45,0.63,2023-11-25,605,N20,VIIRS,n,2,297.21,3.26,D,0,VIIRS_NOAA20_SP
17.37351,96.59785,346.91,0.45,0.63,2023-11-25,605,N20,VIIRS,n,2,299.87,3.81,D,0,VIIRS_NOAA20_SP
17.37788,96.56225,338.81,0.45,0.63,2023-11-25,605,N20,VIIRS,n,2,297.25,2.3,D,0,VIIRS_NOAA20_SP
17.38443,96.5651,329.99,0.45,0.63,2023-11-25,605,N20,VIIRS,n,2,297.29,2.3,D,0,VIIRS_NOAA20_SP
17.38704,96.81509,332.22,0.43,0.62,2023-11-25,605,N20,VIIRS,n,2,298.59,2.28,D,0,VIIRS_NOAA20_SP
17.39006,96.81488,329.25,0.43,0.62,2023-11-25,605,N20,VIIRS,n,2,298.47,2.21,D,0,VIIRS_NOAA20_SP
17.40261,96.65142,329.15,0.44,0.63,2023-11-25,605,N20,VIIRS,n,2,298.36,2.41,D,0,VIIRS_NOAA20_SP
17.40551,95.90517,340.27,0.5,0.66,2023-11-25,605,N20,VIIRS,n,2,297.08,4.51,D,0,VIIRS_NOAA20_SP
17.4185,96.5573,328.46,0.45,0.63,2023-11-25,605,N20,VIIRS,l,2,299.16,1.63,D,0,VIIRS_NOAA20_SP
17.4201,96.55654,328.82,0.45,0.63,2023-11-25,605,N20,VIIRS,l,2,298.98,2.7,D,0,VIIRS_NOAA20_SP
17.46359,96.80239,327.89,0.43,0.62,2023-11-25,605,N20,VIIRS,l,2,299.29,1.79,D,0,VIIRS_NOAA20_SP
17.49171,96.55757,338.37,0.45,0.63,2023-11-25,605,N20,VIIRS,n,2,298.62,3.09,D,0,VIIRS_NOAA20_SP
17.50264,96.8592,330.25,0.43,0.62,2023-11-25,605,N20,VIIRS,n,2,297.32,3.05,D,0,VIIRS_NOAA20_SP
17.55229,96.78992,333.14,0.43,0.62,2023-11-25,605,N20,VIIRS,n,2,297.65,3.42,D,0,VIIRS_NOAA20_SP
17.55787,96.78866,328.32,0.43,0.62,2023-11-25,605,N20,VIIRS,l,2,298.53,3.93,D,0,VIIRS_NOAA20_SP
17.58645,96.76997,327.95,0.43,0.62,2023-11-25,605,N20,VIIRS,n,2,297.21,0.86,D,0,VIIRS_NOAA20_SP
17.58891,96.76905,329.18,0.43,0.62,2023-11-25,605,N20,VIIRS,n,2,298.29,2.07,D,0,VIIRS_NOAA20_SP
17.96554,96.51815,326.7,0.44,0.62,2023-11-25,605,N20,VIIRS,l,2,298.35,4.18,D,0,VIIRS_NOAA20_SP
17.99049,96.60973,332.04,0.44,0.62,2023-11-25,605,N20,VIIRS,n,2,297.73,2.59,D,0,VIIRS_NOAA20_SP
17.99301,96.60774,334.98,0.43,0.62,2023-11-25,605,N20,VIIRS,n,2,298.61,2.83,D,0,VIIRS_NOAA20_SP
17.9973,96.6277,326.57,0.43,0.62,2023-11-25,605,N20,VIIRS,l,2,297.25,3.74,D,0,VIIRS_NOAA20_SP
18.00107,96.63245,327.28,0.43,0.62,2023-11-25,605,N20,VIIRS,l,2,298.23,2.35,D,0,VIIRS_NOAA20_SP
18.01541,96.60265,345.73,0.43,0.62,2023-11-25,605,N20,VIIRS,n,2,298.62,4.98,D,0,VIIRS_NOAA20_SP
18.01626,96.60664,326.12,0.43,0.62,2023-11-25,605,N20,VIIRS,l,2,297.47,5.39,D,0,VIIRS_NOAA20_SP
18.02101,96.60136,331.71,0.43,0.62,2023-11-25,605,N20,VIIRS,n,2,297.45,4.98,D,0,VIIRS_NOAA20_SP
18.02186,96.60536,334.99,0.43,0.62,2023-11-25,605,N20,VIIRS,n,2,297.71,5.39,D,0,VIIRS_NOAA20_SP
18.05375,96.58968,339.25,0.44,0.62,2023-11-25,605,N20,VIIRS,n,2,298.2,3.29,D,0,VIIRS_NOAA20_SP
18.17411,96.67159,326.54,0.43,0.62,2023-11-25,605,N20,VIIRS,l,2,296.91,2.66,D,0,VIIRS_NOAA20_SP
18.18793,96.50156,327.21,0.44,0.62,2023-11-25,605,N20,VIIRS,l,2,297.75,2.53,D,0,VIIRS_NOAA20_SP
18.25677,96.54867,330.3,0.43,0.62,2023-11-25,605,N20,VIIRS,n,2,297.16,2.46,D,0,VIIRS_NOAA20_SP
18.31805,96.61779,336.7,0.43,0.62,2023-11-25,605,N20,VIIRS,n,2,297.32,2.87,D,0,VIIRS_NOAA20_SP
18.32217,96.61824,337.71,0.43,0.62,2023-11-25,605,N20,VIIRS,n,2,297.12,3.38,D,0,VIIRS_NOAA20_SP
18.57063,95.39358,328.99,0.51,0.66,2023-11-25,605,N20,VIIRS,n,2,295.48,3.29,D,0,VIIRS_NOAA20_SP
18.7714,96.38158,327.77,0.43,0.62,2023-11-25,605,N20,VIIRS,n,2,295.31,4.03,D,0,VIIRS_NOAA20_SP
18.86082,96.37373,333.04,0.43,0.62,2023-11-25,605,N20,VIIRS,n,2,296.17,6.94,D,0,VIIRS_NOAA20_SP
19.25486,96.3159,325.5,0.43,0.62,2023-11-25,605,N20,VIIRS,n,2,293.71,2.31,D,0,VIIRS_NOAA20_SP
19.87268,96.22141,329.69,0.42,0.61,2023-11-25,605,N20,VIIRS,n,2,292.11,0.97,D,0,VIIRS_NOAA20_SP
19.87688,96.22088,326.9,0.42,0.61,2023-11-25,605,N20,VIIRS,n,2,295.68,1.95,D,0,VIIRS_NOAA20_SP
20.07158,96.91407,332.61,0.38,0.59,2023-11-25,605,N20,VIIRS,n,2,297.44,3.55,D,0,VIIRS_NOAA20_SP
21.54152,96.89758,336.05,0.35,0.57,2023-11-25,606,N20,VIIRS,n,2,295.95,3.09,D,0,VIIRS_NOAA20_SP
21.54267,96.89637,329.71,0.35,0.57,2023-11-25,606,N20,VIIRS,n,2,295.7,3.63,D,0,VIIRS_NOAA20_SP
23.15923,93.97814,335.27,0.5,0.66,2023-11-25,606,N20,VIIRS,n,2,293.51,8.01,D,0,VIIRS_NOAA20_SP
23.16131,93.97461,341.24,0.5,0.66,2023-11-25,606,N20,VIIRS,n,2,294.59,4.31,D,0,VIIRS_NOAA20_SP
24.17494,94.35646,331.83,0.45,0.63,2023-11-25,607,N20,VIIRS,n,2,294.26,3.19,D,0,VIIRS_NOAA20_SP
25.20249,96.9314,340.04,0.59,0.53,2023-11-25,607,N20,VIIRS,n,2,295.12,11.02,D,0,VIIRS_NOAA20_SP
25.93214,92.05535,335.08,0.57,0.69,2023-11-25,607,N20,VIIRS,n,2,292.13,5.16,D,0,VIIRS_NOAA20_SP
27.1613,96.11417,327.69,0.6,0.53,2023-11-25,607,N20,VIIRS,n,2,294.89,2.99,D,0,VIIRS_NOAA20_SP
27.1625,96.11475,331.78,0.6,0.53,2023-11-25,607,N20,VIIRS,n,2,294.87,5.58,D,0,VIIRS_NOAA20_SP
27.18846,96.19056,328.31,0.6,0.53,2023-11-25,607,N20,VIIRS,n,2,291.56,6.21,D,0,VIIRS_NOAA20_SP
27.18915,96.19157,335.07,0.6,0.53,2023-11-25,607,N20,VIIRS,n,2,291.78,3.44,D,0,VIIRS_NOAA20_SP
27.21903,96.12391,333.62,0.6,0.53,2023-11-25,607,N20,VIIRS,n,2,292.79,4.67,D,0,VIIRS_NOAA20_SP
27.48722,96.13782,326.09,0.59,0.53,2023-11-25,607,N20,VIIRS,n,2,296.14,3.91,D,0,VIIRS_NOAA20_SP
27.4944,97.15953,332.39,0.51,0.5,2023-11-25,607,N20,VIIRS,n,2,291.01,2.71,D,0,VIIRS_NOAA20_SP
27.63327,97.8792,332.11,0.46,0.47,2023-11-25,607,N20,VIIRS,n,2,293.96,3.99,D,0,VIIRS_NOAA20_SP
26.65418,91.09298,325.18,0.62,0.72,2023-11-25,608,N20,VIIRS,n,2,293.56,1.95,D,0,VIIRS_NOAA20_SP
27.60313,95.40353,325.69,0.33,0.55,2023-11-25,608,N20,VIIRS,n,2,294.63,1.27,D,2,VIIRS_NOAA20_SP
28.12097,95.39564,334.65,0.64,0.54,2023-11-25,608,N20,VIIRS,n,2,296.82,4.9,D,0,VIIRS_NOAA20_SP
28.12461,95.39524,331.2,0.64,0.54,2023-11-25,608,N20,VIIRS,n,2,297.46,6.81,D,0,VIIRS_NOAA20_SP
28.34135,97.05214,325.11,0.5,0.49,2023-11-25,608,N20,VIIRS,n,2,291.63,8.55,D,0,VIIRS_NOAA20_SP
28.34497,97.06946,329.73,0.5,0.49,2023-11-25,608,N20,VIIRS,n,2,288.05,3.63,D,0,VIIRS_NOAA20_SP
28.34982,97.0705,325.77,0.5,0.49,2023-11-25,608,N20,VIIRS,n,2,289.13,3.63,D,0,VIIRS_NOAA20_SP
28.34999,97.04909,343.08,0.5,0.49,2023-11-25,608,N20,VIIRS,n,2,291.54,11.58,D,0,VIIRS_NOAA20_SP
13.35803,79.42867,332.29,0.48,0.4,2023-11-25,745,N20,VIIRS,n,2,295.05,5.69,D,0,VIIRS_NOAA20_SP
14.50524,77.77791,330.8,0.57,0.43,2023-11-25,745,N20,VIIRS,n,2,294.91,3.25,D,0,VIIRS_NOAA20_SP
15.84853,78.65565,333.8,0.49,0.4,2023-11-25,745,N20,VIIRS,n,2,295.66,7.11,D,0,VIIRS_NOAA20_SP
16.05389,78.24775,336.6,0.51,0.41,2023-11-25,745,N20,VIIRS,n,2,299.5,6.02,D,0,VIIRS_NOAA20_SP
16.61639,96.4169,334.06,0.77,0.77,2023-11-25,745,N20,VIIRS,n,2,292.52,5.34,D,0,VIIRS_NOAA20_SP
18.35753,95.38812,329.4,0.69,0.74,2023-11-25,745,N20,VIIRS,n,2,292.11,2.92,D,0,VIIRS_NOAA20_SP
16.98963,76.55569,336.3,0.41,0.45,2023-11-25,746,N20,VIIRS,n,2,294.0,6.88,D,0,VIIRS_NOAA20_SP
16.99027,76.55556,336.03,0.41,0.45,2023-11-25,746,N20,VIIRS,n,2,293.53,8.04,D,0,VIIRS_NOAA20_SP
16.99032,76.55946,335.77,0.41,0.45,2023-11-25,746,N20,VIIRS,n,2,292.54,6.88,D,0,VIIRS_NOAA20_SP
16.99093,76.55933,340.5,0.41,0.45,2023-11-25,746,N20,VIIRS,n,2,292.84,8.04,D,0,VIIRS_NOAA20_SP
17.0037,74.90462,330.69,0.52,0.5,2023-11-25,746,N20,VIIRS,n,2,291.68,4.9,D,0,VIIRS_NOAA20_SP
17.07578,81.70277,330.69,0.39,0.36,2023-11-25,746,N20,VIIRS,n,2,297.38,4.55,D,0,VIIRS_NOAA20_SP
17.08725,81.33503,333.26,0.39,0.36,2023-11-25,746,N20,VIIRS,n,2,297.87,3.11,D,0,VIIRS_NOAA20_SP
17.20339,74.07432,334.88,0.59,0.53,2023-11-25,746,N20,VIIRS,n,2,294.51,6.43,D,0,VIIRS_NOAA20_SP
17.69943,76.19441,334.44,0.42,0.45,2023-11-25,746,N20,VIIRS,n,2,292.41,2.66,D,0,VIIRS_NOAA20_SP
17.81868,74.94963,330.9,0.5,0.49,2023-11-25,746,N20,VIIRS,n,2,295.27,3.85,D,0,VIIRS_NOAA20_SP
17.9075,76.231,337.09,0.41,0.45,2023-11-25,746,N20,VIIRS,n,2,298.54,3.64,D,0,VIIRS_NOAA20_SP
17.9083,76.23018,330.17,0.42,0.45,2023-11-25,746,N20,VIIRS,n,2,298.58,2.69,D,0,VIIRS_NOAA20_SP
17.91173,78.14841,333.18,0.49,0.4,2023-11-25,746,N20,VIIRS,n,2,298.69,4.63,D,0,VIIRS_NOAA20_SP
18.04175,78.29587,335.11,0.48,0.4,2023-11-25,746,N20,VIIRS,n,2,298.5,2.54,D,0,VIIRS_NOAA20_SP
18.15587,78.04087,339.14,0.49,0.4,2023-11-25,746,N20,VIIRS,n,2,298.96,4.24,D,0,VIIRS_NOAA20_SP
18.16586,77.83422,331.29,0.5,0.41,2023-11-25,746,N20,VIIRS,n,2,298.04,1.99,D,0,VIIRS_NOAA20_SP
18.18096,77.85535,333.44,0.5,0.41,2023-11-25,746,N20,VIIRS,n,2,295.9,3.54,D,0,VIIRS_NOAA20_SP
18.20026,77.85645,340.79,0.5,0.41,2023-11-25,746,N20,VIIRS,n,2,298.37,4.43,D,0,VIIRS_NOAA20_SP
18.20185,77.85354,335.13,0.5,0.41,2023-11-25,746,N20,VIIRS,n,2,298.38,4.26,D,0,VIIRS_NOAA20_SP
18.21512,77.75456,338.7,0.5,0.41,2023-11-25,746,N20,VIIRS,n,2,296.93,5.43,D,0,VIIRS_NOAA20_SP
18.41118,79.25028,331.61,0.43,0.38,2023-11-25,746,N20,VIIRS,n,2,298.26,2.5,D,0,VIIRS_NOAA20_SP
18.43166,79.35365,331.01,0.43,0.38,2023-11-25,746,N20,VIIRS,n,2,298.31,3.26,D,0,VIIRS_NOAA20_SP
18.46932,77.67501,334.05,0.51,0.41,2023-11-25,746,N20,VIIRS,n,2,296.94,3.39,D,0,VIIRS_NOAA20_SP
18.49004,79.51895,332.47,0.42,0.38,2023-11-25,746,N20,VIIRS,n,2,299.27,5.72,D,0,VIIRS_NOAA20_SP
18.53666,74.46794,340.0,0.52,0.5,2023-11-25,746,N20,VIIRS,n,2,296.6,11.83,D,0,VIIRS_NOAA20_SP
18.54118,74.46699,340.61,0.52,0.5,2023-11-25,746,N20,VIIRS,n,2,298.65,11.83,D,0,VIIRS_NOAA20_SP
18.55728,77.97105,334.82,0.49,0.4,2023-11-25,746,N20,VIIRS,n,2,288.94,4.98,D,0,VIIRS_NOAA20_SP
18.55917,77.74204,344.29,0.5,0.41,2023-11-25,746,N20,VIIRS,n,2,294.72,9.05,D,0,VIIRS_NOAA20_SP
18.56094,77.97034,333.97,0.49,0.4,2023-11-25,746,N20,VIIRS,n,2,286.7,4.98,D,0,VIIRS_NOAA20_SP
18.57189,78.38442,330.39,0.46,0.39,2023-11-25,746,N20,VIIRS,n,2,299.02,2.8,D,0,VIIRS_NOAA20_SP
18.6067,79.0494,330.18,0.44,0.38,2023-11-25,746,N20,VIIRS,n,2,295.64,3.15,D,0,VIIRS_NOAA20_SP
18.64833,79.09641,330.16,0.43,0.38,2023-11-25,746,N20,VIIRS,n,2,298.14,3.68,D,0,VIIRS_NOAA20_SP
18.64984,78.18065,333.12,0.47,0.4,2023-11-25,746,N20,VIIRS,n,2,297.44,4.15,D,0,VIIRS_NOAA20_SP
18.66674,78.66815,331.67,0.45,0.39,2023-11-25,746,N20,VIIRS,n,2,297.93,4.75,D,0,VIIRS_NOAA20_SP
18.66773,78.67138,334.08,0.45,0.39,2023-11-25,746,N20,VIIRS,n,2,300.09,4.31,D,0,VIIRS_NOAA20_SP
18.68844,79.33698,335.66,0.42,0.38,2023-11-25,746,N20,VIIRS,n,2,296.99,3.19,D,0,VIIRS_NOAA20_SP
18.70646,78.42715,330.51,0.46,0.39,2023-11-25,746,N20,VIIRS,n,2,299.36,3.08,D,0,VIIRS_NOAA20_SP
18.72949,76.76254,330.37,0.56,0.43,2023-11-25,746,N20,VIIRS,n,2,300.04,2.26,D,0,VIIRS_NOAA20_SP
18.73733,78.71963,337.85,0.45,0.39,2023-11-25,746,N20,VIIRS,n,2,298.64,4.44,D,0,VIIRS_NOAA20_SP
18.74218,77.92825,334.52,0.49,0.4,2023-11-25,746,N20,VIIRS,n,2,294.9,2.74,D,0,VIIRS_NOAA20_SP
18.7718,78.42973,331.66,0.46,0.39,2023-11-25,746,N20,VIIRS,n,2,296.29,2.4,D,0,VIIRS_NOAA20_SP
18.77363,77.89557,333.1,0.49,0.4,2023-11-25,746,N20,VIIRS,n,2,298.31,5.96,D,0,VIIRS_NOAA20_SP
18.7765,77.89031,339.59,0.49,0.4,2023-11-25,746,N20,VIIRS,n,2,299.09,5.53,D,0,VIIRS_NOAA20_SP
18.79022,78.23328,331.76,0.47,0.4,2023-11-25,746,N20,VIIRS,n,2,290.5,3.71,D,0,VIIRS_NOAA20_SP
18.90206,78.49035,345.74,0.46,0.39,2023-11-25,746,N20,VIIRS,n,2,297.65,8.03,D,0,VIIRS_NOAA20_SP
18.91915,78.50473,338.82,0.45,0.39,2023-11-25,746,N20,VIIRS,n,2,297.76,4.65,D,0,VIIRS_NOAA20_SP
18.94971,78.70791,333.31,0.45,0.39,2023-11-25,746,N20,VIIRS,n,2,296.59,4.09,D,0,VIIRS_NOAA20_SP
19.05334,75.59335,346.35,0.43,0.46,2023-11-25,746,N20,VIIRS,n,2,299.14,9.96,D,0,VIIRS_NOAA20_SP
19.08807,82.16523,333.5,0.39,0.36,2023-11-25,746,N20,VIIRS,n,2,295.5,3.85,D,0,VIIRS_NOAA20_SP
19.09192,82.16833,336.27,0.39,0.36,2023-11-25,746,N20,VIIRS,n,2,297.28,8.22,D,0,VIIRS_NOAA20_SP
19.16917,76.53645,330.46,0.57,0.43,2023-11-25,746,N20,VIIRS,n,2,298.05,3.77,D,0,VIIRS_NOAA20_SP
19.21465,76.10189,332.47,0.4,0.44,2023-11-25,746,N20,VIIRS,n,2,296.35,2.72,D,0,VIIRS_NOAA20_SP
19.27946,75.8871,340.73,0.41,0.45,2023-11-25,746,N20,VIIRS,n,2,297.61,5.2,D,0,VIIRS_NOAA20_SP
19.29047,77.29157,331.87,0.52,0.41,2023-11-25,746,N20,VIIRS,n,2,296.33,4.12,D,0,VIIRS_NOAA20_SP
19.34064,76.43023,332.9,0.38,0.43,2023-11-25,746,N20,VIIRS,n,2,299.05,4.11,D,0,VIIRS_NOAA20_SP
19.34346,76.37748,336.34,0.39,0.44,2023-11-25,746,N20,VIIRS,n,2,298.76,3.95,D,0,VIIRS_NOAA20_SP
19.3941,77.28349,338.04,0.51,0.41,2023-11-25,746,N20,VIIRS,n,2,299.96,6.67,D,0,VIIRS_NOAA20_SP
19.71285,79.17435,331.65,0.42,0.38,2023-11-25,746,N20,VIIRS,n,2,298.67,2.13,D,0,VIIRS_NOAA20_SP
19.71498,79.16581,335.81,0.42,0.38,2023-11-25,746,N20,VIIRS,n,2,299.46,2.39,D,0,VIIRS_NOAA20_SP
19.71563,79.16975,344.69,0.42,0.38,2023-11-25,746,N20,VIIRS,n,2,298.67,2.13,D,0,VIIRS_NOAA20_SP
19.79725,81.63803,333.62,0.38,0.36,2023-11-25,746,N20,VIIRS,n,2,289.08,2.45,D,0,VIIRS_NOAA20_SP
19.8002,85.26149,326.62,0.49,0.4,2023-11-25,746,N20,VIIRS,l,2,296.99,5.08,D,0,VIIRS_NOAA20_SP
19.83649,80.52268,328.9,0.39,0.36,2023-11-25,746,N20,VIIRS,l,2,299.67,1.37,D,0,VIIRS_NOAA20_SP
19.92324,80.46928,332.2,0.39,0.36,2023-11-25,746,N20,VIIRS,n,2,300.39,2.31,D,0,VIIRS_NOAA20_SP
19.96258,80.56796,329.22,0.39,0.36,2023-11-25,746,N20,VIIRS,n,2,299.44,2.01,D,0,VIIRS_NOAA20_SP
19.96393,79.33551,330.44,0.41,0.37,2023-11-25,746,N20,VIIRS,n,2,300.83,2.4,D,2,VIIRS_NOAA20_SP
20.02008,79.26918,332.84,0.42,0.37,2023-11-25,746,N20,VIIRS,n,2,298.42,9.91,D,0,VIIRS_NOAA20_SP
20.04152,80.57306,328.82,0.39,0.36,2023-11-25,746,N20,VIIRS,n,2,299.84,2.13,D,0,VIIRS_NOAA20_SP
20.07177,81.97724,333.88,0.39,0.36,2023-11-25,746,N20,VIIRS,n,2,296.05,3.6,D,0,VIIRS_NOAA20_SP
20.11651,82.67764,331.91,0.4,0.37,2023-11-25,746,N20,VIIRS,n,2,296.39,2.2,D,0,VIIRS_NOAA20_SP
20.17516,93.06912,340.72,0.51,0.66,2023-11-25,746,N20,VIIRS,n,2,285.76,12.97,D,0,VIIRS_NOAA20_SP
20.17561,93.07404,356.44,0.51,0.66,2023-11-25,746,N20,VIIRS,l,2,283.98,15.64,D,3,VIIRS_NOAA20_SP
20.79338,85.25392,330.21,0.5,0.41,2023-11-25,746,N20,VIIRS,n,2,298.67,3.77,D,2,VIIRS_NOAA20_SP
19.48404,75.16751,339.59,0.45,0.47,2023-11-25,747,N20,VIIRS,n,2,297.89,4.53,D,0,VIIRS_NOAA20_SP
19.55519,74.75832,336.27,0.48,0.48,2023-11-25,747,N20,VIIRS,n,2,296.89,5.13,D,0,VIIRS_NOAA20_SP
19.56462,75.47784,334.74,0.43,0.46,2023-11-25,747,N20,VIIRS,n,2,299.14,3.21,D,0,VIIRS_NOAA20_SP
19.59777,74.88767,332.31,0.47,0.48,2023-11-25,747,N20,VIIRS,n,2,298.43,4.49,D,0,VIIRS_NOAA20_SP
19.77711,73.75099,336.68,0.55,0.51,2023-11-25,747,N20,VIIRS,n,2,297.29,4.07,D,0,VIIRS_NOAA20_SP
20.55481,81.50491,331.59,0.38,0.36,2023-11-25,747,N20,VIIRS,n,2,298.22,1.44,D,0,VIIRS_NOAA20_SP
20.60355,80.21043,330.55,0.39,0.36,2023-11-25,747,N20,VIIRS,n,2,300.88,1.96,D,0,VIIRS_NOAA20_SP
20.67694,81.64108,338.64,0.39,0.36,2023-11-25,747,N20,VIIRS,n,2,301.24,3.19,D,0,VIIRS_NOAA20_SP
20.75026,80.12661,332.26,0.39,0.36,2023-11-25,747,N20,VIIRS,n,2,301.47,1.42,D,0,VIIRS_NOAA20_SP
20.78634,81.44221,333.98,0.38,0.36,2023-11-25,747,N20,VIIRS,n,2,301.04,4.08,D,0,VIIRS_NOAA20_SP
20.80108,81.2933,331.63,0.38,0.36,2023-11-25,747,N20,VIIRS,n,2,300.69,2.41,D,0,VIIRS_NOAA20_SP
20.82589,81.57088,332.37,0.39,0.36,2023-11-25,747,N20,VIIRS,n,2,300.38,3.34,D,0,VIIRS_NOAA20_SP
20.88656,81.25203,332.01,0.38,0.36,2023-11-25,747,N20,VIIRS,n,2,301.14,2.52,D,0,VIIRS_NOAA20_SP
20.93362,80.62679,333.53,0.39,0.36,2023-11-25,747,N20,VIIRS,n,2,300.1,2.56,D,0,VIIRS_NOAA20_SP
20.96697,85.01481,328.66,0.49,0.4,2023-11-25,747,N20,VIIRS,n,2,298.5,4.14,D,0,VIIRS_NOAA20_SP
20.96758,85.01951,327.88,0.49,0.4,2023-11-25,747,N20,VIIRS,n,2,294.52,2.54,D,0,VIIRS_NOAA20_SP
20.99254,75.67841,337.74,0.4,0.44,2023-11-25,747,N20,VIIRS,n,2,300.8,6.32,D,0,VIIRS_NOAA20_SP
20.99324,75.68216,339.86,0.4,0.44,2023-11-25,747,N20,VIIRS,n,2,299.92,6.73,D,0,VIIRS_NOAA20_SP
20.99985,81.52985,331.49,0.39,0.36,2023-11-25,747,N20,VIIRS,n,2,299.56,2.55,D,0,VIIRS_NOAA20_SP
21.00336,79.52133,330.12,0.4,0.37,2023-11-25,747,N20,VIIRS,n,2,301.81,1.48,D,0,VIIRS_NOAA20_SP
21.02024,79.34792,333.54,0.41,0.37,2023-11-25,747,N20,VIIRS,n,2,301.66,2.57,D,0,VIIRS_NOAA20_SP
21.04284,80.91652,332.81,0.38,0.36,2023-11-25,747,N20,VIIRS,n,2,299.89,2.49,D,0,VIIRS_NOAA20_SP
21.06959,81.06989,331.94,0.38,0.36,2023-11-25,747,N20,VIIRS,n,2,299.96,2.1,D,0,VIIRS_NOAA20_SP
21.07011,79.28333,332.12,0.41,0.37,2023-11-25,747,N20,VIIRS,n,2,301.13,2.05,D,0,VIIRS_NOAA20_SP
21.08082,80.56608,336.04,0.39,0.36,2023-11-25,747,N20,VIIRS,n,2,300.77,3.52,D,0,VIIRS_NOAA20_SP
21.08952,79.29573,331.64,0.41,0.37,2023-11-25,747,N20,VIIRS,n,2,300.84,1.57,D,0,VIIRS_NOAA20_SP
21.09161,79.89928,334.21,0.39,0.36,2023-11-25,747,N20,VIIRS,n,2,302.24,4.82,D,0,VIIRS_NOAA20_SP
21.09374,79.27897,331.48,0.41,0.37,2023-11-25,747,N20,VIIRS,n,2,300.07,2.14,D,0,VIIRS_NOAA20_SP
21.10072,80.58527,332.88,0.39,0.36,2023-11-25,747,N20,VIIRS,n,2,301.36,2.41,D,0,VIIRS_NOAA20_SP
21.1009,72.63513,336.97,0.61,0.54,2023-11-25,747,N20,VIIRS,n,2,303.1,8.7,D,2,VIIRS_NOAA20_SP
21.10325,72.64662,331.49,0.61,0.53,2023-11-25,747,N20,VIIRS,l,2,301.54,8.97,D,2,VIIRS_NOAA20_SP
21.10402,80.58469,334.58,0.39,0.36,2023-11-25,747,N20,VIIRS,n,2,300.51,2.41,D,0,VIIRS_NOAA20_SP
21.13552,79.49351,342.14,0.4,0.37,2023-11-25,747,N20,VIIRS,n,2,302.85,3.4,D,0,VIIRS_NOAA20_SP
21.1508,79.19654,334.77,0.41,0.37,2023-11-25,747,N20,VIIRS,n,2,300.64,2.02,D,0,VIIRS_NOAA20_SP
21.16924,82.2894,332.27,0.39,0.36,2023-11-25,747,N20,VIIRS,n,2,299.42,2.29,D,0,VIIRS_NOAA20_SP
21.17024,80.9277,331.64,0.38,0.36,2023-11-25,747,N20,VIIRS,n,2,300.97,2.29,D,0,VIIRS_NOAA20_SP
21.19192,81.02558,331.09,0.38,0.36,2023-11-25,747,N20,VIIRS,n,2,300.85,0.56,D,0,VIIRS_NOAA20_SP
21.19351,81.41695,337.18,0.38,0.36,2023-11-25,747,N20,VIIRS,n,2,304.59,5.57,D,2,VIIRS_NOAA20_SP
21.21728,80.90039,340.07,0.38,0.36,2023-11-25,747,N20,VIIRS,n,2,300.16,3.04,D,0,VIIRS_NOAA20_SP
21.23099,82.34482,331.35,0.4,0.37,2023-11-25,747,N20,VIIRS,n,2,298.55,2.71,D,0,VIIRS_NOAA20_SP
21.24169,80.99406,333.46,0.38,0.36,2023-11-25,747,N20,VIIRS,n,2,300.01,2.0,D,0,VIIRS_NOAA20_SP
21.2466,79.57158,332.1,0.4,0.37,2023-11-25,747,N20,VIIRS,n,2,299.06,2.23,D,0,VIIRS_NOAA20_SP
21.24983,80.95874,330.42,0.38,0.36,2023-11-25,747,N20,VIIRS,n,2,300.12,1.45,D,0,VIIRS_NOAA20_SP
21.2735,81.33893,331.93,0.38,0.36,2023-11-25,747,N20,VIIRS,n,2,300.06,2.05,D,0,VIIRS_NOAA20_SP
21.29684,75.67148,330.08,0.39,0.44,2023-11-25,747,N20,VIIRS,n,2,297.79,2.48,D,0,VIIRS_NOAA20_SP
21.31057,81.11403,331.33,0.38,0.36,2023-11-25,747,N20,VIIRS,n,2,301.07,3.15,D,0,VIIRS_NOAA20_SP
21.32492,80.25655,332.68,0.39,0.36,2023-11-25,747,N20,VIIRS,n,2,299.8,2.77,D,0,VIIRS_NOAA20_SP
21.3419,81.14256,333.72,0.38,0.36,2023-11-25,747,N20,VIIRS,n,2,302.43,7.24,D,0,VIIRS_NOAA20_SP
21.40936,72.06362,338.35,0.33,0.55,2023-11-25,747,N20,VIIRS,n,2,300.36,3.04,D,0,VIIRS_NOAA20_SP
21.42708,81.98855,338.7,0.39,0.36,2023-11-25,747,N20,VIIRS,n,2,301.76,3.8,D,0,VIIRS_NOAA20_SP
21.43759,80.96362,333.28,0.38,0.36,2023-11-25,747,N20,VIIRS,n,2,302.05,2.65,D,0,VIIRS_NOAA20_SP
21.44707,81.02609,333.13,0.38,0.36,2023-11-25,747,N20,VIIRS,n,2,299.6,1.82,D,0,VIIRS_NOAA20_SP
21.45087,81.64162,331.54,0.39,0.36,2023-11-25,747,N20,VIIRS,n,2,301.85,2.05,D,0,VIIRS_NOAA20_SP
21.45148,81.94617,333.02,0.39,0.36,2023-11-25,747,N20,VIIRS,n,2,302.66,2.28,D,0,VIIRS_NOAA20_SP
21.45234,74.51664,331.39,0.46,0.47,2023-11-25,747,N20,VIIRS,n,2,298.53,1.72,D,0,VIIRS_NOAA20_SP
21.454,81.1647,333.31,0.38,0.36,2023-11-25,747,N20,VIIRS,n,2,302.04,2.84,D,0,VIIRS_NOAA20_SP
21.45942,82.16389,331.61,0.39,0.36,2023-11-25,747,N20,VIIRS,n,2,300.83,1.95,D,0,VIIRS_NOAA20_SP
21.5274,81.6553,336.82,0.39,0.36,2023-11-25,747,N20,VIIRS,n,2,302.72,2.49,D,0,VIIRS_NOAA20_SP
21.52875,81.41219,342.12,0.39,0.36,2023-11-25,747,N20,VIIRS,n,2,301.58,3.58,D,0,VIIRS_NOAA20_SP
21.56005,81.37283,340.68,0.38,0.36,2023-11-25,747,N20,VIIRS,n,2,303.04,4.77,D,0,VIIRS_NOAA20_SP
21.57455,81.03804,335.72,0.38,0.36,2023-11-25,747,N20,VIIRS,n,2,302.13,3.55,D,0,VIIRS_NOAA20_SP
21.59406,81.23478,333.87,0.38,0.36,2023-11-25,747,N20,VIIRS,n,2,301.53,3.29,D,0,VIIRS_NOAA20_SP
21.5962,82.03339,333.92,0.39,0.36,2023-11-25,747,N20,VIIRS,n,2,301.24,2.78,D,0,VIIRS_NOAA20_SP
21.60009,81.22997,337.92,0.38,0.36,2023-11-25,747,N20,VIIRS,n,2,300.23,5.03,D,0,VIIRS_NOAA20_SP
21.60103,82.15617,334.75,0.39,0.36,2023-11-25,747,N20,VIIRS,n,2,300.37,2.89,D,0,VIIRS_NOAA20_SP
21.60109,81.14669,332.42,0.38,0.36,2023-11-25,747,N20,VIIRS,n,2,300.81,2.29,D,0,VIIRS_NOAA20_SP
21.6114,81.08073,331.04,0.38,0.36,2023-11-25,747,N20,VIIRS,n,2,300.02,1.78,D,0,VIIRS_NOAA20_SP
21.61983,81.20391,331.67,0.38,0.36,2023-11-25,747,N20,VIIRS,n,2,299.84,5.4,D,0,VIIRS_NOAA20_SP
21.62481,81.23705,331.35,0.38,0.36,2023-11-25,747,N20,VIIRS,n,2,300.27,2.02,D,0,VIIRS_NOAA20_SP
21.63854,81.90349,332.05,0.39,0.36,2023-11-25,747,N20,VIIRS,n,2,299.64,2.71,D,0,VIIRS_NOAA20_SP
21.64134,81.30228,332.83,0.38,0.36,2023-11-25,747,N20,VIIRS,n,2,301.13,2.12,D,0,VIIRS_NOAA20_SP
21.65721,81.63707,334.55,0.39,0.36,2023-11-25,747,N20,VIIRS,n,2,300.93,2.82,D,0,VIIRS_NOAA20_SP
21.66138,81.78121,331.26,0.39,0.36,2023-11-25,747,N20,VIIRS,n,2,301.73,1.77,D,0,VIIRS_NOAA20_SP
21.6617,81.5299,331.61,0.39,0.36,2023-11-25,747,N20,VIIRS,n,2,300.78,1.78,D,0,VIIRS_NOAA20_SP
21.66447,81.43462,332.47,0.39,0.36,2023-11-25,747,N20,VIIRS,n,2,301.18,3.67,D,0,VIIRS_NOAA20_SP
21.6759,81.26232,333.44,0.38,0.36,2023-11-25,747,N20,VIIRS,n,2,301.25,2.76,D,0,VIIRS_NOAA20_SP
21.6776,84.03808,331.67,0.45,0.39,2023-11-25,747,N20,VIIRS,n,2,301.04,2.83,D,2,VIIRS_NOAA20_SP
21.68149,81.57212,334.96,0.39,0.36,2023-11-25,747,N20,VIIRS,n,2,302.12,3.33,D,0,VIIRS_NOAA20_SP
21.68861,81.34717,332.83,0.38,0.36,2023-11-25,747,N20,VIIRS,n,2,301.46,2.84,D,0,VIIRS_NOAA20_SP
21.68866,81.50634,330.21,0.39,0.36,2023-11-25,747,N20,VIIRS,n,2,302.07,1.49,D,0,VIIRS_NOAA20_SP
21.69043,82.00238,331.54,0.39,0.36,2023-11-25,747,N20,VIIRS,n,2,299.6,0.89,D,0,VIIRS_NOAA20_SP
21.69843,81.73301,332.8,0.39,0.36,2023-11-25,747,N20,VIIRS,n,2,301.19,1.49,D,0,VIIRS_NOAA20_SP
21.69905,81.34918,335.64,0.39,0.36,2023-11-25,747,N20,VIIRS,n,2,301.57,4.19,D,0,VIIRS_NOAA20_SP
21.69967,81.53485,337.42,0.39,0.36,2023-11-25,747,N20,VIIRS,n,2,302.94,3.23,D,0,VIIRS_NOAA20_SP
21.70347,81.37872,332.61,0.39,0.36,2023-11-25,747,N20,VIIRS,n,2,301.53,3.74,D,0,VIIRS_NOAA20_SP
21.7153,82.10646,332.9,0.39,0.36,2023-11-25,747,N20,VIIRS,n,2,302.62,2.24,D,0,VIIRS_NOAA20_SP
21.7221,82.05898,336.39,0.39,0.36,2023-11-25,747,N20,VIIRS,n,2,301.18,3.19,D,0,VIIRS_NOAA20_SP
21.72222,81.48167,330.55,0.39,0.36,2023-11-25,747,N20,VIIRS,n,2,302.23,1.9,D,0,VIIRS_NOAA20_SP
21.72579,81.89676,333.96,0.39,0.36,2023-11-25,747,N20,VIIRS,n,2,300.71,3.12,D,0,VIIRS_NOAA20_SP
21.72852,81.91548,338.16,0.39,0.36,2023-11-25,747,N20,VIIRS,n,2,300.14,3.43,D,0,VIIRS_NOAA20_SP
21.73146,81.79622,332.16,0.39,0.36,2023-11-25,747,N20,VIIRS,n,2,300.87,2.22,D,0,VIIRS_NOAA20_SP
21.73201,81.79996,330.56,0.39,0.36,2023-11-25,747,N20,VIIRS,n,2,300.32,2.22,D,0,VIIRS_NOAA20_SP
21.7325,81.84964,330.53,0.39,0.36,2023-11-25,747,N20,VIIRS,n,2,303.0,2.78,D,0,VIIRS_NOAA20_SP
21.73305,81.85339,331.57,0.39,0.36,2023-11-25,747,N20,VIIRS,n,2,299.67,2.78,D,0,VIIRS_NOAA20_SP
21.73377,81.67366,334.82,0.39,0.36,2023-11-25,747,N20,VIIRS,n,2,302.1,3.75,D,0,VIIRS_NOAA20_SP
21.73709,81.60455,333.05,0.39,0.36,2023-11-25,747,N20,VIIRS,n,2,300.92,2.02,D,0,VIIRS_NOAA20_SP
21.74645,81.5983,332.68,0.39,0.36,2023-11-25,747,N20,VIIRS,n,2,300.93,1.87,D,0,VIIRS_NOAA20_SP
21.75356,81.78487,339.77,0.39,0.36,2023-11-25,747,N20,VIIRS,n,2,301.89,5.57,D,0,VIIRS_NOAA20_SP
21.75411,81.7886,345.96,0.39,0.36,2023-11-25,747,N20,VIIRS,n,2,302.31,5.57,D,0,VIIRS_NOAA20_SP
21.76044,81.05782,331.16,0.38,0.36,2023-11-25,747,N20,VIIRS,n,2,302.06,1.45,D,0,VIIRS_NOAA20_SP
21.76386,81.12526,333.84,0.38,0.36,2023-11-25,747,N20,VIIRS,n,2,301.3,2.43,D,0,VIIRS_NOAA20_SP
21.76603,84.02592,334.33,0.45,0.39,2023-11-25,747,N20,VIIRS,n,2,297.12,6.65,D,2,VIIRS_NOAA20_SP
21.77349,81.50626,332.69,0.39,0.36,2023-11-25,747,N20,VIIRS,n,2,302.09,2.44,D,0,VIIRS_NOAA20_SP
21.77435,81.74233,332.44,0.39,0.36,2023-11-25,747,N20,VIIRS,n,2,301.8,2.94,D,0,VIIRS_NOAA20_SP
21.77514,81.49458,334.02,0.39,0.36,2023-11-25,747,N20,VIIRS,n,2,302.9,2.61,D,0,VIIRS_NOAA20_SP
21.77569,81.49828,339.82,0.39,0.36,2023-11-25,747,N20,VIIRS,n,2,302.11,4.08,D,0,VIIRS_NOAA20_SP
21.78097,81.74122,333.26,0.39,0.36,2023-11-25,747,N20,VIIRS,n,2,302.23,3.32,D,0,VIIRS_NOAA20_SP
21.7941,72.67249,335.87,0.59,0.53,2023-11-25,747,N20,VIIRS,n,2,299.35,3.35,D,0,VIIRS_NOAA20_SP
21.79977,81.70749,332.69,0.39,0.36,2023-11-25,747,N20,VIIRS,n,2,302.05,2.16,D,0,VIIRS_NOAA20_SP
21.8076,81.46248,330.92,0.39,0.36,2023-11-25,747,N20,VIIRS,l,2,303.08,5.62,D,0,VIIRS_NOAA20_SP
21.8175,81.48357,330.01,0.39,0.36,2023-11-25,747,N20,VIIRS,l,2,302.97,3.11,D,0,VIIRS_NOAA20_SP
21.83623,81.60979,330.1,0.39,0.36,2023-11-25,747,N20,VIIRS,n,2,300.38,1.32,D,0,VIIRS_NOAA20_SP
21.8437,81.89164,346.65,0.39,0.36,2023-11-25,747,N20,VIIRS,n,2,303.47,5.59,D,0,VIIRS_NOAA20_SP
21.84503,81.66932,331.35,0.39,0.36,2023-11-25,747,N20,VIIRS,n,2,300.86,1.88,D,0,VIIRS_NOAA20_SP
21.84561,82.04547,332.46,0.39,0.36,2023-11-25,747,N20,VIIRS,n,2,300.71,2.31,D,0,VIIRS_NOAA20_SP
21.84925,81.88303,332.18,0.39,0.36,2023-11-25,747,N20,VIIRS,n,2,301.69,2.73,D,0,VIIRS_NOAA20_SP
21.85275,81.67565,333.87,0.39,0.36,2023-11-25,747,N20,VIIRS,n,2,301.76,2.9,D,0,VIIRS_NOAA20_SP
21.87074,81.45181,335.23,0.39,0.36,2023-11-25,747,N20,VIIRS,n,2,300.75,2.99,D,0,VIIRS_NOAA20_SP
21.88774,81.58975,332.54,0.39,0.36,2023-11-25,747,N20,VIIRS,n,2,301.81,2.57,D,0,VIIRS_NOAA20_SP
21.9005,82.07117,331.4,0.39,0.36,2023-11-25,747,N20,VIIRS,n,2,299.75,2.21,D,0,VIIRS_NOAA20_SP
21.90721,81.86197,330.91,0.39,0.36,2023-11-25,747,N20,VIIRS,n,2,298.51,3.79,D,0,VIIRS_NOAA20_SP
21.92061,83.35065,341.8,0.43,0.38,2023-11-25,747,N20,VIIRS,n,2,307.91,5.3,D,2,VIIRS_NOAA20_SP
21.94064,81.55791,336.41,0.39,0.36,2023-11-25,747,N20,VIIRS,n,2,303.15,3.06,D,0,VIIRS_NOAA20_SP
21.94394,81.55735,334.65,0.39,0.36,2023-11-25,747,N20,VIIRS,n,2,303.9,3.06,D,0,VIIRS_NOAA20_SP
21.94623,79.49511,342.14,0.4,0.37,2023-11-25,747,N20,VIIRS,n,2,306.09,5.21,D,0,VIIRS_NOAA20_SP
21.94626,81.50334,332.78,0.39,0.36,2023-11-25,747,N20,VIIRS,n,2,302.85,3.36,D,0,VIIRS_NOAA20_SP
21.97924,81.56634,330.33,0.39,0.36,2023-11-25,747,N20,VIIRS,n,2,301.04,0.98,D,0,VIIRS_NOAA20_SP
21.98627,81.68356,333.06,0.39,0.36,2023-11-25,747,N20,VIIRS,n,2,301.32,1.89,D,0,VIIRS_NOAA20_SP
21.9981,79.52436,333.61,0.4,0.37,2023-11-25,747,N20,VIIRS,n,2,304.9,3.04,D,0,VIIRS_NOAA20_SP
21.99966,82.19487,335.62,0.4,0.37,2023-11-25,747,N20,VIIRS,n,2,300.62,4.11,D,0,VIIRS_NOAA20_SP
22.00128,79.28746,334.92,0.4,0.37,2023-11-25,747,N20,VIIRS,n,2,307.35,2.95,D,0,VIIRS_NOAA20_SP
22.00401,82.6712,329.75,0.41,0.37,2023-11-25,747,N20,VIIRS,l,2,303.37,3.39,D,2,VIIRS_NOAA20_SP
22.02538,79.12786,333.16,0.41,0.37,2023-11-25,747,N20,VIIRS,n,2,305.17,2.9,D,0,VIIRS_NOAA20_SP
22.0407,83.73208,332.77,0.44,0.38,2023-11-25,747,N20,VIIRS,n,2,302.51,5.45,D,2,VIIRS_NOAA20_SP
22.04097,83.73633,367.0,0.44,0.38,2023-11-25,747,N20,VIIRS,h,2,311.76,14.9,D,2,VIIRS_NOAA20_SP
22.04127,83.73634,353.93,0.44,0.38,2023-11-25,747,N20,VIIRS,n,2,311.13,13.61,D,2,VIIRS_NOAA20_SP
22.04391,83.73155,348.21,0.44,0.38,2023-11-25,747,N20,VIIRS,n,2,308.45,9.92,D,2,VIIRS_NOAA20_SP
22.04423,83.73155,350.75,0.44,0.38,2023-11-25,747,N20,VIIRS,n,2,307.27,5.45,D,2,VIIRS_NOAA20_SP
22.05362,81.58808,331.55,0.39,0.36,2023-11-25,747,N20,VIIRS,l,2,303.11,1.86,D,0,VIIRS_NOAA20_SP
22.08382,78.93204,345.9,0.41,0.37,2023-11-25,747,N20,VIIRS,n,2,305.91,6.89,D,0,VIIRS_NOAA20_SP
22.10256,80.71398,335.69,0.38,0.36,2023-11-25,747,N20,VIIRS,n,2,302.0,2.38,D,0,VIIRS_NOAA20_SP
22.10575,83.52421,335.87,0.43,0.38,2023-11-25,747,N20,VIIRS,n,2,308.89,4.24,D,0,VIIRS_NOAA20_SP
22.11625,79.5612,334.04,0.4,0.37,2023-11-25,747,N20,VIIRS,l,2,305.83,4.72,D,0,VIIRS_NOAA20_SP
22.13594,80.07154,332.9,0.39,0.36,2023-11-25,747,N20,VIIRS,n,2,303.14,2.31,D,0,VIIRS_NOAA20_SP
22.14076,79.10284,344.68,0.4,0.37,2023-11-25,747,N20,VIIRS,n,2,307.93,4.26,D,0,VIIRS_NOAA20_SP
22.14946,80.33293,332.15,0.39,0.36,2023-11-25,747,N20,VIIRS,n,2,300.57,4.62,D,0,VIIRS_NOAA20_SP
22.17528,79.4798,334.23,0.4,0.37,2023-11-25,747,N20,VIIRS,n,2,307.09,3.1,D,0,VIIRS_NOAA20_SP
22.17681,80.31281,332.68,0.39,0.36,2023-11-25,747,N20,VIIRS,n,2,301.27,2.15,D,0,VIIRS_NOAA20_SP
22.19375,78.9805,337.04,0.41,0.37,2023-11-25,747,N20,VIIRS,n,2,304.5,3.01,D,0,VIIRS_NOAA20_SP
22.20801,84.86028,335.16,0.5,0.41,2023-11-25,747,N20,VIIRS,n,2,298.39,5.77,D,2,VIIRS_NOAA20_SP
22.22787,79.81239,332.0,0.39,0.36,2023-11-25,747,N20,VIIRS,l,2,305.48,3.34,D,0,VIIRS_NOAA20_SP
22.23035,79.61454,333.79,0.39,0.36,2023-11-25,747,N20,VIIRS,n,2,304.29,3.11,D,0,VIIRS_NOAA20_SP
22.24499,87.38913,327.08,0.46,0.47,2023-11-25,747,N20,VIIRS,n,2,300.83,3.36,D,2,VIIRS_NOAA20_SP
22.24825,79.81279,336.54,0.39,0.36,2023-11-25,747,N20,VIIRS,n,2,307.71,13.77,D,0,VIIRS_NOAA20_SP
22.26238,79.38569,331.0,0.4,0.37,2023-11-25,747,N20,VIIRS,n,2,305.25,3.45,D,0,VIIRS_NOAA20_SP
22.28837,79.8942,336.95,0.39,0.36,2023-11-25,747,N20,VIIRS,n,2,304.36,3.87,D,0,VIIRS_NOAA20_SP
22.30083,79.46085,331.5,0.4,0.37,2023-11-25,747,N20,VIIRS,l,2,303.15,2.85,D,0,VIIRS_NOAA20_SP
22.33094,79.84015,341.3,0.39,0.36,2023-11-25,747,N20,VIIRS,n,2,307.32,2.83,D,0,VIIRS_NOAA20_SP
22.33142,82.65558,329.28,0.41,0.37,2023-11-25,747,N20,VIIRS,l,2,304.22,3.68,D,2,VIIRS_NOAA20_SP
22.33998,79.91949,334.12,0.39,0.36,2023-11-25,747,N20,VIIRS,n,2,307.34,2.25,D,0,VIIRS_NOAA20_SP
22.34685,79.70567,342.34,0.39,0.36,2023-11-25,747,N20,VIIRS,n,2,305.74,7.51,D,0,VIIRS_NOAA20_SP
22.37676,87.27999,329.41,0.46,0.47,2023-11-25,747,N20,VIIRS,n,2,301.07,2.97,D,2,VIIRS_NOAA20_SP
22.39721,80.15453,331.17,0.39,0.36,2023-11-25,747,N20,VIIRS,l,2,301.88,1.61,D,0,VIIRS_NOAA20_SP
22.43368,80.41129,331.89,0.38,0.36,2023-11-25,747,N20,VIIRS,n,2,301.92,2.87,D,0,VIIRS_NOAA20_SP
22.46011,79.97064,334.77,0.39,0.36,2023-11-25,747,N20,VIIRS,n,2,304.9,2.67,D,0,VIIRS_NOAA20_SP
22.48647,80.42472,334.8,0.38,0.36,2023-11-25,747,N20,VIIRS,n,2,303.73,2.56,D,0,VIIRS_NOAA20_SP
22.48976,80.42413,342.99,0.38,0.36,2023-11-25,747,N20,VIIRS,n,2,301.76,3.76,D,0,VIIRS_NOAA20_SP
22.49586,79.63519,330.52,0.39,0.36,2023-11-25,747,N20,VIIRS,l,2,304.42,2.91,D,0,VIIRS_NOAA20_SP
22.50634,80.44403,332.25,0.38,0.36,2023-11-25,747,N20,VIIRS,n,2,302.01,2.19,D,0,VIIRS_NOAA20_SP
22.50812,80.08043,330.6,0.39,0.36,2023-11-25,747,N20,VIIRS,l,2,303.67,2.04,D,0,VIIRS_NOAA20_SP
22.51238,80.06431,338.96,0.39,0.36,2023-11-25,747,N20,VIIRS,n,2,305.34,7.31,D,0,VIIRS_NOAA20_SP
22.5283,80.0576,332.97,0.39,0.36,2023-11-25,747,N20,VIIRS,l,2,306.85,2.12,D,0,VIIRS_NOAA20_SP
22.52962,87.41574,340.21,0.47,0.48,2023-11-25,747,N20,VIIRS,n,2,296.15,6.75,D,0,VIIRS_NOAA20_SP
22.54013,80.08998,345.42,0.39,0.36,2023-11-25,747,N20,VIIRS,n,2,306.62,3.56,D,0,VIIRS_NOAA20_SP
22.54736,83.53535,328.66,0.44,0.38,2023-11-25,747,N20,VIIRS,n,2,301.55,1.45,D,0,VIIRS_NOAA20_SP
22.56487,80.40259,342.81,0.38,0.36,2023-11-25,747,N20,VIIRS,n,2,305.02,11.24,D,0,VIIRS_NOAA20_SP
22.57603,87.02467,335.8,0.44,0.46,2023-11-25,747,N20,VIIRS,n,2,297.71,2.66,D,0,VIIRS_NOAA20_SP
22.59696,80.10656,334.36,0.39,0.36,2023-11-25,747,N20,VIIRS,n,2,305.63,2.11,D,0,VIIRS_NOAA20_SP
22.61219,78.69875,330.83,0.41,0.37,2023-11-25,747,N20,VIIRS,n,2,304.59,2.55,D,0,VIIRS_NOAA20_SP
22.6228,77.75234,331.75,0.44,0.39,2023-11-25,747,N20,VIIRS,l,2,304.88,7.82,D,0,VIIRS_NOAA20_SP
22.66509,78.10876,331.82,0.43,0.38,2023-11-25,747,N20,VIIRS,n,2,304.53,2.29,D,0,VIIRS_NOAA20_SP
22.74268,78.63756,333.66,0.41,0.37,2023-11-25,747,N20,VIIRS,n,2,304.44,2.77,D,0,VIIRS_NOAA20_SP
22.76506,80.20245,333.71,0.39,0.36,2023-11-25,747,N20,VIIRS,n,2,305.36,3.5,D,0,VIIRS_NOAA20_SP
22.77374,78.65615,334.39,0.41,0.37,2023-11-25,747,N20,VIIRS,n,2,303.84,1.06,D,0,VIIRS_NOAA20_SP
22.78128,91.45363,331.04,0.43,0.62,2023-11-25,747,N20,VIIRS,n,2,297.29,2.02,D,0,VIIRS_NOAA20_SP
22.78414,86.20547,334.23,0.4,0.44,2023-11-25,747,N20,VIIRS,n,2,301.28,5.19,D,2,VIIRS_NOAA20_SP
22.78423,86.20533,334.15,0.4,0.44,2023-11-25,747,N20,VIIRS,n,2,300.73,5.15,D,2,VIIRS_NOAA20_SP
22.79964,86.08988,334.31,0.39,0.44,2023-11-25,747,N20,VIIRS,n,2,302.71,2.94,D,2,VIIRS_NOAA20_SP
22.8062,78.66219,333.64,0.41,0.37,2023-11-25,747,N20,VIIRS,n,2,306.58,2.15,D,0,VIIRS_NOAA20_SP
22.83519,78.644,343.18,0.41,0.37,2023-11-25,747,N20,VIIRS,n,2,305.0,4.27,D,0,VIIRS_NOAA20_SP
22.83606,91.8773,336.14,0.46,0.63,2023-11-25,747,N20,VIIRS,n,2,297.92,4.81,D,0,VIIRS_NOAA20_SP
22.83634,91.87546,339.96,0.46,0.63,2023-11-25,747,N20,VIIRS,n,2,298.94,3.79,D,0,VIIRS_NOAA20_SP
22.83948,78.20202,332.23,0.43,0.38,2023-11-25,747,N20,VIIRS,n,2,300.61,1.28,D,0,VIIRS_NOAA20_SP
22.85508,87.53456,341.41,0.48,0.48,2023-11-25,747,N20,VIIRS,n,2,301.25,5.51,D,0,VIIRS_NOAA20_SP
22.85985,78.70872,334.1,0.41,0.37,2023-11-25,747,N20,VIIRS,n,2,304.13,2.49,D,0,VIIRS_NOAA20_SP
22.87639,87.36298,335.05,0.47,0.48,2023-11-25,747,N20,VIIRS,n,2,299.68,2.42,D,0,VIIRS_NOAA20_SP
22.88669,87.37563,329.85,0.47,0.48,2023-11-25,747,N20,VIIRS,l,2,300.81,2.67,D,0,VIIRS_NOAA20_SP
22.88878,77.9929,332.36,0.43,0.38,2023-11-25,747,N20,VIIRS,n,2,300.75,1.75,D,0,VIIRS_NOAA20_SP
22.89441,78.11164,339.9,0.43,0.38,2023-11-25,747,N20,VIIRS,n,2,302.24,3.6,D,0,VIIRS_NOAA20_SP
22.90788,79.55161,341.14,0.39,0.36,2023-11-25,747,N20,VIIRS,n,2,306.5,3.21,D,0,VIIRS_NOAA20_SP
22.91887,77.99204,335.13,0.43,0.38,2023-11-25,747,N20,VIIRS,n,2,300.22,2.42,D,0,VIIRS_NOAA20_SP
22.925,77.96502,333.16,0.43,0.38,2023-11-25,747,N20,VIIRS,n,2,299.48,2.97,D,0,VIIRS_NOAA20_SP
22.9295,78.05428,332.32,0.43,0.38,2023-11-25,747,N20,VIIRS,n,2,299.96,2.17,D,0,VIIRS_NOAA20_SP
22.93406,78.51874,330.39,0.41,0.37,2023-11-25,747,N20,VIIRS,n,2,302.92,1.89,D,0,VIIRS_NOAA20_SP
22.93671,78.53471,340.26,0.41,0.37,2023-11-25,747,N20,VIIRS,n,2,304.98,4.43,D,0,VIIRS_NOAA20_SP
22.94306,87.5251,332.56,0.48,0.48,2023-11-25,747,N20,VIIRS,n,2,299.03,4.64,D,0,VIIRS_NOAA20_SP
22.95633,78.00188,330.02,0.43,0.38,2023-11-25,747,N20,VIIRS,n,2,300.08,1.76,D,0,VIIRS_NOAA20_SP
22.95982,94.04186,325.68,0.63,0.72,2023-11-25,747,N20,VIIRS,n,2,292.99,2.52,D,0,VIIRS_NOAA20_SP
22.95991,79.92539,332.25,0.39,0.36,2023-11-25,747,N20,VIIRS,n,2,303.92,2.59,D,0,VIIRS_NOAA20_SP
22.96055,81.36286,332.6,0.39,0.36,2023-11-25,747,N20,VIIRS,n,2,303.46,2.42,D,0,VIIRS_NOAA20_SP
22.9674,78.35873,330.43,0.42,0.38,2023-11-25,747,N20,VIIRS,l,2,301.93,2.7,D,0,VIIRS_NOAA20_SP
22.96876,79.42234,333.87,0.39,0.36,2023-11-25,747,N20,VIIRS,n,2,303.54,2.3,D,0,VIIRS_NOAA20_SP
22.98779,79.1982,342.81,0.4,0.37,2023-11-25,747,N20,VIIRS,n,2,307.32,9.05,D,0,VIIRS_NOAA20_SP
22.99178,77.61249,335.49,0.45,0.39,2023-11-25,747,N20,VIIRS,n,2,302.37,2.58,D,0,VIIRS_NOAA20_SP
22.99954,77.61537,335.95,0.45,0.39,2023-11-25,747,N20,VIIRS,n,2,303.69,3.57,D,0,VIIRS_NOAA20_SP
23.02968,77.60043,332.53,0.45,0.39,2023-11-25,747,N20,VIIRS,n,2,304.75,2.15,D,0,VIIRS_NOAA20_SP
23.03096,78.17043,330.68,0.43,0.38,2023-11-25,747,N20,VIIRS,n,2,301.5,1.73,D,0,VIIRS_NOAA20_SP
23.04368,77.45121,341.07,0.45,0.39,2023-11-25,747,N20,VIIRS,n,2,304.26,4.23,D,0,VIIRS_NOAA20_SP
23.04845,79.47432,343.3,0.39,0.36,2023-11-25,747,N20,VIIRS,n,2,305.61,3.54,D,0,VIIRS_NOAA20_SP
23.05247,77.64907,343.84,0.44,0.39,2023-11-25,747,N20,VIIRS,n,2,301.82,4.06,D,0,VIIRS_NOAA20_SP
23.06013,79.97944,334.43,0.39,0.36,2023-11-25,747,N20,VIIRS,n,2,305.33,3.43,D,0,VIIRS_NOAA20_SP
23.0634,77.37516,334.31,0.46,0.39,2023-11-25,747,N20,VIIRS,n,2,305.02,3.56,D,0,VIIRS_NOAA20_SP
23.08011,79.99888,342.23,0.39,0.36,2023-11-25,747,N20,VIIRS,n,2,310.21,14.89,D,0,VIIRS_NOAA20_SP
23.0931,79.97343,331.16,0.39,0.36,2023-11-25,747,N20,VIIRS,l,2,303.04,5.15,D,0,VIIRS_NOAA20_SP
23.10182,80.02953,335.18,0.39,0.36,2023-11-25,747,N20,VIIRS,n,2,305.08,4.8,D,0,VIIRS_NOAA20_SP
23.11148,80.07003,332.08,0.39,0.36,2023-11-25,747,N20,VIIRS,n,2,302.66,0.77,D,0,VIIRS_NOAA20_SP
23.11228,80.03146,333.98,0.39,0.36,2023-11-25,747,N20,VIIRS,n,2,304.55,3.69,D,0,VIIRS_NOAA20_SP
23.14153,81.44009,333.72,0.39,0.36,2023-11-25,747,N20,VIIRS,n,2,302.17,1.97,D,0,VIIRS_NOAA20_SP
23.15452,79.5833,334.24,0.39,0.36,2023-11-25,747,N20,VIIRS,n,2,306.6,1.97,D,0,VIIRS_NOAA20_SP
23.15461,79.69205,330.88,0.39,0.36,2023-11-25,747,N20,VIIRS,n,2,305.78,1.55,D,0,VIIRS_NOAA20_SP
23.15947,79.78795,334.7,0.39,0.36,2023-11-25,747,N20,VIIRS,n,2,302.84,2.28,D,0,VIIRS_NOAA20_SP
23.16286,79.85298,332.5,0.39,0.36,2023-11-25,747,N20,VIIRS,n,2,301.64,12.94,D,0,VIIRS_NOAA20_SP
23.17243,79.65384,330.62,0.39,0.36,2023-11-25,747,N20,VIIRS,n,2,305.29,1.84,D,0,VIIRS_NOAA20_SP
23.17303,79.65762,332.65,0.39,0.36,2023-11-25,747,N20,VIIRS,l,2,305.53,1.84,D,0,VIIRS_NOAA20_SP
23.17811,79.77678,343.09,0.39,0.36,2023-11-25,747,N20,VIIRS,n,2,306.42,4.84,D,0,VIIRS_NOAA20_SP
23.1787,79.78054,343.35,0.39,0.36,2023-11-25,747,N20,VIIRS,n,2,303.72,4.84,D,0,VIIRS_NOAA20_SP
23.182,79.77994,338.77,0.39,0.36,2023-11-25,747,N20,VIIRS,n,2,303.62,4.84,D,0,VIIRS_NOAA20_SP
23.18531,79.77933,335.84,0.39,0.36,2023-11-25,747,N20,VIIRS,n,2,302.43,2.27,D,0,VIIRS_NOAA20_SP
23.18883,79.80187,352.28,0.39,0.36,2023-11-25,747,N20,VIIRS,n,2,308.78,20.6,D,0,VIIRS_NOAA20_SP
23.19044,79.85565,335.13,0.39,0.36,2023-11-25,747,N20,VIIRS,n,2,303.72,2.7,D,0,VIIRS_NOAA20_SP
23.19404,79.76999,353.58,0.39,0.36,2023-11-25,747,N20,VIIRS,n,2,305.32,8.8,D,0,VIIRS_NOAA20_SP
23.19476,79.73115,340.66,0.39,0.36,2023-11-25,747,N20,VIIRS,n,2,309.94,16.04,D,0,VIIRS_NOAA20_SP
23.19773,79.7073,333.33,0.39,0.36,2023-11-25,747,N20,VIIRS,l,2,304.4,14.03,D,0,VIIRS_NOAA20_SP
23.20179,78.60793,335.67,0.41,0.37,2023-11-25,747,N20,VIIRS,n,2,304.81,2.96,D,0,VIIRS_NOAA20_SP
23.20511,79.7756,345.86,0.39,0.36,2023-11-25,747,N20,VIIRS,n,2,304.4,12.63,D,0,VIIRS_NOAA20_SP
23.20646,79.69794,332.6,0.39,0.36,2023-11-25,747,N20,VIIRS,l,2,304.6,25.06,D,0,VIIRS_NOAA20_SP
23.21197,79.79753,334.84,0.39,0.36,2023-11-25,747,N20,VIIRS,n,2,302.91,2.4,D,0,VIIRS_NOAA20_SP
23.21443,79.77003,340.58,0.39,0.36,2023-11-25,747,N20,VIIRS,n,2,302.09,3.3,D,0,VIIRS_NOAA20_SP
23.21477,79.75062,333.95,0.39,0.36,2023-11-25,747,N20,VIIRS,l,2,304.6,5.65,D,0,VIIRS_NOAA20_SP
23.21491,79.88202,331.71,0.39,0.36,2023-11-25,747,N20,VIIRS,n,2,302.19,1.88,D,0,VIIRS_NOAA20_SP
23.21808,79.75002,345.42,0.39,0.36,2023-11-25,747,N20,VIIRS,n,2,306.63,5.65,D,0,VIIRS_NOAA20_SP
23.22093,79.81134,336.19,0.39,0.36,2023-11-25,747,N20,VIIRS,n,2,304.39,5.11,D,0,VIIRS_NOAA20_SP
23.22138,79.7494,342.56,0.39,0.36,2023-11-25,747,N20,VIIRS,n,2,304.45,4.29,D,0,VIIRS_NOAA20_SP
23.22409,79.74503,331.53,0.39,0.36,2023-11-25,747,N20,VIIRS,n,2,306.25,4.29,D,0,VIIRS_NOAA20_SP
23.22457,79.89941,333.42,0.39,0.36,2023-11-25,747,N20,VIIRS,n,2,303.53,3.25,D,0,VIIRS_NOAA20_SP
23.22469,79.74879,332.12,0.39,0.36,2023-11-25,747,N20,VIIRS,n,2,302.47,4.29,D,0,VIIRS_NOAA20_SP
23.22895,79.84076,334.64,0.39,0.36,2023-11-25,747,N20,VIIRS,n,2,305.97,6.37,D,0,VIIRS_NOAA20_SP
23.23411,78.48296,344.08,0.41,0.37,2023-11-25,747,N20,VIIRS,n,2,305.99,4.78,D,0,VIIRS_NOAA20_SP
23.23567,78.06902,346.57,0.43,0.38,2023-11-25,747,N20,VIIRS,n,2,305.36,11.4,D,0,VIIRS_NOAA20_SP
23.23636,78.07318,367.0,0.43,0.38,2023-11-25,747,N20,VIIRS,h,2,303.06,11.4,D,0,VIIRS_NOAA20_SP
23.23703,79.93565,339.04,0.39,0.36,2023-11-25,747,N20,VIIRS,n,2,303.27,3.26,D,0,VIIRS_NOAA20_SP
23.23921,79.81957,331.56,0.39,0.36,2023-11-25,747,N20,VIIRS,n,2,303.56,1.77,D,0,VIIRS_NOAA20_SP
23.2393,79.88515,333.15,0.39,0.36,2023-11-25,747,N20,VIIRS,n,2,301.72,1.76,D,0,VIIRS_NOAA20_SP
23.2452,79.70628,344.13,0.39,0.36,2023-11-25,747,N20,VIIRS,n,2,307.55,4.21,D,0,VIIRS_NOAA20_SP
23.25382,79.84778,332.18,0.39,0.36,2023-11-25,747,N20,VIIRS,l,2,302.24,2.83,D,0,VIIRS_NOAA20_SP
23.26138,79.72269,342.51,0.39,0.36,2023-11-25,747,N20,VIIRS,n,2,303.0,3.27,D,0,VIIRS_NOAA20_SP
23.26197,79.72644,333.89,0.39,0.36,2023-11-25,747,N20,VIIRS,n,2,304.3,3.27,D,0,VIIRS_NOAA20_SP
23.26291,79.71077,345.64,0.39,0.36,2023-11-25,747,N20,VIIRS,n,2,309.11,9.1,D,0,VIIRS_NOAA20_SP
23.26339,79.75714,334.96,0.39,0.36,2023-11-25,747,N20,VIIRS,n,2,303.56,3.51,D,0,VIIRS_NOAA20_SP
23.26433,79.74149,345.5,0.39,0.36,2023-11-25,747,N20,VIIRS,n,2,303.14,5.2,D,0,VIIRS_NOAA20_SP
23.27361,79.84415,335.57,0.39,0.36,2023-11-25,747,N20,VIIRS,n,2,302.92,3.66,D,0,VIIRS_NOAA20_SP
23.27583,79.96708,336.16,0.39,0.36,2023-11-25,747,N20,VIIRS,n,2,304.05,3.56,D,0,VIIRS_NOAA20_SP
23.27913,79.96648,345.62,0.39,0.36,2023-11-25,747,N20,VIIRS,n,2,304.61,3.56,D,0,VIIRS_NOAA20_SP
23.28164,79.93906,337.82,0.39,0.36,2023-11-25,747,N20,VIIRS,n,2,304.69,2.91,D,0,VIIRS_NOAA20_SP
23.28234,79.83482,343.36,0.39,0.36,2023-11-25,747,N20,VIIRS,n,2,303.24,5.04,D,0,VIIRS_NOAA20_SP
23.28274,79.70712,341.82,0.39,0.36,2023-11-25,747,N20,VIIRS,n,2,308.49,11.56,D,0,VIIRS_NOAA20_SP
23.28543,79.81108,344.52,0.39,0.36,2023-11-25,747,N20,VIIRS,n,2,313.21,23.95,D,0,VIIRS_NOAA20_SP
23.28564,79.83422,334.14,0.39,0.36,2023-11-25,747,N20,VIIRS,n,2,302.13,5.04,D,0,VIIRS_NOAA20_SP
23.28718,79.82235,336.73,0.39,0.36,2023-11-25,747,N20,VIIRS,n,2,306.11,6.84,D,0,VIIRS_NOAA20_SP
23.28843,79.96093,335.98,0.39,0.36,2023-11-25,747,N20,VIIRS,n,2,304.69,3.78,D,0,VIIRS_NOAA20_SP
23.28857,79.85298,333.34,0.39,0.36,2023-11-25,747,N20,VIIRS,l,2,305.46,2.87,D,0,VIIRS_NOAA20_SP
23.2907,79.84487,336.84,0.39,0.36,2023-11-25,747,N20,VIIRS,n,2,310.26,18.87,D,0,VIIRS_NOAA20_SP
23.29246,79.85612,341.3,0.39,0.36,2023-11-25,747,N20,VIIRS,n,2,307.61,9.1,D,0,VIIRS_NOAA20_SP
23.29309,79.99086,341.32,0.39,0.36,2023-11-25,747,N20,VIIRS,n,2,302.15,4.11,D,0,VIIRS_NOAA20_SP
23.29348,79.73225,334.94,0.39,0.36,2023-11-25,747,N20,VIIRS,l,2,309.22,5.75,D,0,VIIRS_NOAA20_SP
23.29463,79.91357,343.81,0.39,0.36,2023-11-25,747,N20,VIIRS,n,2,305.95,5.02,D,0,VIIRS_NOAA20_SP
23.29483,79.93665,343.97,0.39,0.36,2023-11-25,747,N20,VIIRS,n,2,305.43,4.74,D,0,VIIRS_NOAA20_SP
23.29533,79.80927,331.02,0.39,0.36,2023-11-25,747,N20,VIIRS,n,2,305.99,3.11,D,0,VIIRS_NOAA20_SP
23.29559,79.89798,332.69,0.39,0.36,2023-11-25,747,N20,VIIRS,l,2,304.15,3.65,D,0,VIIRS_NOAA20_SP
23.29561,79.96347,344.25,0.39,0.36,2023-11-25,747,N20,VIIRS,n,2,303.3,8.61,D,0,VIIRS_NOAA20_SP
23.29576,79.85552,341.33,0.39,0.36,2023-11-25,747,N20,VIIRS,n,2,302.3,9.1,D,0,VIIRS_NOAA20_SP
23.29591,79.81302,332.94,0.39,0.36,2023-11-25,747,N20,VIIRS,n,2,304.12,3.11,D,0,VIIRS_NOAA20_SP
23.29613,79.83615,338.77,0.39,0.36,2023-11-25,747,N20,VIIRS,n,2,303.69,3.62,D,0,VIIRS_NOAA20_SP
23.29832,79.95912,344.21,0.39,0.36,2023-11-25,747,N20,VIIRS,n,2,303.15,8.25,D,0,VIIRS_NOAA20_SP
23.29891,79.96286,343.9,0.39,0.36,2023-11-25,747,N20,VIIRS,n,2,302.58,8.61,D,0,VIIRS_NOAA20_SP
23.29943,79.83555,334.61,0.39,0.36,2023-11-25,747,N20,VIIRS,n,2,305.72,3.62,D,0,VIIRS_NOAA20_SP
23.30597,79.76865,334.16,0.39,0.36,2023-11-25,747,N20,VIIRS,n,2,307.46,3.04,D,0,VIIRS_NOAA20_SP
23.30665,80.03455,331.32,0.39,0.36,2023-11-25,747,N20,VIIRS,n,2,300.8,3.51,D,0,VIIRS_NOAA20_SP
23.30677,79.79557,344.02,0.39,0.36,2023-11-25,747,N20,VIIRS,n,2,311.39,12.69,D,0,VIIRS_NOAA20_SP
23.30927,79.76804,333.8,0.39,0.36,2023-11-25,747,N20,VIIRS,n,2,306.35,3.04,D,0,VIIRS_NOAA20_SP
23.31044,79.77556,335.85,0.39,0.36,2023-11-25,747,N20,VIIRS,n,2,305.14,2.2,D,0,VIIRS_NOAA20_SP
23.31374,79.75197,346.14,0.39,0.36,2023-11-25,747,N20,VIIRS,n,2,309.16,10.54,D,0,VIIRS_NOAA20_SP
23.31704,79.75136,344.87,0.39,0.36,2023-11-25,747,N20,VIIRS,n,2,307.55,7.75,D,0,VIIRS_NOAA20_SP
23.32585,79.96179,332.34,0.39,0.36,2023-11-25,747,N20,VIIRS,l,2,305.31,5.01,D,0,VIIRS_NOAA20_SP
23.32659,80.05399,334.15,0.39,0.36,2023-11-25,747,N20,VIIRS,n,2,301.61,2.23,D,0,VIIRS_NOAA20_SP
23.32702,79.96928,333.74,0.39,0.36,2023-11-25,747,N20,VIIRS,n,2,302.96,69.23,D,0,VIIRS_NOAA20_SP
23.32873,79.86897,335.73,0.39,0.36,2023-11-25,747,N20,VIIRS,n,2,302.85,4.11,D,0,VIIRS_NOAA20_SP
23.33046,80.05712,335.35,0.39,0.36,2023-11-25,747,N20,VIIRS,n,2,301.48,3.55,D,0,VIIRS_NOAA20_SP
23.33085,79.86087,332.23,0.39,0.36,2023-11-25,747,N20,VIIRS,l,2,305.54,3.62,D,0,VIIRS_NOAA20_SP
23.33148,79.91068,338.05,0.39,0.36,2023-11-25,747,N20,VIIRS,n,2,303.29,2.33,D,0,VIIRS_NOAA20_SP
23.33379,79.99113,341.79,0.39,0.36,2023-11-25,747,N20,VIIRS,n,2,306.08,5.25,D,0,VIIRS_NOAA20_SP
23.33437,79.99487,332.9,0.39,0.36,2023-11-25,747,N20,VIIRS,l,2,302.95,3.93,D,0,VIIRS_NOAA20_SP
23.33545,79.82529,336.86,0.39,0.36,2023-11-25,747,N20,VIIRS,n,2,305.72,5.88,D,0,VIIRS_NOAA20_SP
23.3364,79.80967,334.63,0.39,0.36,2023-11-25,747,N20,VIIRS,n,2,306.14,2.59,D,0,VIIRS_NOAA20_SP
23.33734,79.79404,337.6,0.39,0.36,2023-11-25,747,N20,VIIRS,l,2,311.92,23.34,D,0,VIIRS_NOAA20_SP
23.33953,80.09389,331.2,0.39,0.36,2023-11-25,747,N20,VIIRS,n,2,302.13,1.88,D,0,VIIRS_NOAA20_SP
23.34119,79.90525,330.76,0.39,0.36,2023-11-25,747,N20,VIIRS,n,2,305.64,1.93,D,0,VIIRS_NOAA20_SP
23.34136,79.97435,340.45,0.39,0.36,2023-11-25,747,N20,VIIRS,n,2,302.98,4.45,D,0,VIIRS_NOAA20_SP
23.34194,79.9781,335.17,0.39,0.36,2023-11-25,747,N20,VIIRS,n,2,301.94,2.08,D,0,VIIRS_NOAA20_SP
23.34287,79.74273,336.16,0.39,0.36,2023-11-25,747,N20,VIIRS,n,2,307.13,4.22,D,0,VIIRS_NOAA20_SP
23.3431,79.98559,340.07,0.39,0.36,2023-11-25,747,N20,VIIRS,n,2,303.97,3.13,D,0,VIIRS_NOAA20_SP
23.34512,79.80033,334.42,0.39,0.36,2023-11-25,747,N20,VIIRS,n,2,303.84,2.01,D,0,VIIRS_NOAA20_SP
23.34617,80.02734,332.43,0.39,0.36,2023-11-25,747,N20,VIIRS,l,2,303.01,1.68,D,0,VIIRS_NOAA20_SP
23.34837,79.90779,332.54,0.39,0.36,2023-11-25,747,N20,VIIRS,n,2,304.63,1.94,D,0,VIIRS_NOAA20_SP
23.349,79.977,339.52,0.39,0.36,2023-11-25,747,N20,VIIRS,n,2,303.18,4.35,D,0,VIIRS_NOAA20_SP
23.35094,78.06314,342.22,0.43,0.38,2023-11-25,747,N20,VIIRS,n,2,304.47,3.3,D,0,VIIRS_NOAA20_SP
23.35443,79.79475,333.76,0.39,0.36,2023-11-25,747,N20,VIIRS,n,2,306.82,2.98,D,0,VIIRS_NOAA20_SP
23.35709,79.89849,340.59,0.39,0.36,2023-11-25,747,N20,VIIRS,n,2,306.94,4.0,D,0,VIIRS_NOAA20_SP
23.36064,79.98642,335.63,0.39,0.36,2023-11-25,747,N20,VIIRS,n,2,301.51,3.48,D,0,VIIRS_NOAA20_SP
23.36159,80.10525,331.56,0.39,0.36,2023-11-25,747,N20,VIIRS,l,2,302.35,3.46,D,0,VIIRS_NOAA20_SP
23.36238,79.99765,330.14,0.39,0.36,2023-11-25,747,N20,VIIRS,l,2,302.81,2.37,D,0,VIIRS_NOAA20_SP
23.36799,79.94659,337.13,0.39,0.36,2023-11-25,747,N20,VIIRS,n,2,304.85,4.48,D,0,VIIRS_NOAA20_SP
23.36815,79.90417,341.13,0.39,0.36,2023-11-25,747,N20,VIIRS,n,2,305.6,4.31,D,0,VIIRS_NOAA20_SP
23.36933,80.10782,347.46,0.39,0.36,2023-11-25,747,N20,VIIRS,n,2,305.3,8.7,D,0,VIIRS_NOAA20_SP
23.3695,80.13082,346.15,0.39,0.36,2023-11-25,747,N20,VIIRS,n,2,304.88,4.4,D,0,VIIRS_NOAA20_SP
23.37008,80.13455,337.6,0.39,0.36,2023-11-25,747,N20,VIIRS,n,2,302.03,4.93,D,0,VIIRS_NOAA20_SP
23.37032,79.96156,336.7,0.39,0.36,2023-11-25,747,N20,VIIRS,n,2,302.32,2.77,D,0,VIIRS_NOAA20_SP
23.37279,80.13023,333.31,0.39,0.36,2023-11-25,747,N20,VIIRS,n,2,302.8,4.4,D,0,VIIRS_NOAA20_SP
23.37285,79.99958,332.58,0.39,0.36,2023-11-25,747,N20,VIIRS,l,2,305.19,3.05,D,0,VIIRS_NOAA20_SP
23.37378,80.1147,335.05,0.39,0.36,2023-11-25,747,N20,VIIRS,n,2,303.32,4.88,D,0,VIIRS_NOAA20_SP
23.37435,80.11842,341.44,0.39,0.36,2023-11-25,747,N20,VIIRS,n,2,303.34,6.38,D,0,VIIRS_NOAA20_SP
23.37982,79.97908,333.68,0.39,0.36,2023-11-25,747,N20,VIIRS,l,2,304.94,3.35,D,0,VIIRS_NOAA20_SP
23.38134,80.09796,339.75,0.39,0.36,2023-11-25,747,N20,VIIRS,n,2,303.5,4.28,D,0,VIIRS_NOAA20_SP
23.38517,79.83933,333.77,0.39,0.36,2023-11-25,747,N20,VIIRS,l,2,305.93,4.9,D,0,VIIRS_NOAA20_SP
23.38531,80.18935,345.69,0.38,0.36,2023-11-25,747,N20,VIIRS,n,2,304.5,4.54,D,0,VIIRS_NOAA20_SP
23.38816,79.9891,338.59,0.39,0.36,2023-11-25,747,N20,VIIRS,n,2,305.24,5.14,D,0,VIIRS_NOAA20_SP
23.38964,79.84623,341.88,0.39,0.36,2023-11-25,747,N20,VIIRS,n,2,307.39,4.61,D,0,VIIRS_NOAA20_SP
23.3906,79.83061,346.89,0.39,0.36,2023-11-25,747,N20,VIIRS,n,2,310.29,5.6,D,0,VIIRS_NOAA20_SP
23.39087,79.98476,340.33,0.39,0.36,2023-11-25,747,N20,VIIRS,n,2,306.19,5.14,D,0,VIIRS_NOAA20_SP
23.39119,79.83437,333.96,0.39,0.36,2023-11-25,747,N20,VIIRS,n,2,303.8,5.6,D,0,VIIRS_NOAA20_SP
23.39145,79.98849,333.95,0.39,0.36,2023-11-25,747,N20,VIIRS,n,2,301.94,5.14,D,0,VIIRS_NOAA20_SP
23.3926,79.93053,330.28,0.39,0.36,2023-11-25,747,N20,VIIRS,l,2,303.95,3.8,D,0,VIIRS_NOAA20_SP
23.3939,79.83,333.1,0.39,0.36,2023-11-25,747,N20,VIIRS,l,2,306.55,5.6,D,0,VIIRS_NOAA20_SP
23.39417,79.98415,335.24,0.39,0.36,2023-11-25,747,N20,VIIRS,n,2,303.68,3.27,D,0,VIIRS_NOAA20_SP
23.40035,80.22114,331.8,0.38,0.36,2023-11-25,747,N20,VIIRS,l,2,302.02,2.06,D,0,VIIRS_NOAA20_SP
23.40275,80.17085,332.34,0.38,0.36,2023-11-25,747,N20,VIIRS,l,2,303.32,4.35,D,0,VIIRS_NOAA20_SP
23.40768,79.83133,331.85,0.39,0.36,2023-11-25,747,N20,VIIRS,n,2,303.46,1.91,D,0,VIIRS_NOAA20_SP
23.41091,80.94271,334.33,0.39,0.36,2023-11-25,747,N20,VIIRS,n,2,302.76,2.98,D,0,VIIRS_NOAA20_SP
23.41409,80.22249,332.71,0.38,0.36,2023-11-25,747,N20,VIIRS,l,2,303.7,3.55,D,0,VIIRS_NOAA20_SP
23.41547,80.03413,332.67,0.39,0.36,2023-11-25,747,N20,VIIRS,n,2,302.69,3.63,D,0,VIIRS_NOAA20_SP
23.41604,80.03787,332.14,0.39,0.36,2023-11-25,747,N20,VIIRS,l,2,306.25,3.63,D,0,VIIRS_NOAA20_SP
23.41622,80.0609,340.96,0.39,0.36,2023-11-25,747,N20,VIIRS,n,2,305.43,3.81,D,0,VIIRS_NOAA20_SP
23.42093,80.17907,340.71,0.38,0.36,2023-11-25,747,N20,VIIRS,n,2,305.1,3.49,D,0,VIIRS_NOAA20_SP
23.42205,80.03294,339.24,0.39,0.36,2023-11-25,747,N20,VIIRS,n,2,305.78,3.47,D,0,VIIRS_NOAA20_SP
23.42954,80.23503,347.73,0.38,0.36,2023-11-25,747,N20,VIIRS,n,2,305.38,6.75,D,0,VIIRS_NOAA20_SP
23.42981,80.19281,344.49,0.38,0.36,2023-11-25,747,N20,VIIRS,n,2,304.87,5.72,D,0,VIIRS_NOAA20_SP
23.43053,80.21952,352.53,0.38,0.36,2023-11-25,747,N20,VIIRS,n,2,309.09,19.61,D,0,VIIRS_NOAA20_SP
23.43068,80.2425,340.32,0.38,0.36,2023-11-25,747,N20,VIIRS,n,2,303.2,4.16,D,0,VIIRS_NOAA20_SP
23.43126,80.24623,335.42,0.38,0.36,2023-11-25,747,N20,VIIRS,n,2,302.58,3.21,D,0,VIIRS_NOAA20_SP
23.43397,80.24191,334.44,0.38,0.36,2023-11-25,747,N20,VIIRS,n,2,301.96,2.18,D,0,VIIRS_NOAA20_SP
23.43597,80.21088,335.78,0.38,0.36,2023-11-25,747,N20,VIIRS,n,2,303.46,21.22,D,0,VIIRS_NOAA20_SP
23.43654,80.2146,338.65,0.38,0.36,2023-11-25,747,N20,VIIRS,n,2,303.97,6.34,D,0,VIIRS_NOAA20_SP
23.43712,80.21833,350.27,0.38,0.36,2023-11-25,747,N20,VIIRS,n,2,304.56,6.34,D,0,VIIRS_NOAA20_SP
23.43796,80.17983,331.55,0.38,0.36,2023-11-25,747,N20,VIIRS,n,2,301.89,1.46,D,0,VIIRS_NOAA20_SP
23.43816,79.98383,333.56,0.39,0.36,2023-11-25,747,N20,VIIRS,l,2,304.58,1.48,D,0,VIIRS_NOAA20_SP
23.43983,80.214,336.5,0.38,0.36,2023-11-25,747,N20,VIIRS,n,2,302.3,6.34,D,0,VIIRS_NOAA20_SP
23.441,80.06791,331.09,0.39,0.36,2023-11-25,747,N20,VIIRS,n,2,302.87,2.08,D,0,VIIRS_NOAA20_SP
23.44145,79.98322,336.28,0.39,0.36,2023-11-25,747,N20,VIIRS,n,2,305.78,2.97,D,0,VIIRS_NOAA20_SP
23.44312,80.21342,333.21,0.38,0.36,2023-11-25,747,N20,VIIRS,n,2,302.36,1.65,D,0,VIIRS_NOAA20_SP
23.44759,80.06671,336.06,0.39,0.36,2023-11-25,747,N20,VIIRS,n,2,305.19,4.92,D,0,VIIRS_NOAA20_SP
23.44928,80.23148,332.6,0.38,0.36,2023-11-25,747,N20,VIIRS,n,2,303.53,5.22,D,0,VIIRS_NOAA20_SP
23.44981,80.14698,355.99,0.38,0.36,2023-11-25,747,N20,VIIRS,n,2,309.32,13.01,D,0,VIIRS_NOAA20_SP
23.45039,80.15071,341.73,0.38,0.36,2023-11-25,747,N20,VIIRS,n,2,303.71,5.1,D,0,VIIRS_NOAA20_SP
23.45169,80.18118,346.06,0.38,0.36,2023-11-25,747,N20,VIIRS,n,2,302.25,4.06,D,0,VIIRS_NOAA20_SP
23.452,80.22715,332.32,0.38,0.36,2023-11-25,747,N20,VIIRS,n,2,300.81,2.26,D,0,VIIRS_NOAA20_SP
23.45278,80.10035,334.91,0.39,0.36,2023-11-25,747,N20,VIIRS,n,2,303.26,4.6,D,0,VIIRS_NOAA20_SP
23.4531,80.14639,349.41,0.38,0.36,2023-11-25,747,N20,VIIRS,n,2,305.43,5.26,D,0,VIIRS_NOAA20_SP
23.4536,80.06178,346.43,0.39,0.36,2023-11-25,747,N20,VIIRS,n,2,305.43,9.63,D,0,VIIRS_NOAA20_SP
23.45368,80.15012,343.06,0.38,0.36,2023-11-25,747,N20,VIIRS,n,2,304.23,6.16,D,0,VIIRS_NOAA20_SP
23.45383,80.17312,334.04,0.38,0.36,2023-11-25,747,N20,VIIRS,n,2,302.46,4.72,D,0,VIIRS_NOAA20_SP
23.45441,80.17685,347.02,0.38,0.36,2023-11-25,747,N20,VIIRS,n,2,304.65,4.72,D,0,VIIRS_NOAA20_SP
23.45498,80.18058,340.69,0.38,0.36,2023-11-25,747,N20,VIIRS,n,2,302.77,4.06,D,0,VIIRS_NOAA20_SP
23.45556,80.18431,346.88,0.38,0.36,2023-11-25,747,N20,VIIRS,n,2,302.71,4.06,D,0,VIIRS_NOAA20_SP
23.45582,80.14205,333.48,0.39,0.36,2023-11-25,747,N20,VIIRS,l,2,303.51,5.26,D,0,VIIRS_NOAA20_SP
23.45613,80.18805,344.88,0.38,0.36,2023-11-25,747,N20,VIIRS,n,2,304.61,5.39,D,0,VIIRS_NOAA20_SP
23.45671,80.19177,336.49,0.38,0.36,2023-11-25,747,N20,VIIRS,n,2,303.22,5.39,D,0,VIIRS_NOAA20_SP
23.45728,80.19551,345.65,0.38,0.36,2023-11-25,747,N20,VIIRS,n,2,314.39,34.64,D,0,VIIRS_NOAA20_SP
23.4573,80.04189,333.77,0.39,0.36,2023-11-25,747,N20,VIIRS,n,2,305.46,2.65,D,0,VIIRS_NOAA20_SP
23.45812,80.15699,347.7,0.38,0.36,2023-11-25,747,N20,VIIRS,n,2,304.86,6.49,D,0,VIIRS_NOAA20_SP
23.45857,80.22596,343.22,0.38,0.36,2023-11-25,747,N20,VIIRS,n,2,304.36,2.84,D,0,VIIRS_NOAA20_SP
23.46,80.19118,344.04,0.38,0.36,2023-11-25,747,N20,VIIRS,n,2,305.84,8.84,D,0,VIIRS_NOAA20_SP
23.46029,80.54739,332.27,0.38,0.36,2023-11-25,747,N20,VIIRS,n,2,302.69,2.18,D,0,VIIRS_NOAA20_SP
23.46057,80.19492,348.29,0.38,0.36,2023-11-25,747,N20,VIIRS,n,2,307.64,21.43,D,0,VIIRS_NOAA20_SP
23.46093,80.08734,331.18,0.39,0.36,2023-11-25,747,N20,VIIRS,l,2,304.24,2.63,D,0,VIIRS_NOAA20_SP
23.46141,80.15639,350.9,0.38,0.36,2023-11-25,747,N20,VIIRS,n,2,304.11,6.91,D,0,VIIRS_NOAA20_SP
23.46186,80.22536,333.25,0.38,0.36,2023-11-25,747,N20,VIIRS,n,2,302.23,2.84,D,0,VIIRS_NOAA20_SP
23.46422,80.08675,334.04,0.39,0.36,2023-11-25,747,N20,VIIRS,l,2,306.12,3.31,D,0,VIIRS_NOAA20_SP
23.4679,80.02061,334.51,0.39,0.36,2023-11-25,747,N20,VIIRS,n,2,306.11,6.49,D,0,VIIRS_NOAA20_SP
23.46925,79.98574,332.99,0.39,0.36,2023-11-25,747,N20,VIIRS,n,2,304.48,3.48,D,0,VIIRS_NOAA20_SP
23.47003,80.01254,339.29,0.39,0.36,2023-11-25,747,N20,VIIRS,n,2,309.35,13.55,D,0,VIIRS_NOAA20_SP
23.47172,80.31176,335.32,0.38,0.36,2023-11-25,747,N20,VIIRS,n,2,304.63,4.1,D,0,VIIRS_NOAA20_SP
23.47313,79.98888,342.85,0.39,0.36,2023-11-25,747,N20,VIIRS,n,2,306.29,3.48,D,0,VIIRS_NOAA20_SP
23.47544,80.06923,332.73,0.39,0.36,2023-11-25,747,N20,VIIRS,n,2,301.87,1.32,D,0,VIIRS_NOAA20_SP
23.47602,80.29565,344.3,0.38,0.36,2023-11-25,747,N20,VIIRS,n,2,307.26,5.84,D,0,VIIRS_NOAA20_SP
23.47628,80.34159,331.19,0.38,0.36,2023-11-25,747,N20,VIIRS,n,2,304.75,0.54,D,0,VIIRS_NOAA20_SP
23.47891,80.09164,346.05,0.39,0.36,2023-11-25,747,N20,VIIRS,n,2,308.0,4.4,D,0,VIIRS_NOAA20_SP
23.47925,90.59777,326.26,0.38,0.59,2023-11-25,747,N20,VIIRS,n,2,297.92,1.65,D,0,VIIRS_NOAA20_SP
23.48087,80.06055,331.48,0.39,0.36,2023-11-25,747,N20,VIIRS,n,2,302.92,1.66,D,0,VIIRS_NOAA20_SP
23.48745,80.05936,333.89,0.39,0.36,2023-11-25,747,N20,VIIRS,n,2,303.68,1.77,D,0,VIIRS_NOAA20_SP
23.48863,80.00145,339.72,0.39,0.36,2023-11-25,747,N20,VIIRS,n,2,304.96,2.79,D,0,VIIRS_NOAA20_SP
23.48959,80.05128,330.86,0.39,0.36,2023-11-25,747,N20,VIIRS,l,2,301.06,2.66,D,0,VIIRS_NOAA20_SP
23.49189,80.28896,330.21,0.38,0.36,2023-11-25,747,N20,VIIRS,n,2,304.57,1.73,D,0,VIIRS_NOAA20_SP
23.4971,80.09987,342.66,0.39,0.36,2023-11-25,747,N20,VIIRS,n,2,306.17,7.34,D,0,VIIRS_NOAA20_SP
23.49745,80.1459,334.58,0.38,0.36,2023-11-25,747,N20,VIIRS,n,2,302.94,2.18,D,0,VIIRS_NOAA20_SP
23.50213,80.11047,331.8,0.39,0.36,2023-11-25,747,N20,VIIRS,n,2,302.41,2.49,D,0,VIIRS_NOAA20_SP
23.50368,80.09867,330.96,0.39,0.36,2023-11-25,747,N20,VIIRS,l,2,303.44,2.72,D,0,VIIRS_NOAA20_SP
23.50626,80.00594,334.14,0.39,0.36,2023-11-25,747,N20,VIIRS,n,2,305.01,1.86,D,0,VIIRS_NOAA20_SP
23.51129,80.01657,334.59,0.39,0.36,2023-11-25,747,N20,VIIRS,n,2,304.49,1.65,D,0,VIIRS_NOAA20_SP
23.51567,80.24236,330.17,0.38,0.36,2023-11-25,747,N20,VIIRS,l,2,305.0,6.75,D,0,VIIRS_NOAA20_SP
23.52007,80.16099,338.7,0.38,0.36,2023-11-25,747,N20,VIIRS,n,2,304.73,2.92,D,0,VIIRS_NOAA20_SP
23.52221,80.15292,339.47,0.38,0.36,2023-11-25,747,N20,VIIRS,n,2,305.96,4.16,D,0,VIIRS_NOAA20_SP
23.52274,79.93747,332.22,0.39,0.36,2023-11-25,747,N20,VIIRS,l,2,304.75,2.84,D,0,VIIRS_NOAA20_SP
23.52332,79.94121,344.71,0.39,0.36,2023-11-25,747,N20,VIIRS,n,2,304.91,2.84,D,0,VIIRS_NOAA20_SP
23.52476,80.12559,337.95,0.38,0.36,2023-11-25,747,N20,VIIRS,n,2,305.4,4.06,D,0,VIIRS_NOAA20_SP
23.52754,80.05592,338.74,0.39,0.36,2023-11-25,747,N20,VIIRS,n,2,303.49,3.71,D,0,VIIRS_NOAA20_SP
23.53555,80.26179,333.78,0.38,0.36,2023-11-25,747,N20,VIIRS,n,2,306.73,2.09,D,0,VIIRS_NOAA20_SP
23.53666,80.02734,333.52,0.39,0.36,2023-11-25,747,N20,VIIRS,n,2,303.03,1.35,D,0,VIIRS_NOAA20_SP
23.53839,80.03855,332.28,0.39,0.36,2023-11-25,747,N20,VIIRS,l,2,303.92,7.22,D,0,VIIRS_NOAA20_SP
23.54251,79.93385,335.19,0.39,0.36,2023-11-25,747,N20,VIIRS,n,2,305.83,2.54,D,0,VIIRS_NOAA20_SP
23.54387,79.8989,341.87,0.39,0.36,2023-11-25,747,N20,VIIRS,n,2,306.96,5.85,D,0,VIIRS_NOAA20_SP
23.54425,79.94509,337.13,0.39,0.36,2023-11-25,747,N20,VIIRS,l,2,308.41,7.46,D,0,VIIRS_NOAA20_SP
23.54556,80.0411,335.1,0.39,0.36,2023-11-25,747,N20,VIIRS,n,2,304.5,3.8,D,0,VIIRS_NOAA20_SP
23.55121,79.99004,331.26,0.39,0.36,2023-11-25,747,N20,VIIRS,l,2,303.28,4.11,D,0,VIIRS_NOAA20_SP
23.55352,79.89279,335.5,0.39,0.36,2023-11-25,747,N20,VIIRS,l,2,309.23,4.19,D,0,VIIRS_NOAA20_SP
23.55544,80.0393,331.45,0.39,0.36,2023-11-25,747,N20,VIIRS,l,2,306.15,3.28,D,0,VIIRS_NOAA20_SP
23.5578,79.98884,348.36,0.39,0.36,2023-11-25,747,N20,VIIRS,n,2,311.27,7.81,D,0,VIIRS_NOAA20_SP
23.55901,80.23838,338.81,0.38,0.36,2023-11-25,747,N20,VIIRS,n,2,306.45,5.31,D,0,VIIRS_NOAA20_SP
23.5592,87.2385,340.9,0.47,0.48,2023-11-25,747,N20,VIIRS,n,2,302.13,6.64,D,2,VIIRS_NOAA20_SP
23.56978,80.6426,334.71,0.38,0.36,2023-11-25,747,N20,VIIRS,n,2,302.92,2.59,D,0,VIIRS_NOAA20_SP
23.57042,79.93596,345.22,0.39,0.36,2023-11-25,747,N20,VIIRS,n,2,309.07,3.4,D,0,VIIRS_NOAA20_SP
23.5803,80.66756,336.46,0.38,0.36,2023-11-25,747,N20,VIIRS,n,2,303.13,3.05,D,0,VIIRS_NOAA20_SP
23.58301,79.9298,332.38,0.39,0.36,2023-11-25,747,N20,VIIRS,n,2,306.51,2.53,D,0,VIIRS_NOAA20_SP
23.58792,79.59214,336.45,0.39,0.36,2023-11-25,747,N20,VIIRS,n,2,309.26,3.17,D,0,VIIRS_NOAA20_SP
23.59281,80.63853,331.08,0.38,0.36,2023-11-25,747,N20,VIIRS,l,2,304.28,1.53,D,0,VIIRS_NOAA20_SP
23.59502,80.05081,332.94,0.39,0.36,2023-11-25,747,N20,VIIRS,l,2,303.61,2.0,D,0,VIIRS_NOAA20_SP
23.59562,79.98914,331.71,0.39,0.36,2023-11-25,747,N20,VIIRS,n,2,302.27,1.8,D,0,VIIRS_NOAA20_SP
23.60653,80.63992,336.25,0.38,0.36,2023-11-25,747,N20,VIIRS,n,2,303.56,2.78,D,0,VIIRS_NOAA20_SP
23.61255,80.63502,331.6,0.38,0.36,2023-11-25,747,N20,VIIRS,n,2,304.03,1.39,D,0,VIIRS_NOAA20_SP
23.61498,80.00486,334.16,0.39,0.36,2023-11-25,747,N20,VIIRS,l,2,304.32,3.18,D,0,VIIRS_NOAA20_SP
23.63486,80.08971,333.29,0.39,0.36,2023-11-25,747,N20,VIIRS,n,2,303.5,2.36,D,0,VIIRS_NOAA20_SP
23.63839,80.04676,332.95,0.39,0.36,2023-11-25,747,N20,VIIRS,n,2,306.26,3.06,D,0,VIIRS_NOAA20_SP
23.63857,80.06982,334.92,0.39,0.36,2023-11-25,747,N20,VIIRS,n,2,306.79,3.87,D,0,VIIRS_NOAA20_SP
23.63897,80.05051,340.03,0.39,0.36,2023-11-25,747,N20,VIIRS,n,2,304.26,3.06,D,0,VIIRS_NOAA20_SP
23.63914,80.07356,336.32,0.39,0.36,2023-11-25,747,N20,VIIRS,n,2,307.48,3.87,D,0,VIIRS_NOAA20_SP
23.64035,80.01565,340.13,0.39,0.36,2023-11-25,747,N20,VIIRS,n,2,305.15,4.11,D,0,VIIRS_NOAA20_SP
23.64186,80.06922,367.0,0.39,0.36,2023-11-25,747,N20,VIIRS,h,2,306.6,3.87,D,0,VIIRS_NOAA20_SP
23.64457,80.06488,334.61,0.39,0.36,2023-11-25,747,N20,VIIRS,n,2,305.33,7.85,D,0,VIIRS_NOAA20_SP
23.64515,80.06862,352.91,0.39,0.36,2023-11-25,747,N20,VIIRS,n,2,306.25,9.15,D,0,VIIRS_NOAA20_SP
23.64786,80.06429,355.65,0.39,0.36,2023-11-25,747,N20,VIIRS,n,2,306.73,7.85,D,0,VIIRS_NOAA20_SP
23.64959,80.07551,341.55,0.39,0.36,2023-11-25,747,N20,VIIRS,n,2,302.98,4.58,D,0,VIIRS_NOAA20_SP
23.65058,80.05994,336.14,0.39,0.36,2023-11-25,747,N20,VIIRS,l,2,306.41,4.37,D,0,VIIRS_NOAA20_SP
23.65115,80.06368,356.11,0.39,0.36,2023-11-25,747,N20,VIIRS,n,2,306.09,4.37,D,0,VIIRS_NOAA20_SP
23.65132,80.08672,332.34,0.39,0.36,2023-11-25,747,N20,VIIRS,n,2,300.83,2.03,D,0,VIIRS_NOAA20_SP
23.65254,80.02882,333.84,0.39,0.36,2023-11-25,747,N20,VIIRS,n,2,304.68,5.22,D,0,VIIRS_NOAA20_SP
23.65387,80.05934,331.11,0.39,0.36,2023-11-25,747,N20,VIIRS,l,2,305.77,4.37,D,0,VIIRS_NOAA20_SP
23.65461,80.08612,348.0,0.39,0.36,2023-11-25,747,N20,VIIRS,n,2,304.17,11.71,D,0,VIIRS_NOAA20_SP
23.65722,90.78647,336.09,0.4,0.6,2023-11-25,747,N20,VIIRS,n,2,297.33,3.57,D,0,VIIRS_NOAA20_SP
23.65757,90.79037,332.33,0.4,0.6,2023-11-25,747,N20,VIIRS,n,2,295.86,3.57,D,0,VIIRS_NOAA20_SP
23.6611,80.15028,330.55,0.38,0.36,2023-11-25,747,N20,VIIRS,n,2,302.75,1.02,D,0,VIIRS_NOAA20_SP
23.66272,80.69898,339.0,0.38,0.36,2023-11-25,747,N20,VIIRS,n,2,303.36,3.23,D,0,VIIRS_NOAA20_SP
23.66448,80.08433,332.93,0.39,0.36,2023-11-25,747,N20,VIIRS,n,2,302.05,2.37,D,0,VIIRS_NOAA20_SP
23.66564,80.0918,330.64,0.38,0.36,2023-11-25,747,N20,VIIRS,l,2,305.36,2.87,D,0,VIIRS_NOAA20_SP
23.66646,80.05322,339.0,0.39,0.36,2023-11-25,747,N20,VIIRS,n,2,304.94,3.41,D,0,VIIRS_NOAA20_SP
23.66695,80.12231,337.04,0.38,0.36,2023-11-25,747,N20,VIIRS,n,2,303.55,2.79,D,0,VIIRS_NOAA20_SP
23.67509,80.61957,332.57,0.38,0.36,2023-11-25,747,N20,VIIRS,n,2,304.33,2.05,D,0,VIIRS_NOAA20_SP
23.68069,80.12366,335.04,0.38,0.36,2023-11-25,747,N20,VIIRS,n,2,303.91,3.3,D,0,VIIRS_NOAA20_SP
23.68128,86.39493,333.09,0.42,0.45,2023-11-25,747,N20,VIIRS,n,2,302.55,2.19,D,2,VIIRS_NOAA20_SP
23.68365,80.077,333.6,0.39,0.36,2023-11-25,747,N20,VIIRS,n,2,305.56,2.29,D,0,VIIRS_NOAA20_SP
23.68543,86.39435,328.66,0.42,0.45,2023-11-25,747,N20,VIIRS,l,2,302.23,2.19,D,2,VIIRS_NOAA20_SP
23.68728,90.24854,326.88,0.37,0.58,2023-11-25,747,N20,VIIRS,n,2,297.52,1.27,D,0,VIIRS_NOAA20_SP
23.68998,80.11814,332.77,0.38,0.36,2023-11-25,747,N20,VIIRS,n,2,301.87,1.47,D,0,VIIRS_NOAA20_SP
23.73871,80.77334,331.24,0.38,0.36,2023-11-25,747,N20,VIIRS,n,2,304.31,1.89,D,0,VIIRS_NOAA20_SP
23.73945,80.8462,333.89,0.39,0.36,2023-11-25,747,N20,VIIRS,n,2,305.31,2.2,D,0,VIIRS_NOAA20_SP
23.74963,80.59864,340.07,0.38,0.36,2023-11-25,747,N20,VIIRS,n,2,303.93,2.06,D,0,VIIRS_NOAA20_SP
23.75804,86.40123,347.03,0.42,0.45,2023-11-25,747,N20,VIIRS,n,2,307.37,6.06,D,2,VIIRS_NOAA20_SP
23.75852,86.40531,340.15,0.42,0.45,2023-11-25,747,N20,VIIRS,n,2,302.56,6.06,D,2,VIIRS_NOAA20_SP
23.77372,86.39073,338.49,0.42,0.45,2023-11-25,747,N20,VIIRS,n,2,305.84,4.96,D,2,VIIRS_NOAA20_SP
23.77515,86.38731,336.76,0.42,0.45,2023-11-25,747,N20,VIIRS,n,2,305.81,4.11,D,2,VIIRS_NOAA20_SP
23.7756,86.39146,331.96,0.42,0.45,2023-11-25,747,N20,VIIRS,l,2,304.27,7.01,D,2,VIIRS_NOAA20_SP
23.77787,86.39012,333.46,0.42,0.45,2023-11-25,747,N20,VIIRS,l,2,307.66,4.96,D,2,VIIRS_NOAA20_SP
23.7789,86.34523,332.57,0.42,0.45,2023-11-25,747,N20,VIIRS,l,2,304.8,2.03,D,2,VIIRS_NOAA20_SP
23.78023,86.39501,342.48,0.42,0.45,2023-11-25,747,N20,VIIRS,n,2,310.47,7.41,D,2,VIIRS_NOAA20_SP
23.78032,86.20885,350.46,0.41,0.45,2023-11-25,747,N20,VIIRS,n,2,308.89,8.18,D,2,VIIRS_NOAA20_SP
23.79227,86.3517,333.62,0.42,0.45,2023-11-25,747,N20,VIIRS,l,2,305.99,4.54,D,2,VIIRS_NOAA20_SP
23.8024,86.32948,341.76,0.42,0.45,2023-11-25,747,N20,VIIRS,n,2,311.41,4.65,D,2,VIIRS_NOAA20_SP
24.14082,89.14491,350.77,0.63,0.54,2023-11-25,747,N20,VIIRS,n,2,298.1,15.46,D,0,VIIRS_NOAA20_SP
24.18682,91.25929,331.14,0.43,0.62,2023-11-25,747,N20,VIIRS,n,2,295.13,2.45,D,0,VIIRS_NOAA20_SP
24.45161,89.26952,350.88,0.32,0.55,2023-11-25,747,N20,VIIRS,n,2,298.28,5.38,D,0,VIIRS_NOAA20_SP
22.54875,72.40342,335.59,0.59,0.53,2023-11-25,748,N20,VIIRS,n,2,295.01,4.97,D,0,VIIRS_NOAA20_SP
22.72679,70.85995,339.84,0.37,0.58,2023-11-25,748,N20,VIIRS,n,2,298.38,2.86,D,0,VIIRS_NOAA20_SP
22.73182,70.85877,337.42,0.37,0.58,2023-11-25,748,N20,VIIRS,n,2,296.87,5.8,D,0,VIIRS_NOAA20_SP
22.73198,70.85857,333.26,0.37,0.58,2023-11-25,748,N20,VIIRS,n,2,296.5,2.86,D,0,VIIRS_NOAA20_SP
23.34179,75.61758,332.24,0.55,0.43,2023-11-25,748,N20,VIIRS,n,2,298.98,4.52,D,0,VIIRS_NOAA20_SP
23.49963,77.73434,334.27,0.44,0.38,2023-11-25,748,N20,VIIRS,n,2,304.09,2.57,D,0,VIIRS_NOAA20_SP
23.50176,77.74696,341.27,0.44,0.38,2023-11-25,748,N20,VIIRS,n,2,305.95,7.2,D,0,VIIRS_NOAA20_SP
23.58064,77.82301,335.02,0.43,0.38,2023-11-25,748,N20,VIIRS,n,2,304.6,3.04,D,0,VIIRS_NOAA20_SP
23.62693,77.77914,337.74,0.43,0.38,2023-11-25,748,N20,VIIRS,n,2,305.56,3.59,D,0,VIIRS_NOAA20_SP
23.6573,79.49345,333.25,0.39,0.36,2023-11-25,748,N20,VIIRS,n,2,306.71,2.31,D,0,VIIRS_NOAA20_SP
23.68096,80.03501,334.37,0.39,0.36,2023-11-25,748,N20,VIIRS,n,2,304.54,1.7,D,0,VIIRS_NOAA20_SP
23.68786,79.70939,334.35,0.39,0.36,2023-11-25,748,N20,VIIRS,n,2,305.07,2.67,D,0,VIIRS_NOAA20_SP
23.69944,80.15468,341.98,0.38,0.36,2023-11-25,748,N20,VIIRS,n,2,305.13,4.6,D,0,VIIRS_NOAA20_SP
23.69995,80.00462,332.51,0.39,0.36,2023-11-25,748,N20,VIIRS,n,2,303.42,1.01,D,0,VIIRS_NOAA20_SP
23.70124,80.10055,331.09,0.38,0.36,2023-11-25,748,N20,VIIRS,n,2,302.5,1.65,D,0,VIIRS_NOAA20_SP
23.70454,80.09995,333.06,0.38,0.36,2023-11-25,748,N20,VIIRS,n,2,304.98,4.9,D,0,VIIRS_NOAA20_SP
23.70805,80.057,335.5,0.39,0.36,2023-11-25,748,N20,VIIRS,n,2,307.45,2.62,D,0,VIIRS_NOAA20_SP
23.71061,79.96415,333.33,0.39,0.36,2023-11-25,748,N20,VIIRS,n,2,304.3,2.7,D,0,VIIRS_NOAA20_SP
23.71203,80.14855,337.85,0.38,0.36,2023-11-25,748,N20,VIIRS,n,2,303.37,2.38,D,0,VIIRS_NOAA20_SP
23.71219,80.17159,335.89,0.38,0.36,2023-11-25,748,N20,VIIRS,n,2,302.87,4.85,D,0,VIIRS_NOAA20_SP
23.71448,79.96729,344.31,0.39,0.36,2023-11-25,748,N20,VIIRS,n,2,304.74,2.7,D,0,VIIRS_NOAA20_SP
23.71735,80.05146,339.17,0.39,0.36,2023-11-25,748,N20,VIIRS,n,2,303.34,5.14,D,0,VIIRS_NOAA20_SP
23.73808,80.1861,335.52,0.38,0.36,2023-11-25,748,N20,VIIRS,n,2,306.38,3.02,D,0,VIIRS_NOAA20_SP
23.74101,79.98556,338.99,0.39,0.36,2023-11-25,748,N20,VIIRS,n,2,305.16,2.21,D,0,VIIRS_NOAA20_SP
23.74564,80.01553,338.08,0.39,0.36,2023-11-25,748,N20,VIIRS,n,2,304.17,2.6,D,0,VIIRS_NOAA20_SP
23.7592,79.99379,337.59,0.39,0.36,2023-11-25,748,N20,VIIRS,n,2,304.38,3.08,D,0,VIIRS_NOAA20_SP
23.7625,79.99319,333.84,0.39,0.36,2023-11-25,748,N20,VIIRS,n,2,304.52,1.46,D,0,VIIRS_NOAA20_SP
23.76405,79.98135,331.0,0.39,0.36,2023-11-25,748,N20,VIIRS,n,2,304.18,1.48,D,0,VIIRS_NOAA20_SP
23.7681,80.00758,330.57,0.39,0.36,2023-11-25,748,N20,VIIRS,l,2,303.69,0.99,D,0,VIIRS_NOAA20_SP
23.78071,80.24368,344.8,0.38,0.36,2023-11-25,748,N20,VIIRS,n,2,304.38,7.47,D,0,VIIRS_NOAA20_SP
23.85587,80.71784,332.11,0.38,0.36,2023-11-25,748,N20,VIIRS,n,2,302.45,2.53,D,0,VIIRS_NOAA20_SP
23.86519,80.71235,337.95,0.38,0.36,2023-11-25,748,N20,VIIRS,n,2,302.94,2.58,D,0,VIIRS_NOAA20_SP
23.87015,79.98527,334.12,0.39,0.36,2023-11-25,748,N20,VIIRS,n,2,304.68,2.66,D,0,VIIRS_NOAA20_SP
23.87223,80.04267,335.52,0.38,0.36,2023-11-25,748,N20,VIIRS,n,2,303.72,1.83,D,0,VIIRS_NOAA20_SP
23.90854,78.58352,339.52,0.41,0.37,2023-11-25,748,N20,VIIRS,n,2,303.86,2.5,D,0,VIIRS_NOAA20_SP
23.93287,79.95055,331.17,0.39,0.36,2023-11-25,748,N20,VIIRS,n,2,304.64,1.8,D,0,VIIRS_NOAA20_SP
23.95302,80.41642,333.25,0.38,0.36,2023-11-25,748,N20,VIIRS,n,2,304.94,2.53,D,0,VIIRS_NOAA20_SP
23.95695,80.7117,340.53,0.38,0.36,2023-11-25,748,N20,VIIRS,n,2,304.13,2.69,D,0,VIIRS_NOAA20_SP
23.97625,79.94646,334.48,0.39,0.36,2023-11-25,748,N20,VIIRS,n,2,303.23,2.33,D,0,VIIRS_NOAA20_SP
23.99204,80.69779,331.93,0.38,0.36,2023-11-25,748,N20,VIIRS,n,2,302.84,1.0,D,0,VIIRS_NOAA20_SP
24.03444,77.73536,347.1,0.43,0.38,2023-11-25,748,N20,VIIRS,n,2,307.52,3.32,D,0,VIIRS_NOAA20_SP
24.04294,80.69631,335.35,0.38,0.36,2023-11-25,748,N20,VIIRS,n,2,303.19,2.03,D,0,VIIRS_NOAA20_SP
24.04481,77.73328,344.81,0.43,0.38,2023-11-25,748,N20,VIIRS,n,2,305.59,2.15,D,0,VIIRS_NOAA20_SP
24.04551,77.73744,336.36,0.43,0.38,2023-11-25,748,N20,VIIRS,n,2,305.67,2.15,D,0,VIIRS_NOAA20_SP
24.04827,77.73259,339.81,0.43,0.38,2023-11-25,748,N20,VIIRS,n,2,304.76,2.15,D,0,VIIRS_NOAA20_SP
24.10166,80.86335,330.42,0.39,0.36,2023-11-25,748,N20,VIIRS,n,2,302.99,1.3,D,0,VIIRS_NOAA20_SP
24.20126,81.42573,333.17,0.39,0.36,2023-11-25,748,N20,VIIRS,n,2,301.46,2.61,D,0,VIIRS_NOAA20_SP
24.20767,82.7094,332.32,0.42,0.38,2023-11-25,748,N20,VIIRS,l,2,304.75,4.73,D,2,VIIRS_NOAA20_SP
24.24796,80.86407,331.71,0.39,0.36,2023-11-25,748,N20,VIIRS,n,2,301.59,1.69,D,0,VIIRS_NOAA20_SP
24.27338,80.19633,340.41,0.38,0.36,2023-11-25,748,N20,VIIRS,n,2,304.45,3.77,D,0,VIIRS_NOAA20_SP
24.27996,80.19514,332.78,0.38,0.36,2023-11-25,748,N20,VIIRS,n,2,303.44,2.93,D,0,VIIRS_NOAA20_SP
24.28335,81.24348,332.45,0.39,0.36,2023-11-25,748,N20,VIIRS,n,2,302.01,1.43,D,0,VIIRS_NOAA20_SP
24.28725,80.22081,336.66,0.38,0.36,2023-11-25,748,N20,VIIRS,n,2,303.91,2.74,D,0,VIIRS_NOAA20_SP
24.3057,80.18661,333.66,0.38,0.36,2023-11-25,748,N20,VIIRS,l,2,305.12,3.07,D,0,VIIRS_NOAA20_SP
24.33986,81.40163,332.3,0.39,0.36,2023-11-25,748,N20,VIIRS,n,2,301.4,2.55,D,0,VIIRS_NOAA20_SP
24.40455,80.84451,330.47,0.39,0.36,2023-11-25,748,N20,VIIRS,l,2,303.43,2.76,D,0,VIIRS_NOAA20_SP
24.40498,81.17123,335.35,0.39,0.36,2023-11-25,748,N20,VIIRS,n,2,301.1,3.18,D,0,VIIRS_NOAA20_SP
24.41326,81.15807,345.56,0.39,0.36,2023-11-25,748,N20,VIIRS,n,2,304.18,6.74,D,0,VIIRS_NOAA20_SP
24.42301,80.99266,331.66,0.39,0.36,2023-11-25,748,N20,VIIRS,l,2,303.81,3.43,D,0,VIIRS_NOAA20_SP
24.42628,80.96875,339.35,0.39,0.36,2023-11-25,748,N20,VIIRS,n,2,305.49,5.48,D,0,VIIRS_NOAA20_SP
24.45477,81.28008,330.63,0.39,0.36,2023-11-25,748,N20,VIIRS,n,2,302.08,1.33,D,0,VIIRS_NOAA20_SP
24.45814,80.49841,332.94,0.38,0.36,2023-11-25,748,N20,VIIRS,l,2,303.98,4.68,D,0,VIIRS_NOAA20_SP
24.45864,81.28333,332.7,0.39,0.36,2023-11-25,748,N20,VIIRS,n,2,302.31,2.62,D,0,VIIRS_NOAA20_SP
24.46473,81.30191,331.79,0.39,0.36,2023-11-25,748,N20,VIIRS,n,2,299.93,5.93,D,0,VIIRS_NOAA20_SP
24.46972,81.31284,331.3,0.39,0.36,2023-11-25,748,N20,VIIRS,n,2,299.38,1.95,D,0,VIIRS_NOAA20_SP
24.47746,81.48492,337.48,0.39,0.36,2023-11-25,748,N20,VIIRS,n,2,302.27,1.97,D,0,VIIRS_NOAA20_SP
24.47798,80.51802,333.62,0.38,0.36,2023-11-25,748,N20,VIIRS,n,2,301.05,3.51,D,0,VIIRS_NOAA20_SP
24.48635,81.47549,332.49,0.39,0.36,2023-11-25,748,N20,VIIRS,n,2,301.94,3.52,D,0,VIIRS_NOAA20_SP
24.4927,80.82109,336.4,0.39,0.36,2023-11-25,748,N20,VIIRS,n,2,304.09,4.17,D,0,VIIRS_NOAA20_SP
24.49304,81.03093,331.49,0.39,0.36,2023-11-25,748,N20,VIIRS,n,2,300.7,2.5,D,0,VIIRS_NOAA20_SP
24.50358,81.12666,333.27,0.39,0.36,2023-11-25,748,N20,VIIRS,n,2,304.6,1.7,D,0,VIIRS_NOAA20_SP
24.50571,81.3027,332.24,0.39,0.36,2023-11-25,748,N20,VIIRS,n,2,300.14,3.17,D,0,VIIRS_NOAA20_SP
24.50896,80.97752,334.89,0.39,0.36,2023-11-25,748,N20,VIIRS,n,2,299.96,2.6,D,0,VIIRS_NOAA20_SP
24.51675,81.0307,345.33,0.39,0.36,2023-11-25,748,N20,VIIRS,n,2,300.65,4.28,D,0,VIIRS_NOAA20_SP
24.52261,80.909,331.93,0.39,0.36,2023-11-25,748,N20,VIIRS,n,2,302.95,3.27,D,0,VIIRS_NOAA20_SP
24.52608,81.00179,330.55,0.39,0.36,2023-11-25,748,N20,VIIRS,n,2,301.12,1.32,D,0,VIIRS_NOAA20_SP
24.52719,81.00939,341.76,0.39,0.36,2023-11-25,748,N20,VIIRS,n,2,303.06,3.24,D,0,VIIRS_NOAA20_SP
24.53223,80.46989,332.91,0.38,0.36,2023-11-25,748,N20,VIIRS,n,2,304.44,2.4,D,0,VIIRS_NOAA20_SP
24.53354,80.68597,336.74,0.39,0.36,2023-11-25,748,N20,VIIRS,n,2,302.73,4.14,D,0,VIIRS_NOAA20_SP
24.54793,80.55209,331.26,0.38,0.36,2023-11-25,748,N20,VIIRS,n,2,300.45,1.07,D,0,VIIRS_NOAA20_SP
24.54879,81.06412,331.21,0.39,0.36,2023-11-25,748,N20,VIIRS,n,2,301.65,1.38,D,0,VIIRS_NOAA20_SP
24.55067,80.72967,335.3,0.39,0.36,2023-11-25,748,N20,VIIRS,n,2,302.54,3.51,D,0,VIIRS_NOAA20_SP
24.55107,78.04682,333.39,0.42,0.37,2023-11-25,748,N20,VIIRS,n,2,304.83,1.17,D,0,VIIRS_NOAA20_SP
24.55483,80.64371,330.77,0.39,0.36,2023-11-25,748,N20,VIIRS,n,2,304.36,2.12,D,0,VIIRS_NOAA20_SP
24.55533,81.01616,333.54,0.39,0.36,2023-11-25,748,N20,VIIRS,n,2,301.94,1.77,D,0,VIIRS_NOAA20_SP
24.55676,80.56598,335.01,0.38,0.36,2023-11-25,748,N20,VIIRS,n,2,303.44,1.97,D,0,VIIRS_NOAA20_SP
24.56017,80.95688,336.88,0.39,0.36,2023-11-25,748,N20,VIIRS,n,2,302.89,2.62,D,0,VIIRS_NOAA20_SP
24.56776,80.57175,336.97,0.38,0.36,2023-11-25,748,N20,VIIRS,n,2,304.21,4.24,D,0,VIIRS_NOAA20_SP
24.5804,80.74766,336.83,0.39,0.36,2023-11-25,748,N20,VIIRS,n,2,303.16,2.39,D,0,VIIRS_NOAA20_SP
24.58249,81.08558,331.49,0.39,0.36,2023-11-25,748,N20,VIIRS,n,2,301.21,2.14,D,0,VIIRS_NOAA20_SP
24.58961,80.69563,330.43,0.39,0.36,2023-11-25,748,N20,VIIRS,n,2,303.88,1.52,D,0,VIIRS_NOAA20_SP
24.59226,77.95551,341.81,0.42,0.38,2023-11-25,748,N20,VIIRS,n,2,304.11,2.79,D,0,VIIRS_NOAA20_SP
24.59227,80.66802,338.36,0.39,0.36,2023-11-25,748,N20,VIIRS,n,2,304.61,4.3,D,0,VIIRS_NOAA20_SP
24.60174,80.70898,331.43,0.39,0.36,2023-11-25,748,N20,VIIRS,n,2,302.99,2.33,D,0,VIIRS_NOAA20_SP
24.61836,80.75257,331.16,0.39,0.36,2023-11-25,748,N20,VIIRS,n,2,305.17,2.26,D,0,VIIRS_NOAA20_SP
24.62286,81.12971,332.01,0.39,0.36,2023-11-25,748,N20,VIIRS,n,2,301.29,6.41,D,0,VIIRS_NOAA20_SP
24.63028,80.69617,336.15,0.39,0.36,2023-11-25,748,N20,VIIRS,n,2,305.01,2.67,D,0,VIIRS_NOAA20_SP
24.63271,81.03415,333.61,0.39,0.36,2023-11-25,748,N20,VIIRS,n,2,303.45,2.56,D,0,VIIRS_NOAA20_SP
24.63358,80.69558,336.85,0.39,0.36,2023-11-25,748,N20,VIIRS,n,2,301.67,2.67,D,0,VIIRS_NOAA20_SP
24.63549,81.0532,331.14,0.39,0.36,2023-11-25,748,N20,VIIRS,n,2,302.98,1.69,D,0,VIIRS_NOAA20_SP
24.64385,81.36987,330.86,0.39,0.36,2023-11-25,748,N20,VIIRS,n,2,300.29,1.84,D,0,VIIRS_NOAA20_SP
24.64601,81.07872,333.68,0.39,0.36,2023-11-25,748,N20,VIIRS,n,2,304.29,2.67,D,0,VIIRS_NOAA20_SP
24.65208,81.07376,336.43,0.39,0.36,2023-11-25,748,N20,VIIRS,n,2,304.48,2.81,D,0,VIIRS_NOAA20_SP
24.6565,81.08081,331.05,0.39,0.36,2023-11-25,748,N20,VIIRS,l,2,303.17,3.18,D,0,VIIRS_NOAA20_SP
24.65975,81.03333,332.96,0.39,0.36,2023-11-25,748,N20,VIIRS,n,2,303.49,3.29,D,0,VIIRS_NOAA20_SP
24.66596,80.59278,334.0,0.38,0.36,2023-11-25,748,N20,VIIRS,n,2,304.74,2.69,D,0,VIIRS_NOAA20_SP
24.67124,75.75836,331.27,0.52,0.41,2023-11-25,748,N20,VIIRS,n,2,301.95,3.47,D,0,VIIRS_NOAA20_SP
24.691,80.96919,334.82,0.39,0.36,2023-11-25,748,N20,VIIRS,n,2,303.82,3.0,D,0,VIIRS_NOAA20_SP
24.69206,80.92999,337.47,0.39,0.36,2023-11-25,748,N20,VIIRS,n,2,304.15,2.89,D,0,VIIRS_NOAA20_SP
24.69576,80.63396,333.2,0.39,0.36,2023-11-25,748,N20,VIIRS,n,2,304.14,1.96,D,0,VIIRS_NOAA20_SP
24.6982,80.99526,332.09,0.39,0.36,2023-11-25,748,N20,VIIRS,n,2,301.96,2.28,D,0,VIIRS_NOAA20_SP
24.70657,80.75233,330.05,0.39,0.36,2023-11-25,748,N20,VIIRS,n,2,303.63,1.46,D,0,VIIRS_NOAA20_SP
24.71745,80.71156,331.38,0.39,0.36,2023-11-25,748,N20,VIIRS,n,2,300.79,5.31,D,0,VIIRS_NOAA20_SP
24.72252,81.04573,333.81,0.39,0.36,2023-11-25,748,N20,VIIRS,n,2,301.92,2.77,D,0,VIIRS_NOAA20_SP
24.72306,80.7494,331.18,0.39,0.36,2023-11-25,748,N20,VIIRS,n,2,302.92,0.97,D,0,VIIRS_NOAA20_SP
24.72313,81.16714,342.97,0.39,0.36,2023-11-25,748,N20,VIIRS,n,2,302.62,8.14,D,0,VIIRS_NOAA20_SP
24.747,80.543,343.87,0.38,0.36,2023-11-25,748,N20,VIIRS,n,2,303.26,4.7,D,0,VIIRS_NOAA20_SP
24.7534,81.02467,335.92,0.39,0.36,2023-11-25,748,N20,VIIRS,n,2,305.79,3.55,D,0,VIIRS_NOAA20_SP
24.76852,80.57401,331.5,0.38,0.36,2023-11-25,748,N20,VIIRS,n,2,301.17,1.68,D,0,VIIRS_NOAA20_SP
24.78655,80.71828,332.21,0.39,0.36,2023-11-25,748,N20,VIIRS,n,2,304.33,1.51,D,0,VIIRS_NOAA20_SP
24.78662,81.08936,330.21,0.39,0.36,2023-11-25,748,N20,VIIRS,n,2,302.02,1.93,D,0,VIIRS_NOAA20_SP
24.7942,80.40674,333.46,0.38,0.36,2023-11-25,748,N20,VIIRS,n,2,303.08,5.06,D,0,VIIRS_NOAA20_SP
24.80263,81.08263,333.27,0.39,0.36,2023-11-25,748,N20,VIIRS,n,2,303.18,6.54,D,0,VIIRS_NOAA20_SP
24.8076,76.24628,335.1,0.49,0.4,2023-11-25,748,N20,VIIRS,n,2,301.5,3.42,D,0,VIIRS_NOAA20_SP
24.81508,76.97975,330.2,0.45,0.39,2023-11-25,748,N20,VIIRS,n,2,302.45,2.28,D,0,VIIRS_NOAA20_SP
24.84121,81.18559,334.38,0.39,0.36,2023-11-25,748,N20,VIIRS,n,2,302.96,3.37,D,0,VIIRS_NOAA20_SP
24.89586,84.81164,332.85,0.53,0.42,2023-11-25,748,N20,VIIRS,n,2,302.29,3.96,D,0,VIIRS_NOAA20_SP
24.91855,81.86405,334.37,0.4,0.37,2023-11-25,748,N20,VIIRS,n,2,301.86,2.69,D,0,VIIRS_NOAA20_SP
24.96041,76.97972,335.62,0.45,0.39,2023-11-25,748,N20,VIIRS,l,2,307.84,7.08,D,0,VIIRS_NOAA20_SP
24.97262,84.12182,343.05,0.49,0.4,2023-11-25,748,N20,VIIRS,n,2,299.65,5.06,D,0,VIIRS_NOAA20_SP
24.98532,68.67091,355.58,0.45,0.63,2023-11-25,748,N20,VIIRS,n,2,298.71,8.57,D,0,VIIRS_NOAA20_SP
24.98695,68.67162,367.0,0.45,0.63,2023-11-25,748,N20,VIIRS,h,2,299.24,10.48,D,0,VIIRS_NOAA20_SP
24.98794,81.4778,332.01,0.4,0.37,2023-11-25,748,N20,VIIRS,n,2,301.99,1.82,D,0,VIIRS_NOAA20_SP
24.99833,76.79707,338.49,0.46,0.39,2023-11-25,748,N20,VIIRS,n,2,306.87,6.14,D,0,VIIRS_NOAA20_SP
25.02811,85.70434,337.24,0.4,0.44,2023-11-25,748,N20,VIIRS,n,2,299.33,3.8,D,0,VIIRS_NOAA20_SP
25.03851,83.64758,331.93,0.47,0.39,2023-11-25,748,N20,VIIRS,n,2,301.04,2.39,D,0,VIIRS_NOAA20_SP
25.04052,83.92358,332.22,0.48,0.4,2023-11-25,748,N20,VIIRS,n,2,299.44,6.54,D,0,VIIRS_NOAA20_SP
25.04359,83.91829,337.37,0.48,0.4,2023-11-25,748,N20,VIIRS,n,2,300.58,6.54,D,0,VIIRS_NOAA20_SP
25.07433,81.62748,332.51,0.4,0.37,2023-11-25,748,N20,VIIRS,n,2,301.37,2.82,D,0,VIIRS_NOAA20_SP
25.08008,83.61918,331.22,0.47,0.39,2023-11-25,748,N20,VIIRS,n,2,299.68,3.18,D,0,VIIRS_NOAA20_SP
25.08699,83.99432,330.41,0.48,0.4,2023-11-25,748,N20,VIIRS,n,2,299.3,3.33,D,0,VIIRS_NOAA20_SP
25.09195,83.95152,339.42,0.48,0.4,2023-11-25,748,N20,VIIRS,n,2,299.97,3.37,D,0,VIIRS_NOAA20_SP
25.09251,83.9497,334.78,0.48,0.4,2023-11-25,748,N20,VIIRS,n,2,299.9,5.26,D,0,VIIRS_NOAA20_SP
25.09268,83.92714,331.68,0.48,0.4,2023-11-25,748,N20,VIIRS,n,2,300.25,2.84,D,0,VIIRS_NOAA20_SP
25.10495,81.58659,332.87,0.4,0.37,2023-11-25,748,N20,VIIRS,n,2,301.0,2.34,D,0,VIIRS_NOAA20_SP
25.12044,83.61768,332.78,0.47,0.39,2023-11-25,748,N20,VIIRS,n,2,300.08,1.98,D,0,VIIRS_NOAA20_SP
25.12222,83.63152,330.82,0.47,0.39,2023-11-25,748,N20,VIIRS,n,2,298.67,5.26,D,0,VIIRS_NOAA20_SP
25.12687,83.7253,336.73,0.47,0.4,2023-11-25,748,N20,VIIRS,n,2,300.38,6.53,D,0,VIIRS_NOAA20_SP
25.13066,81.57414,330.63,0.4,0.37,2023-11-25,748,N20,VIIRS,n,2,300.72,1.57,D,0,VIIRS_NOAA20_SP
25.13439,85.37931,331.74,0.57,0.43,2023-11-25,748,N20,VIIRS,n,2,298.69,7.43,D,0,VIIRS_NOAA20_SP
25.17539,83.43328,330.81,0.46,0.39,2023-11-25,748,N20,VIIRS,n,2,299.23,3.32,D,0,VIIRS_NOAA20_SP
25.17688,83.33188,333.27,0.45,0.39,2023-11-25,748,N20,VIIRS,n,2,299.16,2.28,D,0,VIIRS_NOAA20_SP
25.18815,83.91281,330.86,0.48,0.4,2023-11-25,748,N20,VIIRS,n,2,301.32,2.78,D,0,VIIRS_NOAA20_SP
25.19243,83.85897,343.94,0.48,0.4,2023-11-25,748,N20,VIIRS,n,2,300.63,7.02,D,0,VIIRS_NOAA20_SP
25.19601,83.85977,331.15,0.48,0.4,2023-11-25,748,N20,VIIRS,n,2,298.66,2.33,D,0,VIIRS_NOAA20_SP
25.1998,83.83028,330.9,0.48,0.4,2023-11-25,748,N20,VIIRS,n,2,299.31,2.78,D,0,VIIRS_NOAA20_SP
25.21273,84.86125,330.04,0.54,0.42,2023-11-25,748,N20,VIIRS,n,2,299.97,3.51,D,0,VIIRS_NOAA20_SP
25.21492,84.85815,330.16,0.54,0.42,2023-11-25,748,N20,VIIRS,n,2,299.9,2.36,D,0,VIIRS_NOAA20_SP
25.21724,93.93028,332.12,0.65,0.73,2023-11-25,748,N20,VIIRS,n,2,294.4,5.91,D,0,VIIRS_NOAA20_SP
25.22303,83.80753,331.12,0.48,0.4,2023-11-25,748,N20,VIIRS,n,2,300.62,3.65,D,0,VIIRS_NOAA20_SP
25.23894,83.99442,332.97,0.49,0.4,2023-11-25,748,N20,VIIRS,n,2,299.64,4.65,D,0,VIIRS_NOAA20_SP
25.24676,83.81837,345.23,0.48,0.4,2023-11-25,748,N20,VIIRS,n,2,301.41,7.33,D,0,VIIRS_NOAA20_SP
25.24996,83.72686,341.7,0.47,0.4,2023-11-25,748,N20,VIIRS,n,2,300.94,7.24,D,0,VIIRS_NOAA20_SP
25.2536,83.7263,337.26,0.47,0.4,2023-11-25,748,N20,VIIRS,n,2,299.09,2.38,D,0,VIIRS_NOAA20_SP
25.27116,83.80508,348.51,0.48,0.4,2023-11-25,748,N20,VIIRS,n,2,301.49,10.06,D,0,VIIRS_NOAA20_SP
25.30784,90.96727,349.63,0.42,0.61,2023-11-25,748,N20,VIIRS,n,2,294.39,4.26,D,0,VIIRS_NOAA20_SP
25.31392,77.36774,336.84,0.43,0.38,2023-11-25,748,N20,VIIRS,n,2,305.41,2.94,D,0,VIIRS_NOAA20_SP
25.32433,85.58487,336.29,0.39,0.44,2023-11-25,748,N20,VIIRS,n,2,299.26,2.87,D,0,VIIRS_NOAA20_SP
25.34662,80.51295,337.98,0.39,0.36,2023-11-25,748,N20,VIIRS,n,2,300.44,3.85,D,0,VIIRS_NOAA20_SP
25.3598,81.61256,334.32,0.4,0.37,2023-11-25,748,N20,VIIRS,n,2,300.72,2.16,D,0,VIIRS_NOAA20_SP
25.3729,83.81551,331.12,0.48,0.4,2023-11-25,748,N20,VIIRS,n,2,300.2,2.34,D,0,VIIRS_NOAA20_SP
25.37772,80.46872,330.61,0.39,0.36,2023-11-25,748,N20,VIIRS,n,2,299.64,2.16,D,0,VIIRS_NOAA20_SP
25.38065,85.47063,346.99,0.39,0.44,2023-11-25,748,N20,VIIRS,n,2,301.85,7.81,D,0,VIIRS_NOAA20_SP
25.3839,83.43203,333.37,0.46,0.39,2023-11-25,748,N20,VIIRS,n,2,300.28,3.57,D,0,VIIRS_NOAA20_SP
25.38828,81.37814,332.55,0.4,0.37,2023-11-25,748,N20,VIIRS,n,2,300.16,1.8,D,0,VIIRS_NOAA20_SP
25.39749,80.46516,330.58,0.39,0.36,2023-11-25,748,N20,VIIRS,n,2,298.05,1.55,D,0,VIIRS_NOAA20_SP
25.40002,80.66749,333.12,0.39,0.36,2023-11-25,748,N20,VIIRS,n,2,300.62,2.65,D,0,VIIRS_NOAA20_SP
25.40733,83.76422,330.13,0.48,0.4,2023-11-25,748,N20,VIIRS,l,2,301.6,6.96,D,0,VIIRS_NOAA20_SP
25.41236,83.86506,330.81,0.48,0.4,2023-11-25,748,N20,VIIRS,n,2,300.55,2.99,D,0,VIIRS_NOAA20_SP
25.41262,83.86279,330.71,0.48,0.4,2023-11-25,748,N20,VIIRS,n,2,301.03,2.65,D,0,VIIRS_NOAA20_SP
25.41323,81.36926,332.62,0.4,0.37,2023-11-25,748,N20,VIIRS,n,2,301.65,3.54,D,0,VIIRS_NOAA20_SP
25.42308,84.99297,335.55,0.55,0.43,2023-11-25,748,N20,VIIRS,n,2,299.86,5.28,D,0,VIIRS_NOAA20_SP
25.4345,80.50922,340.52,0.39,0.36,2023-11-25,748,N20,VIIRS,n,2,300.45,3.47,D,0,VIIRS_NOAA20_SP
25.43892,80.51624,330.76,0.39,0.36,2023-11-25,748,N20,VIIRS,n,2,300.93,1.93,D,0,VIIRS_NOAA20_SP
25.445,83.7971,331.87,0.48,0.4,2023-11-25,748,N20,VIIRS,n,2,300.52,2.06,D,0,VIIRS_NOAA20_SP
25.45413,76.2548,338.15,0.48,0.4,2023-11-25,748,N20,VIIRS,n,2,301.2,4.87,D,0,VIIRS_NOAA20_SP
25.4543,76.25784,332.01,0.48,0.4,2023-11-25,748,N20,VIIRS,n,2,299.94,6.13,D,0,VIIRS_NOAA20_SP
25.47444,86.79483,330.12,0.47,0.47,2023-11-25,748,N20,VIIRS,n,2,301.47,2.31,D,0,VIIRS_NOAA20_SP
25.47662,84.8399,343.43,0.54,0.42,2023-11-25,748,N20,VIIRS,n,2,299.12,6.6,D,0,VIIRS_NOAA20_SP
25.48439,81.24499,341.08,0.39,0.36,2023-11-25,748,N20,VIIRS,n,2,301.22,3.63,D,0,VIIRS_NOAA20_SP
25.49704,81.26727,331.03,0.39,0.37,2023-11-25,748,N20,VIIRS,n,2,299.34,3.44,D,0,VIIRS_NOAA20_SP
25.50471,84.06294,332.87,0.49,0.4,2023-11-25,748,N20,VIIRS,n,2,299.71,5.07,D,0,VIIRS_NOAA20_SP
25.51366,80.60839,337.51,0.39,0.36,2023-11-25,748,N20,VIIRS,n,2,302.25,4.78,D,0,VIIRS_NOAA20_SP
25.51701,80.8159,333.19,0.39,0.36,2023-11-25,748,N20,VIIRS,n,2,301.8,2.49,D,0,VIIRS_NOAA20_SP
25.54432,80.90961,332.54,0.39,0.36,2023-11-25,748,N20,VIIRS,n,2,302.13,6.96,D,0,VIIRS_NOAA20_SP
25.55102,80.79412,340.21,0.39,0.36,2023-11-25,748,N20,VIIRS,n,2,302.64,3.87,D,0,VIIRS_NOAA20_SP
25.55884,84.28213,330.49,0.51,0.41,2023-11-25,748,N20,VIIRS,n,2,297.54,2.81,D,0,VIIRS_NOAA20_SP
25.56811,84.19633,331.53,0.5,0.41,2023-11-25,748,N20,VIIRS,n,2,300.06,2.62,D,0,VIIRS_NOAA20_SP
25.57738,84.36916,338.31,0.51,0.41,2023-11-25,748,N20,VIIRS,n,2,298.64,3.74,D,0,VIIRS_NOAA20_SP
25.58251,84.34774,331.19,0.51,0.41,2023-11-25,748,N20,VIIRS,n,2,296.87,3.04,D,0,VIIRS_NOAA20_SP
25.58278,84.35056,332.9,0.51,0.41,2023-11-25,748,N20,VIIRS,n,2,297.27,2.79,D,0,VIIRS_NOAA20_SP
25.58323,80.89883,331.87,0.39,0.36,2023-11-25,748,N20,VIIRS,n,2,301.02,1.62,D,0,VIIRS_NOAA20_SP
25.60344,82.11042,337.85,0.41,0.37,2023-11-25,748,N20,VIIRS,n,2,302.63,6.51,D,0,VIIRS_NOAA20_SP
25.60913,82.15144,332.75,0.41,0.37,2023-11-25,748,N20,VIIRS,n,2,300.38,2.66,D,0,VIIRS_NOAA20_SP
25.61609,78.10458,332.27,0.41,0.37,2023-11-25,748,N20,VIIRS,n,2,302.91,2.12,D,0,VIIRS_NOAA20_SP
25.61733,78.28114,342.74,0.4,0.37,2023-11-25,748,N20,VIIRS,n,2,304.67,2.97,D,0,VIIRS_NOAA20_SP
25.62069,78.28047,349.43,0.4,0.37,2023-11-25,748,N20,VIIRS,n,2,306.05,9.15,D,0,VIIRS_NOAA20_SP
25.6395,78.26852,335.59,0.4,0.37,2023-11-25,748,N20,VIIRS,n,2,303.21,3.3,D,0,VIIRS_NOAA20_SP
25.65086,78.27445,332.12,0.4,0.37,2023-11-25,748,N20,VIIRS,n,2,302.77,1.72,D,0,VIIRS_NOAA20_SP
25.65312,80.77244,330.74,0.39,0.36,2023-11-25,748,N20,VIIRS,n,2,301.06,1.72,D,0,VIIRS_NOAA20_SP
25.6589,78.15376,334.39,0.41,0.37,2023-11-25,748,N20,VIIRS,n,2,302.87,2.77,D,0,VIIRS_NOAA20_SP
25.66282,83.16617,334.33,0.45,0.39,2023-11-25,748,N20,VIIRS,n,2,301.34,2.78,D,0,VIIRS_NOAA20_SP
25.66432,78.14442,332.34,0.41,0.37,2023-11-25,748,N20,VIIRS,n,2,301.29,1.51,D,0,VIIRS_NOAA20_SP
25.66479,83.9194,332.59,0.49,0.4,2023-11-25,748,N20,VIIRS,n,2,301.33,4.89,D,0,VIIRS_NOAA20_SP
25.66539,83.92424,331.81,0.49,0.4,2023-11-25,748,N20,VIIRS,l,2,302.38,3.64,D,0,VIIRS_NOAA20_SP
25.66586,78.14484,344.56,0.41,0.37,2023-11-25,748,N20,VIIRS,n,2,302.58,3.42,D,0,VIIRS_NOAA20_SP
25.6742,81.78424,338.96,0.41,0.37,2023-11-25,748,N20,VIIRS,n,2,302.04,3.83,D,0,VIIRS_NOAA20_SP
25.67526,78.89008,331.45,0.39,0.36,2023-11-25,748,N20,VIIRS,l,2,303.0,1.35,D,0,VIIRS_NOAA20_SP
25.68287,79.90247,331.29,0.38,0.36,2023-11-25,748,N20,VIIRS,n,2,301.97,1.12,D,0,VIIRS_NOAA20_SP
25.68481,78.88839,332.37,0.39,0.36,2023-11-25,748,N20,VIIRS,n,2,303.23,1.51,D,0,VIIRS_NOAA20_SP
25.68814,78.1115,333.76,0.41,0.37,2023-11-25,748,N20,VIIRS,n,2,302.69,1.92,D,0,VIIRS_NOAA20_SP
25.69382,77.99855,337.03,0.41,0.37,2023-11-25,748,N20,VIIRS,n,2,303.39,4.59,D,0,VIIRS_NOAA20_SP
25.69913,78.0307,331.04,0.41,0.37,2023-11-25,748,N20,VIIRS,n,2,300.77,1.78,D,0,VIIRS_NOAA20_SP
25.69962,78.09682,332.59,0.41,0.37,2023-11-25,748,N20,VIIRS,l,2,303.62,3.14,D,0,VIIRS_NOAA20_SP
25.70028,78.10081,331.61,0.41,0.37,2023-11-25,748,N20,VIIRS,l,2,302.43,2.29,D,0,VIIRS_NOAA20_SP
25.70052,78.90125,334.54,0.39,0.36,2023-11-25,748,N20,VIIRS,n,2,301.45,1.78,D,0,VIIRS_NOAA20_SP
25.70365,78.10014,336.55,0.41,0.37,2023-11-25,748,N20,VIIRS,n,2,301.12,2.29,D,0,VIIRS_NOAA20_SP
25.70496,78.10813,330.68,0.41,0.37,2023-11-25,748,N20,VIIRS,l,2,302.67,4.58,D,0,VIIRS_NOAA20_SP
25.70824,82.31381,332.32,0.42,0.38,2023-11-25,748,N20,VIIRS,n,2,299.23,2.39,D,0,VIIRS_NOAA20_SP
25.71339,82.32578,330.77,0.42,0.38,2023-11-25,748,N20,VIIRS,n,2,300.1,2.3,D,0,VIIRS_NOAA20_SP
25.71437,82.43703,334.27,0.42,0.38,2023-11-25,748,N20,VIIRS,n,2,303.02,2.83,D,0,VIIRS_NOAA20_SP
25.71534,80.96698,330.05,0.39,0.36,2023-11-25,748,N20,VIIRS,n,2,300.98,1.85,D,0,VIIRS_NOAA20_SP
25.71637,78.11409,333.9,0.41,0.37,2023-11-25,748,N20,VIIRS,n,2,303.61,3.62,D,0,VIIRS_NOAA20_SP
25.71981,78.09277,347.08,0.41,0.37,2023-11-25,748,N20,VIIRS,n,2,301.09,5.18,D,0,VIIRS_NOAA20_SP
25.72186,78.0841,332.36,0.41,0.37,2023-11-25,748,N20,VIIRS,n,2,302.26,2.38,D,0,VIIRS_NOAA20_SP
25.72214,78.00113,330.96,0.41,0.37,2023-11-25,748,N20,VIIRS,n,2,304.65,3.44,D,0,VIIRS_NOAA20_SP
25.7228,78.00514,333.67,0.41,0.37,2023-11-25,748,N20,VIIRS,n,2,304.45,4.49,D,0,VIIRS_NOAA20_SP
25.72749,78.0125,344.66,0.41,0.37,2023-11-25,748,N20,VIIRS,n,2,302.0,4.22,D,0,VIIRS_NOAA20_SP
25.7277,82.09956,330.92,0.41,0.37,2023-11-25,748,N20,VIIRS,n,2,299.58,3.1,D,0,VIIRS_NOAA20_SP
25.7323,82.36114,333.06,0.42,0.38,2023-11-25,748,N20,VIIRS,n,2,300.24,3.8,D,0,VIIRS_NOAA20_SP
25.73645,78.93401,344.5,0.39,0.36,2023-11-25,748,N20,VIIRS,n,2,305.49,7.67,D,0,VIIRS_NOAA20_SP
25.73921,88.20914,335.74,0.57,0.52,2023-11-25,748,N20,VIIRS,n,2,298.46,3.16,D,0,VIIRS_NOAA20_SP
25.74948,82.48737,334.52,0.43,0.38,2023-11-25,748,N20,VIIRS,n,2,302.27,4.43,D,0,VIIRS_NOAA20_SP
25.75075,77.97913,336.15,0.41,0.37,2023-11-25,748,N20,VIIRS,n,2,304.08,5.18,D,0,VIIRS_NOAA20_SP
25.75094,78.04924,332.26,0.41,0.37,2023-11-25,748,N20,VIIRS,n,2,299.39,2.15,D,0,VIIRS_NOAA20_SP
25.75618,78.08131,334.56,0.41,0.37,2023-11-25,748,N20,VIIRS,n,2,302.04,4.03,D,0,VIIRS_NOAA20_SP
25.75693,83.79362,332.57,0.48,0.4,2023-11-25,748,N20,VIIRS,n,2,301.32,3.28,D,0,VIIRS_NOAA20_SP
25.75992,81.52086,343.84,0.4,0.37,2023-11-25,748,N20,VIIRS,n,2,302.21,3.95,D,0,VIIRS_NOAA20_SP
25.7632,88.20646,338.78,0.57,0.52,2023-11-25,748,N20,VIIRS,n,2,299.4,4.24,D,0,VIIRS_NOAA20_SP
25.77555,78.92246,338.73,0.39,0.36,2023-11-25,748,N20,VIIRS,n,2,302.65,3.06,D,0,VIIRS_NOAA20_SP
25.77568,78.00318,340.31,0.41,0.37,2023-11-25,748,N20,VIIRS,n,2,301.9,3.12,D,0,VIIRS_NOAA20_SP
25.77685,78.09405,331.05,0.41,0.37,2023-11-25,748,N20,VIIRS,n,2,299.41,1.97,D,0,VIIRS_NOAA20_SP
25.7792,83.11756,333.56,0.45,0.39,2023-11-25,748,N20,VIIRS,n,2,301.93,3.97,D,0,VIIRS_NOAA20_SP
25.78486,78.23602,332.16,0.4,0.37,2023-11-25,748,N20,VIIRS,n,2,301.42,3.02,D,0,VIIRS_NOAA20_SP
25.80342,77.96018,331.91,0.41,0.37,2023-11-25,748,N20,VIIRS,n,2,301.6,2.98,D,0,VIIRS_NOAA20_SP
25.81333,76.52272,333.38,0.46,0.39,2023-11-25,748,N20,VIIRS,n,2,299.86,1.99,D,0,VIIRS_NOAA20_SP
25.81576,78.11922,331.53,0.4,0.37,2023-11-25,748,N20,VIIRS,n,2,300.61,2.06,D,0,VIIRS_NOAA20_SP
25.82034,78.92612,333.67,0.39,0.36,2023-11-25,748,N20,VIIRS,n,2,300.84,2.42,D,0,VIIRS_NOAA20_SP
25.82151,78.00639,338.61,0.41,0.37,2023-11-25,748,N20,VIIRS,n,2,304.78,4.0,D,0,VIIRS_NOAA20_SP
25.83044,81.43571,331.87,0.4,0.37,2023-11-25,748,N20,VIIRS,n,2,299.01,1.68,D,0,VIIRS_NOAA20_SP
25.83075,78.06252,334.19,0.41,0.37,2023-11-25,748,N20,VIIRS,n,2,303.46,2.38,D,0,VIIRS_NOAA20_SP
25.83357,80.82333,331.88,0.39,0.36,2023-11-25,748,N20,VIIRS,n,2,300.39,2.17,D,0,VIIRS_NOAA20_SP
25.83682,80.79901,332.57,0.39,0.36,2023-11-25,748,N20,VIIRS,n,2,299.78,2.29,D,0,VIIRS_NOAA20_SP
25.83724,83.95406,332.47,0.49,0.4,2023-11-25,748,N20,VIIRS,n,2,298.91,3.44,D,0,VIIRS_NOAA20_SP
25.83838,81.58894,336.71,0.4,0.37,2023-11-25,748,N20,VIIRS,n,2,300.6,4.66,D,0,VIIRS_NOAA20_SP
25.84007,81.65002,334.33,0.4,0.37,2023-11-25,748,N20,VIIRS,n,2,300.38,2.06,D,0,VIIRS_NOAA20_SP
25.84811,82.68163,331.68,0.43,0.38,2023-11-25,748,N20,VIIRS,n,2,300.83,2.35,D,0,VIIRS_NOAA20_SP
25.8527,82.71619,335.69,0.44,0.38,2023-11-25,748,N20,VIIRS,n,2,302.55,10.65,D,0,VIIRS_NOAA20_SP
25.85322,83.82062,343.16,0.48,0.4,2023-11-25,748,N20,VIIRS,n,2,300.25,5.36,D,0,VIIRS_NOAA20_SP
25.8562,82.71562,332.63,0.44,0.38,2023-11-25,748,N20,VIIRS,n,2,299.18,4.42,D,0,VIIRS_NOAA20_SP
25.8571,78.18089,346.01,0.4,0.37,2023-11-25,748,N20,VIIRS,n,2,304.9,6.18,D,0,VIIRS_NOAA20_SP
25.85975,78.30318,344.99,0.4,0.37,2023-11-25,748,N20,VIIRS,n,2,303.15,6.87,D,0,VIIRS_NOAA20_SP
25.86012,78.2418,346.49,0.4,0.37,2023-11-25,748,N20,VIIRS,n,2,303.7,3.04,D,0,VIIRS_NOAA20_SP
25.86045,78.18021,339.37,0.4,0.37,2023-11-25,748,N20,VIIRS,n,2,302.59,6.18,D,0,VIIRS_NOAA20_SP
25.86076,78.24577,334.21,0.4,0.37,2023-11-25,748,N20,VIIRS,n,2,301.89,3.04,D,0,VIIRS_NOAA20_SP
25.86136,82.75462,332.94,0.44,0.38,2023-11-25,748,N20,VIIRS,n,2,302.21,2.6,D,0,VIIRS_NOAA20_SP
25.86282,78.23715,332.83,0.4,0.37,2023-11-25,748,N20,VIIRS,n,2,301.63,3.7,D,0,VIIRS_NOAA20_SP
25.86347,78.24113,339.71,0.4,0.37,2023-11-25,748,N20,VIIRS,n,2,301.87,3.04,D,0,VIIRS_NOAA20_SP
25.86454,88.00898,337.53,0.56,0.51,2023-11-25,748,N20,VIIRS,n,2,297.44,5.69,D,0,VIIRS_NOAA20_SP
25.86583,81.35698,330.02,0.4,0.37,2023-11-25,748,N20,VIIRS,n,2,300.18,1.74,D,0,VIIRS_NOAA20_SP
25.87081,78.24375,338.66,0.4,0.37,2023-11-25,748,N20,VIIRS,n,2,301.49,3.97,D,0,VIIRS_NOAA20_SP
25.87496,78.09905,332.96,0.41,0.37,2023-11-25,748,N20,VIIRS,n,2,302.07,1.84,D,0,VIIRS_NOAA20_SP
25.87945,83.02998,331.75,0.45,0.39,2023-11-25,748,N20,VIIRS,n,2,300.06,2.44,D,0,VIIRS_NOAA20_SP
25.87957,78.2338,333.77,0.4,0.37,2023-11-25,748,N20,VIIRS,n,2,300.36,3.34,D,0,VIIRS_NOAA20_SP
25.88022,78.23778,332.97,0.4,0.37,2023-11-25,748,N20,VIIRS,n,2,300.9,1.38,D,0,VIIRS_NOAA20_SP
25.8835,83.06127,331.42,0.45,0.39,2023-11-25,748,N20,VIIRS,n,2,300.03,1.75,D,0,VIIRS_NOAA20_SP
25.88627,78.23247,332.06,0.4,0.37,2023-11-25,748,N20,VIIRS,n,2,300.38,2.88,D,0,VIIRS_NOAA20_SP
25.89343,83.49091,332.58,0.47,0.4,2023-11-25,748,N20,VIIRS,n,2,300.69,1.58,D,0,VIIRS_NOAA20_SP
25.89568,78.2265,345.18,0.4,0.37,2023-11-25,748,N20,VIIRS,n,2,300.83,5.25,D,0,VIIRS_NOAA20_SP
25.90627,78.2374,333.18,0.4,0.37,2023-11-25,748,N20,VIIRS,n,2,300.83,2.78,D,0,VIIRS_NOAA20_SP
25.90831,78.22881,338.73,0.4,0.37,2023-11-25,748,N20,VIIRS,n,2,301.06,3.33,D,0,VIIRS_NOAA20_SP
25.91035,78.2202,332.49,0.4,0.37,2023-11-25,748,N20,VIIRS,n,2,300.99,2.01,D,0,VIIRS_NOAA20_SP
25.9128,77.79253,333.57,0.41,0.37,2023-11-25,748,N20,VIIRS,n,2,303.3,2.62,D,0,VIIRS_NOAA20_SP
25.91296,78.23606,333.83,0.4,0.37,2023-11-25,748,N20,VIIRS,n,2,301.85,2.15,D,0,VIIRS_NOAA20_SP
25.91853,78.18574,335.24,0.4,0.37,2023-11-25,748,N20,VIIRS,n,2,302.28,5.05,D,0,VIIRS_NOAA20_SP
25.91919,78.18971,335.06,0.4,0.37,2023-11-25,748,N20,VIIRS,n,2,303.1,6.11,D,0,VIIRS_NOAA20_SP
25.9192,82.69799,335.69,0.44,0.38,2023-11-25,748,N20,VIIRS,n,2,299.42,3.21,D,0,VIIRS_NOAA20_SP
25.91936,78.29604,332.37,0.4,0.37,2023-11-25,748,N20,VIIRS,l,2,303.81,1.99,D,0,VIIRS_NOAA20_SP
25.92049,78.19766,345.34,0.4,0.37,2023-11-25,748,N20,VIIRS,n,2,303.06,5.96,D,0,VIIRS_NOAA20_SP
25.92156,78.70707,341.42,0.39,0.36,2023-11-25,748,N20,VIIRS,n,2,302.3,3.5,D,0,VIIRS_NOAA20_SP
25.92812,80.06374,331.05,0.38,0.36,2023-11-25,748,N20,VIIRS,n,2,303.22,1.24,D,0,VIIRS_NOAA20_SP
25.93129,78.17908,334.89,0.4,0.37,2023-11-25,748,N20,VIIRS,n,2,302.22,4.9,D,0,VIIRS_NOAA20_SP
25.93138,78.15852,342.8,0.4,0.37,2023-11-25,748,N20,VIIRS,n,2,301.19,3.87,D,0,VIIRS_NOAA20_SP
25.93166,78.2446,332.24,0.4,0.37,2023-11-25,748,N20,VIIRS,n,2,302.53,2.43,D,0,VIIRS_NOAA20_SP
25.93194,78.18305,339.77,0.4,0.37,2023-11-25,748,N20,VIIRS,n,2,301.74,4.9,D,0,VIIRS_NOAA20_SP
25.93595,78.18635,345.91,0.4,0.37,2023-11-25,748,N20,VIIRS,n,2,301.49,3.44,D,0,VIIRS_NOAA20_SP
25.94135,78.17706,330.09,0.4,0.37,2023-11-25,748,N20,VIIRS,l,2,300.27,3.6,D,0,VIIRS_NOAA20_SP
25.94318,78.06136,331.15,0.41,0.37,2023-11-25,748,N20,VIIRS,n,2,300.34,2.38,D,0,VIIRS_NOAA20_SP
25.9578,78.23529,330.34,0.4,0.37,2023-11-25,748,N20,VIIRS,l,2,301.51,2.39,D,0,VIIRS_NOAA20_SP
25.95807,82.20248,339.22,0.42,0.38,2023-11-25,748,N20,VIIRS,n,2,301.8,7.62,D,0,VIIRS_NOAA20_SP
25.95897,78.26366,340.9,0.4,0.37,2023-11-25,748,N20,VIIRS,n,2,302.88,6.1,D,0,VIIRS_NOAA20_SP
25.95974,78.24717,338.77,0.4,0.37,2023-11-25,748,N20,VIIRS,n,2,302.17,3.74,D,0,VIIRS_NOAA20_SP
25.96298,78.13985,346.0,0.4,0.37,2023-11-25,748,N20,VIIRS,n,2,301.72,4.01,D,0,VIIRS_NOAA20_SP
25.96937,78.2002,334.7,0.4,0.37,2023-11-25,748,N20,VIIRS,n,2,301.78,4.62,D,0,VIIRS_NOAA20_SP
25.96987,82.72969,332.81,0.44,0.38,2023-11-25,748,N20,VIIRS,n,2,300.45,3.55,D,0,VIIRS_NOAA20_SP
25.9785,77.32691,341.94,0.43,0.38,2023-11-25,748,N20,VIIRS,n,2,305.19,6.9,D,0,VIIRS_NOAA20_SP
25.97943,78.30447,343.52,0.4,0.37,2023-11-25,748,N20,VIIRS,n,2,304.0,9.82,D,0,VIIRS_NOAA20_SP
25.98085,83.95204,332.34,0.49,0.4,2023-11-25,748,N20,VIIRS,n,2,299.21,2.37,D,0,VIIRS_NOAA20_SP
25.98692,79.03274,330.26,0.39,0.36,2023-11-25,748,N20,VIIRS,n,2,301.8,2.41,D,0,VIIRS_NOAA20_SP
25.99134,78.09264,331.27,0.4,0.37,2023-11-25,748,N20,VIIRS,n,2,301.19,2.14,D,0,VIIRS_NOAA20_SP
25.99452,78.15374,338.02,0.4,0.37,2023-11-25,748,N20,VIIRS,n,2,302.04,2.69,D,0,VIIRS_NOAA20_SP
25.99821,83.93943,330.13,0.49,0.4,2023-11-25,748,N20,VIIRS,n,2,298.76,3.28,D,0,VIIRS_NOAA20_SP
26.01308,81.36382,332.21,0.4,0.37,2023-11-25,748,N20,VIIRS,n,2,298.91,2.48,D,0,VIIRS_NOAA20_SP
26.0171,82.14593,331.92,0.42,0.37,2023-11-25,748,N20,VIIRS,n,2,299.68,3.31,D,0,VIIRS_NOAA20_SP
26.02748,79.09614,332.67,0.39,0.36,2023-11-25,748,N20,VIIRS,n,2,301.98,3.1,D,0,VIIRS_NOAA20_SP
26.0308,82.19472,346.44,0.42,0.38,2023-11-25,748,N20,VIIRS,n,2,301.78,5.8,D,0,VIIRS_NOAA20_SP
26.03786,87.38426,338.62,0.51,0.5,2023-11-25,748,N20,VIIRS,n,2,299.76,4.19,D,0,VIIRS_NOAA20_SP
26.0441,81.20514,343.13,0.4,0.37,2023-11-25,748,N20,VIIRS,n,2,302.95,6.98,D,0,VIIRS_NOAA20_SP
26.04798,82.16634,332.17,0.42,0.38,2023-11-25,748,N20,VIIRS,n,2,300.92,1.65,D,0,VIIRS_NOAA20_SP
26.05077,77.33353,343.02,0.43,0.38,2023-11-25,748,N20,VIIRS,n,2,304.13,53.31,D,0,VIIRS_NOAA20_SP
26.05279,77.32443,346.51,0.43,0.38,2023-11-25,748,N20,VIIRS,n,2,304.23,9.62,D,0,VIIRS_NOAA20_SP
26.05557,82.1483,336.93,0.42,0.38,2023-11-25,748,N20,VIIRS,n,2,301.46,4.04,D,0,VIIRS_NOAA20_SP
26.05677,82.1311,336.43,0.42,0.37,2023-11-25,748,N20,VIIRS,n,2,301.16,4.57,D,0,VIIRS_NOAA20_SP
26.0569,81.17474,331.52,0.4,0.37,2023-11-25,748,N20,VIIRS,n,2,300.18,3.81,D,0,VIIRS_NOAA20_SP
26.05693,77.32791,338.96,0.43,0.38,2023-11-25,748,N20,VIIRS,n,2,305.51,9.91,D,0,VIIRS_NOAA20_SP
26.06036,77.32719,352.44,0.43,0.38,2023-11-25,748,N20,VIIRS,n,2,304.35,9.91,D,0,VIIRS_NOAA20_SP
26.0638,77.32647,331.36,0.43,0.38,2023-11-25,748,N20,VIIRS,l,2,302.86,1.44,D,0,VIIRS_NOAA20_SP
26.11221,81.46909,331.59,0.4,0.37,2023-11-25,748,N20,VIIRS,n,2,298.54,4.82,D,0,VIIRS_NOAA20_SP
26.11566,82.12558,332.26,0.42,0.37,2023-11-25,748,N20,VIIRS,n,2,300.59,2.12,D,0,VIIRS_NOAA20_SP
26.11893,81.49246,335.71,0.4,0.37,2023-11-25,748,N20,VIIRS,n,2,298.97,2.3,D,0,VIIRS_NOAA20_SP
26.12549,82.7636,333.9,0.44,0.38,2023-11-25,748,N20,VIIRS,n,2,301.35,3.44,D,0,VIIRS_NOAA20_SP
26.14909,82.47763,331.41,0.43,0.38,2023-11-25,748,N20,VIIRS,n,2,299.38,1.86,D,0,VIIRS_NOAA20_SP
26.15479,84.91248,337.14,0.55,0.43,2023-11-25,748,N20,VIIRS,n,2,299.84,5.34,D,0,VIIRS_NOAA20_SP
26.16384,85.37436,340.15,0.39,0.44,2023-11-25,748,N20,VIIRS,n,2,299.94,4.14,D,0,VIIRS_NOAA20_SP
26.18388,82.41963,336.28,0.43,0.38,2023-11-25,748,N20,VIIRS,n,2,300.69,3.19,D,0,VIIRS_NOAA20_SP
26.18636,79.30599,330.04,0.39,0.36,2023-11-25,748,N20,VIIRS,n,2,303.29,1.97,D,0,VIIRS_NOAA20_SP
26.19305,82.61996,331.3,0.43,0.38,2023-11-25,748,N20,VIIRS,n,2,299.88,2.27,D,0,VIIRS_NOAA20_SP
26.20066,81.62296,335.89,0.4,0.37,2023-11-25,748,N20,VIIRS,n,2,303.62,3.85,D,0,VIIRS_NOAA20_SP
26.21602,82.95754,332.24,0.45,0.39,2023-11-25,748,N20,VIIRS,n,2,299.44,2.6,D,0,VIIRS_NOAA20_SP
26.24342,81.68185,332.66,0.41,0.37,2023-11-25,748,N20,VIIRS,n,2,300.21,2.05,D,0,VIIRS_NOAA20_SP
26.25096,81.9143,336.57,0.41,0.37,2023-11-25,748,N20,VIIRS,n,2,301.43,4.88,D,0,VIIRS_NOAA20_SP
26.266,81.59531,333.07,0.4,0.37,2023-11-25,748,N20,VIIRS,n,2,301.0,3.26,D,0,VIIRS_NOAA20_SP
26.27773,79.41449,332.11,0.38,0.36,2023-11-25,748,N20,VIIRS,n,2,301.35,2.32,D,0,VIIRS_NOAA20_SP
26.29073,78.14439,332.79,0.4,0.37,2023-11-25,748,N20,VIIRS,n,2,300.6,2.48,D,0,VIIRS_NOAA20_SP
26.2933,82.3082,330.57,0.42,0.38,2023-11-25,748,N20,VIIRS,n,2,300.13,2.63,D,0,VIIRS_NOAA20_SP
26.29643,81.61489,333.32,0.41,0.37,2023-11-25,748,N20,VIIRS,n,2,301.0,2.04,D,0,VIIRS_NOAA20_SP
26.29884,81.40112,332.19,0.4,0.37,2023-11-25,748,N20,VIIRS,l,2,302.84,5.44,D,0,VIIRS_NOAA20_SP
26.2994,81.40511,333.38,0.4,0.37,2023-11-25,748,N20,VIIRS,n,2,301.53,5.44,D,0,VIIRS_NOAA20_SP
26.30416,80.14803,332.91,0.38,0.36,2023-11-25,748,N20,VIIRS,n,2,299.39,1.82,D,0,VIIRS_NOAA20_SP
26.30612,81.40395,337.28,0.4,0.37,2023-11-25,748,N20,VIIRS,n,2,299.24,4.42,D,0,VIIRS_NOAA20_SP
26.3074,83.58302,330.35,0.48,0.4,2023-11-25,748,N20,VIIRS,n,2,301.18,3.03,D,0,VIIRS_NOAA20_SP
26.30827,79.96993,333.59,0.38,0.36,2023-11-25,748,N20,VIIRS,n,2,300.75,2.22,D,0,VIIRS_NOAA20_SP
26.31202,81.0825,336.24,0.39,0.37,2023-11-25,748,N20,VIIRS,n,2,299.76,3.76,D,0,VIIRS_NOAA20_SP
26.31562,81.47193,332.52,0.4,0.37,2023-11-25,748,N20,VIIRS,n,2,301.78,4.13,D,0,VIIRS_NOAA20_SP
26.32054,80.83708,331.61,0.39,0.36,2023-11-25,748,N20,VIIRS,n,2,299.81,2.09,D,0,VIIRS_NOAA20_SP
26.32083,83.39801,332.36,0.47,0.4,2023-11-25,748,N20,VIIRS,n,2,299.64,3.17,D,0,VIIRS_NOAA20_SP
26.33234,81.64221,331.66,0.41,0.37,2023-11-25,748,N20,VIIRS,n,2,299.92,2.04,D,0,VIIRS_NOAA20_SP
26.33244,81.37081,331.98,0.4,0.37,2023-11-25,748,N20,VIIRS,n,2,301.53,1.68,D,0,VIIRS_NOAA20_SP
26.33618,81.20346,334.18,0.4,0.37,2023-11-25,748,N20,VIIRS,n,2,300.81,2.43,D,0,VIIRS_NOAA20_SP
26.33953,81.20287,335.23,0.4,0.37,2023-11-25,748,N20,VIIRS,n,2,300.42,3.13,D,0,VIIRS_NOAA20_SP
26.34011,78.34275,333.49,0.4,0.37,2023-11-25,748,N20,VIIRS,n,2,303.63,4.44,D,0,VIIRS_NOAA20_SP
26.35095,81.65148,346.21,0.41,0.37,2023-11-25,748,N20,VIIRS,n,2,301.8,6.87,D,0,VIIRS_NOAA20_SP
26.35662,81.59256,338.45,0.41,0.37,2023-11-25,748,N20,VIIRS,n,2,301.06,3.41,D,0,VIIRS_NOAA20_SP
26.35718,81.5966,337.73,0.41,0.37,2023-11-25,748,N20,VIIRS,n,2,300.01,2.79,D,0,VIIRS_NOAA20_SP
26.35775,81.57585,343.59,0.4,0.37,2023-11-25,748,N20,VIIRS,n,2,300.49,5.68,D,0,VIIRS_NOAA20_SP
26.35966,81.13523,332.84,0.4,0.37,2023-11-25,748,N20,VIIRS,n,2,300.34,2.8,D,0,VIIRS_NOAA20_SP
26.36225,81.58334,331.84,0.4,0.37,2023-11-25,748,N20,VIIRS,n,2,300.44,1.74,D,0,VIIRS_NOAA20_SP
26.36551,81.38553,334.43,0.4,0.37,2023-11-25,748,N20,VIIRS,n,2,301.91,2.48,D,0,VIIRS_NOAA20_SP
26.38458,82.18169,331.59,0.42,0.38,2023-11-25,748,N20,VIIRS,n,2,298.93,3.36,D,0,VIIRS_NOAA20_SP
26.39112,82.09915,330.43,0.42,0.38,2023-11-25,748,N20,VIIRS,n,2,298.4,2.58,D,0,VIIRS_NOAA20_SP
26.39241,84.11084,331.67,0.51,0.41,2023-11-25,748,N20,VIIRS,n,2,298.85,2.93,D,0,VIIRS_NOAA20_SP
26.40312,81.15189,338.85,0.4,0.37,2023-11-25,748,N20,VIIRS,n,2,301.57,6.38,D,0,VIIRS_NOAA20_SP
26.4046,82.50404,330.63,0.43,0.38,2023-11-25,748,N20,VIIRS,n,2,300.03,1.89,D,0,VIIRS_NOAA20_SP
26.42285,82.91387,330.74,0.45,0.39,2023-11-25,748,N20,VIIRS,n,2,300.35,1.34,D,0,VIIRS_NOAA20_SP
26.4259,87.55231,341.5,0.53,0.5,2023-11-25,748,N20,VIIRS,n,2,300.5,6.56,D,0,VIIRS_NOAA20_SP
26.44623,83.86053,345.14,0.49,0.41,2023-11-25,748,N20,VIIRS,n,2,301.69,4.88,D,0,VIIRS_NOAA20_SP
26.44974,78.26882,338.98,0.4,0.37,2023-11-25,748,N20,VIIRS,n,2,302.26,3.1,D,0,VIIRS_NOAA20_SP
26.45105,79.30304,333.42,0.39,0.36,2023-11-25,748,N20,VIIRS,n,2,305.5,1.83,D,0,VIIRS_NOAA20_SP
26.45154,80.13246,333.29,0.38,0.36,2023-11-25,748,N20,VIIRS,n,2,299.78,3.34,D,0,VIIRS_NOAA20_SP
26.45597,80.13952,339.84,0.38,0.36,2023-11-25,748,N20,VIIRS,n,2,298.95,5.02,D,0,VIIRS_NOAA20_SP
26.46691,79.55979,331.27,0.38,0.36,2023-11-25,748,N20,VIIRS,n,2,298.79,2.71,D,0,VIIRS_NOAA20_SP
26.46975,78.26481,338.92,0.4,0.37,2023-11-25,748,N20,VIIRS,n,2,304.1,3.82,D,0,VIIRS_NOAA20_SP
26.47963,78.2832,333.09,0.4,0.37,2023-11-25,748,N20,VIIRS,n,2,302.02,3.47,D,0,VIIRS_NOAA20_SP
26.49087,79.53954,331.51,0.38,0.36,2023-11-25,748,N20,VIIRS,n,2,300.25,2.13,D,0,VIIRS_NOAA20_SP
26.49432,81.12737,330.27,0.4,0.37,2023-11-25,748,N20,VIIRS,n,2,300.34,2.07,D,0,VIIRS_NOAA20_SP
26.51168,81.22584,334.26,0.4,0.37,2023-11-25,748,N20,VIIRS,n,2,301.37,2.54,D,0,VIIRS_NOAA20_SP
26.5126,80.68714,330.62,0.39,0.36,2023-11-25,748,N20,VIIRS,n,2,300.05,0.98,D,0,VIIRS_NOAA20_SP
26.52079,84.05572,331.95,0.51,0.41,2023-11-25,748,N20,VIIRS,n,2,300.77,3.55,D,0,VIIRS_NOAA20_SP
26.52538,79.3641,332.2,0.38,0.36,2023-11-25,748,N20,VIIRS,n,2,299.95,1.94,D,0,VIIRS_NOAA20_SP
26.52572,78.35527,331.96,0.4,0.37,2023-11-25,748,N20,VIIRS,n,2,300.37,1.87,D,0,VIIRS_NOAA20_SP
26.54188,80.67792,332.74,0.39,0.36,2023-11-25,748,N20,VIIRS,n,2,298.95,2.07,D,0,VIIRS_NOAA20_SP
26.54498,80.84113,332.22,0.39,0.36,2023-11-25,748,N20,VIIRS,n,2,300.63,3.27,D,0,VIIRS_NOAA20_SP
26.55208,81.43985,336.9,0.4,0.37,2023-11-25,748,N20,VIIRS,n,2,298.98,2.29,D,0,VIIRS_NOAA20_SP
26.55305,79.23654,336.87,0.39,0.36,2023-11-25,748,N20,VIIRS,n,2,304.19,11.79,D,0,VIIRS_NOAA20_SP
26.57135,82.45264,330.76,0.43,0.38,2023-11-25,748,N20,VIIRS,n,2,299.48,2.72,D,0,VIIRS_NOAA20_SP
26.57685,81.54295,331.39,0.41,0.37,2023-11-25,748,N20,VIIRS,n,2,300.75,1.6,D,0,VIIRS_NOAA20_SP
26.57975,83.94435,331.93,0.5,0.41,2023-11-25,748,N20,VIIRS,n,2,300.36,5.06,D,0,VIIRS_NOAA20_SP
26.59432,79.61475,332.46,0.38,0.36,2023-11-25,748,N20,VIIRS,n,2,302.4,2.4,D,0,VIIRS_NOAA20_SP
26.59459,80.11398,337.6,0.39,0.36,2023-11-25,748,N20,VIIRS,n,2,304.31,3.8,D,0,VIIRS_NOAA20_SP
26.59874,79.44468,332.75,0.38,0.36,2023-11-25,748,N20,VIIRS,n,2,300.65,6.4,D,0,VIIRS_NOAA20_SP
26.60075,80.75522,332.2,0.39,0.36,2023-11-25,748,N20,VIIRS,n,2,300.27,3.96,D,0,VIIRS_NOAA20_SP
26.61227,84.05241,339.02,0.51,0.41,2023-11-25,748,N20,VIIRS,n,2,300.39,7.82,D,0,VIIRS_NOAA20_SP
26.61296,84.05465,340.42,0.51,0.41,2023-11-25,748,N20,VIIRS,n,2,300.15,5.82,D,0,VIIRS_NOAA20_SP
26.61317,81.44659,332.52,0.4,0.37,2023-11-25,748,N20,VIIRS,n,2,300.12,3.33,D,0,VIIRS_NOAA20_SP
26.61417,84.06764,343.71,0.51,0.41,2023-11-25,748,N20,VIIRS,n,2,302.07,6.39,D,0,VIIRS_NOAA20_SP
26.61477,84.06991,336.74,0.51,0.41,2023-11-25,748,N20,VIIRS,n,2,300.67,7.36,D,0,VIIRS_NOAA20_SP
26.61726,83.74397,337.09,0.49,0.4,2023-11-25,748,N20,VIIRS,n,2,300.38,4.33,D,0,VIIRS_NOAA20_SP
26.62572,84.0012,331.86,0.5,0.41,2023-11-25,748,N20,VIIRS,n,2,300.01,3.28,D,0,VIIRS_NOAA20_SP
26.62695,79.18681,342.29,0.39,0.36,2023-11-25,748,N20,VIIRS,n,2,301.61,2.98,D,0,VIIRS_NOAA20_SP
26.63298,79.57991,334.69,0.38,0.36,2023-11-25,748,N20,VIIRS,n,2,300.71,2.49,D,0,VIIRS_NOAA20_SP
26.63623,83.09131,330.15,0.46,0.39,2023-11-25,748,N20,VIIRS,l,2,301.04,2.95,D,0,VIIRS_NOAA20_SP
26.63855,79.28333,330.79,0.39,0.36,2023-11-25,748,N20,VIIRS,l,2,301.3,2.9,D,0,VIIRS_NOAA20_SP
26.64787,79.23415,330.57,0.39,0.36,2023-11-25,748,N20,VIIRS,n,2,303.54,1.9,D,0,VIIRS_NOAA20_SP
26.64824,80.08476,337.07,0.38,0.36,2023-11-25,748,N20,VIIRS,n,2,301.78,5.54,D,0,VIIRS_NOAA20_SP
26.64965,79.80102,334.25,0.38,0.36,2023-11-25,748,N20,VIIRS,n,2,303.37,2.67,D,0,VIIRS_NOAA20_SP
26.66179,80.45349,331.67,0.39,0.36,2023-11-25,748,N20,VIIRS,n,2,297.89,1.79,D,0,VIIRS_NOAA20_SP
26.66524,83.91847,330.97,0.5,0.41,2023-11-25,748,N20,VIIRS,n,2,298.6,3.38,D,0,VIIRS_NOAA20_SP
26.66899,79.97453,335.05,0.38,0.36,2023-11-25,748,N20,VIIRS,n,2,299.33,2.52,D,0,VIIRS_NOAA20_SP
26.67323,83.53514,331.6,0.48,0.4,2023-11-25,748,N20,VIIRS,n,2,300.49,2.54,D,0,VIIRS_NOAA20_SP
26.6827,83.61235,334.84,0.48,0.4,2023-11-25,748,N20,VIIRS,n,2,301.01,3.72,D,0,VIIRS_NOAA20_SP
26.68382,79.16002,330.6,0.39,0.36,2023-11-25,748,N20,VIIRS,n,2,303.21,3.87,D,0,VIIRS_NOAA20_SP
26.68442,79.16386,335.23,0.39,0.36,2023-11-25,748,N20,VIIRS,n,2,303.83,4.99,D,0,VIIRS_NOAA20_SP
26.69032,79.75407,332.86,0.38,0.36,2023-11-25,748,N20,VIIRS,n,2,300.84,1.51,D,0,VIIRS_NOAA20_SP
26.69233,83.66039,334.1,0.49,0.4,2023-11-25,748,N20,VIIRS,n,2,300.75,3.75,D,0,VIIRS_NOAA20_SP
26.7003,83.66415,331.9,0.49,0.4,2023-11-25,748,N20,VIIRS,n,2,300.38,2.97,D,0,VIIRS_NOAA20_SP
26.70509,79.89695,332.4,0.38,0.36,2023-11-25,748,N20,VIIRS,n,2,301.47,1.79,D,0,VIIRS_NOAA20_SP
26.70922,79.99466,334.03,0.38,0.36,2023-11-25,748,N20,VIIRS,n,2,298.27,3.14,D,0,VIIRS_NOAA20_SP
26.72631,83.57117,330.47,0.48,0.4,2023-11-25,748,N20,VIIRS,n,2,301.26,3.19,D,0,VIIRS_NOAA20_SP
26.72757,83.55132,333.07,0.48,0.4,2023-11-25,748,N20,VIIRS,n,2,301.35,3.99,D,0,VIIRS_NOAA20_SP
26.74033,79.99679,339.26,0.38,0.36,2023-11-25,748,N20,VIIRS,n,2,300.17,4.21,D,0,VIIRS_NOAA20_SP
26.74291,79.61032,334.06,0.38,0.36,2023-11-25,748,N20,VIIRS,n,2,301.99,2.8,D,0,VIIRS_NOAA20_SP
26.74678,79.61353,335.08,0.38,0.36,2023-11-25,748,N20,VIIRS,n,2,301.29,2.8,D,0,VIIRS_NOAA20_SP
26.75688,83.66548,334.68,0.49,0.4,2023-11-25,748,N20,VIIRS,n,2,299.47,3.95,D,0,VIIRS_NOAA20_SP
26.76213,90.66219,333.1,0.42,0.61,2023-11-25,748,N20,VIIRS,n,2,297.81,3.21,D,0,VIIRS_NOAA20_SP
26.76303,83.50668,331.57,0.48,0.4,2023-11-25,748,N20,VIIRS,n,2,300.44,2.13,D,0,VIIRS_NOAA20_SP
26.76458,82.7168,340.67,0.44,0.39,2023-11-25,748,N20,VIIRS,n,2,301.77,9.1,D,0,VIIRS_NOAA20_SP
26.7655,83.55535,331.1,0.48,0.4,2023-11-25,748,N20,VIIRS,n,2,301.99,2.43,D,0,VIIRS_NOAA20_SP
26.76779,90.66162,335.54,0.42,0.61,2023-11-25,748,N20,VIIRS,n,2,298.12,3.21,D,0,VIIRS_NOAA20_SP
26.77164,83.60371,334.25,0.48,0.4,2023-11-25,748,N20,VIIRS,n,2,300.6,3.74,D,0,VIIRS_NOAA20_SP
26.78197,79.82352,332.79,0.38,0.36,2023-11-25,748,N20,VIIRS,n,2,300.69,2.3,D,0,VIIRS_NOAA20_SP
26.78703,83.52362,330.33,0.48,0.4,2023-11-25,748,N20,VIIRS,l,2,301.12,4.87,D,0,VIIRS_NOAA20_SP
26.78772,83.88244,332.43,0.5,0.41,2023-11-25,748,N20,VIIRS,n,2,298.86,3.17,D,0,VIIRS_NOAA20_SP
26.79036,83.61185,343.82,0.48,0.4,2023-11-25,748,N20,VIIRS,n,2,300.66,8.27,D,0,VIIRS_NOAA20_SP
26.79039,78.4967,350.47,0.39,0.36,2023-11-25,748,N20,VIIRS,n,2,304.35,5.28,D,0,VIIRS_NOAA20_SP
26.79095,83.61673,332.14,0.48,0.4,2023-11-25,748,N20,VIIRS,n,2,299.48,4.2,D,0,VIIRS_NOAA20_SP
26.79259,83.50805,331.55,0.48,0.4,2023-11-25,748,N20,VIIRS,l,2,302.14,3.31,D,0,VIIRS_NOAA20_SP
26.7939,83.7499,333.42,0.49,0.4,2023-11-25,748,N20,VIIRS,n,2,300.26,3.68,D,0,VIIRS_NOAA20_SP
26.79591,83.75084,332.44,0.49,0.4,2023-11-25,748,N20,VIIRS,n,2,300.08,3.41,D,0,VIIRS_NOAA20_SP
26.8025,83.64976,335.23,0.49,0.4,2023-11-25,748,N20,VIIRS,n,2,301.22,3.52,D,0,VIIRS_NOAA20_SP
26.80602,83.1452,334.26,0.46,0.39,2023-11-25,748,N20,VIIRS,n,2,301.69,3.49,D,0,VIIRS_NOAA20_SP
26.81132,80.71011,334.51,0.39,0.36,2023-11-25,748,N20,VIIRS,n,2,300.32,3.25,D,0,VIIRS_NOAA20_SP
26.81316,79.37989,331.69,0.38,0.36,2023-11-25,748,N20,VIIRS,n,2,299.78,1.82,D,0,VIIRS_NOAA20_SP
26.82162,82.82338,331.13,0.45,0.39,2023-11-25,748,N20,VIIRS,n,2,301.04,2.7,D,0,VIIRS_NOAA20_SP
26.82524,84.00009,336.48,0.51,0.41,2023-11-25,748,N20,VIIRS,n,2,303.19,4.85,D,0,VIIRS_NOAA20_SP
26.82585,84.00147,334.62,0.51,0.41,2023-11-25,748,N20,VIIRS,n,2,302.77,5.14,D,0,VIIRS_NOAA20_SP
26.83125,83.16965,331.28,0.46,0.39,2023-11-25,748,N20,VIIRS,n,2,301.6,1.83,D,0,VIIRS_NOAA20_SP
26.83166,80.31599,346.08,0.39,0.36,2023-11-25,748,N20,VIIRS,n,2,299.74,3.9,D,0,VIIRS_NOAA20_SP
26.8487,83.59798,333.15,0.48,0.4,2023-11-25,748,N20,VIIRS,n,2,302.01,8.23,D,0,VIIRS_NOAA20_SP
26.85346,83.72702,336.44,0.49,0.4,2023-11-25,748,N20,VIIRS,n,2,298.95,3.93,D,0,VIIRS_NOAA20_SP
26.86712,83.59518,333.14,0.48,0.4,2023-11-25,748,N20,VIIRS,n,2,300.12,4.03,D,0,VIIRS_NOAA20_SP
26.88126,83.61787,334.94,0.49,0.4,2023-11-25,748,N20,VIIRS,n,2,300.36,6.09,D,0,VIIRS_NOAA20_SP
26.88188,83.62274,332.93,0.49,0.4,2023-11-25,748,N20,VIIRS,n,2,300.79,6.09,D,0,VIIRS_NOAA20_SP
26.88367,83.46214,334.97,0.48,0.4,2023-11-25,748,N20,VIIRS,n,2,300.92,5.91,D,0,VIIRS_NOAA20_SP
26.88496,83.64716,335.09,0.49,0.4,2023-11-25,748,N20,VIIRS,n,2,299.72,5.37,D,0,VIIRS_NOAA20_SP
26.89012,83.66891,333.09,0.49,0.4,2023-11-25,748,N20,VIIRS,n,2,300.78,2.91,D,0,VIIRS_NOAA20_SP
26.89113,83.66618,330.32,0.49,0.4,2023-11-25,748,N20,VIIRS,n,2,299.59,2.24,D,0,VIIRS_NOAA20_SP
26.8956,82.88992,334.35,0.45,0.39,2023-11-25,748,N20,VIIRS,n,2,303.07,4.16,D,0,VIIRS_NOAA20_SP
26.89646,83.62801,332.21,0.49,0.4,2023-11-25,748,N20,VIIRS,n,2,300.45,3.82,D,0,VIIRS_NOAA20_SP
26.89798,83.70281,333.1,0.49,0.4,2023-11-25,748,N20,VIIRS,n,2,300.37,3.75,D,0,VIIRS_NOAA20_SP
26.89918,83.7,332.75,0.49,0.4,2023-11-25,748,N20,VIIRS,n,2,300.32,3.44,D,0,VIIRS_NOAA20_SP
26.92643,83.68845,331.07,0.49,0.4,2023-11-25,748,N20,VIIRS,n,2,299.86,2.75,D,0,VIIRS_NOAA20_SP
26.93126,83.4548,334.2,0.48,0.4,2023-11-25,748,N20,VIIRS,n,2,300.1,5.45,D,0,VIIRS_NOAA20_SP
26.93696,82.82454,333.0,0.45,0.39,2023-11-25,748,N20,VIIRS,n,2,300.34,4.17,D,0,VIIRS_NOAA20_SP
26.94292,83.37019,333.67,0.47,0.4,2023-11-25,748,N20,VIIRS,n,2,299.98,3.45,D,0,VIIRS_NOAA20_SP
26.94656,82.75874,334.13,0.45,0.39,2023-11-25,748,N20,VIIRS,n,2,301.87,2.54,D,0,VIIRS_NOAA20_SP
26.95143,83.37858,344.45,0.47,0.4,2023-11-25,748,N20,VIIRS,n,2,300.6,6.28,D,0,VIIRS_NOAA20_SP
26.95504,83.49532,338.98,0.48,0.4,2023-11-25,748,N20,VIIRS,n,2,300.68,4.42,D,0,VIIRS_NOAA20_SP
26.96243,82.82509,332.07,0.45,0.39,2023-11-25,748,N20,VIIRS,n,2,300.41,3.31,D,0,VIIRS_NOAA20_SP
26.96598,83.64236,330.29,0.49,0.4,2023-11-25,748,N20,VIIRS,n,2,297.16,2.06,D,0,VIIRS_NOAA20_SP
26.97769,83.64558,330.55,0.49,0.4,2023-11-25,748,N20,VIIRS,n,2,298.52,1.55,D,0,VIIRS_NOAA20_SP
26.98262,83.65485,332.31,0.49,0.4,2023-11-25,748,N20,VIIRS,n,2,299.72,7.73,D,0,VIIRS_NOAA20_SP
26.98931,83.89223,331.35,0.5,0.41,2023-11-25,748,N20,VIIRS,n,2,298.14,2.78,D,0,VIIRS_NOAA20_SP
26.99243,83.08628,337.11,0.46,0.39,2023-11-25,748,N20,VIIRS,n,2,301.53,4.13,D,0,VIIRS_NOAA20_SP
27.00259,83.40159,333.99,0.48,0.4,2023-11-25,748,N20,VIIRS,n,2,300.91,3.9,D,0,VIIRS_NOAA20_SP
27.02417,83.5458,330.3,0.48,0.4,2023-11-25,748,N20,VIIRS,n,2,300.02,2.16,D,0,VIIRS_NOAA20_SP
27.03079,82.76987,332.83,0.45,0.39,2023-11-25,748,N20,VIIRS,n,2,301.4,1.04,D,0,VIIRS_NOAA20_SP
27.03563,83.1079,330.37,0.46,0.39,2023-11-25,748,N20,VIIRS,n,2,300.1,2.01,D,0,VIIRS_NOAA20_SP
27.03823,83.56848,341.44,0.49,0.4,2023-11-25,748,N20,VIIRS,n,2,301.9,6.97,D,0,VIIRS_NOAA20_SP
27.0395,84.24168,331.52,0.52,0.42,2023-11-25,748,N20,VIIRS,n,2,298.19,2.74,D,0,VIIRS_NOAA20_SP
27.0417,82.6311,334.93,0.44,0.39,2023-11-25,748,N20,VIIRS,n,2,299.97,3.29,D,0,VIIRS_NOAA20_SP
27.05736,83.48141,331.94,0.48,0.4,2023-11-25,748,N20,VIIRS,n,2,300.77,1.71,D,0,VIIRS_NOAA20_SP
27.08238,82.44532,334.5,0.44,0.38,2023-11-25,748,N20,VIIRS,n,2,299.42,2.76,D,0,VIIRS_NOAA20_SP
27.08492,83.64126,337.26,0.49,0.4,2023-11-25,748,N20,VIIRS,n,2,299.56,4.27,D,0,VIIRS_NOAA20_SP
27.08522,82.74277,332.3,0.45,0.39,2023-11-25,748,N20,VIIRS,n,2,299.83,1.95,D,0,VIIRS_NOAA20_SP
27.08554,85.11995,340.82,0.39,0.44,2023-11-25,748,N20,VIIRS,n,2,297.67,3.62,D,0,VIIRS_NOAA20_SP
27.10938,81.50004,329.99,0.41,0.37,2023-11-25,748,N20,VIIRS,n,2,300.07,4.06,D,0,VIIRS_NOAA20_SP
27.11128,79.19659,331.43,0.38,0.36,2023-11-25,748,N20,VIIRS,n,2,301.51,2.24,D,0,VIIRS_NOAA20_SP
27.11461,83.69717,336.0,0.49,0.4,2023-11-25,748,N20,VIIRS,n,2,302.04,3.54,D,0,VIIRS_NOAA20_SP
27.11818,83.67908,336.18,0.49,0.4,2023-11-25,748,N20,VIIRS,n,2,302.7,4.84,D,0,VIIRS_NOAA20_SP
27.12402,83.60279,338.69,0.49,0.4,2023-11-25,748,N20,VIIRS,n,2,299.5,9.88,D,0,VIIRS_NOAA20_SP
27.14117,83.31915,332.76,0.47,0.4,2023-11-25,748,N20,VIIRS,n,2,301.41,8.82,D,0,VIIRS_NOAA20_SP
27.14721,83.36693,334.1,0.48,0.4,2023-11-25,748,N20,VIIRS,n,2,300.86,3.81,D,0,VIIRS_NOAA20_SP
27.15026,83.36159,338.1,0.48,0.4,2023-11-25,748,N20,VIIRS,n,2,301.32,4.54,D,0,VIIRS_NOAA20_SP
27.15618,83.52808,341.59,0.48,0.4,2023-11-25,748,N20,VIIRS,n,2,301.37,15.24,D,0,VIIRS_NOAA20_SP
27.16133,84.87427,338.86,0.57,0.43,2023-11-25,748,N20,VIIRS,n,2,299.14,6.08,D,0,VIIRS_NOAA20_SP
27.19467,82.64491,331.85,0.44,0.39,2023-11-25,748,N20,VIIRS,n,2,300.22,2.52,D,0,VIIRS_NOAA20_SP
27.19973,84.71894,328.65,0.56,0.43,2023-11-25,748,N20,VIIRS,n,2,298.93,2.82,D,0,VIIRS_NOAA20_SP
27.2313,83.56847,331.29,0.49,0.4,2023-11-25,748,N20,VIIRS,n,2,300.18,2.92,D,0,VIIRS_NOAA20_SP
27.2401,83.70324,332.0,0.49,0.41,2023-11-25,748,N20,VIIRS,n,2,299.37,2.82,D,0,VIIRS_NOAA20_SP
27.24374,82.5505,336.5,0.44,0.38,2023-11-25,748,N20,VIIRS,n,2,299.71,2.85,D,0,VIIRS_NOAA20_SP
27.24465,82.89579,334.41,0.46,0.39,2023-11-25,748,N20,VIIRS,n,2,300.03,4.66,D,0,VIIRS_NOAA20_SP
27.24954,83.6562,335.93,0.49,0.4,2023-11-25,748,N20,VIIRS,n,2,299.33,4.25,D,0,VIIRS_NOAA20_SP
27.26972,81.93233,333.49,0.42,0.38,2023-11-25,748,N20,VIIRS,n,2,300.03,2.53,D,0,VIIRS_NOAA20_SP
27.29073,82.55197,330.71,0.44,0.38,2023-11-25,748,N20,VIIRS,n,2,297.99,1.82,D,0,VIIRS_NOAA20_SP
27.29088,82.55311,331.12,0.44,0.39,2023-11-25,748,N20,VIIRS,n,2,298.46,2.0,D,0,VIIRS_NOAA20_SP
27.29904,83.65881,333.0,0.49,0.4,2023-11-25,748,N20,VIIRS,n,2,300.95,3.2,D,0,VIIRS_NOAA20_SP
27.3073,83.39954,332.78,0.48,0.4,2023-11-25,748,N20,VIIRS,n,2,299.62,4.51,D,0,VIIRS_NOAA20_SP
27.32396,82.47522,332.72,0.44,0.38,2023-11-25,748,N20,VIIRS,n,2,299.6,2.69,D,0,VIIRS_NOAA20_SP
27.35186,85.36342,338.05,0.4,0.45,2023-11-25,748,N20,VIIRS,n,2,298.08,4.77,D,0,VIIRS_NOAA20_SP
27.35261,82.52945,334.6,0.44,0.38,2023-11-25,748,N20,VIIRS,n,2,301.39,2.31,D,0,VIIRS_NOAA20_SP
27.35755,82.93568,329.67,0.46,0.39,2023-11-25,748,N20,VIIRS,l,2,300.47,2.0,D,0,VIIRS_NOAA20_SP
27.35799,83.69231,338.54,0.5,0.41,2023-11-25,748,N20,VIIRS,n,2,300.64,10.15,D,0,VIIRS_NOAA20_SP
27.36232,83.69675,345.15,0.5,0.41,2023-11-25,748,N20,VIIRS,n,2,302.08,20.28,D,0,VIIRS_NOAA20_SP
27.38577,83.10236,331.44,0.47,0.39,2023-11-25,748,N20,VIIRS,n,2,299.36,2.16,D,0,VIIRS_NOAA20_SP
27.40445,81.86758,329.78,0.42,0.38,2023-11-25,748,N20,VIIRS,n,2,299.26,1.77,D,0,VIIRS_NOAA20_SP
27.41731,82.97346,336.37,0.46,0.39,2023-11-25,748,N20,VIIRS,n,2,299.9,3.64,D,0,VIIRS_NOAA20_SP
27.4209,82.9729,332.9,0.46,0.39,2023-11-25,748,N20,VIIRS,n,2,297.95,3.64,D,0,VIIRS_NOAA20_SP
27.44366,82.37156,332.23,0.44,0.38,2023-11-25,748,N20,VIIRS,n,2,298.71,4.66,D,0,VIIRS_NOAA20_SP
27.4795,83.68119,331.39,0.5,0.41,2023-11-25,748,N20,VIIRS,n,2,299.64,2.77,D,0,VIIRS_NOAA20_SP
27.48222,83.54896,328.34,0.49,0.4,2023-11-25,748,N20,VIIRS,n,2,298.97,1.69,D,0,VIIRS_NOAA20_SP
27.48266,82.03791,330.71,0.43,0.38,2023-11-25,748,N20,VIIRS,n,2,298.59,2.9,D,0,VIIRS_NOAA20_SP
27.50134,83.55107,339.14,0.49,0.4,2023-11-25,748,N20,VIIRS,n,2,298.15,5.04,D,0,VIIRS_NOAA20_SP
27.50751,83.5703,334.88,0.49,0.4,2023-11-25,748,N20,VIIRS,n,2,298.33,2.47,D,0,VIIRS_NOAA20_SP
27.53663,82.64443,336.61,0.45,0.39,2023-11-25,748,N20,VIIRS,n,2,298.88,3.18,D,0,VIIRS_NOAA20_SP
27.53894,83.10921,333.26,0.47,0.4,2023-11-25,748,N20,VIIRS,n,2,298.76,2.28,D,0,VIIRS_NOAA20_SP
27.54896,81.46925,334.6,0.41,0.37,2023-11-25,748,N20,VIIRS,n,2,301.74,4.21,D,0,VIIRS_NOAA20_SP
27.55682,82.60429,341.29,0.45,0.39,2023-11-25,748,N20,VIIRS,n,2,299.58,4.89,D,0,VIIRS_NOAA20_SP
27.57919,81.74081,341.97,0.42,0.37,2023-11-25,748,N20,VIIRS,n,2,301.99,6.62,D,0,VIIRS_NOAA20_SP
25.45322,68.97559,333.17,0.42,0.61,2023-11-25,749,N20,VIIRS,n,2,295.8,2.67,D,0,VIIRS_NOAA20_SP
25.54735,68.54196,351.13,0.45,0.63,2023-11-25,749,N20,VIIRS,n,2,296.15,7.37,D,0,VIIRS_NOAA20_SP
25.62431,68.69201,342.61,0.43,0.62,2023-11-25,749,N20,VIIRS,n,2,295.63,3.89,D,0,VIIRS_NOAA20_SP
25.65203,68.68404,328.8,0.43,0.62,2023-11-25,749,N20,VIIRS,n,2,295.25,1.87,D,0,VIIRS_NOAA20_SP
25.65516,68.68411,349.65,0.43,0.62,2023-11-25,749,N20,VIIRS,n,2,295.18,5.39,D,0,VIIRS_NOAA20_SP
25.65862,68.7888,327.87,0.43,0.62,2023-11-25,749,N20,VIIRS,n,2,292.6,2.45,D,0,VIIRS_NOAA20_SP
26.05215,68.35571,367.0,0.45,0.63,2023-11-25,749,N20,VIIRS,h,2,292.34,8.23,D,0,VIIRS_NOAA20_SP
26.16971,68.28662,328.28,0.45,0.63,2023-11-25,749,N20,VIIRS,n,2,291.26,4.47,D,0,VIIRS_NOAA20_SP
26.21036,68.27348,328.04,0.45,0.63,2023-11-25,749,N20,VIIRS,n,2,293.48,2.94,D,0,VIIRS_NOAA20_SP
26.29062,68.15668,332.82,0.45,0.63,2023-11-25,749,N20,VIIRS,n,2,291.55,3.97,D,0,VIIRS_NOAA20_SP
27.23243,78.9027,332.19,0.39,0.36,2023-11-25,749,N20,VIIRS,n,2,303.9,1.88,D,0,VIIRS_NOAA20_SP
27.47273,80.57202,330.62,0.39,0.36,2023-11-25,749,N20,VIIRS,n,2,299.81,3.95,D,0,VIIRS_NOAA20_SP
27.50123,80.22951,333.83,0.39,0.36,2023-11-25,749,N20,VIIRS,n,2,301.12,8.81,D,0,VIIRS_NOAA20_SP
27.56853,80.90865,331.64,0.4,0.37,2023-11-25,749,N20,VIIRS,n,2,299.75,5.96,D,0,VIIRS_NOAA20_SP
27.56924,80.98657,329.34,0.4,0.37,2023-11-25,749,N20,VIIRS,n,2,299.55,2.47,D,0,VIIRS_NOAA20_SP
27.63916,81.77369,337.39,0.42,0.38,2023-11-25,749,N20,VIIRS,n,2,302.2,3.26,D,0,VIIRS_NOAA20_SP
27.67817,80.2095,336.09,0.39,0.36,2023-11-25,749,N20,VIIRS,n,2,299.11,3.77,D,0,VIIRS_NOAA20_SP
27.70913,80.0723,342.01,0.39,0.36,2023-11-25,749,N20,VIIRS,n,2,304.71,8.75,D,0,VIIRS_NOAA20_SP
27.74207,80.29867,330.76,0.39,0.36,2023-11-25,749,N20,VIIRS,n,2,299.72,5.42,D,0,VIIRS_NOAA20_SP
27.75221,81.39697,335.36,0.41,0.37,2023-11-25,749,N20,VIIRS,n,2,302.22,2.9,D,0,VIIRS_NOAA20_SP
27.80912,79.92194,329.52,0.39,0.36,2023-11-25,749,N20,VIIRS,n,2,301.49,1.98,D,0,VIIRS_NOAA20_SP
27.87876,79.88894,334.65,0.39,0.36,2023-11-25,749,N20,VIIRS,n,2,299.06,2.03,D,0,VIIRS_NOAA20_SP
27.93197,80.65331,331.56,0.39,0.37,2023-11-25,749,N20,VIIRS,n,2,297.9,2.23,D,0,VIIRS_NOAA20_SP
28.04111,80.6091,330.54,0.39,0.36,2023-11-25,749,N20,VIIRS,n,2,298.86,1.97,D,0,VIIRS_NOAA20_SP
28.04579,81.09559,331.64,0.4,0.37,2023-11-25,749,N20,VIIRS,n,2,298.2,2.4,D,0,VIIRS_NOAA20_SP
28.06144,80.53606,331.3,0.39,0.36,2023-11-25,749,N20,VIIRS,n,2,299.15,3.47,D,0,VIIRS_NOAA20_SP
28.07844,78.56894,330.49,0.39,0.36,2023-11-25,749,N20,VIIRS,n,2,296.81,2.04,D,0,VIIRS_NOAA20_SP
28.13375,81.09704,330.45,0.4,0.37,2023-11-25,749,N20,VIIRS,n,2,297.27,1.45,D,0,VIIRS_NOAA20_SP
28.14407,79.57166,332.5,0.38,0.36,2023-11-25,749,N20,VIIRS,n,2,301.65,2.02,D,0,VIIRS_NOAA20_SP
28.20241,81.11061,330.2,0.4,0.37,2023-11-25,749,N20,VIIRS,n,2,298.85,1.85,D,0,VIIRS_NOAA20_SP
28.22275,80.83597,331.19,0.4,0.37,2023-11-25,749,N20,VIIRS,n,2,299.29,2.17,D,0,VIIRS_NOAA20_SP
28.23438,78.05043,335.36,0.39,0.36,2023-11-25,749,N20,VIIRS,n,2,299.14,3.3,D,0,VIIRS_NOAA20_SP
28.23871,80.94942,332.23,0.4,0.37,2023-11-25,749,N20,VIIRS,n,2,299.7,3.8,D,0,VIIRS_NOAA20_SP
28.26598,78.07668,332.23,0.39,0.36,2023-11-25,749,N20,VIIRS,n,2,300.26,2.73,D,0,VIIRS_NOAA20_SP
28.26689,80.64721,328.65,0.4,0.37,2023-11-25,749,N20,VIIRS,n,2,297.38,1.48,D,0,VIIRS_NOAA20_SP
28.27966,78.81002,334.97,0.39,0.36,2023-11-25,749,N20,VIIRS,n,2,302.5,6.31,D,0,VIIRS_NOAA20_SP
28.2989,80.30262,330.44,0.39,0.36,2023-11-25,749,N20,VIIRS,n,2,301.42,2.45,D,0,VIIRS_NOAA20_SP
28.33121,79.80091,330.65,0.39,0.36,2023-11-25,749,N20,VIIRS,n,2,299.26,1.76,D,0,VIIRS_NOAA20_SP
28.33482,81.05875,337.78,0.4,0.37,2023-11-25,749,N20,VIIRS,n,2,302.23,4.44,D,0,VIIRS_NOAA20_SP
28.37362,80.30108,328.63,0.39,0.36,2023-11-25,749,N20,VIIRS,n,2,300.65,1.22,D,0,VIIRS_NOAA20_SP
28.41486,78.24292,330.57,0.39,0.36,2023-11-25,749,N20,VIIRS,n,2,300.29,2.63,D,0,VIIRS_NOAA20_SP
28.42601,78.16327,331.29,0.39,0.36,2023-11-25,749,N20,VIIRS,n,2,298.62,1.46,D,0,VIIRS_NOAA20_SP
28.432,79.45264,330.25,0.38,0.36,2023-11-25,749,N20,VIIRS,n,2,303.26,1.58,D,0,VIIRS_NOAA20_SP
28.4531,81.13116,336.59,0.41,0.37,2023-11-25,749,N20,VIIRS,n,2,297.32,5.51,D,0,VIIRS_NOAA20_SP
28.45759,79.85291,333.91,0.39,0.36,2023-11-25,749,N20,VIIRS,n,2,299.98,2.28,D,0,VIIRS_NOAA20_SP
28.4647,79.7631,332.21,0.39,0.36,2023-11-25,749,N20,VIIRS,n,2,300.21,2.63,D,0,VIIRS_NOAA20_SP
28.48362,79.07487,329.68,0.38,0.36,2023-11-25,749,N20,VIIRS,n,2,298.6,2.08,D,0,VIIRS_NOAA20_SP
28.50954,79.65426,331.77,0.39,0.36,2023-11-25,749,N20,VIIRS,n,2,300.21,2.71,D,0,VIIRS_NOAA20_SP
28.54041,79.88567,331.62,0.39,0.36,2023-11-25,749,N20,VIIRS,n,2,299.05,1.59,D,0,VIIRS_NOAA20_SP
28.54526,79.52757,337.65,0.38,0.36,2023-11-25,749,N20,VIIRS,n,2,299.57,3.31,D,0,VIIRS_NOAA20_SP
28.57605,80.01283,333.01,0.39,0.36,2023-11-25,749,N20,VIIRS,n,2,301.4,4.51,D,0,VIIRS_NOAA20_SP
28.61907,80.24039,332.25,0.39,0.36,2023-11-25,749,N20,VIIRS,n,2,299.82,3.8,D,0,VIIRS_NOAA20_SP
28.64391,80.22358,331.04,0.39,0.36,2023-11-25,749,N20,VIIRS,n,2,300.61,2.5,D,0,VIIRS_NOAA20_SP
28.64505,80.23152,330.12,0.39,0.36,2023-11-25,749,N20,VIIRS,n,2,301.0,2.77,D,0,VIIRS_NOAA20_SP
28.64615,79.13939,332.68,0.38,0.36,2023-11-25,749,N20,VIIRS,n,2,299.3,2.49,D,0,VIIRS_NOAA20_SP
28.65878,80.2086,332.4,0.39,0.36,2023-11-25,749,N20,VIIRS,n,2,301.54,13.5,D,0,VIIRS_NOAA20_SP
28.65886,78.90873,331.26,0.38,0.36,2023-11-25,749,N20,VIIRS,n,2,299.54,1.83,D,0,VIIRS_NOAA20_SP
28.66023,78.13659,331.24,0.39,0.36,2023-11-25,749,N20,VIIRS,n,2,294.8,2.01,D,0,VIIRS_NOAA20_SP
28.66053,77.88228,332.91,0.39,0.36,2023-11-25,749,N20,VIIRS,n,2,293.9,4.53,D,0,VIIRS_NOAA20_SP
28.66782,78.68176,329.83,0.39,0.36,2023-11-25,749,N20,VIIRS,n,2,300.66,1.1,D,0,VIIRS_NOAA20_SP
28.72701,70.52548,335.58,0.57,0.52,2023-11-25,749,N20,VIIRS,n,2,294.48,5.31,D,0,VIIRS_NOAA20_SP
28.74078,80.21409,328.36,0.39,0.36,2023-11-25,749,N20,VIIRS,n,2,300.19,2.1,D,0,VIIRS_NOAA20_SP
28.7457,80.20094,329.08,0.39,0.36,2023-11-25,749,N20,VIIRS,n,2,301.82,1.95,D,0,VIIRS_NOAA20_SP
28.74913,80.2248,328.9,0.39,0.36,2023-11-25,749,N20,VIIRS,n,2,300.23,2.74,D,0,VIIRS_NOAA20_SP
28.74998,79.24004,334.69,0.38,0.36,2023-11-25,749,N20,VIIRS,n,2,301.19,6.29,D,0,VIIRS_NOAA20_SP
28.75863,78.78456,329.37,0.38,0.36,2023-11-25,749,N20,VIIRS,n,2,300.37,1.99,D,0,VIIRS_NOAA20_SP
28.76135,79.45066,332.03,0.38,0.36,2023-11-25,749,N20,VIIRS,n,2,298.84,3.71,D,0,VIIRS_NOAA20_SP
28.77077,79.40063,331.84,0.38,0.36,2023-11-25,749,N20,VIIRS,n,2,299.42,2.68,D,0,VIIRS_NOAA20_SP
28.79463,77.61855,329.1,0.4,0.37,2023-11-25,749,N20,VIIRS,n,2,286.4,1.7,D,0,VIIRS_NOAA20_SP
28.82025,79.52774,330.85,0.38,0.36,2023-11-25,749,N20,VIIRS,n,2,299.14,3.62,D,0,VIIRS_NOAA20_SP
28.84415,79.52733,331.99,0.39,0.36,2023-11-25,749,N20,VIIRS,n,2,300.62,1.71,D,0,VIIRS_NOAA20_SP
28.96041,77.98975,332.02,0.39,0.36,2023-11-25,749,N20,VIIRS,n,2,282.08,2.36,D,0,VIIRS_NOAA20_SP
29.04199,78.88129,334.64,0.38,0.36,2023-11-25,749,N20,VIIRS,n,2,299.44,4.34,D,0,VIIRS_NOAA20_SP
29.04567,78.03391,331.04,0.39,0.36,2023-11-25,749,N20,VIIRS,n,2,291.23,3.03,D,0,VIIRS_NOAA20_SP
29.06004,78.70888,329.56,0.38,0.36,2023-11-25,749,N20,VIIRS,n,2,293.55,0.99,D,0,VIIRS_NOAA20_SP
29.06945,79.01685,331.06,0.38,0.36,2023-11-25,749,N20,VIIRS,n,2,301.1,1.11,D,0,VIIRS_NOAA20_SP
29.0749,78.9599,334.58,0.38,0.36,2023-11-25,749,N20,VIIRS,n,2,301.93,2.36,D,0,VIIRS_NOAA20_SP
29.09597,79.12089,331.5,0.38,0.36,2023-11-25,749,N20,VIIRS,n,2,300.93,1.68,D,0,VIIRS_NOAA20_SP
29.1264,79.14309,326.86,0.38,0.36,2023-11-25,749,N20,VIIRS,n,2,300.64,1.25,D,0,VIIRS_NOAA20_SP
29.12848,77.65847,330.05,0.4,0.37,2023-11-25,749,N20,VIIRS,n,2,291.97,1.52,D,0,VIIRS_NOAA20_SP
29.19551,77.38056,329.91,0.4,0.37,2023-11-25,749,N20,VIIRS,n,2,285.78,1.9,D,0,VIIRS_NOAA20_SP
29.23866,78.81068,328.42,0.38,0.36,2023-11-25,749,N20,VIIRS,n,2,296.28,1.69,D,0,VIIRS_NOAA20_SP
29.24195,78.81002,331.32,0.38,0.36,2023-11-25,749,N20,VIIRS,n,2,297.81,1.69,D,0,VIIRS_NOAA20_SP
29.27213,77.18311,328.3,0.4,0.37,2023-11-25,749,N20,VIIRS,n,2,288.89,2.29,D,0,VIIRS_NOAA20_SP
29.28631,78.67646,329.04,0.38,0.36,2023-11-25,749,N20,VIIRS,n,2,298.42,1.64,D,0,VIIRS_NOAA20_SP
29.36917,77.34066,328.96,0.4,0.37,2023-11-25,749,N20,VIIRS,n,2,290.64,1.51,D,0,VIIRS_NOAA20_SP
29.47038,77.49535,330.08,0.4,0.37,2023-11-25,749,N20,VIIRS,n,2,292.48,2.47,D,0,VIIRS_NOAA20_SP
29.48891,74.13708,326.35,0.52,0.42,2023-11-25,749,N20,VIIRS,n,2,295.07,2.14,D,0,VIIRS_NOAA20_SP
29.49991,77.13549,326.72,0.4,0.37,2023-11-25,749,N20,VIIRS,n,2,294.65,1.0,D,0,VIIRS_NOAA20_SP
29.51289,77.36131,330.34,0.4,0.37,2023-11-25,749,N20,VIIRS,n,2,294.41,1.62,D,0,VIIRS_NOAA20_SP
29.52728,75.18084,330.74,0.47,0.4,2023-11-25,749,N20,VIIRS,n,2,282.64,2.2,D,0,VIIRS_NOAA20_SP
29.5281,75.17815,333.27,0.47,0.4,2023-11-25,749,N20,VIIRS,n,2,284.13,3.98,D,0,VIIRS_NOAA20_SP
29.54153,77.40981,329.3,0.4,0.37,2023-11-25,749,N20,VIIRS,n,2,296.35,3.19,D,0,VIIRS_NOAA20_SP
29.55957,77.35128,326.28,0.4,0.37,2023-11-25,749,N20,VIIRS,n,2,294.88,1.82,D,0,VIIRS_NOAA20_SP
29.59305,74.33333,336.85,0.51,0.41,2023-11-25,749,N20,VIIRS,n,2,299.94,5.26,D,0,VIIRS_NOAA20_SP
29.59537,74.49683,325.45,0.5,0.41,2023-11-25,749,N20,VIIRS,n,2,289.28,2.12,D,0,VIIRS_NOAA20_SP
29.59677,74.33241,334.55,0.51,0.41,2023-11-25,749,N20,VIIRS,n,2,297.04,7.02,D,0,VIIRS_NOAA20_SP
29.59906,74.49592,330.28,0.5,0.41,2023-11-25,749,N20,VIIRS,n,2,289.21,2.12,D,0,VIIRS_NOAA20_SP
29.71901,77.56081,333.33,0.39,0.37,2023-11-25,749,N20,VIIRS,n,2,294.97,5.33,D,0,VIIRS_NOAA20_SP
29.72499,77.55537,330.76,0.39,0.37,2023-11-25,749,N20,VIIRS,n,2,294.69,2.62,D,0,VIIRS_NOAA20_SP
29.73093,77.10757,331.59,0.4,0.37,2023-11-25,749,N20,VIIRS,n,2,293.45,1.7,D,0,VIIRS_NOAA20_SP
29.74658,79.61431,337.01,0.39,0.36,2023-11-25,749,N20,VIIRS,n,2,296.0,2.37,D,0,VIIRS_NOAA20_SP
29.74784,79.71613,334.96,0.39,0.36,2023-11-25,749,N20,VIIRS,n,2,297.43,4.07,D,0,VIIRS_NOAA20_SP
29.75083,77.56654,325.17,0.39,0.36,2023-11-25,749,N20,VIIRS,n,2,293.9,1.45,D,0,VIIRS_NOAA20_SP
29.77053,79.66238,335.97,0.39,0.36,2023-11-25,749,N20,VIIRS,n,2,294.99,4.57,D,0,VIIRS_NOAA20_SP
29.78808,75.4425,328.81,0.45,0.39,2023-11-25,749,N20,VIIRS,n,2,290.78,1.85,D,0,VIIRS_NOAA20_SP
29.80814,77.66667,331.5,0.39,0.36,2023-11-25,749,N20,VIIRS,n,2,291.46,2.51,D,0,VIIRS_NOAA20_SP
29.83433,78.04482,328.5,0.39,0.36,2023-11-25,749,N20,VIIRS,n,2,290.51,2.13,D,0,VIIRS_NOAA20_SP
29.83765,79.53988,333.57,0.39,0.36,2023-11-25,749,N20,VIIRS,n,2,291.97,4.27,D,0,VIIRS_NOAA20_SP
29.83988,82.07047,331.37,0.45,0.39,2023-11-25,749,N20,VIIRS,n,2,292.5,5.43,D,0,VIIRS_NOAA20_SP
29.84045,76.00642,333.81,0.43,0.38,2023-11-25,749,N20,VIIRS,n,2,271.62,3.39,D,0,VIIRS_NOAA20_SP
29.84093,79.53918,334.07,0.39,0.36,2023-11-25,749,N20,VIIRS,n,2,293.64,4.27,D,0,VIIRS_NOAA20_SP
29.84152,79.54317,338.78,0.39,0.36,2023-11-25,749,N20,VIIRS,n,2,295.57,5.8,D,0,VIIRS_NOAA20_SP
29.8505,77.38258,328.11,0.4,0.37,2023-11-25,749,N20,VIIRS,n,2,295.14,1.93,D,0,VIIRS_NOAA20_SP
29.85363,77.52844,330.32,0.39,0.36,2023-11-25,749,N20,VIIRS,n,2,292.06,1.26,D,0,VIIRS_NOAA20_SP
29.87809,78.08493,331.45,0.39,0.36,2023-11-25,749,N20,VIIRS,n,2,295.15,2.79,D,0,VIIRS_NOAA20_SP
29.88344,77.23311,326.48,0.4,0.37,2023-11-25,749,N20,VIIRS,n,2,288.08,1.55,D,0,VIIRS_NOAA20_SP
29.88963,77.94326,330.77,0.39,0.36,2023-11-25,749,N20,VIIRS,n,2,295.07,1.98,D,0,VIIRS_NOAA20_SP
29.89597,77.98305,325.53,0.39,0.36,2023-11-25,749,N20,VIIRS,n,2,295.68,1.64,D,0,VIIRS_NOAA20_SP
29.91045,77.75325,332.8,0.39,0.36,2023-11-25,749,N20,VIIRS,n,2,296.28,3.22,D,0,VIIRS_NOAA20_SP
29.92387,75.44597,325.53,0.45,0.39,2023-11-25,749,N20,VIIRS,n,2,291.74,1.78,D,0,VIIRS_NOAA20_SP
29.99214,74.76519,331.01,0.48,0.4,2023-11-25,749,N20,VIIRS,n,2,286.21,5.19,D,0,VIIRS_NOAA20_SP
30.06814,77.37914,325.38,0.4,0.37,2023-11-25,749,N20,VIIRS,n,2,288.71,1.77,D,0,VIIRS_NOAA20_SP
30.11899,79.77138,330.35,0.39,0.36,2023-11-25,749,N20,VIIRS,n,2,291.7,2.41,D,0,VIIRS_NOAA20_SP
30.12227,79.77069,329.3,0.39,0.36,2023-11-25,749,N20,VIIRS,n,2,288.35,4.17,D,0,VIIRS_NOAA20_SP
30.18655,77.56302,326.67,0.39,0.36,2023-11-25,749,N20,VIIRS,n,2,289.58,1.68,D,0,VIIRS_NOAA20_SP
30.22151,77.33364,335.46,0.4,0.37,2023-11-25,749,N20,VIIRS,n,2,291.32,3.06,D,0,VIIRS_NOAA20_SP
30.22392,77.33368,332.14,0.4,0.37,2023-11-25,749,N20,VIIRS,n,2,290.49,3.71,D,0,VIIRS_NOAA20_SP
30.2984,78.42133,329.96,0.38,0.36,2023-11-25,749,N20,VIIRS,n,2,293.55,6.74,D,0,VIIRS_NOAA20_SP
30.30022,78.43315,350.78,0.38,0.36,2023-11-25,749,N20,VIIRS,n,2,300.17,11.66,D,0,VIIRS_NOAA20_SP
30.30351,78.4325,337.25,0.38,0.36,2023-11-25,749,N20,VIIRS,n,2,289.81,3.86,D,0,VIIRS_NOAA20_SP
30.42988,77.04916,331.13,0.4,0.37,2023-11-25,749,N20,VIIRS,n,2,292.08,2.21,D,0,VIIRS_NOAA20_SP
30.43243,79.1971,352.47,0.39,0.36,2023-11-25,749,N20,VIIRS,n,2,293.81,6.35,D,0,VIIRS_NOAA20_SP
29.64746,69.98003,325.9,0.59,0.53,2023-11-25,750,N20,VIIRS,n,2,284.8,3.98,D,0,VIIRS_NOAA20_SP
29.91696,70.02161,348.3,0.58,0.52,2023-11-25,750,N20,VIIRS,n,2,295.65,10.54,D,0,VIIRS_NOAA20_SP
29.91713,70.01997,341.02,0.58,0.52,2023-11-25,750,N20,VIIRS,n,2,294.57,10.44,D,0,VIIRS_NOAA20_SP
30.20382,73.56585,329.23,0.55,0.42,2023-11-25,750,N20,VIIRS,n,2,286.7,4.09,D,0,VIIRS_NOAA20_SP
30.20576,73.56902,334.73,0.54,0.42,2023-11-25,750,N20,VIIRS,n,2,286.72,7.12,D,0,VIIRS_NOAA20_SP
30.34536,74.75259,333.19,0.48,0.4,2023-11-25,750,N20,VIIRS,n,2,280.75,4.91,D,0,VIIRS_NOAA20_SP
30.38416,75.02428,338.86,0.46,0.39,2023-11-25,750,N20,VIIRS,n,2,282.69,10.03,D,0,VIIRS_NOAA20_SP
30.44094,71.00789,327.81,0.5,0.49,2023-11-25,750,N20,VIIRS,n,2,297.33,3.02,D,0,VIIRS_NOAA20_SP
30.4541,74.30454,331.05,0.5,0.41,2023-11-25,750,N20,VIIRS,n,2,292.99,2.51,D,0,VIIRS_NOAA20_SP
30.45516,74.30112,331.68,0.5,0.41,2023-11-25,750,N20,VIIRS,n,2,293.57,4.23,D,0,VIIRS_NOAA20_SP
30.47034,75.97821,345.02,0.43,0.38,2023-11-25,750,N20,VIIRS,n,2,274.81,9.32,D,0,VIIRS_NOAA20_SP
30.47657,74.24021,336.71,0.5,0.41,2023-11-25,750,N20,VIIRS,n,2,293.37,9.2,D,0,VIIRS_NOAA20_SP
30.51446,74.00594,346.94,0.51,0.41,2023-11-25,750,N20,VIIRS,n,2,286.45,11.55,D,0,VIIRS_NOAA20_SP
30.51448,74.00835,343.57,0.51,0.41,2023-11-25,750,N20,VIIRS,n,2,285.66,8.26,D,0,VIIRS_NOAA20_SP
30.56727,74.35582,332.9,0.49,0.4,2023-11-25,750,N20,VIIRS,n,2,281.27,5.33,D,0,VIIRS_NOAA20_SP
30.59904,74.18553,327.68,0.5,0.41,2023-11-25,750,N20,VIIRS,n,2,293.18,3.39,D,0,VIIRS_NOAA20_SP
30.60106,74.33949,336.65,0.49,0.4,2023-11-25,750,N20,VIIRS,n,2,284.67,4.75,D,0,VIIRS_NOAA20_SP
30.85743,78.0573,332.83,0.39,0.36,2023-11-25,750,N20,VIIRS,n,2,277.69,3.99,D,0,VIIRS_NOAA20_SP
30.85805,78.06129,338.7,0.39,0.36,2023-11-25,750,N20,VIIRS,n,2,280.68,5.6,D,0,VIIRS_NOAA20_SP
30.90882,77.9486,327.9,0.39,0.36,2023-11-25,750,N20,VIIRS,n,2,276.64,4.03,D,0,VIIRS_NOAA20_SP
30.97116,71.86289,332.48,0.43,0.46,2023-11-25,750,N20,VIIRS,n,2,294.63,2.86,D,0,VIIRS_NOAA20_SP
30.97227,71.86391,330.71,0.43,0.46,2023-11-25,750,N20,VIIRS,n,2,295.37,3.15,D,0,VIIRS_NOAA20_SP
31.08797,75.75524,332.28,0.43,0.38,2023-11-25,750,N20,VIIRS,n,2,291.86,7.59,D,0,VIIRS_NOAA20_SP
31.16563,76.01924,344.98,0.42,0.38,2023-11-25,750,N20,VIIRS,n,2,287.71,6.33,D,0,VIIRS_NOAA20_SP
31.27282,78.01397,329.57,0.39,0.36,2023-11-25,750,N20,VIIRS,n,2,282.55,3.25,D,0,VIIRS_NOAA20_SP
33.1148,76.52615,345.14,0.39,0.37,2023-11-25,750,N20,VIIRS,n,2,297.85,9.67,D,0,VIIRS_NOAA20_SP
33.37534,76.05609,344.31,0.4,0.37,2023-11-25,750,N20,VIIRS,n,2,283.25,8.92,D,0,VIIRS_NOAA20_SP
33.37937,76.05959,346.13,0.4,0.37,2023-11-25,750,N20,VIIRS,n,2,286.94,11.12,D,0,VIIRS_NOAA20_SP
33.38274,76.0591,355.32,0.4,0.37,2023-11-25,750,N20,VIIRS,n,2,291.01,11.12,D,0,VIIRS_NOAA20_SP
33.38342,76.06322,331.88,0.4,0.37,2023-11-25,750,N20,VIIRS,n,2,280.24,11.12,D,0,VIIRS_NOAA20_SP
33.3861,76.05859,352.64,0.4,0.37,2023-11-25,750,N20,VIIRS,n,2,297.93,17.43,D,0,VIIRS_NOAA20_SP
33.38679,76.06277,330.1,0.4,0.37,2023-11-25,750,N20,VIIRS,n,2,277.88,17.43,D,0,VIIRS_NOAA20_SP
34.18183,72.88923,342.31,0.51,0.41,2023-11-25,751,N20,VIIRS,n,2,288.26,6.45,D,0,VIIRS_NOAA20_SP
27.31738,95.26383,299.24,0.5,0.66,2023-11-25,1833,N20,VIIRS,n,2,288.12,0.76,N,2,VIIRS_NOAA20_SP
27.46307,95.47301,298.06,0.49,0.65,2023-11-25,1833,N20,VIIRS,n,2,287.5,0.3,N,0,VIIRS_NOAA20_SP
27.47292,95.4186,306.62,0.49,0.65,2023-11-25,1833,N20,VIIRS,n,2,287.54,0.8,N,2,VIIRS_NOAA20_SP
27.55705,96.03735,298.53,0.45,0.63,2023-11-25,1833,N20,VIIRS,n,2,286.01,0.26,N,2,VIIRS_NOAA20_SP
27.6054,95.39929,310.78,0.49,0.65,2023-11-25,1833,N20,VIIRS,n,2,287.86,0.97,N,2,VIIRS_NOAA20_SP
27.60976,95.39707,300.8,0.49,0.65,2023-11-25,1833,N20,VIIRS,n,2,287.43,0.77,N,0,VIIRS_NOAA20_SP
27.79123,96.1898,295.76,0.44,0.62,2023-11-25,1833,N20,VIIRS,n,2,285.17,0.48,N,0,VIIRS_NOAA20_SP
28.34002,97.04652,325.48,0.4,0.6,2023-11-25,1833,N20,VIIRS,n,2,282.84,2.65,N,0,VIIRS_NOAA20_SP
28.34028,97.04572,329.86,0.4,0.6,2023-11-25,1833,N20,VIIRS,n,2,283.31,2.48,N,0,VIIRS_NOAA20_SP
28.34038,97.04207,315.4,0.4,0.6,2023-11-25,1833,N20,VIIRS,n,2,282.15,2.65,N,0,VIIRS_NOAA20_SP
28.34059,97.04154,309.49,0.4,0.6,2023-11-25,1833,N20,VIIRS,n,2,281.82,2.48,N,0,VIIRS_NOAA20_SP
28.34899,97.07295,316.49,0.4,0.6,2023-11-25,1833,N20,VIIRS,n,2,281.71,2.78,N,0,VIIRS_NOAA20_SP
28.34941,97.07282,314.3,0.4,0.6,2023-11-25,1833,N20,VIIRS,n,2,281.5,2.05,N,0,VIIRS_NOAA20_SP
22.35556,96.70074,310.97,0.36,0.57,2023-11-25,1834,N20,VIIRS,n,2,287.1,1.36,N,2,VIIRS_NOAA20_SP
23.09585,97.38346,307.76,0.33,0.55,2023-11-25,1834,N20,VIIRS,n,2,284.08,0.78,N,2,VIIRS_NOAA20_SP
23.98247,97.79092,301.05,0.32,0.54,2023-11-25,1834,N20,VIIRS,n,2,287.09,0.82,N,0,VIIRS_NOAA20_SP
24.52446,97.79497,300.7,0.32,0.55,2023-11-25,1834,N20,VIIRS,n,2,286.78,0.58,N,2,VIIRS_NOAA20_SP
24.77745,97.90004,309.73,0.32,0.55,2023-11-25,1834,N20,VIIRS,n,2,284.71,0.92,N,0,VIIRS_NOAA20_SP
24.77786,97.89999,312.3,0.32,0.55,2023-11-25,1834,N20,VIIRS,n,2,284.56,0.88,N,0,VIIRS_NOAA20_SP
20.72856,96.7454,306.95,0.34,0.56,2023-11-25,1835,N20,VIIRS,n,2,284.07,0.67,N,0,VIIRS_NOAA20_SP
20.73066,96.74646,304.5,0.34,0.56,2023-11-25,1835,N20,VIIRS,n,2,284.43,0.66,N,0,VIIRS_NOAA20_SP
21.57821,96.23116,301.73,0.38,0.58,2023-11-25,1835,N20,VIIRS,n,2,288.73,0.64,N,2,VIIRS_NOAA20_SP
21.59514,96.22507,302.88,0.38,0.58,2023-11-25,1835,N20,VIIRS,n,2,290.17,0.79,N,2,VIIRS_NOAA20_SP
15.86231,97.79306,305.54,0.5,0.49,2023-11-25,1836,N20,VIIRS,n,2,286.87,1.16,N,0,VIIRS_NOAA20_SP
15.99203,97.68828,303.99,0.51,0.49,2023-11-25,1836,N20,VIIRS,n,2,287.42,0.86,N,2,VIIRS_NOAA20_SP
16.23303,95.29411,304.73,0.37,0.58,2023-11-25,1836,N20,VIIRS,n,2,287.57,0.34,N,0,VIIRS_NOAA20_SP
27.31868,95.26391,302.63,0.55,0.68,2023-11-25,2013,N20,VIIRS,n,2,287.89,0.94,N,2,VIIRS_NOAA20_SP
27.31938,95.26389,304.01,0.55,0.68,2023-11-25,2013,N20,VIIRS,n,2,287.77,0.84,N,2,VIIRS_NOAA20_SP
27.46739,95.41794,300.24,0.55,0.68,2023-11-25,2013,N20,VIIRS,n,2,286.86,0.7,N,0,VIIRS_NOAA20_SP
27.56136,96.03831,296.33,0.6,0.7,2023-11-25,2013,N20,VIIRS,n,2,285.72,0.39,N,2,VIIRS_NOAA20_SP
27.60793,95.40298,304.98,0.55,0.68,2023-11-25,2013,N20,VIIRS,n,2,287.25,0.8,N,0,VIIRS_NOAA20_SP
27.6093,95.39767,298.73,0.55,0.68,2023-11-25,2013,N20,VIIRS,n,2,286.77,0.8,N,0,VIIRS_NOAA20_SP
30.53376,78.48772,301.54,0.51,0.41,2023-11-25,2013,N20,VIIRS,n,2,281.98,1.03,N,0,VIIRS_NOAA20_SP
30.7177,78.07072,298.31,0.53,0.42,2023-11-25,2013,N20,VIIRS,n,2,279.25,1.34,N,0,VIIRS_NOAA20_SP
30.71827,78.06585,311.92,0.53,0.42,2023-11-25,2013,N20,VIIRS,n,2,278.51,1.34,N,0,VIIRS_NOAA20_SP
30.78137,78.04348,298.12,0.54,0.42,2023-11-25,2013,N20,VIIRS,n,2,274.29,0.8,N,0,VIIRS_NOAA20_SP
30.91173,77.94004,314.07,0.55,0.42,2023-11-25,2013,N20,VIIRS,n,2,282.84,2.74,N,0,VIIRS_NOAA20_SP
30.91223,77.94128,312.01,0.55,0.42,2023-11-25,2013,N20,VIIRS,n,2,283.46,2.06,N,0,VIIRS_NOAA20_SP
30.92941,77.82404,295.7,0.55,0.43,2023-11-25,2013,N20,VIIRS,n,2,280.4,0.51,N,0,VIIRS_NOAA20_SP
30.92961,77.82327,295.1,0.55,0.43,2023-11-25,2013,N20,VIIRS,n,2,280.0,0.57,N,0,VIIRS_NOAA20_SP
31.07697,78.09512,325.52,0.54,0.42,2023-11-25,2013,N20,VIIRS,n,2,281.94,2.61,N,0,VIIRS_NOAA20_SP
31.08012,78.10167,300.44,0.54,0.42,2023-11-25,2013,N20,VIIRS,n,2,282.06,1.72,N,0,VIIRS_NOAA20_SP
31.08069,78.09686,307.16,0.54,0.42,2023-11-25,2013,N20,VIIRS,n,2,281.65,2.61,N,0,VIIRS_NOAA20_SP
31.3424,77.59056,297.97,0.38,0.43,2023-11-25,2013,N20,VIIRS,n,2,279.74,1.21,N,0,VIIRS_NOAA20_SP
31.34278,77.58716,315.01,0.38,0.43,2023-11-25,2013,N20,VIIRS,n,2,279.29,1.21,N,0,VIIRS_NOAA20_SP
33.05986,76.3325,314.67,0.47,0.48,2023-11-25,2013,N20,VIIRS,n,2,272.56,3.0,N,0,VIIRS_NOAA20_SP
33.06415,76.33402,298.77,0.47,0.48,2023-11-25,2013,N20,VIIRS,n,2,271.51,1.12,N,0,VIIRS_NOAA20_SP
25.34,91.19435,307.89,0.34,0.56,2023-11-25,2014,N20,VIIRS,n,2,285.78,0.47,N,0,VIIRS_NOAA20_SP
26.41481,81.32722,301.12,0.39,0.36,2023-11-25,2014,N20,VIIRS,n,2,286.05,0.58,N,0,VIIRS_NOAA20_SP
26.5965,81.384,303.54,0.39,0.36,2023-11-25,2014,N20,VIIRS,n,2,286.25,0.45,N,0,VIIRS_NOAA20_SP
26.72106,81.83288,300.53,0.38,0.36,2023-11-25,2014,N20,VIIRS,n,2,286.38,0.38,N,0,VIIRS_NOAA20_SP
26.72255,79.83877,296.59,0.41,0.37,2023-11-25,2014,N20,VIIRS,n,2,285.03,0.41,N,0,VIIRS_NOAA20_SP
26.7602,83.19765,314.39,0.39,0.36,2023-11-25,2014,N20,VIIRS,n,2,291.15,1.16,N,2,VIIRS_NOAA20_SP
26.87753,80.41437,300.25,0.4,0.37,2023-11-25,2014,N20,VIIRS,n,2,285.52,0.51,N,0,VIIRS_NOAA20_SP
27.11142,83.3596,299.52,0.39,0.36,2023-11-25,2014,N20,VIIRS,n,2,287.3,0.65,N,0,VIIRS_NOAA20_SP
27.33198,83.40788,296.94,0.39,0.36,2023-11-25,2014,N20,VIIRS,n,2,286.9,0.32,N,0,VIIRS_NOAA20_SP
27.40419,80.30863,298.13,0.41,0.37,2023-11-25,2014,N20,VIIRS,n,2,283.53,0.57,N,0,VIIRS_NOAA20_SP
27.72513,84.81528,300.24,0.43,0.38,2023-11-25,2014,N20,VIIRS,n,2,286.15,0.76,N,0,VIIRS_NOAA20_SP
27.72769,84.8143,300.62,0.43,0.38,2023-11-25,2014,N20,VIIRS,n,2,286.44,0.68,N,0,VIIRS_NOAA20_SP
27.92258,80.25656,302.11,0.41,0.37,2023-11-25,2014,N20,VIIRS,n,2,282.95,0.42,N,0,VIIRS_NOAA20_SP
28.14715,80.56857,301.97,0.4,0.37,2023-11-25,2014,N20,VIIRS,n,2,283.84,0.44,N,0,VIIRS_NOAA20_SP
29.7467,79.60476,328.31,0.45,0.39,2023-11-25,2014,N20,VIIRS,n,2,282.81,2.97,N,0,VIIRS_NOAA20_SP
29.78449,79.70067,300.23,0.44,0.39,2023-11-25,2014,N20,VIIRS,n,2,282.07,0.78,N,0,VIIRS_NOAA20_SP
21.92993,85.22031,315.58,0.52,0.42,2023-11-25,2015,N20,VIIRS,n,2,289.28,2.11,N,2,VIIRS_NOAA20_SP
22.03652,83.73243,302.68,0.44,0.39,2023-11-25,2015,N20,VIIRS,n,2,290.62,1.25,N,2,VIIRS_NOAA20_SP
22.04002,83.73315,310.78,0.44,0.39,2023-11-25,2015,N20,VIIRS,n,2,290.27,1.25,N,2,VIIRS_NOAA20_SP
22.04353,83.73388,344.4,0.44,0.39,2023-11-25,2015,N20,VIIRS,n,2,295.23,7.89,N,2,VIIRS_NOAA20_SP
22.04428,83.72963,326.08,0.44,0.39,2023-11-25,2015,N20,VIIRS,n,2,292.11,3.64,N,2,VIIRS_NOAA20_SP
22.05171,88.12138,304.25,0.51,0.5,2023-11-25,2015,N20,VIIRS,n,2,292.61,2.74,N,2,VIIRS_NOAA20_SP
22.05417,88.12489,319.0,0.51,0.5,2023-11-25,2015,N20,VIIRS,n,2,296.39,1.65,N,2,VIIRS_NOAA20_SP
22.05515,88.12,302.0,0.51,0.5,2023-11-25,2015,N20,VIIRS,n,2,291.76,1.18,N,2,VIIRS_NOAA20_SP
22.05557,85.46633,301.34,0.54,0.42,2023-11-25,2015,N20,VIIRS,n,2,287.54,0.63,N,2,VIIRS_NOAA20_SP
22.05618,88.12242,323.25,0.51,0.5,2023-11-25,2015,N20,VIIRS,n,2,294.09,2.74,N,2,VIIRS_NOAA20_SP
22.05864,88.12594,308.12,0.51,0.5,2023-11-25,2015,N20,VIIRS,n,2,290.76,1.65,N,0,VIIRS_NOAA20_SP
22.10555,83.52453,322.24,0.44,0.38,2023-11-25,2015,N20,VIIRS,n,2,293.76,3.38,N,0,VIIRS_NOAA20_SP
22.20913,84.84669,304.02,0.5,0.41,2023-11-25,2015,N20,VIIRS,n,2,289.62,1.53,N,2,VIIRS_NOAA20_SP
22.20999,84.84196,306.79,0.5,0.41,2023-11-25,2015,N20,VIIRS,n,2,288.54,0.85,N,2,VIIRS_NOAA20_SP
22.21134,84.87667,302.45,0.5,0.41,2023-11-25,2015,N20,VIIRS,n,2,289.99,1.29,N,2,VIIRS_NOAA20_SP
22.22257,84.75171,300.6,0.49,0.4,2023-11-25,2015,N20,VIIRS,n,2,289.6,1.74,N,0,VIIRS_NOAA20_SP
22.24207,87.38957,308.03,0.46,0.47,2023-11-25,2015,N20,VIIRS,n,2,291.19,1.36,N,2,VIIRS_NOAA20_SP
22.24295,87.3852,306.62,0.46,0.47,2023-11-25,2015,N20,VIIRS,n,2,288.2,1.36,N,2,VIIRS_NOAA20_SP
22.31358,82.53121,304.27,0.4,0.37,2023-11-25,2015,N20,VIIRS,n,2,289.98,0.76,N,2,VIIRS_NOAA20_SP
22.31526,82.73612,300.19,0.41,0.37,2023-11-25,2015,N20,VIIRS,n,2,289.58,0.71,N,0,VIIRS_NOAA20_SP
22.31694,82.53187,303.05,0.4,0.37,2023-11-25,2015,N20,VIIRS,n,2,291.09,0.76,N,2,VIIRS_NOAA20_SP
22.32186,82.56482,318.68,0.4,0.37,2023-11-25,2015,N20,VIIRS,n,2,291.9,2.32,N,2,VIIRS_NOAA20_SP
22.3245,82.66123,306.39,0.41,0.37,2023-11-25,2015,N20,VIIRS,n,2,290.15,1.07,N,2,VIIRS_NOAA20_SP
22.32496,82.597,301.69,0.4,0.37,2023-11-25,2015,N20,VIIRS,n,2,290.95,0.81,N,2,VIIRS_NOAA20_SP
22.32726,82.68597,309.45,0.41,0.37,2023-11-25,2015,N20,VIIRS,n,2,290.19,1.11,N,2,VIIRS_NOAA20_SP
22.32985,82.65017,324.7,0.41,0.37,2023-11-25,2015,N20,VIIRS,n,2,291.16,2.91,N,0,VIIRS_NOAA20_SP
22.33102,82.5306,304.39,0.4,0.37,2023-11-25,2015,N20,VIIRS,n,2,291.04,0.65,N,2,VIIRS_NOAA20_SP
22.33256,82.65472,318.15,0.41,0.37,2023-11-25,2015,N20,VIIRS,n,2,292.43,2.11,N,2,VIIRS_NOAA20_SP
22.33276,82.53045,300.41,0.4,0.37,2023-11-25,2015,N20,VIIRS,n,2,290.19,0.6,N,2,VIIRS_NOAA20_SP
22.34572,82.57694,316.16,0.4,0.37,2023-11-25,2015,N20,VIIRS,n,2,290.1,1.47,N,0,VIIRS_NOAA20_SP
22.35652,82.29337,299.51,0.4,0.37,2023-11-25,2015,N20,VIIRS,n,2,289.51,0.57,N,0,VIIRS_NOAA20_SP
22.35862,87.28854,304.93,0.45,0.47,2023-11-25,2015,N20,VIIRS,n,2,291.32,1.05,N,2,VIIRS_NOAA20_SP
22.36376,87.0177,319.12,0.43,0.46,2023-11-25,2015,N20,VIIRS,n,2,292.73,2.14,N,2,VIIRS_NOAA20_SP
22.36536,87.29904,309.84,0.45,0.47,2023-11-25,2015,N20,VIIRS,n,2,291.96,2.05,N,2,VIIRS_NOAA20_SP
22.36792,87.01862,301.52,0.43,0.46,2023-11-25,2015,N20,VIIRS,n,2,290.65,2.14,N,2,VIIRS_NOAA20_SP
22.36959,87.30001,331.68,0.45,0.47,2023-11-25,2015,N20,VIIRS,n,2,292.38,2.05,N,2,VIIRS_NOAA20_SP
22.37044,87.29572,302.71,0.45,0.47,2023-11-25,2015,N20,VIIRS,n,2,289.18,2.05,N,2,VIIRS_NOAA20_SP
22.37808,87.27955,321.46,0.45,0.47,2023-11-25,2015,N20,VIIRS,n,2,293.5,3.47,N,2,VIIRS_NOAA20_SP
22.4737,91.73046,302.73,0.43,0.62,2023-11-25,2015,N20,VIIRS,n,2,290.83,0.82,N,2,VIIRS_NOAA20_SP
22.47455,88.00275,303.12,0.5,0.49,2023-11-25,2015,N20,VIIRS,n,2,290.63,0.78,N,0,VIIRS_NOAA20_SP
22.47518,91.73093,301.32,0.43,0.62,2023-11-25,2015,N20,VIIRS,n,2,291.12,0.84,N,2,VIIRS_NOAA20_SP
22.53988,91.69701,302.16,0.42,0.61,2023-11-25,2015,N20,VIIRS,n,2,290.31,0.72,N,0,VIIRS_NOAA20_SP
22.58782,85.90697,304.29,0.56,0.43,2023-11-25,2015,N20,VIIRS,n,2,289.39,2.07,N,2,VIIRS_NOAA20_SP
22.63036,86.17661,299.86,0.38,0.43,2023-11-25,2015,N20,VIIRS,n,2,289.12,0.41,N,2,VIIRS_NOAA20_SP
22.67869,81.33815,302.49,0.39,0.36,2023-11-25,2015,N20,VIIRS,n,2,283.27,0.51,N,0,VIIRS_NOAA20_SP
22.78659,86.20422,318.21,0.57,0.43,2023-11-25,2015,N20,VIIRS,n,2,292.5,3.18,N,2,VIIRS_NOAA20_SP
22.78764,86.19878,303.42,0.57,0.43,2023-11-25,2015,N20,VIIRS,n,2,291.79,2.11,N,2,VIIRS_NOAA20_SP
22.78946,86.21061,308.55,0.57,0.43,2023-11-25,2015,N20,VIIRS,n,2,291.32,1.72,N,2,VIIRS_NOAA20_SP
22.79157,86.19965,302.69,0.57,0.43,2023-11-25,2015,N20,VIIRS,n,2,292.21,1.46,N,2,VIIRS_NOAA20_SP
22.79338,86.21153,299.7,0.57,0.43,2023-11-25,2015,N20,VIIRS,n,2,289.66,1.72,N,2,VIIRS_NOAA20_SP
22.79655,86.19506,302.25,0.57,0.43,2023-11-25,2015,N20,VIIRS,n,2,291.94,1.46,N,2,VIIRS_NOAA20_SP
22.80077,86.08829,309.81,0.56,0.43,2023-11-25,2015,N20,VIIRS,n,2,291.27,1.5,N,2,VIIRS_NOAA20_SP
22.85579,86.05547,302.55,0.56,0.43,2023-11-25,2015,N20,VIIRS,n,2,288.63,1.0,N,2,VIIRS_NOAA20_SP
22.87524,86.0598,307.66,0.56,0.43,2023-11-25,2015,N20,VIIRS,n,2,289.47,1.07,N,2,VIIRS_NOAA20_SP
22.93125,78.18752,296.98,0.44,0.38,2023-11-25,2015,N20,VIIRS,n,2,286.63,0.76,N,0,VIIRS_NOAA20_SP
23.05971,78.14611,301.09,0.44,0.38,2023-11-25,2015,N20,VIIRS,n,2,285.6,0.51,N,0,VIIRS_NOAA20_SP
23.06324,79.20187,299.16,0.41,0.37,2023-11-25,2015,N20,VIIRS,n,2,283.33,0.54,N,0,VIIRS_NOAA20_SP
23.11087,78.67905,302.62,0.42,0.38,2023-11-25,2015,N20,VIIRS,n,2,285.08,0.32,N,0,VIIRS_NOAA20_SP
23.1335,78.02773,304.67,0.45,0.39,2023-11-25,2015,N20,VIIRS,n,2,285.27,0.73,N,0,VIIRS_NOAA20_SP
23.16607,82.34039,303.34,0.39,0.37,2023-11-25,2015,N20,VIIRS,n,2,288.49,0.58,N,2,VIIRS_NOAA20_SP
23.1667,82.33657,299.12,0.39,0.37,2023-11-25,2015,N20,VIIRS,n,2,287.63,0.58,N,2,VIIRS_NOAA20_SP
23.1694,82.34103,304.22,0.39,0.37,2023-11-25,2015,N20,VIIRS,n,2,288.12,0.78,N,2,VIIRS_NOAA20_SP
23.17604,82.34232,300.05,0.39,0.37,2023-11-25,2015,N20,VIIRS,n,2,286.26,0.54,N,2,VIIRS_NOAA20_SP
23.51292,87.27632,300.7,0.43,0.46,2023-11-25,2015,N20,VIIRS,n,2,290.03,0.86,N,2,VIIRS_NOAA20_SP
23.54928,86.54378,301.48,0.39,0.44,2023-11-25,2015,N20,VIIRS,n,2,289.4,1.11,N,2,VIIRS_NOAA20_SP
23.55171,87.241,301.53,0.43,0.46,2023-11-25,2015,N20,VIIRS,n,2,290.35,0.63,N,2,VIIRS_NOAA20_SP
23.56077,87.23882,329.79,0.42,0.46,2023-11-25,2015,N20,VIIRS,n,2,289.87,4.45,N,2,VIIRS_NOAA20_SP
23.5624,87.2307,303.02,0.42,0.46,2023-11-25,2015,N20,VIIRS,n,2,287.55,1.35,N,2,VIIRS_NOAA20_SP
23.56326,87.08416,310.08,0.42,0.45,2023-11-25,2015,N20,VIIRS,n,2,290.52,1.4,N,2,VIIRS_NOAA20_SP
23.56655,87.08916,301.13,0.42,0.45,2023-11-25,2015,N20,VIIRS,n,2,288.54,1.12,N,2,VIIRS_NOAA20_SP
23.60399,87.15118,304.98,0.42,0.45,2023-11-25,2015,N20,VIIRS,n,2,289.38,1.21,N,2,VIIRS_NOAA20_SP
23.61477,86.86094,301.86,0.4,0.44,2023-11-25,2015,N20,VIIRS,n,2,289.32,0.85,N,2,VIIRS_NOAA20_SP
23.61615,86.78831,306.64,0.4,0.44,2023-11-25,2015,N20,VIIRS,n,2,291.46,1.7,N,2,VIIRS_NOAA20_SP
23.63298,86.29571,298.79,0.56,0.43,2023-11-25,2015,N20,VIIRS,n,2,288.54,1.2,N,2,VIIRS_NOAA20_SP
23.65113,85.56593,296.66,0.51,0.41,2023-11-25,2015,N20,VIIRS,n,2,286.34,1.09,N,2,VIIRS_NOAA20_SP
23.66142,85.55267,296.64,0.51,0.41,2023-11-25,2015,N20,VIIRS,n,2,285.51,0.58,N,0,VIIRS_NOAA20_SP
23.66303,86.91582,298.67,0.41,0.45,2023-11-25,2015,N20,VIIRS,n,2,288.43,1.3,N,2,VIIRS_NOAA20_SP
23.66707,86.09124,304.23,0.55,0.42,2023-11-25,2015,N20,VIIRS,n,2,288.24,1.69,N,2,VIIRS_NOAA20_SP
23.67015,86.42004,305.81,0.57,0.43,2023-11-25,2015,N20,VIIRS,n,2,289.8,1.43,N,2,VIIRS_NOAA20_SP
23.67744,86.10681,301.64,0.55,0.43,2023-11-25,2015,N20,VIIRS,n,2,287.68,1.26,N,2,VIIRS_NOAA20_SP
23.67765,86.08486,310.17,0.55,0.42,2023-11-25,2015,N20,VIIRS,n,2,292.18,2.3,N,2,VIIRS_NOAA20_SP
23.67846,86.10153,305.48,0.55,0.42,2023-11-25,2015,N20,VIIRS,n,2,289.86,1.26,N,2,VIIRS_NOAA20_SP
23.68048,86.091,309.55,0.55,0.42,2023-11-25,2015,N20,VIIRS,n,2,290.33,1.68,N,2,VIIRS_NOAA20_SP
23.68249,86.08048,300.56,0.55,0.42,2023-11-25,2015,N20,VIIRS,n,2,288.4,1.44,N,2,VIIRS_NOAA20_SP
23.68321,86.39432,321.95,0.57,0.43,2023-11-25,2015,N20,VIIRS,n,2,291.29,4.75,N,2,VIIRS_NOAA20_SP
23.68424,86.38892,303.66,0.57,0.43,2023-11-25,2015,N20,VIIRS,n,2,288.92,2.04,N,2,VIIRS_NOAA20_SP
23.68432,86.09188,303.91,0.55,0.42,2023-11-25,2015,N20,VIIRS,n,2,290.33,1.68,N,2,VIIRS_NOAA20_SP
23.68534,87.12202,302.02,0.42,0.45,2023-11-25,2015,N20,VIIRS,n,2,291.14,0.86,N,2,VIIRS_NOAA20_SP
23.68699,87.11987,317.88,0.42,0.45,2023-11-25,2015,N20,VIIRS,n,2,291.65,1.72,N,2,VIIRS_NOAA20_SP
23.68815,86.38979,306.45,0.57,0.43,2023-11-25,2015,N20,VIIRS,n,2,292.98,2.7,N,2,VIIRS_NOAA20_SP
23.69015,87.09795,310.76,0.41,0.45,2023-11-25,2015,N20,VIIRS,n,2,292.53,2.01,N,2,VIIRS_NOAA20_SP
23.69022,87.11895,312.89,0.42,0.45,2023-11-25,2015,N20,VIIRS,n,2,290.86,1.26,N,2,VIIRS_NOAA20_SP
23.69086,87.09975,311.51,0.42,0.45,2023-11-25,2015,N20,VIIRS,n,2,292.1,1.73,N,2,VIIRS_NOAA20_SP
23.69182,87.11091,303.85,0.42,0.45,2023-11-25,2015,N20,VIIRS,n,2,291.2,2.24,N,2,VIIRS_NOAA20_SP
23.69342,87.1029,299.95,0.42,0.45,2023-11-25,2015,N20,VIIRS,n,2,288.84,0.74,N,2,VIIRS_NOAA20_SP
23.6935,87.12387,308.12,0.42,0.45,2023-11-25,2015,N20,VIIRS,n,2,291.44,2.57,N,2,VIIRS_NOAA20_SP
23.6943,87.11987,307.85,0.42,0.45,2023-11-25,2015,N20,VIIRS,n,2,291.44,1.26,N,2,VIIRS_NOAA20_SP
23.6951,87.11586,303.61,0.42,0.45,2023-11-25,2015,N20,VIIRS,n,2,290.32,1.26,N,2,VIIRS_NOAA20_SP
23.69749,87.10384,302.24,0.42,0.45,2023-11-25,2015,N20,VIIRS,n,2,289.47,0.74,N,2,VIIRS_NOAA20_SP
23.71513,86.44149,298.75,0.57,0.43,2023-11-25,2015,N20,VIIRS,n,2,288.62,0.75,N,2,VIIRS_NOAA20_SP
23.71778,86.44349,306.83,0.57,0.43,2023-11-25,2015,N20,VIIRS,n,2,293.6,2.93,N,2,VIIRS_NOAA20_SP
23.72145,85.00971,300.26,0.48,0.4,2023-11-25,2015,N20,VIIRS,n,2,286.07,0.9,N,2,VIIRS_NOAA20_SP
23.72618,85.02532,296.81,0.48,0.4,2023-11-25,2015,N20,VIIRS,n,2,286.32,0.6,N,0,VIIRS_NOAA20_SP
23.73127,86.75823,303.5,0.4,0.44,2023-11-25,2015,N20,VIIRS,n,2,291.04,1.4,N,2,VIIRS_NOAA20_SP
23.73582,86.51965,302.18,0.38,0.43,2023-11-25,2015,N20,VIIRS,n,2,285.35,0.33,N,0,VIIRS_NOAA20_SP
23.73683,85.00813,302.88,0.48,0.4,2023-11-25,2015,N20,VIIRS,n,2,287.93,2.35,N,2,VIIRS_NOAA20_SP
23.74046,85.00891,307.41,0.48,0.4,2023-11-25,2015,N20,VIIRS,n,2,291.02,2.6,N,2,VIIRS_NOAA20_SP
23.74428,85.50382,302.4,0.51,0.41,2023-11-25,2015,N20,VIIRS,n,2,286.55,1.85,N,2,VIIRS_NOAA20_SP
23.7466,86.4213,301.96,0.57,0.43,2023-11-25,2015,N20,VIIRS,n,2,290.51,1.6,N,2,VIIRS_NOAA20_SP
23.75472,86.40033,301.57,0.57,0.43,2023-11-25,2015,N20,VIIRS,n,2,290.61,3.85,N,0,VIIRS_NOAA20_SP
23.75735,85.85397,307.32,0.53,0.42,2023-11-25,2015,N20,VIIRS,n,2,290.67,2.3,N,2,VIIRS_NOAA20_SP
23.75864,86.40118,349.71,0.57,0.43,2023-11-25,2015,N20,VIIRS,n,2,295.4,3.85,N,2,VIIRS_NOAA20_SP
23.75941,86.4184,300.44,0.57,0.43,2023-11-25,2015,N20,VIIRS,n,2,289.55,0.91,N,2,VIIRS_NOAA20_SP
23.75968,86.39575,303.76,0.57,0.43,2023-11-25,2015,N20,VIIRS,n,2,292.5,3.85,N,2,VIIRS_NOAA20_SP
23.76464,86.39116,321.24,0.57,0.43,2023-11-25,2015,N20,VIIRS,n,2,297.8,2.19,N,2,VIIRS_NOAA20_SP
23.76732,86.01227,297.37,0.54,0.42,2023-11-25,2015,N20,VIIRS,n,2,286.98,0.65,N,0,VIIRS_NOAA20_SP
23.7675,86.39748,311.5,0.57,0.43,2023-11-25,2015,N20,VIIRS,n,2,296.06,5.15,N,2,VIIRS_NOAA20_SP
23.76778,86.37476,311.06,0.56,0.43,2023-11-25,2015,N20,VIIRS,n,2,294.87,2.84,N,2,VIIRS_NOAA20_SP
23.76855,86.39201,307.92,0.57,0.43,2023-11-25,2015,N20,VIIRS,n,2,296.73,2.19,N,2,VIIRS_NOAA20_SP
23.7696,86.38655,303.97,0.57,0.43,2023-11-25,2015,N20,VIIRS,n,2,292.79,2.19,N,2,VIIRS_NOAA20_SP
23.77264,86.20182,308.75,0.55,0.43,2023-11-25,2015,N20,VIIRS,n,2,291.66,2.56,N,2,VIIRS_NOAA20_SP
23.77351,86.38739,304.17,0.57,0.43,2023-11-25,2015,N20,VIIRS,n,2,293.16,2.56,N,2,VIIRS_NOAA20_SP
23.7755,86.20795,314.62,0.55,0.43,2023-11-25,2015,N20,VIIRS,n,2,292.72,2.55,N,2,VIIRS_NOAA20_SP
23.77637,86.39372,304.73,0.57,0.43,2023-11-25,2015,N20,VIIRS,n,2,294.26,2.56,N,2,VIIRS_NOAA20_SP
23.77742,86.38823,326.4,0.57,0.43,2023-11-25,2015,N20,VIIRS,n,2,294.72,2.56,N,2,VIIRS_NOAA20_SP
23.77937,86.20878,311.03,0.55,0.43,2023-11-25,2015,N20,VIIRS,n,2,292.21,2.55,N,2,VIIRS_NOAA20_SP
23.78028,86.39458,330.48,0.57,0.43,2023-11-25,2015,N20,VIIRS,n,2,297.94,3.65,N,2,VIIRS_NOAA20_SP
23.78039,86.20344,318.07,0.55,0.43,2023-11-25,2015,N20,VIIRS,n,2,292.31,3.79,N,2,VIIRS_NOAA20_SP
23.78053,86.37197,317.91,0.56,0.43,2023-11-25,2015,N20,VIIRS,n,2,291.96,3.05,N,2,VIIRS_NOAA20_SP
23.78133,86.38909,311.6,0.57,0.43,2023-11-25,2015,N20,VIIRS,n,2,292.67,3.65,N,2,VIIRS_NOAA20_SP
23.7818,86.34401,320.94,0.56,0.43,2023-11-25,2015,N20,VIIRS,n,2,291.96,3.54,N,2,VIIRS_NOAA20_SP
23.78324,86.2096,314.78,0.55,0.43,2023-11-25,2015,N20,VIIRS,n,2,290.98,2.0,N,2,VIIRS_NOAA20_SP
23.78388,86.33313,302.01,0.56,0.43,2023-11-25,2015,N20,VIIRS,n,2,291.1,2.0,N,2,VIIRS_NOAA20_SP
23.78777,86.334,311.51,0.56,0.43,2023-11-25,2015,N20,VIIRS,n,2,293.67,2.0,N,2,VIIRS_NOAA20_SP
23.79246,86.352,320.03,0.56,0.43,2023-11-25,2015,N20,VIIRS,n,2,294.03,4.33,N,2,VIIRS_NOAA20_SP
23.79461,86.23451,306.09,0.55,0.43,2023-11-25,2015,N20,VIIRS,n,2,289.94,1.5,N,2,VIIRS_NOAA20_SP
23.79636,86.35286,307.27,0.56,0.43,2023-11-25,2015,N20,VIIRS,n,2,291.24,2.96,N,2,VIIRS_NOAA20_SP
23.79842,86.34203,304.11,0.56,0.43,2023-11-25,2015,N20,VIIRS,n,2,293.28,2.2,N,2,VIIRS_NOAA20_SP
23.80438,86.33201,308.68,0.56,0.43,2023-11-25,2015,N20,VIIRS,n,2,291.49,3.21,N,2,VIIRS_NOAA20_SP
23.8054,86.32662,323.4,0.56,0.43,2023-11-25,2015,N20,VIIRS,n,2,296.49,3.21,N,2,VIIRS_NOAA20_SP
23.80744,86.3159,308.4,0.56,0.43,2023-11-25,2015,N20,VIIRS,n,2,296.16,3.72,N,2,VIIRS_NOAA20_SP
23.81547,84.84554,304.6,0.47,0.4,2023-11-25,2015,N20,VIIRS,n,2,286.59,1.17,N,0,VIIRS_NOAA20_SP
23.82386,85.49824,308.23,0.51,0.41,2023-11-25,2015,N20,VIIRS,n,2,292.45,2.81,N,2,VIIRS_NOAA20_SP
23.84042,85.3054,296.84,0.5,0.41,2023-11-25,2015,N20,VIIRS,n,2,284.24,0.77,N,2,VIIRS_NOAA20_SP
23.92793,85.34058,295.8,0.5,0.41,2023-11-25,2015,N20,VIIRS,n,2,284.89,0.73,N,0,VIIRS_NOAA20_SP
23.99121,79.39259,305.68,0.41,0.37,2023-11-25,2015,N20,VIIRS,n,2,289.8,1.24,N,2,VIIRS_NOAA20_SP
24.01204,80.52894,305.35,0.39,0.36,2023-11-25,2015,N20,VIIRS,n,2,288.75,1.12,N,0,VIIRS_NOAA20_SP
24.05337,80.61402,309.02,0.39,0.36,2023-11-25,2015,N20,VIIRS,n,2,291.68,1.03,N,2,VIIRS_NOAA20_SP
24.11717,86.35081,297.05,0.56,0.43,2023-11-25,2015,N20,VIIRS,n,2,286.81,1.54,N,2,VIIRS_NOAA20_SP
24.14006,82.63506,298.34,0.4,0.37,2023-11-25,2015,N20,VIIRS,n,2,287.12,0.4,N,0,VIIRS_NOAA20_SP
24.14155,82.56376,320.79,0.39,0.37,2023-11-25,2015,N20,VIIRS,n,2,288.98,1.1,N,0,VIIRS_NOAA20_SP
24.14687,82.65625,297.01,0.4,0.37,2023-11-25,2015,N20,VIIRS,n,2,286.65,0.38,N,0,VIIRS_NOAA20_SP
24.16499,82.72675,306.04,0.4,0.37,2023-11-25,2015,N20,VIIRS,n,2,286.64,0.87,N,0,VIIRS_NOAA20_SP
24.16939,82.56135,301.88,0.39,0.37,2023-11-25,2015,N20,VIIRS,n,2,290.25,0.89,N,2,VIIRS_NOAA20_SP
24.17001,82.55754,304.01,0.39,0.36,2023-11-25,2015,N20,VIIRS,n,2,288.73,0.89,N,2,VIIRS_NOAA20_SP
24.17918,82.64191,301.03,0.4,0.37,2023-11-25,2015,N20,VIIRS,n,2,287.11,0.72,N,0,VIIRS_NOAA20_SP
24.18186,82.64643,304.87,0.4,0.37,2023-11-25,2015,N20,VIIRS,n,2,286.71,0.67,N,0,VIIRS_NOAA20_SP
24.18675,82.57588,298.88,0.39,0.37,2023-11-25,2015,N20,VIIRS,n,2,287.88,0.69,N,0,VIIRS_NOAA20_SP
24.1934,82.5772,300.32,0.39,0.37,2023-11-25,2015,N20,VIIRS,n,2,289.35,0.67,N,2,VIIRS_NOAA20_SP
24.20179,80.79893,300.69,0.39,0.36,2023-11-25,2015,N20,VIIRS,n,2,288.2,0.73,N,2,VIIRS_NOAA20_SP
24.2055,82.71093,321.95,0.4,0.37,2023-11-25,2015,N20,VIIRS,n,2,290.18,1.24,N,2,VIIRS_NOAA20_SP
24.20563,82.52421,307.04,0.39,0.36,2023-11-25,2015,N20,VIIRS,n,2,287.53,1.07,N,2,VIIRS_NOAA20_SP
24.20615,82.70702,301.47,0.4,0.37,2023-11-25,2015,N20,VIIRS,n,2,288.02,1.24,N,2,VIIRS_NOAA20_SP
24.20884,82.71153,309.05,0.4,0.37,2023-11-25,2015,N20,VIIRS,n,2,289.47,1.24,N,2,VIIRS_NOAA20_SP
24.32729,81.32651,306.25,0.38,0.36,2023-11-25,2015,N20,VIIRS,n,2,290.22,0.94,N,2,VIIRS_NOAA20_SP
24.52877,81.17001,303.02,0.38,0.36,2023-11-25,2015,N20,VIIRS,n,2,288.45,0.65,N,2,VIIRS_NOAA20_SP
24.56486,81.00239,308.6,0.39,0.36,2023-11-25,2015,N20,VIIRS,n,2,291.62,1.37,N,2,VIIRS_NOAA20_SP
24.58636,76.78817,297.79,0.53,0.42,2023-11-25,2015,N20,VIIRS,n,2,284.44,0.43,N,0,VIIRS_NOAA20_SP
24.58827,76.79002,297.89,0.53,0.42,2023-11-25,2015,N20,VIIRS,n,2,284.47,0.37,N,0,VIIRS_NOAA20_SP
24.59678,80.86076,301.25,0.39,0.36,2023-11-25,2015,N20,VIIRS,n,2,289.52,0.93,N,2,VIIRS_NOAA20_SP
24.71695,75.9523,306.25,0.39,0.44,2023-11-25,2015,N20,VIIRS,n,2,290.87,1.19,N,2,VIIRS_NOAA20_SP
24.92347,84.15552,300.64,0.43,0.38,2023-11-25,2015,N20,VIIRS,n,2,285.73,0.53,N,0,VIIRS_NOAA20_SP
24.92608,77.14066,306.39,0.51,0.41,2023-11-25,2015,N20,VIIRS,n,2,284.64,0.89,N,0,VIIRS_NOAA20_SP
24.92986,77.14124,302.25,0.51,0.41,2023-11-25,2015,N20,VIIRS,n,2,284.77,0.55,N,0,VIIRS_NOAA20_SP
25.28936,77.04053,301.3,0.52,0.42,2023-11-25,2015,N20,VIIRS,n,2,285.25,0.7,N,0,VIIRS_NOAA20_SP
25.30439,80.65285,297.46,0.39,0.36,2023-11-25,2015,N20,VIIRS,n,2,285.48,0.36,N,0,VIIRS_NOAA20_SP
25.30627,80.61763,298.62,0.39,0.36,2023-11-25,2015,N20,VIIRS,n,2,285.42,0.41,N,0,VIIRS_NOAA20_SP
25.31084,83.01139,303.55,0.4,0.37,2023-11-25,2015,N20,VIIRS,n,2,289.99,0.55,N,2,VIIRS_NOAA20_SP
25.5001,82.25517,298.79,0.39,0.36,2023-11-25,2015,N20,VIIRS,n,2,284.75,0.46,N,0,VIIRS_NOAA20_SP
25.52047,80.86398,301.32,0.39,0.36,2023-11-25,2015,N20,VIIRS,n,2,286.53,0.59,N,0,VIIRS_NOAA20_SP
26.49491,78.25069,298.1,0.47,0.4,2023-11-25,2015,N20,VIIRS,n,2,284.62,0.57,N,0,VIIRS_NOAA20_SP
19.08985,82.16309,309.72,0.42,0.37,2023-11-25,2016,N20,VIIRS,n,2,290.32,2.1,N,0,VIIRS_NOAA20_SP
19.10282,82.16956,304.48,0.42,0.37,2023-11-25,2016,N20,VIIRS,n,2,291.04,0.89,N,0,VIIRS_NOAA20_SP
19.10347,82.16565,301.8,0.42,0.37,2023-11-25,2016,N20,VIIRS,n,2,290.82,0.89,N,0,VIIRS_NOAA20_SP
19.17618,78.47907,301.67,0.4,0.37,2023-11-25,2016,N20,VIIRS,n,2,290.32,0.59,N,0,VIIRS_NOAA20_SP
19.7864,79.14611,303.19,0.39,0.36,2023-11-25,2016,N20,VIIRS,n,2,292.88,0.74,N,2,VIIRS_NOAA20_SP
19.92089,79.1113,308.31,0.39,0.36,2023-11-25,2016,N20,VIIRS,n,2,293.61,0.67,N,2,VIIRS_NOAA20_SP
19.92976,79.12043,307.98,0.39,0.36,2023-11-25,2016,N20,VIIRS,n,2,291.93,1.22,N,0,VIIRS_NOAA20_SP
19.96145,79.33483,308.75,0.39,0.36,2023-11-25,2016,N20,VIIRS,n,2,290.87,0.47,N,2,VIIRS_NOAA20_SP
20.10585,79.03026,303.86,0.4,0.37,2023-11-25,2016,N20,VIIRS,n,2,292.55,0.87,N,0,VIIRS_NOAA20_SP
20.13932,79.01276,307.99,0.4,0.37,2023-11-25,2016,N20,VIIRS,n,2,292.47,1.22,N,0,VIIRS_NOAA20_SP
20.29292,79.00224,301.97,0.4,0.37,2023-11-25,2016,N20,VIIRS,n,2,291.02,0.45,N,0,VIIRS_NOAA20_SP
20.76016,85.28925,304.97,0.55,0.43,2023-11-25,2016,N20,VIIRS,n,2,290.61,2.35,N,2,VIIRS_NOAA20_SP
20.78527,85.26228,308.35,0.55,0.42,2023-11-25,2016,N20,VIIRS,n,2,292.08,2.28,N,2,VIIRS_NOAA20_SP
20.78624,85.25709,306.64,0.55,0.42,2023-11-25,2016,N20,VIIRS,n,2,291.86,1.49,N,2,VIIRS_NOAA20_SP
20.7901,85.25787,304.21,0.55,0.42,2023-11-25,2016,N20,VIIRS,n,2,292.18,7.0,N,2,VIIRS_NOAA20_SP
20.79492,85.25348,338.09,0.55,0.42,2023-11-25,2016,N20,VIIRS,n,2,293.93,7.0,N,2,VIIRS_NOAA20_SP
20.79781,85.25947,305.12,0.55,0.42,2023-11-25,2016,N20,VIIRS,n,2,291.25,1.72,N,2,VIIRS_NOAA20_SP
20.80646,85.25596,318.48,0.55,0.42,2023-11-25,2016,N20,VIIRS,n,2,293.37,4.34,N,2,VIIRS_NOAA20_SP
20.82644,86.9594,308.12,0.46,0.47,2023-11-25,2016,N20,VIIRS,n,2,289.94,0.83,N,0,VIIRS_NOAA20_SP
20.86679,84.99397,304.03,0.53,0.42,2023-11-25,2016,N20,VIIRS,n,2,291.43,1.82,N,2,VIIRS_NOAA20_SP
20.86773,84.98885,309.99,0.53,0.42,2023-11-25,2016,N20,VIIRS,n,2,290.49,1.91,N,2,VIIRS_NOAA20_SP
20.90975,71.45598,303.49,0.34,0.56,2023-11-25,2016,N20,VIIRS,n,2,290.03,1.8,N,2,VIIRS_NOAA20_SP
20.91199,71.45621,307.09,0.34,0.56,2023-11-25,2016,N20,VIIRS,n,2,291.01,1.11,N,2,VIIRS_NOAA20_SP
20.94234,86.05274,301.02,0.4,0.44,2023-11-25,2016,N20,VIIRS,n,2,290.71,1.67,N,2,VIIRS_NOAA20_SP
20.95188,86.04677,306.49,0.4,0.44,2023-11-25,2016,N20,VIIRS,n,2,291.61,1.41,N,2,VIIRS_NOAA20_SP
20.95365,85.00831,307.33,0.53,0.42,2023-11-25,2016,N20,VIIRS,n,2,291.41,2.54,N,2,VIIRS_NOAA20_SP
20.95457,85.00332,303.33,0.53,0.42,2023-11-25,2016,N20,VIIRS,n,2,289.38,0.68,N,0,VIIRS_NOAA20_SP
20.95911,85.17167,306.91,0.54,0.42,2023-11-25,2016,N20,VIIRS,n,2,291.7,1.28,N,2,VIIRS_NOAA20_SP
20.96199,85.17756,312.68,0.54,0.42,2023-11-25,2016,N20,VIIRS,n,2,293.81,2.67,N,2,VIIRS_NOAA20_SP
20.96283,85.1514,304.22,0.54,0.42,2023-11-25,2016,N20,VIIRS,n,2,293.07,1.19,N,2,VIIRS_NOAA20_SP
20.96293,85.17248,336.81,0.54,0.42,2023-11-25,2016,N20,VIIRS,n,2,295.23,4.98,N,2,VIIRS_NOAA20_SP
20.96376,85.14634,302.68,0.54,0.42,2023-11-25,2016,N20,VIIRS,n,2,292.03,1.19,N,0,VIIRS_NOAA20_SP
20.96386,85.1674,319.05,0.54,0.42,2023-11-25,2016,N20,VIIRS,n,2,294.44,4.98,N,2,VIIRS_NOAA20_SP
20.96394,85.1886,309.43,0.54,0.42,2023-11-25,2016,N20,VIIRS,n,2,293.05,2.1,N,2,VIIRS_NOAA20_SP
20.96479,85.16235,303.71,0.54,0.42,2023-11-25,2016,N20,VIIRS,n,2,291.64,2.58,N,2,VIIRS_NOAA20_SP
20.96582,85.17837,312.94,0.54,0.42,2023-11-25,2016,N20,VIIRS,n,2,292.38,2.67,N,2,VIIRS_NOAA20_SP
20.96665,85.15221,311.96,0.54,0.42,2023-11-25,2016,N20,VIIRS,n,2,292.27,2.42,N,2,VIIRS_NOAA20_SP
20.96719,86.01067,304.82,0.4,0.44,2023-11-25,2016,N20,VIIRS,n,2,292.14,1.24,N,2,VIIRS_NOAA20_SP
20.96787,85.01653,325.76,0.53,0.42,2023-11-25,2016,N20,VIIRS,n,2,293.2,2.36,N,0,VIIRS_NOAA20_SP
20.96879,85.01154,304.43,0.53,0.42,2023-11-25,2016,N20,VIIRS,n,2,290.39,2.36,N,0,VIIRS_NOAA20_SP
20.97048,86.01534,304.25,0.4,0.44,2023-11-25,2016,N20,VIIRS,n,2,291.29,1.24,N,2,VIIRS_NOAA20_SP
20.97057,85.17413,337.66,0.54,0.42,2023-11-25,2016,N20,VIIRS,n,2,294.45,5.18,N,2,VIIRS_NOAA20_SP
20.97149,85.16907,313.75,0.54,0.42,2023-11-25,2016,N20,VIIRS,n,2,293.02,5.18,N,2,VIIRS_NOAA20_SP
20.97166,85.01733,317.84,0.53,0.42,2023-11-25,2016,N20,VIIRS,n,2,291.14,2.36,N,0,VIIRS_NOAA20_SP
20.97265,86.00401,304.33,0.4,0.44,2023-11-25,2016,N20,VIIRS,n,2,292.73,2.13,N,2,VIIRS_NOAA20_SP
20.97338,86.00021,309.64,0.4,0.44,2023-11-25,2016,N20,VIIRS,n,2,291.61,1.43,N,2,VIIRS_NOAA20_SP
20.97666,86.00487,306.18,0.4,0.44,2023-11-25,2016,N20,VIIRS,n,2,289.84,0.78,N,2,VIIRS_NOAA20_SP
20.97706,85.13863,309.27,0.53,0.42,2023-11-25,2016,N20,VIIRS,n,2,292.18,1.08,N,2,VIIRS_NOAA20_SP
20.97798,85.13358,308.8,0.53,0.42,2023-11-25,2016,N20,VIIRS,n,2,292.13,2.57,N,2,VIIRS_NOAA20_SP
20.97995,85.14449,309.33,0.54,0.42,2023-11-25,2016,N20,VIIRS,n,2,291.36,1.08,N,2,VIIRS_NOAA20_SP
20.98087,85.13944,303.7,0.53,0.42,2023-11-25,2016,N20,VIIRS,n,2,291.65,1.08,N,2,VIIRS_NOAA20_SP
21.00187,86.026,302.66,0.4,0.44,2023-11-25,2016,N20,VIIRS,n,2,290.57,0.88,N,0,VIIRS_NOAA20_SP
21.06613,85.03436,309.86,0.53,0.42,2023-11-25,2016,N20,VIIRS,n,2,290.97,1.25,N,2,VIIRS_NOAA20_SP
21.06991,85.03519,303.24,0.53,0.42,2023-11-25,2016,N20,VIIRS,n,2,292.73,1.25,N,2,VIIRS_NOAA20_SP
21.07656,85.04179,333.73,0.53,0.42,2023-11-25,2016,N20,VIIRS,n,2,293.61,6.12,N,2,VIIRS_NOAA20_SP
21.07747,85.03681,309.77,0.53,0.42,2023-11-25,2016,N20,VIIRS,n,2,293.06,1.59,N,2,VIIRS_NOAA20_SP
21.0784,85.0318,301.94,0.53,0.42,2023-11-25,2016,N20,VIIRS,n,2,291.2,1.59,N,2,VIIRS_NOAA20_SP
21.08126,85.03761,305.1,0.53,0.42,2023-11-25,2016,N20,VIIRS,n,2,292.32,1.66,N,2,VIIRS_NOAA20_SP
21.10452,72.63737,321.93,0.57,0.52,2023-11-25,2016,N20,VIIRS,n,2,292.85,4.72,N,2,VIIRS_NOAA20_SP
21.10514,72.63187,322.83,0.57,0.52,2023-11-25,2016,N20,VIIRS,n,2,292.56,4.61,N,2,VIIRS_NOAA20_SP
21.10564,72.63251,338.5,0.57,0.52,2023-11-25,2016,N20,VIIRS,n,2,293.12,8.5,N,2,VIIRS_NOAA20_SP
21.10867,72.64343,331.81,0.57,0.52,2023-11-25,2016,N20,VIIRS,n,2,293.49,6.16,N,2,VIIRS_NOAA20_SP
21.10925,72.6441,327.99,0.57,0.52,2023-11-25,2016,N20,VIIRS,n,2,293.68,6.16,N,2,VIIRS_NOAA20_SP
21.10991,72.63249,307.57,0.57,0.52,2023-11-25,2016,N20,VIIRS,n,2,292.91,1.7,N,2,VIIRS_NOAA20_SP
21.11041,72.63313,313.11,0.57,0.52,2023-11-25,2016,N20,VIIRS,n,2,293.77,4.34,N,2,VIIRS_NOAA20_SP
21.11468,72.6331,312.33,0.57,0.52,2023-11-25,2016,N20,VIIRS,n,2,293.55,1.7,N,2,VIIRS_NOAA20_SP
21.17284,72.93517,306.79,0.54,0.51,2023-11-25,2016,N20,VIIRS,n,2,291.97,0.8,N,0,VIIRS_NOAA20_SP
21.17802,81.37709,301.86,0.39,0.36,2023-11-25,2016,N20,VIIRS,n,2,291.68,0.64,N,0,VIIRS_NOAA20_SP
21.18403,81.38201,303.21,0.39,0.36,2023-11-25,2016,N20,VIIRS,n,2,291.96,0.87,N,2,VIIRS_NOAA20_SP
21.18837,81.20769,303.13,0.39,0.36,2023-11-25,2016,N20,VIIRS,n,2,291.56,0.67,N,0,VIIRS_NOAA20_SP
21.18944,81.39065,304.75,0.39,0.36,2023-11-25,2016,N20,VIIRS,n,2,292.94,2.46,N,2,VIIRS_NOAA20_SP
21.19015,81.19661,301.0,0.39,0.36,2023-11-25,2016,N20,VIIRS,n,2,290.45,0.75,N,2,VIIRS_NOAA20_SP
21.19437,81.21259,302.1,0.39,0.36,2023-11-25,2016,N20,VIIRS,n,2,290.87,0.82,N,0,VIIRS_NOAA20_SP
21.23414,79.63098,308.05,0.39,0.36,2023-11-25,2016,N20,VIIRS,n,2,291.78,0.93,N,2,VIIRS_NOAA20_SP
21.24156,81.38478,305.53,0.39,0.36,2023-11-25,2016,N20,VIIRS,n,2,292.16,0.43,N,0,VIIRS_NOAA20_SP
21.24735,79.22407,313.84,0.4,0.37,2023-11-25,2016,N20,VIIRS,n,2,292.81,1.47,N,2,VIIRS_NOAA20_SP
21.25331,73.04239,309.97,0.54,0.51,2023-11-25,2016,N20,VIIRS,n,2,292.5,1.74,N,0,VIIRS_NOAA20_SP
21.28736,73.82154,304.11,0.48,0.48,2023-11-25,2016,N20,VIIRS,n,2,291.05,0.39,N,0,VIIRS_NOAA20_SP
21.28818,73.81965,304.76,0.48,0.48,2023-11-25,2016,N20,VIIRS,n,2,290.76,0.38,N,0,VIIRS_NOAA20_SP
21.29743,81.60527,308.91,0.39,0.36,2023-11-25,2016,N20,VIIRS,n,2,290.0,0.93,N,2,VIIRS_NOAA20_SP
21.30074,81.60588,306.54,0.39,0.36,2023-11-25,2016,N20,VIIRS,n,2,290.22,0.78,N,2,VIIRS_NOAA20_SP
21.30981,81.5922,302.42,0.39,0.36,2023-11-25,2016,N20,VIIRS,n,2,291.47,0.74,N,2,VIIRS_NOAA20_SP
21.32114,81.64816,303.62,0.39,0.36,2023-11-25,2016,N20,VIIRS,n,2,289.99,0.49,N,0,VIIRS_NOAA20_SP
21.36154,81.65182,304.49,0.39,0.36,2023-11-25,2016,N20,VIIRS,n,2,292.46,0.9,N,0,VIIRS_NOAA20_SP
21.36486,81.65244,303.75,0.39,0.36,2023-11-25,2016,N20,VIIRS,n,2,292.99,0.9,N,2,VIIRS_NOAA20_SP
21.36608,81.64497,302.82,0.39,0.36,2023-11-25,2016,N20,VIIRS,n,2,291.78,0.82,N,2,VIIRS_NOAA20_SP
21.37325,81.68481,301.81,0.39,0.36,2023-11-25,2016,N20,VIIRS,n,2,291.7,1.1,N,2,VIIRS_NOAA20_SP
21.37718,81.68169,315.22,0.39,0.36,2023-11-25,2016,N20,VIIRS,n,2,292.65,1.66,N,2,VIIRS_NOAA20_SP
21.37724,81.63935,308.68,0.39,0.36,2023-11-25,2016,N20,VIIRS,n,2,291.51,0.93,N,2,VIIRS_NOAA20_SP
21.38475,81.65614,301.33,0.39,0.36,2023-11-25,2016,N20,VIIRS,n,2,290.43,0.98,N,2,VIIRS_NOAA20_SP
21.38969,81.64533,319.43,0.39,0.36,2023-11-25,2016,N20,VIIRS,n,2,293.16,2.35,N,2,VIIRS_NOAA20_SP
21.48827,81.77045,304.18,0.39,0.36,2023-11-25,2016,N20,VIIRS,n,2,291.08,1.1,N,2,VIIRS_NOAA20_SP
21.48889,81.76672,303.67,0.39,0.36,2023-11-25,2016,N20,VIIRS,n,2,290.06,1.05,N,2,VIIRS_NOAA20_SP
21.54477,81.94793,306.01,0.4,0.37,2023-11-25,2016,N20,VIIRS,n,2,291.98,1.01,N,2,VIIRS_NOAA20_SP
21.63025,82.11237,302.64,0.4,0.37,2023-11-25,2016,N20,VIIRS,n,2,291.68,0.72,N,0,VIIRS_NOAA20_SP
21.67218,82.08038,303.61,0.4,0.37,2023-11-25,2016,N20,VIIRS,n,2,291.71,0.77,N,2,VIIRS_NOAA20_SP
21.68044,84.03663,320.21,0.46,0.39,2023-11-25,2016,N20,VIIRS,n,2,292.71,2.13,N,2,VIIRS_NOAA20_SP
21.68322,84.04173,304.84,0.46,0.39,2023-11-25,2016,N20,VIIRS,n,2,291.23,1.17,N,2,VIIRS_NOAA20_SP
21.73159,82.21315,303.37,0.4,0.37,2023-11-25,2016,N20,VIIRS,n,2,292.41,0.69,N,2,VIIRS_NOAA20_SP
21.74963,84.01234,300.75,0.46,0.39,2023-11-25,2016,N20,VIIRS,n,2,290.5,0.48,N,0,VIIRS_NOAA20_SP
21.75519,84.02251,304.51,0.46,0.39,2023-11-25,2016,N20,VIIRS,n,2,293.1,1.74,N,2,VIIRS_NOAA20_SP
21.7631,84.01957,304.87,0.46,0.39,2023-11-25,2016,N20,VIIRS,n,2,292.68,2.41,N,2,VIIRS_NOAA20_SP
21.76588,84.02468,311.56,0.46,0.39,2023-11-25,2016,N20,VIIRS,n,2,291.02,1.15,N,2,VIIRS_NOAA20_SP
21.76666,84.02029,307.05,0.46,0.39,2023-11-25,2016,N20,VIIRS,n,2,291.94,1.15,N,2,VIIRS_NOAA20_SP
21.76744,84.01594,307.38,0.46,0.39,2023-11-25,2016,N20,VIIRS,n,2,291.48,2.05,N,2,VIIRS_NOAA20_SP
21.77022,84.02103,303.9,0.46,0.39,2023-11-25,2016,N20,VIIRS,n,2,290.67,1.15,N,2,VIIRS_NOAA20_SP
21.77555,83.83056,303.72,0.45,0.39,2023-11-25,2016,N20,VIIRS,n,2,290.52,1.45,N,2,VIIRS_NOAA20_SP
21.7788,83.82945,304.01,0.45,0.39,2023-11-25,2016,N20,VIIRS,n,2,289.59,0.55,N,0,VIIRS_NOAA20_SP
21.77908,83.83128,302.49,0.45,0.39,2023-11-25,2016,N20,VIIRS,n,2,290.05,0.58,N,2,VIIRS_NOAA20_SP
21.78185,83.83633,301.0,0.45,0.39,2023-11-25,2016,N20,VIIRS,n,2,290.37,0.99,N,2,VIIRS_NOAA20_SP
21.79426,83.98968,302.81,0.46,0.39,2023-11-25,2016,N20,VIIRS,n,2,290.19,0.58,N,2,VIIRS_NOAA20_SP
21.82188,83.89613,304.98,0.45,0.39,2023-11-25,2016,N20,VIIRS,n,2,293.23,1.75,N,0,VIIRS_NOAA20_SP
21.87796,83.49461,305.06,0.44,0.38,2023-11-25,2016,N20,VIIRS,n,2,290.02,1.23,N,2,VIIRS_NOAA20_SP
21.87819,83.55513,314.08,0.44,0.38,2023-11-25,2016,N20,VIIRS,n,2,291.02,1.63,N,2,VIIRS_NOAA20_SP
21.92052,83.35316,308.86,0.43,0.38,2023-11-25,2016,N20,VIIRS,n,2,294.83,3.24,N,2,VIIRS_NOAA20_SP
21.92123,83.34904,339.16,0.43,0.38,2023-11-25,2016,N20,VIIRS,n,2,298.11,3.24,N,2,VIIRS_NOAA20_SP
21.92469,83.34972,319.88,0.43,0.38,2023-11-25,2016,N20,VIIRS,n,2,293.59,3.24,N,2,VIIRS_NOAA20_SP
21.92682,83.3374,324.65,0.43,0.38,2023-11-25,2016,N20,VIIRS,n,2,294.42,2.59,N,2,VIIRS_NOAA20_SP
22.00258,82.66933,309.98,0.41,0.37,2023-11-25,2016,N20,VIIRS,n,2,292.56,1.51,N,2,VIIRS_NOAA20_SP
22.00325,82.66543,299.59,0.41,0.37,2023-11-25,2016,N20,VIIRS,n,2,289.43,1.05,N,0,VIIRS_NOAA20_SP
22.00596,82.66998,316.51,0.41,0.37,2023-11-25,2016,N20,VIIRS,n,2,292.07,1.51,N,2,VIIRS_NOAA20_SP
22.02145,83.38073,301.21,0.43,0.38,2023-11-25,2016,N20,VIIRS,n,2,290.21,0.68,N,2,VIIRS_NOAA20_SP
22.02216,83.37661,299.46,0.43,0.38,2023-11-25,2016,N20,VIIRS,n,2,288.43,0.68,N,2,VIIRS_NOAA20_SP
22.0232,83.30879,300.18,0.43,0.38,2023-11-25,2016,N20,VIIRS,n,2,289.29,0.52,N,0,VIIRS_NOAA20_SP
22.03752,83.34984,300.84,0.43,0.38,2023-11-25,2016,N20,VIIRS,n,2,288.65,0.96,N,2,VIIRS_NOAA20_SP
22.10547,83.11948,312.28,0.42,0.38,2023-11-25,2016,N20,VIIRS,n,2,291.87,1.39,N,2,VIIRS_NOAA20_SP
22.11232,83.12084,304.52,0.42,0.38,2023-11-25,2016,N20,VIIRS,n,2,290.74,1.05,N,0,VIIRS_NOAA20_SP
22.11369,83.1128,314.59,0.42,0.38,2023-11-25,2016,N20,VIIRS,n,2,290.41,1.03,N,0,VIIRS_NOAA20_SP
22.11574,83.12151,306.43,0.42,0.38,2023-11-25,2016,N20,VIIRS,n,2,289.34,1.05,N,0,VIIRS_NOAA20_SP
22.11711,83.11348,300.46,0.42,0.38,2023-11-25,2016,N20,VIIRS,n,2,288.83,1.03,N,0,VIIRS_NOAA20_SP
22.26393,75.13211,301.8,0.41,0.45,2023-11-25,2016,N20,VIIRS,n,2,290.62,0.88,N,2,VIIRS_NOAA20_SP
22.33657,69.86579,303.43,0.44,0.63,2023-11-25,2016,N20,VIIRS,n,2,291.0,2.91,N,2,VIIRS_NOAA20_SP
22.34231,69.87257,310.69,0.44,0.63,2023-11-25,2016,N20,VIIRS,n,2,289.5,3.21,N,0,VIIRS_NOAA20_SP
22.34734,69.87552,367.0,0.44,0.63,2023-11-25,2016,N20,VIIRS,h,2,291.18,10.88,N,0,VIIRS_NOAA20_SP
22.34772,69.87746,305.88,0.44,0.63,2023-11-25,2016,N20,VIIRS,n,2,289.87,4.61,N,0,VIIRS_NOAA20_SP
22.34809,69.87312,343.02,0.44,0.63,2023-11-25,2016,N20,VIIRS,n,2,289.73,3.21,N,0,VIIRS_NOAA20_SP
22.87186,77.99121,306.24,0.45,0.39,2023-11-25,2016,N20,VIIRS,n,2,286.59,0.67,N,0,VIIRS_NOAA20_SP
22.87553,77.91199,305.66,0.45,0.39,2023-11-25,2016,N20,VIIRS,n,2,286.47,0.85,N,0,VIIRS_NOAA20_SP
22.90857,69.69797,306.22,0.46,0.64,2023-11-25,2016,N20,VIIRS,n,2,288.53,0.2,N,2,VIIRS_NOAA20_SP
23.01451,70.1009,301.62,0.44,0.62,2023-11-25,2016,N20,VIIRS,n,2,287.69,0.34,N,2,VIIRS_NOAA20_SP
23.32759,70.21313,303.38,0.43,0.62,2023-11-25,2016,N20,VIIRS,n,2,288.12,2.93,N,0,VIIRS_NOAA20_SP
23.41202,72.41278,304.76,0.63,0.54,2023-11-25,2016,N20,VIIRS,n,2,289.5,0.62,N,0,VIIRS_NOAA20_SP
23.4182,72.35084,307.52,0.63,0.54,2023-11-25,2016,N20,VIIRS,n,2,289.59,0.85,N,0,VIIRS_NOAA20_SP
16.23763,75.40388,301.92,0.5,0.41,2023-11-25,2017,N20,VIIRS,n,2,280.89,1.04,N,0,VIIRS_NOAA20_SP
16.34507,75.40102,298.29,0.5,0.41,2023-11-25,2017,N20,VIIRS,n,2,270.25,0.53,N,0,VIIRS_NOAA20_SP
16.66988,75.11695,298.56,0.53,0.42,2023-11-25,2017,N20,VIIRS,n,2,284.42,0.41,N,0,VIIRS_NOAA20_SP
17.06499,76.97889,302.44,0.43,0.38,2023-11-25,2017,N20,VIIRS,n,2,275.3,1.32,N,2,VIIRS_NOAA20_SP
17.14145,77.17512,299.39,0.43,0.38,2023-11-25,2017,N20,VIIRS,n,2,276.61,0.88,N,0,VIIRS_NOAA20_SP
17.14506,78.22273,302.63,0.4,0.37,2023-11-25,2017,N20,VIIRS,n,2,289.63,0.83,N,2,VIIRS_NOAA20_SP
17.19025,76.55743,298.95,0.45,0.39,2023-11-25,2017,N20,VIIRS,n,2,286.55,0.45,N,0,VIIRS_NOAA20_SP
17.19084,76.55319,302.2,0.45,0.39,2023-11-25,2017,N20,VIIRS,n,2,286.53,0.45,N,0,VIIRS_NOAA20_SP
17.2051,76.26571,312.03,0.47,0.39,2023-11-25,2017,N20,VIIRS,n,2,289.39,1.18,N,0,VIIRS_NOAA20_SP
17.20731,76.26753,310.34,0.47,0.39,2023-11-25,2017,N20,VIIRS,n,2,289.48,1.03,N,0,VIIRS_NOAA20_SP
17.53344,82.99895,307.53,0.46,0.39,2023-11-25,2017,N20,VIIRS,n,2,291.47,0.89,N,2,VIIRS_NOAA20_SP
17.5848,80.31738,305.44,0.39,0.36,2023-11-25,2017,N20,VIIRS,n,2,292.02,1.21,N,0,VIIRS_NOAA20_SP
17.60749,83.20042,307.42,0.47,0.4,2023-11-25,2017,N20,VIIRS,n,2,291.53,2.01,N,2,VIIRS_NOAA20_SP
17.61035,83.20551,305.78,0.47,0.4,2023-11-25,2017,N20,VIIRS,n,2,291.87,0.84,N,2,VIIRS_NOAA20_SP
17.69433,83.24281,303.99,0.47,0.4,2023-11-25,2017,N20,VIIRS,n,2,291.38,0.81,N,2,VIIRS_NOAA20_SP
17.88169,83.37591,308.1,0.48,0.4,2023-11-25,2017,N20,VIIRS,n,2,290.82,0.84,N,0,VIIRS_NOAA20_SP
18.51744,76.29269,299.39,0.48,0.4,2023-11-25,2017,N20,VIIRS,n,2,289.34,0.61,N,0,VIIRS_NOAA20_SP
18.67825,79.55204,318.67,0.39,0.36,2023-11-25,2017,N20,VIIRS,n,2,294.14,1.25,N,0,VIIRS_NOAA20_SP
18.68221,73.03732,310.92,0.5,0.49,2023-11-25,2017,N20,VIIRS,n,2,290.98,2.48,N,2,VIIRS_NOAA20_SP
18.68279,73.03259,322.21,0.5,0.49,2023-11-25,2017,N20,VIIRS,n,2,291.03,2.48,N,2,VIIRS_NOAA20_SP
18.6867,73.03793,304.55,0.5,0.49,2023-11-25,2017,N20,VIIRS,n,2,291.24,1.65,N,2,VIIRS_NOAA20_SP
18.69119,73.03854,309.79,0.5,0.49,2023-11-25,2017,N20,VIIRS,n,2,291.04,1.65,N,2,VIIRS_NOAA20_SP
18.69314,73.04144,310.57,0.5,0.49,2023-11-25,2017,N20,VIIRS,n,2,290.9,1.67,N,2,VIIRS_NOAA20_SP
18.69569,73.03915,305.27,0.5,0.49,2023-11-25,2017,N20,VIIRS,n,2,290.75,1.5,N,2,VIIRS_NOAA20_SP
18.72121,79.53703,317.78,0.39,0.36,2023-11-25,2017,N20,VIIRS,n,2,294.49,1.78,N,2,VIIRS_NOAA20_SP
18.97619,71.62236,325.59,0.62,0.54,2023-11-25,2017,N20,VIIRS,n,2,290.42,8.99,N,3,VIIRS_NOAA20_SP
14.72304,77.61501,303.04,0.4,0.37,2023-11-25,2018,N20,VIIRS,n,2,289.4,0.41,N,0,VIIRS_NOAA20_SP
14.93116,78.33846,306.3,0.39,0.36,2023-11-25,2018,N20,VIIRS,n,2,290.65,0.55,N,0,VIIRS_NOAA20_SP
15.07002,76.86418,300.89,0.42,0.38,2023-11-25,2018,N20,VIIRS,n,2,290.81,1.2,N,2,VIIRS_NOAA20_SP
15.14943,76.70789,304.23,0.43,0.38,2023-11-25,2018,N20,VIIRS,n,2,290.85,0.53,N,2,VIIRS_NOAA20_SP
15.1529,76.70844,303.54,0.43,0.38,2023-11-25,2018,N20,VIIRS,n,2,290.24,0.44,N,2,VIIRS_NOAA20_SP
15.16876,76.37836,306.33,0.44,0.38,2023-11-25,2018,N20,VIIRS,n,2,286.88,1.18,N,2,VIIRS_NOAA20_SP
15.16915,76.67045,306.71,0.43,0.38,2023-11-25,2018,N20,VIIRS,n,2,291.45,1.27,N,2,VIIRS_NOAA20_SP
15.17087,76.68289,304.88,0.43,0.38,2023-11-25,2018,N20,VIIRS,n,2,291.28,0.88,N,2,VIIRS_NOAA20_SP
15.17497,76.65508,306.84,0.43,0.38,2023-11-25,2018,N20,VIIRS,n,2,291.51,1.15,N,2,VIIRS_NOAA20_SP
15.17786,76.65958,306.71,0.43,0.38,2023-11-25,2018,N20,VIIRS,n,2,291.28,1.56,N,2,VIIRS_NOAA20_SP
15.17844,76.65561,315.77,0.43,0.38,2023-11-25,2018,N20,VIIRS,n,2,293.28,1.15,N,2,VIIRS_NOAA20_SP
15.17882,77.10205,308.5,0.41,0.37,2023-11-25,2018,N20,VIIRS,n,2,291.05,0.85,N,2,VIIRS_NOAA20_SP
15.17903,76.65163,303.33,0.43,0.38,2023-11-25,2018,N20,VIIRS,n,2,291.53,1.15,N,2,VIIRS_NOAA20_SP
15.17958,76.672,303.18,0.43,0.38,2023-11-25,2018,N20,VIIRS,n,2,291.19,0.89,N,2,VIIRS_NOAA20_SP
15.18427,76.64023,303.86,0.43,0.38,2023-11-25,2018,N20,VIIRS,n,2,291.99,0.9,N,2,VIIRS_NOAA20_SP
15.18775,76.64075,302.43,0.43,0.38,2023-11-25,2018,N20,VIIRS,n,2,290.7,0.9,N,2,VIIRS_NOAA20_SP
15.18965,77.09982,302.51,0.41,0.37,2023-11-25,2018,N20,VIIRS,n,2,290.81,0.51,N,0,VIIRS_NOAA20_SP
15.19751,76.37862,308.09,0.44,0.38,2023-11-25,2018,N20,VIIRS,n,2,289.03,1.18,N,2,VIIRS_NOAA20_SP
15.81343,74.97483,309.97,0.52,0.42,2023-11-25,2018,N20,VIIRS,n,2,283.79,1.05,N,0,VIIRS_NOAA20_SP
15.93416,75.47498,304.93,0.49,0.41,2023-11-25,2018,N20,VIIRS,n,2,277.8,0.88,N,0,VIIRS_NOAA20_SP
16.23615,75.40582,300.67,0.5,0.41,2023-11-25,2018,N20,VIIRS,n,2,281.37,0.71,N,0,VIIRS_NOAA20_SP
9.43633,77.0798,301.03,0.39,0.36,2023-11-25,2019,N20,VIIRS,n,2,288.22,0.15,N,0,VIIRS_NOAA20_SP
10.92288,77.06257,295.84,0.39,0.36,2023-11-25,2019,N20,VIIRS,n,2,276.94,0.84,N,2,VIIRS_NOAA20_SP
11.80886,77.92406,301.4,0.39,0.36,2023-11-25,2019,N20,VIIRS,n,2,289.24,0.89,N,2,VIIRS_NOAA20_SP
11.80941,77.92055,302.03,0.39,0.36,2023-11-25,2019,N20,VIIRS,n,2,289.42,0.89,N,2,VIIRS_NOAA20_SP
26.29339,96.5831,326.89,0.57,0.69,2023-11-26,548,N20,VIIRS,n,2,292.95,4.05,D,0,VIIRS_NOAA20_SP
27.83286,96.17267,347.72,0.56,0.69,2023-11-26,549,N20,VIIRS,n,2,295.87,7.79,D,0,VIIRS_NOAA20_SP
28.12431,95.4682,333.2,0.6,0.71,2023-11-26,549,N20,VIIRS,n,2,296.85,3.68,D,0,VIIRS_NOAA20_SP
28.12649,95.47045,327.32,0.6,0.71,2023-11-26,549,N20,VIIRS,n,2,295.35,4.56,D,0,VIIRS_NOAA20_SP
28.35009,97.077,355.64,0.48,0.65,2023-11-26,549,N20,VIIRS,n,2,291.81,8.02,D,0,VIIRS_NOAA20_SP
28.35141,97.0822,329.22,0.48,0.65,2023-11-26,549,N20,VIIRS,n,2,287.94,8.02,D,0,VIIRS_NOAA20_SP
16.57847,96.45129,329.52,0.37,0.58,2023-11-26,726,N20,VIIRS,n,2,279.68,2.18,D,0,VIIRS_NOAA20_SP
16.59451,96.39991,336.61,0.37,0.58,2023-11-26,726,N20,VIIRS,n,2,283.39,3.41,D,0,VIIRS_NOAA20_SP
16.59636,96.36799,329.01,0.37,0.58,2023-11-26,726,N20,VIIRS,n,2,278.39,2.16,D,0,VIIRS_NOAA20_SP
16.59675,96.37145,330.45,0.37,0.58,2023-11-26,726,N20,VIIRS,n,2,277.68,2.16,D,0,VIIRS_NOAA20_SP
16.64669,95.5666,326.05,0.33,0.55,2023-11-26,726,N20,VIIRS,n,2,284.63,3.17,D,0,VIIRS_NOAA20_SP
16.64969,96.58272,340.12,0.38,0.59,2023-11-26,726,N20,VIIRS,n,2,292.28,3.7,D,0,VIIRS_NOAA20_SP
16.68069,96.66734,328.06,0.39,0.59,2023-11-26,726,N20,VIIRS,n,2,289.59,2.78,D,0,VIIRS_NOAA20_SP
16.68109,96.46731,327.58,0.38,0.58,2023-11-26,726,N20,VIIRS,n,2,288.89,1.74,D,0,VIIRS_NOAA20_SP
16.70253,96.66495,335.75,0.39,0.59,2023-11-26,726,N20,VIIRS,n,2,291.02,1.18,D,0,VIIRS_NOAA20_SP
16.75658,95.50371,325.53,0.32,0.55,2023-11-26,726,N20,VIIRS,n,2,287.46,1.47,D,0,VIIRS_NOAA20_SP
16.92076,96.76941,334.49,0.4,0.6,2023-11-26,726,N20,VIIRS,n,2,290.5,2.74,D,0,VIIRS_NOAA20_SP
16.94615,94.93568,326.24,0.6,0.53,2023-11-26,726,N20,VIIRS,n,2,291.99,3.47,D,0,VIIRS_NOAA20_SP
16.94671,96.75153,328.57,0.4,0.6,2023-11-26,726,N20,VIIRS,n,2,286.8,1.71,D,0,VIIRS_NOAA20_SP
16.9468,94.94131,333.41,0.6,0.53,2023-11-26,726,N20,VIIRS,n,2,292.21,3.47,D,0,VIIRS_NOAA20_SP
16.96963,94.96723,329.02,0.6,0.53,2023-11-26,726,N20,VIIRS,n,2,295.26,1.74,D,0,VIIRS_NOAA20_SP
16.97225,94.96531,329.07,0.6,0.53,2023-11-26,726,N20,VIIRS,n,2,295.12,4.44,D,0,VIIRS_NOAA20_SP
17.17393,95.70622,336.12,0.34,0.56,2023-11-26,726,N20,VIIRS,n,2,281.01,2.73,D,0,VIIRS_NOAA20_SP
17.17725,95.70783,336.73,0.34,0.56,2023-11-26,726,N20,VIIRS,n,2,281.66,3.47,D,0,VIIRS_NOAA20_SP
17.22242,94.98214,328.66,0.61,0.53,2023-11-26,726,N20,VIIRS,n,2,298.08,5.42,D,0,VIIRS_NOAA20_SP
17.2531,96.84476,349.37,0.4,0.6,2023-11-26,726,N20,VIIRS,n,2,278.74,11.78,D,0,VIIRS_NOAA20_SP
17.2539,96.85239,339.06,0.41,0.6,2023-11-26,726,N20,VIIRS,n,2,278.94,5.03,D,0,VIIRS_NOAA20_SP
17.33803,96.85819,327.65,0.41,0.6,2023-11-26,726,N20,VIIRS,n,2,277.14,2.9,D,0,VIIRS_NOAA20_SP
17.3432,96.85376,333.55,0.41,0.6,2023-11-26,726,N20,VIIRS,n,2,276.83,4.37,D,0,VIIRS_NOAA20_SP
17.90219,95.4705,367.0,0.33,0.56,2023-11-26,726,N20,VIIRS,h,2,296.8,5.87,D,3,VIIRS_NOAA20_SP
18.10981,97.92548,326.56,0.49,0.65,2023-11-26,726,N20,VIIRS,n,2,292.97,2.88,D,0,VIIRS_NOAA20_SP
15.76064,78.16062,348.22,0.35,0.56,2023-11-26,727,N20,VIIRS,n,2,293.01,3.44,D,0,VIIRS_NOAA20_SP
15.76126,78.16381,333.51,0.35,0.56,2023-11-26,727,N20,VIIRS,n,2,290.51,3.44,D,0,VIIRS_NOAA20_SP
16.38117,77.39863,331.5,0.38,0.59,2023-11-26,727,N20,VIIRS,n,2,285.77,3.71,D,0,VIIRS_NOAA20_SP
16.38654,77.32505,331.37,0.38,0.59,2023-11-26,727,N20,VIIRS,n,2,291.2,2.4,D,0,VIIRS_NOAA20_SP
16.39038,77.38941,330.3,0.38,0.59,2023-11-26,727,N20,VIIRS,n,2,288.43,2.7,D,0,VIIRS_NOAA20_SP
16.44983,81.15051,350.09,0.43,0.46,2023-11-26,727,N20,VIIRS,n,2,296.54,11.43,D,0,VIIRS_NOAA20_SP
16.7125,77.13421,342.74,0.39,0.59,2023-11-26,727,N20,VIIRS,n,2,289.26,3.62,D,0,VIIRS_NOAA20_SP
16.76007,77.02721,348.71,0.39,0.6,2023-11-26,727,N20,VIIRS,n,2,294.81,4.51,D,0,VIIRS_NOAA20_SP
16.7633,77.02588,356.02,0.39,0.6,2023-11-26,727,N20,VIIRS,n,2,294.99,6.42,D,0,VIIRS_NOAA20_SP
16.76544,77.026,337.97,0.39,0.6,2023-11-26,727,N20,VIIRS,n,2,291.08,4.51,D,0,VIIRS_NOAA20_SP
16.81019,81.97635,327.7,0.57,0.43,2023-11-26,727,N20,VIIRS,n,2,290.07,3.94,D,0,VIIRS_NOAA20_SP
16.81686,81.99129,328.28,0.56,0.43,2023-11-26,727,N20,VIIRS,n,2,289.42,3.81,D,0,VIIRS_NOAA20_SP
16.87356,81.62378,333.83,0.39,0.44,2023-11-26,727,N20,VIIRS,n,2,295.67,3.07,D,0,VIIRS_NOAA20_SP
16.88428,81.61416,328.52,0.4,0.44,2023-11-26,727,N20,VIIRS,n,2,295.3,2.08,D,0,VIIRS_NOAA20_SP
16.99061,81.69382,328.94,0.39,0.44,2023-11-26,727,N20,VIIRS,n,2,295.23,2.43,D,0,VIIRS_NOAA20_SP
17.05624,81.70363,340.16,0.39,0.44,2023-11-26,727,N20,VIIRS,n,2,295.57,3.78,D,0,VIIRS_NOAA20_SP
17.06021,81.70287,340.45,0.39,0.44,2023-11-26,727,N20,VIIRS,n,2,295.41,4.37,D,0,VIIRS_NOAA20_SP
17.10541,81.74966,335.68,0.38,0.44,2023-11-26,727,N20,VIIRS,n,2,295.71,3.07,D,0,VIIRS_NOAA20_SP
17.55365,75.55959,346.81,0.47,0.64,2023-11-26,727,N20,VIIRS,n,2,294.24,5.5,D,0,VIIRS_NOAA20_SP
17.55843,75.55611,351.55,0.47,0.64,2023-11-26,727,N20,VIIRS,n,2,295.38,10.32,D,0,VIIRS_NOAA20_SP
17.55943,75.5582,339.6,0.47,0.64,2023-11-26,727,N20,VIIRS,n,2,294.68,4.95,D,0,VIIRS_NOAA20_SP
17.56531,75.53172,367.0,0.48,0.64,2023-11-26,727,N20,VIIRS,h,2,295.32,15.61,D,0,VIIRS_NOAA20_SP
17.68192,77.51045,353.18,0.35,0.57,2023-11-26,727,N20,VIIRS,n,2,296.54,5.38,D,0,VIIRS_NOAA20_SP
17.91185,78.3896,333.12,0.61,0.53,2023-11-26,727,N20,VIIRS,n,2,291.55,5.9,D,0,VIIRS_NOAA20_SP
17.95857,78.13294,331.34,0.63,0.54,2023-11-26,727,N20,VIIRS,n,2,294.11,9.49,D,0,VIIRS_NOAA20_SP
17.95975,78.13874,340.43,0.63,0.54,2023-11-26,727,N20,VIIRS,n,2,294.5,6.29,D,0,VIIRS_NOAA20_SP
17.96238,78.13385,344.24,0.63,0.54,2023-11-26,727,N20,VIIRS,n,2,292.45,7.3,D,0,VIIRS_NOAA20_SP
17.97596,95.27885,330.13,0.33,0.55,2023-11-26,727,N20,VIIRS,n,2,295.9,1.85,D,0,VIIRS_NOAA20_SP
18.04795,95.61689,331.42,0.34,0.56,2023-11-26,727,N20,VIIRS,n,2,290.8,2.63,D,0,VIIRS_NOAA20_SP
18.04829,95.62015,327.06,0.34,0.56,2023-11-26,727,N20,VIIRS,n,2,290.96,2.46,D,0,VIIRS_NOAA20_SP
18.09299,78.11544,329.48,0.63,0.54,2023-11-26,727,N20,VIIRS,n,2,294.08,3.69,D,0,VIIRS_NOAA20_SP
18.19368,74.02533,335.96,0.58,0.7,2023-11-26,727,N20,VIIRS,n,2,290.67,5.06,D,0,VIIRS_NOAA20_SP
18.21987,77.73155,335.56,0.33,0.55,2023-11-26,727,N20,VIIRS,n,2,295.47,3.24,D,0,VIIRS_NOAA20_SP
18.24529,80.5464,334.38,0.44,0.46,2023-11-26,727,N20,VIIRS,n,2,296.92,3.44,D,0,VIIRS_NOAA20_SP
18.2615,77.88688,338.86,0.32,0.55,2023-11-26,727,N20,VIIRS,n,2,294.67,3.75,D,0,VIIRS_NOAA20_SP
18.28987,83.66047,337.46,0.44,0.39,2023-11-26,727,N20,VIIRS,n,2,298.13,7.15,D,0,VIIRS_NOAA20_SP
18.30108,76.45345,330.07,0.4,0.6,2023-11-26,727,N20,VIIRS,n,2,292.92,2.33,D,0,VIIRS_NOAA20_SP
18.32542,95.51524,346.24,0.34,0.56,2023-11-26,727,N20,VIIRS,n,2,294.87,6.46,D,0,VIIRS_NOAA20_SP
18.32575,95.51846,350.67,0.34,0.56,2023-11-26,727,N20,VIIRS,n,2,294.11,6.56,D,0,VIIRS_NOAA20_SP
18.32878,95.5173,367.0,0.34,0.56,2023-11-26,727,N20,VIIRS,h,2,296.04,10.25,D,0,VIIRS_NOAA20_SP
18.38039,77.80864,329.95,0.32,0.55,2023-11-26,727,N20,VIIRS,n,2,294.85,5.13,D,0,VIIRS_NOAA20_SP
18.38325,77.69412,333.78,0.33,0.55,2023-11-26,727,N20,VIIRS,n,2,294.21,2.65,D,0,VIIRS_NOAA20_SP
18.40083,79.27672,329.28,0.52,0.5,2023-11-26,727,N20,VIIRS,n,2,296.32,4.53,D,0,VIIRS_NOAA20_SP
18.45598,77.79819,335.04,0.32,0.55,2023-11-26,727,N20,VIIRS,n,2,293.07,2.78,D,0,VIIRS_NOAA20_SP
18.45623,77.7973,340.81,0.32,0.55,2023-11-26,727,N20,VIIRS,n,2,293.28,3.58,D,0,VIIRS_NOAA20_SP
18.52014,77.93416,342.8,0.63,0.54,2023-11-26,727,N20,VIIRS,n,2,291.76,11.57,D,0,VIIRS_NOAA20_SP
18.55501,77.8258,332.98,0.32,0.55,2023-11-26,727,N20,VIIRS,n,2,294.68,2.52,D,0,VIIRS_NOAA20_SP
18.57245,79.47111,339.26,0.5,0.49,2023-11-26,727,N20,VIIRS,n,2,298.89,6.57,D,0,VIIRS_NOAA20_SP
18.59084,83.80737,331.02,0.44,0.38,2023-11-26,727,N20,VIIRS,n,2,298.21,4.27,D,0,VIIRS_NOAA20_SP
18.59433,83.80682,331.87,0.44,0.38,2023-11-26,727,N20,VIIRS,n,2,297.61,4.73,D,0,VIIRS_NOAA20_SP
18.62353,77.98262,332.33,0.63,0.54,2023-11-26,727,N20,VIIRS,n,2,295.76,7.03,D,0,VIIRS_NOAA20_SP
18.66224,79.25258,339.17,0.52,0.5,2023-11-26,727,N20,VIIRS,n,2,294.97,6.02,D,0,VIIRS_NOAA20_SP
18.6712,83.59391,329.27,0.44,0.39,2023-11-26,727,N20,VIIRS,n,2,296.48,2.16,D,0,VIIRS_NOAA20_SP
18.7953,83.90818,330.74,0.43,0.38,2023-11-26,727,N20,VIIRS,n,2,298.6,2.73,D,0,VIIRS_NOAA20_SP
18.83522,78.82481,330.07,0.55,0.51,2023-11-26,727,N20,VIIRS,n,2,293.39,3.48,D,0,VIIRS_NOAA20_SP
18.90401,83.8307,334.19,0.43,0.38,2023-11-26,727,N20,VIIRS,n,2,299.24,2.07,D,0,VIIRS_NOAA20_SP
18.90617,83.83357,329.54,0.43,0.38,2023-11-26,727,N20,VIIRS,n,2,298.61,1.2,D,0,VIIRS_NOAA20_SP
19.5751,84.94978,329.01,0.4,0.37,2023-11-26,727,N20,VIIRS,n,2,299.02,1.19,D,0,VIIRS_NOAA20_SP
19.71202,96.24907,344.78,0.4,0.6,2023-11-26,727,N20,VIIRS,n,2,294.2,3.81,D,0,VIIRS_NOAA20_SP
20.30319,94.82113,367.0,0.32,0.55,2023-11-26,727,N20,VIIRS,h,2,296.43,3.3,D,0,VIIRS_NOAA20_SP
20.30825,94.82056,339.57,0.32,0.55,2023-11-26,727,N20,VIIRS,n,2,295.21,3.3,D,0,VIIRS_NOAA20_SP
18.57651,72.24178,353.15,0.74,0.76,2023-11-26,728,N20,VIIRS,n,2,285.85,11.12,D,3,VIIRS_NOAA20_SP
19.29773,75.69351,349.27,0.43,0.62,2023-11-26,728,N20,VIIRS,n,2,291.11,6.74,D,0,VIIRS_NOAA20_SP
20.08064,80.64004,332.19,0.4,0.44,2023-11-26,728,N20,VIIRS,n,2,298.07,1.84,D,0,VIIRS_NOAA20_SP
20.38668,83.35784,344.64,0.43,0.38,2023-11-26,728,N20,VIIRS,n,2,299.98,3.17,D,0,VIIRS_NOAA20_SP
20.39016,83.3572,339.29,0.43,0.38,2023-11-26,728,N20,VIIRS,n,2,300.1,3.17,D,0,VIIRS_NOAA20_SP
20.39364,83.35656,336.69,0.43,0.38,2023-11-26,728,N20,VIIRS,n,2,299.17,3.69,D,0,VIIRS_NOAA20_SP
20.4123,85.75948,346.57,0.38,0.36,2023-11-26,728,N20,VIIRS,n,2,303.47,6.09,D,0,VIIRS_NOAA20_SP
20.53478,85.58431,328.42,0.39,0.36,2023-11-26,728,N20,VIIRS,n,2,301.79,2.38,D,0,VIIRS_NOAA20_SP
20.65651,80.57161,341.36,0.4,0.44,2023-11-26,728,N20,VIIRS,n,2,300.08,4.6,D,0,VIIRS_NOAA20_SP
20.73142,83.46354,349.53,0.43,0.38,2023-11-26,728,N20,VIIRS,n,2,300.72,7.5,D,0,VIIRS_NOAA20_SP
20.74495,84.31181,336.76,0.4,0.37,2023-11-26,728,N20,VIIRS,n,2,300.3,2.79,D,0,VIIRS_NOAA20_SP
20.78123,83.89008,346.12,0.41,0.37,2023-11-26,728,N20,VIIRS,n,2,301.97,5.77,D,0,VIIRS_NOAA20_SP
20.79299,85.25486,342.75,0.39,0.36,2023-11-26,728,N20,VIIRS,n,2,301.73,6.89,D,2,VIIRS_NOAA20_SP
20.80154,81.42613,334.6,0.53,0.42,2023-11-26,728,N20,VIIRS,n,2,301.41,4.77,D,0,VIIRS_NOAA20_SP
20.80677,85.25621,332.71,0.39,0.36,2023-11-26,728,N20,VIIRS,l,2,302.81,4.83,D,2,VIIRS_NOAA20_SP
20.8866,84.98369,331.81,0.39,0.36,2023-11-26,728,N20,VIIRS,n,2,297.85,2.37,D,2,VIIRS_NOAA20_SP
20.96086,85.17605,341.27,0.39,0.36,2023-11-26,728,N20,VIIRS,n,2,306.66,4.96,D,2,VIIRS_NOAA20_SP
20.96301,85.16806,338.13,0.39,0.36,2023-11-26,728,N20,VIIRS,n,2,307.71,3.09,D,2,VIIRS_NOAA20_SP
20.96359,85.17175,334.04,0.39,0.36,2023-11-26,728,N20,VIIRS,l,2,304.79,3.09,D,2,VIIRS_NOAA20_SP
20.96474,85.17916,337.23,0.39,0.36,2023-11-26,728,N20,VIIRS,l,2,307.58,4.96,D,2,VIIRS_NOAA20_SP
20.96682,85.01873,332.49,0.39,0.36,2023-11-26,728,N20,VIIRS,n,2,299.72,4.83,D,0,VIIRS_NOAA20_SP
20.96747,85.17487,330.82,0.39,0.36,2023-11-26,728,N20,VIIRS,l,2,305.33,2.93,D,2,VIIRS_NOAA20_SP
20.96891,82.02058,332.12,0.49,0.4,2023-11-26,728,N20,VIIRS,n,2,298.04,5.27,D,0,VIIRS_NOAA20_SP
20.96954,85.01443,335.03,0.39,0.36,2023-11-26,728,N20,VIIRS,n,2,303.1,3.39,D,0,VIIRS_NOAA20_SP
20.96972,82.02523,335.5,0.49,0.4,2023-11-26,728,N20,VIIRS,n,2,302.58,5.27,D,0,VIIRS_NOAA20_SP
20.97013,85.01814,331.49,0.39,0.36,2023-11-26,728,N20,VIIRS,n,2,300.29,3.39,D,0,VIIRS_NOAA20_SP
20.9702,85.17059,336.84,0.39,0.36,2023-11-26,728,N20,VIIRS,n,2,307.83,4.96,D,2,VIIRS_NOAA20_SP
20.97077,85.17429,337.65,0.39,0.36,2023-11-26,728,N20,VIIRS,n,2,308.28,2.93,D,2,VIIRS_NOAA20_SP
20.97134,85.17799,332.62,0.39,0.36,2023-11-26,728,N20,VIIRS,n,2,303.04,2.93,D,2,VIIRS_NOAA20_SP
20.97667,85.14639,329.07,0.39,0.36,2023-11-26,728,N20,VIIRS,l,2,303.14,1.7,D,2,VIIRS_NOAA20_SP
21.04107,82.52483,329.42,0.46,0.39,2023-11-26,728,N20,VIIRS,n,2,300.9,2.71,D,0,VIIRS_NOAA20_SP
21.07589,85.04134,333.55,0.39,0.36,2023-11-26,728,N20,VIIRS,l,2,304.07,3.63,D,2,VIIRS_NOAA20_SP
21.07648,85.04506,338.04,0.39,0.36,2023-11-26,728,N20,VIIRS,l,2,308.45,3.63,D,2,VIIRS_NOAA20_SP
21.09529,82.31395,330.13,0.47,0.4,2023-11-26,728,N20,VIIRS,n,2,300.81,2.83,D,0,VIIRS_NOAA20_SP
21.11097,80.95135,344.4,0.56,0.43,2023-11-26,728,N20,VIIRS,n,2,300.69,11.16,D,0,VIIRS_NOAA20_SP
21.11563,82.25886,333.34,0.48,0.4,2023-11-26,728,N20,VIIRS,n,2,302.2,2.68,D,0,VIIRS_NOAA20_SP
21.16791,83.50813,336.35,0.42,0.38,2023-11-26,728,N20,VIIRS,n,2,297.11,7.01,D,0,VIIRS_NOAA20_SP
21.17067,83.50348,344.23,0.42,0.38,2023-11-26,728,N20,VIIRS,n,2,300.49,6.5,D,0,VIIRS_NOAA20_SP
21.17133,83.50749,352.87,0.42,0.38,2023-11-26,728,N20,VIIRS,n,2,300.51,7.01,D,0,VIIRS_NOAA20_SP
21.2031,80.92448,339.74,0.56,0.43,2023-11-26,728,N20,VIIRS,n,2,300.42,6.34,D,0,VIIRS_NOAA20_SP
21.26012,83.49154,334.96,0.42,0.38,2023-11-26,728,N20,VIIRS,n,2,296.91,3.85,D,0,VIIRS_NOAA20_SP
21.26036,82.22334,329.55,0.47,0.4,2023-11-26,728,N20,VIIRS,l,2,299.91,2.63,D,0,VIIRS_NOAA20_SP
21.28032,83.07915,329.21,0.44,0.38,2023-11-26,728,N20,VIIRS,n,2,299.36,1.57,D,0,VIIRS_NOAA20_SP
21.33337,82.70431,330.34,0.45,0.39,2023-11-26,728,N20,VIIRS,n,2,299.04,2.71,D,0,VIIRS_NOAA20_SP
21.33749,81.0192,332.0,0.55,0.42,2023-11-26,728,N20,VIIRS,n,2,294.89,5.2,D,0,VIIRS_NOAA20_SP
21.4551,82.00428,336.38,0.48,0.4,2023-11-26,728,N20,VIIRS,n,2,302.15,5.43,D,0,VIIRS_NOAA20_SP
21.46604,81.95921,330.03,0.49,0.4,2023-11-26,728,N20,VIIRS,n,2,302.52,2.42,D,0,VIIRS_NOAA20_SP
21.50985,82.31583,330.76,0.47,0.39,2023-11-26,728,N20,VIIRS,n,2,301.96,2.3,D,0,VIIRS_NOAA20_SP
21.51247,82.53671,334.29,0.46,0.39,2023-11-26,728,N20,VIIRS,n,2,299.72,3.32,D,0,VIIRS_NOAA20_SP
21.52069,81.41253,334.54,0.52,0.41,2023-11-26,728,N20,VIIRS,n,2,300.97,3.29,D,0,VIIRS_NOAA20_SP
21.55422,81.94792,331.34,0.48,0.4,2023-11-26,728,N20,VIIRS,n,2,301.41,2.88,D,0,VIIRS_NOAA20_SP
21.58191,83.18469,329.86,0.43,0.38,2023-11-26,728,N20,VIIRS,l,2,300.85,4.69,D,0,VIIRS_NOAA20_SP
21.61851,83.19035,330.57,0.43,0.38,2023-11-26,728,N20,VIIRS,n,2,299.95,1.94,D,0,VIIRS_NOAA20_SP
21.63611,81.51288,335.47,0.51,0.41,2023-11-26,728,N20,VIIRS,n,2,299.63,4.18,D,0,VIIRS_NOAA20_SP
21.65789,81.80905,330.06,0.49,0.4,2023-11-26,728,N20,VIIRS,n,2,299.83,3.34,D,0,VIIRS_NOAA20_SP
21.67743,84.03813,336.29,0.4,0.37,2023-11-26,728,N20,VIIRS,n,2,305.41,6.41,D,2,VIIRS_NOAA20_SP
21.6784,81.57047,329.57,0.5,0.41,2023-11-26,728,N20,VIIRS,n,2,298.85,2.65,D,0,VIIRS_NOAA20_SP
21.68849,81.96114,329.92,0.48,0.4,2023-11-26,728,N20,VIIRS,n,2,303.11,2.4,D,0,VIIRS_NOAA20_SP
21.70983,96.20756,331.43,0.42,0.61,2023-11-26,728,N20,VIIRS,n,2,295.59,2.58,D,0,VIIRS_NOAA20_SP
21.7209,81.4416,334.41,0.51,0.41,2023-11-26,728,N20,VIIRS,n,2,294.53,9.2,D,0,VIIRS_NOAA20_SP
21.74029,81.63711,335.51,0.5,0.41,2023-11-26,728,N20,VIIRS,n,2,299.24,6.62,D,0,VIIRS_NOAA20_SP
21.76543,84.02578,327.31,0.4,0.37,2023-11-26,728,N20,VIIRS,l,2,300.77,4.03,D,2,VIIRS_NOAA20_SP
21.78545,81.87085,344.15,0.49,0.4,2023-11-26,728,N20,VIIRS,n,2,304.5,11.18,D,0,VIIRS_NOAA20_SP
21.82721,82.27947,341.62,0.46,0.39,2023-11-26,728,N20,VIIRS,n,2,301.52,4.91,D,0,VIIRS_NOAA20_SP
21.84109,81.86665,332.78,0.48,0.4,2023-11-26,728,N20,VIIRS,n,2,295.93,2.19,D,0,VIIRS_NOAA20_SP
21.84184,81.8691,334.0,0.49,0.4,2023-11-26,728,N20,VIIRS,n,2,296.35,2.62,D,0,VIIRS_NOAA20_SP
21.84333,81.9213,334.07,0.48,0.4,2023-11-26,728,N20,VIIRS,n,2,297.72,5.81,D,0,VIIRS_NOAA20_SP
21.91812,81.43134,333.73,0.51,0.41,2023-11-26,728,N20,VIIRS,n,2,301.48,5.09,D,0,VIIRS_NOAA20_SP
21.99401,79.59914,325.34,0.43,0.46,2023-11-26,728,N20,VIIRS,n,2,267.49,4.69,D,0,VIIRS_NOAA20_SP
21.99478,79.60318,339.73,0.43,0.46,2023-11-26,728,N20,VIIRS,n,2,270.24,4.69,D,0,VIIRS_NOAA20_SP
22.00459,94.86354,332.45,0.34,0.56,2023-11-26,728,N20,VIIRS,n,2,295.23,2.12,D,0,VIIRS_NOAA20_SP
22.04189,83.73502,349.58,0.41,0.37,2023-11-26,728,N20,VIIRS,n,2,306.67,8.15,D,2,VIIRS_NOAA20_SP
22.04252,83.73893,337.27,0.41,0.37,2023-11-26,728,N20,VIIRS,l,2,307.99,6.74,D,2,VIIRS_NOAA20_SP
22.04463,83.73045,334.75,0.41,0.37,2023-11-26,728,N20,VIIRS,n,2,304.59,5.31,D,2,VIIRS_NOAA20_SP
22.0526,88.12373,337.86,0.43,0.38,2023-11-26,728,N20,VIIRS,n,2,305.04,3.71,D,2,VIIRS_NOAA20_SP
22.05317,88.12785,335.13,0.43,0.38,2023-11-26,728,N20,VIIRS,n,2,304.66,2.3,D,2,VIIRS_NOAA20_SP
22.05505,88.12804,334.36,0.43,0.38,2023-11-26,728,N20,VIIRS,n,2,303.93,2.64,D,2,VIIRS_NOAA20_SP
22.05664,88.12731,329.57,0.43,0.38,2023-11-26,728,N20,VIIRS,l,2,303.2,2.3,D,2,VIIRS_NOAA20_SP
22.0649,88.1223,333.02,0.43,0.38,2023-11-26,728,N20,VIIRS,n,2,299.99,3.84,D,2,VIIRS_NOAA20_SP
22.10579,83.52337,334.98,0.41,0.37,2023-11-26,728,N20,VIIRS,n,2,308.73,4.74,D,0,VIIRS_NOAA20_SP
22.24659,87.38816,328.67,0.41,0.37,2023-11-26,728,N20,VIIRS,l,2,302.74,2.19,D,2,VIIRS_NOAA20_SP
22.27266,86.8585,331.99,0.4,0.37,2023-11-26,728,N20,VIIRS,n,2,298.53,3.86,D,0,VIIRS_NOAA20_SP
22.32895,82.65535,331.25,0.44,0.38,2023-11-26,728,N20,VIIRS,l,2,303.2,2.88,D,2,VIIRS_NOAA20_SP
22.46388,90.64264,296.94,0.57,0.43,2023-11-26,728,N20,VIIRS,l,2,297.08,0.05,D,0,VIIRS_NOAA20_SP
22.46852,90.64761,330.36,0.57,0.43,2023-11-26,728,N20,VIIRS,n,2,298.0,3.69,D,3,VIIRS_NOAA20_SP
22.58779,85.90769,330.94,0.39,0.36,2023-11-26,728,N20,VIIRS,n,2,302.31,3.12,D,2,VIIRS_NOAA20_SP
22.62657,97.28497,326.65,0.5,0.66,2023-11-26,728,N20,VIIRS,n,2,296.21,3.46,D,0,VIIRS_NOAA20_SP
22.6267,87.42837,335.86,0.41,0.37,2023-11-26,728,N20,VIIRS,n,2,302.79,4.65,D,0,VIIRS_NOAA20_SP
22.63146,97.2854,328.73,0.5,0.66,2023-11-26,728,N20,VIIRS,n,2,295.81,3.45,D,0,VIIRS_NOAA20_SP
22.6367,87.47549,341.98,0.41,0.37,2023-11-26,728,N20,VIIRS,n,2,301.24,4.32,D,0,VIIRS_NOAA20_SP
22.64931,87.44094,335.57,0.41,0.37,2023-11-26,728,N20,VIIRS,n,2,303.51,4.47,D,0,VIIRS_NOAA20_SP
22.65322,86.97982,329.93,0.4,0.37,2023-11-26,728,N20,VIIRS,l,2,300.48,2.11,D,0,VIIRS_NOAA20_SP
22.67051,87.54349,331.31,0.41,0.37,2023-11-26,728,N20,VIIRS,n,2,299.6,1.3,D,0,VIIRS_NOAA20_SP
22.69677,87.50658,334.19,0.41,0.37,2023-11-26,728,N20,VIIRS,n,2,301.92,2.2,D,0,VIIRS_NOAA20_SP
22.69872,87.39646,330.36,0.41,0.37,2023-11-26,728,N20,VIIRS,n,2,300.68,0.88,D,0,VIIRS_NOAA20_SP
22.70191,87.4935,332.08,0.41,0.37,2023-11-26,728,N20,VIIRS,n,2,300.29,2.3,D,0,VIIRS_NOAA20_SP
22.70444,86.98763,335.99,0.4,0.37,2023-11-26,728,N20,VIIRS,n,2,304.54,7.16,D,0,VIIRS_NOAA20_SP
22.7091,87.11797,332.4,0.4,0.37,2023-11-26,728,N20,VIIRS,n,2,301.43,2.23,D,0,VIIRS_NOAA20_SP
22.71148,87.53688,333.25,0.41,0.37,2023-11-26,728,N20,VIIRS,n,2,301.73,4.24,D,0,VIIRS_NOAA20_SP
22.72526,87.91631,330.41,0.43,0.38,2023-11-26,728,N20,VIIRS,l,2,304.32,2.43,D,0,VIIRS_NOAA20_SP
22.74404,87.5693,331.04,0.41,0.37,2023-11-26,728,N20,VIIRS,n,2,300.42,4.27,D,0,VIIRS_NOAA20_SP
22.76737,87.91388,334.08,0.43,0.38,2023-11-26,728,N20,VIIRS,n,2,304.3,8.93,D,0,VIIRS_NOAA20_SP
22.79143,87.53299,333.76,0.41,0.37,2023-11-26,728,N20,VIIRS,n,2,301.64,1.99,D,0,VIIRS_NOAA20_SP
22.79485,87.53244,333.02,0.41,0.37,2023-11-26,728,N20,VIIRS,n,2,301.36,1.75,D,0,VIIRS_NOAA20_SP
22.79727,88.00219,332.95,0.43,0.38,2023-11-26,728,N20,VIIRS,n,2,302.13,2.88,D,0,VIIRS_NOAA20_SP
22.79864,87.99876,332.68,0.43,0.38,2023-11-26,728,N20,VIIRS,n,2,301.83,3.13,D,0,VIIRS_NOAA20_SP
22.79916,87.89718,330.07,0.43,0.38,2023-11-26,728,N20,VIIRS,l,2,301.77,3.32,D,0,VIIRS_NOAA20_SP
22.80656,87.61689,329.87,0.42,0.37,2023-11-26,728,N20,VIIRS,n,2,301.43,2.15,D,0,VIIRS_NOAA20_SP
22.80923,94.07007,339.91,0.62,0.54,2023-11-26,728,N20,VIIRS,n,2,298.48,9.55,D,0,VIIRS_NOAA20_SP
22.82178,87.42593,332.91,0.41,0.37,2023-11-26,728,N20,VIIRS,n,2,301.16,2.23,D,0,VIIRS_NOAA20_SP
22.82386,87.54005,330.92,0.41,0.37,2023-11-26,728,N20,VIIRS,n,2,299.82,1.18,D,0,VIIRS_NOAA20_SP
22.83627,87.60387,334.68,0.42,0.37,2023-11-26,728,N20,VIIRS,n,2,302.49,2.33,D,0,VIIRS_NOAA20_SP
22.83826,87.21715,330.02,0.41,0.37,2023-11-26,728,N20,VIIRS,n,2,299.18,1.87,D,0,VIIRS_NOAA20_SP
22.86053,87.47711,333.37,0.41,0.37,2023-11-26,728,N20,VIIRS,n,2,301.64,2.77,D,0,VIIRS_NOAA20_SP
22.86274,88.05255,336.96,0.43,0.38,2023-11-26,728,N20,VIIRS,n,2,302.86,3.83,D,0,VIIRS_NOAA20_SP
22.86649,87.19646,329.78,0.41,0.37,2023-11-26,728,N20,VIIRS,n,2,299.75,1.84,D,0,VIIRS_NOAA20_SP
22.8729,87.34075,330.36,0.41,0.37,2023-11-26,728,N20,VIIRS,n,2,302.2,2.25,D,0,VIIRS_NOAA20_SP
22.87358,87.62299,333.12,0.42,0.37,2023-11-26,728,N20,VIIRS,n,2,301.98,1.87,D,0,VIIRS_NOAA20_SP
22.87801,87.65542,332.57,0.42,0.38,2023-11-26,728,N20,VIIRS,n,2,301.63,2.18,D,0,VIIRS_NOAA20_SP
22.88198,87.33117,334.09,0.41,0.37,2023-11-26,728,N20,VIIRS,n,2,301.52,2.92,D,0,VIIRS_NOAA20_SP
22.88963,87.43562,331.79,0.41,0.37,2023-11-26,728,N20,VIIRS,l,2,302.57,2.07,D,0,VIIRS_NOAA20_SP
22.89375,87.71932,333.45,0.42,0.38,2023-11-26,728,N20,VIIRS,n,2,301.02,2.56,D,0,VIIRS_NOAA20_SP
22.9034,92.04546,335.6,0.46,0.47,2023-11-26,728,N20,VIIRS,n,2,299.4,4.4,D,0,VIIRS_NOAA20_SP
22.9039,92.05002,329.54,0.46,0.47,2023-11-26,728,N20,VIIRS,n,2,298.3,4.4,D,0,VIIRS_NOAA20_SP
22.92633,87.90716,339.98,0.43,0.38,2023-11-26,728,N20,VIIRS,n,2,305.07,6.51,D,0,VIIRS_NOAA20_SP
22.92744,87.5566,335.55,0.42,0.37,2023-11-26,728,N20,VIIRS,n,2,301.69,2.85,D,0,VIIRS_NOAA20_SP
22.93761,87.60451,335.05,0.42,0.37,2023-11-26,728,N20,VIIRS,n,2,301.45,2.9,D,0,VIIRS_NOAA20_SP
22.94004,87.52168,338.44,0.41,0.37,2023-11-26,728,N20,VIIRS,n,2,302.59,2.66,D,0,VIIRS_NOAA20_SP
22.94741,88.25136,331.96,0.44,0.38,2023-11-26,728,N20,VIIRS,n,2,302.26,3.13,D,0,VIIRS_NOAA20_SP
22.95025,88.00529,333.22,0.43,0.38,2023-11-26,728,N20,VIIRS,n,2,302.78,3.87,D,0,VIIRS_NOAA20_SP
22.96393,88.34944,336.24,0.44,0.39,2023-11-26,728,N20,VIIRS,n,2,305.63,8.65,D,0,VIIRS_NOAA20_SP
22.99,87.60508,334.79,0.42,0.37,2023-11-26,728,N20,VIIRS,n,2,302.1,4.48,D,0,VIIRS_NOAA20_SP
22.99721,88.01073,332.37,0.43,0.38,2023-11-26,728,N20,VIIRS,l,2,302.88,3.08,D,0,VIIRS_NOAA20_SP
22.99721,88.24798,333.06,0.44,0.38,2023-11-26,728,N20,VIIRS,n,2,303.44,2.43,D,0,VIIRS_NOAA20_SP
22.99942,88.29131,334.19,0.44,0.38,2023-11-26,728,N20,VIIRS,n,2,302.76,3.93,D,0,VIIRS_NOAA20_SP
23.00352,88.29505,331.88,0.44,0.38,2023-11-26,728,N20,VIIRS,n,2,301.25,1.6,D,0,VIIRS_NOAA20_SP
23.00396,87.52853,335.46,0.41,0.37,2023-11-26,728,N20,VIIRS,n,2,300.96,4.28,D,0,VIIRS_NOAA20_SP
23.01721,87.47296,329.77,0.41,0.37,2023-11-26,728,N20,VIIRS,n,2,303.25,1.61,D,0,VIIRS_NOAA20_SP
23.02393,87.52122,333.21,0.41,0.37,2023-11-26,728,N20,VIIRS,n,2,302.04,3.08,D,0,VIIRS_NOAA20_SP
23.04493,87.57145,333.12,0.42,0.37,2023-11-26,728,N20,VIIRS,n,2,300.56,2.99,D,0,VIIRS_NOAA20_SP
23.07263,88.29873,330.32,0.44,0.39,2023-11-26,728,N20,VIIRS,n,2,301.94,2.64,D,0,VIIRS_NOAA20_SP
23.14259,87.98528,330.51,0.43,0.38,2023-11-26,728,N20,VIIRS,n,2,303.0,2.04,D,0,VIIRS_NOAA20_SP
23.1831,88.50357,330.74,0.45,0.39,2023-11-26,728,N20,VIIRS,l,2,304.16,2.56,D,0,VIIRS_NOAA20_SP
23.26359,87.63673,333.35,0.42,0.38,2023-11-26,728,N20,VIIRS,n,2,301.07,2.3,D,0,VIIRS_NOAA20_SP
23.38576,83.33265,330.47,0.41,0.37,2023-11-26,728,N20,VIIRS,l,2,301.44,1.19,D,0,VIIRS_NOAA20_SP
23.5158,90.11155,339.55,0.55,0.42,2023-11-26,728,N20,VIIRS,n,2,304.85,8.83,D,3,VIIRS_NOAA20_SP
23.52224,87.77441,334.01,0.43,0.38,2023-11-26,728,N20,VIIRS,n,2,302.95,4.33,D,0,VIIRS_NOAA20_SP
23.52377,87.77357,337.2,0.43,0.38,2023-11-26,728,N20,VIIRS,n,2,302.73,3.51,D,0,VIIRS_NOAA20_SP
23.5576,87.23949,342.66,0.41,0.37,2023-11-26,728,N20,VIIRS,n,2,304.13,7.9,D,2,VIIRS_NOAA20_SP
23.55824,87.2401,355.63,0.41,0.37,2023-11-26,728,N20,VIIRS,n,2,303.86,7.3,D,2,VIIRS_NOAA20_SP
23.56187,87.83206,336.06,0.43,0.38,2023-11-26,728,N20,VIIRS,n,2,301.32,3.15,D,0,VIIRS_NOAA20_SP
23.59977,87.71964,330.38,0.43,0.38,2023-11-26,728,N20,VIIRS,l,2,301.88,3.23,D,0,VIIRS_NOAA20_SP
23.6377,89.65268,332.94,0.52,0.41,2023-11-26,728,N20,VIIRS,n,2,302.17,4.34,D,0,VIIRS_NOAA20_SP
23.66718,86.42129,329.65,0.39,0.36,2023-11-26,728,N20,VIIRS,l,2,304.08,2.73,D,2,VIIRS_NOAA20_SP
23.68122,86.09471,334.63,0.39,0.36,2023-11-26,728,N20,VIIRS,n,2,301.81,6.21,D,2,VIIRS_NOAA20_SP
23.68388,86.39489,342.32,0.39,0.36,2023-11-26,728,N20,VIIRS,n,2,306.35,4.52,D,2,VIIRS_NOAA20_SP
23.68818,87.12043,330.45,0.41,0.37,2023-11-26,728,N20,VIIRS,l,2,305.0,4.08,D,2,VIIRS_NOAA20_SP
23.689,90.26073,330.11,0.56,0.43,2023-11-26,728,N20,VIIRS,n,2,303.6,3.12,D,0,VIIRS_NOAA20_SP
23.69213,87.12385,331.35,0.41,0.37,2023-11-26,728,N20,VIIRS,n,2,306.05,4.42,D,2,VIIRS_NOAA20_SP
23.75661,86.40212,334.19,0.39,0.36,2023-11-26,728,N20,VIIRS,l,2,306.07,4.86,D,2,VIIRS_NOAA20_SP
23.75716,86.40596,334.94,0.39,0.36,2023-11-26,728,N20,VIIRS,n,2,306.9,3.15,D,2,VIIRS_NOAA20_SP
23.75756,85.85287,332.28,0.39,0.36,2023-11-26,728,N20,VIIRS,l,2,305.04,3.06,D,2,VIIRS_NOAA20_SP
23.75994,86.40157,347.97,0.39,0.36,2023-11-26,728,N20,VIIRS,n,2,310.05,7.4,D,2,VIIRS_NOAA20_SP
23.77413,86.38733,333.43,0.39,0.36,2023-11-26,728,N20,VIIRS,l,2,305.33,3.3,D,2,VIIRS_NOAA20_SP
23.77468,86.39117,336.49,0.39,0.36,2023-11-26,728,N20,VIIRS,n,2,306.4,3.3,D,2,VIIRS_NOAA20_SP
23.77801,86.39059,338.28,0.39,0.36,2023-11-26,728,N20,VIIRS,l,2,309.74,6.13,D,2,VIIRS_NOAA20_SP
23.77856,86.39445,339.89,0.39,0.36,2023-11-26,728,N20,VIIRS,l,2,314.35,4.82,D,2,VIIRS_NOAA20_SP
23.77863,86.34734,340.61,0.39,0.36,2023-11-26,728,N20,VIIRS,n,2,306.12,3.82,D,2,VIIRS_NOAA20_SP
23.77874,86.2064,343.82,0.39,0.36,2023-11-26,728,N20,VIIRS,n,2,309.33,4.97,D,2,VIIRS_NOAA20_SP
23.78189,86.39388,341.9,0.39,0.36,2023-11-26,728,N20,VIIRS,n,2,310.04,4.82,D,2,VIIRS_NOAA20_SP
23.78261,86.20963,335.64,0.39,0.36,2023-11-26,728,N20,VIIRS,l,2,305.69,4.97,D,2,VIIRS_NOAA20_SP
23.78696,86.33414,334.72,0.39,0.36,2023-11-26,728,N20,VIIRS,l,2,309.45,4.61,D,2,VIIRS_NOAA20_SP
23.79305,86.35272,341.8,0.39,0.36,2023-11-26,728,N20,VIIRS,n,2,308.6,3.95,D,2,VIIRS_NOAA20_SP
23.80361,86.33129,343.48,0.39,0.36,2023-11-26,728,N20,VIIRS,n,2,310.24,8.42,D,2,VIIRS_NOAA20_SP
24.41664,89.38495,331.93,0.51,0.41,2023-11-26,728,N20,VIIRS,n,2,302.94,4.58,D,0,VIIRS_NOAA20_SP
24.7181,97.40205,331.78,0.53,0.67,2023-11-26,728,N20,VIIRS,n,2,296.52,3.79,D,0,VIIRS_NOAA20_SP
24.71996,97.40257,332.95,0.53,0.67,2023-11-26,728,N20,VIIRS,n,2,296.15,3.88,D,0,VIIRS_NOAA20_SP
24.73853,94.05453,327.09,0.33,0.55,2023-11-26,728,N20,VIIRS,n,2,297.75,1.27,D,0,VIIRS_NOAA20_SP
23.31063,79.90873,332.83,0.39,0.44,2023-11-26,729,N20,VIIRS,n,2,267.01,4.4,D,0,VIIRS_NOAA20_SP
23.35883,79.99114,326.37,0.39,0.44,2023-11-26,729,N20,VIIRS,n,2,271.19,2.24,D,0,VIIRS_NOAA20_SP
23.36216,79.90891,331.94,0.39,0.44,2023-11-26,729,N20,VIIRS,n,2,272.83,2.37,D,0,VIIRS_NOAA20_SP
23.40644,79.9689,330.8,0.39,0.44,2023-11-26,729,N20,VIIRS,n,2,272.42,2.84,D,0,VIIRS_NOAA20_SP
23.45802,80.00371,325.77,0.38,0.43,2023-11-26,729,N20,VIIRS,n,2,269.39,1.75,D,0,VIIRS_NOAA20_SP
24.82563,85.06776,332.2,0.38,0.36,2023-11-26,729,N20,VIIRS,n,2,301.11,1.82,D,0,VIIRS_NOAA20_SP
24.85205,85.33432,340.23,0.39,0.36,2023-11-26,729,N20,VIIRS,n,2,300.68,4.15,D,0,VIIRS_NOAA20_SP
24.86751,85.09892,330.43,0.38,0.36,2023-11-26,729,N20,VIIRS,n,2,299.65,0.87,D,0,VIIRS_NOAA20_SP
24.94891,83.62962,328.57,0.39,0.37,2023-11-26,729,N20,VIIRS,n,2,297.54,1.45,D,0,VIIRS_NOAA20_SP
24.96807,81.52579,339.4,0.46,0.39,2023-11-26,729,N20,VIIRS,n,2,291.27,6.62,D,0,VIIRS_NOAA20_SP
24.96843,81.46523,328.73,0.46,0.39,2023-11-26,729,N20,VIIRS,n,2,289.76,2.04,D,0,VIIRS_NOAA20_SP
24.98105,81.62005,329.81,0.45,0.39,2023-11-26,729,N20,VIIRS,n,2,293.43,2.42,D,0,VIIRS_NOAA20_SP
24.99354,83.91047,343.21,0.39,0.36,2023-11-26,729,N20,VIIRS,n,2,299.52,4.21,D,0,VIIRS_NOAA20_SP
24.99668,83.76001,328.74,0.39,0.36,2023-11-26,729,N20,VIIRS,n,2,298.82,1.72,D,0,VIIRS_NOAA20_SP
25.0013,83.70356,330.86,0.39,0.36,2023-11-26,729,N20,VIIRS,n,2,298.05,2.8,D,0,VIIRS_NOAA20_SP
25.00883,83.55862,330.72,0.4,0.37,2023-11-26,729,N20,VIIRS,n,2,297.72,3.05,D,0,VIIRS_NOAA20_SP
25.01765,81.59854,328.59,0.45,0.39,2023-11-26,729,N20,VIIRS,n,2,292.04,2.18,D,0,VIIRS_NOAA20_SP
25.0233,92.0626,339.97,0.49,0.49,2023-11-26,729,N20,VIIRS,n,2,301.84,3.71,D,0,VIIRS_NOAA20_SP
25.02754,84.01818,336.69,0.39,0.36,2023-11-26,729,N20,VIIRS,n,2,300.66,7.66,D,0,VIIRS_NOAA20_SP
25.03059,83.95108,335.45,0.39,0.36,2023-11-26,729,N20,VIIRS,n,2,298.43,2.71,D,0,VIIRS_NOAA20_SP
25.03274,83.9861,330.67,0.39,0.36,2023-11-26,729,N20,VIIRS,n,2,298.88,2.86,D,0,VIIRS_NOAA20_SP
25.04139,83.93326,335.3,0.39,0.36,2023-11-26,729,N20,VIIRS,n,2,297.23,3.03,D,0,VIIRS_NOAA20_SP
25.04436,83.90903,337.84,0.39,0.36,2023-11-26,729,N20,VIIRS,n,2,299.33,5.0,D,0,VIIRS_NOAA20_SP
25.05725,83.8829,331.96,0.39,0.36,2023-11-26,729,N20,VIIRS,n,2,297.23,1.52,D,0,VIIRS_NOAA20_SP
25.05844,83.63283,328.91,0.39,0.36,2023-11-26,729,N20,VIIRS,n,2,299.0,4.69,D,0,VIIRS_NOAA20_SP
25.05906,83.63669,332.31,0.39,0.36,2023-11-26,729,N20,VIIRS,n,2,299.95,4.69,D,0,VIIRS_NOAA20_SP
25.06177,83.63218,331.86,0.39,0.36,2023-11-26,729,N20,VIIRS,n,2,299.18,4.69,D,0,VIIRS_NOAA20_SP
25.06238,83.63605,331.48,0.39,0.36,2023-11-26,729,N20,VIIRS,n,2,297.58,4.69,D,0,VIIRS_NOAA20_SP
25.06661,81.71188,337.46,0.45,0.39,2023-11-26,729,N20,VIIRS,n,2,295.19,5.59,D,0,VIIRS_NOAA20_SP
25.06867,83.86887,328.84,0.39,0.36,2023-11-26,729,N20,VIIRS,n,2,297.72,2.69,D,0,VIIRS_NOAA20_SP
25.08672,81.68198,327.17,0.45,0.39,2023-11-26,729,N20,VIIRS,n,2,293.21,2.44,D,0,VIIRS_NOAA20_SP
25.08673,81.68027,328.87,0.45,0.39,2023-11-26,729,N20,VIIRS,n,2,293.73,1.48,D,0,VIIRS_NOAA20_SP
25.09703,83.96204,330.74,0.39,0.36,2023-11-26,729,N20,VIIRS,n,2,298.88,2.61,D,0,VIIRS_NOAA20_SP
25.10902,84.42939,329.8,0.39,0.36,2023-11-26,729,N20,VIIRS,n,2,302.25,1.38,D,0,VIIRS_NOAA20_SP
25.1111,83.85679,333.05,0.39,0.36,2023-11-26,729,N20,VIIRS,n,2,300.08,3.17,D,0,VIIRS_NOAA20_SP
25.11146,83.96716,331.34,0.39,0.36,2023-11-26,729,N20,VIIRS,n,2,298.43,10.75,D,0,VIIRS_NOAA20_SP
25.11655,83.76479,337.36,0.39,0.36,2023-11-26,729,N20,VIIRS,n,2,300.94,4.3,D,0,VIIRS_NOAA20_SP
25.11949,83.74043,329.34,0.39,0.36,2023-11-26,729,N20,VIIRS,n,2,300.16,2.34,D,0,VIIRS_NOAA20_SP
25.11987,83.76415,336.59,0.39,0.36,2023-11-26,729,N20,VIIRS,n,2,299.65,2.86,D,0,VIIRS_NOAA20_SP
25.12034,83.7244,329.27,0.39,0.36,2023-11-26,729,N20,VIIRS,n,2,299.75,1.99,D,0,VIIRS_NOAA20_SP
25.12063,83.64085,331.13,0.39,0.36,2023-11-26,729,N20,VIIRS,n,2,298.99,1.63,D,0,VIIRS_NOAA20_SP
25.12085,83.62087,330.23,0.39,0.36,2023-11-26,729,N20,VIIRS,n,2,299.52,1.87,D,0,VIIRS_NOAA20_SP
25.12709,83.59573,328.8,0.39,0.37,2023-11-26,729,N20,VIIRS,n,2,298.7,1.53,D,0,VIIRS_NOAA20_SP
25.12887,84.03464,333.5,0.39,0.36,2023-11-26,729,N20,VIIRS,n,2,298.84,2.16,D,0,VIIRS_NOAA20_SP
25.13353,83.42222,331.52,0.4,0.37,2023-11-26,729,N20,VIIRS,n,2,296.26,3.31,D,0,VIIRS_NOAA20_SP
25.14079,83.98127,334.09,0.39,0.36,2023-11-26,729,N20,VIIRS,n,2,299.54,3.12,D,0,VIIRS_NOAA20_SP
25.14619,83.97237,332.71,0.39,0.36,2023-11-26,729,N20,VIIRS,n,2,300.55,4.39,D,0,VIIRS_NOAA20_SP
25.15999,83.50137,338.12,0.4,0.37,2023-11-26,729,N20,VIIRS,n,2,299.08,3.42,D,0,VIIRS_NOAA20_SP
25.16045,85.3993,339.02,0.39,0.36,2023-11-26,729,N20,VIIRS,n,2,300.02,3.35,D,0,VIIRS_NOAA20_SP
25.1681,83.76676,332.42,0.39,0.36,2023-11-26,729,N20,VIIRS,n,2,298.83,7.11,D,0,VIIRS_NOAA20_SP
25.17142,83.76612,340.11,0.39,0.36,2023-11-26,729,N20,VIIRS,n,2,300.97,7.11,D,0,VIIRS_NOAA20_SP
25.17186,83.43133,329.71,0.4,0.37,2023-11-26,729,N20,VIIRS,n,2,297.69,1.76,D,0,VIIRS_NOAA20_SP
25.1857,83.83461,331.74,0.39,0.36,2023-11-26,729,N20,VIIRS,n,2,299.52,12.19,D,0,VIIRS_NOAA20_SP
25.19028,83.88509,330.66,0.39,0.36,2023-11-26,729,N20,VIIRS,n,2,296.72,2.47,D,0,VIIRS_NOAA20_SP
25.19153,83.93614,349.58,0.39,0.36,2023-11-26,729,N20,VIIRS,n,2,299.04,5.54,D,0,VIIRS_NOAA20_SP
25.1942,83.46311,329.37,0.4,0.37,2023-11-26,729,N20,VIIRS,n,2,297.63,2.15,D,0,VIIRS_NOAA20_SP
25.19684,83.84037,336.53,0.39,0.36,2023-11-26,729,N20,VIIRS,n,2,299.95,3.18,D,0,VIIRS_NOAA20_SP
25.20294,83.45338,329.48,0.4,0.37,2023-11-26,729,N20,VIIRS,n,2,297.55,2.46,D,0,VIIRS_NOAA20_SP
25.20887,83.83016,352.01,0.39,0.36,2023-11-26,729,N20,VIIRS,n,2,299.58,5.77,D,0,VIIRS_NOAA20_SP
25.21763,83.86405,332.08,0.39,0.36,2023-11-26,729,N20,VIIRS,n,2,299.01,3.2,D,0,VIIRS_NOAA20_SP
25.2267,83.77171,331.45,0.39,0.36,2023-11-26,729,N20,VIIRS,n,2,299.74,3.44,D,0,VIIRS_NOAA20_SP
25.23271,83.76659,338.84,0.39,0.36,2023-11-26,729,N20,VIIRS,n,2,298.57,3.83,D,0,VIIRS_NOAA20_SP
25.23553,83.80564,338.85,0.39,0.36,2023-11-26,729,N20,VIIRS,n,2,299.88,3.53,D,0,VIIRS_NOAA20_SP
25.23811,83.99418,334.04,0.39,0.36,2023-11-26,729,N20,VIIRS,n,2,299.48,4.04,D,0,VIIRS_NOAA20_SP
25.2424,83.78453,337.36,0.39,0.36,2023-11-26,729,N20,VIIRS,n,2,299.58,3.07,D,0,VIIRS_NOAA20_SP
25.24301,83.78837,329.2,0.39,0.36,2023-11-26,729,N20,VIIRS,n,2,298.57,2.14,D,0,VIIRS_NOAA20_SP
25.24337,83.70502,333.46,0.39,0.36,2023-11-26,729,N20,VIIRS,n,2,298.41,2.71,D,0,VIIRS_NOAA20_SP
25.24976,83.72365,334.98,0.39,0.36,2023-11-26,729,N20,VIIRS,n,2,299.26,4.15,D,0,VIIRS_NOAA20_SP
25.26096,83.87981,333.24,0.39,0.36,2023-11-26,729,N20,VIIRS,n,2,297.05,1.8,D,0,VIIRS_NOAA20_SP
25.26405,83.94232,333.26,0.39,0.36,2023-11-26,729,N20,VIIRS,n,2,298.85,2.34,D,0,VIIRS_NOAA20_SP
25.2656,83.67291,337.51,0.39,0.36,2023-11-26,729,N20,VIIRS,n,2,300.71,3.4,D,0,VIIRS_NOAA20_SP
25.27197,92.04783,339.01,0.5,0.49,2023-11-26,729,N20,VIIRS,n,2,297.95,6.48,D,0,VIIRS_NOAA20_SP
25.27219,83.97228,329.9,0.39,0.36,2023-11-26,729,N20,VIIRS,n,2,298.35,2.44,D,0,VIIRS_NOAA20_SP
25.27647,83.80569,329.07,0.39,0.36,2023-11-26,729,N20,VIIRS,l,2,299.68,2.63,D,0,VIIRS_NOAA20_SP
25.28336,83.78457,331.55,0.39,0.36,2023-11-26,729,N20,VIIRS,n,2,299.65,3.88,D,0,VIIRS_NOAA20_SP
25.28561,83.71275,337.8,0.39,0.36,2023-11-26,729,N20,VIIRS,n,2,297.85,4.44,D,0,VIIRS_NOAA20_SP
25.28937,83.77946,333.32,0.39,0.36,2023-11-26,729,N20,VIIRS,n,2,299.88,3.46,D,0,VIIRS_NOAA20_SP
25.29039,85.31393,334.58,0.39,0.36,2023-11-26,729,N20,VIIRS,n,2,300.66,2.48,D,0,VIIRS_NOAA20_SP
25.2935,83.9564,334.76,0.39,0.36,2023-11-26,729,N20,VIIRS,n,2,299.19,2.46,D,0,VIIRS_NOAA20_SP
25.29621,83.95194,332.25,0.39,0.36,2023-11-26,729,N20,VIIRS,n,2,299.16,2.46,D,0,VIIRS_NOAA20_SP
25.29779,85.61789,333.0,0.39,0.36,2023-11-26,729,N20,VIIRS,n,2,302.04,1.95,D,0,VIIRS_NOAA20_SP
25.30079,83.76537,345.57,0.39,0.36,2023-11-26,729,N20,VIIRS,n,2,300.17,5.77,D,0,VIIRS_NOAA20_SP
25.30611,83.71277,331.03,0.39,0.36,2023-11-26,729,N20,VIIRS,n,2,298.23,1.35,D,0,VIIRS_NOAA20_SP
25.30688,83.8038,341.03,0.39,0.36,2023-11-26,729,N20,VIIRS,n,2,300.05,5.59,D,0,VIIRS_NOAA20_SP
25.31957,85.19172,331.8,0.38,0.36,2023-11-26,729,N20,VIIRS,n,2,301.58,1.7,D,0,VIIRS_NOAA20_SP
25.32947,85.0069,332.24,0.38,0.36,2023-11-26,729,N20,VIIRS,n,2,301.23,2.01,D,0,VIIRS_NOAA20_SP
25.34588,84.18208,331.35,0.39,0.36,2023-11-26,729,N20,VIIRS,n,2,299.95,1.45,D,0,VIIRS_NOAA20_SP
25.35023,83.73542,345.82,0.39,0.36,2023-11-26,729,N20,VIIRS,n,2,302.32,10.68,D,0,VIIRS_NOAA20_SP
25.35046,85.14712,332.16,0.38,0.36,2023-11-26,729,N20,VIIRS,n,2,301.54,2.42,D,0,VIIRS_NOAA20_SP
25.35275,85.52965,335.2,0.39,0.36,2023-11-26,729,N20,VIIRS,n,2,302.34,4.65,D,0,VIIRS_NOAA20_SP
25.36086,83.93107,343.98,0.39,0.36,2023-11-26,729,N20,VIIRS,n,2,299.83,9.0,D,0,VIIRS_NOAA20_SP
25.36621,88.43885,330.53,0.47,0.4,2023-11-26,729,N20,VIIRS,l,2,302.16,1.59,D,0,VIIRS_NOAA20_SP
25.37055,88.18416,332.95,0.46,0.39,2023-11-26,729,N20,VIIRS,n,2,305.46,2.03,D,0,VIIRS_NOAA20_SP
25.37491,85.56497,331.84,0.39,0.36,2023-11-26,729,N20,VIIRS,l,2,302.54,3.0,D,0,VIIRS_NOAA20_SP
25.37956,85.45824,330.32,0.39,0.36,2023-11-26,729,N20,VIIRS,l,2,303.89,5.63,D,0,VIIRS_NOAA20_SP
25.38343,85.46148,339.55,0.39,0.36,2023-11-26,729,N20,VIIRS,n,2,301.46,5.63,D,0,VIIRS_NOAA20_SP
25.38673,85.46089,345.62,0.39,0.36,2023-11-26,729,N20,VIIRS,n,2,302.2,5.38,D,0,VIIRS_NOAA20_SP
25.40025,84.02982,331.61,0.39,0.36,2023-11-26,729,N20,VIIRS,n,2,299.61,3.35,D,0,VIIRS_NOAA20_SP
25.40337,85.50499,331.42,0.39,0.36,2023-11-26,729,N20,VIIRS,l,2,302.58,1.49,D,0,VIIRS_NOAA20_SP
25.41553,85.08469,331.29,0.38,0.36,2023-11-26,729,N20,VIIRS,n,2,300.08,1.57,D,0,VIIRS_NOAA20_SP
25.4371,85.11222,332.61,0.38,0.36,2023-11-26,729,N20,VIIRS,n,2,301.6,3.4,D,0,VIIRS_NOAA20_SP
25.44256,85.10345,330.65,0.38,0.36,2023-11-26,729,N20,VIIRS,n,2,300.33,1.59,D,0,VIIRS_NOAA20_SP
25.44516,83.79684,329.84,0.39,0.36,2023-11-26,729,N20,VIIRS,n,2,298.18,1.38,D,0,VIIRS_NOAA20_SP
25.4768,84.5668,330.24,0.38,0.36,2023-11-26,729,N20,VIIRS,n,2,299.12,2.28,D,0,VIIRS_NOAA20_SP
25.50872,81.28312,336.18,0.46,0.39,2023-11-26,729,N20,VIIRS,n,2,276.71,3.61,D,0,VIIRS_NOAA20_SP
25.51085,84.56828,334.38,0.38,0.36,2023-11-26,729,N20,VIIRS,n,2,300.75,2.64,D,0,VIIRS_NOAA20_SP
25.51159,84.28708,334.75,0.39,0.36,2023-11-26,729,N20,VIIRS,n,2,300.09,4.28,D,0,VIIRS_NOAA20_SP
25.51419,84.08319,331.15,0.39,0.36,2023-11-26,729,N20,VIIRS,n,2,299.38,1.62,D,0,VIIRS_NOAA20_SP
25.51593,84.3371,348.42,0.39,0.36,2023-11-26,729,N20,VIIRS,n,2,302.54,6.53,D,0,VIIRS_NOAA20_SP
25.51954,84.31329,332.41,0.39,0.36,2023-11-26,729,N20,VIIRS,n,2,301.1,2.7,D,0,VIIRS_NOAA20_SP
25.5375,83.67199,333.24,0.39,0.36,2023-11-26,729,N20,VIIRS,n,2,299.76,3.89,D,0,VIIRS_NOAA20_SP
25.54775,84.27672,331.81,0.39,0.36,2023-11-26,729,N20,VIIRS,n,2,300.83,2.03,D,0,VIIRS_NOAA20_SP
25.59315,87.59937,333.61,0.44,0.38,2023-11-26,729,N20,VIIRS,n,2,300.72,2.71,D,0,VIIRS_NOAA20_SP
25.6068,82.55236,328.96,0.41,0.37,2023-11-26,729,N20,VIIRS,n,2,299.31,1.94,D,0,VIIRS_NOAA20_SP
25.60958,84.48001,333.71,0.38,0.36,2023-11-26,729,N20,VIIRS,n,2,301.03,2.68,D,0,VIIRS_NOAA20_SP
25.61287,84.4794,332.56,0.38,0.36,2023-11-26,729,N20,VIIRS,n,2,301.78,2.31,D,0,VIIRS_NOAA20_SP
25.61526,87.16537,331.46,0.42,0.38,2023-11-26,729,N20,VIIRS,n,2,302.97,1.78,D,0,VIIRS_NOAA20_SP
25.62097,88.25082,337.02,0.47,0.39,2023-11-26,729,N20,VIIRS,n,2,304.21,3.15,D,0,VIIRS_NOAA20_SP
25.62145,82.30262,328.9,0.42,0.38,2023-11-26,729,N20,VIIRS,n,2,298.1,1.44,D,0,VIIRS_NOAA20_SP
25.66483,83.9167,338.46,0.39,0.36,2023-11-26,729,N20,VIIRS,n,2,301.2,3.9,D,0,VIIRS_NOAA20_SP
25.67874,82.33054,336.63,0.42,0.38,2023-11-26,729,N20,VIIRS,n,2,297.31,3.01,D,0,VIIRS_NOAA20_SP
25.68368,83.34792,332.03,0.4,0.37,2023-11-26,729,N20,VIIRS,n,2,298.21,2.31,D,0,VIIRS_NOAA20_SP
25.68875,81.75132,327.57,0.44,0.38,2023-11-26,729,N20,VIIRS,n,2,295.78,2.06,D,0,VIIRS_NOAA20_SP
25.68985,84.96446,332.98,0.38,0.36,2023-11-26,729,N20,VIIRS,n,2,300.89,1.05,D,0,VIIRS_NOAA20_SP
25.69224,81.75059,329.52,0.44,0.38,2023-11-26,729,N20,VIIRS,n,2,292.42,2.2,D,0,VIIRS_NOAA20_SP
25.72748,82.45264,332.8,0.42,0.37,2023-11-26,729,N20,VIIRS,n,2,299.76,2.99,D,0,VIIRS_NOAA20_SP
25.73256,91.72449,338.68,0.48,0.48,2023-11-26,729,N20,VIIRS,n,2,298.55,5.76,D,0,VIIRS_NOAA20_SP
25.73498,83.01253,335.16,0.4,0.37,2023-11-26,729,N20,VIIRS,n,2,297.71,4.01,D,0,VIIRS_NOAA20_SP
25.73736,83.87949,330.73,0.39,0.36,2023-11-26,729,N20,VIIRS,n,2,300.21,1.43,D,0,VIIRS_NOAA20_SP
25.77308,82.11774,333.41,0.43,0.38,2023-11-26,729,N20,VIIRS,n,2,298.66,6.37,D,0,VIIRS_NOAA20_SP
25.78137,88.22012,330.85,0.47,0.39,2023-11-26,729,N20,VIIRS,n,2,302.66,1.82,D,0,VIIRS_NOAA20_SP
25.79961,83.58517,330.54,0.39,0.36,2023-11-26,729,N20,VIIRS,n,2,300.16,2.11,D,0,VIIRS_NOAA20_SP
25.80365,84.01991,335.71,0.39,0.36,2023-11-26,729,N20,VIIRS,n,2,299.83,5.0,D,0,VIIRS_NOAA20_SP
25.80428,83.63605,333.15,0.39,0.36,2023-11-26,729,N20,VIIRS,n,2,298.39,2.08,D,0,VIIRS_NOAA20_SP
25.81533,84.02949,331.34,0.39,0.36,2023-11-26,729,N20,VIIRS,l,2,301.6,2.19,D,0,VIIRS_NOAA20_SP
25.85552,83.25363,332.0,0.4,0.37,2023-11-26,729,N20,VIIRS,n,2,300.01,1.81,D,0,VIIRS_NOAA20_SP
25.87613,84.04936,330.54,0.39,0.36,2023-11-26,729,N20,VIIRS,n,2,300.48,1.96,D,0,VIIRS_NOAA20_SP
25.88069,83.92635,331.61,0.39,0.36,2023-11-26,729,N20,VIIRS,n,2,299.52,3.3,D,0,VIIRS_NOAA20_SP
25.88673,78.25204,325.84,0.44,0.46,2023-11-26,729,N20,VIIRS,n,2,274.65,2.49,D,0,VIIRS_NOAA20_SP
25.8922,82.76778,331.29,0.41,0.37,2023-11-26,729,N20,VIIRS,n,2,303.76,1.96,D,0,VIIRS_NOAA20_SP
25.89666,78.23628,330.3,0.44,0.46,2023-11-26,729,N20,VIIRS,n,2,272.67,3.98,D,0,VIIRS_NOAA20_SP
25.91586,81.63389,343.51,0.44,0.39,2023-11-26,729,N20,VIIRS,n,2,290.63,4.73,D,0,VIIRS_NOAA20_SP
25.92178,83.97012,331.62,0.39,0.36,2023-11-26,729,N20,VIIRS,n,2,298.77,4.33,D,0,VIIRS_NOAA20_SP
25.92295,88.54703,334.87,0.48,0.4,2023-11-26,729,N20,VIIRS,n,2,304.01,2.15,D,0,VIIRS_NOAA20_SP
25.9406,88.0337,334.4,0.46,0.39,2023-11-26,729,N20,VIIRS,n,2,301.55,2.78,D,0,VIIRS_NOAA20_SP
25.9439,82.84088,337.57,0.4,0.37,2023-11-26,729,N20,VIIRS,n,2,300.95,4.52,D,0,VIIRS_NOAA20_SP
25.94764,87.91674,332.58,0.45,0.39,2023-11-26,729,N20,VIIRS,n,2,302.34,4.47,D,0,VIIRS_NOAA20_SP
25.96041,82.64651,334.0,0.41,0.37,2023-11-26,729,N20,VIIRS,n,2,300.55,2.66,D,0,VIIRS_NOAA20_SP
25.96163,82.33886,329.84,0.42,0.38,2023-11-26,729,N20,VIIRS,n,2,299.4,1.49,D,0,VIIRS_NOAA20_SP
25.96435,83.9383,339.24,0.39,0.36,2023-11-26,729,N20,VIIRS,n,2,299.36,5.14,D,0,VIIRS_NOAA20_SP
25.96446,82.64986,331.77,0.41,0.37,2023-11-26,729,N20,VIIRS,n,2,300.91,4.26,D,0,VIIRS_NOAA20_SP
25.96524,83.92234,330.47,0.39,0.36,2023-11-26,729,N20,VIIRS,n,2,297.6,3.2,D,0,VIIRS_NOAA20_SP
25.9708,78.23622,339.73,0.44,0.46,2023-11-26,729,N20,VIIRS,n,2,275.44,5.27,D,0,VIIRS_NOAA20_SP
25.97099,78.23338,339.08,0.44,0.46,2023-11-26,729,N20,VIIRS,n,2,273.9,5.12,D,0,VIIRS_NOAA20_SP
25.9742,86.17045,337.0,0.4,0.37,2023-11-26,729,N20,VIIRS,n,2,300.16,2.75,D,0,VIIRS_NOAA20_SP
25.98077,82.3477,332.98,0.42,0.37,2023-11-26,729,N20,VIIRS,n,2,300.06,2.02,D,0,VIIRS_NOAA20_SP
25.98275,83.75294,339.15,0.39,0.36,2023-11-26,729,N20,VIIRS,n,2,298.9,3.26,D,0,VIIRS_NOAA20_SP
25.98477,83.46574,345.95,0.39,0.36,2023-11-26,729,N20,VIIRS,n,2,300.49,5.73,D,0,VIIRS_NOAA20_SP
25.99873,84.04993,332.64,0.39,0.36,2023-11-26,729,N20,VIIRS,n,2,300.74,3.28,D,0,VIIRS_NOAA20_SP
26.00146,82.21931,344.48,0.42,0.38,2023-11-26,729,N20,VIIRS,n,2,300.96,5.49,D,0,VIIRS_NOAA20_SP
26.00591,84.05249,332.64,0.39,0.36,2023-11-26,729,N20,VIIRS,n,2,300.03,1.9,D,0,VIIRS_NOAA20_SP
26.02128,82.2109,330.29,0.42,0.38,2023-11-26,729,N20,VIIRS,n,2,301.22,1.93,D,0,VIIRS_NOAA20_SP
26.02198,82.21505,330.42,0.42,0.38,2023-11-26,729,N20,VIIRS,n,2,301.79,2.67,D,0,VIIRS_NOAA20_SP
26.02472,83.99776,331.54,0.39,0.36,2023-11-26,729,N20,VIIRS,n,2,299.33,4.04,D,0,VIIRS_NOAA20_SP
26.02563,82.08893,335.89,0.43,0.38,2023-11-26,729,N20,VIIRS,n,2,298.86,3.77,D,0,VIIRS_NOAA20_SP
26.04559,84.91099,332.27,0.38,0.36,2023-11-26,729,N20,VIIRS,n,2,301.31,3.32,D,0,VIIRS_NOAA20_SP
26.04673,83.74847,330.72,0.39,0.36,2023-11-26,729,N20,VIIRS,n,2,300.28,1.5,D,0,VIIRS_NOAA20_SP
26.04701,82.61685,336.6,0.41,0.37,2023-11-26,729,N20,VIIRS,n,2,298.22,3.83,D,0,VIIRS_NOAA20_SP
26.085,87.39231,348.03,0.43,0.38,2023-11-26,729,N20,VIIRS,n,2,304.67,6.0,D,0,VIIRS_NOAA20_SP
26.09769,82.60651,332.46,0.41,0.37,2023-11-26,729,N20,VIIRS,n,2,295.72,2.44,D,0,VIIRS_NOAA20_SP
26.10032,82.64359,344.7,0.41,0.37,2023-11-26,729,N20,VIIRS,n,2,298.63,5.69,D,0,VIIRS_NOAA20_SP
26.10601,85.29681,331.4,0.39,0.36,2023-11-26,729,N20,VIIRS,n,2,299.45,2.35,D,0,VIIRS_NOAA20_SP
26.12593,83.64613,336.72,0.39,0.36,2023-11-26,729,N20,VIIRS,n,2,300.24,3.81,D,0,VIIRS_NOAA20_SP
26.13565,82.43073,330.57,0.41,0.37,2023-11-26,729,N20,VIIRS,n,2,298.02,3.81,D,0,VIIRS_NOAA20_SP
26.13578,92.63357,327.32,0.55,0.51,2023-11-26,729,N20,VIIRS,l,2,299.23,2.35,D,0,VIIRS_NOAA20_SP
26.13844,82.67765,332.5,0.41,0.37,2023-11-26,729,N20,VIIRS,n,2,300.52,2.31,D,0,VIIRS_NOAA20_SP
26.15907,81.48138,327.5,0.45,0.39,2023-11-26,729,N20,VIIRS,n,2,287.03,2.03,D,0,VIIRS_NOAA20_SP
26.16397,82.72648,331.82,0.41,0.37,2023-11-26,729,N20,VIIRS,n,2,301.11,2.94,D,0,VIIRS_NOAA20_SP
26.17329,82.98413,332.73,0.4,0.37,2023-11-26,729,N20,VIIRS,n,2,301.76,2.85,D,0,VIIRS_NOAA20_SP
26.17601,81.05432,332.95,0.46,0.39,2023-11-26,729,N20,VIIRS,n,2,285.2,3.75,D,0,VIIRS_NOAA20_SP
26.17773,82.43046,333.48,0.41,0.37,2023-11-26,729,N20,VIIRS,n,2,297.69,3.61,D,0,VIIRS_NOAA20_SP
26.17788,81.0555,337.2,0.46,0.39,2023-11-26,729,N20,VIIRS,n,2,289.01,5.86,D,0,VIIRS_NOAA20_SP
26.18299,82.63107,332.66,0.41,0.37,2023-11-26,729,N20,VIIRS,n,2,299.85,3.47,D,0,VIIRS_NOAA20_SP
26.19077,82.95195,331.27,0.4,0.37,2023-11-26,729,N20,VIIRS,n,2,298.73,3.76,D,0,VIIRS_NOAA20_SP
26.2043,83.58316,335.67,0.39,0.36,2023-11-26,729,N20,VIIRS,n,2,300.64,2.29,D,0,VIIRS_NOAA20_SP
26.21744,82.96707,338.94,0.4,0.37,2023-11-26,729,N20,VIIRS,n,2,300.05,7.82,D,0,VIIRS_NOAA20_SP
26.21769,81.60935,332.28,0.44,0.38,2023-11-26,729,N20,VIIRS,n,2,289.99,2.36,D,0,VIIRS_NOAA20_SP
26.21787,83.01196,331.73,0.4,0.37,2023-11-26,729,N20,VIIRS,n,2,299.61,1.32,D,0,VIIRS_NOAA20_SP
26.22118,81.60861,336.01,0.44,0.38,2023-11-26,729,N20,VIIRS,n,2,289.3,5.55,D,0,VIIRS_NOAA20_SP
26.23319,81.09555,326.8,0.46,0.39,2023-11-26,729,N20,VIIRS,n,2,285.62,1.98,D,0,VIIRS_NOAA20_SP
26.24332,81.71598,327.6,0.44,0.38,2023-11-26,729,N20,VIIRS,n,2,285.48,2.38,D,0,VIIRS_NOAA20_SP
26.24797,82.42935,333.27,0.41,0.37,2023-11-26,729,N20,VIIRS,n,2,302.68,2.72,D,0,VIIRS_NOAA20_SP
26.26118,81.8409,330.56,0.43,0.38,2023-11-26,729,N20,VIIRS,n,2,294.91,2.45,D,0,VIIRS_NOAA20_SP
26.26975,79.43867,325.56,0.55,0.43,2023-11-26,729,N20,VIIRS,n,2,284.94,3.06,D,0,VIIRS_NOAA20_SP
26.27883,85.11188,335.33,0.39,0.36,2023-11-26,729,N20,VIIRS,n,2,300.04,2.89,D,0,VIIRS_NOAA20_SP
26.29252,81.59901,334.2,0.44,0.38,2023-11-26,729,N20,VIIRS,n,2,294.59,6.61,D,0,VIIRS_NOAA20_SP
26.29511,83.7484,331.4,0.39,0.36,2023-11-26,729,N20,VIIRS,n,2,299.92,2.45,D,0,VIIRS_NOAA20_SP
26.31653,82.22911,332.6,0.42,0.38,2023-11-26,729,N20,VIIRS,n,2,299.59,2.66,D,0,VIIRS_NOAA20_SP
26.32777,81.51013,325.82,0.44,0.39,2023-11-26,729,N20,VIIRS,n,2,292.25,1.48,D,0,VIIRS_NOAA20_SP
26.3329,81.70691,329.68,0.44,0.38,2023-11-26,729,N20,VIIRS,n,2,288.95,3.16,D,0,VIIRS_NOAA20_SP
26.34337,81.41109,343.41,0.45,0.39,2023-11-26,729,N20,VIIRS,n,2,295.97,5.96,D,0,VIIRS_NOAA20_SP
26.35235,81.37879,330.9,0.45,0.39,2023-11-26,729,N20,VIIRS,n,2,293.15,1.95,D,0,VIIRS_NOAA20_SP
26.3554,81.23032,336.62,0.45,0.39,2023-11-26,729,N20,VIIRS,n,2,286.56,4.83,D,0,VIIRS_NOAA20_SP
26.3566,81.46469,335.97,0.44,0.39,2023-11-26,729,N20,VIIRS,n,2,295.19,4.09,D,0,VIIRS_NOAA20_SP
26.35672,81.46756,350.6,0.44,0.39,2023-11-26,729,N20,VIIRS,n,2,297.68,6.32,D,0,VIIRS_NOAA20_SP
26.35737,81.46907,335.85,0.44,0.39,2023-11-26,729,N20,VIIRS,n,2,296.44,4.38,D,0,VIIRS_NOAA20_SP
26.36837,81.36617,333.29,0.45,0.39,2023-11-26,729,N20,VIIRS,n,2,294.53,2.85,D,0,VIIRS_NOAA20_SP
26.37337,83.34171,332.53,0.39,0.36,2023-11-26,729,N20,VIIRS,n,2,298.79,2.46,D,0,VIIRS_NOAA20_SP
26.42641,83.78223,332.16,0.39,0.36,2023-11-26,729,N20,VIIRS,n,2,298.63,2.97,D,0,VIIRS_NOAA20_SP
26.4266,82.59523,330.34,0.41,0.37,2023-11-26,729,N20,VIIRS,n,2,292.56,1.88,D,0,VIIRS_NOAA20_SP
26.42664,81.44965,331.26,0.44,0.39,2023-11-26,729,N20,VIIRS,n,2,288.51,2.75,D,0,VIIRS_NOAA20_SP
26.43725,81.51095,335.74,0.44,0.38,2023-11-26,729,N20,VIIRS,n,2,290.26,4.41,D,0,VIIRS_NOAA20_SP
26.43783,83.25239,335.93,0.39,0.36,2023-11-26,729,N20,VIIRS,n,2,294.65,2.5,D,0,VIIRS_NOAA20_SP
26.44354,82.76212,332.36,0.4,0.37,2023-11-26,729,N20,VIIRS,n,2,298.13,3.14,D,0,VIIRS_NOAA20_SP
26.45873,82.94004,333.22,0.4,0.37,2023-11-26,729,N20,VIIRS,n,2,292.88,2.82,D,0,VIIRS_NOAA20_SP
26.46893,81.52676,328.05,0.44,0.38,2023-11-26,729,N20,VIIRS,n,2,285.06,4.4,D,0,VIIRS_NOAA20_SP
26.47005,82.62016,330.34,0.41,0.37,2023-11-26,729,N20,VIIRS,n,2,298.07,2.39,D,0,VIIRS_NOAA20_SP
26.47342,82.61947,335.17,0.41,0.37,2023-11-26,729,N20,VIIRS,n,2,299.94,3.48,D,0,VIIRS_NOAA20_SP
26.47383,83.82457,333.73,0.39,0.36,2023-11-26,729,N20,VIIRS,n,2,300.74,1.6,D,0,VIIRS_NOAA20_SP
26.47589,82.76006,330.91,0.4,0.37,2023-11-26,729,N20,VIIRS,n,2,298.58,2.21,D,0,VIIRS_NOAA20_SP
26.47879,82.31552,330.02,0.41,0.37,2023-11-26,729,N20,VIIRS,n,2,297.58,3.46,D,0,VIIRS_NOAA20_SP
26.48345,87.51887,336.5,0.44,0.39,2023-11-26,729,N20,VIIRS,n,2,301.79,3.25,D,0,VIIRS_NOAA20_SP
26.49163,87.86161,334.96,0.46,0.39,2023-11-26,729,N20,VIIRS,n,2,303.76,3.63,D,0,VIIRS_NOAA20_SP
26.50163,85.38065,331.08,0.39,0.36,2023-11-26,729,N20,VIIRS,n,2,300.79,1.81,D,0,VIIRS_NOAA20_SP
26.50585,84.56291,335.93,0.38,0.36,2023-11-26,729,N20,VIIRS,n,2,302.73,8.77,D,0,VIIRS_NOAA20_SP
26.51357,84.05797,337.38,0.39,0.36,2023-11-26,729,N20,VIIRS,n,2,302.31,2.17,D,0,VIIRS_NOAA20_SP
26.5165,84.52164,339.83,0.38,0.36,2023-11-26,729,N20,VIIRS,n,2,300.24,3.92,D,0,VIIRS_NOAA20_SP
26.52837,83.82589,332.8,0.39,0.36,2023-11-26,729,N20,VIIRS,n,2,300.8,1.31,D,0,VIIRS_NOAA20_SP
26.53651,81.88177,332.36,0.43,0.38,2023-11-26,729,N20,VIIRS,n,2,294.87,2.66,D,0,VIIRS_NOAA20_SP
26.53679,82.58148,329.8,0.41,0.37,2023-11-26,729,N20,VIIRS,n,2,297.64,1.73,D,0,VIIRS_NOAA20_SP
26.56892,83.95303,337.0,0.39,0.36,2023-11-26,729,N20,VIIRS,n,2,302.39,3.51,D,0,VIIRS_NOAA20_SP
26.58187,82.59399,332.44,0.41,0.37,2023-11-26,729,N20,VIIRS,n,2,299.87,3.47,D,0,VIIRS_NOAA20_SP
26.60966,82.36151,330.48,0.41,0.37,2023-11-26,729,N20,VIIRS,l,2,300.54,4.33,D,0,VIIRS_NOAA20_SP
26.6103,81.45774,328.77,0.44,0.38,2023-11-26,729,N20,VIIRS,n,2,284.5,2.21,D,0,VIIRS_NOAA20_SP
26.61697,81.4336,331.18,0.44,0.39,2023-11-26,729,N20,VIIRS,n,2,285.29,2.64,D,0,VIIRS_NOAA20_SP
26.61913,82.39758,329.7,0.41,0.37,2023-11-26,729,N20,VIIRS,n,2,299.09,1.25,D,0,VIIRS_NOAA20_SP
26.63041,82.37823,330.45,0.41,0.37,2023-11-26,729,N20,VIIRS,n,2,299.09,3.03,D,0,VIIRS_NOAA20_SP
26.63116,83.9608,332.68,0.39,0.36,2023-11-26,729,N20,VIIRS,n,2,298.42,1.98,D,0,VIIRS_NOAA20_SP
26.63326,83.03246,332.81,0.4,0.37,2023-11-26,729,N20,VIIRS,n,2,301.35,4.28,D,0,VIIRS_NOAA20_SP
26.63379,82.37754,331.59,0.41,0.37,2023-11-26,729,N20,VIIRS,n,2,298.93,3.03,D,0,VIIRS_NOAA20_SP
26.63649,82.37276,331.57,0.41,0.37,2023-11-26,729,N20,VIIRS,n,2,299.13,2.85,D,0,VIIRS_NOAA20_SP
26.64115,82.33795,329.14,0.41,0.37,2023-11-26,729,N20,VIIRS,n,2,298.44,2.03,D,0,VIIRS_NOAA20_SP
26.64594,83.13149,344.83,0.4,0.37,2023-11-26,729,N20,VIIRS,n,2,303.72,4.49,D,0,VIIRS_NOAA20_SP
26.6496,83.79499,336.17,0.39,0.36,2023-11-26,729,N20,VIIRS,n,2,299.43,3.65,D,0,VIIRS_NOAA20_SP
26.66163,83.1648,332.06,0.39,0.37,2023-11-26,729,N20,VIIRS,n,2,299.9,2.45,D,0,VIIRS_NOAA20_SP
26.66476,83.09933,331.45,0.4,0.37,2023-11-26,729,N20,VIIRS,n,2,299.98,1.94,D,0,VIIRS_NOAA20_SP
26.67516,82.54121,334.19,0.41,0.37,2023-11-26,729,N20,VIIRS,n,2,297.51,1.81,D,0,VIIRS_NOAA20_SP
26.67528,82.90963,334.58,0.4,0.37,2023-11-26,729,N20,VIIRS,n,2,300.21,5.49,D,0,VIIRS_NOAA20_SP
26.68538,84.64779,332.45,0.38,0.36,2023-11-26,729,N20,VIIRS,n,2,302.29,3.25,D,0,VIIRS_NOAA20_SP
26.69184,83.58794,334.23,0.39,0.36,2023-11-26,729,N20,VIIRS,n,2,298.86,2.35,D,0,VIIRS_NOAA20_SP
26.70453,83.62531,332.3,0.39,0.36,2023-11-26,729,N20,VIIRS,n,2,299.12,2.46,D,0,VIIRS_NOAA20_SP
26.7079,83.66845,333.52,0.39,0.36,2023-11-26,729,N20,VIIRS,n,2,301.43,3.27,D,0,VIIRS_NOAA20_SP
26.71263,87.17701,345.91,0.43,0.38,2023-11-26,729,N20,VIIRS,n,2,302.09,7.17,D,0,VIIRS_NOAA20_SP
26.75912,83.53932,331.37,0.39,0.36,2023-11-26,729,N20,VIIRS,n,2,299.35,2.49,D,0,VIIRS_NOAA20_SP
26.76242,83.53867,338.1,0.39,0.36,2023-11-26,729,N20,VIIRS,n,2,299.78,2.49,D,0,VIIRS_NOAA20_SP
26.77279,90.81374,334.39,0.44,0.46,2023-11-26,729,N20,VIIRS,n,2,300.5,4.03,D,0,VIIRS_NOAA20_SP
26.77438,83.63603,332.1,0.39,0.36,2023-11-26,729,N20,VIIRS,n,2,300.35,1.62,D,0,VIIRS_NOAA20_SP
26.77598,81.76315,332.54,0.43,0.38,2023-11-26,729,N20,VIIRS,n,2,294.19,3.01,D,0,VIIRS_NOAA20_SP
26.78028,83.47919,332.26,0.39,0.36,2023-11-26,729,N20,VIIRS,n,2,299.79,1.57,D,0,VIIRS_NOAA20_SP
26.79351,83.82303,334.0,0.39,0.36,2023-11-26,729,N20,VIIRS,n,2,300.57,3.44,D,0,VIIRS_NOAA20_SP
26.79782,83.65533,333.15,0.39,0.36,2023-11-26,729,N20,VIIRS,n,2,304.31,2.59,D,0,VIIRS_NOAA20_SP
26.80266,83.68623,332.82,0.39,0.36,2023-11-26,729,N20,VIIRS,n,2,302.27,2.73,D,0,VIIRS_NOAA20_SP
26.80414,83.52248,333.11,0.39,0.36,2023-11-26,729,N20,VIIRS,n,2,301.1,2.36,D,0,VIIRS_NOAA20_SP
26.80607,83.578,331.86,0.39,0.36,2023-11-26,729,N20,VIIRS,n,2,300.31,1.54,D,0,VIIRS_NOAA20_SP
26.80903,83.74857,330.41,0.39,0.36,2023-11-26,729,N20,VIIRS,n,2,301.14,1.49,D,0,VIIRS_NOAA20_SP
26.81788,83.6315,343.62,0.39,0.36,2023-11-26,729,N20,VIIRS,n,2,302.82,4.98,D,0,VIIRS_NOAA20_SP
26.81827,83.69908,331.48,0.39,0.36,2023-11-26,729,N20,VIIRS,n,2,302.57,1.5,D,0,VIIRS_NOAA20_SP
26.81919,82.83575,331.71,0.4,0.37,2023-11-26,729,N20,VIIRS,n,2,299.96,1.4,D,0,VIIRS_NOAA20_SP
26.81932,84.32333,331.93,0.38,0.36,2023-11-26,729,N20,VIIRS,n,2,299.92,1.77,D,0,VIIRS_NOAA20_SP
26.83134,83.65218,332.69,0.39,0.36,2023-11-26,729,N20,VIIRS,n,2,301.78,2.36,D,0,VIIRS_NOAA20_SP
26.83262,83.48833,345.6,0.39,0.36,2023-11-26,729,N20,VIIRS,n,2,301.32,5.96,D,0,VIIRS_NOAA20_SP
26.84015,89.10132,338.04,0.53,0.42,2023-11-26,729,N20,VIIRS,n,2,304.42,4.77,D,0,VIIRS_NOAA20_SP
26.85114,83.54063,330.41,0.39,0.36,2023-11-26,729,N20,VIIRS,n,2,300.15,1.26,D,0,VIIRS_NOAA20_SP
26.85122,83.69208,338.84,0.39,0.36,2023-11-26,729,N20,VIIRS,n,2,304.89,5.32,D,0,VIIRS_NOAA20_SP
26.85898,85.0859,337.55,0.39,0.36,2023-11-26,729,N20,VIIRS,n,2,304.74,3.9,D,0,VIIRS_NOAA20_SP
26.85998,83.72614,331.19,0.39,0.36,2023-11-26,729,N20,VIIRS,n,2,298.92,8.87,D,0,VIIRS_NOAA20_SP
26.87119,83.51672,332.66,0.39,0.36,2023-11-26,729,N20,VIIRS,n,2,301.92,2.8,D,0,VIIRS_NOAA20_SP
26.87437,83.57999,338.43,0.39,0.36,2023-11-26,729,N20,VIIRS,n,2,300.66,4.07,D,0,VIIRS_NOAA20_SP
26.87498,83.58386,332.38,0.39,0.36,2023-11-26,729,N20,VIIRS,n,2,300.53,2.51,D,0,VIIRS_NOAA20_SP
26.87825,82.9017,340.46,0.4,0.37,2023-11-26,729,N20,VIIRS,n,2,300.58,3.7,D,0,VIIRS_NOAA20_SP
26.87987,83.50701,338.24,0.39,0.36,2023-11-26,729,N20,VIIRS,n,2,301.02,2.87,D,0,VIIRS_NOAA20_SP
26.88235,82.60017,332.06,0.4,0.37,2023-11-26,729,N20,VIIRS,n,2,298.33,2.64,D,0,VIIRS_NOAA20_SP
26.88721,83.55352,333.52,0.39,0.36,2023-11-26,729,N20,VIIRS,n,2,300.59,5.21,D,0,VIIRS_NOAA20_SP
26.89043,82.87055,330.27,0.4,0.37,2023-11-26,729,N20,VIIRS,l,2,300.3,1.79,D,0,VIIRS_NOAA20_SP
26.89054,82.85001,334.1,0.4,0.37,2023-11-26,729,N20,VIIRS,n,2,300.84,2.49,D,0,VIIRS_NOAA20_SP
26.89157,83.62447,331.5,0.39,0.36,2023-11-26,729,N20,VIIRS,n,2,301.18,2.17,D,0,VIIRS_NOAA20_SP
26.89191,82.70968,331.68,0.4,0.37,2023-11-26,729,N20,VIIRS,n,2,297.65,2.19,D,0,VIIRS_NOAA20_SP
26.89903,82.8811,335.0,0.4,0.37,2023-11-26,729,N20,VIIRS,n,2,301.93,1.8,D,0,VIIRS_NOAA20_SP
26.89999,83.63477,340.23,0.39,0.36,2023-11-26,729,N20,VIIRS,n,2,300.94,5.19,D,0,VIIRS_NOAA20_SP
26.9005,88.60747,345.03,0.5,0.41,2023-11-26,729,N20,VIIRS,n,2,304.99,7.27,D,0,VIIRS_NOAA20_SP
26.90598,83.62961,331.04,0.39,0.36,2023-11-26,729,N20,VIIRS,n,2,300.88,1.65,D,0,VIIRS_NOAA20_SP
26.91261,84.30997,332.63,0.38,0.36,2023-11-26,729,N20,VIIRS,n,2,301.47,2.13,D,0,VIIRS_NOAA20_SP
26.91614,83.60769,332.46,0.39,0.36,2023-11-26,729,N20,VIIRS,n,2,299.97,2.8,D,0,VIIRS_NOAA20_SP
26.92027,82.74562,331.76,0.4,0.37,2023-11-26,729,N20,VIIRS,n,2,299.44,2.45,D,0,VIIRS_NOAA20_SP
26.92034,82.88497,331.03,0.4,0.37,2023-11-26,729,N20,VIIRS,l,2,301.93,1.71,D,0,VIIRS_NOAA20_SP
26.92266,83.56252,331.86,0.39,0.36,2023-11-26,729,N20,VIIRS,n,2,299.35,1.45,D,0,VIIRS_NOAA20_SP
26.92308,84.22054,332.37,0.38,0.36,2023-11-26,729,N20,VIIRS,n,2,300.55,1.59,D,0,VIIRS_NOAA20_SP
26.92327,83.56639,342.4,0.39,0.36,2023-11-26,729,N20,VIIRS,n,2,299.98,4.54,D,0,VIIRS_NOAA20_SP
26.92556,83.68949,341.26,0.39,0.36,2023-11-26,729,N20,VIIRS,n,2,303.02,3.02,D,0,VIIRS_NOAA20_SP
26.92965,88.65933,334.68,0.5,0.41,2023-11-26,729,N20,VIIRS,l,2,306.23,6.41,D,0,VIIRS_NOAA20_SP
26.94649,83.45441,333.18,0.39,0.36,2023-11-26,729,N20,VIIRS,n,2,301.27,1.39,D,0,VIIRS_NOAA20_SP
26.9519,83.38116,335.35,0.39,0.36,2023-11-26,729,N20,VIIRS,n,2,300.17,4.76,D,0,VIIRS_NOAA20_SP
26.95365,82.75942,336.73,0.4,0.37,2023-11-26,729,N20,VIIRS,n,2,301.62,2.6,D,0,VIIRS_NOAA20_SP
26.96346,83.41097,331.2,0.39,0.36,2023-11-26,729,N20,VIIRS,n,2,301.65,2.12,D,0,VIIRS_NOAA20_SP
26.96538,83.53069,333.01,0.39,0.36,2023-11-26,729,N20,VIIRS,n,2,300.65,1.48,D,0,VIIRS_NOAA20_SP
26.98079,83.71499,333.19,0.39,0.36,2023-11-26,729,N20,VIIRS,n,2,301.88,2.36,D,0,VIIRS_NOAA20_SP
26.98114,85.2952,331.61,0.39,0.36,2023-11-26,729,N20,VIIRS,n,2,301.08,2.1,D,0,VIIRS_NOAA20_SP
26.99068,83.56166,336.53,0.39,0.36,2023-11-26,729,N20,VIIRS,n,2,299.75,2.15,D,0,VIIRS_NOAA20_SP
27.00058,83.55972,330.17,0.39,0.36,2023-11-26,729,N20,VIIRS,l,2,300.46,1.74,D,0,VIIRS_NOAA20_SP
27.00103,83.62743,334.59,0.39,0.36,2023-11-26,729,N20,VIIRS,n,2,300.64,3.1,D,0,VIIRS_NOAA20_SP
27.00429,85.1274,336.47,0.39,0.36,2023-11-26,729,N20,VIIRS,n,2,300.79,2.19,D,0,VIIRS_NOAA20_SP
27.00644,83.40247,333.34,0.39,0.36,2023-11-26,729,N20,VIIRS,n,2,301.48,3.91,D,0,VIIRS_NOAA20_SP
27.01658,85.16501,334.47,0.39,0.36,2023-11-26,729,N20,VIIRS,n,2,301.52,2.41,D,0,VIIRS_NOAA20_SP
27.01812,83.62807,330.95,0.39,0.36,2023-11-26,729,N20,VIIRS,n,2,299.79,3.23,D,0,VIIRS_NOAA20_SP
27.02263,83.63515,334.34,0.39,0.36,2023-11-26,729,N20,VIIRS,n,2,300.88,2.47,D,0,VIIRS_NOAA20_SP
27.02307,83.5513,333.88,0.39,0.36,2023-11-26,729,N20,VIIRS,n,2,304.47,2.64,D,0,VIIRS_NOAA20_SP
27.02324,83.63902,333.9,0.39,0.36,2023-11-26,729,N20,VIIRS,n,2,301.14,2.47,D,0,VIIRS_NOAA20_SP
27.02593,83.63451,331.08,0.39,0.36,2023-11-26,729,N20,VIIRS,l,2,301.22,2.74,D,0,VIIRS_NOAA20_SP
27.03252,83.63322,351.7,0.39,0.36,2023-11-26,729,N20,VIIRS,n,2,307.04,22.94,D,0,VIIRS_NOAA20_SP
27.03319,85.32581,332.43,0.39,0.36,2023-11-26,729,N20,VIIRS,n,2,301.68,2.0,D,0,VIIRS_NOAA20_SP
27.03894,83.54431,333.63,0.39,0.36,2023-11-26,729,N20,VIIRS,n,2,303.2,6.72,D,0,VIIRS_NOAA20_SP
27.03972,83.63579,332.25,0.39,0.36,2023-11-26,729,N20,VIIRS,n,2,300.77,5.63,D,0,VIIRS_NOAA20_SP
27.04523,83.45509,335.91,0.39,0.36,2023-11-26,729,N20,VIIRS,n,2,302.63,3.49,D,0,VIIRS_NOAA20_SP
27.04623,85.13569,330.19,0.39,0.36,2023-11-26,729,N20,VIIRS,n,2,302.23,2.32,D,0,VIIRS_NOAA20_SP
27.04665,84.27248,330.82,0.38,0.36,2023-11-26,729,N20,VIIRS,n,2,300.89,1.23,D,0,VIIRS_NOAA20_SP
27.04854,83.45444,335.16,0.39,0.36,2023-11-26,729,N20,VIIRS,n,2,300.62,3.49,D,0,VIIRS_NOAA20_SP
27.05432,83.06219,333.43,0.39,0.37,2023-11-26,729,N20,VIIRS,n,2,301.37,4.29,D,0,VIIRS_NOAA20_SP
27.05461,83.10678,335.87,0.39,0.36,2023-11-26,729,N20,VIIRS,n,2,298.4,2.13,D,0,VIIRS_NOAA20_SP
27.05869,94.11395,330.45,0.35,0.57,2023-11-26,729,N20,VIIRS,n,2,299.25,1.71,D,0,VIIRS_NOAA20_SP
27.06729,83.59463,334.11,0.39,0.36,2023-11-26,729,N20,VIIRS,n,2,300.56,3.19,D,0,VIIRS_NOAA20_SP
27.07059,83.59397,332.33,0.39,0.36,2023-11-26,729,N20,VIIRS,n,2,300.84,3.19,D,0,VIIRS_NOAA20_SP
27.07113,83.31752,337.55,0.39,0.36,2023-11-26,729,N20,VIIRS,n,2,299.26,2.77,D,0,VIIRS_NOAA20_SP
27.09323,83.34931,331.34,0.39,0.36,2023-11-26,729,N20,VIIRS,n,2,299.89,1.41,D,0,VIIRS_NOAA20_SP
27.09528,83.51324,345.56,0.39,0.36,2023-11-26,729,N20,VIIRS,n,2,300.76,5.45,D,0,VIIRS_NOAA20_SP
27.09775,83.68031,334.82,0.39,0.36,2023-11-26,729,N20,VIIRS,n,2,300.53,3.52,D,0,VIIRS_NOAA20_SP
27.09896,83.68804,334.24,0.39,0.36,2023-11-26,729,N20,VIIRS,n,2,303.09,2.36,D,0,VIIRS_NOAA20_SP
27.0992,83.51646,331.75,0.39,0.36,2023-11-26,729,N20,VIIRS,n,2,300.66,4.32,D,0,VIIRS_NOAA20_SP
27.09981,83.52034,335.03,0.39,0.36,2023-11-26,729,N20,VIIRS,n,2,301.77,4.32,D,0,VIIRS_NOAA20_SP
27.10311,83.51968,339.89,0.39,0.36,2023-11-26,729,N20,VIIRS,n,2,299.69,3.92,D,0,VIIRS_NOAA20_SP
27.11233,83.62168,337.79,0.39,0.36,2023-11-26,729,N20,VIIRS,n,2,302.44,2.44,D,0,VIIRS_NOAA20_SP
27.11529,84.86803,332.94,0.39,0.36,2023-11-26,729,N20,VIIRS,n,2,301.14,2.37,D,0,VIIRS_NOAA20_SP
27.12229,83.66357,336.53,0.39,0.36,2023-11-26,729,N20,VIIRS,n,2,300.91,2.61,D,0,VIIRS_NOAA20_SP
27.13078,84.81011,335.78,0.39,0.36,2023-11-26,729,N20,VIIRS,n,2,304.12,9.59,D,0,VIIRS_NOAA20_SP
27.14696,84.66851,333.59,0.38,0.36,2023-11-26,729,N20,VIIRS,n,2,302.64,2.38,D,0,VIIRS_NOAA20_SP
27.1492,94.38027,329.95,0.37,0.58,2023-11-26,729,N20,VIIRS,n,2,298.46,1.74,D,0,VIIRS_NOAA20_SP
27.15062,94.37978,326.74,0.36,0.58,2023-11-26,729,N20,VIIRS,n,2,298.66,1.94,D,0,VIIRS_NOAA20_SP
27.15079,83.69382,333.48,0.39,0.36,2023-11-26,729,N20,VIIRS,n,2,303.11,2.33,D,0,VIIRS_NOAA20_SP
27.16013,84.66605,335.64,0.38,0.36,2023-11-26,729,N20,VIIRS,n,2,301.25,2.32,D,0,VIIRS_NOAA20_SP
27.16258,84.70516,331.67,0.38,0.36,2023-11-26,729,N20,VIIRS,n,2,300.45,2.99,D,0,VIIRS_NOAA20_SP
27.19669,84.79788,332.92,0.39,0.36,2023-11-26,729,N20,VIIRS,n,2,301.43,2.17,D,0,VIIRS_NOAA20_SP
27.19965,84.61123,332.42,0.38,0.36,2023-11-26,729,N20,VIIRS,n,2,302.3,2.67,D,0,VIIRS_NOAA20_SP
27.8423,96.09626,326.64,0.47,0.64,2023-11-26,729,N20,VIIRS,l,2,297.68,2.27,D,0,VIIRS_NOAA20_SP
28.24462,97.52303,340.36,0.59,0.7,2023-11-26,729,N20,VIIRS,n,2,291.01,7.64,D,0,VIIRS_NOAA20_SP
26.6751,79.76501,329.27,0.53,0.42,2023-11-26,730,N20,VIIRS,n,2,284.2,3.4,D,0,VIIRS_NOAA20_SP
26.88551,81.63925,332.03,0.43,0.38,2023-11-26,730,N20,VIIRS,n,2,293.28,2.79,D,0,VIIRS_NOAA20_SP
26.96864,81.48827,332.21,0.44,0.38,2023-11-26,730,N20,VIIRS,n,2,295.52,3.54,D,0,VIIRS_NOAA20_SP
27.08893,82.96219,330.76,0.4,0.37,2023-11-26,730,N20,VIIRS,n,2,302.07,1.8,D,0,VIIRS_NOAA20_SP
27.12633,82.83184,329.8,0.4,0.37,2023-11-26,730,N20,VIIRS,l,2,300.83,1.34,D,0,VIIRS_NOAA20_SP
27.13488,82.94881,340.55,0.4,0.37,2023-11-26,730,N20,VIIRS,n,2,300.24,2.92,D,0,VIIRS_NOAA20_SP
27.14639,82.64674,330.18,0.4,0.37,2023-11-26,730,N20,VIIRS,n,2,298.36,2.93,D,0,VIIRS_NOAA20_SP
27.15457,83.34965,338.62,0.39,0.36,2023-11-26,730,N20,VIIRS,n,2,302.49,4.27,D,0,VIIRS_NOAA20_SP
27.1651,83.35157,336.53,0.39,0.36,2023-11-26,730,N20,VIIRS,n,2,303.98,3.17,D,0,VIIRS_NOAA20_SP
27.17215,83.69802,330.05,0.39,0.36,2023-11-26,730,N20,VIIRS,n,2,301.92,1.73,D,0,VIIRS_NOAA20_SP
27.17568,81.97762,331.9,0.42,0.38,2023-11-26,730,N20,VIIRS,n,2,295.34,3.55,D,0,VIIRS_NOAA20_SP
27.18542,83.5878,329.53,0.39,0.36,2023-11-26,730,N20,VIIRS,l,2,300.23,1.61,D,0,VIIRS_NOAA20_SP
27.18861,83.54324,333.7,0.39,0.36,2023-11-26,730,N20,VIIRS,n,2,300.26,2.34,D,0,VIIRS_NOAA20_SP
27.19606,83.52578,332.8,0.39,0.36,2023-11-26,730,N20,VIIRS,n,2,300.47,3.46,D,0,VIIRS_NOAA20_SP
27.20661,82.49731,332.41,0.4,0.37,2023-11-26,730,N20,VIIRS,n,2,298.15,2.71,D,0,VIIRS_NOAA20_SP
27.22047,83.57291,335.34,0.39,0.36,2023-11-26,730,N20,VIIRS,n,2,301.43,2.32,D,0,VIIRS_NOAA20_SP
27.22108,83.5768,326.41,0.39,0.36,2023-11-26,730,N20,VIIRS,l,2,300.87,2.32,D,0,VIIRS_NOAA20_SP
27.23036,83.57097,332.01,0.39,0.36,2023-11-26,730,N20,VIIRS,n,2,301.88,1.47,D,0,VIIRS_NOAA20_SP
27.23412,83.05934,334.19,0.39,0.36,2023-11-26,730,N20,VIIRS,n,2,301.09,2.44,D,0,VIIRS_NOAA20_SP
27.23609,83.58582,332.14,0.39,0.36,2023-11-26,730,N20,VIIRS,l,2,302.44,2.81,D,0,VIIRS_NOAA20_SP
27.23669,83.58969,333.49,0.39,0.36,2023-11-26,730,N20,VIIRS,n,2,302.29,2.81,D,0,VIIRS_NOAA20_SP
27.24369,83.65613,333.17,0.39,0.36,2023-11-26,730,N20,VIIRS,n,2,300.47,2.11,D,0,VIIRS_NOAA20_SP
27.24396,84.02949,331.25,0.38,0.36,2023-11-26,730,N20,VIIRS,n,2,299.93,1.28,D,0,VIIRS_NOAA20_SP
27.24423,83.61614,330.72,0.39,0.36,2023-11-26,730,N20,VIIRS,n,2,301.52,2.11,D,0,VIIRS_NOAA20_SP
27.25663,83.71735,327.55,0.39,0.36,2023-11-26,730,N20,VIIRS,l,2,300.72,1.31,D,0,VIIRS_NOAA20_SP
27.25992,83.71671,329.6,0.39,0.36,2023-11-26,730,N20,VIIRS,n,2,300.73,1.31,D,0,VIIRS_NOAA20_SP
27.26087,83.18359,331.15,0.39,0.36,2023-11-26,730,N20,VIIRS,n,2,298.86,1.41,D,0,VIIRS_NOAA20_SP
27.26321,83.71607,329.97,0.39,0.36,2023-11-26,730,N20,VIIRS,n,2,301.24,1.76,D,0,VIIRS_NOAA20_SP
27.26714,83.28722,330.76,0.39,0.36,2023-11-26,730,N20,VIIRS,n,2,299.71,1.73,D,0,VIIRS_NOAA20_SP
27.27008,83.69479,333.85,0.39,0.36,2023-11-26,730,N20,VIIRS,n,2,303.33,2.32,D,0,VIIRS_NOAA20_SP
27.27539,83.70585,330.48,0.39,0.36,2023-11-26,730,N20,VIIRS,l,2,301.66,2.0,D,0,VIIRS_NOAA20_SP
27.27747,83.3093,338.82,0.39,0.36,2023-11-26,730,N20,VIIRS,n,2,300.2,4.33,D,0,VIIRS_NOAA20_SP
27.30104,83.19978,329.61,0.39,0.36,2023-11-26,730,N20,VIIRS,n,2,300.15,2.0,D,0,VIIRS_NOAA20_SP
27.30442,83.69618,331.72,0.39,0.36,2023-11-26,730,N20,VIIRS,l,2,303.88,2.26,D,0,VIIRS_NOAA20_SP
27.3055,83.40016,335.01,0.39,0.36,2023-11-26,730,N20,VIIRS,n,2,299.6,2.18,D,0,VIIRS_NOAA20_SP
27.30803,82.67162,330.16,0.4,0.37,2023-11-26,730,N20,VIIRS,n,2,300.18,1.72,D,0,VIIRS_NOAA20_SP
27.3087,83.46367,338.34,0.39,0.36,2023-11-26,730,N20,VIIRS,n,2,301.32,2.84,D,0,VIIRS_NOAA20_SP
27.30886,83.65942,347.52,0.39,0.36,2023-11-26,730,N20,VIIRS,n,2,300.76,3.26,D,0,VIIRS_NOAA20_SP
27.30947,83.66331,337.94,0.39,0.36,2023-11-26,730,N20,VIIRS,n,2,300.23,3.26,D,0,VIIRS_NOAA20_SP
27.30993,83.47144,335.9,0.39,0.36,2023-11-26,730,N20,VIIRS,n,2,300.84,3.0,D,0,VIIRS_NOAA20_SP
27.31067,83.67105,332.88,0.39,0.36,2023-11-26,730,N20,VIIRS,n,2,302.07,3.17,D,0,VIIRS_NOAA20_SP
27.31115,83.47921,328.01,0.39,0.36,2023-11-26,730,N20,VIIRS,n,2,301.48,2.36,D,0,VIIRS_NOAA20_SP
27.31176,83.48309,327.9,0.39,0.36,2023-11-26,730,N20,VIIRS,n,2,301.59,1.34,D,0,VIIRS_NOAA20_SP
27.31201,83.46302,333.35,0.39,0.36,2023-11-26,730,N20,VIIRS,n,2,299.55,1.77,D,0,VIIRS_NOAA20_SP
27.31215,83.65881,339.5,0.39,0.36,2023-11-26,730,N20,VIIRS,n,2,300.94,3.26,D,0,VIIRS_NOAA20_SP
27.31276,83.66267,338.96,0.39,0.36,2023-11-26,730,N20,VIIRS,n,2,301.23,3.26,D,0,VIIRS_NOAA20_SP
27.31406,83.28188,327.23,0.39,0.36,2023-11-26,730,N20,VIIRS,n,2,299.87,0.88,D,0,VIIRS_NOAA20_SP
27.31726,83.66976,337.23,0.39,0.36,2023-11-26,730,N20,VIIRS,n,2,301.83,4.11,D,0,VIIRS_NOAA20_SP
27.32042,82.96046,329.03,0.39,0.37,2023-11-26,730,N20,VIIRS,n,2,300.18,1.0,D,0,VIIRS_NOAA20_SP
27.32385,83.66847,334.19,0.39,0.36,2023-11-26,730,N20,VIIRS,l,2,304.67,2.37,D,0,VIIRS_NOAA20_SP
27.32654,83.66396,327.9,0.39,0.36,2023-11-26,730,N20,VIIRS,l,2,301.8,2.37,D,0,VIIRS_NOAA20_SP
27.33345,83.68652,332.0,0.39,0.36,2023-11-26,730,N20,VIIRS,l,2,303.01,3.04,D,0,VIIRS_NOAA20_SP
27.33735,83.68974,338.2,0.39,0.36,2023-11-26,730,N20,VIIRS,n,2,302.35,3.04,D,0,VIIRS_NOAA20_SP
27.34813,83.06873,330.91,0.39,0.36,2023-11-26,730,N20,VIIRS,n,2,300.03,2.2,D,0,VIIRS_NOAA20_SP
27.35046,83.44721,326.39,0.39,0.36,2023-11-26,730,N20,VIIRS,l,2,301.09,0.92,D,0,VIIRS_NOAA20_SP
27.36489,83.69231,328.99,0.39,0.36,2023-11-26,730,N20,VIIRS,l,2,300.98,1.13,D,0,VIIRS_NOAA20_SP
27.3674,83.21062,338.07,0.39,0.36,2023-11-26,730,N20,VIIRS,n,2,301.56,2.71,D,0,VIIRS_NOAA20_SP
27.37071,83.20995,326.63,0.39,0.36,2023-11-26,730,N20,VIIRS,n,2,299.44,2.71,D,0,VIIRS_NOAA20_SP
27.39715,83.13996,339.72,0.39,0.36,2023-11-26,730,N20,VIIRS,n,2,300.7,2.85,D,0,VIIRS_NOAA20_SP
27.40511,82.98034,342.87,0.39,0.36,2023-11-26,730,N20,VIIRS,n,2,302.35,5.75,D,0,VIIRS_NOAA20_SP
27.40907,82.98361,332.76,0.39,0.36,2023-11-26,730,N20,VIIRS,n,2,301.47,5.75,D,0,VIIRS_NOAA20_SP
27.41465,83.03942,332.52,0.39,0.36,2023-11-26,730,N20,VIIRS,n,2,301.7,3.08,D,0,VIIRS_NOAA20_SP
27.41698,82.99014,333.63,0.39,0.36,2023-11-26,730,N20,VIIRS,n,2,302.21,2.02,D,0,VIIRS_NOAA20_SP
27.42231,83.38486,327.69,0.39,0.36,2023-11-26,730,N20,VIIRS,l,2,300.32,1.61,D,0,VIIRS_NOAA20_SP
27.42595,82.93943,332.77,0.39,0.37,2023-11-26,730,N20,VIIRS,n,2,301.58,2.48,D,0,VIIRS_NOAA20_SP
27.43677,83.09178,330.99,0.39,0.36,2023-11-26,730,N20,VIIRS,l,2,302.42,2.74,D,0,VIIRS_NOAA20_SP
27.44465,83.0983,333.93,0.39,0.36,2023-11-26,730,N20,VIIRS,n,2,303.06,3.27,D,0,VIIRS_NOAA20_SP
27.44783,83.03271,332.04,0.39,0.36,2023-11-26,730,N20,VIIRS,n,2,300.92,1.3,D,0,VIIRS_NOAA20_SP
27.44916,83.55582,327.99,0.39,0.36,2023-11-26,730,N20,VIIRS,l,2,300.57,0.88,D,0,VIIRS_NOAA20_SP
27.45634,82.66714,335.21,0.4,0.37,2023-11-26,730,N20,VIIRS,n,2,304.18,2.04,D,0,VIIRS_NOAA20_SP
27.46631,83.60039,329.2,0.39,0.36,2023-11-26,730,N20,VIIRS,n,2,302.54,2.14,D,0,VIIRS_NOAA20_SP
27.47613,83.5107,330.66,0.39,0.36,2023-11-26,730,N20,VIIRS,n,2,300.82,2.24,D,0,VIIRS_NOAA20_SP
27.47675,83.51457,331.85,0.39,0.36,2023-11-26,730,N20,VIIRS,n,2,299.96,2.15,D,0,VIIRS_NOAA20_SP
27.48163,83.5456,334.24,0.39,0.36,2023-11-26,730,N20,VIIRS,n,2,301.28,3.16,D,0,VIIRS_NOAA20_SP
27.48224,83.54948,333.95,0.39,0.36,2023-11-26,730,N20,VIIRS,n,2,301.99,3.16,D,0,VIIRS_NOAA20_SP
27.48372,83.36485,330.34,0.39,0.36,2023-11-26,730,N20,VIIRS,n,2,298.82,1.67,D,0,VIIRS_NOAA20_SP
27.49162,82.69292,330.19,0.4,0.37,2023-11-26,730,N20,VIIRS,n,2,301.57,1.49,D,0,VIIRS_NOAA20_SP
27.49932,83.55011,327.3,0.39,0.36,2023-11-26,730,N20,VIIRS,n,2,300.06,1.55,D,0,VIIRS_NOAA20_SP
27.51494,83.56303,329.13,0.39,0.36,2023-11-26,730,N20,VIIRS,l,2,300.71,2.0,D,0,VIIRS_NOAA20_SP
27.5154,82.58463,329.85,0.4,0.37,2023-11-26,730,N20,VIIRS,n,2,300.64,1.74,D,0,VIIRS_NOAA20_SP
27.5209,83.04295,326.19,0.39,0.36,2023-11-26,730,N20,VIIRS,l,2,301.14,1.17,D,0,VIIRS_NOAA20_SP
27.52356,83.33681,332.77,0.39,0.36,2023-11-26,730,N20,VIIRS,n,2,300.25,1.85,D,0,VIIRS_NOAA20_SP
27.5256,83.19992,330.73,0.39,0.36,2023-11-26,730,N20,VIIRS,n,2,301.4,1.65,D,0,VIIRS_NOAA20_SP
27.52876,80.53387,329.93,0.47,0.4,2023-11-26,730,N20,VIIRS,n,2,292.75,2.73,D,0,VIIRS_NOAA20_SP
27.53038,83.10189,330.56,0.39,0.36,2023-11-26,730,N20,VIIRS,l,2,303.37,2.61,D,0,VIIRS_NOAA20_SP
27.53101,83.1058,332.63,0.39,0.36,2023-11-26,730,N20,VIIRS,n,2,301.7,2.61,D,0,VIIRS_NOAA20_SP
27.5313,80.36141,327.62,0.48,0.4,2023-11-26,730,N20,VIIRS,n,2,295.21,2.93,D,0,VIIRS_NOAA20_SP
27.53889,83.11232,335.02,0.39,0.36,2023-11-26,730,N20,VIIRS,n,2,302.12,3.48,D,0,VIIRS_NOAA20_SP
27.55874,83.38657,326.14,0.39,0.36,2023-11-26,730,N20,VIIRS,l,2,299.87,0.84,D,0,VIIRS_NOAA20_SP
27.56242,83.21677,337.17,0.39,0.36,2023-11-26,730,N20,VIIRS,n,2,302.62,2.5,D,0,VIIRS_NOAA20_SP
27.56676,79.51344,329.75,0.52,0.42,2023-11-26,730,N20,VIIRS,n,2,293.96,3.39,D,0,VIIRS_NOAA20_SP
27.58611,83.0013,326.48,0.39,0.36,2023-11-26,730,N20,VIIRS,l,2,301.26,1.17,D,0,VIIRS_NOAA20_SP
27.58632,83.13112,326.89,0.39,0.36,2023-11-26,730,N20,VIIRS,n,2,301.81,1.31,D,0,VIIRS_NOAA20_SP
27.64767,83.17564,330.1,0.39,0.36,2023-11-26,730,N20,VIIRS,n,2,300.16,1.98,D,0,VIIRS_NOAA20_SP
27.6496,81.71995,333.43,0.42,0.38,2023-11-26,730,N20,VIIRS,n,2,301.93,2.45,D,0,VIIRS_NOAA20_SP
27.6656,81.75147,329.34,0.42,0.38,2023-11-26,730,N20,VIIRS,n,2,303.26,2.19,D,0,VIIRS_NOAA20_SP
27.75664,80.50096,329.93,0.47,0.4,2023-11-26,730,N20,VIIRS,n,2,291.55,6.13,D,0,VIIRS_NOAA20_SP
27.84178,79.93526,327.29,0.49,0.41,2023-11-26,730,N20,VIIRS,n,2,297.36,2.0,D,0,VIIRS_NOAA20_SP
27.94034,79.69069,331.64,0.51,0.41,2023-11-26,730,N20,VIIRS,n,2,298.05,3.62,D,0,VIIRS_NOAA20_SP
27.96915,79.76273,331.09,0.5,0.41,2023-11-26,730,N20,VIIRS,n,2,298.17,2.27,D,0,VIIRS_NOAA20_SP
27.97254,80.214,330.27,0.48,0.4,2023-11-26,730,N20,VIIRS,n,2,296.48,3.39,D,0,VIIRS_NOAA20_SP
28.02064,79.85475,333.23,0.5,0.41,2023-11-26,730,N20,VIIRS,n,2,297.87,4.57,D,0,VIIRS_NOAA20_SP
28.10751,79.98101,327.76,0.49,0.4,2023-11-26,730,N20,VIIRS,l,2,297.83,2.02,D,0,VIIRS_NOAA20_SP
28.15747,80.46074,333.17,0.46,0.39,2023-11-26,730,N20,VIIRS,n,2,299.26,3.09,D,0,VIIRS_NOAA20_SP
28.16104,80.45993,335.64,0.46,0.39,2023-11-26,730,N20,VIIRS,n,2,299.25,5.66,D,0,VIIRS_NOAA20_SP
28.18101,79.91006,330.64,0.49,0.4,2023-11-26,730,N20,VIIRS,n,2,296.27,2.4,D,0,VIIRS_NOAA20_SP
28.19244,81.3239,332.25,0.43,0.38,2023-11-26,730,N20,VIIRS,n,2,299.38,5.01,D,0,VIIRS_NOAA20_SP
28.19438,81.32456,339.7,0.43,0.38,2023-11-26,730,N20,VIIRS,n,2,299.47,5.21,D,0,VIIRS_NOAA20_SP
28.21219,79.85139,328.67,0.49,0.41,2023-11-26,730,N20,VIIRS,n,2,297.52,1.69,D,0,VIIRS_NOAA20_SP
28.25009,84.78084,326.29,0.39,0.36,2023-11-26,730,N20,VIIRS,l,2,298.88,6.17,D,0,VIIRS_NOAA20_SP
28.25591,80.80473,330.38,0.45,0.39,2023-11-26,730,N20,VIIRS,n,2,296.5,3.82,D,0,VIIRS_NOAA20_SP
28.44278,79.27985,331.4,0.52,0.42,2023-11-26,730,N20,VIIRS,n,2,298.52,6.06,D,0,VIIRS_NOAA20_SP
28.44281,84.82184,342.62,0.39,0.36,2023-11-26,730,N20,VIIRS,n,2,300.67,4.49,D,0,VIIRS_NOAA20_SP
28.48021,81.23724,340.91,0.43,0.38,2023-11-26,730,N20,VIIRS,n,2,296.31,5.27,D,0,VIIRS_NOAA20_SP
28.48594,79.98538,335.27,0.48,0.4,2023-11-26,730,N20,VIIRS,n,2,299.98,4.93,D,0,VIIRS_NOAA20_SP
28.61898,79.42957,330.14,0.51,0.41,2023-11-26,730,N20,VIIRS,l,2,301.12,6.46,D,0,VIIRS_NOAA20_SP
28.62051,79.43246,341.01,0.51,0.41,2023-11-26,730,N20,VIIRS,n,2,300.75,5.07,D,0,VIIRS_NOAA20_SP
28.65097,80.06195,334.77,0.48,0.4,2023-11-26,730,N20,VIIRS,n,2,302.14,2.89,D,0,VIIRS_NOAA20_SP
28.65552,78.70952,327.9,0.55,0.43,2023-11-26,730,N20,VIIRS,n,2,299.24,2.77,D,0,VIIRS_NOAA20_SP
28.65831,77.64807,329.27,0.42,0.45,2023-11-26,730,N20,VIIRS,n,2,291.86,2.2,D,0,VIIRS_NOAA20_SP
28.70467,78.17435,338.45,0.39,0.44,2023-11-26,730,N20,VIIRS,n,2,293.8,2.82,D,0,VIIRS_NOAA20_SP
28.7071,78.17339,331.8,0.39,0.44,2023-11-26,730,N20,VIIRS,n,2,293.25,3.5,D,0,VIIRS_NOAA20_SP
28.76246,95.88277,346.77,0.47,0.64,2023-11-26,730,N20,VIIRS,n,2,298.09,14.96,D,0,VIIRS_NOAA20_SP
28.7627,95.88647,367.0,0.47,0.64,2023-11-26,730,N20,VIIRS,h,2,298.57,19.25,D,0,VIIRS_NOAA20_SP
28.79225,76.88528,339.26,0.46,0.47,2023-11-26,730,N20,VIIRS,n,2,294.26,7.11,D,0,VIIRS_NOAA20_SP
28.88412,76.51746,333.59,0.48,0.48,2023-11-26,730,N20,VIIRS,n,2,291.01,3.89,D,0,VIIRS_NOAA20_SP
28.9883,79.16297,329.16,0.52,0.41,2023-11-26,730,N20,VIIRS,n,2,302.65,2.67,D,0,VIIRS_NOAA20_SP
29.03858,76.20543,327.93,0.5,0.49,2023-11-26,730,N20,VIIRS,n,2,291.69,3.76,D,0,VIIRS_NOAA20_SP
29.06851,77.79779,339.11,0.4,0.45,2023-11-26,730,N20,VIIRS,n,2,297.19,4.81,D,0,VIIRS_NOAA20_SP
29.06865,77.79826,339.38,0.41,0.45,2023-11-26,730,N20,VIIRS,n,2,297.9,5.46,D,0,VIIRS_NOAA20_SP
29.07563,77.40973,339.68,0.43,0.46,2023-11-26,730,N20,VIIRS,n,2,297.79,5.21,D,0,VIIRS_NOAA20_SP
29.10128,77.31421,328.69,0.43,0.46,2023-11-26,730,N20,VIIRS,n,2,296.17,2.38,D,0,VIIRS_NOAA20_SP
29.13294,77.4054,325.26,0.42,0.46,2023-11-26,730,N20,VIIRS,n,2,296.21,1.79,D,0,VIIRS_NOAA20_SP
29.15384,77.35936,327.45,0.43,0.46,2023-11-26,730,N20,VIIRS,n,2,294.16,2.62,D,0,VIIRS_NOAA20_SP
29.1632,77.87132,333.41,0.4,0.44,2023-11-26,730,N20,VIIRS,n,2,294.28,1.55,D,0,VIIRS_NOAA20_SP
29.18291,77.60953,341.97,0.41,0.45,2023-11-26,730,N20,VIIRS,n,2,297.07,4.5,D,0,VIIRS_NOAA20_SP
29.1903,77.62506,325.29,0.41,0.45,2023-11-26,730,N20,VIIRS,n,2,297.28,1.94,D,0,VIIRS_NOAA20_SP
29.19103,77.30079,327.97,0.43,0.46,2023-11-26,730,N20,VIIRS,n,2,288.56,3.01,D,0,VIIRS_NOAA20_SP
29.19321,77.44783,334.15,0.42,0.45,2023-11-26,730,N20,VIIRS,n,2,296.23,2.48,D,0,VIIRS_NOAA20_SP
29.19494,77.92638,327.39,0.4,0.44,2023-11-26,730,N20,VIIRS,n,2,297.59,1.23,D,0,VIIRS_NOAA20_SP
29.20906,77.65502,330.86,0.41,0.45,2023-11-26,730,N20,VIIRS,n,2,297.25,2.36,D,0,VIIRS_NOAA20_SP
29.21679,76.72507,341.36,0.46,0.47,2023-11-26,730,N20,VIIRS,n,2,299.37,4.01,D,0,VIIRS_NOAA20_SP
29.23003,76.31039,326.63,0.49,0.48,2023-11-26,730,N20,VIIRS,n,2,292.06,3.36,D,0,VIIRS_NOAA20_SP
29.2526,77.61757,327.57,0.41,0.45,2023-11-26,730,N20,VIIRS,n,2,295.4,2.46,D,0,VIIRS_NOAA20_SP
29.27953,76.5864,350.41,0.47,0.48,2023-11-26,730,N20,VIIRS,n,2,302.9,12.46,D,0,VIIRS_NOAA20_SP
29.29594,77.41295,336.56,0.42,0.45,2023-11-26,730,N20,VIIRS,n,2,294.94,2.78,D,0,VIIRS_NOAA20_SP
29.30426,77.56118,325.82,0.41,0.45,2023-11-26,730,N20,VIIRS,n,2,297.18,1.66,D,0,VIIRS_NOAA20_SP
29.3065,77.40121,341.86,0.42,0.45,2023-11-26,730,N20,VIIRS,n,2,295.54,4.07,D,0,VIIRS_NOAA20_SP
29.31469,77.38722,329.47,0.42,0.45,2023-11-26,730,N20,VIIRS,n,2,294.98,2.26,D,0,VIIRS_NOAA20_SP
29.3452,76.81371,340.28,0.45,0.47,2023-11-26,730,N20,VIIRS,n,2,296.38,4.51,D,0,VIIRS_NOAA20_SP
29.39459,77.44202,328.16,0.42,0.45,2023-11-26,730,N20,VIIRS,n,2,296.18,1.78,D,0,VIIRS_NOAA20_SP
29.45058,77.38816,337.53,0.42,0.45,2023-11-26,730,N20,VIIRS,n,2,294.16,4.17,D,0,VIIRS_NOAA20_SP
29.54573,77.47823,325.29,0.41,0.45,2023-11-26,730,N20,VIIRS,n,2,296.64,1.85,D,0,VIIRS_NOAA20_SP
29.59127,77.66582,328.28,0.4,0.44,2023-11-26,730,N20,VIIRS,n,2,296.98,1.71,D,0,VIIRS_NOAA20_SP
29.59173,77.66582,328.89,0.4,0.44,2023-11-26,730,N20,VIIRS,n,2,297.41,1.37,D,0,VIIRS_NOAA20_SP
29.61667,77.685,330.98,0.4,0.44,2023-11-26,730,N20,VIIRS,n,2,295.93,2.77,D,0,VIIRS_NOAA20_SP
29.66468,77.69379,338.63,0.4,0.44,2023-11-26,730,N20,VIIRS,n,2,294.3,4.63,D,0,VIIRS_NOAA20_SP
29.74985,77.91497,325.58,0.39,0.44,2023-11-26,730,N20,VIIRS,n,2,296.01,1.16,D,0,VIIRS_NOAA20_SP
29.80499,77.70019,327.65,0.4,0.44,2023-11-26,730,N20,VIIRS,n,2,294.88,2.27,D,0,VIIRS_NOAA20_SP
29.82849,78.0513,330.18,0.57,0.43,2023-11-26,730,N20,VIIRS,n,2,294.08,4.26,D,0,VIIRS_NOAA20_SP
29.96411,80.60619,336.62,0.44,0.38,2023-11-26,730,N20,VIIRS,n,2,276.69,5.06,D,0,VIIRS_NOAA20_SP
29.49623,74.15333,335.02,0.32,0.55,2023-11-26,731,N20,VIIRS,n,2,289.06,5.59,D,0,VIIRS_NOAA20_SP
29.50054,74.15234,367.0,0.32,0.55,2023-11-26,731,N20,VIIRS,h,2,292.78,10.42,D,0,VIIRS_NOAA20_SP
29.50112,74.15189,367.0,0.32,0.55,2023-11-26,731,N20,VIIRS,h,2,290.89,5.59,D,0,VIIRS_NOAA20_SP
29.58938,74.26389,330.8,0.63,0.54,2023-11-26,731,N20,VIIRS,n,2,295.61,5.17,D,0,VIIRS_NOAA20_SP
29.6223,69.99017,326.21,0.56,0.69,2023-11-26,731,N20,VIIRS,n,2,294.12,8.68,D,0,VIIRS_NOAA20_SP
29.63235,69.97805,325.4,0.56,0.69,2023-11-26,731,N20,VIIRS,n,2,290.61,3.58,D,0,VIIRS_NOAA20_SP
29.64224,69.9903,326.44,0.56,0.69,2023-11-26,731,N20,VIIRS,n,2,292.61,4.26,D,0,VIIRS_NOAA20_SP
29.74483,75.81499,348.52,0.51,0.49,2023-11-26,731,N20,VIIRS,n,2,287.52,8.24,D,0,VIIRS_NOAA20_SP
29.85744,77.83025,334.78,0.39,0.44,2023-11-26,731,N20,VIIRS,n,2,294.52,1.97,D,0,VIIRS_NOAA20_SP
29.87552,77.92055,338.23,0.39,0.44,2023-11-26,731,N20,VIIRS,n,2,294.79,3.65,D,0,VIIRS_NOAA20_SP
29.93211,77.25552,336.21,0.42,0.45,2023-11-26,731,N20,VIIRS,n,2,287.11,3.62,D,0,VIIRS_NOAA20_SP
30.41241,75.20165,332.24,0.53,0.5,2023-11-26,731,N20,VIIRS,n,2,284.79,4.68,D,0,VIIRS_NOAA20_SP
30.47742,75.25723,337.94,0.53,0.5,2023-11-26,731,N20,VIIRS,n,2,283.5,5.18,D,0,VIIRS_NOAA20_SP
30.52577,74.77569,333.15,0.56,0.52,2023-11-26,731,N20,VIIRS,n,2,277.37,2.86,D,0,VIIRS_NOAA20_SP
30.52758,74.77399,328.17,0.56,0.52,2023-11-26,731,N20,VIIRS,n,2,276.97,5.93,D,0,VIIRS_NOAA20_SP
30.64421,74.90171,337.51,0.55,0.51,2023-11-26,731,N20,VIIRS,n,2,287.33,6.08,D,0,VIIRS_NOAA20_SP
30.69039,77.77741,331.3,0.57,0.43,2023-11-26,731,N20,VIIRS,n,2,287.1,4.66,D,0,VIIRS_NOAA20_SP
30.71843,78.06678,329.25,0.55,0.43,2023-11-26,731,N20,VIIRS,n,2,285.14,2.73,D,0,VIIRS_NOAA20_SP
30.89952,76.36986,333.31,0.45,0.47,2023-11-26,731,N20,VIIRS,n,2,284.96,3.61,D,0,VIIRS_NOAA20_SP
31.15437,75.14883,331.27,0.52,0.5,2023-11-26,731,N20,VIIRS,n,2,276.39,4.84,D,0,VIIRS_NOAA20_SP
31.18269,78.09222,330.19,0.54,0.42,2023-11-26,731,N20,VIIRS,n,2,290.75,16.06,D,0,VIIRS_NOAA20_SP
31.40047,75.28307,326.38,0.5,0.49,2023-11-26,731,N20,VIIRS,n,2,278.19,3.36,D,0,VIIRS_NOAA20_SP
32.1347,75.0553,341.65,0.5,0.49,2023-11-26,731,N20,VIIRS,n,2,288.16,12.46,D,0,VIIRS_NOAA20_SP
32.13717,75.05275,355.69,0.5,0.49,2023-11-26,731,N20,VIIRS,n,2,287.39,16.13,D,0,VIIRS_NOAA20_SP
32.65251,72.17587,325.13,0.36,0.57,2023-11-26,732,N20,VIIRS,n,2,279.24,1.47,D,0,VIIRS_NOAA20_SP
22.34309,69.88596,367.0,0.37,0.58,2023-11-26,909,N20,VIIRS,h,2,292.7,72.17,D,0,VIIRS_NOAA20_SP
29.6276,69.9759,339.87,0.45,0.63,2023-11-26,911,N20,VIIRS,n,2,295.88,3.9,D,0,VIIRS_NOAA20_SP
29.62792,69.98077,329.8,0.45,0.63,2023-11-26,911,N20,VIIRS,n,2,295.54,3.9,D,0,VIIRS_NOAA20_SP
31.19086,70.92779,328.67,0.52,0.67,2023-11-26,912,N20,VIIRS,n,2,291.81,3.8,D,0,VIIRS_NOAA20_SP
31.52111,70.64234,339.06,0.51,0.66,2023-11-26,912,N20,VIIRS,n,2,292.04,4.26,D,0,VIIRS_NOAA20_SP
32.12458,71.04758,330.24,0.54,0.68,2023-11-26,912,N20,VIIRS,n,2,290.23,4.44,D,0,VIIRS_NOAA20_SP
32.12753,71.05005,326.71,0.54,0.68,2023-11-26,912,N20,VIIRS,n,2,290.19,4.25,D,0,VIIRS_NOAA20_SP
28.34327,97.01539,298.77,0.78,0.78,2023-11-26,1814,N20,VIIRS,n,2,277.69,2.08,N,0,VIIRS_NOAA20_SP
28.34578,97.0157,299.8,0.78,0.78,2023-11-26,1814,N20,VIIRS,n,2,279.11,3.44,N,0,VIIRS_NOAA20_SP
28.3548,97.07998,298.15,0.78,0.78,2023-11-26,1814,N20,VIIRS,n,2,278.81,3.07,N,0,VIIRS_NOAA20_SP
28.35502,97.07522,311.18,0.78,0.78,2023-11-26,1814,N20,VIIRS,n,2,278.42,3.07,N,0,VIIRS_NOAA20_SP
28.35755,97.08459,295.28,0.78,0.78,2023-11-26,1814,N20,VIIRS,n,2,277.24,1.68,N,0,VIIRS_NOAA20_SP
28.35778,97.07885,311.0,0.78,0.78,2023-11-26,1814,N20,VIIRS,n,2,277.42,3.55,N,0,VIIRS_NOAA20_SP
24.54521,97.73723,296.5,0.65,0.73,2023-11-26,1815,N20,VIIRS,n,2,285.48,0.95,N,0,VIIRS_NOAA20_SP
24.78063,97.89894,299.39,0.64,0.72,2023-11-26,1815,N20,VIIRS,n,2,283.99,0.99,N,0,VIIRS_NOAA20_SP
24.78383,97.89793,302.06,0.64,0.72,2023-11-26,1815,N20,VIIRS,n,2,283.98,0.97,N,0,VIIRS_NOAA20_SP
28.34255,97.04302,333.06,0.34,0.56,2023-11-26,1954,N20,VIIRS,n,2,282.13,3.49,N,0,VIIRS_NOAA20_SP
28.34501,97.04442,322.93,0.34,0.56,2023-11-26,1954,N20,VIIRS,n,2,281.29,3.81,N,0,VIIRS_NOAA20_SP
28.3459,97.04063,327.58,0.34,0.56,2023-11-26,1954,N20,VIIRS,n,2,279.86,3.65,N,0,VIIRS_NOAA20_SP
28.34968,97.04741,298.27,0.34,0.56,2023-11-26,1954,N20,VIIRS,n,2,278.77,0.64,N,0,VIIRS_NOAA20_SP
23.98202,97.7916,296.4,0.48,0.64,2023-11-26,1955,N20,VIIRS,n,2,286.23,0.74,N,0,VIIRS_NOAA20_SP
24.52353,97.79642,305.1,0.47,0.64,2023-11-26,1955,N20,VIIRS,n,2,285.87,1.33,N,2,VIIRS_NOAA20_SP
24.52412,97.79577,307.35,0.46,0.64,2023-11-26,1955,N20,VIIRS,n,2,286.18,1.4,N,2,VIIRS_NOAA20_SP
24.54362,97.73682,300.84,0.46,0.64,2023-11-26,1955,N20,VIIRS,n,2,285.97,1.06,N,0,VIIRS_NOAA20_SP
24.77943,97.90029,306.94,0.47,0.64,2023-11-26,1955,N20,VIIRS,n,2,284.23,1.1,N,0,VIIRS_NOAA20_SP
24.96173,97.8291,298.84,0.46,0.63,2023-11-26,1955,N20,VIIRS,n,2,282.29,0.71,N,0,VIIRS_NOAA20_SP
26.77318,94.50339,302.99,0.52,0.5,2023-11-26,1955,N20,VIIRS,n,2,287.86,0.95,N,0,VIIRS_NOAA20_SP
26.78509,94.67158,298.57,0.53,0.5,2023-11-26,1955,N20,VIIRS,n,2,288.18,0.57,N,2,VIIRS_NOAA20_SP
27.31809,95.26343,301.4,0.56,0.52,2023-11-26,1955,N20,VIIRS,n,2,288.01,0.67,N,2,VIIRS_NOAA20_SP
27.31952,95.26598,301.74,0.56,0.52,2023-11-26,1955,N20,VIIRS,n,2,288.14,0.96,N,2,VIIRS_NOAA20_SP
27.37907,95.085,298.07,0.55,0.51,2023-11-26,1955,N20,VIIRS,n,2,287.57,0.65,N,2,VIIRS_NOAA20_SP
27.46916,95.42148,303.82,0.57,0.52,2023-11-26,1955,N20,VIIRS,n,2,287.79,1.11,N,2,VIIRS_NOAA20_SP
27.53466,95.39993,297.41,0.57,0.52,2023-11-26,1955,N20,VIIRS,n,2,286.63,0.36,N,2,VIIRS_NOAA20_SP
27.60343,95.40124,306.69,0.57,0.52,2023-11-26,1955,N20,VIIRS,n,2,286.97,0.91,N,2,VIIRS_NOAA20_SP
27.60486,95.40147,315.75,0.57,0.52,2023-11-26,1955,N20,VIIRS,n,2,287.79,1.21,N,2,VIIRS_NOAA20_SP
27.60807,95.40254,299.47,0.57,0.52,2023-11-26,1955,N20,VIIRS,n,2,287.16,0.91,N,2,VIIRS_NOAA20_SP
27.6435,80.06504,296.7,0.47,0.47,2023-11-26,1955,N20,VIIRS,n,2,284.28,0.34,N,0,VIIRS_NOAA20_SP
27.72571,84.81597,297.38,0.41,0.37,2023-11-26,1955,N20,VIIRS,n,2,286.13,0.5,N,0,VIIRS_NOAA20_SP
29.08649,88.01157,303.14,0.39,0.36,2023-11-26,1955,N20,VIIRS,n,2,266.23,1.48,N,0,VIIRS_NOAA20_SP
29.22535,88.35218,299.46,0.39,0.36,2023-11-26,1955,N20,VIIRS,n,2,269.17,0.8,N,2,VIIRS_NOAA20_SP
22.05062,88.1247,322.77,0.43,0.38,2023-11-26,1956,N20,VIIRS,n,2,293.51,2.01,N,2,VIIRS_NOAA20_SP
22.05407,88.12539,314.38,0.43,0.38,2023-11-26,1956,N20,VIIRS,n,2,298.39,2.01,N,2,VIIRS_NOAA20_SP
22.05479,88.12127,305.61,0.43,0.38,2023-11-26,1956,N20,VIIRS,n,2,295.11,0.95,N,2,VIIRS_NOAA20_SP
22.05967,88.11375,309.79,0.43,0.38,2023-11-26,1956,N20,VIIRS,n,2,290.42,0.9,N,0,VIIRS_NOAA20_SP
22.24284,87.38987,317.39,0.41,0.37,2023-11-26,1956,N20,VIIRS,n,2,292.0,1.64,N,2,VIIRS_NOAA20_SP
22.35867,87.28747,308.99,0.4,0.37,2023-11-26,1956,N20,VIIRS,n,2,291.53,1.68,N,2,VIIRS_NOAA20_SP
22.36201,87.01828,317.85,0.4,0.37,2023-11-26,1956,N20,VIIRS,n,2,293.04,1.63,N,2,VIIRS_NOAA20_SP
22.36345,87.30039,314.1,0.4,0.37,2023-11-26,1956,N20,VIIRS,n,2,292.86,1.42,N,2,VIIRS_NOAA20_SP
22.36535,87.01891,314.18,0.4,0.37,2023-11-26,1956,N20,VIIRS,n,2,293.07,1.63,N,2,VIIRS_NOAA20_SP
22.36598,87.01509,311.79,0.4,0.37,2023-11-26,1956,N20,VIIRS,n,2,291.23,1.87,N,2,VIIRS_NOAA20_SP
22.36745,87.29716,304.89,0.4,0.37,2023-11-26,1956,N20,VIIRS,n,2,291.12,1.42,N,2,VIIRS_NOAA20_SP
22.37016,87.3017,314.67,0.4,0.37,2023-11-26,1956,N20,VIIRS,n,2,292.4,1.53,N,2,VIIRS_NOAA20_SP
22.37739,87.2791,325.52,0.4,0.37,2023-11-26,1956,N20,VIIRS,n,2,294.82,3.31,N,2,VIIRS_NOAA20_SP
22.37836,87.28249,304.4,0.4,0.37,2023-11-26,1956,N20,VIIRS,n,2,292.55,1.37,N,2,VIIRS_NOAA20_SP
22.37901,87.27863,327.37,0.4,0.37,2023-11-26,1956,N20,VIIRS,n,2,293.89,2.57,N,2,VIIRS_NOAA20_SP
22.47449,91.73212,310.81,0.43,0.46,2023-11-26,1956,N20,VIIRS,n,2,289.36,0.77,N,2,VIIRS_NOAA20_SP
22.47668,88.00266,302.56,0.42,0.38,2023-11-26,1956,N20,VIIRS,n,2,291.18,0.69,N,0,VIIRS_NOAA20_SP
22.47853,90.70869,301.91,0.56,0.43,2023-11-26,1956,N20,VIIRS,n,2,291.68,0.83,N,0,VIIRS_NOAA20_SP
22.53695,91.69949,306.06,0.43,0.46,2023-11-26,1956,N20,VIIRS,n,2,287.69,0.84,N,2,VIIRS_NOAA20_SP
22.58996,85.90678,317.21,0.38,0.36,2023-11-26,1956,N20,VIIRS,n,2,290.31,1.27,N,2,VIIRS_NOAA20_SP
22.59384,85.90368,300.95,0.38,0.36,2023-11-26,1956,N20,VIIRS,n,2,289.61,1.27,N,2,VIIRS_NOAA20_SP
22.78486,86.20145,303.45,0.39,0.36,2023-11-26,1956,N20,VIIRS,n,2,290.86,0.94,N,2,VIIRS_NOAA20_SP
22.78816,86.20206,302.59,0.39,0.36,2023-11-26,1956,N20,VIIRS,n,2,290.94,1.13,N,2,VIIRS_NOAA20_SP
22.78875,86.19835,310.14,0.39,0.36,2023-11-26,1956,N20,VIIRS,n,2,293.2,1.13,N,2,VIIRS_NOAA20_SP
22.79025,86.21011,316.96,0.39,0.36,2023-11-26,1956,N20,VIIRS,n,2,292.0,1.48,N,2,VIIRS_NOAA20_SP
22.79085,86.2064,303.68,0.39,0.36,2023-11-26,1956,N20,VIIRS,n,2,292.2,1.48,N,2,VIIRS_NOAA20_SP
22.79534,86.19957,318.52,0.39,0.36,2023-11-26,1956,N20,VIIRS,n,2,291.43,0.85,N,3,VIIRS_NOAA20_SP
22.79803,86.20391,303.83,0.39,0.36,2023-11-26,1956,N20,VIIRS,n,2,290.42,0.85,N,2,VIIRS_NOAA20_SP
22.79863,86.20019,302.34,0.39,0.36,2023-11-26,1956,N20,VIIRS,n,2,291.59,0.85,N,2,VIIRS_NOAA20_SP
22.79943,86.08933,306.31,0.38,0.36,2023-11-26,1956,N20,VIIRS,n,2,291.4,0.88,N,2,VIIRS_NOAA20_SP
22.80272,86.08994,304.18,0.38,0.36,2023-11-26,1956,N20,VIIRS,n,2,290.55,0.88,N,2,VIIRS_NOAA20_SP
22.81049,86.08372,311.59,0.38,0.36,2023-11-26,1956,N20,VIIRS,n,2,290.93,0.8,N,2,VIIRS_NOAA20_SP
22.81378,86.08434,300.56,0.38,0.36,2023-11-26,1956,N20,VIIRS,n,2,290.01,0.51,N,2,VIIRS_NOAA20_SP
22.81707,86.08495,302.22,0.38,0.36,2023-11-26,1956,N20,VIIRS,n,2,289.51,0.51,N,2,VIIRS_NOAA20_SP
22.87505,86.06128,311.72,0.38,0.36,2023-11-26,1956,N20,VIIRS,n,2,289.38,1.79,N,2,VIIRS_NOAA20_SP
22.91135,86.07095,304.34,0.38,0.36,2023-11-26,1956,N20,VIIRS,n,2,288.19,0.57,N,2,VIIRS_NOAA20_SP
22.94164,85.96566,296.55,0.38,0.36,2023-11-26,1956,N20,VIIRS,n,2,286.06,0.4,N,0,VIIRS_NOAA20_SP
22.96383,85.99654,299.44,0.38,0.36,2023-11-26,1956,N20,VIIRS,n,2,287.73,0.41,N,0,VIIRS_NOAA20_SP
23.48369,87.36207,324.76,0.4,0.37,2023-11-26,1956,N20,VIIRS,n,2,292.89,2.29,N,2,VIIRS_NOAA20_SP
23.51181,87.27614,300.41,0.4,0.37,2023-11-26,1956,N20,VIIRS,n,2,290.0,1.24,N,2,VIIRS_NOAA20_SP
23.5515,87.24423,309.05,0.4,0.37,2023-11-26,1956,N20,VIIRS,n,2,293.57,2.37,N,3,VIIRS_NOAA20_SP
23.55419,87.24872,304.71,0.4,0.37,2023-11-26,1956,N20,VIIRS,n,2,291.57,1.3,N,3,VIIRS_NOAA20_SP
23.55546,87.24105,330.52,0.4,0.37,2023-11-26,1956,N20,VIIRS,n,2,291.87,2.37,N,2,VIIRS_NOAA20_SP
23.55879,87.2417,305.37,0.4,0.37,2023-11-26,1956,N20,VIIRS,n,2,289.6,0.81,N,2,VIIRS_NOAA20_SP
23.55943,87.23786,325.45,0.4,0.37,2023-11-26,1956,N20,VIIRS,n,2,290.68,1.53,N,2,VIIRS_NOAA20_SP
23.56006,87.23403,306.22,0.4,0.37,2023-11-26,1956,N20,VIIRS,n,2,289.55,1.53,N,2,VIIRS_NOAA20_SP
23.56074,87.08427,305.19,0.39,0.36,2023-11-26,1956,N20,VIIRS,n,2,290.25,0.79,N,2,VIIRS_NOAA20_SP
23.56343,87.08872,306.52,0.39,0.36,2023-11-26,1956,N20,VIIRS,n,2,291.24,1.14,N,2,VIIRS_NOAA20_SP
23.60394,87.1513,300.8,0.39,0.36,2023-11-26,1956,N20,VIIRS,n,2,290.14,0.79,N,2,VIIRS_NOAA20_SP
23.61123,87.14877,303.4,0.39,0.36,2023-11-26,1956,N20,VIIRS,n,2,291.81,1.05,N,2,VIIRS_NOAA20_SP
23.61186,87.14495,306.38,0.39,0.36,2023-11-26,1956,N20,VIIRS,n,2,292.68,1.13,N,2,VIIRS_NOAA20_SP
23.61247,86.78913,301.64,0.39,0.36,2023-11-26,1956,N20,VIIRS,n,2,290.19,0.7,N,2,VIIRS_NOAA20_SP
23.61462,86.8597,300.1,0.39,0.36,2023-11-26,1956,N20,VIIRS,n,2,289.2,0.74,N,0,VIIRS_NOAA20_SP
23.61578,86.78976,305.21,0.39,0.36,2023-11-26,1956,N20,VIIRS,n,2,290.88,0.7,N,2,VIIRS_NOAA20_SP
23.61892,85.68146,300.68,0.38,0.36,2023-11-26,1956,N20,VIIRS,n,2,288.63,0.62,N,0,VIIRS_NOAA20_SP
23.62023,86.88811,298.46,0.39,0.36,2023-11-26,1956,N20,VIIRS,n,2,288.14,0.31,N,0,VIIRS_NOAA20_SP
23.63391,86.29819,315.47,0.38,0.36,2023-11-26,1956,N20,VIIRS,n,2,288.81,1.46,N,2,VIIRS_NOAA20_SP
23.63451,86.29446,298.79,0.38,0.36,2023-11-26,1956,N20,VIIRS,n,2,288.13,1.28,N,2,VIIRS_NOAA20_SP
23.64021,85.69688,296.6,0.38,0.36,2023-11-26,1956,N20,VIIRS,n,2,286.11,0.23,N,0,VIIRS_NOAA20_SP
23.64868,85.46404,298.77,0.39,0.36,2023-11-26,1956,N20,VIIRS,n,2,287.22,0.37,N,0,VIIRS_NOAA20_SP
23.65003,85.56797,301.05,0.38,0.36,2023-11-26,1956,N20,VIIRS,n,2,288.78,0.53,N,2,VIIRS_NOAA20_SP
23.65382,87.24391,313.77,0.4,0.37,2023-11-26,1956,N20,VIIRS,n,2,291.06,1.29,N,0,VIIRS_NOAA20_SP
23.65597,85.50748,297.76,0.39,0.36,2023-11-26,1956,N20,VIIRS,n,2,287.68,0.67,N,2,VIIRS_NOAA20_SP
23.6628,85.55106,298.71,0.39,0.36,2023-11-26,1956,N20,VIIRS,n,2,286.81,0.62,N,2,VIIRS_NOAA20_SP
23.66401,86.9118,306.92,0.39,0.36,2023-11-26,1956,N20,VIIRS,n,2,289.58,0.94,N,2,VIIRS_NOAA20_SP
23.66543,84.99873,301.25,0.39,0.36,2023-11-26,1956,N20,VIIRS,n,2,287.04,0.81,N,2,VIIRS_NOAA20_SP
23.66862,86.42034,314.68,0.39,0.36,2023-11-26,1956,N20,VIIRS,n,2,291.68,1.39,N,2,VIIRS_NOAA20_SP
23.66931,84.99554,310.9,0.39,0.36,2023-11-26,1956,N20,VIIRS,n,2,288.15,1.32,N,2,VIIRS_NOAA20_SP
23.66986,86.09343,300.32,0.38,0.36,2023-11-26,1956,N20,VIIRS,n,2,289.07,0.72,N,2,VIIRS_NOAA20_SP
23.67022,86.93642,327.82,0.39,0.36,2023-11-26,1956,N20,VIIRS,n,2,291.19,2.14,N,2,VIIRS_NOAA20_SP
23.67084,86.93262,301.08,0.39,0.36,2023-11-26,1956,N20,VIIRS,n,2,291.03,2.14,N,2,VIIRS_NOAA20_SP
23.67251,86.41722,301.85,0.39,0.36,2023-11-26,1956,N20,VIIRS,n,2,290.25,0.88,N,0,VIIRS_NOAA20_SP
23.67433,86.08657,338.15,0.38,0.36,2023-11-26,1956,N20,VIIRS,n,2,290.51,5.78,N,2,VIIRS_NOAA20_SP
23.6749,86.40224,307.09,0.39,0.36,2023-11-26,1956,N20,VIIRS,n,2,295.66,1.16,N,2,VIIRS_NOAA20_SP
23.6761,86.39475,301.51,0.39,0.36,2023-11-26,1956,N20,VIIRS,n,2,289.84,1.43,N,0,VIIRS_NOAA20_SP
23.67821,86.08345,314.3,0.38,0.36,2023-11-26,1956,N20,VIIRS,n,2,292.39,1.29,N,2,VIIRS_NOAA20_SP
23.6788,86.39912,303.13,0.39,0.36,2023-11-26,1956,N20,VIIRS,n,2,292.8,1.16,N,2,VIIRS_NOAA20_SP
23.67914,86.09899,302.38,0.38,0.36,2023-11-26,1956,N20,VIIRS,n,2,290.78,1.49,N,2,VIIRS_NOAA20_SP
23.67972,86.09527,309.66,0.38,0.36,2023-11-26,1956,N20,VIIRS,n,2,289.64,1.81,N,2,VIIRS_NOAA20_SP
23.6815,86.08406,303.18,0.38,0.36,2023-11-26,1956,N20,VIIRS,n,2,290.2,1.29,N,2,VIIRS_NOAA20_SP
23.68269,86.39599,313.78,0.39,0.36,2023-11-26,1956,N20,VIIRS,n,2,290.21,1.75,N,2,VIIRS_NOAA20_SP
23.68329,86.39225,320.66,0.39,0.36,2023-11-26,1956,N20,VIIRS,n,2,292.63,1.75,N,2,VIIRS_NOAA20_SP
23.68361,86.09214,301.65,0.38,0.36,2023-11-26,1956,N20,VIIRS,n,2,290.71,1.17,N,2,VIIRS_NOAA20_SP
23.68419,86.08841,302.26,0.38,0.36,2023-11-26,1956,N20,VIIRS,n,2,288.44,1.07,N,2,VIIRS_NOAA20_SP
23.68658,86.39286,324.0,0.39,0.36,2023-11-26,1956,N20,VIIRS,n,2,293.0,1.75,N,2,VIIRS_NOAA20_SP
23.68718,86.38913,308.39,0.39,0.36,2023-11-26,1956,N20,VIIRS,n,2,292.25,1.76,N,2,VIIRS_NOAA20_SP
23.68791,87.12031,325.95,0.39,0.36,2023-11-26,1956,N20,VIIRS,n,2,294.02,1.73,N,2,VIIRS_NOAA20_SP
23.69047,86.38975,306.96,0.39,0.36,2023-11-26,1956,N20,VIIRS,n,2,293.65,1.51,N,2,VIIRS_NOAA20_SP
23.69105,87.10123,302.39,0.39,0.36,2023-11-26,1956,N20,VIIRS,n,2,291.04,0.81,N,2,VIIRS_NOAA20_SP
23.69123,87.12096,303.6,0.39,0.36,2023-11-26,1956,N20,VIIRS,n,2,292.62,1.73,N,2,VIIRS_NOAA20_SP
23.69167,87.09742,305.65,0.39,0.36,2023-11-26,1956,N20,VIIRS,n,2,292.54,1.28,N,2,VIIRS_NOAA20_SP
23.69311,87.1095,306.28,0.39,0.36,2023-11-26,1956,N20,VIIRS,n,2,291.82,1.52,N,2,VIIRS_NOAA20_SP
23.69374,87.10568,304.08,0.39,0.36,2023-11-26,1956,N20,VIIRS,n,2,291.31,0.81,N,2,VIIRS_NOAA20_SP
23.69456,87.12159,317.82,0.39,0.36,2023-11-26,1956,N20,VIIRS,n,2,293.41,2.16,N,2,VIIRS_NOAA20_SP
23.69591,85.29095,302.65,0.39,0.36,2023-11-26,1956,N20,VIIRS,n,2,287.67,0.8,N,0,VIIRS_NOAA20_SP
23.69706,87.10633,300.67,0.39,0.36,2023-11-26,1956,N20,VIIRS,n,2,290.49,0.97,N,2,VIIRS_NOAA20_SP
23.70936,85.42472,300.3,0.39,0.36,2023-11-26,1956,N20,VIIRS,n,2,286.89,0.44,N,2,VIIRS_NOAA20_SP
23.71609,86.44444,305.34,0.39,0.36,2023-11-26,1956,N20,VIIRS,n,2,292.08,1.2,N,2,VIIRS_NOAA20_SP
23.7167,86.4407,308.17,0.39,0.36,2023-11-26,1956,N20,VIIRS,n,2,292.04,1.07,N,2,VIIRS_NOAA20_SP
23.71879,86.4488,310.29,0.39,0.36,2023-11-26,1956,N20,VIIRS,n,2,297.82,1.2,N,2,VIIRS_NOAA20_SP
23.71939,86.44506,308.79,0.39,0.36,2023-11-26,1956,N20,VIIRS,n,2,297.63,1.2,N,2,VIIRS_NOAA20_SP
23.71999,86.44131,313.59,0.39,0.36,2023-11-26,1956,N20,VIIRS,n,2,292.42,1.07,N,2,VIIRS_NOAA20_SP
23.72164,85.00841,310.03,0.39,0.36,2023-11-26,1956,N20,VIIRS,n,2,287.12,1.21,N,2,VIIRS_NOAA20_SP
23.72268,86.44567,308.46,0.39,0.36,2023-11-26,1956,N20,VIIRS,n,2,295.98,2.99,N,2,VIIRS_NOAA20_SP
23.72388,86.43819,304.39,0.39,0.36,2023-11-26,1956,N20,VIIRS,n,2,292.62,1.14,N,2,VIIRS_NOAA20_SP
23.72458,85.52386,298.61,0.39,0.36,2023-11-26,1956,N20,VIIRS,n,2,287.78,0.52,N,2,VIIRS_NOAA20_SP
23.72718,86.43882,303.77,0.39,0.36,2023-11-26,1956,N20,VIIRS,n,2,292.87,1.14,N,2,VIIRS_NOAA20_SP
23.73348,86.75758,311.4,0.39,0.36,2023-11-26,1956,N20,VIIRS,n,2,291.66,1.03,N,2,VIIRS_NOAA20_SP
23.73651,85.02274,304.82,0.39,0.36,2023-11-26,1956,N20,VIIRS,n,2,290.17,1.34,N,2,VIIRS_NOAA20_SP
23.73822,85.01137,319.77,0.39,0.36,2023-11-26,1956,N20,VIIRS,n,2,293.26,1.57,N,2,VIIRS_NOAA20_SP
23.73879,85.00758,305.4,0.39,0.36,2023-11-26,1956,N20,VIIRS,n,2,289.72,1.57,N,2,VIIRS_NOAA20_SP
23.74453,85.50436,315.38,0.39,0.36,2023-11-26,1956,N20,VIIRS,n,2,288.24,1.62,N,2,VIIRS_NOAA20_SP
23.74664,86.42319,312.35,0.39,0.36,2023-11-26,1956,N20,VIIRS,n,2,293.45,0.99,N,2,VIIRS_NOAA20_SP
23.74724,86.41945,305.42,0.39,0.36,2023-11-26,1956,N20,VIIRS,n,2,292.04,0.99,N,2,VIIRS_NOAA20_SP
23.74725,85.50871,304.26,0.39,0.36,2023-11-26,1956,N20,VIIRS,n,2,287.83,0.8,N,2,VIIRS_NOAA20_SP
23.75114,86.41633,307.65,0.39,0.36,2023-11-26,1956,N20,VIIRS,n,2,292.8,1.03,N,2,VIIRS_NOAA20_SP
23.75406,85.85934,305.3,0.38,0.36,2023-11-26,1956,N20,VIIRS,n,2,293.85,2.02,N,2,VIIRS_NOAA20_SP
23.75683,86.40198,333.53,0.39,0.36,2023-11-26,1956,N20,VIIRS,n,2,293.63,3.57,N,2,VIIRS_NOAA20_SP
23.75803,86.39449,302.92,0.39,0.36,2023-11-26,1956,N20,VIIRS,n,2,290.99,1.42,N,2,VIIRS_NOAA20_SP
23.75852,85.85248,327.64,0.38,0.36,2023-11-26,1956,N20,VIIRS,n,2,293.43,3.92,N,2,VIIRS_NOAA20_SP
23.76012,86.40259,344.84,0.39,0.36,2023-11-26,1956,N20,VIIRS,n,2,296.32,3.57,N,2,VIIRS_NOAA20_SP
23.76072,86.39885,327.7,0.39,0.36,2023-11-26,1956,N20,VIIRS,n,2,294.12,3.57,N,2,VIIRS_NOAA20_SP
23.76101,86.41818,308.87,0.39,0.36,2023-11-26,1956,N20,VIIRS,n,2,289.86,0.68,N,2,VIIRS_NOAA20_SP
23.76192,86.39136,310.77,0.39,0.36,2023-11-26,1956,N20,VIIRS,n,2,294.74,1.42,N,2,VIIRS_NOAA20_SP
23.76372,86.38013,302.72,0.39,0.36,2023-11-26,1956,N20,VIIRS,n,2,291.68,0.87,N,2,VIIRS_NOAA20_SP
23.76461,86.39573,308.03,0.39,0.36,2023-11-26,1956,N20,VIIRS,n,2,296.88,1.67,N,2,VIIRS_NOAA20_SP
23.76521,86.39198,327.33,0.39,0.36,2023-11-26,1956,N20,VIIRS,n,2,301.35,1.67,N,2,VIIRS_NOAA20_SP
23.7673,86.40009,311.56,0.39,0.36,2023-11-26,1956,N20,VIIRS,n,2,295.94,1.86,N,2,VIIRS_NOAA20_SP
23.7676,86.37701,306.72,0.39,0.36,2023-11-26,1956,N20,VIIRS,n,2,295.13,1.57,N,2,VIIRS_NOAA20_SP
23.7679,86.39635,310.91,0.39,0.36,2023-11-26,1956,N20,VIIRS,n,2,296.28,1.67,N,2,VIIRS_NOAA20_SP
23.76821,86.37326,314.33,0.39,0.36,2023-11-26,1956,N20,VIIRS,n,2,296.76,1.93,N,2,VIIRS_NOAA20_SP
23.7685,86.3926,313.13,0.39,0.36,2023-11-26,1956,N20,VIIRS,n,2,298.96,1.67,N,2,VIIRS_NOAA20_SP
23.7697,86.38511,304.66,0.39,0.36,2023-11-26,1956,N20,VIIRS,n,2,292.79,2.26,N,2,VIIRS_NOAA20_SP
23.7706,86.40071,302.55,0.39,0.36,2023-11-26,1956,N20,VIIRS,n,2,291.95,1.17,N,2,VIIRS_NOAA20_SP
23.77068,86.01229,298.01,0.38,0.36,2023-11-26,1956,N20,VIIRS,n,2,287.47,0.35,N,0,VIIRS_NOAA20_SP
23.77139,86.2044,303.99,0.38,0.36,2023-11-26,1956,N20,VIIRS,n,2,289.71,0.92,N,2,VIIRS_NOAA20_SP
23.77199,86.20066,307.19,0.38,0.36,2023-11-26,1956,N20,VIIRS,n,2,292.07,0.92,N,2,VIIRS_NOAA20_SP
23.77239,86.38948,307.49,0.39,0.36,2023-11-26,1956,N20,VIIRS,n,2,295.41,2.09,N,2,VIIRS_NOAA20_SP
23.77258,86.19692,305.59,0.38,0.36,2023-11-26,1956,N20,VIIRS,n,2,290.17,0.86,N,2,VIIRS_NOAA20_SP
23.77409,86.20876,307.56,0.38,0.36,2023-11-26,1956,N20,VIIRS,n,2,291.5,1.23,N,2,VIIRS_NOAA20_SP
23.77551,86.91691,299.84,0.39,0.36,2023-11-26,1956,N20,VIIRS,n,2,287.98,0.62,N,0,VIIRS_NOAA20_SP
23.77568,86.39009,329.81,0.39,0.36,2023-11-26,1956,N20,VIIRS,n,2,295.71,2.09,N,2,VIIRS_NOAA20_SP
23.77628,86.38634,323.07,0.39,0.36,2023-11-26,1956,N20,VIIRS,n,2,295.13,2.09,N,2,VIIRS_NOAA20_SP
23.77658,86.36327,311.81,0.39,0.36,2023-11-26,1956,N20,VIIRS,n,2,293.43,1.57,N,2,VIIRS_NOAA20_SP
23.77738,86.20937,310.6,0.38,0.36,2023-11-26,1956,N20,VIIRS,n,2,291.97,1.23,N,2,VIIRS_NOAA20_SP
23.77797,86.20564,308.4,0.38,0.36,2023-11-26,1956,N20,VIIRS,n,2,293.69,2.49,N,2,VIIRS_NOAA20_SP
23.77838,86.39446,325.67,0.39,0.36,2023-11-26,1956,N20,VIIRS,n,2,299.81,2.65,N,2,VIIRS_NOAA20_SP
23.77898,86.39071,320.38,0.39,0.36,2023-11-26,1956,N20,VIIRS,n,2,297.19,2.17,N,2,VIIRS_NOAA20_SP
23.77957,86.34457,331.65,0.38,0.36,2023-11-26,1956,N20,VIIRS,n,2,293.62,2.17,N,2,VIIRS_NOAA20_SP
23.77958,86.38697,321.06,0.39,0.36,2023-11-26,1956,N20,VIIRS,n,2,292.41,2.17,N,2,VIIRS_NOAA20_SP
23.78067,86.20998,303.56,0.38,0.36,2023-11-26,1956,N20,VIIRS,n,2,292.22,1.7,N,2,VIIRS_NOAA20_SP
23.78126,86.20625,343.45,0.38,0.36,2023-11-26,1956,N20,VIIRS,n,2,298.18,2.64,N,2,VIIRS_NOAA20_SP
23.78167,86.39508,326.42,0.39,0.36,2023-11-26,1956,N20,VIIRS,n,2,297.56,2.65,N,2,VIIRS_NOAA20_SP
23.78197,86.37199,325.39,0.39,0.36,2023-11-26,1956,N20,VIIRS,n,2,294.37,2.33,N,2,VIIRS_NOAA20_SP
23.78226,86.34892,300.03,0.38,0.36,2023-11-26,1956,N20,VIIRS,n,2,288.18,1.02,N,2,VIIRS_NOAA20_SP
23.78227,86.39133,327.72,0.39,0.36,2023-11-26,1956,N20,VIIRS,n,2,297.26,2.17,N,2,VIIRS_NOAA20_SP
23.78286,86.34519,302.0,0.38,0.36,2023-11-26,1956,N20,VIIRS,n,2,290.33,2.17,N,2,VIIRS_NOAA20_SP
23.78455,86.20686,306.08,0.38,0.36,2023-11-26,1956,N20,VIIRS,n,2,289.81,2.64,N,2,VIIRS_NOAA20_SP
23.78465,86.33396,313.48,0.38,0.36,2023-11-26,1956,N20,VIIRS,n,2,295.22,1.92,N,2,VIIRS_NOAA20_SP
23.78794,86.33458,315.28,0.38,0.36,2023-11-26,1956,N20,VIIRS,n,2,295.21,1.64,N,2,VIIRS_NOAA20_SP
23.78854,86.33083,302.12,0.38,0.36,2023-11-26,1956,N20,VIIRS,n,2,290.76,0.61,N,2,VIIRS_NOAA20_SP
23.78915,86.3695,307.75,0.39,0.36,2023-11-26,1956,N20,VIIRS,n,2,291.35,0.82,N,2,VIIRS_NOAA20_SP
23.79154,86.35452,302.76,0.38,0.36,2023-11-26,1956,N20,VIIRS,n,2,290.8,1.65,N,2,VIIRS_NOAA20_SP
23.79214,86.35078,316.43,0.38,0.36,2023-11-26,1956,N20,VIIRS,n,2,293.31,1.65,N,2,VIIRS_NOAA20_SP
23.79397,85.55898,304.57,0.39,0.36,2023-11-26,1956,N20,VIIRS,n,2,291.92,1.58,N,0,VIIRS_NOAA20_SP
23.79428,87.07335,307.16,0.39,0.36,2023-11-26,1956,N20,VIIRS,n,2,294.02,2.38,N,0,VIIRS_NOAA20_SP
23.79543,86.3514,324.22,0.38,0.36,2023-11-26,1956,N20,VIIRS,n,2,294.93,1.65,N,2,VIIRS_NOAA20_SP
23.79662,86.34392,303.68,0.38,0.36,2023-11-26,1956,N20,VIIRS,n,2,293.35,1.63,N,2,VIIRS_NOAA20_SP
23.79684,86.23611,302.59,0.38,0.36,2023-11-26,1956,N20,VIIRS,n,2,289.68,0.66,N,2,VIIRS_NOAA20_SP
23.79866,87.04668,304.53,0.39,0.36,2023-11-26,1956,N20,VIIRS,n,2,291.76,1.01,N,2,VIIRS_NOAA20_SP
23.80051,86.3408,307.69,0.38,0.36,2023-11-26,1956,N20,VIIRS,n,2,293.76,1.15,N,2,VIIRS_NOAA20_SP
23.8023,86.32957,320.15,0.38,0.36,2023-11-26,1956,N20,VIIRS,n,2,293.67,2.56,N,2,VIIRS_NOAA20_SP
23.80345,85.54146,301.24,0.39,0.36,2023-11-26,1956,N20,VIIRS,n,2,288.84,0.81,N,0,VIIRS_NOAA20_SP
23.80559,86.33019,336.83,0.38,0.36,2023-11-26,1956,N20,VIIRS,n,2,297.46,2.56,N,2,VIIRS_NOAA20_SP
23.80618,86.32645,304.55,0.38,0.36,2023-11-26,1956,N20,VIIRS,n,2,293.59,2.98,N,2,VIIRS_NOAA20_SP
23.8071,84.84763,308.54,0.39,0.36,2023-11-26,1956,N20,VIIRS,n,2,290.67,0.91,N,2,VIIRS_NOAA20_SP
23.80797,86.31522,314.51,0.38,0.36,2023-11-26,1956,N20,VIIRS,n,2,297.36,3.22,N,2,VIIRS_NOAA20_SP
23.81766,84.84558,314.43,0.39,0.36,2023-11-26,1956,N20,VIIRS,n,2,285.12,1.93,N,0,VIIRS_NOAA20_SP
23.82085,85.4945,301.14,0.39,0.36,2023-11-26,1956,N20,VIIRS,n,2,289.54,0.85,N,2,VIIRS_NOAA20_SP
23.82357,85.49886,308.34,0.39,0.36,2023-11-26,1956,N20,VIIRS,n,2,294.35,0.98,N,2,VIIRS_NOAA20_SP
23.82414,85.4951,299.45,0.39,0.36,2023-11-26,1956,N20,VIIRS,n,2,288.7,0.98,N,2,VIIRS_NOAA20_SP
23.82547,85.46448,298.18,0.39,0.36,2023-11-26,1956,N20,VIIRS,n,2,287.05,0.36,N,2,VIIRS_NOAA20_SP
23.82686,85.49946,309.36,0.39,0.36,2023-11-26,1956,N20,VIIRS,n,2,293.04,0.98,N,2,VIIRS_NOAA20_SP
23.83808,85.47063,303.98,0.39,0.36,2023-11-26,1956,N20,VIIRS,n,2,288.0,1.22,N,0,VIIRS_NOAA20_SP
23.83943,84.94663,299.45,0.39,0.36,2023-11-26,1956,N20,VIIRS,n,2,286.15,0.95,N,0,VIIRS_NOAA20_SP
23.92573,85.3433,298.48,0.39,0.36,2023-11-26,1956,N20,VIIRS,n,2,285.7,0.5,N,2,VIIRS_NOAA20_SP
24.11792,86.35608,299.64,0.38,0.36,2023-11-26,1956,N20,VIIRS,n,2,288.03,0.46,N,2,VIIRS_NOAA20_SP
24.11911,86.34858,299.59,0.38,0.36,2023-11-26,1956,N20,VIIRS,n,2,287.61,0.99,N,0,VIIRS_NOAA20_SP
24.13459,82.73016,298.66,0.46,0.39,2023-11-26,1956,N20,VIIRS,n,2,273.87,0.37,N,0,VIIRS_NOAA20_SP
24.14228,82.5649,296.95,0.47,0.39,2023-11-26,1956,N20,VIIRS,n,2,272.99,0.91,N,0,VIIRS_NOAA20_SP
24.18028,82.64748,297.66,0.46,0.39,2023-11-26,1956,N20,VIIRS,n,2,269.58,1.02,N,0,VIIRS_NOAA20_SP
24.20486,82.71122,302.1,0.46,0.39,2023-11-26,1956,N20,VIIRS,n,2,274.95,1.13,N,2,VIIRS_NOAA20_SP
24.20844,82.71194,309.52,0.46,0.39,2023-11-26,1956,N20,VIIRS,n,2,275.36,1.13,N,2,VIIRS_NOAA20_SP
24.41404,85.4827,297.98,0.39,0.36,2023-11-26,1956,N20,VIIRS,n,2,287.31,0.48,N,0,VIIRS_NOAA20_SP
24.92343,84.15691,299.02,0.41,0.37,2023-11-26,1956,N20,VIIRS,n,2,286.38,0.62,N,0,VIIRS_NOAA20_SP
24.92801,84.14936,295.87,0.41,0.37,2023-11-26,1956,N20,VIIRS,n,2,285.41,0.71,N,0,VIIRS_NOAA20_SP
19.58147,83.27945,300.44,0.4,0.37,2023-11-26,1957,N20,VIIRS,n,2,288.77,0.5,N,0,VIIRS_NOAA20_SP
20.24252,86.60778,309.43,0.4,0.37,2023-11-26,1957,N20,VIIRS,n,2,293.95,2.62,N,2,VIIRS_NOAA20_SP
20.51587,85.72631,301.65,0.39,0.36,2023-11-26,1957,N20,VIIRS,n,2,291.33,1.12,N,2,VIIRS_NOAA20_SP
20.6776,85.99005,301.1,0.39,0.36,2023-11-26,1957,N20,VIIRS,n,2,290.21,0.56,N,0,VIIRS_NOAA20_SP
20.76151,85.29548,302.1,0.38,0.36,2023-11-26,1957,N20,VIIRS,n,2,290.95,0.91,N,0,VIIRS_NOAA20_SP
20.76208,85.29182,312.85,0.38,0.36,2023-11-26,1957,N20,VIIRS,n,2,292.39,0.91,N,2,VIIRS_NOAA20_SP
20.7843,85.25818,306.76,0.38,0.36,2023-11-26,1957,N20,VIIRS,n,2,291.01,0.94,N,2,VIIRS_NOAA20_SP
20.78644,85.26608,309.26,0.38,0.36,2023-11-26,1957,N20,VIIRS,n,2,292.46,0.82,N,2,VIIRS_NOAA20_SP
20.78702,85.26242,309.58,0.38,0.36,2023-11-26,1957,N20,VIIRS,n,2,293.03,1.34,N,2,VIIRS_NOAA20_SP
20.78759,85.25877,308.2,0.38,0.36,2023-11-26,1957,N20,VIIRS,n,2,292.67,1.34,N,2,VIIRS_NOAA20_SP
20.78973,85.26667,304.43,0.38,0.36,2023-11-26,1957,N20,VIIRS,n,2,290.69,0.82,N,2,VIIRS_NOAA20_SP
20.79203,85.25204,311.02,0.38,0.36,2023-11-26,1957,N20,VIIRS,n,2,291.78,2.01,N,2,VIIRS_NOAA20_SP
20.79533,85.25262,342.67,0.38,0.36,2023-11-26,1957,N20,VIIRS,n,2,294.81,5.12,N,2,VIIRS_NOAA20_SP
20.79804,85.25687,313.95,0.38,0.36,2023-11-26,1957,N20,VIIRS,n,2,290.71,5.12,N,2,VIIRS_NOAA20_SP
20.80133,85.25745,302.66,0.38,0.36,2023-11-26,1957,N20,VIIRS,n,2,290.41,0.87,N,2,VIIRS_NOAA20_SP
20.80462,85.25803,315.42,0.38,0.36,2023-11-26,1957,N20,VIIRS,n,2,292.9,0.87,N,2,VIIRS_NOAA20_SP
20.8052,85.25438,301.85,0.38,0.36,2023-11-26,1957,N20,VIIRS,n,2,291.03,0.87,N,2,VIIRS_NOAA20_SP
20.80849,85.25496,317.75,0.38,0.36,2023-11-26,1957,N20,VIIRS,n,2,293.31,2.49,N,2,VIIRS_NOAA20_SP
20.82456,86.95707,320.95,0.4,0.37,2023-11-26,1957,N20,VIIRS,n,2,291.65,1.49,N,0,VIIRS_NOAA20_SP
20.83889,70.68581,300.04,0.77,0.77,2023-11-26,1957,N20,VIIRS,n,2,289.85,2.23,N,0,VIIRS_NOAA20_SP
20.86678,84.99072,312.99,0.38,0.36,2023-11-26,1957,N20,VIIRS,n,2,287.79,1.24,N,2,VIIRS_NOAA20_SP
20.88882,84.97954,300.05,0.38,0.36,2023-11-26,1957,N20,VIIRS,n,2,289.87,0.63,N,2,VIIRS_NOAA20_SP
20.94201,86.06004,330.31,0.39,0.36,2023-11-26,1957,N20,VIIRS,n,2,294.17,1.72,N,2,VIIRS_NOAA20_SP
20.94261,86.05634,309.55,0.39,0.36,2023-11-26,1957,N20,VIIRS,n,2,292.53,1.72,N,2,VIIRS_NOAA20_SP
20.95116,86.0463,328.79,0.39,0.36,2023-11-26,1957,N20,VIIRS,n,2,292.47,1.77,N,2,VIIRS_NOAA20_SP
20.96017,85.17651,315.33,0.38,0.36,2023-11-26,1957,N20,VIIRS,n,2,287.42,1.32,N,2,VIIRS_NOAA20_SP
20.96074,85.17285,307.24,0.38,0.36,2023-11-26,1957,N20,VIIRS,n,2,288.53,1.83,N,2,VIIRS_NOAA20_SP
20.96146,85.14663,306.34,0.38,0.36,2023-11-26,1957,N20,VIIRS,n,2,290.71,1.64,N,0,VIIRS_NOAA20_SP
20.96189,85.16552,313.17,0.38,0.36,2023-11-26,1957,N20,VIIRS,n,2,291.76,1.69,N,2,VIIRS_NOAA20_SP
20.96346,85.17709,325.92,0.38,0.36,2023-11-26,1957,N20,VIIRS,n,2,294.71,2.02,N,2,VIIRS_NOAA20_SP
20.96403,85.17343,335.46,0.38,0.36,2023-11-26,1957,N20,VIIRS,n,2,294.86,2.0,N,2,VIIRS_NOAA20_SP
20.96437,86.00686,323.45,0.39,0.36,2023-11-26,1957,N20,VIIRS,n,2,291.7,1.79,N,2,VIIRS_NOAA20_SP
20.96461,85.16977,316.11,0.38,0.36,2023-11-26,1957,N20,VIIRS,n,2,294.67,2.0,N,2,VIIRS_NOAA20_SP
20.96518,85.16611,303.37,0.38,0.36,2023-11-26,1957,N20,VIIRS,n,2,289.15,2.01,N,2,VIIRS_NOAA20_SP
20.96633,85.15878,302.24,0.38,0.36,2023-11-26,1957,N20,VIIRS,n,2,290.9,1.23,N,2,VIIRS_NOAA20_SP
20.96675,85.17768,305.24,0.38,0.36,2023-11-26,1957,N20,VIIRS,n,2,289.58,2.02,N,2,VIIRS_NOAA20_SP
20.96707,86.01116,305.89,0.39,0.36,2023-11-26,1957,N20,VIIRS,n,2,292.48,1.63,N,2,VIIRS_NOAA20_SP
20.9679,85.17036,309.96,0.38,0.36,2023-11-26,1957,N20,VIIRS,n,2,291.68,2.0,N,2,VIIRS_NOAA20_SP
20.96832,85.01605,334.41,0.38,0.36,2023-11-26,1957,N20,VIIRS,n,2,293.23,1.41,N,0,VIIRS_NOAA20_SP
20.96889,85.01239,297.41,0.38,0.36,2023-11-26,1957,N20,VIIRS,n,2,286.42,1.41,N,0,VIIRS_NOAA20_SP
20.97062,85.1746,339.63,0.38,0.36,2023-11-26,1957,N20,VIIRS,n,2,292.87,3.23,N,2,VIIRS_NOAA20_SP
20.97104,85.0203,302.38,0.38,0.36,2023-11-26,1957,N20,VIIRS,n,2,288.36,1.37,N,0,VIIRS_NOAA20_SP
20.97119,85.17094,328.64,0.38,0.36,2023-11-26,1957,N20,VIIRS,n,2,293.39,3.23,N,2,VIIRS_NOAA20_SP
20.97161,85.01663,298.48,0.38,0.36,2023-11-26,1957,N20,VIIRS,n,2,286.21,1.41,N,0,VIIRS_NOAA20_SP
20.97177,85.16727,303.72,0.38,0.36,2023-11-26,1957,N20,VIIRS,n,2,293.35,1.26,N,2,VIIRS_NOAA20_SP
20.97217,86.00067,307.74,0.39,0.36,2023-11-26,1957,N20,VIIRS,n,2,292.65,1.6,N,2,VIIRS_NOAA20_SP
20.97488,86.00498,312.67,0.39,0.36,2023-11-26,1957,N20,VIIRS,n,2,291.61,1.39,N,2,VIIRS_NOAA20_SP
20.97506,85.16785,306.54,0.38,0.36,2023-11-26,1957,N20,VIIRS,n,2,292.12,1.26,N,2,VIIRS_NOAA20_SP
20.9785,85.14588,318.78,0.38,0.36,2023-11-26,1957,N20,VIIRS,n,2,291.18,1.92,N,2,VIIRS_NOAA20_SP
20.98524,85.12718,301.57,0.38,0.36,2023-11-26,1957,N20,VIIRS,n,2,288.08,1.32,N,2,VIIRS_NOAA20_SP
21.00222,86.0252,306.17,0.39,0.36,2023-11-26,1957,N20,VIIRS,n,2,290.71,0.99,N,0,VIIRS_NOAA20_SP
21.07585,85.04525,300.41,0.38,0.36,2023-11-26,1957,N20,VIIRS,n,2,289.91,1.31,N,2,VIIRS_NOAA20_SP
21.07642,85.04159,327.82,0.38,0.36,2023-11-26,1957,N20,VIIRS,n,2,291.44,1.94,N,2,VIIRS_NOAA20_SP
21.07699,85.03791,307.74,0.38,0.36,2023-11-26,1957,N20,VIIRS,n,2,292.22,1.94,N,2,VIIRS_NOAA20_SP
21.08029,85.0385,311.21,0.38,0.36,2023-11-26,1957,N20,VIIRS,n,2,291.59,1.67,N,2,VIIRS_NOAA20_SP
21.67798,84.03793,309.77,0.4,0.37,2023-11-26,1957,N20,VIIRS,n,2,274.57,1.56,N,2,VIIRS_NOAA20_SP
21.73334,83.9802,301.43,0.4,0.37,2023-11-26,1957,N20,VIIRS,n,2,283.51,0.48,N,0,VIIRS_NOAA20_SP
21.75451,84.02311,311.95,0.4,0.37,2023-11-26,1957,N20,VIIRS,n,2,283.75,1.49,N,2,VIIRS_NOAA20_SP
21.75786,84.02368,321.16,0.4,0.37,2023-11-26,1957,N20,VIIRS,n,2,284.53,1.62,N,2,VIIRS_NOAA20_SP
21.76044,83.84277,298.5,0.4,0.37,2023-11-26,1957,N20,VIIRS,n,2,259.85,0.81,N,2,VIIRS_NOAA20_SP
21.76178,84.02042,301.06,0.4,0.37,2023-11-26,1957,N20,VIIRS,n,2,285.83,1.62,N,2,VIIRS_NOAA20_SP
21.7657,84.01716,304.22,0.4,0.37,2023-11-26,1957,N20,VIIRS,n,2,284.6,1.12,N,2,VIIRS_NOAA20_SP
21.76792,84.02539,302.04,0.4,0.37,2023-11-26,1957,N20,VIIRS,n,2,281.78,1.53,N,2,VIIRS_NOAA20_SP
21.76905,84.01773,313.42,0.4,0.37,2023-11-26,1957,N20,VIIRS,n,2,285.07,1.12,N,2,VIIRS_NOAA20_SP
21.77184,84.02213,296.94,0.4,0.37,2023-11-26,1957,N20,VIIRS,n,2,282.39,0.4,N,2,VIIRS_NOAA20_SP
21.80833,84.92592,298.04,0.39,0.36,2023-11-26,1957,N20,VIIRS,n,2,287.08,0.32,N,0,VIIRS_NOAA20_SP
21.87957,83.55395,307.03,0.41,0.37,2023-11-26,1957,N20,VIIRS,n,2,281.18,1.26,N,2,VIIRS_NOAA20_SP
21.91936,83.34893,304.71,0.42,0.37,2023-11-26,1957,N20,VIIRS,n,2,281.95,2.02,N,2,VIIRS_NOAA20_SP
21.92221,83.35351,298.89,0.42,0.37,2023-11-26,1957,N20,VIIRS,n,2,281.72,1.86,N,2,VIIRS_NOAA20_SP
21.92278,83.34949,326.39,0.42,0.37,2023-11-26,1957,N20,VIIRS,n,2,285.31,1.86,N,2,VIIRS_NOAA20_SP
21.92903,85.2205,311.3,0.38,0.36,2023-11-26,1957,N20,VIIRS,n,2,286.92,1.03,N,2,VIIRS_NOAA20_SP
21.93232,85.22109,305.57,0.38,0.36,2023-11-26,1957,N20,VIIRS,n,2,286.1,1.03,N,2,VIIRS_NOAA20_SP
21.96921,85.3141,301.69,0.38,0.36,2023-11-26,1957,N20,VIIRS,n,2,286.45,0.68,N,2,VIIRS_NOAA20_SP
21.98064,83.23957,299.28,0.42,0.38,2023-11-26,1957,N20,VIIRS,n,2,280.77,0.97,N,2,VIIRS_NOAA20_SP
21.98524,83.23203,308.03,0.42,0.38,2023-11-26,1957,N20,VIIRS,n,2,278.94,1.34,N,2,VIIRS_NOAA20_SP
21.99109,85.32561,301.02,0.38,0.36,2023-11-26,1957,N20,VIIRS,n,2,287.11,0.54,N,2,VIIRS_NOAA20_SP
22.01823,83.75365,296.87,0.41,0.37,2023-11-26,1957,N20,VIIRS,n,2,285.35,0.56,N,0,VIIRS_NOAA20_SP
22.02373,83.37783,302.29,0.42,0.37,2023-11-26,1957,N20,VIIRS,n,2,281.68,0.66,N,2,VIIRS_NOAA20_SP
22.0352,83.73249,300.12,0.41,0.37,2023-11-26,1957,N20,VIIRS,n,2,288.02,0.67,N,2,VIIRS_NOAA20_SP
22.03799,83.35152,301.59,0.42,0.37,2023-11-26,1957,N20,VIIRS,n,2,281.46,0.95,N,2,VIIRS_NOAA20_SP
22.0414,83.73753,335.36,0.41,0.37,2023-11-26,1957,N20,VIIRS,n,2,294.58,4.14,N,2,VIIRS_NOAA20_SP
22.04197,83.73361,337.8,0.41,0.37,2023-11-26,1957,N20,VIIRS,n,2,289.85,4.14,N,2,VIIRS_NOAA20_SP
22.04536,83.73417,325.11,0.41,0.37,2023-11-26,1957,N20,VIIRS,n,2,290.37,2.47,N,2,VIIRS_NOAA20_SP
22.04593,83.73026,334.52,0.41,0.37,2023-11-26,1957,N20,VIIRS,n,2,290.35,3.6,N,2,VIIRS_NOAA20_SP
22.05429,85.46537,311.3,0.38,0.36,2023-11-26,1957,N20,VIIRS,n,2,288.75,1.06,N,2,VIIRS_NOAA20_SP
22.05724,83.72414,305.48,0.41,0.37,2023-11-26,1957,N20,VIIRS,n,2,290.08,1.07,N,2,VIIRS_NOAA20_SP
22.10406,83.52496,305.72,0.41,0.37,2023-11-26,1957,N20,VIIRS,n,2,288.06,1.02,N,0,VIIRS_NOAA20_SP
22.10463,83.52097,302.31,0.41,0.37,2023-11-26,1957,N20,VIIRS,n,2,287.25,0.97,N,0,VIIRS_NOAA20_SP
22.10747,83.52552,298.83,0.41,0.37,2023-11-26,1957,N20,VIIRS,n,2,287.9,0.56,N,0,VIIRS_NOAA20_SP
22.10804,83.52153,300.43,0.41,0.37,2023-11-26,1957,N20,VIIRS,n,2,289.16,0.6,N,0,VIIRS_NOAA20_SP
22.11284,83.12304,298.74,0.42,0.38,2023-11-26,1957,N20,VIIRS,n,2,276.33,0.71,N,0,VIIRS_NOAA20_SP
22.13319,85.41511,301.24,0.38,0.36,2023-11-26,1957,N20,VIIRS,n,2,286.05,0.39,N,2,VIIRS_NOAA20_SP
22.13509,85.3813,298.52,0.38,0.36,2023-11-26,1957,N20,VIIRS,n,2,286.7,0.58,N,2,VIIRS_NOAA20_SP
22.16774,85.43638,304.32,0.38,0.36,2023-11-26,1957,N20,VIIRS,n,2,286.78,0.83,N,2,VIIRS_NOAA20_SP
22.2077,84.86845,301.0,0.39,0.36,2023-11-26,1957,N20,VIIRS,n,2,289.71,0.99,N,2,VIIRS_NOAA20_SP
22.20884,84.86099,306.09,0.39,0.36,2023-11-26,1957,N20,VIIRS,n,2,289.61,0.8,N,2,VIIRS_NOAA20_SP
22.20929,84.88023,300.56,0.39,0.36,2023-11-26,1957,N20,VIIRS,n,2,288.16,0.74,N,2,VIIRS_NOAA20_SP
22.20986,84.8765,307.03,0.39,0.36,2023-11-26,1957,N20,VIIRS,n,2,288.97,0.74,N,2,VIIRS_NOAA20_SP
22.21113,84.84607,304.03,0.39,0.36,2023-11-26,1957,N20,VIIRS,n,2,288.33,0.78,N,2,VIIRS_NOAA20_SP
22.21158,84.8653,302.58,0.39,0.36,2023-11-26,1957,N20,VIIRS,n,2,290.09,0.8,N,2,VIIRS_NOAA20_SP
22.21215,84.86157,302.44,0.39,0.36,2023-11-26,1957,N20,VIIRS,n,2,289.98,0.8,N,2,VIIRS_NOAA20_SP
22.22757,84.76073,295.58,0.39,0.36,2023-11-26,1957,N20,VIIRS,n,2,281.02,0.36,N,0,VIIRS_NOAA20_SP
22.31526,82.73633,296.67,0.44,0.38,2023-11-26,1957,N20,VIIRS,n,2,278.25,0.78,N,0,VIIRS_NOAA20_SP
22.31533,82.73861,301.54,0.44,0.38,2023-11-26,1957,N20,VIIRS,n,2,278.33,1.03,N,0,VIIRS_NOAA20_SP
22.3211,82.56634,297.46,0.45,0.39,2023-11-26,1957,N20,VIIRS,n,2,274.03,0.97,N,2,VIIRS_NOAA20_SP
22.34461,82.57672,297.57,0.45,0.39,2023-11-26,1957,N20,VIIRS,n,2,277.45,1.06,N,0,VIIRS_NOAA20_SP
22.55879,83.05993,297.6,0.43,0.38,2023-11-26,1957,N20,VIIRS,n,2,282.52,0.29,N,0,VIIRS_NOAA20_SP
16.53823,75.1419,308.77,0.35,0.57,2023-11-26,1958,N20,VIIRS,n,2,287.79,0.69,N,0,VIIRS_NOAA20_SP
16.81493,74.7175,310.44,0.38,0.58,2023-11-26,1958,N20,VIIRS,n,2,287.18,1.58,N,0,VIIRS_NOAA20_SP
17.06321,76.97771,304.64,0.54,0.51,2023-11-26,1958,N20,VIIRS,n,2,289.19,0.98,N,2,VIIRS_NOAA20_SP
17.14728,78.22194,304.96,0.45,0.47,2023-11-26,1958,N20,VIIRS,n,2,288.82,1.09,N,2,VIIRS_NOAA20_SP
17.53291,83.00043,303.57,0.4,0.37,2023-11-26,1958,N20,VIIRS,n,2,290.81,0.92,N,2,VIIRS_NOAA20_SP
17.60438,83.20213,299.48,0.4,0.37,2023-11-26,1958,N20,VIIRS,n,2,281.38,0.56,N,2,VIIRS_NOAA20_SP
17.60772,83.20267,310.5,0.4,0.37,2023-11-26,1958,N20,VIIRS,n,2,281.84,0.56,N,2,VIIRS_NOAA20_SP
17.61106,83.20322,317.2,0.4,0.37,2023-11-26,1958,N20,VIIRS,n,2,280.95,1.35,N,2,VIIRS_NOAA20_SP
18.68413,73.04011,298.34,0.51,0.66,2023-11-26,1958,N20,VIIRS,n,2,287.65,2.64,N,2,VIIRS_NOAA20_SP
18.97359,71.61642,321.79,0.64,0.72,2023-11-26,1958,N20,VIIRS,n,2,284.28,10.88,N,3,VIIRS_NOAA20_SP
18.97713,71.61666,322.67,0.64,0.72,2023-11-26,1958,N20,VIIRS,n,2,285.91,8.55,N,3,VIIRS_NOAA20_SP
13.94446,77.72692,311.88,0.44,0.46,2023-11-26,1959,N20,VIIRS,n,2,287.97,0.76,N,0,VIIRS_NOAA20_SP
14.59012,78.58089,302.79,0.39,0.44,2023-11-26,1959,N20,VIIRS,n,2,290.97,1.07,N,0,VIIRS_NOAA20_SP
14.60599,78.52357,305.01,0.4,0.44,2023-11-26,1959,N20,VIIRS,n,2,291.69,0.76,N,2,VIIRS_NOAA20_SP
14.60648,78.5199,304.56,0.4,0.44,2023-11-26,1959,N20,VIIRS,n,2,291.21,0.76,N,2,VIIRS_NOAA20_SP
14.70718,75.32899,301.61,0.32,0.55,2023-11-26,1959,N20,VIIRS,n,2,287.58,0.25,N,0,VIIRS_NOAA20_SP
15.02243,78.011,305.51,0.43,0.46,2023-11-26,1959,N20,VIIRS,n,2,290.8,1.18,N,2,VIIRS_NOAA20_SP
15.16901,76.37639,301.49,0.55,0.51,2023-11-26,1959,N20,VIIRS,n,2,289.41,0.92,N,0,VIIRS_NOAA20_SP
15.17373,76.37701,304.56,0.55,0.51,2023-11-26,1959,N20,VIIRS,n,2,289.79,1.35,N,2,VIIRS_NOAA20_SP
15.17778,76.65507,310.56,0.53,0.5,2023-11-26,1959,N20,VIIRS,n,2,290.82,3.05,N,2,VIIRS_NOAA20_SP
15.1812,77.10213,304.03,0.5,0.49,2023-11-26,1959,N20,VIIRS,n,2,290.3,1.31,N,2,VIIRS_NOAA20_SP
15.18704,76.65623,302.14,0.53,0.5,2023-11-26,1959,N20,VIIRS,n,2,290.17,1.72,N,2,VIIRS_NOAA20_SP
15.48368,75.30416,297.28,0.33,0.55,2023-11-26,1959,N20,VIIRS,n,2,286.41,0.2,N,0,VIIRS_NOAA20_SP
15.74495,75.03492,309.76,0.35,0.56,2023-11-26,1959,N20,VIIRS,n,2,287.3,0.73,N,0,VIIRS_NOAA20_SP
15.74603,75.03613,301.06,0.35,0.57,2023-11-26,1959,N20,VIIRS,n,2,287.58,0.55,N,0,VIIRS_NOAA20_SP
15.77568,74.96008,306.65,0.35,0.57,2023-11-26,1959,N20,VIIRS,n,2,287.26,0.57,N,0,VIIRS_NOAA20_SP
15.82558,75.03298,317.47,0.35,0.57,2023-11-26,1959,N20,VIIRS,n,2,287.89,1.22,N,0,VIIRS_NOAA20_SP
15.94769,75.46154,303.4,0.33,0.55,2023-11-26,1959,N20,VIIRS,n,2,288.6,0.88,N,0,VIIRS_NOAA20_SP
16.13104,74.73373,306.98,0.37,0.58,2023-11-26,1959,N20,VIIRS,n,2,288.13,0.33,N,0,VIIRS_NOAA20_SP
16.16393,75.78808,304.3,0.63,0.54,2023-11-26,1959,N20,VIIRS,n,2,288.51,1.02,N,0,VIIRS_NOAA20_SP
16.20062,75.43279,315.8,0.33,0.55,2023-11-26,1959,N20,VIIRS,n,2,288.3,1.01,N,0,VIIRS_NOAA20_SP
16.32463,75.19154,312.6,0.34,0.56,2023-11-26,1959,N20,VIIRS,n,2,287.22,1.34,N,0,VIIRS_NOAA20_SP
16.33892,75.33953,298.23,0.34,0.56,2023-11-26,1959,N20,VIIRS,n,2,286.94,0.42,N,0,VIIRS_NOAA20_SP
9.97976,76.37494,307.25,0.47,0.48,2023-11-26,2000,N20,VIIRS,n,2,294.76,1.9,N,2,VIIRS_NOAA20_SP
7.98835,79.86598,304.34,0.43,0.38,2023-11-26,2001,N20,VIIRS,n,2,282.94,0.59,N,2,VIIRS_NOAA20_SP
7.98986,79.8667,302.93,0.43,0.38,2023-11-26,2001,N20,VIIRS,n,2,283.15,0.64,N,2,VIIRS_NOAA20_SP
33.58172,71.06743,299.73,0.49,0.48,2023-11-26,2134,N20,VIIRS,n,2,272.74,0.69,N,0,VIIRS_NOAA20_SP
33.68906,70.93781,306.61,0.48,0.48,2023-11-26,2134,N20,VIIRS,n,2,276.2,1.19,N,0,VIIRS_NOAA20_SP
26.26052,74.0955,296.38,0.54,0.68,2023-11-26,2136,N20,VIIRS,n,2,284.13,0.78,N,0,VIIRS_NOAA20_SP
26.26116,74.09383,297.27,0.54,0.68,2023-11-26,2136,N20,VIIRS,n,2,283.91,0.75,N,0,VIIRS_NOAA20_SP
28.425,69.70029,296.53,0.52,0.5,2023-11-26,2136,N20,VIIRS,n,2,286.24,0.74,N,2,VIIRS_NOAA20_SP
28.61401,68.62663,297.54,0.45,0.47,2023-11-26,2136,N20,VIIRS,n,2,285.61,0.97,N,0,VIIRS_NOAA20_SP
25.39934,68.56315,300.66,0.51,0.5,2023-11-26,2137,N20,VIIRS,n,2,285.74,0.56,N,2,VIIRS_NOAA20_SP
25.79573,68.6992,306.33,0.51,0.5,2023-11-26,2137,N20,VIIRS,n,2,286.06,0.58,N,2,VIIRS_NOAA20_SP
26.09106,68.88266,297.16,0.52,0.5,2023-11-26,2137,N20,VIIRS,n,2,285.19,0.75,N,2,VIIRS_NOAA20_SP
26.09215,68.87759,303.98,0.52,0.5,2023-11-26,2137,N20,VIIRS,n,2,285.77,0.84,N,2,VIIRS_NOAA20_SP
26.09663,68.87876,297.67,0.52,0.5,2023-11-26,2137,N20,VIIRS,n,2,285.6,0.84,N,2,VIIRS_NOAA20_SP
18.68324,73.03663,302.05,0.68,0.74,2023-11-26,2138,N20,VIIRS,n,2,287.27,1.18,N,2,VIIRS_NOAA20_SP
18.68468,73.0304,300.74,0.68,0.74,2023-11-26,2138,N20,VIIRS,n,2,287.14,1.18,N,2,VIIRS_NOAA20_SP
20.83358,70.69245,304.86,0.43,0.62,2023-11-26,2138,N20,VIIRS,n,2,292.91,0.93,N,2,VIIRS_NOAA20_SP
20.83731,70.69109,304.1,0.43,0.62,2023-11-26,2138,N20,VIIRS,n,2,293.23,0.75,N,2,VIIRS_NOAA20_SP
16.0246,94.64542,331.07,0.44,0.39,2023-11-27,707,N20,VIIRS,n,2,299.04,11.14,D,0,VIIRS_NOAA20_SP
16.02813,94.6449,341.25,0.44,0.39,2023-11-27,707,N20,VIIRS,n,2,299.66,11.14,D,0,VIIRS_NOAA20_SP
16.12183,95.57933,331.19,0.49,0.4,2023-11-27,707,N20,VIIRS,n,2,295.41,2.52,D,0,VIIRS_NOAA20_SP
16.2853,95.48776,332.68,0.49,0.4,2023-11-27,707,N20,VIIRS,n,2,295.88,3.05,D,0,VIIRS_NOAA20_SP
16.39703,95.40368,335.14,0.48,0.4,2023-11-27,707,N20,VIIRS,n,2,295.96,2.95,D,0,VIIRS_NOAA20_SP
16.50224,96.44635,332.96,0.55,0.43,2023-11-27,707,N20,VIIRS,n,2,295.92,3.88,D,0,VIIRS_NOAA20_SP
16.51653,95.71119,336.35,0.5,0.41,2023-11-27,707,N20,VIIRS,n,2,295.25,4.26,D,0,VIIRS_NOAA20_SP
16.5289,94.95191,334.36,0.46,0.39,2023-11-27,707,N20,VIIRS,n,2,298.12,5.42,D,0,VIIRS_NOAA20_SP
16.54644,96.54322,339.23,0.56,0.43,2023-11-27,707,N20,VIIRS,n,2,295.91,5.21,D,0,VIIRS_NOAA20_SP
16.54732,96.54583,336.48,0.56,0.43,2023-11-27,707,N20,VIIRS,n,2,295.95,3.96,D,0,VIIRS_NOAA20_SP
16.55416,96.3529,335.97,0.55,0.42,2023-11-27,707,N20,VIIRS,n,2,296.45,4.74,D,0,VIIRS_NOAA20_SP
16.55763,96.60048,335.84,0.56,0.43,2023-11-27,707,N20,VIIRS,n,2,294.87,4.2,D,0,VIIRS_NOAA20_SP
16.57384,96.44422,335.86,0.55,0.43,2023-11-27,707,N20,VIIRS,n,2,297.83,9.17,D,0,VIIRS_NOAA20_SP
16.6213,96.53296,341.99,0.56,0.43,2023-11-27,707,N20,VIIRS,n,2,296.28,6.74,D,0,VIIRS_NOAA20_SP
16.63363,96.5047,338.01,0.56,0.43,2023-11-27,707,N20,VIIRS,n,2,297.34,6.1,D,0,VIIRS_NOAA20_SP
16.65907,96.57593,332.49,0.56,0.43,2023-11-27,707,N20,VIIRS,n,2,296.74,3.35,D,0,VIIRS_NOAA20_SP
16.6665,96.51086,333.46,0.56,0.43,2023-11-27,707,N20,VIIRS,n,2,296.58,5.38,D,0,VIIRS_NOAA20_SP
16.6666,96.51397,335.85,0.56,0.43,2023-11-27,707,N20,VIIRS,n,2,296.43,4.47,D,0,VIIRS_NOAA20_SP
16.67447,96.69273,330.03,0.57,0.43,2023-11-27,707,N20,VIIRS,n,2,296.58,3.7,D,0,VIIRS_NOAA20_SP
16.68506,95.02421,333.62,0.47,0.39,2023-11-27,707,N20,VIIRS,n,2,298.34,7.19,D,0,VIIRS_NOAA20_SP
16.69331,94.76006,332.29,0.45,0.39,2023-11-27,707,N20,VIIRS,n,2,297.2,1.57,D,0,VIIRS_NOAA20_SP
16.69388,96.66628,331.18,0.57,0.43,2023-11-27,707,N20,VIIRS,n,2,296.44,4.34,D,0,VIIRS_NOAA20_SP
16.7264,96.6991,333.96,0.38,0.43,2023-11-27,707,N20,VIIRS,n,2,297.18,2.07,D,0,VIIRS_NOAA20_SP
16.72666,96.57529,343.93,0.56,0.43,2023-11-27,707,N20,VIIRS,n,2,296.93,6.17,D,0,VIIRS_NOAA20_SP
16.7275,94.92957,335.63,0.46,0.39,2023-11-27,707,N20,VIIRS,n,2,298.15,6.33,D,0,VIIRS_NOAA20_SP
16.72922,94.96903,345.24,0.46,0.39,2023-11-27,707,N20,VIIRS,n,2,300.14,13.74,D,0,VIIRS_NOAA20_SP
16.73223,96.71291,346.47,0.38,0.43,2023-11-27,707,N20,VIIRS,n,2,298.68,9.95,D,0,VIIRS_NOAA20_SP
16.73282,94.96851,344.28,0.46,0.39,2023-11-27,707,N20,VIIRS,n,2,297.98,11.45,D,0,VIIRS_NOAA20_SP
16.73663,96.59009,335.41,0.57,0.43,2023-11-27,707,N20,VIIRS,n,2,297.39,8.79,D,0,VIIRS_NOAA20_SP
16.75676,97.3907,330.8,0.42,0.45,2023-11-27,707,N20,VIIRS,n,2,296.1,2.77,D,0,VIIRS_NOAA20_SP
16.75812,94.93834,332.88,0.46,0.39,2023-11-27,707,N20,VIIRS,n,2,297.23,6.22,D,0,VIIRS_NOAA20_SP
16.76794,95.94758,332.45,0.52,0.42,2023-11-27,707,N20,VIIRS,n,2,294.53,3.51,D,0,VIIRS_NOAA20_SP
16.77592,97.60855,331.66,0.44,0.46,2023-11-27,707,N20,VIIRS,n,2,294.58,1.52,D,0,VIIRS_NOAA20_SP
16.7859,95.99484,336.1,0.52,0.42,2023-11-27,707,N20,VIIRS,n,2,296.25,3.06,D,0,VIIRS_NOAA20_SP
16.78645,95.96984,335.36,0.52,0.42,2023-11-27,707,N20,VIIRS,n,2,294.47,6.52,D,0,VIIRS_NOAA20_SP
16.78972,95.99432,330.43,0.52,0.42,2023-11-27,707,N20,VIIRS,n,2,295.96,3.06,D,0,VIIRS_NOAA20_SP
16.79319,96.72961,331.11,0.39,0.44,2023-11-27,707,N20,VIIRS,n,2,296.75,3.05,D,0,VIIRS_NOAA20_SP
16.79428,95.94636,340.5,0.52,0.42,2023-11-27,707,N20,VIIRS,n,2,296.72,5.73,D,0,VIIRS_NOAA20_SP
16.79462,95.94386,340.29,0.52,0.42,2023-11-27,707,N20,VIIRS,n,2,297.62,8.16,D,0,VIIRS_NOAA20_SP
16.79542,96.73,333.2,0.38,0.44,2023-11-27,707,N20,VIIRS,n,2,296.79,3.05,D,0,VIIRS_NOAA20_SP
16.84132,96.7562,331.55,0.39,0.44,2023-11-27,707,N20,VIIRS,n,2,296.26,1.76,D,0,VIIRS_NOAA20_SP
16.87009,94.9931,343.07,0.47,0.39,2023-11-27,707,N20,VIIRS,n,2,297.22,5.99,D,0,VIIRS_NOAA20_SP
16.88541,96.6878,341.51,0.38,0.43,2023-11-27,707,N20,VIIRS,n,2,297.8,3.93,D,0,VIIRS_NOAA20_SP
16.91355,96.79825,339.17,0.39,0.44,2023-11-27,707,N20,VIIRS,n,2,297.07,3.65,D,0,VIIRS_NOAA20_SP
16.91757,96.79771,334.1,0.39,0.44,2023-11-27,707,N20,VIIRS,n,2,297.33,2.03,D,0,VIIRS_NOAA20_SP
16.94321,97.23103,330.76,0.41,0.45,2023-11-27,707,N20,VIIRS,n,2,295.99,2.32,D,0,VIIRS_NOAA20_SP
17.01052,97.07763,342.31,0.41,0.45,2023-11-27,707,N20,VIIRS,n,2,300.11,18.2,D,0,VIIRS_NOAA20_SP
17.02461,97.18913,332.53,0.41,0.45,2023-11-27,707,N20,VIIRS,n,2,297.63,2.22,D,0,VIIRS_NOAA20_SP
17.0284,95.70083,331.4,0.51,0.41,2023-11-27,707,N20,VIIRS,n,2,295.59,2.55,D,0,VIIRS_NOAA20_SP
17.03268,96.50375,334.93,0.56,0.43,2023-11-27,707,N20,VIIRS,n,2,298.52,5.21,D,0,VIIRS_NOAA20_SP
17.07709,96.31995,331.17,0.55,0.43,2023-11-27,707,N20,VIIRS,n,2,297.88,4.54,D,0,VIIRS_NOAA20_SP
17.08217,96.60545,337.41,0.57,0.43,2023-11-27,707,N20,VIIRS,n,2,299.67,12.76,D,0,VIIRS_NOAA20_SP
17.09832,96.54342,339.81,0.57,0.43,2023-11-27,707,N20,VIIRS,n,2,299.4,4.73,D,0,VIIRS_NOAA20_SP
17.10006,97.2016,329.99,0.41,0.45,2023-11-27,707,N20,VIIRS,n,2,297.07,1.6,D,0,VIIRS_NOAA20_SP
17.12717,96.27632,338.51,0.55,0.43,2023-11-27,707,N20,VIIRS,n,2,297.74,5.05,D,0,VIIRS_NOAA20_SP
17.13426,95.20609,330.0,0.48,0.4,2023-11-27,707,N20,VIIRS,n,2,297.01,1.03,D,0,VIIRS_NOAA20_SP
17.13576,97.11813,343.12,0.41,0.45,2023-11-27,707,N20,VIIRS,n,2,297.98,3.77,D,0,VIIRS_NOAA20_SP
17.15818,95.1357,340.97,0.48,0.4,2023-11-27,707,N20,VIIRS,n,2,299.89,5.08,D,0,VIIRS_NOAA20_SP
17.15878,95.14017,333.5,0.48,0.4,2023-11-27,707,N20,VIIRS,n,2,298.33,2.8,D,0,VIIRS_NOAA20_SP
17.22744,97.02441,341.61,0.41,0.45,2023-11-27,707,N20,VIIRS,n,2,299.4,4.95,D,0,VIIRS_NOAA20_SP
17.23153,97.02388,332.1,0.41,0.45,2023-11-27,707,N20,VIIRS,n,2,298.16,4.95,D,0,VIIRS_NOAA20_SP
17.23202,97.02769,332.79,0.41,0.45,2023-11-27,707,N20,VIIRS,n,2,298.16,2.82,D,0,VIIRS_NOAA20_SP
17.23563,97.02335,340.22,0.41,0.45,2023-11-27,707,N20,VIIRS,n,2,297.63,3.72,D,0,VIIRS_NOAA20_SP
17.23612,97.02715,344.44,0.41,0.45,2023-11-27,707,N20,VIIRS,n,2,299.16,11.09,D,0,VIIRS_NOAA20_SP
17.26526,96.86546,336.18,0.4,0.44,2023-11-27,707,N20,VIIRS,n,2,300.14,4.41,D,0,VIIRS_NOAA20_SP
17.26932,96.86491,336.24,0.4,0.44,2023-11-27,707,N20,VIIRS,n,2,300.72,4.41,D,0,VIIRS_NOAA20_SP
17.28127,96.63519,338.62,0.39,0.44,2023-11-27,707,N20,VIIRS,n,2,300.02,2.88,D,0,VIIRS_NOAA20_SP
17.28248,96.61296,342.11,0.38,0.43,2023-11-27,707,N20,VIIRS,n,2,300.73,4.2,D,0,VIIRS_NOAA20_SP
17.2883,95.77112,330.53,0.52,0.41,2023-11-27,707,N20,VIIRS,n,2,295.78,3.95,D,0,VIIRS_NOAA20_SP
17.29163,96.49612,330.12,0.57,0.43,2023-11-27,707,N20,VIIRS,n,2,298.41,1.97,D,0,VIIRS_NOAA20_SP
17.29179,96.84671,341.63,0.4,0.44,2023-11-27,707,N20,VIIRS,n,2,298.66,3.55,D,0,VIIRS_NOAA20_SP
17.29209,95.77058,339.1,0.52,0.41,2023-11-27,707,N20,VIIRS,n,2,296.64,3.95,D,0,VIIRS_NOAA20_SP
17.29284,96.78994,340.36,0.39,0.44,2023-11-27,707,N20,VIIRS,n,2,297.88,2.43,D,0,VIIRS_NOAA20_SP
17.2942,96.64082,336.99,0.39,0.44,2023-11-27,707,N20,VIIRS,n,2,299.3,2.3,D,0,VIIRS_NOAA20_SP
17.29699,96.50625,339.96,0.57,0.43,2023-11-27,707,N20,VIIRS,n,2,298.03,6.53,D,0,VIIRS_NOAA20_SP
17.30493,96.50517,334.5,0.57,0.43,2023-11-27,707,N20,VIIRS,n,2,298.27,3.58,D,0,VIIRS_NOAA20_SP
17.30748,96.50281,333.81,0.57,0.43,2023-11-27,707,N20,VIIRS,n,2,297.9,4.0,D,0,VIIRS_NOAA20_SP
17.30827,96.81423,335.2,0.4,0.44,2023-11-27,707,N20,VIIRS,n,2,298.1,2.55,D,0,VIIRS_NOAA20_SP
17.30849,96.84827,331.55,0.4,0.44,2023-11-27,707,N20,VIIRS,n,2,298.7,3.17,D,0,VIIRS_NOAA20_SP
17.31302,96.85146,336.27,0.4,0.44,2023-11-27,707,N20,VIIRS,n,2,297.49,5.58,D,0,VIIRS_NOAA20_SP
17.3135,96.85519,338.97,0.4,0.44,2023-11-27,707,N20,VIIRS,n,2,295.72,2.26,D,0,VIIRS_NOAA20_SP
17.32438,96.68482,330.18,0.39,0.44,2023-11-27,707,N20,VIIRS,n,2,297.82,1.85,D,0,VIIRS_NOAA20_SP
17.32486,96.68847,336.28,0.39,0.44,2023-11-27,707,N20,VIIRS,n,2,299.34,3.75,D,0,VIIRS_NOAA20_SP
17.32641,96.68825,334.67,0.39,0.44,2023-11-27,707,N20,VIIRS,n,2,298.97,2.63,D,0,VIIRS_NOAA20_SP
17.32806,96.53812,334.72,0.57,0.43,2023-11-27,707,N20,VIIRS,n,2,298.89,2.64,D,0,VIIRS_NOAA20_SP
17.3301,96.72871,340.54,0.39,0.44,2023-11-27,707,N20,VIIRS,n,2,297.74,2.96,D,0,VIIRS_NOAA20_SP
17.33785,96.85194,345.12,0.4,0.44,2023-11-27,707,N20,VIIRS,n,2,299.32,5.08,D,0,VIIRS_NOAA20_SP
17.33833,96.85568,341.27,0.4,0.44,2023-11-27,707,N20,VIIRS,n,2,299.62,5.08,D,0,VIIRS_NOAA20_SP
17.34293,96.68972,332.34,0.39,0.44,2023-11-27,707,N20,VIIRS,n,2,297.8,2.92,D,0,VIIRS_NOAA20_SP
17.34885,96.57453,340.57,0.38,0.43,2023-11-27,707,N20,VIIRS,n,2,299.78,3.12,D,0,VIIRS_NOAA20_SP
17.35545,96.85735,338.19,0.4,0.44,2023-11-27,707,N20,VIIRS,n,2,299.58,2.68,D,0,VIIRS_NOAA20_SP
17.35798,96.64689,351.46,0.39,0.44,2023-11-27,707,N20,VIIRS,n,2,299.4,5.26,D,0,VIIRS_NOAA20_SP
17.36089,95.9175,338.07,0.53,0.42,2023-11-27,707,N20,VIIRS,n,2,298.3,3.56,D,0,VIIRS_NOAA20_SP
17.36472,95.91696,331.59,0.53,0.42,2023-11-27,707,N20,VIIRS,n,2,299.04,3.56,D,0,VIIRS_NOAA20_SP
17.37416,96.67807,341.16,0.39,0.44,2023-11-27,707,N20,VIIRS,n,2,299.84,4.43,D,0,VIIRS_NOAA20_SP
17.37432,96.61516,342.93,0.39,0.44,2023-11-27,707,N20,VIIRS,n,2,301.23,5.48,D,0,VIIRS_NOAA20_SP
17.37449,96.87769,343.25,0.4,0.44,2023-11-27,707,N20,VIIRS,n,2,298.07,4.86,D,0,VIIRS_NOAA20_SP
17.37908,96.78221,338.26,0.39,0.44,2023-11-27,707,N20,VIIRS,n,2,297.89,2.76,D,0,VIIRS_NOAA20_SP
17.38216,96.58102,339.41,0.38,0.43,2023-11-27,707,N20,VIIRS,n,2,300.28,2.4,D,0,VIIRS_NOAA20_SP
17.38888,96.8605,335.45,0.4,0.44,2023-11-27,707,N20,VIIRS,n,2,298.4,5.18,D,0,VIIRS_NOAA20_SP
17.39295,96.85995,352.68,0.4,0.44,2023-11-27,707,N20,VIIRS,n,2,298.43,5.18,D,0,VIIRS_NOAA20_SP
17.39367,96.5758,331.43,0.38,0.43,2023-11-27,707,N20,VIIRS,n,2,300.4,1.99,D,0,VIIRS_NOAA20_SP
17.40582,96.67008,341.33,0.39,0.44,2023-11-27,707,N20,VIIRS,n,2,299.93,3.55,D,0,VIIRS_NOAA20_SP
17.40776,96.55923,336.75,0.38,0.43,2023-11-27,707,N20,VIIRS,n,2,299.27,3.39,D,0,VIIRS_NOAA20_SP
17.41007,95.90561,347.6,0.53,0.42,2023-11-27,707,N20,VIIRS,n,2,299.59,8.65,D,0,VIIRS_NOAA20_SP
17.4119,96.78158,329.87,0.39,0.44,2023-11-27,707,N20,VIIRS,n,2,297.73,1.94,D,0,VIIRS_NOAA20_SP
17.41222,96.56229,342.18,0.38,0.43,2023-11-27,707,N20,VIIRS,n,2,300.77,3.39,D,0,VIIRS_NOAA20_SP
17.41391,95.90508,334.09,0.53,0.42,2023-11-27,707,N20,VIIRS,n,2,299.7,4.78,D,0,VIIRS_NOAA20_SP
17.41617,96.81503,335.51,0.4,0.44,2023-11-27,707,N20,VIIRS,n,2,298.26,2.65,D,0,VIIRS_NOAA20_SP
17.42522,96.75719,334.61,0.39,0.44,2023-11-27,707,N20,VIIRS,n,2,297.23,3.1,D,0,VIIRS_NOAA20_SP
17.43638,96.74818,344.15,0.39,0.44,2023-11-27,707,N20,VIIRS,n,2,298.43,4.89,D,0,VIIRS_NOAA20_SP
17.43787,96.8235,330.09,0.4,0.44,2023-11-27,707,N20,VIIRS,n,2,297.57,1.89,D,0,VIIRS_NOAA20_SP
17.44486,95.85221,333.08,0.52,0.42,2023-11-27,707,N20,VIIRS,n,2,298.65,2.64,D,0,VIIRS_NOAA20_SP
17.44842,96.57506,338.54,0.38,0.43,2023-11-27,707,N20,VIIRS,n,2,301.66,1.99,D,0,VIIRS_NOAA20_SP
17.44931,95.85661,337.27,0.52,0.42,2023-11-27,707,N20,VIIRS,n,2,299.0,5.67,D,0,VIIRS_NOAA20_SP
17.45078,96.62633,341.49,0.39,0.44,2023-11-27,707,N20,VIIRS,n,2,300.15,5.79,D,0,VIIRS_NOAA20_SP
17.45199,95.69734,335.23,0.51,0.41,2023-11-27,707,N20,VIIRS,n,2,298.55,5.96,D,0,VIIRS_NOAA20_SP
17.51934,96.74781,335.54,0.39,0.44,2023-11-27,707,N20,VIIRS,n,2,300.6,2.26,D,0,VIIRS_NOAA20_SP
17.52595,96.86471,338.3,0.4,0.44,2023-11-27,707,N20,VIIRS,n,2,298.64,2.96,D,0,VIIRS_NOAA20_SP
17.53003,96.86417,343.67,0.4,0.44,2023-11-27,707,N20,VIIRS,n,2,300.31,7.4,D,0,VIIRS_NOAA20_SP
17.56439,96.87411,341.09,0.4,0.44,2023-11-27,707,N20,VIIRS,n,2,299.52,2.71,D,0,VIIRS_NOAA20_SP
17.56456,96.87492,340.4,0.4,0.44,2023-11-27,707,N20,VIIRS,n,2,299.4,3.22,D,0,VIIRS_NOAA20_SP
17.56647,96.78979,339.14,0.4,0.44,2023-11-27,707,N20,VIIRS,n,2,300.76,3.34,D,0,VIIRS_NOAA20_SP
17.58362,96.7951,333.71,0.4,0.44,2023-11-27,707,N20,VIIRS,n,2,300.44,1.99,D,0,VIIRS_NOAA20_SP
17.60298,96.7849,337.3,0.4,0.44,2023-11-27,707,N20,VIIRS,n,2,301.29,3.17,D,0,VIIRS_NOAA20_SP
16.85159,81.88715,345.14,0.39,0.59,2023-11-27,708,N20,VIIRS,n,2,291.55,7.95,D,0,VIIRS_NOAA20_SP
16.85233,81.89069,328.85,0.38,0.59,2023-11-27,708,N20,VIIRS,n,2,289.86,6.72,D,0,VIIRS_NOAA20_SP
16.85467,81.88988,341.14,0.39,0.59,2023-11-27,708,N20,VIIRS,n,2,289.46,6.54,D,0,VIIRS_NOAA20_SP
16.9702,81.71888,334.5,0.39,0.6,2023-11-27,708,N20,VIIRS,n,2,280.72,2.68,D,0,VIIRS_NOAA20_SP
16.98022,81.71288,327.7,0.39,0.6,2023-11-27,708,N20,VIIRS,n,2,282.09,2.52,D,0,VIIRS_NOAA20_SP
17.18874,81.61407,334.72,0.4,0.6,2023-11-27,708,N20,VIIRS,n,2,289.3,1.94,D,0,VIIRS_NOAA20_SP
17.31536,80.1731,344.71,0.49,0.65,2023-11-27,708,N20,VIIRS,n,2,291.5,6.15,D,0,VIIRS_NOAA20_SP
17.65698,82.8546,336.93,0.32,0.55,2023-11-27,708,N20,VIIRS,n,2,293.06,2.35,D,0,VIIRS_NOAA20_SP
17.69641,96.54327,337.32,0.39,0.44,2023-11-27,708,N20,VIIRS,n,2,299.77,3.3,D,0,VIIRS_NOAA20_SP
17.78653,96.56438,347.84,0.39,0.44,2023-11-27,708,N20,VIIRS,n,2,300.75,5.05,D,0,VIIRS_NOAA20_SP
17.78706,95.13156,336.93,0.48,0.4,2023-11-27,708,N20,VIIRS,n,2,298.33,4.65,D,0,VIIRS_NOAA20_SP
17.83922,95.73855,333.62,0.52,0.42,2023-11-27,708,N20,VIIRS,n,2,298.86,3.26,D,0,VIIRS_NOAA20_SP
17.89271,96.68451,341.84,0.39,0.44,2023-11-27,708,N20,VIIRS,n,2,302.09,3.82,D,0,VIIRS_NOAA20_SP
17.91232,96.64407,332.27,0.39,0.44,2023-11-27,708,N20,VIIRS,n,2,302.19,1.36,D,0,VIIRS_NOAA20_SP
17.93235,95.12983,333.25,0.49,0.4,2023-11-27,708,N20,VIIRS,n,2,299.24,3.6,D,0,VIIRS_NOAA20_SP
17.9368,96.61066,355.37,0.39,0.44,2023-11-27,708,N20,VIIRS,n,2,303.6,8.05,D,0,VIIRS_NOAA20_SP
17.96245,78.12805,332.49,0.65,0.73,2023-11-27,708,N20,VIIRS,n,2,291.24,5.86,D,0,VIIRS_NOAA20_SP
17.99166,96.58071,341.16,0.39,0.44,2023-11-27,708,N20,VIIRS,n,2,301.52,2.46,D,0,VIIRS_NOAA20_SP
17.99314,96.62564,330.18,0.39,0.44,2023-11-27,708,N20,VIIRS,l,2,300.31,1.2,D,0,VIIRS_NOAA20_SP
17.99568,96.58016,340.46,0.39,0.44,2023-11-27,708,N20,VIIRS,n,2,300.92,2.46,D,0,VIIRS_NOAA20_SP
17.9966,96.58754,333.89,0.39,0.44,2023-11-27,708,N20,VIIRS,n,2,301.97,2.21,D,0,VIIRS_NOAA20_SP
17.99706,96.59123,339.61,0.39,0.44,2023-11-27,708,N20,VIIRS,n,2,302.51,2.21,D,0,VIIRS_NOAA20_SP
18.01457,96.60014,331.12,0.39,0.44,2023-11-27,708,N20,VIIRS,n,2,302.18,1.64,D,0,VIIRS_NOAA20_SP
18.03741,96.52219,335.75,0.39,0.44,2023-11-27,708,N20,VIIRS,n,2,301.15,5.42,D,0,VIIRS_NOAA20_SP
18.03787,96.52585,341.84,0.39,0.44,2023-11-27,708,N20,VIIRS,n,2,301.43,5.42,D,0,VIIRS_NOAA20_SP
18.04587,96.58838,330.48,0.39,0.44,2023-11-27,708,N20,VIIRS,n,2,299.94,1.62,D,0,VIIRS_NOAA20_SP
18.0676,95.72286,334.49,0.52,0.42,2023-11-27,708,N20,VIIRS,n,2,300.71,2.28,D,0,VIIRS_NOAA20_SP
18.06827,95.72021,334.48,0.52,0.42,2023-11-27,708,N20,VIIRS,n,2,300.48,3.12,D,0,VIIRS_NOAA20_SP
18.08357,96.65374,341.37,0.4,0.44,2023-11-27,708,N20,VIIRS,n,2,301.84,3.27,D,0,VIIRS_NOAA20_SP
18.13296,96.71964,341.5,0.4,0.44,2023-11-27,708,N20,VIIRS,n,2,300.66,4.64,D,0,VIIRS_NOAA20_SP
18.14713,96.83377,335.02,0.41,0.45,2023-11-27,708,N20,VIIRS,n,2,298.84,3.05,D,0,VIIRS_NOAA20_SP
18.14819,96.77538,328.91,0.4,0.44,2023-11-27,708,N20,VIIRS,l,2,299.51,2.23,D,0,VIIRS_NOAA20_SP
18.15814,95.5873,337.46,0.52,0.41,2023-11-27,708,N20,VIIRS,n,2,294.86,3.69,D,0,VIIRS_NOAA20_SP
18.22358,95.32397,334.69,0.5,0.41,2023-11-27,708,N20,VIIRS,n,2,300.78,4.64,D,0,VIIRS_NOAA20_SP
18.22509,95.32587,344.08,0.5,0.41,2023-11-27,708,N20,VIIRS,n,2,300.64,6.84,D,0,VIIRS_NOAA20_SP
18.22552,96.631,336.04,0.4,0.44,2023-11-27,708,N20,VIIRS,n,2,300.93,2.76,D,0,VIIRS_NOAA20_SP
18.24785,95.50547,333.03,0.51,0.41,2023-11-27,708,N20,VIIRS,n,2,298.52,3.47,D,0,VIIRS_NOAA20_SP
18.25164,95.50494,334.48,0.51,0.41,2023-11-27,708,N20,VIIRS,n,2,299.59,3.47,D,0,VIIRS_NOAA20_SP
18.25751,96.55856,332.85,0.39,0.44,2023-11-27,708,N20,VIIRS,n,2,301.04,1.19,D,0,VIIRS_NOAA20_SP
18.2613,96.58829,339.05,0.39,0.44,2023-11-27,708,N20,VIIRS,n,2,302.68,5.81,D,0,VIIRS_NOAA20_SP
18.27056,96.56437,330.53,0.39,0.44,2023-11-27,708,N20,VIIRS,l,2,301.91,2.1,D,0,VIIRS_NOAA20_SP
18.27676,96.61276,333.92,0.4,0.44,2023-11-27,708,N20,VIIRS,n,2,302.08,2.0,D,0,VIIRS_NOAA20_SP
18.29082,96.62608,327.36,0.4,0.44,2023-11-27,708,N20,VIIRS,l,2,301.54,1.39,D,0,VIIRS_NOAA20_SP
18.30348,96.69283,340.93,0.4,0.44,2023-11-27,708,N20,VIIRS,n,2,301.31,7.74,D,0,VIIRS_NOAA20_SP
18.3064,96.58176,337.17,0.39,0.44,2023-11-27,708,N20,VIIRS,n,2,302.39,2.74,D,0,VIIRS_NOAA20_SP
18.31284,96.63414,333.18,0.4,0.44,2023-11-27,708,N20,VIIRS,n,2,301.94,2.11,D,0,VIIRS_NOAA20_SP
18.33128,96.42077,336.53,0.39,0.44,2023-11-27,708,N20,VIIRS,n,2,300.03,2.61,D,0,VIIRS_NOAA20_SP
18.34462,95.42055,335.34,0.51,0.41,2023-11-27,708,N20,VIIRS,n,2,299.65,5.26,D,0,VIIRS_NOAA20_SP
18.59,95.49966,327.94,0.52,0.41,2023-11-27,708,N20,VIIRS,l,2,299.16,3.4,D,0,VIIRS_NOAA20_SP
18.69258,95.046,345.59,0.49,0.4,2023-11-27,708,N20,VIIRS,n,2,298.59,10.75,D,0,VIIRS_NOAA20_SP
18.70748,96.40897,328.82,0.39,0.44,2023-11-27,708,N20,VIIRS,n,2,300.86,2.88,D,0,VIIRS_NOAA20_SP
18.70793,96.41267,340.71,0.39,0.44,2023-11-27,708,N20,VIIRS,n,2,300.45,3.24,D,0,VIIRS_NOAA20_SP
18.89106,96.36169,345.51,0.39,0.44,2023-11-27,708,N20,VIIRS,n,2,303.76,3.58,D,0,VIIRS_NOAA20_SP
18.89815,96.35323,337.9,0.39,0.44,2023-11-27,708,N20,VIIRS,n,2,302.87,1.85,D,0,VIIRS_NOAA20_SP
19.00742,96.46278,327.33,0.4,0.44,2023-11-27,708,N20,VIIRS,l,2,302.12,2.26,D,0,VIIRS_NOAA20_SP
19.23167,96.29491,339.23,0.39,0.44,2023-11-27,708,N20,VIIRS,n,2,301.4,1.85,D,0,VIIRS_NOAA20_SP
20.29562,96.89307,327.53,0.44,0.46,2023-11-27,708,N20,VIIRS,n,2,296.94,3.87,D,0,VIIRS_NOAA20_SP
18.73813,78.73779,326.98,0.57,0.69,2023-11-27,709,N20,VIIRS,n,2,289.21,2.41,D,0,VIIRS_NOAA20_SP
20.82411,86.95808,328.61,0.48,0.4,2023-11-27,709,N20,VIIRS,l,2,300.14,4.92,D,0,VIIRS_NOAA20_SP
21.81715,96.34554,336.47,0.42,0.45,2023-11-27,709,N20,VIIRS,n,2,298.39,3.53,D,0,VIIRS_NOAA20_SP
21.88797,94.68649,337.44,0.51,0.41,2023-11-27,709,N20,VIIRS,n,2,300.99,13.32,D,0,VIIRS_NOAA20_SP
22.0866,96.75474,331.82,0.45,0.47,2023-11-27,709,N20,VIIRS,n,2,299.71,4.35,D,0,VIIRS_NOAA20_SP
22.15655,97.0252,339.06,0.47,0.48,2023-11-27,709,N20,VIIRS,n,2,297.88,6.79,D,0,VIIRS_NOAA20_SP
22.24741,96.61574,334.84,0.44,0.46,2023-11-27,709,N20,VIIRS,n,2,299.88,3.03,D,0,VIIRS_NOAA20_SP
22.73958,87.91541,326.15,0.42,0.38,2023-11-27,709,N20,VIIRS,n,2,295.77,2.21,D,0,VIIRS_NOAA20_SP
22.79098,86.19628,339.74,0.49,0.41,2023-11-27,709,N20,VIIRS,n,2,292.7,6.44,D,2,VIIRS_NOAA20_SP
22.81606,92.23096,326.43,0.41,0.37,2023-11-27,709,N20,VIIRS,n,2,300.52,2.32,D,3,VIIRS_NOAA20_SP
22.90296,88.11636,326.03,0.41,0.37,2023-11-27,709,N20,VIIRS,n,2,294.9,3.43,D,0,VIIRS_NOAA20_SP
22.96938,88.19809,328.87,0.41,0.37,2023-11-27,709,N20,VIIRS,n,2,295.44,2.18,D,0,VIIRS_NOAA20_SP
23.0171,88.23374,328.44,0.41,0.37,2023-11-27,709,N20,VIIRS,n,2,293.17,2.29,D,0,VIIRS_NOAA20_SP
23.17118,94.01778,328.61,0.49,0.4,2023-11-27,709,N20,VIIRS,l,2,298.95,4.21,D,0,VIIRS_NOAA20_SP
23.18788,93.97149,331.16,0.49,0.4,2023-11-27,709,N20,VIIRS,n,2,298.84,2.95,D,0,VIIRS_NOAA20_SP
23.20594,87.14237,331.92,0.44,0.39,2023-11-27,709,N20,VIIRS,n,2,295.77,2.58,D,0,VIIRS_NOAA20_SP
23.21501,90.22781,329.57,0.38,0.36,2023-11-27,709,N20,VIIRS,n,2,300.25,1.43,D,0,VIIRS_NOAA20_SP
23.248,88.29174,333.38,0.41,0.37,2023-11-27,709,N20,VIIRS,n,2,294.88,2.7,D,0,VIIRS_NOAA20_SP
23.33828,90.05668,325.81,0.38,0.36,2023-11-27,709,N20,VIIRS,n,2,300.48,1.58,D,0,VIIRS_NOAA20_SP
23.34826,94.01027,339.07,0.49,0.4,2023-11-27,709,N20,VIIRS,n,2,299.65,7.1,D,0,VIIRS_NOAA20_SP
23.34965,94.00832,343.72,0.49,0.4,2023-11-27,709,N20,VIIRS,n,2,299.05,8.92,D,0,VIIRS_NOAA20_SP
23.3997,90.55534,341.42,0.39,0.36,2023-11-27,709,N20,VIIRS,n,2,289.41,4.27,D,0,VIIRS_NOAA20_SP
23.51717,87.78903,333.89,0.42,0.37,2023-11-27,709,N20,VIIRS,n,2,299.51,2.95,D,0,VIIRS_NOAA20_SP
23.60331,90.03185,329.55,0.38,0.36,2023-11-27,709,N20,VIIRS,n,2,297.5,2.18,D,3,VIIRS_NOAA20_SP
23.61208,89.66567,330.92,0.38,0.36,2023-11-27,709,N20,VIIRS,n,2,293.1,2.9,D,0,VIIRS_NOAA20_SP
23.6148,89.66133,332.52,0.38,0.36,2023-11-27,709,N20,VIIRS,n,2,294.08,2.92,D,0,VIIRS_NOAA20_SP
23.61653,89.67255,332.63,0.38,0.36,2023-11-27,709,N20,VIIRS,n,2,295.65,4.54,D,0,VIIRS_NOAA20_SP
23.63995,90.75658,328.93,0.39,0.36,2023-11-27,709,N20,VIIRS,n,2,290.81,3.35,D,0,VIIRS_NOAA20_SP
23.79176,89.75243,327.43,0.38,0.36,2023-11-27,709,N20,VIIRS,n,2,295.53,2.68,D,3,VIIRS_NOAA20_SP
23.79514,89.86321,332.67,0.38,0.36,2023-11-27,709,N20,VIIRS,n,2,299.24,4.01,D,0,VIIRS_NOAA20_SP
23.91692,89.77187,335.23,0.38,0.36,2023-11-27,709,N20,VIIRS,n,2,296.18,3.88,D,3,VIIRS_NOAA20_SP
23.96404,94.29165,335.08,0.51,0.41,2023-11-27,709,N20,VIIRS,n,2,298.61,4.59,D,0,VIIRS_NOAA20_SP
24.09841,94.74065,326.3,0.55,0.42,2023-11-27,709,N20,VIIRS,n,2,296.34,3.0,D,0,VIIRS_NOAA20_SP
24.9843,97.18533,330.7,0.52,0.5,2023-11-27,709,N20,VIIRS,n,2,297.07,2.98,D,0,VIIRS_NOAA20_SP
23.62821,86.28883,327.45,0.48,0.4,2023-11-27,710,N20,VIIRS,n,2,292.54,2.36,D,2,VIIRS_NOAA20_SP
23.68044,86.09697,329.05,0.49,0.4,2023-11-27,710,N20,VIIRS,n,2,278.82,3.59,D,2,VIIRS_NOAA20_SP
23.68443,86.39558,326.22,0.47,0.4,2023-11-27,710,N20,VIIRS,l,2,300.89,2.9,D,2,VIIRS_NOAA20_SP
23.75724,86.40097,330.95,0.47,0.4,2023-11-27,710,N20,VIIRS,l,2,302.54,4.42,D,2,VIIRS_NOAA20_SP
23.75785,85.85663,327.31,0.5,0.41,2023-11-27,710,N20,VIIRS,l,2,297.63,3.82,D,2,VIIRS_NOAA20_SP
23.75805,86.40554,335.19,0.47,0.4,2023-11-27,710,N20,VIIRS,n,2,302.53,4.42,D,2,VIIRS_NOAA20_SP
23.77721,86.38751,325.66,0.47,0.4,2023-11-27,710,N20,VIIRS,l,2,300.54,3.66,D,2,VIIRS_NOAA20_SP
23.77801,86.39204,329.17,0.47,0.4,2023-11-27,710,N20,VIIRS,l,2,302.47,3.66,D,2,VIIRS_NOAA20_SP
23.77913,86.20659,329.29,0.48,0.4,2023-11-27,710,N20,VIIRS,n,2,296.43,5.05,D,2,VIIRS_NOAA20_SP
23.7824,86.39584,329.88,0.47,0.4,2023-11-27,710,N20,VIIRS,l,2,300.38,4.86,D,2,VIIRS_NOAA20_SP
23.7864,86.33361,326.63,0.47,0.4,2023-11-27,710,N20,VIIRS,l,2,299.01,2.92,D,2,VIIRS_NOAA20_SP
23.80443,86.32994,327.37,0.47,0.4,2023-11-27,710,N20,VIIRS,n,2,289.36,3.64,D,2,VIIRS_NOAA20_SP
24.16951,89.80264,337.19,0.38,0.36,2023-11-27,710,N20,VIIRS,n,2,302.94,3.83,D,0,VIIRS_NOAA20_SP
24.26316,90.08266,332.74,0.38,0.36,2023-11-27,710,N20,VIIRS,n,2,300.81,2.61,D,0,VIIRS_NOAA20_SP
24.35655,89.37894,333.23,0.39,0.36,2023-11-27,710,N20,VIIRS,n,2,302.37,3.95,D,0,VIIRS_NOAA20_SP
24.38728,89.75572,330.78,0.38,0.36,2023-11-27,710,N20,VIIRS,l,2,302.56,3.17,D,3,VIIRS_NOAA20_SP
24.42551,89.25375,337.87,0.39,0.36,2023-11-27,710,N20,VIIRS,n,2,302.31,4.0,D,0,VIIRS_NOAA20_SP
24.44148,89.31284,335.17,0.39,0.36,2023-11-27,710,N20,VIIRS,n,2,302.58,3.54,D,0,VIIRS_NOAA20_SP
24.45209,89.27209,332.7,0.39,0.36,2023-11-27,710,N20,VIIRS,n,2,301.52,10.18,D,0,VIIRS_NOAA20_SP
24.5692,89.06332,332.32,0.39,0.36,2023-11-27,710,N20,VIIRS,n,2,301.37,1.6,D,0,VIIRS_NOAA20_SP
24.60892,89.36292,332.01,0.38,0.36,2023-11-27,710,N20,VIIRS,n,2,304.49,2.81,D,0,VIIRS_NOAA20_SP
24.63187,88.55699,332.37,0.39,0.36,2023-11-27,710,N20,VIIRS,l,2,302.75,2.34,D,0,VIIRS_NOAA20_SP
24.7253,92.96574,334.22,0.45,0.39,2023-11-27,710,N20,VIIRS,n,2,299.36,3.42,D,0,VIIRS_NOAA20_SP
24.72709,92.96207,330.57,0.45,0.39,2023-11-27,710,N20,VIIRS,n,2,298.34,2.77,D,0,VIIRS_NOAA20_SP
24.84365,89.62977,333.87,0.38,0.36,2023-11-27,710,N20,VIIRS,n,2,304.67,2.58,D,0,VIIRS_NOAA20_SP
24.95937,93.86969,326.81,0.5,0.41,2023-11-27,710,N20,VIIRS,n,2,273.44,2.95,D,0,VIIRS_NOAA20_SP
25.04355,83.91769,336.09,0.4,0.44,2023-11-27,710,N20,VIIRS,n,2,278.89,4.35,D,0,VIIRS_NOAA20_SP
25.17662,96.9379,333.68,0.5,0.49,2023-11-27,710,N20,VIIRS,n,2,296.2,3.86,D,0,VIIRS_NOAA20_SP
25.20513,83.79476,342.61,0.41,0.45,2023-11-27,710,N20,VIIRS,n,2,266.27,5.5,D,0,VIIRS_NOAA20_SP
25.21635,93.92754,340.78,0.51,0.41,2023-11-27,710,N20,VIIRS,n,2,285.66,19.62,D,0,VIIRS_NOAA20_SP
25.22446,96.89944,330.34,0.5,0.49,2023-11-27,710,N20,VIIRS,n,2,297.4,1.72,D,0,VIIRS_NOAA20_SP
25.22734,96.83879,329.32,0.5,0.49,2023-11-27,710,N20,VIIRS,n,2,297.82,2.28,D,0,VIIRS_NOAA20_SP
25.24678,96.51419,326.18,0.48,0.48,2023-11-27,710,N20,VIIRS,n,2,298.34,2.72,D,0,VIIRS_NOAA20_SP
25.24724,96.51673,327.48,0.48,0.48,2023-11-27,710,N20,VIIRS,n,2,298.23,2.48,D,0,VIIRS_NOAA20_SP
25.30943,88.29993,330.36,0.39,0.37,2023-11-27,710,N20,VIIRS,l,2,301.37,1.89,D,0,VIIRS_NOAA20_SP
25.36666,88.44427,331.58,0.39,0.36,2023-11-27,710,N20,VIIRS,n,2,299.51,1.17,D,0,VIIRS_NOAA20_SP
25.63602,91.3466,331.06,0.41,0.37,2023-11-27,710,N20,VIIRS,n,2,298.76,2.68,D,0,VIIRS_NOAA20_SP
25.68897,88.22661,339.36,0.39,0.36,2023-11-27,710,N20,VIIRS,n,2,302.82,3.22,D,0,VIIRS_NOAA20_SP
25.69627,91.73423,336.7,0.42,0.37,2023-11-27,710,N20,VIIRS,n,2,296.67,6.73,D,0,VIIRS_NOAA20_SP
25.72073,88.23241,333.48,0.39,0.36,2023-11-27,710,N20,VIIRS,n,2,303.59,1.75,D,0,VIIRS_NOAA20_SP
25.7931,88.21838,333.27,0.39,0.36,2023-11-27,710,N20,VIIRS,n,2,303.84,2.1,D,0,VIIRS_NOAA20_SP
25.95438,87.84747,330.09,0.4,0.37,2023-11-27,710,N20,VIIRS,n,2,302.5,1.75,D,0,VIIRS_NOAA20_SP
25.97184,87.93339,344.62,0.4,0.37,2023-11-27,710,N20,VIIRS,n,2,305.4,3.37,D,0,VIIRS_NOAA20_SP
26.00136,86.15382,328.65,0.45,0.39,2023-11-27,710,N20,VIIRS,n,2,297.01,1.86,D,0,VIIRS_NOAA20_SP
26.00204,90.43459,336.17,0.39,0.36,2023-11-27,710,N20,VIIRS,n,2,304.75,8.07,D,0,VIIRS_NOAA20_SP
26.02248,94.33163,327.12,0.55,0.42,2023-11-27,710,N20,VIIRS,n,2,297.43,4.31,D,0,VIIRS_NOAA20_SP
26.02312,94.33701,329.03,0.55,0.42,2023-11-27,710,N20,VIIRS,n,2,293.3,4.31,D,0,VIIRS_NOAA20_SP
26.05691,86.17873,331.05,0.45,0.39,2023-11-27,710,N20,VIIRS,n,2,296.87,1.73,D,0,VIIRS_NOAA20_SP
26.14069,94.6652,327.47,0.57,0.43,2023-11-27,710,N20,VIIRS,n,2,285.91,4.25,D,0,VIIRS_NOAA20_SP
26.14406,94.65928,331.2,0.57,0.43,2023-11-27,710,N20,VIIRS,n,2,284.71,6.29,D,0,VIIRS_NOAA20_SP
26.14461,94.66415,331.4,0.57,0.43,2023-11-27,710,N20,VIIRS,n,2,283.88,6.27,D,0,VIIRS_NOAA20_SP
26.16734,87.75285,341.24,0.4,0.37,2023-11-27,710,N20,VIIRS,n,2,303.79,4.21,D,0,VIIRS_NOAA20_SP
26.26706,91.90019,329.87,0.43,0.38,2023-11-27,710,N20,VIIRS,l,2,303.91,1.97,D,0,VIIRS_NOAA20_SP
26.3388,96.67407,326.63,0.5,0.49,2023-11-27,710,N20,VIIRS,n,2,295.96,1.84,D,0,VIIRS_NOAA20_SP
26.34027,96.67154,330.76,0.5,0.49,2023-11-27,710,N20,VIIRS,n,2,295.44,3.6,D,0,VIIRS_NOAA20_SP
26.4408,89.51899,332.8,0.38,0.36,2023-11-27,710,N20,VIIRS,n,2,300.44,2.07,D,0,VIIRS_NOAA20_SP
26.48822,96.71758,327.21,0.51,0.49,2023-11-27,710,N20,VIIRS,n,2,296.25,4.08,D,0,VIIRS_NOAA20_SP
26.49225,96.7119,332.86,0.51,0.49,2023-11-27,710,N20,VIIRS,n,2,294.72,4.08,D,0,VIIRS_NOAA20_SP
26.50918,91.80157,329.65,0.43,0.38,2023-11-27,710,N20,VIIRS,n,2,300.93,2.11,D,0,VIIRS_NOAA20_SP
26.52118,96.77055,330.28,0.51,0.49,2023-11-27,710,N20,VIIRS,n,2,297.08,3.33,D,0,VIIRS_NOAA20_SP
26.63056,86.46393,334.21,0.43,0.38,2023-11-27,710,N20,VIIRS,n,2,298.86,3.74,D,0,VIIRS_NOAA20_SP
26.70872,90.78475,335.36,0.4,0.37,2023-11-27,710,N20,VIIRS,n,2,302.03,3.0,D,0,VIIRS_NOAA20_SP
26.71153,90.78016,345.84,0.4,0.37,2023-11-27,710,N20,VIIRS,n,2,301.6,5.87,D,0,VIIRS_NOAA20_SP
26.71208,90.78416,334.71,0.4,0.37,2023-11-27,710,N20,VIIRS,n,2,300.32,3.15,D,0,VIIRS_NOAA20_SP
26.71768,90.77497,345.87,0.4,0.37,2023-11-27,710,N20,VIIRS,n,2,303.63,7.4,D,0,VIIRS_NOAA20_SP
26.72189,90.44123,333.84,0.39,0.36,2023-11-27,710,N20,VIIRS,n,2,299.25,2.54,D,0,VIIRS_NOAA20_SP
26.83501,90.4981,331.43,0.4,0.37,2023-11-27,710,N20,VIIRS,n,2,301.71,2.33,D,0,VIIRS_NOAA20_SP
26.83835,90.49751,329.86,0.4,0.37,2023-11-27,710,N20,VIIRS,n,2,301.2,2.33,D,0,VIIRS_NOAA20_SP
26.89352,85.09477,330.69,0.49,0.4,2023-11-27,710,N20,VIIRS,n,2,296.15,1.8,D,0,VIIRS_NOAA20_SP
27.18949,97.56272,332.33,0.58,0.52,2023-11-27,710,N20,VIIRS,n,2,296.63,2.6,D,0,VIIRS_NOAA20_SP
27.32384,96.04016,339.84,0.47,0.48,2023-11-27,710,N20,VIIRS,n,2,298.06,5.83,D,0,VIIRS_NOAA20_SP
27.38837,97.98147,343.99,0.62,0.54,2023-11-27,710,N20,VIIRS,n,2,295.93,18.01,D,0,VIIRS_NOAA20_SP
27.39273,94.53215,336.76,0.39,0.44,2023-11-27,710,N20,VIIRS,n,2,302.34,2.82,D,0,VIIRS_NOAA20_SP
27.4262,97.19526,336.13,0.56,0.51,2023-11-27,710,N20,VIIRS,n,2,293.81,5.47,D,0,VIIRS_NOAA20_SP
27.45827,96.17286,339.49,0.48,0.48,2023-11-27,710,N20,VIIRS,n,2,299.99,5.72,D,0,VIIRS_NOAA20_SP
27.46132,96.16943,338.9,0.48,0.48,2023-11-27,710,N20,VIIRS,n,2,300.41,5.35,D,0,VIIRS_NOAA20_SP
27.46792,95.4246,329.11,0.44,0.46,2023-11-27,710,N20,VIIRS,n,2,300.59,1.49,D,2,VIIRS_NOAA20_SP
27.51708,96.14278,327.37,0.48,0.48,2023-11-27,710,N20,VIIRS,l,2,300.54,3.63,D,0,VIIRS_NOAA20_SP
27.55441,97.74136,325.94,0.6,0.53,2023-11-27,710,N20,VIIRS,n,2,295.76,5.74,D,0,VIIRS_NOAA20_SP
27.60258,95.40395,326.3,0.44,0.46,2023-11-27,710,N20,VIIRS,n,2,299.59,1.92,D,2,VIIRS_NOAA20_SP
27.60292,95.40287,326.53,0.44,0.46,2023-11-27,710,N20,VIIRS,n,2,298.76,1.83,D,2,VIIRS_NOAA20_SP
27.6285,94.93424,326.82,0.41,0.45,2023-11-27,710,N20,VIIRS,n,2,300.62,1.33,D,0,VIIRS_NOAA20_SP
27.63676,96.2685,325.38,0.49,0.49,2023-11-27,710,N20,VIIRS,n,2,297.68,2.52,D,0,VIIRS_NOAA20_SP
27.64921,94.9696,325.94,0.41,0.45,2023-11-27,710,N20,VIIRS,n,2,300.83,1.94,D,0,VIIRS_NOAA20_SP
27.70281,96.17764,326.22,0.49,0.48,2023-11-27,710,N20,VIIRS,n,2,299.18,1.65,D,0,VIIRS_NOAA20_SP
28.26349,95.64712,328.42,0.46,0.47,2023-11-27,710,N20,VIIRS,l,2,300.52,5.27,D,0,VIIRS_NOAA20_SP
28.26448,95.64359,342.01,0.46,0.47,2023-11-27,710,N20,VIIRS,n,2,301.7,5.23,D,0,VIIRS_NOAA20_SP
28.33734,97.04153,353.71,0.56,0.52,2023-11-27,710,N20,VIIRS,n,2,299.27,20.81,D,0,VIIRS_NOAA20_SP
28.34158,97.03554,341.74,0.56,0.51,2023-11-27,710,N20,VIIRS,n,2,298.56,9.87,D,0,VIIRS_NOAA20_SP
28.34198,97.03989,338.6,0.56,0.52,2023-11-27,710,N20,VIIRS,n,2,294.52,7.65,D,0,VIIRS_NOAA20_SP
28.34658,97.0379,335.63,0.56,0.52,2023-11-27,710,N20,VIIRS,n,2,290.68,7.65,D,0,VIIRS_NOAA20_SP
28.36024,97.08211,338.64,0.57,0.52,2023-11-27,710,N20,VIIRS,n,2,293.08,11.93,D,0,VIIRS_NOAA20_SP
28.36462,97.07783,330.51,0.57,0.52,2023-11-27,710,N20,VIIRS,n,2,293.21,20.39,D,0,VIIRS_NOAA20_SP
28.36515,97.08348,345.65,0.57,0.52,2023-11-27,710,N20,VIIRS,n,2,301.88,20.39,D,0,VIIRS_NOAA20_SP
27.06349,84.96738,331.17,0.49,0.4,2023-11-27,711,N20,VIIRS,n,2,292.63,5.96,D,0,VIIRS_NOAA20_SP
28.36129,87.77341,338.41,0.39,0.36,2023-11-27,711,N20,VIIRS,n,2,291.23,3.42,D,0,VIIRS_NOAA20_SP
33.9072,70.09686,325.08,0.79,0.78,2023-11-27,713,N20,VIIRS,n,2,291.41,3.91,D,0,VIIRS_NOAA20_SP
14.8209,75.45435,334.85,0.33,0.56,2023-11-27,848,N20,VIIRS,n,2,295.16,2.47,D,0,VIIRS_NOAA20_SP
15.74796,78.43363,338.26,0.55,0.68,2023-11-27,848,N20,VIIRS,n,2,291.47,8.52,D,0,VIIRS_NOAA20_SP
15.76859,75.57431,333.93,0.35,0.57,2023-11-27,848,N20,VIIRS,n,2,296.12,1.79,D,0,VIIRS_NOAA20_SP
16.37401,77.36846,335.08,0.47,0.64,2023-11-27,848,N20,VIIRS,n,2,293.17,3.32,D,0,VIIRS_NOAA20_SP
16.40586,77.32938,331.35,0.47,0.64,2023-11-27,848,N20,VIIRS,n,2,292.76,2.84,D,0,VIIRS_NOAA20_SP
16.41193,76.76161,337.43,0.43,0.62,2023-11-27,849,N20,VIIRS,n,2,293.41,6.33,D,0,VIIRS_NOAA20_SP
16.41235,76.76569,336.4,0.43,0.62,2023-11-27,849,N20,VIIRS,n,2,292.2,6.88,D,0,VIIRS_NOAA20_SP
17.01955,75.62226,349.34,0.37,0.58,2023-11-27,849,N20,VIIRS,n,2,297.24,5.28,D,0,VIIRS_NOAA20_SP
17.02918,75.74247,330.16,0.37,0.58,2023-11-27,849,N20,VIIRS,n,2,293.43,2.84,D,0,VIIRS_NOAA20_SP
17.02957,75.74599,334.31,0.37,0.58,2023-11-27,849,N20,VIIRS,n,2,293.87,3.89,D,0,VIIRS_NOAA20_SP
17.03239,75.7444,349.73,0.37,0.58,2023-11-27,849,N20,VIIRS,n,2,293.98,4.95,D,0,VIIRS_NOAA20_SP
18.20679,73.19234,340.01,0.52,0.5,2023-11-27,849,N20,VIIRS,n,2,291.42,6.16,D,0,VIIRS_NOAA20_SP
18.20737,73.19724,332.85,0.52,0.5,2023-11-27,849,N20,VIIRS,n,2,293.4,6.16,D,0,VIIRS_NOAA20_SP
18.28151,77.89919,341.42,0.54,0.68,2023-11-27,849,N20,VIIRS,n,2,293.76,4.86,D,0,VIIRS_NOAA20_SP
18.41536,74.43495,330.08,0.32,0.54,2023-11-27,849,N20,VIIRS,n,2,292.66,3.45,D,0,VIIRS_NOAA20_SP
18.51023,77.73808,330.02,0.53,0.67,2023-11-27,849,N20,VIIRS,n,2,293.04,3.61,D,0,VIIRS_NOAA20_SP
18.51563,77.79362,336.68,0.53,0.67,2023-11-27,849,N20,VIIRS,n,2,289.26,4.5,D,0,VIIRS_NOAA20_SP
18.55955,77.80878,329.92,0.53,0.67,2023-11-27,849,N20,VIIRS,n,2,292.45,2.73,D,0,VIIRS_NOAA20_SP
18.97112,71.624,333.51,0.43,0.46,2023-11-27,849,N20,VIIRS,n,2,292.27,3.22,D,3,VIIRS_NOAA20_SP
19.3453,71.30426,333.07,0.41,0.45,2023-11-27,849,N20,VIIRS,n,2,290.71,3.38,D,3,VIIRS_NOAA20_SP
20.9149,70.84156,330.15,0.4,0.45,2023-11-27,850,N20,VIIRS,l,2,300.51,1.21,D,0,VIIRS_NOAA20_SP
25.14939,68.45587,331.6,0.5,0.41,2023-11-27,851,N20,VIIRS,n,2,296.78,8.44,D,0,VIIRS_NOAA20_SP
25.15,68.46083,331.71,0.5,0.41,2023-11-27,851,N20,VIIRS,n,2,296.16,9.08,D,0,VIIRS_NOAA20_SP
25.15376,68.4603,331.09,0.5,0.41,2023-11-27,851,N20,VIIRS,n,2,294.4,4.27,D,0,VIIRS_NOAA20_SP
25.23424,68.89117,333.35,0.53,0.42,2023-11-27,851,N20,VIIRS,n,2,295.26,5.36,D,0,VIIRS_NOAA20_SP
25.23588,68.88827,330.19,0.53,0.42,2023-11-27,851,N20,VIIRS,n,2,294.9,6.75,D,0,VIIRS_NOAA20_SP
25.32814,68.84293,329.6,0.53,0.42,2023-11-27,851,N20,VIIRS,n,2,294.92,2.01,D,0,VIIRS_NOAA20_SP
25.36049,68.41939,330.02,0.5,0.41,2023-11-27,851,N20,VIIRS,n,2,293.92,2.86,D,0,VIIRS_NOAA20_SP
25.7947,68.69897,330.31,0.53,0.42,2023-11-27,851,N20,VIIRS,n,2,295.16,3.2,D,2,VIIRS_NOAA20_SP
25.90786,69.18341,331.81,0.56,0.43,2023-11-27,851,N20,VIIRS,n,2,295.62,13.95,D,0,VIIRS_NOAA20_SP
26.09584,68.81483,329.71,0.54,0.42,2023-11-27,851,N20,VIIRS,n,2,294.19,3.71,D,0,VIIRS_NOAA20_SP
26.09811,68.81158,330.3,0.54,0.42,2023-11-27,851,N20,VIIRS,n,2,294.04,2.19,D,0,VIIRS_NOAA20_SP
26.24288,68.17135,330.0,0.5,0.41,2023-11-27,851,N20,VIIRS,n,2,294.34,2.19,D,0,VIIRS_NOAA20_SP
26.24891,68.22154,330.29,0.5,0.41,2023-11-27,851,N20,VIIRS,n,2,293.86,3.73,D,0,VIIRS_NOAA20_SP
26.27696,68.96964,331.35,0.55,0.43,2023-11-27,851,N20,VIIRS,n,2,296.38,15.02,D,0,VIIRS_NOAA20_SP
26.31772,68.16017,330.23,0.5,0.41,2023-11-27,851,N20,VIIRS,n,2,295.94,6.98,D,0,VIIRS_NOAA20_SP
26.40128,68.24199,330.54,0.51,0.41,2023-11-27,852,N20,VIIRS,n,2,295.55,3.91,D,0,VIIRS_NOAA20_SP
26.40163,68.37196,331.69,0.51,0.41,2023-11-27,852,N20,VIIRS,n,2,296.93,28.71,D,0,VIIRS_NOAA20_SP
26.62252,68.00942,331.17,0.5,0.41,2023-11-27,852,N20,VIIRS,n,2,295.99,3.08,D,0,VIIRS_NOAA20_SP
26.70984,68.05961,329.16,0.5,0.41,2023-11-27,852,N20,VIIRS,n,2,295.26,3.49,D,0,VIIRS_NOAA20_SP
26.84355,68.0526,329.59,0.5,0.41,2023-11-27,852,N20,VIIRS,n,2,295.87,6.62,D,0,VIIRS_NOAA20_SP
26.85165,68.02579,331.26,0.5,0.41,2023-11-27,852,N20,VIIRS,n,2,295.61,3.01,D,0,VIIRS_NOAA20_SP
26.85732,68.13299,330.58,0.51,0.41,2023-11-27,852,N20,VIIRS,n,2,295.68,1.96,D,0,VIIRS_NOAA20_SP
26.94726,68.36832,330.64,0.52,0.42,2023-11-27,852,N20,VIIRS,n,2,294.65,13.69,D,0,VIIRS_NOAA20_SP
27.00138,68.49493,333.2,0.53,0.42,2023-11-27,852,N20,VIIRS,n,2,294.35,4.22,D,0,VIIRS_NOAA20_SP
27.01359,68.53125,329.46,0.53,0.42,2023-11-27,852,N20,VIIRS,n,2,294.26,2.96,D,0,VIIRS_NOAA20_SP
27.86271,79.0742,325.17,0.79,0.78,2023-11-27,852,N20,VIIRS,n,2,290.84,3.81,D,0,VIIRS_NOAA20_SP
28.2112,69.7902,336.63,0.43,0.46,2023-11-27,852,N20,VIIRS,n,2,287.77,4.05,D,0,VIIRS_NOAA20_SP
28.45091,70.02955,340.21,0.45,0.47,2023-11-27,852,N20,VIIRS,n,2,291.54,8.14,D,0,VIIRS_NOAA20_SP
28.50808,70.09415,336.02,0.45,0.47,2023-11-27,852,N20,VIIRS,n,2,290.62,2.99,D,0,VIIRS_NOAA20_SP
30.5156,69.17106,338.05,0.42,0.45,2023-11-27,853,N20,VIIRS,n,2,299.56,2.16,D,0,VIIRS_NOAA20_SP
30.53352,71.83514,343.64,0.61,0.53,2023-11-27,853,N20,VIIRS,n,2,291.24,8.14,D,0,VIIRS_NOAA20_SP
30.6587,72.24621,337.32,0.32,0.55,2023-11-27,853,N20,VIIRS,n,2,287.84,3.56,D,0,VIIRS_NOAA20_SP
30.65897,72.24959,328.57,0.32,0.55,2023-11-27,853,N20,VIIRS,n,2,286.91,3.66,D,0,VIIRS_NOAA20_SP
30.69321,72.23248,349.37,0.32,0.55,2023-11-27,853,N20,VIIRS,n,2,283.38,4.17,D,0,VIIRS_NOAA20_SP
31.21947,73.34306,329.96,0.38,0.59,2023-11-27,853,N20,VIIRS,n,2,286.07,2.25,D,0,VIIRS_NOAA20_SP
31.22119,73.34261,327.97,0.38,0.59,2023-11-27,853,N20,VIIRS,n,2,286.02,1.98,D,0,VIIRS_NOAA20_SP
32.86975,70.18731,337.5,0.52,0.5,2023-11-27,853,N20,VIIRS,n,2,277.13,6.22,D,0,VIIRS_NOAA20_SP
33.52595,70.16982,329.43,0.52,0.5,2023-11-27,853,N20,VIIRS,n,2,295.48,2.86,D,0,VIIRS_NOAA20_SP
35.3236,71.42354,335.25,0.32,0.55,2023-11-27,854,N20,VIIRS,n,2,283.87,2.72,D,0,VIIRS_NOAA20_SP
26.06525,93.92758,296.72,0.43,0.38,2023-11-27,1936,N20,VIIRS,n,2,280.04,0.58,N,2,VIIRS_NOAA20_SP
26.77124,94.50699,296.82,0.44,0.38,2023-11-27,1936,N20,VIIRS,n,2,280.44,0.37,N,0,VIIRS_NOAA20_SP
27.31755,95.26398,321.27,0.47,0.39,2023-11-27,1936,N20,VIIRS,n,2,288.4,1.78,N,2,VIIRS_NOAA20_SP
27.31868,95.26622,318.67,0.47,0.39,2023-11-27,1936,N20,VIIRS,n,2,288.39,1.98,N,2,VIIRS_NOAA20_SP
27.37758,95.0883,300.9,0.46,0.39,2023-11-27,1936,N20,VIIRS,n,2,286.36,0.65,N,2,VIIRS_NOAA20_SP
27.46023,95.47675,295.92,0.47,0.4,2023-11-27,1936,N20,VIIRS,n,2,284.83,0.32,N,0,VIIRS_NOAA20_SP
27.47062,95.42029,303.58,0.47,0.4,2023-11-27,1936,N20,VIIRS,n,2,283.87,1.05,N,2,VIIRS_NOAA20_SP
27.60625,95.40079,316.24,0.47,0.4,2023-11-27,1936,N20,VIIRS,n,2,287.95,1.81,N,2,VIIRS_NOAA20_SP
27.99124,80.26508,295.74,0.45,0.63,2023-11-27,1936,N20,VIIRS,n,2,284.44,0.46,N,0,VIIRS_NOAA20_SP
28.33494,97.03505,310.56,0.55,0.43,2023-11-27,1936,N20,VIIRS,n,2,278.75,2.57,N,0,VIIRS_NOAA20_SP
28.33584,97.03049,322.37,0.55,0.42,2023-11-27,1936,N20,VIIRS,n,2,277.85,2.57,N,0,VIIRS_NOAA20_SP
28.33968,97.03137,310.53,0.55,0.42,2023-11-27,1936,N20,VIIRS,n,2,278.93,2.57,N,0,VIIRS_NOAA20_SP
28.34443,97.02763,301.76,0.55,0.42,2023-11-27,1936,N20,VIIRS,n,2,277.42,1.4,N,0,VIIRS_NOAA20_SP
28.34751,97.03245,329.2,0.55,0.42,2023-11-27,1936,N20,VIIRS,n,2,281.79,5.44,N,0,VIIRS_NOAA20_SP
28.34829,97.02844,307.68,0.55,0.42,2023-11-27,1936,N20,VIIRS,n,2,279.31,1.4,N,0,VIIRS_NOAA20_SP
28.35078,97.03621,306.15,0.55,0.43,2023-11-27,1936,N20,VIIRS,n,2,279.55,2.95,N,0,VIIRS_NOAA20_SP
28.35146,97.03279,314.9,0.55,0.42,2023-11-27,1936,N20,VIIRS,n,2,281.09,2.95,N,0,VIIRS_NOAA20_SP
28.35218,97.04958,307.9,0.55,0.43,2023-11-27,1936,N20,VIIRS,n,2,275.1,2.42,N,0,VIIRS_NOAA20_SP
28.35316,97.04456,321.03,0.55,0.43,2023-11-27,1936,N20,VIIRS,n,2,277.53,9.31,N,0,VIIRS_NOAA20_SP
28.35401,97.04025,353.2,0.55,0.43,2023-11-27,1936,N20,VIIRS,n,2,283.93,9.31,N,0,VIIRS_NOAA20_SP
28.35475,97.03647,324.98,0.55,0.43,2023-11-27,1936,N20,VIIRS,n,2,279.66,2.95,N,0,VIIRS_NOAA20_SP
28.35622,97.04944,317.37,0.55,0.43,2023-11-27,1936,N20,VIIRS,n,2,275.21,7.96,N,0,VIIRS_NOAA20_SP
28.35707,97.0451,349.64,0.55,0.43,2023-11-27,1936,N20,VIIRS,n,2,284.27,21.74,N,0,VIIRS_NOAA20_SP
21.59474,96.2276,304.43,0.43,0.46,2023-11-27,1937,N20,VIIRS,n,2,293.07,0.81,N,2,VIIRS_NOAA20_SP
22.15974,96.24677,302.7,0.42,0.45,2023-11-27,1937,N20,VIIRS,n,2,291.96,0.46,N,0,VIIRS_NOAA20_SP
22.35515,96.70164,302.83,0.44,0.46,2023-11-27,1937,N20,VIIRS,n,2,288.05,1.29,N,2,VIIRS_NOAA20_SP
23.14738,87.9801,300.03,0.43,0.38,2023-11-27,1937,N20,VIIRS,n,2,288.19,0.25,N,0,VIIRS_NOAA20_SP
23.54955,86.54442,299.86,0.5,0.41,2023-11-27,1937,N20,VIIRS,n,2,289.78,0.93,N,2,VIIRS_NOAA20_SP
23.5608,87.23833,295.06,0.46,0.39,2023-11-27,1937,N20,VIIRS,n,2,264.25,0.57,N,2,VIIRS_NOAA20_SP
23.56304,87.08485,304.06,0.47,0.4,2023-11-27,1937,N20,VIIRS,n,2,290.6,1.1,N,2,VIIRS_NOAA20_SP
23.56605,87.09001,303.65,0.47,0.4,2023-11-27,1937,N20,VIIRS,n,2,289.53,1.22,N,2,VIIRS_NOAA20_SP
23.61392,86.78756,307.09,0.49,0.4,2023-11-27,1937,N20,VIIRS,n,2,290.68,2.14,N,2,VIIRS_NOAA20_SP
23.62056,85.68487,298.18,0.56,0.43,2023-11-27,1937,N20,VIIRS,n,2,287.46,0.74,N,0,VIIRS_NOAA20_SP
23.63198,86.29558,300.05,0.52,0.41,2023-11-27,1937,N20,VIIRS,n,2,289.63,1.38,N,2,VIIRS_NOAA20_SP
23.65314,87.24666,315.03,0.46,0.39,2023-11-27,1937,N20,VIIRS,n,2,289.02,1.48,N,0,VIIRS_NOAA20_SP
23.66644,84.99919,301.8,0.41,0.45,2023-11-27,1937,N20,VIIRS,n,2,286.43,1.07,N,2,VIIRS_NOAA20_SP
23.6669,84.99526,305.77,0.41,0.45,2023-11-27,1937,N20,VIIRS,n,2,284.89,1.17,N,2,VIIRS_NOAA20_SP
23.66925,86.09317,303.85,0.53,0.42,2023-11-27,1937,N20,VIIRS,n,2,289.9,1.22,N,2,VIIRS_NOAA20_SP
23.67009,86.41881,305.88,0.51,0.41,2023-11-27,1937,N20,VIIRS,n,2,288.69,1.56,N,2,VIIRS_NOAA20_SP
23.671,84.99583,309.91,0.41,0.45,2023-11-27,1937,N20,VIIRS,n,2,287.67,1.17,N,2,VIIRS_NOAA20_SP
23.6727,86.39884,299.59,0.51,0.41,2023-11-27,1937,N20,VIIRS,n,2,289.47,1.4,N,2,VIIRS_NOAA20_SP
23.67647,86.39946,302.89,0.51,0.41,2023-11-27,1937,N20,VIIRS,n,2,292.53,1.4,N,2,VIIRS_NOAA20_SP
23.67712,86.39448,304.16,0.51,0.41,2023-11-27,1937,N20,VIIRS,n,2,289.73,1.64,N,2,VIIRS_NOAA20_SP
23.67824,86.08396,311.66,0.53,0.42,2023-11-27,1937,N20,VIIRS,n,2,292.04,2.16,N,2,VIIRS_NOAA20_SP
23.68077,86.09488,329.24,0.53,0.42,2023-11-27,1937,N20,VIIRS,n,2,290.68,4.01,N,2,VIIRS_NOAA20_SP
23.68143,86.08971,303.16,0.53,0.42,2023-11-27,1937,N20,VIIRS,n,2,289.98,4.01,N,2,VIIRS_NOAA20_SP
23.68155,86.39006,309.1,0.51,0.41,2023-11-27,1937,N20,VIIRS,n,2,291.15,2.03,N,2,VIIRS_NOAA20_SP
23.68209,86.08452,307.18,0.53,0.42,2023-11-27,1937,N20,VIIRS,n,2,289.98,1.44,N,2,VIIRS_NOAA20_SP
23.68466,86.39571,310.49,0.51,0.41,2023-11-27,1937,N20,VIIRS,n,2,290.25,2.03,N,2,VIIRS_NOAA20_SP
23.68532,86.39066,315.72,0.51,0.41,2023-11-27,1937,N20,VIIRS,n,2,291.0,2.03,N,2,VIIRS_NOAA20_SP
23.68854,87.12163,310.96,0.47,0.4,2023-11-27,1937,N20,VIIRS,n,2,288.21,1.77,N,2,VIIRS_NOAA20_SP
23.6896,86.38849,307.82,0.51,0.41,2023-11-27,1937,N20,VIIRS,n,2,293.41,1.7,N,2,VIIRS_NOAA20_SP
23.68975,86.38622,302.29,0.51,0.41,2023-11-27,1937,N20,VIIRS,n,2,291.3,1.33,N,2,VIIRS_NOAA20_SP
23.68977,86.08563,298.21,0.53,0.42,2023-11-27,1937,N20,VIIRS,n,2,287.73,0.61,N,0,VIIRS_NOAA20_SP
23.69165,87.09866,302.88,0.47,0.4,2023-11-27,1937,N20,VIIRS,n,2,287.59,1.4,N,2,VIIRS_NOAA20_SP
23.69727,85.29314,300.39,0.39,0.44,2023-11-27,1937,N20,VIIRS,n,2,287.87,1.23,N,0,VIIRS_NOAA20_SP
23.70713,86.07237,304.07,0.53,0.42,2023-11-27,1937,N20,VIIRS,n,2,287.55,1.12,N,2,VIIRS_NOAA20_SP
23.70925,85.42656,297.66,0.38,0.43,2023-11-27,1937,N20,VIIRS,n,2,286.1,0.56,N,2,VIIRS_NOAA20_SP
23.71722,86.44379,300.05,0.51,0.41,2023-11-27,1937,N20,VIIRS,n,2,289.19,0.65,N,2,VIIRS_NOAA20_SP
23.71969,85.00697,305.55,0.41,0.45,2023-11-27,1937,N20,VIIRS,n,2,285.29,0.85,N,2,VIIRS_NOAA20_SP
23.72836,85.00425,296.8,0.41,0.45,2023-11-27,1937,N20,VIIRS,n,2,285.56,0.59,N,2,VIIRS_NOAA20_SP
23.73874,85.0218,299.9,0.41,0.45,2023-11-27,1937,N20,VIIRS,n,2,286.64,0.91,N,2,VIIRS_NOAA20_SP
23.73969,85.01393,303.16,0.41,0.45,2023-11-27,1937,N20,VIIRS,n,2,290.23,1.28,N,2,VIIRS_NOAA20_SP
23.74017,85.00999,310.37,0.41,0.45,2023-11-27,1937,N20,VIIRS,n,2,289.11,1.28,N,2,VIIRS_NOAA20_SP
23.74065,85.00605,296.72,0.41,0.45,2023-11-27,1937,N20,VIIRS,n,2,286.14,0.52,N,2,VIIRS_NOAA20_SP
23.74586,85.50821,297.83,0.57,0.43,2023-11-27,1937,N20,VIIRS,n,2,286.79,1.05,N,2,VIIRS_NOAA20_SP
23.74654,85.50262,304.71,0.57,0.43,2023-11-27,1937,N20,VIIRS,n,2,285.57,0.95,N,2,VIIRS_NOAA20_SP
23.74679,86.423,304.6,0.51,0.41,2023-11-27,1937,N20,VIIRS,n,2,290.76,0.88,N,2,VIIRS_NOAA20_SP
23.74743,86.41805,299.71,0.51,0.41,2023-11-27,1937,N20,VIIRS,n,2,289.18,0.88,N,2,VIIRS_NOAA20_SP
23.7512,86.41864,305.69,0.51,0.41,2023-11-27,1937,N20,VIIRS,n,2,291.65,0.88,N,2,VIIRS_NOAA20_SP
23.75405,85.85948,301.85,0.55,0.42,2023-11-27,1937,N20,VIIRS,n,2,291.38,2.32,N,2,VIIRS_NOAA20_SP
23.7569,86.40422,319.0,0.51,0.41,2023-11-27,1937,N20,VIIRS,n,2,290.72,2.86,N,2,VIIRS_NOAA20_SP
23.7582,86.39417,303.07,0.51,0.41,2023-11-27,1937,N20,VIIRS,n,2,289.32,1.53,N,2,VIIRS_NOAA20_SP
23.75864,85.85464,322.42,0.55,0.42,2023-11-27,1937,N20,VIIRS,n,2,292.05,4.25,N,2,VIIRS_NOAA20_SP
23.75971,85.85126,319.32,0.55,0.42,2023-11-27,1937,N20,VIIRS,n,2,289.0,5.27,N,2,VIIRS_NOAA20_SP
23.76068,86.40483,309.92,0.51,0.41,2023-11-27,1937,N20,VIIRS,n,2,290.27,2.86,N,2,VIIRS_NOAA20_SP
23.76133,86.39979,327.62,0.51,0.41,2023-11-27,1937,N20,VIIRS,n,2,293.25,2.86,N,2,VIIRS_NOAA20_SP
23.76263,86.38976,302.42,0.51,0.41,2023-11-27,1937,N20,VIIRS,n,2,290.71,1.53,N,2,VIIRS_NOAA20_SP
23.76575,86.39535,309.93,0.51,0.41,2023-11-27,1937,N20,VIIRS,n,2,294.7,1.94,N,2,VIIRS_NOAA20_SP
23.7664,86.39035,319.09,0.51,0.41,2023-11-27,1937,N20,VIIRS,n,2,295.75,1.94,N,2,VIIRS_NOAA20_SP
23.76834,86.37534,312.53,0.51,0.41,2023-11-27,1937,N20,VIIRS,n,2,294.31,2.88,N,2,VIIRS_NOAA20_SP
23.76888,86.40096,309.2,0.51,0.41,2023-11-27,1937,N20,VIIRS,n,2,293.47,2.81,N,2,VIIRS_NOAA20_SP
23.76953,86.39594,306.98,0.51,0.41,2023-11-27,1937,N20,VIIRS,n,2,293.52,1.94,N,2,VIIRS_NOAA20_SP
23.77018,86.39095,307.89,0.51,0.41,2023-11-27,1937,N20,VIIRS,n,2,294.59,1.94,N,2,VIIRS_NOAA20_SP
23.77145,86.1999,304.73,0.52,0.42,2023-11-27,1937,N20,VIIRS,n,2,289.55,1.45,N,2,VIIRS_NOAA20_SP
23.77395,86.39156,308.9,0.51,0.41,2023-11-27,1937,N20,VIIRS,n,2,293.53,2.88,N,2,VIIRS_NOAA20_SP
23.7746,86.38657,313.44,0.51,0.41,2023-11-27,1937,N20,VIIRS,n,2,292.53,2.98,N,2,VIIRS_NOAA20_SP
23.77773,86.39217,318.7,0.51,0.41,2023-11-27,1937,N20,VIIRS,n,2,293.94,2.88,N,2,VIIRS_NOAA20_SP
23.77787,86.36139,301.52,0.51,0.41,2023-11-27,1937,N20,VIIRS,n,2,290.17,1.67,N,2,VIIRS_NOAA20_SP
23.77838,86.38718,322.51,0.51,0.41,2023-11-27,1937,N20,VIIRS,n,2,292.86,2.98,N,2,VIIRS_NOAA20_SP
23.77842,86.20627,309.66,0.52,0.42,2023-11-27,1937,N20,VIIRS,n,2,292.6,3.76,N,2,VIIRS_NOAA20_SP
23.77983,86.34627,319.39,0.51,0.41,2023-11-27,1937,N20,VIIRS,n,2,291.14,2.24,N,2,VIIRS_NOAA20_SP
23.78034,86.37206,309.17,0.51,0.41,2023-11-27,1937,N20,VIIRS,n,2,291.7,1.81,N,2,VIIRS_NOAA20_SP
23.7815,86.39277,329.44,0.51,0.41,2023-11-27,1937,N20,VIIRS,n,2,296.67,6.19,N,2,VIIRS_NOAA20_SP
23.78215,86.38778,307.17,0.51,0.41,2023-11-27,1937,N20,VIIRS,n,2,290.86,2.01,N,2,VIIRS_NOAA20_SP
23.78224,86.20689,327.62,0.52,0.42,2023-11-27,1937,N20,VIIRS,n,2,294.59,4.61,N,2,VIIRS_NOAA20_SP
23.78361,86.34686,302.05,0.51,0.41,2023-11-27,1937,N20,VIIRS,n,2,289.4,2.24,N,2,VIIRS_NOAA20_SP
23.78557,86.33174,309.17,0.52,0.41,2023-11-27,1937,N20,VIIRS,n,2,291.85,2.34,N,2,VIIRS_NOAA20_SP
23.78936,86.33237,311.18,0.52,0.41,2023-11-27,1937,N20,VIIRS,n,2,292.11,2.13,N,2,VIIRS_NOAA20_SP
23.79423,86.23474,302.62,0.52,0.42,2023-11-27,1937,N20,VIIRS,n,2,289.61,1.3,N,2,VIIRS_NOAA20_SP
23.79431,86.3537,317.88,0.51,0.41,2023-11-27,1937,N20,VIIRS,n,2,293.05,2.93,N,2,VIIRS_NOAA20_SP
23.79498,86.34862,305.42,0.51,0.41,2023-11-27,1937,N20,VIIRS,n,2,291.95,2.0,N,2,VIIRS_NOAA20_SP
23.79942,86.34418,307.46,0.52,0.41,2023-11-27,1937,N20,VIIRS,n,2,294.02,2.0,N,2,VIIRS_NOAA20_SP
23.80443,86.33127,314.44,0.52,0.41,2023-11-27,1937,N20,VIIRS,n,2,292.45,2.72,N,2,VIIRS_NOAA20_SP
23.80507,86.32617,320.48,0.52,0.41,2023-11-27,1937,N20,VIIRS,n,2,293.89,4.68,N,2,VIIRS_NOAA20_SP
23.80518,86.32967,329.68,0.52,0.41,2023-11-27,1937,N20,VIIRS,n,2,295.28,5.61,N,2,VIIRS_NOAA20_SP
23.80839,84.8462,300.24,0.42,0.45,2023-11-27,1937,N20,VIIRS,n,2,286.69,0.91,N,2,VIIRS_NOAA20_SP
23.81013,86.31657,311.3,0.52,0.41,2023-11-27,1937,N20,VIIRS,n,2,293.88,3.71,N,2,VIIRS_NOAA20_SP
23.81097,86.31503,307.33,0.52,0.41,2023-11-27,1937,N20,VIIRS,n,2,292.89,3.77,N,2,VIIRS_NOAA20_SP
23.81715,84.84335,310.63,0.42,0.45,2023-11-27,1937,N20,VIIRS,n,2,284.86,1.03,N,0,VIIRS_NOAA20_SP
23.8263,85.49905,303.88,0.57,0.43,2023-11-27,1937,N20,VIIRS,n,2,290.85,3.04,N,2,VIIRS_NOAA20_SP
23.8267,85.46188,298.19,0.38,0.43,2023-11-27,1937,N20,VIIRS,n,2,286.09,0.56,N,2,VIIRS_NOAA20_SP
23.83822,85.46741,299.12,0.38,0.43,2023-11-27,1937,N20,VIIRS,n,2,286.89,0.59,N,0,VIIRS_NOAA20_SP
23.84221,85.46805,299.83,0.38,0.43,2023-11-27,1937,N20,VIIRS,n,2,285.66,0.35,N,0,VIIRS_NOAA20_SP
24.14706,86.33234,300.48,0.52,0.42,2023-11-27,1937,N20,VIIRS,n,2,288.43,0.68,N,0,VIIRS_NOAA20_SP
24.52147,97.79361,301.27,0.47,0.48,2023-11-27,1937,N20,VIIRS,n,2,285.41,1.71,N,0,VIIRS_NOAA20_SP
24.52216,97.79611,307.49,0.47,0.48,2023-11-27,1937,N20,VIIRS,n,2,286.6,1.64,N,2,VIIRS_NOAA20_SP
24.54181,97.73712,297.57,0.47,0.48,2023-11-27,1937,N20,VIIRS,n,2,286.01,1.04,N,2,VIIRS_NOAA20_SP
26.64347,79.47432,300.92,0.49,0.65,2023-11-27,1937,N20,VIIRS,n,2,284.72,0.74,N,2,VIIRS_NOAA20_SP
20.5154,85.72314,301.05,0.51,0.41,2023-11-27,1938,N20,VIIRS,n,2,290.6,1.0,N,2,VIIRS_NOAA20_SP
20.53301,85.91492,314.27,0.5,0.41,2023-11-27,1938,N20,VIIRS,n,2,290.46,1.07,N,0,VIIRS_NOAA20_SP
20.7605,85.29304,312.09,0.54,0.42,2023-11-27,1938,N20,VIIRS,n,2,290.84,2.14,N,2,VIIRS_NOAA20_SP
20.78783,85.26528,303.25,0.54,0.42,2023-11-27,1938,N20,VIIRS,n,2,290.55,1.89,N,2,VIIRS_NOAA20_SP
20.78851,85.26009,314.78,0.54,0.42,2023-11-27,1938,N20,VIIRS,n,2,291.81,1.89,N,2,VIIRS_NOAA20_SP
20.79307,85.2555,304.77,0.54,0.42,2023-11-27,1938,N20,VIIRS,n,2,290.33,1.7,N,2,VIIRS_NOAA20_SP
20.79375,85.2503,313.06,0.54,0.42,2023-11-27,1938,N20,VIIRS,n,2,288.81,1.7,N,2,VIIRS_NOAA20_SP
20.79696,85.2561,301.48,0.54,0.42,2023-11-27,1938,N20,VIIRS,n,2,289.69,1.7,N,2,VIIRS_NOAA20_SP
20.79764,85.25087,319.16,0.54,0.42,2023-11-27,1938,N20,VIIRS,n,2,289.19,1.7,N,2,VIIRS_NOAA20_SP
20.80085,85.25664,302.49,0.54,0.42,2023-11-27,1938,N20,VIIRS,n,2,289.26,1.24,N,2,VIIRS_NOAA20_SP
20.80474,85.25718,306.2,0.54,0.42,2023-11-27,1938,N20,VIIRS,n,2,290.16,1.24,N,2,VIIRS_NOAA20_SP
20.80863,85.25774,311.87,0.54,0.42,2023-11-27,1938,N20,VIIRS,n,2,291.4,3.05,N,2,VIIRS_NOAA20_SP
20.86665,84.99201,309.59,0.56,0.43,2023-11-27,1938,N20,VIIRS,n,2,290.28,2.08,N,2,VIIRS_NOAA20_SP
20.88778,84.98402,301.05,0.56,0.43,2023-11-27,1938,N20,VIIRS,n,2,289.23,1.69,N,2,VIIRS_NOAA20_SP
20.94287,86.05379,302.67,0.5,0.41,2023-11-27,1938,N20,VIIRS,n,2,290.9,2.1,N,2,VIIRS_NOAA20_SP
20.95155,86.04551,316.63,0.5,0.41,2023-11-27,1938,N20,VIIRS,n,2,290.94,3.12,N,2,VIIRS_NOAA20_SP
20.95296,85.00986,308.13,0.56,0.43,2023-11-27,1938,N20,VIIRS,n,2,289.83,2.34,N,2,VIIRS_NOAA20_SP
20.95366,85.00446,299.27,0.56,0.43,2023-11-27,1938,N20,VIIRS,n,2,288.87,0.9,N,2,VIIRS_NOAA20_SP
20.95638,85.00613,314.15,0.56,0.43,2023-11-27,1938,N20,VIIRS,n,2,290.05,3.74,N,2,VIIRS_NOAA20_SP
20.95862,85.18104,301.73,0.55,0.43,2023-11-27,1938,N20,VIIRS,n,2,291.25,1.4,N,2,VIIRS_NOAA20_SP
20.95929,85.17574,302.43,0.55,0.43,2023-11-27,1938,N20,VIIRS,n,2,290.4,1.82,N,2,VIIRS_NOAA20_SP
20.95939,85.1432,301.2,0.55,0.43,2023-11-27,1938,N20,VIIRS,n,2,289.47,0.91,N,2,VIIRS_NOAA20_SP
20.96187,85.18687,305.38,0.55,0.43,2023-11-27,1938,N20,VIIRS,n,2,290.85,2.91,N,2,VIIRS_NOAA20_SP
20.96197,85.15445,301.7,0.55,0.43,2023-11-27,1938,N20,VIIRS,n,2,290.86,0.98,N,2,VIIRS_NOAA20_SP
20.96264,85.14912,304.22,0.55,0.43,2023-11-27,1938,N20,VIIRS,n,2,290.6,0.98,N,0,VIIRS_NOAA20_SP
20.96321,85.17631,317.56,0.55,0.43,2023-11-27,1938,N20,VIIRS,n,2,293.02,2.23,N,2,VIIRS_NOAA20_SP
20.96387,85.17099,326.2,0.55,0.43,2023-11-27,1938,N20,VIIRS,n,2,293.46,2.23,N,2,VIIRS_NOAA20_SP
20.96455,85.16566,312.92,0.55,0.43,2023-11-27,1938,N20,VIIRS,n,2,291.29,3.47,N,2,VIIRS_NOAA20_SP
20.96712,85.17687,307.03,0.55,0.43,2023-11-27,1938,N20,VIIRS,n,2,290.37,2.23,N,2,VIIRS_NOAA20_SP
20.96758,85.01324,308.38,0.56,0.43,2023-11-27,1938,N20,VIIRS,n,2,289.67,3.16,N,0,VIIRS_NOAA20_SP
20.96779,85.17155,301.7,0.55,0.43,2023-11-27,1938,N20,VIIRS,n,2,290.47,2.23,N,2,VIIRS_NOAA20_SP
20.968,85.10645,300.27,0.56,0.43,2023-11-27,1938,N20,VIIRS,n,2,289.72,0.89,N,0,VIIRS_NOAA20_SP
20.96807,85.01748,314.59,0.56,0.43,2023-11-27,1938,N20,VIIRS,n,2,291.41,1.8,N,0,VIIRS_NOAA20_SP
20.96878,85.01207,303.06,0.56,0.43,2023-11-27,1938,N20,VIIRS,n,2,289.4,1.8,N,0,VIIRS_NOAA20_SP
20.97104,85.17743,326.4,0.55,0.43,2023-11-27,1938,N20,VIIRS,n,2,290.76,3.78,N,2,VIIRS_NOAA20_SP
20.97154,85.0138,333.98,0.56,0.43,2023-11-27,1938,N20,VIIRS,n,2,291.01,3.16,N,0,VIIRS_NOAA20_SP
20.97172,85.17209,328.49,0.55,0.43,2023-11-27,1938,N20,VIIRS,n,2,292.08,3.78,N,2,VIIRS_NOAA20_SP
20.97239,85.16678,302.27,0.55,0.43,2023-11-27,1938,N20,VIIRS,n,2,291.8,1.78,N,2,VIIRS_NOAA20_SP
20.97273,86.0001,303.4,0.5,0.41,2023-11-27,1938,N20,VIIRS,n,2,291.57,1.34,N,2,VIIRS_NOAA20_SP
20.97575,85.14017,303.63,0.55,0.43,2023-11-27,1938,N20,VIIRS,n,2,289.9,1.35,N,2,VIIRS_NOAA20_SP
20.97584,86.00543,306.61,0.5,0.41,2023-11-27,1938,N20,VIIRS,n,2,291.19,1.34,N,2,VIIRS_NOAA20_SP
20.97631,85.16731,304.44,0.55,0.43,2023-11-27,1938,N20,VIIRS,n,2,291.31,1.78,N,2,VIIRS_NOAA20_SP
20.97643,85.13484,311.92,0.56,0.43,2023-11-27,1938,N20,VIIRS,n,2,290.41,1.93,N,2,VIIRS_NOAA20_SP
20.979,85.14608,308.27,0.55,0.43,2023-11-27,1938,N20,VIIRS,n,2,289.87,1.35,N,2,VIIRS_NOAA20_SP
20.98035,85.1354,301.19,0.56,0.43,2023-11-27,1938,N20,VIIRS,n,2,289.91,1.93,N,2,VIIRS_NOAA20_SP
20.98495,85.13067,307.3,0.56,0.43,2023-11-27,1938,N20,VIIRS,n,2,289.6,1.56,N,2,VIIRS_NOAA20_SP
20.98563,85.12534,308.77,0.56,0.43,2023-11-27,1938,N20,VIIRS,n,2,288.93,1.76,N,0,VIIRS_NOAA20_SP
21.06573,85.03306,300.18,0.56,0.43,2023-11-27,1938,N20,VIIRS,n,2,288.29,1.32,N,2,VIIRS_NOAA20_SP
21.06859,85.03534,307.26,0.56,0.43,2023-11-27,1938,N20,VIIRS,n,2,290.86,2.25,N,2,VIIRS_NOAA20_SP
21.06968,85.03362,302.64,0.56,0.43,2023-11-27,1938,N20,VIIRS,n,2,290.37,2.56,N,2,VIIRS_NOAA20_SP
21.07582,85.0419,309.78,0.56,0.43,2023-11-27,1938,N20,VIIRS,n,2,290.19,2.58,N,2,VIIRS_NOAA20_SP
21.07978,85.04246,306.55,0.56,0.43,2023-11-27,1938,N20,VIIRS,n,2,290.09,1.64,N,2,VIIRS_NOAA20_SP
21.08045,85.03703,311.28,0.56,0.43,2023-11-27,1938,N20,VIIRS,n,2,292.35,2.65,N,2,VIIRS_NOAA20_SP
21.19967,81.20632,298.55,0.33,0.55,2023-11-27,1938,N20,VIIRS,n,2,287.28,0.48,N,2,VIIRS_NOAA20_SP
21.37926,81.68049,308.05,0.61,0.54,2023-11-27,1938,N20,VIIRS,n,2,287.53,2.52,N,2,VIIRS_NOAA20_SP
21.67389,84.03893,300.32,0.44,0.46,2023-11-27,1938,N20,VIIRS,n,2,288.83,1.75,N,2,VIIRS_NOAA20_SP
21.67864,84.03525,314.36,0.44,0.46,2023-11-27,1938,N20,VIIRS,n,2,288.41,1.75,N,2,VIIRS_NOAA20_SP
21.68237,84.04008,306.29,0.44,0.46,2023-11-27,1938,N20,VIIRS,n,2,290.63,1.91,N,2,VIIRS_NOAA20_SP
21.73611,83.98075,304.26,0.44,0.46,2023-11-27,1938,N20,VIIRS,n,2,289.84,0.99,N,0,VIIRS_NOAA20_SP
21.75291,84.02229,299.0,0.44,0.46,2023-11-27,1938,N20,VIIRS,n,2,288.46,0.64,N,2,VIIRS_NOAA20_SP
21.75426,83.84043,303.77,0.45,0.47,2023-11-27,1938,N20,VIIRS,n,2,287.86,0.85,N,2,VIIRS_NOAA20_SP
21.7568,83.83862,313.48,0.45,0.47,2023-11-27,1938,N20,VIIRS,n,2,287.86,0.94,N,2,VIIRS_NOAA20_SP
21.75716,84.02288,317.3,0.44,0.46,2023-11-27,1938,N20,VIIRS,n,2,291.65,2.12,N,2,VIIRS_NOAA20_SP
21.7606,83.84355,333.79,0.45,0.47,2023-11-27,1938,N20,VIIRS,n,2,291.24,3.51,N,2,VIIRS_NOAA20_SP
21.76192,84.01922,308.02,0.44,0.46,2023-11-27,1938,N20,VIIRS,n,2,291.81,2.12,N,2,VIIRS_NOAA20_SP
21.76567,84.02408,306.69,0.44,0.46,2023-11-27,1938,N20,VIIRS,n,2,289.11,0.97,N,2,VIIRS_NOAA20_SP
21.76617,84.01981,302.92,0.44,0.46,2023-11-27,1938,N20,VIIRS,n,2,289.77,0.97,N,2,VIIRS_NOAA20_SP
21.76667,84.01552,302.22,0.44,0.46,2023-11-27,1938,N20,VIIRS,n,2,289.64,1.16,N,2,VIIRS_NOAA20_SP
21.76741,83.8224,308.45,0.45,0.47,2023-11-27,1938,N20,VIIRS,n,2,288.46,1.71,N,0,VIIRS_NOAA20_SP
21.76992,84.02464,302.13,0.44,0.46,2023-11-27,1938,N20,VIIRS,n,2,286.87,0.97,N,2,VIIRS_NOAA20_SP
21.77042,84.0204,304.08,0.44,0.46,2023-11-27,1938,N20,VIIRS,n,2,288.9,0.97,N,2,VIIRS_NOAA20_SP
21.77093,84.01611,305.35,0.44,0.46,2023-11-27,1938,N20,VIIRS,n,2,290.26,1.16,N,2,VIIRS_NOAA20_SP
21.77932,83.83289,307.82,0.45,0.47,2023-11-27,1938,N20,VIIRS,n,2,287.86,1.58,N,2,VIIRS_NOAA20_SP
21.79576,83.98917,299.34,0.44,0.46,2023-11-27,1938,N20,VIIRS,n,2,288.02,0.49,N,2,VIIRS_NOAA20_SP
21.93121,85.22038,314.52,0.56,0.43,2023-11-27,1938,N20,VIIRS,n,2,287.71,2.37,N,2,VIIRS_NOAA20_SP
21.99384,85.32455,296.11,0.56,0.43,2023-11-27,1938,N20,VIIRS,n,2,286.05,0.49,N,2,VIIRS_NOAA20_SP
22.04045,83.73507,306.36,0.46,0.47,2023-11-27,1938,N20,VIIRS,n,2,287.81,2.86,N,2,VIIRS_NOAA20_SP
22.04481,83.73561,322.49,0.46,0.47,2023-11-27,1938,N20,VIIRS,n,2,289.4,2.86,N,2,VIIRS_NOAA20_SP
22.04533,83.73115,333.9,0.46,0.47,2023-11-27,1938,N20,VIIRS,n,2,289.1,5.23,N,2,VIIRS_NOAA20_SP
22.05613,85.46381,301.82,0.55,0.43,2023-11-27,1938,N20,VIIRS,n,2,287.17,1.14,N,2,VIIRS_NOAA20_SP
22.05943,83.72398,300.46,0.46,0.47,2023-11-27,1938,N20,VIIRS,n,2,287.95,1.29,N,2,VIIRS_NOAA20_SP
22.10137,84.37665,297.31,0.42,0.45,2023-11-27,1938,N20,VIIRS,n,2,286.2,0.39,N,2,VIIRS_NOAA20_SP
22.13399,85.41778,296.91,0.55,0.43,2023-11-27,1938,N20,VIIRS,n,2,284.63,0.42,N,0,VIIRS_NOAA20_SP
22.20874,84.84644,312.5,0.4,0.44,2023-11-27,1938,N20,VIIRS,n,2,287.38,1.25,N,2,VIIRS_NOAA20_SP
22.21091,84.86246,302.36,0.4,0.44,2023-11-27,1938,N20,VIIRS,n,2,289.42,0.91,N,2,VIIRS_NOAA20_SP
22.21355,84.87461,304.27,0.4,0.44,2023-11-27,1938,N20,VIIRS,n,2,290.35,1.37,N,2,VIIRS_NOAA20_SP
22.21497,84.86303,302.32,0.4,0.44,2023-11-27,1938,N20,VIIRS,n,2,290.25,0.91,N,2,VIIRS_NOAA20_SP
22.22368,84.75779,298.41,0.4,0.44,2023-11-27,1938,N20,VIIRS,n,2,287.38,0.67,N,2,VIIRS_NOAA20_SP
22.22463,84.74995,301.22,0.4,0.44,2023-11-27,1938,N20,VIIRS,n,2,287.38,1.41,N,2,VIIRS_NOAA20_SP
22.22776,84.75836,297.86,0.4,0.44,2023-11-27,1938,N20,VIIRS,n,2,287.34,0.67,N,0,VIIRS_NOAA20_SP
22.24518,87.38812,307.91,0.44,0.39,2023-11-27,1938,N20,VIIRS,n,2,280.49,1.42,N,2,VIIRS_NOAA20_SP
22.30992,84.76125,299.43,0.4,0.44,2023-11-27,1938,N20,VIIRS,n,2,287.07,0.64,N,0,VIIRS_NOAA20_SP
22.35991,87.29042,308.39,0.45,0.39,2023-11-27,1938,N20,VIIRS,n,2,292.13,1.49,N,2,VIIRS_NOAA20_SP
22.36098,87.01629,304.53,0.46,0.39,2023-11-27,1938,N20,VIIRS,n,2,290.8,1.18,N,2,VIIRS_NOAA20_SP
22.36458,87.01688,317.17,0.46,0.39,2023-11-27,1938,N20,VIIRS,n,2,291.45,1.87,N,2,VIIRS_NOAA20_SP
22.36581,87.30024,316.19,0.45,0.39,2023-11-27,1938,N20,VIIRS,n,2,292.67,2.52,N,2,VIIRS_NOAA20_SP
22.36818,87.01745,309.55,0.46,0.39,2023-11-27,1938,N20,VIIRS,n,2,291.19,1.87,N,2,VIIRS_NOAA20_SP
22.36937,87.30081,314.56,0.45,0.39,2023-11-27,1938,N20,VIIRS,n,2,292.35,1.91,N,2,VIIRS_NOAA20_SP
22.3795,87.28024,319.88,0.45,0.39,2023-11-27,1938,N20,VIIRS,n,2,293.22,1.77,N,2,VIIRS_NOAA20_SP
22.38011,87.27589,308.2,0.45,0.39,2023-11-27,1938,N20,VIIRS,n,2,290.72,1.77,N,2,VIIRS_NOAA20_SP
22.47594,88.00426,301.49,0.42,0.38,2023-11-27,1938,N20,VIIRS,n,2,290.92,0.42,N,0,VIIRS_NOAA20_SP
22.58814,85.90188,300.16,0.53,0.42,2023-11-27,1938,N20,VIIRS,n,2,288.78,0.84,N,0,VIIRS_NOAA20_SP
22.59197,85.90244,303.43,0.53,0.42,2023-11-27,1938,N20,VIIRS,n,2,288.97,0.84,N,2,VIIRS_NOAA20_SP
22.7849,86.20244,305.02,0.51,0.41,2023-11-27,1938,N20,VIIRS,n,2,291.02,1.71,N,2,VIIRS_NOAA20_SP
22.78932,86.19802,323.44,0.51,0.41,2023-11-27,1938,N20,VIIRS,n,2,292.35,2.71,N,2,VIIRS_NOAA20_SP
22.79181,86.20851,316.03,0.51,0.41,2023-11-27,1938,N20,VIIRS,n,2,291.6,2.53,N,2,VIIRS_NOAA20_SP
22.7931,86.19859,303.33,0.51,0.41,2023-11-27,1938,N20,VIIRS,n,2,290.45,2.71,N,3,VIIRS_NOAA20_SP
22.79623,86.20412,308.41,0.51,0.41,2023-11-27,1938,N20,VIIRS,n,2,289.48,1.07,N,2,VIIRS_NOAA20_SP
22.79687,86.19917,307.97,0.51,0.41,2023-11-27,1938,N20,VIIRS,n,2,290.68,1.07,N,2,VIIRS_NOAA20_SP
22.79964,86.08752,301.9,0.52,0.41,2023-11-27,1938,N20,VIIRS,n,2,288.16,1.04,N,2,VIIRS_NOAA20_SP
22.80001,86.20465,305.55,0.51,0.41,2023-11-27,1938,N20,VIIRS,n,2,289.7,1.07,N,2,VIIRS_NOAA20_SP
22.80344,86.0881,301.89,0.52,0.41,2023-11-27,1938,N20,VIIRS,n,2,288.97,1.51,N,2,VIIRS_NOAA20_SP
22.82085,87.98936,298.64,0.43,0.38,2023-11-27,1938,N20,VIIRS,n,2,287.13,0.31,N,0,VIIRS_NOAA20_SP
22.8581,86.05526,304.03,0.52,0.42,2023-11-27,1938,N20,VIIRS,n,2,288.39,1.3,N,2,VIIRS_NOAA20_SP
22.87621,86.05941,301.53,0.52,0.42,2023-11-27,1938,N20,VIIRS,n,2,287.66,0.68,N,2,VIIRS_NOAA20_SP
22.87648,86.06319,301.44,0.52,0.42,2023-11-27,1938,N20,VIIRS,n,2,288.14,0.98,N,2,VIIRS_NOAA20_SP
15.8603,97.79315,310.75,0.35,0.56,2023-11-27,1939,N20,VIIRS,n,2,288.65,0.76,N,0,VIIRS_NOAA20_SP
16.76818,79.86064,302.25,0.35,0.57,2023-11-27,1939,N20,VIIRS,n,2,289.59,0.42,N,0,VIIRS_NOAA20_SP
17.06327,76.9744,301.34,0.56,0.68,2023-11-27,1939,N20,VIIRS,n,2,288.41,0.92,N,0,VIIRS_NOAA20_SP
17.06642,76.97482,304.14,0.56,0.68,2023-11-27,1939,N20,VIIRS,n,2,288.56,1.6,N,2,VIIRS_NOAA20_SP
17.14673,78.2228,299.34,0.46,0.64,2023-11-27,1939,N20,VIIRS,n,2,288.12,1.08,N,2,VIIRS_NOAA20_SP
17.14717,78.21844,298.77,0.46,0.64,2023-11-27,1939,N20,VIIRS,n,2,287.8,1.01,N,0,VIIRS_NOAA20_SP
17.14783,78.21957,299.77,0.46,0.64,2023-11-27,1939,N20,VIIRS,n,2,288.14,1.04,N,2,VIIRS_NOAA20_SP
17.46723,80.65484,302.77,0.32,0.55,2023-11-27,1939,N20,VIIRS,n,2,291.3,1.25,N,0,VIIRS_NOAA20_SP
17.48055,75.13261,303.31,0.74,0.76,2023-11-27,1939,N20,VIIRS,n,2,286.22,4.2,N,0,VIIRS_NOAA20_SP
17.53382,82.99915,307.46,0.45,0.47,2023-11-27,1939,N20,VIIRS,n,2,291.24,1.44,N,2,VIIRS_NOAA20_SP
17.55419,82.94251,323.14,0.45,0.47,2023-11-27,1939,N20,VIIRS,n,2,291.55,2.66,N,0,VIIRS_NOAA20_SP
17.60708,83.19921,308.4,0.44,0.46,2023-11-27,1939,N20,VIIRS,n,2,291.65,1.91,N,2,VIIRS_NOAA20_SP
17.61079,83.20393,310.98,0.44,0.46,2023-11-27,1939,N20,VIIRS,n,2,292.5,1.85,N,2,VIIRS_NOAA20_SP
17.61132,83.1998,317.03,0.44,0.46,2023-11-27,1939,N20,VIIRS,n,2,290.73,1.67,N,2,VIIRS_NOAA20_SP
17.66375,80.48512,303.03,0.33,0.55,2023-11-27,1939,N20,VIIRS,n,2,290.45,0.49,N,0,VIIRS_NOAA20_SP
18.7251,79.50331,302.0,0.4,0.6,2023-11-27,1939,N20,VIIRS,n,2,288.34,0.74,N,0,VIIRS_NOAA20_SP
19.10593,82.16705,301.75,0.53,0.5,2023-11-27,1939,N20,VIIRS,n,2,289.83,1.07,N,0,VIIRS_NOAA20_SP
19.78918,79.14468,298.62,0.43,0.62,2023-11-27,1939,N20,VIIRS,n,2,286.86,0.68,N,2,VIIRS_NOAA20_SP
19.92359,79.10863,300.66,0.43,0.62,2023-11-27,1939,N20,VIIRS,n,2,288.08,0.73,N,2,VIIRS_NOAA20_SP
19.96503,79.33375,324.7,0.42,0.61,2023-11-27,1939,N20,VIIRS,n,2,288.32,4.33,N,2,VIIRS_NOAA20_SP
19.96544,79.32961,318.55,0.42,0.61,2023-11-27,1939,N20,VIIRS,n,2,287.24,3.86,N,2,VIIRS_NOAA20_SP
14.56895,75.77844,300.03,0.62,0.72,2023-11-27,1940,N20,VIIRS,n,2,286.69,0.87,N,0,VIIRS_NOAA20_SP
15.07262,76.86314,301.28,0.53,0.67,2023-11-27,1940,N20,VIIRS,n,2,287.2,1.15,N,2,VIIRS_NOAA20_SP
15.1726,76.37355,302.62,0.58,0.7,2023-11-27,1940,N20,VIIRS,n,2,288.1,1.52,N,0,VIIRS_NOAA20_SP
15.17539,76.65363,304.44,0.55,0.68,2023-11-27,1940,N20,VIIRS,n,2,287.97,1.64,N,2,VIIRS_NOAA20_SP
15.17639,76.67703,308.0,0.55,0.68,2023-11-27,1940,N20,VIIRS,n,2,287.37,1.23,N,2,VIIRS_NOAA20_SP
15.17691,76.67184,300.18,0.55,0.68,2023-11-27,1940,N20,VIIRS,n,2,287.26,1.23,N,2,VIIRS_NOAA20_SP
15.17846,76.6563,306.98,0.55,0.68,2023-11-27,1940,N20,VIIRS,n,2,288.09,1.67,N,2,VIIRS_NOAA20_SP
15.17898,76.65111,304.91,0.55,0.68,2023-11-27,1940,N20,VIIRS,n,2,287.93,1.67,N,2,VIIRS_NOAA20_SP
15.1795,76.6749,316.22,0.55,0.68,2023-11-27,1940,N20,VIIRS,n,2,287.44,2.42,N,2,VIIRS_NOAA20_SP
15.18171,76.65427,304.68,0.55,0.68,2023-11-27,1940,N20,VIIRS,n,2,288.17,1.64,N,2,VIIRS_NOAA20_SP
15.18804,76.65488,303.19,0.55,0.68,2023-11-27,1940,N20,VIIRS,n,2,288.35,1.73,N,2,VIIRS_NOAA20_SP
15.34118,76.27348,300.56,0.59,0.7,2023-11-27,1940,N20,VIIRS,n,2,287.67,1.33,N,2,VIIRS_NOAA20_SP
16.19652,75.59441,302.8,0.67,0.74,2023-11-27,1940,N20,VIIRS,n,2,285.35,1.11,N,0,VIIRS_NOAA20_SP
16.22882,75.85632,301.88,0.64,0.72,2023-11-27,1940,N20,VIIRS,n,2,286.17,0.77,N,0,VIIRS_NOAA20_SP
16.23218,75.85686,300.81,0.64,0.72,2023-11-27,1940,N20,VIIRS,n,2,286.12,0.76,N,0,VIIRS_NOAA20_SP
16.34103,75.39476,304.34,0.69,0.74,2023-11-27,1940,N20,VIIRS,n,2,284.83,3.15,N,0,VIIRS_NOAA20_SP
16.34141,75.39626,307.2,0.69,0.75,2023-11-27,1940,N20,VIIRS,n,2,285.26,4.14,N,0,VIIRS_NOAA20_SP
10.0128,78.04347,302.07,0.38,0.59,2023-11-27,1941,N20,VIIRS,n,2,288.08,0.49,N,0,VIIRS_NOAA20_SP
10.81476,79.30455,304.36,0.32,0.55,2023-11-27,1941,N20,VIIRS,n,2,291.16,0.33,N,2,VIIRS_NOAA20_SP
11.81306,77.92057,308.04,0.41,0.61,2023-11-27,1941,N20,VIIRS,n,2,290.73,1.58,N,2,VIIRS_NOAA20_SP
12.34947,76.66593,301.48,0.51,0.66,2023-11-27,1941,N20,VIIRS,n,2,287.95,0.43,N,0,VIIRS_NOAA20_SP
34.90831,72.05935,298.51,0.45,0.39,2023-11-27,2115,N20,VIIRS,n,2,280.01,0.7,N,0,VIIRS_NOAA20_SP
34.9092,72.05463,295.5,0.45,0.39,2023-11-27,2115,N20,VIIRS,n,2,280.91,1.24,N,0,VIIRS_NOAA20_SP
35.20976,71.29912,300.27,0.43,0.38,2023-11-27,2115,N20,VIIRS,n,2,277.47,0.69,N,0,VIIRS_NOAA20_SP
35.24461,71.22428,315.83,0.42,0.38,2023-11-27,2115,N20,VIIRS,n,2,274.49,1.19,N,0,VIIRS_NOAA20_SP
29.48715,77.7109,295.69,0.39,0.59,2023-11-27,2116,N20,VIIRS,n,2,284.74,0.18,N,0,VIIRS_NOAA20_SP
29.49001,77.71181,295.19,0.39,0.59,2023-11-27,2116,N20,VIIRS,n,2,284.17,0.21,N,0,VIIRS_NOAA20_SP
30.99109,77.82001,296.5,0.36,0.58,2023-11-27,2116,N20,VIIRS,n,2,267.24,0.46,N,0,VIIRS_NOAA20_SP
31.09465,76.03775,295.04,0.57,0.52,2023-11-27,2116,N20,VIIRS,n,2,282.95,0.93,N,0,VIIRS_NOAA20_SP
31.09589,76.03931,296.76,0.57,0.52,2023-11-27,2116,N20,VIIRS,n,2,283.24,1.12,N,0,VIIRS_NOAA20_SP
31.14125,72.03074,310.03,0.51,0.41,2023-11-27,2116,N20,VIIRS,n,2,283.18,1.23,N,0,VIIRS_NOAA20_SP
31.61945,74.37106,298.56,0.44,0.46,2023-11-27,2116,N20,VIIRS,n,2,283.8,0.68,N,0,VIIRS_NOAA20_SP
31.62667,74.44122,300.51,0.45,0.47,2023-11-27,2116,N20,VIIRS,n,2,284.34,0.57,N,2,VIIRS_NOAA20_SP
31.65239,74.17508,302.5,0.43,0.46,2023-11-27,2116,N20,VIIRS,n,2,282.88,1.03,N,0,VIIRS_NOAA20_SP
31.67137,77.30891,300.88,0.33,0.55,2023-11-27,2116,N20,VIIRS,n,2,270.99,0.72,N,0,VIIRS_NOAA20_SP
31.67138,77.30901,298.42,0.33,0.55,2023-11-27,2116,N20,VIIRS,n,2,268.14,0.37,N,0,VIIRS_NOAA20_SP
32.08689,74.1664,299.51,0.42,0.45,2023-11-27,2116,N20,VIIRS,n,2,283.88,0.55,N,2,VIIRS_NOAA20_SP
32.08781,74.16202,297.09,0.42,0.45,2023-11-27,2116,N20,VIIRS,n,2,284.18,1.39,N,2,VIIRS_NOAA20_SP
32.09189,74.16321,300.2,0.42,0.45,2023-11-27,2116,N20,VIIRS,n,2,283.42,0.46,N,0,VIIRS_NOAA20_SP
32.10321,74.17114,296.85,0.42,0.45,2023-11-27,2116,N20,VIIRS,n,2,283.62,0.56,N,2,VIIRS_NOAA20_SP
32.16914,74.894,302.95,0.46,0.47,2023-11-27,2116,N20,VIIRS,n,2,280.46,0.97,N,0,VIIRS_NOAA20_SP
32.20279,74.2214,295.73,0.42,0.46,2023-11-27,2116,N20,VIIRS,n,2,283.95,0.5,N,2,VIIRS_NOAA20_SP
32.29067,70.74063,305.01,0.44,0.38,2023-11-27,2116,N20,VIIRS,n,2,288.96,0.89,N,2,VIIRS_NOAA20_SP
32.29232,70.73164,300.19,0.44,0.38,2023-11-27,2116,N20,VIIRS,n,2,287.28,0.87,N,2,VIIRS_NOAA20_SP
32.2958,70.7325,302.64,0.44,0.38,2023-11-27,2116,N20,VIIRS,n,2,287.18,0.87,N,2,VIIRS_NOAA20_SP
32.37202,71.83497,303.74,0.48,0.4,2023-11-27,2116,N20,VIIRS,n,2,281.06,0.65,N,0,VIIRS_NOAA20_SP
32.57676,72.56348,299.4,0.52,0.41,2023-11-27,2116,N20,VIIRS,n,2,283.28,1.08,N,2,VIIRS_NOAA20_SP
32.88766,71.61716,309.31,0.46,0.39,2023-11-27,2116,N20,VIIRS,n,2,287.17,0.77,N,2,VIIRS_NOAA20_SP
32.89019,71.61584,315.2,0.46,0.39,2023-11-27,2116,N20,VIIRS,n,2,288.29,1.75,N,2,VIIRS_NOAA20_SP
32.8912,71.6182,295.74,0.46,0.39,2023-11-27,2116,N20,VIIRS,n,2,284.7,0.77,N,2,VIIRS_NOAA20_SP
32.90945,70.17575,308.09,0.42,0.37,2023-11-27,2116,N20,VIIRS,n,2,283.27,1.25,N,0,VIIRS_NOAA20_SP
33.54653,71.54866,304.95,0.45,0.39,2023-11-27,2116,N20,VIIRS,n,2,284.18,0.98,N,2,VIIRS_NOAA20_SP
33.75578,71.40599,298.65,0.45,0.39,2023-11-27,2116,N20,VIIRS,n,2,280.07,0.35,N,0,VIIRS_NOAA20_SP
28.42423,69.70107,303.53,0.44,0.39,2023-11-27,2117,N20,VIIRS,n,2,286.05,0.88,N,2,VIIRS_NOAA20_SP
28.61217,68.62673,301.87,0.41,0.37,2023-11-27,2117,N20,VIIRS,n,2,285.9,0.61,N,0,VIIRS_NOAA20_SP
28.67487,70.60967,297.62,0.48,0.4,2023-11-27,2117,N20,VIIRS,n,2,284.2,0.52,N,0,VIIRS_NOAA20_SP
29.99052,70.06189,303.1,0.44,0.38,2023-11-27,2117,N20,VIIRS,n,2,281.41,0.65,N,0,VIIRS_NOAA20_SP
30.31788,71.76421,296.03,0.51,0.41,2023-11-27,2117,N20,VIIRS,n,2,284.01,0.42,N,0,VIIRS_NOAA20_SP
24.68972,73.00252,307.85,0.51,0.49,2023-11-27,2118,N20,VIIRS,n,2,288.12,1.52,N,2,VIIRS_NOAA20_SP
24.82038,73.09155,300.01,0.51,0.49,2023-11-27,2118,N20,VIIRS,n,2,287.27,0.91,N,2,VIIRS_NOAA20_SP
25.40317,68.56435,297.3,0.43,0.38,2023-11-27,2118,N20,VIIRS,n,2,286.67,0.21,N,2,VIIRS_NOAA20_SP
25.41697,68.62938,299.58,0.44,0.38,2023-11-27,2118,N20,VIIRS,n,2,286.15,0.37,N,0,VIIRS_NOAA20_SP
25.79499,68.69936,299.53,0.44,0.38,2023-11-27,2118,N20,VIIRS,n,2,287.33,0.36,N,2,VIIRS_NOAA20_SP
26.09109,68.87979,298.49,0.44,0.38,2023-11-27,2118,N20,VIIRS,n,2,287.62,0.67,N,2,VIIRS_NOAA20_SP
26.09458,68.88055,309.19,0.44,0.38,2023-11-27,2118,N20,VIIRS,n,2,288.18,0.67,N,2,VIIRS_NOAA20_SP
26.25822,74.09427,298.38,0.55,0.51,2023-11-27,2118,N20,VIIRS,n,2,285.6,1.09,N,0,VIIRS_NOAA20_SP
19.74496,75.2952,296.65,0.45,0.63,2023-11-27,2119,N20,VIIRS,n,2,285.19,1.11,N,0,VIIRS_NOAA20_SP
20.83607,70.69384,308.34,0.43,0.46,2023-11-27,2119,N20,VIIRS,n,2,292.42,1.32,N,2,VIIRS_NOAA20_SP
20.909,71.45947,303.47,0.48,0.48,2023-11-27,2119,N20,VIIRS,n,2,291.52,1.26,N,2,VIIRS_NOAA20_SP
21.10338,72.63773,304.37,0.57,0.52,2023-11-27,2119,N20,VIIRS,n,2,291.75,4.69,N,2,VIIRS_NOAA20_SP
21.10447,72.63243,304.64,0.56,0.52,2023-11-27,2119,N20,VIIRS,n,2,291.15,1.94,N,2,VIIRS_NOAA20_SP
21.10695,72.64416,340.2,0.57,0.52,2023-11-27,2119,N20,VIIRS,n,2,293.96,4.69,N,2,VIIRS_NOAA20_SP
21.1138,72.63461,312.23,0.56,0.52,2023-11-27,2119,N20,VIIRS,n,2,292.75,1.23,N,2,VIIRS_NOAA20_SP
22.33458,69.86847,303.26,0.55,0.43,2023-11-27,2119,N20,VIIRS,n,2,292.92,2.01,N,2,VIIRS_NOAA20_SP
22.34136,69.8536,302.65,0.55,0.43,2023-11-27,2119,N20,VIIRS,n,2,292.1,1.39,N,2,VIIRS_NOAA20_SP
22.34418,69.88155,339.06,0.55,0.43,2023-11-27,2119,N20,VIIRS,n,2,292.72,15.26,N,2,VIIRS_NOAA20_SP
22.40087,69.01825,302.31,0.49,0.41,2023-11-27,2119,N20,VIIRS,n,2,291.48,0.77,N,2,VIIRS_NOAA20_SP
22.92196,70.1069,303.45,0.55,0.43,2023-11-27,2119,N20,VIIRS,n,2,289.5,0.42,N,0,VIIRS_NOAA20_SP
22.92554,69.82341,302.43,0.53,0.42,2023-11-27,2119,N20,VIIRS,n,2,289.31,1.3,N,2,VIIRS_NOAA20_SP
22.92735,69.82566,300.25,0.53,0.42,2023-11-27,2119,N20,VIIRS,n,2,290.18,0.8,N,2,VIIRS_NOAA20_SP
22.93664,69.69861,300.25,0.53,0.42,2023-11-27,2119,N20,VIIRS,n,2,288.51,1.27,N,2,VIIRS_NOAA20_SP
23.01629,70.10222,299.71,0.55,0.43,2023-11-27,2119,N20,VIIRS,n,2,289.2,1.06,N,2,VIIRS_NOAA20_SP
23.26381,70.2494,305.14,0.56,0.43,2023-11-27,2119,N20,VIIRS,n,2,289.38,1.29,N,2,VIIRS_NOAA20_SP
23.31591,70.48787,299.86,0.57,0.43,2023-11-27,2119,N20,VIIRS,n,2,289.46,1.06,N,2,VIIRS_NOAA20_SP
23.43139,68.71293,304.36,0.46,0.39,2023-11-27,2119,N20,VIIRS,n,2,290.75,0.97,N,2,VIIRS_NOAA20_SP
15.17606,76.67586,309.21,0.68,0.74,2023-11-27,2120,N20,VIIRS,n,2,286.7,3.34,N,2,VIIRS_NOAA20_SP
15.17775,76.65585,304.44,0.68,0.74,2023-11-27,2120,N20,VIIRS,n,2,287.2,4.04,N,2,VIIRS_NOAA20_SP
15.17884,76.66355,299.82,0.68,0.74,2023-11-27,2120,N20,VIIRS,n,2,286.89,4.15,N,2,VIIRS_NOAA20_SP
15.17896,76.68231,301.18,0.68,0.74,2023-11-27,2120,N20,VIIRS,n,2,286.45,1.82,N,2,VIIRS_NOAA20_SP
15.18031,76.67616,306.32,0.68,0.74,2023-11-27,2120,N20,VIIRS,n,2,286.86,1.82,N,2,VIIRS_NOAA20_SP
15.18301,76.66376,301.86,0.68,0.74,2023-11-27,2120,N20,VIIRS,n,2,287.27,2.89,N,2,VIIRS_NOAA20_SP
15.90654,75.22443,306.01,0.53,0.67,2023-11-27,2120,N20,VIIRS,n,2,287.94,0.61,N,0,VIIRS_NOAA20_SP
16.19542,75.42253,307.34,0.54,0.68,2023-11-27,2120,N20,VIIRS,n,2,286.94,1.12,N,0,VIIRS_NOAA20_SP
16.19567,75.4209,307.33,0.54,0.68,2023-11-27,2120,N20,VIIRS,n,2,287.21,1.29,N,0,VIIRS_NOAA20_SP
16.2561,75.37856,298.85,0.53,0.67,2023-11-27,2120,N20,VIIRS,n,2,286.88,0.84,N,0,VIIRS_NOAA20_SP
16.48998,75.61939,307.88,0.55,0.68,2023-11-27,2120,N20,VIIRS,n,2,286.69,1.36,N,0,VIIRS_NOAA20_SP
16.49044,75.6228,301.07,0.55,0.68,2023-11-27,2120,N20,VIIRS,n,2,286.8,1.05,N,0,VIIRS_NOAA20_SP
16.493,75.46281,302.75,0.53,0.67,2023-11-27,2120,N20,VIIRS,n,2,286.12,1.06,N,0,VIIRS_NOAA20_SP
17.14806,78.22247,297.43,0.78,0.78,2023-11-27,2120,N20,VIIRS,n,2,286.43,0.92,N,2,VIIRS_NOAA20_SP
18.68097,73.03343,303.82,0.33,0.56,2023-11-27,2120,N20,VIIRS,n,2,289.82,1.88,N,2,VIIRS_NOAA20_SP
18.68586,73.02962,318.39,0.33,0.56,2023-11-27,2120,N20,VIIRS,n,2,290.01,1.45,N,2,VIIRS_NOAA20_SP
18.68662,73.03148,308.74,0.33,0.56,2023-11-27,2120,N20,VIIRS,n,2,290.18,1.58,N,2,VIIRS_NOAA20_SP
18.68725,73.02837,306.78,0.33,0.56,2023-11-27,2120,N20,VIIRS,n,2,288.89,1.58,N,2,VIIRS_NOAA20_SP
18.69395,73.04115,302.13,0.33,0.56,2023-11-27,2120,N20,VIIRS,n,2,288.69,1.1,N,2,VIIRS_NOAA20_SP
18.80694,74.25841,305.36,0.4,0.6,2023-11-27,2120,N20,VIIRS,n,2,287.62,0.65,N,2,VIIRS_NOAA20_SP
18.97619,71.6225,327.81,0.53,0.5,2023-11-27,2120,N20,VIIRS,n,2,292.49,5.3,N,3,VIIRS_NOAA20_SP
19.01955,72.90051,303.58,0.32,0.55,2023-11-27,2120,N20,VIIRS,n,2,292.36,2.31,N,0,VIIRS_NOAA20_SP
19.10293,73.05129,311.21,0.33,0.55,2023-11-27,2120,N20,VIIRS,n,2,290.46,0.64,N,2,VIIRS_NOAA20_SP
19.24902,72.18092,313.61,0.57,0.52,2023-11-27,2120,N20,VIIRS,n,2,292.61,5.11,N,3,VIIRS_NOAA20_SP
19.37173,71.35401,330.46,0.5,0.49,2023-11-27,2120,N20,VIIRS,n,2,294.3,5.6,N,3,VIIRS_NOAA20_SP
15.99169,97.85896,339.95,0.4,0.37,2023-11-28,648,N20,VIIRS,n,2,296.8,13.27,D,0,VIIRS_NOAA20_SP
16.11584,95.59996,342.96,0.39,0.36,2023-11-28,648,N20,VIIRS,n,2,298.09,3.31,D,0,VIIRS_NOAA20_SP
16.20374,97.52304,333.44,0.39,0.36,2023-11-28,648,N20,VIIRS,n,2,299.01,1.43,D,3,VIIRS_NOAA20_SP
16.25488,95.72887,334.12,0.39,0.36,2023-11-28,648,N20,VIIRS,n,2,296.99,3.71,D,0,VIIRS_NOAA20_SP
16.28652,95.84512,332.86,0.39,0.36,2023-11-28,648,N20,VIIRS,n,2,298.23,4.04,D,0,VIIRS_NOAA20_SP
16.28872,95.48862,334.64,0.39,0.36,2023-11-28,648,N20,VIIRS,n,2,297.09,3.23,D,0,VIIRS_NOAA20_SP
16.43773,95.42142,334.55,0.39,0.36,2023-11-28,648,N20,VIIRS,n,2,297.25,2.8,D,0,VIIRS_NOAA20_SP
16.48361,95.38748,343.47,0.39,0.36,2023-11-28,648,N20,VIIRS,n,2,298.13,9.68,D,0,VIIRS_NOAA20_SP
16.4842,94.96372,330.55,0.4,0.37,2023-11-28,648,N20,VIIRS,n,2,296.06,2.3,D,0,VIIRS_NOAA20_SP
16.49552,95.76853,335.5,0.39,0.36,2023-11-28,648,N20,VIIRS,n,2,298.53,3.15,D,0,VIIRS_NOAA20_SP
16.49771,95.76077,338.47,0.39,0.36,2023-11-28,648,N20,VIIRS,n,2,301.1,21.93,D,0,VIIRS_NOAA20_SP
16.51216,95.81008,334.72,0.39,0.36,2023-11-28,648,N20,VIIRS,n,2,298.24,2.63,D,0,VIIRS_NOAA20_SP
16.51546,95.80954,334.12,0.39,0.36,2023-11-28,648,N20,VIIRS,n,2,298.0,2.63,D,0,VIIRS_NOAA20_SP
16.52112,95.47463,336.56,0.39,0.36,2023-11-28,648,N20,VIIRS,n,2,299.42,5.68,D,0,VIIRS_NOAA20_SP
16.54094,96.46346,331.83,0.38,0.36,2023-11-28,648,N20,VIIRS,n,2,300.9,2.17,D,0,VIIRS_NOAA20_SP
16.54534,95.04482,334.38,0.4,0.37,2023-11-28,648,N20,VIIRS,n,2,296.32,1.41,D,0,VIIRS_NOAA20_SP
16.55669,95.74723,330.44,0.39,0.36,2023-11-28,648,N20,VIIRS,n,2,297.9,2.04,D,0,VIIRS_NOAA20_SP
16.56697,97.64382,334.65,0.39,0.36,2023-11-28,648,N20,VIIRS,n,2,298.8,2.13,D,0,VIIRS_NOAA20_SP
16.57129,94.76405,332.79,0.41,0.37,2023-11-28,648,N20,VIIRS,n,2,296.85,3.67,D,0,VIIRS_NOAA20_SP
16.58204,95.0157,329.59,0.4,0.37,2023-11-28,648,N20,VIIRS,n,2,296.55,2.5,D,0,VIIRS_NOAA20_SP
16.58448,96.61739,332.36,0.38,0.36,2023-11-28,648,N20,VIIRS,n,2,299.63,1.64,D,0,VIIRS_NOAA20_SP
16.58455,95.01891,330.52,0.4,0.37,2023-11-28,648,N20,VIIRS,n,2,298.61,2.61,D,0,VIIRS_NOAA20_SP
16.58538,95.75724,333.53,0.39,0.36,2023-11-28,648,N20,VIIRS,n,2,297.95,5.32,D,0,VIIRS_NOAA20_SP
16.58731,95.01463,334.43,0.4,0.37,2023-11-28,648,N20,VIIRS,n,2,297.61,2.61,D,0,VIIRS_NOAA20_SP
16.59849,96.41634,330.96,0.38,0.36,2023-11-28,648,N20,VIIRS,n,2,300.62,2.23,D,0,VIIRS_NOAA20_SP
16.60316,96.53635,331.03,0.38,0.36,2023-11-28,648,N20,VIIRS,n,2,300.56,1.7,D,0,VIIRS_NOAA20_SP
16.60958,95.0679,332.54,0.4,0.37,2023-11-28,648,N20,VIIRS,n,2,296.93,2.42,D,0,VIIRS_NOAA20_SP
16.64244,96.39452,349.72,0.38,0.36,2023-11-28,648,N20,VIIRS,n,2,300.2,4.74,D,0,VIIRS_NOAA20_SP
16.6454,95.07699,336.56,0.4,0.37,2023-11-28,648,N20,VIIRS,n,2,296.92,3.69,D,0,VIIRS_NOAA20_SP
16.64561,96.45989,334.97,0.38,0.36,2023-11-28,648,N20,VIIRS,n,2,299.81,2.99,D,0,VIIRS_NOAA20_SP
16.65302,96.57584,332.48,0.38,0.36,2023-11-28,648,N20,VIIRS,n,2,300.67,1.59,D,0,VIIRS_NOAA20_SP
16.65625,96.59729,335.83,0.38,0.36,2023-11-28,648,N20,VIIRS,n,2,300.88,2.16,D,0,VIIRS_NOAA20_SP
16.66265,94.74087,341.02,0.41,0.37,2023-11-28,648,N20,VIIRS,n,2,297.19,4.66,D,0,VIIRS_NOAA20_SP
16.66615,95.01257,346.01,0.4,0.37,2023-11-28,648,N20,VIIRS,n,2,296.68,6.01,D,0,VIIRS_NOAA20_SP
16.66767,95.23963,331.87,0.39,0.37,2023-11-28,648,N20,VIIRS,n,2,295.77,1.58,D,0,VIIRS_NOAA20_SP
16.67133,96.69742,334.28,0.38,0.36,2023-11-28,648,N20,VIIRS,n,2,301.48,2.07,D,0,VIIRS_NOAA20_SP
16.67463,96.69688,352.79,0.38,0.36,2023-11-28,648,N20,VIIRS,n,2,304.59,11.96,D,0,VIIRS_NOAA20_SP
16.68003,96.53117,335.6,0.38,0.36,2023-11-28,648,N20,VIIRS,n,2,300.84,3.05,D,0,VIIRS_NOAA20_SP
16.69168,96.47434,334.63,0.38,0.36,2023-11-28,648,N20,VIIRS,n,2,300.26,3.57,D,0,VIIRS_NOAA20_SP
16.70383,96.6665,332.8,0.38,0.36,2023-11-28,648,N20,VIIRS,n,2,299.95,2.68,D,0,VIIRS_NOAA20_SP
16.70437,96.67008,338.8,0.38,0.36,2023-11-28,648,N20,VIIRS,n,2,302.1,5.13,D,0,VIIRS_NOAA20_SP
16.70699,96.70998,332.36,0.38,0.36,2023-11-28,648,N20,VIIRS,n,2,300.69,1.69,D,0,VIIRS_NOAA20_SP
16.7338,94.94775,335.28,0.4,0.37,2023-11-28,648,N20,VIIRS,n,2,296.48,2.82,D,0,VIIRS_NOAA20_SP
16.7398,95.96332,332.89,0.39,0.36,2023-11-28,648,N20,VIIRS,n,2,297.83,2.55,D,0,VIIRS_NOAA20_SP
16.74062,94.70803,341.3,0.41,0.37,2023-11-28,648,N20,VIIRS,n,2,298.03,7.31,D,0,VIIRS_NOAA20_SP
16.74505,94.8884,333.81,0.4,0.37,2023-11-28,648,N20,VIIRS,n,2,297.26,2.1,D,0,VIIRS_NOAA20_SP
16.747,96.74736,341.94,0.38,0.36,2023-11-28,648,N20,VIIRS,n,2,301.16,5.68,D,0,VIIRS_NOAA20_SP
16.74916,95.98015,336.45,0.39,0.36,2023-11-28,648,N20,VIIRS,n,2,299.09,5.74,D,0,VIIRS_NOAA20_SP
16.75356,95.98677,333.38,0.39,0.36,2023-11-28,648,N20,VIIRS,n,2,299.48,4.32,D,0,VIIRS_NOAA20_SP
16.75528,96.73502,335.72,0.38,0.36,2023-11-28,648,N20,VIIRS,n,2,300.86,2.3,D,0,VIIRS_NOAA20_SP
16.78529,97.37282,337.96,0.39,0.36,2023-11-28,648,N20,VIIRS,n,2,301.65,3.21,D,0,VIIRS_NOAA20_SP
16.78582,97.37646,336.32,0.39,0.36,2023-11-28,648,N20,VIIRS,n,2,300.77,3.21,D,0,VIIRS_NOAA20_SP
16.80468,95.9452,333.48,0.39,0.36,2023-11-28,648,N20,VIIRS,n,2,297.94,2.03,D,0,VIIRS_NOAA20_SP
16.80745,96.00726,340.86,0.39,0.36,2023-11-28,648,N20,VIIRS,n,2,295.33,4.25,D,0,VIIRS_NOAA20_SP
16.82448,96.74585,332.16,0.38,0.36,2023-11-28,648,N20,VIIRS,n,2,300.93,1.9,D,0,VIIRS_NOAA20_SP
16.85246,95.92241,344.2,0.39,0.36,2023-11-28,648,N20,VIIRS,n,2,296.69,2.94,D,0,VIIRS_NOAA20_SP
16.8634,96.70968,334.08,0.38,0.36,2023-11-28,648,N20,VIIRS,n,2,301.91,2.5,D,0,VIIRS_NOAA20_SP
16.88555,96.65471,334.18,0.38,0.36,2023-11-28,648,N20,VIIRS,n,2,301.6,3.15,D,0,VIIRS_NOAA20_SP
16.88745,96.28775,334.16,0.38,0.36,2023-11-28,648,N20,VIIRS,n,2,298.21,3.23,D,0,VIIRS_NOAA20_SP
16.88878,96.67621,331.62,0.38,0.36,2023-11-28,648,N20,VIIRS,n,2,301.04,1.94,D,0,VIIRS_NOAA20_SP
16.8925,95.80882,332.97,0.39,0.36,2023-11-28,648,N20,VIIRS,n,2,296.46,3.41,D,0,VIIRS_NOAA20_SP
16.8949,96.64953,333.1,0.38,0.36,2023-11-28,648,N20,VIIRS,n,2,301.25,0.9,D,0,VIIRS_NOAA20_SP
16.89516,96.74127,341.72,0.38,0.36,2023-11-28,648,N20,VIIRS,n,2,301.95,4.78,D,0,VIIRS_NOAA20_SP
16.92693,96.7729,335.49,0.39,0.36,2023-11-28,648,N20,VIIRS,n,2,302.35,6.04,D,0,VIIRS_NOAA20_SP
16.93023,96.77236,334.05,0.39,0.36,2023-11-28,648,N20,VIIRS,n,2,301.25,4.91,D,0,VIIRS_NOAA20_SP
16.94052,96.81848,337.21,0.39,0.36,2023-11-28,648,N20,VIIRS,n,2,303.58,6.19,D,0,VIIRS_NOAA20_SP
16.97536,96.32819,333.53,0.38,0.36,2023-11-28,648,N20,VIIRS,n,2,303.34,1.67,D,0,VIIRS_NOAA20_SP
16.98586,96.55389,342.62,0.38,0.36,2023-11-28,648,N20,VIIRS,n,2,305.91,5.45,D,0,VIIRS_NOAA20_SP
16.99668,96.78356,332.74,0.39,0.36,2023-11-28,648,N20,VIIRS,n,2,300.32,2.84,D,0,VIIRS_NOAA20_SP
16.99915,97.18962,334.34,0.39,0.36,2023-11-28,648,N20,VIIRS,n,2,301.86,2.59,D,0,VIIRS_NOAA20_SP
17.0033,96.35663,333.15,0.38,0.36,2023-11-28,648,N20,VIIRS,n,2,302.95,1.71,D,0,VIIRS_NOAA20_SP
17.00788,96.72291,337.18,0.38,0.36,2023-11-28,648,N20,VIIRS,n,2,302.76,4.8,D,0,VIIRS_NOAA20_SP
17.00977,96.64544,339.29,0.38,0.36,2023-11-28,648,N20,VIIRS,n,2,304.51,2.74,D,0,VIIRS_NOAA20_SP
17.01583,96.64079,336.76,0.38,0.36,2023-11-28,648,N20,VIIRS,n,2,304.2,3.33,D,0,VIIRS_NOAA20_SP
17.01823,96.56698,337.59,0.38,0.36,2023-11-28,648,N20,VIIRS,n,2,304.64,3.75,D,0,VIIRS_NOAA20_SP
17.03069,96.62737,340.8,0.38,0.36,2023-11-28,648,N20,VIIRS,n,2,302.5,3.11,D,0,VIIRS_NOAA20_SP
17.08315,97.18362,335.72,0.39,0.36,2023-11-28,648,N20,VIIRS,n,2,302.24,4.01,D,0,VIIRS_NOAA20_SP
17.10373,97.27714,337.13,0.39,0.36,2023-11-28,648,N20,VIIRS,n,2,304.76,2.42,D,0,VIIRS_NOAA20_SP
17.11883,97.2412,329.64,0.39,0.36,2023-11-28,648,N20,VIIRS,l,2,303.1,1.49,D,0,VIIRS_NOAA20_SP
17.12152,97.25941,329.35,0.39,0.36,2023-11-28,648,N20,VIIRS,l,2,301.94,1.32,D,0,VIIRS_NOAA20_SP
16.88833,95.10689,334.91,0.4,0.37,2023-11-28,649,N20,VIIRS,n,2,296.33,2.6,D,0,VIIRS_NOAA20_SP
16.94517,94.92991,332.31,0.4,0.37,2023-11-28,649,N20,VIIRS,n,2,297.62,2.48,D,0,VIIRS_NOAA20_SP
16.95207,94.95162,329.82,0.4,0.37,2023-11-28,649,N20,VIIRS,n,2,299.41,1.46,D,0,VIIRS_NOAA20_SP
16.99677,82.13774,325.54,0.75,0.77,2023-11-28,649,N20,VIIRS,n,2,285.72,5.02,D,0,VIIRS_NOAA20_SP
17.01468,95.60959,330.91,0.39,0.36,2023-11-28,649,N20,VIIRS,n,2,295.89,2.6,D,0,VIIRS_NOAA20_SP
17.05163,82.15411,326.88,0.75,0.77,2023-11-28,649,N20,VIIRS,n,2,284.79,3.36,D,0,VIIRS_NOAA20_SP
17.05431,96.26642,344.45,0.38,0.36,2023-11-28,649,N20,VIIRS,n,2,298.51,4.28,D,0,VIIRS_NOAA20_SP
17.0576,96.26588,346.31,0.38,0.36,2023-11-28,649,N20,VIIRS,n,2,298.76,6.51,D,0,VIIRS_NOAA20_SP
17.06452,96.40051,333.17,0.38,0.36,2023-11-28,649,N20,VIIRS,n,2,299.43,1.6,D,0,VIIRS_NOAA20_SP
17.06924,95.58928,331.03,0.39,0.36,2023-11-28,649,N20,VIIRS,n,2,294.39,1.94,D,0,VIIRS_NOAA20_SP
17.06977,96.19045,333.65,0.38,0.36,2023-11-28,649,N20,VIIRS,n,2,298.46,1.72,D,0,VIIRS_NOAA20_SP
17.084,96.70947,335.77,0.38,0.36,2023-11-28,649,N20,VIIRS,n,2,302.32,3.02,D,0,VIIRS_NOAA20_SP
17.09349,96.81836,342.61,0.39,0.36,2023-11-28,649,N20,VIIRS,n,2,302.7,3.22,D,0,VIIRS_NOAA20_SP
17.10034,95.09319,336.42,0.4,0.37,2023-11-28,649,N20,VIIRS,n,2,298.51,2.84,D,0,VIIRS_NOAA20_SP
17.10111,96.48627,340.39,0.38,0.36,2023-11-28,649,N20,VIIRS,n,2,303.17,3.38,D,0,VIIRS_NOAA20_SP
17.10311,96.56672,337.91,0.38,0.36,2023-11-28,649,N20,VIIRS,n,2,302.43,2.27,D,0,VIIRS_NOAA20_SP
17.10407,96.61799,337.33,0.38,0.36,2023-11-28,649,N20,VIIRS,n,2,302.69,3.8,D,0,VIIRS_NOAA20_SP
17.12128,81.74983,330.54,0.79,0.78,2023-11-28,649,N20,VIIRS,n,2,287.37,3.99,D,0,VIIRS_NOAA20_SP
17.12588,96.67326,340.71,0.38,0.36,2023-11-28,649,N20,VIIRS,n,2,302.11,3.3,D,0,VIIRS_NOAA20_SP
17.12817,96.64349,346.02,0.38,0.36,2023-11-28,649,N20,VIIRS,n,2,307.92,11.41,D,0,VIIRS_NOAA20_SP
17.13408,95.15541,337.87,0.39,0.37,2023-11-28,649,N20,VIIRS,n,2,298.4,3.15,D,0,VIIRS_NOAA20_SP
17.13786,96.27821,332.71,0.38,0.36,2023-11-28,649,N20,VIIRS,n,2,300.51,3.97,D,0,VIIRS_NOAA20_SP
17.1384,96.2818,336.55,0.38,0.36,2023-11-28,649,N20,VIIRS,n,2,300.27,5.39,D,0,VIIRS_NOAA20_SP
17.14285,96.24435,332.57,0.38,0.36,2023-11-28,649,N20,VIIRS,n,2,299.17,2.09,D,0,VIIRS_NOAA20_SP
17.14566,97.10203,330.04,0.39,0.36,2023-11-28,649,N20,VIIRS,l,2,303.29,1.98,D,0,VIIRS_NOAA20_SP
17.14726,97.1129,329.9,0.39,0.36,2023-11-28,649,N20,VIIRS,l,2,302.87,0.96,D,0,VIIRS_NOAA20_SP
17.14898,97.10149,332.68,0.39,0.36,2023-11-28,649,N20,VIIRS,n,2,301.26,1.66,D,0,VIIRS_NOAA20_SP
17.15005,97.10875,336.61,0.39,0.36,2023-11-28,649,N20,VIIRS,n,2,303.81,5.11,D,0,VIIRS_NOAA20_SP
17.15089,97.16062,343.21,0.39,0.36,2023-11-28,649,N20,VIIRS,n,2,303.63,5.58,D,0,VIIRS_NOAA20_SP
17.15623,96.80824,330.95,0.39,0.36,2023-11-28,649,N20,VIIRS,n,2,302.79,1.39,D,0,VIIRS_NOAA20_SP
17.17014,95.40812,331.92,0.39,0.36,2023-11-28,649,N20,VIIRS,n,2,296.99,2.63,D,0,VIIRS_NOAA20_SP
17.1708,97.15744,333.7,0.39,0.36,2023-11-28,649,N20,VIIRS,n,2,303.25,2.67,D,0,VIIRS_NOAA20_SP
17.18246,97.14443,344.78,0.39,0.36,2023-11-28,649,N20,VIIRS,n,2,308.76,11.91,D,0,VIIRS_NOAA20_SP
17.18631,97.14754,335.56,0.39,0.36,2023-11-28,649,N20,VIIRS,n,2,303.95,11.91,D,0,VIIRS_NOAA20_SP
17.18919,97.12106,335.38,0.39,0.36,2023-11-28,649,N20,VIIRS,n,2,301.08,4.23,D,0,VIIRS_NOAA20_SP
17.20475,95.80679,339.51,0.39,0.36,2023-11-28,649,N20,VIIRS,n,2,297.33,3.72,D,0,VIIRS_NOAA20_SP
17.21415,95.84581,333.8,0.39,0.36,2023-11-28,649,N20,VIIRS,n,2,296.16,2.48,D,0,VIIRS_NOAA20_SP
17.2174,97.01259,339.57,0.39,0.36,2023-11-28,649,N20,VIIRS,n,2,305.0,5.43,D,0,VIIRS_NOAA20_SP
17.23662,97.02804,331.24,0.39,0.36,2023-11-28,649,N20,VIIRS,l,2,303.03,3.42,D,0,VIIRS_NOAA20_SP
17.24607,96.72726,334.99,0.39,0.36,2023-11-28,649,N20,VIIRS,n,2,301.09,2.4,D,0,VIIRS_NOAA20_SP
17.25338,96.9809,329.59,0.39,0.36,2023-11-28,649,N20,VIIRS,l,2,303.38,2.03,D,0,VIIRS_NOAA20_SP
17.25372,97.02901,334.89,0.39,0.36,2023-11-28,649,N20,VIIRS,n,2,302.87,2.89,D,0,VIIRS_NOAA20_SP
17.25425,97.03263,329.59,0.39,0.36,2023-11-28,649,N20,VIIRS,l,2,303.07,2.89,D,0,VIIRS_NOAA20_SP
17.25776,96.9876,333.34,0.39,0.36,2023-11-28,649,N20,VIIRS,n,2,301.92,2.4,D,0,VIIRS_NOAA20_SP
17.26088,97.03157,333.53,0.39,0.36,2023-11-28,649,N20,VIIRS,n,2,302.29,7.88,D,0,VIIRS_NOAA20_SP
17.26384,96.66545,333.46,0.38,0.36,2023-11-28,649,N20,VIIRS,n,2,301.15,1.6,D,0,VIIRS_NOAA20_SP
17.27642,96.86254,333.12,0.39,0.36,2023-11-28,649,N20,VIIRS,n,2,303.08,1.23,D,0,VIIRS_NOAA20_SP
17.28403,96.63963,334.22,0.38,0.36,2023-11-28,649,N20,VIIRS,n,2,301.92,2.09,D,0,VIIRS_NOAA20_SP
17.29032,96.97868,334.91,0.39,0.36,2023-11-28,649,N20,VIIRS,n,2,302.41,2.67,D,0,VIIRS_NOAA20_SP
17.29283,96.78928,335.61,0.39,0.36,2023-11-28,649,N20,VIIRS,n,2,303.06,4.58,D,0,VIIRS_NOAA20_SP
17.30023,96.7254,330.2,0.39,0.36,2023-11-28,649,N20,VIIRS,l,2,300.71,1.48,D,0,VIIRS_NOAA20_SP
17.3014,96.84698,335.42,0.39,0.36,2023-11-28,649,N20,VIIRS,n,2,304.46,2.11,D,0,VIIRS_NOAA20_SP
17.30559,96.76141,333.54,0.39,0.36,2023-11-28,649,N20,VIIRS,n,2,301.96,2.38,D,0,VIIRS_NOAA20_SP
17.30917,96.83096,340.95,0.39,0.36,2023-11-28,649,N20,VIIRS,n,2,304.87,5.2,D,0,VIIRS_NOAA20_SP
17.32554,96.53354,340.13,0.38,0.36,2023-11-28,649,N20,VIIRS,n,2,300.44,3.01,D,0,VIIRS_NOAA20_SP
17.32994,96.72059,331.86,0.39,0.36,2023-11-28,649,N20,VIIRS,n,2,297.66,2.26,D,0,VIIRS_NOAA20_SP
17.33196,96.59873,345.02,0.38,0.36,2023-11-28,649,N20,VIIRS,n,2,303.93,5.4,D,0,VIIRS_NOAA20_SP
17.33695,96.90411,336.29,0.39,0.36,2023-11-28,649,N20,VIIRS,n,2,306.11,3.52,D,0,VIIRS_NOAA20_SP
17.34045,96.70046,340.69,0.39,0.36,2023-11-28,649,N20,VIIRS,n,2,301.7,4.67,D,0,VIIRS_NOAA20_SP
17.34076,96.77047,334.96,0.39,0.36,2023-11-28,649,N20,VIIRS,n,2,300.24,2.01,D,0,VIIRS_NOAA20_SP
17.34099,96.70406,344.37,0.39,0.36,2023-11-28,649,N20,VIIRS,n,2,304.25,14.87,D,0,VIIRS_NOAA20_SP
17.3416,96.68554,334.62,0.39,0.36,2023-11-28,649,N20,VIIRS,n,2,301.56,2.99,D,0,VIIRS_NOAA20_SP
17.34777,95.91924,331.82,0.39,0.36,2023-11-28,649,N20,VIIRS,n,2,297.8,1.07,D,0,VIIRS_NOAA20_SP
17.35304,96.71685,334.11,0.39,0.36,2023-11-28,649,N20,VIIRS,n,2,299.97,1.87,D,0,VIIRS_NOAA20_SP
17.35875,95.90267,338.98,0.39,0.36,2023-11-28,649,N20,VIIRS,n,2,298.74,3.28,D,0,VIIRS_NOAA20_SP
17.36626,96.8735,336.7,0.39,0.36,2023-11-28,649,N20,VIIRS,n,2,299.15,1.03,D,0,VIIRS_NOAA20_SP
17.36841,96.88795,338.56,0.39,0.36,2023-11-28,649,N20,VIIRS,n,2,302.33,5.27,D,0,VIIRS_NOAA20_SP
17.37333,96.55504,334.36,0.38,0.36,2023-11-28,649,N20,VIIRS,n,2,301.63,2.72,D,0,VIIRS_NOAA20_SP
17.37736,96.67606,335.76,0.39,0.36,2023-11-28,649,N20,VIIRS,n,2,303.06,2.71,D,0,VIIRS_NOAA20_SP
17.3811,96.88221,343.71,0.39,0.36,2023-11-28,649,N20,VIIRS,n,2,301.64,4.97,D,0,VIIRS_NOAA20_SP
17.38544,96.54571,339.25,0.38,0.36,2023-11-28,649,N20,VIIRS,n,2,303.58,3.5,D,0,VIIRS_NOAA20_SP
17.38739,96.62637,337.27,0.38,0.36,2023-11-28,649,N20,VIIRS,n,2,302.18,3.58,D,0,VIIRS_NOAA20_SP
17.38894,96.84396,333.73,0.39,0.36,2023-11-28,649,N20,VIIRS,n,2,301.27,3.26,D,0,VIIRS_NOAA20_SP
17.39743,96.73904,338.23,0.39,0.36,2023-11-28,649,N20,VIIRS,n,2,301.03,3.26,D,0,VIIRS_NOAA20_SP
17.39862,96.54356,331.42,0.38,0.36,2023-11-28,649,N20,VIIRS,l,2,302.79,1.57,D,0,VIIRS_NOAA20_SP
17.40094,96.87901,342.89,0.39,0.36,2023-11-28,649,N20,VIIRS,n,2,303.94,3.84,D,0,VIIRS_NOAA20_SP
17.40148,96.88263,332.18,0.39,0.36,2023-11-28,649,N20,VIIRS,l,2,305.76,3.84,D,0,VIIRS_NOAA20_SP
17.4017,96.81603,334.44,0.39,0.36,2023-11-28,649,N20,VIIRS,n,2,302.95,2.59,D,0,VIIRS_NOAA20_SP
17.40493,96.83768,335.83,0.39,0.36,2023-11-28,649,N20,VIIRS,n,2,301.72,2.75,D,0,VIIRS_NOAA20_SP
17.40547,96.8413,330.52,0.39,0.36,2023-11-28,649,N20,VIIRS,l,2,301.12,1.6,D,0,VIIRS_NOAA20_SP
17.40852,96.54195,338.61,0.38,0.36,2023-11-28,649,N20,VIIRS,n,2,302.4,6.1,D,0,VIIRS_NOAA20_SP
17.41031,96.48647,332.18,0.38,0.36,2023-11-28,649,N20,VIIRS,n,2,299.99,1.94,D,0,VIIRS_NOAA20_SP
17.41555,96.74716,334.74,0.39,0.36,2023-11-28,649,N20,VIIRS,n,2,300.91,2.46,D,0,VIIRS_NOAA20_SP
17.4169,96.4854,335.99,0.38,0.36,2023-11-28,649,N20,VIIRS,n,2,299.37,1.32,D,0,VIIRS_NOAA20_SP
17.42439,95.46842,331.14,0.39,0.36,2023-11-28,649,N20,VIIRS,n,2,297.72,2.17,D,0,VIIRS_NOAA20_SP
17.42448,95.86546,331.11,0.39,0.36,2023-11-28,649,N20,VIIRS,n,2,298.42,2.51,D,0,VIIRS_NOAA20_SP
17.42614,95.87625,332.54,0.39,0.36,2023-11-28,649,N20,VIIRS,n,2,298.27,1.95,D,0,VIIRS_NOAA20_SP
17.42705,94.66959,330.89,0.4,0.37,2023-11-28,649,N20,VIIRS,n,2,297.07,5.71,D,0,VIIRS_NOAA20_SP
17.42938,96.72649,339.09,0.39,0.36,2023-11-28,649,N20,VIIRS,n,2,302.01,7.0,D,0,VIIRS_NOAA20_SP
17.42949,96.84101,338.41,0.39,0.36,2023-11-28,649,N20,VIIRS,n,2,302.09,3.01,D,0,VIIRS_NOAA20_SP
17.43271,96.86269,332.93,0.39,0.36,2023-11-28,649,N20,VIIRS,n,2,301.55,3.1,D,0,VIIRS_NOAA20_SP
17.45633,96.72581,330.93,0.39,0.36,2023-11-28,649,N20,VIIRS,l,2,301.04,1.05,D,0,VIIRS_NOAA20_SP
17.45941,96.79182,334.71,0.39,0.36,2023-11-28,649,N20,VIIRS,n,2,302.27,2.08,D,0,VIIRS_NOAA20_SP
17.46775,96.57648,337.86,0.38,0.36,2023-11-28,649,N20,VIIRS,n,2,301.4,2.1,D,0,VIIRS_NOAA20_SP
17.47493,96.75976,337.49,0.39,0.36,2023-11-28,649,N20,VIIRS,n,2,302.81,3.32,D,0,VIIRS_NOAA20_SP
17.48881,96.71687,337.36,0.39,0.36,2023-11-28,649,N20,VIIRS,n,2,302.46,2.58,D,0,VIIRS_NOAA20_SP
17.50234,96.69205,335.0,0.39,0.36,2023-11-28,649,N20,VIIRS,n,2,302.79,2.6,D,0,VIIRS_NOAA20_SP
17.50516,95.81435,339.62,0.39,0.36,2023-11-28,649,N20,VIIRS,n,2,300.45,5.96,D,0,VIIRS_NOAA20_SP
17.5079,95.8102,330.59,0.39,0.36,2023-11-28,649,N20,VIIRS,n,2,296.94,2.3,D,0,VIIRS_NOAA20_SP
17.50841,96.68739,338.66,0.39,0.36,2023-11-28,649,N20,VIIRS,n,2,301.9,2.69,D,0,VIIRS_NOAA20_SP
17.50846,95.8138,344.35,0.39,0.36,2023-11-28,649,N20,VIIRS,n,2,296.89,5.96,D,0,VIIRS_NOAA20_SP
17.54594,96.80326,328.8,0.39,0.36,2023-11-28,649,N20,VIIRS,l,2,302.45,1.07,D,0,VIIRS_NOAA20_SP
17.54925,96.80272,332.27,0.39,0.36,2023-11-28,649,N20,VIIRS,n,2,302.33,1.07,D,0,VIIRS_NOAA20_SP
17.54956,96.71393,338.75,0.39,0.36,2023-11-28,649,N20,VIIRS,n,2,301.16,2.6,D,0,VIIRS_NOAA20_SP
17.55232,96.70979,334.33,0.39,0.36,2023-11-28,649,N20,VIIRS,n,2,302.68,3.8,D,0,VIIRS_NOAA20_SP
17.55286,96.71339,333.24,0.39,0.36,2023-11-28,649,N20,VIIRS,n,2,300.83,2.93,D,0,VIIRS_NOAA20_SP
17.56329,96.87451,332.24,0.39,0.36,2023-11-28,649,N20,VIIRS,n,2,302.29,2.26,D,0,VIIRS_NOAA20_SP
17.56908,96.79951,328.65,0.39,0.36,2023-11-28,649,N20,VIIRS,l,2,301.88,1.27,D,0,VIIRS_NOAA20_SP
17.57892,96.82014,346.94,0.39,0.36,2023-11-28,649,N20,VIIRS,n,2,304.38,3.79,D,0,VIIRS_NOAA20_SP
17.57953,96.80153,330.85,0.39,0.36,2023-11-28,649,N20,VIIRS,l,2,301.58,1.84,D,0,VIIRS_NOAA20_SP
17.58614,96.80047,331.22,0.39,0.36,2023-11-28,649,N20,VIIRS,l,2,302.46,2.09,D,0,VIIRS_NOAA20_SP
17.60829,95.82249,334.0,0.39,0.36,2023-11-28,649,N20,VIIRS,n,2,298.3,3.52,D,0,VIIRS_NOAA20_SP
17.64509,96.7162,335.33,0.39,0.36,2023-11-28,649,N20,VIIRS,n,2,303.4,1.22,D,0,VIIRS_NOAA20_SP
17.66044,96.54756,334.3,0.38,0.36,2023-11-28,649,N20,VIIRS,n,2,301.15,2.88,D,0,VIIRS_NOAA20_SP
17.66728,96.81999,330.73,0.39,0.36,2023-11-28,649,N20,VIIRS,l,2,304.45,4.31,D,0,VIIRS_NOAA20_SP
17.66782,96.82362,334.48,0.39,0.36,2023-11-28,649,N20,VIIRS,n,2,302.08,4.31,D,0,VIIRS_NOAA20_SP
17.67199,95.7527,341.8,0.39,0.36,2023-11-28,649,N20,VIIRS,n,2,299.19,3.24,D,0,VIIRS_NOAA20_SP
17.67869,95.1591,336.98,0.39,0.36,2023-11-28,649,N20,VIIRS,n,2,300.94,4.7,D,0,VIIRS_NOAA20_SP
17.6835,95.75803,333.86,0.39,0.36,2023-11-28,649,N20,VIIRS,n,2,299.48,2.96,D,0,VIIRS_NOAA20_SP
17.68736,95.76109,334.08,0.39,0.36,2023-11-28,649,N20,VIIRS,n,2,299.56,2.96,D,0,VIIRS_NOAA20_SP
17.6972,96.7707,333.37,0.39,0.36,2023-11-28,649,N20,VIIRS,n,2,301.92,1.69,D,0,VIIRS_NOAA20_SP
17.73511,96.8197,334.83,0.39,0.36,2023-11-28,649,N20,VIIRS,n,2,301.92,1.46,D,0,VIIRS_NOAA20_SP
17.86949,95.2276,337.42,0.39,0.36,2023-11-28,649,N20,VIIRS,n,2,301.29,6.56,D,0,VIIRS_NOAA20_SP
17.88332,95.22898,336.33,0.39,0.36,2023-11-28,649,N20,VIIRS,n,2,300.8,2.78,D,0,VIIRS_NOAA20_SP
17.9026,96.7369,329.47,0.39,0.36,2023-11-28,649,N20,VIIRS,l,2,301.06,1.78,D,0,VIIRS_NOAA20_SP
17.90948,96.64684,329.3,0.39,0.36,2023-11-28,649,N20,VIIRS,l,2,301.45,1.68,D,0,VIIRS_NOAA20_SP
17.92413,96.60701,331.0,0.39,0.36,2023-11-28,649,N20,VIIRS,l,2,302.14,1.3,D,0,VIIRS_NOAA20_SP
17.93848,96.58987,335.06,0.39,0.36,2023-11-28,649,N20,VIIRS,n,2,299.91,4.18,D,0,VIIRS_NOAA20_SP
17.95086,96.67303,328.56,0.39,0.36,2023-11-28,649,N20,VIIRS,l,2,300.56,1.15,D,0,VIIRS_NOAA20_SP
17.95122,96.56189,337.33,0.39,0.36,2023-11-28,649,N20,VIIRS,n,2,300.43,2.83,D,0,VIIRS_NOAA20_SP
17.96239,96.68227,329.8,0.39,0.36,2023-11-28,649,N20,VIIRS,l,2,303.03,1.34,D,0,VIIRS_NOAA20_SP
17.96745,96.64811,331.34,0.39,0.36,2023-11-28,649,N20,VIIRS,n,2,300.18,2.17,D,0,VIIRS_NOAA20_SP
17.97136,96.62894,345.55,0.39,0.36,2023-11-28,649,N20,VIIRS,n,2,302.16,7.07,D,0,VIIRS_NOAA20_SP
17.97695,96.5984,336.57,0.39,0.36,2023-11-28,649,N20,VIIRS,n,2,302.71,7.92,D,0,VIIRS_NOAA20_SP
17.99152,95.26946,334.65,0.39,0.36,2023-11-28,649,N20,VIIRS,n,2,301.62,2.55,D,0,VIIRS_NOAA20_SP
18.00829,96.60441,336.08,0.39,0.36,2023-11-28,649,N20,VIIRS,n,2,301.92,3.67,D,0,VIIRS_NOAA20_SP
18.03185,96.60047,335.86,0.39,0.36,2023-11-28,649,N20,VIIRS,n,2,301.65,2.28,D,0,VIIRS_NOAA20_SP
18.0441,97.92011,326.92,0.41,0.37,2023-11-28,649,N20,VIIRS,n,2,296.19,1.37,D,0,VIIRS_NOAA20_SP
18.04929,96.64952,339.68,0.39,0.36,2023-11-28,649,N20,VIIRS,n,2,300.94,2.55,D,0,VIIRS_NOAA20_SP
18.07511,96.66388,327.15,0.39,0.36,2023-11-28,649,N20,VIIRS,l,2,300.21,1.98,D,0,VIIRS_NOAA20_SP
18.07962,96.78576,327.98,0.39,0.36,2023-11-28,649,N20,VIIRS,l,2,299.12,2.08,D,0,VIIRS_NOAA20_SP
18.08886,96.66536,335.64,0.39,0.36,2023-11-28,649,N20,VIIRS,n,2,300.81,3.75,D,0,VIIRS_NOAA20_SP
18.15388,97.93041,337.22,0.41,0.37,2023-11-28,649,N20,VIIRS,n,2,302.97,3.99,D,0,VIIRS_NOAA20_SP
18.18844,96.69638,334.66,0.39,0.36,2023-11-28,649,N20,VIIRS,n,2,300.41,2.18,D,0,VIIRS_NOAA20_SP
18.22434,96.66454,327.2,0.39,0.36,2023-11-28,649,N20,VIIRS,n,2,299.57,1.53,D,0,VIIRS_NOAA20_SP
18.25742,96.58853,327.47,0.39,0.36,2023-11-28,649,N20,VIIRS,l,2,300.42,1.92,D,0,VIIRS_NOAA20_SP
18.26585,96.53149,336.27,0.39,0.36,2023-11-28,649,N20,VIIRS,n,2,300.15,2.39,D,0,VIIRS_NOAA20_SP
18.27218,96.61954,329.6,0.39,0.36,2023-11-28,649,N20,VIIRS,l,2,302.57,3.76,D,0,VIIRS_NOAA20_SP
18.27455,96.56718,332.3,0.39,0.36,2023-11-28,649,N20,VIIRS,n,2,300.62,2.53,D,0,VIIRS_NOAA20_SP
18.27548,96.619,346.19,0.39,0.36,2023-11-28,649,N20,VIIRS,n,2,303.34,3.76,D,0,VIIRS_NOAA20_SP
18.28209,96.61792,328.53,0.39,0.36,2023-11-28,649,N20,VIIRS,l,2,303.48,2.03,D,0,VIIRS_NOAA20_SP
18.2961,96.53027,330.38,0.39,0.36,2023-11-28,649,N20,VIIRS,n,2,300.88,1.31,D,0,VIIRS_NOAA20_SP
18.30379,96.53644,331.86,0.39,0.36,2023-11-28,649,N20,VIIRS,n,2,299.44,1.69,D,0,VIIRS_NOAA20_SP
18.31898,96.61564,327.51,0.39,0.36,2023-11-28,649,N20,VIIRS,l,2,301.85,2.11,D,0,VIIRS_NOAA20_SP
18.32228,96.6151,333.36,0.39,0.36,2023-11-28,649,N20,VIIRS,n,2,301.62,2.11,D,0,VIIRS_NOAA20_SP
18.32316,96.68932,330.07,0.39,0.36,2023-11-28,649,N20,VIIRS,l,2,301.63,1.59,D,0,VIIRS_NOAA20_SP
18.32485,96.67789,328.38,0.39,0.36,2023-11-28,649,N20,VIIRS,n,2,300.68,1.45,D,0,VIIRS_NOAA20_SP
18.32673,96.59952,328.17,0.39,0.36,2023-11-28,649,N20,VIIRS,l,2,301.46,1.27,D,0,VIIRS_NOAA20_SP
18.32727,96.60314,330.47,0.39,0.36,2023-11-28,649,N20,VIIRS,n,2,301.36,1.27,D,0,VIIRS_NOAA20_SP
18.32901,96.56944,338.73,0.39,0.36,2023-11-28,649,N20,VIIRS,n,2,301.47,4.69,D,0,VIIRS_NOAA20_SP
18.33336,95.41249,332.27,0.39,0.36,2023-11-28,649,N20,VIIRS,n,2,301.7,1.69,D,0,VIIRS_NOAA20_SP
18.33442,96.60569,337.11,0.39,0.36,2023-11-28,649,N20,VIIRS,n,2,302.03,2.84,D,0,VIIRS_NOAA20_SP
18.35541,95.07515,328.93,0.39,0.36,2023-11-28,649,N20,VIIRS,n,2,300.65,1.92,D,0,VIIRS_NOAA20_SP
18.43276,95.68135,333.46,0.38,0.36,2023-11-28,649,N20,VIIRS,n,2,301.42,4.86,D,0,VIIRS_NOAA20_SP
18.43606,95.6808,336.66,0.38,0.36,2023-11-28,649,N20,VIIRS,n,2,302.33,2.14,D,0,VIIRS_NOAA20_SP
18.6724,96.66526,331.59,0.39,0.36,2023-11-28,649,N20,VIIRS,n,2,298.39,2.83,D,0,VIIRS_NOAA20_SP
18.77913,95.37241,336.71,0.39,0.36,2023-11-28,649,N20,VIIRS,n,2,301.53,2.58,D,0,VIIRS_NOAA20_SP
18.82768,96.36307,327.74,0.39,0.36,2023-11-28,649,N20,VIIRS,l,2,302.26,1.02,D,0,VIIRS_NOAA20_SP
18.86994,96.37096,340.98,0.39,0.36,2023-11-28,649,N20,VIIRS,n,2,298.21,4.06,D,0,VIIRS_NOAA20_SP
18.8766,96.34755,332.79,0.39,0.36,2023-11-28,649,N20,VIIRS,n,2,299.86,1.58,D,0,VIIRS_NOAA20_SP
18.88752,96.37551,334.81,0.39,0.36,2023-11-28,649,N20,VIIRS,n,2,299.36,1.95,D,0,VIIRS_NOAA20_SP
18.89418,96.35209,348.18,0.39,0.36,2023-11-28,649,N20,VIIRS,n,2,301.42,7.38,D,0,VIIRS_NOAA20_SP
18.89748,96.35154,343.94,0.39,0.36,2023-11-28,649,N20,VIIRS,n,2,298.38,4.92,D,0,VIIRS_NOAA20_SP
18.90186,96.35826,334.02,0.39,0.36,2023-11-28,649,N20,VIIRS,n,2,302.58,2.0,D,0,VIIRS_NOAA20_SP
18.90575,96.33902,345.59,0.39,0.36,2023-11-28,649,N20,VIIRS,n,2,301.87,3.0,D,0,VIIRS_NOAA20_SP
18.90629,96.34265,332.76,0.39,0.36,2023-11-28,649,N20,VIIRS,n,2,299.19,3.0,D,0,VIIRS_NOAA20_SP
18.90905,96.33847,335.81,0.39,0.36,2023-11-28,649,N20,VIIRS,n,2,302.21,2.65,D,0,VIIRS_NOAA20_SP
18.90955,96.36444,334.09,0.39,0.36,2023-11-28,649,N20,VIIRS,n,2,300.93,1.91,D,0,VIIRS_NOAA20_SP
18.91285,96.36389,337.5,0.39,0.36,2023-11-28,649,N20,VIIRS,n,2,302.04,3.38,D,0,VIIRS_NOAA20_SP
18.91339,96.36753,335.26,0.39,0.36,2023-11-28,649,N20,VIIRS,n,2,301.61,2.87,D,0,VIIRS_NOAA20_SP
18.9682,96.46287,331.72,0.39,0.36,2023-11-28,649,N20,VIIRS,n,2,298.45,2.16,D,0,VIIRS_NOAA20_SP
19.01327,95.43643,335.96,0.39,0.36,2023-11-28,649,N20,VIIRS,n,2,303.54,2.55,D,0,VIIRS_NOAA20_SP
19.35375,96.27097,329.34,0.39,0.36,2023-11-28,649,N20,VIIRS,n,2,304.13,2.11,D,0,VIIRS_NOAA20_SP
19.8674,96.21022,330.52,0.39,0.36,2023-11-28,649,N20,VIIRS,l,2,302.83,1.57,D,0,VIIRS_NOAA20_SP
19.96838,96.96975,337.5,0.4,0.37,2023-11-28,649,N20,VIIRS,n,2,302.17,2.09,D,0,VIIRS_NOAA20_SP
20.00077,96.93371,328.97,0.4,0.37,2023-11-28,649,N20,VIIRS,n,2,301.28,1.4,D,0,VIIRS_NOAA20_SP
20.02895,97.01,339.91,0.4,0.37,2023-11-28,649,N20,VIIRS,n,2,301.65,3.73,D,0,VIIRS_NOAA20_SP
20.06553,97.20242,337.6,0.4,0.37,2023-11-28,649,N20,VIIRS,n,2,299.48,3.3,D,0,VIIRS_NOAA20_SP
20.14297,92.86112,329.06,0.44,0.38,2023-11-28,649,N20,VIIRS,n,2,298.49,1.39,D,0,VIIRS_NOAA20_SP
20.15475,96.94744,330.9,0.4,0.37,2023-11-28,649,N20,VIIRS,n,2,300.0,2.85,D,0,VIIRS_NOAA20_SP
20.17754,93.0702,329.44,0.43,0.38,2023-11-28,649,N20,VIIRS,n,2,300.9,5.99,D,0,VIIRS_NOAA20_SP
20.17821,93.07426,330.29,0.43,0.38,2023-11-28,649,N20,VIIRS,n,2,296.78,4.18,D,3,VIIRS_NOAA20_SP
20.25077,97.35614,331.65,0.41,0.37,2023-11-28,649,N20,VIIRS,n,2,299.14,4.07,D,0,VIIRS_NOAA20_SP
20.31998,94.76669,332.04,0.39,0.36,2023-11-28,649,N20,VIIRS,n,2,300.93,4.68,D,0,VIIRS_NOAA20_SP
18.70032,83.43415,347.03,0.57,0.69,2023-11-28,650,N20,VIIRS,n,2,292.35,5.75,D,0,VIIRS_NOAA20_SP
20.86796,84.99798,332.4,0.41,0.61,2023-11-28,650,N20,VIIRS,n,2,293.42,3.02,D,2,VIIRS_NOAA20_SP
20.96366,85.17675,328.41,0.4,0.6,2023-11-28,650,N20,VIIRS,n,2,295.26,4.6,D,2,VIIRS_NOAA20_SP
20.96504,85.17521,327.19,0.4,0.6,2023-11-28,650,N20,VIIRS,n,2,295.19,5.2,D,2,VIIRS_NOAA20_SP
20.96902,85.17535,325.74,0.4,0.6,2023-11-28,650,N20,VIIRS,n,2,295.17,4.6,D,2,VIIRS_NOAA20_SP
20.96972,85.01553,329.67,0.41,0.6,2023-11-28,650,N20,VIIRS,n,2,294.15,3.75,D,0,VIIRS_NOAA20_SP
20.96983,85.17912,325.32,0.4,0.6,2023-11-28,650,N20,VIIRS,n,2,293.61,4.5,D,2,VIIRS_NOAA20_SP
20.97041,85.17384,331.03,0.4,0.6,2023-11-28,650,N20,VIIRS,n,2,295.93,6.41,D,2,VIIRS_NOAA20_SP
20.97055,85.01933,327.62,0.41,0.6,2023-11-28,650,N20,VIIRS,n,2,291.84,2.99,D,0,VIIRS_NOAA20_SP
20.97123,85.17757,328.91,0.4,0.6,2023-11-28,650,N20,VIIRS,n,2,294.38,2.67,D,2,VIIRS_NOAA20_SP
20.98371,85.13114,326.98,0.4,0.6,2023-11-28,650,N20,VIIRS,n,2,294.99,3.5,D,2,VIIRS_NOAA20_SP
21.39716,96.18301,333.23,0.39,0.36,2023-11-28,650,N20,VIIRS,n,2,299.96,2.87,D,0,VIIRS_NOAA20_SP
21.45794,92.50946,334.7,0.44,0.38,2023-11-28,650,N20,VIIRS,n,2,298.32,6.87,D,0,VIIRS_NOAA20_SP
21.68007,84.04041,325.61,0.45,0.63,2023-11-28,650,N20,VIIRS,n,2,293.23,5.12,D,2,VIIRS_NOAA20_SP
21.75754,83.84579,328.35,0.47,0.64,2023-11-28,650,N20,VIIRS,n,2,291.17,3.08,D,2,VIIRS_NOAA20_SP
22.06159,88.12138,333.22,0.49,0.49,2023-11-28,650,N20,VIIRS,n,2,296.91,2.93,D,2,VIIRS_NOAA20_SP
22.19238,86.87663,328.83,0.58,0.52,2023-11-28,650,N20,VIIRS,n,2,297.8,4.46,D,0,VIIRS_NOAA20_SP
22.37842,87.282,329.01,0.55,0.51,2023-11-28,650,N20,VIIRS,l,2,302.82,6.18,D,2,VIIRS_NOAA20_SP
22.52338,87.43694,341.08,0.53,0.5,2023-11-28,650,N20,VIIRS,n,2,300.18,9.45,D,0,VIIRS_NOAA20_SP
22.55018,96.48591,332.58,0.4,0.37,2023-11-28,650,N20,VIIRS,n,2,300.81,4.18,D,0,VIIRS_NOAA20_SP
22.6773,87.49071,328.54,0.52,0.5,2023-11-28,650,N20,VIIRS,l,2,299.25,3.83,D,0,VIIRS_NOAA20_SP
22.71387,87.55475,327.88,0.52,0.5,2023-11-28,650,N20,VIIRS,l,2,299.32,2.51,D,0,VIIRS_NOAA20_SP
22.72384,87.55759,336.76,0.52,0.5,2023-11-28,650,N20,VIIRS,n,2,300.11,5.54,D,0,VIIRS_NOAA20_SP
22.76766,87.91366,328.27,0.49,0.49,2023-11-28,650,N20,VIIRS,l,2,299.15,4.64,D,0,VIIRS_NOAA20_SP
22.78919,87.52479,329.41,0.52,0.5,2023-11-28,650,N20,VIIRS,n,2,298.13,2.97,D,0,VIIRS_NOAA20_SP
22.81412,87.60113,339.94,0.51,0.49,2023-11-28,650,N20,VIIRS,n,2,298.87,9.41,D,0,VIIRS_NOAA20_SP
22.81855,92.23306,335.39,0.43,0.38,2023-11-28,650,N20,VIIRS,n,2,299.5,3.63,D,3,VIIRS_NOAA20_SP
22.82805,87.57749,335.75,0.51,0.5,2023-11-28,650,N20,VIIRS,n,2,299.14,2.31,D,0,VIIRS_NOAA20_SP
22.8756,87.46313,327.89,0.52,0.5,2023-11-28,650,N20,VIIRS,n,2,299.06,2.58,D,0,VIIRS_NOAA20_SP
22.89985,94.06297,328.07,0.39,0.36,2023-11-28,650,N20,VIIRS,n,2,296.24,2.02,D,0,VIIRS_NOAA20_SP
23.02657,94.04731,331.95,0.39,0.36,2023-11-28,650,N20,VIIRS,n,2,298.67,2.41,D,0,VIIRS_NOAA20_SP
23.10841,94.04797,325.99,0.39,0.36,2023-11-28,650,N20,VIIRS,n,2,299.01,2.13,D,0,VIIRS_NOAA20_SP
23.12151,94.08807,333.99,0.39,0.36,2023-11-28,650,N20,VIIRS,n,2,300.81,3.88,D,0,VIIRS_NOAA20_SP
23.15457,93.97372,327.11,0.39,0.36,2023-11-28,650,N20,VIIRS,n,2,297.02,2.49,D,0,VIIRS_NOAA20_SP
23.336,90.45114,338.86,0.51,0.41,2023-11-28,650,N20,VIIRS,n,2,300.11,6.12,D,3,VIIRS_NOAA20_SP
23.33703,90.45383,331.98,0.51,0.41,2023-11-28,650,N20,VIIRS,n,2,301.06,7.28,D,3,VIIRS_NOAA20_SP
23.42924,90.79147,330.44,0.49,0.4,2023-11-28,650,N20,VIIRS,n,2,298.97,2.31,D,0,VIIRS_NOAA20_SP
23.44153,94.09053,330.23,0.39,0.36,2023-11-28,650,N20,VIIRS,l,2,300.27,2.84,D,0,VIIRS_NOAA20_SP
23.66945,93.488,327.31,0.39,0.37,2023-11-28,650,N20,VIIRS,n,2,296.67,1.78,D,0,VIIRS_NOAA20_SP
23.77597,94.14081,332.54,0.39,0.36,2023-11-28,650,N20,VIIRS,n,2,300.08,3.34,D,0,VIIRS_NOAA20_SP
23.79924,94.15968,330.97,0.39,0.36,2023-11-28,650,N20,VIIRS,n,2,299.02,1.84,D,0,VIIRS_NOAA20_SP
23.79982,94.16344,325.19,0.39,0.36,2023-11-28,650,N20,VIIRS,l,2,299.32,2.58,D,0,VIIRS_NOAA20_SP
23.93187,96.10433,344.6,0.4,0.37,2023-11-28,650,N20,VIIRS,n,2,300.53,6.72,D,0,VIIRS_NOAA20_SP
24.0968,94.74869,333.41,0.38,0.36,2023-11-28,650,N20,VIIRS,n,2,297.51,3.46,D,0,VIIRS_NOAA20_SP
24.33368,97.30282,332.23,0.43,0.38,2023-11-28,650,N20,VIIRS,n,2,294.48,2.46,D,0,VIIRS_NOAA20_SP
24.34871,97.33527,331.42,0.44,0.38,2023-11-28,650,N20,VIIRS,n,2,296.52,2.8,D,0,VIIRS_NOAA20_SP
23.19854,88.06429,332.0,0.47,0.48,2023-11-28,651,N20,VIIRS,n,2,298.45,2.27,D,0,VIIRS_NOAA20_SP
23.2223,88.15374,340.29,0.46,0.47,2023-11-28,651,N20,VIIRS,n,2,298.99,5.92,D,0,VIIRS_NOAA20_SP
23.22454,88.1519,341.28,0.46,0.47,2023-11-28,651,N20,VIIRS,n,2,299.86,4.64,D,0,VIIRS_NOAA20_SP
23.24429,88.10678,328.44,0.47,0.48,2023-11-28,651,N20,VIIRS,n,2,299.02,2.41,D,0,VIIRS_NOAA20_SP
23.24858,88.1058,344.03,0.47,0.48,2023-11-28,651,N20,VIIRS,n,2,300.74,15.54,D,0,VIIRS_NOAA20_SP
23.55703,90.35482,332.12,0.52,0.41,2023-11-28,651,N20,VIIRS,n,2,300.88,4.02,D,0,VIIRS_NOAA20_SP
23.61021,90.74548,329.58,0.49,0.4,2023-11-28,651,N20,VIIRS,n,2,299.92,2.45,D,0,VIIRS_NOAA20_SP
23.6122,90.74177,331.48,0.49,0.4,2023-11-28,651,N20,VIIRS,n,2,300.27,1.29,D,0,VIIRS_NOAA20_SP
23.63524,90.86916,329.56,0.49,0.4,2023-11-28,651,N20,VIIRS,n,2,298.48,2.59,D,0,VIIRS_NOAA20_SP
23.66799,84.99861,326.04,0.36,0.57,2023-11-28,651,N20,VIIRS,n,2,294.52,1.99,D,2,VIIRS_NOAA20_SP
23.71788,89.84771,344.0,0.55,0.42,2023-11-28,651,N20,VIIRS,n,2,302.55,3.45,D,3,VIIRS_NOAA20_SP
23.72172,89.84688,332.73,0.55,0.42,2023-11-28,651,N20,VIIRS,n,2,298.31,3.45,D,3,VIIRS_NOAA20_SP
23.77744,86.38866,332.28,0.58,0.52,2023-11-28,651,N20,VIIRS,n,2,299.68,6.54,D,2,VIIRS_NOAA20_SP
23.77862,86.3942,330.32,0.58,0.52,2023-11-28,651,N20,VIIRS,n,2,299.43,6.12,D,2,VIIRS_NOAA20_SP
23.77971,86.20977,330.68,0.6,0.53,2023-11-28,651,N20,VIIRS,n,2,298.55,8.26,D,2,VIIRS_NOAA20_SP
23.91716,89.484,336.1,0.57,0.43,2023-11-28,651,N20,VIIRS,n,2,301.18,5.93,D,0,VIIRS_NOAA20_SP
23.91732,89.48135,335.22,0.57,0.43,2023-11-28,651,N20,VIIRS,n,2,302.8,4.29,D,0,VIIRS_NOAA20_SP
23.96955,89.85377,329.6,0.54,0.42,2023-11-28,651,N20,VIIRS,n,2,302.64,2.95,D,0,VIIRS_NOAA20_SP
24.026,89.78365,339.2,0.54,0.42,2023-11-28,651,N20,VIIRS,n,2,302.9,6.69,D,0,VIIRS_NOAA20_SP
24.18971,94.68948,334.07,0.38,0.36,2023-11-28,651,N20,VIIRS,n,2,297.39,2.62,D,0,VIIRS_NOAA20_SP
24.3723,89.40329,328.73,0.56,0.43,2023-11-28,651,N20,VIIRS,n,2,297.91,2.23,D,0,VIIRS_NOAA20_SP
24.44225,89.25912,330.12,0.57,0.43,2023-11-28,651,N20,VIIRS,n,2,299.94,3.02,D,0,VIIRS_NOAA20_SP
24.53578,94.01999,330.05,0.39,0.36,2023-11-28,651,N20,VIIRS,n,2,297.5,2.61,D,0,VIIRS_NOAA20_SP
24.65625,94.09479,326.27,0.39,0.36,2023-11-28,651,N20,VIIRS,n,2,296.31,1.98,D,0,VIIRS_NOAA20_SP
25.21954,96.89863,331.29,0.43,0.38,2023-11-28,651,N20,VIIRS,n,2,296.21,2.78,D,0,VIIRS_NOAA20_SP
25.26024,91.13232,332.09,0.45,0.39,2023-11-28,651,N20,VIIRS,n,2,300.53,2.71,D,0,VIIRS_NOAA20_SP
25.28058,97.26692,331.46,0.44,0.38,2023-11-28,651,N20,VIIRS,n,2,293.24,2.94,D,0,VIIRS_NOAA20_SP
25.28908,94.03107,332.57,0.38,0.36,2023-11-28,651,N20,VIIRS,n,2,285.81,2.63,D,0,VIIRS_NOAA20_SP
25.29331,92.4724,328.98,0.41,0.37,2023-11-28,651,N20,VIIRS,n,2,299.25,1.78,D,0,VIIRS_NOAA20_SP
25.36357,88.44654,335.43,0.41,0.45,2023-11-28,651,N20,VIIRS,n,2,297.51,3.33,D,0,VIIRS_NOAA20_SP
25.36375,88.44652,334.99,0.41,0.45,2023-11-28,651,N20,VIIRS,n,2,297.6,3.21,D,0,VIIRS_NOAA20_SP
25.4516,85.09402,330.31,0.32,0.55,2023-11-28,651,N20,VIIRS,n,2,287.45,1.88,D,0,VIIRS_NOAA20_SP
25.48265,92.2131,338.24,0.41,0.37,2023-11-28,651,N20,VIIRS,n,2,299.58,4.65,D,0,VIIRS_NOAA20_SP
25.66704,87.90508,339.25,0.43,0.46,2023-11-28,651,N20,VIIRS,n,2,296.75,4.35,D,0,VIIRS_NOAA20_SP
26.43747,87.89997,327.47,0.42,0.45,2023-11-28,651,N20,VIIRS,n,2,297.21,3.39,D,0,VIIRS_NOAA20_SP
26.55873,91.78431,332.56,0.42,0.37,2023-11-28,651,N20,VIIRS,n,2,300.13,2.85,D,0,VIIRS_NOAA20_SP
26.56317,91.6851,330.86,0.42,0.38,2023-11-28,651,N20,VIIRS,n,2,299.55,2.38,D,0,VIIRS_NOAA20_SP
26.60144,91.72423,332.36,0.42,0.37,2023-11-28,651,N20,VIIRS,n,2,300.35,2.27,D,0,VIIRS_NOAA20_SP
26.63819,91.41952,335.4,0.43,0.38,2023-11-28,651,N20,VIIRS,n,2,298.82,3.02,D,0,VIIRS_NOAA20_SP
27.27402,94.37395,334.87,0.39,0.36,2023-11-28,651,N20,VIIRS,n,2,302.45,3.61,D,0,VIIRS_NOAA20_SP
27.60563,95.40305,325.69,0.4,0.37,2023-11-28,651,N20,VIIRS,n,2,298.21,1.7,D,2,VIIRS_NOAA20_SP
27.70332,95.49842,327.32,0.4,0.37,2023-11-28,651,N20,VIIRS,n,2,299.97,1.76,D,0,VIIRS_NOAA20_SP
27.70669,95.49783,325.23,0.4,0.37,2023-11-28,651,N20,VIIRS,n,2,297.75,1.44,D,0,VIIRS_NOAA20_SP
27.88182,96.32745,332.81,0.43,0.38,2023-11-28,651,N20,VIIRS,n,2,296.49,2.56,D,0,VIIRS_NOAA20_SP
27.88239,96.33178,327.83,0.43,0.38,2023-11-28,651,N20,VIIRS,n,2,292.1,2.56,D,0,VIIRS_NOAA20_SP
26.69744,87.00156,342.33,0.47,0.48,2023-11-28,652,N20,VIIRS,n,2,298.23,7.14,D,0,VIIRS_NOAA20_SP
26.69836,87.00616,343.54,0.47,0.48,2023-11-28,652,N20,VIIRS,n,2,297.06,4.74,D,0,VIIRS_NOAA20_SP
26.82285,82.81116,326.96,0.42,0.61,2023-11-28,652,N20,VIIRS,n,2,291.66,1.64,D,0,VIIRS_NOAA20_SP
26.85509,82.92225,328.35,0.41,0.61,2023-11-28,652,N20,VIIRS,n,2,296.32,2.4,D,0,VIIRS_NOAA20_SP
26.94223,82.82651,332.81,0.41,0.61,2023-11-28,652,N20,VIIRS,n,2,297.01,3.27,D,0,VIIRS_NOAA20_SP
27.18307,83.59327,339.83,0.37,0.58,2023-11-28,652,N20,VIIRS,n,2,281.36,3.46,D,0,VIIRS_NOAA20_SP
27.18308,83.59381,331.79,0.37,0.58,2023-11-28,652,N20,VIIRS,n,2,281.36,3.55,D,0,VIIRS_NOAA20_SP
27.32029,83.44989,326.85,0.37,0.58,2023-11-28,652,N20,VIIRS,l,2,299.18,1.87,D,0,VIIRS_NOAA20_SP
27.32606,83.17137,325.42,0.39,0.59,2023-11-28,652,N20,VIIRS,l,2,297.42,2.44,D,0,VIIRS_NOAA20_SP
27.35557,83.74402,352.05,0.36,0.57,2023-11-28,652,N20,VIIRS,n,2,297.65,5.73,D,0,VIIRS_NOAA20_SP
27.3809,82.43285,326.14,0.43,0.62,2023-11-28,652,N20,VIIRS,n,2,296.73,1.96,D,0,VIIRS_NOAA20_SP
27.47442,83.54435,342.09,0.36,0.58,2023-11-28,652,N20,VIIRS,n,2,296.97,3.02,D,0,VIIRS_NOAA20_SP
27.49067,83.75735,333.59,0.35,0.57,2023-11-28,652,N20,VIIRS,n,2,296.65,2.2,D,0,VIIRS_NOAA20_SP
27.53641,83.1291,341.73,0.38,0.59,2023-11-28,652,N20,VIIRS,n,2,298.68,4.05,D,0,VIIRS_NOAA20_SP
27.76004,80.70605,325.87,0.53,0.67,2023-11-28,652,N20,VIIRS,n,2,291.47,2.6,D,0,VIIRS_NOAA20_SP
27.9667,95.25388,341.91,0.4,0.37,2023-11-28,652,N20,VIIRS,n,2,304.04,11.41,D,0,VIIRS_NOAA20_SP
28.04308,95.57973,329.66,0.41,0.37,2023-11-28,652,N20,VIIRS,n,2,297.59,1.84,D,0,VIIRS_NOAA20_SP
28.0773,95.5705,337.14,0.41,0.37,2023-11-28,652,N20,VIIRS,n,2,304.14,13.07,D,0,VIIRS_NOAA20_SP
28.08409,95.56931,344.75,0.41,0.37,2023-11-28,652,N20,VIIRS,n,2,301.83,7.99,D,0,VIIRS_NOAA20_SP
28.13612,80.73241,332.7,0.52,0.67,2023-11-28,652,N20,VIIRS,n,2,294.82,2.59,D,0,VIIRS_NOAA20_SP
28.14249,96.66973,330.27,0.44,0.39,2023-11-28,652,N20,VIIRS,n,2,288.64,9.1,D,0,VIIRS_NOAA20_SP
28.18439,95.66657,334.63,0.41,0.37,2023-11-28,652,N20,VIIRS,n,2,300.96,2.27,D,0,VIIRS_NOAA20_SP
28.32873,97.0259,343.74,0.46,0.39,2023-11-28,652,N20,VIIRS,n,2,287.34,8.6,D,0,VIIRS_NOAA20_SP
28.32928,97.03024,339.03,0.46,0.39,2023-11-28,652,N20,VIIRS,n,2,282.64,8.6,D,0,VIIRS_NOAA20_SP
28.33289,97.02984,334.43,0.46,0.39,2023-11-28,652,N20,VIIRS,n,2,282.67,8.6,D,0,VIIRS_NOAA20_SP
28.35177,97.03441,335.32,0.46,0.39,2023-11-28,652,N20,VIIRS,n,2,284.54,8.23,D,0,VIIRS_NOAA20_SP
28.35217,97.03766,330.11,0.46,0.39,2023-11-28,652,N20,VIIRS,n,2,284.14,5.04,D,0,VIIRS_NOAA20_SP
28.35577,97.03719,348.75,0.46,0.39,2023-11-28,652,N20,VIIRS,n,2,285.96,5.04,D,0,VIIRS_NOAA20_SP
28.35622,97.04082,325.82,0.46,0.39,2023-11-28,652,N20,VIIRS,n,2,285.73,5.04,D,0,VIIRS_NOAA20_SP
28.35721,97.04864,330.9,0.46,0.39,2023-11-28,652,N20,VIIRS,n,2,283.65,8.12,D,0,VIIRS_NOAA20_SP
28.3623,97.08877,327.55,0.46,0.39,2023-11-28,652,N20,VIIRS,n,2,287.83,3.38,D,0,VIIRS_NOAA20_SP
12.21953,77.04681,333.29,0.38,0.43,2023-11-28,828,N20,VIIRS,n,2,297.04,4.0,D,0,VIIRS_NOAA20_SP
14.34552,77.71198,336.49,0.45,0.47,2023-11-28,829,N20,VIIRS,n,2,295.1,5.14,D,0,VIIRS_NOAA20_SP
14.42707,77.71451,330.43,0.45,0.47,2023-11-28,829,N20,VIIRS,n,2,294.86,2.85,D,0,VIIRS_NOAA20_SP
14.74017,75.66711,337.63,0.51,0.41,2023-11-28,829,N20,VIIRS,n,2,302.94,7.64,D,0,VIIRS_NOAA20_SP
14.99208,75.00036,336.48,0.48,0.4,2023-11-28,829,N20,VIIRS,n,2,298.5,5.78,D,0,VIIRS_NOAA20_SP
14.99574,74.99983,337.94,0.48,0.4,2023-11-28,829,N20,VIIRS,n,2,300.21,5.78,D,0,VIIRS_NOAA20_SP
15.17128,76.66195,334.74,0.4,0.44,2023-11-28,829,N20,VIIRS,n,2,299.59,4.59,D,2,VIIRS_NOAA20_SP
15.17987,76.66461,331.75,0.4,0.44,2023-11-28,829,N20,VIIRS,n,2,298.21,5.51,D,2,VIIRS_NOAA20_SP
15.34158,73.9104,331.2,0.43,0.38,2023-11-28,829,N20,VIIRS,n,2,298.24,2.33,D,0,VIIRS_NOAA20_SP
15.40412,75.55527,331.15,0.52,0.41,2023-11-28,829,N20,VIIRS,n,2,296.55,3.3,D,0,VIIRS_NOAA20_SP
16.27457,80.72539,329.8,0.38,0.59,2023-11-28,829,N20,VIIRS,n,2,290.78,3.98,D,0,VIIRS_NOAA20_SP
15.88249,74.63927,330.69,0.47,0.4,2023-11-28,830,N20,VIIRS,l,2,300.88,3.07,D,0,VIIRS_NOAA20_SP
15.88612,74.63877,335.38,0.47,0.4,2023-11-28,830,N20,VIIRS,n,2,297.83,5.61,D,0,VIIRS_NOAA20_SP
16.19133,74.8015,331.46,0.48,0.4,2023-11-28,830,N20,VIIRS,n,2,296.49,2.22,D,0,VIIRS_NOAA20_SP
16.26731,76.15662,337.57,0.57,0.43,2023-11-28,830,N20,VIIRS,n,2,299.44,3.97,D,0,VIIRS_NOAA20_SP
16.3945,77.27601,332.68,0.45,0.47,2023-11-28,830,N20,VIIRS,n,2,298.8,6.55,D,0,VIIRS_NOAA20_SP
16.39756,77.27663,337.96,0.45,0.47,2023-11-28,830,N20,VIIRS,n,2,295.01,7.89,D,0,VIIRS_NOAA20_SP
16.40984,75.77753,333.28,0.55,0.42,2023-11-28,830,N20,VIIRS,n,2,298.6,4.74,D,0,VIIRS_NOAA20_SP
16.41106,75.78026,334.09,0.55,0.42,2023-11-28,830,N20,VIIRS,n,2,297.67,8.25,D,0,VIIRS_NOAA20_SP
16.41618,77.39474,341.08,0.46,0.47,2023-11-28,830,N20,VIIRS,n,2,296.77,5.04,D,0,VIIRS_NOAA20_SP
16.45072,77.24833,351.36,0.45,0.47,2023-11-28,830,N20,VIIRS,n,2,298.57,11.26,D,0,VIIRS_NOAA20_SP
16.51547,77.07915,340.89,0.44,0.46,2023-11-28,830,N20,VIIRS,n,2,295.85,4.94,D,0,VIIRS_NOAA20_SP
16.66067,76.38777,337.5,0.4,0.44,2023-11-28,830,N20,VIIRS,n,2,296.98,3.54,D,0,VIIRS_NOAA20_SP
16.69459,77.13213,340.98,0.44,0.46,2023-11-28,830,N20,VIIRS,n,2,295.67,5.78,D,0,VIIRS_NOAA20_SP
16.88328,76.95815,338.95,0.43,0.46,2023-11-28,830,N20,VIIRS,n,2,296.7,2.09,D,0,VIIRS_NOAA20_SP
16.8833,76.95831,340.44,0.44,0.46,2023-11-28,830,N20,VIIRS,n,2,297.06,4.65,D,0,VIIRS_NOAA20_SP
16.96551,79.74118,330.38,0.33,0.55,2023-11-28,830,N20,VIIRS,n,2,295.07,1.83,D,0,VIIRS_NOAA20_SP
16.97904,80.8836,332.99,0.4,0.6,2023-11-28,830,N20,VIIRS,n,2,293.88,3.67,D,0,VIIRS_NOAA20_SP
16.99507,79.65098,337.87,0.33,0.55,2023-11-28,830,N20,VIIRS,n,2,294.85,2.6,D,0,VIIRS_NOAA20_SP
17.01135,79.87057,334.97,0.34,0.56,2023-11-28,830,N20,VIIRS,n,2,295.83,3.19,D,0,VIIRS_NOAA20_SP
17.08784,79.78895,330.87,0.34,0.56,2023-11-28,830,N20,VIIRS,n,2,294.3,2.53,D,0,VIIRS_NOAA20_SP
17.08981,76.44108,332.02,0.41,0.45,2023-11-28,830,N20,VIIRS,n,2,295.91,1.83,D,0,VIIRS_NOAA20_SP
17.16446,76.97166,331.42,0.44,0.46,2023-11-28,830,N20,VIIRS,n,2,295.38,3.87,D,0,VIIRS_NOAA20_SP
17.20283,81.60699,327.67,0.45,0.63,2023-11-28,830,N20,VIIRS,n,2,290.42,1.86,D,0,VIIRS_NOAA20_SP
17.21488,76.18778,340.26,0.39,0.44,2023-11-28,830,N20,VIIRS,n,2,296.27,4.4,D,0,VIIRS_NOAA20_SP
17.22344,79.90572,331.22,0.34,0.56,2023-11-28,830,N20,VIIRS,n,2,294.68,5.75,D,0,VIIRS_NOAA20_SP
17.22514,79.90696,343.54,0.34,0.56,2023-11-28,830,N20,VIIRS,n,2,295.71,5.63,D,0,VIIRS_NOAA20_SP
17.27641,76.31189,339.71,0.4,0.44,2023-11-28,830,N20,VIIRS,n,2,297.38,3.29,D,0,VIIRS_NOAA20_SP
17.31188,76.77058,332.14,0.43,0.46,2023-11-28,830,N20,VIIRS,n,2,293.5,2.55,D,0,VIIRS_NOAA20_SP
17.35264,80.76552,329.73,0.39,0.6,2023-11-28,830,N20,VIIRS,n,2,293.8,3.33,D,0,VIIRS_NOAA20_SP
17.61608,82.7515,326.57,0.54,0.68,2023-11-28,830,N20,VIIRS,n,2,288.85,2.52,D,0,VIIRS_NOAA20_SP
17.61758,82.75084,329.92,0.54,0.68,2023-11-28,830,N20,VIIRS,n,2,289.27,3.11,D,0,VIIRS_NOAA20_SP
17.82879,77.39214,334.48,0.48,0.48,2023-11-28,830,N20,VIIRS,n,2,296.48,4.42,D,0,VIIRS_NOAA20_SP
17.97274,77.66661,339.9,0.5,0.49,2023-11-28,830,N20,VIIRS,n,2,297.27,37.58,D,0,VIIRS_NOAA20_SP
17.99987,78.23311,342.43,0.54,0.51,2023-11-28,830,N20,VIIRS,n,2,296.82,7.42,D,0,VIIRS_NOAA20_SP
18.00205,78.23516,341.24,0.54,0.51,2023-11-28,830,N20,VIIRS,n,2,296.19,5.69,D,0,VIIRS_NOAA20_SP
18.00842,74.17899,333.24,0.47,0.4,2023-11-28,830,N20,VIIRS,n,2,300.44,3.88,D,0,VIIRS_NOAA20_SP
18.11523,74.80375,341.97,0.51,0.41,2023-11-28,830,N20,VIIRS,n,2,292.74,7.89,D,0,VIIRS_NOAA20_SP
18.11551,74.8006,336.51,0.51,0.41,2023-11-28,830,N20,VIIRS,n,2,292.55,5.65,D,0,VIIRS_NOAA20_SP
18.14704,74.66123,337.67,0.5,0.41,2023-11-28,830,N20,VIIRS,n,2,296.61,5.09,D,0,VIIRS_NOAA20_SP
18.15735,75.11977,331.82,0.53,0.42,2023-11-28,830,N20,VIIRS,n,2,293.73,6.47,D,0,VIIRS_NOAA20_SP
18.15801,73.01441,344.57,0.42,0.38,2023-11-28,830,N20,VIIRS,n,2,298.57,8.64,D,0,VIIRS_NOAA20_SP
18.5682,79.46047,330.19,0.33,0.56,2023-11-28,830,N20,VIIRS,n,2,294.38,1.73,D,0,VIIRS_NOAA20_SP
18.64889,74.34227,331.96,0.49,0.4,2023-11-28,830,N20,VIIRS,n,2,291.74,4.25,D,0,VIIRS_NOAA20_SP
18.69279,73.04151,337.34,0.43,0.38,2023-11-28,830,N20,VIIRS,n,2,303.13,4.23,D,2,VIIRS_NOAA20_SP
19.02185,72.89407,331.24,0.42,0.38,2023-11-28,830,N20,VIIRS,n,2,300.84,2.41,D,0,VIIRS_NOAA20_SP
18.97241,71.62263,330.53,0.39,0.36,2023-11-28,831,N20,VIIRS,n,2,297.48,1.44,D,3,VIIRS_NOAA20_SP
19.17756,70.94559,330.99,0.39,0.36,2023-11-28,831,N20,VIIRS,n,2,296.21,1.65,D,3,VIIRS_NOAA20_SP
19.56726,71.35402,331.72,0.39,0.36,2023-11-28,831,N20,VIIRS,n,2,297.5,11.51,D,3,VIIRS_NOAA20_SP
20.86669,70.70926,337.23,0.39,0.36,2023-11-28,831,N20,VIIRS,n,2,299.6,6.37,D,0,VIIRS_NOAA20_SP
21.10169,72.63496,333.45,0.43,0.38,2023-11-28,831,N20,VIIRS,n,2,300.69,6.12,D,2,VIIRS_NOAA20_SP
21.10338,72.64742,333.8,0.43,0.38,2023-11-28,831,N20,VIIRS,n,2,300.49,3.32,D,2,VIIRS_NOAA20_SP
21.10687,72.64688,336.35,0.43,0.38,2023-11-28,831,N20,VIIRS,n,2,302.3,3.32,D,2,VIIRS_NOAA20_SP
21.10868,72.6339,336.02,0.43,0.38,2023-11-28,831,N20,VIIRS,n,2,301.76,4.2,D,2,VIIRS_NOAA20_SP
22.0392,83.73364,332.49,0.69,0.74,2023-11-28,831,N20,VIIRS,n,2,289.44,8.96,D,2,VIIRS_NOAA20_SP
22.03972,83.7382,336.85,0.69,0.75,2023-11-28,831,N20,VIIRS,n,2,290.44,13.15,D,2,VIIRS_NOAA20_SP
22.03972,83.74055,326.87,0.69,0.74,2023-11-28,831,N20,VIIRS,n,2,289.79,10.72,D,2,VIIRS_NOAA20_SP
22.07558,69.84922,333.74,0.38,0.36,2023-11-28,831,N20,VIIRS,n,2,300.47,1.98,D,0,VIIRS_NOAA20_SP
22.34253,69.88232,336.85,0.38,0.36,2023-11-28,832,N20,VIIRS,n,2,304.99,14.56,D,2,VIIRS_NOAA20_SP
22.34359,69.86694,334.72,0.38,0.36,2023-11-28,832,N20,VIIRS,n,2,303.43,4.28,D,0,VIIRS_NOAA20_SP
22.92283,70.10868,330.51,0.39,0.36,2023-11-28,832,N20,VIIRS,n,2,300.07,1.72,D,0,VIIRS_NOAA20_SP
23.09258,69.92538,332.49,0.39,0.36,2023-11-28,832,N20,VIIRS,n,2,301.92,2.33,D,0,VIIRS_NOAA20_SP
23.81248,69.22647,346.46,0.38,0.36,2023-11-28,832,N20,VIIRS,n,2,306.01,6.35,D,0,VIIRS_NOAA20_SP
24.94789,71.59882,332.21,0.43,0.38,2023-11-28,832,N20,VIIRS,n,2,296.68,2.19,D,0,VIIRS_NOAA20_SP
24.99671,68.43883,334.28,0.39,0.36,2023-11-28,832,N20,VIIRS,n,2,296.81,4.62,D,0,VIIRS_NOAA20_SP
25.02852,68.60045,329.3,0.39,0.36,2023-11-28,832,N20,VIIRS,n,2,296.82,2.25,D,0,VIIRS_NOAA20_SP
25.0805,68.54009,332.56,0.39,0.36,2023-11-28,832,N20,VIIRS,n,2,297.04,4.78,D,0,VIIRS_NOAA20_SP
25.13145,69.00481,329.78,0.38,0.36,2023-11-28,832,N20,VIIRS,n,2,296.45,1.4,D,0,VIIRS_NOAA20_SP
25.25962,69.36245,342.45,0.39,0.36,2023-11-28,832,N20,VIIRS,n,2,300.12,10.54,D,0,VIIRS_NOAA20_SP
25.41987,68.9599,330.24,0.38,0.36,2023-11-28,832,N20,VIIRS,n,2,296.03,1.13,D,0,VIIRS_NOAA20_SP
25.43619,69.02306,331.47,0.38,0.36,2023-11-28,832,N20,VIIRS,n,2,296.24,3.49,D,0,VIIRS_NOAA20_SP
25.50216,69.12031,331.17,0.38,0.36,2023-11-28,832,N20,VIIRS,n,2,296.28,2.5,D,0,VIIRS_NOAA20_SP
25.5352,69.8034,332.19,0.39,0.36,2023-11-28,832,N20,VIIRS,n,2,297.47,2.51,D,0,VIIRS_NOAA20_SP
25.59034,68.93977,330.58,0.38,0.36,2023-11-28,832,N20,VIIRS,n,2,295.32,7.73,D,0,VIIRS_NOAA20_SP
25.60193,69.03896,340.87,0.38,0.36,2023-11-28,832,N20,VIIRS,n,2,296.24,3.2,D,0,VIIRS_NOAA20_SP
25.60348,69.22984,331.15,0.38,0.36,2023-11-28,832,N20,VIIRS,n,2,298.16,1.54,D,0,VIIRS_NOAA20_SP
25.61803,68.54102,332.5,0.38,0.36,2023-11-28,832,N20,VIIRS,n,2,295.13,3.78,D,0,VIIRS_NOAA20_SP
25.64268,68.65745,333.35,0.38,0.36,2023-11-28,832,N20,VIIRS,n,2,294.9,4.07,D,0,VIIRS_NOAA20_SP
25.64587,68.85579,330.23,0.38,0.36,2023-11-28,832,N20,VIIRS,n,2,295.73,2.84,D,0,VIIRS_NOAA20_SP
25.6655,78.31934,326.75,0.34,0.56,2023-11-28,832,N20,VIIRS,n,2,291.65,1.53,D,0,VIIRS_NOAA20_SP
25.68382,68.52869,330.39,0.38,0.36,2023-11-28,832,N20,VIIRS,n,2,294.74,2.14,D,0,VIIRS_NOAA20_SP
25.70539,68.62228,328.09,0.38,0.36,2023-11-28,832,N20,VIIRS,n,2,294.16,2.81,D,0,VIIRS_NOAA20_SP
26.02155,81.35246,326.79,0.53,0.67,2023-11-28,832,N20,VIIRS,n,2,293.07,2.02,D,0,VIIRS_NOAA20_SP
26.18617,81.42906,327.56,0.54,0.68,2023-11-28,832,N20,VIIRS,n,2,293.49,2.74,D,0,VIIRS_NOAA20_SP
26.22372,80.37271,326.45,0.47,0.64,2023-11-28,832,N20,VIIRS,n,2,290.54,2.22,D,0,VIIRS_NOAA20_SP
26.34034,81.25153,331.88,0.53,0.67,2023-11-28,832,N20,VIIRS,n,2,291.91,3.21,D,0,VIIRS_NOAA20_SP
26.34167,81.25034,345.52,0.53,0.67,2023-11-28,832,N20,VIIRS,n,2,293.83,6.7,D,0,VIIRS_NOAA20_SP
26.37818,81.5015,327.92,0.55,0.68,2023-11-28,832,N20,VIIRS,n,2,293.22,3.37,D,0,VIIRS_NOAA20_SP
26.38155,81.50257,336.87,0.55,0.68,2023-11-28,832,N20,VIIRS,n,2,293.09,4.36,D,0,VIIRS_NOAA20_SP
25.86931,68.58411,330.69,0.38,0.36,2023-11-28,833,N20,VIIRS,n,2,294.95,3.63,D,0,VIIRS_NOAA20_SP
25.92738,68.58491,330.37,0.38,0.36,2023-11-28,833,N20,VIIRS,n,2,295.54,2.41,D,0,VIIRS_NOAA20_SP
25.96237,68.76999,330.23,0.38,0.36,2023-11-28,833,N20,VIIRS,n,2,296.29,2.25,D,0,VIIRS_NOAA20_SP
26.06823,68.33075,330.99,0.39,0.36,2023-11-28,833,N20,VIIRS,n,2,298.15,3.89,D,0,VIIRS_NOAA20_SP
26.06882,68.33456,330.24,0.39,0.36,2023-11-28,833,N20,VIIRS,n,2,295.35,3.89,D,0,VIIRS_NOAA20_SP
26.11933,68.84229,331.43,0.38,0.36,2023-11-28,833,N20,VIIRS,n,2,296.69,2.38,D,0,VIIRS_NOAA20_SP
26.17116,68.31516,329.91,0.39,0.36,2023-11-28,833,N20,VIIRS,n,2,295.62,2.45,D,0,VIIRS_NOAA20_SP
26.1997,68.16843,330.88,0.39,0.36,2023-11-28,833,N20,VIIRS,n,2,295.84,5.71,D,0,VIIRS_NOAA20_SP
26.23624,68.14172,332.63,0.39,0.36,2023-11-28,833,N20,VIIRS,n,2,296.82,5.8,D,0,VIIRS_NOAA20_SP
26.25711,68.94616,330.67,0.38,0.36,2023-11-28,833,N20,VIIRS,n,2,297.18,2.29,D,0,VIIRS_NOAA20_SP
26.26195,68.61623,334.32,0.38,0.36,2023-11-28,833,N20,VIIRS,n,2,297.96,5.44,D,0,VIIRS_NOAA20_SP
26.28115,68.43213,331.76,0.38,0.36,2023-11-28,833,N20,VIIRS,n,2,296.88,4.65,D,0,VIIRS_NOAA20_SP
26.28257,68.13287,331.14,0.39,0.36,2023-11-28,833,N20,VIIRS,n,2,296.06,2.72,D,0,VIIRS_NOAA20_SP
26.32202,68.21201,333.38,0.39,0.36,2023-11-28,833,N20,VIIRS,n,2,296.69,5.01,D,0,VIIRS_NOAA20_SP
26.32621,68.83955,334.18,0.38,0.36,2023-11-28,833,N20,VIIRS,n,2,297.96,2.36,D,0,VIIRS_NOAA20_SP
26.38051,68.50368,333.62,0.38,0.36,2023-11-28,833,N20,VIIRS,n,2,297.9,2.58,D,0,VIIRS_NOAA20_SP
26.41354,68.45424,331.43,0.38,0.36,2023-11-28,833,N20,VIIRS,n,2,297.28,2.02,D,0,VIIRS_NOAA20_SP
26.47731,68.09583,334.02,0.39,0.36,2023-11-28,833,N20,VIIRS,n,2,299.56,10.04,D,0,VIIRS_NOAA20_SP
26.63627,68.00173,340.09,0.39,0.36,2023-11-28,833,N20,VIIRS,n,2,299.56,14.1,D,0,VIIRS_NOAA20_SP
26.64735,68.05105,330.46,0.39,0.36,2023-11-28,833,N20,VIIRS,n,2,294.8,2.45,D,0,VIIRS_NOAA20_SP
26.6925,68.29902,332.73,0.38,0.36,2023-11-28,833,N20,VIIRS,n,2,296.05,2.68,D,0,VIIRS_NOAA20_SP
26.69466,68.00628,332.83,0.39,0.36,2023-11-28,833,N20,VIIRS,n,2,297.19,2.45,D,0,VIIRS_NOAA20_SP
26.729,68.0076,330.82,0.39,0.36,2023-11-28,833,N20,VIIRS,n,2,296.7,2.05,D,0,VIIRS_NOAA20_SP
26.78269,68.22261,331.72,0.38,0.36,2023-11-28,833,N20,VIIRS,n,2,297.07,4.17,D,0,VIIRS_NOAA20_SP
26.79025,68.1619,329.81,0.39,0.36,2023-11-28,833,N20,VIIRS,n,2,296.96,2.19,D,0,VIIRS_NOAA20_SP
26.80545,68.19456,331.43,0.38,0.36,2023-11-28,833,N20,VIIRS,n,2,297.23,3.22,D,0,VIIRS_NOAA20_SP
26.82127,68.3415,330.48,0.38,0.36,2023-11-28,833,N20,VIIRS,n,2,296.99,2.21,D,0,VIIRS_NOAA20_SP
26.83842,68.01061,344.13,0.39,0.36,2023-11-28,833,N20,VIIRS,n,2,296.94,6.15,D,0,VIIRS_NOAA20_SP
26.85801,68.22437,331.86,0.38,0.36,2023-11-28,833,N20,VIIRS,n,2,296.91,1.8,D,0,VIIRS_NOAA20_SP
26.86141,68.13676,331.82,0.39,0.36,2023-11-28,833,N20,VIIRS,n,2,297.1,3.11,D,0,VIIRS_NOAA20_SP
26.88589,68.16369,331.36,0.38,0.36,2023-11-28,833,N20,VIIRS,n,2,298.46,8.81,D,0,VIIRS_NOAA20_SP
26.93685,68.25272,330.63,0.38,0.36,2023-11-28,833,N20,VIIRS,n,2,296.15,3.79,D,0,VIIRS_NOAA20_SP
27.35258,68.66034,328.88,0.38,0.36,2023-11-28,833,N20,VIIRS,n,2,297.87,4.01,D,0,VIIRS_NOAA20_SP
27.35859,68.45325,329.1,0.38,0.36,2023-11-28,833,N20,VIIRS,n,2,296.79,1.84,D,0,VIIRS_NOAA20_SP
27.41588,68.6088,330.42,0.38,0.36,2023-11-28,833,N20,VIIRS,n,2,296.02,3.14,D,0,VIIRS_NOAA20_SP
27.42495,81.48225,333.27,0.56,0.69,2023-11-28,833,N20,VIIRS,n,2,292.68,2.8,D,0,VIIRS_NOAA20_SP
27.4275,81.48411,340.66,0.56,0.69,2023-11-28,833,N20,VIIRS,n,2,292.28,4.56,D,0,VIIRS_NOAA20_SP
27.44318,68.54028,341.37,0.38,0.36,2023-11-28,833,N20,VIIRS,n,2,297.74,5.53,D,0,VIIRS_NOAA20_SP
27.45226,81.16537,332.49,0.54,0.68,2023-11-28,833,N20,VIIRS,n,2,293.25,2.68,D,0,VIIRS_NOAA20_SP
27.67096,71.98157,346.92,0.47,0.4,2023-11-28,833,N20,VIIRS,n,2,298.78,7.83,D,0,VIIRS_NOAA20_SP
27.70743,69.58128,334.69,0.39,0.36,2023-11-28,833,N20,VIIRS,n,2,300.77,3.1,D,0,VIIRS_NOAA20_SP
27.71239,68.66008,346.58,0.38,0.36,2023-11-28,833,N20,VIIRS,n,2,301.11,8.72,D,0,VIIRS_NOAA20_SP
27.78442,80.29453,328.94,0.48,0.65,2023-11-28,833,N20,VIIRS,n,2,293.39,2.54,D,0,VIIRS_NOAA20_SP
27.91325,69.14721,331.43,0.39,0.36,2023-11-28,833,N20,VIIRS,n,2,299.28,10.07,D,0,VIIRS_NOAA20_SP
28.0755,69.56878,333.21,0.4,0.37,2023-11-28,833,N20,VIIRS,n,2,297.32,2.68,D,0,VIIRS_NOAA20_SP
28.09518,69.63506,336.03,0.4,0.37,2023-11-28,833,N20,VIIRS,n,2,299.62,3.75,D,0,VIIRS_NOAA20_SP
28.13655,79.64345,338.54,0.44,0.62,2023-11-28,833,N20,VIIRS,n,2,290.31,4.46,D,0,VIIRS_NOAA20_SP
28.13744,79.64085,335.01,0.44,0.62,2023-11-28,833,N20,VIIRS,n,2,288.75,5.43,D,0,VIIRS_NOAA20_SP
28.1663,69.80917,331.08,0.4,0.37,2023-11-28,833,N20,VIIRS,n,2,295.88,2.7,D,0,VIIRS_NOAA20_SP
28.20495,69.81477,331.34,0.4,0.37,2023-11-28,833,N20,VIIRS,n,2,296.96,2.54,D,0,VIIRS_NOAA20_SP
28.24071,69.77516,330.52,0.4,0.37,2023-11-28,833,N20,VIIRS,n,2,295.19,1.42,D,0,VIIRS_NOAA20_SP
28.25902,69.64801,330.17,0.4,0.37,2023-11-28,833,N20,VIIRS,n,2,297.92,2.44,D,0,VIIRS_NOAA20_SP
28.28387,69.90125,332.66,0.4,0.37,2023-11-28,833,N20,VIIRS,n,2,297.57,6.27,D,0,VIIRS_NOAA20_SP
28.37313,70.22368,331.33,0.41,0.37,2023-11-28,833,N20,VIIRS,n,2,297.35,15.0,D,0,VIIRS_NOAA20_SP
28.44956,70.06603,339.5,0.41,0.37,2023-11-28,833,N20,VIIRS,n,2,300.12,12.36,D,0,VIIRS_NOAA20_SP
28.46989,69.78902,331.74,0.4,0.37,2023-11-28,833,N20,VIIRS,n,2,296.58,2.53,D,0,VIIRS_NOAA20_SP
28.47046,69.79308,330.47,0.4,0.37,2023-11-28,833,N20,VIIRS,n,2,295.56,2.53,D,0,VIIRS_NOAA20_SP
28.66854,70.75935,334.51,0.43,0.38,2023-11-28,833,N20,VIIRS,n,2,295.19,2.3,D,0,VIIRS_NOAA20_SP
28.6941,70.53474,330.9,0.42,0.38,2023-11-28,833,N20,VIIRS,n,2,296.01,2.89,D,0,VIIRS_NOAA20_SP
28.7348,70.28777,336.08,0.42,0.37,2023-11-28,833,N20,VIIRS,n,2,297.07,2.99,D,0,VIIRS_NOAA20_SP
29.34442,68.03282,334.14,0.38,0.36,2023-11-28,833,N20,VIIRS,n,2,302.32,1.86,D,0,VIIRS_NOAA20_SP
29.3456,73.88344,338.64,0.41,0.45,2023-11-28,833,N20,VIIRS,n,2,291.83,4.76,D,0,VIIRS_NOAA20_SP
29.3477,68.03217,341.46,0.38,0.36,2023-11-28,833,N20,VIIRS,n,2,302.42,3.68,D,0,VIIRS_NOAA20_SP
29.35547,73.97637,347.3,0.41,0.45,2023-11-28,833,N20,VIIRS,n,2,292.65,6.28,D,0,VIIRS_NOAA20_SP
29.49683,74.75314,343.55,0.46,0.47,2023-11-28,833,N20,VIIRS,n,2,293.24,11.2,D,0,VIIRS_NOAA20_SP
29.54726,74.58649,335.04,0.45,0.47,2023-11-28,833,N20,VIIRS,n,2,293.17,4.4,D,0,VIIRS_NOAA20_SP
29.56581,74.23031,340.43,0.43,0.46,2023-11-28,833,N20,VIIRS,n,2,294.52,4.57,D,0,VIIRS_NOAA20_SP
29.56658,74.2318,338.81,0.43,0.46,2023-11-28,833,N20,VIIRS,n,2,294.34,5.3,D,0,VIIRS_NOAA20_SP
29.57681,70.81555,331.57,0.44,0.38,2023-11-28,833,N20,VIIRS,n,2,297.12,4.38,D,0,VIIRS_NOAA20_SP
29.57858,70.82908,342.49,0.44,0.38,2023-11-28,833,N20,VIIRS,n,2,297.41,4.53,D,0,VIIRS_NOAA20_SP
29.59881,74.4233,340.93,0.44,0.46,2023-11-28,833,N20,VIIRS,n,2,292.17,5.48,D,0,VIIRS_NOAA20_SP
29.60917,70.323,330.81,0.42,0.38,2023-11-28,833,N20,VIIRS,n,2,296.68,2.31,D,0,VIIRS_NOAA20_SP
29.642,70.28714,337.87,0.42,0.38,2023-11-28,833,N20,VIIRS,n,2,303.22,8.63,D,0,VIIRS_NOAA20_SP
29.7009,70.79772,327.92,0.44,0.38,2023-11-28,833,N20,VIIRS,n,2,296.92,1.85,D,0,VIIRS_NOAA20_SP
30.09989,73.34708,335.13,0.39,0.44,2023-11-28,833,N20,VIIRS,n,2,292.35,3.73,D,0,VIIRS_NOAA20_SP
30.18798,74.2779,340.85,0.44,0.46,2023-11-28,833,N20,VIIRS,n,2,298.89,16.46,D,0,VIIRS_NOAA20_SP
29.92827,71.13832,327.99,0.45,0.39,2023-11-28,834,N20,VIIRS,n,2,295.63,2.2,D,0,VIIRS_NOAA20_SP
29.99295,70.06138,342.12,0.42,0.37,2023-11-28,834,N20,VIIRS,n,2,292.81,3.84,D,0,VIIRS_NOAA20_SP
30.06915,70.86134,329.08,0.45,0.39,2023-11-28,834,N20,VIIRS,n,2,297.7,1.51,D,0,VIIRS_NOAA20_SP
30.20071,70.59827,337.34,0.44,0.38,2023-11-28,834,N20,VIIRS,n,2,298.92,11.36,D,0,VIIRS_NOAA20_SP
30.22961,70.65069,330.1,0.44,0.38,2023-11-28,834,N20,VIIRS,n,2,296.21,3.33,D,0,VIIRS_NOAA20_SP
30.28681,74.28068,346.34,0.44,0.46,2023-11-28,834,N20,VIIRS,n,2,297.23,6.39,D,0,VIIRS_NOAA20_SP
30.33986,74.13216,336.23,0.43,0.46,2023-11-28,834,N20,VIIRS,n,2,293.36,3.22,D,0,VIIRS_NOAA20_SP
30.34362,74.12711,338.46,0.43,0.46,2023-11-28,834,N20,VIIRS,n,2,292.64,3.47,D,0,VIIRS_NOAA20_SP
30.34785,74.12655,337.04,0.43,0.46,2023-11-28,834,N20,VIIRS,n,2,294.51,5.55,D,0,VIIRS_NOAA20_SP
30.36411,74.7353,331.54,0.47,0.48,2023-11-28,834,N20,VIIRS,n,2,295.83,2.13,D,0,VIIRS_NOAA20_SP
30.36418,74.73217,329.38,0.47,0.48,2023-11-28,834,N20,VIIRS,n,2,296.72,1.86,D,0,VIIRS_NOAA20_SP
30.3869,75.58018,341.16,0.53,0.5,2023-11-28,834,N20,VIIRS,n,2,297.88,12.79,D,0,VIIRS_NOAA20_SP
30.39041,70.89777,329.29,0.45,0.39,2023-11-28,834,N20,VIIRS,n,2,295.64,3.42,D,0,VIIRS_NOAA20_SP
30.39478,74.16608,329.77,0.43,0.46,2023-11-28,834,N20,VIIRS,n,2,293.12,1.93,D,0,VIIRS_NOAA20_SP
30.39754,74.11082,345.65,0.43,0.46,2023-11-28,834,N20,VIIRS,n,2,295.84,7.4,D,0,VIIRS_NOAA20_SP
30.40087,74.14236,333.19,0.43,0.46,2023-11-28,834,N20,VIIRS,n,2,296.85,4.75,D,0,VIIRS_NOAA20_SP
30.42557,74.25439,341.38,0.44,0.46,2023-11-28,834,N20,VIIRS,n,2,298.57,13.87,D,0,VIIRS_NOAA20_SP
30.42874,74.25007,335.7,0.44,0.46,2023-11-28,834,N20,VIIRS,n,2,294.45,9.06,D,0,VIIRS_NOAA20_SP
30.4292,74.25466,339.38,0.44,0.46,2023-11-28,834,N20,VIIRS,n,2,295.01,9.06,D,0,VIIRS_NOAA20_SP
30.4357,74.14754,340.5,0.43,0.46,2023-11-28,834,N20,VIIRS,n,2,296.84,3.38,D,0,VIIRS_NOAA20_SP
30.4374,74.20722,339.63,0.44,0.46,2023-11-28,834,N20,VIIRS,n,2,296.7,10.3,D,0,VIIRS_NOAA20_SP
30.44106,74.24384,343.22,0.44,0.46,2023-11-28,834,N20,VIIRS,n,2,296.56,9.77,D,0,VIIRS_NOAA20_SP
30.4624,74.54947,339.62,0.46,0.47,2023-11-28,834,N20,VIIRS,n,2,296.68,3.34,D,0,VIIRS_NOAA20_SP
30.51685,71.62222,329.48,0.48,0.4,2023-11-28,834,N20,VIIRS,n,2,294.83,2.97,D,0,VIIRS_NOAA20_SP
30.53458,74.43912,330.45,0.45,0.47,2023-11-28,834,N20,VIIRS,n,2,296.68,1.65,D,0,VIIRS_NOAA20_SP
30.54601,74.13863,332.13,0.43,0.46,2023-11-28,834,N20,VIIRS,n,2,295.27,3.27,D,0,VIIRS_NOAA20_SP
30.55871,74.13693,351.27,0.43,0.46,2023-11-28,834,N20,VIIRS,n,2,295.32,7.69,D,0,VIIRS_NOAA20_SP
30.56324,74.39872,338.24,0.45,0.47,2023-11-28,834,N20,VIIRS,n,2,294.77,4.06,D,0,VIIRS_NOAA20_SP
30.56668,72.20107,327.07,0.52,0.41,2023-11-28,834,N20,VIIRS,n,2,291.8,1.21,D,0,VIIRS_NOAA20_SP
30.5843,72.28618,330.3,0.52,0.42,2023-11-28,834,N20,VIIRS,n,2,295.21,6.85,D,0,VIIRS_NOAA20_SP
30.58492,72.29159,330.77,0.52,0.42,2023-11-28,834,N20,VIIRS,n,2,293.32,5.15,D,0,VIIRS_NOAA20_SP
30.58756,74.42422,334.21,0.45,0.47,2023-11-28,834,N20,VIIRS,n,2,295.56,2.94,D,0,VIIRS_NOAA20_SP
30.61208,72.09636,333.22,0.51,0.41,2023-11-28,834,N20,VIIRS,n,2,294.16,5.64,D,0,VIIRS_NOAA20_SP
30.64297,69.62313,331.96,0.41,0.37,2023-11-28,834,N20,VIIRS,n,2,299.66,3.04,D,0,VIIRS_NOAA20_SP
30.6577,72.4478,333.44,0.53,0.42,2023-11-28,834,N20,VIIRS,n,2,294.6,4.14,D,0,VIIRS_NOAA20_SP
30.70874,71.97179,331.69,0.5,0.41,2023-11-28,834,N20,VIIRS,n,2,295.6,3.72,D,0,VIIRS_NOAA20_SP
30.70891,71.96822,335.22,0.5,0.41,2023-11-28,834,N20,VIIRS,n,2,295.02,4.23,D,0,VIIRS_NOAA20_SP
30.74342,71.90414,330.21,0.5,0.41,2023-11-28,834,N20,VIIRS,n,2,293.29,3.05,D,0,VIIRS_NOAA20_SP
30.86517,70.77684,331.96,0.45,0.39,2023-11-28,834,N20,VIIRS,n,2,296.44,5.3,D,0,VIIRS_NOAA20_SP
30.87757,72.06403,327.42,0.51,0.41,2023-11-28,834,N20,VIIRS,n,2,292.9,2.78,D,0,VIIRS_NOAA20_SP
30.95992,70.67228,332.45,0.45,0.39,2023-11-28,834,N20,VIIRS,n,2,298.61,2.49,D,0,VIIRS_NOAA20_SP
30.98406,72.12158,330.66,0.52,0.41,2023-11-28,834,N20,VIIRS,n,2,293.75,3.79,D,0,VIIRS_NOAA20_SP
30.99827,75.27312,328.58,0.51,0.49,2023-11-28,834,N20,VIIRS,n,2,294.66,2.41,D,0,VIIRS_NOAA20_SP
31.01392,72.85041,328.62,0.56,0.43,2023-11-28,834,N20,VIIRS,n,2,293.21,3.07,D,0,VIIRS_NOAA20_SP
31.01521,72.85226,328.18,0.56,0.43,2023-11-28,834,N20,VIIRS,n,2,293.59,2.65,D,0,VIIRS_NOAA20_SP
31.07205,74.50925,338.72,0.46,0.47,2023-11-28,834,N20,VIIRS,n,2,292.65,5.48,D,0,VIIRS_NOAA20_SP
31.07545,70.78843,337.59,0.45,0.39,2023-11-28,834,N20,VIIRS,n,2,298.08,7.43,D,0,VIIRS_NOAA20_SP
31.08291,71.97877,331.23,0.51,0.41,2023-11-28,834,N20,VIIRS,n,2,295.48,2.86,D,0,VIIRS_NOAA20_SP
31.12463,73.71863,337.63,0.42,0.45,2023-11-28,834,N20,VIIRS,n,2,295.87,9.69,D,0,VIIRS_NOAA20_SP
31.16704,75.1386,332.11,0.51,0.49,2023-11-28,834,N20,VIIRS,n,2,294.85,3.05,D,0,VIIRS_NOAA20_SP
31.21301,73.13918,331.05,0.39,0.44,2023-11-28,834,N20,VIIRS,n,2,293.51,1.88,D,0,VIIRS_NOAA20_SP
31.22643,70.92497,336.89,0.46,0.39,2023-11-28,834,N20,VIIRS,n,2,296.62,5.97,D,0,VIIRS_NOAA20_SP
31.22761,70.92174,331.57,0.46,0.39,2023-11-28,834,N20,VIIRS,n,2,299.74,11.46,D,0,VIIRS_NOAA20_SP
31.23001,70.92438,344.15,0.46,0.39,2023-11-28,834,N20,VIIRS,n,2,297.54,5.97,D,0,VIIRS_NOAA20_SP
31.23015,70.85285,344.03,0.46,0.39,2023-11-28,834,N20,VIIRS,n,2,297.0,6.96,D,0,VIIRS_NOAA20_SP
31.24088,70.85105,332.06,0.46,0.39,2023-11-28,834,N20,VIIRS,n,2,297.71,3.53,D,0,VIIRS_NOAA20_SP
31.25671,73.55164,354.01,0.41,0.45,2023-11-28,834,N20,VIIRS,n,2,294.85,8.28,D,0,VIIRS_NOAA20_SP
31.31936,73.20806,340.09,0.39,0.44,2023-11-28,834,N20,VIIRS,n,2,294.63,3.74,D,0,VIIRS_NOAA20_SP
31.3468,70.17503,331.94,0.43,0.38,2023-11-28,834,N20,VIIRS,n,2,297.7,4.02,D,0,VIIRS_NOAA20_SP
31.34826,70.6415,332.03,0.45,0.39,2023-11-28,834,N20,VIIRS,n,2,299.36,3.38,D,0,VIIRS_NOAA20_SP
31.34893,70.17334,331.18,0.43,0.38,2023-11-28,834,N20,VIIRS,n,2,298.31,3.88,D,0,VIIRS_NOAA20_SP
31.34954,70.17792,331.0,0.43,0.38,2023-11-28,834,N20,VIIRS,n,2,297.94,5.76,D,0,VIIRS_NOAA20_SP
31.35028,70.17442,345.79,0.43,0.38,2023-11-28,834,N20,VIIRS,n,2,297.57,4.02,D,0,VIIRS_NOAA20_SP
31.36661,72.33604,330.34,0.53,0.42,2023-11-28,834,N20,VIIRS,n,2,295.04,3.36,D,0,VIIRS_NOAA20_SP
31.41685,73.49942,341.05,0.41,0.45,2023-11-28,834,N20,VIIRS,n,2,294.82,4.66,D,0,VIIRS_NOAA20_SP
31.41958,73.49928,334.95,0.41,0.45,2023-11-28,834,N20,VIIRS,n,2,294.26,3.2,D,0,VIIRS_NOAA20_SP
31.43375,70.9439,330.46,0.46,0.39,2023-11-28,834,N20,VIIRS,n,2,294.95,3.09,D,0,VIIRS_NOAA20_SP
31.46009,72.56301,338.64,0.55,0.43,2023-11-28,834,N20,VIIRS,n,2,294.35,6.54,D,0,VIIRS_NOAA20_SP
31.48018,70.31779,339.57,0.44,0.38,2023-11-28,834,N20,VIIRS,n,2,297.87,4.52,D,0,VIIRS_NOAA20_SP
31.4808,70.66406,330.69,0.45,0.39,2023-11-28,834,N20,VIIRS,n,2,298.6,3.08,D,0,VIIRS_NOAA20_SP
31.48484,72.57108,345.55,0.55,0.43,2023-11-28,834,N20,VIIRS,n,2,296.0,9.16,D,0,VIIRS_NOAA20_SP
31.48799,70.98644,330.09,0.46,0.39,2023-11-28,834,N20,VIIRS,n,2,295.34,2.24,D,0,VIIRS_NOAA20_SP
31.49239,74.85207,337.7,0.49,0.49,2023-11-28,834,N20,VIIRS,n,2,294.66,2.97,D,0,VIIRS_NOAA20_SP
31.51595,72.27514,345.86,0.53,0.42,2023-11-28,834,N20,VIIRS,n,2,298.21,11.96,D,0,VIIRS_NOAA20_SP
31.53142,72.99425,330.56,0.39,0.44,2023-11-28,834,N20,VIIRS,n,2,294.7,2.54,D,0,VIIRS_NOAA20_SP
31.56552,72.61674,330.54,0.55,0.43,2023-11-28,834,N20,VIIRS,n,2,294.28,3.38,D,0,VIIRS_NOAA20_SP
31.57026,78.00064,367.0,0.38,0.59,2023-11-28,834,N20,VIIRS,h,2,291.72,53.31,D,0,VIIRS_NOAA20_SP
31.57084,70.78239,330.29,0.46,0.39,2023-11-28,834,N20,VIIRS,n,2,295.03,1.83,D,0,VIIRS_NOAA20_SP
31.58349,72.78211,330.7,0.57,0.43,2023-11-28,834,N20,VIIRS,n,2,294.05,4.89,D,0,VIIRS_NOAA20_SP
31.677,72.47407,329.24,0.55,0.42,2023-11-28,834,N20,VIIRS,n,2,296.41,3.45,D,0,VIIRS_NOAA20_SP
31.68476,72.50817,332.76,0.55,0.43,2023-11-28,834,N20,VIIRS,n,2,296.32,3.15,D,0,VIIRS_NOAA20_SP
31.88421,75.12964,329.01,0.51,0.5,2023-11-28,834,N20,VIIRS,n,2,293.07,2.83,D,0,VIIRS_NOAA20_SP
31.9447,73.19463,327.56,0.4,0.44,2023-11-28,834,N20,VIIRS,n,2,294.52,1.5,D,0,VIIRS_NOAA20_SP
32.00536,75.82509,335.26,0.57,0.52,2023-11-28,834,N20,VIIRS,n,2,294.81,4.86,D,0,VIIRS_NOAA20_SP
32.00757,74.65452,327.16,0.48,0.48,2023-11-28,834,N20,VIIRS,n,2,293.46,2.15,D,0,VIIRS_NOAA20_SP
32.02184,70.16031,343.12,0.44,0.38,2023-11-28,834,N20,VIIRS,n,2,299.89,5.35,D,0,VIIRS_NOAA20_SP
32.03219,74.72467,340.49,0.49,0.48,2023-11-28,834,N20,VIIRS,n,2,294.97,6.72,D,0,VIIRS_NOAA20_SP
32.03519,74.70856,329.0,0.49,0.48,2023-11-28,834,N20,VIIRS,n,2,294.51,2.89,D,0,VIIRS_NOAA20_SP
32.05291,74.62393,329.1,0.48,0.48,2023-11-28,834,N20,VIIRS,n,2,292.77,5.05,D,0,VIIRS_NOAA20_SP
32.0535,73.09028,330.93,0.4,0.44,2023-11-28,834,N20,VIIRS,n,2,296.57,4.35,D,0,VIIRS_NOAA20_SP
32.05352,70.89803,334.14,0.47,0.39,2023-11-28,834,N20,VIIRS,n,2,296.11,4.59,D,0,VIIRS_NOAA20_SP
32.054,74.62276,338.32,0.48,0.48,2023-11-28,834,N20,VIIRS,n,2,293.8,5.45,D,0,VIIRS_NOAA20_SP
32.07349,72.38866,332.33,0.55,0.42,2023-11-28,834,N20,VIIRS,n,2,297.53,3.58,D,0,VIIRS_NOAA20_SP
32.08145,74.64114,328.34,0.48,0.48,2023-11-28,834,N20,VIIRS,n,2,292.98,4.7,D,0,VIIRS_NOAA20_SP
32.08857,75.18422,330.73,0.52,0.5,2023-11-28,834,N20,VIIRS,n,2,293.78,2.4,D,0,VIIRS_NOAA20_SP
32.09878,75.19422,354.23,0.52,0.5,2023-11-28,834,N20,VIIRS,n,2,295.59,10.03,D,0,VIIRS_NOAA20_SP
32.12093,72.45854,331.41,0.55,0.43,2023-11-28,834,N20,VIIRS,n,2,296.99,5.05,D,0,VIIRS_NOAA20_SP
32.18138,71.06187,339.07,0.48,0.4,2023-11-28,834,N20,VIIRS,n,2,297.25,5.3,D,0,VIIRS_NOAA20_SP
32.18159,73.33354,329.23,0.41,0.45,2023-11-28,834,N20,VIIRS,n,2,297.34,2.33,D,0,VIIRS_NOAA20_SP
32.18203,73.33791,327.75,0.41,0.45,2023-11-28,834,N20,VIIRS,n,2,295.47,2.33,D,0,VIIRS_NOAA20_SP
32.19306,75.16231,327.44,0.52,0.5,2023-11-28,834,N20,VIIRS,n,2,292.04,1.35,D,0,VIIRS_NOAA20_SP
32.2248,75.26421,331.22,0.53,0.5,2023-11-28,834,N20,VIIRS,n,2,290.86,3.26,D,0,VIIRS_NOAA20_SP
32.2253,75.26008,326.39,0.53,0.5,2023-11-28,834,N20,VIIRS,n,2,289.02,3.93,D,0,VIIRS_NOAA20_SP
32.23135,74.96756,337.83,0.51,0.49,2023-11-28,834,N20,VIIRS,n,2,294.87,2.93,D,0,VIIRS_NOAA20_SP
32.23304,75.29334,325.99,0.53,0.5,2023-11-28,834,N20,VIIRS,n,2,293.34,2.58,D,0,VIIRS_NOAA20_SP
32.23928,73.32551,329.31,0.41,0.45,2023-11-28,834,N20,VIIRS,n,2,295.45,1.61,D,0,VIIRS_NOAA20_SP
32.23972,73.29014,335.43,0.41,0.45,2023-11-28,834,N20,VIIRS,n,2,296.83,2.9,D,0,VIIRS_NOAA20_SP
32.24522,73.3026,330.88,0.41,0.45,2023-11-28,834,N20,VIIRS,n,2,296.01,2.22,D,0,VIIRS_NOAA20_SP
32.25345,73.30145,335.0,0.41,0.45,2023-11-28,834,N20,VIIRS,n,2,296.27,3.09,D,0,VIIRS_NOAA20_SP
32.25639,73.30248,328.35,0.41,0.45,2023-11-28,834,N20,VIIRS,n,2,294.77,1.92,D,0,VIIRS_NOAA20_SP
32.25952,73.41773,337.46,0.42,0.45,2023-11-28,834,N20,VIIRS,n,2,296.91,5.56,D,0,VIIRS_NOAA20_SP
32.25995,73.42215,334.67,0.42,0.45,2023-11-28,834,N20,VIIRS,n,2,294.96,4.21,D,0,VIIRS_NOAA20_SP
32.26188,73.4203,343.91,0.42,0.45,2023-11-28,834,N20,VIIRS,n,2,296.77,6.56,D,0,VIIRS_NOAA20_SP
32.27021,73.27406,334.13,0.41,0.45,2023-11-28,834,N20,VIIRS,n,2,299.49,2.49,D,0,VIIRS_NOAA20_SP
32.2753,73.49211,328.82,0.42,0.45,2023-11-28,834,N20,VIIRS,n,2,294.73,2.28,D,0,VIIRS_NOAA20_SP
32.28622,73.26741,331.21,0.41,0.45,2023-11-28,834,N20,VIIRS,n,2,297.9,2.69,D,0,VIIRS_NOAA20_SP
32.31563,74.62254,331.37,0.49,0.48,2023-11-28,834,N20,VIIRS,n,2,293.91,4.36,D,0,VIIRS_NOAA20_SP
32.35026,73.40067,334.33,0.42,0.45,2023-11-28,834,N20,VIIRS,n,2,295.88,3.48,D,0,VIIRS_NOAA20_SP
32.35633,74.15218,335.27,0.46,0.47,2023-11-28,834,N20,VIIRS,n,2,296.53,3.84,D,0,VIIRS_NOAA20_SP
32.36076,74.91626,337.61,0.51,0.49,2023-11-28,834,N20,VIIRS,n,2,294.5,6.83,D,0,VIIRS_NOAA20_SP
32.36497,74.81281,328.96,0.5,0.49,2023-11-28,834,N20,VIIRS,n,2,294.44,6.16,D,0,VIIRS_NOAA20_SP
32.36546,74.81814,330.74,0.5,0.49,2023-11-28,834,N20,VIIRS,n,2,292.98,6.07,D,0,VIIRS_NOAA20_SP
32.40171,73.47566,337.74,0.42,0.45,2023-11-28,834,N20,VIIRS,n,2,295.48,3.19,D,0,VIIRS_NOAA20_SP
32.41164,74.87196,330.06,0.5,0.49,2023-11-28,834,N20,VIIRS,n,2,294.93,3.22,D,0,VIIRS_NOAA20_SP
32.41291,74.86991,328.16,0.5,0.49,2023-11-28,834,N20,VIIRS,n,2,294.5,2.95,D,0,VIIRS_NOAA20_SP
32.42099,73.5414,338.85,0.42,0.45,2023-11-28,834,N20,VIIRS,n,2,294.83,5.33,D,0,VIIRS_NOAA20_SP
32.42225,74.24306,339.34,0.46,0.47,2023-11-28,834,N20,VIIRS,n,2,296.14,7.97,D,0,VIIRS_NOAA20_SP
32.43291,74.21673,328.4,0.46,0.47,2023-11-28,834,N20,VIIRS,n,2,296.1,1.96,D,0,VIIRS_NOAA20_SP
32.44497,73.8273,336.83,0.44,0.46,2023-11-28,834,N20,VIIRS,n,2,296.17,3.91,D,0,VIIRS_NOAA20_SP
32.4756,74.95515,330.22,0.51,0.49,2023-11-28,834,N20,VIIRS,n,2,295.29,2.19,D,0,VIIRS_NOAA20_SP
32.48467,73.8363,328.03,0.44,0.46,2023-11-28,834,N20,VIIRS,n,2,295.61,3.56,D,0,VIIRS_NOAA20_SP
32.49133,73.73134,327.58,0.43,0.46,2023-11-28,834,N20,VIIRS,n,2,294.32,2.81,D,0,VIIRS_NOAA20_SP
32.49591,74.73039,326.92,0.5,0.49,2023-11-28,834,N20,VIIRS,n,2,294.22,2.77,D,0,VIIRS_NOAA20_SP
32.54041,74.04631,332.1,0.45,0.47,2023-11-28,834,N20,VIIRS,n,2,295.28,3.38,D,0,VIIRS_NOAA20_SP
32.54234,73.30814,327.13,0.41,0.45,2023-11-28,834,N20,VIIRS,n,2,295.08,1.11,D,0,VIIRS_NOAA20_SP
32.54259,74.04729,328.86,0.45,0.47,2023-11-28,834,N20,VIIRS,n,2,295.83,2.49,D,0,VIIRS_NOAA20_SP
32.56977,73.74522,334.24,0.44,0.46,2023-11-28,834,N20,VIIRS,n,2,294.78,3.83,D,0,VIIRS_NOAA20_SP
32.62133,73.70664,338.98,0.44,0.46,2023-11-28,834,N20,VIIRS,n,2,296.05,3.97,D,0,VIIRS_NOAA20_SP
32.6569,74.70457,330.25,0.5,0.49,2023-11-28,834,N20,VIIRS,n,2,294.32,3.05,D,0,VIIRS_NOAA20_SP
32.66091,74.69872,328.46,0.5,0.49,2023-11-28,834,N20,VIIRS,n,2,294.53,3.82,D,0,VIIRS_NOAA20_SP
32.67849,74.59535,334.65,0.49,0.48,2023-11-28,834,N20,VIIRS,n,2,294.43,3.38,D,0,VIIRS_NOAA20_SP
32.81384,71.55816,346.0,0.51,0.41,2023-11-28,834,N20,VIIRS,n,2,296.98,9.0,D,0,VIIRS_NOAA20_SP
32.81418,71.56023,338.4,0.51,0.41,2023-11-28,834,N20,VIIRS,n,2,296.62,6.47,D,0,VIIRS_NOAA20_SP
33.40627,71.73582,329.33,0.53,0.42,2023-11-28,834,N20,VIIRS,n,2,299.57,1.86,D,0,VIIRS_NOAA20_SP
33.90412,70.09567,328.89,0.45,0.39,2023-11-28,835,N20,VIIRS,n,2,296.25,2.19,D,0,VIIRS_NOAA20_SP
34.23992,74.5285,326.92,0.51,0.49,2023-11-28,835,N20,VIIRS,n,2,287.27,4.12,D,0,VIIRS_NOAA20_SP
35.03275,71.26976,332.42,0.52,0.42,2023-11-28,835,N20,VIIRS,n,2,300.63,3.2,D,0,VIIRS_NOAA20_SP
30.06846,96.97644,301.75,0.38,0.36,2023-11-28,1916,N20,VIIRS,n,2,268.29,0.8,N,2,VIIRS_NOAA20_SP
26.7951,94.69109,296.38,0.4,0.37,2023-11-28,1917,N20,VIIRS,n,2,285.86,0.2,N,0,VIIRS_NOAA20_SP
27.15678,94.92859,305.37,0.4,0.37,2023-11-28,1917,N20,VIIRS,n,2,283.01,0.56,N,0,VIIRS_NOAA20_SP
27.26019,95.15055,298.01,0.39,0.36,2023-11-28,1917,N20,VIIRS,n,2,283.01,0.44,N,2,VIIRS_NOAA20_SP
27.31001,91.36038,326.47,0.55,0.43,2023-11-28,1917,N20,VIIRS,n,2,284.41,2.33,N,0,VIIRS_NOAA20_SP
27.31336,91.36546,299.34,0.55,0.43,2023-11-28,1917,N20,VIIRS,n,2,282.89,2.33,N,0,VIIRS_NOAA20_SP
27.31394,91.36063,307.4,0.55,0.43,2023-11-28,1917,N20,VIIRS,n,2,283.46,2.33,N,0,VIIRS_NOAA20_SP
27.31751,95.26545,303.42,0.39,0.36,2023-11-28,1917,N20,VIIRS,n,2,287.9,0.43,N,2,VIIRS_NOAA20_SP
27.37015,83.42106,298.7,0.55,0.68,2023-11-28,1917,N20,VIIRS,n,2,285.66,0.46,N,0,VIIRS_NOAA20_SP
27.37829,95.08592,305.47,0.4,0.37,2023-11-28,1917,N20,VIIRS,n,2,287.33,0.63,N,2,VIIRS_NOAA20_SP
27.47111,95.42218,304.49,0.39,0.36,2023-11-28,1917,N20,VIIRS,n,2,287.54,0.7,N,2,VIIRS_NOAA20_SP
27.53513,95.40092,297.41,0.39,0.36,2023-11-28,1917,N20,VIIRS,n,2,286.0,0.35,N,2,VIIRS_NOAA20_SP
27.55758,96.03773,301.41,0.39,0.36,2023-11-28,1917,N20,VIIRS,n,2,286.13,0.41,N,2,VIIRS_NOAA20_SP
27.60626,95.4015,324.11,0.39,0.36,2023-11-28,1917,N20,VIIRS,n,2,287.56,1.6,N,2,VIIRS_NOAA20_SP
28.30425,95.7299,325.92,0.39,0.36,2023-11-28,1917,N20,VIIRS,n,2,291.23,6.29,N,0,VIIRS_NOAA20_SP
28.30484,95.72594,329.05,0.39,0.36,2023-11-28,1917,N20,VIIRS,n,2,291.75,6.0,N,0,VIIRS_NOAA20_SP
28.30756,95.73054,345.94,0.39,0.36,2023-11-28,1917,N20,VIIRS,n,2,295.62,6.29,N,0,VIIRS_NOAA20_SP
28.30815,95.7266,355.15,0.39,0.36,2023-11-28,1917,N20,VIIRS,n,2,297.29,6.0,N,0,VIIRS_NOAA20_SP
28.30873,95.72268,311.02,0.39,0.36,2023-11-28,1917,N20,VIIRS,n,2,290.93,6.0,N,0,VIIRS_NOAA20_SP
28.31028,95.73514,321.29,0.39,0.36,2023-11-28,1917,N20,VIIRS,n,2,292.21,4.27,N,0,VIIRS_NOAA20_SP
28.31087,95.73119,352.05,0.39,0.36,2023-11-28,1917,N20,VIIRS,n,2,295.68,4.27,N,0,VIIRS_NOAA20_SP
28.31146,95.72726,353.38,0.39,0.36,2023-11-28,1917,N20,VIIRS,n,2,294.69,7.79,N,0,VIIRS_NOAA20_SP
28.35155,97.02911,315.38,0.38,0.36,2023-11-28,1917,N20,VIIRS,n,2,280.27,1.39,N,0,VIIRS_NOAA20_SP
28.35483,97.02978,331.91,0.38,0.36,2023-11-28,1917,N20,VIIRS,n,2,282.8,1.99,N,0,VIIRS_NOAA20_SP
28.35754,97.03413,300.26,0.38,0.36,2023-11-28,1917,N20,VIIRS,n,2,281.4,1.99,N,0,VIIRS_NOAA20_SP
28.35812,97.0304,316.74,0.38,0.36,2023-11-28,1917,N20,VIIRS,n,2,281.13,1.99,N,0,VIIRS_NOAA20_SP
28.35963,97.04231,303.47,0.38,0.36,2023-11-28,1917,N20,VIIRS,n,2,277.1,1.88,N,0,VIIRS_NOAA20_SP
28.36081,97.03481,334.15,0.38,0.36,2023-11-28,1917,N20,VIIRS,n,2,283.42,2.08,N,0,VIIRS_NOAA20_SP
28.36349,97.03927,321.28,0.38,0.36,2023-11-28,1917,N20,VIIRS,n,2,280.04,1.88,N,0,VIIRS_NOAA20_SP
28.36409,97.0355,297.21,0.38,0.36,2023-11-28,1917,N20,VIIRS,n,2,280.03,2.08,N,0,VIIRS_NOAA20_SP
22.35736,96.70105,300.89,0.4,0.37,2023-11-28,1918,N20,VIIRS,n,2,287.63,0.73,N,2,VIIRS_NOAA20_SP
23.09449,97.38398,299.05,0.41,0.37,2023-11-28,1918,N20,VIIRS,n,2,286.33,0.74,N,2,VIIRS_NOAA20_SP
23.51429,87.27689,299.75,0.57,0.52,2023-11-28,1918,N20,VIIRS,n,2,288.7,1.43,N,2,VIIRS_NOAA20_SP
23.54906,86.54354,303.38,0.32,0.55,2023-11-28,1918,N20,VIIRS,n,2,287.72,0.75,N,2,VIIRS_NOAA20_SP
23.55145,87.24229,310.69,0.58,0.52,2023-11-28,1918,N20,VIIRS,n,2,289.51,1.68,N,3,VIIRS_NOAA20_SP
23.55151,87.24723,302.68,0.58,0.52,2023-11-28,1918,N20,VIIRS,n,2,289.12,1.48,N,3,VIIRS_NOAA20_SP
23.55212,87.24154,305.47,0.58,0.52,2023-11-28,1918,N20,VIIRS,n,2,288.97,1.48,N,2,VIIRS_NOAA20_SP
23.55683,87.23721,301.73,0.58,0.52,2023-11-28,1918,N20,VIIRS,n,2,287.8,2.81,N,0,VIIRS_NOAA20_SP
23.56164,87.23782,314.29,0.58,0.52,2023-11-28,1918,N20,VIIRS,n,2,288.51,2.81,N,2,VIIRS_NOAA20_SP
23.56236,87.23707,313.24,0.58,0.52,2023-11-28,1918,N20,VIIRS,n,2,288.14,2.81,N,2,VIIRS_NOAA20_SP
23.56264,87.08041,304.5,0.59,0.53,2023-11-28,1918,N20,VIIRS,n,2,288.4,1.0,N,0,VIIRS_NOAA20_SP
23.56446,87.07996,299.75,0.59,0.53,2023-11-28,1918,N20,VIIRS,n,2,287.63,2.22,N,0,VIIRS_NOAA20_SP
23.56693,87.08677,302.17,0.59,0.53,2023-11-28,1918,N20,VIIRS,n,2,288.59,1.72,N,2,VIIRS_NOAA20_SP
23.61644,86.78633,302.07,0.62,0.54,2023-11-28,1918,N20,VIIRS,n,2,289.93,1.52,N,2,VIIRS_NOAA20_SP
23.62015,85.68186,301.76,0.36,0.58,2023-11-28,1918,N20,VIIRS,n,2,287.12,0.64,N,0,VIIRS_NOAA20_SP
23.63547,86.2933,300.66,0.33,0.56,2023-11-28,1918,N20,VIIRS,n,2,286.34,0.66,N,2,VIIRS_NOAA20_SP
23.65311,87.24413,301.63,0.58,0.52,2023-11-28,1918,N20,VIIRS,n,2,288.79,0.82,N,0,VIIRS_NOAA20_SP
23.65366,87.24396,302.18,0.58,0.52,2023-11-28,1918,N20,VIIRS,n,2,288.8,1.09,N,0,VIIRS_NOAA20_SP
23.66751,86.41855,307.53,0.33,0.55,2023-11-28,1918,N20,VIIRS,n,2,286.52,0.56,N,2,VIIRS_NOAA20_SP
23.67002,84.99586,314.52,0.4,0.6,2023-11-28,1918,N20,VIIRS,n,2,287.38,1.17,N,2,VIIRS_NOAA20_SP
23.67036,84.99187,299.76,0.4,0.6,2023-11-28,1918,N20,VIIRS,n,2,285.42,1.17,N,2,VIIRS_NOAA20_SP
23.67153,86.08913,299.3,0.34,0.56,2023-11-28,1918,N20,VIIRS,n,2,287.19,1.17,N,2,VIIRS_NOAA20_SP
23.67258,86.41926,306.21,0.33,0.55,2023-11-28,1918,N20,VIIRS,n,2,287.85,0.56,N,2,VIIRS_NOAA20_SP
23.6729,86.41597,300.23,0.33,0.55,2023-11-28,1918,N20,VIIRS,n,2,287.3,0.56,N,0,VIIRS_NOAA20_SP
23.67478,86.39655,309.57,0.33,0.55,2023-11-28,1918,N20,VIIRS,n,2,287.36,1.31,N,2,VIIRS_NOAA20_SP
23.67828,86.08611,316.55,0.34,0.56,2023-11-28,1918,N20,VIIRS,n,2,288.65,1.7,N,2,VIIRS_NOAA20_SP
23.6786,86.0827,312.6,0.34,0.56,2023-11-28,1918,N20,VIIRS,n,2,289.61,1.7,N,2,VIIRS_NOAA20_SP
23.68018,86.39403,302.15,0.33,0.55,2023-11-28,1918,N20,VIIRS,n,2,287.68,1.15,N,2,VIIRS_NOAA20_SP
23.6805,86.3907,298.71,0.33,0.55,2023-11-28,1918,N20,VIIRS,n,2,287.4,1.15,N,2,VIIRS_NOAA20_SP
23.68082,86.38741,305.23,0.33,0.55,2023-11-28,1918,N20,VIIRS,n,2,286.26,0.98,N,3,VIIRS_NOAA20_SP
23.68284,86.09344,315.54,0.34,0.56,2023-11-28,1918,N20,VIIRS,n,2,288.44,1.43,N,2,VIIRS_NOAA20_SP
23.68316,86.09006,302.67,0.34,0.56,2023-11-28,1918,N20,VIIRS,n,2,288.74,1.43,N,2,VIIRS_NOAA20_SP
23.68558,86.3914,314.14,0.33,0.55,2023-11-28,1918,N20,VIIRS,n,2,289.09,1.15,N,2,VIIRS_NOAA20_SP
23.68591,86.38807,301.26,0.33,0.55,2023-11-28,1918,N20,VIIRS,n,2,287.0,0.98,N,2,VIIRS_NOAA20_SP
23.68996,87.12029,308.53,0.59,0.53,2023-11-28,1918,N20,VIIRS,n,2,289.66,2.36,N,2,VIIRS_NOAA20_SP
23.69099,86.38876,301.33,0.33,0.55,2023-11-28,1918,N20,VIIRS,n,2,288.35,0.59,N,2,VIIRS_NOAA20_SP
23.69131,86.38548,304.44,0.33,0.55,2023-11-28,1918,N20,VIIRS,n,2,287.98,0.59,N,2,VIIRS_NOAA20_SP
23.69228,87.0971,306.21,0.59,0.53,2023-11-28,1918,N20,VIIRS,n,2,289.67,2.19,N,2,VIIRS_NOAA20_SP
23.69481,87.12093,312.71,0.59,0.53,2023-11-28,1918,N20,VIIRS,n,2,290.3,2.87,N,2,VIIRS_NOAA20_SP
23.69539,87.11514,300.96,0.59,0.53,2023-11-28,1918,N20,VIIRS,n,2,289.06,1.45,N,2,VIIRS_NOAA20_SP
23.69598,87.10933,300.91,0.59,0.53,2023-11-28,1918,N20,VIIRS,n,2,288.84,1.45,N,2,VIIRS_NOAA20_SP
23.69656,87.10352,306.58,0.59,0.53,2023-11-28,1918,N20,VIIRS,n,2,289.42,2.03,N,2,VIIRS_NOAA20_SP
23.69953,85.29027,298.91,0.39,0.59,2023-11-28,1918,N20,VIIRS,n,2,286.6,0.7,N,0,VIIRS_NOAA20_SP
23.71666,86.44128,304.63,0.33,0.55,2023-11-28,1918,N20,VIIRS,n,2,287.04,1.04,N,2,VIIRS_NOAA20_SP
23.7214,86.44518,312.18,0.33,0.55,2023-11-28,1918,N20,VIIRS,n,2,291.8,1.04,N,2,VIIRS_NOAA20_SP
23.72173,86.44194,307.79,0.33,0.55,2023-11-28,1918,N20,VIIRS,n,2,288.82,1.04,N,2,VIIRS_NOAA20_SP
23.72647,86.44583,301.38,0.33,0.55,2023-11-28,1918,N20,VIIRS,n,2,289.34,1.39,N,2,VIIRS_NOAA20_SP
23.72709,85.5221,296.89,0.37,0.58,2023-11-28,1918,N20,VIIRS,n,2,285.77,0.5,N,0,VIIRS_NOAA20_SP
23.72713,86.43933,312.57,0.33,0.55,2023-11-28,1918,N20,VIIRS,n,2,289.19,1.76,N,2,VIIRS_NOAA20_SP
23.73115,85.00301,296.21,0.4,0.6,2023-11-28,1918,N20,VIIRS,n,2,284.91,0.66,N,2,VIIRS_NOAA20_SP
23.74156,85.01212,304.08,0.4,0.6,2023-11-28,1918,N20,VIIRS,n,2,288.88,1.38,N,2,VIIRS_NOAA20_SP
23.74191,85.00822,298.05,0.4,0.6,2023-11-28,1918,N20,VIIRS,n,2,287.26,1.38,N,2,VIIRS_NOAA20_SP
23.74227,85.0043,296.58,0.4,0.6,2023-11-28,1918,N20,VIIRS,n,2,285.74,0.6,N,2,VIIRS_NOAA20_SP
23.74287,86.42109,300.61,0.33,0.55,2023-11-28,1918,N20,VIIRS,n,2,287.64,0.6,N,2,VIIRS_NOAA20_SP
23.74432,86.42188,303.62,0.33,0.55,2023-11-28,1918,N20,VIIRS,n,2,287.85,0.73,N,2,VIIRS_NOAA20_SP
23.74763,85.50417,301.1,0.38,0.58,2023-11-28,1918,N20,VIIRS,n,2,281.06,0.82,N,2,VIIRS_NOAA20_SP
23.74826,86.41856,301.35,0.33,0.55,2023-11-28,1918,N20,VIIRS,n,2,289.27,0.6,N,2,VIIRS_NOAA20_SP
23.75364,86.416,315.72,0.33,0.55,2023-11-28,1918,N20,VIIRS,n,2,290.28,1.58,N,2,VIIRS_NOAA20_SP
23.75827,85.85449,307.49,0.36,0.57,2023-11-28,1918,N20,VIIRS,n,2,286.19,2.78,N,2,VIIRS_NOAA20_SP
23.7586,85.85096,312.59,0.36,0.57,2023-11-28,1918,N20,VIIRS,n,2,285.61,2.32,N,2,VIIRS_NOAA20_SP
23.75997,86.40361,308.61,0.33,0.55,2023-11-28,1918,N20,VIIRS,n,2,289.4,1.58,N,2,VIIRS_NOAA20_SP
23.76028,86.40029,320.74,0.33,0.55,2023-11-28,1918,N20,VIIRS,n,2,290.09,1.58,N,2,VIIRS_NOAA20_SP
23.7606,86.397,308.61,0.33,0.55,2023-11-28,1918,N20,VIIRS,n,2,290.24,2.52,N,2,VIIRS_NOAA20_SP
23.76537,86.40096,300.35,0.33,0.55,2023-11-28,1918,N20,VIIRS,n,2,288.3,1.31,N,2,VIIRS_NOAA20_SP
23.76631,86.39115,315.21,0.33,0.55,2023-11-28,1918,N20,VIIRS,n,2,292.16,1.17,N,2,VIIRS_NOAA20_SP
23.76662,86.38791,306.93,0.33,0.55,2023-11-28,1918,N20,VIIRS,n,2,289.15,1.17,N,2,VIIRS_NOAA20_SP
23.76786,86.37493,304.54,0.33,0.55,2023-11-28,1918,N20,VIIRS,n,2,289.15,1.71,N,2,VIIRS_NOAA20_SP
23.76817,86.37167,302.32,0.33,0.55,2023-11-28,1918,N20,VIIRS,n,2,287.59,1.26,N,2,VIIRS_NOAA20_SP
23.77109,86.39507,301.89,0.33,0.55,2023-11-28,1918,N20,VIIRS,n,2,290.01,3.1,N,2,VIIRS_NOAA20_SP
23.7714,86.39184,306.42,0.33,0.55,2023-11-28,1918,N20,VIIRS,n,2,290.52,1.17,N,2,VIIRS_NOAA20_SP
23.77171,86.3886,303.94,0.33,0.55,2023-11-28,1918,N20,VIIRS,n,2,290.25,1.17,N,2,VIIRS_NOAA20_SP
23.77679,86.38933,317.04,0.33,0.55,2023-11-28,1918,N20,VIIRS,n,2,289.48,2.22,N,2,VIIRS_NOAA20_SP
23.77711,86.38608,315.07,0.33,0.55,2023-11-28,1918,N20,VIIRS,n,2,289.44,1.46,N,2,VIIRS_NOAA20_SP
23.77742,86.38281,304.24,0.33,0.55,2023-11-28,1918,N20,VIIRS,n,2,286.2,1.46,N,2,VIIRS_NOAA20_SP
23.77866,86.2059,306.33,0.34,0.56,2023-11-28,1918,N20,VIIRS,n,2,289.59,2.51,N,2,VIIRS_NOAA20_SP
23.77932,86.36304,300.86,0.33,0.55,2023-11-28,1918,N20,VIIRS,n,2,288.14,0.67,N,2,VIIRS_NOAA20_SP
23.78089,86.34662,303.42,0.33,0.55,2023-11-28,1918,N20,VIIRS,n,2,287.02,0.81,N,2,VIIRS_NOAA20_SP
23.78121,86.34331,313.95,0.33,0.55,2023-11-28,1918,N20,VIIRS,n,2,286.2,0.81,N,2,VIIRS_NOAA20_SP
23.78158,86.39322,321.25,0.33,0.55,2023-11-28,1918,N20,VIIRS,n,2,290.73,2.22,N,2,VIIRS_NOAA20_SP
23.78189,86.38999,321.66,0.33,0.55,2023-11-28,1918,N20,VIIRS,n,2,289.89,2.22,N,2,VIIRS_NOAA20_SP
23.7822,86.38676,315.23,0.33,0.55,2023-11-28,1918,N20,VIIRS,n,2,287.44,1.46,N,2,VIIRS_NOAA20_SP
23.78379,86.37026,300.87,0.33,0.55,2023-11-28,1918,N20,VIIRS,n,2,286.21,1.04,N,2,VIIRS_NOAA20_SP
23.7838,86.20667,328.37,0.34,0.56,2023-11-28,1918,N20,VIIRS,n,2,291.03,3.23,N,2,VIIRS_NOAA20_SP
23.786,86.3473,296.7,0.33,0.55,2023-11-28,1918,N20,VIIRS,n,2,283.96,0.81,N,2,VIIRS_NOAA20_SP
23.78757,86.33092,320.12,0.33,0.55,2023-11-28,1918,N20,VIIRS,n,2,287.97,2.11,N,2,VIIRS_NOAA20_SP
23.78889,86.37094,299.15,0.33,0.55,2023-11-28,1918,N20,VIIRS,n,2,286.27,0.53,N,2,VIIRS_NOAA20_SP
23.7959,86.35187,314.59,0.33,0.55,2023-11-28,1918,N20,VIIRS,n,2,287.15,1.81,N,2,VIIRS_NOAA20_SP
23.79622,86.34856,298.17,0.33,0.55,2023-11-28,1918,N20,VIIRS,n,2,285.45,1.32,N,2,VIIRS_NOAA20_SP
23.79675,86.23504,299.85,0.34,0.56,2023-11-28,1918,N20,VIIRS,n,2,284.83,0.69,N,2,VIIRS_NOAA20_SP
23.79685,86.342,298.51,0.33,0.55,2023-11-28,1918,N20,VIIRS,n,2,284.9,0.6,N,2,VIIRS_NOAA20_SP
23.79891,87.04581,299.66,0.6,0.53,2023-11-28,1918,N20,VIIRS,n,2,288.85,3.37,N,2,VIIRS_NOAA20_SP
23.80196,86.3427,299.31,0.33,0.55,2023-11-28,1918,N20,VIIRS,n,2,286.61,0.58,N,2,VIIRS_NOAA20_SP
23.80227,86.33945,301.09,0.33,0.55,2023-11-28,1918,N20,VIIRS,n,2,286.33,0.58,N,0,VIIRS_NOAA20_SP
23.80322,86.32965,299.54,0.33,0.56,2023-11-28,1918,N20,VIIRS,n,2,285.88,0.65,N,2,VIIRS_NOAA20_SP
23.80355,86.32631,305.38,0.33,0.56,2023-11-28,1918,N20,VIIRS,n,2,285.61,0.65,N,2,VIIRS_NOAA20_SP
23.80834,86.33026,299.27,0.33,0.56,2023-11-28,1918,N20,VIIRS,n,2,285.15,0.65,N,2,VIIRS_NOAA20_SP
23.80866,86.32693,306.51,0.33,0.56,2023-11-28,1918,N20,VIIRS,n,2,285.54,0.65,N,2,VIIRS_NOAA20_SP
23.80964,86.31693,299.36,0.33,0.56,2023-11-28,1918,N20,VIIRS,n,2,286.51,0.9,N,2,VIIRS_NOAA20_SP
23.80996,86.31361,305.44,0.33,0.56,2023-11-28,1918,N20,VIIRS,n,2,287.14,0.9,N,2,VIIRS_NOAA20_SP
23.81705,84.84344,315.78,0.42,0.61,2023-11-28,1918,N20,VIIRS,n,2,286.44,1.94,N,0,VIIRS_NOAA20_SP
23.82483,85.49459,302.79,0.38,0.59,2023-11-28,1918,N20,VIIRS,n,2,284.52,0.76,N,2,VIIRS_NOAA20_SP
23.84057,85.46828,299.98,0.38,0.59,2023-11-28,1918,N20,VIIRS,n,2,285.81,0.51,N,0,VIIRS_NOAA20_SP
23.92904,85.33971,299.3,0.39,0.59,2023-11-28,1918,N20,VIIRS,n,2,284.75,0.89,N,0,VIIRS_NOAA20_SP
23.97906,97.79275,297.86,0.42,0.38,2023-11-28,1918,N20,VIIRS,n,2,286.57,1.1,N,0,VIIRS_NOAA20_SP
24.17315,82.55904,308.56,0.58,0.7,2023-11-28,1918,N20,VIIRS,n,2,286.22,1.45,N,2,VIIRS_NOAA20_SP
24.17366,82.55897,305.81,0.59,0.7,2023-11-28,1918,N20,VIIRS,n,2,286.53,1.33,N,2,VIIRS_NOAA20_SP
24.17952,82.64701,296.81,0.58,0.7,2023-11-28,1918,N20,VIIRS,n,2,285.89,1.0,N,0,VIIRS_NOAA20_SP
24.18576,82.5722,295.58,0.58,0.7,2023-11-28,1918,N20,VIIRS,n,2,285.43,1.33,N,0,VIIRS_NOAA20_SP
24.19166,82.57256,300.84,0.58,0.7,2023-11-28,1918,N20,VIIRS,n,2,285.92,2.07,N,2,VIIRS_NOAA20_SP
24.19224,82.5726,303.77,0.58,0.7,2023-11-28,1918,N20,VIIRS,n,2,285.89,1.33,N,2,VIIRS_NOAA20_SP
24.20828,82.7125,312.84,0.57,0.69,2023-11-28,1918,N20,VIIRS,n,2,287.32,3.29,N,2,VIIRS_NOAA20_SP
24.20867,82.70702,305.04,0.57,0.69,2023-11-28,1918,N20,VIIRS,n,2,286.04,2.92,N,2,VIIRS_NOAA20_SP
24.20887,82.52081,297.45,0.59,0.7,2023-11-28,1918,N20,VIIRS,n,2,285.19,0.66,N,0,VIIRS_NOAA20_SP
24.28182,91.3893,302.56,0.5,0.41,2023-11-28,1918,N20,VIIRS,n,2,290.16,1.04,N,0,VIIRS_NOAA20_SP
24.32904,81.32435,295.77,0.7,0.75,2023-11-28,1918,N20,VIIRS,n,2,285.55,0.65,N,2,VIIRS_NOAA20_SP
24.45836,85.52451,297.26,0.38,0.59,2023-11-28,1918,N20,VIIRS,n,2,285.24,0.31,N,0,VIIRS_NOAA20_SP
24.46029,85.5245,296.94,0.38,0.59,2023-11-28,1918,N20,VIIRS,n,2,285.4,0.42,N,0,VIIRS_NOAA20_SP
24.52088,97.79665,304.72,0.41,0.37,2023-11-28,1918,N20,VIIRS,n,2,285.87,0.96,N,2,VIIRS_NOAA20_SP
24.54134,97.73868,306.94,0.41,0.37,2023-11-28,1918,N20,VIIRS,n,2,287.47,1.24,N,2,VIIRS_NOAA20_SP
24.77752,97.9013,308.45,0.41,0.37,2023-11-28,1918,N20,VIIRS,n,2,285.01,1.23,N,0,VIIRS_NOAA20_SP
24.8703,92.02158,311.06,0.48,0.4,2023-11-28,1918,N20,VIIRS,n,2,289.53,1.33,N,2,VIIRS_NOAA20_SP
26.06552,93.92708,299.06,0.41,0.37,2023-11-28,1918,N20,VIIRS,n,2,287.62,0.36,N,2,VIIRS_NOAA20_SP
26.18929,91.80832,321.66,0.5,0.41,2023-11-28,1918,N20,VIIRS,n,2,289.63,1.98,N,0,VIIRS_NOAA20_SP
26.31587,84.62088,296.65,0.46,0.63,2023-11-28,1918,N20,VIIRS,n,2,286.12,0.4,N,0,VIIRS_NOAA20_SP
26.76028,83.19435,300.78,0.56,0.69,2023-11-28,1918,N20,VIIRS,n,2,287.42,1.92,N,2,VIIRS_NOAA20_SP
26.76228,83.19666,302.96,0.56,0.69,2023-11-28,1918,N20,VIIRS,n,2,288.45,1.55,N,2,VIIRS_NOAA20_SP
27.37367,83.41943,297.69,0.55,0.68,2023-11-28,1918,N20,VIIRS,n,2,285.36,0.51,N,0,VIIRS_NOAA20_SP
20.18068,93.0724,316.09,0.4,0.37,2023-11-28,1919,N20,VIIRS,n,2,281.52,1.92,N,3,VIIRS_NOAA20_SP
20.18124,93.0686,310.71,0.4,0.37,2023-11-28,1919,N20,VIIRS,n,2,279.5,1.02,N,0,VIIRS_NOAA20_SP
20.24248,86.60201,302.85,0.58,0.52,2023-11-28,1919,N20,VIIRS,n,2,291.51,2.93,N,2,VIIRS_NOAA20_SP
20.41065,97.31266,295.96,0.43,0.38,2023-11-28,1919,N20,VIIRS,n,2,282.82,0.39,N,0,VIIRS_NOAA20_SP
20.53506,85.91251,319.83,0.32,0.55,2023-11-28,1919,N20,VIIRS,n,2,290.62,1.17,N,0,VIIRS_NOAA20_SP
20.76378,85.29205,312.52,0.36,0.57,2023-11-28,1919,N20,VIIRS,n,2,289.98,0.91,N,2,VIIRS_NOAA20_SP
20.76412,85.28856,300.82,0.36,0.57,2023-11-28,1919,N20,VIIRS,n,2,288.13,0.91,N,2,VIIRS_NOAA20_SP
20.76432,85.29259,312.36,0.36,0.57,2023-11-28,1919,N20,VIIRS,n,2,290.1,0.86,N,2,VIIRS_NOAA20_SP
20.76468,85.28912,300.46,0.36,0.57,2023-11-28,1919,N20,VIIRS,n,2,288.2,0.86,N,2,VIIRS_NOAA20_SP
20.78798,85.26335,310.69,0.36,0.57,2023-11-28,1919,N20,VIIRS,n,2,289.5,1.53,N,2,VIIRS_NOAA20_SP
20.78832,85.25989,309.82,0.36,0.57,2023-11-28,1919,N20,VIIRS,n,2,290.64,1.08,N,2,VIIRS_NOAA20_SP
20.78866,85.25645,301.57,0.36,0.57,2023-11-28,1919,N20,VIIRS,n,2,289.69,1.08,N,2,VIIRS_NOAA20_SP
20.79429,85.25372,304.04,0.36,0.57,2023-11-28,1919,N20,VIIRS,n,2,289.31,1.68,N,2,VIIRS_NOAA20_SP
20.79463,85.25023,317.95,0.36,0.57,2023-11-28,1919,N20,VIIRS,n,2,288.38,1.68,N,2,VIIRS_NOAA20_SP
20.80488,85.25488,305.0,0.36,0.57,2023-11-28,1919,N20,VIIRS,n,2,288.76,1.29,N,2,VIIRS_NOAA20_SP
20.81018,85.25543,313.7,0.36,0.57,2023-11-28,1919,N20,VIIRS,n,2,290.46,1.29,N,2,VIIRS_NOAA20_SP
20.8254,86.95692,311.25,0.56,0.51,2023-11-28,1919,N20,VIIRS,n,2,291.56,2.5,N,0,VIIRS_NOAA20_SP
20.86883,84.99416,303.7,0.38,0.58,2023-11-28,1919,N20,VIIRS,n,2,289.47,1.14,N,2,VIIRS_NOAA20_SP
20.86917,84.99072,303.17,0.38,0.58,2023-11-28,1919,N20,VIIRS,n,2,288.95,1.69,N,2,VIIRS_NOAA20_SP
20.87422,84.99472,309.08,0.38,0.58,2023-11-28,1919,N20,VIIRS,n,2,288.79,0.93,N,0,VIIRS_NOAA20_SP
20.88646,84.98149,317.04,0.38,0.58,2023-11-28,1919,N20,VIIRS,n,2,289.85,3.47,N,2,VIIRS_NOAA20_SP
20.89223,84.97846,325.31,0.38,0.58,2023-11-28,1919,N20,VIIRS,n,2,287.88,3.69,N,0,VIIRS_NOAA20_SP
20.89762,84.97907,301.17,0.38,0.58,2023-11-28,1919,N20,VIIRS,n,2,287.72,0.67,N,0,VIIRS_NOAA20_SP
20.90019,84.97961,299.74,0.38,0.58,2023-11-28,1919,N20,VIIRS,n,2,288.16,0.71,N,0,VIIRS_NOAA20_SP
20.94086,86.0588,315.47,0.32,0.55,2023-11-28,1919,N20,VIIRS,n,2,289.71,1.38,N,2,VIIRS_NOAA20_SP
20.94621,86.05637,299.78,0.32,0.55,2023-11-28,1919,N20,VIIRS,n,2,289.72,0.68,N,2,VIIRS_NOAA20_SP
20.94653,86.05331,306.29,0.32,0.55,2023-11-28,1919,N20,VIIRS,n,2,289.64,0.68,N,2,VIIRS_NOAA20_SP
20.95219,86.04794,301.33,0.32,0.55,2023-11-28,1919,N20,VIIRS,n,2,290.28,1.18,N,2,VIIRS_NOAA20_SP
20.95741,85.0079,310.19,0.38,0.58,2023-11-28,1919,N20,VIIRS,n,2,288.79,0.77,N,2,VIIRS_NOAA20_SP
20.95777,85.00428,298.57,0.38,0.58,2023-11-28,1919,N20,VIIRS,n,2,287.2,0.77,N,2,VIIRS_NOAA20_SP
20.96021,85.14234,302.15,0.37,0.58,2023-11-28,1919,N20,VIIRS,n,2,288.4,0.63,N,2,VIIRS_NOAA20_SP
20.96228,85.17519,308.61,0.37,0.58,2023-11-28,1919,N20,VIIRS,n,2,289.86,1.23,N,2,VIIRS_NOAA20_SP
20.96264,85.17162,317.16,0.37,0.58,2023-11-28,1919,N20,VIIRS,n,2,289.38,1.23,N,2,VIIRS_NOAA20_SP
20.96337,85.16447,301.32,0.37,0.58,2023-11-28,1919,N20,VIIRS,n,2,288.96,1.59,N,2,VIIRS_NOAA20_SP
20.96445,85.15376,301.15,0.37,0.58,2023-11-28,1919,N20,VIIRS,n,2,289.25,1.29,N,2,VIIRS_NOAA20_SP
20.96617,85.18983,299.55,0.37,0.58,2023-11-28,1919,N20,VIIRS,n,2,288.99,0.89,N,2,VIIRS_NOAA20_SP
20.96653,85.18638,303.42,0.37,0.58,2023-11-28,1919,N20,VIIRS,n,2,288.2,0.89,N,2,VIIRS_NOAA20_SP
20.96725,85.17931,302.94,0.37,0.58,2023-11-28,1919,N20,VIIRS,n,2,289.19,2.5,N,2,VIIRS_NOAA20_SP
20.96747,85.01629,301.05,0.37,0.58,2023-11-28,1919,N20,VIIRS,n,2,288.39,1.34,N,0,VIIRS_NOAA20_SP
20.96761,85.17577,300.73,0.37,0.58,2023-11-28,1919,N20,VIIRS,n,2,289.19,1.23,N,2,VIIRS_NOAA20_SP
20.96783,85.01266,298.76,0.38,0.58,2023-11-28,1919,N20,VIIRS,n,2,287.73,1.34,N,0,VIIRS_NOAA20_SP
20.96797,85.1722,306.37,0.37,0.58,2023-11-28,1919,N20,VIIRS,n,2,289.24,1.23,N,2,VIIRS_NOAA20_SP
20.96834,85.1686,314.0,0.37,0.58,2023-11-28,1919,N20,VIIRS,n,2,289.35,1.59,N,2,VIIRS_NOAA20_SP
20.96951,85.10387,298.76,0.37,0.58,2023-11-28,1919,N20,VIIRS,n,2,287.7,0.47,N,0,VIIRS_NOAA20_SP
20.97256,86.00007,309.54,0.32,0.55,2023-11-28,1919,N20,VIIRS,n,2,289.68,1.08,N,2,VIIRS_NOAA20_SP
20.97285,85.01691,310.27,0.37,0.58,2023-11-28,1919,N20,VIIRS,n,2,288.68,1.34,N,0,VIIRS_NOAA20_SP
20.97295,85.17633,311.25,0.37,0.58,2023-11-28,1919,N20,VIIRS,n,2,288.68,1.55,N,2,VIIRS_NOAA20_SP
20.97322,85.0133,325.6,0.38,0.58,2023-11-28,1919,N20,VIIRS,n,2,288.66,1.34,N,0,VIIRS_NOAA20_SP
20.97331,85.17277,306.41,0.37,0.58,2023-11-28,1919,N20,VIIRS,n,2,289.33,1.55,N,2,VIIRS_NOAA20_SP
20.97368,85.16917,319.93,0.37,0.58,2023-11-28,1919,N20,VIIRS,n,2,290.64,3.17,N,2,VIIRS_NOAA20_SP
20.97695,85.13718,306.91,0.37,0.58,2023-11-28,1919,N20,VIIRS,n,2,288.9,1.7,N,2,VIIRS_NOAA20_SP
20.97728,86.0038,302.72,0.32,0.55,2023-11-28,1919,N20,VIIRS,n,2,289.36,1.08,N,2,VIIRS_NOAA20_SP
20.97731,85.13361,303.1,0.37,0.58,2023-11-28,1919,N20,VIIRS,n,2,288.63,1.88,N,2,VIIRS_NOAA20_SP
20.98156,85.14491,303.49,0.37,0.58,2023-11-28,1919,N20,VIIRS,n,2,288.11,0.7,N,2,VIIRS_NOAA20_SP
20.98642,85.13022,300.09,0.37,0.58,2023-11-28,1919,N20,VIIRS,n,2,288.66,1.32,N,2,VIIRS_NOAA20_SP
20.98676,85.12667,317.34,0.37,0.58,2023-11-28,1919,N20,VIIRS,n,2,288.26,2.1,N,2,VIIRS_NOAA20_SP
20.98873,85.1278,316.51,0.37,0.58,2023-11-28,1919,N20,VIIRS,n,2,288.26,0.89,N,2,VIIRS_NOAA20_SP
20.98909,85.12425,299.47,0.37,0.58,2023-11-28,1919,N20,VIIRS,n,2,287.06,0.89,N,0,VIIRS_NOAA20_SP
21.00218,86.0101,313.55,0.32,0.55,2023-11-28,1919,N20,VIIRS,n,2,289.88,1.23,N,0,VIIRS_NOAA20_SP
21.00513,86.02412,302.96,0.32,0.55,2023-11-28,1919,N20,VIIRS,n,2,288.77,0.42,N,0,VIIRS_NOAA20_SP
21.06633,85.03422,306.37,0.37,0.58,2023-11-28,1919,N20,VIIRS,n,2,288.2,0.83,N,2,VIIRS_NOAA20_SP
21.07172,85.03476,302.59,0.37,0.58,2023-11-28,1919,N20,VIIRS,n,2,289.27,2.16,N,2,VIIRS_NOAA20_SP
21.07638,85.04263,301.36,0.37,0.58,2023-11-28,1919,N20,VIIRS,n,2,288.11,1.21,N,2,VIIRS_NOAA20_SP
21.07675,85.03897,313.04,0.37,0.58,2023-11-28,1919,N20,VIIRS,n,2,288.84,1.21,N,2,VIIRS_NOAA20_SP
21.08213,85.03957,301.66,0.37,0.58,2023-11-28,1919,N20,VIIRS,n,2,288.44,0.9,N,2,VIIRS_NOAA20_SP
21.67469,82.07549,297.82,0.59,0.7,2023-11-28,1919,N20,VIIRS,n,2,284.1,2.39,N,0,VIIRS_NOAA20_SP
21.67975,84.03605,317.14,0.44,0.63,2023-11-28,1919,N20,VIIRS,n,2,287.52,2.5,N,2,VIIRS_NOAA20_SP
21.75752,84.02059,314.86,0.44,0.63,2023-11-28,1919,N20,VIIRS,n,2,284.47,3.49,N,2,VIIRS_NOAA20_SP
21.7622,83.84148,299.75,0.46,0.63,2023-11-28,1919,N20,VIIRS,n,2,263.42,0.97,N,2,VIIRS_NOAA20_SP
21.76369,84.01689,300.4,0.45,0.63,2023-11-28,1919,N20,VIIRS,n,2,283.43,2.9,N,2,VIIRS_NOAA20_SP
21.76909,84.0219,308.69,0.44,0.63,2023-11-28,1919,N20,VIIRS,n,2,281.13,1.78,N,2,VIIRS_NOAA20_SP
21.76948,84.01753,309.04,0.45,0.63,2023-11-28,1919,N20,VIIRS,n,2,283.32,2.0,N,2,VIIRS_NOAA20_SP
21.77458,85.55157,298.53,0.35,0.57,2023-11-28,1919,N20,VIIRS,n,2,284.72,0.54,N,0,VIIRS_NOAA20_SP
21.77527,84.01814,299.15,0.45,0.63,2023-11-28,1919,N20,VIIRS,n,2,280.09,2.0,N,2,VIIRS_NOAA20_SP
21.87866,83.49106,301.14,0.48,0.65,2023-11-28,1919,N20,VIIRS,n,2,285.95,1.25,N,0,VIIRS_NOAA20_SP
21.87955,83.55302,304.3,0.48,0.65,2023-11-28,1919,N20,VIIRS,n,2,286.97,1.71,N,2,VIIRS_NOAA20_SP
21.88227,83.55281,307.53,0.48,0.65,2023-11-28,1919,N20,VIIRS,n,2,287.34,1.18,N,2,VIIRS_NOAA20_SP
21.91869,83.35057,297.75,0.49,0.65,2023-11-28,1919,N20,VIIRS,n,2,286.75,1.01,N,2,VIIRS_NOAA20_SP
21.92059,83.35123,305.35,0.49,0.65,2023-11-28,1919,N20,VIIRS,n,2,287.82,2.83,N,2,VIIRS_NOAA20_SP
21.92099,83.3464,314.63,0.49,0.65,2023-11-28,1919,N20,VIIRS,n,2,287.08,2.46,N,2,VIIRS_NOAA20_SP
21.92703,83.34709,307.03,0.49,0.65,2023-11-28,1919,N20,VIIRS,n,2,287.14,2.46,N,2,VIIRS_NOAA20_SP
21.92785,83.33734,308.08,0.49,0.65,2023-11-28,1919,N20,VIIRS,n,2,287.48,2.19,N,2,VIIRS_NOAA20_SP
21.93002,85.22084,311.38,0.37,0.58,2023-11-28,1919,N20,VIIRS,n,2,286.13,1.8,N,2,VIIRS_NOAA20_SP
21.93037,85.21732,306.13,0.37,0.58,2023-11-28,1919,N20,VIIRS,n,2,284.73,1.41,N,2,VIIRS_NOAA20_SP
21.93296,85.22144,307.84,0.37,0.58,2023-11-28,1919,N20,VIIRS,n,2,285.94,1.38,N,2,VIIRS_NOAA20_SP
21.93329,85.21791,309.24,0.37,0.58,2023-11-28,1919,N20,VIIRS,n,2,284.97,1.54,N,2,VIIRS_NOAA20_SP
21.9859,83.23009,305.8,0.5,0.66,2023-11-28,1919,N20,VIIRS,n,2,286.66,1.64,N,2,VIIRS_NOAA20_SP
21.9937,85.32334,298.26,0.37,0.58,2023-11-28,1919,N20,VIIRS,n,2,285.05,0.58,N,2,VIIRS_NOAA20_SP
22.00991,93.95824,297.23,0.39,0.36,2023-11-28,1919,N20,VIIRS,n,2,283.79,0.34,N,0,VIIRS_NOAA20_SP
22.03803,83.35121,299.58,0.49,0.65,2023-11-28,1919,N20,VIIRS,n,2,286.33,1.57,N,2,VIIRS_NOAA20_SP
22.04107,83.73611,302.26,0.47,0.64,2023-11-28,1919,N20,VIIRS,n,2,287.18,1.81,N,2,VIIRS_NOAA20_SP
22.04738,83.7321,309.18,0.47,0.64,2023-11-28,1919,N20,VIIRS,n,2,287.34,1.81,N,0,VIIRS_NOAA20_SP
22.04779,83.72756,300.62,0.47,0.64,2023-11-28,1919,N20,VIIRS,n,2,286.68,1.7,N,0,VIIRS_NOAA20_SP
22.0541,85.46137,297.51,0.36,0.57,2023-11-28,1919,N20,VIIRS,n,2,284.51,0.54,N,2,VIIRS_NOAA20_SP
22.05596,88.12399,315.53,0.49,0.48,2023-11-28,1919,N20,VIIRS,n,2,296.35,2.76,N,2,VIIRS_NOAA20_SP
22.05753,88.1216,304.69,0.49,0.48,2023-11-28,1919,N20,VIIRS,n,2,292.63,1.9,N,2,VIIRS_NOAA20_SP
22.06197,88.11039,301.83,0.49,0.48,2023-11-28,1919,N20,VIIRS,n,2,290.39,0.58,N,0,VIIRS_NOAA20_SP
22.11297,83.11919,296.43,0.51,0.66,2023-11-28,1919,N20,VIIRS,n,2,282.74,1.94,N,0,VIIRS_NOAA20_SP
22.11335,83.11679,297.2,0.51,0.66,2023-11-28,1919,N20,VIIRS,n,2,283.72,0.82,N,0,VIIRS_NOAA20_SP
22.1191,83.11988,297.41,0.51,0.66,2023-11-28,1919,N20,VIIRS,n,2,282.71,1.57,N,0,VIIRS_NOAA20_SP
22.13264,85.41386,297.16,0.37,0.58,2023-11-28,1919,N20,VIIRS,n,2,284.54,0.47,N,2,VIIRS_NOAA20_SP
22.13565,85.38157,297.58,0.37,0.58,2023-11-28,1919,N20,VIIRS,n,2,285.78,0.42,N,2,VIIRS_NOAA20_SP
22.13723,85.38141,299.22,0.37,0.58,2023-11-28,1919,N20,VIIRS,n,2,285.39,0.44,N,0,VIIRS_NOAA20_SP
22.24425,87.38684,303.32,0.55,0.51,2023-11-28,1919,N20,VIIRS,n,2,289.84,1.0,N,2,VIIRS_NOAA20_SP
22.24632,87.38828,307.57,0.55,0.51,2023-11-28,1919,N20,VIIRS,n,2,291.11,1.47,N,2,VIIRS_NOAA20_SP
22.32815,82.68269,296.83,0.55,0.68,2023-11-28,1919,N20,VIIRS,n,2,281.21,1.22,N,2,VIIRS_NOAA20_SP
22.3303,82.6558,297.1,0.55,0.68,2023-11-28,1919,N20,VIIRS,n,2,284.5,1.43,N,2,VIIRS_NOAA20_SP
22.33072,82.65049,311.39,0.55,0.68,2023-11-28,1919,N20,VIIRS,n,2,285.56,1.43,N,0,VIIRS_NOAA20_SP
22.33394,82.52936,296.91,0.56,0.69,2023-11-28,1919,N20,VIIRS,n,2,284.67,1.06,N,2,VIIRS_NOAA20_SP
22.3586,87.29062,301.32,0.56,0.51,2023-11-28,1919,N20,VIIRS,n,2,290.5,2.03,N,2,VIIRS_NOAA20_SP
22.36196,87.28915,302.8,0.55,0.51,2023-11-28,1919,N20,VIIRS,n,2,289.73,1.81,N,2,VIIRS_NOAA20_SP
22.36282,87.01567,304.98,0.58,0.52,2023-11-28,1919,N20,VIIRS,n,2,290.18,1.91,N,2,VIIRS_NOAA20_SP
22.36548,87.30055,311.18,0.55,0.51,2023-11-28,1919,N20,VIIRS,n,2,291.68,2.17,N,2,VIIRS_NOAA20_SP
22.36749,87.29725,308.06,0.55,0.51,2023-11-28,1919,N20,VIIRS,n,2,290.73,1.38,N,2,VIIRS_NOAA20_SP
22.36762,87.01631,314.59,0.58,0.52,2023-11-28,1919,N20,VIIRS,n,2,290.57,2.98,N,2,VIIRS_NOAA20_SP
22.3702,87.30116,306.64,0.55,0.51,2023-11-28,1919,N20,VIIRS,n,2,290.85,2.17,N,2,VIIRS_NOAA20_SP
22.37164,87.30326,300.09,0.55,0.51,2023-11-28,1919,N20,VIIRS,n,2,289.86,2.08,N,0,VIIRS_NOAA20_SP
22.37221,87.29787,301.92,0.55,0.51,2023-11-28,1919,N20,VIIRS,n,2,290.0,1.38,N,2,VIIRS_NOAA20_SP
22.37734,87.28017,317.58,0.56,0.51,2023-11-28,1919,N20,VIIRS,n,2,291.88,2.58,N,2,VIIRS_NOAA20_SP
22.37794,87.27476,303.39,0.56,0.51,2023-11-28,1919,N20,VIIRS,n,2,289.61,2.58,N,2,VIIRS_NOAA20_SP
22.3792,87.27682,321.12,0.56,0.51,2023-11-28,1919,N20,VIIRS,n,2,291.66,3.69,N,2,VIIRS_NOAA20_SP
22.58993,85.90322,300.18,0.34,0.56,2023-11-28,1919,N20,VIIRS,n,2,285.91,0.74,N,2,VIIRS_NOAA20_SP
22.78033,86.12582,298.57,0.33,0.56,2023-11-28,1919,N20,VIIRS,n,2,287.08,0.4,N,0,VIIRS_NOAA20_SP
22.78296,86.20194,300.17,0.33,0.55,2023-11-28,1919,N20,VIIRS,n,2,288.91,0.71,N,2,VIIRS_NOAA20_SP
22.78772,86.20579,304.15,0.33,0.55,2023-11-28,1919,N20,VIIRS,n,2,289.08,0.71,N,2,VIIRS_NOAA20_SP
22.78806,86.20254,310.85,0.33,0.55,2023-11-28,1919,N20,VIIRS,n,2,289.0,0.71,N,2,VIIRS_NOAA20_SP
22.7925,86.2095,314.91,0.33,0.55,2023-11-28,1919,N20,VIIRS,n,2,289.5,1.45,N,2,VIIRS_NOAA20_SP
22.79283,86.20631,304.85,0.33,0.55,2023-11-28,1919,N20,VIIRS,n,2,289.44,1.18,N,2,VIIRS_NOAA20_SP
22.79316,86.2031,301.67,0.33,0.55,2023-11-28,1919,N20,VIIRS,n,2,288.87,1.18,N,3,VIIRS_NOAA20_SP
22.79382,86.19662,304.39,0.33,0.55,2023-11-28,1919,N20,VIIRS,n,2,289.5,1.28,N,3,VIIRS_NOAA20_SP
22.79416,86.19337,302.25,0.33,0.55,2023-11-28,1919,N20,VIIRS,n,2,288.9,1.19,N,2,VIIRS_NOAA20_SP
22.79687,86.1969,310.01,0.33,0.55,2023-11-28,1919,N20,VIIRS,n,2,289.02,1.62,N,2,VIIRS_NOAA20_SP
22.79893,86.19717,308.11,0.33,0.55,2023-11-28,1919,N20,VIIRS,n,2,289.11,1.28,N,2,VIIRS_NOAA20_SP
22.79968,86.08842,310.25,0.34,0.56,2023-11-28,1919,N20,VIIRS,n,2,287.76,0.81,N,2,VIIRS_NOAA20_SP
22.80482,86.08905,305.91,0.34,0.56,2023-11-28,1919,N20,VIIRS,n,2,288.96,1.36,N,2,VIIRS_NOAA20_SP
22.81801,86.08401,298.65,0.34,0.56,2023-11-28,1919,N20,VIIRS,n,2,287.13,0.58,N,2,VIIRS_NOAA20_SP
22.85723,86.05515,309.1,0.34,0.56,2023-11-28,1919,N20,VIIRS,n,2,288.01,0.91,N,2,VIIRS_NOAA20_SP
22.8775,86.06093,315.42,0.34,0.56,2023-11-28,1919,N20,VIIRS,n,2,288.31,1.27,N,2,VIIRS_NOAA20_SP
22.91076,88.46655,303.05,0.48,0.48,2023-11-28,1919,N20,VIIRS,n,2,289.98,0.86,N,0,VIIRS_NOAA20_SP
22.91289,86.07176,298.54,0.34,0.56,2023-11-28,1919,N20,VIIRS,n,2,287.05,0.35,N,2,VIIRS_NOAA20_SP
23.03393,86.15802,301.07,0.33,0.56,2023-11-28,1919,N20,VIIRS,n,2,286.66,0.53,N,0,VIIRS_NOAA20_SP
23.1678,82.34056,296.29,0.59,0.7,2023-11-28,1919,N20,VIIRS,n,2,284.82,1.04,N,2,VIIRS_NOAA20_SP
23.52873,85.69643,298.67,0.36,0.58,2023-11-28,1919,N20,VIIRS,n,2,285.7,0.4,N,0,VIIRS_NOAA20_SP
23.66513,84.99577,296.18,0.4,0.6,2023-11-28,1919,N20,VIIRS,n,2,284.55,0.95,N,0,VIIRS_NOAA20_SP
23.67069,84.99635,311.05,0.4,0.6,2023-11-28,1919,N20,VIIRS,n,2,287.95,0.95,N,2,VIIRS_NOAA20_SP
23.67106,84.99237,301.47,0.4,0.6,2023-11-28,1919,N20,VIIRS,n,2,285.55,0.95,N,2,VIIRS_NOAA20_SP
15.86052,97.79508,306.66,0.52,0.41,2023-11-28,1920,N20,VIIRS,n,2,289.27,1.35,N,0,VIIRS_NOAA20_SP
15.86089,97.79291,302.64,0.52,0.41,2023-11-28,1920,N20,VIIRS,n,2,289.0,1.08,N,0,VIIRS_NOAA20_SP
16.32742,95.13689,308.14,0.4,0.37,2023-11-28,1920,N20,VIIRS,n,2,292.21,0.42,N,0,VIIRS_NOAA20_SP
16.40514,95.14675,305.52,0.4,0.37,2023-11-28,1920,N20,VIIRS,n,2,292.31,0.7,N,0,VIIRS_NOAA20_SP
17.5366,82.99798,310.56,0.46,0.64,2023-11-28,1920,N20,VIIRS,n,2,289.15,1.04,N,2,VIIRS_NOAA20_SP
17.60464,83.19697,304.56,0.45,0.63,2023-11-28,1920,N20,VIIRS,n,2,289.27,2.11,N,0,VIIRS_NOAA20_SP
17.61002,83.20195,304.32,0.45,0.63,2023-11-28,1920,N20,VIIRS,n,2,290.12,1.65,N,2,VIIRS_NOAA20_SP
17.69468,83.23899,305.63,0.45,0.63,2023-11-28,1920,N20,VIIRS,n,2,289.41,1.18,N,2,VIIRS_NOAA20_SP
17.9998,83.41359,303.1,0.44,0.62,2023-11-28,1920,N20,VIIRS,n,2,289.11,0.77,N,0,VIIRS_NOAA20_SP
30.3093,76.72141,327.42,0.53,0.42,2023-11-28,2057,N20,VIIRS,n,2,286.81,5.71,N,0,VIIRS_NOAA20_SP
30.68141,76.25935,300.32,0.49,0.41,2023-11-28,2057,N20,VIIRS,n,2,285.76,0.63,N,0,VIIRS_NOAA20_SP
30.71019,78.36785,300.89,0.42,0.45,2023-11-28,2057,N20,VIIRS,n,2,281.81,0.78,N,0,VIIRS_NOAA20_SP
31.45693,75.98275,304.63,0.47,0.4,2023-11-28,2057,N20,VIIRS,n,2,283.99,0.92,N,0,VIIRS_NOAA20_SP
31.78042,70.10123,308.45,0.41,0.37,2023-11-28,2057,N20,VIIRS,n,2,285.53,0.89,N,0,VIIRS_NOAA20_SP
31.78099,70.09993,311.18,0.41,0.37,2023-11-28,2057,N20,VIIRS,n,2,285.95,1.3,N,0,VIIRS_NOAA20_SP
31.78498,70.09628,311.88,0.41,0.37,2023-11-28,2057,N20,VIIRS,n,2,286.06,0.87,N,0,VIIRS_NOAA20_SP
31.78558,70.09202,296.88,0.41,0.37,2023-11-28,2057,N20,VIIRS,n,2,282.92,0.87,N,0,VIIRS_NOAA20_SP
32.08598,74.16321,306.85,0.4,0.37,2023-11-28,2057,N20,VIIRS,n,2,284.24,0.72,N,2,VIIRS_NOAA20_SP
32.10532,74.17217,295.25,0.4,0.37,2023-11-28,2057,N20,VIIRS,n,2,284.55,0.37,N,0,VIIRS_NOAA20_SP
32.16657,74.89542,295.0,0.42,0.38,2023-11-28,2057,N20,VIIRS,n,2,281.35,0.47,N,0,VIIRS_NOAA20_SP
32.20555,74.22504,297.88,0.4,0.37,2023-11-28,2057,N20,VIIRS,n,2,284.31,0.27,N,2,VIIRS_NOAA20_SP
32.29229,70.73748,309.58,0.4,0.37,2023-11-28,2057,N20,VIIRS,n,2,288.76,1.49,N,2,VIIRS_NOAA20_SP
32.29351,70.729,311.72,0.4,0.37,2023-11-28,2057,N20,VIIRS,n,2,286.72,0.86,N,2,VIIRS_NOAA20_SP
32.29672,74.31158,299.13,0.4,0.37,2023-11-28,2057,N20,VIIRS,n,2,284.22,0.53,N,0,VIIRS_NOAA20_SP
32.29934,74.31662,295.88,0.4,0.37,2023-11-28,2057,N20,VIIRS,n,2,284.91,0.61,N,0,VIIRS_NOAA20_SP
32.37496,74.95592,298.22,0.42,0.38,2023-11-28,2057,N20,VIIRS,n,2,281.64,0.35,N,0,VIIRS_NOAA20_SP
32.52457,70.20833,296.57,0.41,0.37,2023-11-28,2057,N20,VIIRS,n,2,282.82,0.57,N,0,VIIRS_NOAA20_SP
32.52481,70.20673,300.79,0.41,0.37,2023-11-28,2057,N20,VIIRS,n,2,282.59,0.6,N,0,VIIRS_NOAA20_SP
32.57414,72.5666,304.52,0.38,0.36,2023-11-28,2057,N20,VIIRS,n,2,285.55,0.76,N,2,VIIRS_NOAA20_SP
32.62188,74.53825,296.72,0.41,0.37,2023-11-28,2057,N20,VIIRS,n,2,281.67,0.46,N,0,VIIRS_NOAA20_SP
32.72189,72.92363,319.77,0.38,0.36,2023-11-28,2057,N20,VIIRS,n,2,288.12,2.08,N,2,VIIRS_NOAA20_SP
32.72783,73.14017,297.6,0.39,0.36,2023-11-28,2057,N20,VIIRS,n,2,286.98,0.56,N,2,VIIRS_NOAA20_SP
32.89009,71.61685,318.16,0.39,0.36,2023-11-28,2057,N20,VIIRS,n,2,287.54,1.63,N,2,VIIRS_NOAA20_SP
32.90602,70.15517,301.93,0.42,0.37,2023-11-28,2057,N20,VIIRS,n,2,281.45,0.68,N,0,VIIRS_NOAA20_SP
32.90945,70.15571,301.47,0.42,0.37,2023-11-28,2057,N20,VIIRS,n,2,281.61,0.68,N,0,VIIRS_NOAA20_SP
32.91351,70.15173,318.69,0.42,0.37,2023-11-28,2057,N20,VIIRS,n,2,282.01,1.62,N,0,VIIRS_NOAA20_SP
33.68942,72.71026,314.79,0.38,0.36,2023-11-28,2057,N20,VIIRS,n,2,285.44,1.91,N,2,VIIRS_NOAA20_SP
33.69624,71.30617,300.46,0.4,0.37,2023-11-28,2057,N20,VIIRS,n,2,267.66,0.67,N,0,VIIRS_NOAA20_SP
33.69959,71.30676,323.97,0.4,0.37,2023-11-28,2057,N20,VIIRS,n,2,268.59,1.66,N,0,VIIRS_NOAA20_SP
33.72453,71.62837,296.14,0.39,0.36,2023-11-28,2057,N20,VIIRS,n,2,272.67,0.62,N,0,VIIRS_NOAA20_SP
33.74928,71.41349,301.13,0.39,0.37,2023-11-28,2057,N20,VIIRS,n,2,266.54,0.8,N,0,VIIRS_NOAA20_SP
33.97903,73.07822,309.16,0.38,0.36,2023-11-28,2057,N20,VIIRS,n,2,280.35,0.86,N,0,VIIRS_NOAA20_SP
34.09797,73.44095,300.01,0.39,0.36,2023-11-28,2057,N20,VIIRS,n,2,280.09,0.52,N,0,VIIRS_NOAA20_SP
25.92023,80.68195,297.72,0.36,0.57,2023-11-28,2058,N20,VIIRS,n,2,284.36,0.5,N,0,VIIRS_NOAA20_SP
25.99919,81.31285,305.88,0.39,0.6,2023-11-28,2058,N20,VIIRS,n,2,285.07,0.91,N,0,VIIRS_NOAA20_SP
26.66265,85.20188,296.7,0.65,0.73,2023-11-28,2058,N20,VIIRS,n,2,285.21,0.63,N,0,VIIRS_NOAA20_SP
26.75934,83.19813,304.43,0.49,0.65,2023-11-28,2058,N20,VIIRS,n,2,288.5,1.1,N,2,VIIRS_NOAA20_SP
26.79581,75.81139,295.91,0.54,0.42,2023-11-28,2058,N20,VIIRS,n,2,285.27,0.61,N,0,VIIRS_NOAA20_SP
27.08202,73.81658,299.36,0.44,0.38,2023-11-28,2058,N20,VIIRS,n,2,287.27,0.8,N,2,VIIRS_NOAA20_SP
27.66726,76.13159,296.69,0.54,0.42,2023-11-28,2058,N20,VIIRS,n,2,285.36,1.51,N,2,VIIRS_NOAA20_SP
27.93206,80.15208,314.81,0.61,0.53,2023-11-28,2058,N20,VIIRS,n,2,284.31,2.97,N,0,VIIRS_NOAA20_SP
28.0692,77.85664,295.38,0.44,0.46,2023-11-28,2058,N20,VIIRS,n,2,284.73,0.42,N,0,VIIRS_NOAA20_SP
28.2439,80.60726,315.67,0.32,0.54,2023-11-28,2058,N20,VIIRS,n,2,284.3,1.04,N,0,VIIRS_NOAA20_SP
28.28064,80.58276,299.75,0.63,0.54,2023-11-28,2058,N20,VIIRS,n,2,283.43,0.66,N,0,VIIRS_NOAA20_SP
28.36041,77.23997,297.22,0.4,0.44,2023-11-28,2058,N20,VIIRS,n,2,284.3,0.25,N,0,VIIRS_NOAA20_SP
28.42621,69.69797,299.93,0.4,0.37,2023-11-28,2058,N20,VIIRS,n,2,286.62,0.44,N,2,VIIRS_NOAA20_SP
28.61127,70.42097,306.47,0.39,0.36,2023-11-28,2058,N20,VIIRS,n,2,285.46,0.9,N,0,VIIRS_NOAA20_SP
28.72912,77.1548,301.56,0.39,0.44,2023-11-28,2058,N20,VIIRS,n,2,285.42,0.39,N,2,VIIRS_NOAA20_SP
28.81313,79.41612,295.12,0.53,0.5,2023-11-28,2058,N20,VIIRS,n,2,284.34,0.53,N,0,VIIRS_NOAA20_SP
29.12697,75.77678,299.27,0.49,0.41,2023-11-28,2058,N20,VIIRS,n,2,286.52,0.83,N,0,VIIRS_NOAA20_SP
29.43476,76.33635,298.51,0.52,0.42,2023-11-28,2058,N20,VIIRS,n,2,282.74,0.41,N,0,VIIRS_NOAA20_SP
29.89215,70.18718,302.77,0.4,0.37,2023-11-28,2058,N20,VIIRS,n,2,286.83,0.5,N,0,VIIRS_NOAA20_SP
29.89274,70.18314,300.31,0.4,0.37,2023-11-28,2058,N20,VIIRS,n,2,286.63,0.52,N,0,VIIRS_NOAA20_SP
29.91041,74.95026,300.7,0.45,0.39,2023-11-28,2058,N20,VIIRS,n,2,285.65,1.01,N,2,VIIRS_NOAA20_SP
29.91084,74.94849,301.66,0.45,0.39,2023-11-28,2058,N20,VIIRS,n,2,285.06,0.85,N,2,VIIRS_NOAA20_SP
29.95007,76.73036,309.33,0.53,0.42,2023-11-28,2058,N20,VIIRS,n,2,285.21,1.53,N,0,VIIRS_NOAA20_SP
30.20503,70.91767,297.31,0.39,0.36,2023-11-28,2058,N20,VIIRS,n,2,283.59,0.26,N,0,VIIRS_NOAA20_SP
30.2808,69.8205,299.91,0.41,0.37,2023-11-28,2058,N20,VIIRS,n,2,279.44,1.48,N,0,VIIRS_NOAA20_SP
30.603,70.91341,295.57,0.39,0.36,2023-11-28,2058,N20,VIIRS,n,2,283.53,0.36,N,0,VIIRS_NOAA20_SP
30.70212,70.2818,310.84,0.4,0.37,2023-11-28,2058,N20,VIIRS,n,2,282.47,0.6,N,0,VIIRS_NOAA20_SP
31.24537,70.63487,303.91,0.4,0.37,2023-11-28,2058,N20,VIIRS,n,2,283.43,0.81,N,0,VIIRS_NOAA20_SP
21.67604,84.03779,296.47,0.73,0.76,2023-11-28,2059,N20,VIIRS,n,2,278.27,1.63,N,2,VIIRS_NOAA20_SP
21.67701,84.03457,300.26,0.73,0.76,2023-11-28,2059,N20,VIIRS,n,2,278.35,3.04,N,2,VIIRS_NOAA20_SP
21.68278,84.03982,297.55,0.73,0.76,2023-11-28,2059,N20,VIIRS,n,2,278.75,1.73,N,2,VIIRS_NOAA20_SP
22.04683,83.72861,307.63,0.68,0.74,2023-11-28,2059,N20,VIIRS,n,2,265.36,2.85,N,0,VIIRS_NOAA20_SP
24.14362,82.56371,299.93,0.52,0.67,2023-11-28,2059,N20,VIIRS,n,2,286.23,1.28,N,0,VIIRS_NOAA20_SP
24.14474,82.55913,307.58,0.52,0.67,2023-11-28,2059,N20,VIIRS,n,2,285.65,1.28,N,0,VIIRS_NOAA20_SP
24.20392,82.52457,296.79,0.51,0.66,2023-11-28,2059,N20,VIIRS,n,2,284.99,0.54,N,2,VIIRS_NOAA20_SP
24.20625,82.52211,299.93,0.51,0.66,2023-11-28,2059,N20,VIIRS,n,2,284.98,1.16,N,2,VIIRS_NOAA20_SP
24.578,74.80296,298.09,0.52,0.41,2023-11-28,2059,N20,VIIRS,n,2,287.43,0.93,N,2,VIIRS_NOAA20_SP
24.66018,74.63491,302.21,0.51,0.41,2023-11-28,2059,N20,VIIRS,n,2,287.73,1.07,N,2,VIIRS_NOAA20_SP
24.6896,73.00218,303.93,0.43,0.38,2023-11-28,2059,N20,VIIRS,n,2,289.28,0.78,N,2,VIIRS_NOAA20_SP
24.69305,73.00294,301.61,0.43,0.38,2023-11-28,2059,N20,VIIRS,n,2,288.62,0.78,N,2,VIIRS_NOAA20_SP
24.71707,75.95175,298.76,0.4,0.44,2023-11-28,2059,N20,VIIRS,n,2,287.74,0.61,N,2,VIIRS_NOAA20_SP
24.82224,73.09418,301.74,0.43,0.38,2023-11-28,2059,N20,VIIRS,n,2,288.08,1.01,N,2,VIIRS_NOAA20_SP
24.93332,74.6335,299.81,0.5,0.41,2023-11-28,2059,N20,VIIRS,n,2,287.64,1.33,N,2,VIIRS_NOAA20_SP
24.9354,74.63141,298.5,0.5,0.41,2023-11-28,2059,N20,VIIRS,n,2,286.9,1.04,N,2,VIIRS_NOAA20_SP
25.29828,71.76721,299.2,0.39,0.37,2023-11-28,2059,N20,VIIRS,n,2,286.97,0.39,N,0,VIIRS_NOAA20_SP
25.40125,68.56622,307.21,0.41,0.37,2023-11-28,2059,N20,VIIRS,n,2,287.96,0.78,N,2,VIIRS_NOAA20_SP
25.50947,80.79126,295.49,0.37,0.58,2023-11-28,2059,N20,VIIRS,n,2,285.34,0.15,N,0,VIIRS_NOAA20_SP
25.7947,68.69841,299.31,0.41,0.37,2023-11-28,2059,N20,VIIRS,n,2,287.54,0.73,N,2,VIIRS_NOAA20_SP
26.09044,68.87905,306.58,0.41,0.37,2023-11-28,2059,N20,VIIRS,n,2,287.64,0.61,N,2,VIIRS_NOAA20_SP
26.09381,68.87965,315.16,0.41,0.37,2023-11-28,2059,N20,VIIRS,n,2,288.78,1.11,N,2,VIIRS_NOAA20_SP
26.25808,74.09615,298.26,0.46,0.39,2023-11-28,2059,N20,VIIRS,n,2,287.39,0.61,N,0,VIIRS_NOAA20_SP
26.60538,73.68414,299.87,0.44,0.38,2023-11-28,2059,N20,VIIRS,n,2,287.33,0.68,N,2,VIIRS_NOAA20_SP
26.87462,73.5182,303.01,0.43,0.38,2023-11-28,2059,N20,VIIRS,n,2,286.55,1.2,N,2,VIIRS_NOAA20_SP
26.87536,73.51397,298.0,0.43,0.38,2023-11-28,2059,N20,VIIRS,n,2,286.19,0.85,N,2,VIIRS_NOAA20_SP
26.8788,73.51471,303.71,0.43,0.38,2023-11-28,2059,N20,VIIRS,n,2,286.43,1.17,N,2,VIIRS_NOAA20_SP
26.92875,73.46737,297.24,0.42,0.38,2023-11-28,2059,N20,VIIRS,n,2,285.8,0.78,N,0,VIIRS_NOAA20_SP
20.83756,70.69404,303.15,0.4,0.37,2023-11-28,2100,N20,VIIRS,n,2,291.88,0.99,N,2,VIIRS_NOAA20_SP
20.87068,71.39612,302.65,0.41,0.37,2023-11-28,2100,N20,VIIRS,n,2,292.18,1.17,N,0,VIIRS_NOAA20_SP
20.90944,71.45971,303.85,0.41,0.37,2023-11-28,2100,N20,VIIRS,n,2,292.69,0.73,N,2,VIIRS_NOAA20_SP
21.10103,72.63577,307.97,0.46,0.39,2023-11-28,2100,N20,VIIRS,n,2,292.04,0.87,N,2,VIIRS_NOAA20_SP
21.10231,72.64948,303.04,0.46,0.39,2023-11-28,2100,N20,VIIRS,n,2,291.92,1.87,N,2,VIIRS_NOAA20_SP
21.10458,72.63649,338.61,0.46,0.39,2023-11-28,2100,N20,VIIRS,n,2,293.37,6.54,N,2,VIIRS_NOAA20_SP
21.10662,72.64585,342.8,0.46,0.39,2023-11-28,2100,N20,VIIRS,n,2,296.91,8.93,N,2,VIIRS_NOAA20_SP
21.11168,72.63791,311.69,0.46,0.39,2023-11-28,2100,N20,VIIRS,n,2,292.72,1.2,N,2,VIIRS_NOAA20_SP
21.11244,72.63358,307.75,0.45,0.39,2023-11-28,2100,N20,VIIRS,n,2,293.19,1.2,N,2,VIIRS_NOAA20_SP
22.33137,69.748,306.87,0.38,0.36,2023-11-28,2100,N20,VIIRS,n,2,295.11,1.29,N,0,VIIRS_NOAA20_SP
22.33306,69.86617,306.37,0.38,0.36,2023-11-28,2100,N20,VIIRS,n,2,295.59,2.09,N,0,VIIRS_NOAA20_SP
22.33635,69.86678,311.26,0.38,0.36,2023-11-28,2100,N20,VIIRS,n,2,295.22,1.08,N,2,VIIRS_NOAA20_SP
22.3381,69.85568,305.89,0.38,0.36,2023-11-28,2100,N20,VIIRS,n,2,294.02,0.98,N,0,VIIRS_NOAA20_SP
22.34023,69.86369,305.06,0.38,0.36,2023-11-28,2100,N20,VIIRS,n,2,294.29,1.08,N,0,VIIRS_NOAA20_SP
22.34118,69.87907,312.85,0.38,0.36,2023-11-28,2100,N20,VIIRS,n,2,292.45,20.2,N,0,VIIRS_NOAA20_SP
22.34139,69.85629,304.25,0.38,0.36,2023-11-28,2100,N20,VIIRS,n,2,293.77,0.98,N,0,VIIRS_NOAA20_SP
22.34389,69.88337,307.26,0.38,0.36,2023-11-28,2100,N20,VIIRS,n,2,291.98,20.2,N,2,VIIRS_NOAA20_SP
22.34447,69.87967,344.37,0.38,0.36,2023-11-28,2100,N20,VIIRS,n,2,306.99,20.2,N,2,VIIRS_NOAA20_SP
22.34506,69.87597,308.99,0.38,0.36,2023-11-28,2100,N20,VIIRS,n,2,291.54,1.51,N,2,VIIRS_NOAA20_SP
22.34776,69.88026,305.03,0.38,0.36,2023-11-28,2100,N20,VIIRS,n,2,291.01,1.03,N,0,VIIRS_NOAA20_SP
22.76955,76.09128,300.79,0.44,0.46,2023-11-28,2100,N20,VIIRS,n,2,286.64,0.36,N,0,VIIRS_NOAA20_SP
22.91027,69.69812,305.33,0.38,0.36,2023-11-28,2100,N20,VIIRS,n,2,290.96,0.86,N,2,VIIRS_NOAA20_SP
22.92479,70.10483,327.63,0.38,0.36,2023-11-28,2100,N20,VIIRS,n,2,290.24,2.22,N,0,VIIRS_NOAA20_SP
22.92861,69.82285,303.72,0.38,0.36,2023-11-28,2100,N20,VIIRS,n,2,290.82,0.7,N,2,VIIRS_NOAA20_SP
22.93787,69.69848,308.49,0.38,0.36,2023-11-28,2100,N20,VIIRS,n,2,289.4,0.73,N,2,VIIRS_NOAA20_SP
22.93845,69.69476,306.26,0.38,0.36,2023-11-28,2100,N20,VIIRS,n,2,289.6,0.73,N,2,VIIRS_NOAA20_SP
23.01377,70.10159,301.53,0.38,0.36,2023-11-28,2100,N20,VIIRS,n,2,290.09,0.55,N,2,VIIRS_NOAA20_SP
23.05571,70.13612,328.46,0.38,0.36,2023-11-28,2100,N20,VIIRS,n,2,290.5,2.33,N,0,VIIRS_NOAA20_SP
23.10575,70.18731,306.08,0.38,0.36,2023-11-28,2100,N20,VIIRS,n,2,291.76,0.7,N,2,VIIRS_NOAA20_SP
23.11509,70.08569,300.59,0.38,0.36,2023-11-28,2100,N20,VIIRS,n,2,290.4,0.6,N,0,VIIRS_NOAA20_SP
23.25707,70.26089,304.93,0.38,0.36,2023-11-28,2100,N20,VIIRS,n,2,290.25,0.5,N,0,VIIRS_NOAA20_SP
23.25825,70.25343,301.8,0.38,0.36,2023-11-28,2100,N20,VIIRS,n,2,290.45,0.57,N,2,VIIRS_NOAA20_SP
23.26213,70.25033,306.38,0.38,0.36,2023-11-28,2100,N20,VIIRS,n,2,290.17,0.77,N,2,VIIRS_NOAA20_SP
23.26543,70.25093,306.75,0.38,0.36,2023-11-28,2100,N20,VIIRS,n,2,289.9,0.77,N,2,VIIRS_NOAA20_SP
23.26753,70.259,309.53,0.38,0.36,2023-11-28,2100,N20,VIIRS,n,2,289.7,0.53,N,2,VIIRS_NOAA20_SP
23.31496,70.19855,302.27,0.38,0.36,2023-11-28,2100,N20,VIIRS,n,2,290.41,0.75,N,2,VIIRS_NOAA20_SP
23.31645,70.48685,312.35,0.39,0.36,2023-11-28,2100,N20,VIIRS,n,2,292.13,1.14,N,2,VIIRS_NOAA20_SP
23.41411,72.35655,300.5,0.42,0.38,2023-11-28,2100,N20,VIIRS,n,2,289.59,0.5,N,0,VIIRS_NOAA20_SP
23.41481,72.35249,300.84,0.42,0.38,2023-11-28,2100,N20,VIIRS,n,2,289.16,0.46,N,0,VIIRS_NOAA20_SP
23.43039,68.71276,305.0,0.4,0.37,2023-11-28,2100,N20,VIIRS,n,2,291.9,0.84,N,2,VIIRS_NOAA20_SP
18.5819,72.24059,313.85,0.47,0.4,2023-11-28,2101,N20,VIIRS,n,2,296.68,3.44,N,3,VIIRS_NOAA20_SP
18.58883,71.0333,312.98,0.42,0.38,2023-11-28,2101,N20,VIIRS,n,2,295.55,2.86,N,3,VIIRS_NOAA20_SP
18.67823,73.04388,304.45,0.51,0.41,2023-11-28,2101,N20,VIIRS,n,2,293.39,2.24,N,2,VIIRS_NOAA20_SP
18.68371,73.03506,307.22,0.51,0.41,2023-11-28,2101,N20,VIIRS,n,2,294.89,2.56,N,2,VIIRS_NOAA20_SP
18.69408,73.04205,317.01,0.51,0.41,2023-11-28,2101,N20,VIIRS,n,2,294.27,2.17,N,2,VIIRS_NOAA20_SP
18.85814,72.92941,305.11,0.5,0.41,2023-11-28,2101,N20,VIIRS,n,2,293.08,4.97,N,2,VIIRS_NOAA20_SP
18.85895,72.92487,329.74,0.5,0.41,2023-11-28,2101,N20,VIIRS,n,2,293.71,4.97,N,3,VIIRS_NOAA20_SP
18.9199,72.04298,329.41,0.45,0.39,2023-11-28,2101,N20,VIIRS,n,2,297.05,3.15,N,3,VIIRS_NOAA20_SP
18.92064,72.03872,320.9,0.45,0.39,2023-11-28,2101,N20,VIIRS,n,2,295.36,2.54,N,3,VIIRS_NOAA20_SP
18.97427,71.62218,335.3,0.44,0.38,2023-11-28,2101,N20,VIIRS,n,2,297.46,5.96,N,3,VIIRS_NOAA20_SP
19.10199,73.05296,305.53,0.5,0.41,2023-11-28,2101,N20,VIIRS,n,2,292.03,0.59,N,2,VIIRS_NOAA20_SP
19.17712,70.94534,324.39,0.41,0.37,2023-11-28,2101,N20,VIIRS,n,2,296.87,4.15,N,3,VIIRS_NOAA20_SP
19.28361,71.43506,326.19,0.43,0.38,2023-11-28,2101,N20,VIIRS,n,2,297.11,1.5,N,3,VIIRS_NOAA20_SP
19.37223,71.35288,335.58,0.42,0.38,2023-11-28,2101,N20,VIIRS,n,2,296.89,6.16,N,3,VIIRS_NOAA20_SP
15.15204,76.71014,300.78,0.33,0.55,2023-11-28,2102,N20,VIIRS,n,2,285.35,1.02,N,2,VIIRS_NOAA20_SP
15.17901,76.65323,308.24,0.33,0.55,2023-11-28,2102,N20,VIIRS,n,2,281.77,1.34,N,2,VIIRS_NOAA20_SP
15.18185,77.10275,302.8,0.35,0.57,2023-11-28,2102,N20,VIIRS,n,2,287.34,0.79,N,2,VIIRS_NOAA20_SP
15.18897,76.65543,299.31,0.33,0.55,2023-11-28,2102,N20,VIIRS,n,2,283.33,0.84,N,2,VIIRS_NOAA20_SP
15.52834,73.99178,304.48,0.43,0.46,2023-11-28,2102,N20,VIIRS,n,2,292.57,0.82,N,2,VIIRS_NOAA20_SP
15.66083,73.9871,304.64,0.43,0.46,2023-11-28,2102,N20,VIIRS,n,2,291.84,0.73,N,2,VIIRS_NOAA20_SP
