latitude,longitude,bright_ti4,scan,track,acq_date,acq_time,satellite,instrument,confidence,version,bright_ti5,frp,daynight,type,source_product
17.84946,96.49957,333.69,0.38,0.36,2023-09-25,649,N20,VIIRS,n,2,296.04,3.45,D,0,VIIRS_NOAA20_SP
17.87348,96.52142,338.0,0.39,0.36,2023-09-25,649,N20,VIIRS,n,2,296.48,4.22,D,0,VIIRS_NOAA20_SP
20.41094,94.74232,332.15,0.39,0.36,2023-09-25,650,N20,VIIRS,l,2,306.63,4.65,D,0,VIIRS_NOAA20_SP
20.41151,94.74602,330.8,0.39,0.36,2023-09-25,650,N20,VIIRS,l,2,305.61,8.14,D,0,VIIRS_NOAA20_SP
20.88758,84.98251,328.22,0.41,0.6,2023-09-25,650,N20,VIIRS,n,2,279.65,2.31,D,2,VIIRS_NOAA20_SP
20.94974,86.04984,326.0,0.35,0.56,2023-09-25,650,N20,VIIRS,n,2,286.7,1.69,D,2,VIIRS_NOAA20_SP
20.96328,86.01244,328.39,0.35,0.57,2023-09-25,650,N20,VIIRS,n,2,287.26,3.51,D,2,VIIRS_NOAA20_SP
22.36351,91.37973,330.17,0.48,0.4,2023-09-25,650,N20,VIIRS,n,2,296.85,13.37,D,3,VIIRS_NOAA20_SP
22.3687,91.38811,344.32,0.47,0.4,2023-09-25,650,N20,VIIRS,n,2,298.06,9.77,D,3,VIIRS_NOAA20_SP
22.57994,97.50415,330.98,0.43,0.38,2023-09-25,650,N20,VIIRS,n,2,297.64,2.27,D,0,VIIRS_NOAA20_SP
23.64887,96.19487,332.06,0.4,0.37,2023-09-25,651,N20,VIIRS,l,2,303.97,7.7,D,0,VIIRS_NOAA20_SP
23.77807,86.20964,330.24,0.59,0.53,2023-09-25,651,N20,VIIRS,n,2,289.65,6.39,D,2,VIIRS_NOAA20_SP
23.78262,86.21107,326.62,0.59,0.53,2023-09-25,651,N20,VIIRS,n,2,287.74,3.61,D,2,VIIRS_NOAA20_SP
24.66164,94.11855,330.06,0.38,0.36,2023-09-25,651,N20,VIIRS,n,2,295.67,2.95,D,0,VIIRS_NOAA20_SP
24.7872,94.11423,330.57,0.38,0.36,2023-09-25,651,N20,VIIRS,n,2,295.6,2.74,D,0,VIIRS_NOAA20_SP
24.85313,94.93591,330.24,0.39,0.36,2023-09-25,651,N20,VIIRS,l,2,302.23,5.92,D,0,VIIRS_NOAA20_SP
24.97607,93.92812,328.78,0.39,0.36,2023-09-25,651,N20,VIIRS,n,2,294.87,2.84,D,0,VIIRS_NOAA20_SP
25.55583,97.81184,341.5,0.47,0.4,2023-09-25,651,N20,VIIRS,n,2,296.09,6.38,D,0,VIIRS_NOAA20_SP
27.78379,93.98086,332.9,0.38,0.36,2023-09-25,652,N20,VIIRS,n,2,291.3,2.15,D,0,VIIRS_NOAA20_SP
27.78707,93.98021,333.87,0.38,0.36,2023-09-25,652,N20,VIIRS,n,2,289.44,2.44,D,0,VIIRS_NOAA20_SP
29.27872,90.55869,333.72,0.43,0.38,2023-09-25,652,N20,VIIRS,l,2,304.03,2.39,D,0,VIIRS_NOAA20_SP
29.30758,90.74801,336.46,0.42,0.38,2023-09-25,652,N20,VIIRS,n,2,303.13,3.97,D,0,VIIRS_NOAA20_SP
29.63076,90.96848,339.14,0.41,0.37,2023-09-25,652,N20,VIIRS,n,2,304.11,3.31,D,0,VIIRS_NOAA20_SP
29.63427,90.98917,336.56,0.41,0.37,2023-09-25,652,N20,VIIRS,n,2,302.75,2.82,D,0,VIIRS_NOAA20_SP
29.67629,91.13526,330.53,0.41,0.37,2023-09-25,652,N20,VIIRS,n,2,297.44,2.05,D,0,VIIRS_NOAA20_SP
6.60276,81.10476,341.34,0.59,0.53,2023-09-25,827,N20,VIIRS,n,2,288.53,5.45,D,0,VIIRS_NOAA20_SP
7.28166,81.08538,332.52,0.61,0.53,2023-09-25,827,N20,VIIRS,n,2,291.93,6.38,D,0,VIIRS_NOAA20_SP
7.61304,81.02531,346.39,0.61,0.53,2023-09-25,827,N20,VIIRS,n,2,294.72,25.61,D,0,VIIRS_NOAA20_SP
7.61484,81.02232,341.75,0.61,0.53,2023-09-25,827,N20,VIIRS,n,2,294.75,22.42,D,0,VIIRS_NOAA20_SP
7.69083,81.02928,340.46,0.61,0.53,2023-09-25,827,N20,VIIRS,n,2,295.19,5.12,D,0,VIIRS_NOAA20_SP
7.69347,81.03268,339.48,0.61,0.53,2023-09-25,827,N20,VIIRS,n,2,295.12,7.69,D,0,VIIRS_NOAA20_SP
7.70531,81.0614,334.94,0.61,0.54,2023-09-25,827,N20,VIIRS,n,2,294.29,3.05,D,0,VIIRS_NOAA20_SP
7.88063,80.99451,336.19,0.61,0.53,2023-09-25,827,N20,VIIRS,n,2,293.82,6.46,D,0,VIIRS_NOAA20_SP
7.91338,80.18439,339.77,0.54,0.51,2023-09-25,827,N20,VIIRS,n,2,291.08,6.96,D,0,VIIRS_NOAA20_SP
7.99137,81.05629,331.57,0.62,0.54,2023-09-25,827,N20,VIIRS,n,2,293.0,5.4,D,0,VIIRS_NOAA20_SP
7.99821,81.0325,332.12,0.62,0.54,2023-09-25,827,N20,VIIRS,n,2,294.31,4.81,D,0,VIIRS_NOAA20_SP
8.00315,81.03187,339.59,0.62,0.54,2023-09-25,827,N20,VIIRS,n,2,293.45,4.81,D,0,VIIRS_NOAA20_SP
8.0754,80.99689,330.12,0.61,0.54,2023-09-25,827,N20,VIIRS,n,2,294.78,5.63,D,0,VIIRS_NOAA20_SP
8.15239,80.51846,351.53,0.57,0.52,2023-09-25,827,N20,VIIRS,n,2,297.41,38.71,D,0,VIIRS_NOAA20_SP
8.23942,80.4413,332.23,0.57,0.52,2023-09-25,828,N20,VIIRS,n,2,294.43,4.18,D,0,VIIRS_NOAA20_SP
8.33278,80.30248,333.01,0.55,0.51,2023-09-25,828,N20,VIIRS,n,2,295.01,2.07,D,0,VIIRS_NOAA20_SP
8.61456,78.09622,335.07,0.4,0.44,2023-09-25,828,N20,VIIRS,n,2,299.84,4.55,D,0,VIIRS_NOAA20_SP
8.68681,80.79493,338.18,0.61,0.53,2023-09-25,828,N20,VIIRS,n,2,293.93,6.91,D,0,VIIRS_NOAA20_SP
8.71956,80.16293,334.39,0.55,0.51,2023-09-25,828,N20,VIIRS,n,2,294.38,5.06,D,0,VIIRS_NOAA20_SP
8.96648,80.01276,331.97,0.54,0.51,2023-09-25,828,N20,VIIRS,n,2,294.8,4.31,D,0,VIIRS_NOAA20_SP
9.05915,78.31924,351.48,0.42,0.45,2023-09-25,828,N20,VIIRS,n,2,298.93,8.31,D,0,VIIRS_NOAA20_SP
9.06145,78.31872,347.99,0.42,0.45,2023-09-25,828,N20,VIIRS,n,2,299.38,5.83,D,0,VIIRS_NOAA20_SP
9.06199,78.32254,333.33,0.42,0.45,2023-09-25,828,N20,VIIRS,n,2,298.29,5.83,D,0,VIIRS_NOAA20_SP
9.27415,79.22478,340.55,0.48,0.48,2023-09-25,828,N20,VIIRS,n,2,296.15,5.7,D,0,VIIRS_NOAA20_SP
9.32936,80.19503,340.98,0.56,0.52,2023-09-25,828,N20,VIIRS,n,2,294.34,7.56,D,0,VIIRS_NOAA20_SP
9.36139,80.65409,331.17,0.61,0.53,2023-09-25,828,N20,VIIRS,n,2,290.31,4.83,D,0,VIIRS_NOAA20_SP
9.36351,80.65189,337.55,0.61,0.53,2023-09-25,828,N20,VIIRS,n,2,290.59,5.58,D,0,VIIRS_NOAA20_SP
10.94858,77.62943,338.68,0.4,0.44,2023-09-25,828,N20,VIIRS,n,2,297.2,1.3,D,0,VIIRS_NOAA20_SP
10.95206,76.80371,336.08,0.54,0.42,2023-09-25,828,N20,VIIRS,n,2,298.79,9.94,D,0,VIIRS_NOAA20_SP
11.32686,77.26601,338.43,0.39,0.44,2023-09-25,828,N20,VIIRS,n,2,297.08,2.95,D,0,VIIRS_NOAA20_SP
11.33137,77.85243,332.94,0.42,0.45,2023-09-25,828,N20,VIIRS,n,2,293.87,2.72,D,0,VIIRS_NOAA20_SP
11.85347,79.07185,340.99,0.51,0.5,2023-09-25,829,N20,VIIRS,n,2,292.44,8.36,D,0,VIIRS_NOAA20_SP
11.85425,79.0732,341.26,0.51,0.5,2023-09-25,829,N20,VIIRS,n,2,291.97,3.73,D,0,VIIRS_NOAA20_SP
12.01568,76.77392,337.55,0.55,0.43,2023-09-25,829,N20,VIIRS,n,2,292.91,11.36,D,0,VIIRS_NOAA20_SP
14.0283,77.3928,340.04,0.43,0.46,2023-09-25,829,N20,VIIRS,n,2,295.8,5.77,D,0,VIIRS_NOAA20_SP
14.66095,79.90705,341.5,0.32,0.55,2023-09-25,829,N20,VIIRS,n,2,294.22,2.38,D,0,VIIRS_NOAA20_SP
14.90973,78.39661,338.26,0.51,0.49,2023-09-25,830,N20,VIIRS,n,2,291.09,2.48,D,0,VIIRS_NOAA20_SP
15.17622,76.65545,331.24,0.4,0.44,2023-09-25,830,N20,VIIRS,n,2,295.13,3.83,D,2,VIIRS_NOAA20_SP
22.32332,69.88219,332.06,0.38,0.36,2023-09-25,832,N20,VIIRS,n,2,299.57,3.41,D,0,VIIRS_NOAA20_SP
22.92358,70.10615,338.55,0.39,0.36,2023-09-25,832,N20,VIIRS,n,2,302.2,3.7,D,0,VIIRS_NOAA20_SP
22.93077,69.69855,332.6,0.38,0.36,2023-09-25,832,N20,VIIRS,n,2,300.44,2.21,D,2,VIIRS_NOAA20_SP
24.96124,68.13817,335.98,0.39,0.36,2023-09-25,833,N20,VIIRS,l,2,307.71,2.11,D,0,VIIRS_NOAA20_SP
25.21397,68.31819,336.97,0.39,0.36,2023-09-25,833,N20,VIIRS,l,2,308.64,2.05,D,0,VIIRS_NOAA20_SP
25.6057,68.72103,330.95,0.38,0.36,2023-09-25,833,N20,VIIRS,l,2,304.25,0.69,D,0,VIIRS_NOAA20_SP
25.64095,73.07547,337.35,0.5,0.41,2023-09-25,833,N20,VIIRS,n,2,298.1,3.89,D,0,VIIRS_NOAA20_SP
25.71294,68.53343,333.91,0.38,0.36,2023-09-25,833,N20,VIIRS,n,2,304.94,1.19,D,0,VIIRS_NOAA20_SP
26.09538,69.0178,333.1,0.38,0.36,2023-09-25,833,N20,VIIRS,l,2,305.53,3.05,D,0,VIIRS_NOAA20_SP
26.40058,68.67561,344.07,0.38,0.36,2023-09-25,833,N20,VIIRS,n,2,311.2,4.16,D,0,VIIRS_NOAA20_SP
26.78037,72.01129,340.02,0.46,0.39,2023-09-25,833,N20,VIIRS,n,2,308.68,5.77,D,0,VIIRS_NOAA20_SP
26.78337,72.00609,352.92,0.46,0.39,2023-09-25,833,N20,VIIRS,n,2,309.8,11.81,D,0,VIIRS_NOAA20_SP
26.78398,72.01073,347.54,0.46,0.39,2023-09-25,833,N20,VIIRS,n,2,308.31,5.77,D,0,VIIRS_NOAA20_SP
26.78446,72.00314,342.29,0.46,0.39,2023-09-25,833,N20,VIIRS,n,2,311.02,8.99,D,0,VIIRS_NOAA20_SP
26.78504,72.00778,349.61,0.46,0.39,2023-09-25,833,N20,VIIRS,n,2,310.24,8.99,D,0,VIIRS_NOAA20_SP
26.78698,72.00553,355.9,0.46,0.39,2023-09-25,833,N20,VIIRS,l,2,312.55,9.32,D,0,VIIRS_NOAA20_SP
26.78758,72.01015,356.09,0.46,0.39,2023-09-25,833,N20,VIIRS,l,2,311.67,11.1,D,0,VIIRS_NOAA20_SP
26.78806,72.00258,344.84,0.46,0.39,2023-09-25,833,N20,VIIRS,n,2,312.25,8.99,D,0,VIIRS_NOAA20_SP
26.79058,72.00497,347.6,0.46,0.39,2023-09-25,833,N20,VIIRS,n,2,311.3,9.32,D,0,VIIRS_NOAA20_SP
26.79179,72.01424,346.01,0.46,0.39,2023-09-25,833,N20,VIIRS,n,2,308.95,11.1,D,0,VIIRS_NOAA20_SP
26.79225,72.00665,343.02,0.46,0.39,2023-09-25,833,N20,VIIRS,n,2,310.54,5.7,D,0,VIIRS_NOAA20_SP
26.79341,72.01593,337.12,0.46,0.39,2023-09-25,833,N20,VIIRS,l,2,309.29,8.79,D,0,VIIRS_NOAA20_SP
26.79585,72.00608,338.62,0.46,0.39,2023-09-25,833,N20,VIIRS,l,2,311.07,5.7,D,0,VIIRS_NOAA20_SP
26.79643,72.01073,347.33,0.46,0.39,2023-09-25,833,N20,VIIRS,n,2,312.08,8.79,D,0,VIIRS_NOAA20_SP
27.71175,79.71715,334.75,0.44,0.62,2023-09-25,833,N20,VIIRS,n,2,291.42,4.09,D,0,VIIRS_NOAA20_SP
28.76885,77.63877,339.24,0.34,0.56,2023-09-25,833,N20,VIIRS,n,2,296.6,3.98,D,0,VIIRS_NOAA20_SP
29.07536,68.78546,330.59,0.39,0.36,2023-09-25,834,N20,VIIRS,l,2,303.9,2.57,D,0,VIIRS_NOAA20_SP
29.07593,68.78943,347.78,0.39,0.36,2023-09-25,834,N20,VIIRS,n,2,305.67,4.05,D,0,VIIRS_NOAA20_SP
29.07867,68.78484,339.53,0.39,0.36,2023-09-25,834,N20,VIIRS,n,2,305.64,4.77,D,0,VIIRS_NOAA20_SP
29.69456,72.46786,333.65,0.52,0.42,2023-09-25,834,N20,VIIRS,n,2,298.25,5.07,D,0,VIIRS_NOAA20_SP
29.88884,70.79169,334.38,0.44,0.39,2023-09-25,834,N20,VIIRS,n,2,297.68,4.99,D,0,VIIRS_NOAA20_SP
29.89236,70.79111,334.99,0.44,0.39,2023-09-25,834,N20,VIIRS,n,2,298.35,3.18,D,0,VIIRS_NOAA20_SP
30.08436,71.95924,334.63,0.5,0.41,2023-09-25,834,N20,VIIRS,n,2,297.68,3.27,D,0,VIIRS_NOAA20_SP
30.08498,71.9644,334.57,0.5,0.41,2023-09-25,834,N20,VIIRS,n,2,297.95,3.27,D,0,VIIRS_NOAA20_SP
30.0881,71.95867,332.78,0.5,0.41,2023-09-25,834,N20,VIIRS,n,2,297.43,10.33,D,0,VIIRS_NOAA20_SP
30.32236,77.11095,334.73,0.33,0.55,2023-09-25,834,N20,VIIRS,n,2,295.73,1.81,D,0,VIIRS_NOAA20_SP
30.32376,77.11115,332.42,0.33,0.55,2023-09-25,834,N20,VIIRS,n,2,295.8,1.38,D,0,VIIRS_NOAA20_SP
30.82439,70.59068,337.03,0.44,0.39,2023-09-25,834,N20,VIIRS,n,2,303.44,2.05,D,0,VIIRS_NOAA20_SP
31.73716,70.75441,334.15,0.46,0.39,2023-09-25,834,N20,VIIRS,n,2,300.34,5.49,D,0,VIIRS_NOAA20_SP
35.42656,73.48138,345.01,0.46,0.47,2023-09-25,835,N20,VIIRS,n,2,291.19,7.75,D,0,VIIRS_NOAA20_SP
35.42924,73.47944,339.29,0.46,0.47,2023-09-25,835,N20,VIIRS,n,2,295.03,10.06,D,0,VIIRS_NOAA20_SP
30.94841,97.36401,307.43,0.38,0.36,2023-09-25,1916,N20,VIIRS,n,2,285.34,0.86,N,0,VIIRS_NOAA20_SP
27.31792,95.26444,329.56,0.39,0.36,2023-09-25,1917,N20,VIIRS,n,2,291.29,2.95,N,2,VIIRS_NOAA20_SP
29.08779,88.00951,303.18,0.6,0.53,2023-09-25,1917,N20,VIIRS,n,2,278.06,2.25,N,0,VIIRS_NOAA20_SP
29.22562,88.35358,295.81,0.58,0.52,2023-09-25,1917,N20,VIIRS,n,2,282.88,3.19,N,2,VIIRS_NOAA20_SP
29.26213,91.92408,297.64,0.54,0.42,2023-09-25,1917,N20,VIIRS,n,2,281.35,1.47,N,2,VIIRS_NOAA20_SP
29.3763,91.14931,308.99,0.4,0.44,2023-09-25,1917,N20,VIIRS,n,2,281.84,1.71,N,2,VIIRS_NOAA20_SP
29.66025,90.89784,303.42,0.41,0.45,2023-09-25,1917,N20,VIIRS,n,2,281.26,0.51,N,2,VIIRS_NOAA20_SP
23.98174,97.79228,302.33,0.42,0.38,2023-09-25,1918,N20,VIIRS,n,2,290.25,1.04,N,0,VIIRS_NOAA20_SP
24.51838,97.78702,303.98,0.41,0.37,2023-09-25,1918,N20,VIIRS,n,2,289.97,0.6,N,0,VIIRS_NOAA20_SP
24.52378,97.79642,314.11,0.42,0.37,2023-09-25,1918,N20,VIIRS,n,2,290.71,1.5,N,2,VIIRS_NOAA20_SP
24.54094,97.73747,304.17,0.41,0.37,2023-09-25,1918,N20,VIIRS,n,2,290.41,1.61,N,2,VIIRS_NOAA20_SP
26.0651,93.92905,306.36,0.41,0.37,2023-09-25,1918,N20,VIIRS,n,2,290.86,2.2,N,2,VIIRS_NOAA20_SP
26.76144,83.19669,305.95,0.56,0.69,2023-09-25,1918,N20,VIIRS,n,2,286.97,1.73,N,2,VIIRS_NOAA20_SP
26.76371,83.19708,303.56,0.56,0.69,2023-09-25,1918,N20,VIIRS,n,2,286.85,1.96,N,2,VIIRS_NOAA20_SP
26.77373,94.50662,305.22,0.4,0.37,2023-09-25,1918,N20,VIIRS,n,2,290.51,0.92,N,0,VIIRS_NOAA20_SP
27.03343,94.89005,316.32,0.4,0.37,2023-09-25,1918,N20,VIIRS,n,2,290.95,2.6,N,0,VIIRS_NOAA20_SP
22.05417,88.12578,309.55,0.48,0.48,2023-09-25,1919,N20,VIIRS,n,2,291.15,4.53,N,2,VIIRS_NOAA20_SP
22.05471,88.1211,318.5,0.48,0.48,2023-09-25,1919,N20,VIIRS,n,2,290.67,4.47,N,2,VIIRS_NOAA20_SP
22.16224,96.24654,304.73,0.39,0.36,2023-09-25,1919,N20,VIIRS,n,2,286.4,1.21,N,0,VIIRS_NOAA20_SP
22.35855,87.29014,307.57,0.55,0.51,2023-09-25,1919,N20,VIIRS,n,2,290.39,1.6,N,2,VIIRS_NOAA20_SP
22.36393,87.01933,306.38,0.57,0.52,2023-09-25,1919,N20,VIIRS,n,2,287.08,1.91,N,2,VIIRS_NOAA20_SP
22.36435,87.29747,310.72,0.55,0.51,2023-09-25,1919,N20,VIIRS,n,2,290.16,1.89,N,2,VIIRS_NOAA20_SP
22.36678,87.30206,309.05,0.55,0.51,2023-09-25,1919,N20,VIIRS,n,2,290.01,2.94,N,2,VIIRS_NOAA20_SP
22.3685,87.30344,310.95,0.55,0.51,2023-09-25,1919,N20,VIIRS,n,2,289.66,2.4,N,2,VIIRS_NOAA20_SP
22.36906,87.29808,312.34,0.55,0.51,2023-09-25,1919,N20,VIIRS,n,2,290.09,1.89,N,2,VIIRS_NOAA20_SP
22.36932,87.01436,304.33,0.57,0.52,2023-09-25,1919,N20,VIIRS,n,2,287.18,2.01,N,2,VIIRS_NOAA20_SP
22.37148,87.30266,316.6,0.55,0.51,2023-09-25,1919,N20,VIIRS,n,2,289.78,3.06,N,0,VIIRS_NOAA20_SP
22.37857,87.28183,310.1,0.55,0.51,2023-09-25,1919,N20,VIIRS,n,2,289.91,1.59,N,2,VIIRS_NOAA20_SP
22.37917,87.27646,304.89,0.55,0.51,2023-09-25,1919,N20,VIIRS,n,2,289.66,1.59,N,2,VIIRS_NOAA20_SP
22.38071,87.27782,313.37,0.55,0.51,2023-09-25,1919,N20,VIIRS,n,2,289.98,2.14,N,2,VIIRS_NOAA20_SP
22.47701,91.7336,307.5,0.46,0.39,2023-09-25,1919,N20,VIIRS,n,2,289.75,2.87,N,2,VIIRS_NOAA20_SP
23.48314,91.02728,312.44,0.51,0.41,2023-09-25,1919,N20,VIIRS,n,2,291.66,1.15,N,0,VIIRS_NOAA20_SP
23.98608,90.64677,312.02,0.54,0.42,2023-09-25,1919,N20,VIIRS,n,2,290.31,1.51,N,0,VIIRS_NOAA20_SP
24.16424,82.68184,298.82,0.57,0.69,2023-09-25,1919,N20,VIIRS,n,2,282.71,0.51,N,2,VIIRS_NOAA20_SP
24.17323,82.56142,303.15,0.58,0.7,2023-09-25,1919,N20,VIIRS,n,2,284.8,1.16,N,2,VIIRS_NOAA20_SP
24.20919,82.7102,304.2,0.57,0.69,2023-09-25,1919,N20,VIIRS,n,2,276.57,1.22,N,2,VIIRS_NOAA20_SP
15.86132,97.79646,305.56,0.52,0.42,2023-09-25,1920,N20,VIIRS,n,2,284.73,1.57,N,0,VIIRS_NOAA20_SP
15.86215,97.79436,305.78,0.52,0.42,2023-09-25,1920,N20,VIIRS,n,2,284.83,1.26,N,0,VIIRS_NOAA20_SP
17.89062,83.39114,305.33,0.44,0.62,2023-09-25,1920,N20,VIIRS,n,2,288.64,0.6,N,0,VIIRS_NOAA20_SP
20.78865,85.26533,303.74,0.36,0.57,2023-09-25,1920,N20,VIIRS,n,2,289.41,1.06,N,2,VIIRS_NOAA20_SP
20.78899,85.26188,305.6,0.36,0.57,2023-09-25,1920,N20,VIIRS,n,2,289.39,1.39,N,2,VIIRS_NOAA20_SP
20.78933,85.25848,321.23,0.36,0.57,2023-09-25,1920,N20,VIIRS,n,2,289.37,1.39,N,2,VIIRS_NOAA20_SP
20.79527,85.25233,314.74,0.36,0.57,2023-09-25,1920,N20,VIIRS,n,2,288.87,2.62,N,2,VIIRS_NOAA20_SP
20.81111,85.25403,304.28,0.36,0.57,2023-09-25,1920,N20,VIIRS,n,2,288.85,0.9,N,2,VIIRS_NOAA20_SP
20.86402,84.9939,303.72,0.37,0.58,2023-09-25,1920,N20,VIIRS,n,2,288.21,0.8,N,2,VIIRS_NOAA20_SP
20.88694,84.98206,308.61,0.37,0.58,2023-09-25,1920,N20,VIIRS,n,2,288.85,1.51,N,2,VIIRS_NOAA20_SP
21.06697,85.03473,304.87,0.37,0.58,2023-09-25,1920,N20,VIIRS,n,2,285.11,1.16,N,0,VIIRS_NOAA20_SP
21.07735,85.03946,311.15,0.37,0.58,2023-09-25,1920,N20,VIIRS,n,2,286.06,2.34,N,2,VIIRS_NOAA20_SP
21.07807,85.03227,307.14,0.37,0.58,2023-09-25,1920,N20,VIIRS,n,2,285.71,1.26,N,2,VIIRS_NOAA20_SP
17.60382,83.1983,305.15,0.45,0.63,2023-09-25,1921,N20,VIIRS,n,2,289.55,0.68,N,2,VIIRS_NOAA20_SP
17.60961,83.19898,307.74,0.45,0.63,2023-09-25,1921,N20,VIIRS,n,2,290.08,2.21,N,2,VIIRS_NOAA20_SP
17.69336,83.23891,304.23,0.45,0.63,2023-09-25,1921,N20,VIIRS,n,2,289.07,0.87,N,0,VIIRS_NOAA20_SP
8.30365,80.70811,302.88,0.5,0.66,2023-09-25,1923,N20,VIIRS,n,2,286.7,0.58,N,0,VIIRS_NOAA20_SP
36.99669,80.19248,300.0,0.4,0.44,2023-09-25,2056,N20,VIIRS,n,2,279.46,1.37,N,2,VIIRS_NOAA20_SP
32.1031,74.17092,315.6,0.4,0.37,2023-09-25,2057,N20,VIIRS,n,2,293.2,0.88,N,2,VIIRS_NOAA20_SP
32.88849,71.61563,319.37,0.39,0.36,2023-09-25,2057,N20,VIIRS,n,2,296.01,1.91,N,2,VIIRS_NOAA20_SP
33.40772,71.93993,304.49,0.39,0.36,2023-09-25,2057,N20,VIIRS,n,2,293.16,0.39,N,0,VIIRS_NOAA20_SP
33.54572,73.15311,304.49,0.39,0.36,2023-09-25,2057,N20,VIIRS,n,2,291.79,0.45,N,0,VIIRS_NOAA20_SP
33.54732,71.54878,305.58,0.39,0.36,2023-09-25,2057,N20,VIIRS,n,2,293.7,0.62,N,2,VIIRS_NOAA20_SP
33.90429,71.91695,307.07,0.39,0.36,2023-09-25,2057,N20,VIIRS,n,2,292.63,0.93,N,2,VIIRS_NOAA20_SP
34.12845,72.63618,302.72,0.38,0.36,2023-09-25,2057,N20,VIIRS,n,2,291.42,0.41,N,0,VIIRS_NOAA20_SP
35.33082,73.26785,296.33,0.38,0.36,2023-09-25,2057,N20,VIIRS,n,2,283.65,0.65,N,0,VIIRS_NOAA20_SP
35.96786,68.68687,299.72,0.5,0.41,2023-09-25,2057,N20,VIIRS,n,2,286.4,0.92,N,0,VIIRS_NOAA20_SP
35.96906,68.68327,297.0,0.5,0.41,2023-09-25,2057,N20,VIIRS,n,2,286.32,1.14,N,0,VIIRS_NOAA20_SP
27.83444,79.82638,304.64,0.59,0.53,2023-09-25,2058,N20,VIIRS,n,2,293.12,1.04,N,0,VIIRS_NOAA20_SP
28.43186,77.55229,308.08,0.42,0.45,2023-09-25,2058,N20,VIIRS,n,2,292.74,0.81,N,0,VIIRS_NOAA20_SP
28.74354,76.92823,307.5,0.38,0.44,2023-09-25,2058,N20,VIIRS,n,2,292.57,1.19,N,0,VIIRS_NOAA20_SP
28.89938,78.8549,307.83,0.49,0.49,2023-09-25,2058,N20,VIIRS,n,2,293.04,0.77,N,0,VIIRS_NOAA20_SP
29.1229,75.77922,307.56,0.5,0.41,2023-09-25,2058,N20,VIIRS,n,2,293.55,1.6,N,2,VIIRS_NOAA20_SP
29.33714,71.57006,304.73,0.38,0.36,2023-09-25,2058,N20,VIIRS,n,2,294.22,0.66,N,0,VIIRS_NOAA20_SP
30.32711,70.53666,305.45,0.39,0.36,2023-09-25,2058,N20,VIIRS,n,2,295.19,0.84,N,2,VIIRS_NOAA20_SP
31.32823,76.89252,301.21,0.52,0.42,2023-09-25,2058,N20,VIIRS,n,2,289.61,0.81,N,2,VIIRS_NOAA20_SP
31.654,74.17677,311.72,0.41,0.37,2023-09-25,2058,N20,VIIRS,n,2,293.35,1.22,N,0,VIIRS_NOAA20_SP
32.29508,70.73052,312.76,0.4,0.37,2023-09-25,2058,N20,VIIRS,n,2,294.16,1.35,N,2,VIIRS_NOAA20_SP
24.6604,74.63366,303.45,0.51,0.41,2023-09-25,2059,N20,VIIRS,n,2,289.83,1.14,N,2,VIIRS_NOAA20_SP
24.93374,74.63192,309.88,0.51,0.41,2023-09-25,2059,N20,VIIRS,n,2,290.85,1.32,N,2,VIIRS_NOAA20_SP
24.93457,74.63422,308.25,0.5,0.41,2023-09-25,2059,N20,VIIRS,n,2,290.94,1.53,N,2,VIIRS_NOAA20_SP
25.79491,68.6992,308.18,0.41,0.37,2023-09-25,2059,N20,VIIRS,n,2,297.49,1.26,N,2,VIIRS_NOAA20_SP
26.09085,68.87991,307.71,0.4,0.37,2023-09-25,2059,N20,VIIRS,n,2,297.47,1.04,N,2,VIIRS_NOAA20_SP
26.2584,74.09534,305.93,0.46,0.39,2023-09-25,2059,N20,VIIRS,n,2,294.75,2.32,N,0,VIIRS_NOAA20_SP
26.64513,79.4817,305.29,0.59,0.53,2023-09-25,2059,N20,VIIRS,n,2,291.87,1.1,N,2,VIIRS_NOAA20_SP
26.87568,73.51484,309.88,0.43,0.38,2023-09-25,2059,N20,VIIRS,n,2,295.01,1.17,N,2,VIIRS_NOAA20_SP
26.87913,73.51559,307.54,0.43,0.38,2023-09-25,2059,N20,VIIRS,n,2,295.24,1.49,N,2,VIIRS_NOAA20_SP
27.66812,76.12883,307.46,0.55,0.42,2023-09-25,2059,N20,VIIRS,n,2,292.11,1.69,N,2,VIIRS_NOAA20_SP
27.82549,73.22257,309.18,0.41,0.37,2023-09-25,2059,N20,VIIRS,n,2,295.47,3.36,N,0,VIIRS_NOAA20_SP
22.33119,69.74802,302.8,0.38,0.36,2023-09-25,2100,N20,VIIRS,n,2,285.2,1.01,N,0,VIIRS_NOAA20_SP
22.33616,69.86674,305.01,0.38,0.36,2023-09-25,2100,N20,VIIRS,n,2,284.9,1.13,N,2,VIIRS_NOAA20_SP
22.91023,69.69882,322.59,0.38,0.36,2023-09-25,2100,N20,VIIRS,n,2,294.76,2.02,N,2,VIIRS_NOAA20_SP
22.92468,70.10491,315.62,0.38,0.36,2023-09-25,2100,N20,VIIRS,n,2,294.05,0.43,N,0,VIIRS_NOAA20_SP
22.93113,69.69498,307.91,0.38,0.36,2023-09-25,2100,N20,VIIRS,n,2,293.9,0.79,N,2,VIIRS_NOAA20_SP
22.93779,69.69885,312.25,0.38,0.36,2023-09-25,2100,N20,VIIRS,n,2,294.23,1.24,N,2,VIIRS_NOAA20_SP
22.93837,69.69514,308.44,0.38,0.36,2023-09-25,2100,N20,VIIRS,n,2,294.35,0.82,N,2,VIIRS_NOAA20_SP
23.0138,70.10207,309.25,0.38,0.36,2023-09-25,2100,N20,VIIRS,n,2,294.44,0.88,N,2,VIIRS_NOAA20_SP
23.10569,70.18741,308.26,0.38,0.36,2023-09-25,2100,N20,VIIRS,n,2,295.39,0.76,N,2,VIIRS_NOAA20_SP
23.12219,70.08332,309.99,0.38,0.36,2023-09-25,2100,N20,VIIRS,n,2,294.25,1.06,N,0,VIIRS_NOAA20_SP
23.25711,70.26133,307.4,0.38,0.36,2023-09-25,2100,N20,VIIRS,n,2,294.53,0.54,N,0,VIIRS_NOAA20_SP
23.2583,70.25388,310.04,0.38,0.36,2023-09-25,2100,N20,VIIRS,n,2,294.62,0.67,N,2,VIIRS_NOAA20_SP
23.26218,70.25077,312.02,0.38,0.36,2023-09-25,2100,N20,VIIRS,n,2,294.21,0.79,N,2,VIIRS_NOAA20_SP
23.26546,70.25139,310.1,0.38,0.36,2023-09-25,2100,N20,VIIRS,n,2,294.38,0.79,N,2,VIIRS_NOAA20_SP
23.26757,70.25945,307.15,0.38,0.36,2023-09-25,2100,N20,VIIRS,n,2,293.65,0.58,N,2,VIIRS_NOAA20_SP
23.31637,70.48697,312.23,0.39,0.36,2023-09-25,2100,N20,VIIRS,n,2,295.0,1.18,N,2,VIIRS_NOAA20_SP
25.4017,68.56757,315.57,0.41,0.37,2023-09-25,2100,N20,VIIRS,n,2,297.35,1.14,N,2,VIIRS_NOAA20_SP
25.51557,68.74673,311.54,0.4,0.37,2023-09-25,2100,N20,VIIRS,n,2,296.21,1.06,N,0,VIIRS_NOAA20_SP
19.1842,72.84814,300.13,0.49,0.41,2023-09-25,2101,N20,VIIRS,n,2,271.51,1.42,N,0,VIIRS_NOAA20_SP
20.83697,70.69456,305.01,0.4,0.37,2023-09-25,2101,N20,VIIRS,n,2,288.46,0.91,N,2,VIIRS_NOAA20_SP
20.90922,71.4579,311.59,0.42,0.37,2023-09-25,2101,N20,VIIRS,n,2,289.93,1.58,N,2,VIIRS_NOAA20_SP
21.10106,72.63413,306.63,0.46,0.39,2023-09-25,2101,N20,VIIRS,n,2,290.66,2.14,N,2,VIIRS_NOAA20_SP
21.10462,72.63484,332.32,0.46,0.39,2023-09-25,2101,N20,VIIRS,n,2,292.38,5.38,N,2,VIIRS_NOAA20_SP
21.10589,72.6486,311.27,0.46,0.39,2023-09-25,2101,N20,VIIRS,n,2,291.36,5.31,N,2,VIIRS_NOAA20_SP
21.10665,72.64425,330.7,0.46,0.39,2023-09-25,2101,N20,VIIRS,n,2,292.92,5.31,N,2,VIIRS_NOAA20_SP
21.10817,72.63555,307.87,0.46,0.39,2023-09-25,2101,N20,VIIRS,n,2,292.0,5.38,N,2,VIIRS_NOAA20_SP
21.11173,72.63627,308.0,0.46,0.39,2023-09-25,2101,N20,VIIRS,n,2,292.1,2.85,N,2,VIIRS_NOAA20_SP
13.16444,80.28194,297.93,0.63,0.72,2023-09-25,2102,N20,VIIRS,n,2,278.82,1.56,N,2,VIIRS_NOAA20_SP
12.98458,74.85223,301.47,0.55,0.51,2023-09-25,2103,N20,VIIRS,n,2,283.71,1.46,N,0,VIIRS_NOAA20_SP
23.50823,94.00914,331.44,0.39,0.44,2023-09-26,632,N20,VIIRS,n,2,294.0,5.15,D,0,VIIRS_NOAA20_SP
23.65087,96.19547,330.95,0.46,0.39,2023-09-26,632,N20,VIIRS,l,2,302.65,5.18,D,0,VIIRS_NOAA20_SP
23.67822,94.15852,329.21,0.38,0.43,2023-09-26,632,N20,VIIRS,n,2,292.08,2.61,D,0,VIIRS_NOAA20_SP
23.97913,97.79499,326.9,0.4,0.37,2023-09-26,632,N20,VIIRS,l,2,301.82,2.63,D,0,VIIRS_NOAA20_SP
24.72997,97.91595,343.81,0.39,0.37,2023-09-26,632,N20,VIIRS,n,2,300.23,9.61,D,0,VIIRS_NOAA20_SP
29.6381,90.97988,329.95,0.45,0.47,2023-09-26,634,N20,VIIRS,n,2,299.58,2.74,D,0,VIIRS_NOAA20_SP
7.28158,81.20341,330.48,0.47,0.4,2023-09-26,808,N20,VIIRS,n,2,279.19,2.78,D,0,VIIRS_NOAA20_SP
7.32626,81.17219,331.67,0.47,0.39,2023-09-26,808,N20,VIIRS,n,2,292.72,13.54,D,0,VIIRS_NOAA20_SP
7.67609,81.06387,337.91,0.46,0.39,2023-09-26,809,N20,VIIRS,n,2,294.15,5.91,D,0,VIIRS_NOAA20_SP
7.71272,80.71799,334.6,0.45,0.39,2023-09-26,809,N20,VIIRS,n,2,285.88,4.03,D,0,VIIRS_NOAA20_SP
7.88047,80.67773,330.47,0.45,0.39,2023-09-26,809,N20,VIIRS,n,2,284.79,4.57,D,0,VIIRS_NOAA20_SP
7.94042,81.03628,339.87,0.47,0.39,2023-09-26,809,N20,VIIRS,n,2,290.75,10.35,D,0,VIIRS_NOAA20_SP
7.96479,80.7117,332.22,0.45,0.39,2023-09-26,809,N20,VIIRS,n,2,295.5,2.94,D,0,VIIRS_NOAA20_SP
7.97077,81.19249,336.26,0.47,0.4,2023-09-26,809,N20,VIIRS,n,2,295.82,3.46,D,0,VIIRS_NOAA20_SP
8.00181,80.59533,334.38,0.45,0.39,2023-09-26,809,N20,VIIRS,n,2,298.65,3.7,D,0,VIIRS_NOAA20_SP
8.0099,81.02299,334.45,0.47,0.39,2023-09-26,809,N20,VIIRS,n,2,288.34,3.24,D,0,VIIRS_NOAA20_SP
8.01748,80.6797,332.2,0.45,0.39,2023-09-26,809,N20,VIIRS,n,2,296.8,4.1,D,0,VIIRS_NOAA20_SP
8.03205,80.94691,334.4,0.46,0.39,2023-09-26,809,N20,VIIRS,n,2,295.19,6.11,D,0,VIIRS_NOAA20_SP
8.05459,80.46102,336.29,0.44,0.38,2023-09-26,809,N20,VIIRS,n,2,295.04,5.08,D,0,VIIRS_NOAA20_SP
8.1051,80.98418,355.07,0.47,0.39,2023-09-26,809,N20,VIIRS,n,2,300.82,18.36,D,0,VIIRS_NOAA20_SP
8.13104,80.98475,331.9,0.47,0.39,2023-09-26,809,N20,VIIRS,n,2,298.81,3.47,D,0,VIIRS_NOAA20_SP
8.1805,81.01245,336.7,0.47,0.4,2023-09-26,809,N20,VIIRS,n,2,296.06,5.4,D,0,VIIRS_NOAA20_SP
8.18413,81.01192,336.13,0.47,0.4,2023-09-26,809,N20,VIIRS,n,2,298.57,5.4,D,0,VIIRS_NOAA20_SP
8.27152,80.46225,334.26,0.44,0.39,2023-09-26,809,N20,VIIRS,n,2,291.3,3.2,D,0,VIIRS_NOAA20_SP
8.30784,80.28736,334.57,0.44,0.38,2023-09-26,809,N20,VIIRS,n,2,288.06,2.02,D,0,VIIRS_NOAA20_SP
8.32243,80.61618,336.83,0.45,0.39,2023-09-26,809,N20,VIIRS,n,2,296.08,5.68,D,0,VIIRS_NOAA20_SP
8.32298,80.61538,336.46,0.45,0.39,2023-09-26,809,N20,VIIRS,n,2,294.98,4.05,D,0,VIIRS_NOAA20_SP
8.50445,80.24744,330.43,0.44,0.38,2023-09-26,809,N20,VIIRS,n,2,290.36,2.95,D,0,VIIRS_NOAA20_SP
8.59361,80.56572,337.9,0.45,0.39,2023-09-26,809,N20,VIIRS,n,2,275.74,5.12,D,0,VIIRS_NOAA20_SP
8.60084,80.41614,334.99,0.44,0.39,2023-09-26,809,N20,VIIRS,n,2,283.41,4.01,D,0,VIIRS_NOAA20_SP
8.69391,80.36143,342.1,0.44,0.39,2023-09-26,809,N20,VIIRS,n,2,278.7,7.35,D,0,VIIRS_NOAA20_SP
8.70508,78.07999,336.89,0.39,0.36,2023-09-26,809,N20,VIIRS,n,2,302.28,3.15,D,0,VIIRS_NOAA20_SP
8.90802,77.89365,335.76,0.38,0.36,2023-09-26,809,N20,VIIRS,n,2,305.55,4.41,D,0,VIIRS_NOAA20_SP
8.91111,77.77943,340.02,0.38,0.36,2023-09-26,809,N20,VIIRS,n,2,306.65,4.5,D,0,VIIRS_NOAA20_SP
9.05962,78.31741,344.68,0.39,0.36,2023-09-26,809,N20,VIIRS,n,2,297.11,4.34,D,0,VIIRS_NOAA20_SP
9.06294,78.3169,342.97,0.39,0.36,2023-09-26,809,N20,VIIRS,n,2,293.8,4.27,D,0,VIIRS_NOAA20_SP
9.30925,77.67319,335.21,0.38,0.36,2023-09-26,809,N20,VIIRS,n,2,295.54,2.74,D,0,VIIRS_NOAA20_SP
11.94379,78.35212,335.22,0.4,0.37,2023-09-26,810,N20,VIIRS,n,2,294.62,2.73,D,0,VIIRS_NOAA20_SP
12.64988,76.42307,332.47,0.38,0.36,2023-09-26,810,N20,VIIRS,n,2,297.16,3.9,D,0,VIIRS_NOAA20_SP
13.69324,76.58793,331.63,0.38,0.36,2023-09-26,810,N20,VIIRS,n,2,299.37,1.31,D,0,VIIRS_NOAA20_SP
14.3779,77.33336,334.54,0.39,0.36,2023-09-26,810,N20,VIIRS,n,2,298.01,2.99,D,0,VIIRS_NOAA20_SP
14.5244,77.0154,344.33,0.39,0.36,2023-09-26,811,N20,VIIRS,n,2,297.78,5.77,D,0,VIIRS_NOAA20_SP
16.7161,81.00759,340.27,0.39,0.44,2023-09-26,811,N20,VIIRS,n,2,294.31,5.8,D,0,VIIRS_NOAA20_SP
16.98159,81.17692,332.14,0.41,0.45,2023-09-26,811,N20,VIIRS,n,2,287.84,2.95,D,0,VIIRS_NOAA20_SP
19.34061,73.13786,329.58,0.41,0.37,2023-09-26,812,N20,VIIRS,l,2,302.75,7.18,D,0,VIIRS_NOAA20_SP
19.35145,73.13993,330.9,0.41,0.37,2023-09-26,812,N20,VIIRS,l,2,303.46,3.34,D,0,VIIRS_NOAA20_SP
19.37916,73.19936,330.47,0.41,0.37,2023-09-26,812,N20,VIIRS,l,2,302.32,2.94,D,0,VIIRS_NOAA20_SP
19.38445,73.21034,329.36,0.41,0.37,2023-09-26,812,N20,VIIRS,l,2,300.95,6.35,D,0,VIIRS_NOAA20_SP
20.86853,84.99615,332.63,0.4,0.6,2023-09-26,812,N20,VIIRS,n,2,289.25,5.05,D,2,VIIRS_NOAA20_SP
21.07391,85.04409,332.99,0.41,0.6,2023-09-26,812,N20,VIIRS,n,2,290.48,4.34,D,2,VIIRS_NOAA20_SP
21.10497,72.64544,337.05,0.41,0.37,2023-09-26,813,N20,VIIRS,n,2,293.38,3.58,D,2,VIIRS_NOAA20_SP
22.84657,75.94166,330.46,0.4,0.37,2023-09-26,813,N20,VIIRS,n,2,298.99,2.14,D,0,VIIRS_NOAA20_SP
22.92178,70.10801,336.69,0.5,0.41,2023-09-26,813,N20,VIIRS,n,2,299.37,7.94,D,0,VIIRS_NOAA20_SP
23.19447,79.49949,331.52,0.39,0.44,2023-09-26,813,N20,VIIRS,n,2,296.5,1.94,D,0,VIIRS_NOAA20_SP
23.24627,75.95656,330.15,0.4,0.37,2023-09-26,813,N20,VIIRS,l,2,302.43,5.19,D,0,VIIRS_NOAA20_SP
23.63628,76.62714,332.95,0.43,0.38,2023-09-26,813,N20,VIIRS,n,2,301.05,3.38,D,0,VIIRS_NOAA20_SP
24.18086,77.88463,333.7,0.49,0.4,2023-09-26,813,N20,VIIRS,l,2,304.24,2.98,D,0,VIIRS_NOAA20_SP
24.69749,77.82629,330.09,0.49,0.4,2023-09-26,813,N20,VIIRS,l,2,304.41,3.84,D,0,VIIRS_NOAA20_SP
24.9467,76.63882,339.52,0.44,0.38,2023-09-26,813,N20,VIIRS,n,2,306.11,3.65,D,0,VIIRS_NOAA20_SP
24.99414,76.45221,331.3,0.43,0.38,2023-09-26,813,N20,VIIRS,l,2,305.18,3.18,D,0,VIIRS_NOAA20_SP
25.01444,76.47073,333.38,0.43,0.38,2023-09-26,813,N20,VIIRS,l,2,305.26,2.96,D,0,VIIRS_NOAA20_SP
25.37792,73.13518,330.05,0.39,0.36,2023-09-26,814,N20,VIIRS,l,2,302.09,2.01,D,0,VIIRS_NOAA20_SP
27.51515,68.65469,332.43,0.51,0.41,2023-09-26,814,N20,VIIRS,n,2,302.04,3.83,D,0,VIIRS_NOAA20_SP
27.87858,77.41087,332.11,0.51,0.41,2023-09-26,814,N20,VIIRS,n,2,299.83,2.15,D,0,VIIRS_NOAA20_SP
27.87893,77.41251,330.28,0.51,0.41,2023-09-26,814,N20,VIIRS,n,2,299.93,2.88,D,0,VIIRS_NOAA20_SP
27.93002,77.96684,331.92,0.54,0.42,2023-09-26,814,N20,VIIRS,n,2,298.09,2.04,D,0,VIIRS_NOAA20_SP
28.86989,79.70867,330.88,0.46,0.47,2023-09-26,814,N20,VIIRS,n,2,296.39,3.83,D,0,VIIRS_NOAA20_SP
29.0998,76.88522,334.29,0.49,0.41,2023-09-26,815,N20,VIIRS,n,2,299.09,3.04,D,0,VIIRS_NOAA20_SP
29.27905,75.7431,339.12,0.44,0.39,2023-09-26,815,N20,VIIRS,n,2,302.52,5.78,D,0,VIIRS_NOAA20_SP
29.27964,75.74764,341.63,0.44,0.39,2023-09-26,815,N20,VIIRS,n,2,302.48,8.43,D,0,VIIRS_NOAA20_SP
29.29084,76.93382,333.07,0.5,0.41,2023-09-26,815,N20,VIIRS,n,2,298.37,2.58,D,0,VIIRS_NOAA20_SP
29.5752,69.67501,335.9,0.43,0.38,2023-09-26,815,N20,VIIRS,l,2,306.02,2.41,D,0,VIIRS_NOAA20_SP
29.57866,69.67428,342.65,0.43,0.38,2023-09-26,815,N20,VIIRS,n,2,304.67,4.65,D,0,VIIRS_NOAA20_SP
29.94424,72.42752,343.09,0.38,0.36,2023-09-26,815,N20,VIIRS,n,2,303.84,12.26,D,0,VIIRS_NOAA20_SP
29.94512,72.16699,334.44,0.38,0.36,2023-09-26,815,N20,VIIRS,n,2,305.1,3.07,D,0,VIIRS_NOAA20_SP
30.12591,76.97067,341.63,0.51,0.41,2023-09-26,815,N20,VIIRS,n,2,298.71,7.1,D,0,VIIRS_NOAA20_SP
30.16361,77.09557,333.02,0.52,0.41,2023-09-26,815,N20,VIIRS,n,2,299.83,4.0,D,0,VIIRS_NOAA20_SP
30.17562,76.80765,334.63,0.5,0.41,2023-09-26,815,N20,VIIRS,n,2,299.85,3.15,D,0,VIIRS_NOAA20_SP
30.17588,76.80496,331.49,0.5,0.41,2023-09-26,815,N20,VIIRS,n,2,299.85,4.45,D,0,VIIRS_NOAA20_SP
30.33563,73.59194,336.89,0.39,0.36,2023-09-26,815,N20,VIIRS,n,2,302.42,2.19,D,0,VIIRS_NOAA20_SP
30.51921,76.94669,329.97,0.52,0.41,2023-09-26,815,N20,VIIRS,n,2,300.46,2.54,D,0,VIIRS_NOAA20_SP
30.56922,73.3488,343.09,0.39,0.36,2023-09-26,815,N20,VIIRS,n,2,303.67,4.29,D,0,VIIRS_NOAA20_SP
30.583,73.71064,330.49,0.4,0.37,2023-09-26,815,N20,VIIRS,l,2,300.53,2.52,D,0,VIIRS_NOAA20_SP
30.58358,73.71475,332.78,0.4,0.37,2023-09-26,815,N20,VIIRS,n,2,300.37,2.52,D,0,VIIRS_NOAA20_SP
30.64766,72.97784,333.66,0.39,0.36,2023-09-26,815,N20,VIIRS,n,2,301.93,2.46,D,0,VIIRS_NOAA20_SP
30.74933,69.99718,336.95,0.41,0.37,2023-09-26,815,N20,VIIRS,n,2,302.96,2.91,D,0,VIIRS_NOAA20_SP
30.7511,73.29369,338.26,0.39,0.36,2023-09-26,815,N20,VIIRS,n,2,302.71,3.66,D,0,VIIRS_NOAA20_SP
30.83782,76.29778,329.87,0.48,0.4,2023-09-26,815,N20,VIIRS,n,2,299.4,3.13,D,0,VIIRS_NOAA20_SP
31.55354,70.31416,341.17,0.4,0.37,2023-09-26,815,N20,VIIRS,n,2,308.1,3.1,D,0,VIIRS_NOAA20_SP
31.55422,70.31828,339.36,0.4,0.37,2023-09-26,815,N20,VIIRS,n,2,307.95,2.61,D,0,VIIRS_NOAA20_SP
31.67679,70.85812,330.79,0.39,0.36,2023-09-26,815,N20,VIIRS,l,2,304.43,2.73,D,0,VIIRS_NOAA20_SP
31.67876,74.96794,333.18,0.44,0.38,2023-09-26,815,N20,VIIRS,n,2,301.58,3.71,D,0,VIIRS_NOAA20_SP
31.67884,74.99612,333.13,0.44,0.38,2023-09-26,815,N20,VIIRS,n,2,300.87,2.05,D,0,VIIRS_NOAA20_SP
31.67933,74.99754,336.14,0.44,0.38,2023-09-26,815,N20,VIIRS,n,2,301.78,3.56,D,0,VIIRS_NOAA20_SP
31.67936,74.96931,346.64,0.44,0.38,2023-09-26,815,N20,VIIRS,n,2,302.1,6.63,D,0,VIIRS_NOAA20_SP
31.67936,74.97253,338.42,0.44,0.38,2023-09-26,815,N20,VIIRS,n,2,301.59,4.87,D,0,VIIRS_NOAA20_SP
31.68345,74.9733,342.94,0.44,0.38,2023-09-26,815,N20,VIIRS,n,2,302.2,7.53,D,0,VIIRS_NOAA20_SP
31.68752,75.00555,334.63,0.44,0.38,2023-09-26,815,N20,VIIRS,n,2,302.48,3.01,D,0,VIIRS_NOAA20_SP
31.72204,74.96658,335.13,0.44,0.38,2023-09-26,815,N20,VIIRS,n,2,301.2,3.15,D,0,VIIRS_NOAA20_SP
31.73023,74.97458,334.34,0.44,0.38,2023-09-26,815,N20,VIIRS,n,2,302.27,4.1,D,0,VIIRS_NOAA20_SP
31.7384,74.95434,332.57,0.44,0.38,2023-09-26,815,N20,VIIRS,n,2,301.72,4.92,D,0,VIIRS_NOAA20_SP
31.91133,74.67474,339.19,0.43,0.38,2023-09-26,815,N20,VIIRS,n,2,300.93,4.81,D,0,VIIRS_NOAA20_SP
31.9248,74.75121,333.01,0.43,0.38,2023-09-26,815,N20,VIIRS,n,2,301.64,5.97,D,0,VIIRS_NOAA20_SP
32.17682,75.32291,334.06,0.46,0.39,2023-09-26,815,N20,VIIRS,n,2,303.01,6.51,D,0,VIIRS_NOAA20_SP
32.27475,73.62681,334.86,0.4,0.37,2023-09-26,816,N20,VIIRS,n,2,305.33,5.01,D,0,VIIRS_NOAA20_SP
32.2815,73.62553,336.03,0.4,0.37,2023-09-26,816,N20,VIIRS,n,2,303.32,6.15,D,0,VIIRS_NOAA20_SP
32.44823,74.08797,330.04,0.42,0.37,2023-09-26,816,N20,VIIRS,l,2,301.34,1.55,D,0,VIIRS_NOAA20_SP
32.88246,73.57751,330.02,0.41,0.37,2023-09-26,816,N20,VIIRS,n,2,303.43,1.21,D,0,VIIRS_NOAA20_SP
32.88827,71.61755,333.18,0.38,0.36,2023-09-26,816,N20,VIIRS,l,2,306.89,2.24,D,2,VIIRS_NOAA20_SP
33.39149,75.75608,336.61,0.49,0.4,2023-09-26,816,N20,VIIRS,l,2,310.85,8.05,D,0,VIIRS_NOAA20_SP
33.3921,75.76135,335.76,0.49,0.4,2023-09-26,816,N20,VIIRS,l,2,306.6,8.05,D,0,VIIRS_NOAA20_SP
33.39228,75.75163,341.18,0.49,0.4,2023-09-26,816,N20,VIIRS,n,2,313.41,9.93,D,0,VIIRS_NOAA20_SP
33.39298,75.75739,335.01,0.49,0.4,2023-09-26,816,N20,VIIRS,l,2,306.48,9.93,D,0,VIIRS_NOAA20_SP
33.39503,75.75407,335.55,0.49,0.4,2023-09-26,816,N20,VIIRS,n,2,302.05,5.84,D,0,VIIRS_NOAA20_SP
33.39577,75.74959,341.88,0.49,0.4,2023-09-26,816,N20,VIIRS,n,2,301.57,9.93,D,0,VIIRS_NOAA20_SP
35.42958,73.48016,333.1,0.42,0.38,2023-09-26,816,N20,VIIRS,n,2,299.92,3.26,D,0,VIIRS_NOAA20_SP
27.53689,95.40044,304.92,0.4,0.44,2023-09-26,1858,N20,VIIRS,n,2,290.25,1.36,N,2,VIIRS_NOAA20_SP
27.55978,96.03835,306.68,0.55,0.43,2023-09-26,1858,N20,VIIRS,n,2,290.86,0.76,N,2,VIIRS_NOAA20_SP
27.56001,96.03672,304.47,0.55,0.43,2023-09-26,1858,N20,VIIRS,n,2,291.1,0.71,N,2,VIIRS_NOAA20_SP
27.60696,95.40095,303.93,0.4,0.44,2023-09-26,1858,N20,VIIRS,n,2,290.23,0.44,N,2,VIIRS_NOAA20_SP
29.08528,88.00725,308.51,0.59,0.7,2023-09-26,1858,N20,VIIRS,n,2,278.97,2.15,N,0,VIIRS_NOAA20_SP
29.37847,91.15074,299.85,0.38,0.59,2023-09-26,1858,N20,VIIRS,n,2,281.1,1.74,N,2,VIIRS_NOAA20_SP
30.06794,96.97703,302.57,0.53,0.42,2023-09-26,1858,N20,VIIRS,n,2,285.15,1.74,N,2,VIIRS_NOAA20_SP
26.81161,94.69393,306.56,0.43,0.46,2023-09-26,1859,N20,VIIRS,n,2,289.64,1.62,N,0,VIIRS_NOAA20_SP
27.16483,95.10891,303.96,0.41,0.45,2023-09-26,1859,N20,VIIRS,n,2,289.52,2.35,N,0,VIIRS_NOAA20_SP
27.31683,95.26723,312.52,0.4,0.45,2023-09-26,1859,N20,VIIRS,n,2,290.26,2.12,N,2,VIIRS_NOAA20_SP
27.3173,95.26315,309.93,0.4,0.45,2023-09-26,1859,N20,VIIRS,n,2,290.12,2.12,N,2,VIIRS_NOAA20_SP
20.28502,97.79751,301.61,0.4,0.37,2023-09-26,1900,N20,VIIRS,n,2,278.68,0.68,N,0,VIIRS_NOAA20_SP
21.57862,96.23551,307.61,0.47,0.39,2023-09-26,1900,N20,VIIRS,n,2,291.48,2.13,N,2,VIIRS_NOAA20_SP
22.35473,96.70148,307.01,0.45,0.39,2023-09-26,1900,N20,VIIRS,n,2,288.22,1.44,N,2,VIIRS_NOAA20_SP
22.36606,87.01659,311.75,0.58,0.7,2023-09-26,1900,N20,VIIRS,n,2,280.82,2.73,N,2,VIIRS_NOAA20_SP
22.36681,87.01688,303.54,0.58,0.7,2023-09-26,1900,N20,VIIRS,n,2,280.51,1.47,N,2,VIIRS_NOAA20_SP
22.36889,87.29819,310.11,0.56,0.69,2023-09-26,1900,N20,VIIRS,n,2,279.57,1.85,N,2,VIIRS_NOAA20_SP
22.37141,87.29901,303.11,0.56,0.69,2023-09-26,1900,N20,VIIRS,n,2,279.8,0.95,N,2,VIIRS_NOAA20_SP
22.37945,87.27766,304.1,0.56,0.69,2023-09-26,1900,N20,VIIRS,n,2,279.78,1.22,N,2,VIIRS_NOAA20_SP
22.80042,86.08849,303.94,0.68,0.74,2023-09-26,1900,N20,VIIRS,n,2,285.36,2.95,N,2,VIIRS_NOAA20_SP
23.09442,97.38385,302.98,0.43,0.38,2023-09-26,1900,N20,VIIRS,n,2,291.1,0.79,N,2,VIIRS_NOAA20_SP
23.61446,86.78909,302.54,0.62,0.71,2023-09-26,1900,N20,VIIRS,n,2,284.78,1.4,N,2,VIIRS_NOAA20_SP
23.66773,86.41712,304.42,0.66,0.73,2023-09-26,1900,N20,VIIRS,n,2,285.34,1.88,N,0,VIIRS_NOAA20_SP
23.67862,86.39103,301.43,0.66,0.73,2023-09-26,1900,N20,VIIRS,n,2,285.24,3.44,N,0,VIIRS_NOAA20_SP
23.69539,87.11668,308.55,0.59,0.7,2023-09-26,1900,N20,VIIRS,n,2,286.08,2.94,N,2,VIIRS_NOAA20_SP
23.69625,87.105,304.27,0.59,0.7,2023-09-26,1900,N20,VIIRS,n,2,285.74,2.98,N,2,VIIRS_NOAA20_SP
23.72283,86.44191,303.67,0.65,0.73,2023-09-26,1900,N20,VIIRS,n,2,285.09,3.02,N,2,VIIRS_NOAA20_SP
18.65271,97.56628,298.99,0.4,0.37,2023-09-26,1901,N20,VIIRS,n,2,277.93,0.65,N,0,VIIRS_NOAA20_SP
20.78689,85.25879,306.64,0.73,0.76,2023-09-26,1901,N20,VIIRS,n,2,279.84,2.46,N,2,VIIRS_NOAA20_SP
20.86794,84.98563,304.58,0.76,0.77,2023-09-26,1901,N20,VIIRS,n,2,284.34,1.8,N,2,VIIRS_NOAA20_SP
20.88663,84.97744,306.32,0.76,0.77,2023-09-26,1901,N20,VIIRS,n,2,284.13,1.9,N,2,VIIRS_NOAA20_SP
20.88992,84.97953,303.4,0.76,0.77,2023-09-26,1901,N20,VIIRS,n,2,284.28,1.54,N,2,VIIRS_NOAA20_SP
20.94195,86.05379,303.42,0.65,0.73,2023-09-26,1901,N20,VIIRS,n,2,281.89,1.56,N,2,VIIRS_NOAA20_SP
20.96168,85.16948,302.92,0.74,0.76,2023-09-26,1901,N20,VIIRS,n,2,283.7,1.5,N,2,VIIRS_NOAA20_SP
20.96632,85.17077,309.11,0.74,0.76,2023-09-26,1901,N20,VIIRS,n,2,283.92,3.87,N,2,VIIRS_NOAA20_SP
20.96877,85.16994,306.32,0.74,0.76,2023-09-26,1901,N20,VIIRS,n,2,283.82,3.49,N,2,VIIRS_NOAA20_SP
20.9734,85.17128,302.35,0.74,0.76,2023-09-26,1901,N20,VIIRS,n,2,283.97,0.93,N,2,VIIRS_NOAA20_SP
20.97589,85.99937,303.3,0.66,0.73,2023-09-26,1901,N20,VIIRS,n,2,282.68,1.65,N,0,VIIRS_NOAA20_SP
21.07961,85.03905,302.18,0.76,0.77,2023-09-26,1901,N20,VIIRS,n,2,282.94,2.04,N,2,VIIRS_NOAA20_SP
36.99927,80.19291,307.49,0.4,0.37,2023-09-26,2037,N20,VIIRS,n,2,285.02,1.26,N,2,VIIRS_NOAA20_SP
29.37974,91.14748,301.94,0.67,0.74,2023-09-26,2038,N20,VIIRS,n,2,278.27,2.09,N,2,VIIRS_NOAA20_SP
32.88977,71.61614,306.29,0.57,0.43,2023-09-26,2038,N20,VIIRS,n,2,295.41,1.39,N,2,VIIRS_NOAA20_SP
32.91479,75.69581,295.82,0.4,0.37,2023-09-26,2038,N20,VIIRS,n,2,281.89,0.58,N,0,VIIRS_NOAA20_SP
27.3738,85.03222,302.71,0.32,0.55,2023-09-26,2039,N20,VIIRS,n,2,289.17,0.44,N,0,VIIRS_NOAA20_SP
28.22864,79.24151,315.71,0.45,0.39,2023-09-26,2039,N20,VIIRS,n,2,295.88,1.28,N,0,VIIRS_NOAA20_SP
28.46195,77.58641,307.43,0.4,0.37,2023-09-26,2039,N20,VIIRS,n,2,294.98,0.82,N,0,VIIRS_NOAA20_SP
28.74514,76.92542,305.81,0.39,0.36,2023-09-26,2039,N20,VIIRS,n,2,295.41,0.93,N,0,VIIRS_NOAA20_SP
28.77767,77.30704,304.45,0.39,0.36,2023-09-26,2039,N20,VIIRS,n,2,294.34,0.57,N,0,VIIRS_NOAA20_SP
29.08677,88.00964,300.82,0.45,0.63,2023-09-26,2039,N20,VIIRS,n,2,278.34,1.28,N,0,VIIRS_NOAA20_SP
29.22827,88.34767,313.18,0.46,0.64,2023-09-26,2039,N20,VIIRS,n,2,281.13,2.94,N,2,VIIRS_NOAA20_SP
29.29177,78.93133,307.03,0.43,0.38,2023-09-26,2039,N20,VIIRS,n,2,294.78,0.99,N,0,VIIRS_NOAA20_SP
30.74596,69.99505,299.44,0.44,0.46,2023-09-26,2039,N20,VIIRS,n,2,287.52,0.82,N,0,VIIRS_NOAA20_SP
30.74641,69.99068,314.82,0.44,0.46,2023-09-26,2039,N20,VIIRS,n,2,286.98,0.82,N,0,VIIRS_NOAA20_SP
30.75062,69.99157,296.81,0.44,0.46,2023-09-26,2039,N20,VIIRS,n,2,286.15,0.82,N,0,VIIRS_NOAA20_SP
31.26033,76.92319,301.25,0.38,0.36,2023-09-26,2039,N20,VIIRS,n,2,291.11,0.47,N,2,VIIRS_NOAA20_SP
31.41375,76.83491,305.13,0.38,0.36,2023-09-26,2039,N20,VIIRS,n,2,294.36,0.83,N,2,VIIRS_NOAA20_SP
31.6118,74.36182,307.85,0.42,0.38,2023-09-26,2039,N20,VIIRS,n,2,294.99,1.0,N,0,VIIRS_NOAA20_SP
31.62,74.43124,306.28,0.42,0.38,2023-09-26,2039,N20,VIIRS,n,2,294.54,0.54,N,2,VIIRS_NOAA20_SP
31.6206,74.42683,304.62,0.42,0.38,2023-09-26,2039,N20,VIIRS,n,2,294.58,0.46,N,2,VIIRS_NOAA20_SP
32.0888,74.1659,307.33,0.43,0.38,2023-09-26,2039,N20,VIIRS,n,2,294.91,1.47,N,2,VIIRS_NOAA20_SP
32.10211,74.17304,310.17,0.43,0.38,2023-09-26,2039,N20,VIIRS,n,2,295.22,1.16,N,2,VIIRS_NOAA20_SP
22.78477,86.20049,302.46,0.48,0.64,2023-09-26,2040,N20,VIIRS,n,2,284.13,1.15,N,2,VIIRS_NOAA20_SP
22.78946,86.20654,310.88,0.48,0.64,2023-09-26,2040,N20,VIIRS,n,2,284.21,2.79,N,2,VIIRS_NOAA20_SP
22.79052,86.20207,308.93,0.48,0.64,2023-09-26,2040,N20,VIIRS,n,2,284.2,3.44,N,2,VIIRS_NOAA20_SP
23.55012,86.5452,304.05,0.48,0.65,2023-09-26,2040,N20,VIIRS,n,2,285.95,0.9,N,2,VIIRS_NOAA20_SP
23.55927,87.23563,304.99,0.53,0.67,2023-09-26,2040,N20,VIIRS,n,2,283.9,0.98,N,2,VIIRS_NOAA20_SP
23.56048,87.23064,302.57,0.53,0.67,2023-09-26,2040,N20,VIIRS,n,2,283.59,0.98,N,2,VIIRS_NOAA20_SP
23.5647,87.08284,303.93,0.52,0.67,2023-09-26,2040,N20,VIIRS,n,2,285.33,1.37,N,2,VIIRS_NOAA20_SP
23.61422,86.78863,309.25,0.5,0.66,2023-09-26,2040,N20,VIIRS,n,2,286.35,1.47,N,2,VIIRS_NOAA20_SP
23.61922,86.85986,303.17,0.5,0.66,2023-09-26,2040,N20,VIIRS,n,2,286.04,0.71,N,2,VIIRS_NOAA20_SP
23.6434,85.39758,300.91,0.41,0.6,2023-09-26,2040,N20,VIIRS,n,2,285.39,0.77,N,2,VIIRS_NOAA20_SP
23.64399,85.39689,300.78,0.41,0.6,2023-09-26,2040,N20,VIIRS,n,2,285.24,0.59,N,0,VIIRS_NOAA20_SP
23.65944,85.50434,301.9,0.41,0.61,2023-09-26,2040,N20,VIIRS,n,2,285.09,0.88,N,2,VIIRS_NOAA20_SP
23.66763,86.91948,304.68,0.5,0.66,2023-09-26,2040,N20,VIIRS,n,2,286.23,0.89,N,2,VIIRS_NOAA20_SP
23.66875,86.91477,304.55,0.5,0.66,2023-09-26,2040,N20,VIIRS,n,2,286.15,0.89,N,2,VIIRS_NOAA20_SP
23.68419,86.38897,296.91,0.47,0.64,2023-09-26,2040,N20,VIIRS,n,2,264.59,1.41,N,2,VIIRS_NOAA20_SP
23.68937,87.09895,304.21,0.52,0.67,2023-09-26,2040,N20,VIIRS,n,2,285.91,1.45,N,2,VIIRS_NOAA20_SP
23.69047,87.12049,309.21,0.52,0.67,2023-09-26,2040,N20,VIIRS,n,2,285.97,3.04,N,2,VIIRS_NOAA20_SP
23.6941,87.10559,303.3,0.52,0.67,2023-09-26,2040,N20,VIIRS,n,2,285.84,2.48,N,2,VIIRS_NOAA20_SP
23.69443,87.0984,303.36,0.52,0.67,2023-09-26,2040,N20,VIIRS,n,2,285.89,2.5,N,0,VIIRS_NOAA20_SP
23.69776,86.07703,303.09,0.45,0.63,2023-09-26,2040,N20,VIIRS,n,2,285.12,0.84,N,2,VIIRS_NOAA20_SP
23.73166,86.75598,306.56,0.49,0.65,2023-09-26,2040,N20,VIIRS,n,2,286.15,1.21,N,0,VIIRS_NOAA20_SP
23.78161,86.20514,324.14,0.45,0.63,2023-09-26,2040,N20,VIIRS,n,2,284.98,2.07,N,2,VIIRS_NOAA20_SP
23.78224,86.20905,301.78,0.45,0.63,2023-09-26,2040,N20,VIIRS,n,2,282.41,1.69,N,2,VIIRS_NOAA20_SP
23.78327,86.20473,321.13,0.45,0.63,2023-09-26,2040,N20,VIIRS,n,2,284.86,3.15,N,2,VIIRS_NOAA20_SP
23.80309,87.04763,304.71,0.51,0.66,2023-09-26,2040,N20,VIIRS,n,2,286.46,1.76,N,2,VIIRS_NOAA20_SP
23.82752,85.50135,302.94,0.41,0.61,2023-09-26,2040,N20,VIIRS,n,2,286.58,1.08,N,2,VIIRS_NOAA20_SP
23.82788,85.5005,304.17,0.41,0.6,2023-09-26,2040,N20,VIIRS,n,2,286.77,1.71,N,2,VIIRS_NOAA20_SP
24.2094,82.70692,304.89,0.54,0.51,2023-09-26,2040,N20,VIIRS,n,2,285.35,1.45,N,0,VIIRS_NOAA20_SP
26.09671,68.87706,309.37,0.45,0.47,2023-09-26,2040,N20,VIIRS,n,2,296.18,0.73,N,2,VIIRS_NOAA20_SP
26.25843,74.09389,305.16,0.4,0.37,2023-09-26,2040,N20,VIIRS,n,2,289.61,0.64,N,0,VIIRS_NOAA20_SP
26.27176,74.18911,308.79,0.39,0.37,2023-09-26,2040,N20,VIIRS,n,2,288.47,2.28,N,2,VIIRS_NOAA20_SP
26.29833,74.12538,304.14,0.4,0.37,2023-09-26,2040,N20,VIIRS,n,2,288.27,0.96,N,2,VIIRS_NOAA20_SP
26.64337,79.47887,313.67,0.48,0.4,2023-09-26,2040,N20,VIIRS,n,2,295.79,1.03,N,2,VIIRS_NOAA20_SP
26.76012,83.2005,310.13,0.51,0.49,2023-09-26,2040,N20,VIIRS,n,2,290.43,2.38,N,2,VIIRS_NOAA20_SP
27.66741,76.12784,317.82,0.38,0.36,2023-09-26,2040,N20,VIIRS,n,2,296.45,1.31,N,2,VIIRS_NOAA20_SP
28.07092,77.85744,305.86,0.41,0.37,2023-09-26,2040,N20,VIIRS,n,2,294.25,0.66,N,0,VIIRS_NOAA20_SP
20.78432,85.26209,300.65,0.46,0.63,2023-09-26,2041,N20,VIIRS,n,2,277.1,1.06,N,2,VIIRS_NOAA20_SP
20.78905,85.2678,301.77,0.46,0.63,2023-09-26,2041,N20,VIIRS,n,2,277.63,1.06,N,2,VIIRS_NOAA20_SP
20.79099,85.25919,304.27,0.46,0.63,2023-09-26,2041,N20,VIIRS,n,2,276.94,1.76,N,2,VIIRS_NOAA20_SP
20.79861,85.252,302.65,0.46,0.63,2023-09-26,2041,N20,VIIRS,n,2,278.26,0.83,N,2,VIIRS_NOAA20_SP
20.86803,84.994,303.55,0.44,0.62,2023-09-26,2041,N20,VIIRS,n,2,284.31,1.12,N,2,VIIRS_NOAA20_SP
20.869,84.98961,307.47,0.44,0.62,2023-09-26,2041,N20,VIIRS,n,2,284.3,1.12,N,2,VIIRS_NOAA20_SP
20.94339,86.05605,304.73,0.51,0.66,2023-09-26,2041,N20,VIIRS,n,2,278.08,1.98,N,2,VIIRS_NOAA20_SP
20.94525,85.00415,305.37,0.44,0.62,2023-09-26,2041,N20,VIIRS,n,2,280.34,0.72,N,2,VIIRS_NOAA20_SP
20.96154,85.17088,307.77,0.45,0.63,2023-09-26,2041,N20,VIIRS,n,2,279.89,1.19,N,2,VIIRS_NOAA20_SP
20.96246,85.16672,305.75,0.45,0.63,2023-09-26,2041,N20,VIIRS,n,2,280.12,1.73,N,2,VIIRS_NOAA20_SP
20.9626,85.17511,302.44,0.45,0.63,2023-09-26,2041,N20,VIIRS,n,2,279.97,1.65,N,2,VIIRS_NOAA20_SP
20.96337,85.1626,304.58,0.45,0.63,2023-09-26,2041,N20,VIIRS,n,2,279.94,1.73,N,2,VIIRS_NOAA20_SP
20.96355,85.17095,312.8,0.45,0.63,2023-09-26,2041,N20,VIIRS,n,2,279.84,1.65,N,2,VIIRS_NOAA20_SP
20.96449,85.16682,309.33,0.45,0.63,2023-09-26,2041,N20,VIIRS,n,2,280.11,2.05,N,2,VIIRS_NOAA20_SP
20.96544,85.16267,305.91,0.45,0.63,2023-09-26,2041,N20,VIIRS,n,2,279.98,2.05,N,2,VIIRS_NOAA20_SP
20.96624,85.17656,301.74,0.45,0.63,2023-09-26,2041,N20,VIIRS,n,2,279.84,1.19,N,2,VIIRS_NOAA20_SP
20.96716,85.17241,303.56,0.45,0.63,2023-09-26,2041,N20,VIIRS,n,2,279.81,1.19,N,2,VIIRS_NOAA20_SP
20.96829,85.1502,301.9,0.45,0.63,2023-09-26,2041,N20,VIIRS,n,2,279.92,0.8,N,2,VIIRS_NOAA20_SP
20.96907,86.01054,302.26,0.51,0.66,2023-09-26,2041,N20,VIIRS,n,2,277.61,1.54,N,2,VIIRS_NOAA20_SP
20.96917,85.17246,318.13,0.45,0.63,2023-09-26,2041,N20,VIIRS,n,2,279.93,1.65,N,2,VIIRS_NOAA20_SP
20.9748,85.17396,303.5,0.45,0.63,2023-09-26,2041,N20,VIIRS,n,2,279.98,0.6,N,2,VIIRS_NOAA20_SP
20.97544,85.1349,301.66,0.45,0.63,2023-09-26,2041,N20,VIIRS,n,2,280.05,0.74,N,2,VIIRS_NOAA20_SP
20.9777,85.13504,303.44,0.44,0.63,2023-09-26,2041,N20,VIIRS,n,2,279.64,0.67,N,2,VIIRS_NOAA20_SP
21.07565,85.04219,314.71,0.44,0.62,2023-09-26,2041,N20,VIIRS,n,2,278.82,2.54,N,2,VIIRS_NOAA20_SP
21.07654,85.03816,305.1,0.44,0.62,2023-09-26,2041,N20,VIIRS,n,2,278.69,2.55,N,2,VIIRS_NOAA20_SP
21.07813,85.04366,311.37,0.44,0.62,2023-09-26,2041,N20,VIIRS,n,2,278.96,1.45,N,2,VIIRS_NOAA20_SP
21.07905,85.03963,309.78,0.44,0.62,2023-09-26,2041,N20,VIIRS,n,2,279.22,1.45,N,2,VIIRS_NOAA20_SP
21.07998,85.03555,302.61,0.44,0.62,2023-09-26,2041,N20,VIIRS,n,2,279.86,1.06,N,2,VIIRS_NOAA20_SP
21.18838,81.39034,300.54,0.51,0.49,2023-09-26,2041,N20,VIIRS,n,2,280.78,1.04,N,2,VIIRS_NOAA20_SP
21.67805,84.03755,308.22,0.37,0.58,2023-09-26,2041,N20,VIIRS,n,2,281.6,2.37,N,2,VIIRS_NOAA20_SP
21.75739,84.02461,305.79,0.36,0.58,2023-09-26,2041,N20,VIIRS,n,2,287.55,1.73,N,2,VIIRS_NOAA20_SP
21.75747,84.02457,309.87,0.36,0.58,2023-09-26,2041,N20,VIIRS,n,2,287.7,1.99,N,2,VIIRS_NOAA20_SP
21.75814,84.02122,308.18,0.36,0.58,2023-09-26,2041,N20,VIIRS,n,2,287.85,1.11,N,2,VIIRS_NOAA20_SP
21.7582,84.02118,305.86,0.36,0.58,2023-09-26,2041,N20,VIIRS,n,2,287.45,1.57,N,2,VIIRS_NOAA20_SP
21.76332,84.02248,303.75,0.36,0.58,2023-09-26,2041,N20,VIIRS,n,2,287.71,1.11,N,2,VIIRS_NOAA20_SP
21.76408,84.01908,306.11,0.36,0.58,2023-09-26,2041,N20,VIIRS,n,2,287.81,1.11,N,2,VIIRS_NOAA20_SP
21.76412,84.01904,307.01,0.36,0.58,2023-09-26,2041,N20,VIIRS,n,2,287.75,1.57,N,2,VIIRS_NOAA20_SP
21.7685,84.0238,312.46,0.36,0.58,2023-09-26,2041,N20,VIIRS,n,2,287.27,1.75,N,2,VIIRS_NOAA20_SP
21.77001,84.017,305.6,0.36,0.58,2023-09-26,2041,N20,VIIRS,n,2,287.58,1.06,N,2,VIIRS_NOAA20_SP
21.92088,83.35178,313.25,0.33,0.55,2023-09-26,2041,N20,VIIRS,n,2,288.49,2.71,N,2,VIIRS_NOAA20_SP
21.92155,83.34868,322.45,0.33,0.55,2023-09-26,2041,N20,VIIRS,n,2,288.47,2.78,N,2,VIIRS_NOAA20_SP
21.98108,83.24088,310.2,0.32,0.55,2023-09-26,2041,N20,VIIRS,n,2,287.98,0.65,N,2,VIIRS_NOAA20_SP
21.983,83.23184,306.17,0.32,0.55,2023-09-26,2041,N20,VIIRS,n,2,287.27,0.3,N,2,VIIRS_NOAA20_SP
21.98792,83.23303,302.83,0.32,0.55,2023-09-26,2041,N20,VIIRS,n,2,278.6,0.3,N,2,VIIRS_NOAA20_SP
22.0074,82.66942,308.38,0.59,0.53,2023-09-26,2041,N20,VIIRS,n,2,287.1,2.52,N,2,VIIRS_NOAA20_SP
22.02382,83.30842,304.23,0.32,0.55,2023-09-26,2041,N20,VIIRS,n,2,287.48,0.7,N,0,VIIRS_NOAA20_SP
22.02432,83.30849,302.83,0.32,0.55,2023-09-26,2041,N20,VIIRS,n,2,287.54,0.81,N,0,VIIRS_NOAA20_SP
22.02442,83.3801,307.52,0.33,0.55,2023-09-26,2041,N20,VIIRS,n,2,287.98,1.06,N,2,VIIRS_NOAA20_SP
22.03407,83.35957,304.89,0.33,0.55,2023-09-26,2041,N20,VIIRS,n,2,287.32,1.24,N,2,VIIRS_NOAA20_SP
22.04048,83.73508,314.9,0.34,0.56,2023-09-26,2041,N20,VIIRS,n,2,286.9,2.86,N,2,VIIRS_NOAA20_SP
22.04105,83.3514,306.89,0.33,0.55,2023-09-26,2041,N20,VIIRS,n,2,287.42,1.35,N,2,VIIRS_NOAA20_SP
22.04119,83.73185,304.02,0.34,0.56,2023-09-26,2041,N20,VIIRS,n,2,286.1,1.53,N,0,VIIRS_NOAA20_SP
22.04319,83.73535,323.5,0.34,0.56,2023-09-26,2041,N20,VIIRS,n,2,286.37,3.33,N,2,VIIRS_NOAA20_SP
22.04388,83.7321,323.04,0.34,0.56,2023-09-26,2041,N20,VIIRS,n,2,286.35,2.04,N,0,VIIRS_NOAA20_SP
22.04458,83.72882,306.8,0.34,0.56,2023-09-26,2041,N20,VIIRS,n,2,286.37,2.04,N,0,VIIRS_NOAA20_SP
22.04624,83.73318,317.29,0.34,0.56,2023-09-26,2041,N20,VIIRS,n,2,286.83,1.53,N,0,VIIRS_NOAA20_SP
22.04695,83.72992,317.76,0.34,0.56,2023-09-26,2041,N20,VIIRS,n,2,286.75,1.53,N,0,VIIRS_NOAA20_SP
22.05449,88.12354,305.15,0.65,0.73,2023-09-26,2041,N20,VIIRS,n,2,268.92,2.42,N,2,VIIRS_NOAA20_SP
22.0592,83.72269,299.62,0.34,0.56,2023-09-26,2041,N20,VIIRS,n,2,284.56,0.58,N,2,VIIRS_NOAA20_SP
22.10744,83.52578,308.49,0.33,0.55,2023-09-26,2041,N20,VIIRS,n,2,287.9,1.35,N,0,VIIRS_NOAA20_SP
22.10811,83.52271,320.75,0.33,0.55,2023-09-26,2041,N20,VIIRS,n,2,287.9,1.35,N,0,VIIRS_NOAA20_SP
22.2125,84.86874,320.16,0.4,0.6,2023-09-26,2041,N20,VIIRS,n,2,287.07,3.14,N,2,VIIRS_NOAA20_SP
22.21289,84.87021,317.36,0.4,0.6,2023-09-26,2041,N20,VIIRS,n,2,287.51,2.24,N,2,VIIRS_NOAA20_SP
22.21463,84.86264,303.24,0.4,0.6,2023-09-26,2041,N20,VIIRS,n,2,287.91,2.08,N,2,VIIRS_NOAA20_SP
22.22682,84.75274,303.09,0.4,0.6,2023-09-26,2041,N20,VIIRS,n,2,288.18,1.82,N,2,VIIRS_NOAA20_SP
22.3168,82.73566,301.1,0.59,0.53,2023-09-26,2041,N20,VIIRS,n,2,280.0,0.84,N,0,VIIRS_NOAA20_SP
22.34397,69.87741,339.49,0.53,0.42,2023-09-26,2041,N20,VIIRS,n,2,293.2,6.96,N,2,VIIRS_NOAA20_SP
22.34526,69.8807,330.85,0.53,0.42,2023-09-26,2041,N20,VIIRS,n,2,293.68,5.34,N,2,VIIRS_NOAA20_SP
22.36852,87.0173,302.34,0.55,0.68,2023-09-26,2041,N20,VIIRS,n,2,272.86,1.47,N,2,VIIRS_NOAA20_SP
22.36994,87.01585,301.45,0.55,0.68,2023-09-26,2041,N20,VIIRS,n,2,272.17,0.9,N,2,VIIRS_NOAA20_SP
22.37722,87.27763,301.93,0.57,0.69,2023-09-26,2041,N20,VIIRS,n,2,273.53,1.29,N,2,VIIRS_NOAA20_SP
22.59303,85.90423,308.87,0.46,0.64,2023-09-26,2041,N20,VIIRS,n,2,284.06,1.34,N,2,VIIRS_NOAA20_SP
22.78529,86.2028,321.18,0.48,0.64,2023-09-26,2041,N20,VIIRS,n,2,284.25,2.76,N,2,VIIRS_NOAA20_SP
22.79103,86.20445,303.2,0.48,0.64,2023-09-26,2041,N20,VIIRS,n,2,284.13,2.54,N,2,VIIRS_NOAA20_SP
22.7931,86.19552,303.88,0.48,0.64,2023-09-26,2041,N20,VIIRS,n,2,284.43,1.46,N,2,VIIRS_NOAA20_SP
22.79957,86.08826,311.03,0.47,0.64,2023-09-26,2041,N20,VIIRS,n,2,284.18,1.34,N,2,VIIRS_NOAA20_SP
22.92461,70.10358,310.39,0.52,0.42,2023-09-26,2041,N20,VIIRS,n,2,292.47,1.41,N,0,VIIRS_NOAA20_SP
23.17001,82.34242,301.29,0.53,0.5,2023-09-26,2041,N20,VIIRS,n,2,286.08,0.77,N,2,VIIRS_NOAA20_SP
23.25869,70.26404,308.34,0.52,0.41,2023-09-26,2041,N20,VIIRS,n,2,287.46,1.42,N,0,VIIRS_NOAA20_SP
23.43249,68.71136,304.52,0.42,0.46,2023-09-26,2041,N20,VIIRS,n,2,291.45,0.64,N,2,VIIRS_NOAA20_SP
24.69098,73.00123,305.38,0.41,0.37,2023-09-26,2041,N20,VIIRS,n,2,289.75,0.86,N,2,VIIRS_NOAA20_SP
24.71468,74.66992,305.64,0.39,0.36,2023-09-26,2041,N20,VIIRS,n,2,287.77,0.78,N,2,VIIRS_NOAA20_SP
24.76462,74.60931,313.44,0.39,0.36,2023-09-26,2041,N20,VIIRS,n,2,287.35,1.56,N,2,VIIRS_NOAA20_SP
24.93467,74.63188,307.85,0.39,0.36,2023-09-26,2041,N20,VIIRS,n,2,283.43,0.82,N,2,VIIRS_NOAA20_SP
25.40035,68.56618,310.19,0.46,0.47,2023-09-26,2041,N20,VIIRS,n,2,294.94,1.05,N,2,VIIRS_NOAA20_SP
25.4034,68.56458,309.6,0.46,0.47,2023-09-26,2041,N20,VIIRS,n,2,295.13,1.02,N,2,VIIRS_NOAA20_SP
16.97509,82.26883,332.03,0.35,0.57,2023-09-26,2042,N20,VIIRS,n,2,288.67,2.44,N,0,VIIRS_NOAA20_SP
17.69379,83.24437,304.39,0.39,0.59,2023-09-26,2042,N20,VIIRS,n,2,287.81,2.67,N,0,VIIRS_NOAA20_SP
18.54488,83.34387,302.1,0.38,0.59,2023-09-26,2042,N20,VIIRS,n,2,287.8,1.16,N,0,VIIRS_NOAA20_SP
18.71953,79.53445,304.62,0.43,0.46,2023-09-26,2042,N20,VIIRS,n,2,288.11,0.81,N,2,VIIRS_NOAA20_SP
18.7237,79.53526,305.61,0.43,0.46,2023-09-26,2042,N20,VIIRS,n,2,288.04,1.02,N,2,VIIRS_NOAA20_SP
19.78638,79.14674,311.76,0.39,0.44,2023-09-26,2042,N20,VIIRS,n,2,283.86,1.51,N,2,VIIRS_NOAA20_SP
19.78814,79.14722,311.79,0.39,0.44,2023-09-26,2042,N20,VIIRS,n,2,283.92,1.41,N,2,VIIRS_NOAA20_SP
20.91045,71.45935,309.61,0.43,0.38,2023-09-26,2042,N20,VIIRS,n,2,287.35,1.2,N,2,VIIRS_NOAA20_SP
15.17216,76.66705,330.2,0.5,0.41,2023-09-26,2043,N20,VIIRS,n,2,282.03,5.56,N,2,VIIRS_NOAA20_SP
15.17376,76.65785,308.02,0.5,0.41,2023-09-26,2043,N20,VIIRS,n,2,281.44,1.03,N,2,VIIRS_NOAA20_SP
15.17457,76.65324,300.36,0.5,0.41,2023-09-26,2043,N20,VIIRS,n,2,280.88,1.03,N,2,VIIRS_NOAA20_SP
15.17747,76.65855,302.22,0.5,0.41,2023-09-26,2043,N20,VIIRS,n,2,282.14,1.03,N,2,VIIRS_NOAA20_SP
15.17827,76.65395,311.09,0.5,0.41,2023-09-26,2043,N20,VIIRS,n,2,282.72,1.03,N,2,VIIRS_NOAA20_SP
15.18038,76.66386,302.84,0.5,0.41,2023-09-26,2043,N20,VIIRS,n,2,282.01,1.28,N,2,VIIRS_NOAA20_SP
16.87411,80.02072,305.59,0.5,0.49,2023-09-26,2043,N20,VIIRS,n,2,289.53,1.16,N,2,VIIRS_NOAA20_SP
22.04481,95.93806,341.62,0.63,0.54,2023-09-27,613,N20,VIIRS,n,2,293.88,15.45,D,0,VIIRS_NOAA20_SP
22.04621,95.936,349.08,0.62,0.54,2023-09-27,613,N20,VIIRS,n,2,293.46,22.24,D,0,VIIRS_NOAA20_SP
22.4524,97.61638,332.89,0.48,0.48,2023-09-27,613,N20,VIIRS,n,2,293.32,4.62,D,0,VIIRS_NOAA20_SP
23.64926,96.19515,329.77,0.56,0.51,2023-09-27,613,N20,VIIRS,n,2,298.37,8.29,D,0,VIIRS_NOAA20_SP
23.97948,97.7951,327.17,0.44,0.46,2023-09-27,613,N20,VIIRS,l,2,301.22,3.8,D,0,VIIRS_NOAA20_SP
24.1459,97.75076,336.09,0.44,0.46,2023-09-27,613,N20,VIIRS,n,2,294.82,3.66,D,0,VIIRS_NOAA20_SP
24.32931,94.8152,337.47,0.33,0.55,2023-09-27,613,N20,VIIRS,n,2,294.65,3.11,D,0,VIIRS_NOAA20_SP
24.32988,94.81549,339.04,0.33,0.55,2023-09-27,613,N20,VIIRS,n,2,294.96,3.09,D,0,VIIRS_NOAA20_SP
25.12989,97.51826,329.91,0.43,0.46,2023-09-27,613,N20,VIIRS,n,2,294.03,2.58,D,0,VIIRS_NOAA20_SP
34.12764,95.80048,325.62,0.56,0.43,2023-09-27,616,N20,VIIRS,n,2,291.89,9.67,D,0,VIIRS_NOAA20_SP
7.0876,81.79104,338.76,0.39,0.36,2023-09-27,749,N20,VIIRS,n,2,287.27,7.14,D,0,VIIRS_NOAA20_SP
7.32787,81.17175,330.24,0.4,0.37,2023-09-27,750,N20,VIIRS,l,2,296.54,6.22,D,0,VIIRS_NOAA20_SP
7.42092,80.91492,335.56,0.41,0.37,2023-09-27,750,N20,VIIRS,l,2,294.53,20.17,D,0,VIIRS_NOAA20_SP
7.44746,80.95145,334.06,0.41,0.37,2023-09-27,750,N20,VIIRS,l,2,297.81,6.52,D,0,VIIRS_NOAA20_SP
7.63193,80.96357,332.06,0.41,0.37,2023-09-27,750,N20,VIIRS,l,2,295.9,4.81,D,0,VIIRS_NOAA20_SP
7.65718,80.7677,337.35,0.41,0.37,2023-09-27,750,N20,VIIRS,l,2,298.0,6.71,D,0,VIIRS_NOAA20_SP
7.78029,80.65656,342.29,0.41,0.37,2023-09-27,750,N20,VIIRS,n,2,297.18,5.86,D,0,VIIRS_NOAA20_SP
8.29402,80.78306,332.68,0.41,0.37,2023-09-27,750,N20,VIIRS,l,2,292.59,7.91,D,0,VIIRS_NOAA20_SP
9.10744,77.34304,330.38,0.39,0.44,2023-09-27,750,N20,VIIRS,n,2,297.32,1.64,D,0,VIIRS_NOAA20_SP
9.18143,77.3699,337.69,0.39,0.44,2023-09-27,750,N20,VIIRS,n,2,301.62,1.94,D,0,VIIRS_NOAA20_SP
9.1854,77.36921,342.55,0.39,0.44,2023-09-27,750,N20,VIIRS,n,2,299.93,1.94,D,0,VIIRS_NOAA20_SP
10.02514,79.08217,334.15,0.45,0.39,2023-09-27,750,N20,VIIRS,l,2,297.83,3.37,D,0,VIIRS_NOAA20_SP
10.49396,78.90654,331.27,0.46,0.39,2023-09-27,751,N20,VIIRS,n,2,294.13,2.83,D,0,VIIRS_NOAA20_SP
10.96665,76.74628,332.9,0.4,0.44,2023-09-27,751,N20,VIIRS,n,2,294.44,2.2,D,0,VIIRS_NOAA20_SP
11.11733,77.79904,333.0,0.51,0.41,2023-09-27,751,N20,VIIRS,n,2,297.15,4.13,D,0,VIIRS_NOAA20_SP
11.42846,79.37782,334.5,0.43,0.38,2023-09-27,751,N20,VIIRS,l,2,300.7,2.9,D,0,VIIRS_NOAA20_SP
12.2973,79.61266,331.18,0.41,0.37,2023-09-27,751,N20,VIIRS,n,2,295.28,2.22,D,0,VIIRS_NOAA20_SP
13.78979,76.57476,332.27,0.55,0.43,2023-09-27,752,N20,VIIRS,n,2,292.61,5.13,D,0,VIIRS_NOAA20_SP
14.47277,79.65463,330.97,0.4,0.37,2023-09-27,752,N20,VIIRS,n,2,299.29,2.05,D,0,VIIRS_NOAA20_SP
14.76366,79.4092,336.5,0.4,0.37,2023-09-27,752,N20,VIIRS,n,2,303.76,4.02,D,0,VIIRS_NOAA20_SP
14.91458,79.58826,340.54,0.4,0.37,2023-09-27,752,N20,VIIRS,n,2,306.35,10.7,D,0,VIIRS_NOAA20_SP
14.96056,79.39886,333.01,0.4,0.37,2023-09-27,752,N20,VIIRS,n,2,302.46,1.74,D,0,VIIRS_NOAA20_SP
14.96221,79.39806,333.69,0.4,0.37,2023-09-27,752,N20,VIIRS,n,2,301.9,1.88,D,0,VIIRS_NOAA20_SP
15.47893,79.87032,340.14,0.39,0.36,2023-09-27,752,N20,VIIRS,n,2,301.36,6.08,D,0,VIIRS_NOAA20_SP
16.47677,79.60014,332.8,0.39,0.36,2023-09-27,752,N20,VIIRS,n,2,295.0,2.65,D,0,VIIRS_NOAA20_SP
16.70015,80.90684,334.88,0.38,0.36,2023-09-27,752,N20,VIIRS,n,2,296.43,4.32,D,0,VIIRS_NOAA20_SP
16.93263,81.23711,341.67,0.39,0.36,2023-09-27,752,N20,VIIRS,n,2,297.78,5.37,D,0,VIIRS_NOAA20_SP
16.9351,80.70587,339.37,0.38,0.36,2023-09-27,752,N20,VIIRS,n,2,300.32,7.13,D,0,VIIRS_NOAA20_SP
19.08761,82.1625,332.57,0.42,0.38,2023-09-27,753,N20,VIIRS,n,2,294.33,6.57,D,0,VIIRS_NOAA20_SP
19.09214,82.16988,339.63,0.42,0.38,2023-09-27,753,N20,VIIRS,n,2,295.42,5.39,D,0,VIIRS_NOAA20_SP
19.96286,79.33304,333.05,0.39,0.36,2023-09-27,753,N20,VIIRS,n,2,295.99,5.0,D,2,VIIRS_NOAA20_SP
21.1437,78.88335,330.83,0.39,0.36,2023-09-27,753,N20,VIIRS,l,2,302.76,4.38,D,0,VIIRS_NOAA20_SP
21.67886,84.04066,329.5,0.54,0.42,2023-09-27,753,N20,VIIRS,n,2,294.46,5.64,D,2,VIIRS_NOAA20_SP
22.04047,83.73785,330.95,0.52,0.42,2023-09-27,754,N20,VIIRS,n,2,293.37,5.82,D,2,VIIRS_NOAA20_SP
22.04366,83.73225,332.91,0.52,0.42,2023-09-27,754,N20,VIIRS,n,2,294.08,5.82,D,0,VIIRS_NOAA20_SP
22.34084,69.87971,338.49,0.34,0.56,2023-09-27,754,N20,VIIRS,n,2,294.83,1.02,D,0,VIIRS_NOAA20_SP
23.29469,76.9108,332.35,0.41,0.37,2023-09-27,754,N20,VIIRS,l,2,303.03,4.69,D,0,VIIRS_NOAA20_SP
23.42751,76.86486,334.33,0.41,0.37,2023-09-27,754,N20,VIIRS,n,2,300.74,2.61,D,0,VIIRS_NOAA20_SP
23.71862,78.0397,331.93,0.39,0.36,2023-09-27,754,N20,VIIRS,l,2,305.43,2.14,D,0,VIIRS_NOAA20_SP
23.96988,79.14996,333.42,0.38,0.36,2023-09-27,754,N20,VIIRS,n,2,302.94,3.27,D,0,VIIRS_NOAA20_SP
23.98621,77.55899,330.24,0.39,0.36,2023-09-27,754,N20,VIIRS,n,2,302.79,2.76,D,0,VIIRS_NOAA20_SP
24.03258,79.45983,330.92,0.39,0.36,2023-09-27,754,N20,VIIRS,n,2,300.71,1.31,D,0,VIIRS_NOAA20_SP
24.07962,79.66568,335.98,0.39,0.36,2023-09-27,754,N20,VIIRS,n,2,301.62,4.06,D,0,VIIRS_NOAA20_SP
24.18555,77.85144,335.92,0.39,0.36,2023-09-27,754,N20,VIIRS,n,2,304.31,3.17,D,0,VIIRS_NOAA20_SP
24.18885,77.85081,341.63,0.39,0.36,2023-09-27,754,N20,VIIRS,n,2,305.96,3.17,D,0,VIIRS_NOAA20_SP
24.26495,77.79361,331.06,0.39,0.36,2023-09-27,754,N20,VIIRS,l,2,303.52,2.84,D,0,VIIRS_NOAA20_SP
24.2856,78.07802,330.82,0.39,0.36,2023-09-27,754,N20,VIIRS,l,2,304.07,2.55,D,0,VIIRS_NOAA20_SP
24.36702,78.27251,332.64,0.39,0.36,2023-09-27,754,N20,VIIRS,n,2,304.1,2.42,D,0,VIIRS_NOAA20_SP
23.73146,69.41981,350.37,0.34,0.56,2023-09-27,755,N20,VIIRS,n,2,297.15,6.77,D,0,VIIRS_NOAA20_SP
23.73218,69.42307,336.91,0.34,0.56,2023-09-27,755,N20,VIIRS,n,2,296.03,4.1,D,0,VIIRS_NOAA20_SP
24.69799,76.82642,338.39,0.4,0.37,2023-09-27,755,N20,VIIRS,n,2,304.75,5.18,D,0,VIIRS_NOAA20_SP
24.88911,76.62081,330.19,0.41,0.37,2023-09-27,755,N20,VIIRS,l,2,304.34,2.13,D,0,VIIRS_NOAA20_SP
24.9025,76.94487,333.62,0.4,0.37,2023-09-27,755,N20,VIIRS,l,2,303.76,3.39,D,0,VIIRS_NOAA20_SP
24.90711,76.95206,331.56,0.4,0.37,2023-09-27,755,N20,VIIRS,l,2,304.29,2.92,D,0,VIIRS_NOAA20_SP
24.94898,76.64597,334.98,0.41,0.37,2023-09-27,755,N20,VIIRS,n,2,303.12,2.51,D,0,VIIRS_NOAA20_SP
24.96193,76.61868,331.05,0.41,0.37,2023-09-27,755,N20,VIIRS,l,2,303.14,4.07,D,0,VIIRS_NOAA20_SP
24.97194,76.60923,330.68,0.41,0.37,2023-09-27,755,N20,VIIRS,l,2,304.92,2.72,D,0,VIIRS_NOAA20_SP
25.00768,68.23533,335.8,0.38,0.59,2023-09-27,755,N20,VIIRS,n,2,299.85,1.92,D,0,VIIRS_NOAA20_SP
25.07344,76.65495,332.45,0.41,0.37,2023-09-27,755,N20,VIIRS,l,2,303.02,1.84,D,0,VIIRS_NOAA20_SP
25.08874,76.38296,335.7,0.41,0.37,2023-09-27,755,N20,VIIRS,n,2,303.45,2.88,D,0,VIIRS_NOAA20_SP
25.30646,77.62462,336.28,0.39,0.36,2023-09-27,755,N20,VIIRS,n,2,301.74,3.09,D,0,VIIRS_NOAA20_SP
25.42633,68.83454,346.35,0.34,0.56,2023-09-27,755,N20,VIIRS,n,2,298.35,2.69,D,0,VIIRS_NOAA20_SP
25.42932,68.83353,349.26,0.34,0.56,2023-09-27,755,N20,VIIRS,n,2,299.16,3.56,D,0,VIIRS_NOAA20_SP
26.20895,73.35265,334.72,0.54,0.42,2023-09-27,755,N20,VIIRS,n,2,304.44,5.16,D,0,VIIRS_NOAA20_SP
26.24102,69.0215,332.08,0.32,0.54,2023-09-27,755,N20,VIIRS,n,2,300.66,2.43,D,0,VIIRS_NOAA20_SP
27.53645,80.44151,333.31,0.43,0.38,2023-09-27,755,N20,VIIRS,n,2,298.99,3.34,D,0,VIIRS_NOAA20_SP
27.58925,78.33058,334.44,0.39,0.36,2023-09-27,755,N20,VIIRS,n,2,303.02,4.15,D,0,VIIRS_NOAA20_SP
28.05579,79.94036,337.45,0.42,0.37,2023-09-27,755,N20,VIIRS,n,2,299.66,3.16,D,0,VIIRS_NOAA20_SP
28.27304,79.56016,330.5,0.41,0.37,2023-09-27,755,N20,VIIRS,n,2,296.88,1.53,D,0,VIIRS_NOAA20_SP
28.29471,78.69951,330.66,0.39,0.36,2023-09-27,755,N20,VIIRS,n,2,302.52,1.9,D,0,VIIRS_NOAA20_SP
28.34553,80.1773,331.58,0.42,0.38,2023-09-27,755,N20,VIIRS,n,2,300.06,4.4,D,0,VIIRS_NOAA20_SP
28.41112,77.66917,340.11,0.38,0.36,2023-09-27,755,N20,VIIRS,n,2,301.63,2.66,D,0,VIIRS_NOAA20_SP
28.48478,78.67776,334.72,0.39,0.36,2023-09-27,755,N20,VIIRS,n,2,301.55,2.85,D,0,VIIRS_NOAA20_SP
28.43534,76.4509,341.18,0.39,0.36,2023-09-27,756,N20,VIIRS,n,2,312.57,4.12,D,0,VIIRS_NOAA20_SP
28.67019,78.48156,331.94,0.39,0.36,2023-09-27,756,N20,VIIRS,n,2,303.78,1.87,D,0,VIIRS_NOAA20_SP
28.79432,77.02026,334.05,0.39,0.36,2023-09-27,756,N20,VIIRS,l,2,305.74,3.16,D,0,VIIRS_NOAA20_SP
28.97358,70.49776,342.55,0.46,0.47,2023-09-27,756,N20,VIIRS,n,2,304.29,5.48,D,0,VIIRS_NOAA20_SP
28.97539,70.4968,341.85,0.46,0.47,2023-09-27,756,N20,VIIRS,n,2,303.88,4.67,D,0,VIIRS_NOAA20_SP
29.02052,77.14113,330.1,0.38,0.36,2023-09-27,756,N20,VIIRS,n,2,303.13,2.91,D,0,VIIRS_NOAA20_SP
29.0265,77.1359,334.81,0.38,0.36,2023-09-27,756,N20,VIIRS,n,2,303.02,4.33,D,0,VIIRS_NOAA20_SP
29.06865,77.12345,335.12,0.38,0.36,2023-09-27,756,N20,VIIRS,n,2,304.46,2.39,D,0,VIIRS_NOAA20_SP
29.13426,70.87,350.84,0.43,0.46,2023-09-27,756,N20,VIIRS,n,2,301.82,9.97,D,0,VIIRS_NOAA20_SP
29.19097,77.05467,337.47,0.38,0.36,2023-09-27,756,N20,VIIRS,n,2,303.52,6.09,D,0,VIIRS_NOAA20_SP
29.35712,70.66788,334.13,0.44,0.46,2023-09-27,756,N20,VIIRS,n,2,300.79,2.64,D,0,VIIRS_NOAA20_SP
29.3622,70.6712,334.51,0.44,0.46,2023-09-27,756,N20,VIIRS,n,2,300.66,7.22,D,0,VIIRS_NOAA20_SP
29.55757,77.09557,333.43,0.38,0.36,2023-09-27,756,N20,VIIRS,l,2,304.43,3.31,D,0,VIIRS_NOAA20_SP
29.56085,77.09491,333.49,0.38,0.36,2023-09-27,756,N20,VIIRS,n,2,302.71,3.31,D,0,VIIRS_NOAA20_SP
29.63885,76.9818,334.45,0.38,0.36,2023-09-27,756,N20,VIIRS,n,2,306.31,1.91,D,0,VIIRS_NOAA20_SP
29.77928,76.3992,336.33,0.39,0.36,2023-09-27,756,N20,VIIRS,n,2,305.76,3.66,D,0,VIIRS_NOAA20_SP
29.84983,75.40279,337.88,0.4,0.37,2023-09-27,756,N20,VIIRS,l,2,308.91,3.42,D,0,VIIRS_NOAA20_SP
29.86159,77.01492,338.39,0.38,0.36,2023-09-27,756,N20,VIIRS,n,2,304.31,5.22,D,0,VIIRS_NOAA20_SP
29.90819,74.95213,335.25,0.41,0.37,2023-09-27,756,N20,VIIRS,l,2,310.06,3.85,D,2,VIIRS_NOAA20_SP
29.94974,76.85892,333.09,0.38,0.36,2023-09-27,756,N20,VIIRS,n,2,302.6,3.16,D,0,VIIRS_NOAA20_SP
29.96294,77.01099,346.97,0.38,0.36,2023-09-27,756,N20,VIIRS,n,2,303.9,4.52,D,0,VIIRS_NOAA20_SP
29.96355,77.01494,330.74,0.38,0.36,2023-09-27,756,N20,VIIRS,l,2,301.99,2.45,D,0,VIIRS_NOAA20_SP
29.96623,77.01033,341.87,0.38,0.36,2023-09-27,756,N20,VIIRS,n,2,303.3,4.37,D,0,VIIRS_NOAA20_SP
30.00773,71.43667,334.6,0.39,0.44,2023-09-27,756,N20,VIIRS,n,2,299.67,3.12,D,0,VIIRS_NOAA20_SP
30.01954,77.09317,339.46,0.38,0.36,2023-09-27,756,N20,VIIRS,n,2,302.58,3.47,D,0,VIIRS_NOAA20_SP
30.02527,77.24259,332.52,0.38,0.36,2023-09-27,756,N20,VIIRS,n,2,301.14,3.36,D,0,VIIRS_NOAA20_SP
30.03891,76.90667,339.05,0.38,0.36,2023-09-27,756,N20,VIIRS,n,2,307.07,9.16,D,0,VIIRS_NOAA20_SP
30.0615,76.98766,330.39,0.38,0.36,2023-09-27,756,N20,VIIRS,n,2,302.81,1.66,D,0,VIIRS_NOAA20_SP
30.06479,76.98698,335.47,0.38,0.36,2023-09-27,756,N20,VIIRS,n,2,304.11,4.6,D,0,VIIRS_NOAA20_SP
30.09931,77.10221,331.8,0.38,0.36,2023-09-27,756,N20,VIIRS,n,2,303.13,2.98,D,0,VIIRS_NOAA20_SP
30.26989,70.90871,332.8,0.41,0.45,2023-09-27,756,N20,VIIRS,n,2,299.84,2.66,D,0,VIIRS_NOAA20_SP
30.31405,76.46631,336.38,0.39,0.36,2023-09-27,756,N20,VIIRS,n,2,303.06,2.03,D,0,VIIRS_NOAA20_SP
30.39546,73.31003,335.82,0.47,0.4,2023-09-27,756,N20,VIIRS,n,2,303.99,4.08,D,0,VIIRS_NOAA20_SP
30.44519,76.0475,331.91,0.39,0.36,2023-09-27,756,N20,VIIRS,n,2,301.56,2.65,D,0,VIIRS_NOAA20_SP
30.49707,73.41174,330.25,0.46,0.39,2023-09-27,756,N20,VIIRS,n,2,303.14,3.06,D,0,VIIRS_NOAA20_SP
30.56377,73.48162,340.26,0.46,0.39,2023-09-27,756,N20,VIIRS,n,2,305.39,8.68,D,0,VIIRS_NOAA20_SP
30.60178,76.83028,333.76,0.38,0.36,2023-09-27,756,N20,VIIRS,n,2,303.9,2.86,D,0,VIIRS_NOAA20_SP
30.61319,77.01628,331.89,0.38,0.36,2023-09-27,756,N20,VIIRS,n,2,301.3,1.55,D,0,VIIRS_NOAA20_SP
30.62125,76.84678,334.97,0.38,0.36,2023-09-27,756,N20,VIIRS,l,2,305.69,3.43,D,0,VIIRS_NOAA20_SP
30.81244,76.58606,337.45,0.38,0.36,2023-09-27,756,N20,VIIRS,n,2,306.12,4.36,D,0,VIIRS_NOAA20_SP
30.8381,76.33414,332.03,0.39,0.36,2023-09-27,756,N20,VIIRS,n,2,302.09,1.71,D,0,VIIRS_NOAA20_SP
30.99273,74.2194,343.2,0.43,0.38,2023-09-27,756,N20,VIIRS,n,2,304.13,4.66,D,0,VIIRS_NOAA20_SP
31.18612,74.44463,335.61,0.42,0.37,2023-09-27,756,N20,VIIRS,n,2,305.21,2.61,D,0,VIIRS_NOAA20_SP
31.19366,74.44737,332.92,0.42,0.37,2023-09-27,756,N20,VIIRS,n,2,305.03,1.49,D,0,VIIRS_NOAA20_SP
31.56557,75.15401,332.72,0.4,0.37,2023-09-27,756,N20,VIIRS,l,2,303.37,6.36,D,0,VIIRS_NOAA20_SP
31.58692,75.15782,345.49,0.4,0.37,2023-09-27,756,N20,VIIRS,n,2,305.08,6.04,D,0,VIIRS_NOAA20_SP
31.59365,75.04059,330.83,0.4,0.37,2023-09-27,756,N20,VIIRS,n,2,304.31,1.89,D,0,VIIRS_NOAA20_SP
31.61862,75.08679,335.52,0.4,0.37,2023-09-27,756,N20,VIIRS,l,2,307.01,7.08,D,0,VIIRS_NOAA20_SP
31.64403,75.094,336.4,0.4,0.37,2023-09-27,756,N20,VIIRS,n,2,306.36,4.68,D,0,VIIRS_NOAA20_SP
31.66061,75.06868,331.25,0.4,0.37,2023-09-27,756,N20,VIIRS,l,2,305.36,2.06,D,0,VIIRS_NOAA20_SP
31.66258,75.0596,333.26,0.4,0.37,2023-09-27,756,N20,VIIRS,l,2,305.17,4.12,D,0,VIIRS_NOAA20_SP
31.67026,75.1484,332.14,0.4,0.37,2023-09-27,756,N20,VIIRS,n,2,303.25,2.52,D,0,VIIRS_NOAA20_SP
31.68568,74.9993,335.91,0.4,0.37,2023-09-27,756,N20,VIIRS,l,2,306.71,3.7,D,0,VIIRS_NOAA20_SP
31.68609,74.96017,336.48,0.4,0.37,2023-09-27,756,N20,VIIRS,n,2,310.49,21.08,D,0,VIIRS_NOAA20_SP
31.69696,74.98373,342.41,0.4,0.37,2023-09-27,756,N20,VIIRS,n,2,310.53,17.61,D,0,VIIRS_NOAA20_SP
31.70598,75.03797,337.46,0.4,0.37,2023-09-27,756,N20,VIIRS,n,2,304.12,3.36,D,0,VIIRS_NOAA20_SP
31.71115,75.00652,332.67,0.4,0.37,2023-09-27,756,N20,VIIRS,n,2,304.12,1.92,D,0,VIIRS_NOAA20_SP
31.7199,75.01752,339.21,0.4,0.37,2023-09-27,756,N20,VIIRS,n,2,304.45,3.77,D,0,VIIRS_NOAA20_SP
31.73843,74.983,332.13,0.4,0.37,2023-09-27,756,N20,VIIRS,n,2,302.75,1.57,D,0,VIIRS_NOAA20_SP
31.75582,74.98338,343.47,0.4,0.37,2023-09-27,756,N20,VIIRS,n,2,305.3,8.03,D,0,VIIRS_NOAA20_SP
31.75916,74.98262,344.15,0.4,0.37,2023-09-27,756,N20,VIIRS,n,2,305.59,8.03,D,0,VIIRS_NOAA20_SP
31.76015,75.05166,345.91,0.4,0.37,2023-09-27,756,N20,VIIRS,n,2,306.3,9.17,D,0,VIIRS_NOAA20_SP
31.76819,75.05849,333.42,0.4,0.37,2023-09-27,756,N20,VIIRS,n,2,303.08,3.59,D,0,VIIRS_NOAA20_SP
31.80384,75.14959,332.16,0.4,0.37,2023-09-27,756,N20,VIIRS,n,2,301.51,6.23,D,0,VIIRS_NOAA20_SP
31.80717,75.14883,342.26,0.4,0.37,2023-09-27,756,N20,VIIRS,n,2,305.01,6.23,D,0,VIIRS_NOAA20_SP
31.29806,70.72103,334.45,0.4,0.44,2023-09-27,757,N20,VIIRS,n,2,305.64,2.31,D,0,VIIRS_NOAA20_SP
31.30908,70.69183,343.05,0.4,0.44,2023-09-27,757,N20,VIIRS,n,2,308.13,3.57,D,0,VIIRS_NOAA20_SP
31.39643,72.21612,331.07,0.51,0.41,2023-09-27,757,N20,VIIRS,n,2,299.39,3.31,D,0,VIIRS_NOAA20_SP
31.41816,72.39479,332.72,0.5,0.41,2023-09-27,757,N20,VIIRS,n,2,300.23,7.43,D,0,VIIRS_NOAA20_SP
31.78094,70.76913,332.51,0.39,0.44,2023-09-27,757,N20,VIIRS,n,2,304.22,1.8,D,0,VIIRS_NOAA20_SP
31.79188,74.15189,336.59,0.42,0.38,2023-09-27,757,N20,VIIRS,n,2,302.93,1.89,D,0,VIIRS_NOAA20_SP
31.79529,74.15108,330.38,0.42,0.38,2023-09-27,757,N20,VIIRS,n,2,303.84,1.89,D,0,VIIRS_NOAA20_SP
31.80363,74.96899,330.33,0.4,0.37,2023-09-27,757,N20,VIIRS,l,2,302.15,1.43,D,0,VIIRS_NOAA20_SP
31.89314,73.83812,331.18,0.43,0.38,2023-09-27,757,N20,VIIRS,l,2,302.62,2.07,D,0,VIIRS_NOAA20_SP
32.1566,74.70303,335.45,0.4,0.37,2023-09-27,757,N20,VIIRS,n,2,303.9,2.52,D,0,VIIRS_NOAA20_SP
32.168,75.31368,332.95,0.39,0.36,2023-09-27,757,N20,VIIRS,l,2,303.2,2.82,D,0,VIIRS_NOAA20_SP
32.16866,75.31781,341.44,0.39,0.36,2023-09-27,757,N20,VIIRS,n,2,303.61,3.94,D,0,VIIRS_NOAA20_SP
32.17086,75.31409,333.99,0.39,0.36,2023-09-27,757,N20,VIIRS,n,2,304.02,2.71,D,0,VIIRS_NOAA20_SP
32.17154,75.31821,330.25,0.39,0.36,2023-09-27,757,N20,VIIRS,n,2,305.14,3.63,D,0,VIIRS_NOAA20_SP
32.20924,73.80892,341.13,0.43,0.38,2023-09-27,757,N20,VIIRS,n,2,305.02,3.98,D,0,VIIRS_NOAA20_SP
32.23926,74.48149,330.87,0.41,0.37,2023-09-27,757,N20,VIIRS,n,2,302.29,2.58,D,0,VIIRS_NOAA20_SP
32.4067,74.26123,331.42,0.41,0.37,2023-09-27,757,N20,VIIRS,n,2,302.13,2.11,D,0,VIIRS_NOAA20_SP
32.41722,74.40658,340.03,0.41,0.37,2023-09-27,757,N20,VIIRS,n,2,308.02,5.29,D,0,VIIRS_NOAA20_SP
34.12202,72.64932,331.42,0.44,0.39,2023-09-27,757,N20,VIIRS,l,2,303.2,1.99,D,0,VIIRS_NOAA20_SP
29.26595,91.92089,300.98,0.67,0.73,2023-09-27,1839,N20,VIIRS,n,2,281.98,1.86,N,2,VIIRS_NOAA20_SP
24.54061,97.7374,302.8,0.51,0.5,2023-09-27,1840,N20,VIIRS,n,2,288.59,1.25,N,2,VIIRS_NOAA20_SP
27.31864,95.26374,308.13,0.39,0.6,2023-09-27,1840,N20,VIIRS,n,2,287.83,1.19,N,2,VIIRS_NOAA20_SP
27.53527,95.39816,304.02,0.39,0.59,2023-09-27,1840,N20,VIIRS,n,2,288.83,0.37,N,2,VIIRS_NOAA20_SP
27.53631,95.39771,305.93,0.39,0.59,2023-09-27,1840,N20,VIIRS,n,2,288.8,0.33,N,2,VIIRS_NOAA20_SP
22.3552,96.70252,304.72,0.56,0.52,2023-09-27,1841,N20,VIIRS,n,2,284.93,1.25,N,2,VIIRS_NOAA20_SP
23.09496,97.38362,305.1,0.52,0.5,2023-09-27,1841,N20,VIIRS,n,2,289.07,1.21,N,2,VIIRS_NOAA20_SP
23.98456,90.64259,307.49,0.71,0.75,2023-09-27,1841,N20,VIIRS,n,2,286.87,1.25,N,0,VIIRS_NOAA20_SP
23.98562,90.64399,310.86,0.71,0.75,2023-09-27,1841,N20,VIIRS,n,2,287.23,1.77,N,0,VIIRS_NOAA20_SP
34.36236,73.37981,300.76,0.58,0.52,2023-09-27,2019,N20,VIIRS,n,2,289.9,1.29,N,0,VIIRS_NOAA20_SP
34.36715,73.3807,306.25,0.58,0.52,2023-09-27,2019,N20,VIIRS,n,2,289.41,1.29,N,0,VIIRS_NOAA20_SP
35.1558,71.01888,296.13,0.41,0.6,2023-09-27,2019,N20,VIIRS,n,2,280.05,1.33,N,0,VIIRS_NOAA20_SP
29.08491,88.01197,298.14,0.47,0.47,2023-09-27,2020,N20,VIIRS,n,2,280.08,1.3,N,0,VIIRS_NOAA20_SP
29.22477,88.34886,309.66,0.48,0.48,2023-09-27,2020,N20,VIIRS,n,2,281.68,2.65,N,2,VIIRS_NOAA20_SP
29.37948,91.14867,298.34,0.35,0.57,2023-09-27,2020,N20,VIIRS,n,2,278.15,0.87,N,2,VIIRS_NOAA20_SP
30.3272,70.5351,306.52,0.39,0.59,2023-09-27,2020,N20,VIIRS,n,2,296.45,1.2,N,0,VIIRS_NOAA20_SP
32.29612,70.72996,307.09,0.39,0.6,2023-09-27,2020,N20,VIIRS,n,2,293.95,1.04,N,2,VIIRS_NOAA20_SP
32.2962,70.7297,305.84,0.39,0.6,2023-09-27,2020,N20,VIIRS,n,2,293.9,1.17,N,2,VIIRS_NOAA20_SP
32.89136,71.61457,310.67,0.35,0.57,2023-09-27,2020,N20,VIIRS,n,2,295.44,1.2,N,2,VIIRS_NOAA20_SP
33.12261,69.80878,311.53,0.46,0.63,2023-09-27,2020,N20,VIIRS,n,2,283.67,1.64,N,0,VIIRS_NOAA20_SP
22.47867,91.73464,295.71,0.54,0.68,2023-09-27,2021,N20,VIIRS,n,2,254.76,1.3,N,0,VIIRS_NOAA20_SP
23.68175,86.39214,312.99,0.47,0.48,2023-09-27,2021,N20,VIIRS,n,2,286.24,2.73,N,2,VIIRS_NOAA20_SP
23.68606,86.39311,326.1,0.47,0.48,2023-09-27,2021,N20,VIIRS,n,2,287.27,2.73,N,2,VIIRS_NOAA20_SP
23.68696,86.38868,306.18,0.47,0.48,2023-09-27,2021,N20,VIIRS,n,2,288.18,2.31,N,2,VIIRS_NOAA20_SP
23.71667,86.44308,304.55,0.47,0.48,2023-09-27,2021,N20,VIIRS,n,2,287.63,2.63,N,2,VIIRS_NOAA20_SP
23.72008,86.44862,309.94,0.47,0.48,2023-09-27,2021,N20,VIIRS,n,2,288.41,2.25,N,2,VIIRS_NOAA20_SP
23.73099,86.75634,296.14,0.5,0.49,2023-09-27,2021,N20,VIIRS,n,2,266.12,0.53,N,0,VIIRS_NOAA20_SP
23.74888,86.42401,305.81,0.47,0.48,2023-09-27,2021,N20,VIIRS,n,2,286.47,1.09,N,2,VIIRS_NOAA20_SP
23.75783,86.40239,328.55,0.47,0.48,2023-09-27,2021,N20,VIIRS,n,2,285.91,3.35,N,2,VIIRS_NOAA20_SP
23.75875,86.39793,316.52,0.47,0.48,2023-09-27,2021,N20,VIIRS,n,2,286.62,3.35,N,2,VIIRS_NOAA20_SP
23.76398,86.39442,316.24,0.47,0.48,2023-09-27,2021,N20,VIIRS,n,2,286.97,1.86,N,2,VIIRS_NOAA20_SP
23.76736,86.39991,307.41,0.47,0.48,2023-09-27,2021,N20,VIIRS,n,2,286.2,2.63,N,2,VIIRS_NOAA20_SP
23.76768,86.37634,309.28,0.47,0.48,2023-09-27,2021,N20,VIIRS,n,2,286.66,1.33,N,2,VIIRS_NOAA20_SP
23.76828,86.39541,310.23,0.47,0.48,2023-09-27,2021,N20,VIIRS,n,2,287.28,1.86,N,2,VIIRS_NOAA20_SP
23.7686,86.37181,306.62,0.47,0.48,2023-09-27,2021,N20,VIIRS,n,2,286.04,1.33,N,2,VIIRS_NOAA20_SP
23.76921,86.39088,304.53,0.47,0.48,2023-09-27,2021,N20,VIIRS,n,2,286.39,1.86,N,2,VIIRS_NOAA20_SP
23.77013,86.38634,303.5,0.47,0.48,2023-09-27,2021,N20,VIIRS,n,2,285.59,1.74,N,2,VIIRS_NOAA20_SP
23.7734,86.20315,309.32,0.46,0.47,2023-09-27,2021,N20,VIIRS,n,2,286.83,1.44,N,2,VIIRS_NOAA20_SP
23.77428,86.1987,303.65,0.46,0.47,2023-09-27,2021,N20,VIIRS,n,2,286.49,1.44,N,2,VIIRS_NOAA20_SP
23.77444,86.38731,313.94,0.47,0.48,2023-09-27,2021,N20,VIIRS,n,2,286.27,2.37,N,2,VIIRS_NOAA20_SP
23.77485,86.21013,318.09,0.46,0.47,2023-09-27,2021,N20,VIIRS,n,2,287.67,2.97,N,2,VIIRS_NOAA20_SP
23.7768,86.20847,316.63,0.46,0.47,2023-09-27,2021,N20,VIIRS,n,2,286.67,3.39,N,2,VIIRS_NOAA20_SP
23.77782,86.39285,308.71,0.47,0.48,2023-09-27,2021,N20,VIIRS,n,2,286.41,3.43,N,2,VIIRS_NOAA20_SP
23.77836,86.34604,307.13,0.47,0.47,2023-09-27,2021,N20,VIIRS,n,2,285.02,1.02,N,2,VIIRS_NOAA20_SP
23.77875,86.38829,317.92,0.47,0.48,2023-09-27,2021,N20,VIIRS,n,2,286.55,2.37,N,2,VIIRS_NOAA20_SP
23.78002,86.20667,321.37,0.46,0.47,2023-09-27,2021,N20,VIIRS,n,2,287.34,2.97,N,2,VIIRS_NOAA20_SP
23.78106,86.20941,330.88,0.46,0.47,2023-09-27,2021,N20,VIIRS,n,2,287.29,4.11,N,2,VIIRS_NOAA20_SP
23.78148,86.37486,304.91,0.47,0.48,2023-09-27,2021,N20,VIIRS,n,2,286.36,1.44,N,2,VIIRS_NOAA20_SP
23.78193,86.205,317.28,0.46,0.47,2023-09-27,2021,N20,VIIRS,n,2,286.75,3.03,N,2,VIIRS_NOAA20_SP
23.78212,86.39384,322.38,0.47,0.48,2023-09-27,2021,N20,VIIRS,n,2,286.88,3.14,N,2,VIIRS_NOAA20_SP
23.78239,86.37041,308.37,0.47,0.48,2023-09-27,2021,N20,VIIRS,n,2,286.17,1.76,N,2,VIIRS_NOAA20_SP
23.78266,86.34702,305.64,0.47,0.47,2023-09-27,2021,N20,VIIRS,n,2,285.38,0.94,N,2,VIIRS_NOAA20_SP
23.78428,86.20761,328.54,0.46,0.47,2023-09-27,2021,N20,VIIRS,n,2,286.64,3.42,N,2,VIIRS_NOAA20_SP
23.78539,86.3336,312.19,0.47,0.47,2023-09-27,2021,N20,VIIRS,n,2,287.42,3.17,N,2,VIIRS_NOAA20_SP
23.79033,86.35346,304.89,0.47,0.48,2023-09-27,2021,N20,VIIRS,n,2,287.23,2.32,N,2,VIIRS_NOAA20_SP
23.79462,86.35448,309.99,0.47,0.48,2023-09-27,2021,N20,VIIRS,n,2,288.06,2.32,N,2,VIIRS_NOAA20_SP
23.79552,86.35004,328.8,0.47,0.47,2023-09-27,2021,N20,VIIRS,n,2,288.78,2.32,N,2,VIIRS_NOAA20_SP
23.79677,86.23376,303.73,0.46,0.47,2023-09-27,2021,N20,VIIRS,n,2,285.19,0.77,N,2,VIIRS_NOAA20_SP
23.80436,86.32858,326.84,0.47,0.47,2023-09-27,2021,N20,VIIRS,n,2,288.17,4.66,N,2,VIIRS_NOAA20_SP
23.80704,86.31533,306.64,0.46,0.47,2023-09-27,2021,N20,VIIRS,n,2,288.0,2.79,N,2,VIIRS_NOAA20_SP
23.82608,85.49934,312.0,0.41,0.45,2023-09-27,2021,N20,VIIRS,n,2,290.46,1.78,N,2,VIIRS_NOAA20_SP
23.98389,90.64931,307.05,0.43,0.62,2023-09-27,2021,N20,VIIRS,n,2,286.43,1.01,N,0,VIIRS_NOAA20_SP
23.99685,91.11416,306.84,0.46,0.63,2023-09-27,2021,N20,VIIRS,n,2,288.08,0.82,N,0,VIIRS_NOAA20_SP
24.45058,83.03969,306.66,0.46,0.39,2023-09-27,2021,N20,VIIRS,n,2,293.37,1.39,N,2,VIIRS_NOAA20_SP
24.92878,84.14651,305.34,0.5,0.41,2023-09-27,2021,N20,VIIRS,n,2,291.0,0.57,N,0,VIIRS_NOAA20_SP
26.09425,68.87591,314.29,0.44,0.63,2023-09-27,2021,N20,VIIRS,n,2,296.36,1.92,N,2,VIIRS_NOAA20_SP
26.64347,79.4791,310.36,0.39,0.36,2023-09-27,2021,N20,VIIRS,n,2,295.71,1.07,N,2,VIIRS_NOAA20_SP
26.75928,83.20132,307.33,0.44,0.38,2023-09-27,2021,N20,VIIRS,n,2,294.28,0.82,N,2,VIIRS_NOAA20_SP
26.76005,83.19701,306.97,0.44,0.38,2023-09-27,2021,N20,VIIRS,n,2,294.04,0.82,N,2,VIIRS_NOAA20_SP
26.76194,83.19879,315.05,0.44,0.38,2023-09-27,2021,N20,VIIRS,n,2,294.44,1.98,N,2,VIIRS_NOAA20_SP
28.84335,77.14706,311.37,0.47,0.4,2023-09-27,2021,N20,VIIRS,n,2,295.36,1.08,N,0,VIIRS_NOAA20_SP
20.26066,86.59933,310.4,0.56,0.52,2023-09-27,2022,N20,VIIRS,n,2,289.02,0.98,N,0,VIIRS_NOAA20_SP
20.78457,85.26591,305.98,0.46,0.47,2023-09-27,2022,N20,VIIRS,n,2,290.18,1.39,N,2,VIIRS_NOAA20_SP
20.7854,85.26161,308.69,0.45,0.47,2023-09-27,2022,N20,VIIRS,n,2,290.51,2.36,N,2,VIIRS_NOAA20_SP
20.78854,85.26058,306.46,0.45,0.47,2023-09-27,2022,N20,VIIRS,n,2,289.96,2.3,N,2,VIIRS_NOAA20_SP
20.79451,85.25287,330.74,0.45,0.47,2023-09-27,2022,N20,VIIRS,n,2,288.84,4.87,N,2,VIIRS_NOAA20_SP
20.79556,85.25481,338.41,0.45,0.47,2023-09-27,2022,N20,VIIRS,n,2,288.86,6.4,N,2,VIIRS_NOAA20_SP
20.86368,84.99181,310.27,0.44,0.46,2023-09-27,2022,N20,VIIRS,n,2,290.35,1.66,N,2,VIIRS_NOAA20_SP
20.86869,84.98844,309.36,0.44,0.46,2023-09-27,2022,N20,VIIRS,n,2,290.74,1.25,N,2,VIIRS_NOAA20_SP
20.94456,86.05606,308.83,0.51,0.49,2023-09-27,2022,N20,VIIRS,n,2,288.36,2.53,N,2,VIIRS_NOAA20_SP
20.94779,85.00629,307.93,0.44,0.46,2023-09-27,2022,N20,VIIRS,n,2,290.15,1.56,N,2,VIIRS_NOAA20_SP
20.95093,86.04736,305.6,0.51,0.49,2023-09-27,2022,N20,VIIRS,n,2,288.43,1.73,N,2,VIIRS_NOAA20_SP
20.95611,85.00821,307.6,0.44,0.46,2023-09-27,2022,N20,VIIRS,n,2,290.36,1.4,N,2,VIIRS_NOAA20_SP
20.95709,85.00768,306.8,0.44,0.46,2023-09-27,2022,N20,VIIRS,n,2,289.95,0.87,N,2,VIIRS_NOAA20_SP
20.95954,85.17307,310.16,0.45,0.47,2023-09-27,2022,N20,VIIRS,n,2,289.17,2.73,N,2,VIIRS_NOAA20_SP
20.96292,85.17822,308.36,0.45,0.47,2023-09-27,2022,N20,VIIRS,n,2,289.74,3.08,N,2,VIIRS_NOAA20_SP
20.96374,85.17403,321.93,0.45,0.47,2023-09-27,2022,N20,VIIRS,n,2,290.07,2.73,N,2,VIIRS_NOAA20_SP
20.96382,86.00555,310.54,0.5,0.49,2023-09-27,2022,N20,VIIRS,n,2,288.79,1.97,N,2,VIIRS_NOAA20_SP
20.96456,85.16983,324.11,0.45,0.47,2023-09-27,2022,N20,VIIRS,n,2,290.07,2.73,N,2,VIIRS_NOAA20_SP
20.96537,85.16566,319.6,0.45,0.47,2023-09-27,2022,N20,VIIRS,n,2,289.59,2.97,N,2,VIIRS_NOAA20_SP
20.96731,86.01136,314.68,0.5,0.49,2023-09-27,2022,N20,VIIRS,n,2,289.02,2.78,N,2,VIIRS_NOAA20_SP
20.96795,85.17497,307.98,0.45,0.47,2023-09-27,2022,N20,VIIRS,n,2,288.94,1.59,N,2,VIIRS_NOAA20_SP
20.96876,85.17081,306.73,0.45,0.47,2023-09-27,2022,N20,VIIRS,n,2,288.94,1.59,N,2,VIIRS_NOAA20_SP
20.9695,86.01477,315.43,0.5,0.49,2023-09-27,2022,N20,VIIRS,n,2,289.29,2.61,N,2,VIIRS_NOAA20_SP
20.97215,85.17592,323.41,0.45,0.47,2023-09-27,2022,N20,VIIRS,n,2,289.39,1.59,N,2,VIIRS_NOAA20_SP
20.9724,86.00056,308.99,0.5,0.49,2023-09-27,2022,N20,VIIRS,n,2,289.15,1.65,N,2,VIIRS_NOAA20_SP
20.97296,85.17175,306.18,0.45,0.47,2023-09-27,2022,N20,VIIRS,n,2,289.2,1.59,N,2,VIIRS_NOAA20_SP
20.9736,86.00288,307.22,0.5,0.49,2023-09-27,2022,N20,VIIRS,n,2,289.13,2.4,N,2,VIIRS_NOAA20_SP
20.97612,85.1331,318.26,0.44,0.46,2023-09-27,2022,N20,VIIRS,n,2,289.46,3.13,N,2,VIIRS_NOAA20_SP
20.97787,85.1466,311.04,0.44,0.46,2023-09-27,2022,N20,VIIRS,n,2,289.2,1.6,N,2,VIIRS_NOAA20_SP
20.97949,85.13826,307.08,0.44,0.46,2023-09-27,2022,N20,VIIRS,n,2,289.06,2.53,N,2,VIIRS_NOAA20_SP
20.99959,86.0265,305.54,0.5,0.49,2023-09-27,2022,N20,VIIRS,n,2,289.02,1.36,N,0,VIIRS_NOAA20_SP
21.06964,85.03558,304.35,0.44,0.46,2023-09-27,2022,N20,VIIRS,n,2,285.96,1.25,N,2,VIIRS_NOAA20_SP
21.07715,85.04156,333.94,0.44,0.46,2023-09-27,2022,N20,VIIRS,n,2,286.98,2.66,N,2,VIIRS_NOAA20_SP
21.07796,85.03748,308.56,0.44,0.46,2023-09-27,2022,N20,VIIRS,n,2,286.18,2.66,N,2,VIIRS_NOAA20_SP
21.18367,81.38564,309.64,0.43,0.38,2023-09-27,2022,N20,VIIRS,n,2,291.7,2.32,N,3,VIIRS_NOAA20_SP
21.18641,81.39036,323.45,0.43,0.38,2023-09-27,2022,N20,VIIRS,n,2,291.96,2.32,N,3,VIIRS_NOAA20_SP
21.19596,81.41737,310.25,0.43,0.38,2023-09-27,2022,N20,VIIRS,n,2,290.95,1.66,N,2,VIIRS_NOAA20_SP
21.24634,79.22324,305.89,0.38,0.36,2023-09-27,2022,N20,VIIRS,n,2,279.29,0.72,N,2,VIIRS_NOAA20_SP
21.26976,79.18217,297.73,0.38,0.36,2023-09-27,2022,N20,VIIRS,n,2,276.75,0.26,N,2,VIIRS_NOAA20_SP
21.36386,81.64614,307.27,0.43,0.38,2023-09-27,2022,N20,VIIRS,n,2,291.02,2.22,N,2,VIIRS_NOAA20_SP
21.37126,81.68597,307.29,0.43,0.38,2023-09-27,2022,N20,VIIRS,n,2,291.43,2.35,N,2,VIIRS_NOAA20_SP
21.37569,81.63997,307.61,0.43,0.38,2023-09-27,2022,N20,VIIRS,n,2,291.53,1.65,N,2,VIIRS_NOAA20_SP
21.37964,81.6791,311.24,0.43,0.38,2023-09-27,2022,N20,VIIRS,n,2,291.0,1.75,N,2,VIIRS_NOAA20_SP
21.38884,81.64681,313.86,0.43,0.38,2023-09-27,2022,N20,VIIRS,n,2,291.88,2.57,N,2,VIIRS_NOAA20_SP
21.48772,81.76765,308.38,0.44,0.38,2023-09-27,2022,N20,VIIRS,n,2,291.14,1.54,N,2,VIIRS_NOAA20_SP
21.54404,81.94669,309.41,0.44,0.39,2023-09-27,2022,N20,VIIRS,n,2,291.68,1.58,N,2,VIIRS_NOAA20_SP
21.67326,82.0807,310.91,0.45,0.39,2023-09-27,2022,N20,VIIRS,n,2,290.88,1.96,N,2,VIIRS_NOAA20_SP
21.67996,84.03926,317.93,0.56,0.43,2023-09-27,2022,N20,VIIRS,n,2,290.72,3.71,N,2,VIIRS_NOAA20_SP
21.68009,84.03757,317.7,0.56,0.43,2023-09-27,2022,N20,VIIRS,n,2,290.42,4.33,N,2,VIIRS_NOAA20_SP
21.72976,82.21505,305.48,0.45,0.39,2023-09-27,2022,N20,VIIRS,n,2,290.77,1.88,N,2,VIIRS_NOAA20_SP
21.75579,84.02242,309.53,0.56,0.43,2023-09-27,2022,N20,VIIRS,n,2,290.24,2.82,N,2,VIIRS_NOAA20_SP
21.91951,83.35096,316.13,0.51,0.41,2023-09-27,2022,N20,VIIRS,n,2,291.43,2.8,N,2,VIIRS_NOAA20_SP
21.92041,83.34612,319.23,0.51,0.41,2023-09-27,2022,N20,VIIRS,n,2,290.25,2.8,N,2,VIIRS_NOAA20_SP
21.92173,83.35382,307.58,0.51,0.41,2023-09-27,2022,N20,VIIRS,n,2,290.82,4.58,N,2,VIIRS_NOAA20_SP
21.92261,83.34896,340.67,0.51,0.41,2023-09-27,2022,N20,VIIRS,n,2,292.04,4.58,N,2,VIIRS_NOAA20_SP
21.92324,83.35174,324.95,0.51,0.41,2023-09-27,2022,N20,VIIRS,n,2,290.85,2.95,N,2,VIIRS_NOAA20_SP
21.92414,83.34689,309.98,0.51,0.41,2023-09-27,2022,N20,VIIRS,n,2,290.37,2.95,N,2,VIIRS_NOAA20_SP
21.92594,83.33725,325.93,0.51,0.41,2023-09-27,2022,N20,VIIRS,n,2,291.2,5.87,N,2,VIIRS_NOAA20_SP
21.93059,85.2209,311.61,0.43,0.46,2023-09-27,2022,N20,VIIRS,n,2,286.46,1.47,N,2,VIIRS_NOAA20_SP
21.98429,83.22988,307.15,0.5,0.41,2023-09-27,2022,N20,VIIRS,n,2,290.54,2.69,N,2,VIIRS_NOAA20_SP
22.02293,83.37761,311.1,0.51,0.41,2023-09-27,2022,N20,VIIRS,n,2,290.42,2.0,N,2,VIIRS_NOAA20_SP
22.02344,83.37984,308.38,0.51,0.41,2023-09-27,2022,N20,VIIRS,n,2,290.4,1.89,N,2,VIIRS_NOAA20_SP
22.0345,83.36201,305.61,0.51,0.41,2023-09-27,2022,N20,VIIRS,n,2,290.62,1.74,N,2,VIIRS_NOAA20_SP
22.03915,83.73777,307.74,0.53,0.42,2023-09-27,2022,N20,VIIRS,n,2,290.52,1.6,N,2,VIIRS_NOAA20_SP
22.04003,83.35306,305.87,0.51,0.41,2023-09-27,2022,N20,VIIRS,n,2,289.97,1.29,N,2,VIIRS_NOAA20_SP
22.04294,83.73861,308.21,0.53,0.42,2023-09-27,2022,N20,VIIRS,n,2,291.22,1.6,N,2,VIIRS_NOAA20_SP
22.04387,83.73355,327.84,0.53,0.42,2023-09-27,2022,N20,VIIRS,n,2,291.2,3.11,N,0,VIIRS_NOAA20_SP
22.0448,83.72849,303.52,0.53,0.42,2023-09-27,2022,N20,VIIRS,n,2,290.43,3.11,N,0,VIIRS_NOAA20_SP
22.05173,88.12619,309.1,0.33,0.55,2023-09-27,2022,N20,VIIRS,n,2,291.44,1.06,N,2,VIIRS_NOAA20_SP
22.05239,88.12308,315.57,0.33,0.55,2023-09-27,2022,N20,VIIRS,n,2,291.82,1.57,N,2,VIIRS_NOAA20_SP
22.05733,88.12431,313.7,0.33,0.55,2023-09-27,2022,N20,VIIRS,n,2,291.07,0.87,N,2,VIIRS_NOAA20_SP
22.05994,88.11196,308.3,0.33,0.55,2023-09-27,2022,N20,VIIRS,n,2,290.36,0.3,N,0,VIIRS_NOAA20_SP
22.06293,88.12247,312.13,0.33,0.55,2023-09-27,2022,N20,VIIRS,n,2,290.66,0.87,N,2,VIIRS_NOAA20_SP
22.09767,85.35194,303.23,0.44,0.46,2023-09-27,2022,N20,VIIRS,n,2,287.19,0.51,N,0,VIIRS_NOAA20_SP
22.13526,85.38203,303.85,0.44,0.46,2023-09-27,2022,N20,VIIRS,n,2,289.26,0.88,N,2,VIIRS_NOAA20_SP
22.22887,84.41571,304.01,0.38,0.43,2023-09-27,2022,N20,VIIRS,n,2,289.7,1.09,N,0,VIIRS_NOAA20_SP
22.31474,82.73695,313.88,0.47,0.4,2023-09-27,2022,N20,VIIRS,n,2,290.94,2.07,N,0,VIIRS_NOAA20_SP
22.3279,82.68406,310.5,0.47,0.39,2023-09-27,2022,N20,VIIRS,n,2,290.71,1.69,N,2,VIIRS_NOAA20_SP
22.32988,82.65206,307.49,0.46,0.39,2023-09-27,2022,N20,VIIRS,n,2,290.74,1.04,N,2,VIIRS_NOAA20_SP
22.33346,82.65278,307.33,0.46,0.39,2023-09-27,2022,N20,VIIRS,n,2,290.81,1.04,N,2,VIIRS_NOAA20_SP
22.36287,87.01727,305.28,0.55,0.51,2023-09-27,2022,N20,VIIRS,n,2,287.53,1.52,N,2,VIIRS_NOAA20_SP
22.36747,87.01834,309.93,0.55,0.51,2023-09-27,2022,N20,VIIRS,n,2,286.19,2.0,N,2,VIIRS_NOAA20_SP
22.36967,87.29903,309.27,0.57,0.52,2023-09-27,2022,N20,VIIRS,n,2,282.33,2.76,N,2,VIIRS_NOAA20_SP
22.37889,87.27857,302.33,0.57,0.52,2023-09-27,2022,N20,VIIRS,n,2,277.4,1.08,N,2,VIIRS_NOAA20_SP
22.87618,86.06262,302.57,0.47,0.47,2023-09-27,2022,N20,VIIRS,n,2,286.97,1.93,N,2,VIIRS_NOAA20_SP
22.92453,70.10651,308.99,0.34,0.56,2023-09-27,2022,N20,VIIRS,n,2,289.93,3.14,N,0,VIIRS_NOAA20_SP
22.92646,70.10562,316.04,0.34,0.56,2023-09-27,2022,N20,VIIRS,n,2,290.47,3.41,N,0,VIIRS_NOAA20_SP
22.92678,69.8203,297.91,0.36,0.57,2023-09-27,2022,N20,VIIRS,n,2,281.85,0.35,N,2,VIIRS_NOAA20_SP
23.1674,82.3427,308.9,0.44,0.38,2023-09-27,2022,N20,VIIRS,n,2,288.07,1.3,N,2,VIIRS_NOAA20_SP
23.66817,86.09268,303.71,0.45,0.47,2023-09-27,2022,N20,VIIRS,n,2,286.19,0.64,N,2,VIIRS_NOAA20_SP
23.67834,86.08602,307.42,0.45,0.47,2023-09-27,2022,N20,VIIRS,n,2,287.21,1.27,N,2,VIIRS_NOAA20_SP
23.68085,86.09575,303.99,0.45,0.47,2023-09-27,2022,N20,VIIRS,n,2,286.25,1.32,N,2,VIIRS_NOAA20_SP
23.68171,86.0914,310.58,0.45,0.47,2023-09-27,2022,N20,VIIRS,n,2,286.91,1.27,N,2,VIIRS_NOAA20_SP
23.73418,85.02174,304.49,0.39,0.44,2023-09-27,2022,N20,VIIRS,n,2,289.27,1.23,N,2,VIIRS_NOAA20_SP
23.73712,85.00652,303.16,0.39,0.44,2023-09-27,2022,N20,VIIRS,n,2,288.62,1.19,N,2,VIIRS_NOAA20_SP
23.74492,85.50688,305.84,0.42,0.45,2023-09-27,2022,N20,VIIRS,n,2,289.04,0.73,N,2,VIIRS_NOAA20_SP
23.80162,85.56628,306.84,0.42,0.45,2023-09-27,2022,N20,VIIRS,n,2,289.77,1.7,N,0,VIIRS_NOAA20_SP
23.98862,79.39149,310.45,0.38,0.36,2023-09-27,2022,N20,VIIRS,n,2,292.68,0.97,N,2,VIIRS_NOAA20_SP
24.14654,82.659,306.09,0.44,0.39,2023-09-27,2022,N20,VIIRS,n,2,291.86,1.96,N,0,VIIRS_NOAA20_SP
24.14731,82.6547,304.85,0.44,0.39,2023-09-27,2022,N20,VIIRS,n,2,291.79,2.12,N,0,VIIRS_NOAA20_SP
24.1645,82.68046,304.6,0.44,0.39,2023-09-27,2022,N20,VIIRS,n,2,291.74,1.23,N,2,VIIRS_NOAA20_SP
24.16829,82.55704,306.83,0.44,0.38,2023-09-27,2022,N20,VIIRS,n,2,293.7,1.95,N,2,VIIRS_NOAA20_SP
24.20617,82.71188,305.16,0.44,0.39,2023-09-27,2022,N20,VIIRS,n,2,292.25,1.19,N,2,VIIRS_NOAA20_SP
24.20694,82.70747,310.62,0.44,0.39,2023-09-27,2022,N20,VIIRS,n,2,292.05,1.19,N,2,VIIRS_NOAA20_SP
24.49881,77.14759,324.56,0.43,0.38,2023-09-27,2022,N20,VIIRS,n,2,290.83,2.36,N,0,VIIRS_NOAA20_SP
24.56455,81.00403,305.39,0.39,0.36,2023-09-27,2022,N20,VIIRS,n,2,287.09,0.83,N,2,VIIRS_NOAA20_SP
24.66104,74.63471,303.03,0.57,0.43,2023-09-27,2022,N20,VIIRS,n,2,285.73,1.18,N,2,VIIRS_NOAA20_SP
24.66236,74.63375,303.12,0.57,0.43,2023-09-27,2022,N20,VIIRS,n,2,286.15,1.76,N,2,VIIRS_NOAA20_SP
24.71513,75.95174,308.62,0.48,0.4,2023-09-27,2022,N20,VIIRS,n,2,293.71,1.32,N,2,VIIRS_NOAA20_SP
24.71568,75.95468,307.41,0.48,0.4,2023-09-27,2022,N20,VIIRS,n,2,293.67,1.41,N,2,VIIRS_NOAA20_SP
25.40355,68.56355,307.89,0.46,0.63,2023-09-27,2022,N20,VIIRS,n,2,295.23,0.68,N,2,VIIRS_NOAA20_SP
26.09357,68.87865,310.98,0.44,0.63,2023-09-27,2022,N20,VIIRS,n,2,296.45,1.43,N,2,VIIRS_NOAA20_SP
17.53438,82.99907,303.4,0.57,0.43,2023-09-27,2023,N20,VIIRS,n,2,284.22,1.2,N,2,VIIRS_NOAA20_SP
17.60659,83.19988,309.57,0.39,0.44,2023-09-27,2023,N20,VIIRS,n,2,291.73,2.6,N,2,VIIRS_NOAA20_SP
17.60989,83.20425,316.38,0.39,0.44,2023-09-27,2023,N20,VIIRS,n,2,292.39,2.79,N,2,VIIRS_NOAA20_SP
19.09081,82.16406,328.86,0.48,0.4,2023-09-27,2023,N20,VIIRS,n,2,289.04,3.55,N,0,VIIRS_NOAA20_SP
19.09162,82.15953,304.05,0.48,0.4,2023-09-27,2023,N20,VIIRS,n,2,287.3,3.55,N,0,VIIRS_NOAA20_SP
19.09364,82.16931,322.83,0.48,0.4,2023-09-27,2023,N20,VIIRS,n,2,287.93,2.52,N,0,VIIRS_NOAA20_SP
19.78817,79.14734,316.58,0.39,0.36,2023-09-27,2023,N20,VIIRS,n,2,287.81,1.48,N,2,VIIRS_NOAA20_SP
19.96276,79.33241,318.49,0.39,0.36,2023-09-27,2023,N20,VIIRS,n,2,290.51,1.9,N,2,VIIRS_NOAA20_SP
22.31764,69.85841,305.76,0.35,0.57,2023-09-27,2023,N20,VIIRS,n,2,287.51,0.85,N,0,VIIRS_NOAA20_SP
22.34174,69.88182,310.5,0.35,0.57,2023-09-27,2023,N20,VIIRS,n,2,288.33,5.53,N,2,VIIRS_NOAA20_SP
22.34206,69.87844,329.79,0.35,0.57,2023-09-27,2023,N20,VIIRS,n,2,287.92,5.53,N,2,VIIRS_NOAA20_SP
22.34239,69.87507,367.0,0.35,0.57,2023-09-27,2023,N20,VIIRS,h,2,287.59,7.39,N,2,VIIRS_NOAA20_SP
22.34272,69.87169,306.23,0.35,0.57,2023-09-27,2023,N20,VIIRS,n,2,287.42,7.39,N,0,VIIRS_NOAA20_SP
22.34695,69.8824,310.35,0.35,0.57,2023-09-27,2023,N20,VIIRS,n,2,287.85,2.28,N,0,VIIRS_NOAA20_SP
22.34728,69.87901,324.39,0.35,0.57,2023-09-27,2023,N20,VIIRS,n,2,287.67,2.28,N,0,VIIRS_NOAA20_SP
22.34761,69.87563,343.0,0.35,0.57,2023-09-27,2023,N20,VIIRS,n,2,287.67,2.23,N,2,VIIRS_NOAA20_SP
22.34794,69.87225,304.56,0.35,0.57,2023-09-27,2023,N20,VIIRS,n,2,287.4,2.23,N,0,VIIRS_NOAA20_SP
14.72236,77.61341,299.9,0.38,0.36,2023-09-27,2024,N20,VIIRS,n,2,283.65,0.3,N,0,VIIRS_NOAA20_SP
15.27831,74.14645,303.55,0.47,0.4,2023-09-27,2024,N20,VIIRS,n,2,288.75,0.67,N,0,VIIRS_NOAA20_SP
15.33681,76.27812,309.08,0.4,0.37,2023-09-27,2024,N20,VIIRS,n,2,287.53,1.51,N,2,VIIRS_NOAA20_SP
15.91708,77.36363,301.68,0.38,0.36,2023-09-27,2024,N20,VIIRS,n,2,282.78,0.52,N,2,VIIRS_NOAA20_SP
16.48392,82.08663,315.31,0.52,0.42,2023-09-27,2024,N20,VIIRS,n,2,293.04,4.28,N,3,VIIRS_NOAA20_SP
16.97365,82.27016,314.47,0.52,0.42,2023-09-27,2024,N20,VIIRS,n,2,290.45,2.81,N,0,VIIRS_NOAA20_SP
17.06023,76.97893,305.04,0.39,0.36,2023-09-27,2024,N20,VIIRS,n,2,289.93,0.43,N,2,VIIRS_NOAA20_SP
17.06355,76.97948,304.48,0.39,0.36,2023-09-27,2024,N20,VIIRS,n,2,290.0,0.9,N,2,VIIRS_NOAA20_SP
17.13911,77.17439,304.74,0.39,0.36,2023-09-27,2024,N20,VIIRS,n,2,290.97,0.65,N,0,VIIRS_NOAA20_SP
17.14582,78.22404,304.16,0.38,0.36,2023-09-27,2024,N20,VIIRS,n,2,290.52,0.66,N,2,VIIRS_NOAA20_SP
18.67857,73.04401,310.69,0.39,0.44,2023-09-27,2024,N20,VIIRS,n,2,288.78,1.38,N,0,VIIRS_NOAA20_SP
18.68308,73.04088,310.9,0.39,0.44,2023-09-27,2024,N20,VIIRS,n,2,289.08,2.12,N,2,VIIRS_NOAA20_SP
18.68452,73.02967,305.23,0.39,0.44,2023-09-27,2024,N20,VIIRS,n,2,288.64,1.76,N,2,VIIRS_NOAA20_SP
18.69164,73.03832,320.36,0.39,0.44,2023-09-27,2024,N20,VIIRS,n,2,289.08,2.69,N,2,VIIRS_NOAA20_SP
7.65813,80.77424,326.92,0.39,0.44,2023-09-27,2026,N20,VIIRS,n,2,289.63,2.89,N,0,VIIRS_NOAA20_SP
7.65869,80.7709,313.53,0.39,0.44,2023-09-27,2026,N20,VIIRS,n,2,289.0,2.89,N,0,VIIRS_NOAA20_SP
7.65969,80.77448,312.92,0.39,0.44,2023-09-27,2026,N20,VIIRS,n,2,289.33,2.01,N,0,VIIRS_NOAA20_SP
7.66027,80.77113,315.85,0.39,0.44,2023-09-27,2026,N20,VIIRS,n,2,289.46,2.01,N,0,VIIRS_NOAA20_SP
8.53667,80.78294,302.97,0.57,0.43,2023-09-27,2026,N20,VIIRS,n,2,277.94,0.66,N,0,VIIRS_NOAA20_SP
10.76147,76.72775,308.76,0.38,0.36,2023-09-27,2026,N20,VIIRS,n,2,286.7,0.54,N,0,VIIRS_NOAA20_SP
35.32653,73.26973,311.57,0.66,0.73,2023-09-27,2159,N20,VIIRS,n,2,284.83,2.85,N,0,VIIRS_NOAA20_SP
32.29706,70.72906,301.99,0.57,0.69,2023-09-27,2200,N20,VIIRS,n,2,291.05,0.86,N,2,VIIRS_NOAA20_SP
32.89118,71.61592,307.15,0.62,0.71,2023-09-27,2200,N20,VIIRS,n,2,292.16,1.75,N,2,VIIRS_NOAA20_SP
25.40146,68.56438,304.73,0.63,0.72,2023-09-27,2202,N20,VIIRS,n,2,292.82,0.59,N,2,VIIRS_NOAA20_SP
25.79255,68.698,308.03,0.63,0.72,2023-09-27,2202,N20,VIIRS,n,2,293.85,2.52,N,2,VIIRS_NOAA20_SP
27.03786,69.71439,304.76,0.68,0.74,2023-09-27,2202,N20,VIIRS,n,2,292.96,0.8,N,0,VIIRS_NOAA20_SP
28.11222,95.49019,325.47,0.48,0.65,2023-09-28,556,N20,VIIRS,n,2,290.47,3.05,D,0,VIIRS_NOAA20_SP
8.02688,80.91432,330.01,0.48,0.48,2023-09-28,731,N20,VIIRS,n,2,283.91,3.58,D,0,VIIRS_NOAA20_SP
8.32776,80.71487,330.17,0.49,0.49,2023-09-28,731,N20,VIIRS,n,2,288.33,3.08,D,0,VIIRS_NOAA20_SP
8.33678,80.26534,331.83,0.52,0.5,2023-09-28,731,N20,VIIRS,n,2,286.05,4.66,D,0,VIIRS_NOAA20_SP
8.42934,77.66974,336.16,0.39,0.6,2023-09-28,731,N20,VIIRS,n,2,287.01,2.1,D,0,VIIRS_NOAA20_SP
8.43512,80.60857,329.27,0.5,0.49,2023-09-28,731,N20,VIIRS,n,2,293.65,3.62,D,0,VIIRS_NOAA20_SP
8.43686,80.61095,329.46,0.5,0.49,2023-09-28,731,N20,VIIRS,n,2,294.95,2.08,D,0,VIIRS_NOAA20_SP
8.54179,78.08768,332.09,0.37,0.58,2023-09-28,731,N20,VIIRS,n,2,296.06,3.44,D,0,VIIRS_NOAA20_SP
8.64397,81.03215,329.53,0.46,0.47,2023-09-28,731,N20,VIIRS,n,2,281.52,4.64,D,0,VIIRS_NOAA20_SP
12.25307,76.98292,328.09,0.38,0.58,2023-09-28,732,N20,VIIRS,n,2,277.76,2.72,D,0,VIIRS_NOAA20_SP
14.15676,79.86902,333.24,0.45,0.47,2023-09-28,733,N20,VIIRS,n,2,294.54,1.81,D,0,VIIRS_NOAA20_SP
14.23235,79.78011,330.51,0.45,0.47,2023-09-28,733,N20,VIIRS,n,2,293.79,2.51,D,0,VIIRS_NOAA20_SP
14.52661,79.57633,330.35,0.46,0.47,2023-09-28,733,N20,VIIRS,n,2,292.54,7.25,D,0,VIIRS_NOAA20_SP
14.52737,79.58055,342.74,0.46,0.47,2023-09-28,733,N20,VIIRS,n,2,292.49,7.25,D,0,VIIRS_NOAA20_SP
14.61782,79.32729,341.88,0.47,0.48,2023-09-28,733,N20,VIIRS,n,2,287.78,8.42,D,0,VIIRS_NOAA20_SP
15.10055,78.51711,330.12,0.53,0.5,2023-09-28,733,N20,VIIRS,n,2,292.49,4.48,D,0,VIIRS_NOAA20_SP
15.21154,79.37107,341.63,0.46,0.47,2023-09-28,733,N20,VIIRS,n,2,298.5,11.91,D,0,VIIRS_NOAA20_SP
16.44404,79.58219,331.32,0.43,0.46,2023-09-28,733,N20,VIIRS,n,2,295.84,4.1,D,0,VIIRS_NOAA20_SP
20.9611,85.17275,331.36,0.39,0.36,2023-09-28,734,N20,VIIRS,n,2,292.82,2.01,D,2,VIIRS_NOAA20_SP
20.96388,85.16849,329.15,0.39,0.36,2023-09-28,734,N20,VIIRS,n,2,293.8,2.01,D,2,VIIRS_NOAA20_SP
20.96442,85.17221,330.31,0.39,0.36,2023-09-28,734,N20,VIIRS,n,2,291.63,2.01,D,2,VIIRS_NOAA20_SP
20.97612,85.13598,332.04,0.39,0.36,2023-09-28,734,N20,VIIRS,n,2,296.79,3.93,D,2,VIIRS_NOAA20_SP
21.07438,85.04327,333.1,0.39,0.36,2023-09-28,734,N20,VIIRS,n,2,294.24,2.82,D,2,VIIRS_NOAA20_SP
21.07769,85.04273,335.07,0.39,0.36,2023-09-28,734,N20,VIIRS,n,2,295.4,4.82,D,2,VIIRS_NOAA20_SP
22.34104,69.87832,339.98,0.68,0.74,2023-09-28,735,N20,VIIRS,n,2,287.61,7.63,D,0,VIIRS_NOAA20_SP
22.76365,77.65845,330.6,0.43,0.46,2023-09-28,735,N20,VIIRS,n,2,300.39,6.42,D,0,VIIRS_NOAA20_SP
23.72704,78.29562,330.56,0.38,0.43,2023-09-28,735,N20,VIIRS,l,2,301.53,1.79,D,0,VIIRS_NOAA20_SP
24.20576,82.71029,336.59,0.39,0.36,2023-09-28,735,N20,VIIRS,n,2,297.04,1.9,D,2,VIIRS_NOAA20_SP
24.52671,77.7459,331.55,0.4,0.44,2023-09-28,736,N20,VIIRS,n,2,296.53,2.4,D,0,VIIRS_NOAA20_SP
24.84932,76.66367,335.0,0.45,0.47,2023-09-28,736,N20,VIIRS,n,2,304.34,4.3,D,0,VIIRS_NOAA20_SP
25.01944,76.58757,330.73,0.46,0.47,2023-09-28,736,N20,VIIRS,l,2,305.18,4.04,D,0,VIIRS_NOAA20_SP
27.64869,96.25513,332.11,0.61,0.71,2023-09-28,736,N20,VIIRS,n,2,290.1,3.98,D,0,VIIRS_NOAA20_SP
27.99512,79.94257,341.71,0.42,0.38,2023-09-28,736,N20,VIIRS,n,2,301.27,4.64,D,0,VIIRS_NOAA20_SP
27.99584,79.94682,338.72,0.42,0.38,2023-09-28,736,N20,VIIRS,n,2,300.68,4.15,D,0,VIIRS_NOAA20_SP
28.01465,96.64817,327.39,0.65,0.73,2023-09-28,736,N20,VIIRS,n,2,288.59,4.48,D,0,VIIRS_NOAA20_SP
28.24253,80.34242,334.06,0.41,0.37,2023-09-28,736,N20,VIIRS,n,2,298.35,2.76,D,0,VIIRS_NOAA20_SP
27.29055,72.9405,344.9,0.34,0.56,2023-09-28,737,N20,VIIRS,n,2,307.06,2.41,D,0,VIIRS_NOAA20_SP
27.41093,70.90919,338.37,0.45,0.63,2023-09-28,737,N20,VIIRS,n,2,302.63,2.1,D,0,VIIRS_NOAA20_SP
28.55259,78.71323,331.95,0.46,0.39,2023-09-28,737,N20,VIIRS,l,2,303.62,3.28,D,0,VIIRS_NOAA20_SP
28.66007,78.68098,333.07,0.46,0.39,2023-09-28,737,N20,VIIRS,n,2,304.61,1.58,D,0,VIIRS_NOAA20_SP
28.68863,78.67439,333.08,0.46,0.39,2023-09-28,737,N20,VIIRS,n,2,305.56,2.14,D,0,VIIRS_NOAA20_SP
29.08185,76.63442,330.84,0.38,0.43,2023-09-28,737,N20,VIIRS,n,2,300.7,4.2,D,0,VIIRS_NOAA20_SP
29.28234,75.74663,339.17,0.42,0.45,2023-09-28,737,N20,VIIRS,n,2,306.54,4.48,D,0,VIIRS_NOAA20_SP
29.48498,77.03486,335.29,0.54,0.42,2023-09-28,737,N20,VIIRS,n,2,304.03,4.6,D,0,VIIRS_NOAA20_SP
29.48745,77.03643,342.17,0.54,0.42,2023-09-28,737,N20,VIIRS,n,2,304.75,7.59,D,0,VIIRS_NOAA20_SP
29.71368,73.7566,330.14,0.54,0.51,2023-09-28,737,N20,VIIRS,l,2,300.17,3.34,D,0,VIIRS_NOAA20_SP
29.73623,70.72825,331.05,0.41,0.6,2023-09-28,737,N20,VIIRS,l,2,305.87,1.48,D,0,VIIRS_NOAA20_SP
29.73695,75.90459,333.93,0.41,0.45,2023-09-28,737,N20,VIIRS,n,2,302.97,2.79,D,0,VIIRS_NOAA20_SP
29.89925,74.35079,331.79,0.49,0.49,2023-09-28,737,N20,VIIRS,l,2,303.36,3.07,D,0,VIIRS_NOAA20_SP
29.9431,76.96796,334.21,0.53,0.42,2023-09-28,737,N20,VIIRS,n,2,305.76,7.62,D,0,VIIRS_NOAA20_SP
30.0003,76.97623,333.09,0.53,0.42,2023-09-28,737,N20,VIIRS,n,2,305.53,3.01,D,0,VIIRS_NOAA20_SP
30.01287,77.06338,332.96,0.53,0.42,2023-09-28,737,N20,VIIRS,n,2,302.44,4.19,D,0,VIIRS_NOAA20_SP
30.22678,77.13832,334.44,0.52,0.41,2023-09-28,737,N20,VIIRS,n,2,302.42,7.09,D,0,VIIRS_NOAA20_SP
30.37348,76.13033,331.01,0.39,0.44,2023-09-28,737,N20,VIIRS,l,2,303.36,2.52,D,0,VIIRS_NOAA20_SP
30.4442,73.3496,333.25,0.55,0.51,2023-09-28,737,N20,VIIRS,n,2,299.81,4.69,D,0,VIIRS_NOAA20_SP
30.48074,73.42739,332.56,0.54,0.51,2023-09-28,737,N20,VIIRS,n,2,299.61,3.51,D,0,VIIRS_NOAA20_SP
30.54066,73.68071,341.87,0.52,0.5,2023-09-28,737,N20,VIIRS,n,2,299.25,4.89,D,0,VIIRS_NOAA20_SP
30.54515,73.6794,336.3,0.52,0.5,2023-09-28,737,N20,VIIRS,n,2,298.5,4.89,D,0,VIIRS_NOAA20_SP
30.62397,73.6014,330.93,0.53,0.5,2023-09-28,737,N20,VIIRS,n,2,299.19,3.32,D,0,VIIRS_NOAA20_SP
30.95415,74.52636,340.87,0.46,0.47,2023-09-28,737,N20,VIIRS,n,2,300.11,6.22,D,0,VIIRS_NOAA20_SP
30.9636,74.52865,340.08,0.46,0.47,2023-09-28,737,N20,VIIRS,n,2,300.4,3.56,D,0,VIIRS_NOAA20_SP
31.06254,76.20029,340.38,0.56,0.43,2023-09-28,737,N20,VIIRS,n,2,303.86,8.16,D,0,VIIRS_NOAA20_SP
29.96125,69.99428,331.99,0.45,0.63,2023-09-28,738,N20,VIIRS,n,2,303.94,5.89,D,0,VIIRS_NOAA20_SP
29.96226,69.99827,347.93,0.44,0.63,2023-09-28,738,N20,VIIRS,n,2,303.68,6.96,D,0,VIIRS_NOAA20_SP
29.96652,69.99129,337.09,0.45,0.63,2023-09-28,738,N20,VIIRS,n,2,302.05,3.95,D,0,VIIRS_NOAA20_SP
29.96743,69.99491,341.82,0.44,0.63,2023-09-28,738,N20,VIIRS,n,2,301.47,5.59,D,0,VIIRS_NOAA20_SP
30.96191,74.53108,333.48,0.46,0.47,2023-09-28,738,N20,VIIRS,n,2,299.45,5.27,D,0,VIIRS_NOAA20_SP
31.04373,74.34193,330.96,0.47,0.48,2023-09-28,738,N20,VIIRS,n,2,299.8,1.79,D,0,VIIRS_NOAA20_SP
31.04472,74.33943,331.2,0.47,0.48,2023-09-28,738,N20,VIIRS,n,2,300.7,2.25,D,0,VIIRS_NOAA20_SP
31.6127,75.00004,335.97,0.42,0.45,2023-09-28,738,N20,VIIRS,n,2,302.34,3.16,D,0,VIIRS_NOAA20_SP
31.61471,75.10695,333.51,0.42,0.45,2023-09-28,738,N20,VIIRS,l,2,303.68,2.62,D,0,VIIRS_NOAA20_SP
31.62108,75.09613,335.62,0.42,0.45,2023-09-28,738,N20,VIIRS,n,2,303.52,3.36,D,0,VIIRS_NOAA20_SP
31.62194,75.10041,331.51,0.42,0.45,2023-09-28,738,N20,VIIRS,l,2,302.6,3.36,D,0,VIIRS_NOAA20_SP
31.65254,74.98431,333.58,0.42,0.45,2023-09-28,738,N20,VIIRS,n,2,303.39,4.42,D,0,VIIRS_NOAA20_SP
31.65522,74.9973,342.28,0.42,0.45,2023-09-28,738,N20,VIIRS,n,2,304.71,6.67,D,0,VIIRS_NOAA20_SP
31.6593,74.99616,334.9,0.42,0.45,2023-09-28,738,N20,VIIRS,n,2,302.1,6.67,D,0,VIIRS_NOAA20_SP
31.67365,75.02409,335.92,0.42,0.45,2023-09-28,738,N20,VIIRS,n,2,303.81,2.1,D,0,VIIRS_NOAA20_SP
31.69551,75.06793,355.28,0.42,0.45,2023-09-28,738,N20,VIIRS,n,2,304.4,5.79,D,0,VIIRS_NOAA20_SP
31.69956,75.06679,332.27,0.42,0.45,2023-09-28,738,N20,VIIRS,n,2,301.63,5.79,D,0,VIIRS_NOAA20_SP
31.70903,74.98675,330.02,0.42,0.45,2023-09-28,738,N20,VIIRS,n,2,303.42,2.53,D,0,VIIRS_NOAA20_SP
31.74179,74.98786,334.67,0.42,0.45,2023-09-28,738,N20,VIIRS,n,2,301.66,2.39,D,0,VIIRS_NOAA20_SP
31.75854,74.96486,335.66,0.42,0.45,2023-09-28,738,N20,VIIRS,n,2,302.67,3.55,D,0,VIIRS_NOAA20_SP
31.76657,75.00372,347.15,0.42,0.45,2023-09-28,738,N20,VIIRS,n,2,302.5,5.46,D,0,VIIRS_NOAA20_SP
31.77064,75.00258,344.38,0.42,0.45,2023-09-28,738,N20,VIIRS,n,2,300.77,5.46,D,0,VIIRS_NOAA20_SP
31.78493,75.03038,339.97,0.42,0.45,2023-09-28,738,N20,VIIRS,n,2,301.73,2.7,D,0,VIIRS_NOAA20_SP
31.78756,74.93835,342.27,0.42,0.45,2023-09-28,738,N20,VIIRS,n,2,305.37,6.4,D,0,VIIRS_NOAA20_SP
31.78844,74.9427,335.39,0.42,0.45,2023-09-28,738,N20,VIIRS,n,2,301.65,6.17,D,0,VIIRS_NOAA20_SP
31.79074,74.93286,333.51,0.42,0.45,2023-09-28,738,N20,VIIRS,n,2,300.68,6.4,D,0,VIIRS_NOAA20_SP
31.79128,75.01952,336.2,0.42,0.45,2023-09-28,738,N20,VIIRS,n,2,302.77,2.82,D,0,VIIRS_NOAA20_SP
31.80552,75.04723,332.38,0.41,0.45,2023-09-28,738,N20,VIIRS,n,2,300.69,2.68,D,0,VIIRS_NOAA20_SP
31.92311,74.06749,338.46,0.47,0.47,2023-09-28,738,N20,VIIRS,n,2,302.19,3.98,D,0,VIIRS_NOAA20_SP
31.93073,74.73276,335.16,0.43,0.46,2023-09-28,738,N20,VIIRS,n,2,301.29,2.67,D,0,VIIRS_NOAA20_SP
31.98115,74.87164,340.57,0.42,0.45,2023-09-28,738,N20,VIIRS,n,2,300.31,4.29,D,0,VIIRS_NOAA20_SP
32.04596,73.82452,340.09,0.48,0.48,2023-09-28,738,N20,VIIRS,n,2,301.96,5.74,D,0,VIIRS_NOAA20_SP
32.04703,73.82944,331.7,0.48,0.48,2023-09-28,738,N20,VIIRS,n,2,298.51,3.87,D,0,VIIRS_NOAA20_SP
32.19765,73.97362,342.17,0.47,0.47,2023-09-28,738,N20,VIIRS,n,2,306.07,17.94,D,0,VIIRS_NOAA20_SP
32.58785,70.17071,341.67,0.38,0.58,2023-09-28,738,N20,VIIRS,n,2,304.17,3.07,D,0,VIIRS_NOAA20_SP
32.91895,72.90966,330.26,0.52,0.5,2023-09-28,738,N20,VIIRS,n,2,300.14,3.58,D,0,VIIRS_NOAA20_SP
33.11953,69.81159,349.07,0.38,0.59,2023-09-28,738,N20,VIIRS,n,2,300.66,4.05,D,0,VIIRS_NOAA20_SP
33.12035,69.81486,333.42,0.38,0.59,2023-09-28,738,N20,VIIRS,n,2,297.23,4.05,D,0,VIIRS_NOAA20_SP
33.79719,74.93004,342.79,0.39,0.44,2023-09-28,738,N20,VIIRS,n,2,303.88,4.65,D,0,VIIRS_NOAA20_SP
22.3391,69.88254,331.52,0.47,0.64,2023-09-28,916,N20,VIIRS,n,2,285.97,10.37,D,0,VIIRS_NOAA20_SP
22.33948,69.88716,356.44,0.47,0.64,2023-09-28,916,N20,VIIRS,l,2,286.51,13.63,D,0,VIIRS_NOAA20_SP
25.10217,69.90967,341.9,0.5,0.66,2023-09-28,917,N20,VIIRS,n,2,304.85,3.79,D,0,VIIRS_NOAA20_SP
26.14883,68.62108,335.84,0.43,0.62,2023-09-28,917,N20,VIIRS,n,2,307.21,1.85,D,0,VIIRS_NOAA20_SP
27.06586,68.10889,334.09,0.4,0.6,2023-09-28,917,N20,VIIRS,l,2,304.94,4.0,D,0,VIIRS_NOAA20_SP
27.06693,68.10899,333.44,0.4,0.6,2023-09-28,917,N20,VIIRS,l,2,305.31,2.67,D,0,VIIRS_NOAA20_SP
27.83361,68.86676,342.71,0.46,0.63,2023-09-28,917,N20,VIIRS,n,2,306.26,3.1,D,0,VIIRS_NOAA20_SP
27.8346,68.86654,338.86,0.46,0.63,2023-09-28,917,N20,VIIRS,n,2,306.08,2.42,D,0,VIIRS_NOAA20_SP
29.97868,69.99619,331.7,0.56,0.69,2023-09-28,918,N20,VIIRS,n,2,303.39,3.59,D,0,VIIRS_NOAA20_SP
30.06678,96.97293,296.0,0.65,0.73,2023-09-28,1820,N20,VIIRS,n,2,283.99,2.97,N,0,VIIRS_NOAA20_SP
35.99099,94.8287,304.2,0.43,0.46,2023-09-28,1959,N20,VIIRS,n,2,276.71,1.16,N,2,VIIRS_NOAA20_SP
30.95049,97.3634,297.35,0.39,0.6,2023-09-28,2000,N20,VIIRS,n,2,275.08,1.32,N,0,VIIRS_NOAA20_SP
29.08611,88.01029,307.49,0.42,0.37,2023-09-28,2001,N20,VIIRS,n,2,279.34,1.77,N,0,VIIRS_NOAA20_SP
29.22402,88.35234,301.12,0.42,0.38,2023-09-28,2001,N20,VIIRS,n,2,282.85,1.27,N,2,VIIRS_NOAA20_SP
29.22479,88.34792,310.63,0.42,0.38,2023-09-28,2001,N20,VIIRS,n,2,282.37,1.27,N,2,VIIRS_NOAA20_SP
29.28904,78.93166,306.99,0.46,0.47,2023-09-28,2001,N20,VIIRS,n,2,293.46,0.97,N,0,VIIRS_NOAA20_SP
29.2911,78.92905,305.49,0.46,0.47,2023-09-28,2001,N20,VIIRS,n,2,293.63,0.59,N,0,VIIRS_NOAA20_SP
29.37608,91.14923,296.75,0.56,0.43,2023-09-28,2001,N20,VIIRS,n,2,280.26,1.42,N,2,VIIRS_NOAA20_SP
29.90867,74.94306,312.75,0.4,0.6,2023-09-28,2001,N20,VIIRS,n,2,293.13,1.06,N,2,VIIRS_NOAA20_SP
31.65599,74.17117,304.2,0.47,0.64,2023-09-28,2001,N20,VIIRS,n,2,294.17,0.96,N,0,VIIRS_NOAA20_SP
26.75924,83.1984,309.12,0.41,0.37,2023-09-28,2002,N20,VIIRS,n,2,294.52,1.37,N,2,VIIRS_NOAA20_SP
26.84169,84.72459,320.9,0.39,0.36,2023-09-28,2002,N20,VIIRS,n,2,295.48,1.24,N,0,VIIRS_NOAA20_SP
28.78645,77.5732,312.53,0.54,0.51,2023-09-28,2002,N20,VIIRS,n,2,293.35,1.27,N,0,VIIRS_NOAA20_SP
28.78868,77.57256,313.39,0.54,0.51,2023-09-28,2002,N20,VIIRS,n,2,293.12,1.54,N,0,VIIRS_NOAA20_SP
29.21721,75.75564,322.22,0.35,0.57,2023-09-28,2002,N20,VIIRS,n,2,294.44,1.3,N,0,VIIRS_NOAA20_SP
20.88694,84.98143,307.44,0.4,0.37,2023-09-28,2003,N20,VIIRS,n,2,285.55,0.73,N,2,VIIRS_NOAA20_SP
20.92493,86.04244,304.97,0.42,0.38,2023-09-28,2003,N20,VIIRS,n,2,285.66,0.84,N,2,VIIRS_NOAA20_SP
20.94415,86.05448,312.15,0.42,0.38,2023-09-28,2003,N20,VIIRS,n,2,286.51,1.74,N,2,VIIRS_NOAA20_SP
20.94507,85.00401,307.15,0.4,0.37,2023-09-28,2003,N20,VIIRS,n,2,287.9,0.87,N,2,VIIRS_NOAA20_SP
20.95243,86.0477,333.84,0.42,0.38,2023-09-28,2003,N20,VIIRS,n,2,286.45,3.78,N,2,VIIRS_NOAA20_SP
20.95383,85.01344,304.77,0.4,0.37,2023-09-28,2003,N20,VIIRS,n,2,287.77,1.38,N,2,VIIRS_NOAA20_SP
20.95507,85.00589,305.16,0.4,0.37,2023-09-28,2003,N20,VIIRS,n,2,287.47,0.62,N,2,VIIRS_NOAA20_SP
20.96162,85.17523,305.94,0.4,0.37,2023-09-28,2003,N20,VIIRS,n,2,284.12,2.13,N,2,VIIRS_NOAA20_SP
20.96182,85.18671,304.28,0.4,0.37,2023-09-28,2003,N20,VIIRS,n,2,282.71,1.21,N,2,VIIRS_NOAA20_SP
20.96224,85.17142,321.69,0.4,0.37,2023-09-28,2003,N20,VIIRS,n,2,284.44,1.96,N,2,VIIRS_NOAA20_SP
20.96279,86.00813,306.34,0.42,0.38,2023-09-28,2003,N20,VIIRS,n,2,287.56,0.79,N,2,VIIRS_NOAA20_SP
20.96287,85.16763,318.03,0.4,0.37,2023-09-28,2003,N20,VIIRS,n,2,284.27,1.96,N,2,VIIRS_NOAA20_SP
20.96309,85.17909,306.75,0.4,0.37,2023-09-28,2003,N20,VIIRS,n,2,283.23,1.72,N,2,VIIRS_NOAA20_SP
20.96348,86.00411,307.51,0.42,0.38,2023-09-28,2003,N20,VIIRS,n,2,287.45,0.79,N,2,VIIRS_NOAA20_SP
20.96373,85.17529,319.84,0.4,0.37,2023-09-28,2003,N20,VIIRS,n,2,283.71,1.72,N,2,VIIRS_NOAA20_SP
20.96437,85.17149,318.77,0.4,0.37,2023-09-28,2003,N20,VIIRS,n,2,283.51,2.07,N,2,VIIRS_NOAA20_SP
20.96501,85.16769,319.07,0.4,0.37,2023-09-28,2003,N20,VIIRS,n,2,283.11,2.07,N,2,VIIRS_NOAA20_SP
20.96827,86.01752,311.0,0.42,0.38,2023-09-28,2003,N20,VIIRS,n,2,288.09,2.13,N,2,VIIRS_NOAA20_SP
20.97043,85.17656,326.24,0.4,0.37,2023-09-28,2003,N20,VIIRS,n,2,281.09,2.38,N,2,VIIRS_NOAA20_SP
20.97106,85.17275,315.34,0.4,0.37,2023-09-28,2003,N20,VIIRS,n,2,280.5,2.84,N,2,VIIRS_NOAA20_SP
20.97377,86.00614,309.51,0.42,0.38,2023-09-28,2003,N20,VIIRS,n,2,287.32,1.39,N,2,VIIRS_NOAA20_SP
20.97741,85.13477,319.23,0.4,0.37,2023-09-28,2003,N20,VIIRS,n,2,282.5,2.25,N,2,VIIRS_NOAA20_SP
20.97885,85.14678,312.04,0.4,0.37,2023-09-28,2003,N20,VIIRS,n,2,280.76,1.15,N,2,VIIRS_NOAA20_SP
21.06575,85.03806,296.71,0.4,0.37,2023-09-28,2003,N20,VIIRS,n,2,271.84,0.25,N,0,VIIRS_NOAA20_SP
21.06971,85.0349,298.57,0.4,0.37,2023-09-28,2003,N20,VIIRS,n,2,272.73,0.5,N,2,VIIRS_NOAA20_SP
21.07513,85.04372,315.15,0.4,0.37,2023-09-28,2003,N20,VIIRS,n,2,273.96,0.9,N,2,VIIRS_NOAA20_SP
21.07575,85.03994,302.33,0.4,0.37,2023-09-28,2003,N20,VIIRS,n,2,272.98,0.9,N,2,VIIRS_NOAA20_SP
21.07847,85.04434,308.8,0.4,0.37,2023-09-28,2003,N20,VIIRS,n,2,275.13,0.9,N,2,VIIRS_NOAA20_SP
21.07909,85.04057,301.06,0.4,0.37,2023-09-28,2003,N20,VIIRS,n,2,274.08,0.9,N,2,VIIRS_NOAA20_SP
21.07971,85.03679,299.69,0.4,0.37,2023-09-28,2003,N20,VIIRS,n,2,274.9,0.58,N,2,VIIRS_NOAA20_SP
21.08033,85.033,298.04,0.4,0.37,2023-09-28,2003,N20,VIIRS,n,2,272.69,0.58,N,2,VIIRS_NOAA20_SP
21.54332,81.94697,305.42,0.41,0.37,2023-09-28,2003,N20,VIIRS,n,2,285.98,0.85,N,2,VIIRS_NOAA20_SP
21.67962,84.03986,309.97,0.38,0.36,2023-09-28,2003,N20,VIIRS,n,2,277.75,0.84,N,2,VIIRS_NOAA20_SP
21.68291,84.04046,304.74,0.38,0.36,2023-09-28,2003,N20,VIIRS,n,2,277.5,0.84,N,2,VIIRS_NOAA20_SP
21.75393,84.02263,303.54,0.38,0.36,2023-09-28,2003,N20,VIIRS,n,2,271.47,0.66,N,2,VIIRS_NOAA20_SP
21.76203,83.84245,298.5,0.38,0.36,2023-09-28,2003,N20,VIIRS,n,2,270.07,0.93,N,2,VIIRS_NOAA20_SP
21.7638,84.02442,299.1,0.38,0.36,2023-09-28,2003,N20,VIIRS,n,2,271.72,0.55,N,2,VIIRS_NOAA20_SP
21.76438,84.02074,300.58,0.38,0.36,2023-09-28,2003,N20,VIIRS,n,2,271.75,0.76,N,2,VIIRS_NOAA20_SP
21.76496,84.01707,302.09,0.38,0.36,2023-09-28,2003,N20,VIIRS,n,2,271.88,0.76,N,2,VIIRS_NOAA20_SP
21.76708,84.02502,304.96,0.38,0.36,2023-09-28,2003,N20,VIIRS,n,2,272.25,0.55,N,2,VIIRS_NOAA20_SP
21.76825,84.01766,307.05,0.38,0.36,2023-09-28,2003,N20,VIIRS,n,2,272.31,0.76,N,2,VIIRS_NOAA20_SP
21.9195,83.355,305.05,0.39,0.36,2023-09-28,2003,N20,VIIRS,n,2,270.29,0.9,N,2,VIIRS_NOAA20_SP
21.92336,83.35188,300.53,0.39,0.36,2023-09-28,2003,N20,VIIRS,n,2,270.23,0.73,N,2,VIIRS_NOAA20_SP
22.0062,82.67149,295.22,0.39,0.37,2023-09-28,2003,N20,VIIRS,n,2,262.76,0.15,N,2,VIIRS_NOAA20_SP
22.0402,83.73662,316.02,0.38,0.36,2023-09-28,2003,N20,VIIRS,n,2,276.03,1.45,N,2,VIIRS_NOAA20_SP
22.04406,83.73351,308.62,0.38,0.36,2023-09-28,2003,N20,VIIRS,n,2,274.72,1.45,N,0,VIIRS_NOAA20_SP
22.05243,88.12542,316.62,0.51,0.41,2023-09-28,2003,N20,VIIRS,n,2,283.54,2.94,N,2,VIIRS_NOAA20_SP
22.06447,88.12294,303.84,0.51,0.41,2023-09-28,2003,N20,VIIRS,n,2,280.38,0.78,N,2,VIIRS_NOAA20_SP
22.20879,84.85925,305.4,0.39,0.36,2023-09-28,2003,N20,VIIRS,n,2,289.23,1.03,N,2,VIIRS_NOAA20_SP
22.20906,84.87858,308.72,0.39,0.36,2023-09-28,2003,N20,VIIRS,n,2,289.02,0.95,N,2,VIIRS_NOAA20_SP
22.21149,84.86361,309.94,0.39,0.36,2023-09-28,2003,N20,VIIRS,n,2,290.11,1.03,N,2,VIIRS_NOAA20_SP
22.21181,84.84057,318.25,0.39,0.36,2023-09-28,2003,N20,VIIRS,n,2,288.45,1.63,N,2,VIIRS_NOAA20_SP
22.21354,84.87114,325.48,0.39,0.36,2023-09-28,2003,N20,VIIRS,n,2,290.46,1.66,N,2,VIIRS_NOAA20_SP
22.21415,84.8674,312.47,0.39,0.36,2023-09-28,2003,N20,VIIRS,n,2,288.89,1.66,N,2,VIIRS_NOAA20_SP
22.22178,84.75782,305.12,0.39,0.36,2023-09-28,2003,N20,VIIRS,n,2,286.86,1.15,N,2,VIIRS_NOAA20_SP
22.31534,82.7383,309.46,0.39,0.37,2023-09-28,2003,N20,VIIRS,n,2,281.82,1.19,N,0,VIIRS_NOAA20_SP
22.3322,82.53364,303.59,0.4,0.37,2023-09-28,2003,N20,VIIRS,n,2,285.27,0.69,N,2,VIIRS_NOAA20_SP
22.36411,87.29813,308.16,0.46,0.39,2023-09-28,2003,N20,VIIRS,n,2,281.5,1.62,N,2,VIIRS_NOAA20_SP
22.36767,87.29886,321.85,0.46,0.39,2023-09-28,2003,N20,VIIRS,n,2,281.14,1.62,N,2,VIIRS_NOAA20_SP
22.37123,87.29958,307.25,0.46,0.39,2023-09-28,2003,N20,VIIRS,n,2,279.88,0.37,N,2,VIIRS_NOAA20_SP
22.37871,87.27838,303.82,0.46,0.39,2023-09-28,2003,N20,VIIRS,n,2,277.88,1.34,N,2,VIIRS_NOAA20_SP
22.59001,85.90476,308.49,0.41,0.37,2023-09-28,2003,N20,VIIRS,n,2,287.58,1.31,N,2,VIIRS_NOAA20_SP
22.59338,85.90543,305.08,0.41,0.37,2023-09-28,2003,N20,VIIRS,n,2,287.0,0.64,N,2,VIIRS_NOAA20_SP
22.78557,86.20202,307.82,0.41,0.37,2023-09-28,2003,N20,VIIRS,n,2,288.57,1.38,N,2,VIIRS_NOAA20_SP
22.78828,86.20667,308.03,0.41,0.37,2023-09-28,2003,N20,VIIRS,n,2,288.76,2.06,N,2,VIIRS_NOAA20_SP
22.78964,86.19872,309.64,0.41,0.37,2023-09-28,2003,N20,VIIRS,n,2,289.58,2.01,N,2,VIIRS_NOAA20_SP
22.79099,86.21136,313.05,0.41,0.37,2023-09-28,2003,N20,VIIRS,n,2,288.09,1.25,N,2,VIIRS_NOAA20_SP
22.79643,86.20007,305.45,0.41,0.37,2023-09-28,2003,N20,VIIRS,n,2,287.17,0.61,N,2,VIIRS_NOAA20_SP
22.79982,86.20077,304.76,0.41,0.37,2023-09-28,2003,N20,VIIRS,n,2,286.96,0.61,N,2,VIIRS_NOAA20_SP
22.80115,86.09032,320.3,0.41,0.37,2023-09-28,2003,N20,VIIRS,n,2,288.01,1.91,N,2,VIIRS_NOAA20_SP
22.81265,86.08438,305.32,0.41,0.37,2023-09-28,2003,N20,VIIRS,n,2,288.18,1.36,N,2,VIIRS_NOAA20_SP
22.85586,86.0562,306.29,0.41,0.37,2023-09-28,2003,N20,VIIRS,n,2,288.18,1.03,N,2,VIIRS_NOAA20_SP
22.87547,86.06416,305.07,0.41,0.37,2023-09-28,2003,N20,VIIRS,n,2,287.9,0.55,N,2,VIIRS_NOAA20_SP
23.16687,82.33891,296.23,0.41,0.37,2023-09-28,2003,N20,VIIRS,n,2,271.49,0.95,N,2,VIIRS_NOAA20_SP
23.55077,87.24247,304.93,0.44,0.39,2023-09-28,2003,N20,VIIRS,n,2,273.23,1.4,N,3,VIIRS_NOAA20_SP
23.55851,87.23964,332.4,0.44,0.39,2023-09-28,2003,N20,VIIRS,n,2,270.75,4.29,N,2,VIIRS_NOAA20_SP
23.55922,87.2381,331.83,0.44,0.39,2023-09-28,2003,N20,VIIRS,n,2,267.23,3.41,N,2,VIIRS_NOAA20_SP
23.61459,86.79078,307.28,0.43,0.38,2023-09-28,2003,N20,VIIRS,n,2,285.14,1.59,N,2,VIIRS_NOAA20_SP
23.67834,86.39687,304.62,0.41,0.37,2023-09-28,2003,N20,VIIRS,n,2,284.02,1.21,N,2,VIIRS_NOAA20_SP
23.68241,86.39355,318.85,0.41,0.37,2023-09-28,2003,N20,VIIRS,n,2,285.15,2.64,N,2,VIIRS_NOAA20_SP
23.6858,86.39422,317.9,0.41,0.37,2023-09-28,2003,N20,VIIRS,n,2,285.13,1.31,N,2,VIIRS_NOAA20_SP
23.68647,86.39025,311.72,0.41,0.37,2023-09-28,2003,N20,VIIRS,n,2,284.98,1.31,N,2,VIIRS_NOAA20_SP
23.68986,86.39091,303.88,0.41,0.37,2023-09-28,2003,N20,VIIRS,n,2,286.32,1.31,N,2,VIIRS_NOAA20_SP
23.69054,86.38692,307.21,0.41,0.37,2023-09-28,2003,N20,VIIRS,n,2,285.62,1.14,N,2,VIIRS_NOAA20_SP
23.71612,86.44465,303.65,0.41,0.37,2023-09-28,2003,N20,VIIRS,n,2,282.81,0.97,N,2,VIIRS_NOAA20_SP
23.71882,86.44933,305.6,0.41,0.37,2023-09-28,2003,N20,VIIRS,n,2,282.77,0.97,N,2,VIIRS_NOAA20_SP
23.71951,86.44532,306.96,0.41,0.37,2023-09-28,2003,N20,VIIRS,n,2,284.87,0.97,N,2,VIIRS_NOAA20_SP
23.7328,86.75841,304.69,0.42,0.38,2023-09-28,2003,N20,VIIRS,n,2,283.43,0.86,N,0,VIIRS_NOAA20_SP
23.74806,86.42206,308.7,0.41,0.37,2023-09-28,2003,N20,VIIRS,n,2,285.51,1.2,N,2,VIIRS_NOAA20_SP
23.74875,86.41805,304.58,0.41,0.37,2023-09-28,2003,N20,VIIRS,n,2,285.45,1.2,N,2,VIIRS_NOAA20_SP
23.76572,86.38017,305.54,0.41,0.37,2023-09-28,2003,N20,VIIRS,n,2,289.81,1.33,N,2,VIIRS_NOAA20_SP
23.7664,86.37617,309.05,0.41,0.37,2023-09-28,2003,N20,VIIRS,n,2,288.74,0.69,N,2,VIIRS_NOAA20_SP
23.76707,86.39281,312.61,0.41,0.37,2023-09-28,2003,N20,VIIRS,n,2,289.89,2.1,N,2,VIIRS_NOAA20_SP
23.7691,86.40147,309.51,0.41,0.37,2023-09-28,2003,N20,VIIRS,n,2,288.55,2.32,N,2,VIIRS_NOAA20_SP
23.77174,86.20095,311.98,0.41,0.37,2023-09-28,2003,N20,VIIRS,n,2,290.63,2.75,N,2,VIIRS_NOAA20_SP
23.77242,86.19699,307.62,0.41,0.37,2023-09-28,2003,N20,VIIRS,n,2,289.86,1.59,N,2,VIIRS_NOAA20_SP
23.77378,86.2095,314.36,0.41,0.37,2023-09-28,2003,N20,VIIRS,n,2,290.56,1.74,N,2,VIIRS_NOAA20_SP
23.77452,86.39015,303.55,0.41,0.37,2023-09-28,2003,N20,VIIRS,n,2,287.37,1.54,N,2,VIIRS_NOAA20_SP
23.7752,86.36557,306.18,0.41,0.37,2023-09-28,2003,N20,VIIRS,n,2,289.65,1.48,N,2,VIIRS_NOAA20_SP
23.7752,86.38616,310.41,0.41,0.37,2023-09-28,2003,N20,VIIRS,n,2,289.02,1.35,N,2,VIIRS_NOAA20_SP
23.77588,86.36159,309.35,0.41,0.37,2023-09-28,2003,N20,VIIRS,n,2,289.75,1.69,N,2,VIIRS_NOAA20_SP
23.77715,86.21016,317.8,0.41,0.37,2023-09-28,2003,N20,VIIRS,n,2,290.24,2.92,N,2,VIIRS_NOAA20_SP
23.77723,86.39482,310.15,0.41,0.37,2023-09-28,2003,N20,VIIRS,n,2,289.23,1.54,N,2,VIIRS_NOAA20_SP
23.77782,86.20621,314.01,0.41,0.37,2023-09-28,2003,N20,VIIRS,n,2,290.95,3.56,N,2,VIIRS_NOAA20_SP
23.77791,86.39083,318.54,0.41,0.37,2023-09-28,2003,N20,VIIRS,n,2,289.8,1.54,N,2,VIIRS_NOAA20_SP
23.77858,86.34568,318.06,0.41,0.37,2023-09-28,2003,N20,VIIRS,n,2,289.94,2.17,N,2,VIIRS_NOAA20_SP
23.77859,86.38683,312.98,0.41,0.37,2023-09-28,2003,N20,VIIRS,n,2,288.62,1.35,N,2,VIIRS_NOAA20_SP
23.78062,86.37488,315.16,0.41,0.37,2023-09-28,2003,N20,VIIRS,n,2,289.55,1.97,N,2,VIIRS_NOAA20_SP
23.78062,86.3955,312.28,0.41,0.37,2023-09-28,2003,N20,VIIRS,n,2,289.23,1.74,N,2,VIIRS_NOAA20_SP
23.78119,86.20686,345.86,0.41,0.37,2023-09-28,2003,N20,VIIRS,n,2,293.23,3.56,N,2,VIIRS_NOAA20_SP
23.78129,86.3709,310.06,0.41,0.37,2023-09-28,2003,N20,VIIRS,n,2,289.98,2.02,N,2,VIIRS_NOAA20_SP
23.7813,86.39149,312.27,0.41,0.37,2023-09-28,2003,N20,VIIRS,n,2,288.86,1.74,N,2,VIIRS_NOAA20_SP
23.78196,86.34635,314.29,0.41,0.37,2023-09-28,2003,N20,VIIRS,n,2,290.3,1.82,N,2,VIIRS_NOAA20_SP
23.78331,86.3384,306.17,0.41,0.37,2023-09-28,2003,N20,VIIRS,n,2,289.93,1.09,N,2,VIIRS_NOAA20_SP
23.78399,86.33442,311.25,0.41,0.37,2023-09-28,2003,N20,VIIRS,n,2,291.1,1.09,N,2,VIIRS_NOAA20_SP
23.78456,86.20752,315.1,0.41,0.37,2023-09-28,2003,N20,VIIRS,n,2,289.92,1.14,N,2,VIIRS_NOAA20_SP
23.78737,86.33509,312.45,0.41,0.37,2023-09-28,2003,N20,VIIRS,n,2,291.63,1.09,N,2,VIIRS_NOAA20_SP
23.78804,86.33111,312.4,0.41,0.37,2023-09-28,2003,N20,VIIRS,n,2,291.01,1.81,N,2,VIIRS_NOAA20_SP
23.78807,86.37225,309.88,0.41,0.37,2023-09-28,2003,N20,VIIRS,n,2,290.32,1.93,N,2,VIIRS_NOAA20_SP
23.79144,86.35235,319.51,0.41,0.37,2023-09-28,2003,N20,VIIRS,n,2,290.73,2.59,N,2,VIIRS_NOAA20_SP
23.79402,86.23395,307.3,0.41,0.37,2023-09-28,2003,N20,VIIRS,n,2,289.71,1.08,N,2,VIIRS_NOAA20_SP
23.79482,86.35302,337.01,0.41,0.37,2023-09-28,2003,N20,VIIRS,n,2,291.63,4.38,N,2,VIIRS_NOAA20_SP
23.79549,86.34904,313.02,0.41,0.37,2023-09-28,2003,N20,VIIRS,n,2,290.82,2.85,N,2,VIIRS_NOAA20_SP
23.80022,86.34176,308.76,0.41,0.37,2023-09-28,2003,N20,VIIRS,n,2,291.23,1.43,N,2,VIIRS_NOAA20_SP
23.80224,86.3298,323.5,0.41,0.37,2023-09-28,2003,N20,VIIRS,n,2,291.5,2.09,N,2,VIIRS_NOAA20_SP
23.80562,86.33048,325.71,0.41,0.37,2023-09-28,2003,N20,VIIRS,n,2,292.46,2.56,N,2,VIIRS_NOAA20_SP
23.80763,86.3186,309.54,0.41,0.37,2023-09-28,2003,N20,VIIRS,n,2,291.58,1.45,N,2,VIIRS_NOAA20_SP
23.8083,86.31464,310.36,0.41,0.37,2023-09-28,2003,N20,VIIRS,n,2,291.72,1.45,N,2,VIIRS_NOAA20_SP
23.98962,79.39257,307.78,0.56,0.43,2023-09-28,2003,N20,VIIRS,n,2,289.63,1.7,N,2,VIIRS_NOAA20_SP
24.15745,82.59995,306.16,0.41,0.37,2023-09-28,2003,N20,VIIRS,n,2,286.55,0.66,N,0,VIIRS_NOAA20_SP
24.16619,82.68251,306.33,0.4,0.37,2023-09-28,2003,N20,VIIRS,n,2,287.36,1.18,N,2,VIIRS_NOAA20_SP
24.17001,82.56117,317.1,0.41,0.37,2023-09-28,2003,N20,VIIRS,n,2,285.16,2.19,N,2,VIIRS_NOAA20_SP
24.20527,82.70869,305.51,0.4,0.37,2023-09-28,2003,N20,VIIRS,n,2,289.81,1.37,N,2,VIIRS_NOAA20_SP
24.20864,82.70932,318.56,0.4,0.37,2023-09-28,2003,N20,VIIRS,n,2,290.91,1.37,N,2,VIIRS_NOAA20_SP
24.44991,83.03864,306.04,0.4,0.37,2023-09-28,2003,N20,VIIRS,n,2,286.72,0.65,N,2,VIIRS_NOAA20_SP
24.49879,77.14613,303.05,0.51,0.49,2023-09-28,2003,N20,VIIRS,n,2,284.89,0.61,N,0,VIIRS_NOAA20_SP
24.58134,74.80074,305.15,0.36,0.57,2023-09-28,2003,N20,VIIRS,n,2,291.46,0.91,N,2,VIIRS_NOAA20_SP
17.53434,83.0005,307.53,0.38,0.36,2023-09-28,2004,N20,VIIRS,n,2,287.37,1.28,N,2,VIIRS_NOAA20_SP
17.59929,83.19251,303.92,0.38,0.36,2023-09-28,2004,N20,VIIRS,n,2,281.74,0.64,N,2,VIIRS_NOAA20_SP
17.60474,83.20084,310.52,0.39,0.36,2023-09-28,2004,N20,VIIRS,n,2,284.2,1.7,N,2,VIIRS_NOAA20_SP
17.60803,83.2014,307.02,0.39,0.36,2023-09-28,2004,N20,VIIRS,n,2,284.56,1.43,N,2,VIIRS_NOAA20_SP
19.09375,82.16913,332.92,0.39,0.36,2023-09-28,2004,N20,VIIRS,n,2,282.23,3.52,N,0,VIIRS_NOAA20_SP
19.10371,82.1708,298.93,0.39,0.36,2023-09-28,2004,N20,VIIRS,n,2,279.73,0.71,N,0,VIIRS_NOAA20_SP
19.10427,82.1671,313.67,0.39,0.36,2023-09-28,2004,N20,VIIRS,n,2,280.21,1.25,N,0,VIIRS_NOAA20_SP
20.25913,86.60218,315.35,0.45,0.39,2023-09-28,2004,N20,VIIRS,n,2,285.74,1.56,N,0,VIIRS_NOAA20_SP
20.5149,85.72561,304.65,0.42,0.38,2023-09-28,2004,N20,VIIRS,n,2,283.86,0.68,N,2,VIIRS_NOAA20_SP
20.78593,85.26505,303.58,0.4,0.37,2023-09-28,2004,N20,VIIRS,n,2,282.33,1.18,N,2,VIIRS_NOAA20_SP
20.78657,85.2612,320.68,0.4,0.37,2023-09-28,2004,N20,VIIRS,n,2,282.81,1.18,N,2,VIIRS_NOAA20_SP
20.79057,85.258,304.37,0.4,0.37,2023-09-28,2004,N20,VIIRS,n,2,282.23,1.27,N,2,VIIRS_NOAA20_SP
20.79456,85.25479,330.36,0.4,0.37,2023-09-28,2004,N20,VIIRS,n,2,283.24,2.21,N,2,VIIRS_NOAA20_SP
20.79728,85.25925,309.84,0.4,0.37,2023-09-28,2004,N20,VIIRS,n,2,282.45,2.21,N,2,VIIRS_NOAA20_SP
20.80064,85.2599,307.23,0.4,0.37,2023-09-28,2004,N20,VIIRS,n,2,282.7,0.72,N,2,VIIRS_NOAA20_SP
20.80463,85.25671,303.97,0.4,0.37,2023-09-28,2004,N20,VIIRS,n,2,282.52,0.72,N,2,VIIRS_NOAA20_SP
20.80799,85.25735,305.49,0.4,0.37,2023-09-28,2004,N20,VIIRS,n,2,282.72,0.82,N,2,VIIRS_NOAA20_SP
20.86933,84.99041,307.22,0.4,0.37,2023-09-28,2004,N20,VIIRS,n,2,286.76,1.24,N,2,VIIRS_NOAA20_SP
20.88119,84.98096,307.78,0.4,0.37,2023-09-28,2004,N20,VIIRS,n,2,285.93,0.99,N,0,VIIRS_NOAA20_SP
20.88452,84.9816,308.94,0.4,0.37,2023-09-28,2004,N20,VIIRS,n,2,285.8,0.99,N,2,VIIRS_NOAA20_SP
21.10255,72.63512,312.9,0.45,0.63,2023-09-28,2004,N20,VIIRS,n,2,286.18,2.37,N,2,VIIRS_NOAA20_SP
21.10296,72.63068,306.97,0.45,0.63,2023-09-28,2004,N20,VIIRS,n,2,284.28,2.37,N,2,VIIRS_NOAA20_SP
21.10759,72.64458,320.08,0.45,0.63,2023-09-28,2004,N20,VIIRS,n,2,287.99,3.69,N,2,VIIRS_NOAA20_SP
21.19376,81.39006,295.64,0.42,0.38,2023-09-28,2004,N20,VIIRS,n,2,268.23,0.53,N,2,VIIRS_NOAA20_SP
21.19716,81.41533,298.79,0.42,0.38,2023-09-28,2004,N20,VIIRS,n,2,262.34,0.74,N,2,VIIRS_NOAA20_SP
21.29881,81.60677,301.15,0.42,0.37,2023-09-28,2004,N20,VIIRS,n,2,276.94,0.57,N,2,VIIRS_NOAA20_SP
21.29905,81.60538,300.0,0.42,0.37,2023-09-28,2004,N20,VIIRS,n,2,274.92,0.64,N,2,VIIRS_NOAA20_SP
21.31157,81.59113,297.81,0.42,0.37,2023-09-28,2004,N20,VIIRS,n,2,274.02,0.57,N,2,VIIRS_NOAA20_SP
21.37587,81.67905,309.9,0.41,0.37,2023-09-28,2004,N20,VIIRS,n,2,283.6,0.95,N,2,VIIRS_NOAA20_SP
21.37765,81.64274,304.31,0.41,0.37,2023-09-28,2004,N20,VIIRS,n,2,282.08,1.06,N,2,VIIRS_NOAA20_SP
21.37929,81.67961,307.28,0.41,0.37,2023-09-28,2004,N20,VIIRS,n,2,283.28,0.81,N,2,VIIRS_NOAA20_SP
21.39132,81.645,306.69,0.41,0.37,2023-09-28,2004,N20,VIIRS,n,2,282.06,0.99,N,2,VIIRS_NOAA20_SP
22.34399,69.87304,327.08,0.71,0.75,2023-09-28,2004,N20,VIIRS,n,2,285.28,4.49,N,0,VIIRS_NOAA20_SP
22.34438,69.87206,330.45,0.7,0.75,2023-09-28,2004,N20,VIIRS,n,2,285.46,4.93,N,0,VIIRS_NOAA20_SP
15.33501,76.28584,297.17,0.44,0.46,2023-09-28,2005,N20,VIIRS,n,2,273.22,0.63,N,2,VIIRS_NOAA20_SP
17.4625,80.65376,298.51,0.42,0.37,2023-09-28,2005,N20,VIIRS,n,2,275.28,0.97,N,0,VIIRS_NOAA20_SP
13.08547,79.98005,314.76,0.41,0.37,2023-09-28,2006,N20,VIIRS,n,2,284.36,2.02,N,0,VIIRS_NOAA20_SP
13.9218,76.55286,296.55,0.41,0.45,2023-09-28,2006,N20,VIIRS,n,2,269.38,0.51,N,0,VIIRS_NOAA20_SP
6.83403,81.21349,300.07,0.39,0.36,2023-09-28,2008,N20,VIIRS,n,2,282.76,0.56,N,0,VIIRS_NOAA20_SP
29.9094,74.94952,304.78,0.61,0.71,2023-09-28,2142,N20,VIIRS,n,2,293.08,1.3,N,2,VIIRS_NOAA20_SP
29.97664,69.9912,301.07,0.63,0.54,2023-09-28,2142,N20,VIIRS,n,2,290.96,1.98,N,0,VIIRS_NOAA20_SP
29.97816,69.98458,303.26,0.63,0.54,2023-09-28,2142,N20,VIIRS,n,2,289.85,1.28,N,0,VIIRS_NOAA20_SP
30.32835,70.53694,305.89,0.33,0.55,2023-09-28,2142,N20,VIIRS,n,2,293.32,0.61,N,2,VIIRS_NOAA20_SP
25.40157,68.56696,306.09,0.32,0.55,2023-09-28,2143,N20,VIIRS,n,2,295.3,0.74,N,2,VIIRS_NOAA20_SP
25.76616,68.50396,319.16,0.63,0.54,2023-09-28,2143,N20,VIIRS,n,2,295.11,2.06,N,0,VIIRS_NOAA20_SP
26.09592,68.87945,310.92,0.33,0.55,2023-09-28,2143,N20,VIIRS,n,2,296.96,1.52,N,2,VIIRS_NOAA20_SP
26.14959,68.61813,308.22,0.63,0.54,2023-09-28,2143,N20,VIIRS,n,2,295.26,1.16,N,0,VIIRS_NOAA20_SP
22.34136,69.88155,326.58,0.45,0.63,2023-09-28,2144,N20,VIIRS,n,2,286.48,2.63,N,0,VIIRS_NOAA20_SP
22.34334,69.86675,302.14,0.45,0.63,2023-09-28,2144,N20,VIIRS,n,2,283.88,0.6,N,0,VIIRS_NOAA20_SP
23.12044,70.08498,308.92,0.45,0.63,2023-09-28,2144,N20,VIIRS,n,2,287.23,1.47,N,0,VIIRS_NOAA20_SP
7.81966,81.01311,330.19,0.5,0.66,2023-09-29,712,N20,VIIRS,n,2,278.99,5.02,D,0,VIIRS_NOAA20_SP
8.00614,80.97152,334.02,0.5,0.66,2023-09-29,712,N20,VIIRS,n,2,285.18,6.18,D,0,VIIRS_NOAA20_SP
11.76567,79.05882,330.93,0.58,0.7,2023-09-29,713,N20,VIIRS,n,2,288.42,4.96,D,0,VIIRS_NOAA20_SP
14.78791,79.4719,330.54,0.48,0.64,2023-09-29,714,N20,VIIRS,n,2,275.64,2.22,D,0,VIIRS_NOAA20_SP
16.89085,79.12212,328.65,0.46,0.63,2023-09-29,715,N20,VIIRS,n,2,287.41,3.13,D,0,VIIRS_NOAA20_SP
17.00012,80.13822,330.85,0.39,0.59,2023-09-29,715,N20,VIIRS,n,2,285.27,2.93,D,0,VIIRS_NOAA20_SP
21.24456,79.2261,326.8,0.37,0.58,2023-09-29,716,N20,VIIRS,n,2,287.48,0.99,D,2,VIIRS_NOAA20_SP
21.24532,79.22654,327.54,0.37,0.58,2023-09-29,716,N20,VIIRS,n,2,287.25,1.22,D,2,VIIRS_NOAA20_SP
24.20734,82.71112,333.68,0.39,0.44,2023-09-29,716,N20,VIIRS,n,2,292.75,5.02,D,2,VIIRS_NOAA20_SP
25.36495,97.1833,331.6,0.33,0.55,2023-09-29,716,N20,VIIRS,n,2,291.72,2.41,D,0,VIIRS_NOAA20_SP
25.49771,97.10037,335.76,0.33,0.55,2023-09-29,716,N20,VIIRS,n,2,291.82,2.12,D,0,VIIRS_NOAA20_SP
26.13891,93.72187,343.43,0.42,0.45,2023-09-29,716,N20,VIIRS,n,2,295.42,4.8,D,0,VIIRS_NOAA20_SP
24.61401,77.85082,350.99,0.38,0.59,2023-09-29,717,N20,VIIRS,n,2,300.65,5.18,D,0,VIIRS_NOAA20_SP
25.09321,76.43669,330.61,0.46,0.63,2023-09-29,717,N20,VIIRS,n,2,300.1,2.36,D,0,VIIRS_NOAA20_SP
25.21517,76.41232,330.68,0.45,0.63,2023-09-29,717,N20,VIIRS,n,2,299.42,4.05,D,0,VIIRS_NOAA20_SP
27.65281,96.25055,336.7,0.62,0.54,2023-09-29,717,N20,VIIRS,n,2,294.74,6.95,D,0,VIIRS_NOAA20_SP
27.6545,96.25424,341.31,0.62,0.54,2023-09-29,717,N20,VIIRS,n,2,294.8,11.82,D,0,VIIRS_NOAA20_SP
27.71401,96.24818,336.32,0.62,0.54,2023-09-29,717,N20,VIIRS,n,2,294.53,3.57,D,0,VIIRS_NOAA20_SP
27.72009,96.26012,348.37,0.62,0.54,2023-09-29,717,N20,VIIRS,n,2,295.43,16.95,D,0,VIIRS_NOAA20_SP
27.74776,96.28864,336.42,0.62,0.54,2023-09-29,717,N20,VIIRS,n,2,296.05,12.7,D,0,VIIRS_NOAA20_SP
27.74833,96.29491,339.65,0.62,0.54,2023-09-29,717,N20,VIIRS,n,2,294.46,12.7,D,0,VIIRS_NOAA20_SP
27.74889,96.29305,340.15,0.62,0.54,2023-09-29,717,N20,VIIRS,n,2,295.58,16.9,D,0,VIIRS_NOAA20_SP
27.83735,84.55527,331.03,0.43,0.38,2023-09-29,717,N20,VIIRS,n,2,293.05,3.79,D,0,VIIRS_NOAA20_SP
27.91855,96.74686,346.55,0.33,0.56,2023-09-29,717,N20,VIIRS,n,2,293.99,3.85,D,0,VIIRS_NOAA20_SP
28.07803,96.5888,338.48,0.33,0.55,2023-09-29,717,N20,VIIRS,n,2,292.2,2.38,D,0,VIIRS_NOAA20_SP
27.85515,77.51878,330.5,0.34,0.56,2023-09-29,718,N20,VIIRS,n,2,302.4,1.79,D,0,VIIRS_NOAA20_SP
27.92299,77.49824,337.09,0.34,0.56,2023-09-29,718,N20,VIIRS,n,2,304.24,2.54,D,0,VIIRS_NOAA20_SP
28.0059,77.61058,335.36,0.33,0.55,2023-09-29,718,N20,VIIRS,n,2,303.02,1.51,D,0,VIIRS_NOAA20_SP
28.05586,77.62076,341.61,0.33,0.55,2023-09-29,718,N20,VIIRS,n,2,301.62,2.98,D,0,VIIRS_NOAA20_SP
28.11646,77.61267,332.18,0.33,0.55,2023-09-29,718,N20,VIIRS,n,2,299.53,2.3,D,0,VIIRS_NOAA20_SP
28.94405,77.17046,355.32,0.34,0.56,2023-09-29,718,N20,VIIRS,n,2,302.99,4.52,D,0,VIIRS_NOAA20_SP
29.41436,76.58391,330.14,0.36,0.57,2023-09-29,718,N20,VIIRS,n,2,299.69,2.48,D,0,VIIRS_NOAA20_SP
29.4192,76.58476,332.2,0.36,0.57,2023-09-29,718,N20,VIIRS,n,2,299.22,2.3,D,0,VIIRS_NOAA20_SP
29.61803,75.9744,331.94,0.38,0.59,2023-09-29,718,N20,VIIRS,n,2,300.49,1.41,D,0,VIIRS_NOAA20_SP
29.76226,77.00723,349.25,0.33,0.55,2023-09-29,718,N20,VIIRS,n,2,305.24,3.74,D,0,VIIRS_NOAA20_SP
29.81092,75.75171,367.0,0.39,0.59,2023-09-29,718,N20,VIIRS,h,2,300.38,9.23,D,0,VIIRS_NOAA20_SP
29.98229,77.04864,336.49,0.32,0.55,2023-09-29,718,N20,VIIRS,n,2,301.95,3.31,D,0,VIIRS_NOAA20_SP
30.08885,77.079,330.02,0.32,0.55,2023-09-29,718,N20,VIIRS,n,2,300.64,1.35,D,0,VIIRS_NOAA20_SP
30.37704,73.09565,367.0,0.54,0.68,2023-09-29,719,N20,VIIRS,h,2,298.76,17.25,D,0,VIIRS_NOAA20_SP
30.38409,73.24495,340.98,0.53,0.67,2023-09-29,719,N20,VIIRS,n,2,296.12,4.14,D,0,VIIRS_NOAA20_SP
30.38489,73.37325,335.1,0.52,0.67,2023-09-29,719,N20,VIIRS,n,2,296.75,2.5,D,0,VIIRS_NOAA20_SP
30.54032,73.69346,331.84,0.49,0.65,2023-09-29,719,N20,VIIRS,n,2,295.47,2.99,D,0,VIIRS_NOAA20_SP
30.78934,73.67826,330.1,0.49,0.65,2023-09-29,719,N20,VIIRS,n,2,296.56,2.38,D,0,VIIRS_NOAA20_SP
30.96353,74.52926,341.75,0.43,0.62,2023-09-29,719,N20,VIIRS,n,2,298.03,3.24,D,0,VIIRS_NOAA20_SP
31.56774,75.10612,342.18,0.39,0.59,2023-09-29,719,N20,VIIRS,n,2,300.02,3.32,D,0,VIIRS_NOAA20_SP
31.59498,75.10125,330.02,0.39,0.59,2023-09-29,719,N20,VIIRS,l,2,300.95,2.3,D,0,VIIRS_NOAA20_SP
31.59697,75.09772,329.59,0.39,0.59,2023-09-29,719,N20,VIIRS,l,2,302.1,4.25,D,0,VIIRS_NOAA20_SP
31.60518,75.10776,332.04,0.39,0.59,2023-09-29,719,N20,VIIRS,n,2,300.53,2.84,D,0,VIIRS_NOAA20_SP
31.60741,75.10559,335.22,0.39,0.59,2023-09-29,719,N20,VIIRS,n,2,301.57,5.11,D,0,VIIRS_NOAA20_SP
31.60946,75.10208,334.45,0.39,0.59,2023-09-29,719,N20,VIIRS,n,2,301.38,2.25,D,0,VIIRS_NOAA20_SP
31.63047,75.09508,339.6,0.39,0.59,2023-09-29,719,N20,VIIRS,n,2,303.19,3.21,D,0,VIIRS_NOAA20_SP
31.63145,75.09901,330.26,0.39,0.59,2023-09-29,719,N20,VIIRS,n,2,302.54,3.21,D,0,VIIRS_NOAA20_SP
31.63512,75.06796,343.01,0.39,0.59,2023-09-29,719,N20,VIIRS,n,2,302.39,5.22,D,0,VIIRS_NOAA20_SP
31.64083,74.97574,330.0,0.39,0.6,2023-09-29,719,N20,VIIRS,n,2,301.08,2.23,D,0,VIIRS_NOAA20_SP
31.65582,75.28815,329.28,0.38,0.58,2023-09-29,719,N20,VIIRS,n,2,301.11,2.59,D,0,VIIRS_NOAA20_SP
31.66999,75.04768,336.57,0.39,0.59,2023-09-29,719,N20,VIIRS,n,2,301.63,2.42,D,0,VIIRS_NOAA20_SP
31.67703,75.00668,341.97,0.39,0.59,2023-09-29,719,N20,VIIRS,n,2,300.72,4.7,D,0,VIIRS_NOAA20_SP
31.68744,75.16489,338.61,0.38,0.59,2023-09-29,719,N20,VIIRS,n,2,300.8,3.55,D,0,VIIRS_NOAA20_SP
31.72472,75.00598,349.53,0.39,0.59,2023-09-29,719,N20,VIIRS,n,2,302.84,4.34,D,0,VIIRS_NOAA20_SP
31.76333,75.06987,337.51,0.39,0.59,2023-09-29,719,N20,VIIRS,n,2,301.58,5.2,D,0,VIIRS_NOAA20_SP
31.7643,75.07379,338.75,0.38,0.59,2023-09-29,719,N20,VIIRS,n,2,299.93,4.89,D,0,VIIRS_NOAA20_SP
22.93291,69.7012,333.71,0.46,0.47,2023-09-29,857,N20,VIIRS,n,2,297.12,2.78,D,2,VIIRS_NOAA20_SP
22.98521,71.35873,335.11,0.58,0.52,2023-09-29,857,N20,VIIRS,n,2,297.22,4.15,D,0,VIIRS_NOAA20_SP
23.08846,69.41038,334.45,0.44,0.46,2023-09-29,857,N20,VIIRS,n,2,302.26,2.28,D,0,VIIRS_NOAA20_SP
24.79795,68.0752,342.26,0.39,0.44,2023-09-29,858,N20,VIIRS,n,2,308.18,2.5,D,0,VIIRS_NOAA20_SP
27.37793,70.95102,338.13,0.62,0.54,2023-09-29,858,N20,VIIRS,l,2,308.75,3.58,D,0,VIIRS_NOAA20_SP
27.38621,70.87432,336.85,0.61,0.54,2023-09-29,858,N20,VIIRS,l,2,310.38,4.24,D,0,VIIRS_NOAA20_SP
27.53365,68.38241,347.28,0.43,0.46,2023-09-29,858,N20,VIIRS,n,2,310.46,3.61,D,0,VIIRS_NOAA20_SP
29.13306,68.35243,343.04,0.45,0.47,2023-09-29,859,N20,VIIRS,n,2,315.72,2.68,D,0,VIIRS_NOAA20_SP
29.15474,70.61337,332.84,0.62,0.54,2023-09-29,859,N20,VIIRS,l,2,307.71,2.02,D,0,VIIRS_NOAA20_SP
29.17728,68.9607,340.15,0.49,0.49,2023-09-29,859,N20,VIIRS,n,2,310.1,3.89,D,0,VIIRS_NOAA20_SP
29.29069,68.02027,340.97,0.43,0.46,2023-09-29,859,N20,VIIRS,l,2,315.83,2.96,D,0,VIIRS_NOAA20_SP
29.32572,68.03033,341.2,0.44,0.46,2023-09-29,859,N20,VIIRS,l,2,313.44,3.17,D,0,VIIRS_NOAA20_SP
29.32598,68.02924,343.87,0.43,0.46,2023-09-29,859,N20,VIIRS,n,2,313.77,3.82,D,0,VIIRS_NOAA20_SP
30.41717,73.36866,341.02,0.47,0.64,2023-09-29,859,N20,VIIRS,n,2,298.44,4.81,D,0,VIIRS_NOAA20_SP
30.41927,73.36725,333.08,0.47,0.64,2023-09-29,859,N20,VIIRS,n,2,298.74,4.65,D,0,VIIRS_NOAA20_SP
30.52335,73.8378,332.4,0.5,0.66,2023-09-29,859,N20,VIIRS,n,2,296.44,4.23,D,0,VIIRS_NOAA20_SP
30.52424,73.83618,335.77,0.5,0.66,2023-09-29,859,N20,VIIRS,n,2,296.42,3.67,D,0,VIIRS_NOAA20_SP
30.56347,73.66557,332.41,0.49,0.65,2023-09-29,859,N20,VIIRS,n,2,297.37,2.84,D,0,VIIRS_NOAA20_SP
31.20371,74.23674,330.91,0.54,0.68,2023-09-29,859,N20,VIIRS,n,2,296.61,5.5,D,0,VIIRS_NOAA20_SP
31.206,74.24055,333.69,0.54,0.68,2023-09-29,859,N20,VIIRS,n,2,295.89,5.54,D,0,VIIRS_NOAA20_SP
31.47635,75.72045,340.88,0.66,0.73,2023-09-29,859,N20,VIIRS,n,2,299.06,6.14,D,0,VIIRS_NOAA20_SP
31.48111,75.71973,343.51,0.66,0.73,2023-09-29,859,N20,VIIRS,n,2,299.48,7.31,D,0,VIIRS_NOAA20_SP
31.5738,75.05691,343.57,0.6,0.71,2023-09-29,859,N20,VIIRS,n,2,298.41,7.14,D,0,VIIRS_NOAA20_SP
31.58974,75.12132,331.85,0.61,0.71,2023-09-29,859,N20,VIIRS,n,2,298.91,8.42,D,0,VIIRS_NOAA20_SP
31.61696,75.13964,350.2,0.61,0.71,2023-09-29,859,N20,VIIRS,n,2,299.05,12.3,D,0,VIIRS_NOAA20_SP
31.62031,75.09367,329.81,0.61,0.71,2023-09-29,859,N20,VIIRS,n,2,298.53,6.69,D,0,VIIRS_NOAA20_SP
31.6215,75.09361,328.92,0.61,0.71,2023-09-29,859,N20,VIIRS,n,2,298.42,4.86,D,0,VIIRS_NOAA20_SP
31.63198,75.03462,336.11,0.6,0.71,2023-09-29,859,N20,VIIRS,n,2,299.11,4.02,D,0,VIIRS_NOAA20_SP
31.63763,75.15838,331.1,0.61,0.71,2023-09-29,859,N20,VIIRS,n,2,299.56,5.63,D,0,VIIRS_NOAA20_SP
31.63769,75.03426,333.3,0.6,0.71,2023-09-29,859,N20,VIIRS,n,2,298.69,5.52,D,0,VIIRS_NOAA20_SP
31.64343,75.17786,330.07,0.61,0.71,2023-09-29,859,N20,VIIRS,n,2,298.79,4.09,D,0,VIIRS_NOAA20_SP
31.67531,73.03397,340.69,0.46,0.63,2023-09-29,859,N20,VIIRS,n,2,295.12,5.8,D,0,VIIRS_NOAA20_SP
31.67622,75.01291,335.19,0.6,0.71,2023-09-29,859,N20,VIIRS,n,2,300.08,4.5,D,0,VIIRS_NOAA20_SP
31.73111,74.93394,338.26,0.6,0.7,2023-09-29,859,N20,VIIRS,n,2,298.97,5.96,D,0,VIIRS_NOAA20_SP
31.73164,74.93299,342.24,0.59,0.7,2023-09-29,859,N20,VIIRS,n,2,300.01,5.26,D,0,VIIRS_NOAA20_SP
31.73431,74.99069,330.8,0.6,0.71,2023-09-29,859,N20,VIIRS,n,2,299.63,2.92,D,0,VIIRS_NOAA20_SP
31.75883,74.97101,338.05,0.6,0.7,2023-09-29,859,N20,VIIRS,n,2,301.18,3.8,D,0,VIIRS_NOAA20_SP
31.75958,74.97015,332.73,0.6,0.7,2023-09-29,859,N20,VIIRS,n,2,300.92,2.44,D,0,VIIRS_NOAA20_SP
31.76229,75.05505,335.19,0.61,0.71,2023-09-29,859,N20,VIIRS,n,2,299.76,5.21,D,0,VIIRS_NOAA20_SP
31.77928,74.98932,351.37,0.6,0.71,2023-09-29,859,N20,VIIRS,n,2,299.87,11.49,D,0,VIIRS_NOAA20_SP
31.78361,74.93761,332.44,0.6,0.7,2023-09-29,859,N20,VIIRS,n,2,299.45,3.76,D,0,VIIRS_NOAA20_SP
31.97488,74.84243,330.15,0.59,0.7,2023-09-29,900,N20,VIIRS,n,2,298.84,5.1,D,0,VIIRS_NOAA20_SP
