latitude,longitude,bright_ti4,scan,track,acq_date,acq_time,satellite,instrument,confidence,version,bright_ti5,frp,daynight,type,source_product
11.66706,78.90228,326.59,0.61,0.71,2023-10-15,713,N20,VIIRS,n,2,287.02,3.06,D,0,VIIRS_NOAA20_SP
13.76302,78.51053,334.56,0.59,0.7,2023-10-15,713,N20,VIIRS,n,2,289.24,4.6,D,0,VIIRS_NOAA20_SP
13.90005,80.14855,331.01,0.45,0.63,2023-10-15,713,N20,VIIRS,n,2,290.31,2.93,D,0,VIIRS_NOAA20_SP
14.65587,78.1955,340.85,0.59,0.7,2023-10-15,714,N20,VIIRS,n,2,294.39,6.11,D,0,VIIRS_NOAA20_SP
14.91743,77.68298,367.0,0.63,0.72,2023-10-15,714,N20,VIIRS,h,2,292.92,25.7,D,0,VIIRS_NOAA20_SP
14.92321,77.68102,335.34,0.63,0.72,2023-10-15,714,N20,VIIRS,n,2,291.99,3.93,D,0,VIIRS_NOAA20_SP
15.27158,78.42586,335.3,0.56,0.68,2023-10-15,714,N20,VIIRS,n,2,294.76,4.46,D,0,VIIRS_NOAA20_SP
15.32421,78.16345,330.15,0.58,0.69,2023-10-15,714,N20,VIIRS,n,2,294.21,4.2,D,0,VIIRS_NOAA20_SP
15.75981,78.47694,334.05,0.54,0.68,2023-10-15,714,N20,VIIRS,n,2,293.59,5.74,D,0,VIIRS_NOAA20_SP
15.88082,78.26781,337.05,0.55,0.68,2023-10-15,714,N20,VIIRS,n,2,292.73,4.29,D,0,VIIRS_NOAA20_SP
17.70225,82.90105,331.04,0.51,0.49,2023-10-15,714,N20,VIIRS,n,2,301.29,4.13,D,0,VIIRS_NOAA20_SP
17.71282,82.93251,335.52,0.5,0.49,2023-10-15,714,N20,VIIRS,n,2,302.21,10.67,D,0,VIIRS_NOAA20_SP
17.7137,82.93716,341.34,0.5,0.49,2023-10-15,714,N20,VIIRS,n,2,302.48,10.67,D,0,VIIRS_NOAA20_SP
17.71815,82.93628,342.19,0.5,0.49,2023-10-15,714,N20,VIIRS,n,2,302.54,51.9,D,0,VIIRS_NOAA20_SP
17.94564,83.41629,339.95,0.46,0.47,2023-10-15,714,N20,VIIRS,n,2,300.93,3.57,D,0,VIIRS_NOAA20_SP
17.94793,83.41472,337.88,0.46,0.47,2023-10-15,714,N20,VIIRS,n,2,300.05,4.34,D,0,VIIRS_NOAA20_SP
18.03497,95.09043,333.58,0.39,0.44,2023-10-15,714,N20,VIIRS,n,2,298.65,2.77,D,0,VIIRS_NOAA20_SP
18.81712,78.40274,331.74,0.47,0.64,2023-10-15,715,N20,VIIRS,n,2,295.8,4.08,D,0,VIIRS_NOAA20_SP
18.82777,78.50755,329.13,0.47,0.64,2023-10-15,715,N20,VIIRS,n,2,295.93,3.73,D,0,VIIRS_NOAA20_SP
18.89958,78.67027,337.11,0.45,0.63,2023-10-15,715,N20,VIIRS,n,2,294.27,3.05,D,0,VIIRS_NOAA20_SP
19.08748,82.16418,340.0,0.53,0.5,2023-10-15,715,N20,VIIRS,n,2,299.89,5.0,D,0,VIIRS_NOAA20_SP
20.78498,85.26254,333.55,0.49,0.4,2023-10-15,715,N20,VIIRS,l,2,306.74,5.71,D,2,VIIRS_NOAA20_SP
20.79521,85.25576,333.63,0.49,0.4,2023-10-15,715,N20,VIIRS,l,2,307.18,5.13,D,2,VIIRS_NOAA20_SP
20.88512,84.98253,332.98,0.51,0.41,2023-10-15,715,N20,VIIRS,l,2,305.41,8.19,D,2,VIIRS_NOAA20_SP
20.95136,86.04702,336.91,0.45,0.39,2023-10-15,715,N20,VIIRS,n,2,308.17,3.9,D,2,VIIRS_NOAA20_SP
20.96095,85.17307,339.7,0.49,0.41,2023-10-15,715,N20,VIIRS,l,2,309.94,6.78,D,2,VIIRS_NOAA20_SP
20.96544,85.17701,336.19,0.49,0.41,2023-10-15,715,N20,VIIRS,l,2,308.9,6.78,D,2,VIIRS_NOAA20_SP
20.96613,85.01788,337.04,0.5,0.41,2023-10-15,715,N20,VIIRS,n,2,304.09,5.73,D,0,VIIRS_NOAA20_SP
20.96784,85.01514,335.46,0.5,0.41,2023-10-15,715,N20,VIIRS,n,2,308.46,6.26,D,0,VIIRS_NOAA20_SP
20.96867,85.01991,332.7,0.5,0.41,2023-10-15,715,N20,VIIRS,n,2,300.72,6.26,D,0,VIIRS_NOAA20_SP
20.96912,85.17625,341.87,0.49,0.41,2023-10-15,715,N20,VIIRS,n,2,309.07,10.4,D,2,VIIRS_NOAA20_SP
20.96984,85.01714,335.45,0.5,0.41,2023-10-15,715,N20,VIIRS,n,2,302.7,5.73,D,0,VIIRS_NOAA20_SP
21.25824,79.24199,329.22,0.37,0.58,2023-10-15,715,N20,VIIRS,n,2,295.38,2.55,D,0,VIIRS_NOAA20_SP
21.62976,87.54366,337.42,0.4,0.37,2023-10-15,715,N20,VIIRS,n,2,308.23,3.51,D,0,VIIRS_NOAA20_SP
21.67699,84.03893,332.92,0.55,0.43,2023-10-15,715,N20,VIIRS,l,2,305.16,5.74,D,2,VIIRS_NOAA20_SP
21.92132,83.35017,344.8,0.4,0.44,2023-10-15,715,N20,VIIRS,n,2,303.44,6.14,D,2,VIIRS_NOAA20_SP
22.04833,88.10152,334.21,0.39,0.36,2023-10-15,715,N20,VIIRS,l,2,306.51,3.75,D,2,VIIRS_NOAA20_SP
22.21239,84.84223,337.34,0.49,0.4,2023-10-15,715,N20,VIIRS,n,2,307.26,5.14,D,2,VIIRS_NOAA20_SP
22.24435,87.38768,333.94,0.4,0.37,2023-10-15,715,N20,VIIRS,l,2,305.6,2.36,D,2,VIIRS_NOAA20_SP
22.36342,87.30192,333.93,0.4,0.37,2023-10-15,715,N20,VIIRS,l,2,308.71,4.95,D,2,VIIRS_NOAA20_SP
22.37705,87.27958,333.73,0.4,0.37,2023-10-15,715,N20,VIIRS,l,2,307.8,4.71,D,2,VIIRS_NOAA20_SP
22.79527,86.20712,336.45,0.43,0.38,2023-10-15,715,N20,VIIRS,n,2,306.27,3.8,D,2,VIIRS_NOAA20_SP
22.88479,92.46597,344.43,0.48,0.4,2023-10-15,715,N20,VIIRS,n,2,299.58,8.29,D,0,VIIRS_NOAA20_SP
22.50023,79.50621,332.64,0.34,0.56,2023-10-15,716,N20,VIIRS,n,2,300.93,3.88,D,0,VIIRS_NOAA20_SP
22.51075,76.9948,330.57,0.49,0.65,2023-10-15,716,N20,VIIRS,l,2,301.95,3.22,D,0,VIIRS_NOAA20_SP
22.51284,76.99504,332.75,0.49,0.65,2023-10-15,716,N20,VIIRS,n,2,301.62,3.87,D,0,VIIRS_NOAA20_SP
23.4893,77.91107,330.78,0.41,0.6,2023-10-15,716,N20,VIIRS,l,2,302.63,3.33,D,0,VIIRS_NOAA20_SP
23.49027,77.91187,332.64,0.41,0.6,2023-10-15,716,N20,VIIRS,l,2,302.67,4.5,D,0,VIIRS_NOAA20_SP
23.55878,87.24127,337.94,0.39,0.36,2023-10-15,716,N20,VIIRS,n,2,303.19,11.49,D,2,VIIRS_NOAA20_SP
23.58449,77.92366,331.37,0.4,0.6,2023-10-15,716,N20,VIIRS,l,2,302.44,1.73,D,0,VIIRS_NOAA20_SP
23.62804,86.28835,335.65,0.42,0.37,2023-10-15,716,N20,VIIRS,n,2,306.55,2.53,D,2,VIIRS_NOAA20_SP
23.67989,86.09472,339.9,0.42,0.38,2023-10-15,716,N20,VIIRS,n,2,304.59,5.0,D,2,VIIRS_NOAA20_SP
23.684,86.39332,344.2,0.41,0.37,2023-10-15,716,N20,VIIRS,n,2,309.63,8.04,D,2,VIIRS_NOAA20_SP
23.6846,88.399,335.7,0.38,0.36,2023-10-15,716,N20,VIIRS,n,2,305.34,3.23,D,0,VIIRS_NOAA20_SP
23.70111,86.07364,335.67,0.42,0.38,2023-10-15,716,N20,VIIRS,l,2,306.25,5.1,D,2,VIIRS_NOAA20_SP
23.75626,86.40442,337.1,0.41,0.37,2023-10-15,716,N20,VIIRS,l,2,308.78,4.6,D,2,VIIRS_NOAA20_SP
23.75965,86.40377,335.67,0.41,0.37,2023-10-15,716,N20,VIIRS,l,2,306.65,6.93,D,2,VIIRS_NOAA20_SP
23.77462,86.3885,339.5,0.41,0.37,2023-10-15,716,N20,VIIRS,n,2,309.34,8.08,D,2,VIIRS_NOAA20_SP
23.77801,86.38785,338.9,0.41,0.37,2023-10-15,716,N20,VIIRS,l,2,310.99,5.56,D,2,VIIRS_NOAA20_SP
23.77867,86.39185,345.16,0.41,0.37,2023-10-15,716,N20,VIIRS,n,2,312.55,5.56,D,2,VIIRS_NOAA20_SP
23.77933,86.39584,341.11,0.41,0.37,2023-10-15,716,N20,VIIRS,l,2,312.73,3.6,D,2,VIIRS_NOAA20_SP
23.78011,86.20911,345.37,0.42,0.37,2023-10-15,716,N20,VIIRS,n,2,312.98,8.9,D,2,VIIRS_NOAA20_SP
23.78272,86.39518,335.42,0.41,0.37,2023-10-15,716,N20,VIIRS,l,2,308.32,3.6,D,2,VIIRS_NOAA20_SP
23.79309,86.35185,343.89,0.41,0.37,2023-10-15,716,N20,VIIRS,n,2,309.07,6.73,D,2,VIIRS_NOAA20_SP
23.80338,86.32919,346.64,0.41,0.37,2023-10-15,716,N20,VIIRS,n,2,313.82,8.29,D,2,VIIRS_NOAA20_SP
23.80939,79.12315,332.69,0.33,0.56,2023-10-15,716,N20,VIIRS,n,2,302.92,2.17,D,0,VIIRS_NOAA20_SP
23.84577,88.36245,335.07,0.38,0.36,2023-10-15,716,N20,VIIRS,n,2,306.02,1.84,D,0,VIIRS_NOAA20_SP
23.87584,88.33784,334.44,0.38,0.36,2023-10-15,716,N20,VIIRS,l,2,306.14,3.03,D,0,VIIRS_NOAA20_SP
24.0072,78.6482,335.16,0.36,0.57,2023-10-15,716,N20,VIIRS,n,2,300.35,2.66,D,0,VIIRS_NOAA20_SP
24.16953,82.56258,333.26,0.41,0.45,2023-10-15,716,N20,VIIRS,n,2,303.94,3.03,D,2,VIIRS_NOAA20_SP
24.20641,82.71144,343.73,0.4,0.44,2023-10-15,716,N20,VIIRS,n,2,308.07,4.65,D,2,VIIRS_NOAA20_SP
24.38179,93.90752,338.84,0.4,0.44,2023-10-15,716,N20,VIIRS,n,2,295.58,3.17,D,0,VIIRS_NOAA20_SP
24.73786,77.06718,335.19,0.43,0.62,2023-10-15,716,N20,VIIRS,n,2,295.21,3.38,D,0,VIIRS_NOAA20_SP
24.73985,76.92408,338.27,0.44,0.62,2023-10-15,716,N20,VIIRS,n,2,298.98,3.99,D,0,VIIRS_NOAA20_SP
24.74339,77.0657,345.1,0.43,0.62,2023-10-15,716,N20,VIIRS,n,2,297.95,3.38,D,0,VIIRS_NOAA20_SP
24.77299,76.88777,338.6,0.44,0.62,2023-10-15,716,N20,VIIRS,n,2,300.66,4.52,D,0,VIIRS_NOAA20_SP
25.60916,81.23261,331.03,0.46,0.47,2023-10-15,716,N20,VIIRS,n,2,300.87,1.71,D,0,VIIRS_NOAA20_SP
25.61279,82.34033,336.64,0.39,0.44,2023-10-15,716,N20,VIIRS,n,2,302.23,2.74,D,0,VIIRS_NOAA20_SP
24.7761,76.88884,337.05,0.44,0.62,2023-10-15,717,N20,VIIRS,n,2,300.93,5.57,D,0,VIIRS_NOAA20_SP
24.87916,76.86109,335.33,0.44,0.62,2023-10-15,717,N20,VIIRS,n,2,301.3,2.31,D,0,VIIRS_NOAA20_SP
24.9148,77.10338,339.18,0.42,0.61,2023-10-15,717,N20,VIIRS,n,2,300.86,7.84,D,0,VIIRS_NOAA20_SP
24.91843,77.09374,331.69,0.42,0.61,2023-10-15,717,N20,VIIRS,n,2,301.65,7.5,D,0,VIIRS_NOAA20_SP
24.925,77.12232,333.27,0.42,0.61,2023-10-15,717,N20,VIIRS,n,2,301.01,7.86,D,0,VIIRS_NOAA20_SP
24.99578,76.88883,354.24,0.43,0.62,2023-10-15,717,N20,VIIRS,n,2,300.97,6.11,D,0,VIIRS_NOAA20_SP
24.99612,77.00683,344.28,0.43,0.62,2023-10-15,717,N20,VIIRS,n,2,298.6,3.46,D,0,VIIRS_NOAA20_SP
24.99776,76.88639,330.05,0.44,0.62,2023-10-15,717,N20,VIIRS,n,2,299.92,3.99,D,0,VIIRS_NOAA20_SP
24.99873,76.8906,338.75,0.44,0.62,2023-10-15,717,N20,VIIRS,n,2,299.06,4.98,D,0,VIIRS_NOAA20_SP
25.08205,77.57884,332.15,0.39,0.6,2023-10-15,717,N20,VIIRS,l,2,304.7,2.54,D,0,VIIRS_NOAA20_SP
25.13095,76.98816,331.33,0.43,0.62,2023-10-15,717,N20,VIIRS,n,2,299.28,3.59,D,0,VIIRS_NOAA20_SP
25.13436,76.98575,339.64,0.43,0.62,2023-10-15,717,N20,VIIRS,n,2,300.6,4.24,D,0,VIIRS_NOAA20_SP
25.22828,75.97218,335.94,0.49,0.65,2023-10-15,717,N20,VIIRS,n,2,297.1,4.02,D,0,VIIRS_NOAA20_SP
25.44195,75.97495,330.43,0.48,0.65,2023-10-15,717,N20,VIIRS,l,2,301.78,5.66,D,0,VIIRS_NOAA20_SP
25.4828,76.45351,332.89,0.45,0.63,2023-10-15,717,N20,VIIRS,n,2,301.83,4.94,D,0,VIIRS_NOAA20_SP
25.5874,78.75281,347.4,0.32,0.55,2023-10-15,717,N20,VIIRS,n,2,300.05,3.51,D,0,VIIRS_NOAA20_SP
25.74956,81.0173,334.73,0.47,0.48,2023-10-15,717,N20,VIIRS,n,2,303.27,6.15,D,0,VIIRS_NOAA20_SP
25.75047,81.02187,341.39,0.47,0.48,2023-10-15,717,N20,VIIRS,n,2,301.76,6.4,D,0,VIIRS_NOAA20_SP
25.78424,78.48249,331.4,0.33,0.56,2023-10-15,717,N20,VIIRS,n,2,294.64,1.95,D,0,VIIRS_NOAA20_SP
25.79491,78.48302,335.16,0.33,0.56,2023-10-15,717,N20,VIIRS,n,2,293.32,2.13,D,0,VIIRS_NOAA20_SP
25.84678,80.66433,345.01,0.49,0.48,2023-10-15,717,N20,VIIRS,n,2,301.08,22.21,D,0,VIIRS_NOAA20_SP
25.90262,80.64538,341.3,0.49,0.49,2023-10-15,717,N20,VIIRS,n,2,300.79,9.52,D,0,VIIRS_NOAA20_SP
26.00492,81.57603,330.05,0.43,0.46,2023-10-15,717,N20,VIIRS,n,2,301.34,1.6,D,0,VIIRS_NOAA20_SP
26.03287,80.52563,335.07,0.49,0.49,2023-10-15,717,N20,VIIRS,n,2,302.6,4.62,D,0,VIIRS_NOAA20_SP
26.89299,81.25267,331.02,0.43,0.46,2023-10-15,717,N20,VIIRS,n,2,300.53,2.9,D,0,VIIRS_NOAA20_SP
27.01656,81.2141,330.57,0.43,0.46,2023-10-15,717,N20,VIIRS,n,2,299.48,1.35,D,0,VIIRS_NOAA20_SP
27.14145,77.60088,367.0,0.35,0.57,2023-10-15,717,N20,VIIRS,h,2,298.06,5.27,D,0,VIIRS_NOAA20_SP
27.14313,77.60062,350.54,0.35,0.57,2023-10-15,717,N20,VIIRS,n,2,297.54,5.33,D,0,VIIRS_NOAA20_SP
27.14869,78.95182,333.89,0.58,0.52,2023-10-15,717,N20,VIIRS,n,2,297.26,3.86,D,0,VIIRS_NOAA20_SP
27.18281,81.1652,331.22,0.43,0.46,2023-10-15,717,N20,VIIRS,n,2,300.33,1.85,D,0,VIIRS_NOAA20_SP
27.27138,81.16702,331.63,0.43,0.46,2023-10-15,717,N20,VIIRS,n,2,291.9,2.77,D,0,VIIRS_NOAA20_SP
27.45768,78.76434,330.21,0.59,0.53,2023-10-15,717,N20,VIIRS,n,2,299.17,3.16,D,0,VIIRS_NOAA20_SP
27.47069,77.51889,367.0,0.35,0.57,2023-10-15,717,N20,VIIRS,h,2,299.62,11.13,D,0,VIIRS_NOAA20_SP
27.86245,77.40131,338.08,0.35,0.57,2023-10-15,717,N20,VIIRS,n,2,298.06,3.2,D,0,VIIRS_NOAA20_SP
27.87219,77.38081,332.87,0.35,0.57,2023-10-15,717,N20,VIIRS,n,2,293.5,3.37,D,0,VIIRS_NOAA20_SP
27.90019,77.47075,343.72,0.35,0.56,2023-10-15,717,N20,VIIRS,n,2,300.22,3.67,D,0,VIIRS_NOAA20_SP
27.92848,77.31206,339.03,0.35,0.57,2023-10-15,717,N20,VIIRS,n,2,289.33,2.43,D,0,VIIRS_NOAA20_SP
27.96614,96.22301,339.2,0.61,0.54,2023-10-15,717,N20,VIIRS,n,2,292.6,9.27,D,0,VIIRS_NOAA20_SP
28.03289,77.61337,330.14,0.34,0.56,2023-10-15,717,N20,VIIRS,n,2,298.52,1.39,D,0,VIIRS_NOAA20_SP
28.03323,77.54559,331.95,0.34,0.56,2023-10-15,717,N20,VIIRS,n,2,297.04,1.45,D,0,VIIRS_NOAA20_SP
28.05547,77.64217,343.16,0.33,0.56,2023-10-15,717,N20,VIIRS,n,2,297.26,2.23,D,0,VIIRS_NOAA20_SP
28.09623,77.58806,331.69,0.34,0.56,2023-10-15,717,N20,VIIRS,n,2,294.51,2.63,D,0,VIIRS_NOAA20_SP
28.10053,95.53162,326.75,0.56,0.51,2023-10-15,717,N20,VIIRS,n,2,288.93,4.17,D,0,VIIRS_NOAA20_SP
28.11446,77.62167,334.5,0.33,0.56,2023-10-15,717,N20,VIIRS,n,2,298.69,2.56,D,0,VIIRS_NOAA20_SP
28.14056,77.22948,335.24,0.35,0.57,2023-10-15,717,N20,VIIRS,n,2,295.57,1.89,D,0,VIIRS_NOAA20_SP
28.45887,76.58074,331.79,0.38,0.59,2023-10-15,718,N20,VIIRS,n,2,296.57,2.78,D,0,VIIRS_NOAA20_SP
28.46265,76.58053,335.31,0.38,0.59,2023-10-15,718,N20,VIIRS,n,2,298.3,2.96,D,0,VIIRS_NOAA20_SP
28.75306,77.01976,367.0,0.35,0.57,2023-10-15,718,N20,VIIRS,h,2,297.1,6.22,D,0,VIIRS_NOAA20_SP
28.87426,79.20975,348.14,0.52,0.5,2023-10-15,718,N20,VIIRS,n,2,288.49,9.19,D,0,VIIRS_NOAA20_SP
28.88473,79.43372,331.53,0.5,0.49,2023-10-15,718,N20,VIIRS,n,2,282.79,3.81,D,0,VIIRS_NOAA20_SP
28.88616,79.67607,342.3,0.49,0.48,2023-10-15,718,N20,VIIRS,n,2,286.69,5.54,D,0,VIIRS_NOAA20_SP
28.91364,79.85165,332.96,0.47,0.48,2023-10-15,718,N20,VIIRS,n,2,292.05,5.73,D,0,VIIRS_NOAA20_SP
28.91426,79.46281,341.46,0.5,0.49,2023-10-15,718,N20,VIIRS,n,2,288.52,5.82,D,0,VIIRS_NOAA20_SP
28.92869,79.44299,337.02,0.5,0.49,2023-10-15,718,N20,VIIRS,n,2,288.8,5.75,D,0,VIIRS_NOAA20_SP
28.93309,79.4418,340.13,0.5,0.49,2023-10-15,718,N20,VIIRS,n,2,287.24,5.75,D,0,VIIRS_NOAA20_SP
28.94143,79.7205,328.97,0.48,0.48,2023-10-15,718,N20,VIIRS,n,2,291.5,5.04,D,0,VIIRS_NOAA20_SP
29.14964,77.06102,333.72,0.34,0.56,2023-10-15,718,N20,VIIRS,n,2,296.91,2.87,D,0,VIIRS_NOAA20_SP
29.20189,73.72916,346.1,0.54,0.68,2023-10-15,718,N20,VIIRS,n,2,294.74,8.77,D,0,VIIRS_NOAA20_SP
29.27438,78.97871,330.75,0.52,0.5,2023-10-15,718,N20,VIIRS,n,2,298.79,3.96,D,0,VIIRS_NOAA20_SP
29.28618,76.89479,352.41,0.35,0.57,2023-10-15,718,N20,VIIRS,n,2,296.24,4.52,D,0,VIIRS_NOAA20_SP
29.37553,76.08065,337.87,0.39,0.59,2023-10-15,718,N20,VIIRS,n,2,296.54,5.11,D,0,VIIRS_NOAA20_SP
29.42643,75.92792,339.09,0.39,0.6,2023-10-15,718,N20,VIIRS,n,2,294.38,3.09,D,0,VIIRS_NOAA20_SP
29.45464,75.63954,342.69,0.41,0.61,2023-10-15,718,N20,VIIRS,n,2,293.13,7.26,D,0,VIIRS_NOAA20_SP
29.49008,76.86978,332.31,0.35,0.56,2023-10-15,718,N20,VIIRS,n,2,296.24,2.38,D,0,VIIRS_NOAA20_SP
29.49785,76.03531,342.61,0.39,0.59,2023-10-15,718,N20,VIIRS,n,2,295.44,5.01,D,0,VIIRS_NOAA20_SP
29.49877,76.03916,344.85,0.39,0.59,2023-10-15,718,N20,VIIRS,n,2,294.56,5.01,D,0,VIIRS_NOAA20_SP
29.51641,76.04192,354.4,0.39,0.59,2023-10-15,718,N20,VIIRS,n,2,295.78,7.46,D,0,VIIRS_NOAA20_SP
29.51985,76.03255,339.64,0.39,0.59,2023-10-15,718,N20,VIIRS,n,2,293.52,4.71,D,0,VIIRS_NOAA20_SP
29.52231,76.03194,332.2,0.39,0.59,2023-10-15,718,N20,VIIRS,n,2,293.59,5.47,D,0,VIIRS_NOAA20_SP
29.53315,76.9278,334.99,0.34,0.56,2023-10-15,718,N20,VIIRS,n,2,295.05,1.63,D,0,VIIRS_NOAA20_SP
29.54666,75.7323,346.85,0.4,0.6,2023-10-15,718,N20,VIIRS,n,2,293.91,6.77,D,0,VIIRS_NOAA20_SP
29.59251,75.80368,339.24,0.4,0.6,2023-10-15,718,N20,VIIRS,n,2,292.73,4.13,D,0,VIIRS_NOAA20_SP
29.59346,75.80765,343.48,0.4,0.6,2023-10-15,718,N20,VIIRS,n,2,293.84,4.13,D,0,VIIRS_NOAA20_SP
29.59438,75.80444,339.13,0.4,0.6,2023-10-15,718,N20,VIIRS,n,2,292.36,4.49,D,0,VIIRS_NOAA20_SP
29.59535,75.8084,350.96,0.4,0.6,2023-10-15,718,N20,VIIRS,n,2,293.45,4.49,D,0,VIIRS_NOAA20_SP
29.62444,75.24178,330.69,0.43,0.62,2023-10-15,718,N20,VIIRS,n,2,292.65,1.95,D,0,VIIRS_NOAA20_SP
29.62811,76.04842,343.64,0.38,0.59,2023-10-15,718,N20,VIIRS,n,2,293.84,6.72,D,0,VIIRS_NOAA20_SP
29.64821,75.26629,332.17,0.43,0.62,2023-10-15,718,N20,VIIRS,n,2,292.97,2.75,D,0,VIIRS_NOAA20_SP
29.65037,75.44228,343.35,0.42,0.61,2023-10-15,718,N20,VIIRS,n,2,292.27,4.69,D,0,VIIRS_NOAA20_SP
29.66319,76.96497,367.0,0.34,0.56,2023-10-15,718,N20,VIIRS,h,2,297.57,8.66,D,0,VIIRS_NOAA20_SP
29.66496,75.93005,333.59,0.39,0.59,2023-10-15,718,N20,VIIRS,n,2,293.49,2.99,D,0,VIIRS_NOAA20_SP
29.6828,76.63263,349.44,0.35,0.57,2023-10-15,718,N20,VIIRS,n,2,296.93,6.54,D,0,VIIRS_NOAA20_SP
29.68389,76.63183,349.07,0.35,0.57,2023-10-15,718,N20,VIIRS,n,2,296.36,6.31,D,0,VIIRS_NOAA20_SP
29.68562,74.55304,331.41,0.47,0.64,2023-10-15,718,N20,VIIRS,n,2,292.42,3.1,D,0,VIIRS_NOAA20_SP
29.68771,75.7877,345.12,0.4,0.6,2023-10-15,718,N20,VIIRS,n,2,292.9,7.37,D,0,VIIRS_NOAA20_SP
29.68824,75.78379,337.62,0.4,0.6,2023-10-15,718,N20,VIIRS,n,2,293.09,4.11,D,0,VIIRS_NOAA20_SP
29.68921,75.78774,332.18,0.4,0.6,2023-10-15,718,N20,VIIRS,n,2,292.58,4.11,D,0,VIIRS_NOAA20_SP
29.68982,76.63381,334.64,0.35,0.57,2023-10-15,718,N20,VIIRS,n,2,297.05,2.97,D,0,VIIRS_NOAA20_SP
29.70842,75.94557,330.32,0.39,0.59,2023-10-15,718,N20,VIIRS,n,2,293.26,2.62,D,0,VIIRS_NOAA20_SP
29.72155,76.39679,350.0,0.36,0.58,2023-10-15,718,N20,VIIRS,n,2,294.09,5.24,D,0,VIIRS_NOAA20_SP
29.72185,76.39723,339.57,0.36,0.58,2023-10-15,718,N20,VIIRS,n,2,293.48,5.46,D,0,VIIRS_NOAA20_SP
29.74337,76.1156,353.45,0.38,0.59,2023-10-15,718,N20,VIIRS,n,2,294.27,10.16,D,0,VIIRS_NOAA20_SP
29.7879,76.60394,330.07,0.35,0.57,2023-10-15,718,N20,VIIRS,n,2,294.75,1.37,D,0,VIIRS_NOAA20_SP
29.80589,75.57764,348.71,0.41,0.6,2023-10-15,718,N20,VIIRS,n,2,292.25,4.77,D,0,VIIRS_NOAA20_SP
29.81155,76.61181,334.16,0.35,0.57,2023-10-15,718,N20,VIIRS,n,2,295.92,2.34,D,0,VIIRS_NOAA20_SP
29.82024,75.84697,331.61,0.39,0.59,2023-10-15,718,N20,VIIRS,n,2,290.19,2.15,D,0,VIIRS_NOAA20_SP
29.83331,75.86461,330.08,0.39,0.59,2023-10-15,718,N20,VIIRS,n,2,291.35,2.36,D,0,VIIRS_NOAA20_SP
29.86785,76.01849,330.06,0.38,0.59,2023-10-15,718,N20,VIIRS,n,2,291.77,2.1,D,0,VIIRS_NOAA20_SP
29.86986,76.01881,331.47,0.38,0.59,2023-10-15,718,N20,VIIRS,n,2,291.77,2.6,D,0,VIIRS_NOAA20_SP
29.92551,76.71852,331.29,0.34,0.56,2023-10-15,718,N20,VIIRS,n,2,295.58,2.6,D,0,VIIRS_NOAA20_SP
29.93206,76.89674,333.13,0.34,0.56,2023-10-15,718,N20,VIIRS,n,2,294.02,2.53,D,0,VIIRS_NOAA20_SP
29.93463,74.46857,332.51,0.47,0.64,2023-10-15,718,N20,VIIRS,n,2,290.89,3.66,D,0,VIIRS_NOAA20_SP
29.93495,74.47029,330.72,0.47,0.64,2023-10-15,718,N20,VIIRS,n,2,290.83,3.08,D,0,VIIRS_NOAA20_SP
29.94448,75.98619,334.34,0.38,0.59,2023-10-15,718,N20,VIIRS,n,2,291.16,2.34,D,0,VIIRS_NOAA20_SP
29.95144,76.98077,336.23,0.33,0.55,2023-10-15,718,N20,VIIRS,n,2,295.5,3.04,D,0,VIIRS_NOAA20_SP
29.96707,76.45659,346.72,0.36,0.57,2023-10-15,718,N20,VIIRS,n,2,296.27,5.59,D,0,VIIRS_NOAA20_SP
29.96784,76.45499,336.82,0.36,0.57,2023-10-15,718,N20,VIIRS,n,2,296.27,5.71,D,0,VIIRS_NOAA20_SP
29.96993,76.30301,330.23,0.36,0.58,2023-10-15,718,N20,VIIRS,n,2,292.57,1.95,D,0,VIIRS_NOAA20_SP
29.99085,76.6984,331.03,0.34,0.56,2023-10-15,718,N20,VIIRS,n,2,295.97,9.71,D,0,VIIRS_NOAA20_SP
29.99166,76.70187,367.0,0.34,0.56,2023-10-15,718,N20,VIIRS,h,2,298.96,9.71,D,0,VIIRS_NOAA20_SP
30.02496,73.12511,330.07,0.56,0.68,2023-10-15,718,N20,VIIRS,n,2,291.38,3.28,D,0,VIIRS_NOAA20_SP
30.05333,76.81355,334.37,0.34,0.56,2023-10-15,718,N20,VIIRS,n,2,295.0,2.48,D,0,VIIRS_NOAA20_SP
30.05598,73.21621,336.74,0.55,0.68,2023-10-15,718,N20,VIIRS,n,2,291.83,3.22,D,0,VIIRS_NOAA20_SP
30.05695,73.21654,336.96,0.55,0.68,2023-10-15,718,N20,VIIRS,n,2,291.78,4.32,D,0,VIIRS_NOAA20_SP
30.05767,76.98676,337.95,0.33,0.55,2023-10-15,718,N20,VIIRS,n,2,295.71,2.79,D,0,VIIRS_NOAA20_SP
30.08558,76.34834,367.0,0.36,0.57,2023-10-15,718,N20,VIIRS,h,2,292.49,8.17,D,0,VIIRS_NOAA20_SP
30.12482,77.21127,345.55,0.32,0.55,2023-10-15,718,N20,VIIRS,n,2,294.85,2.76,D,0,VIIRS_NOAA20_SP
30.13432,77.18424,329.63,0.32,0.55,2023-10-15,718,N20,VIIRS,n,2,293.61,1.19,D,0,VIIRS_NOAA20_SP
30.13869,77.04159,329.97,0.33,0.55,2023-10-15,718,N20,VIIRS,n,2,293.6,1.97,D,0,VIIRS_NOAA20_SP
30.14317,77.01555,337.03,0.33,0.55,2023-10-15,718,N20,VIIRS,n,2,294.38,2.05,D,0,VIIRS_NOAA20_SP
30.15194,76.62771,329.51,0.34,0.56,2023-10-15,718,N20,VIIRS,n,2,293.54,2.56,D,0,VIIRS_NOAA20_SP
30.15615,76.62269,331.79,0.35,0.56,2023-10-15,718,N20,VIIRS,n,2,293.06,2.56,D,0,VIIRS_NOAA20_SP
30.15717,77.00776,345.52,0.33,0.55,2023-10-15,718,N20,VIIRS,n,2,294.74,3.2,D,0,VIIRS_NOAA20_SP
30.17942,75.79724,328.6,0.39,0.59,2023-10-15,718,N20,VIIRS,n,2,290.09,2.28,D,0,VIIRS_NOAA20_SP
30.19974,76.87614,346.8,0.33,0.55,2023-10-15,718,N20,VIIRS,n,2,296.49,3.5,D,0,VIIRS_NOAA20_SP
30.20345,76.6637,341.46,0.34,0.56,2023-10-15,718,N20,VIIRS,n,2,294.53,4.3,D,0,VIIRS_NOAA20_SP
30.21007,76.66904,342.47,0.34,0.56,2023-10-15,718,N20,VIIRS,n,2,294.62,4.86,D,0,VIIRS_NOAA20_SP
30.21424,77.02789,332.19,0.33,0.55,2023-10-15,718,N20,VIIRS,n,2,295.07,1.31,D,0,VIIRS_NOAA20_SP
30.21463,77.02894,332.4,0.33,0.55,2023-10-15,718,N20,VIIRS,n,2,294.91,1.85,D,0,VIIRS_NOAA20_SP
30.22593,77.14753,330.21,0.32,0.55,2023-10-15,718,N20,VIIRS,n,2,294.44,2.45,D,0,VIIRS_NOAA20_SP
30.22667,77.15077,335.6,0.32,0.55,2023-10-15,718,N20,VIIRS,n,2,294.52,2.45,D,0,VIIRS_NOAA20_SP
30.23886,77.18153,328.9,0.32,0.54,2023-10-15,718,N20,VIIRS,n,2,294.29,1.46,D,0,VIIRS_NOAA20_SP
30.26008,76.90771,331.28,0.33,0.55,2023-10-15,718,N20,VIIRS,n,2,296.29,3.5,D,0,VIIRS_NOAA20_SP
30.29782,76.68629,332.13,0.34,0.56,2023-10-15,718,N20,VIIRS,n,2,294.05,2.39,D,0,VIIRS_NOAA20_SP
30.29783,76.93523,329.43,0.33,0.55,2023-10-15,718,N20,VIIRS,n,2,295.68,2.14,D,0,VIIRS_NOAA20_SP
30.29805,77.2085,340.39,0.63,0.54,2023-10-15,718,N20,VIIRS,n,2,295.32,5.24,D,0,VIIRS_NOAA20_SP
30.29807,76.93517,331.72,0.33,0.55,2023-10-15,718,N20,VIIRS,n,2,295.93,2.18,D,0,VIIRS_NOAA20_SP
30.30855,76.47827,332.73,0.35,0.57,2023-10-15,718,N20,VIIRS,n,2,293.84,1.84,D,0,VIIRS_NOAA20_SP
30.31017,76.47721,331.44,0.35,0.57,2023-10-15,718,N20,VIIRS,n,2,293.39,1.81,D,0,VIIRS_NOAA20_SP
30.33159,76.7852,332.62,0.33,0.56,2023-10-15,718,N20,VIIRS,n,2,295.47,2.18,D,0,VIIRS_NOAA20_SP
30.53958,73.61776,329.72,0.51,0.66,2023-10-15,718,N20,VIIRS,n,2,292.44,3.34,D,0,VIIRS_NOAA20_SP
31.64885,72.92436,332.15,0.52,0.67,2023-10-15,719,N20,VIIRS,n,2,290.82,3.87,D,0,VIIRS_NOAA20_SP
14.91691,77.68317,336.29,0.6,0.71,2023-10-15,854,N20,VIIRS,n,2,291.93,5.16,D,0,VIIRS_NOAA20_SP
14.9171,77.68438,338.91,0.6,0.71,2023-10-15,854,N20,VIIRS,n,2,291.77,4.49,D,0,VIIRS_NOAA20_SP
18.4599,74.29854,337.03,0.39,0.6,2023-10-15,855,N20,VIIRS,n,2,295.99,2.58,D,0,VIIRS_NOAA20_SP
19.56574,71.35685,341.52,0.52,0.5,2023-10-15,856,N20,VIIRS,n,2,296.81,7.63,D,3,VIIRS_NOAA20_SP
21.10308,72.64552,334.95,0.33,0.55,2023-10-15,856,N20,VIIRS,n,2,298.92,1.9,D,2,VIIRS_NOAA20_SP
21.1034,72.64873,333.32,0.33,0.55,2023-10-15,856,N20,VIIRS,n,2,299.27,1.9,D,2,VIIRS_NOAA20_SP
21.14025,70.35242,333.82,0.47,0.48,2023-10-15,856,N20,VIIRS,l,2,305.66,2.37,D,0,VIIRS_NOAA20_SP
21.14038,70.3496,333.59,0.47,0.48,2023-10-15,856,N20,VIIRS,l,2,305.24,2.12,D,0,VIIRS_NOAA20_SP
21.37559,70.53224,335.53,0.49,0.48,2023-10-15,856,N20,VIIRS,n,2,305.41,3.9,D,0,VIIRS_NOAA20_SP
21.3786,70.52921,335.31,0.49,0.48,2023-10-15,856,N20,VIIRS,n,2,305.16,5.42,D,0,VIIRS_NOAA20_SP
22.16641,70.50962,336.75,0.5,0.49,2023-10-15,856,N20,VIIRS,n,2,298.84,4.45,D,0,VIIRS_NOAA20_SP
22.55032,77.47424,339.94,0.7,0.75,2023-10-15,856,N20,VIIRS,n,2,295.72,6.34,D,0,VIIRS_NOAA20_SP
22.55098,77.47632,336.98,0.7,0.75,2023-10-15,856,N20,VIIRS,n,2,295.23,5.78,D,0,VIIRS_NOAA20_SP
22.74901,72.33422,340.01,0.33,0.55,2023-10-15,857,N20,VIIRS,n,2,298.24,3.52,D,0,VIIRS_NOAA20_SP
22.75118,72.33575,342.55,0.33,0.55,2023-10-15,857,N20,VIIRS,n,2,298.25,3.92,D,0,VIIRS_NOAA20_SP
22.92141,70.10746,348.42,0.48,0.48,2023-10-15,857,N20,VIIRS,n,2,302.42,8.34,D,0,VIIRS_NOAA20_SP
22.92583,70.1069,337.45,0.48,0.48,2023-10-15,857,N20,VIIRS,n,2,303.7,8.37,D,0,VIIRS_NOAA20_SP
23.06778,70.94422,331.24,0.54,0.51,2023-10-15,857,N20,VIIRS,n,2,299.99,1.86,D,0,VIIRS_NOAA20_SP
23.08384,72.12149,334.74,0.32,0.55,2023-10-15,857,N20,VIIRS,n,2,297.67,1.22,D,0,VIIRS_NOAA20_SP
23.18727,71.11417,335.57,0.56,0.51,2023-10-15,857,N20,VIIRS,n,2,300.68,5.61,D,0,VIIRS_NOAA20_SP
23.37276,68.62124,337.24,0.39,0.44,2023-10-15,857,N20,VIIRS,n,2,304.88,1.93,D,0,VIIRS_NOAA20_SP
23.78647,72.2558,352.68,0.34,0.56,2023-10-15,857,N20,VIIRS,n,2,303.15,4.34,D,0,VIIRS_NOAA20_SP
23.88455,71.96938,334.72,0.32,0.55,2023-10-15,857,N20,VIIRS,n,2,299.64,1.01,D,0,VIIRS_NOAA20_SP
23.88534,71.97015,330.33,0.32,0.55,2023-10-15,857,N20,VIIRS,n,2,299.56,1.19,D,0,VIIRS_NOAA20_SP
24.18085,69.79259,345.94,0.47,0.48,2023-10-15,857,N20,VIIRS,n,2,300.25,4.08,D,0,VIIRS_NOAA20_SP
24.74725,77.0593,335.92,0.69,0.75,2023-10-15,857,N20,VIIRS,n,2,297.92,6.1,D,0,VIIRS_NOAA20_SP
24.77114,76.88617,339.92,0.68,0.74,2023-10-15,857,N20,VIIRS,n,2,297.23,9.95,D,0,VIIRS_NOAA20_SP
24.77201,76.88418,345.95,0.68,0.74,2023-10-15,857,N20,VIIRS,n,2,296.75,11.3,D,0,VIIRS_NOAA20_SP
24.90981,77.11043,341.07,0.7,0.75,2023-10-15,857,N20,VIIRS,n,2,300.75,13.9,D,0,VIIRS_NOAA20_SP
24.91003,77.11005,345.36,0.7,0.75,2023-10-15,857,N20,VIIRS,n,2,300.83,7.24,D,0,VIIRS_NOAA20_SP
24.92124,77.06686,332.91,0.7,0.75,2023-10-15,857,N20,VIIRS,n,2,299.96,2.28,D,0,VIIRS_NOAA20_SP
24.92127,77.0671,332.24,0.7,0.75,2023-10-15,857,N20,VIIRS,n,2,299.72,3.74,D,0,VIIRS_NOAA20_SP
24.93176,74.84412,332.66,0.51,0.66,2023-10-15,857,N20,VIIRS,n,2,298.39,3.48,D,0,VIIRS_NOAA20_SP
25.01935,77.3078,340.79,0.72,0.76,2023-10-15,857,N20,VIIRS,n,2,295.73,8.38,D,0,VIIRS_NOAA20_SP
25.02449,77.30604,335.1,0.72,0.76,2023-10-15,857,N20,VIIRS,n,2,296.68,8.09,D,0,VIIRS_NOAA20_SP
25.16781,77.12865,336.16,0.71,0.75,2023-10-15,857,N20,VIIRS,n,2,294.76,4.72,D,0,VIIRS_NOAA20_SP
25.3989,68.56687,330.31,0.41,0.45,2023-10-15,857,N20,VIIRS,n,2,298.61,1.92,D,2,VIIRS_NOAA20_SP
25.57416,68.40228,330.43,0.41,0.45,2023-10-15,857,N20,VIIRS,l,2,300.53,2.49,D,0,VIIRS_NOAA20_SP
25.61712,68.41302,342.0,0.41,0.45,2023-10-15,857,N20,VIIRS,n,2,301.75,7.15,D,0,VIIRS_NOAA20_SP
25.61758,68.4171,332.17,0.41,0.45,2023-10-15,857,N20,VIIRS,n,2,300.26,5.21,D,0,VIIRS_NOAA20_SP
25.69957,69.39734,334.03,0.47,0.48,2023-10-15,857,N20,VIIRS,n,2,298.43,2.41,D,0,VIIRS_NOAA20_SP
25.72711,68.81667,331.42,0.43,0.46,2023-10-15,857,N20,VIIRS,n,2,300.77,1.53,D,0,VIIRS_NOAA20_SP
26.28188,77.53199,330.71,0.77,0.77,2023-10-15,857,N20,VIIRS,n,2,298.64,3.68,D,0,VIIRS_NOAA20_SP
25.98673,68.53395,334.3,0.42,0.45,2023-10-15,858,N20,VIIRS,n,2,302.77,2.65,D,0,VIIRS_NOAA20_SP
25.98829,68.53415,336.57,0.42,0.45,2023-10-15,858,N20,VIIRS,n,2,303.0,2.79,D,0,VIIRS_NOAA20_SP
26.50966,68.87849,335.34,0.45,0.47,2023-10-15,858,N20,VIIRS,n,2,302.12,3.66,D,0,VIIRS_NOAA20_SP
26.51394,68.87793,334.97,0.45,0.47,2023-10-15,858,N20,VIIRS,n,2,301.89,3.67,D,0,VIIRS_NOAA20_SP
26.68816,68.95364,341.76,0.45,0.47,2023-10-15,858,N20,VIIRS,n,2,302.87,2.83,D,0,VIIRS_NOAA20_SP
27.23203,68.15715,333.24,0.41,0.45,2023-10-15,858,N20,VIIRS,l,2,304.85,2.2,D,0,VIIRS_NOAA20_SP
27.33202,69.0601,332.05,0.47,0.48,2023-10-15,858,N20,VIIRS,l,2,304.13,1.97,D,0,VIIRS_NOAA20_SP
29.42927,75.92513,337.49,0.65,0.73,2023-10-15,858,N20,VIIRS,n,2,290.6,6.79,D,0,VIIRS_NOAA20_SP
29.4331,75.92472,331.43,0.65,0.73,2023-10-15,858,N20,VIIRS,n,2,290.3,4.12,D,0,VIIRS_NOAA20_SP
29.49635,75.40701,340.02,0.6,0.71,2023-10-15,858,N20,VIIRS,n,2,290.19,4.99,D,0,VIIRS_NOAA20_SP
29.49751,75.40937,331.91,0.6,0.71,2023-10-15,858,N20,VIIRS,n,2,289.54,6.19,D,0,VIIRS_NOAA20_SP
29.53289,75.34796,335.98,0.6,0.7,2023-10-15,858,N20,VIIRS,n,2,289.12,6.08,D,0,VIIRS_NOAA20_SP
29.53941,76.0691,337.62,0.66,0.73,2023-10-15,858,N20,VIIRS,n,2,290.7,7.97,D,0,VIIRS_NOAA20_SP
29.54459,76.07085,337.44,0.66,0.73,2023-10-15,858,N20,VIIRS,n,2,290.03,6.3,D,0,VIIRS_NOAA20_SP
29.5447,76.03408,337.09,0.66,0.73,2023-10-15,858,N20,VIIRS,n,2,290.55,5.51,D,0,VIIRS_NOAA20_SP
29.54968,76.0359,335.98,0.66,0.73,2023-10-15,858,N20,VIIRS,n,2,289.59,6.95,D,0,VIIRS_NOAA20_SP
29.60976,77.03677,336.52,0.76,0.77,2023-10-15,858,N20,VIIRS,n,2,291.08,8.38,D,0,VIIRS_NOAA20_SP
29.61292,77.03531,338.98,0.76,0.77,2023-10-15,858,N20,VIIRS,n,2,291.75,7.17,D,0,VIIRS_NOAA20_SP
29.62514,76.00938,339.76,0.66,0.73,2023-10-15,858,N20,VIIRS,n,2,289.81,6.82,D,0,VIIRS_NOAA20_SP
29.62739,76.00961,337.36,0.66,0.73,2023-10-15,858,N20,VIIRS,n,2,289.54,7.52,D,0,VIIRS_NOAA20_SP
29.67959,71.78162,334.97,0.36,0.58,2023-10-15,858,N20,VIIRS,n,2,295.67,2.38,D,0,VIIRS_NOAA20_SP
29.7847,75.16852,339.36,0.59,0.7,2023-10-15,858,N20,VIIRS,n,2,290.34,5.29,D,0,VIIRS_NOAA20_SP
29.82932,75.70862,332.27,0.63,0.72,2023-10-15,858,N20,VIIRS,n,2,288.24,5.43,D,0,VIIRS_NOAA20_SP
29.90835,76.28209,331.15,0.69,0.74,2023-10-15,858,N20,VIIRS,n,2,286.95,2.31,D,0,VIIRS_NOAA20_SP
29.9326,75.90673,328.37,0.65,0.73,2023-10-15,858,N20,VIIRS,n,2,287.34,4.06,D,0,VIIRS_NOAA20_SP
30.20631,73.05785,335.09,0.44,0.62,2023-10-15,859,N20,VIIRS,n,2,293.09,2.86,D,0,VIIRS_NOAA20_SP
30.21068,76.5428,326.93,0.71,0.75,2023-10-15,859,N20,VIIRS,n,2,288.15,5.76,D,0,VIIRS_NOAA20_SP
30.22666,72.48623,351.18,0.41,0.6,2023-10-15,859,N20,VIIRS,n,2,294.03,4.13,D,0,VIIRS_NOAA20_SP
30.25796,72.5311,331.61,0.41,0.61,2023-10-15,859,N20,VIIRS,n,2,295.44,3.29,D,0,VIIRS_NOAA20_SP
30.27337,76.24158,338.27,0.69,0.74,2023-10-15,859,N20,VIIRS,n,2,287.01,8.17,D,0,VIIRS_NOAA20_SP
30.27354,76.23509,334.29,0.69,0.74,2023-10-15,859,N20,VIIRS,n,2,288.6,6.71,D,0,VIIRS_NOAA20_SP
30.27382,76.24237,327.6,0.69,0.74,2023-10-15,859,N20,VIIRS,n,2,287.21,6.71,D,0,VIIRS_NOAA20_SP
30.28236,76.47143,336.76,0.71,0.75,2023-10-15,859,N20,VIIRS,n,2,288.55,5.8,D,0,VIIRS_NOAA20_SP
30.28324,76.47028,338.24,0.71,0.75,2023-10-15,859,N20,VIIRS,n,2,288.48,7.63,D,0,VIIRS_NOAA20_SP
30.309,73.3777,336.05,0.46,0.64,2023-10-15,859,N20,VIIRS,n,2,294.15,6.83,D,0,VIIRS_NOAA20_SP
30.34724,73.41902,330.85,0.47,0.64,2023-10-15,859,N20,VIIRS,n,2,293.61,1.7,D,0,VIIRS_NOAA20_SP
30.38537,73.48825,339.1,0.47,0.64,2023-10-15,859,N20,VIIRS,n,2,294.02,4.32,D,0,VIIRS_NOAA20_SP
30.39331,73.42329,339.48,0.47,0.64,2023-10-15,859,N20,VIIRS,n,2,294.64,3.44,D,0,VIIRS_NOAA20_SP
30.39922,73.42285,330.9,0.47,0.64,2023-10-15,859,N20,VIIRS,n,2,293.95,3.44,D,0,VIIRS_NOAA20_SP
30.43,73.34702,331.25,0.46,0.64,2023-10-15,859,N20,VIIRS,n,2,295.18,3.23,D,0,VIIRS_NOAA20_SP
30.44567,73.78908,340.32,0.49,0.65,2023-10-15,859,N20,VIIRS,n,2,292.33,4.95,D,0,VIIRS_NOAA20_SP
30.4474,73.79086,330.72,0.49,0.65,2023-10-15,859,N20,VIIRS,n,2,291.5,5.86,D,0,VIIRS_NOAA20_SP
30.46156,73.7517,333.93,0.49,0.65,2023-10-15,859,N20,VIIRS,n,2,292.57,3.91,D,0,VIIRS_NOAA20_SP
30.46352,73.75336,330.41,0.49,0.65,2023-10-15,859,N20,VIIRS,n,2,291.84,3.05,D,0,VIIRS_NOAA20_SP
30.4982,72.32104,331.3,0.4,0.6,2023-10-15,859,N20,VIIRS,n,2,294.07,3.1,D,0,VIIRS_NOAA20_SP
30.50781,73.58128,340.15,0.48,0.64,2023-10-15,859,N20,VIIRS,n,2,293.54,3.81,D,0,VIIRS_NOAA20_SP
30.52649,73.69216,332.6,0.49,0.65,2023-10-15,859,N20,VIIRS,n,2,294.28,2.94,D,0,VIIRS_NOAA20_SP
30.56112,73.51523,333.94,0.47,0.64,2023-10-15,859,N20,VIIRS,n,2,293.92,4.19,D,0,VIIRS_NOAA20_SP
30.5614,73.52022,330.36,0.47,0.64,2023-10-15,859,N20,VIIRS,n,2,293.16,4.19,D,0,VIIRS_NOAA20_SP
30.56372,73.51684,347.11,0.47,0.64,2023-10-15,859,N20,VIIRS,n,2,295.17,6.76,D,0,VIIRS_NOAA20_SP
30.60862,72.75027,333.67,0.43,0.62,2023-10-15,859,N20,VIIRS,n,2,292.91,2.85,D,0,VIIRS_NOAA20_SP
30.65269,72.99529,330.39,0.44,0.62,2023-10-15,859,N20,VIIRS,n,2,294.49,2.51,D,0,VIIRS_NOAA20_SP
30.67175,72.26331,333.75,0.4,0.6,2023-10-15,859,N20,VIIRS,n,2,295.16,5.14,D,0,VIIRS_NOAA20_SP
30.67217,72.26407,340.43,0.4,0.6,2023-10-15,859,N20,VIIRS,n,2,294.86,5.25,D,0,VIIRS_NOAA20_SP
30.683,73.84126,332.6,0.5,0.66,2023-10-15,859,N20,VIIRS,n,2,292.61,3.38,D,0,VIIRS_NOAA20_SP
30.69544,73.71677,342.7,0.49,0.65,2023-10-15,859,N20,VIIRS,n,2,294.58,7.14,D,0,VIIRS_NOAA20_SP
30.74041,70.7968,334.95,0.33,0.55,2023-10-15,859,N20,VIIRS,n,2,296.22,2.04,D,0,VIIRS_NOAA20_SP
30.75795,71.8119,330.43,0.38,0.58,2023-10-15,859,N20,VIIRS,n,2,292.96,2.02,D,0,VIIRS_NOAA20_SP
30.76114,71.81194,331.27,0.38,0.58,2023-10-15,859,N20,VIIRS,n,2,293.52,2.1,D,0,VIIRS_NOAA20_SP
30.77499,71.82234,338.96,0.38,0.58,2023-10-15,859,N20,VIIRS,n,2,294.12,4.14,D,0,VIIRS_NOAA20_SP
30.79773,70.8289,334.24,0.33,0.55,2023-10-15,859,N20,VIIRS,n,2,296.03,2.57,D,0,VIIRS_NOAA20_SP
30.84623,73.77507,340.4,0.49,0.65,2023-10-15,859,N20,VIIRS,n,2,292.21,5.38,D,0,VIIRS_NOAA20_SP
31.18981,70.72919,332.95,0.33,0.55,2023-10-15,859,N20,VIIRS,n,2,297.93,1.27,D,0,VIIRS_NOAA20_SP
31.5532,72.82695,330.38,0.44,0.62,2023-10-15,859,N20,VIIRS,n,2,290.67,2.58,D,0,VIIRS_NOAA20_SP
31.64749,72.83642,329.87,0.44,0.62,2023-10-15,859,N20,VIIRS,n,2,292.13,6.44,D,0,VIIRS_NOAA20_SP
31.65134,72.8979,346.11,0.44,0.63,2023-10-15,859,N20,VIIRS,n,2,291.99,5.28,D,0,VIIRS_NOAA20_SP
31.94575,70.84046,330.31,0.34,0.56,2023-10-15,859,N20,VIIRS,n,2,295.92,1.76,D,0,VIIRS_NOAA20_SP
31.94748,70.83932,331.45,0.34,0.56,2023-10-15,859,N20,VIIRS,n,2,295.62,2.42,D,0,VIIRS_NOAA20_SP
32.12341,72.40643,333.72,0.42,0.61,2023-10-15,859,N20,VIIRS,n,2,294.34,3.24,D,0,VIIRS_NOAA20_SP
33.06947,70.24895,334.14,0.32,0.55,2023-10-15,900,N20,VIIRS,n,2,292.03,4.94,D,0,VIIRS_NOAA20_SP
33.06992,70.24719,333.3,0.32,0.55,2023-10-15,900,N20,VIIRS,n,2,291.07,2.4,D,0,VIIRS_NOAA20_SP
34.20226,72.92019,329.38,0.47,0.64,2023-10-15,900,N20,VIIRS,n,2,295.13,6.04,D,0,VIIRS_NOAA20_SP
36.7756,95.22246,308.83,0.41,0.37,2023-10-15,1939,N20,VIIRS,n,2,279.75,1.75,N,0,VIIRS_NOAA20_SP
35.99233,94.83112,306.26,0.41,0.37,2023-10-15,1940,N20,VIIRS,n,2,269.15,1.35,N,2,VIIRS_NOAA20_SP
27.31735,95.26579,307.45,0.55,0.43,2023-10-15,1942,N20,VIIRS,n,2,289.03,1.07,N,2,VIIRS_NOAA20_SP
27.37569,95.08709,307.3,0.54,0.42,2023-10-15,1942,N20,VIIRS,n,2,290.88,0.81,N,2,VIIRS_NOAA20_SP
27.37707,95.08904,305.29,0.54,0.42,2023-10-15,1942,N20,VIIRS,n,2,290.78,0.73,N,2,VIIRS_NOAA20_SP
27.46988,95.42225,311.29,0.56,0.43,2023-10-15,1942,N20,VIIRS,n,2,290.03,1.09,N,2,VIIRS_NOAA20_SP
27.55897,96.03744,303.15,0.4,0.44,2023-10-15,1942,N20,VIIRS,n,2,289.19,0.54,N,2,VIIRS_NOAA20_SP
28.0969,77.69603,299.87,0.52,0.67,2023-10-15,1942,N20,VIIRS,n,2,288.28,0.91,N,0,VIIRS_NOAA20_SP
28.40972,78.1215,301.13,0.49,0.65,2023-10-15,1942,N20,VIIRS,n,2,288.99,0.65,N,0,VIIRS_NOAA20_SP
29.08407,88.01199,312.24,0.42,0.38,2023-10-15,1942,N20,VIIRS,n,2,275.14,1.75,N,0,VIIRS_NOAA20_SP
29.22538,88.35199,298.52,0.42,0.37,2023-10-15,1942,N20,VIIRS,n,2,278.71,1.45,N,2,VIIRS_NOAA20_SP
29.22595,88.34789,296.25,0.42,0.37,2023-10-15,1942,N20,VIIRS,n,2,275.69,0.74,N,2,VIIRS_NOAA20_SP
29.26257,91.92387,300.45,0.39,0.36,2023-10-15,1942,N20,VIIRS,n,2,279.16,1.2,N,2,VIIRS_NOAA20_SP
29.26586,91.92464,299.4,0.39,0.36,2023-10-15,1942,N20,VIIRS,n,2,279.9,1.2,N,2,VIIRS_NOAA20_SP
29.37555,91.1496,305.67,0.39,0.36,2023-10-15,1942,N20,VIIRS,n,2,278.65,1.41,N,2,VIIRS_NOAA20_SP
29.65807,90.89908,305.81,0.38,0.36,2023-10-15,1942,N20,VIIRS,n,2,277.42,1.19,N,2,VIIRS_NOAA20_SP
23.48235,87.35983,310.44,0.4,0.37,2023-10-15,1943,N20,VIIRS,n,2,296.91,1.58,N,2,VIIRS_NOAA20_SP
23.51128,87.27983,306.1,0.41,0.37,2023-10-15,1943,N20,VIIRS,n,2,295.13,1.37,N,2,VIIRS_NOAA20_SP
23.55091,87.24599,313.06,0.41,0.37,2023-10-15,1943,N20,VIIRS,n,2,296.02,1.76,N,3,VIIRS_NOAA20_SP
23.55149,87.24203,309.34,0.41,0.37,2023-10-15,1943,N20,VIIRS,n,2,296.01,0.98,N,3,VIIRS_NOAA20_SP
23.55885,87.23921,336.72,0.41,0.37,2023-10-15,1943,N20,VIIRS,n,2,296.78,21.32,N,2,VIIRS_NOAA20_SP
23.55943,87.23524,308.24,0.41,0.37,2023-10-15,1943,N20,VIIRS,n,2,294.46,2.88,N,2,VIIRS_NOAA20_SP
23.56224,87.23979,307.62,0.41,0.37,2023-10-15,1943,N20,VIIRS,n,2,294.38,1.16,N,2,VIIRS_NOAA20_SP
23.56389,87.08463,305.54,0.41,0.37,2023-10-15,1943,N20,VIIRS,n,2,295.36,1.48,N,2,VIIRS_NOAA20_SP
23.60686,87.15269,305.4,0.41,0.37,2023-10-15,1943,N20,VIIRS,n,2,294.61,1.09,N,2,VIIRS_NOAA20_SP
23.61141,87.14527,306.27,0.41,0.37,2023-10-15,1943,N20,VIIRS,n,2,295.71,1.03,N,2,VIIRS_NOAA20_SP
23.6167,86.79033,312.0,0.42,0.38,2023-10-15,1943,N20,VIIRS,n,2,295.65,2.22,N,2,VIIRS_NOAA20_SP
23.63275,86.29559,309.29,0.44,0.38,2023-10-15,1943,N20,VIIRS,n,2,295.21,1.23,N,2,VIIRS_NOAA20_SP
23.66469,86.9187,307.83,0.42,0.38,2023-10-15,1943,N20,VIIRS,n,2,295.29,0.84,N,2,VIIRS_NOAA20_SP
23.66932,86.41916,319.88,0.43,0.38,2023-10-15,1943,N20,VIIRS,n,2,295.98,2.29,N,2,VIIRS_NOAA20_SP
23.67266,86.93672,305.17,0.42,0.37,2023-10-15,1943,N20,VIIRS,n,2,295.01,0.67,N,2,VIIRS_NOAA20_SP
23.67591,86.08609,317.92,0.45,0.39,2023-10-15,1943,N20,VIIRS,n,2,295.79,1.7,N,2,VIIRS_NOAA20_SP
23.67639,86.39429,309.25,0.44,0.38,2023-10-15,1943,N20,VIIRS,n,2,295.01,2.74,N,2,VIIRS_NOAA20_SP
23.67945,86.08666,319.63,0.45,0.39,2023-10-15,1943,N20,VIIRS,n,2,295.58,1.7,N,2,VIIRS_NOAA20_SP
23.68049,86.39062,309.48,0.44,0.38,2023-10-15,1943,N20,VIIRS,n,2,296.26,1.39,N,2,VIIRS_NOAA20_SP
23.6818,86.09596,326.06,0.45,0.39,2023-10-15,1943,N20,VIIRS,n,2,295.3,2.48,N,2,VIIRS_NOAA20_SP
23.6824,86.0916,308.51,0.45,0.39,2023-10-15,1943,N20,VIIRS,n,2,295.34,2.53,N,2,VIIRS_NOAA20_SP
23.68338,86.39548,314.62,0.44,0.38,2023-10-15,1943,N20,VIIRS,n,2,295.62,2.15,N,2,VIIRS_NOAA20_SP
23.6836,86.08285,306.79,0.45,0.39,2023-10-15,1943,N20,VIIRS,n,2,295.25,1.05,N,2,VIIRS_NOAA20_SP
23.68398,86.3912,316.28,0.44,0.38,2023-10-15,1943,N20,VIIRS,n,2,296.7,2.44,N,2,VIIRS_NOAA20_SP
23.68455,86.39433,329.1,0.44,0.38,2023-10-15,1943,N20,VIIRS,n,2,297.25,2.95,N,2,VIIRS_NOAA20_SP
23.68513,86.39005,316.69,0.44,0.38,2023-10-15,1943,N20,VIIRS,n,2,296.21,2.07,N,2,VIIRS_NOAA20_SP
23.68748,86.3918,323.39,0.44,0.38,2023-10-15,1943,N20,VIIRS,n,2,297.72,2.44,N,2,VIIRS_NOAA20_SP
23.68809,87.12136,318.26,0.41,0.37,2023-10-15,1943,N20,VIIRS,n,2,295.92,1.31,N,2,VIIRS_NOAA20_SP
23.68921,86.38635,308.8,0.44,0.38,2023-10-15,1943,N20,VIIRS,n,2,297.28,2.07,N,2,VIIRS_NOAA20_SP
23.69149,87.12194,306.03,0.41,0.37,2023-10-15,1943,N20,VIIRS,n,2,295.54,1.31,N,2,VIIRS_NOAA20_SP
23.69158,87.09729,308.47,0.41,0.37,2023-10-15,1943,N20,VIIRS,n,2,296.21,1.84,N,2,VIIRS_NOAA20_SP
23.69185,87.12078,307.62,0.41,0.37,2023-10-15,1943,N20,VIIRS,n,2,295.81,1.27,N,2,VIIRS_NOAA20_SP
23.6929,90.51138,309.61,0.4,0.37,2023-10-15,1943,N20,VIIRS,n,2,294.56,1.25,N,2,VIIRS_NOAA20_SP
23.69324,87.10991,306.25,0.41,0.37,2023-10-15,1943,N20,VIIRS,n,2,295.29,1.23,N,2,VIIRS_NOAA20_SP
23.69526,87.12137,313.44,0.41,0.37,2023-10-15,1943,N20,VIIRS,n,2,296.28,1.27,N,2,VIIRS_NOAA20_SP
23.71717,86.44322,322.37,0.43,0.38,2023-10-15,1943,N20,VIIRS,n,2,297.25,3.03,N,2,VIIRS_NOAA20_SP
23.72008,86.44806,317.92,0.43,0.38,2023-10-15,1943,N20,VIIRS,n,2,301.04,4.37,N,2,VIIRS_NOAA20_SP
23.72474,86.44015,316.72,0.43,0.38,2023-10-15,1943,N20,VIIRS,n,2,297.43,2.45,N,2,VIIRS_NOAA20_SP
23.73334,86.75807,312.02,0.42,0.38,2023-10-15,1943,N20,VIIRS,n,2,295.79,1.45,N,2,VIIRS_NOAA20_SP
23.74678,85.50453,305.96,0.48,0.4,2023-10-15,1943,N20,VIIRS,n,2,292.75,1.01,N,2,VIIRS_NOAA20_SP
23.74866,86.42242,309.04,0.44,0.38,2023-10-15,1943,N20,VIIRS,n,2,296.64,2.31,N,2,VIIRS_NOAA20_SP
23.74925,86.41818,308.93,0.44,0.38,2023-10-15,1943,N20,VIIRS,n,2,296.81,1.57,N,2,VIIRS_NOAA20_SP
23.75274,86.41877,312.43,0.44,0.38,2023-10-15,1943,N20,VIIRS,n,2,297.08,2.49,N,2,VIIRS_NOAA20_SP
23.75571,86.39745,310.36,0.44,0.38,2023-10-15,1943,N20,VIIRS,n,2,295.7,2.57,N,2,VIIRS_NOAA20_SP
23.75715,85.85323,316.16,0.46,0.39,2023-10-15,1943,N20,VIIRS,n,2,296.28,1.8,N,2,VIIRS_NOAA20_SP
23.75856,85.85526,320.04,0.46,0.39,2023-10-15,1943,N20,VIIRS,n,2,297.12,2.85,N,2,VIIRS_NOAA20_SP
23.75862,86.40232,339.83,0.44,0.38,2023-10-15,1943,N20,VIIRS,n,2,298.92,2.57,N,2,VIIRS_NOAA20_SP
23.75921,86.39804,318.79,0.44,0.38,2023-10-15,1943,N20,VIIRS,n,2,297.63,2.57,N,2,VIIRS_NOAA20_SP
23.76033,86.41571,307.82,0.44,0.38,2023-10-15,1943,N20,VIIRS,n,2,296.51,1.38,N,2,VIIRS_NOAA20_SP
23.76074,85.85381,307.67,0.46,0.39,2023-10-15,1943,N20,VIIRS,n,2,295.16,1.8,N,2,VIIRS_NOAA20_SP
23.76211,86.40291,305.71,0.44,0.38,2023-10-15,1943,N20,VIIRS,n,2,295.1,2.76,N,2,VIIRS_NOAA20_SP
23.76331,86.39436,313.64,0.44,0.38,2023-10-15,1943,N20,VIIRS,n,2,299.68,1.81,N,2,VIIRS_NOAA20_SP
23.7639,86.39011,313.53,0.44,0.38,2023-10-15,1943,N20,VIIRS,n,2,297.31,1.81,N,2,VIIRS_NOAA20_SP
23.76509,86.38158,309.4,0.44,0.38,2023-10-15,1943,N20,VIIRS,n,2,297.35,1.21,N,2,VIIRS_NOAA20_SP
23.76627,86.37306,315.92,0.44,0.38,2023-10-15,1943,N20,VIIRS,n,2,296.51,2.07,N,2,VIIRS_NOAA20_SP
23.7668,86.39494,319.19,0.44,0.38,2023-10-15,1943,N20,VIIRS,n,2,300.9,1.81,N,2,VIIRS_NOAA20_SP
23.7674,86.39069,315.86,0.44,0.38,2023-10-15,1943,N20,VIIRS,n,2,300.44,1.81,N,2,VIIRS_NOAA20_SP
23.76799,86.38644,307.97,0.44,0.38,2023-10-15,1943,N20,VIIRS,n,2,296.02,1.21,N,2,VIIRS_NOAA20_SP
23.76978,86.37366,311.33,0.44,0.38,2023-10-15,1943,N20,VIIRS,n,2,298.26,2.07,N,2,VIIRS_NOAA20_SP
23.77031,86.39553,308.09,0.44,0.38,2023-10-15,1943,N20,VIIRS,n,2,297.76,1.23,N,2,VIIRS_NOAA20_SP
23.7709,86.39129,311.25,0.44,0.38,2023-10-15,1943,N20,VIIRS,n,2,298.96,1.23,N,2,VIIRS_NOAA20_SP
23.7719,86.2024,312.48,0.44,0.39,2023-10-15,1943,N20,VIIRS,n,2,295.86,1.06,N,2,VIIRS_NOAA20_SP
23.77249,86.19808,307.72,0.44,0.39,2023-10-15,1943,N20,VIIRS,n,2,295.44,1.06,N,2,VIIRS_NOAA20_SP
23.77381,86.39612,310.74,0.44,0.38,2023-10-15,1943,N20,VIIRS,n,2,296.82,1.23,N,0,VIIRS_NOAA20_SP
23.77423,86.21168,306.55,0.44,0.39,2023-10-15,1943,N20,VIIRS,n,2,294.75,1.41,N,2,VIIRS_NOAA20_SP
23.7744,86.39188,310.61,0.44,0.38,2023-10-15,1943,N20,VIIRS,n,2,298.53,1.23,N,2,VIIRS_NOAA20_SP
23.77499,86.38763,329.5,0.44,0.38,2023-10-15,1943,N20,VIIRS,n,2,298.63,2.6,N,2,VIIRS_NOAA20_SP
23.77559,86.38336,312.86,0.44,0.38,2023-10-15,1943,N20,VIIRS,n,2,295.96,2.6,N,2,VIIRS_NOAA20_SP
23.7773,86.39671,308.91,0.44,0.38,2023-10-15,1943,N20,VIIRS,n,2,296.89,3.09,N,2,VIIRS_NOAA20_SP
23.7779,86.39246,317.08,0.44,0.38,2023-10-15,1943,N20,VIIRS,n,2,298.55,3.09,N,2,VIIRS_NOAA20_SP
23.77836,86.20794,308.19,0.44,0.39,2023-10-15,1943,N20,VIIRS,n,2,297.34,1.41,N,2,VIIRS_NOAA20_SP
23.77849,86.38822,327.36,0.44,0.38,2023-10-15,1943,N20,VIIRS,n,2,299.11,2.66,N,2,VIIRS_NOAA20_SP
23.78089,86.3711,310.27,0.44,0.38,2023-10-15,1943,N20,VIIRS,n,2,296.49,2.0,N,2,VIIRS_NOAA20_SP
23.78097,86.34484,320.96,0.44,0.38,2023-10-15,1943,N20,VIIRS,n,2,297.52,2.52,N,2,VIIRS_NOAA20_SP
23.7814,86.39305,338.91,0.44,0.38,2023-10-15,1943,N20,VIIRS,n,2,302.07,3.09,N,2,VIIRS_NOAA20_SP
23.78189,86.20854,335.36,0.44,0.39,2023-10-15,1943,N20,VIIRS,n,2,300.4,4.25,N,2,VIIRS_NOAA20_SP
23.78199,86.3888,317.97,0.44,0.38,2023-10-15,1943,N20,VIIRS,n,2,297.12,2.66,N,2,VIIRS_NOAA20_SP
23.78248,86.20421,308.85,0.44,0.39,2023-10-15,1943,N20,VIIRS,n,2,296.01,1.76,N,2,VIIRS_NOAA20_SP
23.78627,86.33259,322.66,0.44,0.38,2023-10-15,1943,N20,VIIRS,n,2,299.65,2.33,N,2,VIIRS_NOAA20_SP
23.7879,86.37227,309.0,0.44,0.38,2023-10-15,1943,N20,VIIRS,n,2,295.3,1.57,N,2,VIIRS_NOAA20_SP
23.78978,86.33318,313.12,0.44,0.38,2023-10-15,1943,N20,VIIRS,n,2,295.79,2.33,N,2,VIIRS_NOAA20_SP
23.79256,87.07604,310.59,0.41,0.37,2023-10-15,1943,N20,VIIRS,n,2,298.43,1.85,N,0,VIIRS_NOAA20_SP
23.7944,86.35146,338.15,0.44,0.38,2023-10-15,1943,N20,VIIRS,n,2,299.98,6.26,N,2,VIIRS_NOAA20_SP
23.79594,86.23735,308.18,0.44,0.39,2023-10-15,1943,N20,VIIRS,n,2,295.35,1.17,N,2,VIIRS_NOAA20_SP
23.79911,86.34348,311.3,0.44,0.38,2023-10-15,1943,N20,VIIRS,n,2,297.89,3.02,N,2,VIIRS_NOAA20_SP
23.79982,86.34182,312.42,0.44,0.38,2023-10-15,1943,N20,VIIRS,n,2,298.93,2.82,N,2,VIIRS_NOAA20_SP
23.80005,87.04838,316.61,0.41,0.37,2023-10-15,1943,N20,VIIRS,n,2,298.43,3.73,N,2,VIIRS_NOAA20_SP
23.80187,85.56534,307.38,0.47,0.4,2023-10-15,1943,N20,VIIRS,n,2,296.99,2.14,N,0,VIIRS_NOAA20_SP
23.80256,85.56333,307.89,0.47,0.4,2023-10-15,1943,N20,VIIRS,n,2,296.06,1.6,N,0,VIIRS_NOAA20_SP
23.80442,86.33124,318.62,0.44,0.38,2023-10-15,1943,N20,VIIRS,n,2,297.78,2.75,N,2,VIIRS_NOAA20_SP
23.80503,86.32693,323.16,0.44,0.38,2023-10-15,1943,N20,VIIRS,n,2,299.25,2.75,N,2,VIIRS_NOAA20_SP
23.80507,86.32954,332.65,0.44,0.38,2023-10-15,1943,N20,VIIRS,n,2,300.26,6.28,N,2,VIIRS_NOAA20_SP
23.80938,84.84504,305.1,0.51,0.41,2023-10-15,1943,N20,VIIRS,n,2,293.0,1.1,N,0,VIIRS_NOAA20_SP
23.81034,86.31719,312.28,0.44,0.38,2023-10-15,1943,N20,VIIRS,n,2,298.05,1.84,N,2,VIIRS_NOAA20_SP
23.9821,90.63789,308.71,0.4,0.37,2023-10-15,1943,N20,VIIRS,n,2,293.55,0.05,N,2,VIIRS_NOAA20_SP
24.1688,82.56036,317.03,0.47,0.48,2023-10-15,1943,N20,VIIRS,n,2,293.88,2.4,N,2,VIIRS_NOAA20_SP
24.17203,82.56276,304.32,0.47,0.47,2023-10-15,1943,N20,VIIRS,n,2,293.25,1.45,N,2,VIIRS_NOAA20_SP
24.17258,82.55798,303.2,0.47,0.48,2023-10-15,1943,N20,VIIRS,n,2,292.45,1.45,N,2,VIIRS_NOAA20_SP
24.20918,82.71335,306.89,0.46,0.47,2023-10-15,1943,N20,VIIRS,n,2,294.77,1.74,N,0,VIIRS_NOAA20_SP
24.20968,82.70889,308.59,0.46,0.47,2023-10-15,1943,N20,VIIRS,n,2,294.26,1.74,N,2,VIIRS_NOAA20_SP
24.924,84.15663,305.73,0.38,0.43,2023-10-15,1943,N20,VIIRS,n,2,294.69,0.54,N,0,VIIRS_NOAA20_SP
24.92939,84.14582,307.25,0.38,0.44,2023-10-15,1943,N20,VIIRS,n,2,293.98,0.43,N,0,VIIRS_NOAA20_SP
26.76289,83.19783,303.2,0.46,0.47,2023-10-15,1943,N20,VIIRS,n,2,286.1,0.72,N,2,VIIRS_NOAA20_SP
27.8074,79.85385,306.16,0.38,0.59,2023-10-15,1943,N20,VIIRS,n,2,291.15,0.7,N,0,VIIRS_NOAA20_SP
28.09767,77.6955,308.83,0.52,0.67,2023-10-15,1943,N20,VIIRS,n,2,287.81,1.49,N,0,VIIRS_NOAA20_SP
20.26017,86.60175,308.41,0.4,0.37,2023-10-15,1944,N20,VIIRS,n,2,297.02,0.53,N,2,VIIRS_NOAA20_SP
20.51688,85.72603,307.82,0.43,0.38,2023-10-15,1944,N20,VIIRS,n,2,295.68,1.55,N,2,VIIRS_NOAA20_SP
20.76251,85.28979,307.92,0.45,0.39,2023-10-15,1944,N20,VIIRS,n,2,295.41,1.35,N,2,VIIRS_NOAA20_SP
20.78756,85.26707,310.58,0.46,0.39,2023-10-15,1944,N20,VIIRS,n,2,296.47,1.22,N,2,VIIRS_NOAA20_SP
20.78817,85.26272,322.44,0.46,0.39,2023-10-15,1944,N20,VIIRS,n,2,296.85,2.36,N,2,VIIRS_NOAA20_SP
20.78877,85.25839,314.86,0.46,0.39,2023-10-15,1944,N20,VIIRS,n,2,295.42,2.36,N,2,VIIRS_NOAA20_SP
20.79295,85.25462,330.42,0.46,0.39,2023-10-15,1944,N20,VIIRS,n,2,296.6,3.76,N,2,VIIRS_NOAA20_SP
20.79653,85.2552,329.68,0.46,0.39,2023-10-15,1944,N20,VIIRS,n,2,296.32,3.65,N,2,VIIRS_NOAA20_SP
20.80726,85.25682,317.32,0.46,0.39,2023-10-15,1944,N20,VIIRS,n,2,297.38,2.91,N,2,VIIRS_NOAA20_SP
20.80976,85.25566,311.51,0.46,0.39,2023-10-15,1944,N20,VIIRS,n,2,296.98,1.69,N,2,VIIRS_NOAA20_SP
20.86709,84.99392,305.36,0.47,0.4,2023-10-15,1944,N20,VIIRS,n,2,295.0,1.31,N,2,VIIRS_NOAA20_SP
20.86768,84.98952,309.47,0.47,0.4,2023-10-15,1944,N20,VIIRS,n,2,295.52,1.31,N,2,VIIRS_NOAA20_SP
20.88703,84.98326,310.19,0.47,0.4,2023-10-15,1944,N20,VIIRS,n,2,294.72,1.77,N,2,VIIRS_NOAA20_SP
20.89127,84.97933,306.17,0.47,0.4,2023-10-15,1944,N20,VIIRS,n,2,293.97,0.73,N,2,VIIRS_NOAA20_SP
20.94423,86.05692,313.06,0.43,0.38,2023-10-15,1944,N20,VIIRS,n,2,295.8,1.67,N,2,VIIRS_NOAA20_SP
20.95229,86.04996,308.85,0.43,0.38,2023-10-15,1944,N20,VIIRS,n,2,296.41,2.37,N,2,VIIRS_NOAA20_SP
20.95286,86.04591,329.45,0.43,0.38,2023-10-15,1944,N20,VIIRS,n,2,295.46,2.37,N,2,VIIRS_NOAA20_SP
20.95388,85.01415,307.79,0.47,0.4,2023-10-15,1944,N20,VIIRS,n,2,294.52,2.27,N,2,VIIRS_NOAA20_SP
20.95411,85.00729,311.39,0.47,0.4,2023-10-15,1944,N20,VIIRS,n,2,294.97,1.88,N,2,VIIRS_NOAA20_SP
20.95508,85.00515,308.03,0.47,0.4,2023-10-15,1944,N20,VIIRS,n,2,294.3,1.02,N,2,VIIRS_NOAA20_SP
20.95711,85.01232,307.67,0.47,0.4,2023-10-15,1944,N20,VIIRS,n,2,295.2,1.84,N,2,VIIRS_NOAA20_SP
20.9588,85.14236,305.95,0.46,0.39,2023-10-15,1944,N20,VIIRS,n,2,294.44,1.2,N,2,VIIRS_NOAA20_SP
20.96118,85.17898,312.62,0.46,0.39,2023-10-15,1944,N20,VIIRS,n,2,297.52,2.66,N,2,VIIRS_NOAA20_SP
20.96178,85.17456,329.69,0.46,0.39,2023-10-15,1944,N20,VIIRS,n,2,297.94,2.66,N,2,VIIRS_NOAA20_SP
20.96238,85.17014,315.35,0.46,0.39,2023-10-15,1944,N20,VIIRS,n,2,297.48,1.76,N,2,VIIRS_NOAA20_SP
20.96298,85.16572,310.19,0.46,0.39,2023-10-15,1944,N20,VIIRS,n,2,296.67,1.76,N,2,VIIRS_NOAA20_SP
20.96358,85.18834,312.94,0.46,0.39,2023-10-15,1944,N20,VIIRS,n,2,296.38,2.26,N,2,VIIRS_NOAA20_SP
20.96478,85.17954,325.99,0.46,0.39,2023-10-15,1944,N20,VIIRS,n,2,297.17,2.68,N,2,VIIRS_NOAA20_SP
20.96499,86.01033,314.35,0.43,0.38,2023-10-15,1944,N20,VIIRS,n,2,295.86,1.2,N,2,VIIRS_NOAA20_SP
20.96538,85.17512,325.92,0.46,0.39,2023-10-15,1944,N20,VIIRS,n,2,297.12,2.68,N,2,VIIRS_NOAA20_SP
20.96598,85.17069,320.31,0.46,0.39,2023-10-15,1944,N20,VIIRS,n,2,296.8,2.32,N,2,VIIRS_NOAA20_SP
20.96839,85.01636,337.19,0.47,0.4,2023-10-15,1944,N20,VIIRS,n,2,297.83,10.55,N,0,VIIRS_NOAA20_SP
20.9684,85.12582,318.71,0.46,0.39,2023-10-15,1944,N20,VIIRS,n,2,295.9,1.62,N,0,VIIRS_NOAA20_SP
20.96846,86.01088,307.0,0.43,0.38,2023-10-15,1944,N20,VIIRS,n,2,296.07,1.2,N,2,VIIRS_NOAA20_SP
20.96898,85.17567,325.7,0.46,0.39,2023-10-15,1944,N20,VIIRS,n,2,296.21,2.68,N,2,VIIRS_NOAA20_SP
20.969,85.12137,309.57,0.46,0.39,2023-10-15,1944,N20,VIIRS,n,2,294.9,1.62,N,0,VIIRS_NOAA20_SP
20.96958,85.17124,310.69,0.46,0.39,2023-10-15,1944,N20,VIIRS,n,2,296.1,2.32,N,2,VIIRS_NOAA20_SP
20.97258,85.17622,309.51,0.46,0.39,2023-10-15,1944,N20,VIIRS,n,2,295.25,1.12,N,2,VIIRS_NOAA20_SP
20.97318,85.17179,314.21,0.46,0.39,2023-10-15,1944,N20,VIIRS,n,2,296.74,1.86,N,2,VIIRS_NOAA20_SP
20.97379,85.16735,311.57,0.46,0.39,2023-10-15,1944,N20,VIIRS,n,2,296.99,1.86,N,2,VIIRS_NOAA20_SP
20.97655,86.00384,311.02,0.43,0.38,2023-10-15,1944,N20,VIIRS,n,2,295.1,1.91,N,2,VIIRS_NOAA20_SP
20.97801,85.13633,317.17,0.46,0.39,2023-10-15,1944,N20,VIIRS,n,2,296.9,1.64,N,2,VIIRS_NOAA20_SP
20.97861,85.1319,306.91,0.46,0.39,2023-10-15,1944,N20,VIIRS,n,2,296.21,1.64,N,2,VIIRS_NOAA20_SP
20.9804,85.14577,314.55,0.46,0.39,2023-10-15,1944,N20,VIIRS,n,2,295.53,2.28,N,2,VIIRS_NOAA20_SP
20.99618,86.0154,304.32,0.43,0.38,2023-10-15,1944,N20,VIIRS,n,2,294.2,0.63,N,0,VIIRS_NOAA20_SP
21.00023,86.01186,305.96,0.43,0.38,2023-10-15,1944,N20,VIIRS,n,2,295.74,0.98,N,0,VIIRS_NOAA20_SP
21.06675,85.03448,308.18,0.47,0.4,2023-10-15,1944,N20,VIIRS,n,2,294.73,1.31,N,0,VIIRS_NOAA20_SP
21.07038,85.03502,310.58,0.47,0.4,2023-10-15,1944,N20,VIIRS,n,2,296.56,2.02,N,2,VIIRS_NOAA20_SP
21.07643,85.04514,311.43,0.47,0.4,2023-10-15,1944,N20,VIIRS,n,2,295.46,1.57,N,2,VIIRS_NOAA20_SP
21.07703,85.04063,322.4,0.47,0.4,2023-10-15,1944,N20,VIIRS,n,2,295.77,2.65,N,2,VIIRS_NOAA20_SP
21.08126,85.03669,307.66,0.47,0.4,2023-10-15,1944,N20,VIIRS,n,2,296.41,2.65,N,2,VIIRS_NOAA20_SP
21.19036,81.39002,307.79,0.51,0.49,2023-10-15,1944,N20,VIIRS,n,2,295.34,2.8,N,2,VIIRS_NOAA20_SP
21.19323,81.41688,332.05,0.51,0.49,2023-10-15,1944,N20,VIIRS,n,2,294.33,3.16,N,2,VIIRS_NOAA20_SP
21.19655,81.41555,331.13,0.51,0.49,2023-10-15,1944,N20,VIIRS,n,2,294.66,4.19,N,2,VIIRS_NOAA20_SP
21.25028,79.22095,314.06,0.35,0.57,2023-10-15,1944,N20,VIIRS,n,2,291.32,1.73,N,2,VIIRS_NOAA20_SP
21.31279,81.59177,306.4,0.49,0.49,2023-10-15,1944,N20,VIIRS,n,2,294.59,1.17,N,2,VIIRS_NOAA20_SP
21.37796,81.64098,308.66,0.49,0.49,2023-10-15,1944,N20,VIIRS,n,2,294.8,1.91,N,2,VIIRS_NOAA20_SP
21.37819,81.67958,318.5,0.49,0.49,2023-10-15,1944,N20,VIIRS,n,2,296.42,4.04,N,2,VIIRS_NOAA20_SP
21.37989,81.67789,313.33,0.49,0.48,2023-10-15,1944,N20,VIIRS,n,2,294.94,2.35,N,2,VIIRS_NOAA20_SP
21.3853,81.65645,304.8,0.49,0.49,2023-10-15,1944,N20,VIIRS,n,2,294.51,1.28,N,0,VIIRS_NOAA20_SP
21.39083,81.64754,306.27,0.49,0.49,2023-10-15,1944,N20,VIIRS,n,2,295.25,2.45,N,2,VIIRS_NOAA20_SP
21.48896,81.76881,310.31,0.48,0.48,2023-10-15,1944,N20,VIIRS,n,2,294.41,1.04,N,2,VIIRS_NOAA20_SP
21.59247,96.22615,307.47,0.53,0.5,2023-10-15,1944,N20,VIIRS,n,2,295.03,1.1,N,2,VIIRS_NOAA20_SP
21.67227,82.08144,307.97,0.47,0.47,2023-10-15,1944,N20,VIIRS,n,2,295.4,1.38,N,2,VIIRS_NOAA20_SP
21.6786,84.03864,322.95,0.54,0.42,2023-10-15,1944,N20,VIIRS,n,2,296.94,2.34,N,2,VIIRS_NOAA20_SP
21.68246,84.0392,309.94,0.54,0.42,2023-10-15,1944,N20,VIIRS,n,2,296.51,2.34,N,2,VIIRS_NOAA20_SP
21.73467,83.97992,308.16,0.54,0.42,2023-10-15,1944,N20,VIIRS,n,2,296.32,2.38,N,0,VIIRS_NOAA20_SP
21.75265,84.02509,304.77,0.54,0.42,2023-10-15,1944,N20,VIIRS,n,2,294.32,1.0,N,2,VIIRS_NOAA20_SP
21.75541,83.84232,314.17,0.55,0.43,2023-10-15,1944,N20,VIIRS,n,2,295.47,1.72,N,2,VIIRS_NOAA20_SP
21.75617,83.83852,313.78,0.55,0.43,2023-10-15,1944,N20,VIIRS,n,2,294.88,2.53,N,2,VIIRS_NOAA20_SP
21.75652,84.02567,306.67,0.54,0.42,2023-10-15,1944,N20,VIIRS,n,2,295.78,1.37,N,2,VIIRS_NOAA20_SP
21.75718,84.02045,311.89,0.54,0.42,2023-10-15,1944,N20,VIIRS,n,2,296.75,3.16,N,2,VIIRS_NOAA20_SP
21.75931,83.84288,317.99,0.55,0.43,2023-10-15,1944,N20,VIIRS,n,2,295.66,1.94,N,2,VIIRS_NOAA20_SP
21.75942,83.84437,321.5,0.55,0.43,2023-10-15,1944,N20,VIIRS,n,2,296.8,2.82,N,2,VIIRS_NOAA20_SP
21.76321,83.84344,309.53,0.55,0.43,2023-10-15,1944,N20,VIIRS,n,2,294.1,1.94,N,2,VIIRS_NOAA20_SP
21.76556,84.01641,312.61,0.54,0.42,2023-10-15,1944,N20,VIIRS,n,2,296.57,2.0,N,2,VIIRS_NOAA20_SP
21.76876,84.02219,313.82,0.54,0.42,2023-10-15,1944,N20,VIIRS,n,2,294.79,2.0,N,2,VIIRS_NOAA20_SP
21.76942,84.01699,311.55,0.54,0.42,2023-10-15,1944,N20,VIIRS,n,2,296.32,2.0,N,2,VIIRS_NOAA20_SP
21.77702,83.83083,307.09,0.55,0.43,2023-10-15,1944,N20,VIIRS,n,2,294.96,2.25,N,0,VIIRS_NOAA20_SP
21.80546,83.88902,306.2,0.55,0.42,2023-10-15,1944,N20,VIIRS,n,2,295.89,1.44,N,2,VIIRS_NOAA20_SP
21.87542,83.49514,308.69,0.38,0.44,2023-10-15,1944,N20,VIIRS,n,2,294.12,0.87,N,2,VIIRS_NOAA20_SP
21.88023,83.55341,304.58,0.57,0.43,2023-10-15,1944,N20,VIIRS,n,2,293.33,1.18,N,2,VIIRS_NOAA20_SP
21.92199,83.35292,307.58,0.39,0.44,2023-10-15,1944,N20,VIIRS,n,2,296.87,1.78,N,2,VIIRS_NOAA20_SP
21.92247,83.34914,330.91,0.39,0.44,2023-10-15,1944,N20,VIIRS,n,2,299.47,1.78,N,2,VIIRS_NOAA20_SP
21.92316,83.35181,314.47,0.39,0.44,2023-10-15,1944,N20,VIIRS,n,2,296.55,2.18,N,2,VIIRS_NOAA20_SP
21.92362,83.34801,320.43,0.39,0.44,2023-10-15,1944,N20,VIIRS,n,2,296.34,2.18,N,2,VIIRS_NOAA20_SP
21.9265,83.34972,305.56,0.39,0.44,2023-10-15,1944,N20,VIIRS,n,2,294.66,1.78,N,2,VIIRS_NOAA20_SP
21.92903,83.33717,327.35,0.39,0.44,2023-10-15,1944,N20,VIIRS,n,2,296.86,2.93,N,2,VIIRS_NOAA20_SP
21.93215,85.22314,306.38,0.47,0.4,2023-10-15,1944,N20,VIIRS,n,2,292.1,1.04,N,2,VIIRS_NOAA20_SP
21.93275,85.21867,306.23,0.47,0.4,2023-10-15,1944,N20,VIIRS,n,2,292.33,1.04,N,2,VIIRS_NOAA20_SP
21.98706,83.2323,312.81,0.4,0.44,2023-10-15,1944,N20,VIIRS,n,2,295.38,1.5,N,2,VIIRS_NOAA20_SP
21.9922,85.32448,303.32,0.47,0.39,2023-10-15,1944,N20,VIIRS,n,2,292.79,0.62,N,2,VIIRS_NOAA20_SP
22.00315,82.66805,312.84,0.43,0.46,2023-10-15,1944,N20,VIIRS,n,2,294.61,1.8,N,2,VIIRS_NOAA20_SP
22.00381,82.66594,311.77,0.43,0.46,2023-10-15,1944,N20,VIIRS,n,2,294.31,1.88,N,2,VIIRS_NOAA20_SP
22.00736,82.66867,312.05,0.43,0.46,2023-10-15,1944,N20,VIIRS,n,2,294.22,1.7,N,2,VIIRS_NOAA20_SP
22.00753,82.67078,312.51,0.43,0.46,2023-10-15,1944,N20,VIIRS,n,2,294.73,2.33,N,2,VIIRS_NOAA20_SP
22.01796,83.75442,309.81,0.56,0.43,2023-10-15,1944,N20,VIIRS,n,2,294.27,1.41,N,0,VIIRS_NOAA20_SP
22.0225,83.37798,309.48,0.39,0.44,2023-10-15,1944,N20,VIIRS,n,2,294.47,1.3,N,2,VIIRS_NOAA20_SP
22.03296,83.36022,304.2,0.39,0.44,2023-10-15,1944,N20,VIIRS,n,2,294.17,0.96,N,2,VIIRS_NOAA20_SP
22.03875,83.35246,310.24,0.39,0.44,2023-10-15,1944,N20,VIIRS,n,2,294.62,1.39,N,2,VIIRS_NOAA20_SP
22.04038,83.73562,310.89,0.56,0.43,2023-10-15,1944,N20,VIIRS,n,2,294.62,4.18,N,2,VIIRS_NOAA20_SP
22.04501,83.73074,315.37,0.56,0.43,2023-10-15,1944,N20,VIIRS,n,2,294.53,2.03,N,2,VIIRS_NOAA20_SP
22.05132,88.10201,319.92,0.39,0.36,2023-10-15,1944,N20,VIIRS,n,2,296.91,2.11,N,2,VIIRS_NOAA20_SP
22.05452,88.12548,314.28,0.39,0.36,2023-10-15,1944,N20,VIIRS,n,2,301.43,1.56,N,2,VIIRS_NOAA20_SP
22.05537,85.46381,306.16,0.46,0.39,2023-10-15,1944,N20,VIIRS,n,2,293.81,1.13,N,2,VIIRS_NOAA20_SP
22.06009,88.1112,309.88,0.39,0.36,2023-10-15,1944,N20,VIIRS,n,2,295.68,0.48,N,0,VIIRS_NOAA20_SP
22.10756,83.52375,326.41,0.39,0.44,2023-10-15,1944,N20,VIIRS,n,2,297.6,3.13,N,0,VIIRS_NOAA20_SP
22.16777,85.43387,305.19,0.46,0.39,2023-10-15,1944,N20,VIIRS,n,2,292.58,0.69,N,2,VIIRS_NOAA20_SP
22.21124,84.8618,307.84,0.49,0.4,2023-10-15,1944,N20,VIIRS,n,2,295.62,2.27,N,2,VIIRS_NOAA20_SP
22.21376,84.84274,330.22,0.49,0.4,2023-10-15,1944,N20,VIIRS,n,2,295.12,4.72,N,2,VIIRS_NOAA20_SP
22.26833,75.12849,306.28,0.66,0.73,2023-10-15,1944,N20,VIIRS,n,2,289.89,1.87,N,2,VIIRS_NOAA20_SP
22.32773,82.6855,315.52,0.44,0.46,2023-10-15,1944,N20,VIIRS,n,2,293.8,1.24,N,2,VIIRS_NOAA20_SP
22.32812,82.6831,309.9,0.44,0.46,2023-10-15,1944,N20,VIIRS,n,2,293.64,1.05,N,2,VIIRS_NOAA20_SP
22.33111,82.65598,313.03,0.44,0.46,2023-10-15,1944,N20,VIIRS,n,2,294.65,1.58,N,2,VIIRS_NOAA20_SP
22.33159,82.65178,311.33,0.44,0.46,2023-10-15,1944,N20,VIIRS,n,2,294.07,1.58,N,2,VIIRS_NOAA20_SP
22.33171,82.65363,317.87,0.44,0.46,2023-10-15,1944,N20,VIIRS,n,2,294.55,2.95,N,2,VIIRS_NOAA20_SP
22.33342,82.53222,304.05,0.44,0.46,2023-10-15,1944,N20,VIIRS,n,2,293.48,0.94,N,2,VIIRS_NOAA20_SP
22.3573,87.28976,310.2,0.4,0.37,2023-10-15,1944,N20,VIIRS,n,2,296.97,1.13,N,2,VIIRS_NOAA20_SP
22.36309,87.01574,315.23,0.41,0.37,2023-10-15,1944,N20,VIIRS,n,2,296.45,2.2,N,2,VIIRS_NOAA20_SP
22.36424,87.30128,326.09,0.4,0.37,2023-10-15,1944,N20,VIIRS,n,2,298.82,3.1,N,2,VIIRS_NOAA20_SP
22.36647,87.0163,319.98,0.41,0.37,2023-10-15,1944,N20,VIIRS,n,2,297.48,2.29,N,2,VIIRS_NOAA20_SP
22.36816,87.298,331.5,0.4,0.37,2023-10-15,1944,N20,VIIRS,n,2,297.77,3.8,N,2,VIIRS_NOAA20_SP
22.37095,87.30243,306.69,0.4,0.37,2023-10-15,1944,N20,VIIRS,n,2,295.63,0.64,N,0,VIIRS_NOAA20_SP
22.3777,87.27984,321.23,0.4,0.37,2023-10-15,1944,N20,VIIRS,n,2,298.64,2.55,N,2,VIIRS_NOAA20_SP
22.37826,87.27597,309.23,0.4,0.37,2023-10-15,1944,N20,VIIRS,n,2,296.4,0.99,N,2,VIIRS_NOAA20_SP
22.47478,91.73458,319.41,0.44,0.38,2023-10-15,1944,N20,VIIRS,n,2,295.37,1.97,N,2,VIIRS_NOAA20_SP
22.47858,90.71009,309.26,0.41,0.37,2023-10-15,1944,N20,VIIRS,n,2,295.86,0.71,N,0,VIIRS_NOAA20_SP
22.58934,85.90645,311.36,0.45,0.39,2023-10-15,1944,N20,VIIRS,n,2,296.97,1.33,N,2,VIIRS_NOAA20_SP
22.59346,85.90271,311.25,0.45,0.39,2023-10-15,1944,N20,VIIRS,n,2,297.0,1.33,N,2,VIIRS_NOAA20_SP
22.75201,88.31877,311.21,0.39,0.36,2023-10-15,1944,N20,VIIRS,n,2,294.53,0.85,N,0,VIIRS_NOAA20_SP
22.78968,86.20597,309.38,0.44,0.38,2023-10-15,1944,N20,VIIRS,n,2,298.02,3.03,N,2,VIIRS_NOAA20_SP
22.79086,86.19751,316.07,0.44,0.38,2023-10-15,1944,N20,VIIRS,n,2,300.41,1.86,N,2,VIIRS_NOAA20_SP
22.79145,86.19328,314.34,0.44,0.38,2023-10-15,1944,N20,VIIRS,n,2,297.34,1.86,N,2,VIIRS_NOAA20_SP
22.7926,86.21072,318.92,0.44,0.38,2023-10-15,1944,N20,VIIRS,n,2,296.94,2.18,N,2,VIIRS_NOAA20_SP
22.79436,86.19809,308.63,0.44,0.38,2023-10-15,1944,N20,VIIRS,n,2,297.12,1.41,N,3,VIIRS_NOAA20_SP
22.79786,86.19864,309.38,0.44,0.38,2023-10-15,1944,N20,VIIRS,n,2,297.66,1.41,N,2,VIIRS_NOAA20_SP
22.80208,86.0909,310.6,0.44,0.38,2023-10-15,1944,N20,VIIRS,n,2,297.77,1.34,N,2,VIIRS_NOAA20_SP
22.81731,86.08472,306.46,0.44,0.38,2023-10-15,1944,N20,VIIRS,n,2,294.97,0.8,N,2,VIIRS_NOAA20_SP
22.85727,86.05621,310.27,0.44,0.38,2023-10-15,1944,N20,VIIRS,n,2,295.65,1.21,N,2,VIIRS_NOAA20_SP
22.8737,88.21274,307.3,0.39,0.36,2023-10-15,1944,N20,VIIRS,n,2,296.66,0.92,N,0,VIIRS_NOAA20_SP
22.87482,86.06206,315.27,0.44,0.38,2023-10-15,1944,N20,VIIRS,n,2,296.26,1.86,N,2,VIIRS_NOAA20_SP
23.66675,84.99899,306.78,0.5,0.41,2023-10-15,1944,N20,VIIRS,n,2,293.91,1.43,N,2,VIIRS_NOAA20_SP
23.67111,84.9947,309.35,0.5,0.41,2023-10-15,1944,N20,VIIRS,n,2,293.65,1.43,N,2,VIIRS_NOAA20_SP
23.73656,85.01984,304.89,0.5,0.41,2023-10-15,1944,N20,VIIRS,n,2,294.53,2.62,N,2,VIIRS_NOAA20_SP
24.66331,74.62756,297.55,0.75,0.77,2023-10-15,1944,N20,VIIRS,n,2,283.43,1.29,N,2,VIIRS_NOAA20_SP
17.46539,80.653,308.41,0.51,0.49,2023-10-15,1945,N20,VIIRS,n,2,291.08,1.41,N,0,VIIRS_NOAA20_SP
17.5348,82.99941,306.09,0.55,0.42,2023-10-15,1945,N20,VIIRS,n,2,293.12,1.35,N,2,VIIRS_NOAA20_SP
17.61111,83.20334,309.15,0.53,0.42,2023-10-15,1945,N20,VIIRS,n,2,294.03,1.83,N,2,VIIRS_NOAA20_SP
17.69428,83.2426,306.94,0.53,0.42,2023-10-15,1945,N20,VIIRS,n,2,294.06,2.04,N,2,VIIRS_NOAA20_SP
17.94436,83.22289,304.78,0.54,0.42,2023-10-15,1945,N20,VIIRS,n,2,293.3,1.0,N,0,VIIRS_NOAA20_SP
18.06672,78.37914,302.84,0.36,0.58,2023-10-15,1945,N20,VIIRS,n,2,289.35,0.88,N,0,VIIRS_NOAA20_SP
19.08982,82.16309,320.43,0.43,0.46,2023-10-15,1945,N20,VIIRS,n,2,291.42,3.02,N,0,VIIRS_NOAA20_SP
19.10238,82.16482,303.42,0.43,0.46,2023-10-15,1945,N20,VIIRS,n,2,291.25,1.71,N,0,VIIRS_NOAA20_SP
19.10657,82.16538,311.72,0.43,0.46,2023-10-15,1945,N20,VIIRS,n,2,291.26,1.17,N,0,VIIRS_NOAA20_SP
19.72676,79.17324,305.96,0.34,0.56,2023-10-15,1945,N20,VIIRS,n,2,292.15,0.89,N,0,VIIRS_NOAA20_SP
19.78918,79.14583,311.53,0.34,0.56,2023-10-15,1945,N20,VIIRS,n,2,292.81,1.29,N,2,VIIRS_NOAA20_SP
19.93029,79.11734,303.28,0.34,0.56,2023-10-15,1945,N20,VIIRS,n,2,290.88,0.86,N,0,VIIRS_NOAA20_SP
19.9669,79.33226,312.54,0.33,0.56,2023-10-15,1945,N20,VIIRS,n,2,290.21,0.91,N,2,VIIRS_NOAA20_SP
20.11601,79.02595,304.46,0.35,0.57,2023-10-15,1945,N20,VIIRS,n,2,291.07,0.66,N,0,VIIRS_NOAA20_SP
14.21538,79.81081,306.42,0.52,0.5,2023-10-15,1946,N20,VIIRS,n,2,290.34,1.24,N,0,VIIRS_NOAA20_SP
14.60609,78.52043,309.49,0.32,0.55,2023-10-15,1946,N20,VIIRS,n,2,290.17,1.12,N,2,VIIRS_NOAA20_SP
15.13834,76.7076,304.15,0.43,0.62,2023-10-15,1946,N20,VIIRS,n,2,287.2,1.02,N,2,VIIRS_NOAA20_SP
15.17467,76.37412,305.72,0.46,0.63,2023-10-15,1946,N20,VIIRS,n,2,287.31,1.98,N,2,VIIRS_NOAA20_SP
15.1785,77.10201,302.47,0.41,0.61,2023-10-15,1946,N20,VIIRS,n,2,288.45,0.59,N,2,VIIRS_NOAA20_SP
15.17902,76.6545,304.32,0.44,0.62,2023-10-15,1946,N20,VIIRS,n,2,285.44,1.94,N,2,VIIRS_NOAA20_SP
15.18965,77.10339,302.18,0.41,0.61,2023-10-15,1946,N20,VIIRS,n,2,288.11,1.04,N,0,VIIRS_NOAA20_SP
15.9626,80.93573,305.43,0.46,0.47,2023-10-15,1946,N20,VIIRS,n,2,291.12,0.86,N,0,VIIRS_NOAA20_SP
17.06545,76.97707,306.59,0.44,0.62,2023-10-15,1946,N20,VIIRS,n,2,288.54,1.64,N,2,VIIRS_NOAA20_SP
17.14707,78.22266,301.36,0.36,0.58,2023-10-15,1946,N20,VIIRS,n,2,288.25,0.73,N,2,VIIRS_NOAA20_SP
11.81293,77.91909,311.72,0.32,0.55,2023-10-15,1947,N20,VIIRS,n,2,286.58,1.71,N,2,VIIRS_NOAA20_SP
12.97109,77.3292,301.63,0.37,0.58,2023-10-15,1947,N20,VIIRS,n,2,285.78,2.15,N,0,VIIRS_NOAA20_SP
31.25795,76.9244,297.82,0.39,0.59,2023-10-15,2122,N20,VIIRS,n,2,284.21,0.41,N,2,VIIRS_NOAA20_SP
31.26071,76.92529,297.4,0.39,0.59,2023-10-15,2122,N20,VIIRS,n,2,285.14,0.58,N,2,VIIRS_NOAA20_SP
31.32667,70.01881,301.42,0.49,0.4,2023-10-15,2122,N20,VIIRS,n,2,281.13,1.36,N,0,VIIRS_NOAA20_SP
31.33036,70.01933,306.84,0.49,0.4,2023-10-15,2122,N20,VIIRS,n,2,279.77,1.19,N,0,VIIRS_NOAA20_SP
28.05263,69.36794,313.31,0.51,0.41,2023-10-15,2123,N20,VIIRS,n,2,294.11,1.53,N,2,VIIRS_NOAA20_SP
28.05336,69.3705,310.7,0.51,0.41,2023-10-15,2123,N20,VIIRS,n,2,293.67,0.49,N,2,VIIRS_NOAA20_SP
24.93511,74.63331,304.77,0.39,0.6,2023-10-15,2124,N20,VIIRS,n,2,292.53,1.06,N,2,VIIRS_NOAA20_SP
25.40181,68.56673,314.65,0.51,0.41,2023-10-15,2124,N20,VIIRS,n,2,291.35,2.06,N,2,VIIRS_NOAA20_SP
25.61711,72.87752,311.36,0.59,0.53,2023-10-15,2124,N20,VIIRS,n,2,281.51,3.04,N,0,VIIRS_NOAA20_SP
26.09394,68.88044,307.29,0.51,0.41,2023-10-15,2124,N20,VIIRS,n,2,294.97,0.92,N,2,VIIRS_NOAA20_SP
20.83608,70.69418,304.42,0.54,0.51,2023-10-15,2125,N20,VIIRS,n,2,294.26,1.09,N,2,VIIRS_NOAA20_SP
21.10247,72.63337,329.78,0.35,0.57,2023-10-15,2125,N20,VIIRS,n,2,293.74,3.39,N,2,VIIRS_NOAA20_SP
21.10546,72.64464,339.64,0.36,0.57,2023-10-15,2125,N20,VIIRS,n,2,295.47,4.6,N,2,VIIRS_NOAA20_SP
22.26295,75.13136,301.39,0.48,0.65,2023-10-15,2125,N20,VIIRS,n,2,290.04,0.82,N,2,VIIRS_NOAA20_SP
22.26876,75.13286,302.41,0.48,0.65,2023-10-15,2125,N20,VIIRS,n,2,290.73,0.76,N,2,VIIRS_NOAA20_SP
22.92473,70.10579,336.31,0.45,0.47,2023-10-15,2125,N20,VIIRS,n,2,295.7,5.48,N,0,VIIRS_NOAA20_SP
22.92772,69.82312,306.25,0.44,0.46,2023-10-15,2125,N20,VIIRS,n,2,294.5,1.1,N,2,VIIRS_NOAA20_SP
22.92873,69.82252,306.22,0.44,0.46,2023-10-15,2125,N20,VIIRS,n,2,293.98,1.11,N,2,VIIRS_NOAA20_SP
22.97749,72.56425,311.26,0.32,0.55,2023-10-15,2125,N20,VIIRS,n,2,293.68,0.94,N,0,VIIRS_NOAA20_SP
23.01305,70.10069,310.54,0.45,0.47,2023-10-15,2125,N20,VIIRS,n,2,293.68,1.1,N,2,VIIRS_NOAA20_SP
23.03441,72.27456,303.37,0.61,0.54,2023-10-15,2125,N20,VIIRS,n,2,292.52,0.81,N,0,VIIRS_NOAA20_SP
23.03923,72.27576,316.86,0.61,0.54,2023-10-15,2125,N20,VIIRS,n,2,293.78,3.56,N,0,VIIRS_NOAA20_SP
23.10502,70.18899,306.07,0.45,0.47,2023-10-15,2125,N20,VIIRS,n,2,295.19,1.09,N,2,VIIRS_NOAA20_SP
23.11746,70.08321,306.57,0.45,0.47,2023-10-15,2125,N20,VIIRS,n,2,294.49,1.33,N,0,VIIRS_NOAA20_SP
23.26414,70.25131,305.63,0.46,0.47,2023-10-15,2125,N20,VIIRS,n,2,294.55,1.33,N,2,VIIRS_NOAA20_SP
23.31358,70.19783,304.86,0.45,0.47,2023-10-15,2125,N20,VIIRS,n,2,294.35,0.86,N,2,VIIRS_NOAA20_SP
18.68217,73.0407,311.17,0.42,0.61,2023-10-15,2126,N20,VIIRS,n,2,289.83,2.48,N,2,VIIRS_NOAA20_SP
18.68302,73.03679,303.33,0.42,0.61,2023-10-15,2126,N20,VIIRS,n,2,289.83,2.58,N,2,VIIRS_NOAA20_SP
18.68471,73.02903,311.53,0.42,0.61,2023-10-15,2126,N20,VIIRS,n,2,290.19,1.9,N,2,VIIRS_NOAA20_SP
18.69406,73.03939,310.6,0.42,0.61,2023-10-15,2126,N20,VIIRS,n,2,290.14,2.32,N,2,VIIRS_NOAA20_SP
18.97465,71.62151,317.92,0.34,0.56,2023-10-15,2126,N20,VIIRS,n,2,293.1,3.65,N,3,VIIRS_NOAA20_SP
19.0692,73.13347,311.5,0.42,0.61,2023-10-15,2126,N20,VIIRS,n,2,290.12,1.68,N,0,VIIRS_NOAA20_SP
19.07067,73.1326,303.91,0.42,0.61,2023-10-15,2126,N20,VIIRS,n,2,289.98,1.47,N,0,VIIRS_NOAA20_SP
19.28397,71.43525,325.22,0.32,0.55,2023-10-15,2126,N20,VIIRS,n,2,293.26,4.23,N,3,VIIRS_NOAA20_SP
16.32546,94.83547,331.26,0.38,0.36,2023-10-16,654,N20,VIIRS,n,2,285.21,2.31,D,0,VIIRS_NOAA20_SP
17.21902,81.50908,329.36,0.65,0.73,2023-10-16,655,N20,VIIRS,n,2,290.36,5.62,D,0,VIIRS_NOAA20_SP
17.22167,81.51021,334.86,0.65,0.73,2023-10-16,655,N20,VIIRS,n,2,290.3,3.99,D,0,VIIRS_NOAA20_SP
19.48902,83.00914,341.95,0.47,0.64,2023-10-16,656,N20,VIIRS,n,2,293.7,4.06,D,0,VIIRS_NOAA20_SP
19.48911,83.00778,330.36,0.47,0.64,2023-10-16,656,N20,VIIRS,n,2,293.58,5.19,D,0,VIIRS_NOAA20_SP
20.61147,93.23247,333.76,0.39,0.36,2023-10-16,656,N20,VIIRS,n,2,302.67,3.83,D,0,VIIRS_NOAA20_SP
20.61592,93.23927,328.34,0.39,0.36,2023-10-16,656,N20,VIIRS,l,2,302.03,1.7,D,0,VIIRS_NOAA20_SP
20.86831,84.9976,350.43,0.33,0.55,2023-10-16,656,N20,VIIRS,n,2,301.45,4.88,D,2,VIIRS_NOAA20_SP
20.88567,84.98074,333.93,0.33,0.55,2023-10-16,656,N20,VIIRS,n,2,302.17,2.97,D,2,VIIRS_NOAA20_SP
20.8863,84.98377,343.99,0.33,0.55,2023-10-16,656,N20,VIIRS,n,2,301.8,2.97,D,2,VIIRS_NOAA20_SP
20.96223,85.1724,328.44,0.63,0.54,2023-10-16,656,N20,VIIRS,l,2,303.17,9.35,D,2,VIIRS_NOAA20_SP
20.96347,85.17838,335.44,0.63,0.54,2023-10-16,656,N20,VIIRS,n,2,303.48,12.78,D,2,VIIRS_NOAA20_SP
20.96632,85.01828,367.0,0.32,0.55,2023-10-16,656,N20,VIIRS,h,2,300.93,6.84,D,0,VIIRS_NOAA20_SP
20.96792,85.12564,329.65,0.32,0.54,2023-10-16,656,N20,VIIRS,l,2,301.41,2.67,D,0,VIIRS_NOAA20_SP
20.97127,85.01708,336.29,0.32,0.55,2023-10-16,656,N20,VIIRS,n,2,298.29,1.88,D,0,VIIRS_NOAA20_SP
21.67757,84.03848,328.51,0.36,0.58,2023-10-16,656,N20,VIIRS,l,2,298.71,6.43,D,2,VIIRS_NOAA20_SP
21.678,84.04102,328.86,0.36,0.58,2023-10-16,656,N20,VIIRS,n,2,297.9,5.03,D,2,VIIRS_NOAA20_SP
22.13302,97.94698,330.76,0.52,0.41,2023-10-16,656,N20,VIIRS,n,2,298.08,3.13,D,0,VIIRS_NOAA20_SP
22.26119,91.79241,331.82,0.41,0.37,2023-10-16,656,N20,VIIRS,l,2,303.82,2.12,D,0,VIIRS_NOAA20_SP
22.37629,87.28226,329.85,0.44,0.46,2023-10-16,656,N20,VIIRS,l,2,304.07,3.09,D,2,VIIRS_NOAA20_SP
22.47356,91.7371,332.51,0.41,0.37,2023-10-16,656,N20,VIIRS,l,2,303.08,4.01,D,2,VIIRS_NOAA20_SP
22.93468,91.5863,331.22,0.41,0.37,2023-10-16,656,N20,VIIRS,n,2,299.67,2.38,D,0,VIIRS_NOAA20_SP
22.93532,91.59024,332.38,0.41,0.37,2023-10-16,656,N20,VIIRS,n,2,300.86,3.27,D,0,VIIRS_NOAA20_SP
22.98331,92.72092,332.77,0.39,0.36,2023-10-16,656,N20,VIIRS,n,2,300.09,4.51,D,0,VIIRS_NOAA20_SP
23.58544,97.55444,329.85,0.51,0.41,2023-10-16,656,N20,VIIRS,n,2,296.09,3.23,D,0,VIIRS_NOAA20_SP
21.92182,83.35018,328.02,0.4,0.6,2023-10-16,657,N20,VIIRS,l,2,298.45,6.2,D,2,VIIRS_NOAA20_SP
22.10595,83.5244,329.64,0.38,0.59,2023-10-16,657,N20,VIIRS,n,2,301.16,2.38,D,0,VIIRS_NOAA20_SP
23.59082,90.03988,332.14,0.45,0.39,2023-10-16,657,N20,VIIRS,n,2,299.49,2.17,D,3,VIIRS_NOAA20_SP
23.66669,86.92007,333.4,0.44,0.46,2023-10-16,657,N20,VIIRS,n,2,298.88,3.75,D,2,VIIRS_NOAA20_SP
23.67674,86.08842,333.37,0.49,0.49,2023-10-16,657,N20,VIIRS,n,2,299.73,6.27,D,2,VIIRS_NOAA20_SP
23.77825,86.39249,331.79,0.47,0.48,2023-10-16,657,N20,VIIRS,l,2,304.54,5.04,D,2,VIIRS_NOAA20_SP
23.77913,86.39697,329.32,0.47,0.48,2023-10-16,657,N20,VIIRS,l,2,304.11,5.04,D,2,VIIRS_NOAA20_SP
23.79354,86.35575,330.19,0.47,0.48,2023-10-16,657,N20,VIIRS,l,2,302.13,5.44,D,2,VIIRS_NOAA20_SP
23.79418,86.35178,331.8,0.47,0.48,2023-10-16,657,N20,VIIRS,l,2,303.46,6.26,D,2,VIIRS_NOAA20_SP
24.14971,93.60082,341.54,0.39,0.36,2023-10-16,657,N20,VIIRS,n,2,298.71,4.77,D,0,VIIRS_NOAA20_SP
24.27261,96.89459,331.22,0.48,0.4,2023-10-16,657,N20,VIIRS,n,2,298.03,3.47,D,0,VIIRS_NOAA20_SP
24.69663,90.46343,351.07,0.42,0.38,2023-10-16,657,N20,VIIRS,n,2,300.6,7.88,D,0,VIIRS_NOAA20_SP
24.69937,90.45859,343.7,0.42,0.38,2023-10-16,657,N20,VIIRS,n,2,301.5,13.95,D,0,VIIRS_NOAA20_SP
24.70077,90.46688,333.23,0.42,0.38,2023-10-16,657,N20,VIIRS,n,2,301.0,21.35,D,0,VIIRS_NOAA20_SP
24.7028,90.45789,346.89,0.42,0.38,2023-10-16,657,N20,VIIRS,n,2,302.86,13.95,D,0,VIIRS_NOAA20_SP
24.7035,90.46203,355.34,0.42,0.38,2023-10-16,657,N20,VIIRS,l,2,302.0,21.35,D,0,VIIRS_NOAA20_SP
24.70624,90.45719,351.68,0.42,0.38,2023-10-16,657,N20,VIIRS,n,2,301.16,5.81,D,0,VIIRS_NOAA20_SP
24.9307,93.97598,328.8,0.39,0.36,2023-10-16,657,N20,VIIRS,n,2,301.14,1.64,D,0,VIIRS_NOAA20_SP
25.18153,93.95085,333.57,0.39,0.36,2023-10-16,657,N20,VIIRS,n,2,296.8,2.93,D,0,VIIRS_NOAA20_SP
25.76268,96.64374,329.51,0.49,0.4,2023-10-16,657,N20,VIIRS,n,2,298.91,1.83,D,0,VIIRS_NOAA20_SP
25.86314,96.64536,331.45,0.49,0.4,2023-10-16,657,N20,VIIRS,n,2,298.79,3.15,D,0,VIIRS_NOAA20_SP
25.86562,96.63506,331.57,0.49,0.4,2023-10-16,657,N20,VIIRS,n,2,300.05,4.05,D,0,VIIRS_NOAA20_SP
26.83988,94.98754,332.52,0.43,0.38,2023-10-16,657,N20,VIIRS,n,2,294.94,3.39,D,0,VIIRS_NOAA20_SP
26.90775,92.4013,327.62,0.38,0.36,2023-10-16,657,N20,VIIRS,n,2,298.14,1.73,D,0,VIIRS_NOAA20_SP
27.44848,97.45219,327.1,0.56,0.43,2023-10-16,657,N20,VIIRS,n,2,295.24,3.82,D,0,VIIRS_NOAA20_SP
27.46737,95.42532,328.42,0.45,0.39,2023-10-16,657,N20,VIIRS,n,2,292.62,1.69,D,2,VIIRS_NOAA20_SP
27.68914,96.26596,331.71,0.49,0.4,2023-10-16,658,N20,VIIRS,n,2,296.23,3.2,D,0,VIIRS_NOAA20_SP
27.7145,96.25719,337.24,0.49,0.4,2023-10-16,658,N20,VIIRS,n,2,299.43,26.09,D,0,VIIRS_NOAA20_SP
27.76256,96.04273,329.64,0.48,0.4,2023-10-16,658,N20,VIIRS,n,2,295.5,2.61,D,0,VIIRS_NOAA20_SP
28.13068,95.49729,334.32,0.46,0.39,2023-10-16,658,N20,VIIRS,n,2,296.26,3.79,D,0,VIIRS_NOAA20_SP
29.31731,89.25636,335.84,0.42,0.38,2023-10-16,658,N20,VIIRS,l,2,307.59,3.65,D,0,VIIRS_NOAA20_SP
6.42111,80.88996,339.61,0.36,0.58,2023-10-16,833,N20,VIIRS,n,2,289.55,3.88,D,0,VIIRS_NOAA20_SP
6.42188,80.89072,335.82,0.36,0.57,2023-10-16,833,N20,VIIRS,n,2,289.4,4.85,D,0,VIIRS_NOAA20_SP
14.80517,77.31231,342.08,0.54,0.51,2023-10-16,835,N20,VIIRS,n,2,296.21,6.68,D,0,VIIRS_NOAA20_SP
15.05331,77.09598,334.58,0.53,0.5,2023-10-16,835,N20,VIIRS,n,2,298.44,4.3,D,0,VIIRS_NOAA20_SP
15.13056,79.8912,332.55,0.41,0.6,2023-10-16,835,N20,VIIRS,n,2,294.27,3.94,D,0,VIIRS_NOAA20_SP
15.15228,77.02666,330.67,0.52,0.5,2023-10-16,835,N20,VIIRS,n,2,295.42,3.44,D,0,VIIRS_NOAA20_SP
15.29039,78.2544,333.03,0.63,0.54,2023-10-16,835,N20,VIIRS,n,2,294.74,4.89,D,0,VIIRS_NOAA20_SP
15.29054,78.25293,331.96,0.63,0.54,2023-10-16,835,N20,VIIRS,n,2,294.29,4.53,D,0,VIIRS_NOAA20_SP
15.52206,78.32186,333.22,0.32,0.55,2023-10-16,835,N20,VIIRS,n,2,295.6,1.75,D,0,VIIRS_NOAA20_SP
15.66946,78.45412,330.48,0.33,0.55,2023-10-16,836,N20,VIIRS,n,2,296.29,1.58,D,0,VIIRS_NOAA20_SP
15.70801,78.56384,330.53,0.34,0.56,2023-10-16,836,N20,VIIRS,n,2,293.08,2.85,D,0,VIIRS_NOAA20_SP
15.7351,78.36382,336.12,0.33,0.55,2023-10-16,836,N20,VIIRS,n,2,295.05,1.79,D,0,VIIRS_NOAA20_SP
15.79231,78.54942,332.68,0.34,0.56,2023-10-16,836,N20,VIIRS,n,2,295.23,1.98,D,0,VIIRS_NOAA20_SP
16.01205,76.69717,333.35,0.51,0.49,2023-10-16,836,N20,VIIRS,n,2,300.55,5.15,D,0,VIIRS_NOAA20_SP
17.33386,82.35426,334.44,0.63,0.72,2023-10-16,836,N20,VIIRS,n,2,288.9,6.3,D,0,VIIRS_NOAA20_SP
18.28033,78.85964,340.49,0.38,0.59,2023-10-16,836,N20,VIIRS,n,2,291.23,4.64,D,0,VIIRS_NOAA20_SP
18.71224,77.86215,333.29,0.33,0.55,2023-10-16,836,N20,VIIRS,n,2,299.74,3.79,D,0,VIIRS_NOAA20_SP
18.85551,78.46346,330.31,0.36,0.58,2023-10-16,836,N20,VIIRS,l,2,301.21,2.47,D,0,VIIRS_NOAA20_SP
19.56835,71.35533,334.23,0.43,0.38,2023-10-16,837,N20,VIIRS,n,2,296.29,9.84,D,3,VIIRS_NOAA20_SP
20.01398,74.37841,332.64,0.41,0.45,2023-10-16,837,N20,VIIRS,n,2,301.7,2.2,D,0,VIIRS_NOAA20_SP
20.0181,74.37785,334.23,0.41,0.45,2023-10-16,837,N20,VIIRS,n,2,301.03,3.64,D,0,VIIRS_NOAA20_SP
21.10273,72.64478,335.32,0.51,0.41,2023-10-16,837,N20,VIIRS,n,2,303.26,5.57,D,2,VIIRS_NOAA20_SP
21.10712,72.64911,331.69,0.51,0.41,2023-10-16,837,N20,VIIRS,l,2,305.19,5.57,D,2,VIIRS_NOAA20_SP
21.36511,70.46332,342.82,0.41,0.37,2023-10-16,837,N20,VIIRS,n,2,307.93,2.84,D,0,VIIRS_NOAA20_SP
22.13072,75.04952,330.4,0.48,0.48,2023-10-16,837,N20,VIIRS,l,2,303.02,2.18,D,0,VIIRS_NOAA20_SP
22.16855,75.98882,330.27,0.55,0.51,2023-10-16,837,N20,VIIRS,l,2,302.59,3.12,D,0,VIIRS_NOAA20_SP
22.19907,77.10847,330.83,0.33,0.55,2023-10-16,837,N20,VIIRS,l,2,300.98,1.96,D,0,VIIRS_NOAA20_SP
22.20859,77.10098,331.38,0.33,0.55,2023-10-16,837,N20,VIIRS,l,2,301.48,1.87,D,0,VIIRS_NOAA20_SP
22.28232,77.01984,333.79,0.32,0.55,2023-10-16,837,N20,VIIRS,n,2,302.62,2.37,D,0,VIIRS_NOAA20_SP
22.54462,77.56236,333.51,0.35,0.57,2023-10-16,837,N20,VIIRS,n,2,298.75,4.32,D,0,VIIRS_NOAA20_SP
22.5512,77.46165,334.77,0.35,0.56,2023-10-16,837,N20,VIIRS,n,2,300.75,4.79,D,0,VIIRS_NOAA20_SP
22.55914,77.72261,331.56,0.36,0.57,2023-10-16,837,N20,VIIRS,n,2,297.52,1.77,D,0,VIIRS_NOAA20_SP
22.56811,77.30769,332.48,0.34,0.56,2023-10-16,837,N20,VIIRS,n,2,299.68,2.37,D,0,VIIRS_NOAA20_SP
22.67416,77.30403,334.71,0.34,0.56,2023-10-16,837,N20,VIIRS,n,2,300.01,2.67,D,0,VIIRS_NOAA20_SP
22.9229,70.10596,340.71,0.41,0.37,2023-10-16,838,N20,VIIRS,n,2,311.54,11.08,D,0,VIIRS_NOAA20_SP
22.92632,70.1054,338.09,0.41,0.37,2023-10-16,838,N20,VIIRS,n,2,309.66,7.92,D,0,VIIRS_NOAA20_SP
22.95569,75.32003,334.83,0.51,0.49,2023-10-16,838,N20,VIIRS,l,2,307.3,4.53,D,0,VIIRS_NOAA20_SP
22.9565,75.32066,335.89,0.51,0.49,2023-10-16,838,N20,VIIRS,n,2,307.13,2.89,D,0,VIIRS_NOAA20_SP
23.07495,70.0694,333.25,0.41,0.37,2023-10-16,838,N20,VIIRS,n,2,302.96,1.9,D,0,VIIRS_NOAA20_SP
23.07518,70.07008,330.38,0.41,0.37,2023-10-16,838,N20,VIIRS,l,2,303.33,1.78,D,0,VIIRS_NOAA20_SP
23.11181,75.61146,330.94,0.54,0.51,2023-10-16,838,N20,VIIRS,l,2,304.43,4.54,D,0,VIIRS_NOAA20_SP
23.11951,70.08763,335.16,0.41,0.37,2023-10-16,838,N20,VIIRS,n,2,303.81,3.1,D,0,VIIRS_NOAA20_SP
23.16476,75.35979,330.09,0.52,0.5,2023-10-16,838,N20,VIIRS,l,2,304.26,2.79,D,0,VIIRS_NOAA20_SP
23.18084,75.33731,332.23,0.52,0.5,2023-10-16,838,N20,VIIRS,l,2,305.63,3.11,D,0,VIIRS_NOAA20_SP
23.18136,75.33936,332.22,0.52,0.5,2023-10-16,838,N20,VIIRS,l,2,305.43,5.13,D,0,VIIRS_NOAA20_SP
23.33698,79.78314,337.63,0.5,0.66,2023-10-16,838,N20,VIIRS,n,2,297.63,8.62,D,0,VIIRS_NOAA20_SP
23.4546,75.15911,331.97,0.51,0.49,2023-10-16,838,N20,VIIRS,l,2,304.11,3.44,D,0,VIIRS_NOAA20_SP
23.70632,70.93601,338.88,0.45,0.39,2023-10-16,838,N20,VIIRS,n,2,305.78,2.65,D,0,VIIRS_NOAA20_SP
23.87343,71.21647,334.27,0.46,0.39,2023-10-16,838,N20,VIIRS,l,2,305.62,2.75,D,0,VIIRS_NOAA20_SP
24.69036,69.37289,335.76,0.41,0.37,2023-10-16,838,N20,VIIRS,n,2,303.65,1.38,D,0,VIIRS_NOAA20_SP
24.80561,77.45942,337.72,0.37,0.58,2023-10-16,838,N20,VIIRS,n,2,301.11,2.74,D,0,VIIRS_NOAA20_SP
24.8394,76.93639,334.55,0.34,0.56,2023-10-16,838,N20,VIIRS,n,2,295.58,3.59,D,0,VIIRS_NOAA20_SP
24.8845,76.97282,333.16,0.34,0.56,2023-10-16,838,N20,VIIRS,n,2,298.28,3.1,D,0,VIIRS_NOAA20_SP
24.88481,76.97623,330.65,0.34,0.56,2023-10-16,838,N20,VIIRS,n,2,297.47,3.1,D,0,VIIRS_NOAA20_SP
24.95415,75.91569,333.56,0.59,0.53,2023-10-16,838,N20,VIIRS,n,2,298.81,3.81,D,0,VIIRS_NOAA20_SP
25.04616,77.00414,335.03,0.35,0.56,2023-10-16,838,N20,VIIRS,n,2,298.33,3.32,D,0,VIIRS_NOAA20_SP
25.0469,77.00278,337.78,0.35,0.56,2023-10-16,838,N20,VIIRS,n,2,299.04,3.23,D,0,VIIRS_NOAA20_SP
25.05626,76.99967,356.54,0.35,0.56,2023-10-16,838,N20,VIIRS,n,2,301.12,5.19,D,0,VIIRS_NOAA20_SP
25.05703,76.99828,345.83,0.35,0.56,2023-10-16,838,N20,VIIRS,n,2,300.43,4.48,D,0,VIIRS_NOAA20_SP
25.05816,77.07641,334.06,0.35,0.57,2023-10-16,838,N20,VIIRS,n,2,297.28,2.4,D,0,VIIRS_NOAA20_SP
25.07344,76.77132,339.36,0.34,0.56,2023-10-16,838,N20,VIIRS,n,2,300.92,1.35,D,0,VIIRS_NOAA20_SP
25.10857,77.04522,367.0,0.35,0.57,2023-10-16,838,N20,VIIRS,h,2,302.69,5.38,D,0,VIIRS_NOAA20_SP
25.11411,77.04815,343.99,0.35,0.57,2023-10-16,838,N20,VIIRS,n,2,300.68,5.38,D,0,VIIRS_NOAA20_SP
25.12259,76.96744,337.52,0.35,0.56,2023-10-16,838,N20,VIIRS,n,2,300.45,2.56,D,0,VIIRS_NOAA20_SP
25.15359,77.07572,355.54,0.35,0.57,2023-10-16,838,N20,VIIRS,n,2,297.0,3.7,D,0,VIIRS_NOAA20_SP
25.15401,77.07559,367.0,0.35,0.57,2023-10-16,838,N20,VIIRS,h,2,296.88,7.95,D,0,VIIRS_NOAA20_SP
25.15883,77.07516,332.97,0.35,0.57,2023-10-16,838,N20,VIIRS,n,2,299.12,3.7,D,0,VIIRS_NOAA20_SP
25.16638,71.19102,330.44,0.48,0.4,2023-10-16,838,N20,VIIRS,l,2,304.19,1.17,D,0,VIIRS_NOAA20_SP
25.21469,76.92691,335.88,0.34,0.56,2023-10-16,838,N20,VIIRS,n,2,299.23,1.83,D,0,VIIRS_NOAA20_SP
25.25574,76.86105,341.31,0.34,0.56,2023-10-16,838,N20,VIIRS,n,2,298.47,3.96,D,0,VIIRS_NOAA20_SP
25.25657,75.97451,341.09,0.6,0.53,2023-10-16,838,N20,VIIRS,n,2,295.09,3.27,D,0,VIIRS_NOAA20_SP
25.25703,76.85779,330.69,0.34,0.56,2023-10-16,838,N20,VIIRS,n,2,298.58,2.53,D,0,VIIRS_NOAA20_SP
25.37722,76.66268,341.23,0.33,0.55,2023-10-16,838,N20,VIIRS,n,2,298.64,1.9,D,0,VIIRS_NOAA20_SP
25.39318,76.66769,331.44,0.33,0.55,2023-10-16,838,N20,VIIRS,n,2,300.66,2.86,D,0,VIIRS_NOAA20_SP
25.43897,76.51163,367.0,0.33,0.55,2023-10-16,838,N20,VIIRS,h,2,302.13,12.56,D,0,VIIRS_NOAA20_SP
25.43926,76.51491,367.0,0.33,0.55,2023-10-16,838,N20,VIIRS,h,2,303.26,12.56,D,0,VIIRS_NOAA20_SP
25.52751,76.2002,337.7,0.62,0.54,2023-10-16,838,N20,VIIRS,n,2,302.49,3.84,D,0,VIIRS_NOAA20_SP
25.53826,78.74919,336.26,0.45,0.63,2023-10-16,838,N20,VIIRS,n,2,299.07,3.43,D,0,VIIRS_NOAA20_SP
25.54905,76.49628,338.53,0.33,0.55,2023-10-16,838,N20,VIIRS,n,2,299.31,2.58,D,0,VIIRS_NOAA20_SP
25.55051,76.51279,340.5,0.33,0.55,2023-10-16,838,N20,VIIRS,n,2,298.66,2.65,D,0,VIIRS_NOAA20_SP
25.58887,78.79558,330.25,0.46,0.63,2023-10-16,838,N20,VIIRS,n,2,297.43,1.81,D,0,VIIRS_NOAA20_SP
25.6608,76.61948,332.29,0.33,0.56,2023-10-16,838,N20,VIIRS,n,2,297.88,2.14,D,0,VIIRS_NOAA20_SP
25.82035,78.52903,347.79,0.44,0.62,2023-10-16,838,N20,VIIRS,n,2,298.77,6.26,D,0,VIIRS_NOAA20_SP
25.82578,78.53255,334.35,0.44,0.62,2023-10-16,838,N20,VIIRS,n,2,298.03,5.18,D,0,VIIRS_NOAA20_SP
25.82833,78.40389,331.07,0.43,0.62,2023-10-16,838,N20,VIIRS,n,2,297.22,2.51,D,0,VIIRS_NOAA20_SP
25.8407,76.57558,340.76,0.33,0.55,2023-10-16,838,N20,VIIRS,n,2,298.1,4.32,D,0,VIIRS_NOAA20_SP
25.9222,78.49337,332.45,0.44,0.62,2023-10-16,838,N20,VIIRS,n,2,297.29,2.21,D,0,VIIRS_NOAA20_SP
25.97743,76.71964,343.19,0.34,0.56,2023-10-16,838,N20,VIIRS,n,2,298.01,2.02,D,0,VIIRS_NOAA20_SP
25.98084,76.71958,344.02,0.34,0.56,2023-10-16,838,N20,VIIRS,n,2,297.97,4.8,D,0,VIIRS_NOAA20_SP
25.9928,78.01901,340.42,0.41,0.61,2023-10-16,838,N20,VIIRS,n,2,296.11,2.34,D,0,VIIRS_NOAA20_SP
25.99461,78.01897,336.72,0.41,0.61,2023-10-16,838,N20,VIIRS,n,2,294.79,3.37,D,0,VIIRS_NOAA20_SP
25.99675,78.61756,348.54,0.45,0.63,2023-10-16,838,N20,VIIRS,n,2,296.26,5.94,D,0,VIIRS_NOAA20_SP
26.07989,76.93135,330.12,0.35,0.57,2023-10-16,838,N20,VIIRS,n,2,297.82,1.95,D,0,VIIRS_NOAA20_SP
26.15034,78.32424,330.16,0.43,0.62,2023-10-16,838,N20,VIIRS,n,2,298.42,2.26,D,0,VIIRS_NOAA20_SP
26.23346,78.33562,333.18,0.43,0.62,2023-10-16,838,N20,VIIRS,n,2,297.6,1.92,D,0,VIIRS_NOAA20_SP
26.25061,77.36475,341.44,0.38,0.58,2023-10-16,838,N20,VIIRS,n,2,299.2,2.03,D,0,VIIRS_NOAA20_SP
26.2531,77.36497,338.79,0.38,0.58,2023-10-16,838,N20,VIIRS,n,2,300.11,1.24,D,0,VIIRS_NOAA20_SP
26.29062,77.55994,367.0,0.39,0.59,2023-10-16,838,N20,VIIRS,h,2,300.27,6.67,D,0,VIIRS_NOAA20_SP
26.32089,77.52559,337.63,0.39,0.59,2023-10-16,838,N20,VIIRS,n,2,301.15,2.28,D,0,VIIRS_NOAA20_SP
25.39863,68.56577,333.77,0.39,0.36,2023-10-16,839,N20,VIIRS,n,2,294.88,1.6,D,2,VIIRS_NOAA20_SP
25.74289,68.38731,331.22,0.39,0.36,2023-10-16,839,N20,VIIRS,l,2,302.29,1.22,D,0,VIIRS_NOAA20_SP
25.91915,69.20837,336.92,0.41,0.37,2023-10-16,839,N20,VIIRS,n,2,300.8,3.17,D,0,VIIRS_NOAA20_SP
26.01677,68.17201,332.89,0.39,0.36,2023-10-16,839,N20,VIIRS,n,2,302.75,1.02,D,0,VIIRS_NOAA20_SP
26.02441,68.55814,330.49,0.4,0.37,2023-10-16,839,N20,VIIRS,l,2,302.95,1.87,D,0,VIIRS_NOAA20_SP
26.02524,68.25394,330.6,0.39,0.36,2023-10-16,839,N20,VIIRS,l,2,303.17,0.96,D,0,VIIRS_NOAA20_SP
26.08067,69.21525,336.65,0.41,0.37,2023-10-16,839,N20,VIIRS,n,2,303.22,2.74,D,0,VIIRS_NOAA20_SP
26.10344,68.18489,334.97,0.39,0.36,2023-10-16,839,N20,VIIRS,l,2,305.38,2.33,D,0,VIIRS_NOAA20_SP
26.13652,68.48682,339.78,0.39,0.37,2023-10-16,839,N20,VIIRS,n,2,306.25,3.59,D,0,VIIRS_NOAA20_SP
26.37443,68.66,332.38,0.4,0.37,2023-10-16,839,N20,VIIRS,l,2,305.07,2.24,D,0,VIIRS_NOAA20_SP
26.64143,79.48327,355.05,0.52,0.67,2023-10-16,839,N20,VIIRS,n,2,294.36,10.69,D,2,VIIRS_NOAA20_SP
26.68192,68.48553,333.11,0.4,0.37,2023-10-16,839,N20,VIIRS,l,2,306.82,0.92,D,0,VIIRS_NOAA20_SP
27.0136,79.22353,330.04,0.5,0.66,2023-10-16,839,N20,VIIRS,n,2,296.51,3.19,D,0,VIIRS_NOAA20_SP
27.59842,69.59739,341.61,0.43,0.38,2023-10-16,839,N20,VIIRS,n,2,305.53,6.41,D,0,VIIRS_NOAA20_SP
27.82286,68.84876,330.44,0.41,0.37,2023-10-16,839,N20,VIIRS,l,2,304.69,1.18,D,0,VIIRS_NOAA20_SP
27.82343,68.85292,330.83,0.41,0.37,2023-10-16,839,N20,VIIRS,l,2,305.81,1.18,D,0,VIIRS_NOAA20_SP
28.05094,69.37127,337.2,0.43,0.38,2023-10-16,839,N20,VIIRS,n,2,302.29,5.59,D,2,VIIRS_NOAA20_SP
29.12337,77.00184,328.48,0.38,0.59,2023-10-16,839,N20,VIIRS,n,2,290.39,1.41,D,0,VIIRS_NOAA20_SP
29.46754,76.60047,329.01,0.37,0.58,2023-10-16,839,N20,VIIRS,n,2,292.43,1.77,D,0,VIIRS_NOAA20_SP
29.46939,76.6008,327.04,0.37,0.58,2023-10-16,839,N20,VIIRS,n,2,292.21,1.36,D,0,VIIRS_NOAA20_SP
29.35534,68.71329,337.18,0.42,0.38,2023-10-16,840,N20,VIIRS,n,2,305.26,3.38,D,0,VIIRS_NOAA20_SP
30.02335,70.79183,331.05,0.51,0.41,2023-10-16,840,N20,VIIRS,n,2,300.86,3.72,D,0,VIIRS_NOAA20_SP
30.14038,69.1677,336.28,0.44,0.38,2023-10-16,840,N20,VIIRS,n,2,306.39,2.71,D,0,VIIRS_NOAA20_SP
30.24104,73.18142,335.52,0.46,0.47,2023-10-16,840,N20,VIIRS,n,2,296.78,3.37,D,0,VIIRS_NOAA20_SP
30.24261,70.62937,331.01,0.51,0.41,2023-10-16,840,N20,VIIRS,n,2,297.85,3.62,D,0,VIIRS_NOAA20_SP
30.34498,70.71432,333.33,0.51,0.41,2023-10-16,840,N20,VIIRS,n,2,300.15,4.03,D,0,VIIRS_NOAA20_SP
30.35388,72.92748,342.15,0.45,0.47,2023-10-16,840,N20,VIIRS,n,2,297.46,5.66,D,0,VIIRS_NOAA20_SP
30.52217,73.51382,340.45,0.49,0.49,2023-10-16,840,N20,VIIRS,n,2,295.74,11.6,D,0,VIIRS_NOAA20_SP
30.58577,73.51639,350.76,0.49,0.49,2023-10-16,840,N20,VIIRS,n,2,297.27,9.63,D,0,VIIRS_NOAA20_SP
30.58825,73.51388,339.9,0.49,0.49,2023-10-16,840,N20,VIIRS,n,2,296.58,6.33,D,0,VIIRS_NOAA20_SP
30.63415,72.27846,334.3,0.42,0.45,2023-10-16,840,N20,VIIRS,n,2,291.25,3.38,D,0,VIIRS_NOAA20_SP
30.74017,73.10047,337.59,0.47,0.47,2023-10-16,840,N20,VIIRS,n,2,293.84,3.49,D,0,VIIRS_NOAA20_SP
30.76114,70.89618,334.25,0.53,0.42,2023-10-16,840,N20,VIIRS,n,2,298.53,3.4,D,0,VIIRS_NOAA20_SP
30.79903,70.78394,331.1,0.52,0.42,2023-10-16,840,N20,VIIRS,n,2,298.35,2.46,D,0,VIIRS_NOAA20_SP
31.36431,70.62808,344.94,0.52,0.42,2023-10-16,840,N20,VIIRS,n,2,302.09,6.27,D,0,VIIRS_NOAA20_SP
35.99065,94.83135,300.01,0.42,0.37,2023-10-16,1921,N20,VIIRS,n,2,270.83,1.35,N,2,VIIRS_NOAA20_SP
35.99091,94.82935,300.23,0.42,0.37,2023-10-16,1921,N20,VIIRS,n,2,272.19,1.23,N,2,VIIRS_NOAA20_SP
36.77644,95.22308,308.18,0.41,0.37,2023-10-16,1921,N20,VIIRS,n,2,278.71,1.73,N,0,VIIRS_NOAA20_SP
30.06989,96.97948,303.59,0.4,0.37,2023-10-16,1922,N20,VIIRS,n,2,277.5,1.12,N,2,VIIRS_NOAA20_SP
26.98619,94.80981,304.79,0.38,0.36,2023-10-16,1923,N20,VIIRS,n,2,293.11,0.51,N,0,VIIRS_NOAA20_SP
27.31874,95.26583,325.46,0.38,0.36,2023-10-16,1923,N20,VIIRS,n,2,292.93,1.7,N,2,VIIRS_NOAA20_SP
27.37823,95.08639,303.69,0.38,0.36,2023-10-16,1923,N20,VIIRS,n,2,288.53,0.5,N,2,VIIRS_NOAA20_SP
27.46236,95.47582,302.82,0.39,0.36,2023-10-16,1923,N20,VIIRS,n,2,292.04,0.36,N,0,VIIRS_NOAA20_SP
27.53626,95.39825,315.49,0.39,0.36,2023-10-16,1923,N20,VIIRS,n,2,292.24,0.59,N,2,VIIRS_NOAA20_SP
27.60713,95.4006,310.05,0.39,0.36,2023-10-16,1923,N20,VIIRS,n,2,292.23,0.68,N,2,VIIRS_NOAA20_SP
23.98182,97.79302,304.05,0.48,0.4,2023-10-16,1924,N20,VIIRS,n,2,292.09,0.83,N,0,VIIRS_NOAA20_SP
23.98387,90.63809,307.1,0.46,0.39,2023-10-16,1924,N20,VIIRS,n,2,295.45,1.38,N,2,VIIRS_NOAA20_SP
23.98624,90.64767,306.35,0.46,0.39,2023-10-16,1924,N20,VIIRS,n,2,296.34,1.03,N,0,VIIRS_NOAA20_SP
24.5424,97.73987,305.76,0.47,0.4,2023-10-16,1924,N20,VIIRS,n,2,290.95,1.53,N,2,VIIRS_NOAA20_SP
20.76111,85.29236,307.27,0.57,0.52,2023-10-16,1925,N20,VIIRS,n,2,292.73,1.66,N,2,VIIRS_NOAA20_SP
20.78333,85.26727,304.22,0.57,0.52,2023-10-16,1925,N20,VIIRS,n,2,292.26,0.82,N,2,VIIRS_NOAA20_SP
20.78419,85.26232,305.26,0.57,0.52,2023-10-16,1925,N20,VIIRS,n,2,292.39,1.5,N,2,VIIRS_NOAA20_SP
20.78873,85.26242,314.44,0.57,0.52,2023-10-16,1925,N20,VIIRS,n,2,293.79,2.57,N,2,VIIRS_NOAA20_SP
20.78897,85.26296,314.66,0.57,0.52,2023-10-16,1925,N20,VIIRS,n,2,293.89,2.73,N,2,VIIRS_NOAA20_SP
20.78935,85.25696,305.06,0.57,0.52,2023-10-16,1925,N20,VIIRS,n,2,293.16,2.57,N,2,VIIRS_NOAA20_SP
20.78955,85.25748,306.33,0.57,0.52,2023-10-16,1925,N20,VIIRS,n,2,292.83,3.72,N,2,VIIRS_NOAA20_SP
20.79476,85.25215,330.56,0.57,0.52,2023-10-16,1925,N20,VIIRS,n,2,293.23,5.16,N,2,VIIRS_NOAA20_SP
20.79492,85.25269,331.75,0.57,0.52,2023-10-16,1925,N20,VIIRS,n,2,293.59,3.72,N,2,VIIRS_NOAA20_SP
20.80929,85.25439,308.39,0.57,0.52,2023-10-16,1925,N20,VIIRS,n,2,293.63,2.05,N,2,VIIRS_NOAA20_SP
20.87164,84.99492,305.61,0.6,0.53,2023-10-16,1925,N20,VIIRS,n,2,293.36,3.87,N,2,VIIRS_NOAA20_SP
20.88815,84.97948,318.41,0.6,0.53,2023-10-16,1925,N20,VIIRS,n,2,293.24,3.85,N,2,VIIRS_NOAA20_SP
20.94404,86.05721,306.08,0.51,0.49,2023-10-16,1925,N20,VIIRS,n,2,293.87,2.01,N,2,VIIRS_NOAA20_SP
20.94459,86.05233,304.59,0.51,0.49,2023-10-16,1925,N20,VIIRS,n,2,292.67,1.7,N,2,VIIRS_NOAA20_SP
20.95422,86.04881,315.03,0.51,0.49,2023-10-16,1925,N20,VIIRS,n,2,294.1,1.8,N,2,VIIRS_NOAA20_SP
20.95673,85.01176,307.49,0.6,0.53,2023-10-16,1925,N20,VIIRS,n,2,293.39,1.59,N,2,VIIRS_NOAA20_SP
20.95734,85.00603,305.26,0.6,0.53,2023-10-16,1925,N20,VIIRS,n,2,293.06,1.59,N,0,VIIRS_NOAA20_SP
20.9625,85.18513,306.12,0.58,0.52,2023-10-16,1925,N20,VIIRS,n,2,293.62,1.75,N,2,VIIRS_NOAA20_SP
20.96311,85.17957,315.36,0.58,0.52,2023-10-16,1925,N20,VIIRS,n,2,294.21,1.75,N,2,VIIRS_NOAA20_SP
20.96332,86.04999,305.12,0.51,0.49,2023-10-16,1925,N20,VIIRS,n,2,293.27,0.93,N,2,VIIRS_NOAA20_SP
20.96373,85.17393,328.43,0.58,0.52,2023-10-16,1925,N20,VIIRS,n,2,295.03,2.54,N,2,VIIRS_NOAA20_SP
20.96382,86.00497,308.79,0.51,0.5,2023-10-16,1925,N20,VIIRS,n,2,292.58,1.05,N,2,VIIRS_NOAA20_SP
20.96435,85.16827,309.86,0.58,0.52,2023-10-16,1925,N20,VIIRS,n,2,294.03,2.54,N,2,VIIRS_NOAA20_SP
20.96783,86.01048,305.31,0.51,0.5,2023-10-16,1925,N20,VIIRS,n,2,293.55,2.01,N,2,VIIRS_NOAA20_SP
20.96793,85.18015,305.07,0.58,0.52,2023-10-16,1925,N20,VIIRS,n,2,293.3,1.75,N,0,VIIRS_NOAA20_SP
20.96855,85.17452,308.49,0.58,0.52,2023-10-16,1925,N20,VIIRS,n,2,293.45,2.54,N,2,VIIRS_NOAA20_SP
20.96917,85.16884,306.85,0.58,0.52,2023-10-16,1925,N20,VIIRS,n,2,293.83,2.54,N,2,VIIRS_NOAA20_SP
20.96929,85.12313,304.81,0.59,0.53,2023-10-16,1925,N20,VIIRS,n,2,292.75,1.87,N,0,VIIRS_NOAA20_SP
20.97135,85.01351,336.95,0.6,0.53,2023-10-16,1925,N20,VIIRS,n,2,293.18,5.07,N,0,VIIRS_NOAA20_SP
20.97338,85.17507,308.06,0.58,0.52,2023-10-16,1925,N20,VIIRS,n,2,293.53,2.02,N,2,VIIRS_NOAA20_SP
20.97352,86.00118,305.83,0.52,0.5,2023-10-16,1925,N20,VIIRS,n,2,294.62,2.09,N,2,VIIRS_NOAA20_SP
20.974,85.1694,314.29,0.58,0.52,2023-10-16,1925,N20,VIIRS,n,2,294.29,2.02,N,2,VIIRS_NOAA20_SP
20.97773,85.13554,309.62,0.59,0.53,2023-10-16,1925,N20,VIIRS,n,2,293.71,2.83,N,2,VIIRS_NOAA20_SP
20.98132,85.14746,304.94,0.59,0.52,2023-10-16,1925,N20,VIIRS,n,2,292.85,1.29,N,2,VIIRS_NOAA20_SP
20.9986,86.02463,303.97,0.51,0.5,2023-10-16,1925,N20,VIIRS,n,2,292.25,0.95,N,0,VIIRS_NOAA20_SP
21.00032,86.00981,310.52,0.51,0.5,2023-10-16,1925,N20,VIIRS,n,2,292.8,1.09,N,0,VIIRS_NOAA20_SP
21.08026,85.04036,314.3,0.6,0.53,2023-10-16,1925,N20,VIIRS,n,2,293.64,3.43,N,2,VIIRS_NOAA20_SP
21.08088,85.0346,305.57,0.6,0.53,2023-10-16,1925,N20,VIIRS,n,2,293.87,2.5,N,2,VIIRS_NOAA20_SP
21.25103,79.2176,300.44,0.72,0.75,2023-10-16,1925,N20,VIIRS,n,2,288.12,1.59,N,0,VIIRS_NOAA20_SP
21.31096,81.59043,302.99,0.5,0.66,2023-10-16,1925,N20,VIIRS,n,2,291.05,0.77,N,2,VIIRS_NOAA20_SP
21.3782,81.67914,311.35,0.5,0.66,2023-10-16,1925,N20,VIIRS,n,2,292.44,2.9,N,2,VIIRS_NOAA20_SP
21.39368,81.64128,302.28,0.5,0.66,2023-10-16,1925,N20,VIIRS,n,2,290.13,1.18,N,2,VIIRS_NOAA20_SP
21.4883,81.76524,309.31,0.49,0.65,2023-10-16,1925,N20,VIIRS,n,2,290.97,1.26,N,2,VIIRS_NOAA20_SP
21.68032,84.03543,321.18,0.35,0.57,2023-10-16,1925,N20,VIIRS,n,2,290.07,1.6,N,2,VIIRS_NOAA20_SP
21.68523,84.03949,304.43,0.35,0.57,2023-10-16,1925,N20,VIIRS,n,2,289.58,1.6,N,2,VIIRS_NOAA20_SP
21.73158,82.21172,302.84,0.46,0.64,2023-10-16,1925,N20,VIIRS,n,2,291.65,0.91,N,2,VIIRS_NOAA20_SP
21.73372,83.97915,306.04,0.36,0.57,2023-10-16,1925,N20,VIIRS,n,2,290.72,1.31,N,0,VIIRS_NOAA20_SP
21.75577,84.0239,316.54,0.35,0.57,2023-10-16,1925,N20,VIIRS,n,2,290.74,2.14,N,2,VIIRS_NOAA20_SP
21.75589,84.02453,306.35,0.35,0.57,2023-10-16,1925,N20,VIIRS,n,2,290.21,1.67,N,2,VIIRS_NOAA20_SP
21.75613,84.02041,309.56,0.35,0.57,2023-10-16,1925,N20,VIIRS,n,2,290.6,1.5,N,2,VIIRS_NOAA20_SP
21.75622,84.02103,319.44,0.35,0.57,2023-10-16,1925,N20,VIIRS,n,2,290.8,1.67,N,2,VIIRS_NOAA20_SP
21.75829,83.84068,320.22,0.36,0.58,2023-10-16,1925,N20,VIIRS,n,2,291.46,1.91,N,2,VIIRS_NOAA20_SP
21.76137,84.02107,304.37,0.35,0.57,2023-10-16,1925,N20,VIIRS,n,2,291.1,1.5,N,2,VIIRS_NOAA20_SP
21.76147,84.02171,305.09,0.35,0.57,2023-10-16,1925,N20,VIIRS,n,2,291.11,1.67,N,2,VIIRS_NOAA20_SP
21.7636,83.84127,318.3,0.36,0.58,2023-10-16,1925,N20,VIIRS,n,2,289.36,1.99,N,2,VIIRS_NOAA20_SP
21.76662,84.02171,330.55,0.35,0.57,2023-10-16,1925,N20,VIIRS,n,2,290.73,1.43,N,2,VIIRS_NOAA20_SP
21.76672,84.02234,324.88,0.35,0.57,2023-10-16,1925,N20,VIIRS,n,2,291.07,1.87,N,2,VIIRS_NOAA20_SP
21.76698,84.01824,315.18,0.35,0.57,2023-10-16,1925,N20,VIIRS,n,2,291.48,1.43,N,2,VIIRS_NOAA20_SP
21.76705,84.01888,308.38,0.35,0.57,2023-10-16,1925,N20,VIIRS,n,2,291.39,1.87,N,2,VIIRS_NOAA20_SP
21.76739,84.01538,309.34,0.35,0.57,2023-10-16,1925,N20,VIIRS,n,2,290.94,2.13,N,2,VIIRS_NOAA20_SP
21.77223,84.01884,303.34,0.35,0.57,2023-10-16,1925,N20,VIIRS,n,2,290.97,1.43,N,2,VIIRS_NOAA20_SP
21.87681,83.49454,304.3,0.38,0.59,2023-10-16,1925,N20,VIIRS,n,2,291.56,0.8,N,2,VIIRS_NOAA20_SP
21.92386,83.35087,321.36,0.39,0.6,2023-10-16,1925,N20,VIIRS,n,2,293.13,2.7,N,2,VIIRS_NOAA20_SP
21.92423,83.34705,320.57,0.39,0.6,2023-10-16,1925,N20,VIIRS,n,2,292.28,2.7,N,2,VIIRS_NOAA20_SP
21.92441,83.34977,324.51,0.39,0.6,2023-10-16,1925,N20,VIIRS,n,2,293.27,2.07,N,2,VIIRS_NOAA20_SP
21.92476,83.34593,311.68,0.39,0.6,2023-10-16,1925,N20,VIIRS,n,2,291.52,2.07,N,2,VIIRS_NOAA20_SP
21.92581,83.33434,302.46,0.39,0.6,2023-10-16,1925,N20,VIIRS,n,2,290.55,1.54,N,2,VIIRS_NOAA20_SP
21.92983,85.2189,308.48,0.6,0.53,2023-10-16,1925,N20,VIIRS,n,2,289.4,2.64,N,2,VIIRS_NOAA20_SP
21.93085,83.33614,312.12,0.39,0.6,2023-10-16,1925,N20,VIIRS,n,2,291.0,1.56,N,2,VIIRS_NOAA20_SP
21.98539,83.23142,303.64,0.4,0.6,2023-10-16,1925,N20,VIIRS,n,2,291.56,1.2,N,2,VIIRS_NOAA20_SP
22.0064,82.66677,311.97,0.44,0.62,2023-10-16,1925,N20,VIIRS,n,2,291.94,1.85,N,2,VIIRS_NOAA20_SP
22.00755,82.66909,306.41,0.44,0.62,2023-10-16,1925,N20,VIIRS,n,2,291.88,1.26,N,2,VIIRS_NOAA20_SP
22.00792,82.66477,304.88,0.44,0.62,2023-10-16,1925,N20,VIIRS,n,2,291.25,1.33,N,2,VIIRS_NOAA20_SP
22.0209,83.75149,304.43,0.37,0.58,2023-10-16,1925,N20,VIIRS,n,2,290.64,0.65,N,0,VIIRS_NOAA20_SP
22.0288,95.24854,309.27,0.4,0.37,2023-10-16,1925,N20,VIIRS,n,2,294.65,0.6,N,0,VIIRS_NOAA20_SP
22.03421,83.36291,302.94,0.39,0.6,2023-10-16,1925,N20,VIIRS,n,2,291.36,0.68,N,2,VIIRS_NOAA20_SP
22.03458,83.35913,302.8,0.39,0.6,2023-10-16,1925,N20,VIIRS,n,2,291.47,0.68,N,2,VIIRS_NOAA20_SP
22.0408,83.35226,302.6,0.39,0.6,2023-10-16,1925,N20,VIIRS,n,2,291.28,1.31,N,2,VIIRS_NOAA20_SP
22.04154,83.35014,305.3,0.39,0.6,2023-10-16,1925,N20,VIIRS,n,2,291.05,0.9,N,2,VIIRS_NOAA20_SP
22.04408,83.7357,307.75,0.37,0.58,2023-10-16,1925,N20,VIIRS,n,2,291.1,1.52,N,2,VIIRS_NOAA20_SP
22.0537,88.10064,309.45,0.39,0.44,2023-10-16,1925,N20,VIIRS,n,2,295.5,1.5,N,2,VIIRS_NOAA20_SP
22.05485,88.12409,317.95,0.39,0.44,2023-10-16,1925,N20,VIIRS,n,2,300.59,2.09,N,2,VIIRS_NOAA20_SP
22.05577,88.12229,314.19,0.39,0.44,2023-10-16,1925,N20,VIIRS,n,2,298.79,2.01,N,2,VIIRS_NOAA20_SP
22.06033,88.11326,311.08,0.39,0.44,2023-10-16,1925,N20,VIIRS,n,2,295.48,0.61,N,0,VIIRS_NOAA20_SP
22.06118,88.11142,310.03,0.39,0.44,2023-10-16,1925,N20,VIIRS,n,2,295.56,0.57,N,0,VIIRS_NOAA20_SP
22.10826,83.5231,307.51,0.39,0.59,2023-10-16,1925,N20,VIIRS,n,2,292.05,0.8,N,0,VIIRS_NOAA20_SP
22.10863,83.51929,302.29,0.39,0.59,2023-10-16,1925,N20,VIIRS,n,2,290.67,0.8,N,0,VIIRS_NOAA20_SP
22.21174,84.85902,303.44,0.63,0.54,2023-10-16,1925,N20,VIIRS,n,2,291.18,1.85,N,2,VIIRS_NOAA20_SP
22.21358,84.84039,307.53,0.64,0.54,2023-10-16,1925,N20,VIIRS,n,2,291.18,1.5,N,2,VIIRS_NOAA20_SP
22.21362,84.84011,306.33,0.63,0.54,2023-10-16,1925,N20,VIIRS,n,2,290.54,1.48,N,2,VIIRS_NOAA20_SP
22.32152,82.56376,305.35,0.45,0.63,2023-10-16,1925,N20,VIIRS,n,2,291.57,1.78,N,0,VIIRS_NOAA20_SP
22.3221,82.56264,310.92,0.45,0.63,2023-10-16,1925,N20,VIIRS,n,2,291.85,1.82,N,0,VIIRS_NOAA20_SP
22.32805,82.68218,303.07,0.44,0.62,2023-10-16,1925,N20,VIIRS,n,2,291.2,1.2,N,2,VIIRS_NOAA20_SP
22.32906,82.68544,302.92,0.44,0.62,2023-10-16,1925,N20,VIIRS,n,2,291.1,1.07,N,2,VIIRS_NOAA20_SP
22.33045,82.65647,302.08,0.44,0.62,2023-10-16,1925,N20,VIIRS,n,2,291.2,1.65,N,2,VIIRS_NOAA20_SP
22.33084,82.65225,307.39,0.44,0.62,2023-10-16,1925,N20,VIIRS,n,2,290.94,1.61,N,2,VIIRS_NOAA20_SP
22.33164,82.65564,309.57,0.44,0.62,2023-10-16,1925,N20,VIIRS,n,2,291.77,1.93,N,2,VIIRS_NOAA20_SP
22.33201,82.65141,303.2,0.44,0.62,2023-10-16,1925,N20,VIIRS,n,2,291.1,1.34,N,2,VIIRS_NOAA20_SP
22.35575,96.70396,303.54,0.45,0.39,2023-10-16,1925,N20,VIIRS,n,2,290.95,0.68,N,2,VIIRS_NOAA20_SP
22.36007,87.29025,306.44,0.45,0.47,2023-10-16,1925,N20,VIIRS,n,2,293.15,0.95,N,2,VIIRS_NOAA20_SP
22.36659,87.29791,313.45,0.45,0.47,2023-10-16,1925,N20,VIIRS,n,2,293.06,2.17,N,2,VIIRS_NOAA20_SP
22.36758,87.30006,312.89,0.44,0.46,2023-10-16,1925,N20,VIIRS,n,2,293.31,2.72,N,2,VIIRS_NOAA20_SP
22.37086,87.29851,310.22,0.45,0.47,2023-10-16,1925,N20,VIIRS,n,2,292.73,2.17,N,2,VIIRS_NOAA20_SP
22.37185,87.30064,308.22,0.44,0.46,2023-10-16,1925,N20,VIIRS,n,2,292.83,1.08,N,2,VIIRS_NOAA20_SP
22.3776,87.27745,314.05,0.45,0.47,2023-10-16,1925,N20,VIIRS,n,2,293.02,1.94,N,2,VIIRS_NOAA20_SP
22.37873,87.27964,314.85,0.45,0.47,2023-10-16,1925,N20,VIIRS,n,2,293.41,2.49,N,2,VIIRS_NOAA20_SP
22.48044,90.70893,306.87,0.44,0.39,2023-10-16,1925,N20,VIIRS,n,2,296.63,0.61,N,0,VIIRS_NOAA20_SP
22.5938,85.90411,305.36,0.55,0.51,2023-10-16,1925,N20,VIIRS,n,2,292.03,1.49,N,2,VIIRS_NOAA20_SP
22.78433,86.20334,305.51,0.53,0.5,2023-10-16,1925,N20,VIIRS,n,2,293.35,1.26,N,2,VIIRS_NOAA20_SP
22.78895,86.2039,307.74,0.53,0.5,2023-10-16,1925,N20,VIIRS,n,2,293.81,1.26,N,2,VIIRS_NOAA20_SP
22.78952,86.19873,307.46,0.53,0.5,2023-10-16,1925,N20,VIIRS,n,2,294.26,2.78,N,2,VIIRS_NOAA20_SP
22.79299,86.20959,306.89,0.53,0.5,2023-10-16,1925,N20,VIIRS,n,2,293.01,3.33,N,2,VIIRS_NOAA20_SP
22.7947,86.19417,312.1,0.53,0.5,2023-10-16,1925,N20,VIIRS,n,2,293.93,1.99,N,2,VIIRS_NOAA20_SP
22.79818,86.20502,330.81,0.53,0.5,2023-10-16,1925,N20,VIIRS,n,2,293.3,3.33,N,2,VIIRS_NOAA20_SP
22.79875,86.19986,305.42,0.53,0.5,2023-10-16,1925,N20,VIIRS,n,2,293.4,1.99,N,2,VIIRS_NOAA20_SP
22.80156,86.08973,313.15,0.54,0.51,2023-10-16,1925,N20,VIIRS,n,2,294.21,1.86,N,2,VIIRS_NOAA20_SP
22.86035,86.05546,302.9,0.54,0.51,2023-10-16,1925,N20,VIIRS,n,2,291.83,0.77,N,2,VIIRS_NOAA20_SP
22.87377,86.06254,309.99,0.54,0.51,2023-10-16,1925,N20,VIIRS,n,2,292.11,1.17,N,2,VIIRS_NOAA20_SP
22.9115,88.46804,313.76,0.39,0.44,2023-10-16,1925,N20,VIIRS,n,2,296.12,1.63,N,0,VIIRS_NOAA20_SP
23.55092,87.24187,316.13,0.46,0.47,2023-10-16,1925,N20,VIIRS,n,2,292.08,2.17,N,3,VIIRS_NOAA20_SP
23.55229,87.24021,313.94,0.46,0.47,2023-10-16,1925,N20,VIIRS,n,2,291.44,4.37,N,2,VIIRS_NOAA20_SP
23.55527,87.24248,309.99,0.46,0.47,2023-10-16,1925,N20,VIIRS,n,2,292.53,2.17,N,3,VIIRS_NOAA20_SP
23.56015,87.23853,310.89,0.46,0.47,2023-10-16,1925,N20,VIIRS,n,2,291.25,1.67,N,2,VIIRS_NOAA20_SP
23.5615,87.23684,313.44,0.46,0.47,2023-10-16,1925,N20,VIIRS,n,2,291.91,1.33,N,2,VIIRS_NOAA20_SP
23.61435,86.79052,310.35,0.5,0.49,2023-10-16,1925,N20,VIIRS,n,2,293.35,1.2,N,2,VIIRS_NOAA20_SP
23.61666,86.78861,313.65,0.5,0.49,2023-10-16,1925,N20,VIIRS,n,2,294.14,2.06,N,2,VIIRS_NOAA20_SP
23.66891,84.99609,313.08,0.32,0.55,2023-10-16,1925,N20,VIIRS,n,2,291.3,1.13,N,2,VIIRS_NOAA20_SP
23.66923,84.99294,301.8,0.32,0.55,2023-10-16,1925,N20,VIIRS,n,2,289.46,1.13,N,2,VIIRS_NOAA20_SP
23.67243,86.41717,312.56,0.52,0.5,2023-10-16,1925,N20,VIIRS,n,2,293.19,1.94,N,0,VIIRS_NOAA20_SP
23.67643,86.08478,306.82,0.55,0.51,2023-10-16,1925,N20,VIIRS,n,2,293.47,2.03,N,2,VIIRS_NOAA20_SP
23.67831,86.08694,304.72,0.55,0.51,2023-10-16,1925,N20,VIIRS,n,2,293.57,2.43,N,2,VIIRS_NOAA20_SP
23.6792,86.3972,307.27,0.53,0.5,2023-10-16,1925,N20,VIIRS,n,2,294.19,2.1,N,2,VIIRS_NOAA20_SP
23.68055,86.09075,303.28,0.55,0.51,2023-10-16,1925,N20,VIIRS,n,2,292.76,2.68,N,2,VIIRS_NOAA20_SP
23.68246,86.09292,337.02,0.55,0.51,2023-10-16,1925,N20,VIIRS,n,2,293.47,6.71,N,2,VIIRS_NOAA20_SP
23.68357,86.08208,317.28,0.55,0.51,2023-10-16,1925,N20,VIIRS,n,2,292.96,2.4,N,2,VIIRS_NOAA20_SP
23.68436,86.39263,312.34,0.53,0.5,2023-10-16,1925,N20,VIIRS,n,2,294.13,2.1,N,2,VIIRS_NOAA20_SP
23.68525,86.0913,338.99,0.55,0.51,2023-10-16,1925,N20,VIIRS,n,2,294.07,2.68,N,2,VIIRS_NOAA20_SP
23.68584,86.08591,303.89,0.55,0.51,2023-10-16,1925,N20,VIIRS,n,2,292.89,2.68,N,2,VIIRS_NOAA20_SP
23.68643,86.08047,317.74,0.55,0.51,2023-10-16,1925,N20,VIIRS,n,2,292.79,2.32,N,2,VIIRS_NOAA20_SP
23.68772,86.0881,305.45,0.55,0.51,2023-10-16,1925,N20,VIIRS,n,2,293.21,2.4,N,0,VIIRS_NOAA20_SP
23.68952,86.38801,309.14,0.53,0.5,2023-10-16,1925,N20,VIIRS,n,2,294.46,2.05,N,2,VIIRS_NOAA20_SP
23.69009,87.12099,313.93,0.47,0.48,2023-10-16,1925,N20,VIIRS,n,2,292.8,2.43,N,2,VIIRS_NOAA20_SP
23.69263,87.09777,308.21,0.48,0.48,2023-10-16,1925,N20,VIIRS,n,2,292.93,2.34,N,2,VIIRS_NOAA20_SP
23.69449,87.12163,316.76,0.47,0.48,2023-10-16,1925,N20,VIIRS,n,2,293.34,2.43,N,2,VIIRS_NOAA20_SP
23.72075,86.44477,311.42,0.52,0.5,2023-10-16,1925,N20,VIIRS,n,2,294.91,1.82,N,2,VIIRS_NOAA20_SP
23.72131,86.43961,307.63,0.52,0.5,2023-10-16,1925,N20,VIIRS,n,2,293.0,1.82,N,2,VIIRS_NOAA20_SP
23.72591,86.44023,310.1,0.52,0.5,2023-10-16,1925,N20,VIIRS,n,2,294.08,1.82,N,2,VIIRS_NOAA20_SP
23.72856,85.00365,301.42,0.32,0.55,2023-10-16,1925,N20,VIIRS,n,2,289.69,0.53,N,2,VIIRS_NOAA20_SP
23.73679,86.42603,307.06,0.52,0.5,2023-10-16,1925,N20,VIIRS,n,2,292.83,1.85,N,2,VIIRS_NOAA20_SP
23.73712,85.02054,306.18,0.32,0.55,2023-10-16,1925,N20,VIIRS,n,2,291.73,1.17,N,2,VIIRS_NOAA20_SP
23.73834,85.00809,301.86,0.32,0.55,2023-10-16,1925,N20,VIIRS,n,2,291.73,1.5,N,2,VIIRS_NOAA20_SP
23.73865,85.00496,301.29,0.32,0.55,2023-10-16,1925,N20,VIIRS,n,2,290.23,0.59,N,2,VIIRS_NOAA20_SP
23.748,85.50597,302.65,0.6,0.53,2023-10-16,1925,N20,VIIRS,n,2,291.67,1.58,N,2,VIIRS_NOAA20_SP
23.75156,86.41372,305.09,0.53,0.5,2023-10-16,1925,N20,VIIRS,n,2,292.88,1.25,N,2,VIIRS_NOAA20_SP
23.75172,86.41764,313.87,0.53,0.5,2023-10-16,1925,N20,VIIRS,n,2,294.12,3.07,N,2,VIIRS_NOAA20_SP
23.75724,86.40394,305.21,0.53,0.5,2023-10-16,1925,N20,VIIRS,n,2,293.4,1.67,N,2,VIIRS_NOAA20_SP
23.75779,86.39869,306.41,0.53,0.5,2023-10-16,1925,N20,VIIRS,n,2,294.55,1.67,N,2,VIIRS_NOAA20_SP
23.75804,86.40271,312.74,0.53,0.5,2023-10-16,1925,N20,VIIRS,n,2,293.79,2.52,N,2,VIIRS_NOAA20_SP
23.75833,86.39348,305.05,0.53,0.5,2023-10-16,1925,N20,VIIRS,n,2,293.01,3.2,N,2,VIIRS_NOAA20_SP
23.75862,86.39745,314.78,0.53,0.5,2023-10-16,1925,N20,VIIRS,n,2,294.18,3.22,N,2,VIIRS_NOAA20_SP
23.76,85.85183,311.5,0.57,0.52,2023-10-16,1925,N20,VIIRS,n,2,293.56,2.35,N,2,VIIRS_NOAA20_SP
23.76239,86.39935,314.86,0.53,0.5,2023-10-16,1925,N20,VIIRS,n,2,294.58,1.67,N,2,VIIRS_NOAA20_SP
23.76264,86.40336,304.66,0.53,0.5,2023-10-16,1925,N20,VIIRS,n,2,293.59,1.82,N,0,VIIRS_NOAA20_SP
23.76381,86.3929,307.9,0.53,0.5,2023-10-16,1925,N20,VIIRS,n,2,295.66,3.07,N,2,VIIRS_NOAA20_SP
23.76754,86.39477,310.53,0.53,0.5,2023-10-16,1925,N20,VIIRS,n,2,295.8,2.14,N,2,VIIRS_NOAA20_SP
23.76808,86.3896,312.83,0.53,0.5,2023-10-16,1925,N20,VIIRS,n,2,296.34,2.14,N,2,VIIRS_NOAA20_SP
23.76841,86.39355,315.17,0.53,0.5,2023-10-16,1925,N20,VIIRS,n,2,296.6,3.07,N,2,VIIRS_NOAA20_SP
23.76899,86.38838,306.68,0.53,0.5,2023-10-16,1925,N20,VIIRS,n,2,295.19,3.57,N,2,VIIRS_NOAA20_SP
23.7697,86.37406,311.47,0.53,0.5,2023-10-16,1925,N20,VIIRS,n,2,295.68,2.78,N,2,VIIRS_NOAA20_SP
23.77071,86.37286,308.47,0.53,0.5,2023-10-16,1925,N20,VIIRS,n,2,294.8,3.47,N,0,VIIRS_NOAA20_SP
23.77215,86.39542,305.11,0.53,0.5,2023-10-16,1925,N20,VIIRS,n,2,294.19,2.14,N,2,VIIRS_NOAA20_SP
23.77323,86.3851,305.3,0.53,0.5,2023-10-16,1925,N20,VIIRS,n,2,294.33,2.83,N,2,VIIRS_NOAA20_SP
23.77366,86.19818,304.39,0.54,0.51,2023-10-16,1925,N20,VIIRS,n,2,293.71,1.64,N,2,VIIRS_NOAA20_SP
23.77593,86.19734,304.46,0.54,0.51,2023-10-16,1925,N20,VIIRS,n,2,293.99,2.43,N,2,VIIRS_NOAA20_SP
23.7773,86.39095,314.51,0.53,0.5,2023-10-16,1925,N20,VIIRS,n,2,295.28,4.5,N,2,VIIRS_NOAA20_SP
23.77784,86.38577,322.1,0.53,0.5,2023-10-16,1925,N20,VIIRS,n,2,294.85,2.67,N,2,VIIRS_NOAA20_SP
23.78001,86.20336,306.2,0.54,0.51,2023-10-16,1925,N20,VIIRS,n,2,294.24,4.14,N,2,VIIRS_NOAA20_SP
23.78191,86.39159,329.67,0.53,0.5,2023-10-16,1925,N20,VIIRS,n,2,296.81,4.5,N,2,VIIRS_NOAA20_SP
23.78222,86.34385,315.03,0.53,0.5,2023-10-16,1925,N20,VIIRS,n,2,294.05,2.76,N,2,VIIRS_NOAA20_SP
23.78245,86.20491,326.85,0.54,0.51,2023-10-16,1925,N20,VIIRS,n,2,295.91,5.47,N,2,VIIRS_NOAA20_SP
23.78245,86.38642,310.94,0.53,0.5,2023-10-16,1925,N20,VIIRS,n,2,293.84,2.67,N,2,VIIRS_NOAA20_SP
23.78408,86.20937,317.57,0.54,0.51,2023-10-16,1925,N20,VIIRS,n,2,295.24,2.07,N,2,VIIRS_NOAA20_SP
23.78467,86.20406,306.4,0.54,0.51,2023-10-16,1925,N20,VIIRS,n,2,293.65,2.07,N,2,VIIRS_NOAA20_SP
23.78794,86.33405,310.87,0.53,0.5,2023-10-16,1925,N20,VIIRS,n,2,295.92,3.28,N,2,VIIRS_NOAA20_SP
23.79554,86.351,321.36,0.53,0.5,2023-10-16,1925,N20,VIIRS,n,2,295.32,4.23,N,2,VIIRS_NOAA20_SP
23.8008,87.04733,308.97,0.48,0.48,2023-10-16,1925,N20,VIIRS,n,2,294.3,1.56,N,2,VIIRS_NOAA20_SP
23.80093,87.05068,306.8,0.48,0.48,2023-10-16,1925,N20,VIIRS,n,2,294.37,2.31,N,2,VIIRS_NOAA20_SP
23.80127,86.34119,306.15,0.53,0.5,2023-10-16,1925,N20,VIIRS,n,2,295.04,2.42,N,2,VIIRS_NOAA20_SP
23.80293,86.32549,307.6,0.53,0.5,2023-10-16,1925,N20,VIIRS,n,2,294.36,2.15,N,2,VIIRS_NOAA20_SP
23.80756,86.32607,309.09,0.53,0.5,2023-10-16,1925,N20,VIIRS,n,2,294.47,2.15,N,2,VIIRS_NOAA20_SP
23.80868,86.31546,308.66,0.53,0.5,2023-10-16,1925,N20,VIIRS,n,2,295.41,2.95,N,2,VIIRS_NOAA20_SP
23.8091,84.845,303.43,0.33,0.55,2023-10-16,1925,N20,VIIRS,n,2,291.23,0.76,N,2,VIIRS_NOAA20_SP
23.81615,84.84506,301.6,0.33,0.55,2023-10-16,1925,N20,VIIRS,n,2,291.46,1.11,N,0,VIIRS_NOAA20_SP
24.20931,82.70982,319.62,0.46,0.63,2023-10-16,1925,N20,VIIRS,n,2,287.06,3.19,N,2,VIIRS_NOAA20_SP
24.21009,82.70928,313.72,0.46,0.63,2023-10-16,1925,N20,VIIRS,n,2,286.31,3.04,N,2,VIIRS_NOAA20_SP
15.98958,97.68517,303.08,0.42,0.45,2023-10-16,1926,N20,VIIRS,n,2,286.37,0.45,N,2,VIIRS_NOAA20_SP
19.92231,79.10909,303.94,0.71,0.75,2023-10-16,1926,N20,VIIRS,n,2,291.76,1.18,N,2,VIIRS_NOAA20_SP
19.96699,79.33041,315.25,0.68,0.74,2023-10-16,1926,N20,VIIRS,n,2,291.32,2.24,N,2,VIIRS_NOAA20_SP
19.96789,79.32974,314.46,0.68,0.74,2023-10-16,1926,N20,VIIRS,n,2,290.92,1.76,N,0,VIIRS_NOAA20_SP
32.29317,70.73247,296.49,0.38,0.36,2023-10-16,2103,N20,VIIRS,n,2,282.21,0.37,N,2,VIIRS_NOAA20_SP
32.2938,70.72843,297.29,0.38,0.36,2023-10-16,2103,N20,VIIRS,n,2,283.52,0.37,N,2,VIIRS_NOAA20_SP
29.12577,75.77604,296.43,0.39,0.44,2023-10-16,2104,N20,VIIRS,n,2,281.83,0.49,N,2,VIIRS_NOAA20_SP
22.00559,82.66496,303.47,0.73,0.76,2023-10-16,2105,N20,VIIRS,n,2,288.98,2.6,N,2,VIIRS_NOAA20_SP
22.00559,82.66653,308.7,0.73,0.76,2023-10-16,2105,N20,VIIRS,n,2,289.74,2.51,N,2,VIIRS_NOAA20_SP
22.31716,82.52747,301.02,0.71,0.75,2023-10-16,2105,N20,VIIRS,n,2,289.35,1.61,N,0,VIIRS_NOAA20_SP
22.32874,82.59538,300.2,0.71,0.75,2023-10-16,2105,N20,VIIRS,n,2,289.3,1.12,N,0,VIIRS_NOAA20_SP
22.32974,82.596,299.96,0.71,0.75,2023-10-16,2105,N20,VIIRS,n,2,289.2,1.17,N,0,VIIRS_NOAA20_SP
23.17115,82.34066,299.01,0.66,0.73,2023-10-16,2105,N20,VIIRS,n,2,287.45,0.93,N,2,VIIRS_NOAA20_SP
24.61816,74.70776,307.26,0.41,0.45,2023-10-16,2105,N20,VIIRS,n,2,290.39,0.98,N,0,VIIRS_NOAA20_SP
24.66216,74.6349,308.62,0.41,0.45,2023-10-16,2105,N20,VIIRS,n,2,294.82,1.13,N,2,VIIRS_NOAA20_SP
24.66293,74.63095,303.93,0.41,0.45,2023-10-16,2105,N20,VIIRS,n,2,293.12,1.13,N,2,VIIRS_NOAA20_SP
24.69134,74.67864,303.85,0.41,0.45,2023-10-16,2105,N20,VIIRS,n,2,293.27,0.82,N,0,VIIRS_NOAA20_SP
24.6916,74.67921,303.82,0.41,0.45,2023-10-16,2105,N20,VIIRS,n,2,293.73,1.06,N,0,VIIRS_NOAA20_SP
24.69184,73.00264,309.28,0.5,0.41,2023-10-16,2105,N20,VIIRS,n,2,293.75,1.52,N,2,VIIRS_NOAA20_SP
24.9323,74.63427,302.97,0.4,0.45,2023-10-16,2105,N20,VIIRS,n,2,292.79,0.95,N,2,VIIRS_NOAA20_SP
25.4024,68.56552,334.45,0.39,0.36,2023-10-16,2105,N20,VIIRS,n,2,295.61,3.49,N,2,VIIRS_NOAA20_SP
25.45684,76.07249,300.62,0.48,0.48,2023-10-16,2105,N20,VIIRS,n,2,289.34,0.57,N,0,VIIRS_NOAA20_SP
26.09138,68.88219,306.65,0.38,0.36,2023-10-16,2105,N20,VIIRS,n,2,294.19,0.78,N,2,VIIRS_NOAA20_SP
28.05361,69.36882,323.43,0.38,0.36,2023-10-16,2105,N20,VIIRS,n,2,292.33,1.43,N,2,VIIRS_NOAA20_SP
19.78648,79.14594,308.68,0.49,0.65,2023-10-16,2106,N20,VIIRS,n,2,293.17,1.49,N,2,VIIRS_NOAA20_SP
19.79063,79.14613,303.98,0.49,0.65,2023-10-16,2106,N20,VIIRS,n,2,292.52,1.55,N,2,VIIRS_NOAA20_SP
19.92023,79.11004,303.64,0.48,0.65,2023-10-16,2106,N20,VIIRS,n,2,292.35,1.27,N,0,VIIRS_NOAA20_SP
19.92146,79.11271,306.75,0.48,0.65,2023-10-16,2106,N20,VIIRS,n,2,293.22,0.99,N,2,VIIRS_NOAA20_SP
20.0072,79.18069,302.45,0.49,0.65,2023-10-16,2106,N20,VIIRS,n,2,291.89,0.85,N,0,VIIRS_NOAA20_SP
20.91196,71.45915,312.95,0.47,0.4,2023-10-16,2106,N20,VIIRS,n,2,295.91,2.16,N,2,VIIRS_NOAA20_SP
21.10245,72.63542,318.75,0.54,0.42,2023-10-16,2106,N20,VIIRS,n,2,287.62,5.53,N,2,VIIRS_NOAA20_SP
21.10823,72.64732,313.96,0.54,0.42,2023-10-16,2106,N20,VIIRS,n,2,292.88,6.08,N,2,VIIRS_NOAA20_SP
21.31024,81.589,301.36,0.65,0.73,2023-10-16,2106,N20,VIIRS,n,2,290.1,0.64,N,2,VIIRS_NOAA20_SP
21.37642,81.67923,307.53,0.66,0.73,2023-10-16,2106,N20,VIIRS,n,2,290.17,2.4,N,2,VIIRS_NOAA20_SP
21.37802,81.63692,301.11,0.65,0.73,2023-10-16,2106,N20,VIIRS,n,2,289.55,2.46,N,2,VIIRS_NOAA20_SP
21.37871,81.6411,303.09,0.65,0.73,2023-10-16,2106,N20,VIIRS,n,2,290.15,2.34,N,2,VIIRS_NOAA20_SP
21.3917,81.64478,307.66,0.65,0.73,2023-10-16,2106,N20,VIIRS,n,2,290.15,2.24,N,2,VIIRS_NOAA20_SP
21.48575,81.76483,303.5,0.66,0.73,2023-10-16,2106,N20,VIIRS,n,2,288.83,1.01,N,2,VIIRS_NOAA20_SP
21.4896,81.76656,306.68,0.66,0.73,2023-10-16,2106,N20,VIIRS,n,2,289.23,1.73,N,2,VIIRS_NOAA20_SP
21.67235,82.07941,303.49,0.68,0.74,2023-10-16,2106,N20,VIIRS,n,2,289.43,1.19,N,2,VIIRS_NOAA20_SP
21.75889,71.94872,304.78,0.49,0.4,2023-10-16,2106,N20,VIIRS,n,2,292.84,0.86,N,0,VIIRS_NOAA20_SP
21.7879,72.13735,308.52,0.5,0.41,2023-10-16,2106,N20,VIIRS,n,2,293.24,2.33,N,0,VIIRS_NOAA20_SP
22.26379,75.13336,311.11,0.48,0.48,2023-10-16,2106,N20,VIIRS,n,2,292.27,2.04,N,2,VIIRS_NOAA20_SP
22.33171,69.74933,308.98,0.4,0.37,2023-10-16,2106,N20,VIIRS,n,2,297.6,1.61,N,2,VIIRS_NOAA20_SP
22.92285,70.10635,307.47,0.4,0.37,2023-10-16,2106,N20,VIIRS,n,2,294.12,1.17,N,0,VIIRS_NOAA20_SP
22.92621,70.107,335.14,0.4,0.37,2023-10-16,2106,N20,VIIRS,n,2,295.31,3.83,N,0,VIIRS_NOAA20_SP
22.92648,69.82464,306.99,0.4,0.37,2023-10-16,2106,N20,VIIRS,n,2,295.03,0.98,N,2,VIIRS_NOAA20_SP
22.9334,69.69949,305.82,0.4,0.37,2023-10-16,2106,N20,VIIRS,n,2,294.03,1.11,N,2,VIIRS_NOAA20_SP
22.93736,69.69631,313.63,0.4,0.37,2023-10-16,2106,N20,VIIRS,n,2,294.26,1.11,N,2,VIIRS_NOAA20_SP
23.01507,70.10336,312.57,0.4,0.37,2023-10-16,2106,N20,VIIRS,n,2,295.55,1.42,N,2,VIIRS_NOAA20_SP
23.10628,70.18925,309.71,0.41,0.37,2023-10-16,2106,N20,VIIRS,n,2,295.9,1.33,N,2,VIIRS_NOAA20_SP
23.25716,70.25031,306.6,0.41,0.37,2023-10-16,2106,N20,VIIRS,n,2,293.87,0.89,N,2,VIIRS_NOAA20_SP
23.2639,70.25161,321.52,0.41,0.37,2023-10-16,2106,N20,VIIRS,n,2,294.91,1.23,N,2,VIIRS_NOAA20_SP
23.2666,70.25619,305.92,0.41,0.37,2023-10-16,2106,N20,VIIRS,n,2,294.61,1.23,N,2,VIIRS_NOAA20_SP
23.31409,70.20085,305.19,0.4,0.37,2023-10-16,2106,N20,VIIRS,n,2,294.59,0.75,N,2,VIIRS_NOAA20_SP
23.31606,70.4856,315.79,0.41,0.37,2023-10-16,2106,N20,VIIRS,n,2,295.44,1.13,N,2,VIIRS_NOAA20_SP
23.43043,68.71117,307.29,0.38,0.36,2023-10-16,2106,N20,VIIRS,n,2,295.06,0.76,N,2,VIIRS_NOAA20_SP
23.4994,68.57772,306.29,0.38,0.36,2023-10-16,2106,N20,VIIRS,n,2,295.91,0.68,N,0,VIIRS_NOAA20_SP
16.20671,75.29572,302.62,0.32,0.55,2023-10-16,2107,N20,VIIRS,n,2,288.69,0.49,N,0,VIIRS_NOAA20_SP
17.16131,77.29163,303.71,0.42,0.61,2023-10-16,2107,N20,VIIRS,n,2,290.71,1.08,N,0,VIIRS_NOAA20_SP
17.16206,77.29175,302.28,0.42,0.61,2023-10-16,2107,N20,VIIRS,n,2,290.1,0.82,N,0,VIIRS_NOAA20_SP
17.58484,80.69696,301.87,0.68,0.74,2023-10-16,2107,N20,VIIRS,n,2,286.76,1.11,N,0,VIIRS_NOAA20_SP
18.6836,73.03345,306.56,0.42,0.45,2023-10-16,2107,N20,VIIRS,n,2,294.08,1.79,N,2,VIIRS_NOAA20_SP
18.68433,73.02958,306.49,0.42,0.45,2023-10-16,2107,N20,VIIRS,n,2,293.63,1.79,N,2,VIIRS_NOAA20_SP
18.69105,73.03899,312.33,0.42,0.45,2023-10-16,2107,N20,VIIRS,n,2,293.84,3.4,N,2,VIIRS_NOAA20_SP
19.06841,73.13556,312.55,0.42,0.45,2023-10-16,2107,N20,VIIRS,n,2,293.79,2.16,N,0,VIIRS_NOAA20_SP
19.24734,75.87376,305.53,0.62,0.54,2023-10-16,2107,N20,VIIRS,n,2,288.56,1.72,N,0,VIIRS_NOAA20_SP
15.17669,76.65773,319.85,0.42,0.61,2023-10-16,2108,N20,VIIRS,n,2,287.79,2.92,N,2,VIIRS_NOAA20_SP
15.17746,76.65394,308.49,0.42,0.61,2023-10-16,2108,N20,VIIRS,n,2,286.53,1.55,N,2,VIIRS_NOAA20_SP
15.33327,76.28328,303.22,0.39,0.59,2023-10-16,2108,N20,VIIRS,n,2,283.55,0.96,N,2,VIIRS_NOAA20_SP
18.47521,94.36124,331.22,0.56,0.43,2023-10-17,636,N20,VIIRS,n,2,294.04,3.3,D,0,VIIRS_NOAA20_SP
20.96838,85.02149,337.21,0.65,0.73,2023-10-17,637,N20,VIIRS,n,2,291.09,7.41,D,0,VIIRS_NOAA20_SP
21.09897,92.86308,329.61,0.41,0.45,2023-10-17,637,N20,VIIRS,n,2,298.54,3.03,D,0,VIIRS_NOAA20_SP
21.95584,95.9642,331.13,0.42,0.38,2023-10-17,637,N20,VIIRS,n,2,300.91,1.08,D,0,VIIRS_NOAA20_SP
22.52093,97.01883,328.25,0.39,0.37,2023-10-17,637,N20,VIIRS,n,2,300.48,1.1,D,0,VIIRS_NOAA20_SP
22.4736,91.73534,328.21,0.46,0.47,2023-10-17,638,N20,VIIRS,l,2,301.47,3.58,D,2,VIIRS_NOAA20_SP
22.79564,86.20786,367.0,0.5,0.66,2023-10-17,638,N20,VIIRS,h,2,294.47,14.16,D,2,VIIRS_NOAA20_SP
23.45392,87.17208,328.73,0.42,0.61,2023-10-17,638,N20,VIIRS,n,2,292.56,2.31,D,0,VIIRS_NOAA20_SP
23.68158,86.09631,338.73,0.49,0.65,2023-10-17,638,N20,VIIRS,n,2,293.13,4.94,D,2,VIIRS_NOAA20_SP
23.78023,86.39291,328.81,0.46,0.64,2023-10-17,638,N20,VIIRS,n,2,296.6,10.19,D,2,VIIRS_NOAA20_SP
23.91187,97.0167,329.18,0.39,0.36,2023-10-17,638,N20,VIIRS,n,2,297.83,2.16,D,0,VIIRS_NOAA20_SP
24.20782,97.16776,333.73,0.39,0.36,2023-10-17,638,N20,VIIRS,n,2,299.58,9.29,D,3,VIIRS_NOAA20_SP
24.70116,96.6719,328.28,0.39,0.36,2023-10-17,638,N20,VIIRS,n,2,298.94,2.01,D,0,VIIRS_NOAA20_SP
24.78614,94.06548,332.74,0.47,0.4,2023-10-17,638,N20,VIIRS,n,2,300.4,5.01,D,0,VIIRS_NOAA20_SP
24.89717,97.0743,334.16,0.39,0.36,2023-10-17,638,N20,VIIRS,n,2,302.62,2.46,D,0,VIIRS_NOAA20_SP
24.91695,97.07059,331.51,0.39,0.36,2023-10-17,638,N20,VIIRS,n,2,300.41,2.26,D,0,VIIRS_NOAA20_SP
25.48488,97.1162,333.79,0.39,0.36,2023-10-17,638,N20,VIIRS,n,2,302.61,11.51,D,0,VIIRS_NOAA20_SP
25.68436,96.62691,327.64,0.39,0.36,2023-10-17,638,N20,VIIRS,l,2,300.12,1.89,D,0,VIIRS_NOAA20_SP
25.75395,96.63728,327.23,0.39,0.36,2023-10-17,638,N20,VIIRS,n,2,300.91,1.59,D,0,VIIRS_NOAA20_SP
25.83619,96.64126,327.6,0.39,0.36,2023-10-17,638,N20,VIIRS,n,2,298.26,1.4,D,0,VIIRS_NOAA20_SP
25.86071,96.64485,331.9,0.39,0.36,2023-10-17,638,N20,VIIRS,n,2,300.11,3.81,D,0,VIIRS_NOAA20_SP
26.30346,96.93428,328.54,0.38,0.36,2023-10-17,638,N20,VIIRS,n,2,298.45,2.28,D,0,VIIRS_NOAA20_SP
26.37704,96.59711,328.71,0.39,0.36,2023-10-17,638,N20,VIIRS,n,2,297.78,1.99,D,0,VIIRS_NOAA20_SP
26.9171,92.3679,326.16,0.53,0.42,2023-10-17,639,N20,VIIRS,n,2,297.1,2.56,D,0,VIIRS_NOAA20_SP
26.92867,93.31416,327.89,0.48,0.4,2023-10-17,639,N20,VIIRS,n,2,296.43,2.73,D,0,VIIRS_NOAA20_SP
26.92894,93.31703,327.21,0.48,0.4,2023-10-17,639,N20,VIIRS,n,2,296.68,2.47,D,0,VIIRS_NOAA20_SP
27.61775,96.28539,328.15,0.39,0.36,2023-10-17,639,N20,VIIRS,n,2,297.37,1.87,D,0,VIIRS_NOAA20_SP
27.62373,96.28017,332.86,0.39,0.36,2023-10-17,639,N20,VIIRS,n,2,297.62,2.68,D,0,VIIRS_NOAA20_SP
27.65681,96.27375,330.72,0.39,0.36,2023-10-17,639,N20,VIIRS,n,2,297.07,2.9,D,0,VIIRS_NOAA20_SP
27.72573,96.28014,326.71,0.39,0.36,2023-10-17,639,N20,VIIRS,n,2,298.08,1.46,D,0,VIIRS_NOAA20_SP
27.72963,96.28336,332.88,0.39,0.36,2023-10-17,639,N20,VIIRS,n,2,299.21,2.23,D,0,VIIRS_NOAA20_SP
27.74583,96.30019,328.8,0.39,0.36,2023-10-17,639,N20,VIIRS,n,2,296.61,2.18,D,0,VIIRS_NOAA20_SP
27.74792,96.29177,334.26,0.39,0.36,2023-10-17,639,N20,VIIRS,n,2,298.29,3.24,D,0,VIIRS_NOAA20_SP
27.7693,95.99387,325.48,0.39,0.36,2023-10-17,639,N20,VIIRS,n,2,295.82,1.47,D,0,VIIRS_NOAA20_SP
27.77237,96.07791,327.32,0.39,0.36,2023-10-17,639,N20,VIIRS,n,2,299.02,1.14,D,0,VIIRS_NOAA20_SP
27.78965,96.33942,330.98,0.39,0.36,2023-10-17,639,N20,VIIRS,n,2,297.68,2.51,D,0,VIIRS_NOAA20_SP
27.89295,96.78987,343.84,0.38,0.36,2023-10-17,639,N20,VIIRS,n,2,293.51,6.6,D,0,VIIRS_NOAA20_SP
27.89505,96.78154,331.36,0.38,0.36,2023-10-17,639,N20,VIIRS,n,2,297.82,3.97,D,0,VIIRS_NOAA20_SP
27.94676,96.69601,335.48,0.38,0.36,2023-10-17,639,N20,VIIRS,n,2,293.12,1.99,D,0,VIIRS_NOAA20_SP
27.95141,96.77071,330.89,0.38,0.36,2023-10-17,639,N20,VIIRS,n,2,297.18,2.07,D,0,VIIRS_NOAA20_SP
27.98785,96.7438,330.52,0.38,0.36,2023-10-17,639,N20,VIIRS,n,2,296.21,6.26,D,0,VIIRS_NOAA20_SP
28.02665,96.13673,331.9,0.39,0.36,2023-10-17,639,N20,VIIRS,n,2,296.9,3.43,D,0,VIIRS_NOAA20_SP
28.02796,96.65239,337.16,0.38,0.36,2023-10-17,639,N20,VIIRS,n,2,296.13,4.33,D,0,VIIRS_NOAA20_SP
28.0352,95.50568,326.35,0.4,0.37,2023-10-17,639,N20,VIIRS,n,2,296.12,1.06,D,0,VIIRS_NOAA20_SP
28.04166,96.14589,331.46,0.39,0.36,2023-10-17,639,N20,VIIRS,n,2,296.52,2.18,D,0,VIIRS_NOAA20_SP
28.075,95.52288,327.0,0.39,0.37,2023-10-17,639,N20,VIIRS,n,2,296.64,2.1,D,0,VIIRS_NOAA20_SP
28.07722,95.57501,330.13,0.39,0.36,2023-10-17,639,N20,VIIRS,n,2,297.48,3.02,D,0,VIIRS_NOAA20_SP
28.07832,95.5222,329.63,0.39,0.37,2023-10-17,639,N20,VIIRS,n,2,296.14,1.92,D,0,VIIRS_NOAA20_SP
28.08913,95.48302,344.78,0.4,0.37,2023-10-17,639,N20,VIIRS,n,2,298.67,5.08,D,0,VIIRS_NOAA20_SP
28.09181,95.47836,333.42,0.4,0.37,2023-10-17,639,N20,VIIRS,n,2,299.48,4.76,D,0,VIIRS_NOAA20_SP
28.093,95.50688,327.3,0.39,0.37,2023-10-17,639,N20,VIIRS,n,2,296.65,1.98,D,0,VIIRS_NOAA20_SP
28.09685,96.52373,330.53,0.38,0.36,2023-10-17,639,N20,VIIRS,n,2,295.18,5.54,D,0,VIIRS_NOAA20_SP
28.099,95.50155,340.41,0.39,0.37,2023-10-17,639,N20,VIIRS,n,2,297.95,5.57,D,0,VIIRS_NOAA20_SP
28.10014,96.52306,330.45,0.38,0.36,2023-10-17,639,N20,VIIRS,n,2,292.79,6.22,D,0,VIIRS_NOAA20_SP
28.10233,95.50087,345.02,0.39,0.37,2023-10-17,639,N20,VIIRS,n,2,296.69,5.09,D,0,VIIRS_NOAA20_SP
28.11348,95.52734,340.24,0.39,0.37,2023-10-17,639,N20,VIIRS,n,2,298.4,7.18,D,0,VIIRS_NOAA20_SP
28.14629,96.53401,333.0,0.38,0.36,2023-10-17,639,N20,VIIRS,n,2,292.82,3.18,D,0,VIIRS_NOAA20_SP
28.16003,96.53535,325.93,0.38,0.36,2023-10-17,639,N20,VIIRS,n,2,293.48,1.46,D,0,VIIRS_NOAA20_SP
9.27866,77.87473,341.12,0.41,0.37,2023-10-17,815,N20,VIIRS,n,2,300.98,3.79,D,0,VIIRS_NOAA20_SP
12.09726,77.3168,334.01,0.41,0.37,2023-10-17,816,N20,VIIRS,n,2,299.18,4.91,D,0,VIIRS_NOAA20_SP
12.21674,76.79086,333.38,0.4,0.37,2023-10-17,816,N20,VIIRS,n,2,296.16,2.09,D,0,VIIRS_NOAA20_SP
12.61308,77.76375,332.76,0.43,0.38,2023-10-17,816,N20,VIIRS,n,2,296.94,2.11,D,0,VIIRS_NOAA20_SP
12.61477,77.05109,339.27,0.41,0.37,2023-10-17,816,N20,VIIRS,n,2,299.49,24.9,D,0,VIIRS_NOAA20_SP
12.71779,77.68844,331.7,0.43,0.38,2023-10-17,816,N20,VIIRS,n,2,297.83,4.91,D,0,VIIRS_NOAA20_SP
13.59303,77.53786,334.18,0.43,0.38,2023-10-17,816,N20,VIIRS,n,2,302.48,2.6,D,0,VIIRS_NOAA20_SP
13.60625,79.32445,333.27,0.53,0.42,2023-10-17,816,N20,VIIRS,n,2,299.45,3.72,D,0,VIIRS_NOAA20_SP
13.60837,79.32102,335.05,0.53,0.42,2023-10-17,816,N20,VIIRS,n,2,300.56,4.06,D,0,VIIRS_NOAA20_SP
13.6106,77.51102,335.45,0.43,0.38,2023-10-17,816,N20,VIIRS,n,2,301.58,5.68,D,0,VIIRS_NOAA20_SP
13.62126,75.96436,336.6,0.39,0.36,2023-10-17,816,N20,VIIRS,n,2,300.12,2.08,D,0,VIIRS_NOAA20_SP
14.03832,78.81902,341.82,0.5,0.41,2023-10-17,816,N20,VIIRS,n,2,300.57,5.8,D,0,VIIRS_NOAA20_SP
14.11012,76.38519,330.09,0.4,0.37,2023-10-17,816,N20,VIIRS,n,2,298.96,0.84,D,0,VIIRS_NOAA20_SP
14.15379,77.52263,336.05,0.44,0.38,2023-10-17,816,N20,VIIRS,n,2,303.48,3.89,D,0,VIIRS_NOAA20_SP
14.1874,77.43206,330.34,0.43,0.38,2023-10-17,816,N20,VIIRS,l,2,301.45,2.47,D,0,VIIRS_NOAA20_SP
14.31287,80.11893,333.82,0.4,0.44,2023-10-17,816,N20,VIIRS,n,2,298.9,1.78,D,0,VIIRS_NOAA20_SP
14.33695,79.79182,330.7,0.57,0.43,2023-10-17,816,N20,VIIRS,l,2,301.94,1.82,D,0,VIIRS_NOAA20_SP
14.39144,77.75196,330.31,0.45,0.39,2023-10-17,816,N20,VIIRS,l,2,301.85,2.75,D,0,VIIRS_NOAA20_SP
14.4632,76.62461,342.23,0.41,0.37,2023-10-17,816,N20,VIIRS,n,2,305.36,7.56,D,0,VIIRS_NOAA20_SP
14.54852,79.54545,337.23,0.56,0.43,2023-10-17,816,N20,VIIRS,n,2,301.51,2.65,D,0,VIIRS_NOAA20_SP
14.57819,79.83303,343.61,0.39,0.44,2023-10-17,816,N20,VIIRS,n,2,301.6,4.33,D,0,VIIRS_NOAA20_SP
14.75768,79.80666,337.52,0.39,0.44,2023-10-17,816,N20,VIIRS,n,2,302.28,1.72,D,0,VIIRS_NOAA20_SP
14.76917,79.99397,330.24,0.4,0.44,2023-10-17,816,N20,VIIRS,l,2,301.19,2.85,D,0,VIIRS_NOAA20_SP
14.77259,79.99123,333.1,0.4,0.44,2023-10-17,816,N20,VIIRS,n,2,302.63,1.94,D,0,VIIRS_NOAA20_SP
14.80403,79.66381,330.93,0.57,0.43,2023-10-17,816,N20,VIIRS,l,2,304.37,2.45,D,0,VIIRS_NOAA20_SP
14.81397,77.31776,331.91,0.43,0.38,2023-10-17,816,N20,VIIRS,l,2,304.24,1.82,D,0,VIIRS_NOAA20_SP
14.94637,77.48886,340.52,0.44,0.38,2023-10-17,816,N20,VIIRS,n,2,302.8,6.61,D,0,VIIRS_NOAA20_SP
14.96859,75.23638,338.38,0.39,0.36,2023-10-17,816,N20,VIIRS,n,2,301.99,4.84,D,0,VIIRS_NOAA20_SP
15.00457,79.70313,333.89,0.38,0.43,2023-10-17,816,N20,VIIRS,l,2,305.65,1.24,D,0,VIIRS_NOAA20_SP
15.03034,78.50243,337.19,0.49,0.41,2023-10-17,816,N20,VIIRS,n,2,305.5,5.32,D,0,VIIRS_NOAA20_SP
15.0486,79.21768,348.25,0.54,0.42,2023-10-17,816,N20,VIIRS,n,2,301.96,6.58,D,0,VIIRS_NOAA20_SP
15.05496,79.20617,367.0,0.54,0.42,2023-10-17,816,N20,VIIRS,h,2,302.63,12.93,D,0,VIIRS_NOAA20_SP
15.05946,78.43789,337.27,0.49,0.4,2023-10-17,816,N20,VIIRS,n,2,304.81,4.29,D,0,VIIRS_NOAA20_SP
15.0793,78.50012,341.82,0.49,0.41,2023-10-17,816,N20,VIIRS,n,2,304.54,1.81,D,0,VIIRS_NOAA20_SP
15.08177,77.86528,334.19,0.46,0.39,2023-10-17,816,N20,VIIRS,l,2,306.17,2.71,D,0,VIIRS_NOAA20_SP
15.09746,78.60546,334.21,0.5,0.41,2023-10-17,816,N20,VIIRS,n,2,302.85,4.36,D,0,VIIRS_NOAA20_SP
15.113,78.57977,335.09,0.5,0.41,2023-10-17,816,N20,VIIRS,n,2,302.28,5.06,D,0,VIIRS_NOAA20_SP
15.11944,79.75668,339.77,0.39,0.44,2023-10-17,816,N20,VIIRS,n,2,303.81,1.99,D,0,VIIRS_NOAA20_SP
15.13024,78.55493,332.16,0.5,0.41,2023-10-17,816,N20,VIIRS,l,2,302.67,3.19,D,0,VIIRS_NOAA20_SP
15.14082,78.54872,339.62,0.5,0.41,2023-10-17,816,N20,VIIRS,n,2,301.52,4.12,D,0,VIIRS_NOAA20_SP
15.14464,79.21828,336.83,0.54,0.42,2023-10-17,816,N20,VIIRS,n,2,302.14,2.79,D,0,VIIRS_NOAA20_SP
15.17394,76.68033,331.63,0.41,0.37,2023-10-17,816,N20,VIIRS,l,2,302.63,3.36,D,2,VIIRS_NOAA20_SP
15.17459,76.66066,338.09,0.41,0.37,2023-10-17,816,N20,VIIRS,n,2,303.46,3.97,D,2,VIIRS_NOAA20_SP
15.20495,78.57258,338.26,0.5,0.41,2023-10-17,816,N20,VIIRS,n,2,306.25,6.72,D,0,VIIRS_NOAA20_SP
15.20585,77.59106,336.61,0.45,0.39,2023-10-17,816,N20,VIIRS,n,2,306.16,1.42,D,0,VIIRS_NOAA20_SP
15.20614,77.59007,336.78,0.45,0.39,2023-10-17,816,N20,VIIRS,n,2,306.47,1.8,D,0,VIIRS_NOAA20_SP
15.2228,79.72343,345.21,0.39,0.44,2023-10-17,816,N20,VIIRS,n,2,303.37,2.93,D,0,VIIRS_NOAA20_SP
15.2246,80.02659,335.67,0.4,0.45,2023-10-17,816,N20,VIIRS,n,2,300.72,1.72,D,0,VIIRS_NOAA20_SP
15.32878,78.00764,330.62,0.47,0.4,2023-10-17,816,N20,VIIRS,l,2,305.44,2.46,D,0,VIIRS_NOAA20_SP
15.40843,79.77784,335.63,0.39,0.44,2023-10-17,816,N20,VIIRS,n,2,304.22,1.0,D,0,VIIRS_NOAA20_SP
15.56496,80.13152,349.5,0.41,0.45,2023-10-17,816,N20,VIIRS,n,2,302.73,6.78,D,0,VIIRS_NOAA20_SP
15.47561,78.43077,331.98,0.49,0.41,2023-10-17,817,N20,VIIRS,l,2,304.34,2.24,D,0,VIIRS_NOAA20_SP
15.62109,77.69518,336.7,0.46,0.39,2023-10-17,817,N20,VIIRS,n,2,305.72,3.2,D,0,VIIRS_NOAA20_SP
15.64918,79.81529,343.17,0.4,0.44,2023-10-17,817,N20,VIIRS,n,2,300.46,11.23,D,0,VIIRS_NOAA20_SP
15.66024,78.6011,331.34,0.51,0.41,2023-10-17,817,N20,VIIRS,n,2,301.49,3.73,D,0,VIIRS_NOAA20_SP
15.66078,78.60184,330.39,0.51,0.41,2023-10-17,817,N20,VIIRS,n,2,302.17,3.03,D,0,VIIRS_NOAA20_SP
15.80855,78.55412,330.74,0.51,0.41,2023-10-17,817,N20,VIIRS,l,2,305.3,2.65,D,0,VIIRS_NOAA20_SP
15.88063,78.25716,341.08,0.49,0.4,2023-10-17,817,N20,VIIRS,n,2,306.95,9.22,D,0,VIIRS_NOAA20_SP
15.91782,79.02451,347.12,0.54,0.42,2023-10-17,817,N20,VIIRS,n,2,304.39,7.8,D,0,VIIRS_NOAA20_SP
16.04975,79.96409,336.5,0.41,0.45,2023-10-17,817,N20,VIIRS,n,2,296.57,3.11,D,0,VIIRS_NOAA20_SP
16.15351,79.93445,331.61,0.41,0.45,2023-10-17,817,N20,VIIRS,n,2,298.72,3.08,D,0,VIIRS_NOAA20_SP
16.17234,79.4715,338.09,0.38,0.44,2023-10-17,817,N20,VIIRS,n,2,302.33,1.54,D,0,VIIRS_NOAA20_SP
16.36222,79.46217,331.52,0.39,0.44,2023-10-17,817,N20,VIIRS,l,2,304.25,2.21,D,0,VIIRS_NOAA20_SP
17.49735,74.96841,330.67,0.39,0.36,2023-10-17,817,N20,VIIRS,l,2,302.69,1.29,D,0,VIIRS_NOAA20_SP
17.68285,75.88313,331.19,0.41,0.37,2023-10-17,817,N20,VIIRS,n,2,300.94,2.1,D,0,VIIRS_NOAA20_SP
18.05325,79.308,351.7,0.4,0.44,2023-10-17,817,N20,VIIRS,n,2,303.56,18.24,D,0,VIIRS_NOAA20_SP
18.36262,78.13026,331.33,0.51,0.41,2023-10-17,817,N20,VIIRS,l,2,302.69,2.13,D,0,VIIRS_NOAA20_SP
18.72422,78.2729,334.19,0.53,0.42,2023-10-17,817,N20,VIIRS,n,2,303.76,3.02,D,0,VIIRS_NOAA20_SP
18.76254,77.94556,333.92,0.51,0.41,2023-10-17,817,N20,VIIRS,n,2,304.18,9.9,D,0,VIIRS_NOAA20_SP
18.8896,78.50214,332.45,0.55,0.42,2023-10-17,817,N20,VIIRS,l,2,302.71,5.23,D,0,VIIRS_NOAA20_SP
18.58495,74.45388,335.85,0.39,0.36,2023-10-17,818,N20,VIIRS,n,2,302.92,4.63,D,0,VIIRS_NOAA20_SP
18.6819,73.03582,334.46,0.39,0.36,2023-10-17,818,N20,VIIRS,n,2,299.65,1.29,D,2,VIIRS_NOAA20_SP
18.88967,78.49846,336.97,0.55,0.42,2023-10-17,818,N20,VIIRS,n,2,305.54,4.75,D,0,VIIRS_NOAA20_SP
18.97158,71.62289,331.6,0.42,0.37,2023-10-17,818,N20,VIIRS,n,2,296.32,2.0,D,3,VIIRS_NOAA20_SP
19.36956,71.35294,333.15,0.42,0.38,2023-10-17,818,N20,VIIRS,n,2,296.52,3.16,D,3,VIIRS_NOAA20_SP
19.37031,71.35242,330.85,0.42,0.38,2023-10-17,818,N20,VIIRS,n,2,296.65,1.53,D,3,VIIRS_NOAA20_SP
19.37338,74.60145,333.43,0.39,0.36,2023-10-17,818,N20,VIIRS,n,2,302.25,2.81,D,0,VIIRS_NOAA20_SP
19.73758,78.48251,330.04,0.56,0.43,2023-10-17,818,N20,VIIRS,n,2,302.71,2.43,D,0,VIIRS_NOAA20_SP
19.93443,81.88056,330.41,0.61,0.54,2023-10-17,818,N20,VIIRS,n,2,296.91,3.1,D,0,VIIRS_NOAA20_SP
19.93786,81.88256,329.16,0.61,0.54,2023-10-17,818,N20,VIIRS,n,2,296.99,3.83,D,0,VIIRS_NOAA20_SP
20.36234,72.9367,344.89,0.39,0.36,2023-10-17,818,N20,VIIRS,n,2,306.11,7.61,D,0,VIIRS_NOAA20_SP
20.73525,75.02079,333.79,0.4,0.37,2023-10-17,818,N20,VIIRS,n,2,302.55,5.62,D,0,VIIRS_NOAA20_SP
20.81771,71.00831,350.8,0.42,0.38,2023-10-17,818,N20,VIIRS,n,2,300.92,5.6,D,0,VIIRS_NOAA20_SP
20.82049,71.00367,339.31,0.42,0.38,2023-10-17,818,N20,VIIRS,n,2,302.01,2.47,D,0,VIIRS_NOAA20_SP
20.96104,86.01009,337.54,0.59,0.7,2023-10-17,818,N20,VIIRS,n,2,294.67,7.11,D,2,VIIRS_NOAA20_SP
20.96798,86.01543,335.6,0.59,0.7,2023-10-17,818,N20,VIIRS,n,2,295.05,7.49,D,2,VIIRS_NOAA20_SP
20.96825,85.17396,330.6,0.52,0.67,2023-10-17,818,N20,VIIRS,n,2,298.76,8.93,D,2,VIIRS_NOAA20_SP
21.0751,85.04362,330.91,0.51,0.66,2023-10-17,818,N20,VIIRS,n,2,294.81,7.43,D,2,VIIRS_NOAA20_SP
21.10116,72.63591,339.74,0.39,0.36,2023-10-17,818,N20,VIIRS,n,2,302.92,3.91,D,2,VIIRS_NOAA20_SP
21.10289,72.64698,342.15,0.39,0.36,2023-10-17,818,N20,VIIRS,n,2,303.17,3.57,D,2,VIIRS_NOAA20_SP
21.10619,72.64639,339.57,0.39,0.36,2023-10-17,818,N20,VIIRS,n,2,304.57,3.57,D,2,VIIRS_NOAA20_SP
21.10777,72.63474,335.52,0.39,0.36,2023-10-17,818,N20,VIIRS,n,2,303.74,3.45,D,2,VIIRS_NOAA20_SP
21.67664,84.0405,331.49,0.44,0.63,2023-10-17,818,N20,VIIRS,n,2,298.25,4.03,D,2,VIIRS_NOAA20_SP
21.69628,75.54827,333.63,0.43,0.38,2023-10-17,818,N20,VIIRS,n,2,304.35,2.13,D,0,VIIRS_NOAA20_SP
21.9211,83.35265,334.58,0.4,0.6,2023-10-17,818,N20,VIIRS,n,2,297.98,7.19,D,2,VIIRS_NOAA20_SP
22.00167,82.67175,330.19,0.36,0.58,2023-10-17,818,N20,VIIRS,n,2,299.16,4.17,D,2,VIIRS_NOAA20_SP
22.10295,83.52643,331.17,0.42,0.61,2023-10-17,818,N20,VIIRS,n,2,298.68,2.75,D,0,VIIRS_NOAA20_SP
22.10502,83.52711,329.59,0.42,0.61,2023-10-17,818,N20,VIIRS,n,2,298.39,3.87,D,0,VIIRS_NOAA20_SP
22.13776,75.55865,330.04,0.43,0.38,2023-10-17,818,N20,VIIRS,l,2,302.85,2.35,D,0,VIIRS_NOAA20_SP
22.14749,76.03264,336.71,0.45,0.39,2023-10-17,818,N20,VIIRS,n,2,304.84,1.67,D,0,VIIRS_NOAA20_SP
22.22913,76.89083,336.64,0.49,0.4,2023-10-17,818,N20,VIIRS,n,2,304.08,3.4,D,0,VIIRS_NOAA20_SP
22.23966,76.91358,330.19,0.49,0.4,2023-10-17,818,N20,VIIRS,l,2,304.46,1.37,D,0,VIIRS_NOAA20_SP
22.25528,77.2425,335.75,0.51,0.41,2023-10-17,818,N20,VIIRS,n,2,303.73,5.43,D,0,VIIRS_NOAA20_SP
22.32355,77.02094,333.61,0.5,0.41,2023-10-17,818,N20,VIIRS,l,2,305.76,1.8,D,0,VIIRS_NOAA20_SP
22.78275,86.20716,326.3,0.63,0.72,2023-10-17,818,N20,VIIRS,n,2,296.25,5.44,D,2,VIIRS_NOAA20_SP
22.79608,86.20652,337.54,0.63,0.72,2023-10-17,818,N20,VIIRS,n,2,295.0,12.17,D,2,VIIRS_NOAA20_SP
21.92047,70.31308,337.74,0.44,0.38,2023-10-17,819,N20,VIIRS,n,2,304.13,3.52,D,0,VIIRS_NOAA20_SP
22.07667,72.08976,338.16,0.39,0.36,2023-10-17,819,N20,VIIRS,n,2,306.57,2.55,D,0,VIIRS_NOAA20_SP
22.08188,70.38961,347.52,0.43,0.38,2023-10-17,819,N20,VIIRS,n,2,305.18,5.43,D,0,VIIRS_NOAA20_SP
22.08258,70.39373,339.8,0.43,0.38,2023-10-17,819,N20,VIIRS,n,2,301.36,1.52,D,0,VIIRS_NOAA20_SP
22.14239,75.2399,330.57,0.42,0.38,2023-10-17,819,N20,VIIRS,l,2,302.63,1.5,D,0,VIIRS_NOAA20_SP
22.2623,75.70555,331.37,0.44,0.38,2023-10-17,819,N20,VIIRS,l,2,303.0,2.09,D,0,VIIRS_NOAA20_SP
22.26854,73.16033,335.72,0.38,0.36,2023-10-17,819,N20,VIIRS,n,2,303.74,2.11,D,0,VIIRS_NOAA20_SP
22.39982,77.13521,331.52,0.51,0.41,2023-10-17,819,N20,VIIRS,l,2,305.54,2.6,D,0,VIIRS_NOAA20_SP
22.4046,77.20491,332.41,0.51,0.41,2023-10-17,819,N20,VIIRS,l,2,304.33,2.9,D,0,VIIRS_NOAA20_SP
22.45823,77.5798,332.21,0.54,0.42,2023-10-17,819,N20,VIIRS,n,2,300.5,3.32,D,0,VIIRS_NOAA20_SP
22.46861,72.16049,338.28,0.39,0.36,2023-10-17,819,N20,VIIRS,n,2,307.74,2.98,D,0,VIIRS_NOAA20_SP
22.51839,70.81304,336.65,0.41,0.37,2023-10-17,819,N20,VIIRS,n,2,303.93,2.11,D,0,VIIRS_NOAA20_SP
22.54256,77.53108,330.94,0.53,0.42,2023-10-17,819,N20,VIIRS,l,2,301.36,5.13,D,0,VIIRS_NOAA20_SP
22.54471,77.53384,338.61,0.53,0.42,2023-10-17,819,N20,VIIRS,n,2,302.07,4.39,D,0,VIIRS_NOAA20_SP
22.60426,77.20152,331.66,0.51,0.41,2023-10-17,819,N20,VIIRS,l,2,304.21,0.83,D,0,VIIRS_NOAA20_SP
22.60427,77.19935,331.88,0.51,0.41,2023-10-17,819,N20,VIIRS,l,2,303.27,1.66,D,0,VIIRS_NOAA20_SP
22.62034,77.32495,331.4,0.52,0.42,2023-10-17,819,N20,VIIRS,l,2,304.95,1.68,D,0,VIIRS_NOAA20_SP
22.67492,77.30396,333.02,0.52,0.42,2023-10-17,819,N20,VIIRS,l,2,306.42,1.64,D,0,VIIRS_NOAA20_SP
22.78301,75.24426,343.71,0.42,0.38,2023-10-17,819,N20,VIIRS,n,2,306.83,2.84,D,0,VIIRS_NOAA20_SP
22.78526,75.24435,347.98,0.42,0.38,2023-10-17,819,N20,VIIRS,n,2,308.88,7.2,D,0,VIIRS_NOAA20_SP
22.85931,71.26118,338.49,0.4,0.37,2023-10-17,819,N20,VIIRS,n,2,304.97,6.59,D,0,VIIRS_NOAA20_SP
22.87907,75.28433,330.76,0.43,0.38,2023-10-17,819,N20,VIIRS,l,2,305.74,2.14,D,0,VIIRS_NOAA20_SP
22.90762,75.49281,331.73,0.43,0.38,2023-10-17,819,N20,VIIRS,l,2,305.6,1.7,D,0,VIIRS_NOAA20_SP
22.92459,70.10678,341.04,0.43,0.38,2023-10-17,819,N20,VIIRS,n,2,309.63,12.76,D,0,VIIRS_NOAA20_SP
22.99946,70.8287,330.86,0.41,0.37,2023-10-17,819,N20,VIIRS,n,2,301.7,1.63,D,0,VIIRS_NOAA20_SP
23.11045,75.47161,336.18,0.43,0.38,2023-10-17,819,N20,VIIRS,n,2,306.44,2.63,D,0,VIIRS_NOAA20_SP
23.11583,70.07462,334.38,0.43,0.38,2023-10-17,819,N20,VIIRS,l,2,307.87,3.58,D,0,VIIRS_NOAA20_SP
23.19393,75.74403,330.4,0.45,0.39,2023-10-17,819,N20,VIIRS,l,2,302.37,1.92,D,0,VIIRS_NOAA20_SP
23.22472,79.14999,333.83,0.45,0.47,2023-10-17,819,N20,VIIRS,n,2,302.31,5.56,D,0,VIIRS_NOAA20_SP
23.4775,76.76466,330.07,0.5,0.41,2023-10-17,819,N20,VIIRS,l,2,302.61,2.86,D,0,VIIRS_NOAA20_SP
23.52806,77.23252,331.46,0.53,0.42,2023-10-17,819,N20,VIIRS,l,2,301.49,2.66,D,0,VIIRS_NOAA20_SP
23.56152,77.9139,331.09,0.38,0.44,2023-10-17,819,N20,VIIRS,n,2,303.09,3.14,D,0,VIIRS_NOAA20_SP
23.57286,70.36458,335.97,0.42,0.38,2023-10-17,819,N20,VIIRS,n,2,304.08,1.89,D,0,VIIRS_NOAA20_SP
23.57833,77.48196,332.81,0.55,0.42,2023-10-17,819,N20,VIIRS,n,2,302.14,4.38,D,0,VIIRS_NOAA20_SP
23.59355,76.92115,335.89,0.51,0.41,2023-10-17,819,N20,VIIRS,n,2,305.83,3.89,D,0,VIIRS_NOAA20_SP
23.60682,78.09362,332.26,0.39,0.44,2023-10-17,819,N20,VIIRS,l,2,302.56,3.05,D,0,VIIRS_NOAA20_SP
23.61196,78.35619,330.05,0.41,0.45,2023-10-17,819,N20,VIIRS,l,2,300.75,3.47,D,0,VIIRS_NOAA20_SP
23.63572,78.34494,337.0,0.41,0.45,2023-10-17,819,N20,VIIRS,n,2,299.36,4.0,D,0,VIIRS_NOAA20_SP
23.65421,78.18192,333.3,0.4,0.44,2023-10-17,819,N20,VIIRS,n,2,300.73,4.16,D,0,VIIRS_NOAA20_SP
23.74508,70.65854,336.03,0.41,0.37,2023-10-17,819,N20,VIIRS,n,2,303.32,2.51,D,0,VIIRS_NOAA20_SP
23.87331,78.04243,332.07,0.39,0.44,2023-10-17,819,N20,VIIRS,n,2,300.84,2.47,D,0,VIIRS_NOAA20_SP
23.88265,77.83179,332.37,0.38,0.43,2023-10-17,819,N20,VIIRS,l,2,304.1,3.49,D,0,VIIRS_NOAA20_SP
23.94049,78.54189,332.71,0.42,0.45,2023-10-17,819,N20,VIIRS,n,2,298.88,3.62,D,0,VIIRS_NOAA20_SP
23.95564,77.74396,330.2,0.57,0.43,2023-10-17,819,N20,VIIRS,l,2,303.59,4.17,D,0,VIIRS_NOAA20_SP
24.08767,78.00195,331.87,0.39,0.44,2023-10-17,819,N20,VIIRS,n,2,301.5,1.05,D,0,VIIRS_NOAA20_SP
24.37232,77.99498,342.48,0.4,0.44,2023-10-17,819,N20,VIIRS,n,2,303.13,6.24,D,0,VIIRS_NOAA20_SP
24.48299,77.34492,334.47,0.55,0.43,2023-10-17,819,N20,VIIRS,n,2,303.7,4.48,D,0,VIIRS_NOAA20_SP
24.52299,74.18604,332.27,0.41,0.37,2023-10-17,819,N20,VIIRS,n,2,301.37,2.68,D,0,VIIRS_NOAA20_SP
24.5584,78.18131,333.38,0.41,0.45,2023-10-17,819,N20,VIIRS,n,2,300.8,3.04,D,0,VIIRS_NOAA20_SP
24.57338,77.06893,336.04,0.53,0.42,2023-10-17,819,N20,VIIRS,n,2,303.93,6.6,D,0,VIIRS_NOAA20_SP
24.62335,76.88002,335.08,0.52,0.42,2023-10-17,819,N20,VIIRS,l,2,305.77,3.64,D,0,VIIRS_NOAA20_SP
24.62913,76.86351,331.1,0.52,0.42,2023-10-17,819,N20,VIIRS,l,2,305.09,3.38,D,0,VIIRS_NOAA20_SP
24.63504,77.06017,330.7,0.53,0.42,2023-10-17,819,N20,VIIRS,l,2,300.71,1.56,D,0,VIIRS_NOAA20_SP
24.65175,76.95474,343.75,0.53,0.42,2023-10-17,819,N20,VIIRS,n,2,304.64,10.78,D,0,VIIRS_NOAA20_SP
24.66606,77.10728,336.87,0.54,0.42,2023-10-17,819,N20,VIIRS,n,2,305.65,5.53,D,0,VIIRS_NOAA20_SP
24.67204,77.02604,332.59,0.53,0.42,2023-10-17,819,N20,VIIRS,l,2,305.61,3.51,D,0,VIIRS_NOAA20_SP
24.67948,77.82941,330.65,0.39,0.44,2023-10-17,819,N20,VIIRS,l,2,302.69,2.21,D,0,VIIRS_NOAA20_SP
24.68089,77.09978,338.38,0.54,0.42,2023-10-17,819,N20,VIIRS,n,2,306.48,10.16,D,0,VIIRS_NOAA20_SP
24.68904,73.00298,332.05,0.39,0.36,2023-10-17,819,N20,VIIRS,l,2,305.07,2.18,D,2,VIIRS_NOAA20_SP
24.70605,77.01593,335.02,0.53,0.42,2023-10-17,819,N20,VIIRS,n,2,304.08,2.48,D,0,VIIRS_NOAA20_SP
24.72271,76.99227,335.78,0.53,0.42,2023-10-17,819,N20,VIIRS,n,2,303.72,2.41,D,0,VIIRS_NOAA20_SP
24.72655,76.99174,332.66,0.53,0.42,2023-10-17,819,N20,VIIRS,l,2,305.05,2.41,D,0,VIIRS_NOAA20_SP
24.73758,77.08098,332.31,0.54,0.42,2023-10-17,819,N20,VIIRS,l,2,303.19,3.71,D,0,VIIRS_NOAA20_SP
24.7491,77.04713,337.83,0.53,0.42,2023-10-17,819,N20,VIIRS,n,2,305.64,6.37,D,0,VIIRS_NOAA20_SP
24.75041,77.04433,335.09,0.53,0.42,2023-10-17,819,N20,VIIRS,l,2,306.63,9.2,D,0,VIIRS_NOAA20_SP
24.75552,77.05435,333.85,0.53,0.42,2023-10-17,819,N20,VIIRS,l,2,305.85,5.05,D,0,VIIRS_NOAA20_SP
24.75813,77.04324,332.48,0.53,0.42,2023-10-17,819,N20,VIIRS,l,2,303.52,2.96,D,0,VIIRS_NOAA20_SP
24.77133,76.89276,336.22,0.52,0.42,2023-10-17,819,N20,VIIRS,n,2,305.59,6.02,D,0,VIIRS_NOAA20_SP
24.78582,77.27837,336.37,0.55,0.43,2023-10-17,819,N20,VIIRS,n,2,304.21,4.75,D,0,VIIRS_NOAA20_SP
24.80032,77.19947,341.97,0.55,0.42,2023-10-17,819,N20,VIIRS,n,2,304.2,5.14,D,0,VIIRS_NOAA20_SP
24.82165,76.85922,339.42,0.52,0.42,2023-10-17,819,N20,VIIRS,n,2,305.75,4.7,D,0,VIIRS_NOAA20_SP
24.8669,77.05236,336.01,0.54,0.42,2023-10-17,819,N20,VIIRS,n,2,304.69,4.0,D,0,VIIRS_NOAA20_SP
24.8756,77.53028,337.23,0.57,0.43,2023-10-17,819,N20,VIIRS,n,2,304.01,5.69,D,0,VIIRS_NOAA20_SP
24.87828,77.22139,336.06,0.55,0.42,2023-10-17,819,N20,VIIRS,n,2,299.57,5.39,D,0,VIIRS_NOAA20_SP
24.87862,77.21941,335.2,0.55,0.43,2023-10-17,819,N20,VIIRS,n,2,300.43,5.68,D,0,VIIRS_NOAA20_SP
24.88653,76.88978,334.22,0.53,0.42,2023-10-17,819,N20,VIIRS,n,2,305.77,2.83,D,0,VIIRS_NOAA20_SP
24.90291,77.09045,338.88,0.54,0.42,2023-10-17,819,N20,VIIRS,l,2,309.7,34.82,D,0,VIIRS_NOAA20_SP
24.91025,71.9902,335.58,0.38,0.36,2023-10-17,819,N20,VIIRS,n,2,305.02,3.02,D,0,VIIRS_NOAA20_SP
24.91716,76.85379,334.0,0.52,0.42,2023-10-17,819,N20,VIIRS,l,2,305.72,1.11,D,0,VIIRS_NOAA20_SP
24.92159,77.1475,341.27,0.54,0.42,2023-10-17,819,N20,VIIRS,n,2,305.51,8.46,D,0,VIIRS_NOAA20_SP
24.94678,77.0625,331.47,0.54,0.42,2023-10-17,819,N20,VIIRS,l,2,304.9,3.14,D,0,VIIRS_NOAA20_SP
24.95773,77.62409,346.94,0.39,0.44,2023-10-17,819,N20,VIIRS,n,2,300.76,5.28,D,0,VIIRS_NOAA20_SP
24.95857,76.12415,331.61,0.48,0.4,2023-10-17,819,N20,VIIRS,l,2,303.62,2.97,D,0,VIIRS_NOAA20_SP
24.96853,76.08382,335.71,0.48,0.4,2023-10-17,819,N20,VIIRS,n,2,304.35,2.72,D,0,VIIRS_NOAA20_SP
25.00318,77.06262,335.96,0.54,0.42,2023-10-17,819,N20,VIIRS,n,2,302.54,3.59,D,0,VIIRS_NOAA20_SP
25.01876,76.93165,334.4,0.53,0.42,2023-10-17,819,N20,VIIRS,l,2,306.49,2.13,D,0,VIIRS_NOAA20_SP
25.07578,77.06576,335.82,0.54,0.42,2023-10-17,819,N20,VIIRS,n,2,303.3,2.15,D,0,VIIRS_NOAA20_SP
25.10354,77.06717,336.48,0.54,0.42,2023-10-17,819,N20,VIIRS,n,2,304.64,7.11,D,0,VIIRS_NOAA20_SP
25.10417,77.07251,337.98,0.54,0.42,2023-10-17,819,N20,VIIRS,n,2,305.0,7.11,D,0,VIIRS_NOAA20_SP
25.10806,77.07196,335.96,0.54,0.42,2023-10-17,819,N20,VIIRS,n,2,304.63,4.03,D,0,VIIRS_NOAA20_SP
25.10813,77.03946,337.4,0.54,0.42,2023-10-17,819,N20,VIIRS,n,2,304.96,3.62,D,0,VIIRS_NOAA20_SP
25.1141,76.92585,336.3,0.53,0.42,2023-10-17,819,N20,VIIRS,n,2,305.2,3.02,D,0,VIIRS_NOAA20_SP
25.13521,71.70649,336.3,0.39,0.36,2023-10-17,819,N20,VIIRS,l,2,307.7,3.27,D,0,VIIRS_NOAA20_SP
25.13579,71.71028,335.77,0.39,0.36,2023-10-17,819,N20,VIIRS,n,2,305.37,2.84,D,0,VIIRS_NOAA20_SP
25.13813,76.1282,339.8,0.48,0.4,2023-10-17,819,N20,VIIRS,n,2,307.01,2.33,D,0,VIIRS_NOAA20_SP
25.13847,76.99739,336.87,0.54,0.42,2023-10-17,819,N20,VIIRS,n,2,306.07,5.08,D,0,VIIRS_NOAA20_SP
25.20461,76.06692,331.14,0.48,0.4,2023-10-17,819,N20,VIIRS,l,2,305.92,2.88,D,0,VIIRS_NOAA20_SP
25.28049,76.84406,342.6,0.53,0.42,2023-10-17,819,N20,VIIRS,n,2,303.56,6.18,D,0,VIIRS_NOAA20_SP
25.35236,75.96882,334.93,0.48,0.4,2023-10-17,819,N20,VIIRS,n,2,304.92,2.45,D,0,VIIRS_NOAA20_SP
25.35297,75.97356,333.71,0.48,0.4,2023-10-17,819,N20,VIIRS,n,2,302.89,2.28,D,0,VIIRS_NOAA20_SP
25.37972,75.98143,335.82,0.48,0.4,2023-10-17,819,N20,VIIRS,l,2,307.46,6.99,D,0,VIIRS_NOAA20_SP
25.39857,76.01261,335.85,0.48,0.4,2023-10-17,819,N20,VIIRS,n,2,305.24,2.88,D,0,VIIRS_NOAA20_SP
25.40105,76.00251,338.46,0.48,0.4,2023-10-17,819,N20,VIIRS,n,2,306.19,5.18,D,0,VIIRS_NOAA20_SP
25.40738,76.94108,339.56,0.54,0.42,2023-10-17,819,N20,VIIRS,n,2,302.74,6.24,D,0,VIIRS_NOAA20_SP
25.41678,76.06852,330.31,0.49,0.4,2023-10-17,819,N20,VIIRS,l,2,301.92,3.12,D,0,VIIRS_NOAA20_SP
25.42235,76.05299,339.39,0.48,0.4,2023-10-17,819,N20,VIIRS,n,2,304.58,2.9,D,0,VIIRS_NOAA20_SP
25.43458,76.80875,334.34,0.53,0.42,2023-10-17,819,N20,VIIRS,n,2,303.01,4.04,D,0,VIIRS_NOAA20_SP
25.4377,76.05558,330.37,0.48,0.4,2023-10-17,819,N20,VIIRS,l,2,301.99,1.88,D,0,VIIRS_NOAA20_SP
25.43952,76.07001,345.18,0.49,0.4,2023-10-17,819,N20,VIIRS,n,2,304.87,5.39,D,0,VIIRS_NOAA20_SP
25.4432,76.06947,336.12,0.49,0.4,2023-10-17,819,N20,VIIRS,n,2,303.34,5.39,D,0,VIIRS_NOAA20_SP
25.44706,75.89393,336.55,0.48,0.4,2023-10-17,819,N20,VIIRS,n,2,305.81,3.12,D,0,VIIRS_NOAA20_SP
25.45071,75.89337,335.83,0.48,0.4,2023-10-17,819,N20,VIIRS,l,2,307.08,3.12,D,0,VIIRS_NOAA20_SP
25.45858,75.7495,333.35,0.47,0.4,2023-10-17,819,N20,VIIRS,n,2,304.3,2.42,D,0,VIIRS_NOAA20_SP
25.48493,76.11352,333.89,0.49,0.4,2023-10-17,819,N20,VIIRS,l,2,303.89,1.99,D,0,VIIRS_NOAA20_SP
25.48627,76.11224,338.14,0.49,0.4,2023-10-17,819,N20,VIIRS,n,2,303.88,3.7,D,0,VIIRS_NOAA20_SP
25.49962,76.68091,332.14,0.52,0.42,2023-10-17,819,N20,VIIRS,l,2,303.65,2.78,D,0,VIIRS_NOAA20_SP
25.51601,73.25205,332.11,0.39,0.36,2023-10-17,819,N20,VIIRS,l,2,305.86,2.28,D,0,VIIRS_NOAA20_SP
25.51869,76.67815,344.06,0.52,0.42,2023-10-17,819,N20,VIIRS,n,2,300.17,7.03,D,0,VIIRS_NOAA20_SP
25.53135,76.24598,331.42,0.5,0.41,2023-10-17,819,N20,VIIRS,l,2,305.5,2.36,D,0,VIIRS_NOAA20_SP
25.54702,76.18861,335.35,0.49,0.41,2023-10-17,819,N20,VIIRS,l,2,306.25,2.55,D,0,VIIRS_NOAA20_SP
25.54797,76.75859,332.81,0.53,0.42,2023-10-17,819,N20,VIIRS,n,2,302.75,4.18,D,0,VIIRS_NOAA20_SP
25.55225,76.51309,337.74,0.51,0.41,2023-10-17,819,N20,VIIRS,n,2,302.32,4.28,D,0,VIIRS_NOAA20_SP
25.76773,76.48168,330.51,0.51,0.41,2023-10-17,819,N20,VIIRS,l,2,305.48,2.12,D,0,VIIRS_NOAA20_SP
25.92056,76.82954,341.39,0.54,0.42,2023-10-17,819,N20,VIIRS,n,2,306.18,31.55,D,0,VIIRS_NOAA20_SP
25.96313,76.62969,332.53,0.52,0.42,2023-10-17,819,N20,VIIRS,n,2,302.79,2.86,D,0,VIIRS_NOAA20_SP
26.47355,84.57639,331.8,0.54,0.68,2023-10-17,819,N20,VIIRS,n,2,291.56,6.19,D,0,VIIRS_NOAA20_SP
24.80418,68.05919,334.18,0.5,0.41,2023-10-17,820,N20,VIIRS,n,2,299.54,3.83,D,0,VIIRS_NOAA20_SP
24.80595,68.06073,334.76,0.5,0.41,2023-10-17,820,N20,VIIRS,n,2,300.35,3.14,D,0,VIIRS_NOAA20_SP
24.81157,68.04931,332.69,0.5,0.41,2023-10-17,820,N20,VIIRS,n,2,298.3,3.12,D,0,VIIRS_NOAA20_SP
24.82592,68.12748,333.84,0.5,0.41,2023-10-17,820,N20,VIIRS,n,2,300.82,2.94,D,0,VIIRS_NOAA20_SP
25.27048,68.33127,332.42,0.48,0.4,2023-10-17,820,N20,VIIRS,l,2,305.4,3.07,D,0,VIIRS_NOAA20_SP
25.73584,68.38084,333.34,0.47,0.4,2023-10-17,820,N20,VIIRS,l,2,304.75,2.49,D,0,VIIRS_NOAA20_SP
25.75322,68.78109,334.26,0.45,0.39,2023-10-17,820,N20,VIIRS,l,2,304.83,3.1,D,0,VIIRS_NOAA20_SP
25.80475,68.76079,335.13,0.45,0.39,2023-10-17,820,N20,VIIRS,l,2,305.28,2.15,D,0,VIIRS_NOAA20_SP
25.80782,68.76193,330.71,0.45,0.39,2023-10-17,820,N20,VIIRS,l,2,304.69,2.32,D,0,VIIRS_NOAA20_SP
25.94478,68.4379,336.51,0.47,0.39,2023-10-17,820,N20,VIIRS,n,2,302.86,3.43,D,0,VIIRS_NOAA20_SP
25.97223,68.74204,331.29,0.45,0.39,2023-10-17,820,N20,VIIRS,l,2,304.0,1.5,D,0,VIIRS_NOAA20_SP
25.99423,68.62205,336.95,0.46,0.39,2023-10-17,820,N20,VIIRS,n,2,304.51,2.61,D,0,VIIRS_NOAA20_SP
25.99521,68.6207,337.51,0.46,0.39,2023-10-17,820,N20,VIIRS,n,2,304.57,2.36,D,0,VIIRS_NOAA20_SP
26.00647,68.25259,331.4,0.47,0.4,2023-10-17,820,N20,VIIRS,l,2,302.03,1.78,D,0,VIIRS_NOAA20_SP
26.00724,68.71134,333.47,0.45,0.39,2023-10-17,820,N20,VIIRS,l,2,304.99,2.05,D,0,VIIRS_NOAA20_SP
26.05248,68.49184,330.62,0.46,0.39,2023-10-17,820,N20,VIIRS,l,2,303.42,2.39,D,0,VIIRS_NOAA20_SP
26.07957,68.15548,330.21,0.48,0.4,2023-10-17,820,N20,VIIRS,l,2,301.18,2.74,D,0,VIIRS_NOAA20_SP
26.0844,69.2247,335.35,0.43,0.38,2023-10-17,820,N20,VIIRS,n,2,304.67,2.15,D,0,VIIRS_NOAA20_SP
26.09212,68.41357,332.07,0.47,0.39,2023-10-17,820,N20,VIIRS,n,2,299.41,1.25,D,0,VIIRS_NOAA20_SP
26.25436,68.89923,330.29,0.44,0.39,2023-10-17,820,N20,VIIRS,l,2,304.7,1.69,D,0,VIIRS_NOAA20_SP
27.02634,69.06976,334.11,0.43,0.38,2023-10-17,820,N20,VIIRS,n,2,303.12,1.76,D,0,VIIRS_NOAA20_SP
27.18674,68.06514,338.13,0.47,0.4,2023-10-17,820,N20,VIIRS,n,2,304.27,6.19,D,0,VIIRS_NOAA20_SP
27.20642,68.63373,337.91,0.44,0.39,2023-10-17,820,N20,VIIRS,n,2,299.22,3.95,D,0,VIIRS_NOAA20_SP
27.37983,68.31624,338.75,0.45,0.39,2023-10-17,820,N20,VIIRS,n,2,301.78,5.44,D,0,VIIRS_NOAA20_SP
28.75327,71.00122,335.78,0.38,0.36,2023-10-17,820,N20,VIIRS,n,2,294.57,4.01,D,0,VIIRS_NOAA20_SP
30.49829,73.4092,329.2,0.42,0.38,2023-10-17,821,N20,VIIRS,n,2,294.24,1.71,D,0,VIIRS_NOAA20_SP
30.53141,72.3379,330.3,0.4,0.37,2023-10-17,821,N20,VIIRS,n,2,298.46,1.31,D,0,VIIRS_NOAA20_SP
30.63563,73.63239,336.07,0.43,0.38,2023-10-17,821,N20,VIIRS,n,2,296.7,4.43,D,0,VIIRS_NOAA20_SP
30.74581,70.88837,335.15,0.38,0.36,2023-10-17,821,N20,VIIRS,n,2,297.91,7.55,D,0,VIIRS_NOAA20_SP
30.79226,73.36597,334.57,0.43,0.38,2023-10-17,821,N20,VIIRS,n,2,299.83,3.84,D,0,VIIRS_NOAA20_SP
31.0817,70.23746,333.29,0.38,0.36,2023-10-17,821,N20,VIIRS,n,2,300.65,1.61,D,0,VIIRS_NOAA20_SP
31.17145,70.75832,339.43,0.38,0.36,2023-10-17,821,N20,VIIRS,n,2,300.1,2.75,D,0,VIIRS_NOAA20_SP
31.20788,70.73029,335.38,0.38,0.36,2023-10-17,821,N20,VIIRS,n,2,303.71,5.02,D,0,VIIRS_NOAA20_SP
31.23098,70.61431,343.85,0.38,0.36,2023-10-17,821,N20,VIIRS,n,2,304.02,2.59,D,0,VIIRS_NOAA20_SP
27.31939,95.26409,310.96,0.51,0.41,2023-10-17,1904,N20,VIIRS,n,2,290.58,1.63,N,2,VIIRS_NOAA20_SP
27.46815,95.42401,314.2,0.5,0.41,2023-10-17,1904,N20,VIIRS,n,2,291.26,1.16,N,2,VIIRS_NOAA20_SP
27.53707,95.40119,302.38,0.5,0.41,2023-10-17,1904,N20,VIIRS,n,2,290.94,0.23,N,2,VIIRS_NOAA20_SP
29.08538,88.00887,309.11,0.48,0.65,2023-10-17,1904,N20,VIIRS,n,2,273.26,2.26,N,0,VIIRS_NOAA20_SP
29.22606,88.35112,296.18,0.46,0.63,2023-10-17,1904,N20,VIIRS,n,2,277.57,1.16,N,2,VIIRS_NOAA20_SP
29.22632,88.34718,298.42,0.46,0.63,2023-10-17,1904,N20,VIIRS,n,2,275.68,1.16,N,2,VIIRS_NOAA20_SP
29.22652,88.34884,302.94,0.46,0.63,2023-10-17,1904,N20,VIIRS,n,2,277.32,2.04,N,2,VIIRS_NOAA20_SP
29.26411,91.92123,302.37,0.55,0.51,2023-10-17,1904,N20,VIIRS,n,2,276.23,1.84,N,2,VIIRS_NOAA20_SP
29.26618,91.92058,295.64,0.55,0.51,2023-10-17,1904,N20,VIIRS,n,2,275.8,2.29,N,0,VIIRS_NOAA20_SP
29.37887,91.15094,299.47,0.62,0.54,2023-10-17,1904,N20,VIIRS,n,2,275.12,2.13,N,2,VIIRS_NOAA20_SP
29.65883,90.8979,298.41,0.32,0.55,2023-10-17,1904,N20,VIIRS,n,2,276.11,0.63,N,2,VIIRS_NOAA20_SP
23.09476,97.3839,306.73,0.39,0.36,2023-10-17,1905,N20,VIIRS,n,2,291.27,0.85,N,2,VIIRS_NOAA20_SP
24.27997,91.38787,308.43,0.52,0.5,2023-10-17,1905,N20,VIIRS,n,2,293.72,1.11,N,0,VIIRS_NOAA20_SP
24.40961,97.78876,297.13,0.39,0.36,2023-10-17,1905,N20,VIIRS,n,2,283.44,0.4,N,0,VIIRS_NOAA20_SP
24.54257,97.73975,305.5,0.39,0.36,2023-10-17,1905,N20,VIIRS,n,2,290.1,1.52,N,2,VIIRS_NOAA20_SP
26.06063,93.89256,306.19,0.39,0.44,2023-10-17,1905,N20,VIIRS,n,2,291.17,0.43,N,0,VIIRS_NOAA20_SP
26.52299,90.52943,302.06,0.62,0.54,2023-10-17,1905,N20,VIIRS,n,2,291.57,1.12,N,2,VIIRS_NOAA20_SP
26.52386,90.53061,307.09,0.62,0.54,2023-10-17,1905,N20,VIIRS,n,2,291.4,1.77,N,2,VIIRS_NOAA20_SP
20.79135,85.26012,305.51,0.59,0.7,2023-10-17,1906,N20,VIIRS,n,2,291.32,2.36,N,2,VIIRS_NOAA20_SP
20.79181,85.25455,303.45,0.59,0.7,2023-10-17,1906,N20,VIIRS,n,2,290.86,2.33,N,2,VIIRS_NOAA20_SP
20.79874,85.2495,318.56,0.59,0.7,2023-10-17,1906,N20,VIIRS,n,2,291.24,2.33,N,2,VIIRS_NOAA20_SP
20.88615,84.98022,314.81,0.61,0.71,2023-10-17,1906,N20,VIIRS,n,2,290.58,3.15,N,2,VIIRS_NOAA20_SP
20.88729,84.97836,318.88,0.61,0.71,2023-10-17,1906,N20,VIIRS,n,2,290.27,3.24,N,2,VIIRS_NOAA20_SP
20.94712,86.05067,303.15,0.52,0.67,2023-10-17,1906,N20,VIIRS,n,2,292.21,2.13,N,2,VIIRS_NOAA20_SP
20.95653,85.0103,301.7,0.61,0.71,2023-10-17,1906,N20,VIIRS,n,2,289.82,1.73,N,2,VIIRS_NOAA20_SP
20.96233,85.17604,303.82,0.6,0.7,2023-10-17,1906,N20,VIIRS,n,2,291.01,1.41,N,2,VIIRS_NOAA20_SP
20.96249,85.17342,310.74,0.6,0.7,2023-10-17,1906,N20,VIIRS,n,2,291.05,2.83,N,2,VIIRS_NOAA20_SP
20.96283,85.1702,308.15,0.6,0.7,2023-10-17,1906,N20,VIIRS,n,2,290.77,1.41,N,2,VIIRS_NOAA20_SP
20.96832,85.01436,335.08,0.61,0.71,2023-10-17,1906,N20,VIIRS,n,2,290.03,2.81,N,0,VIIRS_NOAA20_SP
20.96853,85.17986,301.82,0.6,0.7,2023-10-17,1906,N20,VIIRS,n,2,290.09,1.85,N,0,VIIRS_NOAA20_SP
20.96878,85.00842,301.7,0.61,0.71,2023-10-17,1906,N20,VIIRS,n,2,289.02,2.81,N,0,VIIRS_NOAA20_SP
20.96884,85.17661,309.76,0.6,0.7,2023-10-17,1906,N20,VIIRS,n,2,290.45,1.63,N,2,VIIRS_NOAA20_SP
20.969,85.174,308.59,0.6,0.7,2023-10-17,1906,N20,VIIRS,n,2,290.56,1.85,N,2,VIIRS_NOAA20_SP
20.96918,85.01731,314.76,0.61,0.71,2023-10-17,1906,N20,VIIRS,n,2,289.84,5.74,N,0,VIIRS_NOAA20_SP
20.96934,85.17072,306.92,0.6,0.7,2023-10-17,1906,N20,VIIRS,n,2,290.42,1.63,N,2,VIIRS_NOAA20_SP
20.96946,85.16811,307.96,0.6,0.7,2023-10-17,1906,N20,VIIRS,n,2,290.45,2.4,N,2,VIIRS_NOAA20_SP
20.96968,85.01138,327.24,0.61,0.71,2023-10-17,1906,N20,VIIRS,n,2,289.64,5.94,N,0,VIIRS_NOAA20_SP
20.97314,85.12153,314.49,0.6,0.71,2023-10-17,1906,N20,VIIRS,n,2,290.05,2.25,N,0,VIIRS_NOAA20_SP
20.97332,85.12418,309.37,0.6,0.71,2023-10-17,1906,N20,VIIRS,n,2,290.23,2.44,N,0,VIIRS_NOAA20_SP
20.97488,85.01504,301.78,0.61,0.71,2023-10-17,1906,N20,VIIRS,n,2,289.34,2.81,N,0,VIIRS_NOAA20_SP
20.97571,85.99999,306.07,0.53,0.67,2023-10-17,1906,N20,VIIRS,n,2,292.61,1.51,N,2,VIIRS_NOAA20_SP
20.97586,85.17122,303.08,0.6,0.7,2023-10-17,1906,N20,VIIRS,n,2,290.48,1.63,N,2,VIIRS_NOAA20_SP
20.97598,85.16868,307.57,0.6,0.7,2023-10-17,1906,N20,VIIRS,n,2,290.59,2.4,N,2,VIIRS_NOAA20_SP
20.97636,85.16534,303.91,0.6,0.7,2023-10-17,1906,N20,VIIRS,n,2,290.76,3.27,N,2,VIIRS_NOAA20_SP
20.97875,85.13373,302.55,0.6,0.71,2023-10-17,1906,N20,VIIRS,n,2,290.45,2.44,N,2,VIIRS_NOAA20_SP
21.07798,85.03864,305.76,0.61,0.71,2023-10-17,1906,N20,VIIRS,n,2,289.62,1.79,N,2,VIIRS_NOAA20_SP
21.07894,85.03689,306.97,0.61,0.71,2023-10-17,1906,N20,VIIRS,n,2,289.54,2.44,N,2,VIIRS_NOAA20_SP
21.57815,96.23426,308.55,0.41,0.37,2023-10-17,1906,N20,VIIRS,n,2,292.49,1.11,N,2,VIIRS_NOAA20_SP
21.59288,96.22866,306.84,0.41,0.37,2023-10-17,1906,N20,VIIRS,n,2,292.15,1.04,N,2,VIIRS_NOAA20_SP
21.68088,84.0362,303.05,0.72,0.75,2023-10-17,1906,N20,VIIRS,n,2,286.85,3.23,N,2,VIIRS_NOAA20_SP
21.75626,83.8355,301.81,0.74,0.76,2023-10-17,1906,N20,VIIRS,n,2,286.19,1.82,N,2,VIIRS_NOAA20_SP
21.75864,83.83497,301.58,0.74,0.76,2023-10-17,1906,N20,VIIRS,n,2,286.26,1.53,N,2,VIIRS_NOAA20_SP
21.76333,83.83604,302.14,0.74,0.76,2023-10-17,1906,N20,VIIRS,n,2,286.0,1.82,N,0,VIIRS_NOAA20_SP
21.76518,83.84274,300.62,0.74,0.76,2023-10-17,1906,N20,VIIRS,n,2,286.81,1.39,N,2,VIIRS_NOAA20_SP
21.93567,85.21677,302.23,0.61,0.71,2023-10-17,1906,N20,VIIRS,n,2,285.61,1.01,N,0,VIIRS_NOAA20_SP
21.99309,85.32242,298.59,0.6,0.7,2023-10-17,1906,N20,VIIRS,n,2,285.63,0.94,N,2,VIIRS_NOAA20_SP
22.05426,88.12225,323.35,0.39,0.6,2023-10-17,1906,N20,VIIRS,n,2,293.72,3.26,N,2,VIIRS_NOAA20_SP
22.05483,88.12204,324.09,0.39,0.6,2023-10-17,1906,N20,VIIRS,n,2,293.8,3.14,N,2,VIIRS_NOAA20_SP
22.21403,84.83749,304.5,0.64,0.72,2023-10-17,1906,N20,VIIRS,n,2,286.7,0.67,N,0,VIIRS_NOAA20_SP
22.21721,84.83721,304.21,0.65,0.73,2023-10-17,1906,N20,VIIRS,n,2,287.39,1.31,N,0,VIIRS_NOAA20_SP
22.24724,87.38641,307.33,0.44,0.62,2023-10-17,1906,N20,VIIRS,n,2,290.51,1.13,N,2,VIIRS_NOAA20_SP
22.35715,96.70351,301.48,0.4,0.37,2023-10-17,1906,N20,VIIRS,n,2,289.24,0.75,N,2,VIIRS_NOAA20_SP
22.36125,87.01546,301.18,0.47,0.64,2023-10-17,1906,N20,VIIRS,n,2,289.32,1.13,N,2,VIIRS_NOAA20_SP
22.36299,87.01495,306.41,0.47,0.64,2023-10-17,1906,N20,VIIRS,n,2,289.48,1.34,N,2,VIIRS_NOAA20_SP
22.36715,87.01618,312.04,0.47,0.64,2023-10-17,1906,N20,VIIRS,n,2,289.95,1.13,N,2,VIIRS_NOAA20_SP
22.3689,87.01562,311.67,0.47,0.64,2023-10-17,1906,N20,VIIRS,n,2,289.92,1.34,N,2,VIIRS_NOAA20_SP
22.37309,87.29736,303.06,0.45,0.63,2023-10-17,1906,N20,VIIRS,n,2,289.61,2.02,N,2,VIIRS_NOAA20_SP
22.59153,85.90081,305.23,0.56,0.69,2023-10-17,1906,N20,VIIRS,n,2,287.72,1.41,N,2,VIIRS_NOAA20_SP
22.59509,85.90058,303.08,0.56,0.68,2023-10-17,1906,N20,VIIRS,n,2,288.15,1.88,N,2,VIIRS_NOAA20_SP
22.78498,86.19875,304.45,0.53,0.67,2023-10-17,1906,N20,VIIRS,n,2,289.68,1.41,N,2,VIIRS_NOAA20_SP
22.79121,86.19936,302.86,0.53,0.67,2023-10-17,1906,N20,VIIRS,n,2,289.39,1.47,N,2,VIIRS_NOAA20_SP
22.79163,86.19402,302.39,0.54,0.67,2023-10-17,1906,N20,VIIRS,n,2,289.59,1.26,N,2,VIIRS_NOAA20_SP
22.79704,86.20514,306.53,0.53,0.67,2023-10-17,1906,N20,VIIRS,n,2,289.32,1.47,N,2,VIIRS_NOAA20_SP
22.79745,86.1999,301.4,0.53,0.67,2023-10-17,1906,N20,VIIRS,n,2,288.69,1.47,N,2,VIIRS_NOAA20_SP
22.79787,86.19464,304.74,0.54,0.67,2023-10-17,1906,N20,VIIRS,n,2,289.66,1.26,N,2,VIIRS_NOAA20_SP
22.79989,86.08781,304.74,0.54,0.68,2023-10-17,1906,N20,VIIRS,n,2,288.88,1.96,N,2,VIIRS_NOAA20_SP
22.85707,86.05235,304.0,0.55,0.68,2023-10-17,1906,N20,VIIRS,n,2,288.43,0.94,N,2,VIIRS_NOAA20_SP
22.87554,86.05965,307.93,0.55,0.68,2023-10-17,1906,N20,VIIRS,n,2,288.98,1.56,N,2,VIIRS_NOAA20_SP
22.87825,86.05779,304.16,0.55,0.68,2023-10-17,1906,N20,VIIRS,n,2,288.45,1.39,N,2,VIIRS_NOAA20_SP
23.51328,87.27662,305.82,0.46,0.64,2023-10-17,1906,N20,VIIRS,n,2,290.0,0.84,N,2,VIIRS_NOAA20_SP
23.55625,87.24119,303.44,0.47,0.64,2023-10-17,1906,N20,VIIRS,n,2,290.93,1.77,N,2,VIIRS_NOAA20_SP
23.56254,87.23717,314.83,0.47,0.64,2023-10-17,1906,N20,VIIRS,n,2,290.32,1.81,N,2,VIIRS_NOAA20_SP
23.56321,87.08176,304.0,0.48,0.65,2023-10-17,1906,N20,VIIRS,n,2,290.65,0.69,N,0,VIIRS_NOAA20_SP
23.5688,87.08703,301.99,0.48,0.65,2023-10-17,1906,N20,VIIRS,n,2,290.42,0.69,N,0,VIIRS_NOAA20_SP
23.61725,86.78669,308.36,0.5,0.66,2023-10-17,1906,N20,VIIRS,n,2,291.18,1.95,N,2,VIIRS_NOAA20_SP
23.62583,85.65058,298.78,0.59,0.7,2023-10-17,1906,N20,VIIRS,n,2,288.0,0.6,N,0,VIIRS_NOAA20_SP
23.66656,84.99374,300.0,0.65,0.73,2023-10-17,1906,N20,VIIRS,n,2,287.42,1.11,N,2,VIIRS_NOAA20_SP
23.66929,84.9933,308.0,0.65,0.73,2023-10-17,1906,N20,VIIRS,n,2,288.43,1.97,N,2,VIIRS_NOAA20_SP
23.66963,86.9173,303.0,0.49,0.65,2023-10-17,1906,N20,VIIRS,n,2,290.56,1.26,N,2,VIIRS_NOAA20_SP
23.67026,86.41885,309.42,0.53,0.67,2023-10-17,1906,N20,VIIRS,n,2,290.27,1.74,N,2,VIIRS_NOAA20_SP
23.67154,86.41647,310.98,0.53,0.67,2023-10-17,1906,N20,VIIRS,n,2,290.19,1.85,N,0,VIIRS_NOAA20_SP
23.6733,84.99418,301.83,0.65,0.73,2023-10-17,1906,N20,VIIRS,n,2,288.29,1.11,N,0,VIIRS_NOAA20_SP
23.67838,86.39325,303.93,0.53,0.67,2023-10-17,1906,N20,VIIRS,n,2,290.64,1.38,N,2,VIIRS_NOAA20_SP
23.67846,86.08337,306.15,0.56,0.68,2023-10-17,1906,N20,VIIRS,n,2,290.91,2.22,N,2,VIIRS_NOAA20_SP
23.6794,86.39627,301.68,0.53,0.67,2023-10-17,1906,N20,VIIRS,n,2,290.66,1.57,N,2,VIIRS_NOAA20_SP
23.68499,86.38856,309.06,0.53,0.67,2023-10-17,1906,N20,VIIRS,n,2,290.72,2.62,N,2,VIIRS_NOAA20_SP
23.68603,86.3916,303.19,0.53,0.67,2023-10-17,1906,N20,VIIRS,n,2,290.84,1.57,N,2,VIIRS_NOAA20_SP
23.68988,87.1172,306.07,0.48,0.64,2023-10-17,1906,N20,VIIRS,n,2,290.4,1.44,N,2,VIIRS_NOAA20_SP
23.69544,87.1226,303.43,0.48,0.64,2023-10-17,1906,N20,VIIRS,n,2,291.45,2.41,N,2,VIIRS_NOAA20_SP
23.69583,87.11787,312.98,0.48,0.64,2023-10-17,1906,N20,VIIRS,n,2,291.39,1.44,N,2,VIIRS_NOAA20_SP
23.69621,87.11317,304.78,0.48,0.64,2023-10-17,1906,N20,VIIRS,n,2,290.87,1.44,N,2,VIIRS_NOAA20_SP
23.6966,87.10848,303.58,0.48,0.65,2023-10-17,1906,N20,VIIRS,n,2,290.81,1.18,N,2,VIIRS_NOAA20_SP
23.69698,87.10378,305.36,0.48,0.65,2023-10-17,1906,N20,VIIRS,n,2,291.21,1.18,N,2,VIIRS_NOAA20_SP
23.71868,86.44019,312.47,0.53,0.67,2023-10-17,1906,N20,VIIRS,n,2,290.93,3.68,N,2,VIIRS_NOAA20_SP
23.74791,85.50178,299.41,0.61,0.71,2023-10-17,1906,N20,VIIRS,n,2,288.42,0.67,N,2,VIIRS_NOAA20_SP
23.75169,86.41743,304.94,0.53,0.67,2023-10-17,1906,N20,VIIRS,n,2,291.18,2.34,N,2,VIIRS_NOAA20_SP
23.75955,86.3968,307.49,0.53,0.67,2023-10-17,1906,N20,VIIRS,n,2,291.23,3.5,N,2,VIIRS_NOAA20_SP
23.76215,85.85092,306.01,0.58,0.69,2023-10-17,1906,N20,VIIRS,n,2,288.85,1.13,N,2,VIIRS_NOAA20_SP
23.76617,86.39222,303.72,0.53,0.67,2023-10-17,1906,N20,VIIRS,n,2,292.49,1.85,N,2,VIIRS_NOAA20_SP
23.76658,86.38699,306.1,0.53,0.67,2023-10-17,1906,N20,VIIRS,n,2,291.48,1.85,N,2,VIIRS_NOAA20_SP
23.76781,86.37122,303.44,0.53,0.67,2023-10-17,1906,N20,VIIRS,n,2,290.73,1.3,N,2,VIIRS_NOAA20_SP
23.77238,86.39296,304.66,0.53,0.67,2023-10-17,1906,N20,VIIRS,n,2,291.59,1.77,N,2,VIIRS_NOAA20_SP
23.77279,86.38774,302.96,0.53,0.67,2023-10-17,1906,N20,VIIRS,n,2,291.55,1.77,N,2,VIIRS_NOAA20_SP
23.77734,86.38876,309.01,0.53,0.67,2023-10-17,1906,N20,VIIRS,n,2,292.13,1.98,N,2,VIIRS_NOAA20_SP
23.77772,86.38347,316.23,0.53,0.67,2023-10-17,1906,N20,VIIRS,n,2,291.53,1.98,N,2,VIIRS_NOAA20_SP
23.77859,86.39371,306.15,0.53,0.67,2023-10-17,1906,N20,VIIRS,n,2,292.27,1.77,N,2,VIIRS_NOAA20_SP
23.779,86.38852,318.84,0.53,0.67,2023-10-17,1906,N20,VIIRS,n,2,292.79,1.77,N,2,VIIRS_NOAA20_SP
23.77941,86.38323,311.58,0.53,0.67,2023-10-17,1906,N20,VIIRS,n,2,291.2,3.93,N,2,VIIRS_NOAA20_SP
23.78062,86.20541,308.82,0.55,0.68,2023-10-17,1906,N20,VIIRS,n,2,291.44,2.42,N,2,VIIRS_NOAA20_SP
23.78236,86.34576,306.11,0.54,0.68,2023-10-17,1906,N20,VIIRS,n,2,290.46,1.36,N,2,VIIRS_NOAA20_SP
23.78318,86.39468,302.6,0.53,0.67,2023-10-17,1906,N20,VIIRS,n,2,291.4,2.96,N,2,VIIRS_NOAA20_SP
23.78356,86.38948,319.74,0.53,0.67,2023-10-17,1906,N20,VIIRS,n,2,292.61,1.98,N,2,VIIRS_NOAA20_SP
23.78394,86.38419,302.56,0.53,0.67,2023-10-17,1906,N20,VIIRS,n,2,290.2,1.98,N,0,VIIRS_NOAA20_SP
23.7848,86.39439,302.78,0.53,0.67,2023-10-17,1906,N20,VIIRS,n,2,291.51,1.43,N,2,VIIRS_NOAA20_SP
23.78522,86.3892,311.01,0.53,0.67,2023-10-17,1906,N20,VIIRS,n,2,291.48,1.43,N,2,VIIRS_NOAA20_SP
23.78689,86.20625,316.26,0.55,0.68,2023-10-17,1906,N20,VIIRS,n,2,290.91,1.99,N,2,VIIRS_NOAA20_SP
23.7878,86.33075,308.3,0.54,0.68,2023-10-17,1906,N20,VIIRS,n,2,292.27,2.09,N,2,VIIRS_NOAA20_SP
23.78983,86.3306,312.28,0.54,0.68,2023-10-17,1906,N20,VIIRS,n,2,292.08,2.31,N,2,VIIRS_NOAA20_SP
23.7944,86.35247,306.31,0.54,0.67,2023-10-17,1906,N20,VIIRS,n,2,291.28,1.33,N,2,VIIRS_NOAA20_SP
23.79483,86.34703,302.52,0.54,0.68,2023-10-17,1906,N20,VIIRS,n,2,290.98,1.33,N,2,VIIRS_NOAA20_SP
23.79912,86.34801,304.73,0.54,0.68,2023-10-17,1906,N20,VIIRS,n,2,291.03,3.26,N,2,VIIRS_NOAA20_SP
23.80273,86.32661,302.86,0.54,0.68,2023-10-17,1906,N20,VIIRS,n,2,290.81,1.21,N,2,VIIRS_NOAA20_SP
23.80691,86.32748,310.32,0.54,0.68,2023-10-17,1906,N20,VIIRS,n,2,291.65,2.69,N,2,VIIRS_NOAA20_SP
23.80898,86.3272,307.04,0.54,0.68,2023-10-17,1906,N20,VIIRS,n,2,291.4,1.21,N,2,VIIRS_NOAA20_SP
29.22571,88.35004,300.68,0.57,0.69,2023-10-17,2044,N20,VIIRS,n,2,275.58,1.78,N,2,VIIRS_NOAA20_SP
31.2494,76.92773,301.35,0.4,0.37,2023-10-17,2044,N20,VIIRS,n,2,282.99,0.66,N,2,VIIRS_NOAA20_SP
31.33001,76.89424,300.48,0.4,0.37,2023-10-17,2044,N20,VIIRS,n,2,284.79,0.83,N,2,VIIRS_NOAA20_SP
31.36906,76.35561,304.22,0.39,0.36,2023-10-17,2044,N20,VIIRS,n,2,289.05,0.75,N,0,VIIRS_NOAA20_SP
31.60756,74.42077,298.04,0.39,0.36,2023-10-17,2044,N20,VIIRS,n,2,286.76,0.35,N,0,VIIRS_NOAA20_SP
31.6229,74.43229,298.02,0.39,0.36,2023-10-17,2044,N20,VIIRS,n,2,286.42,0.28,N,0,VIIRS_NOAA20_SP
32.08709,74.16029,296.55,0.4,0.37,2023-10-17,2044,N20,VIIRS,n,2,286.02,0.49,N,2,VIIRS_NOAA20_SP
32.29178,70.74033,302.32,0.52,0.42,2023-10-17,2044,N20,VIIRS,n,2,288.26,0.82,N,2,VIIRS_NOAA20_SP
32.72018,72.92452,297.68,0.43,0.38,2023-10-17,2044,N20,VIIRS,n,2,284.65,0.37,N,2,VIIRS_NOAA20_SP
33.27008,71.30924,310.84,0.5,0.41,2023-10-17,2044,N20,VIIRS,n,2,285.3,1.33,N,0,VIIRS_NOAA20_SP
33.29683,71.18122,295.52,0.51,0.41,2023-10-17,2044,N20,VIIRS,n,2,284.25,0.64,N,0,VIIRS_NOAA20_SP
33.40916,71.9388,296.34,0.47,0.4,2023-10-17,2044,N20,VIIRS,n,2,285.64,0.35,N,2,VIIRS_NOAA20_SP
33.80239,72.09904,304.85,0.47,0.4,2023-10-17,2044,N20,VIIRS,n,2,285.98,1.09,N,2,VIIRS_NOAA20_SP
33.81767,72.71994,295.11,0.45,0.39,2023-10-17,2044,N20,VIIRS,n,2,285.05,0.54,N,0,VIIRS_NOAA20_SP
33.90276,71.9149,295.96,0.48,0.4,2023-10-17,2044,N20,VIIRS,n,2,284.6,0.94,N,2,VIIRS_NOAA20_SP
35.1748,73.23627,296.62,0.44,0.38,2023-10-17,2044,N20,VIIRS,n,2,278.6,0.6,N,0,VIIRS_NOAA20_SP
27.66905,76.12934,307.1,0.4,0.37,2023-10-17,2045,N20,VIIRS,n,2,291.53,1.02,N,2,VIIRS_NOAA20_SP
28.03176,77.18771,305.06,0.43,0.38,2023-10-17,2045,N20,VIIRS,n,2,288.6,0.72,N,0,VIIRS_NOAA20_SP
28.74478,76.92654,299.72,0.42,0.37,2023-10-17,2045,N20,VIIRS,n,2,288.93,0.48,N,0,VIIRS_NOAA20_SP
28.7731,77.56927,308.95,0.44,0.38,2023-10-17,2045,N20,VIIRS,n,2,289.01,0.91,N,0,VIIRS_NOAA20_SP
28.77388,77.56489,305.62,0.44,0.38,2023-10-17,2045,N20,VIIRS,n,2,288.7,0.91,N,0,VIIRS_NOAA20_SP
28.77653,76.94675,329.16,0.42,0.37,2023-10-17,2045,N20,VIIRS,n,2,289.94,5.07,N,0,VIIRS_NOAA20_SP
28.83106,77.15963,298.88,0.42,0.38,2023-10-17,2045,N20,VIIRS,n,2,288.85,0.38,N,0,VIIRS_NOAA20_SP
28.8382,77.13912,302.47,0.42,0.38,2023-10-17,2045,N20,VIIRS,n,2,289.28,0.57,N,0,VIIRS_NOAA20_SP
28.84354,77.14919,304.05,0.42,0.38,2023-10-17,2045,N20,VIIRS,n,2,289.41,0.71,N,0,VIIRS_NOAA20_SP
28.84769,77.14571,299.08,0.42,0.38,2023-10-17,2045,N20,VIIRS,n,2,288.83,0.54,N,0,VIIRS_NOAA20_SP
29.12391,75.77708,308.68,0.39,0.36,2023-10-17,2045,N20,VIIRS,n,2,290.12,1.12,N,2,VIIRS_NOAA20_SP
29.1663,76.99834,301.28,0.41,0.37,2023-10-17,2045,N20,VIIRS,n,2,288.75,0.54,N,0,VIIRS_NOAA20_SP
29.88367,70.73031,298.17,0.49,0.4,2023-10-17,2045,N20,VIIRS,n,2,287.88,0.41,N,0,VIIRS_NOAA20_SP
30.32728,70.5351,299.37,0.51,0.41,2023-10-17,2045,N20,VIIRS,n,2,288.52,0.77,N,0,VIIRS_NOAA20_SP
30.64454,72.9522,298.62,0.41,0.37,2023-10-17,2045,N20,VIIRS,n,2,288.04,0.51,N,0,VIIRS_NOAA20_SP
30.64514,72.94791,302.0,0.41,0.37,2023-10-17,2045,N20,VIIRS,n,2,287.69,0.61,N,0,VIIRS_NOAA20_SP
22.20451,84.84599,318.93,0.5,0.66,2023-10-17,2046,N20,VIIRS,n,2,288.24,2.68,N,2,VIIRS_NOAA20_SP
22.21113,84.85878,301.97,0.5,0.66,2023-10-17,2046,N20,VIIRS,n,2,288.56,2.13,N,2,VIIRS_NOAA20_SP
22.21254,84.83832,312.92,0.5,0.66,2023-10-17,2046,N20,VIIRS,n,2,288.47,1.38,N,2,VIIRS_NOAA20_SP
22.21299,84.86322,302.65,0.5,0.66,2023-10-17,2046,N20,VIIRS,n,2,289.11,1.6,N,2,VIIRS_NOAA20_SP
22.21558,84.84021,310.27,0.5,0.66,2023-10-17,2046,N20,VIIRS,n,2,288.87,1.26,N,2,VIIRS_NOAA20_SP
22.36879,87.29995,305.59,0.7,0.75,2023-10-17,2046,N20,VIIRS,n,2,288.18,2.55,N,2,VIIRS_NOAA20_SP
22.37694,87.27452,305.93,0.7,0.75,2023-10-17,2046,N20,VIIRS,n,2,287.94,2.37,N,2,VIIRS_NOAA20_SP
22.38207,87.27554,303.34,0.7,0.75,2023-10-17,2046,N20,VIIRS,n,2,287.81,1.59,N,0,VIIRS_NOAA20_SP
22.59023,85.90285,305.1,0.57,0.69,2023-10-17,2046,N20,VIIRS,n,2,289.34,1.2,N,2,VIIRS_NOAA20_SP
22.78487,86.20473,301.68,0.59,0.7,2023-10-17,2046,N20,VIIRS,n,2,289.58,1.76,N,2,VIIRS_NOAA20_SP
22.78621,86.19931,302.15,0.59,0.7,2023-10-17,2046,N20,VIIRS,n,2,289.42,1.76,N,2,VIIRS_NOAA20_SP
22.78931,86.20323,311.47,0.59,0.7,2023-10-17,2046,N20,VIIRS,n,2,290.1,2.85,N,2,VIIRS_NOAA20_SP
22.79062,86.19777,302.1,0.59,0.7,2023-10-17,2046,N20,VIIRS,n,2,290.15,2.44,N,2,VIIRS_NOAA20_SP
22.79382,86.19561,302.62,0.59,0.7,2023-10-17,2046,N20,VIIRS,n,2,290.03,1.79,N,2,VIIRS_NOAA20_SP
22.79552,86.20517,302.82,0.59,0.7,2023-10-17,2046,N20,VIIRS,n,2,289.41,1.83,N,2,VIIRS_NOAA20_SP
22.79716,86.08799,300.02,0.58,0.7,2023-10-17,2046,N20,VIIRS,n,2,288.62,0.83,N,2,VIIRS_NOAA20_SP
22.79866,86.20303,306.27,0.59,0.7,2023-10-17,2046,N20,VIIRS,n,2,289.35,1.56,N,2,VIIRS_NOAA20_SP
22.80099,86.08609,307.02,0.58,0.7,2023-10-17,2046,N20,VIIRS,n,2,288.75,2.17,N,2,VIIRS_NOAA20_SP
22.80336,86.08978,301.98,0.58,0.7,2023-10-17,2046,N20,VIIRS,n,2,289.53,0.83,N,2,VIIRS_NOAA20_SP
22.87364,86.06031,310.92,0.57,0.69,2023-10-17,2046,N20,VIIRS,n,2,289.34,1.57,N,2,VIIRS_NOAA20_SP
23.16784,82.34199,303.89,0.33,0.55,2023-10-17,2046,N20,VIIRS,n,2,281.28,1.77,N,2,VIIRS_NOAA20_SP
23.48523,87.35891,300.97,0.67,0.74,2023-10-17,2046,N20,VIIRS,n,2,289.22,1.15,N,2,VIIRS_NOAA20_SP
23.56451,87.08244,301.44,0.64,0.72,2023-10-17,2046,N20,VIIRS,n,2,289.37,1.47,N,0,VIIRS_NOAA20_SP
23.61867,86.78306,305.27,0.61,0.71,2023-10-17,2046,N20,VIIRS,n,2,290.31,1.92,N,0,VIIRS_NOAA20_SP
23.61875,86.78046,301.73,0.61,0.71,2023-10-17,2046,N20,VIIRS,n,2,290.19,1.4,N,0,VIIRS_NOAA20_SP
23.6442,85.39622,298.8,0.5,0.66,2023-10-17,2046,N20,VIIRS,n,2,288.64,0.66,N,0,VIIRS_NOAA20_SP
23.65906,85.50378,299.64,0.51,0.66,2023-10-17,2046,N20,VIIRS,n,2,288.89,0.8,N,2,VIIRS_NOAA20_SP
23.67035,86.09007,300.7,0.55,0.68,2023-10-17,2046,N20,VIIRS,n,2,289.12,0.57,N,2,VIIRS_NOAA20_SP
23.67904,86.08141,301.38,0.55,0.68,2023-10-17,2046,N20,VIIRS,n,2,289.58,1.78,N,2,VIIRS_NOAA20_SP
23.67954,86.08407,303.51,0.55,0.68,2023-10-17,2046,N20,VIIRS,n,2,290.43,1.64,N,2,VIIRS_NOAA20_SP
23.68838,86.38932,310.59,0.58,0.69,2023-10-17,2046,N20,VIIRS,n,2,290.1,4.35,N,2,VIIRS_NOAA20_SP
23.69001,87.09647,303.07,0.64,0.72,2023-10-17,2046,N20,VIIRS,n,2,290.02,1.18,N,2,VIIRS_NOAA20_SP
23.69179,87.11671,303.46,0.64,0.72,2023-10-17,2046,N20,VIIRS,n,2,289.52,1.9,N,2,VIIRS_NOAA20_SP
23.69334,87.11057,301.32,0.64,0.72,2023-10-17,2046,N20,VIIRS,n,2,289.53,1.9,N,2,VIIRS_NOAA20_SP
23.72116,86.44539,302.28,0.58,0.7,2023-10-17,2046,N20,VIIRS,n,2,290.92,2.49,N,2,VIIRS_NOAA20_SP
23.73467,86.75336,303.8,0.61,0.71,2023-10-17,2046,N20,VIIRS,n,2,290.33,1.4,N,0,VIIRS_NOAA20_SP
23.76198,86.39972,321.41,0.58,0.69,2023-10-17,2046,N20,VIIRS,n,2,291.2,2.67,N,2,VIIRS_NOAA20_SP
23.76331,86.39435,311.18,0.57,0.69,2023-10-17,2046,N20,VIIRS,n,2,291.9,2.67,N,2,VIIRS_NOAA20_SP
23.76468,86.38886,302.26,0.57,0.69,2023-10-17,2046,N20,VIIRS,n,2,290.51,4.68,N,2,VIIRS_NOAA20_SP
23.76876,86.37241,304.34,0.57,0.69,2023-10-17,2046,N20,VIIRS,n,2,290.76,2.4,N,2,VIIRS_NOAA20_SP
23.76952,86.39606,302.89,0.57,0.69,2023-10-17,2046,N20,VIIRS,n,2,290.96,2.67,N,2,VIIRS_NOAA20_SP
23.77184,86.20095,302.27,0.56,0.69,2023-10-17,2046,N20,VIIRS,n,2,289.66,1.26,N,2,VIIRS_NOAA20_SP
23.77419,86.19992,302.92,0.56,0.69,2023-10-17,2046,N20,VIIRS,n,2,290.09,1.71,N,2,VIIRS_NOAA20_SP
23.7767,86.20781,312.05,0.56,0.69,2023-10-17,2046,N20,VIIRS,n,2,290.46,1.26,N,2,VIIRS_NOAA20_SP
23.7771,86.39221,304.3,0.57,0.69,2023-10-17,2046,N20,VIIRS,n,2,291.12,1.36,N,2,VIIRS_NOAA20_SP
23.77802,86.20251,300.57,0.56,0.69,2023-10-17,2046,N20,VIIRS,n,2,289.82,1.26,N,2,VIIRS_NOAA20_SP
23.77847,86.38669,310.31,0.57,0.69,2023-10-17,2046,N20,VIIRS,n,2,290.59,1.36,N,2,VIIRS_NOAA20_SP
23.77906,86.20684,309.12,0.56,0.69,2023-10-17,2046,N20,VIIRS,n,2,290.08,2.2,N,2,VIIRS_NOAA20_SP
23.78035,86.20152,300.5,0.56,0.69,2023-10-17,2046,N20,VIIRS,n,2,289.59,2.59,N,2,VIIRS_NOAA20_SP
23.78245,86.37062,304.92,0.57,0.69,2023-10-17,2046,N20,VIIRS,n,2,290.03,1.89,N,2,VIIRS_NOAA20_SP
23.78292,86.34196,313.72,0.57,0.69,2023-10-17,2046,N20,VIIRS,n,2,290.25,2.79,N,2,VIIRS_NOAA20_SP
23.7833,86.39395,305.0,0.57,0.69,2023-10-17,2046,N20,VIIRS,n,2,290.81,1.36,N,2,VIIRS_NOAA20_SP
23.7842,86.20403,312.97,0.56,0.69,2023-10-17,2046,N20,VIIRS,n,2,289.42,2.75,N,2,VIIRS_NOAA20_SP
23.78467,86.38841,303.73,0.57,0.69,2023-10-17,2046,N20,VIIRS,n,2,290.12,1.36,N,2,VIIRS_NOAA20_SP
23.78523,86.20844,306.66,0.56,0.69,2023-10-17,2046,N20,VIIRS,n,2,290.18,2.2,N,2,VIIRS_NOAA20_SP
23.78562,86.33103,304.88,0.57,0.69,2023-10-17,2046,N20,VIIRS,n,2,290.53,2.3,N,2,VIIRS_NOAA20_SP
23.79396,86.35079,316.0,0.57,0.69,2023-10-17,2046,N20,VIIRS,n,2,291.6,2.6,N,2,VIIRS_NOAA20_SP
23.79527,86.34545,310.67,0.57,0.69,2023-10-17,2046,N20,VIIRS,n,2,290.73,2.6,N,2,VIIRS_NOAA20_SP
23.8068,86.32549,309.77,0.57,0.69,2023-10-17,2046,N20,VIIRS,n,2,290.88,2.91,N,2,VIIRS_NOAA20_SP
24.16748,80.69283,306.59,0.5,0.49,2023-10-17,2046,N20,VIIRS,n,2,291.92,1.42,N,2,VIIRS_NOAA20_SP
24.17945,76.14888,302.72,0.43,0.38,2023-10-17,2046,N20,VIIRS,n,2,291.74,0.75,N,0,VIIRS_NOAA20_SP
24.68787,76.81695,304.17,0.45,0.39,2023-10-17,2046,N20,VIIRS,n,2,291.56,1.09,N,0,VIIRS_NOAA20_SP
24.68866,76.81255,314.61,0.45,0.39,2023-10-17,2046,N20,VIIRS,n,2,291.29,1.09,N,0,VIIRS_NOAA20_SP
24.77071,77.21039,309.73,0.47,0.4,2023-10-17,2046,N20,VIIRS,n,2,289.71,0.58,N,0,VIIRS_NOAA20_SP
24.78486,77.25619,310.64,0.47,0.4,2023-10-17,2046,N20,VIIRS,n,2,289.67,1.21,N,0,VIIRS_NOAA20_SP
24.93455,74.63216,309.88,0.39,0.36,2023-10-17,2046,N20,VIIRS,n,2,292.92,1.17,N,2,VIIRS_NOAA20_SP
24.96217,74.12481,309.31,0.39,0.36,2023-10-17,2046,N20,VIIRS,n,2,291.95,1.07,N,0,VIIRS_NOAA20_SP
25.15646,72.62875,305.25,0.39,0.36,2023-10-17,2046,N20,VIIRS,n,2,292.75,0.72,N,0,VIIRS_NOAA20_SP
25.39972,68.56782,305.21,0.56,0.43,2023-10-17,2046,N20,VIIRS,n,2,293.43,0.77,N,2,VIIRS_NOAA20_SP
25.40039,68.56221,304.03,0.57,0.43,2023-10-17,2046,N20,VIIRS,n,2,293.2,0.77,N,2,VIIRS_NOAA20_SP
25.51781,68.74501,315.09,0.55,0.43,2023-10-17,2046,N20,VIIRS,n,2,293.23,1.94,N,0,VIIRS_NOAA20_SP
25.75843,69.19094,305.68,0.53,0.42,2023-10-17,2046,N20,VIIRS,n,2,293.12,1.12,N,0,VIIRS_NOAA20_SP
25.79492,68.69418,304.86,0.56,0.43,2023-10-17,2046,N20,VIIRS,n,2,293.53,1.12,N,2,VIIRS_NOAA20_SP
26.09558,68.87926,303.85,0.55,0.43,2023-10-17,2046,N20,VIIRS,n,2,293.56,0.62,N,2,VIIRS_NOAA20_SP
26.29965,74.12592,303.64,0.38,0.36,2023-10-17,2046,N20,VIIRS,n,2,291.84,0.84,N,2,VIIRS_NOAA20_SP
26.60731,73.68365,302.7,0.39,0.36,2023-10-17,2046,N20,VIIRS,n,2,291.27,0.83,N,2,VIIRS_NOAA20_SP
26.64075,79.47966,306.64,0.57,0.43,2023-10-17,2046,N20,VIIRS,n,2,289.94,1.01,N,2,VIIRS_NOAA20_SP
26.64467,79.48061,314.27,0.57,0.43,2023-10-17,2046,N20,VIIRS,n,2,289.63,1.82,N,2,VIIRS_NOAA20_SP
26.8743,73.51565,309.75,0.39,0.36,2023-10-17,2046,N20,VIIRS,n,2,290.71,1.01,N,2,VIIRS_NOAA20_SP
26.87759,73.51627,303.57,0.39,0.36,2023-10-17,2046,N20,VIIRS,n,2,291.06,1.01,N,2,VIIRS_NOAA20_SP
26.88148,73.51305,303.04,0.39,0.36,2023-10-17,2046,N20,VIIRS,n,2,290.84,0.63,N,2,VIIRS_NOAA20_SP
27.2071,77.04381,303.58,0.43,0.38,2023-10-17,2046,N20,VIIRS,n,2,290.69,0.72,N,0,VIIRS_NOAA20_SP
28.42434,69.70076,303.53,0.53,0.42,2023-10-17,2046,N20,VIIRS,n,2,290.24,0.82,N,2,VIIRS_NOAA20_SP
20.69788,78.63647,304.26,0.43,0.46,2023-10-17,2047,N20,VIIRS,n,2,292.73,1.3,N,2,VIIRS_NOAA20_SP
20.78487,85.25957,304.46,0.57,0.69,2023-10-17,2047,N20,VIIRS,n,2,289.89,1.53,N,2,VIIRS_NOAA20_SP
20.78981,85.2665,305.65,0.57,0.69,2023-10-17,2047,N20,VIIRS,n,2,290.48,1.53,N,2,VIIRS_NOAA20_SP
20.79358,85.25043,323.34,0.57,0.69,2023-10-17,2047,N20,VIIRS,n,2,290.18,4.61,N,2,VIIRS_NOAA20_SP
20.8059,85.2539,306.47,0.57,0.69,2023-10-17,2047,N20,VIIRS,n,2,290.37,2.09,N,2,VIIRS_NOAA20_SP
20.81037,85.25279,302.35,0.57,0.69,2023-10-17,2047,N20,VIIRS,n,2,290.28,2.2,N,2,VIIRS_NOAA20_SP
20.86661,84.99312,307.15,0.54,0.68,2023-10-17,2047,N20,VIIRS,n,2,290.96,1.51,N,2,VIIRS_NOAA20_SP
20.86662,84.99093,306.46,0.54,0.68,2023-10-17,2047,N20,VIIRS,n,2,290.51,2.16,N,2,VIIRS_NOAA20_SP
20.94222,86.05653,302.68,0.63,0.72,2023-10-17,2047,N20,VIIRS,n,2,290.29,1.58,N,2,VIIRS_NOAA20_SP
20.94331,86.05587,303.99,0.63,0.72,2023-10-17,2047,N20,VIIRS,n,2,290.84,1.83,N,2,VIIRS_NOAA20_SP
20.95876,85.01109,303.81,0.54,0.68,2023-10-17,2047,N20,VIIRS,n,2,289.97,1.82,N,2,VIIRS_NOAA20_SP
20.96173,86.00504,303.04,0.63,0.72,2023-10-17,2047,N20,VIIRS,n,2,289.81,1.67,N,2,VIIRS_NOAA20_SP
20.9625,86.00419,303.54,0.63,0.72,2023-10-17,2047,N20,VIIRS,n,2,289.91,1.97,N,2,VIIRS_NOAA20_SP
20.96474,85.17278,311.93,0.56,0.68,2023-10-17,2047,N20,VIIRS,n,2,290.26,2.52,N,2,VIIRS_NOAA20_SP
20.96568,85.17676,304.34,0.56,0.69,2023-10-17,2047,N20,VIIRS,n,2,289.75,2.06,N,2,VIIRS_NOAA20_SP
20.96595,85.16767,309.5,0.56,0.68,2023-10-17,2047,N20,VIIRS,n,2,290.19,2.52,N,2,VIIRS_NOAA20_SP
20.96669,86.01275,306.62,0.63,0.72,2023-10-17,2047,N20,VIIRS,n,2,290.17,2.22,N,2,VIIRS_NOAA20_SP
20.96687,85.17163,310.26,0.56,0.69,2023-10-17,2047,N20,VIIRS,n,2,290.07,2.06,N,2,VIIRS_NOAA20_SP
20.96716,85.16259,304.73,0.55,0.68,2023-10-17,2047,N20,VIIRS,n,2,289.66,2.98,N,2,VIIRS_NOAA20_SP
20.96747,86.01201,313.5,0.63,0.72,2023-10-17,2047,N20,VIIRS,n,2,290.72,1.97,N,2,VIIRS_NOAA20_SP
20.96805,85.16653,307.13,0.56,0.68,2023-10-17,2047,N20,VIIRS,n,2,289.94,4.99,N,2,VIIRS_NOAA20_SP
20.96811,86.00694,303.45,0.63,0.72,2023-10-17,2047,N20,VIIRS,n,2,290.49,1.67,N,2,VIIRS_NOAA20_SP
20.96961,85.15229,302.43,0.55,0.68,2023-10-17,2047,N20,VIIRS,n,2,289.75,1.87,N,2,VIIRS_NOAA20_SP
20.97164,85.15102,301.75,0.55,0.68,2023-10-17,2047,N20,VIIRS,n,2,289.37,1.75,N,2,VIIRS_NOAA20_SP
20.97205,85.16941,317.17,0.56,0.68,2023-10-17,2047,N20,VIIRS,n,2,289.79,3.98,N,2,VIIRS_NOAA20_SP
20.97298,85.17338,316.27,0.56,0.69,2023-10-17,2047,N20,VIIRS,n,2,290.3,2.06,N,2,VIIRS_NOAA20_SP
20.98062,85.13338,302.86,0.55,0.68,2023-10-17,2047,N20,VIIRS,n,2,289.46,1.6,N,2,VIIRS_NOAA20_SP
21.10145,72.65304,338.75,0.38,0.36,2023-10-17,2047,N20,VIIRS,n,2,299.56,6.13,N,2,VIIRS_NOAA20_SP
21.10202,72.64938,321.47,0.38,0.36,2023-10-17,2047,N20,VIIRS,n,2,296.62,2.71,N,2,VIIRS_NOAA20_SP
21.10432,72.63473,332.04,0.38,0.36,2023-10-17,2047,N20,VIIRS,n,2,298.36,3.54,N,2,VIIRS_NOAA20_SP
21.10662,72.64631,322.16,0.38,0.36,2023-10-17,2047,N20,VIIRS,n,2,298.92,2.79,N,2,VIIRS_NOAA20_SP
21.37612,81.67905,312.82,0.33,0.55,2023-10-17,2047,N20,VIIRS,n,2,288.8,1.71,N,2,VIIRS_NOAA20_SP
21.3862,81.65588,304.02,0.32,0.55,2023-10-17,2047,N20,VIIRS,n,2,289.29,1.1,N,0,VIIRS_NOAA20_SP
21.48746,81.76929,314.82,0.33,0.55,2023-10-17,2047,N20,VIIRS,n,2,290.94,1.64,N,2,VIIRS_NOAA20_SP
21.49973,81.78273,302.34,0.33,0.55,2023-10-17,2047,N20,VIIRS,n,2,290.42,0.64,N,0,VIIRS_NOAA20_SP
21.54371,81.94525,303.67,0.34,0.56,2023-10-17,2047,N20,VIIRS,n,2,291.01,0.95,N,2,VIIRS_NOAA20_SP
21.5785,82.02239,305.95,0.34,0.56,2023-10-17,2047,N20,VIIRS,n,2,291.44,0.81,N,2,VIIRS_NOAA20_SP
21.67516,82.0807,310.49,0.34,0.56,2023-10-17,2047,N20,VIIRS,n,2,290.99,1.24,N,2,VIIRS_NOAA20_SP
21.6802,84.03906,315.42,0.45,0.63,2023-10-17,2047,N20,VIIRS,n,2,291.02,3.15,N,2,VIIRS_NOAA20_SP
21.68118,84.03482,304.44,0.45,0.63,2023-10-17,2047,N20,VIIRS,n,2,289.22,2.13,N,2,VIIRS_NOAA20_SP
21.73174,82.21449,307.19,0.35,0.57,2023-10-17,2047,N20,VIIRS,n,2,291.31,1.19,N,2,VIIRS_NOAA20_SP
21.73421,82.21455,302.78,0.35,0.56,2023-10-17,2047,N20,VIIRS,n,2,290.46,0.6,N,2,VIIRS_NOAA20_SP
21.75001,83.81242,302.97,0.44,0.62,2023-10-17,2047,N20,VIIRS,n,2,288.5,0.68,N,0,VIIRS_NOAA20_SP
21.75596,84.02256,312.52,0.45,0.63,2023-10-17,2047,N20,VIIRS,n,2,290.34,1.78,N,2,VIIRS_NOAA20_SP
21.75764,84.02242,312.86,0.45,0.63,2023-10-17,2047,N20,VIIRS,n,2,290.26,1.91,N,2,VIIRS_NOAA20_SP
21.76257,84.01979,304.13,0.45,0.63,2023-10-17,2047,N20,VIIRS,n,2,290.08,1.99,N,2,VIIRS_NOAA20_SP
21.76427,84.01965,304.49,0.45,0.63,2023-10-17,2047,N20,VIIRS,n,2,290.14,1.4,N,2,VIIRS_NOAA20_SP
21.76524,84.01548,302.29,0.45,0.63,2023-10-17,2047,N20,VIIRS,n,2,289.76,1.4,N,2,VIIRS_NOAA20_SP
21.76726,84.02556,309.72,0.45,0.63,2023-10-17,2047,N20,VIIRS,n,2,288.94,1.64,N,2,VIIRS_NOAA20_SP
21.76893,84.02541,308.94,0.45,0.63,2023-10-17,2047,N20,VIIRS,n,2,288.55,1.46,N,2,VIIRS_NOAA20_SP
21.76917,84.01708,310.49,0.45,0.63,2023-10-17,2047,N20,VIIRS,n,2,290.22,1.99,N,2,VIIRS_NOAA20_SP
21.7709,84.01694,307.81,0.45,0.63,2023-10-17,2047,N20,VIIRS,n,2,289.92,1.4,N,2,VIIRS_NOAA20_SP
21.77605,83.82803,310.62,0.44,0.62,2023-10-17,2047,N20,VIIRS,n,2,289.28,2.2,N,2,VIIRS_NOAA20_SP
21.77973,83.83797,305.54,0.44,0.62,2023-10-17,2047,N20,VIIRS,n,2,289.37,1.11,N,2,VIIRS_NOAA20_SP
21.78068,83.83375,305.45,0.44,0.62,2023-10-17,2047,N20,VIIRS,n,2,288.7,1.11,N,2,VIIRS_NOAA20_SP
21.80494,83.88405,303.02,0.44,0.63,2023-10-17,2047,N20,VIIRS,n,2,289.77,1.29,N,2,VIIRS_NOAA20_SP
21.80566,83.89247,303.12,0.44,0.63,2023-10-17,2047,N20,VIIRS,n,2,289.94,0.68,N,0,VIIRS_NOAA20_SP
21.80755,83.88425,303.0,0.44,0.62,2023-10-17,2047,N20,VIIRS,n,2,289.72,1.01,N,2,VIIRS_NOAA20_SP
21.80873,83.89366,301.54,0.44,0.63,2023-10-17,2047,N20,VIIRS,n,2,288.68,0.75,N,0,VIIRS_NOAA20_SP
21.92985,85.22269,300.52,0.53,0.67,2023-10-17,2047,N20,VIIRS,n,2,287.98,1.2,N,2,VIIRS_NOAA20_SP
21.93071,85.22078,308.04,0.53,0.67,2023-10-17,2047,N20,VIIRS,n,2,287.92,2.68,N,2,VIIRS_NOAA20_SP
21.93108,85.21743,304.97,0.53,0.67,2023-10-17,2047,N20,VIIRS,n,2,287.27,1.2,N,2,VIIRS_NOAA20_SP
22.00568,82.67036,317.1,0.37,0.58,2023-10-17,2047,N20,VIIRS,n,2,291.52,2.07,N,2,VIIRS_NOAA20_SP
22.00644,82.66695,309.96,0.37,0.58,2023-10-17,2047,N20,VIIRS,n,2,290.19,1.97,N,2,VIIRS_NOAA20_SP
22.01864,83.748,301.91,0.43,0.62,2023-10-17,2047,N20,VIIRS,n,2,288.61,0.88,N,0,VIIRS_NOAA20_SP
22.02603,83.30721,301.21,0.4,0.6,2023-10-17,2047,N20,VIIRS,n,2,288.89,1.29,N,0,VIIRS_NOAA20_SP
22.03972,83.73237,302.68,0.43,0.62,2023-10-17,2047,N20,VIIRS,n,2,289.33,1.28,N,2,VIIRS_NOAA20_SP
22.04366,83.73344,311.88,0.43,0.62,2023-10-17,2047,N20,VIIRS,n,2,289.94,2.55,N,2,VIIRS_NOAA20_SP
22.0446,83.72942,303.25,0.43,0.62,2023-10-17,2047,N20,VIIRS,n,2,289.52,1.19,N,0,VIIRS_NOAA20_SP
22.04522,83.73392,304.75,0.43,0.62,2023-10-17,2047,N20,VIIRS,n,2,289.65,1.61,N,2,VIIRS_NOAA20_SP
22.04612,83.72987,301.39,0.43,0.62,2023-10-17,2047,N20,VIIRS,n,2,288.83,0.96,N,0,VIIRS_NOAA20_SP
22.14856,72.61257,304.12,0.38,0.36,2023-10-17,2047,N20,VIIRS,n,2,293.82,0.3,N,0,VIIRS_NOAA20_SP
22.26619,75.13123,309.02,0.42,0.37,2023-10-17,2047,N20,VIIRS,n,2,294.55,1.96,N,2,VIIRS_NOAA20_SP
22.31457,82.5315,304.59,0.35,0.57,2023-10-17,2047,N20,VIIRS,n,2,290.34,0.87,N,2,VIIRS_NOAA20_SP
22.31529,82.52815,305.3,0.35,0.57,2023-10-17,2047,N20,VIIRS,n,2,291.07,1.14,N,2,VIIRS_NOAA20_SP
22.31588,82.53294,303.49,0.35,0.57,2023-10-17,2047,N20,VIIRS,n,2,290.17,0.62,N,2,VIIRS_NOAA20_SP
22.31662,82.5296,304.3,0.35,0.57,2023-10-17,2047,N20,VIIRS,n,2,291.04,1.32,N,2,VIIRS_NOAA20_SP
22.32624,82.68213,301.16,0.36,0.57,2023-10-17,2047,N20,VIIRS,n,2,290.25,0.54,N,2,VIIRS_NOAA20_SP
22.32806,82.60004,304.19,0.36,0.57,2023-10-17,2047,N20,VIIRS,n,2,290.25,1.5,N,0,VIIRS_NOAA20_SP
22.3288,82.59669,303.57,0.36,0.57,2023-10-17,2047,N20,VIIRS,n,2,290.5,1.04,N,0,VIIRS_NOAA20_SP
22.33305,82.65126,314.06,0.36,0.57,2023-10-17,2047,N20,VIIRS,n,2,290.87,1.66,N,2,VIIRS_NOAA20_SP
22.35527,82.29213,303.93,0.34,0.56,2023-10-17,2047,N20,VIIRS,n,2,289.43,0.51,N,0,VIIRS_NOAA20_SP
22.43025,71.08833,308.33,0.41,0.37,2023-10-17,2047,N20,VIIRS,n,2,292.52,0.64,N,0,VIIRS_NOAA20_SP
22.78986,70.91985,321.87,0.42,0.37,2023-10-17,2047,N20,VIIRS,n,2,296.37,2.1,N,2,VIIRS_NOAA20_SP
22.92451,70.10488,328.61,0.45,0.39,2023-10-17,2047,N20,VIIRS,n,2,296.94,2.77,N,0,VIIRS_NOAA20_SP
22.92616,69.8223,304.91,0.46,0.39,2023-10-17,2047,N20,VIIRS,n,2,294.85,1.0,N,2,VIIRS_NOAA20_SP
22.92769,69.82471,307.66,0.46,0.39,2023-10-17,2047,N20,VIIRS,n,2,295.82,1.23,N,2,VIIRS_NOAA20_SP
22.92805,70.10546,316.37,0.45,0.39,2023-10-17,2047,N20,VIIRS,n,2,295.97,2.77,N,0,VIIRS_NOAA20_SP
22.93415,69.69763,320.27,0.46,0.39,2023-10-17,2047,N20,VIIRS,n,2,295.21,2.42,N,2,VIIRS_NOAA20_SP
22.93776,69.69822,306.37,0.46,0.39,2023-10-17,2047,N20,VIIRS,n,2,294.64,1.42,N,2,VIIRS_NOAA20_SP
22.9888,72.58688,307.97,0.39,0.36,2023-10-17,2047,N20,VIIRS,n,2,297.23,1.56,N,2,VIIRS_NOAA20_SP
23.1807,72.64341,306.45,0.39,0.36,2023-10-17,2047,N20,VIIRS,n,2,293.99,0.7,N,0,VIIRS_NOAA20_SP
23.25805,70.25152,305.39,0.44,0.39,2023-10-17,2047,N20,VIIRS,n,2,295.03,1.22,N,2,VIIRS_NOAA20_SP
23.26511,70.25269,307.62,0.44,0.39,2023-10-17,2047,N20,VIIRS,n,2,295.48,1.42,N,2,VIIRS_NOAA20_SP
23.31587,70.48576,311.56,0.44,0.38,2023-10-17,2047,N20,VIIRS,n,2,295.48,1.66,N,2,VIIRS_NOAA20_SP
15.96324,80.93671,305.01,0.37,0.58,2023-10-17,2048,N20,VIIRS,n,2,290.58,0.45,N,0,VIIRS_NOAA20_SP
17.13962,77.18394,304.09,0.41,0.45,2023-10-17,2048,N20,VIIRS,n,2,293.51,0.9,N,2,VIIRS_NOAA20_SP
17.6085,83.20027,304.62,0.49,0.65,2023-10-17,2048,N20,VIIRS,n,2,290.85,1.76,N,2,VIIRS_NOAA20_SP
18.67931,79.55054,305.43,0.54,0.51,2023-10-17,2048,N20,VIIRS,n,2,294.57,1.13,N,0,VIIRS_NOAA20_SP
18.68299,73.03307,308.39,0.39,0.36,2023-10-17,2048,N20,VIIRS,n,2,295.17,2.52,N,2,VIIRS_NOAA20_SP
18.68511,73.04098,314.11,0.39,0.36,2023-10-17,2048,N20,VIIRS,n,2,294.94,4.45,N,2,VIIRS_NOAA20_SP
18.68571,73.03732,310.31,0.39,0.36,2023-10-17,2048,N20,VIIRS,n,2,294.99,2.52,N,2,VIIRS_NOAA20_SP
18.68689,73.02999,315.56,0.39,0.36,2023-10-17,2048,N20,VIIRS,n,2,295.38,3.86,N,2,VIIRS_NOAA20_SP
18.69174,73.04216,320.92,0.39,0.36,2023-10-17,2048,N20,VIIRS,n,2,294.45,4.25,N,2,VIIRS_NOAA20_SP
18.69233,73.0385,307.55,0.39,0.36,2023-10-17,2048,N20,VIIRS,n,2,294.65,3.83,N,2,VIIRS_NOAA20_SP
18.72078,79.53378,307.14,0.53,0.5,2023-10-17,2048,N20,VIIRS,n,2,294.65,1.75,N,2,VIIRS_NOAA20_SP
18.97389,71.62322,331.55,0.39,0.36,2023-10-17,2048,N20,VIIRS,n,2,296.51,2.21,N,3,VIIRS_NOAA20_SP
19.02268,72.88972,307.18,0.39,0.36,2023-10-17,2048,N20,VIIRS,n,2,294.97,3.21,N,0,VIIRS_NOAA20_SP
19.06819,73.13432,316.48,0.39,0.36,2023-10-17,2048,N20,VIIRS,n,2,295.57,1.03,N,0,VIIRS_NOAA20_SP
19.10014,82.16746,301.38,0.39,0.59,2023-10-17,2048,N20,VIIRS,n,2,290.8,1.46,N,0,VIIRS_NOAA20_SP
19.1018,73.05344,307.17,0.39,0.36,2023-10-17,2048,N20,VIIRS,n,2,294.05,2.35,N,2,VIIRS_NOAA20_SP
19.16874,72.18458,331.03,0.38,0.36,2023-10-17,2048,N20,VIIRS,n,2,297.01,5.94,N,3,VIIRS_NOAA20_SP
19.17945,70.94434,326.59,0.4,0.37,2023-10-17,2048,N20,VIIRS,n,2,296.64,1.52,N,3,VIIRS_NOAA20_SP
19.33394,72.01907,336.68,0.38,0.36,2023-10-17,2048,N20,VIIRS,n,2,297.07,6.13,N,3,VIIRS_NOAA20_SP
19.34915,71.30296,329.47,0.39,0.36,2023-10-17,2048,N20,VIIRS,n,2,296.89,6.37,N,3,VIIRS_NOAA20_SP
19.3717,71.35511,318.76,0.39,0.36,2023-10-17,2048,N20,VIIRS,n,2,296.93,0.99,N,3,VIIRS_NOAA20_SP
19.37226,71.35143,316.2,0.39,0.36,2023-10-17,2048,N20,VIIRS,n,2,296.7,0.99,N,3,VIIRS_NOAA20_SP
19.78571,79.14576,303.96,0.48,0.48,2023-10-17,2048,N20,VIIRS,n,2,291.72,0.96,N,2,VIIRS_NOAA20_SP
20.83544,70.69241,307.97,0.41,0.37,2023-10-17,2048,N20,VIIRS,n,2,296.07,0.96,N,2,VIIRS_NOAA20_SP
20.91104,71.46087,312.63,0.39,0.36,2023-10-17,2048,N20,VIIRS,n,2,297.07,1.39,N,2,VIIRS_NOAA20_SP
20.9116,71.45711,312.81,0.39,0.36,2023-10-17,2048,N20,VIIRS,n,2,296.94,1.15,N,2,VIIRS_NOAA20_SP
12.64419,79.6986,304.07,0.36,0.57,2023-10-17,2049,N20,VIIRS,n,2,288.62,0.51,N,0,VIIRS_NOAA20_SP
13.71723,79.62397,302.47,0.34,0.56,2023-10-17,2049,N20,VIIRS,n,2,290.59,0.68,N,0,VIIRS_NOAA20_SP
13.73119,77.57717,299.0,0.49,0.49,2023-10-17,2049,N20,VIIRS,n,2,288.51,0.41,N,0,VIIRS_NOAA20_SP
13.89849,76.56593,302.74,0.42,0.45,2023-10-17,2049,N20,VIIRS,n,2,290.12,0.4,N,0,VIIRS_NOAA20_SP
15.13792,76.70703,303.0,0.41,0.45,2023-10-17,2049,N20,VIIRS,n,2,288.71,0.65,N,2,VIIRS_NOAA20_SP
15.1501,76.70941,303.5,0.41,0.45,2023-10-17,2049,N20,VIIRS,n,2,290.35,1.02,N,2,VIIRS_NOAA20_SP
15.17029,76.667,306.28,0.41,0.45,2023-10-17,2049,N20,VIIRS,n,2,289.84,1.29,N,2,VIIRS_NOAA20_SP
15.17168,76.68269,308.38,0.41,0.45,2023-10-17,2049,N20,VIIRS,n,2,289.35,1.23,N,2,VIIRS_NOAA20_SP
15.17263,76.37715,311.76,0.39,0.44,2023-10-17,2049,N20,VIIRS,n,2,293.79,2.17,N,2,VIIRS_NOAA20_SP
15.17632,76.65668,325.21,0.41,0.45,2023-10-17,2049,N20,VIIRS,n,2,292.2,3.97,N,2,VIIRS_NOAA20_SP
15.17699,76.65296,309.79,0.4,0.45,2023-10-17,2049,N20,VIIRS,n,2,290.81,2.37,N,2,VIIRS_NOAA20_SP
15.17965,77.10167,303.33,0.43,0.46,2023-10-17,2049,N20,VIIRS,n,2,288.9,0.97,N,2,VIIRS_NOAA20_SP
15.18845,76.6591,309.14,0.41,0.45,2023-10-17,2049,N20,VIIRS,n,2,289.93,1.52,N,2,VIIRS_NOAA20_SP
15.18871,76.65917,309.09,0.4,0.45,2023-10-17,2049,N20,VIIRS,n,2,288.66,1.51,N,2,VIIRS_NOAA20_SP
15.19713,76.37814,306.8,0.39,0.44,2023-10-17,2049,N20,VIIRS,n,2,292.43,0.61,N,2,VIIRS_NOAA20_SP
15.33532,76.28419,306.1,0.38,0.43,2023-10-17,2049,N20,VIIRS,n,2,292.68,2.21,N,2,VIIRS_NOAA20_SP
22.35719,97.5598,340.12,0.4,0.44,2023-10-18,618,N20,VIIRS,n,2,288.34,5.33,D,0,VIIRS_NOAA20_SP
22.43139,97.41918,333.84,0.4,0.44,2023-10-18,618,N20,VIIRS,n,2,294.82,3.7,D,0,VIIRS_NOAA20_SP
24.27596,96.94341,335.41,0.4,0.44,2023-10-18,619,N20,VIIRS,n,2,301.96,2.45,D,0,VIIRS_NOAA20_SP
24.48948,94.12759,336.16,0.59,0.53,2023-10-18,619,N20,VIIRS,n,2,295.22,4.16,D,0,VIIRS_NOAA20_SP
24.48958,94.12633,327.71,0.59,0.53,2023-10-18,619,N20,VIIRS,n,2,294.82,6.71,D,0,VIIRS_NOAA20_SP
24.8218,97.3506,331.26,0.56,0.43,2023-10-18,619,N20,VIIRS,n,2,298.15,3.9,D,0,VIIRS_NOAA20_SP
24.89562,97.07671,328.08,0.38,0.43,2023-10-18,619,N20,VIIRS,n,2,300.88,2.33,D,0,VIIRS_NOAA20_SP
25.13934,97.49215,325.74,0.54,0.42,2023-10-18,619,N20,VIIRS,n,2,300.34,2.13,D,0,VIIRS_NOAA20_SP
25.48004,93.208,334.17,0.32,0.54,2023-10-18,619,N20,VIIRS,n,2,294.7,2.35,D,0,VIIRS_NOAA20_SP
25.49265,96.87019,334.54,0.38,0.44,2023-10-18,619,N20,VIIRS,n,2,297.76,3.29,D,0,VIIRS_NOAA20_SP
25.82504,97.76032,330.99,0.51,0.41,2023-10-18,619,N20,VIIRS,n,2,296.11,2.43,D,0,VIIRS_NOAA20_SP
25.8458,96.63291,337.68,0.39,0.44,2023-10-18,619,N20,VIIRS,n,2,298.02,5.13,D,0,VIIRS_NOAA20_SP
25.84653,96.63673,334.96,0.39,0.44,2023-10-18,619,N20,VIIRS,n,2,295.69,5.13,D,0,VIIRS_NOAA20_SP
26.29739,96.17574,326.8,0.41,0.45,2023-10-18,619,N20,VIIRS,n,2,294.97,1.57,D,0,VIIRS_NOAA20_SP
26.36586,96.13876,339.95,0.41,0.45,2023-10-18,620,N20,VIIRS,n,2,297.38,5.64,D,0,VIIRS_NOAA20_SP
27.55537,96.34372,325.6,0.57,0.43,2023-10-18,620,N20,VIIRS,n,2,288.91,5.14,D,0,VIIRS_NOAA20_SP
27.60744,96.0206,328.38,0.39,0.44,2023-10-18,620,N20,VIIRS,n,2,295.27,2.12,D,0,VIIRS_NOAA20_SP
27.67472,96.25012,325.01,0.57,0.43,2023-10-18,620,N20,VIIRS,n,2,293.44,2.81,D,0,VIIRS_NOAA20_SP
27.80467,96.26935,326.07,0.57,0.43,2023-10-18,620,N20,VIIRS,n,2,295.1,2.77,D,0,VIIRS_NOAA20_SP
27.9039,95.22035,331.06,0.43,0.46,2023-10-18,620,N20,VIIRS,n,2,293.45,2.0,D,0,VIIRS_NOAA20_SP
27.93828,96.8002,329.14,0.53,0.42,2023-10-18,620,N20,VIIRS,n,2,292.87,4.44,D,0,VIIRS_NOAA20_SP
27.93954,96.72262,331.19,0.54,0.42,2023-10-18,620,N20,VIIRS,n,2,291.61,3.04,D,0,VIIRS_NOAA20_SP
27.96537,96.65906,327.29,0.54,0.42,2023-10-18,620,N20,VIIRS,n,2,293.47,3.96,D,0,VIIRS_NOAA20_SP
28.00033,96.6334,335.05,0.54,0.42,2023-10-18,620,N20,VIIRS,n,2,296.52,10.31,D,0,VIIRS_NOAA20_SP
28.0542,95.52087,341.0,0.41,0.45,2023-10-18,620,N20,VIIRS,n,2,294.38,4.7,D,0,VIIRS_NOAA20_SP
28.09431,95.51214,336.98,0.41,0.45,2023-10-18,620,N20,VIIRS,n,2,295.45,3.08,D,0,VIIRS_NOAA20_SP
28.09918,95.51527,334.4,0.41,0.45,2023-10-18,620,N20,VIIRS,n,2,294.41,4.76,D,0,VIIRS_NOAA20_SP
28.14676,96.63836,331.68,0.54,0.42,2023-10-18,620,N20,VIIRS,n,2,294.88,5.35,D,0,VIIRS_NOAA20_SP
28.17469,96.64804,325.23,0.54,0.42,2023-10-18,620,N20,VIIRS,n,2,290.48,4.46,D,0,VIIRS_NOAA20_SP
9.29529,78.30009,328.98,0.43,0.38,2023-10-18,756,N20,VIIRS,n,2,292.22,5.79,D,0,VIIRS_NOAA20_SP
9.29753,78.29173,343.08,0.43,0.38,2023-10-18,756,N20,VIIRS,n,2,292.14,4.68,D,0,VIIRS_NOAA20_SP
9.29853,78.27554,336.52,0.43,0.38,2023-10-18,756,N20,VIIRS,n,2,292.65,5.11,D,0,VIIRS_NOAA20_SP
9.29915,78.27946,335.18,0.43,0.38,2023-10-18,756,N20,VIIRS,n,2,293.11,5.11,D,0,VIIRS_NOAA20_SP
9.30164,78.29507,356.33,0.43,0.38,2023-10-18,756,N20,VIIRS,l,2,292.37,25.86,D,0,VIIRS_NOAA20_SP
9.30264,78.27889,367.0,0.43,0.38,2023-10-18,756,N20,VIIRS,h,2,292.71,5.11,D,0,VIIRS_NOAA20_SP
9.30613,78.27834,355.95,0.43,0.38,2023-10-18,756,N20,VIIRS,l,2,292.3,13.52,D,0,VIIRS_NOAA20_SP
12.06084,76.8086,335.98,0.47,0.4,2023-10-18,757,N20,VIIRS,n,2,300.36,8.02,D,0,VIIRS_NOAA20_SP
12.06193,76.80939,333.39,0.47,0.4,2023-10-18,757,N20,VIIRS,n,2,299.37,5.54,D,0,VIIRS_NOAA20_SP
12.74799,78.34677,340.72,0.4,0.37,2023-10-18,757,N20,VIIRS,n,2,300.73,5.2,D,0,VIIRS_NOAA20_SP
13.04239,79.55663,334.09,0.39,0.36,2023-10-18,757,N20,VIIRS,n,2,291.86,3.0,D,0,VIIRS_NOAA20_SP
13.6688,79.54787,330.44,0.38,0.36,2023-10-18,757,N20,VIIRS,l,2,305.24,1.95,D,0,VIIRS_NOAA20_SP
13.80669,79.82911,337.87,0.38,0.36,2023-10-18,757,N20,VIIRS,n,2,303.35,2.81,D,0,VIIRS_NOAA20_SP
13.80732,79.81094,331.58,0.38,0.36,2023-10-18,757,N20,VIIRS,l,2,301.96,1.68,D,0,VIIRS_NOAA20_SP
13.87224,80.12979,344.87,0.39,0.36,2023-10-18,757,N20,VIIRS,n,2,307.89,5.02,D,0,VIIRS_NOAA20_SP
14.08932,78.79012,335.92,0.39,0.36,2023-10-18,757,N20,VIIRS,n,2,305.94,1.98,D,0,VIIRS_NOAA20_SP
14.32356,79.72252,336.12,0.38,0.36,2023-10-18,757,N20,VIIRS,n,2,305.61,2.86,D,0,VIIRS_NOAA20_SP
14.34285,76.75407,333.84,0.45,0.39,2023-10-18,757,N20,VIIRS,l,2,308.74,1.35,D,0,VIIRS_NOAA20_SP
14.34995,80.0555,334.15,0.39,0.36,2023-10-18,757,N20,VIIRS,l,2,307.1,2.13,D,0,VIIRS_NOAA20_SP
14.39206,79.99803,342.52,0.39,0.36,2023-10-18,757,N20,VIIRS,n,2,303.52,3.87,D,0,VIIRS_NOAA20_SP
14.44855,80.0107,336.53,0.39,0.36,2023-10-18,757,N20,VIIRS,n,2,303.81,2.86,D,0,VIIRS_NOAA20_SP
14.45866,79.53658,339.18,0.38,0.36,2023-10-18,757,N20,VIIRS,n,2,305.29,3.46,D,0,VIIRS_NOAA20_SP
14.48994,79.54244,343.13,0.38,0.36,2023-10-18,757,N20,VIIRS,n,2,303.68,5.41,D,0,VIIRS_NOAA20_SP
14.53507,79.05927,336.94,0.39,0.36,2023-10-18,757,N20,VIIRS,n,2,305.08,2.97,D,0,VIIRS_NOAA20_SP
14.56644,79.06512,332.07,0.39,0.36,2023-10-18,757,N20,VIIRS,l,2,305.36,2.35,D,0,VIIRS_NOAA20_SP
14.57885,80.04353,333.01,0.39,0.36,2023-10-18,757,N20,VIIRS,l,2,304.19,1.75,D,0,VIIRS_NOAA20_SP
14.60644,79.7955,338.78,0.38,0.36,2023-10-18,757,N20,VIIRS,n,2,303.77,14.15,D,0,VIIRS_NOAA20_SP
14.66091,80.00127,343.86,0.39,0.36,2023-10-18,757,N20,VIIRS,n,2,308.05,6.83,D,0,VIIRS_NOAA20_SP
14.69193,79.8473,337.85,0.38,0.36,2023-10-18,757,N20,VIIRS,n,2,305.67,2.13,D,0,VIIRS_NOAA20_SP
14.83751,79.68542,336.29,0.38,0.36,2023-10-18,757,N20,VIIRS,n,2,306.07,1.21,D,0,VIIRS_NOAA20_SP
14.87369,76.96255,337.33,0.43,0.38,2023-10-18,758,N20,VIIRS,n,2,307.58,5.74,D,0,VIIRS_NOAA20_SP
15.03239,76.68903,339.85,0.44,0.38,2023-10-18,758,N20,VIIRS,n,2,308.97,37.76,D,0,VIIRS_NOAA20_SP
15.04685,76.00746,346.13,0.47,0.4,2023-10-18,758,N20,VIIRS,n,2,307.79,6.79,D,0,VIIRS_NOAA20_SP
15.04753,76.71542,334.41,0.44,0.38,2023-10-18,758,N20,VIIRS,l,2,307.98,6.4,D,0,VIIRS_NOAA20_SP
15.05411,78.50604,340.25,0.39,0.36,2023-10-18,758,N20,VIIRS,n,2,303.72,3.0,D,0,VIIRS_NOAA20_SP
15.05692,78.52406,337.16,0.39,0.36,2023-10-18,758,N20,VIIRS,n,2,304.18,1.67,D,0,VIIRS_NOAA20_SP
15.06429,78.59297,340.84,0.39,0.36,2023-10-18,758,N20,VIIRS,n,2,306.18,4.67,D,0,VIIRS_NOAA20_SP
15.07582,78.55786,334.83,0.39,0.36,2023-10-18,758,N20,VIIRS,n,2,304.14,2.29,D,0,VIIRS_NOAA20_SP
15.07914,78.55732,341.24,0.39,0.36,2023-10-18,758,N20,VIIRS,n,2,305.14,5.08,D,0,VIIRS_NOAA20_SP
15.08731,78.50057,342.89,0.39,0.36,2023-10-18,758,N20,VIIRS,n,2,305.36,2.78,D,0,VIIRS_NOAA20_SP
15.14396,78.66829,335.44,0.39,0.36,2023-10-18,758,N20,VIIRS,n,2,304.66,4.51,D,0,VIIRS_NOAA20_SP
15.16767,78.62388,345.44,0.39,0.36,2023-10-18,758,N20,VIIRS,n,2,302.24,7.42,D,0,VIIRS_NOAA20_SP
15.17025,76.66856,336.46,0.44,0.38,2023-10-18,758,N20,VIIRS,l,2,307.36,2.78,D,2,VIIRS_NOAA20_SP
15.17529,76.65512,342.01,0.44,0.38,2023-10-18,758,N20,VIIRS,n,2,309.01,3.12,D,2,VIIRS_NOAA20_SP
15.17594,76.65918,337.83,0.44,0.38,2023-10-18,758,N20,VIIRS,l,2,308.32,3.12,D,2,VIIRS_NOAA20_SP
15.17793,78.58119,330.99,0.39,0.36,2023-10-18,758,N20,VIIRS,l,2,302.73,2.28,D,0,VIIRS_NOAA20_SP
15.17879,76.6545,336.73,0.44,0.38,2023-10-18,758,N20,VIIRS,l,2,307.19,3.7,D,2,VIIRS_NOAA20_SP
15.18383,76.64105,337.99,0.44,0.39,2023-10-18,758,N20,VIIRS,n,2,307.18,3.13,D,2,VIIRS_NOAA20_SP
15.18394,76.6378,333.12,0.44,0.39,2023-10-18,758,N20,VIIRS,l,2,304.78,2.45,D,2,VIIRS_NOAA20_SP
15.1868,78.59447,336.52,0.39,0.36,2023-10-18,758,N20,VIIRS,n,2,305.56,3.92,D,0,VIIRS_NOAA20_SP
15.18736,78.59807,334.6,0.39,0.36,2023-10-18,758,N20,VIIRS,n,2,303.71,3.92,D,0,VIIRS_NOAA20_SP
15.2461,77.97346,336.65,0.4,0.37,2023-10-18,758,N20,VIIRS,n,2,307.61,1.63,D,0,VIIRS_NOAA20_SP
15.26687,77.76757,333.19,0.4,0.37,2023-10-18,758,N20,VIIRS,l,2,306.35,0.53,D,0,VIIRS_NOAA20_SP
15.2723,79.77777,337.43,0.39,0.36,2023-10-18,758,N20,VIIRS,n,2,305.19,1.66,D,0,VIIRS_NOAA20_SP
15.2957,79.93468,340.23,0.39,0.36,2023-10-18,758,N20,VIIRS,l,2,311.84,2.08,D,0,VIIRS_NOAA20_SP
15.30145,78.10713,337.57,0.4,0.37,2023-10-18,758,N20,VIIRS,l,2,309.69,3.64,D,0,VIIRS_NOAA20_SP
15.32882,78.58937,333.08,0.39,0.36,2023-10-18,758,N20,VIIRS,n,2,301.28,2.31,D,0,VIIRS_NOAA20_SP
15.33256,78.20203,345.91,0.39,0.37,2023-10-18,758,N20,VIIRS,n,2,308.85,2.63,D,0,VIIRS_NOAA20_SP
15.38787,76.33678,334.4,0.45,0.39,2023-10-18,758,N20,VIIRS,l,2,308.21,1.74,D,0,VIIRS_NOAA20_SP
15.45517,79.12512,330.12,0.38,0.36,2023-10-18,758,N20,VIIRS,l,2,300.77,2.7,D,0,VIIRS_NOAA20_SP
15.4774,78.43075,337.95,0.39,0.36,2023-10-18,758,N20,VIIRS,n,2,305.62,5.93,D,0,VIIRS_NOAA20_SP
15.50012,78.4455,333.87,0.39,0.36,2023-10-18,758,N20,VIIRS,l,2,308.65,2.81,D,0,VIIRS_NOAA20_SP
15.53434,80.17183,335.06,0.39,0.36,2023-10-18,758,N20,VIIRS,l,2,308.97,2.07,D,0,VIIRS_NOAA20_SP
15.55207,76.75772,356.23,0.43,0.38,2023-10-18,758,N20,VIIRS,l,2,305.97,16.47,D,0,VIIRS_NOAA20_SP
15.55489,76.75312,367.0,0.43,0.38,2023-10-18,758,N20,VIIRS,h,2,307.93,14.75,D,0,VIIRS_NOAA20_SP
15.63284,77.97143,345.06,0.4,0.37,2023-10-18,758,N20,VIIRS,n,2,307.48,6.45,D,0,VIIRS_NOAA20_SP
15.65084,78.45342,332.58,0.39,0.36,2023-10-18,758,N20,VIIRS,l,2,307.2,2.46,D,0,VIIRS_NOAA20_SP
15.6737,79.46732,335.51,0.38,0.36,2023-10-18,758,N20,VIIRS,l,2,308.25,5.67,D,0,VIIRS_NOAA20_SP
15.69177,78.47623,333.51,0.39,0.36,2023-10-18,758,N20,VIIRS,l,2,307.07,2.37,D,0,VIIRS_NOAA20_SP
15.70349,78.50735,330.66,0.39,0.36,2023-10-18,758,N20,VIIRS,n,2,305.17,1.61,D,0,VIIRS_NOAA20_SP
15.70353,78.04993,334.35,0.4,0.37,2023-10-18,758,N20,VIIRS,l,2,306.76,2.64,D,0,VIIRS_NOAA20_SP
15.71126,78.31737,336.81,0.39,0.36,2023-10-18,758,N20,VIIRS,n,2,304.97,2.99,D,0,VIIRS_NOAA20_SP
15.74061,79.28106,338.25,0.38,0.36,2023-10-18,758,N20,VIIRS,n,2,303.99,2.86,D,0,VIIRS_NOAA20_SP
15.78078,78.50197,347.42,0.39,0.36,2023-10-18,758,N20,VIIRS,n,2,300.06,2.42,D,0,VIIRS_NOAA20_SP
15.80118,76.44456,333.56,0.44,0.39,2023-10-18,758,N20,VIIRS,l,2,307.6,0.93,D,0,VIIRS_NOAA20_SP
15.80672,78.494,330.35,0.39,0.36,2023-10-18,758,N20,VIIRS,n,2,303.14,1.84,D,0,VIIRS_NOAA20_SP
15.87181,77.8243,338.58,0.4,0.37,2023-10-18,758,N20,VIIRS,n,2,303.95,2.53,D,0,VIIRS_NOAA20_SP
15.99452,79.72952,337.49,0.39,0.36,2023-10-18,758,N20,VIIRS,n,2,307.38,5.01,D,0,VIIRS_NOAA20_SP
16.18656,78.88888,334.89,0.38,0.36,2023-10-18,758,N20,VIIRS,l,2,306.65,2.97,D,0,VIIRS_NOAA20_SP
16.26328,77.76537,343.33,0.4,0.37,2023-10-18,758,N20,VIIRS,n,2,306.24,4.96,D,0,VIIRS_NOAA20_SP
16.26386,77.76907,336.24,0.4,0.37,2023-10-18,758,N20,VIIRS,l,2,306.69,4.87,D,0,VIIRS_NOAA20_SP
16.51632,80.5546,336.39,0.4,0.37,2023-10-18,758,N20,VIIRS,n,2,303.3,4.34,D,0,VIIRS_NOAA20_SP
16.79077,78.97394,334.88,0.38,0.36,2023-10-18,758,N20,VIIRS,n,2,301.24,1.49,D,0,VIIRS_NOAA20_SP
16.81943,78.40687,332.26,0.39,0.36,2023-10-18,758,N20,VIIRS,l,2,303.17,1.11,D,0,VIIRS_NOAA20_SP
17.0051,78.688,340.17,0.38,0.36,2023-10-18,758,N20,VIIRS,n,2,302.29,3.69,D,0,VIIRS_NOAA20_SP
17.01858,79.17752,337.08,0.38,0.36,2023-10-18,758,N20,VIIRS,n,2,308.0,2.34,D,0,VIIRS_NOAA20_SP
17.18896,80.07645,336.82,0.39,0.36,2023-10-18,758,N20,VIIRS,n,2,304.36,3.8,D,0,VIIRS_NOAA20_SP
17.1941,81.18812,333.23,0.42,0.38,2023-10-18,758,N20,VIIRS,n,2,302.6,3.88,D,0,VIIRS_NOAA20_SP
17.2066,78.5841,336.33,0.39,0.36,2023-10-18,758,N20,VIIRS,n,2,309.12,2.9,D,0,VIIRS_NOAA20_SP
17.22127,79.37619,336.24,0.39,0.36,2023-10-18,758,N20,VIIRS,n,2,306.93,3.63,D,0,VIIRS_NOAA20_SP
17.22337,78.91579,334.93,0.38,0.36,2023-10-18,758,N20,VIIRS,n,2,304.68,3.55,D,0,VIIRS_NOAA20_SP
17.22667,78.91525,337.23,0.38,0.36,2023-10-18,758,N20,VIIRS,n,2,305.71,3.79,D,0,VIIRS_NOAA20_SP
17.28712,80.9538,335.06,0.41,0.37,2023-10-18,758,N20,VIIRS,n,2,303.09,4.19,D,0,VIIRS_NOAA20_SP
17.30118,80.17192,341.75,0.4,0.37,2023-10-18,758,N20,VIIRS,n,2,304.73,3.96,D,0,VIIRS_NOAA20_SP
17.47821,78.82912,347.07,0.38,0.36,2023-10-18,758,N20,VIIRS,n,2,306.85,7.59,D,0,VIIRS_NOAA20_SP
17.63348,76.39914,336.66,0.43,0.38,2023-10-18,758,N20,VIIRS,n,2,306.02,2.33,D,0,VIIRS_NOAA20_SP
17.63564,76.39057,332.97,0.43,0.38,2023-10-18,758,N20,VIIRS,l,2,304.31,2.65,D,0,VIIRS_NOAA20_SP
17.64039,76.39791,331.87,0.43,0.38,2023-10-18,758,N20,VIIRS,l,2,303.21,1.09,D,0,VIIRS_NOAA20_SP
17.98653,79.09004,334.56,0.38,0.36,2023-10-18,758,N20,VIIRS,n,2,302.56,2.22,D,0,VIIRS_NOAA20_SP
18.03749,78.73,330.67,0.38,0.36,2023-10-18,758,N20,VIIRS,n,2,303.29,1.83,D,0,VIIRS_NOAA20_SP
18.05538,78.89307,331.72,0.38,0.36,2023-10-18,758,N20,VIIRS,n,2,304.08,2.65,D,0,VIIRS_NOAA20_SP
18.22295,80.10462,336.07,0.4,0.37,2023-10-18,758,N20,VIIRS,n,2,305.63,2.84,D,0,VIIRS_NOAA20_SP
18.2263,80.1041,338.97,0.4,0.37,2023-10-18,758,N20,VIIRS,n,2,304.87,2.84,D,0,VIIRS_NOAA20_SP
18.3115,78.63593,330.85,0.38,0.36,2023-10-18,758,N20,VIIRS,n,2,301.92,1.7,D,0,VIIRS_NOAA20_SP
18.36283,77.68917,331.6,0.39,0.36,2023-10-18,758,N20,VIIRS,l,2,305.74,2.48,D,0,VIIRS_NOAA20_SP
18.54448,77.93869,344.38,0.39,0.36,2023-10-18,758,N20,VIIRS,n,2,307.27,5.27,D,0,VIIRS_NOAA20_SP
18.54722,77.93448,334.03,0.39,0.36,2023-10-18,758,N20,VIIRS,n,2,303.38,2.99,D,0,VIIRS_NOAA20_SP
18.54778,77.93812,337.0,0.39,0.36,2023-10-18,758,N20,VIIRS,n,2,304.04,5.27,D,0,VIIRS_NOAA20_SP
19.09322,82.16831,330.93,0.48,0.4,2023-10-18,758,N20,VIIRS,l,2,302.31,4.7,D,0,VIIRS_NOAA20_SP
18.10832,74.81152,338.32,0.5,0.41,2023-10-18,759,N20,VIIRS,n,2,302.6,6.07,D,0,VIIRS_NOAA20_SP
18.52637,74.21479,332.15,0.53,0.42,2023-10-18,759,N20,VIIRS,n,2,301.09,2.05,D,0,VIIRS_NOAA20_SP
18.65509,78.41399,337.84,0.38,0.36,2023-10-18,759,N20,VIIRS,n,2,301.53,3.61,D,0,VIIRS_NOAA20_SP
18.70543,77.85837,336.72,0.39,0.36,2023-10-18,759,N20,VIIRS,n,2,306.37,5.43,D,0,VIIRS_NOAA20_SP
18.72092,77.87068,332.59,0.39,0.36,2023-10-18,759,N20,VIIRS,l,2,306.31,3.92,D,0,VIIRS_NOAA20_SP
18.86069,78.1821,335.79,0.39,0.36,2023-10-18,759,N20,VIIRS,n,2,303.91,2.7,D,0,VIIRS_NOAA20_SP
18.91513,77.98282,334.14,0.39,0.36,2023-10-18,759,N20,VIIRS,l,2,306.91,2.91,D,0,VIIRS_NOAA20_SP
18.92431,77.93271,332.7,0.39,0.36,2023-10-18,759,N20,VIIRS,l,2,306.93,1.26,D,0,VIIRS_NOAA20_SP
18.94637,77.94388,334.79,0.39,0.36,2023-10-18,759,N20,VIIRS,l,2,306.9,1.66,D,0,VIIRS_NOAA20_SP
19.07064,78.73717,336.94,0.38,0.36,2023-10-18,759,N20,VIIRS,l,2,308.85,5.41,D,0,VIIRS_NOAA20_SP
19.07119,78.74079,337.13,0.38,0.36,2023-10-18,759,N20,VIIRS,l,2,307.77,4.34,D,0,VIIRS_NOAA20_SP
19.33358,72.02016,354.32,0.46,0.47,2023-10-18,759,N20,VIIRS,n,2,297.0,10.53,D,3,VIIRS_NOAA20_SP
19.39544,77.24977,331.02,0.39,0.36,2023-10-18,759,N20,VIIRS,n,2,302.17,2.45,D,0,VIIRS_NOAA20_SP
19.41389,76.07497,336.45,0.42,0.38,2023-10-18,759,N20,VIIRS,n,2,304.58,2.54,D,0,VIIRS_NOAA20_SP
20.49269,77.37437,330.84,0.39,0.36,2023-10-18,759,N20,VIIRS,l,2,305.54,1.98,D,0,VIIRS_NOAA20_SP
20.78877,78.71898,332.58,0.39,0.36,2023-10-18,759,N20,VIIRS,n,2,304.18,1.04,D,0,VIIRS_NOAA20_SP
20.79495,85.25342,341.56,0.51,0.49,2023-10-18,759,N20,VIIRS,n,2,299.98,6.93,D,2,VIIRS_NOAA20_SP
20.86818,84.99626,344.32,0.49,0.49,2023-10-18,759,N20,VIIRS,n,2,299.75,7.82,D,2,VIIRS_NOAA20_SP
20.95127,86.05164,328.99,0.58,0.52,2023-10-18,759,N20,VIIRS,n,2,297.07,6.82,D,2,VIIRS_NOAA20_SP
20.96266,85.16763,328.77,0.51,0.49,2023-10-18,759,N20,VIIRS,l,2,299.03,5.64,D,2,VIIRS_NOAA20_SP
20.9632,85.17251,329.93,0.51,0.49,2023-10-18,759,N20,VIIRS,n,2,299.81,5.4,D,2,VIIRS_NOAA20_SP
20.96374,85.17738,331.57,0.51,0.49,2023-10-18,759,N20,VIIRS,n,2,300.64,5.4,D,2,VIIRS_NOAA20_SP
20.96692,86.01605,333.66,0.57,0.52,2023-10-18,759,N20,VIIRS,n,2,298.42,5.31,D,2,VIIRS_NOAA20_SP
20.96828,85.17684,335.42,0.51,0.49,2023-10-18,759,N20,VIIRS,n,2,300.08,9.15,D,2,VIIRS_NOAA20_SP
20.9685,85.01544,332.07,0.49,0.49,2023-10-18,759,N20,VIIRS,n,2,299.65,4.54,D,0,VIIRS_NOAA20_SP
21.05105,75.04169,331.89,0.45,0.39,2023-10-18,759,N20,VIIRS,l,2,303.97,1.7,D,0,VIIRS_NOAA20_SP
21.05361,79.53522,335.89,0.4,0.37,2023-10-18,759,N20,VIIRS,n,2,306.15,2.69,D,0,VIIRS_NOAA20_SP
21.05746,79.56204,335.05,0.4,0.37,2023-10-18,759,N20,VIIRS,n,2,308.5,2.58,D,0,VIIRS_NOAA20_SP
21.05893,74.39206,332.91,0.48,0.4,2023-10-18,759,N20,VIIRS,l,2,303.74,2.73,D,0,VIIRS_NOAA20_SP
21.06888,85.03757,331.54,0.5,0.49,2023-10-18,759,N20,VIIRS,n,2,300.18,6.88,D,2,VIIRS_NOAA20_SP
21.07446,85.0466,330.65,0.5,0.49,2023-10-18,759,N20,VIIRS,n,2,298.28,7.97,D,2,VIIRS_NOAA20_SP
21.10228,72.65366,331.01,0.39,0.44,2023-10-18,759,N20,VIIRS,l,2,303.95,2.61,D,2,VIIRS_NOAA20_SP
21.10285,72.63427,333.46,0.39,0.44,2023-10-18,759,N20,VIIRS,l,2,304.76,4.59,D,2,VIIRS_NOAA20_SP
21.10353,72.63799,341.69,0.39,0.44,2023-10-18,759,N20,VIIRS,n,2,303.52,4.59,D,2,VIIRS_NOAA20_SP
21.10489,72.64542,342.06,0.39,0.44,2023-10-18,759,N20,VIIRS,n,2,304.1,6.71,D,2,VIIRS_NOAA20_SP
21.10558,72.64913,331.54,0.39,0.44,2023-10-18,759,N20,VIIRS,l,2,304.14,4.6,D,2,VIIRS_NOAA20_SP
21.20395,76.34543,333.82,0.4,0.37,2023-10-18,759,N20,VIIRS,n,2,306.81,2.42,D,0,VIIRS_NOAA20_SP
21.34771,81.66704,336.83,0.48,0.4,2023-10-18,759,N20,VIIRS,n,2,301.14,3.29,D,2,VIIRS_NOAA20_SP
21.76402,84.02554,331.31,0.44,0.46,2023-10-18,759,N20,VIIRS,n,2,300.93,5.77,D,2,VIIRS_NOAA20_SP
21.77628,83.83244,330.43,0.43,0.46,2023-10-18,759,N20,VIIRS,l,2,302.15,5.6,D,2,VIIRS_NOAA20_SP
22.00443,82.66965,328.8,0.55,0.43,2023-10-18,759,N20,VIIRS,l,2,302.08,5.56,D,2,VIIRS_NOAA20_SP
22.03969,83.73911,330.86,0.42,0.46,2023-10-18,759,N20,VIIRS,l,2,304.38,6.19,D,2,VIIRS_NOAA20_SP
22.04049,83.73576,336.13,0.43,0.46,2023-10-18,759,N20,VIIRS,n,2,304.97,7.74,D,2,VIIRS_NOAA20_SP
22.04339,83.73448,330.49,0.42,0.46,2023-10-18,759,N20,VIIRS,l,2,304.1,4.33,D,2,VIIRS_NOAA20_SP
22.08971,79.58608,342.43,0.41,0.37,2023-10-18,759,N20,VIIRS,n,2,305.89,11.62,D,0,VIIRS_NOAA20_SP
22.14403,79.52934,333.73,0.41,0.37,2023-10-18,759,N20,VIIRS,n,2,303.2,2.41,D,0,VIIRS_NOAA20_SP
22.20899,84.86337,338.52,0.5,0.49,2023-10-18,759,N20,VIIRS,n,2,299.27,7.38,D,2,VIIRS_NOAA20_SP
22.2114,84.84341,338.42,0.5,0.49,2023-10-18,759,N20,VIIRS,n,2,298.21,4.17,D,2,VIIRS_NOAA20_SP
22.28781,79.9292,331.0,0.42,0.37,2023-10-18,759,N20,VIIRS,n,2,299.83,4.67,D,0,VIIRS_NOAA20_SP
22.28837,79.93324,341.63,0.42,0.38,2023-10-18,759,N20,VIIRS,n,2,300.32,7.97,D,0,VIIRS_NOAA20_SP
22.3297,82.65533,329.09,0.56,0.43,2023-10-18,759,N20,VIIRS,l,2,303.69,4.38,D,2,VIIRS_NOAA20_SP
22.37846,87.28186,327.05,0.36,0.57,2023-10-18,759,N20,VIIRS,n,2,296.32,3.46,D,2,VIIRS_NOAA20_SP
21.04853,70.55601,331.19,0.53,0.5,2023-10-18,800,N20,VIIRS,l,2,304.99,2.26,D,0,VIIRS_NOAA20_SP
22.04579,78.01826,334.51,0.38,0.36,2023-10-18,800,N20,VIIRS,n,2,304.59,3.83,D,0,VIIRS_NOAA20_SP
22.17992,77.07471,337.79,0.39,0.36,2023-10-18,800,N20,VIIRS,n,2,307.02,2.97,D,0,VIIRS_NOAA20_SP
22.24565,77.28047,332.72,0.39,0.36,2023-10-18,800,N20,VIIRS,n,2,303.88,2.23,D,0,VIIRS_NOAA20_SP
22.25461,77.22565,331.47,0.39,0.36,2023-10-18,800,N20,VIIRS,n,2,303.91,2.01,D,0,VIIRS_NOAA20_SP
22.25963,77.2362,332.07,0.39,0.36,2023-10-18,800,N20,VIIRS,n,2,304.39,2.03,D,0,VIIRS_NOAA20_SP
22.27019,75.95807,334.84,0.41,0.37,2023-10-18,800,N20,VIIRS,n,2,305.16,2.42,D,0,VIIRS_NOAA20_SP
22.32196,79.59784,333.25,0.41,0.37,2023-10-18,800,N20,VIIRS,n,2,302.46,4.4,D,0,VIIRS_NOAA20_SP
22.33192,76.89392,333.39,0.39,0.36,2023-10-18,800,N20,VIIRS,l,2,308.14,1.83,D,0,VIIRS_NOAA20_SP
22.41935,77.43596,348.25,0.38,0.36,2023-10-18,800,N20,VIIRS,n,2,305.73,5.78,D,0,VIIRS_NOAA20_SP
22.45671,77.56999,331.63,0.38,0.36,2023-10-18,800,N20,VIIRS,l,2,305.66,2.39,D,0,VIIRS_NOAA20_SP
22.49526,77.46816,334.98,0.38,0.36,2023-10-18,800,N20,VIIRS,l,2,306.63,3.36,D,0,VIIRS_NOAA20_SP
22.5173,76.38734,333.58,0.39,0.37,2023-10-18,800,N20,VIIRS,l,2,307.46,3.86,D,0,VIIRS_NOAA20_SP
22.52702,80.0672,332.04,0.42,0.38,2023-10-18,800,N20,VIIRS,n,2,300.72,5.99,D,0,VIIRS_NOAA20_SP
22.65397,77.37136,343.63,0.38,0.36,2023-10-18,800,N20,VIIRS,n,2,303.52,3.54,D,0,VIIRS_NOAA20_SP
22.65521,77.82817,331.43,0.38,0.36,2023-10-18,800,N20,VIIRS,l,2,301.59,2.67,D,0,VIIRS_NOAA20_SP
22.69494,77.32976,331.34,0.38,0.36,2023-10-18,800,N20,VIIRS,l,2,304.51,1.87,D,0,VIIRS_NOAA20_SP
22.72331,77.91892,334.26,0.38,0.36,2023-10-18,800,N20,VIIRS,n,2,303.57,4.11,D,0,VIIRS_NOAA20_SP
22.74904,75.9455,331.93,0.4,0.37,2023-10-18,800,N20,VIIRS,l,2,305.73,1.95,D,0,VIIRS_NOAA20_SP
22.92375,77.31131,330.97,0.38,0.36,2023-10-18,800,N20,VIIRS,l,2,305.38,2.19,D,0,VIIRS_NOAA20_SP
22.92661,70.10775,340.02,0.52,0.5,2023-10-18,800,N20,VIIRS,n,2,303.85,7.64,D,0,VIIRS_NOAA20_SP
23.0699,79.39802,333.2,0.41,0.37,2023-10-18,800,N20,VIIRS,l,2,305.34,2.39,D,0,VIIRS_NOAA20_SP
23.08529,79.33488,331.31,0.41,0.37,2023-10-18,800,N20,VIIRS,n,2,302.1,1.52,D,0,VIIRS_NOAA20_SP
23.08731,77.58357,330.85,0.38,0.36,2023-10-18,800,N20,VIIRS,n,2,302.61,1.9,D,0,VIIRS_NOAA20_SP
23.11724,77.51334,336.15,0.38,0.36,2023-10-18,800,N20,VIIRS,n,2,304.91,2.76,D,0,VIIRS_NOAA20_SP
23.20505,69.79044,332.1,0.53,0.5,2023-10-18,800,N20,VIIRS,n,2,301.52,2.5,D,0,VIIRS_NOAA20_SP
23.20601,69.79281,333.91,0.54,0.5,2023-10-18,800,N20,VIIRS,n,2,302.36,3.19,D,0,VIIRS_NOAA20_SP
23.24121,76.94701,338.98,0.39,0.36,2023-10-18,800,N20,VIIRS,n,2,308.9,2.82,D,0,VIIRS_NOAA20_SP
23.30372,79.82695,342.69,0.42,0.38,2023-10-18,800,N20,VIIRS,n,2,303.33,6.23,D,0,VIIRS_NOAA20_SP
23.35624,79.72245,333.92,0.42,0.38,2023-10-18,800,N20,VIIRS,n,2,301.33,3.79,D,0,VIIRS_NOAA20_SP
23.50782,78.47593,333.65,0.39,0.36,2023-10-18,800,N20,VIIRS,n,2,306.62,2.24,D,0,VIIRS_NOAA20_SP
23.64335,79.80765,335.54,0.42,0.38,2023-10-18,800,N20,VIIRS,n,2,302.39,6.69,D,0,VIIRS_NOAA20_SP
23.68514,86.39228,331.96,0.33,0.55,2023-10-18,800,N20,VIIRS,n,2,300.4,4.8,D,2,VIIRS_NOAA20_SP
23.69857,78.08645,335.54,0.39,0.36,2023-10-18,800,N20,VIIRS,n,2,306.45,1.91,D,0,VIIRS_NOAA20_SP
23.75635,86.40204,343.29,0.33,0.55,2023-10-18,800,N20,VIIRS,n,2,299.93,6.75,D,2,VIIRS_NOAA20_SP
23.75665,86.40522,336.11,0.33,0.55,2023-10-18,800,N20,VIIRS,n,2,297.3,4.06,D,2,VIIRS_NOAA20_SP
23.76084,86.39505,333.21,0.33,0.55,2023-10-18,800,N20,VIIRS,n,2,303.05,6.41,D,2,VIIRS_NOAA20_SP
23.76668,74.95288,343.1,0.42,0.38,2023-10-18,800,N20,VIIRS,n,2,310.27,4.72,D,0,VIIRS_NOAA20_SP
23.7701,74.95219,351.65,0.42,0.38,2023-10-18,800,N20,VIIRS,n,2,306.45,4.72,D,0,VIIRS_NOAA20_SP
23.77577,86.38998,338.64,0.33,0.55,2023-10-18,800,N20,VIIRS,n,2,300.32,8.06,D,2,VIIRS_NOAA20_SP
23.7764,86.39649,330.83,0.33,0.55,2023-10-18,800,N20,VIIRS,n,2,299.34,5.02,D,0,VIIRS_NOAA20_SP
23.77868,86.20898,341.29,0.32,0.55,2023-10-18,800,N20,VIIRS,n,2,299.26,7.39,D,2,VIIRS_NOAA20_SP
23.78148,86.3959,329.83,0.33,0.55,2023-10-18,800,N20,VIIRS,n,2,299.16,3.07,D,2,VIIRS_NOAA20_SP
23.79269,86.35239,346.41,0.33,0.55,2023-10-18,800,N20,VIIRS,n,2,299.79,5.77,D,2,VIIRS_NOAA20_SP
23.8562,77.61493,331.21,0.38,0.36,2023-10-18,800,N20,VIIRS,l,2,304.38,2.22,D,0,VIIRS_NOAA20_SP
23.8695,78.1887,332.39,0.39,0.36,2023-10-18,800,N20,VIIRS,l,2,306.59,1.14,D,0,VIIRS_NOAA20_SP
23.96576,78.88205,334.38,0.4,0.37,2023-10-18,800,N20,VIIRS,n,2,304.61,3.41,D,0,VIIRS_NOAA20_SP
24.03011,77.43796,335.4,0.38,0.36,2023-10-18,800,N20,VIIRS,l,2,310.25,3.06,D,0,VIIRS_NOAA20_SP
24.03629,75.34541,348.34,0.41,0.37,2023-10-18,800,N20,VIIRS,n,2,305.82,4.91,D,0,VIIRS_NOAA20_SP
24.03695,75.34937,336.78,0.41,0.37,2023-10-18,800,N20,VIIRS,n,2,306.75,2.12,D,0,VIIRS_NOAA20_SP
24.04305,75.34409,337.47,0.41,0.37,2023-10-18,800,N20,VIIRS,n,2,305.32,2.7,D,0,VIIRS_NOAA20_SP
24.07681,75.33746,355.11,0.41,0.37,2023-10-18,800,N20,VIIRS,l,2,308.25,3.77,D,0,VIIRS_NOAA20_SP
24.07747,75.34145,337.93,0.41,0.37,2023-10-18,800,N20,VIIRS,n,2,307.11,1.53,D,0,VIIRS_NOAA20_SP
24.08019,75.3368,332.15,0.41,0.37,2023-10-18,800,N20,VIIRS,l,2,306.0,3.77,D,0,VIIRS_NOAA20_SP
24.08084,75.34078,330.78,0.41,0.37,2023-10-18,800,N20,VIIRS,l,2,305.7,1.53,D,0,VIIRS_NOAA20_SP
24.12693,77.27044,333.91,0.38,0.36,2023-10-18,800,N20,VIIRS,n,2,300.79,2.1,D,0,VIIRS_NOAA20_SP
24.24644,79.41586,333.08,0.42,0.37,2023-10-18,800,N20,VIIRS,l,2,304.08,3.67,D,0,VIIRS_NOAA20_SP
24.40018,77.55252,331.55,0.38,0.36,2023-10-18,800,N20,VIIRS,l,2,305.76,2.64,D,0,VIIRS_NOAA20_SP
24.47655,78.21265,335.37,0.39,0.36,2023-10-18,800,N20,VIIRS,n,2,305.08,1.31,D,0,VIIRS_NOAA20_SP
24.48616,77.33268,340.82,0.38,0.36,2023-10-18,800,N20,VIIRS,n,2,305.83,2.92,D,0,VIIRS_NOAA20_SP
24.51259,77.35111,345.81,0.38,0.36,2023-10-18,800,N20,VIIRS,n,2,306.34,7.01,D,0,VIIRS_NOAA20_SP
24.5296,77.48721,338.52,0.38,0.36,2023-10-18,800,N20,VIIRS,n,2,300.67,2.38,D,0,VIIRS_NOAA20_SP
24.54576,77.00895,330.99,0.38,0.36,2023-10-18,800,N20,VIIRS,n,2,301.08,2.66,D,0,VIIRS_NOAA20_SP
24.58383,77.50837,332.26,0.38,0.36,2023-10-18,800,N20,VIIRS,l,2,305.51,1.37,D,0,VIIRS_NOAA20_SP
24.58992,76.87354,334.62,0.38,0.36,2023-10-18,800,N20,VIIRS,n,2,302.4,1.3,D,0,VIIRS_NOAA20_SP
24.5939,82.69258,335.17,0.4,0.44,2023-10-18,800,N20,VIIRS,n,2,301.82,2.38,D,0,VIIRS_NOAA20_SP
24.61013,80.6656,337.14,0.47,0.4,2023-10-18,800,N20,VIIRS,n,2,305.38,6.57,D,0,VIIRS_NOAA20_SP
24.61699,76.89567,337.6,0.38,0.36,2023-10-18,800,N20,VIIRS,n,2,307.08,2.44,D,0,VIIRS_NOAA20_SP
24.61806,77.05787,330.17,0.38,0.36,2023-10-18,800,N20,VIIRS,l,2,303.95,2.57,D,0,VIIRS_NOAA20_SP
24.63458,76.90018,331.4,0.38,0.36,2023-10-18,800,N20,VIIRS,l,2,305.8,1.22,D,0,VIIRS_NOAA20_SP
24.64018,76.91463,336.9,0.38,0.36,2023-10-18,800,N20,VIIRS,l,2,307.58,2.79,D,0,VIIRS_NOAA20_SP
24.6581,76.96546,332.09,0.38,0.36,2023-10-18,800,N20,VIIRS,l,2,304.74,3.34,D,0,VIIRS_NOAA20_SP
24.66506,77.48615,332.13,0.38,0.36,2023-10-18,800,N20,VIIRS,n,2,303.9,2.59,D,0,VIIRS_NOAA20_SP
24.66669,77.11091,332.98,0.38,0.36,2023-10-18,800,N20,VIIRS,l,2,306.06,3.03,D,0,VIIRS_NOAA20_SP
24.66755,76.82831,341.9,0.38,0.36,2023-10-18,800,N20,VIIRS,n,2,306.58,3.57,D,0,VIIRS_NOAA20_SP
24.67036,77.17986,336.11,0.38,0.36,2023-10-18,800,N20,VIIRS,n,2,307.53,3.06,D,0,VIIRS_NOAA20_SP
24.67225,76.9474,349.18,0.38,0.36,2023-10-18,800,N20,VIIRS,n,2,308.86,7.92,D,0,VIIRS_NOAA20_SP
24.67656,77.10912,334.81,0.38,0.36,2023-10-18,800,N20,VIIRS,n,2,306.62,2.8,D,0,VIIRS_NOAA20_SP
24.67958,77.06215,334.87,0.38,0.36,2023-10-18,800,N20,VIIRS,l,2,306.05,4.07,D,0,VIIRS_NOAA20_SP
24.71134,77.04862,341.77,0.38,0.36,2023-10-18,800,N20,VIIRS,n,2,303.49,1.64,D,0,VIIRS_NOAA20_SP
24.71303,76.92371,335.36,0.38,0.36,2023-10-18,800,N20,VIIRS,n,2,302.82,2.72,D,0,VIIRS_NOAA20_SP
24.71907,77.00772,331.93,0.38,0.36,2023-10-18,800,N20,VIIRS,l,2,304.12,2.68,D,0,VIIRS_NOAA20_SP
24.71942,74.61076,336.99,0.42,0.38,2023-10-18,800,N20,VIIRS,n,2,302.72,3.4,D,0,VIIRS_NOAA20_SP
24.72236,77.00712,335.67,0.38,0.36,2023-10-18,800,N20,VIIRS,n,2,303.62,3.2,D,0,VIIRS_NOAA20_SP
24.73336,77.10186,339.02,0.38,0.36,2023-10-18,800,N20,VIIRS,n,2,302.52,4.16,D,0,VIIRS_NOAA20_SP
24.73744,76.88439,348.74,0.38,0.36,2023-10-18,800,N20,VIIRS,n,2,305.27,12.32,D,0,VIIRS_NOAA20_SP
24.73802,76.88815,338.3,0.38,0.36,2023-10-18,800,N20,VIIRS,n,2,298.39,12.32,D,0,VIIRS_NOAA20_SP
24.74024,77.05804,340.3,0.38,0.36,2023-10-18,800,N20,VIIRS,n,2,306.57,3.84,D,0,VIIRS_NOAA20_SP
24.74725,77.03741,334.37,0.38,0.36,2023-10-18,800,N20,VIIRS,l,2,309.24,2.97,D,0,VIIRS_NOAA20_SP
24.75054,77.03681,340.33,0.38,0.36,2023-10-18,800,N20,VIIRS,n,2,308.92,2.97,D,0,VIIRS_NOAA20_SP
24.75112,77.04058,336.37,0.38,0.36,2023-10-18,800,N20,VIIRS,l,2,306.59,2.97,D,0,VIIRS_NOAA20_SP
24.7524,77.07131,341.27,0.38,0.36,2023-10-18,800,N20,VIIRS,n,2,302.93,4.47,D,0,VIIRS_NOAA20_SP
24.7526,75.99959,333.44,0.39,0.36,2023-10-18,800,N20,VIIRS,l,2,305.94,3.24,D,0,VIIRS_NOAA20_SP
24.76018,79.59316,330.43,0.43,0.38,2023-10-18,800,N20,VIIRS,l,2,302.87,1.34,D,0,VIIRS_NOAA20_SP
24.77271,76.98244,336.52,0.38,0.36,2023-10-18,800,N20,VIIRS,l,2,307.11,3.99,D,0,VIIRS_NOAA20_SP
24.77483,77.26457,331.37,0.38,0.36,2023-10-18,800,N20,VIIRS,l,2,305.92,1.63,D,0,VIIRS_NOAA20_SP
24.79424,77.19147,333.86,0.38,0.36,2023-10-18,800,N20,VIIRS,n,2,304.45,2.02,D,0,VIIRS_NOAA20_SP
24.80282,76.89176,340.1,0.38,0.36,2023-10-18,800,N20,VIIRS,n,2,308.33,3.89,D,0,VIIRS_NOAA20_SP
24.80388,77.25546,330.9,0.38,0.36,2023-10-18,800,N20,VIIRS,l,2,304.86,2.23,D,0,VIIRS_NOAA20_SP
24.80444,77.25922,331.43,0.38,0.36,2023-10-18,800,N20,VIIRS,l,2,303.88,1.51,D,0,VIIRS_NOAA20_SP
24.81223,76.81662,331.21,0.38,0.36,2023-10-18,800,N20,VIIRS,l,2,305.93,3.82,D,0,VIIRS_NOAA20_SP
24.81552,76.81601,337.9,0.38,0.36,2023-10-18,800,N20,VIIRS,n,2,306.98,5.3,D,0,VIIRS_NOAA20_SP
24.81573,76.70737,334.98,0.38,0.36,2023-10-18,800,N20,VIIRS,n,2,304.58,2.61,D,0,VIIRS_NOAA20_SP
24.84545,77.01199,334.32,0.38,0.36,2023-10-18,800,N20,VIIRS,n,2,300.14,3.06,D,0,VIIRS_NOAA20_SP
24.84686,76.97686,344.9,0.38,0.36,2023-10-18,800,N20,VIIRS,n,2,302.7,7.0,D,0,VIIRS_NOAA20_SP
24.85727,77.82098,334.45,0.39,0.36,2023-10-18,800,N20,VIIRS,n,2,303.11,1.51,D,0,VIIRS_NOAA20_SP
24.8598,76.86215,334.78,0.38,0.36,2023-10-18,800,N20,VIIRS,n,2,302.36,3.62,D,0,VIIRS_NOAA20_SP
24.86371,77.51997,348.03,0.39,0.36,2023-10-18,800,N20,VIIRS,n,2,311.79,28.68,D,0,VIIRS_NOAA20_SP
24.87472,77.52578,349.49,0.39,0.36,2023-10-18,800,N20,VIIRS,n,2,307.07,7.01,D,0,VIIRS_NOAA20_SP
24.88244,77.53217,347.64,0.39,0.36,2023-10-18,800,N20,VIIRS,n,2,308.29,6.2,D,0,VIIRS_NOAA20_SP
24.90066,76.97478,338.43,0.38,0.36,2023-10-18,800,N20,VIIRS,n,2,307.89,2.84,D,0,VIIRS_NOAA20_SP
24.90948,77.16695,336.86,0.38,0.36,2023-10-18,800,N20,VIIRS,n,2,303.26,4.11,D,0,VIIRS_NOAA20_SP
24.9101,77.08157,334.28,0.38,0.36,2023-10-18,800,N20,VIIRS,l,2,307.5,5.44,D,0,VIIRS_NOAA20_SP
24.91067,77.08534,347.5,0.38,0.36,2023-10-18,800,N20,VIIRS,n,2,307.29,9.07,D,0,VIIRS_NOAA20_SP
24.92286,77.21095,331.38,0.38,0.36,2023-10-18,800,N20,VIIRS,l,2,304.31,4.11,D,0,VIIRS_NOAA20_SP
24.95851,77.63177,343.87,0.39,0.36,2023-10-18,800,N20,VIIRS,n,2,306.94,4.13,D,0,VIIRS_NOAA20_SP
24.95907,77.63557,340.8,0.39,0.36,2023-10-18,800,N20,VIIRS,n,2,306.98,3.6,D,0,VIIRS_NOAA20_SP
24.96125,77.6274,338.71,0.39,0.36,2023-10-18,800,N20,VIIRS,n,2,308.34,4.13,D,0,VIIRS_NOAA20_SP
24.96181,77.63119,336.29,0.39,0.36,2023-10-18,800,N20,VIIRS,l,2,306.85,4.13,D,0,VIIRS_NOAA20_SP
24.96265,77.1804,331.16,0.38,0.36,2023-10-18,800,N20,VIIRS,l,2,304.55,2.29,D,0,VIIRS_NOAA20_SP
24.9643,77.07938,331.52,0.38,0.36,2023-10-18,800,N20,VIIRS,l,2,303.37,3.57,D,0,VIIRS_NOAA20_SP
24.96455,77.62681,337.03,0.39,0.36,2023-10-18,800,N20,VIIRS,l,2,307.14,3.12,D,0,VIIRS_NOAA20_SP
24.96487,77.08315,333.75,0.38,0.36,2023-10-18,800,N20,VIIRS,n,2,300.98,3.0,D,0,VIIRS_NOAA20_SP
24.98858,77.33088,332.62,0.38,0.36,2023-10-18,800,N20,VIIRS,l,2,305.5,0.81,D,0,VIIRS_NOAA20_SP
25.00937,77.31161,341.97,0.38,0.36,2023-10-18,800,N20,VIIRS,n,2,307.89,4.79,D,0,VIIRS_NOAA20_SP
25.03025,77.09064,346.6,0.38,0.36,2023-10-18,800,N20,VIIRS,n,2,305.94,5.56,D,0,VIIRS_NOAA20_SP
25.05148,76.95899,331.95,0.38,0.36,2023-10-18,800,N20,VIIRS,n,2,299.43,2.56,D,0,VIIRS_NOAA20_SP
25.05561,76.91943,336.2,0.38,0.36,2023-10-18,800,N20,VIIRS,n,2,306.2,3.09,D,0,VIIRS_NOAA20_SP
25.07586,76.19446,340.28,0.39,0.36,2023-10-18,800,N20,VIIRS,n,2,306.18,5.95,D,0,VIIRS_NOAA20_SP
25.08035,76.20145,335.16,0.39,0.36,2023-10-18,800,N20,VIIRS,l,2,307.16,3.47,D,0,VIIRS_NOAA20_SP
25.09196,76.93605,339.52,0.38,0.36,2023-10-18,800,N20,VIIRS,n,2,301.67,2.38,D,0,VIIRS_NOAA20_SP
25.09525,76.93544,337.85,0.38,0.36,2023-10-18,800,N20,VIIRS,n,2,302.98,2.38,D,0,VIIRS_NOAA20_SP
25.10283,77.09709,333.45,0.38,0.36,2023-10-18,800,N20,VIIRS,n,2,300.04,2.89,D,0,VIIRS_NOAA20_SP
25.10939,77.85146,332.43,0.39,0.36,2023-10-18,800,N20,VIIRS,l,2,306.6,2.85,D,0,VIIRS_NOAA20_SP
25.11709,77.83441,332.14,0.39,0.36,2023-10-18,800,N20,VIIRS,l,2,305.2,3.15,D,0,VIIRS_NOAA20_SP
25.1266,77.03065,346.56,0.38,0.36,2023-10-18,800,N20,VIIRS,n,2,303.62,6.13,D,0,VIIRS_NOAA20_SP
25.18102,76.12698,335.48,0.39,0.36,2023-10-18,800,N20,VIIRS,n,2,302.53,2.05,D,0,VIIRS_NOAA20_SP
25.19183,76.10918,338.74,0.39,0.36,2023-10-18,800,N20,VIIRS,l,2,309.9,5.06,D,0,VIIRS_NOAA20_SP
25.19392,77.11539,336.16,0.38,0.36,2023-10-18,800,N20,VIIRS,n,2,303.2,3.01,D,0,VIIRS_NOAA20_SP
25.20068,76.95876,339.62,0.38,0.36,2023-10-18,800,N20,VIIRS,n,2,301.62,11.47,D,0,VIIRS_NOAA20_SP
25.21528,77.01048,342.22,0.38,0.36,2023-10-18,800,N20,VIIRS,n,2,308.31,4.05,D,0,VIIRS_NOAA20_SP
25.31211,75.64602,338.43,0.39,0.37,2023-10-18,800,N20,VIIRS,n,2,306.07,3.05,D,0,VIIRS_NOAA20_SP
25.32018,76.42994,332.2,0.39,0.36,2023-10-18,800,N20,VIIRS,l,2,307.03,1.79,D,0,VIIRS_NOAA20_SP
25.3364,75.94774,344.46,0.39,0.36,2023-10-18,800,N20,VIIRS,n,2,306.88,18.05,D,0,VIIRS_NOAA20_SP
25.34633,75.94584,336.75,0.39,0.36,2023-10-18,800,N20,VIIRS,n,2,305.82,4.44,D,0,VIIRS_NOAA20_SP
25.35096,75.67446,335.22,0.39,0.37,2023-10-18,800,N20,VIIRS,n,2,303.65,3.63,D,0,VIIRS_NOAA20_SP
25.37976,75.96315,333.69,0.39,0.36,2023-10-18,800,N20,VIIRS,n,2,302.18,2.31,D,0,VIIRS_NOAA20_SP
25.39784,75.9913,336.68,0.39,0.36,2023-10-18,800,N20,VIIRS,n,2,302.79,3.63,D,0,VIIRS_NOAA20_SP
25.40446,76.69114,332.26,0.38,0.36,2023-10-18,800,N20,VIIRS,l,2,306.48,2.21,D,0,VIIRS_NOAA20_SP
25.40559,76.30067,345.14,0.39,0.36,2023-10-18,800,N20,VIIRS,n,2,310.18,12.02,D,0,VIIRS_NOAA20_SP
25.42641,76.50014,338.03,0.39,0.36,2023-10-18,800,N20,VIIRS,l,2,308.75,6.75,D,0,VIIRS_NOAA20_SP
25.42853,76.0565,335.72,0.39,0.36,2023-10-18,800,N20,VIIRS,n,2,304.92,3.07,D,0,VIIRS_NOAA20_SP
25.42913,76.06033,347.92,0.39,0.36,2023-10-18,800,N20,VIIRS,n,2,306.63,11.26,D,0,VIIRS_NOAA20_SP
25.42925,76.30011,342.15,0.39,0.36,2023-10-18,800,N20,VIIRS,n,2,309.31,5.73,D,0,VIIRS_NOAA20_SP
25.43394,76.04757,336.98,0.39,0.36,2023-10-18,800,N20,VIIRS,n,2,305.29,13.89,D,0,VIIRS_NOAA20_SP
25.43511,76.4907,334.96,0.39,0.36,2023-10-18,800,N20,VIIRS,l,2,306.33,2.45,D,0,VIIRS_NOAA20_SP
25.5048,77.0584,335.91,0.38,0.36,2023-10-18,800,N20,VIIRS,n,2,302.92,2.62,D,0,VIIRS_NOAA20_SP
25.51692,76.60423,336.82,0.38,0.36,2023-10-18,800,N20,VIIRS,n,2,306.23,2.08,D,0,VIIRS_NOAA20_SP
25.54734,78.78896,332.47,0.41,0.37,2023-10-18,800,N20,VIIRS,n,2,301.88,2.06,D,0,VIIRS_NOAA20_SP
25.56326,78.36172,330.33,0.4,0.37,2023-10-18,800,N20,VIIRS,l,2,300.75,1.34,D,0,VIIRS_NOAA20_SP
25.5646,78.35764,333.16,0.4,0.37,2023-10-18,800,N20,VIIRS,n,2,302.68,2.62,D,0,VIIRS_NOAA20_SP
25.61464,78.59294,330.71,0.4,0.37,2023-10-18,800,N20,VIIRS,n,2,301.33,1.96,D,0,VIIRS_NOAA20_SP
25.66072,78.62613,334.16,0.4,0.37,2023-10-18,800,N20,VIIRS,n,2,302.63,2.19,D,0,VIIRS_NOAA20_SP
25.6656,80.33228,336.69,0.46,0.39,2023-10-18,800,N20,VIIRS,n,2,304.78,5.7,D,0,VIIRS_NOAA20_SP
25.77526,78.52145,342.48,0.4,0.37,2023-10-18,800,N20,VIIRS,n,2,303.46,8.99,D,0,VIIRS_NOAA20_SP
25.22005,71.35941,337.27,0.4,0.44,2023-10-18,801,N20,VIIRS,n,2,304.84,3.83,D,0,VIIRS_NOAA20_SP
25.31029,68.34446,332.43,0.6,0.53,2023-10-18,801,N20,VIIRS,n,2,295.7,3.5,D,0,VIIRS_NOAA20_SP
25.31066,68.34171,333.85,0.6,0.53,2023-10-18,801,N20,VIIRS,n,2,297.23,2.91,D,0,VIIRS_NOAA20_SP
25.41602,75.89288,332.98,0.39,0.36,2023-10-18,801,N20,VIIRS,l,2,304.78,3.86,D,0,VIIRS_NOAA20_SP
25.45782,76.02728,339.17,0.39,0.36,2023-10-18,801,N20,VIIRS,n,2,305.5,2.24,D,0,VIIRS_NOAA20_SP
25.45815,76.05089,333.33,0.39,0.36,2023-10-18,801,N20,VIIRS,n,2,305.36,2.35,D,0,VIIRS_NOAA20_SP
25.46,76.10573,333.16,0.39,0.36,2023-10-18,801,N20,VIIRS,n,2,301.05,2.49,D,0,VIIRS_NOAA20_SP
25.4872,75.8037,332.83,0.39,0.36,2023-10-18,801,N20,VIIRS,l,2,304.66,1.86,D,0,VIIRS_NOAA20_SP
25.54286,76.63838,332.31,0.38,0.36,2023-10-18,801,N20,VIIRS,l,2,303.46,2.38,D,0,VIIRS_NOAA20_SP
25.58505,76.69289,336.3,0.38,0.36,2023-10-18,801,N20,VIIRS,n,2,309.55,22.91,D,0,VIIRS_NOAA20_SP
25.58563,76.69669,333.43,0.38,0.36,2023-10-18,801,N20,VIIRS,n,2,300.71,9.64,D,0,VIIRS_NOAA20_SP
25.63205,76.73488,356.13,0.38,0.36,2023-10-18,801,N20,VIIRS,n,2,305.94,9.77,D,0,VIIRS_NOAA20_SP
25.64176,76.63967,335.54,0.38,0.36,2023-10-18,801,N20,VIIRS,n,2,303.91,1.0,D,0,VIIRS_NOAA20_SP
25.65144,76.68081,335.65,0.38,0.36,2023-10-18,801,N20,VIIRS,n,2,305.34,4.18,D,0,VIIRS_NOAA20_SP
25.66314,68.61823,335.26,0.56,0.52,2023-10-18,801,N20,VIIRS,n,2,296.73,2.78,D,0,VIIRS_NOAA20_SP
25.67041,76.64995,335.04,0.38,0.36,2023-10-18,801,N20,VIIRS,l,2,305.64,3.26,D,0,VIIRS_NOAA20_SP
25.68393,69.21902,336.39,0.52,0.5,2023-10-18,801,N20,VIIRS,n,2,301.73,3.49,D,0,VIIRS_NOAA20_SP
25.80275,75.35361,334.0,0.4,0.37,2023-10-18,801,N20,VIIRS,l,2,306.5,3.23,D,0,VIIRS_NOAA20_SP
25.80466,78.52494,338.0,0.4,0.37,2023-10-18,801,N20,VIIRS,n,2,301.28,3.39,D,0,VIIRS_NOAA20_SP
25.86479,78.5106,332.65,0.4,0.37,2023-10-18,801,N20,VIIRS,n,2,301.57,2.15,D,0,VIIRS_NOAA20_SP
25.88502,78.58102,332.56,0.4,0.37,2023-10-18,801,N20,VIIRS,n,2,301.77,2.5,D,0,VIIRS_NOAA20_SP
25.89964,78.51287,336.12,0.4,0.37,2023-10-18,801,N20,VIIRS,n,2,304.53,3.44,D,0,VIIRS_NOAA20_SP
25.93955,78.69222,331.47,0.41,0.37,2023-10-18,801,N20,VIIRS,n,2,299.85,2.37,D,0,VIIRS_NOAA20_SP
25.94215,78.51039,338.22,0.4,0.37,2023-10-18,801,N20,VIIRS,n,2,301.48,3.23,D,0,VIIRS_NOAA20_SP
25.9554,69.31378,333.8,0.51,0.49,2023-10-18,801,N20,VIIRS,n,2,301.33,3.29,D,0,VIIRS_NOAA20_SP
25.96407,76.6143,333.91,0.38,0.36,2023-10-18,801,N20,VIIRS,n,2,301.27,3.51,D,0,VIIRS_NOAA20_SP
25.9796,79.13883,333.96,0.42,0.38,2023-10-18,801,N20,VIIRS,n,2,302.41,1.92,D,0,VIIRS_NOAA20_SP
25.99117,69.31753,333.57,0.5,0.49,2023-10-18,801,N20,VIIRS,n,2,303.0,5.5,D,0,VIIRS_NOAA20_SP
25.99219,69.32242,336.83,0.5,0.49,2023-10-18,801,N20,VIIRS,n,2,300.14,2.13,D,0,VIIRS_NOAA20_SP
26.00933,76.71151,332.32,0.38,0.36,2023-10-18,801,N20,VIIRS,l,2,304.57,2.28,D,0,VIIRS_NOAA20_SP
26.0104,78.37151,336.04,0.4,0.37,2023-10-18,801,N20,VIIRS,n,2,303.19,6.24,D,0,VIIRS_NOAA20_SP
26.01049,76.71912,337.48,0.38,0.36,2023-10-18,801,N20,VIIRS,n,2,305.55,1.65,D,0,VIIRS_NOAA20_SP
26.04843,76.97034,334.49,0.38,0.36,2023-10-18,801,N20,VIIRS,l,2,304.55,2.58,D,0,VIIRS_NOAA20_SP
26.09278,76.95044,337.19,0.38,0.36,2023-10-18,801,N20,VIIRS,n,2,304.25,4.61,D,0,VIIRS_NOAA20_SP
26.16124,78.40359,330.69,0.4,0.37,2023-10-18,801,N20,VIIRS,n,2,301.81,1.08,D,0,VIIRS_NOAA20_SP
26.29815,77.46413,337.59,0.39,0.36,2023-10-18,801,N20,VIIRS,n,2,305.33,5.14,D,0,VIIRS_NOAA20_SP
26.34621,79.69163,336.18,0.44,0.39,2023-10-18,801,N20,VIIRS,n,2,300.79,3.19,D,0,VIIRS_NOAA20_SP
26.57108,78.53355,333.08,0.41,0.37,2023-10-18,801,N20,VIIRS,l,2,305.09,2.5,D,0,VIIRS_NOAA20_SP
26.59683,83.05361,340.3,0.44,0.46,2023-10-18,801,N20,VIIRS,n,2,300.12,5.4,D,0,VIIRS_NOAA20_SP
26.78288,69.00245,331.49,0.51,0.49,2023-10-18,801,N20,VIIRS,l,2,301.57,2.27,D,0,VIIRS_NOAA20_SP
26.91504,78.98223,338.73,0.42,0.38,2023-10-18,801,N20,VIIRS,n,2,303.01,6.43,D,0,VIIRS_NOAA20_SP
26.91732,78.99917,333.63,0.42,0.38,2023-10-18,801,N20,VIIRS,n,2,301.55,2.65,D,0,VIIRS_NOAA20_SP
26.93622,79.1662,336.02,0.43,0.38,2023-10-18,801,N20,VIIRS,n,2,299.89,2.39,D,0,VIIRS_NOAA20_SP
26.96123,83.42959,332.18,0.47,0.48,2023-10-18,801,N20,VIIRS,n,2,298.25,3.44,D,0,VIIRS_NOAA20_SP
27.22725,68.36491,333.99,0.54,0.51,2023-10-18,801,N20,VIIRS,n,2,295.4,4.66,D,0,VIIRS_NOAA20_SP
27.47628,77.51801,331.08,0.39,0.36,2023-10-18,801,N20,VIIRS,n,2,301.07,2.17,D,0,VIIRS_NOAA20_SP
27.49833,77.4817,331.48,0.39,0.36,2023-10-18,801,N20,VIIRS,n,2,303.37,1.81,D,0,VIIRS_NOAA20_SP
27.5617,77.35715,333.69,0.39,0.36,2023-10-18,801,N20,VIIRS,n,2,302.83,2.07,D,0,VIIRS_NOAA20_SP
27.62237,77.45134,333.19,0.39,0.36,2023-10-18,801,N20,VIIRS,n,2,299.19,2.44,D,0,VIIRS_NOAA20_SP
27.66079,80.06894,334.18,0.47,0.4,2023-10-18,801,N20,VIIRS,n,2,301.24,4.75,D,0,VIIRS_NOAA20_SP
27.8716,79.37319,338.79,0.44,0.39,2023-10-18,801,N20,VIIRS,n,2,304.85,2.92,D,0,VIIRS_NOAA20_SP
27.9439,77.423,332.26,0.39,0.36,2023-10-18,801,N20,VIIRS,n,2,300.3,5.06,D,0,VIIRS_NOAA20_SP
27.94447,77.42696,345.08,0.39,0.36,2023-10-18,801,N20,VIIRS,n,2,302.69,5.06,D,0,VIIRS_NOAA20_SP
27.95728,77.44498,332.62,0.39,0.36,2023-10-18,801,N20,VIIRS,n,2,301.27,3.1,D,0,VIIRS_NOAA20_SP
28.00589,77.37922,331.87,0.39,0.36,2023-10-18,801,N20,VIIRS,n,2,301.72,2.4,D,0,VIIRS_NOAA20_SP
28.04896,77.60831,332.85,0.4,0.37,2023-10-18,801,N20,VIIRS,n,2,302.42,2.51,D,0,VIIRS_NOAA20_SP
28.04901,77.42387,342.71,0.39,0.36,2023-10-18,801,N20,VIIRS,n,2,303.49,11.01,D,0,VIIRS_NOAA20_SP
28.06022,79.40882,338.73,0.45,0.39,2023-10-18,801,N20,VIIRS,n,2,304.95,3.77,D,0,VIIRS_NOAA20_SP
28.24421,73.27978,350.64,0.44,0.38,2023-10-18,801,N20,VIIRS,n,2,306.08,3.56,D,0,VIIRS_NOAA20_SP
28.24496,73.28415,341.75,0.44,0.38,2023-10-18,801,N20,VIIRS,n,2,306.53,2.02,D,0,VIIRS_NOAA20_SP
28.24689,79.96692,344.52,0.47,0.4,2023-10-18,801,N20,VIIRS,n,2,300.19,6.61,D,0,VIIRS_NOAA20_SP
28.24693,73.27462,338.72,0.44,0.38,2023-10-18,801,N20,VIIRS,n,2,306.31,4.22,D,0,VIIRS_NOAA20_SP
28.24768,73.279,356.68,0.44,0.38,2023-10-18,801,N20,VIIRS,l,2,306.66,4.22,D,0,VIIRS_NOAA20_SP
28.24818,73.27554,345.95,0.44,0.38,2023-10-18,801,N20,VIIRS,n,2,306.17,6.29,D,0,VIIRS_NOAA20_SP
28.24843,73.28339,346.9,0.44,0.38,2023-10-18,801,N20,VIIRS,n,2,306.81,3.94,D,0,VIIRS_NOAA20_SP
28.24895,73.27991,356.38,0.44,0.38,2023-10-18,801,N20,VIIRS,l,2,306.17,6.29,D,0,VIIRS_NOAA20_SP
28.24972,73.28429,336.2,0.44,0.38,2023-10-18,801,N20,VIIRS,l,2,307.39,2.24,D,0,VIIRS_NOAA20_SP
28.25115,73.27823,351.77,0.44,0.38,2023-10-18,801,N20,VIIRS,n,2,306.74,4.22,D,0,VIIRS_NOAA20_SP
28.2519,73.28262,355.07,0.44,0.38,2023-10-18,801,N20,VIIRS,l,2,306.27,3.94,D,0,VIIRS_NOAA20_SP
28.25243,73.23818,351.64,0.44,0.38,2023-10-18,801,N20,VIIRS,n,2,304.97,3.25,D,0,VIIRS_NOAA20_SP
28.25319,73.28353,349.28,0.44,0.38,2023-10-18,801,N20,VIIRS,n,2,306.26,2.24,D,0,VIIRS_NOAA20_SP
28.2532,73.24257,347.14,0.44,0.38,2023-10-18,801,N20,VIIRS,n,2,305.44,3.25,D,0,VIIRS_NOAA20_SP
28.25512,73.27401,341.27,0.44,0.38,2023-10-18,801,N20,VIIRS,n,2,305.75,3.87,D,0,VIIRS_NOAA20_SP
28.25513,73.23302,339.08,0.44,0.38,2023-10-18,801,N20,VIIRS,n,2,306.16,6.06,D,0,VIIRS_NOAA20_SP
28.25589,73.27839,355.81,0.44,0.38,2023-10-18,801,N20,VIIRS,l,2,305.98,3.87,D,0,VIIRS_NOAA20_SP
28.2559,73.23741,356.14,0.44,0.38,2023-10-18,801,N20,VIIRS,l,2,306.44,6.75,D,0,VIIRS_NOAA20_SP
28.25629,73.21907,339.69,0.44,0.38,2023-10-18,801,N20,VIIRS,n,2,306.31,2.96,D,0,VIIRS_NOAA20_SP
28.25665,73.28276,353.3,0.44,0.38,2023-10-18,801,N20,VIIRS,n,2,305.66,4.84,D,0,VIIRS_NOAA20_SP
28.25668,73.24181,356.15,0.44,0.38,2023-10-18,801,N20,VIIRS,l,2,306.38,6.75,D,0,VIIRS_NOAA20_SP
28.25705,73.26449,355.88,0.44,0.38,2023-10-18,801,N20,VIIRS,l,2,304.67,6.56,D,0,VIIRS_NOAA20_SP
28.25859,73.27325,349.52,0.44,0.38,2023-10-18,801,N20,VIIRS,n,2,305.57,3.87,D,0,VIIRS_NOAA20_SP
28.25861,73.23225,356.05,0.44,0.38,2023-10-18,801,N20,VIIRS,l,2,307.01,6.06,D,0,VIIRS_NOAA20_SP
28.25936,73.27763,355.46,0.44,0.38,2023-10-18,801,N20,VIIRS,l,2,305.1,3.87,D,0,VIIRS_NOAA20_SP
28.25938,73.23664,356.05,0.44,0.38,2023-10-18,801,N20,VIIRS,l,2,307.13,6.75,D,0,VIIRS_NOAA20_SP
28.25977,73.21829,337.7,0.44,0.38,2023-10-18,801,N20,VIIRS,n,2,306.48,3.34,D,0,VIIRS_NOAA20_SP
28.26012,73.282,355.88,0.44,0.38,2023-10-18,801,N20,VIIRS,l,2,305.57,4.84,D,0,VIIRS_NOAA20_SP
28.26015,73.24104,356.05,0.44,0.38,2023-10-18,801,N20,VIIRS,l,2,307.34,6.75,D,0,VIIRS_NOAA20_SP
28.26052,73.26373,343.43,0.44,0.38,2023-10-18,801,N20,VIIRS,n,2,305.39,8.1,D,0,VIIRS_NOAA20_SP
28.26054,73.22269,351.64,0.44,0.38,2023-10-18,801,N20,VIIRS,n,2,306.78,3.34,D,0,VIIRS_NOAA20_SP
28.26131,73.2271,352.39,0.44,0.38,2023-10-18,801,N20,VIIRS,n,2,306.78,3.38,D,0,VIIRS_NOAA20_SP
28.26206,73.27248,356.03,0.44,0.38,2023-10-18,801,N20,VIIRS,l,2,305.96,4.46,D,0,VIIRS_NOAA20_SP
28.26208,73.23148,342.46,0.44,0.38,2023-10-18,801,N20,VIIRS,n,2,306.09,3.38,D,0,VIIRS_NOAA20_SP
28.26245,73.25419,346.79,0.44,0.38,2023-10-18,801,N20,VIIRS,n,2,305.89,3.17,D,0,VIIRS_NOAA20_SP
28.26283,73.27686,355.49,0.44,0.38,2023-10-18,801,N20,VIIRS,l,2,305.81,4.46,D,0,VIIRS_NOAA20_SP
28.26285,73.23587,350.61,0.44,0.38,2023-10-18,801,N20,VIIRS,n,2,306.53,6.71,D,0,VIIRS_NOAA20_SP
28.26323,73.25858,342.92,0.44,0.38,2023-10-18,801,N20,VIIRS,n,2,305.81,3.17,D,0,VIIRS_NOAA20_SP
28.26359,73.28123,341.24,0.44,0.38,2023-10-18,801,N20,VIIRS,n,2,306.09,3.29,D,0,VIIRS_NOAA20_SP
28.26362,73.24026,356.02,0.44,0.38,2023-10-18,801,N20,VIIRS,l,2,307.04,6.71,D,0,VIIRS_NOAA20_SP
28.26399,73.26295,355.72,0.44,0.38,2023-10-18,801,N20,VIIRS,l,2,305.14,8.1,D,0,VIIRS_NOAA20_SP
28.26402,73.22192,351.23,0.44,0.38,2023-10-18,801,N20,VIIRS,n,2,306.7,3.34,D,0,VIIRS_NOAA20_SP
28.26436,73.2856,337.01,0.44,0.38,2023-10-18,801,N20,VIIRS,n,2,306.51,3.29,D,0,VIIRS_NOAA20_SP
28.26439,73.24464,352.56,0.44,0.38,2023-10-18,801,N20,VIIRS,n,2,308.16,5.41,D,0,VIIRS_NOAA20_SP
28.2646,73.35685,339.61,0.43,0.38,2023-10-18,801,N20,VIIRS,n,2,306.4,3.38,D,0,VIIRS_NOAA20_SP
28.26479,73.22632,356.14,0.44,0.38,2023-10-18,801,N20,VIIRS,l,2,306.8,3.38,D,0,VIIRS_NOAA20_SP
28.26516,73.24904,356.23,0.44,0.38,2023-10-18,801,N20,VIIRS,l,2,307.25,5.41,D,0,VIIRS_NOAA20_SP
28.26553,73.27171,355.17,0.44,0.38,2023-10-18,801,N20,VIIRS,l,2,305.69,4.46,D,0,VIIRS_NOAA20_SP
28.26556,73.23071,345.44,0.44,0.38,2023-10-18,801,N20,VIIRS,n,2,306.79,3.38,D,0,VIIRS_NOAA20_SP
28.2663,73.27608,348.6,0.44,0.38,2023-10-18,801,N20,VIIRS,n,2,306.02,4.46,D,0,VIIRS_NOAA20_SP
28.2667,73.2578,338.1,0.44,0.38,2023-10-18,801,N20,VIIRS,n,2,306.61,3.03,D,0,VIIRS_NOAA20_SP
28.2671,73.23949,351.26,0.44,0.38,2023-10-18,801,N20,VIIRS,n,2,306.58,6.71,D,0,VIIRS_NOAA20_SP
28.26746,73.26218,356.23,0.44,0.38,2023-10-18,801,N20,VIIRS,l,2,305.23,6.47,D,0,VIIRS_NOAA20_SP
28.26749,73.22116,335.19,0.44,0.38,2023-10-18,801,N20,VIIRS,l,2,306.43,2.47,D,0,VIIRS_NOAA20_SP
28.26783,73.28483,337.29,0.44,0.38,2023-10-18,801,N20,VIIRS,n,2,305.81,3.29,D,0,VIIRS_NOAA20_SP
28.26826,73.22554,345.13,0.44,0.38,2023-10-18,801,N20,VIIRS,n,2,306.64,3.87,D,0,VIIRS_NOAA20_SP
28.26859,73.2892,335.58,0.44,0.38,2023-10-18,801,N20,VIIRS,l,2,306.64,1.22,D,0,VIIRS_NOAA20_SP
28.269,73.27094,356.23,0.44,0.38,2023-10-18,801,N20,VIIRS,l,2,305.4,5.56,D,0,VIIRS_NOAA20_SP
28.2698,73.23433,345.03,0.44,0.38,2023-10-18,801,N20,VIIRS,n,2,306.42,5.22,D,0,VIIRS_NOAA20_SP
28.2717,73.26579,344.01,0.44,0.38,2023-10-18,801,N20,VIIRS,n,2,306.16,6.47,D,0,VIIRS_NOAA20_SP
28.27206,73.28843,345.88,0.44,0.38,2023-10-18,801,N20,VIIRS,n,2,304.62,2.09,D,0,VIIRS_NOAA20_SP
28.27247,73.27017,355.29,0.44,0.38,2023-10-18,801,N20,VIIRS,l,2,304.91,5.56,D,0,VIIRS_NOAA20_SP
28.27282,73.2928,345.8,0.43,0.38,2023-10-18,801,N20,VIIRS,n,2,304.7,2.09,D,0,VIIRS_NOAA20_SP
28.27521,73.22401,337.91,0.44,0.38,2023-10-18,801,N20,VIIRS,n,2,307.26,1.93,D,0,VIIRS_NOAA20_SP
28.27598,73.2284,350.31,0.44,0.38,2023-10-18,801,N20,VIIRS,n,2,307.37,1.93,D,0,VIIRS_NOAA20_SP
28.27638,73.21004,338.01,0.44,0.38,2023-10-18,801,N20,VIIRS,n,2,305.75,2.57,D,0,VIIRS_NOAA20_SP
28.27752,73.23718,349.75,0.44,0.38,2023-10-18,801,N20,VIIRS,n,2,307.68,4.38,D,0,VIIRS_NOAA20_SP
28.27774,73.34153,335.68,0.43,0.38,2023-10-18,801,N20,VIIRS,n,2,305.44,2.04,D,0,VIIRS_NOAA20_SP
28.27946,73.22762,336.21,0.44,0.38,2023-10-18,801,N20,VIIRS,l,2,307.22,1.93,D,0,VIIRS_NOAA20_SP
28.27982,73.25034,338.96,0.44,0.38,2023-10-18,801,N20,VIIRS,n,2,307.13,2.52,D,0,VIIRS_NOAA20_SP
28.28252,73.24518,345.84,0.44,0.38,2023-10-18,801,N20,VIIRS,n,2,306.9,5.66,D,0,VIIRS_NOAA20_SP
28.28329,73.24957,337.73,0.44,0.38,2023-10-18,801,N20,VIIRS,n,2,306.69,2.52,D,0,VIIRS_NOAA20_SP
28.28405,73.25395,349.18,0.44,0.38,2023-10-18,801,N20,VIIRS,n,2,306.63,2.52,D,0,VIIRS_NOAA20_SP
28.29064,73.22969,341.82,0.44,0.38,2023-10-18,801,N20,VIIRS,n,2,307.08,3.74,D,0,VIIRS_NOAA20_SP
28.29252,73.26117,338.72,0.44,0.38,2023-10-18,801,N20,VIIRS,n,2,306.79,1.67,D,0,VIIRS_NOAA20_SP
28.29488,73.23331,351.01,0.44,0.38,2023-10-18,801,N20,VIIRS,n,2,307.72,3.74,D,0,VIIRS_NOAA20_SP
28.29599,73.2604,346.33,0.44,0.38,2023-10-18,801,N20,VIIRS,n,2,306.81,2.52,D,0,VIIRS_NOAA20_SP
28.29641,73.24209,347.13,0.44,0.38,2023-10-18,801,N20,VIIRS,n,2,307.36,2.99,D,0,VIIRS_NOAA20_SP
28.29836,73.23255,338.24,0.44,0.38,2023-10-18,801,N20,VIIRS,n,2,306.56,1.4,D,0,VIIRS_NOAA20_SP
28.2987,73.25525,346.32,0.44,0.38,2023-10-18,801,N20,VIIRS,n,2,306.38,2.52,D,0,VIIRS_NOAA20_SP
28.29912,73.23695,350.75,0.44,0.38,2023-10-18,801,N20,VIIRS,n,2,305.61,2.81,D,0,VIIRS_NOAA20_SP
28.29946,73.25964,345.61,0.44,0.38,2023-10-18,801,N20,VIIRS,n,2,306.64,2.52,D,0,VIIRS_NOAA20_SP
28.29988,73.24132,341.79,0.44,0.38,2023-10-18,801,N20,VIIRS,n,2,306.68,2.81,D,0,VIIRS_NOAA20_SP
28.30065,73.24571,335.01,0.44,0.38,2023-10-18,801,N20,VIIRS,l,2,307.79,1.49,D,0,VIIRS_NOAA20_SP
28.30141,73.25011,338.62,0.44,0.38,2023-10-18,801,N20,VIIRS,n,2,307.87,1.49,D,0,VIIRS_NOAA20_SP
28.30488,73.24933,335.7,0.44,0.38,2023-10-18,801,N20,VIIRS,l,2,308.6,1.49,D,0,VIIRS_NOAA20_SP
28.34508,73.39881,335.55,0.43,0.38,2023-10-18,801,N20,VIIRS,l,2,307.81,0.66,D,0,VIIRS_NOAA20_SP
28.34778,73.39371,348.1,0.43,0.38,2023-10-18,801,N20,VIIRS,n,2,308.27,6.76,D,0,VIIRS_NOAA20_SP
28.34853,73.39806,337.59,0.43,0.38,2023-10-18,801,N20,VIIRS,l,2,308.58,2.5,D,0,VIIRS_NOAA20_SP
28.35076,73.41103,342.45,0.43,0.38,2023-10-18,801,N20,VIIRS,n,2,308.43,2.8,D,0,VIIRS_NOAA20_SP
28.3515,73.41537,356.43,0.43,0.38,2023-10-18,801,N20,VIIRS,l,2,307.71,3.28,D,0,VIIRS_NOAA20_SP
28.35198,73.3973,351.28,0.43,0.38,2023-10-18,801,N20,VIIRS,n,2,307.51,2.5,D,0,VIIRS_NOAA20_SP
28.35224,73.41969,343.31,0.43,0.38,2023-10-18,801,N20,VIIRS,n,2,307.07,3.28,D,0,VIIRS_NOAA20_SP
28.3532,73.38352,345.72,0.43,0.38,2023-10-18,801,N20,VIIRS,n,2,308.37,4.18,D,0,VIIRS_NOAA20_SP
28.35395,73.38786,335.02,0.43,0.38,2023-10-18,801,N20,VIIRS,l,2,307.73,2.64,D,0,VIIRS_NOAA20_SP
28.35421,73.41028,341.7,0.43,0.38,2023-10-18,801,N20,VIIRS,n,2,307.5,2.8,D,0,VIIRS_NOAA20_SP
28.35469,73.3922,347.78,0.43,0.38,2023-10-18,801,N20,VIIRS,n,2,307.17,2.64,D,0,VIIRS_NOAA20_SP
28.35495,73.41461,351.0,0.43,0.38,2023-10-18,801,N20,VIIRS,n,2,307.85,3.28,D,0,VIIRS_NOAA20_SP
28.35543,73.39655,340.63,0.43,0.38,2023-10-18,801,N20,VIIRS,n,2,306.29,2.74,D,0,VIIRS_NOAA20_SP
28.35569,73.41893,337.5,0.43,0.38,2023-10-18,801,N20,VIIRS,l,2,308.52,3.28,D,0,VIIRS_NOAA20_SP
28.35617,73.40086,343.16,0.43,0.38,2023-10-18,801,N20,VIIRS,n,2,306.89,2.74,D,0,VIIRS_NOAA20_SP
28.35665,73.38276,356.53,0.43,0.38,2023-10-18,801,N20,VIIRS,l,2,306.83,4.18,D,0,VIIRS_NOAA20_SP
28.35717,73.42759,342.07,0.43,0.38,2023-10-18,801,N20,VIIRS,n,2,308.52,8.71,D,0,VIIRS_NOAA20_SP
28.3574,73.3871,355.49,0.43,0.38,2023-10-18,801,N20,VIIRS,l,2,306.52,2.64,D,0,VIIRS_NOAA20_SP
28.35766,73.40953,343.37,0.43,0.38,2023-10-18,801,N20,VIIRS,n,2,307.97,4.91,D,0,VIIRS_NOAA20_SP
28.35814,73.39144,344.86,0.43,0.38,2023-10-18,801,N20,VIIRS,n,2,306.71,2.64,D,0,VIIRS_NOAA20_SP
28.3584,73.41386,349.74,0.43,0.38,2023-10-18,801,N20,VIIRS,n,2,307.57,9.19,D,0,VIIRS_NOAA20_SP
28.35888,73.39577,356.51,0.43,0.38,2023-10-18,801,N20,VIIRS,l,2,306.26,2.74,D,0,VIIRS_NOAA20_SP
28.35963,73.40011,346.6,0.43,0.38,2023-10-18,801,N20,VIIRS,n,2,308.46,2.74,D,0,VIIRS_NOAA20_SP
28.35988,73.42251,340.22,0.43,0.38,2023-10-18,801,N20,VIIRS,n,2,309.87,4.26,D,0,VIIRS_NOAA20_SP
28.36011,73.382,337.27,0.43,0.38,2023-10-18,801,N20,VIIRS,l,2,309.12,1.58,D,0,VIIRS_NOAA20_SP
28.36062,73.42682,339.01,0.43,0.38,2023-10-18,801,N20,VIIRS,l,2,309.71,4.26,D,0,VIIRS_NOAA20_SP
28.36085,73.38633,352.12,0.43,0.38,2023-10-18,801,N20,VIIRS,n,2,307.93,2.79,D,0,VIIRS_NOAA20_SP
28.36111,73.40877,356.31,0.43,0.38,2023-10-18,801,N20,VIIRS,l,2,307.46,4.91,D,0,VIIRS_NOAA20_SP
28.36159,73.39068,348.74,0.43,0.38,2023-10-18,801,N20,VIIRS,n,2,307.33,2.79,D,0,VIIRS_NOAA20_SP
28.36185,73.4131,348.19,0.43,0.38,2023-10-18,801,N20,VIIRS,n,2,306.9,9.19,D,0,VIIRS_NOAA20_SP
28.36234,73.39502,356.84,0.43,0.38,2023-10-18,801,N20,VIIRS,l,2,307.03,6.04,D,0,VIIRS_NOAA20_SP
28.36259,73.41743,351.78,0.43,0.38,2023-10-18,801,N20,VIIRS,n,2,309.13,9.19,D,0,VIIRS_NOAA20_SP
28.36308,73.39935,350.77,0.43,0.38,2023-10-18,801,N20,VIIRS,n,2,307.68,6.04,D,0,VIIRS_NOAA20_SP
28.36333,73.42174,346.51,0.43,0.38,2023-10-18,801,N20,VIIRS,n,2,309.16,4.26,D,0,VIIRS_NOAA20_SP
28.3643,73.38557,339.71,0.43,0.38,2023-10-18,801,N20,VIIRS,n,2,308.78,2.79,D,0,VIIRS_NOAA20_SP
28.50304,80.51011,337.14,0.51,0.41,2023-10-18,801,N20,VIIRS,n,2,300.27,3.77,D,0,VIIRS_NOAA20_SP
28.62688,78.5827,335.94,0.42,0.38,2023-10-18,801,N20,VIIRS,n,2,304.34,2.73,D,0,VIIRS_NOAA20_SP
28.62803,78.58157,335.19,0.42,0.38,2023-10-18,801,N20,VIIRS,n,2,304.27,2.56,D,0,VIIRS_NOAA20_SP
28.63095,73.17582,344.24,0.44,0.38,2023-10-18,801,N20,VIIRS,n,2,305.07,2.98,D,0,VIIRS_NOAA20_SP
28.63171,73.18021,342.15,0.44,0.38,2023-10-18,801,N20,VIIRS,n,2,303.25,2.98,D,0,VIIRS_NOAA20_SP
28.63213,73.16188,339.14,0.44,0.38,2023-10-18,801,N20,VIIRS,n,2,306.01,2.07,D,0,VIIRS_NOAA20_SP
28.6458,78.61919,333.86,0.42,0.38,2023-10-18,801,N20,VIIRS,n,2,303.87,1.97,D,0,VIIRS_NOAA20_SP
28.88318,79.73093,332.04,0.47,0.4,2023-10-18,801,N20,VIIRS,l,2,303.06,3.68,D,0,VIIRS_NOAA20_SP
28.88393,79.73229,331.76,0.47,0.4,2023-10-18,801,N20,VIIRS,l,2,303.44,2.12,D,0,VIIRS_NOAA20_SP
28.88751,79.85349,332.5,0.48,0.4,2023-10-18,801,N20,VIIRS,n,2,301.67,2.8,D,0,VIIRS_NOAA20_SP
28.89476,79.79299,347.01,0.47,0.4,2023-10-18,801,N20,VIIRS,n,2,306.17,5.63,D,0,VIIRS_NOAA20_SP
28.89519,79.79444,338.78,0.47,0.4,2023-10-18,801,N20,VIIRS,n,2,305.09,6.72,D,0,VIIRS_NOAA20_SP
28.915,79.86565,329.79,0.48,0.4,2023-10-18,801,N20,VIIRS,l,2,302.53,2.33,D,0,VIIRS_NOAA20_SP
28.94904,79.90012,337.75,0.48,0.4,2023-10-18,801,N20,VIIRS,n,2,303.59,2.97,D,0,VIIRS_NOAA20_SP
29.2422,77.35143,336.69,0.4,0.37,2023-10-18,801,N20,VIIRS,n,2,302.02,15.36,D,0,VIIRS_NOAA20_SP
28.94343,70.54193,335.06,0.57,0.43,2023-10-18,802,N20,VIIRS,n,2,302.73,5.09,D,0,VIIRS_NOAA20_SP
28.94771,70.54543,331.12,0.57,0.43,2023-10-18,802,N20,VIIRS,n,2,298.34,8.32,D,0,VIIRS_NOAA20_SP
29.24162,75.48573,337.72,0.39,0.36,2023-10-18,802,N20,VIIRS,n,2,305.55,4.32,D,0,VIIRS_NOAA20_SP
29.36052,73.50398,335.77,0.42,0.38,2023-10-18,802,N20,VIIRS,n,2,303.74,2.57,D,0,VIIRS_NOAA20_SP
29.38875,75.69108,331.37,0.38,0.36,2023-10-18,802,N20,VIIRS,n,2,301.06,1.39,D,0,VIIRS_NOAA20_SP
29.45959,76.02058,333.86,0.38,0.36,2023-10-18,802,N20,VIIRS,n,2,303.99,3.25,D,0,VIIRS_NOAA20_SP
29.46271,75.63976,334.48,0.38,0.36,2023-10-18,802,N20,VIIRS,n,2,302.76,3.43,D,0,VIIRS_NOAA20_SP
29.46331,75.64368,333.23,0.38,0.36,2023-10-18,802,N20,VIIRS,n,2,302.58,2.77,D,0,VIIRS_NOAA20_SP
29.46413,75.98328,335.26,0.38,0.36,2023-10-18,802,N20,VIIRS,n,2,302.0,3.56,D,0,VIIRS_NOAA20_SP
29.46801,75.21292,332.91,0.39,0.36,2023-10-18,802,N20,VIIRS,n,2,300.47,1.3,D,0,VIIRS_NOAA20_SP
29.47399,75.27275,334.16,0.39,0.36,2023-10-18,802,N20,VIIRS,n,2,300.55,5.14,D,0,VIIRS_NOAA20_SP
29.47839,76.03307,340.15,0.38,0.36,2023-10-18,802,N20,VIIRS,n,2,304.7,6.33,D,0,VIIRS_NOAA20_SP
29.48168,76.03243,330.47,0.38,0.36,2023-10-18,802,N20,VIIRS,n,2,304.08,2.06,D,0,VIIRS_NOAA20_SP
29.51507,75.82761,331.68,0.38,0.36,2023-10-18,802,N20,VIIRS,n,2,299.9,3.2,D,0,VIIRS_NOAA20_SP
29.54922,76.03131,331.42,0.38,0.36,2023-10-18,802,N20,VIIRS,n,2,302.17,2.32,D,0,VIIRS_NOAA20_SP
29.54981,76.03524,334.59,0.38,0.36,2023-10-18,802,N20,VIIRS,n,2,301.08,2.32,D,0,VIIRS_NOAA20_SP
29.57067,75.23732,333.36,0.39,0.36,2023-10-18,802,N20,VIIRS,n,2,301.27,2.37,D,0,VIIRS_NOAA20_SP
29.5724,75.95814,333.81,0.38,0.36,2023-10-18,802,N20,VIIRS,n,2,302.46,2.01,D,0,VIIRS_NOAA20_SP
29.57521,75.77541,335.33,0.38,0.36,2023-10-18,802,N20,VIIRS,n,2,301.15,2.46,D,0,VIIRS_NOAA20_SP
29.6143,76.53843,334.92,0.39,0.36,2023-10-18,802,N20,VIIRS,n,2,301.99,2.94,D,0,VIIRS_NOAA20_SP
29.63956,75.24359,340.75,0.39,0.36,2023-10-18,802,N20,VIIRS,n,2,301.87,4.84,D,0,VIIRS_NOAA20_SP
29.65232,75.21654,340.85,0.39,0.36,2023-10-18,802,N20,VIIRS,n,2,308.0,9.32,D,0,VIIRS_NOAA20_SP
29.67975,76.45276,332.4,0.39,0.36,2023-10-18,802,N20,VIIRS,n,2,301.37,2.85,D,0,VIIRS_NOAA20_SP
29.75668,76.1455,330.29,0.38,0.36,2023-10-18,802,N20,VIIRS,n,2,300.17,1.76,D,0,VIIRS_NOAA20_SP
29.76673,76.28179,330.59,0.39,0.36,2023-10-18,802,N20,VIIRS,n,2,300.26,1.67,D,0,VIIRS_NOAA20_SP
29.77478,76.08518,332.05,0.38,0.36,2023-10-18,802,N20,VIIRS,n,2,299.75,1.33,D,0,VIIRS_NOAA20_SP
29.77586,75.97941,332.15,0.38,0.36,2023-10-18,802,N20,VIIRS,n,2,299.19,1.97,D,0,VIIRS_NOAA20_SP
29.78119,76.01488,341.53,0.38,0.36,2023-10-18,802,N20,VIIRS,n,2,305.45,20.26,D,0,VIIRS_NOAA20_SP
29.82365,75.22316,337.14,0.39,0.36,2023-10-18,802,N20,VIIRS,n,2,300.0,3.25,D,0,VIIRS_NOAA20_SP
29.83994,71.9509,335.21,0.47,0.4,2023-10-18,802,N20,VIIRS,n,2,298.5,5.38,D,0,VIIRS_NOAA20_SP
29.85791,76.187,332.8,0.39,0.36,2023-10-18,802,N20,VIIRS,n,2,302.02,2.27,D,0,VIIRS_NOAA20_SP
29.87013,72.77753,332.65,0.44,0.38,2023-10-18,802,N20,VIIRS,n,2,296.39,3.1,D,0,VIIRS_NOAA20_SP
29.90844,76.2994,335.38,0.39,0.36,2023-10-18,802,N20,VIIRS,n,2,301.33,2.0,D,0,VIIRS_NOAA20_SP
29.97824,71.46684,330.5,0.49,0.4,2023-10-18,802,N20,VIIRS,n,2,296.19,2.92,D,0,VIIRS_NOAA20_SP
30.09295,72.63538,332.77,0.44,0.38,2023-10-18,802,N20,VIIRS,n,2,296.55,2.81,D,0,VIIRS_NOAA20_SP
30.12882,69.10862,337.65,0.43,0.46,2023-10-18,802,N20,VIIRS,n,2,299.05,2.46,D,0,VIIRS_NOAA20_SP
30.19149,76.12263,330.64,0.39,0.36,2023-10-18,802,N20,VIIRS,n,2,298.35,2.26,D,0,VIIRS_NOAA20_SP
30.19974,76.92815,334.98,0.39,0.36,2023-10-18,802,N20,VIIRS,n,2,303.92,5.37,D,0,VIIRS_NOAA20_SP
30.21792,72.87114,332.2,0.43,0.38,2023-10-18,802,N20,VIIRS,n,2,298.68,3.01,D,0,VIIRS_NOAA20_SP
30.27897,76.48703,328.76,0.39,0.36,2023-10-18,802,N20,VIIRS,l,2,300.66,1.52,D,0,VIIRS_NOAA20_SP
30.29102,76.22211,332.33,0.39,0.36,2023-10-18,802,N20,VIIRS,n,2,300.12,2.16,D,0,VIIRS_NOAA20_SP
30.3828,73.58755,331.17,0.41,0.37,2023-10-18,802,N20,VIIRS,n,2,298.31,2.09,D,0,VIIRS_NOAA20_SP
30.41028,73.39784,330.08,0.41,0.37,2023-10-18,802,N20,VIIRS,n,2,299.36,2.11,D,0,VIIRS_NOAA20_SP
30.42719,73.39403,333.46,0.41,0.37,2023-10-18,802,N20,VIIRS,n,2,300.74,3.94,D,0,VIIRS_NOAA20_SP
30.4279,73.39826,331.25,0.41,0.37,2023-10-18,802,N20,VIIRS,n,2,297.59,2.35,D,0,VIIRS_NOAA20_SP
30.43004,73.70261,333.27,0.4,0.37,2023-10-18,802,N20,VIIRS,n,2,300.63,4.44,D,0,VIIRS_NOAA20_SP
30.44503,73.31155,331.78,0.41,0.37,2023-10-18,802,N20,VIIRS,n,2,298.86,5.05,D,0,VIIRS_NOAA20_SP
30.46744,72.27555,334.45,0.45,0.39,2023-10-18,802,N20,VIIRS,n,2,299.09,2.19,D,0,VIIRS_NOAA20_SP
30.48037,73.31239,338.42,0.41,0.37,2023-10-18,802,N20,VIIRS,n,2,300.28,3.28,D,0,VIIRS_NOAA20_SP
30.4916,73.4199,331.83,0.41,0.37,2023-10-18,802,N20,VIIRS,n,2,299.56,1.4,D,0,VIIRS_NOAA20_SP
30.498,72.18268,343.71,0.45,0.39,2023-10-18,802,N20,VIIRS,n,2,299.96,10.08,D,0,VIIRS_NOAA20_SP
30.50587,72.00077,337.05,0.46,0.39,2023-10-18,802,N20,VIIRS,n,2,296.96,5.07,D,0,VIIRS_NOAA20_SP
30.51056,73.34528,333.59,0.41,0.37,2023-10-18,802,N20,VIIRS,n,2,300.05,1.72,D,0,VIIRS_NOAA20_SP
30.51277,76.3691,345.05,0.39,0.36,2023-10-18,802,N20,VIIRS,n,2,303.1,11.48,D,0,VIIRS_NOAA20_SP
30.52406,71.90522,331.43,0.46,0.39,2023-10-18,802,N20,VIIRS,n,2,296.96,2.25,D,0,VIIRS_NOAA20_SP
30.52534,71.90244,333.93,0.46,0.39,2023-10-18,802,N20,VIIRS,n,2,296.49,3.5,D,0,VIIRS_NOAA20_SP
30.52925,73.78889,330.92,0.4,0.37,2023-10-18,802,N20,VIIRS,n,2,299.47,2.12,D,0,VIIRS_NOAA20_SP
30.53462,73.38384,340.48,0.41,0.37,2023-10-18,802,N20,VIIRS,n,2,303.25,7.62,D,0,VIIRS_NOAA20_SP
30.54024,73.70904,343.87,0.4,0.37,2023-10-18,802,N20,VIIRS,n,2,302.6,9.77,D,0,VIIRS_NOAA20_SP
30.54093,73.71319,337.09,0.4,0.37,2023-10-18,802,N20,VIIRS,n,2,299.61,5.57,D,0,VIIRS_NOAA20_SP
30.54968,73.59882,331.18,0.41,0.37,2023-10-18,802,N20,VIIRS,n,2,300.09,2.73,D,0,VIIRS_NOAA20_SP
30.55523,72.03529,339.63,0.46,0.39,2023-10-18,802,N20,VIIRS,n,2,298.08,5.31,D,0,VIIRS_NOAA20_SP
30.56528,76.19412,331.14,0.39,0.36,2023-10-18,802,N20,VIIRS,n,2,301.48,1.91,D,0,VIIRS_NOAA20_SP
30.60093,73.60588,342.29,0.41,0.37,2023-10-18,802,N20,VIIRS,n,2,303.29,7.79,D,0,VIIRS_NOAA20_SP
30.60401,73.7164,329.48,0.4,0.37,2023-10-18,802,N20,VIIRS,n,2,301.14,1.81,D,0,VIIRS_NOAA20_SP
30.60429,73.60513,338.59,0.41,0.37,2023-10-18,802,N20,VIIRS,n,2,302.91,7.79,D,0,VIIRS_NOAA20_SP
30.61774,73.70587,331.15,0.4,0.37,2023-10-18,802,N20,VIIRS,n,2,300.34,2.12,D,0,VIIRS_NOAA20_SP
30.63823,73.01958,329.44,0.42,0.38,2023-10-18,802,N20,VIIRS,n,2,301.0,2.13,D,0,VIIRS_NOAA20_SP
30.66102,72.84225,332.94,0.43,0.38,2023-10-18,802,N20,VIIRS,n,2,297.85,2.6,D,0,VIIRS_NOAA20_SP
30.66337,73.70865,341.66,0.4,0.37,2023-10-18,802,N20,VIIRS,n,2,302.45,8.66,D,0,VIIRS_NOAA20_SP
30.67101,73.62921,346.85,0.4,0.37,2023-10-18,802,N20,VIIRS,n,2,305.9,21.9,D,0,VIIRS_NOAA20_SP
30.69011,73.55553,329.11,0.41,0.37,2023-10-18,802,N20,VIIRS,n,2,300.75,1.68,D,0,VIIRS_NOAA20_SP
30.7102,73.58585,331.11,0.41,0.37,2023-10-18,802,N20,VIIRS,n,2,296.41,1.81,D,0,VIIRS_NOAA20_SP
30.71356,73.58511,332.35,0.41,0.37,2023-10-18,802,N20,VIIRS,n,2,298.65,4.25,D,0,VIIRS_NOAA20_SP
30.71421,72.9901,334.45,0.42,0.38,2023-10-18,802,N20,VIIRS,n,2,299.49,2.61,D,0,VIIRS_NOAA20_SP
30.76364,73.98169,335.64,0.4,0.37,2023-10-18,802,N20,VIIRS,n,2,303.46,9.03,D,0,VIIRS_NOAA20_SP
30.77363,74.06433,336.29,0.4,0.37,2023-10-18,802,N20,VIIRS,n,2,304.97,12.15,D,0,VIIRS_NOAA20_SP
30.77387,74.83588,342.64,0.39,0.36,2023-10-18,802,N20,VIIRS,n,2,301.88,8.33,D,0,VIIRS_NOAA20_SP
30.78311,74.02401,335.95,0.4,0.37,2023-10-18,802,N20,VIIRS,n,2,302.88,6.45,D,0,VIIRS_NOAA20_SP
30.79396,70.77858,342.09,0.51,0.41,2023-10-18,802,N20,VIIRS,n,2,302.12,9.82,D,0,VIIRS_NOAA20_SP
30.79497,70.78384,334.44,0.51,0.41,2023-10-18,802,N20,VIIRS,n,2,299.24,5.61,D,0,VIIRS_NOAA20_SP
30.79557,73.93205,337.06,0.4,0.37,2023-10-18,802,N20,VIIRS,n,2,299.64,3.14,D,0,VIIRS_NOAA20_SP
30.81777,74.13065,340.78,0.39,0.37,2023-10-18,802,N20,VIIRS,n,2,300.92,4.54,D,0,VIIRS_NOAA20_SP
30.82772,74.12848,344.59,0.39,0.37,2023-10-18,802,N20,VIIRS,n,2,301.31,6.39,D,0,VIIRS_NOAA20_SP
30.83104,74.10663,329.91,0.39,0.37,2023-10-18,802,N20,VIIRS,n,2,300.0,1.85,D,0,VIIRS_NOAA20_SP
30.83104,74.12775,332.47,0.39,0.37,2023-10-18,802,N20,VIIRS,n,2,298.54,2.82,D,0,VIIRS_NOAA20_SP
30.87619,74.0883,327.99,0.39,0.37,2023-10-18,802,N20,VIIRS,n,2,298.61,1.81,D,0,VIIRS_NOAA20_SP
30.96955,74.52196,331.51,0.39,0.36,2023-10-18,802,N20,VIIRS,n,2,298.78,2.48,D,0,VIIRS_NOAA20_SP
30.97384,70.75793,334.29,0.51,0.41,2023-10-18,802,N20,VIIRS,n,2,299.34,3.94,D,0,VIIRS_NOAA20_SP
30.97409,70.75591,335.25,0.51,0.41,2023-10-18,802,N20,VIIRS,n,2,299.84,3.7,D,0,VIIRS_NOAA20_SP
31.20642,70.74066,334.7,0.51,0.41,2023-10-18,802,N20,VIIRS,n,2,298.05,3.12,D,0,VIIRS_NOAA20_SP
32.63346,72.9733,337.99,0.41,0.37,2023-10-18,803,N20,VIIRS,n,2,299.05,2.41,D,0,VIIRS_NOAA20_SP
33.42709,71.12421,330.09,0.46,0.39,2023-10-18,803,N20,VIIRS,n,2,293.73,3.27,D,0,VIIRS_NOAA20_SP
33.45124,71.1,328.33,0.46,0.39,2023-10-18,803,N20,VIIRS,n,2,295.9,4.15,D,0,VIIRS_NOAA20_SP
27.31732,95.26546,308.2,0.32,0.55,2023-10-18,1845,N20,VIIRS,n,2,289.19,0.82,N,2,VIIRS_NOAA20_SP
27.31761,95.26222,305.47,0.32,0.55,2023-10-18,1845,N20,VIIRS,n,2,288.81,0.82,N,2,VIIRS_NOAA20_SP
27.93526,96.12296,303.49,0.58,0.52,2023-10-18,1845,N20,VIIRS,n,2,288.69,1.07,N,0,VIIRS_NOAA20_SP
27.93539,96.12303,303.42,0.57,0.52,2023-10-18,1845,N20,VIIRS,n,2,288.24,0.96,N,0,VIIRS_NOAA20_SP
29.26393,91.92274,300.07,0.54,0.68,2023-10-18,1845,N20,VIIRS,n,2,276.17,2.79,N,2,VIIRS_NOAA20_SP
29.3785,91.14716,300.14,0.61,0.71,2023-10-18,1845,N20,VIIRS,n,2,274.6,1.59,N,0,VIIRS_NOAA20_SP
29.37892,91.14589,298.09,0.61,0.71,2023-10-18,1845,N20,VIIRS,n,2,274.11,1.67,N,0,VIIRS_NOAA20_SP
23.98027,97.79333,304.5,0.41,0.45,2023-10-18,1846,N20,VIIRS,n,2,291.1,1.17,N,0,VIIRS_NOAA20_SP
24.28298,91.38319,303.82,0.52,0.67,2023-10-18,1846,N20,VIIRS,n,2,292.12,0.74,N,0,VIIRS_NOAA20_SP
24.55058,95.21359,302.09,0.6,0.53,2023-10-18,1846,N20,VIIRS,n,2,291.3,0.96,N,0,VIIRS_NOAA20_SP
26.99005,94.80977,301.38,0.34,0.56,2023-10-18,1846,N20,VIIRS,n,2,288.55,0.93,N,0,VIIRS_NOAA20_SP
22.47617,91.73364,307.55,0.47,0.64,2023-10-18,1847,N20,VIIRS,n,2,293.03,1.55,N,2,VIIRS_NOAA20_SP
23.09547,97.38443,306.82,0.42,0.45,2023-10-18,1847,N20,VIIRS,n,2,290.36,1.21,N,2,VIIRS_NOAA20_SP
15.8606,97.79436,304.23,0.49,0.4,2023-10-18,1849,N20,VIIRS,n,2,289.38,0.74,N,0,VIIRS_NOAA20_SP
15.99143,97.68526,303.17,0.5,0.41,2023-10-18,1849,N20,VIIRS,n,2,281.79,0.6,N,2,VIIRS_NOAA20_SP
36.7284,95.23449,308.21,0.47,0.64,2023-10-18,2023,N20,VIIRS,n,2,267.78,1.06,N,0,VIIRS_NOAA20_SP
36.72858,95.23405,315.26,0.47,0.64,2023-10-18,2023,N20,VIIRS,n,2,267.66,1.38,N,0,VIIRS_NOAA20_SP
36.99829,80.1938,297.33,0.4,0.37,2023-10-18,2024,N20,VIIRS,n,2,278.05,0.52,N,2,VIIRS_NOAA20_SP
29.26241,91.92241,300.31,0.48,0.65,2023-10-18,2025,N20,VIIRS,n,2,275.28,1.12,N,2,VIIRS_NOAA20_SP
29.37979,91.14905,296.5,0.43,0.62,2023-10-18,2025,N20,VIIRS,n,2,272.37,0.73,N,2,VIIRS_NOAA20_SP
29.78816,91.60308,295.47,0.45,0.63,2023-10-18,2025,N20,VIIRS,n,2,274.2,0.55,N,0,VIIRS_NOAA20_SP
32.76869,71.66106,301.77,0.57,0.52,2023-10-18,2025,N20,VIIRS,n,2,287.41,0.68,N,0,VIIRS_NOAA20_SP
33.40721,71.93736,297.26,0.56,0.52,2023-10-18,2025,N20,VIIRS,n,2,286.78,0.5,N,2,VIIRS_NOAA20_SP
33.80469,72.09525,303.7,0.56,0.51,2023-10-18,2025,N20,VIIRS,n,2,288.18,1.13,N,2,VIIRS_NOAA20_SP
35.97005,68.68436,295.88,0.46,0.63,2023-10-18,2025,N20,VIIRS,n,2,283.34,0.9,N,0,VIIRS_NOAA20_SP
27.86192,79.69309,302.07,0.39,0.36,2023-10-18,2026,N20,VIIRS,n,2,289.48,0.43,N,0,VIIRS_NOAA20_SP
28.18849,76.92625,303.51,0.42,0.38,2023-10-18,2026,N20,VIIRS,n,2,288.5,0.44,N,0,VIIRS_NOAA20_SP
29.22593,88.349,304.01,0.59,0.53,2023-10-18,2026,N20,VIIRS,n,2,275.08,2.62,N,2,VIIRS_NOAA20_SP
29.7147,70.44756,300.4,0.63,0.54,2023-10-18,2026,N20,VIIRS,n,2,288.05,0.72,N,0,VIIRS_NOAA20_SP
29.91009,74.94884,300.21,0.52,0.42,2023-10-18,2026,N20,VIIRS,n,2,289.35,0.89,N,2,VIIRS_NOAA20_SP
29.98473,70.54543,300.35,0.62,0.54,2023-10-18,2026,N20,VIIRS,n,2,287.49,0.78,N,0,VIIRS_NOAA20_SP
31.25151,76.929,299.18,0.44,0.39,2023-10-18,2026,N20,VIIRS,n,2,284.64,0.69,N,2,VIIRS_NOAA20_SP
31.2592,76.92537,296.21,0.44,0.39,2023-10-18,2026,N20,VIIRS,n,2,284.5,0.31,N,2,VIIRS_NOAA20_SP
31.32838,76.89178,296.6,0.45,0.39,2023-10-18,2026,N20,VIIRS,n,2,285.16,0.46,N,0,VIIRS_NOAA20_SP
32.29335,70.73525,298.33,0.32,0.55,2023-10-18,2026,N20,VIIRS,n,2,288.28,1.27,N,2,VIIRS_NOAA20_SP
32.2939,70.72816,309.88,0.32,0.55,2023-10-18,2026,N20,VIIRS,n,2,288.99,0.96,N,2,VIIRS_NOAA20_SP
22.47342,91.73056,321.31,0.67,0.73,2023-10-18,2027,N20,VIIRS,n,2,292.35,3.21,N,2,VIIRS_NOAA20_SP
22.47686,91.73203,324.55,0.67,0.73,2023-10-18,2027,N20,VIIRS,n,2,292.25,3.41,N,2,VIIRS_NOAA20_SP
22.78571,86.20423,330.67,0.59,0.53,2023-10-18,2027,N20,VIIRS,n,2,292.7,4.9,N,2,VIIRS_NOAA20_SP
22.78619,86.20223,334.77,0.59,0.53,2023-10-18,2027,N20,VIIRS,n,2,293.08,5.3,N,2,VIIRS_NOAA20_SP
22.79164,86.19987,309.23,0.59,0.53,2023-10-18,2027,N20,VIIRS,n,2,292.63,1.89,N,2,VIIRS_NOAA20_SP
22.79209,86.19784,311.61,0.59,0.53,2023-10-18,2027,N20,VIIRS,n,2,293.05,3.95,N,3,VIIRS_NOAA20_SP
22.79284,86.1943,304.56,0.59,0.53,2023-10-18,2027,N20,VIIRS,n,2,292.72,1.89,N,2,VIIRS_NOAA20_SP
22.79989,86.08864,311.03,0.58,0.52,2023-10-18,2027,N20,VIIRS,n,2,293.42,1.88,N,2,VIIRS_NOAA20_SP
22.8046,86.0898,308.3,0.58,0.52,2023-10-18,2027,N20,VIIRS,n,2,292.32,2.73,N,2,VIIRS_NOAA20_SP
22.87535,86.06314,316.4,0.58,0.52,2023-10-18,2027,N20,VIIRS,n,2,293.63,2.08,N,2,VIIRS_NOAA20_SP
23.48397,87.35896,310.15,0.34,0.56,2023-10-18,2027,N20,VIIRS,n,2,293.7,1.39,N,2,VIIRS_NOAA20_SP
23.50646,87.28023,304.92,0.33,0.56,2023-10-18,2027,N20,VIIRS,n,2,292.72,0.81,N,0,VIIRS_NOAA20_SP
23.55166,87.24155,303.74,0.33,0.55,2023-10-18,2027,N20,VIIRS,n,2,292.89,0.56,N,2,VIIRS_NOAA20_SP
23.55644,87.24006,305.7,0.33,0.55,2023-10-18,2027,N20,VIIRS,n,2,293.24,2.0,N,2,VIIRS_NOAA20_SP
23.55731,87.23967,312.22,0.33,0.55,2023-10-18,2027,N20,VIIRS,n,2,292.35,2.06,N,2,VIIRS_NOAA20_SP
23.55799,87.23653,305.21,0.33,0.55,2023-10-18,2027,N20,VIIRS,n,2,291.47,1.51,N,2,VIIRS_NOAA20_SP
23.55934,87.23026,302.99,0.33,0.55,2023-10-18,2027,N20,VIIRS,n,2,291.84,0.73,N,2,VIIRS_NOAA20_SP
23.56211,87.2382,318.0,0.33,0.55,2023-10-18,2027,N20,VIIRS,n,2,292.11,1.31,N,2,VIIRS_NOAA20_SP
23.56487,87.08331,309.72,0.32,0.55,2023-10-18,2027,N20,VIIRS,n,2,292.67,1.62,N,0,VIIRS_NOAA20_SP
23.60763,87.15063,307.96,0.33,0.55,2023-10-18,2027,N20,VIIRS,n,2,292.36,1.17,N,2,VIIRS_NOAA20_SP
23.61726,86.79176,305.57,0.62,0.54,2023-10-18,2027,N20,VIIRS,n,2,291.87,2.96,N,2,VIIRS_NOAA20_SP
23.63257,86.29642,302.66,0.58,0.52,2023-10-18,2027,N20,VIIRS,n,2,292.4,2.08,N,2,VIIRS_NOAA20_SP
23.67198,86.41827,302.88,0.58,0.52,2023-10-18,2027,N20,VIIRS,n,2,292.58,1.48,N,2,VIIRS_NOAA20_SP
23.67674,86.39595,309.75,0.58,0.52,2023-10-18,2027,N20,VIIRS,n,2,293.34,2.35,N,2,VIIRS_NOAA20_SP
23.67683,86.08443,310.94,0.56,0.51,2023-10-18,2027,N20,VIIRS,n,2,293.26,2.77,N,2,VIIRS_NOAA20_SP
23.68034,86.09095,317.33,0.56,0.51,2023-10-18,2027,N20,VIIRS,n,2,291.87,1.74,N,2,VIIRS_NOAA20_SP
23.68264,86.39156,314.52,0.58,0.52,2023-10-18,2027,N20,VIIRS,n,2,293.91,2.35,N,2,VIIRS_NOAA20_SP
23.68271,86.09265,316.1,0.56,0.51,2023-10-18,2027,N20,VIIRS,n,2,292.31,3.43,N,2,VIIRS_NOAA20_SP
23.68496,86.09216,304.5,0.56,0.51,2023-10-18,2027,N20,VIIRS,n,2,292.41,1.74,N,2,VIIRS_NOAA20_SP
23.68678,87.1218,304.88,0.32,0.55,2023-10-18,2027,N20,VIIRS,n,2,293.26,0.98,N,2,VIIRS_NOAA20_SP
23.68736,86.39266,317.26,0.58,0.52,2023-10-18,2027,N20,VIIRS,n,2,293.74,2.75,N,2,VIIRS_NOAA20_SP
23.68745,87.11869,307.05,0.32,0.55,2023-10-18,2027,N20,VIIRS,n,2,292.14,0.95,N,2,VIIRS_NOAA20_SP
23.68774,87.12034,318.44,0.32,0.55,2023-10-18,2027,N20,VIIRS,n,2,294.36,1.95,N,2,VIIRS_NOAA20_SP
23.68853,86.3872,306.37,0.58,0.52,2023-10-18,2027,N20,VIIRS,n,2,293.38,2.12,N,2,VIIRS_NOAA20_SP
23.69144,87.10004,305.56,0.32,0.55,2023-10-18,2027,N20,VIIRS,n,2,293.14,0.77,N,2,VIIRS_NOAA20_SP
23.69171,87.12302,310.41,0.32,0.55,2023-10-18,2027,N20,VIIRS,n,2,293.92,1.72,N,2,VIIRS_NOAA20_SP
23.69211,87.09696,307.04,0.32,0.55,2023-10-18,2027,N20,VIIRS,n,2,292.88,0.77,N,2,VIIRS_NOAA20_SP
23.69237,87.11995,314.13,0.32,0.55,2023-10-18,2027,N20,VIIRS,n,2,293.44,2.44,N,2,VIIRS_NOAA20_SP
23.69255,87.09866,312.14,0.32,0.55,2023-10-18,2027,N20,VIIRS,n,2,293.72,1.86,N,2,VIIRS_NOAA20_SP
23.69267,87.12156,323.48,0.32,0.55,2023-10-18,2027,N20,VIIRS,n,2,295.61,1.95,N,2,VIIRS_NOAA20_SP
23.6937,87.11372,308.63,0.32,0.55,2023-10-18,2027,N20,VIIRS,n,2,292.66,0.91,N,2,VIIRS_NOAA20_SP
23.69404,87.11536,309.91,0.32,0.55,2023-10-18,2027,N20,VIIRS,n,2,294.06,1.68,N,2,VIIRS_NOAA20_SP
23.69437,87.11061,305.72,0.32,0.55,2023-10-18,2027,N20,VIIRS,n,2,292.65,0.91,N,2,VIIRS_NOAA20_SP
23.69541,87.10918,305.24,0.32,0.55,2023-10-18,2027,N20,VIIRS,n,2,292.36,0.76,N,2,VIIRS_NOAA20_SP
23.6957,87.10442,307.81,0.32,0.55,2023-10-18,2027,N20,VIIRS,n,2,292.0,1.25,N,2,VIIRS_NOAA20_SP
23.69609,87.10609,303.51,0.32,0.55,2023-10-18,2027,N20,VIIRS,n,2,292.86,0.76,N,2,VIIRS_NOAA20_SP
23.70226,86.06958,300.68,0.55,0.51,2023-10-18,2027,N20,VIIRS,n,2,290.33,0.46,N,2,VIIRS_NOAA20_SP
23.71668,86.44234,303.42,0.58,0.52,2023-10-18,2027,N20,VIIRS,n,2,293.24,4.7,N,2,VIIRS_NOAA20_SP
23.71688,86.44098,305.75,0.59,0.52,2023-10-18,2027,N20,VIIRS,n,2,292.6,2.3,N,2,VIIRS_NOAA20_SP
23.72044,86.44769,308.68,0.59,0.53,2023-10-18,2027,N20,VIIRS,n,2,296.96,2.9,N,2,VIIRS_NOAA20_SP
23.7346,86.75497,308.86,0.61,0.54,2023-10-18,2027,N20,VIIRS,n,2,293.01,2.32,N,0,VIIRS_NOAA20_SP
23.73491,85.02137,304.39,0.48,0.48,2023-10-18,2027,N20,VIIRS,n,2,292.92,1.33,N,2,VIIRS_NOAA20_SP
23.73775,85.00742,307.56,0.48,0.48,2023-10-18,2027,N20,VIIRS,n,2,292.21,1.89,N,2,VIIRS_NOAA20_SP
23.74508,85.50375,300.72,0.51,0.49,2023-10-18,2027,N20,VIIRS,n,2,290.27,0.71,N,2,VIIRS_NOAA20_SP
23.76055,86.40034,336.53,0.58,0.52,2023-10-18,2027,N20,VIIRS,n,2,295.65,4.74,N,2,VIIRS_NOAA20_SP
23.76173,86.39484,312.83,0.58,0.52,2023-10-18,2027,N20,VIIRS,n,2,296.52,4.74,N,2,VIIRS_NOAA20_SP
23.76644,86.39598,310.49,0.58,0.52,2023-10-18,2027,N20,VIIRS,n,2,296.34,2.53,N,2,VIIRS_NOAA20_SP
23.76651,86.3726,312.18,0.58,0.52,2023-10-18,2027,N20,VIIRS,n,2,294.37,2.75,N,2,VIIRS_NOAA20_SP
23.76763,86.39042,306.53,0.58,0.52,2023-10-18,2027,N20,VIIRS,n,2,295.27,1.84,N,2,VIIRS_NOAA20_SP
23.77115,86.39712,305.05,0.58,0.52,2023-10-18,2027,N20,VIIRS,n,2,293.73,2.53,N,0,VIIRS_NOAA20_SP
23.77223,86.19995,306.52,0.56,0.52,2023-10-18,2027,N20,VIIRS,n,2,292.35,1.84,N,2,VIIRS_NOAA20_SP
23.77235,86.39154,307.6,0.58,0.52,2023-10-18,2027,N20,VIIRS,n,2,295.72,1.84,N,2,VIIRS_NOAA20_SP
23.77354,86.38596,304.59,0.58,0.52,2023-10-18,2027,N20,VIIRS,n,2,294.4,1.84,N,2,VIIRS_NOAA20_SP
23.77371,86.20192,309.27,0.56,0.52,2023-10-18,2027,N20,VIIRS,n,2,293.85,2.62,N,2,VIIRS_NOAA20_SP
23.77464,86.21184,306.35,0.56,0.52,2023-10-18,2027,N20,VIIRS,n,2,293.04,2.27,N,2,VIIRS_NOAA20_SP
23.77577,86.20644,309.94,0.56,0.52,2023-10-18,2027,N20,VIIRS,n,2,293.49,2.27,N,2,VIIRS_NOAA20_SP
23.77706,86.39266,306.69,0.58,0.52,2023-10-18,2027,N20,VIIRS,n,2,294.74,2.36,N,2,VIIRS_NOAA20_SP
23.77709,86.34634,301.2,0.58,0.52,2023-10-18,2027,N20,VIIRS,n,2,291.03,1.76,N,2,VIIRS_NOAA20_SP
23.77722,86.20834,316.0,0.56,0.52,2023-10-18,2027,N20,VIIRS,n,2,294.32,1.83,N,2,VIIRS_NOAA20_SP
23.77826,86.38705,318.93,0.58,0.52,2023-10-18,2027,N20,VIIRS,n,2,294.62,2.36,N,2,VIIRS_NOAA20_SP
23.77838,86.20295,306.87,0.56,0.52,2023-10-18,2027,N20,VIIRS,n,2,293.28,1.83,N,2,VIIRS_NOAA20_SP
23.78043,86.20751,318.9,0.56,0.52,2023-10-18,2027,N20,VIIRS,n,2,294.92,2.27,N,2,VIIRS_NOAA20_SP
23.78177,86.39379,324.45,0.58,0.52,2023-10-18,2027,N20,VIIRS,n,2,297.43,2.36,N,2,VIIRS_NOAA20_SP
23.78178,86.34747,305.99,0.58,0.52,2023-10-18,2027,N20,VIIRS,n,2,292.88,1.76,N,2,VIIRS_NOAA20_SP
23.78178,86.37061,311.94,0.58,0.52,2023-10-18,2027,N20,VIIRS,n,2,293.33,2.19,N,2,VIIRS_NOAA20_SP
23.78189,86.20941,311.86,0.56,0.52,2023-10-18,2027,N20,VIIRS,n,2,293.92,1.83,N,2,VIIRS_NOAA20_SP
23.78296,86.342,311.34,0.57,0.52,2023-10-18,2027,N20,VIIRS,n,2,293.15,1.76,N,2,VIIRS_NOAA20_SP
23.78296,86.38821,303.0,0.58,0.52,2023-10-18,2027,N20,VIIRS,n,2,292.76,2.36,N,2,VIIRS_NOAA20_SP
23.78305,86.20401,310.05,0.56,0.52,2023-10-18,2027,N20,VIIRS,n,2,292.21,1.83,N,2,VIIRS_NOAA20_SP
23.7851,86.2086,306.2,0.56,0.52,2023-10-18,2027,N20,VIIRS,n,2,291.66,1.21,N,2,VIIRS_NOAA20_SP
23.78532,86.33093,304.75,0.57,0.52,2023-10-18,2027,N20,VIIRS,n,2,292.79,2.26,N,2,VIIRS_NOAA20_SP
23.79001,86.33205,305.0,0.57,0.52,2023-10-18,2027,N20,VIIRS,n,2,291.69,1.44,N,2,VIIRS_NOAA20_SP
23.79117,86.34975,305.04,0.58,0.52,2023-10-18,2027,N20,VIIRS,n,2,292.9,1.7,N,2,VIIRS_NOAA20_SP
23.79586,86.3509,331.02,0.58,0.52,2023-10-18,2027,N20,VIIRS,n,2,296.17,7.4,N,2,VIIRS_NOAA20_SP
23.80176,87.04897,307.62,0.32,0.54,2023-10-18,2027,N20,VIIRS,n,2,296.04,3.45,N,2,VIIRS_NOAA20_SP
23.80525,86.32997,322.31,0.57,0.52,2023-10-18,2027,N20,VIIRS,n,2,295.86,6.28,N,2,VIIRS_NOAA20_SP
23.82382,85.46124,300.88,0.51,0.49,2023-10-18,2027,N20,VIIRS,n,2,290.77,0.56,N,0,VIIRS_NOAA20_SP
23.82578,85.49759,309.36,0.51,0.49,2023-10-18,2027,N20,VIIRS,n,2,292.9,2.87,N,2,VIIRS_NOAA20_SP
23.82772,85.49957,302.42,0.51,0.49,2023-10-18,2027,N20,VIIRS,n,2,292.38,1.27,N,2,VIIRS_NOAA20_SP
23.98835,79.39256,306.77,0.39,0.36,2023-10-18,2027,N20,VIIRS,n,2,292.51,0.64,N,2,VIIRS_NOAA20_SP
23.99167,79.3932,303.34,0.39,0.36,2023-10-18,2027,N20,VIIRS,n,2,292.29,0.64,N,2,VIIRS_NOAA20_SP
24.14697,82.65763,302.88,0.52,0.41,2023-10-18,2027,N20,VIIRS,n,2,290.42,0.62,N,0,VIIRS_NOAA20_SP
24.16085,82.68906,301.95,0.52,0.41,2023-10-18,2027,N20,VIIRS,n,2,291.66,0.82,N,0,VIIRS_NOAA20_SP
24.16904,82.55875,307.67,0.51,0.41,2023-10-18,2027,N20,VIIRS,n,2,291.82,1.69,N,2,VIIRS_NOAA20_SP
24.2077,82.71021,312.9,0.52,0.41,2023-10-18,2027,N20,VIIRS,n,2,292.94,1.7,N,2,VIIRS_NOAA20_SP
24.28354,91.38428,303.51,0.58,0.7,2023-10-18,2027,N20,VIIRS,n,2,291.22,0.96,N,0,VIIRS_NOAA20_SP
24.56486,81.00298,306.02,0.43,0.38,2023-10-18,2027,N20,VIIRS,n,2,293.67,1.01,N,2,VIIRS_NOAA20_SP
24.71662,75.9538,306.06,0.42,0.38,2023-10-18,2027,N20,VIIRS,n,2,292.82,0.62,N,2,VIIRS_NOAA20_SP
24.76633,74.6072,305.06,0.48,0.4,2023-10-18,2027,N20,VIIRS,n,2,293.37,2.04,N,2,VIIRS_NOAA20_SP
24.9307,84.14843,302.13,0.4,0.44,2023-10-18,2027,N20,VIIRS,n,2,291.34,0.46,N,0,VIIRS_NOAA20_SP
24.93165,77.03955,301.63,0.4,0.37,2023-10-18,2027,N20,VIIRS,n,2,290.75,0.48,N,0,VIIRS_NOAA20_SP
24.97338,76.94271,302.05,0.4,0.37,2023-10-18,2027,N20,VIIRS,n,2,291.22,0.51,N,0,VIIRS_NOAA20_SP
25.12277,76.95946,317.21,0.4,0.37,2023-10-18,2027,N20,VIIRS,n,2,290.38,1.32,N,0,VIIRS_NOAA20_SP
25.19181,77.13552,302.92,0.4,0.37,2023-10-18,2027,N20,VIIRS,n,2,290.14,0.26,N,0,VIIRS_NOAA20_SP
25.40233,68.56464,314.52,0.37,0.58,2023-10-18,2027,N20,VIIRS,n,2,290.4,0.87,N,2,VIIRS_NOAA20_SP
25.51891,68.74723,313.02,0.36,0.57,2023-10-18,2027,N20,VIIRS,n,2,290.15,1.06,N,0,VIIRS_NOAA20_SP
25.79878,68.69476,304.57,0.36,0.58,2023-10-18,2027,N20,VIIRS,n,2,286.26,1.04,N,0,VIIRS_NOAA20_SP
26.29994,77.45,303.47,0.39,0.37,2023-10-18,2027,N20,VIIRS,n,2,289.92,0.46,N,0,VIIRS_NOAA20_SP
26.45694,80.49903,301.41,0.4,0.37,2023-10-18,2027,N20,VIIRS,n,2,290.45,0.46,N,0,VIIRS_NOAA20_SP
26.76056,83.19682,304.24,0.5,0.41,2023-10-18,2027,N20,VIIRS,n,2,292.84,1.62,N,2,VIIRS_NOAA20_SP
26.87664,73.51402,306.12,0.38,0.43,2023-10-18,2027,N20,VIIRS,n,2,291.27,1.63,N,2,VIIRS_NOAA20_SP
26.90565,79.28226,304.21,0.38,0.36,2023-10-18,2027,N20,VIIRS,n,2,291.03,0.59,N,0,VIIRS_NOAA20_SP
26.93667,81.45898,302.07,0.42,0.38,2023-10-18,2027,N20,VIIRS,n,2,290.6,0.47,N,0,VIIRS_NOAA20_SP
27.22241,77.54427,301.67,0.4,0.37,2023-10-18,2027,N20,VIIRS,n,2,289.78,0.5,N,0,VIIRS_NOAA20_SP
27.29643,77.6629,299.85,0.4,0.37,2023-10-18,2027,N20,VIIRS,n,2,289.57,0.47,N,0,VIIRS_NOAA20_SP
27.66936,76.1283,303.39,0.44,0.38,2023-10-18,2027,N20,VIIRS,n,2,292.27,1.13,N,2,VIIRS_NOAA20_SP
20.78634,85.2644,306.76,0.56,0.52,2023-10-18,2028,N20,VIIRS,n,2,293.07,2.25,N,2,VIIRS_NOAA20_SP
20.78742,85.25906,304.76,0.56,0.52,2023-10-18,2028,N20,VIIRS,n,2,292.18,3.13,N,2,VIIRS_NOAA20_SP
20.78796,85.26716,306.92,0.56,0.52,2023-10-18,2028,N20,VIIRS,n,2,292.62,1.22,N,2,VIIRS_NOAA20_SP
20.78906,85.26188,305.63,0.56,0.52,2023-10-18,2028,N20,VIIRS,n,2,292.41,1.22,N,2,VIIRS_NOAA20_SP
20.79316,85.25478,327.69,0.56,0.52,2023-10-18,2028,N20,VIIRS,n,2,293.38,3.13,N,2,VIIRS_NOAA20_SP
20.79423,85.24947,308.44,0.56,0.52,2023-10-18,2028,N20,VIIRS,n,2,291.66,2.84,N,2,VIIRS_NOAA20_SP
20.79595,85.25229,330.66,0.56,0.52,2023-10-18,2028,N20,VIIRS,n,2,292.83,8.1,N,2,VIIRS_NOAA20_SP
20.79781,85.25586,304.15,0.56,0.52,2023-10-18,2028,N20,VIIRS,n,2,291.82,1.81,N,2,VIIRS_NOAA20_SP
20.79949,85.25867,303.39,0.56,0.52,2023-10-18,2028,N20,VIIRS,n,2,292.11,1.67,N,2,VIIRS_NOAA20_SP
20.86463,84.9939,314.8,0.54,0.51,2023-10-18,2028,N20,VIIRS,n,2,292.73,2.46,N,2,VIIRS_NOAA20_SP
20.86464,84.99113,315.17,0.54,0.51,2023-10-18,2028,N20,VIIRS,n,2,292.91,1.98,N,2,VIIRS_NOAA20_SP
20.86922,84.99211,304.33,0.54,0.51,2023-10-18,2028,N20,VIIRS,n,2,293.58,1.98,N,2,VIIRS_NOAA20_SP
20.94213,86.057,307.42,0.63,0.54,2023-10-18,2028,N20,VIIRS,n,2,292.59,2.76,N,2,VIIRS_NOAA20_SP
20.95096,86.04755,303.93,0.63,0.54,2023-10-18,2028,N20,VIIRS,n,2,292.77,1.65,N,2,VIIRS_NOAA20_SP
20.95587,85.00935,307.09,0.54,0.51,2023-10-18,2028,N20,VIIRS,n,2,293.04,2.53,N,2,VIIRS_NOAA20_SP
20.95594,85.01265,312.5,0.54,0.51,2023-10-18,2028,N20,VIIRS,n,2,292.97,3.04,N,2,VIIRS_NOAA20_SP
20.95979,85.1767,304.73,0.55,0.51,2023-10-18,2028,N20,VIIRS,n,2,293.73,1.91,N,2,VIIRS_NOAA20_SP
20.96085,85.17154,308.41,0.55,0.51,2023-10-18,2028,N20,VIIRS,n,2,293.6,2.5,N,2,VIIRS_NOAA20_SP
20.9629,86.00607,304.95,0.62,0.54,2023-10-18,2028,N20,VIIRS,n,2,292.16,1.38,N,2,VIIRS_NOAA20_SP
20.96297,85.16125,305.68,0.55,0.51,2023-10-18,2028,N20,VIIRS,n,2,293.38,1.54,N,2,VIIRS_NOAA20_SP
20.9644,85.17781,312.73,0.55,0.51,2023-10-18,2028,N20,VIIRS,n,2,293.58,3.22,N,2,VIIRS_NOAA20_SP
20.96464,86.00758,308.7,0.62,0.54,2023-10-18,2028,N20,VIIRS,n,2,292.27,1.53,N,2,VIIRS_NOAA20_SP
20.96546,85.17263,323.53,0.55,0.51,2023-10-18,2028,N20,VIIRS,n,2,294.04,3.6,N,2,VIIRS_NOAA20_SP
20.96651,85.16749,312.52,0.55,0.51,2023-10-18,2028,N20,VIIRS,n,2,293.41,3.6,N,2,VIIRS_NOAA20_SP
20.96654,86.01315,304.08,0.62,0.54,2023-10-18,2028,N20,VIIRS,n,2,292.65,1.38,N,2,VIIRS_NOAA20_SP
20.9685,85.01768,309.09,0.54,0.51,2023-10-18,2028,N20,VIIRS,n,2,293.32,3.02,N,0,VIIRS_NOAA20_SP
20.96862,85.15721,307.19,0.55,0.51,2023-10-18,2028,N20,VIIRS,n,2,293.46,2.8,N,2,VIIRS_NOAA20_SP
20.96955,85.01262,316.37,0.54,0.51,2023-10-18,2028,N20,VIIRS,n,2,292.69,2.28,N,0,VIIRS_NOAA20_SP
20.96962,85.01595,323.7,0.54,0.51,2023-10-18,2028,N20,VIIRS,n,2,293.59,3.98,N,0,VIIRS_NOAA20_SP
20.96969,85.15203,305.9,0.55,0.51,2023-10-18,2028,N20,VIIRS,n,2,293.12,1.45,N,2,VIIRS_NOAA20_SP
20.97006,85.17374,328.34,0.55,0.51,2023-10-18,2028,N20,VIIRS,n,2,294.21,3.6,N,2,VIIRS_NOAA20_SP
20.97073,86.00294,304.36,0.62,0.54,2023-10-18,2028,N20,VIIRS,n,2,293.02,3.08,N,2,VIIRS_NOAA20_SP
20.97382,86.00259,306.62,0.62,0.54,2023-10-18,2028,N20,VIIRS,n,2,292.72,1.97,N,2,VIIRS_NOAA20_SP
20.97746,85.13766,306.69,0.55,0.51,2023-10-18,2028,N20,VIIRS,n,2,293.33,1.88,N,2,VIIRS_NOAA20_SP
20.97851,85.13251,307.68,0.55,0.51,2023-10-18,2028,N20,VIIRS,n,2,293.42,2.25,N,2,VIIRS_NOAA20_SP
20.981,85.14388,306.79,0.55,0.51,2023-10-18,2028,N20,VIIRS,n,2,292.84,1.54,N,2,VIIRS_NOAA20_SP
21.06997,85.03597,317.0,0.54,0.51,2023-10-18,2028,N20,VIIRS,n,2,294.4,3.21,N,2,VIIRS_NOAA20_SP
21.07012,85.03332,315.92,0.54,0.51,2023-10-18,2028,N20,VIIRS,n,2,294.38,2.0,N,2,VIIRS_NOAA20_SP
21.07819,85.04056,329.57,0.54,0.51,2023-10-18,2028,N20,VIIRS,n,2,294.53,5.84,N,2,VIIRS_NOAA20_SP
21.07922,85.03554,310.07,0.54,0.51,2023-10-18,2028,N20,VIIRS,n,2,294.88,2.79,N,2,VIIRS_NOAA20_SP
21.18076,81.38876,312.44,0.49,0.4,2023-10-18,2028,N20,VIIRS,n,2,293.63,1.29,N,3,VIIRS_NOAA20_SP
21.18159,81.38409,305.63,0.49,0.4,2023-10-18,2028,N20,VIIRS,n,2,294.41,1.29,N,3,VIIRS_NOAA20_SP
21.18526,81.38485,308.7,0.49,0.4,2023-10-18,2028,N20,VIIRS,n,2,294.83,1.29,N,3,VIIRS_NOAA20_SP
21.1881,81.39027,315.23,0.49,0.4,2023-10-18,2028,N20,VIIRS,n,2,295.68,3.26,N,2,VIIRS_NOAA20_SP
21.19492,81.41595,305.31,0.49,0.41,2023-10-18,2028,N20,VIIRS,n,2,293.29,1.05,N,2,VIIRS_NOAA20_SP
21.29889,81.6043,305.34,0.5,0.41,2023-10-18,2028,N20,VIIRS,n,2,292.76,0.71,N,2,VIIRS_NOAA20_SP
21.30892,81.59159,305.28,0.5,0.41,2023-10-18,2028,N20,VIIRS,n,2,293.56,0.91,N,2,VIIRS_NOAA20_SP
21.37696,81.64035,307.94,0.5,0.41,2023-10-18,2028,N20,VIIRS,n,2,293.97,1.38,N,2,VIIRS_NOAA20_SP
21.3775,81.68016,316.22,0.51,0.41,2023-10-18,2028,N20,VIIRS,n,2,294.4,2.44,N,2,VIIRS_NOAA20_SP
21.37844,81.68169,311.5,0.51,0.41,2023-10-18,2028,N20,VIIRS,n,2,293.89,1.19,N,2,VIIRS_NOAA20_SP
21.38924,81.64426,313.07,0.5,0.41,2023-10-18,2028,N20,VIIRS,n,2,294.36,1.94,N,2,VIIRS_NOAA20_SP
21.39094,81.64822,312.64,0.5,0.41,2023-10-18,2028,N20,VIIRS,n,2,294.02,1.41,N,2,VIIRS_NOAA20_SP
21.48756,81.76706,310.92,0.51,0.41,2023-10-18,2028,N20,VIIRS,n,2,293.48,1.19,N,2,VIIRS_NOAA20_SP
21.54412,81.94614,308.88,0.52,0.41,2023-10-18,2028,N20,VIIRS,n,2,294.44,1.8,N,2,VIIRS_NOAA20_SP
21.57683,82.02197,310.65,0.52,0.42,2023-10-18,2028,N20,VIIRS,n,2,295.11,1.71,N,2,VIIRS_NOAA20_SP
21.67148,82.08075,304.61,0.53,0.42,2023-10-18,2028,N20,VIIRS,n,2,293.45,1.78,N,2,VIIRS_NOAA20_SP
21.67647,84.03784,308.66,0.45,0.47,2023-10-18,2028,N20,VIIRS,n,2,293.16,2.46,N,2,VIIRS_NOAA20_SP
21.6807,84.03882,324.7,0.45,0.47,2023-10-18,2028,N20,VIIRS,n,2,294.59,2.46,N,2,VIIRS_NOAA20_SP
21.69851,84.03275,303.73,0.45,0.47,2023-10-18,2028,N20,VIIRS,n,2,292.94,0.64,N,2,VIIRS_NOAA20_SP
21.73187,82.21577,305.7,0.53,0.42,2023-10-18,2028,N20,VIIRS,n,2,294.05,0.74,N,2,VIIRS_NOAA20_SP
21.75016,83.81566,307.03,0.44,0.46,2023-10-18,2028,N20,VIIRS,n,2,293.11,1.12,N,0,VIIRS_NOAA20_SP
21.75085,83.81499,306.63,0.44,0.46,2023-10-18,2028,N20,VIIRS,n,2,292.98,1.1,N,0,VIIRS_NOAA20_SP
21.75782,84.0236,310.59,0.45,0.47,2023-10-18,2028,N20,VIIRS,n,2,294.08,2.9,N,2,VIIRS_NOAA20_SP
21.7629,84.02027,341.62,0.45,0.47,2023-10-18,2028,N20,VIIRS,n,2,295.3,3.99,N,2,VIIRS_NOAA20_SP
21.76628,84.02552,305.41,0.45,0.47,2023-10-18,2028,N20,VIIRS,n,2,293.2,3.99,N,2,VIIRS_NOAA20_SP
21.76796,84.01698,321.37,0.45,0.47,2023-10-18,2028,N20,VIIRS,n,2,294.79,3.69,N,2,VIIRS_NOAA20_SP
21.77843,83.8299,312.48,0.44,0.46,2023-10-18,2028,N20,VIIRS,n,2,293.29,2.54,N,0,VIIRS_NOAA20_SP
21.78094,83.83928,312.57,0.44,0.46,2023-10-18,2028,N20,VIIRS,n,2,293.83,1.64,N,0,VIIRS_NOAA20_SP
21.78177,83.83507,308.94,0.44,0.46,2023-10-18,2028,N20,VIIRS,n,2,293.16,1.93,N,2,VIIRS_NOAA20_SP
21.80546,83.89267,306.43,0.44,0.46,2023-10-18,2028,N20,VIIRS,n,2,293.02,1.35,N,0,VIIRS_NOAA20_SP
21.85168,83.41206,303.96,0.41,0.45,2023-10-18,2028,N20,VIIRS,n,2,292.32,0.34,N,0,VIIRS_NOAA20_SP
21.87796,83.49595,308.52,0.42,0.45,2023-10-18,2028,N20,VIIRS,n,2,293.15,1.12,N,2,VIIRS_NOAA20_SP
21.87953,83.55435,307.56,0.42,0.45,2023-10-18,2028,N20,VIIRS,n,2,292.79,1.16,N,2,VIIRS_NOAA20_SP
21.91877,83.34937,306.53,0.41,0.45,2023-10-18,2028,N20,VIIRS,n,2,292.84,2.6,N,2,VIIRS_NOAA20_SP
21.92282,83.35026,326.84,0.41,0.45,2023-10-18,2028,N20,VIIRS,n,2,296.18,2.6,N,2,VIIRS_NOAA20_SP
21.93073,85.22358,305.5,0.53,0.5,2023-10-18,2028,N20,VIIRS,n,2,290.65,1.64,N,2,VIIRS_NOAA20_SP
21.9318,85.21841,308.87,0.53,0.5,2023-10-18,2028,N20,VIIRS,n,2,290.44,1.64,N,2,VIIRS_NOAA20_SP
21.96975,85.31252,302.01,0.54,0.51,2023-10-18,2028,N20,VIIRS,n,2,289.1,1.35,N,2,VIIRS_NOAA20_SP
21.9837,83.23062,309.21,0.4,0.44,2023-10-18,2028,N20,VIIRS,n,2,293.37,1.59,N,2,VIIRS_NOAA20_SP
21.99052,85.32465,302.01,0.54,0.51,2023-10-18,2028,N20,VIIRS,n,2,290.12,0.85,N,2,VIIRS_NOAA20_SP
22.0029,82.66787,307.85,0.56,0.43,2023-10-18,2028,N20,VIIRS,n,2,293.72,1.75,N,2,VIIRS_NOAA20_SP
22.00679,82.66869,311.66,0.56,0.43,2023-10-18,2028,N20,VIIRS,n,2,293.81,1.76,N,2,VIIRS_NOAA20_SP
22.0173,83.7505,302.12,0.43,0.46,2023-10-18,2028,N20,VIIRS,n,2,290.31,0.81,N,0,VIIRS_NOAA20_SP
22.02228,83.37935,312.66,0.41,0.45,2023-10-18,2028,N20,VIIRS,n,2,293.27,1.46,N,2,VIIRS_NOAA20_SP
22.03408,83.36166,304.42,0.41,0.45,2023-10-18,2028,N20,VIIRS,n,2,292.89,1.19,N,2,VIIRS_NOAA20_SP
22.04036,83.35083,303.07,0.41,0.45,2023-10-18,2028,N20,VIIRS,n,2,292.16,1.55,N,2,VIIRS_NOAA20_SP
22.04195,83.73481,303.34,0.43,0.46,2023-10-18,2028,N20,VIIRS,n,2,290.5,1.79,N,2,VIIRS_NOAA20_SP
22.05189,88.10189,305.47,0.4,0.6,2023-10-18,2028,N20,VIIRS,n,2,291.71,1.24,N,2,VIIRS_NOAA20_SP
22.05223,88.12297,312.5,0.4,0.6,2023-10-18,2028,N20,VIIRS,n,2,293.44,2.02,N,2,VIIRS_NOAA20_SP
22.05288,85.46469,300.17,0.55,0.51,2023-10-18,2028,N20,VIIRS,n,2,289.84,0.88,N,2,VIIRS_NOAA20_SP
22.05297,88.12228,316.17,0.4,0.6,2023-10-18,2028,N20,VIIRS,n,2,293.9,2.45,N,2,VIIRS_NOAA20_SP
22.05763,88.12437,319.15,0.4,0.6,2023-10-18,2028,N20,VIIRS,n,2,293.35,2.02,N,2,VIIRS_NOAA20_SP
22.05838,88.12367,316.87,0.4,0.6,2023-10-18,2028,N20,VIIRS,n,2,292.37,0.94,N,2,VIIRS_NOAA20_SP
22.06464,88.12128,308.12,0.4,0.6,2023-10-18,2028,N20,VIIRS,n,2,291.41,0.94,N,2,VIIRS_NOAA20_SP
22.10022,83.12218,304.49,0.39,0.44,2023-10-18,2028,N20,VIIRS,n,2,293.63,0.72,N,0,VIIRS_NOAA20_SP
22.10436,83.52261,316.73,0.42,0.45,2023-10-18,2028,N20,VIIRS,n,2,292.77,1.88,N,0,VIIRS_NOAA20_SP
22.10673,83.11868,304.76,0.39,0.44,2023-10-18,2028,N20,VIIRS,n,2,293.1,0.96,N,0,VIIRS_NOAA20_SP
22.10843,83.52354,312.13,0.42,0.45,2023-10-18,2028,N20,VIIRS,n,2,293.34,1.88,N,0,VIIRS_NOAA20_SP
22.20991,84.86321,310.0,0.5,0.49,2023-10-18,2028,N20,VIIRS,n,2,291.67,2.32,N,2,VIIRS_NOAA20_SP
22.21432,84.86425,305.4,0.5,0.49,2023-10-18,2028,N20,VIIRS,n,2,291.75,1.95,N,2,VIIRS_NOAA20_SP
22.21473,84.83967,307.39,0.5,0.49,2023-10-18,2028,N20,VIIRS,n,2,291.58,1.35,N,2,VIIRS_NOAA20_SP
22.2453,87.3884,310.2,0.36,0.57,2023-10-18,2028,N20,VIIRS,n,2,293.0,1.53,N,2,VIIRS_NOAA20_SP
22.26705,75.13079,308.67,0.43,0.38,2023-10-18,2028,N20,VIIRS,n,2,294.75,1.72,N,2,VIIRS_NOAA20_SP
22.3155,82.53056,305.88,0.54,0.42,2023-10-18,2028,N20,VIIRS,n,2,293.38,1.54,N,2,VIIRS_NOAA20_SP
22.31668,82.53267,305.56,0.54,0.42,2023-10-18,2028,N20,VIIRS,n,2,292.97,1.1,N,2,VIIRS_NOAA20_SP
22.32463,82.65941,305.49,0.55,0.43,2023-10-18,2028,N20,VIIRS,n,2,293.44,1.23,N,2,VIIRS_NOAA20_SP
22.32785,82.60009,308.86,0.55,0.42,2023-10-18,2028,N20,VIIRS,n,2,292.98,1.99,N,0,VIIRS_NOAA20_SP
22.32836,82.68218,305.95,0.55,0.43,2023-10-18,2028,N20,VIIRS,n,2,293.04,1.35,N,2,VIIRS_NOAA20_SP
22.33049,82.64967,308.15,0.55,0.43,2023-10-18,2028,N20,VIIRS,n,2,292.92,1.81,N,0,VIIRS_NOAA20_SP
22.33335,82.65578,313.36,0.55,0.43,2023-10-18,2028,N20,VIIRS,n,2,293.93,1.82,N,2,VIIRS_NOAA20_SP
22.36069,87.289,304.64,0.35,0.57,2023-10-18,2028,N20,VIIRS,n,2,292.25,0.65,N,2,VIIRS_NOAA20_SP
22.36359,87.30031,309.84,0.35,0.57,2023-10-18,2028,N20,VIIRS,n,2,293.25,1.52,N,2,VIIRS_NOAA20_SP
22.36387,87.01703,316.18,0.34,0.56,2023-10-18,2028,N20,VIIRS,n,2,293.83,1.51,N,2,VIIRS_NOAA20_SP
22.3687,87.30161,316.06,0.35,0.57,2023-10-18,2028,N20,VIIRS,n,2,292.75,1.52,N,2,VIIRS_NOAA20_SP
22.36944,87.29826,312.88,0.35,0.57,2023-10-18,2028,N20,VIIRS,n,2,292.84,2.88,N,2,VIIRS_NOAA20_SP
22.37896,87.27953,324.62,0.35,0.57,2023-10-18,2028,N20,VIIRS,n,2,294.0,1.49,N,2,VIIRS_NOAA20_SP
22.37969,87.27621,308.13,0.35,0.57,2023-10-18,2028,N20,VIIRS,n,2,292.41,1.49,N,2,VIIRS_NOAA20_SP
22.59478,85.90371,305.54,0.57,0.52,2023-10-18,2028,N20,VIIRS,n,2,292.17,1.38,N,2,VIIRS_NOAA20_SP
22.92343,70.10332,306.51,0.55,0.51,2023-10-18,2028,N20,VIIRS,n,2,295.16,2.69,N,0,VIIRS_NOAA20_SP
22.92813,70.10394,327.31,0.55,0.51,2023-10-18,2028,N20,VIIRS,n,2,296.44,2.69,N,0,VIIRS_NOAA20_SP
23.01633,70.10113,305.42,0.55,0.51,2023-10-18,2028,N20,VIIRS,n,2,295.36,1.39,N,2,VIIRS_NOAA20_SP
23.16665,82.34002,304.05,0.52,0.41,2023-10-18,2028,N20,VIIRS,n,2,291.09,0.98,N,2,VIIRS_NOAA20_SP
23.1704,82.34078,305.53,0.52,0.41,2023-10-18,2028,N20,VIIRS,n,2,291.1,0.84,N,2,VIIRS_NOAA20_SP
23.25539,77.52274,307.29,0.39,0.36,2023-10-18,2028,N20,VIIRS,n,2,290.78,1.13,N,0,VIIRS_NOAA20_SP
24.58039,74.80315,305.6,0.47,0.39,2023-10-18,2028,N20,VIIRS,n,2,293.72,1.24,N,2,VIIRS_NOAA20_SP
24.66252,74.6317,310.31,0.48,0.4,2023-10-18,2028,N20,VIIRS,n,2,295.84,2.14,N,2,VIIRS_NOAA20_SP
24.69118,72.99984,303.77,0.39,0.44,2023-10-18,2028,N20,VIIRS,n,2,293.59,1.1,N,0,VIIRS_NOAA20_SP
16.87176,80.02206,307.55,0.48,0.4,2023-10-18,2029,N20,VIIRS,n,2,296.48,1.4,N,2,VIIRS_NOAA20_SP
16.87211,80.02018,308.6,0.48,0.4,2023-10-18,2029,N20,VIIRS,n,2,296.28,1.03,N,2,VIIRS_NOAA20_SP
17.15943,78.29323,302.72,0.41,0.37,2023-10-18,2029,N20,VIIRS,n,2,291.67,0.32,N,0,VIIRS_NOAA20_SP
17.53339,83.00083,305.25,0.46,0.47,2023-10-18,2029,N20,VIIRS,n,2,292.92,1.22,N,2,VIIRS_NOAA20_SP
17.60549,83.20245,306.38,0.48,0.48,2023-10-18,2029,N20,VIIRS,n,2,293.93,1.58,N,2,VIIRS_NOAA20_SP
17.60983,83.20336,310.1,0.48,0.48,2023-10-18,2029,N20,VIIRS,n,2,294.14,1.58,N,2,VIIRS_NOAA20_SP
18.67871,79.55199,310.38,0.44,0.38,2023-10-18,2029,N20,VIIRS,n,2,296.75,1.2,N,0,VIIRS_NOAA20_SP
18.68219,79.55266,311.52,0.44,0.38,2023-10-18,2029,N20,VIIRS,n,2,296.45,1.2,N,0,VIIRS_NOAA20_SP
18.72187,79.53783,310.24,0.44,0.38,2023-10-18,2029,N20,VIIRS,n,2,297.25,2.12,N,2,VIIRS_NOAA20_SP
18.97401,71.62191,329.97,0.39,0.44,2023-10-18,2029,N20,VIIRS,n,2,298.76,2.06,N,3,VIIRS_NOAA20_SP
19.09268,82.16982,312.37,0.39,0.44,2023-10-18,2029,N20,VIIRS,n,2,292.81,1.25,N,0,VIIRS_NOAA20_SP
19.09335,82.16618,306.75,0.39,0.44,2023-10-18,2029,N20,VIIRS,n,2,292.14,1.25,N,0,VIIRS_NOAA20_SP
19.10135,73.05327,308.28,0.49,0.41,2023-10-18,2029,N20,VIIRS,n,2,293.44,1.45,N,2,VIIRS_NOAA20_SP
19.10522,82.16869,305.71,0.39,0.44,2023-10-18,2029,N20,VIIRS,n,2,293.43,0.87,N,0,VIIRS_NOAA20_SP
19.1146,74.94962,315.12,0.41,0.37,2023-10-18,2029,N20,VIIRS,n,2,292.29,1.18,N,0,VIIRS_NOAA20_SP
19.16854,72.18602,316.59,0.55,0.43,2023-10-18,2029,N20,VIIRS,n,2,298.05,1.4,N,3,VIIRS_NOAA20_SP
19.16857,72.18449,315.34,0.55,0.43,2023-10-18,2029,N20,VIIRS,n,2,298.34,1.4,N,3,VIIRS_NOAA20_SP
19.17966,70.94562,320.78,0.44,0.46,2023-10-18,2029,N20,VIIRS,n,2,296.84,1.89,N,3,VIIRS_NOAA20_SP
19.34983,71.3042,317.63,0.42,0.45,2023-10-18,2029,N20,VIIRS,n,2,297.15,1.23,N,3,VIIRS_NOAA20_SP
19.37326,71.3517,331.52,0.41,0.45,2023-10-18,2029,N20,VIIRS,n,2,297.12,2.44,N,3,VIIRS_NOAA20_SP
19.93588,73.71131,309.24,0.47,0.4,2023-10-18,2029,N20,VIIRS,n,2,291.39,1.0,N,2,VIIRS_NOAA20_SP
19.93718,73.70908,302.31,0.47,0.4,2023-10-18,2029,N20,VIIRS,n,2,290.8,0.43,N,2,VIIRS_NOAA20_SP
20.91043,71.45646,308.92,0.43,0.46,2023-10-18,2029,N20,VIIRS,n,2,296.44,1.14,N,2,VIIRS_NOAA20_SP
21.10133,72.64992,319.48,0.55,0.43,2023-10-18,2029,N20,VIIRS,n,2,298.05,4.52,N,2,VIIRS_NOAA20_SP
21.10335,72.63414,339.22,0.55,0.43,2023-10-18,2029,N20,VIIRS,n,2,298.5,7.76,N,2,VIIRS_NOAA20_SP
21.10591,72.64524,329.95,0.55,0.43,2023-10-18,2029,N20,VIIRS,n,2,299.27,6.81,N,2,VIIRS_NOAA20_SP
21.1098,72.64581,319.06,0.55,0.43,2023-10-18,2029,N20,VIIRS,n,2,298.99,4.01,N,2,VIIRS_NOAA20_SP
21.11116,72.63529,317.49,0.55,0.43,2023-10-18,2029,N20,VIIRS,n,2,299.73,4.07,N,2,VIIRS_NOAA20_SP
14.34137,76.36251,301.5,0.39,0.36,2023-10-18,2030,N20,VIIRS,n,2,290.69,0.35,N,0,VIIRS_NOAA20_SP
14.72316,77.61724,305.77,0.41,0.37,2023-10-18,2030,N20,VIIRS,n,2,292.85,1.09,N,0,VIIRS_NOAA20_SP
14.72377,77.61351,318.75,0.41,0.37,2023-10-18,2030,N20,VIIRS,n,2,294.08,1.35,N,0,VIIRS_NOAA20_SP
14.88305,78.0528,308.09,0.42,0.37,2023-10-18,2030,N20,VIIRS,n,2,294.92,0.93,N,0,VIIRS_NOAA20_SP
14.9301,78.33995,305.62,0.43,0.38,2023-10-18,2030,N20,VIIRS,n,2,295.54,0.99,N,0,VIIRS_NOAA20_SP
14.94727,78.04775,313.98,0.42,0.37,2023-10-18,2030,N20,VIIRS,n,2,295.64,1.78,N,0,VIIRS_NOAA20_SP
15.0231,78.01376,315.79,0.41,0.37,2023-10-18,2030,N20,VIIRS,n,2,296.76,2.09,N,2,VIIRS_NOAA20_SP
15.11028,76.8062,306.67,0.39,0.36,2023-10-18,2030,N20,VIIRS,n,2,294.83,1.1,N,0,VIIRS_NOAA20_SP
15.13621,76.70779,304.51,0.39,0.36,2023-10-18,2030,N20,VIIRS,n,2,293.74,0.97,N,2,VIIRS_NOAA20_SP
15.14975,76.71023,305.14,0.39,0.36,2023-10-18,2030,N20,VIIRS,n,2,293.98,0.71,N,2,VIIRS_NOAA20_SP
15.15306,76.7108,305.78,0.39,0.36,2023-10-18,2030,N20,VIIRS,n,2,294.09,0.71,N,2,VIIRS_NOAA20_SP
15.16797,76.38052,310.06,0.39,0.36,2023-10-18,2030,N20,VIIRS,n,2,294.02,1.1,N,2,VIIRS_NOAA20_SP
15.16857,76.7832,304.23,0.39,0.36,2023-10-18,2030,N20,VIIRS,n,2,293.77,0.62,N,0,VIIRS_NOAA20_SP
15.16927,76.67319,309.94,0.39,0.36,2023-10-18,2030,N20,VIIRS,n,2,294.82,2.22,N,2,VIIRS_NOAA20_SP
15.17042,76.66608,343.81,0.39,0.36,2023-10-18,2030,N20,VIIRS,n,2,297.72,8.52,N,2,VIIRS_NOAA20_SP
15.17182,76.37753,305.75,0.38,0.36,2023-10-18,2030,N20,VIIRS,n,2,294.65,1.1,N,2,VIIRS_NOAA20_SP
15.17486,76.65951,307.01,0.39,0.36,2023-10-18,2030,N20,VIIRS,n,2,295.83,1.51,N,2,VIIRS_NOAA20_SP
15.17512,76.37809,308.26,0.38,0.36,2023-10-18,2030,N20,VIIRS,n,2,294.04,0.92,N,2,VIIRS_NOAA20_SP
15.1753,76.6779,325.37,0.39,0.36,2023-10-18,2030,N20,VIIRS,n,2,294.24,1.93,N,2,VIIRS_NOAA20_SP
15.17543,76.65594,320.09,0.39,0.36,2023-10-18,2030,N20,VIIRS,n,2,297.56,1.51,N,2,VIIRS_NOAA20_SP
15.17601,76.65238,310.75,0.39,0.36,2023-10-18,2030,N20,VIIRS,n,2,295.78,1.33,N,2,VIIRS_NOAA20_SP
15.1784,77.10287,311.47,0.39,0.36,2023-10-18,2030,N20,VIIRS,n,2,295.2,1.28,N,2,VIIRS_NOAA20_SP
15.17873,76.6565,317.35,0.39,0.36,2023-10-18,2030,N20,VIIRS,n,2,297.62,2.55,N,2,VIIRS_NOAA20_SP
15.17918,76.6749,309.15,0.39,0.36,2023-10-18,2030,N20,VIIRS,n,2,296.57,1.64,N,2,VIIRS_NOAA20_SP
15.17931,76.65294,311.59,0.39,0.36,2023-10-18,2030,N20,VIIRS,n,2,295.84,1.91,N,2,VIIRS_NOAA20_SP
15.18089,76.66419,320.97,0.39,0.36,2023-10-18,2030,N20,VIIRS,n,2,297.06,2.94,N,2,VIIRS_NOAA20_SP
15.18432,76.6428,306.09,0.39,0.36,2023-10-18,2030,N20,VIIRS,n,2,295.4,1.02,N,2,VIIRS_NOAA20_SP
15.18489,76.63924,308.45,0.39,0.36,2023-10-18,2030,N20,VIIRS,n,2,295.65,1.47,N,2,VIIRS_NOAA20_SP
15.18921,76.65462,310.23,0.39,0.36,2023-10-18,2030,N20,VIIRS,n,2,297.26,2.6,N,2,VIIRS_NOAA20_SP
15.1961,76.37814,312.65,0.38,0.36,2023-10-18,2030,N20,VIIRS,n,2,293.66,1.0,N,2,VIIRS_NOAA20_SP
15.22548,76.76718,304.31,0.39,0.36,2023-10-18,2030,N20,VIIRS,n,2,292.62,0.53,N,0,VIIRS_NOAA20_SP
15.30209,76.22115,303.77,0.38,0.36,2023-10-18,2030,N20,VIIRS,n,2,293.47,0.54,N,0,VIIRS_NOAA20_SP
15.33332,76.28388,316.14,0.38,0.36,2023-10-18,2030,N20,VIIRS,n,2,293.6,1.44,N,2,VIIRS_NOAA20_SP
15.33893,76.24842,308.91,0.38,0.36,2023-10-18,2030,N20,VIIRS,n,2,293.81,0.94,N,0,VIIRS_NOAA20_SP
17.06312,76.97889,315.89,0.39,0.36,2023-10-18,2030,N20,VIIRS,n,2,296.51,1.64,N,2,VIIRS_NOAA20_SP
17.14011,77.17684,306.11,0.39,0.36,2023-10-18,2030,N20,VIIRS,n,2,296.08,0.86,N,0,VIIRS_NOAA20_SP
17.14225,77.18463,308.52,0.39,0.36,2023-10-18,2030,N20,VIIRS,n,2,294.83,1.03,N,2,VIIRS_NOAA20_SP
11.81206,77.91959,304.99,0.44,0.38,2023-10-18,2031,N20,VIIRS,n,2,292.83,1.31,N,2,VIIRS_NOAA20_SP
11.81623,77.91621,315.61,0.44,0.38,2023-10-18,2031,N20,VIIRS,n,2,293.28,1.31,N,2,VIIRS_NOAA20_SP
12.965,79.91212,310.49,0.53,0.42,2023-10-18,2031,N20,VIIRS,n,2,289.34,1.22,N,0,VIIRS_NOAA20_SP
12.96686,79.91459,308.87,0.53,0.42,2023-10-18,2031,N20,VIIRS,n,2,290.43,0.73,N,0,VIIRS_NOAA20_SP
13.21349,76.52148,304.51,0.39,0.36,2023-10-18,2031,N20,VIIRS,n,2,290.21,0.59,N,0,VIIRS_NOAA20_SP
36.76455,69.02686,297.17,0.42,0.61,2023-10-18,2205,N20,VIIRS,n,2,280.71,0.47,N,0,VIIRS_NOAA20_SP
32.28834,70.73505,298.51,0.69,0.74,2023-10-18,2206,N20,VIIRS,n,2,286.26,1.9,N,2,VIIRS_NOAA20_SP
32.29457,70.72871,300.66,0.69,0.74,2023-10-18,2206,N20,VIIRS,n,2,285.52,2.18,N,2,VIIRS_NOAA20_SP
32.29681,70.731,300.43,0.69,0.74,2023-10-18,2206,N20,VIIRS,n,2,286.17,1.94,N,2,VIIRS_NOAA20_SP
21.58232,95.23537,329.31,0.57,0.69,2023-10-19,559,N20,VIIRS,n,2,293.59,10.11,D,0,VIIRS_NOAA20_SP
21.58356,95.24074,345.63,0.57,0.69,2023-10-19,559,N20,VIIRS,n,2,294.9,6.63,D,0,VIIRS_NOAA20_SP
21.58977,95.23908,332.22,0.57,0.69,2023-10-19,559,N20,VIIRS,n,2,291.95,6.63,D,0,VIIRS_NOAA20_SP
21.5787,95.23389,339.99,0.57,0.69,2023-10-19,600,N20,VIIRS,n,2,293.98,4.61,D,0,VIIRS_NOAA20_SP
22.20781,97.42796,325.73,0.4,0.6,2023-10-19,600,N20,VIIRS,n,2,297.89,2.29,D,0,VIIRS_NOAA20_SP
22.34195,96.01764,367.0,0.49,0.65,2023-10-19,600,N20,VIIRS,h,2,299.78,10.37,D,0,VIIRS_NOAA20_SP
22.34303,96.02226,338.96,0.49,0.65,2023-10-19,600,N20,VIIRS,n,2,298.42,10.37,D,0,VIIRS_NOAA20_SP
22.34672,96.01142,346.04,0.49,0.65,2023-10-19,600,N20,VIIRS,n,2,298.38,8.61,D,0,VIIRS_NOAA20_SP
22.41376,96.91177,325.63,0.43,0.62,2023-10-19,600,N20,VIIRS,n,2,297.26,2.89,D,0,VIIRS_NOAA20_SP
24.88161,97.08804,338.64,0.37,0.58,2023-10-19,600,N20,VIIRS,n,2,296.0,4.21,D,0,VIIRS_NOAA20_SP
24.95602,97.1246,325.39,0.37,0.58,2023-10-19,600,N20,VIIRS,n,2,293.94,1.58,D,0,VIIRS_NOAA20_SP
25.54874,97.17387,348.18,0.36,0.57,2023-10-19,600,N20,VIIRS,n,2,292.38,4.48,D,0,VIIRS_NOAA20_SP
26.388,96.73372,329.99,0.36,0.58,2023-10-19,601,N20,VIIRS,n,2,292.35,2.13,D,0,VIIRS_NOAA20_SP
26.49554,96.72292,336.93,0.36,0.57,2023-10-19,601,N20,VIIRS,n,2,294.17,3.06,D,0,VIIRS_NOAA20_SP
27.02758,94.89082,327.2,0.45,0.63,2023-10-19,601,N20,VIIRS,n,2,291.03,4.59,D,0,VIIRS_NOAA20_SP
27.2002,97.90158,338.39,0.59,0.53,2023-10-19,601,N20,VIIRS,n,2,292.24,12.76,D,0,VIIRS_NOAA20_SP
27.75312,96.09314,326.24,0.37,0.58,2023-10-19,601,N20,VIIRS,n,2,292.68,1.56,D,0,VIIRS_NOAA20_SP
27.76292,96.01564,328.03,0.37,0.58,2023-10-19,601,N20,VIIRS,n,2,293.5,3.06,D,0,VIIRS_NOAA20_SP
28.04243,96.64824,339.8,0.34,0.56,2023-10-19,601,N20,VIIRS,n,2,292.02,3.94,D,0,VIIRS_NOAA20_SP
28.04431,96.64893,344.18,0.34,0.56,2023-10-19,601,N20,VIIRS,n,2,291.42,3.65,D,0,VIIRS_NOAA20_SP
28.05363,96.65067,367.0,0.34,0.56,2023-10-19,601,N20,VIIRS,h,2,292.67,9.42,D,0,VIIRS_NOAA20_SP
28.14711,96.53136,355.3,0.34,0.56,2023-10-19,601,N20,VIIRS,n,2,297.31,14.49,D,0,VIIRS_NOAA20_SP
28.20262,96.51702,332.94,0.34,0.56,2023-10-19,601,N20,VIIRS,n,2,292.27,2.85,D,0,VIIRS_NOAA20_SP
8.91437,80.04716,333.17,0.42,0.46,2023-10-19,737,N20,VIIRS,n,2,295.66,4.63,D,0,VIIRS_NOAA20_SP
8.91501,80.05099,340.75,0.42,0.46,2023-10-19,737,N20,VIIRS,n,2,294.66,4.49,D,0,VIIRS_NOAA20_SP
12.51663,78.00454,342.97,0.5,0.49,2023-10-19,738,N20,VIIRS,n,2,300.03,5.99,D,0,VIIRS_NOAA20_SP
12.51925,78.0057,337.59,0.5,0.49,2023-10-19,738,N20,VIIRS,n,2,297.9,6.87,D,0,VIIRS_NOAA20_SP
13.25862,78.82198,331.79,0.43,0.46,2023-10-19,738,N20,VIIRS,n,2,298.31,3.89,D,0,VIIRS_NOAA20_SP
13.82029,77.47468,333.48,0.52,0.5,2023-10-19,738,N20,VIIRS,n,2,304.18,3.92,D,0,VIIRS_NOAA20_SP
14.1655,78.78757,337.81,0.42,0.45,2023-10-19,738,N20,VIIRS,n,2,302.81,2.47,D,0,VIIRS_NOAA20_SP
14.46129,76.62446,336.73,0.58,0.52,2023-10-19,739,N20,VIIRS,n,2,306.02,4.15,D,0,VIIRS_NOAA20_SP
14.59474,77.85155,339.2,0.47,0.48,2023-10-19,739,N20,VIIRS,n,2,302.32,3.88,D,0,VIIRS_NOAA20_SP
14.59907,77.85061,352.87,0.47,0.48,2023-10-19,739,N20,VIIRS,n,2,302.34,7.64,D,0,VIIRS_NOAA20_SP
14.7502,77.78217,332.53,0.48,0.48,2023-10-19,739,N20,VIIRS,n,2,304.92,1.84,D,0,VIIRS_NOAA20_SP
14.82612,78.67262,335.48,0.42,0.45,2023-10-19,739,N20,VIIRS,n,2,300.07,5.12,D,0,VIIRS_NOAA20_SP
14.8928,76.06184,332.5,0.62,0.54,2023-10-19,739,N20,VIIRS,l,2,304.03,10.45,D,0,VIIRS_NOAA20_SP
14.99134,77.85891,333.78,0.47,0.47,2023-10-19,739,N20,VIIRS,l,2,306.57,2.76,D,0,VIIRS_NOAA20_SP
15.02633,78.52735,355.4,0.42,0.45,2023-10-19,739,N20,VIIRS,n,2,306.63,9.6,D,0,VIIRS_NOAA20_SP
15.05392,78.58604,342.9,0.42,0.45,2023-10-19,739,N20,VIIRS,n,2,303.28,3.74,D,0,VIIRS_NOAA20_SP
15.07962,76.63242,346.25,0.56,0.52,2023-10-19,739,N20,VIIRS,n,2,301.26,8.39,D,0,VIIRS_NOAA20_SP
15.08198,76.63358,348.39,0.56,0.51,2023-10-19,739,N20,VIIRS,n,2,302.66,16.25,D,0,VIIRS_NOAA20_SP
15.09917,78.57752,334.0,0.42,0.45,2023-10-19,739,N20,VIIRS,n,2,301.93,2.77,D,0,VIIRS_NOAA20_SP
15.10506,78.50133,341.31,0.42,0.45,2023-10-19,739,N20,VIIRS,n,2,306.48,5.14,D,0,VIIRS_NOAA20_SP
15.10692,78.50021,337.88,0.42,0.45,2023-10-19,739,N20,VIIRS,n,2,305.4,3.99,D,0,VIIRS_NOAA20_SP
15.14827,78.11929,335.02,0.45,0.47,2023-10-19,739,N20,VIIRS,l,2,307.11,5.48,D,0,VIIRS_NOAA20_SP
15.26024,77.77208,350.99,0.47,0.48,2023-10-19,739,N20,VIIRS,n,2,306.79,8.68,D,0,VIIRS_NOAA20_SP
15.26378,77.76697,339.42,0.47,0.48,2023-10-19,739,N20,VIIRS,n,2,304.25,3.51,D,0,VIIRS_NOAA20_SP
15.26456,77.77126,339.47,0.47,0.48,2023-10-19,739,N20,VIIRS,n,2,307.25,6.01,D,0,VIIRS_NOAA20_SP
15.29803,78.24634,330.71,0.44,0.46,2023-10-19,739,N20,VIIRS,l,2,304.42,3.53,D,0,VIIRS_NOAA20_SP
15.76273,78.54451,355.01,0.41,0.45,2023-10-19,739,N20,VIIRS,n,2,305.39,9.12,D,0,VIIRS_NOAA20_SP
15.7631,78.54394,345.07,0.41,0.45,2023-10-19,739,N20,VIIRS,n,2,304.6,7.02,D,0,VIIRS_NOAA20_SP
15.78647,78.5127,343.46,0.41,0.45,2023-10-19,739,N20,VIIRS,n,2,305.5,5.76,D,0,VIIRS_NOAA20_SP
15.78715,78.51646,340.41,0.41,0.45,2023-10-19,739,N20,VIIRS,n,2,300.21,5.76,D,0,VIIRS_NOAA20_SP
15.80751,78.27405,335.01,0.43,0.46,2023-10-19,739,N20,VIIRS,l,2,305.27,4.64,D,0,VIIRS_NOAA20_SP
15.83502,78.35719,338.08,0.42,0.45,2023-10-19,739,N20,VIIRS,n,2,305.02,3.12,D,0,VIIRS_NOAA20_SP
15.88238,79.8239,342.33,0.52,0.41,2023-10-19,739,N20,VIIRS,n,2,302.81,23.55,D,0,VIIRS_NOAA20_SP
15.88273,79.82588,341.27,0.52,0.41,2023-10-19,739,N20,VIIRS,n,2,305.61,23.47,D,0,VIIRS_NOAA20_SP
15.93545,77.77203,341.72,0.46,0.47,2023-10-19,739,N20,VIIRS,n,2,303.94,3.95,D,0,VIIRS_NOAA20_SP
16.02217,74.86753,333.9,0.35,0.57,2023-10-19,739,N20,VIIRS,n,2,296.48,4.49,D,0,VIIRS_NOAA20_SP
16.42073,79.5844,332.74,0.52,0.42,2023-10-19,739,N20,VIIRS,l,2,305.25,2.92,D,0,VIIRS_NOAA20_SP
16.42345,77.72844,336.69,0.45,0.47,2023-10-19,739,N20,VIIRS,n,2,301.71,2.03,D,0,VIIRS_NOAA20_SP
17.00488,80.74768,338.1,0.45,0.39,2023-10-19,739,N20,VIIRS,n,2,302.35,7.93,D,0,VIIRS_NOAA20_SP
17.02408,78.45113,331.33,0.4,0.44,2023-10-19,739,N20,VIIRS,n,2,299.87,2.2,D,0,VIIRS_NOAA20_SP
17.10603,81.51927,330.75,0.42,0.38,2023-10-19,739,N20,VIIRS,l,2,303.56,2.6,D,0,VIIRS_NOAA20_SP
17.21883,79.18552,334.9,0.54,0.42,2023-10-19,739,N20,VIIRS,n,2,300.44,4.63,D,0,VIIRS_NOAA20_SP
17.25918,81.59699,343.94,0.42,0.37,2023-10-19,739,N20,VIIRS,n,2,300.97,7.57,D,0,VIIRS_NOAA20_SP
17.60596,83.20084,332.84,0.39,0.36,2023-10-19,739,N20,VIIRS,n,2,300.98,5.05,D,2,VIIRS_NOAA20_SP
17.60751,80.87764,337.9,0.44,0.38,2023-10-19,739,N20,VIIRS,n,2,302.04,5.72,D,0,VIIRS_NOAA20_SP
17.60982,83.2039,339.06,0.39,0.36,2023-10-19,739,N20,VIIRS,n,2,302.75,4.63,D,2,VIIRS_NOAA20_SP
17.63252,82.82162,334.46,0.39,0.36,2023-10-19,739,N20,VIIRS,n,2,300.3,4.07,D,0,VIIRS_NOAA20_SP
18.05672,79.52406,333.38,0.5,0.41,2023-10-19,739,N20,VIIRS,n,2,301.43,3.81,D,0,VIIRS_NOAA20_SP
18.47348,83.61102,334.19,0.38,0.36,2023-10-19,739,N20,VIIRS,n,2,301.27,3.75,D,0,VIIRS_NOAA20_SP
18.60673,83.25933,333.87,0.38,0.36,2023-10-19,739,N20,VIIRS,n,2,302.49,2.7,D,0,VIIRS_NOAA20_SP
18.4981,77.72136,331.45,0.42,0.45,2023-10-19,740,N20,VIIRS,n,2,302.03,3.81,D,0,VIIRS_NOAA20_SP
18.90164,78.09406,332.53,0.39,0.44,2023-10-19,740,N20,VIIRS,n,2,299.89,3.22,D,0,VIIRS_NOAA20_SP
19.07138,78.73997,338.54,0.53,0.42,2023-10-19,740,N20,VIIRS,n,2,303.48,6.01,D,0,VIIRS_NOAA20_SP
19.073,78.74186,332.32,0.53,0.42,2023-10-19,740,N20,VIIRS,n,2,300.47,6.38,D,0,VIIRS_NOAA20_SP
19.09033,82.16544,337.37,0.39,0.36,2023-10-19,740,N20,VIIRS,n,2,305.66,4.6,D,0,VIIRS_NOAA20_SP
19.33093,72.02177,367.0,0.47,0.64,2023-10-19,740,N20,VIIRS,h,2,297.3,10.16,D,3,VIIRS_NOAA20_SP
19.62707,82.20704,329.89,0.39,0.36,2023-10-19,740,N20,VIIRS,n,2,301.88,1.26,D,0,VIIRS_NOAA20_SP
19.69366,82.08932,329.63,0.39,0.36,2023-10-19,740,N20,VIIRS,n,2,302.2,2.3,D,0,VIIRS_NOAA20_SP
20.05616,74.09659,331.83,0.33,0.55,2023-10-19,740,N20,VIIRS,n,2,300.76,2.33,D,0,VIIRS_NOAA20_SP
20.78539,85.26465,335.08,0.42,0.38,2023-10-19,740,N20,VIIRS,n,2,303.01,5.17,D,2,VIIRS_NOAA20_SP
20.79465,85.25488,343.47,0.42,0.38,2023-10-19,740,N20,VIIRS,n,2,303.43,12.63,D,2,VIIRS_NOAA20_SP
20.9396,77.78596,336.35,0.56,0.43,2023-10-19,740,N20,VIIRS,n,2,301.68,7.14,D,0,VIIRS_NOAA20_SP
20.94931,86.04861,337.43,0.46,0.39,2023-10-19,740,N20,VIIRS,n,2,298.45,2.99,D,2,VIIRS_NOAA20_SP
20.95671,85.01236,329.73,0.42,0.38,2023-10-19,740,N20,VIIRS,l,2,301.23,3.15,D,2,VIIRS_NOAA20_SP
20.96097,85.17214,341.13,0.42,0.38,2023-10-19,740,N20,VIIRS,n,2,306.34,4.61,D,2,VIIRS_NOAA20_SP
20.96387,85.16756,336.53,0.42,0.38,2023-10-19,740,N20,VIIRS,n,2,305.67,4.61,D,2,VIIRS_NOAA20_SP
20.96498,85.17566,332.76,0.42,0.38,2023-10-19,740,N20,VIIRS,l,2,305.5,7.77,D,2,VIIRS_NOAA20_SP
20.96757,85.01477,335.26,0.42,0.38,2023-10-19,740,N20,VIIRS,n,2,303.35,4.21,D,0,VIIRS_NOAA20_SP
20.96812,85.01878,330.04,0.42,0.38,2023-10-19,740,N20,VIIRS,n,2,298.05,2.61,D,0,VIIRS_NOAA20_SP
20.96843,85.17513,346.7,0.42,0.38,2023-10-19,740,N20,VIIRS,n,2,306.15,6.74,D,2,VIIRS_NOAA20_SP
21.06817,85.03627,332.97,0.42,0.38,2023-10-19,740,N20,VIIRS,l,2,305.01,4.62,D,0,VIIRS_NOAA20_SP
21.07616,85.04325,345.07,0.42,0.38,2023-10-19,740,N20,VIIRS,n,2,307.12,8.77,D,2,VIIRS_NOAA20_SP
21.12454,78.9765,330.38,0.48,0.4,2023-10-19,740,N20,VIIRS,n,2,299.79,2.68,D,0,VIIRS_NOAA20_SP
21.58447,95.24136,339.15,0.57,0.69,2023-10-19,740,N20,VIIRS,n,2,294.62,7.3,D,0,VIIRS_NOAA20_SP
21.67716,84.03981,332.73,0.4,0.37,2023-10-19,740,N20,VIIRS,n,2,297.04,4.47,D,2,VIIRS_NOAA20_SP
21.78088,83.83958,332.14,0.39,0.37,2023-10-19,740,N20,VIIRS,l,2,304.19,2.31,D,0,VIIRS_NOAA20_SP
21.92939,85.22176,330.91,0.43,0.38,2023-10-19,740,N20,VIIRS,n,2,302.0,2.42,D,2,VIIRS_NOAA20_SP
22.04132,83.73833,338.41,0.39,0.36,2023-10-19,740,N20,VIIRS,n,2,308.32,7.18,D,2,VIIRS_NOAA20_SP
22.21104,84.86603,335.0,0.42,0.38,2023-10-19,740,N20,VIIRS,n,2,300.77,5.38,D,2,VIIRS_NOAA20_SP
22.21118,84.84104,338.75,0.42,0.38,2023-10-19,740,N20,VIIRS,n,2,306.98,6.83,D,2,VIIRS_NOAA20_SP
22.21189,84.8651,335.88,0.42,0.38,2023-10-19,740,N20,VIIRS,n,2,301.69,5.51,D,2,VIIRS_NOAA20_SP
22.23936,81.66964,331.42,0.39,0.36,2023-10-19,740,N20,VIIRS,n,2,296.15,1.52,D,0,VIIRS_NOAA20_SP
22.32698,82.68596,329.05,0.38,0.36,2023-10-19,740,N20,VIIRS,l,2,303.58,2.36,D,2,VIIRS_NOAA20_SP
22.32975,82.65519,340.42,0.38,0.36,2023-10-19,740,N20,VIIRS,n,2,306.99,3.92,D,2,VIIRS_NOAA20_SP
22.4725,91.73543,335.5,0.34,0.56,2023-10-19,740,N20,VIIRS,n,2,299.27,3.58,D,2,VIIRS_NOAA20_SP
22.74464,91.4733,331.02,0.33,0.56,2023-10-19,740,N20,VIIRS,n,2,298.41,1.45,D,0,VIIRS_NOAA20_SP
21.41587,72.73627,331.12,0.38,0.59,2023-10-19,741,N20,VIIRS,n,2,302.87,2.19,D,0,VIIRS_NOAA20_SP
21.41665,72.73983,334.19,0.38,0.59,2023-10-19,741,N20,VIIRS,n,2,303.15,2.19,D,0,VIIRS_NOAA20_SP
21.47444,74.15656,334.68,0.61,0.54,2023-10-19,741,N20,VIIRS,n,2,299.48,2.43,D,0,VIIRS_NOAA20_SP
21.47661,74.15709,333.94,0.61,0.54,2023-10-19,741,N20,VIIRS,n,2,299.69,4.64,D,0,VIIRS_NOAA20_SP
21.73802,75.61984,330.21,0.49,0.49,2023-10-19,741,N20,VIIRS,l,2,303.99,1.41,D,0,VIIRS_NOAA20_SP
21.86649,75.74145,331.76,0.48,0.48,2023-10-19,741,N20,VIIRS,n,2,300.94,4.19,D,0,VIIRS_NOAA20_SP
22.10831,79.6393,333.56,0.44,0.38,2023-10-19,741,N20,VIIRS,n,2,302.59,5.19,D,0,VIIRS_NOAA20_SP
22.21519,79.58447,333.35,0.44,0.39,2023-10-19,741,N20,VIIRS,n,2,301.21,3.24,D,0,VIIRS_NOAA20_SP
22.33467,77.18964,330.29,0.39,0.44,2023-10-19,741,N20,VIIRS,l,2,304.29,2.42,D,0,VIIRS_NOAA20_SP
22.4479,79.96539,338.58,0.43,0.38,2023-10-19,741,N20,VIIRS,n,2,302.98,3.88,D,0,VIIRS_NOAA20_SP
22.5772,77.60946,338.05,0.54,0.42,2023-10-19,741,N20,VIIRS,n,2,304.37,8.93,D,0,VIIRS_NOAA20_SP
22.5785,77.60712,349.15,0.54,0.42,2023-10-19,741,N20,VIIRS,n,2,304.19,9.43,D,0,VIIRS_NOAA20_SP
22.8548,78.54038,330.75,0.48,0.4,2023-10-19,741,N20,VIIRS,n,2,299.1,4.63,D,0,VIIRS_NOAA20_SP
22.85484,78.54215,333.1,0.48,0.4,2023-10-19,741,N20,VIIRS,n,2,299.62,3.13,D,0,VIIRS_NOAA20_SP
22.92657,70.10769,345.07,0.52,0.67,2023-10-19,741,N20,VIIRS,n,2,302.6,8.67,D,0,VIIRS_NOAA20_SP
23.05767,79.38548,333.95,0.44,0.38,2023-10-19,741,N20,VIIRS,n,2,302.65,3.15,D,0,VIIRS_NOAA20_SP
23.08676,79.3224,332.86,0.44,0.39,2023-10-19,741,N20,VIIRS,n,2,302.46,1.24,D,0,VIIRS_NOAA20_SP
23.16876,77.995,331.83,0.51,0.41,2023-10-19,741,N20,VIIRS,n,2,302.94,3.13,D,0,VIIRS_NOAA20_SP
23.17881,78.00807,331.02,0.51,0.41,2023-10-19,741,N20,VIIRS,n,2,302.02,2.22,D,0,VIIRS_NOAA20_SP
23.22499,77.23156,330.24,0.56,0.43,2023-10-19,741,N20,VIIRS,l,2,302.94,3.37,D,0,VIIRS_NOAA20_SP
23.26022,77.76577,344.41,0.52,0.42,2023-10-19,741,N20,VIIRS,n,2,300.65,7.39,D,0,VIIRS_NOAA20_SP
23.26064,77.76791,333.23,0.52,0.42,2023-10-19,741,N20,VIIRS,n,2,300.25,4.8,D,0,VIIRS_NOAA20_SP
23.30729,79.82329,332.78,0.42,0.38,2023-10-19,741,N20,VIIRS,n,2,302.33,5.17,D,0,VIIRS_NOAA20_SP
23.33197,79.78041,337.24,0.42,0.38,2023-10-19,741,N20,VIIRS,n,2,303.41,4.55,D,0,VIIRS_NOAA20_SP
23.35601,79.75449,330.29,0.42,0.38,2023-10-19,741,N20,VIIRS,l,2,301.54,3.41,D,0,VIIRS_NOAA20_SP
23.3615,79.76611,330.45,0.42,0.38,2023-10-19,741,N20,VIIRS,n,2,303.49,2.62,D,0,VIIRS_NOAA20_SP
23.37689,80.43656,331.93,0.41,0.37,2023-10-19,741,N20,VIIRS,n,2,298.4,1.69,D,0,VIIRS_NOAA20_SP
23.37936,79.76682,332.49,0.42,0.38,2023-10-19,741,N20,VIIRS,l,2,303.67,2.21,D,0,VIIRS_NOAA20_SP
23.38004,79.7709,337.87,0.42,0.38,2023-10-19,741,N20,VIIRS,n,2,303.68,2.21,D,0,VIIRS_NOAA20_SP
23.40553,79.6955,330.76,0.43,0.38,2023-10-19,741,N20,VIIRS,n,2,298.33,2.67,D,0,VIIRS_NOAA20_SP
23.50268,79.11587,332.43,0.45,0.39,2023-10-19,741,N20,VIIRS,n,2,300.95,2.36,D,0,VIIRS_NOAA20_SP
23.56554,80.06212,332.36,0.41,0.37,2023-10-19,741,N20,VIIRS,n,2,300.8,2.46,D,0,VIIRS_NOAA20_SP
23.64355,77.57626,333.77,0.53,0.42,2023-10-19,741,N20,VIIRS,l,2,305.11,7.35,D,0,VIIRS_NOAA20_SP
23.67059,86.93687,330.0,0.54,0.42,2023-10-19,741,N20,VIIRS,n,2,304.05,2.62,D,2,VIIRS_NOAA20_SP
23.67641,86.08786,331.07,0.49,0.4,2023-10-19,741,N20,VIIRS,l,2,303.47,3.19,D,2,VIIRS_NOAA20_SP
23.68279,86.39319,344.11,0.51,0.41,2023-10-19,741,N20,VIIRS,n,2,309.02,9.58,D,2,VIIRS_NOAA20_SP
23.69964,77.43477,330.31,0.53,0.42,2023-10-19,741,N20,VIIRS,l,2,302.27,2.9,D,0,VIIRS_NOAA20_SP
23.73289,78.93201,330.63,0.45,0.39,2023-10-19,741,N20,VIIRS,l,2,301.49,3.11,D,0,VIIRS_NOAA20_SP
23.75701,86.40013,338.35,0.51,0.41,2023-10-19,741,N20,VIIRS,l,2,308.57,11.08,D,2,VIIRS_NOAA20_SP
23.75762,86.40508,341.37,0.51,0.41,2023-10-19,741,N20,VIIRS,n,2,306.77,5.55,D,2,VIIRS_NOAA20_SP
23.76394,86.39406,339.2,0.51,0.41,2023-10-19,741,N20,VIIRS,l,2,314.01,11.57,D,2,VIIRS_NOAA20_SP
23.77462,86.38734,339.0,0.51,0.41,2023-10-19,741,N20,VIIRS,l,2,311.68,5.88,D,2,VIIRS_NOAA20_SP
23.77901,86.39176,342.97,0.51,0.41,2023-10-19,741,N20,VIIRS,l,2,313.29,6.46,D,2,VIIRS_NOAA20_SP
23.77964,86.39677,341.2,0.51,0.41,2023-10-19,741,N20,VIIRS,n,2,309.46,6.46,D,2,VIIRS_NOAA20_SP
23.78093,86.34604,332.99,0.51,0.41,2023-10-19,741,N20,VIIRS,l,2,305.88,5.05,D,2,VIIRS_NOAA20_SP
23.78279,86.21034,331.59,0.5,0.41,2023-10-19,741,N20,VIIRS,l,2,302.62,4.61,D,2,VIIRS_NOAA20_SP
23.79347,86.35426,344.08,0.51,0.41,2023-10-19,741,N20,VIIRS,n,2,308.8,11.48,D,2,VIIRS_NOAA20_SP
23.79827,76.47361,330.36,0.4,0.44,2023-10-19,741,N20,VIIRS,l,2,304.65,1.43,D,0,VIIRS_NOAA20_SP
23.80237,86.32977,343.15,0.51,0.41,2023-10-19,741,N20,VIIRS,n,2,309.47,9.36,D,2,VIIRS_NOAA20_SP
23.82576,88.36773,331.16,0.44,0.46,2023-10-19,741,N20,VIIRS,l,2,302.61,1.88,D,0,VIIRS_NOAA20_SP
23.86869,77.59132,331.85,0.52,0.42,2023-10-19,741,N20,VIIRS,n,2,305.33,4.33,D,0,VIIRS_NOAA20_SP
23.88737,88.34628,330.09,0.44,0.46,2023-10-19,741,N20,VIIRS,l,2,303.2,3.18,D,0,VIIRS_NOAA20_SP
23.90725,77.67315,333.68,0.51,0.41,2023-10-19,741,N20,VIIRS,n,2,299.52,3.26,D,0,VIIRS_NOAA20_SP
24.00462,77.99634,337.97,0.49,0.41,2023-10-19,741,N20,VIIRS,n,2,308.06,6.07,D,0,VIIRS_NOAA20_SP
24.04535,79.27022,336.14,0.44,0.38,2023-10-19,741,N20,VIIRS,n,2,304.61,2.96,D,0,VIIRS_NOAA20_SP
24.05239,78.05051,331.11,0.49,0.4,2023-10-19,741,N20,VIIRS,l,2,303.33,2.24,D,0,VIIRS_NOAA20_SP
24.07856,78.17715,330.21,0.48,0.4,2023-10-19,741,N20,VIIRS,l,2,305.03,1.98,D,0,VIIRS_NOAA20_SP
24.14027,77.77165,333.58,0.5,0.41,2023-10-19,741,N20,VIIRS,n,2,304.29,4.71,D,0,VIIRS_NOAA20_SP
24.14209,77.7685,336.93,0.5,0.41,2023-10-19,741,N20,VIIRS,n,2,304.17,5.33,D,0,VIIRS_NOAA20_SP
24.14384,79.60818,334.34,0.42,0.38,2023-10-19,741,N20,VIIRS,n,2,302.67,2.53,D,0,VIIRS_NOAA20_SP
24.14398,77.77086,340.14,0.5,0.41,2023-10-19,741,N20,VIIRS,n,2,305.44,4.71,D,0,VIIRS_NOAA20_SP
24.16908,82.56072,332.41,0.39,0.36,2023-10-19,741,N20,VIIRS,n,2,304.9,1.72,D,2,VIIRS_NOAA20_SP
24.17858,78.10419,334.16,0.49,0.4,2023-10-19,741,N20,VIIRS,l,2,308.86,4.59,D,0,VIIRS_NOAA20_SP
24.28025,79.45394,334.2,0.43,0.38,2023-10-19,741,N20,VIIRS,n,2,305.0,2.43,D,0,VIIRS_NOAA20_SP
24.31727,77.13956,331.59,0.54,0.42,2023-10-19,741,N20,VIIRS,l,2,303.98,2.85,D,0,VIIRS_NOAA20_SP
24.41299,77.08775,335.6,0.54,0.42,2023-10-19,741,N20,VIIRS,n,2,306.27,5.4,D,0,VIIRS_NOAA20_SP
24.43759,77.47797,331.73,0.52,0.41,2023-10-19,741,N20,VIIRS,l,2,303.42,2.75,D,0,VIIRS_NOAA20_SP
24.50359,77.11488,335.84,0.54,0.42,2023-10-19,741,N20,VIIRS,l,2,308.39,3.28,D,0,VIIRS_NOAA20_SP
24.52463,77.14277,340.67,0.54,0.42,2023-10-19,741,N20,VIIRS,n,2,306.01,6.31,D,0,VIIRS_NOAA20_SP
24.55916,81.5211,333.94,0.38,0.36,2023-10-19,741,N20,VIIRS,n,2,302.52,0.96,D,0,VIIRS_NOAA20_SP
24.56561,77.51533,332.62,0.51,0.41,2023-10-19,741,N20,VIIRS,l,2,307.48,3.61,D,0,VIIRS_NOAA20_SP
24.58701,77.98599,336.09,0.49,0.4,2023-10-19,741,N20,VIIRS,n,2,307.8,6.15,D,0,VIIRS_NOAA20_SP
24.60039,76.85329,344.31,0.55,0.43,2023-10-19,741,N20,VIIRS,n,2,307.25,8.81,D,0,VIIRS_NOAA20_SP
24.60051,76.87566,341.51,0.55,0.43,2023-10-19,741,N20,VIIRS,n,2,307.41,5.29,D,0,VIIRS_NOAA20_SP
24.63033,80.67418,332.26,0.39,0.36,2023-10-19,741,N20,VIIRS,n,2,306.1,2.53,D,0,VIIRS_NOAA20_SP
24.64686,78.06806,335.84,0.48,0.4,2023-10-19,741,N20,VIIRS,n,2,306.27,3.96,D,0,VIIRS_NOAA20_SP
24.64723,79.50145,337.48,0.42,0.38,2023-10-19,741,N20,VIIRS,l,2,309.89,3.0,D,0,VIIRS_NOAA20_SP
24.66133,77.06451,334.38,0.54,0.42,2023-10-19,741,N20,VIIRS,l,2,306.11,5.76,D,0,VIIRS_NOAA20_SP
24.6625,77.06076,340.43,0.54,0.42,2023-10-19,741,N20,VIIRS,n,2,307.34,5.93,D,0,VIIRS_NOAA20_SP
24.6625,77.10435,336.69,0.54,0.42,2023-10-19,741,N20,VIIRS,n,2,307.42,4.37,D,0,VIIRS_NOAA20_SP
24.66441,77.09303,333.94,0.54,0.42,2023-10-19,741,N20,VIIRS,l,2,308.39,2.48,D,0,VIIRS_NOAA20_SP
24.66447,76.82585,334.6,0.55,0.43,2023-10-19,741,N20,VIIRS,l,2,309.03,4.2,D,0,VIIRS_NOAA20_SP
24.66545,76.95932,339.05,0.55,0.42,2023-10-19,741,N20,VIIRS,n,2,306.9,6.23,D,0,VIIRS_NOAA20_SP
24.667,77.05235,332.88,0.54,0.42,2023-10-19,741,N20,VIIRS,l,2,303.96,3.75,D,0,VIIRS_NOAA20_SP
24.66725,77.09586,335.84,0.54,0.42,2023-10-19,741,N20,VIIRS,n,2,307.31,4.08,D,0,VIIRS_NOAA20_SP
24.66918,77.05381,334.7,0.54,0.42,2023-10-19,741,N20,VIIRS,l,2,307.23,6.31,D,0,VIIRS_NOAA20_SP
24.69139,77.9366,333.9,0.49,0.4,2023-10-19,741,N20,VIIRS,n,2,304.03,2.41,D,0,VIIRS_NOAA20_SP
24.69597,81.09082,334.9,0.39,0.36,2023-10-19,741,N20,VIIRS,n,2,303.25,2.81,D,0,VIIRS_NOAA20_SP
24.70317,77.01151,349.62,0.54,0.42,2023-10-19,741,N20,VIIRS,n,2,311.27,12.05,D,0,VIIRS_NOAA20_SP
24.70739,77.11958,333.18,0.53,0.42,2023-10-19,741,N20,VIIRS,l,2,307.66,3.27,D,0,VIIRS_NOAA20_SP
24.71465,77.00893,333.95,0.54,0.42,2023-10-19,741,N20,VIIRS,l,2,304.8,3.12,D,0,VIIRS_NOAA20_SP
24.71771,77.06839,338.62,0.54,0.42,2023-10-19,741,N20,VIIRS,n,2,307.54,6.05,D,0,VIIRS_NOAA20_SP
24.71778,77.09016,344.93,0.54,0.42,2023-10-19,741,N20,VIIRS,n,2,309.17,5.62,D,0,VIIRS_NOAA20_SP
24.7199,77.44264,331.43,0.51,0.41,2023-10-19,741,N20,VIIRS,n,2,303.86,2.46,D,0,VIIRS_NOAA20_SP
24.7225,77.07278,344.02,0.54,0.42,2023-10-19,741,N20,VIIRS,n,2,308.63,9.12,D,0,VIIRS_NOAA20_SP
24.75014,77.05032,347.19,0.54,0.42,2023-10-19,741,N20,VIIRS,n,2,310.32,12.69,D,0,VIIRS_NOAA20_SP
24.79139,77.19533,335.59,0.53,0.42,2023-10-19,741,N20,VIIRS,n,2,307.49,3.87,D,0,VIIRS_NOAA20_SP
24.79187,77.19244,340.94,0.53,0.42,2023-10-19,741,N20,VIIRS,n,2,307.62,6.21,D,0,VIIRS_NOAA20_SP
24.79456,77.2506,337.98,0.52,0.42,2023-10-19,741,N20,VIIRS,l,2,309.61,5.77,D,0,VIIRS_NOAA20_SP
24.81493,80.80956,336.54,0.39,0.36,2023-10-19,741,N20,VIIRS,n,2,307.92,3.46,D,0,VIIRS_NOAA20_SP
24.82065,77.16201,335.52,0.53,0.42,2023-10-19,741,N20,VIIRS,l,2,307.52,7.04,D,0,VIIRS_NOAA20_SP
24.82542,76.86579,337.41,0.55,0.43,2023-10-19,741,N20,VIIRS,n,2,308.5,4.0,D,0,VIIRS_NOAA20_SP
24.84244,77.1305,336.03,0.53,0.42,2023-10-19,741,N20,VIIRS,l,2,306.83,5.52,D,0,VIIRS_NOAA20_SP
24.84336,77.11407,335.64,0.53,0.42,2023-10-19,741,N20,VIIRS,n,2,304.65,4.33,D,0,VIIRS_NOAA20_SP
24.8481,77.52576,335.99,0.51,0.41,2023-10-19,741,N20,VIIRS,l,2,308.52,2.06,D,0,VIIRS_NOAA20_SP
24.86424,92.02612,330.4,0.38,0.59,2023-10-19,741,N20,VIIRS,n,2,296.47,1.61,D,0,VIIRS_NOAA20_SP
24.8735,77.58156,337.15,0.5,0.41,2023-10-19,741,N20,VIIRS,n,2,306.92,3.01,D,0,VIIRS_NOAA20_SP
24.89601,77.14783,346.46,0.53,0.42,2023-10-19,741,N20,VIIRS,n,2,309.92,10.63,D,0,VIIRS_NOAA20_SP
24.89739,77.15051,336.85,0.53,0.42,2023-10-19,741,N20,VIIRS,n,2,309.17,10.05,D,0,VIIRS_NOAA20_SP
24.90854,77.21459,338.57,0.52,0.42,2023-10-19,741,N20,VIIRS,n,2,308.94,4.29,D,0,VIIRS_NOAA20_SP
24.90858,77.21231,335.95,0.52,0.42,2023-10-19,741,N20,VIIRS,l,2,307.25,5.79,D,0,VIIRS_NOAA20_SP
24.9095,77.21971,340.57,0.52,0.42,2023-10-19,741,N20,VIIRS,n,2,309.75,4.29,D,0,VIIRS_NOAA20_SP
24.90951,77.21743,347.92,0.52,0.42,2023-10-19,741,N20,VIIRS,n,2,310.18,5.79,D,0,VIIRS_NOAA20_SP
24.9102,77.13931,333.26,0.53,0.42,2023-10-19,741,N20,VIIRS,l,2,307.28,2.62,D,0,VIIRS_NOAA20_SP
24.9105,77.85464,331.84,0.49,0.4,2023-10-19,741,N20,VIIRS,l,2,305.88,2.15,D,0,VIIRS_NOAA20_SP
24.91327,77.21886,338.53,0.52,0.42,2023-10-19,741,N20,VIIRS,n,2,308.38,6.22,D,0,VIIRS_NOAA20_SP
24.91482,77.10068,337.33,0.53,0.42,2023-10-19,741,N20,VIIRS,l,2,309.33,5.28,D,0,VIIRS_NOAA20_SP
24.91572,77.0843,335.76,0.53,0.42,2023-10-19,741,N20,VIIRS,n,2,308.17,4.33,D,0,VIIRS_NOAA20_SP
24.91659,77.62021,335.54,0.5,0.41,2023-10-19,741,N20,VIIRS,l,2,309.1,3.61,D,0,VIIRS_NOAA20_SP
24.92206,76.99048,339.79,0.54,0.42,2023-10-19,741,N20,VIIRS,l,2,310.16,3.5,D,0,VIIRS_NOAA20_SP
24.92266,77.2061,347.05,0.52,0.42,2023-10-19,741,N20,VIIRS,n,2,309.2,7.6,D,0,VIIRS_NOAA20_SP
24.92707,77.0602,334.39,0.53,0.42,2023-10-19,741,N20,VIIRS,l,2,307.05,4.42,D,0,VIIRS_NOAA20_SP
24.93178,77.04287,339.1,0.53,0.42,2023-10-19,741,N20,VIIRS,n,2,307.29,2.39,D,0,VIIRS_NOAA20_SP
24.98322,77.75655,345.26,0.49,0.4,2023-10-19,741,N20,VIIRS,n,2,307.4,8.59,D,0,VIIRS_NOAA20_SP
25.00962,77.12269,335.76,0.53,0.42,2023-10-19,741,N20,VIIRS,n,2,307.0,1.75,D,0,VIIRS_NOAA20_SP
25.22452,92.4105,346.4,0.41,0.61,2023-10-19,741,N20,VIIRS,n,2,295.07,4.79,D,0,VIIRS_NOAA20_SP
25.35456,91.25739,327.32,0.35,0.57,2023-10-19,741,N20,VIIRS,n,2,294.36,2.61,D,0,VIIRS_NOAA20_SP
25.38544,81.30151,333.59,0.38,0.36,2023-10-19,741,N20,VIIRS,l,2,305.47,1.9,D,0,VIIRS_NOAA20_SP
25.46829,82.00666,341.31,0.38,0.36,2023-10-19,741,N20,VIIRS,n,2,303.29,3.61,D,0,VIIRS_NOAA20_SP
25.60404,81.26405,335.01,0.38,0.36,2023-10-19,741,N20,VIIRS,l,2,306.15,1.64,D,0,VIIRS_NOAA20_SP
25.01291,77.12485,335.28,0.53,0.42,2023-10-19,742,N20,VIIRS,n,2,305.73,2.48,D,0,VIIRS_NOAA20_SP
25.01597,76.04025,333.89,0.4,0.44,2023-10-19,742,N20,VIIRS,n,2,305.68,2.12,D,0,VIIRS_NOAA20_SP
25.08787,77.61221,336.12,0.5,0.41,2023-10-19,742,N20,VIIRS,n,2,308.8,1.9,D,0,VIIRS_NOAA20_SP
25.10095,77.04597,336.67,0.53,0.42,2023-10-19,742,N20,VIIRS,l,2,308.05,4.68,D,0,VIIRS_NOAA20_SP
25.10425,77.0486,331.83,0.53,0.42,2023-10-19,742,N20,VIIRS,l,2,304.77,2.43,D,0,VIIRS_NOAA20_SP
25.11564,77.04606,333.49,0.53,0.42,2023-10-19,742,N20,VIIRS,l,2,308.16,3.06,D,0,VIIRS_NOAA20_SP
25.14712,77.13033,344.75,0.53,0.42,2023-10-19,742,N20,VIIRS,n,2,308.95,12.98,D,0,VIIRS_NOAA20_SP
25.14807,77.13547,334.87,0.52,0.42,2023-10-19,742,N20,VIIRS,l,2,306.75,2.53,D,0,VIIRS_NOAA20_SP
25.15185,77.13462,334.59,0.52,0.42,2023-10-19,742,N20,VIIRS,l,2,306.74,2.53,D,0,VIIRS_NOAA20_SP
25.16678,77.00204,333.32,0.53,0.42,2023-10-19,742,N20,VIIRS,l,2,306.55,2.42,D,0,VIIRS_NOAA20_SP
25.16841,75.93562,335.24,0.41,0.45,2023-10-19,742,N20,VIIRS,n,2,301.9,1.54,D,0,VIIRS_NOAA20_SP
25.1754,77.04888,333.86,0.53,0.42,2023-10-19,742,N20,VIIRS,n,2,305.48,3.72,D,0,VIIRS_NOAA20_SP
25.17639,77.11858,343.65,0.53,0.42,2023-10-19,742,N20,VIIRS,n,2,307.99,6.57,D,0,VIIRS_NOAA20_SP
25.17656,76.06493,340.43,0.4,0.44,2023-10-19,742,N20,VIIRS,n,2,305.05,3.93,D,0,VIIRS_NOAA20_SP
25.19245,77.03423,336.33,0.53,0.42,2023-10-19,742,N20,VIIRS,n,2,304.17,4.86,D,0,VIIRS_NOAA20_SP
25.20843,76.68029,332.19,0.55,0.43,2023-10-19,742,N20,VIIRS,n,2,304.36,3.23,D,0,VIIRS_NOAA20_SP
25.21428,76.15291,342.84,0.39,0.44,2023-10-19,742,N20,VIIRS,n,2,309.11,4.06,D,0,VIIRS_NOAA20_SP
25.23674,76.72443,330.37,0.55,0.43,2023-10-19,742,N20,VIIRS,n,2,303.48,2.1,D,0,VIIRS_NOAA20_SP
25.2458,77.03064,333.85,0.53,0.42,2023-10-19,742,N20,VIIRS,n,2,304.69,3.68,D,0,VIIRS_NOAA20_SP
25.2688,75.99774,342.03,0.4,0.44,2023-10-19,742,N20,VIIRS,n,2,305.04,5.16,D,0,VIIRS_NOAA20_SP
25.273,76.89929,336.73,0.54,0.42,2023-10-19,742,N20,VIIRS,n,2,305.01,3.12,D,0,VIIRS_NOAA20_SP
25.29118,75.65943,338.82,0.42,0.45,2023-10-19,742,N20,VIIRS,n,2,302.89,6.07,D,0,VIIRS_NOAA20_SP
25.29198,75.66351,340.7,0.42,0.45,2023-10-19,742,N20,VIIRS,n,2,302.46,4.84,D,0,VIIRS_NOAA20_SP
25.30427,75.83346,338.21,0.41,0.45,2023-10-19,742,N20,VIIRS,n,2,304.29,2.27,D,0,VIIRS_NOAA20_SP
25.30519,75.83646,339.21,0.41,0.45,2023-10-19,742,N20,VIIRS,n,2,304.2,2.89,D,0,VIIRS_NOAA20_SP
25.31074,75.90989,335.96,0.41,0.45,2023-10-19,742,N20,VIIRS,n,2,306.88,3.18,D,0,VIIRS_NOAA20_SP
25.31223,75.70126,331.56,0.42,0.45,2023-10-19,742,N20,VIIRS,n,2,305.14,1.65,D,0,VIIRS_NOAA20_SP
25.33014,76.01195,334.99,0.4,0.44,2023-10-19,742,N20,VIIRS,n,2,307.12,2.36,D,0,VIIRS_NOAA20_SP
25.33992,77.64733,335.21,0.49,0.4,2023-10-19,742,N20,VIIRS,n,2,302.75,3.44,D,0,VIIRS_NOAA20_SP
25.34403,76.04119,335.78,0.4,0.44,2023-10-19,742,N20,VIIRS,n,2,304.2,2.58,D,0,VIIRS_NOAA20_SP
25.35039,75.91794,342.61,0.4,0.45,2023-10-19,742,N20,VIIRS,n,2,306.46,4.25,D,0,VIIRS_NOAA20_SP
25.35976,75.94452,344.48,0.4,0.44,2023-10-19,742,N20,VIIRS,n,2,305.89,5.94,D,0,VIIRS_NOAA20_SP
25.36036,75.8826,333.28,0.41,0.45,2023-10-19,742,N20,VIIRS,l,2,306.46,4.04,D,0,VIIRS_NOAA20_SP
25.37017,76.01962,342.91,0.4,0.44,2023-10-19,742,N20,VIIRS,n,2,306.83,8.33,D,0,VIIRS_NOAA20_SP
25.3906,76.65621,340.53,0.55,0.43,2023-10-19,742,N20,VIIRS,n,2,312.13,18.75,D,0,VIIRS_NOAA20_SP
25.39821,75.6901,342.68,0.42,0.45,2023-10-19,742,N20,VIIRS,n,2,304.63,7.25,D,0,VIIRS_NOAA20_SP
25.40135,76.6706,333.0,0.55,0.43,2023-10-19,742,N20,VIIRS,l,2,307.64,3.72,D,0,VIIRS_NOAA20_SP
25.43632,75.71069,333.43,0.41,0.45,2023-10-19,742,N20,VIIRS,n,2,301.32,0.91,D,0,VIIRS_NOAA20_SP
25.43972,76.05598,338.05,0.4,0.44,2023-10-19,742,N20,VIIRS,n,2,305.15,4.44,D,0,VIIRS_NOAA20_SP
25.44034,76.01538,335.88,0.4,0.44,2023-10-19,742,N20,VIIRS,n,2,304.26,2.47,D,0,VIIRS_NOAA20_SP
25.44329,76.0309,334.52,0.4,0.44,2023-10-19,742,N20,VIIRS,n,2,304.78,2.05,D,0,VIIRS_NOAA20_SP
25.44443,76.05892,336.11,0.4,0.44,2023-10-19,742,N20,VIIRS,n,2,305.56,2.45,D,0,VIIRS_NOAA20_SP
25.45318,76.10513,335.42,0.39,0.44,2023-10-19,742,N20,VIIRS,l,2,306.69,2.18,D,0,VIIRS_NOAA20_SP
25.4736,76.27861,334.81,0.38,0.43,2023-10-19,742,N20,VIIRS,l,2,307.52,1.69,D,0,VIIRS_NOAA20_SP
25.53428,78.73997,335.17,0.44,0.38,2023-10-19,742,N20,VIIRS,l,2,307.77,7.3,D,0,VIIRS_NOAA20_SP
25.63194,79.20541,347.91,0.42,0.38,2023-10-19,742,N20,VIIRS,n,2,308.75,4.91,D,0,VIIRS_NOAA20_SP
25.63264,79.20956,347.72,0.42,0.38,2023-10-19,742,N20,VIIRS,n,2,311.44,8.81,D,0,VIIRS_NOAA20_SP
25.63536,79.2047,347.86,0.42,0.38,2023-10-19,742,N20,VIIRS,n,2,306.72,4.91,D,0,VIIRS_NOAA20_SP
25.69143,78.76634,336.86,0.44,0.38,2023-10-19,742,N20,VIIRS,n,2,306.82,3.97,D,0,VIIRS_NOAA20_SP
25.70923,75.22758,334.51,0.44,0.46,2023-10-19,742,N20,VIIRS,n,2,307.93,2.92,D,0,VIIRS_NOAA20_SP
25.73351,78.37823,333.73,0.45,0.39,2023-10-19,742,N20,VIIRS,n,2,303.27,3.13,D,0,VIIRS_NOAA20_SP
25.73586,78.4966,335.07,0.45,0.39,2023-10-19,742,N20,VIIRS,n,2,306.14,4.96,D,0,VIIRS_NOAA20_SP
25.73878,76.92878,339.8,0.53,0.42,2023-10-19,742,N20,VIIRS,n,2,313.73,32.79,D,0,VIIRS_NOAA20_SP
25.73907,78.47316,333.12,0.45,0.39,2023-10-19,742,N20,VIIRS,l,2,306.38,4.2,D,0,VIIRS_NOAA20_SP
25.73981,76.93058,340.91,0.53,0.42,2023-10-19,742,N20,VIIRS,l,2,314.28,27.62,D,0,VIIRS_NOAA20_SP
25.74762,78.37521,334.79,0.45,0.39,2023-10-19,742,N20,VIIRS,l,2,306.04,4.78,D,0,VIIRS_NOAA20_SP
25.7554,78.48334,338.31,0.45,0.39,2023-10-19,742,N20,VIIRS,n,2,305.99,3.83,D,0,VIIRS_NOAA20_SP
25.76083,75.46975,333.82,0.42,0.45,2023-10-19,742,N20,VIIRS,l,2,307.57,1.24,D,0,VIIRS_NOAA20_SP
25.77523,78.49276,331.92,0.45,0.39,2023-10-19,742,N20,VIIRS,n,2,306.66,3.03,D,0,VIIRS_NOAA20_SP
25.78338,78.72948,337.64,0.44,0.38,2023-10-19,742,N20,VIIRS,n,2,305.82,3.8,D,0,VIIRS_NOAA20_SP
25.78612,78.72444,334.03,0.44,0.38,2023-10-19,742,N20,VIIRS,n,2,307.91,3.8,D,0,VIIRS_NOAA20_SP
25.81613,78.51749,340.84,0.44,0.39,2023-10-19,742,N20,VIIRS,n,2,306.39,3.66,D,0,VIIRS_NOAA20_SP
25.8303,78.57777,341.5,0.44,0.39,2023-10-19,742,N20,VIIRS,n,2,305.84,3.9,D,0,VIIRS_NOAA20_SP
25.83304,78.57269,331.85,0.44,0.39,2023-10-19,742,N20,VIIRS,n,2,306.05,3.9,D,0,VIIRS_NOAA20_SP
25.85562,78.1229,330.44,0.46,0.39,2023-10-19,742,N20,VIIRS,n,2,300.14,2.95,D,0,VIIRS_NOAA20_SP
25.87813,76.55058,332.19,0.55,0.43,2023-10-19,742,N20,VIIRS,l,2,304.07,4.71,D,0,VIIRS_NOAA20_SP
25.8813,76.5526,335.98,0.55,0.43,2023-10-19,742,N20,VIIRS,n,2,303.94,6.32,D,0,VIIRS_NOAA20_SP
25.88895,81.86751,333.43,0.38,0.36,2023-10-19,742,N20,VIIRS,n,2,302.94,2.5,D,0,VIIRS_NOAA20_SP
25.89223,78.4741,338.59,0.45,0.39,2023-10-19,742,N20,VIIRS,n,2,308.04,7.97,D,0,VIIRS_NOAA20_SP
25.89744,77.76707,330.18,0.48,0.4,2023-10-19,742,N20,VIIRS,n,2,304.31,1.91,D,0,VIIRS_NOAA20_SP
25.92052,76.85189,335.64,0.53,0.42,2023-10-19,742,N20,VIIRS,n,2,306.18,3.46,D,0,VIIRS_NOAA20_SP
25.92256,78.56391,334.29,0.44,0.38,2023-10-19,742,N20,VIIRS,n,2,303.79,3.15,D,0,VIIRS_NOAA20_SP
25.92378,78.55013,347.27,0.44,0.39,2023-10-19,742,N20,VIIRS,n,2,306.28,11.07,D,0,VIIRS_NOAA20_SP
25.93049,78.38057,347.28,0.45,0.39,2023-10-19,742,N20,VIIRS,n,2,306.63,5.62,D,0,VIIRS_NOAA20_SP
25.93288,78.6022,333.12,0.44,0.38,2023-10-19,742,N20,VIIRS,l,2,303.87,3.83,D,0,VIIRS_NOAA20_SP
25.9367,78.52031,332.03,0.44,0.39,2023-10-19,742,N20,VIIRS,l,2,305.04,2.38,D,0,VIIRS_NOAA20_SP
25.9606,81.55351,334.01,0.38,0.36,2023-10-19,742,N20,VIIRS,n,2,301.84,2.2,D,0,VIIRS_NOAA20_SP
25.96678,79.01759,331.87,0.43,0.38,2023-10-19,742,N20,VIIRS,n,2,305.09,1.33,D,0,VIIRS_NOAA20_SP
25.98597,76.74168,334.92,0.53,0.42,2023-10-19,742,N20,VIIRS,n,2,306.97,3.17,D,0,VIIRS_NOAA20_SP
25.98978,76.74082,335.78,0.53,0.42,2023-10-19,742,N20,VIIRS,n,2,307.5,5.67,D,0,VIIRS_NOAA20_SP
26.01516,78.99534,339.29,0.43,0.38,2023-10-19,742,N20,VIIRS,n,2,305.6,4.29,D,0,VIIRS_NOAA20_SP
26.01536,75.24581,332.05,0.43,0.46,2023-10-19,742,N20,VIIRS,l,2,306.83,1.52,D,0,VIIRS_NOAA20_SP
26.01587,78.99953,333.09,0.43,0.38,2023-10-19,742,N20,VIIRS,l,2,303.77,4.29,D,0,VIIRS_NOAA20_SP
26.03622,76.72237,336.13,0.53,0.42,2023-10-19,742,N20,VIIRS,n,2,306.71,3.27,D,0,VIIRS_NOAA20_SP
26.03975,78.35902,339.78,0.45,0.39,2023-10-19,742,N20,VIIRS,n,2,306.99,8.21,D,0,VIIRS_NOAA20_SP
26.07413,79.55675,351.79,0.41,0.37,2023-10-19,742,N20,VIIRS,n,2,305.52,3.56,D,0,VIIRS_NOAA20_SP
26.0748,79.56078,344.43,0.41,0.37,2023-10-19,742,N20,VIIRS,n,2,307.73,6.43,D,0,VIIRS_NOAA20_SP
26.07751,79.55605,337.71,0.41,0.37,2023-10-19,742,N20,VIIRS,n,2,305.51,3.56,D,0,VIIRS_NOAA20_SP
26.08617,78.85523,335.15,0.43,0.38,2023-10-19,742,N20,VIIRS,n,2,307.67,2.86,D,0,VIIRS_NOAA20_SP
26.09507,78.69889,333.98,0.43,0.38,2023-10-19,742,N20,VIIRS,n,2,307.23,3.7,D,0,VIIRS_NOAA20_SP
26.09581,78.70319,330.18,0.43,0.38,2023-10-19,742,N20,VIIRS,l,2,304.15,3.7,D,0,VIIRS_NOAA20_SP
26.11283,79.34357,333.71,0.41,0.37,2023-10-19,742,N20,VIIRS,l,2,308.55,1.95,D,0,VIIRS_NOAA20_SP
26.12075,79.15887,332.83,0.42,0.38,2023-10-19,742,N20,VIIRS,l,2,303.7,10.6,D,0,VIIRS_NOAA20_SP
26.20762,79.25725,331.28,0.42,0.37,2023-10-19,742,N20,VIIRS,n,2,305.53,2.34,D,0,VIIRS_NOAA20_SP
26.21584,68.13016,348.66,0.57,0.69,2023-10-19,742,N20,VIIRS,n,2,295.34,5.47,D,0,VIIRS_NOAA20_SP
26.21906,68.1284,339.22,0.57,0.69,2023-10-19,742,N20,VIIRS,n,2,294.71,5.96,D,0,VIIRS_NOAA20_SP
26.26471,78.16517,332.94,0.45,0.39,2023-10-19,742,N20,VIIRS,l,2,306.41,3.57,D,0,VIIRS_NOAA20_SP
26.27386,77.51182,335.95,0.48,0.4,2023-10-19,742,N20,VIIRS,n,2,303.73,3.24,D,0,VIIRS_NOAA20_SP
26.28044,77.36276,332.42,0.49,0.4,2023-10-19,742,N20,VIIRS,l,2,304.89,1.74,D,0,VIIRS_NOAA20_SP
26.50134,80.54142,332.94,0.39,0.36,2023-10-19,742,N20,VIIRS,n,2,306.41,1.43,D,0,VIIRS_NOAA20_SP
26.53834,78.71536,338.56,0.43,0.38,2023-10-19,742,N20,VIIRS,n,2,307.05,8.4,D,0,VIIRS_NOAA20_SP
26.5513,78.45074,331.68,0.44,0.38,2023-10-19,742,N20,VIIRS,l,2,306.5,3.02,D,0,VIIRS_NOAA20_SP
26.55388,78.44905,336.12,0.44,0.38,2023-10-19,742,N20,VIIRS,n,2,307.46,2.8,D,0,VIIRS_NOAA20_SP
26.67612,79.19691,334.91,0.41,0.37,2023-10-19,742,N20,VIIRS,n,2,301.93,1.78,D,0,VIIRS_NOAA20_SP
26.67921,82.20606,337.24,0.39,0.36,2023-10-19,742,N20,VIIRS,n,2,301.88,4.37,D,0,VIIRS_NOAA20_SP
26.68433,80.90621,333.57,0.39,0.36,2023-10-19,742,N20,VIIRS,l,2,305.33,2.03,D,0,VIIRS_NOAA20_SP
26.74253,81.41946,331.78,0.38,0.36,2023-10-19,742,N20,VIIRS,n,2,303.53,1.24,D,0,VIIRS_NOAA20_SP
26.76693,81.31247,330.8,0.38,0.36,2023-10-19,742,N20,VIIRS,n,2,302.9,1.03,D,0,VIIRS_NOAA20_SP
26.8085,81.24948,335.04,0.38,0.36,2023-10-19,742,N20,VIIRS,n,2,303.93,2.26,D,0,VIIRS_NOAA20_SP
26.8153,81.33884,332.96,0.38,0.36,2023-10-19,742,N20,VIIRS,n,2,303.66,3.13,D,0,VIIRS_NOAA20_SP
26.87473,85.0686,333.73,0.47,0.4,2023-10-19,742,N20,VIIRS,n,2,301.39,3.27,D,0,VIIRS_NOAA20_SP
26.9293,81.30595,333.5,0.38,0.36,2023-10-19,742,N20,VIIRS,n,2,303.43,1.94,D,0,VIIRS_NOAA20_SP
27.17519,79.96316,346.71,0.39,0.36,2023-10-19,742,N20,VIIRS,n,2,304.86,7.73,D,0,VIIRS_NOAA20_SP
27.24917,81.19777,336.36,0.38,0.36,2023-10-19,742,N20,VIIRS,n,2,304.76,1.48,D,0,VIIRS_NOAA20_SP
27.30186,79.48681,331.08,0.4,0.37,2023-10-19,742,N20,VIIRS,l,2,303.85,1.55,D,0,VIIRS_NOAA20_SP
27.55847,77.46442,330.08,0.47,0.4,2023-10-19,742,N20,VIIRS,l,2,302.11,1.64,D,0,VIIRS_NOAA20_SP
27.56232,77.44411,337.05,0.47,0.4,2023-10-19,742,N20,VIIRS,n,2,302.91,4.82,D,0,VIIRS_NOAA20_SP
27.57032,77.44716,333.26,0.47,0.4,2023-10-19,742,N20,VIIRS,l,2,303.61,2.89,D,0,VIIRS_NOAA20_SP
27.58892,77.43956,332.41,0.47,0.4,2023-10-19,742,N20,VIIRS,l,2,303.32,1.91,D,0,VIIRS_NOAA20_SP
27.66218,75.54401,331.9,0.39,0.44,2023-10-19,742,N20,VIIRS,n,2,304.03,1.22,D,0,VIIRS_NOAA20_SP
27.66402,75.54039,340.2,0.39,0.44,2023-10-19,742,N20,VIIRS,n,2,303.85,4.44,D,0,VIIRS_NOAA20_SP
27.68079,81.65351,334.91,0.39,0.36,2023-10-19,742,N20,VIIRS,n,2,303.69,2.51,D,0,VIIRS_NOAA20_SP
27.88032,96.07635,333.55,0.73,0.76,2023-10-19,742,N20,VIIRS,n,2,288.81,4.59,D,0,VIIRS_NOAA20_SP
27.92506,77.44201,332.77,0.46,0.39,2023-10-19,742,N20,VIIRS,n,2,303.64,2.74,D,0,VIIRS_NOAA20_SP
27.94611,77.6979,341.56,0.45,0.39,2023-10-19,742,N20,VIIRS,n,2,304.41,3.43,D,0,VIIRS_NOAA20_SP
28.00008,96.60746,325.65,0.8,0.78,2023-10-19,742,N20,VIIRS,n,2,288.87,8.2,D,0,VIIRS_NOAA20_SP
28.00763,78.82298,338.7,0.41,0.37,2023-10-19,742,N20,VIIRS,n,2,302.97,1.6,D,0,VIIRS_NOAA20_SP
28.01033,78.8181,341.66,0.41,0.37,2023-10-19,742,N20,VIIRS,n,2,304.17,3.31,D,0,VIIRS_NOAA20_SP
28.01372,78.81738,343.45,0.41,0.37,2023-10-19,742,N20,VIIRS,n,2,303.17,3.31,D,0,VIIRS_NOAA20_SP
28.01441,78.82153,339.61,0.41,0.37,2023-10-19,742,N20,VIIRS,n,2,302.85,3.98,D,0,VIIRS_NOAA20_SP
28.01849,78.82495,335.88,0.41,0.37,2023-10-19,742,N20,VIIRS,n,2,302.45,0.98,D,0,VIIRS_NOAA20_SP
28.03787,78.79184,347.09,0.41,0.37,2023-10-19,742,N20,VIIRS,n,2,304.31,3.48,D,0,VIIRS_NOAA20_SP
28.04755,77.6955,332.75,0.45,0.39,2023-10-19,742,N20,VIIRS,n,2,302.1,1.22,D,0,VIIRS_NOAA20_SP
28.08252,77.39878,335.58,0.46,0.39,2023-10-19,742,N20,VIIRS,n,2,300.86,3.44,D,0,VIIRS_NOAA20_SP
28.08588,77.70762,336.94,0.45,0.39,2023-10-19,742,N20,VIIRS,n,2,301.81,3.27,D,0,VIIRS_NOAA20_SP
28.10295,77.5763,345.13,0.46,0.39,2023-10-19,742,N20,VIIRS,n,2,307.16,12.86,D,0,VIIRS_NOAA20_SP
28.13251,77.29612,340.68,0.47,0.4,2023-10-19,742,N20,VIIRS,n,2,304.86,9.75,D,0,VIIRS_NOAA20_SP
28.20915,77.31982,339.52,0.47,0.39,2023-10-19,742,N20,VIIRS,n,2,301.86,4.51,D,0,VIIRS_NOAA20_SP
28.21157,77.32185,333.93,0.47,0.39,2023-10-19,742,N20,VIIRS,n,2,303.16,3.3,D,0,VIIRS_NOAA20_SP
28.2231,79.95741,335.54,0.39,0.36,2023-10-19,742,N20,VIIRS,n,2,303.63,4.62,D,0,VIIRS_NOAA20_SP
28.37505,80.12132,332.07,0.39,0.36,2023-10-19,742,N20,VIIRS,n,2,301.63,2.41,D,0,VIIRS_NOAA20_SP
28.3804,80.1768,338.87,0.39,0.36,2023-10-19,742,N20,VIIRS,n,2,303.96,5.82,D,0,VIIRS_NOAA20_SP
28.38617,80.06245,331.71,0.39,0.36,2023-10-19,742,N20,VIIRS,n,2,301.0,1.94,D,0,VIIRS_NOAA20_SP
28.56966,77.10609,338.25,0.47,0.4,2023-10-19,742,N20,VIIRS,n,2,304.47,4.39,D,0,VIIRS_NOAA20_SP
28.57483,80.02844,333.1,0.39,0.36,2023-10-19,742,N20,VIIRS,n,2,303.2,3.17,D,0,VIIRS_NOAA20_SP
28.57656,79.15168,333.85,0.4,0.37,2023-10-19,742,N20,VIIRS,n,2,302.6,3.31,D,0,VIIRS_NOAA20_SP
28.67538,79.65379,332.98,0.39,0.36,2023-10-19,742,N20,VIIRS,l,2,303.92,2.89,D,0,VIIRS_NOAA20_SP
28.78726,79.9293,329.51,0.39,0.36,2023-10-19,742,N20,VIIRS,l,2,303.3,2.42,D,0,VIIRS_NOAA20_SP
28.83552,79.9113,340.15,0.39,0.36,2023-10-19,742,N20,VIIRS,n,2,306.33,4.59,D,0,VIIRS_NOAA20_SP
28.83819,79.90669,341.2,0.39,0.36,2023-10-19,742,N20,VIIRS,n,2,306.77,3.22,D,0,VIIRS_NOAA20_SP
28.83873,79.84547,337.58,0.39,0.36,2023-10-19,742,N20,VIIRS,n,2,306.2,7.28,D,0,VIIRS_NOAA20_SP
28.85407,79.89937,338.01,0.39,0.36,2023-10-19,742,N20,VIIRS,n,2,304.9,6.39,D,0,VIIRS_NOAA20_SP
28.85649,79.84998,343.82,0.39,0.36,2023-10-19,742,N20,VIIRS,n,2,308.29,12.51,D,0,VIIRS_NOAA20_SP
28.86975,79.84789,334.24,0.39,0.36,2023-10-19,742,N20,VIIRS,n,2,304.25,2.39,D,0,VIIRS_NOAA20_SP
28.86986,79.74168,332.11,0.39,0.36,2023-10-19,742,N20,VIIRS,l,2,302.53,1.99,D,0,VIIRS_NOAA20_SP
28.87115,79.64306,329.7,0.39,0.36,2023-10-19,742,N20,VIIRS,l,2,304.6,2.76,D,0,VIIRS_NOAA20_SP
28.88183,79.90245,342.34,0.39,0.36,2023-10-19,742,N20,VIIRS,n,2,304.84,3.48,D,0,VIIRS_NOAA20_SP
28.88484,79.85703,333.45,0.39,0.36,2023-10-19,742,N20,VIIRS,l,2,304.72,2.51,D,0,VIIRS_NOAA20_SP
28.88702,79.74224,333.18,0.39,0.36,2023-10-19,742,N20,VIIRS,n,2,303.81,2.12,D,0,VIIRS_NOAA20_SP
28.89174,79.72899,334.17,0.39,0.36,2023-10-19,742,N20,VIIRS,n,2,304.87,3.68,D,0,VIIRS_NOAA20_SP
28.893,79.73692,347.14,0.39,0.36,2023-10-19,742,N20,VIIRS,n,2,305.03,4.83,D,0,VIIRS_NOAA20_SP
28.89753,79.91553,330.37,0.39,0.36,2023-10-19,742,N20,VIIRS,n,2,302.54,1.87,D,0,VIIRS_NOAA20_SP
28.90102,79.72298,330.74,0.39,0.36,2023-10-19,742,N20,VIIRS,l,2,303.59,1.51,D,0,VIIRS_NOAA20_SP
28.90137,79.44722,334.53,0.39,0.37,2023-10-19,742,N20,VIIRS,n,2,304.69,3.25,D,0,VIIRS_NOAA20_SP
28.90229,79.73091,335.06,0.39,0.36,2023-10-19,742,N20,VIIRS,n,2,305.09,3.29,D,0,VIIRS_NOAA20_SP
28.90323,79.44308,332.44,0.39,0.37,2023-10-19,742,N20,VIIRS,l,2,305.98,3.51,D,0,VIIRS_NOAA20_SP
28.90388,79.44709,334.61,0.39,0.37,2023-10-19,742,N20,VIIRS,n,2,305.03,4.16,D,0,VIIRS_NOAA20_SP
28.90576,79.79561,334.04,0.39,0.36,2023-10-19,742,N20,VIIRS,l,2,306.11,3.03,D,0,VIIRS_NOAA20_SP
28.91045,79.46639,333.26,0.39,0.36,2023-10-19,742,N20,VIIRS,n,2,302.01,2.02,D,0,VIIRS_NOAA20_SP
28.91237,79.79425,341.44,0.39,0.36,2023-10-19,742,N20,VIIRS,n,2,307.79,4.8,D,0,VIIRS_NOAA20_SP
28.91284,79.73283,335.34,0.39,0.36,2023-10-19,742,N20,VIIRS,n,2,304.52,2.48,D,0,VIIRS_NOAA20_SP
28.92178,79.45163,333.74,0.39,0.37,2023-10-19,742,N20,VIIRS,n,2,305.69,2.97,D,0,VIIRS_NOAA20_SP
28.92243,79.45563,336.17,0.39,0.36,2023-10-19,742,N20,VIIRS,n,2,304.31,2.97,D,0,VIIRS_NOAA20_SP
28.93173,79.76575,346.46,0.39,0.36,2023-10-19,742,N20,VIIRS,n,2,306.58,7.57,D,0,VIIRS_NOAA20_SP
28.93463,79.89166,334.26,0.39,0.36,2023-10-19,742,N20,VIIRS,l,2,306.07,3.19,D,0,VIIRS_NOAA20_SP
28.93771,79.76043,332.89,0.39,0.36,2023-10-19,742,N20,VIIRS,l,2,304.01,2.39,D,0,VIIRS_NOAA20_SP
28.94229,79.9186,336.53,0.39,0.36,2023-10-19,742,N20,VIIRS,n,2,304.03,2.57,D,0,VIIRS_NOAA20_SP
28.94273,79.7921,329.11,0.39,0.36,2023-10-19,742,N20,VIIRS,n,2,303.39,1.58,D,0,VIIRS_NOAA20_SP
28.94372,79.9061,337.15,0.39,0.36,2023-10-19,742,N20,VIIRS,n,2,304.16,1.87,D,0,VIIRS_NOAA20_SP
28.94658,79.88107,334.76,0.39,0.36,2023-10-19,742,N20,VIIRS,n,2,305.77,2.99,D,0,VIIRS_NOAA20_SP
28.94934,79.79074,329.77,0.39,0.36,2023-10-19,742,N20,VIIRS,n,2,303.99,2.21,D,0,VIIRS_NOAA20_SP
28.95467,79.93235,330.37,0.39,0.36,2023-10-19,742,N20,VIIRS,l,2,304.47,2.66,D,0,VIIRS_NOAA20_SP
28.95505,79.89156,335.02,0.39,0.36,2023-10-19,742,N20,VIIRS,l,2,305.47,2.92,D,0,VIIRS_NOAA20_SP
28.95545,79.49006,333.82,0.39,0.36,2023-10-19,742,N20,VIIRS,n,2,303.02,2.71,D,0,VIIRS_NOAA20_SP
28.96092,79.80092,342.67,0.39,0.36,2023-10-19,742,N20,VIIRS,n,2,304.76,4.21,D,0,VIIRS_NOAA20_SP
28.96972,79.77052,334.35,0.39,0.36,2023-10-19,742,N20,VIIRS,n,2,303.76,2.64,D,0,VIIRS_NOAA20_SP
28.97279,79.89608,332.61,0.39,0.36,2023-10-19,742,N20,VIIRS,l,2,305.0,3.51,D,0,VIIRS_NOAA20_SP
28.97341,79.90002,331.05,0.39,0.36,2023-10-19,742,N20,VIIRS,l,2,303.57,2.87,D,0,VIIRS_NOAA20_SP
28.97838,79.93158,327.95,0.39,0.36,2023-10-19,742,N20,VIIRS,l,2,302.78,0.91,D,0,VIIRS_NOAA20_SP
29.0029,79.74324,331.01,0.39,0.36,2023-10-19,742,N20,VIIRS,n,2,300.79,5.11,D,0,VIIRS_NOAA20_SP
29.59812,82.68812,332.78,0.41,0.37,2023-10-19,742,N20,VIIRS,n,2,292.46,7.67,D,0,VIIRS_NOAA20_SP
27.68375,69.58451,333.2,0.43,0.62,2023-10-19,743,N20,VIIRS,n,2,297.4,4.69,D,0,VIIRS_NOAA20_SP
27.68636,69.58112,336.43,0.43,0.62,2023-10-19,743,N20,VIIRS,n,2,296.37,2.33,D,0,VIIRS_NOAA20_SP
29.03696,70.58405,338.86,0.35,0.57,2023-10-19,743,N20,VIIRS,n,2,296.02,1.35,D,0,VIIRS_NOAA20_SP
29.22717,75.36302,332.9,0.56,0.43,2023-10-19,743,N20,VIIRS,n,2,304.11,3.06,D,0,VIIRS_NOAA20_SP
29.24278,76.10475,332.44,0.51,0.41,2023-10-19,743,N20,VIIRS,n,2,299.45,4.2,D,0,VIIRS_NOAA20_SP
29.24375,75.47005,337.18,0.55,0.43,2023-10-19,743,N20,VIIRS,n,2,304.82,4.99,D,0,VIIRS_NOAA20_SP
29.40094,76.19823,330.05,0.5,0.41,2023-10-19,743,N20,VIIRS,n,2,301.1,2.14,D,0,VIIRS_NOAA20_SP
29.42242,70.49297,340.86,0.35,0.57,2023-10-19,743,N20,VIIRS,n,2,298.67,2.56,D,0,VIIRS_NOAA20_SP
29.4478,70.45374,336.9,0.35,0.57,2023-10-19,743,N20,VIIRS,n,2,299.52,2.1,D,0,VIIRS_NOAA20_SP
29.45292,76.09742,332.23,0.51,0.41,2023-10-19,743,N20,VIIRS,n,2,300.58,2.94,D,0,VIIRS_NOAA20_SP
29.45523,75.63617,333.33,0.53,0.42,2023-10-19,743,N20,VIIRS,n,2,300.05,6.67,D,0,VIIRS_NOAA20_SP
29.47885,75.94467,333.09,0.52,0.41,2023-10-19,743,N20,VIIRS,n,2,301.55,5.36,D,0,VIIRS_NOAA20_SP
29.48851,76.63428,330.61,0.48,0.4,2023-10-19,743,N20,VIIRS,n,2,300.73,2.81,D,0,VIIRS_NOAA20_SP
29.48965,76.02364,340.49,0.51,0.41,2023-10-19,743,N20,VIIRS,n,2,302.91,6.47,D,0,VIIRS_NOAA20_SP
29.49137,70.36137,344.58,0.35,0.57,2023-10-19,743,N20,VIIRS,n,2,297.49,3.92,D,0,VIIRS_NOAA20_SP
29.49138,74.4299,340.06,0.41,0.45,2023-10-19,743,N20,VIIRS,n,2,298.88,12.58,D,0,VIIRS_NOAA20_SP
29.50464,76.04161,335.9,0.51,0.41,2023-10-19,743,N20,VIIRS,n,2,303.09,5.77,D,0,VIIRS_NOAA20_SP
29.50595,76.04375,332.05,0.51,0.41,2023-10-19,743,N20,VIIRS,n,2,301.89,3.45,D,0,VIIRS_NOAA20_SP
29.51048,75.31441,335.65,0.55,0.43,2023-10-19,743,N20,VIIRS,n,2,298.82,6.89,D,0,VIIRS_NOAA20_SP
29.51423,70.86898,330.07,0.33,0.55,2023-10-19,743,N20,VIIRS,n,2,295.39,1.33,D,0,VIIRS_NOAA20_SP
29.51551,76.20496,340.79,0.5,0.41,2023-10-19,743,N20,VIIRS,n,2,302.37,5.93,D,0,VIIRS_NOAA20_SP
29.53036,76.24369,334.67,0.5,0.41,2023-10-19,743,N20,VIIRS,n,2,298.86,8.3,D,0,VIIRS_NOAA20_SP
29.54841,76.00088,338.13,0.51,0.41,2023-10-19,743,N20,VIIRS,n,2,300.39,4.09,D,0,VIIRS_NOAA20_SP
29.56708,76.40229,339.79,0.49,0.4,2023-10-19,743,N20,VIIRS,n,2,302.36,6.2,D,0,VIIRS_NOAA20_SP
29.57545,76.14479,339.4,0.5,0.41,2023-10-19,743,N20,VIIRS,n,2,300.6,8.24,D,0,VIIRS_NOAA20_SP
29.60285,75.26595,335.78,0.56,0.43,2023-10-19,743,N20,VIIRS,n,2,303.52,39.75,D,0,VIIRS_NOAA20_SP
29.62245,75.77169,342.59,0.52,0.42,2023-10-19,743,N20,VIIRS,n,2,302.03,7.71,D,0,VIIRS_NOAA20_SP
29.63594,76.36697,333.53,0.49,0.4,2023-10-19,743,N20,VIIRS,n,2,299.52,7.46,D,0,VIIRS_NOAA20_SP
29.63915,75.28617,334.75,0.55,0.43,2023-10-19,743,N20,VIIRS,n,2,300.3,9.05,D,0,VIIRS_NOAA20_SP
29.63959,76.36608,347.04,0.49,0.4,2023-10-19,743,N20,VIIRS,n,2,300.95,7.46,D,0,VIIRS_NOAA20_SP
29.66146,75.19187,336.19,0.56,0.43,2023-10-19,743,N20,VIIRS,n,2,299.79,4.95,D,0,VIIRS_NOAA20_SP
29.66632,71.76923,339.19,0.58,0.52,2023-10-19,743,N20,VIIRS,n,2,295.24,4.94,D,0,VIIRS_NOAA20_SP
29.6667,76.55508,332.32,0.48,0.4,2023-10-19,743,N20,VIIRS,n,2,300.63,3.12,D,0,VIIRS_NOAA20_SP
29.67242,76.39963,345.4,0.49,0.4,2023-10-19,743,N20,VIIRS,n,2,300.12,9.54,D,0,VIIRS_NOAA20_SP
29.71267,76.04436,338.61,0.51,0.41,2023-10-19,743,N20,VIIRS,n,2,303.76,16.77,D,0,VIIRS_NOAA20_SP
29.72345,78.05185,335.64,0.42,0.38,2023-10-19,743,N20,VIIRS,n,2,304.36,9.69,D,0,VIIRS_NOAA20_SP
29.73782,77.92774,338.02,0.42,0.38,2023-10-19,743,N20,VIIRS,n,2,302.84,4.49,D,0,VIIRS_NOAA20_SP
29.73855,77.93206,354.11,0.42,0.38,2023-10-19,743,N20,VIIRS,n,2,306.24,13.71,D,0,VIIRS_NOAA20_SP
29.74107,77.93265,346.28,0.42,0.38,2023-10-19,743,N20,VIIRS,n,2,302.23,2.92,D,0,VIIRS_NOAA20_SP
29.75932,76.50448,330.77,0.48,0.4,2023-10-19,743,N20,VIIRS,n,2,300.13,2.71,D,0,VIIRS_NOAA20_SP
29.80788,76.00811,335.26,0.51,0.41,2023-10-19,743,N20,VIIRS,n,2,300.66,4.48,D,0,VIIRS_NOAA20_SP
29.80977,75.22155,330.39,0.55,0.43,2023-10-19,743,N20,VIIRS,n,2,299.17,3.53,D,0,VIIRS_NOAA20_SP
29.83352,76.16717,333.07,0.5,0.41,2023-10-19,743,N20,VIIRS,n,2,300.32,3.13,D,0,VIIRS_NOAA20_SP
29.84832,76.20574,331.19,0.5,0.41,2023-10-19,743,N20,VIIRS,n,2,301.14,3.82,D,0,VIIRS_NOAA20_SP
29.85113,76.24183,347.94,0.49,0.41,2023-10-19,743,N20,VIIRS,n,2,304.14,21.65,D,0,VIIRS_NOAA20_SP
29.85851,76.30273,332.06,0.49,0.4,2023-10-19,743,N20,VIIRS,n,2,300.73,3.58,D,0,VIIRS_NOAA20_SP
29.92118,75.94518,335.98,0.51,0.41,2023-10-19,743,N20,VIIRS,n,2,297.6,5.03,D,0,VIIRS_NOAA20_SP
29.92165,76.25855,333.15,0.49,0.4,2023-10-19,743,N20,VIIRS,n,2,301.45,4.91,D,0,VIIRS_NOAA20_SP
29.94008,78.10281,327.33,0.42,0.37,2023-10-19,743,N20,VIIRS,l,2,302.27,1.63,D,0,VIIRS_NOAA20_SP
29.94102,76.36289,330.76,0.49,0.4,2023-10-19,743,N20,VIIRS,l,2,300.77,3.24,D,0,VIIRS_NOAA20_SP
29.95003,76.28811,335.17,0.49,0.4,2023-10-19,743,N20,VIIRS,n,2,302.19,9.07,D,0,VIIRS_NOAA20_SP
29.95141,76.08784,332.85,0.5,0.41,2023-10-19,743,N20,VIIRS,n,2,298.5,3.58,D,0,VIIRS_NOAA20_SP
29.95286,76.08537,331.72,0.5,0.41,2023-10-19,743,N20,VIIRS,n,2,298.97,3.23,D,0,VIIRS_NOAA20_SP
29.99769,75.68527,331.16,0.52,0.42,2023-10-19,743,N20,VIIRS,n,2,298.79,6.29,D,0,VIIRS_NOAA20_SP
29.99772,75.68301,343.66,0.52,0.42,2023-10-19,743,N20,VIIRS,n,2,299.2,9.33,D,0,VIIRS_NOAA20_SP
30.01912,70.02345,338.84,0.36,0.58,2023-10-19,743,N20,VIIRS,n,2,298.69,3.72,D,0,VIIRS_NOAA20_SP
30.02629,76.25163,331.01,0.49,0.4,2023-10-19,743,N20,VIIRS,n,2,300.06,2.77,D,0,VIIRS_NOAA20_SP
30.03897,76.58904,328.91,0.47,0.4,2023-10-19,743,N20,VIIRS,n,2,301.62,1.79,D,0,VIIRS_NOAA20_SP
30.04467,76.68293,340.5,0.47,0.4,2023-10-19,743,N20,VIIRS,n,2,302.87,6.51,D,0,VIIRS_NOAA20_SP
30.05048,77.24797,332.02,0.45,0.39,2023-10-19,743,N20,VIIRS,n,2,299.98,2.65,D,0,VIIRS_NOAA20_SP
30.06867,77.66228,335.55,0.43,0.38,2023-10-19,743,N20,VIIRS,n,2,301.86,7.63,D,0,VIIRS_NOAA20_SP
30.06903,77.72604,336.07,0.43,0.38,2023-10-19,743,N20,VIIRS,n,2,301.14,4.17,D,0,VIIRS_NOAA20_SP
30.07288,77.66589,338.2,0.43,0.38,2023-10-19,743,N20,VIIRS,n,2,301.19,2.88,D,0,VIIRS_NOAA20_SP
30.07322,77.72963,355.95,0.43,0.38,2023-10-19,743,N20,VIIRS,l,2,303.26,4.17,D,0,VIIRS_NOAA20_SP
30.07364,77.67028,340.8,0.43,0.38,2023-10-19,743,N20,VIIRS,n,2,301.7,3.77,D,0,VIIRS_NOAA20_SP
30.07666,77.72885,344.77,0.43,0.38,2023-10-19,743,N20,VIIRS,n,2,302.87,6.63,D,0,VIIRS_NOAA20_SP
30.07743,77.73322,340.74,0.43,0.38,2023-10-19,743,N20,VIIRS,n,2,301.02,4.71,D,0,VIIRS_NOAA20_SP
30.08864,71.50645,337.47,0.59,0.53,2023-10-19,743,N20,VIIRS,n,2,295.15,4.52,D,0,VIIRS_NOAA20_SP
30.12263,70.61386,341.11,0.33,0.55,2023-10-19,743,N20,VIIRS,n,2,296.21,3.07,D,0,VIIRS_NOAA20_SP
30.13024,77.12148,333.32,0.45,0.39,2023-10-19,743,N20,VIIRS,n,2,299.52,2.33,D,0,VIIRS_NOAA20_SP
30.13206,71.54406,340.64,0.59,0.52,2023-10-19,743,N20,VIIRS,n,2,296.35,8.66,D,0,VIIRS_NOAA20_SP
30.13209,71.54301,339.37,0.58,0.52,2023-10-19,743,N20,VIIRS,n,2,296.22,5.35,D,0,VIIRS_NOAA20_SP
30.16546,73.11159,339.53,0.47,0.48,2023-10-19,743,N20,VIIRS,n,2,296.04,4.47,D,0,VIIRS_NOAA20_SP
30.18039,76.08727,329.41,0.5,0.41,2023-10-19,743,N20,VIIRS,n,2,298.95,4.1,D,0,VIIRS_NOAA20_SP
30.18226,76.089,328.66,0.5,0.41,2023-10-19,743,N20,VIIRS,n,2,298.74,3.26,D,0,VIIRS_NOAA20_SP
30.18671,70.61909,355.24,0.33,0.55,2023-10-19,743,N20,VIIRS,n,2,296.27,5.13,D,0,VIIRS_NOAA20_SP
30.19654,72.74182,330.59,0.5,0.49,2023-10-19,743,N20,VIIRS,n,2,295.26,2.54,D,0,VIIRS_NOAA20_SP
30.22396,76.17646,332.95,0.49,0.4,2023-10-19,743,N20,VIIRS,n,2,299.03,3.07,D,0,VIIRS_NOAA20_SP
30.23051,76.86903,330.77,0.46,0.39,2023-10-19,743,N20,VIIRS,n,2,299.83,2.47,D,0,VIIRS_NOAA20_SP
30.23882,76.25615,334.19,0.49,0.4,2023-10-19,743,N20,VIIRS,n,2,300.18,3.84,D,0,VIIRS_NOAA20_SP
30.27893,72.69975,343.93,0.5,0.49,2023-10-19,743,N20,VIIRS,n,2,296.31,6.52,D,0,VIIRS_NOAA20_SP
30.29051,76.45392,334.82,0.48,0.4,2023-10-19,743,N20,VIIRS,n,2,301.03,4.55,D,0,VIIRS_NOAA20_SP
30.3186,76.0558,328.5,0.49,0.41,2023-10-19,743,N20,VIIRS,n,2,298.05,1.27,D,0,VIIRS_NOAA20_SP
30.33079,73.37189,339.97,0.45,0.47,2023-10-19,743,N20,VIIRS,n,2,297.86,7.38,D,0,VIIRS_NOAA20_SP
30.34435,76.07054,329.17,0.49,0.41,2023-10-19,743,N20,VIIRS,n,2,302.34,5.79,D,0,VIIRS_NOAA20_SP
30.34529,76.07558,331.54,0.49,0.41,2023-10-19,743,N20,VIIRS,n,2,300.02,5.79,D,0,VIIRS_NOAA20_SP
30.37405,76.93428,333.82,0.45,0.39,2023-10-19,743,N20,VIIRS,n,2,301.35,3.1,D,0,VIIRS_NOAA20_SP
30.42146,73.34363,346.53,0.45,0.47,2023-10-19,743,N20,VIIRS,n,2,298.45,6.91,D,0,VIIRS_NOAA20_SP
30.42808,73.66996,354.38,0.44,0.46,2023-10-19,743,N20,VIIRS,n,2,299.32,8.96,D,0,VIIRS_NOAA20_SP
30.45041,73.1827,334.76,0.46,0.47,2023-10-19,743,N20,VIIRS,n,2,296.3,3.06,D,0,VIIRS_NOAA20_SP
30.45373,76.52254,328.49,0.47,0.4,2023-10-19,743,N20,VIIRS,l,2,299.85,2.04,D,0,VIIRS_NOAA20_SP
30.47124,76.82539,330.53,0.46,0.39,2023-10-19,743,N20,VIIRS,n,2,303.1,4.27,D,0,VIIRS_NOAA20_SP
30.47208,76.83007,327.64,0.46,0.39,2023-10-19,743,N20,VIIRS,n,2,302.63,3.2,D,0,VIIRS_NOAA20_SP
30.47664,73.30874,341.19,0.46,0.47,2023-10-19,743,N20,VIIRS,n,2,296.71,4.85,D,0,VIIRS_NOAA20_SP
30.49844,77.78214,336.16,0.42,0.38,2023-10-19,743,N20,VIIRS,n,2,302.08,2.86,D,0,VIIRS_NOAA20_SP
30.4992,77.78648,355.11,0.42,0.38,2023-10-19,743,N20,VIIRS,l,2,301.97,8.22,D,0,VIIRS_NOAA20_SP
30.51715,76.49464,330.84,0.47,0.4,2023-10-19,743,N20,VIIRS,n,2,299.79,3.65,D,0,VIIRS_NOAA20_SP
30.52353,73.34684,331.95,0.45,0.47,2023-10-19,743,N20,VIIRS,n,2,297.45,3.43,D,0,VIIRS_NOAA20_SP
30.52896,73.73205,337.91,0.43,0.46,2023-10-19,743,N20,VIIRS,n,2,298.05,4.33,D,0,VIIRS_NOAA20_SP
30.53063,76.95192,329.85,0.45,0.39,2023-10-19,743,N20,VIIRS,n,2,301.46,1.93,D,0,VIIRS_NOAA20_SP
30.53685,76.94563,329.05,0.45,0.39,2023-10-19,743,N20,VIIRS,n,2,301.07,1.98,D,0,VIIRS_NOAA20_SP
30.5442,73.80611,332.52,0.43,0.46,2023-10-19,743,N20,VIIRS,n,2,298.43,2.54,D,0,VIIRS_NOAA20_SP
30.54758,73.75925,345.03,0.43,0.46,2023-10-19,743,N20,VIIRS,n,2,299.94,5.59,D,0,VIIRS_NOAA20_SP
30.59169,70.84877,336.8,0.63,0.54,2023-10-19,743,N20,VIIRS,n,2,294.32,3.48,D,0,VIIRS_NOAA20_SP
30.60232,76.60611,329.69,0.46,0.39,2023-10-19,743,N20,VIIRS,n,2,299.11,1.29,D,0,VIIRS_NOAA20_SP
30.60402,76.60364,330.36,0.46,0.39,2023-10-19,743,N20,VIIRS,n,2,299.81,2.22,D,0,VIIRS_NOAA20_SP
30.62649,72.84002,340.01,0.48,0.48,2023-10-19,743,N20,VIIRS,n,2,296.75,5.02,D,0,VIIRS_NOAA20_SP
30.62652,72.84216,347.47,0.48,0.48,2023-10-19,743,N20,VIIRS,n,2,296.99,6.36,D,0,VIIRS_NOAA20_SP
30.62667,73.73478,338.77,0.43,0.46,2023-10-19,743,N20,VIIRS,n,2,298.15,4.59,D,0,VIIRS_NOAA20_SP
30.64303,73.58141,339.95,0.44,0.46,2023-10-19,743,N20,VIIRS,n,2,298.52,6.64,D,0,VIIRS_NOAA20_SP
30.66037,73.62346,335.41,0.43,0.46,2023-10-19,743,N20,VIIRS,n,2,299.26,1.67,D,0,VIIRS_NOAA20_SP
30.66632,72.98246,340.96,0.47,0.48,2023-10-19,743,N20,VIIRS,n,2,296.79,5.96,D,0,VIIRS_NOAA20_SP
30.68114,73.50982,329.26,0.44,0.46,2023-10-19,743,N20,VIIRS,n,2,297.25,1.88,D,0,VIIRS_NOAA20_SP
30.71174,74.04536,335.66,0.41,0.45,2023-10-19,743,N20,VIIRS,n,2,297.24,3.22,D,0,VIIRS_NOAA20_SP
30.72925,72.9799,333.06,0.47,0.48,2023-10-19,743,N20,VIIRS,n,2,296.49,2.74,D,0,VIIRS_NOAA20_SP
30.74118,75.55581,330.29,0.51,0.41,2023-10-19,743,N20,VIIRS,n,2,300.84,8.21,D,0,VIIRS_NOAA20_SP
30.74223,75.55918,331.3,0.51,0.41,2023-10-19,743,N20,VIIRS,n,2,300.5,14.48,D,0,VIIRS_NOAA20_SP
30.75915,73.78104,335.44,0.42,0.45,2023-10-19,743,N20,VIIRS,n,2,297.92,2.25,D,0,VIIRS_NOAA20_SP
30.7652,73.97747,340.05,0.41,0.45,2023-10-19,743,N20,VIIRS,n,2,300.51,4.96,D,0,VIIRS_NOAA20_SP
30.76635,74.00378,332.97,0.41,0.45,2023-10-19,743,N20,VIIRS,n,2,297.66,2.99,D,0,VIIRS_NOAA20_SP
30.77949,73.53654,330.99,0.44,0.46,2023-10-19,743,N20,VIIRS,n,2,298.35,3.1,D,0,VIIRS_NOAA20_SP
30.79045,74.05904,329.51,0.41,0.45,2023-10-19,743,N20,VIIRS,n,2,300.86,2.61,D,0,VIIRS_NOAA20_SP
30.79601,73.34164,330.13,0.45,0.47,2023-10-19,743,N20,VIIRS,n,2,298.14,1.67,D,0,VIIRS_NOAA20_SP
30.80159,74.51373,340.54,0.39,0.44,2023-10-19,743,N20,VIIRS,n,2,299.74,3.88,D,0,VIIRS_NOAA20_SP
30.81028,73.94739,328.67,0.41,0.45,2023-10-19,743,N20,VIIRS,n,2,298.82,2.35,D,0,VIIRS_NOAA20_SP
30.81097,74.56094,339.43,0.38,0.43,2023-10-19,743,N20,VIIRS,n,2,299.27,3.12,D,0,VIIRS_NOAA20_SP
30.84773,73.96388,341.47,0.41,0.45,2023-10-19,743,N20,VIIRS,n,2,298.23,4.34,D,0,VIIRS_NOAA20_SP
30.84902,73.38445,329.63,0.44,0.46,2023-10-19,743,N20,VIIRS,n,2,298.08,2.1,D,0,VIIRS_NOAA20_SP
30.88935,75.32359,330.22,0.53,0.42,2023-10-19,743,N20,VIIRS,n,2,298.58,3.03,D,0,VIIRS_NOAA20_SP
30.97981,74.05286,333.11,0.41,0.45,2023-10-19,743,N20,VIIRS,n,2,299.27,2.29,D,0,VIIRS_NOAA20_SP
31.01195,74.36168,340.57,0.39,0.44,2023-10-19,743,N20,VIIRS,n,2,300.18,5.27,D,0,VIIRS_NOAA20_SP
31.01494,74.25074,336.57,0.39,0.44,2023-10-19,743,N20,VIIRS,n,2,299.03,2.11,D,0,VIIRS_NOAA20_SP
31.01743,74.32648,348.22,0.39,0.44,2023-10-19,743,N20,VIIRS,n,2,301.93,8.12,D,0,VIIRS_NOAA20_SP
31.05169,75.02402,330.26,0.54,0.42,2023-10-19,743,N20,VIIRS,n,2,297.47,5.63,D,0,VIIRS_NOAA20_SP
31.06483,74.54598,333.39,0.57,0.43,2023-10-19,743,N20,VIIRS,n,2,299.53,5.82,D,0,VIIRS_NOAA20_SP
31.07673,74.30257,327.81,0.39,0.44,2023-10-19,743,N20,VIIRS,n,2,299.78,2.01,D,0,VIIRS_NOAA20_SP
31.11138,74.24663,334.91,0.39,0.44,2023-10-19,743,N20,VIIRS,n,2,299.1,2.49,D,0,VIIRS_NOAA20_SP
31.16787,73.99947,336.15,0.4,0.45,2023-10-19,743,N20,VIIRS,n,2,298.01,2.91,D,0,VIIRS_NOAA20_SP
31.3383,74.57224,331.34,0.56,0.43,2023-10-19,743,N20,VIIRS,n,2,298.25,2.55,D,0,VIIRS_NOAA20_SP
31.51605,74.99644,327.67,0.53,0.42,2023-10-19,743,N20,VIIRS,n,2,298.86,2.82,D,0,VIIRS_NOAA20_SP
31.54629,78.01245,328.25,0.41,0.37,2023-10-19,743,N20,VIIRS,l,2,302.33,3.99,D,0,VIIRS_NOAA20_SP
31.5706,74.78361,331.52,0.54,0.42,2023-10-19,743,N20,VIIRS,n,2,299.23,5.19,D,0,VIIRS_NOAA20_SP
31.57153,74.78132,335.75,0.54,0.42,2023-10-19,743,N20,VIIRS,n,2,300.46,4.19,D,0,VIIRS_NOAA20_SP
31.57805,74.77367,331.83,0.54,0.42,2023-10-19,743,N20,VIIRS,n,2,299.64,5.41,D,0,VIIRS_NOAA20_SP
31.57916,74.77929,332.39,0.54,0.42,2023-10-19,743,N20,VIIRS,n,2,299.89,5.41,D,0,VIIRS_NOAA20_SP
31.58098,74.77493,346.16,0.54,0.42,2023-10-19,743,N20,VIIRS,n,2,301.67,14.21,D,0,VIIRS_NOAA20_SP
31.58298,74.77827,333.08,0.54,0.42,2023-10-19,743,N20,VIIRS,n,2,300.92,6.32,D,0,VIIRS_NOAA20_SP
31.61021,74.7533,330.28,0.54,0.42,2023-10-19,743,N20,VIIRS,n,2,298.69,3.56,D,0,VIIRS_NOAA20_SP
31.63693,74.70465,335.14,0.55,0.42,2023-10-19,743,N20,VIIRS,n,2,300.82,24.11,D,0,VIIRS_NOAA20_SP
31.80696,73.72726,331.16,0.41,0.45,2023-10-19,743,N20,VIIRS,n,2,297.71,3.52,D,0,VIIRS_NOAA20_SP
31.95952,74.97473,331.62,0.52,0.42,2023-10-19,743,N20,VIIRS,n,2,298.66,3.64,D,0,VIIRS_NOAA20_SP
31.52967,70.78136,330.08,0.6,0.53,2023-10-19,744,N20,VIIRS,n,2,296.49,2.67,D,0,VIIRS_NOAA20_SP
31.53383,70.86517,340.08,0.6,0.53,2023-10-19,744,N20,VIIRS,n,2,297.38,7.36,D,0,VIIRS_NOAA20_SP
31.80661,73.72713,329.39,0.41,0.45,2023-10-19,744,N20,VIIRS,n,2,297.33,3.44,D,0,VIIRS_NOAA20_SP
32.31507,73.50017,339.22,0.41,0.45,2023-10-19,744,N20,VIIRS,n,2,297.8,3.96,D,0,VIIRS_NOAA20_SP
32.35515,73.74046,344.52,0.4,0.44,2023-10-19,744,N20,VIIRS,n,2,297.25,4.57,D,0,VIIRS_NOAA20_SP
32.35632,73.74032,342.61,0.4,0.44,2023-10-19,744,N20,VIIRS,n,2,296.54,4.22,D,0,VIIRS_NOAA20_SP
32.76469,71.67509,340.41,0.5,0.49,2023-10-19,744,N20,VIIRS,n,2,295.94,4.44,D,0,VIIRS_NOAA20_SP
36.93682,80.43652,338.21,0.4,0.37,2023-10-19,745,N20,VIIRS,n,2,303.59,8.47,D,0,VIIRS_NOAA20_SP
23.11259,70.15026,341.13,0.61,0.71,2023-10-19,922,N20,VIIRS,n,2,299.35,7.66,D,0,VIIRS_NOAA20_SP
26.61114,68.93103,336.38,0.56,0.69,2023-10-19,923,N20,VIIRS,n,2,297.45,6.55,D,0,VIIRS_NOAA20_SP
26.61493,68.93077,331.48,0.56,0.68,2023-10-19,923,N20,VIIRS,n,2,296.97,4.86,D,0,VIIRS_NOAA20_SP
29.26899,68.01297,330.1,0.52,0.67,2023-10-19,924,N20,VIIRS,n,2,296.06,4.73,D,0,VIIRS_NOAA20_SP
29.26932,68.01834,341.34,0.52,0.67,2023-10-19,924,N20,VIIRS,n,2,295.41,4.73,D,0,VIIRS_NOAA20_SP
27.26629,95.11993,310.22,0.64,0.72,2023-10-19,1826,N20,VIIRS,n,2,287.41,1.18,N,0,VIIRS_NOAA20_SP
27.31866,95.26237,300.03,0.63,0.72,2023-10-19,1826,N20,VIIRS,n,2,287.08,0.36,N,2,VIIRS_NOAA20_SP
27.36737,94.89124,306.6,0.67,0.73,2023-10-19,1826,N20,VIIRS,n,2,287.36,1.94,N,0,VIIRS_NOAA20_SP
27.36915,94.89238,299.66,0.67,0.73,2023-10-19,1826,N20,VIIRS,n,2,287.19,1.61,N,2,VIIRS_NOAA20_SP
27.3695,94.88554,309.0,0.67,0.73,2023-10-19,1826,N20,VIIRS,n,2,287.39,2.27,N,0,VIIRS_NOAA20_SP
27.3794,95.08334,302.76,0.65,0.73,2023-10-19,1826,N20,VIIRS,n,2,287.15,0.65,N,2,VIIRS_NOAA20_SP
27.55928,96.03741,298.51,0.57,0.69,2023-10-19,1826,N20,VIIRS,n,2,287.18,0.28,N,2,VIIRS_NOAA20_SP
28.1732,97.03479,303.26,0.5,0.66,2023-10-19,1826,N20,VIIRS,n,2,283.37,1.2,N,0,VIIRS_NOAA20_SP
28.17415,97.03584,302.57,0.5,0.66,2023-10-19,1826,N20,VIIRS,n,2,283.06,1.27,N,0,VIIRS_NOAA20_SP
23.98175,97.79163,305.09,0.41,0.6,2023-10-19,1827,N20,VIIRS,n,2,290.92,1.03,N,0,VIIRS_NOAA20_SP
24.54405,97.73893,299.5,0.42,0.61,2023-10-19,1827,N20,VIIRS,n,2,288.98,1.09,N,0,VIIRS_NOAA20_SP
24.54774,97.73784,301.32,0.42,0.61,2023-10-19,1827,N20,VIIRS,n,2,288.75,1.34,N,0,VIIRS_NOAA20_SP
21.59151,96.22489,302.2,0.48,0.65,2023-10-19,1828,N20,VIIRS,n,2,289.98,0.61,N,2,VIIRS_NOAA20_SP
22.03315,95.24798,316.39,0.56,0.69,2023-10-19,1828,N20,VIIRS,n,2,291.96,1.84,N,0,VIIRS_NOAA20_SP
22.16261,96.24058,305.02,0.49,0.65,2023-10-19,1828,N20,VIIRS,n,2,292.9,0.88,N,2,VIIRS_NOAA20_SP
15.86095,97.79391,309.59,0.32,0.55,2023-10-19,1830,N20,VIIRS,n,2,291.04,0.58,N,0,VIIRS_NOAA20_SP
15.99053,97.68779,304.11,0.33,0.55,2023-10-19,1830,N20,VIIRS,n,2,290.06,0.58,N,2,VIIRS_NOAA20_SP
33.33964,72.58936,297.34,0.49,0.65,2023-10-19,2006,N20,VIIRS,n,2,286.23,0.55,N,0,VIIRS_NOAA20_SP
33.69413,72.85569,298.7,0.48,0.64,2023-10-19,2006,N20,VIIRS,n,2,287.38,0.54,N,0,VIIRS_NOAA20_SP
33.81846,72.71927,298.19,0.49,0.65,2023-10-19,2006,N20,VIIRS,n,2,288.08,0.76,N,0,VIIRS_NOAA20_SP
26.80948,94.69285,302.16,0.41,0.61,2023-10-19,2007,N20,VIIRS,n,2,288.94,0.51,N,0,VIIRS_NOAA20_SP
27.31569,95.26486,307.44,0.44,0.62,2023-10-19,2007,N20,VIIRS,n,2,288.55,0.89,N,2,VIIRS_NOAA20_SP
27.31901,95.26535,309.16,0.43,0.62,2023-10-19,2007,N20,VIIRS,n,2,288.89,0.9,N,2,VIIRS_NOAA20_SP
27.36951,94.89526,315.31,0.41,0.61,2023-10-19,2007,N20,VIIRS,n,2,289.25,1.02,N,2,VIIRS_NOAA20_SP
27.37541,95.08487,301.85,0.42,0.61,2023-10-19,2007,N20,VIIRS,n,2,289.3,0.47,N,2,VIIRS_NOAA20_SP
27.37643,95.08558,305.05,0.42,0.61,2023-10-19,2007,N20,VIIRS,n,2,289.06,0.54,N,2,VIIRS_NOAA20_SP
27.46864,95.41959,305.25,0.44,0.62,2023-10-19,2007,N20,VIIRS,n,2,288.21,0.73,N,2,VIIRS_NOAA20_SP
27.56108,96.03795,300.53,0.48,0.65,2023-10-19,2007,N20,VIIRS,n,2,286.55,0.52,N,2,VIIRS_NOAA20_SP
28.14305,80.28359,301.23,0.47,0.4,2023-10-19,2007,N20,VIIRS,n,2,288.4,0.6,N,0,VIIRS_NOAA20_SP
28.14384,80.28133,313.3,0.47,0.4,2023-10-19,2007,N20,VIIRS,n,2,289.2,0.72,N,0,VIIRS_NOAA20_SP
28.14747,80.28194,301.4,0.47,0.4,2023-10-19,2007,N20,VIIRS,n,2,288.24,0.72,N,0,VIIRS_NOAA20_SP
28.82243,76.95652,314.81,0.48,0.48,2023-10-19,2007,N20,VIIRS,n,2,288.84,1.19,N,0,VIIRS_NOAA20_SP
28.8364,79.72201,303.82,0.51,0.41,2023-10-19,2007,N20,VIIRS,n,2,288.67,0.58,N,0,VIIRS_NOAA20_SP
29.08465,88.01013,301.43,0.47,0.4,2023-10-19,2007,N20,VIIRS,n,2,271.43,1.23,N,0,VIIRS_NOAA20_SP
29.22564,88.35146,308.39,0.48,0.4,2023-10-19,2007,N20,VIIRS,n,2,278.01,2.15,N,2,VIIRS_NOAA20_SP
29.91022,74.94572,299.44,0.33,0.55,2023-10-19,2007,N20,VIIRS,n,2,288.77,0.59,N,2,VIIRS_NOAA20_SP
29.96471,76.68785,304.42,0.52,0.5,2023-10-19,2007,N20,VIIRS,n,2,288.85,1.0,N,0,VIIRS_NOAA20_SP
31.61514,74.3724,300.83,0.37,0.58,2023-10-19,2007,N20,VIIRS,n,2,288.77,0.54,N,2,VIIRS_NOAA20_SP
31.61754,74.37259,300.7,0.37,0.58,2023-10-19,2007,N20,VIIRS,n,2,288.63,0.44,N,2,VIIRS_NOAA20_SP
31.6297,74.42516,300.18,0.37,0.58,2023-10-19,2007,N20,VIIRS,n,2,288.69,0.29,N,2,VIIRS_NOAA20_SP
32.29457,70.73576,299.48,0.62,0.71,2023-10-19,2007,N20,VIIRS,n,2,287.82,1.17,N,2,VIIRS_NOAA20_SP
32.29486,70.72878,298.48,0.62,0.71,2023-10-19,2007,N20,VIIRS,n,2,288.16,1.9,N,2,VIIRS_NOAA20_SP
22.47493,91.73183,308.89,0.33,0.56,2023-10-19,2008,N20,VIIRS,n,2,293.56,1.3,N,2,VIIRS_NOAA20_SP
23.48362,87.36152,305.78,0.53,0.42,2023-10-19,2008,N20,VIIRS,n,2,295.33,1.74,N,2,VIIRS_NOAA20_SP
23.52941,85.69978,302.52,0.44,0.38,2023-10-19,2008,N20,VIIRS,n,2,291.41,0.38,N,0,VIIRS_NOAA20_SP
23.54678,86.54543,303.33,0.48,0.4,2023-10-19,2008,N20,VIIRS,n,2,292.96,0.89,N,2,VIIRS_NOAA20_SP
23.55195,87.24586,306.7,0.52,0.41,2023-10-19,2008,N20,VIIRS,n,2,295.88,2.48,N,3,VIIRS_NOAA20_SP
23.55287,87.24252,310.89,0.52,0.41,2023-10-19,2008,N20,VIIRS,n,2,295.38,1.78,N,3,VIIRS_NOAA20_SP
23.5566,87.24171,325.36,0.52,0.41,2023-10-19,2008,N20,VIIRS,n,2,293.83,2.48,N,3,VIIRS_NOAA20_SP
23.55662,87.24334,310.88,0.52,0.41,2023-10-19,2008,N20,VIIRS,n,2,293.99,1.78,N,3,VIIRS_NOAA20_SP
23.55755,87.23838,320.66,0.52,0.41,2023-10-19,2008,N20,VIIRS,n,2,293.37,1.78,N,2,VIIRS_NOAA20_SP
23.5613,87.23919,328.33,0.52,0.41,2023-10-19,2008,N20,VIIRS,n,2,293.81,2.75,N,2,VIIRS_NOAA20_SP
23.56217,87.08383,306.61,0.51,0.41,2023-10-19,2008,N20,VIIRS,n,2,294.09,1.52,N,2,VIIRS_NOAA20_SP
23.56499,87.08956,304.82,0.51,0.41,2023-10-19,2008,N20,VIIRS,n,2,294.31,0.94,N,2,VIIRS_NOAA20_SP
23.60507,87.15098,306.53,0.51,0.41,2023-10-19,2008,N20,VIIRS,n,2,293.26,1.36,N,2,VIIRS_NOAA20_SP
23.61557,86.79045,306.48,0.49,0.4,2023-10-19,2008,N20,VIIRS,n,2,294.27,1.45,N,2,VIIRS_NOAA20_SP
23.6336,86.29756,305.1,0.46,0.39,2023-10-19,2008,N20,VIIRS,n,2,292.84,1.25,N,2,VIIRS_NOAA20_SP
23.64321,85.39773,300.85,0.43,0.38,2023-10-19,2008,N20,VIIRS,n,2,290.77,0.46,N,2,VIIRS_NOAA20_SP
23.65155,85.5666,303.95,0.43,0.38,2023-10-19,2008,N20,VIIRS,n,2,291.72,1.0,N,2,VIIRS_NOAA20_SP
23.6661,84.99739,300.67,0.41,0.37,2023-10-19,2008,N20,VIIRS,n,2,290.35,1.01,N,2,VIIRS_NOAA20_SP
23.66697,86.09264,306.36,0.45,0.39,2023-10-19,2008,N20,VIIRS,n,2,292.77,0.68,N,2,VIIRS_NOAA20_SP
23.67138,86.41801,308.51,0.47,0.4,2023-10-19,2008,N20,VIIRS,n,2,294.32,1.64,N,2,VIIRS_NOAA20_SP
23.67544,86.39536,304.39,0.47,0.4,2023-10-19,2008,N20,VIIRS,n,2,293.34,0.85,N,0,VIIRS_NOAA20_SP
23.67563,86.08537,312.41,0.45,0.39,2023-10-19,2008,N20,VIIRS,n,2,294.41,1.71,N,2,VIIRS_NOAA20_SP
23.67904,86.39608,306.2,0.47,0.4,2023-10-19,2008,N20,VIIRS,n,2,295.42,0.85,N,2,VIIRS_NOAA20_SP
23.67916,86.08611,308.02,0.45,0.39,2023-10-19,2008,N20,VIIRS,n,2,293.44,1.75,N,2,VIIRS_NOAA20_SP
23.67954,86.10442,317.52,0.45,0.39,2023-10-19,2008,N20,VIIRS,n,2,292.98,2.31,N,2,VIIRS_NOAA20_SP
23.67984,86.39159,307.69,0.47,0.4,2023-10-19,2008,N20,VIIRS,n,2,294.49,0.85,N,0,VIIRS_NOAA20_SP
23.68112,86.09565,321.57,0.45,0.39,2023-10-19,2008,N20,VIIRS,n,2,293.34,3.17,N,2,VIIRS_NOAA20_SP
23.68191,86.09126,319.77,0.45,0.39,2023-10-19,2008,N20,VIIRS,n,2,293.69,1.75,N,2,VIIRS_NOAA20_SP
23.68343,86.39233,327.01,0.47,0.4,2023-10-19,2008,N20,VIIRS,n,2,295.2,3.04,N,2,VIIRS_NOAA20_SP
23.68348,86.08249,306.36,0.45,0.39,2023-10-19,2008,N20,VIIRS,n,2,293.6,1.21,N,2,VIIRS_NOAA20_SP
23.68702,86.39306,321.83,0.47,0.4,2023-10-19,2008,N20,VIIRS,n,2,295.17,3.04,N,2,VIIRS_NOAA20_SP
23.68766,87.12302,314.81,0.51,0.41,2023-10-19,2008,N20,VIIRS,n,2,294.75,1.73,N,2,VIIRS_NOAA20_SP
23.68782,86.38859,311.47,0.47,0.4,2023-10-19,2008,N20,VIIRS,n,2,295.61,2.2,N,2,VIIRS_NOAA20_SP
23.68914,87.1,309.17,0.51,0.41,2023-10-19,2008,N20,VIIRS,n,2,294.9,1.82,N,2,VIIRS_NOAA20_SP
23.68917,87.12039,314.23,0.51,0.41,2023-10-19,2008,N20,VIIRS,n,2,294.69,2.94,N,2,VIIRS_NOAA20_SP
23.69211,87.09852,308.1,0.51,0.41,2023-10-19,2008,N20,VIIRS,n,2,295.16,2.04,N,2,VIIRS_NOAA20_SP
23.69289,87.12118,321.82,0.51,0.41,2023-10-19,2008,N20,VIIRS,n,2,296.59,3.2,N,2,VIIRS_NOAA20_SP
23.69381,87.11629,308.06,0.51,0.41,2023-10-19,2008,N20,VIIRS,n,2,294.56,1.95,N,2,VIIRS_NOAA20_SP
23.6961,85.29245,302.73,0.42,0.38,2023-10-19,2008,N20,VIIRS,n,2,292.54,0.67,N,0,VIIRS_NOAA20_SP
23.70351,86.07309,327.88,0.45,0.39,2023-10-19,2008,N20,VIIRS,n,2,291.99,2.52,N,2,VIIRS_NOAA20_SP
23.70823,85.427,301.27,0.43,0.38,2023-10-19,2008,N20,VIIRS,n,2,291.05,0.68,N,0,VIIRS_NOAA20_SP
23.70909,85.40158,304.13,0.43,0.38,2023-10-19,2008,N20,VIIRS,n,2,290.61,0.49,N,2,VIIRS_NOAA20_SP
23.71651,86.44372,309.71,0.47,0.4,2023-10-19,2008,N20,VIIRS,n,2,294.52,1.56,N,2,VIIRS_NOAA20_SP
23.71734,86.4392,304.52,0.47,0.4,2023-10-19,2008,N20,VIIRS,n,2,293.08,1.44,N,2,VIIRS_NOAA20_SP
23.71928,86.449,311.47,0.47,0.4,2023-10-19,2008,N20,VIIRS,n,2,298.38,1.56,N,2,VIIRS_NOAA20_SP
23.72011,86.44447,307.37,0.47,0.4,2023-10-19,2008,N20,VIIRS,n,2,297.08,1.56,N,2,VIIRS_NOAA20_SP
23.72044,85.00832,306.5,0.41,0.37,2023-10-19,2008,N20,VIIRS,n,2,291.16,0.95,N,2,VIIRS_NOAA20_SP
23.72453,86.4407,305.81,0.47,0.4,2023-10-19,2008,N20,VIIRS,n,2,294.62,2.34,N,2,VIIRS_NOAA20_SP
23.73075,86.7587,313.94,0.49,0.4,2023-10-19,2008,N20,VIIRS,n,2,295.27,2.61,N,2,VIIRS_NOAA20_SP
23.73861,85.00705,314.55,0.41,0.37,2023-10-19,2008,N20,VIIRS,n,2,293.18,2.95,N,2,VIIRS_NOAA20_SP
23.74499,85.50337,306.67,0.43,0.38,2023-10-19,2008,N20,VIIRS,n,2,290.3,0.74,N,2,VIIRS_NOAA20_SP
23.7466,86.42182,308.35,0.47,0.4,2023-10-19,2008,N20,VIIRS,n,2,294.39,2.35,N,2,VIIRS_NOAA20_SP
23.74772,85.50828,301.49,0.43,0.38,2023-10-19,2008,N20,VIIRS,n,2,290.99,1.14,N,2,VIIRS_NOAA20_SP
23.75101,86.41803,306.04,0.47,0.4,2023-10-19,2008,N20,VIIRS,n,2,295.11,1.69,N,2,VIIRS_NOAA20_SP
23.75704,86.40523,316.47,0.47,0.4,2023-10-19,2008,N20,VIIRS,n,2,294.06,2.34,N,2,VIIRS_NOAA20_SP
23.75785,86.40073,339.53,0.47,0.4,2023-10-19,2008,N20,VIIRS,n,2,296.46,3.66,N,2,VIIRS_NOAA20_SP
23.75867,86.39625,311.06,0.47,0.4,2023-10-19,2008,N20,VIIRS,n,2,294.7,3.66,N,2,VIIRS_NOAA20_SP
23.76144,86.40147,314.39,0.47,0.4,2023-10-19,2008,N20,VIIRS,n,2,295.01,2.08,N,2,VIIRS_NOAA20_SP
23.76306,86.39248,323.9,0.47,0.4,2023-10-19,2008,N20,VIIRS,n,2,298.72,3.16,N,2,VIIRS_NOAA20_SP
23.7655,86.37893,306.28,0.47,0.39,2023-10-19,2008,N20,VIIRS,n,2,295.32,2.24,N,2,VIIRS_NOAA20_SP
23.76584,86.39774,309.01,0.47,0.4,2023-10-19,2008,N20,VIIRS,n,2,296.6,2.08,N,2,VIIRS_NOAA20_SP
23.76632,86.3744,320.34,0.47,0.39,2023-10-19,2008,N20,VIIRS,n,2,296.27,3.64,N,2,VIIRS_NOAA20_SP
23.76665,86.39322,319.58,0.47,0.4,2023-10-19,2008,N20,VIIRS,n,2,299.59,3.16,N,2,VIIRS_NOAA20_SP
23.76861,86.403,306.19,0.47,0.4,2023-10-19,2008,N20,VIIRS,n,2,295.39,0.99,N,2,VIIRS_NOAA20_SP
23.76942,86.39849,308.6,0.47,0.4,2023-10-19,2008,N20,VIIRS,n,2,295.86,0.99,N,2,VIIRS_NOAA20_SP
23.77105,86.38944,310.89,0.47,0.39,2023-10-19,2008,N20,VIIRS,n,2,296.6,2.81,N,2,VIIRS_NOAA20_SP
23.77111,86.20393,309.4,0.46,0.39,2023-10-19,2008,N20,VIIRS,n,2,293.26,0.99,N,2,VIIRS_NOAA20_SP
23.77191,86.19949,308.51,0.46,0.39,2023-10-19,2008,N20,VIIRS,n,2,293.75,1.45,N,2,VIIRS_NOAA20_SP
23.77301,86.39925,305.47,0.47,0.4,2023-10-19,2008,N20,VIIRS,n,2,293.7,0.99,N,0,VIIRS_NOAA20_SP
23.77387,86.20908,309.24,0.46,0.39,2023-10-19,2008,N20,VIIRS,n,2,294.05,1.16,N,2,VIIRS_NOAA20_SP
23.77463,86.39018,323.82,0.47,0.39,2023-10-19,2008,N20,VIIRS,n,2,297.04,2.81,N,2,VIIRS_NOAA20_SP
23.77467,86.20464,304.23,0.46,0.39,2023-10-19,2008,N20,VIIRS,n,2,294.22,1.16,N,2,VIIRS_NOAA20_SP
23.77545,86.38567,319.8,0.47,0.39,2023-10-19,2008,N20,VIIRS,n,2,295.8,3.05,N,2,VIIRS_NOAA20_SP
23.7759,86.36244,310.79,0.47,0.39,2023-10-19,2008,N20,VIIRS,n,2,295.21,2.25,N,2,VIIRS_NOAA20_SP
23.7774,86.39546,312.07,0.47,0.4,2023-10-19,2008,N20,VIIRS,n,2,296.5,2.46,N,2,VIIRS_NOAA20_SP
23.77743,86.2098,314.55,0.46,0.39,2023-10-19,2008,N20,VIIRS,n,2,294.17,1.16,N,2,VIIRS_NOAA20_SP
23.77822,86.20538,308.74,0.46,0.39,2023-10-19,2008,N20,VIIRS,n,2,294.69,1.16,N,2,VIIRS_NOAA20_SP
23.77822,86.39092,314.04,0.47,0.39,2023-10-19,2008,N20,VIIRS,n,2,297.12,2.46,N,2,VIIRS_NOAA20_SP
23.77903,86.38641,309.14,0.47,0.39,2023-10-19,2008,N20,VIIRS,n,2,294.17,1.44,N,2,VIIRS_NOAA20_SP
23.77912,86.3445,322.74,0.46,0.39,2023-10-19,2008,N20,VIIRS,n,2,294.81,2.39,N,2,VIIRS_NOAA20_SP
23.78099,86.39621,316.76,0.47,0.4,2023-10-19,2008,N20,VIIRS,n,2,295.79,2.46,N,2,VIIRS_NOAA20_SP
23.78145,86.37292,320.55,0.47,0.39,2023-10-19,2008,N20,VIIRS,n,2,295.58,2.54,N,2,VIIRS_NOAA20_SP
23.78178,86.20609,325.38,0.46,0.39,2023-10-19,2008,N20,VIIRS,n,2,296.19,4.03,N,2,VIIRS_NOAA20_SP
23.7818,86.39168,333.9,0.47,0.39,2023-10-19,2008,N20,VIIRS,n,2,299.12,2.46,N,2,VIIRS_NOAA20_SP
23.7827,86.34524,311.73,0.46,0.39,2023-10-19,2008,N20,VIIRS,n,2,294.58,2.39,N,2,VIIRS_NOAA20_SP
23.78511,86.33176,312.27,0.46,0.39,2023-10-19,2008,N20,VIIRS,n,2,295.35,1.26,N,2,VIIRS_NOAA20_SP
23.78555,86.30865,304.77,0.46,0.39,2023-10-19,2008,N20,VIIRS,n,2,294.15,2.2,N,2,VIIRS_NOAA20_SP
23.78869,86.3325,313.18,0.46,0.39,2023-10-19,2008,N20,VIIRS,n,2,295.77,1.55,N,2,VIIRS_NOAA20_SP
23.78941,86.36993,310.13,0.47,0.39,2023-10-19,2008,N20,VIIRS,n,2,294.39,1.18,N,2,VIIRS_NOAA20_SP
23.79262,86.35197,330.06,0.46,0.39,2023-10-19,2008,N20,VIIRS,n,2,296.77,3.11,N,2,VIIRS_NOAA20_SP
23.79424,85.55959,305.44,0.43,0.38,2023-10-19,2008,N20,VIIRS,n,2,294.06,1.62,N,0,VIIRS_NOAA20_SP
23.79478,86.2365,305.44,0.46,0.39,2023-10-19,2008,N20,VIIRS,n,2,293.84,1.16,N,2,VIIRS_NOAA20_SP
23.79557,86.23205,303.01,0.46,0.39,2023-10-19,2008,N20,VIIRS,n,2,292.87,0.57,N,2,VIIRS_NOAA20_SP
23.7962,86.35271,329.62,0.46,0.39,2023-10-19,2008,N20,VIIRS,n,2,295.73,3.11,N,2,VIIRS_NOAA20_SP
23.797,86.34824,306.71,0.46,0.39,2023-10-19,2008,N20,VIIRS,n,2,295.13,3.11,N,2,VIIRS_NOAA20_SP
23.7978,86.34376,307.87,0.46,0.39,2023-10-19,2008,N20,VIIRS,n,2,296.1,1.74,N,2,VIIRS_NOAA20_SP
23.79895,87.04802,308.76,0.5,0.41,2023-10-19,2008,N20,VIIRS,n,2,295.5,3.16,N,2,VIIRS_NOAA20_SP
23.80028,87.05096,309.9,0.5,0.41,2023-10-19,2008,N20,VIIRS,n,2,298.59,3.27,N,2,VIIRS_NOAA20_SP
23.8012,87.0461,310.69,0.5,0.41,2023-10-19,2008,N20,VIIRS,n,2,297.73,2.6,N,2,VIIRS_NOAA20_SP
23.80379,86.331,321.79,0.46,0.39,2023-10-19,2008,N20,VIIRS,n,2,296.03,3.48,N,2,VIIRS_NOAA20_SP
23.80458,86.32654,321.3,0.46,0.39,2023-10-19,2008,N20,VIIRS,n,2,297.37,4.1,N,2,VIIRS_NOAA20_SP
23.80798,84.84756,305.96,0.41,0.37,2023-10-19,2008,N20,VIIRS,n,2,292.7,0.91,N,2,VIIRS_NOAA20_SP
23.80974,86.31838,311.91,0.46,0.39,2023-10-19,2008,N20,VIIRS,n,2,297.05,3.67,N,2,VIIRS_NOAA20_SP
23.81545,86.56197,308.35,0.47,0.4,2023-10-19,2008,N20,VIIRS,n,2,292.25,0.93,N,0,VIIRS_NOAA20_SP
23.82588,85.50124,310.07,0.43,0.38,2023-10-19,2008,N20,VIIRS,n,2,295.22,1.19,N,2,VIIRS_NOAA20_SP
23.8266,85.49709,308.4,0.43,0.38,2023-10-19,2008,N20,VIIRS,n,2,292.41,1.19,N,2,VIIRS_NOAA20_SP
23.98112,90.63583,304.53,0.53,0.5,2023-10-19,2008,N20,VIIRS,n,2,293.49,0.77,N,2,VIIRS_NOAA20_SP
23.98355,90.6472,304.07,0.53,0.5,2023-10-19,2008,N20,VIIRS,n,2,293.75,0.61,N,0,VIIRS_NOAA20_SP
24.15871,82.69118,302.62,0.38,0.36,2023-10-19,2008,N20,VIIRS,n,2,292.47,0.68,N,0,VIIRS_NOAA20_SP
24.16914,82.55806,322.06,0.39,0.36,2023-10-19,2008,N20,VIIRS,n,2,293.9,2.4,N,2,VIIRS_NOAA20_SP
24.17555,82.64802,305.05,0.38,0.36,2023-10-19,2008,N20,VIIRS,n,2,293.26,0.7,N,0,VIIRS_NOAA20_SP
24.2063,82.7115,324.79,0.38,0.36,2023-10-19,2008,N20,VIIRS,n,2,294.66,1.78,N,2,VIIRS_NOAA20_SP
24.20688,82.70776,308.19,0.38,0.36,2023-10-19,2008,N20,VIIRS,n,2,292.55,1.27,N,2,VIIRS_NOAA20_SP
24.32569,81.32701,305.27,0.4,0.37,2023-10-19,2008,N20,VIIRS,n,2,292.0,0.75,N,2,VIIRS_NOAA20_SP
24.52954,81.16986,303.0,0.41,0.37,2023-10-19,2008,N20,VIIRS,n,2,292.83,0.65,N,2,VIIRS_NOAA20_SP
24.92268,84.15496,302.55,0.39,0.36,2023-10-19,2008,N20,VIIRS,n,2,291.96,0.46,N,0,VIIRS_NOAA20_SP
24.92471,77.00604,301.22,0.43,0.46,2023-10-19,2008,N20,VIIRS,n,2,289.8,0.63,N,0,VIIRS_NOAA20_SP
25.17454,76.99786,304.85,0.43,0.46,2023-10-19,2008,N20,VIIRS,n,2,288.4,0.95,N,0,VIIRS_NOAA20_SP
25.17875,76.99845,307.36,0.43,0.46,2023-10-19,2008,N20,VIIRS,n,2,289.0,0.95,N,0,VIIRS_NOAA20_SP
25.43581,86.06818,325.48,0.43,0.38,2023-10-19,2008,N20,VIIRS,n,2,294.69,2.9,N,0,VIIRS_NOAA20_SP
25.51587,68.7438,308.63,0.72,0.75,2023-10-19,2008,N20,VIIRS,n,2,291.33,1.09,N,0,VIIRS_NOAA20_SP
26.75949,83.20057,306.91,0.39,0.36,2023-10-19,2008,N20,VIIRS,n,2,294.68,1.46,N,2,VIIRS_NOAA20_SP
26.87556,73.51357,302.8,0.37,0.58,2023-10-19,2008,N20,VIIRS,n,2,291.16,0.95,N,2,VIIRS_NOAA20_SP
28.05564,69.3606,306.06,0.69,0.74,2023-10-19,2008,N20,VIIRS,n,2,289.31,1.44,N,0,VIIRS_NOAA20_SP
28.05593,69.36131,306.11,0.69,0.74,2023-10-19,2008,N20,VIIRS,n,2,289.14,1.1,N,0,VIIRS_NOAA20_SP
28.17845,76.9341,299.81,0.47,0.48,2023-10-19,2008,N20,VIIRS,n,2,288.33,0.64,N,0,VIIRS_NOAA20_SP
28.33543,77.18118,302.06,0.46,0.47,2023-10-19,2008,N20,VIIRS,n,2,289.73,0.68,N,0,VIIRS_NOAA20_SP
20.76028,85.29258,310.13,0.45,0.39,2023-10-19,2009,N20,VIIRS,n,2,294.39,1.32,N,2,VIIRS_NOAA20_SP
20.7848,85.25747,309.69,0.45,0.39,2023-10-19,2009,N20,VIIRS,n,2,294.0,1.29,N,2,VIIRS_NOAA20_SP
20.78683,85.26675,304.05,0.45,0.39,2023-10-19,2009,N20,VIIRS,n,2,293.12,1.1,N,2,VIIRS_NOAA20_SP
20.78758,85.26245,304.52,0.45,0.39,2023-10-19,2009,N20,VIIRS,n,2,293.77,1.08,N,2,VIIRS_NOAA20_SP
20.78834,85.25816,304.48,0.45,0.39,2023-10-19,2009,N20,VIIRS,n,2,293.79,1.08,N,2,VIIRS_NOAA20_SP
20.79264,85.25455,330.8,0.45,0.39,2023-10-19,2009,N20,VIIRS,n,2,294.77,3.02,N,2,VIIRS_NOAA20_SP
20.79339,85.25025,311.14,0.45,0.39,2023-10-19,2009,N20,VIIRS,n,2,293.01,3.02,N,2,VIIRS_NOAA20_SP
20.79618,85.25523,324.55,0.45,0.39,2023-10-19,2009,N20,VIIRS,n,2,294.37,1.83,N,2,VIIRS_NOAA20_SP
20.79692,85.25096,306.84,0.45,0.39,2023-10-19,2009,N20,VIIRS,n,2,293.13,1.83,N,2,VIIRS_NOAA20_SP
20.79896,85.26024,307.14,0.45,0.39,2023-10-19,2009,N20,VIIRS,n,2,293.96,1.31,N,2,VIIRS_NOAA20_SP
20.80677,85.25738,305.9,0.45,0.39,2023-10-19,2009,N20,VIIRS,n,2,293.42,1.68,N,2,VIIRS_NOAA20_SP
20.86373,84.99262,318.57,0.44,0.38,2023-10-19,2009,N20,VIIRS,n,2,294.64,1.86,N,2,VIIRS_NOAA20_SP
20.86723,84.9933,311.47,0.44,0.38,2023-10-19,2009,N20,VIIRS,n,2,293.94,1.86,N,2,VIIRS_NOAA20_SP
20.86796,84.98904,308.95,0.44,0.38,2023-10-19,2009,N20,VIIRS,n,2,295.16,1.59,N,2,VIIRS_NOAA20_SP
20.87072,84.99399,306.25,0.44,0.38,2023-10-19,2009,N20,VIIRS,n,2,295.02,1.21,N,2,VIIRS_NOAA20_SP
20.9427,85.14644,301.62,0.45,0.39,2023-10-19,2009,N20,VIIRS,n,2,290.74,0.78,N,0,VIIRS_NOAA20_SP
20.94384,86.05483,313.1,0.49,0.4,2023-10-19,2009,N20,VIIRS,n,2,295.56,2.25,N,2,VIIRS_NOAA20_SP
20.95288,86.04693,333.69,0.49,0.4,2023-10-19,2009,N20,VIIRS,n,2,295.86,3.83,N,2,VIIRS_NOAA20_SP
20.95939,85.17603,307.96,0.45,0.39,2023-10-19,2009,N20,VIIRS,n,2,294.59,2.1,N,2,VIIRS_NOAA20_SP
20.96012,85.1718,306.67,0.45,0.39,2023-10-19,2009,N20,VIIRS,n,2,294.29,1.66,N,2,VIIRS_NOAA20_SP
20.96158,85.16333,306.2,0.45,0.39,2023-10-19,2009,N20,VIIRS,n,2,292.7,0.66,N,2,VIIRS_NOAA20_SP
20.9629,85.17673,317.12,0.45,0.39,2023-10-19,2009,N20,VIIRS,n,2,296.47,2.62,N,2,VIIRS_NOAA20_SP
20.96364,85.1725,337.84,0.45,0.39,2023-10-19,2009,N20,VIIRS,n,2,297.01,2.92,N,2,VIIRS_NOAA20_SP
20.96437,85.16827,322.61,0.45,0.39,2023-10-19,2009,N20,VIIRS,n,2,296.01,2.92,N,2,VIIRS_NOAA20_SP
20.96495,85.18593,305.64,0.45,0.39,2023-10-19,2009,N20,VIIRS,n,2,294.12,2.18,N,2,VIIRS_NOAA20_SP
20.96642,85.17744,321.5,0.45,0.39,2023-10-19,2009,N20,VIIRS,n,2,295.42,2.62,N,2,VIIRS_NOAA20_SP
20.96691,86.01145,311.47,0.49,0.4,2023-10-19,2009,N20,VIIRS,n,2,295.99,2.23,N,2,VIIRS_NOAA20_SP
20.96729,85.15136,306.5,0.45,0.39,2023-10-19,2009,N20,VIIRS,n,2,294.06,1.67,N,2,VIIRS_NOAA20_SP
20.96788,85.16899,305.38,0.45,0.39,2023-10-19,2009,N20,VIIRS,n,2,294.65,2.92,N,2,VIIRS_NOAA20_SP
20.96881,85.01679,331.68,0.44,0.38,2023-10-19,2009,N20,VIIRS,n,2,293.1,2.86,N,0,VIIRS_NOAA20_SP
20.96953,85.01261,303.13,0.44,0.38,2023-10-19,2009,N20,VIIRS,n,2,291.68,2.86,N,0,VIIRS_NOAA20_SP
20.96972,86.01683,311.18,0.49,0.4,2023-10-19,2009,N20,VIIRS,n,2,295.99,1.68,N,2,VIIRS_NOAA20_SP
20.97015,85.17661,314.75,0.45,0.39,2023-10-19,2009,N20,VIIRS,n,2,294.8,2.54,N,2,VIIRS_NOAA20_SP
20.97067,85.17391,339.2,0.45,0.39,2023-10-19,2009,N20,VIIRS,n,2,296.71,3.52,N,2,VIIRS_NOAA20_SP
20.9709,85.17239,331.09,0.45,0.39,2023-10-19,2009,N20,VIIRS,n,2,295.99,3.02,N,2,VIIRS_NOAA20_SP
20.9714,85.16969,306.23,0.45,0.39,2023-10-19,2009,N20,VIIRS,n,2,295.19,3.52,N,2,VIIRS_NOAA20_SP
20.97165,85.16817,310.79,0.45,0.39,2023-10-19,2009,N20,VIIRS,n,2,295.6,3.02,N,2,VIIRS_NOAA20_SP
20.97223,86.00297,309.98,0.49,0.4,2023-10-19,2009,N20,VIIRS,n,2,297.04,1.94,N,2,VIIRS_NOAA20_SP
20.97589,86.00371,306.78,0.49,0.4,2023-10-19,2009,N20,VIIRS,n,2,294.73,0.64,N,2,VIIRS_NOAA20_SP
20.97723,85.13585,307.3,0.45,0.39,2023-10-19,2009,N20,VIIRS,n,2,293.45,2.45,N,2,VIIRS_NOAA20_SP
20.97764,85.13439,308.51,0.44,0.39,2023-10-19,2009,N20,VIIRS,n,2,293.7,2.33,N,2,VIIRS_NOAA20_SP
21.00265,86.02351,309.38,0.49,0.4,2023-10-19,2009,N20,VIIRS,n,2,293.88,1.24,N,0,VIIRS_NOAA20_SP
21.06754,85.03483,309.66,0.44,0.38,2023-10-19,2009,N20,VIIRS,n,2,294.7,1.53,N,0,VIIRS_NOAA20_SP
21.07103,85.03554,316.83,0.44,0.38,2023-10-19,2009,N20,VIIRS,n,2,295.98,1.53,N,2,VIIRS_NOAA20_SP
21.07656,85.04528,313.1,0.44,0.38,2023-10-19,2009,N20,VIIRS,n,2,295.07,2.75,N,2,VIIRS_NOAA20_SP
21.07729,85.04111,333.21,0.44,0.38,2023-10-19,2009,N20,VIIRS,n,2,295.57,2.75,N,2,VIIRS_NOAA20_SP
21.07801,85.03694,307.52,0.44,0.38,2023-10-19,2009,N20,VIIRS,n,2,295.73,2.46,N,2,VIIRS_NOAA20_SP
21.0815,85.03763,308.16,0.44,0.38,2023-10-19,2009,N20,VIIRS,n,2,295.26,1.5,N,2,VIIRS_NOAA20_SP
21.23921,81.38509,307.46,0.39,0.36,2023-10-19,2009,N20,VIIRS,n,2,294.56,0.92,N,2,VIIRS_NOAA20_SP
21.24804,79.2235,314.8,0.45,0.39,2023-10-19,2009,N20,VIIRS,n,2,293.26,1.82,N,2,VIIRS_NOAA20_SP
21.26781,79.18085,304.29,0.45,0.39,2023-10-19,2009,N20,VIIRS,n,2,293.12,1.38,N,2,VIIRS_NOAA20_SP
21.29709,81.60739,304.99,0.39,0.36,2023-10-19,2009,N20,VIIRS,n,2,292.33,0.65,N,2,VIIRS_NOAA20_SP
21.30984,81.59062,307.18,0.39,0.36,2023-10-19,2009,N20,VIIRS,n,2,292.11,1.01,N,2,VIIRS_NOAA20_SP
21.34168,81.67157,305.1,0.39,0.36,2023-10-19,2009,N20,VIIRS,n,2,293.61,0.78,N,2,VIIRS_NOAA20_SP
21.37355,81.68475,308.07,0.39,0.36,2023-10-19,2009,N20,VIIRS,n,2,294.94,1.32,N,2,VIIRS_NOAA20_SP
21.37705,81.63979,313.94,0.39,0.36,2023-10-19,2009,N20,VIIRS,n,2,295.52,1.08,N,2,VIIRS_NOAA20_SP
21.37742,81.68163,318.31,0.39,0.36,2023-10-19,2009,N20,VIIRS,n,2,295.73,1.71,N,2,VIIRS_NOAA20_SP
21.38469,81.65633,306.35,0.39,0.36,2023-10-19,2009,N20,VIIRS,n,2,294.32,1.05,N,2,VIIRS_NOAA20_SP
21.38969,81.6458,317.22,0.39,0.36,2023-10-19,2009,N20,VIIRS,n,2,296.15,1.84,N,2,VIIRS_NOAA20_SP
21.4864,81.76889,317.06,0.39,0.36,2023-10-19,2009,N20,VIIRS,n,2,295.73,1.72,N,2,VIIRS_NOAA20_SP
21.54419,81.94525,314.47,0.38,0.36,2023-10-19,2009,N20,VIIRS,n,2,295.81,1.77,N,2,VIIRS_NOAA20_SP
21.57614,82.0228,309.6,0.38,0.36,2023-10-19,2009,N20,VIIRS,n,2,296.61,1.76,N,2,VIIRS_NOAA20_SP
21.67256,82.08131,309.76,0.38,0.36,2023-10-19,2009,N20,VIIRS,n,2,295.53,0.93,N,2,VIIRS_NOAA20_SP
21.67327,84.04036,304.26,0.4,0.37,2023-10-19,2009,N20,VIIRS,n,2,293.83,1.12,N,2,VIIRS_NOAA20_SP
21.67727,84.03716,316.37,0.4,0.37,2023-10-19,2009,N20,VIIRS,n,2,293.94,1.12,N,2,VIIRS_NOAA20_SP
21.68063,84.0378,318.14,0.4,0.37,2023-10-19,2009,N20,VIIRS,n,2,294.75,1.77,N,2,VIIRS_NOAA20_SP
21.68335,84.0423,308.38,0.4,0.37,2023-10-19,2009,N20,VIIRS,n,2,293.98,1.77,N,2,VIIRS_NOAA20_SP
21.6987,84.03329,308.53,0.4,0.37,2023-10-19,2009,N20,VIIRS,n,2,293.93,0.81,N,2,VIIRS_NOAA20_SP
21.72997,82.21526,305.52,0.38,0.36,2023-10-19,2009,N20,VIIRS,n,2,294.65,0.82,N,2,VIIRS_NOAA20_SP
21.75059,83.81749,310.11,0.4,0.37,2023-10-19,2009,N20,VIIRS,n,2,294.21,1.08,N,0,VIIRS_NOAA20_SP
21.75407,84.02356,306.77,0.4,0.37,2023-10-19,2009,N20,VIIRS,n,2,294.25,1.11,N,2,VIIRS_NOAA20_SP
21.75743,84.0242,330.75,0.4,0.37,2023-10-19,2009,N20,VIIRS,n,2,295.3,4.43,N,2,VIIRS_NOAA20_SP
21.76012,83.84292,315.85,0.4,0.37,2023-10-19,2009,N20,VIIRS,n,2,294.01,1.33,N,2,VIIRS_NOAA20_SP
21.76143,84.02099,334.08,0.4,0.37,2023-10-19,2009,N20,VIIRS,n,2,296.14,4.43,N,2,VIIRS_NOAA20_SP
21.76543,84.01779,319.03,0.4,0.37,2023-10-19,2009,N20,VIIRS,n,2,295.53,2.17,N,2,VIIRS_NOAA20_SP
21.76749,84.02614,306.26,0.4,0.37,2023-10-19,2009,N20,VIIRS,n,2,292.49,2.08,N,2,VIIRS_NOAA20_SP
21.76878,84.01843,322.45,0.4,0.37,2023-10-19,2009,N20,VIIRS,n,2,295.9,2.17,N,2,VIIRS_NOAA20_SP
21.77603,83.83019,315.0,0.4,0.37,2023-10-19,2009,N20,VIIRS,n,2,294.74,1.66,N,2,VIIRS_NOAA20_SP
21.77873,83.83465,304.83,0.4,0.37,2023-10-19,2009,N20,VIIRS,n,2,293.72,1.1,N,2,VIIRS_NOAA20_SP
21.78144,83.8391,317.84,0.4,0.37,2023-10-19,2009,N20,VIIRS,n,2,294.55,2.15,N,0,VIIRS_NOAA20_SP
21.79618,72.64431,320.04,0.37,0.58,2023-10-19,2009,N20,VIIRS,n,2,294.04,1.09,N,0,VIIRS_NOAA20_SP
21.80661,83.89506,307.44,0.4,0.37,2023-10-19,2009,N20,VIIRS,n,2,293.83,0.73,N,0,VIIRS_NOAA20_SP
21.80788,83.88743,308.96,0.4,0.37,2023-10-19,2009,N20,VIIRS,n,2,293.56,1.03,N,2,VIIRS_NOAA20_SP
21.81813,83.99216,305.2,0.4,0.37,2023-10-19,2009,N20,VIIRS,n,2,293.55,1.23,N,0,VIIRS_NOAA20_SP
21.85864,83.96744,309.19,0.4,0.37,2023-10-19,2009,N20,VIIRS,n,2,294.29,0.88,N,0,VIIRS_NOAA20_SP
21.87605,83.49431,309.49,0.39,0.36,2023-10-19,2009,N20,VIIRS,n,2,293.5,1.14,N,2,VIIRS_NOAA20_SP
21.91911,83.3557,323.92,0.39,0.36,2023-10-19,2009,N20,VIIRS,n,2,293.88,1.63,N,2,VIIRS_NOAA20_SP
21.91972,83.35195,336.58,0.39,0.36,2023-10-19,2009,N20,VIIRS,n,2,296.81,3.03,N,2,VIIRS_NOAA20_SP
21.92032,83.34822,314.25,0.39,0.36,2023-10-19,2009,N20,VIIRS,n,2,294.97,3.03,N,2,VIIRS_NOAA20_SP
21.92302,83.35258,314.43,0.39,0.36,2023-10-19,2009,N20,VIIRS,n,2,295.58,1.7,N,2,VIIRS_NOAA20_SP
21.92363,83.34884,318.28,0.39,0.36,2023-10-19,2009,N20,VIIRS,n,2,294.6,1.7,N,2,VIIRS_NOAA20_SP
21.92545,83.33764,316.02,0.39,0.36,2023-10-19,2009,N20,VIIRS,n,2,293.84,1.23,N,3,VIIRS_NOAA20_SP
21.92875,83.33825,312.93,0.39,0.36,2023-10-19,2009,N20,VIIRS,n,2,294.94,1.23,N,3,VIIRS_NOAA20_SP
21.92998,85.22298,313.41,0.44,0.38,2023-10-19,2009,N20,VIIRS,n,2,292.14,1.62,N,2,VIIRS_NOAA20_SP
21.9307,85.21876,310.32,0.44,0.38,2023-10-19,2009,N20,VIIRS,n,2,291.85,1.42,N,2,VIIRS_NOAA20_SP
21.96954,85.3124,302.76,0.44,0.38,2023-10-19,2009,N20,VIIRS,n,2,291.6,0.52,N,2,VIIRS_NOAA20_SP
21.98328,83.23264,309.92,0.39,0.36,2023-10-19,2009,N20,VIIRS,n,2,293.98,1.19,N,2,VIIRS_NOAA20_SP
21.98658,83.23325,310.84,0.39,0.36,2023-10-19,2009,N20,VIIRS,n,2,294.63,1.19,N,2,VIIRS_NOAA20_SP
22.00544,82.66945,327.73,0.38,0.36,2023-10-19,2009,N20,VIIRS,n,2,296.52,2.79,N,2,VIIRS_NOAA20_SP
22.01735,83.7527,318.37,0.4,0.37,2023-10-19,2009,N20,VIIRS,n,2,293.42,1.76,N,0,VIIRS_NOAA20_SP
22.02097,83.37798,305.91,0.39,0.36,2023-10-19,2009,N20,VIIRS,n,2,292.87,0.75,N,2,VIIRS_NOAA20_SP
22.02427,83.37861,307.57,0.39,0.36,2023-10-19,2009,N20,VIIRS,n,2,293.8,0.75,N,2,VIIRS_NOAA20_SP
22.03392,83.36114,303.77,0.39,0.36,2023-10-19,2009,N20,VIIRS,n,2,293.48,1.42,N,2,VIIRS_NOAA20_SP
22.03844,83.35428,305.44,0.39,0.36,2023-10-19,2009,N20,VIIRS,n,2,293.63,0.66,N,2,VIIRS_NOAA20_SP
22.03904,83.35053,309.93,0.39,0.36,2023-10-19,2009,N20,VIIRS,n,2,292.8,1.29,N,2,VIIRS_NOAA20_SP
22.04045,83.73755,319.8,0.4,0.37,2023-10-19,2009,N20,VIIRS,n,2,295.82,1.44,N,2,VIIRS_NOAA20_SP
22.04108,83.73376,304.84,0.4,0.37,2023-10-19,2009,N20,VIIRS,n,2,294.04,1.44,N,2,VIIRS_NOAA20_SP
22.0444,83.73441,315.81,0.4,0.37,2023-10-19,2009,N20,VIIRS,n,2,294.69,1.69,N,2,VIIRS_NOAA20_SP
22.04503,83.73061,304.79,0.4,0.37,2023-10-19,2009,N20,VIIRS,n,2,293.66,1.01,N,2,VIIRS_NOAA20_SP
22.05547,88.12605,308.75,0.41,0.45,2023-10-19,2009,N20,VIIRS,n,2,297.98,1.79,N,2,VIIRS_NOAA20_SP
22.05553,85.46455,305.7,0.45,0.39,2023-10-19,2009,N20,VIIRS,n,2,291.91,0.91,N,2,VIIRS_NOAA20_SP
22.05621,88.12216,308.17,0.41,0.45,2023-10-19,2009,N20,VIIRS,n,2,297.01,1.79,N,2,VIIRS_NOAA20_SP
22.05626,83.72493,307.57,0.4,0.37,2023-10-19,2009,N20,VIIRS,n,2,294.55,1.15,N,2,VIIRS_NOAA20_SP
22.06503,88.1201,319.23,0.41,0.45,2023-10-19,2009,N20,VIIRS,n,2,294.03,1.4,N,2,VIIRS_NOAA20_SP
22.0974,85.35003,303.65,0.44,0.38,2023-10-19,2009,N20,VIIRS,n,2,291.73,0.8,N,0,VIIRS_NOAA20_SP
22.09985,84.3753,303.81,0.41,0.37,2023-10-19,2009,N20,VIIRS,n,2,292.97,0.64,N,2,VIIRS_NOAA20_SP
22.10376,83.12018,309.69,0.39,0.36,2023-10-19,2009,N20,VIIRS,n,2,294.75,1.51,N,2,VIIRS_NOAA20_SP
22.10622,83.5244,333.0,0.39,0.36,2023-10-19,2009,N20,VIIRS,n,2,297.32,2.21,N,0,VIIRS_NOAA20_SP
22.10683,83.52065,303.33,0.39,0.36,2023-10-19,2009,N20,VIIRS,n,2,292.67,2.21,N,0,VIIRS_NOAA20_SP
22.20703,84.86015,303.67,0.42,0.38,2023-10-19,2009,N20,VIIRS,n,2,293.53,0.62,N,2,VIIRS_NOAA20_SP
22.21113,84.87771,314.49,0.42,0.38,2023-10-19,2009,N20,VIIRS,n,2,294.29,1.27,N,2,VIIRS_NOAA20_SP
22.21251,84.86961,321.57,0.42,0.38,2023-10-19,2009,N20,VIIRS,n,2,293.81,3.69,N,2,VIIRS_NOAA20_SP
22.2132,84.86556,307.77,0.42,0.38,2023-10-19,2009,N20,VIIRS,n,2,294.12,2.22,N,2,VIIRS_NOAA20_SP
22.2139,84.84064,313.35,0.42,0.38,2023-10-19,2009,N20,VIIRS,n,2,293.81,1.37,N,2,VIIRS_NOAA20_SP
22.22557,84.75132,303.41,0.42,0.38,2023-10-19,2009,N20,VIIRS,n,2,293.23,0.85,N,2,VIIRS_NOAA20_SP
22.24356,87.38647,317.7,0.55,0.43,2023-10-19,2009,N20,VIIRS,n,2,294.39,2.69,N,2,VIIRS_NOAA20_SP
22.26486,75.12943,307.05,0.52,0.5,2023-10-19,2009,N20,VIIRS,n,2,293.03,1.22,N,2,VIIRS_NOAA20_SP
22.31418,82.73926,303.72,0.38,0.36,2023-10-19,2009,N20,VIIRS,n,2,293.17,0.58,N,0,VIIRS_NOAA20_SP
22.31606,82.53445,304.75,0.38,0.36,2023-10-19,2009,N20,VIIRS,n,2,293.12,0.44,N,2,VIIRS_NOAA20_SP
22.32186,82.5621,313.78,0.38,0.36,2023-10-19,2009,N20,VIIRS,n,2,295.33,1.43,N,0,VIIRS_NOAA20_SP
22.32317,82.66109,306.89,0.38,0.36,2023-10-19,2009,N20,VIIRS,n,2,293.29,0.98,N,2,VIIRS_NOAA20_SP
22.32591,82.60083,313.69,0.38,0.36,2023-10-19,2009,N20,VIIRS,n,2,293.12,1.5,N,0,VIIRS_NOAA20_SP
22.32624,82.68446,318.77,0.38,0.36,2023-10-19,2009,N20,VIIRS,n,2,294.47,1.83,N,2,VIIRS_NOAA20_SP
22.33091,82.65491,318.75,0.38,0.36,2023-10-19,2009,N20,VIIRS,n,2,295.03,1.33,N,2,VIIRS_NOAA20_SP
22.33149,82.65121,309.75,0.38,0.36,2023-10-19,2009,N20,VIIRS,n,2,293.74,1.33,N,2,VIIRS_NOAA20_SP
22.33191,82.6057,305.82,0.38,0.36,2023-10-19,2009,N20,VIIRS,n,2,293.61,0.78,N,2,VIIRS_NOAA20_SP
22.35938,87.28872,305.37,0.54,0.42,2023-10-19,2009,N20,VIIRS,n,2,294.6,1.41,N,2,VIIRS_NOAA20_SP
22.36389,87.01772,310.89,0.52,0.42,2023-10-19,2009,N20,VIIRS,n,2,294.74,2.05,N,2,VIIRS_NOAA20_SP
22.36509,87.30072,316.21,0.54,0.42,2023-10-19,2009,N20,VIIRS,n,2,296.49,2.64,N,2,VIIRS_NOAA20_SP
22.36766,87.01851,311.34,0.52,0.42,2023-10-19,2009,N20,VIIRS,n,2,295.1,1.39,N,2,VIIRS_NOAA20_SP
22.36892,87.30155,313.24,0.54,0.42,2023-10-19,2009,N20,VIIRS,n,2,295.11,1.94,N,2,VIIRS_NOAA20_SP
22.37665,87.2817,313.97,0.54,0.42,2023-10-19,2009,N20,VIIRS,n,2,296.33,1.96,N,2,VIIRS_NOAA20_SP
22.37762,87.27654,307.77,0.54,0.42,2023-10-19,2009,N20,VIIRS,n,2,294.48,1.83,N,2,VIIRS_NOAA20_SP
22.58867,85.90544,310.65,0.46,0.39,2023-10-19,2009,N20,VIIRS,n,2,294.52,1.01,N,2,VIIRS_NOAA20_SP
22.59056,85.90318,304.83,0.46,0.39,2023-10-19,2009,N20,VIIRS,n,2,293.46,0.94,N,2,VIIRS_NOAA20_SP
22.59222,85.90618,307.51,0.46,0.39,2023-10-19,2009,N20,VIIRS,n,2,293.74,1.01,N,2,VIIRS_NOAA20_SP
22.59412,85.90392,307.26,0.46,0.39,2023-10-19,2009,N20,VIIRS,n,2,294.08,0.94,N,2,VIIRS_NOAA20_SP
22.6325,86.17838,304.57,0.47,0.4,2023-10-19,2009,N20,VIIRS,n,2,292.98,0.76,N,0,VIIRS_NOAA20_SP
22.78364,86.20057,306.26,0.47,0.4,2023-10-19,2009,N20,VIIRS,n,2,294.1,2.17,N,2,VIIRS_NOAA20_SP
22.78805,86.19683,317.95,0.47,0.4,2023-10-19,2009,N20,VIIRS,n,2,294.79,1.67,N,2,VIIRS_NOAA20_SP
22.79002,86.2066,305.77,0.47,0.4,2023-10-19,2009,N20,VIIRS,n,2,294.76,1.22,N,2,VIIRS_NOAA20_SP
22.79084,86.20208,307.16,0.47,0.4,2023-10-19,2009,N20,VIIRS,n,2,294.42,1.22,N,2,VIIRS_NOAA20_SP
22.79165,86.19758,334.37,0.47,0.4,2023-10-19,2009,N20,VIIRS,n,2,296.21,7.48,N,2,VIIRS_NOAA20_SP
22.79279,86.21191,308.58,0.47,0.4,2023-10-19,2009,N20,VIIRS,n,2,293.63,1.3,N,2,VIIRS_NOAA20_SP
22.7972,86.20817,315.78,0.47,0.4,2023-10-19,2009,N20,VIIRS,n,2,294.15,3.69,N,2,VIIRS_NOAA20_SP
22.79802,86.20363,329.11,0.47,0.4,2023-10-19,2009,N20,VIIRS,n,2,294.12,3.69,N,2,VIIRS_NOAA20_SP
22.80036,86.08761,305.0,0.47,0.39,2023-10-19,2009,N20,VIIRS,n,2,293.47,0.83,N,2,VIIRS_NOAA20_SP
22.8576,86.05791,307.51,0.46,0.39,2023-10-19,2009,N20,VIIRS,n,2,293.51,0.76,N,2,VIIRS_NOAA20_SP
22.87545,86.06164,316.98,0.46,0.39,2023-10-19,2009,N20,VIIRS,n,2,293.64,2.28,N,2,VIIRS_NOAA20_SP
22.92403,70.1037,308.73,0.56,0.69,2023-10-19,2009,N20,VIIRS,n,2,293.83,2.04,N,0,VIIRS_NOAA20_SP
22.93036,70.10433,313.74,0.56,0.69,2023-10-19,2009,N20,VIIRS,n,2,293.84,2.04,N,0,VIIRS_NOAA20_SP
22.96329,85.99558,302.74,0.46,0.39,2023-10-19,2009,N20,VIIRS,n,2,291.48,0.65,N,0,VIIRS_NOAA20_SP
23.01674,70.09868,304.36,0.56,0.69,2023-10-19,2009,N20,VIIRS,n,2,292.76,0.53,N,2,VIIRS_NOAA20_SP
23.10565,70.18443,306.0,0.55,0.68,2023-10-19,2009,N20,VIIRS,n,2,293.5,1.01,N,2,VIIRS_NOAA20_SP
23.16861,82.34313,312.37,0.38,0.36,2023-10-19,2009,N20,VIIRS,n,2,292.83,1.04,N,2,VIIRS_NOAA20_SP
23.16919,82.3394,304.17,0.38,0.36,2023-10-19,2009,N20,VIIRS,n,2,292.04,0.94,N,2,VIIRS_NOAA20_SP
23.40942,72.415,305.04,0.4,0.6,2023-10-19,2009,N20,VIIRS,n,2,291.57,0.62,N,0,VIIRS_NOAA20_SP
23.41526,72.35149,304.89,0.4,0.6,2023-10-19,2009,N20,VIIRS,n,2,291.15,0.71,N,0,VIIRS_NOAA20_SP
23.99078,79.39039,307.61,0.47,0.4,2023-10-19,2009,N20,VIIRS,n,2,293.04,1.52,N,2,VIIRS_NOAA20_SP
24.01199,80.53101,307.57,0.42,0.38,2023-10-19,2009,N20,VIIRS,n,2,293.35,1.03,N,0,VIIRS_NOAA20_SP
24.16769,80.69395,309.1,0.42,0.38,2023-10-19,2009,N20,VIIRS,n,2,291.64,1.19,N,2,VIIRS_NOAA20_SP
24.66296,74.6313,304.95,0.6,0.53,2023-10-19,2009,N20,VIIRS,n,2,294.15,1.87,N,2,VIIRS_NOAA20_SP
25.40102,68.55932,304.06,0.73,0.76,2023-10-19,2009,N20,VIIRS,n,2,290.72,0.83,N,0,VIIRS_NOAA20_SP
25.40323,68.55901,301.9,0.73,0.76,2023-10-19,2009,N20,VIIRS,n,2,290.7,0.91,N,0,VIIRS_NOAA20_SP
16.86439,81.96297,305.23,0.39,0.36,2023-10-19,2010,N20,VIIRS,n,2,290.78,0.54,N,0,VIIRS_NOAA20_SP
17.46513,80.65244,315.3,0.39,0.36,2023-10-19,2010,N20,VIIRS,n,2,295.41,1.63,N,0,VIIRS_NOAA20_SP
17.58469,80.31408,305.61,0.39,0.36,2023-10-19,2010,N20,VIIRS,n,2,294.98,1.11,N,0,VIIRS_NOAA20_SP
17.60706,83.20097,311.27,0.41,0.37,2023-10-19,2010,N20,VIIRS,n,2,292.13,1.89,N,2,VIIRS_NOAA20_SP
17.60981,83.20539,309.49,0.41,0.37,2023-10-19,2010,N20,VIIRS,n,2,294.04,3.37,N,2,VIIRS_NOAA20_SP
17.61045,83.20159,307.4,0.41,0.37,2023-10-19,2010,N20,VIIRS,n,2,291.74,1.89,N,2,VIIRS_NOAA20_SP
17.95587,80.79639,308.68,0.39,0.36,2023-10-19,2010,N20,VIIRS,n,2,298.06,1.97,N,2,VIIRS_NOAA20_SP
18.57847,72.23786,327.83,0.36,0.57,2023-10-19,2010,N20,VIIRS,n,2,293.7,4.01,N,3,VIIRS_NOAA20_SP
18.67909,79.55167,310.96,0.41,0.37,2023-10-19,2010,N20,VIIRS,n,2,296.08,1.47,N,0,VIIRS_NOAA20_SP
18.68251,79.55221,307.34,0.41,0.37,2023-10-19,2010,N20,VIIRS,n,2,295.63,0.86,N,0,VIIRS_NOAA20_SP
18.6863,73.03634,316.12,0.32,0.55,2023-10-19,2010,N20,VIIRS,n,2,289.67,2.11,N,2,VIIRS_NOAA20_SP
18.68641,73.03656,314.9,0.32,0.55,2023-10-19,2010,N20,VIIRS,n,2,289.81,1.81,N,2,VIIRS_NOAA20_SP
18.69001,73.04921,307.44,0.32,0.55,2023-10-19,2010,N20,VIIRS,n,2,291.82,1.35,N,2,VIIRS_NOAA20_SP
18.73792,79.53252,309.71,0.42,0.37,2023-10-19,2010,N20,VIIRS,n,2,295.97,0.97,N,2,VIIRS_NOAA20_SP
19.10435,82.16977,304.51,0.39,0.36,2023-10-19,2010,N20,VIIRS,n,2,293.64,0.99,N,0,VIIRS_NOAA20_SP
19.10493,82.16615,325.41,0.39,0.36,2023-10-19,2010,N20,VIIRS,n,2,293.28,0.99,N,0,VIIRS_NOAA20_SP
19.33473,83.42747,302.39,0.4,0.37,2023-10-19,2010,N20,VIIRS,n,2,292.34,0.28,N,0,VIIRS_NOAA20_SP
19.373,71.35377,309.37,0.42,0.61,2023-10-19,2010,N20,VIIRS,n,2,296.36,1.44,N,3,VIIRS_NOAA20_SP
19.37341,71.34973,326.73,0.42,0.61,2023-10-19,2010,N20,VIIRS,n,2,296.61,1.44,N,3,VIIRS_NOAA20_SP
19.53518,73.12115,308.44,0.32,0.55,2023-10-19,2010,N20,VIIRS,n,2,290.83,0.46,N,0,VIIRS_NOAA20_SP
19.72375,79.17513,308.31,0.44,0.38,2023-10-19,2010,N20,VIIRS,n,2,295.65,0.91,N,2,VIIRS_NOAA20_SP
19.92039,79.11433,306.13,0.44,0.38,2023-10-19,2010,N20,VIIRS,n,2,294.27,1.16,N,2,VIIRS_NOAA20_SP
19.93875,73.71296,302.67,0.6,0.53,2023-10-19,2010,N20,VIIRS,n,2,290.71,1.1,N,2,VIIRS_NOAA20_SP
20.17517,78.54701,301.62,0.47,0.4,2023-10-19,2010,N20,VIIRS,n,2,291.41,0.44,N,0,VIIRS_NOAA20_SP
20.29388,78.99986,304.95,0.45,0.39,2023-10-19,2010,N20,VIIRS,n,2,292.97,0.76,N,0,VIIRS_NOAA20_SP
21.10478,72.64461,315.49,0.36,0.58,2023-10-19,2010,N20,VIIRS,n,2,295.23,1.51,N,2,VIIRS_NOAA20_SP
21.10512,72.64108,307.38,0.36,0.58,2023-10-19,2010,N20,VIIRS,n,2,294.53,1.51,N,2,VIIRS_NOAA20_SP
21.10582,72.63403,355.75,0.36,0.58,2023-10-19,2010,N20,VIIRS,n,2,296.26,7.38,N,2,VIIRS_NOAA20_SP
21.11009,72.64523,313.86,0.36,0.58,2023-10-19,2010,N20,VIIRS,n,2,297.02,1.51,N,2,VIIRS_NOAA20_SP
14.60657,78.52154,315.25,0.42,0.38,2023-10-19,2011,N20,VIIRS,n,2,295.87,1.66,N,2,VIIRS_NOAA20_SP
14.72127,77.61591,309.22,0.45,0.39,2023-10-19,2011,N20,VIIRS,n,2,292.29,0.76,N,0,VIIRS_NOAA20_SP
15.02483,78.01283,308.35,0.44,0.38,2023-10-19,2011,N20,VIIRS,n,2,294.49,1.23,N,2,VIIRS_NOAA20_SP
15.15124,76.70829,309.7,0.51,0.41,2023-10-19,2011,N20,VIIRS,n,2,294.08,1.12,N,2,VIIRS_NOAA20_SP
15.17288,76.66311,309.8,0.51,0.41,2023-10-19,2011,N20,VIIRS,n,2,295.35,2.27,N,2,VIIRS_NOAA20_SP
15.1731,76.37671,313.1,0.53,0.42,2023-10-19,2011,N20,VIIRS,n,2,294.6,1.98,N,2,VIIRS_NOAA20_SP
15.17468,76.67789,317.67,0.51,0.41,2023-10-19,2011,N20,VIIRS,n,2,293.76,2.5,N,2,VIIRS_NOAA20_SP
15.17732,76.6589,308.69,0.51,0.41,2023-10-19,2011,N20,VIIRS,n,2,295.15,2.27,N,2,VIIRS_NOAA20_SP
15.17798,76.65414,330.11,0.51,0.41,2023-10-19,2011,N20,VIIRS,n,2,297.62,5.64,N,2,VIIRS_NOAA20_SP
15.17846,76.67842,306.39,0.51,0.41,2023-10-19,2011,N20,VIIRS,n,2,293.89,0.94,N,2,VIIRS_NOAA20_SP
15.1787,77.10085,306.81,0.49,0.4,2023-10-19,2011,N20,VIIRS,n,2,293.73,2.16,N,2,VIIRS_NOAA20_SP
15.17912,76.67368,307.39,0.51,0.41,2023-10-19,2011,N20,VIIRS,n,2,295.08,2.0,N,2,VIIRS_NOAA20_SP
15.19616,76.38014,305.04,0.53,0.42,2023-10-19,2011,N20,VIIRS,n,2,293.55,0.99,N,2,VIIRS_NOAA20_SP
15.33284,76.28586,307.47,0.54,0.42,2023-10-19,2011,N20,VIIRS,n,2,293.21,2.24,N,2,VIIRS_NOAA20_SP
15.33808,76.27636,318.89,0.54,0.42,2023-10-19,2011,N20,VIIRS,n,2,294.39,2.53,N,2,VIIRS_NOAA20_SP
15.52983,73.99154,308.47,0.5,0.49,2023-10-19,2011,N20,VIIRS,n,2,294.95,1.93,N,2,VIIRS_NOAA20_SP
15.66064,73.98875,306.53,0.51,0.49,2023-10-19,2011,N20,VIIRS,n,2,293.47,0.85,N,2,VIIRS_NOAA20_SP
16.76791,80.01334,306.89,0.39,0.36,2023-10-19,2011,N20,VIIRS,n,2,296.13,1.21,N,0,VIIRS_NOAA20_SP
16.81024,79.91486,307.07,0.4,0.37,2023-10-19,2011,N20,VIIRS,n,2,296.84,1.36,N,2,VIIRS_NOAA20_SP
16.8717,80.02235,307.41,0.39,0.36,2023-10-19,2011,N20,VIIRS,n,2,296.81,1.32,N,2,VIIRS_NOAA20_SP
16.8772,80.12082,311.17,0.39,0.36,2023-10-19,2011,N20,VIIRS,n,2,297.54,1.56,N,2,VIIRS_NOAA20_SP
17.0633,76.97717,309.27,0.52,0.41,2023-10-19,2011,N20,VIIRS,n,2,294.45,1.62,N,2,VIIRS_NOAA20_SP
17.1437,77.18197,303.95,0.51,0.41,2023-10-19,2011,N20,VIIRS,n,2,293.92,0.93,N,2,VIIRS_NOAA20_SP
10.93224,77.06403,302.15,0.44,0.39,2023-10-19,2012,N20,VIIRS,n,2,291.1,0.55,N,0,VIIRS_NOAA20_SP
11.30636,79.80677,310.29,0.38,0.36,2023-10-19,2012,N20,VIIRS,n,2,295.15,0.52,N,0,VIIRS_NOAA20_SP
11.81128,77.92149,305.18,0.42,0.37,2023-10-19,2012,N20,VIIRS,n,2,291.89,1.47,N,2,VIIRS_NOAA20_SP
11.81528,77.91822,313.11,0.42,0.37,2023-10-19,2012,N20,VIIRS,n,2,290.7,1.2,N,2,VIIRS_NOAA20_SP
11.81871,77.91875,302.29,0.42,0.37,2023-10-19,2012,N20,VIIRS,n,2,289.4,1.2,N,2,VIIRS_NOAA20_SP
12.96517,79.91196,299.93,0.38,0.36,2023-10-19,2012,N20,VIIRS,n,2,281.84,0.84,N,0,VIIRS_NOAA20_SP
13.9008,76.5628,304.88,0.5,0.41,2023-10-19,2012,N20,VIIRS,n,2,292.51,0.64,N,0,VIIRS_NOAA20_SP
32.29234,70.73776,307.96,0.37,0.58,2023-10-19,2147,N20,VIIRS,n,2,288.69,1.44,N,2,VIIRS_NOAA20_SP
32.29417,70.73049,306.94,0.37,0.58,2023-10-19,2147,N20,VIIRS,n,2,289.29,0.98,N,2,VIIRS_NOAA20_SP
32.38235,72.13829,302.67,0.45,0.63,2023-10-19,2147,N20,VIIRS,n,2,289.2,0.86,N,2,VIIRS_NOAA20_SP
32.88759,71.61549,307.57,0.4,0.6,2023-10-19,2147,N20,VIIRS,n,2,288.77,1.02,N,2,VIIRS_NOAA20_SP
33.4081,71.93745,296.06,0.41,0.61,2023-10-19,2147,N20,VIIRS,n,2,278.99,0.24,N,2,VIIRS_NOAA20_SP
28.05269,69.37,301.61,0.39,0.59,2023-10-19,2148,N20,VIIRS,n,2,289.99,0.59,N,2,VIIRS_NOAA20_SP
28.0536,69.36617,303.09,0.39,0.59,2023-10-19,2148,N20,VIIRS,n,2,290.3,1.01,N,2,VIIRS_NOAA20_SP
23.41593,72.35341,300.68,0.76,0.77,2023-10-19,2149,N20,VIIRS,n,2,289.51,0.85,N,0,VIIRS_NOAA20_SP
25.14053,68.68184,310.92,0.41,0.61,2023-10-19,2149,N20,VIIRS,n,2,292.49,1.17,N,0,VIIRS_NOAA20_SP
25.14114,68.67886,327.73,0.41,0.61,2023-10-19,2149,N20,VIIRS,n,2,292.46,1.53,N,0,VIIRS_NOAA20_SP
25.14145,68.67788,307.66,0.41,0.61,2023-10-19,2149,N20,VIIRS,n,2,292.4,1.15,N,0,VIIRS_NOAA20_SP
25.14656,68.68038,305.86,0.41,0.61,2023-10-19,2149,N20,VIIRS,n,2,293.19,1.53,N,0,VIIRS_NOAA20_SP
25.3999,68.56431,315.73,0.4,0.6,2023-10-19,2149,N20,VIIRS,n,2,292.6,1.18,N,2,VIIRS_NOAA20_SP
25.40385,68.56639,310.28,0.4,0.6,2023-10-19,2149,N20,VIIRS,n,2,293.25,0.99,N,2,VIIRS_NOAA20_SP
25.51849,68.74715,326.26,0.41,0.6,2023-10-19,2149,N20,VIIRS,n,2,292.82,1.95,N,0,VIIRS_NOAA20_SP
25.79676,68.69849,315.41,0.4,0.6,2023-10-19,2149,N20,VIIRS,n,2,293.29,1.82,N,2,VIIRS_NOAA20_SP
26.09447,68.8786,308.56,0.4,0.6,2023-10-19,2149,N20,VIIRS,n,2,293.63,1.01,N,2,VIIRS_NOAA20_SP
26.09556,68.87897,304.94,0.4,0.6,2023-10-19,2149,N20,VIIRS,n,2,293.59,0.61,N,2,VIIRS_NOAA20_SP
22.92313,70.10146,306.07,0.56,0.69,2023-10-19,2150,N20,VIIRS,n,2,292.41,1.79,N,0,VIIRS_NOAA20_SP
22.92664,70.10551,315.01,0.56,0.69,2023-10-19,2150,N20,VIIRS,n,2,293.49,1.52,N,0,VIIRS_NOAA20_SP
23.01301,70.10143,304.56,0.56,0.69,2023-10-19,2150,N20,VIIRS,n,2,293.08,0.76,N,2,VIIRS_NOAA20_SP
