latitude,longitude,bright_ti4,scan,track,acq_date,acq_time,satellite,instrument,confidence,version,bright_ti5,frp,daynight,type,source_product
15.99076,97.68745,337.86,0.5,0.49,2023-11-19,617,N20,VIIRS,n,2,294.78,5.86,D,2,VIIRS_NOAA20_SP
16.5097,95.60239,335.8,0.34,0.56,2023-11-19,617,N20,VIIRS,n,2,291.72,2.16,D,0,VIIRS_NOAA20_SP
16.51553,97.4332,328.03,0.51,0.49,2023-11-19,617,N20,VIIRS,n,2,294.33,3.43,D,0,VIIRS_NOAA20_SP
16.56589,96.37334,340.11,0.6,0.53,2023-11-19,617,N20,VIIRS,n,2,292.73,7.48,D,0,VIIRS_NOAA20_SP
16.69601,95.19259,328.27,0.35,0.57,2023-11-19,617,N20,VIIRS,n,2,291.53,1.94,D,0,VIIRS_NOAA20_SP
16.77781,97.3864,327.57,0.51,0.49,2023-11-19,617,N20,VIIRS,n,2,295.17,3.51,D,0,VIIRS_NOAA20_SP
16.90789,95.41508,334.14,0.34,0.56,2023-11-19,617,N20,VIIRS,n,2,291.09,2.32,D,0,VIIRS_NOAA20_SP
16.96858,96.50981,328.31,0.57,0.52,2023-11-19,617,N20,VIIRS,n,2,292.57,4.55,D,0,VIIRS_NOAA20_SP
16.98603,96.29414,328.58,0.59,0.53,2023-11-19,617,N20,VIIRS,n,2,292.2,3.75,D,0,VIIRS_NOAA20_SP
16.99252,96.53224,341.33,0.57,0.52,2023-11-19,617,N20,VIIRS,n,2,294.01,8.08,D,0,VIIRS_NOAA20_SP
17.03818,96.50941,329.56,0.57,0.52,2023-11-19,617,N20,VIIRS,n,2,293.95,3.07,D,0,VIIRS_NOAA20_SP
17.06738,97.17419,332.9,0.52,0.5,2023-11-19,617,N20,VIIRS,n,2,293.63,3.16,D,0,VIIRS_NOAA20_SP
17.07631,97.11537,332.51,0.52,0.5,2023-11-19,617,N20,VIIRS,n,2,293.67,4.17,D,0,VIIRS_NOAA20_SP
17.12153,97.13103,340.47,0.52,0.5,2023-11-19,617,N20,VIIRS,n,2,294.0,11.61,D,0,VIIRS_NOAA20_SP
17.16208,97.14755,337.41,0.52,0.5,2023-11-19,617,N20,VIIRS,n,2,294.43,5.03,D,0,VIIRS_NOAA20_SP
17.16273,97.14449,332.23,0.52,0.5,2023-11-19,617,N20,VIIRS,n,2,294.05,4.12,D,0,VIIRS_NOAA20_SP
17.32862,96.85188,334.65,0.54,0.5,2023-11-19,617,N20,VIIRS,n,2,293.83,4.35,D,0,VIIRS_NOAA20_SP
17.32988,96.85561,333.51,0.54,0.51,2023-11-19,617,N20,VIIRS,n,2,293.36,5.93,D,0,VIIRS_NOAA20_SP
17.41823,96.57973,345.3,0.56,0.51,2023-11-19,617,N20,VIIRS,n,2,295.03,7.82,D,0,VIIRS_NOAA20_SP
17.41888,96.55819,331.54,0.56,0.51,2023-11-19,617,N20,VIIRS,n,2,293.6,4.46,D,0,VIIRS_NOAA20_SP
17.42322,96.60533,330.55,0.55,0.51,2023-11-19,617,N20,VIIRS,n,2,294.17,2.57,D,0,VIIRS_NOAA20_SP
17.44315,96.55849,327.89,0.56,0.51,2023-11-19,617,N20,VIIRS,n,2,294.08,1.6,D,0,VIIRS_NOAA20_SP
17.69489,96.75859,326.71,0.54,0.5,2023-11-19,617,N20,VIIRS,n,2,292.5,2.03,D,0,VIIRS_NOAA20_SP
17.75556,96.77915,331.1,0.53,0.5,2023-11-19,617,N20,VIIRS,n,2,293.66,6.01,D,0,VIIRS_NOAA20_SP
17.75626,96.78172,333.61,0.53,0.5,2023-11-19,617,N20,VIIRS,n,2,293.44,2.28,D,0,VIIRS_NOAA20_SP
17.76082,96.78077,339.66,0.53,0.5,2023-11-19,617,N20,VIIRS,n,2,294.23,4.87,D,0,VIIRS_NOAA20_SP
17.76108,96.78313,345.06,0.53,0.5,2023-11-19,617,N20,VIIRS,n,2,293.73,8.07,D,0,VIIRS_NOAA20_SP
17.76175,96.78569,333.11,0.53,0.5,2023-11-19,617,N20,VIIRS,n,2,293.7,4.87,D,0,VIIRS_NOAA20_SP
17.76529,95.11994,337.64,0.34,0.56,2023-11-19,617,N20,VIIRS,n,2,291.34,2.38,D,0,VIIRS_NOAA20_SP
17.78578,96.78822,329.42,0.53,0.5,2023-11-19,617,N20,VIIRS,n,2,293.31,2.15,D,0,VIIRS_NOAA20_SP
17.96069,96.59057,328.63,0.54,0.51,2023-11-19,617,N20,VIIRS,n,2,293.69,2.91,D,0,VIIRS_NOAA20_SP
17.97838,96.60773,331.73,0.54,0.51,2023-11-19,617,N20,VIIRS,n,2,291.83,3.45,D,0,VIIRS_NOAA20_SP
18.03269,96.54736,344.89,0.54,0.51,2023-11-19,617,N20,VIIRS,n,2,293.33,7.24,D,0,VIIRS_NOAA20_SP
18.03408,96.54905,340.04,0.54,0.51,2023-11-19,617,N20,VIIRS,n,2,292.84,8.56,D,0,VIIRS_NOAA20_SP
18.05399,96.65398,326.67,0.54,0.5,2023-11-19,617,N20,VIIRS,n,2,294.84,3.07,D,0,VIIRS_NOAA20_SP
18.0779,96.63148,326.62,0.54,0.51,2023-11-19,617,N20,VIIRS,n,2,293.39,0.96,D,0,VIIRS_NOAA20_SP
18.15911,96.75766,328.07,0.52,0.5,2023-11-19,617,N20,VIIRS,n,2,293.62,4.11,D,0,VIIRS_NOAA20_SP
18.20683,96.6119,326.74,0.54,0.5,2023-11-19,617,N20,VIIRS,n,2,292.55,3.35,D,0,VIIRS_NOAA20_SP
18.209,96.54926,330.04,0.54,0.51,2023-11-19,617,N20,VIIRS,n,2,292.92,2.85,D,0,VIIRS_NOAA20_SP
18.24372,96.65553,340.02,0.53,0.5,2023-11-19,617,N20,VIIRS,n,2,294.23,4.77,D,0,VIIRS_NOAA20_SP
18.27584,96.62492,341.48,0.53,0.5,2023-11-19,617,N20,VIIRS,n,2,293.78,5.83,D,0,VIIRS_NOAA20_SP
18.27642,96.62807,347.13,0.53,0.5,2023-11-19,617,N20,VIIRS,n,2,294.47,10.96,D,0,VIIRS_NOAA20_SP
18.27681,96.62985,332.28,0.53,0.5,2023-11-19,617,N20,VIIRS,n,2,293.78,5.83,D,0,VIIRS_NOAA20_SP
24.24232,90.06291,330.99,0.53,0.67,2023-11-19,619,N20,VIIRS,n,2,291.31,6.51,D,0,VIIRS_NOAA20_SP
24.49411,88.15997,332.72,0.68,0.74,2023-11-19,620,N20,VIIRS,n,2,296.6,5.1,D,0,VIIRS_NOAA20_SP
26.56825,91.69532,325.27,0.37,0.58,2023-11-19,620,N20,VIIRS,n,2,293.45,3.22,D,0,VIIRS_NOAA20_SP
26.56909,91.69893,336.09,0.37,0.58,2023-11-19,620,N20,VIIRS,n,2,293.56,3.35,D,0,VIIRS_NOAA20_SP
26.76062,91.17719,325.72,0.39,0.6,2023-11-19,620,N20,VIIRS,n,2,294.74,2.79,D,0,VIIRS_NOAA20_SP
26.81851,90.35046,325.64,0.44,0.62,2023-11-19,620,N20,VIIRS,n,2,292.86,2.87,D,0,VIIRS_NOAA20_SP
26.89792,91.7643,325.51,0.36,0.57,2023-11-19,620,N20,VIIRS,n,2,294.69,2.3,D,0,VIIRS_NOAA20_SP
27.04005,89.58147,326.32,0.49,0.65,2023-11-19,620,N20,VIIRS,n,2,288.94,2.9,D,0,VIIRS_NOAA20_SP
27.31569,95.269,328.56,0.44,0.46,2023-11-19,620,N20,VIIRS,n,2,293.7,1.11,D,2,VIIRS_NOAA20_SP
27.47008,95.42419,329.31,0.42,0.46,2023-11-19,620,N20,VIIRS,n,2,295.37,2.03,D,2,VIIRS_NOAA20_SP
28.66387,95.8644,347.08,0.38,0.43,2023-11-19,620,N20,VIIRS,n,2,298.86,12.72,D,0,VIIRS_NOAA20_SP
28.66696,95.85922,329.26,0.38,0.43,2023-11-19,620,N20,VIIRS,n,2,297.2,15.34,D,0,VIIRS_NOAA20_SP
28.66799,95.86449,334.14,0.38,0.43,2023-11-19,620,N20,VIIRS,n,2,290.85,15.34,D,0,VIIRS_NOAA20_SP
11.87027,76.9161,332.39,0.46,0.39,2023-11-19,757,N20,VIIRS,n,2,302.31,1.67,D,0,VIIRS_NOAA20_SP
11.98283,76.78019,333.95,0.47,0.4,2023-11-19,757,N20,VIIRS,n,2,298.01,3.45,D,0,VIIRS_NOAA20_SP
11.98413,76.78058,340.72,0.47,0.4,2023-11-19,757,N20,VIIRS,n,2,297.72,5.26,D,0,VIIRS_NOAA20_SP
12.30207,77.16492,345.15,0.45,0.39,2023-11-19,757,N20,VIIRS,n,2,301.34,5.9,D,0,VIIRS_NOAA20_SP
12.34996,77.16941,337.22,0.45,0.39,2023-11-19,757,N20,VIIRS,n,2,300.63,4.62,D,0,VIIRS_NOAA20_SP
12.71944,77.87859,345.35,0.42,0.37,2023-11-19,757,N20,VIIRS,n,2,298.21,3.55,D,0,VIIRS_NOAA20_SP
12.84004,77.19415,341.58,0.44,0.38,2023-11-19,757,N20,VIIRS,n,2,301.56,5.69,D,0,VIIRS_NOAA20_SP
12.85098,78.37734,335.13,0.4,0.37,2023-11-19,757,N20,VIIRS,n,2,294.63,1.73,D,0,VIIRS_NOAA20_SP
12.95328,76.79728,343.7,0.46,0.39,2023-11-19,757,N20,VIIRS,n,2,305.81,7.43,D,0,VIIRS_NOAA20_SP
13.02875,78.05962,335.43,0.41,0.37,2023-11-19,757,N20,VIIRS,n,2,301.64,4.78,D,0,VIIRS_NOAA20_SP
13.23778,79.49158,331.78,0.38,0.36,2023-11-19,757,N20,VIIRS,n,2,297.64,3.64,D,0,VIIRS_NOAA20_SP
13.3682,77.59084,342.48,0.42,0.38,2023-11-19,757,N20,VIIRS,n,2,301.08,2.55,D,0,VIIRS_NOAA20_SP
13.36882,77.59467,340.33,0.42,0.38,2023-11-19,757,N20,VIIRS,n,2,302.14,2.39,D,0,VIIRS_NOAA20_SP
13.37163,77.59026,331.26,0.42,0.38,2023-11-19,757,N20,VIIRS,n,2,299.21,1.67,D,0,VIIRS_NOAA20_SP
13.39817,75.96933,329.14,0.5,0.41,2023-11-19,757,N20,VIIRS,n,2,296.65,2.53,D,0,VIIRS_NOAA20_SP
13.54862,77.51298,355.95,0.42,0.38,2023-11-19,757,N20,VIIRS,l,2,304.64,11.1,D,0,VIIRS_NOAA20_SP
13.54924,77.51685,336.21,0.42,0.38,2023-11-19,757,N20,VIIRS,n,2,302.89,4.91,D,0,VIIRS_NOAA20_SP
13.55205,77.51238,351.36,0.42,0.38,2023-11-19,757,N20,VIIRS,n,2,303.36,11.1,D,0,VIIRS_NOAA20_SP
13.55268,77.51625,341.6,0.42,0.38,2023-11-19,757,N20,VIIRS,n,2,303.22,4.91,D,0,VIIRS_NOAA20_SP
13.77765,77.4305,344.55,0.42,0.38,2023-11-19,757,N20,VIIRS,n,2,305.51,4.23,D,0,VIIRS_NOAA20_SP
13.77827,77.43436,347.33,0.42,0.38,2023-11-19,757,N20,VIIRS,n,2,306.06,4.23,D,0,VIIRS_NOAA20_SP
13.79865,77.60472,334.09,0.42,0.37,2023-11-19,757,N20,VIIRS,n,2,301.06,1.76,D,0,VIIRS_NOAA20_SP
13.8806,78.03125,334.6,0.4,0.37,2023-11-19,757,N20,VIIRS,n,2,302.69,2.18,D,0,VIIRS_NOAA20_SP
13.97522,77.48089,337.68,0.42,0.38,2023-11-19,757,N20,VIIRS,n,2,305.44,2.96,D,0,VIIRS_NOAA20_SP
13.97584,77.48473,343.25,0.42,0.38,2023-11-19,757,N20,VIIRS,n,2,305.74,3.1,D,0,VIIRS_NOAA20_SP
13.97927,77.48415,347.48,0.42,0.38,2023-11-19,757,N20,VIIRS,n,2,305.93,6.84,D,0,VIIRS_NOAA20_SP
13.98145,77.47587,338.08,0.42,0.38,2023-11-19,757,N20,VIIRS,n,2,304.06,47.33,D,0,VIIRS_NOAA20_SP
13.98269,77.48357,351.8,0.42,0.38,2023-11-19,757,N20,VIIRS,n,2,305.14,6.84,D,0,VIIRS_NOAA20_SP
13.9855,77.47914,355.36,0.42,0.38,2023-11-19,757,N20,VIIRS,l,2,304.95,6.98,D,0,VIIRS_NOAA20_SP
13.98612,77.48299,350.67,0.42,0.38,2023-11-19,757,N20,VIIRS,n,2,305.44,5.61,D,0,VIIRS_NOAA20_SP
13.98893,77.47856,350.73,0.42,0.38,2023-11-19,757,N20,VIIRS,n,2,304.52,6.98,D,0,VIIRS_NOAA20_SP
13.98955,77.4824,335.36,0.42,0.38,2023-11-19,757,N20,VIIRS,n,2,304.6,5.61,D,0,VIIRS_NOAA20_SP
14.02177,76.94453,338.87,0.44,0.38,2023-11-19,757,N20,VIIRS,n,2,302.54,2.77,D,0,VIIRS_NOAA20_SP
14.02462,76.9399,347.09,0.44,0.38,2023-11-19,757,N20,VIIRS,n,2,303.03,4.56,D,0,VIIRS_NOAA20_SP
14.02527,76.94392,342.51,0.44,0.38,2023-11-19,757,N20,VIIRS,n,2,302.81,2.77,D,0,VIIRS_NOAA20_SP
14.07531,76.71857,341.47,0.45,0.39,2023-11-19,757,N20,VIIRS,n,2,301.96,5.7,D,0,VIIRS_NOAA20_SP
14.19149,77.77989,336.56,0.41,0.37,2023-11-19,757,N20,VIIRS,n,2,304.11,5.0,D,0,VIIRS_NOAA20_SP
14.27343,79.96201,332.64,0.39,0.36,2023-11-19,757,N20,VIIRS,n,2,294.59,13.13,D,0,VIIRS_NOAA20_SP
14.27374,77.59144,335.99,0.41,0.37,2023-11-19,757,N20,VIIRS,l,2,307.6,3.24,D,0,VIIRS_NOAA20_SP
14.62817,79.81744,333.43,0.38,0.36,2023-11-19,757,N20,VIIRS,n,2,300.83,3.25,D,0,VIIRS_NOAA20_SP
14.3243,77.70682,331.57,0.41,0.37,2023-11-19,758,N20,VIIRS,l,2,303.4,1.38,D,0,VIIRS_NOAA20_SP
14.38171,76.59578,335.59,0.45,0.39,2023-11-19,758,N20,VIIRS,n,2,296.33,3.66,D,0,VIIRS_NOAA20_SP
14.38357,77.75084,337.24,0.41,0.37,2023-11-19,758,N20,VIIRS,n,2,305.11,2.02,D,0,VIIRS_NOAA20_SP
14.65182,79.54444,330.45,0.38,0.36,2023-11-19,758,N20,VIIRS,n,2,299.05,2.11,D,0,VIIRS_NOAA20_SP
14.76984,80.05994,330.95,0.39,0.36,2023-11-19,758,N20,VIIRS,n,2,301.23,2.81,D,0,VIIRS_NOAA20_SP
14.77067,78.56944,342.26,0.39,0.36,2023-11-19,758,N20,VIIRS,n,2,309.5,2.62,D,0,VIIRS_NOAA20_SP
14.77251,76.98579,337.67,0.43,0.38,2023-11-19,758,N20,VIIRS,n,2,298.78,4.08,D,0,VIIRS_NOAA20_SP
14.77666,78.43504,338.42,0.39,0.36,2023-11-19,758,N20,VIIRS,n,2,307.59,5.96,D,0,VIIRS_NOAA20_SP
14.85967,77.98748,333.87,0.4,0.37,2023-11-19,758,N20,VIIRS,l,2,304.92,4.07,D,0,VIIRS_NOAA20_SP
14.90872,77.54572,342.06,0.41,0.37,2023-11-19,758,N20,VIIRS,n,2,307.78,12.66,D,0,VIIRS_NOAA20_SP
15.02064,80.01186,341.83,0.39,0.36,2023-11-19,758,N20,VIIRS,n,2,304.55,5.0,D,0,VIIRS_NOAA20_SP
15.15806,77.08627,350.93,0.42,0.38,2023-11-19,758,N20,VIIRS,n,2,302.62,4.57,D,0,VIIRS_NOAA20_SP
15.15869,77.09017,350.04,0.42,0.38,2023-11-19,758,N20,VIIRS,n,2,302.43,4.57,D,0,VIIRS_NOAA20_SP
15.16088,77.08176,335.19,0.42,0.38,2023-11-19,758,N20,VIIRS,n,2,301.94,3.23,D,0,VIIRS_NOAA20_SP
15.1615,77.08567,345.63,0.42,0.38,2023-11-19,758,N20,VIIRS,n,2,300.79,3.82,D,0,VIIRS_NOAA20_SP
15.16213,77.08957,333.45,0.42,0.38,2023-11-19,758,N20,VIIRS,n,2,301.73,3.82,D,0,VIIRS_NOAA20_SP
15.16276,77.09348,336.18,0.42,0.38,2023-11-19,758,N20,VIIRS,n,2,300.87,4.66,D,0,VIIRS_NOAA20_SP
15.16432,77.08116,336.29,0.42,0.38,2023-11-19,758,N20,VIIRS,n,2,302.58,3.23,D,0,VIIRS_NOAA20_SP
15.1665,77.07275,352.18,0.42,0.38,2023-11-19,758,N20,VIIRS,n,2,303.07,5.88,D,0,VIIRS_NOAA20_SP
15.16713,77.07666,356.13,0.42,0.38,2023-11-19,758,N20,VIIRS,l,2,303.14,7.03,D,0,VIIRS_NOAA20_SP
15.16994,77.07216,337.0,0.42,0.38,2023-11-19,758,N20,VIIRS,n,2,299.94,5.88,D,0,VIIRS_NOAA20_SP
15.17057,77.07607,337.88,0.42,0.38,2023-11-19,758,N20,VIIRS,n,2,299.0,7.03,D,0,VIIRS_NOAA20_SP
15.37922,73.87996,338.63,0.41,0.45,2023-11-19,758,N20,VIIRS,n,2,297.19,4.17,D,0,VIIRS_NOAA20_SP
15.51633,76.91666,343.14,0.43,0.38,2023-11-19,758,N20,VIIRS,n,2,287.0,6.87,D,0,VIIRS_NOAA20_SP
15.51697,76.92059,339.57,0.43,0.38,2023-11-19,758,N20,VIIRS,n,2,287.05,2.73,D,0,VIIRS_NOAA20_SP
15.52042,76.91998,339.7,0.43,0.38,2023-11-19,758,N20,VIIRS,n,2,286.94,2.53,D,0,VIIRS_NOAA20_SP
15.60993,73.88235,338.25,0.4,0.45,2023-11-19,758,N20,VIIRS,n,2,292.22,3.52,D,0,VIIRS_NOAA20_SP
15.61058,73.88606,332.49,0.4,0.44,2023-11-19,758,N20,VIIRS,n,2,293.07,3.35,D,0,VIIRS_NOAA20_SP
15.63396,77.77237,331.9,0.4,0.37,2023-11-19,758,N20,VIIRS,l,2,301.98,1.9,D,0,VIIRS_NOAA20_SP
15.63535,78.12235,337.33,0.39,0.36,2023-11-19,758,N20,VIIRS,n,2,302.62,5.1,D,0,VIIRS_NOAA20_SP
15.71479,78.00037,330.35,0.4,0.37,2023-11-19,758,N20,VIIRS,n,2,300.79,1.5,D,0,VIIRS_NOAA20_SP
15.95247,78.28092,331.12,0.39,0.36,2023-11-19,758,N20,VIIRS,l,2,304.54,2.18,D,0,VIIRS_NOAA20_SP
16.00535,78.20528,333.16,0.39,0.36,2023-11-19,758,N20,VIIRS,l,2,303.28,1.7,D,0,VIIRS_NOAA20_SP
16.02327,74.9229,337.9,0.52,0.42,2023-11-19,758,N20,VIIRS,n,2,293.7,6.71,D,0,VIIRS_NOAA20_SP
16.02372,74.92535,332.68,0.52,0.41,2023-11-19,758,N20,VIIRS,n,2,292.28,3.85,D,0,VIIRS_NOAA20_SP
16.05828,80.07648,334.38,0.39,0.36,2023-11-19,758,N20,VIIRS,n,2,297.46,3.3,D,0,VIIRS_NOAA20_SP
16.14428,75.75507,332.02,0.47,0.4,2023-11-19,758,N20,VIIRS,n,2,293.61,2.13,D,0,VIIRS_NOAA20_SP
16.31815,77.57909,336.35,0.4,0.37,2023-11-19,758,N20,VIIRS,n,2,281.15,4.88,D,0,VIIRS_NOAA20_SP
16.32951,75.47083,330.31,0.48,0.4,2023-11-19,758,N20,VIIRS,l,2,304.97,2.1,D,0,VIIRS_NOAA20_SP
16.33617,75.95235,333.14,0.46,0.39,2023-11-19,758,N20,VIIRS,n,2,295.75,3.02,D,0,VIIRS_NOAA20_SP
16.40716,80.47009,336.62,0.4,0.37,2023-11-19,758,N20,VIIRS,n,2,289.25,4.45,D,0,VIIRS_NOAA20_SP
16.46363,75.97452,332.18,0.46,0.39,2023-11-19,758,N20,VIIRS,n,2,301.67,2.49,D,0,VIIRS_NOAA20_SP
16.73158,75.66965,336.37,0.47,0.39,2023-11-19,758,N20,VIIRS,n,2,301.91,1.95,D,0,VIIRS_NOAA20_SP
16.73517,75.669,344.48,0.47,0.39,2023-11-19,758,N20,VIIRS,n,2,302.77,10.44,D,0,VIIRS_NOAA20_SP
16.77153,77.09846,333.73,0.41,0.37,2023-11-19,758,N20,VIIRS,n,2,302.25,3.09,D,0,VIIRS_NOAA20_SP
16.91922,75.53522,337.74,0.47,0.4,2023-11-19,758,N20,VIIRS,n,2,299.66,2.51,D,0,VIIRS_NOAA20_SP
17.02424,75.82987,340.46,0.46,0.39,2023-11-19,758,N20,VIIRS,n,2,303.52,3.73,D,0,VIIRS_NOAA20_SP
17.10562,80.80408,332.67,0.41,0.37,2023-11-19,758,N20,VIIRS,n,2,296.2,2.89,D,0,VIIRS_NOAA20_SP
17.20821,81.18174,331.14,0.42,0.38,2023-11-19,758,N20,VIIRS,n,2,294.96,2.1,D,0,VIIRS_NOAA20_SP
17.26204,76.80835,340.92,0.42,0.37,2023-11-19,758,N20,VIIRS,n,2,281.18,5.74,D,0,VIIRS_NOAA20_SP
17.31827,75.9383,331.32,0.45,0.39,2023-11-19,758,N20,VIIRS,n,2,301.69,2.32,D,0,VIIRS_NOAA20_SP
17.35474,75.98295,347.23,0.44,0.39,2023-11-19,758,N20,VIIRS,n,2,305.39,13.18,D,0,VIIRS_NOAA20_SP
17.39091,75.85287,334.44,0.45,0.39,2023-11-19,758,N20,VIIRS,n,2,301.9,5.09,D,0,VIIRS_NOAA20_SP
17.44077,75.99799,338.81,0.44,0.39,2023-11-19,758,N20,VIIRS,n,2,304.15,4.16,D,0,VIIRS_NOAA20_SP
17.60247,76.37842,346.61,0.43,0.38,2023-11-19,758,N20,VIIRS,n,2,302.4,7.67,D,0,VIIRS_NOAA20_SP
17.60592,76.37781,355.18,0.43,0.38,2023-11-19,758,N20,VIIRS,l,2,303.83,7.67,D,0,VIIRS_NOAA20_SP
17.64007,80.72642,332.13,0.41,0.37,2023-11-19,758,N20,VIIRS,n,2,297.28,2.71,D,0,VIIRS_NOAA20_SP
17.67082,76.36207,333.21,0.43,0.38,2023-11-19,758,N20,VIIRS,n,2,302.42,3.48,D,0,VIIRS_NOAA20_SP
17.67312,76.26691,337.29,0.43,0.38,2023-11-19,758,N20,VIIRS,n,2,299.42,2.67,D,0,VIIRS_NOAA20_SP
17.70877,79.53684,331.13,0.39,0.36,2023-11-19,758,N20,VIIRS,n,2,301.37,2.55,D,0,VIIRS_NOAA20_SP
17.71185,76.33863,336.05,0.43,0.38,2023-11-19,758,N20,VIIRS,n,2,300.64,8.62,D,0,VIIRS_NOAA20_SP
17.73173,78.16183,333.94,0.39,0.36,2023-11-19,758,N20,VIIRS,n,2,294.28,2.39,D,0,VIIRS_NOAA20_SP
17.75499,78.24686,331.23,0.39,0.36,2023-11-19,758,N20,VIIRS,n,2,289.67,2.17,D,0,VIIRS_NOAA20_SP
17.78798,78.12967,331.55,0.39,0.36,2023-11-19,758,N20,VIIRS,n,2,299.31,2.97,D,0,VIIRS_NOAA20_SP
17.80231,79.23133,330.48,0.39,0.36,2023-11-19,758,N20,VIIRS,n,2,303.02,2.64,D,0,VIIRS_NOAA20_SP
17.81338,78.16249,336.04,0.39,0.36,2023-11-19,758,N20,VIIRS,n,2,301.06,3.69,D,0,VIIRS_NOAA20_SP
17.82765,78.14524,332.65,0.39,0.36,2023-11-19,758,N20,VIIRS,n,2,302.38,2.64,D,0,VIIRS_NOAA20_SP
17.90061,79.25229,339.97,0.39,0.36,2023-11-19,758,N20,VIIRS,n,2,300.51,3.27,D,0,VIIRS_NOAA20_SP
17.90803,78.20207,333.31,0.39,0.36,2023-11-19,758,N20,VIIRS,n,2,298.02,4.81,D,0,VIIRS_NOAA20_SP
17.93949,79.01258,332.14,0.38,0.36,2023-11-19,758,N20,VIIRS,n,2,294.03,2.15,D,0,VIIRS_NOAA20_SP
17.96544,78.37742,346.43,0.38,0.36,2023-11-19,758,N20,VIIRS,n,2,303.54,5.47,D,0,VIIRS_NOAA20_SP
18.00197,78.28208,337.06,0.39,0.36,2023-11-19,758,N20,VIIRS,n,2,302.54,4.05,D,0,VIIRS_NOAA20_SP
18.03,78.28848,335.27,0.39,0.36,2023-11-19,758,N20,VIIRS,n,2,295.95,3.87,D,0,VIIRS_NOAA20_SP
18.05745,78.00546,331.77,0.39,0.36,2023-11-19,758,N20,VIIRS,n,2,300.14,3.3,D,0,VIIRS_NOAA20_SP
18.07255,78.10332,335.47,0.39,0.36,2023-11-19,758,N20,VIIRS,n,2,301.58,3.51,D,0,VIIRS_NOAA20_SP
18.0726,78.1256,351.45,0.39,0.36,2023-11-19,758,N20,VIIRS,n,2,304.74,9.99,D,0,VIIRS_NOAA20_SP
18.07401,78.33289,339.11,0.38,0.36,2023-11-19,758,N20,VIIRS,n,2,301.79,4.31,D,0,VIIRS_NOAA20_SP
18.07824,78.20628,334.68,0.39,0.36,2023-11-19,758,N20,VIIRS,n,2,300.0,3.39,D,0,VIIRS_NOAA20_SP
18.07938,78.23572,344.57,0.39,0.36,2023-11-19,758,N20,VIIRS,n,2,296.91,3.43,D,0,VIIRS_NOAA20_SP
18.08212,78.23155,342.6,0.39,0.36,2023-11-19,758,N20,VIIRS,n,2,293.93,2.77,D,0,VIIRS_NOAA20_SP
18.08268,78.23517,331.24,0.39,0.36,2023-11-19,758,N20,VIIRS,n,2,296.19,2.77,D,0,VIIRS_NOAA20_SP
18.09205,78.25211,334.04,0.39,0.36,2023-11-19,758,N20,VIIRS,n,2,300.11,2.69,D,0,VIIRS_NOAA20_SP
18.11251,78.54074,330.25,0.38,0.36,2023-11-19,758,N20,VIIRS,n,2,297.83,0.95,D,0,VIIRS_NOAA20_SP
18.20286,79.09472,333.56,0.39,0.36,2023-11-19,758,N20,VIIRS,n,2,286.95,2.25,D,0,VIIRS_NOAA20_SP
18.21968,79.5051,332.61,0.39,0.36,2023-11-19,758,N20,VIIRS,n,2,300.24,2.8,D,0,VIIRS_NOAA20_SP
18.26425,79.39328,335.61,0.39,0.36,2023-11-19,758,N20,VIIRS,n,2,282.45,2.81,D,0,VIIRS_NOAA20_SP
18.27212,83.12256,331.31,0.53,0.42,2023-11-19,758,N20,VIIRS,n,2,297.85,2.22,D,0,VIIRS_NOAA20_SP
17.71142,75.68456,331.15,0.45,0.39,2023-11-19,759,N20,VIIRS,n,2,293.49,3.53,D,0,VIIRS_NOAA20_SP
17.80241,76.24852,336.73,0.43,0.38,2023-11-19,759,N20,VIIRS,n,2,297.87,2.4,D,0,VIIRS_NOAA20_SP
18.01426,74.46293,330.8,0.52,0.41,2023-11-19,759,N20,VIIRS,n,2,301.21,1.95,D,0,VIIRS_NOAA20_SP
18.01469,74.46652,331.02,0.52,0.41,2023-11-19,759,N20,VIIRS,n,2,300.92,2.55,D,0,VIIRS_NOAA20_SP
18.05171,76.50244,339.34,0.42,0.38,2023-11-19,759,N20,VIIRS,n,2,299.43,2.58,D,0,VIIRS_NOAA20_SP
18.1176,78.15071,330.13,0.39,0.36,2023-11-19,759,N20,VIIRS,n,2,298.91,1.69,D,0,VIIRS_NOAA20_SP
18.17555,78.2855,338.0,0.39,0.36,2023-11-19,759,N20,VIIRS,n,2,302.37,4.33,D,0,VIIRS_NOAA20_SP
18.18688,78.04947,332.99,0.39,0.36,2023-11-19,759,N20,VIIRS,n,2,303.42,1.29,D,0,VIIRS_NOAA20_SP
18.21065,77.78788,333.93,0.39,0.36,2023-11-19,759,N20,VIIRS,n,2,298.84,2.5,D,0,VIIRS_NOAA20_SP
18.21644,77.99977,334.07,0.39,0.36,2023-11-19,759,N20,VIIRS,n,2,306.43,2.76,D,0,VIIRS_NOAA20_SP
18.21727,77.78674,331.21,0.39,0.36,2023-11-19,759,N20,VIIRS,n,2,298.7,2.09,D,0,VIIRS_NOAA20_SP
18.21756,77.85406,334.35,0.39,0.36,2023-11-19,759,N20,VIIRS,n,2,304.64,2.92,D,0,VIIRS_NOAA20_SP
18.2336,78.82261,331.91,0.38,0.36,2023-11-19,759,N20,VIIRS,n,2,298.61,1.53,D,0,VIIRS_NOAA20_SP
18.25192,77.90049,342.5,0.39,0.36,2023-11-19,759,N20,VIIRS,n,2,304.29,6.98,D,0,VIIRS_NOAA20_SP
18.25417,77.91503,336.02,0.39,0.36,2023-11-19,759,N20,VIIRS,n,2,304.57,3.48,D,0,VIIRS_NOAA20_SP
18.25748,77.91446,335.66,0.39,0.36,2023-11-19,759,N20,VIIRS,n,2,302.31,2.86,D,0,VIIRS_NOAA20_SP
18.28967,77.90146,330.04,0.39,0.36,2023-11-19,759,N20,VIIRS,l,2,304.76,4.28,D,0,VIIRS_NOAA20_SP
18.29414,79.22758,334.03,0.39,0.36,2023-11-19,759,N20,VIIRS,n,2,298.9,3.43,D,0,VIIRS_NOAA20_SP
18.30336,77.88044,338.98,0.39,0.36,2023-11-19,759,N20,VIIRS,n,2,303.47,3.0,D,0,VIIRS_NOAA20_SP
18.30667,77.87988,332.35,0.39,0.36,2023-11-19,759,N20,VIIRS,n,2,303.15,2.18,D,0,VIIRS_NOAA20_SP
18.31269,79.28412,335.17,0.39,0.36,2023-11-19,759,N20,VIIRS,n,2,298.59,2.49,D,0,VIIRS_NOAA20_SP
18.32093,77.86249,340.07,0.39,0.36,2023-11-19,759,N20,VIIRS,n,2,305.41,7.25,D,0,VIIRS_NOAA20_SP
18.32424,77.86192,336.24,0.39,0.36,2023-11-19,759,N20,VIIRS,n,2,304.13,2.89,D,0,VIIRS_NOAA20_SP
18.32699,78.01077,331.69,0.39,0.36,2023-11-19,759,N20,VIIRS,n,2,299.53,2.05,D,0,VIIRS_NOAA20_SP
18.33199,77.86807,339.6,0.39,0.36,2023-11-19,759,N20,VIIRS,n,2,303.23,2.94,D,0,VIIRS_NOAA20_SP
18.33651,77.89719,340.05,0.39,0.36,2023-11-19,759,N20,VIIRS,n,2,304.84,2.9,D,0,VIIRS_NOAA20_SP
18.34391,77.81368,331.94,0.39,0.36,2023-11-19,759,N20,VIIRS,n,2,301.59,1.8,D,0,VIIRS_NOAA20_SP
18.34855,73.2612,343.78,0.4,0.44,2023-11-19,759,N20,VIIRS,n,2,300.83,5.4,D,0,VIIRS_NOAA20_SP
18.34955,73.26043,342.37,0.4,0.44,2023-11-19,759,N20,VIIRS,n,2,301.48,5.08,D,0,VIIRS_NOAA20_SP
18.35382,77.96522,331.14,0.39,0.36,2023-11-19,759,N20,VIIRS,l,2,303.45,4.31,D,0,VIIRS_NOAA20_SP
18.36317,77.95991,334.28,0.39,0.36,2023-11-19,759,N20,VIIRS,l,2,305.94,5.48,D,0,VIIRS_NOAA20_SP
18.37803,77.92337,330.15,0.39,0.36,2023-11-19,759,N20,VIIRS,l,2,302.88,2.23,D,0,VIIRS_NOAA20_SP
18.38316,78.02356,332.55,0.39,0.36,2023-11-19,759,N20,VIIRS,n,2,302.81,3.31,D,0,VIIRS_NOAA20_SP
18.388,77.81326,331.47,0.39,0.36,2023-11-19,759,N20,VIIRS,l,2,304.58,3.07,D,0,VIIRS_NOAA20_SP
18.39265,77.86482,333.52,0.39,0.36,2023-11-19,759,N20,VIIRS,n,2,302.53,1.83,D,0,VIIRS_NOAA20_SP
18.39699,77.84914,338.49,0.39,0.36,2023-11-19,759,N20,VIIRS,n,2,301.01,5.79,D,0,VIIRS_NOAA20_SP
18.39716,77.05264,330.79,0.4,0.37,2023-11-19,759,N20,VIIRS,n,2,302.14,1.28,D,0,VIIRS_NOAA20_SP
18.39838,77.79276,345.09,0.39,0.36,2023-11-19,759,N20,VIIRS,n,2,304.09,8.52,D,0,VIIRS_NOAA20_SP
18.39859,77.83764,347.91,0.39,0.36,2023-11-19,759,N20,VIIRS,n,2,308.12,5.54,D,0,VIIRS_NOAA20_SP
18.39916,77.84129,342.25,0.39,0.36,2023-11-19,759,N20,VIIRS,n,2,307.68,5.01,D,0,VIIRS_NOAA20_SP
18.40578,77.84016,331.15,0.39,0.36,2023-11-19,759,N20,VIIRS,l,2,302.42,2.99,D,0,VIIRS_NOAA20_SP
18.40912,79.29418,331.8,0.39,0.36,2023-11-19,759,N20,VIIRS,n,2,298.03,2.31,D,0,VIIRS_NOAA20_SP
18.42183,77.85611,337.63,0.39,0.36,2023-11-19,759,N20,VIIRS,n,2,304.09,3.25,D,0,VIIRS_NOAA20_SP
18.42484,77.91913,335.73,0.39,0.36,2023-11-19,759,N20,VIIRS,n,2,306.97,3.03,D,0,VIIRS_NOAA20_SP
18.42552,77.81433,334.19,0.39,0.36,2023-11-19,759,N20,VIIRS,n,2,303.78,3.69,D,0,VIIRS_NOAA20_SP
18.42645,77.90764,332.11,0.39,0.36,2023-11-19,759,N20,VIIRS,l,2,303.19,1.64,D,0,VIIRS_NOAA20_SP
18.43069,76.15908,340.36,0.43,0.38,2023-11-19,759,N20,VIIRS,n,2,301.47,2.24,D,0,VIIRS_NOAA20_SP
18.44119,78.28802,331.64,0.38,0.36,2023-11-19,759,N20,VIIRS,n,2,298.88,4.56,D,0,VIIRS_NOAA20_SP
18.44386,78.23941,336.52,0.38,0.36,2023-11-19,759,N20,VIIRS,n,2,302.22,3.16,D,0,VIIRS_NOAA20_SP
18.46561,77.91962,332.64,0.39,0.36,2023-11-19,759,N20,VIIRS,n,2,306.52,1.58,D,0,VIIRS_NOAA20_SP
18.47923,78.62991,338.12,0.38,0.36,2023-11-19,759,N20,VIIRS,n,2,301.09,3.8,D,0,VIIRS_NOAA20_SP
18.48092,77.81979,333.53,0.39,0.36,2023-11-19,759,N20,VIIRS,l,2,305.21,2.82,D,0,VIIRS_NOAA20_SP
18.49268,76.4485,335.21,0.42,0.37,2023-11-19,759,N20,VIIRS,n,2,306.17,7.91,D,0,VIIRS_NOAA20_SP
18.49324,77.74649,334.46,0.39,0.36,2023-11-19,759,N20,VIIRS,l,2,306.1,2.36,D,0,VIIRS_NOAA20_SP
18.49374,79.40751,334.3,0.39,0.36,2023-11-19,759,N20,VIIRS,n,2,301.61,3.72,D,0,VIIRS_NOAA20_SP
18.49381,77.75014,335.87,0.39,0.36,2023-11-19,759,N20,VIIRS,l,2,307.81,2.54,D,0,VIIRS_NOAA20_SP
18.49976,79.2869,340.98,0.39,0.36,2023-11-19,759,N20,VIIRS,n,2,301.17,4.7,D,0,VIIRS_NOAA20_SP
18.50728,77.92365,331.37,0.39,0.36,2023-11-19,759,N20,VIIRS,l,2,301.76,2.99,D,0,VIIRS_NOAA20_SP
18.51104,77.77342,341.21,0.39,0.36,2023-11-19,759,N20,VIIRS,n,2,305.44,2.77,D,0,VIIRS_NOAA20_SP
18.52087,78.3894,335.44,0.38,0.36,2023-11-19,759,N20,VIIRS,n,2,305.28,3.52,D,0,VIIRS_NOAA20_SP
18.52518,78.68472,333.09,0.38,0.36,2023-11-19,759,N20,VIIRS,n,2,293.89,1.49,D,0,VIIRS_NOAA20_SP
18.52766,79.17796,334.15,0.39,0.36,2023-11-19,759,N20,VIIRS,n,2,297.34,3.03,D,0,VIIRS_NOAA20_SP
18.53061,78.18385,330.94,0.39,0.36,2023-11-19,759,N20,VIIRS,n,2,302.37,2.42,D,0,VIIRS_NOAA20_SP
18.54979,77.80425,352.41,0.39,0.36,2023-11-19,759,N20,VIIRS,n,2,309.29,9.45,D,0,VIIRS_NOAA20_SP
18.55491,78.43552,332.2,0.38,0.36,2023-11-19,759,N20,VIIRS,l,2,303.38,2.98,D,0,VIIRS_NOAA20_SP
18.55739,78.11617,334.03,0.39,0.36,2023-11-19,759,N20,VIIRS,n,2,304.15,2.36,D,0,VIIRS_NOAA20_SP
18.55945,78.41614,335.91,0.38,0.36,2023-11-19,759,N20,VIIRS,n,2,302.73,1.84,D,0,VIIRS_NOAA20_SP
18.57512,78.18745,333.85,0.39,0.36,2023-11-19,759,N20,VIIRS,n,2,306.48,3.24,D,0,VIIRS_NOAA20_SP
18.57567,78.19106,342.07,0.39,0.36,2023-11-19,759,N20,VIIRS,n,2,305.05,4.13,D,0,VIIRS_NOAA20_SP
18.57746,78.29088,332.41,0.38,0.36,2023-11-19,759,N20,VIIRS,n,2,301.6,1.75,D,0,VIIRS_NOAA20_SP
18.59536,78.14316,335.93,0.39,0.36,2023-11-19,759,N20,VIIRS,n,2,304.79,4.06,D,0,VIIRS_NOAA20_SP
18.60543,77.81246,330.36,0.39,0.36,2023-11-19,759,N20,VIIRS,l,2,303.73,2.27,D,0,VIIRS_NOAA20_SP
18.61127,77.76277,337.01,0.39,0.36,2023-11-19,759,N20,VIIRS,n,2,307.05,3.89,D,0,VIIRS_NOAA20_SP
18.61158,77.83012,332.91,0.39,0.36,2023-11-19,759,N20,VIIRS,n,2,304.95,2.23,D,0,VIIRS_NOAA20_SP
18.61184,77.76643,336.98,0.39,0.36,2023-11-19,759,N20,VIIRS,n,2,306.82,4.87,D,0,VIIRS_NOAA20_SP
18.62364,78.37204,330.73,0.38,0.36,2023-11-19,759,N20,VIIRS,l,2,305.19,2.12,D,0,VIIRS_NOAA20_SP
18.62739,78.6861,333.69,0.38,0.36,2023-11-19,759,N20,VIIRS,n,2,300.29,5.35,D,0,VIIRS_NOAA20_SP
18.63243,78.38539,330.16,0.38,0.36,2023-11-19,759,N20,VIIRS,l,2,304.92,1.27,D,0,VIIRS_NOAA20_SP
18.63301,77.81521,332.22,0.39,0.36,2023-11-19,759,N20,VIIRS,l,2,303.24,3.26,D,0,VIIRS_NOAA20_SP
18.63355,78.437,332.44,0.38,0.36,2023-11-19,759,N20,VIIRS,l,2,304.5,2.02,D,0,VIIRS_NOAA20_SP
18.63358,77.81886,341.96,0.39,0.36,2023-11-19,759,N20,VIIRS,n,2,306.78,3.26,D,0,VIIRS_NOAA20_SP
18.63523,77.9605,334.26,0.39,0.36,2023-11-19,759,N20,VIIRS,l,2,304.53,3.72,D,0,VIIRS_NOAA20_SP
18.63629,78.43285,334.15,0.38,0.36,2023-11-19,759,N20,VIIRS,l,2,304.46,1.44,D,0,VIIRS_NOAA20_SP
18.64899,77.96188,332.12,0.39,0.36,2023-11-19,759,N20,VIIRS,l,2,303.24,1.74,D,0,VIIRS_NOAA20_SP
18.65119,78.17355,336.89,0.39,0.36,2023-11-19,759,N20,VIIRS,n,2,305.81,11.92,D,0,VIIRS_NOAA20_SP
18.65276,78.54121,331.66,0.38,0.36,2023-11-19,759,N20,VIIRS,n,2,302.65,1.6,D,0,VIIRS_NOAA20_SP
18.65449,78.17299,340.52,0.39,0.36,2023-11-19,759,N20,VIIRS,n,2,308.81,11.92,D,0,VIIRS_NOAA20_SP
18.65718,78.14654,349.26,0.39,0.36,2023-11-19,759,N20,VIIRS,n,2,306.31,6.26,D,0,VIIRS_NOAA20_SP
18.65774,78.15015,336.21,0.39,0.36,2023-11-19,759,N20,VIIRS,n,2,304.03,6.26,D,0,VIIRS_NOAA20_SP
18.65915,77.8743,330.71,0.39,0.36,2023-11-19,759,N20,VIIRS,l,2,305.67,1.7,D,0,VIIRS_NOAA20_SP
18.66285,77.83255,338.22,0.39,0.36,2023-11-19,759,N20,VIIRS,n,2,305.33,4.51,D,0,VIIRS_NOAA20_SP
18.66616,77.83198,344.39,0.39,0.36,2023-11-19,759,N20,VIIRS,n,2,307.23,13.46,D,0,VIIRS_NOAA20_SP
18.66878,78.17799,335.49,0.38,0.36,2023-11-19,759,N20,VIIRS,l,2,305.74,5.34,D,0,VIIRS_NOAA20_SP
18.67016,78.72344,330.65,0.38,0.36,2023-11-19,759,N20,VIIRS,n,2,294.48,2.28,D,0,VIIRS_NOAA20_SP
18.67107,77.81991,338.08,0.39,0.36,2023-11-19,759,N20,VIIRS,n,2,305.09,1.97,D,0,VIIRS_NOAA20_SP
18.67228,77.84963,337.55,0.39,0.36,2023-11-19,759,N20,VIIRS,n,2,306.14,3.65,D,0,VIIRS_NOAA20_SP
18.67285,77.85327,334.02,0.39,0.36,2023-11-19,759,N20,VIIRS,l,2,306.08,2.83,D,0,VIIRS_NOAA20_SP
18.67319,78.18468,335.89,0.38,0.36,2023-11-19,759,N20,VIIRS,n,2,305.04,2.41,D,0,VIIRS_NOAA20_SP
18.67654,73.69811,335.4,0.56,0.43,2023-11-19,759,N20,VIIRS,n,2,302.34,4.85,D,0,VIIRS_NOAA20_SP
18.68155,77.82185,353.33,0.39,0.36,2023-11-19,759,N20,VIIRS,n,2,306.75,8.06,D,0,VIIRS_NOAA20_SP
18.68192,74.58988,332.81,0.5,0.41,2023-11-19,759,N20,VIIRS,n,2,302.96,3.53,D,0,VIIRS_NOAA20_SP
18.68258,73.04247,344.12,0.4,0.45,2023-11-19,759,N20,VIIRS,n,2,303.09,6.37,D,2,VIIRS_NOAA20_SP
18.70801,78.43461,333.79,0.38,0.36,2023-11-19,759,N20,VIIRS,n,2,306.54,1.88,D,0,VIIRS_NOAA20_SP
18.70978,77.91415,330.54,0.39,0.36,2023-11-19,759,N20,VIIRS,l,2,303.71,1.4,D,0,VIIRS_NOAA20_SP
18.7179,78.03204,334.47,0.39,0.36,2023-11-19,759,N20,VIIRS,n,2,305.03,4.22,D,0,VIIRS_NOAA20_SP
18.72545,78.68359,330.92,0.38,0.36,2023-11-19,759,N20,VIIRS,n,2,300.11,2.55,D,0,VIIRS_NOAA20_SP
18.73514,77.92474,331.86,0.39,0.36,2023-11-19,759,N20,VIIRS,n,2,304.72,1.61,D,0,VIIRS_NOAA20_SP
18.74084,77.83038,340.32,0.39,0.36,2023-11-19,759,N20,VIIRS,n,2,307.29,3.78,D,0,VIIRS_NOAA20_SP
18.74496,78.07581,347.78,0.39,0.36,2023-11-19,759,N20,VIIRS,n,2,307.09,6.14,D,0,VIIRS_NOAA20_SP
18.74552,78.07943,337.77,0.39,0.36,2023-11-19,759,N20,VIIRS,n,2,304.69,3.17,D,0,VIIRS_NOAA20_SP
18.74801,77.83289,337.29,0.39,0.36,2023-11-19,759,N20,VIIRS,n,2,306.07,3.03,D,0,VIIRS_NOAA20_SP
18.74948,78.12708,331.23,0.39,0.36,2023-11-19,759,N20,VIIRS,n,2,301.7,1.31,D,0,VIIRS_NOAA20_SP
18.75075,77.82867,338.02,0.39,0.36,2023-11-19,759,N20,VIIRS,n,2,307.54,5.12,D,0,VIIRS_NOAA20_SP
18.75131,77.83232,338.0,0.39,0.36,2023-11-19,759,N20,VIIRS,n,2,305.6,3.03,D,0,VIIRS_NOAA20_SP
18.75541,78.07775,337.04,0.39,0.36,2023-11-19,759,N20,VIIRS,n,2,304.7,3.45,D,0,VIIRS_NOAA20_SP
18.75871,78.07719,336.65,0.39,0.36,2023-11-19,759,N20,VIIRS,n,2,305.13,4.4,D,0,VIIRS_NOAA20_SP
18.75926,78.08082,344.29,0.39,0.36,2023-11-19,759,N20,VIIRS,n,2,307.25,4.4,D,0,VIIRS_NOAA20_SP
18.75982,78.08443,334.47,0.39,0.36,2023-11-19,759,N20,VIIRS,n,2,306.06,6.16,D,0,VIIRS_NOAA20_SP
18.76477,77.89728,340.11,0.39,0.36,2023-11-19,759,N20,VIIRS,n,2,304.51,3.06,D,0,VIIRS_NOAA20_SP
18.76646,77.90819,345.77,0.39,0.36,2023-11-19,759,N20,VIIRS,n,2,304.96,2.71,D,0,VIIRS_NOAA20_SP
18.7673,78.42467,334.42,0.38,0.36,2023-11-19,759,N20,VIIRS,l,2,305.46,2.64,D,0,VIIRS_NOAA20_SP
18.78023,77.90957,337.48,0.39,0.36,2023-11-19,759,N20,VIIRS,n,2,305.22,2.69,D,0,VIIRS_NOAA20_SP
18.78443,78.44393,339.52,0.38,0.36,2023-11-19,759,N20,VIIRS,n,2,305.51,4.6,D,0,VIIRS_NOAA20_SP
18.7965,78.43449,336.49,0.38,0.36,2023-11-19,759,N20,VIIRS,n,2,304.03,3.79,D,0,VIIRS_NOAA20_SP
18.81335,78.21284,347.22,0.38,0.36,2023-11-19,759,N20,VIIRS,n,2,308.31,13.13,D,0,VIIRS_NOAA20_SP
18.81664,78.21229,355.94,0.38,0.36,2023-11-19,759,N20,VIIRS,n,2,307.59,13.13,D,0,VIIRS_NOAA20_SP
18.82444,78.30747,331.99,0.38,0.36,2023-11-19,759,N20,VIIRS,n,2,304.25,1.06,D,0,VIIRS_NOAA20_SP
18.83353,78.12398,335.03,0.39,0.36,2023-11-19,759,N20,VIIRS,n,2,304.77,2.0,D,0,VIIRS_NOAA20_SP
18.84194,78.04406,333.18,0.39,0.36,2023-11-19,759,N20,VIIRS,n,2,304.4,2.99,D,0,VIIRS_NOAA20_SP
18.84237,78.00303,330.86,0.39,0.36,2023-11-19,759,N20,VIIRS,l,2,305.02,2.86,D,0,VIIRS_NOAA20_SP
18.84268,78.11462,331.74,0.39,0.36,2023-11-19,759,N20,VIIRS,n,2,303.96,1.57,D,0,VIIRS_NOAA20_SP
18.84968,78.29579,340.01,0.38,0.36,2023-11-19,759,N20,VIIRS,n,2,306.43,3.87,D,0,VIIRS_NOAA20_SP
18.84975,78.42928,336.49,0.38,0.36,2023-11-19,759,N20,VIIRS,n,2,305.2,3.28,D,0,VIIRS_NOAA20_SP
18.85269,77.96027,330.83,0.39,0.36,2023-11-19,759,N20,VIIRS,n,2,304.22,1.45,D,0,VIIRS_NOAA20_SP
18.85599,77.9597,334.88,0.39,0.36,2023-11-19,759,N20,VIIRS,n,2,304.4,1.07,D,0,VIIRS_NOAA20_SP
18.85908,78.424,332.97,0.38,0.36,2023-11-19,759,N20,VIIRS,n,2,301.12,2.27,D,0,VIIRS_NOAA20_SP
18.86439,78.2781,341.8,0.38,0.36,2023-11-19,759,N20,VIIRS,n,2,307.52,7.73,D,0,VIIRS_NOAA20_SP
18.88741,78.25194,333.5,0.38,0.36,2023-11-19,759,N20,VIIRS,n,2,301.2,1.71,D,0,VIIRS_NOAA20_SP
18.90914,78.10706,347.18,0.39,0.36,2023-11-19,759,N20,VIIRS,n,2,306.62,4.96,D,0,VIIRS_NOAA20_SP
18.91938,72.04349,339.13,0.46,0.47,2023-11-19,759,N20,VIIRS,n,2,297.01,9.95,D,3,VIIRS_NOAA20_SP
18.92561,78.10426,332.25,0.39,0.36,2023-11-19,759,N20,VIIRS,l,2,305.69,2.96,D,0,VIIRS_NOAA20_SP
18.92891,78.10371,333.63,0.39,0.36,2023-11-19,759,N20,VIIRS,l,2,305.82,2.96,D,0,VIIRS_NOAA20_SP
18.92954,75.51869,346.53,0.45,0.39,2023-11-19,759,N20,VIIRS,n,2,302.29,5.03,D,0,VIIRS_NOAA20_SP
18.97171,76.22153,348.18,0.42,0.38,2023-11-19,759,N20,VIIRS,n,2,305.96,5.13,D,0,VIIRS_NOAA20_SP
18.97215,76.22112,337.67,0.42,0.38,2023-11-19,759,N20,VIIRS,n,2,305.49,4.13,D,0,VIIRS_NOAA20_SP
19.0959,77.53519,336.69,0.39,0.36,2023-11-19,759,N20,VIIRS,n,2,304.96,3.99,D,0,VIIRS_NOAA20_SP
19.10978,83.76002,332.75,0.39,0.44,2023-11-19,759,N20,VIIRS,n,2,301.73,2.25,D,0,VIIRS_NOAA20_SP
19.18479,76.44901,337.65,0.41,0.37,2023-11-19,759,N20,VIIRS,n,2,300.16,6.99,D,0,VIIRS_NOAA20_SP
19.22206,75.2259,339.12,0.46,0.39,2023-11-19,759,N20,VIIRS,n,2,307.25,10.24,D,0,VIIRS_NOAA20_SP
19.28715,75.44128,332.09,0.45,0.39,2023-11-19,759,N20,VIIRS,n,2,301.58,3.87,D,0,VIIRS_NOAA20_SP
19.29772,77.02381,336.59,0.4,0.37,2023-11-19,759,N20,VIIRS,n,2,305.49,6.98,D,0,VIIRS_NOAA20_SP
19.35562,77.30424,334.28,0.39,0.36,2023-11-19,759,N20,VIIRS,n,2,304.84,3.3,D,0,VIIRS_NOAA20_SP
19.37779,84.7375,328.46,0.46,0.47,2023-11-19,759,N20,VIIRS,l,2,299.8,2.63,D,0,VIIRS_NOAA20_SP
19.4051,73.09702,337.97,0.39,0.44,2023-11-19,759,N20,VIIRS,n,2,301.95,4.18,D,0,VIIRS_NOAA20_SP
19.42102,77.15916,331.5,0.39,0.37,2023-11-19,759,N20,VIIRS,n,2,303.31,2.48,D,0,VIIRS_NOAA20_SP
19.42438,77.78995,332.43,0.39,0.36,2023-11-19,759,N20,VIIRS,n,2,301.7,0.67,D,0,VIIRS_NOAA20_SP
19.42768,77.78938,332.73,0.39,0.36,2023-11-19,759,N20,VIIRS,n,2,301.12,2.49,D,0,VIIRS_NOAA20_SP
19.54241,77.80672,343.22,0.39,0.36,2023-11-19,759,N20,VIIRS,n,2,305.16,6.51,D,0,VIIRS_NOAA20_SP
19.96214,79.33607,335.33,0.39,0.36,2023-11-19,759,N20,VIIRS,n,2,305.95,4.48,D,2,VIIRS_NOAA20_SP
20.17134,80.60738,333.62,0.43,0.38,2023-11-19,759,N20,VIIRS,l,2,304.19,2.62,D,0,VIIRS_NOAA20_SP
20.37013,79.01797,332.78,0.39,0.36,2023-11-19,759,N20,VIIRS,n,2,303.24,1.23,D,0,VIIRS_NOAA20_SP
20.79476,85.25558,342.07,0.51,0.5,2023-11-19,759,N20,VIIRS,n,2,296.02,7.44,D,2,VIIRS_NOAA20_SP
20.96379,86.01455,329.43,0.58,0.52,2023-11-19,759,N20,VIIRS,n,2,301.67,4.44,D,2,VIIRS_NOAA20_SP
20.9667,85.17632,334.37,0.51,0.49,2023-11-19,759,N20,VIIRS,n,2,297.98,4.89,D,2,VIIRS_NOAA20_SP
20.96749,85.17372,341.18,0.51,0.49,2023-11-19,759,N20,VIIRS,n,2,301.25,7.83,D,2,VIIRS_NOAA20_SP
20.97125,85.17581,342.31,0.51,0.49,2023-11-19,759,N20,VIIRS,n,2,304.92,4.89,D,2,VIIRS_NOAA20_SP
20.97705,75.2067,339.5,0.44,0.38,2023-11-19,759,N20,VIIRS,n,2,303.02,2.68,D,0,VIIRS_NOAA20_SP
20.97848,85.14759,328.5,0.51,0.49,2023-11-19,759,N20,VIIRS,l,2,301.95,5.05,D,2,VIIRS_NOAA20_SP
21.06957,79.78427,334.12,0.41,0.37,2023-11-19,759,N20,VIIRS,n,2,303.86,3.15,D,0,VIIRS_NOAA20_SP
21.07408,85.04387,338.35,0.5,0.49,2023-11-19,759,N20,VIIRS,n,2,297.76,7.42,D,2,VIIRS_NOAA20_SP
21.08862,80.7636,332.34,0.44,0.38,2023-11-19,759,N20,VIIRS,n,2,300.53,2.72,D,0,VIIRS_NOAA20_SP
21.10354,79.3306,332.92,0.4,0.37,2023-11-19,759,N20,VIIRS,n,2,302.57,3.0,D,0,VIIRS_NOAA20_SP
21.12158,81.12151,334.89,0.45,0.39,2023-11-19,759,N20,VIIRS,n,2,300.76,3.85,D,0,VIIRS_NOAA20_SP
21.18109,81.60848,332.97,0.48,0.4,2023-11-19,759,N20,VIIRS,n,2,299.08,2.85,D,0,VIIRS_NOAA20_SP
21.22968,79.26328,333.84,0.4,0.37,2023-11-19,759,N20,VIIRS,n,2,305.12,2.14,D,0,VIIRS_NOAA20_SP
21.34865,81.66669,333.15,0.48,0.4,2023-11-19,759,N20,VIIRS,n,2,303.7,3.59,D,2,VIIRS_NOAA20_SP
21.35223,80.53222,332.49,0.43,0.38,2023-11-19,759,N20,VIIRS,n,2,300.42,4.92,D,0,VIIRS_NOAA20_SP
21.40485,80.99616,337.09,0.45,0.39,2023-11-19,759,N20,VIIRS,n,2,299.72,4.63,D,0,VIIRS_NOAA20_SP
21.45768,82.00159,333.91,0.5,0.41,2023-11-19,759,N20,VIIRS,n,2,298.69,5.4,D,0,VIIRS_NOAA20_SP
21.45992,80.95332,330.83,0.45,0.39,2023-11-19,759,N20,VIIRS,n,2,299.86,2.55,D,0,VIIRS_NOAA20_SP
21.46311,81.51525,330.47,0.48,0.4,2023-11-19,759,N20,VIIRS,n,2,300.66,3.62,D,0,VIIRS_NOAA20_SP
21.46677,81.51471,330.35,0.48,0.4,2023-11-19,759,N20,VIIRS,n,2,297.08,2.21,D,0,VIIRS_NOAA20_SP
21.50632,81.65203,333.47,0.49,0.4,2023-11-19,759,N20,VIIRS,n,2,299.36,4.75,D,0,VIIRS_NOAA20_SP
21.50777,81.65504,332.86,0.49,0.4,2023-11-19,759,N20,VIIRS,n,2,299.96,4.39,D,0,VIIRS_NOAA20_SP
21.56986,80.47961,332.21,0.43,0.38,2023-11-19,759,N20,VIIRS,n,2,301.06,1.95,D,0,VIIRS_NOAA20_SP
21.64544,81.25992,330.52,0.47,0.39,2023-11-19,759,N20,VIIRS,n,2,299.24,3.27,D,0,VIIRS_NOAA20_SP
21.68831,81.38737,334.81,0.47,0.4,2023-11-19,759,N20,VIIRS,n,2,300.55,4.22,D,0,VIIRS_NOAA20_SP
21.69672,81.48097,333.27,0.48,0.4,2023-11-19,759,N20,VIIRS,n,2,301.7,3.88,D,0,VIIRS_NOAA20_SP
21.69685,81.47952,334.15,0.48,0.4,2023-11-19,759,N20,VIIRS,n,2,301.73,3.85,D,0,VIIRS_NOAA20_SP
21.72743,79.99258,335.11,0.42,0.37,2023-11-19,759,N20,VIIRS,n,2,301.26,3.26,D,0,VIIRS_NOAA20_SP
21.73191,81.34972,339.6,0.47,0.4,2023-11-19,759,N20,VIIRS,n,2,300.58,6.55,D,0,VIIRS_NOAA20_SP
21.73204,81.77518,341.5,0.49,0.41,2023-11-19,759,N20,VIIRS,n,2,301.8,12.74,D,0,VIIRS_NOAA20_SP
21.73393,81.77667,335.51,0.5,0.41,2023-11-19,759,N20,VIIRS,n,2,302.19,7.95,D,0,VIIRS_NOAA20_SP
21.78889,81.88132,336.16,0.5,0.41,2023-11-19,759,N20,VIIRS,n,2,300.18,8.84,D,0,VIIRS_NOAA20_SP
21.79003,81.56649,334.73,0.48,0.4,2023-11-19,759,N20,VIIRS,n,2,303.89,4.3,D,0,VIIRS_NOAA20_SP
21.85822,81.26253,333.22,0.47,0.4,2023-11-19,759,N20,VIIRS,n,2,298.29,2.86,D,0,VIIRS_NOAA20_SP
21.91899,83.35222,343.62,0.4,0.45,2023-11-19,759,N20,VIIRS,n,2,302.93,3.47,D,2,VIIRS_NOAA20_SP
21.92308,83.35167,332.58,0.4,0.45,2023-11-19,759,N20,VIIRS,n,2,301.53,2.76,D,2,VIIRS_NOAA20_SP
21.95696,81.68419,333.65,0.49,0.4,2023-11-19,759,N20,VIIRS,n,2,301.62,5.39,D,0,VIIRS_NOAA20_SP
22.03846,83.73727,335.09,0.43,0.46,2023-11-19,759,N20,VIIRS,n,2,293.96,1.3,D,2,VIIRS_NOAA20_SP
22.04218,83.73261,345.17,0.43,0.46,2023-11-19,759,N20,VIIRS,n,2,297.36,5.19,D,2,VIIRS_NOAA20_SP
22.04266,83.73677,350.42,0.43,0.46,2023-11-19,759,N20,VIIRS,n,2,306.02,5.19,D,2,VIIRS_NOAA20_SP
22.04907,88.10481,367.0,0.41,0.6,2023-11-19,759,N20,VIIRS,h,2,299.89,7.75,D,2,VIIRS_NOAA20_SP
22.20889,84.87859,329.89,0.51,0.49,2023-11-19,759,N20,VIIRS,l,2,303.56,7.58,D,2,VIIRS_NOAA20_SP
22.20991,84.87486,332.8,0.51,0.49,2023-11-19,759,N20,VIIRS,l,2,304.29,4.17,D,2,VIIRS_NOAA20_SP
22.21232,84.86824,334.14,0.51,0.49,2023-11-19,759,N20,VIIRS,n,2,304.06,7.36,D,2,VIIRS_NOAA20_SP
22.21341,84.8645,336.99,0.51,0.49,2023-11-19,759,N20,VIIRS,n,2,305.24,2.89,D,2,VIIRS_NOAA20_SP
22.21393,84.86941,329.68,0.51,0.49,2023-11-19,759,N20,VIIRS,l,2,304.06,2.89,D,2,VIIRS_NOAA20_SP
22.24383,87.39079,334.22,0.37,0.58,2023-11-19,759,N20,VIIRS,n,2,301.65,2.89,D,2,VIIRS_NOAA20_SP
22.36187,87.01938,331.57,0.35,0.57,2023-11-19,759,N20,VIIRS,l,2,301.84,3.68,D,2,VIIRS_NOAA20_SP
22.37586,87.28226,336.6,0.36,0.58,2023-11-19,759,N20,VIIRS,n,2,305.08,4.62,D,2,VIIRS_NOAA20_SP
20.83589,73.34589,333.38,0.54,0.42,2023-11-19,800,N20,VIIRS,n,2,301.07,2.94,D,0,VIIRS_NOAA20_SP
21.10257,72.63718,341.47,0.39,0.44,2023-11-19,800,N20,VIIRS,n,2,304.15,7.32,D,2,VIIRS_NOAA20_SP
21.10395,72.64455,334.02,0.39,0.44,2023-11-19,800,N20,VIIRS,n,2,303.2,11.53,D,2,VIIRS_NOAA20_SP
21.10463,72.64823,342.92,0.39,0.44,2023-11-19,800,N20,VIIRS,n,2,302.61,10.36,D,2,VIIRS_NOAA20_SP
21.12176,74.62695,334.54,0.46,0.39,2023-11-19,800,N20,VIIRS,n,2,305.49,2.69,D,0,VIIRS_NOAA20_SP
21.17335,72.97536,330.84,0.56,0.43,2023-11-19,800,N20,VIIRS,n,2,302.79,2.06,D,0,VIIRS_NOAA20_SP
21.26445,76.14003,330.0,0.41,0.37,2023-11-19,800,N20,VIIRS,n,2,303.28,1.86,D,0,VIIRS_NOAA20_SP
21.30562,75.36755,342.67,0.43,0.38,2023-11-19,800,N20,VIIRS,n,2,302.52,4.43,D,0,VIIRS_NOAA20_SP
21.53805,72.95845,335.5,0.55,0.43,2023-11-19,800,N20,VIIRS,n,2,301.89,4.69,D,0,VIIRS_NOAA20_SP
21.61544,77.9432,340.1,0.38,0.36,2023-11-19,800,N20,VIIRS,n,2,306.56,2.42,D,0,VIIRS_NOAA20_SP
21.61873,77.94263,344.46,0.38,0.36,2023-11-19,800,N20,VIIRS,n,2,307.87,9.27,D,0,VIIRS_NOAA20_SP
21.63655,74.4274,336.04,0.46,0.39,2023-11-19,800,N20,VIIRS,n,2,302.66,4.67,D,0,VIIRS_NOAA20_SP
21.64012,74.4267,345.16,0.46,0.39,2023-11-19,800,N20,VIIRS,n,2,306.49,14.94,D,0,VIIRS_NOAA20_SP
21.65507,77.77751,341.71,0.38,0.36,2023-11-19,800,N20,VIIRS,n,2,304.5,4.42,D,0,VIIRS_NOAA20_SP
21.7309,72.59996,333.34,0.57,0.43,2023-11-19,800,N20,VIIRS,n,2,301.72,14.07,D,0,VIIRS_NOAA20_SP
21.73321,72.60681,339.93,0.57,0.43,2023-11-19,800,N20,VIIRS,n,2,300.11,7.24,D,0,VIIRS_NOAA20_SP
21.73484,72.59913,337.24,0.57,0.43,2023-11-19,800,N20,VIIRS,n,2,301.73,14.07,D,0,VIIRS_NOAA20_SP
21.73586,72.60458,350.95,0.57,0.43,2023-11-19,800,N20,VIIRS,n,2,303.52,14.07,D,0,VIIRS_NOAA20_SP
21.78353,76.27046,334.54,0.4,0.37,2023-11-19,800,N20,VIIRS,n,2,306.02,3.93,D,0,VIIRS_NOAA20_SP
21.93526,78.98387,339.77,0.39,0.37,2023-11-19,800,N20,VIIRS,n,2,307.13,2.81,D,0,VIIRS_NOAA20_SP
21.94312,78.40892,346.18,0.39,0.36,2023-11-19,800,N20,VIIRS,n,2,301.59,3.43,D,0,VIIRS_NOAA20_SP
21.95902,79.22221,340.71,0.4,0.37,2023-11-19,800,N20,VIIRS,n,2,304.25,4.0,D,0,VIIRS_NOAA20_SP
21.96768,79.13847,332.45,0.4,0.37,2023-11-19,800,N20,VIIRS,n,2,302.05,2.19,D,0,VIIRS_NOAA20_SP
21.97993,78.8214,332.35,0.39,0.36,2023-11-19,800,N20,VIIRS,n,2,305.43,1.6,D,0,VIIRS_NOAA20_SP
22.0058,79.45579,333.56,0.4,0.37,2023-11-19,800,N20,VIIRS,n,2,303.41,4.25,D,0,VIIRS_NOAA20_SP
22.01308,79.28816,335.06,0.4,0.37,2023-11-19,800,N20,VIIRS,n,2,302.65,2.03,D,0,VIIRS_NOAA20_SP
22.02682,79.05751,336.13,0.4,0.37,2023-11-19,800,N20,VIIRS,n,2,307.05,4.34,D,0,VIIRS_NOAA20_SP
22.03012,77.8552,334.22,0.38,0.36,2023-11-19,800,N20,VIIRS,n,2,304.58,2.53,D,0,VIIRS_NOAA20_SP
22.0344,79.26889,330.83,0.4,0.37,2023-11-19,800,N20,VIIRS,n,2,303.35,1.73,D,0,VIIRS_NOAA20_SP
22.03756,79.55862,334.25,0.41,0.37,2023-11-19,800,N20,VIIRS,n,2,304.73,3.83,D,0,VIIRS_NOAA20_SP
22.04386,79.52957,340.34,0.41,0.37,2023-11-19,800,N20,VIIRS,n,2,305.56,4.61,D,0,VIIRS_NOAA20_SP
22.05202,79.78687,330.34,0.41,0.37,2023-11-19,800,N20,VIIRS,n,2,300.42,2.39,D,0,VIIRS_NOAA20_SP
22.06114,79.13014,340.2,0.4,0.37,2023-11-19,800,N20,VIIRS,n,2,305.17,3.85,D,0,VIIRS_NOAA20_SP
22.06323,79.44657,334.09,0.4,0.37,2023-11-19,800,N20,VIIRS,n,2,301.78,8.79,D,0,VIIRS_NOAA20_SP
22.08056,79.17015,333.85,0.4,0.37,2023-11-19,800,N20,VIIRS,n,2,303.81,2.67,D,0,VIIRS_NOAA20_SP
22.0954,79.2503,334.06,0.4,0.37,2023-11-19,800,N20,VIIRS,l,2,305.28,2.52,D,0,VIIRS_NOAA20_SP
22.10148,79.43976,334.9,0.4,0.37,2023-11-19,800,N20,VIIRS,n,2,307.42,3.13,D,0,VIIRS_NOAA20_SP
22.13086,75.04392,342.36,0.43,0.38,2023-11-19,800,N20,VIIRS,n,2,305.32,4.89,D,0,VIIRS_NOAA20_SP
22.13433,75.04327,341.18,0.43,0.38,2023-11-19,800,N20,VIIRS,n,2,305.42,4.89,D,0,VIIRS_NOAA20_SP
22.17399,77.9324,343.95,0.38,0.36,2023-11-19,800,N20,VIIRS,n,2,305.39,4.45,D,0,VIIRS_NOAA20_SP
22.18011,79.39953,337.65,0.4,0.37,2023-11-19,800,N20,VIIRS,l,2,309.45,8.44,D,0,VIIRS_NOAA20_SP
22.18839,79.43414,338.35,0.41,0.37,2023-11-19,800,N20,VIIRS,n,2,303.64,3.18,D,0,VIIRS_NOAA20_SP
22.18997,79.67493,335.21,0.41,0.37,2023-11-19,800,N20,VIIRS,n,2,305.62,1.98,D,0,VIIRS_NOAA20_SP
22.19611,79.71867,336.21,0.41,0.37,2023-11-19,800,N20,VIIRS,n,2,307.28,3.51,D,0,VIIRS_NOAA20_SP
22.19614,79.46489,334.79,0.41,0.37,2023-11-19,800,N20,VIIRS,l,2,306.31,4.07,D,0,VIIRS_NOAA20_SP
22.22097,79.79635,336.42,0.41,0.37,2023-11-19,800,N20,VIIRS,n,2,307.81,5.65,D,0,VIIRS_NOAA20_SP
22.22366,79.48848,334.73,0.41,0.37,2023-11-19,800,N20,VIIRS,n,2,307.6,3.33,D,0,VIIRS_NOAA20_SP
22.22954,79.78273,336.01,0.41,0.37,2023-11-19,800,N20,VIIRS,n,2,307.4,4.83,D,0,VIIRS_NOAA20_SP
22.2297,79.78333,346.49,0.41,0.37,2023-11-19,800,N20,VIIRS,n,2,307.9,5.7,D,0,VIIRS_NOAA20_SP
22.2371,77.87603,333.27,0.38,0.36,2023-11-19,800,N20,VIIRS,n,2,305.69,2.1,D,0,VIIRS_NOAA20_SP
22.24739,75.94212,331.06,0.4,0.37,2023-11-19,800,N20,VIIRS,n,2,304.83,1.7,D,0,VIIRS_NOAA20_SP
22.25703,78.84036,332.24,0.39,0.36,2023-11-19,800,N20,VIIRS,l,2,303.1,3.19,D,0,VIIRS_NOAA20_SP
22.25981,79.79898,336.23,0.42,0.37,2023-11-19,800,N20,VIIRS,n,2,305.47,3.07,D,0,VIIRS_NOAA20_SP
22.27039,79.22196,334.71,0.4,0.37,2023-11-19,800,N20,VIIRS,n,2,307.18,1.33,D,0,VIIRS_NOAA20_SP
22.27778,79.50384,331.58,0.41,0.37,2023-11-19,800,N20,VIIRS,l,2,305.94,2.09,D,0,VIIRS_NOAA20_SP
22.27937,79.21255,336.86,0.4,0.37,2023-11-19,800,N20,VIIRS,n,2,303.81,2.83,D,0,VIIRS_NOAA20_SP
22.28478,79.82784,336.99,0.42,0.37,2023-11-19,800,N20,VIIRS,l,2,307.72,3.78,D,0,VIIRS_NOAA20_SP
22.2908,79.89687,338.65,0.42,0.38,2023-11-19,800,N20,VIIRS,n,2,308.19,3.21,D,0,VIIRS_NOAA20_SP
22.31176,79.77022,337.45,0.41,0.37,2023-11-19,800,N20,VIIRS,n,2,309.99,5.02,D,0,VIIRS_NOAA20_SP
22.32982,79.18049,332.43,0.4,0.37,2023-11-19,800,N20,VIIRS,n,2,304.91,2.0,D,0,VIIRS_NOAA20_SP
22.34163,69.88065,342.64,0.54,0.51,2023-11-19,800,N20,VIIRS,n,2,305.1,5.19,D,0,VIIRS_NOAA20_SP
22.34308,69.86411,351.98,0.55,0.51,2023-11-19,800,N20,VIIRS,n,2,304.89,9.3,D,0,VIIRS_NOAA20_SP
22.35916,80.42598,332.86,0.44,0.38,2023-11-19,800,N20,VIIRS,n,2,302.39,2.54,D,0,VIIRS_NOAA20_SP
22.37288,79.70763,334.49,0.41,0.37,2023-11-19,800,N20,VIIRS,n,2,304.8,3.86,D,0,VIIRS_NOAA20_SP
22.38065,76.51624,350.01,0.39,0.36,2023-11-19,800,N20,VIIRS,n,2,302.13,11.03,D,0,VIIRS_NOAA20_SP
22.38701,79.73401,340.98,0.41,0.37,2023-11-19,800,N20,VIIRS,n,2,304.52,3.2,D,0,VIIRS_NOAA20_SP
22.38945,79.98129,341.01,0.42,0.38,2023-11-19,800,N20,VIIRS,n,2,308.76,4.19,D,0,VIIRS_NOAA20_SP
22.3938,80.14404,331.9,0.43,0.38,2023-11-19,800,N20,VIIRS,l,2,304.57,3.04,D,0,VIIRS_NOAA20_SP
22.3983,79.54109,341.2,0.41,0.37,2023-11-19,800,N20,VIIRS,n,2,306.87,5.5,D,0,VIIRS_NOAA20_SP
22.39869,79.81834,342.3,0.42,0.37,2023-11-19,800,N20,VIIRS,n,2,309.07,7.26,D,0,VIIRS_NOAA20_SP
22.40068,79.73183,336.97,0.41,0.37,2023-11-19,800,N20,VIIRS,n,2,309.01,3.48,D,0,VIIRS_NOAA20_SP
22.40087,80.22328,335.41,0.43,0.38,2023-11-19,800,N20,VIIRS,n,2,306.21,3.26,D,0,VIIRS_NOAA20_SP
22.4041,79.73129,331.64,0.41,0.37,2023-11-19,800,N20,VIIRS,l,2,304.48,3.48,D,0,VIIRS_NOAA20_SP
22.40644,80.15894,333.92,0.43,0.38,2023-11-19,800,N20,VIIRS,l,2,305.44,4.5,D,0,VIIRS_NOAA20_SP
22.40714,80.0077,334.37,0.42,0.38,2023-11-19,800,N20,VIIRS,n,2,307.63,3.2,D,0,VIIRS_NOAA20_SP
22.4077,80.01177,334.99,0.42,0.38,2023-11-19,800,N20,VIIRS,n,2,306.37,3.2,D,0,VIIRS_NOAA20_SP
22.41154,79.7096,332.32,0.41,0.37,2023-11-19,800,N20,VIIRS,l,2,306.79,3.2,D,0,VIIRS_NOAA20_SP
22.41516,80.01475,333.33,0.42,0.38,2023-11-19,800,N20,VIIRS,l,2,304.45,3.73,D,0,VIIRS_NOAA20_SP
22.41616,80.1785,332.66,0.43,0.38,2023-11-19,800,N20,VIIRS,l,2,305.96,1.58,D,0,VIIRS_NOAA20_SP
22.42318,80.0218,337.34,0.42,0.38,2023-11-19,800,N20,VIIRS,n,2,307.34,3.01,D,0,VIIRS_NOAA20_SP
22.43196,80.13803,339.14,0.43,0.38,2023-11-19,800,N20,VIIRS,n,2,306.59,2.93,D,0,VIIRS_NOAA20_SP
22.43418,79.9992,333.32,0.42,0.38,2023-11-19,800,N20,VIIRS,n,2,303.68,1.61,D,0,VIIRS_NOAA20_SP
22.43711,80.14988,332.86,0.43,0.38,2023-11-19,800,N20,VIIRS,n,2,304.58,3.73,D,0,VIIRS_NOAA20_SP
22.43768,80.15402,334.78,0.43,0.38,2023-11-19,800,N20,VIIRS,n,2,307.89,4.19,D,0,VIIRS_NOAA20_SP
22.44389,79.76584,333.08,0.42,0.37,2023-11-19,800,N20,VIIRS,l,2,305.26,2.27,D,0,VIIRS_NOAA20_SP
22.44592,80.11058,335.79,0.43,0.38,2023-11-19,800,N20,VIIRS,l,2,306.78,2.72,D,0,VIIRS_NOAA20_SP
22.44831,79.54544,331.27,0.41,0.37,2023-11-19,800,N20,VIIRS,n,2,300.66,1.95,D,0,VIIRS_NOAA20_SP
22.45066,79.79012,334.05,0.42,0.37,2023-11-19,800,N20,VIIRS,n,2,306.63,3.34,D,0,VIIRS_NOAA20_SP
22.45885,79.04558,336.76,0.4,0.37,2023-11-19,800,N20,VIIRS,n,2,304.16,2.16,D,0,VIIRS_NOAA20_SP
22.46338,80.05741,331.93,0.42,0.38,2023-11-19,800,N20,VIIRS,n,2,302.76,1.7,D,0,VIIRS_NOAA20_SP
22.47603,80.07219,338.43,0.43,0.38,2023-11-19,800,N20,VIIRS,n,2,303.28,2.31,D,0,VIIRS_NOAA20_SP
22.47693,80.18166,333.82,0.43,0.38,2023-11-19,800,N20,VIIRS,l,2,305.74,5.37,D,0,VIIRS_NOAA20_SP
22.48233,80.09217,334.36,0.43,0.38,2023-11-19,800,N20,VIIRS,n,2,302.94,2.42,D,0,VIIRS_NOAA20_SP
22.48239,80.067,331.72,0.43,0.38,2023-11-19,800,N20,VIIRS,n,2,303.94,1.94,D,0,VIIRS_NOAA20_SP
22.4933,80.07878,334.3,0.43,0.38,2023-11-19,800,N20,VIIRS,n,2,302.86,3.16,D,0,VIIRS_NOAA20_SP
22.51006,80.07193,339.36,0.43,0.38,2023-11-19,800,N20,VIIRS,n,2,302.26,5.11,D,0,VIIRS_NOAA20_SP
22.51033,77.68311,330.62,0.38,0.36,2023-11-19,800,N20,VIIRS,l,2,305.07,2.52,D,0,VIIRS_NOAA20_SP
22.55555,80.09416,334.29,0.43,0.38,2023-11-19,800,N20,VIIRS,n,2,304.65,3.44,D,0,VIIRS_NOAA20_SP
22.61012,78.67692,342.98,0.39,0.36,2023-11-19,800,N20,VIIRS,n,2,305.28,2.92,D,0,VIIRS_NOAA20_SP
22.61805,79.18543,337.14,0.4,0.37,2023-11-19,800,N20,VIIRS,n,2,307.12,2.88,D,0,VIIRS_NOAA20_SP
22.6694,79.90469,333.13,0.42,0.38,2023-11-19,800,N20,VIIRS,n,2,304.07,2.39,D,0,VIIRS_NOAA20_SP
22.67022,79.1889,345.03,0.4,0.37,2023-11-19,800,N20,VIIRS,n,2,308.68,10.97,D,0,VIIRS_NOAA20_SP
22.70118,78.25662,332.67,0.39,0.36,2023-11-19,800,N20,VIIRS,n,2,304.71,2.13,D,0,VIIRS_NOAA20_SP
22.70441,78.0723,337.24,0.39,0.36,2023-11-19,800,N20,VIIRS,n,2,304.47,2.41,D,0,VIIRS_NOAA20_SP
22.70992,78.08664,331.45,0.39,0.36,2023-11-19,800,N20,VIIRS,n,2,303.53,1.25,D,0,VIIRS_NOAA20_SP
22.71703,78.45781,333.1,0.39,0.36,2023-11-19,800,N20,VIIRS,n,2,306.45,2.0,D,0,VIIRS_NOAA20_SP
22.7193,78.40346,331.46,0.39,0.36,2023-11-19,800,N20,VIIRS,l,2,305.12,1.51,D,0,VIIRS_NOAA20_SP
22.71991,77.90143,332.26,0.38,0.36,2023-11-19,800,N20,VIIRS,n,2,304.41,2.78,D,0,VIIRS_NOAA20_SP
22.73215,72.29885,330.52,0.38,0.43,2023-11-19,800,N20,VIIRS,n,2,304.51,1.23,D,0,VIIRS_NOAA20_SP
22.73889,78.6322,336.51,0.39,0.36,2023-11-19,800,N20,VIIRS,n,2,304.9,4.53,D,0,VIIRS_NOAA20_SP
22.73921,78.28468,341.29,0.39,0.36,2023-11-19,800,N20,VIIRS,n,2,305.11,2.57,D,0,VIIRS_NOAA20_SP
22.74277,78.63544,339.23,0.39,0.36,2023-11-19,800,N20,VIIRS,n,2,305.22,4.53,D,0,VIIRS_NOAA20_SP
22.74555,78.6311,335.73,0.39,0.36,2023-11-19,800,N20,VIIRS,n,2,305.21,3.49,D,0,VIIRS_NOAA20_SP
22.75092,78.71577,330.47,0.39,0.36,2023-11-19,800,N20,VIIRS,n,2,305.09,1.76,D,0,VIIRS_NOAA20_SP
22.75166,77.61783,333.21,0.38,0.36,2023-11-19,800,N20,VIIRS,n,2,304.09,3.01,D,0,VIIRS_NOAA20_SP
22.75868,78.72227,333.35,0.39,0.36,2023-11-19,800,N20,VIIRS,n,2,304.56,2.47,D,0,VIIRS_NOAA20_SP
22.76265,78.67879,337.18,0.39,0.36,2023-11-19,800,N20,VIIRS,n,2,307.31,6.59,D,0,VIIRS_NOAA20_SP
22.76597,80.20677,339.12,0.43,0.38,2023-11-19,800,N20,VIIRS,n,2,307.38,6.18,D,0,VIIRS_NOAA20_SP
22.76685,79.30123,338.43,0.41,0.37,2023-11-19,800,N20,VIIRS,n,2,301.76,2.3,D,0,VIIRS_NOAA20_SP
22.77116,80.21882,330.71,0.43,0.38,2023-11-19,800,N20,VIIRS,l,2,304.22,2.8,D,0,VIIRS_NOAA20_SP
22.77338,78.05638,335.02,0.39,0.36,2023-11-19,800,N20,VIIRS,n,2,303.45,3.56,D,0,VIIRS_NOAA20_SP
22.77482,77.65942,333.41,0.38,0.36,2023-11-19,800,N20,VIIRS,n,2,303.53,1.18,D,0,VIIRS_NOAA20_SP
22.77728,78.42833,334.72,0.39,0.36,2023-11-19,800,N20,VIIRS,n,2,304.06,1.67,D,0,VIIRS_NOAA20_SP
22.78015,77.80707,333.73,0.38,0.36,2023-11-19,800,N20,VIIRS,l,2,306.47,3.52,D,0,VIIRS_NOAA20_SP
22.7873,77.80964,333.67,0.38,0.36,2023-11-19,800,N20,VIIRS,l,2,304.33,3.58,D,0,VIIRS_NOAA20_SP
22.79036,78.70528,334.97,0.39,0.36,2023-11-19,800,N20,VIIRS,n,2,305.83,5.31,D,0,VIIRS_NOAA20_SP
22.79653,78.65364,335.59,0.39,0.36,2023-11-19,800,N20,VIIRS,n,2,307.14,3.1,D,0,VIIRS_NOAA20_SP
22.79996,77.82649,335.43,0.38,0.36,2023-11-19,800,N20,VIIRS,n,2,304.94,4.14,D,0,VIIRS_NOAA20_SP
22.80088,78.05929,333.65,0.39,0.36,2023-11-19,800,N20,VIIRS,n,2,304.84,1.63,D,0,VIIRS_NOAA20_SP
22.8027,77.8222,332.52,0.38,0.36,2023-11-19,800,N20,VIIRS,l,2,304.59,2.12,D,0,VIIRS_NOAA20_SP
22.80326,77.82592,335.72,0.38,0.36,2023-11-19,800,N20,VIIRS,n,2,304.66,2.12,D,0,VIIRS_NOAA20_SP
22.80594,78.67152,341.78,0.39,0.36,2023-11-19,800,N20,VIIRS,n,2,305.8,2.76,D,0,VIIRS_NOAA20_SP
22.80702,78.70251,333.3,0.39,0.36,2023-11-19,800,N20,VIIRS,l,2,303.89,4.38,D,0,VIIRS_NOAA20_SP
22.81069,77.98877,330.01,0.39,0.36,2023-11-19,800,N20,VIIRS,l,2,304.31,1.73,D,0,VIIRS_NOAA20_SP
22.81188,78.38761,334.07,0.39,0.36,2023-11-19,800,N20,VIIRS,n,2,305.7,2.97,D,0,VIIRS_NOAA20_SP
22.81311,78.72099,344.2,0.39,0.36,2023-11-19,800,N20,VIIRS,n,2,304.9,5.13,D,0,VIIRS_NOAA20_SP
22.81769,78.56841,341.31,0.39,0.36,2023-11-19,800,N20,VIIRS,n,2,305.53,4.49,D,0,VIIRS_NOAA20_SP
22.8204,78.6069,335.48,0.39,0.36,2023-11-19,800,N20,VIIRS,n,2,304.97,2.02,D,0,VIIRS_NOAA20_SP
22.83118,78.42679,341.08,0.39,0.36,2023-11-19,800,N20,VIIRS,n,2,304.67,5.36,D,0,VIIRS_NOAA20_SP
22.832,78.71002,344.2,0.39,0.36,2023-11-19,800,N20,VIIRS,n,2,304.27,8.88,D,0,VIIRS_NOAA20_SP
22.83339,79.8295,332.76,0.42,0.38,2023-11-19,800,N20,VIIRS,n,2,302.29,3.84,D,0,VIIRS_NOAA20_SP
22.83355,77.84365,333.23,0.38,0.36,2023-11-19,800,N20,VIIRS,n,2,304.8,2.44,D,0,VIIRS_NOAA20_SP
22.83362,78.63178,332.2,0.39,0.36,2023-11-19,800,N20,VIIRS,l,2,302.41,0.95,D,0,VIIRS_NOAA20_SP
22.84319,78.02521,334.44,0.39,0.36,2023-11-19,800,N20,VIIRS,n,2,303.73,3.38,D,0,VIIRS_NOAA20_SP
22.844,78.70406,333.02,0.39,0.36,2023-11-19,800,N20,VIIRS,n,2,303.38,3.93,D,0,VIIRS_NOAA20_SP
22.85195,78.61703,333.44,0.39,0.36,2023-11-19,800,N20,VIIRS,l,2,304.29,2.46,D,0,VIIRS_NOAA20_SP
22.85498,77.85137,332.95,0.38,0.36,2023-11-19,800,N20,VIIRS,l,2,303.17,2.33,D,0,VIIRS_NOAA20_SP
22.85659,78.20685,333.77,0.39,0.36,2023-11-19,800,N20,VIIRS,n,2,304.58,1.33,D,0,VIIRS_NOAA20_SP
22.85718,78.34908,332.41,0.39,0.36,2023-11-19,800,N20,VIIRS,n,2,305.07,1.79,D,0,VIIRS_NOAA20_SP
22.85806,78.61212,334.65,0.39,0.36,2023-11-19,800,N20,VIIRS,n,2,305.95,2.02,D,0,VIIRS_NOAA20_SP
22.85879,78.19879,332.52,0.39,0.36,2023-11-19,800,N20,VIIRS,n,2,302.8,1.14,D,0,VIIRS_NOAA20_SP
22.86474,78.58768,339.56,0.39,0.36,2023-11-19,800,N20,VIIRS,n,2,306.24,3.42,D,0,VIIRS_NOAA20_SP
22.86725,77.97913,333.17,0.39,0.36,2023-11-19,800,N20,VIIRS,n,2,302.31,2.04,D,0,VIIRS_NOAA20_SP
22.87484,78.40008,337.86,0.39,0.36,2023-11-19,800,N20,VIIRS,n,2,305.19,3.84,D,0,VIIRS_NOAA20_SP
22.87886,78.24163,334.11,0.39,0.36,2023-11-19,800,N20,VIIRS,n,2,304.63,3.87,D,0,VIIRS_NOAA20_SP
22.88628,72.3427,332.6,0.57,0.43,2023-11-19,800,N20,VIIRS,l,2,304.39,3.84,D,0,VIIRS_NOAA20_SP
22.89524,79.84976,339.97,0.42,0.38,2023-11-19,800,N20,VIIRS,n,2,305.57,3.95,D,0,VIIRS_NOAA20_SP
22.89694,78.48139,331.96,0.39,0.36,2023-11-19,800,N20,VIIRS,n,2,304.29,1.25,D,0,VIIRS_NOAA20_SP
22.89898,79.90355,339.33,0.42,0.38,2023-11-19,800,N20,VIIRS,n,2,305.45,5.12,D,0,VIIRS_NOAA20_SP
22.90026,78.48083,345.68,0.39,0.36,2023-11-19,800,N20,VIIRS,n,2,305.82,8.0,D,0,VIIRS_NOAA20_SP
22.90849,77.98347,336.81,0.39,0.36,2023-11-19,800,N20,VIIRS,n,2,302.86,5.5,D,0,VIIRS_NOAA20_SP
22.91131,78.55653,336.02,0.39,0.36,2023-11-19,800,N20,VIIRS,n,2,304.31,2.6,D,0,VIIRS_NOAA20_SP
22.92542,77.91553,333.6,0.39,0.36,2023-11-19,800,N20,VIIRS,n,2,302.64,2.7,D,0,VIIRS_NOAA20_SP
22.9476,78.52737,336.57,0.39,0.36,2023-11-19,800,N20,VIIRS,n,2,304.36,2.46,D,0,VIIRS_NOAA20_SP
22.94769,78.11076,333.58,0.39,0.36,2023-11-19,800,N20,VIIRS,n,2,301.89,3.55,D,0,VIIRS_NOAA20_SP
22.95273,78.35229,339.45,0.39,0.36,2023-11-19,800,N20,VIIRS,n,2,304.23,4.57,D,0,VIIRS_NOAA20_SP
22.95319,79.86152,330.87,0.42,0.38,2023-11-19,800,N20,VIIRS,n,2,303.67,1.82,D,0,VIIRS_NOAA20_SP
22.95329,78.30977,331.69,0.39,0.36,2023-11-19,800,N20,VIIRS,n,2,302.94,2.2,D,0,VIIRS_NOAA20_SP
22.95432,77.69955,332.53,0.38,0.36,2023-11-19,800,N20,VIIRS,l,2,302.94,6.36,D,0,VIIRS_NOAA20_SP
22.95659,78.26295,334.62,0.39,0.36,2023-11-19,800,N20,VIIRS,l,2,305.16,6.32,D,0,VIIRS_NOAA20_SP
22.96267,78.32745,335.56,0.39,0.36,2023-11-19,800,N20,VIIRS,n,2,303.21,2.7,D,0,VIIRS_NOAA20_SP
22.96631,78.60976,333.13,0.39,0.36,2023-11-19,800,N20,VIIRS,n,2,303.05,2.02,D,0,VIIRS_NOAA20_SP
22.9759,79.4948,334.83,0.41,0.37,2023-11-19,800,N20,VIIRS,n,2,303.68,3.65,D,0,VIIRS_NOAA20_SP
22.98149,77.61087,335.82,0.38,0.36,2023-11-19,800,N20,VIIRS,n,2,303.49,2.23,D,0,VIIRS_NOAA20_SP
22.98987,72.31537,331.48,0.57,0.43,2023-11-19,800,N20,VIIRS,l,2,305.64,4.91,D,0,VIIRS_NOAA20_SP
22.99295,72.33169,333.3,0.57,0.43,2023-11-19,800,N20,VIIRS,n,2,304.9,4.16,D,0,VIIRS_NOAA20_SP
22.99736,79.52402,336.61,0.41,0.37,2023-11-19,800,N20,VIIRS,n,2,302.96,3.23,D,0,VIIRS_NOAA20_SP
22.99904,77.566,338.03,0.38,0.36,2023-11-19,800,N20,VIIRS,n,2,303.99,4.44,D,0,VIIRS_NOAA20_SP
23.00276,78.13882,331.43,0.39,0.36,2023-11-19,800,N20,VIIRS,n,2,302.67,2.19,D,0,VIIRS_NOAA20_SP
23.00634,77.61424,335.39,0.38,0.36,2023-11-19,800,N20,VIIRS,n,2,305.49,3.4,D,0,VIIRS_NOAA20_SP
23.01193,77.65141,337.51,0.38,0.36,2023-11-19,800,N20,VIIRS,n,2,303.44,2.4,D,0,VIIRS_NOAA20_SP
23.01269,79.94508,339.8,0.43,0.38,2023-11-19,800,N20,VIIRS,n,2,304.72,4.4,D,0,VIIRS_NOAA20_SP
23.01522,77.65083,334.41,0.38,0.36,2023-11-19,800,N20,VIIRS,n,2,304.12,2.48,D,0,VIIRS_NOAA20_SP
23.0218,77.64968,332.78,0.38,0.36,2023-11-19,800,N20,VIIRS,n,2,304.9,2.42,D,0,VIIRS_NOAA20_SP
23.02533,78.10806,330.08,0.39,0.36,2023-11-19,800,N20,VIIRS,n,2,301.3,1.96,D,0,VIIRS_NOAA20_SP
23.02918,72.08743,341.38,0.39,0.44,2023-11-19,800,N20,VIIRS,n,2,304.32,2.53,D,0,VIIRS_NOAA20_SP
23.03315,77.59045,331.94,0.38,0.36,2023-11-19,800,N20,VIIRS,n,2,303.76,3.28,D,0,VIIRS_NOAA20_SP
23.03588,77.58622,336.8,0.38,0.36,2023-11-19,800,N20,VIIRS,n,2,305.61,5.78,D,0,VIIRS_NOAA20_SP
23.03714,77.63935,340.16,0.38,0.36,2023-11-19,800,N20,VIIRS,l,2,313.94,24.62,D,0,VIIRS_NOAA20_SP
23.03918,77.58564,332.16,0.38,0.36,2023-11-19,800,N20,VIIRS,l,2,302.64,1.46,D,0,VIIRS_NOAA20_SP
23.04099,77.64249,332.77,0.38,0.36,2023-11-19,800,N20,VIIRS,n,2,301.4,4.94,D,0,VIIRS_NOAA20_SP
23.04135,77.57762,335.26,0.38,0.36,2023-11-19,800,N20,VIIRS,n,2,301.52,2.59,D,0,VIIRS_NOAA20_SP
23.04875,77.67166,336.27,0.38,0.36,2023-11-19,800,N20,VIIRS,n,2,305.19,2.26,D,0,VIIRS_NOAA20_SP
23.05954,77.6087,338.12,0.38,0.36,2023-11-19,800,N20,VIIRS,n,2,303.44,2.5,D,0,VIIRS_NOAA20_SP
23.05975,80.00534,334.93,0.43,0.38,2023-11-19,800,N20,VIIRS,n,2,305.93,9.03,D,0,VIIRS_NOAA20_SP
23.06032,79.22261,330.82,0.4,0.37,2023-11-19,800,N20,VIIRS,l,2,304.73,1.51,D,0,VIIRS_NOAA20_SP
23.06421,77.70712,339.31,0.38,0.36,2023-11-19,800,N20,VIIRS,n,2,302.46,3.08,D,0,VIIRS_NOAA20_SP
23.06574,79.94518,336.83,0.43,0.38,2023-11-19,800,N20,VIIRS,n,2,306.32,3.95,D,0,VIIRS_NOAA20_SP
23.06868,71.78137,335.99,0.4,0.45,2023-11-19,800,N20,VIIRS,n,2,304.62,3.0,D,0,VIIRS_NOAA20_SP
23.07271,77.44993,338.76,0.38,0.36,2023-11-19,800,N20,VIIRS,n,2,304.54,3.06,D,0,VIIRS_NOAA20_SP
23.08145,77.44074,336.46,0.38,0.36,2023-11-19,800,N20,VIIRS,n,2,303.26,1.85,D,0,VIIRS_NOAA20_SP
23.0854,78.56557,332.68,0.39,0.36,2023-11-19,800,N20,VIIRS,l,2,303.66,2.34,D,0,VIIRS_NOAA20_SP
23.08798,79.79881,339.38,0.42,0.38,2023-11-19,800,N20,VIIRS,n,2,299.39,5.91,D,0,VIIRS_NOAA20_SP
23.08846,78.72925,331.14,0.39,0.37,2023-11-19,800,N20,VIIRS,n,2,305.0,1.71,D,0,VIIRS_NOAA20_SP
23.10259,72.37555,330.79,0.56,0.43,2023-11-19,800,N20,VIIRS,n,2,302.9,1.79,D,0,VIIRS_NOAA20_SP
23.10305,72.37881,331.24,0.56,0.43,2023-11-19,800,N20,VIIRS,n,2,303.02,2.33,D,0,VIIRS_NOAA20_SP
23.10861,77.93653,332.13,0.39,0.36,2023-11-19,800,N20,VIIRS,n,2,303.38,2.75,D,0,VIIRS_NOAA20_SP
23.1097,77.53483,338.75,0.38,0.36,2023-11-19,800,N20,VIIRS,n,2,305.53,5.49,D,0,VIIRS_NOAA20_SP
23.11987,77.6246,333.8,0.38,0.36,2023-11-19,800,N20,VIIRS,n,2,303.58,1.59,D,0,VIIRS_NOAA20_SP
23.13241,79.01424,336.44,0.4,0.37,2023-11-19,800,N20,VIIRS,n,2,305.38,2.81,D,0,VIIRS_NOAA20_SP
23.13523,79.99867,343.64,0.43,0.38,2023-11-19,800,N20,VIIRS,n,2,303.9,8.74,D,0,VIIRS_NOAA20_SP
23.14647,77.53216,330.63,0.38,0.36,2023-11-19,800,N20,VIIRS,l,2,302.13,1.8,D,0,VIIRS_NOAA20_SP
23.1496,79.71479,336.42,0.42,0.38,2023-11-19,800,N20,VIIRS,n,2,300.77,3.26,D,0,VIIRS_NOAA20_SP
23.15376,79.84789,336.75,0.42,0.38,2023-11-19,800,N20,VIIRS,n,2,304.9,2.55,D,0,VIIRS_NOAA20_SP
23.15621,79.5854,336.6,0.42,0.37,2023-11-19,800,N20,VIIRS,n,2,309.9,29.42,D,0,VIIRS_NOAA20_SP
23.16202,79.77952,331.48,0.42,0.38,2023-11-19,800,N20,VIIRS,l,2,304.75,6.36,D,0,VIIRS_NOAA20_SP
23.1768,79.83583,342.52,0.42,0.38,2023-11-19,800,N20,VIIRS,n,2,306.21,6.53,D,0,VIIRS_NOAA20_SP
23.17723,79.89048,334.07,0.42,0.38,2023-11-19,800,N20,VIIRS,n,2,302.24,2.44,D,0,VIIRS_NOAA20_SP
23.17743,79.81475,333.65,0.42,0.38,2023-11-19,800,N20,VIIRS,n,2,303.94,2.61,D,0,VIIRS_NOAA20_SP
23.18145,79.81831,333.57,0.42,0.38,2023-11-19,800,N20,VIIRS,n,2,304.03,2.61,D,0,VIIRS_NOAA20_SP
23.18201,79.82241,333.73,0.42,0.38,2023-11-19,800,N20,VIIRS,n,2,304.88,3.31,D,0,VIIRS_NOAA20_SP
23.18295,77.61732,335.66,0.38,0.36,2023-11-19,800,N20,VIIRS,n,2,304.48,3.55,D,0,VIIRS_NOAA20_SP
23.18311,79.63031,336.46,0.42,0.37,2023-11-19,800,N20,VIIRS,n,2,305.33,3.22,D,0,VIIRS_NOAA20_SP
23.18352,79.63057,336.72,0.42,0.37,2023-11-19,800,N20,VIIRS,n,2,305.53,2.73,D,0,VIIRS_NOAA20_SP
23.19247,77.68062,340.46,0.38,0.36,2023-11-19,800,N20,VIIRS,n,2,302.68,2.44,D,0,VIIRS_NOAA20_SP
23.1925,79.74544,333.43,0.42,0.38,2023-11-19,800,N20,VIIRS,n,2,302.45,3.63,D,0,VIIRS_NOAA20_SP
23.19543,69.98235,332.02,0.52,0.5,2023-11-19,800,N20,VIIRS,n,2,304.3,2.78,D,0,VIIRS_NOAA20_SP
23.19858,80.69241,341.58,0.46,0.39,2023-11-19,800,N20,VIIRS,n,2,302.57,7.48,D,0,VIIRS_NOAA20_SP
23.2091,79.69252,340.65,0.42,0.38,2023-11-19,800,N20,VIIRS,n,2,300.0,2.94,D,0,VIIRS_NOAA20_SP
23.21021,79.70067,332.73,0.42,0.38,2023-11-19,800,N20,VIIRS,n,2,303.63,3.73,D,0,VIIRS_NOAA20_SP
23.21864,79.73684,334.41,0.42,0.38,2023-11-19,800,N20,VIIRS,n,2,303.81,3.94,D,0,VIIRS_NOAA20_SP
23.23471,78.49384,334.14,0.39,0.36,2023-11-19,800,N20,VIIRS,n,2,304.0,2.29,D,0,VIIRS_NOAA20_SP
23.23803,80.01225,332.69,0.43,0.38,2023-11-19,800,N20,VIIRS,n,2,303.2,1.97,D,0,VIIRS_NOAA20_SP
23.2391,79.91434,335.42,0.43,0.38,2023-11-19,800,N20,VIIRS,n,2,304.41,5.01,D,0,VIIRS_NOAA20_SP
23.24263,79.75808,331.37,0.42,0.38,2023-11-19,800,N20,VIIRS,n,2,301.08,2.76,D,0,VIIRS_NOAA20_SP
23.24706,77.54503,331.22,0.38,0.36,2023-11-19,800,N20,VIIRS,n,2,301.81,1.05,D,0,VIIRS_NOAA20_SP
23.24757,79.82019,336.82,0.42,0.38,2023-11-19,800,N20,VIIRS,n,2,300.77,7.61,D,0,VIIRS_NOAA20_SP
23.24957,80.01892,330.82,0.43,0.38,2023-11-19,800,N20,VIIRS,n,2,300.27,2.88,D,0,VIIRS_NOAA20_SP
23.25553,79.98392,335.19,0.43,0.38,2023-11-19,800,N20,VIIRS,n,2,303.39,2.9,D,0,VIIRS_NOAA20_SP
23.25565,79.95838,349.13,0.43,0.38,2023-11-19,800,N20,VIIRS,n,2,303.84,5.65,D,0,VIIRS_NOAA20_SP
23.26081,79.81389,330.47,0.42,0.38,2023-11-19,800,N20,VIIRS,l,2,304.11,6.7,D,0,VIIRS_NOAA20_SP
23.26138,79.81799,333.1,0.42,0.38,2023-11-19,800,N20,VIIRS,n,2,304.75,6.57,D,0,VIIRS_NOAA20_SP
23.26579,79.87629,332.78,0.43,0.38,2023-11-19,800,N20,VIIRS,n,2,301.32,2.62,D,0,VIIRS_NOAA20_SP
23.27066,79.96452,345.64,0.43,0.38,2023-11-19,800,N20,VIIRS,n,2,307.17,12.41,D,0,VIIRS_NOAA20_SP
23.27376,79.70301,346.33,0.42,0.38,2023-11-19,800,N20,VIIRS,n,2,302.82,5.2,D,0,VIIRS_NOAA20_SP
23.27519,79.81581,345.65,0.42,0.38,2023-11-19,800,N20,VIIRS,n,2,305.75,10.87,D,0,VIIRS_NOAA20_SP
23.276,79.92546,334.45,0.43,0.38,2023-11-19,800,N20,VIIRS,n,2,302.52,2.52,D,0,VIIRS_NOAA20_SP
23.27704,79.95926,340.59,0.43,0.38,2023-11-19,800,N20,VIIRS,n,2,304.0,7.46,D,0,VIIRS_NOAA20_SP
23.27719,79.70246,337.36,0.42,0.38,2023-11-19,800,N20,VIIRS,n,2,303.37,5.7,D,0,VIIRS_NOAA20_SP
23.27842,79.89119,337.14,0.43,0.38,2023-11-19,800,N20,VIIRS,n,2,303.85,4.48,D,0,VIIRS_NOAA20_SP
23.27864,79.81525,335.35,0.42,0.38,2023-11-19,800,N20,VIIRS,n,2,303.39,8.34,D,0,VIIRS_NOAA20_SP
23.27947,79.92491,336.78,0.43,0.38,2023-11-19,800,N20,VIIRS,n,2,302.54,5.24,D,0,VIIRS_NOAA20_SP
23.28003,79.92907,335.59,0.43,0.38,2023-11-19,800,N20,VIIRS,n,2,304.64,5.24,D,0,VIIRS_NOAA20_SP
23.2809,79.83173,345.95,0.42,0.38,2023-11-19,800,N20,VIIRS,n,2,303.47,5.43,D,0,VIIRS_NOAA20_SP
23.28535,79.8901,339.17,0.43,0.38,2023-11-19,800,N20,VIIRS,n,2,304.37,3.82,D,0,VIIRS_NOAA20_SP
23.28697,79.92796,335.08,0.43,0.38,2023-11-19,800,N20,VIIRS,n,2,300.21,2.69,D,0,VIIRS_NOAA20_SP
23.29425,79.77499,333.12,0.42,0.38,2023-11-19,800,N20,VIIRS,n,2,305.07,3.19,D,0,VIIRS_NOAA20_SP
23.30119,79.74876,333.98,0.42,0.38,2023-11-19,800,N20,VIIRS,n,2,303.15,3.18,D,0,VIIRS_NOAA20_SP
23.30209,79.88323,346.21,0.43,0.38,2023-11-19,800,N20,VIIRS,n,2,302.92,4.68,D,0,VIIRS_NOAA20_SP
23.30362,79.97211,345.55,0.43,0.38,2023-11-19,800,N20,VIIRS,n,2,299.84,2.95,D,0,VIIRS_NOAA20_SP
23.30368,79.94656,334.28,0.43,0.38,2023-11-19,800,N20,VIIRS,n,2,302.15,2.04,D,0,VIIRS_NOAA20_SP
23.30709,79.97156,345.02,0.43,0.38,2023-11-19,800,N20,VIIRS,n,2,301.56,7.83,D,0,VIIRS_NOAA20_SP
23.30959,79.88628,336.39,0.43,0.38,2023-11-19,800,N20,VIIRS,n,2,303.87,2.06,D,0,VIIRS_NOAA20_SP
23.31056,79.97102,330.01,0.43,0.38,2023-11-19,800,N20,VIIRS,l,2,300.05,7.83,D,0,VIIRS_NOAA20_SP
23.31081,79.84385,343.18,0.42,0.38,2023-11-19,800,N20,VIIRS,n,2,303.24,6.47,D,0,VIIRS_NOAA20_SP
23.313,79.91114,345.37,0.43,0.38,2023-11-19,800,N20,VIIRS,n,2,302.89,9.69,D,0,VIIRS_NOAA20_SP
23.33276,79.85816,336.03,0.43,0.38,2023-11-19,800,N20,VIIRS,n,2,304.75,2.59,D,0,VIIRS_NOAA20_SP
23.34166,79.92455,336.16,0.43,0.38,2023-11-19,800,N20,VIIRS,l,2,306.19,8.48,D,0,VIIRS_NOAA20_SP
23.3428,79.80174,333.04,0.42,0.38,2023-11-19,800,N20,VIIRS,n,2,300.53,4.83,D,0,VIIRS_NOAA20_SP
23.34445,79.94537,332.05,0.43,0.38,2023-11-19,800,N20,VIIRS,n,2,300.7,2.83,D,0,VIIRS_NOAA20_SP
23.34641,80.02517,332.27,0.43,0.38,2023-11-19,800,N20,VIIRS,n,2,299.97,0.84,D,0,VIIRS_NOAA20_SP
23.34809,80.02594,331.63,0.43,0.38,2023-11-19,800,N20,VIIRS,n,2,299.8,0.92,D,0,VIIRS_NOAA20_SP
23.3486,79.92346,338.63,0.43,0.38,2023-11-19,800,N20,VIIRS,n,2,303.46,7.98,D,0,VIIRS_NOAA20_SP
23.35073,80.07271,331.97,0.43,0.38,2023-11-19,800,N20,VIIRS,l,2,304.43,5.05,D,0,VIIRS_NOAA20_SP
23.35274,80.07133,333.3,0.43,0.38,2023-11-19,800,N20,VIIRS,l,2,303.66,4.14,D,0,VIIRS_NOAA20_SP
23.35582,72.23544,341.89,0.57,0.43,2023-11-19,800,N20,VIIRS,n,2,302.97,7.99,D,0,VIIRS_NOAA20_SP
23.35666,79.93068,333.17,0.43,0.38,2023-11-19,800,N20,VIIRS,n,2,301.56,2.09,D,0,VIIRS_NOAA20_SP
23.35757,80.09747,339.11,0.43,0.38,2023-11-19,800,N20,VIIRS,n,2,304.34,5.7,D,0,VIIRS_NOAA20_SP
23.35876,79.84137,333.76,0.42,0.38,2023-11-19,800,N20,VIIRS,n,2,302.87,1.47,D,0,VIIRS_NOAA20_SP
23.35912,79.74037,338.82,0.42,0.38,2023-11-19,800,N20,VIIRS,n,2,303.62,3.29,D,0,VIIRS_NOAA20_SP
23.36107,80.09692,341.84,0.43,0.38,2023-11-19,800,N20,VIIRS,n,2,300.01,6.17,D,0,VIIRS_NOAA20_SP
23.36455,79.83201,334.88,0.42,0.38,2023-11-19,800,N20,VIIRS,n,2,303.29,3.12,D,0,VIIRS_NOAA20_SP
23.37194,79.86041,332.11,0.43,0.38,2023-11-19,800,N20,VIIRS,l,2,303.14,3.15,D,0,VIIRS_NOAA20_SP
23.3773,80.11165,331.12,0.43,0.38,2023-11-19,800,N20,VIIRS,n,2,299.83,2.44,D,0,VIIRS_NOAA20_SP
23.38302,79.99477,333.35,0.43,0.38,2023-11-19,800,N20,VIIRS,n,2,302.28,2.91,D,0,VIIRS_NOAA20_SP
23.39298,80.12218,344.89,0.43,0.38,2023-11-19,800,N20,VIIRS,n,2,302.97,11.71,D,0,VIIRS_NOAA20_SP
23.39668,80.06983,332.41,0.43,0.38,2023-11-19,800,N20,VIIRS,n,2,302.09,5.24,D,0,VIIRS_NOAA20_SP
23.39864,80.00515,337.16,0.43,0.38,2023-11-19,800,N20,VIIRS,n,2,303.59,5.76,D,0,VIIRS_NOAA20_SP
23.40284,79.95747,337.68,0.43,0.38,2023-11-19,800,N20,VIIRS,n,2,304.82,4.64,D,0,VIIRS_NOAA20_SP
23.4047,80.10307,333.98,0.43,0.38,2023-11-19,800,N20,VIIRS,l,2,304.74,9.25,D,0,VIIRS_NOAA20_SP
23.40488,80.05134,330.77,0.43,0.38,2023-11-19,800,N20,VIIRS,n,2,302.33,2.24,D,0,VIIRS_NOAA20_SP
23.40789,79.66558,332.02,0.42,0.38,2023-11-19,800,N20,VIIRS,n,2,301.94,1.88,D,0,VIIRS_NOAA20_SP
23.41093,79.96474,330.92,0.43,0.38,2023-11-19,800,N20,VIIRS,l,2,302.17,3.17,D,0,VIIRS_NOAA20_SP
23.41371,80.01134,333.1,0.43,0.38,2023-11-19,800,N20,VIIRS,n,2,303.92,3.05,D,0,VIIRS_NOAA20_SP
23.41494,80.17946,335.18,0.44,0.38,2023-11-19,800,N20,VIIRS,n,2,298.0,3.8,D,0,VIIRS_NOAA20_SP
23.41603,77.4035,331.57,0.38,0.36,2023-11-19,800,N20,VIIRS,n,2,303.23,2.62,D,0,VIIRS_NOAA20_SP
23.41769,80.04074,337.92,0.43,0.38,2023-11-19,800,N20,VIIRS,n,2,301.29,5.85,D,0,VIIRS_NOAA20_SP
23.41947,80.02759,341.4,0.43,0.38,2023-11-19,800,N20,VIIRS,n,2,301.86,3.56,D,0,VIIRS_NOAA20_SP
23.42061,80.036,342.27,0.43,0.38,2023-11-19,800,N20,VIIRS,n,2,302.61,6.21,D,0,VIIRS_NOAA20_SP
23.43175,80.22477,343.14,0.44,0.38,2023-11-19,800,N20,VIIRS,n,2,302.65,5.09,D,0,VIIRS_NOAA20_SP
23.43408,79.97818,332.45,0.43,0.38,2023-11-19,800,N20,VIIRS,l,2,302.75,1.89,D,0,VIIRS_NOAA20_SP
23.43462,80.24619,334.04,0.44,0.38,2023-11-19,800,N20,VIIRS,n,2,303.03,5.01,D,0,VIIRS_NOAA20_SP
23.43747,80.02906,335.25,0.43,0.38,2023-11-19,800,N20,VIIRS,n,2,306.66,6.18,D,0,VIIRS_NOAA20_SP
23.44211,80.03692,334.57,0.43,0.38,2023-11-19,800,N20,VIIRS,n,2,303.86,4.21,D,0,VIIRS_NOAA20_SP
23.44497,80.62742,332.41,0.46,0.39,2023-11-19,800,N20,VIIRS,n,2,299.89,2.05,D,0,VIIRS_NOAA20_SP
23.44506,80.00642,338.3,0.43,0.38,2023-11-19,800,N20,VIIRS,n,2,304.49,2.65,D,0,VIIRS_NOAA20_SP
23.44536,80.16604,339.38,0.44,0.38,2023-11-19,800,N20,VIIRS,n,2,304.49,11.39,D,0,VIIRS_NOAA20_SP
23.44552,77.9431,332.89,0.39,0.36,2023-11-19,800,N20,VIIRS,n,2,302.62,1.83,D,0,VIIRS_NOAA20_SP
23.44593,80.1703,346.44,0.44,0.38,2023-11-19,800,N20,VIIRS,n,2,307.18,11.39,D,0,VIIRS_NOAA20_SP
23.44624,79.9891,353.8,0.43,0.38,2023-11-19,800,N20,VIIRS,n,2,308.5,20.37,D,0,VIIRS_NOAA20_SP
23.44672,68.75337,336.68,0.61,0.53,2023-11-19,800,N20,VIIRS,n,2,305.89,5.75,D,0,VIIRS_NOAA20_SP
23.44721,79.98536,338.87,0.43,0.38,2023-11-19,800,N20,VIIRS,n,2,307.52,21.55,D,0,VIIRS_NOAA20_SP
23.44724,80.10076,330.25,0.43,0.38,2023-11-19,800,N20,VIIRS,n,2,301.38,2.24,D,0,VIIRS_NOAA20_SP
23.44777,79.98956,345.38,0.43,0.38,2023-11-19,800,N20,VIIRS,n,2,306.64,21.55,D,0,VIIRS_NOAA20_SP
23.44854,80.00587,337.78,0.43,0.38,2023-11-19,800,N20,VIIRS,n,2,305.37,5.44,D,0,VIIRS_NOAA20_SP
23.44937,80.57705,336.63,0.45,0.39,2023-11-19,800,N20,VIIRS,n,2,300.36,4.92,D,0,VIIRS_NOAA20_SP
23.44972,79.98855,334.28,0.43,0.38,2023-11-19,800,N20,VIIRS,n,2,302.78,20.37,D,0,VIIRS_NOAA20_SP
23.45011,80.12193,350.0,0.44,0.38,2023-11-19,800,N20,VIIRS,n,2,304.26,8.93,D,0,VIIRS_NOAA20_SP
23.45127,80.13042,335.81,0.44,0.38,2023-11-19,800,N20,VIIRS,n,2,303.07,6.61,D,0,VIIRS_NOAA20_SP
23.45295,80.1692,352.69,0.44,0.38,2023-11-19,800,N20,VIIRS,n,2,304.81,23.47,D,0,VIIRS_NOAA20_SP
23.45375,80.01791,334.63,0.43,0.38,2023-11-19,800,N20,VIIRS,n,2,305.05,1.48,D,0,VIIRS_NOAA20_SP
23.45647,80.41027,334.23,0.45,0.39,2023-11-19,800,N20,VIIRS,n,2,304.03,2.76,D,0,VIIRS_NOAA20_SP
23.45653,77.71796,331.39,0.38,0.36,2023-11-19,800,N20,VIIRS,n,2,305.38,1.85,D,0,VIIRS_NOAA20_SP
23.45663,80.03894,335.21,0.43,0.38,2023-11-19,800,N20,VIIRS,n,2,304.9,3.2,D,0,VIIRS_NOAA20_SP
23.46251,77.69007,332.08,0.38,0.36,2023-11-19,800,N20,VIIRS,n,2,303.22,2.57,D,0,VIIRS_NOAA20_SP
23.4663,79.9952,340.17,0.43,0.38,2023-11-19,800,N20,VIIRS,n,2,303.97,3.8,D,0,VIIRS_NOAA20_SP
23.46741,80.00359,333.3,0.43,0.38,2023-11-19,800,N20,VIIRS,l,2,303.59,4.36,D,0,VIIRS_NOAA20_SP
23.46839,80.36414,334.54,0.44,0.39,2023-11-19,800,N20,VIIRS,n,2,301.81,3.46,D,0,VIIRS_NOAA20_SP
23.46922,79.99046,345.06,0.43,0.38,2023-11-19,800,N20,VIIRS,n,2,304.18,14.97,D,0,VIIRS_NOAA20_SP
23.4709,80.00305,330.11,0.43,0.38,2023-11-19,800,N20,VIIRS,l,2,301.86,2.71,D,0,VIIRS_NOAA20_SP
23.47377,80.32356,336.57,0.44,0.39,2023-11-19,800,N20,VIIRS,n,2,299.65,5.09,D,0,VIIRS_NOAA20_SP
23.47402,80.08004,335.47,0.43,0.38,2023-11-19,800,N20,VIIRS,n,2,302.77,6.16,D,0,VIIRS_NOAA20_SP
23.47551,80.01091,346.76,0.43,0.38,2023-11-19,800,N20,VIIRS,n,2,306.34,7.74,D,0,VIIRS_NOAA20_SP
23.47672,80.3187,330.54,0.44,0.39,2023-11-19,800,N20,VIIRS,n,2,298.47,4.0,D,0,VIIRS_NOAA20_SP
23.48473,80.02664,331.75,0.43,0.38,2023-11-19,800,N20,VIIRS,n,2,299.5,3.14,D,0,VIIRS_NOAA20_SP
23.48559,80.27773,330.59,0.44,0.38,2023-11-19,800,N20,VIIRS,n,2,300.25,1.68,D,0,VIIRS_NOAA20_SP
23.48991,80.03873,341.71,0.43,0.38,2023-11-19,800,N20,VIIRS,n,2,300.97,5.83,D,0,VIIRS_NOAA20_SP
23.49223,79.8716,332.94,0.43,0.38,2023-11-19,800,N20,VIIRS,l,2,303.63,4.23,D,0,VIIRS_NOAA20_SP
23.49755,80.28557,330.06,0.44,0.39,2023-11-19,800,N20,VIIRS,l,2,300.66,2.74,D,0,VIIRS_NOAA20_SP
23.49834,77.74899,331.44,0.39,0.36,2023-11-19,800,N20,VIIRS,l,2,302.56,2.39,D,0,VIIRS_NOAA20_SP
23.50264,80.05395,338.43,0.43,0.38,2023-11-19,800,N20,VIIRS,n,2,301.76,3.32,D,0,VIIRS_NOAA20_SP
23.50274,80.02811,335.15,0.43,0.38,2023-11-19,800,N20,VIIRS,n,2,302.06,3.49,D,0,VIIRS_NOAA20_SP
23.5032,77.71358,335.7,0.38,0.36,2023-11-19,800,N20,VIIRS,l,2,306.68,3.86,D,0,VIIRS_NOAA20_SP
23.50574,80.15739,332.33,0.44,0.38,2023-11-19,800,N20,VIIRS,n,2,300.24,2.32,D,0,VIIRS_NOAA20_SP
23.50679,80.03178,335.22,0.43,0.38,2023-11-19,800,N20,VIIRS,n,2,301.17,3.49,D,0,VIIRS_NOAA20_SP
23.50873,80.39878,337.42,0.45,0.39,2023-11-19,800,N20,VIIRS,n,2,302.51,6.24,D,0,VIIRS_NOAA20_SP
23.50914,80.0228,331.41,0.43,0.38,2023-11-19,800,N20,VIIRS,n,2,298.39,1.09,D,0,VIIRS_NOAA20_SP
23.50934,77.75475,332.58,0.39,0.36,2023-11-19,800,N20,VIIRS,n,2,302.09,1.44,D,0,VIIRS_NOAA20_SP
23.51468,79.90633,340.99,0.43,0.38,2023-11-19,800,N20,VIIRS,n,2,307.39,11.4,D,0,VIIRS_NOAA20_SP
23.51513,80.14725,337.79,0.44,0.38,2023-11-19,800,N20,VIIRS,n,2,303.07,3.75,D,0,VIIRS_NOAA20_SP
23.51711,80.243,332.67,0.44,0.38,2023-11-19,800,N20,VIIRS,l,2,302.77,3.95,D,0,VIIRS_NOAA20_SP
23.52366,80.02482,331.25,0.43,0.38,2023-11-19,800,N20,VIIRS,n,2,300.18,5.17,D,0,VIIRS_NOAA20_SP
23.52392,77.92133,331.41,0.39,0.36,2023-11-19,800,N20,VIIRS,n,2,302.97,2.17,D,0,VIIRS_NOAA20_SP
23.52566,79.90886,335.97,0.43,0.38,2023-11-19,800,N20,VIIRS,n,2,304.71,5.14,D,0,VIIRS_NOAA20_SP
23.53247,79.98475,341.12,0.43,0.38,2023-11-19,800,N20,VIIRS,n,2,303.12,6.61,D,0,VIIRS_NOAA20_SP
23.53343,80.07066,333.8,0.43,0.38,2023-11-19,800,N20,VIIRS,n,2,303.56,4.74,D,0,VIIRS_NOAA20_SP
23.53495,80.16155,330.21,0.44,0.38,2023-11-19,800,N20,VIIRS,l,2,302.73,5.9,D,0,VIIRS_NOAA20_SP
23.53552,80.16582,333.73,0.44,0.38,2023-11-19,800,N20,VIIRS,n,2,303.62,5.9,D,0,VIIRS_NOAA20_SP
23.53652,79.9884,330.8,0.43,0.38,2023-11-19,800,N20,VIIRS,l,2,302.78,2.44,D,0,VIIRS_NOAA20_SP
23.53995,80.2526,334.81,0.44,0.38,2023-11-19,800,N20,VIIRS,n,2,299.48,3.99,D,0,VIIRS_NOAA20_SP
23.54981,80.03361,339.06,0.43,0.38,2023-11-19,800,N20,VIIRS,n,2,303.56,3.07,D,0,VIIRS_NOAA20_SP
23.55675,80.05837,333.66,0.43,0.38,2023-11-19,800,N20,VIIRS,n,2,302.49,2.44,D,0,VIIRS_NOAA20_SP
23.56424,80.11343,331.81,0.44,0.38,2023-11-19,800,N20,VIIRS,l,2,301.9,5.85,D,0,VIIRS_NOAA20_SP
23.57201,79.94956,331.51,0.43,0.38,2023-11-19,800,N20,VIIRS,n,2,301.04,3.68,D,0,VIIRS_NOAA20_SP
23.57897,79.94848,331.2,0.43,0.38,2023-11-19,800,N20,VIIRS,n,2,301.58,2.95,D,0,VIIRS_NOAA20_SP
23.57953,79.95267,331.29,0.43,0.38,2023-11-19,800,N20,VIIRS,n,2,299.42,2.95,D,0,VIIRS_NOAA20_SP
23.58649,79.95158,346.55,0.43,0.38,2023-11-19,800,N20,VIIRS,n,2,303.73,8.95,D,0,VIIRS_NOAA20_SP
23.58771,79.93422,339.05,0.43,0.38,2023-11-19,800,N20,VIIRS,n,2,304.58,14.35,D,0,VIIRS_NOAA20_SP
23.59448,80.63786,331.9,0.46,0.39,2023-11-19,800,N20,VIIRS,l,2,302.95,3.31,D,0,VIIRS_NOAA20_SP
23.59966,79.99673,332.1,0.43,0.38,2023-11-19,800,N20,VIIRS,n,2,299.4,3.66,D,0,VIIRS_NOAA20_SP
23.60306,80.02203,341.56,0.43,0.38,2023-11-19,800,N20,VIIRS,n,2,303.9,3.91,D,0,VIIRS_NOAA20_SP
23.60428,80.00461,337.31,0.43,0.38,2023-11-19,800,N20,VIIRS,n,2,303.71,4.99,D,0,VIIRS_NOAA20_SP
23.60984,80.07276,333.47,0.43,0.38,2023-11-19,800,N20,VIIRS,n,2,305.23,5.19,D,0,VIIRS_NOAA20_SP
23.6171,79.99396,330.63,0.43,0.38,2023-11-19,800,N20,VIIRS,n,2,302.8,3.36,D,0,VIIRS_NOAA20_SP
23.61737,80.23735,333.32,0.44,0.38,2023-11-19,800,N20,VIIRS,n,2,302.33,1.82,D,0,VIIRS_NOAA20_SP
23.62959,77.83345,335.25,0.39,0.36,2023-11-19,800,N20,VIIRS,n,2,305.82,2.46,D,0,VIIRS_NOAA20_SP
23.63647,88.46792,367.0,0.45,0.63,2023-11-19,800,N20,VIIRS,h,2,300.91,22.03,D,0,VIIRS_NOAA20_SP
23.63679,88.46745,367.0,0.45,0.63,2023-11-19,800,N20,VIIRS,h,2,300.7,22.38,D,0,VIIRS_NOAA20_SP
23.65384,79.62393,333.82,0.42,0.38,2023-11-19,800,N20,VIIRS,n,2,303.92,1.63,D,0,VIIRS_NOAA20_SP
23.65804,80.38158,334.41,0.45,0.39,2023-11-19,800,N20,VIIRS,n,2,305.7,3.91,D,0,VIIRS_NOAA20_SP
23.68904,80.04367,330.37,0.43,0.38,2023-11-19,800,N20,VIIRS,l,2,302.34,3.92,D,0,VIIRS_NOAA20_SP
23.69141,75.5264,336.74,0.41,0.37,2023-11-19,800,N20,VIIRS,n,2,303.32,2.07,D,0,VIIRS_NOAA20_SP
23.69477,75.52575,344.59,0.41,0.37,2023-11-19,800,N20,VIIRS,n,2,303.63,3.29,D,0,VIIRS_NOAA20_SP
23.6966,80.04681,337.04,0.43,0.38,2023-11-19,800,N20,VIIRS,n,2,300.93,6.27,D,0,VIIRS_NOAA20_SP
23.70185,79.69184,334.54,0.42,0.38,2023-11-19,800,N20,VIIRS,n,2,303.58,2.87,D,0,VIIRS_NOAA20_SP
23.73174,77.812,337.98,0.39,0.36,2023-11-19,800,N20,VIIRS,n,2,304.71,2.77,D,0,VIIRS_NOAA20_SP
23.74894,80.85178,333.26,0.47,0.4,2023-11-19,800,N20,VIIRS,n,2,301.18,6.22,D,0,VIIRS_NOAA20_SP
23.75322,79.99026,332.91,0.43,0.38,2023-11-19,800,N20,VIIRS,n,2,301.64,3.09,D,0,VIIRS_NOAA20_SP
23.75537,86.40273,349.78,0.33,0.55,2023-11-19,800,N20,VIIRS,n,2,299.21,5.85,D,0,VIIRS_NOAA20_SP
23.75732,86.40092,334.37,0.33,0.55,2023-11-19,800,N20,VIIRS,n,2,301.31,3.57,D,2,VIIRS_NOAA20_SP
23.75764,86.40413,353.88,0.33,0.55,2023-11-19,800,N20,VIIRS,n,2,301.78,3.57,D,2,VIIRS_NOAA20_SP
23.76048,86.40212,330.38,0.33,0.55,2023-11-19,800,N20,VIIRS,n,2,293.11,1.23,D,2,VIIRS_NOAA20_SP
23.77378,80.24929,343.2,0.44,0.39,2023-11-19,800,N20,VIIRS,n,2,301.94,5.25,D,0,VIIRS_NOAA20_SP
23.77458,86.38731,332.17,0.33,0.55,2023-11-19,800,N20,VIIRS,l,2,302.31,3.75,D,2,VIIRS_NOAA20_SP
23.77488,86.39059,338.69,0.33,0.55,2023-11-19,800,N20,VIIRS,n,2,299.11,2.22,D,2,VIIRS_NOAA20_SP
23.77825,86.20803,330.72,0.32,0.55,2023-11-19,800,N20,VIIRS,n,2,297.34,4.05,D,2,VIIRS_NOAA20_SP
23.79194,86.35265,333.49,0.33,0.55,2023-11-19,800,N20,VIIRS,n,2,300.17,1.9,D,2,VIIRS_NOAA20_SP
23.87666,80.34513,335.0,0.45,0.39,2023-11-19,800,N20,VIIRS,n,2,304.73,9.07,D,0,VIIRS_NOAA20_SP
23.94305,80.005,340.81,0.44,0.38,2023-11-19,800,N20,VIIRS,n,2,298.3,4.89,D,0,VIIRS_NOAA20_SP
23.97694,80.77341,333.87,0.47,0.4,2023-11-19,800,N20,VIIRS,n,2,301.23,4.0,D,0,VIIRS_NOAA20_SP
23.97815,80.75452,335.56,0.47,0.4,2023-11-19,800,N20,VIIRS,n,2,302.38,4.35,D,0,VIIRS_NOAA20_SP
24.00208,80.87923,331.23,0.47,0.4,2023-11-19,800,N20,VIIRS,n,2,301.85,1.79,D,0,VIIRS_NOAA20_SP
24.00237,80.88245,331.2,0.47,0.4,2023-11-19,800,N20,VIIRS,n,2,302.27,1.76,D,0,VIIRS_NOAA20_SP
24.05462,75.34349,338.44,0.41,0.37,2023-11-19,800,N20,VIIRS,n,2,305.59,2.68,D,0,VIIRS_NOAA20_SP
24.05526,75.34745,338.26,0.41,0.37,2023-11-19,800,N20,VIIRS,n,2,305.33,2.91,D,0,VIIRS_NOAA20_SP
24.05799,75.34283,335.59,0.41,0.37,2023-11-19,800,N20,VIIRS,n,2,303.1,2.68,D,0,VIIRS_NOAA20_SP
24.05863,75.34679,344.24,0.41,0.37,2023-11-19,800,N20,VIIRS,n,2,303.24,2.91,D,0,VIIRS_NOAA20_SP
24.05962,75.34628,346.89,0.41,0.37,2023-11-19,800,N20,VIIRS,n,2,302.99,2.83,D,0,VIIRS_NOAA20_SP
24.06299,75.34562,350.32,0.41,0.37,2023-11-19,800,N20,VIIRS,n,2,302.85,2.83,D,0,VIIRS_NOAA20_SP
24.06365,75.34957,330.03,0.41,0.37,2023-11-19,800,N20,VIIRS,l,2,303.3,2.83,D,0,VIIRS_NOAA20_SP
24.27934,77.42953,331.95,0.38,0.36,2023-11-19,800,N20,VIIRS,n,2,305.7,2.06,D,0,VIIRS_NOAA20_SP
24.29888,80.18577,346.23,0.45,0.39,2023-11-19,800,N20,VIIRS,n,2,303.67,7.32,D,0,VIIRS_NOAA20_SP
24.31836,77.44186,331.03,0.38,0.36,2023-11-19,800,N20,VIIRS,n,2,303.7,1.69,D,0,VIIRS_NOAA20_SP
24.38952,81.21024,335.5,0.5,0.41,2023-11-19,800,N20,VIIRS,n,2,299.81,6.06,D,0,VIIRS_NOAA20_SP
24.391,80.86392,335.39,0.48,0.4,2023-11-19,800,N20,VIIRS,n,2,297.12,3.74,D,0,VIIRS_NOAA20_SP
24.41966,80.88359,331.16,0.48,0.4,2023-11-19,800,N20,VIIRS,n,2,299.58,2.56,D,0,VIIRS_NOAA20_SP
24.42574,81.41114,330.95,0.51,0.41,2023-11-19,800,N20,VIIRS,n,2,300.86,3.09,D,0,VIIRS_NOAA20_SP
24.42881,80.84073,335.78,0.48,0.4,2023-11-19,800,N20,VIIRS,n,2,298.48,4.16,D,0,VIIRS_NOAA20_SP
24.42941,80.84381,333.25,0.48,0.4,2023-11-19,800,N20,VIIRS,n,2,302.01,3.67,D,0,VIIRS_NOAA20_SP
24.44161,80.44978,335.06,0.46,0.39,2023-11-19,800,N20,VIIRS,n,2,298.64,2.61,D,0,VIIRS_NOAA20_SP
24.45618,80.85098,338.26,0.48,0.4,2023-11-19,800,N20,VIIRS,n,2,299.9,6.49,D,0,VIIRS_NOAA20_SP
24.47713,80.98777,338.17,0.49,0.4,2023-11-19,800,N20,VIIRS,n,2,301.14,4.99,D,0,VIIRS_NOAA20_SP
24.48602,81.08913,330.13,0.49,0.4,2023-11-19,800,N20,VIIRS,n,2,296.36,2.59,D,0,VIIRS_NOAA20_SP
24.49112,81.22218,331.47,0.5,0.41,2023-11-19,800,N20,VIIRS,n,2,298.61,2.75,D,0,VIIRS_NOAA20_SP
24.50045,80.99406,335.63,0.49,0.4,2023-11-19,800,N20,VIIRS,n,2,298.86,4.66,D,0,VIIRS_NOAA20_SP
24.51104,80.5194,333.05,0.46,0.39,2023-11-19,800,N20,VIIRS,n,2,302.52,4.49,D,0,VIIRS_NOAA20_SP
24.54116,80.66905,331.68,0.47,0.4,2023-11-19,800,N20,VIIRS,n,2,302.43,2.53,D,0,VIIRS_NOAA20_SP
24.56823,81.14124,333.22,0.49,0.41,2023-11-19,800,N20,VIIRS,n,2,300.83,3.51,D,0,VIIRS_NOAA20_SP
24.56918,80.57104,331.56,0.47,0.39,2023-11-19,800,N20,VIIRS,n,2,298.23,2.18,D,0,VIIRS_NOAA20_SP
24.62395,80.70544,334.18,0.47,0.4,2023-11-19,800,N20,VIIRS,n,2,301.7,8.03,D,0,VIIRS_NOAA20_SP
24.62407,80.7086,345.79,0.47,0.4,2023-11-19,800,N20,VIIRS,n,2,302.25,8.85,D,0,VIIRS_NOAA20_SP
24.63582,80.45074,335.35,0.46,0.39,2023-11-19,800,N20,VIIRS,n,2,300.47,6.08,D,0,VIIRS_NOAA20_SP
24.71222,80.93246,330.39,0.48,0.4,2023-11-19,800,N20,VIIRS,n,2,300.14,2.68,D,0,VIIRS_NOAA20_SP
24.72148,75.0338,341.63,0.41,0.37,2023-11-19,800,N20,VIIRS,n,2,303.71,4.28,D,0,VIIRS_NOAA20_SP
24.72776,81.17706,331.18,0.5,0.41,2023-11-19,800,N20,VIIRS,n,2,300.44,5.15,D,0,VIIRS_NOAA20_SP
24.86753,77.18814,332.36,0.38,0.36,2023-11-19,800,N20,VIIRS,n,2,298.86,2.63,D,0,VIIRS_NOAA20_SP
24.97348,77.07952,333.69,0.38,0.36,2023-11-19,800,N20,VIIRS,n,2,298.84,2.66,D,0,VIIRS_NOAA20_SP
25.32519,80.5146,331.65,0.47,0.4,2023-11-19,800,N20,VIIRS,n,2,298.92,2.76,D,0,VIIRS_NOAA20_SP
25.33454,81.41418,346.52,0.52,0.42,2023-11-19,800,N20,VIIRS,n,2,299.42,9.22,D,0,VIIRS_NOAA20_SP
25.33517,81.41934,331.27,0.52,0.42,2023-11-19,800,N20,VIIRS,n,2,298.42,3.06,D,0,VIIRS_NOAA20_SP
25.40289,81.50732,337.91,0.53,0.42,2023-11-19,800,N20,VIIRS,n,2,298.09,4.67,D,0,VIIRS_NOAA20_SP
25.42076,81.52611,331.09,0.53,0.42,2023-11-19,800,N20,VIIRS,n,2,298.63,2.41,D,0,VIIRS_NOAA20_SP
25.42421,85.34969,338.26,0.59,0.53,2023-11-19,800,N20,VIIRS,n,2,299.69,5.67,D,0,VIIRS_NOAA20_SP
25.43007,83.86801,334.56,0.48,0.48,2023-11-19,800,N20,VIIRS,n,2,298.99,3.64,D,0,VIIRS_NOAA20_SP
25.44626,81.32187,332.84,0.52,0.41,2023-11-19,800,N20,VIIRS,n,2,298.87,2.45,D,0,VIIRS_NOAA20_SP
25.45854,81.23396,331.95,0.51,0.41,2023-11-19,800,N20,VIIRS,n,2,298.92,6.25,D,0,VIIRS_NOAA20_SP
25.46978,81.26337,332.85,0.51,0.41,2023-11-19,800,N20,VIIRS,n,2,298.81,4.47,D,0,VIIRS_NOAA20_SP
25.50647,80.47551,331.28,0.47,0.4,2023-11-19,800,N20,VIIRS,n,2,298.24,2.18,D,0,VIIRS_NOAA20_SP
25.50889,81.26806,339.97,0.51,0.41,2023-11-19,800,N20,VIIRS,n,2,299.58,6.37,D,0,VIIRS_NOAA20_SP
25.51076,81.28339,332.07,0.51,0.41,2023-11-19,800,N20,VIIRS,n,2,298.84,5.02,D,0,VIIRS_NOAA20_SP
25.66922,83.94722,330.21,0.49,0.49,2023-11-19,800,N20,VIIRS,n,2,299.1,2.27,D,0,VIIRS_NOAA20_SP
25.77492,83.80291,333.15,0.48,0.48,2023-11-19,800,N20,VIIRS,n,2,298.55,3.74,D,0,VIIRS_NOAA20_SP
25.82937,83.97874,340.51,0.49,0.49,2023-11-19,800,N20,VIIRS,n,2,297.85,6.24,D,0,VIIRS_NOAA20_SP
26.14192,90.55579,327.52,0.64,0.72,2023-11-19,800,N20,VIIRS,n,2,291.58,5.31,D,0,VIIRS_NOAA20_SP
24.06106,69.41977,339.99,0.54,0.51,2023-11-19,801,N20,VIIRS,n,2,307.32,3.69,D,0,VIIRS_NOAA20_SP
24.06516,69.42035,335.41,0.54,0.51,2023-11-19,801,N20,VIIRS,l,2,307.06,1.42,D,0,VIIRS_NOAA20_SP
24.92194,71.41213,332.78,0.39,0.44,2023-11-19,801,N20,VIIRS,n,2,304.46,1.54,D,0,VIIRS_NOAA20_SP
25.07009,71.71961,332.38,0.57,0.43,2023-11-19,801,N20,VIIRS,n,2,304.48,2.95,D,0,VIIRS_NOAA20_SP
25.15326,69.61456,338.16,0.5,0.49,2023-11-19,801,N20,VIIRS,n,2,299.32,1.96,D,0,VIIRS_NOAA20_SP
25.21855,75.80731,340.23,0.39,0.36,2023-11-19,801,N20,VIIRS,n,2,302.04,5.81,D,0,VIIRS_NOAA20_SP
25.40279,68.97598,337.91,0.54,0.51,2023-11-19,801,N20,VIIRS,n,2,299.42,5.8,D,0,VIIRS_NOAA20_SP
25.40389,68.98119,335.19,0.54,0.51,2023-11-19,801,N20,VIIRS,n,2,298.13,5.8,D,0,VIIRS_NOAA20_SP
25.40679,76.97681,333.09,0.38,0.36,2023-11-19,801,N20,VIIRS,n,2,301.84,4.59,D,0,VIIRS_NOAA20_SP
25.42749,68.66924,334.54,0.56,0.52,2023-11-19,801,N20,VIIRS,n,2,297.73,4.17,D,0,VIIRS_NOAA20_SP
25.5566,78.23024,336.02,0.4,0.37,2023-11-19,801,N20,VIIRS,n,2,301.82,5.17,D,0,VIIRS_NOAA20_SP
25.57601,78.66196,334.44,0.41,0.37,2023-11-19,801,N20,VIIRS,n,2,298.91,2.24,D,0,VIIRS_NOAA20_SP
25.57662,78.17859,332.21,0.4,0.37,2023-11-19,801,N20,VIIRS,n,2,299.46,2.82,D,0,VIIRS_NOAA20_SP
25.59832,78.82365,331.36,0.41,0.37,2023-11-19,801,N20,VIIRS,n,2,298.36,2.3,D,0,VIIRS_NOAA20_SP
25.5988,78.1021,332.2,0.39,0.37,2023-11-19,801,N20,VIIRS,n,2,300.18,2.33,D,0,VIIRS_NOAA20_SP
25.61269,76.74438,334.31,0.38,0.36,2023-11-19,801,N20,VIIRS,n,2,302.52,1.77,D,0,VIIRS_NOAA20_SP
25.61605,78.10313,337.58,0.39,0.37,2023-11-19,801,N20,VIIRS,n,2,300.42,3.08,D,0,VIIRS_NOAA20_SP
25.61938,78.10255,333.44,0.39,0.37,2023-11-19,801,N20,VIIRS,n,2,298.47,2.04,D,0,VIIRS_NOAA20_SP
25.62043,78.01441,337.77,0.39,0.36,2023-11-19,801,N20,VIIRS,n,2,299.92,3.36,D,0,VIIRS_NOAA20_SP
25.62528,80.74028,331.21,0.49,0.4,2023-11-19,801,N20,VIIRS,n,2,298.68,2.41,D,0,VIIRS_NOAA20_SP
25.62829,78.11703,332.52,0.4,0.37,2023-11-19,801,N20,VIIRS,n,2,298.98,2.41,D,0,VIIRS_NOAA20_SP
25.62995,78.29776,332.69,0.4,0.37,2023-11-19,801,N20,VIIRS,n,2,300.07,2.67,D,0,VIIRS_NOAA20_SP
25.63436,80.78328,332.61,0.49,0.4,2023-11-19,801,N20,VIIRS,n,2,298.84,5.45,D,0,VIIRS_NOAA20_SP
25.63453,78.88428,332.26,0.41,0.37,2023-11-19,801,N20,VIIRS,n,2,299.08,2.29,D,0,VIIRS_NOAA20_SP
25.63611,78.26846,338.65,0.4,0.37,2023-11-19,801,N20,VIIRS,n,2,298.85,4.01,D,0,VIIRS_NOAA20_SP
25.63778,78.28027,337.26,0.4,0.37,2023-11-19,801,N20,VIIRS,n,2,300.62,3.29,D,0,VIIRS_NOAA20_SP
25.63796,78.85866,335.41,0.41,0.37,2023-11-19,801,N20,VIIRS,n,2,299.49,3.8,D,0,VIIRS_NOAA20_SP
25.64022,78.87498,334.33,0.41,0.37,2023-11-19,801,N20,VIIRS,n,2,300.34,3.03,D,0,VIIRS_NOAA20_SP
25.67408,78.27001,332.09,0.4,0.37,2023-11-19,801,N20,VIIRS,n,2,299.39,2.08,D,0,VIIRS_NOAA20_SP
25.67487,78.87338,332.31,0.41,0.37,2023-11-19,801,N20,VIIRS,n,2,297.98,2.44,D,0,VIIRS_NOAA20_SP
25.6871,80.99551,330.18,0.5,0.41,2023-11-19,801,N20,VIIRS,n,2,298.39,1.83,D,0,VIIRS_NOAA20_SP
25.69919,78.94875,331.64,0.41,0.37,2023-11-19,801,N20,VIIRS,n,2,298.23,1.78,D,0,VIIRS_NOAA20_SP
25.69924,78.02118,335.37,0.39,0.36,2023-11-19,801,N20,VIIRS,n,2,299.84,4.59,D,0,VIIRS_NOAA20_SP
25.70261,78.3015,332.24,0.4,0.37,2023-11-19,801,N20,VIIRS,n,2,298.43,2.12,D,0,VIIRS_NOAA20_SP
25.70425,78.08031,339.14,0.39,0.37,2023-11-19,801,N20,VIIRS,n,2,298.15,5.07,D,0,VIIRS_NOAA20_SP
25.70468,68.98144,334.28,0.53,0.5,2023-11-19,801,N20,VIIRS,n,2,298.11,2.74,D,0,VIIRS_NOAA20_SP
25.70533,77.99215,335.14,0.39,0.36,2023-11-19,801,N20,VIIRS,n,2,299.52,5.88,D,0,VIIRS_NOAA20_SP
25.70592,78.06801,330.66,0.39,0.37,2023-11-19,801,N20,VIIRS,n,2,298.33,1.52,D,0,VIIRS_NOAA20_SP
25.72207,78.13343,331.31,0.4,0.37,2023-11-19,801,N20,VIIRS,n,2,297.76,2.84,D,0,VIIRS_NOAA20_SP
25.72259,78.04111,335.32,0.39,0.36,2023-11-19,801,N20,VIIRS,n,2,298.96,2.89,D,0,VIIRS_NOAA20_SP
25.72308,77.97309,332.42,0.39,0.36,2023-11-19,801,N20,VIIRS,n,2,298.28,2.69,D,0,VIIRS_NOAA20_SP
25.73036,78.02377,334.71,0.39,0.36,2023-11-19,801,N20,VIIRS,n,2,297.84,2.51,D,0,VIIRS_NOAA20_SP
25.7304,78.09583,337.04,0.4,0.37,2023-11-19,801,N20,VIIRS,n,2,299.56,8.77,D,0,VIIRS_NOAA20_SP
25.73091,78.02766,330.51,0.39,0.36,2023-11-19,801,N20,VIIRS,n,2,297.2,4.02,D,0,VIIRS_NOAA20_SP
25.73096,78.09975,338.44,0.4,0.37,2023-11-19,801,N20,VIIRS,n,2,299.03,4.29,D,0,VIIRS_NOAA20_SP
25.73098,78.14796,336.24,0.4,0.37,2023-11-19,801,N20,VIIRS,n,2,298.62,4.1,D,0,VIIRS_NOAA20_SP
25.73147,78.03157,341.74,0.39,0.36,2023-11-19,801,N20,VIIRS,n,2,299.0,4.02,D,0,VIIRS_NOAA20_SP
25.73261,78.06338,332.56,0.39,0.37,2023-11-19,801,N20,VIIRS,n,2,299.35,5.15,D,0,VIIRS_NOAA20_SP
25.7343,78.09916,334.76,0.4,0.37,2023-11-19,801,N20,VIIRS,n,2,299.62,3.33,D,0,VIIRS_NOAA20_SP
25.73488,78.15131,331.75,0.4,0.37,2023-11-19,801,N20,VIIRS,n,2,298.68,2.38,D,0,VIIRS_NOAA20_SP
25.73851,78.9296,334.95,0.41,0.37,2023-11-19,801,N20,VIIRS,n,2,298.52,4.07,D,0,VIIRS_NOAA20_SP
25.74206,78.05775,337.59,0.39,0.37,2023-11-19,801,N20,VIIRS,n,2,298.29,5.16,D,0,VIIRS_NOAA20_SP
25.74432,78.09742,331.81,0.4,0.37,2023-11-19,801,N20,VIIRS,n,2,298.7,3.15,D,0,VIIRS_NOAA20_SP
25.74716,81.26469,330.04,0.52,0.41,2023-11-19,801,N20,VIIRS,n,2,298.06,3.22,D,0,VIIRS_NOAA20_SP
25.74764,78.07279,337.36,0.39,0.37,2023-11-19,801,N20,VIIRS,n,2,298.84,2.59,D,0,VIIRS_NOAA20_SP
25.74993,78.16077,330.78,0.4,0.37,2023-11-19,801,N20,VIIRS,n,2,299.05,1.28,D,0,VIIRS_NOAA20_SP
25.76931,78.05701,341.39,0.39,0.37,2023-11-19,801,N20,VIIRS,n,2,298.25,5.2,D,0,VIIRS_NOAA20_SP
25.77894,78.91869,344.14,0.41,0.37,2023-11-19,801,N20,VIIRS,n,2,301.34,13.88,D,0,VIIRS_NOAA20_SP
25.78158,78.07092,334.95,0.39,0.37,2023-11-19,801,N20,VIIRS,n,2,298.28,3.48,D,0,VIIRS_NOAA20_SP
25.79057,78.02139,332.16,0.39,0.36,2023-11-19,801,N20,VIIRS,n,2,298.59,1.97,D,0,VIIRS_NOAA20_SP
25.79335,78.01691,331.49,0.39,0.36,2023-11-19,801,N20,VIIRS,n,2,297.81,1.97,D,0,VIIRS_NOAA20_SP
25.79724,78.02023,333.83,0.39,0.36,2023-11-19,801,N20,VIIRS,n,2,299.12,3.98,D,0,VIIRS_NOAA20_SP
25.79835,76.69066,333.37,0.38,0.36,2023-11-19,801,N20,VIIRS,n,2,304.34,1.69,D,0,VIIRS_NOAA20_SP
25.80787,80.24077,334.02,0.46,0.39,2023-11-19,801,N20,VIIRS,n,2,298.73,2.31,D,0,VIIRS_NOAA20_SP
25.80948,78.08226,334.79,0.4,0.37,2023-11-19,801,N20,VIIRS,n,2,297.69,4.08,D,0,VIIRS_NOAA20_SP
25.81002,78.01399,333.48,0.39,0.36,2023-11-19,801,N20,VIIRS,n,2,298.8,2.4,D,0,VIIRS_NOAA20_SP
25.81115,78.11813,343.98,0.4,0.37,2023-11-19,801,N20,VIIRS,n,2,299.35,8.58,D,0,VIIRS_NOAA20_SP
25.81453,78.8717,332.03,0.41,0.37,2023-11-19,801,N20,VIIRS,n,2,299.18,1.84,D,0,VIIRS_NOAA20_SP
25.82557,78.26904,335.7,0.4,0.37,2023-11-19,801,N20,VIIRS,n,2,298.69,4.42,D,0,VIIRS_NOAA20_SP
25.82558,78.00327,332.76,0.39,0.36,2023-11-19,801,N20,VIIRS,n,2,298.91,2.23,D,0,VIIRS_NOAA20_SP
25.8284,78.07094,338.93,0.4,0.37,2023-11-19,801,N20,VIIRS,n,2,299.03,3.76,D,0,VIIRS_NOAA20_SP
25.82891,78.00269,338.59,0.39,0.36,2023-11-19,801,N20,VIIRS,n,2,298.79,3.32,D,0,VIIRS_NOAA20_SP
25.83168,77.99821,336.41,0.39,0.36,2023-11-19,801,N20,VIIRS,n,2,298.33,4.68,D,0,VIIRS_NOAA20_SP
25.83174,78.07036,338.05,0.4,0.37,2023-11-19,801,N20,VIIRS,n,2,298.65,2.6,D,0,VIIRS_NOAA20_SP
25.83283,78.27184,343.11,0.4,0.37,2023-11-19,801,N20,VIIRS,n,2,298.68,3.69,D,0,VIIRS_NOAA20_SP
25.83619,78.27127,333.64,0.4,0.37,2023-11-19,801,N20,VIIRS,n,2,297.34,3.69,D,0,VIIRS_NOAA20_SP
25.83786,78.06528,335.9,0.4,0.37,2023-11-19,801,N20,VIIRS,n,2,298.88,5.02,D,0,VIIRS_NOAA20_SP
25.83911,80.25473,334.51,0.46,0.39,2023-11-19,801,N20,VIIRS,n,2,298.92,6.34,D,0,VIIRS_NOAA20_SP
25.84066,78.88413,332.44,0.41,0.37,2023-11-19,801,N20,VIIRS,n,2,299.35,2.5,D,0,VIIRS_NOAA20_SP
25.84892,82.6531,331.96,0.41,0.45,2023-11-19,801,N20,VIIRS,n,2,298.24,3.5,D,0,VIIRS_NOAA20_SP
25.85407,78.17921,346.58,0.4,0.37,2023-11-19,801,N20,VIIRS,n,2,299.91,7.24,D,0,VIIRS_NOAA20_SP
25.85463,78.18315,330.95,0.4,0.37,2023-11-19,801,N20,VIIRS,n,2,296.48,3.31,D,0,VIIRS_NOAA20_SP
25.85878,74.65653,345.29,0.41,0.37,2023-11-19,801,N20,VIIRS,n,2,304.47,22.32,D,0,VIIRS_NOAA20_SP
25.8591,78.31197,330.41,0.4,0.37,2023-11-19,801,N20,VIIRS,n,2,297.33,2.28,D,0,VIIRS_NOAA20_SP
25.86197,80.25191,332.35,0.46,0.39,2023-11-19,801,N20,VIIRS,n,2,297.45,2.26,D,0,VIIRS_NOAA20_SP
25.86217,74.65583,350.84,0.41,0.37,2023-11-19,801,N20,VIIRS,n,2,303.37,5.99,D,0,VIIRS_NOAA20_SP
25.86224,68.79953,347.92,0.54,0.51,2023-11-19,801,N20,VIIRS,n,2,297.92,12.79,D,0,VIIRS_NOAA20_SP
25.86381,68.47292,335.31,0.57,0.52,2023-11-19,801,N20,VIIRS,n,2,298.02,4.11,D,0,VIIRS_NOAA20_SP
25.86437,80.25083,331.63,0.46,0.39,2023-11-19,801,N20,VIIRS,n,2,298.83,2.74,D,0,VIIRS_NOAA20_SP
25.86582,78.2621,339.74,0.4,0.37,2023-11-19,801,N20,VIIRS,n,2,300.48,11.78,D,0,VIIRS_NOAA20_SP
25.86637,78.29041,330.95,0.4,0.37,2023-11-19,801,N20,VIIRS,n,2,297.92,2.25,D,0,VIIRS_NOAA20_SP
25.87029,78.26945,344.17,0.4,0.37,2023-11-19,801,N20,VIIRS,n,2,299.13,5.88,D,0,VIIRS_NOAA20_SP
25.87156,78.65013,336.4,0.41,0.37,2023-11-19,801,N20,VIIRS,n,2,299.6,3.32,D,0,VIIRS_NOAA20_SP
25.87229,78.01916,334.21,0.39,0.37,2023-11-19,801,N20,VIIRS,n,2,299.09,3.67,D,0,VIIRS_NOAA20_SP
25.87416,78.17574,333.36,0.4,0.37,2023-11-19,801,N20,VIIRS,n,2,298.6,2.83,D,0,VIIRS_NOAA20_SP
25.87796,78.08242,332.96,0.4,0.37,2023-11-19,801,N20,VIIRS,n,2,298.99,3.46,D,0,VIIRS_NOAA20_SP
25.87967,78.11833,333.37,0.4,0.37,2023-11-19,801,N20,VIIRS,n,2,299.39,2.61,D,0,VIIRS_NOAA20_SP
25.88312,78.2146,335.45,0.4,0.37,2023-11-19,801,N20,VIIRS,n,2,298.51,3.45,D,0,VIIRS_NOAA20_SP
25.88597,78.35618,337.66,0.4,0.37,2023-11-19,801,N20,VIIRS,n,2,298.81,4.72,D,0,VIIRS_NOAA20_SP
25.88753,82.85098,330.88,0.42,0.45,2023-11-19,801,N20,VIIRS,n,2,296.69,2.36,D,0,VIIRS_NOAA20_SP
25.8879,78.66809,349.1,0.41,0.37,2023-11-19,801,N20,VIIRS,n,2,299.8,6.66,D,0,VIIRS_NOAA20_SP
25.89212,78.30224,333.22,0.4,0.37,2023-11-19,801,N20,VIIRS,n,2,298.56,2.51,D,0,VIIRS_NOAA20_SP
25.89231,78.72551,334.24,0.41,0.37,2023-11-19,801,N20,VIIRS,n,2,299.05,3.47,D,0,VIIRS_NOAA20_SP
25.89413,78.6629,333.72,0.41,0.37,2023-11-19,801,N20,VIIRS,n,2,298.64,4.5,D,0,VIIRS_NOAA20_SP
25.89447,78.76682,330.24,0.41,0.37,2023-11-19,801,N20,VIIRS,n,2,299.19,1.81,D,0,VIIRS_NOAA20_SP
25.8954,78.20438,333.96,0.4,0.37,2023-11-19,801,N20,VIIRS,n,2,298.84,3.08,D,0,VIIRS_NOAA20_SP
25.89636,78.67911,332.05,0.41,0.37,2023-11-19,801,N20,VIIRS,n,2,298.97,2.71,D,0,VIIRS_NOAA20_SP
25.90101,78.08296,341.04,0.4,0.37,2023-11-19,801,N20,VIIRS,n,2,299.72,4.44,D,0,VIIRS_NOAA20_SP
25.90211,78.11499,337.54,0.4,0.37,2023-11-19,801,N20,VIIRS,n,2,297.63,3.65,D,0,VIIRS_NOAA20_SP
25.90542,78.66929,344.95,0.41,0.37,2023-11-19,801,N20,VIIRS,n,2,299.41,8.71,D,0,VIIRS_NOAA20_SP
25.90545,78.11441,332.74,0.4,0.37,2023-11-19,801,N20,VIIRS,n,2,298.26,11.62,D,0,VIIRS_NOAA20_SP
25.90762,78.71045,332.21,0.41,0.37,2023-11-19,801,N20,VIIRS,n,2,299.12,2.7,D,0,VIIRS_NOAA20_SP
25.90769,78.10596,330.66,0.4,0.37,2023-11-19,801,N20,VIIRS,n,2,296.59,2.21,D,0,VIIRS_NOAA20_SP
25.90889,80.68209,332.77,0.49,0.4,2023-11-19,801,N20,VIIRS,n,2,299.14,2.68,D,0,VIIRS_NOAA20_SP
25.91102,78.12956,335.42,0.4,0.37,2023-11-19,801,N20,VIIRS,n,2,297.88,2.46,D,0,VIIRS_NOAA20_SP
25.91382,78.10086,332.88,0.4,0.37,2023-11-19,801,N20,VIIRS,n,2,298.33,4.48,D,0,VIIRS_NOAA20_SP
25.91794,81.12007,334.41,0.51,0.41,2023-11-19,801,N20,VIIRS,n,2,298.04,7.23,D,0,VIIRS_NOAA20_SP
25.91953,78.69598,334.55,0.41,0.37,2023-11-19,801,N20,VIIRS,n,2,299.16,3.2,D,0,VIIRS_NOAA20_SP
25.91994,78.14415,332.15,0.4,0.37,2023-11-19,801,N20,VIIRS,n,2,298.52,10.1,D,0,VIIRS_NOAA20_SP
25.92241,78.37032,344.68,0.4,0.37,2023-11-19,801,N20,VIIRS,n,2,298.79,5.43,D,0,VIIRS_NOAA20_SP
25.92432,78.24855,330.16,0.4,0.37,2023-11-19,801,N20,VIIRS,n,2,296.46,2.49,D,0,VIIRS_NOAA20_SP
25.92662,78.14299,330.55,0.4,0.37,2023-11-19,801,N20,VIIRS,n,2,299.75,4.36,D,0,VIIRS_NOAA20_SP
25.92885,78.08617,330.58,0.4,0.37,2023-11-19,801,N20,VIIRS,n,2,297.75,3.96,D,0,VIIRS_NOAA20_SP
25.92941,78.0901,331.74,0.4,0.37,2023-11-19,801,N20,VIIRS,n,2,297.61,4.79,D,0,VIIRS_NOAA20_SP
25.92997,78.1424,331.64,0.4,0.37,2023-11-19,801,N20,VIIRS,n,2,296.88,2.63,D,0,VIIRS_NOAA20_SP
25.93051,78.19484,334.03,0.4,0.37,2023-11-19,801,N20,VIIRS,n,2,297.73,2.96,D,0,VIIRS_NOAA20_SP
25.93163,78.05751,331.44,0.4,0.37,2023-11-19,801,N20,VIIRS,n,2,297.96,1.4,D,0,VIIRS_NOAA20_SP
25.93316,78.49537,330.61,0.4,0.37,2023-11-19,801,N20,VIIRS,n,2,297.4,2.17,D,0,VIIRS_NOAA20_SP
25.93443,78.1497,340.35,0.4,0.37,2023-11-19,801,N20,VIIRS,n,2,297.23,5.36,D,0,VIIRS_NOAA20_SP
25.93886,78.22981,339.93,0.4,0.37,2023-11-19,801,N20,VIIRS,n,2,297.88,6.69,D,0,VIIRS_NOAA20_SP
25.93889,78.18125,331.19,0.4,0.37,2023-11-19,801,N20,VIIRS,n,2,297.5,2.0,D,0,VIIRS_NOAA20_SP
25.94045,78.33932,335.76,0.4,0.37,2023-11-19,801,N20,VIIRS,n,2,299.99,5.32,D,0,VIIRS_NOAA20_SP
25.94333,78.06756,338.86,0.4,0.37,2023-11-19,801,N20,VIIRS,n,2,298.15,2.01,D,0,VIIRS_NOAA20_SP
25.94667,78.06698,336.46,0.4,0.37,2023-11-19,801,N20,VIIRS,n,2,298.93,3.6,D,0,VIIRS_NOAA20_SP
25.94781,78.19588,347.26,0.4,0.37,2023-11-19,801,N20,VIIRS,n,2,301.37,10.55,D,0,VIIRS_NOAA20_SP
25.94835,78.07875,342.57,0.4,0.37,2023-11-19,801,N20,VIIRS,n,2,299.41,6.99,D,0,VIIRS_NOAA20_SP
25.94945,78.06248,346.33,0.4,0.37,2023-11-19,801,N20,VIIRS,n,2,299.47,3.6,D,0,VIIRS_NOAA20_SP
25.95227,78.13046,331.07,0.4,0.37,2023-11-19,801,N20,VIIRS,n,2,297.55,3.43,D,0,VIIRS_NOAA20_SP
25.95271,73.2511,334.79,0.46,0.39,2023-11-19,801,N20,VIIRS,n,2,307.02,2.48,D,0,VIIRS_NOAA20_SP
25.95279,78.06188,343.55,0.4,0.37,2023-11-19,801,N20,VIIRS,n,2,296.6,3.17,D,0,VIIRS_NOAA20_SP
25.95501,78.05345,341.59,0.4,0.37,2023-11-19,801,N20,VIIRS,n,2,297.5,5.85,D,0,VIIRS_NOAA20_SP
25.95506,78.12595,332.94,0.4,0.37,2023-11-19,801,N20,VIIRS,n,2,298.08,2.9,D,0,VIIRS_NOAA20_SP
25.95787,78.19414,332.11,0.4,0.37,2023-11-19,801,N20,VIIRS,n,2,297.85,3.49,D,0,VIIRS_NOAA20_SP
25.95842,78.17382,332.48,0.4,0.37,2023-11-19,801,N20,VIIRS,n,2,297.36,3.49,D,0,VIIRS_NOAA20_SP
25.96008,78.13718,330.83,0.4,0.37,2023-11-19,801,N20,VIIRS,n,2,296.08,3.07,D,0,VIIRS_NOAA20_SP
25.96171,78.07643,334.46,0.4,0.37,2023-11-19,801,N20,VIIRS,n,2,298.37,2.18,D,0,VIIRS_NOAA20_SP
25.96222,78.0321,334.81,0.39,0.37,2023-11-19,801,N20,VIIRS,n,2,298.14,2.63,D,0,VIIRS_NOAA20_SP
25.96345,78.18508,334.72,0.4,0.37,2023-11-19,801,N20,VIIRS,n,2,297.6,3.37,D,0,VIIRS_NOAA20_SP
25.96477,79.34297,346.38,0.43,0.38,2023-11-19,801,N20,VIIRS,n,2,299.79,6.7,D,0,VIIRS_NOAA20_SP
25.96559,78.05563,340.21,0.4,0.37,2023-11-19,801,N20,VIIRS,n,2,297.88,4.5,D,0,VIIRS_NOAA20_SP
25.96567,78.15236,333.11,0.4,0.37,2023-11-19,801,N20,VIIRS,n,2,297.72,4.6,D,0,VIIRS_NOAA20_SP
25.96736,78.2858,331.34,0.4,0.37,2023-11-19,801,N20,VIIRS,n,2,298.36,2.25,D,0,VIIRS_NOAA20_SP
25.96737,78.26141,335.75,0.4,0.37,2023-11-19,801,N20,VIIRS,n,2,299.14,2.45,D,0,VIIRS_NOAA20_SP
25.9701,78.11122,342.31,0.4,0.37,2023-11-19,801,N20,VIIRS,n,2,298.25,3.19,D,0,VIIRS_NOAA20_SP
25.97127,78.21612,333.55,0.4,0.37,2023-11-19,801,N20,VIIRS,n,2,298.86,2.46,D,0,VIIRS_NOAA20_SP
25.97184,78.26877,345.94,0.4,0.37,2023-11-19,801,N20,VIIRS,n,2,298.88,5.53,D,0,VIIRS_NOAA20_SP
25.97406,78.35802,333.63,0.4,0.37,2023-11-19,801,N20,VIIRS,n,2,298.53,2.52,D,0,VIIRS_NOAA20_SP
25.97456,78.11851,334.96,0.4,0.37,2023-11-19,801,N20,VIIRS,n,2,299.27,5.98,D,0,VIIRS_NOAA20_SP
25.97816,78.63708,331.19,0.41,0.37,2023-11-19,801,N20,VIIRS,n,2,299.5,3.82,D,0,VIIRS_NOAA20_SP
25.97891,80.80188,330.38,0.49,0.41,2023-11-19,801,N20,VIIRS,n,2,298.25,5.84,D,0,VIIRS_NOAA20_SP
25.99218,78.68872,337.14,0.41,0.37,2023-11-19,801,N20,VIIRS,n,2,299.04,3.51,D,0,VIIRS_NOAA20_SP
26.0284,78.69927,335.84,0.41,0.37,2023-11-19,801,N20,VIIRS,n,2,299.08,3.61,D,0,VIIRS_NOAA20_SP
26.03035,79.09481,335.59,0.42,0.38,2023-11-19,801,N20,VIIRS,n,2,298.9,4.12,D,0,VIIRS_NOAA20_SP
26.03313,79.0954,339.09,0.42,0.38,2023-11-19,801,N20,VIIRS,n,2,299.56,5.26,D,0,VIIRS_NOAA20_SP
26.04316,82.24849,332.1,0.39,0.44,2023-11-19,801,N20,VIIRS,n,2,296.52,1.97,D,0,VIIRS_NOAA20_SP
26.06081,80.65276,332.51,0.49,0.4,2023-11-19,801,N20,VIIRS,n,2,297.07,3.26,D,0,VIIRS_NOAA20_SP
26.06424,81.18354,332.65,0.52,0.41,2023-11-19,801,N20,VIIRS,n,2,297.49,4.15,D,0,VIIRS_NOAA20_SP
26.08075,81.16322,335.9,0.52,0.41,2023-11-19,801,N20,VIIRS,n,2,297.47,6.01,D,0,VIIRS_NOAA20_SP
26.0813,81.16534,339.91,0.52,0.41,2023-11-19,801,N20,VIIRS,n,2,297.54,6.13,D,0,VIIRS_NOAA20_SP
26.09152,82.05173,335.11,0.38,0.43,2023-11-19,801,N20,VIIRS,n,2,296.92,1.98,D,0,VIIRS_NOAA20_SP
26.12577,81.08878,332.85,0.51,0.41,2023-11-19,801,N20,VIIRS,n,2,296.77,3.31,D,0,VIIRS_NOAA20_SP
26.1844,81.61134,337.77,0.55,0.42,2023-11-19,801,N20,VIIRS,n,2,298.22,8.84,D,0,VIIRS_NOAA20_SP
26.18609,81.76212,334.92,0.56,0.43,2023-11-19,801,N20,VIIRS,n,2,296.84,4.76,D,0,VIIRS_NOAA20_SP
26.19285,68.26337,339.67,0.57,0.52,2023-11-19,801,N20,VIIRS,n,2,298.79,13.6,D,0,VIIRS_NOAA20_SP
26.27366,68.80493,339.76,0.53,0.5,2023-11-19,801,N20,VIIRS,n,2,300.0,3.78,D,0,VIIRS_NOAA20_SP
26.28282,79.41185,331.48,0.43,0.38,2023-11-19,801,N20,VIIRS,n,2,298.5,2.57,D,0,VIIRS_NOAA20_SP
26.30535,81.69221,330.1,0.55,0.43,2023-11-19,801,N20,VIIRS,n,2,296.77,3.55,D,0,VIIRS_NOAA20_SP
26.33094,78.33846,331.87,0.4,0.37,2023-11-19,801,N20,VIIRS,n,2,299.33,3.28,D,0,VIIRS_NOAA20_SP
26.33118,79.02153,346.71,0.42,0.38,2023-11-19,801,N20,VIIRS,n,2,299.91,5.73,D,0,VIIRS_NOAA20_SP
26.34294,81.50893,340.57,0.54,0.42,2023-11-19,801,N20,VIIRS,n,2,298.06,5.3,D,0,VIIRS_NOAA20_SP
26.34933,83.66707,332.72,0.48,0.48,2023-11-19,801,N20,VIIRS,n,2,299.81,4.76,D,0,VIIRS_NOAA20_SP
26.36957,78.33254,339.14,0.4,0.37,2023-11-19,801,N20,VIIRS,n,2,298.84,2.83,D,0,VIIRS_NOAA20_SP
26.37012,78.33656,332.05,0.4,0.37,2023-11-19,801,N20,VIIRS,n,2,297.88,2.83,D,0,VIIRS_NOAA20_SP
26.38012,81.47961,334.42,0.54,0.42,2023-11-19,801,N20,VIIRS,n,2,298.65,5.91,D,0,VIIRS_NOAA20_SP
26.41404,80.17457,344.83,0.47,0.39,2023-11-19,801,N20,VIIRS,n,2,297.14,4.48,D,0,VIIRS_NOAA20_SP
26.4398,78.31638,341.46,0.4,0.37,2023-11-19,801,N20,VIIRS,n,2,302.96,7.93,D,0,VIIRS_NOAA20_SP
26.44036,78.3204,332.96,0.4,0.37,2023-11-19,801,N20,VIIRS,n,2,300.52,6.0,D,0,VIIRS_NOAA20_SP
26.44205,78.33245,342.1,0.4,0.37,2023-11-19,801,N20,VIIRS,n,2,303.16,10.95,D,0,VIIRS_NOAA20_SP
26.44715,78.41825,336.32,0.41,0.37,2023-11-19,801,N20,VIIRS,n,2,298.77,3.36,D,0,VIIRS_NOAA20_SP
26.45836,79.5365,336.55,0.44,0.38,2023-11-19,801,N20,VIIRS,n,2,299.15,3.06,D,0,VIIRS_NOAA20_SP
26.46745,78.43962,330.45,0.41,0.37,2023-11-19,801,N20,VIIRS,n,2,298.01,1.33,D,0,VIIRS_NOAA20_SP
26.4691,82.43919,342.14,0.41,0.45,2023-11-19,801,N20,VIIRS,n,2,295.34,4.62,D,0,VIIRS_NOAA20_SP
26.47653,79.53807,330.98,0.44,0.38,2023-11-19,801,N20,VIIRS,n,2,298.75,2.18,D,0,VIIRS_NOAA20_SP
26.48897,79.38883,332.18,0.43,0.38,2023-11-19,801,N20,VIIRS,n,2,300.86,2.74,D,0,VIIRS_NOAA20_SP
26.48999,78.29574,336.47,0.4,0.37,2023-11-19,801,N20,VIIRS,n,2,299.02,2.51,D,0,VIIRS_NOAA20_SP
26.49057,78.27507,332.54,0.4,0.37,2023-11-19,801,N20,VIIRS,n,2,298.15,2.64,D,0,VIIRS_NOAA20_SP
26.49336,78.29516,331.36,0.4,0.37,2023-11-19,801,N20,VIIRS,n,2,299.24,2.67,D,0,VIIRS_NOAA20_SP
26.49657,81.09972,330.03,0.52,0.41,2023-11-19,801,N20,VIIRS,n,2,296.14,2.2,D,0,VIIRS_NOAA20_SP
26.50179,78.28136,330.95,0.4,0.37,2023-11-19,801,N20,VIIRS,n,2,298.65,2.29,D,0,VIIRS_NOAA20_SP
26.50236,78.28538,338.06,0.4,0.37,2023-11-19,801,N20,VIIRS,n,2,298.73,5.91,D,0,VIIRS_NOAA20_SP
26.50404,78.29743,343.65,0.4,0.37,2023-11-19,801,N20,VIIRS,n,2,301.17,4.88,D,0,VIIRS_NOAA20_SP
26.50459,78.30145,350.21,0.4,0.37,2023-11-19,801,N20,VIIRS,n,2,304.3,11.55,D,0,VIIRS_NOAA20_SP
26.5074,78.29685,352.88,0.4,0.37,2023-11-19,801,N20,VIIRS,n,2,300.4,10.73,D,0,VIIRS_NOAA20_SP
26.50797,78.30087,352.37,0.4,0.37,2023-11-19,801,N20,VIIRS,n,2,308.24,21.04,D,0,VIIRS_NOAA20_SP
26.51134,78.30029,345.55,0.4,0.37,2023-11-19,801,N20,VIIRS,n,2,300.91,21.04,D,0,VIIRS_NOAA20_SP
26.51471,78.29971,335.13,0.4,0.37,2023-11-19,801,N20,VIIRS,n,2,300.41,3.73,D,0,VIIRS_NOAA20_SP
26.51533,80.65701,334.58,0.49,0.4,2023-11-19,801,N20,VIIRS,n,2,297.39,5.26,D,0,VIIRS_NOAA20_SP
26.51864,78.30315,330.14,0.4,0.37,2023-11-19,801,N20,VIIRS,n,2,298.08,3.73,D,0,VIIRS_NOAA20_SP
26.52145,78.29855,336.58,0.4,0.37,2023-11-19,801,N20,VIIRS,n,2,300.4,4.37,D,0,VIIRS_NOAA20_SP
26.52199,78.37685,340.62,0.4,0.37,2023-11-19,801,N20,VIIRS,n,2,300.21,5.93,D,0,VIIRS_NOAA20_SP
26.53189,83.62408,340.91,0.48,0.48,2023-11-19,801,N20,VIIRS,n,2,299.39,6.16,D,0,VIIRS_NOAA20_SP
26.53263,79.58009,331.98,0.44,0.39,2023-11-19,801,N20,VIIRS,n,2,298.36,2.17,D,0,VIIRS_NOAA20_SP
26.53341,79.75121,331.44,0.45,0.39,2023-11-19,801,N20,VIIRS,n,2,299.21,2.5,D,0,VIIRS_NOAA20_SP
26.53448,80.6893,330.52,0.49,0.41,2023-11-19,801,N20,VIIRS,n,2,297.23,2.55,D,0,VIIRS_NOAA20_SP
26.54789,82.2562,337.11,0.4,0.44,2023-11-19,801,N20,VIIRS,n,2,297.85,5.59,D,0,VIIRS_NOAA20_SP
26.55371,76.90301,332.96,0.38,0.36,2023-11-19,801,N20,VIIRS,n,2,302.76,2.11,D,0,VIIRS_NOAA20_SP
26.56099,83.64494,336.64,0.48,0.48,2023-11-19,801,N20,VIIRS,n,2,300.12,8.55,D,0,VIIRS_NOAA20_SP
26.5615,83.64977,340.68,0.48,0.48,2023-11-19,801,N20,VIIRS,n,2,298.82,8.77,D,0,VIIRS_NOAA20_SP
26.57796,79.54123,330.32,0.44,0.38,2023-11-19,801,N20,VIIRS,n,2,299.6,2.11,D,0,VIIRS_NOAA20_SP
26.57851,79.76865,334.08,0.45,0.39,2023-11-19,801,N20,VIIRS,n,2,299.36,4.06,D,0,VIIRS_NOAA20_SP
26.58027,79.92587,330.97,0.46,0.39,2023-11-19,801,N20,VIIRS,n,2,298.15,3.91,D,0,VIIRS_NOAA20_SP
26.58744,79.92473,331.95,0.46,0.39,2023-11-19,801,N20,VIIRS,n,2,301.78,3.26,D,0,VIIRS_NOAA20_SP
26.58802,79.92931,333.07,0.46,0.39,2023-11-19,801,N20,VIIRS,n,2,300.42,3.26,D,0,VIIRS_NOAA20_SP
26.59266,81.09844,335.65,0.52,0.41,2023-11-19,801,N20,VIIRS,n,2,296.8,3.27,D,0,VIIRS_NOAA20_SP
26.61786,84.05673,340.02,0.51,0.49,2023-11-19,801,N20,VIIRS,n,2,298.35,4.15,D,0,VIIRS_NOAA20_SP
26.61858,84.0544,340.49,0.51,0.49,2023-11-19,801,N20,VIIRS,n,2,298.59,5.55,D,0,VIIRS_NOAA20_SP
26.64412,82.2673,332.65,0.4,0.44,2023-11-19,801,N20,VIIRS,n,2,297.63,2.83,D,0,VIIRS_NOAA20_SP
26.64417,82.26756,332.65,0.4,0.44,2023-11-19,801,N20,VIIRS,n,2,297.73,2.93,D,0,VIIRS_NOAA20_SP
26.6474,81.0771,341.12,0.52,0.41,2023-11-19,801,N20,VIIRS,n,2,297.38,5.67,D,0,VIIRS_NOAA20_SP
26.6479,84.02493,330.62,0.51,0.49,2023-11-19,801,N20,VIIRS,n,2,298.22,2.71,D,0,VIIRS_NOAA20_SP
26.6582,79.1433,331.39,0.43,0.38,2023-11-19,801,N20,VIIRS,n,2,301.28,2.44,D,0,VIIRS_NOAA20_SP
26.6698,80.02447,333.91,0.46,0.39,2023-11-19,801,N20,VIIRS,n,2,300.3,2.57,D,0,VIIRS_NOAA20_SP
26.68596,79.16499,332.32,0.43,0.38,2023-11-19,801,N20,VIIRS,l,2,302.77,3.33,D,0,VIIRS_NOAA20_SP
26.71793,83.61481,338.69,0.48,0.48,2023-11-19,801,N20,VIIRS,n,2,298.99,5.47,D,0,VIIRS_NOAA20_SP
26.72588,79.79269,332.41,0.45,0.39,2023-11-19,801,N20,VIIRS,n,2,299.29,3.18,D,0,VIIRS_NOAA20_SP
26.74109,83.62177,331.57,0.48,0.48,2023-11-19,801,N20,VIIRS,n,2,300.49,4.64,D,0,VIIRS_NOAA20_SP
26.77281,83.66716,331.01,0.48,0.48,2023-11-19,801,N20,VIIRS,n,2,299.38,1.88,D,0,VIIRS_NOAA20_SP
26.77452,83.59798,346.36,0.48,0.48,2023-11-19,801,N20,VIIRS,n,2,300.01,10.89,D,0,VIIRS_NOAA20_SP
26.77939,79.81204,334.22,0.45,0.39,2023-11-19,801,N20,VIIRS,n,2,299.27,3.48,D,0,VIIRS_NOAA20_SP
26.78745,83.5098,330.87,0.47,0.48,2023-11-19,801,N20,VIIRS,n,2,296.89,2.74,D,0,VIIRS_NOAA20_SP
26.79529,83.49911,340.0,0.47,0.48,2023-11-19,801,N20,VIIRS,n,2,299.6,6.58,D,0,VIIRS_NOAA20_SP
26.79879,88.24641,333.76,0.47,0.64,2023-11-19,801,N20,VIIRS,n,2,297.03,6.07,D,0,VIIRS_NOAA20_SP
26.80424,79.73116,336.63,0.45,0.39,2023-11-19,801,N20,VIIRS,n,2,301.04,3.78,D,0,VIIRS_NOAA20_SP
26.82524,83.70678,341.65,0.49,0.48,2023-11-19,801,N20,VIIRS,n,2,300.54,4.55,D,0,VIIRS_NOAA20_SP
26.83414,83.66091,336.66,0.49,0.48,2023-11-19,801,N20,VIIRS,n,2,298.72,4.3,D,0,VIIRS_NOAA20_SP
26.8351,83.62617,344.79,0.48,0.48,2023-11-19,801,N20,VIIRS,n,2,300.68,7.17,D,0,VIIRS_NOAA20_SP
26.88689,82.69891,341.71,0.43,0.46,2023-11-19,801,N20,VIIRS,n,2,299.8,7.61,D,0,VIIRS_NOAA20_SP
26.90097,79.11474,333.4,0.43,0.38,2023-11-19,801,N20,VIIRS,n,2,300.16,2.27,D,0,VIIRS_NOAA20_SP
26.90312,79.11758,332.83,0.43,0.38,2023-11-19,801,N20,VIIRS,n,2,299.91,1.68,D,0,VIIRS_NOAA20_SP
26.91404,82.70533,341.61,0.43,0.46,2023-11-19,801,N20,VIIRS,n,2,300.09,3.97,D,0,VIIRS_NOAA20_SP
26.92053,82.72634,335.46,0.43,0.46,2023-11-19,801,N20,VIIRS,n,2,299.04,4.25,D,0,VIIRS_NOAA20_SP
26.92181,81.44502,332.46,0.54,0.42,2023-11-19,801,N20,VIIRS,n,2,297.35,4.27,D,0,VIIRS_NOAA20_SP
26.93117,82.78655,340.16,0.43,0.46,2023-11-19,801,N20,VIIRS,n,2,299.05,5.88,D,0,VIIRS_NOAA20_SP
26.93578,82.83025,340.34,0.43,0.46,2023-11-19,801,N20,VIIRS,n,2,299.55,3.53,D,0,VIIRS_NOAA20_SP
26.96446,82.85768,333.04,0.44,0.46,2023-11-19,801,N20,VIIRS,n,2,296.78,2.57,D,0,VIIRS_NOAA20_SP
26.9738,82.74567,343.48,0.43,0.46,2023-11-19,801,N20,VIIRS,n,2,297.94,3.88,D,0,VIIRS_NOAA20_SP
26.98339,82.99499,330.11,0.44,0.46,2023-11-19,801,N20,VIIRS,n,2,298.01,1.38,D,0,VIIRS_NOAA20_SP
26.98508,80.21965,335.16,0.47,0.4,2023-11-19,801,N20,VIIRS,n,2,299.17,3.67,D,0,VIIRS_NOAA20_SP
26.9858,82.66099,331.58,0.42,0.46,2023-11-19,801,N20,VIIRS,n,2,299.62,3.56,D,0,VIIRS_NOAA20_SP
27.00139,79.00274,336.42,0.43,0.38,2023-11-19,801,N20,VIIRS,n,2,300.87,3.09,D,0,VIIRS_NOAA20_SP
27.00384,83.53561,333.94,0.48,0.48,2023-11-19,801,N20,VIIRS,n,2,299.7,2.67,D,0,VIIRS_NOAA20_SP
27.02929,82.78332,339.61,0.43,0.46,2023-11-19,801,N20,VIIRS,n,2,298.48,6.98,D,0,VIIRS_NOAA20_SP
27.03773,82.78221,335.67,0.43,0.46,2023-11-19,801,N20,VIIRS,n,2,298.44,2.67,D,0,VIIRS_NOAA20_SP
27.0449,75.47725,333.39,0.39,0.36,2023-11-19,801,N20,VIIRS,n,2,305.11,1.88,D,0,VIIRS_NOAA20_SP
27.05557,82.51421,331.56,0.42,0.45,2023-11-19,801,N20,VIIRS,n,2,298.8,1.76,D,0,VIIRS_NOAA20_SP
27.07011,82.88515,331.01,0.44,0.46,2023-11-19,801,N20,VIIRS,n,2,298.97,2.83,D,0,VIIRS_NOAA20_SP
27.07105,82.89404,338.43,0.44,0.46,2023-11-19,801,N20,VIIRS,n,2,299.02,5.98,D,0,VIIRS_NOAA20_SP
27.08335,83.4817,343.26,0.48,0.48,2023-11-19,801,N20,VIIRS,n,2,300.93,5.59,D,0,VIIRS_NOAA20_SP
27.08386,83.48652,334.09,0.48,0.48,2023-11-19,801,N20,VIIRS,n,2,300.24,4.2,D,0,VIIRS_NOAA20_SP
27.08643,85.12251,339.82,0.6,0.53,2023-11-19,801,N20,VIIRS,n,2,297.6,4.8,D,0,VIIRS_NOAA20_SP
27.0923,82.48481,330.62,0.42,0.45,2023-11-19,801,N20,VIIRS,l,2,301.13,3.51,D,0,VIIRS_NOAA20_SP
27.09475,82.48762,343.99,0.42,0.45,2023-11-19,801,N20,VIIRS,n,2,301.81,5.7,D,0,VIIRS_NOAA20_SP
27.0969,82.48846,333.56,0.42,0.45,2023-11-19,801,N20,VIIRS,n,2,299.24,3.51,D,0,VIIRS_NOAA20_SP
27.10179,82.89907,340.51,0.44,0.46,2023-11-19,801,N20,VIIRS,n,2,300.64,5.64,D,0,VIIRS_NOAA20_SP
27.10371,82.91689,334.01,0.44,0.46,2023-11-19,801,N20,VIIRS,n,2,300.31,2.83,D,0,VIIRS_NOAA20_SP
27.12765,83.30875,343.9,0.47,0.47,2023-11-19,801,N20,VIIRS,n,2,301.0,3.98,D,0,VIIRS_NOAA20_SP
27.1277,82.85969,333.19,0.44,0.46,2023-11-19,801,N20,VIIRS,n,2,300.28,3.55,D,0,VIIRS_NOAA20_SP
27.12843,82.94543,337.7,0.44,0.46,2023-11-19,801,N20,VIIRS,n,2,299.75,3.31,D,0,VIIRS_NOAA20_SP
27.13366,82.5955,340.74,0.42,0.45,2023-11-19,801,N20,VIIRS,n,2,298.66,7.03,D,0,VIIRS_NOAA20_SP
27.14947,82.90805,338.36,0.44,0.46,2023-11-19,801,N20,VIIRS,n,2,298.83,3.34,D,0,VIIRS_NOAA20_SP
27.17132,82.62967,338.88,0.43,0.46,2023-11-19,801,N20,VIIRS,n,2,300.85,4.28,D,0,VIIRS_NOAA20_SP
27.18198,83.57444,340.85,0.48,0.48,2023-11-19,801,N20,VIIRS,n,2,300.37,10.75,D,0,VIIRS_NOAA20_SP
27.18217,82.84965,340.74,0.44,0.46,2023-11-19,801,N20,VIIRS,n,2,300.13,4.35,D,0,VIIRS_NOAA20_SP
27.19312,83.50889,331.61,0.48,0.48,2023-11-19,801,N20,VIIRS,n,2,302.46,4.36,D,0,VIIRS_NOAA20_SP
27.20255,74.25104,347.09,0.41,0.37,2023-11-19,801,N20,VIIRS,n,2,302.78,6.48,D,0,VIIRS_NOAA20_SP
27.20324,74.25515,353.48,0.41,0.37,2023-11-19,801,N20,VIIRS,n,2,302.57,6.48,D,0,VIIRS_NOAA20_SP
27.20663,74.25443,338.22,0.41,0.37,2023-11-19,801,N20,VIIRS,n,2,302.35,5.79,D,0,VIIRS_NOAA20_SP
27.21409,74.25713,340.07,0.41,0.37,2023-11-19,801,N20,VIIRS,n,2,301.79,6.56,D,0,VIIRS_NOAA20_SP
27.21518,84.63625,328.52,0.56,0.52,2023-11-19,801,N20,VIIRS,n,2,298.13,3.38,D,0,VIIRS_NOAA20_SP
27.21562,84.63376,337.78,0.56,0.52,2023-11-19,801,N20,VIIRS,n,2,298.91,4.67,D,0,VIIRS_NOAA20_SP
27.22109,83.68974,339.99,0.49,0.49,2023-11-19,801,N20,VIIRS,n,2,299.02,2.65,D,0,VIIRS_NOAA20_SP
27.22346,83.68713,336.34,0.49,0.49,2023-11-19,801,N20,VIIRS,n,2,298.29,3.44,D,0,VIIRS_NOAA20_SP
27.22357,74.25085,346.61,0.41,0.37,2023-11-19,801,N20,VIIRS,n,2,303.28,7.64,D,0,VIIRS_NOAA20_SP
27.22426,74.25497,339.09,0.41,0.37,2023-11-19,801,N20,VIIRS,n,2,302.98,6.79,D,0,VIIRS_NOAA20_SP
27.23751,83.55524,336.77,0.48,0.48,2023-11-19,801,N20,VIIRS,n,2,299.17,6.27,D,0,VIIRS_NOAA20_SP
27.23802,83.51562,331.2,0.48,0.48,2023-11-19,801,N20,VIIRS,l,2,302.73,6.43,D,0,VIIRS_NOAA20_SP
27.24018,82.79269,337.17,0.44,0.46,2023-11-19,801,N20,VIIRS,n,2,299.06,3.36,D,0,VIIRS_NOAA20_SP
27.24053,82.79279,338.04,0.44,0.46,2023-11-19,801,N20,VIIRS,n,2,299.05,3.82,D,0,VIIRS_NOAA20_SP
27.24443,83.53458,336.98,0.48,0.48,2023-11-19,801,N20,VIIRS,n,2,300.38,5.77,D,0,VIIRS_NOAA20_SP
27.2469,83.55905,349.81,0.48,0.48,2023-11-19,801,N20,VIIRS,n,2,301.1,9.5,D,0,VIIRS_NOAA20_SP
27.26515,83.03504,329.93,0.45,0.47,2023-11-19,801,N20,VIIRS,n,2,298.7,2.45,D,0,VIIRS_NOAA20_SP
27.26967,83.34586,340.18,0.47,0.48,2023-11-19,801,N20,VIIRS,n,2,298.8,4.54,D,0,VIIRS_NOAA20_SP
27.29031,82.54399,331.73,0.42,0.45,2023-11-19,801,N20,VIIRS,n,2,298.71,2.03,D,0,VIIRS_NOAA20_SP
27.30565,83.26017,342.13,0.47,0.47,2023-11-19,801,N20,VIIRS,n,2,299.18,5.31,D,0,VIIRS_NOAA20_SP
27.30577,82.92419,336.76,0.44,0.46,2023-11-19,801,N20,VIIRS,n,2,300.84,5.43,D,0,VIIRS_NOAA20_SP
27.31693,78.74845,334.02,0.42,0.38,2023-11-19,801,N20,VIIRS,n,2,301.59,2.88,D,0,VIIRS_NOAA20_SP
27.33832,81.94238,330.51,0.39,0.44,2023-11-19,801,N20,VIIRS,n,2,297.83,2.77,D,0,VIIRS_NOAA20_SP
27.33887,83.74924,329.27,0.5,0.49,2023-11-19,801,N20,VIIRS,n,2,298.36,2.31,D,0,VIIRS_NOAA20_SP
27.34986,82.49397,334.57,0.42,0.45,2023-11-19,801,N20,VIIRS,n,2,299.45,3.24,D,0,VIIRS_NOAA20_SP
27.35078,81.90862,335.44,0.39,0.44,2023-11-19,801,N20,VIIRS,n,2,298.71,4.09,D,0,VIIRS_NOAA20_SP
27.35188,81.90845,335.08,0.39,0.44,2023-11-19,801,N20,VIIRS,n,2,298.91,2.97,D,0,VIIRS_NOAA20_SP
27.35871,82.9723,335.91,0.45,0.47,2023-11-19,801,N20,VIIRS,n,2,299.46,2.99,D,0,VIIRS_NOAA20_SP
27.37252,83.2231,340.68,0.46,0.47,2023-11-19,801,N20,VIIRS,n,2,298.52,3.27,D,0,VIIRS_NOAA20_SP
27.38002,82.65578,330.66,0.43,0.46,2023-11-19,801,N20,VIIRS,n,2,300.05,2.45,D,0,VIIRS_NOAA20_SP
27.38143,81.88036,336.4,0.39,0.44,2023-11-19,801,N20,VIIRS,n,2,298.57,3.29,D,0,VIIRS_NOAA20_SP
27.44414,82.61285,333.94,0.43,0.46,2023-11-19,801,N20,VIIRS,n,2,300.89,3.19,D,0,VIIRS_NOAA20_SP
27.47769,83.28854,334.5,0.47,0.48,2023-11-19,801,N20,VIIRS,n,2,297.89,2.59,D,0,VIIRS_NOAA20_SP
27.48682,83.24892,331.34,0.47,0.47,2023-11-19,801,N20,VIIRS,n,2,298.95,6.37,D,0,VIIRS_NOAA20_SP
27.50628,82.63542,332.06,0.43,0.46,2023-11-19,801,N20,VIIRS,n,2,300.97,2.04,D,0,VIIRS_NOAA20_SP
27.55889,82.60339,334.7,0.43,0.46,2023-11-19,801,N20,VIIRS,n,2,301.64,2.96,D,0,VIIRS_NOAA20_SP
27.58012,81.80932,330.79,0.39,0.44,2023-11-19,801,N20,VIIRS,n,2,297.71,1.31,D,0,VIIRS_NOAA20_SP
27.60938,80.30846,333.65,0.49,0.4,2023-11-19,801,N20,VIIRS,n,2,300.44,6.28,D,0,VIIRS_NOAA20_SP
27.618,81.78414,334.19,0.39,0.44,2023-11-19,801,N20,VIIRS,n,2,298.79,2.74,D,0,VIIRS_NOAA20_SP
27.63634,80.34446,331.55,0.49,0.4,2023-11-19,801,N20,VIIRS,n,2,299.27,2.46,D,0,VIIRS_NOAA20_SP
27.66428,81.45851,330.79,0.56,0.43,2023-11-19,801,N20,VIIRS,n,2,297.23,2.73,D,0,VIIRS_NOAA20_SP
27.67356,81.75607,331.25,0.39,0.44,2023-11-19,801,N20,VIIRS,n,2,298.1,1.18,D,0,VIIRS_NOAA20_SP
27.67429,71.96171,340.41,0.5,0.41,2023-11-19,801,N20,VIIRS,n,2,305.29,7.47,D,0,VIIRS_NOAA20_SP
27.73547,80.42838,333.25,0.49,0.41,2023-11-19,801,N20,VIIRS,n,2,301.31,4.75,D,0,VIIRS_NOAA20_SP
27.84748,80.24629,331.15,0.49,0.4,2023-11-19,801,N20,VIIRS,n,2,299.6,7.96,D,0,VIIRS_NOAA20_SP
27.90234,79.78871,335.1,0.46,0.39,2023-11-19,801,N20,VIIRS,n,2,299.57,3.75,D,0,VIIRS_NOAA20_SP
27.91466,75.97028,330.24,0.38,0.36,2023-11-19,801,N20,VIIRS,n,2,303.92,1.45,D,0,VIIRS_NOAA20_SP
27.96623,79.91398,332.36,0.47,0.4,2023-11-19,801,N20,VIIRS,n,2,299.24,4.38,D,0,VIIRS_NOAA20_SP
27.98757,80.11229,339.13,0.48,0.4,2023-11-19,801,N20,VIIRS,n,2,302.47,8.73,D,0,VIIRS_NOAA20_SP
27.99581,72.60785,337.33,0.46,0.39,2023-11-19,801,N20,VIIRS,n,2,304.83,2.48,D,0,VIIRS_NOAA20_SP
28.02144,81.65985,336.75,0.38,0.43,2023-11-19,801,N20,VIIRS,n,2,299.45,3.94,D,0,VIIRS_NOAA20_SP
28.07658,77.59544,331.38,0.4,0.37,2023-11-19,801,N20,VIIRS,n,2,305.24,3.58,D,0,VIIRS_NOAA20_SP
28.07715,77.59945,333.29,0.4,0.37,2023-11-19,801,N20,VIIRS,n,2,302.05,3.58,D,0,VIIRS_NOAA20_SP
28.0818,79.55815,331.44,0.46,0.39,2023-11-19,801,N20,VIIRS,n,2,299.24,4.1,D,0,VIIRS_NOAA20_SP
28.10375,79.11143,331.31,0.44,0.38,2023-11-19,801,N20,VIIRS,n,2,299.34,2.38,D,0,VIIRS_NOAA20_SP
28.15361,78.17064,330.42,0.41,0.37,2023-11-19,801,N20,VIIRS,n,2,300.85,1.72,D,0,VIIRS_NOAA20_SP
28.25566,77.95061,332.97,0.4,0.37,2023-11-19,801,N20,VIIRS,n,2,299.37,2.87,D,0,VIIRS_NOAA20_SP
28.35297,78.37716,333.55,0.42,0.37,2023-11-19,801,N20,VIIRS,n,2,301.0,6.52,D,0,VIIRS_NOAA20_SP
28.46557,79.53968,331.96,0.46,0.39,2023-11-19,801,N20,VIIRS,n,2,299.1,4.03,D,0,VIIRS_NOAA20_SP
28.51239,81.28545,327.98,0.56,0.43,2023-11-19,801,N20,VIIRS,n,2,296.78,2.99,D,0,VIIRS_NOAA20_SP
28.53505,78.77363,331.12,0.43,0.38,2023-11-19,801,N20,VIIRS,n,2,298.96,2.63,D,0,VIIRS_NOAA20_SP
28.54581,77.69962,329.97,0.4,0.37,2023-11-19,801,N20,VIIRS,n,2,298.44,1.82,D,0,VIIRS_NOAA20_SP
28.55033,77.92985,330.26,0.41,0.37,2023-11-19,801,N20,VIIRS,n,2,297.85,2.06,D,0,VIIRS_NOAA20_SP
28.55335,77.56966,331.53,0.4,0.37,2023-11-19,801,N20,VIIRS,n,2,300.07,2.28,D,0,VIIRS_NOAA20_SP
28.62936,79.68016,330.07,0.47,0.4,2023-11-19,801,N20,VIIRS,n,2,299.77,1.91,D,0,VIIRS_NOAA20_SP
28.66378,77.81753,333.79,0.4,0.37,2023-11-19,801,N20,VIIRS,l,2,304.29,18.85,D,0,VIIRS_NOAA20_SP
28.70973,77.59229,331.1,0.4,0.37,2023-11-19,801,N20,VIIRS,n,2,299.49,2.53,D,0,VIIRS_NOAA20_SP
28.74043,78.37415,330.68,0.42,0.38,2023-11-19,801,N20,VIIRS,n,2,297.8,1.61,D,0,VIIRS_NOAA20_SP
28.7699,79.35748,335.2,0.45,0.39,2023-11-19,801,N20,VIIRS,n,2,302.24,11.96,D,0,VIIRS_NOAA20_SP
28.77218,79.35869,342.37,0.45,0.39,2023-11-19,801,N20,VIIRS,n,2,300.58,16.19,D,0,VIIRS_NOAA20_SP
28.83769,77.75783,337.86,0.4,0.37,2023-11-19,801,N20,VIIRS,n,2,299.22,3.75,D,0,VIIRS_NOAA20_SP
28.87472,79.56247,331.02,0.46,0.39,2023-11-19,801,N20,VIIRS,n,2,300.58,2.65,D,0,VIIRS_NOAA20_SP
29.01828,78.86,329.37,0.44,0.38,2023-11-19,801,N20,VIIRS,n,2,300.12,1.83,D,0,VIIRS_NOAA20_SP
27.33123,68.47689,331.84,0.53,0.5,2023-11-19,802,N20,VIIRS,n,2,297.06,2.55,D,0,VIIRS_NOAA20_SP
28.24894,73.23598,335.12,0.44,0.38,2023-11-19,802,N20,VIIRS,n,2,300.27,1.36,D,0,VIIRS_NOAA20_SP
28.27348,73.41984,336.57,0.43,0.38,2023-11-19,802,N20,VIIRS,n,2,303.36,3.76,D,0,VIIRS_NOAA20_SP
28.28185,73.42694,340.07,0.43,0.38,2023-11-19,802,N20,VIIRS,n,2,301.96,2.24,D,0,VIIRS_NOAA20_SP
28.28332,73.43556,345.81,0.43,0.38,2023-11-19,802,N20,VIIRS,n,2,303.91,3.42,D,0,VIIRS_NOAA20_SP
28.28529,73.42618,338.9,0.43,0.38,2023-11-19,802,N20,VIIRS,n,2,302.75,2.24,D,0,VIIRS_NOAA20_SP
28.28603,73.4305,342.5,0.43,0.38,2023-11-19,802,N20,VIIRS,n,2,302.65,2.24,D,0,VIIRS_NOAA20_SP
28.28947,73.42975,343.6,0.43,0.38,2023-11-19,802,N20,VIIRS,n,2,302.35,1.79,D,0,VIIRS_NOAA20_SP
28.29021,73.43405,335.28,0.43,0.38,2023-11-19,802,N20,VIIRS,n,2,302.84,2.67,D,0,VIIRS_NOAA20_SP
28.29218,73.42467,338.92,0.43,0.38,2023-11-19,802,N20,VIIRS,n,2,302.66,1.79,D,0,VIIRS_NOAA20_SP
28.29291,73.42899,336.08,0.43,0.38,2023-11-19,802,N20,VIIRS,n,2,302.64,1.79,D,0,VIIRS_NOAA20_SP
28.29365,73.4333,337.23,0.43,0.38,2023-11-19,802,N20,VIIRS,n,2,303.33,2.67,D,0,VIIRS_NOAA20_SP
28.29439,73.43759,342.09,0.43,0.38,2023-11-19,802,N20,VIIRS,n,2,303.19,2.67,D,0,VIIRS_NOAA20_SP
28.29562,73.42392,351.26,0.43,0.38,2023-11-19,802,N20,VIIRS,n,2,302.0,4.14,D,0,VIIRS_NOAA20_SP
28.29636,73.42824,349.77,0.43,0.38,2023-11-19,802,N20,VIIRS,n,2,302.42,4.14,D,0,VIIRS_NOAA20_SP
28.29709,73.43254,341.14,0.43,0.38,2023-11-19,802,N20,VIIRS,n,2,302.38,2.69,D,0,VIIRS_NOAA20_SP
28.29782,73.43684,348.56,0.43,0.38,2023-11-19,802,N20,VIIRS,n,2,302.96,2.69,D,0,VIIRS_NOAA20_SP
28.29856,73.44114,343.19,0.43,0.38,2023-11-19,802,N20,VIIRS,n,2,303.33,2.27,D,0,VIIRS_NOAA20_SP
28.30053,73.43178,335.78,0.43,0.38,2023-11-19,802,N20,VIIRS,n,2,302.56,2.69,D,0,VIIRS_NOAA20_SP
28.302,73.44038,347.62,0.43,0.38,2023-11-19,802,N20,VIIRS,n,2,302.98,2.27,D,0,VIIRS_NOAA20_SP
28.30274,73.44468,337.7,0.43,0.38,2023-11-19,802,N20,VIIRS,n,2,303.11,2.27,D,0,VIIRS_NOAA20_SP
28.30397,73.43102,336.99,0.43,0.38,2023-11-19,802,N20,VIIRS,n,2,303.12,2.49,D,0,VIIRS_NOAA20_SP
28.30471,73.43532,344.94,0.43,0.38,2023-11-19,802,N20,VIIRS,n,2,302.28,2.49,D,0,VIIRS_NOAA20_SP
28.30557,73.34666,345.29,0.43,0.38,2023-11-19,802,N20,VIIRS,n,2,301.57,3.57,D,0,VIIRS_NOAA20_SP
28.3072,73.34515,339.17,0.43,0.38,2023-11-19,802,N20,VIIRS,n,2,301.41,2.0,D,0,VIIRS_NOAA20_SP
28.30815,73.43457,340.73,0.43,0.38,2023-11-19,802,N20,VIIRS,n,2,301.65,2.49,D,0,VIIRS_NOAA20_SP
28.30827,73.34156,345.62,0.43,0.38,2023-11-19,802,N20,VIIRS,n,2,302.5,3.57,D,0,VIIRS_NOAA20_SP
28.30902,73.34589,351.95,0.43,0.38,2023-11-19,802,N20,VIIRS,n,2,301.31,3.57,D,0,VIIRS_NOAA20_SP
28.31109,73.45178,335.59,0.43,0.38,2023-11-19,802,N20,VIIRS,n,2,303.18,1.35,D,0,VIIRS_NOAA20_SP
28.31172,73.34081,346.51,0.43,0.38,2023-11-19,802,N20,VIIRS,n,2,301.53,2.8,D,0,VIIRS_NOAA20_SP
28.31182,73.45609,354.69,0.43,0.38,2023-11-19,802,N20,VIIRS,n,2,301.9,2.94,D,0,VIIRS_NOAA20_SP
28.31233,73.43812,338.02,0.43,0.38,2023-11-19,802,N20,VIIRS,n,2,302.79,4.94,D,0,VIIRS_NOAA20_SP
28.31247,73.34512,350.5,0.43,0.38,2023-11-19,802,N20,VIIRS,n,2,301.38,2.8,D,0,VIIRS_NOAA20_SP
28.31255,73.46038,337.18,0.43,0.38,2023-11-19,802,N20,VIIRS,n,2,302.67,2.94,D,0,VIIRS_NOAA20_SP
28.31379,73.44672,340.47,0.43,0.38,2023-11-19,802,N20,VIIRS,n,2,303.7,3.04,D,0,VIIRS_NOAA20_SP
28.31441,73.3357,335.19,0.43,0.38,2023-11-19,802,N20,VIIRS,n,2,302.02,1.96,D,0,VIIRS_NOAA20_SP
28.31452,73.45103,352.69,0.43,0.38,2023-11-19,802,N20,VIIRS,n,2,302.09,3.04,D,0,VIIRS_NOAA20_SP
28.31517,73.34003,342.05,0.43,0.38,2023-11-19,802,N20,VIIRS,n,2,300.7,2.8,D,0,VIIRS_NOAA20_SP
28.31526,73.45533,356.44,0.43,0.38,2023-11-19,802,N20,VIIRS,n,2,303.04,5.87,D,0,VIIRS_NOAA20_SP
28.31577,73.43738,356.54,0.43,0.38,2023-11-19,802,N20,VIIRS,l,2,303.01,4.94,D,0,VIIRS_NOAA20_SP
28.31593,73.34437,346.31,0.43,0.38,2023-11-19,802,N20,VIIRS,n,2,300.74,2.8,D,0,VIIRS_NOAA20_SP
28.3165,73.44167,356.64,0.43,0.38,2023-11-19,802,N20,VIIRS,l,2,302.96,4.94,D,0,VIIRS_NOAA20_SP
28.31672,73.46391,334.68,0.43,0.38,2023-11-19,802,N20,VIIRS,n,2,302.09,3.18,D,0,VIIRS_NOAA20_SP
28.31723,73.44597,336.28,0.43,0.38,2023-11-19,802,N20,VIIRS,n,2,303.21,3.04,D,0,VIIRS_NOAA20_SP
28.31774,73.428,341.17,0.43,0.38,2023-11-19,802,N20,VIIRS,n,2,303.42,2.79,D,0,VIIRS_NOAA20_SP
28.31848,73.4323,336.12,0.43,0.38,2023-11-19,802,N20,VIIRS,n,2,302.83,2.79,D,0,VIIRS_NOAA20_SP
28.3187,73.45457,340.18,0.43,0.38,2023-11-19,802,N20,VIIRS,n,2,302.17,5.87,D,0,VIIRS_NOAA20_SP
28.31913,73.42432,336.19,0.43,0.38,2023-11-19,802,N20,VIIRS,n,2,304.47,3.28,D,0,VIIRS_NOAA20_SP
28.31938,73.34361,342.07,0.43,0.38,2023-11-19,802,N20,VIIRS,n,2,301.04,5.24,D,0,VIIRS_NOAA20_SP
28.31988,73.42863,346.43,0.43,0.38,2023-11-19,802,N20,VIIRS,n,2,303.87,4.31,D,0,VIIRS_NOAA20_SP
28.31994,73.44093,356.72,0.43,0.38,2023-11-19,802,N20,VIIRS,l,2,303.0,4.49,D,0,VIIRS_NOAA20_SP
28.32016,73.46317,356.63,0.43,0.38,2023-11-19,802,N20,VIIRS,l,2,302.81,3.18,D,0,VIIRS_NOAA20_SP
28.32067,73.44522,351.72,0.43,0.38,2023-11-19,802,N20,VIIRS,n,2,303.13,4.58,D,0,VIIRS_NOAA20_SP
28.32089,73.46745,337.42,0.43,0.38,2023-11-19,802,N20,VIIRS,n,2,303.68,3.18,D,0,VIIRS_NOAA20_SP
28.32119,73.42725,347.78,0.43,0.38,2023-11-19,802,N20,VIIRS,n,2,303.78,2.79,D,0,VIIRS_NOAA20_SP
28.3214,73.44952,345.02,0.43,0.38,2023-11-19,802,N20,VIIRS,n,2,303.54,4.58,D,0,VIIRS_NOAA20_SP
28.32213,73.44154,355.35,0.43,0.38,2023-11-19,802,N20,VIIRS,l,2,304.24,23.41,D,0,VIIRS_NOAA20_SP
28.32213,73.45383,343.63,0.43,0.38,2023-11-19,802,N20,VIIRS,n,2,302.75,5.64,D,0,VIIRS_NOAA20_SP
28.32257,73.42358,335.66,0.43,0.38,2023-11-19,802,N20,VIIRS,n,2,303.68,3.28,D,0,VIIRS_NOAA20_SP
28.32265,73.43587,338.6,0.43,0.38,2023-11-19,802,N20,VIIRS,n,2,303.11,4.49,D,0,VIIRS_NOAA20_SP
28.32332,73.42789,336.88,0.43,0.38,2023-11-19,802,N20,VIIRS,n,2,303.77,4.31,D,0,VIIRS_NOAA20_SP
28.32338,73.44018,347.61,0.43,0.38,2023-11-19,802,N20,VIIRS,n,2,302.81,4.49,D,0,VIIRS_NOAA20_SP
28.32362,73.45013,355.82,0.43,0.38,2023-11-19,802,N20,VIIRS,l,2,303.48,10.23,D,0,VIIRS_NOAA20_SP
28.32412,73.44447,354.15,0.43,0.38,2023-11-19,802,N20,VIIRS,n,2,303.46,4.58,D,0,VIIRS_NOAA20_SP
28.32432,73.4667,344.36,0.43,0.38,2023-11-19,802,N20,VIIRS,n,2,303.58,4.5,D,0,VIIRS_NOAA20_SP
28.32437,73.45441,350.82,0.43,0.38,2023-11-19,802,N20,VIIRS,n,2,304.27,6.42,D,0,VIIRS_NOAA20_SP
28.32485,73.44878,353.6,0.43,0.38,2023-11-19,802,N20,VIIRS,n,2,302.93,4.58,D,0,VIIRS_NOAA20_SP
28.32557,73.45308,355.63,0.43,0.38,2023-11-19,802,N20,VIIRS,l,2,303.54,5.64,D,0,VIIRS_NOAA20_SP
28.32632,73.44508,340.97,0.43,0.38,2023-11-19,802,N20,VIIRS,n,2,302.99,10.23,D,0,VIIRS_NOAA20_SP
28.32706,73.44937,349.73,0.43,0.38,2023-11-19,802,N20,VIIRS,n,2,303.03,10.23,D,0,VIIRS_NOAA20_SP
28.32751,73.43144,339.74,0.43,0.38,2023-11-19,802,N20,VIIRS,n,2,303.87,4.51,D,0,VIIRS_NOAA20_SP
28.32781,73.45367,356.13,0.43,0.38,2023-11-19,802,N20,VIIRS,l,2,303.69,6.42,D,0,VIIRS_NOAA20_SP
28.32826,73.43575,340.73,0.43,0.38,2023-11-19,802,N20,VIIRS,n,2,303.52,3.49,D,0,VIIRS_NOAA20_SP
28.32849,73.47024,337.99,0.43,0.38,2023-11-19,802,N20,VIIRS,n,2,303.23,1.85,D,0,VIIRS_NOAA20_SP
28.32856,73.45795,346.52,0.43,0.38,2023-11-19,802,N20,VIIRS,n,2,303.73,6.42,D,0,VIIRS_NOAA20_SP
28.32901,73.44004,355.76,0.43,0.38,2023-11-19,802,N20,VIIRS,n,2,303.65,3.49,D,0,VIIRS_NOAA20_SP
28.32976,73.44434,340.77,0.43,0.38,2023-11-19,802,N20,VIIRS,n,2,303.16,2.7,D,0,VIIRS_NOAA20_SP
28.33004,73.46652,346.15,0.43,0.38,2023-11-19,802,N20,VIIRS,n,2,302.64,4.54,D,0,VIIRS_NOAA20_SP
28.33021,73.42638,342.99,0.43,0.38,2023-11-19,802,N20,VIIRS,n,2,303.22,4.51,D,0,VIIRS_NOAA20_SP
28.3305,73.44862,343.15,0.43,0.38,2023-11-19,802,N20,VIIRS,n,2,303.37,2.7,D,0,VIIRS_NOAA20_SP
28.33079,73.4708,356.13,0.43,0.38,2023-11-19,802,N20,VIIRS,l,2,303.03,9.3,D,0,VIIRS_NOAA20_SP
28.33096,73.43069,353.77,0.43,0.38,2023-11-19,802,N20,VIIRS,n,2,303.95,4.51,D,0,VIIRS_NOAA20_SP
28.33125,73.45291,355.7,0.43,0.38,2023-11-19,802,N20,VIIRS,l,2,304.37,6.79,D,0,VIIRS_NOAA20_SP
28.3317,73.43498,346.44,0.43,0.38,2023-11-19,802,N20,VIIRS,n,2,303.09,3.49,D,0,VIIRS_NOAA20_SP
28.33199,73.45721,347.48,0.43,0.38,2023-11-19,802,N20,VIIRS,n,2,303.11,6.79,D,0,VIIRS_NOAA20_SP
28.33245,73.43929,339.02,0.43,0.38,2023-11-19,802,N20,VIIRS,n,2,303.34,3.49,D,0,VIIRS_NOAA20_SP
28.33319,73.44358,346.12,0.43,0.38,2023-11-19,802,N20,VIIRS,n,2,303.48,2.7,D,0,VIIRS_NOAA20_SP
28.33422,73.47005,351.38,0.43,0.38,2023-11-19,802,N20,VIIRS,n,2,303.39,5.44,D,0,VIIRS_NOAA20_SP
28.3344,73.42992,349.99,0.43,0.38,2023-11-19,802,N20,VIIRS,n,2,303.7,4.36,D,0,VIIRS_NOAA20_SP
28.33514,73.43423,348.04,0.43,0.38,2023-11-19,802,N20,VIIRS,n,2,303.39,6.2,D,0,VIIRS_NOAA20_SP
28.33543,73.45645,346.64,0.43,0.38,2023-11-19,802,N20,VIIRS,n,2,303.08,6.79,D,0,VIIRS_NOAA20_SP
28.33589,73.43852,356.1,0.43,0.38,2023-11-19,802,N20,VIIRS,l,2,303.34,6.2,D,0,VIIRS_NOAA20_SP
28.33617,73.46075,349.49,0.43,0.38,2023-11-19,802,N20,VIIRS,n,2,303.04,7.0,D,0,VIIRS_NOAA20_SP
28.33663,73.44283,347.98,0.43,0.38,2023-11-19,802,N20,VIIRS,n,2,303.39,6.65,D,0,VIIRS_NOAA20_SP
28.33692,73.46503,345.67,0.43,0.38,2023-11-19,802,N20,VIIRS,n,2,302.9,7.0,D,0,VIIRS_NOAA20_SP
28.33766,73.46931,352.66,0.43,0.38,2023-11-19,802,N20,VIIRS,n,2,304.18,5.44,D,0,VIIRS_NOAA20_SP
28.33784,73.42916,341.85,0.43,0.38,2023-11-19,802,N20,VIIRS,n,2,303.23,4.36,D,0,VIIRS_NOAA20_SP
28.33858,73.43346,353.58,0.43,0.38,2023-11-19,802,N20,VIIRS,n,2,302.42,6.2,D,0,VIIRS_NOAA20_SP
28.33933,73.43777,355.98,0.43,0.38,2023-11-19,802,N20,VIIRS,l,2,303.02,6.2,D,0,VIIRS_NOAA20_SP
28.33961,73.45999,342.38,0.43,0.38,2023-11-19,802,N20,VIIRS,n,2,303.61,3.56,D,0,VIIRS_NOAA20_SP
28.34007,73.44207,348.7,0.43,0.38,2023-11-19,802,N20,VIIRS,n,2,303.4,6.65,D,0,VIIRS_NOAA20_SP
28.34035,73.46427,348.48,0.43,0.38,2023-11-19,802,N20,VIIRS,n,2,303.43,3.56,D,0,VIIRS_NOAA20_SP
28.3411,73.46855,335.63,0.43,0.38,2023-11-19,802,N20,VIIRS,n,2,303.75,1.53,D,0,VIIRS_NOAA20_SP
28.34202,73.43271,347.29,0.43,0.38,2023-11-19,802,N20,VIIRS,n,2,302.9,4.62,D,0,VIIRS_NOAA20_SP
28.34277,73.43701,356.24,0.43,0.38,2023-11-19,802,N20,VIIRS,l,2,303.03,4.62,D,0,VIIRS_NOAA20_SP
28.34305,73.45924,346.46,0.43,0.38,2023-11-19,802,N20,VIIRS,n,2,303.78,3.56,D,0,VIIRS_NOAA20_SP
28.34351,73.44131,347.38,0.43,0.38,2023-11-19,802,N20,VIIRS,n,2,303.08,3.88,D,0,VIIRS_NOAA20_SP
28.34379,73.46352,347.07,0.43,0.38,2023-11-19,802,N20,VIIRS,n,2,303.91,3.56,D,0,VIIRS_NOAA20_SP
28.34453,73.4678,337.39,0.43,0.38,2023-11-19,802,N20,VIIRS,n,2,303.61,1.53,D,0,VIIRS_NOAA20_SP
28.34546,73.43195,354.01,0.43,0.38,2023-11-19,802,N20,VIIRS,n,2,303.8,4.62,D,0,VIIRS_NOAA20_SP
28.34621,73.43626,343.95,0.43,0.38,2023-11-19,802,N20,VIIRS,n,2,303.43,4.62,D,0,VIIRS_NOAA20_SP
28.34695,73.44055,351.08,0.43,0.38,2023-11-19,802,N20,VIIRS,n,2,303.41,3.88,D,0,VIIRS_NOAA20_SP
28.34816,73.4269,355.22,0.43,0.38,2023-11-19,802,N20,VIIRS,l,2,304.83,7.35,D,0,VIIRS_NOAA20_SP
28.3489,73.43121,356.26,0.43,0.38,2023-11-19,802,N20,VIIRS,l,2,304.07,5.76,D,0,VIIRS_NOAA20_SP
28.34965,73.4355,349.54,0.43,0.38,2023-11-19,802,N20,VIIRS,n,2,303.86,5.76,D,0,VIIRS_NOAA20_SP
28.35085,73.42184,349.5,0.43,0.38,2023-11-19,802,N20,VIIRS,n,2,303.46,7.35,D,0,VIIRS_NOAA20_SP
28.3516,73.42614,356.14,0.43,0.38,2023-11-19,802,N20,VIIRS,l,2,303.38,7.35,D,0,VIIRS_NOAA20_SP
28.35308,73.43475,345.76,0.43,0.38,2023-11-19,802,N20,VIIRS,n,2,303.09,5.76,D,0,VIIRS_NOAA20_SP
28.35383,73.43905,343.47,0.43,0.38,2023-11-19,802,N20,VIIRS,n,2,302.79,13.76,D,0,VIIRS_NOAA20_SP
28.35652,73.43398,343.37,0.43,0.38,2023-11-19,802,N20,VIIRS,n,2,302.98,3.33,D,0,VIIRS_NOAA20_SP
28.35727,73.43829,338.89,0.43,0.38,2023-11-19,802,N20,VIIRS,n,2,302.62,1.73,D,0,VIIRS_NOAA20_SP
28.61342,70.57488,330.34,0.57,0.43,2023-11-19,802,N20,VIIRS,n,2,297.7,3.97,D,0,VIIRS_NOAA20_SP
28.76032,70.53522,330.95,0.57,0.43,2023-11-19,802,N20,VIIRS,n,2,296.54,7.95,D,0,VIIRS_NOAA20_SP
28.80314,76.31539,332.54,0.38,0.36,2023-11-19,802,N20,VIIRS,n,2,298.02,2.87,D,0,VIIRS_NOAA20_SP
28.82196,76.71896,331.05,0.39,0.36,2023-11-19,802,N20,VIIRS,n,2,299.02,2.22,D,0,VIIRS_NOAA20_SP
28.86026,77.1478,342.54,0.39,0.36,2023-11-19,802,N20,VIIRS,n,2,299.77,4.76,D,0,VIIRS_NOAA20_SP
28.8629,76.2396,332.27,0.38,0.36,2023-11-19,802,N20,VIIRS,n,2,299.7,1.63,D,0,VIIRS_NOAA20_SP
28.90182,76.36134,344.21,0.39,0.36,2023-11-19,802,N20,VIIRS,n,2,304.42,11.89,D,0,VIIRS_NOAA20_SP
28.9024,76.36526,331.81,0.39,0.36,2023-11-19,802,N20,VIIRS,n,2,298.74,4.52,D,0,VIIRS_NOAA20_SP
28.92076,77.95206,330.38,0.41,0.37,2023-11-19,802,N20,VIIRS,n,2,299.34,2.65,D,0,VIIRS_NOAA20_SP
28.93456,76.39941,332.4,0.39,0.36,2023-11-19,802,N20,VIIRS,n,2,299.66,2.56,D,0,VIIRS_NOAA20_SP
28.94831,76.4008,333.06,0.39,0.36,2023-11-19,802,N20,VIIRS,n,2,299.95,4.38,D,0,VIIRS_NOAA20_SP
28.96697,72.00887,333.01,0.48,0.4,2023-11-19,802,N20,VIIRS,n,2,300.2,2.02,D,0,VIIRS_NOAA20_SP
28.97071,76.25553,333.98,0.38,0.36,2023-11-19,802,N20,VIIRS,n,2,301.24,3.98,D,0,VIIRS_NOAA20_SP
28.976,76.49642,330.02,0.39,0.36,2023-11-19,802,N20,VIIRS,n,2,299.05,1.94,D,0,VIIRS_NOAA20_SP
28.97711,76.57304,336.53,0.39,0.36,2023-11-19,802,N20,VIIRS,n,2,301.26,3.8,D,0,VIIRS_NOAA20_SP
28.98738,77.88056,329.79,0.41,0.37,2023-11-19,802,N20,VIIRS,n,2,298.46,1.46,D,0,VIIRS_NOAA20_SP
29.00592,78.56561,329.63,0.43,0.38,2023-11-19,802,N20,VIIRS,n,2,298.63,2.34,D,0,VIIRS_NOAA20_SP
29.0146,76.34391,352.35,0.39,0.36,2023-11-19,802,N20,VIIRS,n,2,299.56,7.53,D,0,VIIRS_NOAA20_SP
29.01484,78.00404,331.02,0.41,0.37,2023-11-19,802,N20,VIIRS,n,2,297.86,2.22,D,0,VIIRS_NOAA20_SP
29.02293,76.35441,340.48,0.39,0.36,2023-11-19,802,N20,VIIRS,n,2,298.05,3.14,D,0,VIIRS_NOAA20_SP
29.03688,76.37999,335.73,0.39,0.36,2023-11-19,802,N20,VIIRS,n,2,298.61,2.82,D,0,VIIRS_NOAA20_SP
29.03795,76.52526,330.51,0.39,0.36,2023-11-19,802,N20,VIIRS,n,2,298.05,1.59,D,0,VIIRS_NOAA20_SP
29.04966,76.14777,332.61,0.38,0.36,2023-11-19,802,N20,VIIRS,n,2,301.59,3.4,D,0,VIIRS_NOAA20_SP
29.05354,76.40102,345.89,0.39,0.36,2023-11-19,802,N20,VIIRS,n,2,300.74,4.9,D,0,VIIRS_NOAA20_SP
29.07858,71.03566,331.52,0.53,0.42,2023-11-19,802,N20,VIIRS,n,2,298.51,3.9,D,0,VIIRS_NOAA20_SP
29.08083,76.51709,335.14,0.39,0.36,2023-11-19,802,N20,VIIRS,n,2,301.04,1.77,D,0,VIIRS_NOAA20_SP
29.09628,76.25564,338.34,0.38,0.36,2023-11-19,802,N20,VIIRS,n,2,299.99,5.31,D,0,VIIRS_NOAA20_SP
29.10057,76.3072,336.43,0.39,0.36,2023-11-19,802,N20,VIIRS,n,2,298.49,5.72,D,0,VIIRS_NOAA20_SP
29.10192,76.2707,332.23,0.38,0.36,2023-11-19,802,N20,VIIRS,n,2,299.33,2.43,D,0,VIIRS_NOAA20_SP
29.10975,76.48325,339.26,0.39,0.36,2023-11-19,802,N20,VIIRS,n,2,298.18,2.94,D,0,VIIRS_NOAA20_SP
29.14772,77.40242,332.63,0.4,0.37,2023-11-19,802,N20,VIIRS,n,2,298.16,3.11,D,0,VIIRS_NOAA20_SP
29.15347,73.35014,331.82,0.42,0.38,2023-11-19,802,N20,VIIRS,n,2,297.82,1.52,D,0,VIIRS_NOAA20_SP
29.15689,73.34938,331.85,0.42,0.38,2023-11-19,802,N20,VIIRS,n,2,298.11,2.71,D,0,VIIRS_NOAA20_SP
29.15852,77.39256,331.18,0.4,0.37,2023-11-19,802,N20,VIIRS,n,2,297.38,1.99,D,0,VIIRS_NOAA20_SP
29.17829,78.6226,330.83,0.43,0.38,2023-11-19,802,N20,VIIRS,n,2,299.15,1.93,D,0,VIIRS_NOAA20_SP
29.18536,77.74493,330.62,0.41,0.37,2023-11-19,802,N20,VIIRS,n,2,297.51,2.8,D,0,VIIRS_NOAA20_SP
29.19898,76.53504,333.97,0.39,0.36,2023-11-19,802,N20,VIIRS,n,2,299.25,6.25,D,0,VIIRS_NOAA20_SP
29.20207,76.3037,336.36,0.39,0.36,2023-11-19,802,N20,VIIRS,n,2,300.91,6.6,D,0,VIIRS_NOAA20_SP
29.20229,76.53442,337.12,0.39,0.36,2023-11-19,802,N20,VIIRS,n,2,299.08,6.25,D,0,VIIRS_NOAA20_SP
29.20675,76.33512,332.07,0.39,0.36,2023-11-19,802,N20,VIIRS,n,2,298.91,6.28,D,0,VIIRS_NOAA20_SP
29.20691,76.19802,337.58,0.38,0.36,2023-11-19,802,N20,VIIRS,n,2,300.3,6.11,D,0,VIIRS_NOAA20_SP
29.21163,73.23919,335.78,0.43,0.38,2023-11-19,802,N20,VIIRS,n,2,299.4,4.47,D,0,VIIRS_NOAA20_SP
29.22799,76.66364,330.99,0.39,0.36,2023-11-19,802,N20,VIIRS,n,2,296.65,1.72,D,0,VIIRS_NOAA20_SP
29.23254,76.37083,331.87,0.39,0.36,2023-11-19,802,N20,VIIRS,n,2,299.9,2.68,D,0,VIIRS_NOAA20_SP
29.23504,76.41083,336.67,0.39,0.36,2023-11-19,802,N20,VIIRS,n,2,300.43,4.32,D,0,VIIRS_NOAA20_SP
29.26127,76.61258,331.77,0.39,0.36,2023-11-19,802,N20,VIIRS,n,2,300.25,6.18,D,0,VIIRS_NOAA20_SP
29.26185,76.61653,332.51,0.39,0.36,2023-11-19,802,N20,VIIRS,n,2,298.14,6.18,D,0,VIIRS_NOAA20_SP
29.2702,77.70061,330.91,0.4,0.37,2023-11-19,802,N20,VIIRS,n,2,297.48,3.39,D,0,VIIRS_NOAA20_SP
29.27219,75.77421,332.39,0.38,0.36,2023-11-19,802,N20,VIIRS,n,2,299.41,14.03,D,0,VIIRS_NOAA20_SP
29.27683,76.21275,331.84,0.38,0.36,2023-11-19,802,N20,VIIRS,n,2,299.03,2.8,D,0,VIIRS_NOAA20_SP
29.2887,71.48429,330.64,0.5,0.41,2023-11-19,802,N20,VIIRS,n,2,297.04,2.78,D,0,VIIRS_NOAA20_SP
29.29119,71.48629,330.21,0.5,0.41,2023-11-19,802,N20,VIIRS,n,2,295.88,3.83,D,0,VIIRS_NOAA20_SP
29.29362,77.82004,335.22,0.41,0.37,2023-11-19,802,N20,VIIRS,n,2,298.1,4.6,D,0,VIIRS_NOAA20_SP
29.29483,76.70422,332.49,0.39,0.36,2023-11-19,802,N20,VIIRS,n,2,296.28,4.13,D,0,VIIRS_NOAA20_SP
29.30906,76.68522,330.41,0.39,0.36,2023-11-19,802,N20,VIIRS,n,2,297.84,2.02,D,0,VIIRS_NOAA20_SP
29.33867,76.65514,336.48,0.39,0.36,2023-11-19,802,N20,VIIRS,n,2,298.07,3.64,D,0,VIIRS_NOAA20_SP
29.34035,73.79057,331.88,0.41,0.37,2023-11-19,802,N20,VIIRS,n,2,298.02,5.46,D,0,VIIRS_NOAA20_SP
29.34052,73.6867,345.65,0.41,0.37,2023-11-19,802,N20,VIIRS,n,2,301.16,68.62,D,0,VIIRS_NOAA20_SP
29.34084,77.52745,333.15,0.4,0.37,2023-11-19,802,N20,VIIRS,n,2,297.32,2.9,D,0,VIIRS_NOAA20_SP
29.34102,76.76495,334.94,0.39,0.36,2023-11-19,802,N20,VIIRS,n,2,299.8,4.35,D,0,VIIRS_NOAA20_SP
29.34174,73.79887,331.79,0.41,0.37,2023-11-19,802,N20,VIIRS,n,2,297.89,2.47,D,0,VIIRS_NOAA20_SP
29.356,73.8216,345.88,0.41,0.37,2023-11-19,802,N20,VIIRS,n,2,298.81,6.6,D,0,VIIRS_NOAA20_SP
29.3692,76.35327,330.34,0.39,0.36,2023-11-19,802,N20,VIIRS,n,2,296.69,2.03,D,0,VIIRS_NOAA20_SP
29.37481,76.43738,336.65,0.39,0.36,2023-11-19,802,N20,VIIRS,n,2,303.53,22.42,D,0,VIIRS_NOAA20_SP
29.38728,73.92632,338.03,0.41,0.37,2023-11-19,802,N20,VIIRS,n,2,300.05,3.6,D,0,VIIRS_NOAA20_SP
29.38809,73.92294,331.75,0.41,0.37,2023-11-19,802,N20,VIIRS,n,2,299.93,2.63,D,0,VIIRS_NOAA20_SP
29.39352,73.93458,342.97,0.41,0.37,2023-11-19,802,N20,VIIRS,n,2,301.17,5.2,D,0,VIIRS_NOAA20_SP
29.395,73.96413,335.27,0.4,0.37,2023-11-19,802,N20,VIIRS,n,2,300.49,3.97,D,0,VIIRS_NOAA20_SP
29.40999,76.03397,333.82,0.38,0.36,2023-11-19,802,N20,VIIRS,n,2,300.15,4.01,D,0,VIIRS_NOAA20_SP
29.41566,75.66909,331.9,0.38,0.36,2023-11-19,802,N20,VIIRS,n,2,299.36,2.24,D,0,VIIRS_NOAA20_SP
29.41862,76.34376,335.42,0.39,0.36,2023-11-19,802,N20,VIIRS,n,2,299.56,3.02,D,0,VIIRS_NOAA20_SP
29.41932,74.00572,341.29,0.4,0.37,2023-11-19,802,N20,VIIRS,n,2,299.39,3.29,D,0,VIIRS_NOAA20_SP
29.42504,76.38715,342.06,0.39,0.36,2023-11-19,802,N20,VIIRS,n,2,301.41,5.61,D,0,VIIRS_NOAA20_SP
29.426,75.93784,331.25,0.38,0.36,2023-11-19,802,N20,VIIRS,n,2,298.38,2.46,D,0,VIIRS_NOAA20_SP
29.43042,76.30903,330.27,0.39,0.36,2023-11-19,802,N20,VIIRS,n,2,298.72,4.13,D,0,VIIRS_NOAA20_SP
29.43092,74.80795,337.4,0.39,0.36,2023-11-19,802,N20,VIIRS,n,2,300.17,5.21,D,0,VIIRS_NOAA20_SP
29.43197,73.97745,331.42,0.4,0.37,2023-11-19,802,N20,VIIRS,n,2,298.08,2.52,D,0,VIIRS_NOAA20_SP
29.43818,74.03564,331.94,0.4,0.37,2023-11-19,802,N20,VIIRS,n,2,297.25,2.55,D,0,VIIRS_NOAA20_SP
29.44605,76.78684,333.32,0.39,0.36,2023-11-19,802,N20,VIIRS,n,2,299.55,2.59,D,0,VIIRS_NOAA20_SP
29.4493,77.14511,331.79,0.4,0.37,2023-11-19,802,N20,VIIRS,n,2,298.86,2.84,D,0,VIIRS_NOAA20_SP
29.44936,76.78622,334.34,0.39,0.36,2023-11-19,802,N20,VIIRS,n,2,299.07,2.59,D,0,VIIRS_NOAA20_SP
29.45756,76.86679,330.03,0.39,0.36,2023-11-19,802,N20,VIIRS,n,2,295.85,1.87,D,2,VIIRS_NOAA20_SP
29.45967,74.06071,334.26,0.4,0.37,2023-11-19,802,N20,VIIRS,n,2,296.97,2.12,D,0,VIIRS_NOAA20_SP
29.46772,74.06745,335.35,0.4,0.37,2023-11-19,802,N20,VIIRS,n,2,300.87,9.9,D,0,VIIRS_NOAA20_SP
29.47726,74.97047,331.65,0.39,0.36,2023-11-19,802,N20,VIIRS,n,2,298.7,6.37,D,0,VIIRS_NOAA20_SP
29.49711,74.77358,336.41,0.39,0.36,2023-11-19,802,N20,VIIRS,n,2,298.97,4.11,D,0,VIIRS_NOAA20_SP
29.50092,74.79746,332.71,0.39,0.36,2023-11-19,802,N20,VIIRS,n,2,297.92,3.64,D,0,VIIRS_NOAA20_SP
29.50213,76.31159,333.86,0.39,0.36,2023-11-19,802,N20,VIIRS,n,2,302.68,2.84,D,0,VIIRS_NOAA20_SP
29.50523,74.19039,332.65,0.4,0.37,2023-11-19,802,N20,VIIRS,n,2,298.31,4.21,D,0,VIIRS_NOAA20_SP
29.50589,74.19445,330.82,0.4,0.37,2023-11-19,802,N20,VIIRS,n,2,296.19,4.21,D,0,VIIRS_NOAA20_SP
29.51398,74.81529,337.14,0.39,0.36,2023-11-19,802,N20,VIIRS,n,2,297.65,3.17,D,0,VIIRS_NOAA20_SP
29.5199,74.19565,335.34,0.4,0.37,2023-11-19,802,N20,VIIRS,n,2,297.75,6.12,D,0,VIIRS_NOAA20_SP
29.52324,74.19494,333.36,0.4,0.37,2023-11-19,802,N20,VIIRS,n,2,297.41,4.88,D,0,VIIRS_NOAA20_SP
29.52364,74.59962,331.59,0.39,0.36,2023-11-19,802,N20,VIIRS,n,2,298.16,2.4,D,0,VIIRS_NOAA20_SP
29.52908,74.82446,332.62,0.39,0.36,2023-11-19,802,N20,VIIRS,n,2,298.49,2.23,D,0,VIIRS_NOAA20_SP
29.5297,74.5735,337.46,0.39,0.36,2023-11-19,802,N20,VIIRS,n,2,299.54,3.03,D,0,VIIRS_NOAA20_SP
29.53239,75.32172,332.62,0.39,0.36,2023-11-19,802,N20,VIIRS,n,2,299.8,3.43,D,0,VIIRS_NOAA20_SP
29.53261,76.1037,339.88,0.38,0.36,2023-11-19,802,N20,VIIRS,n,2,300.76,5.8,D,0,VIIRS_NOAA20_SP
29.53388,74.21791,344.17,0.4,0.37,2023-11-19,802,N20,VIIRS,n,2,301.2,17.07,D,0,VIIRS_NOAA20_SP
29.5359,75.51969,332.11,0.38,0.36,2023-11-19,802,N20,VIIRS,n,2,298.21,4.09,D,0,VIIRS_NOAA20_SP
29.53722,74.21719,338.54,0.4,0.37,2023-11-19,802,N20,VIIRS,n,2,301.67,17.07,D,0,VIIRS_NOAA20_SP
29.54506,74.96872,335.56,0.39,0.36,2023-11-19,802,N20,VIIRS,n,2,299.66,3.44,D,0,VIIRS_NOAA20_SP
29.54861,74.21108,332.09,0.4,0.37,2023-11-19,802,N20,VIIRS,n,2,299.13,2.95,D,0,VIIRS_NOAA20_SP
29.54871,76.12081,332.07,0.38,0.36,2023-11-19,802,N20,VIIRS,n,2,299.83,2.82,D,0,VIIRS_NOAA20_SP
29.55195,74.21037,330.62,0.4,0.37,2023-11-19,802,N20,VIIRS,n,2,297.67,2.22,D,0,VIIRS_NOAA20_SP
29.55666,74.44321,332.14,0.39,0.37,2023-11-19,802,N20,VIIRS,n,2,297.85,2.0,D,0,VIIRS_NOAA20_SP
29.55758,77.32972,334.4,0.4,0.37,2023-11-19,802,N20,VIIRS,n,2,294.42,5.34,D,0,VIIRS_NOAA20_SP
29.5583,75.29208,330.04,0.39,0.36,2023-11-19,802,N20,VIIRS,n,2,297.44,2.16,D,0,VIIRS_NOAA20_SP
29.56193,74.45458,340.6,0.39,0.37,2023-11-19,802,N20,VIIRS,n,2,297.8,4.47,D,0,VIIRS_NOAA20_SP
29.5646,74.44985,342.42,0.39,0.37,2023-11-19,802,N20,VIIRS,n,2,300.97,5.91,D,0,VIIRS_NOAA20_SP
29.56528,75.42458,330.78,0.38,0.36,2023-11-19,802,N20,VIIRS,n,2,298.05,1.77,D,0,VIIRS_NOAA20_SP
29.56598,74.43707,333.8,0.39,0.37,2023-11-19,802,N20,VIIRS,n,2,301.11,9.18,D,0,VIIRS_NOAA20_SP
29.56862,74.29076,335.32,0.4,0.37,2023-11-19,802,N20,VIIRS,n,2,297.51,4.07,D,0,VIIRS_NOAA20_SP
29.57135,75.46391,331.58,0.38,0.36,2023-11-19,802,N20,VIIRS,n,2,298.74,1.95,D,0,VIIRS_NOAA20_SP
29.57183,75.91377,331.74,0.38,0.36,2023-11-19,802,N20,VIIRS,n,2,300.13,1.73,D,0,VIIRS_NOAA20_SP
29.57275,74.39394,330.31,0.4,0.37,2023-11-19,802,N20,VIIRS,n,2,298.5,1.83,D,0,VIIRS_NOAA20_SP
29.57395,74.59315,338.09,0.39,0.36,2023-11-19,802,N20,VIIRS,n,2,296.76,4.32,D,0,VIIRS_NOAA20_SP
29.5752,74.3939,339.93,0.4,0.37,2023-11-19,802,N20,VIIRS,n,2,297.7,3.74,D,0,VIIRS_NOAA20_SP
29.58098,76.22394,330.95,0.39,0.36,2023-11-19,802,N20,VIIRS,n,2,297.74,3.03,D,0,VIIRS_NOAA20_SP
29.58192,76.20752,336.41,0.39,0.36,2023-11-19,802,N20,VIIRS,n,2,298.45,3.16,D,0,VIIRS_NOAA20_SP
29.58243,74.4382,331.24,0.39,0.37,2023-11-19,802,N20,VIIRS,n,2,296.54,3.98,D,0,VIIRS_NOAA20_SP
29.58327,74.27506,337.42,0.4,0.37,2023-11-19,802,N20,VIIRS,n,2,299.78,10.18,D,0,VIIRS_NOAA20_SP
29.58546,74.53686,345.28,0.39,0.36,2023-11-19,802,N20,VIIRS,n,2,316.37,49.06,D,0,VIIRS_NOAA20_SP
29.58611,74.54086,331.25,0.39,0.36,2023-11-19,802,N20,VIIRS,n,2,298.09,8.57,D,0,VIIRS_NOAA20_SP
29.58613,75.53796,332.8,0.38,0.36,2023-11-19,802,N20,VIIRS,n,2,297.15,1.76,D,0,VIIRS_NOAA20_SP
29.58727,74.2784,351.62,0.4,0.37,2023-11-19,802,N20,VIIRS,n,2,301.39,10.18,D,0,VIIRS_NOAA20_SP
29.58794,74.26147,334.68,0.4,0.37,2023-11-19,802,N20,VIIRS,n,2,298.32,5.54,D,0,VIIRS_NOAA20_SP
29.58983,74.37827,332.89,0.4,0.37,2023-11-19,802,N20,VIIRS,n,2,298.49,4.97,D,0,VIIRS_NOAA20_SP
29.58986,74.35738,347.18,0.4,0.37,2023-11-19,802,N20,VIIRS,n,2,303.67,16.34,D,0,VIIRS_NOAA20_SP
29.59049,74.3823,331.7,0.4,0.37,2023-11-19,802,N20,VIIRS,n,2,297.49,3.88,D,0,VIIRS_NOAA20_SP
29.5998,74.37614,345.75,0.4,0.37,2023-11-19,802,N20,VIIRS,n,2,300.57,9.08,D,0,VIIRS_NOAA20_SP
29.6045,75.7692,330.85,0.38,0.36,2023-11-19,802,N20,VIIRS,n,2,300.66,3.26,D,0,VIIRS_NOAA20_SP
29.60653,74.31199,334.79,0.4,0.37,2023-11-19,802,N20,VIIRS,n,2,297.45,3.53,D,0,VIIRS_NOAA20_SP
29.61019,74.48225,333.55,0.39,0.36,2023-11-19,802,N20,VIIRS,n,2,297.67,2.96,D,0,VIIRS_NOAA20_SP
29.61243,74.36928,342.19,0.4,0.37,2023-11-19,802,N20,VIIRS,n,2,300.42,10.19,D,0,VIIRS_NOAA20_SP
29.61436,74.40225,331.54,0.39,0.37,2023-11-19,802,N20,VIIRS,n,2,298.84,1.84,D,0,VIIRS_NOAA20_SP
29.61627,74.43519,330.36,0.39,0.37,2023-11-19,802,N20,VIIRS,n,2,297.39,2.16,D,0,VIIRS_NOAA20_SP
29.61722,73.22036,330.65,0.42,0.38,2023-11-19,802,N20,VIIRS,l,2,301.19,5.89,D,0,VIIRS_NOAA20_SP
29.61977,74.351,342.89,0.4,0.37,2023-11-19,802,N20,VIIRS,n,2,296.96,6.0,D,0,VIIRS_NOAA20_SP
29.62226,74.42976,332.98,0.39,0.37,2023-11-19,802,N20,VIIRS,n,2,299.64,2.81,D,0,VIIRS_NOAA20_SP
29.62834,74.38259,335.76,0.4,0.37,2023-11-19,802,N20,VIIRS,n,2,298.04,4.38,D,0,VIIRS_NOAA20_SP
29.62929,75.68732,331.97,0.38,0.36,2023-11-19,802,N20,VIIRS,n,2,301.33,2.43,D,0,VIIRS_NOAA20_SP
29.63432,76.2867,337.54,0.39,0.36,2023-11-19,802,N20,VIIRS,n,2,299.33,3.25,D,0,VIIRS_NOAA20_SP
29.63464,75.63359,332.15,0.38,0.36,2023-11-19,802,N20,VIIRS,n,2,299.5,3.22,D,0,VIIRS_NOAA20_SP
29.6673,76.2108,331.98,0.39,0.36,2023-11-19,802,N20,VIIRS,n,2,300.44,2.54,D,0,VIIRS_NOAA20_SP
29.66942,76.20226,351.26,0.39,0.36,2023-11-19,802,N20,VIIRS,n,2,305.91,28.21,D,0,VIIRS_NOAA20_SP
29.67005,75.37556,330.89,0.38,0.36,2023-11-19,802,N20,VIIRS,n,2,297.9,1.85,D,0,VIIRS_NOAA20_SP
29.67114,75.69171,330.14,0.38,0.36,2023-11-19,802,N20,VIIRS,n,2,299.56,2.21,D,0,VIIRS_NOAA20_SP
29.67174,75.69565,333.51,0.38,0.36,2023-11-19,802,N20,VIIRS,n,2,299.69,2.21,D,0,VIIRS_NOAA20_SP
29.67272,76.20162,336.1,0.39,0.36,2023-11-19,802,N20,VIIRS,n,2,300.02,3.11,D,0,VIIRS_NOAA20_SP
29.67771,75.6904,330.73,0.38,0.36,2023-11-19,802,N20,VIIRS,n,2,299.57,1.86,D,0,VIIRS_NOAA20_SP
29.7006,75.55203,334.7,0.38,0.36,2023-11-19,802,N20,VIIRS,n,2,296.45,4.59,D,0,VIIRS_NOAA20_SP
29.70267,75.38925,337.28,0.38,0.36,2023-11-19,802,N20,VIIRS,n,2,295.89,3.32,D,0,VIIRS_NOAA20_SP
29.70977,75.19294,341.4,0.39,0.36,2023-11-19,802,N20,VIIRS,n,2,299.63,3.25,D,0,VIIRS_NOAA20_SP
29.71126,75.48904,332.19,0.38,0.36,2023-11-19,802,N20,VIIRS,n,2,297.77,2.28,D,0,VIIRS_NOAA20_SP
29.71356,75.7481,332.66,0.38,0.36,2023-11-19,802,N20,VIIRS,n,2,300.34,3.03,D,0,VIIRS_NOAA20_SP
29.71454,75.48837,332.57,0.38,0.36,2023-11-19,802,N20,VIIRS,n,2,298.06,8.67,D,0,VIIRS_NOAA20_SP
29.7301,75.50147,334.53,0.38,0.36,2023-11-19,802,N20,VIIRS,n,2,298.4,2.76,D,0,VIIRS_NOAA20_SP
29.75021,75.56641,330.52,0.38,0.36,2023-11-19,802,N20,VIIRS,n,2,298.65,2.54,D,0,VIIRS_NOAA20_SP
29.75264,75.84982,335.68,0.38,0.36,2023-11-19,802,N20,VIIRS,n,2,298.95,3.55,D,0,VIIRS_NOAA20_SP
29.77898,75.75536,339.97,0.38,0.36,2023-11-19,802,N20,VIIRS,n,2,299.69,4.44,D,0,VIIRS_NOAA20_SP
29.78541,75.9326,330.65,0.38,0.36,2023-11-19,802,N20,VIIRS,n,2,297.93,2.08,D,0,VIIRS_NOAA20_SP
29.78581,74.96146,332.31,0.39,0.36,2023-11-19,802,N20,VIIRS,n,2,298.66,2.12,D,0,VIIRS_NOAA20_SP
29.78869,75.93195,331.72,0.38,0.36,2023-11-19,802,N20,VIIRS,n,2,297.93,4.88,D,0,VIIRS_NOAA20_SP
29.8006,75.96613,332.65,0.38,0.36,2023-11-19,802,N20,VIIRS,n,2,301.14,4.46,D,0,VIIRS_NOAA20_SP
29.80448,75.96944,333.03,0.38,0.36,2023-11-19,802,N20,VIIRS,n,2,296.21,4.46,D,0,VIIRS_NOAA20_SP
29.81277,75.8422,335.18,0.38,0.36,2023-11-19,802,N20,VIIRS,n,2,301.93,3.02,D,0,VIIRS_NOAA20_SP
29.81476,75.92299,332.64,0.38,0.36,2023-11-19,802,N20,VIIRS,n,2,301.42,2.9,D,0,VIIRS_NOAA20_SP
29.81816,75.83302,337.85,0.38,0.36,2023-11-19,802,N20,VIIRS,n,2,296.63,3.59,D,0,VIIRS_NOAA20_SP
29.82871,72.76572,330.88,0.44,0.38,2023-11-19,802,N20,VIIRS,n,2,296.2,2.66,D,0,VIIRS_NOAA20_SP
29.83078,75.98481,331.94,0.38,0.36,2023-11-19,802,N20,VIIRS,n,2,298.63,4.92,D,0,VIIRS_NOAA20_SP
29.83659,75.91056,337.88,0.38,0.36,2023-11-19,802,N20,VIIRS,n,2,302.56,2.52,D,0,VIIRS_NOAA20_SP
29.83882,75.72338,335.66,0.38,0.36,2023-11-19,802,N20,VIIRS,n,2,295.87,3.09,D,0,VIIRS_NOAA20_SP
29.84283,75.92963,334.37,0.38,0.36,2023-11-19,802,N20,VIIRS,n,2,301.82,2.04,D,0,VIIRS_NOAA20_SP
29.84665,76.09135,350.87,0.39,0.36,2023-11-19,802,N20,VIIRS,n,2,301.25,14.23,D,0,VIIRS_NOAA20_SP
29.84724,76.0953,345.6,0.39,0.36,2023-11-19,802,N20,VIIRS,n,2,308.87,40.04,D,0,VIIRS_NOAA20_SP
29.85265,76.08611,344.99,0.38,0.36,2023-11-19,802,N20,VIIRS,n,2,302.79,11.88,D,0,VIIRS_NOAA20_SP
29.85486,75.56185,333.83,0.38,0.36,2023-11-19,802,N20,VIIRS,n,2,300.66,4.25,D,0,VIIRS_NOAA20_SP
29.86365,77.76984,331.01,0.41,0.37,2023-11-19,802,N20,VIIRS,n,2,298.77,1.84,D,0,VIIRS_NOAA20_SP
29.86396,77.97878,338.81,0.42,0.37,2023-11-19,802,N20,VIIRS,n,2,299.14,4.07,D,0,VIIRS_NOAA20_SP
29.8646,75.96189,331.5,0.38,0.36,2023-11-19,802,N20,VIIRS,n,2,298.48,2.55,D,0,VIIRS_NOAA20_SP
29.86927,77.70836,331.45,0.41,0.37,2023-11-19,802,N20,VIIRS,n,2,298.05,2.3,D,0,VIIRS_NOAA20_SP
29.88086,76.57862,331.89,0.39,0.36,2023-11-19,802,N20,VIIRS,n,2,297.67,2.16,D,0,VIIRS_NOAA20_SP
29.88505,75.55636,345.56,0.38,0.36,2023-11-19,802,N20,VIIRS,n,2,301.43,6.62,D,0,VIIRS_NOAA20_SP
29.89032,78.01804,331.06,0.42,0.37,2023-11-19,802,N20,VIIRS,n,2,296.98,5.51,D,0,VIIRS_NOAA20_SP
29.91516,75.50964,333.88,0.38,0.36,2023-11-19,802,N20,VIIRS,n,2,304.0,11.99,D,0,VIIRS_NOAA20_SP
29.91576,75.5136,344.14,0.38,0.36,2023-11-19,802,N20,VIIRS,n,2,301.71,10.61,D,0,VIIRS_NOAA20_SP
29.91577,75.91929,332.96,0.38,0.36,2023-11-19,802,N20,VIIRS,n,2,300.87,2.65,D,0,VIIRS_NOAA20_SP
29.92136,75.97916,335.31,0.38,0.36,2023-11-19,802,N20,VIIRS,n,2,300.68,3.21,D,0,VIIRS_NOAA20_SP
29.92409,75.92638,330.86,0.38,0.36,2023-11-19,802,N20,VIIRS,n,2,300.42,3.94,D,0,VIIRS_NOAA20_SP
29.92468,75.93034,333.45,0.38,0.36,2023-11-19,802,N20,VIIRS,n,2,300.5,3.94,D,0,VIIRS_NOAA20_SP
29.92547,75.31228,339.14,0.38,0.36,2023-11-19,802,N20,VIIRS,n,2,298.9,3.89,D,0,VIIRS_NOAA20_SP
29.93558,75.82252,342.6,0.38,0.36,2023-11-19,802,N20,VIIRS,n,2,300.45,11.11,D,0,VIIRS_NOAA20_SP
29.93566,74.55573,341.61,0.39,0.36,2023-11-19,802,N20,VIIRS,n,2,305.88,19.87,D,0,VIIRS_NOAA20_SP
29.93676,74.64646,333.0,0.39,0.36,2023-11-19,802,N20,VIIRS,n,2,298.48,3.14,D,0,VIIRS_NOAA20_SP
29.94063,75.56549,334.57,0.38,0.36,2023-11-19,802,N20,VIIRS,n,2,298.99,2.4,D,0,VIIRS_NOAA20_SP
29.94523,74.76434,330.5,0.39,0.36,2023-11-19,802,N20,VIIRS,n,2,299.21,2.9,D,0,VIIRS_NOAA20_SP
29.94569,77.96443,332.17,0.42,0.37,2023-11-19,802,N20,VIIRS,n,2,297.62,2.75,D,0,VIIRS_NOAA20_SP
29.94789,74.46178,331.68,0.39,0.36,2023-11-19,802,N20,VIIRS,n,2,299.28,3.93,D,0,VIIRS_NOAA20_SP
29.95061,75.45369,335.07,0.38,0.36,2023-11-19,802,N20,VIIRS,n,2,301.29,7.18,D,0,VIIRS_NOAA20_SP
29.9508,76.17686,337.63,0.39,0.36,2023-11-19,802,N20,VIIRS,n,2,300.45,6.48,D,0,VIIRS_NOAA20_SP
29.9559,71.38975,333.39,0.49,0.4,2023-11-19,802,N20,VIIRS,n,2,297.8,11.73,D,0,VIIRS_NOAA20_SP
29.96041,75.65094,333.62,0.38,0.36,2023-11-19,802,N20,VIIRS,n,2,298.44,4.88,D,0,VIIRS_NOAA20_SP
29.9708,72.55466,328.89,0.44,0.38,2023-11-19,802,N20,VIIRS,n,2,297.11,2.63,D,0,VIIRS_NOAA20_SP
29.97098,76.17357,330.46,0.39,0.36,2023-11-19,802,N20,VIIRS,n,2,297.68,1.63,D,0,VIIRS_NOAA20_SP
29.97146,74.67228,339.62,0.39,0.36,2023-11-19,802,N20,VIIRS,n,2,298.63,4.74,D,0,VIIRS_NOAA20_SP
29.97205,75.79494,335.54,0.38,0.36,2023-11-19,802,N20,VIIRS,n,2,302.33,6.89,D,0,VIIRS_NOAA20_SP
29.97679,75.2695,333.96,0.38,0.36,2023-11-19,802,N20,VIIRS,n,2,297.9,4.5,D,0,VIIRS_NOAA20_SP
29.97836,76.20069,343.42,0.39,0.36,2023-11-19,802,N20,VIIRS,n,2,300.1,3.22,D,0,VIIRS_NOAA20_SP
29.97895,76.20466,333.37,0.39,0.36,2023-11-19,802,N20,VIIRS,n,2,297.33,3.22,D,0,VIIRS_NOAA20_SP
29.98431,75.6746,334.73,0.38,0.36,2023-11-19,802,N20,VIIRS,n,2,300.29,2.54,D,0,VIIRS_NOAA20_SP
29.98539,75.90614,338.28,0.38,0.36,2023-11-19,802,N20,VIIRS,n,2,299.44,2.66,D,0,VIIRS_NOAA20_SP
29.98876,74.75937,331.41,0.39,0.36,2023-11-19,802,N20,VIIRS,n,2,298.73,2.05,D,0,VIIRS_NOAA20_SP
29.99052,74.68478,342.14,0.39,0.36,2023-11-19,802,N20,VIIRS,n,2,298.9,3.35,D,0,VIIRS_NOAA20_SP
29.99387,75.53471,335.44,0.38,0.36,2023-11-19,802,N20,VIIRS,n,2,300.3,3.16,D,0,VIIRS_NOAA20_SP
29.99675,75.46498,333.31,0.38,0.36,2023-11-19,802,N20,VIIRS,n,2,301.32,4.89,D,0,VIIRS_NOAA20_SP
29.99716,75.53405,335.97,0.38,0.36,2023-11-19,802,N20,VIIRS,n,2,301.39,3.16,D,0,VIIRS_NOAA20_SP
30.00003,75.46432,332.89,0.38,0.36,2023-11-19,802,N20,VIIRS,n,2,300.22,4.89,D,0,VIIRS_NOAA20_SP
30.00204,75.69978,333.28,0.38,0.36,2023-11-19,802,N20,VIIRS,l,2,303.52,8.9,D,0,VIIRS_NOAA20_SP
30.00432,75.78445,332.8,0.38,0.36,2023-11-19,802,N20,VIIRS,n,2,298.9,2.29,D,0,VIIRS_NOAA20_SP
30.00461,75.05564,340.09,0.39,0.36,2023-11-19,802,N20,VIIRS,n,2,306.72,15.97,D,0,VIIRS_NOAA20_SP
30.00797,75.00993,333.7,0.39,0.36,2023-11-19,802,N20,VIIRS,n,2,302.9,6.37,D,0,VIIRS_NOAA20_SP
30.0095,74.58983,344.82,0.39,0.36,2023-11-19,802,N20,VIIRS,n,2,304.26,11.36,D,0,VIIRS_NOAA20_SP
30.02201,74.71117,333.72,0.39,0.36,2023-11-19,802,N20,VIIRS,n,2,301.54,5.59,D,0,VIIRS_NOAA20_SP
30.02282,75.0396,331.89,0.39,0.36,2023-11-19,802,N20,VIIRS,n,2,299.58,2.91,D,0,VIIRS_NOAA20_SP
30.03013,76.20694,332.32,0.39,0.36,2023-11-19,802,N20,VIIRS,n,2,300.27,4.98,D,0,VIIRS_NOAA20_SP
30.03522,75.18415,331.92,0.39,0.36,2023-11-19,802,N20,VIIRS,n,2,300.34,7.72,D,0,VIIRS_NOAA20_SP
30.03851,75.18348,342.91,0.39,0.36,2023-11-19,802,N20,VIIRS,n,2,302.83,7.72,D,0,VIIRS_NOAA20_SP
30.03951,75.08115,333.6,0.39,0.36,2023-11-19,802,N20,VIIRS,n,2,298.52,1.61,D,0,VIIRS_NOAA20_SP
30.03986,74.10321,332.45,0.4,0.37,2023-11-19,802,N20,VIIRS,n,2,299.54,4.95,D,0,VIIRS_NOAA20_SP
30.03994,74.48425,331.51,0.39,0.36,2023-11-19,802,N20,VIIRS,n,2,297.19,2.06,D,0,VIIRS_NOAA20_SP
30.04035,75.13,332.86,0.39,0.36,2023-11-19,802,N20,VIIRS,n,2,303.52,6.74,D,0,VIIRS_NOAA20_SP
30.04311,74.5251,338.25,0.39,0.36,2023-11-19,802,N20,VIIRS,n,2,298.73,2.56,D,0,VIIRS_NOAA20_SP
30.04557,76.01249,332.98,0.38,0.36,2023-11-19,802,N20,VIIRS,n,2,301.63,2.56,D,0,VIIRS_NOAA20_SP
30.05008,73.25597,331.25,0.42,0.37,2023-11-19,802,N20,VIIRS,n,2,296.91,2.42,D,0,VIIRS_NOAA20_SP
30.0555,74.72887,332.37,0.39,0.36,2023-11-19,802,N20,VIIRS,n,2,299.97,1.94,D,0,VIIRS_NOAA20_SP
30.05849,76.09964,333.24,0.39,0.36,2023-11-19,802,N20,VIIRS,n,2,300.67,14.75,D,0,VIIRS_NOAA20_SP
30.05885,75.11803,332.56,0.39,0.36,2023-11-19,802,N20,VIIRS,n,2,299.49,1.78,D,0,VIIRS_NOAA20_SP
30.06078,73.38073,333.32,0.41,0.37,2023-11-19,802,N20,VIIRS,n,2,295.22,2.5,D,0,VIIRS_NOAA20_SP
30.06106,73.38155,333.69,0.41,0.37,2023-11-19,802,N20,VIIRS,n,2,295.65,3.25,D,0,VIIRS_NOAA20_SP
30.06367,76.066,331.23,0.39,0.36,2023-11-19,802,N20,VIIRS,n,2,300.02,2.11,D,0,VIIRS_NOAA20_SP
30.06996,74.71385,339.41,0.39,0.36,2023-11-19,802,N20,VIIRS,n,2,301.34,5.94,D,0,VIIRS_NOAA20_SP
30.07035,75.14835,333.14,0.39,0.36,2023-11-19,802,N20,VIIRS,n,2,299.77,2.53,D,0,VIIRS_NOAA20_SP
30.07425,75.08624,339.02,0.39,0.36,2023-11-19,802,N20,VIIRS,n,2,305.31,14.57,D,0,VIIRS_NOAA20_SP
30.07524,75.46531,336.21,0.38,0.36,2023-11-19,802,N20,VIIRS,n,2,300.73,3.14,D,0,VIIRS_NOAA20_SP
30.07582,75.67281,330.39,0.38,0.36,2023-11-19,802,N20,VIIRS,n,2,298.17,2.6,D,0,VIIRS_NOAA20_SP
30.07655,74.58434,334.09,0.39,0.36,2023-11-19,802,N20,VIIRS,n,2,296.55,12.22,D,0,VIIRS_NOAA20_SP
30.07712,75.0611,345.92,0.39,0.36,2023-11-19,802,N20,VIIRS,n,2,310.02,29.74,D,0,VIIRS_NOAA20_SP
30.07852,75.46465,335.51,0.38,0.36,2023-11-19,802,N20,VIIRS,n,2,301.02,2.21,D,0,VIIRS_NOAA20_SP
30.07989,76.03835,339.87,0.39,0.36,2023-11-19,802,N20,VIIRS,n,2,300.75,3.11,D,0,VIIRS_NOAA20_SP
30.08556,75.89473,332.05,0.38,0.36,2023-11-19,802,N20,VIIRS,n,2,301.61,1.62,D,0,VIIRS_NOAA20_SP
30.08606,74.94456,339.44,0.39,0.36,2023-11-19,802,N20,VIIRS,n,2,301.54,6.24,D,0,VIIRS_NOAA20_SP
30.08781,75.17335,339.01,0.39,0.36,2023-11-19,802,N20,VIIRS,n,2,300.44,5.03,D,0,VIIRS_NOAA20_SP
30.09104,74.97632,345.95,0.39,0.36,2023-11-19,802,N20,VIIRS,n,2,302.79,10.15,D,0,VIIRS_NOAA20_SP
30.09354,77.31031,329.72,0.4,0.37,2023-11-19,802,N20,VIIRS,n,2,294.94,2.44,D,0,VIIRS_NOAA20_SP
30.09781,76.39027,332.35,0.39,0.36,2023-11-19,802,N20,VIIRS,n,2,300.4,3.17,D,0,VIIRS_NOAA20_SP
30.10216,74.46685,346.08,0.39,0.36,2023-11-19,802,N20,VIIRS,n,2,302.35,14.08,D,0,VIIRS_NOAA20_SP
30.10508,73.66727,337.62,0.41,0.37,2023-11-19,802,N20,VIIRS,n,2,297.2,3.74,D,0,VIIRS_NOAA20_SP
30.10664,75.25105,332.49,0.38,0.36,2023-11-19,802,N20,VIIRS,n,2,300.26,5.07,D,0,VIIRS_NOAA20_SP
30.10687,74.2663,333.43,0.39,0.37,2023-11-19,802,N20,VIIRS,n,2,297.54,3.45,D,0,VIIRS_NOAA20_SP
30.10713,74.77612,332.06,0.39,0.36,2023-11-19,802,N20,VIIRS,n,2,299.46,9.93,D,0,VIIRS_NOAA20_SP
30.10725,75.25501,338.0,0.38,0.36,2023-11-19,802,N20,VIIRS,n,2,300.2,5.12,D,0,VIIRS_NOAA20_SP
30.11043,74.77542,345.61,0.39,0.36,2023-11-19,802,N20,VIIRS,n,2,303.27,9.93,D,0,VIIRS_NOAA20_SP
30.11248,74.36045,333.97,0.39,0.36,2023-11-19,802,N20,VIIRS,n,2,295.94,1.51,D,0,VIIRS_NOAA20_SP
30.1126,75.24575,339.24,0.38,0.36,2023-11-19,802,N20,VIIRS,n,2,302.84,8.87,D,0,VIIRS_NOAA20_SP
30.11343,74.60137,331.68,0.39,0.36,2023-11-19,802,N20,VIIRS,n,2,297.3,2.09,D,0,VIIRS_NOAA20_SP
30.1144,75.47775,332.38,0.38,0.36,2023-11-19,802,N20,VIIRS,n,2,300.32,3.78,D,0,VIIRS_NOAA20_SP
30.11472,75.1719,332.35,0.39,0.36,2023-11-19,802,N20,VIIRS,n,2,299.91,5.04,D,0,VIIRS_NOAA20_SP
30.11512,74.65479,333.63,0.39,0.36,2023-11-19,802,N20,VIIRS,n,2,299.52,2.77,D,0,VIIRS_NOAA20_SP
30.11538,74.36066,333.19,0.39,0.36,2023-11-19,802,N20,VIIRS,n,2,298.28,3.97,D,0,VIIRS_NOAA20_SP
30.11842,74.6541,331.94,0.39,0.36,2023-11-19,802,N20,VIIRS,n,2,299.9,2.77,D,0,VIIRS_NOAA20_SP
30.12588,74.48675,332.29,0.39,0.36,2023-11-19,802,N20,VIIRS,n,2,298.63,1.28,D,0,VIIRS_NOAA20_SP
30.12769,74.64801,332.34,0.39,0.36,2023-11-19,802,N20,VIIRS,n,2,297.88,2.5,D,0,VIIRS_NOAA20_SP
30.13418,75.51855,333.33,0.38,0.36,2023-11-19,802,N20,VIIRS,n,2,301.16,4.49,D,0,VIIRS_NOAA20_SP
30.13453,75.27799,330.95,0.38,0.36,2023-11-19,802,N20,VIIRS,n,2,296.9,2.36,D,0,VIIRS_NOAA20_SP
30.14074,73.96785,334.07,0.4,0.37,2023-11-19,802,N20,VIIRS,n,2,296.48,3.59,D,0,VIIRS_NOAA20_SP
30.1508,74.83694,340.37,0.39,0.36,2023-11-19,802,N20,VIIRS,n,2,298.75,4.02,D,0,VIIRS_NOAA20_SP
30.15972,74.38039,341.22,0.39,0.36,2023-11-19,802,N20,VIIRS,n,2,301.56,5.33,D,0,VIIRS_NOAA20_SP
30.15995,75.59888,337.01,0.38,0.36,2023-11-19,802,N20,VIIRS,n,2,299.29,3.27,D,0,VIIRS_NOAA20_SP
30.16215,75.30121,330.8,0.38,0.36,2023-11-19,802,N20,VIIRS,n,2,296.51,1.53,D,0,VIIRS_NOAA20_SP
30.16289,75.10917,345.81,0.39,0.36,2023-11-19,802,N20,VIIRS,n,2,300.99,8.35,D,0,VIIRS_NOAA20_SP
30.16309,75.08868,333.77,0.39,0.36,2023-11-19,802,N20,VIIRS,n,2,305.81,9.9,D,0,VIIRS_NOAA20_SP
30.16991,71.97525,331.78,0.46,0.39,2023-11-19,802,N20,VIIRS,n,2,298.68,6.47,D,0,VIIRS_NOAA20_SP
30.17107,74.68504,331.18,0.39,0.36,2023-11-19,802,N20,VIIRS,n,2,298.12,1.83,D,0,VIIRS_NOAA20_SP
30.17245,75.54749,343.98,0.38,0.36,2023-11-19,802,N20,VIIRS,n,2,302.75,4.66,D,0,VIIRS_NOAA20_SP
30.17275,74.80354,335.85,0.39,0.36,2023-11-19,802,N20,VIIRS,n,2,303.35,14.79,D,0,VIIRS_NOAA20_SP
30.17605,74.80285,337.7,0.39,0.36,2023-11-19,802,N20,VIIRS,n,2,302.18,14.79,D,0,VIIRS_NOAA20_SP
30.17617,71.96883,342.12,0.46,0.39,2023-11-19,802,N20,VIIRS,n,2,296.73,5.68,D,0,VIIRS_NOAA20_SP
30.17628,74.69633,337.52,0.39,0.36,2023-11-19,802,N20,VIIRS,n,2,301.62,3.44,D,0,VIIRS_NOAA20_SP
30.17666,75.57515,341.97,0.38,0.36,2023-11-19,802,N20,VIIRS,n,2,300.01,24.29,D,0,VIIRS_NOAA20_SP
30.17693,75.55473,340.56,0.38,0.36,2023-11-19,802,N20,VIIRS,n,2,303.73,4.45,D,0,VIIRS_NOAA20_SP
30.17983,75.48488,337.23,0.38,0.36,2023-11-19,802,N20,VIIRS,n,2,298.9,3.32,D,0,VIIRS_NOAA20_SP
30.18016,75.50925,330.24,0.38,0.36,2023-11-19,802,N20,VIIRS,n,2,298.82,1.57,D,0,VIIRS_NOAA20_SP
30.18049,75.2444,334.43,0.38,0.36,2023-11-19,802,N20,VIIRS,n,2,299.2,2.07,D,0,VIIRS_NOAA20_SP
30.18143,75.56197,332.01,0.38,0.36,2023-11-19,802,N20,VIIRS,l,2,302.2,2.07,D,0,VIIRS_NOAA20_SP
30.18311,74.82606,332.22,0.39,0.36,2023-11-19,802,N20,VIIRS,n,2,299.53,1.6,D,0,VIIRS_NOAA20_SP
30.18477,75.65092,340.65,0.38,0.36,2023-11-19,802,N20,VIIRS,n,2,298.5,6.43,D,0,VIIRS_NOAA20_SP
30.19001,75.43828,331.64,0.38,0.36,2023-11-19,802,N20,VIIRS,n,2,298.35,4.03,D,0,VIIRS_NOAA20_SP
30.19092,77.25521,332.37,0.4,0.37,2023-11-19,802,N20,VIIRS,n,2,301.9,9.25,D,0,VIIRS_NOAA20_SP
30.19825,75.55887,340.67,0.38,0.36,2023-11-19,802,N20,VIIRS,n,2,300.07,2.84,D,0,VIIRS_NOAA20_SP
30.20053,70.71456,333.45,0.53,0.42,2023-11-19,802,N20,VIIRS,n,2,299.16,8.32,D,0,VIIRS_NOAA20_SP
30.20116,75.82693,335.07,0.38,0.36,2023-11-19,802,N20,VIIRS,n,2,303.88,14.04,D,0,VIIRS_NOAA20_SP
30.20373,74.27061,334.1,0.39,0.37,2023-11-19,802,N20,VIIRS,n,2,297.67,3.7,D,0,VIIRS_NOAA20_SP
30.20545,73.59378,328.07,0.41,0.37,2023-11-19,802,N20,VIIRS,n,2,294.7,1.55,D,0,VIIRS_NOAA20_SP
30.20672,73.59471,330.51,0.41,0.37,2023-11-19,802,N20,VIIRS,n,2,295.21,6.44,D,0,VIIRS_NOAA20_SP
30.20769,75.87049,334.97,0.38,0.36,2023-11-19,802,N20,VIIRS,n,2,298.4,3.51,D,0,VIIRS_NOAA20_SP
30.20865,75.36108,339.32,0.38,0.36,2023-11-19,802,N20,VIIRS,n,2,300.23,2.22,D,0,VIIRS_NOAA20_SP
30.2095,75.34459,330.64,0.38,0.36,2023-11-19,802,N20,VIIRS,l,2,300.82,2.77,D,0,VIIRS_NOAA20_SP
30.20987,75.369,343.19,0.38,0.36,2023-11-19,802,N20,VIIRS,n,2,302.75,10.12,D,0,VIIRS_NOAA20_SP
30.21134,75.51141,332.12,0.38,0.36,2023-11-19,802,N20,VIIRS,n,2,300.62,1.75,D,0,VIIRS_NOAA20_SP
30.21462,75.51075,340.85,0.38,0.36,2023-11-19,802,N20,VIIRS,n,2,301.76,5.48,D,0,VIIRS_NOAA20_SP
30.22656,75.50018,332.03,0.38,0.36,2023-11-19,802,N20,VIIRS,n,2,299.21,1.33,D,0,VIIRS_NOAA20_SP
30.22786,75.59773,330.96,0.38,0.36,2023-11-19,802,N20,VIIRS,n,2,298.25,2.81,D,0,VIIRS_NOAA20_SP
30.22884,74.0298,330.12,0.4,0.37,2023-11-19,802,N20,VIIRS,n,2,296.39,2.08,D,0,VIIRS_NOAA20_SP
30.22962,75.56477,335.67,0.38,0.36,2023-11-19,802,N20,VIIRS,n,2,299.85,3.97,D,0,VIIRS_NOAA20_SP
30.23279,76.38512,332.77,0.39,0.36,2023-11-19,802,N20,VIIRS,n,2,301.55,1.93,D,0,VIIRS_NOAA20_SP
30.23286,75.36431,333.87,0.38,0.36,2023-11-19,802,N20,VIIRS,n,2,301.44,2.45,D,0,VIIRS_NOAA20_SP
30.23452,75.22105,333.24,0.38,0.36,2023-11-19,802,N20,VIIRS,n,2,301.47,1.62,D,0,VIIRS_NOAA20_SP
30.23494,75.51071,333.45,0.38,0.36,2023-11-19,802,N20,VIIRS,n,2,301.31,1.95,D,0,VIIRS_NOAA20_SP
30.23781,75.22039,336.55,0.38,0.36,2023-11-19,802,N20,VIIRS,n,2,301.57,5.24,D,0,VIIRS_NOAA20_SP
30.2388,75.24879,336.53,0.38,0.36,2023-11-19,802,N20,VIIRS,n,2,302.57,5.94,D,0,VIIRS_NOAA20_SP
30.24135,75.4197,344.97,0.38,0.36,2023-11-19,802,N20,VIIRS,n,2,299.92,6.2,D,0,VIIRS_NOAA20_SP
30.24304,75.54169,332.61,0.38,0.36,2023-11-19,802,N20,VIIRS,n,2,297.08,1.58,D,0,VIIRS_NOAA20_SP
30.24685,74.0555,332.03,0.4,0.37,2023-11-19,802,N20,VIIRS,n,2,297.27,1.38,D,0,VIIRS_NOAA20_SP
30.24938,75.65046,331.48,0.38,0.36,2023-11-19,802,N20,VIIRS,n,2,298.37,2.19,D,0,VIIRS_NOAA20_SP
30.25018,74.05478,335.96,0.4,0.37,2023-11-19,802,N20,VIIRS,n,2,298.83,4.37,D,0,VIIRS_NOAA20_SP
30.25095,74.4613,335.42,0.39,0.36,2023-11-19,802,N20,VIIRS,n,2,300.84,3.71,D,0,VIIRS_NOAA20_SP
30.25558,76.9446,338.07,0.4,0.37,2023-11-19,802,N20,VIIRS,n,2,300.64,4.07,D,0,VIIRS_NOAA20_SP
30.26267,75.33782,332.85,0.38,0.36,2023-11-19,802,N20,VIIRS,n,2,300.18,4.18,D,0,VIIRS_NOAA20_SP
30.26424,74.43766,335.81,0.39,0.36,2023-11-19,802,N20,VIIRS,n,2,300.83,5.56,D,0,VIIRS_NOAA20_SP
30.26786,70.63797,331.08,0.53,0.42,2023-11-19,802,N20,VIIRS,n,2,295.69,7.27,D,0,VIIRS_NOAA20_SP
30.26901,75.11246,331.17,0.39,0.36,2023-11-19,802,N20,VIIRS,n,2,298.38,2.71,D,0,VIIRS_NOAA20_SP
30.27148,75.61749,345.45,0.38,0.36,2023-11-19,802,N20,VIIRS,n,2,299.76,3.06,D,0,VIIRS_NOAA20_SP
30.27263,74.85329,332.9,0.39,0.36,2023-11-19,802,N20,VIIRS,n,2,301.0,2.43,D,0,VIIRS_NOAA20_SP
30.27455,75.43743,340.37,0.38,0.36,2023-11-19,802,N20,VIIRS,n,2,301.85,5.67,D,0,VIIRS_NOAA20_SP
30.27671,74.62177,331.19,0.39,0.36,2023-11-19,802,N20,VIIRS,n,2,302.4,0.95,D,0,VIIRS_NOAA20_SP
30.27823,75.17184,333.43,0.38,0.36,2023-11-19,802,N20,VIIRS,n,2,300.18,2.49,D,0,VIIRS_NOAA20_SP
30.27921,74.85191,330.27,0.39,0.36,2023-11-19,802,N20,VIIRS,l,2,300.77,0.91,D,0,VIIRS_NOAA20_SP
30.2825,74.85123,331.09,0.39,0.36,2023-11-19,802,N20,VIIRS,n,2,299.33,1.85,D,0,VIIRS_NOAA20_SP
30.28642,73.98859,332.6,0.4,0.37,2023-11-19,802,N20,VIIRS,n,2,298.47,3.26,D,0,VIIRS_NOAA20_SP
30.28762,75.63463,345.89,0.38,0.36,2023-11-19,802,N20,VIIRS,n,2,302.82,6.19,D,0,VIIRS_NOAA20_SP
30.29324,75.5601,340.82,0.38,0.36,2023-11-19,802,N20,VIIRS,n,2,301.39,17.07,D,0,VIIRS_NOAA20_SP
30.29357,75.38115,336.94,0.38,0.36,2023-11-19,802,N20,VIIRS,n,2,302.5,24.96,D,0,VIIRS_NOAA20_SP
30.29539,76.09437,340.54,0.39,0.36,2023-11-19,802,N20,VIIRS,n,2,300.81,4.3,D,0,VIIRS_NOAA20_SP
30.2965,75.35606,330.65,0.38,0.36,2023-11-19,802,N20,VIIRS,n,2,298.07,3.43,D,0,VIIRS_NOAA20_SP
30.29771,74.75365,345.48,0.39,0.36,2023-11-19,802,N20,VIIRS,n,2,308.22,23.94,D,0,VIIRS_NOAA20_SP
30.29801,75.5469,330.37,0.38,0.36,2023-11-19,802,N20,VIIRS,n,2,296.37,3.3,D,0,VIIRS_NOAA20_SP
30.29871,71.87711,348.07,0.46,0.39,2023-11-19,802,N20,VIIRS,n,2,298.4,8.37,D,0,VIIRS_NOAA20_SP
30.29978,75.35539,330.97,0.38,0.36,2023-11-19,802,N20,VIIRS,n,2,296.99,1.1,D,0,VIIRS_NOAA20_SP
30.29986,74.04919,336.91,0.4,0.37,2023-11-19,802,N20,VIIRS,n,2,306.81,33.96,D,0,VIIRS_NOAA20_SP
30.30584,75.6432,334.71,0.38,0.36,2023-11-19,802,N20,VIIRS,n,2,301.65,4.78,D,0,VIIRS_NOAA20_SP
30.30722,74.07296,331.86,0.4,0.37,2023-11-19,802,N20,VIIRS,n,2,297.21,2.13,D,0,VIIRS_NOAA20_SP
30.30835,74.28625,334.39,0.39,0.36,2023-11-19,802,N20,VIIRS,n,2,299.58,3.18,D,0,VIIRS_NOAA20_SP
30.30949,75.41873,339.76,0.38,0.36,2023-11-19,802,N20,VIIRS,n,2,299.17,4.71,D,0,VIIRS_NOAA20_SP
30.31018,75.46756,333.26,0.38,0.36,2023-11-19,802,N20,VIIRS,n,2,299.78,3.03,D,0,VIIRS_NOAA20_SP
30.31032,75.60214,330.79,0.38,0.36,2023-11-19,802,N20,VIIRS,n,2,298.01,3.37,D,0,VIIRS_NOAA20_SP
30.31156,75.41014,330.35,0.38,0.36,2023-11-19,802,N20,VIIRS,n,2,299.62,1.9,D,0,VIIRS_NOAA20_SP
30.31708,75.49064,333.01,0.38,0.36,2023-11-19,802,N20,VIIRS,n,2,298.61,2.18,D,0,VIIRS_NOAA20_SP
30.31807,75.56387,331.48,0.38,0.36,2023-11-19,802,N20,VIIRS,n,2,298.32,3.64,D,0,VIIRS_NOAA20_SP
30.32075,75.55926,330.75,0.38,0.36,2023-11-19,802,N20,VIIRS,l,2,300.98,4.42,D,0,VIIRS_NOAA20_SP
30.32214,74.32931,333.54,0.39,0.36,2023-11-19,802,N20,VIIRS,n,2,297.76,3.88,D,0,VIIRS_NOAA20_SP
30.32833,75.43122,341.73,0.38,0.36,2023-11-19,802,N20,VIIRS,n,2,303.74,10.19,D,0,VIIRS_NOAA20_SP
30.33053,74.15225,335.83,0.4,0.37,2023-11-19,802,N20,VIIRS,n,2,298.75,2.93,D,0,VIIRS_NOAA20_SP
30.33248,74.03785,334.49,0.4,0.37,2023-11-19,802,N20,VIIRS,n,2,297.97,2.72,D,0,VIIRS_NOAA20_SP
30.33309,75.41801,334.27,0.38,0.36,2023-11-19,802,N20,VIIRS,n,2,300.49,5.2,D,0,VIIRS_NOAA20_SP
30.33536,74.49735,335.17,0.39,0.36,2023-11-19,802,N20,VIIRS,n,2,300.11,4.44,D,0,VIIRS_NOAA20_SP
30.33581,74.03712,343.21,0.4,0.37,2023-11-19,802,N20,VIIRS,n,2,300.29,6.96,D,0,VIIRS_NOAA20_SP
30.33867,74.49665,335.89,0.39,0.36,2023-11-19,802,N20,VIIRS,n,2,299.52,4.44,D,0,VIIRS_NOAA20_SP
30.34021,75.62061,332.5,0.38,0.36,2023-11-19,802,N20,VIIRS,n,2,300.75,4.73,D,0,VIIRS_NOAA20_SP
30.34033,73.9173,333.94,0.4,0.37,2023-11-19,802,N20,VIIRS,n,2,297.89,3.75,D,0,VIIRS_NOAA20_SP
30.34094,76.33576,333.72,0.39,0.36,2023-11-19,802,N20,VIIRS,n,2,296.91,2.62,D,0,VIIRS_NOAA20_SP
30.34182,75.45298,339.28,0.38,0.36,2023-11-19,802,N20,VIIRS,n,2,302.37,4.81,D,0,VIIRS_NOAA20_SP
30.343,74.31318,332.16,0.39,0.36,2023-11-19,802,N20,VIIRS,n,2,297.72,5.97,D,0,VIIRS_NOAA20_SP
30.34301,75.01962,333.19,0.39,0.36,2023-11-19,802,N20,VIIRS,n,2,301.57,5.16,D,0,VIIRS_NOAA20_SP
30.34424,76.33512,332.16,0.39,0.36,2023-11-19,802,N20,VIIRS,n,2,296.76,2.43,D,0,VIIRS_NOAA20_SP
30.34521,71.59213,332.08,0.48,0.4,2023-11-19,802,N20,VIIRS,n,2,296.21,2.94,D,0,VIIRS_NOAA20_SP
30.34559,74.5616,333.35,0.39,0.36,2023-11-19,802,N20,VIIRS,n,2,303.43,6.32,D,0,VIIRS_NOAA20_SP
30.34623,74.56561,331.32,0.39,0.36,2023-11-19,802,N20,VIIRS,n,2,300.91,4.78,D,0,VIIRS_NOAA20_SP
30.34631,74.31246,335.26,0.39,0.36,2023-11-19,802,N20,VIIRS,n,2,300.14,30.3,D,0,VIIRS_NOAA20_SP
30.34719,74.82977,333.1,0.39,0.36,2023-11-19,802,N20,VIIRS,n,2,302.03,1.87,D,0,VIIRS_NOAA20_SP
30.34931,74.71391,341.37,0.39,0.36,2023-11-19,802,N20,VIIRS,n,2,304.65,4.76,D,0,VIIRS_NOAA20_SP
30.35261,74.71321,334.55,0.39,0.36,2023-11-19,802,N20,VIIRS,n,2,299.74,4.76,D,0,VIIRS_NOAA20_SP
30.35298,73.88897,332.66,0.4,0.37,2023-11-19,802,N20,VIIRS,n,2,297.16,2.5,D,0,VIIRS_NOAA20_SP
30.35486,74.55547,332.83,0.39,0.36,2023-11-19,802,N20,VIIRS,n,2,302.36,4.56,D,0,VIIRS_NOAA20_SP
30.3559,75.4787,336.01,0.38,0.36,2023-11-19,802,N20,VIIRS,n,2,298.48,3.58,D,0,VIIRS_NOAA20_SP
30.35814,74.7698,331.4,0.39,0.36,2023-11-19,802,N20,VIIRS,n,2,306.2,10.88,D,0,VIIRS_NOAA20_SP
30.35877,74.77379,333.69,0.39,0.36,2023-11-19,802,N20,VIIRS,n,2,302.75,10.88,D,0,VIIRS_NOAA20_SP
30.36247,75.47737,337.0,0.38,0.36,2023-11-19,802,N20,VIIRS,n,2,300.42,3.26,D,0,VIIRS_NOAA20_SP
30.36334,75.46086,333.31,0.38,0.36,2023-11-19,802,N20,VIIRS,n,2,301.22,3.3,D,0,VIIRS_NOAA20_SP
30.36357,75.19548,333.21,0.38,0.36,2023-11-19,802,N20,VIIRS,n,2,300.24,2.7,D,0,VIIRS_NOAA20_SP
30.36367,73.89088,332.35,0.4,0.37,2023-11-19,802,N20,VIIRS,n,2,296.28,4.51,D,0,VIIRS_NOAA20_SP
30.36488,75.4932,332.63,0.38,0.36,2023-11-19,802,N20,VIIRS,n,2,300.85,11.99,D,0,VIIRS_NOAA20_SP
30.36501,73.89911,331.9,0.4,0.37,2023-11-19,802,N20,VIIRS,n,2,296.07,3.03,D,0,VIIRS_NOAA20_SP
30.36543,73.89043,332.3,0.4,0.37,2023-11-19,802,N20,VIIRS,n,2,295.65,4.58,D,0,VIIRS_NOAA20_SP
30.36637,74.4791,332.7,0.39,0.36,2023-11-19,802,N20,VIIRS,n,2,300.55,2.53,D,0,VIIRS_NOAA20_SP
30.36754,74.916,331.7,0.39,0.36,2023-11-19,802,N20,VIIRS,n,2,299.43,3.43,D,0,VIIRS_NOAA20_SP
30.36816,74.91998,333.13,0.39,0.36,2023-11-19,802,N20,VIIRS,n,2,301.78,3.43,D,0,VIIRS_NOAA20_SP
30.37098,75.04662,332.17,0.39,0.36,2023-11-19,802,N20,VIIRS,n,2,299.49,2.82,D,0,VIIRS_NOAA20_SP
30.37516,75.74012,336.85,0.38,0.36,2023-11-19,802,N20,VIIRS,n,2,303.39,8.94,D,0,VIIRS_NOAA20_SP
30.37627,75.99731,331.14,0.39,0.36,2023-11-19,802,N20,VIIRS,n,2,299.14,6.26,D,0,VIIRS_NOAA20_SP
30.37665,75.39281,332.86,0.38,0.36,2023-11-19,802,N20,VIIRS,n,2,300.16,1.93,D,0,VIIRS_NOAA20_SP
30.38209,74.51315,348.91,0.39,0.36,2023-11-19,802,N20,VIIRS,n,2,302.18,15.31,D,0,VIIRS_NOAA20_SP
30.38231,73.95055,344.84,0.4,0.37,2023-11-19,802,N20,VIIRS,n,2,297.48,11.81,D,0,VIIRS_NOAA20_SP
30.3826,75.58758,331.15,0.38,0.36,2023-11-19,802,N20,VIIRS,n,2,298.2,4.27,D,0,VIIRS_NOAA20_SP
30.38381,74.93314,334.88,0.39,0.36,2023-11-19,802,N20,VIIRS,n,2,306.34,21.88,D,0,VIIRS_NOAA20_SP
30.3844,75.59946,335.13,0.38,0.36,2023-11-19,802,N20,VIIRS,n,2,300.03,3.26,D,0,VIIRS_NOAA20_SP
30.38496,75.33418,332.66,0.38,0.36,2023-11-19,802,N20,VIIRS,n,2,300.9,2.2,D,0,VIIRS_NOAA20_SP
30.38533,75.67276,333.12,0.38,0.36,2023-11-19,802,N20,VIIRS,n,2,298.41,3.38,D,0,VIIRS_NOAA20_SP
30.386,75.92583,334.64,0.38,0.36,2023-11-19,802,N20,VIIRS,n,2,302.29,9.04,D,0,VIIRS_NOAA20_SP
30.38688,73.91553,332.68,0.4,0.37,2023-11-19,802,N20,VIIRS,n,2,299.03,5.86,D,0,VIIRS_NOAA20_SP
30.38761,75.02267,332.05,0.39,0.36,2023-11-19,802,N20,VIIRS,n,2,297.13,4.51,D,0,VIIRS_NOAA20_SP
30.38769,75.5988,336.67,0.38,0.36,2023-11-19,802,N20,VIIRS,n,2,300.09,3.26,D,0,VIIRS_NOAA20_SP
30.38779,74.76357,338.04,0.39,0.36,2023-11-19,802,N20,VIIRS,n,2,300.01,2.92,D,0,VIIRS_NOAA20_SP
30.38836,75.37844,336.1,0.38,0.36,2023-11-19,802,N20,VIIRS,l,2,308.75,47.03,D,0,VIIRS_NOAA20_SP
30.38983,74.84142,338.49,0.39,0.36,2023-11-19,802,N20,VIIRS,n,2,302.14,2.59,D,0,VIIRS_NOAA20_SP
30.39041,75.68399,333.96,0.38,0.36,2023-11-19,802,N20,VIIRS,n,2,299.72,3.98,D,0,VIIRS_NOAA20_SP
30.3907,75.04253,331.35,0.39,0.36,2023-11-19,802,N20,VIIRS,n,2,298.38,1.48,D,0,VIIRS_NOAA20_SP
30.39091,74.87,344.74,0.39,0.36,2023-11-19,802,N20,VIIRS,n,2,302.83,5.08,D,0,VIIRS_NOAA20_SP
30.39109,75.44298,333.72,0.38,0.36,2023-11-19,802,N20,VIIRS,n,2,302.14,4.59,D,0,VIIRS_NOAA20_SP
30.39151,75.02596,367.0,0.39,0.36,2023-11-19,802,N20,VIIRS,h,2,326.67,35.9,D,0,VIIRS_NOAA20_SP
30.3917,75.0054,337.38,0.39,0.36,2023-11-19,802,N20,VIIRS,n,2,299.18,4.49,D,0,VIIRS_NOAA20_SP
30.39213,75.02993,335.82,0.39,0.36,2023-11-19,802,N20,VIIRS,n,2,302.39,35.9,D,0,VIIRS_NOAA20_SP
30.39232,75.00938,332.37,0.39,0.36,2023-11-19,802,N20,VIIRS,n,2,298.84,3.88,D,0,VIIRS_NOAA20_SP
30.3931,75.67937,339.04,0.38,0.36,2023-11-19,802,N20,VIIRS,n,2,300.59,3.98,D,0,VIIRS_NOAA20_SP
30.39399,75.04185,343.38,0.39,0.36,2023-11-19,802,N20,VIIRS,n,2,299.77,4.31,D,0,VIIRS_NOAA20_SP
30.39418,75.0213,337.82,0.39,0.36,2023-11-19,802,N20,VIIRS,n,2,297.53,5.63,D,0,VIIRS_NOAA20_SP
30.3945,74.67622,334.52,0.39,0.36,2023-11-19,802,N20,VIIRS,n,2,303.01,11.67,D,0,VIIRS_NOAA20_SP
30.39542,75.02925,335.16,0.39,0.36,2023-11-19,802,N20,VIIRS,n,2,299.31,35.9,D,0,VIIRS_NOAA20_SP
30.39984,74.77417,332.69,0.39,0.36,2023-11-19,802,N20,VIIRS,n,2,301.35,3.7,D,0,VIIRS_NOAA20_SP
30.40027,74.15816,331.44,0.4,0.37,2023-11-19,802,N20,VIIRS,n,2,297.12,7.84,D,0,VIIRS_NOAA20_SP
30.40032,74.11602,329.58,0.4,0.37,2023-11-19,802,N20,VIIRS,n,2,296.99,1.64,D,0,VIIRS_NOAA20_SP
30.4011,74.78215,345.67,0.39,0.36,2023-11-19,802,N20,VIIRS,n,2,304.12,10.15,D,0,VIIRS_NOAA20_SP
30.40111,74.82671,343.1,0.39,0.36,2023-11-19,802,N20,VIIRS,n,2,303.29,4.19,D,0,VIIRS_NOAA20_SP
30.40113,74.97882,344.59,0.39,0.36,2023-11-19,802,N20,VIIRS,n,2,301.43,8.81,D,0,VIIRS_NOAA20_SP
30.40132,74.95824,335.45,0.39,0.36,2023-11-19,802,N20,VIIRS,n,2,302.22,5.72,D,0,VIIRS_NOAA20_SP
30.40155,75.19993,345.45,0.38,0.36,2023-11-19,802,N20,VIIRS,n,2,301.63,7.57,D,0,VIIRS_NOAA20_SP
30.40157,75.00335,332.19,0.39,0.36,2023-11-19,802,N20,VIIRS,n,2,294.91,2.31,D,0,VIIRS_NOAA20_SP
30.40313,74.77348,332.18,0.39,0.36,2023-11-19,802,N20,VIIRS,n,2,301.09,3.7,D,0,VIIRS_NOAA20_SP
30.40354,75.63644,334.69,0.38,0.36,2023-11-19,802,N20,VIIRS,n,2,299.63,5.15,D,0,VIIRS_NOAA20_SP
30.40401,75.2158,344.11,0.38,0.36,2023-11-19,802,N20,VIIRS,n,2,302.46,8.27,D,0,VIIRS_NOAA20_SP
30.40408,75.55059,349.51,0.38,0.36,2023-11-19,802,N20,VIIRS,n,2,297.9,9.16,D,0,VIIRS_NOAA20_SP
30.40647,74.9695,335.97,0.39,0.36,2023-11-19,802,N20,VIIRS,n,2,300.86,2.91,D,0,VIIRS_NOAA20_SP
30.40676,75.54597,345.47,0.38,0.36,2023-11-19,802,N20,VIIRS,n,2,293.74,9.16,D,0,VIIRS_NOAA20_SP
30.40684,75.25613,344.84,0.38,0.36,2023-11-19,802,N20,VIIRS,n,2,301.88,8.21,D,0,VIIRS_NOAA20_SP
30.40867,75.26801,332.62,0.38,0.36,2023-11-19,802,N20,VIIRS,n,2,300.46,2.44,D,0,VIIRS_NOAA20_SP
30.40975,75.83536,335.97,0.38,0.36,2023-11-19,802,N20,VIIRS,n,2,300.99,2.54,D,0,VIIRS_NOAA20_SP
30.41121,74.31105,333.64,0.39,0.36,2023-11-19,802,N20,VIIRS,n,2,299.03,4.01,D,0,VIIRS_NOAA20_SP
30.41387,75.43453,337.06,0.38,0.36,2023-11-19,802,N20,VIIRS,n,2,300.96,15.07,D,0,VIIRS_NOAA20_SP
30.41401,75.52435,336.45,0.38,0.36,2023-11-19,802,N20,VIIRS,n,2,298.68,21.76,D,0,VIIRS_NOAA20_SP
30.41517,74.31438,337.35,0.39,0.36,2023-11-19,802,N20,VIIRS,n,2,298.85,4.48,D,0,VIIRS_NOAA20_SP
30.41696,75.344,339.02,0.38,0.36,2023-11-19,802,N20,VIIRS,n,2,302.9,3.9,D,0,VIIRS_NOAA20_SP
30.41716,75.43386,336.45,0.38,0.36,2023-11-19,802,N20,VIIRS,n,2,298.08,15.07,D,0,VIIRS_NOAA20_SP
30.41937,75.24947,343.62,0.38,0.36,2023-11-19,802,N20,VIIRS,n,2,301.53,3.32,D,0,VIIRS_NOAA20_SP
30.42024,75.34333,350.66,0.38,0.36,2023-11-19,802,N20,VIIRS,n,2,310.42,31.58,D,0,VIIRS_NOAA20_SP
30.42062,74.45506,332.45,0.39,0.36,2023-11-19,802,N20,VIIRS,n,2,300.24,3.87,D,0,VIIRS_NOAA20_SP
30.42178,75.53094,333.66,0.38,0.36,2023-11-19,802,N20,VIIRS,n,2,307.8,16.35,D,0,VIIRS_NOAA20_SP
30.42242,75.37967,334.61,0.38,0.36,2023-11-19,802,N20,VIIRS,l,2,306.41,26.54,D,0,VIIRS_NOAA20_SP
30.42386,75.52235,335.47,0.38,0.36,2023-11-19,802,N20,VIIRS,n,2,298.73,2.99,D,0,VIIRS_NOAA20_SP
30.42396,75.93059,333.22,0.38,0.36,2023-11-19,802,N20,VIIRS,n,2,299.32,9.98,D,0,VIIRS_NOAA20_SP
30.42545,74.87177,347.89,0.39,0.36,2023-11-19,802,N20,VIIRS,n,2,306.65,23.44,D,0,VIIRS_NOAA20_SP
30.42636,73.9664,336.22,0.4,0.37,2023-11-19,802,N20,VIIRS,n,2,300.89,12.24,D,0,VIIRS_NOAA20_SP
30.42654,74.5991,332.94,0.39,0.36,2023-11-19,802,N20,VIIRS,n,2,299.26,2.41,D,0,VIIRS_NOAA20_SP
30.42656,75.67673,340.44,0.38,0.36,2023-11-19,802,N20,VIIRS,n,2,301.74,3.55,D,0,VIIRS_NOAA20_SP
30.4276,74.52007,336.27,0.39,0.36,2023-11-19,802,N20,VIIRS,n,2,299.06,2.38,D,0,VIIRS_NOAA20_SP
30.42784,74.12256,338.09,0.4,0.37,2023-11-19,802,N20,VIIRS,n,2,298.25,4.38,D,0,VIIRS_NOAA20_SP
30.42842,75.66438,335.22,0.38,0.36,2023-11-19,802,N20,VIIRS,n,2,301.33,5.48,D,0,VIIRS_NOAA20_SP
30.4285,74.12663,334.04,0.4,0.37,2023-11-19,802,N20,VIIRS,n,2,297.08,4.38,D,0,VIIRS_NOAA20_SP
30.42921,74.89566,344.98,0.39,0.36,2023-11-19,802,N20,VIIRS,n,2,302.44,5.18,D,0,VIIRS_NOAA20_SP
30.43108,74.30679,336.58,0.39,0.36,2023-11-19,802,N20,VIIRS,n,2,303.34,11.81,D,0,VIIRS_NOAA20_SP
30.43181,74.08373,329.23,0.4,0.37,2023-11-19,802,N20,VIIRS,n,2,297.42,4.28,D,0,VIIRS_NOAA20_SP
30.43247,74.08781,330.98,0.4,0.37,2023-11-19,802,N20,VIIRS,n,2,296.88,3.97,D,0,VIIRS_NOAA20_SP
30.43328,74.87835,330.51,0.39,0.36,2023-11-19,802,N20,VIIRS,n,2,300.63,2.29,D,0,VIIRS_NOAA20_SP
30.43369,73.96904,340.82,0.4,0.37,2023-11-19,802,N20,VIIRS,n,2,301.04,12.2,D,0,VIIRS_NOAA20_SP
30.44136,75.43711,337.37,0.38,0.36,2023-11-19,802,N20,VIIRS,n,2,301.26,5.76,D,0,VIIRS_NOAA20_SP
30.44542,74.99908,341.29,0.39,0.36,2023-11-19,802,N20,VIIRS,n,2,301.33,8.87,D,0,VIIRS_NOAA20_SP
30.4456,74.97852,340.51,0.39,0.36,2023-11-19,802,N20,VIIRS,n,2,299.36,2.74,D,0,VIIRS_NOAA20_SP
30.44703,74.24032,332.0,0.39,0.36,2023-11-19,802,N20,VIIRS,n,2,299.8,2.89,D,0,VIIRS_NOAA20_SP
30.44707,72.11311,330.57,0.45,0.39,2023-11-19,802,N20,VIIRS,n,2,295.66,3.14,D,0,VIIRS_NOAA20_SP
30.44801,74.84235,336.16,0.39,0.36,2023-11-19,802,N20,VIIRS,n,2,299.98,2.63,D,0,VIIRS_NOAA20_SP
30.44972,74.78843,330.92,0.39,0.36,2023-11-19,802,N20,VIIRS,l,2,301.8,3.02,D,0,VIIRS_NOAA20_SP
30.4502,74.81306,331.86,0.39,0.36,2023-11-19,802,N20,VIIRS,n,2,299.79,2.01,D,0,VIIRS_NOAA20_SP
30.45023,75.69678,346.68,0.38,0.36,2023-11-19,802,N20,VIIRS,n,2,302.85,5.49,D,0,VIIRS_NOAA20_SP
30.45035,74.79242,334.55,0.39,0.36,2023-11-19,802,N20,VIIRS,n,2,303.59,3.42,D,0,VIIRS_NOAA20_SP
30.45205,75.06332,331.96,0.39,0.36,2023-11-19,802,N20,VIIRS,n,2,299.61,4.51,D,0,VIIRS_NOAA20_SP
30.45635,74.57205,334.53,0.39,0.36,2023-11-19,802,N20,VIIRS,n,2,301.73,6.5,D,0,VIIRS_NOAA20_SP
30.4603,74.683,337.6,0.39,0.36,2023-11-19,802,N20,VIIRS,n,2,307.1,10.34,D,0,VIIRS_NOAA20_SP
30.46563,74.6736,333.37,0.39,0.36,2023-11-19,802,N20,VIIRS,n,2,301.73,2.04,D,0,VIIRS_NOAA20_SP
30.46568,73.97477,341.99,0.4,0.37,2023-11-19,802,N20,VIIRS,n,2,296.42,3.7,D,0,VIIRS_NOAA20_SP
30.46618,74.78497,335.63,0.39,0.36,2023-11-19,802,N20,VIIRS,n,2,300.44,3.17,D,0,VIIRS_NOAA20_SP
30.46776,74.8382,333.66,0.39,0.36,2023-11-19,802,N20,VIIRS,n,2,308.54,24.19,D,0,VIIRS_NOAA20_SP
30.46907,75.19493,335.11,0.38,0.36,2023-11-19,802,N20,VIIRS,n,2,298.53,2.15,D,0,VIIRS_NOAA20_SP
30.47019,74.68091,338.14,0.39,0.36,2023-11-19,802,N20,VIIRS,n,2,308.29,19.21,D,0,VIIRS_NOAA20_SP
30.47105,74.83752,336.87,0.39,0.36,2023-11-19,802,N20,VIIRS,n,2,301.55,6.34,D,0,VIIRS_NOAA20_SP
30.47192,71.99153,334.06,0.46,0.39,2023-11-19,802,N20,VIIRS,n,2,296.32,2.53,D,0,VIIRS_NOAA20_SP
30.473,75.42251,342.59,0.38,0.36,2023-11-19,802,N20,VIIRS,n,2,301.47,18.2,D,0,VIIRS_NOAA20_SP
30.47301,74.10431,336.0,0.4,0.37,2023-11-19,802,N20,VIIRS,n,2,301.98,16.17,D,0,VIIRS_NOAA20_SP
30.47375,74.63879,338.5,0.39,0.36,2023-11-19,802,N20,VIIRS,n,2,306.97,17.57,D,0,VIIRS_NOAA20_SP
30.47395,74.55563,332.19,0.39,0.36,2023-11-19,802,N20,VIIRS,n,2,300.26,2.78,D,0,VIIRS_NOAA20_SP
30.47602,75.44233,345.18,0.38,0.36,2023-11-19,802,N20,VIIRS,n,2,303.2,4.88,D,0,VIIRS_NOAA20_SP
30.47628,75.42184,337.5,0.38,0.36,2023-11-19,802,N20,VIIRS,n,2,305.64,18.2,D,0,VIIRS_NOAA20_SP
30.47641,74.63408,333.97,0.39,0.36,2023-11-19,802,N20,VIIRS,n,2,301.27,9.58,D,0,VIIRS_NOAA20_SP
30.47716,74.57568,332.32,0.39,0.36,2023-11-19,802,N20,VIIRS,n,2,299.96,2.19,D,0,VIIRS_NOAA20_SP
30.47763,74.15387,332.64,0.39,0.37,2023-11-19,802,N20,VIIRS,n,2,298.06,2.02,D,0,VIIRS_NOAA20_SP
30.47934,75.02074,332.19,0.39,0.36,2023-11-19,802,N20,VIIRS,n,2,300.37,2.0,D,0,VIIRS_NOAA20_SP
30.47935,74.86871,341.71,0.39,0.36,2023-11-19,802,N20,VIIRS,n,2,300.72,2.47,D,0,VIIRS_NOAA20_SP
30.48168,75.29875,337.03,0.38,0.36,2023-11-19,802,N20,VIIRS,n,2,301.06,6.86,D,0,VIIRS_NOAA20_SP
30.48227,74.16128,334.71,0.39,0.37,2023-11-19,802,N20,VIIRS,n,2,299.32,2.73,D,0,VIIRS_NOAA20_SP
30.48263,75.02006,330.02,0.39,0.36,2023-11-19,802,N20,VIIRS,l,2,301.33,2.0,D,0,VIIRS_NOAA20_SP
30.48919,74.3526,331.12,0.39,0.36,2023-11-19,802,N20,VIIRS,n,2,297.49,5.65,D,0,VIIRS_NOAA20_SP
30.48989,78.36523,332.32,0.43,0.38,2023-11-19,802,N20,VIIRS,n,2,298.8,4.18,D,0,VIIRS_NOAA20_SP
30.49157,74.15505,331.86,0.39,0.37,2023-11-19,802,N20,VIIRS,n,2,299.97,1.34,D,0,VIIRS_NOAA20_SP
30.49171,74.70942,332.67,0.39,0.36,2023-11-19,802,N20,VIIRS,n,2,301.7,3.34,D,0,VIIRS_NOAA20_SP
30.49237,74.80008,335.98,0.39,0.36,2023-11-19,802,N20,VIIRS,n,2,298.43,2.66,D,0,VIIRS_NOAA20_SP
30.49244,75.43899,338.1,0.38,0.36,2023-11-19,802,N20,VIIRS,n,2,300.41,2.18,D,0,VIIRS_NOAA20_SP
30.49357,75.40196,332.26,0.38,0.36,2023-11-19,802,N20,VIIRS,n,2,298.61,1.71,D,0,VIIRS_NOAA20_SP
30.49759,74.96359,331.32,0.39,0.36,2023-11-19,802,N20,VIIRS,n,2,300.91,3.28,D,0,VIIRS_NOAA20_SP
30.49807,74.23767,349.69,0.39,0.36,2023-11-19,802,N20,VIIRS,n,2,310.27,33.25,D,0,VIIRS_NOAA20_SP
30.49817,74.17465,332.29,0.39,0.37,2023-11-19,802,N20,VIIRS,n,2,298.2,13.87,D,0,VIIRS_NOAA20_SP
30.49897,74.05219,340.91,0.4,0.37,2023-11-19,802,N20,VIIRS,n,2,299.31,8.49,D,0,VIIRS_NOAA20_SP
30.5004,75.26627,332.1,0.38,0.36,2023-11-19,802,N20,VIIRS,n,2,300.41,2.49,D,0,VIIRS_NOAA20_SP
30.5008,74.1909,336.06,0.39,0.36,2023-11-19,802,N20,VIIRS,n,2,297.6,2.69,D,0,VIIRS_NOAA20_SP
30.50149,74.96689,340.36,0.39,0.36,2023-11-19,802,N20,VIIRS,n,2,300.7,3.28,D,0,VIIRS_NOAA20_SP
30.5016,74.08965,330.26,0.4,0.37,2023-11-19,802,N20,VIIRS,n,2,297.26,5.02,D,0,VIIRS_NOAA20_SP
30.50177,74.77335,333.09,0.39,0.36,2023-11-19,802,N20,VIIRS,n,2,301.49,5.72,D,0,VIIRS_NOAA20_SP
30.50212,74.19901,332.75,0.39,0.36,2023-11-19,802,N20,VIIRS,n,2,297.47,5.09,D,0,VIIRS_NOAA20_SP
30.50277,74.20308,334.54,0.39,0.36,2023-11-19,802,N20,VIIRS,n,2,299.35,5.09,D,0,VIIRS_NOAA20_SP
30.50284,74.16102,334.09,0.39,0.37,2023-11-19,802,N20,VIIRS,n,2,298.61,2.01,D,0,VIIRS_NOAA20_SP
30.50319,74.31197,340.96,0.39,0.36,2023-11-19,802,N20,VIIRS,n,2,303.4,14.95,D,0,VIIRS_NOAA20_SP
30.50353,75.44151,330.55,0.38,0.36,2023-11-19,802,N20,VIIRS,n,2,300.38,1.28,D,0,VIIRS_NOAA20_SP
30.50404,74.23219,333.01,0.39,0.36,2023-11-19,802,N20,VIIRS,n,2,298.13,6.41,D,0,VIIRS_NOAA20_SP
30.50444,74.76867,343.24,0.39,0.36,2023-11-19,802,N20,VIIRS,n,2,304.06,13.88,D,0,VIIRS_NOAA20_SP
30.50473,73.9884,331.79,0.4,0.37,2023-11-19,802,N20,VIIRS,n,2,296.7,4.25,D,0,VIIRS_NOAA20_SP
30.50492,74.08892,330.24,0.4,0.37,2023-11-19,802,N20,VIIRS,n,2,301.12,5.02,D,0,VIIRS_NOAA20_SP
30.50507,74.77266,334.33,0.39,0.36,2023-11-19,802,N20,VIIRS,n,2,303.76,5.72,D,0,VIIRS_NOAA20_SP
30.50543,74.1983,367.0,0.39,0.36,2023-11-19,802,N20,VIIRS,h,2,326.95,60.17,D,0,VIIRS_NOAA20_SP
30.50558,74.09299,331.45,0.4,0.37,2023-11-19,802,N20,VIIRS,n,2,295.59,5.02,D,0,VIIRS_NOAA20_SP
30.50569,74.77665,338.17,0.39,0.36,2023-11-19,802,N20,VIIRS,n,2,301.79,5.72,D,0,VIIRS_NOAA20_SP
30.50609,74.20236,342.1,0.39,0.36,2023-11-19,802,N20,VIIRS,n,2,303.3,60.17,D,0,VIIRS_NOAA20_SP
30.50674,74.20642,330.16,0.39,0.36,2023-11-19,802,N20,VIIRS,n,2,297.82,1.44,D,0,VIIRS_NOAA20_SP
30.50685,74.56937,332.69,0.39,0.36,2023-11-19,802,N20,VIIRS,n,2,302.0,3.84,D,0,VIIRS_NOAA20_SP
30.507,75.71402,336.0,0.38,0.36,2023-11-19,802,N20,VIIRS,n,2,298.18,5.88,D,0,VIIRS_NOAA20_SP
30.50758,74.78864,341.88,0.39,0.36,2023-11-19,802,N20,VIIRS,n,2,304.19,6.37,D,0,VIIRS_NOAA20_SP
30.50796,74.25651,331.42,0.39,0.36,2023-11-19,802,N20,VIIRS,n,2,296.96,6.46,D,0,VIIRS_NOAA20_SP
30.50817,75.76695,336.2,0.38,0.36,2023-11-19,802,N20,VIIRS,n,2,304.75,14.67,D,0,VIIRS_NOAA20_SP
30.50926,74.2646,331.86,0.39,0.36,2023-11-19,802,N20,VIIRS,n,2,298.38,6.69,D,0,VIIRS_NOAA20_SP
30.51057,74.27271,331.25,0.39,0.36,2023-11-19,802,N20,VIIRS,n,2,298.94,2.59,D,0,VIIRS_NOAA20_SP
30.51057,75.73784,331.91,0.38,0.36,2023-11-19,802,N20,VIIRS,n,2,296.06,5.23,D,0,VIIRS_NOAA20_SP
30.51117,75.74181,341.63,0.38,0.36,2023-11-19,802,N20,VIIRS,n,2,298.44,5.23,D,0,VIIRS_NOAA20_SP
30.51148,75.7213,333.37,0.38,0.36,2023-11-19,802,N20,VIIRS,n,2,295.9,2.58,D,0,VIIRS_NOAA20_SP
30.51155,74.1137,342.29,0.4,0.37,2023-11-19,802,N20,VIIRS,n,2,297.89,7.03,D,0,VIIRS_NOAA20_SP
30.51178,75.18614,331.64,0.38,0.36,2023-11-19,802,N20,VIIRS,n,2,300.27,2.94,D,0,VIIRS_NOAA20_SP
30.51456,74.72497,334.04,0.39,0.36,2023-11-19,802,N20,VIIRS,n,2,302.78,3.31,D,0,VIIRS_NOAA20_SP
30.51464,74.23409,337.7,0.39,0.36,2023-11-19,802,N20,VIIRS,n,2,298.65,2.64,D,0,VIIRS_NOAA20_SP
30.51486,74.11298,344.68,0.4,0.37,2023-11-19,802,N20,VIIRS,n,2,296.93,7.03,D,0,VIIRS_NOAA20_SP
30.51524,74.25912,333.49,0.39,0.36,2023-11-19,802,N20,VIIRS,n,2,298.01,2.39,D,0,VIIRS_NOAA20_SP
30.51648,75.34892,335.66,0.38,0.36,2023-11-19,802,N20,VIIRS,n,2,299.3,2.87,D,0,VIIRS_NOAA20_SP
30.51695,74.52573,341.92,0.39,0.36,2023-11-19,802,N20,VIIRS,n,2,304.76,12.98,D,0,VIIRS_NOAA20_SP
30.51715,75.73653,339.51,0.38,0.36,2023-11-19,802,N20,VIIRS,n,2,296.95,3.59,D,0,VIIRS_NOAA20_SP
30.51842,74.83551,341.77,0.39,0.36,2023-11-19,802,N20,VIIRS,n,2,308.72,10.36,D,0,VIIRS_NOAA20_SP
30.51925,75.68294,337.14,0.38,0.36,2023-11-19,802,N20,VIIRS,n,2,303.94,11.84,D,0,VIIRS_NOAA20_SP
30.52183,75.33963,333.89,0.38,0.36,2023-11-19,802,N20,VIIRS,n,2,302.13,5.69,D,0,VIIRS_NOAA20_SP
30.52281,74.07751,332.45,0.4,0.37,2023-11-19,802,N20,VIIRS,n,2,298.13,2.92,D,0,VIIRS_NOAA20_SP
30.52429,74.33669,331.96,0.39,0.36,2023-11-19,802,N20,VIIRS,n,2,296.87,2.18,D,0,VIIRS_NOAA20_SP
30.5247,75.20396,342.73,0.38,0.36,2023-11-19,802,N20,VIIRS,n,2,301.05,8.96,D,0,VIIRS_NOAA20_SP
30.52478,75.46991,331.88,0.38,0.36,2023-11-19,802,N20,VIIRS,n,2,299.41,2.72,D,0,VIIRS_NOAA20_SP
30.52492,75.18343,332.64,0.38,0.36,2023-11-19,802,N20,VIIRS,n,2,299.67,3.39,D,0,VIIRS_NOAA20_SP
30.52516,75.03175,334.26,0.39,0.36,2023-11-19,802,N20,VIIRS,n,2,301.28,2.2,D,0,VIIRS_NOAA20_SP
30.52613,74.07678,335.81,0.4,0.37,2023-11-19,802,N20,VIIRS,n,2,297.9,2.55,D,0,VIIRS_NOAA20_SP
30.52984,74.95275,343.22,0.39,0.36,2023-11-19,802,N20,VIIRS,n,2,303.55,5.04,D,0,VIIRS_NOAA20_SP
30.53049,75.1536,334.5,0.38,0.36,2023-11-19,802,N20,VIIRS,n,2,299.68,3.28,D,0,VIIRS_NOAA20_SP
30.53081,74.16846,343.55,0.39,0.37,2023-11-19,802,N20,VIIRS,n,2,301.47,16.7,D,0,VIIRS_NOAA20_SP
30.53088,75.59951,346.0,0.38,0.36,2023-11-19,802,N20,VIIRS,n,2,300.19,5.28,D,0,VIIRS_NOAA20_SP
30.53324,74.56375,341.2,0.39,0.36,2023-11-19,802,N20,VIIRS,n,2,303.94,10.25,D,0,VIIRS_NOAA20_SP
30.53413,74.16774,342.12,0.39,0.37,2023-11-19,802,N20,VIIRS,n,2,299.35,10.05,D,0,VIIRS_NOAA20_SP
30.53486,74.91849,331.35,0.39,0.36,2023-11-19,802,N20,VIIRS,n,2,297.54,15.51,D,0,VIIRS_NOAA20_SP
30.53654,74.56305,335.61,0.39,0.36,2023-11-19,802,N20,VIIRS,n,2,300.43,12.21,D,0,VIIRS_NOAA20_SP
30.53831,75.02901,333.05,0.39,0.36,2023-11-19,802,N20,VIIRS,n,2,300.7,2.54,D,0,VIIRS_NOAA20_SP
30.53893,75.033,334.33,0.39,0.36,2023-11-19,802,N20,VIIRS,n,2,300.68,2.54,D,0,VIIRS_NOAA20_SP
30.53921,74.55833,333.2,0.39,0.36,2023-11-19,802,N20,VIIRS,n,2,301.08,12.21,D,0,VIIRS_NOAA20_SP
30.53964,74.71142,342.43,0.39,0.36,2023-11-19,802,N20,VIIRS,n,2,302.29,3.76,D,0,VIIRS_NOAA20_SP
30.53975,75.0164,333.17,0.39,0.36,2023-11-19,802,N20,VIIRS,n,2,301.74,3.72,D,0,VIIRS_NOAA20_SP
30.54036,75.02038,332.69,0.39,0.36,2023-11-19,802,N20,VIIRS,n,2,299.49,4.17,D,0,VIIRS_NOAA20_SP
30.54104,74.69872,335.06,0.39,0.36,2023-11-19,802,N20,VIIRS,n,2,302.27,2.95,D,0,VIIRS_NOAA20_SP
30.54155,74.31625,345.86,0.39,0.36,2023-11-19,802,N20,VIIRS,n,2,299.35,5.55,D,0,VIIRS_NOAA20_SP
30.5416,75.02833,343.71,0.39,0.36,2023-11-19,802,N20,VIIRS,n,2,301.72,7.76,D,0,VIIRS_NOAA20_SP
30.54195,75.74384,339.0,0.38,0.36,2023-11-19,802,N20,VIIRS,n,2,301.08,4.36,D,0,VIIRS_NOAA20_SP
30.54206,74.21644,367.0,0.39,0.36,2023-11-19,802,N20,VIIRS,h,2,329.61,57.42,D,0,VIIRS_NOAA20_SP
30.54272,74.2205,333.9,0.39,0.36,2023-11-19,802,N20,VIIRS,n,2,298.5,57.42,D,0,VIIRS_NOAA20_SP
30.54342,74.14048,330.22,0.39,0.37,2023-11-19,802,N20,VIIRS,n,2,297.17,2.65,D,0,VIIRS_NOAA20_SP
30.54597,74.92439,332.5,0.39,0.36,2023-11-19,802,N20,VIIRS,n,2,301.12,3.54,D,0,VIIRS_NOAA20_SP
30.54641,75.79615,346.03,0.38,0.36,2023-11-19,802,N20,VIIRS,n,2,301.25,8.77,D,0,VIIRS_NOAA20_SP
30.54707,76.40011,332.64,0.39,0.36,2023-11-19,802,N20,VIIRS,n,2,301.52,3.25,D,0,VIIRS_NOAA20_SP
30.54824,74.59374,331.76,0.39,0.36,2023-11-19,802,N20,VIIRS,n,2,300.01,0.81,D,0,VIIRS_NOAA20_SP
30.54919,75.12103,338.52,0.38,0.36,2023-11-19,802,N20,VIIRS,n,2,299.94,6.04,D,0,VIIRS_NOAA20_SP
30.54933,74.24004,340.85,0.39,0.36,2023-11-19,802,N20,VIIRS,n,2,301.96,12.28,D,0,VIIRS_NOAA20_SP
30.55002,76.34993,331.73,0.39,0.36,2023-11-19,802,N20,VIIRS,n,2,301.64,4.34,D,0,VIIRS_NOAA20_SP
30.5506,76.35395,334.1,0.39,0.36,2023-11-19,802,N20,VIIRS,n,2,303.12,5.61,D,0,VIIRS_NOAA20_SP
30.55593,74.25957,338.69,0.39,0.36,2023-11-19,802,N20,VIIRS,n,2,299.0,15.44,D,0,VIIRS_NOAA20_SP
30.55601,74.17561,336.52,0.39,0.36,2023-11-19,802,N20,VIIRS,n,2,297.88,4.64,D,0,VIIRS_NOAA20_SP
30.55711,75.34879,345.97,0.38,0.36,2023-11-19,802,N20,VIIRS,n,2,303.0,9.3,D,0,VIIRS_NOAA20_SP
30.55924,74.25886,337.62,0.39,0.36,2023-11-19,802,N20,VIIRS,n,2,306.42,15.44,D,0,VIIRS_NOAA20_SP
30.55967,75.29916,332.6,0.38,0.36,2023-11-19,802,N20,VIIRS,n,2,300.93,2.97,D,0,VIIRS_NOAA20_SP
30.56113,74.52461,331.68,0.39,0.36,2023-11-19,802,N20,VIIRS,n,2,299.07,2.9,D,0,VIIRS_NOAA20_SP
30.56177,74.52863,346.3,0.39,0.36,2023-11-19,802,N20,VIIRS,n,2,301.69,8.98,D,0,VIIRS_NOAA20_SP
30.56453,75.3309,341.4,0.38,0.36,2023-11-19,802,N20,VIIRS,n,2,309.24,19.5,D,0,VIIRS_NOAA20_SP
30.56468,74.10214,334.26,0.4,0.37,2023-11-19,802,N20,VIIRS,n,2,298.33,6.89,D,0,VIIRS_NOAA20_SP
30.56641,75.16668,346.05,0.38,0.36,2023-11-19,802,N20,VIIRS,n,2,301.9,15.8,D,0,VIIRS_NOAA20_SP
30.56702,75.17065,333.65,0.38,0.36,2023-11-19,802,N20,VIIRS,n,2,301.1,10.09,D,0,VIIRS_NOAA20_SP
30.56732,74.1395,339.25,0.39,0.37,2023-11-19,802,N20,VIIRS,n,2,296.88,3.92,D,0,VIIRS_NOAA20_SP
30.56782,75.33023,338.49,0.38,0.36,2023-11-19,802,N20,VIIRS,n,2,302.65,8.92,D,0,VIIRS_NOAA20_SP
30.56792,74.20664,332.31,0.39,0.36,2023-11-19,802,N20,VIIRS,n,2,297.44,2.74,D,0,VIIRS_NOAA20_SP
30.57101,74.33166,335.58,0.39,0.36,2023-11-19,802,N20,VIIRS,n,2,299.98,8.36,D,0,VIIRS_NOAA20_SP
30.5722,75.2925,332.81,0.38,0.36,2023-11-19,802,N20,VIIRS,n,2,301.41,1.73,D,0,VIIRS_NOAA20_SP
30.57245,74.27695,331.37,0.39,0.36,2023-11-19,802,N20,VIIRS,n,2,298.23,3.62,D,0,VIIRS_NOAA20_SP
30.57323,74.19709,330.02,0.39,0.36,2023-11-19,802,N20,VIIRS,n,2,297.63,2.48,D,0,VIIRS_NOAA20_SP
30.57365,75.12385,335.94,0.38,0.36,2023-11-19,802,N20,VIIRS,n,2,298.48,3.94,D,0,VIIRS_NOAA20_SP
30.57447,75.10728,345.09,0.38,0.36,2023-11-19,802,N20,VIIRS,n,2,300.86,7.56,D,0,VIIRS_NOAA20_SP
30.5758,74.25528,344.85,0.39,0.36,2023-11-19,802,N20,VIIRS,n,2,299.46,12.38,D,0,VIIRS_NOAA20_SP
30.57655,74.19638,331.44,0.39,0.36,2023-11-19,802,N20,VIIRS,n,2,297.23,2.48,D,0,VIIRS_NOAA20_SP
30.57743,74.93016,346.44,0.39,0.36,2023-11-19,802,N20,VIIRS,n,2,303.62,7.85,D,0,VIIRS_NOAA20_SP
30.57796,74.78178,340.31,0.39,0.36,2023-11-19,802,N20,VIIRS,n,2,303.41,4.38,D,0,VIIRS_NOAA20_SP
30.57858,74.78577,332.6,0.39,0.36,2023-11-19,802,N20,VIIRS,n,2,301.16,4.38,D,0,VIIRS_NOAA20_SP
30.57903,74.89692,331.81,0.39,0.36,2023-11-19,802,N20,VIIRS,n,2,298.37,3.09,D,0,VIIRS_NOAA20_SP
30.57977,74.25861,331.97,0.39,0.36,2023-11-19,802,N20,VIIRS,n,2,297.7,5.99,D,0,VIIRS_NOAA20_SP
30.58181,75.31099,336.81,0.38,0.36,2023-11-19,802,N20,VIIRS,n,2,302.93,27.05,D,0,VIIRS_NOAA20_SP
30.58224,72.27837,330.39,0.44,0.39,2023-11-19,802,N20,VIIRS,n,2,297.04,5.07,D,0,VIIRS_NOAA20_SP
30.58228,75.67097,332.53,0.38,0.36,2023-11-19,802,N20,VIIRS,n,2,298.9,1.6,D,0,VIIRS_NOAA20_SP
30.58242,74.25385,332.92,0.39,0.36,2023-11-19,802,N20,VIIRS,n,2,299.18,5.91,D,0,VIIRS_NOAA20_SP
30.58242,75.22453,332.67,0.38,0.36,2023-11-19,802,N20,VIIRS,n,2,300.91,2.79,D,0,VIIRS_NOAA20_SP
30.58425,74.32881,336.83,0.39,0.36,2023-11-19,802,N20,VIIRS,n,2,306.59,22.81,D,0,VIIRS_NOAA20_SP
30.5849,74.33285,333.16,0.39,0.36,2023-11-19,802,N20,VIIRS,n,2,302.58,21.73,D,0,VIIRS_NOAA20_SP
30.58574,72.27755,330.63,0.44,0.39,2023-11-19,802,N20,VIIRS,n,2,294.63,5.07,D,0,VIIRS_NOAA20_SP
30.58584,74.19016,331.91,0.39,0.36,2023-11-19,802,N20,VIIRS,n,2,297.28,2.71,D,0,VIIRS_NOAA20_SP
30.58643,74.23621,340.85,0.39,0.36,2023-11-19,802,N20,VIIRS,n,2,302.36,12.01,D,0,VIIRS_NOAA20_SP
30.5869,74.32407,337.8,0.39,0.36,2023-11-19,802,N20,VIIRS,n,2,298.31,3.78,D,0,VIIRS_NOAA20_SP
30.58716,75.30171,341.09,0.38,0.36,2023-11-19,802,N20,VIIRS,n,2,300.66,4.7,D,0,VIIRS_NOAA20_SP
30.58861,75.0018,336.08,0.39,0.36,2023-11-19,802,N20,VIIRS,n,2,300.18,5.65,D,0,VIIRS_NOAA20_SP
30.58934,75.49361,332.56,0.38,0.36,2023-11-19,802,N20,VIIRS,n,2,301.61,1.67,D,0,VIIRS_NOAA20_SP
30.58961,74.29838,340.9,0.39,0.36,2023-11-19,802,N20,VIIRS,n,2,298.35,3.86,D,0,VIIRS_NOAA20_SP
30.59062,74.41092,345.78,0.39,0.36,2023-11-19,802,N20,VIIRS,n,2,298.81,14.09,D,0,VIIRS_NOAA20_SP
30.59142,74.73766,334.13,0.39,0.36,2023-11-19,802,N20,VIIRS,n,2,305.03,2.99,D,0,VIIRS_NOAA20_SP
30.59211,74.35637,333.08,0.39,0.36,2023-11-19,802,N20,VIIRS,n,2,301.11,9.04,D,0,VIIRS_NOAA20_SP
30.59283,74.72498,341.14,0.39,0.36,2023-11-19,802,N20,VIIRS,n,2,302.02,3.37,D,0,VIIRS_NOAA20_SP
30.59388,74.92673,339.62,0.39,0.36,2023-11-19,802,N20,VIIRS,n,2,303.3,9.5,D,0,VIIRS_NOAA20_SP
30.59423,75.66039,333.04,0.38,0.36,2023-11-19,802,N20,VIIRS,n,2,299.33,3.9,D,0,VIIRS_NOAA20_SP
30.59459,75.06207,333.88,0.39,0.36,2023-11-19,802,N20,VIIRS,n,2,300.86,4.2,D,0,VIIRS_NOAA20_SP
30.59542,74.35566,329.74,0.39,0.36,2023-11-19,802,N20,VIIRS,n,2,297.83,9.04,D,0,VIIRS_NOAA20_SP
30.59585,75.31188,346.36,0.38,0.36,2023-11-19,802,N20,VIIRS,n,2,303.27,13.05,D,0,VIIRS_NOAA20_SP
30.59852,75.30724,341.84,0.38,0.36,2023-11-19,802,N20,VIIRS,n,2,302.72,18.09,D,0,VIIRS_NOAA20_SP
30.60005,74.72758,332.29,0.39,0.36,2023-11-19,802,N20,VIIRS,n,2,299.75,1.6,D,0,VIIRS_NOAA20_SP
30.60181,75.30656,342.12,0.38,0.36,2023-11-19,802,N20,VIIRS,n,2,303.12,18.09,D,0,VIIRS_NOAA20_SP
30.60215,74.31241,335.05,0.39,0.36,2023-11-19,802,N20,VIIRS,n,2,299.97,8.32,D,0,VIIRS_NOAA20_SP
30.60232,74.46255,330.52,0.39,0.36,2023-11-19,802,N20,VIIRS,n,2,304.66,4.09,D,0,VIIRS_NOAA20_SP
30.60244,74.16553,331.92,0.39,0.36,2023-11-19,802,N20,VIIRS,n,2,297.37,2.42,D,0,VIIRS_NOAA20_SP
30.60297,74.46658,331.74,0.39,0.36,2023-11-19,802,N20,VIIRS,n,2,299.52,4.09,D,0,VIIRS_NOAA20_SP
30.60333,74.72688,333.63,0.39,0.36,2023-11-19,802,N20,VIIRS,n,2,302.22,2.45,D,0,VIIRS_NOAA20_SP
30.60896,74.71818,339.95,0.39,0.36,2023-11-19,802,N20,VIIRS,n,2,302.53,60.29,D,0,VIIRS_NOAA20_SP
30.60899,75.30919,344.66,0.38,0.36,2023-11-19,802,N20,VIIRS,n,2,302.77,7.94,D,0,VIIRS_NOAA20_SP
30.60982,74.10497,334.73,0.4,0.37,2023-11-19,802,N20,VIIRS,n,2,296.37,5.22,D,0,VIIRS_NOAA20_SP
30.61041,75.12035,351.49,0.38,0.36,2023-11-19,802,N20,VIIRS,n,2,304.03,16.8,D,0,VIIRS_NOAA20_SP
30.61086,75.50153,335.99,0.38,0.36,2023-11-19,802,N20,VIIRS,n,2,297.19,2.9,D,0,VIIRS_NOAA20_SP
30.61102,75.12433,350.63,0.38,0.36,2023-11-19,802,N20,VIIRS,n,2,304.25,16.8,D,0,VIIRS_NOAA20_SP
30.61164,75.1283,333.6,0.38,0.36,2023-11-19,802,N20,VIIRS,n,2,296.4,5.62,D,0,VIIRS_NOAA20_SP
30.61172,71.70792,343.89,0.47,0.4,2023-11-19,802,N20,VIIRS,n,2,297.84,5.8,D,0,VIIRS_NOAA20_SP
30.61308,75.05002,333.63,0.39,0.36,2023-11-19,802,N20,VIIRS,n,2,299.39,3.6,D,0,VIIRS_NOAA20_SP
30.61314,74.10425,344.27,0.4,0.37,2023-11-19,802,N20,VIIRS,n,2,300.99,17.39,D,0,VIIRS_NOAA20_SP
30.61405,75.20982,332.93,0.38,0.36,2023-11-19,802,N20,VIIRS,n,2,301.69,1.33,D,0,VIIRS_NOAA20_SP
30.61443,74.13347,339.74,0.39,0.37,2023-11-19,802,N20,VIIRS,n,2,296.12,4.16,D,0,VIIRS_NOAA20_SP
30.61616,75.06991,336.38,0.38,0.36,2023-11-19,802,N20,VIIRS,n,2,299.59,1.75,D,0,VIIRS_NOAA20_SP
30.61653,74.96311,330.8,0.39,0.36,2023-11-19,802,N20,VIIRS,n,2,299.88,1.89,D,0,VIIRS_NOAA20_SP
30.61733,74.32169,330.76,0.39,0.36,2023-11-19,802,N20,VIIRS,n,2,295.06,36.64,D,0,VIIRS_NOAA20_SP
30.6188,74.26694,335.35,0.39,0.36,2023-11-19,802,N20,VIIRS,n,2,297.32,4.62,D,0,VIIRS_NOAA20_SP
30.61972,74.6787,341.56,0.39,0.36,2023-11-19,802,N20,VIIRS,n,2,299.76,3.11,D,0,VIIRS_NOAA20_SP
30.62122,74.34592,337.85,0.39,0.36,2023-11-19,802,N20,VIIRS,n,2,299.34,6.25,D,0,VIIRS_NOAA20_SP
30.62321,75.74056,332.63,0.38,0.36,2023-11-19,802,N20,VIIRS,n,2,296.82,2.15,D,0,VIIRS_NOAA20_SP
30.62391,75.20779,333.29,0.38,0.36,2023-11-19,802,N20,VIIRS,n,2,301.82,3.98,D,0,VIIRS_NOAA20_SP
30.62429,75.49846,348.78,0.38,0.36,2023-11-19,802,N20,VIIRS,n,2,301.14,12.8,D,0,VIIRS_NOAA20_SP
30.62441,75.65842,340.53,0.38,0.36,2023-11-19,802,N20,VIIRS,n,2,302.78,5.73,D,0,VIIRS_NOAA20_SP
30.62471,73.94996,328.85,0.4,0.37,2023-11-19,802,N20,VIIRS,n,2,295.48,1.7,D,0,VIIRS_NOAA20_SP
30.62613,71.68435,332.7,0.47,0.4,2023-11-19,802,N20,VIIRS,n,2,296.03,3.4,D,0,VIIRS_NOAA20_SP
30.6277,75.65775,334.47,0.38,0.36,2023-11-19,802,N20,VIIRS,n,2,301.31,5.73,D,0,VIIRS_NOAA20_SP
30.6308,71.64802,331.73,0.47,0.4,2023-11-19,802,N20,VIIRS,n,2,297.25,11.48,D,0,VIIRS_NOAA20_SP
30.6311,74.94774,332.48,0.39,0.36,2023-11-19,802,N20,VIIRS,n,2,300.18,6.84,D,0,VIIRS_NOAA20_SP
30.6312,71.64503,335.43,0.47,0.4,2023-11-19,802,N20,VIIRS,n,2,299.86,12.2,D,0,VIIRS_NOAA20_SP
30.63329,72.5063,331.84,0.44,0.38,2023-11-19,802,N20,VIIRS,n,2,295.2,2.92,D,0,VIIRS_NOAA20_SP
30.63517,74.32621,344.26,0.39,0.36,2023-11-19,802,N20,VIIRS,n,2,303.4,12.45,D,0,VIIRS_NOAA20_SP
30.63539,74.88583,336.23,0.39,0.36,2023-11-19,802,N20,VIIRS,n,2,300.02,3.13,D,0,VIIRS_NOAA20_SP
30.63544,76.47006,333.53,0.39,0.36,2023-11-19,802,N20,VIIRS,n,2,300.02,2.09,D,0,VIIRS_NOAA20_SP
30.63582,74.33025,332.27,0.39,0.36,2023-11-19,802,N20,VIIRS,n,2,306.06,13.73,D,0,VIIRS_NOAA20_SP
30.63781,75.36472,340.41,0.38,0.36,2023-11-19,802,N20,VIIRS,n,2,299.66,3.36,D,0,VIIRS_NOAA20_SP
30.63848,74.3255,331.51,0.39,0.36,2023-11-19,802,N20,VIIRS,n,2,298.37,12.45,D,0,VIIRS_NOAA20_SP
30.63866,75.34816,335.72,0.38,0.36,2023-11-19,802,N20,VIIRS,n,2,302.54,8.0,D,0,VIIRS_NOAA20_SP
30.63876,75.66372,341.6,0.38,0.36,2023-11-19,802,N20,VIIRS,n,2,300.52,3.8,D,0,VIIRS_NOAA20_SP
30.63881,72.26694,330.65,0.44,0.39,2023-11-19,802,N20,VIIRS,n,2,295.61,2.26,D,0,VIIRS_NOAA20_SP
30.63896,75.08571,340.56,0.38,0.36,2023-11-19,802,N20,VIIRS,n,2,299.33,4.12,D,0,VIIRS_NOAA20_SP
30.63913,74.32954,332.0,0.39,0.36,2023-11-19,802,N20,VIIRS,n,2,296.35,13.73,D,0,VIIRS_NOAA20_SP
30.63936,74.69523,332.94,0.39,0.36,2023-11-19,802,N20,VIIRS,n,2,300.42,2.17,D,0,VIIRS_NOAA20_SP
30.63949,75.22099,334.22,0.38,0.36,2023-11-19,802,N20,VIIRS,n,2,300.57,1.76,D,0,VIIRS_NOAA20_SP
30.63949,76.3582,332.39,0.39,0.36,2023-11-19,802,N20,VIIRS,n,2,300.43,2.69,D,0,VIIRS_NOAA20_SP
30.64101,74.92171,333.37,0.39,0.36,2023-11-19,802,N20,VIIRS,n,2,301.21,3.96,D,0,VIIRS_NOAA20_SP
30.64109,75.36404,342.38,0.38,0.36,2023-11-19,802,N20,VIIRS,n,2,300.21,10.13,D,0,VIIRS_NOAA20_SP
30.64122,74.47088,336.43,0.39,0.36,2023-11-19,802,N20,VIIRS,n,2,301.27,4.82,D,0,VIIRS_NOAA20_SP
30.64155,75.21236,338.8,0.38,0.36,2023-11-19,802,N20,VIIRS,n,2,304.2,18.13,D,0,VIIRS_NOAA20_SP
30.64226,74.92967,348.34,0.39,0.36,2023-11-19,802,N20,VIIRS,n,2,303.7,12.57,D,0,VIIRS_NOAA20_SP
30.64307,75.06843,330.18,0.38,0.36,2023-11-19,802,N20,VIIRS,n,2,298.39,2.42,D,0,VIIRS_NOAA20_SP
30.64345,74.21178,333.39,0.39,0.36,2023-11-19,802,N20,VIIRS,n,2,297.01,4.93,D,0,VIIRS_NOAA20_SP
30.64588,74.88775,331.49,0.39,0.36,2023-11-19,802,N20,VIIRS,n,2,299.76,1.95,D,0,VIIRS_NOAA20_SP
30.64942,75.5302,332.27,0.38,0.36,2023-11-19,802,N20,VIIRS,n,2,305.83,22.09,D,0,VIIRS_NOAA20_SP
30.64947,75.62025,333.01,0.38,0.36,2023-11-19,802,N20,VIIRS,n,2,298.02,2.79,D,0,VIIRS_NOAA20_SP
30.64973,75.35409,334.22,0.38,0.36,2023-11-19,802,N20,VIIRS,n,2,299.9,3.71,D,0,VIIRS_NOAA20_SP
30.65221,74.99338,338.48,0.39,0.36,2023-11-19,802,N20,VIIRS,n,2,298.99,2.82,D,0,VIIRS_NOAA20_SP
30.65271,75.52953,335.19,0.38,0.36,2023-11-19,802,N20,VIIRS,n,2,298.82,2.94,D,0,VIIRS_NOAA20_SP
30.65294,74.50165,335.81,0.39,0.36,2023-11-19,802,N20,VIIRS,n,2,304.66,9.67,D,0,VIIRS_NOAA20_SP
30.65458,71.9254,330.74,0.46,0.39,2023-11-19,802,N20,VIIRS,n,2,296.1,2.72,D,0,VIIRS_NOAA20_SP
30.65619,75.1314,331.75,0.38,0.36,2023-11-19,802,N20,VIIRS,n,2,301.88,6.38,D,0,VIIRS_NOAA20_SP
30.65807,75.52026,333.34,0.38,0.36,2023-11-19,802,N20,VIIRS,n,2,302.62,2.44,D,0,VIIRS_NOAA20_SP
30.65948,75.13071,335.11,0.38,0.36,2023-11-19,802,N20,VIIRS,n,2,299.52,6.27,D,0,VIIRS_NOAA20_SP
30.66065,75.20432,332.16,0.38,0.36,2023-11-19,802,N20,VIIRS,n,2,298.29,2.95,D,0,VIIRS_NOAA20_SP
30.66277,72.71657,334.37,0.43,0.38,2023-11-19,802,N20,VIIRS,n,2,295.18,3.52,D,0,VIIRS_NOAA20_SP
30.66367,75.92098,331.19,0.39,0.36,2023-11-19,802,N20,VIIRS,n,2,297.27,2.69,D,0,VIIRS_NOAA20_SP
30.66431,74.70236,336.78,0.39,0.36,2023-11-19,802,N20,VIIRS,n,2,302.25,6.18,D,0,VIIRS_NOAA20_SP
30.66436,75.76475,337.28,0.38,0.36,2023-11-19,802,N20,VIIRS,n,2,295.92,2.4,D,0,VIIRS_NOAA20_SP
30.66722,75.00259,344.01,0.39,0.36,2023-11-19,802,N20,VIIRS,n,2,303.38,7.81,D,0,VIIRS_NOAA20_SP
30.66733,72.28391,333.4,0.44,0.39,2023-11-19,802,N20,VIIRS,n,2,296.7,3.11,D,0,VIIRS_NOAA20_SP
30.66784,75.00657,331.15,0.39,0.36,2023-11-19,802,N20,VIIRS,n,2,298.3,7.81,D,0,VIIRS_NOAA20_SP
30.66893,71.9023,343.08,0.46,0.39,2023-11-19,802,N20,VIIRS,n,2,296.82,6.43,D,0,VIIRS_NOAA20_SP
30.67048,74.29395,331.53,0.39,0.36,2023-11-19,802,N20,VIIRS,n,2,297.83,2.3,D,0,VIIRS_NOAA20_SP
30.67164,72.28764,335.62,0.44,0.39,2023-11-19,802,N20,VIIRS,n,2,295.09,2.62,D,0,VIIRS_NOAA20_SP
30.67451,74.91882,331.1,0.39,0.36,2023-11-19,802,N20,VIIRS,n,2,301.67,1.17,D,0,VIIRS_NOAA20_SP
30.67535,74.02786,329.48,0.4,0.37,2023-11-19,802,N20,VIIRS,n,2,294.76,2.15,D,0,VIIRS_NOAA20_SP
30.67783,74.25468,331.23,0.39,0.36,2023-11-19,802,N20,VIIRS,n,2,297.29,6.84,D,0,VIIRS_NOAA20_SP
30.67806,74.96332,333.84,0.39,0.36,2023-11-19,802,N20,VIIRS,n,2,299.78,1.95,D,0,VIIRS_NOAA20_SP
30.67825,74.94272,332.65,0.39,0.36,2023-11-19,802,N20,VIIRS,l,2,303.57,16.97,D,0,VIIRS_NOAA20_SP
30.67961,74.35052,331.22,0.39,0.36,2023-11-19,802,N20,VIIRS,n,2,296.58,22.45,D,0,VIIRS_NOAA20_SP
30.67976,75.86819,331.39,0.39,0.36,2023-11-19,802,N20,VIIRS,n,2,298.38,1.6,D,0,VIIRS_NOAA20_SP
30.68091,74.35859,342.58,0.39,0.36,2023-11-19,802,N20,VIIRS,n,2,299.89,8.25,D,0,VIIRS_NOAA20_SP
30.68266,72.37008,331.68,0.44,0.38,2023-11-19,802,N20,VIIRS,n,2,294.9,3.55,D,0,VIIRS_NOAA20_SP
30.68768,74.29443,341.5,0.39,0.36,2023-11-19,802,N20,VIIRS,n,2,299.78,10.68,D,0,VIIRS_NOAA20_SP
30.68791,74.44467,345.02,0.39,0.36,2023-11-19,802,N20,VIIRS,n,2,308.3,13.88,D,0,VIIRS_NOAA20_SP
30.68793,74.96127,344.73,0.39,0.36,2023-11-19,802,N20,VIIRS,n,2,311.67,40.1,D,0,VIIRS_NOAA20_SP
30.68911,71.89933,327.9,0.46,0.39,2023-11-19,802,N20,VIIRS,n,2,294.88,2.72,D,0,VIIRS_NOAA20_SP
30.6917,74.48962,331.95,0.39,0.36,2023-11-19,802,N20,VIIRS,l,2,302.13,2.9,D,0,VIIRS_NOAA20_SP
30.69227,74.98915,334.12,0.39,0.36,2023-11-19,802,N20,VIIRS,n,2,299.33,8.6,D,0,VIIRS_NOAA20_SP
30.69263,74.94794,336.45,0.39,0.36,2023-11-19,802,N20,VIIRS,n,2,300.01,2.19,D,0,VIIRS_NOAA20_SP
30.69424,74.91469,338.96,0.39,0.36,2023-11-19,802,N20,VIIRS,n,2,301.88,3.22,D,0,VIIRS_NOAA20_SP
30.69538,71.70964,331.47,0.47,0.39,2023-11-19,802,N20,VIIRS,n,2,297.46,4.25,D,0,VIIRS_NOAA20_SP
30.69608,74.36786,332.43,0.39,0.36,2023-11-19,802,N20,VIIRS,n,2,299.39,1.81,D,0,VIIRS_NOAA20_SP
30.69701,75.0415,337.48,0.38,0.36,2023-11-19,802,N20,VIIRS,n,2,302.64,17.43,D,0,VIIRS_NOAA20_SP
30.69753,74.91401,344.24,0.39,0.36,2023-11-19,802,N20,VIIRS,n,2,299.96,3.22,D,0,VIIRS_NOAA20_SP
30.6999,75.08198,342.33,0.38,0.36,2023-11-19,802,N20,VIIRS,n,2,299.97,4.98,D,0,VIIRS_NOAA20_SP
30.70126,74.93792,341.38,0.39,0.36,2023-11-19,802,N20,VIIRS,n,2,302.88,13.86,D,0,VIIRS_NOAA20_SP
30.70388,75.2617,340.73,0.38,0.36,2023-11-19,802,N20,VIIRS,n,2,299.51,3.1,D,0,VIIRS_NOAA20_SP
30.70523,75.07265,330.42,0.38,0.36,2023-11-19,802,N20,VIIRS,n,2,299.1,3.02,D,0,VIIRS_NOAA20_SP
30.70585,75.07664,330.66,0.38,0.36,2023-11-19,802,N20,VIIRS,n,2,297.31,2.21,D,0,VIIRS_NOAA20_SP
30.7079,74.85004,339.54,0.39,0.36,2023-11-19,802,N20,VIIRS,n,2,302.39,2.92,D,0,VIIRS_NOAA20_SP
30.7118,75.137,341.76,0.38,0.36,2023-11-19,802,N20,VIIRS,n,2,304.03,11.94,D,0,VIIRS_NOAA20_SP
30.71406,75.1078,333.52,0.38,0.36,2023-11-19,802,N20,VIIRS,n,2,300.48,2.15,D,0,VIIRS_NOAA20_SP
30.71427,75.08721,334.52,0.38,0.36,2023-11-19,802,N20,VIIRS,n,2,300.8,15.77,D,0,VIIRS_NOAA20_SP
30.71519,75.24707,336.76,0.38,0.36,2023-11-19,802,N20,VIIRS,n,2,298.75,4.49,D,0,VIIRS_NOAA20_SP
30.71555,74.25489,338.06,0.39,0.36,2023-11-19,802,N20,VIIRS,n,2,302.39,19.1,D,0,VIIRS_NOAA20_SP
30.71573,74.85664,331.44,0.39,0.36,2023-11-19,802,N20,VIIRS,n,2,301.65,2.03,D,0,VIIRS_NOAA20_SP
30.71645,74.92651,338.02,0.39,0.36,2023-11-19,802,N20,VIIRS,n,2,298.67,2.23,D,0,VIIRS_NOAA20_SP
30.71756,75.08654,336.05,0.38,0.36,2023-11-19,802,N20,VIIRS,n,2,304.69,15.77,D,0,VIIRS_NOAA20_SP
30.7176,75.668,334.71,0.38,0.36,2023-11-19,802,N20,VIIRS,n,2,300.55,5.31,D,0,VIIRS_NOAA20_SP
30.71839,75.99194,335.85,0.39,0.36,2023-11-19,802,N20,VIIRS,n,2,300.91,2.43,D,0,VIIRS_NOAA20_SP
30.7187,75.22584,331.49,0.38,0.36,2023-11-19,802,N20,VIIRS,n,2,298.76,2.54,D,0,VIIRS_NOAA20_SP
30.71974,74.92582,334.97,0.39,0.36,2023-11-19,802,N20,VIIRS,n,2,296.73,2.23,D,0,VIIRS_NOAA20_SP
30.72023,75.08187,335.06,0.38,0.36,2023-11-19,802,N20,VIIRS,n,2,299.16,2.77,D,0,VIIRS_NOAA20_SP
30.72089,75.66734,333.72,0.38,0.36,2023-11-19,802,N20,VIIRS,n,2,300.02,3.14,D,0,VIIRS_NOAA20_SP
30.72104,75.13098,339.44,0.38,0.36,2023-11-19,802,N20,VIIRS,n,2,299.22,3.1,D,0,VIIRS_NOAA20_SP
30.72254,71.92068,340.21,0.46,0.39,2023-11-19,802,N20,VIIRS,n,2,295.89,6.55,D,0,VIIRS_NOAA20_SP
30.72266,72.24699,327.3,0.44,0.39,2023-11-19,802,N20,VIIRS,n,2,295.61,2.07,D,0,VIIRS_NOAA20_SP
30.72555,75.47038,338.07,0.38,0.36,2023-11-19,802,N20,VIIRS,n,2,299.29,5.7,D,0,VIIRS_NOAA20_SP
30.7256,74.85456,332.7,0.39,0.36,2023-11-19,802,N20,VIIRS,n,2,300.96,2.92,D,0,VIIRS_NOAA20_SP
30.72616,72.24616,330.67,0.44,0.39,2023-11-19,802,N20,VIIRS,n,2,294.72,2.07,D,0,VIIRS_NOAA20_SP
30.72619,75.79327,339.28,0.38,0.36,2023-11-19,802,N20,VIIRS,n,2,299.5,4.12,D,0,VIIRS_NOAA20_SP
30.72868,74.29395,343.88,0.39,0.36,2023-11-19,802,N20,VIIRS,n,2,310.03,33.83,D,0,VIIRS_NOAA20_SP
30.72906,75.05128,331.0,0.38,0.36,2023-11-19,802,N20,VIIRS,n,2,297.65,1.67,D,0,VIIRS_NOAA20_SP
30.73154,75.82914,337.0,0.38,0.36,2023-11-19,802,N20,VIIRS,n,2,301.6,3.72,D,0,VIIRS_NOAA20_SP
30.73818,75.24234,332.86,0.38,0.36,2023-11-19,802,N20,VIIRS,n,2,304.28,6.16,D,0,VIIRS_NOAA20_SP
30.73879,75.24632,336.7,0.38,0.36,2023-11-19,802,N20,VIIRS,n,2,299.54,6.16,D,0,VIIRS_NOAA20_SP
30.74107,72.02341,331.61,0.45,0.39,2023-11-19,802,N20,VIIRS,n,2,295.48,2.93,D,0,VIIRS_NOAA20_SP
30.74221,75.90091,331.71,0.39,0.36,2023-11-19,802,N20,VIIRS,n,2,298.45,3.65,D,0,VIIRS_NOAA20_SP
30.74895,72.02637,342.1,0.45,0.39,2023-11-19,802,N20,VIIRS,n,2,298.8,14.71,D,0,VIIRS_NOAA20_SP
30.7508,71.81051,331.13,0.46,0.39,2023-11-19,802,N20,VIIRS,n,2,296.03,2.55,D,0,VIIRS_NOAA20_SP
30.75284,75.16135,333.82,0.38,0.36,2023-11-19,802,N20,VIIRS,n,2,300.81,4.25,D,0,VIIRS_NOAA20_SP
30.7541,75.10361,305.61,0.38,0.36,2023-11-19,802,N20,VIIRS,l,2,309.31,27.22,D,0,VIIRS_NOAA20_SP
30.75472,75.10759,334.89,0.38,0.36,2023-11-19,802,N20,VIIRS,n,2,307.06,33.26,D,0,VIIRS_NOAA20_SP
30.75599,72.02467,331.25,0.45,0.39,2023-11-19,802,N20,VIIRS,n,2,295.71,4.25,D,0,VIIRS_NOAA20_SP
30.75654,72.50243,328.04,0.43,0.38,2023-11-19,802,N20,VIIRS,n,2,295.66,2.38,D,0,VIIRS_NOAA20_SP
30.7575,71.74436,338.17,0.46,0.39,2023-11-19,802,N20,VIIRS,n,2,297.63,5.49,D,0,VIIRS_NOAA20_SP
30.75967,71.7463,331.85,0.46,0.39,2023-11-19,802,N20,VIIRS,n,2,298.76,3.81,D,0,VIIRS_NOAA20_SP
30.76026,71.9458,330.88,0.46,0.39,2023-11-19,802,N20,VIIRS,n,2,294.45,2.94,D,0,VIIRS_NOAA20_SP
30.76107,75.1268,336.69,0.38,0.36,2023-11-19,802,N20,VIIRS,n,2,302.5,11.25,D,0,VIIRS_NOAA20_SP
30.76212,75.02384,346.92,0.39,0.36,2023-11-19,802,N20,VIIRS,n,2,299.88,5.31,D,0,VIIRS_NOAA20_SP
30.76313,75.11816,340.73,0.38,0.36,2023-11-19,802,N20,VIIRS,n,2,303.29,16.36,D,0,VIIRS_NOAA20_SP
30.76317,71.76532,342.16,0.46,0.39,2023-11-19,802,N20,VIIRS,n,2,299.08,4.27,D,0,VIIRS_NOAA20_SP
30.76447,71.76256,336.66,0.46,0.39,2023-11-19,802,N20,VIIRS,n,2,299.66,5.51,D,0,VIIRS_NOAA20_SP
30.76888,74.48143,337.75,0.39,0.36,2023-11-19,802,N20,VIIRS,n,2,303.8,9.76,D,0,VIIRS_NOAA20_SP
30.77325,74.83253,333.82,0.39,0.36,2023-11-19,802,N20,VIIRS,n,2,302.79,3.84,D,0,VIIRS_NOAA20_SP
30.77505,75.28399,331.63,0.38,0.36,2023-11-19,802,N20,VIIRS,n,2,295.96,3.19,D,0,VIIRS_NOAA20_SP
30.77723,74.36378,344.57,0.39,0.36,2023-11-19,802,N20,VIIRS,n,2,301.24,5.81,D,0,VIIRS_NOAA20_SP
30.77866,75.0413,330.08,0.38,0.36,2023-11-19,802,N20,VIIRS,n,2,298.71,1.94,D,0,VIIRS_NOAA20_SP
30.78113,75.05724,335.68,0.38,0.36,2023-11-19,802,N20,VIIRS,n,2,300.2,3.49,D,0,VIIRS_NOAA20_SP
30.78256,76.33848,333.86,0.39,0.36,2023-11-19,802,N20,VIIRS,n,2,299.42,4.3,D,0,VIIRS_NOAA20_SP
30.78654,74.72236,336.57,0.39,0.36,2023-11-19,802,N20,VIIRS,n,2,300.56,3.21,D,0,VIIRS_NOAA20_SP
30.7866,75.6958,334.22,0.38,0.36,2023-11-19,802,N20,VIIRS,n,2,298.66,2.38,D,0,VIIRS_NOAA20_SP
30.78688,75.07249,333.14,0.38,0.36,2023-11-19,802,N20,VIIRS,n,2,300.87,41.58,D,0,VIIRS_NOAA20_SP
30.78901,75.37546,342.52,0.38,0.36,2023-11-19,802,N20,VIIRS,n,2,303.44,12.53,D,0,VIIRS_NOAA20_SP
30.79049,71.81313,330.84,0.46,0.39,2023-11-19,802,N20,VIIRS,n,2,297.5,1.83,D,0,VIIRS_NOAA20_SP
30.79075,74.46927,334.36,0.39,0.36,2023-11-19,802,N20,VIIRS,n,2,300.89,3.02,D,0,VIIRS_NOAA20_SP
30.79301,75.17802,333.22,0.38,0.36,2023-11-19,802,N20,VIIRS,n,2,299.88,5.0,D,0,VIIRS_NOAA20_SP
30.79694,76.27352,336.97,0.39,0.36,2023-11-19,802,N20,VIIRS,n,2,299.92,2.54,D,0,VIIRS_NOAA20_SP
30.79715,75.09502,341.87,0.38,0.36,2023-11-19,802,N20,VIIRS,n,2,303.43,7.9,D,0,VIIRS_NOAA20_SP
30.7981,74.66611,331.09,0.39,0.36,2023-11-19,802,N20,VIIRS,n,2,304.97,3.88,D,0,VIIRS_NOAA20_SP
30.79873,74.67013,334.11,0.39,0.36,2023-11-19,802,N20,VIIRS,n,2,304.78,4.78,D,0,VIIRS_NOAA20_SP
30.80043,75.09434,339.87,0.38,0.36,2023-11-19,802,N20,VIIRS,n,2,298.86,7.9,D,0,VIIRS_NOAA20_SP
30.80141,75.18859,345.45,0.38,0.36,2023-11-19,802,N20,VIIRS,n,2,300.48,5.71,D,0,VIIRS_NOAA20_SP
30.80403,75.88113,330.17,0.39,0.36,2023-11-19,802,N20,VIIRS,n,2,297.27,8.66,D,0,VIIRS_NOAA20_SP
30.80469,71.80968,332.37,0.46,0.39,2023-11-19,802,N20,VIIRS,n,2,297.29,4.44,D,0,VIIRS_NOAA20_SP
30.80474,74.75158,336.87,0.39,0.36,2023-11-19,802,N20,VIIRS,n,2,302.91,5.43,D,0,VIIRS_NOAA20_SP
30.80475,74.42878,332.1,0.39,0.36,2023-11-19,802,N20,VIIRS,n,2,299.42,6.95,D,0,VIIRS_NOAA20_SP
30.80514,75.63874,336.17,0.38,0.36,2023-11-19,802,N20,VIIRS,n,2,299.32,5.03,D,0,VIIRS_NOAA20_SP
30.80596,74.45768,343.61,0.39,0.36,2023-11-19,802,N20,VIIRS,n,2,300.62,6.45,D,0,VIIRS_NOAA20_SP
30.80864,75.1255,336.99,0.38,0.36,2023-11-19,802,N20,VIIRS,n,2,298.88,3.07,D,0,VIIRS_NOAA20_SP
30.81386,72.02262,333.65,0.45,0.39,2023-11-19,802,N20,VIIRS,n,2,295.38,3.91,D,0,VIIRS_NOAA20_SP
30.81516,75.84193,348.03,0.39,0.36,2023-11-19,802,N20,VIIRS,n,2,306.91,16.55,D,0,VIIRS_NOAA20_SP
30.8157,75.25954,336.34,0.38,0.36,2023-11-19,802,N20,VIIRS,n,2,298.21,2.41,D,0,VIIRS_NOAA20_SP
30.81715,75.24693,332.82,0.38,0.36,2023-11-19,802,N20,VIIRS,n,2,295.46,5.63,D,0,VIIRS_NOAA20_SP
30.81737,75.743,330.26,0.38,0.36,2023-11-19,802,N20,VIIRS,n,2,299.04,3.31,D,0,VIIRS_NOAA20_SP
30.81796,75.74698,332.14,0.38,0.36,2023-11-19,802,N20,VIIRS,n,2,298.47,3.31,D,0,VIIRS_NOAA20_SP
30.81845,75.84127,343.34,0.39,0.36,2023-11-19,802,N20,VIIRS,n,2,301.67,16.55,D,0,VIIRS_NOAA20_SP
30.8189,75.01646,345.81,0.38,0.36,2023-11-19,802,N20,VIIRS,n,2,302.01,12.94,D,0,VIIRS_NOAA20_SP
30.81913,74.84352,335.82,0.39,0.36,2023-11-19,802,N20,VIIRS,n,2,301.28,2.9,D,0,VIIRS_NOAA20_SP
30.8205,76.10848,331.21,0.39,0.36,2023-11-19,802,N20,VIIRS,n,2,301.18,2.41,D,0,VIIRS_NOAA20_SP
30.82128,75.22966,332.57,0.38,0.36,2023-11-19,802,N20,VIIRS,n,2,299.4,5.57,D,0,VIIRS_NOAA20_SP
30.823,75.30728,331.06,0.38,0.36,2023-11-19,802,N20,VIIRS,n,2,298.67,2.48,D,0,VIIRS_NOAA20_SP
30.82311,75.24159,334.83,0.38,0.36,2023-11-19,802,N20,VIIRS,n,2,301.47,9.46,D,0,VIIRS_NOAA20_SP
30.8256,71.86373,332.79,0.46,0.39,2023-11-19,802,N20,VIIRS,n,2,296.9,5.17,D,0,VIIRS_NOAA20_SP
30.82635,76.35902,331.2,0.39,0.36,2023-11-19,802,N20,VIIRS,n,2,298.83,3.65,D,0,VIIRS_NOAA20_SP
30.82752,75.00643,338.42,0.38,0.36,2023-11-19,802,N20,VIIRS,n,2,304.54,17.86,D,0,VIIRS_NOAA20_SP
30.82764,74.7227,350.01,0.39,0.36,2023-11-19,802,N20,VIIRS,n,2,308.03,14.1,D,0,VIIRS_NOAA20_SP
30.82836,73.9656,330.11,0.4,0.37,2023-11-19,802,N20,VIIRS,n,2,296.5,2.18,D,0,VIIRS_NOAA20_SP
30.8309,75.2482,333.25,0.38,0.36,2023-11-19,802,N20,VIIRS,n,2,297.48,3.21,D,0,VIIRS_NOAA20_SP
30.83093,74.72201,344.89,0.39,0.36,2023-11-19,802,N20,VIIRS,n,2,302.2,14.1,D,0,VIIRS_NOAA20_SP
30.83226,75.05895,333.81,0.38,0.36,2023-11-19,802,N20,VIIRS,n,2,300.05,2.26,D,0,VIIRS_NOAA20_SP
30.83288,75.06294,331.58,0.38,0.36,2023-11-19,802,N20,VIIRS,n,2,298.55,2.26,D,0,VIIRS_NOAA20_SP
30.83357,75.35435,337.8,0.38,0.36,2023-11-19,802,N20,VIIRS,n,2,294.76,9.2,D,0,VIIRS_NOAA20_SP
30.83404,75.20239,330.19,0.38,0.36,2023-11-19,802,N20,VIIRS,l,2,300.34,3.9,D,0,VIIRS_NOAA20_SP
30.8347,75.14065,338.42,0.38,0.36,2023-11-19,802,N20,VIIRS,n,2,299.9,3.5,D,0,VIIRS_NOAA20_SP
30.84136,75.25015,346.3,0.38,0.36,2023-11-19,802,N20,VIIRS,n,2,297.11,4.26,D,0,VIIRS_NOAA20_SP
30.84396,74.73993,334.72,0.39,0.36,2023-11-19,802,N20,VIIRS,n,2,301.85,2.34,D,0,VIIRS_NOAA20_SP
30.84465,75.24948,336.39,0.38,0.36,2023-11-19,802,N20,VIIRS,n,2,296.92,4.26,D,0,VIIRS_NOAA20_SP
30.85054,75.0675,333.88,0.38,0.36,2023-11-19,802,N20,VIIRS,l,2,307.83,32.16,D,0,VIIRS_NOAA20_SP
30.85134,75.29326,337.65,0.38,0.36,2023-11-19,802,N20,VIIRS,n,2,300.32,4.38,D,0,VIIRS_NOAA20_SP
30.85434,74.84924,330.92,0.39,0.36,2023-11-19,802,N20,VIIRS,l,2,302.25,1.05,D,0,VIIRS_NOAA20_SP
30.85435,76.27142,338.18,0.39,0.36,2023-11-19,802,N20,VIIRS,n,2,299.21,2.85,D,0,VIIRS_NOAA20_SP
30.85464,74.89452,332.87,0.39,0.36,2023-11-19,802,N20,VIIRS,n,2,302.39,2.02,D,0,VIIRS_NOAA20_SP
30.85574,72.133,328.68,0.45,0.39,2023-11-19,802,N20,VIIRS,n,2,295.21,1.7,D,0,VIIRS_NOAA20_SP
30.85791,75.29191,334.43,0.38,0.36,2023-11-19,802,N20,VIIRS,n,2,299.9,5.45,D,0,VIIRS_NOAA20_SP
30.85852,75.29589,333.37,0.38,0.36,2023-11-19,802,N20,VIIRS,n,2,300.4,5.45,D,0,VIIRS_NOAA20_SP
30.85994,74.47527,338.86,0.39,0.36,2023-11-19,802,N20,VIIRS,n,2,298.1,3.53,D,0,VIIRS_NOAA20_SP
30.86023,73.92889,330.93,0.4,0.37,2023-11-19,802,N20,VIIRS,n,2,294.21,2.57,D,0,VIIRS_NOAA20_SP
30.86176,75.18435,334.78,0.38,0.36,2023-11-19,802,N20,VIIRS,n,2,299.46,2.5,D,0,VIIRS_NOAA20_SP
30.86302,75.30318,336.92,0.38,0.36,2023-11-19,802,N20,VIIRS,n,2,298.71,4.22,D,0,VIIRS_NOAA20_SP
30.86321,74.71104,335.95,0.39,0.36,2023-11-19,802,N20,VIIRS,n,2,302.43,7.25,D,0,VIIRS_NOAA20_SP
30.86459,75.33569,333.26,0.38,0.36,2023-11-19,802,N20,VIIRS,n,2,296.52,3.03,D,0,VIIRS_NOAA20_SP
30.86504,75.18367,337.25,0.38,0.36,2023-11-19,802,N20,VIIRS,n,2,302.11,28.32,D,0,VIIRS_NOAA20_SP
30.86666,75.32706,331.49,0.38,0.36,2023-11-19,802,N20,VIIRS,n,2,296.89,2.77,D,0,VIIRS_NOAA20_SP
30.86955,75.19096,333.05,0.38,0.36,2023-11-19,802,N20,VIIRS,n,2,300.71,9.96,D,0,VIIRS_NOAA20_SP
30.87116,75.33434,338.9,0.38,0.36,2023-11-19,802,N20,VIIRS,n,2,298.38,4.58,D,0,VIIRS_NOAA20_SP
30.87176,71.93577,332.11,0.45,0.39,2023-11-19,802,N20,VIIRS,n,2,296.6,4.98,D,0,VIIRS_NOAA20_SP
30.87433,75.28854,338.11,0.38,0.36,2023-11-19,802,N20,VIIRS,n,2,299.95,2.72,D,0,VIIRS_NOAA20_SP
30.87633,74.49255,337.79,0.39,0.36,2023-11-19,802,N20,VIIRS,n,2,303.78,19.32,D,0,VIIRS_NOAA20_SP
30.87748,75.35357,333.17,0.38,0.36,2023-11-19,802,N20,VIIRS,n,2,298.15,2.65,D,0,VIIRS_NOAA20_SP
30.87835,74.4838,335.91,0.39,0.36,2023-11-19,802,N20,VIIRS,n,2,297.33,3.2,D,0,VIIRS_NOAA20_SP
30.87854,74.67883,333.58,0.39,0.36,2023-11-19,802,N20,VIIRS,n,2,301.97,3.31,D,0,VIIRS_NOAA20_SP
30.87885,75.11916,335.81,0.38,0.36,2023-11-19,802,N20,VIIRS,n,2,301.55,4.52,D,0,VIIRS_NOAA20_SP
30.8799,75.3695,343.19,0.38,0.36,2023-11-19,802,N20,VIIRS,n,2,300.29,7.06,D,0,VIIRS_NOAA20_SP
30.8809,75.28719,333.81,0.38,0.36,2023-11-19,802,N20,VIIRS,n,2,298.81,1.98,D,0,VIIRS_NOAA20_SP
30.88189,74.76498,335.04,0.39,0.36,2023-11-19,802,N20,VIIRS,n,2,301.42,3.52,D,0,VIIRS_NOAA20_SP
30.88359,74.88433,341.35,0.39,0.36,2023-11-19,802,N20,VIIRS,n,2,309.41,16.09,D,0,VIIRS_NOAA20_SP
30.88436,75.66827,331.8,0.38,0.36,2023-11-19,802,N20,VIIRS,n,2,296.03,1.66,D,0,VIIRS_NOAA20_SP
30.89893,75.13628,332.85,0.38,0.36,2023-11-19,802,N20,VIIRS,n,2,300.34,2.0,D,0,VIIRS_NOAA20_SP
30.89931,74.50844,332.31,0.39,0.36,2023-11-19,802,N20,VIIRS,n,2,299.17,5.2,D,0,VIIRS_NOAA20_SP
30.90095,76.1712,336.72,0.39,0.36,2023-11-19,802,N20,VIIRS,n,2,299.05,3.98,D,0,VIIRS_NOAA20_SP
30.90501,72.10197,337.3,0.45,0.39,2023-11-19,802,N20,VIIRS,n,2,295.86,7.44,D,0,VIIRS_NOAA20_SP
30.90511,75.29043,336.31,0.38,0.36,2023-11-19,802,N20,VIIRS,n,2,298.53,3.0,D,0,VIIRS_NOAA20_SP
30.90661,71.96629,333.68,0.45,0.39,2023-11-19,802,N20,VIIRS,n,2,296.25,2.57,D,0,VIIRS_NOAA20_SP
30.90817,75.13025,340.52,0.38,0.36,2023-11-19,802,N20,VIIRS,n,2,301.97,7.76,D,0,VIIRS_NOAA20_SP
30.91175,71.91819,332.43,0.45,0.39,2023-11-19,802,N20,VIIRS,n,2,298.11,6.41,D,0,VIIRS_NOAA20_SP
30.91193,75.26509,351.03,0.38,0.36,2023-11-19,802,N20,VIIRS,n,2,299.81,9.43,D,0,VIIRS_NOAA20_SP
30.91246,75.15814,344.91,0.38,0.36,2023-11-19,802,N20,VIIRS,n,2,301.76,6.31,D,0,VIIRS_NOAA20_SP
30.91938,74.05989,332.79,0.39,0.37,2023-11-19,802,N20,VIIRS,n,2,295.76,2.93,D,0,VIIRS_NOAA20_SP
30.92253,76.17941,333.13,0.39,0.36,2023-11-19,802,N20,VIIRS,n,2,300.84,1.88,D,0,VIIRS_NOAA20_SP
30.92599,75.18001,336.63,0.38,0.36,2023-11-19,802,N20,VIIRS,n,2,301.32,4.76,D,0,VIIRS_NOAA20_SP
30.92763,74.70982,333.89,0.39,0.36,2023-11-19,802,N20,VIIRS,n,2,301.02,2.51,D,0,VIIRS_NOAA20_SP
30.93154,74.79996,329.97,0.39,0.36,2023-11-19,802,N20,VIIRS,n,2,299.7,2.63,D,0,VIIRS_NOAA20_SP
30.93553,75.26435,347.33,0.38,0.36,2023-11-19,802,N20,VIIRS,n,2,297.2,4.77,D,0,VIIRS_NOAA20_SP
30.94247,75.04496,339.11,0.38,0.36,2023-11-19,802,N20,VIIRS,n,2,302.96,3.45,D,0,VIIRS_NOAA20_SP
30.95253,75.08814,340.92,0.38,0.36,2023-11-19,802,N20,VIIRS,n,2,298.91,6.91,D,0,VIIRS_NOAA20_SP
30.95258,74.71669,353.59,0.39,0.36,2023-11-19,802,N20,VIIRS,n,2,308.33,24.25,D,0,VIIRS_NOAA20_SP
30.95743,75.29682,336.89,0.38,0.36,2023-11-19,802,N20,VIIRS,n,2,297.74,3.31,D,0,VIIRS_NOAA20_SP
30.96168,75.32471,333.44,0.38,0.36,2023-11-19,802,N20,VIIRS,n,2,297.01,1.75,D,0,VIIRS_NOAA20_SP
30.96217,75.10672,331.72,0.38,0.36,2023-11-19,802,N20,VIIRS,n,2,297.98,1.69,D,0,VIIRS_NOAA20_SP
30.96469,74.77203,331.39,0.39,0.36,2023-11-19,802,N20,VIIRS,n,2,298.25,20.97,D,0,VIIRS_NOAA20_SP
30.96582,75.30743,331.61,0.38,0.36,2023-11-19,802,N20,VIIRS,n,2,298.6,4.33,D,0,VIIRS_NOAA20_SP
30.96642,75.31141,330.83,0.38,0.36,2023-11-19,802,N20,VIIRS,n,2,297.4,3.23,D,0,VIIRS_NOAA20_SP
30.96895,75.08473,348.72,0.38,0.36,2023-11-19,802,N20,VIIRS,n,2,303.77,18.69,D,0,VIIRS_NOAA20_SP
30.97178,75.30209,337.43,0.38,0.36,2023-11-19,802,N20,VIIRS,n,2,297.32,4.83,D,0,VIIRS_NOAA20_SP
30.97223,75.08405,350.72,0.38,0.36,2023-11-19,802,N20,VIIRS,n,2,300.26,11.68,D,0,VIIRS_NOAA20_SP
30.97931,74.6489,334.57,0.39,0.36,2023-11-19,802,N20,VIIRS,n,2,300.03,10.4,D,0,VIIRS_NOAA20_SP
30.98003,75.09066,345.46,0.38,0.36,2023-11-19,802,N20,VIIRS,n,2,299.13,7.64,D,0,VIIRS_NOAA20_SP
30.98058,74.65691,332.44,0.39,0.36,2023-11-19,802,N20,VIIRS,n,2,300.51,7.33,D,0,VIIRS_NOAA20_SP
30.98082,74.80996,334.24,0.39,0.36,2023-11-19,802,N20,VIIRS,n,2,301.39,6.98,D,0,VIIRS_NOAA20_SP
30.98314,74.99915,337.47,0.38,0.36,2023-11-19,802,N20,VIIRS,n,2,311.17,45.41,D,0,VIIRS_NOAA20_SP
30.98332,75.08998,343.9,0.38,0.36,2023-11-19,802,N20,VIIRS,n,2,299.03,7.64,D,0,VIIRS_NOAA20_SP
30.98582,75.89467,332.2,0.39,0.36,2023-11-19,802,N20,VIIRS,n,2,298.04,1.76,D,0,VIIRS_NOAA20_SP
30.98969,74.67155,331.59,0.39,0.36,2023-11-19,802,N20,VIIRS,l,2,303.95,22.12,D,0,VIIRS_NOAA20_SP
30.99122,76.0463,333.06,0.39,0.36,2023-11-19,802,N20,VIIRS,n,2,301.26,2.82,D,0,VIIRS_NOAA20_SP
30.9919,75.14581,334.66,0.38,0.36,2023-11-19,802,N20,VIIRS,n,2,300.11,6.51,D,0,VIIRS_NOAA20_SP
30.9922,72.38611,335.04,0.44,0.38,2023-11-19,802,N20,VIIRS,n,2,294.51,4.07,D,0,VIIRS_NOAA20_SP
30.999,74.17403,340.27,0.39,0.36,2023-11-19,802,N20,VIIRS,n,2,304.19,22.01,D,0,VIIRS_NOAA20_SP
30.99902,75.32526,334.2,0.38,0.36,2023-11-19,802,N20,VIIRS,n,2,303.36,11.27,D,0,VIIRS_NOAA20_SP
30.99975,75.26346,332.41,0.38,0.36,2023-11-19,802,N20,VIIRS,n,2,299.46,2.57,D,0,VIIRS_NOAA20_SP
31.00031,75.15642,334.37,0.38,0.36,2023-11-19,802,N20,VIIRS,n,2,296.72,2.4,D,0,VIIRS_NOAA20_SP
31.00039,74.73968,341.46,0.39,0.36,2023-11-19,802,N20,VIIRS,n,2,303.62,9.56,D,0,VIIRS_NOAA20_SP
31.00121,75.25082,330.76,0.38,0.36,2023-11-19,802,N20,VIIRS,n,2,299.62,2.55,D,0,VIIRS_NOAA20_SP
31.00164,75.11882,339.83,0.38,0.36,2023-11-19,802,N20,VIIRS,n,2,299.05,6.99,D,0,VIIRS_NOAA20_SP
31.00191,75.189,345.93,0.38,0.36,2023-11-19,802,N20,VIIRS,n,2,301.13,6.53,D,0,VIIRS_NOAA20_SP
31.00247,75.10218,345.34,0.38,0.36,2023-11-19,802,N20,VIIRS,n,2,299.73,6.46,D,0,VIIRS_NOAA20_SP
31.00308,75.10617,331.82,0.38,0.36,2023-11-19,802,N20,VIIRS,n,2,298.67,2.91,D,0,VIIRS_NOAA20_SP
31.00696,74.73829,330.39,0.39,0.36,2023-11-19,802,N20,VIIRS,n,2,300.13,1.96,D,0,VIIRS_NOAA20_SP
31.00822,72.23156,329.49,0.44,0.38,2023-11-19,802,N20,VIIRS,n,2,295.44,1.61,D,0,VIIRS_NOAA20_SP
31.01171,72.23073,332.74,0.44,0.38,2023-11-19,802,N20,VIIRS,n,2,295.04,3.47,D,0,VIIRS_NOAA20_SP
31.01451,75.20254,337.91,0.38,0.36,2023-11-19,802,N20,VIIRS,n,2,298.02,11.13,D,0,VIIRS_NOAA20_SP
31.01571,72.3148,327.22,0.44,0.38,2023-11-19,802,N20,VIIRS,n,2,294.77,2.37,D,0,VIIRS_NOAA20_SP
31.01607,75.5273,332.41,0.38,0.36,2023-11-19,802,N20,VIIRS,n,2,297.93,2.82,D,0,VIIRS_NOAA20_SP
31.0164,75.14867,344.58,0.38,0.36,2023-11-19,802,N20,VIIRS,n,2,298.57,5.49,D,0,VIIRS_NOAA20_SP
31.0176,72.24354,328.15,0.44,0.38,2023-11-19,802,N20,VIIRS,n,2,294.56,1.96,D,0,VIIRS_NOAA20_SP
31.01969,75.14799,343.18,0.38,0.36,2023-11-19,802,N20,VIIRS,n,2,297.79,5.49,D,0,VIIRS_NOAA20_SP
31.02135,72.22368,330.69,0.44,0.38,2023-11-19,802,N20,VIIRS,n,2,295.5,2.68,D,0,VIIRS_NOAA20_SP
31.02197,74.66055,331.5,0.39,0.36,2023-11-19,802,N20,VIIRS,n,2,298.19,4.14,D,0,VIIRS_NOAA20_SP
31.02229,75.20916,331.52,0.38,0.36,2023-11-19,802,N20,VIIRS,n,2,297.58,7.07,D,0,VIIRS_NOAA20_SP
31.0229,75.21315,337.34,0.38,0.36,2023-11-19,802,N20,VIIRS,n,2,301.54,7.07,D,0,VIIRS_NOAA20_SP
31.02407,73.57735,336.28,0.4,0.37,2023-11-19,802,N20,VIIRS,n,2,297.0,2.88,D,0,VIIRS_NOAA20_SP
31.02791,74.98157,336.18,0.38,0.36,2023-11-19,802,N20,VIIRS,n,2,298.83,2.28,D,0,VIIRS_NOAA20_SP
31.03222,75.72551,333.13,0.38,0.36,2023-11-19,802,N20,VIIRS,n,2,298.61,1.87,D,0,VIIRS_NOAA20_SP
31.0345,75.04611,331.16,0.38,0.36,2023-11-19,802,N20,VIIRS,n,2,300.68,4.06,D,0,VIIRS_NOAA20_SP
31.04065,75.08602,339.03,0.38,0.36,2023-11-19,802,N20,VIIRS,n,2,298.97,4.43,D,0,VIIRS_NOAA20_SP
31.04189,74.72261,331.6,0.39,0.36,2023-11-19,802,N20,VIIRS,n,2,299.0,1.48,D,0,VIIRS_NOAA20_SP
31.04328,75.55058,333.07,0.38,0.36,2023-11-19,802,N20,VIIRS,n,2,299.69,2.16,D,0,VIIRS_NOAA20_SP
31.04497,75.04805,352.57,0.38,0.36,2023-11-19,802,N20,VIIRS,n,2,301.44,12.7,D,0,VIIRS_NOAA20_SP
31.04713,75.78016,330.1,0.39,0.36,2023-11-19,802,N20,VIIRS,n,2,300.1,1.56,D,0,VIIRS_NOAA20_SP
31.0511,72.20706,330.08,0.44,0.38,2023-11-19,802,N20,VIIRS,n,2,295.07,6.64,D,0,VIIRS_NOAA20_SP
31.0544,71.95812,332.04,0.45,0.39,2023-11-19,802,N20,VIIRS,n,2,295.62,2.63,D,0,VIIRS_NOAA20_SP
31.05459,72.20622,342.75,0.44,0.38,2023-11-19,802,N20,VIIRS,n,2,297.27,6.64,D,0,VIIRS_NOAA20_SP
31.0553,74.85211,337.4,0.39,0.36,2023-11-19,802,N20,VIIRS,n,2,297.14,3.67,D,0,VIIRS_NOAA20_SP
31.05643,75.1445,331.85,0.38,0.36,2023-11-19,802,N20,VIIRS,n,2,298.96,3.96,D,0,VIIRS_NOAA20_SP
31.05686,75.10323,333.13,0.38,0.36,2023-11-19,802,N20,VIIRS,n,2,298.6,3.97,D,0,VIIRS_NOAA20_SP
31.05903,74.87609,339.6,0.39,0.36,2023-11-19,802,N20,VIIRS,n,2,305.81,19.23,D,0,VIIRS_NOAA20_SP
31.05921,74.85542,336.03,0.39,0.36,2023-11-19,802,N20,VIIRS,n,2,296.06,4.77,D,0,VIIRS_NOAA20_SP
31.0617,74.8714,333.94,0.39,0.36,2023-11-19,802,N20,VIIRS,n,2,300.0,8.71,D,0,VIIRS_NOAA20_SP
31.06177,72.18202,332.64,0.44,0.39,2023-11-19,802,N20,VIIRS,n,2,294.36,3.45,D,0,VIIRS_NOAA20_SP
31.06238,75.13914,333.19,0.38,0.36,2023-11-19,802,N20,VIIRS,n,2,297.71,2.56,D,0,VIIRS_NOAA20_SP
31.06273,72.29417,330.62,0.44,0.38,2023-11-19,802,N20,VIIRS,n,2,295.33,2.5,D,0,VIIRS_NOAA20_SP
31.06604,74.89939,340.26,0.39,0.36,2023-11-19,802,N20,VIIRS,n,2,298.85,2.92,D,0,VIIRS_NOAA20_SP
31.06671,74.96933,338.88,0.38,0.36,2023-11-19,802,N20,VIIRS,n,2,299.29,3.42,D,0,VIIRS_NOAA20_SP
31.06774,75.80489,333.5,0.39,0.36,2023-11-19,802,N20,VIIRS,n,2,300.89,5.33,D,0,VIIRS_NOAA20_SP
31.06837,75.00196,330.04,0.38,0.36,2023-11-19,802,N20,VIIRS,l,2,300.23,7.51,D,0,VIIRS_NOAA20_SP
31.06858,72.30692,335.9,0.44,0.38,2023-11-19,802,N20,VIIRS,n,2,295.99,3.82,D,0,VIIRS_NOAA20_SP
31.06874,72.18035,331.37,0.44,0.39,2023-11-19,802,N20,VIIRS,n,2,294.63,1.93,D,0,VIIRS_NOAA20_SP
31.06941,76.13936,332.52,0.39,0.36,2023-11-19,802,N20,VIIRS,n,2,301.6,2.2,D,0,VIIRS_NOAA20_SP
31.07066,74.88264,332.1,0.39,0.36,2023-11-19,802,N20,VIIRS,n,2,297.8,2.44,D,0,VIIRS_NOAA20_SP
31.07104,75.80423,330.3,0.39,0.36,2023-11-19,802,N20,VIIRS,n,2,301.94,5.33,D,0,VIIRS_NOAA20_SP
31.07163,75.80823,335.15,0.39,0.36,2023-11-19,802,N20,VIIRS,n,2,300.2,9.73,D,0,VIIRS_NOAA20_SP
31.07323,75.38786,339.37,0.38,0.36,2023-11-19,802,N20,VIIRS,n,2,300.77,2.8,D,0,VIIRS_NOAA20_SP
31.07368,75.12445,340.32,0.38,0.36,2023-11-19,802,N20,VIIRS,n,2,305.15,25.06,D,0,VIIRS_NOAA20_SP
31.07411,74.86128,341.35,0.39,0.36,2023-11-19,802,N20,VIIRS,n,2,299.2,4.15,D,0,VIIRS_NOAA20_SP
31.07555,75.07052,333.14,0.38,0.36,2023-11-19,802,N20,VIIRS,n,2,297.86,4.1,D,0,VIIRS_NOAA20_SP
31.07873,74.93452,333.39,0.38,0.36,2023-11-19,802,N20,VIIRS,n,2,301.71,13.31,D,0,VIIRS_NOAA20_SP
31.08201,74.93383,342.81,0.38,0.36,2023-11-19,802,N20,VIIRS,n,2,302.55,13.31,D,0,VIIRS_NOAA20_SP
31.08513,75.73959,333.56,0.38,0.36,2023-11-19,802,N20,VIIRS,n,2,299.92,5.87,D,0,VIIRS_NOAA20_SP
31.08864,74.99844,336.76,0.38,0.36,2023-11-19,802,N20,VIIRS,n,2,299.19,3.19,D,0,VIIRS_NOAA20_SP
31.08926,75.00243,335.38,0.38,0.36,2023-11-19,802,N20,VIIRS,n,2,300.37,3.19,D,0,VIIRS_NOAA20_SP
31.09216,75.11237,334.42,0.38,0.36,2023-11-19,802,N20,VIIRS,n,2,299.16,2.33,D,0,VIIRS_NOAA20_SP
31.09372,75.52354,331.45,0.38,0.36,2023-11-19,802,N20,VIIRS,n,2,299.81,5.2,D,0,VIIRS_NOAA20_SP
31.09679,78.06902,343.97,0.43,0.38,2023-11-19,802,N20,VIIRS,n,2,299.94,6.12,D,0,VIIRS_NOAA20_SP
31.09898,78.05847,328.81,0.43,0.38,2023-11-19,802,N20,VIIRS,n,2,296.9,7.66,D,0,VIIRS_NOAA20_SP
31.10232,78.05691,349.29,0.43,0.38,2023-11-19,802,N20,VIIRS,n,2,303.61,11.47,D,0,VIIRS_NOAA20_SP
31.10246,73.92805,329.85,0.4,0.37,2023-11-19,802,N20,VIIRS,n,2,295.04,2.47,D,0,VIIRS_NOAA20_SP
31.10261,75.92583,333.07,0.39,0.36,2023-11-19,802,N20,VIIRS,n,2,299.49,1.33,D,0,VIIRS_NOAA20_SP
31.10324,75.11832,335.55,0.38,0.36,2023-11-19,802,N20,VIIRS,n,2,298.85,5.87,D,0,VIIRS_NOAA20_SP
31.10996,75.99879,332.38,0.39,0.36,2023-11-19,802,N20,VIIRS,n,2,299.34,2.42,D,0,VIIRS_NOAA20_SP
31.11001,75.02695,336.21,0.38,0.36,2023-11-19,802,N20,VIIRS,n,2,297.39,2.81,D,0,VIIRS_NOAA20_SP
31.11185,75.10487,341.88,0.38,0.36,2023-11-19,802,N20,VIIRS,n,2,299.27,4.93,D,0,VIIRS_NOAA20_SP
31.1123,74.84499,330.75,0.39,0.36,2023-11-19,802,N20,VIIRS,n,2,298.78,1.79,D,0,VIIRS_NOAA20_SP
31.11808,73.65222,337.11,0.4,0.37,2023-11-19,802,N20,VIIRS,n,2,295.91,3.28,D,0,VIIRS_NOAA20_SP
31.1202,74.91757,336.54,0.39,0.36,2023-11-19,802,N20,VIIRS,n,2,298.51,3.55,D,0,VIIRS_NOAA20_SP
31.12036,73.86883,336.54,0.4,0.37,2023-11-19,802,N20,VIIRS,n,2,295.94,3.26,D,0,VIIRS_NOAA20_SP
31.12296,73.34768,345.18,0.41,0.37,2023-11-19,802,N20,VIIRS,n,2,297.08,5.38,D,0,VIIRS_NOAA20_SP
31.12367,73.3519,330.7,0.41,0.37,2023-11-19,802,N20,VIIRS,n,2,294.62,5.38,D,0,VIIRS_NOAA20_SP
31.12369,73.8681,336.58,0.4,0.37,2023-11-19,802,N20,VIIRS,n,2,295.55,3.26,D,0,VIIRS_NOAA20_SP
31.13499,75.57279,332.08,0.38,0.36,2023-11-19,802,N20,VIIRS,n,2,299.1,3.7,D,0,VIIRS_NOAA20_SP
31.13575,70.64471,344.37,0.51,0.41,2023-11-19,802,N20,VIIRS,n,2,299.61,5.64,D,0,VIIRS_NOAA20_SP
31.13875,74.6448,332.9,0.39,0.36,2023-11-19,802,N20,VIIRS,n,2,300.13,2.11,D,0,VIIRS_NOAA20_SP
31.14089,73.41344,333.67,0.41,0.37,2023-11-19,802,N20,VIIRS,n,2,295.76,3.42,D,0,VIIRS_NOAA20_SP
31.14904,75.59878,331.66,0.38,0.36,2023-11-19,802,N20,VIIRS,n,2,298.73,0.79,D,0,VIIRS_NOAA20_SP
31.17243,73.54086,334.26,0.4,0.37,2023-11-19,802,N20,VIIRS,n,2,297.32,5.47,D,0,VIIRS_NOAA20_SP
31.18069,75.76546,333.13,0.39,0.36,2023-11-19,802,N20,VIIRS,n,2,301.19,3.25,D,0,VIIRS_NOAA20_SP
31.19068,74.75851,342.14,0.39,0.36,2023-11-19,802,N20,VIIRS,n,2,301.84,6.75,D,0,VIIRS_NOAA20_SP
31.19893,72.17448,330.53,0.44,0.38,2023-11-19,802,N20,VIIRS,n,2,295.17,2.94,D,0,VIIRS_NOAA20_SP
31.20041,75.80693,337.43,0.39,0.36,2023-11-19,802,N20,VIIRS,n,2,300.63,4.19,D,0,VIIRS_NOAA20_SP
31.20734,75.24166,336.19,0.38,0.36,2023-11-19,802,N20,VIIRS,n,2,297.66,2.55,D,0,VIIRS_NOAA20_SP
31.21212,73.64479,329.81,0.4,0.37,2023-11-19,802,N20,VIIRS,n,2,294.86,3.6,D,0,VIIRS_NOAA20_SP
31.21733,74.38783,336.26,0.39,0.36,2023-11-19,802,N20,VIIRS,n,2,300.82,11.53,D,0,VIIRS_NOAA20_SP
31.21797,74.39187,347.79,0.39,0.36,2023-11-19,802,N20,VIIRS,n,2,299.51,6.92,D,0,VIIRS_NOAA20_SP
31.22191,74.3952,333.23,0.39,0.36,2023-11-19,802,N20,VIIRS,n,2,298.44,6.92,D,0,VIIRS_NOAA20_SP
31.22256,74.39922,331.0,0.39,0.36,2023-11-19,802,N20,VIIRS,n,2,297.83,2.68,D,0,VIIRS_NOAA20_SP
31.2289,73.66253,327.49,0.4,0.37,2023-11-19,802,N20,VIIRS,n,2,296.13,1.96,D,0,VIIRS_NOAA20_SP
31.23224,73.66179,332.31,0.4,0.37,2023-11-19,802,N20,VIIRS,n,2,295.31,1.96,D,0,VIIRS_NOAA20_SP
31.23331,70.83271,335.97,0.5,0.41,2023-11-19,802,N20,VIIRS,n,2,297.54,5.45,D,0,VIIRS_NOAA20_SP
31.2337,73.69151,330.74,0.4,0.37,2023-11-19,802,N20,VIIRS,n,2,295.07,12.15,D,0,VIIRS_NOAA20_SP
31.24233,73.68099,339.79,0.4,0.37,2023-11-19,802,N20,VIIRS,n,2,296.04,5.27,D,0,VIIRS_NOAA20_SP
31.24301,73.68513,326.76,0.4,0.37,2023-11-19,802,N20,VIIRS,n,2,294.54,3.12,D,0,VIIRS_NOAA20_SP
31.24518,74.91234,343.04,0.38,0.36,2023-11-19,802,N20,VIIRS,n,2,302.78,9.22,D,0,VIIRS_NOAA20_SP
31.24549,73.63732,336.51,0.4,0.37,2023-11-19,802,N20,VIIRS,n,2,295.37,3.25,D,0,VIIRS_NOAA20_SP
31.24703,73.68852,328.01,0.4,0.37,2023-11-19,802,N20,VIIRS,n,2,295.75,3.58,D,0,VIIRS_NOAA20_SP
31.24771,73.69266,333.89,0.4,0.37,2023-11-19,802,N20,VIIRS,n,2,295.68,4.66,D,0,VIIRS_NOAA20_SP
31.24891,73.65805,333.72,0.4,0.37,2023-11-19,802,N20,VIIRS,n,2,294.97,6.26,D,0,VIIRS_NOAA20_SP
31.25156,73.86269,331.53,0.4,0.37,2023-11-19,802,N20,VIIRS,n,2,295.49,2.27,D,0,VIIRS_NOAA20_SP
31.25225,73.6573,344.92,0.4,0.37,2023-11-19,802,N20,VIIRS,n,2,296.57,6.26,D,0,VIIRS_NOAA20_SP
31.25624,75.18241,341.29,0.38,0.36,2023-11-19,802,N20,VIIRS,n,2,299.35,57.45,D,0,VIIRS_NOAA20_SP
31.25787,73.56559,333.85,0.4,0.37,2023-11-19,802,N20,VIIRS,n,2,294.57,2.91,D,0,VIIRS_NOAA20_SP
31.25842,74.82281,330.16,0.39,0.36,2023-11-19,802,N20,VIIRS,n,2,302.22,1.67,D,0,VIIRS_NOAA20_SP
31.25855,73.56975,338.19,0.4,0.37,2023-11-19,802,N20,VIIRS,n,2,298.75,12.1,D,0,VIIRS_NOAA20_SP
31.25993,73.57808,333.75,0.4,0.37,2023-11-19,802,N20,VIIRS,n,2,295.65,2.23,D,0,VIIRS_NOAA20_SP
31.26097,73.66824,335.87,0.4,0.37,2023-11-19,802,N20,VIIRS,n,2,295.1,2.89,D,0,VIIRS_NOAA20_SP
31.2619,73.569,335.99,0.4,0.37,2023-11-19,802,N20,VIIRS,n,2,295.07,4.37,D,0,VIIRS_NOAA20_SP
31.26208,73.61208,342.92,0.4,0.37,2023-11-19,802,N20,VIIRS,n,2,303.33,27.89,D,0,VIIRS_NOAA20_SP
31.26304,74.48227,332.13,0.39,0.36,2023-11-19,802,N20,VIIRS,n,2,299.48,3.66,D,0,VIIRS_NOAA20_SP
31.26845,74.45193,333.73,0.39,0.36,2023-11-19,802,N20,VIIRS,n,2,298.01,2.51,D,0,VIIRS_NOAA20_SP
31.26963,74.48086,341.27,0.39,0.36,2023-11-19,802,N20,VIIRS,n,2,299.01,5.71,D,0,VIIRS_NOAA20_SP
31.27722,73.74605,343.42,0.4,0.37,2023-11-19,802,N20,VIIRS,n,2,296.59,6.84,D,0,VIIRS_NOAA20_SP
31.28524,75.7824,347.58,0.39,0.36,2023-11-19,802,N20,VIIRS,n,2,300.93,9.6,D,0,VIIRS_NOAA20_SP
31.28528,73.77419,329.61,0.4,0.37,2023-11-19,802,N20,VIIRS,n,2,295.13,1.65,D,0,VIIRS_NOAA20_SP
31.28724,75.86474,337.23,0.39,0.36,2023-11-19,802,N20,VIIRS,n,2,300.32,4.39,D,0,VIIRS_NOAA20_SP
31.28816,73.89712,330.56,0.4,0.37,2023-11-19,802,N20,VIIRS,n,2,294.84,1.86,D,0,VIIRS_NOAA20_SP
31.2951,73.70779,336.66,0.4,0.37,2023-11-19,802,N20,VIIRS,n,2,296.55,4.37,D,0,VIIRS_NOAA20_SP
31.29844,73.70705,326.87,0.4,0.37,2023-11-19,802,N20,VIIRS,n,2,296.01,2.08,D,0,VIIRS_NOAA20_SP
31.299,74.81915,331.55,0.39,0.36,2023-11-19,802,N20,VIIRS,n,2,301.59,1.92,D,0,VIIRS_NOAA20_SP
31.29911,73.71118,331.0,0.4,0.37,2023-11-19,802,N20,VIIRS,n,2,295.33,2.08,D,0,VIIRS_NOAA20_SP
31.30047,73.71945,336.31,0.4,0.37,2023-11-19,802,N20,VIIRS,n,2,296.57,6.42,D,0,VIIRS_NOAA20_SP
31.30851,74.46833,334.79,0.39,0.36,2023-11-19,802,N20,VIIRS,n,2,299.29,2.79,D,0,VIIRS_NOAA20_SP
31.30875,75.39423,329.99,0.38,0.36,2023-11-19,802,N20,VIIRS,n,2,300.21,1.12,D,0,VIIRS_NOAA20_SP
31.31263,73.57098,342.14,0.4,0.37,2023-11-19,802,N20,VIIRS,n,2,300.28,11.47,D,0,VIIRS_NOAA20_SP
31.31293,74.79965,333.62,0.39,0.36,2023-11-19,802,N20,VIIRS,l,2,304.03,2.52,D,0,VIIRS_NOAA20_SP
31.31332,73.57513,331.88,0.4,0.37,2023-11-19,802,N20,VIIRS,n,2,295.71,5.03,D,0,VIIRS_NOAA20_SP
31.31597,73.57022,342.23,0.4,0.37,2023-11-19,802,N20,VIIRS,n,2,297.49,5.14,D,0,VIIRS_NOAA20_SP
31.31805,74.52878,331.14,0.39,0.36,2023-11-19,802,N20,VIIRS,n,2,297.12,1.19,D,0,VIIRS_NOAA20_SP
31.32284,72.13243,344.55,0.44,0.38,2023-11-19,802,N20,VIIRS,n,2,296.58,11.36,D,0,VIIRS_NOAA20_SP
31.32404,74.80559,335.73,0.39,0.36,2023-11-19,802,N20,VIIRS,n,2,303.26,2.44,D,0,VIIRS_NOAA20_SP
31.32687,74.93314,338.29,0.38,0.36,2023-11-19,802,N20,VIIRS,n,2,301.14,2.49,D,0,VIIRS_NOAA20_SP
31.33153,75.77348,335.31,0.39,0.36,2023-11-19,802,N20,VIIRS,n,2,298.83,2.4,D,0,VIIRS_NOAA20_SP
31.33303,74.43015,334.44,0.39,0.36,2023-11-19,802,N20,VIIRS,n,2,299.47,2.37,D,0,VIIRS_NOAA20_SP
31.33519,75.70659,332.43,0.39,0.36,2023-11-19,802,N20,VIIRS,n,2,297.72,1.73,D,0,VIIRS_NOAA20_SP
31.34019,75.28878,330.6,0.38,0.36,2023-11-19,802,N20,VIIRS,n,2,296.98,2.36,D,0,VIIRS_NOAA20_SP
31.34159,70.82462,330.23,0.5,0.41,2023-11-19,802,N20,VIIRS,n,2,296.86,2.61,D,0,VIIRS_NOAA20_SP
31.34842,73.85003,333.05,0.4,0.37,2023-11-19,802,N20,VIIRS,n,2,297.33,1.91,D,0,VIIRS_NOAA20_SP
31.35597,73.70741,331.07,0.4,0.37,2023-11-19,802,N20,VIIRS,n,2,295.59,2.75,D,0,VIIRS_NOAA20_SP
31.36111,73.88551,330.23,0.39,0.37,2023-11-19,802,N20,VIIRS,n,2,297.28,2.13,D,0,VIIRS_NOAA20_SP
31.36995,74.88272,334.35,0.38,0.36,2023-11-19,802,N20,VIIRS,n,2,303.99,5.16,D,0,VIIRS_NOAA20_SP
31.37238,77.38017,335.09,0.41,0.37,2023-11-19,802,N20,VIIRS,n,2,297.95,3.57,D,0,VIIRS_NOAA20_SP
31.37302,77.38489,327.15,0.41,0.37,2023-11-19,802,N20,VIIRS,l,2,300.87,3.57,D,0,VIIRS_NOAA20_SP
31.37337,74.64212,337.29,0.39,0.36,2023-11-19,802,N20,VIIRS,n,2,302.28,2.55,D,0,VIIRS_NOAA20_SP
31.37436,75.71937,333.77,0.39,0.36,2023-11-19,802,N20,VIIRS,n,2,299.6,2.62,D,0,VIIRS_NOAA20_SP
31.37643,75.75617,334.78,0.39,0.36,2023-11-19,802,N20,VIIRS,n,2,299.13,2.57,D,0,VIIRS_NOAA20_SP
31.37818,72.54937,335.0,0.43,0.38,2023-11-19,802,N20,VIIRS,n,2,295.57,2.86,D,0,VIIRS_NOAA20_SP
31.37821,75.76823,332.95,0.39,0.36,2023-11-19,802,N20,VIIRS,n,2,299.45,2.14,D,0,VIIRS_NOAA20_SP
31.39528,72.50386,328.16,0.43,0.38,2023-11-19,802,N20,VIIRS,n,2,294.62,2.95,D,0,VIIRS_NOAA20_SP
31.39613,73.784,329.23,0.4,0.37,2023-11-19,802,N20,VIIRS,n,2,293.08,1.46,D,0,VIIRS_NOAA20_SP
31.3968,73.78812,337.84,0.4,0.37,2023-11-19,802,N20,VIIRS,n,2,293.66,2.33,D,0,VIIRS_NOAA20_SP
31.39683,72.17788,329.07,0.44,0.38,2023-11-19,802,N20,VIIRS,n,2,295.42,2.44,D,0,VIIRS_NOAA20_SP
31.39946,73.78326,342.91,0.4,0.37,2023-11-19,802,N20,VIIRS,n,2,295.43,5.29,D,0,VIIRS_NOAA20_SP
31.40013,73.78738,356.24,0.4,0.37,2023-11-19,802,N20,VIIRS,n,2,298.7,11.34,D,0,VIIRS_NOAA20_SP
31.40068,75.71407,345.06,0.39,0.36,2023-11-19,802,N20,VIIRS,n,2,301.71,5.93,D,0,VIIRS_NOAA20_SP
31.40579,74.87144,329.73,0.38,0.36,2023-11-19,802,N20,VIIRS,l,2,302.69,2.77,D,0,VIIRS_NOAA20_SP
31.41565,73.61746,327.15,0.4,0.37,2023-11-19,802,N20,VIIRS,n,2,296.03,1.05,D,0,VIIRS_NOAA20_SP
31.42522,74.64768,338.2,0.39,0.36,2023-11-19,802,N20,VIIRS,n,2,299.9,3.09,D,0,VIIRS_NOAA20_SP
31.43331,72.4036,336.15,0.43,0.38,2023-11-19,802,N20,VIIRS,n,2,296.08,9.55,D,0,VIIRS_NOAA20_SP
31.43534,72.46663,332.65,0.43,0.38,2023-11-19,802,N20,VIIRS,n,2,295.1,2.77,D,0,VIIRS_NOAA20_SP
31.44041,75.3432,339.89,0.38,0.36,2023-11-19,802,N20,VIIRS,n,2,298.28,4.03,D,0,VIIRS_NOAA20_SP
31.44337,75.18189,332.75,0.38,0.36,2023-11-19,802,N20,VIIRS,n,2,296.5,2.63,D,0,VIIRS_NOAA20_SP
31.44585,75.37925,332.83,0.38,0.36,2023-11-19,802,N20,VIIRS,n,2,298.25,3.39,D,0,VIIRS_NOAA20_SP
31.44605,74.00668,340.4,0.39,0.36,2023-11-19,802,N20,VIIRS,n,2,298.78,3.48,D,0,VIIRS_NOAA20_SP
31.44867,72.56485,327.91,0.43,0.38,2023-11-19,802,N20,VIIRS,n,2,293.81,2.27,D,0,VIIRS_NOAA20_SP
31.45558,75.71619,330.52,0.39,0.36,2023-11-19,802,N20,VIIRS,n,2,298.15,2.49,D,0,VIIRS_NOAA20_SP
31.46637,73.82019,331.9,0.4,0.37,2023-11-19,802,N20,VIIRS,n,2,296.04,2.81,D,0,VIIRS_NOAA20_SP
31.46709,73.84559,342.5,0.4,0.37,2023-11-19,802,N20,VIIRS,n,2,295.83,3.45,D,0,VIIRS_NOAA20_SP
31.46907,75.64724,334.97,0.38,0.36,2023-11-19,802,N20,VIIRS,n,2,298.65,3.19,D,0,VIIRS_NOAA20_SP
31.4759,73.66837,328.51,0.4,0.37,2023-11-19,802,N20,VIIRS,n,2,296.33,2.2,D,0,VIIRS_NOAA20_SP
31.47607,73.54353,344.85,0.4,0.37,2023-11-19,802,N20,VIIRS,n,2,297.82,6.62,D,0,VIIRS_NOAA20_SP
31.47658,73.67251,330.81,0.4,0.37,2023-11-19,802,N20,VIIRS,n,2,296.1,2.2,D,0,VIIRS_NOAA20_SP
31.50284,75.55389,339.79,0.38,0.36,2023-11-19,802,N20,VIIRS,n,2,298.93,5.0,D,0,VIIRS_NOAA20_SP
31.50405,72.64457,330.79,0.42,0.38,2023-11-19,802,N20,VIIRS,n,2,294.37,2.51,D,0,VIIRS_NOAA20_SP
31.52356,74.62264,334.97,0.39,0.36,2023-11-19,802,N20,VIIRS,n,2,302.16,4.65,D,0,VIIRS_NOAA20_SP
31.52372,75.69456,333.16,0.39,0.36,2023-11-19,802,N20,VIIRS,n,2,301.19,2.53,D,0,VIIRS_NOAA20_SP
31.52554,73.88791,339.51,0.39,0.36,2023-11-19,802,N20,VIIRS,n,2,297.36,3.76,D,0,VIIRS_NOAA20_SP
31.53219,73.92889,330.39,0.39,0.36,2023-11-19,802,N20,VIIRS,n,2,296.49,4.37,D,0,VIIRS_NOAA20_SP
31.53319,74.90266,336.57,0.38,0.36,2023-11-19,802,N20,VIIRS,n,2,302.3,6.34,D,0,VIIRS_NOAA20_SP
31.53648,74.90196,329.86,0.38,0.36,2023-11-19,802,N20,VIIRS,n,2,298.83,1.93,D,0,VIIRS_NOAA20_SP
31.54711,72.44781,339.1,0.43,0.38,2023-11-19,802,N20,VIIRS,n,2,294.54,3.36,D,0,VIIRS_NOAA20_SP
31.54875,73.88276,327.93,0.39,0.36,2023-11-19,802,N20,VIIRS,n,2,296.67,2.95,D,0,VIIRS_NOAA20_SP
31.54942,73.88686,336.11,0.39,0.36,2023-11-19,802,N20,VIIRS,n,2,296.19,2.95,D,0,VIIRS_NOAA20_SP
31.55679,72.38063,333.22,0.43,0.38,2023-11-19,802,N20,VIIRS,n,2,295.52,6.69,D,0,VIIRS_NOAA20_SP
31.56798,72.15758,340.0,0.44,0.38,2023-11-19,802,N20,VIIRS,n,2,295.58,3.26,D,0,VIIRS_NOAA20_SP
31.57807,72.33831,331.46,0.43,0.38,2023-11-19,802,N20,VIIRS,n,2,295.11,3.97,D,0,VIIRS_NOAA20_SP
31.58152,72.33748,331.41,0.43,0.38,2023-11-19,802,N20,VIIRS,n,2,293.69,3.97,D,0,VIIRS_NOAA20_SP
31.58419,72.73929,333.28,0.42,0.38,2023-11-19,802,N20,VIIRS,n,2,294.33,4.55,D,0,VIIRS_NOAA20_SP
31.58636,73.40269,331.03,0.4,0.37,2023-11-19,802,N20,VIIRS,n,2,295.43,1.24,D,0,VIIRS_NOAA20_SP
31.60319,72.42059,330.53,0.43,0.38,2023-11-19,802,N20,VIIRS,n,2,295.7,6.17,D,0,VIIRS_NOAA20_SP
31.60397,72.42503,330.13,0.43,0.38,2023-11-19,802,N20,VIIRS,n,2,293.79,4.55,D,0,VIIRS_NOAA20_SP
31.61327,72.51968,330.51,0.43,0.38,2023-11-19,802,N20,VIIRS,n,2,295.1,3.83,D,0,VIIRS_NOAA20_SP
31.61629,72.49596,332.55,0.43,0.38,2023-11-19,802,N20,VIIRS,n,2,295.0,3.05,D,0,VIIRS_NOAA20_SP
31.61706,72.50039,327.15,0.43,0.38,2023-11-19,802,N20,VIIRS,n,2,294.3,3.05,D,0,VIIRS_NOAA20_SP
31.61729,74.67789,336.1,0.39,0.36,2023-11-19,802,N20,VIIRS,n,2,301.78,3.88,D,0,VIIRS_NOAA20_SP
31.61855,74.68594,352.06,0.39,0.36,2023-11-19,802,N20,VIIRS,n,2,300.23,6.43,D,0,VIIRS_NOAA20_SP
31.62911,75.55728,332.44,0.38,0.36,2023-11-19,802,N20,VIIRS,n,2,300.41,2.96,D,0,VIIRS_NOAA20_SP
31.63382,72.33961,337.35,0.43,0.38,2023-11-19,802,N20,VIIRS,n,2,294.78,7.33,D,0,VIIRS_NOAA20_SP
31.63756,73.40927,332.93,0.4,0.37,2023-11-19,802,N20,VIIRS,n,2,296.04,2.51,D,0,VIIRS_NOAA20_SP
31.64026,72.44875,330.12,0.43,0.38,2023-11-19,802,N20,VIIRS,n,2,295.26,2.6,D,0,VIIRS_NOAA20_SP
31.64386,72.35582,337.42,0.43,0.38,2023-11-19,802,N20,VIIRS,n,2,295.06,5.02,D,0,VIIRS_NOAA20_SP
31.64534,72.42504,326.9,0.43,0.38,2023-11-19,802,N20,VIIRS,n,2,294.09,2.21,D,0,VIIRS_NOAA20_SP
31.6639,72.22482,331.53,0.43,0.38,2023-11-19,802,N20,VIIRS,n,2,296.62,9.36,D,0,VIIRS_NOAA20_SP
31.66441,77.31622,346.49,0.41,0.37,2023-11-19,802,N20,VIIRS,n,2,300.73,8.22,D,0,VIIRS_NOAA20_SP
31.66765,72.20512,334.29,0.43,0.38,2023-11-19,802,N20,VIIRS,n,2,296.77,8.96,D,0,VIIRS_NOAA20_SP
31.67067,73.46248,330.58,0.4,0.37,2023-11-19,802,N20,VIIRS,n,2,295.25,1.32,D,0,VIIRS_NOAA20_SP
31.67401,73.46172,332.75,0.4,0.37,2023-11-19,802,N20,VIIRS,n,2,296.01,2.24,D,0,VIIRS_NOAA20_SP
31.67432,72.79197,331.76,0.42,0.37,2023-11-19,802,N20,VIIRS,n,2,294.13,1.71,D,0,VIIRS_NOAA20_SP
31.68784,75.8402,327.67,0.39,0.36,2023-11-19,802,N20,VIIRS,n,2,297.53,1.94,D,0,VIIRS_NOAA20_SP
31.68802,74.69607,336.71,0.39,0.36,2023-11-19,802,N20,VIIRS,n,2,300.79,4.87,D,0,VIIRS_NOAA20_SP
31.6908,73.47955,334.01,0.4,0.37,2023-11-19,802,N20,VIIRS,n,2,297.0,5.28,D,0,VIIRS_NOAA20_SP
31.70819,72.70309,330.11,0.42,0.38,2023-11-19,802,N20,VIIRS,n,2,293.63,2.72,D,0,VIIRS_NOAA20_SP
31.7232,74.37652,330.3,0.39,0.36,2023-11-19,802,N20,VIIRS,n,2,299.17,1.13,D,0,VIIRS_NOAA20_SP
31.72556,72.72165,343.4,0.42,0.38,2023-11-19,802,N20,VIIRS,n,2,296.64,6.5,D,0,VIIRS_NOAA20_SP
31.72583,73.40772,332.2,0.4,0.37,2023-11-19,802,N20,VIIRS,n,2,296.11,2.89,D,0,VIIRS_NOAA20_SP
31.72631,72.726,334.27,0.42,0.38,2023-11-19,802,N20,VIIRS,n,2,294.36,18.61,D,0,VIIRS_NOAA20_SP
31.72815,74.55923,333.1,0.39,0.36,2023-11-19,802,N20,VIIRS,n,2,298.39,1.69,D,0,VIIRS_NOAA20_SP
31.72896,72.72086,328.04,0.42,0.38,2023-11-19,802,N20,VIIRS,n,2,294.2,6.5,D,0,VIIRS_NOAA20_SP
31.72971,72.7252,352.18,0.42,0.38,2023-11-19,802,N20,VIIRS,n,2,302.35,18.61,D,0,VIIRS_NOAA20_SP
31.73046,72.72954,343.9,0.42,0.38,2023-11-19,802,N20,VIIRS,n,2,299.02,18.61,D,0,VIIRS_NOAA20_SP
31.73131,72.61127,334.3,0.42,0.38,2023-11-19,802,N20,VIIRS,n,2,295.83,4.2,D,0,VIIRS_NOAA20_SP
31.73279,74.65402,330.92,0.39,0.36,2023-11-19,802,N20,VIIRS,n,2,300.01,1.6,D,0,VIIRS_NOAA20_SP
31.73488,73.46204,326.49,0.4,0.37,2023-11-19,802,N20,VIIRS,n,2,296.44,2.5,D,0,VIIRS_NOAA20_SP
31.73625,74.71983,334.05,0.39,0.36,2023-11-19,802,N20,VIIRS,n,2,301.72,5.06,D,0,VIIRS_NOAA20_SP
31.73957,74.18045,342.24,0.39,0.36,2023-11-19,802,N20,VIIRS,n,2,299.16,4.5,D,0,VIIRS_NOAA20_SP
31.74156,73.46053,343.59,0.4,0.37,2023-11-19,802,N20,VIIRS,n,2,302.45,19.65,D,0,VIIRS_NOAA20_SP
31.74243,74.58534,335.04,0.39,0.36,2023-11-19,802,N20,VIIRS,n,2,299.24,4.12,D,0,VIIRS_NOAA20_SP
31.74383,74.57255,330.3,0.39,0.36,2023-11-19,802,N20,VIIRS,n,2,296.9,1.56,D,0,VIIRS_NOAA20_SP
31.74569,72.8386,328.13,0.41,0.37,2023-11-19,802,N20,VIIRS,n,2,294.31,1.34,D,0,VIIRS_NOAA20_SP
31.75153,74.60005,330.08,0.39,0.36,2023-11-19,802,N20,VIIRS,n,2,300.41,2.37,D,0,VIIRS_NOAA20_SP
31.75574,73.19124,326.75,0.41,0.37,2023-11-19,802,N20,VIIRS,n,2,295.7,2.87,D,0,VIIRS_NOAA20_SP
31.75579,74.6491,333.33,0.39,0.36,2023-11-19,802,N20,VIIRS,n,2,302.89,5.35,D,0,VIIRS_NOAA20_SP
31.75784,74.72771,333.74,0.39,0.36,2023-11-19,802,N20,VIIRS,n,2,301.54,3.41,D,0,VIIRS_NOAA20_SP
31.7591,73.19047,328.06,0.41,0.37,2023-11-19,802,N20,VIIRS,n,2,296.16,3.38,D,0,VIIRS_NOAA20_SP
31.76521,74.21269,337.12,0.39,0.36,2023-11-19,802,N20,VIIRS,n,2,301.0,4.6,D,0,VIIRS_NOAA20_SP
31.77467,74.57426,328.81,0.39,0.36,2023-11-19,802,N20,VIIRS,l,2,298.98,1.85,D,0,VIIRS_NOAA20_SP
31.7753,74.57829,330.0,0.39,0.36,2023-11-19,802,N20,VIIRS,n,2,298.03,1.85,D,0,VIIRS_NOAA20_SP
31.77671,74.32771,335.34,0.39,0.36,2023-11-19,802,N20,VIIRS,n,2,298.71,3.1,D,0,VIIRS_NOAA20_SP
31.77868,72.86677,328.98,0.41,0.37,2023-11-19,802,N20,VIIRS,n,2,294.49,2.23,D,0,VIIRS_NOAA20_SP
31.77872,73.41305,330.92,0.4,0.37,2023-11-19,802,N20,VIIRS,n,2,295.23,2.06,D,0,VIIRS_NOAA20_SP
31.78038,75.54762,329.97,0.38,0.36,2023-11-19,802,N20,VIIRS,n,2,296.82,1.49,D,0,VIIRS_NOAA20_SP
31.80607,74.84205,331.75,0.38,0.36,2023-11-19,802,N20,VIIRS,n,2,298.38,3.78,D,0,VIIRS_NOAA20_SP
31.80966,74.57971,341.27,0.39,0.36,2023-11-19,802,N20,VIIRS,n,2,298.5,2.73,D,0,VIIRS_NOAA20_SP
31.81257,74.40368,329.46,0.39,0.36,2023-11-19,802,N20,VIIRS,n,2,297.95,2.21,D,0,VIIRS_NOAA20_SP
31.81306,73.40102,341.57,0.4,0.37,2023-11-19,802,N20,VIIRS,n,2,297.71,7.13,D,0,VIIRS_NOAA20_SP
31.81957,73.21186,329.85,0.41,0.37,2023-11-19,802,N20,VIIRS,n,2,296.22,1.87,D,0,VIIRS_NOAA20_SP
31.81965,75.24169,340.17,0.38,0.36,2023-11-19,802,N20,VIIRS,n,2,301.78,2.85,D,0,VIIRS_NOAA20_SP
31.82102,73.30344,338.67,0.4,0.37,2023-11-19,802,N20,VIIRS,n,2,296.9,3.13,D,0,VIIRS_NOAA20_SP
31.8247,73.34619,332.92,0.4,0.37,2023-11-19,802,N20,VIIRS,n,2,296.02,3.42,D,0,VIIRS_NOAA20_SP
31.83134,74.67505,329.29,0.39,0.36,2023-11-19,802,N20,VIIRS,n,2,301.55,1.55,D,0,VIIRS_NOAA20_SP
31.83559,73.36981,328.85,0.4,0.37,2023-11-19,802,N20,VIIRS,n,2,296.75,2.15,D,0,VIIRS_NOAA20_SP
31.83878,73.34733,338.85,0.4,0.37,2023-11-19,802,N20,VIIRS,n,2,299.5,8.67,D,0,VIIRS_NOAA20_SP
31.84138,74.89319,332.43,0.38,0.36,2023-11-19,802,N20,VIIRS,n,2,300.06,1.8,D,0,VIIRS_NOAA20_SP
31.84495,74.69711,339.85,0.39,0.36,2023-11-19,802,N20,VIIRS,n,2,299.78,2.82,D,0,VIIRS_NOAA20_SP
31.84573,74.20438,329.74,0.39,0.36,2023-11-19,802,N20,VIIRS,n,2,299.44,1.59,D,0,VIIRS_NOAA20_SP
31.84771,73.38008,334.16,0.4,0.37,2023-11-19,802,N20,VIIRS,n,2,297.34,2.8,D,0,VIIRS_NOAA20_SP
31.85025,74.36201,331.35,0.39,0.36,2023-11-19,802,N20,VIIRS,n,2,297.75,1.41,D,0,VIIRS_NOAA20_SP
31.85105,73.37933,343.07,0.4,0.37,2023-11-19,802,N20,VIIRS,n,2,299.02,15.59,D,0,VIIRS_NOAA20_SP
31.85125,74.54158,330.49,0.39,0.36,2023-11-19,802,N20,VIIRS,n,2,296.13,1.51,D,0,VIIRS_NOAA20_SP
31.85145,73.34007,327.92,0.4,0.37,2023-11-19,802,N20,VIIRS,n,2,296.24,2.27,D,0,VIIRS_NOAA20_SP
31.85152,74.37011,331.77,0.39,0.36,2023-11-19,802,N20,VIIRS,n,2,297.09,2.88,D,0,VIIRS_NOAA20_SP
31.85196,74.41607,331.66,0.39,0.36,2023-11-19,802,N20,VIIRS,n,2,300.58,2.19,D,0,VIIRS_NOAA20_SP
31.85546,74.37345,332.05,0.39,0.36,2023-11-19,802,N20,VIIRS,n,2,298.09,2.18,D,0,VIIRS_NOAA20_SP
31.86004,74.27268,339.55,0.39,0.36,2023-11-19,802,N20,VIIRS,n,2,297.79,3.63,D,0,VIIRS_NOAA20_SP
31.86666,74.99168,331.6,0.38,0.36,2023-11-19,802,N20,VIIRS,n,2,300.37,2.68,D,0,VIIRS_NOAA20_SP
31.86755,74.55893,340.09,0.39,0.36,2023-11-19,802,N20,VIIRS,n,2,297.94,3.38,D,0,VIIRS_NOAA20_SP
31.87084,74.55823,334.31,0.39,0.36,2023-11-19,802,N20,VIIRS,n,2,298.01,2.94,D,0,VIIRS_NOAA20_SP
31.87108,74.32063,341.59,0.39,0.36,2023-11-19,802,N20,VIIRS,n,2,298.61,3.87,D,0,VIIRS_NOAA20_SP
31.87186,74.49956,328.95,0.39,0.36,2023-11-19,802,N20,VIIRS,n,2,298.51,2.08,D,0,VIIRS_NOAA20_SP
31.87292,73.59486,336.45,0.4,0.37,2023-11-19,802,N20,VIIRS,n,2,300.09,10.01,D,0,VIIRS_NOAA20_SP
31.87943,74.3733,334.17,0.39,0.36,2023-11-19,802,N20,VIIRS,n,2,300.54,4.88,D,0,VIIRS_NOAA20_SP
31.88024,74.33541,334.7,0.39,0.36,2023-11-19,802,N20,VIIRS,n,2,296.81,3.58,D,0,VIIRS_NOAA20_SP
31.88353,74.33469,350.37,0.39,0.36,2023-11-19,802,N20,VIIRS,n,2,299.4,6.3,D,0,VIIRS_NOAA20_SP
31.88696,73.24019,332.33,0.4,0.37,2023-11-19,802,N20,VIIRS,n,2,296.22,2.53,D,0,VIIRS_NOAA20_SP
31.88879,73.31408,342.9,0.4,0.37,2023-11-19,802,N20,VIIRS,n,2,297.52,3.42,D,0,VIIRS_NOAA20_SP
31.88963,74.92039,333.54,0.38,0.36,2023-11-19,802,N20,VIIRS,n,2,299.34,2.18,D,0,VIIRS_NOAA20_SP
31.89826,73.32935,331.8,0.4,0.37,2023-11-19,802,N20,VIIRS,n,2,297.7,5.77,D,0,VIIRS_NOAA20_SP
31.90006,74.46089,332.13,0.39,0.36,2023-11-19,802,N20,VIIRS,n,2,297.8,1.67,D,0,VIIRS_NOAA20_SP
31.90492,74.53503,332.05,0.39,0.36,2023-11-19,802,N20,VIIRS,n,2,298.76,2.05,D,0,VIIRS_NOAA20_SP
31.92499,74.46804,340.32,0.39,0.36,2023-11-19,802,N20,VIIRS,n,2,298.76,5.21,D,0,VIIRS_NOAA20_SP
31.92601,74.62645,333.46,0.39,0.36,2023-11-19,802,N20,VIIRS,n,2,300.62,1.96,D,0,VIIRS_NOAA20_SP
31.92764,74.46329,346.5,0.39,0.36,2023-11-19,802,N20,VIIRS,n,2,299.31,5.32,D,0,VIIRS_NOAA20_SP
31.93178,74.42474,330.67,0.39,0.36,2023-11-19,802,N20,VIIRS,n,2,298.01,1.91,D,0,VIIRS_NOAA20_SP
31.93507,74.42403,334.13,0.39,0.36,2023-11-19,802,N20,VIIRS,n,2,298.3,1.91,D,0,VIIRS_NOAA20_SP
31.93555,74.31918,341.01,0.39,0.36,2023-11-19,802,N20,VIIRS,n,2,300.7,4.88,D,0,VIIRS_NOAA20_SP
31.9356,74.44902,334.81,0.39,0.36,2023-11-19,802,N20,VIIRS,n,2,299.09,2.87,D,0,VIIRS_NOAA20_SP
31.93571,74.42809,331.36,0.39,0.36,2023-11-19,802,N20,VIIRS,n,2,298.66,1.91,D,0,VIIRS_NOAA20_SP
31.93836,74.42332,344.56,0.39,0.36,2023-11-19,802,N20,VIIRS,n,2,301.11,6.35,D,0,VIIRS_NOAA20_SP
31.9391,74.40642,335.05,0.39,0.36,2023-11-19,802,N20,VIIRS,n,2,299.83,2.25,D,0,VIIRS_NOAA20_SP
31.93959,75.27122,328.95,0.38,0.36,2023-11-19,802,N20,VIIRS,n,2,299.26,0.73,D,0,VIIRS_NOAA20_SP
31.94543,74.66396,332.55,0.39,0.36,2023-11-19,802,N20,VIIRS,n,2,298.76,1.7,D,0,VIIRS_NOAA20_SP
31.94674,74.45499,330.35,0.39,0.36,2023-11-19,802,N20,VIIRS,n,2,298.83,2.32,D,0,VIIRS_NOAA20_SP
31.94699,74.71769,348.41,0.38,0.36,2023-11-19,802,N20,VIIRS,n,2,299.67,4.78,D,0,VIIRS_NOAA20_SP
31.94712,74.78428,336.54,0.38,0.36,2023-11-19,802,N20,VIIRS,n,2,300.05,2.55,D,0,VIIRS_NOAA20_SP
31.94823,74.42119,336.76,0.39,0.36,2023-11-19,802,N20,VIIRS,n,2,298.91,2.33,D,0,VIIRS_NOAA20_SP
31.94944,74.82124,332.57,0.38,0.36,2023-11-19,802,N20,VIIRS,n,2,299.29,3.13,D,0,VIIRS_NOAA20_SP
31.9503,74.52108,333.81,0.39,0.36,2023-11-19,802,N20,VIIRS,n,2,297.33,2.47,D,0,VIIRS_NOAA20_SP
31.95128,74.33253,329.76,0.39,0.36,2023-11-19,802,N20,VIIRS,n,2,298.05,2.28,D,0,VIIRS_NOAA20_SP
31.95703,74.36902,334.7,0.39,0.36,2023-11-19,802,N20,VIIRS,n,2,298.79,4.99,D,0,VIIRS_NOAA20_SP
31.95746,74.63221,336.58,0.39,0.36,2023-11-19,802,N20,VIIRS,n,2,298.04,4.58,D,0,VIIRS_NOAA20_SP
31.95809,74.63625,337.79,0.39,0.36,2023-11-19,802,N20,VIIRS,n,2,299.25,4.87,D,0,VIIRS_NOAA20_SP
31.96529,74.63887,332.13,0.39,0.36,2023-11-19,802,N20,VIIRS,n,2,299.94,8.11,D,0,VIIRS_NOAA20_SP
31.96559,74.48853,336.06,0.39,0.36,2023-11-19,802,N20,VIIRS,n,2,298.32,3.67,D,0,VIIRS_NOAA20_SP
31.97264,74.40334,332.86,0.39,0.36,2023-11-19,802,N20,VIIRS,n,2,300.18,1.41,D,0,VIIRS_NOAA20_SP
31.97291,74.34026,343.67,0.39,0.36,2023-11-19,802,N20,VIIRS,n,2,299.14,5.78,D,0,VIIRS_NOAA20_SP
31.98471,74.35028,334.97,0.39,0.36,2023-11-19,802,N20,VIIRS,n,2,298.84,2.6,D,0,VIIRS_NOAA20_SP
31.99273,74.46578,339.04,0.39,0.36,2023-11-19,802,N20,VIIRS,n,2,298.96,4.43,D,0,VIIRS_NOAA20_SP
32.00883,74.52499,331.43,0.39,0.36,2023-11-19,802,N20,VIIRS,n,2,299.12,3.38,D,0,VIIRS_NOAA20_SP
32.01659,74.707,330.68,0.38,0.36,2023-11-19,802,N20,VIIRS,n,2,298.67,2.37,D,0,VIIRS_NOAA20_SP
32.02094,74.47222,334.64,0.39,0.36,2023-11-19,802,N20,VIIRS,n,2,299.31,2.77,D,0,VIIRS_NOAA20_SP
32.03463,74.69044,329.08,0.38,0.36,2023-11-19,802,N20,VIIRS,l,2,300.34,1.34,D,0,VIIRS_NOAA20_SP
32.03934,74.67702,338.01,0.38,0.36,2023-11-19,802,N20,VIIRS,n,2,298.69,2.9,D,0,VIIRS_NOAA20_SP
32.03997,74.68105,334.42,0.38,0.36,2023-11-19,802,N20,VIIRS,n,2,297.88,2.9,D,0,VIIRS_NOAA20_SP
32.05851,75.00201,329.33,0.38,0.36,2023-11-19,802,N20,VIIRS,n,2,297.59,1.23,D,0,VIIRS_NOAA20_SP
32.06631,75.00869,352.71,0.38,0.36,2023-11-19,802,N20,VIIRS,n,2,298.41,5.64,D,0,VIIRS_NOAA20_SP
32.0706,74.7036,334.45,0.38,0.36,2023-11-19,802,N20,VIIRS,n,2,299.07,5.82,D,0,VIIRS_NOAA20_SP
32.07139,74.49058,331.22,0.39,0.36,2023-11-19,802,N20,VIIRS,n,2,299.78,3.02,D,0,VIIRS_NOAA20_SP
32.07513,74.62347,333.77,0.39,0.36,2023-11-19,802,N20,VIIRS,n,2,298.46,2.55,D,0,VIIRS_NOAA20_SP
32.07542,74.58167,342.22,0.39,0.36,2023-11-19,802,N20,VIIRS,n,2,298.47,3.46,D,0,VIIRS_NOAA20_SP
32.07842,74.62276,348.37,0.39,0.36,2023-11-19,802,N20,VIIRS,n,2,299.68,4.53,D,0,VIIRS_NOAA20_SP
32.08678,75.39126,329.55,0.38,0.36,2023-11-19,802,N20,VIIRS,n,2,298.26,2.24,D,0,VIIRS_NOAA20_SP
32.09161,75.06139,333.04,0.38,0.36,2023-11-19,802,N20,VIIRS,n,2,298.84,4.16,D,0,VIIRS_NOAA20_SP
32.09222,75.06542,336.42,0.38,0.36,2023-11-19,802,N20,VIIRS,n,2,296.96,1.79,D,0,VIIRS_NOAA20_SP
32.09615,75.00219,334.16,0.38,0.36,2023-11-19,802,N20,VIIRS,n,2,298.31,2.04,D,0,VIIRS_NOAA20_SP
32.12693,74.93742,332.24,0.38,0.36,2023-11-19,802,N20,VIIRS,n,2,298.67,10.44,D,0,VIIRS_NOAA20_SP
32.13021,74.93674,342.09,0.38,0.36,2023-11-19,802,N20,VIIRS,n,2,306.37,10.44,D,0,VIIRS_NOAA20_SP
32.13083,74.94077,349.24,0.38,0.36,2023-11-19,802,N20,VIIRS,n,2,300.78,13.21,D,0,VIIRS_NOAA20_SP
32.131,75.05312,345.58,0.38,0.36,2023-11-19,802,N20,VIIRS,n,2,299.78,6.24,D,0,VIIRS_NOAA20_SP
32.13174,75.32764,328.3,0.38,0.36,2023-11-19,802,N20,VIIRS,n,2,296.18,1.16,D,0,VIIRS_NOAA20_SP
32.13345,75.06927,329.79,0.38,0.36,2023-11-19,802,N20,VIIRS,n,2,297.85,1.05,D,0,VIIRS_NOAA20_SP
32.13875,75.23884,328.96,0.38,0.36,2023-11-19,802,N20,VIIRS,n,2,298.42,4.7,D,0,VIIRS_NOAA20_SP
32.13935,75.24287,335.75,0.38,0.36,2023-11-19,802,N20,VIIRS,n,2,299.15,4.7,D,0,VIIRS_NOAA20_SP
32.17532,75.30196,330.94,0.38,0.36,2023-11-19,802,N20,VIIRS,n,2,298.2,2.75,D,0,VIIRS_NOAA20_SP
32.19599,75.32685,334.06,0.38,0.36,2023-11-19,802,N20,VIIRS,n,2,298.44,1.48,D,0,VIIRS_NOAA20_SP
31.48753,70.70048,335.7,0.5,0.41,2023-11-19,803,N20,VIIRS,n,2,303.77,17.72,D,0,VIIRS_NOAA20_SP
31.78119,72.26873,331.5,0.43,0.38,2023-11-19,803,N20,VIIRS,n,2,295.99,2.79,D,0,VIIRS_NOAA20_SP
31.84299,72.31451,331.41,0.43,0.38,2023-11-19,803,N20,VIIRS,n,2,295.93,2.74,D,0,VIIRS_NOAA20_SP
31.84419,72.31097,331.32,0.43,0.38,2023-11-19,803,N20,VIIRS,n,2,294.53,2.14,D,0,VIIRS_NOAA20_SP
31.90766,72.87836,330.62,0.41,0.37,2023-11-19,803,N20,VIIRS,n,2,294.58,3.83,D,0,VIIRS_NOAA20_SP
31.93183,73.45747,327.5,0.4,0.37,2023-11-19,803,N20,VIIRS,n,2,296.41,1.65,D,0,VIIRS_NOAA20_SP
31.93423,72.39603,329.49,0.43,0.38,2023-11-19,803,N20,VIIRS,n,2,295.82,6.1,D,0,VIIRS_NOAA20_SP
31.94694,73.00724,333.32,0.41,0.37,2023-11-19,803,N20,VIIRS,n,2,294.49,3.61,D,0,VIIRS_NOAA20_SP
31.95265,73.47869,334.73,0.4,0.37,2023-11-19,803,N20,VIIRS,n,2,297.06,2.64,D,0,VIIRS_NOAA20_SP
31.95334,73.48285,331.41,0.4,0.37,2023-11-19,803,N20,VIIRS,n,2,295.33,2.64,D,0,VIIRS_NOAA20_SP
31.9582,73.30371,337.57,0.4,0.37,2023-11-19,803,N20,VIIRS,n,2,296.04,3.12,D,0,VIIRS_NOAA20_SP
31.95842,73.2425,327.79,0.4,0.37,2023-11-19,803,N20,VIIRS,n,2,294.9,1.55,D,0,VIIRS_NOAA20_SP
31.96014,72.42213,327.88,0.42,0.38,2023-11-19,803,N20,VIIRS,n,2,294.58,1.85,D,0,VIIRS_NOAA20_SP
31.9677,70.87801,331.65,0.49,0.4,2023-11-19,803,N20,VIIRS,n,2,298.48,3.28,D,0,VIIRS_NOAA20_SP
31.97057,73.46164,349.87,0.4,0.37,2023-11-19,803,N20,VIIRS,n,2,298.76,9.79,D,0,VIIRS_NOAA20_SP
31.97126,73.46581,336.02,0.4,0.37,2023-11-19,803,N20,VIIRS,n,2,297.02,5.83,D,0,VIIRS_NOAA20_SP
31.97321,73.45671,330.41,0.4,0.37,2023-11-19,803,N20,VIIRS,n,2,295.6,3.58,D,0,VIIRS_NOAA20_SP
31.98691,70.89945,331.77,0.48,0.4,2023-11-19,803,N20,VIIRS,n,2,297.14,5.05,D,0,VIIRS_NOAA20_SP
31.98965,73.00713,326.72,0.41,0.37,2023-11-19,803,N20,VIIRS,n,2,293.88,1.69,D,0,VIIRS_NOAA20_SP
31.99216,72.407,330.34,0.42,0.38,2023-11-19,803,N20,VIIRS,n,2,295.04,2.96,D,0,VIIRS_NOAA20_SP
32.0036,73.53621,330.75,0.4,0.37,2023-11-19,803,N20,VIIRS,n,2,295.59,2.41,D,0,VIIRS_NOAA20_SP
32.00441,72.43633,331.46,0.42,0.38,2023-11-19,803,N20,VIIRS,n,2,294.45,3.14,D,0,VIIRS_NOAA20_SP
32.00747,73.23642,333.45,0.4,0.37,2023-11-19,803,N20,VIIRS,n,2,299.09,8.91,D,0,VIIRS_NOAA20_SP
32.01241,73.42177,335.21,0.4,0.37,2023-11-19,803,N20,VIIRS,n,2,296.6,5.24,D,0,VIIRS_NOAA20_SP
32.01276,73.3609,335.07,0.4,0.37,2023-11-19,803,N20,VIIRS,n,2,295.76,2.65,D,0,VIIRS_NOAA20_SP
32.01408,73.49498,343.72,0.4,0.37,2023-11-19,803,N20,VIIRS,n,2,298.3,4.98,D,0,VIIRS_NOAA20_SP
32.01414,73.36929,332.23,0.4,0.37,2023-11-19,803,N20,VIIRS,n,2,296.24,3.9,D,0,VIIRS_NOAA20_SP
32.01426,73.39097,344.36,0.4,0.37,2023-11-19,803,N20,VIIRS,n,2,296.7,5.5,D,0,VIIRS_NOAA20_SP
32.01574,73.42101,329.66,0.4,0.37,2023-11-19,803,N20,VIIRS,n,2,296.27,2.87,D,0,VIIRS_NOAA20_SP
32.01886,73.37688,338.5,0.4,0.37,2023-11-19,803,N20,VIIRS,n,2,297.58,4.16,D,0,VIIRS_NOAA20_SP
32.02176,73.25937,326.77,0.4,0.37,2023-11-19,803,N20,VIIRS,n,2,294.09,3.25,D,0,VIIRS_NOAA20_SP
32.03165,73.56002,331.18,0.4,0.37,2023-11-19,803,N20,VIIRS,n,2,297.36,4.73,D,0,VIIRS_NOAA20_SP
32.03565,73.56342,328.22,0.4,0.37,2023-11-19,803,N20,VIIRS,n,2,295.75,3.7,D,0,VIIRS_NOAA20_SP
32.03619,73.30408,332.6,0.4,0.37,2023-11-19,803,N20,VIIRS,n,2,295.34,3.37,D,0,VIIRS_NOAA20_SP
32.03946,73.386,329.44,0.4,0.37,2023-11-19,803,N20,VIIRS,n,2,297.34,3.47,D,0,VIIRS_NOAA20_SP
32.04163,73.3159,328.36,0.4,0.37,2023-11-19,803,N20,VIIRS,n,2,296.66,4.06,D,0,VIIRS_NOAA20_SP
32.04233,73.3201,331.77,0.4,0.37,2023-11-19,803,N20,VIIRS,n,2,295.18,3.33,D,0,VIIRS_NOAA20_SP
32.05369,73.58947,344.82,0.4,0.37,2023-11-19,803,N20,VIIRS,n,2,302.0,14.79,D,0,VIIRS_NOAA20_SP
32.05437,73.59361,331.82,0.4,0.37,2023-11-19,803,N20,VIIRS,n,2,296.07,4.46,D,0,VIIRS_NOAA20_SP
32.05606,74.07041,330.72,0.39,0.36,2023-11-19,803,N20,VIIRS,n,2,296.91,1.53,D,0,VIIRS_NOAA20_SP
32.06477,72.3526,334.01,0.43,0.38,2023-11-19,803,N20,VIIRS,n,2,294.7,2.57,D,0,VIIRS_NOAA20_SP
32.0682,72.35177,344.76,0.43,0.38,2023-11-19,803,N20,VIIRS,n,2,296.31,7.31,D,0,VIIRS_NOAA20_SP
32.07449,73.3258,327.95,0.4,0.37,2023-11-19,803,N20,VIIRS,n,2,295.13,2.06,D,0,VIIRS_NOAA20_SP
32.07508,72.39172,339.79,0.42,0.38,2023-11-19,803,N20,VIIRS,n,2,295.83,4.58,D,0,VIIRS_NOAA20_SP
32.0854,74.40466,342.19,0.39,0.36,2023-11-19,803,N20,VIIRS,n,2,298.36,3.01,D,0,VIIRS_NOAA20_SP
32.08553,73.18335,326.62,0.4,0.37,2023-11-19,803,N20,VIIRS,n,2,295.12,2.08,D,0,VIIRS_NOAA20_SP
32.09251,74.42825,330.29,0.39,0.36,2023-11-19,803,N20,VIIRS,n,2,298.42,3.6,D,0,VIIRS_NOAA20_SP
32.1002,73.37646,331.95,0.4,0.37,2023-11-19,803,N20,VIIRS,n,2,295.64,2.0,D,0,VIIRS_NOAA20_SP
32.10427,73.52702,344.09,0.4,0.37,2023-11-19,803,N20,VIIRS,n,2,298.56,4.07,D,0,VIIRS_NOAA20_SP
32.10529,73.61716,327.26,0.4,0.37,2023-11-19,803,N20,VIIRS,n,2,296.63,2.82,D,0,VIIRS_NOAA20_SP
32.11434,73.39926,347.26,0.4,0.37,2023-11-19,803,N20,VIIRS,n,2,298.81,5.61,D,0,VIIRS_NOAA20_SP
32.11443,73.56779,332.51,0.4,0.37,2023-11-19,803,N20,VIIRS,n,2,297.83,2.58,D,0,VIIRS_NOAA20_SP
32.116,72.38786,329.83,0.42,0.38,2023-11-19,803,N20,VIIRS,n,2,294.19,5.44,D,0,VIIRS_NOAA20_SP
32.11767,73.3985,331.46,0.4,0.37,2023-11-19,803,N20,VIIRS,n,2,296.08,5.61,D,0,VIIRS_NOAA20_SP
32.11965,74.38465,339.97,0.39,0.36,2023-11-19,803,N20,VIIRS,n,2,300.1,3.88,D,0,VIIRS_NOAA20_SP
32.12199,74.4428,338.66,0.39,0.36,2023-11-19,803,N20,VIIRS,n,2,298.18,2.79,D,0,VIIRS_NOAA20_SP
32.12844,73.92789,346.78,0.39,0.36,2023-11-19,803,N20,VIIRS,n,2,298.65,5.86,D,0,VIIRS_NOAA20_SP
32.13379,74.56155,336.95,0.39,0.36,2023-11-19,803,N20,VIIRS,n,2,298.15,2.33,D,0,VIIRS_NOAA20_SP
32.13429,73.36115,328.42,0.4,0.37,2023-11-19,803,N20,VIIRS,n,2,296.65,4.11,D,0,VIIRS_NOAA20_SP
32.13498,73.36534,330.63,0.4,0.37,2023-11-19,803,N20,VIIRS,n,2,295.77,4.11,D,0,VIIRS_NOAA20_SP
32.14021,72.32191,333.95,0.43,0.38,2023-11-19,803,N20,VIIRS,n,2,297.45,6.12,D,0,VIIRS_NOAA20_SP
32.1454,74.59247,330.62,0.39,0.36,2023-11-19,803,N20,VIIRS,n,2,297.48,2.05,D,0,VIIRS_NOAA20_SP
32.1466,73.65934,333.95,0.39,0.37,2023-11-19,803,N20,VIIRS,n,2,295.86,4.21,D,0,VIIRS_NOAA20_SP
32.14995,73.30971,333.56,0.4,0.37,2023-11-19,803,N20,VIIRS,n,2,295.64,3.47,D,0,VIIRS_NOAA20_SP
32.15057,74.60389,329.62,0.39,0.36,2023-11-19,803,N20,VIIRS,l,2,301.74,4.11,D,0,VIIRS_NOAA20_SP
32.1512,74.60793,331.65,0.39,0.36,2023-11-19,803,N20,VIIRS,n,2,298.1,4.11,D,0,VIIRS_NOAA20_SP
32.15323,74.59914,329.38,0.39,0.36,2023-11-19,803,N20,VIIRS,n,2,298.89,1.49,D,0,VIIRS_NOAA20_SP
32.15865,74.83154,332.94,0.38,0.36,2023-11-19,803,N20,VIIRS,n,2,299.59,4.33,D,0,VIIRS_NOAA20_SP
32.15989,74.83961,332.54,0.38,0.36,2023-11-19,803,N20,VIIRS,n,2,301.08,2.38,D,0,VIIRS_NOAA20_SP
32.15993,73.5155,333.48,0.4,0.37,2023-11-19,803,N20,VIIRS,n,2,296.88,4.0,D,0,VIIRS_NOAA20_SP
32.16584,74.83418,339.06,0.38,0.36,2023-11-19,803,N20,VIIRS,n,2,300.96,3.83,D,0,VIIRS_NOAA20_SP
32.16749,73.436,330.78,0.4,0.37,2023-11-19,803,N20,VIIRS,n,2,295.73,2.45,D,0,VIIRS_NOAA20_SP
32.16818,73.44017,326.63,0.4,0.37,2023-11-19,803,N20,VIIRS,n,2,295.7,1.76,D,0,VIIRS_NOAA20_SP
32.16912,74.83349,341.1,0.38,0.36,2023-11-19,803,N20,VIIRS,n,2,299.81,3.83,D,0,VIIRS_NOAA20_SP
32.17496,74.58611,330.9,0.39,0.36,2023-11-19,803,N20,VIIRS,n,2,297.53,1.94,D,0,VIIRS_NOAA20_SP
32.18287,74.83473,334.92,0.38,0.36,2023-11-19,803,N20,VIIRS,n,2,300.77,3.06,D,0,VIIRS_NOAA20_SP
32.18739,74.8421,344.58,0.38,0.36,2023-11-19,803,N20,VIIRS,n,2,301.81,3.61,D,0,VIIRS_NOAA20_SP
32.1882,73.58232,328.17,0.4,0.37,2023-11-19,803,N20,VIIRS,n,2,296.04,1.76,D,0,VIIRS_NOAA20_SP
32.18951,74.96667,336.0,0.38,0.36,2023-11-19,803,N20,VIIRS,n,2,298.82,2.2,D,0,VIIRS_NOAA20_SP
32.19051,73.76072,332.71,0.39,0.36,2023-11-19,803,N20,VIIRS,n,2,297.76,2.53,D,0,VIIRS_NOAA20_SP
32.19068,74.84141,334.92,0.38,0.36,2023-11-19,803,N20,VIIRS,n,2,299.16,3.61,D,0,VIIRS_NOAA20_SP
32.19152,73.58157,339.65,0.4,0.37,2023-11-19,803,N20,VIIRS,n,2,300.31,8.64,D,0,VIIRS_NOAA20_SP
32.20203,74.95986,339.63,0.38,0.36,2023-11-19,803,N20,VIIRS,n,2,300.62,6.1,D,0,VIIRS_NOAA20_SP
32.2082,73.59928,329.88,0.4,0.37,2023-11-19,803,N20,VIIRS,n,2,299.76,2.37,D,0,VIIRS_NOAA20_SP
32.21773,73.48941,330.77,0.4,0.37,2023-11-19,803,N20,VIIRS,n,2,296.29,2.23,D,0,VIIRS_NOAA20_SP
32.22311,73.50113,330.94,0.4,0.37,2023-11-19,803,N20,VIIRS,n,2,297.6,4.31,D,0,VIIRS_NOAA20_SP
32.2233,74.70095,344.52,0.38,0.36,2023-11-19,803,N20,VIIRS,n,2,298.67,6.05,D,0,VIIRS_NOAA20_SP
32.22379,73.50529,339.21,0.4,0.37,2023-11-19,803,N20,VIIRS,n,2,297.5,6.98,D,0,VIIRS_NOAA20_SP
32.22393,74.70499,328.82,0.38,0.36,2023-11-19,803,N20,VIIRS,n,2,296.92,1.6,D,0,VIIRS_NOAA20_SP
32.22438,73.48788,343.19,0.4,0.37,2023-11-19,803,N20,VIIRS,n,2,297.2,7.68,D,0,VIIRS_NOAA20_SP
32.22638,75.30052,328.11,0.38,0.36,2023-11-19,803,N20,VIIRS,n,2,298.05,1.83,D,0,VIIRS_NOAA20_SP
32.22792,75.33354,337.0,0.38,0.36,2023-11-19,803,N20,VIIRS,n,2,298.08,2.48,D,0,VIIRS_NOAA20_SP
32.23001,73.85948,333.15,0.39,0.36,2023-11-19,803,N20,VIIRS,n,2,296.94,4.31,D,0,VIIRS_NOAA20_SP
32.23215,73.30389,327.02,0.4,0.37,2023-11-19,803,N20,VIIRS,n,2,295.37,1.76,D,0,VIIRS_NOAA20_SP
32.23332,73.85874,345.82,0.39,0.36,2023-11-19,803,N20,VIIRS,n,2,299.35,4.31,D,0,VIIRS_NOAA20_SP
32.23398,73.86285,333.81,0.39,0.36,2023-11-19,803,N20,VIIRS,n,2,298.85,4.2,D,0,VIIRS_NOAA20_SP
32.25144,74.86187,333.4,0.38,0.36,2023-11-19,803,N20,VIIRS,n,2,298.56,2.31,D,0,VIIRS_NOAA20_SP
32.25206,74.86591,346.07,0.38,0.36,2023-11-19,803,N20,VIIRS,n,2,302.28,8.49,D,0,VIIRS_NOAA20_SP
32.25267,74.86995,346.92,0.38,0.36,2023-11-19,803,N20,VIIRS,n,2,301.01,8.49,D,0,VIIRS_NOAA20_SP
32.25361,75.32406,335.87,0.38,0.36,2023-11-19,803,N20,VIIRS,n,2,298.08,3.16,D,0,VIIRS_NOAA20_SP
32.25596,74.86926,343.34,0.38,0.36,2023-11-19,803,N20,VIIRS,n,2,298.24,8.49,D,0,VIIRS_NOAA20_SP
32.26079,75.32675,331.7,0.38,0.36,2023-11-19,803,N20,VIIRS,n,2,298.28,1.79,D,0,VIIRS_NOAA20_SP
32.262,75.33484,335.5,0.38,0.36,2023-11-19,803,N20,VIIRS,n,2,298.98,5.61,D,0,VIIRS_NOAA20_SP
32.26407,75.32607,327.67,0.38,0.36,2023-11-19,803,N20,VIIRS,l,2,298.13,1.79,D,0,VIIRS_NOAA20_SP
32.2654,75.04237,332.23,0.38,0.36,2023-11-19,803,N20,VIIRS,n,2,299.16,2.32,D,0,VIIRS_NOAA20_SP
32.27419,75.30312,333.11,0.38,0.36,2023-11-19,803,N20,VIIRS,n,2,301.24,2.11,D,0,VIIRS_NOAA20_SP
32.275,73.34274,345.45,0.4,0.37,2023-11-19,803,N20,VIIRS,n,2,296.7,4.2,D,0,VIIRS_NOAA20_SP
32.27833,73.34198,340.32,0.4,0.37,2023-11-19,803,N20,VIIRS,n,2,295.69,4.2,D,0,VIIRS_NOAA20_SP
32.2893,73.28284,328.77,0.4,0.37,2023-11-19,803,N20,VIIRS,n,2,297.7,4.61,D,0,VIIRS_NOAA20_SP
32.28999,73.28704,330.62,0.4,0.37,2023-11-19,803,N20,VIIRS,n,2,295.22,4.61,D,0,VIIRS_NOAA20_SP
32.30267,75.08499,340.92,0.38,0.36,2023-11-19,803,N20,VIIRS,n,2,301.21,5.84,D,0,VIIRS_NOAA20_SP
32.30781,74.82947,332.2,0.38,0.36,2023-11-19,803,N20,VIIRS,n,2,297.28,1.86,D,0,VIIRS_NOAA20_SP
32.31167,73.4601,336.69,0.4,0.37,2023-11-19,803,N20,VIIRS,n,2,296.85,5.42,D,0,VIIRS_NOAA20_SP
32.31638,73.34194,335.55,0.4,0.37,2023-11-19,803,N20,VIIRS,n,2,296.14,2.95,D,0,VIIRS_NOAA20_SP
32.32464,74.69641,332.76,0.38,0.36,2023-11-19,803,N20,VIIRS,n,2,298.69,6.65,D,0,VIIRS_NOAA20_SP
32.33004,73.40393,329.65,0.4,0.37,2023-11-19,803,N20,VIIRS,n,2,295.14,2.15,D,0,VIIRS_NOAA20_SP
32.33073,73.4081,330.11,0.4,0.37,2023-11-19,803,N20,VIIRS,n,2,294.56,2.15,D,0,VIIRS_NOAA20_SP
32.33215,74.65726,331.07,0.38,0.36,2023-11-19,803,N20,VIIRS,n,2,298.64,2.21,D,0,VIIRS_NOAA20_SP
32.33706,74.20825,332.77,0.39,0.36,2023-11-19,803,N20,VIIRS,n,2,298.16,1.77,D,0,VIIRS_NOAA20_SP
32.34275,74.05077,330.97,0.39,0.36,2023-11-19,803,N20,VIIRS,n,2,300.31,1.59,D,0,VIIRS_NOAA20_SP
32.34932,74.41576,332.52,0.39,0.36,2023-11-19,803,N20,VIIRS,n,2,298.23,2.49,D,0,VIIRS_NOAA20_SP
32.3563,74.46038,337.45,0.39,0.36,2023-11-19,803,N20,VIIRS,n,2,298.91,3.03,D,0,VIIRS_NOAA20_SP
32.36489,74.55905,328.81,0.39,0.36,2023-11-19,803,N20,VIIRS,n,2,298.03,2.17,D,0,VIIRS_NOAA20_SP
32.37249,73.53687,327.13,0.4,0.37,2023-11-19,803,N20,VIIRS,n,2,295.43,1.91,D,0,VIIRS_NOAA20_SP
32.37529,74.34292,334.13,0.39,0.36,2023-11-19,803,N20,VIIRS,n,2,298.63,3.09,D,0,VIIRS_NOAA20_SP
32.37682,74.09455,328.11,0.39,0.36,2023-11-19,803,N20,VIIRS,n,2,298.1,1.36,D,0,VIIRS_NOAA20_SP
32.38005,73.64695,331.88,0.39,0.36,2023-11-19,803,N20,VIIRS,n,2,295.36,2.66,D,0,VIIRS_NOAA20_SP
32.39074,73.69169,343.04,0.39,0.36,2023-11-19,803,N20,VIIRS,n,2,299.17,11.66,D,0,VIIRS_NOAA20_SP
32.39571,74.7364,327.89,0.38,0.36,2023-11-19,803,N20,VIIRS,n,2,299.0,2.37,D,0,VIIRS_NOAA20_SP
32.39729,75.06096,332.8,0.38,0.36,2023-11-19,803,N20,VIIRS,n,2,299.38,3.71,D,0,VIIRS_NOAA20_SP
32.40052,74.7897,331.84,0.38,0.36,2023-11-19,803,N20,VIIRS,n,2,298.67,2.31,D,0,VIIRS_NOAA20_SP
32.4069,74.80923,332.82,0.38,0.36,2023-11-19,803,N20,VIIRS,n,2,300.03,2.81,D,0,VIIRS_NOAA20_SP
32.41121,74.68289,343.84,0.38,0.36,2023-11-19,803,N20,VIIRS,n,2,299.29,6.09,D,0,VIIRS_NOAA20_SP
32.41331,74.2384,330.15,0.39,0.36,2023-11-19,803,N20,VIIRS,n,2,297.19,1.86,D,0,VIIRS_NOAA20_SP
32.42042,74.02567,332.49,0.39,0.36,2023-11-19,803,N20,VIIRS,n,2,296.79,2.03,D,0,VIIRS_NOAA20_SP
32.42051,73.62529,329.72,0.39,0.36,2023-11-19,803,N20,VIIRS,n,2,295.77,3.54,D,0,VIIRS_NOAA20_SP
32.42463,74.94748,335.98,0.38,0.36,2023-11-19,803,N20,VIIRS,n,2,299.41,2.15,D,0,VIIRS_NOAA20_SP
32.42897,74.03647,335.52,0.39,0.36,2023-11-19,803,N20,VIIRS,n,2,297.07,2.28,D,0,VIIRS_NOAA20_SP
32.43063,72.86346,331.86,0.41,0.37,2023-11-19,803,N20,VIIRS,n,2,294.72,2.27,D,0,VIIRS_NOAA20_SP
32.43166,73.29417,334.89,0.4,0.37,2023-11-19,803,N20,VIIRS,n,2,295.78,2.87,D,0,VIIRS_NOAA20_SP
32.43399,72.86267,326.66,0.41,0.37,2023-11-19,803,N20,VIIRS,n,2,293.38,2.23,D,0,VIIRS_NOAA20_SP
32.44219,74.24891,328.83,0.39,0.36,2023-11-19,803,N20,VIIRS,n,2,297.17,1.72,D,0,VIIRS_NOAA20_SP
32.46377,74.71395,328.49,0.38,0.36,2023-11-19,803,N20,VIIRS,n,2,297.87,2.29,D,0,VIIRS_NOAA20_SP
32.4655,73.27841,331.79,0.4,0.37,2023-11-19,803,N20,VIIRS,n,2,295.7,2.61,D,0,VIIRS_NOAA20_SP
32.4684,73.455,333.77,0.4,0.37,2023-11-19,803,N20,VIIRS,n,2,295.19,1.69,D,0,VIIRS_NOAA20_SP
32.47424,74.71589,329.92,0.38,0.36,2023-11-19,803,N20,VIIRS,n,2,297.48,2.08,D,0,VIIRS_NOAA20_SP
32.47684,74.79898,330.65,0.38,0.36,2023-11-19,803,N20,VIIRS,n,2,297.72,1.78,D,0,VIIRS_NOAA20_SP
32.47838,74.94447,328.31,0.38,0.36,2023-11-19,803,N20,VIIRS,n,2,297.99,1.61,D,0,VIIRS_NOAA20_SP
32.48076,74.80236,327.31,0.38,0.36,2023-11-19,803,N20,VIIRS,n,2,297.9,1.74,D,0,VIIRS_NOAA20_SP
32.48551,74.85566,337.26,0.38,0.36,2023-11-19,803,N20,VIIRS,n,2,297.81,2.19,D,0,VIIRS_NOAA20_SP
32.50221,73.74816,329.48,0.39,0.36,2023-11-19,803,N20,VIIRS,n,2,295.54,2.12,D,0,VIIRS_NOAA20_SP
32.50349,74.66358,331.82,0.38,0.36,2023-11-19,803,N20,VIIRS,n,2,298.2,1.93,D,0,VIIRS_NOAA20_SP
32.53012,73.73394,329.3,0.39,0.36,2023-11-19,803,N20,VIIRS,n,2,296.63,1.76,D,0,VIIRS_NOAA20_SP
32.56252,73.72235,330.82,0.39,0.36,2023-11-19,803,N20,VIIRS,n,2,297.78,3.51,D,0,VIIRS_NOAA20_SP
32.57215,74.46877,328.32,0.39,0.36,2023-11-19,803,N20,VIIRS,n,2,298.74,1.23,D,0,VIIRS_NOAA20_SP
32.57356,74.65295,329.08,0.38,0.36,2023-11-19,803,N20,VIIRS,n,2,297.46,3.71,D,0,VIIRS_NOAA20_SP
32.58709,73.91724,339.12,0.39,0.36,2023-11-19,803,N20,VIIRS,n,2,297.45,2.87,D,0,VIIRS_NOAA20_SP
32.64888,74.56964,331.75,0.38,0.36,2023-11-19,803,N20,VIIRS,n,2,298.22,1.66,D,0,VIIRS_NOAA20_SP
32.69028,74.50657,337.67,0.38,0.36,2023-11-19,803,N20,VIIRS,n,2,298.3,4.12,D,0,VIIRS_NOAA20_SP
32.69482,74.51398,329.26,0.38,0.36,2023-11-19,803,N20,VIIRS,n,2,297.67,1.74,D,0,VIIRS_NOAA20_SP
32.73191,74.55632,327.58,0.38,0.36,2023-11-19,803,N20,VIIRS,n,2,298.97,1.18,D,0,VIIRS_NOAA20_SP
32.73692,74.58883,333.54,0.38,0.36,2023-11-19,803,N20,VIIRS,n,2,297.55,3.22,D,0,VIIRS_NOAA20_SP
32.82431,71.56297,330.36,0.44,0.39,2023-11-19,803,N20,VIIRS,n,2,290.41,3.11,D,0,VIIRS_NOAA20_SP
32.94721,76.60597,337.52,0.4,0.37,2023-11-19,803,N20,VIIRS,n,2,301.03,5.27,D,0,VIIRS_NOAA20_SP
32.94773,76.60985,348.73,0.4,0.37,2023-11-19,803,N20,VIIRS,n,2,302.87,8.99,D,0,VIIRS_NOAA20_SP
32.94826,76.61372,367.0,0.4,0.37,2023-11-19,803,N20,VIIRS,h,2,301.5,8.99,D,0,VIIRS_NOAA20_SP
33.36558,76.18398,330.16,0.4,0.37,2023-11-19,803,N20,VIIRS,n,2,295.91,3.73,D,0,VIIRS_NOAA20_SP
33.36621,76.18852,334.94,0.4,0.37,2023-11-19,803,N20,VIIRS,n,2,291.11,3.73,D,0,VIIRS_NOAA20_SP
33.4888,75.94888,354.65,0.39,0.36,2023-11-19,803,N20,VIIRS,n,2,310.87,29.77,D,0,VIIRS_NOAA20_SP
35.04212,71.04649,329.62,0.44,0.38,2023-11-19,803,N20,VIIRS,n,2,289.65,4.12,D,0,VIIRS_NOAA20_SP
18.91265,96.03201,309.97,0.45,0.47,2023-11-19,1848,N20,VIIRS,n,2,288.6,1.16,N,0,VIIRS_NOAA20_SP
15.85339,97.94167,305.62,0.48,0.4,2023-11-19,1849,N20,VIIRS,n,2,290.02,0.71,N,0,VIIRS_NOAA20_SP
15.86217,97.79632,306.6,0.49,0.4,2023-11-19,1849,N20,VIIRS,n,2,289.8,0.8,N,0,VIIRS_NOAA20_SP
15.99284,97.68729,301.99,0.49,0.41,2023-11-19,1849,N20,VIIRS,n,2,289.42,0.29,N,2,VIIRS_NOAA20_SP
32.72742,73.13767,301.25,0.47,0.48,2023-11-19,2025,N20,VIIRS,n,2,288.12,0.87,N,2,VIIRS_NOAA20_SP
33.6885,72.70885,300.3,0.51,0.49,2023-11-19,2025,N20,VIIRS,n,2,283.99,1.12,N,2,VIIRS_NOAA20_SP
33.80191,72.09364,295.17,0.55,0.51,2023-11-19,2025,N20,VIIRS,n,2,284.01,0.47,N,0,VIIRS_NOAA20_SP
33.85028,72.87117,295.78,0.5,0.49,2023-11-19,2025,N20,VIIRS,n,2,284.08,1.0,N,0,VIIRS_NOAA20_SP
26.18703,91.80549,309.77,0.56,0.69,2023-11-19,2026,N20,VIIRS,n,2,289.03,1.12,N,0,VIIRS_NOAA20_SP
27.72806,84.81618,301.41,0.39,0.44,2023-11-19,2026,N20,VIIRS,n,2,287.06,0.44,N,0,VIIRS_NOAA20_SP
28.12465,80.73611,297.56,0.4,0.37,2023-11-19,2026,N20,VIIRS,n,2,286.21,0.65,N,0,VIIRS_NOAA20_SP
28.34901,79.74299,307.47,0.39,0.36,2023-11-19,2026,N20,VIIRS,n,2,286.88,0.7,N,0,VIIRS_NOAA20_SP
28.77604,77.30865,296.64,0.41,0.37,2023-11-19,2026,N20,VIIRS,n,2,285.65,0.23,N,0,VIIRS_NOAA20_SP
28.89701,78.7639,297.43,0.39,0.36,2023-11-19,2026,N20,VIIRS,n,2,286.2,0.33,N,0,VIIRS_NOAA20_SP
28.94368,76.42154,311.85,0.44,0.38,2023-11-19,2026,N20,VIIRS,n,2,287.16,1.27,N,0,VIIRS_NOAA20_SP
29.12489,75.7779,311.14,0.47,0.4,2023-11-19,2026,N20,VIIRS,n,2,288.29,1.69,N,2,VIIRS_NOAA20_SP
29.46075,76.88822,307.78,0.43,0.38,2023-11-19,2026,N20,VIIRS,n,2,288.74,0.78,N,0,VIIRS_NOAA20_SP
29.54821,74.69352,295.56,0.53,0.42,2023-11-19,2026,N20,VIIRS,n,2,284.66,0.52,N,0,VIIRS_NOAA20_SP
30.42248,71.73708,298.09,0.53,0.5,2023-11-19,2026,N20,VIIRS,n,2,285.14,0.82,N,0,VIIRS_NOAA20_SP
30.49644,78.63329,298.46,0.39,0.36,2023-11-19,2026,N20,VIIRS,n,2,282.82,0.85,N,0,VIIRS_NOAA20_SP
30.49974,78.63403,306.11,0.39,0.36,2023-11-19,2026,N20,VIIRS,n,2,284.38,0.85,N,0,VIIRS_NOAA20_SP
30.57927,78.50706,295.37,0.39,0.37,2023-11-19,2026,N20,VIIRS,n,2,282.74,0.44,N,0,VIIRS_NOAA20_SP
30.66979,76.19064,334.36,0.47,0.39,2023-11-19,2026,N20,VIIRS,n,2,286.7,4.86,N,0,VIIRS_NOAA20_SP
30.98027,77.87907,300.99,0.41,0.37,2023-11-19,2026,N20,VIIRS,n,2,280.67,1.15,N,0,VIIRS_NOAA20_SP
31.08329,78.06695,307.21,0.41,0.37,2023-11-19,2026,N20,VIIRS,n,2,279.15,0.83,N,0,VIIRS_NOAA20_SP
31.2522,76.92944,303.69,0.44,0.38,2023-11-19,2026,N20,VIIRS,n,2,283.17,0.57,N,2,VIIRS_NOAA20_SP
31.37069,77.38309,313.14,0.43,0.38,2023-11-19,2026,N20,VIIRS,n,2,283.41,1.62,N,0,VIIRS_NOAA20_SP
31.37233,77.38599,307.58,0.43,0.38,2023-11-19,2026,N20,VIIRS,n,2,283.76,1.68,N,0,VIIRS_NOAA20_SP
31.38552,73.69003,297.02,0.42,0.45,2023-11-19,2026,N20,VIIRS,n,2,283.33,0.34,N,0,VIIRS_NOAA20_SP
31.61089,74.36084,300.1,0.39,0.44,2023-11-19,2026,N20,VIIRS,n,2,285.96,0.39,N,0,VIIRS_NOAA20_SP
31.61754,74.37438,304.29,0.39,0.44,2023-11-19,2026,N20,VIIRS,n,2,284.89,0.63,N,2,VIIRS_NOAA20_SP
31.61999,74.42462,295.28,0.39,0.44,2023-11-19,2026,N20,VIIRS,n,2,284.34,0.35,N,2,VIIRS_NOAA20_SP
31.6266,74.43808,297.02,0.39,0.44,2023-11-19,2026,N20,VIIRS,n,2,285.27,0.28,N,2,VIIRS_NOAA20_SP
31.63083,73.63471,302.94,0.43,0.46,2023-11-19,2026,N20,VIIRS,n,2,282.96,0.71,N,0,VIIRS_NOAA20_SP
31.7088,74.26062,296.75,0.39,0.44,2023-11-19,2026,N20,VIIRS,n,2,284.19,0.25,N,0,VIIRS_NOAA20_SP
32.08611,74.16465,305.36,0.4,0.44,2023-11-19,2026,N20,VIIRS,n,2,285.2,0.59,N,2,VIIRS_NOAA20_SP
32.08656,74.16036,305.1,0.4,0.45,2023-11-19,2026,N20,VIIRS,n,2,284.96,0.76,N,2,VIIRS_NOAA20_SP
32.08673,74.16679,295.31,0.4,0.44,2023-11-19,2026,N20,VIIRS,n,2,284.31,0.52,N,2,VIIRS_NOAA20_SP
32.0872,74.16252,308.29,0.4,0.44,2023-11-19,2026,N20,VIIRS,n,2,285.22,1.29,N,2,VIIRS_NOAA20_SP
32.10202,74.17143,307.56,0.4,0.44,2023-11-19,2026,N20,VIIRS,n,2,285.31,0.75,N,2,VIIRS_NOAA20_SP
32.14334,74.92679,302.9,0.55,0.43,2023-11-19,2026,N20,VIIRS,n,2,283.59,0.92,N,0,VIIRS_NOAA20_SP
32.29341,70.73695,305.31,0.32,0.55,2023-11-19,2026,N20,VIIRS,n,2,288.11,0.52,N,2,VIIRS_NOAA20_SP
32.29395,70.72985,299.09,0.32,0.55,2023-11-19,2026,N20,VIIRS,n,2,288.15,0.83,N,2,VIIRS_NOAA20_SP
32.29464,70.72769,302.47,0.32,0.55,2023-11-19,2026,N20,VIIRS,n,2,285.46,0.7,N,2,VIIRS_NOAA20_SP
32.57446,72.56508,298.37,0.5,0.49,2023-11-19,2026,N20,VIIRS,n,2,287.04,0.97,N,2,VIIRS_NOAA20_SP
32.72668,73.14041,299.51,0.47,0.48,2023-11-19,2026,N20,VIIRS,n,2,288.51,0.78,N,2,VIIRS_NOAA20_SP
22.87343,88.21111,300.98,0.4,0.6,2023-11-19,2027,N20,VIIRS,n,2,289.53,0.74,N,0,VIIRS_NOAA20_SP
23.41174,87.26984,303.43,0.34,0.56,2023-11-19,2027,N20,VIIRS,n,2,290.73,0.6,N,0,VIIRS_NOAA20_SP
23.48164,87.3544,301.54,0.34,0.56,2023-11-19,2027,N20,VIIRS,n,2,291.35,0.74,N,2,VIIRS_NOAA20_SP
23.50462,87.32252,301.25,0.34,0.56,2023-11-19,2027,N20,VIIRS,n,2,290.0,0.47,N,0,VIIRS_NOAA20_SP
23.50878,87.27962,302.87,0.34,0.56,2023-11-19,2027,N20,VIIRS,n,2,291.17,0.79,N,2,VIIRS_NOAA20_SP
23.51397,87.32825,301.44,0.34,0.56,2023-11-19,2027,N20,VIIRS,n,2,290.86,0.45,N,0,VIIRS_NOAA20_SP
23.5159,87.27129,304.61,0.34,0.56,2023-11-19,2027,N20,VIIRS,n,2,290.73,0.96,N,2,VIIRS_NOAA20_SP
23.54943,86.54239,302.37,0.6,0.53,2023-11-19,2027,N20,VIIRS,n,2,290.14,1.94,N,2,VIIRS_NOAA20_SP
23.55358,87.24384,304.45,0.33,0.56,2023-11-19,2027,N20,VIIRS,n,2,293.26,0.8,N,3,VIIRS_NOAA20_SP
23.55427,87.24065,304.31,0.33,0.56,2023-11-19,2027,N20,VIIRS,n,2,292.2,0.8,N,2,VIIRS_NOAA20_SP
23.55926,87.24196,300.78,0.33,0.56,2023-11-19,2027,N20,VIIRS,n,2,290.34,0.8,N,2,VIIRS_NOAA20_SP
23.55995,87.23878,323.78,0.33,0.55,2023-11-19,2027,N20,VIIRS,n,2,291.15,2.37,N,2,VIIRS_NOAA20_SP
23.562,87.22934,311.73,0.33,0.55,2023-11-19,2027,N20,VIIRS,n,2,290.78,0.82,N,2,VIIRS_NOAA20_SP
23.56236,87.08324,312.24,0.33,0.55,2023-11-19,2027,N20,VIIRS,n,2,292.66,1.31,N,2,VIIRS_NOAA20_SP
23.5666,87.0877,303.6,0.33,0.55,2023-11-19,2027,N20,VIIRS,n,2,290.77,0.64,N,2,VIIRS_NOAA20_SP
23.6047,87.15094,309.89,0.33,0.55,2023-11-19,2027,N20,VIIRS,n,2,291.39,1.07,N,2,VIIRS_NOAA20_SP
23.60529,87.15038,311.93,0.33,0.55,2023-11-19,2027,N20,VIIRS,n,2,290.91,1.73,N,2,VIIRS_NOAA20_SP
23.6116,87.14536,305.47,0.33,0.55,2023-11-19,2027,N20,VIIRS,n,2,292.95,1.35,N,2,VIIRS_NOAA20_SP
23.61174,87.14278,304.05,0.33,0.55,2023-11-19,2027,N20,VIIRS,n,2,291.86,1.35,N,2,VIIRS_NOAA20_SP
23.6159,86.78964,302.14,0.62,0.54,2023-11-19,2027,N20,VIIRS,n,2,291.36,1.82,N,2,VIIRS_NOAA20_SP
23.67041,86.09177,300.48,0.56,0.52,2023-11-19,2027,N20,VIIRS,n,2,290.3,1.3,N,2,VIIRS_NOAA20_SP
23.67074,86.41952,304.39,0.59,0.53,2023-11-19,2027,N20,VIIRS,n,2,291.5,1.85,N,2,VIIRS_NOAA20_SP
23.67731,86.08221,304.9,0.56,0.52,2023-11-19,2027,N20,VIIRS,n,2,291.24,2.46,N,2,VIIRS_NOAA20_SP
23.67968,86.09413,314.41,0.56,0.52,2023-11-19,2027,N20,VIIRS,n,2,291.44,2.97,N,2,VIIRS_NOAA20_SP
23.68194,86.0834,301.43,0.56,0.52,2023-11-19,2027,N20,VIIRS,n,2,291.26,2.76,N,2,VIIRS_NOAA20_SP
23.68628,86.39371,316.64,0.59,0.53,2023-11-19,2027,N20,VIIRS,n,2,291.98,2.73,N,2,VIIRS_NOAA20_SP
23.68746,86.38823,310.14,0.59,0.52,2023-11-19,2027,N20,VIIRS,n,2,292.49,3.57,N,2,VIIRS_NOAA20_SP
23.68904,87.09992,304.39,0.32,0.55,2023-11-19,2027,N20,VIIRS,n,2,292.0,1.04,N,2,VIIRS_NOAA20_SP
23.68972,87.09682,315.22,0.32,0.55,2023-11-19,2027,N20,VIIRS,n,2,293.58,1.04,N,2,VIIRS_NOAA20_SP
23.6899,87.11999,319.0,0.33,0.55,2023-11-19,2027,N20,VIIRS,n,2,293.08,1.88,N,2,VIIRS_NOAA20_SP
23.69194,87.11057,303.35,0.32,0.55,2023-11-19,2027,N20,VIIRS,n,2,292.13,0.95,N,2,VIIRS_NOAA20_SP
23.6933,87.10432,307.54,0.32,0.55,2023-11-19,2027,N20,VIIRS,n,2,291.6,0.97,N,2,VIIRS_NOAA20_SP
23.69485,87.12122,318.2,0.33,0.55,2023-11-19,2027,N20,VIIRS,n,2,293.86,1.88,N,2,VIIRS_NOAA20_SP
23.6962,87.11497,305.93,0.32,0.55,2023-11-19,2027,N20,VIIRS,n,2,291.38,0.95,N,2,VIIRS_NOAA20_SP
23.69823,87.10561,302.48,0.32,0.55,2023-11-19,2027,N20,VIIRS,n,2,291.02,0.97,N,2,VIIRS_NOAA20_SP
23.72148,85.00695,300.0,0.48,0.48,2023-11-19,2027,N20,VIIRS,n,2,288.76,0.77,N,2,VIIRS_NOAA20_SP
23.73968,85.00941,313.73,0.48,0.48,2023-11-19,2027,N20,VIIRS,n,2,292.69,2.98,N,2,VIIRS_NOAA20_SP
23.75936,86.40133,340.33,0.58,0.52,2023-11-19,2027,N20,VIIRS,n,2,295.02,5.95,N,2,VIIRS_NOAA20_SP
23.7596,86.39999,344.8,0.58,0.52,2023-11-19,2027,N20,VIIRS,n,2,294.98,10.66,N,2,VIIRS_NOAA20_SP
23.76057,86.39579,312.93,0.58,0.52,2023-11-19,2027,N20,VIIRS,n,2,293.88,5.95,N,2,VIIRS_NOAA20_SP
23.76076,86.39443,309.49,0.58,0.52,2023-11-19,2027,N20,VIIRS,n,2,294.32,3.27,N,2,VIIRS_NOAA20_SP
23.76178,86.39021,304.95,0.58,0.52,2023-11-19,2027,N20,VIIRS,n,2,292.24,1.41,N,2,VIIRS_NOAA20_SP
23.76529,86.39695,306.34,0.58,0.52,2023-11-19,2027,N20,VIIRS,n,2,294.91,1.74,N,2,VIIRS_NOAA20_SP
23.76549,86.39558,315.86,0.58,0.52,2023-11-19,2027,N20,VIIRS,n,2,296.89,2.22,N,2,VIIRS_NOAA20_SP
23.76651,86.39136,318.91,0.58,0.52,2023-11-19,2027,N20,VIIRS,n,2,296.93,3.28,N,2,VIIRS_NOAA20_SP
23.76667,86.38997,307.15,0.58,0.52,2023-11-19,2027,N20,VIIRS,n,2,294.38,2.22,N,2,VIIRS_NOAA20_SP
23.76785,86.01208,299.43,0.55,0.51,2023-11-19,2027,N20,VIIRS,n,2,289.02,0.6,N,0,VIIRS_NOAA20_SP
23.76882,86.40365,303.64,0.58,0.52,2023-11-19,2027,N20,VIIRS,n,2,293.07,1.74,N,2,VIIRS_NOAA20_SP
23.76905,86.40233,307.14,0.58,0.52,2023-11-19,2027,N20,VIIRS,n,2,294.01,2.93,N,2,VIIRS_NOAA20_SP
23.77002,86.39809,306.39,0.58,0.52,2023-11-19,2027,N20,VIIRS,n,2,293.55,1.74,N,0,VIIRS_NOAA20_SP
23.7702,86.37313,303.65,0.58,0.52,2023-11-19,2027,N20,VIIRS,n,2,293.02,1.87,N,2,VIIRS_NOAA20_SP
23.77022,86.39674,305.25,0.58,0.52,2023-11-19,2027,N20,VIIRS,n,2,293.87,2.22,N,0,VIIRS_NOAA20_SP
23.7714,86.39111,306.82,0.58,0.52,2023-11-19,2027,N20,VIIRS,n,2,295.2,2.22,N,2,VIIRS_NOAA20_SP
23.7721,86.19965,305.24,0.57,0.52,2023-11-19,2027,N20,VIIRS,n,2,291.28,1.67,N,2,VIIRS_NOAA20_SP
23.77246,86.38686,304.28,0.58,0.52,2023-11-19,2027,N20,VIIRS,n,2,293.81,3.28,N,2,VIIRS_NOAA20_SP
23.77449,86.21162,301.19,0.57,0.52,2023-11-19,2027,N20,VIIRS,n,2,290.39,2.09,N,2,VIIRS_NOAA20_SP
23.77563,86.20618,305.94,0.57,0.52,2023-11-19,2027,N20,VIIRS,n,2,292.31,2.09,N,2,VIIRS_NOAA20_SP
23.77719,86.38797,321.89,0.58,0.52,2023-11-19,2027,N20,VIIRS,n,2,294.42,3.58,N,2,VIIRS_NOAA20_SP
23.77723,86.36326,303.15,0.58,0.52,2023-11-19,2027,N20,VIIRS,n,2,292.61,1.89,N,2,VIIRS_NOAA20_SP
23.77731,86.38659,324.55,0.58,0.52,2023-11-19,2027,N20,VIIRS,n,2,294.16,2.76,N,2,VIIRS_NOAA20_SP
23.78032,86.20726,322.39,0.57,0.52,2023-11-19,2027,N20,VIIRS,n,2,294.83,2.09,N,2,VIIRS_NOAA20_SP
23.78069,86.39474,319.74,0.58,0.52,2023-11-19,2027,N20,VIIRS,n,2,295.38,3.58,N,2,VIIRS_NOAA20_SP
23.7807,86.34663,314.96,0.58,0.52,2023-11-19,2027,N20,VIIRS,n,2,292.61,2.56,N,2,VIIRS_NOAA20_SP
23.78078,86.36997,305.72,0.58,0.52,2023-11-19,2027,N20,VIIRS,n,2,291.7,3.23,N,2,VIIRS_NOAA20_SP
23.78078,86.37138,311.24,0.58,0.52,2023-11-19,2027,N20,VIIRS,n,2,292.77,2.54,N,2,VIIRS_NOAA20_SP
23.78086,86.34808,302.3,0.58,0.52,2023-11-19,2027,N20,VIIRS,n,2,291.27,1.88,N,2,VIIRS_NOAA20_SP
23.78086,86.39338,327.88,0.58,0.52,2023-11-19,2027,N20,VIIRS,n,2,297.95,7.65,N,2,VIIRS_NOAA20_SP
23.78191,86.38911,313.19,0.58,0.52,2023-11-19,2027,N20,VIIRS,n,2,294.06,3.58,N,2,VIIRS_NOAA20_SP
23.78203,86.38774,304.68,0.58,0.52,2023-11-19,2027,N20,VIIRS,n,2,292.72,2.76,N,2,VIIRS_NOAA20_SP
23.78205,86.34258,315.19,0.58,0.52,2023-11-19,2027,N20,VIIRS,n,2,292.5,1.88,N,2,VIIRS_NOAA20_SP
23.78446,86.33144,302.47,0.58,0.52,2023-11-19,2027,N20,VIIRS,n,2,292.37,1.59,N,2,VIIRS_NOAA20_SP
23.785,86.20834,307.25,0.57,0.52,2023-11-19,2027,N20,VIIRS,n,2,291.23,1.59,N,2,VIIRS_NOAA20_SP
23.7889,86.33105,305.43,0.58,0.52,2023-11-19,2027,N20,VIIRS,n,2,292.18,1.38,N,2,VIIRS_NOAA20_SP
23.78917,86.33258,306.83,0.58,0.52,2023-11-19,2027,N20,VIIRS,n,2,292.43,1.92,N,2,VIIRS_NOAA20_SP
23.79422,87.07312,303.91,0.32,0.55,2023-11-19,2027,N20,VIIRS,n,2,293.17,1.66,N,0,VIIRS_NOAA20_SP
23.7944,86.23386,303.59,0.57,0.52,2023-11-19,2027,N20,VIIRS,n,2,291.25,1.28,N,2,VIIRS_NOAA20_SP
23.79499,86.35152,322.41,0.58,0.52,2023-11-19,2027,N20,VIIRS,n,2,294.34,5.68,N,2,VIIRS_NOAA20_SP
23.79961,87.04832,306.3,0.32,0.55,2023-11-19,2027,N20,VIIRS,n,2,294.72,1.56,N,2,VIIRS_NOAA20_SP
23.80029,87.04521,306.22,0.32,0.55,2023-11-19,2027,N20,VIIRS,n,2,293.82,1.43,N,2,VIIRS_NOAA20_SP
23.80398,85.54276,299.42,0.52,0.5,2023-11-19,2027,N20,VIIRS,n,2,288.81,0.94,N,0,VIIRS_NOAA20_SP
23.80448,86.33046,317.77,0.58,0.52,2023-11-19,2027,N20,VIIRS,n,2,294.24,3.0,N,2,VIIRS_NOAA20_SP
23.80565,86.325,308.72,0.58,0.52,2023-11-19,2027,N20,VIIRS,n,2,294.38,3.0,N,2,VIIRS_NOAA20_SP
23.808,86.31409,305.15,0.58,0.52,2023-11-19,2027,N20,VIIRS,n,2,294.38,3.67,N,2,VIIRS_NOAA20_SP
23.82651,85.50159,304.31,0.51,0.5,2023-11-19,2027,N20,VIIRS,n,2,293.01,1.59,N,2,VIIRS_NOAA20_SP
24.11979,86.34979,300.66,0.57,0.52,2023-11-19,2027,N20,VIIRS,n,2,289.71,1.44,N,2,VIIRS_NOAA20_SP
24.14676,82.65643,304.65,0.52,0.42,2023-11-19,2027,N20,VIIRS,n,2,289.91,0.78,N,0,VIIRS_NOAA20_SP
24.15612,82.56434,310.06,0.51,0.41,2023-11-19,2027,N20,VIIRS,n,2,291.21,1.46,N,0,VIIRS_NOAA20_SP
24.15993,82.66986,303.34,0.52,0.42,2023-11-19,2027,N20,VIIRS,n,2,290.29,0.91,N,0,VIIRS_NOAA20_SP
24.16916,82.55704,305.1,0.51,0.41,2023-11-19,2027,N20,VIIRS,n,2,291.71,0.89,N,2,VIIRS_NOAA20_SP
24.17965,82.6479,313.13,0.52,0.41,2023-11-19,2027,N20,VIIRS,n,2,291.33,2.11,N,0,VIIRS_NOAA20_SP
24.18512,82.57597,302.2,0.51,0.41,2023-11-19,2027,N20,VIIRS,n,2,290.71,0.85,N,0,VIIRS_NOAA20_SP
24.20635,82.52404,304.83,0.51,0.41,2023-11-19,2027,N20,VIIRS,n,2,290.51,1.23,N,2,VIIRS_NOAA20_SP
24.20668,82.52661,306.33,0.51,0.41,2023-11-19,2027,N20,VIIRS,n,2,290.8,1.0,N,2,VIIRS_NOAA20_SP
24.20723,82.70923,321.99,0.52,0.42,2023-11-19,2027,N20,VIIRS,n,2,294.0,2.73,N,2,VIIRS_NOAA20_SP
24.33609,88.28535,309.11,0.37,0.58,2023-11-19,2027,N20,VIIRS,n,2,290.36,0.59,N,0,VIIRS_NOAA20_SP
24.33713,88.28497,305.87,0.37,0.58,2023-11-19,2027,N20,VIIRS,n,2,290.24,0.68,N,0,VIIRS_NOAA20_SP
24.44943,83.03734,302.44,0.54,0.42,2023-11-19,2027,N20,VIIRS,n,2,291.12,1.3,N,2,VIIRS_NOAA20_SP
24.45362,81.67999,302.0,0.46,0.39,2023-11-19,2027,N20,VIIRS,n,2,287.56,0.67,N,0,VIIRS_NOAA20_SP
24.5659,81.00361,305.07,0.43,0.38,2023-11-19,2027,N20,VIIRS,n,2,292.77,1.31,N,2,VIIRS_NOAA20_SP
24.59768,80.86221,301.44,0.43,0.38,2023-11-19,2027,N20,VIIRS,n,2,291.17,0.68,N,2,VIIRS_NOAA20_SP
25.67792,82.2105,302.37,0.47,0.4,2023-11-19,2027,N20,VIIRS,n,2,289.33,0.87,N,0,VIIRS_NOAA20_SP
25.73682,82.32271,305.46,0.48,0.4,2023-11-19,2027,N20,VIIRS,n,2,289.64,1.17,N,0,VIIRS_NOAA20_SP
25.73768,82.31803,311.22,0.48,0.4,2023-11-19,2027,N20,VIIRS,n,2,289.67,1.33,N,0,VIIRS_NOAA20_SP
26.03924,82.86878,302.62,0.5,0.41,2023-11-19,2027,N20,VIIRS,n,2,289.45,0.68,N,0,VIIRS_NOAA20_SP
26.09465,68.87578,329.51,0.36,0.57,2023-11-19,2027,N20,VIIRS,n,2,289.5,1.72,N,2,VIIRS_NOAA20_SP
26.09487,68.8756,326.17,0.35,0.57,2023-11-19,2027,N20,VIIRS,n,2,289.34,1.58,N,2,VIIRS_NOAA20_SP
26.46168,78.2826,302.47,0.39,0.36,2023-11-19,2027,N20,VIIRS,n,2,287.31,0.65,N,0,VIIRS_NOAA20_SP
26.53705,79.69666,300.05,0.39,0.36,2023-11-19,2027,N20,VIIRS,n,2,287.2,0.39,N,0,VIIRS_NOAA20_SP
26.64189,79.96937,300.96,0.39,0.36,2023-11-19,2027,N20,VIIRS,n,2,286.86,0.56,N,0,VIIRS_NOAA20_SP
26.64403,79.47848,300.49,0.39,0.36,2023-11-19,2027,N20,VIIRS,n,2,287.97,0.55,N,2,VIIRS_NOAA20_SP
26.75928,83.20061,306.96,0.51,0.41,2023-11-19,2027,N20,VIIRS,n,2,292.76,1.11,N,2,VIIRS_NOAA20_SP
26.87609,73.51643,299.92,0.57,0.43,2023-11-19,2027,N20,VIIRS,n,2,287.33,0.95,N,2,VIIRS_NOAA20_SP
26.98679,83.46572,299.68,0.52,0.41,2023-11-19,2027,N20,VIIRS,n,2,288.57,0.3,N,0,VIIRS_NOAA20_SP
27.13664,82.67583,298.21,0.47,0.4,2023-11-19,2027,N20,VIIRS,n,2,288.09,0.44,N,0,VIIRS_NOAA20_SP
27.13773,82.67349,306.95,0.47,0.4,2023-11-19,2027,N20,VIIRS,n,2,288.09,0.76,N,0,VIIRS_NOAA20_SP
27.42052,79.9618,296.79,0.39,0.36,2023-11-19,2027,N20,VIIRS,n,2,285.64,0.81,N,0,VIIRS_NOAA20_SP
27.67012,76.13082,299.01,0.44,0.38,2023-11-19,2027,N20,VIIRS,n,2,288.18,0.69,N,2,VIIRS_NOAA20_SP
27.83418,77.78881,300.26,0.39,0.37,2023-11-19,2027,N20,VIIRS,n,2,286.82,0.6,N,0,VIIRS_NOAA20_SP
27.84778,72.34418,298.12,0.46,0.47,2023-11-19,2027,N20,VIIRS,n,2,286.29,0.49,N,0,VIIRS_NOAA20_SP
27.89152,80.55658,300.41,0.4,0.37,2023-11-19,2027,N20,VIIRS,n,2,286.64,0.4,N,0,VIIRS_NOAA20_SP
27.92419,80.17496,320.6,0.39,0.36,2023-11-19,2027,N20,VIIRS,n,2,286.25,1.43,N,0,VIIRS_NOAA20_SP
28.06492,80.04459,309.53,0.39,0.36,2023-11-19,2027,N20,VIIRS,n,2,285.05,1.08,N,0,VIIRS_NOAA20_SP
28.31337,68.8993,296.67,0.37,0.58,2023-11-19,2027,N20,VIIRS,n,2,286.15,0.38,N,0,VIIRS_NOAA20_SP
28.61443,68.6237,309.78,0.39,0.59,2023-11-19,2027,N20,VIIRS,n,2,287.12,0.59,N,0,VIIRS_NOAA20_SP
28.63704,69.19637,297.19,0.36,0.58,2023-11-19,2027,N20,VIIRS,n,2,287.06,0.53,N,0,VIIRS_NOAA20_SP
20.7618,85.29066,301.29,0.57,0.52,2023-11-19,2028,N20,VIIRS,n,2,284.61,2.03,N,2,VIIRS_NOAA20_SP
20.78707,85.26303,306.78,0.57,0.52,2023-11-19,2028,N20,VIIRS,n,2,285.77,3.5,N,2,VIIRS_NOAA20_SP
20.78816,85.25768,298.46,0.57,0.52,2023-11-19,2028,N20,VIIRS,n,2,282.53,2.93,N,2,VIIRS_NOAA20_SP
20.79394,85.25333,329.6,0.57,0.52,2023-11-19,2028,N20,VIIRS,n,2,283.78,2.93,N,2,VIIRS_NOAA20_SP
20.79752,85.25978,298.69,0.57,0.52,2023-11-19,2028,N20,VIIRS,n,2,283.99,1.75,N,2,VIIRS_NOAA20_SP
20.80792,85.25674,311.78,0.57,0.52,2023-11-19,2028,N20,VIIRS,n,2,288.41,2.81,N,2,VIIRS_NOAA20_SP
20.86544,84.9959,304.63,0.54,0.51,2023-11-19,2028,N20,VIIRS,n,2,292.14,1.03,N,2,VIIRS_NOAA20_SP
20.8665,84.99061,308.55,0.54,0.51,2023-11-19,2028,N20,VIIRS,n,2,292.81,1.99,N,2,VIIRS_NOAA20_SP
20.94605,86.05591,297.92,0.63,0.54,2023-11-19,2028,N20,VIIRS,n,2,284.35,1.36,N,2,VIIRS_NOAA20_SP
20.9535,86.04489,298.76,0.63,0.54,2023-11-19,2028,N20,VIIRS,n,2,286.16,1.15,N,2,VIIRS_NOAA20_SP
20.95421,85.0032,300.96,0.54,0.51,2023-11-19,2028,N20,VIIRS,n,2,290.73,2.3,N,0,VIIRS_NOAA20_SP
20.96078,85.17437,316.31,0.55,0.51,2023-11-19,2028,N20,VIIRS,n,2,290.74,4.08,N,2,VIIRS_NOAA20_SP
20.96156,85.14735,297.39,0.55,0.51,2023-11-19,2028,N20,VIIRS,n,2,286.13,0.89,N,0,VIIRS_NOAA20_SP
20.96186,85.16917,304.68,0.55,0.51,2023-11-19,2028,N20,VIIRS,n,2,288.86,1.82,N,2,VIIRS_NOAA20_SP
20.96293,85.1513,300.86,0.55,0.51,2023-11-19,2028,N20,VIIRS,n,2,286.07,0.62,N,2,VIIRS_NOAA20_SP
20.96294,85.16399,312.25,0.55,0.51,2023-11-19,2028,N20,VIIRS,n,2,290.21,1.82,N,2,VIIRS_NOAA20_SP
20.96338,85.17322,322.89,0.56,0.51,2023-11-19,2028,N20,VIIRS,n,2,290.67,2.51,N,2,VIIRS_NOAA20_SP
20.96397,85.14612,298.78,0.55,0.51,2023-11-19,2028,N20,VIIRS,n,2,287.04,0.62,N,0,VIIRS_NOAA20_SP
20.96442,85.16803,317.26,0.55,0.51,2023-11-19,2028,N20,VIIRS,n,2,290.81,2.51,N,2,VIIRS_NOAA20_SP
20.96541,85.17546,323.37,0.55,0.51,2023-11-19,2028,N20,VIIRS,n,2,289.32,3.24,N,2,VIIRS_NOAA20_SP
20.96546,85.16281,305.36,0.55,0.51,2023-11-19,2028,N20,VIIRS,n,2,289.41,2.1,N,2,VIIRS_NOAA20_SP
20.9658,86.01058,303.44,0.63,0.54,2023-11-19,2028,N20,VIIRS,n,2,286.16,2.36,N,2,VIIRS_NOAA20_SP
20.96648,85.17029,310.82,0.55,0.51,2023-11-19,2028,N20,VIIRS,n,2,289.41,2.06,N,2,VIIRS_NOAA20_SP
20.96755,85.16513,303.11,0.55,0.51,2023-11-19,2028,N20,VIIRS,n,2,289.19,2.06,N,2,VIIRS_NOAA20_SP
20.968,85.17432,325.91,0.56,0.51,2023-11-19,2028,N20,VIIRS,n,2,288.57,2.51,N,2,VIIRS_NOAA20_SP
20.96904,85.16914,302.81,0.55,0.51,2023-11-19,2028,N20,VIIRS,n,2,288.93,2.51,N,2,VIIRS_NOAA20_SP
20.97003,85.17657,302.53,0.55,0.51,2023-11-19,2028,N20,VIIRS,n,2,287.26,3.24,N,2,VIIRS_NOAA20_SP
20.97045,85.01784,312.93,0.54,0.51,2023-11-19,2028,N20,VIIRS,n,2,291.94,2.68,N,0,VIIRS_NOAA20_SP
20.97066,86.01181,300.72,0.63,0.54,2023-11-19,2028,N20,VIIRS,n,2,284.8,2.02,N,2,VIIRS_NOAA20_SP
20.97111,85.17139,331.84,0.55,0.51,2023-11-19,2028,N20,VIIRS,n,2,289.67,2.06,N,2,VIIRS_NOAA20_SP
20.97218,85.16623,302.36,0.55,0.51,2023-11-19,2028,N20,VIIRS,n,2,289.85,2.06,N,2,VIIRS_NOAA20_SP
20.97313,85.99994,298.95,0.63,0.54,2023-11-19,2028,N20,VIIRS,n,2,281.55,2.44,N,0,VIIRS_NOAA20_SP
20.97633,85.13268,303.1,0.55,0.51,2023-11-19,2028,N20,VIIRS,n,2,289.93,1.3,N,2,VIIRS_NOAA20_SP
20.97649,85.1454,300.8,0.55,0.51,2023-11-19,2028,N20,VIIRS,n,2,289.02,1.14,N,2,VIIRS_NOAA20_SP
20.97863,85.1351,311.2,0.55,0.51,2023-11-19,2028,N20,VIIRS,n,2,290.03,2.23,N,2,VIIRS_NOAA20_SP
21.07436,85.04395,295.89,0.54,0.51,2023-11-19,2028,N20,VIIRS,n,2,273.79,0.59,N,2,VIIRS_NOAA20_SP
21.07894,85.04501,304.65,0.54,0.51,2023-11-19,2028,N20,VIIRS,n,2,281.09,1.26,N,2,VIIRS_NOAA20_SP
21.07996,85.03997,304.46,0.54,0.51,2023-11-19,2028,N20,VIIRS,n,2,281.91,1.26,N,2,VIIRS_NOAA20_SP
21.08098,85.03487,299.91,0.54,0.51,2023-11-19,2028,N20,VIIRS,n,2,282.68,1.12,N,2,VIIRS_NOAA20_SP
21.18245,81.38412,304.84,0.49,0.41,2023-11-19,2028,N20,VIIRS,n,2,294.1,1.54,N,3,VIIRS_NOAA20_SP
21.18613,81.38487,305.9,0.49,0.41,2023-11-19,2028,N20,VIIRS,n,2,294.4,1.54,N,3,VIIRS_NOAA20_SP
21.18896,81.39033,309.34,0.49,0.41,2023-11-19,2028,N20,VIIRS,n,2,294.68,2.11,N,2,VIIRS_NOAA20_SP
21.18973,81.19793,303.07,0.48,0.4,2023-11-19,2028,N20,VIIRS,n,2,292.22,1.15,N,2,VIIRS_NOAA20_SP
21.23159,79.6273,301.55,0.42,0.38,2023-11-19,2028,N20,VIIRS,n,2,289.24,0.88,N,2,VIIRS_NOAA20_SP
21.24545,79.23289,300.18,0.41,0.37,2023-11-19,2028,N20,VIIRS,n,2,289.66,0.44,N,0,VIIRS_NOAA20_SP
21.2474,79.22127,307.15,0.41,0.37,2023-11-19,2028,N20,VIIRS,n,2,290.65,0.88,N,2,VIIRS_NOAA20_SP
21.28118,79.14401,309.97,0.4,0.37,2023-11-19,2028,N20,VIIRS,n,2,290.79,1.35,N,0,VIIRS_NOAA20_SP
21.29724,81.60725,303.98,0.51,0.41,2023-11-19,2028,N20,VIIRS,n,2,291.96,1.2,N,2,VIIRS_NOAA20_SP
21.30614,81.57929,305.22,0.5,0.41,2023-11-19,2028,N20,VIIRS,n,2,290.91,1.21,N,0,VIIRS_NOAA20_SP
21.31184,81.59043,306.17,0.5,0.41,2023-11-19,2028,N20,VIIRS,n,2,292.95,1.31,N,2,VIIRS_NOAA20_SP
21.36664,81.67844,305.04,0.51,0.41,2023-11-19,2028,N20,VIIRS,n,2,293.5,1.7,N,2,VIIRS_NOAA20_SP
21.37737,81.64076,307.53,0.51,0.41,2023-11-19,2028,N20,VIIRS,n,2,290.84,1.52,N,2,VIIRS_NOAA20_SP
21.37782,81.6808,314.76,0.51,0.41,2023-11-19,2028,N20,VIIRS,n,2,293.61,2.53,N,2,VIIRS_NOAA20_SP
21.38219,81.65673,302.48,0.51,0.41,2023-11-19,2028,N20,VIIRS,n,2,291.92,1.0,N,2,VIIRS_NOAA20_SP
21.39138,81.64866,310.06,0.51,0.41,2023-11-19,2028,N20,VIIRS,n,2,292.44,1.86,N,2,VIIRS_NOAA20_SP
21.48608,81.77105,303.97,0.51,0.41,2023-11-19,2028,N20,VIIRS,n,2,293.45,1.15,N,2,VIIRS_NOAA20_SP
21.48696,81.7662,306.55,0.51,0.41,2023-11-19,2028,N20,VIIRS,n,2,292.63,1.15,N,2,VIIRS_NOAA20_SP
21.67519,84.0401,300.39,0.46,0.47,2023-11-19,2028,N20,VIIRS,n,2,289.88,0.83,N,2,VIIRS_NOAA20_SP
21.68029,84.03677,322.79,0.46,0.47,2023-11-19,2028,N20,VIIRS,n,2,291.89,2.19,N,2,VIIRS_NOAA20_SP
21.68369,84.04205,302.61,0.46,0.47,2023-11-19,2028,N20,VIIRS,n,2,290.3,2.19,N,2,VIIRS_NOAA20_SP
21.74988,83.81635,304.16,0.44,0.46,2023-11-19,2028,N20,VIIRS,n,2,292.55,1.03,N,2,VIIRS_NOAA20_SP
21.75743,84.02127,309.97,0.45,0.47,2023-11-19,2028,N20,VIIRS,n,2,290.29,1.61,N,2,VIIRS_NOAA20_SP
21.76253,84.01793,301.53,0.45,0.47,2023-11-19,2028,N20,VIIRS,n,2,289.21,1.61,N,2,VIIRS_NOAA20_SP
21.76592,84.02317,305.81,0.45,0.47,2023-11-19,2028,N20,VIIRS,n,2,287.96,1.22,N,2,VIIRS_NOAA20_SP
21.76678,84.01888,315.72,0.45,0.47,2023-11-19,2028,N20,VIIRS,n,2,289.75,1.22,N,2,VIIRS_NOAA20_SP
21.77102,84.01984,306.27,0.45,0.47,2023-11-19,2028,N20,VIIRS,n,2,288.6,1.22,N,2,VIIRS_NOAA20_SP
21.7776,83.83144,305.01,0.44,0.46,2023-11-19,2028,N20,VIIRS,n,2,292.6,2.07,N,2,VIIRS_NOAA20_SP
21.77786,83.83054,312.15,0.44,0.46,2023-11-19,2028,N20,VIIRS,n,2,292.59,1.99,N,0,VIIRS_NOAA20_SP
21.7812,83.83575,316.96,0.44,0.46,2023-11-19,2028,N20,VIIRS,n,2,292.89,2.72,N,2,VIIRS_NOAA20_SP
21.79476,83.98936,300.94,0.45,0.47,2023-11-19,2028,N20,VIIRS,n,2,287.93,0.82,N,2,VIIRS_NOAA20_SP
21.80647,83.88533,303.01,0.44,0.46,2023-11-19,2028,N20,VIIRS,n,2,290.97,1.4,N,2,VIIRS_NOAA20_SP
21.8225,83.89314,308.39,0.45,0.47,2023-11-19,2028,N20,VIIRS,n,2,290.41,1.16,N,0,VIIRS_NOAA20_SP
21.8788,83.49434,307.21,0.42,0.45,2023-11-19,2028,N20,VIIRS,n,2,290.83,0.78,N,2,VIIRS_NOAA20_SP
21.88021,83.55312,314.1,0.42,0.45,2023-11-19,2028,N20,VIIRS,n,2,291.19,1.51,N,2,VIIRS_NOAA20_SP
21.88292,75.02144,305.13,0.43,0.38,2023-11-19,2028,N20,VIIRS,n,2,292.93,0.41,N,0,VIIRS_NOAA20_SP
21.91943,83.35074,313.41,0.41,0.45,2023-11-19,2028,N20,VIIRS,n,2,290.72,1.81,N,2,VIIRS_NOAA20_SP
21.92019,83.34683,300.5,0.41,0.45,2023-11-19,2028,N20,VIIRS,n,2,290.02,0.86,N,2,VIIRS_NOAA20_SP
21.9235,83.35163,326.45,0.41,0.45,2023-11-19,2028,N20,VIIRS,n,2,293.77,2.64,N,2,VIIRS_NOAA20_SP
21.92425,83.34772,301.58,0.41,0.45,2023-11-19,2028,N20,VIIRS,n,2,288.76,2.19,N,2,VIIRS_NOAA20_SP
21.92651,83.33603,306.7,0.41,0.45,2023-11-19,2028,N20,VIIRS,n,2,291.09,4.44,N,2,VIIRS_NOAA20_SP
21.93206,85.22261,305.27,0.54,0.51,2023-11-19,2028,N20,VIIRS,n,2,288.39,1.55,N,2,VIIRS_NOAA20_SP
21.93236,85.21993,316.18,0.54,0.5,2023-11-19,2028,N20,VIIRS,n,2,289.8,2.24,N,2,VIIRS_NOAA20_SP
21.93311,85.21738,302.27,0.54,0.51,2023-11-19,2028,N20,VIIRS,n,2,287.74,1.55,N,2,VIIRS_NOAA20_SP
21.97021,85.31461,302.02,0.54,0.51,2023-11-19,2028,N20,VIIRS,n,2,288.69,0.7,N,2,VIIRS_NOAA20_SP
21.98438,83.23176,316.41,0.4,0.45,2023-11-19,2028,N20,VIIRS,n,2,293.56,2.1,N,2,VIIRS_NOAA20_SP
21.9879,83.36481,300.73,0.41,0.45,2023-11-19,2028,N20,VIIRS,n,2,290.58,0.72,N,0,VIIRS_NOAA20_SP
22.00476,82.67024,309.62,0.56,0.43,2023-11-19,2028,N20,VIIRS,n,2,292.22,1.69,N,2,VIIRS_NOAA20_SP
22.0052,82.66819,304.22,0.56,0.43,2023-11-19,2028,N20,VIIRS,n,2,291.83,1.43,N,2,VIIRS_NOAA20_SP
22.02294,83.38071,305.26,0.41,0.45,2023-11-19,2028,N20,VIIRS,n,2,292.04,1.02,N,2,VIIRS_NOAA20_SP
22.0237,83.37679,300.67,0.41,0.45,2023-11-19,2028,N20,VIIRS,n,2,290.18,0.81,N,2,VIIRS_NOAA20_SP
22.0356,83.35896,302.28,0.41,0.45,2023-11-19,2028,N20,VIIRS,n,2,291.27,1.71,N,2,VIIRS_NOAA20_SP
22.03712,83.3511,305.3,0.41,0.45,2023-11-19,2028,N20,VIIRS,n,2,291.41,1.35,N,2,VIIRS_NOAA20_SP
22.04123,83.73862,312.33,0.43,0.46,2023-11-19,2028,N20,VIIRS,n,2,294.5,3.69,N,2,VIIRS_NOAA20_SP
22.04203,83.7345,350.57,0.43,0.46,2023-11-19,2028,N20,VIIRS,n,2,295.99,3.69,N,2,VIIRS_NOAA20_SP
22.04284,83.73041,328.33,0.43,0.46,2023-11-19,2028,N20,VIIRS,n,2,292.71,3.72,N,2,VIIRS_NOAA20_SP
22.04617,83.73547,307.74,0.43,0.46,2023-11-19,2028,N20,VIIRS,n,2,292.63,3.69,N,2,VIIRS_NOAA20_SP
22.04698,83.73137,327.4,0.43,0.46,2023-11-19,2028,N20,VIIRS,n,2,293.03,3.72,N,0,VIIRS_NOAA20_SP
22.05191,88.12321,306.86,0.41,0.6,2023-11-19,2028,N20,VIIRS,n,2,287.55,1.31,N,2,VIIRS_NOAA20_SP
22.05392,85.46245,302.68,0.55,0.51,2023-11-19,2028,N20,VIIRS,n,2,288.77,0.81,N,2,VIIRS_NOAA20_SP
22.05689,83.72502,305.27,0.43,0.46,2023-11-19,2028,N20,VIIRS,n,2,293.21,0.96,N,2,VIIRS_NOAA20_SP
22.05733,88.12462,307.1,0.41,0.6,2023-11-19,2028,N20,VIIRS,n,2,286.96,0.83,N,2,VIIRS_NOAA20_SP
22.05769,83.72093,302.47,0.43,0.46,2023-11-19,2028,N20,VIIRS,n,2,292.19,0.96,N,2,VIIRS_NOAA20_SP
22.05819,88.12076,299.65,0.41,0.6,2023-11-19,2028,N20,VIIRS,n,2,284.64,0.53,N,2,VIIRS_NOAA20_SP
22.10455,83.52484,313.41,0.42,0.45,2023-11-19,2028,N20,VIIRS,n,2,291.66,1.36,N,0,VIIRS_NOAA20_SP
22.10532,83.5209,302.54,0.42,0.45,2023-11-19,2028,N20,VIIRS,n,2,289.93,1.36,N,0,VIIRS_NOAA20_SP
22.13432,85.41708,296.85,0.55,0.51,2023-11-19,2028,N20,VIIRS,n,2,286.33,0.74,N,2,VIIRS_NOAA20_SP
22.18682,82.12394,301.47,0.52,0.42,2023-11-19,2028,N20,VIIRS,n,2,290.45,0.68,N,0,VIIRS_NOAA20_SP
22.20283,84.84682,327.21,0.5,0.49,2023-11-19,2028,N20,VIIRS,n,2,289.86,1.97,N,2,VIIRS_NOAA20_SP
22.20693,75.88417,306.54,0.41,0.37,2023-11-19,2028,N20,VIIRS,n,2,290.69,0.64,N,0,VIIRS_NOAA20_SP
22.20726,84.84785,301.32,0.5,0.49,2023-11-19,2028,N20,VIIRS,n,2,289.55,1.97,N,2,VIIRS_NOAA20_SP
22.20821,84.84312,309.57,0.5,0.49,2023-11-19,2028,N20,VIIRS,n,2,289.79,2.11,N,2,VIIRS_NOAA20_SP
22.21326,84.86423,303.36,0.5,0.49,2023-11-19,2028,N20,VIIRS,n,2,291.0,2.39,N,2,VIIRS_NOAA20_SP
22.22086,84.75682,299.5,0.49,0.49,2023-11-19,2028,N20,VIIRS,n,2,288.83,0.94,N,2,VIIRS_NOAA20_SP
22.2218,84.75212,302.26,0.49,0.49,2023-11-19,2028,N20,VIIRS,n,2,289.49,0.94,N,2,VIIRS_NOAA20_SP
22.22619,84.7532,301.23,0.49,0.49,2023-11-19,2028,N20,VIIRS,n,2,289.35,0.94,N,2,VIIRS_NOAA20_SP
22.24667,87.38721,300.98,0.36,0.58,2023-11-19,2028,N20,VIIRS,n,2,288.8,0.64,N,2,VIIRS_NOAA20_SP
22.26497,75.1331,307.11,0.43,0.38,2023-11-19,2028,N20,VIIRS,n,2,293.64,1.15,N,2,VIIRS_NOAA20_SP
22.29859,83.2818,300.43,0.4,0.44,2023-11-19,2028,N20,VIIRS,n,2,289.55,0.44,N,0,VIIRS_NOAA20_SP
22.31629,82.73663,304.9,0.56,0.43,2023-11-19,2028,N20,VIIRS,n,2,292.49,1.35,N,0,VIIRS_NOAA20_SP
22.31671,82.7351,302.85,0.56,0.43,2023-11-19,2028,N20,VIIRS,n,2,292.11,1.41,N,0,VIIRS_NOAA20_SP
22.31825,82.53175,299.81,0.55,0.42,2023-11-19,2028,N20,VIIRS,n,2,287.35,1.13,N,2,VIIRS_NOAA20_SP
22.32012,82.56477,312.98,0.55,0.43,2023-11-19,2028,N20,VIIRS,n,2,289.52,1.98,N,2,VIIRS_NOAA20_SP
22.32652,82.68336,305.28,0.56,0.43,2023-11-19,2028,N20,VIIRS,n,2,292.76,1.21,N,2,VIIRS_NOAA20_SP
22.3266,82.68167,303.5,0.56,0.43,2023-11-19,2028,N20,VIIRS,n,2,292.73,0.97,N,2,VIIRS_NOAA20_SP
22.33151,82.65508,311.68,0.56,0.43,2023-11-19,2028,N20,VIIRS,n,2,293.38,2.03,N,2,VIIRS_NOAA20_SP
22.3325,82.64973,313.58,0.55,0.43,2023-11-19,2028,N20,VIIRS,n,2,293.02,2.19,N,2,VIIRS_NOAA20_SP
22.33263,82.65147,321.68,0.55,0.43,2023-11-19,2028,N20,VIIRS,n,2,294.13,3.78,N,2,VIIRS_NOAA20_SP
22.34614,82.57585,306.53,0.55,0.43,2023-11-19,2028,N20,VIIRS,n,2,291.78,1.2,N,0,VIIRS_NOAA20_SP
22.34674,82.57771,303.67,0.55,0.43,2023-11-19,2028,N20,VIIRS,n,2,291.69,1.2,N,0,VIIRS_NOAA20_SP
22.36075,87.01705,308.29,0.34,0.56,2023-11-19,2028,N20,VIIRS,n,2,293.11,1.11,N,2,VIIRS_NOAA20_SP
22.36369,87.30047,306.32,0.36,0.57,2023-11-19,2028,N20,VIIRS,n,2,293.03,1.27,N,2,VIIRS_NOAA20_SP
22.3647,87.3017,303.84,0.36,0.57,2023-11-19,2028,N20,VIIRS,n,2,292.94,0.8,N,2,VIIRS_NOAA20_SP
22.36545,87.29833,302.62,0.36,0.57,2023-11-19,2028,N20,VIIRS,n,2,292.43,0.8,N,2,VIIRS_NOAA20_SP
22.36581,87.01828,306.71,0.34,0.56,2023-11-19,2028,N20,VIIRS,n,2,292.58,1.32,N,2,VIIRS_NOAA20_SP
22.36651,87.01505,308.45,0.34,0.56,2023-11-19,2028,N20,VIIRS,n,2,290.42,1.43,N,2,VIIRS_NOAA20_SP
22.36881,87.30177,312.37,0.36,0.57,2023-11-19,2028,N20,VIIRS,n,2,291.89,1.07,N,2,VIIRS_NOAA20_SP
22.36954,87.29839,310.71,0.36,0.57,2023-11-19,2028,N20,VIIRS,n,2,292.56,1.07,N,2,VIIRS_NOAA20_SP
22.37058,87.29963,315.2,0.36,0.57,2023-11-19,2028,N20,VIIRS,n,2,292.19,1.91,N,2,VIIRS_NOAA20_SP
22.37133,87.29627,305.75,0.35,0.57,2023-11-19,2028,N20,VIIRS,n,2,290.88,1.02,N,2,VIIRS_NOAA20_SP
22.37902,87.2795,329.47,0.35,0.57,2023-11-19,2028,N20,VIIRS,n,2,294.97,3.43,N,2,VIIRS_NOAA20_SP
22.37974,87.27613,307.15,0.35,0.57,2023-11-19,2028,N20,VIIRS,n,2,291.66,1.73,N,2,VIIRS_NOAA20_SP
22.3802,87.28077,317.66,0.35,0.57,2023-11-19,2028,N20,VIIRS,n,2,293.68,2.7,N,2,VIIRS_NOAA20_SP
22.38094,87.27741,312.51,0.35,0.57,2023-11-19,2028,N20,VIIRS,n,2,291.74,2.68,N,2,VIIRS_NOAA20_SP
22.5822,70.83269,310.4,0.49,0.48,2023-11-19,2028,N20,VIIRS,n,2,290.49,0.95,N,0,VIIRS_NOAA20_SP
22.5831,70.8358,311.07,0.48,0.48,2023-11-19,2028,N20,VIIRS,n,2,290.83,1.27,N,0,VIIRS_NOAA20_SP
22.58903,85.90639,303.53,0.57,0.52,2023-11-19,2028,N20,VIIRS,n,2,291.07,2.08,N,2,VIIRS_NOAA20_SP
22.69248,79.36969,301.06,0.4,0.37,2023-11-19,2028,N20,VIIRS,n,2,287.65,0.4,N,0,VIIRS_NOAA20_SP
22.70067,77.30178,301.0,0.39,0.36,2023-11-19,2028,N20,VIIRS,n,2,289.13,0.42,N,0,VIIRS_NOAA20_SP
22.7055,78.28666,307.33,0.39,0.36,2023-11-19,2028,N20,VIIRS,n,2,289.06,0.67,N,0,VIIRS_NOAA20_SP
22.78517,86.20356,309.08,0.59,0.53,2023-11-19,2028,N20,VIIRS,n,2,291.32,2.67,N,2,VIIRS_NOAA20_SP
22.78927,83.51084,298.97,0.41,0.45,2023-11-19,2028,N20,VIIRS,n,2,287.4,0.59,N,0,VIIRS_NOAA20_SP
22.78992,86.20478,307.36,0.59,0.53,2023-11-19,2028,N20,VIIRS,n,2,292.34,2.02,N,2,VIIRS_NOAA20_SP
22.7911,86.19915,304.01,0.59,0.53,2023-11-19,2028,N20,VIIRS,n,2,291.85,2.02,N,2,VIIRS_NOAA20_SP
22.79228,86.19355,303.06,0.59,0.53,2023-11-19,2028,N20,VIIRS,n,2,291.63,1.74,N,2,VIIRS_NOAA20_SP
22.79927,86.0892,306.75,0.58,0.52,2023-11-19,2028,N20,VIIRS,n,2,289.7,1.45,N,2,VIIRS_NOAA20_SP
22.804,86.09037,301.65,0.58,0.52,2023-11-19,2028,N20,VIIRS,n,2,289.63,1.03,N,2,VIIRS_NOAA20_SP
22.8099,86.0859,299.66,0.58,0.52,2023-11-19,2028,N20,VIIRS,n,2,289.31,1.03,N,2,VIIRS_NOAA20_SP
22.85571,86.05642,301.46,0.58,0.52,2023-11-19,2028,N20,VIIRS,n,2,285.41,1.04,N,2,VIIRS_NOAA20_SP
22.85711,86.05321,300.44,0.58,0.52,2023-11-19,2028,N20,VIIRS,n,2,286.06,0.6,N,2,VIIRS_NOAA20_SP
22.87475,86.06338,303.62,0.58,0.52,2023-11-19,2028,N20,VIIRS,n,2,285.87,0.75,N,2,VIIRS_NOAA20_SP
22.91947,77.85992,300.8,0.38,0.36,2023-11-19,2028,N20,VIIRS,n,2,288.95,0.41,N,0,VIIRS_NOAA20_SP
22.98421,78.37537,302.53,0.39,0.36,2023-11-19,2028,N20,VIIRS,n,2,288.68,0.68,N,0,VIIRS_NOAA20_SP
22.9874,72.58754,307.28,0.38,0.44,2023-11-19,2028,N20,VIIRS,n,2,292.24,0.64,N,2,VIIRS_NOAA20_SP
23.00264,78.1077,300.46,0.38,0.36,2023-11-19,2028,N20,VIIRS,n,2,289.52,0.36,N,0,VIIRS_NOAA20_SP
23.16662,82.3381,303.57,0.52,0.41,2023-11-19,2028,N20,VIIRS,n,2,290.71,1.03,N,2,VIIRS_NOAA20_SP
23.16944,82.34386,311.86,0.52,0.41,2023-11-19,2028,N20,VIIRS,n,2,290.83,2.03,N,2,VIIRS_NOAA20_SP
23.17787,82.34058,301.52,0.52,0.41,2023-11-19,2028,N20,VIIRS,n,2,289.34,0.98,N,0,VIIRS_NOAA20_SP
23.30132,78.68787,303.3,0.39,0.36,2023-11-19,2028,N20,VIIRS,n,2,288.69,0.32,N,0,VIIRS_NOAA20_SP
23.31519,70.19086,301.51,0.54,0.51,2023-11-19,2028,N20,VIIRS,n,2,290.64,1.3,N,0,VIIRS_NOAA20_SP
23.40995,72.41591,315.41,0.4,0.44,2023-11-19,2028,N20,VIIRS,n,2,291.03,1.02,N,0,VIIRS_NOAA20_SP
23.43363,68.71046,302.25,0.34,0.56,2023-11-19,2028,N20,VIIRS,n,2,291.91,0.43,N,2,VIIRS_NOAA20_SP
23.47682,78.23102,297.29,0.38,0.36,2023-11-19,2028,N20,VIIRS,n,2,287.02,0.23,N,0,VIIRS_NOAA20_SP
23.88958,78.86186,303.07,0.39,0.36,2023-11-19,2028,N20,VIIRS,n,2,289.68,0.48,N,0,VIIRS_NOAA20_SP
23.99059,79.39114,309.06,0.39,0.37,2023-11-19,2028,N20,VIIRS,n,2,293.1,1.14,N,2,VIIRS_NOAA20_SP
24.0104,80.52998,302.38,0.42,0.38,2023-11-19,2028,N20,VIIRS,n,2,292.25,0.74,N,0,VIIRS_NOAA20_SP
24.16815,80.69607,304.03,0.43,0.38,2023-11-19,2028,N20,VIIRS,n,2,290.9,0.74,N,2,VIIRS_NOAA20_SP
24.20187,80.80064,305.58,0.43,0.38,2023-11-19,2028,N20,VIIRS,n,2,291.62,1.07,N,2,VIIRS_NOAA20_SP
24.5797,74.80358,303.79,0.46,0.39,2023-11-19,2028,N20,VIIRS,n,2,291.6,0.69,N,2,VIIRS_NOAA20_SP
24.58132,74.80187,302.5,0.46,0.39,2023-11-19,2028,N20,VIIRS,n,2,291.39,0.99,N,2,VIIRS_NOAA20_SP
24.66299,74.6313,308.35,0.47,0.4,2023-11-19,2028,N20,VIIRS,n,2,292.35,1.81,N,2,VIIRS_NOAA20_SP
24.71578,75.95393,306.52,0.42,0.38,2023-11-19,2028,N20,VIIRS,n,2,292.01,0.78,N,2,VIIRS_NOAA20_SP
24.8071,72.83284,300.83,0.39,0.44,2023-11-19,2028,N20,VIIRS,n,2,288.83,0.55,N,0,VIIRS_NOAA20_SP
24.82241,73.09213,303.04,0.57,0.43,2023-11-19,2028,N20,VIIRS,n,2,292.09,1.33,N,2,VIIRS_NOAA20_SP
25.29732,68.89374,311.98,0.35,0.56,2023-11-19,2028,N20,VIIRS,n,2,287.58,0.63,N,0,VIIRS_NOAA20_SP
25.30019,71.76708,310.65,0.46,0.47,2023-11-19,2028,N20,VIIRS,n,2,288.78,1.18,N,0,VIIRS_NOAA20_SP
25.40084,68.56297,310.41,0.37,0.58,2023-11-19,2028,N20,VIIRS,n,2,288.11,0.75,N,2,VIIRS_NOAA20_SP
25.79717,68.69667,302.37,0.36,0.58,2023-11-19,2028,N20,VIIRS,n,2,288.6,0.8,N,2,VIIRS_NOAA20_SP
25.79748,68.69304,303.15,0.36,0.58,2023-11-19,2028,N20,VIIRS,n,2,289.12,0.97,N,2,VIIRS_NOAA20_SP
25.79867,68.69408,305.48,0.36,0.57,2023-11-19,2028,N20,VIIRS,n,2,288.99,0.93,N,0,VIIRS_NOAA20_SP
17.58581,80.31641,303.1,0.49,0.4,2023-11-19,2029,N20,VIIRS,n,2,289.73,0.77,N,0,VIIRS_NOAA20_SP
17.69914,83.2996,333.94,0.48,0.48,2023-11-19,2029,N20,VIIRS,n,2,290.1,5.16,N,0,VIIRS_NOAA20_SP
17.80936,78.43087,304.38,0.41,0.37,2023-11-19,2029,N20,VIIRS,n,2,289.17,0.6,N,0,VIIRS_NOAA20_SP
18.19831,78.90057,300.21,0.42,0.38,2023-11-19,2029,N20,VIIRS,n,2,289.42,0.64,N,0,VIIRS_NOAA20_SP
18.51909,73.91249,300.27,0.44,0.39,2023-11-19,2029,N20,VIIRS,n,2,289.4,0.22,N,0,VIIRS_NOAA20_SP
18.71473,79.40379,303.38,0.43,0.38,2023-11-19,2029,N20,VIIRS,n,2,292.48,0.81,N,0,VIIRS_NOAA20_SP
18.72098,79.53554,317.26,0.44,0.38,2023-11-19,2029,N20,VIIRS,n,2,293.14,1.2,N,2,VIIRS_NOAA20_SP
18.72447,79.53619,303.94,0.44,0.38,2023-11-19,2029,N20,VIIRS,n,2,292.55,1.2,N,2,VIIRS_NOAA20_SP
18.73562,79.53408,305.0,0.44,0.38,2023-11-19,2029,N20,VIIRS,n,2,290.78,1.0,N,2,VIIRS_NOAA20_SP
18.7368,79.53303,309.62,0.44,0.38,2023-11-19,2029,N20,VIIRS,n,2,291.76,0.92,N,2,VIIRS_NOAA20_SP
18.7398,79.53065,309.33,0.44,0.38,2023-11-19,2029,N20,VIIRS,n,2,290.82,1.0,N,2,VIIRS_NOAA20_SP
18.741,79.5296,306.67,0.44,0.38,2023-11-19,2029,N20,VIIRS,n,2,290.83,0.92,N,2,VIIRS_NOAA20_SP
18.97624,71.62064,331.36,0.39,0.44,2023-11-19,2029,N20,VIIRS,n,2,296.25,1.59,N,3,VIIRS_NOAA20_SP
19.09233,82.1622,303.16,0.39,0.44,2023-11-19,2029,N20,VIIRS,n,2,290.76,1.31,N,0,VIIRS_NOAA20_SP
19.10358,82.16836,310.29,0.39,0.44,2023-11-19,2029,N20,VIIRS,n,2,293.09,1.37,N,0,VIIRS_NOAA20_SP
19.18056,70.94424,316.64,0.43,0.46,2023-11-19,2029,N20,VIIRS,n,2,296.39,1.11,N,3,VIIRS_NOAA20_SP
19.37032,71.35227,332.04,0.41,0.45,2023-11-19,2029,N20,VIIRS,n,2,296.59,3.02,N,3,VIIRS_NOAA20_SP
19.78568,79.14813,307.35,0.41,0.37,2023-11-19,2029,N20,VIIRS,n,2,294.58,1.52,N,2,VIIRS_NOAA20_SP
19.96499,79.33538,311.11,0.42,0.38,2023-11-19,2029,N20,VIIRS,n,2,290.09,1.33,N,2,VIIRS_NOAA20_SP
20.11507,79.02823,305.66,0.41,0.37,2023-11-19,2029,N20,VIIRS,n,2,293.4,0.9,N,0,VIIRS_NOAA20_SP
20.13902,79.01534,305.71,0.41,0.37,2023-11-19,2029,N20,VIIRS,n,2,293.42,0.82,N,0,VIIRS_NOAA20_SP
20.13968,79.01147,304.5,0.41,0.37,2023-11-19,2029,N20,VIIRS,n,2,292.19,0.82,N,0,VIIRS_NOAA20_SP
20.2926,78.99995,301.99,0.41,0.37,2023-11-19,2029,N20,VIIRS,n,2,290.76,0.46,N,0,VIIRS_NOAA20_SP
20.35731,72.94871,304.53,0.51,0.41,2023-11-19,2029,N20,VIIRS,n,2,291.98,0.62,N,0,VIIRS_NOAA20_SP
20.55654,78.01834,297.21,0.39,0.36,2023-11-19,2029,N20,VIIRS,n,2,285.58,0.21,N,0,VIIRS_NOAA20_SP
20.68731,77.84129,303.9,0.39,0.36,2023-11-19,2029,N20,VIIRS,n,2,288.3,0.48,N,0,VIIRS_NOAA20_SP
20.87064,71.39697,304.44,0.43,0.46,2023-11-19,2029,N20,VIIRS,n,2,293.49,0.7,N,0,VIIRS_NOAA20_SP
20.91006,71.45648,306.09,0.42,0.45,2023-11-19,2029,N20,VIIRS,n,2,293.37,1.51,N,2,VIIRS_NOAA20_SP
20.91106,71.45987,305.84,0.42,0.45,2023-11-19,2029,N20,VIIRS,n,2,294.68,1.63,N,2,VIIRS_NOAA20_SP
20.9476,73.17969,301.97,0.51,0.41,2023-11-19,2029,N20,VIIRS,n,2,291.71,0.32,N,0,VIIRS_NOAA20_SP
21.10248,72.63262,324.24,0.55,0.42,2023-11-19,2029,N20,VIIRS,n,2,293.91,2.74,N,2,VIIRS_NOAA20_SP
21.10504,72.64368,316.53,0.54,0.42,2023-11-19,2029,N20,VIIRS,n,2,294.71,3.07,N,2,VIIRS_NOAA20_SP
21.10637,72.6332,316.95,0.55,0.42,2023-11-19,2029,N20,VIIRS,n,2,294.28,2.37,N,2,VIIRS_NOAA20_SP
21.10893,72.64425,316.45,0.54,0.42,2023-11-19,2029,N20,VIIRS,n,2,296.49,3.07,N,2,VIIRS_NOAA20_SP
21.11415,72.63435,308.66,0.55,0.42,2023-11-19,2029,N20,VIIRS,n,2,296.24,2.02,N,2,VIIRS_NOAA20_SP
21.24694,73.03896,303.94,0.52,0.42,2023-11-19,2029,N20,VIIRS,n,2,292.01,0.75,N,0,VIIRS_NOAA20_SP
21.24804,73.03733,302.78,0.52,0.42,2023-11-19,2029,N20,VIIRS,n,2,291.46,0.45,N,0,VIIRS_NOAA20_SP
21.56961,72.81568,340.73,0.54,0.42,2023-11-19,2029,N20,VIIRS,n,2,293.37,6.39,N,0,VIIRS_NOAA20_SP
14.8739,78.05206,299.38,0.42,0.38,2023-11-19,2030,N20,VIIRS,n,2,255.31,0.95,N,2,VIIRS_NOAA20_SP
15.00714,77.00033,306.67,0.39,0.36,2023-11-19,2030,N20,VIIRS,n,2,272.52,0.72,N,0,VIIRS_NOAA20_SP
15.06938,76.86603,302.0,0.39,0.36,2023-11-19,2030,N20,VIIRS,n,2,285.9,0.67,N,2,VIIRS_NOAA20_SP
15.11901,76.81171,297.47,0.39,0.36,2023-11-19,2030,N20,VIIRS,n,2,281.16,0.29,N,2,VIIRS_NOAA20_SP
15.13901,76.70835,300.56,0.39,0.36,2023-11-19,2030,N20,VIIRS,n,2,281.57,0.65,N,2,VIIRS_NOAA20_SP
15.14894,76.71004,299.59,0.39,0.36,2023-11-19,2030,N20,VIIRS,n,2,281.43,0.49,N,2,VIIRS_NOAA20_SP
15.15224,76.71061,300.27,0.39,0.36,2023-11-19,2030,N20,VIIRS,n,2,281.69,0.49,N,2,VIIRS_NOAA20_SP
15.16846,76.67293,301.4,0.39,0.36,2023-11-19,2030,N20,VIIRS,n,2,279.18,0.62,N,2,VIIRS_NOAA20_SP
15.16903,76.66936,300.1,0.39,0.36,2023-11-19,2030,N20,VIIRS,n,2,280.59,0.62,N,2,VIIRS_NOAA20_SP
15.17336,76.68479,300.17,0.39,0.36,2023-11-19,2030,N20,VIIRS,n,2,281.31,0.59,N,2,VIIRS_NOAA20_SP
15.17462,76.65562,308.07,0.39,0.36,2023-11-19,2030,N20,VIIRS,n,2,279.91,1.05,N,2,VIIRS_NOAA20_SP
15.17793,76.6562,323.75,0.39,0.36,2023-11-19,2030,N20,VIIRS,n,2,280.62,2.68,N,2,VIIRS_NOAA20_SP
15.1785,76.65262,305.75,0.39,0.36,2023-11-19,2030,N20,VIIRS,n,2,278.94,1.07,N,2,VIIRS_NOAA20_SP
15.18009,76.66391,316.54,0.39,0.36,2023-11-19,2030,N20,VIIRS,n,2,281.68,2.11,N,2,VIIRS_NOAA20_SP
15.18409,76.63889,315.56,0.39,0.36,2023-11-19,2030,N20,VIIRS,n,2,271.49,0.76,N,2,VIIRS_NOAA20_SP
15.18466,76.63531,295.91,0.39,0.36,2023-11-19,2030,N20,VIIRS,n,2,273.64,0.76,N,0,VIIRS_NOAA20_SP
15.18778,76.63903,301.6,0.39,0.36,2023-11-19,2030,N20,VIIRS,n,2,272.38,0.45,N,0,VIIRS_NOAA20_SP
15.18879,76.65388,300.26,0.39,0.36,2023-11-19,2030,N20,VIIRS,n,2,276.52,0.91,N,2,VIIRS_NOAA20_SP
15.30207,76.21986,297.45,0.38,0.36,2023-11-19,2030,N20,VIIRS,n,2,278.44,0.37,N,0,VIIRS_NOAA20_SP
15.34032,76.27732,296.08,0.38,0.36,2023-11-19,2030,N20,VIIRS,n,2,271.68,0.32,N,2,VIIRS_NOAA20_SP
15.63976,74.96361,298.45,0.39,0.36,2023-11-19,2030,N20,VIIRS,n,2,285.13,0.24,N,0,VIIRS_NOAA20_SP
15.66036,73.98984,311.76,0.42,0.37,2023-11-19,2030,N20,VIIRS,n,2,290.05,0.53,N,2,VIIRS_NOAA20_SP
15.76093,75.0797,315.77,0.39,0.36,2023-11-19,2030,N20,VIIRS,n,2,288.21,0.93,N,0,VIIRS_NOAA20_SP
15.83353,75.16209,309.29,0.39,0.36,2023-11-19,2030,N20,VIIRS,n,2,287.22,1.07,N,0,VIIRS_NOAA20_SP
15.85187,74.97517,323.5,0.39,0.36,2023-11-19,2030,N20,VIIRS,n,2,288.18,1.39,N,0,VIIRS_NOAA20_SP
15.94565,75.40518,298.82,0.39,0.36,2023-11-19,2030,N20,VIIRS,n,2,285.18,0.68,N,0,VIIRS_NOAA20_SP
15.96542,80.9363,302.5,0.56,0.43,2023-11-19,2030,N20,VIIRS,n,2,284.04,0.7,N,0,VIIRS_NOAA20_SP
16.09186,75.90991,307.1,0.38,0.36,2023-11-19,2030,N20,VIIRS,n,2,290.07,0.75,N,0,VIIRS_NOAA20_SP
16.09241,75.90633,302.13,0.38,0.36,2023-11-19,2030,N20,VIIRS,n,2,289.08,1.06,N,0,VIIRS_NOAA20_SP
16.09515,75.91045,313.1,0.38,0.36,2023-11-19,2030,N20,VIIRS,n,2,290.28,0.75,N,0,VIIRS_NOAA20_SP
16.28196,75.27115,304.7,0.39,0.36,2023-11-19,2030,N20,VIIRS,n,2,288.67,0.61,N,0,VIIRS_NOAA20_SP
16.31179,75.14175,301.78,0.39,0.36,2023-11-19,2030,N20,VIIRS,n,2,288.23,0.36,N,0,VIIRS_NOAA20_SP
16.49084,75.48269,320.64,0.39,0.36,2023-11-19,2030,N20,VIIRS,n,2,289.04,1.2,N,0,VIIRS_NOAA20_SP
17.06521,76.97957,315.44,0.39,0.36,2023-11-19,2030,N20,VIIRS,n,2,293.29,1.83,N,2,VIIRS_NOAA20_SP
17.14788,78.225,300.51,0.41,0.37,2023-11-19,2030,N20,VIIRS,n,2,286.69,0.48,N,2,VIIRS_NOAA20_SP
17.30883,77.47512,303.42,0.39,0.36,2023-11-19,2030,N20,VIIRS,n,2,292.37,0.57,N,0,VIIRS_NOAA20_SP
17.97153,75.6147,312.31,0.39,0.36,2023-11-19,2030,N20,VIIRS,n,2,287.12,1.06,N,0,VIIRS_NOAA20_SP
11.18437,79.10127,306.0,0.51,0.41,2023-11-19,2031,N20,VIIRS,n,2,290.67,1.44,N,0,VIIRS_NOAA20_SP
11.81156,77.92361,304.09,0.44,0.39,2023-11-19,2031,N20,VIIRS,n,2,292.29,1.46,N,2,VIIRS_NOAA20_SP
11.81222,77.91959,305.53,0.44,0.38,2023-11-19,2031,N20,VIIRS,n,2,291.64,1.12,N,2,VIIRS_NOAA20_SP
11.8164,77.91618,317.71,0.44,0.38,2023-11-19,2031,N20,VIIRS,n,2,291.3,2.5,N,2,VIIRS_NOAA20_SP
11.81705,77.9152,322.04,0.44,0.38,2023-11-19,2031,N20,VIIRS,n,2,291.53,2.4,N,2,VIIRS_NOAA20_SP
12.72449,77.66756,298.61,0.42,0.38,2023-11-19,2031,N20,VIIRS,n,2,283.4,0.44,N,0,VIIRS_NOAA20_SP
32.29262,70.728,297.63,0.69,0.75,2023-11-19,2206,N20,VIIRS,n,2,283.71,1.04,N,2,VIIRS_NOAA20_SP
32.88609,71.61517,296.23,0.75,0.77,2023-11-19,2206,N20,VIIRS,n,2,285.09,1.62,N,2,VIIRS_NOAA20_SP
32.89198,71.61716,297.61,0.75,0.77,2023-11-19,2206,N20,VIIRS,n,2,284.95,1.72,N,2,VIIRS_NOAA20_SP
28.6132,68.62235,295.95,0.66,0.73,2023-11-19,2207,N20,VIIRS,n,2,285.29,1.1,N,0,VIIRS_NOAA20_SP
28.61481,68.62595,299.89,0.66,0.73,2023-11-19,2207,N20,VIIRS,n,2,285.62,0.73,N,0,VIIRS_NOAA20_SP
26.09125,68.87672,303.82,0.78,0.78,2023-11-19,2208,N20,VIIRS,n,2,286.8,0.97,N,2,VIIRS_NOAA20_SP
26.09389,68.87836,313.14,0.78,0.78,2023-11-19,2208,N20,VIIRS,n,2,287.36,2.42,N,2,VIIRS_NOAA20_SP
26.09814,68.87902,298.43,0.78,0.78,2023-11-19,2208,N20,VIIRS,n,2,286.44,0.97,N,2,VIIRS_NOAA20_SP
16.01996,97.88098,326.7,0.5,0.66,2023-11-20,558,N20,VIIRS,n,2,289.52,2.9,D,0,VIIRS_NOAA20_SP
16.62485,96.63521,326.81,0.59,0.7,2023-11-20,558,N20,VIIRS,n,2,289.55,2.06,D,0,VIIRS_NOAA20_SP
17.08985,96.68852,327.72,0.57,0.69,2023-11-20,558,N20,VIIRS,n,2,291.83,4.28,D,0,VIIRS_NOAA20_SP
17.24678,96.85039,326.1,0.55,0.68,2023-11-20,558,N20,VIIRS,n,2,292.84,2.2,D,0,VIIRS_NOAA20_SP
17.27615,96.98565,328.32,0.54,0.68,2023-11-20,558,N20,VIIRS,n,2,292.85,1.87,D,0,VIIRS_NOAA20_SP
17.3984,96.67059,327.71,0.56,0.69,2023-11-20,558,N20,VIIRS,n,2,291.68,3.24,D,0,VIIRS_NOAA20_SP
19.6749,96.24557,333.26,0.54,0.68,2023-11-20,559,N20,VIIRS,n,2,291.83,6.83,D,0,VIIRS_NOAA20_SP
27.15195,94.28086,325.07,0.49,0.65,2023-11-20,601,N20,VIIRS,n,2,292.88,2.07,D,0,VIIRS_NOAA20_SP
13.98632,77.28011,332.26,0.53,0.5,2023-11-20,739,N20,VIIRS,n,2,295.72,2.3,D,0,VIIRS_NOAA20_SP
14.64917,77.48887,335.96,0.5,0.49,2023-11-20,739,N20,VIIRS,n,2,301.16,6.05,D,0,VIIRS_NOAA20_SP
14.66231,76.92106,333.45,0.54,0.51,2023-11-20,739,N20,VIIRS,n,2,302.97,3.71,D,0,VIIRS_NOAA20_SP
14.66691,76.92019,342.23,0.54,0.51,2023-11-20,739,N20,VIIRS,n,2,302.3,3.71,D,0,VIIRS_NOAA20_SP
14.72279,77.61794,339.95,0.49,0.48,2023-11-20,739,N20,VIIRS,n,2,296.51,2.56,D,0,VIIRS_NOAA20_SP
14.89755,76.99091,338.33,0.53,0.5,2023-11-20,739,N20,VIIRS,n,2,296.98,6.44,D,0,VIIRS_NOAA20_SP
15.54807,78.45293,332.84,0.42,0.45,2023-11-20,739,N20,VIIRS,n,2,292.36,3.02,D,0,VIIRS_NOAA20_SP
15.88699,78.33089,343.19,0.42,0.45,2023-11-20,739,N20,VIIRS,n,2,301.66,4.97,D,0,VIIRS_NOAA20_SP
15.90725,78.15799,330.36,0.43,0.46,2023-11-20,739,N20,VIIRS,l,2,303.41,2.01,D,0,VIIRS_NOAA20_SP
15.95007,78.26601,335.66,0.42,0.45,2023-11-20,739,N20,VIIRS,n,2,300.15,1.83,D,0,VIIRS_NOAA20_SP
15.96663,78.28683,330.9,0.42,0.45,2023-11-20,739,N20,VIIRS,n,2,303.02,2.29,D,0,VIIRS_NOAA20_SP
16.00787,78.42113,338.86,0.41,0.45,2023-11-20,739,N20,VIIRS,n,2,301.14,5.03,D,0,VIIRS_NOAA20_SP
16.03789,79.78265,340.37,0.51,0.41,2023-11-20,739,N20,VIIRS,n,2,288.97,9.17,D,0,VIIRS_NOAA20_SP
16.37426,78.43053,330.53,0.4,0.45,2023-11-20,739,N20,VIIRS,l,2,303.6,2.68,D,0,VIIRS_NOAA20_SP
16.37492,78.43427,331.0,0.4,0.45,2023-11-20,739,N20,VIIRS,n,2,300.12,2.11,D,0,VIIRS_NOAA20_SP
16.39014,77.64874,343.28,0.45,0.47,2023-11-20,739,N20,VIIRS,n,2,303.14,6.15,D,0,VIIRS_NOAA20_SP
16.54027,77.89465,330.49,0.43,0.46,2023-11-20,739,N20,VIIRS,n,2,296.35,0.49,D,0,VIIRS_NOAA20_SP
16.55129,75.59453,344.08,0.61,0.53,2023-11-20,739,N20,VIIRS,n,2,297.33,15.33,D,0,VIIRS_NOAA20_SP
16.55966,77.88269,330.63,0.43,0.46,2023-11-20,739,N20,VIIRS,n,2,297.86,2.75,D,0,VIIRS_NOAA20_SP
16.57823,78.03088,342.1,0.42,0.46,2023-11-20,739,N20,VIIRS,n,2,294.77,3.34,D,0,VIIRS_NOAA20_SP
16.93534,96.54481,329.06,0.62,0.71,2023-11-20,739,N20,VIIRS,n,2,288.54,4.22,D,0,VIIRS_NOAA20_SP
16.9677,94.94891,325.97,0.49,0.65,2023-11-20,739,N20,VIIRS,n,2,289.73,2.58,D,0,VIIRS_NOAA20_SP
17.0562,79.34814,333.0,0.52,0.42,2023-11-20,739,N20,VIIRS,n,2,297.07,2.27,D,0,VIIRS_NOAA20_SP
17.08968,96.50016,325.39,0.62,0.71,2023-11-20,739,N20,VIIRS,n,2,290.19,4.16,D,0,VIIRS_NOAA20_SP
17.11894,95.58198,327.27,0.54,0.68,2023-11-20,739,N20,VIIRS,n,2,289.67,2.56,D,0,VIIRS_NOAA20_SP
17.17563,96.80614,331.0,0.65,0.73,2023-11-20,739,N20,VIIRS,n,2,289.87,5.63,D,0,VIIRS_NOAA20_SP
17.17897,79.51569,334.66,0.51,0.41,2023-11-20,739,N20,VIIRS,n,2,300.06,4.9,D,0,VIIRS_NOAA20_SP
17.2716,79.69666,330.47,0.5,0.41,2023-11-20,739,N20,VIIRS,n,2,299.04,2.55,D,0,VIIRS_NOAA20_SP
17.32809,96.5407,329.76,0.63,0.72,2023-11-20,739,N20,VIIRS,n,2,290.79,3.61,D,0,VIIRS_NOAA20_SP
17.33032,96.54034,329.22,0.63,0.72,2023-11-20,739,N20,VIIRS,n,2,290.95,2.81,D,0,VIIRS_NOAA20_SP
17.35133,79.6828,332.76,0.5,0.41,2023-11-20,739,N20,VIIRS,n,2,296.31,3.75,D,0,VIIRS_NOAA20_SP
17.46073,79.39003,330.77,0.51,0.41,2023-11-20,739,N20,VIIRS,n,2,299.67,4.68,D,0,VIIRS_NOAA20_SP
17.6672,95.16161,329.29,0.51,0.66,2023-11-20,739,N20,VIIRS,n,2,290.39,3.05,D,0,VIIRS_NOAA20_SP
17.69127,95.1544,328.81,0.51,0.66,2023-11-20,739,N20,VIIRS,n,2,290.17,2.62,D,0,VIIRS_NOAA20_SP
17.77544,96.78493,329.92,0.66,0.73,2023-11-20,739,N20,VIIRS,n,2,288.13,6.79,D,0,VIIRS_NOAA20_SP
17.78003,96.78725,328.26,0.66,0.73,2023-11-20,739,N20,VIIRS,n,2,288.08,6.65,D,0,VIIRS_NOAA20_SP
17.97261,96.56096,328.2,0.64,0.72,2023-11-20,739,N20,VIIRS,n,2,290.18,5.56,D,0,VIIRS_NOAA20_SP
17.97599,96.56367,340.63,0.64,0.72,2023-11-20,739,N20,VIIRS,n,2,290.41,4.75,D,0,VIIRS_NOAA20_SP
19.67785,97.19866,331.98,0.74,0.76,2023-11-20,739,N20,VIIRS,n,2,291.03,5.66,D,0,VIIRS_NOAA20_SP
19.68261,97.19645,331.57,0.74,0.76,2023-11-20,739,N20,VIIRS,n,2,291.04,10.64,D,0,VIIRS_NOAA20_SP
19.6849,97.1981,325.04,0.74,0.76,2023-11-20,739,N20,VIIRS,n,2,290.55,5.66,D,0,VIIRS_NOAA20_SP
17.24528,76.58777,340.15,0.51,0.49,2023-11-20,740,N20,VIIRS,n,2,299.57,12.12,D,0,VIIRS_NOAA20_SP
17.56505,75.23717,342.06,0.62,0.54,2023-11-20,740,N20,VIIRS,n,2,295.13,11.19,D,0,VIIRS_NOAA20_SP
17.65219,75.02536,344.9,0.63,0.54,2023-11-20,740,N20,VIIRS,n,2,294.8,18.61,D,0,VIIRS_NOAA20_SP
17.75286,75.79153,340.4,0.56,0.52,2023-11-20,740,N20,VIIRS,n,2,300.61,5.15,D,0,VIIRS_NOAA20_SP
17.75466,75.78944,336.21,0.56,0.52,2023-11-20,740,N20,VIIRS,n,2,301.02,3.08,D,0,VIIRS_NOAA20_SP
17.97985,78.05547,343.49,0.4,0.44,2023-11-20,740,N20,VIIRS,n,2,298.94,5.22,D,0,VIIRS_NOAA20_SP
18.03216,78.22775,352.76,0.39,0.44,2023-11-20,740,N20,VIIRS,n,2,304.78,5.89,D,0,VIIRS_NOAA20_SP
18.04415,77.94925,330.91,0.41,0.45,2023-11-20,740,N20,VIIRS,n,2,303.45,2.08,D,0,VIIRS_NOAA20_SP
18.05218,77.78885,338.88,0.41,0.45,2023-11-20,740,N20,VIIRS,n,2,303.27,2.53,D,0,VIIRS_NOAA20_SP
18.05253,77.83642,331.07,0.41,0.45,2023-11-20,740,N20,VIIRS,l,2,303.52,1.52,D,0,VIIRS_NOAA20_SP
18.06028,78.03923,340.49,0.4,0.44,2023-11-20,740,N20,VIIRS,n,2,304.27,2.67,D,0,VIIRS_NOAA20_SP
18.06093,78.06606,339.78,0.4,0.44,2023-11-20,740,N20,VIIRS,n,2,304.78,3.33,D,0,VIIRS_NOAA20_SP
18.07994,78.00712,334.64,0.4,0.44,2023-11-20,740,N20,VIIRS,n,2,305.23,3.78,D,0,VIIRS_NOAA20_SP
18.08617,77.90449,333.35,0.41,0.45,2023-11-20,740,N20,VIIRS,l,2,305.68,4.11,D,0,VIIRS_NOAA20_SP
18.08874,78.33649,342.95,0.38,0.44,2023-11-20,740,N20,VIIRS,n,2,305.03,3.85,D,0,VIIRS_NOAA20_SP
18.09416,78.13609,332.53,0.4,0.44,2023-11-20,740,N20,VIIRS,n,2,303.15,2.15,D,0,VIIRS_NOAA20_SP
18.09518,78.13466,333.61,0.39,0.44,2023-11-20,740,N20,VIIRS,n,2,303.13,2.7,D,0,VIIRS_NOAA20_SP
18.09855,78.15294,346.97,0.39,0.44,2023-11-20,740,N20,VIIRS,n,2,301.77,5.83,D,0,VIIRS_NOAA20_SP
18.1014,78.15362,342.64,0.39,0.44,2023-11-20,740,N20,VIIRS,n,2,300.91,6.52,D,0,VIIRS_NOAA20_SP
18.1052,78.19834,333.11,0.39,0.44,2023-11-20,740,N20,VIIRS,n,2,303.03,1.0,D,0,VIIRS_NOAA20_SP
18.10618,77.82959,334.32,0.41,0.45,2023-11-20,740,N20,VIIRS,n,2,302.96,2.38,D,0,VIIRS_NOAA20_SP
18.10631,78.05977,340.99,0.4,0.44,2023-11-20,740,N20,VIIRS,n,2,306.17,4.6,D,0,VIIRS_NOAA20_SP
18.11101,78.0627,336.1,0.4,0.44,2023-11-20,740,N20,VIIRS,l,2,307.97,4.95,D,0,VIIRS_NOAA20_SP
18.12096,79.9194,330.6,0.47,0.4,2023-11-20,740,N20,VIIRS,n,2,296.42,3.76,D,0,VIIRS_NOAA20_SP
18.12277,78.36707,338.74,0.38,0.43,2023-11-20,740,N20,VIIRS,n,2,301.61,5.51,D,0,VIIRS_NOAA20_SP
18.12519,78.16293,340.19,0.39,0.44,2023-11-20,740,N20,VIIRS,n,2,303.1,5.84,D,0,VIIRS_NOAA20_SP
18.12586,78.16656,341.79,0.39,0.44,2023-11-20,740,N20,VIIRS,n,2,304.77,5.89,D,0,VIIRS_NOAA20_SP
18.12729,77.85302,330.21,0.41,0.45,2023-11-20,740,N20,VIIRS,n,2,303.8,2.36,D,0,VIIRS_NOAA20_SP
18.13177,78.06253,340.56,0.4,0.44,2023-11-20,740,N20,VIIRS,n,2,305.92,3.7,D,0,VIIRS_NOAA20_SP
18.14645,78.18894,331.23,0.39,0.44,2023-11-20,740,N20,VIIRS,l,2,305.22,3.24,D,0,VIIRS_NOAA20_SP
18.14697,77.86879,345.34,0.41,0.45,2023-11-20,740,N20,VIIRS,n,2,305.5,6.55,D,0,VIIRS_NOAA20_SP
18.17737,77.87508,336.39,0.41,0.45,2023-11-20,740,N20,VIIRS,n,2,304.09,2.32,D,0,VIIRS_NOAA20_SP
18.18198,78.01782,335.33,0.4,0.44,2023-11-20,740,N20,VIIRS,n,2,306.15,4.26,D,0,VIIRS_NOAA20_SP
18.18289,78.01805,335.02,0.4,0.44,2023-11-20,740,N20,VIIRS,n,2,305.93,2.91,D,0,VIIRS_NOAA20_SP
18.20443,78.04455,336.61,0.4,0.44,2023-11-20,740,N20,VIIRS,n,2,304.97,4.51,D,0,VIIRS_NOAA20_SP
18.21271,78.13462,331.23,0.39,0.44,2023-11-20,740,N20,VIIRS,l,2,305.74,3.62,D,0,VIIRS_NOAA20_SP
18.21775,78.02647,339.39,0.4,0.44,2023-11-20,740,N20,VIIRS,n,2,306.64,4.43,D,0,VIIRS_NOAA20_SP
18.22177,78.02569,345.55,0.4,0.44,2023-11-20,740,N20,VIIRS,n,2,309.1,4.43,D,0,VIIRS_NOAA20_SP
18.25648,77.91783,331.25,0.4,0.45,2023-11-20,740,N20,VIIRS,l,2,303.82,1.77,D,0,VIIRS_NOAA20_SP
18.27534,77.92974,342.61,0.4,0.44,2023-11-20,740,N20,VIIRS,n,2,302.65,3.38,D,0,VIIRS_NOAA20_SP
18.27554,77.92966,333.3,0.4,0.44,2023-11-20,740,N20,VIIRS,n,2,301.67,2.31,D,0,VIIRS_NOAA20_SP
18.28206,77.89707,341.93,0.4,0.45,2023-11-20,740,N20,VIIRS,n,2,307.89,13.56,D,0,VIIRS_NOAA20_SP
18.28475,77.95905,338.73,0.4,0.44,2023-11-20,740,N20,VIIRS,n,2,305.07,2.51,D,0,VIIRS_NOAA20_SP
18.28515,77.95892,337.53,0.4,0.44,2023-11-20,740,N20,VIIRS,n,2,305.78,2.81,D,0,VIIRS_NOAA20_SP
18.29614,77.88248,332.95,0.41,0.45,2023-11-20,740,N20,VIIRS,l,2,304.91,3.78,D,0,VIIRS_NOAA20_SP
18.31231,77.87921,340.92,0.41,0.45,2023-11-20,740,N20,VIIRS,n,2,301.67,8.21,D,0,VIIRS_NOAA20_SP
18.31695,77.8587,332.77,0.41,0.45,2023-11-20,740,N20,VIIRS,l,2,303.58,3.39,D,0,VIIRS_NOAA20_SP
18.32298,77.84572,337.58,0.41,0.45,2023-11-20,740,N20,VIIRS,n,2,302.99,1.66,D,0,VIIRS_NOAA20_SP
18.32391,77.73481,335.25,0.41,0.45,2023-11-20,740,N20,VIIRS,l,2,306.04,3.65,D,0,VIIRS_NOAA20_SP
18.32574,77.86084,331.45,0.41,0.45,2023-11-20,740,N20,VIIRS,l,2,306.02,2.57,D,0,VIIRS_NOAA20_SP
18.33692,77.76,331.68,0.41,0.45,2023-11-20,740,N20,VIIRS,n,2,305.14,2.52,D,0,VIIRS_NOAA20_SP
18.33803,77.90538,332.6,0.4,0.45,2023-11-20,740,N20,VIIRS,n,2,301.62,3.7,D,0,VIIRS_NOAA20_SP
18.34497,77.73435,331.01,0.41,0.45,2023-11-20,740,N20,VIIRS,l,2,305.81,4.93,D,0,VIIRS_NOAA20_SP
18.35008,77.87943,330.92,0.41,0.45,2023-11-20,740,N20,VIIRS,n,2,303.56,2.31,D,0,VIIRS_NOAA20_SP
18.36013,77.84212,336.66,0.41,0.45,2023-11-20,740,N20,VIIRS,n,2,304.4,4.29,D,0,VIIRS_NOAA20_SP
18.3649,77.86865,332.17,0.41,0.45,2023-11-20,740,N20,VIIRS,n,2,306.07,3.18,D,0,VIIRS_NOAA20_SP
18.36752,75.1816,346.98,0.6,0.53,2023-11-20,740,N20,VIIRS,n,2,300.72,7.23,D,0,VIIRS_NOAA20_SP
18.37619,78.29787,337.09,0.57,0.43,2023-11-20,740,N20,VIIRS,n,2,306.14,5.22,D,0,VIIRS_NOAA20_SP
18.38102,77.81876,330.48,0.41,0.45,2023-11-20,740,N20,VIIRS,l,2,304.52,2.29,D,0,VIIRS_NOAA20_SP
18.38858,77.83692,346.62,0.41,0.45,2023-11-20,740,N20,VIIRS,n,2,303.93,4.44,D,0,VIIRS_NOAA20_SP
18.38987,77.98484,339.32,0.4,0.44,2023-11-20,740,N20,VIIRS,n,2,305.01,2.91,D,0,VIIRS_NOAA20_SP
18.39528,78.24522,334.03,0.38,0.44,2023-11-20,740,N20,VIIRS,n,2,307.57,2.58,D,0,VIIRS_NOAA20_SP
18.39613,77.85504,345.38,0.41,0.45,2023-11-20,740,N20,VIIRS,n,2,306.06,5.57,D,0,VIIRS_NOAA20_SP
18.39683,77.85883,345.48,0.41,0.45,2023-11-20,740,N20,VIIRS,n,2,305.28,6.68,D,0,VIIRS_NOAA20_SP
18.40598,78.62371,334.72,0.55,0.43,2023-11-20,740,N20,VIIRS,n,2,302.7,3.61,D,0,VIIRS_NOAA20_SP
18.40743,78.62621,334.73,0.55,0.43,2023-11-20,740,N20,VIIRS,n,2,303.38,2.37,D,0,VIIRS_NOAA20_SP
18.41194,77.78098,330.49,0.41,0.45,2023-11-20,740,N20,VIIRS,l,2,304.44,2.46,D,0,VIIRS_NOAA20_SP
18.42132,77.90093,338.88,0.4,0.44,2023-11-20,740,N20,VIIRS,n,2,302.15,4.12,D,0,VIIRS_NOAA20_SP
18.42934,74.42571,350.87,0.34,0.56,2023-11-20,740,N20,VIIRS,n,2,298.93,9.98,D,0,VIIRS_NOAA20_SP
18.42997,74.42881,350.67,0.34,0.56,2023-11-20,740,N20,VIIRS,n,2,292.88,9.98,D,0,VIIRS_NOAA20_SP
18.44591,77.80577,341.36,0.41,0.45,2023-11-20,740,N20,VIIRS,n,2,304.67,5.91,D,0,VIIRS_NOAA20_SP
18.45947,78.35633,334.95,0.57,0.43,2023-11-20,740,N20,VIIRS,n,2,304.04,2.91,D,0,VIIRS_NOAA20_SP
18.4602,78.35808,338.2,0.57,0.43,2023-11-20,740,N20,VIIRS,n,2,305.58,6.95,D,0,VIIRS_NOAA20_SP
18.49786,78.25392,337.12,0.38,0.43,2023-11-20,740,N20,VIIRS,n,2,305.78,3.0,D,0,VIIRS_NOAA20_SP
18.50273,77.77363,340.15,0.41,0.45,2023-11-20,740,N20,VIIRS,n,2,304.49,2.35,D,0,VIIRS_NOAA20_SP
18.50834,77.80411,340.91,0.41,0.45,2023-11-20,740,N20,VIIRS,n,2,302.83,3.39,D,0,VIIRS_NOAA20_SP
18.51434,77.79105,330.54,0.41,0.45,2023-11-20,740,N20,VIIRS,n,2,305.28,1.26,D,0,VIIRS_NOAA20_SP
18.51461,77.97409,343.24,0.4,0.44,2023-11-20,740,N20,VIIRS,n,2,302.83,4.16,D,0,VIIRS_NOAA20_SP
18.51616,77.75511,337.58,0.41,0.45,2023-11-20,740,N20,VIIRS,n,2,305.55,3.48,D,0,VIIRS_NOAA20_SP
18.53675,78.00418,342.19,0.4,0.44,2023-11-20,740,N20,VIIRS,n,2,307.75,16.98,D,0,VIIRS_NOAA20_SP
18.53905,74.104,331.35,0.35,0.57,2023-11-20,740,N20,VIIRS,n,2,296.04,2.79,D,0,VIIRS_NOAA20_SP
18.55065,77.73627,331.04,0.41,0.45,2023-11-20,740,N20,VIIRS,n,2,305.13,2.29,D,0,VIIRS_NOAA20_SP
18.5631,78.30461,332.34,0.57,0.43,2023-11-20,740,N20,VIIRS,n,2,301.12,3.49,D,0,VIIRS_NOAA20_SP
18.56674,78.12312,330.35,0.39,0.44,2023-11-20,740,N20,VIIRS,n,2,304.13,1.72,D,0,VIIRS_NOAA20_SP
18.57603,77.96929,339.25,0.4,0.44,2023-11-20,740,N20,VIIRS,n,2,305.91,3.68,D,0,VIIRS_NOAA20_SP
18.5835,77.80128,331.96,0.41,0.45,2023-11-20,740,N20,VIIRS,n,2,305.03,2.55,D,0,VIIRS_NOAA20_SP
18.58465,77.83189,343.25,0.4,0.45,2023-11-20,740,N20,VIIRS,n,2,305.12,4.7,D,0,VIIRS_NOAA20_SP
18.5847,77.9483,332.46,0.4,0.44,2023-11-20,740,N20,VIIRS,l,2,306.41,2.86,D,0,VIIRS_NOAA20_SP
18.58508,77.83228,343.27,0.4,0.45,2023-11-20,740,N20,VIIRS,n,2,305.54,5.59,D,0,VIIRS_NOAA20_SP
18.59869,78.00312,337.63,0.39,0.44,2023-11-20,740,N20,VIIRS,n,2,302.76,4.08,D,0,VIIRS_NOAA20_SP
18.60115,78.10871,336.65,0.39,0.44,2023-11-20,740,N20,VIIRS,n,2,302.3,3.33,D,0,VIIRS_NOAA20_SP
18.62103,77.7543,331.66,0.41,0.45,2023-11-20,740,N20,VIIRS,l,2,301.81,3.19,D,0,VIIRS_NOAA20_SP
18.63287,78.00031,335.01,0.39,0.44,2023-11-20,740,N20,VIIRS,n,2,302.21,2.19,D,0,VIIRS_NOAA20_SP
18.63867,78.13485,332.38,0.39,0.44,2023-11-20,740,N20,VIIRS,n,2,305.0,2.83,D,0,VIIRS_NOAA20_SP
18.64111,78.13448,331.62,0.39,0.44,2023-11-20,740,N20,VIIRS,l,2,303.22,3.2,D,0,VIIRS_NOAA20_SP
18.64228,77.82461,341.51,0.4,0.44,2023-11-20,740,N20,VIIRS,n,2,306.75,4.05,D,0,VIIRS_NOAA20_SP
18.64297,77.82838,335.13,0.4,0.44,2023-11-20,740,N20,VIIRS,n,2,306.67,4.05,D,0,VIIRS_NOAA20_SP
18.64328,78.13766,333.24,0.39,0.44,2023-11-20,740,N20,VIIRS,n,2,305.42,2.0,D,0,VIIRS_NOAA20_SP
18.64478,77.97488,336.03,0.4,0.44,2023-11-20,740,N20,VIIRS,n,2,304.34,1.94,D,0,VIIRS_NOAA20_SP
18.64632,77.8238,341.2,0.4,0.44,2023-11-20,740,N20,VIIRS,n,2,305.19,4.05,D,0,VIIRS_NOAA20_SP
18.647,77.82757,330.93,0.4,0.44,2023-11-20,740,N20,VIIRS,n,2,304.77,4.05,D,0,VIIRS_NOAA20_SP
18.65897,78.31824,333.55,0.57,0.43,2023-11-20,740,N20,VIIRS,l,2,306.86,6.49,D,0,VIIRS_NOAA20_SP
18.66103,78.30695,336.51,0.57,0.43,2023-11-20,740,N20,VIIRS,n,2,301.77,4.76,D,0,VIIRS_NOAA20_SP
18.66609,78.69583,334.0,0.54,0.42,2023-11-20,740,N20,VIIRS,n,2,305.34,6.7,D,0,VIIRS_NOAA20_SP
18.66699,78.70087,334.52,0.54,0.42,2023-11-20,740,N20,VIIRS,n,2,304.42,6.7,D,0,VIIRS_NOAA20_SP
18.66922,77.83482,333.43,0.4,0.44,2023-11-20,740,N20,VIIRS,n,2,303.9,1.96,D,0,VIIRS_NOAA20_SP
18.67735,77.87978,331.57,0.4,0.44,2023-11-20,740,N20,VIIRS,l,2,303.94,2.36,D,0,VIIRS_NOAA20_SP
18.68069,77.87521,344.46,0.4,0.44,2023-11-20,740,N20,VIIRS,n,2,305.08,4.95,D,0,VIIRS_NOAA20_SP
18.68229,78.69782,333.24,0.54,0.42,2023-11-20,740,N20,VIIRS,l,2,304.42,5.56,D,0,VIIRS_NOAA20_SP
18.68294,78.72369,333.3,0.54,0.42,2023-11-20,740,N20,VIIRS,n,2,304.47,3.04,D,0,VIIRS_NOAA20_SP
18.68625,78.76449,332.73,0.53,0.42,2023-11-20,740,N20,VIIRS,l,2,303.81,4.77,D,0,VIIRS_NOAA20_SP
18.71216,77.88414,339.68,0.4,0.44,2023-11-20,740,N20,VIIRS,n,2,304.93,1.7,D,0,VIIRS_NOAA20_SP
18.71824,77.89449,354.67,0.4,0.44,2023-11-20,740,N20,VIIRS,n,2,310.49,35.46,D,0,VIIRS_NOAA20_SP
18.72237,77.91681,340.28,0.4,0.44,2023-11-20,740,N20,VIIRS,n,2,303.79,5.14,D,0,VIIRS_NOAA20_SP
18.72374,77.92421,338.83,0.4,0.44,2023-11-20,740,N20,VIIRS,n,2,304.37,1.61,D,0,VIIRS_NOAA20_SP
18.72853,77.9501,330.24,0.4,0.44,2023-11-20,740,N20,VIIRS,l,2,302.9,2.7,D,0,VIIRS_NOAA20_SP
18.73302,77.90695,339.17,0.4,0.44,2023-11-20,740,N20,VIIRS,n,2,305.45,3.44,D,0,VIIRS_NOAA20_SP
18.73371,77.91066,339.38,0.4,0.44,2023-11-20,740,N20,VIIRS,n,2,304.97,3.44,D,0,VIIRS_NOAA20_SP
18.73687,73.98036,353.96,0.35,0.57,2023-11-20,740,N20,VIIRS,n,2,301.35,9.28,D,0,VIIRS_NOAA20_SP
18.73755,73.98367,330.13,0.35,0.57,2023-11-20,740,N20,VIIRS,n,2,296.84,9.28,D,0,VIIRS_NOAA20_SP
18.74202,78.37598,330.9,0.56,0.43,2023-11-20,740,N20,VIIRS,n,2,299.8,3.46,D,0,VIIRS_NOAA20_SP
18.74669,78.40205,330.21,0.56,0.43,2023-11-20,740,N20,VIIRS,n,2,305.0,2.78,D,0,VIIRS_NOAA20_SP
18.75178,77.91855,333.38,0.4,0.44,2023-11-20,740,N20,VIIRS,n,2,305.31,1.77,D,0,VIIRS_NOAA20_SP
18.75212,78.07804,346.97,0.39,0.44,2023-11-20,740,N20,VIIRS,n,2,301.45,4.86,D,0,VIIRS_NOAA20_SP
18.75278,78.08167,338.54,0.39,0.44,2023-11-20,740,N20,VIIRS,n,2,302.65,4.86,D,0,VIIRS_NOAA20_SP
18.75921,78.62816,335.07,0.54,0.42,2023-11-20,740,N20,VIIRS,n,2,303.37,4.2,D,0,VIIRS_NOAA20_SP
18.77458,78.62516,331.1,0.54,0.42,2023-11-20,740,N20,VIIRS,n,2,302.96,3.32,D,0,VIIRS_NOAA20_SP
18.7746,78.11106,335.55,0.39,0.44,2023-11-20,740,N20,VIIRS,n,2,304.6,3.87,D,0,VIIRS_NOAA20_SP
18.77822,78.55621,331.2,0.55,0.42,2023-11-20,740,N20,VIIRS,l,2,302.17,4.88,D,0,VIIRS_NOAA20_SP
18.78648,77.90388,330.91,0.4,0.44,2023-11-20,740,N20,VIIRS,n,2,302.48,5.03,D,0,VIIRS_NOAA20_SP
18.78715,77.9076,340.85,0.4,0.44,2023-11-20,740,N20,VIIRS,n,2,303.29,5.03,D,0,VIIRS_NOAA20_SP
18.79305,78.12234,337.1,0.39,0.44,2023-11-20,740,N20,VIIRS,n,2,303.72,3.36,D,0,VIIRS_NOAA20_SP
18.7937,78.12595,349.15,0.39,0.44,2023-11-20,740,N20,VIIRS,n,2,304.41,3.36,D,0,VIIRS_NOAA20_SP
18.79766,78.12517,343.49,0.39,0.44,2023-11-20,740,N20,VIIRS,n,2,305.7,4.64,D,0,VIIRS_NOAA20_SP
18.8031,78.33434,334.66,0.56,0.43,2023-11-20,740,N20,VIIRS,n,2,303.55,5.94,D,0,VIIRS_NOAA20_SP
18.80445,77.98059,339.77,0.39,0.44,2023-11-20,740,N20,VIIRS,n,2,301.84,1.97,D,0,VIIRS_NOAA20_SP
18.80512,77.98428,331.05,0.39,0.44,2023-11-20,740,N20,VIIRS,n,2,300.88,2.92,D,0,VIIRS_NOAA20_SP
18.81502,78.28845,334.6,0.57,0.43,2023-11-20,740,N20,VIIRS,n,2,303.91,3.69,D,0,VIIRS_NOAA20_SP
18.81812,78.4391,333.56,0.55,0.43,2023-11-20,740,N20,VIIRS,l,2,304.01,6.82,D,0,VIIRS_NOAA20_SP
18.8187,78.46832,343.45,0.55,0.43,2023-11-20,740,N20,VIIRS,n,2,305.25,8.93,D,0,VIIRS_NOAA20_SP
18.81989,78.47089,334.81,0.55,0.43,2023-11-20,740,N20,VIIRS,l,2,305.5,4.9,D,0,VIIRS_NOAA20_SP
18.83654,78.11365,331.69,0.39,0.44,2023-11-20,740,N20,VIIRS,l,2,304.27,1.98,D,0,VIIRS_NOAA20_SP
18.84497,78.47664,334.39,0.55,0.43,2023-11-20,740,N20,VIIRS,n,2,302.85,3.91,D,0,VIIRS_NOAA20_SP
18.84774,78.10758,343.21,0.39,0.44,2023-11-20,740,N20,VIIRS,n,2,305.29,3.13,D,0,VIIRS_NOAA20_SP
18.84817,78.1559,331.15,0.38,0.43,2023-11-20,740,N20,VIIRS,n,2,305.61,1.75,D,0,VIIRS_NOAA20_SP
18.85426,78.25858,333.74,0.57,0.43,2023-11-20,740,N20,VIIRS,l,2,304.56,2.05,D,0,VIIRS_NOAA20_SP
18.86949,78.12202,341.14,0.38,0.44,2023-11-20,740,N20,VIIRS,n,2,305.9,2.04,D,0,VIIRS_NOAA20_SP
18.87145,78.53503,330.87,0.55,0.42,2023-11-20,740,N20,VIIRS,n,2,300.42,3.07,D,0,VIIRS_NOAA20_SP
18.87321,78.231,330.02,0.57,0.43,2023-11-20,740,N20,VIIRS,n,2,304.85,5.22,D,0,VIIRS_NOAA20_SP
18.87936,78.06395,351.29,0.39,0.44,2023-11-20,740,N20,VIIRS,n,2,305.43,9.21,D,0,VIIRS_NOAA20_SP
18.88002,78.06755,340.1,0.39,0.44,2023-11-20,740,N20,VIIRS,n,2,305.96,4.49,D,0,VIIRS_NOAA20_SP
18.8823,78.50634,334.04,0.55,0.43,2023-11-20,740,N20,VIIRS,n,2,302.21,2.63,D,0,VIIRS_NOAA20_SP
18.88346,73.04385,338.15,0.4,0.6,2023-11-20,740,N20,VIIRS,n,2,298.63,2.9,D,0,VIIRS_NOAA20_SP
18.89653,78.04545,355.37,0.39,0.44,2023-11-20,740,N20,VIIRS,n,2,304.52,7.72,D,0,VIIRS_NOAA20_SP
18.91151,78.43996,334.18,0.55,0.43,2023-11-20,740,N20,VIIRS,n,2,304.28,5.57,D,0,VIIRS_NOAA20_SP
18.91392,78.43613,333.18,0.55,0.43,2023-11-20,740,N20,VIIRS,n,2,303.81,3.64,D,0,VIIRS_NOAA20_SP
18.94235,78.4552,341.11,0.55,0.43,2023-11-20,740,N20,VIIRS,n,2,305.21,5.18,D,0,VIIRS_NOAA20_SP
18.94714,78.45958,333.17,0.55,0.43,2023-11-20,740,N20,VIIRS,n,2,303.19,3.98,D,0,VIIRS_NOAA20_SP
18.94731,76.7929,339.86,0.46,0.47,2023-11-20,740,N20,VIIRS,n,2,302.8,2.82,D,0,VIIRS_NOAA20_SP
18.94744,78.0199,337.17,0.39,0.44,2023-11-20,740,N20,VIIRS,n,2,301.86,2.31,D,0,VIIRS_NOAA20_SP
18.94946,78.01981,338.04,0.39,0.44,2023-11-20,740,N20,VIIRS,n,2,301.77,3.52,D,0,VIIRS_NOAA20_SP
19.06728,78.66646,334.27,0.53,0.42,2023-11-20,740,N20,VIIRS,n,2,301.72,3.2,D,0,VIIRS_NOAA20_SP
19.06914,78.66342,334.54,0.53,0.42,2023-11-20,740,N20,VIIRS,n,2,301.67,5.27,D,0,VIIRS_NOAA20_SP
19.07071,78.95485,331.58,0.51,0.41,2023-11-20,740,N20,VIIRS,n,2,302.65,4.02,D,0,VIIRS_NOAA20_SP
19.08972,82.16402,335.51,0.39,0.36,2023-11-20,740,N20,VIIRS,n,2,303.05,4.65,D,0,VIIRS_NOAA20_SP
19.09362,82.16714,330.1,0.39,0.36,2023-11-20,740,N20,VIIRS,l,2,301.64,4.22,D,0,VIIRS_NOAA20_SP
19.09419,82.17082,334.26,0.39,0.36,2023-11-20,740,N20,VIIRS,n,2,301.36,3.27,D,0,VIIRS_NOAA20_SP
19.31449,77.35048,345.2,0.42,0.45,2023-11-20,740,N20,VIIRS,n,2,307.8,11.0,D,0,VIIRS_NOAA20_SP
19.32238,77.25448,330.16,0.43,0.46,2023-11-20,740,N20,VIIRS,l,2,304.13,1.3,D,0,VIIRS_NOAA20_SP
19.34421,74.53535,331.65,0.63,0.54,2023-11-20,740,N20,VIIRS,n,2,298.52,3.58,D,0,VIIRS_NOAA20_SP
19.35776,81.92244,333.82,0.39,0.37,2023-11-20,740,N20,VIIRS,n,2,295.95,2.17,D,0,VIIRS_NOAA20_SP
19.36759,71.35629,352.16,0.51,0.66,2023-11-20,740,N20,VIIRS,n,2,294.07,8.77,D,3,VIIRS_NOAA20_SP
19.39951,77.28898,337.42,0.42,0.45,2023-11-20,740,N20,VIIRS,n,2,304.59,7.62,D,0,VIIRS_NOAA20_SP
19.40025,77.29293,340.16,0.42,0.45,2023-11-20,740,N20,VIIRS,n,2,301.78,7.62,D,0,VIIRS_NOAA20_SP
19.45585,73.4058,331.22,0.37,0.58,2023-11-20,740,N20,VIIRS,n,2,301.67,2.11,D,0,VIIRS_NOAA20_SP
19.51574,73.32376,342.86,0.38,0.58,2023-11-20,740,N20,VIIRS,n,2,299.36,3.42,D,0,VIIRS_NOAA20_SP
19.56679,71.35669,367.0,0.5,0.66,2023-11-20,740,N20,VIIRS,h,2,294.02,8.92,D,3,VIIRS_NOAA20_SP
19.56994,71.35406,367.0,0.5,0.66,2023-11-20,740,N20,VIIRS,h,2,294.31,13.98,D,3,VIIRS_NOAA20_SP
19.59929,73.0702,339.0,0.39,0.59,2023-11-20,740,N20,VIIRS,n,2,299.98,5.56,D,0,VIIRS_NOAA20_SP
19.62598,82.09233,342.79,0.39,0.36,2023-11-20,740,N20,VIIRS,n,2,301.87,3.88,D,0,VIIRS_NOAA20_SP
19.71613,79.9189,330.86,0.45,0.39,2023-11-20,740,N20,VIIRS,n,2,291.78,4.02,D,0,VIIRS_NOAA20_SP
19.81538,78.80392,333.58,0.51,0.41,2023-11-20,740,N20,VIIRS,n,2,304.18,3.85,D,0,VIIRS_NOAA20_SP
19.99824,80.66625,331.29,0.42,0.38,2023-11-20,740,N20,VIIRS,n,2,277.89,2.43,D,0,VIIRS_NOAA20_SP
20.38978,75.64548,353.76,0.51,0.5,2023-11-20,740,N20,VIIRS,n,2,304.26,37.42,D,0,VIIRS_NOAA20_SP
20.57444,83.3644,334.77,0.39,0.36,2023-11-20,740,N20,VIIRS,n,2,299.4,2.92,D,0,VIIRS_NOAA20_SP
20.70882,81.47633,332.79,0.4,0.37,2023-11-20,740,N20,VIIRS,n,2,289.63,2.41,D,0,VIIRS_NOAA20_SP
20.77743,81.417,329.63,0.4,0.37,2023-11-20,740,N20,VIIRS,n,2,302.96,2.32,D,0,VIIRS_NOAA20_SP
20.80676,80.13503,333.12,0.43,0.38,2023-11-20,740,N20,VIIRS,n,2,303.15,5.58,D,0,VIIRS_NOAA20_SP
20.94333,80.92279,330.9,0.41,0.37,2023-11-20,740,N20,VIIRS,n,2,300.91,2.32,D,0,VIIRS_NOAA20_SP
20.95997,85.17553,327.34,0.43,0.38,2023-11-20,740,N20,VIIRS,n,2,296.47,2.53,D,2,VIIRS_NOAA20_SP
20.96135,85.17487,334.98,0.43,0.38,2023-11-20,740,N20,VIIRS,n,2,296.33,3.79,D,2,VIIRS_NOAA20_SP
20.96233,85.16685,331.42,0.43,0.38,2023-11-20,740,N20,VIIRS,n,2,300.64,2.23,D,2,VIIRS_NOAA20_SP
20.96288,85.17092,327.78,0.43,0.38,2023-11-20,740,N20,VIIRS,n,2,295.32,2.53,D,2,VIIRS_NOAA20_SP
20.96344,85.175,329.48,0.43,0.38,2023-11-20,740,N20,VIIRS,n,2,297.21,2.53,D,2,VIIRS_NOAA20_SP
20.96399,85.17906,336.58,0.43,0.38,2023-11-20,740,N20,VIIRS,n,2,297.57,4.62,D,2,VIIRS_NOAA20_SP
20.9676,85.1536,327.66,0.42,0.38,2023-11-20,740,N20,VIIRS,n,2,299.61,2.07,D,2,VIIRS_NOAA20_SP
20.96799,79.58076,330.08,0.45,0.39,2023-11-20,740,N20,VIIRS,l,2,304.92,3.8,D,0,VIIRS_NOAA20_SP
20.96981,85.16987,328.67,0.43,0.38,2023-11-20,740,N20,VIIRS,l,2,301.9,4.42,D,2,VIIRS_NOAA20_SP
20.97036,85.17393,339.57,0.43,0.38,2023-11-20,740,N20,VIIRS,n,2,302.12,4.42,D,2,VIIRS_NOAA20_SP
20.97074,79.58051,332.86,0.45,0.39,2023-11-20,740,N20,VIIRS,n,2,302.44,4.31,D,0,VIIRS_NOAA20_SP
20.97743,85.14792,329.78,0.42,0.38,2023-11-20,740,N20,VIIRS,n,2,302.45,2.29,D,2,VIIRS_NOAA20_SP
20.99644,79.60216,333.7,0.45,0.39,2023-11-20,740,N20,VIIRS,n,2,299.4,2.65,D,0,VIIRS_NOAA20_SP
21.00973,79.57302,332.48,0.45,0.39,2023-11-20,740,N20,VIIRS,l,2,303.06,3.19,D,0,VIIRS_NOAA20_SP
21.0746,80.75494,330.0,0.41,0.37,2023-11-20,740,N20,VIIRS,l,2,302.04,2.28,D,0,VIIRS_NOAA20_SP
21.07488,85.04247,340.32,0.42,0.38,2023-11-20,740,N20,VIIRS,n,2,306.65,5.53,D,2,VIIRS_NOAA20_SP
21.07526,79.97907,332.05,0.44,0.38,2023-11-20,740,N20,VIIRS,n,2,301.98,3.23,D,0,VIIRS_NOAA20_SP
21.09639,80.73881,331.61,0.41,0.37,2023-11-20,740,N20,VIIRS,n,2,300.62,3.84,D,0,VIIRS_NOAA20_SP
21.13081,80.50037,335.22,0.42,0.37,2023-11-20,740,N20,VIIRS,n,2,301.29,4.83,D,0,VIIRS_NOAA20_SP
21.13183,80.57011,333.53,0.42,0.37,2023-11-20,740,N20,VIIRS,n,2,302.73,3.21,D,0,VIIRS_NOAA20_SP
21.2099,81.00087,336.13,0.4,0.37,2023-11-20,740,N20,VIIRS,n,2,303.27,4.27,D,0,VIIRS_NOAA20_SP
21.2291,80.90603,335.35,0.41,0.37,2023-11-20,740,N20,VIIRS,n,2,301.89,3.33,D,0,VIIRS_NOAA20_SP
21.27712,80.98848,331.66,0.4,0.37,2023-11-20,740,N20,VIIRS,n,2,302.17,2.8,D,0,VIIRS_NOAA20_SP
21.31542,81.67828,339.17,0.39,0.36,2023-11-20,740,N20,VIIRS,n,2,301.0,3.46,D,0,VIIRS_NOAA20_SP
21.33965,81.06438,337.58,0.4,0.37,2023-11-20,740,N20,VIIRS,n,2,299.22,2.17,D,0,VIIRS_NOAA20_SP
21.36067,81.44671,341.83,0.39,0.36,2023-11-20,740,N20,VIIRS,n,2,300.91,5.69,D,0,VIIRS_NOAA20_SP
21.4232,80.99375,332.61,0.4,0.37,2023-11-20,740,N20,VIIRS,n,2,301.76,2.18,D,0,VIIRS_NOAA20_SP
21.436,80.98744,332.91,0.4,0.37,2023-11-20,740,N20,VIIRS,n,2,302.01,3.49,D,0,VIIRS_NOAA20_SP
21.50567,82.578,328.99,0.38,0.36,2023-11-20,740,N20,VIIRS,n,2,293.57,2.23,D,0,VIIRS_NOAA20_SP
21.54785,81.40514,339.92,0.39,0.36,2023-11-20,740,N20,VIIRS,n,2,298.6,3.89,D,0,VIIRS_NOAA20_SP
21.67954,84.0391,332.64,0.4,0.37,2023-11-20,740,N20,VIIRS,l,2,305.18,4.5,D,2,VIIRS_NOAA20_SP
21.76345,84.02538,338.21,0.4,0.37,2023-11-20,740,N20,VIIRS,n,2,302.88,5.3,D,2,VIIRS_NOAA20_SP
21.76626,84.021,331.18,0.4,0.37,2023-11-20,740,N20,VIIRS,l,2,304.27,5.3,D,2,VIIRS_NOAA20_SP
21.10412,72.63676,348.55,0.39,0.59,2023-11-20,741,N20,VIIRS,n,2,300.75,6.56,D,2,VIIRS_NOAA20_SP
21.10647,72.64763,346.8,0.39,0.59,2023-11-20,741,N20,VIIRS,n,2,301.44,5.8,D,2,VIIRS_NOAA20_SP
21.47948,76.52917,341.11,0.43,0.46,2023-11-20,741,N20,VIIRS,n,2,304.03,5.24,D,0,VIIRS_NOAA20_SP
21.58183,81.27883,332.55,0.4,0.37,2023-11-20,741,N20,VIIRS,n,2,300.96,3.34,D,0,VIIRS_NOAA20_SP
21.61879,81.20968,331.73,0.4,0.37,2023-11-20,741,N20,VIIRS,n,2,300.94,2.79,D,0,VIIRS_NOAA20_SP
21.67134,81.36745,332.93,0.39,0.36,2023-11-20,741,N20,VIIRS,n,2,302.4,2.44,D,0,VIIRS_NOAA20_SP
21.69198,81.32485,333.16,0.39,0.37,2023-11-20,741,N20,VIIRS,n,2,301.91,3.18,D,0,VIIRS_NOAA20_SP
21.71119,81.64179,331.73,0.39,0.36,2023-11-20,741,N20,VIIRS,n,2,299.45,1.31,D,0,VIIRS_NOAA20_SP
21.73335,81.78333,343.43,0.39,0.36,2023-11-20,741,N20,VIIRS,n,2,303.31,3.44,D,0,VIIRS_NOAA20_SP
21.74374,81.3968,336.16,0.39,0.36,2023-11-20,741,N20,VIIRS,n,2,302.67,4.12,D,0,VIIRS_NOAA20_SP
21.77618,81.32108,331.49,0.39,0.37,2023-11-20,741,N20,VIIRS,n,2,298.67,1.78,D,0,VIIRS_NOAA20_SP
21.78351,81.43213,338.89,0.39,0.36,2023-11-20,741,N20,VIIRS,n,2,302.56,3.71,D,0,VIIRS_NOAA20_SP
21.83637,81.29418,334.12,0.39,0.37,2023-11-20,741,N20,VIIRS,n,2,301.35,4.4,D,0,VIIRS_NOAA20_SP
21.83748,79.09695,331.4,0.47,0.39,2023-11-20,741,N20,VIIRS,n,2,303.83,2.24,D,0,VIIRS_NOAA20_SP
21.87181,81.43114,353.25,0.39,0.36,2023-11-20,741,N20,VIIRS,n,2,309.55,19.51,D,0,VIIRS_NOAA20_SP
21.87513,81.43054,335.55,0.39,0.36,2023-11-20,741,N20,VIIRS,n,2,301.43,3.9,D,0,VIIRS_NOAA20_SP
21.87733,82.92593,333.03,0.39,0.36,2023-11-20,741,N20,VIIRS,n,2,298.81,2.55,D,0,VIIRS_NOAA20_SP
21.9172,81.37256,338.21,0.39,0.36,2023-11-20,741,N20,VIIRS,n,2,302.89,4.91,D,0,VIIRS_NOAA20_SP
21.92776,74.15887,338.19,0.6,0.53,2023-11-20,741,N20,VIIRS,n,2,300.16,4.69,D,0,VIIRS_NOAA20_SP
21.93031,74.15106,336.24,0.6,0.53,2023-11-20,741,N20,VIIRS,n,2,299.59,3.88,D,0,VIIRS_NOAA20_SP
21.93502,81.74648,331.71,0.39,0.36,2023-11-20,741,N20,VIIRS,n,2,301.49,3.06,D,0,VIIRS_NOAA20_SP
21.99497,79.10909,330.98,0.46,0.39,2023-11-20,741,N20,VIIRS,l,2,304.42,2.59,D,0,VIIRS_NOAA20_SP
22.01133,79.28691,335.28,0.45,0.39,2023-11-20,741,N20,VIIRS,n,2,304.52,4.95,D,0,VIIRS_NOAA20_SP
22.01212,79.28634,333.77,0.45,0.39,2023-11-20,741,N20,VIIRS,l,2,304.56,4.24,D,0,VIIRS_NOAA20_SP
22.01792,79.11356,332.86,0.46,0.39,2023-11-20,741,N20,VIIRS,n,2,306.14,2.73,D,0,VIIRS_NOAA20_SP
22.04069,83.73806,332.57,0.39,0.37,2023-11-20,741,N20,VIIRS,n,2,276.03,3.59,D,2,VIIRS_NOAA20_SP
22.04348,83.7337,335.71,0.39,0.37,2023-11-20,741,N20,VIIRS,n,2,275.74,3.59,D,2,VIIRS_NOAA20_SP
22.04959,79.44414,332.51,0.45,0.39,2023-11-20,741,N20,VIIRS,n,2,305.93,2.61,D,0,VIIRS_NOAA20_SP
22.05694,79.48673,335.96,0.45,0.39,2023-11-20,741,N20,VIIRS,n,2,304.44,3.65,D,0,VIIRS_NOAA20_SP
22.05743,79.12861,335.89,0.46,0.39,2023-11-20,741,N20,VIIRS,n,2,306.07,4.89,D,0,VIIRS_NOAA20_SP
22.07428,81.46395,331.62,0.39,0.36,2023-11-20,741,N20,VIIRS,n,2,300.54,3.58,D,0,VIIRS_NOAA20_SP
22.07583,79.10682,334.3,0.46,0.39,2023-11-20,741,N20,VIIRS,n,2,302.25,6.22,D,0,VIIRS_NOAA20_SP
22.10585,79.43303,330.74,0.45,0.39,2023-11-20,741,N20,VIIRS,n,2,305.73,2.05,D,0,VIIRS_NOAA20_SP
22.10607,79.3487,338.02,0.45,0.39,2023-11-20,741,N20,VIIRS,n,2,307.72,4.47,D,0,VIIRS_NOAA20_SP
22.12351,79.32445,335.48,0.45,0.39,2023-11-20,741,N20,VIIRS,n,2,304.17,3.47,D,0,VIIRS_NOAA20_SP
22.12409,79.18049,331.11,0.46,0.39,2023-11-20,741,N20,VIIRS,l,2,305.36,3.17,D,0,VIIRS_NOAA20_SP
22.15014,75.56337,331.65,0.48,0.48,2023-11-20,741,N20,VIIRS,n,2,300.96,2.49,D,0,VIIRS_NOAA20_SP
22.18562,79.71345,331.31,0.44,0.38,2023-11-20,741,N20,VIIRS,n,2,304.35,3.34,D,0,VIIRS_NOAA20_SP
22.20865,79.50196,334.69,0.44,0.39,2023-11-20,741,N20,VIIRS,n,2,304.76,2.2,D,0,VIIRS_NOAA20_SP
22.2116,78.75838,334.74,0.48,0.4,2023-11-20,741,N20,VIIRS,n,2,304.78,3.31,D,0,VIIRS_NOAA20_SP
22.21195,84.87328,330.86,0.42,0.38,2023-11-20,741,N20,VIIRS,l,2,305.38,3.21,D,2,VIIRS_NOAA20_SP
22.21485,84.86864,328.86,0.42,0.38,2023-11-20,741,N20,VIIRS,l,2,303.12,2.06,D,2,VIIRS_NOAA20_SP
22.21741,79.80677,335.6,0.43,0.38,2023-11-20,741,N20,VIIRS,n,2,304.56,4.71,D,0,VIIRS_NOAA20_SP
22.23541,79.80756,345.99,0.43,0.38,2023-11-20,741,N20,VIIRS,n,2,301.43,6.76,D,0,VIIRS_NOAA20_SP
22.27037,79.5248,343.6,0.44,0.38,2023-11-20,741,N20,VIIRS,n,2,306.77,11.28,D,0,VIIRS_NOAA20_SP
22.27108,79.52553,343.1,0.44,0.38,2023-11-20,741,N20,VIIRS,n,2,306.43,13.5,D,0,VIIRS_NOAA20_SP
22.27508,79.21075,330.86,0.45,0.39,2023-11-20,741,N20,VIIRS,l,2,304.28,1.57,D,0,VIIRS_NOAA20_SP
22.27993,79.19634,333.24,0.46,0.39,2023-11-20,741,N20,VIIRS,n,2,303.38,2.32,D,0,VIIRS_NOAA20_SP
22.29009,79.70708,334.39,0.43,0.38,2023-11-20,741,N20,VIIRS,n,2,302.75,3.17,D,0,VIIRS_NOAA20_SP
22.29106,79.47343,336.51,0.44,0.39,2023-11-20,741,N20,VIIRS,n,2,304.54,1.97,D,0,VIIRS_NOAA20_SP
22.29147,79.73675,333.55,0.43,0.38,2023-11-20,741,N20,VIIRS,n,2,302.71,3.28,D,0,VIIRS_NOAA20_SP
22.29214,79.78362,334.53,0.43,0.38,2023-11-20,741,N20,VIIRS,n,2,305.56,3.0,D,0,VIIRS_NOAA20_SP
22.31183,79.74207,335.76,0.43,0.38,2023-11-20,741,N20,VIIRS,n,2,305.91,3.7,D,0,VIIRS_NOAA20_SP
22.31223,79.77549,335.64,0.43,0.38,2023-11-20,741,N20,VIIRS,n,2,305.54,3.42,D,0,VIIRS_NOAA20_SP
22.32864,82.6536,330.29,0.38,0.36,2023-11-20,741,N20,VIIRS,l,2,301.98,2.97,D,2,VIIRS_NOAA20_SP
22.33249,82.65673,333.12,0.38,0.36,2023-11-20,741,N20,VIIRS,l,2,305.48,3.39,D,2,VIIRS_NOAA20_SP
22.33739,72.30325,339.96,0.38,0.59,2023-11-20,741,N20,VIIRS,n,2,300.53,2.69,D,0,VIIRS_NOAA20_SP
22.33978,72.31409,331.94,0.38,0.59,2023-11-20,741,N20,VIIRS,n,2,300.96,3.32,D,0,VIIRS_NOAA20_SP
22.34371,69.88045,344.0,0.54,0.68,2023-11-20,741,N20,VIIRS,n,2,301.44,5.38,D,2,VIIRS_NOAA20_SP
22.34427,72.30914,367.0,0.38,0.59,2023-11-20,741,N20,VIIRS,h,2,301.53,13.52,D,0,VIIRS_NOAA20_SP
22.34507,72.31276,367.0,0.38,0.59,2023-11-20,741,N20,VIIRS,h,2,301.72,12.78,D,0,VIIRS_NOAA20_SP
22.37002,80.02253,334.43,0.42,0.38,2023-11-20,741,N20,VIIRS,n,2,300.64,3.28,D,0,VIIRS_NOAA20_SP
22.37183,79.54479,331.09,0.44,0.38,2023-11-20,741,N20,VIIRS,n,2,304.66,3.05,D,0,VIIRS_NOAA20_SP
22.37532,79.5441,335.45,0.44,0.38,2023-11-20,741,N20,VIIRS,n,2,306.53,3.05,D,0,VIIRS_NOAA20_SP
22.38987,79.55997,345.41,0.44,0.38,2023-11-20,741,N20,VIIRS,n,2,306.44,9.3,D,0,VIIRS_NOAA20_SP
22.39775,80.16692,331.58,0.42,0.37,2023-11-20,741,N20,VIIRS,l,2,304.13,2.43,D,0,VIIRS_NOAA20_SP
22.40487,80.06167,338.15,0.42,0.38,2023-11-20,741,N20,VIIRS,n,2,300.55,3.97,D,0,VIIRS_NOAA20_SP
22.40762,80.05697,333.25,0.42,0.38,2023-11-20,741,N20,VIIRS,l,2,305.75,4.22,D,0,VIIRS_NOAA20_SP
22.40877,79.80841,332.3,0.43,0.38,2023-11-20,741,N20,VIIRS,l,2,305.77,3.28,D,0,VIIRS_NOAA20_SP
22.41414,80.15963,332.28,0.42,0.38,2023-11-20,741,N20,VIIRS,n,2,303.01,2.31,D,0,VIIRS_NOAA20_SP
22.41863,80.03821,346.13,0.42,0.38,2023-11-20,741,N20,VIIRS,n,2,303.61,6.44,D,0,VIIRS_NOAA20_SP
22.42702,79.98224,339.21,0.42,0.38,2023-11-20,741,N20,VIIRS,n,2,304.04,4.92,D,0,VIIRS_NOAA20_SP
22.44376,73.25294,334.56,0.33,0.55,2023-11-20,741,N20,VIIRS,n,2,300.36,1.99,D,0,VIIRS_NOAA20_SP
22.44696,79.78941,330.7,0.43,0.38,2023-11-20,741,N20,VIIRS,l,2,304.37,4.2,D,0,VIIRS_NOAA20_SP
22.44766,79.79352,337.96,0.43,0.38,2023-11-20,741,N20,VIIRS,n,2,304.78,4.2,D,0,VIIRS_NOAA20_SP
22.45459,80.68839,331.51,0.4,0.37,2023-11-20,741,N20,VIIRS,n,2,303.09,1.52,D,0,VIIRS_NOAA20_SP
22.46633,79.81962,342.16,0.43,0.38,2023-11-20,741,N20,VIIRS,n,2,302.59,4.14,D,0,VIIRS_NOAA20_SP
22.47334,80.17725,335.08,0.42,0.37,2023-11-20,741,N20,VIIRS,n,2,304.41,2.45,D,0,VIIRS_NOAA20_SP
22.47381,79.69446,334.1,0.43,0.38,2023-11-20,741,N20,VIIRS,n,2,305.66,3.0,D,0,VIIRS_NOAA20_SP
22.47581,80.08644,342.5,0.42,0.38,2023-11-20,741,N20,VIIRS,n,2,304.38,14.44,D,0,VIIRS_NOAA20_SP
22.47855,80.08174,330.09,0.42,0.38,2023-11-20,741,N20,VIIRS,n,2,302.23,1.55,D,0,VIIRS_NOAA20_SP
22.47944,79.81287,331.87,0.43,0.38,2023-11-20,741,N20,VIIRS,n,2,300.54,2.12,D,0,VIIRS_NOAA20_SP
22.48268,80.06427,337.67,0.42,0.38,2023-11-20,741,N20,VIIRS,n,2,303.49,4.08,D,0,VIIRS_NOAA20_SP
22.48271,80.04343,340.42,0.42,0.38,2023-11-20,741,N20,VIIRS,n,2,301.96,3.01,D,0,VIIRS_NOAA20_SP
22.48616,73.16045,339.06,0.34,0.56,2023-11-20,741,N20,VIIRS,n,2,300.25,2.48,D,0,VIIRS_NOAA20_SP
22.49016,80.08784,339.09,0.42,0.38,2023-11-20,741,N20,VIIRS,n,2,305.75,4.17,D,0,VIIRS_NOAA20_SP
22.50248,80.37664,336.85,0.41,0.37,2023-11-20,741,N20,VIIRS,n,2,298.03,3.54,D,0,VIIRS_NOAA20_SP
22.51749,80.08258,339.66,0.42,0.38,2023-11-20,741,N20,VIIRS,n,2,301.78,3.35,D,0,VIIRS_NOAA20_SP
22.52365,80.07721,334.61,0.42,0.38,2023-11-20,741,N20,VIIRS,n,2,301.49,6.62,D,0,VIIRS_NOAA20_SP
22.52634,80.09334,332.62,0.42,0.38,2023-11-20,741,N20,VIIRS,l,2,302.66,2.04,D,0,VIIRS_NOAA20_SP
22.53785,80.12025,336.26,0.42,0.38,2023-11-20,741,N20,VIIRS,n,2,304.07,3.12,D,0,VIIRS_NOAA20_SP
22.55751,79.79851,335.53,0.43,0.38,2023-11-20,741,N20,VIIRS,n,2,304.2,3.63,D,0,VIIRS_NOAA20_SP
22.57327,75.6051,333.19,0.47,0.48,2023-11-20,741,N20,VIIRS,n,2,301.62,4.18,D,0,VIIRS_NOAA20_SP
22.57416,75.60962,338.2,0.47,0.48,2023-11-20,741,N20,VIIRS,n,2,300.35,3.75,D,0,VIIRS_NOAA20_SP
22.59627,72.51133,336.83,0.37,0.58,2023-11-20,741,N20,VIIRS,n,2,299.91,3.21,D,0,VIIRS_NOAA20_SP
22.61351,80.08954,336.22,0.42,0.38,2023-11-20,741,N20,VIIRS,n,2,299.88,3.96,D,0,VIIRS_NOAA20_SP
22.66475,79.89194,335.23,0.42,0.38,2023-11-20,741,N20,VIIRS,n,2,300.63,2.4,D,0,VIIRS_NOAA20_SP
22.6966,78.43208,342.88,0.49,0.4,2023-11-20,741,N20,VIIRS,n,2,302.31,4.63,D,0,VIIRS_NOAA20_SP
22.74924,78.02672,335.32,0.51,0.41,2023-11-20,741,N20,VIIRS,n,2,302.9,4.24,D,0,VIIRS_NOAA20_SP
22.75296,78.02594,335.19,0.51,0.41,2023-11-20,741,N20,VIIRS,n,2,303.12,4.24,D,0,VIIRS_NOAA20_SP
22.76292,80.20514,332.73,0.41,0.37,2023-11-20,741,N20,VIIRS,n,2,303.67,2.23,D,0,VIIRS_NOAA20_SP
22.76555,80.22105,332.19,0.41,0.37,2023-11-20,741,N20,VIIRS,n,2,302.56,2.24,D,0,VIIRS_NOAA20_SP
22.76941,78.69849,330.38,0.47,0.4,2023-11-20,741,N20,VIIRS,l,2,303.32,2.88,D,0,VIIRS_NOAA20_SP
22.77866,78.68719,332.89,0.47,0.4,2023-11-20,741,N20,VIIRS,n,2,301.9,4.22,D,0,VIIRS_NOAA20_SP
22.77887,78.68401,330.47,0.47,0.4,2023-11-20,741,N20,VIIRS,l,2,302.72,5.09,D,0,VIIRS_NOAA20_SP
22.783,77.82249,337.62,0.52,0.42,2023-11-20,741,N20,VIIRS,n,2,303.54,3.88,D,0,VIIRS_NOAA20_SP
22.78551,78.57388,334.84,0.48,0.4,2023-11-20,741,N20,VIIRS,n,2,301.7,3.08,D,0,VIIRS_NOAA20_SP
22.80018,88.44224,331.56,0.43,0.46,2023-11-20,741,N20,VIIRS,n,2,293.65,2.14,D,0,VIIRS_NOAA20_SP
22.80076,78.23124,342.02,0.5,0.41,2023-11-20,741,N20,VIIRS,n,2,304.68,8.44,D,0,VIIRS_NOAA20_SP
22.80341,78.23312,332.79,0.5,0.41,2023-11-20,741,N20,VIIRS,n,2,302.55,6.25,D,0,VIIRS_NOAA20_SP
22.81773,78.58626,338.93,0.48,0.4,2023-11-20,741,N20,VIIRS,n,2,306.99,30.0,D,0,VIIRS_NOAA20_SP
22.82652,78.42152,331.15,0.49,0.4,2023-11-20,741,N20,VIIRS,n,2,300.93,2.93,D,0,VIIRS_NOAA20_SP
22.82932,78.35521,333.94,0.49,0.4,2023-11-20,741,N20,VIIRS,n,2,303.11,3.55,D,0,VIIRS_NOAA20_SP
22.83049,78.35755,337.1,0.49,0.4,2023-11-20,741,N20,VIIRS,n,2,302.98,4.61,D,0,VIIRS_NOAA20_SP
22.84693,78.68887,330.65,0.47,0.4,2023-11-20,741,N20,VIIRS,n,2,300.8,3.51,D,0,VIIRS_NOAA20_SP
22.85614,78.20734,331.36,0.5,0.41,2023-11-20,741,N20,VIIRS,l,2,303.56,2.65,D,0,VIIRS_NOAA20_SP
22.86407,76.89879,340.63,0.39,0.44,2023-11-20,741,N20,VIIRS,n,2,300.2,5.49,D,0,VIIRS_NOAA20_SP
22.86416,78.40142,336.68,0.49,0.4,2023-11-20,741,N20,VIIRS,n,2,301.48,2.5,D,0,VIIRS_NOAA20_SP
22.86639,78.58571,339.74,0.48,0.4,2023-11-20,741,N20,VIIRS,n,2,304.52,9.37,D,0,VIIRS_NOAA20_SP
22.86647,78.58297,334.17,0.48,0.4,2023-11-20,741,N20,VIIRS,l,2,305.04,6.72,D,0,VIIRS_NOAA20_SP
22.87428,78.5004,339.88,0.48,0.4,2023-11-20,741,N20,VIIRS,n,2,303.74,12.46,D,0,VIIRS_NOAA20_SP
22.87498,77.98428,332.89,0.51,0.41,2023-11-20,741,N20,VIIRS,n,2,301.88,4.24,D,0,VIIRS_NOAA20_SP
22.87627,78.49043,337.84,0.48,0.4,2023-11-20,741,N20,VIIRS,n,2,301.59,5.38,D,0,VIIRS_NOAA20_SP
22.88085,72.51219,333.46,0.36,0.58,2023-11-20,741,N20,VIIRS,n,2,299.46,1.65,D,0,VIIRS_NOAA20_SP
22.88965,77.89449,332.54,0.51,0.41,2023-11-20,741,N20,VIIRS,n,2,301.49,3.39,D,0,VIIRS_NOAA20_SP
22.89245,79.20499,332.6,0.45,0.39,2023-11-20,741,N20,VIIRS,n,2,301.61,1.91,D,0,VIIRS_NOAA20_SP
22.9022,78.14311,333.21,0.5,0.41,2023-11-20,741,N20,VIIRS,n,2,302.31,3.51,D,0,VIIRS_NOAA20_SP
22.90323,78.13922,334.03,0.5,0.41,2023-11-20,741,N20,VIIRS,n,2,302.75,3.58,D,0,VIIRS_NOAA20_SP
22.90347,78.58013,330.36,0.48,0.4,2023-11-20,741,N20,VIIRS,n,2,303.16,2.1,D,0,VIIRS_NOAA20_SP
22.92252,81.86625,334.83,0.39,0.36,2023-11-20,741,N20,VIIRS,n,2,301.8,4.14,D,0,VIIRS_NOAA20_SP
22.93222,77.93671,336.06,0.51,0.41,2023-11-20,741,N20,VIIRS,n,2,301.91,5.33,D,0,VIIRS_NOAA20_SP
22.94362,77.50497,340.45,0.54,0.42,2023-11-20,741,N20,VIIRS,n,2,302.78,7.75,D,0,VIIRS_NOAA20_SP
22.94837,77.50919,345.21,0.54,0.42,2023-11-20,741,N20,VIIRS,n,2,302.6,7.75,D,0,VIIRS_NOAA20_SP
22.97425,78.5561,339.23,0.48,0.4,2023-11-20,741,N20,VIIRS,n,2,301.73,4.24,D,0,VIIRS_NOAA20_SP
22.97474,78.55687,332.33,0.48,0.4,2023-11-20,741,N20,VIIRS,n,2,301.35,4.53,D,0,VIIRS_NOAA20_SP
23.0164,79.44416,333.14,0.44,0.38,2023-11-20,741,N20,VIIRS,n,2,306.7,10.06,D,0,VIIRS_NOAA20_SP
23.01787,79.44511,336.95,0.44,0.38,2023-11-20,741,N20,VIIRS,n,2,307.46,14.04,D,0,VIIRS_NOAA20_SP
23.02174,78.06224,332.83,0.5,0.41,2023-11-20,741,N20,VIIRS,n,2,302.21,2.62,D,0,VIIRS_NOAA20_SP
23.0422,77.59777,333.16,0.53,0.42,2023-11-20,741,N20,VIIRS,n,2,303.46,2.74,D,0,VIIRS_NOAA20_SP
23.05879,81.71484,344.27,0.39,0.36,2023-11-20,741,N20,VIIRS,n,2,304.58,10.72,D,0,VIIRS_NOAA20_SP
23.07857,79.79594,332.16,0.42,0.38,2023-11-20,741,N20,VIIRS,n,2,300.39,0.99,D,0,VIIRS_NOAA20_SP
23.08076,79.79226,335.42,0.42,0.38,2023-11-20,741,N20,VIIRS,n,2,304.81,4.22,D,0,VIIRS_NOAA20_SP
23.0843,81.70234,330.17,0.39,0.36,2023-11-20,741,N20,VIIRS,n,2,301.0,2.44,D,0,VIIRS_NOAA20_SP
23.09175,79.79431,331.27,0.42,0.38,2023-11-20,741,N20,VIIRS,n,2,300.93,2.58,D,0,VIIRS_NOAA20_SP
23.09486,80.02283,331.46,0.42,0.37,2023-11-20,741,N20,VIIRS,n,2,299.83,3.06,D,0,VIIRS_NOAA20_SP
23.12752,78.44179,331.94,0.48,0.4,2023-11-20,741,N20,VIIRS,n,2,303.75,3.01,D,0,VIIRS_NOAA20_SP
23.12834,78.4464,333.86,0.48,0.4,2023-11-20,741,N20,VIIRS,n,2,304.39,3.24,D,0,VIIRS_NOAA20_SP
23.14872,79.77467,333.64,0.42,0.38,2023-11-20,741,N20,VIIRS,n,2,301.02,4.14,D,0,VIIRS_NOAA20_SP
23.16919,79.83385,334.55,0.42,0.38,2023-11-20,741,N20,VIIRS,n,2,299.96,3.76,D,0,VIIRS_NOAA20_SP
23.17044,79.88393,337.03,0.42,0.38,2023-11-20,741,N20,VIIRS,n,2,303.87,3.48,D,0,VIIRS_NOAA20_SP
23.17223,79.64696,338.96,0.43,0.38,2023-11-20,741,N20,VIIRS,n,2,301.98,4.63,D,0,VIIRS_NOAA20_SP
23.17441,77.63596,335.31,0.53,0.42,2023-11-20,741,N20,VIIRS,n,2,303.9,6.53,D,0,VIIRS_NOAA20_SP
23.17812,79.82368,335.59,0.42,0.38,2023-11-20,741,N20,VIIRS,n,2,302.13,5.85,D,0,VIIRS_NOAA20_SP
23.17906,79.62428,335.06,0.43,0.38,2023-11-20,741,N20,VIIRS,n,2,304.01,5.23,D,0,VIIRS_NOAA20_SP
23.18052,79.65385,340.01,0.43,0.38,2023-11-20,741,N20,VIIRS,n,2,301.92,7.26,D,0,VIIRS_NOAA20_SP
23.18251,79.6236,335.01,0.43,0.38,2023-11-20,741,N20,VIIRS,n,2,303.07,5.23,D,0,VIIRS_NOAA20_SP
23.189,79.76666,336.51,0.42,0.38,2023-11-20,741,N20,VIIRS,n,2,302.51,7.23,D,0,VIIRS_NOAA20_SP
23.19038,79.77483,334.26,0.42,0.38,2023-11-20,741,N20,VIIRS,n,2,303.24,8.01,D,0,VIIRS_NOAA20_SP
23.19929,79.76464,340.94,0.42,0.38,2023-11-20,741,N20,VIIRS,n,2,305.21,10.19,D,0,VIIRS_NOAA20_SP
23.20948,77.61277,330.91,0.53,0.42,2023-11-20,741,N20,VIIRS,n,2,302.71,2.51,D,0,VIIRS_NOAA20_SP
23.21299,79.71967,338.87,0.42,0.38,2023-11-20,741,N20,VIIRS,n,2,308.4,29.71,D,0,VIIRS_NOAA20_SP
23.21643,79.719,337.62,0.42,0.38,2023-11-20,741,N20,VIIRS,n,2,303.32,4.37,D,0,VIIRS_NOAA20_SP
23.21712,79.7231,342.53,0.42,0.38,2023-11-20,741,N20,VIIRS,n,2,302.03,4.37,D,0,VIIRS_NOAA20_SP
23.21782,79.74833,332.21,0.42,0.38,2023-11-20,741,N20,VIIRS,n,2,302.17,3.57,D,0,VIIRS_NOAA20_SP
23.21918,79.73537,330.32,0.42,0.38,2023-11-20,741,N20,VIIRS,l,2,303.1,2.96,D,0,VIIRS_NOAA20_SP
23.22674,79.73812,332.05,0.42,0.38,2023-11-20,741,N20,VIIRS,n,2,301.73,4.16,D,0,VIIRS_NOAA20_SP
23.23356,79.84208,332.0,0.42,0.38,2023-11-20,741,N20,VIIRS,n,2,300.05,2.52,D,0,VIIRS_NOAA20_SP
23.2398,79.71014,345.38,0.43,0.38,2023-11-20,741,N20,VIIRS,n,2,304.27,8.91,D,0,VIIRS_NOAA20_SP
23.24164,79.93247,338.32,0.42,0.38,2023-11-20,741,N20,VIIRS,n,2,303.5,6.25,D,0,VIIRS_NOAA20_SP
23.24385,79.81908,331.2,0.42,0.38,2023-11-20,741,N20,VIIRS,n,2,299.49,2.14,D,0,VIIRS_NOAA20_SP
23.25146,79.73748,341.91,0.42,0.38,2023-11-20,741,N20,VIIRS,n,2,307.31,25.62,D,0,VIIRS_NOAA20_SP
23.2524,79.99691,330.53,0.42,0.37,2023-11-20,741,N20,VIIRS,l,2,301.87,3.71,D,0,VIIRS_NOAA20_SP
23.25477,79.84212,332.15,0.42,0.38,2023-11-20,741,N20,VIIRS,n,2,302.21,2.06,D,0,VIIRS_NOAA20_SP
23.2558,79.99625,339.83,0.42,0.37,2023-11-20,741,N20,VIIRS,n,2,302.38,5.31,D,0,VIIRS_NOAA20_SP
23.25811,79.88334,342.31,0.42,0.38,2023-11-20,741,N20,VIIRS,n,2,302.34,8.87,D,0,VIIRS_NOAA20_SP
23.25819,79.84144,333.6,0.42,0.38,2023-11-20,741,N20,VIIRS,n,2,302.54,2.8,D,0,VIIRS_NOAA20_SP
23.25999,79.95805,345.59,0.42,0.37,2023-11-20,741,N20,VIIRS,n,2,302.88,8.73,D,0,VIIRS_NOAA20_SP
23.26194,79.99089,335.13,0.42,0.37,2023-11-20,741,N20,VIIRS,n,2,303.6,3.9,D,0,VIIRS_NOAA20_SP
23.26272,79.95334,334.76,0.42,0.37,2023-11-20,741,N20,VIIRS,n,2,302.04,2.28,D,0,VIIRS_NOAA20_SP
23.26575,79.82317,332.72,0.42,0.38,2023-11-20,741,N20,VIIRS,n,2,302.21,2.81,D,0,VIIRS_NOAA20_SP
23.27471,79.79198,331.22,0.42,0.38,2023-11-20,741,N20,VIIRS,n,2,300.23,4.62,D,0,VIIRS_NOAA20_SP
23.27597,79.84216,334.07,0.42,0.38,2023-11-20,741,N20,VIIRS,n,2,301.19,5.65,D,0,VIIRS_NOAA20_SP
23.27627,79.67323,333.12,0.43,0.38,2023-11-20,741,N20,VIIRS,n,2,302.72,2.15,D,0,VIIRS_NOAA20_SP
23.27889,79.67374,338.1,0.43,0.38,2023-11-20,741,N20,VIIRS,n,2,303.38,6.27,D,0,VIIRS_NOAA20_SP
23.28022,80.01636,339.31,0.42,0.37,2023-11-20,741,N20,VIIRS,n,2,297.86,4.7,D,0,VIIRS_NOAA20_SP
23.28074,79.84959,342.81,0.42,0.38,2023-11-20,741,N20,VIIRS,n,2,301.76,19.84,D,0,VIIRS_NOAA20_SP
23.28291,79.79878,344.0,0.42,0.38,2023-11-20,741,N20,VIIRS,n,2,301.62,6.73,D,0,VIIRS_NOAA20_SP
23.28483,79.85298,337.97,0.42,0.38,2023-11-20,741,N20,VIIRS,n,2,305.56,19.84,D,0,VIIRS_NOAA20_SP
23.28504,79.76888,336.83,0.42,0.38,2023-11-20,741,N20,VIIRS,n,2,302.6,2.71,D,0,VIIRS_NOAA20_SP
23.28598,79.92381,335.89,0.42,0.38,2023-11-20,741,N20,VIIRS,n,2,303.37,14.62,D,0,VIIRS_NOAA20_SP
23.29441,79.84692,331.78,0.42,0.38,2023-11-20,741,N20,VIIRS,n,2,299.17,4.51,D,0,VIIRS_NOAA20_SP
23.29614,79.94264,345.66,0.42,0.37,2023-11-20,741,N20,VIIRS,n,2,301.95,10.26,D,0,VIIRS_NOAA20_SP
23.29626,79.77605,334.59,0.42,0.38,2023-11-20,741,N20,VIIRS,n,2,301.04,3.27,D,0,VIIRS_NOAA20_SP
23.30245,79.89555,336.85,0.42,0.38,2023-11-20,741,N20,VIIRS,n,2,300.57,5.61,D,0,VIIRS_NOAA20_SP
23.30311,79.8996,334.77,0.42,0.38,2023-11-20,741,N20,VIIRS,n,2,299.09,5.61,D,0,VIIRS_NOAA20_SP
23.30362,79.94535,338.88,0.42,0.37,2023-11-20,741,N20,VIIRS,n,2,304.22,20.54,D,0,VIIRS_NOAA20_SP
23.30794,79.88611,343.9,0.42,0.38,2023-11-20,741,N20,VIIRS,n,2,300.72,6.79,D,0,VIIRS_NOAA20_SP
23.32506,80.24595,332.77,0.41,0.37,2023-11-20,741,N20,VIIRS,n,2,304.03,2.18,D,0,VIIRS_NOAA20_SP
23.32778,79.77407,330.08,0.42,0.38,2023-11-20,741,N20,VIIRS,l,2,302.55,2.51,D,0,VIIRS_NOAA20_SP
23.33185,79.86141,343.68,0.42,0.38,2023-11-20,741,N20,VIIRS,n,2,302.94,6.22,D,0,VIIRS_NOAA20_SP
23.33249,79.90722,330.15,0.42,0.38,2023-11-20,741,N20,VIIRS,n,2,297.42,2.63,D,0,VIIRS_NOAA20_SP
23.33455,79.89848,331.42,0.42,0.38,2023-11-20,741,N20,VIIRS,n,2,299.33,2.02,D,0,VIIRS_NOAA20_SP
23.33587,79.92739,331.81,0.42,0.37,2023-11-20,741,N20,VIIRS,n,2,299.37,3.0,D,0,VIIRS_NOAA20_SP
23.33736,79.81004,333.21,0.42,0.38,2023-11-20,741,N20,VIIRS,n,2,301.77,2.82,D,0,VIIRS_NOAA20_SP
23.33912,80.00978,330.47,0.41,0.37,2023-11-20,741,N20,VIIRS,l,2,301.1,5.31,D,0,VIIRS_NOAA20_SP
23.33988,79.97233,333.69,0.42,0.37,2023-11-20,741,N20,VIIRS,n,2,301.93,5.6,D,0,VIIRS_NOAA20_SP
23.34253,80.00912,344.9,0.41,0.37,2023-11-20,741,N20,VIIRS,n,2,302.94,5.31,D,0,VIIRS_NOAA20_SP
23.34278,79.86345,334.62,0.42,0.38,2023-11-20,741,N20,VIIRS,n,2,303.36,4.2,D,0,VIIRS_NOAA20_SP
23.34966,80.28996,333.94,0.41,0.37,2023-11-20,741,N20,VIIRS,n,2,303.68,1.97,D,0,VIIRS_NOAA20_SP
23.35022,79.90793,330.97,0.42,0.38,2023-11-20,741,N20,VIIRS,n,2,301.14,2.67,D,0,VIIRS_NOAA20_SP
23.35255,80.06914,333.92,0.41,0.37,2023-11-20,741,N20,VIIRS,n,2,302.17,4.23,D,0,VIIRS_NOAA20_SP
23.35767,79.93146,335.46,0.42,0.37,2023-11-20,741,N20,VIIRS,n,2,301.85,2.99,D,0,VIIRS_NOAA20_SP
23.35891,79.98107,345.02,0.42,0.37,2023-11-20,741,N20,VIIRS,n,2,301.46,8.65,D,0,VIIRS_NOAA20_SP
23.36108,79.93079,337.1,0.42,0.37,2023-11-20,741,N20,VIIRS,n,2,301.87,5.09,D,0,VIIRS_NOAA20_SP
23.36343,79.7544,333.9,0.42,0.38,2023-11-20,741,N20,VIIRS,n,2,302.57,2.9,D,0,VIIRS_NOAA20_SP
23.36391,80.11633,331.99,0.41,0.37,2023-11-20,741,N20,VIIRS,n,2,301.35,1.52,D,0,VIIRS_NOAA20_SP
23.3699,79.94154,331.21,0.42,0.37,2023-11-20,741,N20,VIIRS,n,2,300.08,3.24,D,0,VIIRS_NOAA20_SP
23.37001,79.89987,332.72,0.42,0.38,2023-11-20,741,N20,VIIRS,n,2,303.02,2.44,D,0,VIIRS_NOAA20_SP
23.37191,79.95361,339.72,0.42,0.37,2023-11-20,741,N20,VIIRS,n,2,301.39,4.14,D,0,VIIRS_NOAA20_SP
23.37404,79.9241,333.8,0.42,0.37,2023-11-20,741,N20,VIIRS,n,2,304.96,7.92,D,0,VIIRS_NOAA20_SP
23.38168,80.07584,333.93,0.41,0.37,2023-11-20,741,N20,VIIRS,n,2,302.19,2.75,D,0,VIIRS_NOAA20_SP
23.384,79.75035,332.87,0.42,0.38,2023-11-20,741,N20,VIIRS,l,2,304.1,3.63,D,0,VIIRS_NOAA20_SP
23.38441,80.07119,330.1,0.41,0.37,2023-11-20,741,N20,VIIRS,n,2,303.16,2.81,D,0,VIIRS_NOAA20_SP
23.38449,79.83852,338.79,0.42,0.38,2023-11-20,741,N20,VIIRS,n,2,302.9,2.8,D,0,VIIRS_NOAA20_SP
23.38667,80.1693,332.26,0.41,0.37,2023-11-20,741,N20,VIIRS,n,2,300.91,4.6,D,0,VIIRS_NOAA20_SP
23.39027,79.95834,332.65,0.42,0.37,2023-11-20,741,N20,VIIRS,n,2,301.1,3.52,D,0,VIIRS_NOAA20_SP
23.39093,79.96236,333.48,0.42,0.37,2023-11-20,741,N20,VIIRS,n,2,302.08,2.94,D,0,VIIRS_NOAA20_SP
23.39157,80.13557,341.4,0.41,0.37,2023-11-20,741,N20,VIIRS,n,2,300.77,5.28,D,0,VIIRS_NOAA20_SP
23.39559,79.99049,333.12,0.42,0.37,2023-11-20,741,N20,VIIRS,n,2,300.74,1.77,D,0,VIIRS_NOAA20_SP
23.39899,79.98982,334.71,0.42,0.37,2023-11-20,741,N20,VIIRS,n,2,302.39,3.94,D,0,VIIRS_NOAA20_SP
23.4038,79.97645,337.4,0.42,0.37,2023-11-20,741,N20,VIIRS,n,2,302.5,7.43,D,0,VIIRS_NOAA20_SP
23.40642,80.14088,334.87,0.41,0.37,2023-11-20,741,N20,VIIRS,n,2,302.47,3.85,D,0,VIIRS_NOAA20_SP
23.4072,79.97578,330.32,0.42,0.37,2023-11-20,741,N20,VIIRS,l,2,303.88,7.43,D,0,VIIRS_NOAA20_SP
23.40787,79.9798,344.72,0.42,0.37,2023-11-20,741,N20,VIIRS,n,2,301.9,7.43,D,0,VIIRS_NOAA20_SP
23.41822,80.08518,344.89,0.41,0.37,2023-11-20,741,N20,VIIRS,n,2,301.14,4.14,D,0,VIIRS_NOAA20_SP
23.42084,80.10114,340.82,0.41,0.37,2023-11-20,741,N20,VIIRS,n,2,300.39,4.38,D,0,VIIRS_NOAA20_SP
23.42095,80.08054,336.19,0.41,0.37,2023-11-20,741,N20,VIIRS,n,2,301.92,4.59,D,0,VIIRS_NOAA20_SP
23.4215,80.10512,342.97,0.41,0.37,2023-11-20,741,N20,VIIRS,n,2,302.3,4.45,D,0,VIIRS_NOAA20_SP
23.42778,80.18586,332.62,0.41,0.37,2023-11-20,741,N20,VIIRS,n,2,300.36,12.59,D,0,VIIRS_NOAA20_SP
23.43112,79.95035,333.78,0.42,0.37,2023-11-20,741,N20,VIIRS,n,2,301.38,4.32,D,0,VIIRS_NOAA20_SP
23.43597,80.172,333.73,0.41,0.37,2023-11-20,741,N20,VIIRS,n,2,304.21,2.2,D,0,VIIRS_NOAA20_SP
23.43601,79.91665,346.55,0.42,0.37,2023-11-20,741,N20,VIIRS,n,2,302.98,8.5,D,0,VIIRS_NOAA20_SP
23.43669,79.92067,341.39,0.42,0.37,2023-11-20,741,N20,VIIRS,n,2,303.27,4.42,D,0,VIIRS_NOAA20_SP
23.44157,80.14225,333.48,0.41,0.37,2023-11-20,741,N20,VIIRS,n,2,302.34,2.37,D,0,VIIRS_NOAA20_SP
23.44249,77.69298,335.33,0.52,0.41,2023-11-20,741,N20,VIIRS,n,2,302.11,5.43,D,0,VIIRS_NOAA20_SP
23.4443,80.13761,332.59,0.41,0.37,2023-11-20,741,N20,VIIRS,n,2,301.33,2.96,D,0,VIIRS_NOAA20_SP
23.44468,80.18259,331.78,0.41,0.37,2023-11-20,741,N20,VIIRS,n,2,302.07,2.77,D,0,VIIRS_NOAA20_SP
23.44624,80.04264,340.7,0.41,0.37,2023-11-20,741,N20,VIIRS,n,2,299.97,2.68,D,0,VIIRS_NOAA20_SP
23.44625,80.14954,336.19,0.41,0.37,2023-11-20,741,N20,VIIRS,n,2,302.3,2.23,D,0,VIIRS_NOAA20_SP
23.44664,80.04298,333.06,0.41,0.37,2023-11-20,741,N20,VIIRS,n,2,300.68,3.11,D,0,VIIRS_NOAA20_SP
23.44697,79.87701,333.85,0.42,0.38,2023-11-20,741,N20,VIIRS,n,2,300.35,3.23,D,0,VIIRS_NOAA20_SP
23.44736,80.02632,330.64,0.41,0.37,2023-11-20,741,N20,VIIRS,n,2,300.53,1.87,D,0,VIIRS_NOAA20_SP
23.44755,80.15747,347.5,0.41,0.37,2023-11-20,741,N20,VIIRS,n,2,304.85,9.55,D,0,VIIRS_NOAA20_SP
23.44808,80.00966,341.83,0.41,0.37,2023-11-20,741,N20,VIIRS,n,2,302.8,10.81,D,0,VIIRS_NOAA20_SP
23.44813,79.98896,333.76,0.41,0.37,2023-11-20,741,N20,VIIRS,n,2,301.13,6.86,D,0,VIIRS_NOAA20_SP
23.44847,80.1204,344.52,0.41,0.37,2023-11-20,741,N20,VIIRS,n,2,304.27,10.64,D,0,VIIRS_NOAA20_SP
23.4507,80.0463,334.83,0.41,0.37,2023-11-20,741,N20,VIIRS,n,2,301.44,3.11,D,0,VIIRS_NOAA20_SP
23.45258,80.20964,334.63,0.41,0.37,2023-11-20,741,N20,VIIRS,n,2,303.46,6.88,D,0,VIIRS_NOAA20_SP
23.45376,79.89654,336.26,0.42,0.37,2023-11-20,741,N20,VIIRS,n,2,299.0,3.2,D,0,VIIRS_NOAA20_SP
23.45566,80.33508,333.91,0.41,0.37,2023-11-20,741,N20,VIIRS,n,2,304.83,4.85,D,0,VIIRS_NOAA20_SP
23.4563,80.339,330.62,0.41,0.37,2023-11-20,741,N20,VIIRS,l,2,301.39,4.85,D,0,VIIRS_NOAA20_SP
23.45815,80.04898,339.95,0.41,0.37,2023-11-20,741,N20,VIIRS,n,2,303.54,7.86,D,0,VIIRS_NOAA20_SP
23.45833,79.98697,330.31,0.41,0.37,2023-11-20,741,N20,VIIRS,n,2,302.98,1.52,D,0,VIIRS_NOAA20_SP
23.45834,80.15948,332.96,0.41,0.37,2023-11-20,741,N20,VIIRS,n,2,303.94,1.87,D,0,VIIRS_NOAA20_SP
23.45967,80.33835,330.27,0.41,0.37,2023-11-20,741,N20,VIIRS,l,2,301.7,4.85,D,0,VIIRS_NOAA20_SP
23.46033,79.999,341.77,0.41,0.37,2023-11-20,741,N20,VIIRS,n,2,302.62,3.17,D,0,VIIRS_NOAA20_SP
23.46094,80.02368,344.59,0.41,0.37,2023-11-20,741,N20,VIIRS,n,2,304.53,5.8,D,0,VIIRS_NOAA20_SP
23.46111,80.32592,334.94,0.41,0.37,2023-11-20,741,N20,VIIRS,n,2,302.23,3.47,D,0,VIIRS_NOAA20_SP
23.46306,79.99434,345.44,0.41,0.37,2023-11-20,741,N20,VIIRS,n,2,302.37,9.12,D,0,VIIRS_NOAA20_SP
23.46379,79.97762,338.52,0.41,0.37,2023-11-20,741,N20,VIIRS,n,2,303.09,2.63,D,0,VIIRS_NOAA20_SP
23.46434,80.02303,339.09,0.41,0.37,2023-11-20,741,N20,VIIRS,n,2,300.83,3.36,D,0,VIIRS_NOAA20_SP
23.4648,80.08885,332.79,0.41,0.37,2023-11-20,741,N20,VIIRS,n,2,299.86,1.29,D,0,VIIRS_NOAA20_SP
23.46622,80.35732,333.88,0.4,0.37,2023-11-20,741,N20,VIIRS,n,2,303.22,4.71,D,0,VIIRS_NOAA20_SP
23.47186,80.00503,335.1,0.41,0.37,2023-11-20,741,N20,VIIRS,n,2,301.16,3.58,D,0,VIIRS_NOAA20_SP
23.47283,80.29121,335.07,0.41,0.37,2023-11-20,741,N20,VIIRS,n,2,301.91,5.16,D,0,VIIRS_NOAA20_SP
23.47298,80.07493,330.56,0.41,0.37,2023-11-20,741,N20,VIIRS,n,2,300.38,1.75,D,0,VIIRS_NOAA20_SP
23.47629,80.09483,337.12,0.41,0.37,2023-11-20,741,N20,VIIRS,n,2,304.95,12.19,D,0,VIIRS_NOAA20_SP
23.4773,80.31875,340.21,0.41,0.37,2023-11-20,741,N20,VIIRS,n,2,304.24,4.47,D,0,VIIRS_NOAA20_SP
23.4838,80.2243,331.53,0.41,0.37,2023-11-20,741,N20,VIIRS,n,2,300.16,1.65,D,0,VIIRS_NOAA20_SP
23.49422,80.28736,335.09,0.41,0.37,2023-11-20,741,N20,VIIRS,n,2,301.21,5.47,D,0,VIIRS_NOAA20_SP
23.49586,79.9382,332.58,0.42,0.37,2023-11-20,741,N20,VIIRS,n,2,301.12,2.18,D,0,VIIRS_NOAA20_SP
23.50141,80.07763,333.83,0.41,0.37,2023-11-20,741,N20,VIIRS,n,2,299.53,2.78,D,0,VIIRS_NOAA20_SP
23.52609,80.14262,333.27,0.41,0.37,2023-11-20,741,N20,VIIRS,n,2,302.31,3.32,D,0,VIIRS_NOAA20_SP
23.52807,80.02712,334.26,0.41,0.37,2023-11-20,741,N20,VIIRS,n,2,300.22,3.03,D,0,VIIRS_NOAA20_SP
23.53583,80.09561,337.82,0.41,0.37,2023-11-20,741,N20,VIIRS,n,2,302.66,3.58,D,0,VIIRS_NOAA20_SP
23.54482,80.17173,336.42,0.41,0.37,2023-11-20,741,N20,VIIRS,n,2,301.48,3.6,D,0,VIIRS_NOAA20_SP
23.54492,80.04447,334.05,0.41,0.37,2023-11-20,741,N20,VIIRS,n,2,301.37,2.87,D,0,VIIRS_NOAA20_SP
23.54974,80.03117,330.24,0.41,0.37,2023-11-20,741,N20,VIIRS,l,2,300.53,2.52,D,0,VIIRS_NOAA20_SP
23.55142,79.89079,334.91,0.42,0.37,2023-11-20,741,N20,VIIRS,n,2,301.99,2.59,D,0,VIIRS_NOAA20_SP
23.55379,80.0345,330.01,0.41,0.37,2023-11-20,741,N20,VIIRS,l,2,301.43,2.52,D,0,VIIRS_NOAA20_SP
23.5555,79.89415,331.03,0.42,0.37,2023-11-20,741,N20,VIIRS,l,2,301.9,2.59,D,0,VIIRS_NOAA20_SP
23.56558,80.57537,333.01,0.4,0.37,2023-11-20,741,N20,VIIRS,n,2,301.02,2.44,D,0,VIIRS_NOAA20_SP
23.57784,79.94376,333.62,0.41,0.37,2023-11-20,741,N20,VIIRS,n,2,300.19,2.48,D,0,VIIRS_NOAA20_SP
23.57951,80.70397,332.99,0.4,0.37,2023-11-20,741,N20,VIIRS,n,2,302.25,7.34,D,0,VIIRS_NOAA20_SP
23.59687,80.64111,331.72,0.4,0.37,2023-11-20,741,N20,VIIRS,n,2,300.65,2.57,D,0,VIIRS_NOAA20_SP
23.60339,80.01324,333.78,0.41,0.37,2023-11-20,741,N20,VIIRS,n,2,303.87,2.97,D,0,VIIRS_NOAA20_SP
23.60347,79.99258,332.5,0.41,0.37,2023-11-20,741,N20,VIIRS,n,2,300.05,2.13,D,0,VIIRS_NOAA20_SP
23.60894,79.98324,334.98,0.41,0.37,2023-11-20,741,N20,VIIRS,n,2,301.06,2.66,D,0,VIIRS_NOAA20_SP
23.61182,79.04993,331.02,0.45,0.39,2023-11-20,741,N20,VIIRS,n,2,305.28,3.46,D,0,VIIRS_NOAA20_SP
23.6193,80.08839,331.57,0.41,0.37,2023-11-20,741,N20,VIIRS,n,2,301.65,3.13,D,0,VIIRS_NOAA20_SP
23.62167,80.01794,344.73,0.41,0.37,2023-11-20,741,N20,VIIRS,n,2,304.49,6.35,D,0,VIIRS_NOAA20_SP
23.63097,80.0532,333.55,0.41,0.37,2023-11-20,741,N20,VIIRS,n,2,302.43,6.06,D,0,VIIRS_NOAA20_SP
23.63817,80.09701,333.22,0.41,0.37,2023-11-20,741,N20,VIIRS,n,2,299.81,5.15,D,0,VIIRS_NOAA20_SP
23.64533,80.60005,333.4,0.4,0.37,2023-11-20,741,N20,VIIRS,n,2,302.13,6.42,D,0,VIIRS_NOAA20_SP
23.6751,80.13081,335.15,0.41,0.37,2023-11-20,741,N20,VIIRS,n,2,302.31,2.49,D,0,VIIRS_NOAA20_SP
23.67828,86.10538,329.76,0.49,0.41,2023-11-20,741,N20,VIIRS,n,2,300.95,2.76,D,2,VIIRS_NOAA20_SP
23.68463,77.84595,335.54,0.5,0.41,2023-11-20,741,N20,VIIRS,n,2,303.84,2.78,D,0,VIIRS_NOAA20_SP
23.68471,86.39555,333.77,0.51,0.41,2023-11-20,741,N20,VIIRS,n,2,302.64,7.95,D,2,VIIRS_NOAA20_SP
23.70114,80.09338,332.04,0.41,0.37,2023-11-20,741,N20,VIIRS,n,2,303.82,2.92,D,0,VIIRS_NOAA20_SP
23.70264,80.06026,333.18,0.41,0.37,2023-11-20,741,N20,VIIRS,n,2,303.0,2.85,D,0,VIIRS_NOAA20_SP
23.71382,79.97988,337.09,0.41,0.37,2023-11-20,741,N20,VIIRS,n,2,301.94,3.14,D,0,VIIRS_NOAA20_SP
23.71618,80.05764,332.63,0.41,0.37,2023-11-20,741,N20,VIIRS,n,2,300.88,1.13,D,0,VIIRS_NOAA20_SP
23.71721,79.97921,339.92,0.41,0.37,2023-11-20,741,N20,VIIRS,n,2,301.56,5.6,D,0,VIIRS_NOAA20_SP
23.72216,80.19959,331.23,0.41,0.37,2023-11-20,741,N20,VIIRS,n,2,299.23,2.93,D,0,VIIRS_NOAA20_SP
23.73176,80.17334,336.16,0.41,0.37,2023-11-20,741,N20,VIIRS,n,2,301.47,3.77,D,0,VIIRS_NOAA20_SP
23.73708,80.18452,331.33,0.41,0.37,2023-11-20,741,N20,VIIRS,n,2,301.83,1.35,D,0,VIIRS_NOAA20_SP
23.7548,86.40277,331.3,0.51,0.41,2023-11-20,741,N20,VIIRS,n,2,300.4,4.81,D,0,VIIRS_NOAA20_SP
23.75858,86.40221,350.24,0.51,0.41,2023-11-20,741,N20,VIIRS,n,2,304.3,4.81,D,2,VIIRS_NOAA20_SP
23.76042,80.0079,332.16,0.41,0.37,2023-11-20,741,N20,VIIRS,n,2,303.84,2.88,D,0,VIIRS_NOAA20_SP
23.76194,79.94988,341.56,0.41,0.37,2023-11-20,741,N20,VIIRS,n,2,300.11,6.22,D,0,VIIRS_NOAA20_SP
23.77625,86.38937,343.21,0.51,0.41,2023-11-20,741,N20,VIIRS,n,2,306.86,6.94,D,2,VIIRS_NOAA20_SP
23.78008,86.20671,334.93,0.5,0.41,2023-11-20,741,N20,VIIRS,l,2,306.62,4.29,D,2,VIIRS_NOAA20_SP
23.78066,86.39384,337.92,0.51,0.41,2023-11-20,741,N20,VIIRS,l,2,308.85,6.94,D,2,VIIRS_NOAA20_SP
23.7807,86.21161,332.75,0.5,0.41,2023-11-20,741,N20,VIIRS,l,2,304.95,4.29,D,2,VIIRS_NOAA20_SP
23.78484,80.0032,332.18,0.41,0.37,2023-11-20,741,N20,VIIRS,n,2,297.7,1.73,D,0,VIIRS_NOAA20_SP
23.79029,79.99388,337.31,0.41,0.37,2023-11-20,741,N20,VIIRS,n,2,301.79,7.2,D,0,VIIRS_NOAA20_SP
23.80333,86.32938,345.0,0.51,0.41,2023-11-20,741,N20,VIIRS,n,2,310.1,7.85,D,2,VIIRS_NOAA20_SP
23.85133,79.812,336.02,0.42,0.37,2023-11-20,741,N20,VIIRS,n,2,303.25,3.33,D,0,VIIRS_NOAA20_SP
23.85815,79.95992,345.15,0.41,0.37,2023-11-20,741,N20,VIIRS,n,2,298.66,4.91,D,0,VIIRS_NOAA20_SP
23.8583,80.25848,333.59,0.4,0.37,2023-11-20,741,N20,VIIRS,n,2,302.09,2.19,D,0,VIIRS_NOAA20_SP
23.86151,78.31174,335.58,0.48,0.4,2023-11-20,741,N20,VIIRS,n,2,304.88,4.21,D,0,VIIRS_NOAA20_SP
23.86708,80.05706,333.93,0.41,0.37,2023-11-20,741,N20,VIIRS,n,2,300.82,2.35,D,0,VIIRS_NOAA20_SP
24.01175,80.78827,331.56,0.39,0.36,2023-11-20,741,N20,VIIRS,n,2,304.45,2.45,D,0,VIIRS_NOAA20_SP
24.15824,82.67471,334.71,0.39,0.36,2023-11-20,741,N20,VIIRS,n,2,303.48,1.36,D,0,VIIRS_NOAA20_SP
24.20799,82.71233,332.64,0.39,0.36,2023-11-20,741,N20,VIIRS,l,2,306.38,5.42,D,2,VIIRS_NOAA20_SP
24.29381,80.19176,332.45,0.4,0.37,2023-11-20,741,N20,VIIRS,l,2,302.9,3.0,D,0,VIIRS_NOAA20_SP
24.29541,80.75068,331.39,0.39,0.36,2023-11-20,741,N20,VIIRS,n,2,298.6,2.06,D,0,VIIRS_NOAA20_SP
24.37371,80.85825,331.76,0.39,0.36,2023-11-20,741,N20,VIIRS,n,2,295.91,1.41,D,0,VIIRS_NOAA20_SP
24.3767,80.83409,336.23,0.39,0.36,2023-11-20,741,N20,VIIRS,n,2,295.87,6.99,D,0,VIIRS_NOAA20_SP
24.40605,81.19229,332.88,0.39,0.36,2023-11-20,741,N20,VIIRS,n,2,298.92,2.57,D,0,VIIRS_NOAA20_SP
24.40968,81.17216,336.43,0.39,0.36,2023-11-20,741,N20,VIIRS,n,2,300.69,3.69,D,0,VIIRS_NOAA20_SP
24.41195,80.86279,331.07,0.39,0.36,2023-11-20,741,N20,VIIRS,n,2,300.03,3.59,D,0,VIIRS_NOAA20_SP
24.42564,81.27416,333.04,0.39,0.36,2023-11-20,741,N20,VIIRS,n,2,299.95,4.8,D,0,VIIRS_NOAA20_SP
24.44941,81.23088,334.62,0.39,0.36,2023-11-20,741,N20,VIIRS,n,2,303.15,3.43,D,0,VIIRS_NOAA20_SP
24.45282,80.99235,331.91,0.39,0.36,2023-11-20,741,N20,VIIRS,n,2,299.92,1.61,D,0,VIIRS_NOAA20_SP
24.47436,81.72553,331.14,0.38,0.36,2023-11-20,741,N20,VIIRS,n,2,299.74,3.78,D,0,VIIRS_NOAA20_SP
24.48825,81.26251,332.3,0.39,0.36,2023-11-20,741,N20,VIIRS,n,2,300.98,1.79,D,0,VIIRS_NOAA20_SP
24.48859,81.4835,335.66,0.38,0.36,2023-11-20,741,N20,VIIRS,n,2,300.77,3.35,D,0,VIIRS_NOAA20_SP
24.48918,81.48726,338.36,0.38,0.36,2023-11-20,741,N20,VIIRS,n,2,300.45,2.33,D,0,VIIRS_NOAA20_SP
24.48958,88.16589,343.89,0.44,0.46,2023-11-20,741,N20,VIIRS,n,2,299.24,5.59,D,0,VIIRS_NOAA20_SP
24.49199,80.57436,330.84,0.39,0.37,2023-11-20,741,N20,VIIRS,l,2,301.03,4.45,D,0,VIIRS_NOAA20_SP
24.5136,80.96845,332.71,0.39,0.36,2023-11-20,741,N20,VIIRS,n,2,301.18,2.63,D,0,VIIRS_NOAA20_SP
24.52802,80.50421,331.68,0.4,0.37,2023-11-20,741,N20,VIIRS,n,2,299.78,2.75,D,0,VIIRS_NOAA20_SP
24.53192,80.97674,335.55,0.39,0.36,2023-11-20,741,N20,VIIRS,n,2,300.67,2.8,D,0,VIIRS_NOAA20_SP
24.53384,80.51902,333.98,0.4,0.37,2023-11-20,741,N20,VIIRS,n,2,301.51,2.41,D,0,VIIRS_NOAA20_SP
24.53714,81.13982,342.86,0.39,0.36,2023-11-20,741,N20,VIIRS,n,2,300.88,3.64,D,0,VIIRS_NOAA20_SP
24.53891,81.15118,333.92,0.39,0.36,2023-11-20,741,N20,VIIRS,n,2,302.11,3.96,D,0,VIIRS_NOAA20_SP
24.54482,80.71516,331.94,0.39,0.36,2023-11-20,741,N20,VIIRS,n,2,302.5,2.26,D,0,VIIRS_NOAA20_SP
24.54666,80.72665,332.08,0.39,0.36,2023-11-20,741,N20,VIIRS,n,2,300.27,0.82,D,0,VIIRS_NOAA20_SP
24.55084,80.28339,335.19,0.4,0.37,2023-11-20,741,N20,VIIRS,n,2,300.54,1.88,D,0,VIIRS_NOAA20_SP
24.55596,80.95653,344.07,0.39,0.36,2023-11-20,741,N20,VIIRS,n,2,302.96,7.29,D,0,VIIRS_NOAA20_SP
24.55667,81.11277,330.15,0.39,0.36,2023-11-20,741,N20,VIIRS,n,2,300.53,1.75,D,0,VIIRS_NOAA20_SP
24.55791,81.22938,331.76,0.39,0.36,2023-11-20,741,N20,VIIRS,n,2,302.14,2.08,D,0,VIIRS_NOAA20_SP
24.57146,81.05532,331.53,0.39,0.36,2023-11-20,741,N20,VIIRS,l,2,301.57,1.83,D,0,VIIRS_NOAA20_SP
24.58222,81.08065,343.76,0.39,0.36,2023-11-20,741,N20,VIIRS,n,2,301.26,4.32,D,0,VIIRS_NOAA20_SP
24.58568,81.14632,332.2,0.39,0.36,2023-11-20,741,N20,VIIRS,n,2,301.99,1.97,D,0,VIIRS_NOAA20_SP
24.61154,81.11445,345.71,0.39,0.36,2023-11-20,741,N20,VIIRS,n,2,301.82,6.75,D,0,VIIRS_NOAA20_SP
24.62391,81.04183,338.43,0.39,0.36,2023-11-20,741,N20,VIIRS,n,2,300.56,2.97,D,0,VIIRS_NOAA20_SP
24.62995,80.99378,338.14,0.39,0.36,2023-11-20,741,N20,VIIRS,n,2,300.43,2.43,D,0,VIIRS_NOAA20_SP
24.63326,80.99316,341.66,0.39,0.36,2023-11-20,741,N20,VIIRS,n,2,300.78,2.43,D,0,VIIRS_NOAA20_SP
24.63803,81.02355,345.91,0.39,0.36,2023-11-20,741,N20,VIIRS,n,2,302.74,8.35,D,0,VIIRS_NOAA20_SP
24.64225,81.00712,344.91,0.39,0.36,2023-11-20,741,N20,VIIRS,n,2,301.4,4.8,D,0,VIIRS_NOAA20_SP
24.64321,81.29536,334.87,0.39,0.36,2023-11-20,741,N20,VIIRS,n,2,302.14,1.97,D,0,VIIRS_NOAA20_SP
24.65138,81.13037,336.02,0.39,0.36,2023-11-20,741,N20,VIIRS,n,2,301.31,3.3,D,0,VIIRS_NOAA20_SP
24.65399,80.97359,330.08,0.39,0.36,2023-11-20,741,N20,VIIRS,n,2,301.83,1.61,D,0,VIIRS_NOAA20_SP
24.65486,81.00082,344.93,0.39,0.36,2023-11-20,741,N20,VIIRS,n,2,302.73,6.02,D,0,VIIRS_NOAA20_SP
24.66932,81.26719,332.59,0.39,0.36,2023-11-20,741,N20,VIIRS,n,2,301.12,3.31,D,0,VIIRS_NOAA20_SP
24.67665,81.46764,333.07,0.38,0.36,2023-11-20,741,N20,VIIRS,n,2,300.18,2.53,D,0,VIIRS_NOAA20_SP
24.67802,80.95338,348.98,0.39,0.36,2023-11-20,741,N20,VIIRS,n,2,299.7,8.16,D,0,VIIRS_NOAA20_SP
24.6783,80.97682,332.57,0.39,0.36,2023-11-20,741,N20,VIIRS,n,2,300.15,1.64,D,0,VIIRS_NOAA20_SP
24.68254,87.70589,338.61,0.41,0.45,2023-11-20,741,N20,VIIRS,n,2,300.03,4.8,D,0,VIIRS_NOAA20_SP
24.68491,80.97558,330.3,0.39,0.36,2023-11-20,741,N20,VIIRS,n,2,300.24,2.92,D,0,VIIRS_NOAA20_SP
24.73766,80.7495,334.97,0.39,0.36,2023-11-20,741,N20,VIIRS,n,2,302.53,3.14,D,0,VIIRS_NOAA20_SP
24.74304,81.45925,334.85,0.38,0.36,2023-11-20,741,N20,VIIRS,n,2,299.76,3.4,D,0,VIIRS_NOAA20_SP
24.75295,81.04102,331.14,0.39,0.36,2023-11-20,741,N20,VIIRS,n,2,300.82,2.04,D,0,VIIRS_NOAA20_SP
24.76335,81.23795,334.48,0.39,0.36,2023-11-20,741,N20,VIIRS,n,2,299.62,2.36,D,0,VIIRS_NOAA20_SP
24.77106,81.53162,334.04,0.38,0.36,2023-11-20,741,N20,VIIRS,n,2,300.98,2.19,D,0,VIIRS_NOAA20_SP
24.77967,81.01644,336.52,0.39,0.36,2023-11-20,741,N20,VIIRS,n,2,301.34,3.57,D,0,VIIRS_NOAA20_SP
24.80033,80.88751,332.82,0.39,0.36,2023-11-20,741,N20,VIIRS,n,2,302.44,2.81,D,0,VIIRS_NOAA20_SP
24.96874,81.46813,331.83,0.38,0.36,2023-11-20,741,N20,VIIRS,n,2,300.74,2.38,D,0,VIIRS_NOAA20_SP
24.97337,81.49834,335.04,0.38,0.36,2023-11-20,741,N20,VIIRS,n,2,300.66,3.15,D,0,VIIRS_NOAA20_SP
25.06016,85.74795,331.44,0.49,0.4,2023-11-20,741,N20,VIIRS,n,2,300.99,3.42,D,0,VIIRS_NOAA20_SP
25.06577,85.73224,330.15,0.49,0.4,2023-11-20,741,N20,VIIRS,l,2,302.03,3.44,D,0,VIIRS_NOAA20_SP
25.07009,85.73656,334.39,0.49,0.4,2023-11-20,741,N20,VIIRS,n,2,301.3,3.79,D,0,VIIRS_NOAA20_SP
25.10888,86.52116,334.66,0.54,0.42,2023-11-20,741,N20,VIIRS,n,2,301.51,8.01,D,0,VIIRS_NOAA20_SP
25.14281,83.50922,336.24,0.41,0.37,2023-11-20,741,N20,VIIRS,n,2,299.85,2.63,D,0,VIIRS_NOAA20_SP
25.16199,83.49782,331.24,0.41,0.37,2023-11-20,741,N20,VIIRS,n,2,299.65,2.4,D,0,VIIRS_NOAA20_SP
25.17299,83.41904,341.74,0.4,0.37,2023-11-20,741,N20,VIIRS,n,2,301.15,4.8,D,0,VIIRS_NOAA20_SP
25.18887,83.91649,343.78,0.42,0.37,2023-11-20,741,N20,VIIRS,n,2,301.29,7.17,D,0,VIIRS_NOAA20_SP
25.20484,85.29743,332.96,0.47,0.4,2023-11-20,741,N20,VIIRS,n,2,301.46,3.43,D,0,VIIRS_NOAA20_SP
25.23423,85.38368,333.08,0.48,0.4,2023-11-20,741,N20,VIIRS,n,2,300.46,2.84,D,0,VIIRS_NOAA20_SP
25.24689,83.72793,333.55,0.41,0.37,2023-11-20,741,N20,VIIRS,n,2,299.72,6.29,D,0,VIIRS_NOAA20_SP
25.29009,85.50082,330.01,0.48,0.4,2023-11-20,741,N20,VIIRS,l,2,301.01,3.2,D,0,VIIRS_NOAA20_SP
25.36963,85.27871,332.01,0.47,0.4,2023-11-20,741,N20,VIIRS,n,2,300.79,2.02,D,0,VIIRS_NOAA20_SP
25.42165,84.98599,341.82,0.46,0.39,2023-11-20,741,N20,VIIRS,n,2,302.38,3.36,D,0,VIIRS_NOAA20_SP
25.42524,84.98544,340.65,0.46,0.39,2023-11-20,741,N20,VIIRS,n,2,302.34,3.45,D,0,VIIRS_NOAA20_SP
25.42854,85.09676,333.51,0.46,0.39,2023-11-20,741,N20,VIIRS,n,2,299.96,3.39,D,0,VIIRS_NOAA20_SP
25.80986,87.8468,336.74,0.44,0.46,2023-11-20,741,N20,VIIRS,n,2,298.49,3.46,D,0,VIIRS_NOAA20_SP
23.69573,68.57748,344.63,0.61,0.71,2023-11-20,742,N20,VIIRS,n,2,299.54,7.12,D,0,VIIRS_NOAA20_SP
23.69576,68.57536,347.16,0.61,0.71,2023-11-20,742,N20,VIIRS,n,2,299.68,7.78,D,0,VIIRS_NOAA20_SP
24.10577,69.49812,348.67,0.53,0.67,2023-11-20,742,N20,VIIRS,n,2,304.82,6.47,D,0,VIIRS_NOAA20_SP
24.32806,77.47439,334.25,0.52,0.41,2023-11-20,742,N20,VIIRS,n,2,306.09,2.34,D,0,VIIRS_NOAA20_SP
24.815,77.10691,330.96,0.53,0.42,2023-11-20,742,N20,VIIRS,n,2,302.71,3.24,D,0,VIIRS_NOAA20_SP
24.86409,76.87846,334.19,0.54,0.42,2023-11-20,742,N20,VIIRS,n,2,301.59,2.36,D,0,VIIRS_NOAA20_SP
25.01725,68.87384,333.31,0.55,0.68,2023-11-20,742,N20,VIIRS,n,2,298.19,2.62,D,0,VIIRS_NOAA20_SP
25.02473,81.63229,333.2,0.38,0.36,2023-11-20,742,N20,VIIRS,n,2,301.17,2.82,D,0,VIIRS_NOAA20_SP
25.02802,81.6317,335.19,0.38,0.36,2023-11-20,742,N20,VIIRS,n,2,300.36,4.27,D,0,VIIRS_NOAA20_SP
25.11129,81.53063,332.3,0.38,0.36,2023-11-20,742,N20,VIIRS,n,2,300.68,1.34,D,0,VIIRS_NOAA20_SP
25.11421,68.5851,334.04,0.57,0.69,2023-11-20,742,N20,VIIRS,n,2,296.66,8.09,D,0,VIIRS_NOAA20_SP
25.11726,68.5804,342.71,0.57,0.69,2023-11-20,742,N20,VIIRS,n,2,296.96,6.24,D,0,VIIRS_NOAA20_SP
25.2223,82.68916,334.68,0.39,0.36,2023-11-20,742,N20,VIIRS,n,2,300.15,5.28,D,0,VIIRS_NOAA20_SP
25.26667,81.28385,331.59,0.38,0.36,2023-11-20,742,N20,VIIRS,n,2,298.65,3.5,D,0,VIIRS_NOAA20_SP
25.33001,83.72289,332.35,0.41,0.37,2023-11-20,742,N20,VIIRS,n,2,299.45,1.73,D,0,VIIRS_NOAA20_SP
25.33426,76.766,333.19,0.54,0.42,2023-11-20,742,N20,VIIRS,n,2,299.35,9.07,D,0,VIIRS_NOAA20_SP
25.33876,81.41875,332.99,0.38,0.36,2023-11-20,742,N20,VIIRS,n,2,299.31,4.49,D,0,VIIRS_NOAA20_SP
25.36853,68.72676,336.54,0.55,0.68,2023-11-20,742,N20,VIIRS,n,2,297.45,4.39,D,0,VIIRS_NOAA20_SP
25.41918,81.52454,333.5,0.38,0.36,2023-11-20,742,N20,VIIRS,n,2,298.58,3.57,D,0,VIIRS_NOAA20_SP
25.42247,81.52393,338.5,0.38,0.36,2023-11-20,742,N20,VIIRS,n,2,299.51,3.57,D,0,VIIRS_NOAA20_SP
25.43173,80.42657,333.0,0.39,0.36,2023-11-20,742,N20,VIIRS,n,2,299.92,3.68,D,0,VIIRS_NOAA20_SP
25.43783,81.33401,345.2,0.38,0.36,2023-11-20,742,N20,VIIRS,n,2,299.92,4.98,D,0,VIIRS_NOAA20_SP
25.45073,69.14044,367.0,0.52,0.66,2023-11-20,742,N20,VIIRS,h,2,300.25,16.27,D,0,VIIRS_NOAA20_SP
25.47232,84.30489,331.6,0.43,0.38,2023-11-20,742,N20,VIIRS,n,2,301.09,2.52,D,0,VIIRS_NOAA20_SP
25.47777,81.04162,331.66,0.39,0.36,2023-11-20,742,N20,VIIRS,n,2,299.25,2.37,D,0,VIIRS_NOAA20_SP
25.49439,84.33636,335.92,0.43,0.38,2023-11-20,742,N20,VIIRS,n,2,300.85,5.03,D,0,VIIRS_NOAA20_SP
25.49788,84.33579,346.26,0.43,0.38,2023-11-20,742,N20,VIIRS,n,2,302.24,5.69,D,0,VIIRS_NOAA20_SP
25.50311,82.08199,338.17,0.39,0.36,2023-11-20,742,N20,VIIRS,n,2,299.56,7.44,D,0,VIIRS_NOAA20_SP
25.51872,80.73895,333.71,0.39,0.36,2023-11-20,742,N20,VIIRS,n,2,298.88,2.35,D,0,VIIRS_NOAA20_SP
25.53582,78.19848,332.84,0.46,0.39,2023-11-20,742,N20,VIIRS,n,2,298.84,2.03,D,0,VIIRS_NOAA20_SP
25.58129,80.72637,334.0,0.39,0.36,2023-11-20,742,N20,VIIRS,n,2,298.31,5.55,D,0,VIIRS_NOAA20_SP
25.58744,78.03846,335.42,0.47,0.39,2023-11-20,742,N20,VIIRS,n,2,298.93,3.97,D,0,VIIRS_NOAA20_SP
25.59569,83.26717,333.11,0.4,0.37,2023-11-20,742,N20,VIIRS,n,2,300.1,3.33,D,0,VIIRS_NOAA20_SP
25.60763,78.25897,333.72,0.46,0.39,2023-11-20,742,N20,VIIRS,n,2,299.94,3.59,D,0,VIIRS_NOAA20_SP
25.61431,78.82507,333.06,0.43,0.38,2023-11-20,742,N20,VIIRS,n,2,298.11,2.33,D,0,VIIRS_NOAA20_SP
25.6167,78.24778,331.18,0.46,0.39,2023-11-20,742,N20,VIIRS,n,2,299.52,1.67,D,0,VIIRS_NOAA20_SP
25.6203,78.20512,336.6,0.46,0.39,2023-11-20,742,N20,VIIRS,n,2,301.35,11.08,D,0,VIIRS_NOAA20_SP
25.62172,78.29763,331.04,0.45,0.39,2023-11-20,742,N20,VIIRS,n,2,299.66,4.18,D,0,VIIRS_NOAA20_SP
25.62249,78.30209,333.37,0.45,0.39,2023-11-20,742,N20,VIIRS,n,2,300.34,4.18,D,0,VIIRS_NOAA20_SP
25.62832,78.69035,330.67,0.44,0.38,2023-11-20,742,N20,VIIRS,n,2,298.87,2.31,D,0,VIIRS_NOAA20_SP
25.63433,80.75996,333.95,0.39,0.36,2023-11-20,742,N20,VIIRS,n,2,298.72,2.21,D,0,VIIRS_NOAA20_SP
25.63441,78.24397,332.42,0.46,0.39,2023-11-20,742,N20,VIIRS,n,2,299.69,3.0,D,0,VIIRS_NOAA20_SP
25.63795,78.24319,333.23,0.46,0.39,2023-11-20,742,N20,VIIRS,n,2,299.22,3.0,D,0,VIIRS_NOAA20_SP
25.64363,80.75423,330.74,0.39,0.36,2023-11-20,742,N20,VIIRS,n,2,298.58,1.32,D,0,VIIRS_NOAA20_SP
25.64939,83.88543,335.54,0.42,0.38,2023-11-20,742,N20,VIIRS,n,2,299.98,3.36,D,0,VIIRS_NOAA20_SP
25.65051,83.94485,331.93,0.42,0.38,2023-11-20,742,N20,VIIRS,n,2,301.54,1.27,D,0,VIIRS_NOAA20_SP
25.65282,83.88487,333.92,0.42,0.38,2023-11-20,742,N20,VIIRS,n,2,301.35,5.07,D,0,VIIRS_NOAA20_SP
25.65998,78.16506,333.55,0.46,0.39,2023-11-20,742,N20,VIIRS,n,2,299.32,7.4,D,0,VIIRS_NOAA20_SP
25.66193,83.44478,330.0,0.41,0.37,2023-11-20,742,N20,VIIRS,n,2,298.99,1.96,D,0,VIIRS_NOAA20_SP
25.66917,78.88483,333.41,0.43,0.38,2023-11-20,742,N20,VIIRS,n,2,300.23,3.5,D,0,VIIRS_NOAA20_SP
25.67657,81.7182,346.36,0.38,0.36,2023-11-20,742,N20,VIIRS,n,2,299.77,9.08,D,0,VIIRS_NOAA20_SP
25.68214,81.73278,334.11,0.38,0.36,2023-11-20,742,N20,VIIRS,n,2,299.18,2.55,D,0,VIIRS_NOAA20_SP
25.69907,78.15667,331.62,0.46,0.39,2023-11-20,742,N20,VIIRS,n,2,298.51,2.5,D,0,VIIRS_NOAA20_SP
25.69976,78.32796,332.07,0.45,0.39,2023-11-20,742,N20,VIIRS,n,2,299.11,2.77,D,0,VIIRS_NOAA20_SP
25.70097,78.01994,333.92,0.46,0.39,2023-11-20,742,N20,VIIRS,n,2,300.34,6.37,D,0,VIIRS_NOAA20_SP
25.70578,78.08968,334.65,0.46,0.39,2023-11-20,742,N20,VIIRS,n,2,297.87,5.48,D,0,VIIRS_NOAA20_SP
25.70736,78.0564,330.55,0.46,0.39,2023-11-20,742,N20,VIIRS,n,2,298.08,2.97,D,0,VIIRS_NOAA20_SP
25.70815,78.06094,336.41,0.46,0.39,2023-11-20,742,N20,VIIRS,n,2,297.73,2.97,D,0,VIIRS_NOAA20_SP
25.71449,78.05485,335.17,0.46,0.39,2023-11-20,742,N20,VIIRS,n,2,298.32,3.87,D,0,VIIRS_NOAA20_SP
25.71521,77.96626,346.42,0.47,0.39,2023-11-20,742,N20,VIIRS,n,2,299.55,7.04,D,0,VIIRS_NOAA20_SP
25.71567,78.12505,334.67,0.46,0.39,2023-11-20,742,N20,VIIRS,n,2,299.21,3.69,D,0,VIIRS_NOAA20_SP
25.71846,78.07755,330.65,0.46,0.39,2023-11-20,742,N20,VIIRS,n,2,297.6,2.14,D,0,VIIRS_NOAA20_SP
25.71885,78.05862,331.25,0.46,0.39,2023-11-20,742,N20,VIIRS,n,2,298.41,1.92,D,0,VIIRS_NOAA20_SP
25.72439,78.09036,332.58,0.46,0.39,2023-11-20,742,N20,VIIRS,n,2,297.88,4.48,D,0,VIIRS_NOAA20_SP
25.72656,78.88599,340.29,0.43,0.38,2023-11-20,742,N20,VIIRS,n,2,299.51,4.52,D,0,VIIRS_NOAA20_SP
25.72769,78.0771,338.78,0.46,0.39,2023-11-20,742,N20,VIIRS,n,2,298.06,4.35,D,0,VIIRS_NOAA20_SP
25.72786,83.97604,332.05,0.42,0.38,2023-11-20,742,N20,VIIRS,n,2,299.05,1.51,D,0,VIIRS_NOAA20_SP
25.72915,78.07525,335.54,0.46,0.39,2023-11-20,742,N20,VIIRS,n,2,296.96,3.49,D,0,VIIRS_NOAA20_SP
25.73001,78.88528,340.94,0.43,0.38,2023-11-20,742,N20,VIIRS,n,2,302.36,10.33,D,0,VIIRS_NOAA20_SP
25.73035,77.96771,331.4,0.47,0.39,2023-11-20,742,N20,VIIRS,n,2,298.74,4.27,D,0,VIIRS_NOAA20_SP
25.73117,77.97231,338.33,0.47,0.39,2023-11-20,742,N20,VIIRS,n,2,299.07,4.27,D,0,VIIRS_NOAA20_SP
25.73254,78.10419,340.84,0.46,0.39,2023-11-20,742,N20,VIIRS,n,2,299.37,6.08,D,0,VIIRS_NOAA20_SP
25.73275,78.88033,341.98,0.43,0.38,2023-11-20,742,N20,VIIRS,n,2,299.63,7.31,D,0,VIIRS_NOAA20_SP
25.73335,78.1087,332.99,0.46,0.39,2023-11-20,742,N20,VIIRS,n,2,298.41,5.15,D,0,VIIRS_NOAA20_SP
25.73388,78.10241,337.96,0.46,0.39,2023-11-20,742,N20,VIIRS,n,2,299.87,7.13,D,0,VIIRS_NOAA20_SP
25.73466,78.10692,344.2,0.46,0.39,2023-11-20,742,N20,VIIRS,n,2,299.91,9.92,D,0,VIIRS_NOAA20_SP
25.7361,78.10344,354.97,0.46,0.39,2023-11-20,742,N20,VIIRS,n,2,300.98,6.08,D,0,VIIRS_NOAA20_SP
25.7531,78.09512,330.35,0.46,0.39,2023-11-20,742,N20,VIIRS,n,2,298.01,2.31,D,0,VIIRS_NOAA20_SP
25.75948,77.98515,340.09,0.47,0.39,2023-11-20,742,N20,VIIRS,n,2,299.14,4.13,D,0,VIIRS_NOAA20_SP
25.77933,77.97137,333.13,0.47,0.39,2023-11-20,742,N20,VIIRS,n,2,299.07,6.4,D,0,VIIRS_NOAA20_SP
25.7815,78.92311,332.54,0.43,0.38,2023-11-20,742,N20,VIIRS,n,2,299.9,2.33,D,0,VIIRS_NOAA20_SP
25.79452,78.01549,336.41,0.46,0.39,2023-11-20,742,N20,VIIRS,n,2,299.05,3.4,D,0,VIIRS_NOAA20_SP
25.79484,80.67789,338.19,0.39,0.36,2023-11-20,742,N20,VIIRS,n,2,300.5,4.2,D,0,VIIRS_NOAA20_SP
25.80571,78.16325,334.05,0.46,0.39,2023-11-20,742,N20,VIIRS,n,2,297.68,2.45,D,0,VIIRS_NOAA20_SP
25.80603,78.01772,334.3,0.46,0.39,2023-11-20,742,N20,VIIRS,n,2,299.41,3.76,D,0,VIIRS_NOAA20_SP
25.80847,78.158,332.42,0.46,0.39,2023-11-20,742,N20,VIIRS,n,2,300.07,7.67,D,0,VIIRS_NOAA20_SP
25.80956,77.97436,339.31,0.47,0.39,2023-11-20,742,N20,VIIRS,n,2,299.69,4.47,D,0,VIIRS_NOAA20_SP
25.81075,78.86461,342.59,0.43,0.38,2023-11-20,742,N20,VIIRS,n,2,301.12,10.69,D,0,VIIRS_NOAA20_SP
25.81089,84.99679,338.6,0.46,0.39,2023-11-20,742,N20,VIIRS,n,2,300.26,3.72,D,0,VIIRS_NOAA20_SP
25.81399,78.06315,333.0,0.46,0.39,2023-11-20,742,N20,VIIRS,n,2,299.03,2.84,D,0,VIIRS_NOAA20_SP
25.81557,78.15647,333.18,0.46,0.39,2023-11-20,742,N20,VIIRS,n,2,297.6,4.11,D,0,VIIRS_NOAA20_SP
25.81823,78.95027,332.04,0.43,0.38,2023-11-20,742,N20,VIIRS,n,2,299.13,3.3,D,0,VIIRS_NOAA20_SP
25.81966,78.85399,332.61,0.43,0.38,2023-11-20,742,N20,VIIRS,n,2,298.76,2.19,D,0,VIIRS_NOAA20_SP
25.81981,78.87585,332.04,0.43,0.38,2023-11-20,742,N20,VIIRS,n,2,297.75,2.86,D,0,VIIRS_NOAA20_SP
25.82774,78.02449,341.05,0.46,0.39,2023-11-20,742,N20,VIIRS,n,2,299.34,3.9,D,0,VIIRS_NOAA20_SP
25.82983,78.02674,332.15,0.46,0.39,2023-11-20,742,N20,VIIRS,n,2,298.06,8.9,D,0,VIIRS_NOAA20_SP
25.8313,78.02371,335.89,0.46,0.39,2023-11-20,742,N20,VIIRS,n,2,298.34,3.9,D,0,VIIRS_NOAA20_SP
25.83719,80.7961,338.21,0.39,0.36,2023-11-20,742,N20,VIIRS,n,2,297.27,2.81,D,0,VIIRS_NOAA20_SP
25.83982,85.13908,331.85,0.47,0.4,2023-11-20,742,N20,VIIRS,n,2,298.79,2.22,D,0,VIIRS_NOAA20_SP
25.8437,81.65654,334.12,0.38,0.36,2023-11-20,742,N20,VIIRS,n,2,298.73,3.39,D,0,VIIRS_NOAA20_SP
25.85439,78.2317,332.14,0.45,0.39,2023-11-20,742,N20,VIIRS,n,2,298.74,3.1,D,0,VIIRS_NOAA20_SP
25.85811,78.29546,332.58,0.45,0.39,2023-11-20,742,N20,VIIRS,n,2,297.68,2.01,D,0,VIIRS_NOAA20_SP
25.86056,78.26732,331.3,0.45,0.39,2023-11-20,742,N20,VIIRS,n,2,297.61,1.73,D,0,VIIRS_NOAA20_SP
25.86158,78.06893,337.15,0.46,0.39,2023-11-20,742,N20,VIIRS,n,2,298.8,5.98,D,0,VIIRS_NOAA20_SP
25.86663,78.22161,343.31,0.45,0.39,2023-11-20,742,N20,VIIRS,n,2,299.48,6.5,D,0,VIIRS_NOAA20_SP
25.86699,78.21974,346.77,0.45,0.39,2023-11-20,742,N20,VIIRS,n,2,300.11,8.37,D,0,VIIRS_NOAA20_SP
25.86996,78.09527,335.05,0.46,0.39,2023-11-20,742,N20,VIIRS,n,2,297.88,4.91,D,0,VIIRS_NOAA20_SP
25.87099,78.5381,331.91,0.44,0.38,2023-11-20,742,N20,VIIRS,n,2,298.2,3.21,D,0,VIIRS_NOAA20_SP
25.87493,78.64464,344.72,0.44,0.38,2023-11-20,742,N20,VIIRS,n,2,300.59,5.92,D,0,VIIRS_NOAA20_SP
25.8752,82.37255,333.62,0.39,0.36,2023-11-20,742,N20,VIIRS,n,2,299.55,2.87,D,0,VIIRS_NOAA20_SP
25.87671,78.11253,332.07,0.46,0.39,2023-11-20,742,N20,VIIRS,n,2,298.8,2.36,D,0,VIIRS_NOAA20_SP
25.88003,81.38023,333.38,0.38,0.36,2023-11-20,742,N20,VIIRS,n,2,299.41,4.65,D,0,VIIRS_NOAA20_SP
25.88778,78.1335,336.63,0.46,0.39,2023-11-20,742,N20,VIIRS,n,2,298.61,4.56,D,0,VIIRS_NOAA20_SP
25.89373,78.18803,332.37,0.45,0.39,2023-11-20,742,N20,VIIRS,n,2,298.22,2.73,D,0,VIIRS_NOAA20_SP
25.8958,78.97401,331.97,0.42,0.38,2023-11-20,742,N20,VIIRS,n,2,299.25,1.58,D,0,VIIRS_NOAA20_SP
25.89874,78.65742,334.31,0.44,0.38,2023-11-20,742,N20,VIIRS,n,2,299.37,3.9,D,0,VIIRS_NOAA20_SP
25.90442,78.66956,332.0,0.44,0.38,2023-11-20,742,N20,VIIRS,n,2,299.6,1.75,D,0,VIIRS_NOAA20_SP
25.90828,78.12443,337.21,0.46,0.39,2023-11-20,742,N20,VIIRS,n,2,297.6,3.47,D,0,VIIRS_NOAA20_SP
25.9089,82.86514,331.71,0.4,0.37,2023-11-20,742,N20,VIIRS,n,2,297.67,1.76,D,0,VIIRS_NOAA20_SP
25.91335,78.25782,331.99,0.45,0.39,2023-11-20,742,N20,VIIRS,n,2,298.52,3.5,D,0,VIIRS_NOAA20_SP
25.9161,78.25264,331.41,0.45,0.39,2023-11-20,742,N20,VIIRS,n,2,298.32,3.79,D,0,VIIRS_NOAA20_SP
25.91734,78.15509,330.03,0.46,0.39,2023-11-20,742,N20,VIIRS,n,2,299.74,2.64,D,0,VIIRS_NOAA20_SP
25.91847,78.77272,343.46,0.43,0.38,2023-11-20,742,N20,VIIRS,n,2,301.03,8.38,D,0,VIIRS_NOAA20_SP
25.9201,78.14984,331.73,0.46,0.39,2023-11-20,742,N20,VIIRS,n,2,298.2,3.63,D,0,VIIRS_NOAA20_SP
25.92048,78.173,331.18,0.46,0.39,2023-11-20,742,N20,VIIRS,n,2,296.88,2.38,D,0,VIIRS_NOAA20_SP
25.9216,78.24226,333.36,0.45,0.39,2023-11-20,742,N20,VIIRS,n,2,298.16,5.92,D,0,VIIRS_NOAA20_SP
25.92205,78.18195,331.88,0.45,0.39,2023-11-20,742,N20,VIIRS,n,2,298.59,3.44,D,0,VIIRS_NOAA20_SP
25.92327,78.08381,341.9,0.46,0.39,2023-11-20,742,N20,VIIRS,n,2,298.95,9.18,D,0,VIIRS_NOAA20_SP
25.92406,78.08832,331.97,0.46,0.39,2023-11-20,742,N20,VIIRS,n,2,298.37,3.72,D,0,VIIRS_NOAA20_SP
25.92604,78.07853,344.17,0.46,0.39,2023-11-20,742,N20,VIIRS,n,2,300.04,10.82,D,0,VIIRS_NOAA20_SP
25.92683,78.08305,341.71,0.46,0.39,2023-11-20,742,N20,VIIRS,n,2,300.33,10.82,D,0,VIIRS_NOAA20_SP
25.93394,78.08151,333.53,0.46,0.39,2023-11-20,742,N20,VIIRS,n,2,297.62,27.68,D,0,VIIRS_NOAA20_SP
25.93554,78.04834,331.7,0.46,0.39,2023-11-20,742,N20,VIIRS,n,2,298.42,2.12,D,0,VIIRS_NOAA20_SP
25.93777,78.18787,331.52,0.45,0.39,2023-11-20,742,N20,VIIRS,n,2,298.69,3.5,D,0,VIIRS_NOAA20_SP
25.93805,78.25255,333.97,0.45,0.39,2023-11-20,742,N20,VIIRS,n,2,298.35,2.45,D,0,VIIRS_NOAA20_SP
25.93855,78.19234,330.56,0.45,0.39,2023-11-20,742,N20,VIIRS,n,2,299.0,3.5,D,0,VIIRS_NOAA20_SP
25.94449,78.16321,338.8,0.46,0.39,2023-11-20,742,N20,VIIRS,n,2,299.03,4.6,D,0,VIIRS_NOAA20_SP
25.94612,78.13031,333.79,0.46,0.39,2023-11-20,742,N20,VIIRS,n,2,297.65,3.51,D,0,VIIRS_NOAA20_SP
25.96054,78.11469,338.69,0.46,0.39,2023-11-20,742,N20,VIIRS,n,2,298.58,4.4,D,0,VIIRS_NOAA20_SP
25.9622,78.15941,339.77,0.46,0.39,2023-11-20,742,N20,VIIRS,n,2,298.3,7.08,D,0,VIIRS_NOAA20_SP
25.96497,78.16025,338.47,0.45,0.39,2023-11-20,742,N20,VIIRS,n,2,298.41,6.9,D,0,VIIRS_NOAA20_SP
25.96506,78.2606,335.45,0.45,0.39,2023-11-20,742,N20,VIIRS,n,2,299.81,3.54,D,0,VIIRS_NOAA20_SP
25.96621,78.18782,347.46,0.45,0.39,2023-11-20,742,N20,VIIRS,n,2,299.7,7.96,D,0,VIIRS_NOAA20_SP
25.96762,78.19077,330.33,0.45,0.39,2023-11-20,742,N20,VIIRS,n,2,297.74,2.17,D,0,VIIRS_NOAA20_SP
25.96806,83.94267,332.55,0.42,0.38,2023-11-20,742,N20,VIIRS,n,2,298.98,1.54,D,0,VIIRS_NOAA20_SP
25.96851,78.15948,335.44,0.45,0.39,2023-11-20,742,N20,VIIRS,n,2,298.02,3.18,D,0,VIIRS_NOAA20_SP
25.97817,80.76159,333.55,0.39,0.36,2023-11-20,742,N20,VIIRS,n,2,298.12,2.41,D,0,VIIRS_NOAA20_SP
25.98064,81.45953,331.78,0.38,0.36,2023-11-20,742,N20,VIIRS,n,2,297.9,2.06,D,0,VIIRS_NOAA20_SP
25.98135,82.2869,332.85,0.39,0.36,2023-11-20,742,N20,VIIRS,n,2,299.79,5.51,D,0,VIIRS_NOAA20_SP
25.98415,82.30616,333.11,0.39,0.36,2023-11-20,742,N20,VIIRS,n,2,297.95,1.64,D,0,VIIRS_NOAA20_SP
25.99008,80.29834,331.94,0.39,0.36,2023-11-20,742,N20,VIIRS,n,2,298.75,2.3,D,0,VIIRS_NOAA20_SP
26.00492,88.02471,340.41,0.45,0.47,2023-11-20,742,N20,VIIRS,n,2,300.94,4.57,D,0,VIIRS_NOAA20_SP
26.01201,81.39893,335.27,0.38,0.36,2023-11-20,742,N20,VIIRS,n,2,297.59,2.59,D,0,VIIRS_NOAA20_SP
26.02101,82.81799,338.94,0.4,0.37,2023-11-20,742,N20,VIIRS,n,2,301.27,3.65,D,0,VIIRS_NOAA20_SP
26.02208,81.354,333.15,0.38,0.36,2023-11-20,742,N20,VIIRS,n,2,298.99,2.29,D,0,VIIRS_NOAA20_SP
26.02818,83.71918,333.72,0.42,0.37,2023-11-20,742,N20,VIIRS,n,2,296.36,2.39,D,0,VIIRS_NOAA20_SP
26.0355,82.00925,332.14,0.39,0.36,2023-11-20,742,N20,VIIRS,n,2,298.89,3.13,D,0,VIIRS_NOAA20_SP
26.03964,83.6496,330.49,0.41,0.37,2023-11-20,742,N20,VIIRS,n,2,298.92,2.28,D,0,VIIRS_NOAA20_SP
26.04469,87.41222,341.51,0.41,0.45,2023-11-20,742,N20,VIIRS,n,2,301.61,4.47,D,0,VIIRS_NOAA20_SP
26.05318,83.90289,331.34,0.42,0.38,2023-11-20,742,N20,VIIRS,n,2,299.47,1.48,D,0,VIIRS_NOAA20_SP
26.05961,82.45131,333.03,0.39,0.36,2023-11-20,742,N20,VIIRS,n,2,298.57,4.49,D,0,VIIRS_NOAA20_SP
26.06205,82.16586,330.42,0.39,0.36,2023-11-20,742,N20,VIIRS,n,2,299.31,1.59,D,0,VIIRS_NOAA20_SP
26.06602,82.19276,334.76,0.39,0.36,2023-11-20,742,N20,VIIRS,n,2,298.93,2.86,D,0,VIIRS_NOAA20_SP
26.06725,79.93605,341.58,0.4,0.37,2023-11-20,742,N20,VIIRS,n,2,299.76,7.85,D,0,VIIRS_NOAA20_SP
26.07129,82.06606,335.93,0.39,0.36,2023-11-20,742,N20,VIIRS,n,2,301.68,3.08,D,0,VIIRS_NOAA20_SP
26.09208,81.47791,332.23,0.38,0.36,2023-11-20,742,N20,VIIRS,n,2,298.14,2.56,D,0,VIIRS_NOAA20_SP
26.10228,82.77181,332.17,0.4,0.37,2023-11-20,742,N20,VIIRS,n,2,298.26,3.98,D,0,VIIRS_NOAA20_SP
26.10372,83.48014,331.59,0.41,0.37,2023-11-20,742,N20,VIIRS,n,2,298.53,3.05,D,0,VIIRS_NOAA20_SP
26.10487,79.65796,330.1,0.4,0.37,2023-11-20,742,N20,VIIRS,n,2,299.06,2.07,D,0,VIIRS_NOAA20_SP
26.10617,82.11886,330.07,0.39,0.36,2023-11-20,742,N20,VIIRS,n,2,298.61,1.86,D,0,VIIRS_NOAA20_SP
26.10694,82.03205,331.4,0.39,0.36,2023-11-20,742,N20,VIIRS,n,2,298.43,3.06,D,0,VIIRS_NOAA20_SP
26.11817,82.62049,330.63,0.39,0.36,2023-11-20,742,N20,VIIRS,n,2,298.63,1.76,D,0,VIIRS_NOAA20_SP
26.11846,83.51114,331.48,0.41,0.37,2023-11-20,742,N20,VIIRS,n,2,298.57,2.08,D,0,VIIRS_NOAA20_SP
26.14276,82.36945,332.68,0.39,0.36,2023-11-20,742,N20,VIIRS,n,2,298.42,2.15,D,0,VIIRS_NOAA20_SP
26.14568,81.69907,337.83,0.38,0.36,2023-11-20,742,N20,VIIRS,n,2,298.77,5.11,D,0,VIIRS_NOAA20_SP
26.14869,81.6515,332.45,0.38,0.36,2023-11-20,742,N20,VIIRS,n,2,298.15,2.22,D,0,VIIRS_NOAA20_SP
26.15512,81.71694,334.24,0.38,0.36,2023-11-20,742,N20,VIIRS,n,2,299.35,3.63,D,0,VIIRS_NOAA20_SP
26.15979,83.9425,334.39,0.42,0.38,2023-11-20,742,N20,VIIRS,n,2,299.98,3.03,D,0,VIIRS_NOAA20_SP
26.16108,82.99239,343.41,0.4,0.37,2023-11-20,742,N20,VIIRS,n,2,300.53,6.46,D,0,VIIRS_NOAA20_SP
26.16331,82.98386,336.08,0.4,0.37,2023-11-20,742,N20,VIIRS,n,2,298.55,2.96,D,0,VIIRS_NOAA20_SP
26.18079,82.56194,331.27,0.39,0.36,2023-11-20,742,N20,VIIRS,n,2,298.25,1.76,D,0,VIIRS_NOAA20_SP
26.18682,91.81124,331.07,0.39,0.59,2023-11-20,742,N20,VIIRS,n,2,296.12,2.44,D,0,VIIRS_NOAA20_SP
26.18975,81.63217,335.64,0.38,0.36,2023-11-20,742,N20,VIIRS,n,2,298.88,4.83,D,0,VIIRS_NOAA20_SP
26.20974,81.11456,331.68,0.38,0.36,2023-11-20,742,N20,VIIRS,n,2,298.17,2.95,D,0,VIIRS_NOAA20_SP
26.22036,82.64713,332.62,0.39,0.36,2023-11-20,742,N20,VIIRS,n,2,297.93,1.88,D,0,VIIRS_NOAA20_SP
26.22365,82.62247,333.88,0.39,0.36,2023-11-20,742,N20,VIIRS,n,2,299.15,2.94,D,0,VIIRS_NOAA20_SP
26.23324,82.48087,331.59,0.39,0.36,2023-11-20,742,N20,VIIRS,n,2,299.02,1.93,D,0,VIIRS_NOAA20_SP
26.23794,81.81528,331.67,0.39,0.36,2023-11-20,742,N20,VIIRS,n,2,297.73,3.88,D,0,VIIRS_NOAA20_SP
26.23895,81.98451,335.8,0.39,0.36,2023-11-20,742,N20,VIIRS,n,2,300.54,7.19,D,0,VIIRS_NOAA20_SP
26.24415,83.10551,330.39,0.4,0.37,2023-11-20,742,N20,VIIRS,n,2,298.54,2.22,D,0,VIIRS_NOAA20_SP
26.2509,82.43785,339.14,0.39,0.36,2023-11-20,742,N20,VIIRS,n,2,299.29,4.07,D,0,VIIRS_NOAA20_SP
26.25751,81.67425,332.82,0.38,0.36,2023-11-20,742,N20,VIIRS,n,2,300.75,4.32,D,0,VIIRS_NOAA20_SP
26.26645,81.91624,340.87,0.39,0.36,2023-11-20,742,N20,VIIRS,n,2,298.34,5.38,D,0,VIIRS_NOAA20_SP
26.27048,82.55025,334.07,0.39,0.36,2023-11-20,742,N20,VIIRS,n,2,299.29,2.75,D,0,VIIRS_NOAA20_SP
26.27633,79.45828,332.49,0.41,0.37,2023-11-20,742,N20,VIIRS,n,2,299.02,2.68,D,0,VIIRS_NOAA20_SP
26.29513,83.83044,335.52,0.42,0.38,2023-11-20,742,N20,VIIRS,n,2,300.4,3.84,D,0,VIIRS_NOAA20_SP
26.29874,81.8828,331.16,0.39,0.36,2023-11-20,742,N20,VIIRS,n,2,297.37,2.43,D,0,VIIRS_NOAA20_SP
26.29978,83.43175,332.99,0.41,0.37,2023-11-20,742,N20,VIIRS,n,2,299.29,3.61,D,0,VIIRS_NOAA20_SP
26.31947,82.62989,344.22,0.39,0.36,2023-11-20,742,N20,VIIRS,n,2,298.53,4.33,D,0,VIIRS_NOAA20_SP
26.32626,82.37244,333.02,0.39,0.36,2023-11-20,742,N20,VIIRS,n,2,298.41,2.95,D,0,VIIRS_NOAA20_SP
26.32994,81.12323,331.96,0.38,0.36,2023-11-20,742,N20,VIIRS,n,2,298.65,2.39,D,0,VIIRS_NOAA20_SP
26.33068,80.62262,334.79,0.39,0.36,2023-11-20,742,N20,VIIRS,n,2,298.85,2.71,D,0,VIIRS_NOAA20_SP
26.33562,80.24711,334.12,0.39,0.36,2023-11-20,742,N20,VIIRS,n,2,300.08,2.62,D,0,VIIRS_NOAA20_SP
26.34814,81.71251,330.79,0.38,0.36,2023-11-20,742,N20,VIIRS,n,2,297.92,2.38,D,0,VIIRS_NOAA20_SP
26.35123,83.80935,334.14,0.42,0.38,2023-11-20,742,N20,VIIRS,n,2,301.29,3.47,D,0,VIIRS_NOAA20_SP
26.35221,83.00529,331.97,0.4,0.37,2023-11-20,742,N20,VIIRS,n,2,299.56,1.57,D,0,VIIRS_NOAA20_SP
26.36232,81.60385,331.1,0.38,0.36,2023-11-20,742,N20,VIIRS,n,2,298.03,1.59,D,0,VIIRS_NOAA20_SP
26.36302,83.97632,332.5,0.43,0.38,2023-11-20,742,N20,VIIRS,n,2,300.28,3.72,D,0,VIIRS_NOAA20_SP
26.39754,80.27099,338.16,0.39,0.36,2023-11-20,742,N20,VIIRS,n,2,299.45,2.88,D,0,VIIRS_NOAA20_SP
26.39864,81.30305,340.3,0.38,0.36,2023-11-20,742,N20,VIIRS,n,2,298.58,3.51,D,0,VIIRS_NOAA20_SP
26.43929,78.26584,331.57,0.44,0.39,2023-11-20,742,N20,VIIRS,n,2,298.46,2.77,D,0,VIIRS_NOAA20_SP
26.45408,78.26723,331.22,0.44,0.39,2023-11-20,742,N20,VIIRS,n,2,297.98,3.0,D,0,VIIRS_NOAA20_SP
26.45409,80.13515,333.6,0.39,0.36,2023-11-20,742,N20,VIIRS,n,2,300.15,3.07,D,0,VIIRS_NOAA20_SP
26.46724,82.62406,333.42,0.39,0.37,2023-11-20,742,N20,VIIRS,n,2,298.64,4.7,D,0,VIIRS_NOAA20_SP
26.46752,82.20007,333.49,0.39,0.36,2023-11-20,742,N20,VIIRS,n,2,299.51,2.78,D,0,VIIRS_NOAA20_SP
26.47004,82.66795,339.15,0.4,0.37,2023-11-20,742,N20,VIIRS,n,2,298.14,3.01,D,0,VIIRS_NOAA20_SP
26.47042,82.9031,333.49,0.4,0.37,2023-11-20,742,N20,VIIRS,n,2,298.84,3.13,D,0,VIIRS_NOAA20_SP
26.48189,80.72014,331.98,0.39,0.36,2023-11-20,742,N20,VIIRS,n,2,299.22,1.67,D,0,VIIRS_NOAA20_SP
26.48316,81.36968,334.04,0.38,0.36,2023-11-20,742,N20,VIIRS,n,2,301.88,2.89,D,0,VIIRS_NOAA20_SP
26.4875,79.39487,330.57,0.41,0.37,2023-11-20,742,N20,VIIRS,n,2,299.17,1.65,D,0,VIIRS_NOAA20_SP
26.49178,82.74911,330.19,0.4,0.37,2023-11-20,742,N20,VIIRS,n,2,298.05,1.43,D,0,VIIRS_NOAA20_SP
26.49626,78.32183,343.28,0.44,0.39,2023-11-20,742,N20,VIIRS,n,2,299.44,5.87,D,0,VIIRS_NOAA20_SP
26.49631,83.36151,332.04,0.41,0.37,2023-11-20,742,N20,VIIRS,n,2,298.77,2.6,D,0,VIIRS_NOAA20_SP
26.51429,79.77015,332.27,0.4,0.37,2023-11-20,742,N20,VIIRS,n,2,299.46,5.21,D,0,VIIRS_NOAA20_SP
26.53599,81.40298,332.27,0.38,0.36,2023-11-20,742,N20,VIIRS,n,2,299.29,3.64,D,0,VIIRS_NOAA20_SP
26.5477,79.7634,330.45,0.4,0.37,2023-11-20,742,N20,VIIRS,n,2,299.19,1.4,D,0,VIIRS_NOAA20_SP
26.55117,81.61642,332.78,0.38,0.36,2023-11-20,742,N20,VIIRS,n,2,299.05,3.04,D,0,VIIRS_NOAA20_SP
26.55432,81.16759,333.25,0.38,0.36,2023-11-20,742,N20,VIIRS,n,2,300.34,2.78,D,0,VIIRS_NOAA20_SP
26.57096,81.45542,335.37,0.38,0.36,2023-11-20,742,N20,VIIRS,n,2,299.24,3.36,D,0,VIIRS_NOAA20_SP
26.57182,83.68359,332.44,0.42,0.38,2023-11-20,742,N20,VIIRS,n,2,300.19,2.07,D,0,VIIRS_NOAA20_SP
26.57818,79.70461,333.31,0.4,0.37,2023-11-20,742,N20,VIIRS,n,2,300.3,1.86,D,0,VIIRS_NOAA20_SP
26.58388,81.1578,330.63,0.38,0.36,2023-11-20,742,N20,VIIRS,n,2,299.69,2.18,D,0,VIIRS_NOAA20_SP
26.59898,82.38039,332.19,0.39,0.36,2023-11-20,742,N20,VIIRS,n,2,297.83,2.47,D,0,VIIRS_NOAA20_SP
26.59961,80.02164,330.51,0.39,0.37,2023-11-20,742,N20,VIIRS,n,2,299.86,2.04,D,0,VIIRS_NOAA20_SP
26.60218,83.04471,331.64,0.4,0.37,2023-11-20,742,N20,VIIRS,n,2,300.34,2.13,D,0,VIIRS_NOAA20_SP
26.61053,81.53853,335.39,0.38,0.36,2023-11-20,742,N20,VIIRS,n,2,299.48,2.8,D,0,VIIRS_NOAA20_SP
26.61122,80.52435,332.34,0.39,0.36,2023-11-20,742,N20,VIIRS,n,2,299.49,2.15,D,0,VIIRS_NOAA20_SP
26.61152,83.54097,334.61,0.42,0.37,2023-11-20,742,N20,VIIRS,n,2,299.53,3.39,D,0,VIIRS_NOAA20_SP
26.62339,81.21721,333.12,0.38,0.36,2023-11-20,742,N20,VIIRS,n,2,302.77,3.69,D,0,VIIRS_NOAA20_SP
26.62589,79.45968,332.53,0.41,0.37,2023-11-20,742,N20,VIIRS,n,2,300.17,2.42,D,0,VIIRS_NOAA20_SP
26.62793,80.6957,334.36,0.39,0.36,2023-11-20,742,N20,VIIRS,n,2,301.82,5.06,D,0,VIIRS_NOAA20_SP
26.64448,79.79368,330.57,0.4,0.37,2023-11-20,742,N20,VIIRS,n,2,299.74,2.08,D,0,VIIRS_NOAA20_SP
26.64943,80.8774,331.8,0.39,0.36,2023-11-20,742,N20,VIIRS,n,2,300.16,2.45,D,0,VIIRS_NOAA20_SP
26.6679,79.95997,345.22,0.4,0.37,2023-11-20,742,N20,VIIRS,n,2,301.08,6.9,D,0,VIIRS_NOAA20_SP
26.67027,79.99598,333.62,0.39,0.37,2023-11-20,742,N20,VIIRS,n,2,302.07,2.8,D,0,VIIRS_NOAA20_SP
26.67324,81.75128,332.82,0.39,0.36,2023-11-20,742,N20,VIIRS,n,2,301.08,1.96,D,0,VIIRS_NOAA20_SP
26.68057,79.95337,332.92,0.4,0.37,2023-11-20,742,N20,VIIRS,n,2,300.38,2.45,D,0,VIIRS_NOAA20_SP
26.68972,83.57473,333.49,0.42,0.37,2023-11-20,742,N20,VIIRS,n,2,299.96,2.75,D,0,VIIRS_NOAA20_SP
26.6993,79.77884,335.84,0.4,0.37,2023-11-20,742,N20,VIIRS,n,2,300.61,2.81,D,0,VIIRS_NOAA20_SP
26.70258,83.595,333.98,0.42,0.38,2023-11-20,742,N20,VIIRS,n,2,300.68,2.27,D,0,VIIRS_NOAA20_SP
26.71113,83.60641,338.13,0.42,0.38,2023-11-20,742,N20,VIIRS,n,2,300.44,5.21,D,0,VIIRS_NOAA20_SP
26.71984,79.67216,342.83,0.4,0.37,2023-11-20,742,N20,VIIRS,n,2,301.52,2.93,D,0,VIIRS_NOAA20_SP
26.72281,79.60565,335.96,0.4,0.37,2023-11-20,742,N20,VIIRS,n,2,301.65,2.86,D,0,VIIRS_NOAA20_SP
26.72545,81.85233,332.41,0.39,0.36,2023-11-20,742,N20,VIIRS,n,2,300.53,2.41,D,0,VIIRS_NOAA20_SP
26.72863,81.82802,331.34,0.39,0.36,2023-11-20,742,N20,VIIRS,n,2,302.14,5.81,D,0,VIIRS_NOAA20_SP
26.73321,81.11379,334.55,0.38,0.36,2023-11-20,742,N20,VIIRS,n,2,301.43,4.24,D,0,VIIRS_NOAA20_SP
26.74533,83.67799,330.02,0.42,0.38,2023-11-20,742,N20,VIIRS,n,2,300.09,2.67,D,0,VIIRS_NOAA20_SP
26.74661,82.97141,333.03,0.4,0.37,2023-11-20,742,N20,VIIRS,n,2,298.15,2.44,D,0,VIIRS_NOAA20_SP
26.74923,79.7892,332.25,0.4,0.37,2023-11-20,742,N20,VIIRS,n,2,299.35,2.26,D,0,VIIRS_NOAA20_SP
26.75358,83.50538,330.57,0.42,0.37,2023-11-20,742,N20,VIIRS,n,2,299.28,1.56,D,0,VIIRS_NOAA20_SP
26.76032,83.63249,331.56,0.42,0.38,2023-11-20,742,N20,VIIRS,n,2,299.96,2.29,D,0,VIIRS_NOAA20_SP
26.76214,83.49117,337.42,0.42,0.37,2023-11-20,742,N20,VIIRS,n,2,300.34,4.42,D,0,VIIRS_NOAA20_SP
26.76328,83.4995,338.35,0.42,0.37,2023-11-20,742,N20,VIIRS,n,2,302.03,4.68,D,0,VIIRS_NOAA20_SP
26.7667,83.49892,330.31,0.42,0.37,2023-11-20,742,N20,VIIRS,n,2,300.29,4.68,D,0,VIIRS_NOAA20_SP
26.77241,83.515,334.12,0.42,0.37,2023-11-20,742,N20,VIIRS,n,2,300.12,2.2,D,0,VIIRS_NOAA20_SP
26.77279,83.75119,335.43,0.42,0.38,2023-11-20,742,N20,VIIRS,n,2,300.08,3.35,D,0,VIIRS_NOAA20_SP
26.77454,79.96726,332.12,0.39,0.37,2023-11-20,742,N20,VIIRS,n,2,300.55,3.18,D,0,VIIRS_NOAA20_SP
26.77463,84.50439,337.9,0.45,0.39,2023-11-20,742,N20,VIIRS,n,2,300.13,5.41,D,0,VIIRS_NOAA20_SP
26.77519,83.66441,342.58,0.42,0.38,2023-11-20,742,N20,VIIRS,n,2,300.94,9.83,D,0,VIIRS_NOAA20_SP
26.78435,79.81478,331.31,0.4,0.37,2023-11-20,742,N20,VIIRS,n,2,300.91,5.22,D,0,VIIRS_NOAA20_SP
26.7884,83.52937,332.38,0.42,0.37,2023-11-20,742,N20,VIIRS,n,2,300.77,3.02,D,0,VIIRS_NOAA20_SP
26.78947,79.81033,332.17,0.4,0.37,2023-11-20,742,N20,VIIRS,n,2,300.97,2.54,D,0,VIIRS_NOAA20_SP
26.79946,84.03166,342.66,0.43,0.38,2023-11-20,742,N20,VIIRS,n,2,301.28,3.73,D,0,VIIRS_NOAA20_SP
26.80101,83.62141,330.17,0.42,0.38,2023-11-20,742,N20,VIIRS,n,2,299.8,1.93,D,0,VIIRS_NOAA20_SP
26.80617,83.63344,336.44,0.42,0.38,2023-11-20,742,N20,VIIRS,n,2,301.04,5.04,D,0,VIIRS_NOAA20_SP
26.80618,83.71102,332.98,0.42,0.38,2023-11-20,742,N20,VIIRS,n,2,300.82,1.86,D,0,VIIRS_NOAA20_SP
26.80666,71.97144,336.84,0.32,0.55,2023-11-20,742,N20,VIIRS,n,2,303.83,1.47,D,0,VIIRS_NOAA20_SP
26.80733,83.74548,332.5,0.42,0.38,2023-11-20,742,N20,VIIRS,n,2,299.74,2.52,D,0,VIIRS_NOAA20_SP
26.81072,80.66866,341.15,0.39,0.36,2023-11-20,742,N20,VIIRS,n,2,302.63,4.98,D,0,VIIRS_NOAA20_SP
26.8122,80.31001,332.77,0.39,0.36,2023-11-20,742,N20,VIIRS,n,2,300.01,2.2,D,0,VIIRS_NOAA20_SP
26.81282,83.63728,350.59,0.42,0.38,2023-11-20,742,N20,VIIRS,n,2,304.87,7.95,D,0,VIIRS_NOAA20_SP
26.81363,83.6365,347.86,0.42,0.38,2023-11-20,742,N20,VIIRS,n,2,304.86,12.14,D,0,VIIRS_NOAA20_SP
26.8157,83.63251,333.34,0.42,0.38,2023-11-20,742,N20,VIIRS,n,2,301.55,7.95,D,0,VIIRS_NOAA20_SP
26.81914,83.63193,333.22,0.42,0.38,2023-11-20,742,N20,VIIRS,n,2,300.43,1.83,D,0,VIIRS_NOAA20_SP
26.82119,83.4903,334.13,0.42,0.37,2023-11-20,742,N20,VIIRS,n,2,301.28,3.81,D,0,VIIRS_NOAA20_SP
26.828,83.51475,340.96,0.42,0.37,2023-11-20,742,N20,VIIRS,n,2,301.75,6.55,D,0,VIIRS_NOAA20_SP
26.83671,83.71099,334.83,0.42,0.38,2023-11-20,742,N20,VIIRS,n,2,300.65,3.12,D,0,VIIRS_NOAA20_SP
26.84106,83.55958,334.23,0.42,0.38,2023-11-20,742,N20,VIIRS,n,2,299.69,3.22,D,0,VIIRS_NOAA20_SP
26.85199,82.92439,337.66,0.4,0.37,2023-11-20,742,N20,VIIRS,n,2,303.12,8.21,D,0,VIIRS_NOAA20_SP
26.85699,83.6256,335.81,0.42,0.38,2023-11-20,742,N20,VIIRS,n,2,299.97,4.76,D,0,VIIRS_NOAA20_SP
26.86489,83.71062,337.01,0.42,0.38,2023-11-20,742,N20,VIIRS,n,2,301.35,7.12,D,0,VIIRS_NOAA20_SP
26.89122,84.071,332.27,0.44,0.38,2023-11-20,742,N20,VIIRS,n,2,300.27,2.78,D,0,VIIRS_NOAA20_SP
26.89897,82.79299,331.86,0.4,0.37,2023-11-20,742,N20,VIIRS,n,2,299.27,2.92,D,0,VIIRS_NOAA20_SP
26.90531,83.26057,344.77,0.41,0.37,2023-11-20,742,N20,VIIRS,n,2,301.53,8.69,D,0,VIIRS_NOAA20_SP
26.91093,82.92654,338.2,0.4,0.37,2023-11-20,742,N20,VIIRS,n,2,300.49,3.35,D,0,VIIRS_NOAA20_SP
26.91551,83.6676,331.48,0.42,0.38,2023-11-20,742,N20,VIIRS,n,2,299.79,2.59,D,0,VIIRS_NOAA20_SP
26.916,82.93804,332.43,0.4,0.37,2023-11-20,742,N20,VIIRS,n,2,298.86,7.67,D,0,VIIRS_NOAA20_SP
26.92217,83.64533,332.36,0.42,0.38,2023-11-20,742,N20,VIIRS,n,2,300.57,1.36,D,0,VIIRS_NOAA20_SP
26.92752,82.86222,332.96,0.4,0.37,2023-11-20,742,N20,VIIRS,n,2,300.06,4.03,D,0,VIIRS_NOAA20_SP
26.93237,74.10316,336.74,0.48,0.48,2023-11-20,742,N20,VIIRS,n,2,303.14,2.43,D,0,VIIRS_NOAA20_SP
26.9337,82.83237,331.77,0.4,0.37,2023-11-20,742,N20,VIIRS,n,2,299.94,4.27,D,0,VIIRS_NOAA20_SP
26.93797,93.30804,325.86,0.49,0.65,2023-11-20,742,N20,VIIRS,n,2,293.23,2.35,D,0,VIIRS_NOAA20_SP
26.94542,82.7197,331.57,0.4,0.37,2023-11-20,742,N20,VIIRS,n,2,300.28,4.17,D,0,VIIRS_NOAA20_SP
26.94658,82.85068,338.67,0.4,0.37,2023-11-20,742,N20,VIIRS,n,2,300.03,3.14,D,0,VIIRS_NOAA20_SP
26.97404,82.85001,334.71,0.4,0.37,2023-11-20,742,N20,VIIRS,n,2,301.32,3.64,D,0,VIIRS_NOAA20_SP
26.97573,82.86207,341.41,0.4,0.37,2023-11-20,742,N20,VIIRS,n,2,300.83,4.94,D,0,VIIRS_NOAA20_SP
26.98642,82.91382,333.53,0.4,0.37,2023-11-20,742,N20,VIIRS,n,2,299.9,4.53,D,0,VIIRS_NOAA20_SP
27.00343,82.66869,332.73,0.4,0.37,2023-11-20,742,N20,VIIRS,n,2,300.17,2.38,D,0,VIIRS_NOAA20_SP
27.01061,80.29484,331.19,0.39,0.36,2023-11-20,742,N20,VIIRS,n,2,301.11,3.14,D,0,VIIRS_NOAA20_SP
27.01933,82.78049,332.55,0.4,0.37,2023-11-20,742,N20,VIIRS,n,2,300.63,2.0,D,0,VIIRS_NOAA20_SP
27.0274,82.77567,332.8,0.4,0.37,2023-11-20,742,N20,VIIRS,n,2,299.27,3.11,D,0,VIIRS_NOAA20_SP
27.04041,82.9541,330.7,0.4,0.37,2023-11-20,742,N20,VIIRS,n,2,299.74,3.94,D,0,VIIRS_NOAA20_SP
27.05159,79.22755,332.7,0.41,0.37,2023-11-20,742,N20,VIIRS,n,2,302.74,2.37,D,0,VIIRS_NOAA20_SP
27.06263,82.73258,333.0,0.4,0.37,2023-11-20,742,N20,VIIRS,n,2,299.62,1.8,D,0,VIIRS_NOAA20_SP
27.06289,74.9949,330.35,0.42,0.45,2023-11-20,742,N20,VIIRS,l,2,304.14,2.08,D,0,VIIRS_NOAA20_SP
27.06378,83.52757,337.81,0.42,0.38,2023-11-20,742,N20,VIIRS,n,2,303.85,6.78,D,0,VIIRS_NOAA20_SP
27.06721,83.527,339.99,0.42,0.38,2023-11-20,742,N20,VIIRS,n,2,301.47,6.78,D,0,VIIRS_NOAA20_SP
27.07051,82.98703,332.15,0.4,0.37,2023-11-20,742,N20,VIIRS,n,2,299.1,3.85,D,0,VIIRS_NOAA20_SP
27.07072,83.32163,335.84,0.41,0.37,2023-11-20,742,N20,VIIRS,n,2,300.6,6.59,D,0,VIIRS_NOAA20_SP
27.08009,82.95631,332.46,0.4,0.37,2023-11-20,742,N20,VIIRS,n,2,300.36,1.44,D,0,VIIRS_NOAA20_SP
27.08324,83.33646,333.53,0.41,0.37,2023-11-20,742,N20,VIIRS,n,2,300.03,6.34,D,0,VIIRS_NOAA20_SP
27.08434,82.66737,329.93,0.4,0.37,2023-11-20,742,N20,VIIRS,n,2,301.03,0.98,D,0,VIIRS_NOAA20_SP
27.09697,83.59095,332.25,0.42,0.38,2023-11-20,742,N20,VIIRS,n,2,300.74,2.03,D,0,VIIRS_NOAA20_SP
27.09806,82.88694,330.96,0.4,0.37,2023-11-20,742,N20,VIIRS,l,2,301.68,1.15,D,0,VIIRS_NOAA20_SP
27.09893,82.69755,333.71,0.4,0.37,2023-11-20,742,N20,VIIRS,n,2,301.81,1.85,D,0,VIIRS_NOAA20_SP
27.10647,82.87309,340.68,0.4,0.37,2023-11-20,742,N20,VIIRS,n,2,300.18,6.17,D,0,VIIRS_NOAA20_SP
27.11043,82.90134,351.36,0.4,0.37,2023-11-20,742,N20,VIIRS,n,2,301.94,7.51,D,0,VIIRS_NOAA20_SP
27.11697,82.64149,345.39,0.4,0.37,2023-11-20,742,N20,VIIRS,n,2,302.41,7.25,D,0,VIIRS_NOAA20_SP
27.12913,83.64619,336.26,0.42,0.38,2023-11-20,742,N20,VIIRS,n,2,302.96,3.26,D,0,VIIRS_NOAA20_SP
27.13503,82.83097,334.68,0.4,0.37,2023-11-20,742,N20,VIIRS,n,2,299.35,2.34,D,0,VIIRS_NOAA20_SP
27.15106,82.88638,334.56,0.4,0.37,2023-11-20,742,N20,VIIRS,n,2,301.68,4.25,D,0,VIIRS_NOAA20_SP
27.15107,82.68872,333.55,0.4,0.37,2023-11-20,742,N20,VIIRS,n,2,301.1,3.66,D,0,VIIRS_NOAA20_SP
27.1514,80.15112,334.43,0.39,0.36,2023-11-20,742,N20,VIIRS,n,2,301.35,4.26,D,0,VIIRS_NOAA20_SP
27.15162,82.89043,331.98,0.4,0.37,2023-11-20,742,N20,VIIRS,n,2,299.27,4.25,D,0,VIIRS_NOAA20_SP
27.15758,82.54051,343.99,0.4,0.37,2023-11-20,742,N20,VIIRS,n,2,301.11,3.66,D,0,VIIRS_NOAA20_SP
27.16096,82.56435,337.0,0.4,0.37,2023-11-20,742,N20,VIIRS,n,2,299.03,2.31,D,0,VIIRS_NOAA20_SP
27.16223,82.67037,331.05,0.4,0.37,2023-11-20,742,N20,VIIRS,n,2,301.39,2.57,D,0,VIIRS_NOAA20_SP
27.16438,84.67159,337.17,0.46,0.39,2023-11-20,742,N20,VIIRS,n,2,300.82,3.56,D,0,VIIRS_NOAA20_SP
27.16525,84.66824,332.08,0.46,0.39,2023-11-20,742,N20,VIIRS,n,2,300.47,3.92,D,0,VIIRS_NOAA20_SP
27.16777,82.63664,330.04,0.4,0.37,2023-11-20,742,N20,VIIRS,n,2,299.49,3.64,D,0,VIIRS_NOAA20_SP
27.1695,82.67319,331.13,0.4,0.37,2023-11-20,742,N20,VIIRS,n,2,300.22,2.27,D,0,VIIRS_NOAA20_SP
27.20417,83.37653,331.16,0.42,0.37,2023-11-20,742,N20,VIIRS,n,2,299.85,2.59,D,0,VIIRS_NOAA20_SP
27.20537,83.53937,333.16,0.42,0.38,2023-11-20,742,N20,VIIRS,n,2,301.31,2.67,D,0,VIIRS_NOAA20_SP
27.20836,82.87642,333.65,0.4,0.37,2023-11-20,742,N20,VIIRS,n,2,299.82,2.53,D,0,VIIRS_NOAA20_SP
27.23213,80.10297,338.19,0.39,0.36,2023-11-20,742,N20,VIIRS,n,2,301.14,3.46,D,0,VIIRS_NOAA20_SP
27.25478,83.23675,338.61,0.41,0.37,2023-11-20,742,N20,VIIRS,n,2,299.74,3.88,D,0,VIIRS_NOAA20_SP
27.26203,83.03779,330.33,0.41,0.37,2023-11-20,742,N20,VIIRS,n,2,299.53,1.91,D,0,VIIRS_NOAA20_SP
27.27023,93.95403,339.17,0.54,0.68,2023-11-20,742,N20,VIIRS,n,2,291.53,4.78,D,0,VIIRS_NOAA20_SP
27.27105,82.69704,332.77,0.4,0.37,2023-11-20,742,N20,VIIRS,n,2,301.71,2.7,D,0,VIIRS_NOAA20_SP
27.27193,81.57751,332.91,0.39,0.36,2023-11-20,742,N20,VIIRS,n,2,303.26,1.82,D,0,VIIRS_NOAA20_SP
27.2981,82.52434,344.25,0.4,0.37,2023-11-20,742,N20,VIIRS,n,2,301.37,9.17,D,0,VIIRS_NOAA20_SP
27.30423,83.67998,340.6,0.43,0.38,2023-11-20,742,N20,VIIRS,n,2,302.16,3.74,D,0,VIIRS_NOAA20_SP
27.30451,82.64182,330.58,0.4,0.37,2023-11-20,742,N20,VIIRS,n,2,299.83,3.63,D,0,VIIRS_NOAA20_SP
27.30508,82.64582,334.06,0.4,0.37,2023-11-20,742,N20,VIIRS,n,2,300.5,5.5,D,0,VIIRS_NOAA20_SP
27.30735,82.66184,332.03,0.4,0.37,2023-11-20,742,N20,VIIRS,n,2,300.03,1.52,D,0,VIIRS_NOAA20_SP
27.30934,82.92188,331.12,0.4,0.37,2023-11-20,742,N20,VIIRS,n,2,298.81,2.32,D,0,VIIRS_NOAA20_SP
27.3107,82.66125,333.65,0.4,0.37,2023-11-20,742,N20,VIIRS,n,2,301.81,1.85,D,0,VIIRS_NOAA20_SP
27.31094,82.80956,332.15,0.4,0.37,2023-11-20,742,N20,VIIRS,n,2,300.59,1.94,D,0,VIIRS_NOAA20_SP
27.31745,83.33762,334.46,0.42,0.37,2023-11-20,742,N20,VIIRS,n,2,300.02,3.66,D,0,VIIRS_NOAA20_SP
27.31792,82.63946,336.35,0.4,0.37,2023-11-20,742,N20,VIIRS,n,2,302.05,2.87,D,0,VIIRS_NOAA20_SP
27.31843,82.61887,334.58,0.4,0.37,2023-11-20,742,N20,VIIRS,n,2,302.29,3.34,D,0,VIIRS_NOAA20_SP
27.32199,83.34538,333.2,0.42,0.37,2023-11-20,742,N20,VIIRS,n,2,299.01,2.05,D,0,VIIRS_NOAA20_SP
27.32209,83.70766,335.95,0.43,0.38,2023-11-20,742,N20,VIIRS,n,2,301.47,3.82,D,0,VIIRS_NOAA20_SP
27.32355,82.65488,348.99,0.4,0.37,2023-11-20,742,N20,VIIRS,n,2,300.59,3.93,D,0,VIIRS_NOAA20_SP
27.32598,82.74499,344.48,0.4,0.37,2023-11-20,742,N20,VIIRS,n,2,301.97,3.77,D,0,VIIRS_NOAA20_SP
27.32633,82.65029,329.48,0.4,0.37,2023-11-20,742,N20,VIIRS,n,2,300.02,3.93,D,0,VIIRS_NOAA20_SP
27.3269,82.6543,350.98,0.4,0.37,2023-11-20,742,N20,VIIRS,n,2,301.55,3.93,D,0,VIIRS_NOAA20_SP
27.33133,83.69736,352.22,0.43,0.38,2023-11-20,742,N20,VIIRS,n,2,302.76,6.58,D,0,VIIRS_NOAA20_SP
27.33306,83.04308,334.11,0.41,0.37,2023-11-20,742,N20,VIIRS,n,2,299.96,2.53,D,0,VIIRS_NOAA20_SP
27.3348,83.69679,339.7,0.43,0.38,2023-11-20,742,N20,VIIRS,n,2,301.79,6.58,D,0,VIIRS_NOAA20_SP
27.33615,82.391,334.76,0.39,0.36,2023-11-20,742,N20,VIIRS,n,2,302.21,2.96,D,0,VIIRS_NOAA20_SP
27.33948,82.3904,338.71,0.39,0.36,2023-11-20,742,N20,VIIRS,n,2,303.09,7.69,D,0,VIIRS_NOAA20_SP
27.35677,83.34376,330.67,0.42,0.37,2023-11-20,742,N20,VIIRS,n,2,300.0,2.91,D,0,VIIRS_NOAA20_SP
27.35734,83.34794,331.76,0.42,0.37,2023-11-20,742,N20,VIIRS,n,2,298.87,3.3,D,0,VIIRS_NOAA20_SP
27.36947,82.69995,332.29,0.4,0.37,2023-11-20,742,N20,VIIRS,n,2,299.57,1.94,D,0,VIIRS_NOAA20_SP
27.37557,83.17474,330.75,0.41,0.37,2023-11-20,742,N20,VIIRS,n,2,299.43,4.01,D,0,VIIRS_NOAA20_SP
27.37671,82.6534,329.44,0.4,0.37,2023-11-20,742,N20,VIIRS,n,2,301.0,1.66,D,0,VIIRS_NOAA20_SP
27.38495,82.56579,342.61,0.4,0.37,2023-11-20,742,N20,VIIRS,n,2,301.23,5.5,D,0,VIIRS_NOAA20_SP
27.38683,82.70102,335.98,0.4,0.37,2023-11-20,742,N20,VIIRS,n,2,300.95,4.72,D,0,VIIRS_NOAA20_SP
27.39529,82.28372,333.75,0.39,0.36,2023-11-20,742,N20,VIIRS,n,2,301.98,2.16,D,0,VIIRS_NOAA20_SP
27.39861,82.28313,332.77,0.39,0.36,2023-11-20,742,N20,VIIRS,n,2,300.22,1.72,D,0,VIIRS_NOAA20_SP
27.40355,80.67345,335.13,0.39,0.36,2023-11-20,742,N20,VIIRS,n,2,300.42,2.73,D,0,VIIRS_NOAA20_SP
27.40812,83.54184,330.46,0.42,0.38,2023-11-20,742,N20,VIIRS,n,2,299.18,2.92,D,0,VIIRS_NOAA20_SP
27.42186,83.64411,345.46,0.42,0.38,2023-11-20,742,N20,VIIRS,n,2,302.3,6.03,D,0,VIIRS_NOAA20_SP
27.43647,83.18534,332.58,0.41,0.37,2023-11-20,742,N20,VIIRS,n,2,300.37,2.75,D,0,VIIRS_NOAA20_SP
27.43983,83.23575,334.83,0.41,0.37,2023-11-20,742,N20,VIIRS,n,2,301.3,8.36,D,0,VIIRS_NOAA20_SP
27.45367,80.27658,340.2,0.39,0.36,2023-11-20,742,N20,VIIRS,n,2,302.9,4.28,D,0,VIIRS_NOAA20_SP
27.45452,82.93817,333.6,0.41,0.37,2023-11-20,742,N20,VIIRS,n,2,300.94,3.54,D,0,VIIRS_NOAA20_SP
27.4579,82.93758,332.02,0.41,0.37,2023-11-20,742,N20,VIIRS,l,2,302.53,2.52,D,0,VIIRS_NOAA20_SP
27.45847,82.94167,334.51,0.41,0.37,2023-11-20,742,N20,VIIRS,n,2,300.44,4.38,D,0,VIIRS_NOAA20_SP
27.47268,83.01879,342.5,0.41,0.37,2023-11-20,742,N20,VIIRS,n,2,300.6,3.52,D,0,VIIRS_NOAA20_SP
27.48076,83.20322,332.4,0.41,0.37,2023-11-20,742,N20,VIIRS,n,2,300.02,2.42,D,0,VIIRS_NOAA20_SP
27.48078,83.2543,328.67,0.41,0.37,2023-11-20,742,N20,VIIRS,n,2,300.46,1.37,D,0,VIIRS_NOAA20_SP
27.48988,83.3984,332.18,0.42,0.38,2023-11-20,742,N20,VIIRS,n,2,300.16,2.0,D,0,VIIRS_NOAA20_SP
27.49171,82.9996,329.46,0.41,0.37,2023-11-20,742,N20,VIIRS,n,2,301.39,1.54,D,0,VIIRS_NOAA20_SP
27.49905,83.00253,336.4,0.41,0.37,2023-11-20,742,N20,VIIRS,n,2,300.7,2.71,D,0,VIIRS_NOAA20_SP
27.50583,83.54288,335.31,0.42,0.38,2023-11-20,742,N20,VIIRS,n,2,301.73,2.83,D,0,VIIRS_NOAA20_SP
27.50814,83.30088,338.83,0.42,0.37,2023-11-20,742,N20,VIIRS,n,2,301.16,3.4,D,0,VIIRS_NOAA20_SP
27.51218,83.38171,331.73,0.42,0.37,2023-11-20,742,N20,VIIRS,n,2,299.72,2.18,D,0,VIIRS_NOAA20_SP
27.52503,83.01485,332.39,0.41,0.37,2023-11-20,742,N20,VIIRS,n,2,300.94,1.71,D,0,VIIRS_NOAA20_SP
27.56741,82.9949,335.63,0.41,0.37,2023-11-20,742,N20,VIIRS,n,2,301.86,3.88,D,0,VIIRS_NOAA20_SP
27.59301,83.46419,338.46,0.42,0.38,2023-11-20,742,N20,VIIRS,n,2,300.57,2.79,D,0,VIIRS_NOAA20_SP
27.59499,79.96651,336.18,0.39,0.36,2023-11-20,742,N20,VIIRS,n,2,299.87,2.45,D,0,VIIRS_NOAA20_SP
27.60431,82.95536,332.89,0.41,0.37,2023-11-20,742,N20,VIIRS,n,2,300.58,2.48,D,0,VIIRS_NOAA20_SP
27.62788,81.77949,334.33,0.39,0.36,2023-11-20,742,N20,VIIRS,n,2,300.92,2.73,D,0,VIIRS_NOAA20_SP
27.64708,81.77207,337.41,0.39,0.36,2023-11-20,742,N20,VIIRS,n,2,302.92,2.95,D,0,VIIRS_NOAA20_SP
27.68922,81.71226,331.83,0.39,0.36,2023-11-20,742,N20,VIIRS,n,2,300.86,2.58,D,0,VIIRS_NOAA20_SP
27.70325,79.96148,331.78,0.39,0.36,2023-11-20,742,N20,VIIRS,n,2,301.65,3.61,D,0,VIIRS_NOAA20_SP
27.785,80.67876,332.22,0.38,0.36,2023-11-20,742,N20,VIIRS,n,2,300.39,3.05,D,0,VIIRS_NOAA20_SP
27.8803,80.34899,333.85,0.39,0.36,2023-11-20,742,N20,VIIRS,l,2,304.03,14.63,D,0,VIIRS_NOAA20_SP
27.89837,79.77654,339.91,0.39,0.36,2023-11-20,742,N20,VIIRS,n,2,304.96,4.21,D,0,VIIRS_NOAA20_SP
27.95998,80.86446,332.22,0.38,0.36,2023-11-20,742,N20,VIIRS,n,2,299.78,3.22,D,0,VIIRS_NOAA20_SP
27.99667,80.02856,330.71,0.39,0.36,2023-11-20,742,N20,VIIRS,n,2,303.66,3.98,D,0,VIIRS_NOAA20_SP
27.99729,80.03248,333.31,0.39,0.36,2023-11-20,742,N20,VIIRS,n,2,303.39,3.88,D,0,VIIRS_NOAA20_SP
28.13088,80.98341,330.27,0.38,0.36,2023-11-20,742,N20,VIIRS,n,2,299.47,3.77,D,0,VIIRS_NOAA20_SP
28.1659,81.44423,328.8,0.39,0.36,2023-11-20,742,N20,VIIRS,l,2,302.5,1.34,D,0,VIIRS_NOAA20_SP
28.27357,80.78005,330.11,0.38,0.36,2023-11-20,742,N20,VIIRS,n,2,297.54,1.62,D,0,VIIRS_NOAA20_SP
28.27428,79.91206,333.81,0.39,0.36,2023-11-20,742,N20,VIIRS,n,2,301.09,3.48,D,0,VIIRS_NOAA20_SP
28.35298,80.58868,334.51,0.38,0.36,2023-11-20,742,N20,VIIRS,n,2,302.98,2.25,D,0,VIIRS_NOAA20_SP
28.36089,80.99898,334.03,0.38,0.36,2023-11-20,742,N20,VIIRS,n,2,299.16,2.32,D,0,VIIRS_NOAA20_SP
28.36419,84.91773,331.21,0.49,0.4,2023-11-20,742,N20,VIIRS,n,2,301.01,6.45,D,0,VIIRS_NOAA20_SP
28.40687,79.75957,331.23,0.39,0.36,2023-11-20,742,N20,VIIRS,n,2,298.85,2.07,D,0,VIIRS_NOAA20_SP
28.42618,81.1386,333.75,0.38,0.36,2023-11-20,742,N20,VIIRS,n,2,299.79,1.95,D,0,VIIRS_NOAA20_SP
28.46741,81.14275,336.06,0.38,0.36,2023-11-20,742,N20,VIIRS,n,2,300.36,3.37,D,0,VIIRS_NOAA20_SP
26.56998,68.31094,331.95,0.55,0.68,2023-11-20,743,N20,VIIRS,n,2,294.26,2.78,D,0,VIIRS_NOAA20_SP
26.97371,70.2559,330.33,0.41,0.6,2023-11-20,743,N20,VIIRS,n,2,301.74,1.6,D,0,VIIRS_NOAA20_SP
27.40447,68.35725,346.0,0.52,0.67,2023-11-20,743,N20,VIIRS,n,2,295.34,5.61,D,0,VIIRS_NOAA20_SP
27.40975,68.35831,351.33,0.52,0.67,2023-11-20,743,N20,VIIRS,n,2,295.0,6.26,D,0,VIIRS_NOAA20_SP
27.53432,69.11726,331.28,0.46,0.64,2023-11-20,743,N20,VIIRS,n,2,298.91,2.89,D,0,VIIRS_NOAA20_SP
28.26519,77.5835,334.39,0.45,0.39,2023-11-20,743,N20,VIIRS,n,2,301.03,3.99,D,0,VIIRS_NOAA20_SP
28.26628,77.58643,338.36,0.45,0.39,2023-11-20,743,N20,VIIRS,n,2,299.98,3.92,D,0,VIIRS_NOAA20_SP
28.2822,70.25539,332.28,0.38,0.59,2023-11-20,743,N20,VIIRS,n,2,296.09,1.95,D,0,VIIRS_NOAA20_SP
28.33373,78.18516,341.86,0.43,0.38,2023-11-20,743,N20,VIIRS,n,2,301.52,12.75,D,0,VIIRS_NOAA20_SP
28.44683,78.45724,332.89,0.42,0.38,2023-11-20,743,N20,VIIRS,n,2,299.43,3.1,D,0,VIIRS_NOAA20_SP
28.59558,79.28493,331.42,0.4,0.37,2023-11-20,743,N20,VIIRS,n,2,299.3,1.79,D,0,VIIRS_NOAA20_SP
28.60719,79.12389,332.36,0.4,0.37,2023-11-20,743,N20,VIIRS,n,2,302.49,2.0,D,0,VIIRS_NOAA20_SP
28.66928,79.86932,332.33,0.39,0.36,2023-11-20,743,N20,VIIRS,n,2,300.46,1.89,D,0,VIIRS_NOAA20_SP
28.67373,79.51266,332.01,0.39,0.36,2023-11-20,743,N20,VIIRS,n,2,301.48,0.7,D,0,VIIRS_NOAA20_SP
28.74074,80.21513,330.83,0.39,0.36,2023-11-20,743,N20,VIIRS,n,2,301.32,2.48,D,0,VIIRS_NOAA20_SP
28.74281,80.20665,330.87,0.39,0.36,2023-11-20,743,N20,VIIRS,n,2,301.25,2.7,D,0,VIIRS_NOAA20_SP
28.78498,77.67717,329.8,0.44,0.38,2023-11-20,743,N20,VIIRS,n,2,296.88,2.32,D,0,VIIRS_NOAA20_SP
28.80635,76.92487,330.08,0.47,0.4,2023-11-20,743,N20,VIIRS,n,2,297.74,2.33,D,0,VIIRS_NOAA20_SP
28.90946,76.45645,336.29,0.49,0.41,2023-11-20,743,N20,VIIRS,n,2,300.72,7.18,D,0,VIIRS_NOAA20_SP
28.91979,78.83606,331.53,0.4,0.37,2023-11-20,743,N20,VIIRS,n,2,299.92,2.41,D,0,VIIRS_NOAA20_SP
28.92508,76.41624,330.26,0.5,0.41,2023-11-20,743,N20,VIIRS,n,2,299.82,2.81,D,0,VIIRS_NOAA20_SP
28.93206,76.40142,337.22,0.5,0.41,2023-11-20,743,N20,VIIRS,n,2,298.66,4.38,D,0,VIIRS_NOAA20_SP
28.93337,76.39856,330.71,0.5,0.41,2023-11-20,743,N20,VIIRS,n,2,298.3,3.64,D,0,VIIRS_NOAA20_SP
28.95902,70.39455,329.03,0.36,0.57,2023-11-20,743,N20,VIIRS,n,2,294.93,1.66,D,0,VIIRS_NOAA20_SP
29.03052,78.74082,331.46,0.41,0.37,2023-11-20,743,N20,VIIRS,n,2,299.77,3.84,D,0,VIIRS_NOAA20_SP
29.04532,79.0079,331.49,0.4,0.37,2023-11-20,743,N20,VIIRS,n,2,298.75,3.54,D,0,VIIRS_NOAA20_SP
29.07348,79.04063,335.5,0.4,0.37,2023-11-20,743,N20,VIIRS,n,2,298.73,3.83,D,0,VIIRS_NOAA20_SP
29.08483,79.04662,328.41,0.4,0.37,2023-11-20,743,N20,VIIRS,n,2,299.69,2.64,D,0,VIIRS_NOAA20_SP
29.0855,79.05067,331.18,0.4,0.37,2023-11-20,743,N20,VIIRS,n,2,298.5,2.64,D,0,VIIRS_NOAA20_SP
29.13794,76.14523,336.13,0.51,0.41,2023-11-20,743,N20,VIIRS,n,2,299.78,4.89,D,0,VIIRS_NOAA20_SP
29.16421,77.38729,331.28,0.45,0.39,2023-11-20,743,N20,VIIRS,n,2,297.79,4.3,D,0,VIIRS_NOAA20_SP
29.21612,76.29597,343.97,0.5,0.41,2023-11-20,743,N20,VIIRS,n,2,301.5,16.68,D,0,VIIRS_NOAA20_SP
29.22278,77.20392,329.98,0.45,0.39,2023-11-20,743,N20,VIIRS,n,2,296.12,5.63,D,0,VIIRS_NOAA20_SP
29.26899,77.60698,331.23,0.44,0.38,2023-11-20,743,N20,VIIRS,n,2,297.7,3.54,D,0,VIIRS_NOAA20_SP
29.27268,77.69721,333.63,0.44,0.38,2023-11-20,743,N20,VIIRS,n,2,297.78,2.55,D,0,VIIRS_NOAA20_SP
29.27421,77.69779,330.57,0.43,0.38,2023-11-20,743,N20,VIIRS,n,2,298.38,2.36,D,0,VIIRS_NOAA20_SP
29.33447,78.60036,328.76,0.41,0.37,2023-11-20,743,N20,VIIRS,n,2,298.62,2.01,D,0,VIIRS_NOAA20_SP
29.35533,77.72971,332.53,0.43,0.38,2023-11-20,743,N20,VIIRS,n,2,297.41,2.5,D,0,VIIRS_NOAA20_SP
29.36018,76.34528,333.81,0.49,0.4,2023-11-20,743,N20,VIIRS,n,2,299.83,5.59,D,0,VIIRS_NOAA20_SP
29.36199,76.3475,332.37,0.49,0.4,2023-11-20,743,N20,VIIRS,n,2,299.22,2.09,D,0,VIIRS_NOAA20_SP
29.3822,76.36077,334.77,0.49,0.4,2023-11-20,743,N20,VIIRS,n,2,298.79,4.17,D,0,VIIRS_NOAA20_SP
29.3872,77.49327,330.11,0.44,0.38,2023-11-20,743,N20,VIIRS,n,2,297.0,2.68,D,0,VIIRS_NOAA20_SP
29.39408,82.05486,331.59,0.4,0.37,2023-11-20,743,N20,VIIRS,l,2,305.56,18.89,D,0,VIIRS_NOAA20_SP
29.39461,82.05865,367.0,0.4,0.37,2023-11-20,743,N20,VIIRS,l,2,326.2,23.32,D,0,VIIRS_NOAA20_SP
29.39514,82.06248,336.25,0.4,0.37,2023-11-20,743,N20,VIIRS,n,2,299.72,23.32,D,0,VIIRS_NOAA20_SP
29.39792,82.05788,347.14,0.4,0.37,2023-11-20,743,N20,VIIRS,n,2,303.09,23.32,D,0,VIIRS_NOAA20_SP
29.41811,74.01913,334.21,0.43,0.46,2023-11-20,743,N20,VIIRS,n,2,295.04,4.85,D,0,VIIRS_NOAA20_SP
29.42211,76.16209,331.75,0.5,0.41,2023-11-20,743,N20,VIIRS,n,2,298.11,7.17,D,0,VIIRS_NOAA20_SP
29.44715,76.73213,331.41,0.47,0.4,2023-11-20,743,N20,VIIRS,n,2,301.28,3.6,D,0,VIIRS_NOAA20_SP
29.45841,78.62524,326.87,0.41,0.37,2023-11-20,743,N20,VIIRS,n,2,298.7,2.27,D,0,VIIRS_NOAA20_SP
29.45969,76.8906,332.83,0.46,0.39,2023-11-20,743,N20,VIIRS,n,2,297.88,2.14,D,0,VIIRS_NOAA20_SP
29.47499,75.69209,332.2,0.53,0.42,2023-11-20,743,N20,VIIRS,n,2,298.45,2.79,D,0,VIIRS_NOAA20_SP
29.48081,75.7018,335.12,0.53,0.42,2023-11-20,743,N20,VIIRS,n,2,302.64,14.94,D,0,VIIRS_NOAA20_SP
29.52996,74.57722,343.7,0.4,0.44,2023-11-20,743,N20,VIIRS,n,2,298.09,6.23,D,0,VIIRS_NOAA20_SP
29.53536,70.82339,332.02,0.33,0.55,2023-11-20,743,N20,VIIRS,n,2,295.44,2.14,D,0,VIIRS_NOAA20_SP
29.53616,74.22891,339.4,0.42,0.45,2023-11-20,743,N20,VIIRS,n,2,295.35,3.27,D,0,VIIRS_NOAA20_SP
29.53955,74.58321,350.84,0.4,0.44,2023-11-20,743,N20,VIIRS,n,2,300.55,17.88,D,0,VIIRS_NOAA20_SP
29.54874,78.34704,327.13,0.41,0.37,2023-11-20,743,N20,VIIRS,n,2,298.32,1.76,D,0,VIIRS_NOAA20_SP
29.55076,77.76115,333.84,0.43,0.38,2023-11-20,743,N20,VIIRS,n,2,296.22,3.15,D,0,VIIRS_NOAA20_SP
29.55633,74.56181,336.79,0.4,0.44,2023-11-20,743,N20,VIIRS,n,2,294.62,1.44,D,0,VIIRS_NOAA20_SP
29.56032,74.56076,336.5,0.4,0.44,2023-11-20,743,N20,VIIRS,n,2,294.43,2.61,D,0,VIIRS_NOAA20_SP
29.57054,74.50368,339.11,0.4,0.44,2023-11-20,743,N20,VIIRS,n,2,296.11,3.98,D,0,VIIRS_NOAA20_SP
29.59178,76.26781,338.41,0.49,0.4,2023-11-20,743,N20,VIIRS,n,2,300.21,9.14,D,0,VIIRS_NOAA20_SP
29.59364,75.59343,335.02,0.53,0.42,2023-11-20,743,N20,VIIRS,n,2,302.15,13.13,D,0,VIIRS_NOAA20_SP
29.59628,77.2938,332.27,0.45,0.39,2023-11-20,743,N20,VIIRS,n,2,297.45,4.15,D,0,VIIRS_NOAA20_SP
29.60429,76.17026,332.31,0.5,0.41,2023-11-20,743,N20,VIIRS,n,2,298.43,3.74,D,0,VIIRS_NOAA20_SP
29.60813,76.72628,334.54,0.47,0.4,2023-11-20,743,N20,VIIRS,n,2,299.84,3.45,D,0,VIIRS_NOAA20_SP
29.60966,78.18593,328.11,0.42,0.37,2023-11-20,743,N20,VIIRS,n,2,296.68,2.12,D,0,VIIRS_NOAA20_SP
29.61728,74.65282,336.61,0.4,0.44,2023-11-20,743,N20,VIIRS,n,2,298.5,7.21,D,0,VIIRS_NOAA20_SP
29.63857,82.08932,339.48,0.4,0.37,2023-11-20,743,N20,VIIRS,n,2,299.83,13.77,D,0,VIIRS_NOAA20_SP
29.70871,75.19823,331.4,0.55,0.43,2023-11-20,743,N20,VIIRS,n,2,299.29,3.44,D,0,VIIRS_NOAA20_SP
29.71718,77.62574,332.26,0.43,0.38,2023-11-20,743,N20,VIIRS,n,2,298.0,3.25,D,0,VIIRS_NOAA20_SP
29.72275,75.38235,334.17,0.54,0.42,2023-11-20,743,N20,VIIRS,n,2,298.77,4.39,D,0,VIIRS_NOAA20_SP
29.72353,75.88489,330.42,0.51,0.41,2023-11-20,743,N20,VIIRS,n,2,298.58,3.29,D,0,VIIRS_NOAA20_SP
29.72529,75.38577,331.41,0.54,0.42,2023-11-20,743,N20,VIIRS,n,2,297.24,5.62,D,0,VIIRS_NOAA20_SP
29.74101,75.45792,332.0,0.54,0.42,2023-11-20,743,N20,VIIRS,n,2,299.09,1.94,D,0,VIIRS_NOAA20_SP
29.75242,75.40191,334.25,0.54,0.42,2023-11-20,743,N20,VIIRS,n,2,297.97,3.72,D,0,VIIRS_NOAA20_SP
29.77683,78.1539,331.33,0.42,0.37,2023-11-20,743,N20,VIIRS,n,2,297.6,1.32,D,0,VIIRS_NOAA20_SP
29.77691,79.06484,328.91,0.4,0.37,2023-11-20,743,N20,VIIRS,n,2,293.33,4.08,D,0,VIIRS_NOAA20_SP
29.80734,75.1416,330.96,0.55,0.43,2023-11-20,743,N20,VIIRS,n,2,299.68,3.12,D,0,VIIRS_NOAA20_SP
29.83132,77.99693,330.45,0.42,0.38,2023-11-20,743,N20,VIIRS,n,2,298.42,2.28,D,0,VIIRS_NOAA20_SP
29.83692,76.07684,332.98,0.5,0.41,2023-11-20,743,N20,VIIRS,n,2,298.44,5.05,D,0,VIIRS_NOAA20_SP
29.84047,76.03343,345.39,0.5,0.41,2023-11-20,743,N20,VIIRS,n,2,299.23,8.83,D,0,VIIRS_NOAA20_SP
29.92712,75.92971,332.24,0.51,0.41,2023-11-20,743,N20,VIIRS,n,2,299.09,2.43,D,0,VIIRS_NOAA20_SP
29.93134,77.8809,331.1,0.42,0.38,2023-11-20,743,N20,VIIRS,n,2,298.66,1.66,D,0,VIIRS_NOAA20_SP
29.93472,75.97075,332.3,0.5,0.41,2023-11-20,743,N20,VIIRS,n,2,299.05,3.68,D,0,VIIRS_NOAA20_SP
29.93871,77.72305,330.04,0.43,0.38,2023-11-20,743,N20,VIIRS,n,2,297.67,1.92,D,0,VIIRS_NOAA20_SP
29.98992,74.46452,338.29,0.4,0.44,2023-11-20,743,N20,VIIRS,n,2,297.89,3.59,D,0,VIIRS_NOAA20_SP
29.99074,74.46857,330.26,0.4,0.44,2023-11-20,743,N20,VIIRS,n,2,296.5,3.11,D,0,VIIRS_NOAA20_SP
29.99634,75.69231,343.83,0.52,0.41,2023-11-20,743,N20,VIIRS,n,2,302.89,11.71,D,0,VIIRS_NOAA20_SP
29.99702,75.69477,333.82,0.52,0.41,2023-11-20,743,N20,VIIRS,n,2,304.24,13.26,D,0,VIIRS_NOAA20_SP
30.00639,75.09795,330.77,0.55,0.43,2023-11-20,743,N20,VIIRS,n,2,301.9,4.4,D,0,VIIRS_NOAA20_SP
30.00749,75.10356,331.79,0.55,0.43,2023-11-20,743,N20,VIIRS,n,2,299.19,4.4,D,0,VIIRS_NOAA20_SP
30.04251,74.45495,343.7,0.4,0.44,2023-11-20,743,N20,VIIRS,n,2,302.51,20.66,D,0,VIIRS_NOAA20_SP
30.04375,75.1237,337.96,0.55,0.43,2023-11-20,743,N20,VIIRS,n,2,299.63,6.55,D,0,VIIRS_NOAA20_SP
30.04411,71.59701,332.61,0.58,0.52,2023-11-20,743,N20,VIIRS,n,2,295.32,3.38,D,0,VIIRS_NOAA20_SP
30.0518,71.92271,337.95,0.55,0.51,2023-11-20,743,N20,VIIRS,n,2,298.3,7.99,D,0,VIIRS_NOAA20_SP
30.05501,70.68302,329.27,0.33,0.55,2023-11-20,743,N20,VIIRS,n,2,296.32,1.4,D,0,VIIRS_NOAA20_SP
30.07138,75.45076,333.43,0.53,0.42,2023-11-20,743,N20,VIIRS,n,2,298.58,6.94,D,0,VIIRS_NOAA20_SP
30.07299,75.45261,334.53,0.53,0.42,2023-11-20,743,N20,VIIRS,n,2,298.17,7.1,D,0,VIIRS_NOAA20_SP
30.07434,74.53116,339.52,0.39,0.44,2023-11-20,743,N20,VIIRS,n,2,297.04,2.88,D,0,VIIRS_NOAA20_SP
30.07688,75.04436,332.46,0.56,0.43,2023-11-20,743,N20,VIIRS,n,2,298.74,4.39,D,0,VIIRS_NOAA20_SP
30.07919,77.44939,327.73,0.44,0.38,2023-11-20,743,N20,VIIRS,n,2,298.47,1.45,D,0,VIIRS_NOAA20_SP
30.0927,74.17863,330.65,0.41,0.45,2023-11-20,743,N20,VIIRS,n,2,296.01,4.14,D,0,VIIRS_NOAA20_SP
30.09616,75.03939,331.18,0.56,0.43,2023-11-20,743,N20,VIIRS,n,2,298.26,2.31,D,0,VIIRS_NOAA20_SP
30.09825,75.19744,331.84,0.55,0.42,2023-11-20,743,N20,VIIRS,n,2,298.41,3.16,D,0,VIIRS_NOAA20_SP
30.10537,75.44217,330.99,0.53,0.42,2023-11-20,743,N20,VIIRS,n,2,298.43,3.05,D,0,VIIRS_NOAA20_SP
30.12555,76.35221,333.9,0.48,0.4,2023-11-20,743,N20,VIIRS,n,2,301.99,5.29,D,0,VIIRS_NOAA20_SP
30.12597,76.35526,342.28,0.48,0.4,2023-11-20,743,N20,VIIRS,n,2,301.07,6.81,D,0,VIIRS_NOAA20_SP
30.12897,75.14138,344.63,0.55,0.43,2023-11-20,743,N20,VIIRS,n,2,299.48,10.11,D,0,VIIRS_NOAA20_SP
30.14399,74.66328,333.5,0.39,0.44,2023-11-20,743,N20,VIIRS,n,2,297.08,2.44,D,0,VIIRS_NOAA20_SP
30.14767,75.35191,335.56,0.53,0.42,2023-11-20,743,N20,VIIRS,n,2,297.97,5.71,D,0,VIIRS_NOAA20_SP
30.15112,77.37887,338.47,0.44,0.38,2023-11-20,743,N20,VIIRS,n,2,300.07,4.75,D,0,VIIRS_NOAA20_SP
30.15179,75.21701,333.96,0.54,0.42,2023-11-20,743,N20,VIIRS,n,2,299.02,4.12,D,0,VIIRS_NOAA20_SP
30.15582,74.75746,338.07,0.57,0.43,2023-11-20,743,N20,VIIRS,n,2,298.84,6.65,D,0,VIIRS_NOAA20_SP
30.15821,74.75499,334.59,0.57,0.43,2023-11-20,743,N20,VIIRS,n,2,299.61,6.18,D,0,VIIRS_NOAA20_SP
30.16464,75.09707,331.95,0.55,0.43,2023-11-20,743,N20,VIIRS,n,2,297.5,3.32,D,0,VIIRS_NOAA20_SP
30.17538,74.88003,335.31,0.56,0.43,2023-11-20,743,N20,VIIRS,n,2,298.6,5.2,D,0,VIIRS_NOAA20_SP
30.17616,74.67961,341.01,0.39,0.44,2023-11-20,743,N20,VIIRS,n,2,299.0,5.32,D,0,VIIRS_NOAA20_SP
30.18341,73.6097,339.01,0.44,0.46,2023-11-20,743,N20,VIIRS,n,2,296.4,5.91,D,0,VIIRS_NOAA20_SP
30.1872,75.41972,334.95,0.53,0.42,2023-11-20,743,N20,VIIRS,n,2,301.35,5.49,D,0,VIIRS_NOAA20_SP
30.18734,74.20734,328.71,0.41,0.45,2023-11-20,743,N20,VIIRS,n,2,294.41,2.08,D,0,VIIRS_NOAA20_SP
30.18748,75.58385,336.76,0.52,0.42,2023-11-20,743,N20,VIIRS,n,2,304.02,35.8,D,0,VIIRS_NOAA20_SP
30.19195,74.41708,330.89,0.4,0.44,2023-11-20,743,N20,VIIRS,n,2,298.82,1.76,D,0,VIIRS_NOAA20_SP
30.19833,75.57928,341.87,0.52,0.41,2023-11-20,743,N20,VIIRS,n,2,303.38,36.7,D,0,VIIRS_NOAA20_SP
30.19872,75.58102,347.79,0.52,0.42,2023-11-20,743,N20,VIIRS,n,2,303.34,33.92,D,0,VIIRS_NOAA20_SP
30.20905,75.20238,330.24,0.54,0.42,2023-11-20,743,N20,VIIRS,n,2,300.34,3.28,D,0,VIIRS_NOAA20_SP
30.22436,74.07416,344.28,0.41,0.45,2023-11-20,743,N20,VIIRS,n,2,295.59,6.06,D,0,VIIRS_NOAA20_SP
30.22841,74.03732,336.02,0.42,0.45,2023-11-20,743,N20,VIIRS,n,2,295.54,2.66,D,0,VIIRS_NOAA20_SP
30.22978,74.0371,334.94,0.42,0.45,2023-11-20,743,N20,VIIRS,n,2,295.44,2.66,D,0,VIIRS_NOAA20_SP
30.23587,75.50856,334.87,0.52,0.42,2023-11-20,743,N20,VIIRS,n,2,297.25,6.38,D,0,VIIRS_NOAA20_SP
30.24064,75.51295,333.68,0.52,0.42,2023-11-20,743,N20,VIIRS,n,2,296.36,4.01,D,0,VIIRS_NOAA20_SP
30.26199,75.15763,336.82,0.54,0.42,2023-11-20,743,N20,VIIRS,n,2,299.44,17.17,D,0,VIIRS_NOAA20_SP
30.26237,70.6713,328.01,0.32,0.55,2023-11-20,743,N20,VIIRS,n,2,295.18,1.43,D,0,VIIRS_NOAA20_SP
30.26273,70.67088,327.98,0.32,0.55,2023-11-20,743,N20,VIIRS,n,2,295.41,1.53,D,0,VIIRS_NOAA20_SP
30.26649,75.09812,338.35,0.55,0.43,2023-11-20,743,N20,VIIRS,n,2,298.48,6.41,D,0,VIIRS_NOAA20_SP
30.27664,75.45339,342.85,0.53,0.42,2023-11-20,743,N20,VIIRS,n,2,299.63,13.72,D,0,VIIRS_NOAA20_SP
30.27916,75.45042,342.88,0.53,0.42,2023-11-20,743,N20,VIIRS,n,2,300.96,20.55,D,0,VIIRS_NOAA20_SP
30.2804,75.45244,330.26,0.53,0.42,2023-11-20,743,N20,VIIRS,n,2,297.72,5.37,D,0,VIIRS_NOAA20_SP
30.2871,73.96785,340.02,0.42,0.45,2023-11-20,743,N20,VIIRS,n,2,299.07,4.82,D,0,VIIRS_NOAA20_SP
30.28733,73.9902,332.19,0.42,0.45,2023-11-20,743,N20,VIIRS,n,2,296.6,2.67,D,0,VIIRS_NOAA20_SP
30.31493,73.97827,340.3,0.42,0.45,2023-11-20,743,N20,VIIRS,n,2,297.92,5.25,D,0,VIIRS_NOAA20_SP
30.32365,74.50409,330.86,0.39,0.44,2023-11-20,743,N20,VIIRS,n,2,297.48,1.91,D,0,VIIRS_NOAA20_SP
30.34846,75.01662,331.85,0.55,0.43,2023-11-20,743,N20,VIIRS,n,2,296.61,2.55,D,0,VIIRS_NOAA20_SP
30.35152,74.12072,347.2,0.41,0.45,2023-11-20,743,N20,VIIRS,n,2,296.21,7.09,D,0,VIIRS_NOAA20_SP
30.35159,74.11925,339.52,0.41,0.45,2023-11-20,743,N20,VIIRS,n,2,297.26,5.12,D,0,VIIRS_NOAA20_SP
30.35199,73.89346,338.2,0.42,0.45,2023-11-20,743,N20,VIIRS,n,2,299.53,5.2,D,0,VIIRS_NOAA20_SP
30.35286,73.89774,333.28,0.42,0.45,2023-11-20,743,N20,VIIRS,n,2,294.5,5.2,D,0,VIIRS_NOAA20_SP
30.3561,74.56226,332.52,0.39,0.44,2023-11-20,743,N20,VIIRS,n,2,296.82,4.34,D,0,VIIRS_NOAA20_SP
30.35677,74.0841,351.46,0.41,0.45,2023-11-20,743,N20,VIIRS,n,2,299.14,19.55,D,0,VIIRS_NOAA20_SP
30.35864,75.32845,330.15,0.53,0.42,2023-11-20,743,N20,VIIRS,n,2,297.87,3.36,D,0,VIIRS_NOAA20_SP
30.3602,74.68584,333.33,0.57,0.43,2023-11-20,743,N20,VIIRS,n,2,299.26,6.94,D,0,VIIRS_NOAA20_SP
30.36191,74.68819,332.52,0.57,0.43,2023-11-20,743,N20,VIIRS,n,2,298.83,7.44,D,0,VIIRS_NOAA20_SP
30.3828,73.93919,336.85,0.42,0.45,2023-11-20,743,N20,VIIRS,n,2,299.15,5.39,D,0,VIIRS_NOAA20_SP
30.38366,73.94345,331.11,0.42,0.45,2023-11-20,743,N20,VIIRS,n,2,293.59,5.39,D,0,VIIRS_NOAA20_SP
30.38687,73.9381,332.3,0.42,0.45,2023-11-20,743,N20,VIIRS,n,2,296.46,5.39,D,0,VIIRS_NOAA20_SP
30.38754,75.68881,342.9,0.51,0.41,2023-11-20,743,N20,VIIRS,n,2,301.24,27.32,D,0,VIIRS_NOAA20_SP
30.38773,73.94235,338.18,0.42,0.45,2023-11-20,743,N20,VIIRS,n,2,295.03,5.39,D,0,VIIRS_NOAA20_SP
30.39085,73.25581,343.72,0.46,0.47,2023-11-20,743,N20,VIIRS,n,2,295.6,5.65,D,0,VIIRS_NOAA20_SP
30.39276,73.25779,336.9,0.46,0.47,2023-11-20,743,N20,VIIRS,n,2,294.68,6.78,D,0,VIIRS_NOAA20_SP
30.39389,75.20893,331.54,0.54,0.42,2023-11-20,743,N20,VIIRS,n,2,298.39,4.16,D,0,VIIRS_NOAA20_SP
30.40291,74.18557,342.38,0.41,0.45,2023-11-20,743,N20,VIIRS,n,2,296.28,4.76,D,0,VIIRS_NOAA20_SP
30.40582,74.45719,349.18,0.39,0.44,2023-11-20,743,N20,VIIRS,n,2,304.29,23.15,D,0,VIIRS_NOAA20_SP
30.40592,73.96879,328.27,0.42,0.45,2023-11-20,743,N20,VIIRS,n,2,295.42,1.34,D,0,VIIRS_NOAA20_SP
30.42608,77.28156,332.7,0.44,0.38,2023-11-20,743,N20,VIIRS,n,2,298.61,2.47,D,0,VIIRS_NOAA20_SP
30.42865,71.88889,333.27,0.55,0.51,2023-11-20,743,N20,VIIRS,n,2,298.33,4.06,D,0,VIIRS_NOAA20_SP
30.42892,71.87489,340.74,0.55,0.51,2023-11-20,743,N20,VIIRS,n,2,296.85,6.96,D,0,VIIRS_NOAA20_SP
30.43017,75.66716,335.13,0.51,0.41,2023-11-20,743,N20,VIIRS,n,2,298.18,4.07,D,0,VIIRS_NOAA20_SP
30.43079,74.0288,340.67,0.41,0.45,2023-11-20,743,N20,VIIRS,n,2,296.31,3.88,D,0,VIIRS_NOAA20_SP
30.43081,71.8765,333.08,0.55,0.51,2023-11-20,743,N20,VIIRS,n,2,295.22,4.34,D,0,VIIRS_NOAA20_SP
30.43142,71.75551,344.98,0.55,0.51,2023-11-20,743,N20,VIIRS,n,2,296.3,8.24,D,0,VIIRS_NOAA20_SP
30.43362,74.08549,329.42,0.41,0.45,2023-11-20,743,N20,VIIRS,n,2,293.65,4.29,D,0,VIIRS_NOAA20_SP
30.43606,74.7999,343.5,0.56,0.43,2023-11-20,743,N20,VIIRS,n,2,300.74,7.5,D,0,VIIRS_NOAA20_SP
30.43994,74.79889,333.14,0.56,0.43,2023-11-20,743,N20,VIIRS,n,2,297.0,7.5,D,0,VIIRS_NOAA20_SP
30.44125,73.96014,338.05,0.42,0.45,2023-11-20,743,N20,VIIRS,n,2,299.18,7.91,D,0,VIIRS_NOAA20_SP
30.44207,75.29397,332.82,0.53,0.42,2023-11-20,743,N20,VIIRS,n,2,297.49,6.01,D,0,VIIRS_NOAA20_SP
30.44212,73.96436,338.7,0.42,0.45,2023-11-20,743,N20,VIIRS,n,2,296.41,7.91,D,0,VIIRS_NOAA20_SP
30.44738,74.09057,339.85,0.41,0.45,2023-11-20,743,N20,VIIRS,n,2,295.21,4.46,D,0,VIIRS_NOAA20_SP
30.46672,74.29362,331.15,0.4,0.44,2023-11-20,743,N20,VIIRS,n,2,294.8,2.26,D,0,VIIRS_NOAA20_SP
30.47061,75.29805,334.94,0.53,0.42,2023-11-20,743,N20,VIIRS,n,2,297.17,4.62,D,0,VIIRS_NOAA20_SP
30.47071,74.29256,331.62,0.4,0.44,2023-11-20,743,N20,VIIRS,n,2,296.47,3.45,D,0,VIIRS_NOAA20_SP
30.47248,75.29443,331.79,0.53,0.42,2023-11-20,743,N20,VIIRS,n,2,297.91,5.3,D,0,VIIRS_NOAA20_SP
30.4764,74.34228,353.64,0.4,0.44,2023-11-20,743,N20,VIIRS,n,2,298.51,11.36,D,0,VIIRS_NOAA20_SP
30.47932,74.23004,335.01,0.4,0.44,2023-11-20,743,N20,VIIRS,n,2,295.65,2.37,D,0,VIIRS_NOAA20_SP
30.48476,75.43562,332.45,0.52,0.42,2023-11-20,743,N20,VIIRS,n,2,298.35,8.76,D,0,VIIRS_NOAA20_SP
30.4852,75.3962,334.76,0.53,0.42,2023-11-20,743,N20,VIIRS,n,2,299.51,9.04,D,0,VIIRS_NOAA20_SP
30.48745,74.01882,333.55,0.41,0.45,2023-11-20,743,N20,VIIRS,n,2,295.84,2.79,D,0,VIIRS_NOAA20_SP
30.4961,75.04595,331.12,0.55,0.42,2023-11-20,743,N20,VIIRS,n,2,297.31,4.37,D,0,VIIRS_NOAA20_SP
30.50089,74.27221,335.49,0.4,0.44,2023-11-20,743,N20,VIIRS,n,2,296.35,5.03,D,0,VIIRS_NOAA20_SP
30.50096,78.63242,326.24,0.4,0.37,2023-11-20,743,N20,VIIRS,n,2,294.46,3.95,D,0,VIIRS_NOAA20_SP
30.50511,74.00076,330.73,0.41,0.45,2023-11-20,743,N20,VIIRS,n,2,294.42,1.72,D,0,VIIRS_NOAA20_SP
30.50545,76.38387,332.74,0.47,0.4,2023-11-20,743,N20,VIIRS,n,2,298.49,2.7,D,0,VIIRS_NOAA20_SP
30.50608,74.21491,328.6,0.4,0.44,2023-11-20,743,N20,VIIRS,n,2,294.28,2.22,D,0,VIIRS_NOAA20_SP
30.50644,74.74387,335.12,0.57,0.43,2023-11-20,743,N20,VIIRS,n,2,294.33,4.92,D,0,VIIRS_NOAA20_SP
30.51023,74.23536,339.4,0.4,0.44,2023-11-20,743,N20,VIIRS,n,2,295.41,4.13,D,0,VIIRS_NOAA20_SP
30.51029,75.28476,337.87,0.53,0.42,2023-11-20,743,N20,VIIRS,n,2,301.07,13.8,D,0,VIIRS_NOAA20_SP
30.51213,74.35394,332.65,0.4,0.44,2023-11-20,743,N20,VIIRS,n,2,295.04,2.5,D,0,VIIRS_NOAA20_SP
30.51527,74.05107,330.03,0.41,0.45,2023-11-20,743,N20,VIIRS,n,2,295.02,3.33,D,0,VIIRS_NOAA20_SP
30.51679,74.14266,328.11,0.41,0.45,2023-11-20,743,N20,VIIRS,n,2,295.87,2.32,D,0,VIIRS_NOAA20_SP
30.51911,75.41245,343.71,0.52,0.42,2023-11-20,743,N20,VIIRS,n,2,299.47,15.35,D,0,VIIRS_NOAA20_SP
30.5193,74.04998,337.61,0.41,0.45,2023-11-20,743,N20,VIIRS,n,2,295.7,3.33,D,0,VIIRS_NOAA20_SP
30.52286,75.4115,341.48,0.52,0.42,2023-11-20,743,N20,VIIRS,n,2,302.61,33.5,D,0,VIIRS_NOAA20_SP
30.53146,74.17351,343.63,0.4,0.44,2023-11-20,743,N20,VIIRS,n,2,298.46,9.12,D,0,VIIRS_NOAA20_SP
30.53288,74.28506,346.83,0.4,0.44,2023-11-20,743,N20,VIIRS,n,2,297.69,8.52,D,0,VIIRS_NOAA20_SP
30.54059,75.33941,332.25,0.53,0.42,2023-11-20,743,N20,VIIRS,n,2,299.88,5.37,D,0,VIIRS_NOAA20_SP
30.54162,75.3448,331.93,0.53,0.42,2023-11-20,743,N20,VIIRS,n,2,298.31,4.26,D,0,VIIRS_NOAA20_SP
30.54515,75.1554,332.61,0.54,0.42,2023-11-20,743,N20,VIIRS,n,2,297.3,5.88,D,0,VIIRS_NOAA20_SP
30.54923,74.19902,341.51,0.4,0.44,2023-11-20,743,N20,VIIRS,n,2,297.7,5.46,D,0,VIIRS_NOAA20_SP
30.55565,75.27313,332.22,0.53,0.42,2023-11-20,743,N20,VIIRS,n,2,299.74,6.59,D,0,VIIRS_NOAA20_SP
30.55704,74.36368,342.6,0.39,0.44,2023-11-20,743,N20,VIIRS,n,2,296.19,4.44,D,0,VIIRS_NOAA20_SP
30.55919,74.29085,335.03,0.4,0.44,2023-11-20,743,N20,VIIRS,n,2,296.51,2.16,D,0,VIIRS_NOAA20_SP
30.5596,74.62419,330.82,0.57,0.43,2023-11-20,743,N20,VIIRS,n,2,297.31,4.09,D,0,VIIRS_NOAA20_SP
30.56212,74.55465,339.38,0.38,0.44,2023-11-20,743,N20,VIIRS,n,2,298.45,4.29,D,0,VIIRS_NOAA20_SP
30.56383,74.84934,341.09,0.56,0.43,2023-11-20,743,N20,VIIRS,n,2,298.79,8.9,D,0,VIIRS_NOAA20_SP
30.5659,75.3893,334.98,0.52,0.42,2023-11-20,743,N20,VIIRS,n,2,298.85,4.98,D,0,VIIRS_NOAA20_SP
30.56607,74.90242,337.16,0.55,0.43,2023-11-20,743,N20,VIIRS,n,2,299.63,13.73,D,0,VIIRS_NOAA20_SP
30.5678,71.62956,329.66,0.56,0.52,2023-11-20,743,N20,VIIRS,n,2,297.54,4.39,D,0,VIIRS_NOAA20_SP
30.5684,74.56538,337.76,0.38,0.43,2023-11-20,743,N20,VIIRS,n,2,302.62,7.93,D,0,VIIRS_NOAA20_SP
30.56906,71.63525,329.38,0.56,0.52,2023-11-20,743,N20,VIIRS,n,2,295.62,4.39,D,0,VIIRS_NOAA20_SP
30.57067,74.65379,331.28,0.57,0.43,2023-11-20,743,N20,VIIRS,n,2,296.36,3.73,D,0,VIIRS_NOAA20_SP
30.57244,75.52699,331.76,0.52,0.41,2023-11-20,743,N20,VIIRS,n,2,299.12,7.32,D,0,VIIRS_NOAA20_SP
30.57325,74.65126,334.29,0.57,0.43,2023-11-20,743,N20,VIIRS,n,2,296.38,4.7,D,0,VIIRS_NOAA20_SP
30.5735,75.14648,332.24,0.54,0.42,2023-11-20,743,N20,VIIRS,n,2,296.81,3.07,D,0,VIIRS_NOAA20_SP
30.57495,75.87688,335.28,0.5,0.41,2023-11-20,743,N20,VIIRS,n,2,299.11,7.24,D,0,VIIRS_NOAA20_SP
30.57965,78.50975,340.95,0.4,0.37,2023-11-20,743,N20,VIIRS,n,2,292.42,4.35,D,0,VIIRS_NOAA20_SP
30.57991,75.52509,352.46,0.52,0.41,2023-11-20,743,N20,VIIRS,n,2,301.02,26.78,D,0,VIIRS_NOAA20_SP
30.58158,75.16746,338.42,0.54,0.42,2023-11-20,743,N20,VIIRS,n,2,300.21,11.85,D,0,VIIRS_NOAA20_SP
30.58302,75.01019,334.74,0.55,0.42,2023-11-20,743,N20,VIIRS,n,2,296.16,3.1,D,0,VIIRS_NOAA20_SP
30.58533,74.89741,340.6,0.55,0.43,2023-11-20,743,N20,VIIRS,n,2,300.21,19.86,D,0,VIIRS_NOAA20_SP
30.58877,74.56412,330.39,0.38,0.43,2023-11-20,743,N20,VIIRS,n,2,297.77,2.2,D,0,VIIRS_NOAA20_SP
30.59023,74.94356,335.89,0.55,0.43,2023-11-20,743,N20,VIIRS,n,2,299.96,13.03,D,0,VIIRS_NOAA20_SP
30.59358,74.145,335.87,0.4,0.45,2023-11-20,743,N20,VIIRS,n,2,296.85,2.99,D,0,VIIRS_NOAA20_SP
30.59424,74.31982,332.99,0.4,0.44,2023-11-20,743,N20,VIIRS,n,2,297.02,4.96,D,0,VIIRS_NOAA20_SP
30.59742,74.31472,340.33,0.4,0.44,2023-11-20,743,N20,VIIRS,n,2,295.39,3.25,D,0,VIIRS_NOAA20_SP
30.60314,75.19639,334.71,0.53,0.42,2023-11-20,743,N20,VIIRS,n,2,297.99,3.59,D,0,VIIRS_NOAA20_SP
30.60843,74.89137,334.3,0.55,0.43,2023-11-20,743,N20,VIIRS,n,2,300.22,6.91,D,0,VIIRS_NOAA20_SP
30.60852,74.88931,334.31,0.55,0.43,2023-11-20,743,N20,VIIRS,n,2,300.84,11.05,D,0,VIIRS_NOAA20_SP
30.60934,74.97987,333.46,0.55,0.43,2023-11-20,743,N20,VIIRS,n,2,296.62,5.48,D,0,VIIRS_NOAA20_SP
30.6121,74.15304,339.71,0.4,0.44,2023-11-20,743,N20,VIIRS,n,2,295.35,3.64,D,0,VIIRS_NOAA20_SP
30.61308,78.52386,325.07,0.4,0.37,2023-11-20,743,N20,VIIRS,n,2,293.85,1.59,D,0,VIIRS_NOAA20_SP
30.61326,74.09618,331.29,0.41,0.45,2023-11-20,743,N20,VIIRS,n,2,294.59,2.54,D,0,VIIRS_NOAA20_SP
30.61326,76.04835,330.53,0.49,0.4,2023-11-20,743,N20,VIIRS,n,2,298.9,1.83,D,0,VIIRS_NOAA20_SP
30.61379,76.04654,331.11,0.49,0.4,2023-11-20,743,N20,VIIRS,n,2,298.69,1.49,D,0,VIIRS_NOAA20_SP
30.61439,78.52007,325.37,0.4,0.37,2023-11-20,743,N20,VIIRS,l,2,295.88,2.47,D,0,VIIRS_NOAA20_SP
30.617,74.97787,331.29,0.55,0.43,2023-11-20,743,N20,VIIRS,n,2,296.21,5.38,D,0,VIIRS_NOAA20_SP
30.62104,75.18603,338.59,0.53,0.42,2023-11-20,743,N20,VIIRS,n,2,300.8,15.88,D,0,VIIRS_NOAA20_SP
30.62396,75.24251,330.91,0.53,0.42,2023-11-20,743,N20,VIIRS,n,2,296.89,3.57,D,0,VIIRS_NOAA20_SP
30.62423,74.29585,339.88,0.4,0.44,2023-11-20,743,N20,VIIRS,n,2,297.59,5.41,D,0,VIIRS_NOAA20_SP
30.62684,75.29859,332.54,0.53,0.42,2023-11-20,743,N20,VIIRS,n,2,298.74,7.47,D,0,VIIRS_NOAA20_SP
30.62867,74.23487,335.22,0.4,0.44,2023-11-20,743,N20,VIIRS,n,2,296.16,2.83,D,0,VIIRS_NOAA20_SP
30.62975,76.36119,341.59,0.47,0.4,2023-11-20,743,N20,VIIRS,n,2,301.58,8.14,D,0,VIIRS_NOAA20_SP
30.6377,74.89361,329.88,0.55,0.43,2023-11-20,743,N20,VIIRS,n,2,298.5,5.66,D,0,VIIRS_NOAA20_SP
30.63881,74.89925,331.11,0.55,0.43,2023-11-20,743,N20,VIIRS,n,2,296.02,7.35,D,0,VIIRS_NOAA20_SP
30.64273,74.93965,330.68,0.55,0.43,2023-11-20,743,N20,VIIRS,n,2,295.99,3.11,D,0,VIIRS_NOAA20_SP
30.64545,72.24451,339.05,0.51,0.5,2023-11-20,743,N20,VIIRS,n,2,298.0,4.13,D,0,VIIRS_NOAA20_SP
30.64641,75.65092,335.73,0.51,0.41,2023-11-20,743,N20,VIIRS,n,2,300.29,9.49,D,0,VIIRS_NOAA20_SP
30.64713,75.64874,336.96,0.51,0.41,2023-11-20,743,N20,VIIRS,n,2,300.63,7.32,D,0,VIIRS_NOAA20_SP
30.64866,74.68025,335.74,0.57,0.43,2023-11-20,743,N20,VIIRS,n,2,300.89,27.18,D,0,VIIRS_NOAA20_SP
30.65229,74.53075,350.19,0.38,0.44,2023-11-20,743,N20,VIIRS,n,2,301.49,7.56,D,0,VIIRS_NOAA20_SP
30.65458,72.28616,331.35,0.51,0.49,2023-11-20,743,N20,VIIRS,n,2,297.79,3.21,D,0,VIIRS_NOAA20_SP
30.66245,75.21548,330.82,0.53,0.42,2023-11-20,743,N20,VIIRS,n,2,296.39,2.97,D,0,VIIRS_NOAA20_SP
30.67312,75.22986,344.13,0.53,0.42,2023-11-20,743,N20,VIIRS,n,2,298.59,8.02,D,0,VIIRS_NOAA20_SP
30.67336,74.24857,339.36,0.4,0.44,2023-11-20,743,N20,VIIRS,n,2,296.18,4.91,D,0,VIIRS_NOAA20_SP
30.67621,75.23251,331.18,0.53,0.42,2023-11-20,743,N20,VIIRS,n,2,296.38,10.38,D,0,VIIRS_NOAA20_SP
30.69148,74.9623,337.14,0.55,0.42,2023-11-20,743,N20,VIIRS,n,2,298.4,5.97,D,0,VIIRS_NOAA20_SP
30.6973,74.28481,330.44,0.4,0.44,2023-11-20,743,N20,VIIRS,n,2,295.87,2.52,D,0,VIIRS_NOAA20_SP
30.71074,75.10308,329.55,0.54,0.42,2023-11-20,743,N20,VIIRS,n,2,297.44,3.12,D,0,VIIRS_NOAA20_SP
30.71786,74.45193,328.41,0.39,0.44,2023-11-20,743,N20,VIIRS,n,2,300.11,5.12,D,0,VIIRS_NOAA20_SP
30.71806,74.23715,332.36,0.4,0.44,2023-11-20,743,N20,VIIRS,n,2,295.4,3.12,D,0,VIIRS_NOAA20_SP
30.71861,75.26711,329.45,0.53,0.42,2023-11-20,743,N20,VIIRS,n,2,298.46,2.99,D,0,VIIRS_NOAA20_SP
30.71864,74.45588,340.19,0.39,0.44,2023-11-20,743,N20,VIIRS,n,2,297.05,6.83,D,0,VIIRS_NOAA20_SP
30.72943,75.98067,333.81,0.49,0.4,2023-11-20,743,N20,VIIRS,n,2,299.48,3.64,D,0,VIIRS_NOAA20_SP
30.73265,75.25782,337.02,0.53,0.42,2023-11-20,743,N20,VIIRS,n,2,297.72,7.77,D,0,VIIRS_NOAA20_SP
30.73672,75.97884,335.57,0.49,0.4,2023-11-20,743,N20,VIIRS,n,2,302.88,8.41,D,0,VIIRS_NOAA20_SP
30.74348,75.06562,342.51,0.54,0.42,2023-11-20,743,N20,VIIRS,n,2,303.66,25.51,D,0,VIIRS_NOAA20_SP
30.74496,75.0942,334.79,0.54,0.42,2023-11-20,743,N20,VIIRS,n,2,299.05,9.33,D,0,VIIRS_NOAA20_SP
30.7629,74.84741,332.49,0.55,0.43,2023-11-20,743,N20,VIIRS,n,2,300.01,14.21,D,0,VIIRS_NOAA20_SP
30.77661,74.814,333.27,0.56,0.43,2023-11-20,743,N20,VIIRS,n,2,299.99,5.7,D,0,VIIRS_NOAA20_SP
30.78029,75.27956,331.02,0.53,0.42,2023-11-20,743,N20,VIIRS,n,2,297.39,5.55,D,0,VIIRS_NOAA20_SP
30.78355,74.33426,338.32,0.39,0.44,2023-11-20,743,N20,VIIRS,n,2,299.23,7.87,D,0,VIIRS_NOAA20_SP
30.78422,73.70736,337.03,0.42,0.45,2023-11-20,743,N20,VIIRS,n,2,297.93,5.4,D,0,VIIRS_NOAA20_SP
30.78664,76.35442,336.95,0.47,0.4,2023-11-20,743,N20,VIIRS,n,2,300.05,3.67,D,0,VIIRS_NOAA20_SP
30.78764,75.40124,331.43,0.52,0.41,2023-11-20,743,N20,VIIRS,n,2,297.7,2.31,D,0,VIIRS_NOAA20_SP
30.78781,75.72977,334.33,0.5,0.41,2023-11-20,743,N20,VIIRS,n,2,296.79,5.93,D,0,VIIRS_NOAA20_SP
30.78824,76.35669,334.11,0.47,0.4,2023-11-20,743,N20,VIIRS,n,2,302.37,13.61,D,0,VIIRS_NOAA20_SP
30.80253,74.34604,339.79,0.39,0.44,2023-11-20,743,N20,VIIRS,n,2,297.62,5.2,D,0,VIIRS_NOAA20_SP
30.80571,74.42477,339.05,0.39,0.44,2023-11-20,743,N20,VIIRS,n,2,296.94,5.73,D,0,VIIRS_NOAA20_SP
30.80751,75.07631,334.83,0.54,0.42,2023-11-20,743,N20,VIIRS,n,2,298.95,5.9,D,0,VIIRS_NOAA20_SP
30.81801,75.92962,329.96,0.49,0.4,2023-11-20,743,N20,VIIRS,n,2,298.55,3.4,D,0,VIIRS_NOAA20_SP
30.81864,75.92686,332.74,0.49,0.4,2023-11-20,743,N20,VIIRS,n,2,297.33,2.14,D,0,VIIRS_NOAA20_SP
30.81901,75.27903,333.22,0.53,0.42,2023-11-20,743,N20,VIIRS,n,2,298.38,4.49,D,0,VIIRS_NOAA20_SP
30.81947,74.7829,332.44,0.56,0.43,2023-11-20,743,N20,VIIRS,n,2,300.47,3.82,D,0,VIIRS_NOAA20_SP
30.8248,75.45289,332.12,0.52,0.41,2023-11-20,743,N20,VIIRS,n,2,298.13,11.5,D,0,VIIRS_NOAA20_SP
30.82788,74.99543,334.12,0.54,0.42,2023-11-20,743,N20,VIIRS,n,2,298.38,5.14,D,0,VIIRS_NOAA20_SP
30.82831,75.71954,330.62,0.5,0.41,2023-11-20,743,N20,VIIRS,n,2,296.38,3.95,D,0,VIIRS_NOAA20_SP
30.84048,74.6629,341.68,0.56,0.43,2023-11-20,743,N20,VIIRS,n,2,300.55,9.8,D,0,VIIRS_NOAA20_SP
30.84306,75.36279,333.09,0.52,0.42,2023-11-20,743,N20,VIIRS,n,2,299.8,3.66,D,0,VIIRS_NOAA20_SP
30.85164,74.67814,333.74,0.56,0.43,2023-11-20,743,N20,VIIRS,n,2,300.05,7.6,D,0,VIIRS_NOAA20_SP
30.85453,75.77728,332.41,0.5,0.41,2023-11-20,743,N20,VIIRS,n,2,299.06,3.7,D,0,VIIRS_NOAA20_SP
30.85832,75.25762,333.59,0.53,0.42,2023-11-20,743,N20,VIIRS,n,2,295.81,8.08,D,0,VIIRS_NOAA20_SP
30.86072,74.41831,343.92,0.39,0.44,2023-11-20,743,N20,VIIRS,n,2,296.91,6.56,D,0,VIIRS_NOAA20_SP
30.86144,75.33568,334.83,0.52,0.42,2023-11-20,743,N20,VIIRS,n,2,297.61,4.2,D,0,VIIRS_NOAA20_SP
30.86472,75.79073,331.34,0.5,0.41,2023-11-20,743,N20,VIIRS,n,2,297.32,3.78,D,0,VIIRS_NOAA20_SP
30.86968,74.81152,336.4,0.55,0.43,2023-11-20,743,N20,VIIRS,n,2,299.82,7.28,D,0,VIIRS_NOAA20_SP
30.87364,75.15121,334.79,0.53,0.42,2023-11-20,743,N20,VIIRS,n,2,300.23,10.68,D,0,VIIRS_NOAA20_SP
30.87743,75.15023,334.45,0.53,0.42,2023-11-20,743,N20,VIIRS,n,2,297.14,10.68,D,0,VIIRS_NOAA20_SP
30.87886,74.71323,332.93,0.56,0.43,2023-11-20,743,N20,VIIRS,n,2,298.16,4.1,D,0,VIIRS_NOAA20_SP
30.88005,74.76098,330.51,0.56,0.43,2023-11-20,743,N20,VIIRS,n,2,298.88,2.88,D,0,VIIRS_NOAA20_SP
30.89043,75.041,344.89,0.54,0.42,2023-11-20,743,N20,VIIRS,n,2,300.01,9.99,D,0,VIIRS_NOAA20_SP
30.89487,75.3046,329.23,0.52,0.42,2023-11-20,743,N20,VIIRS,n,2,297.23,2.18,D,0,VIIRS_NOAA20_SP
30.89599,75.18541,334.13,0.53,0.42,2023-11-20,743,N20,VIIRS,n,2,299.02,3.66,D,0,VIIRS_NOAA20_SP
30.89735,75.09695,334.29,0.53,0.42,2023-11-20,743,N20,VIIRS,n,2,297.44,18.39,D,0,VIIRS_NOAA20_SP
30.89851,75.3653,330.2,0.52,0.41,2023-11-20,743,N20,VIIRS,n,2,298.34,2.36,D,0,VIIRS_NOAA20_SP
30.90308,75.2856,335.05,0.52,0.42,2023-11-20,743,N20,VIIRS,n,2,297.66,7.19,D,0,VIIRS_NOAA20_SP
30.90815,75.31242,332.15,0.52,0.42,2023-11-20,743,N20,VIIRS,n,2,298.32,3.79,D,0,VIIRS_NOAA20_SP
30.90876,74.51404,331.35,0.57,0.43,2023-11-20,743,N20,VIIRS,n,2,295.74,4.49,D,0,VIIRS_NOAA20_SP
30.9152,75.34983,331.89,0.52,0.41,2023-11-20,743,N20,VIIRS,n,2,297.38,2.67,D,0,VIIRS_NOAA20_SP
30.92182,74.72352,331.5,0.56,0.43,2023-11-20,743,N20,VIIRS,n,2,298.64,2.64,D,0,VIIRS_NOAA20_SP
30.92194,74.72591,332.9,0.56,0.43,2023-11-20,743,N20,VIIRS,n,2,297.86,3.77,D,0,VIIRS_NOAA20_SP
30.93568,75.10998,343.39,0.53,0.42,2023-11-20,743,N20,VIIRS,n,2,300.93,10.62,D,0,VIIRS_NOAA20_SP
30.93947,75.10899,342.1,0.53,0.42,2023-11-20,743,N20,VIIRS,n,2,298.77,10.62,D,0,VIIRS_NOAA20_SP
30.9608,76.10498,332.09,0.48,0.4,2023-11-20,743,N20,VIIRS,n,2,299.74,1.84,D,0,VIIRS_NOAA20_SP
30.96102,76.1073,332.03,0.48,0.4,2023-11-20,743,N20,VIIRS,n,2,299.04,2.42,D,0,VIIRS_NOAA20_SP
30.97304,75.30463,331.24,0.52,0.42,2023-11-20,743,N20,VIIRS,n,2,296.7,3.74,D,0,VIIRS_NOAA20_SP
30.97585,77.88594,332.81,0.41,0.37,2023-11-20,743,N20,VIIRS,n,2,294.97,4.27,D,0,VIIRS_NOAA20_SP
30.97611,75.25884,332.78,0.52,0.42,2023-11-20,743,N20,VIIRS,n,2,298.08,5.38,D,0,VIIRS_NOAA20_SP
30.98391,75.34103,329.31,0.52,0.41,2023-11-20,743,N20,VIIRS,n,2,296.94,2.43,D,0,VIIRS_NOAA20_SP
30.98468,75.12324,329.91,0.53,0.42,2023-11-20,743,N20,VIIRS,n,2,296.84,17.58,D,0,VIIRS_NOAA20_SP
30.98702,75.171,337.58,0.53,0.42,2023-11-20,743,N20,VIIRS,n,2,301.03,13.94,D,0,VIIRS_NOAA20_SP
30.98769,77.81113,330.51,0.42,0.37,2023-11-20,743,N20,VIIRS,n,2,293.52,4.27,D,0,VIIRS_NOAA20_SP
30.98837,75.1364,335.88,0.53,0.42,2023-11-20,743,N20,VIIRS,l,2,308.65,116.16,D,0,VIIRS_NOAA20_SP
30.99661,75.11708,329.38,0.53,0.42,2023-11-20,743,N20,VIIRS,n,2,296.25,2.75,D,0,VIIRS_NOAA20_SP
30.9998,75.11932,339.08,0.53,0.42,2023-11-20,743,N20,VIIRS,n,2,297.62,4.37,D,0,VIIRS_NOAA20_SP
31.00074,74.89878,331.34,0.54,0.42,2023-11-20,743,N20,VIIRS,n,2,298.67,4.7,D,0,VIIRS_NOAA20_SP
31.00496,75.18639,331.35,0.53,0.42,2023-11-20,743,N20,VIIRS,n,2,297.59,4.07,D,0,VIIRS_NOAA20_SP
31.00518,75.18335,343.57,0.53,0.42,2023-11-20,743,N20,VIIRS,n,2,297.41,6.73,D,0,VIIRS_NOAA20_SP
31.01031,75.0303,328.5,0.54,0.42,2023-11-20,743,N20,VIIRS,n,2,296.23,1.95,D,0,VIIRS_NOAA20_SP
31.0215,75.21047,333.43,0.53,0.42,2023-11-20,743,N20,VIIRS,n,2,298.08,7.56,D,0,VIIRS_NOAA20_SP
31.02203,75.09063,333.53,0.53,0.42,2023-11-20,743,N20,VIIRS,n,2,297.42,8.38,D,0,VIIRS_NOAA20_SP
31.0283,75.53407,329.88,0.51,0.41,2023-11-20,743,N20,VIIRS,n,2,298.57,2.25,D,0,VIIRS_NOAA20_SP
31.02985,75.1515,331.24,0.53,0.42,2023-11-20,743,N20,VIIRS,n,2,295.99,3.24,D,0,VIIRS_NOAA20_SP
31.03189,78.03072,340.91,0.41,0.37,2023-11-20,743,N20,VIIRS,n,2,298.84,3.71,D,0,VIIRS_NOAA20_SP
31.0353,78.03021,329.1,0.41,0.37,2023-11-20,743,N20,VIIRS,n,2,293.77,3.71,D,0,VIIRS_NOAA20_SP
31.03634,75.14412,333.23,0.53,0.42,2023-11-20,743,N20,VIIRS,n,2,297.51,4.24,D,0,VIIRS_NOAA20_SP
31.03907,75.1377,332.04,0.53,0.42,2023-11-20,743,N20,VIIRS,n,2,298.73,21.84,D,0,VIIRS_NOAA20_SP
31.04807,75.16386,337.2,0.53,0.42,2023-11-20,743,N20,VIIRS,n,2,303.13,31.84,D,0,VIIRS_NOAA20_SP
31.05602,74.80549,333.83,0.55,0.43,2023-11-20,743,N20,VIIRS,n,2,297.83,9.65,D,0,VIIRS_NOAA20_SP
31.05753,75.11004,331.35,0.53,0.42,2023-11-20,743,N20,VIIRS,n,2,296.46,3.01,D,0,VIIRS_NOAA20_SP
31.05985,75.08078,342.27,0.53,0.42,2023-11-20,743,N20,VIIRS,n,2,304.44,40.52,D,0,VIIRS_NOAA20_SP
31.07704,75.51872,333.4,0.51,0.41,2023-11-20,743,N20,VIIRS,n,2,297.21,4.36,D,0,VIIRS_NOAA20_SP
31.09293,75.12939,337.16,0.53,0.42,2023-11-20,743,N20,VIIRS,n,2,297.01,6.62,D,0,VIIRS_NOAA20_SP
31.10372,75.57726,331.33,0.5,0.41,2023-11-20,743,N20,VIIRS,n,2,297.41,2.81,D,0,VIIRS_NOAA20_SP
31.10803,78.42577,339.58,0.4,0.37,2023-11-20,743,N20,VIIRS,n,2,301.98,16.92,D,0,VIIRS_NOAA20_SP
31.1218,75.3027,334.25,0.52,0.41,2023-11-20,743,N20,VIIRS,n,2,297.89,3.57,D,0,VIIRS_NOAA20_SP
31.12324,75.2687,344.45,0.52,0.42,2023-11-20,743,N20,VIIRS,n,2,299.8,16.3,D,0,VIIRS_NOAA20_SP
31.12353,75.2719,351.61,0.52,0.41,2023-11-20,743,N20,VIIRS,n,2,299.55,22.22,D,0,VIIRS_NOAA20_SP
31.12424,75.27406,345.8,0.52,0.42,2023-11-20,743,N20,VIIRS,n,2,296.85,16.3,D,0,VIIRS_NOAA20_SP
31.12728,75.27094,342.2,0.52,0.41,2023-11-20,743,N20,VIIRS,n,2,299.66,22.22,D,0,VIIRS_NOAA20_SP
31.12799,75.27309,342.54,0.52,0.42,2023-11-20,743,N20,VIIRS,n,2,300.01,16.3,D,0,VIIRS_NOAA20_SP
31.1492,75.18074,334.87,0.52,0.42,2023-11-20,743,N20,VIIRS,n,2,297.78,8.34,D,0,VIIRS_NOAA20_SP
31.17383,76.25865,334.01,0.47,0.4,2023-11-20,743,N20,VIIRS,n,2,298.72,3.17,D,0,VIIRS_NOAA20_SP
31.17616,75.15672,334.9,0.53,0.42,2023-11-20,743,N20,VIIRS,n,2,296.31,2.83,D,0,VIIRS_NOAA20_SP
31.17993,75.15575,339.72,0.53,0.42,2023-11-20,743,N20,VIIRS,n,2,297.7,5.17,D,0,VIIRS_NOAA20_SP
31.1912,75.6227,333.81,0.5,0.41,2023-11-20,743,N20,VIIRS,n,2,299.41,5.9,D,0,VIIRS_NOAA20_SP
31.19291,75.141,331.24,0.53,0.42,2023-11-20,743,N20,VIIRS,n,2,296.54,2.93,D,0,VIIRS_NOAA20_SP
31.19368,75.62458,339.55,0.5,0.41,2023-11-20,743,N20,VIIRS,n,2,299.25,7.12,D,0,VIIRS_NOAA20_SP
31.22971,75.8049,331.85,0.49,0.4,2023-11-20,743,N20,VIIRS,n,2,299.74,2.76,D,0,VIIRS_NOAA20_SP
31.34284,75.83948,329.38,0.49,0.4,2023-11-20,743,N20,VIIRS,n,2,297.77,1.83,D,0,VIIRS_NOAA20_SP
31.34648,75.83855,327.77,0.49,0.4,2023-11-20,743,N20,VIIRS,l,2,298.58,2.72,D,0,VIIRS_NOAA20_SP
31.34654,75.84153,335.29,0.49,0.4,2023-11-20,743,N20,VIIRS,n,2,298.48,7.47,D,0,VIIRS_NOAA20_SP
31.4467,78.28365,346.1,0.4,0.37,2023-11-20,743,N20,VIIRS,n,2,298.52,6.02,D,0,VIIRS_NOAA20_SP
30.57131,70.66548,367.0,0.32,0.55,2023-11-20,744,N20,VIIRS,h,2,300.4,13.6,D,0,VIIRS_NOAA20_SP
30.63569,71.70364,341.69,0.55,0.51,2023-11-20,744,N20,VIIRS,n,2,297.58,5.71,D,0,VIIRS_NOAA20_SP
30.64861,71.78305,330.0,0.55,0.51,2023-11-20,744,N20,VIIRS,n,2,296.88,7.11,D,0,VIIRS_NOAA20_SP
30.65982,71.7679,328.91,0.55,0.51,2023-11-20,744,N20,VIIRS,n,2,295.49,4.05,D,0,VIIRS_NOAA20_SP
30.68918,71.98656,333.57,0.53,0.5,2023-11-20,744,N20,VIIRS,n,2,295.86,2.17,D,0,VIIRS_NOAA20_SP
30.70095,71.9313,339.31,0.54,0.5,2023-11-20,744,N20,VIIRS,n,2,297.84,4.07,D,0,VIIRS_NOAA20_SP
30.74601,72.02712,340.37,0.53,0.5,2023-11-20,744,N20,VIIRS,n,2,296.09,6.94,D,0,VIIRS_NOAA20_SP
30.86819,71.94958,339.49,0.53,0.5,2023-11-20,744,N20,VIIRS,n,2,295.94,3.04,D,0,VIIRS_NOAA20_SP
30.893,71.9537,331.9,0.53,0.5,2023-11-20,744,N20,VIIRS,n,2,296.29,3.67,D,0,VIIRS_NOAA20_SP
30.89493,72.69576,344.48,0.48,0.48,2023-11-20,744,N20,VIIRS,n,2,298.47,12.31,D,0,VIIRS_NOAA20_SP
30.94081,71.8438,331.23,0.54,0.5,2023-11-20,744,N20,VIIRS,n,2,297.76,2.32,D,0,VIIRS_NOAA20_SP
30.96195,72.22169,341.45,0.51,0.49,2023-11-20,744,N20,VIIRS,n,2,299.18,8.86,D,0,VIIRS_NOAA20_SP
30.96898,71.86282,328.56,0.53,0.5,2023-11-20,744,N20,VIIRS,l,2,299.48,1.99,D,0,VIIRS_NOAA20_SP
31.05672,72.21413,342.04,0.51,0.49,2023-11-20,744,N20,VIIRS,n,2,297.76,6.84,D,0,VIIRS_NOAA20_SP
31.05919,72.21526,341.71,0.51,0.49,2023-11-20,744,N20,VIIRS,n,2,298.43,5.14,D,0,VIIRS_NOAA20_SP
31.06106,73.65796,338.64,0.42,0.45,2023-11-20,744,N20,VIIRS,n,2,295.93,3.52,D,0,VIIRS_NOAA20_SP
31.09291,70.42014,367.0,0.32,0.55,2023-11-20,744,N20,VIIRS,h,2,307.49,10.73,D,0,VIIRS_NOAA20_SP
31.09337,70.41815,348.51,0.32,0.55,2023-11-20,744,N20,VIIRS,n,2,303.59,12.75,D,0,VIIRS_NOAA20_SP
31.09361,70.42321,331.96,0.32,0.55,2023-11-20,744,N20,VIIRS,n,2,298.93,10.73,D,0,VIIRS_NOAA20_SP
31.0941,70.42123,367.0,0.32,0.55,2023-11-20,744,N20,VIIRS,h,2,299.91,12.75,D,0,VIIRS_NOAA20_SP
31.15103,73.74158,343.52,0.41,0.45,2023-11-20,744,N20,VIIRS,n,2,296.98,5.09,D,0,VIIRS_NOAA20_SP
31.16235,73.67694,332.91,0.42,0.45,2023-11-20,744,N20,VIIRS,n,2,295.08,3.07,D,0,VIIRS_NOAA20_SP
31.18525,70.87528,336.8,0.6,0.53,2023-11-20,744,N20,VIIRS,n,2,296.14,5.72,D,0,VIIRS_NOAA20_SP
31.18669,70.87715,336.07,0.6,0.53,2023-11-20,744,N20,VIIRS,n,2,295.33,7.53,D,0,VIIRS_NOAA20_SP
31.19515,74.25506,339.27,0.39,0.44,2023-11-20,744,N20,VIIRS,n,2,298.41,4.23,D,0,VIIRS_NOAA20_SP
31.19582,73.56757,346.83,0.42,0.45,2023-11-20,744,N20,VIIRS,n,2,296.64,5.87,D,0,VIIRS_NOAA20_SP
31.19595,74.25905,329.83,0.39,0.44,2023-11-20,744,N20,VIIRS,n,2,296.82,4.23,D,0,VIIRS_NOAA20_SP
31.19674,74.26302,342.26,0.39,0.44,2023-11-20,744,N20,VIIRS,n,2,296.99,3.76,D,0,VIIRS_NOAA20_SP
31.20265,73.64319,338.91,0.42,0.45,2023-11-20,744,N20,VIIRS,n,2,297.23,5.75,D,0,VIIRS_NOAA20_SP
31.22687,70.90161,338.56,0.6,0.53,2023-11-20,744,N20,VIIRS,n,2,295.47,3.91,D,0,VIIRS_NOAA20_SP
31.23081,73.54865,343.17,0.42,0.45,2023-11-20,744,N20,VIIRS,n,2,301.06,12.25,D,0,VIIRS_NOAA20_SP
31.23169,73.55299,327.83,0.42,0.45,2023-11-20,744,N20,VIIRS,n,2,296.14,5.62,D,0,VIIRS_NOAA20_SP
31.23274,73.54826,348.36,0.42,0.45,2023-11-20,744,N20,VIIRS,n,2,303.56,13.69,D,0,VIIRS_NOAA20_SP
31.23726,73.56989,342.34,0.42,0.45,2023-11-20,744,N20,VIIRS,n,2,296.49,5.28,D,0,VIIRS_NOAA20_SP
31.25591,74.13384,353.83,0.39,0.44,2023-11-20,744,N20,VIIRS,n,2,297.93,8.13,D,0,VIIRS_NOAA20_SP
31.2667,73.56628,332.04,0.42,0.45,2023-11-20,744,N20,VIIRS,n,2,297.32,2.95,D,0,VIIRS_NOAA20_SP
31.32698,73.73478,338.93,0.41,0.45,2023-11-20,744,N20,VIIRS,n,2,297.98,4.48,D,0,VIIRS_NOAA20_SP
31.33712,73.84728,339.53,0.41,0.45,2023-11-20,744,N20,VIIRS,n,2,297.83,5.25,D,0,VIIRS_NOAA20_SP
31.34167,72.20819,339.72,0.5,0.49,2023-11-20,744,N20,VIIRS,n,2,299.76,4.34,D,0,VIIRS_NOAA20_SP
31.34702,73.79154,336.56,0.41,0.45,2023-11-20,744,N20,VIIRS,n,2,298.29,3.8,D,0,VIIRS_NOAA20_SP
31.35181,73.71001,342.04,0.41,0.45,2023-11-20,744,N20,VIIRS,n,2,299.82,11.19,D,0,VIIRS_NOAA20_SP
31.35586,73.70889,340.61,0.41,0.45,2023-11-20,744,N20,VIIRS,n,2,298.85,11.19,D,0,VIIRS_NOAA20_SP
31.37326,72.16904,336.56,0.5,0.49,2023-11-20,744,N20,VIIRS,n,2,297.53,4.31,D,0,VIIRS_NOAA20_SP
31.37567,72.17092,338.2,0.5,0.49,2023-11-20,744,N20,VIIRS,n,2,297.21,3.33,D,0,VIIRS_NOAA20_SP
31.38334,72.20679,331.86,0.5,0.49,2023-11-20,744,N20,VIIRS,n,2,299.27,3.32,D,0,VIIRS_NOAA20_SP
31.38555,72.17345,328.88,0.5,0.49,2023-11-20,744,N20,VIIRS,n,2,298.88,2.82,D,0,VIIRS_NOAA20_SP
31.38682,75.23313,331.06,0.52,0.41,2023-11-20,744,N20,VIIRS,n,2,296.74,3.94,D,0,VIIRS_NOAA20_SP
31.41948,73.64796,332.64,0.41,0.45,2023-11-20,744,N20,VIIRS,n,2,296.9,2.85,D,0,VIIRS_NOAA20_SP
31.42288,73.78973,332.48,0.41,0.45,2023-11-20,744,N20,VIIRS,n,2,301.95,9.65,D,0,VIIRS_NOAA20_SP
31.42373,73.79391,339.41,0.41,0.45,2023-11-20,744,N20,VIIRS,n,2,297.95,9.65,D,0,VIIRS_NOAA20_SP
31.42593,75.35629,340.79,0.51,0.41,2023-11-20,744,N20,VIIRS,n,2,298.31,10.41,D,0,VIIRS_NOAA20_SP
31.42862,72.37866,328.62,0.49,0.48,2023-11-20,744,N20,VIIRS,n,2,296.12,6.02,D,0,VIIRS_NOAA20_SP
31.42963,75.35532,331.15,0.51,0.41,2023-11-20,744,N20,VIIRS,n,2,296.49,3.68,D,0,VIIRS_NOAA20_SP
31.4316,72.20086,338.43,0.5,0.49,2023-11-20,744,N20,VIIRS,n,2,299.43,5.61,D,0,VIIRS_NOAA20_SP
31.43484,73.93099,340.31,0.4,0.44,2023-11-20,744,N20,VIIRS,n,2,298.66,3.08,D,0,VIIRS_NOAA20_SP
31.4503,72.2656,341.55,0.49,0.49,2023-11-20,744,N20,VIIRS,n,2,300.18,6.85,D,0,VIIRS_NOAA20_SP
31.46618,73.85699,329.98,0.4,0.44,2023-11-20,744,N20,VIIRS,n,2,297.11,1.36,D,0,VIIRS_NOAA20_SP
31.47268,73.86832,340.04,0.4,0.44,2023-11-20,744,N20,VIIRS,n,2,299.92,8.85,D,0,VIIRS_NOAA20_SP
31.48735,72.12131,354.95,0.5,0.49,2023-11-20,744,N20,VIIRS,n,2,301.07,9.01,D,0,VIIRS_NOAA20_SP
31.50102,73.79903,334.72,0.41,0.45,2023-11-20,744,N20,VIIRS,n,2,298.45,3.17,D,0,VIIRS_NOAA20_SP
31.50106,73.79989,328.83,0.41,0.45,2023-11-20,744,N20,VIIRS,n,2,298.58,3.08,D,0,VIIRS_NOAA20_SP
31.50897,72.32328,330.69,0.49,0.48,2023-11-20,744,N20,VIIRS,n,2,298.98,3.83,D,0,VIIRS_NOAA20_SP
31.50917,74.64787,333.02,0.55,0.43,2023-11-20,744,N20,VIIRS,n,2,298.99,5.76,D,0,VIIRS_NOAA20_SP
31.51243,73.96164,327.91,0.4,0.44,2023-11-20,744,N20,VIIRS,n,2,299.04,1.27,D,0,VIIRS_NOAA20_SP
31.52144,73.46146,331.41,0.42,0.45,2023-11-20,744,N20,VIIRS,n,2,295.36,2.11,D,0,VIIRS_NOAA20_SP
31.52383,72.39313,334.99,0.48,0.48,2023-11-20,744,N20,VIIRS,n,2,296.5,3.23,D,0,VIIRS_NOAA20_SP
31.52477,72.41917,340.15,0.48,0.48,2023-11-20,744,N20,VIIRS,n,2,298.05,4.63,D,0,VIIRS_NOAA20_SP
31.52552,73.46032,327.01,0.42,0.45,2023-11-20,744,N20,VIIRS,n,2,296.66,2.11,D,0,VIIRS_NOAA20_SP
31.55234,72.46008,345.69,0.48,0.48,2023-11-20,744,N20,VIIRS,n,2,296.4,7.21,D,0,VIIRS_NOAA20_SP
31.59131,72.38583,339.23,0.48,0.48,2023-11-20,744,N20,VIIRS,n,2,297.28,5.74,D,0,VIIRS_NOAA20_SP
31.60151,72.17461,334.2,0.5,0.49,2023-11-20,744,N20,VIIRS,n,2,299.9,2.3,D,0,VIIRS_NOAA20_SP
31.60399,72.17121,344.12,0.5,0.49,2023-11-20,744,N20,VIIRS,n,2,298.68,5.83,D,0,VIIRS_NOAA20_SP
31.60589,72.17332,328.67,0.5,0.49,2023-11-20,744,N20,VIIRS,n,2,298.59,2.3,D,0,VIIRS_NOAA20_SP
31.63507,70.66566,332.63,0.6,0.53,2023-11-20,744,N20,VIIRS,n,2,297.29,5.12,D,0,VIIRS_NOAA20_SP
31.64812,72.43736,328.96,0.48,0.48,2023-11-20,744,N20,VIIRS,n,2,295.72,2.91,D,0,VIIRS_NOAA20_SP
31.65327,72.22671,341.21,0.49,0.49,2023-11-20,744,N20,VIIRS,n,2,302.45,10.5,D,0,VIIRS_NOAA20_SP
31.65548,73.44062,329.97,0.42,0.45,2023-11-20,744,N20,VIIRS,n,2,295.59,2.68,D,0,VIIRS_NOAA20_SP
31.66415,72.21275,341.38,0.49,0.49,2023-11-20,744,N20,VIIRS,n,2,299.8,5.58,D,0,VIIRS_NOAA20_SP
31.67504,72.19879,341.82,0.49,0.49,2023-11-20,744,N20,VIIRS,n,2,299.78,6.5,D,0,VIIRS_NOAA20_SP
31.68578,73.44127,340.35,0.42,0.45,2023-11-20,744,N20,VIIRS,n,2,299.49,7.41,D,0,VIIRS_NOAA20_SP
31.68985,73.44012,334.14,0.42,0.45,2023-11-20,744,N20,VIIRS,n,2,297.44,7.41,D,0,VIIRS_NOAA20_SP
31.69788,75.55276,331.85,0.49,0.41,2023-11-20,744,N20,VIIRS,n,2,297.96,3.47,D,0,VIIRS_NOAA20_SP
31.72418,73.43959,341.48,0.42,0.45,2023-11-20,744,N20,VIIRS,n,2,298.32,9.41,D,0,VIIRS_NOAA20_SP
31.73127,74.20531,335.43,0.57,0.43,2023-11-20,744,N20,VIIRS,n,2,296.34,7.0,D,0,VIIRS_NOAA20_SP
31.74509,74.1713,335.48,0.38,0.43,2023-11-20,744,N20,VIIRS,n,2,299.41,3.35,D,0,VIIRS_NOAA20_SP
31.74588,74.17527,338.75,0.38,0.43,2023-11-20,744,N20,VIIRS,n,2,297.03,3.33,D,0,VIIRS_NOAA20_SP
31.75455,72.20557,349.5,0.49,0.49,2023-11-20,744,N20,VIIRS,n,2,300.14,7.46,D,0,VIIRS_NOAA20_SP
31.77273,74.43399,330.42,0.56,0.43,2023-11-20,744,N20,VIIRS,n,2,297.42,3.24,D,0,VIIRS_NOAA20_SP
31.80517,74.30911,340.02,0.57,0.43,2023-11-20,744,N20,VIIRS,n,2,297.84,5.37,D,0,VIIRS_NOAA20_SP
31.81861,73.40445,327.14,0.42,0.45,2023-11-20,744,N20,VIIRS,l,2,298.12,1.25,D,0,VIIRS_NOAA20_SP
31.82442,74.55251,336.29,0.55,0.43,2023-11-20,744,N20,VIIRS,n,2,297.72,8.98,D,0,VIIRS_NOAA20_SP
31.8261,74.39525,329.9,0.56,0.43,2023-11-20,744,N20,VIIRS,n,2,298.26,4.6,D,0,VIIRS_NOAA20_SP
31.83674,73.29446,332.01,0.42,0.46,2023-11-20,744,N20,VIIRS,n,2,295.12,1.65,D,0,VIIRS_NOAA20_SP
31.83768,74.39211,328.12,0.56,0.43,2023-11-20,744,N20,VIIRS,n,2,296.94,2.61,D,0,VIIRS_NOAA20_SP
31.85602,74.52406,328.18,0.55,0.43,2023-11-20,744,N20,VIIRS,n,2,295.79,3.23,D,0,VIIRS_NOAA20_SP
31.85647,73.03409,330.89,0.44,0.46,2023-11-20,744,N20,VIIRS,n,2,295.82,3.12,D,0,VIIRS_NOAA20_SP
31.87173,73.04408,328.14,0.44,0.46,2023-11-20,744,N20,VIIRS,n,2,296.0,2.0,D,0,VIIRS_NOAA20_SP
31.88173,73.32335,334.24,0.42,0.45,2023-11-20,744,N20,VIIRS,n,2,296.26,3.29,D,0,VIIRS_NOAA20_SP
31.8849,73.27612,345.46,0.43,0.46,2023-11-20,744,N20,VIIRS,n,2,299.23,9.72,D,0,VIIRS_NOAA20_SP
31.89098,74.49667,331.39,0.55,0.43,2023-11-20,744,N20,VIIRS,n,2,296.96,4.99,D,0,VIIRS_NOAA20_SP
31.89973,74.29388,332.44,0.56,0.43,2023-11-20,744,N20,VIIRS,n,2,299.37,3.4,D,0,VIIRS_NOAA20_SP
31.9073,74.35309,331.6,0.56,0.43,2023-11-20,744,N20,VIIRS,n,2,297.75,3.82,D,0,VIIRS_NOAA20_SP
31.91673,73.26243,342.21,0.43,0.46,2023-11-20,744,N20,VIIRS,n,2,298.39,10.84,D,0,VIIRS_NOAA20_SP
31.91992,73.25686,334.51,0.43,0.46,2023-11-20,744,N20,VIIRS,n,2,297.62,16.5,D,0,VIIRS_NOAA20_SP
31.92082,73.26126,344.65,0.43,0.46,2023-11-20,744,N20,VIIRS,n,2,299.24,16.5,D,0,VIIRS_NOAA20_SP
31.93193,74.66386,326.91,0.54,0.42,2023-11-20,744,N20,VIIRS,n,2,295.89,2.06,D,0,VIIRS_NOAA20_SP
31.93355,74.42491,327.27,0.55,0.43,2023-11-20,744,N20,VIIRS,n,2,296.83,2.23,D,0,VIIRS_NOAA20_SP
31.94682,74.45151,341.21,0.55,0.43,2023-11-20,744,N20,VIIRS,n,2,296.86,4.77,D,0,VIIRS_NOAA20_SP
31.95066,74.45046,333.37,0.55,0.43,2023-11-20,744,N20,VIIRS,n,2,297.26,4.77,D,0,VIIRS_NOAA20_SP
31.95296,73.19808,328.95,0.43,0.46,2023-11-20,744,N20,VIIRS,n,2,295.7,1.95,D,0,VIIRS_NOAA20_SP
31.95414,74.79792,327.74,0.53,0.42,2023-11-20,744,N20,VIIRS,n,2,296.53,2.45,D,0,VIIRS_NOAA20_SP
31.96534,73.23656,349.13,0.43,0.46,2023-11-20,744,N20,VIIRS,n,2,296.28,6.49,D,0,VIIRS_NOAA20_SP
31.98044,74.33089,328.6,0.56,0.43,2023-11-20,744,N20,VIIRS,l,2,298.69,5.69,D,0,VIIRS_NOAA20_SP
31.99751,73.37045,340.01,0.42,0.45,2023-11-20,744,N20,VIIRS,n,2,300.14,4.88,D,0,VIIRS_NOAA20_SP
32.00125,73.26354,347.82,0.42,0.45,2023-11-20,744,N20,VIIRS,n,2,296.26,6.22,D,0,VIIRS_NOAA20_SP
32.00217,74.77931,326.84,0.53,0.42,2023-11-20,744,N20,VIIRS,n,2,295.95,5.44,D,0,VIIRS_NOAA20_SP
32.00379,72.44216,329.29,0.47,0.48,2023-11-20,744,N20,VIIRS,n,2,295.03,4.83,D,0,VIIRS_NOAA20_SP
32.00993,74.62273,331.26,0.54,0.42,2023-11-20,744,N20,VIIRS,n,2,297.87,5.95,D,0,VIIRS_NOAA20_SP
32.01376,74.83972,331.83,0.53,0.42,2023-11-20,744,N20,VIIRS,n,2,296.4,3.37,D,0,VIIRS_NOAA20_SP
32.01563,73.33321,330.03,0.42,0.45,2023-11-20,744,N20,VIIRS,n,2,295.48,1.8,D,0,VIIRS_NOAA20_SP
32.0197,73.33207,340.72,0.42,0.45,2023-11-20,744,N20,VIIRS,n,2,296.79,3.74,D,0,VIIRS_NOAA20_SP
32.02048,74.51315,332.04,0.55,0.42,2023-11-20,744,N20,VIIRS,n,2,297.14,3.42,D,0,VIIRS_NOAA20_SP
32.02579,73.40348,332.66,0.42,0.45,2023-11-20,744,N20,VIIRS,n,2,297.77,3.42,D,0,VIIRS_NOAA20_SP
32.02668,73.40778,334.22,0.42,0.45,2023-11-20,744,N20,VIIRS,n,2,296.08,3.42,D,0,VIIRS_NOAA20_SP
32.041,74.80102,327.19,0.53,0.42,2023-11-20,744,N20,VIIRS,n,2,295.76,1.45,D,0,VIIRS_NOAA20_SP
32.06179,75.00922,330.31,0.52,0.41,2023-11-20,744,N20,VIIRS,n,2,295.25,4.42,D,0,VIIRS_NOAA20_SP
32.06522,75.00559,329.09,0.52,0.41,2023-11-20,744,N20,VIIRS,n,2,296.93,4.6,D,0,VIIRS_NOAA20_SP
32.06551,75.00823,334.71,0.52,0.41,2023-11-20,744,N20,VIIRS,n,2,296.18,4.42,D,0,VIIRS_NOAA20_SP
32.0683,73.30563,335.57,0.42,0.45,2023-11-20,744,N20,VIIRS,n,2,296.05,4.87,D,0,VIIRS_NOAA20_SP
32.08203,75.05175,326.58,0.51,0.41,2023-11-20,744,N20,VIIRS,n,2,296.27,2.51,D,0,VIIRS_NOAA20_SP
32.08637,74.43341,330.25,0.55,0.43,2023-11-20,744,N20,VIIRS,n,2,296.53,3.35,D,0,VIIRS_NOAA20_SP
32.09222,73.35841,339.34,0.42,0.45,2023-11-20,744,N20,VIIRS,n,2,298.67,6.63,D,0,VIIRS_NOAA20_SP
32.09257,75.06578,326.98,0.51,0.41,2023-11-20,744,N20,VIIRS,n,2,295.14,4.74,D,0,VIIRS_NOAA20_SP
32.09312,73.36271,338.97,0.42,0.45,2023-11-20,744,N20,VIIRS,n,2,295.56,6.63,D,0,VIIRS_NOAA20_SP
32.09717,73.36156,327.85,0.42,0.45,2023-11-20,744,N20,VIIRS,n,2,295.88,6.63,D,0,VIIRS_NOAA20_SP
32.10748,73.86622,352.67,0.39,0.44,2023-11-20,744,N20,VIIRS,n,2,298.85,7.31,D,0,VIIRS_NOAA20_SP
32.11922,73.36443,328.82,0.42,0.45,2023-11-20,744,N20,VIIRS,n,2,296.18,2.31,D,0,VIIRS_NOAA20_SP
32.13351,74.61099,327.82,0.54,0.42,2023-11-20,744,N20,VIIRS,n,2,296.52,2.66,D,0,VIIRS_NOAA20_SP
32.1396,73.52554,338.08,0.41,0.45,2023-11-20,744,N20,VIIRS,n,2,301.51,14.88,D,0,VIIRS_NOAA20_SP
32.14282,74.67879,329.54,0.53,0.42,2023-11-20,744,N20,VIIRS,n,2,296.25,2.11,D,0,VIIRS_NOAA20_SP
32.18423,74.35117,331.66,0.55,0.43,2023-11-20,744,N20,VIIRS,n,2,297.13,2.58,D,0,VIIRS_NOAA20_SP
32.18587,75.28983,337.9,0.5,0.41,2023-11-20,744,N20,VIIRS,n,2,295.61,4.35,D,0,VIIRS_NOAA20_SP
32.19204,73.76137,342.21,0.4,0.44,2023-11-20,744,N20,VIIRS,n,2,296.93,6.36,D,0,VIIRS_NOAA20_SP
32.19632,73.34883,328.76,0.42,0.45,2023-11-20,744,N20,VIIRS,n,2,295.08,2.2,D,0,VIIRS_NOAA20_SP
32.21153,73.62936,336.77,0.4,0.44,2023-11-20,744,N20,VIIRS,n,2,296.46,3.01,D,0,VIIRS_NOAA20_SP
32.21268,73.75993,326.89,0.4,0.44,2023-11-20,744,N20,VIIRS,n,2,296.47,2.69,D,0,VIIRS_NOAA20_SP
32.2385,73.82597,332.17,0.39,0.44,2023-11-20,744,N20,VIIRS,n,2,297.64,2.58,D,0,VIIRS_NOAA20_SP
32.25618,73.74042,327.25,0.4,0.44,2023-11-20,744,N20,VIIRS,n,2,298.17,3.17,D,0,VIIRS_NOAA20_SP
32.25939,73.74252,327.34,0.4,0.44,2023-11-20,744,N20,VIIRS,n,2,297.35,2.93,D,0,VIIRS_NOAA20_SP
32.26559,73.41527,329.78,0.41,0.45,2023-11-20,744,N20,VIIRS,n,2,295.56,2.24,D,0,VIIRS_NOAA20_SP
32.2687,75.33086,336.49,0.5,0.41,2023-11-20,744,N20,VIIRS,n,2,296.57,4.36,D,0,VIIRS_NOAA20_SP
32.28078,73.34298,338.97,0.41,0.45,2023-11-20,744,N20,VIIRS,n,2,296.91,5.67,D,0,VIIRS_NOAA20_SP
32.28584,74.94869,326.14,0.52,0.41,2023-11-20,744,N20,VIIRS,n,2,296.0,2.77,D,0,VIIRS_NOAA20_SP
32.29001,74.3506,330.87,0.55,0.43,2023-11-20,744,N20,VIIRS,n,2,299.1,3.73,D,0,VIIRS_NOAA20_SP
32.29559,74.73486,335.1,0.53,0.42,2023-11-20,744,N20,VIIRS,n,2,297.2,6.12,D,0,VIIRS_NOAA20_SP
32.31151,75.12811,331.6,0.51,0.41,2023-11-20,744,N20,VIIRS,n,2,296.92,3.19,D,0,VIIRS_NOAA20_SP
32.3124,75.12599,330.96,0.51,0.41,2023-11-20,744,N20,VIIRS,n,2,296.82,2.54,D,0,VIIRS_NOAA20_SP
32.31618,73.43672,331.59,0.41,0.45,2023-11-20,744,N20,VIIRS,n,2,294.54,2.18,D,0,VIIRS_NOAA20_SP
32.33402,73.44064,337.51,0.41,0.45,2023-11-20,744,N20,VIIRS,n,2,295.59,3.39,D,0,VIIRS_NOAA20_SP
32.33448,74.71642,326.58,0.53,0.42,2023-11-20,744,N20,VIIRS,n,2,296.92,2.33,D,0,VIIRS_NOAA20_SP
32.33595,74.71822,326.76,0.53,0.42,2023-11-20,744,N20,VIIRS,n,2,297.01,2.32,D,0,VIIRS_NOAA20_SP
32.36737,74.35358,327.83,0.55,0.43,2023-11-20,744,N20,VIIRS,n,2,296.28,5.49,D,0,VIIRS_NOAA20_SP
32.38215,73.61314,346.75,0.4,0.44,2023-11-20,744,N20,VIIRS,n,2,296.47,5.52,D,0,VIIRS_NOAA20_SP
32.39371,73.64922,344.34,0.4,0.44,2023-11-20,744,N20,VIIRS,n,2,295.77,3.94,D,0,VIIRS_NOAA20_SP
32.3947,71.8254,335.61,0.5,0.49,2023-11-20,744,N20,VIIRS,n,2,294.93,6.71,D,0,VIIRS_NOAA20_SP
32.40834,74.0219,337.03,0.57,0.43,2023-11-20,744,N20,VIIRS,n,2,297.06,6.18,D,0,VIIRS_NOAA20_SP
32.41258,74.83328,326.66,0.52,0.42,2023-11-20,744,N20,VIIRS,l,2,298.48,3.1,D,0,VIIRS_NOAA20_SP
32.41428,73.48038,335.67,0.41,0.45,2023-11-20,744,N20,VIIRS,n,2,295.8,2.59,D,0,VIIRS_NOAA20_SP
32.4319,74.91322,325.92,0.52,0.41,2023-11-20,744,N20,VIIRS,n,2,296.47,2.05,D,0,VIIRS_NOAA20_SP
32.45706,74.39368,328.62,0.55,0.42,2023-11-20,744,N20,VIIRS,n,2,296.03,2.7,D,0,VIIRS_NOAA20_SP
32.45917,73.38869,329.51,0.41,0.45,2023-11-20,744,N20,VIIRS,n,2,294.67,2.06,D,0,VIIRS_NOAA20_SP
32.46507,73.89952,336.99,0.38,0.44,2023-11-20,744,N20,VIIRS,n,2,296.47,3.18,D,0,VIIRS_NOAA20_SP
32.48688,74.85146,327.73,0.52,0.41,2023-11-20,744,N20,VIIRS,n,2,296.93,2.02,D,0,VIIRS_NOAA20_SP
32.48793,74.85685,327.95,0.52,0.41,2023-11-20,744,N20,VIIRS,n,2,296.16,3.42,D,0,VIIRS_NOAA20_SP
32.49061,74.85046,328.07,0.52,0.41,2023-11-20,744,N20,VIIRS,n,2,296.17,2.02,D,0,VIIRS_NOAA20_SP
32.49988,73.29569,327.19,0.41,0.45,2023-11-20,744,N20,VIIRS,n,2,295.04,2.45,D,0,VIIRS_NOAA20_SP
32.50464,73.54915,335.11,0.4,0.44,2023-11-20,744,N20,VIIRS,n,2,295.26,1.9,D,0,VIIRS_NOAA20_SP
32.54257,73.6953,332.63,0.39,0.44,2023-11-20,744,N20,VIIRS,n,2,296.63,2.3,D,0,VIIRS_NOAA20_SP
32.55809,73.77254,339.98,0.39,0.44,2023-11-20,744,N20,VIIRS,n,2,296.54,3.95,D,0,VIIRS_NOAA20_SP
32.56534,74.42664,329.0,0.54,0.42,2023-11-20,744,N20,VIIRS,n,2,295.28,3.01,D,0,VIIRS_NOAA20_SP
32.57373,74.15765,336.24,0.56,0.43,2023-11-20,744,N20,VIIRS,n,2,297.25,4.3,D,0,VIIRS_NOAA20_SP
32.57754,74.65197,339.37,0.53,0.42,2023-11-20,744,N20,VIIRS,n,2,297.81,9.4,D,0,VIIRS_NOAA20_SP
32.58274,74.43375,331.35,0.54,0.42,2023-11-20,744,N20,VIIRS,n,2,297.59,2.55,D,0,VIIRS_NOAA20_SP
32.5994,73.2863,327.17,0.41,0.45,2023-11-20,744,N20,VIIRS,n,2,294.38,2.53,D,0,VIIRS_NOAA20_SP
32.66785,74.71214,327.26,0.52,0.42,2023-11-20,744,N20,VIIRS,n,2,296.6,4.8,D,0,VIIRS_NOAA20_SP
32.66844,74.71373,326.18,0.52,0.42,2023-11-20,744,N20,VIIRS,l,2,296.72,2.44,D,0,VIIRS_NOAA20_SP
32.68604,74.52183,327.85,0.53,0.42,2023-11-20,744,N20,VIIRS,n,2,296.28,1.44,D,0,VIIRS_NOAA20_SP
32.76637,74.57366,329.96,0.53,0.42,2023-11-20,744,N20,VIIRS,n,2,296.42,2.49,D,0,VIIRS_NOAA20_SP
32.78843,74.6256,327.76,0.52,0.42,2023-11-20,744,N20,VIIRS,n,2,296.14,2.29,D,0,VIIRS_NOAA20_SP
21.03327,70.53143,345.62,0.63,0.72,2023-11-20,921,N20,VIIRS,n,2,297.72,6.15,D,0,VIIRS_NOAA20_SP
23.01974,69.17754,333.73,0.54,0.68,2023-11-20,922,N20,VIIRS,n,2,301.56,3.54,D,0,VIIRS_NOAA20_SP
23.66122,70.94955,333.26,0.71,0.75,2023-11-20,922,N20,VIIRS,n,2,298.09,2.87,D,0,VIIRS_NOAA20_SP
24.96542,68.17313,331.56,0.48,0.65,2023-11-20,923,N20,VIIRS,n,2,300.84,4.62,D,0,VIIRS_NOAA20_SP
25.32646,69.15213,334.64,0.56,0.69,2023-11-20,923,N20,VIIRS,n,2,299.25,4.28,D,0,VIIRS_NOAA20_SP
25.47781,69.17417,330.73,0.57,0.69,2023-11-20,923,N20,VIIRS,n,2,298.75,2.69,D,0,VIIRS_NOAA20_SP
25.47944,69.17117,330.43,0.57,0.69,2023-11-20,923,N20,VIIRS,n,2,298.77,2.63,D,0,VIIRS_NOAA20_SP
25.61135,68.71724,331.69,0.53,0.67,2023-11-20,923,N20,VIIRS,n,2,296.46,4.3,D,0,VIIRS_NOAA20_SP
26.1979,68.26979,352.26,0.51,0.66,2023-11-20,923,N20,VIIRS,n,2,296.0,6.02,D,0,VIIRS_NOAA20_SP
26.41981,68.26289,346.35,0.51,0.66,2023-11-20,923,N20,VIIRS,n,2,297.04,7.96,D,0,VIIRS_NOAA20_SP
26.6252,68.01962,335.3,0.49,0.65,2023-11-20,923,N20,VIIRS,n,2,294.82,2.81,D,0,VIIRS_NOAA20_SP
27.33351,68.36271,348.16,0.53,0.67,2023-11-20,923,N20,VIIRS,n,2,294.21,6.44,D,0,VIIRS_NOAA20_SP
27.33459,68.36045,349.24,0.53,0.67,2023-11-20,923,N20,VIIRS,n,2,295.47,9.02,D,0,VIIRS_NOAA20_SP
27.95885,69.21378,332.43,0.6,0.71,2023-11-20,923,N20,VIIRS,n,2,293.62,4.23,D,0,VIIRS_NOAA20_SP
30.23553,68.97413,345.66,0.61,0.71,2023-11-20,924,N20,VIIRS,n,2,297.04,13.46,D,0,VIIRS_NOAA20_SP
36.93312,68.03307,367.0,0.6,0.7,2023-11-20,926,N20,VIIRS,h,2,296.08,47.19,D,3,VIIRS_NOAA20_SP
36.93331,68.03993,367.0,0.6,0.71,2023-11-20,926,N20,VIIRS,h,2,293.14,33.4,D,3,VIIRS_NOAA20_SP
24.54523,97.73592,297.31,0.41,0.61,2023-11-20,1827,N20,VIIRS,n,2,286.28,0.85,N,0,VIIRS_NOAA20_SP
27.3184,95.26495,301.98,0.62,0.72,2023-11-20,1827,N20,VIIRS,n,2,287.34,1.32,N,2,VIIRS_NOAA20_SP
27.31879,95.25851,304.47,0.63,0.72,2023-11-20,1827,N20,VIIRS,n,2,286.88,1.32,N,0,VIIRS_NOAA20_SP
27.32307,95.26057,314.95,0.63,0.72,2023-11-20,1827,N20,VIIRS,n,2,286.75,1.81,N,0,VIIRS_NOAA20_SP
27.46997,95.41746,313.13,0.61,0.71,2023-11-20,1827,N20,VIIRS,n,2,286.65,1.35,N,2,VIIRS_NOAA20_SP
27.47135,95.41919,309.76,0.61,0.71,2023-11-20,1827,N20,VIIRS,n,2,286.67,1.28,N,2,VIIRS_NOAA20_SP
27.55744,96.03345,296.36,0.56,0.69,2023-11-20,1827,N20,VIIRS,n,2,285.82,0.6,N,2,VIIRS_NOAA20_SP
27.5594,96.03368,298.73,0.56,0.69,2023-11-20,1827,N20,VIIRS,n,2,285.82,0.57,N,2,VIIRS_NOAA20_SP
27.60846,95.39644,300.74,0.62,0.71,2023-11-20,1827,N20,VIIRS,n,2,285.89,0.54,N,0,VIIRS_NOAA20_SP
27.61039,95.39714,298.7,0.62,0.71,2023-11-20,1827,N20,VIIRS,n,2,286.58,0.6,N,0,VIIRS_NOAA20_SP
21.59487,96.22552,305.4,0.48,0.64,2023-11-20,1828,N20,VIIRS,n,2,290.53,0.72,N,2,VIIRS_NOAA20_SP
22.1632,96.23934,302.18,0.48,0.65,2023-11-20,1828,N20,VIIRS,n,2,290.4,1.0,N,2,VIIRS_NOAA20_SP
23.98344,97.79206,301.7,0.4,0.6,2023-11-20,1828,N20,VIIRS,n,2,282.71,0.95,N,0,VIIRS_NOAA20_SP
19.75927,96.4021,300.7,0.44,0.63,2023-11-20,1829,N20,VIIRS,n,2,288.86,0.33,N,0,VIIRS_NOAA20_SP
15.28064,97.9388,301.13,0.61,0.54,2023-11-20,1830,N20,VIIRS,n,2,289.54,0.43,N,0,VIIRS_NOAA20_SP
15.82027,97.76729,311.45,0.32,0.55,2023-11-20,1830,N20,VIIRS,n,2,290.91,0.81,N,0,VIIRS_NOAA20_SP
15.86298,97.79427,316.48,0.32,0.55,2023-11-20,1830,N20,VIIRS,n,2,290.34,0.8,N,0,VIIRS_NOAA20_SP
15.992,97.68517,303.51,0.33,0.55,2023-11-20,1830,N20,VIIRS,n,2,289.82,0.49,N,2,VIIRS_NOAA20_SP
15.99302,97.68797,301.63,0.33,0.55,2023-11-20,1830,N20,VIIRS,n,2,289.89,0.65,N,2,VIIRS_NOAA20_SP
30.947,97.36176,299.93,0.48,0.65,2023-11-20,2006,N20,VIIRS,n,2,272.79,1.92,N,0,VIIRS_NOAA20_SP
33.40779,71.93307,295.76,0.53,0.67,2023-11-20,2006,N20,VIIRS,n,2,282.25,0.52,N,0,VIIRS_NOAA20_SP
33.6893,72.70839,302.31,0.48,0.65,2023-11-20,2006,N20,VIIRS,n,2,284.58,1.02,N,0,VIIRS_NOAA20_SP
33.80128,72.09501,295.79,0.52,0.67,2023-11-20,2006,N20,VIIRS,n,2,283.62,0.71,N,0,VIIRS_NOAA20_SP
27.12001,91.92161,296.98,0.56,0.51,2023-11-20,2007,N20,VIIRS,n,2,282.59,1.06,N,0,VIIRS_NOAA20_SP
27.12116,91.91632,296.37,0.56,0.51,2023-11-20,2007,N20,VIIRS,n,2,282.88,1.99,N,0,VIIRS_NOAA20_SP
27.31988,95.26717,300.32,0.44,0.62,2023-11-20,2007,N20,VIIRS,n,2,287.81,1.33,N,2,VIIRS_NOAA20_SP
27.32093,95.26289,308.93,0.44,0.62,2023-11-20,2007,N20,VIIRS,n,2,287.57,1.18,N,2,VIIRS_NOAA20_SP
27.3763,95.08498,300.65,0.43,0.62,2023-11-20,2007,N20,VIIRS,n,2,287.38,0.44,N,2,VIIRS_NOAA20_SP
27.46967,95.42277,311.69,0.44,0.63,2023-11-20,2007,N20,VIIRS,n,2,287.69,1.26,N,2,VIIRS_NOAA20_SP
27.47073,95.41842,297.17,0.44,0.63,2023-11-20,2007,N20,VIIRS,n,2,287.09,1.02,N,2,VIIRS_NOAA20_SP
27.47207,95.42275,311.6,0.44,0.63,2023-11-20,2007,N20,VIIRS,n,2,287.48,0.69,N,2,VIIRS_NOAA20_SP
27.55668,96.03831,297.62,0.48,0.65,2023-11-20,2007,N20,VIIRS,n,2,285.82,0.34,N,2,VIIRS_NOAA20_SP
28.47864,84.90717,298.39,0.39,0.36,2023-11-20,2007,N20,VIIRS,n,2,273.03,1.36,N,0,VIIRS_NOAA20_SP
29.08575,88.01004,297.21,0.47,0.4,2023-11-20,2007,N20,VIIRS,n,2,270.34,1.15,N,0,VIIRS_NOAA20_SP
29.19177,82.26769,304.98,0.41,0.37,2023-11-20,2007,N20,VIIRS,n,2,272.4,1.86,N,0,VIIRS_NOAA20_SP
29.1946,82.27213,311.96,0.41,0.37,2023-11-20,2007,N20,VIIRS,n,2,271.39,1.55,N,0,VIIRS_NOAA20_SP
29.255,82.06683,299.29,0.41,0.37,2023-11-20,2007,N20,VIIRS,n,2,274.29,0.73,N,0,VIIRS_NOAA20_SP
29.25557,82.06277,296.68,0.41,0.37,2023-11-20,2007,N20,VIIRS,n,2,272.75,0.73,N,0,VIIRS_NOAA20_SP
29.46219,76.88453,334.54,0.49,0.49,2023-11-20,2007,N20,VIIRS,n,2,290.41,5.11,N,0,VIIRS_NOAA20_SP
29.46376,76.88838,313.86,0.49,0.49,2023-11-20,2007,N20,VIIRS,n,2,289.98,2.19,N,0,VIIRS_NOAA20_SP
29.46428,76.88332,299.64,0.49,0.49,2023-11-20,2007,N20,VIIRS,n,2,288.93,1.88,N,0,VIIRS_NOAA20_SP
30.02002,76.62611,300.06,0.52,0.5,2023-11-20,2007,N20,VIIRS,n,2,287.67,0.99,N,0,VIIRS_NOAA20_SP
30.02064,76.6226,306.95,0.52,0.5,2023-11-20,2007,N20,VIIRS,n,2,288.53,1.53,N,0,VIIRS_NOAA20_SP
30.12876,75.33201,319.78,0.62,0.54,2023-11-20,2007,N20,VIIRS,n,2,283.93,2.95,N,0,VIIRS_NOAA20_SP
30.13211,75.33819,307.52,0.62,0.54,2023-11-20,2007,N20,VIIRS,n,2,283.66,2.42,N,0,VIIRS_NOAA20_SP
30.13269,75.33172,298.77,0.62,0.54,2023-11-20,2007,N20,VIIRS,n,2,283.76,2.42,N,0,VIIRS_NOAA20_SP
30.78695,74.89098,340.36,0.33,0.56,2023-11-20,2007,N20,VIIRS,n,2,287.62,4.91,N,0,VIIRS_NOAA20_SP
30.78724,74.88747,344.91,0.33,0.56,2023-11-20,2007,N20,VIIRS,n,2,284.23,4.91,N,0,VIIRS_NOAA20_SP
31.07937,71.98086,296.64,0.5,0.66,2023-11-20,2007,N20,VIIRS,n,2,282.65,1.18,N,0,VIIRS_NOAA20_SP
31.07968,71.97551,302.36,0.5,0.66,2023-11-20,2007,N20,VIIRS,n,2,282.69,1.41,N,0,VIIRS_NOAA20_SP
31.16891,77.50393,296.34,0.47,0.48,2023-11-20,2007,N20,VIIRS,n,2,278.13,0.67,N,0,VIIRS_NOAA20_SP
31.17319,77.50562,323.63,0.47,0.48,2023-11-20,2007,N20,VIIRS,n,2,278.55,2.87,N,0,VIIRS_NOAA20_SP
31.23631,77.85309,300.45,0.45,0.47,2023-11-20,2007,N20,VIIRS,n,2,276.5,1.14,N,0,VIIRS_NOAA20_SP
31.5201,77.5555,306.65,0.47,0.48,2023-11-20,2007,N20,VIIRS,n,2,282.74,1.79,N,0,VIIRS_NOAA20_SP
31.52048,77.55178,317.8,0.47,0.48,2023-11-20,2007,N20,VIIRS,n,2,281.56,2.59,N,0,VIIRS_NOAA20_SP
31.52448,77.55625,298.24,0.47,0.48,2023-11-20,2007,N20,VIIRS,n,2,281.07,1.27,N,0,VIIRS_NOAA20_SP
31.5246,77.55322,304.88,0.48,0.48,2023-11-20,2007,N20,VIIRS,n,2,280.06,1.73,N,0,VIIRS_NOAA20_SP
31.52492,77.552,299.32,0.47,0.48,2023-11-20,2007,N20,VIIRS,n,2,280.71,1.19,N,0,VIIRS_NOAA20_SP
31.65683,74.172,297.7,0.38,0.58,2023-11-20,2007,N20,VIIRS,n,2,284.25,0.84,N,0,VIIRS_NOAA20_SP
32.08542,74.16055,299.39,0.38,0.59,2023-11-20,2007,N20,VIIRS,n,2,284.44,1.0,N,2,VIIRS_NOAA20_SP
32.2915,70.7346,300.89,0.61,0.71,2023-11-20,2007,N20,VIIRS,n,2,288.27,1.19,N,2,VIIRS_NOAA20_SP
32.29839,70.72823,297.82,0.61,0.71,2023-11-20,2007,N20,VIIRS,n,2,285.32,1.19,N,2,VIIRS_NOAA20_SP
32.89019,71.61131,305.36,0.55,0.68,2023-11-20,2007,N20,VIIRS,n,2,287.74,1.39,N,0,VIIRS_NOAA20_SP
32.89344,71.60986,298.73,0.55,0.68,2023-11-20,2007,N20,VIIRS,n,2,285.86,1.1,N,0,VIIRS_NOAA20_SP
24.11944,86.35028,301.17,0.46,0.39,2023-11-20,2008,N20,VIIRS,n,2,290.26,1.04,N,2,VIIRS_NOAA20_SP
25.38814,82.29021,301.63,0.39,0.36,2023-11-20,2008,N20,VIIRS,n,2,289.1,0.34,N,0,VIIRS_NOAA20_SP
26.0492,80.76995,301.25,0.43,0.38,2023-11-20,2008,N20,VIIRS,n,2,289.16,0.48,N,0,VIIRS_NOAA20_SP
26.06344,93.92681,303.42,0.39,0.59,2023-11-20,2008,N20,VIIRS,n,2,288.81,0.57,N,2,VIIRS_NOAA20_SP
26.06602,93.92773,303.46,0.39,0.59,2023-11-20,2008,N20,VIIRS,n,2,289.16,0.51,N,2,VIIRS_NOAA20_SP
26.35617,82.58414,298.29,0.39,0.36,2023-11-20,2008,N20,VIIRS,n,2,287.61,0.45,N,0,VIIRS_NOAA20_SP
26.57877,79.65746,306.99,0.48,0.4,2023-11-20,2008,N20,VIIRS,n,2,286.89,1.08,N,0,VIIRS_NOAA20_SP
26.60623,73.68161,300.17,0.36,0.57,2023-11-20,2008,N20,VIIRS,n,2,289.55,0.59,N,2,VIIRS_NOAA20_SP
26.62181,82.39426,297.96,0.39,0.36,2023-11-20,2008,N20,VIIRS,n,2,286.4,0.4,N,0,VIIRS_NOAA20_SP
26.76179,83.19917,315.72,0.38,0.36,2023-11-20,2008,N20,VIIRS,n,2,292.94,1.47,N,2,VIIRS_NOAA20_SP
26.87554,73.51401,299.8,0.37,0.58,2023-11-20,2008,N20,VIIRS,n,2,287.9,0.56,N,2,VIIRS_NOAA20_SP
27.06681,83.59953,317.45,0.38,0.36,2023-11-20,2008,N20,VIIRS,n,2,286.62,1.29,N,0,VIIRS_NOAA20_SP
27.66425,78.27034,300.92,0.39,0.44,2023-11-20,2008,N20,VIIRS,n,2,286.38,0.41,N,0,VIIRS_NOAA20_SP
27.72701,84.81405,304.96,0.39,0.36,2023-11-20,2008,N20,VIIRS,n,2,287.36,0.49,N,0,VIIRS_NOAA20_SP
27.77674,80.01325,303.75,0.48,0.4,2023-11-20,2008,N20,VIIRS,n,2,286.14,0.87,N,0,VIIRS_NOAA20_SP
27.93114,80.34473,301.01,0.46,0.39,2023-11-20,2008,N20,VIIRS,n,2,286.06,0.75,N,0,VIIRS_NOAA20_SP
28.21139,79.93272,297.67,0.49,0.4,2023-11-20,2008,N20,VIIRS,n,2,286.19,0.64,N,0,VIIRS_NOAA20_SP
28.29406,77.24489,298.28,0.45,0.47,2023-11-20,2008,N20,VIIRS,n,2,286.29,0.57,N,0,VIIRS_NOAA20_SP
28.61404,68.61811,311.18,0.77,0.77,2023-11-20,2008,N20,VIIRS,n,2,284.45,2.48,N,0,VIIRS_NOAA20_SP
21.29666,81.60671,300.94,0.39,0.36,2023-11-20,2009,N20,VIIRS,n,2,290.71,0.94,N,2,VIIRS_NOAA20_SP
21.29996,81.60729,316.27,0.39,0.36,2023-11-20,2009,N20,VIIRS,n,2,292.1,0.94,N,2,VIIRS_NOAA20_SP
21.30972,81.58884,306.58,0.39,0.36,2023-11-20,2009,N20,VIIRS,n,2,292.08,0.88,N,2,VIIRS_NOAA20_SP
21.3413,81.67025,301.08,0.39,0.36,2023-11-20,2009,N20,VIIRS,n,2,289.07,0.85,N,2,VIIRS_NOAA20_SP
21.3612,81.65099,301.38,0.39,0.36,2023-11-20,2009,N20,VIIRS,n,2,291.01,0.63,N,2,VIIRS_NOAA20_SP
21.36451,81.65157,304.03,0.39,0.36,2023-11-20,2009,N20,VIIRS,n,2,291.99,0.84,N,2,VIIRS_NOAA20_SP
21.36564,81.64419,304.57,0.39,0.36,2023-11-20,2009,N20,VIIRS,n,2,292.03,1.38,N,2,VIIRS_NOAA20_SP
21.36712,81.67858,306.31,0.39,0.36,2023-11-20,2009,N20,VIIRS,n,2,292.01,1.24,N,2,VIIRS_NOAA20_SP
21.37315,81.68343,303.24,0.39,0.36,2023-11-20,2009,N20,VIIRS,n,2,292.47,0.89,N,2,VIIRS_NOAA20_SP
21.37612,81.64223,308.69,0.39,0.36,2023-11-20,2009,N20,VIIRS,n,2,292.81,0.84,N,2,VIIRS_NOAA20_SP
21.37668,81.63853,303.42,0.39,0.36,2023-11-20,2009,N20,VIIRS,n,2,291.32,0.84,N,2,VIIRS_NOAA20_SP
21.37702,81.68033,317.09,0.39,0.36,2023-11-20,2009,N20,VIIRS,n,2,294.25,2.44,N,2,VIIRS_NOAA20_SP
21.37885,81.64651,303.11,0.39,0.36,2023-11-20,2009,N20,VIIRS,n,2,291.96,0.72,N,2,VIIRS_NOAA20_SP
21.38431,81.65504,302.95,0.39,0.36,2023-11-20,2009,N20,VIIRS,n,2,291.88,0.85,N,2,VIIRS_NOAA20_SP
21.38932,81.64455,316.7,0.39,0.36,2023-11-20,2009,N20,VIIRS,n,2,293.47,1.68,N,2,VIIRS_NOAA20_SP
21.48924,81.76814,310.79,0.39,0.36,2023-11-20,2009,N20,VIIRS,n,2,292.21,1.12,N,2,VIIRS_NOAA20_SP
21.54303,81.94754,306.7,0.38,0.36,2023-11-20,2009,N20,VIIRS,n,2,293.87,1.11,N,2,VIIRS_NOAA20_SP
21.57613,82.02134,309.97,0.38,0.36,2023-11-20,2009,N20,VIIRS,n,2,294.4,1.48,N,2,VIIRS_NOAA20_SP
21.57942,82.02193,304.12,0.38,0.36,2023-11-20,2009,N20,VIIRS,n,2,292.31,0.68,N,0,VIIRS_NOAA20_SP
21.59669,96.22412,299.57,0.68,0.74,2023-11-20,2009,N20,VIIRS,n,2,289.01,1.1,N,2,VIIRS_NOAA20_SP
21.67398,84.03951,303.0,0.41,0.37,2023-11-20,2009,N20,VIIRS,n,2,291.8,1.5,N,2,VIIRS_NOAA20_SP
21.678,84.0363,320.47,0.4,0.37,2023-11-20,2009,N20,VIIRS,n,2,292.99,1.5,N,2,VIIRS_NOAA20_SP
21.68071,84.04081,312.92,0.41,0.37,2023-11-20,2009,N20,VIIRS,n,2,293.9,1.53,N,2,VIIRS_NOAA20_SP
21.68136,84.03695,312.84,0.4,0.37,2023-11-20,2009,N20,VIIRS,n,2,291.91,1.53,N,2,VIIRS_NOAA20_SP
21.6995,84.03242,306.53,0.4,0.37,2023-11-20,2009,N20,VIIRS,n,2,292.08,0.93,N,2,VIIRS_NOAA20_SP
21.71567,84.03951,302.6,0.4,0.37,2023-11-20,2009,N20,VIIRS,n,2,291.45,0.44,N,0,VIIRS_NOAA20_SP
21.73239,82.21526,303.35,0.38,0.36,2023-11-20,2009,N20,VIIRS,n,2,292.34,0.33,N,2,VIIRS_NOAA20_SP
21.75657,84.02338,308.6,0.4,0.37,2023-11-20,2009,N20,VIIRS,n,2,295.2,2.0,N,2,VIIRS_NOAA20_SP
21.75924,83.84135,303.15,0.4,0.37,2023-11-20,2009,N20,VIIRS,n,2,291.69,0.91,N,2,VIIRS_NOAA20_SP
21.76258,83.84199,308.47,0.4,0.37,2023-11-20,2009,N20,VIIRS,n,2,290.48,0.35,N,2,VIIRS_NOAA20_SP
21.76665,84.02531,320.55,0.4,0.37,2023-11-20,2009,N20,VIIRS,n,2,292.04,1.37,N,2,VIIRS_NOAA20_SP
21.76794,84.01759,326.05,0.4,0.37,2023-11-20,2009,N20,VIIRS,n,2,296.28,3.32,N,2,VIIRS_NOAA20_SP
21.77066,84.02209,302.92,0.4,0.37,2023-11-20,2009,N20,VIIRS,n,2,291.73,1.37,N,2,VIIRS_NOAA20_SP
21.77852,83.82922,311.85,0.4,0.37,2023-11-20,2009,N20,VIIRS,n,2,291.92,0.8,N,0,VIIRS_NOAA20_SP
21.78059,83.83752,317.06,0.4,0.37,2023-11-20,2009,N20,VIIRS,n,2,293.41,2.43,N,2,VIIRS_NOAA20_SP
21.79483,83.99007,304.56,0.4,0.37,2023-11-20,2009,N20,VIIRS,n,2,291.96,0.82,N,2,VIIRS_NOAA20_SP
21.82109,83.89581,308.35,0.4,0.37,2023-11-20,2009,N20,VIIRS,n,2,294.97,1.63,N,0,VIIRS_NOAA20_SP
21.86108,83.96699,302.59,0.4,0.37,2023-11-20,2009,N20,VIIRS,n,2,291.69,1.11,N,0,VIIRS_NOAA20_SP
21.87751,83.4952,309.17,0.39,0.36,2023-11-20,2009,N20,VIIRS,n,2,292.66,1.21,N,2,VIIRS_NOAA20_SP
21.87813,83.5536,315.31,0.39,0.36,2023-11-20,2009,N20,VIIRS,n,2,292.26,1.73,N,2,VIIRS_NOAA20_SP
21.91819,83.3519,304.44,0.39,0.36,2023-11-20,2009,N20,VIIRS,n,2,293.11,1.45,N,2,VIIRS_NOAA20_SP
21.92089,83.35626,329.27,0.39,0.36,2023-11-20,2009,N20,VIIRS,n,2,292.61,1.45,N,2,VIIRS_NOAA20_SP
21.9215,83.35252,315.57,0.39,0.36,2023-11-20,2009,N20,VIIRS,n,2,296.67,1.45,N,2,VIIRS_NOAA20_SP
21.92212,83.34877,337.14,0.39,0.36,2023-11-20,2009,N20,VIIRS,n,2,299.4,4.17,N,2,VIIRS_NOAA20_SP
21.92543,83.3494,315.52,0.39,0.36,2023-11-20,2009,N20,VIIRS,n,2,293.56,1.74,N,2,VIIRS_NOAA20_SP
21.9308,85.22349,310.94,0.44,0.38,2023-11-20,2009,N20,VIIRS,n,2,289.18,1.45,N,2,VIIRS_NOAA20_SP
21.93155,85.21925,309.69,0.44,0.38,2023-11-20,2009,N20,VIIRS,n,2,289.56,1.45,N,2,VIIRS_NOAA20_SP
21.93267,83.34689,304.8,0.39,0.36,2023-11-20,2009,N20,VIIRS,n,2,294.31,0.74,N,0,VIIRS_NOAA20_SP
21.96921,85.31432,302.74,0.44,0.39,2023-11-20,2009,N20,VIIRS,n,2,288.39,0.87,N,2,VIIRS_NOAA20_SP
21.98525,83.23349,325.15,0.39,0.36,2023-11-20,2009,N20,VIIRS,n,2,294.73,2.0,N,2,VIIRS_NOAA20_SP
21.98776,83.36491,301.44,0.39,0.36,2023-11-20,2009,N20,VIIRS,n,2,290.86,0.57,N,0,VIIRS_NOAA20_SP
21.99228,85.32772,299.47,0.44,0.39,2023-11-20,2009,N20,VIIRS,n,2,288.14,0.41,N,3,VIIRS_NOAA20_SP
22.00441,82.66868,308.92,0.38,0.36,2023-11-20,2009,N20,VIIRS,n,2,292.89,1.29,N,2,VIIRS_NOAA20_SP
22.02285,83.37895,318.39,0.39,0.36,2023-11-20,2009,N20,VIIRS,n,2,293.34,1.85,N,2,VIIRS_NOAA20_SP
22.03682,83.73167,310.49,0.4,0.37,2023-11-20,2009,N20,VIIRS,n,2,291.97,1.2,N,2,VIIRS_NOAA20_SP
22.0377,83.35083,311.62,0.39,0.36,2023-11-20,2009,N20,VIIRS,n,2,292.03,1.43,N,2,VIIRS_NOAA20_SP
22.03952,83.73611,312.49,0.4,0.37,2023-11-20,2009,N20,VIIRS,n,2,291.96,4.59,N,2,VIIRS_NOAA20_SP
22.04223,83.74055,304.15,0.4,0.37,2023-11-20,2009,N20,VIIRS,n,2,294.12,2.05,N,2,VIIRS_NOAA20_SP
22.04285,83.73675,347.53,0.4,0.37,2023-11-20,2009,N20,VIIRS,n,2,298.7,4.59,N,2,VIIRS_NOAA20_SP
22.04348,83.73295,351.94,0.4,0.37,2023-11-20,2009,N20,VIIRS,n,2,296.34,4.59,N,2,VIIRS_NOAA20_SP
22.04411,83.72914,315.91,0.4,0.37,2023-11-20,2009,N20,VIIRS,n,2,291.75,1.91,N,2,VIIRS_NOAA20_SP
22.04681,83.73358,302.44,0.4,0.37,2023-11-20,2009,N20,VIIRS,n,2,292.41,1.16,N,0,VIIRS_NOAA20_SP
22.04744,83.72978,313.36,0.4,0.37,2023-11-20,2009,N20,VIIRS,n,2,291.22,1.25,N,0,VIIRS_NOAA20_SP
22.05594,85.46314,307.23,0.45,0.39,2023-11-20,2009,N20,VIIRS,n,2,290.23,1.35,N,2,VIIRS_NOAA20_SP
22.05788,83.72258,304.65,0.4,0.37,2023-11-20,2009,N20,VIIRS,n,2,293.43,1.15,N,2,VIIRS_NOAA20_SP
22.09905,83.12012,309.02,0.39,0.36,2023-11-20,2009,N20,VIIRS,n,2,291.84,1.38,N,0,VIIRS_NOAA20_SP
22.10439,83.5247,318.55,0.39,0.36,2023-11-20,2009,N20,VIIRS,n,2,293.16,1.63,N,0,VIIRS_NOAA20_SP
22.10501,83.52094,302.02,0.39,0.36,2023-11-20,2009,N20,VIIRS,n,2,290.84,0.92,N,0,VIIRS_NOAA20_SP
22.10565,83.12135,309.93,0.39,0.36,2023-11-20,2009,N20,VIIRS,n,2,293.21,1.64,N,2,VIIRS_NOAA20_SP
22.10771,83.52533,303.07,0.39,0.36,2023-11-20,2009,N20,VIIRS,n,2,291.68,0.69,N,0,VIIRS_NOAA20_SP
22.11226,83.12258,308.64,0.39,0.36,2023-11-20,2009,N20,VIIRS,n,2,292.21,1.39,N,0,VIIRS_NOAA20_SP
22.11406,83.11142,312.68,0.39,0.36,2023-11-20,2009,N20,VIIRS,n,2,291.33,1.1,N,0,VIIRS_NOAA20_SP
22.11555,83.12319,315.38,0.39,0.36,2023-11-20,2009,N20,VIIRS,n,2,292.11,1.39,N,0,VIIRS_NOAA20_SP
22.11675,83.11576,304.27,0.39,0.36,2023-11-20,2009,N20,VIIRS,n,2,291.86,1.1,N,0,VIIRS_NOAA20_SP
22.20876,84.86292,328.62,0.42,0.38,2023-11-20,2009,N20,VIIRS,n,2,292.7,2.23,N,2,VIIRS_NOAA20_SP
22.20938,84.87988,301.93,0.43,0.38,2023-11-20,2009,N20,VIIRS,n,2,291.49,0.42,N,2,VIIRS_NOAA20_SP
22.20947,84.85886,306.2,0.42,0.38,2023-11-20,2009,N20,VIIRS,n,2,291.43,1.43,N,2,VIIRS_NOAA20_SP
22.21017,84.8548,306.17,0.42,0.38,2023-11-20,2009,N20,VIIRS,n,2,291.06,1.43,N,2,VIIRS_NOAA20_SP
22.2122,84.86361,316.4,0.42,0.38,2023-11-20,2009,N20,VIIRS,n,2,294.23,2.23,N,2,VIIRS_NOAA20_SP
22.26751,75.13123,307.44,0.51,0.5,2023-11-20,2009,N20,VIIRS,n,2,293.8,1.52,N,2,VIIRS_NOAA20_SP
22.26794,75.13359,306.3,0.51,0.5,2023-11-20,2009,N20,VIIRS,n,2,294.07,1.17,N,2,VIIRS_NOAA20_SP
22.29748,83.28242,300.5,0.39,0.36,2023-11-20,2009,N20,VIIRS,n,2,290.09,0.32,N,0,VIIRS_NOAA20_SP
22.31358,84.76517,301.38,0.42,0.38,2023-11-20,2009,N20,VIIRS,n,2,290.81,0.92,N,0,VIIRS_NOAA20_SP
22.31505,82.53362,306.19,0.38,0.36,2023-11-20,2009,N20,VIIRS,n,2,291.74,0.82,N,2,VIIRS_NOAA20_SP
22.31563,82.52995,304.53,0.38,0.36,2023-11-20,2009,N20,VIIRS,n,2,293.28,0.82,N,2,VIIRS_NOAA20_SP
22.31636,82.73923,310.46,0.38,0.36,2023-11-20,2009,N20,VIIRS,n,2,292.29,1.31,N,0,VIIRS_NOAA20_SP
22.32026,82.56497,332.47,0.38,0.36,2023-11-20,2009,N20,VIIRS,n,2,292.9,3.59,N,2,VIIRS_NOAA20_SP
22.32216,82.59573,305.38,0.38,0.36,2023-11-20,2009,N20,VIIRS,n,2,291.98,0.79,N,0,VIIRS_NOAA20_SP
22.32354,82.56557,303.21,0.38,0.36,2023-11-20,2009,N20,VIIRS,n,2,292.68,0.88,N,2,VIIRS_NOAA20_SP
22.32487,82.60003,305.18,0.38,0.36,2023-11-20,2009,N20,VIIRS,n,2,292.14,1.09,N,2,VIIRS_NOAA20_SP
22.32516,82.68376,306.44,0.38,0.36,2023-11-20,2009,N20,VIIRS,n,2,292.2,0.77,N,2,VIIRS_NOAA20_SP
22.32538,82.66098,303.29,0.38,0.36,2023-11-20,2009,N20,VIIRS,n,2,292.72,0.78,N,2,VIIRS_NOAA20_SP
22.32845,82.68437,306.08,0.38,0.36,2023-11-20,2009,N20,VIIRS,n,2,292.24,0.77,N,2,VIIRS_NOAA20_SP
22.32984,82.65419,310.99,0.38,0.36,2023-11-20,2009,N20,VIIRS,n,2,293.58,1.44,N,2,VIIRS_NOAA20_SP
22.33043,82.65049,337.73,0.38,0.36,2023-11-20,2009,N20,VIIRS,n,2,294.11,7.6,N,0,VIIRS_NOAA20_SP
22.33086,82.60493,304.89,0.38,0.36,2023-11-20,2009,N20,VIIRS,n,2,292.91,0.85,N,2,VIIRS_NOAA20_SP
22.33208,82.53294,304.6,0.38,0.36,2023-11-20,2009,N20,VIIRS,n,2,293.23,0.6,N,2,VIIRS_NOAA20_SP
22.33313,82.65479,318.19,0.38,0.36,2023-11-20,2009,N20,VIIRS,n,2,294.0,1.44,N,2,VIIRS_NOAA20_SP
22.3454,82.57716,314.0,0.38,0.36,2023-11-20,2009,N20,VIIRS,n,2,292.77,1.53,N,0,VIIRS_NOAA20_SP
22.35603,82.29404,302.15,0.38,0.36,2023-11-20,2009,N20,VIIRS,n,2,291.83,0.41,N,0,VIIRS_NOAA20_SP
22.52389,77.50407,300.72,0.56,0.43,2023-11-20,2009,N20,VIIRS,n,2,288.59,0.83,N,0,VIIRS_NOAA20_SP
22.58885,85.90631,318.35,0.46,0.39,2023-11-20,2009,N20,VIIRS,n,2,292.77,1.67,N,2,VIIRS_NOAA20_SP
22.59321,85.90262,303.06,0.46,0.39,2023-11-20,2009,N20,VIIRS,n,2,291.93,0.63,N,2,VIIRS_NOAA20_SP
22.59385,77.86052,298.91,0.53,0.42,2023-11-20,2009,N20,VIIRS,n,2,288.86,0.4,N,0,VIIRS_NOAA20_SP
22.78753,86.20407,306.53,0.47,0.4,2023-11-20,2009,N20,VIIRS,n,2,294.57,1.39,N,2,VIIRS_NOAA20_SP
22.79032,86.2094,313.9,0.47,0.4,2023-11-20,2009,N20,VIIRS,n,2,293.98,1.39,N,2,VIIRS_NOAA20_SP
22.79114,86.20483,307.6,0.47,0.4,2023-11-20,2009,N20,VIIRS,n,2,295.23,1.39,N,2,VIIRS_NOAA20_SP
22.79195,86.20029,303.69,0.47,0.4,2023-11-20,2009,N20,VIIRS,n,2,293.3,3.18,N,3,VIIRS_NOAA20_SP
22.79556,86.20107,303.92,0.47,0.4,2023-11-20,2009,N20,VIIRS,n,2,292.82,1.1,N,3,VIIRS_NOAA20_SP
22.79638,86.19652,307.57,0.47,0.4,2023-11-20,2009,N20,VIIRS,n,2,294.11,1.1,N,2,VIIRS_NOAA20_SP
22.79835,86.20641,309.19,0.47,0.4,2023-11-20,2009,N20,VIIRS,n,2,292.89,1.6,N,2,VIIRS_NOAA20_SP
22.80061,86.08948,310.56,0.47,0.4,2023-11-20,2009,N20,VIIRS,n,2,294.38,1.95,N,2,VIIRS_NOAA20_SP
22.85627,86.05753,305.59,0.47,0.39,2023-11-20,2009,N20,VIIRS,n,2,291.77,0.93,N,2,VIIRS_NOAA20_SP
22.87418,86.06128,313.1,0.47,0.39,2023-11-20,2009,N20,VIIRS,n,2,292.61,1.71,N,2,VIIRS_NOAA20_SP
22.91278,86.07402,303.04,0.47,0.39,2023-11-20,2009,N20,VIIRS,n,2,290.55,0.83,N,2,VIIRS_NOAA20_SP
22.94186,79.59688,303.52,0.45,0.39,2023-11-20,2009,N20,VIIRS,n,2,288.71,0.71,N,0,VIIRS_NOAA20_SP
22.96362,85.99667,300.19,0.46,0.39,2023-11-20,2009,N20,VIIRS,n,2,290.07,0.66,N,0,VIIRS_NOAA20_SP
22.98809,72.58533,306.46,0.38,0.59,2023-11-20,2009,N20,VIIRS,n,2,292.31,0.28,N,0,VIIRS_NOAA20_SP
23.11936,77.93748,299.65,0.54,0.42,2023-11-20,2009,N20,VIIRS,n,2,288.62,0.68,N,0,VIIRS_NOAA20_SP
23.12054,77.93916,299.96,0.54,0.42,2023-11-20,2009,N20,VIIRS,n,2,288.91,0.7,N,0,VIIRS_NOAA20_SP
23.16821,82.34222,310.66,0.38,0.36,2023-11-20,2009,N20,VIIRS,n,2,291.68,0.93,N,2,VIIRS_NOAA20_SP
23.16879,82.3385,305.61,0.38,0.36,2023-11-20,2009,N20,VIIRS,n,2,291.32,0.93,N,2,VIIRS_NOAA20_SP
23.24585,78.2951,306.78,0.52,0.41,2023-11-20,2009,N20,VIIRS,n,2,289.01,1.42,N,0,VIIRS_NOAA20_SP
23.26403,70.24751,308.62,0.54,0.68,2023-11-20,2009,N20,VIIRS,n,2,292.25,1.26,N,0,VIIRS_NOAA20_SP
23.2667,70.24725,305.54,0.54,0.68,2023-11-20,2009,N20,VIIRS,n,2,291.94,1.24,N,0,VIIRS_NOAA20_SP
23.29525,77.90919,303.06,0.54,0.42,2023-11-20,2009,N20,VIIRS,n,2,288.38,0.56,N,0,VIIRS_NOAA20_SP
23.33019,70.21069,304.34,0.55,0.68,2023-11-20,2009,N20,VIIRS,n,2,290.64,1.2,N,0,VIIRS_NOAA20_SP
23.46211,77.68965,301.99,0.56,0.43,2023-11-20,2009,N20,VIIRS,n,2,288.34,0.57,N,0,VIIRS_NOAA20_SP
23.46271,77.68887,301.74,0.56,0.43,2023-11-20,2009,N20,VIIRS,n,2,287.86,0.85,N,0,VIIRS_NOAA20_SP
23.48298,87.35695,304.03,0.53,0.42,2023-11-20,2009,N20,VIIRS,n,2,293.13,0.94,N,2,VIIRS_NOAA20_SP
23.51313,87.27629,303.4,0.52,0.42,2023-11-20,2009,N20,VIIRS,n,2,292.29,1.55,N,2,VIIRS_NOAA20_SP
23.54818,86.54276,300.87,0.48,0.4,2023-11-20,2009,N20,VIIRS,n,2,290.47,1.03,N,2,VIIRS_NOAA20_SP
23.55085,87.24268,305.35,0.52,0.42,2023-11-20,2009,N20,VIIRS,n,2,293.21,1.35,N,3,VIIRS_NOAA20_SP
23.55462,87.24349,304.95,0.52,0.42,2023-11-20,2009,N20,VIIRS,n,2,293.78,1.35,N,3,VIIRS_NOAA20_SP
23.55838,87.24432,304.54,0.52,0.42,2023-11-20,2009,N20,VIIRS,n,2,290.97,2.11,N,2,VIIRS_NOAA20_SP
23.55931,87.23931,328.58,0.52,0.42,2023-11-20,2009,N20,VIIRS,n,2,292.47,2.11,N,2,VIIRS_NOAA20_SP
23.56097,87.08463,306.45,0.51,0.41,2023-11-20,2009,N20,VIIRS,n,2,292.23,1.09,N,2,VIIRS_NOAA20_SP
23.56118,87.22933,300.94,0.52,0.41,2023-11-20,2009,N20,VIIRS,n,2,290.68,0.84,N,2,VIIRS_NOAA20_SP
23.56378,87.09039,305.41,0.51,0.41,2023-11-20,2009,N20,VIIRS,n,2,292.06,1.24,N,2,VIIRS_NOAA20_SP
23.60691,87.15116,305.57,0.51,0.41,2023-11-20,2009,N20,VIIRS,n,2,291.7,1.38,N,2,VIIRS_NOAA20_SP
23.61157,87.14701,307.45,0.51,0.41,2023-11-20,2009,N20,VIIRS,n,2,293.96,1.38,N,2,VIIRS_NOAA20_SP
23.61599,86.78942,304.87,0.49,0.4,2023-11-20,2009,N20,VIIRS,n,2,292.96,2.34,N,2,VIIRS_NOAA20_SP
23.62344,85.64143,300.25,0.44,0.38,2023-11-20,2009,N20,VIIRS,n,2,288.04,0.41,N,2,VIIRS_NOAA20_SP
23.62807,86.28923,328.77,0.47,0.39,2023-11-20,2009,N20,VIIRS,n,2,290.25,2.78,N,2,VIIRS_NOAA20_SP
23.64132,85.39708,301.7,0.43,0.38,2023-11-20,2009,N20,VIIRS,n,2,289.53,0.54,N,0,VIIRS_NOAA20_SP
23.65075,85.56818,300.79,0.44,0.38,2023-11-20,2009,N20,VIIRS,n,2,290.42,0.51,N,2,VIIRS_NOAA20_SP
23.6688,84.99656,304.93,0.42,0.37,2023-11-20,2009,N20,VIIRS,n,2,289.43,0.8,N,2,VIIRS_NOAA20_SP
23.6692,86.41875,316.25,0.47,0.4,2023-11-20,2009,N20,VIIRS,n,2,292.37,1.88,N,2,VIIRS_NOAA20_SP
23.67009,86.11696,305.87,0.46,0.39,2023-11-20,2009,N20,VIIRS,n,2,291.56,0.63,N,2,VIIRS_NOAA20_SP
23.67183,86.93255,323.7,0.5,0.41,2023-11-20,2009,N20,VIIRS,n,2,292.14,3.19,N,2,VIIRS_NOAA20_SP
23.67327,86.93646,322.69,0.5,0.41,2023-11-20,2009,N20,VIIRS,n,2,291.65,2.5,N,2,VIIRS_NOAA20_SP
23.67562,86.086,311.29,0.46,0.39,2023-11-20,2009,N20,VIIRS,n,2,292.42,1.22,N,2,VIIRS_NOAA20_SP
23.67614,86.40129,306.9,0.47,0.4,2023-11-20,2009,N20,VIIRS,n,2,296.34,1.39,N,2,VIIRS_NOAA20_SP
23.67917,86.08675,302.59,0.46,0.39,2023-11-20,2009,N20,VIIRS,n,2,292.58,1.22,N,2,VIIRS_NOAA20_SP
23.68114,86.09635,310.06,0.46,0.39,2023-11-20,2009,N20,VIIRS,n,2,291.64,2.91,N,2,VIIRS_NOAA20_SP
23.68193,86.09193,331.61,0.46,0.39,2023-11-20,2009,N20,VIIRS,n,2,292.65,4.27,N,2,VIIRS_NOAA20_SP
23.6835,86.0831,306.15,0.46,0.39,2023-11-20,2009,N20,VIIRS,n,2,291.8,1.1,N,2,VIIRS_NOAA20_SP
23.68502,86.39367,330.59,0.47,0.4,2023-11-20,2009,N20,VIIRS,n,2,294.36,3.65,N,2,VIIRS_NOAA20_SP
23.68584,86.38917,313.16,0.47,0.4,2023-11-20,2009,N20,VIIRS,n,2,292.26,1.35,N,2,VIIRS_NOAA20_SP
23.68727,87.11854,311.36,0.51,0.41,2023-11-20,2009,N20,VIIRS,n,2,290.65,2.2,N,2,VIIRS_NOAA20_SP
23.68944,86.38992,306.2,0.47,0.4,2023-11-20,2009,N20,VIIRS,n,2,295.35,1.35,N,2,VIIRS_NOAA20_SP
23.69027,86.38539,303.24,0.47,0.4,2023-11-20,2009,N20,VIIRS,n,2,292.37,1.35,N,2,VIIRS_NOAA20_SP
23.69095,87.09881,310.55,0.51,0.41,2023-11-20,2009,N20,VIIRS,n,2,292.07,2.12,N,2,VIIRS_NOAA20_SP
23.691,87.11935,311.42,0.51,0.41,2023-11-20,2009,N20,VIIRS,n,2,292.73,1.45,N,2,VIIRS_NOAA20_SP
23.69284,87.10947,305.36,0.51,0.41,2023-11-20,2009,N20,VIIRS,n,2,291.37,1.24,N,2,VIIRS_NOAA20_SP
23.69376,87.10455,302.37,0.51,0.41,2023-11-20,2009,N20,VIIRS,n,2,290.71,1.97,N,2,VIIRS_NOAA20_SP
23.69383,87.12506,302.1,0.51,0.41,2023-11-20,2009,N20,VIIRS,n,2,291.35,1.45,N,2,VIIRS_NOAA20_SP
23.69474,87.12016,309.0,0.51,0.41,2023-11-20,2009,N20,VIIRS,n,2,293.27,1.45,N,2,VIIRS_NOAA20_SP
23.6953,85.29237,300.44,0.43,0.38,2023-11-20,2009,N20,VIIRS,n,2,290.11,0.99,N,0,VIIRS_NOAA20_SP
23.69565,87.11522,301.5,0.51,0.41,2023-11-20,2009,N20,VIIRS,n,2,291.16,1.24,N,2,VIIRS_NOAA20_SP
23.70791,86.06998,303.03,0.46,0.39,2023-11-20,2009,N20,VIIRS,n,2,288.94,0.65,N,2,VIIRS_NOAA20_SP
23.70838,85.40214,297.79,0.43,0.38,2023-11-20,2009,N20,VIIRS,n,2,287.62,0.54,N,0,VIIRS_NOAA20_SP
23.7172,86.44305,311.87,0.47,0.4,2023-11-20,2009,N20,VIIRS,n,2,294.45,2.18,N,2,VIIRS_NOAA20_SP
23.71939,85.01011,299.52,0.42,0.37,2023-11-20,2009,N20,VIIRS,n,2,288.63,1.0,N,2,VIIRS_NOAA20_SP
23.71999,86.44836,314.05,0.47,0.4,2023-11-20,2009,N20,VIIRS,n,2,299.7,3.0,N,2,VIIRS_NOAA20_SP
23.72524,86.44,309.48,0.47,0.4,2023-11-20,2009,N20,VIIRS,n,2,294.01,3.22,N,2,VIIRS_NOAA20_SP
23.72751,85.02432,300.16,0.42,0.37,2023-11-20,2009,N20,VIIRS,n,2,289.75,0.64,N,2,VIIRS_NOAA20_SP
23.73133,86.75695,312.27,0.49,0.4,2023-11-20,2009,N20,VIIRS,n,2,294.18,2.3,N,2,VIIRS_NOAA20_SP
23.73711,85.00948,310.42,0.42,0.37,2023-11-20,2009,N20,VIIRS,n,2,291.95,3.05,N,2,VIIRS_NOAA20_SP
23.7378,85.00542,302.47,0.42,0.37,2023-11-20,2009,N20,VIIRS,n,2,288.2,0.43,N,2,VIIRS_NOAA20_SP
23.74051,85.01017,310.05,0.42,0.37,2023-11-20,2009,N20,VIIRS,n,2,293.87,2.19,N,2,VIIRS_NOAA20_SP
23.74541,85.50755,303.24,0.43,0.38,2023-11-20,2009,N20,VIIRS,n,2,290.33,0.86,N,2,VIIRS_NOAA20_SP
23.74614,85.50336,305.03,0.43,0.38,2023-11-20,2009,N20,VIIRS,n,2,287.98,0.86,N,2,VIIRS_NOAA20_SP
23.74737,86.42097,307.63,0.47,0.4,2023-11-20,2009,N20,VIIRS,n,2,293.11,2.16,N,2,VIIRS_NOAA20_SP
23.75688,85.85398,311.68,0.45,0.39,2023-11-20,2009,N20,VIIRS,n,2,292.56,2.05,N,2,VIIRS_NOAA20_SP
23.75783,86.40427,331.01,0.47,0.4,2023-11-20,2009,N20,VIIRS,n,2,294.76,3.89,N,2,VIIRS_NOAA20_SP
23.75864,86.39975,338.5,0.47,0.4,2023-11-20,2009,N20,VIIRS,n,2,295.29,3.89,N,2,VIIRS_NOAA20_SP
23.76039,85.85473,307.93,0.45,0.39,2023-11-20,2009,N20,VIIRS,n,2,292.41,1.17,N,2,VIIRS_NOAA20_SP
23.76079,85.85345,307.32,0.45,0.39,2023-11-20,2009,N20,VIIRS,n,2,291.52,1.08,N,2,VIIRS_NOAA20_SP
23.76224,86.4005,319.45,0.47,0.4,2023-11-20,2009,N20,VIIRS,n,2,294.03,3.89,N,2,VIIRS_NOAA20_SP
23.76386,86.39143,322.46,0.47,0.4,2023-11-20,2009,N20,VIIRS,n,2,299.01,5.32,N,2,VIIRS_NOAA20_SP
23.76549,86.38232,306.82,0.47,0.4,2023-11-20,2009,N20,VIIRS,n,2,293.84,1.41,N,2,VIIRS_NOAA20_SP
23.76665,86.39672,311.13,0.47,0.4,2023-11-20,2009,N20,VIIRS,n,2,297.16,2.05,N,2,VIIRS_NOAA20_SP
23.76711,86.37323,316.7,0.47,0.4,2023-11-20,2009,N20,VIIRS,n,2,296.87,2.99,N,2,VIIRS_NOAA20_SP
23.76746,86.39218,318.4,0.47,0.4,2023-11-20,2009,N20,VIIRS,n,2,299.82,2.05,N,2,VIIRS_NOAA20_SP
23.76871,86.01292,302.44,0.45,0.39,2023-11-20,2009,N20,VIIRS,n,2,289.93,0.46,N,0,VIIRS_NOAA20_SP
23.76943,86.40203,310.75,0.47,0.4,2023-11-20,2009,N20,VIIRS,n,2,295.41,2.43,N,2,VIIRS_NOAA20_SP
23.77004,86.40388,306.46,0.47,0.4,2023-11-20,2009,N20,VIIRS,n,2,293.74,1.45,N,0,VIIRS_NOAA20_SP
23.77024,86.39748,307.13,0.47,0.4,2023-11-20,2009,N20,VIIRS,n,2,294.96,2.05,N,0,VIIRS_NOAA20_SP
23.77178,86.20152,310.21,0.46,0.39,2023-11-20,2009,N20,VIIRS,n,2,292.74,1.55,N,2,VIIRS_NOAA20_SP
23.77187,86.38837,308.28,0.47,0.4,2023-11-20,2009,N20,VIIRS,n,2,296.01,2.7,N,2,VIIRS_NOAA20_SP
23.77255,86.39025,308.68,0.47,0.4,2023-11-20,2009,N20,VIIRS,n,2,296.47,2.22,N,2,VIIRS_NOAA20_SP
23.77258,86.19704,302.43,0.46,0.39,2023-11-20,2009,N20,VIIRS,n,2,291.2,1.55,N,2,VIIRS_NOAA20_SP
23.77376,86.21117,307.56,0.46,0.39,2023-11-20,2009,N20,VIIRS,n,2,291.78,2.2,N,2,VIIRS_NOAA20_SP
23.77547,86.38911,328.78,0.47,0.4,2023-11-20,2009,N20,VIIRS,n,2,296.69,2.78,N,2,VIIRS_NOAA20_SP
23.77615,86.39099,307.32,0.47,0.4,2023-11-20,2009,N20,VIIRS,n,2,295.39,2.22,N,2,VIIRS_NOAA20_SP
23.77628,86.38457,310.46,0.47,0.4,2023-11-20,2009,N20,VIIRS,n,2,293.54,2.78,N,2,VIIRS_NOAA20_SP
23.77671,86.36118,304.14,0.47,0.4,2023-11-20,2009,N20,VIIRS,n,2,293.02,1.2,N,2,VIIRS_NOAA20_SP
23.77698,86.38643,333.82,0.47,0.4,2023-11-20,2009,N20,VIIRS,n,2,295.99,4.59,N,2,VIIRS_NOAA20_SP
23.77733,86.21188,312.2,0.46,0.39,2023-11-20,2009,N20,VIIRS,n,2,293.26,2.58,N,2,VIIRS_NOAA20_SP
23.77753,86.36311,308.55,0.47,0.4,2023-11-20,2009,N20,VIIRS,n,2,293.9,1.64,N,2,VIIRS_NOAA20_SP
23.77813,86.20742,314.11,0.46,0.39,2023-11-20,2009,N20,VIIRS,n,2,294.57,2.58,N,2,VIIRS_NOAA20_SP
23.77825,86.39442,322.74,0.47,0.4,2023-11-20,2009,N20,VIIRS,n,2,299.5,3.65,N,2,VIIRS_NOAA20_SP
23.77891,86.39629,314.58,0.47,0.4,2023-11-20,2009,N20,VIIRS,n,2,295.38,2.47,N,2,VIIRS_NOAA20_SP
23.77906,86.38985,324.01,0.47,0.4,2023-11-20,2009,N20,VIIRS,n,2,297.8,2.78,N,2,VIIRS_NOAA20_SP
23.77913,86.34762,303.08,0.47,0.4,2023-11-20,2009,N20,VIIRS,n,2,291.27,1.32,N,2,VIIRS_NOAA20_SP
23.77947,86.37289,309.69,0.47,0.4,2023-11-20,2009,N20,VIIRS,n,2,293.69,1.3,N,2,VIIRS_NOAA20_SP
23.77974,86.39173,323.36,0.47,0.4,2023-11-20,2009,N20,VIIRS,n,2,298.73,2.47,N,2,VIIRS_NOAA20_SP
23.77993,86.34309,318.24,0.47,0.4,2023-11-20,2009,N20,VIIRS,n,2,293.41,1.93,N,2,VIIRS_NOAA20_SP
23.78058,86.38718,309.71,0.47,0.4,2023-11-20,2009,N20,VIIRS,n,2,293.01,1.59,N,2,VIIRS_NOAA20_SP
23.78084,86.34505,329.51,0.47,0.4,2023-11-20,2009,N20,VIIRS,n,2,295.76,3.45,N,2,VIIRS_NOAA20_SP
23.78169,86.20815,340.83,0.46,0.39,2023-11-20,2009,N20,VIIRS,n,2,298.06,2.58,N,2,VIIRS_NOAA20_SP
23.78228,86.37175,317.23,0.47,0.4,2023-11-20,2009,N20,VIIRS,n,2,294.57,2.47,N,2,VIIRS_NOAA20_SP
23.78271,86.34836,305.16,0.47,0.4,2023-11-20,2009,N20,VIIRS,n,2,292.01,0.89,N,2,VIIRS_NOAA20_SP
23.78306,86.37363,306.88,0.47,0.4,2023-11-20,2009,N20,VIIRS,n,2,293.4,1.09,N,2,VIIRS_NOAA20_SP
23.78334,86.39249,319.43,0.47,0.4,2023-11-20,2009,N20,VIIRS,n,2,295.05,2.47,N,2,VIIRS_NOAA20_SP
23.78512,86.33481,312.19,0.47,0.4,2023-11-20,2009,N20,VIIRS,n,2,296.32,1.95,N,2,VIIRS_NOAA20_SP
23.78691,86.33223,323.16,0.47,0.39,2023-11-20,2009,N20,VIIRS,n,2,299.17,2.6,N,2,VIIRS_NOAA20_SP
23.78748,86.36987,304.93,0.47,0.4,2023-11-20,2009,N20,VIIRS,n,2,292.16,0.94,N,0,VIIRS_NOAA20_SP
23.78871,86.33555,304.01,0.47,0.4,2023-11-20,2009,N20,VIIRS,n,2,292.78,1.95,N,2,VIIRS_NOAA20_SP
23.79078,86.3518,306.88,0.47,0.4,2023-11-20,2009,N20,VIIRS,n,2,293.4,1.39,N,2,VIIRS_NOAA20_SP
23.79437,86.35255,330.8,0.47,0.4,2023-11-20,2009,N20,VIIRS,n,2,297.14,2.72,N,2,VIIRS_NOAA20_SP
23.79519,86.34807,308.06,0.47,0.4,2023-11-20,2009,N20,VIIRS,n,2,294.97,2.72,N,2,VIIRS_NOAA20_SP
23.79554,86.23432,311.22,0.46,0.39,2023-11-20,2009,N20,VIIRS,n,2,292.35,1.29,N,2,VIIRS_NOAA20_SP
23.7983,87.04832,303.73,0.5,0.41,2023-11-20,2009,N20,VIIRS,n,2,293.41,3.64,N,2,VIIRS_NOAA20_SP
23.80208,86.33072,304.87,0.47,0.39,2023-11-20,2009,N20,VIIRS,n,2,292.59,1.17,N,2,VIIRS_NOAA20_SP
23.8029,86.32622,313.35,0.47,0.39,2023-11-20,2009,N20,VIIRS,n,2,295.81,2.44,N,2,VIIRS_NOAA20_SP
23.80411,85.54131,302.27,0.43,0.38,2023-11-20,2009,N20,VIIRS,n,2,289.76,1.5,N,0,VIIRS_NOAA20_SP
23.80566,86.33147,313.77,0.47,0.39,2023-11-20,2009,N20,VIIRS,n,2,293.85,1.87,N,2,VIIRS_NOAA20_SP
23.80648,86.32698,322.8,0.47,0.39,2023-11-20,2009,N20,VIIRS,n,2,296.0,3.17,N,2,VIIRS_NOAA20_SP
23.80728,84.84518,306.13,0.41,0.37,2023-11-20,2009,N20,VIIRS,n,2,291.08,1.08,N,2,VIIRS_NOAA20_SP
23.80811,86.31802,310.74,0.47,0.39,2023-11-20,2009,N20,VIIRS,n,2,296.77,3.38,N,2,VIIRS_NOAA20_SP
23.80828,81.20411,301.87,0.4,0.37,2023-11-20,2009,N20,VIIRS,n,2,288.34,0.42,N,0,VIIRS_NOAA20_SP
23.82444,85.49668,311.63,0.43,0.38,2023-11-20,2009,N20,VIIRS,n,2,294.14,1.83,N,2,VIIRS_NOAA20_SP
23.82594,85.49809,316.11,0.43,0.38,2023-11-20,2009,N20,VIIRS,n,2,295.95,2.62,N,2,VIIRS_NOAA20_SP
23.83149,84.93159,301.02,0.41,0.37,2023-11-20,2009,N20,VIIRS,n,2,289.2,0.92,N,0,VIIRS_NOAA20_SP
23.99088,79.39335,303.9,0.47,0.39,2023-11-20,2009,N20,VIIRS,n,2,292.13,1.15,N,2,VIIRS_NOAA20_SP
24.05412,80.61335,308.56,0.42,0.38,2023-11-20,2009,N20,VIIRS,n,2,293.46,1.11,N,2,VIIRS_NOAA20_SP
24.15645,82.56769,305.8,0.38,0.36,2023-11-20,2009,N20,VIIRS,n,2,290.78,1.5,N,0,VIIRS_NOAA20_SP
24.15703,82.56394,328.0,0.38,0.36,2023-11-20,2009,N20,VIIRS,n,2,291.39,2.3,N,0,VIIRS_NOAA20_SP
24.16048,82.67257,329.2,0.38,0.36,2023-11-20,2009,N20,VIIRS,n,2,291.5,2.66,N,0,VIIRS_NOAA20_SP
24.16881,80.69377,309.25,0.42,0.37,2023-11-20,2009,N20,VIIRS,n,2,291.44,1.28,N,2,VIIRS_NOAA20_SP
24.17137,82.55884,314.26,0.38,0.36,2023-11-20,2009,N20,VIIRS,n,2,292.08,1.7,N,2,VIIRS_NOAA20_SP
24.18101,82.64937,319.48,0.38,0.36,2023-11-20,2009,N20,VIIRS,n,2,292.51,1.44,N,0,VIIRS_NOAA20_SP
24.1855,82.57689,307.66,0.38,0.36,2023-11-20,2009,N20,VIIRS,n,2,291.0,1.0,N,0,VIIRS_NOAA20_SP
24.18608,82.57314,303.28,0.38,0.36,2023-11-20,2009,N20,VIIRS,n,2,290.33,1.0,N,0,VIIRS_NOAA20_SP
24.19208,82.5781,309.08,0.38,0.36,2023-11-20,2009,N20,VIIRS,n,2,291.33,1.25,N,2,VIIRS_NOAA20_SP
24.20567,82.71109,329.03,0.38,0.36,2023-11-20,2009,N20,VIIRS,n,2,293.43,1.77,N,2,VIIRS_NOAA20_SP
24.20625,82.70735,306.78,0.38,0.36,2023-11-20,2009,N20,VIIRS,n,2,291.2,1.77,N,2,VIIRS_NOAA20_SP
24.20723,82.5261,310.27,0.39,0.36,2023-11-20,2009,N20,VIIRS,n,2,290.46,1.18,N,2,VIIRS_NOAA20_SP
24.20896,82.71172,312.64,0.38,0.36,2023-11-20,2009,N20,VIIRS,n,2,293.05,1.77,N,2,VIIRS_NOAA20_SP
24.32631,81.3258,307.62,0.4,0.37,2023-11-20,2009,N20,VIIRS,n,2,291.71,1.06,N,2,VIIRS_NOAA20_SP
24.56567,81.00207,305.85,0.41,0.37,2023-11-20,2009,N20,VIIRS,n,2,292.49,1.17,N,2,VIIRS_NOAA20_SP
24.71754,75.95291,303.38,0.49,0.49,2023-11-20,2009,N20,VIIRS,n,2,291.87,1.2,N,2,VIIRS_NOAA20_SP
25.30077,71.76611,300.9,0.46,0.63,2023-11-20,2009,N20,VIIRS,n,2,289.31,0.53,N,0,VIIRS_NOAA20_SP
25.30113,71.76154,299.13,0.46,0.63,2023-11-20,2009,N20,VIIRS,n,2,288.62,0.53,N,0,VIIRS_NOAA20_SP
25.79446,68.68984,301.64,0.72,0.76,2023-11-20,2009,N20,VIIRS,n,2,287.57,0.86,N,0,VIIRS_NOAA20_SP
26.09624,68.87489,311.53,0.7,0.75,2023-11-20,2009,N20,VIIRS,n,2,287.97,1.38,N,2,VIIRS_NOAA20_SP
26.09663,68.86772,299.6,0.71,0.75,2023-11-20,2009,N20,VIIRS,n,2,286.84,1.38,N,0,VIIRS_NOAA20_SP
26.09692,68.87627,309.11,0.7,0.75,2023-11-20,2009,N20,VIIRS,n,2,288.34,2.61,N,2,VIIRS_NOAA20_SP
26.09736,68.8691,307.02,0.7,0.75,2023-11-20,2009,N20,VIIRS,n,2,287.16,2.59,N,0,VIIRS_NOAA20_SP
17.66396,80.88219,324.97,0.39,0.36,2023-11-20,2010,N20,VIIRS,n,2,287.79,3.12,N,0,VIIRS_NOAA20_SP
18.63386,76.43722,302.91,0.38,0.44,2023-11-20,2010,N20,VIIRS,n,2,289.32,1.29,N,0,VIIRS_NOAA20_SP
18.68361,73.03516,308.41,0.63,0.54,2023-11-20,2010,N20,VIIRS,n,2,291.29,3.32,N,2,VIIRS_NOAA20_SP
18.68427,73.02912,304.65,0.63,0.54,2023-11-20,2010,N20,VIIRS,n,2,290.49,2.0,N,2,VIIRS_NOAA20_SP
18.72175,79.53494,318.86,0.41,0.37,2023-11-20,2010,N20,VIIRS,n,2,293.28,1.11,N,2,VIIRS_NOAA20_SP
18.72516,79.53551,305.8,0.41,0.37,2023-11-20,2010,N20,VIIRS,n,2,293.61,1.11,N,2,VIIRS_NOAA20_SP
19.02451,72.88773,323.5,0.33,0.55,2023-11-20,2010,N20,VIIRS,n,2,290.25,1.84,N,0,VIIRS_NOAA20_SP
19.09053,82.16597,297.52,0.39,0.36,2023-11-20,2010,N20,VIIRS,n,2,264.63,1.28,N,0,VIIRS_NOAA20_SP
19.09111,82.16233,328.62,0.39,0.36,2023-11-20,2010,N20,VIIRS,n,2,267.66,2.43,N,0,VIIRS_NOAA20_SP
19.09382,82.16655,297.91,0.39,0.36,2023-11-20,2010,N20,VIIRS,n,2,267.68,0.79,N,0,VIIRS_NOAA20_SP
19.10348,73.05021,305.4,0.32,0.55,2023-11-20,2010,N20,VIIRS,n,2,289.87,0.73,N,2,VIIRS_NOAA20_SP
19.10371,82.1683,299.43,0.39,0.36,2023-11-20,2010,N20,VIIRS,n,2,271.27,0.42,N,0,VIIRS_NOAA20_SP
19.33351,76.34469,306.29,0.4,0.44,2023-11-20,2010,N20,VIIRS,n,2,289.37,0.88,N,0,VIIRS_NOAA20_SP
19.33402,76.34443,308.31,0.4,0.44,2023-11-20,2010,N20,VIIRS,n,2,289.65,0.92,N,0,VIIRS_NOAA20_SP
19.35126,71.30277,330.7,0.42,0.61,2023-11-20,2010,N20,VIIRS,n,2,293.09,2.08,N,3,VIIRS_NOAA20_SP
19.35167,71.29874,312.74,0.42,0.61,2023-11-20,2010,N20,VIIRS,n,2,292.71,2.08,N,3,VIIRS_NOAA20_SP
19.37239,71.35218,319.68,0.42,0.61,2023-11-20,2010,N20,VIIRS,n,2,293.08,1.58,N,3,VIIRS_NOAA20_SP
19.37277,71.34818,306.02,0.42,0.61,2023-11-20,2010,N20,VIIRS,n,2,293.01,1.58,N,3,VIIRS_NOAA20_SP
19.37491,71.35017,318.24,0.42,0.61,2023-11-20,2010,N20,VIIRS,n,2,293.15,2.27,N,3,VIIRS_NOAA20_SP
19.38235,76.05315,309.7,0.41,0.45,2023-11-20,2010,N20,VIIRS,n,2,290.2,1.03,N,0,VIIRS_NOAA20_SP
19.46488,77.75259,324.95,0.5,0.41,2023-11-20,2010,N20,VIIRS,n,2,289.78,1.87,N,0,VIIRS_NOAA20_SP
19.78878,79.14632,311.89,0.43,0.38,2023-11-20,2010,N20,VIIRS,n,2,293.79,1.34,N,2,VIIRS_NOAA20_SP
19.9184,79.30738,302.91,0.43,0.38,2023-11-20,2010,N20,VIIRS,n,2,292.21,0.65,N,0,VIIRS_NOAA20_SP
19.96419,79.33569,307.45,0.43,0.38,2023-11-20,2010,N20,VIIRS,n,2,291.57,0.62,N,2,VIIRS_NOAA20_SP
19.97072,79.0876,307.45,0.44,0.38,2023-11-20,2010,N20,VIIRS,n,2,292.65,0.75,N,0,VIIRS_NOAA20_SP
20.00744,79.18282,302.62,0.44,0.38,2023-11-20,2010,N20,VIIRS,n,2,292.53,0.71,N,0,VIIRS_NOAA20_SP
20.35892,72.9489,308.21,0.34,0.56,2023-11-20,2010,N20,VIIRS,n,2,289.35,0.47,N,0,VIIRS_NOAA20_SP
20.52852,74.5387,302.49,0.53,0.5,2023-11-20,2010,N20,VIIRS,n,2,291.08,0.84,N,0,VIIRS_NOAA20_SP
20.91384,71.45754,305.39,0.43,0.62,2023-11-20,2010,N20,VIIRS,n,2,292.68,0.81,N,0,VIIRS_NOAA20_SP
21.10355,72.65044,305.7,0.36,0.57,2023-11-20,2010,N20,VIIRS,n,2,294.14,4.48,N,2,VIIRS_NOAA20_SP
21.10496,72.63652,309.68,0.36,0.57,2023-11-20,2010,N20,VIIRS,n,2,293.54,1.89,N,2,VIIRS_NOAA20_SP
21.10531,72.63302,329.47,0.36,0.57,2023-11-20,2010,N20,VIIRS,n,2,293.83,1.89,N,2,VIIRS_NOAA20_SP
21.10954,72.64411,354.77,0.36,0.57,2023-11-20,2010,N20,VIIRS,n,2,295.4,7.15,N,2,VIIRS_NOAA20_SP
21.1106,72.63365,306.9,0.36,0.57,2023-11-20,2010,N20,VIIRS,n,2,294.74,1.89,N,2,VIIRS_NOAA20_SP
21.17228,81.3762,303.88,0.39,0.36,2023-11-20,2010,N20,VIIRS,n,2,291.89,1.03,N,0,VIIRS_NOAA20_SP
21.18108,81.38535,308.36,0.39,0.36,2023-11-20,2010,N20,VIIRS,n,2,294.72,1.08,N,3,VIIRS_NOAA20_SP
21.18164,81.38164,308.2,0.39,0.36,2023-11-20,2010,N20,VIIRS,n,2,293.11,0.96,N,2,VIIRS_NOAA20_SP
21.18439,81.38592,308.64,0.39,0.36,2023-11-20,2010,N20,VIIRS,n,2,295.02,1.08,N,3,VIIRS_NOAA20_SP
21.18495,81.38221,313.23,0.39,0.36,2023-11-20,2010,N20,VIIRS,n,2,294.13,0.96,N,2,VIIRS_NOAA20_SP
21.23336,79.62916,311.76,0.43,0.38,2023-11-20,2010,N20,VIIRS,n,2,294.05,1.76,N,2,VIIRS_NOAA20_SP
21.24242,79.23238,307.28,0.44,0.39,2023-11-20,2010,N20,VIIRS,n,2,291.6,1.3,N,2,VIIRS_NOAA20_SP
21.24713,79.22443,312.93,0.45,0.39,2023-11-20,2010,N20,VIIRS,n,2,294.72,1.64,N,2,VIIRS_NOAA20_SP
21.28025,79.14205,306.19,0.45,0.39,2023-11-20,2010,N20,VIIRS,n,2,290.56,0.9,N,0,VIIRS_NOAA20_SP
21.41512,72.87901,303.01,0.35,0.57,2023-11-20,2010,N20,VIIRS,n,2,291.46,0.29,N,0,VIIRS_NOAA20_SP
22.3288,69.83728,320.21,0.56,0.69,2023-11-20,2010,N20,VIIRS,n,2,293.16,2.67,N,0,VIIRS_NOAA20_SP
22.34517,69.87249,301.99,0.56,0.69,2023-11-20,2010,N20,VIIRS,n,2,291.68,0.94,N,0,VIIRS_NOAA20_SP
15.1385,76.70988,304.62,0.51,0.41,2023-11-20,2011,N20,VIIRS,n,2,291.23,0.58,N,2,VIIRS_NOAA20_SP
15.16899,76.37753,307.27,0.53,0.42,2023-11-20,2011,N20,VIIRS,n,2,292.41,1.24,N,0,VIIRS_NOAA20_SP
15.17141,76.66678,322.9,0.51,0.41,2023-11-20,2011,N20,VIIRS,n,2,292.87,3.79,N,2,VIIRS_NOAA20_SP
15.17282,76.37807,304.09,0.53,0.42,2023-11-20,2011,N20,VIIRS,n,2,292.82,1.24,N,2,VIIRS_NOAA20_SP
15.17651,76.65789,310.04,0.51,0.41,2023-11-20,2011,N20,VIIRS,n,2,293.48,2.78,N,2,VIIRS_NOAA20_SP
15.17717,76.65317,311.05,0.51,0.41,2023-11-20,2011,N20,VIIRS,n,2,293.36,1.77,N,2,VIIRS_NOAA20_SP
15.17762,76.67725,306.06,0.51,0.41,2023-11-20,2011,N20,VIIRS,n,2,291.93,1.58,N,2,VIIRS_NOAA20_SP
15.18095,76.65371,309.26,0.51,0.41,2023-11-20,2011,N20,VIIRS,n,2,292.53,1.77,N,2,VIIRS_NOAA20_SP
15.18672,76.64008,318.24,0.51,0.41,2023-11-20,2011,N20,VIIRS,n,2,291.34,1.8,N,2,VIIRS_NOAA20_SP
15.18739,76.63796,316.23,0.51,0.41,2023-11-20,2011,N20,VIIRS,n,2,291.1,2.01,N,0,VIIRS_NOAA20_SP
15.18782,76.65951,305.84,0.51,0.41,2023-11-20,2011,N20,VIIRS,n,2,293.26,1.78,N,2,VIIRS_NOAA20_SP
15.18849,76.65479,311.51,0.51,0.41,2023-11-20,2011,N20,VIIRS,n,2,293.85,2.77,N,2,VIIRS_NOAA20_SP
15.1886,76.65743,309.98,0.51,0.41,2023-11-20,2011,N20,VIIRS,n,2,294.68,2.74,N,2,VIIRS_NOAA20_SP
15.18924,76.65271,307.37,0.51,0.41,2023-11-20,2011,N20,VIIRS,n,2,293.11,2.06,N,2,VIIRS_NOAA20_SP
15.19647,76.37656,304.15,0.53,0.42,2023-11-20,2011,N20,VIIRS,n,2,291.75,0.77,N,2,VIIRS_NOAA20_SP
15.3378,76.2789,323.24,0.54,0.42,2023-11-20,2011,N20,VIIRS,n,2,292.64,3.31,N,2,VIIRS_NOAA20_SP
15.66044,73.98712,303.08,0.5,0.49,2023-11-20,2011,N20,VIIRS,n,2,292.7,0.75,N,2,VIIRS_NOAA20_SP
15.90361,75.57333,302.76,0.4,0.44,2023-11-20,2011,N20,VIIRS,n,2,287.79,0.8,N,0,VIIRS_NOAA20_SP
15.92733,75.76762,299.22,0.39,0.44,2023-11-20,2011,N20,VIIRS,n,2,289.08,0.42,N,0,VIIRS_NOAA20_SP
15.9275,75.58064,315.85,0.4,0.44,2023-11-20,2011,N20,VIIRS,n,2,288.8,1.71,N,0,VIIRS_NOAA20_SP
15.93797,75.65749,303.56,0.4,0.44,2023-11-20,2011,N20,VIIRS,n,2,289.52,0.84,N,0,VIIRS_NOAA20_SP
16.23825,76.04305,299.5,0.57,0.43,2023-11-20,2011,N20,VIIRS,n,2,288.28,0.57,N,0,VIIRS_NOAA20_SP
16.24084,76.04401,301.03,0.57,0.43,2023-11-20,2011,N20,VIIRS,n,2,288.61,0.38,N,0,VIIRS_NOAA20_SP
16.26613,75.26757,308.77,0.42,0.45,2023-11-20,2011,N20,VIIRS,n,2,287.45,1.44,N,0,VIIRS_NOAA20_SP
16.26663,75.26363,312.29,0.42,0.45,2023-11-20,2011,N20,VIIRS,n,2,287.07,1.56,N,0,VIIRS_NOAA20_SP
16.27787,75.20887,339.23,0.43,0.46,2023-11-20,2011,N20,VIIRS,n,2,288.62,6.35,N,0,VIIRS_NOAA20_SP
16.3176,75.16544,309.74,0.43,0.46,2023-11-20,2011,N20,VIIRS,n,2,288.9,3.94,N,0,VIIRS_NOAA20_SP
16.31812,75.16144,337.01,0.43,0.46,2023-11-20,2011,N20,VIIRS,n,2,289.33,3.94,N,0,VIIRS_NOAA20_SP
16.63714,81.59582,298.94,0.39,0.36,2023-11-20,2011,N20,VIIRS,n,2,282.27,0.11,N,0,VIIRS_NOAA20_SP
17.06625,76.97819,296.33,0.51,0.41,2023-11-20,2011,N20,VIIRS,n,2,272.23,0.85,N,2,VIIRS_NOAA20_SP
17.13939,77.1765,301.07,0.5,0.41,2023-11-20,2011,N20,VIIRS,n,2,285.58,0.87,N,0,VIIRS_NOAA20_SP
17.14249,77.18176,302.24,0.5,0.41,2023-11-20,2011,N20,VIIRS,n,2,286.13,0.93,N,2,VIIRS_NOAA20_SP
17.14685,78.22474,302.19,0.45,0.39,2023-11-20,2011,N20,VIIRS,n,2,285.96,0.96,N,2,VIIRS_NOAA20_SP
17.46498,80.65292,312.99,0.39,0.36,2023-11-20,2011,N20,VIIRS,n,2,285.39,1.73,N,0,VIIRS_NOAA20_SP
17.58306,74.16399,301.97,0.52,0.5,2023-11-20,2011,N20,VIIRS,n,2,288.91,0.95,N,0,VIIRS_NOAA20_SP
17.69944,77.31092,296.97,0.5,0.41,2023-11-20,2011,N20,VIIRS,n,2,269.48,0.37,N,0,VIIRS_NOAA20_SP
11.79572,78.91193,304.27,0.39,0.36,2023-11-20,2012,N20,VIIRS,n,2,289.29,0.84,N,0,VIIRS_NOAA20_SP
11.80988,77.92354,305.7,0.42,0.37,2023-11-20,2012,N20,VIIRS,n,2,291.35,1.34,N,2,VIIRS_NOAA20_SP
11.81045,77.91976,304.42,0.42,0.37,2023-11-20,2012,N20,VIIRS,n,2,290.47,0.99,N,2,VIIRS_NOAA20_SP
11.81786,77.91704,329.49,0.42,0.37,2023-11-20,2012,N20,VIIRS,n,2,290.16,3.44,N,2,VIIRS_NOAA20_SP
13.13901,75.80136,301.22,0.54,0.42,2023-11-20,2012,N20,VIIRS,n,2,286.87,0.59,N,0,VIIRS_NOAA20_SP
13.14055,75.80312,302.21,0.54,0.42,2023-11-20,2012,N20,VIIRS,n,2,287.21,1.01,N,0,VIIRS_NOAA20_SP
13.89917,76.56447,305.81,0.5,0.41,2023-11-20,2012,N20,VIIRS,n,2,290.19,1.0,N,2,VIIRS_NOAA20_SP
13.90107,76.56279,304.64,0.5,0.41,2023-11-20,2012,N20,VIIRS,n,2,290.25,0.91,N,2,VIIRS_NOAA20_SP
14.89949,75.4826,299.7,0.39,0.44,2023-11-20,2012,N20,VIIRS,n,2,288.87,0.43,N,0,VIIRS_NOAA20_SP
9.97936,76.37421,306.8,0.46,0.39,2023-11-20,2013,N20,VIIRS,n,2,292.46,1.66,N,2,VIIRS_NOAA20_SP
35.96715,68.68616,295.51,0.48,0.48,2023-11-20,2146,N20,VIIRS,n,2,282.73,0.89,N,0,VIIRS_NOAA20_SP
30.78457,74.89056,325.51,0.71,0.75,2023-11-20,2147,N20,VIIRS,n,2,284.45,6.52,N,0,VIIRS_NOAA20_SP
30.78599,74.89081,328.57,0.7,0.75,2023-11-20,2147,N20,VIIRS,n,2,284.97,4.99,N,0,VIIRS_NOAA20_SP
30.79113,74.89314,298.28,0.71,0.75,2023-11-20,2147,N20,VIIRS,n,2,283.27,1.51,N,0,VIIRS_NOAA20_SP
30.82456,74.62354,303.31,0.68,0.74,2023-11-20,2147,N20,VIIRS,n,2,282.78,2.13,N,0,VIIRS_NOAA20_SP
30.82648,74.61681,296.46,0.68,0.74,2023-11-20,2147,N20,VIIRS,n,2,281.97,1.95,N,0,VIIRS_NOAA20_SP
32.08723,74.16542,297.8,0.59,0.7,2023-11-20,2147,N20,VIIRS,n,2,284.82,0.66,N,2,VIIRS_NOAA20_SP
32.0889,74.15943,297.51,0.59,0.7,2023-11-20,2147,N20,VIIRS,n,2,284.3,0.66,N,2,VIIRS_NOAA20_SP
32.09046,74.16077,296.04,0.59,0.7,2023-11-20,2147,N20,VIIRS,n,2,284.97,0.73,N,0,VIIRS_NOAA20_SP
32.10571,74.17261,295.13,0.59,0.7,2023-11-20,2147,N20,VIIRS,n,2,284.87,0.61,N,0,VIIRS_NOAA20_SP
32.28915,70.73893,302.09,0.38,0.58,2023-11-20,2147,N20,VIIRS,n,2,289.67,1.49,N,2,VIIRS_NOAA20_SP
32.29708,70.72968,295.4,0.37,0.58,2023-11-20,2147,N20,VIIRS,n,2,283.61,0.58,N,2,VIIRS_NOAA20_SP
32.72291,72.9226,296.28,0.49,0.65,2023-11-20,2147,N20,VIIRS,n,2,283.28,0.98,N,2,VIIRS_NOAA20_SP
32.89051,71.61863,298.45,0.41,0.6,2023-11-20,2147,N20,VIIRS,n,2,285.85,1.55,N,2,VIIRS_NOAA20_SP
32.89112,71.61831,298.24,0.41,0.6,2023-11-20,2147,N20,VIIRS,n,2,285.25,0.95,N,2,VIIRS_NOAA20_SP
32.89153,71.61465,304.29,0.41,0.6,2023-11-20,2147,N20,VIIRS,n,2,285.4,1.82,N,2,VIIRS_NOAA20_SP
32.89215,71.61436,298.65,0.41,0.6,2023-11-20,2147,N20,VIIRS,n,2,284.82,0.92,N,0,VIIRS_NOAA20_SP
33.54634,71.55012,298.48,0.39,0.59,2023-11-20,2147,N20,VIIRS,n,2,285.05,0.48,N,2,VIIRS_NOAA20_SP
33.80381,72.09818,298.69,0.41,0.61,2023-11-20,2147,N20,VIIRS,n,2,284.64,0.66,N,0,VIIRS_NOAA20_SP
28.60982,68.63417,297.72,0.34,0.56,2023-11-20,2148,N20,VIIRS,n,2,284.61,0.39,N,0,VIIRS_NOAA20_SP
28.61141,68.62737,321.96,0.34,0.56,2023-11-20,2148,N20,VIIRS,n,2,288.06,2.0,N,0,VIIRS_NOAA20_SP
28.6122,68.62398,304.65,0.34,0.56,2023-11-20,2148,N20,VIIRS,n,2,285.56,1.31,N,0,VIIRS_NOAA20_SP
30.13066,75.33141,297.17,0.78,0.78,2023-11-20,2148,N20,VIIRS,n,2,283.41,1.76,N,0,VIIRS_NOAA20_SP
30.13071,75.33908,297.1,0.78,0.78,2023-11-20,2148,N20,VIIRS,n,2,283.75,1.51,N,0,VIIRS_NOAA20_SP
31.09593,72.00267,311.57,0.47,0.64,2023-11-20,2148,N20,VIIRS,n,2,282.46,1.72,N,0,VIIRS_NOAA20_SP
25.30003,71.76559,301.96,0.63,0.72,2023-11-20,2149,N20,VIIRS,n,2,288.47,0.65,N,0,VIIRS_NOAA20_SP
25.39967,68.56349,302.97,0.4,0.6,2023-11-20,2149,N20,VIIRS,n,2,283.03,0.34,N,2,VIIRS_NOAA20_SP
25.79634,68.69781,307.42,0.4,0.6,2023-11-20,2149,N20,VIIRS,n,2,287.44,1.1,N,2,VIIRS_NOAA20_SP
25.84859,68.52483,299.56,0.39,0.59,2023-11-20,2149,N20,VIIRS,n,2,286.7,0.53,N,0,VIIRS_NOAA20_SP
25.96931,68.40804,302.8,0.38,0.59,2023-11-20,2149,N20,VIIRS,n,2,286.77,0.95,N,0,VIIRS_NOAA20_SP
26.09503,68.87897,332.91,0.41,0.6,2023-11-20,2149,N20,VIIRS,n,2,289.65,2.66,N,2,VIIRS_NOAA20_SP
26.09596,68.87505,299.33,0.4,0.6,2023-11-20,2149,N20,VIIRS,n,2,287.31,1.71,N,2,VIIRS_NOAA20_SP
27.98875,69.53906,296.87,0.4,0.6,2023-11-20,2149,N20,VIIRS,n,2,286.06,0.48,N,0,VIIRS_NOAA20_SP
20.91016,71.45618,301.97,0.76,0.77,2023-11-20,2150,N20,VIIRS,n,2,290.56,1.07,N,2,VIIRS_NOAA20_SP
20.91201,71.45705,302.02,0.77,0.77,2023-11-20,2150,N20,VIIRS,n,2,290.49,1.33,N,2,VIIRS_NOAA20_SP
22.342,69.88308,326.65,0.57,0.69,2023-11-20,2150,N20,VIIRS,n,2,292.02,5.4,N,2,VIIRS_NOAA20_SP
22.3433,69.87772,327.87,0.57,0.69,2023-11-20,2150,N20,VIIRS,n,2,292.03,5.85,N,2,VIIRS_NOAA20_SP
22.92449,70.10485,308.1,0.57,0.69,2023-11-20,2150,N20,VIIRS,n,2,290.9,0.97,N,0,VIIRS_NOAA20_SP
22.92975,69.822,302.04,0.55,0.68,2023-11-20,2150,N20,VIIRS,n,2,291.62,0.47,N,2,VIIRS_NOAA20_SP
23.4066,72.41302,299.92,0.77,0.77,2023-11-20,2150,N20,VIIRS,n,2,289.65,0.87,N,0,VIIRS_NOAA20_SP
12.44027,79.18596,334.31,0.44,0.62,2023-11-21,719,N20,VIIRS,n,2,288.25,4.13,D,0,VIIRS_NOAA20_SP
12.44321,79.18504,329.55,0.44,0.62,2023-11-21,719,N20,VIIRS,n,2,287.93,2.95,D,0,VIIRS_NOAA20_SP
15.52521,78.57149,342.67,0.42,0.61,2023-11-21,720,N20,VIIRS,n,2,292.77,8.29,D,0,VIIRS_NOAA20_SP
15.52599,78.57533,335.02,0.42,0.61,2023-11-21,720,N20,VIIRS,n,2,292.17,7.78,D,0,VIIRS_NOAA20_SP
15.76189,78.36375,333.74,0.43,0.62,2023-11-21,720,N20,VIIRS,n,2,293.06,6.67,D,0,VIIRS_NOAA20_SP
15.7627,78.36768,367.0,0.43,0.62,2023-11-21,720,N20,VIIRS,h,2,293.96,6.67,D,0,VIIRS_NOAA20_SP
15.76429,78.36498,355.21,0.43,0.62,2023-11-21,720,N20,VIIRS,n,2,294.27,9.77,D,0,VIIRS_NOAA20_SP
15.76508,78.3689,367.0,0.43,0.62,2023-11-21,720,N20,VIIRS,h,2,293.27,9.77,D,0,VIIRS_NOAA20_SP
15.76826,78.36644,340.69,0.43,0.62,2023-11-21,720,N20,VIIRS,n,2,292.57,6.67,D,0,VIIRS_NOAA20_SP
16.48262,95.54419,334.82,0.51,0.49,2023-11-21,720,N20,VIIRS,n,2,294.36,3.87,D,0,VIIRS_NOAA20_SP
16.55569,96.37968,330.06,0.58,0.52,2023-11-21,720,N20,VIIRS,n,2,294.53,3.64,D,0,VIIRS_NOAA20_SP
16.56839,96.40572,334.85,0.58,0.52,2023-11-21,720,N20,VIIRS,n,2,292.75,4.26,D,0,VIIRS_NOAA20_SP
16.65194,97.64737,330.51,0.35,0.57,2023-11-21,720,N20,VIIRS,n,2,296.75,2.19,D,0,VIIRS_NOAA20_SP
16.66886,95.19382,338.0,0.48,0.48,2023-11-21,720,N20,VIIRS,n,2,291.9,5.37,D,0,VIIRS_NOAA20_SP
16.67411,96.66149,337.88,0.61,0.53,2023-11-21,720,N20,VIIRS,n,2,295.54,7.77,D,0,VIIRS_NOAA20_SP
16.68477,97.26498,333.57,0.33,0.55,2023-11-21,720,N20,VIIRS,n,2,296.66,2.19,D,0,VIIRS_NOAA20_SP
16.68523,97.61353,328.88,0.35,0.57,2023-11-21,720,N20,VIIRS,n,2,298.03,2.34,D,0,VIIRS_NOAA20_SP
16.68589,97.61279,330.5,0.35,0.57,2023-11-21,720,N20,VIIRS,n,2,298.18,3.57,D,0,VIIRS_NOAA20_SP
16.75655,97.34923,333.96,0.34,0.56,2023-11-21,720,N20,VIIRS,n,2,296.62,2.0,D,0,VIIRS_NOAA20_SP
16.75898,97.35025,332.66,0.34,0.56,2023-11-21,720,N20,VIIRS,n,2,296.35,2.37,D,0,VIIRS_NOAA20_SP
16.94881,94.91993,337.27,0.47,0.48,2023-11-21,720,N20,VIIRS,n,2,297.17,5.9,D,0,VIIRS_NOAA20_SP
17.00454,97.07875,349.64,0.33,0.55,2023-11-21,720,N20,VIIRS,n,2,296.52,3.71,D,0,VIIRS_NOAA20_SP
17.09798,96.56387,338.54,0.6,0.53,2023-11-21,720,N20,VIIRS,n,2,297.25,7.68,D,0,VIIRS_NOAA20_SP
17.10439,97.15543,343.46,0.33,0.55,2023-11-21,720,N20,VIIRS,n,2,296.91,4.67,D,0,VIIRS_NOAA20_SP
17.11485,97.11017,331.31,0.33,0.55,2023-11-21,720,N20,VIIRS,n,2,295.6,2.85,D,0,VIIRS_NOAA20_SP
17.12132,97.12199,342.16,0.33,0.55,2023-11-21,720,N20,VIIRS,n,2,296.23,2.94,D,0,VIIRS_NOAA20_SP
17.12201,96.81362,341.07,0.63,0.54,2023-11-21,720,N20,VIIRS,n,2,297.06,6.11,D,0,VIIRS_NOAA20_SP
17.12301,96.81725,338.55,0.63,0.54,2023-11-21,720,N20,VIIRS,n,2,296.36,9.31,D,0,VIIRS_NOAA20_SP
17.14589,97.157,332.17,0.33,0.55,2023-11-21,720,N20,VIIRS,n,2,294.86,2.15,D,0,VIIRS_NOAA20_SP
17.14695,97.16636,331.38,0.33,0.55,2023-11-21,720,N20,VIIRS,n,2,294.3,1.32,D,0,VIIRS_NOAA20_SP
17.16858,97.14611,345.52,0.33,0.55,2023-11-21,720,N20,VIIRS,n,2,298.72,4.87,D,0,VIIRS_NOAA20_SP
17.1707,97.14787,338.01,0.33,0.55,2023-11-21,720,N20,VIIRS,n,2,297.81,4.33,D,0,VIIRS_NOAA20_SP
17.18899,97.14376,367.0,0.33,0.55,2023-11-21,720,N20,VIIRS,h,2,298.45,6.36,D,0,VIIRS_NOAA20_SP
17.21465,97.00321,329.2,0.32,0.55,2023-11-21,720,N20,VIIRS,n,2,295.6,1.52,D,0,VIIRS_NOAA20_SP
17.22687,96.84129,331.26,0.63,0.54,2023-11-21,720,N20,VIIRS,n,2,297.43,5.28,D,0,VIIRS_NOAA20_SP
17.24882,96.94383,338.93,0.32,0.55,2023-11-21,720,N20,VIIRS,n,2,296.25,1.46,D,0,VIIRS_NOAA20_SP
17.25087,96.82503,330.02,0.63,0.54,2023-11-21,720,N20,VIIRS,n,2,294.64,4.69,D,0,VIIRS_NOAA20_SP
17.26545,95.16643,330.93,0.49,0.49,2023-11-21,720,N20,VIIRS,n,2,295.7,3.16,D,0,VIIRS_NOAA20_SP
17.27245,96.97673,332.89,0.32,0.55,2023-11-21,720,N20,VIIRS,n,2,295.82,2.14,D,0,VIIRS_NOAA20_SP
17.27589,95.03685,330.33,0.48,0.48,2023-11-21,720,N20,VIIRS,n,2,294.93,4.67,D,0,VIIRS_NOAA20_SP
17.28557,96.68365,332.41,0.62,0.54,2023-11-21,720,N20,VIIRS,n,2,296.24,5.56,D,0,VIIRS_NOAA20_SP
17.33662,96.9109,336.21,0.32,0.55,2023-11-21,720,N20,VIIRS,n,2,292.82,2.81,D,0,VIIRS_NOAA20_SP
17.38471,96.61672,340.48,0.61,0.54,2023-11-21,720,N20,VIIRS,n,2,294.36,4.53,D,0,VIIRS_NOAA20_SP
17.40709,96.86089,335.13,0.32,0.54,2023-11-21,720,N20,VIIRS,n,2,295.64,2.13,D,0,VIIRS_NOAA20_SP
17.42074,95.87306,331.91,0.55,0.51,2023-11-21,720,N20,VIIRS,n,2,294.87,3.12,D,0,VIIRS_NOAA20_SP
17.43386,96.78354,340.43,0.63,0.54,2023-11-21,720,N20,VIIRS,n,2,291.2,9.71,D,0,VIIRS_NOAA20_SP
17.46953,96.87384,329.39,0.32,0.55,2023-11-21,720,N20,VIIRS,n,2,295.89,1.18,D,0,VIIRS_NOAA20_SP
17.66656,95.15923,344.31,0.5,0.49,2023-11-21,720,N20,VIIRS,n,2,297.39,6.81,D,0,VIIRS_NOAA20_SP
17.68314,96.7361,329.88,0.63,0.54,2023-11-21,720,N20,VIIRS,n,2,297.67,4.58,D,0,VIIRS_NOAA20_SP
17.71257,96.81939,337.41,0.32,0.55,2023-11-21,720,N20,VIIRS,n,2,296.79,3.79,D,0,VIIRS_NOAA20_SP
17.73838,96.82256,335.05,0.32,0.55,2023-11-21,720,N20,VIIRS,n,2,297.38,2.18,D,0,VIIRS_NOAA20_SP
17.75108,96.79969,367.0,0.32,0.54,2023-11-21,720,N20,VIIRS,h,2,298.96,8.18,D,0,VIIRS_NOAA20_SP
17.78676,96.80263,339.48,0.32,0.55,2023-11-21,720,N20,VIIRS,n,2,296.44,2.49,D,0,VIIRS_NOAA20_SP
17.88575,95.31415,332.86,0.51,0.49,2023-11-21,720,N20,VIIRS,n,2,295.11,3.25,D,0,VIIRS_NOAA20_SP
17.9484,96.61156,330.72,0.62,0.54,2023-11-21,720,N20,VIIRS,n,2,292.27,3.72,D,0,VIIRS_NOAA20_SP
17.96688,96.54141,337.71,0.62,0.54,2023-11-21,720,N20,VIIRS,n,2,295.75,7.18,D,0,VIIRS_NOAA20_SP
17.98557,96.57491,342.11,0.62,0.54,2023-11-21,720,N20,VIIRS,n,2,296.26,12.36,D,0,VIIRS_NOAA20_SP
18.04838,96.82469,355.23,0.32,0.55,2023-11-21,720,N20,VIIRS,n,2,296.72,6.35,D,0,VIIRS_NOAA20_SP
18.12292,97.9316,330.41,0.38,0.59,2023-11-21,720,N20,VIIRS,n,2,296.36,2.78,D,0,VIIRS_NOAA20_SP
18.12328,97.93517,332.35,0.38,0.59,2023-11-21,720,N20,VIIRS,n,2,295.94,2.78,D,0,VIIRS_NOAA20_SP
18.178,96.66215,335.22,0.63,0.54,2023-11-21,720,N20,VIIRS,n,2,295.03,6.92,D,0,VIIRS_NOAA20_SP
18.17806,96.66434,337.94,0.63,0.54,2023-11-21,720,N20,VIIRS,n,2,295.14,4.97,D,0,VIIRS_NOAA20_SP
18.21414,95.21494,330.52,0.51,0.49,2023-11-21,720,N20,VIIRS,n,2,296.16,3.01,D,0,VIIRS_NOAA20_SP
18.31646,95.744,333.53,0.55,0.51,2023-11-21,720,N20,VIIRS,n,2,296.25,5.31,D,0,VIIRS_NOAA20_SP
18.57495,95.38974,341.04,0.53,0.5,2023-11-21,720,N20,VIIRS,n,2,296.04,4.92,D,0,VIIRS_NOAA20_SP
18.57935,95.39198,339.95,0.53,0.5,2023-11-21,720,N20,VIIRS,n,2,295.97,6.3,D,0,VIIRS_NOAA20_SP
18.57956,95.38918,328.69,0.53,0.5,2023-11-21,720,N20,VIIRS,n,2,295.6,4.23,D,0,VIIRS_NOAA20_SP
18.80892,95.36355,339.93,0.53,0.5,2023-11-21,720,N20,VIIRS,n,2,296.57,5.73,D,0,VIIRS_NOAA20_SP
18.81769,95.31673,333.06,0.53,0.5,2023-11-21,720,N20,VIIRS,n,2,296.23,3.96,D,0,VIIRS_NOAA20_SP
18.88301,95.39544,330.58,0.53,0.5,2023-11-21,720,N20,VIIRS,n,2,296.77,3.62,D,0,VIIRS_NOAA20_SP
18.90732,95.28749,340.94,0.53,0.5,2023-11-21,720,N20,VIIRS,n,2,296.22,8.44,D,0,VIIRS_NOAA20_SP
19.01326,96.25591,328.7,0.61,0.53,2023-11-21,720,N20,VIIRS,n,2,293.92,3.75,D,0,VIIRS_NOAA20_SP
17.35095,75.82944,338.96,0.58,0.7,2023-11-21,721,N20,VIIRS,n,2,300.66,3.66,D,0,VIIRS_NOAA20_SP
17.42538,75.52461,340.6,0.61,0.71,2023-11-21,721,N20,VIIRS,n,2,300.29,4.37,D,0,VIIRS_NOAA20_SP
17.42624,75.52368,341.67,0.61,0.71,2023-11-21,721,N20,VIIRS,n,2,299.9,4.04,D,0,VIIRS_NOAA20_SP
17.63434,75.73048,336.75,0.59,0.7,2023-11-21,721,N20,VIIRS,n,2,301.37,4.9,D,0,VIIRS_NOAA20_SP
17.77861,78.12826,367.0,0.41,0.6,2023-11-21,721,N20,VIIRS,h,2,298.35,8.99,D,0,VIIRS_NOAA20_SP
17.77956,78.12901,353.84,0.41,0.6,2023-11-21,721,N20,VIIRS,n,2,297.86,9.97,D,0,VIIRS_NOAA20_SP
17.88907,74.99576,367.0,0.65,0.73,2023-11-21,721,N20,VIIRS,h,2,301.39,29.94,D,0,VIIRS_NOAA20_SP
18.03751,77.50373,367.0,0.44,0.62,2023-11-21,721,N20,VIIRS,h,2,299.01,9.94,D,0,VIIRS_NOAA20_SP
18.11507,79.47104,337.36,0.33,0.55,2023-11-21,721,N20,VIIRS,n,2,295.76,2.61,D,0,VIIRS_NOAA20_SP
18.13497,78.0501,331.43,0.4,0.6,2023-11-21,721,N20,VIIRS,n,2,296.88,2.77,D,0,VIIRS_NOAA20_SP
18.1741,79.42988,345.15,0.33,0.55,2023-11-21,721,N20,VIIRS,n,2,297.12,3.21,D,0,VIIRS_NOAA20_SP
18.23276,77.96922,334.23,0.41,0.6,2023-11-21,721,N20,VIIRS,n,2,297.57,3.48,D,0,VIIRS_NOAA20_SP
18.24472,78.16138,334.84,0.39,0.6,2023-11-21,721,N20,VIIRS,n,2,298.23,3.46,D,0,VIIRS_NOAA20_SP
18.38942,79.28788,331.33,0.33,0.55,2023-11-21,721,N20,VIIRS,n,2,287.73,2.4,D,0,VIIRS_NOAA20_SP
18.46851,74.4586,336.56,0.68,0.74,2023-11-21,721,N20,VIIRS,n,2,298.1,5.13,D,0,VIIRS_NOAA20_SP
18.49862,74.7855,330.88,0.65,0.73,2023-11-21,721,N20,VIIRS,n,2,298.38,1.61,D,0,VIIRS_NOAA20_SP
18.51352,78.02116,337.16,0.4,0.6,2023-11-21,721,N20,VIIRS,n,2,297.12,3.42,D,0,VIIRS_NOAA20_SP
18.51766,78.02005,335.68,0.4,0.6,2023-11-21,721,N20,VIIRS,n,2,297.85,5.54,D,0,VIIRS_NOAA20_SP
18.53301,79.38162,334.78,0.32,0.55,2023-11-21,721,N20,VIIRS,n,2,295.38,3.1,D,0,VIIRS_NOAA20_SP
18.53394,74.15755,334.57,0.71,0.75,2023-11-21,721,N20,VIIRS,n,2,294.71,3.59,D,0,VIIRS_NOAA20_SP
18.56487,77.94226,338.54,0.4,0.6,2023-11-21,721,N20,VIIRS,n,2,297.88,2.4,D,0,VIIRS_NOAA20_SP
18.61647,77.80473,337.04,0.41,0.61,2023-11-21,721,N20,VIIRS,n,2,297.44,3.04,D,0,VIIRS_NOAA20_SP
18.61755,78.14116,339.48,0.39,0.59,2023-11-21,721,N20,VIIRS,n,2,298.47,2.32,D,0,VIIRS_NOAA20_SP
18.65037,78.40677,354.4,0.37,0.58,2023-11-21,721,N20,VIIRS,n,2,296.07,5.32,D,0,VIIRS_NOAA20_SP
18.67801,78.69765,331.66,0.36,0.57,2023-11-21,721,N20,VIIRS,n,2,295.11,2.65,D,0,VIIRS_NOAA20_SP
18.68727,78.14034,345.63,0.39,0.59,2023-11-21,721,N20,VIIRS,n,2,298.03,3.55,D,0,VIIRS_NOAA20_SP
18.72697,78.11603,330.87,0.39,0.59,2023-11-21,721,N20,VIIRS,n,2,295.82,2.07,D,0,VIIRS_NOAA20_SP
18.74828,78.09943,332.95,0.39,0.59,2023-11-21,721,N20,VIIRS,n,2,296.82,2.52,D,0,VIIRS_NOAA20_SP
18.75675,78.7137,339.9,0.35,0.57,2023-11-21,721,N20,VIIRS,n,2,296.93,3.42,D,0,VIIRS_NOAA20_SP
18.75743,78.08978,331.21,0.39,0.59,2023-11-21,721,N20,VIIRS,n,2,296.56,2.42,D,0,VIIRS_NOAA20_SP
18.75811,78.71313,343.4,0.35,0.57,2023-11-21,721,N20,VIIRS,n,2,296.81,4.33,D,0,VIIRS_NOAA20_SP
18.81256,78.0316,336.88,0.39,0.59,2023-11-21,721,N20,VIIRS,n,2,296.38,2.67,D,0,VIIRS_NOAA20_SP
18.8509,78.06847,332.85,0.39,0.59,2023-11-21,721,N20,VIIRS,n,2,298.08,2.32,D,0,VIIRS_NOAA20_SP
18.8536,78.06731,335.23,0.39,0.59,2023-11-21,721,N20,VIIRS,n,2,297.42,2.85,D,0,VIIRS_NOAA20_SP
18.86992,78.2279,331.35,0.38,0.59,2023-11-21,721,N20,VIIRS,n,2,296.68,2.41,D,0,VIIRS_NOAA20_SP
18.87454,77.99458,335.16,0.39,0.6,2023-11-21,721,N20,VIIRS,n,2,296.23,3.22,D,0,VIIRS_NOAA20_SP
18.92372,78.41158,337.73,0.37,0.58,2023-11-21,721,N20,VIIRS,n,2,296.24,2.91,D,0,VIIRS_NOAA20_SP
18.92399,78.4114,334.27,0.37,0.58,2023-11-21,721,N20,VIIRS,n,2,296.11,2.98,D,0,VIIRS_NOAA20_SP
19.13974,77.11414,333.25,0.44,0.63,2023-11-21,721,N20,VIIRS,n,2,299.47,2.37,D,0,VIIRS_NOAA20_SP
19.22072,76.4582,342.62,0.49,0.65,2023-11-21,721,N20,VIIRS,n,2,301.53,4.37,D,0,VIIRS_NOAA20_SP
19.34608,82.53671,333.33,0.4,0.44,2023-11-21,721,N20,VIIRS,n,2,297.45,2.45,D,0,VIIRS_NOAA20_SP
19.36044,81.883,340.68,0.43,0.46,2023-11-21,721,N20,VIIRS,n,2,297.99,3.11,D,0,VIIRS_NOAA20_SP
19.4487,77.7514,340.29,0.4,0.6,2023-11-21,721,N20,VIIRS,n,2,300.74,3.55,D,0,VIIRS_NOAA20_SP
19.4781,81.64751,331.55,0.45,0.47,2023-11-21,721,N20,VIIRS,n,2,297.02,3.25,D,0,VIIRS_NOAA20_SP
19.74958,94.09866,338.09,0.45,0.47,2023-11-21,721,N20,VIIRS,n,2,293.23,3.85,D,0,VIIRS_NOAA20_SP
20.20431,83.52071,334.61,0.51,0.41,2023-11-21,721,N20,VIIRS,n,2,299.07,9.97,D,0,VIIRS_NOAA20_SP
20.76193,81.45985,333.72,0.43,0.46,2023-11-21,721,N20,VIIRS,n,2,297.74,2.3,D,0,VIIRS_NOAA20_SP
20.78735,85.2613,326.36,0.42,0.38,2023-11-21,721,N20,VIIRS,l,2,297.18,4.32,D,2,VIIRS_NOAA20_SP
20.88547,84.98129,331.41,0.43,0.38,2023-11-21,721,N20,VIIRS,n,2,295.54,3.37,D,2,VIIRS_NOAA20_SP
20.94188,86.06105,329.44,0.4,0.37,2023-11-21,721,N20,VIIRS,l,2,299.77,2.64,D,2,VIIRS_NOAA20_SP
20.95938,85.17605,329.79,0.42,0.38,2023-11-21,721,N20,VIIRS,l,2,301.43,3.3,D,2,VIIRS_NOAA20_SP
20.96214,85.17139,327.38,0.42,0.38,2023-11-21,721,N20,VIIRS,l,2,300.27,3.71,D,2,VIIRS_NOAA20_SP
20.96281,85.1754,337.26,0.42,0.38,2023-11-21,721,N20,VIIRS,n,2,301.37,3.3,D,2,VIIRS_NOAA20_SP
20.96348,85.17941,335.92,0.42,0.38,2023-11-21,721,N20,VIIRS,n,2,301.31,3.3,D,2,VIIRS_NOAA20_SP
20.96806,86.00941,331.53,0.4,0.37,2023-11-21,721,N20,VIIRS,n,2,298.9,3.03,D,2,VIIRS_NOAA20_SP
20.96817,85.01637,339.24,0.43,0.38,2023-11-21,721,N20,VIIRS,n,2,300.46,7.83,D,0,VIIRS_NOAA20_SP
20.96866,86.01321,335.07,0.4,0.37,2023-11-21,721,N20,VIIRS,n,2,300.17,3.03,D,2,VIIRS_NOAA20_SP
20.96899,85.17008,337.29,0.42,0.38,2023-11-21,721,N20,VIIRS,n,2,301.99,5.62,D,2,VIIRS_NOAA20_SP
20.96966,85.1741,336.72,0.42,0.38,2023-11-21,721,N20,VIIRS,n,2,302.07,4.65,D,2,VIIRS_NOAA20_SP
20.97033,85.17811,331.49,0.42,0.38,2023-11-21,721,N20,VIIRS,n,2,298.45,4.65,D,2,VIIRS_NOAA20_SP
20.9708,86.005,331.28,0.4,0.37,2023-11-21,721,N20,VIIRS,n,2,299.08,3.19,D,2,VIIRS_NOAA20_SP
20.97287,86.0043,332.46,0.4,0.37,2023-11-21,721,N20,VIIRS,n,2,299.49,3.68,D,2,VIIRS_NOAA20_SP
20.97348,86.00809,330.22,0.4,0.37,2023-11-21,721,N20,VIIRS,n,2,298.34,2.41,D,2,VIIRS_NOAA20_SP
21.0664,85.03631,327.1,0.43,0.38,2023-11-21,721,N20,VIIRS,l,2,301.43,3.91,D,0,VIIRS_NOAA20_SP
21.07463,85.04308,329.48,0.43,0.38,2023-11-21,721,N20,VIIRS,l,2,301.09,3.02,D,2,VIIRS_NOAA20_SP
21.07808,85.04242,332.47,0.43,0.38,2023-11-21,721,N20,VIIRS,n,2,300.84,3.02,D,2,VIIRS_NOAA20_SP
20.39816,77.46932,334.99,0.4,0.6,2023-11-21,722,N20,VIIRS,n,2,301.1,5.8,D,0,VIIRS_NOAA20_SP
20.96038,80.55319,331.77,0.49,0.49,2023-11-21,722,N20,VIIRS,n,2,298.23,3.07,D,0,VIIRS_NOAA20_SP
20.96118,82.06911,330.05,0.4,0.44,2023-11-21,722,N20,VIIRS,n,2,298.39,1.27,D,0,VIIRS_NOAA20_SP
20.98326,80.78902,341.74,0.47,0.48,2023-11-21,722,N20,VIIRS,n,2,297.69,4.3,D,0,VIIRS_NOAA20_SP
21.08224,81.59934,339.16,0.42,0.45,2023-11-21,722,N20,VIIRS,n,2,298.04,2.96,D,0,VIIRS_NOAA20_SP
21.09058,80.80288,332.73,0.47,0.48,2023-11-21,722,N20,VIIRS,n,2,299.79,2.9,D,0,VIIRS_NOAA20_SP
21.17426,81.00732,336.18,0.45,0.47,2023-11-21,722,N20,VIIRS,n,2,299.02,2.79,D,0,VIIRS_NOAA20_SP
21.18772,81.4679,344.02,0.43,0.46,2023-11-21,722,N20,VIIRS,n,2,299.07,7.41,D,0,VIIRS_NOAA20_SP
21.2953,81.02272,340.9,0.45,0.47,2023-11-21,722,N20,VIIRS,n,2,300.19,4.75,D,0,VIIRS_NOAA20_SP
21.30986,80.96724,331.4,0.45,0.47,2023-11-21,722,N20,VIIRS,n,2,301.01,2.5,D,0,VIIRS_NOAA20_SP
21.39803,81.2888,340.52,0.43,0.46,2023-11-21,722,N20,VIIRS,n,2,302.16,7.04,D,0,VIIRS_NOAA20_SP
21.44333,81.84159,330.84,0.4,0.44,2023-11-21,722,N20,VIIRS,n,2,299.3,1.65,D,0,VIIRS_NOAA20_SP
21.44534,80.84935,335.19,0.46,0.47,2023-11-21,722,N20,VIIRS,n,2,300.74,3.18,D,0,VIIRS_NOAA20_SP
21.45941,81.95195,337.81,0.39,0.44,2023-11-21,722,N20,VIIRS,n,2,298.86,3.8,D,0,VIIRS_NOAA20_SP
21.54904,81.18513,333.02,0.44,0.46,2023-11-21,722,N20,VIIRS,n,2,301.75,4.3,D,0,VIIRS_NOAA20_SP
21.54919,81.18867,340.33,0.44,0.46,2023-11-21,722,N20,VIIRS,n,2,300.73,6.3,D,0,VIIRS_NOAA20_SP
21.55275,81.13693,334.61,0.44,0.46,2023-11-21,722,N20,VIIRS,n,2,301.89,3.97,D,0,VIIRS_NOAA20_SP
21.56433,81.03839,330.9,0.45,0.47,2023-11-21,722,N20,VIIRS,n,2,300.21,2.25,D,0,VIIRS_NOAA20_SP
21.56837,81.69984,335.93,0.41,0.45,2023-11-21,722,N20,VIIRS,n,2,301.79,7.71,D,0,VIIRS_NOAA20_SP
21.5691,81.7037,339.33,0.41,0.45,2023-11-21,722,N20,VIIRS,n,2,299.75,6.52,D,0,VIIRS_NOAA20_SP
21.56994,80.36396,334.1,0.49,0.49,2023-11-21,722,N20,VIIRS,n,2,299.22,3.38,D,0,VIIRS_NOAA20_SP
21.59954,81.13095,334.73,0.44,0.46,2023-11-21,722,N20,VIIRS,n,2,299.2,2.6,D,0,VIIRS_NOAA20_SP
21.61424,81.29893,338.9,0.43,0.46,2023-11-21,722,N20,VIIRS,n,2,298.33,4.26,D,0,VIIRS_NOAA20_SP
21.61709,74.47229,338.91,0.58,0.7,2023-11-21,722,N20,VIIRS,n,2,297.2,5.39,D,0,VIIRS_NOAA20_SP
21.62522,81.51332,339.7,0.42,0.45,2023-11-21,722,N20,VIIRS,n,2,300.54,2.48,D,0,VIIRS_NOAA20_SP
21.6351,81.45346,334.44,0.42,0.45,2023-11-21,722,N20,VIIRS,n,2,303.41,3.12,D,0,VIIRS_NOAA20_SP
21.646,81.77895,340.12,0.4,0.44,2023-11-21,722,N20,VIIRS,n,2,299.53,4.49,D,0,VIIRS_NOAA20_SP
21.65002,81.77809,336.32,0.4,0.44,2023-11-21,722,N20,VIIRS,n,2,299.41,4.49,D,0,VIIRS_NOAA20_SP
21.65668,81.43224,336.87,0.42,0.45,2023-11-21,722,N20,VIIRS,n,2,299.51,3.23,D,0,VIIRS_NOAA20_SP
21.67862,84.03929,331.18,0.46,0.39,2023-11-21,722,N20,VIIRS,n,2,299.86,3.45,D,2,VIIRS_NOAA20_SP
21.7069,81.49574,336.98,0.42,0.45,2023-11-21,722,N20,VIIRS,n,2,303.05,2.51,D,0,VIIRS_NOAA20_SP
21.72535,81.61804,339.57,0.41,0.45,2023-11-21,722,N20,VIIRS,n,2,300.85,4.55,D,0,VIIRS_NOAA20_SP
21.72908,81.34982,343.46,0.42,0.45,2023-11-21,722,N20,VIIRS,n,2,303.01,7.91,D,0,VIIRS_NOAA20_SP
21.74394,72.61096,352.91,0.75,0.77,2023-11-21,722,N20,VIIRS,n,2,296.32,12.34,D,0,VIIRS_NOAA20_SP
21.74445,72.60957,341.98,0.75,0.77,2023-11-21,722,N20,VIIRS,n,2,295.83,10.73,D,0,VIIRS_NOAA20_SP
21.74668,82.17784,333.28,0.57,0.43,2023-11-21,722,N20,VIIRS,n,2,302.01,2.47,D,0,VIIRS_NOAA20_SP
21.75511,77.94282,339.58,0.35,0.56,2023-11-21,722,N20,VIIRS,n,2,296.4,4.53,D,0,VIIRS_NOAA20_SP
21.75581,77.94614,350.26,0.35,0.56,2023-11-21,722,N20,VIIRS,n,2,297.94,4.53,D,0,VIIRS_NOAA20_SP
21.75783,77.94448,367.0,0.35,0.56,2023-11-21,722,N20,VIIRS,h,2,297.68,7.35,D,0,VIIRS_NOAA20_SP
21.78559,81.73668,332.48,0.4,0.44,2023-11-21,722,N20,VIIRS,n,2,300.9,3.21,D,0,VIIRS_NOAA20_SP
21.80756,82.26553,332.55,0.56,0.43,2023-11-21,722,N20,VIIRS,n,2,302.2,3.24,D,0,VIIRS_NOAA20_SP
21.83912,81.86668,336.11,0.39,0.44,2023-11-21,722,N20,VIIRS,n,2,301.92,4.06,D,0,VIIRS_NOAA20_SP
21.854,81.36504,332.18,0.42,0.45,2023-11-21,722,N20,VIIRS,n,2,300.9,3.95,D,0,VIIRS_NOAA20_SP
21.8822,81.96558,348.61,0.39,0.44,2023-11-21,722,N20,VIIRS,n,2,298.15,4.44,D,0,VIIRS_NOAA20_SP
21.90998,81.98257,338.16,0.39,0.44,2023-11-21,722,N20,VIIRS,n,2,302.52,4.69,D,0,VIIRS_NOAA20_SP
21.9122,81.98194,338.02,0.39,0.44,2023-11-21,722,N20,VIIRS,n,2,301.83,4.81,D,0,VIIRS_NOAA20_SP
21.92029,83.35118,333.49,0.49,0.4,2023-11-21,722,N20,VIIRS,l,2,304.28,6.42,D,2,VIIRS_NOAA20_SP
21.93044,85.22282,328.48,0.41,0.37,2023-11-21,722,N20,VIIRS,l,2,301.6,3.68,D,2,VIIRS_NOAA20_SP
21.94439,82.30555,330.71,0.56,0.43,2023-11-21,722,N20,VIIRS,n,2,298.56,2.27,D,0,VIIRS_NOAA20_SP
21.96009,79.5022,339.15,0.55,0.51,2023-11-21,722,N20,VIIRS,n,2,301.14,7.56,D,0,VIIRS_NOAA20_SP
22.02701,79.25679,338.58,0.56,0.52,2023-11-21,722,N20,VIIRS,n,2,301.46,7.19,D,0,VIIRS_NOAA20_SP
22.03034,79.25846,340.23,0.56,0.52,2023-11-21,722,N20,VIIRS,n,2,300.96,8.82,D,0,VIIRS_NOAA20_SP
22.04033,83.7359,335.86,0.47,0.4,2023-11-21,722,N20,VIIRS,n,2,304.59,5.32,D,2,VIIRS_NOAA20_SP
22.04313,83.7307,331.0,0.47,0.4,2023-11-21,722,N20,VIIRS,n,2,302.89,4.39,D,2,VIIRS_NOAA20_SP
22.04391,83.73515,345.92,0.47,0.4,2023-11-21,722,N20,VIIRS,n,2,304.81,4.39,D,2,VIIRS_NOAA20_SP
22.10692,79.54959,341.23,0.54,0.51,2023-11-21,722,N20,VIIRS,n,2,299.21,4.97,D,0,VIIRS_NOAA20_SP
22.10809,79.55193,344.23,0.54,0.51,2023-11-21,722,N20,VIIRS,n,2,301.49,7.15,D,0,VIIRS_NOAA20_SP
22.16537,83.10101,331.45,0.5,0.41,2023-11-21,722,N20,VIIRS,n,2,299.0,3.34,D,0,VIIRS_NOAA20_SP
22.18838,78.02537,333.66,0.34,0.56,2023-11-21,722,N20,VIIRS,n,2,298.09,2.78,D,0,VIIRS_NOAA20_SP
22.20637,84.87106,330.77,0.42,0.38,2023-11-21,722,N20,VIIRS,n,2,299.85,2.0,D,2,VIIRS_NOAA20_SP
22.21115,84.87846,334.29,0.42,0.38,2023-11-21,722,N20,VIIRS,n,2,302.86,6.73,D,2,VIIRS_NOAA20_SP
22.21679,78.73499,336.12,0.6,0.53,2023-11-21,722,N20,VIIRS,n,2,298.69,5.53,D,0,VIIRS_NOAA20_SP
22.2181,79.79488,335.58,0.52,0.5,2023-11-21,722,N20,VIIRS,n,2,299.45,2.55,D,0,VIIRS_NOAA20_SP
22.30775,79.81277,339.71,0.51,0.5,2023-11-21,722,N20,VIIRS,n,2,299.51,6.9,D,0,VIIRS_NOAA20_SP
22.33119,79.6948,340.67,0.52,0.5,2023-11-21,722,N20,VIIRS,n,2,299.18,7.24,D,0,VIIRS_NOAA20_SP
22.33694,79.69584,330.8,0.52,0.5,2023-11-21,722,N20,VIIRS,n,2,298.89,2.43,D,0,VIIRS_NOAA20_SP
22.36843,79.73466,333.17,0.52,0.5,2023-11-21,722,N20,VIIRS,n,2,302.41,3.82,D,0,VIIRS_NOAA20_SP
22.39599,79.61432,332.5,0.53,0.5,2023-11-21,722,N20,VIIRS,n,2,300.98,4.09,D,0,VIIRS_NOAA20_SP
22.42782,80.16283,343.37,0.49,0.48,2023-11-21,722,N20,VIIRS,n,2,300.54,11.51,D,0,VIIRS_NOAA20_SP
22.43579,80.1804,330.79,0.49,0.48,2023-11-21,722,N20,VIIRS,n,2,295.16,1.76,D,0,VIIRS_NOAA20_SP
22.49347,79.62491,341.6,0.52,0.5,2023-11-21,722,N20,VIIRS,n,2,301.32,14.48,D,0,VIIRS_NOAA20_SP
22.51832,80.09062,336.18,0.49,0.49,2023-11-21,722,N20,VIIRS,n,2,300.63,3.82,D,0,VIIRS_NOAA20_SP
22.53073,80.10733,339.26,0.49,0.48,2023-11-21,722,N20,VIIRS,n,2,300.94,3.95,D,0,VIIRS_NOAA20_SP
22.5884,85.90742,333.2,0.39,0.36,2023-11-21,722,N20,VIIRS,n,2,303.79,2.25,D,2,VIIRS_NOAA20_SP
22.61623,79.22316,332.35,0.55,0.51,2023-11-21,722,N20,VIIRS,n,2,300.55,4.34,D,0,VIIRS_NOAA20_SP
22.61771,87.48805,333.9,0.39,0.36,2023-11-21,722,N20,VIIRS,n,2,302.13,2.27,D,0,VIIRS_NOAA20_SP
22.65398,79.99525,334.29,0.49,0.49,2023-11-21,722,N20,VIIRS,n,2,299.04,5.87,D,0,VIIRS_NOAA20_SP
22.65498,87.01268,344.26,0.38,0.36,2023-11-21,722,N20,VIIRS,n,2,302.54,8.05,D,0,VIIRS_NOAA20_SP
22.67603,87.53902,334.13,0.39,0.36,2023-11-21,722,N20,VIIRS,n,2,300.86,2.2,D,0,VIIRS_NOAA20_SP
22.68152,87.53045,333.71,0.39,0.36,2023-11-21,722,N20,VIIRS,n,2,303.23,2.16,D,0,VIIRS_NOAA20_SP
22.70451,78.17478,331.1,0.32,0.55,2023-11-21,722,N20,VIIRS,n,2,297.91,2.89,D,0,VIIRS_NOAA20_SP
22.71182,87.57491,333.26,0.39,0.36,2023-11-21,722,N20,VIIRS,n,2,300.9,2.52,D,0,VIIRS_NOAA20_SP
22.72163,87.50443,332.22,0.39,0.36,2023-11-21,722,N20,VIIRS,n,2,300.6,2.63,D,0,VIIRS_NOAA20_SP
22.79539,86.20703,333.7,0.39,0.36,2023-11-21,722,N20,VIIRS,n,2,303.59,1.81,D,2,VIIRS_NOAA20_SP
22.79737,87.53284,332.93,0.39,0.36,2023-11-21,722,N20,VIIRS,n,2,302.26,3.04,D,0,VIIRS_NOAA20_SP
22.7981,86.20267,331.12,0.39,0.36,2023-11-21,722,N20,VIIRS,n,2,302.09,1.81,D,2,VIIRS_NOAA20_SP
22.79912,78.61949,332.7,0.6,0.53,2023-11-21,722,N20,VIIRS,n,2,302.45,3.5,D,0,VIIRS_NOAA20_SP
22.80127,78.01777,331.23,0.33,0.55,2023-11-21,722,N20,VIIRS,n,2,298.89,1.22,D,0,VIIRS_NOAA20_SP
22.80368,88.43826,329.72,0.4,0.37,2023-11-21,722,N20,VIIRS,n,2,300.77,1.41,D,0,VIIRS_NOAA20_SP
22.8182,78.66253,336.27,0.59,0.53,2023-11-21,722,N20,VIIRS,n,2,299.92,2.65,D,0,VIIRS_NOAA20_SP
22.82306,87.43287,332.88,0.39,0.36,2023-11-21,722,N20,VIIRS,n,2,302.56,2.44,D,0,VIIRS_NOAA20_SP
22.83372,87.57248,335.22,0.39,0.36,2023-11-21,722,N20,VIIRS,n,2,303.93,2.69,D,0,VIIRS_NOAA20_SP
22.83374,78.56921,330.67,0.6,0.53,2023-11-21,722,N20,VIIRS,n,2,298.95,3.01,D,0,VIIRS_NOAA20_SP
22.83882,87.1972,331.58,0.38,0.36,2023-11-21,722,N20,VIIRS,n,2,301.44,1.67,D,0,VIIRS_NOAA20_SP
22.84307,87.56704,331.56,0.39,0.36,2023-11-21,722,N20,VIIRS,l,2,303.53,2.06,D,0,VIIRS_NOAA20_SP
22.84929,87.539,336.3,0.39,0.36,2023-11-21,722,N20,VIIRS,n,2,304.02,2.91,D,0,VIIRS_NOAA20_SP
22.85802,88.06136,330.94,0.39,0.36,2023-11-21,722,N20,VIIRS,n,2,301.73,1.66,D,0,VIIRS_NOAA20_SP
22.85993,78.12293,335.4,0.32,0.55,2023-11-21,722,N20,VIIRS,n,2,297.85,1.47,D,0,VIIRS_NOAA20_SP
22.86215,87.30752,333.78,0.38,0.36,2023-11-21,722,N20,VIIRS,n,2,302.54,1.83,D,0,VIIRS_NOAA20_SP
22.86305,87.56343,341.98,0.39,0.36,2023-11-21,722,N20,VIIRS,n,2,303.83,3.57,D,0,VIIRS_NOAA20_SP
22.86356,78.11563,338.8,0.32,0.55,2023-11-21,722,N20,VIIRS,n,2,298.38,2.94,D,0,VIIRS_NOAA20_SP
22.86896,78.40759,332.23,0.61,0.54,2023-11-21,722,N20,VIIRS,n,2,299.95,3.92,D,0,VIIRS_NOAA20_SP
22.87336,78.59416,340.48,0.6,0.53,2023-11-21,722,N20,VIIRS,n,2,301.0,7.6,D,0,VIIRS_NOAA20_SP
22.87352,87.58843,331.51,0.39,0.36,2023-11-21,722,N20,VIIRS,n,2,302.73,7.34,D,0,VIIRS_NOAA20_SP
22.87422,78.59517,335.64,0.6,0.53,2023-11-21,722,N20,VIIRS,n,2,300.38,3.89,D,0,VIIRS_NOAA20_SP
22.88985,78.09309,352.41,0.32,0.55,2023-11-21,722,N20,VIIRS,n,2,298.43,6.67,D,0,VIIRS_NOAA20_SP
22.89015,78.09146,367.0,0.32,0.55,2023-11-21,722,N20,VIIRS,h,2,299.21,7.38,D,0,VIIRS_NOAA20_SP
22.89276,87.5583,329.01,0.39,0.36,2023-11-21,722,N20,VIIRS,l,2,300.67,3.79,D,0,VIIRS_NOAA20_SP
22.90104,87.59135,329.42,0.39,0.36,2023-11-21,722,N20,VIIRS,n,2,302.63,2.09,D,0,VIIRS_NOAA20_SP
22.90684,78.00009,344.05,0.32,0.55,2023-11-21,722,N20,VIIRS,n,2,298.08,4.44,D,0,VIIRS_NOAA20_SP
22.9075,79.84558,339.53,0.5,0.49,2023-11-21,722,N20,VIIRS,n,2,301.74,5.81,D,0,VIIRS_NOAA20_SP
22.91693,87.9544,332.62,0.39,0.36,2023-11-21,722,N20,VIIRS,l,2,304.1,2.94,D,0,VIIRS_NOAA20_SP
22.92818,78.61662,340.82,0.59,0.53,2023-11-21,722,N20,VIIRS,n,2,299.62,5.96,D,0,VIIRS_NOAA20_SP
22.93466,87.63542,332.18,0.39,0.36,2023-11-21,722,N20,VIIRS,n,2,300.81,5.51,D,0,VIIRS_NOAA20_SP
22.96524,87.61115,330.5,0.39,0.36,2023-11-21,722,N20,VIIRS,n,2,303.67,2.49,D,0,VIIRS_NOAA20_SP
22.96838,87.91084,338.26,0.39,0.36,2023-11-21,722,N20,VIIRS,n,2,301.79,3.06,D,0,VIIRS_NOAA20_SP
22.98355,77.62515,335.49,0.34,0.56,2023-11-21,722,N20,VIIRS,n,2,295.13,2.27,D,0,VIIRS_NOAA20_SP
22.9927,87.98419,331.72,0.39,0.36,2023-11-21,722,N20,VIIRS,n,2,303.11,1.94,D,0,VIIRS_NOAA20_SP
23.01118,79.40984,333.41,0.53,0.5,2023-11-21,722,N20,VIIRS,n,2,301.22,3.83,D,0,VIIRS_NOAA20_SP
23.01906,87.4715,334.51,0.39,0.36,2023-11-21,722,N20,VIIRS,n,2,303.26,3.35,D,0,VIIRS_NOAA20_SP
23.04613,88.00258,329.59,0.39,0.36,2023-11-21,722,N20,VIIRS,n,2,303.26,1.73,D,0,VIIRS_NOAA20_SP
23.05068,77.65139,330.43,0.34,0.56,2023-11-21,722,N20,VIIRS,l,2,300.85,2.45,D,0,VIIRS_NOAA20_SP
23.11334,81.66586,335.7,0.38,0.44,2023-11-21,722,N20,VIIRS,n,2,299.75,2.97,D,0,VIIRS_NOAA20_SP
23.11797,81.66867,337.12,0.38,0.44,2023-11-21,722,N20,VIIRS,n,2,300.41,2.9,D,0,VIIRS_NOAA20_SP
23.12891,79.99815,335.94,0.48,0.48,2023-11-21,722,N20,VIIRS,n,2,300.87,3.23,D,0,VIIRS_NOAA20_SP
23.13551,87.66238,337.01,0.39,0.36,2023-11-21,722,N20,VIIRS,n,2,301.07,2.32,D,0,VIIRS_NOAA20_SP
23.14919,87.98891,337.2,0.39,0.36,2023-11-21,722,N20,VIIRS,n,2,301.77,2.42,D,0,VIIRS_NOAA20_SP
23.15031,87.97317,333.61,0.39,0.36,2023-11-21,722,N20,VIIRS,l,2,304.0,2.67,D,0,VIIRS_NOAA20_SP
23.16468,79.76652,334.41,0.5,0.49,2023-11-21,722,N20,VIIRS,n,2,298.42,8.82,D,0,VIIRS_NOAA20_SP
23.16849,79.67023,331.45,0.5,0.49,2023-11-21,722,N20,VIIRS,n,2,301.72,3.67,D,0,VIIRS_NOAA20_SP
23.17755,79.73853,343.03,0.5,0.49,2023-11-21,722,N20,VIIRS,n,2,300.7,5.74,D,0,VIIRS_NOAA20_SP
23.1781,79.90157,337.11,0.49,0.48,2023-11-21,722,N20,VIIRS,n,2,297.93,3.74,D,0,VIIRS_NOAA20_SP
23.17833,79.67297,335.19,0.5,0.49,2023-11-21,722,N20,VIIRS,n,2,299.77,7.38,D,0,VIIRS_NOAA20_SP
23.18018,79.79769,345.14,0.5,0.49,2023-11-21,722,N20,VIIRS,n,2,301.43,5.86,D,0,VIIRS_NOAA20_SP
23.18233,79.76237,331.04,0.5,0.49,2023-11-21,722,N20,VIIRS,n,2,301.73,4.53,D,0,VIIRS_NOAA20_SP
23.18328,79.76713,330.58,0.5,0.49,2023-11-21,722,N20,VIIRS,n,2,298.3,2.93,D,0,VIIRS_NOAA20_SP
23.18398,79.81663,330.12,0.49,0.49,2023-11-21,722,N20,VIIRS,n,2,299.52,6.12,D,0,VIIRS_NOAA20_SP
23.18587,79.82607,354.21,0.49,0.49,2023-11-21,722,N20,VIIRS,n,2,304.27,19.72,D,0,VIIRS_NOAA20_SP
23.18889,79.72583,339.96,0.5,0.49,2023-11-21,722,N20,VIIRS,n,2,301.08,2.69,D,0,VIIRS_NOAA20_SP
23.2003,79.78305,330.57,0.5,0.49,2023-11-21,722,N20,VIIRS,n,2,301.78,2.75,D,0,VIIRS_NOAA20_SP
23.20187,79.83712,340.63,0.49,0.49,2023-11-21,722,N20,VIIRS,n,2,301.57,10.03,D,0,VIIRS_NOAA20_SP
23.20313,79.79728,333.2,0.5,0.49,2023-11-21,722,N20,VIIRS,n,2,298.89,4.17,D,0,VIIRS_NOAA20_SP
23.20343,79.75243,340.69,0.5,0.49,2023-11-21,722,N20,VIIRS,n,2,302.96,10.65,D,0,VIIRS_NOAA20_SP
23.20344,79.82195,334.7,0.49,0.49,2023-11-21,722,N20,VIIRS,n,2,300.32,4.37,D,0,VIIRS_NOAA20_SP
23.20438,79.82666,340.61,0.49,0.49,2023-11-21,722,N20,VIIRS,n,2,301.86,4.37,D,0,VIIRS_NOAA20_SP
23.21065,79.83504,333.31,0.49,0.49,2023-11-21,722,N20,VIIRS,n,2,300.36,4.69,D,0,VIIRS_NOAA20_SP
23.21653,79.8877,331.75,0.49,0.48,2023-11-21,722,N20,VIIRS,n,2,297.44,1.77,D,0,VIIRS_NOAA20_SP
23.22671,79.93893,339.53,0.48,0.48,2023-11-21,722,N20,VIIRS,n,2,300.33,4.13,D,0,VIIRS_NOAA20_SP
23.2384,79.88256,331.32,0.49,0.48,2023-11-21,722,N20,VIIRS,n,2,300.77,4.52,D,0,VIIRS_NOAA20_SP
23.23955,79.91158,334.74,0.49,0.48,2023-11-21,722,N20,VIIRS,n,2,300.55,4.07,D,0,VIIRS_NOAA20_SP
23.2467,88.12071,337.9,0.39,0.36,2023-11-21,722,N20,VIIRS,n,2,304.53,2.87,D,0,VIIRS_NOAA20_SP
23.24725,88.12453,333.09,0.39,0.36,2023-11-21,722,N20,VIIRS,n,2,302.09,2.87,D,0,VIIRS_NOAA20_SP
23.25111,88.19839,332.21,0.39,0.37,2023-11-21,722,N20,VIIRS,n,2,301.29,1.21,D,0,VIIRS_NOAA20_SP
23.2573,79.83885,336.24,0.49,0.49,2023-11-21,722,N20,VIIRS,n,2,301.34,4.27,D,0,VIIRS_NOAA20_SP
23.27466,79.92769,337.9,0.48,0.48,2023-11-21,722,N20,VIIRS,n,2,299.18,6.21,D,0,VIIRS_NOAA20_SP
23.27484,79.92939,348.42,0.48,0.48,2023-11-21,722,N20,VIIRS,n,2,298.71,9.37,D,0,VIIRS_NOAA20_SP
23.27517,79.95353,331.63,0.48,0.48,2023-11-21,722,N20,VIIRS,n,2,298.64,8.19,D,0,VIIRS_NOAA20_SP
23.27556,79.93233,339.4,0.48,0.48,2023-11-21,722,N20,VIIRS,n,2,297.11,5.88,D,0,VIIRS_NOAA20_SP
23.27573,79.95654,353.8,0.48,0.48,2023-11-21,722,N20,VIIRS,n,2,301.36,14.57,D,0,VIIRS_NOAA20_SP
23.27611,79.95815,340.38,0.48,0.48,2023-11-21,722,N20,VIIRS,n,2,301.19,8.19,D,0,VIIRS_NOAA20_SP
23.28116,79.75607,330.16,0.5,0.49,2023-11-21,722,N20,VIIRS,l,2,300.38,3.05,D,0,VIIRS_NOAA20_SP
23.28262,79.92273,334.64,0.48,0.48,2023-11-21,722,N20,VIIRS,n,2,298.86,1.58,D,0,VIIRS_NOAA20_SP
23.28262,88.1856,330.09,0.39,0.37,2023-11-21,722,N20,VIIRS,n,2,304.75,1.08,D,0,VIIRS_NOAA20_SP
23.28279,79.96938,330.5,0.48,0.48,2023-11-21,722,N20,VIIRS,n,2,300.32,3.75,D,0,VIIRS_NOAA20_SP
23.28325,79.97096,331.3,0.48,0.48,2023-11-21,722,N20,VIIRS,n,2,299.44,2.92,D,0,VIIRS_NOAA20_SP
23.28852,79.97454,343.09,0.48,0.48,2023-11-21,722,N20,VIIRS,n,2,302.73,14.11,D,0,VIIRS_NOAA20_SP
23.29161,79.80809,340.17,0.49,0.49,2023-11-21,722,N20,VIIRS,n,2,298.59,5.28,D,0,VIIRS_NOAA20_SP
23.296,79.80707,342.66,0.49,0.49,2023-11-21,722,N20,VIIRS,n,2,301.31,5.28,D,0,VIIRS_NOAA20_SP
23.31143,79.99804,341.41,0.48,0.48,2023-11-21,722,N20,VIIRS,n,2,301.06,4.3,D,0,VIIRS_NOAA20_SP
23.33037,79.97919,339.91,0.48,0.48,2023-11-21,722,N20,VIIRS,n,2,300.98,4.63,D,0,VIIRS_NOAA20_SP
23.33695,79.74072,340.43,0.5,0.49,2023-11-21,722,N20,VIIRS,n,2,302.64,7.68,D,0,VIIRS_NOAA20_SP
23.33722,79.96796,340.25,0.48,0.48,2023-11-21,722,N20,VIIRS,n,2,300.44,4.43,D,0,VIIRS_NOAA20_SP
23.33841,79.74259,350.75,0.5,0.49,2023-11-21,722,N20,VIIRS,n,2,302.25,8.96,D,0,VIIRS_NOAA20_SP
23.34107,79.82599,335.73,0.49,0.49,2023-11-21,722,N20,VIIRS,n,2,300.59,3.68,D,0,VIIRS_NOAA20_SP
23.34852,79.79736,331.03,0.49,0.49,2023-11-21,722,N20,VIIRS,n,2,300.87,3.39,D,0,VIIRS_NOAA20_SP
23.35662,80.11142,336.41,0.47,0.48,2023-11-21,722,N20,VIIRS,n,2,300.68,6.0,D,0,VIIRS_NOAA20_SP
23.36089,79.74503,330.57,0.5,0.49,2023-11-21,722,N20,VIIRS,l,2,301.6,3.1,D,0,VIIRS_NOAA20_SP
23.36218,79.93317,332.52,0.48,0.48,2023-11-21,722,N20,VIIRS,n,2,301.3,2.41,D,0,VIIRS_NOAA20_SP
23.36344,80.10036,331.18,0.47,0.48,2023-11-21,722,N20,VIIRS,n,2,300.01,7.7,D,0,VIIRS_NOAA20_SP
23.37123,79.97927,331.21,0.48,0.48,2023-11-21,722,N20,VIIRS,n,2,301.05,4.84,D,0,VIIRS_NOAA20_SP
23.37354,79.9426,334.02,0.48,0.48,2023-11-21,722,N20,VIIRS,n,2,300.82,6.81,D,0,VIIRS_NOAA20_SP
23.37359,79.94498,346.81,0.48,0.48,2023-11-21,722,N20,VIIRS,n,2,301.26,10.48,D,0,VIIRS_NOAA20_SP
23.37447,79.9472,341.28,0.48,0.48,2023-11-21,722,N20,VIIRS,n,2,300.64,6.81,D,0,VIIRS_NOAA20_SP
23.37737,79.98742,332.02,0.48,0.48,2023-11-21,722,N20,VIIRS,n,2,300.7,6.38,D,0,VIIRS_NOAA20_SP
23.3804,79.75035,341.68,0.49,0.49,2023-11-21,722,N20,VIIRS,n,2,302.92,9.82,D,0,VIIRS_NOAA20_SP
23.38279,80.1757,340.04,0.47,0.47,2023-11-21,722,N20,VIIRS,n,2,300.94,5.18,D,0,VIIRS_NOAA20_SP
23.38286,79.98852,333.29,0.48,0.48,2023-11-21,722,N20,VIIRS,n,2,300.64,2.77,D,0,VIIRS_NOAA20_SP
23.38849,80.11333,336.62,0.47,0.48,2023-11-21,722,N20,VIIRS,n,2,299.4,5.16,D,0,VIIRS_NOAA20_SP
23.38948,80.14129,339.93,0.47,0.48,2023-11-21,722,N20,VIIRS,n,2,299.97,2.49,D,0,VIIRS_NOAA20_SP
23.39744,79.83501,339.87,0.49,0.48,2023-11-21,722,N20,VIIRS,n,2,300.66,5.71,D,0,VIIRS_NOAA20_SP
23.40951,79.96311,340.34,0.48,0.48,2023-11-21,722,N20,VIIRS,n,2,302.06,7.44,D,0,VIIRS_NOAA20_SP
23.41385,79.9621,330.69,0.48,0.48,2023-11-21,722,N20,VIIRS,n,2,300.57,8.1,D,0,VIIRS_NOAA20_SP
23.41535,80.10447,334.78,0.47,0.48,2023-11-21,722,N20,VIIRS,n,2,301.73,8.04,D,0,VIIRS_NOAA20_SP
23.41818,79.96109,341.32,0.48,0.48,2023-11-21,722,N20,VIIRS,n,2,302.75,8.1,D,0,VIIRS_NOAA20_SP
23.41858,80.10624,338.44,0.47,0.48,2023-11-21,722,N20,VIIRS,n,2,301.38,5.72,D,0,VIIRS_NOAA20_SP
23.42207,80.12424,331.16,0.47,0.48,2023-11-21,722,N20,VIIRS,n,2,300.69,2.88,D,0,VIIRS_NOAA20_SP
23.43161,80.17353,345.59,0.47,0.47,2023-11-21,722,N20,VIIRS,n,2,302.47,9.31,D,0,VIIRS_NOAA20_SP
23.43342,80.25204,331.1,0.46,0.47,2023-11-21,722,N20,VIIRS,n,2,299.57,5.54,D,0,VIIRS_NOAA20_SP
23.43403,80.17506,340.17,0.46,0.47,2023-11-21,722,N20,VIIRS,n,2,302.04,6.08,D,0,VIIRS_NOAA20_SP
23.44165,80.05583,351.42,0.47,0.48,2023-11-21,722,N20,VIIRS,n,2,301.49,13.44,D,0,VIIRS_NOAA20_SP
23.44192,79.98912,341.61,0.48,0.48,2023-11-21,722,N20,VIIRS,n,2,302.15,4.72,D,0,VIIRS_NOAA20_SP
23.45073,80.23612,339.97,0.46,0.47,2023-11-21,722,N20,VIIRS,n,2,300.52,5.21,D,0,VIIRS_NOAA20_SP
23.45366,80.16119,337.03,0.47,0.47,2023-11-21,722,N20,VIIRS,n,2,303.2,8.14,D,0,VIIRS_NOAA20_SP
23.45454,80.16565,336.48,0.46,0.47,2023-11-21,722,N20,VIIRS,n,2,299.84,8.14,D,0,VIIRS_NOAA20_SP
23.45926,80.23415,353.71,0.46,0.47,2023-11-21,722,N20,VIIRS,n,2,303.26,10.74,D,0,VIIRS_NOAA20_SP
23.46589,80.0644,340.21,0.47,0.48,2023-11-21,722,N20,VIIRS,n,2,300.7,4.15,D,0,VIIRS_NOAA20_SP
23.46768,80.07345,346.38,0.47,0.48,2023-11-21,722,N20,VIIRS,n,2,300.54,5.56,D,0,VIIRS_NOAA20_SP
23.47256,80.02967,347.7,0.47,0.48,2023-11-21,722,N20,VIIRS,n,2,302.48,12.65,D,0,VIIRS_NOAA20_SP
23.47418,80.01501,337.52,0.47,0.48,2023-11-21,722,N20,VIIRS,n,2,299.4,3.75,D,0,VIIRS_NOAA20_SP
23.47654,79.98102,331.63,0.48,0.48,2023-11-21,722,N20,VIIRS,n,2,300.47,2.79,D,0,VIIRS_NOAA20_SP
23.47662,80.2991,336.25,0.46,0.47,2023-11-21,722,N20,VIIRS,n,2,300.45,5.85,D,0,VIIRS_NOAA20_SP
23.47687,80.02865,341.3,0.47,0.48,2023-11-21,722,N20,VIIRS,n,2,301.14,12.65,D,0,VIIRS_NOAA20_SP
23.47776,80.0332,339.67,0.47,0.48,2023-11-21,722,N20,VIIRS,n,2,298.63,4.22,D,0,VIIRS_NOAA20_SP
23.47836,80.30784,339.81,0.46,0.47,2023-11-21,722,N20,VIIRS,n,2,301.13,3.67,D,0,VIIRS_NOAA20_SP
23.48009,80.31657,334.03,0.45,0.47,2023-11-21,722,N20,VIIRS,n,2,302.19,8.32,D,0,VIIRS_NOAA20_SP
23.48029,80.02309,334.52,0.47,0.48,2023-11-21,722,N20,VIIRS,n,2,300.41,1.92,D,0,VIIRS_NOAA20_SP
23.48095,80.32094,341.17,0.45,0.47,2023-11-21,722,N20,VIIRS,n,2,301.3,8.02,D,0,VIIRS_NOAA20_SP
23.48519,80.31996,340.43,0.45,0.47,2023-11-21,722,N20,VIIRS,n,2,302.17,6.52,D,0,VIIRS_NOAA20_SP
23.49968,80.09899,330.32,0.47,0.48,2023-11-21,722,N20,VIIRS,n,2,299.87,3.36,D,0,VIIRS_NOAA20_SP
23.50106,88.17226,332.62,0.4,0.37,2023-11-21,722,N20,VIIRS,l,2,302.79,3.43,D,0,VIIRS_NOAA20_SP
23.50133,80.08447,355.51,0.47,0.48,2023-11-21,722,N20,VIIRS,n,2,303.52,9.41,D,0,VIIRS_NOAA20_SP
23.50276,80.02258,331.11,0.47,0.48,2023-11-21,722,N20,VIIRS,n,2,299.94,3.38,D,0,VIIRS_NOAA20_SP
23.504,80.02386,334.25,0.47,0.48,2023-11-21,722,N20,VIIRS,n,2,300.58,5.59,D,0,VIIRS_NOAA20_SP
23.50442,80.00793,345.91,0.47,0.48,2023-11-21,722,N20,VIIRS,n,2,300.51,6.76,D,0,VIIRS_NOAA20_SP
23.50651,80.08798,332.89,0.47,0.48,2023-11-21,722,N20,VIIRS,n,2,299.85,9.41,D,0,VIIRS_NOAA20_SP
23.52156,80.25662,341.32,0.46,0.47,2023-11-21,722,N20,VIIRS,n,2,300.83,4.16,D,0,VIIRS_NOAA20_SP
23.52199,80.09062,339.3,0.47,0.48,2023-11-21,722,N20,VIIRS,n,2,299.3,2.22,D,0,VIIRS_NOAA20_SP
23.52523,79.90414,340.3,0.48,0.48,2023-11-21,722,N20,VIIRS,n,2,301.95,6.22,D,0,VIIRS_NOAA20_SP
23.52564,80.16316,330.15,0.46,0.47,2023-11-21,722,N20,VIIRS,l,2,300.71,4.81,D,0,VIIRS_NOAA20_SP
23.52581,80.13187,332.23,0.47,0.47,2023-11-21,722,N20,VIIRS,n,2,300.85,2.36,D,0,VIIRS_NOAA20_SP
23.52615,79.90875,344.97,0.48,0.48,2023-11-21,722,N20,VIIRS,n,2,302.04,10.96,D,0,VIIRS_NOAA20_SP
23.5265,80.16762,347.44,0.46,0.47,2023-11-21,722,N20,VIIRS,n,2,300.83,4.81,D,0,VIIRS_NOAA20_SP
23.53282,79.96476,333.44,0.48,0.48,2023-11-21,722,N20,VIIRS,n,2,301.23,4.96,D,0,VIIRS_NOAA20_SP
23.53637,80.16208,339.88,0.46,0.47,2023-11-21,722,N20,VIIRS,n,2,300.17,2.88,D,0,VIIRS_NOAA20_SP
23.53847,80.16019,340.71,0.46,0.47,2023-11-21,722,N20,VIIRS,n,2,300.7,5.89,D,0,VIIRS_NOAA20_SP
23.53859,80.27565,340.78,0.46,0.47,2023-11-21,722,N20,VIIRS,n,2,302.15,15.61,D,0,VIIRS_NOAA20_SP
23.54778,80.19664,340.1,0.46,0.47,2023-11-21,722,N20,VIIRS,n,2,299.75,3.1,D,0,VIIRS_NOAA20_SP
23.55257,80.04109,337.48,0.47,0.48,2023-11-21,722,N20,VIIRS,n,2,300.95,2.86,D,0,VIIRS_NOAA20_SP
23.55293,80.20009,331.1,0.46,0.47,2023-11-21,722,N20,VIIRS,n,2,300.91,2.86,D,0,VIIRS_NOAA20_SP
23.55398,80.00282,331.95,0.47,0.48,2023-11-21,722,N20,VIIRS,l,2,301.97,2.4,D,0,VIIRS_NOAA20_SP
23.57054,80.01807,338.56,0.47,0.48,2023-11-21,722,N20,VIIRS,n,2,301.18,3.94,D,0,VIIRS_NOAA20_SP
23.59282,79.9938,333.59,0.47,0.48,2023-11-21,722,N20,VIIRS,n,2,301.43,4.02,D,0,VIIRS_NOAA20_SP
23.59593,80.28214,332.89,0.45,0.47,2023-11-21,722,N20,VIIRS,n,2,299.91,2.78,D,0,VIIRS_NOAA20_SP
23.59609,79.96436,332.9,0.48,0.48,2023-11-21,722,N20,VIIRS,n,2,300.77,6.48,D,0,VIIRS_NOAA20_SP
23.59638,79.96057,332.03,0.48,0.48,2023-11-21,722,N20,VIIRS,n,2,300.46,7.18,D,0,VIIRS_NOAA20_SP
23.60614,80.06178,338.56,0.47,0.48,2023-11-21,722,N20,VIIRS,n,2,301.06,6.02,D,0,VIIRS_NOAA20_SP
23.61273,80.00333,332.63,0.47,0.48,2023-11-21,722,N20,VIIRS,n,2,300.87,2.82,D,0,VIIRS_NOAA20_SP
23.61423,80.00401,335.97,0.47,0.48,2023-11-21,722,N20,VIIRS,n,2,301.14,4.38,D,0,VIIRS_NOAA20_SP
23.61605,80.01308,330.9,0.47,0.48,2023-11-21,722,N20,VIIRS,l,2,301.37,5.33,D,0,VIIRS_NOAA20_SP
23.61704,80.00234,332.8,0.47,0.48,2023-11-21,722,N20,VIIRS,n,2,301.82,2.82,D,0,VIIRS_NOAA20_SP
23.63848,80.10201,336.31,0.47,0.47,2023-11-21,722,N20,VIIRS,n,2,299.07,5.84,D,0,VIIRS_NOAA20_SP
23.64794,80.10448,331.66,0.46,0.47,2023-11-21,722,N20,VIIRS,n,2,298.85,2.06,D,0,VIIRS_NOAA20_SP
23.65939,80.38068,338.69,0.45,0.47,2023-11-21,722,N20,VIIRS,n,2,302.41,5.76,D,0,VIIRS_NOAA20_SP
23.66865,86.42024,338.19,0.39,0.36,2023-11-21,722,N20,VIIRS,n,2,305.67,4.17,D,2,VIIRS_NOAA20_SP
23.67023,80.10398,334.63,0.46,0.47,2023-11-21,722,N20,VIIRS,n,2,302.51,3.18,D,0,VIIRS_NOAA20_SP
23.6727,86.9382,332.83,0.38,0.36,2023-11-21,722,N20,VIIRS,n,2,302.18,2.95,D,2,VIIRS_NOAA20_SP
23.67453,86.08732,337.16,0.39,0.36,2023-11-21,722,N20,VIIRS,n,2,303.19,5.79,D,2,VIIRS_NOAA20_SP
23.68165,86.39478,330.26,0.39,0.36,2023-11-21,722,N20,VIIRS,l,2,305.23,2.79,D,2,VIIRS_NOAA20_SP
23.68231,86.09363,333.86,0.39,0.36,2023-11-21,722,N20,VIIRS,n,2,301.63,3.79,D,2,VIIRS_NOAA20_SP
23.68494,86.39418,339.83,0.39,0.36,2023-11-21,722,N20,VIIRS,n,2,306.83,2.79,D,2,VIIRS_NOAA20_SP
23.68704,87.12371,329.7,0.38,0.36,2023-11-21,722,N20,VIIRS,l,2,303.87,2.07,D,2,VIIRS_NOAA20_SP
23.69868,79.70021,333.85,0.49,0.49,2023-11-21,722,N20,VIIRS,n,2,300.79,4.75,D,0,VIIRS_NOAA20_SP
23.70058,79.70963,333.41,0.49,0.49,2023-11-21,722,N20,VIIRS,n,2,297.92,3.56,D,0,VIIRS_NOAA20_SP
23.70516,80.05392,351.21,0.47,0.48,2023-11-21,722,N20,VIIRS,n,2,302.73,18.09,D,0,VIIRS_NOAA20_SP
23.70555,79.68868,332.96,0.49,0.49,2023-11-21,722,N20,VIIRS,n,2,301.27,2.56,D,0,VIIRS_NOAA20_SP
23.7486,79.99363,330.84,0.47,0.48,2023-11-21,722,N20,VIIRS,n,2,297.46,2.77,D,0,VIIRS_NOAA20_SP
23.75448,79.97801,334.28,0.47,0.48,2023-11-21,722,N20,VIIRS,n,2,299.56,2.54,D,0,VIIRS_NOAA20_SP
23.75696,85.85434,337.61,0.39,0.36,2023-11-21,722,N20,VIIRS,n,2,306.03,3.1,D,2,VIIRS_NOAA20_SP
23.75733,86.40015,331.94,0.39,0.36,2023-11-21,722,N20,VIIRS,l,2,304.17,5.89,D,2,VIIRS_NOAA20_SP
23.75791,86.40388,348.22,0.39,0.36,2023-11-21,722,N20,VIIRS,n,2,308.4,6.64,D,2,VIIRS_NOAA20_SP
23.77593,86.38907,346.9,0.39,0.36,2023-11-21,722,N20,VIIRS,n,2,310.1,7.64,D,2,VIIRS_NOAA20_SP
23.77824,86.20737,345.88,0.39,0.36,2023-11-21,722,N20,VIIRS,n,2,308.19,6.57,D,2,VIIRS_NOAA20_SP
23.77943,86.34603,333.42,0.39,0.36,2023-11-21,722,N20,VIIRS,n,2,305.84,3.17,D,2,VIIRS_NOAA20_SP
23.7798,86.39221,340.7,0.39,0.36,2023-11-21,722,N20,VIIRS,l,2,312.47,5.08,D,2,VIIRS_NOAA20_SP
23.7802,86.37287,333.44,0.39,0.36,2023-11-21,722,N20,VIIRS,n,2,307.17,2.23,D,2,VIIRS_NOAA20_SP
23.78038,86.39595,337.71,0.39,0.36,2023-11-21,722,N20,VIIRS,l,2,309.82,5.08,D,2,VIIRS_NOAA20_SP
23.78154,86.20677,339.77,0.39,0.36,2023-11-21,722,N20,VIIRS,n,2,308.33,5.67,D,2,VIIRS_NOAA20_SP
23.79434,86.35487,331.18,0.39,0.36,2023-11-21,722,N20,VIIRS,l,2,304.16,5.96,D,2,VIIRS_NOAA20_SP
23.80404,86.32999,348.39,0.39,0.36,2023-11-21,722,N20,VIIRS,n,2,311.33,7.62,D,2,VIIRS_NOAA20_SP
23.87666,80.04076,330.72,0.46,0.47,2023-11-21,722,N20,VIIRS,n,2,299.28,1.55,D,0,VIIRS_NOAA20_SP
24.18543,82.57526,330.65,0.5,0.41,2023-11-21,722,N20,VIIRS,n,2,301.04,3.88,D,0,VIIRS_NOAA20_SP
24.20636,82.71436,334.16,0.49,0.4,2023-11-21,722,N20,VIIRS,n,2,300.22,7.78,D,2,VIIRS_NOAA20_SP
24.24169,90.06421,335.47,0.46,0.39,2023-11-21,722,N20,VIIRS,n,2,300.81,2.84,D,0,VIIRS_NOAA20_SP
24.30534,80.19059,339.72,0.45,0.47,2023-11-21,722,N20,VIIRS,n,2,301.41,4.37,D,0,VIIRS_NOAA20_SP
24.30701,80.19922,334.62,0.45,0.47,2023-11-21,722,N20,VIIRS,n,2,301.53,3.45,D,0,VIIRS_NOAA20_SP
24.33223,89.38591,330.89,0.43,0.38,2023-11-21,722,N20,VIIRS,n,2,300.55,3.87,D,0,VIIRS_NOAA20_SP
24.33808,89.37628,333.77,0.43,0.38,2023-11-21,722,N20,VIIRS,n,2,301.0,3.71,D,0,VIIRS_NOAA20_SP
24.393,80.89173,330.92,0.4,0.45,2023-11-21,722,N20,VIIRS,n,2,300.27,2.27,D,0,VIIRS_NOAA20_SP
24.43206,81.1836,336.2,0.39,0.44,2023-11-21,722,N20,VIIRS,n,2,300.1,2.07,D,0,VIIRS_NOAA20_SP
24.44954,88.16122,341.85,0.4,0.37,2023-11-21,722,N20,VIIRS,n,2,300.4,4.04,D,0,VIIRS_NOAA20_SP
24.45144,81.19877,331.16,0.39,0.44,2023-11-21,722,N20,VIIRS,n,2,299.12,2.54,D,0,VIIRS_NOAA20_SP
24.50547,88.15528,334.46,0.4,0.37,2023-11-21,722,N20,VIIRS,n,2,308.84,14.97,D,0,VIIRS_NOAA20_SP
24.50883,88.15471,330.02,0.4,0.37,2023-11-21,722,N20,VIIRS,n,2,299.96,14.97,D,0,VIIRS_NOAA20_SP
24.52637,81.51112,332.51,0.56,0.43,2023-11-21,722,N20,VIIRS,n,2,301.35,2.68,D,0,VIIRS_NOAA20_SP
24.84474,87.93871,330.96,0.4,0.37,2023-11-21,722,N20,VIIRS,n,2,298.52,1.66,D,3,VIIRS_NOAA20_SP
25.04071,85.75414,332.38,0.39,0.36,2023-11-21,722,N20,VIIRS,n,2,299.67,2.72,D,0,VIIRS_NOAA20_SP
25.06246,85.35249,336.08,0.39,0.36,2023-11-21,722,N20,VIIRS,n,2,300.03,3.85,D,0,VIIRS_NOAA20_SP
25.11133,85.35894,330.15,0.39,0.36,2023-11-21,722,N20,VIIRS,n,2,299.97,1.95,D,0,VIIRS_NOAA20_SP
25.13312,85.37004,331.77,0.39,0.36,2023-11-21,722,N20,VIIRS,n,2,300.44,2.01,D,0,VIIRS_NOAA20_SP
25.13324,85.41357,336.84,0.39,0.36,2023-11-21,722,N20,VIIRS,n,2,300.51,2.85,D,0,VIIRS_NOAA20_SP
25.14882,85.38287,333.03,0.39,0.36,2023-11-21,722,N20,VIIRS,n,2,300.71,4.2,D,0,VIIRS_NOAA20_SP
24.30533,80.19232,339.68,0.45,0.47,2023-11-21,723,N20,VIIRS,n,2,301.38,4.72,D,0,VIIRS_NOAA20_SP
24.43078,80.76042,332.4,0.41,0.45,2023-11-21,723,N20,VIIRS,n,2,300.12,2.39,D,0,VIIRS_NOAA20_SP
24.44177,80.79507,336.02,0.41,0.45,2023-11-21,723,N20,VIIRS,n,2,299.6,3.07,D,0,VIIRS_NOAA20_SP
24.44234,80.81963,345.8,0.41,0.45,2023-11-21,723,N20,VIIRS,n,2,301.74,5.56,D,0,VIIRS_NOAA20_SP
24.47669,80.84458,330.12,0.41,0.45,2023-11-21,723,N20,VIIRS,n,2,300.03,1.48,D,0,VIIRS_NOAA20_SP
24.51323,81.03477,332.21,0.4,0.44,2023-11-21,723,N20,VIIRS,n,2,299.48,1.95,D,0,VIIRS_NOAA20_SP
24.54101,80.41274,340.35,0.43,0.46,2023-11-21,723,N20,VIIRS,n,2,301.86,3.99,D,0,VIIRS_NOAA20_SP
24.55002,80.54819,334.31,0.42,0.45,2023-11-21,723,N20,VIIRS,n,2,300.94,2.48,D,0,VIIRS_NOAA20_SP
24.56043,80.75559,342.84,0.41,0.45,2023-11-21,723,N20,VIIRS,n,2,299.88,4.01,D,0,VIIRS_NOAA20_SP
24.56483,80.80003,330.1,0.41,0.45,2023-11-21,723,N20,VIIRS,n,2,301.56,2.53,D,0,VIIRS_NOAA20_SP
24.60428,80.91746,333.21,0.4,0.44,2023-11-21,723,N20,VIIRS,n,2,300.7,4.9,D,0,VIIRS_NOAA20_SP
24.61202,80.63218,343.65,0.42,0.45,2023-11-21,723,N20,VIIRS,n,2,301.08,5.34,D,0,VIIRS_NOAA20_SP
24.61282,80.63088,340.19,0.42,0.45,2023-11-21,723,N20,VIIRS,n,2,300.78,3.99,D,0,VIIRS_NOAA20_SP
24.61873,81.01456,343.37,0.39,0.44,2023-11-21,723,N20,VIIRS,n,2,301.73,8.19,D,0,VIIRS_NOAA20_SP
24.63321,81.00333,343.36,0.4,0.44,2023-11-21,723,N20,VIIRS,n,2,301.01,5.19,D,0,VIIRS_NOAA20_SP
24.63589,80.44809,345.96,0.43,0.46,2023-11-21,723,N20,VIIRS,n,2,301.74,10.33,D,0,VIIRS_NOAA20_SP
24.64231,81.07288,341.17,0.39,0.44,2023-11-21,723,N20,VIIRS,n,2,299.99,4.0,D,0,VIIRS_NOAA20_SP
24.65802,81.19895,331.59,0.39,0.44,2023-11-21,723,N20,VIIRS,n,2,301.52,3.09,D,0,VIIRS_NOAA20_SP
24.6614,80.55746,335.78,0.42,0.45,2023-11-21,723,N20,VIIRS,n,2,301.39,4.5,D,0,VIIRS_NOAA20_SP
24.66315,81.13914,330.08,0.39,0.44,2023-11-21,723,N20,VIIRS,n,2,300.2,1.36,D,0,VIIRS_NOAA20_SP
24.66396,81.05598,339.32,0.39,0.44,2023-11-21,723,N20,VIIRS,n,2,298.75,2.03,D,0,VIIRS_NOAA20_SP
24.68159,80.94482,345.21,0.4,0.44,2023-11-21,723,N20,VIIRS,n,2,301.14,4.6,D,0,VIIRS_NOAA20_SP
24.70953,81.04625,330.82,0.39,0.44,2023-11-21,723,N20,VIIRS,n,2,299.39,1.9,D,0,VIIRS_NOAA20_SP
24.72897,80.75498,354.88,0.41,0.45,2023-11-21,723,N20,VIIRS,n,2,300.3,9.36,D,0,VIIRS_NOAA20_SP
24.75133,80.7625,338.91,0.41,0.45,2023-11-21,723,N20,VIIRS,n,2,299.33,2.59,D,0,VIIRS_NOAA20_SP
24.75933,81.36946,333.16,0.56,0.43,2023-11-21,723,N20,VIIRS,n,2,300.33,4.26,D,0,VIIRS_NOAA20_SP
24.776,81.24328,337.21,0.57,0.43,2023-11-21,723,N20,VIIRS,n,2,299.28,5.51,D,0,VIIRS_NOAA20_SP
24.78135,77.11637,342.65,0.34,0.56,2023-11-21,723,N20,VIIRS,n,2,299.9,3.43,D,0,VIIRS_NOAA20_SP
25.00942,83.56293,331.71,0.44,0.38,2023-11-21,723,N20,VIIRS,n,2,298.15,2.75,D,0,VIIRS_NOAA20_SP
25.05569,81.65161,333.47,0.54,0.42,2023-11-21,723,N20,VIIRS,n,2,300.34,4.08,D,0,VIIRS_NOAA20_SP
25.18569,83.91732,335.05,0.43,0.38,2023-11-21,723,N20,VIIRS,n,2,298.1,2.24,D,0,VIIRS_NOAA20_SP
25.19575,77.6424,331.92,0.61,0.54,2023-11-21,723,N20,VIIRS,n,2,299.21,4.06,D,0,VIIRS_NOAA20_SP
25.19827,77.64361,333.01,0.61,0.54,2023-11-21,723,N20,VIIRS,n,2,299.18,5.22,D,0,VIIRS_NOAA20_SP
25.2181,75.81228,338.48,0.4,0.6,2023-11-21,723,N20,VIIRS,n,2,299.64,2.75,D,0,VIIRS_NOAA20_SP
25.25452,83.67807,332.03,0.43,0.38,2023-11-21,723,N20,VIIRS,n,2,298.64,3.01,D,0,VIIRS_NOAA20_SP
25.27822,81.28344,334.41,0.56,0.43,2023-11-21,723,N20,VIIRS,n,2,300.31,4.46,D,0,VIIRS_NOAA20_SP
25.27849,81.28553,334.34,0.56,0.43,2023-11-21,723,N20,VIIRS,n,2,300.52,4.77,D,0,VIIRS_NOAA20_SP
25.28072,82.59035,340.64,0.48,0.4,2023-11-21,723,N20,VIIRS,n,2,298.75,4.44,D,0,VIIRS_NOAA20_SP
25.29142,85.61636,333.92,0.39,0.36,2023-11-21,723,N20,VIIRS,n,2,299.95,2.52,D,0,VIIRS_NOAA20_SP
25.29472,85.61572,334.28,0.39,0.36,2023-11-21,723,N20,VIIRS,n,2,300.25,3.34,D,0,VIIRS_NOAA20_SP
25.31105,85.39565,331.63,0.39,0.36,2023-11-21,723,N20,VIIRS,n,2,299.47,1.46,D,0,VIIRS_NOAA20_SP
25.3147,85.41869,335.99,0.39,0.36,2023-11-21,723,N20,VIIRS,n,2,302.13,2.64,D,0,VIIRS_NOAA20_SP
25.32893,85.53047,337.29,0.39,0.36,2023-11-21,723,N20,VIIRS,n,2,300.55,3.12,D,0,VIIRS_NOAA20_SP
25.33862,81.41027,332.24,0.55,0.43,2023-11-21,723,N20,VIIRS,n,2,299.56,2.68,D,0,VIIRS_NOAA20_SP
25.34843,85.63303,335.91,0.39,0.36,2023-11-21,723,N20,VIIRS,n,2,299.4,2.29,D,0,VIIRS_NOAA20_SP
25.36972,85.57391,331.8,0.39,0.36,2023-11-21,723,N20,VIIRS,n,2,299.68,1.67,D,0,VIIRS_NOAA20_SP
25.37003,83.45628,331.84,0.44,0.38,2023-11-21,723,N20,VIIRS,n,2,299.19,2.73,D,0,VIIRS_NOAA20_SP
25.37896,84.9519,335.06,0.4,0.37,2023-11-21,723,N20,VIIRS,n,2,301.27,2.68,D,0,VIIRS_NOAA20_SP
25.38294,85.37791,332.94,0.39,0.36,2023-11-21,723,N20,VIIRS,n,2,300.49,2.73,D,0,VIIRS_NOAA20_SP
25.38851,81.37659,332.58,0.55,0.43,2023-11-21,723,N20,VIIRS,n,2,299.82,5.59,D,0,VIIRS_NOAA20_SP
25.40619,85.41697,330.81,0.39,0.36,2023-11-21,723,N20,VIIRS,n,2,299.39,1.99,D,0,VIIRS_NOAA20_SP
25.40914,76.78603,352.64,0.34,0.56,2023-11-21,723,N20,VIIRS,n,2,300.2,5.13,D,0,VIIRS_NOAA20_SP
25.41064,80.70711,334.33,0.4,0.44,2023-11-21,723,N20,VIIRS,n,2,298.51,2.92,D,0,VIIRS_NOAA20_SP
25.41344,76.78133,345.92,0.34,0.56,2023-11-21,723,N20,VIIRS,n,2,300.47,4.5,D,0,VIIRS_NOAA20_SP
25.41764,82.30314,331.02,0.49,0.4,2023-11-21,723,N20,VIIRS,n,2,299.05,2.8,D,0,VIIRS_NOAA20_SP
25.4183,83.79838,331.88,0.43,0.38,2023-11-21,723,N20,VIIRS,n,2,300.4,2.67,D,0,VIIRS_NOAA20_SP
25.41926,84.9883,331.64,0.4,0.37,2023-11-21,723,N20,VIIRS,n,2,299.53,3.82,D,0,VIIRS_NOAA20_SP
25.42592,84.987,339.75,0.4,0.37,2023-11-21,723,N20,VIIRS,n,2,302.43,6.65,D,0,VIIRS_NOAA20_SP
25.45868,81.25176,334.35,0.56,0.43,2023-11-21,723,N20,VIIRS,n,2,299.3,4.26,D,0,VIIRS_NOAA20_SP
25.46827,81.23821,336.36,0.56,0.43,2023-11-21,723,N20,VIIRS,n,2,299.34,4.04,D,0,VIIRS_NOAA20_SP
25.47214,81.23733,341.63,0.56,0.43,2023-11-21,723,N20,VIIRS,n,2,301.24,27.99,D,0,VIIRS_NOAA20_SP
25.47298,84.48072,331.37,0.41,0.37,2023-11-21,723,N20,VIIRS,n,2,299.44,3.56,D,0,VIIRS_NOAA20_SP
25.4816,83.94064,331.63,0.42,0.38,2023-11-21,723,N20,VIIRS,n,2,299.8,2.4,D,0,VIIRS_NOAA20_SP
25.49472,83.97648,331.46,0.42,0.38,2023-11-21,723,N20,VIIRS,n,2,299.7,2.57,D,0,VIIRS_NOAA20_SP
25.50268,85.25205,331.21,0.39,0.36,2023-11-21,723,N20,VIIRS,n,2,301.31,2.23,D,0,VIIRS_NOAA20_SP
25.50505,81.39281,333.08,0.55,0.42,2023-11-21,723,N20,VIIRS,n,2,298.91,5.38,D,0,VIIRS_NOAA20_SP
25.50805,84.32842,335.77,0.41,0.37,2023-11-21,723,N20,VIIRS,n,2,301.2,4.39,D,0,VIIRS_NOAA20_SP
25.51482,84.32706,340.14,0.41,0.37,2023-11-21,723,N20,VIIRS,n,2,301.16,5.34,D,0,VIIRS_NOAA20_SP
25.52653,81.48751,334.28,0.54,0.42,2023-11-21,723,N20,VIIRS,n,2,299.17,3.94,D,0,VIIRS_NOAA20_SP
25.57558,81.22755,330.8,0.56,0.43,2023-11-21,723,N20,VIIRS,n,2,298.76,3.16,D,0,VIIRS_NOAA20_SP
25.63314,78.28732,332.78,0.55,0.51,2023-11-21,723,N20,VIIRS,n,2,298.47,2.62,D,0,VIIRS_NOAA20_SP
25.63773,78.28613,330.89,0.55,0.51,2023-11-21,723,N20,VIIRS,n,2,298.5,4.4,D,0,VIIRS_NOAA20_SP
25.63894,87.68734,336.35,0.4,0.37,2023-11-21,723,N20,VIIRS,n,2,299.86,2.48,D,0,VIIRS_NOAA20_SP
25.65434,78.1441,330.8,0.56,0.51,2023-11-21,723,N20,VIIRS,n,2,298.55,2.22,D,0,VIIRS_NOAA20_SP
25.65899,78.16579,331.86,0.56,0.51,2023-11-21,723,N20,VIIRS,n,2,299.08,3.33,D,0,VIIRS_NOAA20_SP
25.66072,78.97228,335.04,0.5,0.49,2023-11-21,723,N20,VIIRS,n,2,300.67,4.85,D,0,VIIRS_NOAA20_SP
25.67751,83.21531,330.16,0.45,0.39,2023-11-21,723,N20,VIIRS,n,2,301.47,1.82,D,0,VIIRS_NOAA20_SP
25.6798,78.10316,333.83,0.56,0.52,2023-11-21,723,N20,VIIRS,n,2,298.7,3.64,D,0,VIIRS_NOAA20_SP
25.69248,88.2159,331.24,0.41,0.37,2023-11-21,723,N20,VIIRS,n,2,300.72,3.88,D,0,VIIRS_NOAA20_SP
25.69607,78.0876,335.51,0.56,0.52,2023-11-21,723,N20,VIIRS,n,2,299.95,5.16,D,0,VIIRS_NOAA20_SP
25.69613,84.27837,333.47,0.41,0.37,2023-11-21,723,N20,VIIRS,n,2,301.79,4.27,D,0,VIIRS_NOAA20_SP
25.6988,81.83212,337.56,0.51,0.41,2023-11-21,723,N20,VIIRS,n,2,299.65,4.18,D,0,VIIRS_NOAA20_SP
25.71123,78.01994,331.53,0.57,0.52,2023-11-21,723,N20,VIIRS,n,2,298.09,2.31,D,0,VIIRS_NOAA20_SP
25.71424,77.95865,332.37,0.57,0.52,2023-11-21,723,N20,VIIRS,n,2,298.78,4.47,D,0,VIIRS_NOAA20_SP
25.72242,88.23156,337.33,0.41,0.37,2023-11-21,723,N20,VIIRS,n,2,299.82,3.74,D,0,VIIRS_NOAA20_SP
25.72276,78.07497,333.93,0.56,0.52,2023-11-21,723,N20,VIIRS,n,2,298.81,4.2,D,0,VIIRS_NOAA20_SP
25.72531,78.07783,336.49,0.56,0.52,2023-11-21,723,N20,VIIRS,n,2,298.85,4.25,D,0,VIIRS_NOAA20_SP
25.72581,88.23098,335.79,0.41,0.37,2023-11-21,723,N20,VIIRS,n,2,300.42,3.74,D,0,VIIRS_NOAA20_SP
25.73486,88.24605,330.77,0.41,0.37,2023-11-21,723,N20,VIIRS,n,2,299.01,2.79,D,0,VIIRS_NOAA20_SP
25.74222,88.19926,333.17,0.41,0.37,2023-11-21,723,N20,VIIRS,n,2,298.83,2.02,D,0,VIIRS_NOAA20_SP
25.75127,88.23915,331.52,0.41,0.37,2023-11-21,723,N20,VIIRS,n,2,301.05,2.33,D,0,VIIRS_NOAA20_SP
25.75183,88.2432,337.97,0.41,0.37,2023-11-21,723,N20,VIIRS,n,2,300.13,3.31,D,0,VIIRS_NOAA20_SP
25.7524,87.08743,335.51,0.39,0.36,2023-11-21,723,N20,VIIRS,n,2,299.41,3.2,D,0,VIIRS_NOAA20_SP
25.76119,80.96681,335.69,0.57,0.43,2023-11-21,723,N20,VIIRS,n,2,299.87,4.65,D,0,VIIRS_NOAA20_SP
25.76128,78.08579,331.03,0.56,0.52,2023-11-21,723,N20,VIIRS,n,2,297.85,2.75,D,0,VIIRS_NOAA20_SP
25.76215,80.96816,332.95,0.57,0.43,2023-11-21,723,N20,VIIRS,n,2,299.73,4.83,D,0,VIIRS_NOAA20_SP
25.76284,84.75108,338.13,0.4,0.37,2023-11-21,723,N20,VIIRS,n,2,301.0,4.22,D,0,VIIRS_NOAA20_SP
25.79082,78.89896,330.92,0.5,0.49,2023-11-21,723,N20,VIIRS,n,2,299.8,4.13,D,0,VIIRS_NOAA20_SP
25.81662,78.86684,333.91,0.5,0.49,2023-11-21,723,N20,VIIRS,n,2,300.44,3.94,D,0,VIIRS_NOAA20_SP
25.82408,78.88039,333.79,0.5,0.49,2023-11-21,723,N20,VIIRS,n,2,299.72,4.25,D,0,VIIRS_NOAA20_SP
25.82498,78.06348,331.09,0.56,0.52,2023-11-21,723,N20,VIIRS,n,2,298.58,3.99,D,0,VIIRS_NOAA20_SP
25.83302,81.21363,331.99,0.55,0.43,2023-11-21,723,N20,VIIRS,n,2,300.67,4.51,D,0,VIIRS_NOAA20_SP
25.84406,83.81268,336.87,0.42,0.38,2023-11-21,723,N20,VIIRS,n,2,300.16,2.41,D,0,VIIRS_NOAA20_SP
25.84622,80.25819,332.5,0.42,0.45,2023-11-21,723,N20,VIIRS,n,2,300.72,2.05,D,0,VIIRS_NOAA20_SP
25.86002,82.757,333.06,0.46,0.39,2023-11-21,723,N20,VIIRS,n,2,302.39,2.66,D,0,VIIRS_NOAA20_SP
25.86258,79.38275,342.09,0.47,0.47,2023-11-21,723,N20,VIIRS,n,2,302.85,4.79,D,0,VIIRS_NOAA20_SP
25.86503,79.37259,340.26,0.47,0.48,2023-11-21,723,N20,VIIRS,n,2,301.55,14.2,D,0,VIIRS_NOAA20_SP
25.887,82.24841,331.13,0.49,0.4,2023-11-21,723,N20,VIIRS,n,2,301.49,1.74,D,0,VIIRS_NOAA20_SP
25.90178,82.14705,334.46,0.49,0.41,2023-11-21,723,N20,VIIRS,n,2,300.67,3.47,D,0,VIIRS_NOAA20_SP
25.90406,78.93171,332.37,0.5,0.49,2023-11-21,723,N20,VIIRS,n,2,299.65,3.47,D,0,VIIRS_NOAA20_SP
25.91021,78.1086,337.49,0.56,0.51,2023-11-21,723,N20,VIIRS,n,2,298.33,5.76,D,0,VIIRS_NOAA20_SP
25.92058,78.11164,341.24,0.55,0.51,2023-11-21,723,N20,VIIRS,n,2,299.78,7.62,D,0,VIIRS_NOAA20_SP
25.93023,83.30821,331.74,0.44,0.38,2023-11-21,723,N20,VIIRS,n,2,300.61,2.58,D,0,VIIRS_NOAA20_SP
25.93176,78.21054,331.83,0.55,0.51,2023-11-21,723,N20,VIIRS,n,2,298.73,3.31,D,0,VIIRS_NOAA20_SP
25.93208,87.93373,333.99,0.4,0.37,2023-11-21,723,N20,VIIRS,n,2,301.63,2.79,D,0,VIIRS_NOAA20_SP
25.94102,78.18566,331.55,0.55,0.51,2023-11-21,723,N20,VIIRS,n,2,298.99,2.1,D,0,VIIRS_NOAA20_SP
25.94259,78.07744,332.2,0.56,0.51,2023-11-21,723,N20,VIIRS,n,2,298.99,5.15,D,0,VIIRS_NOAA20_SP
25.94372,78.08286,335.61,0.56,0.51,2023-11-21,723,N20,VIIRS,n,2,298.56,5.15,D,0,VIIRS_NOAA20_SP
25.94526,78.05593,330.8,0.56,0.51,2023-11-21,723,N20,VIIRS,n,2,298.95,4.47,D,0,VIIRS_NOAA20_SP
25.94532,78.07877,339.34,0.56,0.51,2023-11-21,723,N20,VIIRS,n,2,298.43,5.97,D,0,VIIRS_NOAA20_SP
25.95504,84.14001,332.65,0.41,0.37,2023-11-21,723,N20,VIIRS,n,2,300.53,1.6,D,0,VIIRS_NOAA20_SP
25.95875,82.12431,333.17,0.49,0.41,2023-11-21,723,N20,VIIRS,n,2,303.74,2.11,D,0,VIIRS_NOAA20_SP
25.96891,81.53542,331.94,0.53,0.42,2023-11-21,723,N20,VIIRS,n,2,299.76,3.13,D,0,VIIRS_NOAA20_SP
25.97284,87.41741,341.48,0.39,0.36,2023-11-21,723,N20,VIIRS,n,2,302.12,4.21,D,0,VIIRS_NOAA20_SP
25.9735,84.44036,338.1,0.4,0.37,2023-11-21,723,N20,VIIRS,n,2,302.52,4.25,D,0,VIIRS_NOAA20_SP
25.97568,78.64478,334.17,0.51,0.5,2023-11-21,723,N20,VIIRS,n,2,300.24,6.21,D,0,VIIRS_NOAA20_SP
25.99835,81.46661,331.43,0.53,0.42,2023-11-21,723,N20,VIIRS,n,2,300.15,4.35,D,0,VIIRS_NOAA20_SP
26.02107,87.99266,336.75,0.4,0.37,2023-11-21,723,N20,VIIRS,n,2,300.24,2.46,D,0,VIIRS_NOAA20_SP
26.04015,79.9635,333.48,0.43,0.46,2023-11-21,723,N20,VIIRS,n,2,299.47,3.76,D,0,VIIRS_NOAA20_SP
26.06416,82.4792,332.35,0.47,0.4,2023-11-21,723,N20,VIIRS,n,2,300.99,3.19,D,0,VIIRS_NOAA20_SP
26.06961,84.38352,330.2,0.41,0.37,2023-11-21,723,N20,VIIRS,n,2,300.03,4.43,D,0,VIIRS_NOAA20_SP
26.0702,85.33327,331.47,0.39,0.36,2023-11-21,723,N20,VIIRS,n,2,298.64,2.63,D,0,VIIRS_NOAA20_SP
26.08019,82.05155,331.2,0.5,0.41,2023-11-21,723,N20,VIIRS,n,2,301.24,2.2,D,0,VIIRS_NOAA20_SP
26.08662,82.47912,330.25,0.47,0.4,2023-11-21,723,N20,VIIRS,n,2,300.55,3.02,D,0,VIIRS_NOAA20_SP
26.09232,80.89467,341.9,0.57,0.43,2023-11-21,723,N20,VIIRS,n,2,300.42,6.51,D,0,VIIRS_NOAA20_SP
26.09344,80.89654,342.49,0.57,0.43,2023-11-21,723,N20,VIIRS,n,2,300.31,6.11,D,0,VIIRS_NOAA20_SP
26.1016,82.50003,331.09,0.47,0.4,2023-11-21,723,N20,VIIRS,n,2,301.45,2.05,D,0,VIIRS_NOAA20_SP
26.1226,82.53401,338.37,0.47,0.4,2023-11-21,723,N20,VIIRS,n,2,300.9,3.41,D,0,VIIRS_NOAA20_SP
26.14544,83.01556,335.86,0.45,0.39,2023-11-21,723,N20,VIIRS,n,2,301.87,5.04,D,0,VIIRS_NOAA20_SP
26.14561,83.0173,331.51,0.45,0.39,2023-11-21,723,N20,VIIRS,n,2,300.36,2.47,D,0,VIIRS_NOAA20_SP
26.15365,82.16111,331.16,0.49,0.4,2023-11-21,723,N20,VIIRS,n,2,301.73,1.94,D,0,VIIRS_NOAA20_SP
26.15638,82.59855,330.65,0.47,0.39,2023-11-21,723,N20,VIIRS,n,2,300.51,1.93,D,0,VIIRS_NOAA20_SP
26.18576,76.61522,332.0,0.34,0.56,2023-11-21,723,N20,VIIRS,n,2,301.34,2.78,D,0,VIIRS_NOAA20_SP
26.18768,76.61653,334.67,0.34,0.56,2023-11-21,723,N20,VIIRS,n,2,301.46,2.05,D,0,VIIRS_NOAA20_SP
26.26218,81.34634,332.59,0.53,0.42,2023-11-21,723,N20,VIIRS,n,2,299.35,3.82,D,0,VIIRS_NOAA20_SP
26.26921,87.86092,335.07,0.4,0.37,2023-11-21,723,N20,VIIRS,n,2,300.33,5.31,D,0,VIIRS_NOAA20_SP
26.28424,81.86702,332.77,0.5,0.41,2023-11-21,723,N20,VIIRS,n,2,301.63,4.29,D,0,VIIRS_NOAA20_SP
26.28718,81.5034,334.64,0.52,0.42,2023-11-21,723,N20,VIIRS,n,2,301.74,5.66,D,0,VIIRS_NOAA20_SP
26.30195,79.43135,330.6,0.45,0.47,2023-11-21,723,N20,VIIRS,n,2,299.98,2.36,D,0,VIIRS_NOAA20_SP
26.30956,81.73158,336.49,0.51,0.41,2023-11-21,723,N20,VIIRS,n,2,302.59,8.47,D,0,VIIRS_NOAA20_SP
26.31637,79.9903,352.82,0.42,0.45,2023-11-21,723,N20,VIIRS,n,2,304.07,9.78,D,0,VIIRS_NOAA20_SP
26.32504,82.40085,332.32,0.47,0.4,2023-11-21,723,N20,VIIRS,n,2,300.92,2.98,D,0,VIIRS_NOAA20_SP
26.33819,81.14406,333.32,0.55,0.42,2023-11-21,723,N20,VIIRS,n,2,299.85,2.93,D,0,VIIRS_NOAA20_SP
26.34235,81.59024,332.04,0.52,0.41,2023-11-21,723,N20,VIIRS,n,2,299.46,3.04,D,0,VIIRS_NOAA20_SP
26.34445,81.22071,333.71,0.54,0.42,2023-11-21,723,N20,VIIRS,n,2,300.52,5.08,D,0,VIIRS_NOAA20_SP
26.36148,82.58529,337.47,0.46,0.39,2023-11-21,723,N20,VIIRS,n,2,301.0,4.73,D,0,VIIRS_NOAA20_SP
26.36361,87.32549,335.75,0.39,0.36,2023-11-21,723,N20,VIIRS,n,2,298.12,2.17,D,0,VIIRS_NOAA20_SP
26.38176,82.59513,335.31,0.46,0.39,2023-11-21,723,N20,VIIRS,n,2,301.3,5.5,D,0,VIIRS_NOAA20_SP
26.38724,81.81058,331.77,0.5,0.41,2023-11-21,723,N20,VIIRS,n,2,301.09,4.25,D,0,VIIRS_NOAA20_SP
26.38816,81.81554,331.95,0.5,0.41,2023-11-21,723,N20,VIIRS,n,2,300.08,3.7,D,0,VIIRS_NOAA20_SP
26.39555,87.45269,342.9,0.4,0.37,2023-11-21,723,N20,VIIRS,n,2,301.36,4.44,D,0,VIIRS_NOAA20_SP
26.40289,82.69464,336.2,0.46,0.39,2023-11-21,723,N20,VIIRS,n,2,300.63,2.77,D,0,VIIRS_NOAA20_SP
26.40474,81.29821,331.66,0.53,0.42,2023-11-21,723,N20,VIIRS,n,2,299.85,6.02,D,0,VIIRS_NOAA20_SP
26.40802,83.75642,331.4,0.42,0.38,2023-11-21,723,N20,VIIRS,n,2,299.6,2.45,D,0,VIIRS_NOAA20_SP
26.40945,82.59541,332.18,0.46,0.39,2023-11-21,723,N20,VIIRS,n,2,301.1,3.38,D,0,VIIRS_NOAA20_SP
26.41355,85.37405,331.11,0.39,0.36,2023-11-21,723,N20,VIIRS,n,2,298.47,1.21,D,0,VIIRS_NOAA20_SP
26.42422,83.87292,333.57,0.42,0.37,2023-11-21,723,N20,VIIRS,n,2,299.98,5.06,D,0,VIIRS_NOAA20_SP
26.44058,81.10674,332.5,0.55,0.42,2023-11-21,723,N20,VIIRS,n,2,301.14,3.06,D,0,VIIRS_NOAA20_SP
26.45547,83.84937,334.75,0.42,0.37,2023-11-21,723,N20,VIIRS,n,2,300.34,5.16,D,0,VIIRS_NOAA20_SP
26.45616,83.85349,333.55,0.42,0.37,2023-11-21,723,N20,VIIRS,n,2,299.1,3.4,D,0,VIIRS_NOAA20_SP
26.45748,81.38966,344.87,0.53,0.42,2023-11-21,723,N20,VIIRS,n,2,301.02,9.21,D,0,VIIRS_NOAA20_SP
26.47231,83.22144,337.59,0.44,0.38,2023-11-21,723,N20,VIIRS,n,2,300.9,6.52,D,0,VIIRS_NOAA20_SP
26.48202,81.37314,333.05,0.53,0.42,2023-11-21,723,N20,VIIRS,n,2,301.12,3.46,D,0,VIIRS_NOAA20_SP
26.48942,78.25301,332.97,0.53,0.5,2023-11-21,723,N20,VIIRS,n,2,297.7,5.71,D,0,VIIRS_NOAA20_SP
26.49468,78.30064,333.57,0.53,0.5,2023-11-21,723,N20,VIIRS,n,2,297.71,2.17,D,0,VIIRS_NOAA20_SP
26.49661,83.3633,330.46,0.43,0.38,2023-11-21,723,N20,VIIRS,n,2,300.15,1.45,D,0,VIIRS_NOAA20_SP
26.50063,78.26102,348.31,0.53,0.5,2023-11-21,723,N20,VIIRS,n,2,300.57,11.89,D,0,VIIRS_NOAA20_SP
26.50309,81.1963,335.73,0.54,0.42,2023-11-21,723,N20,VIIRS,n,2,300.88,9.93,D,0,VIIRS_NOAA20_SP
26.51625,84.5301,332.14,0.4,0.37,2023-11-21,723,N20,VIIRS,n,2,299.66,1.81,D,0,VIIRS_NOAA20_SP
26.51721,78.29478,343.45,0.53,0.5,2023-11-21,723,N20,VIIRS,n,2,299.0,7.72,D,0,VIIRS_NOAA20_SP
26.52115,81.45924,331.97,0.52,0.42,2023-11-21,723,N20,VIIRS,n,2,300.14,2.55,D,0,VIIRS_NOAA20_SP
26.52178,81.46117,333.27,0.52,0.42,2023-11-21,723,N20,VIIRS,n,2,300.12,3.46,D,0,VIIRS_NOAA20_SP
26.53145,83.92338,340.08,0.41,0.37,2023-11-21,723,N20,VIIRS,n,2,301.32,4.1,D,0,VIIRS_NOAA20_SP
26.53341,82.81733,331.63,0.45,0.39,2023-11-21,723,N20,VIIRS,n,2,301.02,1.55,D,0,VIIRS_NOAA20_SP
26.54034,81.54026,335.31,0.52,0.41,2023-11-21,723,N20,VIIRS,n,2,301.55,4.76,D,0,VIIRS_NOAA20_SP
26.54048,81.54237,332.1,0.52,0.41,2023-11-21,723,N20,VIIRS,n,2,300.68,2.73,D,0,VIIRS_NOAA20_SP
26.54572,83.92467,332.04,0.41,0.37,2023-11-21,723,N20,VIIRS,n,2,299.74,1.87,D,0,VIIRS_NOAA20_SP
26.55437,87.45317,329.17,0.4,0.37,2023-11-21,723,N20,VIIRS,n,2,301.79,2.17,D,0,VIIRS_NOAA20_SP
26.55457,83.93555,331.27,0.41,0.37,2023-11-21,723,N20,VIIRS,n,2,301.18,2.78,D,0,VIIRS_NOAA20_SP
26.56075,83.97239,332.45,0.41,0.37,2023-11-21,723,N20,VIIRS,n,2,300.77,2.78,D,0,VIIRS_NOAA20_SP
26.58545,79.599,330.66,0.44,0.46,2023-11-21,723,N20,VIIRS,n,2,298.98,8.53,D,0,VIIRS_NOAA20_SP
26.58876,79.59365,330.55,0.44,0.46,2023-11-21,723,N20,VIIRS,n,2,298.98,2.28,D,0,VIIRS_NOAA20_SP
26.59289,79.43887,331.09,0.45,0.47,2023-11-21,723,N20,VIIRS,n,2,298.45,3.68,D,0,VIIRS_NOAA20_SP
26.60544,83.2567,332.68,0.43,0.38,2023-11-21,723,N20,VIIRS,n,2,300.44,6.33,D,0,VIIRS_NOAA20_SP
26.60549,83.04218,339.17,0.44,0.39,2023-11-21,723,N20,VIIRS,n,2,302.01,3.24,D,0,VIIRS_NOAA20_SP
26.63119,81.48215,332.87,0.52,0.41,2023-11-21,723,N20,VIIRS,n,2,299.72,4.3,D,0,VIIRS_NOAA20_SP
26.63138,81.484,331.47,0.52,0.41,2023-11-21,723,N20,VIIRS,n,2,299.3,2.9,D,0,VIIRS_NOAA20_SP
26.64547,79.48106,339.46,0.44,0.46,2023-11-21,723,N20,VIIRS,n,2,297.97,3.84,D,2,VIIRS_NOAA20_SP
26.64771,84.41329,331.61,0.4,0.37,2023-11-21,723,N20,VIIRS,n,2,299.31,2.5,D,0,VIIRS_NOAA20_SP
26.66988,79.49331,331.53,0.44,0.46,2023-11-21,723,N20,VIIRS,n,2,298.74,2.34,D,0,VIIRS_NOAA20_SP
26.6782,83.62345,331.8,0.42,0.38,2023-11-21,723,N20,VIIRS,n,2,300.34,3.98,D,0,VIIRS_NOAA20_SP
26.68808,82.82863,332.24,0.45,0.39,2023-11-21,723,N20,VIIRS,n,2,300.94,2.44,D,0,VIIRS_NOAA20_SP
26.69474,84.05904,331.93,0.41,0.37,2023-11-21,723,N20,VIIRS,n,2,298.86,2.2,D,0,VIIRS_NOAA20_SP
26.69599,79.77866,331.34,0.43,0.46,2023-11-21,723,N20,VIIRS,n,2,298.68,4.44,D,0,VIIRS_NOAA20_SP
26.6986,83.09912,335.43,0.44,0.38,2023-11-21,723,N20,VIIRS,n,2,301.59,5.45,D,0,VIIRS_NOAA20_SP
26.70382,83.61064,334.19,0.42,0.38,2023-11-21,723,N20,VIIRS,n,2,301.73,3.78,D,0,VIIRS_NOAA20_SP
26.70813,79.6648,330.88,0.43,0.46,2023-11-21,723,N20,VIIRS,n,2,300.81,2.53,D,0,VIIRS_NOAA20_SP
26.71148,79.68182,335.32,0.43,0.46,2023-11-21,723,N20,VIIRS,n,2,298.8,2.86,D,0,VIIRS_NOAA20_SP
26.71782,83.05998,345.42,0.44,0.38,2023-11-21,723,N20,VIIRS,n,2,304.17,9.08,D,0,VIIRS_NOAA20_SP
26.72556,82.17354,335.19,0.48,0.4,2023-11-21,723,N20,VIIRS,n,2,301.55,3.13,D,0,VIIRS_NOAA20_SP
26.73874,81.13634,333.64,0.54,0.42,2023-11-21,723,N20,VIIRS,n,2,300.62,2.92,D,0,VIIRS_NOAA20_SP
26.75808,79.40824,330.24,0.45,0.47,2023-11-21,723,N20,VIIRS,n,2,299.68,2.82,D,0,VIIRS_NOAA20_SP
26.79378,83.62277,333.3,0.42,0.38,2023-11-21,723,N20,VIIRS,n,2,303.78,3.76,D,0,VIIRS_NOAA20_SP
26.79494,83.62608,332.49,0.42,0.38,2023-11-21,723,N20,VIIRS,n,2,301.49,3.69,D,0,VIIRS_NOAA20_SP
26.79829,83.12836,332.13,0.44,0.38,2023-11-21,723,N20,VIIRS,n,2,300.18,2.09,D,0,VIIRS_NOAA20_SP
26.80147,80.73908,330.93,0.56,0.43,2023-11-21,723,N20,VIIRS,n,2,298.66,5.67,D,0,VIIRS_NOAA20_SP
26.80252,83.50808,330.44,0.42,0.38,2023-11-21,723,N20,VIIRS,n,2,303.85,1.84,D,0,VIIRS_NOAA20_SP
26.80412,84.85439,330.0,0.39,0.36,2023-11-21,723,N20,VIIRS,n,2,299.05,1.88,D,0,VIIRS_NOAA20_SP
26.81339,83.69624,338.58,0.42,0.38,2023-11-21,723,N20,VIIRS,n,2,304.03,4.4,D,0,VIIRS_NOAA20_SP
26.81526,83.66573,332.38,0.42,0.38,2023-11-21,723,N20,VIIRS,n,2,301.95,2.72,D,0,VIIRS_NOAA20_SP
26.8262,83.66773,340.66,0.42,0.38,2023-11-21,723,N20,VIIRS,n,2,302.45,2.79,D,0,VIIRS_NOAA20_SP
26.834,79.28316,338.62,0.45,0.47,2023-11-21,723,N20,VIIRS,n,2,298.62,6.19,D,0,VIIRS_NOAA20_SP
26.85152,83.26141,332.05,0.43,0.38,2023-11-21,723,N20,VIIRS,n,2,301.78,4.19,D,0,VIIRS_NOAA20_SP
26.8604,83.68207,334.22,0.42,0.38,2023-11-21,723,N20,VIIRS,n,2,301.91,2.92,D,0,VIIRS_NOAA20_SP
26.86119,83.70769,330.92,0.42,0.37,2023-11-21,723,N20,VIIRS,n,2,298.84,1.71,D,0,VIIRS_NOAA20_SP
26.88704,83.69366,337.1,0.42,0.37,2023-11-21,723,N20,VIIRS,n,2,303.42,4.22,D,0,VIIRS_NOAA20_SP
26.90745,83.56536,338.36,0.42,0.38,2023-11-21,723,N20,VIIRS,n,2,303.61,3.33,D,0,VIIRS_NOAA20_SP
26.91366,83.03741,332.74,0.44,0.38,2023-11-21,723,N20,VIIRS,n,2,299.49,1.82,D,0,VIIRS_NOAA20_SP
26.91447,83.03767,333.01,0.44,0.38,2023-11-21,723,N20,VIIRS,n,2,299.37,2.82,D,0,VIIRS_NOAA20_SP
26.91689,85.96896,332.44,0.38,0.36,2023-11-21,723,N20,VIIRS,n,2,301.18,2.27,D,0,VIIRS_NOAA20_SP
26.91926,85.08458,330.59,0.39,0.36,2023-11-21,723,N20,VIIRS,n,2,300.71,2.04,D,0,VIIRS_NOAA20_SP
26.92052,83.68343,333.34,0.42,0.37,2023-11-21,723,N20,VIIRS,n,2,301.6,2.14,D,0,VIIRS_NOAA20_SP
26.92724,83.36903,331.29,0.43,0.38,2023-11-21,723,N20,VIIRS,n,2,300.27,1.85,D,0,VIIRS_NOAA20_SP
26.93388,82.71246,331.5,0.45,0.39,2023-11-21,723,N20,VIIRS,n,2,300.75,2.11,D,0,VIIRS_NOAA20_SP
26.94579,83.45716,333.05,0.42,0.38,2023-11-21,723,N20,VIIRS,n,2,301.23,2.57,D,0,VIIRS_NOAA20_SP
26.95507,83.63744,338.91,0.42,0.38,2023-11-21,723,N20,VIIRS,n,2,301.84,3.27,D,0,VIIRS_NOAA20_SP
26.96049,83.50202,336.96,0.42,0.38,2023-11-21,723,N20,VIIRS,n,2,302.33,5.89,D,0,VIIRS_NOAA20_SP
26.98631,82.8673,332.23,0.44,0.39,2023-11-21,723,N20,VIIRS,n,2,300.75,5.08,D,0,VIIRS_NOAA20_SP
26.99384,82.7846,335.23,0.45,0.39,2023-11-21,723,N20,VIIRS,n,2,300.35,2.91,D,0,VIIRS_NOAA20_SP
27.01081,83.55228,339.79,0.42,0.38,2023-11-21,723,N20,VIIRS,n,2,302.06,2.76,D,0,VIIRS_NOAA20_SP
27.01146,79.11926,337.48,0.46,0.47,2023-11-21,723,N20,VIIRS,n,2,298.99,2.77,D,0,VIIRS_NOAA20_SP
27.03084,83.08469,331.55,0.44,0.38,2023-11-21,723,N20,VIIRS,n,2,301.8,2.56,D,0,VIIRS_NOAA20_SP
27.03236,83.0859,334.84,0.44,0.38,2023-11-21,723,N20,VIIRS,n,2,303.92,3.61,D,0,VIIRS_NOAA20_SP
27.04112,83.58484,332.31,0.42,0.38,2023-11-21,723,N20,VIIRS,n,2,301.56,2.78,D,0,VIIRS_NOAA20_SP
27.0427,83.51082,337.1,0.42,0.38,2023-11-21,723,N20,VIIRS,n,2,304.02,9.72,D,0,VIIRS_NOAA20_SP
27.05799,82.6076,330.94,0.45,0.39,2023-11-21,723,N20,VIIRS,n,2,299.51,1.97,D,0,VIIRS_NOAA20_SP
27.06002,82.60403,331.42,0.45,0.39,2023-11-21,723,N20,VIIRS,n,2,300.26,1.57,D,0,VIIRS_NOAA20_SP
27.0617,84.27756,331.39,0.4,0.37,2023-11-21,723,N20,VIIRS,n,2,302.31,1.54,D,0,VIIRS_NOAA20_SP
27.06418,82.72755,333.01,0.45,0.39,2023-11-21,723,N20,VIIRS,n,2,301.43,3.13,D,0,VIIRS_NOAA20_SP
27.06544,83.6659,332.22,0.42,0.37,2023-11-21,723,N20,VIIRS,n,2,300.93,4.22,D,0,VIIRS_NOAA20_SP
27.06726,82.64458,331.1,0.45,0.39,2023-11-21,723,N20,VIIRS,n,2,300.87,1.65,D,0,VIIRS_NOAA20_SP
27.07253,82.69468,330.19,0.45,0.39,2023-11-21,723,N20,VIIRS,n,2,300.89,2.62,D,0,VIIRS_NOAA20_SP
27.09475,83.67261,335.84,0.42,0.37,2023-11-21,723,N20,VIIRS,n,2,303.65,2.86,D,0,VIIRS_NOAA20_SP
27.11308,83.65586,333.66,0.42,0.37,2023-11-21,723,N20,VIIRS,n,2,303.61,2.94,D,0,VIIRS_NOAA20_SP
27.11912,82.68909,335.32,0.45,0.39,2023-11-21,723,N20,VIIRS,n,2,301.01,4.22,D,0,VIIRS_NOAA20_SP
27.12776,82.77979,343.55,0.45,0.39,2023-11-21,723,N20,VIIRS,n,2,301.6,5.69,D,0,VIIRS_NOAA20_SP
27.12799,82.96712,332.37,0.44,0.38,2023-11-21,723,N20,VIIRS,n,2,301.77,2.9,D,0,VIIRS_NOAA20_SP
27.12814,82.71961,336.3,0.45,0.39,2023-11-21,723,N20,VIIRS,n,2,302.59,3.59,D,0,VIIRS_NOAA20_SP
27.13085,82.67256,332.54,0.45,0.39,2023-11-21,723,N20,VIIRS,n,2,302.25,3.19,D,0,VIIRS_NOAA20_SP
27.15604,84.66805,328.36,0.39,0.36,2023-11-21,723,N20,VIIRS,l,2,300.57,1.26,D,0,VIIRS_NOAA20_SP
27.15844,82.85118,331.7,0.44,0.39,2023-11-21,723,N20,VIIRS,n,2,299.84,1.86,D,0,VIIRS_NOAA20_SP
27.16291,82.73051,343.32,0.45,0.39,2023-11-21,723,N20,VIIRS,n,2,300.7,5.09,D,0,VIIRS_NOAA20_SP
27.16583,84.68638,334.42,0.39,0.36,2023-11-21,723,N20,VIIRS,n,2,300.4,1.85,D,0,VIIRS_NOAA20_SP
27.16629,82.81277,333.38,0.44,0.39,2023-11-21,723,N20,VIIRS,n,2,298.25,1.81,D,0,VIIRS_NOAA20_SP
27.19942,78.56406,338.97,0.49,0.49,2023-11-21,723,N20,VIIRS,n,2,299.5,5.64,D,0,VIIRS_NOAA20_SP
27.21166,83.76035,332.83,0.41,0.37,2023-11-21,723,N20,VIIRS,n,2,300.83,4.18,D,0,VIIRS_NOAA20_SP
27.22001,83.51866,338.12,0.42,0.38,2023-11-21,723,N20,VIIRS,n,2,303.79,6.37,D,0,VIIRS_NOAA20_SP
27.22072,83.52283,337.79,0.42,0.38,2023-11-21,723,N20,VIIRS,n,2,304.15,6.37,D,0,VIIRS_NOAA20_SP
27.22375,84.54005,332.05,0.4,0.37,2023-11-21,723,N20,VIIRS,n,2,301.89,1.48,D,0,VIIRS_NOAA20_SP
27.24536,84.25702,341.22,0.4,0.37,2023-11-21,723,N20,VIIRS,n,2,301.49,3.8,D,0,VIIRS_NOAA20_SP
27.25998,82.5398,332.38,0.45,0.39,2023-11-21,723,N20,VIIRS,n,2,300.21,4.65,D,0,VIIRS_NOAA20_SP
27.26074,82.53811,330.87,0.46,0.39,2023-11-21,723,N20,VIIRS,n,2,299.74,3.64,D,0,VIIRS_NOAA20_SP
27.26233,82.67334,332.64,0.45,0.39,2023-11-21,723,N20,VIIRS,n,2,299.77,2.91,D,0,VIIRS_NOAA20_SP
27.26699,82.70014,333.18,0.45,0.39,2023-11-21,723,N20,VIIRS,n,2,301.5,2.22,D,0,VIIRS_NOAA20_SP
27.26717,82.84737,329.63,0.44,0.39,2023-11-21,723,N20,VIIRS,n,2,301.07,2.83,D,0,VIIRS_NOAA20_SP
27.28569,83.67712,332.38,0.41,0.37,2023-11-21,723,N20,VIIRS,n,2,302.29,1.84,D,0,VIIRS_NOAA20_SP
27.29095,83.37287,331.74,0.42,0.38,2023-11-21,723,N20,VIIRS,n,2,301.18,2.17,D,0,VIIRS_NOAA20_SP
27.29835,83.21404,331.39,0.43,0.38,2023-11-21,723,N20,VIIRS,n,2,304.26,11.69,D,0,VIIRS_NOAA20_SP
27.31308,82.71453,329.72,0.45,0.39,2023-11-21,723,N20,VIIRS,n,2,302.52,1.92,D,0,VIIRS_NOAA20_SP
27.31907,83.43798,331.8,0.42,0.38,2023-11-21,723,N20,VIIRS,n,2,299.84,1.98,D,0,VIIRS_NOAA20_SP
27.32465,83.44984,330.51,0.42,0.38,2023-11-21,723,N20,VIIRS,n,2,301.67,2.34,D,0,VIIRS_NOAA20_SP
27.33257,83.41331,332.75,0.42,0.38,2023-11-21,723,N20,VIIRS,n,2,300.6,2.16,D,0,VIIRS_NOAA20_SP
27.34368,82.95013,333.28,0.44,0.38,2023-11-21,723,N20,VIIRS,n,2,300.38,2.12,D,0,VIIRS_NOAA20_SP
27.34374,83.2706,331.16,0.43,0.38,2023-11-21,723,N20,VIIRS,n,2,301.03,2.23,D,0,VIIRS_NOAA20_SP
27.36137,82.78221,330.57,0.44,0.39,2023-11-21,723,N20,VIIRS,n,2,299.18,1.78,D,0,VIIRS_NOAA20_SP
27.37694,82.93384,332.51,0.44,0.38,2023-11-21,723,N20,VIIRS,n,2,301.81,1.8,D,0,VIIRS_NOAA20_SP
27.37731,79.8751,337.18,0.41,0.45,2023-11-21,723,N20,VIIRS,n,2,300.03,2.96,D,0,VIIRS_NOAA20_SP
27.37904,82.65366,345.29,0.45,0.39,2023-11-21,723,N20,VIIRS,n,2,301.58,4.02,D,0,VIIRS_NOAA20_SP
27.38188,83.21033,330.52,0.43,0.38,2023-11-21,723,N20,VIIRS,n,2,303.64,2.19,D,0,VIIRS_NOAA20_SP
27.40637,82.99968,332.61,0.44,0.38,2023-11-21,723,N20,VIIRS,n,2,300.88,2.26,D,0,VIIRS_NOAA20_SP
27.41684,83.12285,329.05,0.43,0.38,2023-11-21,723,N20,VIIRS,n,2,301.25,1.43,D,0,VIIRS_NOAA20_SP
27.42943,83.071,334.04,0.43,0.38,2023-11-21,723,N20,VIIRS,n,2,302.29,4.33,D,0,VIIRS_NOAA20_SP
27.43156,82.89468,332.26,0.44,0.38,2023-11-21,723,N20,VIIRS,n,2,301.32,2.62,D,0,VIIRS_NOAA20_SP
27.43266,82.89534,331.98,0.44,0.38,2023-11-21,723,N20,VIIRS,n,2,301.24,2.4,D,0,VIIRS_NOAA20_SP
27.44584,82.59817,331.19,0.45,0.39,2023-11-21,723,N20,VIIRS,n,2,301.15,1.23,D,0,VIIRS_NOAA20_SP
27.45193,83.03473,336.03,0.43,0.38,2023-11-21,723,N20,VIIRS,n,2,302.78,2.31,D,0,VIIRS_NOAA20_SP
27.46073,83.23315,331.81,0.43,0.38,2023-11-21,723,N20,VIIRS,n,2,302.3,2.26,D,0,VIIRS_NOAA20_SP
27.46171,83.67598,337.51,0.41,0.37,2023-11-21,723,N20,VIIRS,n,2,301.68,3.76,D,0,VIIRS_NOAA20_SP
27.4697,82.58822,329.96,0.45,0.39,2023-11-21,723,N20,VIIRS,n,2,301.56,2.03,D,0,VIIRS_NOAA20_SP
27.47763,83.4789,333.29,0.42,0.38,2023-11-21,723,N20,VIIRS,n,2,302.67,3.2,D,0,VIIRS_NOAA20_SP
27.4781,83.25148,330.2,0.43,0.38,2023-11-21,723,N20,VIIRS,n,2,301.39,1.86,D,0,VIIRS_NOAA20_SP
27.47834,83.48309,332.25,0.42,0.38,2023-11-21,723,N20,VIIRS,n,2,301.07,3.01,D,0,VIIRS_NOAA20_SP
27.48657,83.49001,343.04,0.42,0.38,2023-11-21,723,N20,VIIRS,n,2,301.04,5.46,D,0,VIIRS_NOAA20_SP
27.49317,83.34053,329.79,0.42,0.38,2023-11-21,723,N20,VIIRS,n,2,299.88,1.63,D,0,VIIRS_NOAA20_SP
27.49643,83.42277,335.84,0.42,0.38,2023-11-21,723,N20,VIIRS,n,2,301.65,2.32,D,0,VIIRS_NOAA20_SP
27.50247,82.65071,329.57,0.45,0.39,2023-11-21,723,N20,VIIRS,n,2,302.71,2.73,D,0,VIIRS_NOAA20_SP
27.53058,80.22642,337.88,0.39,0.44,2023-11-21,723,N20,VIIRS,n,2,300.34,2.89,D,0,VIIRS_NOAA20_SP
27.53225,83.05396,333.03,0.43,0.38,2023-11-21,723,N20,VIIRS,n,2,301.11,3.17,D,0,VIIRS_NOAA20_SP
27.53394,83.14722,331.6,0.43,0.38,2023-11-21,723,N20,VIIRS,n,2,301.63,1.88,D,0,VIIRS_NOAA20_SP
27.53787,83.52234,333.53,0.42,0.37,2023-11-21,723,N20,VIIRS,n,2,301.91,2.28,D,0,VIIRS_NOAA20_SP
27.54532,82.92062,333.47,0.44,0.38,2023-11-21,723,N20,VIIRS,n,2,300.69,2.2,D,0,VIIRS_NOAA20_SP
27.54653,82.92155,332.6,0.44,0.38,2023-11-21,723,N20,VIIRS,n,2,300.76,1.82,D,0,VIIRS_NOAA20_SP
27.57911,83.18181,332.59,0.43,0.38,2023-11-21,723,N20,VIIRS,n,2,301.45,2.8,D,0,VIIRS_NOAA20_SP
27.584,83.1896,331.17,0.43,0.38,2023-11-21,723,N20,VIIRS,l,2,301.86,3.72,D,0,VIIRS_NOAA20_SP
27.60872,80.08578,334.56,0.39,0.44,2023-11-21,723,N20,VIIRS,n,2,298.55,2.71,D,0,VIIRS_NOAA20_SP
27.63163,83.45097,343.97,0.42,0.38,2023-11-21,723,N20,VIIRS,n,2,302.26,10.5,D,0,VIIRS_NOAA20_SP
27.63504,83.45026,331.56,0.42,0.38,2023-11-21,723,N20,VIIRS,n,2,300.23,3.75,D,0,VIIRS_NOAA20_SP
27.70412,94.97428,343.91,0.32,0.55,2023-11-21,723,N20,VIIRS,n,2,292.93,3.14,D,0,VIIRS_NOAA20_SP
27.70468,94.97484,343.68,0.32,0.55,2023-11-21,723,N20,VIIRS,n,2,293.42,2.98,D,0,VIIRS_NOAA20_SP
27.84976,90.68638,347.18,0.54,0.42,2023-11-21,723,N20,VIIRS,n,2,301.48,11.96,D,0,VIIRS_NOAA20_SP
28.0686,95.54801,367.0,0.35,0.57,2023-11-21,723,N20,VIIRS,h,2,293.81,12.83,D,0,VIIRS_NOAA20_SP
28.06861,95.54919,367.0,0.35,0.57,2023-11-21,723,N20,VIIRS,h,2,292.16,10.34,D,0,VIIRS_NOAA20_SP
28.07385,95.54745,327.09,0.35,0.57,2023-11-21,723,N20,VIIRS,n,2,291.46,2.21,D,0,VIIRS_NOAA20_SP
28.07385,95.54865,345.77,0.35,0.57,2023-11-21,723,N20,VIIRS,n,2,291.05,6.48,D,0,VIIRS_NOAA20_SP
27.69238,80.12274,340.27,0.39,0.44,2023-11-21,724,N20,VIIRS,n,2,301.53,2.67,D,0,VIIRS_NOAA20_SP
27.85991,80.16344,329.62,0.39,0.44,2023-11-21,724,N20,VIIRS,n,2,298.56,2.21,D,0,VIIRS_NOAA20_SP
27.88313,81.04424,332.3,0.52,0.42,2023-11-21,724,N20,VIIRS,n,2,298.37,2.9,D,0,VIIRS_NOAA20_SP
28.14949,77.7459,332.74,0.53,0.5,2023-11-21,724,N20,VIIRS,n,2,297.32,3.02,D,0,VIIRS_NOAA20_SP
28.30364,79.91187,334.64,0.39,0.44,2023-11-21,724,N20,VIIRS,n,2,300.14,2.23,D,0,VIIRS_NOAA20_SP
28.483,79.40649,339.58,0.41,0.45,2023-11-21,724,N20,VIIRS,n,2,300.34,4.32,D,0,VIIRS_NOAA20_SP
28.53961,80.39999,330.46,0.55,0.43,2023-11-21,724,N20,VIIRS,n,2,298.13,2.1,D,0,VIIRS_NOAA20_SP
28.68647,78.86799,335.54,0.44,0.46,2023-11-21,724,N20,VIIRS,n,2,299.0,3.37,D,0,VIIRS_NOAA20_SP
28.7843,76.59313,330.27,0.6,0.53,2023-11-21,724,N20,VIIRS,n,2,297.15,2.32,D,0,VIIRS_NOAA20_SP
28.79876,76.41402,332.83,0.61,0.53,2023-11-21,724,N20,VIIRS,n,2,296.14,6.99,D,0,VIIRS_NOAA20_SP
28.94621,76.33092,330.42,0.61,0.54,2023-11-21,724,N20,VIIRS,n,2,295.39,5.03,D,0,VIIRS_NOAA20_SP
29.0259,79.3323,337.37,0.41,0.45,2023-11-21,724,N20,VIIRS,n,2,303.68,2.32,D,0,VIIRS_NOAA20_SP
29.03198,79.21301,327.9,0.42,0.45,2023-11-21,724,N20,VIIRS,n,2,301.03,1.99,D,0,VIIRS_NOAA20_SP
29.05723,77.8558,333.97,0.5,0.49,2023-11-21,724,N20,VIIRS,n,2,297.8,2.54,D,0,VIIRS_NOAA20_SP
29.09955,79.02312,326.84,0.42,0.46,2023-11-21,724,N20,VIIRS,l,2,300.79,2.25,D,0,VIIRS_NOAA20_SP
29.19403,82.27685,336.19,0.44,0.39,2023-11-21,724,N20,VIIRS,n,2,291.83,3.03,D,0,VIIRS_NOAA20_SP
29.20199,77.72013,329.23,0.5,0.49,2023-11-21,724,N20,VIIRS,n,2,297.67,2.99,D,0,VIIRS_NOAA20_SP
29.21236,73.18333,334.16,0.46,0.64,2023-11-21,724,N20,VIIRS,n,2,296.09,2.92,D,0,VIIRS_NOAA20_SP
29.26781,76.65285,328.26,0.58,0.52,2023-11-21,724,N20,VIIRS,n,2,295.4,3.16,D,0,VIIRS_NOAA20_SP
29.27413,78.64596,327.87,0.44,0.46,2023-11-21,724,N20,VIIRS,n,2,297.8,2.02,D,0,VIIRS_NOAA20_SP
29.50228,75.31286,354.55,0.34,0.56,2023-11-21,724,N20,VIIRS,n,2,297.68,4.65,D,0,VIIRS_NOAA20_SP
29.56165,76.24004,329.04,0.6,0.53,2023-11-21,724,N20,VIIRS,n,2,297.54,2.22,D,0,VIIRS_NOAA20_SP
29.56742,74.44427,334.82,0.38,0.59,2023-11-21,724,N20,VIIRS,n,2,294.3,3.9,D,0,VIIRS_NOAA20_SP
29.57267,74.44262,332.85,0.38,0.59,2023-11-21,724,N20,VIIRS,n,2,294.91,4.95,D,0,VIIRS_NOAA20_SP
29.58005,74.47318,337.86,0.38,0.59,2023-11-21,724,N20,VIIRS,n,2,295.74,3.13,D,0,VIIRS_NOAA20_SP
29.58262,75.66346,337.08,0.33,0.55,2023-11-21,724,N20,VIIRS,n,2,297.75,4.6,D,0,VIIRS_NOAA20_SP
29.58337,75.66672,367.0,0.32,0.55,2023-11-21,724,N20,VIIRS,h,2,297.17,4.6,D,0,VIIRS_NOAA20_SP
29.61052,75.30479,340.56,0.34,0.56,2023-11-21,724,N20,VIIRS,n,2,298.18,5.29,D,0,VIIRS_NOAA20_SP
29.61131,75.3082,367.0,0.34,0.56,2023-11-21,724,N20,VIIRS,h,2,297.42,5.29,D,0,VIIRS_NOAA20_SP
29.63008,77.55349,327.4,0.5,0.49,2023-11-21,724,N20,VIIRS,n,2,297.4,2.39,D,0,VIIRS_NOAA20_SP
29.69598,77.55643,330.42,0.5,0.49,2023-11-21,724,N20,VIIRS,n,2,297.89,3.13,D,0,VIIRS_NOAA20_SP
29.70831,75.27327,330.55,0.34,0.56,2023-11-21,724,N20,VIIRS,n,2,299.12,2.53,D,0,VIIRS_NOAA20_SP
29.7091,75.27668,334.13,0.34,0.56,2023-11-21,724,N20,VIIRS,n,2,298.77,2.53,D,0,VIIRS_NOAA20_SP
29.73243,75.5383,330.05,0.33,0.55,2023-11-21,724,N20,VIIRS,n,2,297.85,3.96,D,0,VIIRS_NOAA20_SP
29.73319,75.54159,367.0,0.33,0.55,2023-11-21,724,N20,VIIRS,h,2,298.55,3.96,D,0,VIIRS_NOAA20_SP
29.75456,81.18367,325.78,0.48,0.4,2023-11-21,724,N20,VIIRS,n,2,287.99,3.35,D,0,VIIRS_NOAA20_SP
29.75758,81.18156,328.33,0.48,0.4,2023-11-21,724,N20,VIIRS,n,2,297.09,4.72,D,0,VIIRS_NOAA20_SP
29.75831,81.18353,327.54,0.48,0.4,2023-11-21,724,N20,VIIRS,n,2,292.12,6.35,D,0,VIIRS_NOAA20_SP
29.76006,75.98379,343.26,0.62,0.54,2023-11-21,724,N20,VIIRS,n,2,301.16,13.49,D,0,VIIRS_NOAA20_SP
29.78115,75.91771,333.39,0.62,0.54,2023-11-21,724,N20,VIIRS,n,2,299.03,4.71,D,0,VIIRS_NOAA20_SP
29.79949,74.65131,340.55,0.37,0.58,2023-11-21,724,N20,VIIRS,n,2,298.79,3.24,D,0,VIIRS_NOAA20_SP
29.80015,74.65121,341.74,0.37,0.58,2023-11-21,724,N20,VIIRS,n,2,298.67,3.14,D,0,VIIRS_NOAA20_SP
29.80089,75.5621,329.88,0.33,0.55,2023-11-21,724,N20,VIIRS,l,2,301.86,2.18,D,0,VIIRS_NOAA20_SP
29.80121,75.56309,337.77,0.33,0.55,2023-11-21,724,N20,VIIRS,n,2,302.22,2.12,D,0,VIIRS_NOAA20_SP
29.8322,75.97311,330.91,0.62,0.54,2023-11-21,724,N20,VIIRS,n,2,299.76,3.18,D,0,VIIRS_NOAA20_SP
29.84557,76.05435,329.56,0.61,0.53,2023-11-21,724,N20,VIIRS,n,2,297.92,3.72,D,0,VIIRS_NOAA20_SP
29.85078,75.98735,342.19,0.61,0.54,2023-11-21,724,N20,VIIRS,n,2,300.55,14.55,D,0,VIIRS_NOAA20_SP
29.85139,75.96741,337.09,0.62,0.54,2023-11-21,724,N20,VIIRS,n,2,297.98,4.71,D,0,VIIRS_NOAA20_SP
29.85984,75.45289,343.17,0.33,0.55,2023-11-21,724,N20,VIIRS,n,2,300.21,3.22,D,0,VIIRS_NOAA20_SP
29.88923,76.06745,340.56,0.61,0.53,2023-11-21,724,N20,VIIRS,n,2,301.66,11.34,D,0,VIIRS_NOAA20_SP
29.92747,75.93007,340.87,0.62,0.54,2023-11-21,724,N20,VIIRS,n,2,301.42,13.01,D,0,VIIRS_NOAA20_SP
29.93228,75.92865,336.4,0.62,0.54,2023-11-21,724,N20,VIIRS,n,2,300.18,5.24,D,0,VIIRS_NOAA20_SP
29.93796,74.76889,330.95,0.36,0.57,2023-11-21,724,N20,VIIRS,n,2,299.29,1.65,D,0,VIIRS_NOAA20_SP
29.93877,74.76915,331.92,0.36,0.57,2023-11-21,724,N20,VIIRS,n,2,299.4,2.1,D,0,VIIRS_NOAA20_SP
29.95834,74.9954,341.68,0.35,0.57,2023-11-21,724,N20,VIIRS,n,2,299.23,3.38,D,0,VIIRS_NOAA20_SP
29.96312,74.664,337.67,0.36,0.58,2023-11-21,724,N20,VIIRS,n,2,297.88,2.4,D,0,VIIRS_NOAA20_SP
30.0095,75.66978,333.39,0.64,0.54,2023-11-21,724,N20,VIIRS,n,2,300.26,4.03,D,0,VIIRS_NOAA20_SP
30.01954,74.60068,337.51,0.37,0.58,2023-11-21,724,N20,VIIRS,n,2,297.04,4.44,D,0,VIIRS_NOAA20_SP
30.02043,74.60435,331.09,0.37,0.58,2023-11-21,724,N20,VIIRS,n,2,296.64,4.11,D,0,VIIRS_NOAA20_SP
30.02046,74.60261,355.84,0.37,0.58,2023-11-21,724,N20,VIIRS,n,2,298.71,5.32,D,0,VIIRS_NOAA20_SP
30.03307,74.5648,333.21,0.37,0.58,2023-11-21,724,N20,VIIRS,n,2,297.4,4.99,D,0,VIIRS_NOAA20_SP
30.03395,74.56849,336.04,0.37,0.58,2023-11-21,724,N20,VIIRS,n,2,296.31,4.58,D,0,VIIRS_NOAA20_SP
30.04715,75.88039,336.86,0.62,0.54,2023-11-21,724,N20,VIIRS,n,2,301.74,5.66,D,0,VIIRS_NOAA20_SP
30.04752,77.61784,339.38,0.49,0.48,2023-11-21,724,N20,VIIRS,n,2,300.72,3.63,D,0,VIIRS_NOAA20_SP
30.05262,74.669,355.43,0.36,0.58,2023-11-21,724,N20,VIIRS,n,2,299.6,6.07,D,0,VIIRS_NOAA20_SP
30.05774,74.6674,337.02,0.36,0.58,2023-11-21,724,N20,VIIRS,n,2,296.79,2.51,D,0,VIIRS_NOAA20_SP
30.06503,74.4426,350.17,0.37,0.58,2023-11-21,724,N20,VIIRS,n,2,296.15,5.86,D,0,VIIRS_NOAA20_SP
30.09547,75.54115,335.7,0.32,0.55,2023-11-21,724,N20,VIIRS,n,2,299.89,1.84,D,0,VIIRS_NOAA20_SP
30.0987,75.41766,334.49,0.33,0.55,2023-11-21,724,N20,VIIRS,n,2,298.75,3.99,D,0,VIIRS_NOAA20_SP
30.09875,75.41788,331.77,0.33,0.55,2023-11-21,724,N20,VIIRS,n,2,299.12,3.42,D,0,VIIRS_NOAA20_SP
30.10343,74.37468,367.0,0.38,0.58,2023-11-21,724,N20,VIIRS,h,2,294.78,5.97,D,0,VIIRS_NOAA20_SP
30.11066,75.17412,332.94,0.34,0.56,2023-11-21,724,N20,VIIRS,n,2,297.94,1.47,D,0,VIIRS_NOAA20_SP
30.11355,75.34592,343.1,0.33,0.55,2023-11-21,724,N20,VIIRS,n,2,300.64,2.65,D,0,VIIRS_NOAA20_SP
30.12922,75.27682,343.89,0.33,0.56,2023-11-21,724,N20,VIIRS,n,2,300.12,2.93,D,0,VIIRS_NOAA20_SP
30.13627,74.81297,329.26,0.35,0.57,2023-11-21,724,N20,VIIRS,n,2,299.16,2.15,D,0,VIIRS_NOAA20_SP
30.14149,74.69568,330.74,0.36,0.57,2023-11-21,724,N20,VIIRS,n,2,297.75,3.05,D,0,VIIRS_NOAA20_SP
30.14235,74.69598,338.74,0.36,0.57,2023-11-21,724,N20,VIIRS,n,2,297.78,3.52,D,0,VIIRS_NOAA20_SP
30.15143,75.03773,335.05,0.34,0.56,2023-11-21,724,N20,VIIRS,n,2,299.88,2.12,D,0,VIIRS_NOAA20_SP
30.15966,78.71177,326.97,0.42,0.45,2023-11-21,724,N20,VIIRS,n,2,296.64,3.04,D,0,VIIRS_NOAA20_SP
30.16265,75.10793,339.15,0.34,0.56,2023-11-21,724,N20,VIIRS,n,2,298.92,3.21,D,0,VIIRS_NOAA20_SP
30.16378,78.71089,331.71,0.42,0.45,2023-11-21,724,N20,VIIRS,n,2,295.07,3.04,D,0,VIIRS_NOAA20_SP
30.16678,75.439,336.08,0.33,0.55,2023-11-21,724,N20,VIIRS,n,2,297.56,2.26,D,0,VIIRS_NOAA20_SP
30.16793,75.17558,333.46,0.34,0.56,2023-11-21,724,N20,VIIRS,n,2,299.35,4.01,D,0,VIIRS_NOAA20_SP
30.16873,75.17897,331.13,0.34,0.56,2023-11-21,724,N20,VIIRS,n,2,297.79,3.42,D,0,VIIRS_NOAA20_SP
30.17467,74.67031,340.7,0.36,0.57,2023-11-21,724,N20,VIIRS,n,2,299.41,3.53,D,0,VIIRS_NOAA20_SP
30.17559,74.3721,367.0,0.38,0.58,2023-11-21,724,N20,VIIRS,h,2,303.46,14.45,D,0,VIIRS_NOAA20_SP
30.17568,75.14046,354.32,0.34,0.56,2023-11-21,724,N20,VIIRS,n,2,302.36,7.6,D,0,VIIRS_NOAA20_SP
30.17686,75.55061,332.33,0.32,0.55,2023-11-21,724,N20,VIIRS,n,2,298.42,1.54,D,0,VIIRS_NOAA20_SP
30.17947,75.17928,330.95,0.34,0.56,2023-11-21,724,N20,VIIRS,n,2,296.89,3.27,D,0,VIIRS_NOAA20_SP
30.19208,75.59407,329.84,0.32,0.54,2023-11-21,724,N20,VIIRS,n,2,299.69,2.87,D,0,VIIRS_NOAA20_SP
30.19538,75.47219,331.11,0.32,0.55,2023-11-21,724,N20,VIIRS,n,2,297.21,0.96,D,0,VIIRS_NOAA20_SP
30.20117,75.15807,367.0,0.34,0.56,2023-11-21,724,N20,VIIRS,h,2,300.31,7.28,D,0,VIIRS_NOAA20_SP
30.20133,75.36227,344.01,0.33,0.55,2023-11-21,724,N20,VIIRS,n,2,299.7,2.82,D,0,VIIRS_NOAA20_SP
30.20156,75.36145,347.73,0.33,0.55,2023-11-21,724,N20,VIIRS,n,2,300.59,3.06,D,0,VIIRS_NOAA20_SP
30.20175,75.1833,340.34,0.34,0.56,2023-11-21,724,N20,VIIRS,n,2,299.99,3.24,D,0,VIIRS_NOAA20_SP
30.20282,75.50465,330.05,0.32,0.55,2023-11-21,724,N20,VIIRS,n,2,298.91,1.44,D,0,VIIRS_NOAA20_SP
30.20313,75.52879,341.68,0.32,0.55,2023-11-21,724,N20,VIIRS,n,2,297.98,3.57,D,0,VIIRS_NOAA20_SP
30.2112,75.06348,336.28,0.34,0.56,2023-11-21,724,N20,VIIRS,n,2,299.89,3.71,D,0,VIIRS_NOAA20_SP
30.21554,75.60577,332.11,0.63,0.54,2023-11-21,724,N20,VIIRS,n,2,299.93,4.16,D,0,VIIRS_NOAA20_SP
30.23145,75.42339,367.0,0.32,0.55,2023-11-21,724,N20,VIIRS,h,2,300.11,6.3,D,0,VIIRS_NOAA20_SP
30.23725,75.51838,337.44,0.32,0.55,2023-11-21,724,N20,VIIRS,n,2,299.12,2.43,D,0,VIIRS_NOAA20_SP
30.23803,75.51868,344.45,0.32,0.55,2023-11-21,724,N20,VIIRS,n,2,299.7,3.5,D,0,VIIRS_NOAA20_SP
30.24154,75.1092,329.91,0.34,0.56,2023-11-21,724,N20,VIIRS,n,2,298.71,1.94,D,0,VIIRS_NOAA20_SP
30.24308,75.10864,331.21,0.34,0.56,2023-11-21,724,N20,VIIRS,n,2,299.2,1.62,D,0,VIIRS_NOAA20_SP
30.24365,75.52043,346.5,0.32,0.55,2023-11-21,724,N20,VIIRS,n,2,299.54,3.5,D,0,VIIRS_NOAA20_SP
30.26079,75.36875,331.81,0.33,0.55,2023-11-21,724,N20,VIIRS,n,2,298.89,2.44,D,0,VIIRS_NOAA20_SP
30.27201,75.28024,349.21,0.33,0.55,2023-11-21,724,N20,VIIRS,n,2,299.78,3.0,D,0,VIIRS_NOAA20_SP
30.27531,75.22552,334.0,0.33,0.55,2023-11-21,724,N20,VIIRS,n,2,297.83,1.47,D,0,VIIRS_NOAA20_SP
30.27949,75.22419,329.96,0.33,0.55,2023-11-21,724,N20,VIIRS,n,2,297.02,1.02,D,0,VIIRS_NOAA20_SP
30.28483,75.76392,339.16,0.62,0.54,2023-11-21,724,N20,VIIRS,n,2,299.36,3.53,D,0,VIIRS_NOAA20_SP
30.28661,75.75979,329.61,0.62,0.54,2023-11-21,724,N20,VIIRS,l,2,300.77,3.46,D,0,VIIRS_NOAA20_SP
30.29565,74.97462,367.0,0.34,0.56,2023-11-21,724,N20,VIIRS,h,2,305.73,13.91,D,0,VIIRS_NOAA20_SP
30.2981,75.59818,332.35,0.63,0.54,2023-11-21,724,N20,VIIRS,n,2,299.17,2.53,D,0,VIIRS_NOAA20_SP
30.30533,75.01604,335.43,0.34,0.56,2023-11-21,724,N20,VIIRS,n,2,299.44,2.8,D,0,VIIRS_NOAA20_SP
30.31698,75.40765,367.0,0.32,0.55,2023-11-21,724,N20,VIIRS,h,2,299.43,8.17,D,0,VIIRS_NOAA20_SP
30.31737,75.40728,367.0,0.32,0.55,2023-11-21,724,N20,VIIRS,h,2,298.66,8.64,D,0,VIIRS_NOAA20_SP
30.32043,75.42032,330.07,0.32,0.55,2023-11-21,724,N20,VIIRS,n,2,297.47,0.8,D,0,VIIRS_NOAA20_SP
30.32316,75.34238,331.59,0.33,0.55,2023-11-21,724,N20,VIIRS,n,2,297.78,2.61,D,0,VIIRS_NOAA20_SP
30.32485,75.41922,334.5,0.32,0.55,2023-11-21,724,N20,VIIRS,n,2,298.22,2.05,D,0,VIIRS_NOAA20_SP
30.33004,75.44202,332.9,0.32,0.55,2023-11-21,724,N20,VIIRS,n,2,298.44,1.67,D,0,VIIRS_NOAA20_SP
30.33065,75.44156,330.56,0.32,0.55,2023-11-21,724,N20,VIIRS,n,2,297.8,2.1,D,0,VIIRS_NOAA20_SP
30.33135,75.49367,342.31,0.32,0.55,2023-11-21,724,N20,VIIRS,n,2,297.97,3.13,D,0,VIIRS_NOAA20_SP
30.33228,75.49302,342.02,0.32,0.55,2023-11-21,724,N20,VIIRS,n,2,297.87,3.14,D,0,VIIRS_NOAA20_SP
30.37292,75.62249,342.62,0.63,0.54,2023-11-21,724,N20,VIIRS,n,2,302.5,32.54,D,0,VIIRS_NOAA20_SP
30.37598,75.62202,342.88,0.63,0.54,2023-11-21,724,N20,VIIRS,n,2,301.69,23.33,D,0,VIIRS_NOAA20_SP
30.38816,76.05865,335.84,0.59,0.53,2023-11-21,724,N20,VIIRS,n,2,299.75,4.58,D,0,VIIRS_NOAA20_SP
30.41203,75.59028,341.89,0.63,0.54,2023-11-21,724,N20,VIIRS,n,2,300.43,11.91,D,0,VIIRS_NOAA20_SP
30.41429,75.88892,340.36,0.6,0.53,2023-11-21,724,N20,VIIRS,n,2,301.25,5.31,D,0,VIIRS_NOAA20_SP
30.41563,75.88928,340.91,0.6,0.53,2023-11-21,724,N20,VIIRS,n,2,299.76,6.57,D,0,VIIRS_NOAA20_SP
30.42025,75.58097,333.65,0.63,0.54,2023-11-21,724,N20,VIIRS,n,2,299.01,3.59,D,0,VIIRS_NOAA20_SP
30.44064,77.2461,332.64,0.5,0.49,2023-11-21,724,N20,VIIRS,n,2,299.84,2.38,D,0,VIIRS_NOAA20_SP
30.48113,79.04241,335.88,0.4,0.44,2023-11-21,724,N20,VIIRS,n,2,294.48,6.43,D,0,VIIRS_NOAA20_SP
30.48208,79.04713,337.0,0.4,0.44,2023-11-21,724,N20,VIIRS,n,2,290.49,4.78,D,0,VIIRS_NOAA20_SP
30.50501,76.0863,330.71,0.59,0.53,2023-11-21,724,N20,VIIRS,n,2,301.64,3.45,D,0,VIIRS_NOAA20_SP
30.52747,78.41113,330.33,0.43,0.46,2023-11-21,724,N20,VIIRS,n,2,295.92,2.27,D,0,VIIRS_NOAA20_SP
30.52834,78.40792,332.66,0.43,0.46,2023-11-21,724,N20,VIIRS,n,2,292.85,2.98,D,0,VIIRS_NOAA20_SP
30.53797,76.35057,340.46,0.56,0.52,2023-11-21,724,N20,VIIRS,n,2,302.15,6.96,D,0,VIIRS_NOAA20_SP
30.53967,76.34893,331.56,0.56,0.52,2023-11-21,724,N20,VIIRS,l,2,301.7,3.56,D,0,VIIRS_NOAA20_SP
30.61488,76.39937,339.77,0.56,0.51,2023-11-21,724,N20,VIIRS,n,2,300.68,8.67,D,0,VIIRS_NOAA20_SP
29.96361,72.97076,336.63,0.46,0.63,2023-11-21,725,N20,VIIRS,n,2,295.87,3.79,D,0,VIIRS_NOAA20_SP
30.05943,73.39544,334.33,0.43,0.62,2023-11-21,725,N20,VIIRS,n,2,296.08,2.41,D,0,VIIRS_NOAA20_SP
30.17418,74.3726,353.67,0.38,0.58,2023-11-21,725,N20,VIIRS,n,2,299.98,7.12,D,0,VIIRS_NOAA20_SP
30.17938,74.37096,367.0,0.38,0.58,2023-11-21,725,N20,VIIRS,h,2,298.64,7.12,D,0,VIIRS_NOAA20_SP
30.19866,74.31201,330.89,0.38,0.59,2023-11-21,725,N20,VIIRS,n,2,298.19,1.74,D,0,VIIRS_NOAA20_SP
30.2624,71.54787,345.12,0.55,0.68,2023-11-21,725,N20,VIIRS,n,2,296.96,4.14,D,0,VIIRS_NOAA20_SP
30.26315,71.54845,345.93,0.55,0.68,2023-11-21,725,N20,VIIRS,n,2,295.98,5.58,D,0,VIIRS_NOAA20_SP
30.29801,70.63541,332.16,0.61,0.71,2023-11-21,725,N20,VIIRS,n,2,293.49,4.81,D,0,VIIRS_NOAA20_SP
30.30812,74.30663,330.9,0.38,0.58,2023-11-21,725,N20,VIIRS,n,2,300.08,2.98,D,0,VIIRS_NOAA20_SP
30.30903,74.31041,337.12,0.38,0.58,2023-11-21,725,N20,VIIRS,n,2,298.33,2.98,D,0,VIIRS_NOAA20_SP
30.32285,74.22832,331.43,0.38,0.59,2023-11-21,725,N20,VIIRS,n,2,297.7,1.89,D,0,VIIRS_NOAA20_SP
30.33773,74.7767,330.95,0.35,0.57,2023-11-21,725,N20,VIIRS,n,2,298.62,1.86,D,0,VIIRS_NOAA20_SP
30.35785,75.02116,336.03,0.34,0.56,2023-11-21,725,N20,VIIRS,n,2,300.07,1.9,D,0,VIIRS_NOAA20_SP
30.35804,74.58174,337.15,0.36,0.57,2023-11-21,725,N20,VIIRS,n,2,298.4,2.44,D,0,VIIRS_NOAA20_SP
30.37931,74.41696,343.53,0.37,0.58,2023-11-21,725,N20,VIIRS,n,2,298.45,4.35,D,0,VIIRS_NOAA20_SP
30.38678,74.51773,344.98,0.36,0.58,2023-11-21,725,N20,VIIRS,n,2,300.01,22.51,D,0,VIIRS_NOAA20_SP
30.38717,74.98625,344.43,0.34,0.56,2023-11-21,725,N20,VIIRS,n,2,299.45,4.35,D,0,VIIRS_NOAA20_SP
30.38766,74.52139,367.0,0.36,0.58,2023-11-21,725,N20,VIIRS,h,2,305.02,35.83,D,0,VIIRS_NOAA20_SP
30.40088,74.93006,333.72,0.34,0.56,2023-11-21,725,N20,VIIRS,n,2,300.25,3.11,D,0,VIIRS_NOAA20_SP
30.4039,74.85053,348.07,0.35,0.57,2023-11-21,725,N20,VIIRS,n,2,300.93,3.77,D,0,VIIRS_NOAA20_SP
30.40623,74.85011,341.6,0.35,0.57,2023-11-21,725,N20,VIIRS,n,2,299.43,4.26,D,0,VIIRS_NOAA20_SP
30.42722,74.01577,351.55,0.39,0.59,2023-11-21,725,N20,VIIRS,n,2,290.11,5.23,D,0,VIIRS_NOAA20_SP
30.42837,74.93259,330.37,0.34,0.56,2023-11-21,725,N20,VIIRS,n,2,300.24,2.34,D,0,VIIRS_NOAA20_SP
30.42962,74.01422,336.31,0.39,0.59,2023-11-21,725,N20,VIIRS,n,2,286.63,2.08,D,0,VIIRS_NOAA20_SP
30.43246,75.1797,367.0,0.33,0.55,2023-11-21,725,N20,VIIRS,h,2,303.2,8.11,D,0,VIIRS_NOAA20_SP
30.44018,74.05701,339.39,0.39,0.59,2023-11-21,725,N20,VIIRS,n,2,296.03,4.12,D,0,VIIRS_NOAA20_SP
30.44277,74.05699,343.63,0.39,0.59,2023-11-21,725,N20,VIIRS,n,2,296.0,3.75,D,0,VIIRS_NOAA20_SP
30.44924,74.73438,353.78,0.35,0.57,2023-11-21,725,N20,VIIRS,n,2,301.82,8.13,D,0,VIIRS_NOAA20_SP
30.45008,74.73792,367.0,0.35,0.57,2023-11-21,725,N20,VIIRS,h,2,298.84,8.13,D,0,VIIRS_NOAA20_SP
30.45016,74.15853,340.71,0.38,0.59,2023-11-21,725,N20,VIIRS,n,2,295.99,4.3,D,0,VIIRS_NOAA20_SP
30.45108,74.16236,331.26,0.38,0.59,2023-11-21,725,N20,VIIRS,n,2,296.25,3.84,D,0,VIIRS_NOAA20_SP
30.45165,74.01135,355.53,0.39,0.59,2023-11-21,725,N20,VIIRS,n,2,289.21,6.03,D,0,VIIRS_NOAA20_SP
30.45201,75.05777,367.0,0.34,0.56,2023-11-21,725,N20,VIIRS,h,2,299.52,6.6,D,0,VIIRS_NOAA20_SP
30.45319,74.19463,330.61,0.38,0.59,2023-11-21,725,N20,VIIRS,n,2,296.99,3.03,D,0,VIIRS_NOAA20_SP
30.45562,75.05672,367.0,0.34,0.56,2023-11-21,725,N20,VIIRS,h,2,298.74,7.51,D,0,VIIRS_NOAA20_SP
30.45722,74.16451,342.84,0.38,0.59,2023-11-21,725,N20,VIIRS,n,2,298.15,3.75,D,0,VIIRS_NOAA20_SP
30.46052,74.16251,342.87,0.38,0.59,2023-11-21,725,N20,VIIRS,n,2,299.55,3.96,D,0,VIIRS_NOAA20_SP
30.46139,74.22886,334.7,0.38,0.59,2023-11-21,725,N20,VIIRS,n,2,298.1,2.07,D,0,VIIRS_NOAA20_SP
30.46278,74.28136,331.96,0.37,0.58,2023-11-21,725,N20,VIIRS,n,2,295.27,2.63,D,0,VIIRS_NOAA20_SP
30.46519,75.29771,354.67,0.33,0.55,2023-11-21,725,N20,VIIRS,n,2,299.33,5.72,D,0,VIIRS_NOAA20_SP
30.47096,71.99649,336.81,0.51,0.66,2023-11-21,725,N20,VIIRS,n,2,297.52,4.36,D,0,VIIRS_NOAA20_SP
30.47163,74.85215,333.5,0.35,0.56,2023-11-21,725,N20,VIIRS,n,2,297.73,2.06,D,0,VIIRS_NOAA20_SP
30.47304,71.99581,332.03,0.51,0.66,2023-11-21,725,N20,VIIRS,n,2,297.09,4.38,D,0,VIIRS_NOAA20_SP
30.47381,75.26676,367.0,0.33,0.55,2023-11-21,725,N20,VIIRS,h,2,299.87,5.47,D,0,VIIRS_NOAA20_SP
30.47475,75.4068,345.6,0.32,0.55,2023-11-21,725,N20,VIIRS,n,2,299.83,3.18,D,0,VIIRS_NOAA20_SP
30.47579,74.13286,328.77,0.38,0.59,2023-11-21,725,N20,VIIRS,n,2,295.65,2.45,D,0,VIIRS_NOAA20_SP
30.47626,75.45826,367.0,0.32,0.54,2023-11-21,725,N20,VIIRS,h,2,302.31,6.03,D,0,VIIRS_NOAA20_SP
30.47666,74.85058,367.0,0.35,0.56,2023-11-21,725,N20,VIIRS,h,2,306.16,26.5,D,0,VIIRS_NOAA20_SP
30.47701,75.46147,341.89,0.32,0.54,2023-11-21,725,N20,VIIRS,n,2,299.01,6.03,D,0,VIIRS_NOAA20_SP
30.47956,74.74767,367.0,0.35,0.57,2023-11-21,725,N20,VIIRS,h,2,299.65,7.36,D,0,VIIRS_NOAA20_SP
30.48112,75.45676,354.14,0.32,0.54,2023-11-21,725,N20,VIIRS,n,2,301.85,6.03,D,0,VIIRS_NOAA20_SP
30.48186,75.45998,354.46,0.32,0.54,2023-11-21,725,N20,VIIRS,n,2,300.07,6.03,D,0,VIIRS_NOAA20_SP
30.48637,75.43443,350.13,0.32,0.55,2023-11-21,725,N20,VIIRS,n,2,302.46,5.77,D,0,VIIRS_NOAA20_SP
30.48713,75.34719,329.62,0.32,0.55,2023-11-21,725,N20,VIIRS,n,2,298.02,1.81,D,0,VIIRS_NOAA20_SP
30.50122,74.25986,336.68,0.37,0.58,2023-11-21,725,N20,VIIRS,n,2,296.65,3.8,D,0,VIIRS_NOAA20_SP
30.50214,74.26363,339.96,0.37,0.58,2023-11-21,725,N20,VIIRS,n,2,296.19,3.8,D,0,VIIRS_NOAA20_SP
30.50734,75.43492,355.12,0.32,0.55,2023-11-21,725,N20,VIIRS,n,2,300.42,4.14,D,0,VIIRS_NOAA20_SP
30.50977,74.31778,330.04,0.37,0.58,2023-11-21,725,N20,VIIRS,n,2,298.08,2.04,D,0,VIIRS_NOAA20_SP
30.51067,74.31851,328.99,0.37,0.58,2023-11-21,725,N20,VIIRS,n,2,297.8,2.5,D,0,VIIRS_NOAA20_SP
30.51267,74.84298,353.75,0.35,0.56,2023-11-21,725,N20,VIIRS,n,2,299.34,5.67,D,0,VIIRS_NOAA20_SP
30.51435,74.26784,332.62,0.37,0.58,2023-11-21,725,N20,VIIRS,n,2,296.27,1.84,D,0,VIIRS_NOAA20_SP
30.51469,74.84164,367.0,0.35,0.56,2023-11-21,725,N20,VIIRS,h,2,301.18,6.1,D,0,VIIRS_NOAA20_SP
30.51723,75.34138,343.02,0.32,0.55,2023-11-21,725,N20,VIIRS,n,2,299.88,2.11,D,0,VIIRS_NOAA20_SP
30.51769,75.34099,342.16,0.32,0.55,2023-11-21,725,N20,VIIRS,n,2,299.57,3.37,D,0,VIIRS_NOAA20_SP
30.51798,75.25294,332.71,0.33,0.55,2023-11-21,725,N20,VIIRS,n,2,297.67,1.94,D,0,VIIRS_NOAA20_SP
30.51867,74.58491,335.7,0.36,0.57,2023-11-21,725,N20,VIIRS,n,2,298.63,3.16,D,0,VIIRS_NOAA20_SP
30.52783,75.74811,341.9,0.61,0.54,2023-11-21,725,N20,VIIRS,n,2,300.49,7.84,D,0,VIIRS_NOAA20_SP
30.53119,75.74047,340.07,0.61,0.54,2023-11-21,725,N20,VIIRS,n,2,301.19,8.95,D,0,VIIRS_NOAA20_SP
30.53545,71.99083,367.0,0.51,0.66,2023-11-21,725,N20,VIIRS,h,2,298.98,15.05,D,0,VIIRS_NOAA20_SP
30.54505,74.6269,339.86,0.36,0.57,2023-11-21,725,N20,VIIRS,n,2,298.95,2.76,D,0,VIIRS_NOAA20_SP
30.54535,75.27983,333.96,0.33,0.55,2023-11-21,725,N20,VIIRS,n,2,298.29,1.54,D,0,VIIRS_NOAA20_SP
30.54578,74.51392,349.65,0.36,0.57,2023-11-21,725,N20,VIIRS,n,2,298.19,5.38,D,0,VIIRS_NOAA20_SP
30.54609,74.51258,353.19,0.36,0.57,2023-11-21,725,N20,VIIRS,n,2,299.07,5.26,D,0,VIIRS_NOAA20_SP
30.54964,75.32067,329.45,0.32,0.55,2023-11-21,725,N20,VIIRS,n,2,298.83,1.13,D,0,VIIRS_NOAA20_SP
30.55328,74.56482,336.79,0.36,0.57,2023-11-21,725,N20,VIIRS,n,2,298.82,3.66,D,0,VIIRS_NOAA20_SP
30.55416,74.56844,340.78,0.36,0.57,2023-11-21,725,N20,VIIRS,n,2,296.25,6.71,D,0,VIIRS_NOAA20_SP
30.55774,74.56469,367.0,0.36,0.57,2023-11-21,725,N20,VIIRS,h,2,300.52,7.66,D,0,VIIRS_NOAA20_SP
30.55838,74.56321,330.97,0.36,0.57,2023-11-21,725,N20,VIIRS,n,2,296.74,3.66,D,0,VIIRS_NOAA20_SP
30.56203,75.30632,329.5,0.32,0.55,2023-11-21,725,N20,VIIRS,n,2,299.35,3.51,D,0,VIIRS_NOAA20_SP
30.56535,74.45538,347.81,0.36,0.58,2023-11-21,725,N20,VIIRS,n,2,298.04,3.05,D,0,VIIRS_NOAA20_SP
30.56559,75.23113,333.2,0.33,0.55,2023-11-21,725,N20,VIIRS,n,2,301.03,1.74,D,0,VIIRS_NOAA20_SP
30.57306,74.10175,329.66,0.38,0.59,2023-11-21,725,N20,VIIRS,n,2,296.99,28.11,D,0,VIIRS_NOAA20_SP
30.5783,74.10008,339.16,0.38,0.59,2023-11-21,725,N20,VIIRS,n,2,308.49,28.11,D,0,VIIRS_NOAA20_SP
30.57923,74.10391,367.0,0.38,0.59,2023-11-21,725,N20,VIIRS,h,2,312.45,85.35,D,0,VIIRS_NOAA20_SP
30.58352,74.0984,353.88,0.38,0.59,2023-11-21,725,N20,VIIRS,n,2,302.77,13.15,D,0,VIIRS_NOAA20_SP
30.58405,74.861,330.82,0.34,0.56,2023-11-21,725,N20,VIIRS,n,2,298.55,2.54,D,0,VIIRS_NOAA20_SP
30.58423,75.28892,346.73,0.32,0.55,2023-11-21,725,N20,VIIRS,n,2,299.92,3.01,D,0,VIIRS_NOAA20_SP
30.58446,74.10223,367.0,0.38,0.59,2023-11-21,725,N20,VIIRS,h,2,297.58,12.7,D,0,VIIRS_NOAA20_SP
30.60047,74.74685,350.12,0.35,0.57,2023-11-21,725,N20,VIIRS,n,2,300.81,4.04,D,0,VIIRS_NOAA20_SP
30.60225,74.74482,350.49,0.35,0.57,2023-11-21,725,N20,VIIRS,n,2,300.94,4.95,D,0,VIIRS_NOAA20_SP
30.60245,74.35623,367.0,0.37,0.58,2023-11-21,725,N20,VIIRS,h,2,301.53,9.09,D,0,VIIRS_NOAA20_SP
30.60367,74.92162,336.76,0.34,0.56,2023-11-21,725,N20,VIIRS,n,2,298.97,3.46,D,0,VIIRS_NOAA20_SP
30.60448,74.92506,336.25,0.34,0.56,2023-11-21,725,N20,VIIRS,n,2,296.26,3.39,D,0,VIIRS_NOAA20_SP
30.60882,74.65901,329.13,0.35,0.57,2023-11-21,725,N20,VIIRS,n,2,300.38,2.47,D,0,VIIRS_NOAA20_SP
30.61275,75.11909,330.44,0.33,0.55,2023-11-21,725,N20,VIIRS,n,2,299.1,5.43,D,0,VIIRS_NOAA20_SP
30.61354,75.12244,367.0,0.33,0.55,2023-11-21,725,N20,VIIRS,h,2,299.93,5.43,D,0,VIIRS_NOAA20_SP
30.61594,74.29986,351.19,0.37,0.58,2023-11-21,725,N20,VIIRS,n,2,300.63,9.19,D,0,VIIRS_NOAA20_SP
30.61675,74.29954,337.97,0.37,0.58,2023-11-21,725,N20,VIIRS,n,2,299.31,8.05,D,0,VIIRS_NOAA20_SP
30.61685,74.30358,354.07,0.37,0.58,2023-11-21,725,N20,VIIRS,n,2,297.49,8.51,D,0,VIIRS_NOAA20_SP
30.61755,75.20686,347.09,0.33,0.55,2023-11-21,725,N20,VIIRS,n,2,300.54,5.13,D,0,VIIRS_NOAA20_SP
30.61763,74.30328,367.0,0.37,0.58,2023-11-21,725,N20,VIIRS,h,2,298.0,9.77,D,0,VIIRS_NOAA20_SP
30.61833,75.21017,352.13,0.33,0.55,2023-11-21,725,N20,VIIRS,n,2,301.02,7.2,D,0,VIIRS_NOAA20_SP
30.61961,72.1777,328.51,0.49,0.65,2023-11-21,725,N20,VIIRS,n,2,297.1,2.31,D,0,VIIRS_NOAA20_SP
30.61973,74.99011,350.55,0.34,0.56,2023-11-21,725,N20,VIIRS,n,2,308.28,18.15,D,0,VIIRS_NOAA20_SP
30.62052,74.99352,344.3,0.34,0.56,2023-11-21,725,N20,VIIRS,n,2,296.61,12.83,D,0,VIIRS_NOAA20_SP
30.62107,74.92724,335.49,0.34,0.56,2023-11-21,725,N20,VIIRS,n,2,296.3,1.67,D,0,VIIRS_NOAA20_SP
30.62198,72.17841,330.16,0.49,0.65,2023-11-21,725,N20,VIIRS,n,2,296.01,2.23,D,0,VIIRS_NOAA20_SP
30.62649,74.97335,348.71,0.34,0.56,2023-11-21,725,N20,VIIRS,n,2,297.03,3.14,D,0,VIIRS_NOAA20_SP
30.62863,75.29857,331.9,0.32,0.55,2023-11-21,725,N20,VIIRS,n,2,299.12,3.32,D,0,VIIRS_NOAA20_SP
30.63042,74.47393,349.38,0.36,0.57,2023-11-21,725,N20,VIIRS,n,2,299.42,3.68,D,0,VIIRS_NOAA20_SP
30.63352,75.29707,367.0,0.32,0.55,2023-11-21,725,N20,VIIRS,h,2,299.33,3.32,D,0,VIIRS_NOAA20_SP
30.634,75.05118,367.0,0.33,0.56,2023-11-21,725,N20,VIIRS,h,2,302.93,9.16,D,0,VIIRS_NOAA20_SP
30.63459,74.19276,338.98,0.38,0.58,2023-11-21,725,N20,VIIRS,n,2,295.91,2.18,D,0,VIIRS_NOAA20_SP
30.63978,74.1911,334.87,0.38,0.58,2023-11-21,725,N20,VIIRS,n,2,296.69,2.52,D,0,VIIRS_NOAA20_SP
30.64586,74.51592,340.01,0.36,0.57,2023-11-21,725,N20,VIIRS,n,2,298.77,2.81,D,0,VIIRS_NOAA20_SP
30.64705,75.06157,367.0,0.33,0.56,2023-11-21,725,N20,VIIRS,h,2,300.33,8.34,D,0,VIIRS_NOAA20_SP
30.64733,75.17632,330.88,0.33,0.55,2023-11-21,725,N20,VIIRS,n,2,297.31,1.92,D,0,VIIRS_NOAA20_SP
30.65289,74.95603,367.0,0.34,0.56,2023-11-21,725,N20,VIIRS,h,2,298.46,6.1,D,0,VIIRS_NOAA20_SP
30.65398,74.95368,336.43,0.34,0.56,2023-11-21,725,N20,VIIRS,n,2,297.4,2.71,D,0,VIIRS_NOAA20_SP
30.65461,75.04833,367.0,0.33,0.56,2023-11-21,725,N20,VIIRS,h,2,299.0,5.45,D,0,VIIRS_NOAA20_SP
30.65477,74.95711,337.93,0.34,0.56,2023-11-21,725,N20,VIIRS,n,2,296.56,2.71,D,0,VIIRS_NOAA20_SP
30.65609,74.67459,367.0,0.35,0.57,2023-11-21,725,N20,VIIRS,h,2,299.41,6.02,D,0,VIIRS_NOAA20_SP
30.65816,74.29035,350.01,0.37,0.58,2023-11-21,725,N20,VIIRS,n,2,297.68,3.45,D,0,VIIRS_NOAA20_SP
30.66193,74.9715,338.12,0.34,0.56,2023-11-21,725,N20,VIIRS,n,2,297.98,2.02,D,0,VIIRS_NOAA20_SP
30.66737,74.25921,329.14,0.37,0.58,2023-11-21,725,N20,VIIRS,n,2,296.61,2.33,D,0,VIIRS_NOAA20_SP
30.66937,74.19781,350.42,0.37,0.58,2023-11-21,725,N20,VIIRS,n,2,304.49,12.61,D,0,VIIRS_NOAA20_SP
30.67027,74.20159,336.83,0.37,0.58,2023-11-21,725,N20,VIIRS,n,2,294.49,12.61,D,0,VIIRS_NOAA20_SP
30.6735,74.9752,367.0,0.34,0.56,2023-11-21,725,N20,VIIRS,h,2,303.79,9.31,D,0,VIIRS_NOAA20_SP
30.67636,74.20369,336.4,0.37,0.58,2023-11-21,725,N20,VIIRS,n,2,297.34,3.09,D,0,VIIRS_NOAA20_SP
30.68365,75.06281,343.02,0.33,0.55,2023-11-21,725,N20,VIIRS,n,2,298.76,3.75,D,0,VIIRS_NOAA20_SP
30.68405,75.06082,356.45,0.33,0.56,2023-11-21,725,N20,VIIRS,n,2,300.14,3.64,D,0,VIIRS_NOAA20_SP
30.68483,75.06419,333.06,0.33,0.56,2023-11-21,725,N20,VIIRS,n,2,297.63,3.64,D,0,VIIRS_NOAA20_SP
30.6886,75.06126,336.38,0.33,0.55,2023-11-21,725,N20,VIIRS,n,2,297.68,3.75,D,0,VIIRS_NOAA20_SP
30.69134,71.96819,327.18,0.5,0.66,2023-11-21,725,N20,VIIRS,n,2,294.58,4.14,D,0,VIIRS_NOAA20_SP
30.69137,75.5302,332.0,0.63,0.54,2023-11-21,725,N20,VIIRS,n,2,299.21,2.33,D,0,VIIRS_NOAA20_SP
30.69264,71.97324,332.43,0.5,0.66,2023-11-21,725,N20,VIIRS,n,2,295.17,6.14,D,0,VIIRS_NOAA20_SP
30.70374,74.22818,331.32,0.37,0.58,2023-11-21,725,N20,VIIRS,n,2,296.88,2.18,D,0,VIIRS_NOAA20_SP
30.70427,74.2271,333.96,0.37,0.58,2023-11-21,725,N20,VIIRS,n,2,297.73,2.44,D,0,VIIRS_NOAA20_SP
30.70977,75.08346,331.19,0.33,0.55,2023-11-21,725,N20,VIIRS,n,2,297.31,1.74,D,0,VIIRS_NOAA20_SP
30.71172,75.13657,356.07,0.33,0.55,2023-11-21,725,N20,VIIRS,n,2,302.73,5.25,D,0,VIIRS_NOAA20_SP
30.7125,75.13989,333.6,0.33,0.55,2023-11-21,725,N20,VIIRS,n,2,298.65,5.25,D,0,VIIRS_NOAA20_SP
30.71327,74.96272,338.58,0.34,0.56,2023-11-21,725,N20,VIIRS,n,2,297.95,2.23,D,0,VIIRS_NOAA20_SP
30.71681,74.30434,335.75,0.37,0.58,2023-11-21,725,N20,VIIRS,n,2,298.17,3.53,D,0,VIIRS_NOAA20_SP
30.71775,74.30724,331.31,0.37,0.58,2023-11-21,725,N20,VIIRS,n,2,298.23,3.71,D,0,VIIRS_NOAA20_SP
30.71907,75.05534,329.7,0.33,0.55,2023-11-21,725,N20,VIIRS,n,2,299.48,3.06,D,0,VIIRS_NOAA20_SP
30.71986,75.0587,341.25,0.33,0.55,2023-11-21,725,N20,VIIRS,n,2,297.13,3.06,D,0,VIIRS_NOAA20_SP
30.72,75.30875,367.0,0.32,0.55,2023-11-21,725,N20,VIIRS,h,2,308.4,21.02,D,0,VIIRS_NOAA20_SP
30.72044,75.08372,354.19,0.33,0.55,2023-11-21,725,N20,VIIRS,n,2,308.59,10.77,D,0,VIIRS_NOAA20_SP
30.72122,75.08707,334.23,0.33,0.55,2023-11-21,725,N20,VIIRS,n,2,295.97,10.77,D,0,VIIRS_NOAA20_SP
30.72221,71.95458,330.68,0.5,0.66,2023-11-21,725,N20,VIIRS,n,2,295.45,2.75,D,0,VIIRS_NOAA20_SP
30.72467,75.79757,339.51,0.6,0.53,2023-11-21,725,N20,VIIRS,n,2,298.91,7.95,D,0,VIIRS_NOAA20_SP
30.72493,75.79263,338.99,0.6,0.53,2023-11-21,725,N20,VIIRS,n,2,299.31,13.95,D,0,VIIRS_NOAA20_SP
30.72537,75.08218,367.0,0.33,0.55,2023-11-21,725,N20,VIIRS,h,2,300.66,10.77,D,0,VIIRS_NOAA20_SP
30.73077,74.94624,332.04,0.34,0.56,2023-11-21,725,N20,VIIRS,n,2,297.63,2.29,D,0,VIIRS_NOAA20_SP
30.75602,75.30257,337.49,0.32,0.55,2023-11-21,725,N20,VIIRS,n,2,299.6,2.27,D,0,VIIRS_NOAA20_SP
30.76076,75.25571,331.74,0.32,0.55,2023-11-21,725,N20,VIIRS,n,2,296.78,1.83,D,0,VIIRS_NOAA20_SP
30.76089,75.30106,333.88,0.32,0.55,2023-11-21,725,N20,VIIRS,n,2,298.94,1.88,D,0,VIIRS_NOAA20_SP
30.7641,75.06649,347.22,0.33,0.55,2023-11-21,725,N20,VIIRS,n,2,300.63,4.49,D,0,VIIRS_NOAA20_SP
30.76488,75.06985,330.52,0.33,0.55,2023-11-21,725,N20,VIIRS,n,2,298.98,3.97,D,0,VIIRS_NOAA20_SP
30.7855,74.89156,352.36,0.34,0.56,2023-11-21,725,N20,VIIRS,n,2,301.52,8.6,D,0,VIIRS_NOAA20_SP
30.78572,75.15974,333.38,0.33,0.55,2023-11-21,725,N20,VIIRS,n,2,298.04,1.68,D,0,VIIRS_NOAA20_SP
30.78632,74.89498,367.0,0.34,0.56,2023-11-21,725,N20,VIIRS,h,2,298.91,9.11,D,0,VIIRS_NOAA20_SP
30.7874,74.98965,334.59,0.33,0.56,2023-11-21,725,N20,VIIRS,n,2,298.81,2.11,D,0,VIIRS_NOAA20_SP
30.79842,74.59501,355.17,0.35,0.57,2023-11-21,725,N20,VIIRS,n,2,304.24,9.7,D,0,VIIRS_NOAA20_SP
30.79928,74.59856,328.22,0.35,0.57,2023-11-21,725,N20,VIIRS,n,2,299.44,6.26,D,0,VIIRS_NOAA20_SP
30.81137,74.44395,341.89,0.36,0.57,2023-11-21,725,N20,VIIRS,n,2,297.58,3.03,D,0,VIIRS_NOAA20_SP
30.81622,74.62373,367.0,0.35,0.57,2023-11-21,725,N20,VIIRS,h,2,301.26,9.66,D,0,VIIRS_NOAA20_SP
30.82195,71.86314,334.11,0.51,0.66,2023-11-21,725,N20,VIIRS,n,2,294.98,2.21,D,0,VIIRS_NOAA20_SP
30.82213,74.62567,336.13,0.35,0.57,2023-11-21,725,N20,VIIRS,n,2,298.65,2.61,D,0,VIIRS_NOAA20_SP
30.82677,71.90569,348.08,0.5,0.66,2023-11-21,725,N20,VIIRS,n,2,295.11,6.59,D,0,VIIRS_NOAA20_SP
30.82718,74.62406,331.35,0.35,0.57,2023-11-21,725,N20,VIIRS,n,2,299.38,2.61,D,0,VIIRS_NOAA20_SP
30.85479,75.07307,346.69,0.33,0.55,2023-11-21,725,N20,VIIRS,n,2,300.56,4.47,D,0,VIIRS_NOAA20_SP
30.85557,75.07642,329.78,0.33,0.55,2023-11-21,725,N20,VIIRS,n,2,297.0,3.25,D,0,VIIRS_NOAA20_SP
30.85856,75.22423,342.28,0.32,0.55,2023-11-21,725,N20,VIIRS,n,2,297.67,2.61,D,0,VIIRS_NOAA20_SP
30.86055,75.25507,329.55,0.32,0.55,2023-11-21,725,N20,VIIRS,n,2,297.16,1.21,D,0,VIIRS_NOAA20_SP
30.86893,75.17882,351.1,0.32,0.55,2023-11-21,725,N20,VIIRS,n,2,304.28,8.8,D,0,VIIRS_NOAA20_SP
30.8697,75.18211,338.17,0.32,0.55,2023-11-21,725,N20,VIIRS,n,2,297.87,8.8,D,0,VIIRS_NOAA20_SP
30.87713,75.28127,337.96,0.32,0.55,2023-11-21,725,N20,VIIRS,n,2,297.66,9.13,D,0,VIIRS_NOAA20_SP
30.87789,75.28452,367.0,0.32,0.55,2023-11-21,725,N20,VIIRS,h,2,303.04,9.13,D,0,VIIRS_NOAA20_SP
30.87819,74.9502,332.61,0.33,0.56,2023-11-21,725,N20,VIIRS,n,2,299.05,1.96,D,0,VIIRS_NOAA20_SP
30.87919,74.94984,333.76,0.33,0.56,2023-11-21,725,N20,VIIRS,n,2,299.12,1.96,D,0,VIIRS_NOAA20_SP
30.88542,75.31682,351.48,0.32,0.54,2023-11-21,725,N20,VIIRS,n,2,305.18,14.93,D,0,VIIRS_NOAA20_SP
30.88617,75.32004,344.86,0.32,0.54,2023-11-21,725,N20,VIIRS,n,2,297.84,21.33,D,0,VIIRS_NOAA20_SP
30.89697,75.09554,355.85,0.33,0.55,2023-11-21,725,N20,VIIRS,n,2,297.25,7.95,D,0,VIIRS_NOAA20_SP
30.90152,74.49628,340.43,0.35,0.57,2023-11-21,725,N20,VIIRS,n,2,296.32,2.41,D,0,VIIRS_NOAA20_SP
30.90484,75.31078,334.96,0.32,0.54,2023-11-21,725,N20,VIIRS,n,2,297.06,2.56,D,0,VIIRS_NOAA20_SP
30.9057,75.11042,341.28,0.33,0.55,2023-11-21,725,N20,VIIRS,n,2,298.35,2.43,D,0,VIIRS_NOAA20_SP
30.9057,75.11057,340.76,0.33,0.55,2023-11-21,725,N20,VIIRS,n,2,298.48,2.88,D,0,VIIRS_NOAA20_SP
30.90778,75.39065,328.9,0.63,0.54,2023-11-21,725,N20,VIIRS,n,2,298.95,3.52,D,0,VIIRS_NOAA20_SP
30.90875,72.19525,337.58,0.48,0.65,2023-11-21,725,N20,VIIRS,n,2,296.54,3.53,D,0,VIIRS_NOAA20_SP
30.90946,74.83417,337.9,0.34,0.56,2023-11-21,725,N20,VIIRS,n,2,299.84,2.83,D,0,VIIRS_NOAA20_SP
30.91231,75.25291,330.72,0.32,0.55,2023-11-21,725,N20,VIIRS,n,2,297.6,3.02,D,0,VIIRS_NOAA20_SP
30.92106,75.0414,339.41,0.33,0.55,2023-11-21,725,N20,VIIRS,n,2,299.26,2.18,D,0,VIIRS_NOAA20_SP
30.93085,75.19435,331.88,0.32,0.55,2023-11-21,725,N20,VIIRS,n,2,298.74,6.33,D,0,VIIRS_NOAA20_SP
30.93105,75.19804,367.0,0.32,0.55,2023-11-21,725,N20,VIIRS,h,2,300.38,11.17,D,0,VIIRS_NOAA20_SP
30.93163,75.19761,367.0,0.32,0.55,2023-11-21,725,N20,VIIRS,h,2,300.19,6.33,D,0,VIIRS_NOAA20_SP
30.93447,72.10125,334.36,0.49,0.65,2023-11-21,725,N20,VIIRS,n,2,296.01,2.94,D,0,VIIRS_NOAA20_SP
30.94037,75.26148,350.53,0.32,0.55,2023-11-21,725,N20,VIIRS,n,2,299.15,3.29,D,0,VIIRS_NOAA20_SP
30.94112,75.26474,331.41,0.32,0.55,2023-11-21,725,N20,VIIRS,n,2,297.07,3.29,D,0,VIIRS_NOAA20_SP
30.94133,75.26086,353.85,0.32,0.55,2023-11-21,725,N20,VIIRS,n,2,299.77,3.68,D,0,VIIRS_NOAA20_SP
30.9421,75.26409,329.49,0.32,0.55,2023-11-21,725,N20,VIIRS,n,2,296.23,3.68,D,0,VIIRS_NOAA20_SP
30.95407,74.71525,328.09,0.34,0.56,2023-11-21,725,N20,VIIRS,n,2,296.27,1.07,D,0,VIIRS_NOAA20_SP
30.96048,75.09683,355.67,0.33,0.55,2023-11-21,725,N20,VIIRS,n,2,307.68,22.13,D,0,VIIRS_NOAA20_SP
30.96125,75.10015,330.58,0.33,0.55,2023-11-21,725,N20,VIIRS,n,2,294.97,9.15,D,0,VIIRS_NOAA20_SP
30.96321,74.731,333.75,0.34,0.56,2023-11-21,725,N20,VIIRS,n,2,295.72,3.19,D,0,VIIRS_NOAA20_SP
30.96431,75.36617,339.18,0.63,0.54,2023-11-21,725,N20,VIIRS,n,2,297.57,6.23,D,0,VIIRS_NOAA20_SP
30.96593,75.36525,339.07,0.63,0.54,2023-11-21,725,N20,VIIRS,n,2,297.48,12.22,D,0,VIIRS_NOAA20_SP
30.97653,74.74171,335.15,0.34,0.56,2023-11-21,725,N20,VIIRS,n,2,297.02,2.83,D,0,VIIRS_NOAA20_SP
30.97658,75.27764,367.0,0.32,0.54,2023-11-21,725,N20,VIIRS,h,2,298.52,9.36,D,0,VIIRS_NOAA20_SP
30.98068,75.2729,328.07,0.32,0.54,2023-11-21,725,N20,VIIRS,n,2,296.73,11.62,D,0,VIIRS_NOAA20_SP
30.98143,75.27613,367.0,0.32,0.54,2023-11-21,725,N20,VIIRS,h,2,299.26,9.36,D,0,VIIRS_NOAA20_SP
30.99299,74.78844,340.17,0.34,0.56,2023-11-21,725,N20,VIIRS,n,2,298.08,3.79,D,0,VIIRS_NOAA20_SP
30.99381,74.79189,331.95,0.34,0.56,2023-11-21,725,N20,VIIRS,n,2,295.8,3.26,D,0,VIIRS_NOAA20_SP
30.99476,75.19888,336.95,0.32,0.55,2023-11-21,725,N20,VIIRS,n,2,297.87,2.27,D,0,VIIRS_NOAA20_SP
30.99737,75.18756,330.28,0.32,0.55,2023-11-21,725,N20,VIIRS,n,2,297.31,2.99,D,0,VIIRS_NOAA20_SP
30.99812,75.19083,346.42,0.32,0.55,2023-11-21,725,N20,VIIRS,n,2,297.83,2.99,D,0,VIIRS_NOAA20_SP
30.9982,75.23619,345.67,0.32,0.55,2023-11-21,725,N20,VIIRS,n,2,298.89,3.21,D,0,VIIRS_NOAA20_SP
31.00171,75.11577,345.39,0.33,0.55,2023-11-21,725,N20,VIIRS,n,2,304.03,14.3,D,0,VIIRS_NOAA20_SP
31.00247,75.11906,367.0,0.32,0.55,2023-11-21,725,N20,VIIRS,h,2,297.68,14.3,D,0,VIIRS_NOAA20_SP
31.01234,75.16179,348.39,0.32,0.55,2023-11-21,725,N20,VIIRS,n,2,298.01,2.94,D,0,VIIRS_NOAA20_SP
31.01443,75.03613,341.36,0.33,0.55,2023-11-21,725,N20,VIIRS,n,2,299.47,3.4,D,0,VIIRS_NOAA20_SP
31.01445,75.07984,328.12,0.33,0.55,2023-11-21,725,N20,VIIRS,n,2,296.4,1.1,D,0,VIIRS_NOAA20_SP
31.02177,75.27046,367.0,0.32,0.54,2023-11-21,725,N20,VIIRS,h,2,300.77,18.08,D,0,VIIRS_NOAA20_SP
31.02364,75.09724,367.0,0.33,0.55,2023-11-21,725,N20,VIIRS,h,2,298.89,7.13,D,0,VIIRS_NOAA20_SP
31.02372,74.78237,327.9,0.34,0.56,2023-11-21,725,N20,VIIRS,n,2,297.62,1.54,D,0,VIIRS_NOAA20_SP
31.02391,75.09815,367.0,0.33,0.55,2023-11-21,725,N20,VIIRS,h,2,297.79,7.41,D,0,VIIRS_NOAA20_SP
31.04825,75.40782,339.06,0.62,0.54,2023-11-21,725,N20,VIIRS,n,2,297.72,11.36,D,0,VIIRS_NOAA20_SP
31.05406,75.1371,339.11,0.32,0.55,2023-11-21,725,N20,VIIRS,n,2,296.09,3.91,D,0,VIIRS_NOAA20_SP
31.05964,74.84455,344.81,0.34,0.56,2023-11-21,725,N20,VIIRS,n,2,297.56,3.57,D,0,VIIRS_NOAA20_SP
31.06878,74.83797,341.25,0.34,0.56,2023-11-21,725,N20,VIIRS,n,2,297.45,5.05,D,0,VIIRS_NOAA20_SP
31.06957,74.84138,353.96,0.34,0.56,2023-11-21,725,N20,VIIRS,n,2,297.93,8.23,D,0,VIIRS_NOAA20_SP
31.07252,74.83688,367.0,0.34,0.56,2023-11-21,725,N20,VIIRS,h,2,300.21,11.04,D,0,VIIRS_NOAA20_SP
31.07333,74.84029,347.34,0.34,0.56,2023-11-21,725,N20,VIIRS,n,2,296.32,6.59,D,0,VIIRS_NOAA20_SP
31.07374,74.83639,348.07,0.34,0.56,2023-11-21,725,N20,VIIRS,n,2,298.2,5.05,D,0,VIIRS_NOAA20_SP
31.09726,75.12,329.16,0.32,0.55,2023-11-21,725,N20,VIIRS,n,2,296.24,0.96,D,0,VIIRS_NOAA20_SP
31.10018,75.08733,330.03,0.32,0.55,2023-11-21,725,N20,VIIRS,n,2,296.81,2.01,D,0,VIIRS_NOAA20_SP
31.12642,75.68301,332.9,0.6,0.53,2023-11-21,725,N20,VIIRS,n,2,298.4,4.84,D,0,VIIRS_NOAA20_SP
31.20284,75.18797,333.01,0.32,0.54,2023-11-21,725,N20,VIIRS,n,2,297.26,1.76,D,0,VIIRS_NOAA20_SP
31.20374,73.59382,336.25,0.39,0.6,2023-11-21,725,N20,VIIRS,n,2,295.36,2.67,D,0,VIIRS_NOAA20_SP
31.20603,73.5945,351.87,0.39,0.6,2023-11-21,725,N20,VIIRS,n,2,296.22,6.22,D,0,VIIRS_NOAA20_SP
31.20903,73.59204,329.89,0.39,0.6,2023-11-21,725,N20,VIIRS,n,2,295.0,2.67,D,0,VIIRS_NOAA20_SP
31.23661,73.71678,329.99,0.39,0.59,2023-11-21,725,N20,VIIRS,n,2,295.66,3.28,D,0,VIIRS_NOAA20_SP
31.23698,73.69547,336.81,0.39,0.59,2023-11-21,725,N20,VIIRS,n,2,295.73,2.77,D,0,VIIRS_NOAA20_SP
31.26013,73.77939,327.64,0.38,0.59,2023-11-21,725,N20,VIIRS,n,2,294.63,1.9,D,0,VIIRS_NOAA20_SP
31.26755,73.56544,328.46,0.39,0.6,2023-11-21,725,N20,VIIRS,n,2,295.57,2.29,D,0,VIIRS_NOAA20_SP
31.26825,73.75275,336.88,0.38,0.59,2023-11-21,725,N20,VIIRS,n,2,296.95,7.92,D,0,VIIRS_NOAA20_SP
31.26922,73.75665,347.12,0.38,0.59,2023-11-21,725,N20,VIIRS,n,2,295.35,7.3,D,0,VIIRS_NOAA20_SP
31.30421,74.47314,341.52,0.35,0.57,2023-11-21,725,N20,VIIRS,n,2,295.53,3.16,D,0,VIIRS_NOAA20_SP
31.30718,77.5404,330.71,0.47,0.47,2023-11-21,725,N20,VIIRS,n,2,294.88,4.49,D,0,VIIRS_NOAA20_SP
31.33539,74.48154,342.31,0.35,0.57,2023-11-21,725,N20,VIIRS,n,2,297.4,3.71,D,0,VIIRS_NOAA20_SP
31.35467,74.93658,348.98,0.33,0.55,2023-11-21,725,N20,VIIRS,n,2,298.93,3.96,D,0,VIIRS_NOAA20_SP
31.36536,73.7208,326.33,0.38,0.59,2023-11-21,725,N20,VIIRS,n,2,295.9,1.49,D,0,VIIRS_NOAA20_SP
31.39075,74.84247,328.18,0.33,0.55,2023-11-21,725,N20,VIIRS,n,2,295.96,2.33,D,0,VIIRS_NOAA20_SP
31.39861,75.26637,326.93,0.62,0.54,2023-11-21,725,N20,VIIRS,l,2,297.4,6.06,D,0,VIIRS_NOAA20_SP
31.40065,75.2654,338.71,0.62,0.54,2023-11-21,725,N20,VIIRS,n,2,298.03,5.8,D,0,VIIRS_NOAA20_SP
31.4038,75.73383,339.14,0.59,0.53,2023-11-21,725,N20,VIIRS,n,2,297.53,5.03,D,0,VIIRS_NOAA20_SP
31.41037,74.97225,344.41,0.32,0.55,2023-11-21,725,N20,VIIRS,n,2,298.42,3.01,D,0,VIIRS_NOAA20_SP
31.45297,75.35727,326.76,0.61,0.54,2023-11-21,725,N20,VIIRS,n,2,295.34,3.11,D,0,VIIRS_NOAA20_SP
31.47423,73.843,327.74,0.38,0.58,2023-11-21,725,N20,VIIRS,n,2,297.82,1.35,D,0,VIIRS_NOAA20_SP
31.52388,73.467,336.5,0.39,0.6,2023-11-21,725,N20,VIIRS,n,2,296.77,2.91,D,0,VIIRS_NOAA20_SP
31.55125,73.91066,347.13,0.37,0.58,2023-11-21,725,N20,VIIRS,n,2,297.54,3.8,D,0,VIIRS_NOAA20_SP
31.55834,74.70442,330.13,0.33,0.56,2023-11-21,725,N20,VIIRS,n,2,298.79,2.01,D,0,VIIRS_NOAA20_SP
31.59138,72.43312,329.83,0.45,0.63,2023-11-21,725,N20,VIIRS,n,2,295.85,2.62,D,0,VIIRS_NOAA20_SP
31.60351,72.49581,326.95,0.45,0.63,2023-11-21,725,N20,VIIRS,n,2,295.39,1.5,D,0,VIIRS_NOAA20_SP
31.66432,72.45007,327.18,0.45,0.63,2023-11-21,725,N20,VIIRS,n,2,297.41,2.09,D,0,VIIRS_NOAA20_SP
31.67191,73.43159,341.36,0.39,0.59,2023-11-21,725,N20,VIIRS,n,2,298.78,5.71,D,0,VIIRS_NOAA20_SP
31.67289,73.43559,334.7,0.39,0.59,2023-11-21,725,N20,VIIRS,n,2,295.7,5.26,D,0,VIIRS_NOAA20_SP
31.67528,72.56372,327.13,0.44,0.62,2023-11-21,725,N20,VIIRS,n,2,295.72,1.81,D,0,VIIRS_NOAA20_SP
31.68188,74.60132,329.39,0.34,0.56,2023-11-21,725,N20,VIIRS,n,2,297.5,1.55,D,0,VIIRS_NOAA20_SP
31.69683,74.6022,331.22,0.34,0.56,2023-11-21,725,N20,VIIRS,n,2,296.92,1.67,D,0,VIIRS_NOAA20_SP
31.70701,74.75554,342.54,0.33,0.55,2023-11-21,725,N20,VIIRS,n,2,296.76,2.56,D,0,VIIRS_NOAA20_SP
31.70761,74.75718,327.08,0.33,0.55,2023-11-21,725,N20,VIIRS,n,2,296.43,1.87,D,0,VIIRS_NOAA20_SP
31.70943,73.44477,338.09,0.39,0.59,2023-11-21,725,N20,VIIRS,n,2,297.96,2.77,D,0,VIIRS_NOAA20_SP
31.72138,73.41531,334.04,0.39,0.59,2023-11-21,725,N20,VIIRS,n,2,296.08,2.08,D,0,VIIRS_NOAA20_SP
31.72912,73.4553,346.68,0.39,0.59,2023-11-21,725,N20,VIIRS,n,2,298.2,4.03,D,0,VIIRS_NOAA20_SP
31.73134,73.45499,346.31,0.39,0.59,2023-11-21,725,N20,VIIRS,n,2,298.13,5.2,D,0,VIIRS_NOAA20_SP
31.73284,78.03965,338.58,0.43,0.46,2023-11-21,725,N20,VIIRS,n,2,304.38,8.92,D,0,VIIRS_NOAA20_SP
31.76204,74.58469,353.07,0.34,0.56,2023-11-21,725,N20,VIIRS,n,2,298.57,4.18,D,0,VIIRS_NOAA20_SP
31.7642,74.63911,327.91,0.33,0.55,2023-11-21,725,N20,VIIRS,n,2,297.76,1.56,D,0,VIIRS_NOAA20_SP
31.76699,74.58308,333.77,0.34,0.56,2023-11-21,725,N20,VIIRS,n,2,296.1,4.18,D,0,VIIRS_NOAA20_SP
31.78613,74.12827,332.34,0.36,0.57,2023-11-21,725,N20,VIIRS,n,2,296.41,2.4,D,0,VIIRS_NOAA20_SP
31.78747,72.63947,354.82,0.43,0.62,2023-11-21,725,N20,VIIRS,n,2,295.86,9.72,D,0,VIIRS_NOAA20_SP
31.78752,74.1284,336.73,0.36,0.57,2023-11-21,725,N20,VIIRS,n,2,295.47,2.07,D,0,VIIRS_NOAA20_SP
31.8059,74.23444,333.62,0.35,0.57,2023-11-21,725,N20,VIIRS,n,2,296.85,2.92,D,0,VIIRS_NOAA20_SP
31.83716,72.88063,348.92,0.42,0.61,2023-11-21,725,N20,VIIRS,n,2,292.17,4.22,D,0,VIIRS_NOAA20_SP
31.84033,73.26335,349.63,0.4,0.6,2023-11-21,725,N20,VIIRS,n,2,297.04,6.73,D,0,VIIRS_NOAA20_SP
31.84872,74.31268,335.21,0.35,0.56,2023-11-21,725,N20,VIIRS,n,2,298.23,2.44,D,0,VIIRS_NOAA20_SP
31.86555,73.27228,338.67,0.4,0.6,2023-11-21,725,N20,VIIRS,n,2,296.82,3.75,D,0,VIIRS_NOAA20_SP
31.86612,74.55753,348.3,0.33,0.56,2023-11-21,725,N20,VIIRS,n,2,295.62,4.05,D,0,VIIRS_NOAA20_SP
31.86795,74.52,329.4,0.34,0.56,2023-11-21,725,N20,VIIRS,n,2,296.62,1.49,D,0,VIIRS_NOAA20_SP
31.87309,74.34646,327.61,0.34,0.56,2023-11-21,725,N20,VIIRS,n,2,295.77,1.47,D,0,VIIRS_NOAA20_SP
31.8986,73.38263,326.03,0.39,0.59,2023-11-21,725,N20,VIIRS,n,2,296.4,1.63,D,0,VIIRS_NOAA20_SP
31.92225,74.70668,332.22,0.33,0.55,2023-11-21,725,N20,VIIRS,n,2,296.03,2.71,D,0,VIIRS_NOAA20_SP
31.92225,74.70676,327.42,0.33,0.55,2023-11-21,725,N20,VIIRS,n,2,295.85,2.65,D,0,VIIRS_NOAA20_SP
31.92971,74.42569,335.84,0.34,0.56,2023-11-21,725,N20,VIIRS,n,2,297.01,2.4,D,0,VIIRS_NOAA20_SP
31.93464,74.44647,337.0,0.34,0.56,2023-11-21,725,N20,VIIRS,n,2,297.09,3.17,D,0,VIIRS_NOAA20_SP
31.94038,74.67199,335.53,0.33,0.55,2023-11-21,725,N20,VIIRS,n,2,296.36,3.94,D,0,VIIRS_NOAA20_SP
31.94468,74.39832,338.71,0.34,0.56,2023-11-21,725,N20,VIIRS,n,2,298.16,2.51,D,0,VIIRS_NOAA20_SP
31.9502,74.66882,328.72,0.33,0.55,2023-11-21,725,N20,VIIRS,n,2,296.45,3.24,D,0,VIIRS_NOAA20_SP
31.9528,74.7684,334.93,0.32,0.55,2023-11-21,725,N20,VIIRS,n,2,295.84,1.82,D,0,VIIRS_NOAA20_SP
31.95282,74.45542,330.88,0.34,0.56,2023-11-21,725,N20,VIIRS,n,2,296.58,1.19,D,0,VIIRS_NOAA20_SP
31.95288,73.20148,333.19,0.4,0.6,2023-11-21,725,N20,VIIRS,n,2,297.06,3.33,D,0,VIIRS_NOAA20_SP
31.95909,74.68399,337.48,0.33,0.55,2023-11-21,725,N20,VIIRS,n,2,297.4,2.31,D,0,VIIRS_NOAA20_SP
31.96189,74.62883,339.17,0.33,0.55,2023-11-21,725,N20,VIIRS,n,2,296.63,2.93,D,0,VIIRS_NOAA20_SP
31.96604,72.47006,332.92,0.44,0.62,2023-11-21,725,N20,VIIRS,n,2,291.63,3.74,D,0,VIIRS_NOAA20_SP
31.98567,74.37682,334.58,0.34,0.56,2023-11-21,725,N20,VIIRS,n,2,296.32,1.94,D,0,VIIRS_NOAA20_SP
32.00496,74.74443,330.6,0.32,0.55,2023-11-21,725,N20,VIIRS,n,2,296.03,1.44,D,0,VIIRS_NOAA20_SP
32.00517,74.72293,343.48,0.32,0.55,2023-11-21,725,N20,VIIRS,n,2,296.61,2.81,D,0,VIIRS_NOAA20_SP
32.01962,74.47369,367.0,0.34,0.56,2023-11-21,725,N20,VIIRS,h,2,298.26,9.57,D,0,VIIRS_NOAA20_SP
32.02809,74.84325,331.26,0.32,0.55,2023-11-21,725,N20,VIIRS,n,2,296.76,2.77,D,0,VIIRS_NOAA20_SP
32.0281,74.7761,332.3,0.32,0.55,2023-11-21,725,N20,VIIRS,n,2,295.5,2.76,D,0,VIIRS_NOAA20_SP
32.04189,74.83527,328.91,0.32,0.55,2023-11-21,725,N20,VIIRS,n,2,294.88,1.98,D,0,VIIRS_NOAA20_SP
32.05242,73.33861,336.49,0.39,0.59,2023-11-21,725,N20,VIIRS,n,2,297.46,3.21,D,0,VIIRS_NOAA20_SP
32.05898,74.52711,327.83,0.33,0.55,2023-11-21,725,N20,VIIRS,n,2,295.51,2.49,D,0,VIIRS_NOAA20_SP
32.06248,75.03525,331.25,0.62,0.54,2023-11-21,725,N20,VIIRS,n,2,295.34,5.32,D,0,VIIRS_NOAA20_SP
32.06252,72.62099,334.49,0.43,0.62,2023-11-21,725,N20,VIIRS,n,2,296.42,2.56,D,0,VIIRS_NOAA20_SP
32.06951,74.68324,327.02,0.33,0.55,2023-11-21,725,N20,VIIRS,n,2,294.93,3.21,D,0,VIIRS_NOAA20_SP
32.0833,73.371,346.99,0.39,0.59,2023-11-21,725,N20,VIIRS,n,2,297.82,4.41,D,0,VIIRS_NOAA20_SP
32.09379,73.36745,326.57,0.39,0.59,2023-11-21,725,N20,VIIRS,n,2,296.73,1.76,D,0,VIIRS_NOAA20_SP
32.10362,75.12408,325.69,0.61,0.54,2023-11-21,725,N20,VIIRS,n,2,295.86,3.37,D,0,VIIRS_NOAA20_SP
32.10721,73.3757,326.22,0.39,0.59,2023-11-21,725,N20,VIIRS,l,2,297.56,3.91,D,0,VIIRS_NOAA20_SP
32.11989,74.83015,332.64,0.32,0.54,2023-11-21,725,N20,VIIRS,n,2,297.11,1.87,D,0,VIIRS_NOAA20_SP
32.14983,74.84679,333.27,0.63,0.54,2023-11-21,725,N20,VIIRS,n,2,296.06,5.32,D,0,VIIRS_NOAA20_SP
32.15078,75.18154,326.66,0.61,0.53,2023-11-21,725,N20,VIIRS,n,2,295.26,2.99,D,0,VIIRS_NOAA20_SP
32.15308,73.42385,340.42,0.38,0.59,2023-11-21,725,N20,VIIRS,n,2,296.93,4.68,D,0,VIIRS_NOAA20_SP
32.15407,74.59449,367.0,0.33,0.55,2023-11-21,725,N20,VIIRS,h,2,297.31,5.44,D,0,VIIRS_NOAA20_SP
32.15499,73.43167,326.39,0.38,0.59,2023-11-21,725,N20,VIIRS,n,2,295.58,4.78,D,0,VIIRS_NOAA20_SP
32.16737,73.48228,345.83,0.38,0.59,2023-11-21,725,N20,VIIRS,n,2,299.84,3.52,D,0,VIIRS_NOAA20_SP
32.17073,73.48132,345.56,0.38,0.59,2023-11-21,725,N20,VIIRS,n,2,298.05,3.87,D,0,VIIRS_NOAA20_SP
32.18071,74.82278,350.73,0.64,0.54,2023-11-21,725,N20,VIIRS,n,2,298.5,10.84,D,0,VIIRS_NOAA20_SP
32.18198,74.82213,342.04,0.64,0.54,2023-11-21,725,N20,VIIRS,n,2,297.54,10.97,D,0,VIIRS_NOAA20_SP
32.18444,74.56644,333.8,0.33,0.55,2023-11-21,725,N20,VIIRS,n,2,295.78,1.77,D,0,VIIRS_NOAA20_SP
32.19793,73.34077,333.14,0.39,0.59,2023-11-21,725,N20,VIIRS,n,2,296.92,1.99,D,0,VIIRS_NOAA20_SP
32.20351,74.80292,337.39,0.32,0.54,2023-11-21,725,N20,VIIRS,n,2,296.41,4.63,D,0,VIIRS_NOAA20_SP
32.23432,73.73579,328.07,0.37,0.58,2023-11-21,725,N20,VIIRS,n,2,297.33,2.6,D,0,VIIRS_NOAA20_SP
32.23549,73.73959,329.25,0.37,0.58,2023-11-21,725,N20,VIIRS,n,2,298.05,2.74,D,0,VIIRS_NOAA20_SP
32.25804,74.49977,327.58,0.33,0.55,2023-11-21,725,N20,VIIRS,n,2,296.35,1.17,D,0,VIIRS_NOAA20_SP
32.27943,74.47815,326.99,0.33,0.55,2023-11-21,725,N20,VIIRS,n,2,295.62,1.16,D,0,VIIRS_NOAA20_SP
32.28234,73.34742,325.46,0.38,0.59,2023-11-21,725,N20,VIIRS,n,2,296.91,1.21,D,0,VIIRS_NOAA20_SP
32.30555,73.32674,326.18,0.38,0.59,2023-11-21,725,N20,VIIRS,n,2,296.95,1.26,D,0,VIIRS_NOAA20_SP
32.31924,76.60256,327.94,0.5,0.49,2023-11-21,725,N20,VIIRS,n,2,288.4,7.65,D,0,VIIRS_NOAA20_SP
32.32156,74.18884,326.35,0.34,0.56,2023-11-21,725,N20,VIIRS,n,2,297.71,1.63,D,0,VIIRS_NOAA20_SP
32.32246,76.59592,367.0,0.5,0.49,2023-11-21,725,N20,VIIRS,h,2,297.55,22.4,D,0,VIIRS_NOAA20_SP
32.32418,74.80145,338.29,0.63,0.54,2023-11-21,725,N20,VIIRS,n,2,296.94,4.9,D,0,VIIRS_NOAA20_SP
32.32571,74.80795,328.99,0.63,0.54,2023-11-21,725,N20,VIIRS,n,2,295.82,4.9,D,0,VIIRS_NOAA20_SP
32.32592,76.59044,344.8,0.5,0.49,2023-11-21,725,N20,VIIRS,n,2,299.4,20.47,D,0,VIIRS_NOAA20_SP
32.32746,76.59755,340.45,0.5,0.49,2023-11-21,725,N20,VIIRS,n,2,286.54,20.47,D,0,VIIRS_NOAA20_SP
32.35764,73.42314,326.64,0.38,0.59,2023-11-21,725,N20,VIIRS,n,2,295.8,1.61,D,0,VIIRS_NOAA20_SP
32.3597,74.32646,349.99,0.34,0.56,2023-11-21,725,N20,VIIRS,n,2,296.63,3.77,D,0,VIIRS_NOAA20_SP
32.36217,74.55993,329.32,0.33,0.55,2023-11-21,725,N20,VIIRS,n,2,296.58,1.39,D,0,VIIRS_NOAA20_SP
32.36612,74.69094,328.82,0.32,0.55,2023-11-21,725,N20,VIIRS,n,2,296.06,1.47,D,0,VIIRS_NOAA20_SP
32.37394,74.90333,327.24,0.62,0.54,2023-11-21,725,N20,VIIRS,n,2,295.75,4.53,D,0,VIIRS_NOAA20_SP
32.41328,74.24448,334.2,0.34,0.56,2023-11-21,725,N20,VIIRS,n,2,297.65,2.24,D,0,VIIRS_NOAA20_SP
32.41905,74.22379,326.75,0.34,0.56,2023-11-21,725,N20,VIIRS,n,2,297.28,1.21,D,0,VIIRS_NOAA20_SP
32.43706,74.7435,329.41,0.63,0.54,2023-11-21,725,N20,VIIRS,n,2,295.51,3.35,D,0,VIIRS_NOAA20_SP
32.46851,74.69981,333.28,0.32,0.54,2023-11-21,725,N20,VIIRS,n,2,295.92,4.32,D,0,VIIRS_NOAA20_SP
32.47641,74.99964,332.22,0.61,0.53,2023-11-21,725,N20,VIIRS,n,2,296.3,5.47,D,0,VIIRS_NOAA20_SP
32.48444,74.76181,330.45,0.63,0.54,2023-11-21,725,N20,VIIRS,n,2,296.15,3.92,D,0,VIIRS_NOAA20_SP
32.4861,73.58643,345.87,0.37,0.58,2023-11-21,725,N20,VIIRS,n,2,297.55,4.77,D,0,VIIRS_NOAA20_SP
32.59113,74.47996,330.18,0.32,0.55,2023-11-21,725,N20,VIIRS,n,2,295.8,1.22,D,0,VIIRS_NOAA20_SP
32.68267,74.50999,325.77,0.32,0.55,2023-11-21,725,N20,VIIRS,n,2,296.42,2.01,D,0,VIIRS_NOAA20_SP
32.69191,74.68658,327.65,0.63,0.54,2023-11-21,725,N20,VIIRS,n,2,295.99,2.55,D,0,VIIRS_NOAA20_SP
32.69315,74.68512,328.85,0.63,0.54,2023-11-21,725,N20,VIIRS,n,2,296.04,4.78,D,0,VIIRS_NOAA20_SP
32.86071,74.23885,325.99,0.33,0.55,2023-11-21,725,N20,VIIRS,n,2,296.38,1.18,D,0,VIIRS_NOAA20_SP
33.08799,76.43682,330.02,0.49,0.49,2023-11-21,725,N20,VIIRS,n,2,299.13,1.43,D,0,VIIRS_NOAA20_SP
32.99456,70.03088,367.0,0.57,0.69,2023-11-21,726,N20,VIIRS,h,2,296.85,8.3,D,0,VIIRS_NOAA20_SP
33.00101,70.03001,328.17,0.57,0.69,2023-11-21,726,N20,VIIRS,n,2,295.04,4.43,D,0,VIIRS_NOAA20_SP
35.74026,74.51463,334.19,0.55,0.51,2023-11-21,726,N20,VIIRS,n,2,281.43,4.07,D,0,VIIRS_NOAA20_SP
35.7453,74.51535,337.59,0.55,0.51,2023-11-21,726,N20,VIIRS,n,2,281.02,17.34,D,0,VIIRS_NOAA20_SP
16.59714,73.4072,350.51,0.42,0.61,2023-11-21,901,N20,VIIRS,n,2,306.79,5.09,D,0,VIIRS_NOAA20_SP
16.59839,73.41894,367.0,0.42,0.61,2023-11-21,901,N20,VIIRS,h,2,310.1,5.53,D,0,VIIRS_NOAA20_SP
16.60712,73.39397,347.71,0.42,0.61,2023-11-21,901,N20,VIIRS,n,2,304.19,11.34,D,0,VIIRS_NOAA20_SP
16.60838,73.40567,336.7,0.42,0.61,2023-11-21,901,N20,VIIRS,l,2,309.45,9.1,D,0,VIIRS_NOAA20_SP
16.61319,73.39739,330.39,0.42,0.61,2023-11-21,901,N20,VIIRS,l,2,302.51,2.97,D,0,VIIRS_NOAA20_SP
16.61362,73.40132,346.49,0.42,0.61,2023-11-21,901,N20,VIIRS,n,2,303.55,5.4,D,0,VIIRS_NOAA20_SP
16.97275,74.82329,336.77,0.53,0.67,2023-11-21,901,N20,VIIRS,n,2,300.64,4.2,D,0,VIIRS_NOAA20_SP
17.20006,75.30695,331.16,0.57,0.69,2023-11-21,901,N20,VIIRS,l,2,302.23,3.21,D,0,VIIRS_NOAA20_SP
17.60542,74.68964,332.16,0.53,0.67,2023-11-21,901,N20,VIIRS,l,2,302.48,3.34,D,0,VIIRS_NOAA20_SP
17.60626,74.69072,336.94,0.52,0.67,2023-11-21,901,N20,VIIRS,n,2,302.59,3.97,D,0,VIIRS_NOAA20_SP
17.74281,76.24538,367.0,0.67,0.73,2023-11-21,901,N20,VIIRS,h,2,303.78,19.62,D,0,VIIRS_NOAA20_SP
17.74757,76.24412,367.0,0.67,0.73,2023-11-21,901,N20,VIIRS,h,2,306.2,23.06,D,0,VIIRS_NOAA20_SP
18.47239,75.18771,339.58,0.58,0.7,2023-11-21,902,N20,VIIRS,n,2,299.28,2.55,D,0,VIIRS_NOAA20_SP
18.62522,73.08589,334.01,0.42,0.61,2023-11-21,902,N20,VIIRS,n,2,298.49,3.48,D,0,VIIRS_NOAA20_SP
18.67666,73.9136,330.39,0.48,0.65,2023-11-21,902,N20,VIIRS,n,2,298.74,3.19,D,0,VIIRS_NOAA20_SP
18.96988,71.62586,337.48,0.34,0.56,2023-11-21,902,N20,VIIRS,n,2,295.68,2.15,D,3,VIIRS_NOAA20_SP
19.01689,72.89623,367.0,0.41,0.61,2023-11-21,902,N20,VIIRS,h,2,300.33,15.65,D,0,VIIRS_NOAA20_SP
19.01833,72.89336,351.36,0.41,0.61,2023-11-21,902,N20,VIIRS,n,2,299.99,11.99,D,2,VIIRS_NOAA20_SP
19.01873,72.89725,367.0,0.41,0.61,2023-11-21,902,N20,VIIRS,h,2,299.36,15.86,D,0,VIIRS_NOAA20_SP
19.18545,73.01451,331.47,0.42,0.61,2023-11-21,902,N20,VIIRS,n,2,298.16,1.69,D,0,VIIRS_NOAA20_SP
19.22651,73.19887,348.33,0.44,0.62,2023-11-21,902,N20,VIIRS,n,2,302.09,4.75,D,0,VIIRS_NOAA20_SP
19.46028,73.42681,343.93,0.45,0.63,2023-11-21,902,N20,VIIRS,n,2,299.74,4.54,D,0,VIIRS_NOAA20_SP
19.65944,72.72967,332.69,0.41,0.61,2023-11-21,902,N20,VIIRS,n,2,297.74,2.6,D,0,VIIRS_NOAA20_SP
19.67413,73.90584,342.57,0.49,0.65,2023-11-21,902,N20,VIIRS,n,2,301.39,5.75,D,0,VIIRS_NOAA20_SP
19.83905,74.36634,333.22,0.53,0.67,2023-11-21,902,N20,VIIRS,n,2,300.07,2.23,D,0,VIIRS_NOAA20_SP
21.09901,72.63702,336.9,0.42,0.61,2023-11-21,902,N20,VIIRS,n,2,298.93,4.96,D,0,VIIRS_NOAA20_SP
21.10188,72.63973,331.94,0.42,0.61,2023-11-21,902,N20,VIIRS,n,2,297.79,3.76,D,2,VIIRS_NOAA20_SP
21.10266,72.64792,343.24,0.42,0.61,2023-11-21,902,N20,VIIRS,n,2,299.73,4.71,D,2,VIIRS_NOAA20_SP
21.10576,72.64877,336.95,0.42,0.61,2023-11-21,902,N20,VIIRS,n,2,300.65,5.75,D,2,VIIRS_NOAA20_SP
21.73645,72.60531,347.46,0.43,0.62,2023-11-21,903,N20,VIIRS,n,2,290.19,5.36,D,0,VIIRS_NOAA20_SP
21.73947,72.60381,349.59,0.43,0.62,2023-11-21,903,N20,VIIRS,n,2,290.48,8.76,D,0,VIIRS_NOAA20_SP
21.73985,72.60796,348.31,0.43,0.62,2023-11-21,903,N20,VIIRS,n,2,289.9,5.68,D,0,VIIRS_NOAA20_SP
21.74214,72.60475,344.85,0.43,0.62,2023-11-21,903,N20,VIIRS,n,2,289.58,6.22,D,0,VIIRS_NOAA20_SP
21.7425,72.60891,338.32,0.43,0.62,2023-11-21,903,N20,VIIRS,n,2,289.45,5.15,D,0,VIIRS_NOAA20_SP
21.74555,72.60742,332.09,0.43,0.62,2023-11-21,903,N20,VIIRS,n,2,289.34,5.68,D,0,VIIRS_NOAA20_SP
21.749,72.68433,330.89,0.43,0.62,2023-11-21,903,N20,VIIRS,n,2,292.3,2.6,D,0,VIIRS_NOAA20_SP
22.64213,72.70174,352.37,0.44,0.63,2023-11-21,903,N20,VIIRS,n,2,296.75,6.03,D,0,VIIRS_NOAA20_SP
22.7123,72.35741,367.0,0.42,0.61,2023-11-21,903,N20,VIIRS,h,2,303.28,8.06,D,0,VIIRS_NOAA20_SP
23.02996,72.2295,337.13,0.42,0.61,2023-11-21,903,N20,VIIRS,n,2,298.67,4.2,D,0,VIIRS_NOAA20_SP
23.03032,72.23361,341.28,0.42,0.61,2023-11-21,903,N20,VIIRS,n,2,298.85,4.2,D,0,VIIRS_NOAA20_SP
23.20674,72.32329,336.43,0.42,0.61,2023-11-21,903,N20,VIIRS,n,2,300.57,2.49,D,0,VIIRS_NOAA20_SP
23.23156,72.2466,330.09,0.42,0.61,2023-11-21,903,N20,VIIRS,n,2,300.63,1.4,D,0,VIIRS_NOAA20_SP
23.46237,72.40824,336.12,0.43,0.62,2023-11-21,903,N20,VIIRS,n,2,298.45,2.3,D,0,VIIRS_NOAA20_SP
25.33238,71.81694,367.0,0.42,0.61,2023-11-21,904,N20,VIIRS,h,2,303.36,7.41,D,0,VIIRS_NOAA20_SP
25.49123,69.18005,339.61,0.57,0.52,2023-11-21,904,N20,VIIRS,n,2,301.14,6.38,D,0,VIIRS_NOAA20_SP
25.49601,69.17951,340.62,0.57,0.52,2023-11-21,904,N20,VIIRS,n,2,301.13,5.4,D,0,VIIRS_NOAA20_SP
25.51927,68.81004,332.21,0.54,0.51,2023-11-21,904,N20,VIIRS,n,2,299.85,3.91,D,0,VIIRS_NOAA20_SP
25.60919,69.05002,340.39,0.56,0.52,2023-11-21,904,N20,VIIRS,n,2,301.98,7.64,D,0,VIIRS_NOAA20_SP
25.61049,68.68556,336.83,0.53,0.5,2023-11-21,904,N20,VIIRS,n,2,298.12,3.38,D,0,VIIRS_NOAA20_SP
25.61386,68.6832,338.39,0.53,0.5,2023-11-21,904,N20,VIIRS,n,2,299.46,4.85,D,0,VIIRS_NOAA20_SP
25.80898,68.72242,340.03,0.54,0.51,2023-11-21,904,N20,VIIRS,n,2,299.01,5.29,D,0,VIIRS_NOAA20_SP
25.88295,68.58223,333.5,0.53,0.5,2023-11-21,904,N20,VIIRS,n,2,298.97,3.24,D,0,VIIRS_NOAA20_SP
25.89699,68.96582,331.6,0.56,0.51,2023-11-21,904,N20,VIIRS,n,2,302.33,4.43,D,0,VIIRS_NOAA20_SP
26.09253,68.88136,337.43,0.55,0.51,2023-11-21,904,N20,VIIRS,n,2,303.41,5.51,D,2,VIIRS_NOAA20_SP
26.33786,68.07097,355.37,0.5,0.49,2023-11-21,904,N20,VIIRS,n,2,298.56,8.65,D,0,VIIRS_NOAA20_SP
26.43864,68.05511,332.58,0.5,0.49,2023-11-21,904,N20,VIIRS,n,2,299.91,3.17,D,0,VIIRS_NOAA20_SP
26.8155,68.16077,331.38,0.51,0.49,2023-11-21,904,N20,VIIRS,n,2,297.83,1.95,D,0,VIIRS_NOAA20_SP
27.39157,68.54022,333.02,0.55,0.51,2023-11-21,904,N20,VIIRS,n,2,297.72,2.85,D,0,VIIRS_NOAA20_SP
27.7438,69.37522,345.09,0.62,0.54,2023-11-21,904,N20,VIIRS,n,2,300.29,8.25,D,0,VIIRS_NOAA20_SP
28.95069,70.3785,331.64,0.37,0.58,2023-11-21,905,N20,VIIRS,n,2,296.29,2.61,D,0,VIIRS_NOAA20_SP
28.95393,70.37865,339.58,0.37,0.58,2023-11-21,905,N20,VIIRS,n,2,297.02,2.77,D,0,VIIRS_NOAA20_SP
29.32348,73.78639,367.0,0.6,0.71,2023-11-21,905,N20,VIIRS,h,2,300.26,15.79,D,0,VIIRS_NOAA20_SP
29.33162,73.81752,349.29,0.6,0.71,2023-11-21,905,N20,VIIRS,n,2,298.04,9.07,D,0,VIIRS_NOAA20_SP
29.33194,73.82387,333.0,0.61,0.71,2023-11-21,905,N20,VIIRS,n,2,294.56,9.07,D,0,VIIRS_NOAA20_SP
29.33819,73.81727,342.05,0.6,0.71,2023-11-21,905,N20,VIIRS,n,2,296.89,9.07,D,0,VIIRS_NOAA20_SP
29.36014,73.7341,334.91,0.6,0.7,2023-11-21,905,N20,VIIRS,n,2,295.05,6.19,D,0,VIIRS_NOAA20_SP
29.38461,73.9492,350.23,0.62,0.71,2023-11-21,905,N20,VIIRS,n,2,297.05,7.59,D,0,VIIRS_NOAA20_SP
29.38967,73.952,339.4,0.62,0.71,2023-11-21,905,N20,VIIRS,n,2,296.58,7.43,D,0,VIIRS_NOAA20_SP
29.45399,74.04628,367.0,0.63,0.72,2023-11-21,905,N20,VIIRS,h,2,294.56,11.91,D,0,VIIRS_NOAA20_SP
29.46289,74.09199,339.76,0.63,0.72,2023-11-21,905,N20,VIIRS,n,2,294.18,5.89,D,0,VIIRS_NOAA20_SP
29.49782,71.66418,329.54,0.45,0.63,2023-11-21,905,N20,VIIRS,n,2,296.75,2.18,D,0,VIIRS_NOAA20_SP
29.51254,74.22092,355.04,0.64,0.72,2023-11-21,905,N20,VIIRS,n,2,295.01,9.19,D,0,VIIRS_NOAA20_SP
29.51632,74.22279,347.54,0.64,0.72,2023-11-21,905,N20,VIIRS,n,2,293.34,13.11,D,0,VIIRS_NOAA20_SP
29.52996,70.82347,332.17,0.4,0.6,2023-11-21,905,N20,VIIRS,n,2,297.34,2.5,D,0,VIIRS_NOAA20_SP
29.53047,70.82346,329.01,0.4,0.6,2023-11-21,905,N20,VIIRS,n,2,297.39,2.78,D,0,VIIRS_NOAA20_SP
29.55442,74.58068,340.57,0.67,0.74,2023-11-21,905,N20,VIIRS,n,2,294.52,4.44,D,0,VIIRS_NOAA20_SP
29.5553,74.5788,339.04,0.68,0.74,2023-11-21,905,N20,VIIRS,n,2,294.69,5.57,D,0,VIIRS_NOAA20_SP
29.57038,74.30625,342.13,0.65,0.73,2023-11-21,905,N20,VIIRS,n,2,294.61,8.56,D,0,VIIRS_NOAA20_SP
29.57162,70.78223,337.34,0.4,0.6,2023-11-21,905,N20,VIIRS,n,2,296.79,3.04,D,0,VIIRS_NOAA20_SP
29.57426,74.24477,346.22,0.64,0.72,2023-11-21,905,N20,VIIRS,n,2,295.57,6.84,D,0,VIIRS_NOAA20_SP
29.57458,74.25154,342.9,0.65,0.73,2023-11-21,905,N20,VIIRS,n,2,295.02,6.84,D,0,VIIRS_NOAA20_SP
29.59998,74.35979,337.29,0.66,0.73,2023-11-21,905,N20,VIIRS,n,2,294.85,11.26,D,0,VIIRS_NOAA20_SP
29.60367,75.51025,335.0,0.77,0.77,2023-11-21,905,N20,VIIRS,n,2,295.42,4.91,D,0,VIIRS_NOAA20_SP
29.60633,75.50913,336.2,0.77,0.77,2023-11-21,905,N20,VIIRS,n,2,295.53,7.0,D,0,VIIRS_NOAA20_SP
29.60774,74.38014,333.3,0.66,0.73,2023-11-21,905,N20,VIIRS,n,2,294.74,5.99,D,0,VIIRS_NOAA20_SP
29.64095,75.12135,329.82,0.73,0.76,2023-11-21,905,N20,VIIRS,n,2,294.08,5.41,D,0,VIIRS_NOAA20_SP
29.64602,75.12251,333.53,0.73,0.76,2023-11-21,905,N20,VIIRS,n,2,293.71,3.88,D,0,VIIRS_NOAA20_SP
29.65128,71.77693,340.35,0.46,0.63,2023-11-21,905,N20,VIIRS,n,2,295.4,3.63,D,0,VIIRS_NOAA20_SP
29.76694,75.41531,332.85,0.76,0.77,2023-11-21,905,N20,VIIRS,n,2,294.29,12.67,D,0,VIIRS_NOAA20_SP
29.95454,73.13142,340.97,0.56,0.69,2023-11-21,905,N20,VIIRS,n,2,294.87,5.16,D,0,VIIRS_NOAA20_SP
29.99652,74.69704,353.76,0.69,0.74,2023-11-21,905,N20,VIIRS,n,2,297.92,13.33,D,0,VIIRS_NOAA20_SP
29.99999,74.95741,367.0,0.72,0.75,2023-11-21,905,N20,VIIRS,h,2,296.9,12.35,D,0,VIIRS_NOAA20_SP
30.01251,75.55476,367.0,0.78,0.78,2023-11-21,905,N20,VIIRS,h,2,300.02,21.33,D,0,VIIRS_NOAA20_SP
30.01475,75.55772,367.0,0.78,0.78,2023-11-21,905,N20,VIIRS,h,2,297.54,28.15,D,0,VIIRS_NOAA20_SP
30.02919,75.55718,332.37,0.78,0.78,2023-11-21,905,N20,VIIRS,n,2,296.36,9.38,D,0,VIIRS_NOAA20_SP
30.04671,75.44199,341.35,0.77,0.77,2023-11-21,905,N20,VIIRS,n,2,295.07,5.24,D,0,VIIRS_NOAA20_SP
30.05051,74.66549,339.35,0.69,0.74,2023-11-21,905,N20,VIIRS,n,2,296.62,7.04,D,0,VIIRS_NOAA20_SP
30.05085,74.6663,344.5,0.69,0.74,2023-11-21,905,N20,VIIRS,n,2,295.96,6.39,D,0,VIIRS_NOAA20_SP
30.06609,75.20164,340.8,0.74,0.76,2023-11-21,905,N20,VIIRS,n,2,296.85,7.51,D,0,VIIRS_NOAA20_SP
30.06694,75.53316,336.2,0.78,0.78,2023-11-21,905,N20,VIIRS,n,2,294.84,8.26,D,0,VIIRS_NOAA20_SP
30.0672,75.54139,342.59,0.78,0.78,2023-11-21,905,N20,VIIRS,n,2,295.35,10.14,D,0,VIIRS_NOAA20_SP
30.07043,75.20301,352.57,0.74,0.76,2023-11-21,905,N20,VIIRS,n,2,296.97,12.69,D,0,VIIRS_NOAA20_SP
30.07161,75.53104,342.83,0.78,0.78,2023-11-21,905,N20,VIIRS,n,2,295.75,7.34,D,0,VIIRS_NOAA20_SP
30.08758,75.57178,337.56,0.78,0.78,2023-11-21,905,N20,VIIRS,n,2,296.23,6.0,D,0,VIIRS_NOAA20_SP
30.08959,74.59918,336.36,0.68,0.74,2023-11-21,905,N20,VIIRS,n,2,295.07,6.81,D,0,VIIRS_NOAA20_SP
30.08991,75.57366,330.99,0.78,0.78,2023-11-21,905,N20,VIIRS,n,2,295.14,5.17,D,0,VIIRS_NOAA20_SP
30.09116,75.18656,336.03,0.74,0.76,2023-11-21,905,N20,VIIRS,n,2,296.04,4.86,D,0,VIIRS_NOAA20_SP
30.09136,74.64261,367.0,0.69,0.74,2023-11-21,905,N20,VIIRS,h,2,297.6,11.52,D,0,VIIRS_NOAA20_SP
30.09382,75.1851,335.65,0.74,0.76,2023-11-21,905,N20,VIIRS,n,2,296.28,5.22,D,0,VIIRS_NOAA20_SP
30.13679,74.57544,337.32,0.68,0.74,2023-11-21,905,N20,VIIRS,n,2,296.35,6.46,D,0,VIIRS_NOAA20_SP
30.13723,74.574,338.84,0.68,0.74,2023-11-21,905,N20,VIIRS,n,2,296.78,5.36,D,0,VIIRS_NOAA20_SP
30.14982,75.12086,342.28,0.74,0.76,2023-11-21,905,N20,VIIRS,n,2,295.76,13.43,D,0,VIIRS_NOAA20_SP
30.15253,75.12163,342.73,0.73,0.76,2023-11-21,905,N20,VIIRS,n,2,295.53,8.09,D,0,VIIRS_NOAA20_SP
30.15598,74.70426,337.75,0.69,0.75,2023-11-21,905,N20,VIIRS,n,2,295.84,5.01,D,0,VIIRS_NOAA20_SP
30.17278,72.42494,331.05,0.51,0.66,2023-11-21,905,N20,VIIRS,n,2,294.83,2.67,D,0,VIIRS_NOAA20_SP
30.17327,72.42332,329.18,0.51,0.66,2023-11-21,905,N20,VIIRS,n,2,295.15,2.64,D,0,VIIRS_NOAA20_SP
30.19891,70.62048,367.0,0.39,0.6,2023-11-21,905,N20,VIIRS,h,2,297.2,6.95,D,0,VIIRS_NOAA20_SP
30.20038,70.64123,332.12,0.4,0.6,2023-11-21,905,N20,VIIRS,n,2,295.74,2.1,D,0,VIIRS_NOAA20_SP
30.23183,74.37724,337.08,0.66,0.73,2023-11-21,905,N20,VIIRS,n,2,294.24,6.82,D,0,VIIRS_NOAA20_SP
30.2344,70.6508,338.27,0.4,0.6,2023-11-21,905,N20,VIIRS,n,2,295.75,2.68,D,0,VIIRS_NOAA20_SP
30.23742,75.38757,329.51,0.76,0.77,2023-11-21,905,N20,VIIRS,n,2,295.94,3.9,D,0,VIIRS_NOAA20_SP
30.26755,71.73457,335.06,0.46,0.64,2023-11-21,905,N20,VIIRS,n,2,297.73,2.84,D,0,VIIRS_NOAA20_SP
30.30534,75.6179,338.19,0.79,0.78,2023-11-21,905,N20,VIIRS,n,2,295.06,5.97,D,0,VIIRS_NOAA20_SP
30.31353,75.4994,338.4,0.78,0.78,2023-11-21,905,N20,VIIRS,n,2,294.17,10.05,D,0,VIIRS_NOAA20_SP
30.31397,74.5019,332.9,0.68,0.74,2023-11-21,905,N20,VIIRS,n,2,297.0,7.79,D,0,VIIRS_NOAA20_SP
30.31583,75.49287,331.28,0.78,0.78,2023-11-21,905,N20,VIIRS,n,2,294.07,5.64,D,0,VIIRS_NOAA20_SP
30.31883,75.44999,367.0,0.77,0.77,2023-11-21,905,N20,VIIRS,h,2,297.16,19.75,D,0,VIIRS_NOAA20_SP
30.32141,75.44341,333.02,0.77,0.77,2023-11-21,905,N20,VIIRS,n,2,295.64,25.16,D,0,VIIRS_NOAA20_SP
30.32168,75.45158,367.0,0.77,0.77,2023-11-21,905,N20,VIIRS,h,2,296.35,35.42,D,0,VIIRS_NOAA20_SP
30.32274,74.23392,348.48,0.65,0.73,2023-11-21,905,N20,VIIRS,n,2,295.31,7.11,D,0,VIIRS_NOAA20_SP
30.32568,74.61718,367.0,0.69,0.74,2023-11-21,905,N20,VIIRS,h,2,293.08,14.86,D,0,VIIRS_NOAA20_SP
30.32603,75.44975,348.4,0.77,0.77,2023-11-21,905,N20,VIIRS,n,2,294.39,19.75,D,0,VIIRS_NOAA20_SP
30.3297,75.47591,334.43,0.77,0.78,2023-11-21,905,N20,VIIRS,n,2,295.88,7.55,D,0,VIIRS_NOAA20_SP
30.33349,74.10816,343.3,0.64,0.72,2023-11-21,905,N20,VIIRS,n,2,296.34,7.04,D,0,VIIRS_NOAA20_SP
30.33727,74.11003,351.3,0.64,0.72,2023-11-21,905,N20,VIIRS,n,2,296.44,11.36,D,0,VIIRS_NOAA20_SP
30.33815,75.30502,353.98,0.76,0.77,2023-11-21,905,N20,VIIRS,n,2,298.42,13.34,D,0,VIIRS_NOAA20_SP
30.33844,75.31305,344.31,0.76,0.77,2023-11-21,905,N20,VIIRS,n,2,294.66,13.34,D,0,VIIRS_NOAA20_SP
30.34463,74.12333,341.45,0.64,0.72,2023-11-21,905,N20,VIIRS,n,2,295.93,8.37,D,0,VIIRS_NOAA20_SP
30.34495,74.1301,367.0,0.64,0.72,2023-11-21,905,N20,VIIRS,h,2,295.0,8.37,D,0,VIIRS_NOAA20_SP
30.34629,75.13808,345.07,0.74,0.76,2023-11-21,905,N20,VIIRS,n,2,295.98,7.86,D,0,VIIRS_NOAA20_SP
30.34777,74.12791,352.58,0.64,0.72,2023-11-21,905,N20,VIIRS,n,2,296.57,14.34,D,0,VIIRS_NOAA20_SP
30.34779,74.33723,336.9,0.66,0.73,2023-11-21,905,N20,VIIRS,n,2,293.9,3.98,D,0,VIIRS_NOAA20_SP
30.34943,74.3353,336.41,0.66,0.73,2023-11-21,905,N20,VIIRS,n,2,294.33,4.96,D,0,VIIRS_NOAA20_SP
30.38349,74.52052,341.34,0.68,0.74,2023-11-21,905,N20,VIIRS,n,2,296.61,9.28,D,0,VIIRS_NOAA20_SP
30.38408,74.51868,354.04,0.68,0.74,2023-11-21,905,N20,VIIRS,n,2,297.9,11.57,D,0,VIIRS_NOAA20_SP
30.38437,74.52586,348.46,0.68,0.74,2023-11-21,905,N20,VIIRS,n,2,295.55,11.57,D,0,VIIRS_NOAA20_SP
30.38639,74.43449,332.33,0.67,0.74,2023-11-21,905,N20,VIIRS,n,2,295.94,4.0,D,0,VIIRS_NOAA20_SP
30.38968,75.04174,352.69,0.73,0.76,2023-11-21,905,N20,VIIRS,n,2,295.72,11.45,D,0,VIIRS_NOAA20_SP
30.39035,74.52026,355.89,0.68,0.74,2023-11-21,905,N20,VIIRS,n,2,297.38,9.28,D,0,VIIRS_NOAA20_SP
30.3921,75.04292,352.47,0.73,0.76,2023-11-21,905,N20,VIIRS,n,2,295.86,12.45,D,0,VIIRS_NOAA20_SP
30.3933,75.64024,367.0,0.79,0.78,2023-11-21,905,N20,VIIRS,h,2,297.96,17.21,D,0,VIIRS_NOAA20_SP
30.39469,75.6396,367.0,0.79,0.78,2023-11-21,905,N20,VIIRS,h,2,296.66,21.62,D,0,VIIRS_NOAA20_SP
30.39847,75.5814,334.24,0.79,0.78,2023-11-21,905,N20,VIIRS,n,2,296.16,11.3,D,0,VIIRS_NOAA20_SP
30.39877,75.58974,353.14,0.79,0.78,2023-11-21,905,N20,VIIRS,n,2,294.76,11.3,D,0,VIIRS_NOAA20_SP
30.40001,73.94334,332.88,0.63,0.72,2023-11-21,905,N20,VIIRS,n,2,295.33,8.02,D,0,VIIRS_NOAA20_SP
30.40018,75.58065,334.65,0.79,0.78,2023-11-21,905,N20,VIIRS,n,2,296.15,14.5,D,0,VIIRS_NOAA20_SP
30.40044,75.589,351.21,0.79,0.78,2023-11-21,905,N20,VIIRS,n,2,295.1,16.75,D,0,VIIRS_NOAA20_SP
30.40827,74.12494,344.45,0.64,0.72,2023-11-21,905,N20,VIIRS,n,2,295.48,8.07,D,0,VIIRS_NOAA20_SP
30.41685,74.64822,345.53,0.69,0.74,2023-11-21,905,N20,VIIRS,n,2,296.48,10.33,D,0,VIIRS_NOAA20_SP
30.41714,74.65557,345.91,0.69,0.74,2023-11-21,905,N20,VIIRS,n,2,294.33,10.33,D,0,VIIRS_NOAA20_SP
30.4196,74.22745,367.0,0.65,0.73,2023-11-21,905,N20,VIIRS,h,2,294.36,20.5,D,0,VIIRS_NOAA20_SP
30.41991,74.23431,328.68,0.65,0.73,2023-11-21,905,N20,VIIRS,n,2,293.24,7.09,D,0,VIIRS_NOAA20_SP
30.42636,75.07919,367.0,0.73,0.76,2023-11-21,905,N20,VIIRS,h,2,299.42,18.23,D,0,VIIRS_NOAA20_SP
30.42811,74.03938,339.08,0.64,0.72,2023-11-21,905,N20,VIIRS,n,2,295.97,6.29,D,0,VIIRS_NOAA20_SP
30.43273,74.53095,330.22,0.68,0.74,2023-11-21,905,N20,VIIRS,n,2,293.68,5.03,D,0,VIIRS_NOAA20_SP
30.43831,74.19211,335.66,0.65,0.73,2023-11-21,905,N20,VIIRS,n,2,297.13,10.19,D,0,VIIRS_NOAA20_SP
30.43859,71.67477,355.12,0.46,0.63,2023-11-21,905,N20,VIIRS,n,2,298.87,6.9,D,0,VIIRS_NOAA20_SP
30.43888,71.6796,341.62,0.46,0.63,2023-11-21,905,N20,VIIRS,n,2,295.25,6.9,D,0,VIIRS_NOAA20_SP
30.44006,71.67826,367.0,0.46,0.63,2023-11-21,905,N20,VIIRS,h,2,297.76,12.64,D,0,VIIRS_NOAA20_SP
30.44117,74.19574,339.46,0.65,0.73,2023-11-21,905,N20,VIIRS,n,2,295.73,6.86,D,0,VIIRS_NOAA20_SP
30.44791,74.1954,353.31,0.65,0.73,2023-11-21,905,N20,VIIRS,n,2,295.86,6.86,D,0,VIIRS_NOAA20_SP
30.44801,74.56654,334.55,0.68,0.74,2023-11-21,905,N20,VIIRS,n,2,295.32,5.03,D,0,VIIRS_NOAA20_SP
30.44903,74.22305,349.68,0.65,0.73,2023-11-21,905,N20,VIIRS,n,2,296.28,6.65,D,0,VIIRS_NOAA20_SP
30.4493,74.22997,334.65,0.65,0.73,2023-11-21,905,N20,VIIRS,n,2,294.08,6.65,D,0,VIIRS_NOAA20_SP
30.45181,71.69811,348.65,0.46,0.64,2023-11-21,905,N20,VIIRS,n,2,297.26,5.26,D,0,VIIRS_NOAA20_SP
30.45181,74.19151,330.19,0.65,0.73,2023-11-21,905,N20,VIIRS,n,2,296.2,8.89,D,0,VIIRS_NOAA20_SP
30.45213,74.19839,367.0,0.65,0.73,2023-11-21,905,N20,VIIRS,h,2,295.16,8.89,D,0,VIIRS_NOAA20_SP
30.45276,71.96465,338.54,0.48,0.64,2023-11-21,905,N20,VIIRS,n,2,296.97,3.41,D,0,VIIRS_NOAA20_SP
30.45341,74.22598,345.06,0.65,0.73,2023-11-21,905,N20,VIIRS,n,2,295.58,12.55,D,0,VIIRS_NOAA20_SP
30.45467,74.19508,348.91,0.65,0.73,2023-11-21,905,N20,VIIRS,n,2,296.06,7.38,D,0,VIIRS_NOAA20_SP
30.45621,74.00084,340.59,0.63,0.72,2023-11-21,905,N20,VIIRS,n,2,295.88,7.09,D,0,VIIRS_NOAA20_SP
30.45986,73.99729,367.0,0.63,0.72,2023-11-21,905,N20,VIIRS,h,2,298.05,9.7,D,0,VIIRS_NOAA20_SP
30.46043,74.0107,338.23,0.63,0.72,2023-11-21,905,N20,VIIRS,n,2,296.26,8.54,D,0,VIIRS_NOAA20_SP
30.46113,74.24644,328.01,0.65,0.73,2023-11-21,905,N20,VIIRS,n,2,295.47,4.42,D,0,VIIRS_NOAA20_SP
30.46158,74.03762,367.0,0.64,0.72,2023-11-21,905,N20,VIIRS,h,2,297.52,14.95,D,0,VIIRS_NOAA20_SP
30.46187,74.04435,328.84,0.64,0.72,2023-11-21,905,N20,VIIRS,n,2,293.45,9.61,D,0,VIIRS_NOAA20_SP
30.46354,74.01394,332.85,0.63,0.72,2023-11-21,905,N20,VIIRS,n,2,295.84,5.53,D,0,VIIRS_NOAA20_SP
30.46474,74.11219,339.49,0.64,0.72,2023-11-21,905,N20,VIIRS,n,2,296.61,5.46,D,0,VIIRS_NOAA20_SP
30.46486,74.04082,367.0,0.64,0.72,2023-11-21,905,N20,VIIRS,h,2,295.71,13.26,D,0,VIIRS_NOAA20_SP
30.46502,74.11901,332.37,0.64,0.72,2023-11-21,905,N20,VIIRS,n,2,295.32,5.46,D,0,VIIRS_NOAA20_SP
30.46712,74.01038,348.74,0.63,0.72,2023-11-21,905,N20,VIIRS,n,2,296.8,8.54,D,0,VIIRS_NOAA20_SP
30.46819,74.88516,367.0,0.71,0.75,2023-11-21,905,N20,VIIRS,h,2,297.07,20.37,D,0,VIIRS_NOAA20_SP
30.46846,74.11533,342.65,0.64,0.72,2023-11-21,905,N20,VIIRS,n,2,296.67,6.83,D,0,VIIRS_NOAA20_SP
30.46855,74.26001,341.97,0.66,0.73,2023-11-21,905,N20,VIIRS,n,2,297.01,11.25,D,0,VIIRS_NOAA20_SP
30.46887,74.26696,353.89,0.66,0.73,2023-11-21,905,N20,VIIRS,n,2,295.02,11.25,D,0,VIIRS_NOAA20_SP
30.47023,74.01363,346.53,0.63,0.72,2023-11-21,905,N20,VIIRS,n,2,295.88,5.53,D,0,VIIRS_NOAA20_SP
30.47101,74.26367,367.0,0.66,0.73,2023-11-21,905,N20,VIIRS,h,2,299.4,19.85,D,0,VIIRS_NOAA20_SP
30.4738,74.88228,367.0,0.72,0.75,2023-11-21,905,N20,VIIRS,h,2,300.13,32.53,D,0,VIIRS_NOAA20_SP
30.47518,74.88491,335.14,0.71,0.75,2023-11-21,905,N20,VIIRS,n,2,295.71,6.18,D,0,VIIRS_NOAA20_SP
30.48077,72.0868,352.1,0.49,0.65,2023-11-21,905,N20,VIIRS,n,2,297.88,7.98,D,0,VIIRS_NOAA20_SP
30.48373,74.08399,349.64,0.64,0.72,2023-11-21,905,N20,VIIRS,n,2,295.72,11.23,D,0,VIIRS_NOAA20_SP
30.49075,74.92242,339.2,0.72,0.75,2023-11-21,905,N20,VIIRS,n,2,296.38,10.55,D,0,VIIRS_NOAA20_SP
30.49617,74.91949,350.25,0.72,0.76,2023-11-21,905,N20,VIIRS,n,2,296.97,9.14,D,0,VIIRS_NOAA20_SP
30.49818,70.99364,329.36,0.42,0.61,2023-11-21,905,N20,VIIRS,n,2,296.7,2.49,D,0,VIIRS_NOAA20_SP
30.51167,74.26182,330.58,0.66,0.73,2023-11-21,905,N20,VIIRS,n,2,296.32,4.2,D,0,VIIRS_NOAA20_SP
30.51257,74.28275,328.85,0.66,0.73,2023-11-21,905,N20,VIIRS,n,2,295.22,2.88,D,0,VIIRS_NOAA20_SP
30.52113,75.02634,339.32,0.73,0.76,2023-11-21,905,N20,VIIRS,n,2,295.66,7.2,D,0,VIIRS_NOAA20_SP
30.53225,74.58929,351.75,0.69,0.74,2023-11-21,905,N20,VIIRS,n,2,294.09,11.3,D,0,VIIRS_NOAA20_SP
30.53734,74.54533,354.02,0.68,0.74,2023-11-21,905,N20,VIIRS,n,2,296.16,11.45,D,0,VIIRS_NOAA20_SP
30.54025,74.14286,348.85,0.65,0.73,2023-11-21,905,N20,VIIRS,n,2,296.24,6.78,D,0,VIIRS_NOAA20_SP
30.54285,74.141,349.27,0.65,0.73,2023-11-21,905,N20,VIIRS,n,2,296.44,6.35,D,0,VIIRS_NOAA20_SP
30.54437,74.89469,344.44,0.72,0.75,2023-11-21,905,N20,VIIRS,n,2,296.09,7.39,D,0,VIIRS_NOAA20_SP
30.55241,74.41522,347.46,0.67,0.74,2023-11-21,905,N20,VIIRS,n,2,295.02,10.16,D,0,VIIRS_NOAA20_SP
30.55345,74.41365,352.41,0.67,0.74,2023-11-21,905,N20,VIIRS,n,2,295.71,12.56,D,0,VIIRS_NOAA20_SP
30.55668,74.89315,334.95,0.72,0.75,2023-11-21,905,N20,VIIRS,n,2,296.49,8.25,D,0,VIIRS_NOAA20_SP
30.55838,74.89412,334.21,0.72,0.75,2023-11-21,905,N20,VIIRS,n,2,295.85,5.17,D,0,VIIRS_NOAA20_SP
30.56141,74.16249,328.29,0.65,0.73,2023-11-21,905,N20,VIIRS,n,2,295.2,3.48,D,0,VIIRS_NOAA20_SP
30.56389,74.16058,329.89,0.65,0.73,2023-11-21,905,N20,VIIRS,n,2,295.28,4.04,D,0,VIIRS_NOAA20_SP
30.56418,74.16747,334.21,0.65,0.73,2023-11-21,905,N20,VIIRS,n,2,294.66,4.06,D,0,VIIRS_NOAA20_SP
30.56719,74.14158,336.51,0.65,0.73,2023-11-21,905,N20,VIIRS,n,2,295.9,4.09,D,0,VIIRS_NOAA20_SP
30.56848,74.16908,330.39,0.65,0.73,2023-11-21,905,N20,VIIRS,n,2,294.55,3.48,D,0,VIIRS_NOAA20_SP
30.56979,74.13964,337.55,0.65,0.73,2023-11-21,905,N20,VIIRS,n,2,296.89,5.38,D,0,VIIRS_NOAA20_SP
30.57171,74.23827,367.0,0.66,0.73,2023-11-21,905,N20,VIIRS,h,2,298.16,26.95,D,0,VIIRS_NOAA20_SP
30.57228,74.37009,348.06,0.67,0.73,2023-11-21,905,N20,VIIRS,n,2,294.51,12.32,D,0,VIIRS_NOAA20_SP
30.57375,74.2364,367.0,0.66,0.73,2023-11-21,905,N20,VIIRS,h,2,300.24,23.85,D,0,VIIRS_NOAA20_SP
30.58297,74.13213,342.33,0.65,0.73,2023-11-21,905,N20,VIIRS,n,2,296.92,7.36,D,0,VIIRS_NOAA20_SP
30.58439,75.60618,343.57,0.79,0.78,2023-11-21,905,N20,VIIRS,n,2,295.32,6.68,D,0,VIIRS_NOAA20_SP
30.58583,75.60577,344.42,0.79,0.78,2023-11-21,905,N20,VIIRS,n,2,295.1,7.69,D,0,VIIRS_NOAA20_SP
30.58688,74.27249,338.57,0.66,0.73,2023-11-21,905,N20,VIIRS,n,2,296.2,5.1,D,0,VIIRS_NOAA20_SP
30.58844,74.26361,334.36,0.66,0.73,2023-11-21,905,N20,VIIRS,n,2,296.0,9.08,D,0,VIIRS_NOAA20_SP
30.58873,74.2706,353.19,0.66,0.73,2023-11-21,905,N20,VIIRS,n,2,296.18,9.08,D,0,VIIRS_NOAA20_SP
30.58887,74.95426,334.45,0.72,0.76,2023-11-21,905,N20,VIIRS,n,2,293.91,7.89,D,0,VIIRS_NOAA20_SP
30.59174,74.17995,351.31,0.65,0.73,2023-11-21,905,N20,VIIRS,n,2,296.66,9.1,D,0,VIIRS_NOAA20_SP
30.59385,74.95294,341.61,0.72,0.76,2023-11-21,905,N20,VIIRS,n,2,294.12,8.06,D,0,VIIRS_NOAA20_SP
30.59758,75.36556,346.52,0.77,0.77,2023-11-21,905,N20,VIIRS,n,2,297.36,7.37,D,0,VIIRS_NOAA20_SP
30.60025,74.22118,327.51,0.65,0.73,2023-11-21,905,N20,VIIRS,n,2,294.26,2.54,D,0,VIIRS_NOAA20_SP
30.60033,75.36476,339.38,0.77,0.77,2023-11-21,905,N20,VIIRS,n,2,295.81,6.11,D,0,VIIRS_NOAA20_SP
30.60434,74.31906,344.75,0.66,0.73,2023-11-21,905,N20,VIIRS,n,2,294.86,5.97,D,0,VIIRS_NOAA20_SP
30.61588,71.69373,344.13,0.46,0.64,2023-11-21,905,N20,VIIRS,n,2,297.08,4.0,D,0,VIIRS_NOAA20_SP
30.61686,75.00614,336.13,0.73,0.76,2023-11-21,905,N20,VIIRS,n,2,292.85,5.48,D,0,VIIRS_NOAA20_SP
30.61845,74.17181,346.13,0.65,0.73,2023-11-21,905,N20,VIIRS,n,2,296.32,9.19,D,0,VIIRS_NOAA20_SP
30.61922,75.00725,335.75,0.73,0.76,2023-11-21,905,N20,VIIRS,n,2,292.94,4.0,D,0,VIIRS_NOAA20_SP
30.61928,71.74751,339.26,0.47,0.64,2023-11-21,905,N20,VIIRS,n,2,299.81,5.9,D,0,VIIRS_NOAA20_SP
30.61959,71.75241,336.51,0.47,0.64,2023-11-21,905,N20,VIIRS,n,2,296.24,5.89,D,0,VIIRS_NOAA20_SP
30.62001,71.68974,353.42,0.46,0.64,2023-11-21,905,N20,VIIRS,n,2,299.61,6.9,D,0,VIIRS_NOAA20_SP
30.6233,72.21072,328.24,0.5,0.65,2023-11-21,905,N20,VIIRS,n,2,295.92,4.98,D,0,VIIRS_NOAA20_SP
30.62449,71.76818,332.09,0.47,0.64,2023-11-21,905,N20,VIIRS,n,2,295.98,5.64,D,0,VIIRS_NOAA20_SP
30.62643,71.76672,345.6,0.47,0.64,2023-11-21,905,N20,VIIRS,n,2,298.08,4.43,D,0,VIIRS_NOAA20_SP
30.62753,72.17895,355.74,0.49,0.65,2023-11-21,905,N20,VIIRS,n,2,299.92,7.22,D,0,VIIRS_NOAA20_SP
30.63286,74.1919,331.31,0.65,0.73,2023-11-21,905,N20,VIIRS,n,2,295.18,5.92,D,0,VIIRS_NOAA20_SP
30.63642,74.77628,349.41,0.71,0.75,2023-11-21,905,N20,VIIRS,n,2,296.05,8.39,D,0,VIIRS_NOAA20_SP
30.63871,72.1625,329.55,0.49,0.65,2023-11-21,905,N20,VIIRS,n,2,296.99,5.54,D,0,VIIRS_NOAA20_SP
30.63993,74.1985,367.0,0.65,0.73,2023-11-21,905,N20,VIIRS,h,2,297.36,11.37,D,0,VIIRS_NOAA20_SP
30.64247,74.19898,367.0,0.65,0.73,2023-11-21,905,N20,VIIRS,h,2,295.77,13.57,D,0,VIIRS_NOAA20_SP
30.64787,72.21432,349.36,0.5,0.66,2023-11-21,905,N20,VIIRS,n,2,297.46,7.91,D,0,VIIRS_NOAA20_SP
30.64885,72.21091,337.7,0.5,0.66,2023-11-21,905,N20,VIIRS,n,2,297.48,4.53,D,0,VIIRS_NOAA20_SP
30.64913,72.21616,339.77,0.5,0.66,2023-11-21,905,N20,VIIRS,n,2,295.45,4.53,D,0,VIIRS_NOAA20_SP
30.65407,74.21178,335.06,0.65,0.73,2023-11-21,905,N20,VIIRS,n,2,295.97,4.04,D,0,VIIRS_NOAA20_SP
30.65475,71.88075,367.0,0.47,0.64,2023-11-21,905,N20,VIIRS,h,2,298.66,9.5,D,0,VIIRS_NOAA20_SP
30.65654,74.21221,338.43,0.65,0.73,2023-11-21,905,N20,VIIRS,n,2,296.04,5.77,D,0,VIIRS_NOAA20_SP
30.65742,71.87919,367.0,0.47,0.64,2023-11-21,905,N20,VIIRS,h,2,301.21,11.5,D,0,VIIRS_NOAA20_SP
30.66013,71.87032,329.83,0.47,0.64,2023-11-21,905,N20,VIIRS,n,2,296.57,8.41,D,0,VIIRS_NOAA20_SP
30.66273,74.25324,328.56,0.66,0.73,2023-11-21,905,N20,VIIRS,n,2,295.22,5.36,D,0,VIIRS_NOAA20_SP
30.66304,74.26022,327.6,0.66,0.73,2023-11-21,905,N20,VIIRS,n,2,294.37,6.0,D,0,VIIRS_NOAA20_SP
30.66496,74.25372,331.99,0.66,0.73,2023-11-21,905,N20,VIIRS,n,2,294.94,5.67,D,0,VIIRS_NOAA20_SP
30.66792,74.21813,337.91,0.65,0.73,2023-11-21,905,N20,VIIRS,n,2,297.31,10.19,D,0,VIIRS_NOAA20_SP
30.66824,74.22508,354.63,0.66,0.73,2023-11-21,905,N20,VIIRS,n,2,295.22,10.19,D,0,VIIRS_NOAA20_SP
30.66891,74.93631,341.77,0.72,0.76,2023-11-21,905,N20,VIIRS,n,2,294.22,10.59,D,0,VIIRS_NOAA20_SP
30.67035,74.21852,348.05,0.66,0.73,2023-11-21,905,N20,VIIRS,n,2,298.54,13.76,D,0,VIIRS_NOAA20_SP
30.67057,74.93464,351.76,0.72,0.76,2023-11-21,905,N20,VIIRS,n,2,295.24,8.41,D,0,VIIRS_NOAA20_SP
30.67063,74.22548,344.27,0.66,0.73,2023-11-21,905,N20,VIIRS,n,2,294.85,12.89,D,0,VIIRS_NOAA20_SP
30.68372,74.26637,346.19,0.66,0.73,2023-11-21,905,N20,VIIRS,n,2,296.56,9.53,D,0,VIIRS_NOAA20_SP
30.68587,74.26676,341.86,0.66,0.73,2023-11-21,905,N20,VIIRS,n,2,296.37,6.85,D,0,VIIRS_NOAA20_SP
30.68804,75.20834,337.37,0.75,0.77,2023-11-21,905,N20,VIIRS,n,2,294.49,7.66,D,0,VIIRS_NOAA20_SP
30.70071,75.04364,367.0,0.73,0.76,2023-11-21,905,N20,VIIRS,h,2,297.84,21.19,D,0,VIIRS_NOAA20_SP
30.70093,71.95341,332.73,0.48,0.65,2023-11-21,905,N20,VIIRS,n,2,296.46,3.6,D,0,VIIRS_NOAA20_SP
30.70298,75.04198,353.74,0.73,0.76,2023-11-21,905,N20,VIIRS,n,2,296.84,11.02,D,0,VIIRS_NOAA20_SP
30.70329,75.04977,339.2,0.73,0.76,2023-11-21,905,N20,VIIRS,n,2,294.05,11.02,D,0,VIIRS_NOAA20_SP
30.70662,71.94792,353.85,0.48,0.65,2023-11-21,905,N20,VIIRS,n,2,296.8,9.03,D,0,VIIRS_NOAA20_SP
30.70946,71.79667,350.31,0.47,0.64,2023-11-21,905,N20,VIIRS,n,2,299.36,5.1,D,0,VIIRS_NOAA20_SP
30.7129,71.95258,367.0,0.48,0.65,2023-11-21,905,N20,VIIRS,h,2,297.67,9.03,D,0,VIIRS_NOAA20_SP
30.72193,71.80573,339.61,0.47,0.64,2023-11-21,905,N20,VIIRS,n,2,296.32,4.84,D,0,VIIRS_NOAA20_SP
30.72245,74.32858,367.0,0.67,0.73,2023-11-21,905,N20,VIIRS,h,2,297.98,14.17,D,0,VIIRS_NOAA20_SP
30.72594,74.95716,367.0,0.73,0.76,2023-11-21,905,N20,VIIRS,h,2,298.65,27.8,D,0,VIIRS_NOAA20_SP
30.74032,71.91,336.25,0.48,0.64,2023-11-21,905,N20,VIIRS,n,2,295.56,3.72,D,0,VIIRS_NOAA20_SP
30.74055,72.01199,330.99,0.48,0.65,2023-11-21,905,N20,VIIRS,n,2,295.74,1.84,D,0,VIIRS_NOAA20_SP
30.74258,74.32061,327.44,0.66,0.73,2023-11-21,905,N20,VIIRS,n,2,295.66,2.76,D,0,VIIRS_NOAA20_SP
30.74336,71.90801,338.96,0.48,0.64,2023-11-21,905,N20,VIIRS,n,2,295.88,4.06,D,0,VIIRS_NOAA20_SP
30.74401,74.31886,329.39,0.67,0.73,2023-11-21,905,N20,VIIRS,n,2,296.92,3.89,D,0,VIIRS_NOAA20_SP
30.74499,71.98606,350.53,0.48,0.65,2023-11-21,905,N20,VIIRS,n,2,303.68,15.13,D,0,VIIRS_NOAA20_SP
30.7453,71.99117,352.26,0.48,0.65,2023-11-21,905,N20,VIIRS,n,2,294.83,15.13,D,0,VIIRS_NOAA20_SP
30.74757,71.98416,346.86,0.48,0.65,2023-11-21,905,N20,VIIRS,n,2,298.52,18.02,D,0,VIIRS_NOAA20_SP
30.74785,71.98927,367.0,0.48,0.65,2023-11-21,905,N20,VIIRS,h,2,298.62,23.83,D,0,VIIRS_NOAA20_SP
30.75318,72.02139,337.32,0.48,0.65,2023-11-21,905,N20,VIIRS,n,2,297.21,2.89,D,0,VIIRS_NOAA20_SP
30.75495,74.97929,335.44,0.73,0.76,2023-11-21,905,N20,VIIRS,n,2,294.43,7.22,D,0,VIIRS_NOAA20_SP
30.75555,72.01953,331.8,0.48,0.65,2023-11-21,905,N20,VIIRS,n,2,297.1,2.68,D,0,VIIRS_NOAA20_SP
30.76036,75.12807,330.38,0.74,0.76,2023-11-21,905,N20,VIIRS,n,2,294.97,4.95,D,0,VIIRS_NOAA20_SP
30.78049,70.91239,337.53,0.42,0.61,2023-11-21,905,N20,VIIRS,n,2,299.95,3.34,D,0,VIIRS_NOAA20_SP
30.78502,74.89222,328.81,0.72,0.76,2023-11-21,905,N20,VIIRS,n,2,296.18,3.56,D,0,VIIRS_NOAA20_SP
30.78686,74.89349,331.13,0.72,0.76,2023-11-21,905,N20,VIIRS,n,2,296.73,5.84,D,0,VIIRS_NOAA20_SP
30.79872,75.01665,367.0,0.73,0.76,2023-11-21,905,N20,VIIRS,h,2,298.73,19.11,D,0,VIIRS_NOAA20_SP
30.79878,74.884,330.23,0.72,0.76,2023-11-21,905,N20,VIIRS,n,2,295.83,3.62,D,0,VIIRS_NOAA20_SP
30.80058,74.88535,331.26,0.72,0.75,2023-11-21,905,N20,VIIRS,n,2,296.06,8.18,D,0,VIIRS_NOAA20_SP
30.80323,75.01521,367.0,0.73,0.76,2023-11-21,905,N20,VIIRS,h,2,299.67,24.38,D,0,VIIRS_NOAA20_SP
30.81973,75.08521,335.18,0.74,0.76,2023-11-21,905,N20,VIIRS,n,2,296.21,5.24,D,0,VIIRS_NOAA20_SP
30.82269,75.08641,335.59,0.74,0.76,2023-11-21,905,N20,VIIRS,n,2,296.2,4.62,D,0,VIIRS_NOAA20_SP
30.84589,72.22237,342.13,0.5,0.66,2023-11-21,905,N20,VIIRS,n,2,296.44,4.42,D,0,VIIRS_NOAA20_SP
30.8541,75.25987,338.71,0.76,0.77,2023-11-21,905,N20,VIIRS,n,2,293.26,5.9,D,0,VIIRS_NOAA20_SP
30.87033,75.31613,338.68,0.76,0.77,2023-11-21,905,N20,VIIRS,n,2,294.16,6.71,D,0,VIIRS_NOAA20_SP
30.87213,74.81358,335.51,0.71,0.75,2023-11-21,905,N20,VIIRS,n,2,296.38,5.44,D,0,VIIRS_NOAA20_SP
30.87469,75.11662,367.0,0.74,0.76,2023-11-21,905,N20,VIIRS,h,2,297.14,18.16,D,0,VIIRS_NOAA20_SP
30.87757,75.11494,367.0,0.74,0.76,2023-11-21,905,N20,VIIRS,h,2,296.01,17.57,D,0,VIIRS_NOAA20_SP
30.88942,72.23544,327.83,0.5,0.66,2023-11-21,905,N20,VIIRS,n,2,295.87,3.92,D,0,VIIRS_NOAA20_SP
30.893,71.95772,328.47,0.48,0.65,2023-11-21,905,N20,VIIRS,n,2,294.88,1.86,D,0,VIIRS_NOAA20_SP
30.89674,75.13967,336.68,0.75,0.77,2023-11-21,905,N20,VIIRS,n,2,295.26,4.85,D,0,VIIRS_NOAA20_SP
30.89773,74.74435,349.45,0.71,0.75,2023-11-21,905,N20,VIIRS,n,2,297.36,9.39,D,0,VIIRS_NOAA20_SP
30.89848,74.74342,343.99,0.71,0.75,2023-11-21,905,N20,VIIRS,n,2,297.3,10.38,D,0,VIIRS_NOAA20_SP
30.89975,75.13805,338.29,0.75,0.77,2023-11-21,905,N20,VIIRS,n,2,296.14,5.07,D,0,VIIRS_NOAA20_SP
30.91877,71.98673,355.38,0.48,0.65,2023-11-21,905,N20,VIIRS,n,2,298.8,6.89,D,0,VIIRS_NOAA20_SP
30.91908,71.99187,335.21,0.48,0.65,2023-11-21,905,N20,VIIRS,n,2,295.74,6.89,D,0,VIIRS_NOAA20_SP
30.95261,74.71957,338.71,0.7,0.75,2023-11-21,905,N20,VIIRS,n,2,295.75,8.28,D,0,VIIRS_NOAA20_SP
30.99511,75.10454,337.43,0.74,0.76,2023-11-21,905,N20,VIIRS,n,2,295.62,8.58,D,0,VIIRS_NOAA20_SP
30.9954,75.11247,339.64,0.74,0.76,2023-11-21,905,N20,VIIRS,n,2,293.54,8.58,D,0,VIIRS_NOAA20_SP
30.99609,74.79631,332.26,0.71,0.75,2023-11-21,905,N20,VIIRS,n,2,294.15,4.73,D,0,VIIRS_NOAA20_SP
30.99912,75.10754,367.0,0.74,0.76,2023-11-21,905,N20,VIIRS,h,2,296.25,15.83,D,0,VIIRS_NOAA20_SP
31.0186,75.57152,335.89,0.79,0.78,2023-11-21,905,N20,VIIRS,n,2,293.29,9.61,D,0,VIIRS_NOAA20_SP
31.03646,75.16222,345.2,0.75,0.77,2023-11-21,905,N20,VIIRS,n,2,293.68,8.61,D,0,VIIRS_NOAA20_SP
31.0371,75.08739,367.0,0.74,0.76,2023-11-21,905,N20,VIIRS,h,2,294.38,15.28,D,0,VIIRS_NOAA20_SP
31.03986,75.15908,356.26,0.75,0.77,2023-11-21,905,N20,VIIRS,n,2,295.23,12.51,D,0,VIIRS_NOAA20_SP
31.04094,75.08225,367.0,0.74,0.76,2023-11-21,905,N20,VIIRS,h,2,297.42,17.54,D,0,VIIRS_NOAA20_SP
31.04358,75.16197,339.14,0.75,0.77,2023-11-21,905,N20,VIIRS,n,2,292.93,8.61,D,0,VIIRS_NOAA20_SP
31.04803,75.08202,337.88,0.74,0.76,2023-11-21,905,N20,VIIRS,n,2,294.5,7.46,D,0,VIIRS_NOAA20_SP
31.06928,72.24809,334.93,0.5,0.66,2023-11-21,905,N20,VIIRS,n,2,294.63,3.78,D,0,VIIRS_NOAA20_SP
31.06968,72.24488,336.19,0.5,0.66,2023-11-21,905,N20,VIIRS,n,2,295.05,4.6,D,0,VIIRS_NOAA20_SP
31.09489,75.08222,327.39,0.74,0.76,2023-11-21,905,N20,VIIRS,n,2,294.53,5.34,D,0,VIIRS_NOAA20_SP
31.11087,73.6833,329.76,0.61,0.71,2023-11-21,905,N20,VIIRS,n,2,294.13,3.5,D,0,VIIRS_NOAA20_SP
31.20995,73.57192,335.88,0.61,0.71,2023-11-21,905,N20,VIIRS,n,2,294.9,4.47,D,0,VIIRS_NOAA20_SP
31.24252,73.7075,339.88,0.62,0.71,2023-11-21,905,N20,VIIRS,n,2,295.34,8.86,D,0,VIIRS_NOAA20_SP
31.24734,73.70713,337.11,0.62,0.71,2023-11-21,905,N20,VIIRS,n,2,293.76,7.51,D,0,VIIRS_NOAA20_SP
31.29072,73.74493,354.41,0.62,0.71,2023-11-21,905,N20,VIIRS,n,2,296.37,8.5,D,0,VIIRS_NOAA20_SP
31.29533,73.74443,355.62,0.62,0.71,2023-11-21,905,N20,VIIRS,n,2,296.46,9.77,D,0,VIIRS_NOAA20_SP
31.42138,72.37656,331.78,0.52,0.67,2023-11-21,905,N20,VIIRS,n,2,294.35,5.3,D,0,VIIRS_NOAA20_SP
31.42162,72.37518,342.74,0.52,0.66,2023-11-21,905,N20,VIIRS,n,2,296.31,4.65,D,0,VIIRS_NOAA20_SP
31.447,72.51431,334.64,0.53,0.67,2023-11-21,905,N20,VIIRS,n,2,295.74,6.24,D,0,VIIRS_NOAA20_SP
31.47862,73.88173,328.26,0.63,0.72,2023-11-21,905,N20,VIIRS,n,2,294.34,2.98,D,0,VIIRS_NOAA20_SP
31.50222,73.87734,345.87,0.63,0.72,2023-11-21,905,N20,VIIRS,n,2,295.89,5.92,D,0,VIIRS_NOAA20_SP
31.50537,73.88053,367.0,0.63,0.72,2023-11-21,905,N20,VIIRS,h,2,296.91,17.48,D,0,VIIRS_NOAA20_SP
31.50891,73.87703,352.12,0.63,0.72,2023-11-21,905,N20,VIIRS,n,2,296.08,9.75,D,0,VIIRS_NOAA20_SP
31.52066,72.39498,331.31,0.52,0.67,2023-11-21,905,N20,VIIRS,n,2,295.81,3.13,D,0,VIIRS_NOAA20_SP
31.52229,73.87644,344.31,0.63,0.72,2023-11-21,905,N20,VIIRS,n,2,296.52,11.14,D,0,VIIRS_NOAA20_SP
31.53998,74.93691,329.37,0.73,0.76,2023-11-21,905,N20,VIIRS,n,2,295.1,5.89,D,0,VIIRS_NOAA20_SP
31.54242,74.93951,338.44,0.73,0.76,2023-11-21,905,N20,VIIRS,n,2,295.4,5.64,D,0,VIIRS_NOAA20_SP
31.59877,74.63256,334.05,0.7,0.75,2023-11-21,905,N20,VIIRS,n,2,295.46,3.81,D,0,VIIRS_NOAA20_SP
31.59972,74.63366,333.91,0.7,0.75,2023-11-21,905,N20,VIIRS,n,2,295.06,4.83,D,0,VIIRS_NOAA20_SP
31.60629,72.1545,329.29,0.5,0.66,2023-11-21,905,N20,VIIRS,n,2,298.4,4.61,D,0,VIIRS_NOAA20_SP
31.6071,72.15296,332.15,0.5,0.66,2023-11-21,905,N20,VIIRS,n,2,297.46,3.55,D,0,VIIRS_NOAA20_SP
31.60843,72.19211,348.87,0.5,0.66,2023-11-21,905,N20,VIIRS,n,2,300.31,10.8,D,0,VIIRS_NOAA20_SP
31.60874,72.19749,349.64,0.5,0.66,2023-11-21,905,N20,VIIRS,n,2,297.38,11.04,D,0,VIIRS_NOAA20_SP
31.60929,72.19604,367.0,0.51,0.66,2023-11-21,905,N20,VIIRS,h,2,298.01,16.02,D,0,VIIRS_NOAA20_SP
31.6181,72.49981,342.71,0.53,0.67,2023-11-21,905,N20,VIIRS,n,2,298.35,6.44,D,0,VIIRS_NOAA20_SP
31.61939,72.50083,346.55,0.53,0.67,2023-11-21,905,N20,VIIRS,n,2,298.08,5.33,D,0,VIIRS_NOAA20_SP
31.66802,73.48229,327.96,0.6,0.71,2023-11-21,905,N20,VIIRS,n,2,295.21,2.46,D,0,VIIRS_NOAA20_SP
31.66881,73.48237,327.15,0.6,0.71,2023-11-21,905,N20,VIIRS,n,2,295.25,3.15,D,0,VIIRS_NOAA20_SP
31.69861,73.42907,332.52,0.6,0.7,2023-11-21,905,N20,VIIRS,n,2,295.79,3.65,D,0,VIIRS_NOAA20_SP
31.69979,72.5117,348.51,0.53,0.67,2023-11-21,905,N20,VIIRS,n,2,297.77,8.13,D,0,VIIRS_NOAA20_SP
31.75616,74.37418,335.75,0.68,0.74,2023-11-21,905,N20,VIIRS,n,2,295.38,4.71,D,0,VIIRS_NOAA20_SP
31.76572,74.44756,336.02,0.69,0.74,2023-11-21,905,N20,VIIRS,n,2,294.85,5.64,D,0,VIIRS_NOAA20_SP
31.83265,74.39336,337.19,0.68,0.74,2023-11-21,905,N20,VIIRS,n,2,294.84,6.49,D,0,VIIRS_NOAA20_SP
31.65213,70.19335,339.17,0.38,0.59,2023-11-21,906,N20,VIIRS,n,2,298.47,4.59,D,0,VIIRS_NOAA20_SP
31.7252,72.69121,330.21,0.54,0.68,2023-11-21,906,N20,VIIRS,n,2,295.01,2.94,D,0,VIIRS_NOAA20_SP
31.73978,72.22252,340.45,0.51,0.66,2023-11-21,906,N20,VIIRS,n,2,297.38,4.72,D,0,VIIRS_NOAA20_SP
31.83289,74.39176,335.33,0.68,0.74,2023-11-21,906,N20,VIIRS,n,2,294.61,3.92,D,0,VIIRS_NOAA20_SP
31.8379,73.33649,327.35,0.59,0.7,2023-11-21,906,N20,VIIRS,n,2,296.19,2.11,D,0,VIIRS_NOAA20_SP
31.93186,74.4548,331.75,0.69,0.74,2023-11-21,906,N20,VIIRS,n,2,295.22,4.51,D,0,VIIRS_NOAA20_SP
31.93202,74.45573,327.17,0.69,0.74,2023-11-21,906,N20,VIIRS,n,2,294.8,9.59,D,0,VIIRS_NOAA20_SP
31.93231,74.91744,328.6,0.74,0.76,2023-11-21,906,N20,VIIRS,n,2,293.68,4.79,D,0,VIIRS_NOAA20_SP
31.93476,74.91576,331.73,0.73,0.76,2023-11-21,906,N20,VIIRS,n,2,293.3,4.16,D,0,VIIRS_NOAA20_SP
31.94868,73.19148,333.88,0.58,0.7,2023-11-21,906,N20,VIIRS,n,2,295.22,4.61,D,0,VIIRS_NOAA20_SP
31.94887,73.186,334.2,0.58,0.7,2023-11-21,906,N20,VIIRS,n,2,296.57,4.15,D,0,VIIRS_NOAA20_SP
31.94998,73.51175,335.39,0.61,0.71,2023-11-21,906,N20,VIIRS,n,2,296.46,5.9,D,0,VIIRS_NOAA20_SP
31.95808,73.25401,329.2,0.59,0.7,2023-11-21,906,N20,VIIRS,n,2,296.41,3.3,D,0,VIIRS_NOAA20_SP
31.95816,73.25496,329.31,0.59,0.7,2023-11-21,906,N20,VIIRS,n,2,296.02,2.95,D,0,VIIRS_NOAA20_SP
31.97099,70.92944,342.41,0.43,0.62,2023-11-21,906,N20,VIIRS,n,2,296.5,3.94,D,0,VIIRS_NOAA20_SP
31.97425,73.33043,339.15,0.59,0.7,2023-11-21,906,N20,VIIRS,n,2,295.22,5.71,D,0,VIIRS_NOAA20_SP
31.97461,73.32937,345.46,0.59,0.7,2023-11-21,906,N20,VIIRS,n,2,296.53,7.0,D,0,VIIRS_NOAA20_SP
31.97973,73.30463,354.45,0.59,0.7,2023-11-21,906,N20,VIIRS,n,2,298.42,10.97,D,0,VIIRS_NOAA20_SP
31.97993,73.30363,335.78,0.59,0.7,2023-11-21,906,N20,VIIRS,n,2,297.29,5.59,D,0,VIIRS_NOAA20_SP
31.98023,73.30998,339.18,0.59,0.7,2023-11-21,906,N20,VIIRS,n,2,295.7,5.59,D,0,VIIRS_NOAA20_SP
32.0033,73.56318,327.5,0.61,0.71,2023-11-21,906,N20,VIIRS,n,2,294.39,2.43,D,0,VIIRS_NOAA20_SP
32.00503,73.56187,332.86,0.61,0.71,2023-11-21,906,N20,VIIRS,n,2,294.82,3.36,D,0,VIIRS_NOAA20_SP
32.04039,73.66121,327.17,0.62,0.72,2023-11-21,906,N20,VIIRS,n,2,295.79,2.24,D,0,VIIRS_NOAA20_SP
32.04057,73.35278,336.2,0.6,0.7,2023-11-21,906,N20,VIIRS,n,2,296.74,5.34,D,0,VIIRS_NOAA20_SP
32.04336,73.41708,335.7,0.6,0.71,2023-11-21,906,N20,VIIRS,n,2,295.73,3.89,D,0,VIIRS_NOAA20_SP
32.06355,73.58018,327.12,0.61,0.71,2023-11-21,906,N20,VIIRS,n,2,295.59,2.45,D,0,VIIRS_NOAA20_SP
32.06533,73.32572,328.81,0.59,0.7,2023-11-21,906,N20,VIIRS,n,2,295.6,6.98,D,0,VIIRS_NOAA20_SP
32.06552,73.32592,328.94,0.59,0.7,2023-11-21,906,N20,VIIRS,n,2,295.57,5.43,D,0,VIIRS_NOAA20_SP
32.07123,72.32031,331.09,0.52,0.67,2023-11-21,906,N20,VIIRS,n,2,296.86,2.64,D,0,VIIRS_NOAA20_SP
32.13189,73.51088,339.67,0.61,0.71,2023-11-21,906,N20,VIIRS,n,2,297.67,6.1,D,0,VIIRS_NOAA20_SP
32.15854,73.67624,340.96,0.62,0.72,2023-11-21,906,N20,VIIRS,n,2,296.91,13.16,D,0,VIIRS_NOAA20_SP
32.15881,73.68296,355.1,0.62,0.72,2023-11-21,906,N20,VIIRS,n,2,295.16,15.39,D,0,VIIRS_NOAA20_SP
32.20515,73.74677,325.81,0.63,0.72,2023-11-21,906,N20,VIIRS,n,2,292.11,1.55,D,0,VIIRS_NOAA20_SP
32.21034,73.36784,339.84,0.6,0.71,2023-11-21,906,N20,VIIRS,n,2,295.02,3.72,D,0,VIIRS_NOAA20_SP
32.21122,73.37009,331.95,0.6,0.7,2023-11-21,906,N20,VIIRS,n,2,294.34,4.92,D,0,VIIRS_NOAA20_SP
32.24372,73.88271,333.1,0.64,0.72,2023-11-21,906,N20,VIIRS,n,2,295.44,4.31,D,0,VIIRS_NOAA20_SP
32.24426,75.33197,341.24,0.78,0.78,2023-11-21,906,N20,VIIRS,n,2,293.32,8.03,D,0,VIIRS_NOAA20_SP
32.24612,75.33131,340.61,0.78,0.78,2023-11-21,906,N20,VIIRS,n,2,293.38,5.82,D,0,VIIRS_NOAA20_SP
32.45106,74.27605,327.98,0.68,0.74,2023-11-21,906,N20,VIIRS,n,2,294.21,3.29,D,0,VIIRS_NOAA20_SP
32.64898,73.59789,334.82,0.62,0.72,2023-11-21,906,N20,VIIRS,n,2,295.8,4.34,D,0,VIIRS_NOAA20_SP
32.74553,74.63342,329.77,0.72,0.75,2023-11-21,906,N20,VIIRS,n,2,294.36,4.94,D,0,VIIRS_NOAA20_SP
32.74723,74.63978,326.86,0.72,0.75,2023-11-21,906,N20,VIIRS,n,2,293.61,6.59,D,0,VIIRS_NOAA20_SP
34.07373,71.07271,337.39,0.46,0.63,2023-11-21,906,N20,VIIRS,n,2,301.81,34.3,D,0,VIIRS_NOAA20_SP
34.07391,71.07633,355.72,0.46,0.63,2023-11-21,906,N20,VIIRS,n,2,312.5,34.3,D,0,VIIRS_NOAA20_SP
34.07476,71.07781,367.0,0.46,0.63,2023-11-21,906,N20,VIIRS,h,2,299.9,50.32,D,0,VIIRS_NOAA20_SP
15.82347,97.76482,301.81,0.67,0.73,2023-11-21,1811,N20,VIIRS,n,2,290.19,0.62,N,0,VIIRS_NOAA20_SP
15.82536,97.76474,301.55,0.67,0.73,2023-11-21,1811,N20,VIIRS,n,2,290.11,0.8,N,0,VIIRS_NOAA20_SP
27.18969,95.37222,302.68,0.46,0.47,2023-11-21,1948,N20,VIIRS,n,2,288.35,0.58,N,0,VIIRS_NOAA20_SP
27.47088,95.42234,308.31,0.46,0.47,2023-11-21,1948,N20,VIIRS,n,2,287.58,0.92,N,2,VIIRS_NOAA20_SP
27.60602,95.4001,317.59,0.46,0.47,2023-11-21,1948,N20,VIIRS,n,2,287.38,1.64,N,2,VIIRS_NOAA20_SP
27.6069,95.40311,312.71,0.46,0.47,2023-11-21,1948,N20,VIIRS,n,2,287.73,1.73,N,2,VIIRS_NOAA20_SP
29.0862,88.01131,307.74,0.39,0.36,2023-11-21,1948,N20,VIIRS,n,2,268.33,1.45,N,0,VIIRS_NOAA20_SP
29.55682,82.21208,298.31,0.46,0.47,2023-11-21,1948,N20,VIIRS,n,2,279.24,1.01,N,0,VIIRS_NOAA20_SP
29.64796,76.71074,318.32,0.49,0.65,2023-11-21,1948,N20,VIIRS,n,2,286.54,2.41,N,0,VIIRS_NOAA20_SP
29.91433,74.94299,297.06,0.63,0.72,2023-11-21,1948,N20,VIIRS,n,2,283.92,0.86,N,2,VIIRS_NOAA20_SP
30.78967,74.89015,312.0,0.64,0.72,2023-11-21,1948,N20,VIIRS,n,2,284.01,2.99,N,0,VIIRS_NOAA20_SP
30.78997,74.88329,312.1,0.65,0.73,2023-11-21,1948,N20,VIIRS,n,2,282.0,2.99,N,0,VIIRS_NOAA20_SP
31.19738,77.68948,296.93,0.44,0.63,2023-11-21,1948,N20,VIIRS,n,2,278.31,0.97,N,0,VIIRS_NOAA20_SP
31.42648,77.396,300.46,0.46,0.64,2023-11-21,1948,N20,VIIRS,n,2,282.71,1.25,N,0,VIIRS_NOAA20_SP
31.43054,77.39871,304.1,0.46,0.64,2023-11-21,1948,N20,VIIRS,n,2,282.5,1.71,N,0,VIIRS_NOAA20_SP
31.4322,77.39926,304.95,0.46,0.64,2023-11-21,1948,N20,VIIRS,n,2,282.05,1.44,N,0,VIIRS_NOAA20_SP
24.52129,97.79488,302.01,0.37,0.58,2023-11-21,1949,N20,VIIRS,n,2,268.87,0.65,N,0,VIIRS_NOAA20_SP
24.95837,97.82755,296.87,0.36,0.58,2023-11-21,1949,N20,VIIRS,n,2,282.9,0.47,N,0,VIIRS_NOAA20_SP
25.70824,82.22801,302.9,0.41,0.45,2023-11-21,1949,N20,VIIRS,n,2,287.62,0.56,N,0,VIIRS_NOAA20_SP
26.06103,93.89323,299.05,0.4,0.44,2023-11-21,1949,N20,VIIRS,n,2,288.05,0.4,N,0,VIIRS_NOAA20_SP
26.073,82.72416,303.29,0.39,0.44,2023-11-21,1949,N20,VIIRS,n,2,287.63,0.78,N,0,VIIRS_NOAA20_SP
26.0759,82.72175,305.2,0.39,0.44,2023-11-21,1949,N20,VIIRS,n,2,287.44,0.57,N,0,VIIRS_NOAA20_SP
26.13863,81.2273,302.3,0.47,0.48,2023-11-21,1949,N20,VIIRS,n,2,287.44,1.34,N,0,VIIRS_NOAA20_SP
26.13893,81.22501,298.69,0.47,0.48,2023-11-21,1949,N20,VIIRS,n,2,287.88,1.36,N,0,VIIRS_NOAA20_SP
26.18925,81.41753,297.98,0.46,0.47,2023-11-21,1949,N20,VIIRS,n,2,286.24,0.6,N,0,VIIRS_NOAA20_SP
26.20352,85.46542,300.85,0.43,0.38,2023-11-21,1949,N20,VIIRS,n,2,288.8,0.56,N,0,VIIRS_NOAA20_SP
26.27456,88.18674,303.27,0.38,0.36,2023-11-21,1949,N20,VIIRS,n,2,289.21,0.52,N,0,VIIRS_NOAA20_SP
26.46837,87.86096,299.83,0.39,0.36,2023-11-21,1949,N20,VIIRS,n,2,287.74,0.43,N,0,VIIRS_NOAA20_SP
26.6438,79.47782,297.65,0.62,0.54,2023-11-21,1949,N20,VIIRS,n,2,287.49,0.96,N,2,VIIRS_NOAA20_SP
26.7624,83.19971,305.25,0.56,0.43,2023-11-21,1949,N20,VIIRS,n,2,291.02,1.31,N,2,VIIRS_NOAA20_SP
26.76293,83.19813,300.67,0.56,0.43,2023-11-21,1949,N20,VIIRS,n,2,290.57,2.53,N,2,VIIRS_NOAA20_SP
26.97534,85.08847,303.74,0.45,0.39,2023-11-21,1949,N20,VIIRS,n,2,288.9,0.52,N,0,VIIRS_NOAA20_SP
27.16964,83.59746,297.08,0.54,0.42,2023-11-21,1949,N20,VIIRS,n,2,286.93,0.57,N,0,VIIRS_NOAA20_SP
27.18453,83.3026,298.28,0.56,0.43,2023-11-21,1949,N20,VIIRS,n,2,287.96,0.43,N,0,VIIRS_NOAA20_SP
27.22109,83.36511,298.63,0.55,0.43,2023-11-21,1949,N20,VIIRS,n,2,287.16,0.6,N,0,VIIRS_NOAA20_SP
27.22159,83.65493,301.24,0.53,0.42,2023-11-21,1949,N20,VIIRS,n,2,287.53,0.6,N,0,VIIRS_NOAA20_SP
27.25845,83.6112,298.66,0.54,0.42,2023-11-21,1949,N20,VIIRS,n,2,288.06,0.51,N,0,VIIRS_NOAA20_SP
27.3564,83.43224,299.71,0.55,0.43,2023-11-21,1949,N20,VIIRS,n,2,287.21,0.73,N,0,VIIRS_NOAA20_SP
27.80766,80.33465,314.43,0.56,0.52,2023-11-21,1949,N20,VIIRS,n,2,286.2,2.42,N,0,VIIRS_NOAA20_SP
27.8252,80.15469,296.23,0.58,0.52,2023-11-21,1949,N20,VIIRS,n,2,285.62,0.45,N,0,VIIRS_NOAA20_SP
27.82971,80.3548,303.14,0.56,0.52,2023-11-21,1949,N20,VIIRS,n,2,286.39,0.95,N,0,VIIRS_NOAA20_SP
27.91759,80.24984,296.98,0.57,0.52,2023-11-21,1949,N20,VIIRS,n,2,286.57,0.74,N,0,VIIRS_NOAA20_SP
28.72705,79.84364,297.54,0.62,0.54,2023-11-21,1949,N20,VIIRS,n,2,285.77,0.72,N,0,VIIRS_NOAA20_SP
28.88645,77.02175,295.16,0.46,0.64,2023-11-21,1949,N20,VIIRS,n,2,284.27,0.44,N,0,VIIRS_NOAA20_SP
29.20421,78.87341,300.38,0.36,0.57,2023-11-21,1949,N20,VIIRS,n,2,285.69,0.28,N,0,VIIRS_NOAA20_SP
29.4628,76.88607,300.57,0.48,0.64,2023-11-21,1949,N20,VIIRS,n,2,288.95,1.15,N,0,VIIRS_NOAA20_SP
29.46313,76.88108,306.73,0.48,0.64,2023-11-21,1949,N20,VIIRS,n,2,288.94,1.15,N,0,VIIRS_NOAA20_SP
29.46613,76.88394,299.79,0.48,0.64,2023-11-21,1949,N20,VIIRS,n,2,288.51,1.34,N,0,VIIRS_NOAA20_SP
21.53125,86.83348,301.94,0.38,0.36,2023-11-21,1950,N20,VIIRS,n,2,291.59,0.44,N,0,VIIRS_NOAA20_SP
21.67727,84.03799,308.22,0.45,0.39,2023-11-21,1950,N20,VIIRS,n,2,291.75,1.87,N,2,VIIRS_NOAA20_SP
21.68081,84.03854,320.03,0.45,0.39,2023-11-21,1950,N20,VIIRS,n,2,293.97,3.48,N,2,VIIRS_NOAA20_SP
21.69957,84.03134,303.56,0.45,0.39,2023-11-21,1950,N20,VIIRS,n,2,292.15,0.82,N,2,VIIRS_NOAA20_SP
21.69973,84.03279,302.36,0.45,0.39,2023-11-21,1950,N20,VIIRS,n,2,291.48,0.78,N,2,VIIRS_NOAA20_SP
21.73563,83.97973,304.64,0.45,0.39,2023-11-21,1950,N20,VIIRS,n,2,292.63,1.01,N,0,VIIRS_NOAA20_SP
21.75467,83.8402,308.79,0.46,0.39,2023-11-21,1950,N20,VIIRS,n,2,291.86,0.79,N,2,VIIRS_NOAA20_SP
21.75513,84.02267,308.84,0.45,0.39,2023-11-21,1950,N20,VIIRS,n,2,293.95,1.12,N,2,VIIRS_NOAA20_SP
21.75825,83.84076,311.97,0.46,0.39,2023-11-21,1950,N20,VIIRS,n,2,292.41,1.4,N,2,VIIRS_NOAA20_SP
21.75867,84.02324,304.05,0.45,0.39,2023-11-21,1950,N20,VIIRS,n,2,293.5,1.12,N,2,VIIRS_NOAA20_SP
21.76183,83.84131,323.51,0.46,0.39,2023-11-21,1950,N20,VIIRS,n,2,291.64,1.4,N,2,VIIRS_NOAA20_SP
21.76282,84.01949,307.81,0.45,0.39,2023-11-21,1950,N20,VIIRS,n,2,294.37,1.74,N,2,VIIRS_NOAA20_SP
21.76577,84.02438,304.72,0.45,0.39,2023-11-21,1950,N20,VIIRS,n,2,292.21,1.18,N,2,VIIRS_NOAA20_SP
21.76637,84.02006,311.08,0.45,0.39,2023-11-21,1950,N20,VIIRS,n,2,293.48,1.74,N,2,VIIRS_NOAA20_SP
21.76992,84.02061,304.44,0.45,0.39,2023-11-21,1950,N20,VIIRS,n,2,292.54,1.36,N,2,VIIRS_NOAA20_SP
21.77346,84.02118,303.42,0.45,0.39,2023-11-21,1950,N20,VIIRS,n,2,292.03,1.36,N,2,VIIRS_NOAA20_SP
21.77794,83.83046,303.92,0.46,0.39,2023-11-21,1950,N20,VIIRS,n,2,291.89,1.45,N,0,VIIRS_NOAA20_SP
21.78092,83.83539,302.58,0.46,0.39,2023-11-21,1950,N20,VIIRS,n,2,291.91,1.08,N,2,VIIRS_NOAA20_SP
21.79605,83.98941,301.88,0.45,0.39,2023-11-21,1950,N20,VIIRS,n,2,291.48,0.81,N,2,VIIRS_NOAA20_SP
21.82259,83.89389,307.88,0.45,0.39,2023-11-21,1950,N20,VIIRS,n,2,292.23,1.04,N,0,VIIRS_NOAA20_SP
21.82429,83.89167,303.59,0.45,0.39,2023-11-21,1950,N20,VIIRS,n,2,291.12,0.92,N,0,VIIRS_NOAA20_SP
21.86007,83.96664,302.52,0.45,0.39,2023-11-21,1950,N20,VIIRS,n,2,291.88,1.08,N,0,VIIRS_NOAA20_SP
21.87562,83.4956,307.58,0.47,0.4,2023-11-21,1950,N20,VIIRS,n,2,292.31,1.15,N,2,VIIRS_NOAA20_SP
21.87582,83.49339,303.44,0.47,0.4,2023-11-21,1950,N20,VIIRS,n,2,291.65,0.67,N,2,VIIRS_NOAA20_SP
21.8793,83.55208,306.12,0.47,0.4,2023-11-21,1950,N20,VIIRS,n,2,290.52,1.68,N,2,VIIRS_NOAA20_SP
21.92068,83.35207,313.93,0.48,0.4,2023-11-21,1950,N20,VIIRS,n,2,296.22,2.67,N,2,VIIRS_NOAA20_SP
21.92129,83.34742,312.69,0.48,0.4,2023-11-21,1950,N20,VIIRS,n,2,294.17,2.16,N,2,VIIRS_NOAA20_SP
21.92435,83.35265,306.27,0.48,0.4,2023-11-21,1950,N20,VIIRS,n,2,293.78,1.56,N,2,VIIRS_NOAA20_SP
21.92497,83.348,310.03,0.48,0.4,2023-11-21,1950,N20,VIIRS,n,2,292.6,2.45,N,2,VIIRS_NOAA20_SP
21.9262,83.33867,318.9,0.48,0.4,2023-11-21,1950,N20,VIIRS,n,2,294.15,2.86,N,3,VIIRS_NOAA20_SP
21.93055,85.22337,312.33,0.41,0.37,2023-11-21,1950,N20,VIIRS,n,2,290.19,1.0,N,2,VIIRS_NOAA20_SP
21.93112,85.21947,312.01,0.41,0.37,2023-11-21,1950,N20,VIIRS,n,2,289.9,1.84,N,2,VIIRS_NOAA20_SP
21.97045,85.31374,304.0,0.41,0.37,2023-11-21,1950,N20,VIIRS,n,2,289.15,0.71,N,2,VIIRS_NOAA20_SP
21.98541,83.23295,316.89,0.49,0.4,2023-11-21,1950,N20,VIIRS,n,2,292.97,2.78,N,2,VIIRS_NOAA20_SP
21.99299,85.32555,302.46,0.41,0.37,2023-11-21,1950,N20,VIIRS,n,2,290.07,0.69,N,3,VIIRS_NOAA20_SP
22.00543,82.66836,319.11,0.52,0.42,2023-11-21,1950,N20,VIIRS,n,2,293.44,2.84,N,2,VIIRS_NOAA20_SP
22.02135,83.37999,306.08,0.48,0.4,2023-11-21,1950,N20,VIIRS,n,2,291.66,1.42,N,2,VIIRS_NOAA20_SP
22.03543,83.35848,304.98,0.48,0.4,2023-11-21,1950,N20,VIIRS,n,2,291.99,1.85,N,2,VIIRS_NOAA20_SP
22.03717,83.73191,306.77,0.46,0.39,2023-11-21,1950,N20,VIIRS,n,2,291.92,1.17,N,2,VIIRS_NOAA20_SP
22.04016,83.73694,314.11,0.46,0.39,2023-11-21,1950,N20,VIIRS,n,2,292.48,4.77,N,2,VIIRS_NOAA20_SP
22.04034,83.34978,302.52,0.48,0.4,2023-11-21,1950,N20,VIIRS,n,2,290.6,1.39,N,2,VIIRS_NOAA20_SP
22.04378,83.73749,333.34,0.46,0.39,2023-11-21,1950,N20,VIIRS,n,2,295.48,4.77,N,2,VIIRS_NOAA20_SP
22.04439,83.733,346.01,0.46,0.39,2023-11-21,1950,N20,VIIRS,n,2,295.75,4.77,N,2,VIIRS_NOAA20_SP
22.04501,83.72854,321.96,0.46,0.39,2023-11-21,1950,N20,VIIRS,n,2,291.18,2.14,N,2,VIIRS_NOAA20_SP
22.05331,88.12477,313.43,0.39,0.36,2023-11-21,1950,N20,VIIRS,n,2,299.19,1.61,N,2,VIIRS_NOAA20_SP
22.05379,85.46234,300.58,0.4,0.37,2023-11-21,1950,N20,VIIRS,n,2,288.62,0.6,N,2,VIIRS_NOAA20_SP
22.05663,88.1254,307.59,0.39,0.36,2023-11-21,1950,N20,VIIRS,n,2,296.44,1.61,N,2,VIIRS_NOAA20_SP
22.06362,88.12225,323.01,0.39,0.36,2023-11-21,1950,N20,VIIRS,n,2,291.5,1.04,N,2,VIIRS_NOAA20_SP
22.09783,85.35001,299.79,0.41,0.37,2023-11-21,1950,N20,VIIRS,n,2,288.92,0.45,N,0,VIIRS_NOAA20_SP
22.10067,83.1222,302.17,0.5,0.41,2023-11-21,1950,N20,VIIRS,n,2,291.73,1.25,N,0,VIIRS_NOAA20_SP
22.10504,83.11793,305.57,0.5,0.41,2023-11-21,1950,N20,VIIRS,n,2,292.87,1.25,N,2,VIIRS_NOAA20_SP
22.10678,83.52219,320.62,0.48,0.4,2023-11-21,1950,N20,VIIRS,n,2,294.62,2.41,N,0,VIIRS_NOAA20_SP
22.11314,83.11423,304.29,0.5,0.41,2023-11-21,1950,N20,VIIRS,n,2,291.3,1.19,N,0,VIIRS_NOAA20_SP
22.11622,83.11963,317.06,0.5,0.41,2023-11-21,1950,N20,VIIRS,n,2,291.78,2.18,N,0,VIIRS_NOAA20_SP
22.13319,85.41602,301.33,0.4,0.37,2023-11-21,1950,N20,VIIRS,n,2,288.53,0.86,N,2,VIIRS_NOAA20_SP
22.21029,84.86248,321.79,0.42,0.38,2023-11-21,1950,N20,VIIRS,n,2,292.45,2.34,N,2,VIIRS_NOAA20_SP
22.21373,84.86304,313.01,0.42,0.38,2023-11-21,1950,N20,VIIRS,n,2,293.61,1.42,N,2,VIIRS_NOAA20_SP
22.21542,84.87579,305.55,0.42,0.38,2023-11-21,1950,N20,VIIRS,n,2,291.95,2.04,N,2,VIIRS_NOAA20_SP
22.31644,82.73635,302.1,0.52,0.42,2023-11-21,1950,N20,VIIRS,n,2,291.28,0.98,N,0,VIIRS_NOAA20_SP
22.32008,82.56791,306.51,0.53,0.42,2023-11-21,1950,N20,VIIRS,n,2,291.1,1.13,N,2,VIIRS_NOAA20_SP
22.32228,82.59667,308.25,0.53,0.42,2023-11-21,1950,N20,VIIRS,n,2,291.32,2.15,N,0,VIIRS_NOAA20_SP
22.32229,82.56509,309.3,0.53,0.42,2023-11-21,1950,N20,VIIRS,n,2,292.76,1.66,N,2,VIIRS_NOAA20_SP
22.32441,82.59479,306.98,0.53,0.42,2023-11-21,1950,N20,VIIRS,n,2,291.47,1.55,N,2,VIIRS_NOAA20_SP
22.3267,82.68605,311.49,0.53,0.42,2023-11-21,1950,N20,VIIRS,n,2,291.89,1.84,N,2,VIIRS_NOAA20_SP
22.33056,82.65547,318.07,0.53,0.42,2023-11-21,1950,N20,VIIRS,n,2,293.8,2.43,N,2,VIIRS_NOAA20_SP
22.3312,82.65038,328.42,0.53,0.42,2023-11-21,1950,N20,VIIRS,n,2,292.38,2.43,N,2,VIIRS_NOAA20_SP
22.33255,82.53276,303.71,0.54,0.42,2023-11-21,1950,N20,VIIRS,n,2,292.4,0.92,N,2,VIIRS_NOAA20_SP
22.33439,82.65607,304.26,0.53,0.42,2023-11-21,1950,N20,VIIRS,n,2,292.56,2.43,N,2,VIIRS_NOAA20_SP
22.35741,87.28947,309.66,0.38,0.36,2023-11-21,1950,N20,VIIRS,n,2,293.26,0.93,N,2,VIIRS_NOAA20_SP
22.3607,87.29007,302.06,0.38,0.36,2023-11-21,1950,N20,VIIRS,n,2,291.62,0.93,N,2,VIIRS_NOAA20_SP
22.36293,87.01673,319.5,0.38,0.36,2023-11-21,1950,N20,VIIRS,n,2,294.58,2.38,N,2,VIIRS_NOAA20_SP
22.36553,87.30236,310.76,0.38,0.36,2023-11-21,1950,N20,VIIRS,n,2,294.71,1.13,N,2,VIIRS_NOAA20_SP
22.36612,87.29866,308.21,0.38,0.36,2023-11-21,1950,N20,VIIRS,n,2,292.85,1.13,N,2,VIIRS_NOAA20_SP
22.36622,87.01733,317.07,0.38,0.36,2023-11-21,1950,N20,VIIRS,n,2,294.63,1.9,N,2,VIIRS_NOAA20_SP
22.36882,87.30296,308.06,0.38,0.36,2023-11-21,1950,N20,VIIRS,n,2,292.87,1.09,N,2,VIIRS_NOAA20_SP
22.3694,87.29926,313.09,0.38,0.36,2023-11-21,1950,N20,VIIRS,n,2,293.84,1.09,N,2,VIIRS_NOAA20_SP
22.3789,87.28198,312.55,0.38,0.36,2023-11-21,1950,N20,VIIRS,n,2,294.43,1.62,N,2,VIIRS_NOAA20_SP
22.37948,87.27829,321.27,0.38,0.36,2023-11-21,1950,N20,VIIRS,n,2,293.21,1.62,N,2,VIIRS_NOAA20_SP
22.58988,85.90536,320.29,0.4,0.37,2023-11-21,1950,N20,VIIRS,n,2,293.24,2.88,N,2,VIIRS_NOAA20_SP
22.78962,86.2048,306.31,0.39,0.36,2023-11-21,1950,N20,VIIRS,n,2,293.59,1.12,N,2,VIIRS_NOAA20_SP
22.79019,86.201,306.99,0.39,0.36,2023-11-21,1950,N20,VIIRS,n,2,293.47,1.12,N,2,VIIRS_NOAA20_SP
22.79077,86.1972,312.22,0.39,0.36,2023-11-21,1950,N20,VIIRS,n,2,296.09,1.43,N,2,VIIRS_NOAA20_SP
22.79238,86.20917,319.46,0.39,0.36,2023-11-21,1950,N20,VIIRS,n,2,293.64,2.37,N,2,VIIRS_NOAA20_SP
22.79409,86.19778,314.23,0.39,0.36,2023-11-21,1950,N20,VIIRS,n,2,293.43,1.43,N,3,VIIRS_NOAA20_SP
22.79634,86.2007,312.75,0.39,0.36,2023-11-21,1950,N20,VIIRS,n,2,292.55,1.33,N,2,VIIRS_NOAA20_SP
22.79854,86.20885,327.45,0.39,0.36,2023-11-21,1950,N20,VIIRS,n,2,293.36,3.23,N,2,VIIRS_NOAA20_SP
22.7991,86.20506,310.25,0.39,0.36,2023-11-21,1950,N20,VIIRS,n,2,291.45,1.33,N,2,VIIRS_NOAA20_SP
22.79967,86.20127,308.48,0.39,0.36,2023-11-21,1950,N20,VIIRS,n,2,293.13,1.33,N,2,VIIRS_NOAA20_SP
22.80014,86.08952,307.82,0.39,0.36,2023-11-21,1950,N20,VIIRS,n,2,293.88,1.46,N,2,VIIRS_NOAA20_SP
22.85901,86.05524,305.6,0.4,0.37,2023-11-21,1950,N20,VIIRS,n,2,291.1,0.85,N,2,VIIRS_NOAA20_SP
22.87317,88.21336,303.2,0.39,0.36,2023-11-21,1950,N20,VIIRS,n,2,292.97,0.92,N,0,VIIRS_NOAA20_SP
22.87513,86.06196,315.52,0.4,0.37,2023-11-21,1950,N20,VIIRS,n,2,292.83,1.56,N,2,VIIRS_NOAA20_SP
22.87802,78.17844,299.15,0.34,0.56,2023-11-21,1950,N20,VIIRS,n,2,288.46,0.31,N,0,VIIRS_NOAA20_SP
22.91129,86.07215,307.67,0.39,0.37,2023-11-21,1950,N20,VIIRS,n,2,290.54,0.95,N,2,VIIRS_NOAA20_SP
23.00283,78.09606,309.2,0.34,0.56,2023-11-21,1950,N20,VIIRS,n,2,288.27,0.81,N,0,VIIRS_NOAA20_SP
23.16779,82.34001,306.27,0.56,0.43,2023-11-21,1950,N20,VIIRS,n,2,290.51,1.11,N,2,VIIRS_NOAA20_SP
23.2104,78.50806,299.28,0.32,0.55,2023-11-21,1950,N20,VIIRS,n,2,288.29,0.39,N,0,VIIRS_NOAA20_SP
23.48204,87.36043,309.85,0.38,0.36,2023-11-21,1950,N20,VIIRS,n,2,293.61,1.48,N,2,VIIRS_NOAA20_SP
23.50849,87.28028,306.59,0.38,0.36,2023-11-21,1950,N20,VIIRS,n,2,291.96,0.87,N,2,VIIRS_NOAA20_SP
23.51237,87.27715,306.98,0.38,0.36,2023-11-21,1950,N20,VIIRS,n,2,291.84,1.22,N,2,VIIRS_NOAA20_SP
23.54989,86.54341,303.8,0.39,0.36,2023-11-21,1950,N20,VIIRS,n,2,291.62,0.96,N,2,VIIRS_NOAA20_SP
23.55166,87.24211,310.32,0.38,0.36,2023-11-21,1950,N20,VIIRS,n,2,293.35,1.65,N,3,VIIRS_NOAA20_SP
23.55496,87.24271,334.88,0.38,0.36,2023-11-21,1950,N20,VIIRS,n,2,293.12,1.89,N,3,VIIRS_NOAA20_SP
23.55554,87.23898,311.92,0.38,0.36,2023-11-21,1950,N20,VIIRS,n,2,290.92,1.92,N,2,VIIRS_NOAA20_SP
23.55825,87.24331,303.48,0.38,0.36,2023-11-21,1950,N20,VIIRS,n,2,290.55,1.89,N,3,VIIRS_NOAA20_SP
23.55883,87.23958,319.21,0.38,0.36,2023-11-21,1950,N20,VIIRS,n,2,292.02,1.92,N,2,VIIRS_NOAA20_SP
23.56278,87.08271,311.24,0.39,0.36,2023-11-21,1950,N20,VIIRS,n,2,292.29,1.44,N,0,VIIRS_NOAA20_SP
23.56492,87.09078,304.02,0.39,0.36,2023-11-21,1950,N20,VIIRS,n,2,291.3,0.51,N,2,VIIRS_NOAA20_SP
23.60625,87.15218,303.99,0.38,0.36,2023-11-21,1950,N20,VIIRS,n,2,291.16,0.78,N,2,VIIRS_NOAA20_SP
23.61421,86.79105,303.45,0.39,0.36,2023-11-21,1950,N20,VIIRS,n,2,291.59,0.69,N,2,VIIRS_NOAA20_SP
23.61478,86.7873,308.45,0.39,0.36,2023-11-21,1950,N20,VIIRS,n,2,291.97,1.29,N,2,VIIRS_NOAA20_SP
23.61937,85.42525,298.47,0.41,0.37,2023-11-21,1950,N20,VIIRS,n,2,288.09,0.46,N,0,VIIRS_NOAA20_SP
23.64058,85.69401,297.62,0.41,0.37,2023-11-21,1950,N20,VIIRS,n,2,287.54,0.17,N,0,VIIRS_NOAA20_SP
23.64109,85.39581,299.45,0.41,0.37,2023-11-21,1950,N20,VIIRS,n,2,288.04,0.55,N,0,VIIRS_NOAA20_SP
23.65665,85.50566,302.21,0.41,0.37,2023-11-21,1950,N20,VIIRS,n,2,289.38,0.75,N,2,VIIRS_NOAA20_SP
23.66361,86.91207,307.47,0.39,0.36,2023-11-21,1950,N20,VIIRS,n,2,290.91,0.84,N,2,VIIRS_NOAA20_SP
23.66595,84.99706,306.62,0.43,0.38,2023-11-21,1950,N20,VIIRS,n,2,287.77,1.35,N,2,VIIRS_NOAA20_SP
23.66662,86.91621,331.5,0.39,0.36,2023-11-21,1950,N20,VIIRS,n,2,293.13,4.44,N,2,VIIRS_NOAA20_SP
23.66864,86.09236,306.37,0.4,0.37,2023-11-21,1950,N20,VIIRS,n,2,291.11,1.15,N,2,VIIRS_NOAA20_SP
23.66942,84.99763,301.42,0.43,0.38,2023-11-21,1950,N20,VIIRS,n,2,289.64,0.91,N,2,VIIRS_NOAA20_SP
23.66992,86.9168,333.66,0.39,0.36,2023-11-21,1950,N20,VIIRS,n,2,293.53,4.44,N,2,VIIRS_NOAA20_SP
23.67,84.99348,302.69,0.43,0.38,2023-11-21,1950,N20,VIIRS,n,2,287.84,1.34,N,2,VIIRS_NOAA20_SP
23.67025,86.41928,317.88,0.39,0.36,2023-11-21,1950,N20,VIIRS,n,2,292.88,2.15,N,2,VIIRS_NOAA20_SP
23.67367,86.39634,304.17,0.39,0.36,2023-11-21,1950,N20,VIIRS,n,2,290.92,1.06,N,2,VIIRS_NOAA20_SP
23.67643,86.40075,308.22,0.39,0.36,2023-11-21,1950,N20,VIIRS,n,2,295.75,1.29,N,2,VIIRS_NOAA20_SP
23.6765,86.08576,343.38,0.4,0.37,2023-11-21,1950,N20,VIIRS,n,2,293.35,2.83,N,2,VIIRS_NOAA20_SP
23.677,86.39693,306.96,0.39,0.36,2023-11-21,1950,N20,VIIRS,n,2,293.38,1.29,N,2,VIIRS_NOAA20_SP
23.67757,86.39311,306.12,0.39,0.36,2023-11-21,1950,N20,VIIRS,n,2,290.89,1.14,N,2,VIIRS_NOAA20_SP
23.67985,86.08635,304.26,0.4,0.37,2023-11-21,1950,N20,VIIRS,n,2,291.6,2.83,N,2,VIIRS_NOAA20_SP
23.68073,86.09351,333.93,0.4,0.37,2023-11-21,1950,N20,VIIRS,n,2,293.63,4.86,N,2,VIIRS_NOAA20_SP
23.68147,86.38987,310.96,0.39,0.36,2023-11-21,1950,N20,VIIRS,n,2,293.77,1.14,N,2,VIIRS_NOAA20_SP
23.68244,86.08187,306.99,0.4,0.37,2023-11-21,1950,N20,VIIRS,n,2,291.84,1.3,N,2,VIIRS_NOAA20_SP
23.68409,86.0941,302.75,0.4,0.37,2023-11-21,1950,N20,VIIRS,n,2,290.5,4.86,N,2,VIIRS_NOAA20_SP
23.68423,86.39429,331.08,0.39,0.36,2023-11-21,1950,N20,VIIRS,n,2,294.07,1.89,N,2,VIIRS_NOAA20_SP
23.6848,86.39046,321.59,0.39,0.36,2023-11-21,1950,N20,VIIRS,n,2,292.82,1.89,N,2,VIIRS_NOAA20_SP
23.68617,87.12032,310.39,0.39,0.36,2023-11-21,1950,N20,VIIRS,n,2,292.31,1.32,N,2,VIIRS_NOAA20_SP
23.68813,86.39105,305.66,0.39,0.36,2023-11-21,1950,N20,VIIRS,n,2,294.09,1.89,N,2,VIIRS_NOAA20_SP
23.6887,86.38721,309.34,0.39,0.36,2023-11-21,1950,N20,VIIRS,n,2,295.24,1.72,N,2,VIIRS_NOAA20_SP
23.68946,87.12091,321.3,0.39,0.36,2023-11-21,1950,N20,VIIRS,n,2,293.68,2.19,N,2,VIIRS_NOAA20_SP
23.68963,87.09785,315.18,0.39,0.36,2023-11-21,1950,N20,VIIRS,n,2,294.19,1.94,N,2,VIIRS_NOAA20_SP
23.68971,86.07915,322.87,0.4,0.37,2023-11-21,1950,N20,VIIRS,n,2,289.51,1.93,N,0,VIIRS_NOAA20_SP
23.69276,87.12151,323.67,0.39,0.36,2023-11-21,1950,N20,VIIRS,n,2,295.54,2.19,N,2,VIIRS_NOAA20_SP
23.69391,87.11402,303.98,0.39,0.36,2023-11-21,1950,N20,VIIRS,n,2,291.53,1.45,N,2,VIIRS_NOAA20_SP
23.69449,87.11028,305.36,0.39,0.36,2023-11-21,1950,N20,VIIRS,n,2,291.66,1.03,N,2,VIIRS_NOAA20_SP
23.69507,87.10654,309.28,0.39,0.36,2023-11-21,1950,N20,VIIRS,n,2,292.74,1.03,N,2,VIIRS_NOAA20_SP
23.70818,86.07042,314.7,0.4,0.37,2023-11-21,1950,N20,VIIRS,n,2,288.89,1.79,N,2,VIIRS_NOAA20_SP
23.71784,86.44344,318.54,0.39,0.36,2023-11-21,1950,N20,VIIRS,n,2,295.33,2.57,N,2,VIIRS_NOAA20_SP
23.71842,86.43961,312.19,0.39,0.36,2023-11-21,1950,N20,VIIRS,n,2,292.61,1.46,N,2,VIIRS_NOAA20_SP
23.72059,86.44785,319.32,0.39,0.36,2023-11-21,1950,N20,VIIRS,n,2,300.45,2.57,N,2,VIIRS_NOAA20_SP
23.72083,85.01049,304.34,0.43,0.38,2023-11-21,1950,N20,VIIRS,n,2,288.35,1.02,N,2,VIIRS_NOAA20_SP
23.72507,86.4408,316.69,0.39,0.36,2023-11-21,1950,N20,VIIRS,n,2,295.07,2.76,N,2,VIIRS_NOAA20_SP
23.7315,86.75745,312.5,0.39,0.36,2023-11-21,1950,N20,VIIRS,n,2,294.14,1.42,N,2,VIIRS_NOAA20_SP
23.73677,85.012,304.81,0.43,0.38,2023-11-21,1950,N20,VIIRS,n,2,291.96,1.35,N,2,VIIRS_NOAA20_SP
23.73735,85.00784,304.02,0.43,0.38,2023-11-21,1950,N20,VIIRS,n,2,290.24,1.35,N,2,VIIRS_NOAA20_SP
23.74024,85.01258,310.8,0.43,0.38,2023-11-21,1950,N20,VIIRS,n,2,294.16,1.9,N,2,VIIRS_NOAA20_SP
23.74459,85.50344,314.1,0.41,0.37,2023-11-21,1950,N20,VIIRS,n,2,288.59,1.52,N,2,VIIRS_NOAA20_SP
23.74742,85.50801,301.38,0.41,0.37,2023-11-21,1950,N20,VIIRS,n,2,289.26,0.8,N,2,VIIRS_NOAA20_SP
23.74798,86.42091,305.05,0.39,0.36,2023-11-21,1950,N20,VIIRS,n,2,292.79,0.84,N,2,VIIRS_NOAA20_SP
23.74854,86.41709,307.26,0.39,0.36,2023-11-21,1950,N20,VIIRS,n,2,292.14,0.84,N,2,VIIRS_NOAA20_SP
23.75187,86.41769,311.91,0.39,0.36,2023-11-21,1950,N20,VIIRS,n,2,294.2,0.84,N,2,VIIRS_NOAA20_SP
23.75472,86.39852,302.11,0.39,0.36,2023-11-21,1950,N20,VIIRS,n,2,291.71,1.26,N,2,VIIRS_NOAA20_SP
23.75694,85.85448,318.1,0.4,0.37,2023-11-21,1950,N20,VIIRS,n,2,293.33,1.83,N,2,VIIRS_NOAA20_SP
23.75748,86.40295,339.93,0.39,0.36,2023-11-21,1950,N20,VIIRS,n,2,294.96,2.81,N,2,VIIRS_NOAA20_SP
23.75751,85.85054,303.37,0.4,0.37,2023-11-21,1950,N20,VIIRS,n,2,290.27,1.54,N,2,VIIRS_NOAA20_SP
23.75805,86.39911,307.6,0.39,0.36,2023-11-21,1950,N20,VIIRS,n,2,293.2,1.96,N,2,VIIRS_NOAA20_SP
23.75862,86.39528,309.7,0.39,0.36,2023-11-21,1950,N20,VIIRS,n,2,293.37,1.96,N,2,VIIRS_NOAA20_SP
23.76031,85.85506,316.45,0.4,0.37,2023-11-21,1950,N20,VIIRS,n,2,293.52,1.83,N,2,VIIRS_NOAA20_SP
23.76081,86.40355,310.57,0.39,0.36,2023-11-21,1950,N20,VIIRS,n,2,292.01,2.81,N,2,VIIRS_NOAA20_SP
23.76138,86.3997,335.19,0.39,0.36,2023-11-21,1950,N20,VIIRS,n,2,295.47,1.96,N,2,VIIRS_NOAA20_SP
23.76243,86.41564,304.91,0.39,0.36,2023-11-21,1950,N20,VIIRS,n,2,290.69,0.41,N,2,VIIRS_NOAA20_SP
23.76252,86.39204,318.11,0.39,0.36,2023-11-21,1950,N20,VIIRS,n,2,297.95,2.18,N,2,VIIRS_NOAA20_SP
23.76423,86.38055,305.35,0.39,0.36,2023-11-21,1950,N20,VIIRS,n,2,293.69,1.03,N,2,VIIRS_NOAA20_SP
23.76528,86.39646,307.34,0.39,0.36,2023-11-21,1950,N20,VIIRS,n,2,296.45,1.15,N,2,VIIRS_NOAA20_SP
23.76585,86.39263,325.17,0.39,0.36,2023-11-21,1950,N20,VIIRS,n,2,300.08,1.53,N,2,VIIRS_NOAA20_SP
23.76642,86.38881,306.62,0.39,0.36,2023-11-21,1950,N20,VIIRS,n,2,295.05,1.53,N,2,VIIRS_NOAA20_SP
23.76804,86.40089,311.03,0.39,0.36,2023-11-21,1950,N20,VIIRS,n,2,294.9,1.15,N,2,VIIRS_NOAA20_SP
23.76861,86.39706,307.85,0.39,0.36,2023-11-21,1950,N20,VIIRS,n,2,294.71,1.15,N,2,VIIRS_NOAA20_SP
23.76869,86.37348,317.43,0.39,0.36,2023-11-21,1950,N20,VIIRS,n,2,297.62,2.57,N,2,VIIRS_NOAA20_SP
23.76918,86.39323,313.65,0.39,0.36,2023-11-21,1950,N20,VIIRS,n,2,297.87,1.53,N,2,VIIRS_NOAA20_SP
23.76975,86.3894,308.81,0.39,0.36,2023-11-21,1950,N20,VIIRS,n,2,295.68,1.53,N,2,VIIRS_NOAA20_SP
23.77134,86.20064,306.04,0.4,0.37,2023-11-21,1950,N20,VIIRS,n,2,291.71,1.22,N,2,VIIRS_NOAA20_SP
23.77137,86.40147,303.71,0.39,0.36,2023-11-21,1950,N20,VIIRS,n,2,292.16,0.89,N,2,VIIRS_NOAA20_SP
23.77192,86.19678,305.22,0.4,0.37,2023-11-21,1950,N20,VIIRS,n,2,290.6,0.77,N,2,VIIRS_NOAA20_SP
23.77308,86.38999,305.84,0.39,0.36,2023-11-21,1950,N20,VIIRS,n,2,295.46,2.32,N,2,VIIRS_NOAA20_SP
23.77312,86.20441,311.23,0.4,0.37,2023-11-21,1950,N20,VIIRS,n,2,293.26,1.58,N,2,VIIRS_NOAA20_SP
23.77365,86.38616,305.86,0.39,0.36,2023-11-21,1950,N20,VIIRS,n,2,294.44,2.22,N,2,VIIRS_NOAA20_SP
23.77368,86.20055,306.19,0.4,0.37,2023-11-21,1950,N20,VIIRS,n,2,293.26,1.58,N,2,VIIRS_NOAA20_SP
23.77425,86.19669,306.3,0.4,0.37,2023-11-21,1950,N20,VIIRS,n,2,291.87,1.62,N,2,VIIRS_NOAA20_SP
23.7754,86.91521,299.51,0.39,0.36,2023-11-21,1950,N20,VIIRS,n,2,288.61,0.27,N,0,VIIRS_NOAA20_SP
23.77589,86.20888,314.03,0.4,0.37,2023-11-21,1950,N20,VIIRS,n,2,293.8,1.95,N,2,VIIRS_NOAA20_SP
23.77641,86.39059,329.69,0.39,0.36,2023-11-21,1950,N20,VIIRS,n,2,296.15,2.32,N,2,VIIRS_NOAA20_SP
23.77698,86.38676,328.87,0.39,0.36,2023-11-21,1950,N20,VIIRS,n,2,296.23,2.22,N,2,VIIRS_NOAA20_SP
23.77707,86.36314,311.91,0.39,0.36,2023-11-21,1950,N20,VIIRS,n,2,294.07,1.45,N,2,VIIRS_NOAA20_SP
23.77917,86.39501,323.95,0.39,0.36,2023-11-21,1950,N20,VIIRS,n,2,299.39,2.14,N,2,VIIRS_NOAA20_SP
23.77926,86.37141,302.55,0.39,0.36,2023-11-21,1950,N20,VIIRS,n,2,292.45,1.02,N,2,VIIRS_NOAA20_SP
23.77973,86.39117,325.28,0.39,0.36,2023-11-21,1950,N20,VIIRS,n,2,297.67,2.14,N,2,VIIRS_NOAA20_SP
23.7798,86.2056,333.0,0.4,0.37,2023-11-21,1950,N20,VIIRS,n,2,297.31,3.21,N,2,VIIRS_NOAA20_SP
23.77992,86.34394,320.97,0.39,0.36,2023-11-21,1950,N20,VIIRS,n,2,293.67,1.75,N,2,VIIRS_NOAA20_SP
23.78031,86.38735,318.88,0.39,0.36,2023-11-21,1950,N20,VIIRS,n,2,293.5,1.81,N,2,VIIRS_NOAA20_SP
23.7825,86.3956,309.28,0.39,0.36,2023-11-21,1950,N20,VIIRS,n,2,294.4,2.14,N,2,VIIRS_NOAA20_SP
23.78258,86.21008,307.96,0.4,0.37,2023-11-21,1950,N20,VIIRS,n,2,293.9,1.96,N,2,VIIRS_NOAA20_SP
23.78259,86.37199,322.25,0.39,0.36,2023-11-21,1950,N20,VIIRS,n,2,294.3,1.85,N,2,VIIRS_NOAA20_SP
23.78268,86.34837,306.07,0.39,0.36,2023-11-21,1950,N20,VIIRS,n,2,291.05,1.75,N,2,VIIRS_NOAA20_SP
23.78307,86.39177,325.45,0.39,0.36,2023-11-21,1950,N20,VIIRS,n,2,296.21,2.14,N,2,VIIRS_NOAA20_SP
23.78315,86.20621,329.52,0.4,0.37,2023-11-21,1950,N20,VIIRS,n,2,295.69,3.21,N,2,VIIRS_NOAA20_SP
23.78496,86.33301,313.78,0.39,0.36,2023-11-21,1950,N20,VIIRS,n,2,296.41,1.48,N,2,VIIRS_NOAA20_SP
23.7883,86.3336,320.21,0.39,0.36,2023-11-21,1950,N20,VIIRS,n,2,297.2,2.19,N,2,VIIRS_NOAA20_SP
23.78983,86.36934,307.23,0.39,0.36,2023-11-21,1950,N20,VIIRS,n,2,292.39,1.24,N,2,VIIRS_NOAA20_SP
23.79211,86.35399,312.54,0.39,0.36,2023-11-21,1950,N20,VIIRS,n,2,293.74,1.14,N,2,VIIRS_NOAA20_SP
23.79268,86.35014,312.56,0.39,0.36,2023-11-21,1950,N20,VIIRS,n,2,294.57,2.0,N,2,VIIRS_NOAA20_SP
23.7953,87.07335,307.21,0.39,0.36,2023-11-21,1950,N20,VIIRS,n,2,294.77,1.26,N,0,VIIRS_NOAA20_SP
23.79544,86.35458,305.6,0.39,0.36,2023-11-21,1950,N20,VIIRS,n,2,292.04,1.14,N,2,VIIRS_NOAA20_SP
23.79588,86.23615,306.39,0.4,0.37,2023-11-21,1950,N20,VIIRS,n,2,291.51,0.99,N,2,VIIRS_NOAA20_SP
23.79601,86.35073,326.27,0.39,0.36,2023-11-21,1950,N20,VIIRS,n,2,295.28,2.0,N,2,VIIRS_NOAA20_SP
23.79645,86.23228,301.33,0.4,0.37,2023-11-21,1950,N20,VIIRS,n,2,290.58,0.49,N,2,VIIRS_NOAA20_SP
23.79716,86.34305,307.07,0.39,0.36,2023-11-21,1950,N20,VIIRS,n,2,294.22,1.07,N,2,VIIRS_NOAA20_SP
23.79876,87.05083,304.79,0.39,0.36,2023-11-21,1950,N20,VIIRS,n,2,294.78,1.04,N,2,VIIRS_NOAA20_SP
23.79934,87.04708,311.54,0.39,0.36,2023-11-21,1950,N20,VIIRS,n,2,294.01,1.04,N,2,VIIRS_NOAA20_SP
23.80221,85.54086,303.21,0.41,0.37,2023-11-21,1950,N20,VIIRS,n,2,291.28,1.38,N,0,VIIRS_NOAA20_SP
23.80278,86.32829,321.84,0.39,0.37,2023-11-21,1950,N20,VIIRS,n,2,295.88,3.35,N,2,VIIRS_NOAA20_SP
23.80611,86.32888,336.45,0.39,0.37,2023-11-21,1950,N20,VIIRS,n,2,299.31,3.35,N,2,VIIRS_NOAA20_SP
23.80783,86.31731,311.7,0.39,0.37,2023-11-21,1950,N20,VIIRS,n,2,296.99,2.84,N,2,VIIRS_NOAA20_SP
23.80941,84.84777,302.39,0.43,0.38,2023-11-21,1950,N20,VIIRS,n,2,288.77,0.92,N,2,VIIRS_NOAA20_SP
23.81698,84.8447,309.84,0.43,0.38,2023-11-21,1950,N20,VIIRS,n,2,288.51,1.34,N,0,VIIRS_NOAA20_SP
23.82558,85.49953,312.35,0.41,0.37,2023-11-21,1950,N20,VIIRS,n,2,295.58,1.89,N,2,VIIRS_NOAA20_SP
23.82666,84.92845,307.25,0.43,0.38,2023-11-21,1950,N20,VIIRS,n,2,288.67,0.98,N,0,VIIRS_NOAA20_SP
23.83302,84.93382,299.24,0.43,0.38,2023-11-21,1950,N20,VIIRS,n,2,288.08,0.83,N,0,VIIRS_NOAA20_SP
23.92846,85.34212,304.15,0.42,0.38,2023-11-21,1950,N20,VIIRS,n,2,288.75,0.93,N,2,VIIRS_NOAA20_SP
23.95042,80.62955,298.28,0.48,0.48,2023-11-21,1950,N20,VIIRS,n,2,287.96,0.8,N,0,VIIRS_NOAA20_SP
23.9518,80.62784,298.07,0.48,0.48,2023-11-21,1950,N20,VIIRS,n,2,287.38,0.83,N,0,VIIRS_NOAA20_SP
23.99045,79.38976,301.1,0.58,0.52,2023-11-21,1950,N20,VIIRS,n,2,290.6,1.3,N,2,VIIRS_NOAA20_SP
23.99113,79.38831,301.11,0.58,0.52,2023-11-21,1950,N20,VIIRS,n,2,290.31,1.56,N,0,VIIRS_NOAA20_SP
24.11848,86.34955,302.93,0.4,0.37,2023-11-21,1950,N20,VIIRS,n,2,289.73,0.81,N,2,VIIRS_NOAA20_SP
24.1202,86.85969,303.41,0.39,0.36,2023-11-21,1950,N20,VIIRS,n,2,291.58,0.91,N,0,VIIRS_NOAA20_SP
24.15636,82.56549,327.87,0.56,0.43,2023-11-21,1950,N20,VIIRS,n,2,290.14,3.39,N,0,VIIRS_NOAA20_SP
24.15736,82.5645,324.21,0.56,0.43,2023-11-21,1950,N20,VIIRS,n,2,290.89,2.85,N,0,VIIRS_NOAA20_SP
24.16887,82.56168,312.82,0.56,0.43,2023-11-21,1950,N20,VIIRS,n,2,290.68,2.38,N,2,VIIRS_NOAA20_SP
24.17466,82.64632,304.77,0.56,0.43,2023-11-21,1950,N20,VIIRS,n,2,290.11,1.15,N,0,VIIRS_NOAA20_SP
24.18252,82.64742,309.32,0.56,0.43,2023-11-21,1950,N20,VIIRS,n,2,289.42,2.41,N,0,VIIRS_NOAA20_SP
24.18331,82.57512,313.17,0.56,0.43,2023-11-21,1950,N20,VIIRS,n,2,289.86,2.22,N,0,VIIRS_NOAA20_SP
24.18727,82.5756,302.76,0.56,0.43,2023-11-21,1950,N20,VIIRS,n,2,289.41,1.88,N,2,VIIRS_NOAA20_SP
24.20588,82.52177,301.1,0.57,0.43,2023-11-21,1950,N20,VIIRS,n,2,287.55,0.57,N,2,VIIRS_NOAA20_SP
24.20654,82.71162,333.77,0.55,0.43,2023-11-21,1950,N20,VIIRS,n,2,292.94,6.61,N,2,VIIRS_NOAA20_SP
24.32912,81.32597,304.96,0.44,0.46,2023-11-21,1950,N20,VIIRS,n,2,291.66,1.07,N,2,VIIRS_NOAA20_SP
24.41598,85.48144,297.89,0.42,0.37,2023-11-21,1950,N20,VIIRS,n,2,287.68,0.27,N,0,VIIRS_NOAA20_SP
24.92999,84.14721,298.48,0.48,0.4,2023-11-21,1950,N20,VIIRS,n,2,287.86,0.58,N,0,VIIRS_NOAA20_SP
15.82213,97.76774,297.79,0.56,0.69,2023-11-21,1951,N20,VIIRS,n,2,279.85,0.52,N,0,VIIRS_NOAA20_SP
16.68723,96.47946,302.9,0.44,0.62,2023-11-21,1951,N20,VIIRS,n,2,290.0,0.64,N,0,VIIRS_NOAA20_SP
18.72192,79.53511,309.87,0.49,0.48,2023-11-21,1951,N20,VIIRS,n,2,293.46,2.13,N,2,VIIRS_NOAA20_SP
18.72298,79.53799,307.91,0.49,0.48,2023-11-21,1951,N20,VIIRS,n,2,293.47,1.35,N,2,VIIRS_NOAA20_SP
18.913,96.03272,302.63,0.37,0.58,2023-11-21,1951,N20,VIIRS,n,2,289.58,0.61,N,0,VIIRS_NOAA20_SP
18.97861,77.54063,299.63,0.33,0.55,2023-11-21,1951,N20,VIIRS,n,2,289.55,0.28,N,0,VIIRS_NOAA20_SP
19.08889,82.16271,307.43,0.52,0.41,2023-11-21,1951,N20,VIIRS,n,2,288.59,2.63,N,0,VIIRS_NOAA20_SP
19.09268,82.16327,323.5,0.52,0.41,2023-11-21,1951,N20,VIIRS,n,2,289.24,2.63,N,0,VIIRS_NOAA20_SP
19.10405,82.16494,306.03,0.52,0.41,2023-11-21,1951,N20,VIIRS,n,2,288.0,2.0,N,0,VIIRS_NOAA20_SP
19.15467,76.59187,325.1,0.39,0.59,2023-11-21,1951,N20,VIIRS,n,2,288.92,1.66,N,0,VIIRS_NOAA20_SP
19.15609,76.59411,313.17,0.39,0.59,2023-11-21,1951,N20,VIIRS,n,2,289.02,1.46,N,0,VIIRS_NOAA20_SP
19.15646,76.5904,304.12,0.39,0.59,2023-11-21,1951,N20,VIIRS,n,2,288.22,1.32,N,0,VIIRS_NOAA20_SP
19.88091,75.90982,322.36,0.44,0.62,2023-11-21,1951,N20,VIIRS,n,2,288.9,1.78,N,0,VIIRS_NOAA20_SP
19.96514,79.33337,321.86,0.52,0.5,2023-11-21,1951,N20,VIIRS,n,2,291.37,3.15,N,2,VIIRS_NOAA20_SP
19.96959,79.08595,303.88,0.54,0.51,2023-11-21,1951,N20,VIIRS,n,2,291.45,0.52,N,0,VIIRS_NOAA20_SP
20.24538,86.59876,305.2,0.38,0.36,2023-11-21,1951,N20,VIIRS,n,2,293.88,1.09,N,2,VIIRS_NOAA20_SP
20.51549,85.72414,308.4,0.39,0.36,2023-11-21,1951,N20,VIIRS,n,2,292.48,1.12,N,2,VIIRS_NOAA20_SP
20.7626,85.2926,313.05,0.4,0.37,2023-11-21,1951,N20,VIIRS,n,2,292.72,1.42,N,2,VIIRS_NOAA20_SP
20.78448,85.26098,302.58,0.4,0.37,2023-11-21,1951,N20,VIIRS,n,2,292.28,1.43,N,2,VIIRS_NOAA20_SP
20.78728,85.26537,311.97,0.4,0.37,2023-11-21,1951,N20,VIIRS,n,2,293.48,1.43,N,2,VIIRS_NOAA20_SP
20.78784,85.26155,321.96,0.4,0.37,2023-11-21,1951,N20,VIIRS,n,2,294.63,1.43,N,2,VIIRS_NOAA20_SP
20.7884,85.25773,305.39,0.4,0.37,2023-11-21,1951,N20,VIIRS,n,2,293.26,1.53,N,2,VIIRS_NOAA20_SP
20.79569,85.25504,326.0,0.4,0.37,2023-11-21,1951,N20,VIIRS,n,2,294.63,6.54,N,2,VIIRS_NOAA20_SP
20.79626,85.25121,310.91,0.4,0.37,2023-11-21,1951,N20,VIIRS,n,2,291.34,3.48,N,2,VIIRS_NOAA20_SP
20.79849,85.25943,324.2,0.4,0.37,2023-11-21,1951,N20,VIIRS,n,2,292.49,2.64,N,2,VIIRS_NOAA20_SP
20.80579,85.25671,324.45,0.4,0.37,2023-11-21,1951,N20,VIIRS,n,2,294.41,1.84,N,2,VIIRS_NOAA20_SP
20.80916,85.25727,311.71,0.4,0.37,2023-11-21,1951,N20,VIIRS,n,2,293.62,1.84,N,2,VIIRS_NOAA20_SP
20.81837,79.31709,300.14,0.54,0.51,2023-11-21,1951,N20,VIIRS,n,2,289.34,0.99,N,0,VIIRS_NOAA20_SP
20.82421,86.95842,303.38,0.38,0.36,2023-11-21,1951,N20,VIIRS,n,2,291.09,0.49,N,0,VIIRS_NOAA20_SP
20.86518,84.99379,326.22,0.41,0.37,2023-11-21,1951,N20,VIIRS,n,2,293.82,2.15,N,2,VIIRS_NOAA20_SP
20.86914,84.99049,304.15,0.41,0.37,2023-11-21,1951,N20,VIIRS,n,2,292.69,2.15,N,2,VIIRS_NOAA20_SP
20.88443,84.98103,306.66,0.41,0.37,2023-11-21,1951,N20,VIIRS,n,2,292.73,1.15,N,2,VIIRS_NOAA20_SP
20.88782,84.98157,317.03,0.41,0.37,2023-11-21,1951,N20,VIIRS,n,2,292.59,1.56,N,2,VIIRS_NOAA20_SP
20.94423,86.05497,307.94,0.39,0.36,2023-11-21,1951,N20,VIIRS,n,2,292.86,1.04,N,2,VIIRS_NOAA20_SP
20.95199,86.04872,313.21,0.39,0.36,2023-11-21,1951,N20,VIIRS,n,2,293.16,1.39,N,2,VIIRS_NOAA20_SP
20.95433,85.00791,318.58,0.41,0.37,2023-11-21,1951,N20,VIIRS,n,2,293.79,2.21,N,2,VIIRS_NOAA20_SP
20.95869,85.14384,307.11,0.4,0.37,2023-11-21,1951,N20,VIIRS,n,2,292.18,0.8,N,2,VIIRS_NOAA20_SP
20.95975,85.1836,307.65,0.4,0.37,2023-11-21,1951,N20,VIIRS,n,2,294.63,1.33,N,2,VIIRS_NOAA20_SP
20.96089,85.17589,319.49,0.4,0.37,2023-11-21,1951,N20,VIIRS,n,2,294.76,2.34,N,2,VIIRS_NOAA20_SP
20.96093,85.15213,303.73,0.4,0.37,2023-11-21,1951,N20,VIIRS,n,2,293.64,0.81,N,2,VIIRS_NOAA20_SP
20.96146,85.17203,303.87,0.4,0.37,2023-11-21,1951,N20,VIIRS,n,2,293.54,2.34,N,2,VIIRS_NOAA20_SP
20.9615,85.14827,308.1,0.4,0.37,2023-11-21,1951,N20,VIIRS,n,2,292.99,0.81,N,0,VIIRS_NOAA20_SP
20.96255,85.18801,311.92,0.4,0.37,2023-11-21,1951,N20,VIIRS,n,2,294.08,1.69,N,2,VIIRS_NOAA20_SP
20.9626,85.1643,312.02,0.4,0.37,2023-11-21,1951,N20,VIIRS,n,2,293.95,1.93,N,2,VIIRS_NOAA20_SP
20.96369,85.18031,303.32,0.4,0.37,2023-11-21,1951,N20,VIIRS,n,2,293.31,1.33,N,2,VIIRS_NOAA20_SP
20.96426,85.17645,332.75,0.4,0.37,2023-11-21,1951,N20,VIIRS,n,2,296.58,2.34,N,2,VIIRS_NOAA20_SP
20.96428,86.01276,330.21,0.39,0.36,2023-11-21,1951,N20,VIIRS,n,2,292.67,1.99,N,2,VIIRS_NOAA20_SP
20.96483,85.17258,333.6,0.4,0.37,2023-11-21,1951,N20,VIIRS,n,2,296.6,2.34,N,2,VIIRS_NOAA20_SP
20.96541,85.16872,317.54,0.4,0.37,2023-11-21,1951,N20,VIIRS,n,2,294.88,1.93,N,2,VIIRS_NOAA20_SP
20.96676,85.01793,320.39,0.41,0.37,2023-11-21,1951,N20,VIIRS,n,2,293.29,2.37,N,0,VIIRS_NOAA20_SP
20.96759,86.01331,305.76,0.39,0.36,2023-11-21,1951,N20,VIIRS,n,2,292.97,1.99,N,2,VIIRS_NOAA20_SP
20.96769,85.15325,311.66,0.4,0.37,2023-11-21,1951,N20,VIIRS,n,2,293.15,1.87,N,2,VIIRS_NOAA20_SP
20.96816,86.00961,322.12,0.39,0.36,2023-11-21,1951,N20,VIIRS,n,2,293.7,1.99,N,2,VIIRS_NOAA20_SP
20.96821,85.17315,302.62,0.4,0.37,2023-11-21,1951,N20,VIIRS,n,2,292.56,2.46,N,2,VIIRS_NOAA20_SP
20.96878,85.16927,316.17,0.4,0.37,2023-11-21,1951,N20,VIIRS,n,2,294.1,2.22,N,2,VIIRS_NOAA20_SP
20.97016,85.01849,331.92,0.41,0.37,2023-11-21,1951,N20,VIIRS,n,2,296.06,4.34,N,0,VIIRS_NOAA20_SP
20.97034,86.01761,308.48,0.39,0.36,2023-11-21,1951,N20,VIIRS,n,2,292.3,0.71,N,2,VIIRS_NOAA20_SP
20.97073,85.0146,334.81,0.41,0.37,2023-11-21,1951,N20,VIIRS,n,2,292.93,4.34,N,0,VIIRS_NOAA20_SP
20.97102,85.17757,328.49,0.4,0.37,2023-11-21,1951,N20,VIIRS,n,2,293.37,2.46,N,2,VIIRS_NOAA20_SP
20.97159,85.17371,332.4,0.4,0.37,2023-11-21,1951,N20,VIIRS,n,2,294.29,2.46,N,2,VIIRS_NOAA20_SP
20.97216,85.16983,325.33,0.4,0.37,2023-11-21,1951,N20,VIIRS,n,2,294.99,2.22,N,2,VIIRS_NOAA20_SP
20.97536,86.00703,317.42,0.39,0.36,2023-11-21,1951,N20,VIIRS,n,2,292.69,2.49,N,2,VIIRS_NOAA20_SP
20.97611,85.16652,306.41,0.4,0.37,2023-11-21,1951,N20,VIIRS,n,2,294.02,1.45,N,2,VIIRS_NOAA20_SP
20.97673,85.1389,310.63,0.4,0.37,2023-11-21,1951,N20,VIIRS,n,2,293.9,1.4,N,2,VIIRS_NOAA20_SP
20.97731,85.13503,319.1,0.4,0.37,2023-11-21,1951,N20,VIIRS,n,2,294.05,1.4,N,2,VIIRS_NOAA20_SP
20.97787,85.13117,303.64,0.4,0.37,2023-11-21,1951,N20,VIIRS,n,2,293.37,1.11,N,2,VIIRS_NOAA20_SP
20.97897,85.14721,319.6,0.4,0.37,2023-11-21,1951,N20,VIIRS,n,2,293.26,1.87,N,2,VIIRS_NOAA20_SP
20.98521,85.12843,311.4,0.41,0.37,2023-11-21,1951,N20,VIIRS,n,2,292.31,1.54,N,2,VIIRS_NOAA20_SP
20.99851,86.01084,304.79,0.39,0.36,2023-11-21,1951,N20,VIIRS,n,2,291.88,0.81,N,0,VIIRS_NOAA20_SP
21.00289,86.02685,303.06,0.39,0.36,2023-11-21,1951,N20,VIIRS,n,2,291.88,0.41,N,0,VIIRS_NOAA20_SP
21.0654,85.03737,313.46,0.41,0.37,2023-11-21,1951,N20,VIIRS,n,2,293.28,1.23,N,0,VIIRS_NOAA20_SP
21.06596,85.03347,301.38,0.41,0.37,2023-11-21,1951,N20,VIIRS,n,2,290.78,0.6,N,2,VIIRS_NOAA20_SP
21.06879,85.03793,304.08,0.41,0.37,2023-11-21,1951,N20,VIIRS,n,2,293.11,1.24,N,2,VIIRS_NOAA20_SP
21.06936,85.03403,306.69,0.41,0.37,2023-11-21,1951,N20,VIIRS,n,2,293.36,1.62,N,2,VIIRS_NOAA20_SP
21.075,85.04295,307.52,0.41,0.37,2023-11-21,1951,N20,VIIRS,n,2,292.72,2.1,N,2,VIIRS_NOAA20_SP
21.0784,85.04351,323.72,0.41,0.37,2023-11-21,1951,N20,VIIRS,n,2,293.78,2.1,N,2,VIIRS_NOAA20_SP
21.07897,85.0396,328.78,0.41,0.37,2023-11-21,1951,N20,VIIRS,n,2,294.94,2.1,N,2,VIIRS_NOAA20_SP
21.07954,85.03569,308.85,0.41,0.37,2023-11-21,1951,N20,VIIRS,n,2,296.1,2.36,N,2,VIIRS_NOAA20_SP
21.10376,72.63265,327.28,0.73,0.76,2023-11-21,1951,N20,VIIRS,n,2,294.63,5.97,N,2,VIIRS_NOAA20_SP
21.10619,72.63071,329.52,0.73,0.76,2023-11-21,1951,N20,VIIRS,n,2,294.45,3.32,N,2,VIIRS_NOAA20_SP
21.11029,72.64051,321.33,0.73,0.76,2023-11-21,1951,N20,VIIRS,n,2,294.67,5.11,N,2,VIIRS_NOAA20_SP
21.11267,72.63853,304.06,0.73,0.76,2023-11-21,1951,N20,VIIRS,n,2,293.9,3.32,N,2,VIIRS_NOAA20_SP
21.11324,72.63134,306.36,0.73,0.76,2023-11-21,1951,N20,VIIRS,n,2,295.58,3.32,N,2,VIIRS_NOAA20_SP
21.24116,81.38493,303.8,0.4,0.44,2023-11-21,1951,N20,VIIRS,n,2,293.09,0.83,N,2,VIIRS_NOAA20_SP
21.24619,79.22993,299.53,0.55,0.51,2023-11-21,1951,N20,VIIRS,n,2,287.29,0.64,N,0,VIIRS_NOAA20_SP
21.31066,81.59165,303.63,0.39,0.44,2023-11-21,1951,N20,VIIRS,n,2,292.89,1.16,N,2,VIIRS_NOAA20_SP
21.36538,81.64565,304.66,0.39,0.44,2023-11-21,1951,N20,VIIRS,n,2,293.11,1.1,N,2,VIIRS_NOAA20_SP
21.36664,81.64553,304.11,0.39,0.44,2023-11-21,1951,N20,VIIRS,n,2,292.77,1.16,N,2,VIIRS_NOAA20_SP
21.36699,81.67631,310.48,0.39,0.44,2023-11-21,1951,N20,VIIRS,n,2,293.54,1.19,N,2,VIIRS_NOAA20_SP
21.37561,81.63914,304.55,0.39,0.44,2023-11-21,1951,N20,VIIRS,n,2,292.07,1.13,N,2,VIIRS_NOAA20_SP
21.37858,81.68178,305.81,0.39,0.44,2023-11-21,1951,N20,VIIRS,n,2,293.41,2.22,N,2,VIIRS_NOAA20_SP
21.37904,81.67801,310.65,0.39,0.44,2023-11-21,1951,N20,VIIRS,n,2,292.77,2.0,N,2,VIIRS_NOAA20_SP
21.37963,81.63972,302.78,0.39,0.44,2023-11-21,1951,N20,VIIRS,n,2,291.89,0.68,N,2,VIIRS_NOAA20_SP
21.39125,81.64525,320.53,0.39,0.44,2023-11-21,1951,N20,VIIRS,n,2,294.05,2.5,N,2,VIIRS_NOAA20_SP
21.39435,81.65337,301.6,0.39,0.44,2023-11-21,1951,N20,VIIRS,n,2,290.46,0.63,N,0,VIIRS_NOAA20_SP
21.48761,81.7691,316.46,0.39,0.44,2023-11-21,1951,N20,VIIRS,n,2,294.01,2.2,N,2,VIIRS_NOAA20_SP
21.6722,82.08092,303.83,0.56,0.43,2023-11-21,1951,N20,VIIRS,n,2,292.23,1.44,N,2,VIIRS_NOAA20_SP
22.2643,75.12945,300.93,0.52,0.67,2023-11-21,1951,N20,VIIRS,n,2,290.41,1.25,N,2,VIIRS_NOAA20_SP
15.18145,77.10221,303.22,0.63,0.54,2023-11-21,1952,N20,VIIRS,n,2,291.02,1.67,N,2,VIIRS_NOAA20_SP
15.30487,76.21841,305.71,0.37,0.58,2023-11-21,1952,N20,VIIRS,n,2,291.05,0.54,N,0,VIIRS_NOAA20_SP
15.33494,76.284,305.08,0.36,0.57,2023-11-21,1952,N20,VIIRS,n,2,291.86,0.65,N,2,VIIRS_NOAA20_SP
15.83551,74.15849,304.77,0.51,0.66,2023-11-21,1952,N20,VIIRS,n,2,290.91,1.5,N,0,VIIRS_NOAA20_SP
15.94152,75.16846,302.17,0.44,0.62,2023-11-21,1952,N20,VIIRS,n,2,285.1,1.65,N,0,VIIRS_NOAA20_SP
16.08955,75.9169,305.44,0.39,0.59,2023-11-21,1952,N20,VIIRS,n,2,291.23,1.41,N,0,VIIRS_NOAA20_SP
16.08996,75.9132,310.54,0.39,0.59,2023-11-21,1952,N20,VIIRS,n,2,290.99,1.46,N,0,VIIRS_NOAA20_SP
16.31121,75.33438,300.24,0.43,0.62,2023-11-21,1952,N20,VIIRS,n,2,288.53,1.05,N,0,VIIRS_NOAA20_SP
16.61991,74.75832,306.77,0.48,0.64,2023-11-21,1952,N20,VIIRS,n,2,288.66,2.25,N,0,VIIRS_NOAA20_SP
16.62036,74.75385,318.06,0.48,0.64,2023-11-21,1952,N20,VIIRS,n,2,288.22,2.53,N,0,VIIRS_NOAA20_SP
16.92826,74.40802,301.08,0.51,0.66,2023-11-21,1952,N20,VIIRS,n,2,288.21,0.75,N,0,VIIRS_NOAA20_SP
17.06748,76.97841,310.98,0.34,0.56,2023-11-21,1952,N20,VIIRS,n,2,292.59,1.25,N,2,VIIRS_NOAA20_SP
17.1413,77.17357,309.85,0.33,0.55,2023-11-21,1952,N20,VIIRS,n,2,293.02,1.25,N,0,VIIRS_NOAA20_SP
17.14963,78.22384,303.05,0.57,0.52,2023-11-21,1952,N20,VIIRS,n,2,290.63,0.82,N,2,VIIRS_NOAA20_SP
17.33472,77.48132,303.91,0.32,0.54,2023-11-21,1952,N20,VIIRS,n,2,291.51,0.66,N,0,VIIRS_NOAA20_SP
17.60443,83.20047,302.33,0.44,0.39,2023-11-21,1952,N20,VIIRS,n,2,285.05,1.16,N,2,VIIRS_NOAA20_SP
17.60797,83.20102,301.05,0.44,0.39,2023-11-21,1952,N20,VIIRS,n,2,284.39,1.16,N,2,VIIRS_NOAA20_SP
17.69559,83.24442,299.39,0.44,0.39,2023-11-21,1952,N20,VIIRS,n,2,283.09,0.64,N,2,VIIRS_NOAA20_SP
17.88289,83.39803,298.61,0.44,0.38,2023-11-21,1952,N20,VIIRS,n,2,282.11,0.89,N,0,VIIRS_NOAA20_SP
18.29474,76.86356,312.17,0.36,0.57,2023-11-21,1952,N20,VIIRS,n,2,288.27,0.8,N,0,VIIRS_NOAA20_SP
18.80474,74.25549,320.46,0.54,0.68,2023-11-21,1952,N20,VIIRS,n,2,289.45,2.41,N,2,VIIRS_NOAA20_SP
14.87777,75.68665,301.74,0.39,0.59,2023-11-21,1953,N20,VIIRS,n,2,290.3,0.3,N,0,VIIRS_NOAA20_SP
15.00564,76.99725,302.49,0.32,0.55,2023-11-21,1953,N20,VIIRS,n,2,290.64,0.54,N,0,VIIRS_NOAA20_SP
15.01774,76.89568,301.86,0.33,0.55,2023-11-21,1953,N20,VIIRS,n,2,290.79,0.52,N,0,VIIRS_NOAA20_SP
15.07317,76.8627,302.08,0.33,0.55,2023-11-21,1953,N20,VIIRS,n,2,290.96,0.72,N,2,VIIRS_NOAA20_SP
15.1521,76.70726,306.29,0.34,0.56,2023-11-21,1953,N20,VIIRS,n,2,291.03,1.19,N,2,VIIRS_NOAA20_SP
15.16929,76.37869,306.92,0.35,0.57,2023-11-21,1953,N20,VIIRS,n,2,292.76,0.94,N,2,VIIRS_NOAA20_SP
15.17389,76.65551,312.66,0.34,0.56,2023-11-21,1953,N20,VIIRS,n,2,291.73,1.09,N,2,VIIRS_NOAA20_SP
15.17492,76.37601,308.41,0.35,0.57,2023-11-21,1953,N20,VIIRS,n,2,292.8,0.94,N,2,VIIRS_NOAA20_SP
15.17905,76.65611,323.85,0.34,0.56,2023-11-21,1953,N20,VIIRS,n,2,292.44,1.91,N,2,VIIRS_NOAA20_SP
15.17942,76.65295,322.72,0.34,0.56,2023-11-21,1953,N20,VIIRS,n,2,292.78,1.91,N,2,VIIRS_NOAA20_SP
15.18937,76.65733,307.21,0.34,0.56,2023-11-21,1953,N20,VIIRS,n,2,292.77,1.36,N,2,VIIRS_NOAA20_SP
31.25811,76.92359,297.54,0.48,0.65,2023-11-21,2128,N20,VIIRS,n,2,283.45,0.96,N,2,VIIRS_NOAA20_SP
31.6208,74.42696,296.77,0.34,0.56,2023-11-21,2128,N20,VIIRS,n,2,284.85,0.46,N,2,VIIRS_NOAA20_SP
31.64067,74.43354,295.16,0.34,0.56,2023-11-21,2128,N20,VIIRS,n,2,283.56,0.23,N,0,VIIRS_NOAA20_SP
31.65463,74.17522,309.26,0.33,0.55,2023-11-21,2128,N20,VIIRS,n,2,285.21,0.71,N,0,VIIRS_NOAA20_SP
31.70822,74.26128,296.64,0.33,0.55,2023-11-21,2128,N20,VIIRS,n,2,284.05,0.49,N,0,VIIRS_NOAA20_SP
32.08647,74.15783,295.97,0.32,0.54,2023-11-21,2128,N20,VIIRS,n,2,283.62,0.34,N,2,VIIRS_NOAA20_SP
32.09132,74.15942,297.37,0.32,0.54,2023-11-21,2128,N20,VIIRS,n,2,284.19,0.4,N,0,VIIRS_NOAA20_SP
32.2776,74.91811,302.34,0.35,0.57,2023-11-21,2128,N20,VIIRS,n,2,282.59,0.5,N,0,VIIRS_NOAA20_SP
32.29042,70.73682,306.16,0.41,0.45,2023-11-21,2128,N20,VIIRS,n,2,288.48,1.43,N,2,VIIRS_NOAA20_SP
32.29616,70.72976,304.94,0.41,0.45,2023-11-21,2128,N20,VIIRS,n,2,285.31,1.72,N,2,VIIRS_NOAA20_SP
32.31882,76.59072,304.58,0.44,0.62,2023-11-21,2128,N20,VIIRS,n,2,276.53,0.99,N,0,VIIRS_NOAA20_SP
32.4805,76.18938,301.88,0.41,0.6,2023-11-21,2128,N20,VIIRS,n,2,282.98,0.85,N,0,VIIRS_NOAA20_SP
32.88915,71.61423,308.1,0.44,0.46,2023-11-21,2128,N20,VIIRS,n,2,287.4,1.33,N,2,VIIRS_NOAA20_SP
33.00336,69.5851,306.97,0.52,0.41,2023-11-21,2128,N20,VIIRS,n,2,279.14,1.55,N,0,VIIRS_NOAA20_SP
33.40726,71.93693,296.84,0.45,0.47,2023-11-21,2128,N20,VIIRS,n,2,281.67,0.35,N,2,VIIRS_NOAA20_SP
33.80121,72.09804,297.89,0.45,0.47,2023-11-21,2128,N20,VIIRS,n,2,283.84,1.06,N,0,VIIRS_NOAA20_SP
33.98358,73.32835,296.66,0.52,0.5,2023-11-21,2128,N20,VIIRS,n,2,281.88,0.58,N,0,VIIRS_NOAA20_SP
33.98796,73.33002,313.37,0.52,0.5,2023-11-21,2128,N20,VIIRS,n,2,283.03,2.05,N,0,VIIRS_NOAA20_SP
34.66665,73.41566,303.65,0.51,0.49,2023-11-21,2128,N20,VIIRS,n,2,279.97,1.16,N,0,VIIRS_NOAA20_SP
35.81647,71.36909,295.3,0.56,0.43,2023-11-21,2128,N20,VIIRS,n,2,275.03,1.0,N,0,VIIRS_NOAA20_SP
29.46291,76.88966,317.48,0.53,0.67,2023-11-21,2129,N20,VIIRS,n,2,288.49,2.33,N,0,VIIRS_NOAA20_SP
29.90898,74.95145,298.56,0.4,0.6,2023-11-21,2129,N20,VIIRS,n,2,285.63,0.68,N,2,VIIRS_NOAA20_SP
29.93413,69.94039,296.04,0.41,0.45,2023-11-21,2129,N20,VIIRS,n,2,281.84,0.54,N,0,VIIRS_NOAA20_SP
30.7874,74.89133,342.53,0.38,0.58,2023-11-21,2129,N20,VIIRS,n,2,286.52,4.56,N,0,VIIRS_NOAA20_SP
30.78834,74.88754,295.05,0.38,0.58,2023-11-21,2129,N20,VIIRS,n,2,281.59,3.07,N,0,VIIRS_NOAA20_SP
30.78874,74.89171,347.33,0.38,0.58,2023-11-21,2129,N20,VIIRS,n,2,286.24,4.71,N,0,VIIRS_NOAA20_SP
30.82594,74.62222,302.11,0.36,0.58,2023-11-21,2129,N20,VIIRS,n,2,281.87,0.59,N,0,VIIRS_NOAA20_SP
31.16034,70.40155,304.13,0.41,0.45,2023-11-21,2129,N20,VIIRS,n,2,289.07,1.2,N,0,VIIRS_NOAA20_SP
31.16128,70.39706,311.55,0.41,0.45,2023-11-21,2129,N20,VIIRS,n,2,288.14,1.2,N,0,VIIRS_NOAA20_SP
31.21066,72.04926,300.83,0.5,0.49,2023-11-21,2129,N20,VIIRS,n,2,281.6,0.64,N,0,VIIRS_NOAA20_SP
31.21375,72.04726,299.53,0.5,0.49,2023-11-21,2129,N20,VIIRS,n,2,281.18,0.98,N,0,VIIRS_NOAA20_SP
24.66096,74.63069,300.82,0.5,0.66,2023-11-21,2130,N20,VIIRS,n,2,289.29,1.33,N,2,VIIRS_NOAA20_SP
24.66415,74.62991,299.64,0.5,0.66,2023-11-21,2130,N20,VIIRS,n,2,289.25,1.33,N,2,VIIRS_NOAA20_SP
24.69167,73.00139,308.89,0.4,0.6,2023-11-21,2130,N20,VIIRS,n,2,292.75,1.46,N,2,VIIRS_NOAA20_SP
24.82016,73.09298,304.9,0.4,0.6,2023-11-21,2130,N20,VIIRS,n,2,290.7,1.48,N,2,VIIRS_NOAA20_SP
24.82134,73.09337,302.15,0.4,0.6,2023-11-21,2130,N20,VIIRS,n,2,290.56,1.51,N,2,VIIRS_NOAA20_SP
24.93381,74.63097,300.66,0.5,0.65,2023-11-21,2130,N20,VIIRS,n,2,289.39,1.18,N,2,VIIRS_NOAA20_SP
25.58928,68.6074,301.04,0.41,0.45,2023-11-21,2130,N20,VIIRS,n,2,286.83,0.49,N,0,VIIRS_NOAA20_SP
25.6365,68.6696,301.47,0.41,0.45,2023-11-21,2130,N20,VIIRS,n,2,287.85,0.65,N,0,VIIRS_NOAA20_SP
25.79486,68.69768,310.06,0.41,0.45,2023-11-21,2130,N20,VIIRS,n,2,288.49,0.93,N,2,VIIRS_NOAA20_SP
26.09625,68.87802,318.35,0.42,0.45,2023-11-21,2130,N20,VIIRS,n,2,288.47,1.21,N,2,VIIRS_NOAA20_SP
26.8742,73.51519,301.35,0.38,0.59,2023-11-21,2130,N20,VIIRS,n,2,285.37,0.82,N,2,VIIRS_NOAA20_SP
26.88034,73.51299,298.13,0.38,0.59,2023-11-21,2130,N20,VIIRS,n,2,285.55,0.82,N,2,VIIRS_NOAA20_SP
28.42591,69.69924,303.57,0.42,0.45,2023-11-21,2130,N20,VIIRS,n,2,287.71,0.98,N,2,VIIRS_NOAA20_SP
28.6107,68.62556,307.94,0.55,0.43,2023-11-21,2130,N20,VIIRS,n,2,288.46,1.98,N,0,VIIRS_NOAA20_SP
21.10135,72.6349,331.29,0.45,0.63,2023-11-21,2131,N20,VIIRS,n,2,294.9,3.79,N,2,VIIRS_NOAA20_SP
21.10301,72.63357,336.89,0.45,0.63,2023-11-21,2131,N20,VIIRS,n,2,295.57,4.19,N,2,VIIRS_NOAA20_SP
21.10674,72.64346,351.86,0.45,0.63,2023-11-21,2131,N20,VIIRS,n,2,296.21,7.71,N,2,VIIRS_NOAA20_SP
21.10867,72.63503,309.97,0.45,0.63,2023-11-21,2131,N20,VIIRS,n,2,296.41,4.95,N,2,VIIRS_NOAA20_SP
21.31437,73.08674,305.26,0.48,0.64,2023-11-21,2131,N20,VIIRS,n,2,290.15,0.88,N,0,VIIRS_NOAA20_SP
22.26365,75.12955,300.92,0.61,0.71,2023-11-21,2131,N20,VIIRS,n,2,290.13,1.28,N,2,VIIRS_NOAA20_SP
22.34143,69.87901,336.46,0.57,0.52,2023-11-21,2131,N20,VIIRS,n,2,293.63,3.63,N,0,VIIRS_NOAA20_SP
22.34258,69.8662,307.78,0.57,0.52,2023-11-21,2131,N20,VIIRS,n,2,292.64,1.56,N,0,VIIRS_NOAA20_SP
22.34373,69.86822,304.27,0.57,0.52,2023-11-21,2131,N20,VIIRS,n,2,292.28,1.69,N,0,VIIRS_NOAA20_SP
22.34392,69.88361,316.07,0.57,0.52,2023-11-21,2131,N20,VIIRS,n,2,292.95,2.95,N,2,VIIRS_NOAA20_SP
22.34502,69.8782,317.09,0.57,0.52,2023-11-21,2131,N20,VIIRS,n,2,293.43,2.95,N,2,VIIRS_NOAA20_SP
22.3461,69.88016,321.5,0.57,0.52,2023-11-21,2131,N20,VIIRS,n,2,292.97,3.63,N,0,VIIRS_NOAA20_SP
22.92569,69.82379,302.82,0.55,0.51,2023-11-21,2131,N20,VIIRS,n,2,292.45,1.11,N,2,VIIRS_NOAA20_SP
22.93812,69.69618,305.88,0.54,0.51,2023-11-21,2131,N20,VIIRS,n,2,291.45,0.93,N,2,VIIRS_NOAA20_SP
22.98022,72.56399,309.81,0.41,0.6,2023-11-21,2131,N20,VIIRS,n,2,292.84,0.67,N,0,VIIRS_NOAA20_SP
23.43269,68.71116,303.08,0.46,0.47,2023-11-21,2131,N20,VIIRS,n,2,291.3,0.81,N,2,VIIRS_NOAA20_SP
25.3997,68.56451,300.66,0.41,0.45,2023-11-21,2131,N20,VIIRS,n,2,288.17,0.99,N,2,VIIRS_NOAA20_SP
18.00899,74.46402,297.16,0.69,0.74,2023-11-21,2132,N20,VIIRS,n,2,287.0,0.74,N,0,VIIRS_NOAA20_SP
18.40004,74.79832,313.66,0.71,0.75,2023-11-21,2132,N20,VIIRS,n,2,288.01,2.53,N,0,VIIRS_NOAA20_SP
18.40113,74.79894,313.64,0.71,0.75,2023-11-21,2132,N20,VIIRS,n,2,287.59,2.5,N,0,VIIRS_NOAA20_SP
18.6331,73.67123,306.42,0.59,0.7,2023-11-21,2132,N20,VIIRS,n,2,288.31,1.92,N,0,VIIRS_NOAA20_SP
18.97399,71.62504,311.77,0.43,0.62,2023-11-21,2132,N20,VIIRS,n,2,296.02,1.01,N,3,VIIRS_NOAA20_SP
18.97486,71.62106,315.38,0.43,0.62,2023-11-21,2132,N20,VIIRS,n,2,295.77,1.01,N,3,VIIRS_NOAA20_SP
19.17608,70.945,337.94,0.38,0.59,2023-11-21,2132,N20,VIIRS,n,2,295.19,2.77,N,3,VIIRS_NOAA20_SP
19.17897,70.9463,332.23,0.38,0.59,2023-11-21,2132,N20,VIIRS,n,2,294.88,1.49,N,3,VIIRS_NOAA20_SP
19.17974,70.94273,308.19,0.38,0.59,2023-11-21,2132,N20,VIIRS,n,2,294.35,1.49,N,3,VIIRS_NOAA20_SP
19.37128,71.35413,319.88,0.4,0.6,2023-11-21,2132,N20,VIIRS,n,2,295.53,2.0,N,3,VIIRS_NOAA20_SP
19.69081,74.91941,321.54,0.68,0.74,2023-11-21,2132,N20,VIIRS,n,2,286.98,2.68,N,0,VIIRS_NOAA20_SP
19.69458,74.91972,319.43,0.68,0.74,2023-11-21,2132,N20,VIIRS,n,2,286.84,2.67,N,0,VIIRS_NOAA20_SP
20.90804,71.45676,303.83,0.38,0.59,2023-11-21,2132,N20,VIIRS,n,2,293.46,1.04,N,2,VIIRS_NOAA20_SP
20.91035,71.45757,314.28,0.38,0.59,2023-11-21,2132,N20,VIIRS,n,2,294.59,1.63,N,2,VIIRS_NOAA20_SP
20.91334,71.45808,305.84,0.38,0.59,2023-11-21,2132,N20,VIIRS,n,2,292.52,0.8,N,2,VIIRS_NOAA20_SP
16.3708,95.71502,332.73,0.42,0.38,2023-11-22,701,N20,VIIRS,n,2,298.55,5.0,D,0,VIIRS_NOAA20_SP
16.4794,95.54205,332.32,0.42,0.38,2023-11-22,701,N20,VIIRS,n,2,299.07,2.43,D,0,VIIRS_NOAA20_SP
16.49375,95.76983,333.72,0.43,0.38,2023-11-22,701,N20,VIIRS,n,2,299.73,2.25,D,0,VIIRS_NOAA20_SP
16.5128,95.77921,334.0,0.43,0.38,2023-11-22,701,N20,VIIRS,n,2,299.41,2.43,D,0,VIIRS_NOAA20_SP
16.54998,95.74107,337.08,0.43,0.38,2023-11-22,701,N20,VIIRS,n,2,299.85,2.95,D,0,VIIRS_NOAA20_SP
16.55346,95.74055,343.07,0.43,0.38,2023-11-22,701,N20,VIIRS,n,2,301.85,6.46,D,0,VIIRS_NOAA20_SP
16.55402,95.74454,335.69,0.43,0.38,2023-11-22,701,N20,VIIRS,n,2,300.3,6.46,D,0,VIIRS_NOAA20_SP
16.55547,95.7402,336.73,0.43,0.38,2023-11-22,701,N20,VIIRS,n,2,300.76,3.32,D,0,VIIRS_NOAA20_SP
16.55548,94.77442,330.77,0.4,0.37,2023-11-22,701,N20,VIIRS,n,2,298.44,2.58,D,0,VIIRS_NOAA20_SP
16.55729,95.72772,334.29,0.43,0.38,2023-11-22,701,N20,VIIRS,n,2,300.63,3.98,D,0,VIIRS_NOAA20_SP
16.58073,94.66419,335.48,0.4,0.37,2023-11-22,701,N20,VIIRS,n,2,298.73,4.99,D,0,VIIRS_NOAA20_SP
16.66666,96.47806,332.11,0.46,0.39,2023-11-22,701,N20,VIIRS,n,2,294.23,3.59,D,0,VIIRS_NOAA20_SP
16.67102,97.6214,339.36,0.52,0.42,2023-11-22,701,N20,VIIRS,n,2,299.81,5.74,D,0,VIIRS_NOAA20_SP
16.68514,96.70496,341.72,0.47,0.4,2023-11-22,701,N20,VIIRS,n,2,297.85,4.75,D,0,VIIRS_NOAA20_SP
16.68595,96.70555,333.59,0.47,0.4,2023-11-22,701,N20,VIIRS,n,2,297.86,4.09,D,0,VIIRS_NOAA20_SP
16.7262,95.45673,330.1,0.42,0.38,2023-11-22,701,N20,VIIRS,n,2,299.4,2.61,D,0,VIIRS_NOAA20_SP
16.72713,96.70858,333.74,0.47,0.4,2023-11-22,701,N20,VIIRS,n,2,297.48,2.49,D,0,VIIRS_NOAA20_SP
16.74114,96.67518,330.5,0.47,0.4,2023-11-22,701,N20,VIIRS,n,2,295.71,3.91,D,0,VIIRS_NOAA20_SP
16.77198,95.93035,336.5,0.44,0.38,2023-11-22,701,N20,VIIRS,n,2,299.62,5.47,D,0,VIIRS_NOAA20_SP
16.79626,96.72561,333.48,0.47,0.4,2023-11-22,701,N20,VIIRS,n,2,298.17,2.17,D,0,VIIRS_NOAA20_SP
16.79668,96.72661,334.2,0.47,0.4,2023-11-22,701,N20,VIIRS,n,2,298.5,3.75,D,0,VIIRS_NOAA20_SP
16.86897,96.71166,331.26,0.47,0.4,2023-11-22,701,N20,VIIRS,n,2,298.32,3.18,D,0,VIIRS_NOAA20_SP
16.87565,96.70619,330.42,0.47,0.4,2023-11-22,701,N20,VIIRS,n,2,298.41,4.05,D,0,VIIRS_NOAA20_SP
16.93627,96.54678,333.03,0.47,0.39,2023-11-22,701,N20,VIIRS,n,2,297.43,4.13,D,0,VIIRS_NOAA20_SP
16.95776,94.997,334.5,0.41,0.37,2023-11-22,701,N20,VIIRS,n,2,299.19,3.89,D,0,VIIRS_NOAA20_SP
16.96403,96.50729,337.92,0.46,0.39,2023-11-22,701,N20,VIIRS,n,2,296.88,5.31,D,0,VIIRS_NOAA20_SP
16.97821,94.97056,335.33,0.41,0.37,2023-11-22,701,N20,VIIRS,n,2,302.13,4.12,D,0,VIIRS_NOAA20_SP
16.98147,96.52692,330.51,0.46,0.39,2023-11-22,701,N20,VIIRS,l,2,300.86,2.9,D,0,VIIRS_NOAA20_SP
16.98728,94.9614,338.46,0.41,0.37,2023-11-22,701,N20,VIIRS,n,2,300.1,3.39,D,0,VIIRS_NOAA20_SP
16.98811,94.96047,341.93,0.41,0.37,2023-11-22,701,N20,VIIRS,n,2,300.48,4.85,D,0,VIIRS_NOAA20_SP
17.00458,95.02793,333.95,0.41,0.37,2023-11-22,701,N20,VIIRS,n,2,300.41,2.69,D,0,VIIRS_NOAA20_SP
17.0304,97.07784,334.5,0.5,0.41,2023-11-22,701,N20,VIIRS,n,2,297.34,4.15,D,0,VIIRS_NOAA20_SP
17.07239,96.61735,331.27,0.47,0.4,2023-11-22,701,N20,VIIRS,n,2,300.95,3.2,D,0,VIIRS_NOAA20_SP
17.07617,95.1895,331.21,0.41,0.37,2023-11-22,701,N20,VIIRS,n,2,299.36,2.51,D,0,VIIRS_NOAA20_SP
17.0766,97.18713,333.04,0.5,0.41,2023-11-22,701,N20,VIIRS,n,2,295.26,4.69,D,0,VIIRS_NOAA20_SP
17.08626,96.692,332.23,0.47,0.4,2023-11-22,701,N20,VIIRS,n,2,298.81,4.68,D,0,VIIRS_NOAA20_SP
17.10508,96.5589,331.94,0.47,0.4,2023-11-22,701,N20,VIIRS,n,2,300.2,2.27,D,0,VIIRS_NOAA20_SP
17.10531,97.20226,335.02,0.5,0.41,2023-11-22,701,N20,VIIRS,n,2,297.91,5.38,D,0,VIIRS_NOAA20_SP
17.1187,95.09287,330.24,0.41,0.37,2023-11-22,701,N20,VIIRS,n,2,299.85,1.98,D,0,VIIRS_NOAA20_SP
17.13532,97.11191,331.65,0.5,0.41,2023-11-22,701,N20,VIIRS,n,2,295.49,3.5,D,0,VIIRS_NOAA20_SP
17.14279,97.11085,336.44,0.5,0.41,2023-11-22,701,N20,VIIRS,n,2,298.1,6.95,D,0,VIIRS_NOAA20_SP
17.1999,96.23427,330.94,0.45,0.39,2023-11-22,701,N20,VIIRS,n,2,299.09,3.55,D,0,VIIRS_NOAA20_SP
17.20414,95.872,334.11,0.44,0.38,2023-11-22,701,N20,VIIRS,n,2,298.45,3.49,D,0,VIIRS_NOAA20_SP
17.20606,95.80917,344.02,0.44,0.38,2023-11-22,701,N20,VIIRS,n,2,298.85,5.81,D,0,VIIRS_NOAA20_SP
17.21583,94.96449,335.09,0.41,0.37,2023-11-22,701,N20,VIIRS,n,2,300.07,3.93,D,0,VIIRS_NOAA20_SP
17.2161,95.14091,335.52,0.41,0.37,2023-11-22,701,N20,VIIRS,n,2,301.21,6.11,D,0,VIIRS_NOAA20_SP
17.21804,95.0816,333.22,0.41,0.37,2023-11-22,701,N20,VIIRS,n,2,298.21,2.55,D,0,VIIRS_NOAA20_SP
17.24125,95.41594,335.4,0.42,0.38,2023-11-22,701,N20,VIIRS,n,2,301.16,2.75,D,0,VIIRS_NOAA20_SP
17.26574,96.86546,331.96,0.49,0.4,2023-11-22,701,N20,VIIRS,n,2,298.14,4.01,D,0,VIIRS_NOAA20_SP
17.26706,96.6225,332.28,0.47,0.4,2023-11-22,701,N20,VIIRS,n,2,296.66,3.39,D,0,VIIRS_NOAA20_SP
17.27809,96.84512,340.37,0.49,0.4,2023-11-22,701,N20,VIIRS,n,2,296.89,6.96,D,0,VIIRS_NOAA20_SP
17.30082,96.8465,335.84,0.49,0.4,2023-11-22,701,N20,VIIRS,n,2,295.01,5.36,D,0,VIIRS_NOAA20_SP
17.34211,96.68134,337.71,0.48,0.4,2023-11-22,701,N20,VIIRS,n,2,297.05,7.0,D,0,VIIRS_NOAA20_SP
17.37947,96.59874,332.77,0.47,0.4,2023-11-22,701,N20,VIIRS,n,2,299.5,2.67,D,0,VIIRS_NOAA20_SP
17.39823,96.65501,336.62,0.48,0.4,2023-11-22,701,N20,VIIRS,n,2,299.9,4.74,D,0,VIIRS_NOAA20_SP
17.40477,96.78707,336.26,0.48,0.4,2023-11-22,701,N20,VIIRS,n,2,298.36,5.43,D,0,VIIRS_NOAA20_SP
17.42446,96.54366,341.25,0.47,0.4,2023-11-22,701,N20,VIIRS,n,2,302.23,4.67,D,0,VIIRS_NOAA20_SP
17.44241,96.59525,341.35,0.47,0.4,2023-11-22,701,N20,VIIRS,n,2,302.67,5.56,D,0,VIIRS_NOAA20_SP
17.44605,96.59473,345.85,0.47,0.4,2023-11-22,701,N20,VIIRS,n,2,300.6,5.56,D,0,VIIRS_NOAA20_SP
17.45354,96.53943,332.43,0.47,0.4,2023-11-22,701,N20,VIIRS,n,2,299.75,3.41,D,0,VIIRS_NOAA20_SP
17.45581,96.58426,336.73,0.47,0.4,2023-11-22,701,N20,VIIRS,n,2,302.08,3.9,D,0,VIIRS_NOAA20_SP
17.46142,95.02094,335.09,0.41,0.37,2023-11-22,701,N20,VIIRS,n,2,300.11,3.78,D,0,VIIRS_NOAA20_SP
17.49594,96.85903,332.91,0.49,0.4,2023-11-22,701,N20,VIIRS,n,2,296.37,1.95,D,0,VIIRS_NOAA20_SP
17.56429,95.60463,335.82,0.43,0.38,2023-11-22,701,N20,VIIRS,n,2,301.45,6.17,D,0,VIIRS_NOAA20_SP
17.6012,96.78053,330.24,0.49,0.4,2023-11-22,701,N20,VIIRS,n,2,299.49,1.53,D,0,VIIRS_NOAA20_SP
17.64055,96.7378,330.09,0.48,0.4,2023-11-22,701,N20,VIIRS,n,2,299.81,1.9,D,0,VIIRS_NOAA20_SP
17.65359,94.99497,334.69,0.41,0.37,2023-11-22,701,N20,VIIRS,n,2,299.26,7.04,D,0,VIIRS_NOAA20_SP
17.655,95.1533,342.5,0.42,0.37,2023-11-22,701,N20,VIIRS,n,2,301.09,5.22,D,0,VIIRS_NOAA20_SP
17.67129,95.3921,330.64,0.42,0.38,2023-11-22,701,N20,VIIRS,n,2,299.99,2.51,D,0,VIIRS_NOAA20_SP
17.68099,96.73794,335.83,0.48,0.4,2023-11-22,701,N20,VIIRS,n,2,299.67,3.14,D,0,VIIRS_NOAA20_SP
17.68946,96.77387,345.14,0.49,0.4,2023-11-22,701,N20,VIIRS,n,2,300.44,6.25,D,0,VIIRS_NOAA20_SP
17.69206,95.11983,344.75,0.42,0.37,2023-11-22,701,N20,VIIRS,n,2,298.11,3.24,D,0,VIIRS_NOAA20_SP
17.69572,96.73582,329.31,0.48,0.4,2023-11-22,701,N20,VIIRS,l,2,299.96,2.56,D,0,VIIRS_NOAA20_SP
17.69747,95.259,333.98,0.42,0.38,2023-11-22,701,N20,VIIRS,n,2,299.98,2.59,D,0,VIIRS_NOAA20_SP
17.69793,95.18674,336.22,0.42,0.37,2023-11-22,701,N20,VIIRS,n,2,301.59,7.52,D,0,VIIRS_NOAA20_SP
17.70473,96.52368,335.99,0.47,0.4,2023-11-22,701,N20,VIIRS,n,2,299.08,5.24,D,0,VIIRS_NOAA20_SP
17.71706,96.81193,337.41,0.49,0.4,2023-11-22,701,N20,VIIRS,n,2,298.93,5.89,D,0,VIIRS_NOAA20_SP
17.73816,95.47603,331.99,0.43,0.38,2023-11-22,701,N20,VIIRS,n,2,299.81,2.16,D,0,VIIRS_NOAA20_SP
17.7479,96.78881,332.24,0.49,0.4,2023-11-22,701,N20,VIIRS,n,2,299.69,3.94,D,0,VIIRS_NOAA20_SP
17.74851,96.7934,338.96,0.49,0.4,2023-11-22,701,N20,VIIRS,n,2,299.36,3.94,D,0,VIIRS_NOAA20_SP
17.75159,96.78829,340.17,0.49,0.4,2023-11-22,701,N20,VIIRS,n,2,301.06,7.01,D,0,VIIRS_NOAA20_SP
17.76268,96.78671,337.22,0.49,0.4,2023-11-22,701,N20,VIIRS,n,2,300.04,4.69,D,0,VIIRS_NOAA20_SP
17.8196,95.05696,333.91,0.41,0.37,2023-11-22,701,N20,VIIRS,n,2,298.96,4.85,D,0,VIIRS_NOAA20_SP
17.8207,95.06474,334.01,0.41,0.37,2023-11-22,701,N20,VIIRS,n,2,298.6,5.45,D,0,VIIRS_NOAA20_SP
17.84862,95.06443,333.66,0.41,0.37,2023-11-22,701,N20,VIIRS,n,2,299.21,2.17,D,0,VIIRS_NOAA20_SP
17.86799,95.22556,346.82,0.42,0.38,2023-11-22,701,N20,VIIRS,n,2,300.83,7.13,D,0,VIIRS_NOAA20_SP
17.87982,95.28429,341.24,0.42,0.38,2023-11-22,701,N20,VIIRS,n,2,300.46,3.91,D,0,VIIRS_NOAA20_SP
17.88038,95.28825,332.86,0.42,0.38,2023-11-22,701,N20,VIIRS,n,2,297.83,3.91,D,0,VIIRS_NOAA20_SP
17.94617,96.60032,333.52,0.48,0.4,2023-11-22,701,N20,VIIRS,n,2,299.69,1.59,D,0,VIIRS_NOAA20_SP
17.94619,96.54529,333.54,0.48,0.4,2023-11-22,701,N20,VIIRS,n,2,299.64,2.22,D,0,VIIRS_NOAA20_SP
17.95168,96.55823,351.67,0.48,0.4,2023-11-22,701,N20,VIIRS,n,2,300.95,5.79,D,0,VIIRS_NOAA20_SP
17.95168,96.61335,331.09,0.48,0.4,2023-11-22,701,N20,VIIRS,n,2,299.74,2.7,D,0,VIIRS_NOAA20_SP
17.95412,96.63145,334.39,0.48,0.4,2023-11-22,701,N20,VIIRS,n,2,298.66,3.53,D,0,VIIRS_NOAA20_SP
17.95675,95.33776,336.99,0.42,0.38,2023-11-22,701,N20,VIIRS,n,2,299.44,3.95,D,0,VIIRS_NOAA20_SP
17.96574,96.60672,344.33,0.48,0.4,2023-11-22,701,N20,VIIRS,n,2,299.52,6.24,D,0,VIIRS_NOAA20_SP
17.97547,96.59783,334.66,0.48,0.4,2023-11-22,701,N20,VIIRS,n,2,299.43,4.02,D,0,VIIRS_NOAA20_SP
17.97594,96.63008,338.26,0.48,0.4,2023-11-22,701,N20,VIIRS,n,2,299.23,6.11,D,0,VIIRS_NOAA20_SP
17.97613,96.60062,336.56,0.48,0.4,2023-11-22,701,N20,VIIRS,n,2,299.81,3.45,D,0,VIIRS_NOAA20_SP
17.98717,96.57313,345.8,0.48,0.4,2023-11-22,701,N20,VIIRS,n,2,300.19,6.71,D,0,VIIRS_NOAA20_SP
17.99391,96.56756,332.71,0.48,0.4,2023-11-22,701,N20,VIIRS,n,2,299.77,2.3,D,0,VIIRS_NOAA20_SP
17.99491,96.63196,333.91,0.48,0.4,2023-11-22,701,N20,VIIRS,n,2,297.49,4.35,D,0,VIIRS_NOAA20_SP
17.99885,96.54849,333.6,0.48,0.4,2023-11-22,701,N20,VIIRS,n,2,299.79,4.1,D,0,VIIRS_NOAA20_SP
18.00773,96.64401,336.84,0.48,0.4,2023-11-22,701,N20,VIIRS,n,2,300.0,3.76,D,0,VIIRS_NOAA20_SP
18.01268,96.62476,334.45,0.48,0.4,2023-11-22,701,N20,VIIRS,n,2,299.3,3.62,D,0,VIIRS_NOAA20_SP
18.01522,96.58747,329.81,0.48,0.4,2023-11-22,701,N20,VIIRS,n,2,299.3,3.18,D,0,VIIRS_NOAA20_SP
18.01763,96.60557,334.71,0.48,0.4,2023-11-22,701,N20,VIIRS,n,2,299.3,2.58,D,0,VIIRS_NOAA20_SP
18.03783,96.58881,333.13,0.48,0.4,2023-11-22,701,N20,VIIRS,n,2,299.82,2.91,D,0,VIIRS_NOAA20_SP
18.03973,96.51965,329.74,0.48,0.4,2023-11-22,701,N20,VIIRS,n,2,297.42,2.5,D,0,VIIRS_NOAA20_SP
18.06045,96.53498,332.25,0.48,0.4,2023-11-22,701,N20,VIIRS,n,2,299.28,1.99,D,0,VIIRS_NOAA20_SP
18.15786,96.76409,330.67,0.49,0.4,2023-11-22,701,N20,VIIRS,n,2,298.74,3.6,D,0,VIIRS_NOAA20_SP
18.231,96.64212,340.56,0.49,0.4,2023-11-22,701,N20,VIIRS,n,2,299.4,8.28,D,0,VIIRS_NOAA20_SP
18.24766,96.59783,332.81,0.48,0.4,2023-11-22,701,N20,VIIRS,n,2,298.65,4.47,D,0,VIIRS_NOAA20_SP
18.26175,96.61906,334.61,0.48,0.4,2023-11-22,701,N20,VIIRS,n,2,299.63,4.31,D,0,VIIRS_NOAA20_SP
18.26973,96.62258,329.04,0.48,0.4,2023-11-22,701,N20,VIIRS,l,2,299.62,1.87,D,0,VIIRS_NOAA20_SP
18.28202,96.63014,328.18,0.49,0.4,2023-11-22,701,N20,VIIRS,l,2,299.44,3.06,D,0,VIIRS_NOAA20_SP
18.28573,96.68572,338.7,0.49,0.4,2023-11-22,701,N20,VIIRS,n,2,299.81,5.39,D,0,VIIRS_NOAA20_SP
18.30066,96.52211,331.61,0.48,0.4,2023-11-22,701,N20,VIIRS,n,2,298.86,2.28,D,0,VIIRS_NOAA20_SP
18.32164,96.65386,328.32,0.49,0.4,2023-11-22,701,N20,VIIRS,l,2,299.87,2.86,D,0,VIIRS_NOAA20_SP
18.33642,96.65173,338.3,0.49,0.4,2023-11-22,701,N20,VIIRS,n,2,300.88,4.57,D,0,VIIRS_NOAA20_SP
18.40566,96.52718,330.2,0.48,0.4,2023-11-22,701,N20,VIIRS,n,2,297.36,1.71,D,0,VIIRS_NOAA20_SP
18.48685,95.62434,330.86,0.44,0.38,2023-11-22,701,N20,VIIRS,n,2,298.47,3.56,D,0,VIIRS_NOAA20_SP
18.48758,95.62517,333.91,0.44,0.38,2023-11-22,701,N20,VIIRS,n,2,298.73,3.43,D,0,VIIRS_NOAA20_SP
18.49205,95.66164,333.71,0.44,0.38,2023-11-22,701,N20,VIIRS,n,2,300.43,10.33,D,0,VIIRS_NOAA20_SP
18.49261,95.66253,340.55,0.44,0.38,2023-11-22,701,N20,VIIRS,n,2,303.44,21.13,D,0,VIIRS_NOAA20_SP
18.49263,95.6658,335.74,0.44,0.38,2023-11-22,701,N20,VIIRS,n,2,300.0,8.52,D,0,VIIRS_NOAA20_SP
18.49616,95.66528,337.31,0.44,0.38,2023-11-22,701,N20,VIIRS,n,2,301.53,8.52,D,0,VIIRS_NOAA20_SP
18.57593,96.63008,328.6,0.49,0.4,2023-11-22,701,N20,VIIRS,n,2,297.85,2.73,D,0,VIIRS_NOAA20_SP
18.59301,95.49963,340.6,0.44,0.38,2023-11-22,701,N20,VIIRS,n,2,300.24,4.73,D,0,VIIRS_NOAA20_SP
17.92135,78.34716,334.73,0.79,0.78,2023-11-22,702,N20,VIIRS,n,2,289.56,6.09,D,0,VIIRS_NOAA20_SP
18.71889,95.13816,330.06,0.42,0.38,2023-11-22,702,N20,VIIRS,n,2,296.74,1.51,D,0,VIIRS_NOAA20_SP
18.89354,96.35561,340.97,0.48,0.4,2023-11-22,702,N20,VIIRS,n,2,298.37,12.14,D,0,VIIRS_NOAA20_SP
18.89389,95.37693,345.35,0.43,0.38,2023-11-22,702,N20,VIIRS,n,2,299.51,5.54,D,0,VIIRS_NOAA20_SP
18.92146,96.37131,333.86,0.48,0.4,2023-11-22,702,N20,VIIRS,n,2,298.05,1.9,D,0,VIIRS_NOAA20_SP
18.92512,96.37077,335.5,0.48,0.4,2023-11-22,702,N20,VIIRS,n,2,300.06,5.51,D,0,VIIRS_NOAA20_SP
19.68036,96.16468,332.85,0.48,0.4,2023-11-22,702,N20,VIIRS,n,2,296.84,2.99,D,0,VIIRS_NOAA20_SP
19.68402,96.16415,333.52,0.48,0.4,2023-11-22,702,N20,VIIRS,n,2,296.84,4.55,D,0,VIIRS_NOAA20_SP
19.82409,85.16692,327.17,0.52,0.5,2023-11-22,702,N20,VIIRS,n,2,293.76,3.44,D,0,VIIRS_NOAA20_SP
19.83452,96.03671,333.76,0.47,0.4,2023-11-22,702,N20,VIIRS,n,2,297.74,4.08,D,0,VIIRS_NOAA20_SP
19.9851,83.6086,337.13,0.33,0.55,2023-11-22,702,N20,VIIRS,n,2,291.4,2.12,D,0,VIIRS_NOAA20_SP
21.09145,97.11715,331.35,0.56,0.43,2023-11-22,702,N20,VIIRS,n,2,297.59,6.0,D,0,VIIRS_NOAA20_SP
21.09538,97.11663,329.62,0.56,0.43,2023-11-22,702,N20,VIIRS,n,2,295.88,6.0,D,0,VIIRS_NOAA20_SP
21.09603,97.12196,330.61,0.56,0.43,2023-11-22,702,N20,VIIRS,n,2,294.96,7.81,D,0,VIIRS_NOAA20_SP
20.79463,85.2565,340.55,0.5,0.49,2023-11-22,703,N20,VIIRS,n,2,298.45,5.2,D,2,VIIRS_NOAA20_SP
20.86714,82.84408,349.35,0.35,0.57,2023-11-22,703,N20,VIIRS,n,2,294.0,6.77,D,0,VIIRS_NOAA20_SP
20.86847,82.85049,339.25,0.35,0.57,2023-11-22,703,N20,VIIRS,n,2,293.22,3.73,D,0,VIIRS_NOAA20_SP
20.86879,82.8438,367.0,0.35,0.57,2023-11-22,703,N20,VIIRS,h,2,295.5,13.43,D,0,VIIRS_NOAA20_SP
20.87019,82.85032,343.24,0.35,0.57,2023-11-22,703,N20,VIIRS,n,2,293.81,3.76,D,0,VIIRS_NOAA20_SP
20.87149,84.99385,338.39,0.51,0.5,2023-11-22,703,N20,VIIRS,n,2,297.25,6.05,D,2,VIIRS_NOAA20_SP
20.87227,82.84289,367.0,0.35,0.57,2023-11-22,703,N20,VIIRS,h,2,294.51,6.77,D,0,VIIRS_NOAA20_SP
20.96483,85.17453,330.64,0.5,0.49,2023-11-22,703,N20,VIIRS,l,2,301.27,9.11,D,2,VIIRS_NOAA20_SP
20.9672,85.02014,335.77,0.51,0.49,2023-11-22,703,N20,VIIRS,n,2,294.66,11.9,D,0,VIIRS_NOAA20_SP
20.96925,85.17351,338.09,0.5,0.49,2023-11-22,703,N20,VIIRS,n,2,302.39,4.83,D,2,VIIRS_NOAA20_SP
20.97017,85.17822,336.93,0.5,0.49,2023-11-22,703,N20,VIIRS,n,2,300.26,4.83,D,2,VIIRS_NOAA20_SP
21.07602,85.04286,330.87,0.51,0.49,2023-11-22,703,N20,VIIRS,n,2,300.57,4.39,D,2,VIIRS_NOAA20_SP
21.17567,81.74926,331.76,0.41,0.61,2023-11-22,703,N20,VIIRS,n,2,297.81,5.03,D,0,VIIRS_NOAA20_SP
21.17644,81.75288,347.43,0.41,0.61,2023-11-22,703,N20,VIIRS,n,2,297.93,4.32,D,0,VIIRS_NOAA20_SP
21.17653,81.75308,339.62,0.41,0.61,2023-11-22,703,N20,VIIRS,n,2,297.01,4.05,D,0,VIIRS_NOAA20_SP
21.30967,81.0816,329.11,0.45,0.63,2023-11-22,703,N20,VIIRS,n,2,296.43,1.53,D,0,VIIRS_NOAA20_SP
21.44346,81.11137,340.18,0.44,0.63,2023-11-22,703,N20,VIIRS,n,2,298.71,5.04,D,0,VIIRS_NOAA20_SP
21.44492,81.22437,334.59,0.44,0.62,2023-11-22,703,N20,VIIRS,n,2,297.82,2.95,D,0,VIIRS_NOAA20_SP
21.46832,82.0964,329.15,0.38,0.59,2023-11-22,703,N20,VIIRS,n,2,297.24,1.68,D,0,VIIRS_NOAA20_SP
21.47924,81.35246,336.27,0.43,0.62,2023-11-22,703,N20,VIIRS,n,2,298.35,3.19,D,0,VIIRS_NOAA20_SP
21.57487,81.18584,330.21,0.44,0.62,2023-11-22,703,N20,VIIRS,n,2,298.59,1.99,D,0,VIIRS_NOAA20_SP
21.64809,81.49222,332.57,0.42,0.61,2023-11-22,703,N20,VIIRS,n,2,300.53,2.4,D,0,VIIRS_NOAA20_SP
21.69055,81.32029,337.61,0.43,0.62,2023-11-22,703,N20,VIIRS,n,2,298.32,3.81,D,0,VIIRS_NOAA20_SP
21.71396,81.45213,333.95,0.42,0.61,2023-11-22,703,N20,VIIRS,n,2,300.16,2.66,D,0,VIIRS_NOAA20_SP
21.74911,81.76601,330.05,0.4,0.6,2023-11-22,703,N20,VIIRS,n,2,300.14,2.78,D,0,VIIRS_NOAA20_SP
21.76233,81.56715,331.55,0.41,0.61,2023-11-22,703,N20,VIIRS,n,2,299.9,2.34,D,0,VIIRS_NOAA20_SP
21.76399,81.49747,336.63,0.41,0.61,2023-11-22,703,N20,VIIRS,n,2,300.27,3.43,D,0,VIIRS_NOAA20_SP
21.7643,81.49731,332.46,0.41,0.61,2023-11-22,703,N20,VIIRS,n,2,300.18,2.29,D,0,VIIRS_NOAA20_SP
21.85981,81.38256,331.19,0.42,0.61,2023-11-22,703,N20,VIIRS,n,2,298.43,1.88,D,0,VIIRS_NOAA20_SP
21.9181,79.53175,331.09,0.55,0.68,2023-11-22,703,N20,VIIRS,n,2,296.79,4.54,D,0,VIIRS_NOAA20_SP
21.93268,81.74393,329.54,0.4,0.6,2023-11-22,703,N20,VIIRS,n,2,299.08,2.33,D,0,VIIRS_NOAA20_SP
22.04169,79.51134,330.11,0.54,0.68,2023-11-22,703,N20,VIIRS,n,2,300.34,3.13,D,0,VIIRS_NOAA20_SP
22.05189,88.12492,336.04,0.49,0.4,2023-11-22,703,N20,VIIRS,n,2,304.17,1.58,D,2,VIIRS_NOAA20_SP
22.10419,79.55829,331.15,0.54,0.68,2023-11-22,703,N20,VIIRS,n,2,296.52,3.03,D,0,VIIRS_NOAA20_SP
22.10451,79.5596,329.01,0.54,0.68,2023-11-22,703,N20,VIIRS,n,2,296.13,2.28,D,0,VIIRS_NOAA20_SP
22.10515,81.55856,336.08,0.4,0.6,2023-11-22,703,N20,VIIRS,n,2,298.42,2.07,D,0,VIIRS_NOAA20_SP
22.106,81.55721,332.49,0.4,0.6,2023-11-22,703,N20,VIIRS,n,2,299.08,2.47,D,0,VIIRS_NOAA20_SP
22.23888,79.63869,332.62,0.53,0.67,2023-11-22,703,N20,VIIRS,n,2,297.62,4.08,D,0,VIIRS_NOAA20_SP
22.32947,82.65364,335.52,0.34,0.56,2023-11-22,703,N20,VIIRS,n,2,300.93,2.38,D,2,VIIRS_NOAA20_SP
22.33014,82.65681,333.66,0.34,0.56,2023-11-22,703,N20,VIIRS,n,2,301.05,2.38,D,2,VIIRS_NOAA20_SP
22.37702,87.28082,333.24,0.53,0.42,2023-11-22,703,N20,VIIRS,n,2,304.22,5.72,D,2,VIIRS_NOAA20_SP
22.41307,79.72408,329.66,0.52,0.67,2023-11-22,703,N20,VIIRS,n,2,299.36,4.1,D,0,VIIRS_NOAA20_SP
22.46869,79.82738,328.86,0.51,0.66,2023-11-22,703,N20,VIIRS,n,2,296.73,1.64,D,0,VIIRS_NOAA20_SP
22.47624,93.49572,329.55,0.4,0.37,2023-11-22,703,N20,VIIRS,n,2,290.07,3.11,D,0,VIIRS_NOAA20_SP
22.48572,80.19507,332.65,0.48,0.65,2023-11-22,703,N20,VIIRS,n,2,297.27,3.04,D,0,VIIRS_NOAA20_SP
22.69268,87.53867,333.68,0.51,0.41,2023-11-22,703,N20,VIIRS,n,2,299.94,2.19,D,0,VIIRS_NOAA20_SP
22.70517,87.50046,332.9,0.51,0.41,2023-11-22,703,N20,VIIRS,n,2,300.0,1.47,D,0,VIIRS_NOAA20_SP
22.72225,87.91442,328.34,0.49,0.4,2023-11-22,703,N20,VIIRS,l,2,300.56,2.08,D,0,VIIRS_NOAA20_SP
22.72337,87.91677,329.36,0.49,0.4,2023-11-22,703,N20,VIIRS,n,2,301.07,2.5,D,0,VIIRS_NOAA20_SP
22.75916,78.70464,329.86,0.59,0.7,2023-11-22,703,N20,VIIRS,n,2,293.52,2.66,D,0,VIIRS_NOAA20_SP
22.79207,86.19536,343.5,0.4,0.44,2023-11-22,703,N20,VIIRS,n,2,301.09,3.96,D,2,VIIRS_NOAA20_SP
22.79754,86.20214,330.19,0.4,0.44,2023-11-22,703,N20,VIIRS,l,2,301.2,3.19,D,2,VIIRS_NOAA20_SP
22.80184,94.04781,326.26,0.42,0.38,2023-11-22,703,N20,VIIRS,n,2,299.66,2.35,D,0,VIIRS_NOAA20_SP
22.80674,88.44195,332.79,0.46,0.39,2023-11-22,703,N20,VIIRS,n,2,298.53,3.4,D,0,VIIRS_NOAA20_SP
22.82991,87.5872,345.51,0.5,0.41,2023-11-22,703,N20,VIIRS,n,2,300.34,9.55,D,0,VIIRS_NOAA20_SP
22.83473,87.57111,330.8,0.51,0.41,2023-11-22,703,N20,VIIRS,l,2,300.93,3.79,D,0,VIIRS_NOAA20_SP
22.83727,87.9257,333.64,0.49,0.4,2023-11-22,703,N20,VIIRS,n,2,299.92,3.81,D,0,VIIRS_NOAA20_SP
22.83856,87.92924,328.42,0.49,0.4,2023-11-22,703,N20,VIIRS,l,2,299.04,3.42,D,0,VIIRS_NOAA20_SP
22.84606,94.06652,327.57,0.42,0.38,2023-11-22,703,N20,VIIRS,n,2,298.4,1.25,D,0,VIIRS_NOAA20_SP
22.87763,87.61736,334.67,0.5,0.41,2023-11-22,703,N20,VIIRS,n,2,301.08,3.72,D,0,VIIRS_NOAA20_SP
22.8813,87.54391,331.92,0.51,0.41,2023-11-22,703,N20,VIIRS,n,2,300.34,2.63,D,0,VIIRS_NOAA20_SP
22.91849,87.9572,328.53,0.48,0.4,2023-11-22,703,N20,VIIRS,l,2,300.7,3.61,D,0,VIIRS_NOAA20_SP
22.92233,94.03362,330.46,0.42,0.38,2023-11-22,703,N20,VIIRS,n,2,298.81,3.97,D,0,VIIRS_NOAA20_SP
22.92937,87.91154,332.35,0.49,0.4,2023-11-22,703,N20,VIIRS,n,2,300.01,3.67,D,0,VIIRS_NOAA20_SP
22.97941,78.96997,337.54,0.56,0.69,2023-11-22,703,N20,VIIRS,n,2,295.7,4.89,D,0,VIIRS_NOAA20_SP
23.04931,79.53254,350.19,0.52,0.66,2023-11-22,703,N20,VIIRS,n,2,297.46,7.37,D,0,VIIRS_NOAA20_SP
23.05374,79.99525,331.0,0.48,0.65,2023-11-22,703,N20,VIIRS,n,2,297.2,4.41,D,0,VIIRS_NOAA20_SP
23.0619,81.71338,336.81,0.38,0.58,2023-11-22,703,N20,VIIRS,n,2,297.21,3.72,D,0,VIIRS_NOAA20_SP
23.0687,81.71908,330.78,0.38,0.58,2023-11-22,703,N20,VIIRS,n,2,297.03,3.42,D,0,VIIRS_NOAA20_SP
23.0727,88.04235,329.5,0.48,0.4,2023-11-22,703,N20,VIIRS,l,2,299.82,2.99,D,0,VIIRS_NOAA20_SP
23.07331,88.04385,332.85,0.48,0.4,2023-11-22,703,N20,VIIRS,n,2,300.8,3.89,D,0,VIIRS_NOAA20_SP
23.07897,79.99796,339.59,0.48,0.65,2023-11-22,703,N20,VIIRS,n,2,296.84,3.08,D,0,VIIRS_NOAA20_SP
23.08316,79.99466,334.1,0.48,0.65,2023-11-22,703,N20,VIIRS,n,2,298.39,4.79,D,0,VIIRS_NOAA20_SP
23.11015,81.65527,331.66,0.38,0.59,2023-11-22,703,N20,VIIRS,n,2,296.37,2.06,D,0,VIIRS_NOAA20_SP
23.15657,87.94086,331.03,0.48,0.4,2023-11-22,703,N20,VIIRS,n,2,299.6,1.94,D,0,VIIRS_NOAA20_SP
23.16409,79.86507,332.26,0.49,0.65,2023-11-22,703,N20,VIIRS,n,2,296.59,4.23,D,0,VIIRS_NOAA20_SP
23.19979,88.07666,331.09,0.47,0.4,2023-11-22,703,N20,VIIRS,n,2,299.05,1.87,D,0,VIIRS_NOAA20_SP
23.20027,79.73795,336.12,0.5,0.66,2023-11-22,703,N20,VIIRS,n,2,298.99,5.92,D,0,VIIRS_NOAA20_SP
23.20576,79.76144,330.86,0.49,0.65,2023-11-22,703,N20,VIIRS,n,2,295.14,3.3,D,0,VIIRS_NOAA20_SP
23.22105,88.09113,332.81,0.47,0.4,2023-11-22,703,N20,VIIRS,n,2,302.13,3.58,D,0,VIIRS_NOAA20_SP
23.25933,88.18163,334.87,0.47,0.39,2023-11-22,703,N20,VIIRS,n,2,303.15,5.53,D,0,VIIRS_NOAA20_SP
23.26565,79.96593,330.09,0.48,0.65,2023-11-22,703,N20,VIIRS,n,2,296.08,5.21,D,0,VIIRS_NOAA20_SP
23.2667,79.97049,330.95,0.48,0.65,2023-11-22,703,N20,VIIRS,n,2,296.29,5.8,D,0,VIIRS_NOAA20_SP
23.28819,79.98384,336.74,0.48,0.64,2023-11-22,703,N20,VIIRS,n,2,296.96,4.38,D,0,VIIRS_NOAA20_SP
23.29138,79.94429,341.61,0.48,0.65,2023-11-22,703,N20,VIIRS,n,2,298.07,4.42,D,0,VIIRS_NOAA20_SP
23.43783,88.45396,331.55,0.45,0.39,2023-11-22,703,N20,VIIRS,n,2,300.13,2.51,D,0,VIIRS_NOAA20_SP
23.55989,87.24214,334.61,0.51,0.41,2023-11-22,703,N20,VIIRS,n,2,302.37,4.63,D,2,VIIRS_NOAA20_SP
23.57386,87.8084,330.24,0.48,0.4,2023-11-22,703,N20,VIIRS,n,2,300.92,2.92,D,0,VIIRS_NOAA20_SP
23.59023,89.91312,332.53,0.4,0.37,2023-11-22,703,N20,VIIRS,n,2,302.18,2.57,D,0,VIIRS_NOAA20_SP
23.59907,90.03191,336.71,0.4,0.37,2023-11-22,703,N20,VIIRS,n,2,301.99,3.75,D,3,VIIRS_NOAA20_SP
23.60148,87.7517,331.79,0.48,0.4,2023-11-22,703,N20,VIIRS,n,2,301.27,2.09,D,0,VIIRS_NOAA20_SP
23.62779,90.25331,340.73,0.4,0.37,2023-11-22,703,N20,VIIRS,n,2,299.4,4.1,D,0,VIIRS_NOAA20_SP
23.67454,90.20884,333.62,0.4,0.37,2023-11-22,703,N20,VIIRS,n,2,301.3,3.38,D,0,VIIRS_NOAA20_SP
23.67585,86.0884,339.75,0.39,0.44,2023-11-22,703,N20,VIIRS,n,2,302.05,5.64,D,2,VIIRS_NOAA20_SP
23.68124,86.09506,343.18,0.39,0.44,2023-11-22,703,N20,VIIRS,n,2,301.15,5.61,D,2,VIIRS_NOAA20_SP
23.68542,89.4828,332.9,0.41,0.37,2023-11-22,703,N20,VIIRS,n,2,301.92,2.49,D,0,VIIRS_NOAA20_SP
23.75811,85.85464,338.26,0.4,0.45,2023-11-22,703,N20,VIIRS,n,2,305.78,3.59,D,2,VIIRS_NOAA20_SP
23.75866,86.403,338.77,0.56,0.43,2023-11-22,703,N20,VIIRS,n,2,304.36,5.73,D,2,VIIRS_NOAA20_SP
23.75916,86.40462,336.82,0.56,0.43,2023-11-22,703,N20,VIIRS,n,2,303.98,9.33,D,2,VIIRS_NOAA20_SP
23.77612,86.3879,336.94,0.57,0.43,2023-11-22,703,N20,VIIRS,l,2,308.13,6.96,D,2,VIIRS_NOAA20_SP
23.77866,86.20658,343.9,0.39,0.44,2023-11-22,703,N20,VIIRS,n,2,308.46,6.43,D,2,VIIRS_NOAA20_SP
23.7806,86.347,330.63,0.57,0.43,2023-11-22,703,N20,VIIRS,n,2,303.62,4.09,D,2,VIIRS_NOAA20_SP
23.78106,86.39252,335.3,0.56,0.43,2023-11-22,703,N20,VIIRS,l,2,309.52,6.96,D,2,VIIRS_NOAA20_SP
23.78794,89.74567,331.57,0.41,0.37,2023-11-22,703,N20,VIIRS,n,2,298.72,1.81,D,0,VIIRS_NOAA20_SP
23.83229,89.73332,334.9,0.41,0.37,2023-11-22,703,N20,VIIRS,n,2,299.37,2.41,D,3,VIIRS_NOAA20_SP
23.83566,89.73267,343.34,0.41,0.37,2023-11-22,703,N20,VIIRS,n,2,300.02,5.6,D,3,VIIRS_NOAA20_SP
24.18151,89.71988,340.79,0.4,0.37,2023-11-22,703,N20,VIIRS,n,2,300.63,6.61,D,3,VIIRS_NOAA20_SP
24.24105,90.06609,337.19,0.4,0.37,2023-11-22,703,N20,VIIRS,n,2,300.68,4.5,D,0,VIIRS_NOAA20_SP
24.25082,90.08412,332.63,0.4,0.37,2023-11-22,703,N20,VIIRS,n,2,301.06,3.61,D,0,VIIRS_NOAA20_SP
24.33309,89.37931,343.06,0.41,0.37,2023-11-22,703,N20,VIIRS,n,2,301.35,4.94,D,0,VIIRS_NOAA20_SP
24.46657,89.31601,331.18,0.41,0.37,2023-11-22,703,N20,VIIRS,n,2,300.75,4.32,D,0,VIIRS_NOAA20_SP
24.72149,94.12352,327.09,0.44,0.38,2023-11-22,703,N20,VIIRS,n,2,297.47,2.49,D,0,VIIRS_NOAA20_SP
25.14427,97.37736,325.81,0.43,0.46,2023-11-22,703,N20,VIIRS,l,2,296.04,3.62,D,0,VIIRS_NOAA20_SP
25.22052,92.67602,342.43,0.4,0.37,2023-11-22,703,N20,VIIRS,n,2,295.03,7.8,D,0,VIIRS_NOAA20_SP
25.82145,96.65166,328.6,0.4,0.44,2023-11-22,703,N20,VIIRS,n,2,296.04,1.57,D,0,VIIRS_NOAA20_SP
23.10213,77.55307,332.72,0.68,0.74,2023-11-22,704,N20,VIIRS,n,2,297.29,4.46,D,0,VIIRS_NOAA20_SP
23.25811,79.78228,336.94,0.49,0.65,2023-11-22,704,N20,VIIRS,n,2,296.62,3.71,D,0,VIIRS_NOAA20_SP
23.27452,79.77283,330.74,0.49,0.65,2023-11-22,704,N20,VIIRS,n,2,296.24,2.26,D,0,VIIRS_NOAA20_SP
23.28729,79.85315,331.4,0.49,0.65,2023-11-22,704,N20,VIIRS,n,2,296.89,4.14,D,0,VIIRS_NOAA20_SP
23.2875,79.98421,335.96,0.48,0.64,2023-11-22,704,N20,VIIRS,n,2,296.18,3.58,D,0,VIIRS_NOAA20_SP
23.29045,79.94482,342.33,0.48,0.65,2023-11-22,704,N20,VIIRS,n,2,298.29,4.44,D,0,VIIRS_NOAA20_SP
23.30039,79.82994,331.13,0.49,0.65,2023-11-22,704,N20,VIIRS,n,2,296.51,2.8,D,0,VIIRS_NOAA20_SP
23.30842,79.96886,335.93,0.48,0.64,2023-11-22,704,N20,VIIRS,n,2,298.11,7.96,D,0,VIIRS_NOAA20_SP
23.31036,79.92486,346.49,0.48,0.65,2023-11-22,704,N20,VIIRS,n,2,298.18,7.18,D,0,VIIRS_NOAA20_SP
23.33928,79.91695,336.06,0.48,0.65,2023-11-22,704,N20,VIIRS,n,2,298.08,4.29,D,0,VIIRS_NOAA20_SP
23.342,79.80552,336.7,0.49,0.65,2023-11-22,704,N20,VIIRS,n,2,296.47,5.62,D,0,VIIRS_NOAA20_SP
23.34239,79.74421,333.04,0.49,0.65,2023-11-22,704,N20,VIIRS,n,2,297.71,4.2,D,0,VIIRS_NOAA20_SP
23.34476,79.8079,335.77,0.49,0.65,2023-11-22,704,N20,VIIRS,n,2,296.51,5.62,D,0,VIIRS_NOAA20_SP
23.3724,79.98022,338.22,0.48,0.64,2023-11-22,704,N20,VIIRS,n,2,296.98,6.28,D,0,VIIRS_NOAA20_SP
23.41194,80.17765,351.6,0.46,0.64,2023-11-22,704,N20,VIIRS,n,2,297.14,9.45,D,0,VIIRS_NOAA20_SP
23.45066,80.24123,335.76,0.46,0.63,2023-11-22,704,N20,VIIRS,n,2,296.67,4.15,D,0,VIIRS_NOAA20_SP
23.45873,79.98692,367.0,0.47,0.64,2023-11-22,704,N20,VIIRS,h,2,298.51,10.02,D,0,VIIRS_NOAA20_SP
23.46171,80.21046,334.06,0.46,0.63,2023-11-22,704,N20,VIIRS,n,2,296.82,3.67,D,0,VIIRS_NOAA20_SP
23.46441,80.19582,345.72,0.46,0.63,2023-11-22,704,N20,VIIRS,n,2,297.62,5.86,D,0,VIIRS_NOAA20_SP
23.47178,80.01675,339.26,0.47,0.64,2023-11-22,704,N20,VIIRS,n,2,297.22,4.19,D,0,VIIRS_NOAA20_SP
23.48437,79.96568,333.97,0.47,0.64,2023-11-22,704,N20,VIIRS,n,2,297.29,3.61,D,0,VIIRS_NOAA20_SP
23.50552,80.29179,331.26,0.45,0.63,2023-11-22,704,N20,VIIRS,n,2,297.51,2.66,D,0,VIIRS_NOAA20_SP
23.53872,80.06957,332.06,0.47,0.64,2023-11-22,704,N20,VIIRS,n,2,297.87,3.26,D,0,VIIRS_NOAA20_SP
23.63945,80.11034,331.45,0.46,0.64,2023-11-22,704,N20,VIIRS,n,2,294.87,3.53,D,0,VIIRS_NOAA20_SP
23.67607,80.03188,336.48,0.46,0.64,2023-11-22,704,N20,VIIRS,n,2,296.48,3.64,D,0,VIIRS_NOAA20_SP
23.70584,79.82202,330.84,0.48,0.65,2023-11-22,704,N20,VIIRS,n,2,294.81,3.28,D,0,VIIRS_NOAA20_SP
24.18284,80.04194,335.25,0.45,0.63,2023-11-22,704,N20,VIIRS,n,2,298.2,3.6,D,0,VIIRS_NOAA20_SP
24.18392,80.03945,330.05,0.45,0.63,2023-11-22,704,N20,VIIRS,n,2,298.47,3.03,D,0,VIIRS_NOAA20_SP
24.20784,82.71428,342.23,0.62,0.54,2023-11-22,704,N20,VIIRS,n,2,305.71,10.11,D,2,VIIRS_NOAA20_SP
24.34502,81.05798,333.43,0.39,0.59,2023-11-22,704,N20,VIIRS,n,2,299.24,3.28,D,0,VIIRS_NOAA20_SP
24.39224,80.55592,331.26,0.42,0.61,2023-11-22,704,N20,VIIRS,n,2,296.85,2.65,D,0,VIIRS_NOAA20_SP
24.42142,81.22366,341.01,0.38,0.59,2023-11-22,704,N20,VIIRS,n,2,298.25,4.61,D,0,VIIRS_NOAA20_SP
24.44655,80.51777,331.48,0.42,0.61,2023-11-22,704,N20,VIIRS,n,2,297.55,2.11,D,0,VIIRS_NOAA20_SP
24.44692,81.68733,328.6,0.35,0.57,2023-11-22,704,N20,VIIRS,n,2,299.76,1.7,D,0,VIIRS_NOAA20_SP
24.44815,81.68607,328.73,0.35,0.57,2023-11-22,704,N20,VIIRS,n,2,299.33,1.5,D,0,VIIRS_NOAA20_SP
24.49001,81.4835,335.59,0.36,0.58,2023-11-22,704,N20,VIIRS,n,2,299.51,2.69,D,0,VIIRS_NOAA20_SP
24.53791,80.6143,334.07,0.41,0.61,2023-11-22,704,N20,VIIRS,n,2,297.91,2.89,D,0,VIIRS_NOAA20_SP
24.53809,80.61339,331.96,0.41,0.61,2023-11-22,704,N20,VIIRS,n,2,298.03,2.1,D,0,VIIRS_NOAA20_SP
24.55036,80.97147,330.48,0.39,0.59,2023-11-22,704,N20,VIIRS,n,2,298.39,2.48,D,0,VIIRS_NOAA20_SP
24.572,81.21434,337.46,0.37,0.58,2023-11-22,704,N20,VIIRS,n,2,297.95,2.94,D,0,VIIRS_NOAA20_SP
24.58723,80.9099,333.46,0.39,0.59,2023-11-22,704,N20,VIIRS,n,2,297.67,3.5,D,0,VIIRS_NOAA20_SP
24.58932,80.90817,335.92,0.39,0.59,2023-11-22,704,N20,VIIRS,n,2,297.8,3.92,D,0,VIIRS_NOAA20_SP
24.61091,81.16531,333.54,0.38,0.58,2023-11-22,704,N20,VIIRS,n,2,298.03,2.48,D,0,VIIRS_NOAA20_SP
24.62996,80.6378,344.19,0.41,0.6,2023-11-22,704,N20,VIIRS,n,2,298.62,3.66,D,0,VIIRS_NOAA20_SP
24.6432,81.11049,336.08,0.38,0.59,2023-11-22,704,N20,VIIRS,n,2,298.28,2.36,D,0,VIIRS_NOAA20_SP
24.64396,81.66033,334.98,0.35,0.57,2023-11-22,704,N20,VIIRS,n,2,299.77,2.26,D,0,VIIRS_NOAA20_SP
24.6466,81.10819,332.49,0.38,0.59,2023-11-22,704,N20,VIIRS,n,2,298.76,2.91,D,0,VIIRS_NOAA20_SP
24.65185,81.10676,340.18,0.38,0.59,2023-11-22,704,N20,VIIRS,n,2,298.95,2.91,D,0,VIIRS_NOAA20_SP
24.65369,81.10759,341.31,0.38,0.59,2023-11-22,704,N20,VIIRS,n,2,298.6,2.77,D,0,VIIRS_NOAA20_SP
24.66799,81.22239,331.71,0.37,0.58,2023-11-22,704,N20,VIIRS,n,2,299.92,1.99,D,0,VIIRS_NOAA20_SP
24.67599,81.48109,329.93,0.36,0.57,2023-11-22,704,N20,VIIRS,n,2,298.37,2.15,D,0,VIIRS_NOAA20_SP
24.67902,80.95517,330.12,0.39,0.59,2023-11-22,704,N20,VIIRS,n,2,298.79,2.24,D,0,VIIRS_NOAA20_SP
24.74118,81.18233,337.14,0.37,0.58,2023-11-22,704,N20,VIIRS,n,2,299.72,2.25,D,0,VIIRS_NOAA20_SP
24.74362,81.09365,329.52,0.38,0.59,2023-11-22,704,N20,VIIRS,n,2,299.42,2.27,D,0,VIIRS_NOAA20_SP
24.74481,81.1738,347.63,0.37,0.58,2023-11-22,704,N20,VIIRS,n,2,299.0,4.71,D,0,VIIRS_NOAA20_SP
24.74706,81.09244,331.64,0.38,0.59,2023-11-22,704,N20,VIIRS,n,2,298.4,2.49,D,0,VIIRS_NOAA20_SP
24.79705,80.94331,335.07,0.39,0.59,2023-11-22,704,N20,VIIRS,n,2,299.89,2.36,D,0,VIIRS_NOAA20_SP
24.84814,81.07787,329.0,0.38,0.58,2023-11-22,704,N20,VIIRS,n,2,298.94,2.85,D,0,VIIRS_NOAA20_SP
24.99988,81.50562,333.52,0.35,0.57,2023-11-22,704,N20,VIIRS,n,2,298.1,2.14,D,0,VIIRS_NOAA20_SP
25.08376,83.67662,339.81,0.51,0.5,2023-11-22,704,N20,VIIRS,n,2,299.12,6.69,D,0,VIIRS_NOAA20_SP
25.0846,83.67376,339.78,0.51,0.5,2023-11-22,704,N20,VIIRS,n,2,298.99,6.59,D,0,VIIRS_NOAA20_SP
25.14127,85.33971,332.0,0.41,0.45,2023-11-22,704,N20,VIIRS,n,2,300.02,1.81,D,0,VIIRS_NOAA20_SP
25.19613,83.13155,340.18,0.55,0.51,2023-11-22,704,N20,VIIRS,n,2,298.51,4.9,D,0,VIIRS_NOAA20_SP
25.19941,83.13401,333.11,0.55,0.51,2023-11-22,704,N20,VIIRS,n,2,297.36,7.72,D,0,VIIRS_NOAA20_SP
25.2505,83.71774,339.16,0.51,0.49,2023-11-22,704,N20,VIIRS,n,2,298.99,7.73,D,0,VIIRS_NOAA20_SP
25.25355,87.80305,332.47,0.46,0.39,2023-11-22,704,N20,VIIRS,n,2,301.38,4.26,D,0,VIIRS_NOAA20_SP
25.27513,88.66016,329.65,0.42,0.38,2023-11-22,704,N20,VIIRS,n,2,298.07,2.36,D,0,VIIRS_NOAA20_SP
25.33916,81.80817,353.65,0.33,0.55,2023-11-22,704,N20,VIIRS,n,2,300.53,5.46,D,0,VIIRS_NOAA20_SP
25.41019,84.9903,330.9,0.42,0.45,2023-11-22,704,N20,VIIRS,l,2,300.98,5.59,D,0,VIIRS_NOAA20_SP
25.4331,81.31005,349.94,0.35,0.57,2023-11-22,704,N20,VIIRS,n,2,298.12,4.73,D,0,VIIRS_NOAA20_SP
25.4359,85.09997,329.01,0.42,0.45,2023-11-22,704,N20,VIIRS,n,2,298.56,2.67,D,0,VIIRS_NOAA20_SP
25.43919,85.09493,332.27,0.42,0.45,2023-11-22,704,N20,VIIRS,n,2,300.7,4.57,D,0,VIIRS_NOAA20_SP
25.43998,85.09901,345.56,0.42,0.45,2023-11-22,704,N20,VIIRS,n,2,300.62,4.57,D,0,VIIRS_NOAA20_SP
25.46323,85.876,335.61,0.57,0.43,2023-11-22,704,N20,VIIRS,n,2,301.96,10.07,D,0,VIIRS_NOAA20_SP
25.50274,85.24832,329.99,0.41,0.45,2023-11-22,704,N20,VIIRS,n,2,301.16,2.86,D,0,VIIRS_NOAA20_SP
25.54727,84.35117,331.26,0.46,0.47,2023-11-22,704,N20,VIIRS,n,2,300.76,2.43,D,0,VIIRS_NOAA20_SP
25.56708,88.18093,330.08,0.44,0.38,2023-11-22,704,N20,VIIRS,n,2,300.73,3.07,D,0,VIIRS_NOAA20_SP
25.61517,87.16721,332.74,0.48,0.4,2023-11-22,704,N20,VIIRS,n,2,297.48,4.05,D,0,VIIRS_NOAA20_SP
25.65792,78.91759,329.08,0.49,0.65,2023-11-22,704,N20,VIIRS,n,2,297.6,2.78,D,0,VIIRS_NOAA20_SP
25.6604,88.10911,333.38,0.44,0.38,2023-11-22,704,N20,VIIRS,n,2,299.33,3.57,D,0,VIIRS_NOAA20_SP
25.68475,81.81222,329.48,0.33,0.55,2023-11-22,704,N20,VIIRS,n,2,297.4,1.93,D,0,VIIRS_NOAA20_SP
25.69038,81.81406,339.67,0.33,0.55,2023-11-22,704,N20,VIIRS,n,2,297.99,1.93,D,0,VIIRS_NOAA20_SP
25.73282,78.05132,334.21,0.55,0.68,2023-11-22,704,N20,VIIRS,n,2,296.69,7.16,D,0,VIIRS_NOAA20_SP
25.74273,88.20449,331.78,0.44,0.38,2023-11-22,704,N20,VIIRS,n,2,299.39,2.38,D,0,VIIRS_NOAA20_SP
25.75316,88.20229,330.39,0.44,0.38,2023-11-22,704,N20,VIIRS,n,2,300.06,2.59,D,0,VIIRS_NOAA20_SP
25.87331,78.09668,329.99,0.55,0.68,2023-11-22,704,N20,VIIRS,n,2,295.44,3.02,D,0,VIIRS_NOAA20_SP
25.94469,87.92191,333.95,0.44,0.39,2023-11-22,704,N20,VIIRS,n,2,300.81,3.15,D,0,VIIRS_NOAA20_SP
25.95393,78.16077,338.85,0.54,0.68,2023-11-22,704,N20,VIIRS,n,2,296.61,3.87,D,0,VIIRS_NOAA20_SP
25.95867,78.15384,329.26,0.54,0.68,2023-11-22,704,N20,VIIRS,n,2,295.4,3.87,D,0,VIIRS_NOAA20_SP
26.00378,87.92747,331.63,0.44,0.39,2023-11-22,704,N20,VIIRS,n,2,299.62,1.52,D,0,VIIRS_NOAA20_SP
26.00432,87.92823,330.04,0.44,0.39,2023-11-22,704,N20,VIIRS,n,2,299.65,2.19,D,0,VIIRS_NOAA20_SP
26.00893,87.95442,334.25,0.44,0.39,2023-11-22,704,N20,VIIRS,n,2,303.26,3.15,D,0,VIIRS_NOAA20_SP
26.00902,87.95808,331.91,0.44,0.39,2023-11-22,704,N20,VIIRS,n,2,299.85,2.34,D,0,VIIRS_NOAA20_SP
26.04615,87.36219,330.33,0.47,0.4,2023-11-22,704,N20,VIIRS,l,2,300.52,6.11,D,0,VIIRS_NOAA20_SP
26.05244,83.95035,332.71,0.47,0.48,2023-11-22,704,N20,VIIRS,n,2,299.33,4.32,D,0,VIIRS_NOAA20_SP
26.05492,83.89597,335.0,0.48,0.48,2023-11-22,704,N20,VIIRS,n,2,299.95,3.64,D,0,VIIRS_NOAA20_SP
26.05622,94.2999,334.03,0.46,0.39,2023-11-22,704,N20,VIIRS,n,2,293.96,6.6,D,0,VIIRS_NOAA20_SP
26.09344,83.86174,333.97,0.48,0.48,2023-11-22,704,N20,VIIRS,n,2,299.43,4.44,D,0,VIIRS_NOAA20_SP
26.09439,83.86642,338.88,0.48,0.48,2023-11-22,704,N20,VIIRS,n,2,298.63,3.75,D,0,VIIRS_NOAA20_SP
26.16383,83.75756,331.13,0.48,0.48,2023-11-22,704,N20,VIIRS,n,2,299.4,2.09,D,0,VIIRS_NOAA20_SP
26.17669,81.60064,328.47,0.33,0.55,2023-11-22,704,N20,VIIRS,n,2,297.73,3.23,D,0,VIIRS_NOAA20_SP
26.17682,81.60276,335.84,0.33,0.55,2023-11-22,704,N20,VIIRS,n,2,298.39,4.87,D,0,VIIRS_NOAA20_SP
26.18164,81.5993,333.32,0.33,0.55,2023-11-22,704,N20,VIIRS,n,2,297.04,3.29,D,0,VIIRS_NOAA20_SP
26.18177,81.60143,367.0,0.33,0.55,2023-11-22,704,N20,VIIRS,h,2,296.46,4.87,D,0,VIIRS_NOAA20_SP
26.18233,81.60248,340.75,0.33,0.55,2023-11-22,704,N20,VIIRS,n,2,295.53,3.29,D,0,VIIRS_NOAA20_SP
26.18306,91.47805,331.89,0.39,0.36,2023-11-22,704,N20,VIIRS,n,2,298.32,3.3,D,0,VIIRS_NOAA20_SP
26.18884,84.75338,329.56,0.42,0.45,2023-11-22,704,N20,VIIRS,n,2,298.76,1.91,D,0,VIIRS_NOAA20_SP
26.23162,91.5086,335.0,0.39,0.36,2023-11-22,704,N20,VIIRS,n,2,299.63,3.71,D,0,VIIRS_NOAA20_SP
26.23491,91.508,336.82,0.39,0.36,2023-11-22,704,N20,VIIRS,n,2,298.88,4.7,D,0,VIIRS_NOAA20_SP
26.23529,84.96481,336.98,0.41,0.45,2023-11-22,704,N20,VIIRS,n,2,298.56,3.46,D,0,VIIRS_NOAA20_SP
26.26551,91.90231,331.32,0.39,0.36,2023-11-22,704,N20,VIIRS,n,2,297.49,2.28,D,3,VIIRS_NOAA20_SP
26.31728,81.62128,337.39,0.32,0.55,2023-11-22,704,N20,VIIRS,n,2,297.07,3.86,D,0,VIIRS_NOAA20_SP
26.31832,81.74775,330.23,0.32,0.54,2023-11-22,704,N20,VIIRS,n,2,297.57,1.6,D,0,VIIRS_NOAA20_SP
26.3194,81.74677,329.51,0.32,0.54,2023-11-22,704,N20,VIIRS,n,2,296.8,1.65,D,0,VIIRS_NOAA20_SP
26.32711,81.59512,334.45,0.33,0.55,2023-11-22,704,N20,VIIRS,n,2,297.92,1.87,D,0,VIIRS_NOAA20_SP
26.35738,81.59026,328.22,0.33,0.55,2023-11-22,704,N20,VIIRS,n,2,297.47,1.77,D,0,VIIRS_NOAA20_SP
26.42414,86.53794,332.46,0.5,0.41,2023-11-22,704,N20,VIIRS,n,2,297.65,4.19,D,0,VIIRS_NOAA20_SP
26.43343,81.50922,329.13,0.33,0.55,2023-11-22,704,N20,VIIRS,n,2,298.11,1.91,D,0,VIIRS_NOAA20_SP
26.44222,85.24655,332.7,0.39,0.44,2023-11-22,704,N20,VIIRS,n,2,299.41,2.3,D,0,VIIRS_NOAA20_SP
26.46363,81.38788,339.11,0.33,0.55,2023-11-22,704,N20,VIIRS,n,2,297.52,4.97,D,0,VIIRS_NOAA20_SP
26.46446,81.38793,331.75,0.33,0.55,2023-11-22,704,N20,VIIRS,n,2,297.28,2.27,D,0,VIIRS_NOAA20_SP
26.49217,81.86751,330.28,0.62,0.54,2023-11-22,704,N20,VIIRS,n,2,298.39,2.9,D,0,VIIRS_NOAA20_SP
26.51108,81.3404,332.35,0.33,0.56,2023-11-22,704,N20,VIIRS,n,2,298.1,1.65,D,0,VIIRS_NOAA20_SP
26.54198,81.45536,329.29,0.33,0.55,2023-11-22,704,N20,VIIRS,n,2,298.32,1.86,D,0,VIIRS_NOAA20_SP
26.54403,84.12077,331.48,0.45,0.47,2023-11-22,704,N20,VIIRS,n,2,300.49,2.65,D,0,VIIRS_NOAA20_SP
26.56535,96.4744,330.81,0.4,0.44,2023-11-22,704,N20,VIIRS,n,2,293.99,3.04,D,0,VIIRS_NOAA20_SP
26.57637,81.21325,329.26,0.34,0.56,2023-11-22,704,N20,VIIRS,n,2,298.54,3.14,D,0,VIIRS_NOAA20_SP
26.57712,81.21656,334.92,0.34,0.56,2023-11-22,704,N20,VIIRS,n,2,297.67,3.54,D,0,VIIRS_NOAA20_SP
26.58465,87.62263,332.6,0.45,0.39,2023-11-22,704,N20,VIIRS,n,2,300.12,1.84,D,0,VIIRS_NOAA20_SP
26.5848,81.39121,345.03,0.33,0.55,2023-11-22,704,N20,VIIRS,n,2,298.72,3.7,D,0,VIIRS_NOAA20_SP
26.58817,87.62186,329.36,0.45,0.39,2023-11-22,704,N20,VIIRS,n,2,298.3,1.84,D,0,VIIRS_NOAA20_SP
26.59667,83.61644,333.19,0.48,0.48,2023-11-22,704,N20,VIIRS,n,2,299.31,2.82,D,0,VIIRS_NOAA20_SP
26.59693,83.4873,337.03,0.49,0.49,2023-11-22,704,N20,VIIRS,n,2,299.73,4.84,D,0,VIIRS_NOAA20_SP
26.60774,81.4463,367.0,0.33,0.55,2023-11-22,704,N20,VIIRS,h,2,300.03,9.75,D,0,VIIRS_NOAA20_SP
26.64487,82.26833,329.46,0.58,0.52,2023-11-22,704,N20,VIIRS,n,2,298.53,4.5,D,0,VIIRS_NOAA20_SP
26.66435,83.83267,335.03,0.47,0.48,2023-11-22,704,N20,VIIRS,n,2,298.65,4.07,D,0,VIIRS_NOAA20_SP
26.73428,79.7935,331.84,0.41,0.61,2023-11-22,704,N20,VIIRS,n,2,298.63,2.63,D,0,VIIRS_NOAA20_SP
26.76315,83.55882,344.48,0.48,0.48,2023-11-22,704,N20,VIIRS,n,2,300.18,5.7,D,0,VIIRS_NOAA20_SP
26.78621,83.49247,336.06,0.49,0.48,2023-11-22,704,N20,VIIRS,n,2,298.87,2.22,D,0,VIIRS_NOAA20_SP
26.81129,83.52725,335.01,0.49,0.48,2023-11-22,704,N20,VIIRS,n,2,298.41,2.81,D,0,VIIRS_NOAA20_SP
26.81816,80.633,331.04,0.36,0.58,2023-11-22,704,N20,VIIRS,n,2,297.31,2.77,D,0,VIIRS_NOAA20_SP
26.83777,83.67887,336.43,0.48,0.48,2023-11-22,704,N20,VIIRS,n,2,301.12,4.37,D,0,VIIRS_NOAA20_SP
26.85973,83.69357,335.08,0.47,0.48,2023-11-22,704,N20,VIIRS,n,2,298.18,2.12,D,0,VIIRS_NOAA20_SP
26.88264,83.6287,329.25,0.48,0.48,2023-11-22,704,N20,VIIRS,n,2,298.74,3.61,D,0,VIIRS_NOAA20_SP
26.89132,82.84709,329.49,0.53,0.5,2023-11-22,704,N20,VIIRS,n,2,299.42,3.64,D,0,VIIRS_NOAA20_SP
26.9582,82.66555,334.97,0.54,0.51,2023-11-22,704,N20,VIIRS,n,2,299.4,3.22,D,0,VIIRS_NOAA20_SP
26.96188,87.53061,344.32,0.45,0.39,2023-11-22,704,N20,VIIRS,n,2,299.63,7.99,D,0,VIIRS_NOAA20_SP
26.96371,83.51105,335.24,0.48,0.48,2023-11-22,704,N20,VIIRS,n,2,300.87,4.0,D,0,VIIRS_NOAA20_SP
26.99426,84.19833,330.08,0.44,0.46,2023-11-22,704,N20,VIIRS,n,2,299.08,3.42,D,0,VIIRS_NOAA20_SP
27.02539,83.67844,339.51,0.47,0.48,2023-11-22,704,N20,VIIRS,n,2,300.99,3.57,D,0,VIIRS_NOAA20_SP
27.11852,84.97125,329.22,0.4,0.44,2023-11-22,704,N20,VIIRS,l,2,301.04,1.91,D,0,VIIRS_NOAA20_SP
27.12532,82.66771,333.1,0.54,0.51,2023-11-22,704,N20,VIIRS,n,2,300.47,5.13,D,0,VIIRS_NOAA20_SP
27.1486,82.82206,351.94,0.53,0.5,2023-11-22,704,N20,VIIRS,n,2,301.12,8.27,D,0,VIIRS_NOAA20_SP
27.1531,82.82086,355.84,0.53,0.5,2023-11-22,704,N20,VIIRS,n,2,302.18,16.44,D,0,VIIRS_NOAA20_SP
27.16203,84.78641,347.15,0.4,0.45,2023-11-22,704,N20,VIIRS,n,2,299.64,5.44,D,0,VIIRS_NOAA20_SP
27.17864,84.69907,339.96,0.41,0.45,2023-11-22,704,N20,VIIRS,n,2,300.8,3.23,D,0,VIIRS_NOAA20_SP
27.18589,84.71425,328.14,0.41,0.45,2023-11-22,704,N20,VIIRS,l,2,299.32,3.16,D,0,VIIRS_NOAA20_SP
27.1972,84.70727,333.11,0.41,0.45,2023-11-22,704,N20,VIIRS,n,2,299.62,2.71,D,0,VIIRS_NOAA20_SP
27.21058,83.98597,342.18,0.45,0.47,2023-11-22,704,N20,VIIRS,n,2,302.89,10.61,D,0,VIIRS_NOAA20_SP
27.21955,83.68663,339.75,0.47,0.47,2023-11-22,704,N20,VIIRS,n,2,300.9,4.63,D,0,VIIRS_NOAA20_SP
27.23282,83.70744,343.48,0.47,0.47,2023-11-22,704,N20,VIIRS,n,2,301.51,5.72,D,0,VIIRS_NOAA20_SP
27.26189,83.2945,330.75,0.49,0.49,2023-11-22,704,N20,VIIRS,n,2,300.25,3.03,D,0,VIIRS_NOAA20_SP
27.27887,82.64941,333.22,0.54,0.51,2023-11-22,704,N20,VIIRS,n,2,301.69,2.57,D,0,VIIRS_NOAA20_SP
27.27988,82.65156,335.41,0.54,0.51,2023-11-22,704,N20,VIIRS,n,2,301.77,3.09,D,0,VIIRS_NOAA20_SP
27.32073,83.71072,341.46,0.46,0.47,2023-11-22,704,N20,VIIRS,n,2,303.63,7.09,D,0,VIIRS_NOAA20_SP
27.45585,83.61436,330.69,0.47,0.47,2023-11-22,704,N20,VIIRS,n,2,300.16,2.53,D,0,VIIRS_NOAA20_SP
27.45927,83.56474,329.06,0.47,0.48,2023-11-22,704,N20,VIIRS,n,2,299.79,2.04,D,0,VIIRS_NOAA20_SP
27.47614,83.55243,340.39,0.47,0.48,2023-11-22,704,N20,VIIRS,n,2,300.81,4.18,D,0,VIIRS_NOAA20_SP
27.47977,83.55457,339.94,0.47,0.48,2023-11-22,704,N20,VIIRS,n,2,300.19,6.27,D,0,VIIRS_NOAA20_SP
27.52416,83.19225,329.84,0.49,0.49,2023-11-22,704,N20,VIIRS,n,2,300.61,2.31,D,0,VIIRS_NOAA20_SP
28.10786,95.49445,328.33,0.55,0.43,2023-11-22,704,N20,VIIRS,n,2,292.48,4.57,D,0,VIIRS_NOAA20_SP
27.26552,80.54654,335.72,0.36,0.57,2023-11-22,705,N20,VIIRS,n,2,299.96,3.42,D,0,VIIRS_NOAA20_SP
27.26632,80.54778,341.37,0.36,0.57,2023-11-22,705,N20,VIIRS,n,2,298.0,3.1,D,0,VIIRS_NOAA20_SP
27.75346,80.70123,333.42,0.34,0.56,2023-11-22,705,N20,VIIRS,n,2,297.95,2.01,D,0,VIIRS_NOAA20_SP
27.82627,80.23266,327.66,0.37,0.58,2023-11-22,705,N20,VIIRS,n,2,297.65,1.44,D,0,VIIRS_NOAA20_SP
28.06994,78.55148,335.71,0.45,0.63,2023-11-22,705,N20,VIIRS,n,2,297.48,3.39,D,0,VIIRS_NOAA20_SP
28.12502,80.35635,328.7,0.35,0.57,2023-11-22,705,N20,VIIRS,n,2,296.72,1.54,D,0,VIIRS_NOAA20_SP
28.3888,80.04628,340.83,0.36,0.58,2023-11-22,705,N20,VIIRS,n,2,300.29,3.42,D,0,VIIRS_NOAA20_SP
28.62033,80.04637,327.31,0.36,0.57,2023-11-22,705,N20,VIIRS,l,2,298.84,3.55,D,0,VIIRS_NOAA20_SP
28.6714,83.00622,335.03,0.48,0.48,2023-11-22,705,N20,VIIRS,n,2,293.15,5.02,D,0,VIIRS_NOAA20_SP
28.77054,79.5108,340.81,0.38,0.59,2023-11-22,705,N20,VIIRS,n,2,297.39,2.68,D,0,VIIRS_NOAA20_SP
28.80979,78.12361,328.69,0.46,0.64,2023-11-22,705,N20,VIIRS,n,2,297.13,2.38,D,0,VIIRS_NOAA20_SP
28.83931,79.52654,329.5,0.38,0.59,2023-11-22,705,N20,VIIRS,n,2,297.38,1.46,D,0,VIIRS_NOAA20_SP
29.05197,79.08048,327.36,0.4,0.6,2023-11-22,705,N20,VIIRS,n,2,295.65,1.91,D,0,VIIRS_NOAA20_SP
29.3399,77.79169,329.87,0.47,0.64,2023-11-22,705,N20,VIIRS,n,2,295.73,2.26,D,0,VIIRS_NOAA20_SP
29.51027,74.17118,336.39,0.76,0.77,2023-11-22,706,N20,VIIRS,n,2,295.59,5.81,D,0,VIIRS_NOAA20_SP
29.51067,74.16914,337.56,0.76,0.77,2023-11-22,706,N20,VIIRS,n,2,296.03,5.96,D,0,VIIRS_NOAA20_SP
29.5311,74.61211,333.5,0.71,0.75,2023-11-22,706,N20,VIIRS,n,2,298.85,5.44,D,0,VIIRS_NOAA20_SP
29.75743,77.04945,327.58,0.51,0.66,2023-11-22,706,N20,VIIRS,n,2,295.28,2.0,D,0,VIIRS_NOAA20_SP
29.81732,76.04526,338.84,0.58,0.7,2023-11-22,706,N20,VIIRS,n,2,296.7,5.16,D,0,VIIRS_NOAA20_SP
29.8403,75.98053,337.47,0.58,0.7,2023-11-22,706,N20,VIIRS,n,2,299.3,4.53,D,0,VIIRS_NOAA20_SP
30.01429,76.19359,334.17,0.56,0.69,2023-11-22,706,N20,VIIRS,n,2,299.24,3.16,D,0,VIIRS_NOAA20_SP
30.2406,74.32088,330.66,0.71,0.75,2023-11-22,706,N20,VIIRS,n,2,297.18,2.79,D,0,VIIRS_NOAA20_SP
30.35575,73.89609,334.57,0.74,0.76,2023-11-22,706,N20,VIIRS,n,2,298.02,8.79,D,0,VIIRS_NOAA20_SP
30.37961,76.71638,329.41,0.51,0.66,2023-11-22,706,N20,VIIRS,n,2,296.03,2.9,D,0,VIIRS_NOAA20_SP
30.38002,74.81478,331.34,0.66,0.73,2023-11-22,706,N20,VIIRS,n,2,300.1,14.42,D,0,VIIRS_NOAA20_SP
30.38243,75.60175,329.76,0.59,0.7,2023-11-22,706,N20,VIIRS,n,2,298.88,3.86,D,0,VIIRS_NOAA20_SP
30.40768,75.01058,334.51,0.64,0.72,2023-11-22,706,N20,VIIRS,n,2,297.47,4.09,D,0,VIIRS_NOAA20_SP
30.4407,74.81281,329.93,0.66,0.73,2023-11-22,706,N20,VIIRS,n,2,297.14,1.93,D,0,VIIRS_NOAA20_SP
30.50698,75.35078,334.29,0.61,0.71,2023-11-22,706,N20,VIIRS,n,2,298.34,7.28,D,0,VIIRS_NOAA20_SP
30.50803,75.35042,328.91,0.61,0.71,2023-11-22,706,N20,VIIRS,n,2,298.29,4.44,D,0,VIIRS_NOAA20_SP
30.57287,75.38666,344.63,0.6,0.71,2023-11-22,706,N20,VIIRS,n,2,300.46,10.6,D,0,VIIRS_NOAA20_SP
30.5745,75.39267,341.84,0.6,0.71,2023-11-22,706,N20,VIIRS,n,2,298.05,10.38,D,0,VIIRS_NOAA20_SP
30.61357,74.12291,355.77,0.71,0.75,2023-11-22,706,N20,VIIRS,n,2,298.7,36.29,D,0,VIIRS_NOAA20_SP
30.61375,74.1292,351.96,0.71,0.75,2023-11-22,706,N20,VIIRS,n,2,298.57,9.07,D,0,VIIRS_NOAA20_SP
30.6156,74.12997,367.0,0.71,0.75,2023-11-22,706,N20,VIIRS,h,2,300.56,36.29,D,0,VIIRS_NOAA20_SP
30.62016,74.12041,350.89,0.71,0.75,2023-11-22,706,N20,VIIRS,n,2,298.79,36.29,D,0,VIIRS_NOAA20_SP
30.62219,74.12747,354.99,0.71,0.75,2023-11-22,706,N20,VIIRS,n,2,301.02,36.29,D,0,VIIRS_NOAA20_SP
30.62421,74.13451,367.0,0.71,0.75,2023-11-22,706,N20,VIIRS,h,2,294.47,47.9,D,0,VIIRS_NOAA20_SP
30.63049,75.06665,336.78,0.63,0.72,2023-11-22,706,N20,VIIRS,n,2,298.24,8.07,D,0,VIIRS_NOAA20_SP
30.63061,75.06654,341.26,0.63,0.72,2023-11-22,706,N20,VIIRS,n,2,298.03,5.68,D,0,VIIRS_NOAA20_SP
30.63884,74.1601,331.36,0.71,0.75,2023-11-22,706,N20,VIIRS,n,2,295.32,4.18,D,0,VIIRS_NOAA20_SP
30.6442,74.91551,329.57,0.64,0.72,2023-11-22,706,N20,VIIRS,n,2,296.02,5.24,D,0,VIIRS_NOAA20_SP
30.65656,74.95997,333.64,0.64,0.72,2023-11-22,706,N20,VIIRS,n,2,297.31,8.32,D,0,VIIRS_NOAA20_SP
30.66604,74.28075,335.45,0.69,0.75,2023-11-22,706,N20,VIIRS,n,2,299.54,6.35,D,0,VIIRS_NOAA20_SP
30.67907,74.96555,329.0,0.63,0.72,2023-11-22,706,N20,VIIRS,n,2,296.72,3.2,D,0,VIIRS_NOAA20_SP
30.68699,74.92268,329.49,0.64,0.72,2023-11-22,706,N20,VIIRS,n,2,297.53,4.6,D,0,VIIRS_NOAA20_SP
30.68757,74.92036,333.27,0.64,0.72,2023-11-22,706,N20,VIIRS,n,2,298.61,3.68,D,0,VIIRS_NOAA20_SP
30.71413,75.88464,349.5,0.56,0.69,2023-11-22,706,N20,VIIRS,n,2,299.36,6.29,D,0,VIIRS_NOAA20_SP
30.73426,75.89346,348.16,0.56,0.69,2023-11-22,706,N20,VIIRS,n,2,299.67,5.58,D,0,VIIRS_NOAA20_SP
30.73678,75.89484,347.18,0.56,0.69,2023-11-22,706,N20,VIIRS,n,2,298.72,5.57,D,0,VIIRS_NOAA20_SP
30.73759,75.27808,330.19,0.61,0.71,2023-11-22,706,N20,VIIRS,n,2,297.16,3.51,D,0,VIIRS_NOAA20_SP
30.74297,75.32256,327.81,0.6,0.71,2023-11-22,706,N20,VIIRS,l,2,298.18,3.84,D,0,VIIRS_NOAA20_SP
30.74804,74.99075,332.57,0.63,0.72,2023-11-22,706,N20,VIIRS,n,2,298.27,5.57,D,0,VIIRS_NOAA20_SP
30.74979,74.99703,332.47,0.63,0.72,2023-11-22,706,N20,VIIRS,n,2,294.71,5.57,D,0,VIIRS_NOAA20_SP
30.84028,75.24859,336.23,0.61,0.71,2023-11-22,706,N20,VIIRS,n,2,297.19,3.77,D,0,VIIRS_NOAA20_SP
30.85134,78.2795,348.9,0.41,0.6,2023-11-22,706,N20,VIIRS,n,2,296.33,5.75,D,0,VIIRS_NOAA20_SP
30.85237,78.28365,342.46,0.41,0.6,2023-11-22,706,N20,VIIRS,n,2,294.13,5.75,D,0,VIIRS_NOAA20_SP
30.86835,75.35065,328.46,0.6,0.7,2023-11-22,706,N20,VIIRS,n,2,296.72,4.63,D,0,VIIRS_NOAA20_SP
30.8751,75.2756,367.0,0.6,0.71,2023-11-22,706,N20,VIIRS,h,2,297.57,9.42,D,0,VIIRS_NOAA20_SP
30.89279,75.31532,336.19,0.6,0.7,2023-11-22,706,N20,VIIRS,n,2,298.18,6.5,D,0,VIIRS_NOAA20_SP
30.89442,75.3213,338.27,0.6,0.7,2023-11-22,706,N20,VIIRS,n,2,296.59,6.5,D,0,VIIRS_NOAA20_SP
30.89454,75.31448,341.99,0.6,0.7,2023-11-22,706,N20,VIIRS,n,2,298.22,12.13,D,0,VIIRS_NOAA20_SP
30.89621,75.32045,333.15,0.6,0.7,2023-11-22,706,N20,VIIRS,n,2,296.25,8.29,D,0,VIIRS_NOAA20_SP
30.97455,76.20074,330.6,0.53,0.67,2023-11-22,706,N20,VIIRS,n,2,298.27,4.72,D,0,VIIRS_NOAA20_SP
31.03925,74.83933,332.25,0.63,0.72,2023-11-22,706,N20,VIIRS,n,2,296.09,6.45,D,0,VIIRS_NOAA20_SP
31.0794,74.98285,332.05,0.62,0.71,2023-11-22,706,N20,VIIRS,n,2,296.09,3.9,D,0,VIIRS_NOAA20_SP
31.23202,73.57133,367.0,0.74,0.76,2023-11-22,706,N20,VIIRS,h,2,298.58,15.0,D,0,VIIRS_NOAA20_SP
31.23236,73.57156,356.14,0.74,0.76,2023-11-22,706,N20,VIIRS,n,2,298.51,12.52,D,0,VIIRS_NOAA20_SP
31.36928,73.76015,326.89,0.71,0.75,2023-11-22,706,N20,VIIRS,n,2,297.79,3.7,D,0,VIIRS_NOAA20_SP
31.44093,74.71058,327.9,0.63,0.72,2023-11-22,706,N20,VIIRS,n,2,296.98,3.6,D,0,VIIRS_NOAA20_SP
31.73539,72.74075,326.38,0.79,0.78,2023-11-22,706,N20,VIIRS,n,2,293.82,10.87,D,0,VIIRS_NOAA20_SP
31.73625,72.73325,329.73,0.79,0.78,2023-11-22,706,N20,VIIRS,n,2,294.65,7.36,D,0,VIIRS_NOAA20_SP
31.84294,74.90495,327.8,0.6,0.7,2023-11-22,706,N20,VIIRS,n,2,296.03,4.14,D,0,VIIRS_NOAA20_SP
31.87161,74.34133,336.36,0.64,0.72,2023-11-22,706,N20,VIIRS,n,2,296.73,5.46,D,0,VIIRS_NOAA20_SP
31.8733,74.34225,339.06,0.64,0.72,2023-11-22,706,N20,VIIRS,n,2,296.69,4.59,D,0,VIIRS_NOAA20_SP
31.88164,73.30366,340.23,0.73,0.76,2023-11-22,706,N20,VIIRS,n,2,297.27,6.39,D,0,VIIRS_NOAA20_SP
31.88186,73.30588,331.91,0.73,0.76,2023-11-22,706,N20,VIIRS,n,2,296.93,6.3,D,0,VIIRS_NOAA20_SP
31.88828,73.30102,332.63,0.73,0.76,2023-11-22,706,N20,VIIRS,n,2,296.12,3.99,D,0,VIIRS_NOAA20_SP
31.88849,73.30321,333.17,0.73,0.76,2023-11-22,706,N20,VIIRS,n,2,296.09,6.3,D,0,VIIRS_NOAA20_SP
31.98778,73.26093,329.17,0.73,0.76,2023-11-22,706,N20,VIIRS,n,2,295.08,4.79,D,0,VIIRS_NOAA20_SP
31.98783,73.26122,329.65,0.73,0.76,2023-11-22,706,N20,VIIRS,n,2,295.0,3.72,D,0,VIIRS_NOAA20_SP
32.01747,73.36308,349.45,0.72,0.76,2023-11-22,706,N20,VIIRS,n,2,296.93,10.59,D,0,VIIRS_NOAA20_SP
32.01798,73.36248,347.2,0.72,0.76,2023-11-22,706,N20,VIIRS,n,2,296.63,12.63,D,0,VIIRS_NOAA20_SP
32.03336,73.31616,327.78,0.72,0.76,2023-11-22,706,N20,VIIRS,n,2,295.82,3.09,D,0,VIIRS_NOAA20_SP
32.0337,73.3158,330.06,0.72,0.76,2023-11-22,706,N20,VIIRS,n,2,295.83,5.69,D,0,VIIRS_NOAA20_SP
32.04422,74.70575,325.25,0.61,0.71,2023-11-22,706,N20,VIIRS,n,2,295.51,2.93,D,0,VIIRS_NOAA20_SP
32.14635,75.26036,327.91,0.56,0.69,2023-11-22,706,N20,VIIRS,n,2,293.99,3.32,D,0,VIIRS_NOAA20_SP
32.18679,73.4558,337.17,0.7,0.75,2023-11-22,706,N20,VIIRS,n,2,296.08,5.01,D,0,VIIRS_NOAA20_SP
32.19121,73.45282,327.91,0.7,0.75,2023-11-22,706,N20,VIIRS,n,2,295.78,3.14,D,0,VIIRS_NOAA20_SP
32.37083,74.43015,328.47,0.61,0.71,2023-11-22,706,N20,VIIRS,n,2,294.96,3.69,D,0,VIIRS_NOAA20_SP
34.26025,74.98804,351.73,0.52,0.66,2023-11-22,707,N20,VIIRS,n,2,297.96,20.12,D,0,VIIRS_NOAA20_SP
34.26169,74.98531,333.64,0.51,0.66,2023-11-22,707,N20,VIIRS,n,2,290.19,20.98,D,0,VIIRS_NOAA20_SP
34.26186,74.99392,367.0,0.51,0.66,2023-11-22,707,N20,VIIRS,h,2,290.29,20.12,D,0,VIIRS_NOAA20_SP
34.26363,74.99224,367.0,0.51,0.66,2023-11-22,707,N20,VIIRS,h,2,291.81,30.54,D,0,VIIRS_NOAA20_SP
15.27044,75.0609,337.66,0.5,0.49,2023-11-22,842,N20,VIIRS,n,2,301.45,6.82,D,0,VIIRS_NOAA20_SP
15.35166,75.58575,333.38,0.54,0.51,2023-11-22,842,N20,VIIRS,n,2,298.84,2.92,D,0,VIIRS_NOAA20_SP
15.38412,73.88762,341.56,0.42,0.45,2023-11-22,842,N20,VIIRS,n,2,303.7,4.82,D,0,VIIRS_NOAA20_SP
15.68952,74.67878,340.0,0.48,0.48,2023-11-22,842,N20,VIIRS,n,2,300.72,8.01,D,0,VIIRS_NOAA20_SP
15.89859,74.41718,341.22,0.46,0.47,2023-11-22,842,N20,VIIRS,n,2,300.98,4.5,D,0,VIIRS_NOAA20_SP
16.21537,74.30076,335.25,0.46,0.47,2023-11-22,842,N20,VIIRS,n,2,300.61,4.22,D,0,VIIRS_NOAA20_SP
16.21592,74.30508,332.21,0.46,0.47,2023-11-22,842,N20,VIIRS,n,2,301.55,4.22,D,0,VIIRS_NOAA20_SP
16.35663,77.37915,354.94,0.37,0.58,2023-11-22,842,N20,VIIRS,n,2,298.73,8.92,D,0,VIIRS_NOAA20_SP
16.35962,77.60378,343.88,0.38,0.59,2023-11-22,842,N20,VIIRS,n,2,295.2,5.23,D,0,VIIRS_NOAA20_SP
16.36659,73.51128,336.56,0.41,0.45,2023-11-22,842,N20,VIIRS,n,2,306.23,3.08,D,0,VIIRS_NOAA20_SP
16.3955,77.25504,340.07,0.36,0.58,2023-11-22,842,N20,VIIRS,n,2,297.88,3.49,D,0,VIIRS_NOAA20_SP
16.47615,75.37128,336.0,0.54,0.51,2023-11-22,842,N20,VIIRS,n,2,301.07,5.29,D,0,VIIRS_NOAA20_SP
16.47761,75.36817,337.43,0.54,0.51,2023-11-22,842,N20,VIIRS,n,2,301.28,6.25,D,0,VIIRS_NOAA20_SP
16.68896,77.16283,347.16,0.36,0.57,2023-11-22,842,N20,VIIRS,n,2,301.13,5.84,D,0,VIIRS_NOAA20_SP
16.68947,77.16325,349.9,0.36,0.57,2023-11-22,842,N20,VIIRS,n,2,300.89,6.07,D,0,VIIRS_NOAA20_SP
16.73708,77.06538,334.84,0.35,0.57,2023-11-22,842,N20,VIIRS,n,2,299.61,3.24,D,0,VIIRS_NOAA20_SP
16.74872,77.07424,333.16,0.36,0.57,2023-11-22,842,N20,VIIRS,n,2,297.35,1.88,D,0,VIIRS_NOAA20_SP
16.78098,77.03009,340.75,0.35,0.57,2023-11-22,842,N20,VIIRS,n,2,295.48,1.66,D,0,VIIRS_NOAA20_SP
16.78099,77.02847,346.57,0.35,0.57,2023-11-22,842,N20,VIIRS,n,2,295.85,3.72,D,0,VIIRS_NOAA20_SP
16.86534,74.04065,343.04,0.45,0.47,2023-11-22,842,N20,VIIRS,n,2,302.55,5.39,D,0,VIIRS_NOAA20_SP
16.98137,76.25614,331.88,0.63,0.54,2023-11-22,842,N20,VIIRS,n,2,299.51,6.86,D,0,VIIRS_NOAA20_SP
17.08289,73.99096,335.98,0.45,0.47,2023-11-22,842,N20,VIIRS,n,2,299.98,1.93,D,0,VIIRS_NOAA20_SP
17.56679,77.49139,333.56,0.39,0.59,2023-11-22,842,N20,VIIRS,n,2,298.36,1.79,D,0,VIIRS_NOAA20_SP
17.61292,73.47414,335.02,0.42,0.45,2023-11-22,843,N20,VIIRS,n,2,304.44,3.02,D,0,VIIRS_NOAA20_SP
17.63031,75.27129,342.76,0.55,0.51,2023-11-22,843,N20,VIIRS,n,2,301.82,6.33,D,0,VIIRS_NOAA20_SP
17.83446,76.29308,354.87,0.33,0.55,2023-11-22,843,N20,VIIRS,n,2,298.67,4.81,D,0,VIIRS_NOAA20_SP
17.86193,73.32445,340.15,0.42,0.45,2023-11-22,843,N20,VIIRS,n,2,304.45,7.92,D,0,VIIRS_NOAA20_SP
17.8693,76.24409,337.59,0.32,0.55,2023-11-22,843,N20,VIIRS,n,2,304.01,3.15,D,0,VIIRS_NOAA20_SP
17.99789,73.24616,333.14,0.42,0.45,2023-11-22,843,N20,VIIRS,n,2,301.78,1.87,D,0,VIIRS_NOAA20_SP
18.04203,75.63959,330.65,0.59,0.53,2023-11-22,843,N20,VIIRS,n,2,302.46,2.8,D,0,VIIRS_NOAA20_SP
18.07454,78.1645,348.62,0.44,0.62,2023-11-22,843,N20,VIIRS,n,2,294.5,4.81,D,0,VIIRS_NOAA20_SP
18.08482,73.0808,335.33,0.41,0.45,2023-11-22,843,N20,VIIRS,n,2,305.91,5.79,D,0,VIIRS_NOAA20_SP
18.08527,73.08447,339.61,0.41,0.45,2023-11-22,843,N20,VIIRS,n,2,302.85,5.65,D,0,VIIRS_NOAA20_SP
18.08844,73.07644,334.51,0.41,0.45,2023-11-22,843,N20,VIIRS,n,2,306.19,3.95,D,0,VIIRS_NOAA20_SP
18.0889,73.08012,344.26,0.41,0.45,2023-11-22,843,N20,VIIRS,n,2,308.45,3.95,D,0,VIIRS_NOAA20_SP
18.13219,78.03091,336.01,0.43,0.62,2023-11-22,843,N20,VIIRS,n,2,295.15,6.06,D,0,VIIRS_NOAA20_SP
18.13902,78.15457,340.71,0.44,0.62,2023-11-22,843,N20,VIIRS,n,2,296.79,4.46,D,0,VIIRS_NOAA20_SP
18.14081,73.98152,334.82,0.46,0.47,2023-11-22,843,N20,VIIRS,n,2,304.67,2.68,D,0,VIIRS_NOAA20_SP
18.14205,73.98207,332.95,0.46,0.47,2023-11-22,843,N20,VIIRS,n,2,305.01,3.29,D,0,VIIRS_NOAA20_SP
18.16066,78.02798,334.55,0.43,0.62,2023-11-22,843,N20,VIIRS,n,2,296.92,2.82,D,0,VIIRS_NOAA20_SP
18.22178,77.81655,340.56,0.42,0.61,2023-11-22,843,N20,VIIRS,n,2,297.88,4.76,D,0,VIIRS_NOAA20_SP
18.25253,73.25795,331.55,0.42,0.45,2023-11-22,843,N20,VIIRS,n,2,305.78,2.78,D,0,VIIRS_NOAA20_SP
18.28598,78.20432,335.03,0.44,0.63,2023-11-22,843,N20,VIIRS,n,2,298.31,3.26,D,0,VIIRS_NOAA20_SP
18.28995,78.72783,351.56,0.48,0.65,2023-11-22,843,N20,VIIRS,n,2,295.77,9.07,D,0,VIIRS_NOAA20_SP
18.37357,73.29804,333.14,0.42,0.45,2023-11-22,843,N20,VIIRS,n,2,304.51,4.03,D,0,VIIRS_NOAA20_SP
18.37512,73.29851,331.79,0.42,0.45,2023-11-22,843,N20,VIIRS,n,2,303.35,3.53,D,0,VIIRS_NOAA20_SP
18.38361,76.83438,340.69,0.36,0.57,2023-11-22,843,N20,VIIRS,n,2,298.88,3.93,D,0,VIIRS_NOAA20_SP
18.39079,77.84054,344.05,0.42,0.61,2023-11-22,843,N20,VIIRS,n,2,293.65,3.71,D,0,VIIRS_NOAA20_SP
18.40628,79.29536,330.41,0.52,0.67,2023-11-22,843,N20,VIIRS,n,2,291.92,4.08,D,0,VIIRS_NOAA20_SP
18.42905,77.9938,333.04,0.43,0.62,2023-11-22,843,N20,VIIRS,n,2,296.39,2.79,D,0,VIIRS_NOAA20_SP
18.49143,73.2668,338.74,0.42,0.45,2023-11-22,843,N20,VIIRS,n,2,305.22,4.52,D,0,VIIRS_NOAA20_SP
18.54601,77.78476,337.25,0.42,0.61,2023-11-22,843,N20,VIIRS,n,2,294.34,7.78,D,0,VIIRS_NOAA20_SP
18.55957,77.8073,336.16,0.42,0.61,2023-11-22,843,N20,VIIRS,n,2,298.47,3.39,D,0,VIIRS_NOAA20_SP
18.56203,77.80755,336.82,0.42,0.61,2023-11-22,843,N20,VIIRS,n,2,298.91,3.87,D,0,VIIRS_NOAA20_SP
18.56431,77.73891,341.56,0.42,0.61,2023-11-22,843,N20,VIIRS,n,2,297.74,6.01,D,0,VIIRS_NOAA20_SP
18.5806,77.78922,337.82,0.42,0.61,2023-11-22,843,N20,VIIRS,n,2,297.85,4.47,D,0,VIIRS_NOAA20_SP
18.66382,77.87823,339.82,0.42,0.61,2023-11-22,843,N20,VIIRS,n,2,297.18,4.27,D,0,VIIRS_NOAA20_SP
18.66659,77.87698,337.28,0.43,0.62,2023-11-22,843,N20,VIIRS,n,2,297.63,4.46,D,0,VIIRS_NOAA20_SP
18.66909,75.12375,341.12,0.56,0.51,2023-11-22,843,N20,VIIRS,n,2,301.83,10.11,D,0,VIIRS_NOAA20_SP
18.71482,77.90091,340.12,0.43,0.62,2023-11-22,843,N20,VIIRS,n,2,297.54,3.57,D,0,VIIRS_NOAA20_SP
18.75768,78.10142,333.87,0.44,0.62,2023-11-22,843,N20,VIIRS,n,2,297.21,3.84,D,0,VIIRS_NOAA20_SP
18.76344,78.10085,346.98,0.44,0.62,2023-11-22,843,N20,VIIRS,n,2,296.55,3.84,D,0,VIIRS_NOAA20_SP
18.85456,78.4379,330.75,0.47,0.64,2023-11-22,843,N20,VIIRS,n,2,295.46,2.76,D,0,VIIRS_NOAA20_SP
18.92215,73.2032,340.14,0.42,0.46,2023-11-22,843,N20,VIIRS,n,2,303.76,3.71,D,0,VIIRS_NOAA20_SP
18.97322,71.6226,330.67,0.52,0.41,2023-11-22,843,N20,VIIRS,n,2,299.11,2.94,D,3,VIIRS_NOAA20_SP
19.17134,77.49828,335.16,0.41,0.6,2023-11-22,843,N20,VIIRS,n,2,299.06,3.95,D,0,VIIRS_NOAA20_SP
19.17221,77.4969,341.6,0.41,0.6,2023-11-22,843,N20,VIIRS,n,2,300.05,3.49,D,0,VIIRS_NOAA20_SP
19.26556,73.20043,337.06,0.43,0.46,2023-11-22,843,N20,VIIRS,n,2,304.52,2.36,D,0,VIIRS_NOAA20_SP
19.38907,73.12247,335.94,0.42,0.46,2023-11-22,843,N20,VIIRS,n,2,303.13,2.0,D,0,VIIRS_NOAA20_SP
19.40369,73.2785,338.72,0.43,0.46,2023-11-22,843,N20,VIIRS,n,2,304.17,3.26,D,0,VIIRS_NOAA20_SP
19.47815,75.3701,337.16,0.59,0.53,2023-11-22,843,N20,VIIRS,n,2,305.06,1.27,D,0,VIIRS_NOAA20_SP
19.47995,75.373,335.32,0.59,0.53,2023-11-22,843,N20,VIIRS,n,2,302.11,2.31,D,0,VIIRS_NOAA20_SP
19.54097,75.05357,340.22,0.57,0.52,2023-11-22,843,N20,VIIRS,n,2,302.39,6.62,D,0,VIIRS_NOAA20_SP
19.54177,75.05617,340.5,0.57,0.52,2023-11-22,843,N20,VIIRS,n,2,303.41,5.34,D,0,VIIRS_NOAA20_SP
19.64013,76.23233,333.72,0.34,0.56,2023-11-22,843,N20,VIIRS,n,2,303.72,1.5,D,0,VIIRS_NOAA20_SP
19.93826,73.75139,339.67,0.47,0.48,2023-11-22,843,N20,VIIRS,n,2,302.27,5.16,D,0,VIIRS_NOAA20_SP
19.93883,73.75312,338.56,0.47,0.48,2023-11-22,843,N20,VIIRS,n,2,300.59,3.29,D,0,VIIRS_NOAA20_SP
19.97575,74.0021,331.52,0.49,0.49,2023-11-22,843,N20,VIIRS,n,2,305.52,3.18,D,0,VIIRS_NOAA20_SP
20.2095,77.97487,352.42,0.45,0.63,2023-11-22,843,N20,VIIRS,n,2,302.42,7.24,D,0,VIIRS_NOAA20_SP
20.5279,74.88059,341.4,0.57,0.52,2023-11-22,843,N20,VIIRS,n,2,304.49,5.13,D,0,VIIRS_NOAA20_SP
21.11628,79.25241,332.41,0.56,0.69,2023-11-22,843,N20,VIIRS,n,2,297.98,3.12,D,0,VIIRS_NOAA20_SP
21.10072,72.65281,350.38,0.42,0.45,2023-11-22,844,N20,VIIRS,n,2,305.39,6.46,D,2,VIIRS_NOAA20_SP
21.103,72.63613,344.41,0.42,0.45,2023-11-22,844,N20,VIIRS,n,2,304.93,5.81,D,2,VIIRS_NOAA20_SP
21.10441,72.64822,343.97,0.42,0.45,2023-11-22,844,N20,VIIRS,n,2,306.66,5.88,D,2,VIIRS_NOAA20_SP
21.19691,75.4985,346.21,0.32,0.54,2023-11-22,844,N20,VIIRS,n,2,304.3,2.42,D,0,VIIRS_NOAA20_SP
21.4362,73.02739,332.53,0.44,0.46,2023-11-22,844,N20,VIIRS,n,2,302.9,1.17,D,0,VIIRS_NOAA20_SP
21.44356,74.5881,336.53,0.56,0.51,2023-11-22,844,N20,VIIRS,n,2,306.21,5.02,D,0,VIIRS_NOAA20_SP
21.5424,72.94493,345.06,0.44,0.46,2023-11-22,844,N20,VIIRS,n,2,303.68,4.72,D,0,VIIRS_NOAA20_SP
21.54666,72.9444,338.31,0.44,0.46,2023-11-22,844,N20,VIIRS,n,2,304.4,3.26,D,0,VIIRS_NOAA20_SP
21.75043,71.88128,335.08,0.38,0.43,2023-11-22,844,N20,VIIRS,l,2,309.47,2.34,D,0,VIIRS_NOAA20_SP
21.75221,71.8787,337.82,0.38,0.43,2023-11-22,844,N20,VIIRS,n,2,308.69,2.98,D,0,VIIRS_NOAA20_SP
21.76014,77.85793,330.94,0.46,0.64,2023-11-22,844,N20,VIIRS,n,2,299.6,3.75,D,0,VIIRS_NOAA20_SP
21.76954,70.80216,334.83,0.5,0.41,2023-11-22,844,N20,VIIRS,l,2,307.72,2.45,D,0,VIIRS_NOAA20_SP
21.87011,72.66135,346.35,0.43,0.46,2023-11-22,844,N20,VIIRS,n,2,309.21,6.79,D,0,VIIRS_NOAA20_SP
22.34256,69.88045,344.74,0.46,0.39,2023-11-22,844,N20,VIIRS,n,2,313.08,37.76,D,2,VIIRS_NOAA20_SP
22.37389,80.18273,330.2,0.66,0.73,2023-11-22,844,N20,VIIRS,n,2,295.1,5.2,D,0,VIIRS_NOAA20_SP
22.3997,70.08486,336.56,0.47,0.4,2023-11-22,844,N20,VIIRS,n,2,307.56,4.05,D,0,VIIRS_NOAA20_SP
22.42729,80.07603,332.86,0.65,0.73,2023-11-22,844,N20,VIIRS,n,2,296.47,3.33,D,0,VIIRS_NOAA20_SP
22.441,72.40528,336.14,0.42,0.45,2023-11-22,844,N20,VIIRS,n,2,306.66,3.31,D,0,VIIRS_NOAA20_SP
22.46579,80.09825,328.63,0.65,0.73,2023-11-22,844,N20,VIIRS,n,2,296.18,3.41,D,0,VIIRS_NOAA20_SP
22.51523,80.08868,332.05,0.65,0.73,2023-11-22,844,N20,VIIRS,n,2,297.09,4.04,D,0,VIIRS_NOAA20_SP
22.52368,80.0553,329.18,0.65,0.73,2023-11-22,844,N20,VIIRS,n,2,295.43,2.47,D,0,VIIRS_NOAA20_SP
22.72071,72.29522,342.8,0.42,0.45,2023-11-22,844,N20,VIIRS,n,2,314.24,12.6,D,0,VIIRS_NOAA20_SP
22.72118,72.29928,340.54,0.42,0.45,2023-11-22,844,N20,VIIRS,n,2,306.36,8.01,D,0,VIIRS_NOAA20_SP
22.72486,72.29467,349.89,0.42,0.45,2023-11-22,844,N20,VIIRS,n,2,309.42,6.25,D,0,VIIRS_NOAA20_SP
22.72699,72.38561,338.6,0.42,0.45,2023-11-22,844,N20,VIIRS,n,2,308.18,4.61,D,0,VIIRS_NOAA20_SP
22.78228,72.29929,344.7,0.42,0.45,2023-11-22,844,N20,VIIRS,n,2,312.19,8.58,D,0,VIIRS_NOAA20_SP
22.79863,77.6576,342.19,0.46,0.63,2023-11-22,844,N20,VIIRS,n,2,300.1,4.86,D,0,VIIRS_NOAA20_SP
22.8234,78.5135,344.92,0.52,0.67,2023-11-22,844,N20,VIIRS,n,2,297.4,5.74,D,0,VIIRS_NOAA20_SP
22.82388,78.51164,347.92,0.52,0.67,2023-11-22,844,N20,VIIRS,n,2,297.77,7.11,D,0,VIIRS_NOAA20_SP
22.86637,72.29652,342.5,0.42,0.45,2023-11-22,844,N20,VIIRS,n,2,309.43,5.82,D,0,VIIRS_NOAA20_SP
22.89577,72.20623,342.93,0.41,0.45,2023-11-22,844,N20,VIIRS,n,2,309.64,5.21,D,0,VIIRS_NOAA20_SP
22.9908,77.57186,330.27,0.46,0.63,2023-11-22,844,N20,VIIRS,n,2,300.23,2.52,D,0,VIIRS_NOAA20_SP
23.03716,71.78426,334.24,0.39,0.44,2023-11-22,844,N20,VIIRS,n,2,306.09,10.55,D,0,VIIRS_NOAA20_SP
23.03761,71.7881,341.54,0.39,0.44,2023-11-22,844,N20,VIIRS,n,2,304.36,10.55,D,0,VIIRS_NOAA20_SP
23.08947,72.13223,334.81,0.41,0.45,2023-11-22,844,N20,VIIRS,n,2,303.91,3.36,D,0,VIIRS_NOAA20_SP
23.12058,71.20515,334.9,0.55,0.43,2023-11-22,844,N20,VIIRS,n,2,304.78,2.69,D,0,VIIRS_NOAA20_SP
23.12459,72.03819,341.51,0.41,0.45,2023-11-22,844,N20,VIIRS,n,2,306.39,3.61,D,0,VIIRS_NOAA20_SP
23.12931,70.14128,341.29,0.48,0.4,2023-11-22,844,N20,VIIRS,n,2,309.08,6.09,D,0,VIIRS_NOAA20_SP
23.14413,72.31544,330.3,0.42,0.45,2023-11-22,844,N20,VIIRS,l,2,304.14,3.45,D,0,VIIRS_NOAA20_SP
23.15664,79.70267,337.53,0.63,0.72,2023-11-22,844,N20,VIIRS,n,2,297.63,5.76,D,0,VIIRS_NOAA20_SP
23.15907,79.70518,332.98,0.63,0.72,2023-11-22,844,N20,VIIRS,n,2,296.6,6.63,D,0,VIIRS_NOAA20_SP
23.1772,79.80773,341.11,0.64,0.72,2023-11-22,844,N20,VIIRS,n,2,297.13,6.53,D,0,VIIRS_NOAA20_SP
23.18202,72.61036,341.16,0.44,0.46,2023-11-22,844,N20,VIIRS,n,2,304.13,3.33,D,0,VIIRS_NOAA20_SP
23.19462,79.76868,331.43,0.63,0.72,2023-11-22,844,N20,VIIRS,n,2,297.1,5.37,D,0,VIIRS_NOAA20_SP
23.22829,79.81007,329.04,0.64,0.72,2023-11-22,844,N20,VIIRS,n,2,297.53,2.01,D,0,VIIRS_NOAA20_SP
23.23109,79.81031,329.31,0.64,0.72,2023-11-22,844,N20,VIIRS,n,2,297.04,2.6,D,0,VIIRS_NOAA20_SP
23.24373,79.84074,333.89,0.64,0.72,2023-11-22,844,N20,VIIRS,n,2,297.41,4.36,D,0,VIIRS_NOAA20_SP
23.24673,79.84099,334.05,0.64,0.72,2023-11-22,844,N20,VIIRS,n,2,297.03,5.09,D,0,VIIRS_NOAA20_SP
23.25645,79.7896,346.23,0.63,0.72,2023-11-22,844,N20,VIIRS,n,2,297.04,6.56,D,0,VIIRS_NOAA20_SP
23.26045,79.78876,345.07,0.63,0.72,2023-11-22,844,N20,VIIRS,n,2,296.18,7.28,D,0,VIIRS_NOAA20_SP
23.2721,79.76267,328.78,0.63,0.72,2023-11-22,844,N20,VIIRS,n,2,296.66,4.36,D,0,VIIRS_NOAA20_SP
23.28238,79.96046,330.04,0.65,0.73,2023-11-22,844,N20,VIIRS,n,2,296.8,8.14,D,0,VIIRS_NOAA20_SP
23.28845,79.80576,343.01,0.64,0.72,2023-11-22,844,N20,VIIRS,n,2,296.69,5.84,D,0,VIIRS_NOAA20_SP
23.28865,79.95358,332.33,0.65,0.73,2023-11-22,844,N20,VIIRS,n,2,295.52,10.64,D,0,VIIRS_NOAA20_SP
23.29165,79.9529,333.56,0.65,0.73,2023-11-22,844,N20,VIIRS,n,2,295.05,5.49,D,0,VIIRS_NOAA20_SP
23.30807,79.79804,331.75,0.64,0.72,2023-11-22,844,N20,VIIRS,n,2,296.91,5.55,D,0,VIIRS_NOAA20_SP
23.31057,79.93224,329.73,0.65,0.73,2023-11-22,844,N20,VIIRS,n,2,295.26,4.47,D,0,VIIRS_NOAA20_SP
23.33895,79.90868,331.12,0.65,0.73,2023-11-22,844,N20,VIIRS,n,2,293.96,7.64,D,0,VIIRS_NOAA20_SP
23.36228,79.99368,340.78,0.66,0.73,2023-11-22,844,N20,VIIRS,n,2,295.37,7.16,D,0,VIIRS_NOAA20_SP
23.37488,79.97984,328.42,0.65,0.73,2023-11-22,844,N20,VIIRS,n,2,295.34,3.0,D,0,VIIRS_NOAA20_SP
23.40512,79.9884,330.15,0.66,0.73,2023-11-22,844,N20,VIIRS,n,2,294.69,5.84,D,0,VIIRS_NOAA20_SP
23.46057,80.00423,337.62,0.66,0.73,2023-11-22,844,N20,VIIRS,n,2,296.25,6.9,D,0,VIIRS_NOAA20_SP
23.51901,79.92496,334.38,0.65,0.73,2023-11-22,844,N20,VIIRS,n,2,295.53,5.81,D,0,VIIRS_NOAA20_SP
23.55404,79.90088,329.05,0.65,0.73,2023-11-22,844,N20,VIIRS,n,2,295.26,6.42,D,0,VIIRS_NOAA20_SP
24.00393,77.42033,352.19,0.46,0.63,2023-11-22,844,N20,VIIRS,n,2,301.32,5.98,D,0,VIIRS_NOAA20_SP
24.00459,77.41969,350.48,0.46,0.63,2023-11-22,844,N20,VIIRS,n,2,301.49,4.56,D,0,VIIRS_NOAA20_SP
24.3469,69.07407,341.45,0.45,0.39,2023-11-22,845,N20,VIIRS,n,2,302.77,2.9,D,0,VIIRS_NOAA20_SP
24.41079,71.62103,336.32,0.4,0.44,2023-11-22,845,N20,VIIRS,n,2,305.13,3.48,D,0,VIIRS_NOAA20_SP
24.41093,71.62148,333.77,0.4,0.44,2023-11-22,845,N20,VIIRS,n,2,304.66,3.17,D,0,VIIRS_NOAA20_SP
24.47356,72.77889,337.98,0.47,0.48,2023-11-22,845,N20,VIIRS,n,2,301.29,3.89,D,0,VIIRS_NOAA20_SP
24.98813,68.63852,336.62,0.43,0.38,2023-11-22,845,N20,VIIRS,n,2,305.64,2.94,D,0,VIIRS_NOAA20_SP
25.16088,68.44662,339.47,0.43,0.38,2023-11-22,845,N20,VIIRS,n,2,303.18,5.83,D,0,VIIRS_NOAA20_SP
25.1805,68.94807,332.48,0.45,0.39,2023-11-22,845,N20,VIIRS,n,2,303.35,3.48,D,0,VIIRS_NOAA20_SP
25.23475,69.05798,332.89,0.45,0.39,2023-11-22,845,N20,VIIRS,n,2,302.68,3.38,D,0,VIIRS_NOAA20_SP
25.38241,68.61893,336.28,0.44,0.38,2023-11-22,845,N20,VIIRS,n,2,306.64,9.17,D,0,VIIRS_NOAA20_SP
25.38899,68.7782,331.89,0.44,0.39,2023-11-22,845,N20,VIIRS,n,2,301.52,3.06,D,0,VIIRS_NOAA20_SP
25.45494,68.78576,333.59,0.44,0.39,2023-11-22,845,N20,VIIRS,n,2,302.31,3.37,D,0,VIIRS_NOAA20_SP
25.49639,68.66386,336.35,0.44,0.38,2023-11-22,845,N20,VIIRS,n,2,303.65,3.07,D,0,VIIRS_NOAA20_SP
25.53431,68.81487,345.39,0.45,0.39,2023-11-22,845,N20,VIIRS,n,2,303.01,6.93,D,0,VIIRS_NOAA20_SP
25.65001,68.62675,333.49,0.44,0.38,2023-11-22,845,N20,VIIRS,n,2,301.12,3.27,D,0,VIIRS_NOAA20_SP
25.67921,68.38455,330.01,0.43,0.38,2023-11-22,845,N20,VIIRS,l,2,304.48,1.71,D,0,VIIRS_NOAA20_SP
25.70136,78.93487,329.93,0.59,0.7,2023-11-22,845,N20,VIIRS,n,2,296.46,2.93,D,0,VIIRS_NOAA20_SP
25.70161,78.93416,329.69,0.59,0.7,2023-11-22,845,N20,VIIRS,n,2,296.82,2.91,D,0,VIIRS_NOAA20_SP
25.70342,77.99679,329.79,0.52,0.67,2023-11-22,845,N20,VIIRS,n,2,296.76,5.46,D,0,VIIRS_NOAA20_SP
25.70546,68.63673,331.57,0.44,0.38,2023-11-22,845,N20,VIIRS,n,2,300.74,1.64,D,0,VIIRS_NOAA20_SP
25.71145,78.02256,333.4,0.52,0.67,2023-11-22,845,N20,VIIRS,n,2,295.47,3.51,D,0,VIIRS_NOAA20_SP
25.72379,78.02168,344.94,0.52,0.67,2023-11-22,845,N20,VIIRS,n,2,296.44,6.79,D,0,VIIRS_NOAA20_SP
25.72755,78.07409,342.64,0.52,0.67,2023-11-22,845,N20,VIIRS,n,2,296.49,6.61,D,0,VIIRS_NOAA20_SP
25.7331,77.97896,331.7,0.52,0.66,2023-11-22,845,N20,VIIRS,n,2,297.97,4.22,D,0,VIIRS_NOAA20_SP
25.73374,78.92593,335.36,0.59,0.7,2023-11-22,845,N20,VIIRS,n,2,295.65,4.67,D,0,VIIRS_NOAA20_SP
25.73718,78.1216,332.78,0.53,0.67,2023-11-22,845,N20,VIIRS,n,2,296.01,2.76,D,0,VIIRS_NOAA20_SP
25.75094,78.88878,336.62,0.59,0.7,2023-11-22,845,N20,VIIRS,n,2,297.15,3.77,D,0,VIIRS_NOAA20_SP
25.76328,68.94052,330.33,0.45,0.39,2023-11-22,845,N20,VIIRS,n,2,302.56,2.66,D,0,VIIRS_NOAA20_SP
25.77058,77.98858,336.62,0.52,0.67,2023-11-22,845,N20,VIIRS,n,2,296.77,4.06,D,0,VIIRS_NOAA20_SP
25.77639,68.62695,331.69,0.44,0.38,2023-11-22,845,N20,VIIRS,n,2,301.06,4.8,D,0,VIIRS_NOAA20_SP
25.81291,68.57644,335.42,0.44,0.38,2023-11-22,845,N20,VIIRS,n,2,299.98,3.74,D,0,VIIRS_NOAA20_SP
25.82749,78.18152,333.69,0.53,0.67,2023-11-22,845,N20,VIIRS,n,2,296.88,3.94,D,0,VIIRS_NOAA20_SP
25.83052,73.45256,338.13,0.54,0.51,2023-11-22,845,N20,VIIRS,n,2,303.68,2.84,D,0,VIIRS_NOAA20_SP
25.84052,78.27866,343.39,0.54,0.68,2023-11-22,845,N20,VIIRS,n,2,297.12,7.19,D,0,VIIRS_NOAA20_SP
25.86261,68.76204,332.63,0.45,0.39,2023-11-22,845,N20,VIIRS,n,2,301.27,3.21,D,0,VIIRS_NOAA20_SP
25.87894,73.60596,338.76,0.55,0.51,2023-11-22,845,N20,VIIRS,n,2,308.21,4.35,D,0,VIIRS_NOAA20_SP
25.88809,78.26801,337.71,0.54,0.68,2023-11-22,845,N20,VIIRS,n,2,295.55,3.88,D,0,VIIRS_NOAA20_SP
25.89026,78.26942,334.39,0.54,0.68,2023-11-22,845,N20,VIIRS,n,2,295.0,3.89,D,0,VIIRS_NOAA20_SP
25.89367,78.68182,332.24,0.57,0.69,2023-11-22,845,N20,VIIRS,n,2,295.85,4.68,D,0,VIIRS_NOAA20_SP
25.8949,78.67483,333.69,0.57,0.69,2023-11-22,845,N20,VIIRS,n,2,296.34,4.9,D,0,VIIRS_NOAA20_SP
25.89526,78.68063,336.49,0.57,0.69,2023-11-22,845,N20,VIIRS,n,2,295.82,4.9,D,0,VIIRS_NOAA20_SP
25.8993,78.66981,331.57,0.57,0.69,2023-11-22,845,N20,VIIRS,n,2,296.81,4.18,D,0,VIIRS_NOAA20_SP
25.8997,78.6756,331.53,0.57,0.69,2023-11-22,845,N20,VIIRS,n,2,296.27,4.18,D,0,VIIRS_NOAA20_SP
25.90132,78.67438,332.21,0.57,0.69,2023-11-22,845,N20,VIIRS,n,2,296.21,3.45,D,0,VIIRS_NOAA20_SP
25.9047,78.23374,336.21,0.54,0.68,2023-11-22,845,N20,VIIRS,n,2,296.92,5.22,D,0,VIIRS_NOAA20_SP
25.91684,78.22735,332.76,0.54,0.68,2023-11-22,845,N20,VIIRS,n,2,296.12,4.28,D,0,VIIRS_NOAA20_SP
25.91899,78.07619,333.97,0.52,0.67,2023-11-22,845,N20,VIIRS,n,2,296.11,3.39,D,0,VIIRS_NOAA20_SP
25.95039,78.25777,329.5,0.54,0.68,2023-11-22,845,N20,VIIRS,n,2,295.4,4.1,D,0,VIIRS_NOAA20_SP
25.9521,78.19214,332.41,0.53,0.67,2023-11-22,845,N20,VIIRS,n,2,295.92,4.93,D,0,VIIRS_NOAA20_SP
25.95403,78.15371,336.0,0.53,0.67,2023-11-22,845,N20,VIIRS,n,2,296.45,4.34,D,0,VIIRS_NOAA20_SP
25.95435,78.25721,329.65,0.54,0.68,2023-11-22,845,N20,VIIRS,n,2,295.94,5.05,D,0,VIIRS_NOAA20_SP
25.95438,78.15913,331.91,0.53,0.67,2023-11-22,845,N20,VIIRS,n,2,296.12,4.34,D,0,VIIRS_NOAA20_SP
25.95568,78.154,337.88,0.53,0.67,2023-11-22,845,N20,VIIRS,n,2,296.69,4.54,D,0,VIIRS_NOAA20_SP
25.95606,78.15939,332.18,0.53,0.67,2023-11-22,845,N20,VIIRS,n,2,296.65,4.54,D,0,VIIRS_NOAA20_SP
25.96458,78.19116,350.65,0.53,0.67,2023-11-22,845,N20,VIIRS,n,2,295.77,6.54,D,0,VIIRS_NOAA20_SP
25.96893,78.19041,352.97,0.53,0.67,2023-11-22,845,N20,VIIRS,n,2,296.31,8.73,D,0,VIIRS_NOAA20_SP
25.98911,68.71293,330.6,0.45,0.39,2023-11-22,845,N20,VIIRS,n,2,303.5,9.29,D,0,VIIRS_NOAA20_SP
25.98986,68.71578,339.41,0.45,0.39,2023-11-22,845,N20,VIIRS,n,2,302.67,9.31,D,0,VIIRS_NOAA20_SP
26.09417,68.87959,330.28,0.45,0.39,2023-11-22,845,N20,VIIRS,l,2,304.63,2.36,D,2,VIIRS_NOAA20_SP
26.12635,68.98607,332.43,0.46,0.39,2023-11-22,845,N20,VIIRS,n,2,300.21,3.36,D,0,VIIRS_NOAA20_SP
26.27983,68.92719,333.44,0.46,0.39,2023-11-22,845,N20,VIIRS,n,2,302.7,3.8,D,0,VIIRS_NOAA20_SP
26.33231,68.12235,331.45,0.43,0.38,2023-11-22,845,N20,VIIRS,n,2,299.19,1.62,D,0,VIIRS_NOAA20_SP
26.41295,68.12778,331.48,0.43,0.38,2023-11-22,845,N20,VIIRS,n,2,299.02,1.9,D,0,VIIRS_NOAA20_SP
26.52538,68.34897,332.99,0.44,0.38,2023-11-22,845,N20,VIIRS,n,2,300.92,4.3,D,0,VIIRS_NOAA20_SP
26.52875,68.05291,344.91,0.43,0.38,2023-11-22,845,N20,VIIRS,n,2,299.79,6.12,D,0,VIIRS_NOAA20_SP
26.5751,68.31862,332.81,0.44,0.38,2023-11-22,845,N20,VIIRS,n,2,299.2,7.58,D,0,VIIRS_NOAA20_SP
26.62075,79.22294,367.0,0.63,0.72,2023-11-22,845,N20,VIIRS,h,2,296.39,12.46,D,0,VIIRS_NOAA20_SP
26.68092,79.15279,327.89,0.62,0.72,2023-11-22,845,N20,VIIRS,n,2,295.19,3.2,D,0,VIIRS_NOAA20_SP
26.68232,68.33774,331.06,0.44,0.38,2023-11-22,845,N20,VIIRS,n,2,300.37,6.4,D,0,VIIRS_NOAA20_SP
26.84197,68.18038,332.22,0.43,0.38,2023-11-22,845,N20,VIIRS,n,2,300.35,4.8,D,0,VIIRS_NOAA20_SP
26.95254,68.41978,331.2,0.44,0.39,2023-11-22,845,N20,VIIRS,n,2,300.87,2.89,D,0,VIIRS_NOAA20_SP
27.33647,68.63039,335.19,0.46,0.39,2023-11-22,845,N20,VIIRS,n,2,298.73,6.52,D,0,VIIRS_NOAA20_SP
27.37668,68.49936,331.09,0.45,0.39,2023-11-22,845,N20,VIIRS,n,2,298.44,2.76,D,0,VIIRS_NOAA20_SP
27.41687,71.41328,339.6,0.42,0.45,2023-11-22,845,N20,VIIRS,n,2,306.76,2.14,D,0,VIIRS_NOAA20_SP
27.42984,70.66255,341.69,0.38,0.43,2023-11-22,845,N20,VIIRS,n,2,305.47,6.01,D,0,VIIRS_NOAA20_SP
27.43309,70.84669,340.03,0.39,0.44,2023-11-22,845,N20,VIIRS,n,2,307.06,2.96,D,0,VIIRS_NOAA20_SP
27.43368,70.8456,335.03,0.39,0.44,2023-11-22,845,N20,VIIRS,n,2,306.15,1.81,D,0,VIIRS_NOAA20_SP
27.51469,70.69434,342.02,0.39,0.44,2023-11-22,845,N20,VIIRS,n,2,306.83,2.92,D,0,VIIRS_NOAA20_SP
27.84367,80.38588,333.04,0.76,0.77,2023-11-22,845,N20,VIIRS,n,2,297.09,5.17,D,0,VIIRS_NOAA20_SP
27.9262,80.04967,347.14,0.72,0.76,2023-11-22,845,N20,VIIRS,n,2,296.13,13.94,D,0,VIIRS_NOAA20_SP
27.92825,80.05109,351.69,0.72,0.76,2023-11-22,845,N20,VIIRS,n,2,296.01,9.86,D,0,VIIRS_NOAA20_SP
28.11728,78.02313,339.12,0.55,0.68,2023-11-22,845,N20,VIIRS,n,2,295.93,4.16,D,0,VIIRS_NOAA20_SP
28.38092,80.09364,331.57,0.73,0.76,2023-11-22,845,N20,VIIRS,n,2,296.08,3.69,D,0,VIIRS_NOAA20_SP
27.60023,68.05503,333.53,0.44,0.38,2023-11-22,846,N20,VIIRS,n,2,298.28,2.61,D,0,VIIRS_NOAA20_SP
28.05041,69.34757,336.15,0.5,0.41,2023-11-22,846,N20,VIIRS,n,2,299.17,4.54,D,0,VIIRS_NOAA20_SP
28.16271,69.29152,332.14,0.5,0.41,2023-11-22,846,N20,VIIRS,n,2,299.91,3.84,D,0,VIIRS_NOAA20_SP
28.52421,77.82407,330.89,0.54,0.68,2023-11-22,846,N20,VIIRS,n,2,295.39,3.52,D,0,VIIRS_NOAA20_SP
28.69267,77.76663,333.67,0.53,0.67,2023-11-22,846,N20,VIIRS,n,2,295.87,3.01,D,0,VIIRS_NOAA20_SP
28.71144,70.56593,339.8,0.39,0.44,2023-11-22,846,N20,VIIRS,n,2,300.18,4.09,D,0,VIIRS_NOAA20_SP
28.7912,70.34979,337.62,0.38,0.43,2023-11-22,846,N20,VIIRS,n,2,300.65,3.36,D,0,VIIRS_NOAA20_SP
28.89005,77.45396,331.73,0.51,0.66,2023-11-22,846,N20,VIIRS,n,2,294.77,3.41,D,0,VIIRS_NOAA20_SP
28.90497,76.32861,354.25,0.44,0.62,2023-11-22,846,N20,VIIRS,n,2,298.58,5.63,D,0,VIIRS_NOAA20_SP
28.90605,76.3261,333.04,0.44,0.62,2023-11-22,846,N20,VIIRS,n,2,298.6,4.83,D,0,VIIRS_NOAA20_SP
28.90636,76.33064,332.05,0.44,0.62,2023-11-22,846,N20,VIIRS,n,2,295.95,4.02,D,0,VIIRS_NOAA20_SP
28.92978,76.4206,332.48,0.44,0.63,2023-11-22,846,N20,VIIRS,n,2,299.12,5.74,D,0,VIIRS_NOAA20_SP
28.93498,70.5727,330.96,0.39,0.44,2023-11-22,846,N20,VIIRS,n,2,300.11,2.75,D,0,VIIRS_NOAA20_SP
28.95655,79.36893,332.05,0.67,0.74,2023-11-22,846,N20,VIIRS,n,2,297.12,7.25,D,0,VIIRS_NOAA20_SP
28.96226,79.37041,333.74,0.67,0.74,2023-11-22,846,N20,VIIRS,n,2,294.93,5.08,D,0,VIIRS_NOAA20_SP
29.04757,77.2975,332.96,0.5,0.66,2023-11-22,846,N20,VIIRS,n,2,295.53,3.38,D,0,VIIRS_NOAA20_SP
29.05301,77.29769,335.35,0.5,0.66,2023-11-22,846,N20,VIIRS,n,2,295.35,3.38,D,0,VIIRS_NOAA20_SP
29.12114,76.48534,335.71,0.45,0.63,2023-11-22,846,N20,VIIRS,n,2,296.66,2.74,D,0,VIIRS_NOAA20_SP
29.27166,70.8698,343.03,0.41,0.45,2023-11-22,846,N20,VIIRS,n,2,303.46,7.34,D,0,VIIRS_NOAA20_SP
29.33532,73.79074,332.68,0.62,0.54,2023-11-22,846,N20,VIIRS,n,2,300.63,4.41,D,0,VIIRS_NOAA20_SP
29.33743,73.81643,339.79,0.62,0.54,2023-11-22,846,N20,VIIRS,n,2,300.36,9.31,D,0,VIIRS_NOAA20_SP
29.33926,73.79291,333.01,0.62,0.54,2023-11-22,846,N20,VIIRS,n,2,300.79,3.25,D,0,VIIRS_NOAA20_SP
29.34098,73.81212,340.42,0.62,0.54,2023-11-22,846,N20,VIIRS,n,2,301.21,5.17,D,0,VIIRS_NOAA20_SP
29.35309,73.94816,331.7,0.63,0.54,2023-11-22,846,N20,VIIRS,l,2,301.82,7.14,D,0,VIIRS_NOAA20_SP
29.3536,73.95227,340.98,0.63,0.54,2023-11-22,846,N20,VIIRS,n,2,302.96,5.21,D,0,VIIRS_NOAA20_SP
29.39313,73.9415,335.48,0.63,0.54,2023-11-22,846,N20,VIIRS,n,2,300.7,8.18,D,0,VIIRS_NOAA20_SP
29.41751,73.9904,343.11,0.32,0.54,2023-11-22,846,N20,VIIRS,n,2,301.37,1.5,D,0,VIIRS_NOAA20_SP
29.44865,74.05748,367.0,0.32,0.55,2023-11-22,846,N20,VIIRS,h,2,303.92,5.79,D,0,VIIRS_NOAA20_SP
29.4604,74.08852,334.34,0.32,0.55,2023-11-22,846,N20,VIIRS,n,2,299.29,1.77,D,0,VIIRS_NOAA20_SP
29.46165,74.0899,342.39,0.32,0.55,2023-11-22,846,N20,VIIRS,n,2,300.6,2.3,D,0,VIIRS_NOAA20_SP
29.46198,74.04449,352.78,0.32,0.55,2023-11-22,846,N20,VIIRS,n,2,302.82,3.42,D,0,VIIRS_NOAA20_SP
29.46224,74.04784,330.15,0.32,0.55,2023-11-22,846,N20,VIIRS,n,2,300.4,3.42,D,0,VIIRS_NOAA20_SP
29.46293,74.04596,367.0,0.32,0.55,2023-11-22,846,N20,VIIRS,h,2,303.25,5.56,D,0,VIIRS_NOAA20_SP
29.46439,74.07458,367.0,0.32,0.55,2023-11-22,846,N20,VIIRS,h,2,301.33,6.45,D,0,VIIRS_NOAA20_SP
29.46525,74.07265,336.85,0.32,0.55,2023-11-22,846,N20,VIIRS,n,2,299.68,3.11,D,0,VIIRS_NOAA20_SP
29.46554,74.076,347.48,0.32,0.55,2023-11-22,846,N20,VIIRS,n,2,299.84,3.11,D,0,VIIRS_NOAA20_SP
29.47214,74.10766,353.92,0.32,0.55,2023-11-22,846,N20,VIIRS,n,2,300.88,3.5,D,0,VIIRS_NOAA20_SP
29.47504,74.08024,339.46,0.32,0.55,2023-11-22,846,N20,VIIRS,n,2,300.61,9.38,D,0,VIIRS_NOAA20_SP
29.47531,74.0836,367.0,0.32,0.55,2023-11-22,846,N20,VIIRS,h,2,303.93,14.17,D,0,VIIRS_NOAA20_SP
29.49033,74.1432,367.0,0.33,0.55,2023-11-22,846,N20,VIIRS,h,2,303.62,6.05,D,0,VIIRS_NOAA20_SP
29.49371,69.90398,331.14,0.55,0.43,2023-11-22,846,N20,VIIRS,n,2,299.98,1.28,D,0,VIIRS_NOAA20_SP
29.5062,76.19911,330.55,0.44,0.62,2023-11-22,846,N20,VIIRS,n,2,299.54,2.16,D,0,VIIRS_NOAA20_SP
29.50693,74.76186,339.43,0.36,0.57,2023-11-22,846,N20,VIIRS,n,2,300.44,3.22,D,0,VIIRS_NOAA20_SP
29.50752,74.76267,339.98,0.36,0.57,2023-11-22,846,N20,VIIRS,n,2,300.11,2.98,D,0,VIIRS_NOAA20_SP
29.51056,76.19901,331.26,0.44,0.62,2023-11-22,846,N20,VIIRS,n,2,300.15,1.88,D,0,VIIRS_NOAA20_SP
29.51648,74.21257,355.7,0.33,0.55,2023-11-22,846,N20,VIIRS,n,2,300.77,4.36,D,0,VIIRS_NOAA20_SP
29.51663,74.60972,334.84,0.35,0.57,2023-11-22,846,N20,VIIRS,n,2,301.19,2.38,D,0,VIIRS_NOAA20_SP
29.52492,74.93369,335.7,0.36,0.58,2023-11-22,846,N20,VIIRS,n,2,299.25,3.95,D,0,VIIRS_NOAA20_SP
29.5252,74.93747,341.1,0.36,0.58,2023-11-22,846,N20,VIIRS,n,2,298.39,3.95,D,0,VIIRS_NOAA20_SP
29.52665,74.93423,339.74,0.36,0.58,2023-11-22,846,N20,VIIRS,n,2,299.84,3.68,D,0,VIIRS_NOAA20_SP
29.52695,74.93802,336.32,0.36,0.58,2023-11-22,846,N20,VIIRS,n,2,298.25,3.68,D,0,VIIRS_NOAA20_SP
29.53307,74.89861,332.36,0.36,0.58,2023-11-22,846,N20,VIIRS,n,2,299.12,2.67,D,0,VIIRS_NOAA20_SP
29.53456,74.89925,335.96,0.36,0.58,2023-11-22,846,N20,VIIRS,n,2,299.02,3.47,D,0,VIIRS_NOAA20_SP
29.53631,75.33792,330.78,0.39,0.59,2023-11-22,846,N20,VIIRS,n,2,299.54,2.67,D,0,VIIRS_NOAA20_SP
29.53985,77.08526,349.48,0.49,0.65,2023-11-22,846,N20,VIIRS,n,2,295.29,6.17,D,0,VIIRS_NOAA20_SP
29.5434,74.22711,367.0,0.33,0.55,2023-11-22,846,N20,VIIRS,h,2,304.66,16.19,D,0,VIIRS_NOAA20_SP
29.54511,74.24771,345.81,0.33,0.55,2023-11-22,846,N20,VIIRS,n,2,301.04,5.29,D,0,VIIRS_NOAA20_SP
29.54539,74.25115,367.0,0.33,0.55,2023-11-22,846,N20,VIIRS,h,2,298.61,5.29,D,0,VIIRS_NOAA20_SP
29.55051,74.25065,355.45,0.33,0.55,2023-11-22,846,N20,VIIRS,n,2,303.67,9.82,D,0,VIIRS_NOAA20_SP
29.55079,74.25409,332.22,0.33,0.55,2023-11-22,846,N20,VIIRS,n,2,296.95,8.66,D,0,VIIRS_NOAA20_SP
29.56515,74.55775,355.5,0.35,0.56,2023-11-22,846,N20,VIIRS,n,2,299.38,5.14,D,0,VIIRS_NOAA20_SP
29.5709,74.43497,342.55,0.34,0.56,2023-11-22,846,N20,VIIRS,n,2,299.04,2.74,D,0,VIIRS_NOAA20_SP
29.5718,74.51013,342.07,0.34,0.56,2023-11-22,846,N20,VIIRS,n,2,297.57,2.0,D,0,VIIRS_NOAA20_SP
29.5747,74.54595,367.0,0.35,0.56,2023-11-22,846,N20,VIIRS,h,2,303.81,11.47,D,0,VIIRS_NOAA20_SP
29.57699,74.50961,331.69,0.34,0.56,2023-11-22,846,N20,VIIRS,n,2,299.87,2.0,D,0,VIIRS_NOAA20_SP
29.57991,74.54544,367.0,0.35,0.56,2023-11-22,846,N20,VIIRS,h,2,305.61,11.47,D,0,VIIRS_NOAA20_SP
29.57993,75.62292,330.73,0.4,0.6,2023-11-22,846,N20,VIIRS,n,2,300.97,2.52,D,0,VIIRS_NOAA20_SP
29.58407,74.40524,350.94,0.34,0.56,2023-11-22,846,N20,VIIRS,n,2,300.46,4.61,D,0,VIIRS_NOAA20_SP
29.58417,74.4694,338.79,0.34,0.56,2023-11-22,846,N20,VIIRS,n,2,297.5,4.21,D,0,VIIRS_NOAA20_SP
29.58446,74.47296,367.0,0.34,0.56,2023-11-22,846,N20,VIIRS,h,2,299.81,4.21,D,0,VIIRS_NOAA20_SP
29.58602,74.40507,336.13,0.34,0.56,2023-11-22,846,N20,VIIRS,n,2,298.28,1.94,D,0,VIIRS_NOAA20_SP
29.5873,74.44408,332.22,0.34,0.56,2023-11-22,846,N20,VIIRS,n,2,297.8,1.68,D,0,VIIRS_NOAA20_SP
29.58875,74.37287,334.57,0.34,0.56,2023-11-22,846,N20,VIIRS,n,2,299.2,3.33,D,0,VIIRS_NOAA20_SP
29.58899,74.44398,331.34,0.34,0.56,2023-11-22,846,N20,VIIRS,n,2,298.63,1.82,D,0,VIIRS_NOAA20_SP
29.59175,74.37263,337.77,0.34,0.56,2023-11-22,846,N20,VIIRS,n,2,299.68,3.31,D,0,VIIRS_NOAA20_SP
29.59248,74.31976,331.69,0.33,0.56,2023-11-22,846,N20,VIIRS,n,2,299.64,1.64,D,0,VIIRS_NOAA20_SP
29.59497,74.3194,332.58,0.34,0.56,2023-11-22,846,N20,VIIRS,n,2,299.12,1.92,D,0,VIIRS_NOAA20_SP
29.5975,74.37914,349.86,0.34,0.56,2023-11-22,846,N20,VIIRS,n,2,302.75,13.22,D,0,VIIRS_NOAA20_SP
29.59779,74.38264,367.0,0.34,0.56,2023-11-22,846,N20,VIIRS,h,2,298.65,10.11,D,0,VIIRS_NOAA20_SP
29.59879,74.36834,338.62,0.34,0.56,2023-11-22,846,N20,VIIRS,n,2,300.21,3.12,D,0,VIIRS_NOAA20_SP
29.59961,74.37888,338.54,0.34,0.56,2023-11-22,846,N20,VIIRS,n,2,311.35,28.76,D,0,VIIRS_NOAA20_SP
29.59984,74.31539,367.0,0.33,0.56,2023-11-22,846,N20,VIIRS,h,2,304.36,7.2,D,0,VIIRS_NOAA20_SP
29.59988,74.3824,367.0,0.34,0.56,2023-11-22,846,N20,VIIRS,h,2,300.66,26.69,D,0,VIIRS_NOAA20_SP
29.60056,74.6053,352.0,0.35,0.57,2023-11-22,846,N20,VIIRS,n,2,300.08,4.39,D,0,VIIRS_NOAA20_SP
29.60119,74.60549,344.58,0.35,0.57,2023-11-22,846,N20,VIIRS,n,2,299.99,4.25,D,0,VIIRS_NOAA20_SP
29.60613,74.39596,347.67,0.34,0.56,2023-11-22,846,N20,VIIRS,n,2,300.06,13.38,D,0,VIIRS_NOAA20_SP
29.60641,74.39948,355.31,0.34,0.56,2023-11-22,846,N20,VIIRS,n,2,307.82,13.38,D,0,VIIRS_NOAA20_SP
29.60668,74.40302,348.53,0.34,0.56,2023-11-22,846,N20,VIIRS,n,2,300.62,7.96,D,0,VIIRS_NOAA20_SP
29.60942,74.43834,330.82,0.34,0.56,2023-11-22,846,N20,VIIRS,n,2,299.92,1.54,D,0,VIIRS_NOAA20_SP
29.61212,74.40603,341.57,0.34,0.56,2023-11-22,846,N20,VIIRS,n,2,300.03,7.96,D,0,VIIRS_NOAA20_SP
29.61733,75.5316,335.02,0.4,0.6,2023-11-22,846,N20,VIIRS,n,2,299.81,2.15,D,0,VIIRS_NOAA20_SP
29.62024,74.37683,367.0,0.34,0.56,2023-11-22,846,N20,VIIRS,h,2,300.31,6.23,D,0,VIIRS_NOAA20_SP
29.6539,75.4993,345.94,0.4,0.6,2023-11-22,846,N20,VIIRS,n,2,312.4,24.6,D,0,VIIRS_NOAA20_SP
29.65421,75.50341,367.0,0.4,0.6,2023-11-22,846,N20,VIIRS,h,2,302.18,19.52,D,0,VIIRS_NOAA20_SP
29.68625,75.56461,334.94,0.4,0.6,2023-11-22,846,N20,VIIRS,n,2,300.46,3.05,D,0,VIIRS_NOAA20_SP
29.68652,75.56328,330.04,0.4,0.6,2023-11-22,846,N20,VIIRS,l,2,301.0,1.63,D,0,VIIRS_NOAA20_SP
29.6957,75.99918,354.08,0.42,0.61,2023-11-22,846,N20,VIIRS,n,2,300.58,5.42,D,0,VIIRS_NOAA20_SP
29.70864,75.72839,346.2,0.41,0.61,2023-11-22,846,N20,VIIRS,n,2,300.79,3.89,D,0,VIIRS_NOAA20_SP
29.73105,75.80864,332.02,0.41,0.61,2023-11-22,846,N20,VIIRS,n,2,300.84,2.9,D,0,VIIRS_NOAA20_SP
29.74974,75.83321,340.2,0.42,0.61,2023-11-22,846,N20,VIIRS,n,2,299.56,2.35,D,0,VIIRS_NOAA20_SP
29.78362,75.7522,336.12,0.41,0.61,2023-11-22,846,N20,VIIRS,n,2,300.03,2.06,D,0,VIIRS_NOAA20_SP
29.81288,75.96973,343.68,0.42,0.61,2023-11-22,846,N20,VIIRS,n,2,297.79,5.91,D,0,VIIRS_NOAA20_SP
29.81623,75.96906,353.03,0.42,0.61,2023-11-22,846,N20,VIIRS,n,2,298.34,5.4,D,0,VIIRS_NOAA20_SP
29.82098,76.03584,343.91,0.43,0.62,2023-11-22,846,N20,VIIRS,n,2,298.54,4.32,D,0,VIIRS_NOAA20_SP
29.82117,76.00935,351.56,0.43,0.62,2023-11-22,846,N20,VIIRS,n,2,299.39,6.4,D,0,VIIRS_NOAA20_SP
29.82291,76.03624,341.95,0.43,0.62,2023-11-22,846,N20,VIIRS,n,2,297.37,3.49,D,0,VIIRS_NOAA20_SP
29.82478,76.00858,341.5,0.43,0.62,2023-11-22,846,N20,VIIRS,n,2,298.57,4.35,D,0,VIIRS_NOAA20_SP
29.82536,75.93713,330.52,0.42,0.61,2023-11-22,846,N20,VIIRS,n,2,300.86,2.35,D,0,VIIRS_NOAA20_SP
29.82856,75.98145,349.64,0.42,0.61,2023-11-22,846,N20,VIIRS,n,2,300.25,5.08,D,0,VIIRS_NOAA20_SP
29.83696,76.07577,334.74,0.43,0.62,2023-11-22,846,N20,VIIRS,n,2,297.52,2.94,D,0,VIIRS_NOAA20_SP
29.84279,75.98962,339.97,0.43,0.62,2023-11-22,846,N20,VIIRS,n,2,300.08,2.93,D,0,VIIRS_NOAA20_SP
29.84634,76.04336,335.28,0.43,0.62,2023-11-22,846,N20,VIIRS,n,2,298.96,3.56,D,0,VIIRS_NOAA20_SP
29.85681,76.11504,345.83,0.43,0.62,2023-11-22,846,N20,VIIRS,n,2,299.05,4.5,D,0,VIIRS_NOAA20_SP
29.89624,77.61028,333.82,0.54,0.67,2023-11-22,846,N20,VIIRS,n,2,294.46,4.1,D,0,VIIRS_NOAA20_SP
29.89818,77.60756,334.72,0.53,0.67,2023-11-22,846,N20,VIIRS,n,2,295.22,5.72,D,0,VIIRS_NOAA20_SP
29.90018,75.52642,330.84,0.4,0.6,2023-11-22,846,N20,VIIRS,n,2,299.22,1.8,D,0,VIIRS_NOAA20_SP
29.90041,75.52508,338.25,0.4,0.6,2023-11-22,846,N20,VIIRS,n,2,300.08,2.58,D,0,VIIRS_NOAA20_SP
29.94413,74.6649,340.25,0.35,0.57,2023-11-22,846,N20,VIIRS,n,2,300.51,4.08,D,0,VIIRS_NOAA20_SP
29.94902,75.02802,330.08,0.37,0.58,2023-11-22,846,N20,VIIRS,n,2,301.73,2.34,D,0,VIIRS_NOAA20_SP
29.95173,75.0265,333.6,0.37,0.58,2023-11-22,846,N20,VIIRS,n,2,301.53,2.31,D,0,VIIRS_NOAA20_SP
29.96894,71.28351,333.37,0.45,0.47,2023-11-22,846,N20,VIIRS,n,2,300.86,6.39,D,0,VIIRS_NOAA20_SP
29.97627,76.1534,367.0,0.44,0.62,2023-11-22,846,N20,VIIRS,h,2,301.05,12.31,D,0,VIIRS_NOAA20_SP
30.00076,74.92182,330.48,0.37,0.58,2023-11-22,846,N20,VIIRS,n,2,301.47,1.4,D,0,VIIRS_NOAA20_SP
30.00996,74.69229,338.57,0.36,0.57,2023-11-22,846,N20,VIIRS,n,2,300.57,2.11,D,0,VIIRS_NOAA20_SP
30.01259,74.52526,348.19,0.35,0.57,2023-11-22,846,N20,VIIRS,n,2,303.79,4.5,D,0,VIIRS_NOAA20_SP
30.03317,74.92269,334.52,0.37,0.58,2023-11-22,846,N20,VIIRS,n,2,300.34,2.15,D,0,VIIRS_NOAA20_SP
30.0336,74.58951,350.19,0.35,0.57,2023-11-22,846,N20,VIIRS,n,2,304.94,10.38,D,0,VIIRS_NOAA20_SP
30.03386,74.58982,348.44,0.35,0.57,2023-11-22,846,N20,VIIRS,n,2,305.58,10.33,D,0,VIIRS_NOAA20_SP
30.0339,74.59319,367.0,0.35,0.57,2023-11-22,846,N20,VIIRS,h,2,302.15,10.38,D,0,VIIRS_NOAA20_SP
30.03413,74.5935,367.0,0.35,0.57,2023-11-22,846,N20,VIIRS,h,2,301.04,10.33,D,0,VIIRS_NOAA20_SP
30.06048,75.10986,335.91,0.38,0.59,2023-11-22,846,N20,VIIRS,n,2,301.73,2.24,D,0,VIIRS_NOAA20_SP
30.06066,75.59509,345.94,0.41,0.6,2023-11-22,846,N20,VIIRS,n,2,301.32,3.5,D,0,VIIRS_NOAA20_SP
30.09843,75.42319,340.95,0.4,0.6,2023-11-22,846,N20,VIIRS,n,2,300.53,3.91,D,0,VIIRS_NOAA20_SP
30.09863,75.42457,344.67,0.4,0.6,2023-11-22,846,N20,VIIRS,n,2,299.49,3.15,D,0,VIIRS_NOAA20_SP
30.10239,74.58694,344.02,0.35,0.57,2023-11-22,846,N20,VIIRS,n,2,298.06,7.35,D,0,VIIRS_NOAA20_SP
30.10268,74.59062,367.0,0.35,0.57,2023-11-22,846,N20,VIIRS,h,2,296.62,4.48,D,0,VIIRS_NOAA20_SP
30.10764,74.58644,334.89,0.35,0.57,2023-11-22,846,N20,VIIRS,n,2,298.68,2.91,D,0,VIIRS_NOAA20_SP
30.10909,71.57736,333.23,0.47,0.47,2023-11-22,846,N20,VIIRS,n,2,298.78,4.82,D,0,VIIRS_NOAA20_SP
30.11014,74.13237,332.27,0.33,0.55,2023-11-22,846,N20,VIIRS,n,2,299.25,1.53,D,0,VIIRS_NOAA20_SP
30.11735,75.70391,339.71,0.41,0.61,2023-11-22,846,N20,VIIRS,n,2,300.6,2.2,D,0,VIIRS_NOAA20_SP
30.11874,75.31511,334.81,0.39,0.59,2023-11-22,846,N20,VIIRS,n,2,301.98,2.69,D,0,VIIRS_NOAA20_SP
30.11895,75.70201,352.56,0.41,0.61,2023-11-22,846,N20,VIIRS,n,2,302.72,5.67,D,0,VIIRS_NOAA20_SP
30.11903,75.31919,330.38,0.39,0.59,2023-11-22,846,N20,VIIRS,n,2,300.07,2.69,D,0,VIIRS_NOAA20_SP
30.12029,74.35182,331.02,0.34,0.56,2023-11-22,846,N20,VIIRS,n,2,298.46,2.68,D,0,VIIRS_NOAA20_SP
30.12168,74.35054,337.35,0.34,0.56,2023-11-22,846,N20,VIIRS,n,2,299.81,2.33,D,0,VIIRS_NOAA20_SP
30.15171,74.8084,335.21,0.36,0.58,2023-11-22,846,N20,VIIRS,n,2,301.44,2.02,D,0,VIIRS_NOAA20_SP
30.15378,75.11739,367.0,0.38,0.59,2023-11-22,846,N20,VIIRS,h,2,306.13,11.14,D,0,VIIRS_NOAA20_SP
30.15735,75.16522,339.4,0.38,0.59,2023-11-22,846,N20,VIIRS,n,2,302.11,4.99,D,0,VIIRS_NOAA20_SP
30.16073,75.36098,334.69,0.39,0.6,2023-11-22,846,N20,VIIRS,n,2,300.43,2.63,D,0,VIIRS_NOAA20_SP
30.16103,75.3651,335.95,0.39,0.6,2023-11-22,846,N20,VIIRS,n,2,298.1,2.63,D,0,VIIRS_NOAA20_SP
30.16876,74.91819,332.05,0.37,0.58,2023-11-22,846,N20,VIIRS,n,2,301.75,1.77,D,0,VIIRS_NOAA20_SP
30.16969,74.36379,355.16,0.34,0.56,2023-11-22,846,N20,VIIRS,n,2,305.94,17.41,D,0,VIIRS_NOAA20_SP
30.17432,75.62996,332.44,0.41,0.6,2023-11-22,846,N20,VIIRS,n,2,301.2,2.21,D,0,VIIRS_NOAA20_SP
30.17785,74.74796,341.59,0.36,0.57,2023-11-22,846,N20,VIIRS,n,2,302.24,2.46,D,0,VIIRS_NOAA20_SP
30.18382,74.34441,333.2,0.34,0.56,2023-11-22,846,N20,VIIRS,n,2,299.71,1.96,D,0,VIIRS_NOAA20_SP
30.18398,75.60765,354.22,0.41,0.6,2023-11-22,846,N20,VIIRS,n,2,304.98,8.12,D,0,VIIRS_NOAA20_SP
30.18429,75.61192,352.19,0.41,0.6,2023-11-22,846,N20,VIIRS,n,2,300.58,13.94,D,0,VIIRS_NOAA20_SP
30.18793,74.20166,342.78,0.33,0.56,2023-11-22,846,N20,VIIRS,n,2,300.96,3.07,D,0,VIIRS_NOAA20_SP
30.18958,75.60719,332.24,0.41,0.6,2023-11-22,846,N20,VIIRS,n,2,300.81,8.12,D,0,VIIRS_NOAA20_SP
30.18974,75.23119,335.58,0.39,0.59,2023-11-22,846,N20,VIIRS,n,2,302.42,4.27,D,0,VIIRS_NOAA20_SP
30.19005,75.23523,341.5,0.39,0.59,2023-11-22,846,N20,VIIRS,n,2,300.07,4.7,D,0,VIIRS_NOAA20_SP
30.19076,75.23086,340.34,0.39,0.59,2023-11-22,846,N20,VIIRS,n,2,302.17,5.1,D,0,VIIRS_NOAA20_SP
30.19104,75.23491,330.71,0.39,0.59,2023-11-22,846,N20,VIIRS,n,2,299.88,4.59,D,0,VIIRS_NOAA20_SP
30.19122,75.17841,367.0,0.38,0.59,2023-11-22,846,N20,VIIRS,h,2,301.93,6.05,D,0,VIIRS_NOAA20_SP
30.19258,75.17796,367.0,0.38,0.59,2023-11-22,846,N20,VIIRS,h,2,302.94,8.08,D,0,VIIRS_NOAA20_SP
30.19628,75.55977,339.25,0.4,0.6,2023-11-22,846,N20,VIIRS,n,2,301.07,2.53,D,0,VIIRS_NOAA20_SP
30.19737,75.55945,338.23,0.4,0.6,2023-11-22,846,N20,VIIRS,n,2,301.62,2.95,D,0,VIIRS_NOAA20_SP
30.19844,73.47507,339.66,0.6,0.53,2023-11-22,846,N20,VIIRS,n,2,299.24,6.6,D,0,VIIRS_NOAA20_SP
30.20602,70.62252,354.6,0.41,0.45,2023-11-22,846,N20,VIIRS,n,2,301.55,8.99,D,0,VIIRS_NOAA20_SP
30.20869,74.03555,354.61,0.33,0.55,2023-11-22,846,N20,VIIRS,n,2,300.44,4.39,D,0,VIIRS_NOAA20_SP
30.22638,74.06487,336.77,0.33,0.55,2023-11-22,846,N20,VIIRS,n,2,301.12,1.75,D,0,VIIRS_NOAA20_SP
30.22981,75.47621,337.22,0.4,0.6,2023-11-22,846,N20,VIIRS,n,2,300.87,2.19,D,0,VIIRS_NOAA20_SP
30.24819,75.41999,334.58,0.4,0.6,2023-11-22,846,N20,VIIRS,n,2,301.7,2.17,D,0,VIIRS_NOAA20_SP
30.24939,71.60136,337.83,0.47,0.48,2023-11-22,846,N20,VIIRS,n,2,300.55,3.97,D,0,VIIRS_NOAA20_SP
30.25253,76.26859,330.29,0.45,0.63,2023-11-22,846,N20,VIIRS,n,2,299.05,1.83,D,0,VIIRS_NOAA20_SP
30.26279,75.46917,336.63,0.4,0.6,2023-11-22,846,N20,VIIRS,n,2,300.87,2.9,D,0,VIIRS_NOAA20_SP
30.26861,74.33973,339.26,0.34,0.56,2023-11-22,846,N20,VIIRS,n,2,300.02,2.44,D,0,VIIRS_NOAA20_SP
30.26985,75.33484,352.53,0.39,0.59,2023-11-22,846,N20,VIIRS,n,2,302.82,5.98,D,0,VIIRS_NOAA20_SP
30.28134,74.30253,334.29,0.34,0.56,2023-11-22,846,N20,VIIRS,n,2,299.95,2.41,D,0,VIIRS_NOAA20_SP
30.28187,73.99038,333.15,0.33,0.55,2023-11-22,846,N20,VIIRS,n,2,301.87,4.14,D,0,VIIRS_NOAA20_SP
30.28215,73.99378,350.0,0.33,0.55,2023-11-22,846,N20,VIIRS,n,2,300.1,4.92,D,0,VIIRS_NOAA20_SP
30.29198,74.78753,330.56,0.36,0.58,2023-11-22,846,N20,VIIRS,n,2,301.52,1.82,D,0,VIIRS_NOAA20_SP
30.29515,74.27969,331.52,0.34,0.56,2023-11-22,846,N20,VIIRS,n,2,300.61,1.91,D,0,VIIRS_NOAA20_SP
30.29645,74.7756,342.58,0.36,0.58,2023-11-22,846,N20,VIIRS,n,2,300.33,2.71,D,0,VIIRS_NOAA20_SP
30.30491,75.60785,347.8,0.41,0.6,2023-11-22,846,N20,VIIRS,n,2,301.87,6.56,D,0,VIIRS_NOAA20_SP
30.30519,75.61215,333.99,0.41,0.61,2023-11-22,846,N20,VIIRS,n,2,299.87,7.63,D,0,VIIRS_NOAA20_SP
30.30546,75.61644,355.15,0.41,0.61,2023-11-22,846,N20,VIIRS,n,2,304.68,7.63,D,0,VIIRS_NOAA20_SP
30.30574,75.62073,344.47,0.41,0.61,2023-11-22,846,N20,VIIRS,n,2,300.38,9.17,D,0,VIIRS_NOAA20_SP
30.30643,75.61044,367.0,0.41,0.6,2023-11-22,846,N20,VIIRS,h,2,302.4,13.12,D,0,VIIRS_NOAA20_SP
30.30705,75.61902,367.0,0.41,0.61,2023-11-22,846,N20,VIIRS,h,2,303.77,11.6,D,0,VIIRS_NOAA20_SP
30.31266,74.30305,350.99,0.34,0.56,2023-11-22,846,N20,VIIRS,n,2,300.62,5.39,D,0,VIIRS_NOAA20_SP
30.31781,74.07708,332.23,0.33,0.55,2023-11-22,846,N20,VIIRS,n,2,301.61,1.89,D,0,VIIRS_NOAA20_SP
30.32017,74.39629,347.48,0.34,0.56,2023-11-22,846,N20,VIIRS,n,2,302.33,4.77,D,0,VIIRS_NOAA20_SP
30.32046,74.39989,334.68,0.34,0.56,2023-11-22,846,N20,VIIRS,n,2,298.68,4.06,D,0,VIIRS_NOAA20_SP
30.32144,75.68884,367.0,0.41,0.61,2023-11-22,846,N20,VIIRS,h,2,300.91,8.55,D,0,VIIRS_NOAA20_SP
30.32181,74.12904,345.89,0.33,0.55,2023-11-22,846,N20,VIIRS,n,2,300.47,3.85,D,0,VIIRS_NOAA20_SP
30.32319,75.687,367.0,0.41,0.61,2023-11-22,846,N20,VIIRS,h,2,304.3,10.88,D,0,VIIRS_NOAA20_SP
30.3252,74.73089,334.72,0.36,0.57,2023-11-22,846,N20,VIIRS,n,2,300.92,2.17,D,0,VIIRS_NOAA20_SP
30.32584,73.98294,339.69,0.33,0.55,2023-11-22,846,N20,VIIRS,n,2,302.52,3.05,D,0,VIIRS_NOAA20_SP
30.33054,75.01824,348.67,0.38,0.58,2023-11-22,846,N20,VIIRS,n,2,302.89,3.72,D,0,VIIRS_NOAA20_SP
30.33611,74.73367,347.91,0.36,0.57,2023-11-22,846,N20,VIIRS,n,2,300.43,3.52,D,0,VIIRS_NOAA20_SP
30.34142,74.73318,335.66,0.36,0.57,2023-11-22,846,N20,VIIRS,n,2,300.95,2.74,D,0,VIIRS_NOAA20_SP
30.34172,74.73698,343.33,0.36,0.57,2023-11-22,846,N20,VIIRS,n,2,301.61,2.74,D,0,VIIRS_NOAA20_SP
30.34348,74.75975,347.39,0.36,0.58,2023-11-22,846,N20,VIIRS,n,2,300.53,4.27,D,0,VIIRS_NOAA20_SP
30.34944,76.23272,332.75,0.45,0.63,2023-11-22,846,N20,VIIRS,n,2,300.38,2.23,D,0,VIIRS_NOAA20_SP
30.35281,74.1295,333.76,0.33,0.55,2023-11-22,846,N20,VIIRS,n,2,300.36,1.26,D,0,VIIRS_NOAA20_SP
30.35598,75.06783,367.0,0.38,0.59,2023-11-22,846,N20,VIIRS,h,2,307.37,17.43,D,0,VIIRS_NOAA20_SP
30.35721,74.60053,345.43,0.36,0.57,2023-11-22,846,N20,VIIRS,n,2,299.61,2.93,D,0,VIIRS_NOAA20_SP
30.35784,74.60314,331.22,0.35,0.57,2023-11-22,846,N20,VIIRS,n,2,298.81,2.28,D,0,VIIRS_NOAA20_SP
30.35794,74.12899,333.8,0.33,0.55,2023-11-22,846,N20,VIIRS,n,2,300.19,1.49,D,0,VIIRS_NOAA20_SP
30.36484,73.897,334.59,0.32,0.55,2023-11-22,846,N20,VIIRS,n,2,299.9,2.03,D,0,VIIRS_NOAA20_SP
30.3658,76.50301,332.04,0.46,0.64,2023-11-22,846,N20,VIIRS,n,2,297.54,2.46,D,0,VIIRS_NOAA20_SP
30.37056,75.58073,332.48,0.41,0.6,2023-11-22,846,N20,VIIRS,n,2,299.3,1.89,D,0,VIIRS_NOAA20_SP
30.37156,74.37031,367.0,0.34,0.56,2023-11-22,846,N20,VIIRS,h,2,310.68,28.95,D,0,VIIRS_NOAA20_SP
30.37675,74.3698,342.88,0.34,0.56,2023-11-22,846,N20,VIIRS,n,2,301.75,2.84,D,0,VIIRS_NOAA20_SP
30.37954,74.1409,331.99,0.33,0.56,2023-11-22,846,N20,VIIRS,n,2,299.14,1.24,D,0,VIIRS_NOAA20_SP
30.38007,75.02577,367.0,0.38,0.58,2023-11-22,846,N20,VIIRS,h,2,301.9,7.19,D,0,VIIRS_NOAA20_SP
30.38204,75.02323,367.0,0.38,0.59,2023-11-22,846,N20,VIIRS,h,2,301.82,7.07,D,0,VIIRS_NOAA20_SP
30.3883,75.92754,340.44,0.43,0.62,2023-11-22,846,N20,VIIRS,n,2,300.26,3.17,D,0,VIIRS_NOAA20_SP
30.39458,71.67451,340.24,0.47,0.48,2023-11-22,846,N20,VIIRS,n,2,299.49,8.07,D,0,VIIRS_NOAA20_SP
30.39773,73.93753,343.26,0.32,0.55,2023-11-22,846,N20,VIIRS,n,2,298.65,3.49,D,0,VIIRS_NOAA20_SP
30.39883,73.93783,342.0,0.32,0.55,2023-11-22,846,N20,VIIRS,n,2,298.71,2.87,D,0,VIIRS_NOAA20_SP
30.40148,74.76717,353.88,0.36,0.58,2023-11-22,846,N20,VIIRS,n,2,304.9,11.4,D,0,VIIRS_NOAA20_SP
30.40176,74.77099,339.8,0.36,0.58,2023-11-22,846,N20,VIIRS,n,2,300.47,8.94,D,0,VIIRS_NOAA20_SP
30.40257,75.55655,353.23,0.41,0.6,2023-11-22,846,N20,VIIRS,n,2,301.39,7.65,D,0,VIIRS_NOAA20_SP
30.40569,73.97449,367.0,0.33,0.55,2023-11-22,846,N20,VIIRS,h,2,301.96,12.53,D,0,VIIRS_NOAA20_SP
30.40672,75.55434,335.65,0.41,0.6,2023-11-22,846,N20,VIIRS,n,2,301.0,2.99,D,0,VIIRS_NOAA20_SP
30.40704,73.97473,367.0,0.33,0.55,2023-11-22,846,N20,VIIRS,h,2,301.76,11.69,D,0,VIIRS_NOAA20_SP
30.41259,74.16582,367.0,0.33,0.56,2023-11-22,846,N20,VIIRS,h,2,301.75,9.65,D,0,VIIRS_NOAA20_SP
30.4151,74.16544,367.0,0.33,0.56,2023-11-22,846,N20,VIIRS,h,2,302.25,8.87,D,0,VIIRS_NOAA20_SP
30.41545,74.73902,348.23,0.36,0.58,2023-11-22,846,N20,VIIRS,n,2,304.04,13.5,D,0,VIIRS_NOAA20_SP
30.41574,74.74282,367.0,0.36,0.58,2023-11-22,846,N20,VIIRS,h,2,302.11,13.5,D,0,VIIRS_NOAA20_SP
30.41838,74.14042,331.52,0.33,0.56,2023-11-22,846,N20,VIIRS,n,2,299.06,1.2,D,0,VIIRS_NOAA20_SP
30.42449,74.22131,337.66,0.34,0.56,2023-11-22,846,N20,VIIRS,n,2,298.3,2.16,D,0,VIIRS_NOAA20_SP
30.4275,74.22112,338.54,0.34,0.56,2023-11-22,846,N20,VIIRS,n,2,298.51,1.98,D,0,VIIRS_NOAA20_SP
30.43028,74.09354,338.03,0.33,0.55,2023-11-22,846,N20,VIIRS,n,2,299.8,2.35,D,0,VIIRS_NOAA20_SP
30.43078,71.85802,335.95,0.49,0.48,2023-11-22,846,N20,VIIRS,n,2,299.52,3.54,D,0,VIIRS_NOAA20_SP
30.43332,74.62341,350.03,0.36,0.57,2023-11-22,846,N20,VIIRS,n,2,302.46,11.12,D,0,VIIRS_NOAA20_SP
30.43361,74.62717,367.0,0.36,0.57,2023-11-22,846,N20,VIIRS,h,2,301.24,11.12,D,0,VIIRS_NOAA20_SP
30.43364,71.85544,339.16,0.49,0.48,2023-11-22,846,N20,VIIRS,n,2,298.24,2.87,D,0,VIIRS_NOAA20_SP
30.43457,74.14939,339.62,0.33,0.56,2023-11-22,846,N20,VIIRS,n,2,299.71,3.07,D,0,VIIRS_NOAA20_SP
30.43484,74.15289,341.38,0.33,0.56,2023-11-22,846,N20,VIIRS,n,2,297.5,3.07,D,0,VIIRS_NOAA20_SP
30.4351,74.37873,347.8,0.34,0.56,2023-11-22,846,N20,VIIRS,n,2,300.72,3.22,D,0,VIIRS_NOAA20_SP
30.43622,74.37871,344.67,0.34,0.56,2023-11-22,846,N20,VIIRS,n,2,299.79,3.37,D,0,VIIRS_NOAA20_SP
30.43672,74.17747,367.0,0.34,0.56,2023-11-22,846,N20,VIIRS,h,2,302.81,9.04,D,0,VIIRS_NOAA20_SP
30.43717,74.53687,367.0,0.35,0.57,2023-11-22,846,N20,VIIRS,h,2,301.71,5.46,D,0,VIIRS_NOAA20_SP
30.44167,74.80199,337.91,0.37,0.58,2023-11-22,846,N20,VIIRS,n,2,301.61,2.87,D,0,VIIRS_NOAA20_SP
30.44779,75.58092,367.0,0.41,0.6,2023-11-22,846,N20,VIIRS,h,2,303.36,13.11,D,0,VIIRS_NOAA20_SP
30.44837,75.58952,339.94,0.41,0.61,2023-11-22,846,N20,VIIRS,n,2,301.26,3.7,D,0,VIIRS_NOAA20_SP
30.44866,75.5938,339.33,0.41,0.61,2023-11-22,846,N20,VIIRS,n,2,298.74,3.7,D,0,VIIRS_NOAA20_SP
30.4492,73.94257,336.19,0.32,0.55,2023-11-22,846,N20,VIIRS,n,2,298.99,1.63,D,0,VIIRS_NOAA20_SP
30.45029,73.95619,344.76,0.33,0.55,2023-11-22,846,N20,VIIRS,n,2,298.95,2.03,D,0,VIIRS_NOAA20_SP
30.45106,74.16188,336.82,0.33,0.56,2023-11-22,846,N20,VIIRS,n,2,300.88,2.11,D,0,VIIRS_NOAA20_SP
30.45346,74.12634,332.45,0.33,0.56,2023-11-22,846,N20,VIIRS,n,2,300.39,1.65,D,0,VIIRS_NOAA20_SP
30.45394,74.06669,349.61,0.33,0.55,2023-11-22,846,N20,VIIRS,n,2,299.16,3.98,D,0,VIIRS_NOAA20_SP
30.45432,74.34056,354.21,0.34,0.56,2023-11-22,846,N20,VIIRS,n,2,300.08,4.24,D,0,VIIRS_NOAA20_SP
30.45674,73.97276,339.73,0.33,0.55,2023-11-22,846,N20,VIIRS,n,2,299.63,2.88,D,0,VIIRS_NOAA20_SP
30.45831,72.13794,335.9,0.51,0.49,2023-11-22,846,N20,VIIRS,n,2,297.98,3.88,D,0,VIIRS_NOAA20_SP
30.45841,74.3948,350.57,0.35,0.56,2023-11-22,846,N20,VIIRS,n,2,300.44,6.81,D,0,VIIRS_NOAA20_SP
30.45934,72.13584,339.22,0.51,0.49,2023-11-22,846,N20,VIIRS,n,2,298.49,3.1,D,0,VIIRS_NOAA20_SP
30.46003,74.01391,337.48,0.33,0.55,2023-11-22,846,N20,VIIRS,n,2,300.41,1.97,D,0,VIIRS_NOAA20_SP
30.46014,74.08004,343.03,0.33,0.55,2023-11-22,846,N20,VIIRS,n,2,299.99,2.93,D,0,VIIRS_NOAA20_SP
30.4617,74.30012,331.3,0.34,0.56,2023-11-22,846,N20,VIIRS,n,2,297.29,2.12,D,0,VIIRS_NOAA20_SP
30.46262,74.11137,334.57,0.33,0.55,2023-11-22,846,N20,VIIRS,n,2,299.87,1.75,D,0,VIIRS_NOAA20_SP
30.4641,71.93976,340.0,0.49,0.49,2023-11-22,846,N20,VIIRS,n,2,301.34,6.92,D,0,VIIRS_NOAA20_SP
30.46454,74.13581,338.2,0.33,0.56,2023-11-22,846,N20,VIIRS,n,2,300.13,8.46,D,0,VIIRS_NOAA20_SP
30.46482,74.13931,367.0,0.33,0.56,2023-11-22,846,N20,VIIRS,h,2,301.83,11.86,D,0,VIIRS_NOAA20_SP
30.47041,74.27766,367.0,0.34,0.56,2023-11-22,846,N20,VIIRS,h,2,297.58,6.38,D,0,VIIRS_NOAA20_SP
30.47298,74.04736,367.0,0.33,0.55,2023-11-22,846,N20,VIIRS,h,2,300.99,8.0,D,0,VIIRS_NOAA20_SP
30.47342,74.11732,346.43,0.33,0.55,2023-11-22,846,N20,VIIRS,n,2,315.23,14.62,D,0,VIIRS_NOAA20_SP
30.47369,74.12082,333.83,0.33,0.55,2023-11-22,846,N20,VIIRS,n,2,299.6,14.62,D,0,VIIRS_NOAA20_SP
30.47766,75.3659,342.31,0.4,0.6,2023-11-22,846,N20,VIIRS,n,2,300.12,4.92,D,0,VIIRS_NOAA20_SP
30.47854,74.11681,367.0,0.33,0.55,2023-11-22,846,N20,VIIRS,h,2,299.23,14.62,D,0,VIIRS_NOAA20_SP
30.47901,74.60061,352.11,0.36,0.57,2023-11-22,846,N20,VIIRS,n,2,300.89,4.72,D,0,VIIRS_NOAA20_SP
30.48354,74.31245,344.03,0.34,0.56,2023-11-22,846,N20,VIIRS,n,2,297.6,2.65,D,0,VIIRS_NOAA20_SP
30.48605,74.01823,330.18,0.33,0.55,2023-11-22,846,N20,VIIRS,n,2,300.08,1.82,D,0,VIIRS_NOAA20_SP
30.48885,75.44496,338.69,0.4,0.6,2023-11-22,846,N20,VIIRS,n,2,302.97,3.56,D,0,VIIRS_NOAA20_SP
30.49199,74.02805,330.88,0.33,0.55,2023-11-22,846,N20,VIIRS,n,2,299.33,1.8,D,0,VIIRS_NOAA20_SP
30.49255,74.03495,352.76,0.33,0.55,2023-11-22,846,N20,VIIRS,n,2,299.09,5.01,D,0,VIIRS_NOAA20_SP
30.49368,74.04878,355.35,0.33,0.55,2023-11-22,846,N20,VIIRS,n,2,302.33,8.52,D,0,VIIRS_NOAA20_SP
30.49396,74.05224,340.58,0.33,0.55,2023-11-22,846,N20,VIIRS,n,2,298.59,6.71,D,0,VIIRS_NOAA20_SP
30.49592,76.33202,367.0,0.45,0.63,2023-11-22,846,N20,VIIRS,h,2,304.06,22.52,D,0,VIIRS_NOAA20_SP
30.49612,74.91077,341.24,0.37,0.58,2023-11-22,846,N20,VIIRS,n,2,302.2,4.53,D,0,VIIRS_NOAA20_SP
30.50343,70.7337,332.04,0.42,0.45,2023-11-22,846,N20,VIIRS,n,2,299.73,3.44,D,0,VIIRS_NOAA20_SP
30.50485,74.31763,367.0,0.34,0.56,2023-11-22,846,N20,VIIRS,h,2,304.06,16.92,D,0,VIIRS_NOAA20_SP
30.50502,75.2845,339.43,0.39,0.59,2023-11-22,846,N20,VIIRS,n,2,299.97,3.06,D,0,VIIRS_NOAA20_SP
30.5057,74.32844,343.12,0.34,0.56,2023-11-22,846,N20,VIIRS,n,2,305.68,14.73,D,0,VIIRS_NOAA20_SP
30.50599,74.33203,367.0,0.34,0.56,2023-11-22,846,N20,VIIRS,h,2,296.33,14.73,D,0,VIIRS_NOAA20_SP
30.50607,74.8238,338.71,0.37,0.58,2023-11-22,846,N20,VIIRS,n,2,300.15,2.96,D,0,VIIRS_NOAA20_SP
30.50899,74.04727,338.21,0.33,0.55,2023-11-22,846,N20,VIIRS,n,2,298.35,4.07,D,0,VIIRS_NOAA20_SP
30.51042,74.19151,354.91,0.34,0.56,2023-11-22,846,N20,VIIRS,n,2,304.68,6.47,D,0,VIIRS_NOAA20_SP
30.51698,74.27316,350.18,0.34,0.56,2023-11-22,846,N20,VIIRS,n,2,306.64,9.21,D,0,VIIRS_NOAA20_SP
30.51727,74.27673,349.22,0.34,0.56,2023-11-22,846,N20,VIIRS,n,2,299.0,14.33,D,0,VIIRS_NOAA20_SP
30.51991,72.00106,340.32,0.5,0.49,2023-11-22,846,N20,VIIRS,n,2,300.62,7.31,D,0,VIIRS_NOAA20_SP
30.5204,74.12326,355.82,0.33,0.56,2023-11-22,846,N20,VIIRS,n,2,303.54,10.15,D,0,VIIRS_NOAA20_SP
30.52216,74.27267,335.26,0.34,0.56,2023-11-22,846,N20,VIIRS,n,2,299.32,9.21,D,0,VIIRS_NOAA20_SP
30.52279,74.12183,354.08,0.33,0.56,2023-11-22,846,N20,VIIRS,n,2,302.13,10.36,D,0,VIIRS_NOAA20_SP
30.52306,74.12534,367.0,0.33,0.56,2023-11-22,846,N20,VIIRS,h,2,298.93,9.2,D,0,VIIRS_NOAA20_SP
30.53174,71.84332,338.07,0.49,0.48,2023-11-22,846,N20,VIIRS,n,2,299.14,5.52,D,0,VIIRS_NOAA20_SP
30.53332,74.12429,345.41,0.33,0.56,2023-11-22,846,N20,VIIRS,n,2,300.23,4.65,D,0,VIIRS_NOAA20_SP
30.53433,71.84008,336.29,0.49,0.48,2023-11-22,846,N20,VIIRS,n,2,298.58,5.39,D,0,VIIRS_NOAA20_SP
30.5382,74.21376,344.71,0.34,0.56,2023-11-22,846,N20,VIIRS,n,2,299.75,2.23,D,0,VIIRS_NOAA20_SP
30.53862,74.41286,353.85,0.35,0.56,2023-11-22,846,N20,VIIRS,n,2,310.69,24.53,D,0,VIIRS_NOAA20_SP
30.53913,74.41191,348.22,0.35,0.57,2023-11-22,846,N20,VIIRS,n,2,311.21,12.67,D,0,VIIRS_NOAA20_SP
30.5394,74.41556,331.31,0.35,0.57,2023-11-22,846,N20,VIIRS,n,2,300.09,12.67,D,0,VIIRS_NOAA20_SP
30.54001,74.21247,353.12,0.34,0.56,2023-11-22,846,N20,VIIRS,n,2,302.04,4.27,D,0,VIIRS_NOAA20_SP
30.54001,74.29981,353.25,0.34,0.56,2023-11-22,846,N20,VIIRS,n,2,304.03,15.26,D,0,VIIRS_NOAA20_SP
30.54031,74.30341,367.0,0.34,0.56,2023-11-22,846,N20,VIIRS,h,2,301.51,19.75,D,0,VIIRS_NOAA20_SP
30.54126,74.29866,340.07,0.34,0.56,2023-11-22,846,N20,VIIRS,n,2,302.62,13.43,D,0,VIIRS_NOAA20_SP
30.54153,74.30225,367.0,0.34,0.56,2023-11-22,846,N20,VIIRS,h,2,306.11,21.39,D,0,VIIRS_NOAA20_SP
30.54325,74.40507,339.52,0.35,0.56,2023-11-22,846,N20,VIIRS,n,2,299.69,11.73,D,0,VIIRS_NOAA20_SP
30.54382,74.40411,346.76,0.35,0.56,2023-11-22,846,N20,VIIRS,n,2,299.31,11.24,D,0,VIIRS_NOAA20_SP
30.54711,71.73604,340.7,0.48,0.48,2023-11-22,846,N20,VIIRS,n,2,299.31,7.29,D,0,VIIRS_NOAA20_SP
30.54758,74.66233,345.62,0.36,0.57,2023-11-22,846,N20,VIIRS,n,2,301.34,3.41,D,0,VIIRS_NOAA20_SP
30.55114,74.15438,367.0,0.34,0.56,2023-11-22,846,N20,VIIRS,h,2,301.8,15.23,D,0,VIIRS_NOAA20_SP
30.55467,75.04454,344.62,0.38,0.59,2023-11-22,846,N20,VIIRS,n,2,301.35,4.22,D,0,VIIRS_NOAA20_SP
30.55541,74.34811,350.7,0.34,0.56,2023-11-22,846,N20,VIIRS,n,2,303.77,14.53,D,0,VIIRS_NOAA20_SP
30.55569,74.35173,367.0,0.34,0.56,2023-11-22,846,N20,VIIRS,h,2,297.47,12.56,D,0,VIIRS_NOAA20_SP
30.5598,74.33676,338.46,0.34,0.56,2023-11-22,846,N20,VIIRS,n,2,301.21,2.4,D,0,VIIRS_NOAA20_SP
30.55982,74.26795,332.06,0.34,0.56,2023-11-22,846,N20,VIIRS,n,2,299.79,2.1,D,0,VIIRS_NOAA20_SP
30.56189,71.89363,331.82,0.49,0.49,2023-11-22,846,N20,VIIRS,n,2,300.11,3.72,D,0,VIIRS_NOAA20_SP
30.56377,74.66462,337.26,0.36,0.57,2023-11-22,846,N20,VIIRS,n,2,300.68,1.78,D,0,VIIRS_NOAA20_SP
30.56794,74.66357,343.48,0.36,0.57,2023-11-22,846,N20,VIIRS,n,2,298.3,2.61,D,0,VIIRS_NOAA20_SP
30.56882,74.387,345.21,0.35,0.56,2023-11-22,846,N20,VIIRS,n,2,296.63,3.1,D,0,VIIRS_NOAA20_SP
30.57541,74.40475,367.0,0.35,0.57,2023-11-22,846,N20,VIIRS,h,2,299.31,7.24,D,0,VIIRS_NOAA20_SP
30.57998,74.25877,367.0,0.34,0.56,2023-11-22,846,N20,VIIRS,h,2,302.01,6.03,D,0,VIIRS_NOAA20_SP
30.58944,72.19292,342.87,0.51,0.49,2023-11-22,846,N20,VIIRS,n,2,302.06,7.13,D,0,VIIRS_NOAA20_SP
30.59147,71.59428,333.45,0.47,0.48,2023-11-22,846,N20,VIIRS,n,2,300.72,3.36,D,0,VIIRS_NOAA20_SP
30.59535,74.3224,339.82,0.34,0.56,2023-11-22,846,N20,VIIRS,n,2,301.14,2.38,D,0,VIIRS_NOAA20_SP
30.5983,74.29309,335.11,0.34,0.56,2023-11-22,846,N20,VIIRS,n,2,298.52,2.13,D,0,VIIRS_NOAA20_SP
30.59833,74.09667,343.64,0.33,0.55,2023-11-22,846,N20,VIIRS,n,2,301.05,4.93,D,0,VIIRS_NOAA20_SP
30.60022,74.1851,339.3,0.34,0.56,2023-11-22,846,N20,VIIRS,n,2,299.66,9.94,D,0,VIIRS_NOAA20_SP
30.6005,74.18864,367.0,0.34,0.56,2023-11-22,846,N20,VIIRS,h,2,301.88,13.13,D,0,VIIRS_NOAA20_SP
30.60171,74.13873,343.28,0.33,0.56,2023-11-22,846,N20,VIIRS,n,2,299.8,4.72,D,0,VIIRS_NOAA20_SP
30.60454,75.10856,343.3,0.38,0.59,2023-11-22,846,N20,VIIRS,n,2,301.09,3.44,D,0,VIIRS_NOAA20_SP
30.60546,74.31777,340.13,0.34,0.56,2023-11-22,846,N20,VIIRS,n,2,299.72,2.24,D,0,VIIRS_NOAA20_SP
30.60593,74.19167,338.81,0.34,0.56,2023-11-22,846,N20,VIIRS,n,2,298.62,10.72,D,0,VIIRS_NOAA20_SP
30.60622,74.19521,353.71,0.34,0.56,2023-11-22,846,N20,VIIRS,n,2,298.4,13.76,D,0,VIIRS_NOAA20_SP
30.60864,75.10839,340.54,0.38,0.59,2023-11-22,846,N20,VIIRS,n,2,300.75,3.63,D,0,VIIRS_NOAA20_SP
30.60953,75.74411,352.79,0.42,0.61,2023-11-22,846,N20,VIIRS,n,2,298.53,6.38,D,0,VIIRS_NOAA20_SP
30.60981,74.30646,367.0,0.34,0.56,2023-11-22,846,N20,VIIRS,h,2,299.38,14.16,D,0,VIIRS_NOAA20_SP
30.60986,75.12453,367.0,0.38,0.59,2023-11-22,846,N20,VIIRS,h,2,302.5,7.53,D,0,VIIRS_NOAA20_SP
30.61109,74.19118,350.98,0.34,0.56,2023-11-22,846,N20,VIIRS,n,2,302.6,10.72,D,0,VIIRS_NOAA20_SP
30.6111,75.12425,367.0,0.38,0.59,2023-11-22,846,N20,VIIRS,h,2,302.47,7.65,D,0,VIIRS_NOAA20_SP
30.61137,74.19471,367.0,0.34,0.56,2023-11-22,846,N20,VIIRS,h,2,299.84,13.76,D,0,VIIRS_NOAA20_SP
30.61207,74.33533,332.19,0.34,0.56,2023-11-22,846,N20,VIIRS,n,2,300.23,3.84,D,0,VIIRS_NOAA20_SP
30.61292,74.34619,340.77,0.34,0.56,2023-11-22,846,N20,VIIRS,n,2,300.96,3.17,D,0,VIIRS_NOAA20_SP
30.61528,74.30957,367.0,0.34,0.56,2023-11-22,846,N20,VIIRS,h,2,299.37,5.39,D,0,VIIRS_NOAA20_SP
30.61909,74.22617,349.6,0.34,0.56,2023-11-22,846,N20,VIIRS,n,2,299.18,8.16,D,0,VIIRS_NOAA20_SP
30.61935,75.16433,343.19,0.39,0.59,2023-11-22,846,N20,VIIRS,n,2,301.25,3.79,D,0,VIIRS_NOAA20_SP
30.62276,74.33795,367.0,0.34,0.56,2023-11-22,846,N20,VIIRS,h,2,301.19,8.98,D,0,VIIRS_NOAA20_SP
30.62397,74.2221,350.97,0.34,0.56,2023-11-22,846,N20,VIIRS,n,2,300.59,8.16,D,0,VIIRS_NOAA20_SP
30.62415,74.99799,367.0,0.38,0.59,2023-11-22,846,N20,VIIRS,h,2,307.43,19.87,D,0,VIIRS_NOAA20_SP
30.62426,74.22566,367.0,0.34,0.56,2023-11-22,846,N20,VIIRS,h,2,303.48,8.16,D,0,VIIRS_NOAA20_SP
30.62934,74.42168,343.49,0.35,0.57,2023-11-22,846,N20,VIIRS,n,2,298.76,3.61,D,0,VIIRS_NOAA20_SP
30.63426,74.15683,337.98,0.34,0.56,2023-11-22,846,N20,VIIRS,n,2,297.71,2.62,D,0,VIIRS_NOAA20_SP
30.63484,74.16389,344.56,0.34,0.56,2023-11-22,846,N20,VIIRS,n,2,297.37,2.79,D,0,VIIRS_NOAA20_SP
30.63659,74.15648,335.81,0.34,0.56,2023-11-22,846,N20,VIIRS,n,2,296.21,3.13,D,0,VIIRS_NOAA20_SP
30.63712,74.16354,345.37,0.34,0.56,2023-11-22,846,N20,VIIRS,n,2,297.69,3.97,D,0,VIIRS_NOAA20_SP
30.63863,74.89739,333.35,0.37,0.58,2023-11-22,846,N20,VIIRS,n,2,299.3,2.79,D,0,VIIRS_NOAA20_SP
30.64063,74.23486,332.01,0.34,0.56,2023-11-22,846,N20,VIIRS,n,2,298.4,4.23,D,0,VIIRS_NOAA20_SP
30.64318,74.20234,350.76,0.34,0.56,2023-11-22,846,N20,VIIRS,n,2,299.53,4.6,D,0,VIIRS_NOAA20_SP
30.6452,74.20204,353.62,0.34,0.56,2023-11-22,846,N20,VIIRS,n,2,298.88,4.66,D,0,VIIRS_NOAA20_SP
30.64638,74.2415,352.96,0.34,0.56,2023-11-22,846,N20,VIIRS,n,2,299.73,4.85,D,0,VIIRS_NOAA20_SP
30.64667,74.24507,344.23,0.34,0.56,2023-11-22,846,N20,VIIRS,n,2,296.18,4.85,D,0,VIIRS_NOAA20_SP
30.64815,74.24127,350.47,0.34,0.56,2023-11-22,846,N20,VIIRS,n,2,299.42,4.94,D,0,VIIRS_NOAA20_SP
30.64842,74.24486,337.0,0.34,0.56,2023-11-22,846,N20,VIIRS,n,2,295.89,4.94,D,0,VIIRS_NOAA20_SP
30.65168,74.37173,335.58,0.35,0.56,2023-11-22,846,N20,VIIRS,n,2,299.44,1.74,D,0,VIIRS_NOAA20_SP
30.65261,74.37177,333.28,0.35,0.56,2023-11-22,846,N20,VIIRS,n,2,298.88,1.02,D,0,VIIRS_NOAA20_SP
30.65372,74.95546,331.55,0.38,0.58,2023-11-22,846,N20,VIIRS,n,2,299.86,6.56,D,0,VIIRS_NOAA20_SP
30.65401,74.9594,367.0,0.38,0.58,2023-11-22,846,N20,VIIRS,h,2,300.02,9.21,D,0,VIIRS_NOAA20_SP
30.65433,74.47114,331.47,0.35,0.57,2023-11-22,846,N20,VIIRS,l,2,303.32,27.62,D,0,VIIRS_NOAA20_SP
30.65462,74.47137,347.53,0.35,0.57,2023-11-22,846,N20,VIIRS,n,2,304.97,38.11,D,0,VIIRS_NOAA20_SP
30.65462,74.47482,367.0,0.35,0.57,2023-11-22,846,N20,VIIRS,l,2,328.97,52.5,D,0,VIIRS_NOAA20_SP
30.65488,74.47505,367.0,0.35,0.57,2023-11-22,846,N20,VIIRS,l,2,326.67,52.29,D,0,VIIRS_NOAA20_SP
30.65491,74.47851,367.0,0.35,0.57,2023-11-22,846,N20,VIIRS,h,2,305.32,52.5,D,0,VIIRS_NOAA20_SP
30.65515,74.47874,367.0,0.35,0.57,2023-11-22,846,N20,VIIRS,h,2,302.5,52.29,D,0,VIIRS_NOAA20_SP
30.66044,74.8994,339.15,0.37,0.58,2023-11-22,846,N20,VIIRS,n,2,300.67,2.64,D,0,VIIRS_NOAA20_SP
30.66068,74.20052,347.87,0.34,0.56,2023-11-22,846,N20,VIIRS,n,2,299.65,2.95,D,0,VIIRS_NOAA20_SP
30.66502,72.26024,331.48,0.52,0.5,2023-11-22,846,N20,VIIRS,n,2,297.88,2.85,D,0,VIIRS_NOAA20_SP
30.66534,75.11536,340.38,0.38,0.59,2023-11-22,846,N20,VIIRS,n,2,298.27,2.76,D,0,VIIRS_NOAA20_SP
30.673,71.74736,353.07,0.48,0.48,2023-11-22,846,N20,VIIRS,n,2,300.67,6.04,D,0,VIIRS_NOAA20_SP
30.67539,74.32563,335.96,0.34,0.56,2023-11-22,846,N20,VIIRS,n,2,299.51,2.74,D,0,VIIRS_NOAA20_SP
30.67567,74.32926,334.97,0.34,0.56,2023-11-22,846,N20,VIIRS,n,2,297.44,2.74,D,0,VIIRS_NOAA20_SP
30.67744,71.7468,334.34,0.48,0.48,2023-11-22,846,N20,VIIRS,n,2,299.17,6.04,D,0,VIIRS_NOAA20_SP
30.67869,72.20946,336.4,0.51,0.5,2023-11-22,846,N20,VIIRS,n,2,298.42,5.7,D,0,VIIRS_NOAA20_SP
30.67886,72.20615,341.91,0.51,0.5,2023-11-22,846,N20,VIIRS,n,2,299.54,5.65,D,0,VIIRS_NOAA20_SP
30.68339,74.98872,342.77,0.38,0.59,2023-11-22,846,N20,VIIRS,n,2,298.45,2.65,D,0,VIIRS_NOAA20_SP
30.68757,75.01733,333.56,0.38,0.59,2023-11-22,846,N20,VIIRS,n,2,298.49,1.66,D,0,VIIRS_NOAA20_SP
30.68851,74.2916,367.0,0.34,0.56,2023-11-22,846,N20,VIIRS,h,2,302.39,12.7,D,0,VIIRS_NOAA20_SP
30.69033,71.69413,340.8,0.48,0.48,2023-11-22,846,N20,VIIRS,n,2,299.76,5.98,D,0,VIIRS_NOAA20_SP
30.69091,72.23746,339.77,0.52,0.5,2023-11-22,846,N20,VIIRS,n,2,299.54,6.19,D,0,VIIRS_NOAA20_SP
30.69095,72.24075,339.87,0.52,0.5,2023-11-22,846,N20,VIIRS,n,2,297.74,5.35,D,0,VIIRS_NOAA20_SP
30.69342,74.28748,367.0,0.34,0.56,2023-11-22,846,N20,VIIRS,h,2,302.29,12.7,D,0,VIIRS_NOAA20_SP
30.69388,74.226,340.34,0.34,0.56,2023-11-22,846,N20,VIIRS,n,2,299.8,2.69,D,0,VIIRS_NOAA20_SP
30.70201,71.8625,331.02,0.49,0.49,2023-11-22,846,N20,VIIRS,n,2,298.66,4.8,D,0,VIIRS_NOAA20_SP
30.70296,74.27569,348.53,0.34,0.56,2023-11-22,846,N20,VIIRS,n,2,300.04,3.41,D,0,VIIRS_NOAA20_SP
30.70654,75.00673,345.25,0.38,0.59,2023-11-22,846,N20,VIIRS,n,2,300.38,2.92,D,0,VIIRS_NOAA20_SP
30.70702,75.88482,346.94,0.43,0.62,2023-11-22,846,N20,VIIRS,n,2,300.14,4.26,D,0,VIIRS_NOAA20_SP
30.70833,71.97713,351.0,0.5,0.49,2023-11-22,846,N20,VIIRS,n,2,301.2,9.76,D,0,VIIRS_NOAA20_SP
30.70871,75.00742,343.96,0.38,0.59,2023-11-22,846,N20,VIIRS,n,2,298.47,3.55,D,0,VIIRS_NOAA20_SP
30.70987,75.05069,367.0,0.38,0.59,2023-11-22,846,N20,VIIRS,h,2,299.89,4.13,D,0,VIIRS_NOAA20_SP
30.71037,71.9505,340.92,0.5,0.49,2023-11-22,846,N20,VIIRS,n,2,303.29,11.56,D,0,VIIRS_NOAA20_SP
30.71136,74.24953,338.99,0.34,0.56,2023-11-22,846,N20,VIIRS,n,2,299.35,5.15,D,0,VIIRS_NOAA20_SP
30.71148,75.04745,352.78,0.38,0.59,2023-11-22,846,N20,VIIRS,n,2,301.1,7.37,D,0,VIIRS_NOAA20_SP
30.71175,75.05146,344.57,0.38,0.59,2023-11-22,846,N20,VIIRS,n,2,298.22,6.71,D,0,VIIRS_NOAA20_SP
30.7119,74.67369,367.0,0.36,0.57,2023-11-22,846,N20,VIIRS,h,2,306.99,10.62,D,0,VIIRS_NOAA20_SP
30.71418,74.28548,333.28,0.34,0.56,2023-11-22,846,N20,VIIRS,n,2,298.32,1.3,D,0,VIIRS_NOAA20_SP
30.71486,71.94996,330.21,0.5,0.49,2023-11-22,846,N20,VIIRS,n,2,298.22,11.56,D,0,VIIRS_NOAA20_SP
30.71537,74.94681,367.0,0.38,0.58,2023-11-22,846,N20,VIIRS,h,2,301.21,8.26,D,0,VIIRS_NOAA20_SP
30.7159,71.91304,340.58,0.49,0.49,2023-11-22,846,N20,VIIRS,n,2,300.21,13.25,D,0,VIIRS_NOAA20_SP
30.71798,75.30889,345.38,0.39,0.6,2023-11-22,846,N20,VIIRS,n,2,301.38,5.44,D,0,VIIRS_NOAA20_SP
30.71822,75.31014,367.0,0.4,0.6,2023-11-22,846,N20,VIIRS,h,2,302.41,6.32,D,0,VIIRS_NOAA20_SP
30.71986,71.95462,353.65,0.5,0.49,2023-11-22,846,N20,VIIRS,n,2,304.61,11.56,D,0,VIIRS_NOAA20_SP
30.72036,71.95984,339.42,0.5,0.49,2023-11-22,846,N20,VIIRS,n,2,297.29,11.56,D,0,VIIRS_NOAA20_SP
30.72508,74.49448,343.61,0.35,0.57,2023-11-22,846,N20,VIIRS,n,2,300.29,3.85,D,0,VIIRS_NOAA20_SP
30.73709,75.9922,344.45,0.43,0.62,2023-11-22,846,N20,VIIRS,n,2,300.28,4.35,D,0,VIIRS_NOAA20_SP
30.73832,75.27913,348.72,0.39,0.6,2023-11-22,846,N20,VIIRS,n,2,301.03,5.4,D,0,VIIRS_NOAA20_SP
30.7459,71.98846,331.74,0.5,0.49,2023-11-22,846,N20,VIIRS,n,2,297.09,3.04,D,0,VIIRS_NOAA20_SP
30.74661,74.56768,352.13,0.36,0.57,2023-11-22,846,N20,VIIRS,n,2,305.41,7.66,D,0,VIIRS_NOAA20_SP
30.7469,74.57143,347.95,0.36,0.57,2023-11-22,846,N20,VIIRS,n,2,300.65,7.36,D,0,VIIRS_NOAA20_SP
30.75537,71.94504,335.6,0.5,0.49,2023-11-22,846,N20,VIIRS,n,2,299.2,3.33,D,0,VIIRS_NOAA20_SP
30.75891,74.32126,331.34,0.34,0.56,2023-11-22,846,N20,VIIRS,n,2,299.12,1.39,D,0,VIIRS_NOAA20_SP
30.75979,74.32024,332.97,0.34,0.56,2023-11-22,846,N20,VIIRS,n,2,299.32,1.39,D,0,VIIRS_NOAA20_SP
30.765,75.10764,347.18,0.38,0.59,2023-11-22,846,N20,VIIRS,n,2,298.2,7.08,D,0,VIIRS_NOAA20_SP
30.77697,75.04564,334.61,0.38,0.59,2023-11-22,846,N20,VIIRS,n,2,297.39,2.82,D,0,VIIRS_NOAA20_SP
30.78456,74.89267,341.14,0.37,0.58,2023-11-22,846,N20,VIIRS,n,2,301.72,3.13,D,0,VIIRS_NOAA20_SP
30.78743,74.89278,339.89,0.37,0.58,2023-11-22,846,N20,VIIRS,n,2,302.5,3.17,D,0,VIIRS_NOAA20_SP
30.79506,76.34226,334.67,0.46,0.63,2023-11-22,846,N20,VIIRS,n,2,297.54,3.15,D,0,VIIRS_NOAA20_SP
30.80045,74.88725,354.4,0.37,0.58,2023-11-22,846,N20,VIIRS,n,2,307.43,11.31,D,0,VIIRS_NOAA20_SP
30.80072,74.89119,345.04,0.37,0.58,2023-11-22,846,N20,VIIRS,n,2,297.92,8.63,D,0,VIIRS_NOAA20_SP
30.80186,74.75368,356.27,0.37,0.58,2023-11-22,846,N20,VIIRS,n,2,305.64,8.62,D,0,VIIRS_NOAA20_SP
30.80213,74.75753,344.92,0.37,0.58,2023-11-22,846,N20,VIIRS,n,2,301.79,7.43,D,0,VIIRS_NOAA20_SP
30.8033,74.88741,354.26,0.37,0.58,2023-11-22,846,N20,VIIRS,n,2,304.66,10.98,D,0,VIIRS_NOAA20_SP
30.80359,74.89134,348.86,0.37,0.58,2023-11-22,846,N20,VIIRS,n,2,298.34,9.29,D,0,VIIRS_NOAA20_SP
30.82703,71.86507,336.97,0.49,0.49,2023-11-22,846,N20,VIIRS,n,2,301.25,4.65,D,0,VIIRS_NOAA20_SP
30.83138,74.71605,333.59,0.36,0.58,2023-11-22,846,N20,VIIRS,n,2,301.63,1.43,D,0,VIIRS_NOAA20_SP
30.83415,75.13828,367.0,0.39,0.59,2023-11-22,846,N20,VIIRS,h,2,300.71,8.52,D,0,VIIRS_NOAA20_SP
30.83426,75.22094,331.2,0.39,0.59,2023-11-22,846,N20,VIIRS,n,2,298.52,7.13,D,0,VIIRS_NOAA20_SP
30.83454,75.22508,367.0,0.39,0.59,2023-11-22,846,N20,VIIRS,h,2,298.97,7.13,D,0,VIIRS_NOAA20_SP
30.83473,74.68867,355.14,0.36,0.58,2023-11-22,846,N20,VIIRS,n,2,305.42,9.23,D,0,VIIRS_NOAA20_SP
30.83501,74.69251,346.83,0.36,0.58,2023-11-22,846,N20,VIIRS,n,2,301.8,7.96,D,0,VIIRS_NOAA20_SP
30.84396,75.12103,335.25,0.39,0.59,2023-11-22,846,N20,VIIRS,n,2,299.95,6.08,D,0,VIIRS_NOAA20_SP
30.84652,74.70306,335.36,0.36,0.58,2023-11-22,846,N20,VIIRS,n,2,301.58,2.16,D,0,VIIRS_NOAA20_SP
30.84943,75.12054,367.0,0.39,0.59,2023-11-22,846,N20,VIIRS,h,2,300.3,6.08,D,0,VIIRS_NOAA20_SP
30.85598,75.37875,335.92,0.4,0.6,2023-11-22,846,N20,VIIRS,n,2,299.45,4.62,D,0,VIIRS_NOAA20_SP
30.85626,75.38297,348.4,0.4,0.6,2023-11-22,846,N20,VIIRS,n,2,298.76,4.62,D,0,VIIRS_NOAA20_SP
30.86636,71.84982,332.29,0.49,0.49,2023-11-22,846,N20,VIIRS,n,2,300.29,2.2,D,0,VIIRS_NOAA20_SP
30.8692,71.8526,339.13,0.49,0.49,2023-11-22,846,N20,VIIRS,n,2,300.53,4.24,D,0,VIIRS_NOAA20_SP
30.87388,75.1554,351.27,0.39,0.59,2023-11-22,846,N20,VIIRS,n,2,300.17,5.47,D,0,VIIRS_NOAA20_SP
30.87864,71.85667,351.3,0.49,0.49,2023-11-22,846,N20,VIIRS,n,2,303.2,14.77,D,0,VIIRS_NOAA20_SP
30.88072,74.52644,367.0,0.36,0.57,2023-11-22,846,N20,VIIRS,h,2,303.74,15.74,D,0,VIIRS_NOAA20_SP
30.88089,74.5242,352.14,0.36,0.57,2023-11-22,846,N20,VIIRS,n,2,302.46,11.7,D,0,VIIRS_NOAA20_SP
30.88118,74.52795,367.0,0.36,0.57,2023-11-22,846,N20,VIIRS,h,2,298.27,13.06,D,0,VIIRS_NOAA20_SP
30.88496,72.23187,339.15,0.52,0.5,2023-11-22,846,N20,VIIRS,n,2,299.92,9.55,D,0,VIIRS_NOAA20_SP
30.8851,72.23362,343.82,0.52,0.5,2023-11-22,846,N20,VIIRS,n,2,300.98,11.84,D,0,VIIRS_NOAA20_SP
30.88544,72.23733,340.95,0.52,0.5,2023-11-22,846,N20,VIIRS,n,2,299.72,9.55,D,0,VIIRS_NOAA20_SP
30.8865,74.68256,345.34,0.36,0.58,2023-11-22,846,N20,VIIRS,n,2,301.59,3.67,D,0,VIIRS_NOAA20_SP
30.88798,74.68382,333.26,0.36,0.58,2023-11-22,846,N20,VIIRS,n,2,301.94,3.39,D,0,VIIRS_NOAA20_SP
30.8884,75.36328,367.0,0.4,0.6,2023-11-22,846,N20,VIIRS,h,2,302.68,12.4,D,0,VIIRS_NOAA20_SP
30.89212,72.16161,345.54,0.51,0.5,2023-11-22,846,N20,VIIRS,n,2,299.33,7.28,D,0,VIIRS_NOAA20_SP
30.89245,72.15969,340.28,0.51,0.5,2023-11-22,846,N20,VIIRS,n,2,299.45,4.77,D,0,VIIRS_NOAA20_SP
30.91076,75.28541,338.86,0.4,0.6,2023-11-22,846,N20,VIIRS,n,2,298.11,4.79,D,0,VIIRS_NOAA20_SP
30.9332,74.51771,336.76,0.36,0.57,2023-11-22,846,N20,VIIRS,n,2,296.73,5.12,D,0,VIIRS_NOAA20_SP
30.93339,74.96597,367.0,0.38,0.59,2023-11-22,846,N20,VIIRS,h,2,302.53,9.32,D,0,VIIRS_NOAA20_SP
30.93582,77.67973,339.05,0.55,0.68,2023-11-22,846,N20,VIIRS,n,2,303.04,5.86,D,0,VIIRS_NOAA20_SP
30.93804,72.20351,340.12,0.52,0.5,2023-11-22,846,N20,VIIRS,n,2,299.39,5.06,D,0,VIIRS_NOAA20_SP
30.93865,74.7359,367.0,0.37,0.58,2023-11-22,846,N20,VIIRS,h,2,301.15,6.76,D,0,VIIRS_NOAA20_SP
30.95241,74.70353,331.91,0.37,0.58,2023-11-22,846,N20,VIIRS,n,2,298.43,13.1,D,0,VIIRS_NOAA20_SP
30.95285,72.16338,338.14,0.51,0.5,2023-11-22,846,N20,VIIRS,n,2,299.95,5.56,D,0,VIIRS_NOAA20_SP
30.95774,74.70304,343.24,0.37,0.58,2023-11-22,846,N20,VIIRS,n,2,314.03,13.1,D,0,VIIRS_NOAA20_SP
30.95784,74.77715,340.3,0.37,0.58,2023-11-22,846,N20,VIIRS,n,2,300.35,2.7,D,0,VIIRS_NOAA20_SP
30.95803,74.7069,337.22,0.37,0.58,2023-11-22,846,N20,VIIRS,n,2,296.97,13.1,D,0,VIIRS_NOAA20_SP
30.9708,70.8193,340.17,0.43,0.46,2023-11-22,846,N20,VIIRS,n,2,298.41,3.27,D,0,VIIRS_NOAA20_SP
30.97084,70.81641,340.27,0.43,0.46,2023-11-22,846,N20,VIIRS,n,2,298.13,3.98,D,0,VIIRS_NOAA20_SP
30.97257,75.37681,341.08,0.4,0.6,2023-11-22,846,N20,VIIRS,n,2,295.93,3.0,D,0,VIIRS_NOAA20_SP
30.9777,75.129,341.25,0.39,0.59,2023-11-22,846,N20,VIIRS,n,2,298.3,3.01,D,0,VIIRS_NOAA20_SP
30.98576,72.16779,334.66,0.52,0.5,2023-11-22,846,N20,VIIRS,n,2,297.23,3.3,D,0,VIIRS_NOAA20_SP
30.98587,72.17037,338.91,0.52,0.5,2023-11-22,846,N20,VIIRS,n,2,297.56,5.1,D,0,VIIRS_NOAA20_SP
30.9909,72.12611,339.19,0.51,0.5,2023-11-22,846,N20,VIIRS,n,2,297.12,7.9,D,0,VIIRS_NOAA20_SP
30.99108,72.12345,343.33,0.51,0.5,2023-11-22,846,N20,VIIRS,n,2,297.57,6.73,D,0,VIIRS_NOAA20_SP
30.995,71.91335,330.91,0.5,0.49,2023-11-22,846,N20,VIIRS,n,2,298.42,4.94,D,0,VIIRS_NOAA20_SP
30.99547,71.91859,342.44,0.5,0.49,2023-11-22,846,N20,VIIRS,n,2,300.87,7.09,D,0,VIIRS_NOAA20_SP
30.99623,75.23536,354.49,0.39,0.6,2023-11-22,846,N20,VIIRS,n,2,298.74,5.35,D,0,VIIRS_NOAA20_SP
31.00259,75.74646,329.44,0.42,0.61,2023-11-22,846,N20,VIIRS,n,2,298.55,2.36,D,0,VIIRS_NOAA20_SP
31.00343,75.02855,367.0,0.38,0.59,2023-11-22,846,N20,VIIRS,h,2,301.21,7.94,D,0,VIIRS_NOAA20_SP
31.00483,75.0282,367.0,0.38,0.59,2023-11-22,846,N20,VIIRS,h,2,301.8,10.03,D,0,VIIRS_NOAA20_SP
31.00625,75.14305,333.05,0.39,0.59,2023-11-22,846,N20,VIIRS,n,2,297.48,9.31,D,0,VIIRS_NOAA20_SP
31.00654,75.14716,367.0,0.39,0.59,2023-11-22,846,N20,VIIRS,h,2,297.86,11.19,D,0,VIIRS_NOAA20_SP
31.01084,75.13029,339.93,0.39,0.59,2023-11-22,846,N20,VIIRS,n,2,304.07,26.23,D,0,VIIRS_NOAA20_SP
31.01114,75.13438,367.0,0.39,0.59,2023-11-22,846,N20,VIIRS,h,2,302.59,26.23,D,0,VIIRS_NOAA20_SP
31.01143,75.13849,337.64,0.39,0.59,2023-11-22,846,N20,VIIRS,n,2,297.16,9.31,D,0,VIIRS_NOAA20_SP
31.01185,75.13425,367.0,0.39,0.59,2023-11-22,846,N20,VIIRS,h,2,301.34,61.06,D,0,VIIRS_NOAA20_SP
31.01212,75.13835,333.36,0.39,0.59,2023-11-22,846,N20,VIIRS,n,2,297.25,9.03,D,0,VIIRS_NOAA20_SP
31.01631,75.12981,330.33,0.39,0.59,2023-11-22,846,N20,VIIRS,n,2,297.39,4.51,D,0,VIIRS_NOAA20_SP
31.0178,75.15034,330.86,0.39,0.59,2023-11-22,846,N20,VIIRS,n,2,297.6,1.62,D,0,VIIRS_NOAA20_SP
31.01842,75.15022,332.97,0.39,0.59,2023-11-22,846,N20,VIIRS,n,2,297.16,2.12,D,0,VIIRS_NOAA20_SP
31.02053,72.24636,338.08,0.52,0.5,2023-11-22,846,N20,VIIRS,n,2,299.8,3.98,D,0,VIIRS_NOAA20_SP
31.029,71.93575,343.62,0.5,0.49,2023-11-22,846,N20,VIIRS,n,2,300.85,9.58,D,0,VIIRS_NOAA20_SP
31.04829,74.79205,367.0,0.37,0.58,2023-11-22,846,N20,VIIRS,h,2,301.26,7.94,D,0,VIIRS_NOAA20_SP
31.05325,70.74592,330.67,0.43,0.46,2023-11-22,846,N20,VIIRS,n,2,298.97,2.86,D,0,VIIRS_NOAA20_SP
31.05366,74.79157,337.52,0.37,0.58,2023-11-22,846,N20,VIIRS,n,2,301.02,3.75,D,0,VIIRS_NOAA20_SP
31.0548,74.80725,367.0,0.37,0.58,2023-11-22,846,N20,VIIRS,h,2,299.86,6.64,D,0,VIIRS_NOAA20_SP
31.06285,75.15462,351.24,0.39,0.59,2023-11-22,846,N20,VIIRS,n,2,297.93,7.56,D,0,VIIRS_NOAA20_SP
31.06805,75.15003,337.45,0.39,0.59,2023-11-22,846,N20,VIIRS,n,2,296.53,3.65,D,0,VIIRS_NOAA20_SP
31.06834,75.15416,339.76,0.39,0.59,2023-11-22,846,N20,VIIRS,n,2,296.1,3.65,D,0,VIIRS_NOAA20_SP
31.06841,75.07572,331.05,0.39,0.59,2023-11-22,846,N20,VIIRS,n,2,298.12,2.38,D,0,VIIRS_NOAA20_SP
31.07677,72.20097,334.39,0.52,0.5,2023-11-22,846,N20,VIIRS,n,2,302.45,9.1,D,0,VIIRS_NOAA20_SP
31.07728,72.20644,340.03,0.52,0.5,2023-11-22,846,N20,VIIRS,n,2,300.36,9.1,D,0,VIIRS_NOAA20_SP
31.08496,74.92403,333.41,0.38,0.59,2023-11-22,846,N20,VIIRS,n,2,295.74,2.94,D,0,VIIRS_NOAA20_SP
31.10859,75.41692,335.43,0.4,0.6,2023-11-22,846,N20,VIIRS,n,2,301.38,2.81,D,0,VIIRS_NOAA20_SP
31.11983,74.95324,340.29,0.38,0.59,2023-11-22,846,N20,VIIRS,n,2,298.7,3.81,D,0,VIIRS_NOAA20_SP
31.12012,74.95725,335.61,0.38,0.59,2023-11-22,846,N20,VIIRS,n,2,297.39,4.69,D,0,VIIRS_NOAA20_SP
31.12189,74.95403,367.0,0.38,0.59,2023-11-22,846,N20,VIIRS,h,2,299.46,5.38,D,0,VIIRS_NOAA20_SP
31.12832,73.65855,336.91,0.64,0.54,2023-11-22,846,N20,VIIRS,n,2,300.16,10.71,D,0,VIIRS_NOAA20_SP
31.12872,73.65993,341.14,0.63,0.54,2023-11-22,846,N20,VIIRS,n,2,300.3,15.06,D,0,VIIRS_NOAA20_SP
31.12884,73.66526,330.33,0.64,0.54,2023-11-22,846,N20,VIIRS,n,2,296.59,10.71,D,0,VIIRS_NOAA20_SP
31.13181,74.86076,330.64,0.37,0.58,2023-11-22,846,N20,VIIRS,n,2,297.9,1.37,D,0,VIIRS_NOAA20_SP
31.13628,75.17745,367.0,0.39,0.59,2023-11-22,846,N20,VIIRS,h,2,302.17,12.23,D,0,VIIRS_NOAA20_SP
31.13693,75.17876,367.0,0.39,0.59,2023-11-22,846,N20,VIIRS,h,2,299.61,9.94,D,0,VIIRS_NOAA20_SP
31.15148,75.14836,334.88,0.39,0.59,2023-11-22,846,N20,VIIRS,n,2,299.56,2.44,D,0,VIIRS_NOAA20_SP
31.18189,75.70312,344.99,0.42,0.61,2023-11-22,846,N20,VIIRS,n,2,298.29,3.75,D,0,VIIRS_NOAA20_SP
31.24636,73.68157,354.45,0.32,0.55,2023-11-22,846,N20,VIIRS,n,2,297.53,7.08,D,0,VIIRS_NOAA20_SP
31.25107,73.74263,332.21,0.32,0.55,2023-11-22,846,N20,VIIRS,n,2,297.3,1.63,D,0,VIIRS_NOAA20_SP
31.25349,73.70813,352.11,0.32,0.55,2023-11-22,846,N20,VIIRS,n,2,300.61,5.28,D,0,VIIRS_NOAA20_SP
31.25375,73.71152,331.58,0.32,0.55,2023-11-22,846,N20,VIIRS,n,2,298.58,4.73,D,0,VIIRS_NOAA20_SP
31.26235,73.56339,349.09,0.63,0.54,2023-11-22,846,N20,VIIRS,n,2,303.02,20.95,D,0,VIIRS_NOAA20_SP
31.26641,73.87628,332.1,0.33,0.55,2023-11-22,846,N20,VIIRS,n,2,298.37,2.66,D,0,VIIRS_NOAA20_SP
31.26735,73.56287,346.06,0.63,0.54,2023-11-22,846,N20,VIIRS,n,2,300.5,18.27,D,0,VIIRS_NOAA20_SP
31.26891,70.88496,333.41,0.44,0.46,2023-11-22,846,N20,VIIRS,n,2,299.05,3.96,D,0,VIIRS_NOAA20_SP
31.30246,74.50109,335.91,0.36,0.57,2023-11-22,846,N20,VIIRS,n,2,297.3,3.11,D,0,VIIRS_NOAA20_SP
31.30977,73.71265,329.08,0.32,0.55,2023-11-22,846,N20,VIIRS,n,2,298.09,3.79,D,0,VIIRS_NOAA20_SP
31.31482,73.71214,367.0,0.32,0.55,2023-11-22,846,N20,VIIRS,h,2,301.19,3.79,D,0,VIIRS_NOAA20_SP
31.3151,73.71553,340.74,0.32,0.55,2023-11-22,846,N20,VIIRS,n,2,297.44,3.79,D,0,VIIRS_NOAA20_SP
31.31932,73.70484,335.53,0.32,0.55,2023-11-22,846,N20,VIIRS,n,2,299.54,2.51,D,0,VIIRS_NOAA20_SP
31.35365,72.18832,339.81,0.52,0.5,2023-11-22,846,N20,VIIRS,n,2,298.86,4.42,D,0,VIIRS_NOAA20_SP
31.36161,75.21968,348.84,0.4,0.6,2023-11-22,846,N20,VIIRS,n,2,297.72,4.96,D,0,VIIRS_NOAA20_SP
31.38221,72.45743,337.44,0.54,0.51,2023-11-22,846,N20,VIIRS,n,2,298.18,5.02,D,0,VIIRS_NOAA20_SP
31.39193,72.51437,333.33,0.55,0.51,2023-11-22,846,N20,VIIRS,n,2,298.95,4.46,D,0,VIIRS_NOAA20_SP
31.43143,70.63084,337.51,0.43,0.46,2023-11-22,846,N20,VIIRS,n,2,300.72,3.61,D,0,VIIRS_NOAA20_SP
31.43524,73.64517,334.01,0.32,0.55,2023-11-22,846,N20,VIIRS,n,2,297.98,1.81,D,0,VIIRS_NOAA20_SP
31.43567,73.64548,334.63,0.32,0.54,2023-11-22,846,N20,VIIRS,n,2,298.12,1.38,D,0,VIIRS_NOAA20_SP
31.44487,72.50023,331.08,0.55,0.51,2023-11-22,846,N20,VIIRS,n,2,297.32,3.32,D,0,VIIRS_NOAA20_SP
31.44614,72.43275,336.02,0.54,0.51,2023-11-22,846,N20,VIIRS,n,2,298.75,3.25,D,0,VIIRS_NOAA20_SP
31.44776,72.50214,331.57,0.55,0.51,2023-11-22,846,N20,VIIRS,n,2,297.84,3.68,D,0,VIIRS_NOAA20_SP
31.45137,72.09094,330.28,0.52,0.5,2023-11-22,846,N20,VIIRS,n,2,299.04,2.38,D,0,VIIRS_NOAA20_SP
31.45577,72.4062,329.95,0.54,0.51,2023-11-22,846,N20,VIIRS,n,2,298.13,3.81,D,0,VIIRS_NOAA20_SP
31.46024,74.87376,329.95,0.38,0.59,2023-11-22,846,N20,VIIRS,n,2,297.69,1.42,D,0,VIIRS_NOAA20_SP
31.46386,72.17831,332.26,0.52,0.5,2023-11-22,846,N20,VIIRS,n,2,299.41,2.7,D,0,VIIRS_NOAA20_SP
31.46675,73.86016,338.71,0.33,0.55,2023-11-22,846,N20,VIIRS,n,2,298.02,2.05,D,0,VIIRS_NOAA20_SP
31.47484,73.83125,330.96,0.33,0.55,2023-11-22,846,N20,VIIRS,n,2,297.82,2.08,D,0,VIIRS_NOAA20_SP
31.47967,73.82726,340.65,0.33,0.55,2023-11-22,846,N20,VIIRS,n,2,300.27,5.06,D,0,VIIRS_NOAA20_SP
31.47993,73.83073,354.49,0.33,0.55,2023-11-22,846,N20,VIIRS,n,2,298.28,6.11,D,0,VIIRS_NOAA20_SP
31.50202,75.16318,367.0,0.39,0.6,2023-11-22,846,N20,VIIRS,h,2,298.52,9.63,D,0,VIIRS_NOAA20_SP
31.50255,77.92452,331.48,0.58,0.7,2023-11-22,846,N20,VIIRS,n,2,286.71,5.25,D,0,VIIRS_NOAA20_SP
31.5253,72.39237,342.19,0.54,0.51,2023-11-22,846,N20,VIIRS,n,2,298.49,6.97,D,0,VIIRS_NOAA20_SP
31.55227,72.39922,337.16,0.54,0.51,2023-11-22,846,N20,VIIRS,n,2,297.83,3.88,D,0,VIIRS_NOAA20_SP
31.60222,72.5394,340.15,0.55,0.51,2023-11-22,846,N20,VIIRS,n,2,299.14,6.42,D,0,VIIRS_NOAA20_SP
31.64573,72.44062,338.86,0.54,0.51,2023-11-22,846,N20,VIIRS,n,2,298.74,9.34,D,0,VIIRS_NOAA20_SP
31.66135,74.72816,342.05,0.37,0.58,2023-11-22,846,N20,VIIRS,n,2,297.86,2.99,D,0,VIIRS_NOAA20_SP
31.70915,74.64053,340.68,0.37,0.58,2023-11-22,846,N20,VIIRS,n,2,296.28,2.68,D,0,VIIRS_NOAA20_SP
31.73509,73.415,341.6,0.62,0.54,2023-11-22,846,N20,VIIRS,n,2,294.78,12.82,D,0,VIIRS_NOAA20_SP
31.7438,74.5479,331.71,0.36,0.58,2023-11-22,846,N20,VIIRS,n,2,297.28,2.11,D,0,VIIRS_NOAA20_SP
31.80898,74.7841,335.67,0.38,0.58,2023-11-22,846,N20,VIIRS,n,2,296.54,4.32,D,0,VIIRS_NOAA20_SP
31.84539,74.99001,351.39,0.39,0.59,2023-11-22,846,N20,VIIRS,n,2,297.4,5.1,D,0,VIIRS_NOAA20_SP
31.88777,76.59219,329.59,0.48,0.65,2023-11-22,846,N20,VIIRS,n,2,296.62,3.47,D,0,VIIRS_NOAA20_SP
31.92793,77.24599,345.35,0.53,0.67,2023-11-22,846,N20,VIIRS,n,2,296.92,7.4,D,0,VIIRS_NOAA20_SP
31.56779,70.70992,330.85,0.43,0.46,2023-11-22,847,N20,VIIRS,n,2,299.93,2.24,D,0,VIIRS_NOAA20_SP
31.64766,72.43807,345.22,0.54,0.51,2023-11-22,847,N20,VIIRS,n,2,299.25,6.08,D,0,VIIRS_NOAA20_SP
31.68027,72.21602,341.49,0.53,0.5,2023-11-22,847,N20,VIIRS,n,2,298.73,6.26,D,0,VIIRS_NOAA20_SP
31.73552,73.41331,351.23,0.62,0.54,2023-11-22,847,N20,VIIRS,n,2,293.15,10.34,D,0,VIIRS_NOAA20_SP
31.7729,72.27046,333.66,0.53,0.5,2023-11-22,847,N20,VIIRS,n,2,299.41,5.28,D,0,VIIRS_NOAA20_SP
31.83627,70.78534,339.62,0.44,0.46,2023-11-22,847,N20,VIIRS,n,2,298.87,7.07,D,0,VIIRS_NOAA20_SP
31.84613,74.98985,345.77,0.39,0.59,2023-11-22,847,N20,VIIRS,n,2,297.01,5.81,D,0,VIIRS_NOAA20_SP
31.87133,74.55526,349.58,0.37,0.58,2023-11-22,847,N20,VIIRS,n,2,296.35,4.99,D,0,VIIRS_NOAA20_SP
31.88728,74.62875,333.15,0.37,0.58,2023-11-22,847,N20,VIIRS,n,2,297.37,2.11,D,0,VIIRS_NOAA20_SP
31.92198,74.45585,330.88,0.36,0.57,2023-11-22,847,N20,VIIRS,n,2,297.06,2.32,D,0,VIIRS_NOAA20_SP
31.92374,74.68523,346.66,0.37,0.58,2023-11-22,847,N20,VIIRS,n,2,297.34,4.22,D,0,VIIRS_NOAA20_SP
31.94033,74.6161,328.84,0.37,0.58,2023-11-22,847,N20,VIIRS,n,2,295.09,3.71,D,0,VIIRS_NOAA20_SP
31.94349,74.45773,329.63,0.36,0.57,2023-11-22,847,N20,VIIRS,n,2,298.86,1.82,D,0,VIIRS_NOAA20_SP
31.94411,74.66745,345.18,0.37,0.58,2023-11-22,847,N20,VIIRS,n,2,294.99,4.02,D,0,VIIRS_NOAA20_SP
31.94694,74.66611,351.05,0.37,0.58,2023-11-22,847,N20,VIIRS,n,2,293.63,4.62,D,0,VIIRS_NOAA20_SP
31.94723,74.51194,334.5,0.36,0.58,2023-11-22,847,N20,VIIRS,n,2,296.41,2.11,D,0,VIIRS_NOAA20_SP
31.9593,74.37904,329.37,0.36,0.57,2023-11-22,847,N20,VIIRS,n,2,296.23,2.24,D,0,VIIRS_NOAA20_SP
31.96114,74.55775,343.05,0.37,0.58,2023-11-22,847,N20,VIIRS,n,2,297.39,4.43,D,0,VIIRS_NOAA20_SP
31.96119,73.46034,341.99,0.63,0.54,2023-11-22,847,N20,VIIRS,n,2,299.74,14.21,D,0,VIIRS_NOAA20_SP
31.96134,73.46187,340.02,0.63,0.54,2023-11-22,847,N20,VIIRS,n,2,298.72,7.74,D,0,VIIRS_NOAA20_SP
31.97472,72.38942,339.41,0.54,0.51,2023-11-22,847,N20,VIIRS,n,2,293.56,7.01,D,0,VIIRS_NOAA20_SP
31.97684,72.38776,341.16,0.55,0.51,2023-11-22,847,N20,VIIRS,n,2,295.39,6.3,D,0,VIIRS_NOAA20_SP
31.97906,72.87896,340.58,0.58,0.52,2023-11-22,847,N20,VIIRS,n,2,295.2,3.68,D,0,VIIRS_NOAA20_SP
31.98839,72.46893,333.03,0.55,0.51,2023-11-22,847,N20,VIIRS,n,2,291.45,2.81,D,0,VIIRS_NOAA20_SP
31.99047,74.36847,345.41,0.36,0.57,2023-11-22,847,N20,VIIRS,n,2,299.48,2.77,D,0,VIIRS_NOAA20_SP
32.00331,73.35506,330.86,0.62,0.54,2023-11-22,847,N20,VIIRS,n,2,298.13,3.76,D,0,VIIRS_NOAA20_SP
32.0145,73.30727,329.04,0.62,0.54,2023-11-22,847,N20,VIIRS,n,2,297.19,2.84,D,0,VIIRS_NOAA20_SP
32.02474,74.84956,332.01,0.38,0.59,2023-11-22,847,N20,VIIRS,n,2,295.46,1.97,D,0,VIIRS_NOAA20_SP
32.03361,74.74284,328.59,0.38,0.58,2023-11-22,847,N20,VIIRS,n,2,296.01,2.13,D,0,VIIRS_NOAA20_SP
32.04942,74.661,336.48,0.37,0.58,2023-11-22,847,N20,VIIRS,n,2,295.21,2.4,D,0,VIIRS_NOAA20_SP
32.05199,74.66039,333.68,0.37,0.58,2023-11-22,847,N20,VIIRS,n,2,295.57,2.63,D,0,VIIRS_NOAA20_SP
32.07108,74.6227,329.4,0.37,0.58,2023-11-22,847,N20,VIIRS,n,2,296.0,3.61,D,0,VIIRS_NOAA20_SP
32.07893,74.82006,353.07,0.38,0.59,2023-11-22,847,N20,VIIRS,n,2,298.39,6.03,D,0,VIIRS_NOAA20_SP
32.0808,74.02123,350.91,0.34,0.56,2023-11-22,847,N20,VIIRS,n,2,299.19,5.51,D,0,VIIRS_NOAA20_SP
32.09127,75.17156,331.39,0.4,0.6,2023-11-22,847,N20,VIIRS,n,2,293.69,2.83,D,0,VIIRS_NOAA20_SP
32.1036,73.47258,340.18,0.63,0.54,2023-11-22,847,N20,VIIRS,n,2,300.09,11.49,D,0,VIIRS_NOAA20_SP
32.10959,74.7887,353.54,0.38,0.59,2023-11-22,847,N20,VIIRS,n,2,298.72,7.18,D,0,VIIRS_NOAA20_SP
32.11311,73.4648,330.46,0.63,0.54,2023-11-22,847,N20,VIIRS,n,2,297.22,3.06,D,0,VIIRS_NOAA20_SP
32.11812,73.46429,339.86,0.63,0.54,2023-11-22,847,N20,VIIRS,n,2,296.37,6.95,D,0,VIIRS_NOAA20_SP
32.1259,74.55816,339.54,0.37,0.58,2023-11-22,847,N20,VIIRS,n,2,296.13,2.71,D,0,VIIRS_NOAA20_SP
32.12778,75.14285,337.13,0.4,0.6,2023-11-22,847,N20,VIIRS,n,2,294.98,4.75,D,0,VIIRS_NOAA20_SP
32.13168,75.20284,335.36,0.4,0.6,2023-11-22,847,N20,VIIRS,n,2,294.22,2.58,D,0,VIIRS_NOAA20_SP
32.13332,75.14239,350.21,0.4,0.6,2023-11-22,847,N20,VIIRS,n,2,296.12,4.48,D,0,VIIRS_NOAA20_SP
32.13584,75.18089,336.04,0.4,0.6,2023-11-22,847,N20,VIIRS,n,2,295.82,3.76,D,0,VIIRS_NOAA20_SP
32.14468,75.14574,340.89,0.4,0.6,2023-11-22,847,N20,VIIRS,n,2,295.04,4.57,D,0,VIIRS_NOAA20_SP
32.148,74.5967,335.66,0.37,0.58,2023-11-22,847,N20,VIIRS,n,2,296.39,4.92,D,0,VIIRS_NOAA20_SP
32.1502,74.59566,329.49,0.37,0.58,2023-11-22,847,N20,VIIRS,n,2,296.76,7.36,D,0,VIIRS_NOAA20_SP
32.15049,74.59962,367.0,0.37,0.58,2023-11-22,847,N20,VIIRS,h,2,298.72,12.55,D,0,VIIRS_NOAA20_SP
32.15337,74.59622,343.58,0.37,0.58,2023-11-22,847,N20,VIIRS,n,2,296.38,4.92,D,0,VIIRS_NOAA20_SP
32.15363,74.60018,351.26,0.37,0.58,2023-11-22,847,N20,VIIRS,n,2,296.27,10.33,D,0,VIIRS_NOAA20_SP
32.15413,75.03839,328.32,0.39,0.6,2023-11-22,847,N20,VIIRS,n,2,294.51,2.27,D,0,VIIRS_NOAA20_SP
32.16446,75.19147,355.63,0.4,0.6,2023-11-22,847,N20,VIIRS,n,2,295.91,6.85,D,0,VIIRS_NOAA20_SP
32.17636,73.50304,351.05,0.32,0.54,2023-11-22,847,N20,VIIRS,n,2,292.87,3.99,D,0,VIIRS_NOAA20_SP
32.17703,73.50443,348.32,0.32,0.54,2023-11-22,847,N20,VIIRS,n,2,291.66,3.47,D,0,VIIRS_NOAA20_SP
32.17906,73.27456,338.09,0.62,0.54,2023-11-22,847,N20,VIIRS,n,2,294.47,6.33,D,0,VIIRS_NOAA20_SP
32.18159,74.69401,327.25,0.38,0.58,2023-11-22,847,N20,VIIRS,n,2,294.88,1.35,D,0,VIIRS_NOAA20_SP
32.19914,73.74165,328.53,0.33,0.55,2023-11-22,847,N20,VIIRS,n,2,296.06,2.56,D,0,VIIRS_NOAA20_SP
32.22374,73.59158,341.79,0.32,0.55,2023-11-22,847,N20,VIIRS,n,2,301.29,3.47,D,0,VIIRS_NOAA20_SP
32.22387,75.25792,345.03,0.41,0.6,2023-11-22,847,N20,VIIRS,n,2,296.36,4.39,D,0,VIIRS_NOAA20_SP
32.22458,75.35909,327.62,0.41,0.61,2023-11-22,847,N20,VIIRS,n,2,293.96,2.07,D,0,VIIRS_NOAA20_SP
32.23866,75.22596,332.52,0.4,0.6,2023-11-22,847,N20,VIIRS,n,2,294.66,2.14,D,0,VIIRS_NOAA20_SP
32.26837,73.32555,337.93,0.62,0.54,2023-11-22,847,N20,VIIRS,n,2,297.72,5.17,D,0,VIIRS_NOAA20_SP
32.26901,73.32495,339.13,0.62,0.54,2023-11-22,847,N20,VIIRS,n,2,298.39,6.75,D,0,VIIRS_NOAA20_SP
32.30752,74.92114,332.52,0.39,0.59,2023-11-22,847,N20,VIIRS,n,2,296.12,2.35,D,0,VIIRS_NOAA20_SP
32.31901,76.58997,337.08,0.49,0.65,2023-11-22,847,N20,VIIRS,n,2,300.66,10.46,D,0,VIIRS_NOAA20_SP
32.31918,76.59318,353.21,0.49,0.65,2023-11-22,847,N20,VIIRS,n,2,302.68,10.46,D,0,VIIRS_NOAA20_SP
32.32513,76.59165,326.33,0.49,0.65,2023-11-22,847,N20,VIIRS,n,2,301.01,4.51,D,0,VIIRS_NOAA20_SP
32.33618,74.54352,328.85,0.37,0.58,2023-11-22,847,N20,VIIRS,n,2,295.53,1.94,D,0,VIIRS_NOAA20_SP
32.34513,74.30849,329.26,0.36,0.57,2023-11-22,847,N20,VIIRS,n,2,297.01,1.62,D,0,VIIRS_NOAA20_SP
32.36975,74.84622,332.2,0.38,0.59,2023-11-22,847,N20,VIIRS,n,2,296.53,2.22,D,0,VIIRS_NOAA20_SP
32.3758,74.79492,332.61,0.38,0.59,2023-11-22,847,N20,VIIRS,n,2,296.35,2.83,D,0,VIIRS_NOAA20_SP
32.3775,74.79594,334.36,0.38,0.59,2023-11-22,847,N20,VIIRS,n,2,296.05,3.26,D,0,VIIRS_NOAA20_SP
32.38299,74.81903,339.16,0.38,0.59,2023-11-22,847,N20,VIIRS,n,2,296.41,1.98,D,0,VIIRS_NOAA20_SP
32.38426,74.81597,331.5,0.38,0.59,2023-11-22,847,N20,VIIRS,n,2,297.98,4.24,D,0,VIIRS_NOAA20_SP
32.38453,74.82008,348.64,0.38,0.59,2023-11-22,847,N20,VIIRS,n,2,295.62,4.24,D,0,VIIRS_NOAA20_SP
32.39177,73.69111,335.56,0.33,0.55,2023-11-22,847,N20,VIIRS,n,2,296.71,2.59,D,0,VIIRS_NOAA20_SP
32.39405,73.69379,328.64,0.33,0.55,2023-11-22,847,N20,VIIRS,n,2,295.54,3.38,D,0,VIIRS_NOAA20_SP
32.39571,73.46696,335.54,0.32,0.54,2023-11-22,847,N20,VIIRS,n,2,297.58,2.53,D,0,VIIRS_NOAA20_SP
32.40836,73.50019,337.43,0.32,0.55,2023-11-22,847,N20,VIIRS,n,2,296.37,4.46,D,0,VIIRS_NOAA20_SP
32.40971,74.24491,332.58,0.35,0.57,2023-11-22,847,N20,VIIRS,n,2,297.59,2.08,D,0,VIIRS_NOAA20_SP
32.41276,74.28685,334.61,0.36,0.57,2023-11-22,847,N20,VIIRS,n,2,298.13,2.13,D,0,VIIRS_NOAA20_SP
32.42596,74.62452,335.16,0.37,0.58,2023-11-22,847,N20,VIIRS,n,2,295.62,2.09,D,0,VIIRS_NOAA20_SP
32.46671,74.98033,339.25,0.39,0.6,2023-11-22,847,N20,VIIRS,n,2,295.19,5.33,D,0,VIIRS_NOAA20_SP
32.47724,76.18885,333.23,0.46,0.64,2023-11-22,847,N20,VIIRS,n,2,301.16,6.26,D,0,VIIRS_NOAA20_SP
32.49721,73.54295,331.64,0.32,0.55,2023-11-22,847,N20,VIIRS,n,2,296.6,2.49,D,0,VIIRS_NOAA20_SP
32.49823,73.54318,331.61,0.32,0.55,2023-11-22,847,N20,VIIRS,n,2,296.3,1.45,D,0,VIIRS_NOAA20_SP
32.54781,73.53785,340.54,0.32,0.55,2023-11-22,847,N20,VIIRS,n,2,297.6,2.27,D,0,VIIRS_NOAA20_SP
32.56925,74.69888,337.49,0.38,0.59,2023-11-22,847,N20,VIIRS,n,2,295.86,4.54,D,0,VIIRS_NOAA20_SP
32.57133,74.69984,342.24,0.38,0.59,2023-11-22,847,N20,VIIRS,n,2,295.45,3.71,D,0,VIIRS_NOAA20_SP
32.57388,74.6547,342.05,0.38,0.58,2023-11-22,847,N20,VIIRS,n,2,295.27,5.07,D,0,VIIRS_NOAA20_SP
32.57693,74.65336,351.46,0.38,0.58,2023-11-22,847,N20,VIIRS,n,2,295.91,4.83,D,0,VIIRS_NOAA20_SP
32.59747,74.51955,333.72,0.37,0.58,2023-11-22,847,N20,VIIRS,n,2,295.98,2.27,D,0,VIIRS_NOAA20_SP
32.6266,74.62984,338.7,0.38,0.58,2023-11-22,847,N20,VIIRS,n,2,295.26,2.99,D,0,VIIRS_NOAA20_SP
32.62775,74.48891,328.97,0.37,0.58,2023-11-22,847,N20,VIIRS,n,2,296.28,1.73,D,0,VIIRS_NOAA20_SP
32.76949,73.59908,367.0,0.33,0.55,2023-11-22,847,N20,VIIRS,h,2,295.39,4.37,D,3,VIIRS_NOAA20_SP
32.83031,70.16277,350.47,0.42,0.45,2023-11-22,847,N20,VIIRS,n,2,302.03,15.3,D,0,VIIRS_NOAA20_SP
32.83202,70.15945,331.49,0.42,0.45,2023-11-22,847,N20,VIIRS,n,2,296.99,8.59,D,0,VIIRS_NOAA20_SP
32.83252,70.16455,338.16,0.42,0.45,2023-11-22,847,N20,VIIRS,n,2,294.91,8.59,D,0,VIIRS_NOAA20_SP
34.12934,73.37478,332.02,0.33,0.55,2023-11-22,847,N20,VIIRS,n,2,293.44,3.87,D,0,VIIRS_NOAA20_SP
34.17275,73.28668,334.87,0.33,0.55,2023-11-22,847,N20,VIIRS,n,2,293.34,2.16,D,0,VIIRS_NOAA20_SP
34.17399,73.28667,334.56,0.33,0.55,2023-11-22,847,N20,VIIRS,n,2,293.33,2.18,D,0,VIIRS_NOAA20_SP
34.2643,74.99558,356.07,0.41,0.61,2023-11-22,847,N20,VIIRS,n,2,291.42,10.71,D,0,VIIRS_NOAA20_SP
34.26454,74.99949,356.46,0.41,0.61,2023-11-22,847,N20,VIIRS,l,2,289.15,10.71,D,0,VIIRS_NOAA20_SP
34.75447,73.6105,325.62,0.35,0.56,2023-11-22,847,N20,VIIRS,n,2,288.88,3.76,D,0,VIIRS_NOAA20_SP
34.78896,70.62774,335.67,0.47,0.48,2023-11-22,847,N20,VIIRS,n,2,294.15,5.33,D,0,VIIRS_NOAA20_SP
28.16196,95.39029,305.05,0.41,0.37,2023-11-22,1929,N20,VIIRS,n,2,287.54,0.69,N,0,VIIRS_NOAA20_SP
29.26276,91.92178,298.38,0.4,0.37,2023-11-22,1929,N20,VIIRS,n,2,270.8,0.62,N,2,VIIRS_NOAA20_SP
30.94942,97.3638,299.07,0.44,0.38,2023-11-22,1929,N20,VIIRS,n,2,270.41,1.24,N,0,VIIRS_NOAA20_SP
24.5207,93.9443,306.31,0.4,0.37,2023-11-22,1930,N20,VIIRS,n,2,285.08,0.47,N,0,VIIRS_NOAA20_SP
24.52325,97.79782,302.29,0.57,0.43,2023-11-22,1930,N20,VIIRS,n,2,286.02,0.8,N,2,VIIRS_NOAA20_SP
24.52431,97.79638,298.14,0.57,0.43,2023-11-22,1930,N20,VIIRS,n,2,285.02,0.77,N,2,VIIRS_NOAA20_SP
26.0643,93.92722,302.49,0.39,0.36,2023-11-22,1930,N20,VIIRS,n,2,289.6,0.28,N,2,VIIRS_NOAA20_SP
26.52016,78.02171,302.31,0.75,0.77,2023-11-22,1930,N20,VIIRS,n,2,285.91,1.89,N,0,VIIRS_NOAA20_SP
26.52305,78.02557,306.35,0.75,0.77,2023-11-22,1930,N20,VIIRS,n,2,285.68,1.63,N,0,VIIRS_NOAA20_SP
26.58113,93.78839,300.23,0.39,0.36,2023-11-22,1930,N20,VIIRS,n,2,289.57,0.58,N,0,VIIRS_NOAA20_SP
26.64365,79.47159,296.96,0.61,0.71,2023-11-22,1930,N20,VIIRS,n,2,285.03,0.95,N,2,VIIRS_NOAA20_SP
26.74545,88.45148,297.81,0.52,0.42,2023-11-22,1930,N20,VIIRS,n,2,287.49,0.42,N,0,VIIRS_NOAA20_SP
26.74927,88.45207,300.28,0.52,0.42,2023-11-22,1930,N20,VIIRS,n,2,288.1,0.42,N,0,VIIRS_NOAA20_SP
26.76323,83.1987,305.08,0.36,0.57,2023-11-22,1930,N20,VIIRS,n,2,290.51,1.3,N,2,VIIRS_NOAA20_SP
26.78625,94.67123,299.6,0.4,0.37,2023-11-22,1930,N20,VIIRS,n,2,288.4,0.29,N,2,VIIRS_NOAA20_SP
26.95694,81.47835,302.58,0.46,0.64,2023-11-22,1930,N20,VIIRS,n,2,285.98,0.57,N,0,VIIRS_NOAA20_SP
27.1921,95.37126,299.17,0.41,0.37,2023-11-22,1930,N20,VIIRS,n,2,287.43,0.5,N,0,VIIRS_NOAA20_SP
27.31969,95.26486,298.67,0.41,0.37,2023-11-22,1930,N20,VIIRS,n,2,288.29,0.31,N,2,VIIRS_NOAA20_SP
27.37794,95.08777,301.22,0.4,0.37,2023-11-22,1930,N20,VIIRS,n,2,287.57,0.48,N,2,VIIRS_NOAA20_SP
27.46838,95.42374,310.84,0.41,0.37,2023-11-22,1930,N20,VIIRS,n,2,288.91,1.1,N,2,VIIRS_NOAA20_SP
27.53625,95.39854,300.27,0.41,0.37,2023-11-22,1930,N20,VIIRS,n,2,287.72,0.44,N,2,VIIRS_NOAA20_SP
27.55893,96.03899,306.74,0.43,0.38,2023-11-22,1930,N20,VIIRS,n,2,286.64,0.56,N,2,VIIRS_NOAA20_SP
27.60681,95.40008,315.85,0.41,0.37,2023-11-22,1930,N20,VIIRS,n,2,288.28,0.8,N,2,VIIRS_NOAA20_SP
28.57841,82.95656,301.3,0.39,0.59,2023-11-22,1930,N20,VIIRS,n,2,271.17,0.85,N,0,VIIRS_NOAA20_SP
29.08495,82.57453,298.33,0.42,0.61,2023-11-22,1930,N20,VIIRS,n,2,273.69,0.91,N,0,VIIRS_NOAA20_SP
29.08523,82.57071,306.26,0.42,0.61,2023-11-22,1930,N20,VIIRS,n,2,272.5,0.91,N,0,VIIRS_NOAA20_SP
21.8275,97.01569,298.33,0.57,0.43,2023-11-22,1931,N20,VIIRS,n,2,288.26,0.68,N,0,VIIRS_NOAA20_SP
21.9909,85.32675,298.06,0.46,0.47,2023-11-22,1931,N20,VIIRS,n,2,287.31,0.37,N,2,VIIRS_NOAA20_SP
22.0533,88.1255,308.62,0.48,0.4,2023-11-22,1931,N20,VIIRS,n,2,296.82,3.33,N,2,VIIRS_NOAA20_SP
22.0539,85.46511,306.06,0.45,0.47,2023-11-22,1931,N20,VIIRS,n,2,288.28,1.5,N,2,VIIRS_NOAA20_SP
22.05647,88.12341,311.15,0.48,0.4,2023-11-22,1931,N20,VIIRS,n,2,297.4,1.38,N,2,VIIRS_NOAA20_SP
22.13616,85.38034,300.98,0.46,0.47,2023-11-22,1931,N20,VIIRS,n,2,288.02,0.93,N,2,VIIRS_NOAA20_SP
22.21235,84.87498,304.85,0.5,0.49,2023-11-22,1931,N20,VIIRS,n,2,291.03,2.14,N,2,VIIRS_NOAA20_SP
22.21401,84.86047,302.72,0.5,0.49,2023-11-22,1931,N20,VIIRS,n,2,291.13,2.28,N,2,VIIRS_NOAA20_SP
22.33314,82.6563,310.62,0.35,0.56,2023-11-22,1931,N20,VIIRS,n,2,291.66,1.73,N,2,VIIRS_NOAA20_SP
22.33347,82.65298,321.78,0.35,0.56,2023-11-22,1931,N20,VIIRS,n,2,291.65,1.73,N,2,VIIRS_NOAA20_SP
22.3338,82.64967,312.18,0.35,0.56,2023-11-22,1931,N20,VIIRS,n,2,290.11,1.8,N,2,VIIRS_NOAA20_SP
22.36097,87.2896,301.74,0.54,0.42,2023-11-22,1931,N20,VIIRS,n,2,291.67,2.05,N,2,VIIRS_NOAA20_SP
22.36418,87.01534,309.13,0.56,0.43,2023-11-22,1931,N20,VIIRS,n,2,292.32,1.69,N,2,VIIRS_NOAA20_SP
22.36735,87.30114,307.47,0.54,0.42,2023-11-22,1931,N20,VIIRS,n,2,292.66,2.51,N,2,VIIRS_NOAA20_SP
22.36811,87.01593,310.98,0.56,0.43,2023-11-22,1931,N20,VIIRS,n,2,292.02,1.55,N,2,VIIRS_NOAA20_SP
22.37121,87.30172,312.05,0.54,0.42,2023-11-22,1931,N20,VIIRS,n,2,292.23,1.64,N,2,VIIRS_NOAA20_SP
22.37778,87.2815,318.3,0.54,0.42,2023-11-22,1931,N20,VIIRS,n,2,295.49,2.62,N,2,VIIRS_NOAA20_SP
22.37846,87.2763,306.35,0.54,0.42,2023-11-22,1931,N20,VIIRS,n,2,291.8,2.04,N,2,VIIRS_NOAA20_SP
22.37953,87.27797,322.83,0.54,0.42,2023-11-22,1931,N20,VIIRS,n,2,294.49,4.09,N,2,VIIRS_NOAA20_SP
22.476,91.73463,318.77,0.38,0.36,2023-11-22,1931,N20,VIIRS,n,2,292.68,1.33,N,2,VIIRS_NOAA20_SP
22.47919,90.70856,306.71,0.4,0.37,2023-11-22,1931,N20,VIIRS,n,2,291.68,0.55,N,0,VIIRS_NOAA20_SP
22.53616,91.69954,310.48,0.38,0.36,2023-11-22,1931,N20,VIIRS,n,2,293.11,0.78,N,2,VIIRS_NOAA20_SP
22.59003,85.90244,308.71,0.43,0.46,2023-11-22,1931,N20,VIIRS,n,2,291.12,1.23,N,2,VIIRS_NOAA20_SP
22.59425,85.90302,301.0,0.43,0.46,2023-11-22,1931,N20,VIIRS,n,2,290.82,0.75,N,2,VIIRS_NOAA20_SP
22.79135,86.19662,307.61,0.42,0.45,2023-11-22,1931,N20,VIIRS,n,2,295.38,1.42,N,2,VIIRS_NOAA20_SP
22.79405,86.20936,303.25,0.42,0.45,2023-11-22,1931,N20,VIIRS,n,2,291.76,1.41,N,2,VIIRS_NOAA20_SP
22.79551,86.19721,310.54,0.42,0.45,2023-11-22,1931,N20,VIIRS,n,2,293.18,1.42,N,3,VIIRS_NOAA20_SP
22.79869,86.20586,328.41,0.42,0.45,2023-11-22,1931,N20,VIIRS,n,2,293.3,3.12,N,2,VIIRS_NOAA20_SP
22.79989,86.08929,309.1,0.42,0.46,2023-11-22,1931,N20,VIIRS,n,2,292.06,1.24,N,2,VIIRS_NOAA20_SP
22.80407,86.0899,324.44,0.42,0.46,2023-11-22,1931,N20,VIIRS,n,2,292.24,2.57,N,2,VIIRS_NOAA20_SP
22.85931,86.0555,307.04,0.43,0.46,2023-11-22,1931,N20,VIIRS,n,2,290.1,1.0,N,2,VIIRS_NOAA20_SP
22.86032,86.05455,307.78,0.43,0.46,2023-11-22,1931,N20,VIIRS,n,2,288.84,0.93,N,2,VIIRS_NOAA20_SP
22.87661,86.0611,311.17,0.43,0.46,2023-11-22,1931,N20,VIIRS,n,2,290.91,1.83,N,2,VIIRS_NOAA20_SP
22.91387,86.07056,300.61,0.43,0.46,2023-11-22,1931,N20,VIIRS,n,2,288.48,0.43,N,0,VIIRS_NOAA20_SP
22.94309,85.96845,310.22,0.43,0.46,2023-11-22,1931,N20,VIIRS,n,2,289.17,0.71,N,0,VIIRS_NOAA20_SP
23.29637,78.3395,299.51,0.67,0.74,2023-11-22,1931,N20,VIIRS,n,2,286.9,0.63,N,0,VIIRS_NOAA20_SP
23.48187,87.3615,308.64,0.55,0.43,2023-11-22,1931,N20,VIIRS,n,2,290.62,1.66,N,2,VIIRS_NOAA20_SP
23.48253,87.35616,302.65,0.55,0.43,2023-11-22,1931,N20,VIIRS,n,2,290.71,1.24,N,2,VIIRS_NOAA20_SP
23.55221,87.24538,306.14,0.56,0.43,2023-11-22,1931,N20,VIIRS,n,2,293.63,2.46,N,3,VIIRS_NOAA20_SP
23.55683,87.2405,314.27,0.56,0.43,2023-11-22,1931,N20,VIIRS,n,2,290.71,1.33,N,2,VIIRS_NOAA20_SP
23.56008,87.24654,301.38,0.56,0.43,2023-11-22,1931,N20,VIIRS,n,2,289.05,1.33,N,2,VIIRS_NOAA20_SP
23.56077,87.24109,308.33,0.56,0.43,2023-11-22,1931,N20,VIIRS,n,2,289.93,1.33,N,2,VIIRS_NOAA20_SP
23.5643,87.08443,305.86,0.57,0.43,2023-11-22,1931,N20,VIIRS,n,2,291.26,2.23,N,2,VIIRS_NOAA20_SP
23.60115,87.10199,300.24,0.57,0.43,2023-11-22,1931,N20,VIIRS,n,2,289.11,0.58,N,0,VIIRS_NOAA20_SP
23.6026,87.10141,301.11,0.57,0.43,2023-11-22,1931,N20,VIIRS,n,2,289.14,0.74,N,0,VIIRS_NOAA20_SP
23.61341,86.78636,309.75,0.4,0.44,2023-11-22,1931,N20,VIIRS,n,2,289.63,1.52,N,2,VIIRS_NOAA20_SP
23.617,86.7907,304.29,0.39,0.44,2023-11-22,1931,N20,VIIRS,n,2,290.71,1.52,N,2,VIIRS_NOAA20_SP
23.63053,86.29613,301.75,0.42,0.45,2023-11-22,1931,N20,VIIRS,n,2,287.67,1.24,N,2,VIIRS_NOAA20_SP
23.63149,86.28787,318.12,0.42,0.45,2023-11-22,1931,N20,VIIRS,n,2,288.26,1.66,N,2,VIIRS_NOAA20_SP
23.63518,86.29263,299.2,0.42,0.45,2023-11-22,1931,N20,VIIRS,n,2,287.95,1.24,N,2,VIIRS_NOAA20_SP
23.6583,85.5076,299.42,0.47,0.48,2023-11-22,1931,N20,VIIRS,n,2,287.36,0.71,N,2,VIIRS_NOAA20_SP
23.66409,86.91711,303.68,0.39,0.44,2023-11-22,1931,N20,VIIRS,n,2,290.96,1.48,N,2,VIIRS_NOAA20_SP
23.66545,84.99725,301.51,0.51,0.49,2023-11-22,1931,N20,VIIRS,n,2,286.11,0.72,N,2,VIIRS_NOAA20_SP
23.66999,84.99783,300.99,0.51,0.49,2023-11-22,1931,N20,VIIRS,n,2,288.29,1.27,N,2,VIIRS_NOAA20_SP
23.67053,84.99289,303.64,0.51,0.49,2023-11-22,1931,N20,VIIRS,n,2,286.98,1.27,N,2,VIIRS_NOAA20_SP
23.67087,86.41866,311.96,0.42,0.45,2023-11-22,1931,N20,VIIRS,n,2,291.17,1.67,N,2,VIIRS_NOAA20_SP
23.67324,86.41708,302.76,0.42,0.45,2023-11-22,1931,N20,VIIRS,n,2,290.94,1.16,N,0,VIIRS_NOAA20_SP
23.67335,86.3982,300.95,0.42,0.45,2023-11-22,1931,N20,VIIRS,n,2,290.47,1.19,N,2,VIIRS_NOAA20_SP
23.67385,86.39413,300.55,0.42,0.45,2023-11-22,1931,N20,VIIRS,n,2,287.31,1.02,N,0,VIIRS_NOAA20_SP
23.67559,86.3966,312.9,0.42,0.45,2023-11-22,1931,N20,VIIRS,n,2,290.76,1.72,N,2,VIIRS_NOAA20_SP
23.67661,86.08509,309.33,0.44,0.46,2023-11-22,1931,N20,VIIRS,n,2,291.86,1.8,N,2,VIIRS_NOAA20_SP
23.67799,86.39479,306.79,0.42,0.45,2023-11-22,1931,N20,VIIRS,n,2,291.2,1.64,N,2,VIIRS_NOAA20_SP
23.67973,86.39726,304.46,0.42,0.45,2023-11-22,1931,N20,VIIRS,n,2,293.21,1.72,N,2,VIIRS_NOAA20_SP
23.68068,86.38897,307.1,0.42,0.45,2023-11-22,1931,N20,VIIRS,n,2,290.37,1.96,N,2,VIIRS_NOAA20_SP
23.68264,86.39127,314.35,0.42,0.45,2023-11-22,1931,N20,VIIRS,n,2,293.97,1.64,N,2,VIIRS_NOAA20_SP
23.68407,86.09475,325.64,0.43,0.46,2023-11-22,1931,N20,VIIRS,n,2,290.13,3.15,N,2,VIIRS_NOAA20_SP
23.68435,86.39378,317.46,0.42,0.45,2023-11-22,1931,N20,VIIRS,n,2,292.3,1.46,N,2,VIIRS_NOAA20_SP
23.68457,86.09049,304.22,0.44,0.46,2023-11-22,1931,N20,VIIRS,n,2,290.99,2.79,N,2,VIIRS_NOAA20_SP
23.68483,86.3896,309.45,0.42,0.45,2023-11-22,1931,N20,VIIRS,n,2,290.61,1.46,N,2,VIIRS_NOAA20_SP
23.68778,87.12051,314.4,0.57,0.43,2023-11-22,1931,N20,VIIRS,n,2,292.68,2.2,N,2,VIIRS_NOAA20_SP
23.68898,86.39023,307.65,0.42,0.45,2023-11-22,1931,N20,VIIRS,n,2,292.56,1.46,N,2,VIIRS_NOAA20_SP
23.68946,86.38608,303.96,0.42,0.45,2023-11-22,1931,N20,VIIRS,n,2,292.69,1.46,N,2,VIIRS_NOAA20_SP
23.69006,87.12202,315.53,0.57,0.43,2023-11-22,1931,N20,VIIRS,n,2,292.59,2.14,N,2,VIIRS_NOAA20_SP
23.69056,87.0983,307.97,0.57,0.43,2023-11-22,1931,N20,VIIRS,n,2,293.15,3.18,N,2,VIIRS_NOAA20_SP
23.69174,87.1211,307.22,0.57,0.43,2023-11-22,1931,N20,VIIRS,n,2,292.55,2.2,N,2,VIIRS_NOAA20_SP
23.69271,87.09975,302.51,0.57,0.43,2023-11-22,1931,N20,VIIRS,n,2,290.96,2.11,N,2,VIIRS_NOAA20_SP
23.69314,87.11002,303.47,0.57,0.43,2023-11-22,1931,N20,VIIRS,n,2,291.56,2.14,N,2,VIIRS_NOAA20_SP
23.69403,87.12263,317.15,0.57,0.43,2023-11-22,1931,N20,VIIRS,n,2,293.6,2.14,N,2,VIIRS_NOAA20_SP
23.69469,87.11707,301.67,0.57,0.43,2023-11-22,1931,N20,VIIRS,n,2,291.59,2.14,N,2,VIIRS_NOAA20_SP
23.69571,87.12171,313.17,0.57,0.43,2023-11-22,1931,N20,VIIRS,n,2,293.43,2.58,N,2,VIIRS_NOAA20_SP
23.69602,87.10593,307.48,0.57,0.43,2023-11-22,1931,N20,VIIRS,n,2,290.7,3.67,N,2,VIIRS_NOAA20_SP
23.69637,85.29306,299.27,0.49,0.48,2023-11-22,1931,N20,VIIRS,n,2,288.24,0.72,N,0,VIIRS_NOAA20_SP
23.69781,87.10503,302.01,0.57,0.43,2023-11-22,1931,N20,VIIRS,n,2,290.41,1.01,N,2,VIIRS_NOAA20_SP
23.70238,90.53127,303.01,0.41,0.37,2023-11-22,1931,N20,VIIRS,n,2,291.81,0.57,N,0,VIIRS_NOAA20_SP
23.71641,86.44424,301.45,0.42,0.45,2023-11-22,1931,N20,VIIRS,n,2,290.76,1.36,N,2,VIIRS_NOAA20_SP
23.71689,86.44014,301.84,0.42,0.45,2023-11-22,1931,N20,VIIRS,n,2,289.84,0.58,N,2,VIIRS_NOAA20_SP
23.71933,85.00954,298.26,0.51,0.49,2023-11-22,1931,N20,VIIRS,n,2,286.05,0.28,N,2,VIIRS_NOAA20_SP
23.72054,86.44485,309.98,0.42,0.45,2023-11-22,1931,N20,VIIRS,n,2,296.22,2.29,N,2,VIIRS_NOAA20_SP
23.72071,85.00624,302.31,0.51,0.49,2023-11-22,1931,N20,VIIRS,n,2,286.83,1.14,N,2,VIIRS_NOAA20_SP
23.72103,86.44077,313.15,0.42,0.45,2023-11-22,1931,N20,VIIRS,n,2,292.41,1.24,N,2,VIIRS_NOAA20_SP
23.72468,86.44547,305.82,0.42,0.45,2023-11-22,1931,N20,VIIRS,n,2,294.98,2.29,N,2,VIIRS_NOAA20_SP
23.72516,86.44137,306.63,0.42,0.45,2023-11-22,1931,N20,VIIRS,n,2,292.99,1.24,N,2,VIIRS_NOAA20_SP
23.72565,86.43728,306.19,0.42,0.45,2023-11-22,1931,N20,VIIRS,n,2,292.15,1.24,N,2,VIIRS_NOAA20_SP
23.73635,85.02182,301.71,0.51,0.49,2023-11-22,1931,N20,VIIRS,n,2,289.68,1.64,N,2,VIIRS_NOAA20_SP
23.73728,85.02356,299.47,0.51,0.49,2023-11-22,1931,N20,VIIRS,n,2,289.05,1.48,N,2,VIIRS_NOAA20_SP
23.73746,85.012,308.87,0.51,0.49,2023-11-22,1931,N20,VIIRS,n,2,290.6,3.08,N,2,VIIRS_NOAA20_SP
23.73802,85.0071,301.19,0.51,0.49,2023-11-22,1931,N20,VIIRS,n,2,287.97,1.37,N,2,VIIRS_NOAA20_SP
23.73833,85.01369,303.83,0.51,0.49,2023-11-22,1931,N20,VIIRS,n,2,292.1,1.88,N,2,VIIRS_NOAA20_SP
23.73885,85.00877,309.84,0.51,0.49,2023-11-22,1931,N20,VIIRS,n,2,289.89,1.88,N,2,VIIRS_NOAA20_SP
23.73937,85.00384,296.31,0.51,0.49,2023-11-22,1931,N20,VIIRS,n,2,286.15,0.65,N,2,VIIRS_NOAA20_SP
23.74363,85.50283,297.3,0.47,0.48,2023-11-22,1931,N20,VIIRS,n,2,286.31,0.57,N,2,VIIRS_NOAA20_SP
23.74415,86.42338,300.66,0.42,0.45,2023-11-22,1931,N20,VIIRS,n,2,290.06,1.08,N,2,VIIRS_NOAA20_SP
23.74751,85.50797,298.86,0.47,0.48,2023-11-22,1931,N20,VIIRS,n,2,287.91,0.62,N,2,VIIRS_NOAA20_SP
23.74804,85.50333,301.76,0.47,0.48,2023-11-22,1931,N20,VIIRS,n,2,286.24,0.68,N,2,VIIRS_NOAA20_SP
23.74877,86.41993,305.53,0.42,0.45,2023-11-22,1931,N20,VIIRS,n,2,292.21,1.5,N,2,VIIRS_NOAA20_SP
23.7534,86.41647,311.58,0.42,0.45,2023-11-22,1931,N20,VIIRS,n,2,293.09,1.5,N,2,VIIRS_NOAA20_SP
23.75587,86.39586,302.45,0.42,0.45,2023-11-22,1931,N20,VIIRS,n,2,290.53,0.98,N,2,VIIRS_NOAA20_SP
23.75827,85.85543,307.57,0.45,0.47,2023-11-22,1931,N20,VIIRS,n,2,292.3,4.3,N,2,VIIRS_NOAA20_SP
23.75877,85.85098,322.19,0.45,0.47,2023-11-22,1931,N20,VIIRS,n,2,290.31,2.96,N,2,VIIRS_NOAA20_SP
23.75903,86.40476,313.68,0.42,0.45,2023-11-22,1931,N20,VIIRS,n,2,291.67,2.15,N,2,VIIRS_NOAA20_SP
23.75952,86.40062,329.65,0.42,0.45,2023-11-22,1931,N20,VIIRS,n,2,294.02,2.15,N,2,VIIRS_NOAA20_SP
23.76002,86.39648,304.74,0.42,0.45,2023-11-22,1931,N20,VIIRS,n,2,292.37,2.18,N,2,VIIRS_NOAA20_SP
23.76169,86.4177,304.44,0.42,0.45,2023-11-22,1931,N20,VIIRS,n,2,289.49,0.8,N,2,VIIRS_NOAA20_SP
23.76367,86.40124,308.9,0.42,0.45,2023-11-22,1931,N20,VIIRS,n,2,291.29,2.15,N,2,VIIRS_NOAA20_SP
23.76466,86.39299,313.39,0.42,0.45,2023-11-22,1931,N20,VIIRS,n,2,297.71,2.18,N,2,VIIRS_NOAA20_SP
23.76515,86.38889,309.82,0.42,0.45,2023-11-22,1931,N20,VIIRS,n,2,292.86,1.77,N,2,VIIRS_NOAA20_SP
23.76613,86.38068,304.33,0.42,0.45,2023-11-22,1931,N20,VIIRS,n,2,293.21,2.06,N,2,VIIRS_NOAA20_SP
23.76712,86.3725,307.57,0.42,0.45,2023-11-22,1931,N20,VIIRS,n,2,292.62,1.25,N,2,VIIRS_NOAA20_SP
23.76832,86.39771,306.14,0.42,0.45,2023-11-22,1931,N20,VIIRS,n,2,295.46,2.19,N,2,VIIRS_NOAA20_SP
23.76881,86.39361,317.34,0.42,0.45,2023-11-22,1931,N20,VIIRS,n,2,299.2,2.19,N,2,VIIRS_NOAA20_SP
23.7693,86.38951,307.43,0.42,0.45,2023-11-22,1931,N20,VIIRS,n,2,295.92,1.09,N,2,VIIRS_NOAA20_SP
23.7698,86.38542,307.71,0.42,0.45,2023-11-22,1931,N20,VIIRS,n,2,292.03,1.09,N,2,VIIRS_NOAA20_SP
23.77345,86.39015,305.11,0.42,0.45,2023-11-22,1931,N20,VIIRS,n,2,295.01,1.09,N,2,VIIRS_NOAA20_SP
23.77395,86.38605,306.8,0.42,0.45,2023-11-22,1931,N20,VIIRS,n,2,293.95,1.09,N,2,VIIRS_NOAA20_SP
23.77437,86.20408,303.97,0.43,0.46,2023-11-22,1931,N20,VIIRS,n,2,291.63,1.32,N,2,VIIRS_NOAA20_SP
23.77487,86.19986,304.52,0.43,0.46,2023-11-22,1931,N20,VIIRS,n,2,292.72,1.32,N,2,VIIRS_NOAA20_SP
23.77693,86.36127,306.8,0.42,0.45,2023-11-22,1931,N20,VIIRS,n,2,291.9,1.63,N,2,VIIRS_NOAA20_SP
23.7776,86.39079,321.33,0.42,0.45,2023-11-22,1931,N20,VIIRS,n,2,295.95,2.74,N,2,VIIRS_NOAA20_SP
23.7781,86.38669,328.04,0.42,0.45,2023-11-22,1931,N20,VIIRS,n,2,295.17,2.74,N,2,VIIRS_NOAA20_SP
23.77857,86.20474,308.74,0.43,0.46,2023-11-22,1931,N20,VIIRS,n,2,293.15,1.32,N,2,VIIRS_NOAA20_SP
23.78009,86.37014,300.5,0.42,0.45,2023-11-22,1931,N20,VIIRS,n,2,290.3,2.04,N,2,VIIRS_NOAA20_SP
23.78126,86.39548,316.47,0.42,0.45,2023-11-22,1931,N20,VIIRS,n,2,296.05,2.91,N,2,VIIRS_NOAA20_SP
23.78176,86.3914,330.33,0.42,0.45,2023-11-22,1931,N20,VIIRS,n,2,298.25,2.74,N,2,VIIRS_NOAA20_SP
23.78225,86.38731,314.6,0.42,0.45,2023-11-22,1931,N20,VIIRS,n,2,292.1,2.74,N,2,VIIRS_NOAA20_SP
23.78226,86.20963,311.99,0.43,0.46,2023-11-22,1931,N20,VIIRS,n,2,293.52,2.8,N,2,VIIRS_NOAA20_SP
23.78276,86.2054,338.5,0.43,0.46,2023-11-22,1931,N20,VIIRS,n,2,296.73,5.05,N,2,VIIRS_NOAA20_SP
23.78308,86.34531,318.73,0.42,0.45,2023-11-22,1931,N20,VIIRS,n,2,292.01,2.19,N,2,VIIRS_NOAA20_SP
23.78311,86.3942,313.99,0.42,0.45,2023-11-22,1931,N20,VIIRS,n,2,294.6,1.85,N,2,VIIRS_NOAA20_SP
23.78358,86.39011,316.11,0.42,0.45,2023-11-22,1931,N20,VIIRS,n,2,293.55,2.16,N,2,VIIRS_NOAA20_SP
23.78458,86.3329,302.39,0.42,0.45,2023-11-22,1931,N20,VIIRS,n,2,290.64,2.02,N,2,VIIRS_NOAA20_SP
23.78841,86.37136,305.39,0.42,0.45,2023-11-22,1931,N20,VIIRS,n,2,290.51,0.58,N,2,VIIRS_NOAA20_SP
23.78874,86.33353,322.34,0.42,0.45,2023-11-22,1931,N20,VIIRS,n,2,297.01,2.02,N,2,VIIRS_NOAA20_SP
23.7901,86.37001,305.29,0.42,0.45,2023-11-22,1931,N20,VIIRS,n,2,291.08,1.44,N,2,VIIRS_NOAA20_SP
23.79018,86.33215,311.15,0.42,0.45,2023-11-22,1931,N20,VIIRS,n,2,290.69,1.21,N,2,VIIRS_NOAA20_SP
23.79199,86.35345,307.54,0.42,0.45,2023-11-22,1931,N20,VIIRS,n,2,291.54,1.17,N,2,VIIRS_NOAA20_SP
23.79508,86.35128,325.47,0.42,0.45,2023-11-22,1931,N20,VIIRS,n,2,295.8,3.48,N,2,VIIRS_NOAA20_SP
23.79607,86.23711,300.55,0.43,0.46,2023-11-22,1931,N20,VIIRS,n,2,289.98,0.89,N,2,VIIRS_NOAA20_SP
23.79615,86.35406,301.29,0.42,0.45,2023-11-22,1931,N20,VIIRS,n,2,290.8,1.14,N,2,VIIRS_NOAA20_SP
23.79663,86.34989,316.56,0.42,0.45,2023-11-22,1931,N20,VIIRS,n,2,293.32,3.3,N,2,VIIRS_NOAA20_SP
23.79758,86.34161,303.68,0.42,0.45,2023-11-22,1931,N20,VIIRS,n,2,292.5,1.35,N,0,VIIRS_NOAA20_SP
23.80036,87.04809,314.9,0.38,0.43,2023-11-22,1931,N20,VIIRS,n,2,296.97,2.03,N,2,VIIRS_NOAA20_SP
23.80174,86.34225,304.91,0.42,0.45,2023-11-22,1931,N20,VIIRS,n,2,294.36,1.35,N,2,VIIRS_NOAA20_SP
23.80316,86.32985,314.01,0.42,0.45,2023-11-22,1931,N20,VIIRS,n,2,292.49,1.79,N,2,VIIRS_NOAA20_SP
23.80364,86.32565,307.04,0.42,0.45,2023-11-22,1931,N20,VIIRS,n,2,293.56,2.37,N,2,VIIRS_NOAA20_SP
23.80734,86.33044,308.39,0.42,0.45,2023-11-22,1931,N20,VIIRS,n,2,291.63,1.21,N,2,VIIRS_NOAA20_SP
23.80782,86.32626,304.0,0.42,0.45,2023-11-22,1931,N20,VIIRS,n,2,291.68,1.65,N,2,VIIRS_NOAA20_SP
23.80926,86.31369,310.6,0.42,0.45,2023-11-22,1931,N20,VIIRS,n,2,295.95,2.99,N,2,VIIRS_NOAA20_SP
23.81022,87.03426,301.4,0.38,0.44,2023-11-22,1931,N20,VIIRS,n,2,290.02,0.78,N,0,VIIRS_NOAA20_SP
23.81662,84.84478,326.05,0.52,0.5,2023-11-22,1931,N20,VIIRS,n,2,288.2,4.28,N,0,VIIRS_NOAA20_SP
23.82477,85.49656,304.6,0.48,0.48,2023-11-22,1931,N20,VIIRS,n,2,292.48,1.36,N,2,VIIRS_NOAA20_SP
23.88666,84.79788,301.07,0.53,0.5,2023-11-22,1931,N20,VIIRS,n,2,284.73,1.0,N,0,VIIRS_NOAA20_SP
23.92632,85.34124,295.67,0.49,0.48,2023-11-22,1931,N20,VIIRS,n,2,285.49,0.91,N,0,VIIRS_NOAA20_SP
24.11867,86.35011,299.93,0.43,0.46,2023-11-22,1931,N20,VIIRS,n,2,288.5,0.8,N,2,VIIRS_NOAA20_SP
24.16961,82.56077,308.63,0.37,0.58,2023-11-22,1931,N20,VIIRS,n,2,290.08,1.85,N,2,VIIRS_NOAA20_SP
24.17609,82.64819,304.86,0.36,0.58,2023-11-22,1931,N20,VIIRS,n,2,288.97,0.77,N,0,VIIRS_NOAA20_SP
24.1774,82.64915,303.66,0.36,0.58,2023-11-22,1931,N20,VIIRS,n,2,289.1,0.76,N,0,VIIRS_NOAA20_SP
24.18141,82.64872,299.3,0.36,0.58,2023-11-22,1931,N20,VIIRS,n,2,288.73,0.61,N,0,VIIRS_NOAA20_SP
24.18172,82.64516,300.52,0.36,0.58,2023-11-22,1931,N20,VIIRS,n,2,288.04,0.61,N,0,VIIRS_NOAA20_SP
24.18306,82.64613,302.67,0.36,0.58,2023-11-22,1931,N20,VIIRS,n,2,287.69,0.83,N,0,VIIRS_NOAA20_SP
24.18423,82.57741,299.22,0.37,0.58,2023-11-22,1931,N20,VIIRS,n,2,287.93,0.79,N,0,VIIRS_NOAA20_SP
24.1846,82.57357,306.48,0.37,0.58,2023-11-22,1931,N20,VIIRS,n,2,288.76,0.79,N,0,VIIRS_NOAA20_SP
24.18609,82.65641,301.79,0.36,0.58,2023-11-22,1931,N20,VIIRS,n,2,287.32,0.86,N,0,VIIRS_NOAA20_SP
24.18735,82.65736,300.09,0.36,0.58,2023-11-22,1931,N20,VIIRS,n,2,287.17,0.67,N,0,VIIRS_NOAA20_SP
24.18778,82.57664,307.6,0.37,0.58,2023-11-22,1931,N20,VIIRS,n,2,288.82,1.43,N,2,VIIRS_NOAA20_SP
24.18812,82.57285,310.1,0.37,0.58,2023-11-22,1931,N20,VIIRS,n,2,288.18,1.43,N,2,VIIRS_NOAA20_SP
24.18995,82.574,306.93,0.37,0.58,2023-11-22,1931,N20,VIIRS,n,2,288.53,1.71,N,2,VIIRS_NOAA20_SP
24.2078,82.71278,312.39,0.36,0.57,2023-11-22,1931,N20,VIIRS,n,2,290.49,3.19,N,2,VIIRS_NOAA20_SP
24.20812,82.70929,333.16,0.36,0.57,2023-11-22,1931,N20,VIIRS,n,2,290.69,4.23,N,2,VIIRS_NOAA20_SP
24.20872,82.52313,310.65,0.37,0.58,2023-11-22,1931,N20,VIIRS,n,2,288.81,1.07,N,2,VIIRS_NOAA20_SP
24.2789,91.38815,327.92,0.39,0.36,2023-11-22,1931,N20,VIIRS,n,2,291.8,2.24,N,0,VIIRS_NOAA20_SP
25.66007,82.55293,299.41,0.38,0.59,2023-11-22,1931,N20,VIIRS,n,2,286.15,0.66,N,0,VIIRS_NOAA20_SP
18.91004,96.03175,301.39,0.56,0.43,2023-11-22,1932,N20,VIIRS,n,2,289.6,0.71,N,0,VIIRS_NOAA20_SP
19.08998,82.16339,316.13,0.34,0.56,2023-11-22,1932,N20,VIIRS,n,2,287.05,0.74,N,0,VIIRS_NOAA20_SP
19.10545,82.16522,302.9,0.34,0.56,2023-11-22,1932,N20,VIIRS,n,2,288.54,1.07,N,0,VIIRS_NOAA20_SP
19.1058,82.16199,313.35,0.34,0.56,2023-11-22,1932,N20,VIIRS,n,2,288.41,1.07,N,0,VIIRS_NOAA20_SP
19.92213,79.10967,303.86,0.55,0.68,2023-11-22,1932,N20,VIIRS,n,2,291.03,1.14,N,2,VIIRS_NOAA20_SP
19.96337,79.33378,302.61,0.53,0.67,2023-11-22,1932,N20,VIIRS,n,2,290.27,1.52,N,2,VIIRS_NOAA20_SP
19.96383,79.32846,306.13,0.53,0.67,2023-11-22,1932,N20,VIIRS,n,2,290.34,1.83,N,0,VIIRS_NOAA20_SP
20.2449,86.60683,314.68,0.55,0.43,2023-11-22,1932,N20,VIIRS,n,2,294.1,6.19,N,2,VIIRS_NOAA20_SP
20.75982,85.29257,302.55,0.45,0.47,2023-11-22,1932,N20,VIIRS,n,2,291.21,0.94,N,2,VIIRS_NOAA20_SP
20.76412,85.29309,305.72,0.45,0.47,2023-11-22,1932,N20,VIIRS,n,2,292.22,0.94,N,2,VIIRS_NOAA20_SP
20.78923,85.26586,315.85,0.45,0.47,2023-11-22,1932,N20,VIIRS,n,2,292.56,1.59,N,2,VIIRS_NOAA20_SP
20.78975,85.26157,304.04,0.45,0.47,2023-11-22,1932,N20,VIIRS,n,2,293.27,1.59,N,2,VIIRS_NOAA20_SP
20.79027,85.25725,303.57,0.45,0.47,2023-11-22,1932,N20,VIIRS,n,2,292.13,2.98,N,2,VIIRS_NOAA20_SP
20.79509,85.25358,337.83,0.45,0.47,2023-11-22,1932,N20,VIIRS,n,2,293.15,2.98,N,2,VIIRS_NOAA20_SP
20.79886,85.25846,304.72,0.45,0.47,2023-11-22,1932,N20,VIIRS,n,2,291.73,1.51,N,2,VIIRS_NOAA20_SP
20.80642,85.25371,307.71,0.45,0.47,2023-11-22,1932,N20,VIIRS,n,2,291.82,3.17,N,2,VIIRS_NOAA20_SP
20.80799,85.25526,319.2,0.45,0.47,2023-11-22,1932,N20,VIIRS,n,2,293.29,3.2,N,2,VIIRS_NOAA20_SP
20.81072,85.25427,305.45,0.45,0.47,2023-11-22,1932,N20,VIIRS,n,2,292.25,1.38,N,2,VIIRS_NOAA20_SP
20.82317,86.9575,305.95,0.54,0.42,2023-11-22,1932,N20,VIIRS,n,2,292.41,1.25,N,0,VIIRS_NOAA20_SP
20.86743,84.99336,316.87,0.47,0.48,2023-11-22,1932,N20,VIIRS,n,2,292.21,2.9,N,2,VIIRS_NOAA20_SP
20.88652,84.9822,312.08,0.47,0.48,2023-11-22,1932,N20,VIIRS,n,2,291.56,1.82,N,2,VIIRS_NOAA20_SP
20.89142,84.97828,309.84,0.47,0.48,2023-11-22,1932,N20,VIIRS,n,2,291.01,1.82,N,2,VIIRS_NOAA20_SP
20.94335,86.0546,306.27,0.4,0.45,2023-11-22,1932,N20,VIIRS,n,2,292.38,1.63,N,2,VIIRS_NOAA20_SP
20.95247,86.04813,314.64,0.4,0.45,2023-11-22,1932,N20,VIIRS,n,2,293.71,1.57,N,2,VIIRS_NOAA20_SP
20.9552,85.00713,314.35,0.47,0.48,2023-11-22,1932,N20,VIIRS,n,2,292.17,2.06,N,2,VIIRS_NOAA20_SP
20.95713,85.14353,301.06,0.46,0.47,2023-11-22,1932,N20,VIIRS,n,2,290.96,1.07,N,2,VIIRS_NOAA20_SP
20.96095,85.14855,304.22,0.46,0.47,2023-11-22,1932,N20,VIIRS,n,2,291.64,1.33,N,0,VIIRS_NOAA20_SP
20.96217,85.17571,312.95,0.46,0.47,2023-11-22,1932,N20,VIIRS,n,2,293.34,2.75,N,2,VIIRS_NOAA20_SP
20.96269,85.17129,319.03,0.46,0.47,2023-11-22,1932,N20,VIIRS,n,2,293.51,1.34,N,2,VIIRS_NOAA20_SP
20.96321,85.16686,307.75,0.46,0.47,2023-11-22,1932,N20,VIIRS,n,2,293.0,1.34,N,2,VIIRS_NOAA20_SP
20.96495,85.18945,305.8,0.46,0.47,2023-11-22,1932,N20,VIIRS,n,2,292.71,1.98,N,2,VIIRS_NOAA20_SP
20.9659,86.0064,315.8,0.41,0.45,2023-11-22,1932,N20,VIIRS,n,2,292.19,1.46,N,2,VIIRS_NOAA20_SP
20.9665,85.17628,316.19,0.46,0.47,2023-11-22,1932,N20,VIIRS,n,2,293.23,2.75,N,2,VIIRS_NOAA20_SP
20.96702,85.17186,308.59,0.46,0.47,2023-11-22,1932,N20,VIIRS,n,2,292.66,1.34,N,2,VIIRS_NOAA20_SP
20.96729,85.01786,312.99,0.47,0.48,2023-11-22,1932,N20,VIIRS,n,2,292.72,1.71,N,0,VIIRS_NOAA20_SP
20.96755,85.1674,304.63,0.46,0.47,2023-11-22,1932,N20,VIIRS,n,2,292.33,1.34,N,2,VIIRS_NOAA20_SP
20.96782,85.01335,307.34,0.47,0.48,2023-11-22,1932,N20,VIIRS,n,2,291.43,1.71,N,0,VIIRS_NOAA20_SP
20.96953,86.01085,304.96,0.41,0.45,2023-11-22,1932,N20,VIIRS,n,2,293.33,1.28,N,2,VIIRS_NOAA20_SP
20.97049,86.00303,306.01,0.41,0.45,2023-11-22,1932,N20,VIIRS,n,2,293.46,1.61,N,2,VIIRS_NOAA20_SP
20.97083,85.17686,328.35,0.46,0.47,2023-11-22,1932,N20,VIIRS,n,2,292.51,2.87,N,2,VIIRS_NOAA20_SP
20.97136,85.17239,315.94,0.46,0.47,2023-11-22,1932,N20,VIIRS,n,2,292.6,2.75,N,2,VIIRS_NOAA20_SP
20.97167,85.01845,315.57,0.47,0.48,2023-11-22,1932,N20,VIIRS,n,2,292.67,4.78,N,0,VIIRS_NOAA20_SP
20.97188,85.16797,328.53,0.46,0.47,2023-11-22,1932,N20,VIIRS,n,2,294.27,2.75,N,2,VIIRS_NOAA20_SP
20.97219,85.01395,341.69,0.47,0.48,2023-11-22,1932,N20,VIIRS,n,2,292.19,4.78,N,0,VIIRS_NOAA20_SP
20.97459,86.00362,319.69,0.41,0.45,2023-11-22,1932,N20,VIIRS,n,2,293.82,1.61,N,2,VIIRS_NOAA20_SP
20.97553,85.13699,302.97,0.46,0.47,2023-11-22,1932,N20,VIIRS,n,2,291.82,0.99,N,2,VIIRS_NOAA20_SP
20.97622,85.16854,307.4,0.46,0.47,2023-11-22,1932,N20,VIIRS,n,2,293.61,2.75,N,2,VIIRS_NOAA20_SP
20.97882,85.14645,309.61,0.46,0.47,2023-11-22,1932,N20,VIIRS,n,2,291.96,1.71,N,2,VIIRS_NOAA20_SP
20.97988,85.13755,302.91,0.46,0.47,2023-11-22,1932,N20,VIIRS,n,2,292.44,0.99,N,2,VIIRS_NOAA20_SP
20.9804,85.13314,305.47,0.46,0.47,2023-11-22,1932,N20,VIIRS,n,2,292.16,0.99,N,2,VIIRS_NOAA20_SP
20.98526,85.1293,304.7,0.46,0.47,2023-11-22,1932,N20,VIIRS,n,2,291.73,0.8,N,2,VIIRS_NOAA20_SP
20.98578,85.12489,301.52,0.46,0.47,2023-11-22,1932,N20,VIIRS,n,2,290.94,0.8,N,0,VIIRS_NOAA20_SP
20.99873,86.01112,304.89,0.41,0.45,2023-11-22,1932,N20,VIIRS,n,2,291.6,1.04,N,0,VIIRS_NOAA20_SP
21.00137,86.02339,305.17,0.41,0.45,2023-11-22,1932,N20,VIIRS,n,2,291.27,1.28,N,0,VIIRS_NOAA20_SP
21.06827,85.03438,314.55,0.47,0.48,2023-11-22,1932,N20,VIIRS,n,2,292.43,3.28,N,2,VIIRS_NOAA20_SP
21.0765,85.04003,314.31,0.47,0.48,2023-11-22,1932,N20,VIIRS,n,2,292.03,1.7,N,2,VIIRS_NOAA20_SP
21.08088,85.04061,306.97,0.47,0.48,2023-11-22,1932,N20,VIIRS,n,2,292.2,1.7,N,2,VIIRS_NOAA20_SP
21.0814,85.03609,305.43,0.47,0.48,2023-11-22,1932,N20,VIIRS,n,2,293.94,1.7,N,2,VIIRS_NOAA20_SP
21.18921,81.3867,303.33,0.4,0.6,2023-11-22,1932,N20,VIIRS,n,2,292.23,2.05,N,2,VIIRS_NOAA20_SP
21.19766,81.41532,301.97,0.4,0.6,2023-11-22,1932,N20,VIIRS,n,2,290.93,0.61,N,2,VIIRS_NOAA20_SP
21.2475,79.222,306.37,0.56,0.69,2023-11-22,1932,N20,VIIRS,n,2,290.11,1.84,N,2,VIIRS_NOAA20_SP
21.31464,81.58841,304.21,0.39,0.6,2023-11-22,1932,N20,VIIRS,n,2,289.99,0.84,N,2,VIIRS_NOAA20_SP
21.36527,81.64307,302.86,0.39,0.59,2023-11-22,1932,N20,VIIRS,n,2,291.28,0.81,N,2,VIIRS_NOAA20_SP
21.36778,81.67425,301.72,0.39,0.59,2023-11-22,1932,N20,VIIRS,n,2,290.69,1.06,N,2,VIIRS_NOAA20_SP
21.37662,81.6405,302.23,0.39,0.59,2023-11-22,1932,N20,VIIRS,n,2,292.0,1.69,N,2,VIIRS_NOAA20_SP
21.37699,81.63668,305.1,0.39,0.59,2023-11-22,1932,N20,VIIRS,n,2,291.06,1.51,N,2,VIIRS_NOAA20_SP
21.37836,81.67923,318.35,0.39,0.59,2023-11-22,1932,N20,VIIRS,n,2,293.7,2.25,N,2,VIIRS_NOAA20_SP
21.39269,81.64619,309.06,0.39,0.59,2023-11-22,1932,N20,VIIRS,n,2,291.83,1.13,N,2,VIIRS_NOAA20_SP
21.39307,81.64238,304.23,0.39,0.59,2023-11-22,1932,N20,VIIRS,n,2,290.06,1.13,N,2,VIIRS_NOAA20_SP
21.48688,81.76796,311.9,0.39,0.59,2023-11-22,1932,N20,VIIRS,n,2,291.33,1.52,N,2,VIIRS_NOAA20_SP
21.67359,82.08,307.15,0.37,0.58,2023-11-22,1932,N20,VIIRS,n,2,291.97,1.16,N,2,VIIRS_NOAA20_SP
21.67687,82.07947,304.63,0.37,0.58,2023-11-22,1932,N20,VIIRS,n,2,291.04,0.87,N,2,VIIRS_NOAA20_SP
21.6788,84.0377,315.6,0.55,0.51,2023-11-22,1932,N20,VIIRS,n,2,292.23,3.06,N,2,VIIRS_NOAA20_SP
21.68352,84.0383,305.16,0.55,0.51,2023-11-22,1932,N20,VIIRS,n,2,291.65,1.74,N,2,VIIRS_NOAA20_SP
21.73442,83.98067,302.76,0.56,0.51,2023-11-22,1932,N20,VIIRS,n,2,292.45,1.52,N,0,VIIRS_NOAA20_SP
21.75393,84.02165,304.74,0.55,0.51,2023-11-22,1932,N20,VIIRS,n,2,291.24,2.29,N,2,VIIRS_NOAA20_SP
21.75439,83.83923,300.74,0.57,0.52,2023-11-22,1932,N20,VIIRS,n,2,290.57,1.22,N,2,VIIRS_NOAA20_SP
21.75865,84.02229,319.46,0.55,0.51,2023-11-22,1932,N20,VIIRS,n,2,293.09,2.29,N,2,VIIRS_NOAA20_SP
21.75917,83.83981,314.64,0.57,0.52,2023-11-22,1932,N20,VIIRS,n,2,291.75,1.22,N,2,VIIRS_NOAA20_SP
21.76395,83.8404,312.89,0.57,0.52,2023-11-22,1932,N20,VIIRS,n,2,289.64,1.31,N,2,VIIRS_NOAA20_SP
21.76808,84.0235,315.59,0.55,0.51,2023-11-22,1932,N20,VIIRS,n,2,290.57,2.02,N,2,VIIRS_NOAA20_SP
21.76868,84.01811,314.27,0.55,0.51,2023-11-22,1932,N20,VIIRS,n,2,293.14,4.62,N,2,VIIRS_NOAA20_SP
21.7734,84.0187,302.2,0.55,0.51,2023-11-22,1932,N20,VIIRS,n,2,291.58,1.27,N,2,VIIRS_NOAA20_SP
21.79436,80.01292,301.0,0.51,0.66,2023-11-22,1932,N20,VIIRS,n,2,288.46,0.72,N,0,VIIRS_NOAA20_SP
21.88158,83.55335,305.81,0.6,0.53,2023-11-22,1932,N20,VIIRS,n,2,290.5,2.22,N,2,VIIRS_NOAA20_SP
21.92266,83.34959,325.68,0.62,0.54,2023-11-22,1932,N20,VIIRS,n,2,296.07,5.87,N,2,VIIRS_NOAA20_SP
21.93136,85.22038,320.1,0.47,0.48,2023-11-22,1932,N20,VIIRS,n,2,290.55,2.65,N,2,VIIRS_NOAA20_SP
21.93317,83.3449,302.76,0.62,0.54,2023-11-22,1932,N20,VIIRS,n,2,292.45,1.44,N,0,VIIRS_NOAA20_SP
21.96926,85.31243,300.74,0.46,0.47,2023-11-22,1932,N20,VIIRS,n,2,287.64,0.74,N,2,VIIRS_NOAA20_SP
21.98567,83.22871,308.23,0.63,0.54,2023-11-22,1932,N20,VIIRS,n,2,291.51,1.54,N,2,VIIRS_NOAA20_SP
21.9862,83.2276,303.01,0.63,0.54,2023-11-22,1932,N20,VIIRS,n,2,291.26,3.12,N,2,VIIRS_NOAA20_SP
22.00768,82.66874,318.67,0.34,0.56,2023-11-22,1932,N20,VIIRS,n,2,292.43,2.4,N,2,VIIRS_NOAA20_SP
22.01852,82.17771,300.48,0.37,0.58,2023-11-22,1932,N20,VIIRS,n,2,289.76,0.91,N,0,VIIRS_NOAA20_SP
22.03343,83.35686,303.48,0.62,0.54,2023-11-22,1932,N20,VIIRS,n,2,290.52,2.39,N,2,VIIRS_NOAA20_SP
22.03723,83.73155,303.15,0.58,0.52,2023-11-22,1932,N20,VIIRS,n,2,290.3,1.86,N,2,VIIRS_NOAA20_SP
22.0382,83.73001,300.41,0.58,0.52,2023-11-22,1932,N20,VIIRS,n,2,289.64,1.3,N,2,VIIRS_NOAA20_SP
22.04148,83.73779,314.4,0.58,0.52,2023-11-22,1932,N20,VIIRS,n,2,292.88,1.86,N,2,VIIRS_NOAA20_SP
22.04206,83.73211,304.71,0.58,0.52,2023-11-22,1932,N20,VIIRS,n,2,290.95,1.86,N,2,VIIRS_NOAA20_SP
22.04241,83.73624,319.31,0.58,0.52,2023-11-22,1932,N20,VIIRS,n,2,292.81,4.81,N,2,VIIRS_NOAA20_SP
22.04303,83.73057,304.96,0.58,0.52,2023-11-22,1932,N20,VIIRS,n,2,291.07,1.3,N,2,VIIRS_NOAA20_SP
22.0469,83.73268,315.21,0.58,0.52,2023-11-22,1932,N20,VIIRS,n,2,291.28,2.65,N,0,VIIRS_NOAA20_SP
22.04748,83.72703,301.16,0.58,0.52,2023-11-22,1932,N20,VIIRS,n,2,289.21,1.49,N,0,VIIRS_NOAA20_SP
22.04786,83.73114,316.58,0.58,0.52,2023-11-22,1932,N20,VIIRS,n,2,290.19,3.23,N,0,VIIRS_NOAA20_SP
22.10381,83.1189,303.24,0.32,0.55,2023-11-22,1932,N20,VIIRS,n,2,291.13,1.04,N,2,VIIRS_NOAA20_SP
22.10782,83.52412,306.76,0.6,0.53,2023-11-22,1932,N20,VIIRS,n,2,291.15,2.31,N,0,VIIRS_NOAA20_SP
22.11344,83.12118,306.28,0.32,0.55,2023-11-22,1932,N20,VIIRS,n,2,291.1,1.02,N,0,VIIRS_NOAA20_SP
22.11375,83.11801,302.83,0.32,0.55,2023-11-22,1932,N20,VIIRS,n,2,290.11,1.02,N,0,VIIRS_NOAA20_SP
22.11387,83.12007,320.44,0.32,0.55,2023-11-22,1932,N20,VIIRS,n,2,291.79,1.8,N,0,VIIRS_NOAA20_SP
15.86287,97.79488,302.48,0.54,0.51,2023-11-22,1933,N20,VIIRS,n,2,290.47,0.62,N,0,VIIRS_NOAA20_SP
15.99236,97.6858,313.31,0.53,0.5,2023-11-22,1933,N20,VIIRS,n,2,290.73,1.31,N,2,VIIRS_NOAA20_SP
17.15085,78.21931,301.03,0.59,0.7,2023-11-22,1933,N20,VIIRS,n,2,283.03,0.85,N,0,VIIRS_NOAA20_SP
17.60846,83.20094,301.3,0.56,0.51,2023-11-22,1933,N20,VIIRS,n,2,283.75,1.83,N,2,VIIRS_NOAA20_SP
17.61318,83.20155,300.87,0.56,0.51,2023-11-22,1933,N20,VIIRS,n,2,283.84,1.83,N,2,VIIRS_NOAA20_SP
18.38266,78.04821,301.37,0.62,0.72,2023-11-22,1933,N20,VIIRS,n,2,288.18,0.72,N,0,VIIRS_NOAA20_SP
18.72337,79.53426,303.11,0.5,0.66,2023-11-22,1933,N20,VIIRS,n,2,290.74,1.48,N,2,VIIRS_NOAA20_SP
15.18144,76.65266,305.42,0.71,0.75,2023-11-22,1934,N20,VIIRS,n,2,270.24,3.33,N,2,VIIRS_NOAA20_SP
32.31487,76.58642,301.53,0.47,0.47,2023-11-22,2109,N20,VIIRS,n,2,278.7,2.0,N,0,VIIRS_NOAA20_SP
32.31582,76.58207,305.99,0.47,0.47,2023-11-22,2109,N20,VIIRS,n,2,276.37,1.84,N,0,VIIRS_NOAA20_SP
32.31794,76.5829,313.72,0.47,0.47,2023-11-22,2109,N20,VIIRS,n,2,277.78,2.35,N,0,VIIRS_NOAA20_SP
33.75464,72.91306,321.39,0.44,0.38,2023-11-22,2109,N20,VIIRS,n,2,286.71,2.43,N,0,VIIRS_NOAA20_SP
33.80343,72.09721,296.54,0.42,0.37,2023-11-22,2109,N20,VIIRS,n,2,285.06,0.86,N,0,VIIRS_NOAA20_SP
33.84994,72.87308,297.06,0.44,0.38,2023-11-22,2109,N20,VIIRS,n,2,284.14,0.65,N,0,VIIRS_NOAA20_SP
33.90334,71.91376,298.36,0.41,0.37,2023-11-22,2109,N20,VIIRS,n,2,284.59,0.45,N,2,VIIRS_NOAA20_SP
34.12818,73.3659,302.46,0.45,0.39,2023-11-22,2109,N20,VIIRS,n,2,279.76,1.51,N,0,VIIRS_NOAA20_SP
34.70502,73.59009,296.51,0.46,0.39,2023-11-22,2109,N20,VIIRS,n,2,277.49,0.98,N,0,VIIRS_NOAA20_SP
35.44545,72.3299,309.95,0.41,0.37,2023-11-22,2109,N20,VIIRS,n,2,274.31,1.56,N,0,VIIRS_NOAA20_SP
35.44995,72.34416,296.45,0.41,0.37,2023-11-22,2109,N20,VIIRS,n,2,272.31,0.85,N,0,VIIRS_NOAA20_SP
27.9948,80.12293,297.71,0.47,0.64,2023-11-22,2110,N20,VIIRS,n,2,284.33,0.39,N,0,VIIRS_NOAA20_SP
28.07035,77.85651,295.93,0.34,0.56,2023-11-22,2110,N20,VIIRS,n,2,283.86,0.38,N,0,VIIRS_NOAA20_SP
28.1184,80.73952,296.6,0.5,0.66,2023-11-22,2110,N20,VIIRS,n,2,285.12,0.4,N,0,VIIRS_NOAA20_SP
28.16284,80.23475,297.47,0.47,0.64,2023-11-22,2110,N20,VIIRS,n,2,284.75,0.33,N,0,VIIRS_NOAA20_SP
28.32008,80.02073,296.42,0.45,0.63,2023-11-22,2110,N20,VIIRS,n,2,284.3,0.44,N,0,VIIRS_NOAA20_SP
29.46048,76.89107,299.68,0.56,0.51,2023-11-22,2110,N20,VIIRS,n,2,286.92,1.5,N,0,VIIRS_NOAA20_SP
29.46082,76.86748,313.09,0.55,0.51,2023-11-22,2110,N20,VIIRS,n,2,286.61,1.85,N,0,VIIRS_NOAA20_SP
29.53463,71.47791,300.81,0.44,0.38,2023-11-22,2110,N20,VIIRS,n,2,285.62,0.74,N,0,VIIRS_NOAA20_SP
30.17291,80.88029,316.83,0.46,0.64,2023-11-22,2110,N20,VIIRS,n,2,273.68,3.26,N,0,VIIRS_NOAA20_SP
30.17362,80.87753,298.51,0.46,0.64,2023-11-22,2110,N20,VIIRS,n,2,273.53,2.21,N,0,VIIRS_NOAA20_SP
30.17435,80.87469,307.89,0.46,0.64,2023-11-22,2110,N20,VIIRS,n,2,272.63,2.21,N,0,VIIRS_NOAA20_SP
30.23068,71.84962,298.92,0.44,0.39,2023-11-22,2110,N20,VIIRS,n,2,285.17,0.76,N,0,VIIRS_NOAA20_SP
30.23417,71.85046,311.0,0.44,0.39,2023-11-22,2110,N20,VIIRS,n,2,284.91,1.3,N,0,VIIRS_NOAA20_SP
30.74364,78.4345,297.75,0.32,0.55,2023-11-22,2110,N20,VIIRS,n,2,281.51,0.95,N,0,VIIRS_NOAA20_SP
30.74447,78.43101,299.71,0.32,0.55,2023-11-22,2110,N20,VIIRS,n,2,281.94,1.25,N,0,VIIRS_NOAA20_SP
30.74603,78.42437,301.79,0.32,0.55,2023-11-22,2110,N20,VIIRS,n,2,282.47,0.92,N,0,VIIRS_NOAA20_SP
30.75607,77.73258,295.09,0.58,0.52,2023-11-22,2110,N20,VIIRS,n,2,281.86,0.72,N,0,VIIRS_NOAA20_SP
30.78945,74.89047,323.71,0.4,0.44,2023-11-22,2110,N20,VIIRS,n,2,283.89,1.49,N,0,VIIRS_NOAA20_SP
31.00477,72.03156,299.18,0.44,0.39,2023-11-22,2110,N20,VIIRS,n,2,283.95,0.64,N,0,VIIRS_NOAA20_SP
31.07775,72.01349,295.12,0.44,0.38,2023-11-22,2110,N20,VIIRS,n,2,284.67,0.53,N,0,VIIRS_NOAA20_SP
31.07858,72.00896,301.54,0.44,0.38,2023-11-22,2110,N20,VIIRS,n,2,284.54,0.83,N,0,VIIRS_NOAA20_SP
31.15239,72.00575,328.78,0.44,0.38,2023-11-22,2110,N20,VIIRS,n,2,286.06,2.71,N,0,VIIRS_NOAA20_SP
31.25761,76.92465,296.37,0.51,0.49,2023-11-22,2110,N20,VIIRS,n,2,282.97,1.36,N,2,VIIRS_NOAA20_SP
31.26064,76.92404,300.41,0.51,0.5,2023-11-22,2110,N20,VIIRS,n,2,284.4,1.11,N,2,VIIRS_NOAA20_SP
31.33685,77.63351,296.63,0.56,0.52,2023-11-22,2110,N20,VIIRS,n,2,279.76,0.96,N,0,VIIRS_NOAA20_SP
31.6543,74.17502,295.19,0.54,0.42,2023-11-22,2110,N20,VIIRS,n,2,284.35,0.72,N,0,VIIRS_NOAA20_SP
32.0856,74.16006,300.57,0.53,0.42,2023-11-22,2110,N20,VIIRS,n,2,284.73,1.1,N,2,VIIRS_NOAA20_SP
32.08827,74.16654,296.7,0.53,0.42,2023-11-22,2110,N20,VIIRS,n,2,284.86,0.86,N,2,VIIRS_NOAA20_SP
32.10332,74.17064,301.5,0.53,0.42,2023-11-22,2110,N20,VIIRS,n,2,284.84,0.79,N,2,VIIRS_NOAA20_SP
32.12963,74.17781,312.83,0.53,0.42,2023-11-22,2110,N20,VIIRS,n,2,286.2,1.25,N,0,VIIRS_NOAA20_SP
32.2908,70.73869,310.06,0.4,0.37,2023-11-22,2110,N20,VIIRS,n,2,290.09,1.15,N,2,VIIRS_NOAA20_SP
32.29552,70.73121,307.0,0.4,0.37,2023-11-22,2110,N20,VIIRS,n,2,288.32,1.36,N,2,VIIRS_NOAA20_SP
32.29913,74.31343,297.6,0.53,0.42,2023-11-22,2110,N20,VIIRS,n,2,283.27,0.56,N,0,VIIRS_NOAA20_SP
32.57426,72.56584,297.57,0.44,0.39,2023-11-22,2110,N20,VIIRS,n,2,286.66,0.72,N,2,VIIRS_NOAA20_SP
32.5749,72.56342,301.58,0.44,0.39,2023-11-22,2110,N20,VIIRS,n,2,288.07,0.63,N,2,VIIRS_NOAA20_SP
32.72124,72.92171,300.32,0.46,0.39,2023-11-22,2110,N20,VIIRS,n,2,282.6,1.12,N,2,VIIRS_NOAA20_SP
32.72957,70.0713,302.85,0.39,0.36,2023-11-22,2110,N20,VIIRS,n,2,280.54,0.68,N,0,VIIRS_NOAA20_SP
32.88804,71.61692,307.72,0.41,0.37,2023-11-22,2110,N20,VIIRS,n,2,287.41,1.51,N,2,VIIRS_NOAA20_SP
24.17129,80.692,299.18,0.62,0.71,2023-11-22,2111,N20,VIIRS,n,2,286.69,1.04,N,2,VIIRS_NOAA20_SP
25.18686,76.71883,296.55,0.33,0.56,2023-11-22,2111,N20,VIIRS,n,2,286.47,0.7,N,0,VIIRS_NOAA20_SP
25.18757,76.71561,319.12,0.33,0.56,2023-11-22,2111,N20,VIIRS,n,2,287.43,0.7,N,0,VIIRS_NOAA20_SP
26.24771,68.93922,303.96,0.4,0.37,2023-11-22,2111,N20,VIIRS,n,2,287.87,0.64,N,0,VIIRS_NOAA20_SP
26.25697,74.09554,303.0,0.44,0.46,2023-11-22,2111,N20,VIIRS,n,2,287.78,0.6,N,0,VIIRS_NOAA20_SP
26.87294,73.51723,298.83,0.4,0.44,2023-11-22,2111,N20,VIIRS,n,2,285.01,0.91,N,2,VIIRS_NOAA20_SP
26.87771,73.51427,303.52,0.4,0.44,2023-11-22,2111,N20,VIIRS,n,2,285.43,1.57,N,2,VIIRS_NOAA20_SP
26.92577,73.46665,296.14,0.4,0.44,2023-11-22,2111,N20,VIIRS,n,2,284.17,0.48,N,2,VIIRS_NOAA20_SP
27.07892,73.81625,298.63,0.41,0.45,2023-11-22,2111,N20,VIIRS,n,2,287.96,0.97,N,0,VIIRS_NOAA20_SP
27.39907,69.02879,299.28,0.39,0.36,2023-11-22,2111,N20,VIIRS,n,2,286.26,0.26,N,0,VIIRS_NOAA20_SP
28.42663,69.69976,306.7,0.4,0.37,2023-11-22,2111,N20,VIIRS,n,2,289.01,1.02,N,2,VIIRS_NOAA20_SP
28.48345,69.52533,298.31,0.4,0.37,2023-11-22,2111,N20,VIIRS,n,2,286.99,0.45,N,0,VIIRS_NOAA20_SP
28.61293,68.62869,312.42,0.39,0.36,2023-11-22,2111,N20,VIIRS,n,2,289.96,1.34,N,0,VIIRS_NOAA20_SP
28.61356,68.62479,306.4,0.39,0.36,2023-11-22,2111,N20,VIIRS,n,2,287.58,0.76,N,0,VIIRS_NOAA20_SP
22.3415,69.87995,322.3,0.46,0.39,2023-11-22,2112,N20,VIIRS,n,2,294.53,3.95,N,0,VIIRS_NOAA20_SP
22.34506,69.88069,329.89,0.46,0.39,2023-11-22,2112,N20,VIIRS,n,2,298.66,9.33,N,2,VIIRS_NOAA20_SP
22.34585,69.8763,305.77,0.46,0.39,2023-11-22,2112,N20,VIIRS,n,2,293.24,9.33,N,0,VIIRS_NOAA20_SP
22.37561,76.80614,317.75,0.39,0.59,2023-11-22,2112,N20,VIIRS,n,2,290.97,1.64,N,0,VIIRS_NOAA20_SP
22.3777,76.81021,302.2,0.39,0.59,2023-11-22,2112,N20,VIIRS,n,2,289.43,0.84,N,0,VIIRS_NOAA20_SP
22.37852,76.80647,308.42,0.39,0.59,2023-11-22,2112,N20,VIIRS,n,2,288.98,0.43,N,0,VIIRS_NOAA20_SP
22.90934,69.70121,307.0,0.44,0.39,2023-11-22,2112,N20,VIIRS,n,2,291.55,1.27,N,2,VIIRS_NOAA20_SP
22.90949,69.69806,317.51,0.44,0.39,2023-11-22,2112,N20,VIIRS,n,2,293.98,1.7,N,2,VIIRS_NOAA20_SP
22.92735,69.82496,307.18,0.45,0.39,2023-11-22,2112,N20,VIIRS,n,2,294.52,1.06,N,2,VIIRS_NOAA20_SP
22.9389,69.69836,307.13,0.44,0.39,2023-11-22,2112,N20,VIIRS,n,2,292.19,0.95,N,2,VIIRS_NOAA20_SP
22.9794,72.56475,304.71,0.41,0.45,2023-11-22,2112,N20,VIIRS,n,2,291.54,0.77,N,0,VIIRS_NOAA20_SP
23.11395,78.65657,298.62,0.49,0.65,2023-11-22,2112,N20,VIIRS,n,2,287.48,0.57,N,0,VIIRS_NOAA20_SP
23.12116,70.08782,309.64,0.46,0.39,2023-11-22,2112,N20,VIIRS,n,2,291.87,2.02,N,0,VIIRS_NOAA20_SP
23.12194,70.08342,314.74,0.46,0.39,2023-11-22,2112,N20,VIIRS,n,2,291.0,1.79,N,0,VIIRS_NOAA20_SP
23.12607,71.13666,304.27,0.51,0.41,2023-11-22,2112,N20,VIIRS,n,2,289.24,0.84,N,0,VIIRS_NOAA20_SP
23.2624,70.251,307.49,0.46,0.39,2023-11-22,2112,N20,VIIRS,n,2,291.99,1.27,N,2,VIIRS_NOAA20_SP
23.31681,70.48749,304.84,0.47,0.4,2023-11-22,2112,N20,VIIRS,n,2,293.22,1.16,N,2,VIIRS_NOAA20_SP
23.31771,70.4854,302.34,0.47,0.4,2023-11-22,2112,N20,VIIRS,n,2,291.62,1.78,N,2,VIIRS_NOAA20_SP
23.32701,77.94639,300.78,0.44,0.62,2023-11-22,2112,N20,VIIRS,n,2,285.36,0.72,N,0,VIIRS_NOAA20_SP
23.32937,77.94773,299.12,0.44,0.62,2023-11-22,2112,N20,VIIRS,n,2,285.57,0.73,N,0,VIIRS_NOAA20_SP
23.40884,72.41551,302.56,0.4,0.44,2023-11-22,2112,N20,VIIRS,n,2,287.61,0.61,N,0,VIIRS_NOAA20_SP
23.43077,68.7122,308.93,0.41,0.37,2023-11-22,2112,N20,VIIRS,n,2,293.88,1.25,N,2,VIIRS_NOAA20_SP
24.66283,74.63583,303.09,0.51,0.49,2023-11-22,2112,N20,VIIRS,n,2,290.29,2.82,N,2,VIIRS_NOAA20_SP
24.68896,73.00039,303.53,0.41,0.45,2023-11-22,2112,N20,VIIRS,n,2,289.88,1.03,N,2,VIIRS_NOAA20_SP
24.82256,73.09142,303.4,0.41,0.45,2023-11-22,2112,N20,VIIRS,n,2,290.72,1.05,N,2,VIIRS_NOAA20_SP
25.19011,68.59292,298.2,0.39,0.37,2023-11-22,2112,N20,VIIRS,n,2,287.71,0.11,N,0,VIIRS_NOAA20_SP
25.20296,68.63956,303.38,0.4,0.37,2023-11-22,2112,N20,VIIRS,n,2,287.87,0.58,N,0,VIIRS_NOAA20_SP
25.40251,68.56609,309.8,0.39,0.36,2023-11-22,2112,N20,VIIRS,n,2,289.59,0.98,N,2,VIIRS_NOAA20_SP
25.79377,68.69827,311.76,0.39,0.36,2023-11-22,2112,N20,VIIRS,n,2,289.16,1.49,N,2,VIIRS_NOAA20_SP
26.09075,68.88101,302.81,0.4,0.37,2023-11-22,2112,N20,VIIRS,n,2,289.24,0.72,N,2,VIIRS_NOAA20_SP
26.09472,68.87778,315.49,0.4,0.37,2023-11-22,2112,N20,VIIRS,n,2,291.96,1.32,N,2,VIIRS_NOAA20_SP
17.14855,78.22213,303.39,0.62,0.71,2023-11-22,2113,N20,VIIRS,n,2,287.61,1.02,N,2,VIIRS_NOAA20_SP
17.1487,78.22099,298.88,0.62,0.71,2023-11-22,2113,N20,VIIRS,n,2,287.35,0.92,N,2,VIIRS_NOAA20_SP
18.68235,73.04375,309.93,0.53,0.5,2023-11-22,2113,N20,VIIRS,n,2,295.59,2.51,N,2,VIIRS_NOAA20_SP
18.68306,73.0409,312.12,0.53,0.5,2023-11-22,2113,N20,VIIRS,n,2,295.1,3.18,N,2,VIIRS_NOAA20_SP
18.6833,73.03884,307.55,0.53,0.5,2023-11-22,2113,N20,VIIRS,n,2,294.05,2.48,N,2,VIIRS_NOAA20_SP
18.68405,73.036,311.04,0.53,0.5,2023-11-22,2113,N20,VIIRS,n,2,294.5,2.12,N,2,VIIRS_NOAA20_SP
18.68424,73.03395,310.12,0.53,0.5,2023-11-22,2113,N20,VIIRS,n,2,294.14,2.48,N,2,VIIRS_NOAA20_SP
18.68503,73.03113,313.17,0.53,0.5,2023-11-22,2113,N20,VIIRS,n,2,294.59,2.12,N,2,VIIRS_NOAA20_SP
18.68519,73.02906,312.16,0.53,0.5,2023-11-22,2113,N20,VIIRS,n,2,293.53,2.41,N,2,VIIRS_NOAA20_SP
18.97464,71.62524,316.95,0.42,0.46,2023-11-22,2113,N20,VIIRS,n,2,297.72,1.42,N,3,VIIRS_NOAA20_SP
18.9754,71.62128,321.01,0.42,0.45,2023-11-22,2113,N20,VIIRS,n,2,297.56,1.42,N,3,VIIRS_NOAA20_SP
19.02016,72.89185,324.17,0.51,0.49,2023-11-22,2113,N20,VIIRS,n,2,295.61,3.35,N,2,VIIRS_NOAA20_SP
19.17724,70.94644,334.82,0.38,0.43,2023-11-22,2113,N20,VIIRS,n,2,299.24,3.0,N,3,VIIRS_NOAA20_SP
19.37152,71.35238,337.22,0.4,0.44,2023-11-22,2113,N20,VIIRS,n,2,298.98,1.96,N,3,VIIRS_NOAA20_SP
19.9236,79.11217,302.44,0.61,0.71,2023-11-22,2113,N20,VIIRS,n,2,290.61,0.88,N,2,VIIRS_NOAA20_SP
20.86876,71.39731,305.09,0.38,0.43,2023-11-22,2113,N20,VIIRS,n,2,293.96,1.04,N,2,VIIRS_NOAA20_SP
20.91042,71.45902,318.45,0.39,0.44,2023-11-22,2113,N20,VIIRS,n,2,296.74,2.04,N,2,VIIRS_NOAA20_SP
21.09478,72.91759,305.21,0.47,0.48,2023-11-22,2113,N20,VIIRS,n,2,288.57,0.63,N,0,VIIRS_NOAA20_SP
21.10114,72.63444,353.15,0.45,0.47,2023-11-22,2113,N20,VIIRS,n,2,294.48,9.82,N,2,VIIRS_NOAA20_SP
21.10537,72.63538,349.39,0.45,0.47,2023-11-22,2113,N20,VIIRS,n,2,296.04,9.82,N,2,VIIRS_NOAA20_SP
21.10793,72.64481,334.72,0.45,0.47,2023-11-22,2113,N20,VIIRS,n,2,297.47,5.98,N,2,VIIRS_NOAA20_SP
21.10959,72.63632,321.24,0.45,0.47,2023-11-22,2113,N20,VIIRS,n,2,297.51,1.91,N,2,VIIRS_NOAA20_SP
21.11381,72.63727,306.16,0.45,0.47,2023-11-22,2113,N20,VIIRS,n,2,295.48,1.91,N,2,VIIRS_NOAA20_SP
21.25258,72.97607,304.14,0.47,0.48,2023-11-22,2113,N20,VIIRS,n,2,288.14,0.73,N,0,VIIRS_NOAA20_SP
21.25408,73.03672,299.46,0.47,0.48,2023-11-22,2113,N20,VIIRS,n,2,288.09,0.6,N,0,VIIRS_NOAA20_SP
22.32404,69.88275,310.65,0.46,0.39,2023-11-22,2113,N20,VIIRS,n,2,293.28,0.81,N,2,VIIRS_NOAA20_SP
22.33779,69.86738,308.73,0.46,0.39,2023-11-22,2113,N20,VIIRS,n,2,297.49,2.68,N,2,VIIRS_NOAA20_SP
22.34009,69.85423,310.29,0.46,0.39,2023-11-22,2113,N20,VIIRS,n,2,298.58,3.2,N,2,VIIRS_NOAA20_SP
15.17065,76.3781,295.31,0.51,0.66,2023-11-22,2114,N20,VIIRS,n,2,276.04,1.28,N,2,VIIRS_NOAA20_SP
15.19555,76.37881,295.4,0.51,0.66,2023-11-22,2114,N20,VIIRS,n,2,279.97,1.93,N,2,VIIRS_NOAA20_SP
15.65938,73.98812,302.41,0.35,0.56,2023-11-22,2114,N20,VIIRS,n,2,282.59,0.42,N,2,VIIRS_NOAA20_SP
16.05066,75.27816,299.06,0.42,0.61,2023-11-22,2114,N20,VIIRS,n,2,277.91,0.81,N,0,VIIRS_NOAA20_SP
16.05129,75.27898,300.74,0.42,0.61,2023-11-22,2114,N20,VIIRS,n,2,277.67,0.97,N,0,VIIRS_NOAA20_SP
16.37711,77.70831,296.17,0.59,0.7,2023-11-22,2114,N20,VIIRS,n,2,275.34,1.21,N,0,VIIRS_NOAA20_SP
17.65814,74.44199,311.52,0.34,0.56,2023-11-22,2114,N20,VIIRS,n,2,288.88,1.4,N,0,VIIRS_NOAA20_SP
15.98885,97.68762,327.65,0.39,0.36,2023-11-23,642,N20,VIIRS,n,2,294.23,1.94,D,2,VIIRS_NOAA20_SP
16.54151,94.95972,340.89,0.46,0.39,2023-11-23,642,N20,VIIRS,n,2,297.72,3.5,D,0,VIIRS_NOAA20_SP
16.54988,96.46915,336.22,0.4,0.37,2023-11-23,642,N20,VIIRS,n,2,297.96,3.53,D,0,VIIRS_NOAA20_SP
16.55139,96.4688,330.01,0.4,0.37,2023-11-23,642,N20,VIIRS,n,2,297.43,2.33,D,0,VIIRS_NOAA20_SP
16.55557,95.73953,343.7,0.42,0.38,2023-11-23,642,N20,VIIRS,n,2,299.88,6.6,D,0,VIIRS_NOAA20_SP
16.55564,94.71497,338.31,0.47,0.4,2023-11-23,642,N20,VIIRS,n,2,298.12,5.57,D,0,VIIRS_NOAA20_SP
16.55667,96.43712,330.13,0.4,0.37,2023-11-23,642,N20,VIIRS,n,2,297.31,2.81,D,0,VIIRS_NOAA20_SP
16.56375,95.74619,332.65,0.42,0.38,2023-11-23,642,N20,VIIRS,n,2,298.39,2.92,D,0,VIIRS_NOAA20_SP
16.56821,96.46591,332.57,0.4,0.37,2023-11-23,642,N20,VIIRS,n,2,297.89,2.41,D,0,VIIRS_NOAA20_SP
16.57269,95.03635,336.99,0.45,0.39,2023-11-23,642,N20,VIIRS,n,2,299.0,4.1,D,0,VIIRS_NOAA20_SP
16.58266,95.77517,333.52,0.42,0.38,2023-11-23,642,N20,VIIRS,n,2,298.6,3.35,D,0,VIIRS_NOAA20_SP
16.58762,95.01641,334.57,0.45,0.39,2023-11-23,642,N20,VIIRS,n,2,296.84,2.76,D,0,VIIRS_NOAA20_SP
16.59519,95.70017,331.09,0.43,0.38,2023-11-23,642,N20,VIIRS,n,2,297.05,2.04,D,0,VIIRS_NOAA20_SP
16.60297,95.68256,343.35,0.43,0.38,2023-11-23,642,N20,VIIRS,n,2,301.06,21.37,D,0,VIIRS_NOAA20_SP
16.62239,96.37182,330.46,0.4,0.37,2023-11-23,642,N20,VIIRS,n,2,297.3,1.46,D,0,VIIRS_NOAA20_SP
16.63869,95.56234,332.97,0.43,0.38,2023-11-23,642,N20,VIIRS,n,2,297.87,2.66,D,0,VIIRS_NOAA20_SP
16.66422,96.70139,335.47,0.4,0.37,2023-11-23,642,N20,VIIRS,n,2,298.61,2.79,D,0,VIIRS_NOAA20_SP
16.66552,96.47945,331.35,0.4,0.37,2023-11-23,642,N20,VIIRS,n,2,297.72,2.97,D,0,VIIRS_NOAA20_SP
16.68414,96.67524,342.23,0.4,0.37,2023-11-23,642,N20,VIIRS,n,2,299.9,4.72,D,0,VIIRS_NOAA20_SP
16.68472,96.67894,333.17,0.4,0.37,2023-11-23,642,N20,VIIRS,n,2,298.79,2.53,D,0,VIIRS_NOAA20_SP
16.68785,96.46794,331.66,0.4,0.37,2023-11-23,642,N20,VIIRS,n,2,298.85,2.29,D,0,VIIRS_NOAA20_SP
16.68814,96.55603,331.49,0.4,0.37,2023-11-23,642,N20,VIIRS,n,2,298.35,3.2,D,0,VIIRS_NOAA20_SP
16.69016,96.65472,346.53,0.4,0.37,2023-11-23,642,N20,VIIRS,n,2,299.25,7.89,D,0,VIIRS_NOAA20_SP
16.70391,96.69791,334.42,0.4,0.37,2023-11-23,642,N20,VIIRS,n,2,298.6,2.61,D,0,VIIRS_NOAA20_SP
16.71845,96.703,351.26,0.4,0.37,2023-11-23,642,N20,VIIRS,n,2,301.33,8.57,D,0,VIIRS_NOAA20_SP
16.71904,96.70669,333.08,0.4,0.37,2023-11-23,642,N20,VIIRS,n,2,298.29,8.57,D,0,VIIRS_NOAA20_SP
16.73056,96.54112,331.44,0.4,0.37,2023-11-23,642,N20,VIIRS,n,2,298.22,3.76,D,0,VIIRS_NOAA20_SP
16.77439,96.73132,335.12,0.4,0.37,2023-11-23,642,N20,VIIRS,n,2,298.79,2.71,D,0,VIIRS_NOAA20_SP
16.77694,96.06395,341.59,0.41,0.37,2023-11-23,642,N20,VIIRS,n,2,296.9,3.92,D,0,VIIRS_NOAA20_SP
16.79344,96.65606,330.37,0.4,0.37,2023-11-23,642,N20,VIIRS,n,2,299.03,2.64,D,0,VIIRS_NOAA20_SP
16.79358,96.67881,331.16,0.4,0.37,2023-11-23,642,N20,VIIRS,n,2,299.03,3.45,D,0,VIIRS_NOAA20_SP
16.79965,94.8718,332.62,0.46,0.39,2023-11-23,642,N20,VIIRS,n,2,296.57,4.42,D,0,VIIRS_NOAA20_SP
16.87977,96.64487,333.1,0.4,0.37,2023-11-23,642,N20,VIIRS,n,2,299.2,1.91,D,0,VIIRS_NOAA20_SP
16.88045,95.42602,333.81,0.43,0.38,2023-11-23,642,N20,VIIRS,n,2,297.83,8.49,D,0,VIIRS_NOAA20_SP
16.88393,95.42541,343.98,0.43,0.38,2023-11-23,642,N20,VIIRS,n,2,298.66,8.49,D,0,VIIRS_NOAA20_SP
16.92398,96.77357,340.43,0.39,0.37,2023-11-23,642,N20,VIIRS,n,2,299.61,4.68,D,0,VIIRS_NOAA20_SP
16.94355,95.76913,330.22,0.42,0.38,2023-11-23,642,N20,VIIRS,n,2,297.66,1.67,D,0,VIIRS_NOAA20_SP
16.98313,95.21265,334.27,0.44,0.38,2023-11-23,642,N20,VIIRS,n,2,298.25,2.45,D,0,VIIRS_NOAA20_SP
16.99796,96.49506,330.53,0.4,0.37,2023-11-23,642,N20,VIIRS,n,2,299.66,1.82,D,0,VIIRS_NOAA20_SP
17.00708,96.57358,342.73,0.4,0.37,2023-11-23,642,N20,VIIRS,n,2,300.57,4.12,D,0,VIIRS_NOAA20_SP
17.0181,96.62109,330.67,0.4,0.37,2023-11-23,642,N20,VIIRS,n,2,299.62,2.5,D,0,VIIRS_NOAA20_SP
17.01875,96.72727,334.8,0.4,0.37,2023-11-23,642,N20,VIIRS,n,2,298.34,3.14,D,0,VIIRS_NOAA20_SP
17.01878,95.36498,330.79,0.43,0.38,2023-11-23,642,N20,VIIRS,n,2,297.68,2.14,D,0,VIIRS_NOAA20_SP
17.0238,96.6353,331.87,0.4,0.37,2023-11-23,642,N20,VIIRS,n,2,298.68,1.72,D,0,VIIRS_NOAA20_SP
17.04647,96.47524,334.16,0.4,0.37,2023-11-23,642,N20,VIIRS,n,2,297.57,2.14,D,0,VIIRS_NOAA20_SP
17.06606,96.62048,334.55,0.4,0.37,2023-11-23,642,N20,VIIRS,n,2,300.48,2.12,D,0,VIIRS_NOAA20_SP
17.07709,96.60339,335.72,0.4,0.37,2023-11-23,642,N20,VIIRS,n,2,299.49,2.33,D,0,VIIRS_NOAA20_SP
17.07741,96.49667,333.97,0.4,0.37,2023-11-23,642,N20,VIIRS,n,2,298.23,2.07,D,0,VIIRS_NOAA20_SP
17.07919,96.25807,337.08,0.4,0.37,2023-11-23,642,N20,VIIRS,n,2,295.67,1.74,D,0,VIIRS_NOAA20_SP
17.08001,96.62188,333.53,0.4,0.37,2023-11-23,642,N20,VIIRS,n,2,299.68,6.88,D,0,VIIRS_NOAA20_SP
17.08046,95.7897,338.07,0.42,0.38,2023-11-23,642,N20,VIIRS,n,2,295.53,3.15,D,0,VIIRS_NOAA20_SP
17.09082,95.07156,341.21,0.44,0.39,2023-11-23,642,N20,VIIRS,n,2,298.79,3.59,D,0,VIIRS_NOAA20_SP
17.10076,96.5575,334.46,0.4,0.37,2023-11-23,642,N20,VIIRS,n,2,299.46,1.51,D,0,VIIRS_NOAA20_SP
17.11843,96.52415,332.68,0.4,0.37,2023-11-23,642,N20,VIIRS,n,2,297.05,3.38,D,0,VIIRS_NOAA20_SP
17.13037,97.13869,331.88,0.39,0.36,2023-11-23,642,N20,VIIRS,n,2,294.53,1.18,D,0,VIIRS_NOAA20_SP
17.13375,97.1604,330.7,0.39,0.36,2023-11-23,642,N20,VIIRS,n,2,288.5,2.68,D,0,VIIRS_NOAA20_SP
17.14192,97.12559,347.64,0.39,0.36,2023-11-23,642,N20,VIIRS,n,2,295.56,7.21,D,0,VIIRS_NOAA20_SP
17.14974,97.15401,335.24,0.39,0.36,2023-11-23,642,N20,VIIRS,n,2,294.41,4.98,D,0,VIIRS_NOAA20_SP
17.15523,97.14565,331.04,0.39,0.36,2023-11-23,642,N20,VIIRS,n,2,295.73,2.0,D,0,VIIRS_NOAA20_SP
17.18227,97.14481,340.94,0.39,0.36,2023-11-23,642,N20,VIIRS,n,2,301.0,9.95,D,0,VIIRS_NOAA20_SP
17.21411,96.82558,332.4,0.39,0.36,2023-11-23,642,N20,VIIRS,n,2,297.92,2.84,D,0,VIIRS_NOAA20_SP
17.21858,96.83233,330.25,0.39,0.36,2023-11-23,642,N20,VIIRS,n,2,297.75,3.69,D,0,VIIRS_NOAA20_SP
17.21915,96.83599,332.06,0.39,0.36,2023-11-23,642,N20,VIIRS,n,2,297.08,3.32,D,0,VIIRS_NOAA20_SP
17.23052,95.39394,330.62,0.43,0.38,2023-11-23,642,N20,VIIRS,n,2,299.72,5.05,D,0,VIIRS_NOAA20_SP
17.25388,96.73511,336.8,0.39,0.36,2023-11-23,642,N20,VIIRS,n,2,297.92,2.82,D,0,VIIRS_NOAA20_SP
17.25514,96.67826,332.69,0.39,0.37,2023-11-23,642,N20,VIIRS,n,2,297.08,4.23,D,0,VIIRS_NOAA20_SP
17.27964,96.68163,331.38,0.39,0.37,2023-11-23,642,N20,VIIRS,n,2,298.6,3.78,D,0,VIIRS_NOAA20_SP
17.28122,96.84325,335.14,0.39,0.36,2023-11-23,642,N20,VIIRS,n,2,298.21,1.95,D,0,VIIRS_NOAA20_SP
17.28282,96.83172,346.91,0.39,0.36,2023-11-23,642,N20,VIIRS,n,2,298.47,4.51,D,0,VIIRS_NOAA20_SP
17.29297,96.67934,329.88,0.39,0.37,2023-11-23,642,N20,VIIRS,n,2,296.82,2.76,D,0,VIIRS_NOAA20_SP
17.3195,96.848,328.95,0.39,0.36,2023-11-23,642,N20,VIIRS,l,2,299.7,2.09,D,0,VIIRS_NOAA20_SP
17.31965,96.58764,334.1,0.4,0.37,2023-11-23,642,N20,VIIRS,n,2,299.31,4.43,D,0,VIIRS_NOAA20_SP
17.32023,96.59133,341.63,0.4,0.37,2023-11-23,642,N20,VIIRS,n,2,300.23,6.9,D,0,VIIRS_NOAA20_SP
17.33497,96.83785,337.65,0.39,0.36,2023-11-23,642,N20,VIIRS,n,2,300.1,5.81,D,0,VIIRS_NOAA20_SP
17.33798,96.14671,331.42,0.41,0.37,2023-11-23,642,N20,VIIRS,n,2,292.17,3.55,D,0,VIIRS_NOAA20_SP
17.33871,96.92717,333.15,0.39,0.36,2023-11-23,642,N20,VIIRS,n,2,298.78,2.55,D,0,VIIRS_NOAA20_SP
17.34679,96.76069,345.05,0.39,0.36,2023-11-23,642,N20,VIIRS,n,2,297.99,6.46,D,0,VIIRS_NOAA20_SP
17.36494,96.6406,329.98,0.4,0.37,2023-11-23,642,N20,VIIRS,n,2,298.86,1.97,D,0,VIIRS_NOAA20_SP
17.37425,96.54795,329.74,0.4,0.37,2023-11-23,642,N20,VIIRS,n,2,298.23,3.87,D,0,VIIRS_NOAA20_SP
17.3766,96.56275,335.01,0.4,0.37,2023-11-23,642,N20,VIIRS,n,2,298.5,3.45,D,0,VIIRS_NOAA20_SP
17.37961,96.66835,334.08,0.39,0.37,2023-11-23,642,N20,VIIRS,n,2,298.15,2.89,D,0,VIIRS_NOAA20_SP
17.39627,96.6655,339.35,0.39,0.37,2023-11-23,642,N20,VIIRS,n,2,297.42,3.98,D,0,VIIRS_NOAA20_SP
17.39738,96.84599,330.27,0.39,0.36,2023-11-23,642,N20,VIIRS,n,2,297.04,2.61,D,0,VIIRS_NOAA20_SP
17.39795,96.84965,329.88,0.39,0.36,2023-11-23,642,N20,VIIRS,n,2,297.6,2.65,D,0,VIIRS_NOAA20_SP
17.40366,95.89999,338.18,0.41,0.37,2023-11-23,642,N20,VIIRS,n,2,300.16,8.75,D,0,VIIRS_NOAA20_SP
17.41981,96.79335,348.29,0.39,0.36,2023-11-23,642,N20,VIIRS,n,2,299.15,9.22,D,0,VIIRS_NOAA20_SP
17.43253,96.78742,340.23,0.39,0.36,2023-11-23,642,N20,VIIRS,n,2,298.95,6.92,D,0,VIIRS_NOAA20_SP
17.44842,96.48167,333.62,0.4,0.37,2023-11-23,642,N20,VIIRS,n,2,299.26,2.43,D,0,VIIRS_NOAA20_SP
17.45213,96.71629,334.98,0.39,0.36,2023-11-23,642,N20,VIIRS,n,2,298.78,2.94,D,0,VIIRS_NOAA20_SP
17.45331,96.59866,330.82,0.4,0.37,2023-11-23,642,N20,VIIRS,n,2,293.79,2.77,D,0,VIIRS_NOAA20_SP
17.48692,96.55115,335.93,0.4,0.37,2023-11-23,642,N20,VIIRS,n,2,301.31,1.93,D,0,VIIRS_NOAA20_SP
17.49262,95.64556,331.43,0.42,0.38,2023-11-23,642,N20,VIIRS,n,2,298.09,2.18,D,0,VIIRS_NOAA20_SP
17.52896,96.77446,333.22,0.39,0.36,2023-11-23,642,N20,VIIRS,n,2,296.56,3.48,D,0,VIIRS_NOAA20_SP
17.54679,95.65627,334.63,0.42,0.38,2023-11-23,642,N20,VIIRS,n,2,299.42,2.76,D,0,VIIRS_NOAA20_SP
17.60897,95.84462,334.82,0.41,0.37,2023-11-23,642,N20,VIIRS,n,2,298.86,4.64,D,0,VIIRS_NOAA20_SP
17.61283,96.85398,336.84,0.39,0.36,2023-11-23,642,N20,VIIRS,n,2,297.27,4.95,D,0,VIIRS_NOAA20_SP
17.62885,96.8475,334.4,0.39,0.36,2023-11-23,642,N20,VIIRS,n,2,299.01,2.2,D,0,VIIRS_NOAA20_SP
17.68649,96.73969,339.95,0.39,0.36,2023-11-23,642,N20,VIIRS,n,2,299.71,2.63,D,0,VIIRS_NOAA20_SP
17.68707,96.74337,328.67,0.39,0.36,2023-11-23,642,N20,VIIRS,n,2,298.29,2.63,D,0,VIIRS_NOAA20_SP
17.69677,96.54526,341.51,0.4,0.37,2023-11-23,642,N20,VIIRS,n,2,300.55,4.0,D,0,VIIRS_NOAA20_SP
17.87561,95.7543,330.92,0.41,0.37,2023-11-23,642,N20,VIIRS,n,2,296.21,3.79,D,0,VIIRS_NOAA20_SP
17.95275,96.54966,329.03,0.39,0.37,2023-11-23,642,N20,VIIRS,n,2,298.88,1.55,D,0,VIIRS_NOAA20_SP
17.95882,96.63181,333.4,0.39,0.36,2023-11-23,642,N20,VIIRS,n,2,294.41,1.28,D,0,VIIRS_NOAA20_SP
17.97331,96.5499,334.17,0.39,0.36,2023-11-23,642,N20,VIIRS,n,2,297.85,1.24,D,0,VIIRS_NOAA20_SP
17.97592,96.52682,330.91,0.39,0.37,2023-11-23,642,N20,VIIRS,n,2,296.46,2.34,D,0,VIIRS_NOAA20_SP
17.98943,96.54723,333.89,0.39,0.36,2023-11-23,642,N20,VIIRS,n,2,295.95,2.26,D,0,VIIRS_NOAA20_SP
17.99328,96.61463,345.01,0.39,0.36,2023-11-23,642,N20,VIIRS,n,2,298.41,17.96,D,0,VIIRS_NOAA20_SP
17.99726,96.55344,332.51,0.39,0.36,2023-11-23,642,N20,VIIRS,n,2,294.1,2.87,D,0,VIIRS_NOAA20_SP
18.00733,96.63864,334.62,0.39,0.36,2023-11-23,642,N20,VIIRS,n,2,300.69,6.57,D,0,VIIRS_NOAA20_SP
18.01607,96.54263,331.58,0.39,0.36,2023-11-23,642,N20,VIIRS,n,2,295.59,1.8,D,0,VIIRS_NOAA20_SP
18.03594,96.60352,332.56,0.39,0.36,2023-11-23,642,N20,VIIRS,n,2,298.36,2.48,D,0,VIIRS_NOAA20_SP
18.06211,96.53091,329.11,0.39,0.36,2023-11-23,642,N20,VIIRS,n,2,297.54,1.74,D,0,VIIRS_NOAA20_SP
18.07656,96.62296,334.48,0.39,0.36,2023-11-23,642,N20,VIIRS,n,2,297.82,3.69,D,0,VIIRS_NOAA20_SP
17.92982,95.37866,328.84,0.42,0.38,2023-11-23,643,N20,VIIRS,n,2,297.1,4.06,D,0,VIIRS_NOAA20_SP
18.11951,96.66055,332.62,0.39,0.36,2023-11-23,643,N20,VIIRS,n,2,297.97,3.33,D,0,VIIRS_NOAA20_SP
18.15747,96.70674,337.66,0.39,0.36,2023-11-23,643,N20,VIIRS,n,2,298.43,5.49,D,0,VIIRS_NOAA20_SP
18.1727,96.76051,329.42,0.39,0.36,2023-11-23,643,N20,VIIRS,n,2,299.42,2.91,D,0,VIIRS_NOAA20_SP
18.18895,96.49747,327.49,0.39,0.36,2023-11-23,643,N20,VIIRS,l,2,298.6,2.48,D,0,VIIRS_NOAA20_SP
18.23076,95.26427,333.95,0.43,0.38,2023-11-23,643,N20,VIIRS,n,2,298.67,4.69,D,0,VIIRS_NOAA20_SP
18.2527,96.64146,335.44,0.39,0.36,2023-11-23,643,N20,VIIRS,n,2,299.9,3.49,D,0,VIIRS_NOAA20_SP
18.26209,96.54919,345.97,0.39,0.36,2023-11-23,643,N20,VIIRS,n,2,299.9,5.16,D,0,VIIRS_NOAA20_SP
18.26252,96.5302,329.39,0.39,0.36,2023-11-23,643,N20,VIIRS,n,2,299.06,2.19,D,0,VIIRS_NOAA20_SP
18.26267,96.55288,329.26,0.39,0.36,2023-11-23,643,N20,VIIRS,n,2,296.16,5.16,D,0,VIIRS_NOAA20_SP
18.2712,96.58543,333.04,0.39,0.36,2023-11-23,643,N20,VIIRS,n,2,297.67,1.36,D,0,VIIRS_NOAA20_SP
18.27697,96.62218,335.19,0.39,0.36,2023-11-23,643,N20,VIIRS,n,2,298.32,4.67,D,0,VIIRS_NOAA20_SP
18.28361,96.62105,327.43,0.39,0.36,2023-11-23,643,N20,VIIRS,l,2,299.24,2.86,D,0,VIIRS_NOAA20_SP
18.28509,95.27086,339.13,0.43,0.38,2023-11-23,643,N20,VIIRS,n,2,300.72,4.31,D,0,VIIRS_NOAA20_SP
18.35999,96.61068,328.53,0.39,0.36,2023-11-23,643,N20,VIIRS,n,2,298.37,1.99,D,0,VIIRS_NOAA20_SP
18.45915,95.60747,338.06,0.41,0.37,2023-11-23,643,N20,VIIRS,n,2,300.19,3.42,D,0,VIIRS_NOAA20_SP
18.48055,95.67522,340.65,0.41,0.37,2023-11-23,643,N20,VIIRS,n,2,300.3,2.73,D,0,VIIRS_NOAA20_SP
18.58928,95.39224,338.66,0.42,0.38,2023-11-23,643,N20,VIIRS,n,2,297.58,4.85,D,0,VIIRS_NOAA20_SP
18.5968,95.52363,337.74,0.41,0.37,2023-11-23,643,N20,VIIRS,n,2,300.51,5.04,D,0,VIIRS_NOAA20_SP
18.60981,95.45307,335.82,0.42,0.37,2023-11-23,643,N20,VIIRS,n,2,299.71,5.12,D,0,VIIRS_NOAA20_SP
18.61702,95.78176,334.25,0.41,0.37,2023-11-23,643,N20,VIIRS,n,2,298.72,11.67,D,0,VIIRS_NOAA20_SP
18.61806,95.78161,332.9,0.41,0.37,2023-11-23,643,N20,VIIRS,n,2,296.52,6.72,D,0,VIIRS_NOAA20_SP
18.65911,96.56644,326.91,0.39,0.36,2023-11-23,643,N20,VIIRS,l,2,298.95,1.5,D,0,VIIRS_NOAA20_SP
18.71716,96.39706,327.37,0.39,0.36,2023-11-23,643,N20,VIIRS,l,2,298.38,0.86,D,0,VIIRS_NOAA20_SP
18.77314,96.38352,330.83,0.39,0.36,2023-11-23,643,N20,VIIRS,n,2,298.27,2.15,D,0,VIIRS_NOAA20_SP
18.89302,96.3012,335.96,0.39,0.37,2023-11-23,643,N20,VIIRS,n,2,301.57,3.2,D,0,VIIRS_NOAA20_SP
18.95139,96.3289,329.23,0.39,0.36,2023-11-23,643,N20,VIIRS,n,2,300.27,1.88,D,0,VIIRS_NOAA20_SP
18.95197,96.33259,328.76,0.39,0.36,2023-11-23,643,N20,VIIRS,n,2,298.72,1.88,D,0,VIIRS_NOAA20_SP
19.64726,96.23267,334.39,0.39,0.36,2023-11-23,643,N20,VIIRS,n,2,301.22,3.39,D,0,VIIRS_NOAA20_SP
19.7926,96.27177,328.7,0.39,0.36,2023-11-23,643,N20,VIIRS,n,2,299.25,1.16,D,0,VIIRS_NOAA20_SP
20.16465,96.95989,332.32,0.38,0.36,2023-11-23,643,N20,VIIRS,n,2,298.85,6.12,D,0,VIIRS_NOAA20_SP
20.1787,93.07037,336.05,0.51,0.41,2023-11-23,643,N20,VIIRS,n,2,299.64,5.69,D,0,VIIRS_NOAA20_SP
20.53104,97.65712,334.9,0.39,0.36,2023-11-23,643,N20,VIIRS,n,2,296.96,6.76,D,0,VIIRS_NOAA20_SP
20.87079,95.88316,332.73,0.39,0.36,2023-11-23,643,N20,VIIRS,n,2,301.09,1.56,D,0,VIIRS_NOAA20_SP
21.63824,96.90827,328.51,0.38,0.36,2023-11-23,643,N20,VIIRS,n,2,297.55,2.0,D,0,VIIRS_NOAA20_SP
21.69791,96.21261,331.84,0.39,0.36,2023-11-23,643,N20,VIIRS,n,2,299.47,2.19,D,0,VIIRS_NOAA20_SP
20.79656,85.25549,328.1,0.5,0.66,2023-11-23,644,N20,VIIRS,n,2,293.38,3.3,D,2,VIIRS_NOAA20_SP
20.96722,85.01936,336.54,0.51,0.66,2023-11-23,644,N20,VIIRS,n,2,293.49,5.38,D,0,VIIRS_NOAA20_SP
20.97116,85.17396,333.25,0.5,0.66,2023-11-23,644,N20,VIIRS,n,2,296.3,7.12,D,2,VIIRS_NOAA20_SP
22.09947,96.61514,325.83,0.38,0.36,2023-11-23,644,N20,VIIRS,n,2,298.2,1.64,D,0,VIIRS_NOAA20_SP
22.25155,97.79711,329.9,0.39,0.36,2023-11-23,644,N20,VIIRS,n,2,298.79,2.17,D,0,VIIRS_NOAA20_SP
22.35465,96.7029,327.58,0.38,0.36,2023-11-23,644,N20,VIIRS,n,2,301.56,2.84,D,2,VIIRS_NOAA20_SP
22.69829,87.49287,330.03,0.33,0.55,2023-11-23,644,N20,VIIRS,n,2,301.67,1.41,D,0,VIIRS_NOAA20_SP
22.78578,86.20609,335.48,0.4,0.6,2023-11-23,644,N20,VIIRS,n,2,298.77,5.55,D,2,VIIRS_NOAA20_SP
22.79959,87.52866,330.7,0.33,0.55,2023-11-23,644,N20,VIIRS,n,2,300.57,1.8,D,0,VIIRS_NOAA20_SP
22.81695,87.12532,334.72,0.35,0.56,2023-11-23,644,N20,VIIRS,n,2,297.24,1.41,D,0,VIIRS_NOAA20_SP
22.82201,87.12398,333.55,0.35,0.56,2023-11-23,644,N20,VIIRS,n,2,298.79,3.14,D,0,VIIRS_NOAA20_SP
22.87512,87.591,327.73,0.32,0.55,2023-11-23,644,N20,VIIRS,n,2,299.19,1.26,D,0,VIIRS_NOAA20_SP
22.88023,87.32004,331.48,0.33,0.56,2023-11-23,644,N20,VIIRS,n,2,301.21,2.54,D,0,VIIRS_NOAA20_SP
22.88089,87.61855,328.61,0.32,0.55,2023-11-23,644,N20,VIIRS,n,2,301.27,1.62,D,0,VIIRS_NOAA20_SP
22.90431,87.55421,341.17,0.32,0.55,2023-11-23,644,N20,VIIRS,n,2,298.88,1.95,D,0,VIIRS_NOAA20_SP
22.93093,87.55732,331.15,0.32,0.55,2023-11-23,644,N20,VIIRS,n,2,298.72,1.11,D,0,VIIRS_NOAA20_SP
22.95682,94.03876,329.91,0.43,0.38,2023-11-23,644,N20,VIIRS,n,2,298.69,2.25,D,0,VIIRS_NOAA20_SP
22.99312,87.57899,331.78,0.32,0.55,2023-11-23,644,N20,VIIRS,n,2,298.77,1.77,D,0,VIIRS_NOAA20_SP
23.05224,87.51626,339.96,0.32,0.55,2023-11-23,644,N20,VIIRS,n,2,300.67,3.18,D,0,VIIRS_NOAA20_SP
23.11139,94.077,328.39,0.42,0.38,2023-11-23,644,N20,VIIRS,n,2,299.23,2.04,D,0,VIIRS_NOAA20_SP
23.20494,87.52455,336.12,0.32,0.55,2023-11-23,644,N20,VIIRS,n,2,298.65,1.75,D,0,VIIRS_NOAA20_SP
23.21576,93.9856,326.94,0.43,0.38,2023-11-23,644,N20,VIIRS,n,2,299.61,2.59,D,0,VIIRS_NOAA20_SP
23.23586,96.5118,327.32,0.38,0.36,2023-11-23,644,N20,VIIRS,n,2,297.19,1.96,D,0,VIIRS_NOAA20_SP
23.69293,87.12334,331.22,0.33,0.55,2023-11-23,644,N20,VIIRS,l,2,303.66,4.93,D,2,VIIRS_NOAA20_SP
23.96425,97.23597,326.7,0.39,0.36,2023-11-23,644,N20,VIIRS,n,2,297.38,1.73,D,0,VIIRS_NOAA20_SP
24.1027,97.18478,329.55,0.39,0.36,2023-11-23,644,N20,VIIRS,l,2,300.48,1.76,D,0,VIIRS_NOAA20_SP
24.11189,89.57387,339.88,0.46,0.47,2023-11-23,644,N20,VIIRS,n,2,300.36,5.63,D,0,VIIRS_NOAA20_SP
24.34102,97.2846,326.88,0.39,0.36,2023-11-23,644,N20,VIIRS,l,2,298.78,2.15,D,0,VIIRS_NOAA20_SP
24.42931,94.51683,325.89,0.4,0.37,2023-11-23,644,N20,VIIRS,n,2,294.07,1.21,D,0,VIIRS_NOAA20_SP
24.66565,94.0934,330.16,0.41,0.37,2023-11-23,644,N20,VIIRS,n,2,297.27,2.45,D,0,VIIRS_NOAA20_SP
24.95735,96.14774,330.84,0.38,0.36,2023-11-23,644,N20,VIIRS,n,2,295.88,2.38,D,0,VIIRS_NOAA20_SP
25.21499,97.32664,344.82,0.4,0.37,2023-11-23,644,N20,VIIRS,n,2,301.01,6.67,D,0,VIIRS_NOAA20_SP
23.75925,86.404,334.49,0.37,0.58,2023-11-23,645,N20,VIIRS,n,2,303.69,5.24,D,2,VIIRS_NOAA20_SP
23.77849,86.39175,339.3,0.37,0.58,2023-11-23,645,N20,VIIRS,l,2,309.43,6.16,D,2,VIIRS_NOAA20_SP
23.78111,86.21062,333.33,0.38,0.58,2023-11-23,645,N20,VIIRS,l,2,303.63,5.41,D,2,VIIRS_NOAA20_SP
23.78275,86.21062,328.79,0.38,0.58,2023-11-23,645,N20,VIIRS,l,2,302.13,3.05,D,2,VIIRS_NOAA20_SP
23.81705,84.84809,336.21,0.46,0.63,2023-11-23,645,N20,VIIRS,n,2,295.61,3.57,D,0,VIIRS_NOAA20_SP
24.20813,82.71371,329.21,0.61,0.71,2023-11-23,645,N20,VIIRS,n,2,296.61,6.88,D,2,VIIRS_NOAA20_SP
24.33466,89.38953,327.62,0.47,0.47,2023-11-23,645,N20,VIIRS,n,2,298.29,1.79,D,0,VIIRS_NOAA20_SP
25.11459,83.77094,333.53,0.5,0.66,2023-11-23,645,N20,VIIRS,n,2,297.14,4.91,D,0,VIIRS_NOAA20_SP
25.20103,84.05115,330.77,0.48,0.64,2023-11-23,645,N20,VIIRS,n,2,296.58,2.46,D,0,VIIRS_NOAA20_SP
25.26728,85.44765,330.09,0.39,0.59,2023-11-23,645,N20,VIIRS,n,2,299.63,1.97,D,0,VIIRS_NOAA20_SP
25.64532,96.68821,331.82,0.39,0.36,2023-11-23,645,N20,VIIRS,n,2,298.38,2.39,D,0,VIIRS_NOAA20_SP
25.6851,88.14498,328.2,0.52,0.5,2023-11-23,645,N20,VIIRS,n,2,297.16,2.4,D,0,VIIRS_NOAA20_SP
25.75103,96.64577,333.49,0.39,0.36,2023-11-23,645,N20,VIIRS,n,2,300.0,4.19,D,0,VIIRS_NOAA20_SP
25.793,96.65411,326.25,0.39,0.36,2023-11-23,645,N20,VIIRS,n,2,298.62,0.87,D,0,VIIRS_NOAA20_SP
25.79631,96.65352,330.82,0.39,0.36,2023-11-23,645,N20,VIIRS,n,2,298.65,1.44,D,0,VIIRS_NOAA20_SP
25.91516,82.62398,335.43,0.56,0.69,2023-11-23,645,N20,VIIRS,n,2,298.1,5.69,D,0,VIIRS_NOAA20_SP
25.91712,82.62421,332.38,0.56,0.69,2023-11-23,645,N20,VIIRS,n,2,297.52,3.76,D,0,VIIRS_NOAA20_SP
25.9808,82.10813,335.44,0.6,0.71,2023-11-23,645,N20,VIIRS,n,2,298.25,3.61,D,0,VIIRS_NOAA20_SP
25.98234,82.10722,335.26,0.6,0.71,2023-11-23,645,N20,VIIRS,n,2,297.82,5.15,D,0,VIIRS_NOAA20_SP
26.37564,89.77034,328.49,0.41,0.45,2023-11-23,645,N20,VIIRS,n,2,292.27,1.0,D,0,VIIRS_NOAA20_SP
26.43296,96.76358,329.93,0.39,0.36,2023-11-23,645,N20,VIIRS,n,2,294.42,2.92,D,0,VIIRS_NOAA20_SP
26.69757,83.62485,328.28,0.47,0.64,2023-11-23,645,N20,VIIRS,n,2,296.71,2.28,D,0,VIIRS_NOAA20_SP
26.8147,86.15646,326.09,0.33,0.55,2023-11-23,645,N20,VIIRS,n,2,294.71,1.32,D,0,VIIRS_NOAA20_SP
27.63638,94.94637,325.45,0.38,0.36,2023-11-23,645,N20,VIIRS,l,2,299.84,2.15,D,0,VIIRS_NOAA20_SP
27.64684,94.94832,327.62,0.38,0.36,2023-11-23,645,N20,VIIRS,n,2,299.73,3.37,D,0,VIIRS_NOAA20_SP
27.64744,94.95219,331.23,0.38,0.36,2023-11-23,645,N20,VIIRS,n,2,297.78,3.37,D,0,VIIRS_NOAA20_SP
27.73507,96.24348,331.37,0.39,0.36,2023-11-23,645,N20,VIIRS,n,2,296.74,2.23,D,0,VIIRS_NOAA20_SP
27.76848,96.05254,330.93,0.39,0.36,2023-11-23,645,N20,VIIRS,n,2,297.53,3.98,D,0,VIIRS_NOAA20_SP
28.01692,95.57429,329.1,0.38,0.36,2023-11-23,645,N20,VIIRS,n,2,296.04,2.67,D,0,VIIRS_NOAA20_SP
28.15941,96.64991,342.29,0.4,0.37,2023-11-23,645,N20,VIIRS,n,2,292.26,4.06,D,0,VIIRS_NOAA20_SP
26.39103,81.72382,329.53,0.62,0.71,2023-11-23,646,N20,VIIRS,n,2,295.57,3.19,D,0,VIIRS_NOAA20_SP
26.69765,83.62638,329.13,0.47,0.64,2023-11-23,646,N20,VIIRS,n,2,296.49,1.67,D,0,VIIRS_NOAA20_SP
26.74675,83.60194,335.38,0.47,0.64,2023-11-23,646,N20,VIIRS,n,2,297.67,2.93,D,0,VIIRS_NOAA20_SP
26.91306,83.90705,333.65,0.44,0.63,2023-11-23,646,N20,VIIRS,n,2,297.19,2.49,D,0,VIIRS_NOAA20_SP
26.98765,84.11774,329.08,0.43,0.62,2023-11-23,646,N20,VIIRS,n,2,297.01,2.5,D,0,VIIRS_NOAA20_SP
27.00745,83.64394,352.96,0.46,0.63,2023-11-23,646,N20,VIIRS,n,2,300.37,7.72,D,0,VIIRS_NOAA20_SP
27.0808,85.17085,340.66,0.37,0.58,2023-11-23,646,N20,VIIRS,n,2,295.54,3.35,D,0,VIIRS_NOAA20_SP
27.1657,83.81853,348.57,0.44,0.63,2023-11-23,646,N20,VIIRS,n,2,296.18,5.39,D,0,VIIRS_NOAA20_SP
27.18527,84.71204,327.35,0.39,0.59,2023-11-23,646,N20,VIIRS,n,2,295.16,2.15,D,0,VIIRS_NOAA20_SP
27.3245,83.71362,367.0,0.45,0.63,2023-11-23,646,N20,VIIRS,h,2,299.5,7.93,D,0,VIIRS_NOAA20_SP
27.58073,83.01478,326.4,0.49,0.65,2023-11-23,646,N20,VIIRS,n,2,295.29,2.03,D,0,VIIRS_NOAA20_SP
28.24852,80.22485,325.16,0.68,0.74,2023-11-23,646,N20,VIIRS,n,2,296.16,3.24,D,0,VIIRS_NOAA20_SP
29.76565,93.29939,327.42,0.4,0.37,2023-11-23,646,N20,VIIRS,n,2,292.49,3.32,D,0,VIIRS_NOAA20_SP
29.99812,81.87514,367.0,0.5,0.66,2023-11-23,646,N20,VIIRS,h,2,294.49,13.72,D,0,VIIRS_NOAA20_SP
29.99553,81.87614,367.0,0.5,0.66,2023-11-23,647,N20,VIIRS,h,2,291.2,20.53,D,0,VIIRS_NOAA20_SP
28.34422,97.05958,302.39,0.39,0.36,2023-11-23,1910,N20,VIIRS,n,2,280.02,1.29,N,0,VIIRS_NOAA20_SP
29.08922,88.00903,311.02,0.38,0.59,2023-11-23,1910,N20,VIIRS,n,2,269.0,1.56,N,0,VIIRS_NOAA20_SP
29.26439,91.92442,300.75,0.44,0.46,2023-11-23,1910,N20,VIIRS,n,2,271.45,1.16,N,2,VIIRS_NOAA20_SP
30.06957,96.97881,300.19,0.4,0.37,2023-11-23,1910,N20,VIIRS,n,2,272.35,1.14,N,2,VIIRS_NOAA20_SP
30.94979,97.36364,296.08,0.4,0.37,2023-11-23,1910,N20,VIIRS,n,2,269.9,0.58,N,0,VIIRS_NOAA20_SP
24.77927,97.90153,317.81,0.39,0.36,2023-11-23,1911,N20,VIIRS,n,2,284.0,1.56,N,0,VIIRS_NOAA20_SP
26.76174,83.19347,299.25,0.71,0.75,2023-11-23,1911,N20,VIIRS,n,2,288.44,1.5,N,0,VIIRS_NOAA20_SP
26.78643,94.66964,304.73,0.45,0.39,2023-11-23,1911,N20,VIIRS,n,2,288.54,0.57,N,2,VIIRS_NOAA20_SP
27.15898,94.92957,300.36,0.44,0.39,2023-11-23,1911,N20,VIIRS,n,2,287.98,0.37,N,0,VIIRS_NOAA20_SP
27.31925,95.26717,310.88,0.43,0.38,2023-11-23,1911,N20,VIIRS,n,2,288.98,0.82,N,2,VIIRS_NOAA20_SP
27.37905,95.08944,298.6,0.44,0.38,2023-11-23,1911,N20,VIIRS,n,2,288.17,0.52,N,2,VIIRS_NOAA20_SP
27.46294,95.47602,300.77,0.43,0.38,2023-11-23,1911,N20,VIIRS,n,2,288.52,0.39,N,0,VIIRS_NOAA20_SP
27.47068,95.42022,305.38,0.43,0.38,2023-11-23,1911,N20,VIIRS,n,2,288.44,0.66,N,2,VIIRS_NOAA20_SP
27.53565,95.39878,301.68,0.43,0.38,2023-11-23,1911,N20,VIIRS,n,2,288.15,0.55,N,2,VIIRS_NOAA20_SP
27.55892,96.03697,300.35,0.41,0.37,2023-11-23,1911,N20,VIIRS,n,2,287.38,0.3,N,2,VIIRS_NOAA20_SP
27.60628,95.40223,307.79,0.43,0.38,2023-11-23,1911,N20,VIIRS,n,2,288.64,0.69,N,2,VIIRS_NOAA20_SP
21.57587,96.2346,309.85,0.38,0.36,2023-11-23,1912,N20,VIIRS,n,2,292.22,0.98,N,2,VIIRS_NOAA20_SP
21.59406,96.22647,305.05,0.38,0.36,2023-11-23,1912,N20,VIIRS,n,2,291.47,0.93,N,2,VIIRS_NOAA20_SP
22.35819,87.28663,306.08,0.35,0.57,2023-11-23,1912,N20,VIIRS,n,2,290.48,1.48,N,2,VIIRS_NOAA20_SP
22.36252,87.01439,306.24,0.37,0.58,2023-11-23,1912,N20,VIIRS,n,2,290.06,1.52,N,2,VIIRS_NOAA20_SP
22.36396,87.01606,312.32,0.37,0.58,2023-11-23,1912,N20,VIIRS,n,2,291.79,1.86,N,2,VIIRS_NOAA20_SP
22.36768,87.29817,310.55,0.35,0.57,2023-11-23,1912,N20,VIIRS,n,2,291.55,1.14,N,2,VIIRS_NOAA20_SP
22.36785,87.01506,320.65,0.37,0.58,2023-11-23,1912,N20,VIIRS,n,2,292.21,1.52,N,2,VIIRS_NOAA20_SP
22.36929,87.01672,318.61,0.37,0.58,2023-11-23,1912,N20,VIIRS,n,2,292.74,1.86,N,2,VIIRS_NOAA20_SP
22.37258,87.30222,301.12,0.35,0.57,2023-11-23,1912,N20,VIIRS,n,2,289.64,1.61,N,0,VIIRS_NOAA20_SP
22.37292,87.29879,304.34,0.35,0.57,2023-11-23,1912,N20,VIIRS,n,2,289.99,1.14,N,2,VIIRS_NOAA20_SP
22.38016,87.27881,325.2,0.35,0.57,2023-11-23,1912,N20,VIIRS,n,2,294.17,1.69,N,2,VIIRS_NOAA20_SP
22.3805,87.27538,309.05,0.35,0.57,2023-11-23,1912,N20,VIIRS,n,2,290.63,1.69,N,2,VIIRS_NOAA20_SP
22.59041,85.90264,304.73,0.44,0.62,2023-11-23,1912,N20,VIIRS,n,2,289.68,1.58,N,2,VIIRS_NOAA20_SP
22.78728,86.20045,304.0,0.42,0.61,2023-11-23,1912,N20,VIIRS,n,2,290.8,2.53,N,2,VIIRS_NOAA20_SP
22.7922,86.20922,300.35,0.42,0.61,2023-11-23,1912,N20,VIIRS,n,2,289.8,1.08,N,2,VIIRS_NOAA20_SP
22.79256,86.20515,302.26,0.42,0.61,2023-11-23,1912,N20,VIIRS,n,2,290.88,1.08,N,2,VIIRS_NOAA20_SP
22.79822,86.20564,325.11,0.42,0.61,2023-11-23,1912,N20,VIIRS,n,2,290.87,6.54,N,2,VIIRS_NOAA20_SP
22.79858,86.20155,351.18,0.42,0.61,2023-11-23,1912,N20,VIIRS,n,2,289.97,4.51,N,2,VIIRS_NOAA20_SP
22.79894,86.19744,307.66,0.42,0.61,2023-11-23,1912,N20,VIIRS,n,2,290.56,4.51,N,2,VIIRS_NOAA20_SP
22.80283,86.08905,309.78,0.43,0.62,2023-11-23,1912,N20,VIIRS,n,2,291.72,1.41,N,2,VIIRS_NOAA20_SP
22.85779,86.05273,298.95,0.43,0.62,2023-11-23,1912,N20,VIIRS,n,2,287.16,0.8,N,2,VIIRS_NOAA20_SP
22.87449,86.05884,303.75,0.43,0.62,2023-11-23,1912,N20,VIIRS,n,2,287.99,0.68,N,2,VIIRS_NOAA20_SP
22.87684,86.05824,300.18,0.43,0.62,2023-11-23,1912,N20,VIIRS,n,2,288.04,0.75,N,2,VIIRS_NOAA20_SP
23.51049,87.27888,301.16,0.36,0.58,2023-11-23,1912,N20,VIIRS,n,2,290.72,0.56,N,2,VIIRS_NOAA20_SP
23.51081,87.2753,300.58,0.36,0.58,2023-11-23,1912,N20,VIIRS,n,2,289.95,0.56,N,2,VIIRS_NOAA20_SP
23.5118,87.27993,301.48,0.36,0.58,2023-11-23,1912,N20,VIIRS,n,2,290.59,0.5,N,2,VIIRS_NOAA20_SP
23.51215,87.27634,302.83,0.36,0.58,2023-11-23,1912,N20,VIIRS,n,2,290.62,0.5,N,2,VIIRS_NOAA20_SP
23.54834,86.5438,299.98,0.41,0.6,2023-11-23,1912,N20,VIIRS,n,2,288.84,0.72,N,2,VIIRS_NOAA20_SP
23.55136,87.24382,305.59,0.37,0.58,2023-11-23,1912,N20,VIIRS,n,2,291.06,2.02,N,3,VIIRS_NOAA20_SP
23.5517,87.24018,303.28,0.37,0.58,2023-11-23,1912,N20,VIIRS,n,2,290.36,1.08,N,2,VIIRS_NOAA20_SP
23.55703,87.24082,302.05,0.37,0.58,2023-11-23,1912,N20,VIIRS,n,2,291.25,1.08,N,2,VIIRS_NOAA20_SP
23.56269,87.23782,322.93,0.37,0.58,2023-11-23,1912,N20,VIIRS,n,2,290.14,1.81,N,2,VIIRS_NOAA20_SP
23.56585,87.08681,303.2,0.37,0.58,2023-11-23,1912,N20,VIIRS,n,2,289.92,1.27,N,2,VIIRS_NOAA20_SP
23.61247,87.14451,302.13,0.37,0.58,2023-11-23,1912,N20,VIIRS,n,2,291.05,1.14,N,2,VIIRS_NOAA20_SP
23.61475,87.14467,302.34,0.37,0.58,2023-11-23,1912,N20,VIIRS,n,2,291.03,0.95,N,2,VIIRS_NOAA20_SP
23.61516,86.78797,311.19,0.39,0.59,2023-11-23,1912,N20,VIIRS,n,2,290.97,1.0,N,2,VIIRS_NOAA20_SP
23.61543,86.78491,301.99,0.39,0.59,2023-11-23,1912,N20,VIIRS,n,2,289.3,1.0,N,2,VIIRS_NOAA20_SP
23.61981,86.85789,302.54,0.39,0.59,2023-11-23,1912,N20,VIIRS,n,2,288.27,0.65,N,0,VIIRS_NOAA20_SP
23.66321,85.54879,295.46,0.47,0.64,2023-11-23,1912,N20,VIIRS,n,2,285.14,0.56,N,0,VIIRS_NOAA20_SP
23.6689,84.99609,296.78,0.51,0.66,2023-11-23,1912,N20,VIIRS,n,2,284.79,1.19,N,2,VIIRS_NOAA20_SP
23.67095,86.41988,299.74,0.41,0.61,2023-11-23,1912,N20,VIIRS,n,2,288.88,1.07,N,2,VIIRS_NOAA20_SP
23.67317,86.39518,298.19,0.42,0.61,2023-11-23,1912,N20,VIIRS,n,2,288.06,1.09,N,0,VIIRS_NOAA20_SP
23.67493,86.93348,300.9,0.38,0.59,2023-11-23,1912,N20,VIIRS,n,2,289.98,0.53,N,0,VIIRS_NOAA20_SP
23.67677,86.39499,305.92,0.42,0.61,2023-11-23,1912,N20,VIIRS,n,2,289.63,2.12,N,2,VIIRS_NOAA20_SP
23.67778,86.08273,326.65,0.44,0.62,2023-11-23,1912,N20,VIIRS,n,2,289.84,1.74,N,2,VIIRS_NOAA20_SP
23.67878,86.39597,300.61,0.42,0.61,2023-11-23,1912,N20,VIIRS,n,2,290.51,1.09,N,2,VIIRS_NOAA20_SP
23.68274,86.39154,302.24,0.42,0.61,2023-11-23,1912,N20,VIIRS,n,2,290.05,2.13,N,2,VIIRS_NOAA20_SP
23.68278,86.09187,310.51,0.44,0.62,2023-11-23,1912,N20,VIIRS,n,2,289.11,2.16,N,2,VIIRS_NOAA20_SP
23.68316,86.08758,300.42,0.44,0.62,2023-11-23,1912,N20,VIIRS,n,2,288.85,1.74,N,2,VIIRS_NOAA20_SP
23.68353,86.08327,298.74,0.44,0.62,2023-11-23,1912,N20,VIIRS,n,2,288.72,1.74,N,2,VIIRS_NOAA20_SP
23.68391,86.07893,308.48,0.44,0.62,2023-11-23,1912,N20,VIIRS,n,2,287.39,2.45,N,0,VIIRS_NOAA20_SP
23.68478,86.39249,304.52,0.42,0.61,2023-11-23,1912,N20,VIIRS,n,2,290.03,1.6,N,2,VIIRS_NOAA20_SP
23.68517,86.38824,311.32,0.42,0.61,2023-11-23,1912,N20,VIIRS,n,2,289.89,1.6,N,2,VIIRS_NOAA20_SP
23.68837,86.39224,299.92,0.42,0.61,2023-11-23,1912,N20,VIIRS,n,2,288.95,0.99,N,2,VIIRS_NOAA20_SP
23.68872,86.388,304.21,0.42,0.61,2023-11-23,1912,N20,VIIRS,n,2,289.6,0.99,N,2,VIIRS_NOAA20_SP
23.69069,87.1202,316.13,0.37,0.58,2023-11-23,1912,N20,VIIRS,n,2,292.06,1.98,N,2,VIIRS_NOAA20_SP
23.69117,86.38477,301.47,0.42,0.61,2023-11-23,1912,N20,VIIRS,n,2,290.16,1.6,N,2,VIIRS_NOAA20_SP
23.69273,87.09817,305.41,0.38,0.58,2023-11-23,1912,N20,VIIRS,n,2,291.65,1.42,N,2,VIIRS_NOAA20_SP
23.69361,90.51223,305.55,0.46,0.47,2023-11-23,1912,N20,VIIRS,n,2,291.89,1.0,N,2,VIIRS_NOAA20_SP
23.69606,87.12086,317.47,0.37,0.58,2023-11-23,1912,N20,VIIRS,n,2,293.35,1.98,N,2,VIIRS_NOAA20_SP
23.69675,87.11351,302.76,0.37,0.58,2023-11-23,1912,N20,VIIRS,n,2,290.0,3.44,N,2,VIIRS_NOAA20_SP
23.69778,87.10247,306.37,0.37,0.58,2023-11-23,1912,N20,VIIRS,n,2,289.99,1.42,N,2,VIIRS_NOAA20_SP
23.71823,86.44151,310.68,0.41,0.61,2023-11-23,1912,N20,VIIRS,n,2,291.54,1.88,N,2,VIIRS_NOAA20_SP
23.72349,86.4463,306.47,0.41,0.61,2023-11-23,1912,N20,VIIRS,n,2,295.51,1.88,N,2,VIIRS_NOAA20_SP
23.7242,86.43804,303.62,0.41,0.61,2023-11-23,1912,N20,VIIRS,n,2,291.04,1.91,N,2,VIIRS_NOAA20_SP
23.72981,86.43871,302.94,0.41,0.61,2023-11-23,1912,N20,VIIRS,n,2,291.2,1.46,N,2,VIIRS_NOAA20_SP
23.74203,85.00978,302.88,0.51,0.66,2023-11-23,1912,N20,VIIRS,n,2,288.06,1.36,N,2,VIIRS_NOAA20_SP
23.74491,85.50147,298.07,0.48,0.64,2023-11-23,1912,N20,VIIRS,n,2,286.21,0.67,N,2,VIIRS_NOAA20_SP
23.74819,85.50459,298.66,0.48,0.64,2023-11-23,1912,N20,VIIRS,n,2,287.44,0.99,N,2,VIIRS_NOAA20_SP
23.75443,86.41688,305.09,0.42,0.61,2023-11-23,1912,N20,VIIRS,n,2,291.45,2.23,N,2,VIIRS_NOAA20_SP
23.75627,86.39606,301.62,0.42,0.61,2023-11-23,1912,N20,VIIRS,n,2,289.23,1.6,N,2,VIIRS_NOAA20_SP
23.76152,86.40096,321.97,0.42,0.61,2023-11-23,1912,N20,VIIRS,n,2,291.62,1.6,N,2,VIIRS_NOAA20_SP
23.76189,86.39677,307.76,0.42,0.61,2023-11-23,1912,N20,VIIRS,n,2,291.93,1.6,N,2,VIIRS_NOAA20_SP
23.76213,85.85152,303.09,0.45,0.63,2023-11-23,1912,N20,VIIRS,n,2,287.08,2.63,N,2,VIIRS_NOAA20_SP
23.76788,86.39332,305.42,0.42,0.61,2023-11-23,1912,N20,VIIRS,n,2,293.78,2.3,N,2,VIIRS_NOAA20_SP
23.76825,86.38921,314.25,0.42,0.61,2023-11-23,1912,N20,VIIRS,n,2,295.32,2.3,N,2,VIIRS_NOAA20_SP
23.76971,86.37277,304.92,0.42,0.61,2023-11-23,1912,N20,VIIRS,n,2,292.26,1.77,N,2,VIIRS_NOAA20_SP
23.77647,86.36081,302.1,0.42,0.61,2023-11-23,1912,N20,VIIRS,n,2,289.94,0.87,N,2,VIIRS_NOAA20_SP
23.77877,86.2046,310.39,0.43,0.62,2023-11-23,1912,N20,VIIRS,n,2,290.17,2.22,N,2,VIIRS_NOAA20_SP
23.7795,86.39067,313.57,0.42,0.61,2023-11-23,1912,N20,VIIRS,n,2,293.0,2.7,N,2,VIIRS_NOAA20_SP
23.77987,86.38657,326.51,0.42,0.61,2023-11-23,1912,N20,VIIRS,n,2,293.07,4.78,N,2,VIIRS_NOAA20_SP
23.78136,86.36981,301.15,0.42,0.61,2023-11-23,1912,N20,VIIRS,n,2,290.06,1.05,N,2,VIIRS_NOAA20_SP
23.78252,86.39306,313.67,0.42,0.61,2023-11-23,1912,N20,VIIRS,n,2,293.86,2.04,N,2,VIIRS_NOAA20_SP
23.78286,86.38898,321.02,0.42,0.61,2023-11-23,1912,N20,VIIRS,n,2,293.34,2.04,N,2,VIIRS_NOAA20_SP
23.7832,86.38483,301.7,0.42,0.61,2023-11-23,1912,N20,VIIRS,n,2,288.52,1.59,N,0,VIIRS_NOAA20_SP
23.7836,86.34476,312.71,0.42,0.61,2023-11-23,1912,N20,VIIRS,n,2,290.02,2.03,N,2,VIIRS_NOAA20_SP
23.78445,86.20541,326.08,0.43,0.62,2023-11-23,1912,N20,VIIRS,n,2,292.36,3.27,N,2,VIIRS_NOAA20_SP
23.78513,86.39133,309.28,0.42,0.61,2023-11-23,1912,N20,VIIRS,n,2,290.82,2.7,N,2,VIIRS_NOAA20_SP
23.78768,86.33048,319.64,0.42,0.61,2023-11-23,1912,N20,VIIRS,n,2,294.03,2.47,N,2,VIIRS_NOAA20_SP
23.79036,86.33302,308.24,0.42,0.61,2023-11-23,1912,N20,VIIRS,n,2,291.68,2.55,N,2,VIIRS_NOAA20_SP
23.79073,86.3289,298.29,0.42,0.61,2023-11-23,1912,N20,VIIRS,n,2,287.72,1.56,N,2,VIIRS_NOAA20_SP
23.79452,86.35024,312.95,0.42,0.61,2023-11-23,1912,N20,VIIRS,n,2,291.52,2.14,N,2,VIIRS_NOAA20_SP
23.79761,86.34843,301.44,0.42,0.61,2023-11-23,1912,N20,VIIRS,n,2,290.59,2.02,N,2,VIIRS_NOAA20_SP
23.7983,86.34016,304.1,0.42,0.61,2023-11-23,1912,N20,VIIRS,n,2,290.59,2.59,N,0,VIIRS_NOAA20_SP
23.80091,86.34261,303.36,0.42,0.61,2023-11-23,1912,N20,VIIRS,n,2,292.69,2.62,N,2,VIIRS_NOAA20_SP
23.80349,87.04611,305.23,0.38,0.59,2023-11-23,1912,N20,VIIRS,n,2,293.34,1.9,N,2,VIIRS_NOAA20_SP
23.80499,86.32837,310.57,0.42,0.61,2023-11-23,1912,N20,VIIRS,n,2,292.41,1.42,N,2,VIIRS_NOAA20_SP
23.80535,86.32408,304.38,0.42,0.61,2023-11-23,1912,N20,VIIRS,n,2,291.83,1.42,N,2,VIIRS_NOAA20_SP
23.80807,86.32661,313.14,0.42,0.61,2023-11-23,1912,N20,VIIRS,n,2,291.48,1.85,N,2,VIIRS_NOAA20_SP
23.80922,86.3139,304.28,0.42,0.61,2023-11-23,1912,N20,VIIRS,n,2,292.51,1.08,N,2,VIIRS_NOAA20_SP
23.81207,86.31207,300.49,0.42,0.61,2023-11-23,1912,N20,VIIRS,n,2,290.43,0.8,N,2,VIIRS_NOAA20_SP
23.81637,84.84435,310.13,0.53,0.67,2023-11-23,1912,N20,VIIRS,n,2,287.0,3.37,N,0,VIIRS_NOAA20_SP
23.81737,84.84193,317.3,0.52,0.67,2023-11-23,1912,N20,VIIRS,n,2,286.34,2.51,N,0,VIIRS_NOAA20_SP
23.84716,86.49955,296.83,0.41,0.61,2023-11-23,1912,N20,VIIRS,n,2,286.28,0.32,N,0,VIIRS_NOAA20_SP
24.03112,97.99992,333.0,0.39,0.36,2023-11-23,1912,N20,VIIRS,n,2,287.6,2.78,N,0,VIIRS_NOAA20_SP
24.17929,82.64408,298.15,0.73,0.76,2023-11-23,1912,N20,VIIRS,n,2,287.72,1.46,N,0,VIIRS_NOAA20_SP
24.18398,82.57121,298.0,0.74,0.76,2023-11-23,1912,N20,VIIRS,n,2,287.46,1.52,N,2,VIIRS_NOAA20_SP
24.18876,82.57198,310.95,0.74,0.76,2023-11-23,1912,N20,VIIRS,n,2,287.84,2.1,N,2,VIIRS_NOAA20_SP
24.19106,82.57139,300.58,0.74,0.76,2023-11-23,1912,N20,VIIRS,n,2,287.59,1.64,N,0,VIIRS_NOAA20_SP
24.20857,82.52038,297.72,0.74,0.76,2023-11-23,1912,N20,VIIRS,n,2,286.66,0.98,N,0,VIIRS_NOAA20_SP
24.2087,82.71202,313.09,0.72,0.76,2023-11-23,1912,N20,VIIRS,n,2,288.55,2.13,N,2,VIIRS_NOAA20_SP
24.20912,82.70511,297.47,0.72,0.76,2023-11-23,1912,N20,VIIRS,n,2,287.15,2.13,N,2,VIIRS_NOAA20_SP
24.51826,97.78766,298.89,0.39,0.36,2023-11-23,1912,N20,VIIRS,n,2,286.1,0.53,N,0,VIIRS_NOAA20_SP
24.52363,97.79645,310.86,0.39,0.36,2023-11-23,1912,N20,VIIRS,n,2,287.23,1.21,N,2,VIIRS_NOAA20_SP
24.86901,92.02151,324.59,0.38,0.44,2023-11-23,1912,N20,VIIRS,n,2,290.25,2.04,N,2,VIIRS_NOAA20_SP
25.01937,89.26605,301.21,0.57,0.52,2023-11-23,1912,N20,VIIRS,n,2,290.0,0.9,N,0,VIIRS_NOAA20_SP
25.02382,89.26572,303.34,0.57,0.52,2023-11-23,1912,N20,VIIRS,n,2,289.23,1.22,N,0,VIIRS_NOAA20_SP
18.13372,96.65905,304.18,0.39,0.36,2023-11-23,1913,N20,VIIRS,n,2,291.72,0.62,N,0,VIIRS_NOAA20_SP
18.65348,97.55834,315.7,0.41,0.37,2023-11-23,1913,N20,VIIRS,n,2,289.43,1.01,N,0,VIIRS_NOAA20_SP
18.65685,97.55897,309.56,0.41,0.37,2023-11-23,1913,N20,VIIRS,n,2,288.89,0.28,N,0,VIIRS_NOAA20_SP
18.91103,96.03276,303.79,0.38,0.36,2023-11-23,1913,N20,VIIRS,n,2,290.39,0.49,N,0,VIIRS_NOAA20_SP
19.76086,96.40285,301.93,0.38,0.36,2023-11-23,1913,N20,VIIRS,n,2,289.94,0.44,N,0,VIIRS_NOAA20_SP
20.24247,86.6046,305.05,0.37,0.58,2023-11-23,1913,N20,VIIRS,n,2,293.23,3.86,N,2,VIIRS_NOAA20_SP
20.53577,85.91192,301.85,0.41,0.61,2023-11-23,1913,N20,VIIRS,n,2,289.95,0.47,N,0,VIIRS_NOAA20_SP
20.76015,85.29226,303.08,0.45,0.63,2023-11-23,1913,N20,VIIRS,n,2,290.0,0.69,N,2,VIIRS_NOAA20_SP
20.76056,85.28779,300.77,0.46,0.63,2023-11-23,1913,N20,VIIRS,n,2,289.61,0.69,N,2,VIIRS_NOAA20_SP
20.78679,85.25938,301.43,0.46,0.63,2023-11-23,1913,N20,VIIRS,n,2,290.6,1.07,N,2,VIIRS_NOAA20_SP
20.7872,85.25497,306.27,0.46,0.63,2023-11-23,1913,N20,VIIRS,n,2,290.49,1.07,N,2,VIIRS_NOAA20_SP
20.79223,85.2645,306.39,0.46,0.63,2023-11-23,1913,N20,VIIRS,n,2,290.79,1.81,N,2,VIIRS_NOAA20_SP
20.79345,85.25133,312.24,0.46,0.63,2023-11-23,1913,N20,VIIRS,n,2,288.76,3.34,N,2,VIIRS_NOAA20_SP
20.79931,85.25191,334.83,0.46,0.63,2023-11-23,1913,N20,VIIRS,n,2,290.44,3.34,N,2,VIIRS_NOAA20_SP
20.8683,96.39008,304.3,0.38,0.36,2023-11-23,1913,N20,VIIRS,n,2,291.34,0.97,N,2,VIIRS_NOAA20_SP
20.86912,84.98975,301.94,0.48,0.64,2023-11-23,1913,N20,VIIRS,n,2,290.56,1.2,N,2,VIIRS_NOAA20_SP
20.8715,84.99151,312.25,0.48,0.64,2023-11-23,1913,N20,VIIRS,n,2,289.81,2.82,N,2,VIIRS_NOAA20_SP
20.88824,84.97752,305.54,0.48,0.65,2023-11-23,1913,N20,VIIRS,n,2,289.73,1.33,N,2,VIIRS_NOAA20_SP
20.94592,86.05337,308.45,0.41,0.6,2023-11-23,1913,N20,VIIRS,n,2,291.63,1.55,N,2,VIIRS_NOAA20_SP
20.95224,86.04646,313.18,0.41,0.6,2023-11-23,1913,N20,VIIRS,n,2,291.28,1.93,N,2,VIIRS_NOAA20_SP
20.95501,85.00669,301.71,0.48,0.64,2023-11-23,1913,N20,VIIRS,n,2,288.8,1.1,N,2,VIIRS_NOAA20_SP
20.95768,85.00769,300.87,0.48,0.64,2023-11-23,1913,N20,VIIRS,n,2,289.21,1.24,N,2,VIIRS_NOAA20_SP
20.96312,85.18728,301.53,0.46,0.64,2023-11-23,1913,N20,VIIRS,n,2,291.03,1.22,N,2,VIIRS_NOAA20_SP
20.96391,85.17833,306.96,0.47,0.64,2023-11-23,1913,N20,VIIRS,n,2,291.16,3.0,N,2,VIIRS_NOAA20_SP
20.96432,85.17379,311.64,0.47,0.64,2023-11-23,1913,N20,VIIRS,n,2,291.57,1.95,N,2,VIIRS_NOAA20_SP
20.96472,85.16922,305.71,0.47,0.64,2023-11-23,1913,N20,VIIRS,n,2,291.34,1.95,N,2,VIIRS_NOAA20_SP
20.96917,85.01341,305.0,0.48,0.64,2023-11-23,1913,N20,VIIRS,n,2,288.48,1.13,N,0,VIIRS_NOAA20_SP
20.97022,85.17437,307.52,0.47,0.64,2023-11-23,1913,N20,VIIRS,n,2,290.39,1.95,N,2,VIIRS_NOAA20_SP
20.97062,85.16978,328.74,0.47,0.64,2023-11-23,1913,N20,VIIRS,n,2,291.58,1.95,N,2,VIIRS_NOAA20_SP
20.9723,86.0002,306.05,0.41,0.61,2023-11-23,1913,N20,VIIRS,n,2,291.8,1.97,N,2,VIIRS_NOAA20_SP
20.97248,85.01311,301.65,0.48,0.64,2023-11-23,1913,N20,VIIRS,n,2,287.63,1.24,N,0,VIIRS_NOAA20_SP
20.97371,86.00074,308.62,0.41,0.61,2023-11-23,1913,N20,VIIRS,n,2,292.85,1.35,N,2,VIIRS_NOAA20_SP
20.97694,85.16577,303.7,0.47,0.64,2023-11-23,1913,N20,VIIRS,n,2,291.07,1.27,N,2,VIIRS_NOAA20_SP
20.97977,85.13402,307.26,0.47,0.64,2023-11-23,1913,N20,VIIRS,n,2,290.75,1.54,N,2,VIIRS_NOAA20_SP
20.98649,85.12566,303.0,0.47,0.64,2023-11-23,1913,N20,VIIRS,n,2,289.83,1.85,N,0,VIIRS_NOAA20_SP
21.00402,86.02397,304.13,0.41,0.61,2023-11-23,1913,N20,VIIRS,n,2,290.85,0.67,N,0,VIIRS_NOAA20_SP
21.06689,85.03255,299.95,0.48,0.64,2023-11-23,1913,N20,VIIRS,n,2,289.26,0.85,N,2,VIIRS_NOAA20_SP
21.07838,85.03823,311.02,0.48,0.64,2023-11-23,1913,N20,VIIRS,n,2,291.21,3.48,N,2,VIIRS_NOAA20_SP
21.08202,85.03704,307.51,0.48,0.64,2023-11-23,1913,N20,VIIRS,n,2,291.51,2.11,N,2,VIIRS_NOAA20_SP
21.37783,81.67181,299.57,0.79,0.78,2023-11-23,1913,N20,VIIRS,n,2,287.51,3.13,N,0,VIIRS_NOAA20_SP
21.3945,81.64165,305.69,0.79,0.78,2023-11-23,1913,N20,VIIRS,n,2,288.05,1.87,N,2,VIIRS_NOAA20_SP
21.48978,81.76517,302.64,0.78,0.78,2023-11-23,1913,N20,VIIRS,n,2,289.28,1.47,N,2,VIIRS_NOAA20_SP
21.67618,82.07583,301.23,0.75,0.77,2023-11-23,1913,N20,VIIRS,n,2,290.86,1.52,N,2,VIIRS_NOAA20_SP
21.67875,84.03481,309.88,0.56,0.69,2023-11-23,1913,N20,VIIRS,n,2,290.63,2.71,N,2,VIIRS_NOAA20_SP
21.68283,84.03455,313.01,0.56,0.69,2023-11-23,1913,N20,VIIRS,n,2,291.12,3.21,N,2,VIIRS_NOAA20_SP
21.75686,84.0209,313.56,0.56,0.69,2023-11-23,1913,N20,VIIRS,n,2,291.36,2.06,N,2,VIIRS_NOAA20_SP
21.75869,83.84048,312.11,0.58,0.7,2023-11-23,1913,N20,VIIRS,n,2,291.51,2.23,N,2,VIIRS_NOAA20_SP
21.75902,84.02351,300.6,0.56,0.69,2023-11-23,1913,N20,VIIRS,n,2,290.16,2.4,N,2,VIIRS_NOAA20_SP
21.75945,84.0179,307.17,0.56,0.69,2023-11-23,1913,N20,VIIRS,n,2,291.29,2.1,N,2,VIIRS_NOAA20_SP
21.76322,84.0216,301.02,0.56,0.69,2023-11-23,1913,N20,VIIRS,n,2,290.07,2.06,N,2,VIIRS_NOAA20_SP
21.76513,83.84109,313.77,0.58,0.7,2023-11-23,1913,N20,VIIRS,n,2,290.35,2.23,N,2,VIIRS_NOAA20_SP
21.76581,84.01859,302.66,0.56,0.69,2023-11-23,1913,N20,VIIRS,n,2,290.76,2.1,N,2,VIIRS_NOAA20_SP
21.76959,84.02219,300.86,0.56,0.69,2023-11-23,1913,N20,VIIRS,n,2,289.34,1.04,N,2,VIIRS_NOAA20_SP
21.77005,84.01662,307.23,0.56,0.69,2023-11-23,1913,N20,VIIRS,n,2,291.33,1.04,N,2,VIIRS_NOAA20_SP
21.77219,84.01924,307.58,0.56,0.69,2023-11-23,1913,N20,VIIRS,n,2,290.4,1.3,N,2,VIIRS_NOAA20_SP
21.77262,84.01356,301.32,0.56,0.69,2023-11-23,1913,N20,VIIRS,n,2,290.18,1.3,N,2,VIIRS_NOAA20_SP
21.77643,84.01721,300.22,0.56,0.69,2023-11-23,1913,N20,VIIRS,n,2,289.55,1.04,N,0,VIIRS_NOAA20_SP
21.80407,85.56361,299.66,0.45,0.63,2023-11-23,1913,N20,VIIRS,n,2,287.55,0.9,N,0,VIIRS_NOAA20_SP
21.88012,83.551,307.32,0.61,0.71,2023-11-23,1913,N20,VIIRS,n,2,290.18,1.35,N,2,VIIRS_NOAA20_SP
21.92027,83.34757,308.96,0.63,0.72,2023-11-23,1913,N20,VIIRS,n,2,291.7,2.44,N,2,VIIRS_NOAA20_SP
21.92256,83.34821,315.74,0.63,0.72,2023-11-23,1913,N20,VIIRS,n,2,293.02,3.4,N,2,VIIRS_NOAA20_SP
21.92689,83.34828,303.82,0.63,0.72,2023-11-23,1913,N20,VIIRS,n,2,290.85,2.03,N,2,VIIRS_NOAA20_SP
21.92779,83.33588,311.18,0.63,0.72,2023-11-23,1913,N20,VIIRS,n,2,290.85,3.6,N,2,VIIRS_NOAA20_SP
21.93016,83.33652,312.53,0.63,0.72,2023-11-23,1913,N20,VIIRS,n,2,291.31,4.06,N,2,VIIRS_NOAA20_SP
21.93397,83.34281,301.59,0.63,0.72,2023-11-23,1913,N20,VIIRS,n,2,290.71,2.03,N,0,VIIRS_NOAA20_SP
21.93414,85.21974,311.93,0.47,0.64,2023-11-23,1913,N20,VIIRS,n,2,288.73,2.04,N,2,VIIRS_NOAA20_SP
21.97199,85.31101,301.11,0.47,0.64,2023-11-23,1913,N20,VIIRS,n,2,286.64,0.41,N,2,VIIRS_NOAA20_SP
21.98927,83.22921,301.26,0.64,0.72,2023-11-23,1913,N20,VIIRS,n,2,289.78,1.22,N,0,VIIRS_NOAA20_SP
21.99486,85.3226,298.72,0.47,0.64,2023-11-23,1913,N20,VIIRS,n,2,287.39,0.59,N,2,VIIRS_NOAA20_SP
21.99662,85.32333,296.69,0.47,0.64,2023-11-23,1913,N20,VIIRS,n,2,286.47,0.63,N,0,VIIRS_NOAA20_SP
22.00926,82.66657,311.55,0.69,0.74,2023-11-23,1913,N20,VIIRS,n,2,289.99,2.54,N,2,VIIRS_NOAA20_SP
22.00945,82.66549,310.57,0.69,0.74,2023-11-23,1913,N20,VIIRS,n,2,289.63,3.34,N,2,VIIRS_NOAA20_SP
22.04261,83.73576,302.25,0.59,0.7,2023-11-23,1913,N20,VIIRS,n,2,290.39,1.83,N,2,VIIRS_NOAA20_SP
22.04955,83.73055,300.25,0.59,0.7,2023-11-23,1913,N20,VIIRS,n,2,288.54,2.58,N,0,VIIRS_NOAA20_SP
22.05256,88.12193,307.31,0.62,0.54,2023-11-23,1913,N20,VIIRS,n,2,292.34,2.14,N,2,VIIRS_NOAA20_SP
22.05751,88.12255,318.19,0.62,0.54,2023-11-23,1913,N20,VIIRS,n,2,295.11,2.14,N,2,VIIRS_NOAA20_SP
22.11062,83.51886,299.95,0.61,0.71,2023-11-23,1913,N20,VIIRS,n,2,289.03,0.72,N,0,VIIRS_NOAA20_SP
22.11593,83.11573,301.67,0.65,0.73,2023-11-23,1913,N20,VIIRS,n,2,289.11,1.42,N,0,VIIRS_NOAA20_SP
22.13716,85.38086,298.04,0.47,0.64,2023-11-23,1913,N20,VIIRS,n,2,287.28,0.64,N,0,VIIRS_NOAA20_SP
22.21253,84.85813,301.23,0.5,0.66,2023-11-23,1913,N20,VIIRS,n,2,289.44,1.63,N,2,VIIRS_NOAA20_SP
22.21424,84.8382,300.57,0.5,0.66,2023-11-23,1913,N20,VIIRS,n,2,288.65,0.59,N,2,VIIRS_NOAA20_SP
22.21778,84.86857,305.79,0.5,0.66,2023-11-23,1913,N20,VIIRS,n,2,289.19,3.58,N,2,VIIRS_NOAA20_SP
22.22761,84.75517,299.01,0.51,0.66,2023-11-23,1913,N20,VIIRS,n,2,288.14,0.69,N,2,VIIRS_NOAA20_SP
22.22801,84.74921,303.71,0.51,0.66,2023-11-23,1913,N20,VIIRS,n,2,288.94,1.41,N,2,VIIRS_NOAA20_SP
22.22801,84.75011,300.3,0.51,0.66,2023-11-23,1913,N20,VIIRS,n,2,288.6,0.69,N,2,VIIRS_NOAA20_SP
22.33036,82.65269,310.61,0.7,0.75,2023-11-23,1913,N20,VIIRS,n,2,290.04,3.33,N,2,VIIRS_NOAA20_SP
22.33046,82.65161,312.08,0.7,0.75,2023-11-23,1913,N20,VIIRS,n,2,290.2,3.11,N,2,VIIRS_NOAA20_SP
15.86311,97.79633,309.86,0.44,0.38,2023-11-23,1914,N20,VIIRS,n,2,293.2,0.98,N,0,VIIRS_NOAA20_SP
15.86932,97.78088,304.22,0.44,0.38,2023-11-23,1914,N20,VIIRS,n,2,292.52,0.5,N,0,VIIRS_NOAA20_SP
16.42,97.72772,303.88,0.43,0.38,2023-11-23,1914,N20,VIIRS,n,2,292.3,0.93,N,2,VIIRS_NOAA20_SP
33.6911,72.71144,310.23,0.4,0.37,2023-11-23,2050,N20,VIIRS,n,2,286.18,1.88,N,2,VIIRS_NOAA20_SP
33.85118,72.86895,298.8,0.4,0.37,2023-11-23,2050,N20,VIIRS,n,2,283.75,0.6,N,0,VIIRS_NOAA20_SP
33.90446,71.91348,300.88,0.42,0.38,2023-11-23,2050,N20,VIIRS,n,2,285.23,0.76,N,2,VIIRS_NOAA20_SP
34.1919,72.90823,295.27,0.4,0.37,2023-11-23,2050,N20,VIIRS,n,2,284.13,0.34,N,0,VIIRS_NOAA20_SP
34.474,73.32878,302.98,0.39,0.36,2023-11-23,2050,N20,VIIRS,n,2,281.22,1.06,N,0,VIIRS_NOAA20_SP
28.94188,78.83576,295.9,0.39,0.44,2023-11-23,2051,N20,VIIRS,n,2,284.87,0.31,N,0,VIIRS_NOAA20_SP
29.41429,79.50504,297.23,0.42,0.45,2023-11-23,2051,N20,VIIRS,n,2,281.71,0.68,N,0,VIIRS_NOAA20_SP
29.4595,76.8885,297.42,0.47,0.39,2023-11-23,2051,N20,VIIRS,n,2,287.26,1.0,N,0,VIIRS_NOAA20_SP
29.46307,76.88936,300.89,0.47,0.39,2023-11-23,2051,N20,VIIRS,n,2,289.15,1.07,N,0,VIIRS_NOAA20_SP
29.91121,74.94773,303.17,0.4,0.37,2023-11-23,2051,N20,VIIRS,n,2,284.72,0.63,N,2,VIIRS_NOAA20_SP
30.12147,71.38318,296.57,0.41,0.37,2023-11-23,2051,N20,VIIRS,n,2,286.26,0.25,N,0,VIIRS_NOAA20_SP
30.17713,71.65811,298.22,0.4,0.37,2023-11-23,2051,N20,VIIRS,n,2,285.62,0.55,N,0,VIIRS_NOAA20_SP
30.23272,71.84707,301.33,0.4,0.37,2023-11-23,2051,N20,VIIRS,n,2,285.74,0.55,N,0,VIIRS_NOAA20_SP
30.36831,71.68496,295.17,0.4,0.37,2023-11-23,2051,N20,VIIRS,n,2,285.1,0.39,N,0,VIIRS_NOAA20_SP
30.5619,74.15458,300.42,0.39,0.36,2023-11-23,2051,N20,VIIRS,n,2,283.43,0.34,N,0,VIIRS_NOAA20_SP
30.69475,78.36482,297.39,0.52,0.42,2023-11-23,2051,N20,VIIRS,n,2,282.33,0.92,N,0,VIIRS_NOAA20_SP
30.73994,78.41567,304.85,0.52,0.42,2023-11-23,2051,N20,VIIRS,n,2,282.18,1.29,N,0,VIIRS_NOAA20_SP
31.18927,77.49258,298.5,0.47,0.4,2023-11-23,2051,N20,VIIRS,n,2,278.43,1.16,N,0,VIIRS_NOAA20_SP
31.25097,76.92677,302.49,0.44,0.39,2023-11-23,2051,N20,VIIRS,n,2,282.7,0.72,N,2,VIIRS_NOAA20_SP
31.25874,76.92411,297.17,0.44,0.39,2023-11-23,2051,N20,VIIRS,n,2,282.8,0.72,N,2,VIIRS_NOAA20_SP
31.32972,76.89599,296.08,0.44,0.39,2023-11-23,2051,N20,VIIRS,n,2,283.84,0.7,N,2,VIIRS_NOAA20_SP
31.44525,73.742,301.5,0.38,0.36,2023-11-23,2051,N20,VIIRS,n,2,283.3,0.63,N,0,VIIRS_NOAA20_SP
31.44576,76.92136,308.88,0.44,0.39,2023-11-23,2051,N20,VIIRS,n,2,281.07,1.52,N,0,VIIRS_NOAA20_SP
31.45197,76.92715,319.04,0.44,0.39,2023-11-23,2051,N20,VIIRS,n,2,280.93,1.97,N,0,VIIRS_NOAA20_SP
31.45287,76.92222,296.57,0.44,0.39,2023-11-23,2051,N20,VIIRS,n,2,278.63,0.67,N,0,VIIRS_NOAA20_SP
31.60398,76.01577,296.49,0.41,0.37,2023-11-23,2051,N20,VIIRS,n,2,286.13,0.59,N,0,VIIRS_NOAA20_SP
31.61074,76.01736,313.55,0.41,0.37,2023-11-23,2051,N20,VIIRS,n,2,286.13,1.49,N,0,VIIRS_NOAA20_SP
31.62273,74.42484,300.36,0.39,0.36,2023-11-23,2051,N20,VIIRS,n,2,283.46,0.55,N,2,VIIRS_NOAA20_SP
31.62735,74.43837,298.04,0.39,0.36,2023-11-23,2051,N20,VIIRS,n,2,284.53,0.37,N,2,VIIRS_NOAA20_SP
31.62931,74.4263,296.32,0.39,0.36,2023-11-23,2051,N20,VIIRS,n,2,283.25,0.32,N,2,VIIRS_NOAA20_SP
31.66036,74.01822,296.34,0.38,0.36,2023-11-23,2051,N20,VIIRS,n,2,283.69,0.43,N,0,VIIRS_NOAA20_SP
31.70712,74.26025,297.04,0.39,0.36,2023-11-23,2051,N20,VIIRS,n,2,284.79,0.48,N,0,VIIRS_NOAA20_SP
31.96732,77.22711,301.5,0.45,0.39,2023-11-23,2051,N20,VIIRS,n,2,278.74,1.91,N,0,VIIRS_NOAA20_SP
32.05703,74.26647,296.1,0.38,0.36,2023-11-23,2051,N20,VIIRS,n,2,284.14,0.58,N,0,VIIRS_NOAA20_SP
32.10319,74.17139,308.82,0.38,0.36,2023-11-23,2051,N20,VIIRS,n,2,285.59,0.64,N,2,VIIRS_NOAA20_SP
32.22955,74.99037,303.63,0.39,0.36,2023-11-23,2051,N20,VIIRS,n,2,283.25,0.74,N,0,VIIRS_NOAA20_SP
32.23821,74.04948,298.85,0.38,0.36,2023-11-23,2051,N20,VIIRS,n,2,283.54,0.5,N,0,VIIRS_NOAA20_SP
32.29066,70.73624,304.88,0.44,0.39,2023-11-23,2051,N20,VIIRS,n,2,287.99,0.68,N,2,VIIRS_NOAA20_SP
32.29481,70.73213,304.2,0.44,0.39,2023-11-23,2051,N20,VIIRS,n,2,288.17,0.68,N,2,VIIRS_NOAA20_SP
32.36247,72.20656,297.05,0.4,0.37,2023-11-23,2051,N20,VIIRS,n,2,283.86,0.54,N,0,VIIRS_NOAA20_SP
32.37957,72.13554,295.9,0.4,0.37,2023-11-23,2051,N20,VIIRS,n,2,285.45,1.12,N,0,VIIRS_NOAA20_SP
32.57456,72.56556,300.04,0.4,0.37,2023-11-23,2051,N20,VIIRS,n,2,287.49,0.77,N,2,VIIRS_NOAA20_SP
32.72247,72.92474,302.79,0.39,0.36,2023-11-23,2051,N20,VIIRS,n,2,285.01,0.69,N,2,VIIRS_NOAA20_SP
32.88899,71.61605,314.86,0.42,0.38,2023-11-23,2051,N20,VIIRS,n,2,288.79,1.5,N,2,VIIRS_NOAA20_SP
32.88965,71.61795,310.61,0.42,0.38,2023-11-23,2051,N20,VIIRS,n,2,287.16,0.92,N,2,VIIRS_NOAA20_SP
33.40781,71.93919,296.7,0.42,0.37,2023-11-23,2051,N20,VIIRS,n,2,283.57,0.47,N,2,VIIRS_NOAA20_SP
33.54741,71.54827,296.69,0.43,0.38,2023-11-23,2051,N20,VIIRS,n,2,285.08,0.51,N,2,VIIRS_NOAA20_SP
23.61519,86.78092,299.24,0.77,0.77,2023-11-23,2052,N20,VIIRS,n,2,287.88,1.24,N,0,VIIRS_NOAA20_SP
23.68876,86.38859,302.9,0.73,0.76,2023-11-23,2052,N20,VIIRS,n,2,288.3,2.15,N,2,VIIRS_NOAA20_SP
23.68894,86.3884,302.76,0.73,0.76,2023-11-23,2052,N20,VIIRS,n,2,288.15,2.72,N,2,VIIRS_NOAA20_SP
23.74188,85.00847,298.43,0.6,0.7,2023-11-23,2052,N20,VIIRS,n,2,287.18,2.05,N,2,VIIRS_NOAA20_SP
23.75829,86.40126,310.97,0.73,0.76,2023-11-23,2052,N20,VIIRS,n,2,289.21,4.23,N,2,VIIRS_NOAA20_SP
23.75939,86.39957,318.21,0.72,0.76,2023-11-23,2052,N20,VIIRS,n,2,289.48,3.19,N,2,VIIRS_NOAA20_SP
23.76002,86.39453,315.43,0.72,0.76,2023-11-23,2052,N20,VIIRS,n,2,289.64,4.94,N,2,VIIRS_NOAA20_SP
23.76118,86.39281,311.43,0.72,0.76,2023-11-23,2052,N20,VIIRS,n,2,289.98,3.19,N,2,VIIRS_NOAA20_SP
23.76678,86.39648,302.72,0.72,0.76,2023-11-23,2052,N20,VIIRS,n,2,290.9,3.16,N,2,VIIRS_NOAA20_SP
23.76794,86.39474,303.93,0.72,0.76,2023-11-23,2052,N20,VIIRS,n,2,291.27,3.19,N,2,VIIRS_NOAA20_SP
23.76856,86.38958,301.38,0.72,0.76,2023-11-23,2052,N20,VIIRS,n,2,290.19,3.16,N,2,VIIRS_NOAA20_SP
23.77711,86.38453,306.69,0.72,0.76,2023-11-23,2052,N20,VIIRS,n,2,289.02,4.15,N,2,VIIRS_NOAA20_SP
23.77835,86.3828,304.47,0.72,0.76,2023-11-23,2052,N20,VIIRS,n,2,287.93,2.76,N,2,VIIRS_NOAA20_SP
23.78047,86.20341,312.15,0.7,0.75,2023-11-23,2052,N20,VIIRS,n,2,288.76,4.88,N,2,VIIRS_NOAA20_SP
23.78056,86.3711,300.32,0.72,0.76,2023-11-23,2052,N20,VIIRS,n,2,288.22,2.62,N,2,VIIRS_NOAA20_SP
23.78079,86.34207,308.5,0.72,0.75,2023-11-23,2052,N20,VIIRS,n,2,288.25,3.96,N,2,VIIRS_NOAA20_SP
23.78188,86.36944,303.03,0.72,0.76,2023-11-23,2052,N20,VIIRS,n,2,287.97,2.35,N,2,VIIRS_NOAA20_SP
23.78208,86.39343,306.98,0.72,0.76,2023-11-23,2052,N20,VIIRS,n,2,289.98,2.06,N,2,VIIRS_NOAA20_SP
23.78225,86.3405,307.85,0.72,0.75,2023-11-23,2052,N20,VIIRS,n,2,288.1,1.95,N,2,VIIRS_NOAA20_SP
23.7833,86.39161,309.75,0.72,0.76,2023-11-23,2052,N20,VIIRS,n,2,290.11,2.76,N,2,VIIRS_NOAA20_SP
23.78721,86.20515,297.83,0.7,0.75,2023-11-23,2052,N20,VIIRS,n,2,285.99,1.41,N,2,VIIRS_NOAA20_SP
23.79395,86.35113,302.26,0.72,0.75,2023-11-23,2052,N20,VIIRS,n,2,289.38,1.72,N,2,VIIRS_NOAA20_SP
23.79423,86.34608,306.21,0.72,0.75,2023-11-23,2052,N20,VIIRS,n,2,288.79,3.78,N,2,VIIRS_NOAA20_SP
23.79571,86.34443,301.39,0.72,0.75,2023-11-23,2052,N20,VIIRS,n,2,288.62,1.72,N,2,VIIRS_NOAA20_SP
23.80621,86.3275,307.9,0.72,0.75,2023-11-23,2052,N20,VIIRS,n,2,289.88,2.93,N,2,VIIRS_NOAA20_SP
23.8078,86.32595,305.77,0.72,0.75,2023-11-23,2052,N20,VIIRS,n,2,289.15,2.03,N,2,VIIRS_NOAA20_SP
23.82442,85.4958,297.77,0.64,0.72,2023-11-23,2052,N20,VIIRS,n,2,287.24,1.09,N,2,VIIRS_NOAA20_SP
24.15713,82.56412,306.44,0.41,0.61,2023-11-23,2052,N20,VIIRS,n,2,288.26,1.16,N,0,VIIRS_NOAA20_SP
24.20687,82.52438,306.82,0.41,0.61,2023-11-23,2052,N20,VIIRS,n,2,288.65,1.08,N,2,VIIRS_NOAA20_SP
24.2109,82.7067,300.37,0.42,0.61,2023-11-23,2052,N20,VIIRS,n,2,288.22,1.17,N,2,VIIRS_NOAA20_SP
25.26314,81.80074,296.2,0.35,0.57,2023-11-23,2052,N20,VIIRS,n,2,285.84,0.58,N,0,VIIRS_NOAA20_SP
26.6052,73.68337,301.25,0.39,0.36,2023-11-23,2052,N20,VIIRS,n,2,288.63,0.73,N,2,VIIRS_NOAA20_SP
26.64417,79.47935,296.8,0.47,0.48,2023-11-23,2052,N20,VIIRS,n,2,285.22,0.49,N,2,VIIRS_NOAA20_SP
26.76111,83.19724,302.46,0.39,0.6,2023-11-23,2052,N20,VIIRS,n,2,288.68,1.15,N,2,VIIRS_NOAA20_SP
26.76247,83.19981,301.3,0.39,0.6,2023-11-23,2052,N20,VIIRS,n,2,290.13,1.12,N,2,VIIRS_NOAA20_SP
26.87522,73.51556,303.44,0.39,0.36,2023-11-23,2052,N20,VIIRS,n,2,286.32,1.01,N,2,VIIRS_NOAA20_SP
26.87853,73.51623,298.96,0.39,0.36,2023-11-23,2052,N20,VIIRS,n,2,286.69,1.01,N,2,VIIRS_NOAA20_SP
26.9271,73.46996,297.15,0.39,0.36,2023-11-23,2052,N20,VIIRS,n,2,285.46,0.52,N,2,VIIRS_NOAA20_SP
26.92774,73.46607,297.11,0.39,0.36,2023-11-23,2052,N20,VIIRS,n,2,284.59,0.52,N,2,VIIRS_NOAA20_SP
26.98446,68.9071,309.44,0.47,0.4,2023-11-23,2052,N20,VIIRS,n,2,289.59,1.23,N,0,VIIRS_NOAA20_SP
27.15837,73.65944,296.19,0.39,0.36,2023-11-23,2052,N20,VIIRS,n,2,283.41,0.53,N,0,VIIRS_NOAA20_SP
27.44148,82.24019,300.22,0.33,0.56,2023-11-23,2052,N20,VIIRS,n,2,286.46,0.59,N,0,VIIRS_NOAA20_SP
27.61996,70.66937,309.48,0.41,0.37,2023-11-23,2052,N20,VIIRS,n,2,284.92,0.63,N,0,VIIRS_NOAA20_SP
27.96915,69.8066,301.48,0.44,0.38,2023-11-23,2052,N20,VIIRS,n,2,290.48,0.53,N,0,VIIRS_NOAA20_SP
28.4266,69.70096,307.98,0.45,0.39,2023-11-23,2052,N20,VIIRS,n,2,289.31,0.75,N,2,VIIRS_NOAA20_SP
28.61399,68.62435,312.14,0.5,0.41,2023-11-23,2052,N20,VIIRS,n,2,288.12,1.71,N,0,VIIRS_NOAA20_SP
28.67814,76.63388,313.11,0.47,0.39,2023-11-23,2052,N20,VIIRS,n,2,284.45,1.93,N,0,VIIRS_NOAA20_SP
28.7281,77.1566,300.44,0.49,0.4,2023-11-23,2052,N20,VIIRS,n,2,286.55,0.62,N,2,VIIRS_NOAA20_SP
29.12487,75.77639,303.78,0.43,0.38,2023-11-23,2052,N20,VIIRS,n,2,286.64,0.82,N,2,VIIRS_NOAA20_SP
30.15657,69.54544,307.9,0.47,0.4,2023-11-23,2052,N20,VIIRS,n,2,281.61,1.38,N,0,VIIRS_NOAA20_SP
20.75912,85.29006,305.79,0.72,0.76,2023-11-23,2053,N20,VIIRS,n,2,288.89,1.99,N,2,VIIRS_NOAA20_SP
20.76008,85.28888,305.1,0.72,0.76,2023-11-23,2053,N20,VIIRS,n,2,288.73,1.86,N,2,VIIRS_NOAA20_SP
20.78755,85.26241,307.95,0.72,0.76,2023-11-23,2053,N20,VIIRS,n,2,290.13,3.24,N,2,VIIRS_NOAA20_SP
20.78873,85.26114,306.84,0.72,0.76,2023-11-23,2053,N20,VIIRS,n,2,289.94,5.4,N,2,VIIRS_NOAA20_SP
20.79761,85.2507,314.95,0.72,0.76,2023-11-23,2053,N20,VIIRS,n,2,288.9,4.48,N,2,VIIRS_NOAA20_SP
20.79888,85.24944,308.91,0.72,0.75,2023-11-23,2053,N20,VIIRS,n,2,288.88,2.95,N,2,VIIRS_NOAA20_SP
20.86848,84.98804,299.6,0.69,0.74,2023-11-23,2053,N20,VIIRS,n,2,289.43,2.01,N,2,VIIRS_NOAA20_SP
20.96217,85.1747,306.62,0.71,0.75,2023-11-23,2053,N20,VIIRS,n,2,290.45,3.96,N,2,VIIRS_NOAA20_SP
20.96378,85.1682,314.95,0.7,0.75,2023-11-23,2053,N20,VIIRS,n,2,290.47,3.96,N,2,VIIRS_NOAA20_SP
20.96537,85.16177,309.92,0.7,0.75,2023-11-23,2053,N20,VIIRS,n,2,290.06,7.12,N,2,VIIRS_NOAA20_SP
20.9686,85.14875,305.72,0.7,0.75,2023-11-23,2053,N20,VIIRS,n,2,289.93,2.68,N,2,VIIRS_NOAA20_SP
20.96954,86.01359,305.09,0.8,0.78,2023-11-23,2053,N20,VIIRS,n,2,289.09,4.12,N,2,VIIRS_NOAA20_SP
20.97043,85.17022,327.17,0.7,0.75,2023-11-23,2053,N20,VIIRS,n,2,290.88,3.96,N,2,VIIRS_NOAA20_SP
20.98009,85.13118,301.36,0.7,0.75,2023-11-23,2053,N20,VIIRS,n,2,290.23,2.77,N,2,VIIRS_NOAA20_SP
21.07563,85.04278,306.54,0.69,0.74,2023-11-23,2053,N20,VIIRS,n,2,289.78,3.24,N,2,VIIRS_NOAA20_SP
21.0772,85.03649,312.24,0.69,0.74,2023-11-23,2053,N20,VIIRS,n,2,289.92,4.73,N,2,VIIRS_NOAA20_SP
21.08008,85.04208,317.05,0.69,0.74,2023-11-23,2053,N20,VIIRS,n,2,289.99,2.12,N,2,VIIRS_NOAA20_SP
21.08163,85.03569,303.48,0.69,0.74,2023-11-23,2053,N20,VIIRS,n,2,289.55,2.12,N,2,VIIRS_NOAA20_SP
21.18563,81.38582,301.17,0.4,0.6,2023-11-23,2053,N20,VIIRS,n,2,289.7,1.58,N,3,VIIRS_NOAA20_SP
21.3036,81.60594,299.36,0.41,0.61,2023-11-23,2053,N20,VIIRS,n,2,287.79,0.51,N,2,VIIRS_NOAA20_SP
21.31236,81.59116,301.1,0.41,0.61,2023-11-23,2053,N20,VIIRS,n,2,288.46,0.78,N,2,VIIRS_NOAA20_SP
21.31243,81.59199,299.2,0.41,0.61,2023-11-23,2053,N20,VIIRS,n,2,288.46,0.94,N,2,VIIRS_NOAA20_SP
21.36768,81.67876,300.88,0.42,0.61,2023-11-23,2053,N20,VIIRS,n,2,289.48,1.22,N,2,VIIRS_NOAA20_SP
21.37629,81.64016,305.52,0.41,0.61,2023-11-23,2053,N20,VIIRS,n,2,288.91,1.65,N,2,VIIRS_NOAA20_SP
21.3786,81.68166,303.82,0.42,0.61,2023-11-23,2053,N20,VIIRS,n,2,289.01,1.21,N,2,VIIRS_NOAA20_SP
21.37946,81.67778,298.78,0.42,0.61,2023-11-23,2053,N20,VIIRS,n,2,287.92,1.21,N,2,VIIRS_NOAA20_SP
21.3918,81.64821,298.92,0.41,0.61,2023-11-23,2053,N20,VIIRS,n,2,288.31,1.14,N,2,VIIRS_NOAA20_SP
21.39265,81.64436,305.35,0.41,0.61,2023-11-23,2053,N20,VIIRS,n,2,287.88,1.09,N,2,VIIRS_NOAA20_SP
21.48638,81.76721,312.25,0.42,0.61,2023-11-23,2053,N20,VIIRS,n,2,288.93,1.65,N,2,VIIRS_NOAA20_SP
21.54425,81.94487,299.95,0.43,0.62,2023-11-23,2053,N20,VIIRS,n,2,288.88,1.03,N,2,VIIRS_NOAA20_SP
21.67308,82.08224,301.19,0.43,0.62,2023-11-23,2053,N20,VIIRS,n,2,291.01,1.54,N,2,VIIRS_NOAA20_SP
21.67646,84.03722,308.08,0.58,0.69,2023-11-23,2053,N20,VIIRS,n,2,290.08,1.69,N,2,VIIRS_NOAA20_SP
21.68265,84.039,303.66,0.58,0.69,2023-11-23,2053,N20,VIIRS,n,2,290.45,1.69,N,2,VIIRS_NOAA20_SP
21.75654,84.02178,308.96,0.57,0.69,2023-11-23,2053,N20,VIIRS,n,2,291.18,1.85,N,2,VIIRS_NOAA20_SP
21.75995,84.01985,301.93,0.57,0.69,2023-11-23,2053,N20,VIIRS,n,2,291.11,2.06,N,2,VIIRS_NOAA20_SP
21.7674,84.01624,307.1,0.57,0.69,2023-11-23,2053,N20,VIIRS,n,2,291.06,2.06,N,2,VIIRS_NOAA20_SP
21.77024,84.01981,301.83,0.57,0.69,2023-11-23,2053,N20,VIIRS,n,2,290.37,3.64,N,2,VIIRS_NOAA20_SP
21.77815,83.82466,300.15,0.56,0.69,2023-11-23,2053,N20,VIIRS,n,2,288.94,1.66,N,0,VIIRS_NOAA20_SP
21.7791,83.8274,305.13,0.56,0.69,2023-11-23,2053,N20,VIIRS,n,2,289.49,1.83,N,0,VIIRS_NOAA20_SP
21.87724,83.49459,302.41,0.53,0.67,2023-11-23,2053,N20,VIIRS,n,2,289.13,0.89,N,2,VIIRS_NOAA20_SP
21.88227,83.55388,304.82,0.53,0.67,2023-11-23,2053,N20,VIIRS,n,2,288.9,1.84,N,2,VIIRS_NOAA20_SP
21.91834,83.34921,319.15,0.52,0.66,2023-11-23,2053,N20,VIIRS,n,2,291.13,2.66,N,2,VIIRS_NOAA20_SP
21.92224,83.35208,323.07,0.52,0.67,2023-11-23,2053,N20,VIIRS,n,2,293.3,5.33,N,2,VIIRS_NOAA20_SP
21.92336,83.34721,322.59,0.52,0.67,2023-11-23,2053,N20,VIIRS,n,2,291.49,6.52,N,2,VIIRS_NOAA20_SP
21.9243,83.35078,315.33,0.52,0.66,2023-11-23,2053,N20,VIIRS,n,2,292.51,3.07,N,2,VIIRS_NOAA20_SP
21.92546,83.34594,307.93,0.52,0.66,2023-11-23,2053,N20,VIIRS,n,2,290.66,5.09,N,2,VIIRS_NOAA20_SP
21.92774,83.33634,317.32,0.51,0.66,2023-11-23,2053,N20,VIIRS,n,2,290.96,3.0,N,2,VIIRS_NOAA20_SP
21.93318,85.21716,303.32,0.68,0.74,2023-11-23,2053,N20,VIIRS,n,2,285.96,1.7,N,2,VIIRS_NOAA20_SP
21.96933,85.31022,296.09,0.68,0.74,2023-11-23,2053,N20,VIIRS,n,2,285.6,1.01,N,2,VIIRS_NOAA20_SP
21.98452,83.22952,302.53,0.51,0.66,2023-11-23,2053,N20,VIIRS,n,2,289.7,1.17,N,2,VIIRS_NOAA20_SP
22.00554,82.6695,315.58,0.47,0.64,2023-11-23,2053,N20,VIIRS,n,2,291.53,2.82,N,2,VIIRS_NOAA20_SP
22.02557,83.37791,299.44,0.52,0.66,2023-11-23,2053,N20,VIIRS,n,2,289.07,0.74,N,2,VIIRS_NOAA20_SP
22.03922,83.73227,303.46,0.54,0.68,2023-11-23,2053,N20,VIIRS,n,2,289.69,1.57,N,2,VIIRS_NOAA20_SP
22.03935,83.72998,300.96,0.54,0.68,2023-11-23,2053,N20,VIIRS,n,2,289.12,2.61,N,2,VIIRS_NOAA20_SP
22.04416,83.73685,305.55,0.54,0.68,2023-11-23,2053,N20,VIIRS,n,2,291.1,4.27,N,2,VIIRS_NOAA20_SP
22.04526,83.73409,320.34,0.54,0.68,2023-11-23,2053,N20,VIIRS,n,2,291.12,3.61,N,2,VIIRS_NOAA20_SP
22.04539,83.73176,328.57,0.54,0.68,2023-11-23,2053,N20,VIIRS,n,2,291.75,2.61,N,2,VIIRS_NOAA20_SP
22.04646,83.72896,324.56,0.54,0.68,2023-11-23,2053,N20,VIIRS,n,2,290.06,3.61,N,2,VIIRS_NOAA20_SP
22.04662,83.72663,310.09,0.54,0.68,2023-11-23,2053,N20,VIIRS,n,2,289.09,2.61,N,2,VIIRS_NOAA20_SP
22.10793,83.52468,301.06,0.52,0.67,2023-11-23,2053,N20,VIIRS,n,2,289.85,1.65,N,0,VIIRS_NOAA20_SP
22.11499,83.11214,306.24,0.49,0.65,2023-11-23,2053,N20,VIIRS,n,2,289.07,1.47,N,0,VIIRS_NOAA20_SP
22.1882,82.12107,299.76,0.43,0.62,2023-11-23,2053,N20,VIIRS,n,2,289.05,0.55,N,0,VIIRS_NOAA20_SP
22.20667,84.85964,304.12,0.63,0.72,2023-11-23,2053,N20,VIIRS,n,2,288.04,1.54,N,2,VIIRS_NOAA20_SP
22.20708,84.85572,305.33,0.63,0.72,2023-11-23,2053,N20,VIIRS,n,2,287.48,1.53,N,2,VIIRS_NOAA20_SP
22.21307,84.86153,300.15,0.63,0.72,2023-11-23,2053,N20,VIIRS,n,2,289.06,2.0,N,2,VIIRS_NOAA20_SP
22.26551,75.13349,304.06,0.48,0.4,2023-11-23,2053,N20,VIIRS,n,2,292.39,0.78,N,2,VIIRS_NOAA20_SP
22.31652,82.52914,303.51,0.45,0.63,2023-11-23,2053,N20,VIIRS,n,2,290.22,1.31,N,2,VIIRS_NOAA20_SP
22.31745,82.53316,299.77,0.45,0.63,2023-11-23,2053,N20,VIIRS,n,2,289.59,1.55,N,2,VIIRS_NOAA20_SP
22.32108,82.56188,304.49,0.45,0.63,2023-11-23,2053,N20,VIIRS,n,2,289.96,1.73,N,2,VIIRS_NOAA20_SP
22.3228,82.56158,306.08,0.45,0.63,2023-11-23,2053,N20,VIIRS,n,2,290.34,1.51,N,2,VIIRS_NOAA20_SP
22.32448,82.6578,299.61,0.46,0.63,2023-11-23,2053,N20,VIIRS,n,2,289.27,0.77,N,2,VIIRS_NOAA20_SP
22.3322,82.65055,311.71,0.46,0.63,2023-11-23,2053,N20,VIIRS,n,2,290.45,1.89,N,2,VIIRS_NOAA20_SP
22.78981,86.20188,307.57,0.74,0.76,2023-11-23,2053,N20,VIIRS,n,2,289.29,4.86,N,2,VIIRS_NOAA20_SP
22.79158,86.19503,305.96,0.74,0.76,2023-11-23,2053,N20,VIIRS,n,2,289.21,3.69,N,2,VIIRS_NOAA20_SP
22.79657,86.20409,331.98,0.74,0.76,2023-11-23,2053,N20,VIIRS,n,2,288.36,4.86,N,2,VIIRS_NOAA20_SP
22.79835,86.19714,299.9,0.74,0.76,2023-11-23,2053,N20,VIIRS,n,2,288.71,3.69,N,2,VIIRS_NOAA20_SP
22.80471,86.0873,299.04,0.73,0.76,2023-11-23,2053,N20,VIIRS,n,2,287.9,2.07,N,2,VIIRS_NOAA20_SP
23.10661,70.18763,307.73,0.4,0.37,2023-11-23,2053,N20,VIIRS,n,2,293.79,1.03,N,2,VIIRS_NOAA20_SP
23.17019,82.34026,304.49,0.42,0.61,2023-11-23,2053,N20,VIIRS,n,2,288.28,1.06,N,2,VIIRS_NOAA20_SP
23.26273,70.25235,309.42,0.4,0.37,2023-11-23,2053,N20,VIIRS,n,2,293.31,1.54,N,2,VIIRS_NOAA20_SP
23.31536,70.19835,304.99,0.4,0.37,2023-11-23,2053,N20,VIIRS,n,2,292.47,0.62,N,2,VIIRS_NOAA20_SP
23.31624,70.48506,312.52,0.39,0.36,2023-11-23,2053,N20,VIIRS,n,2,291.98,1.6,N,2,VIIRS_NOAA20_SP
23.41577,72.35475,312.67,0.39,0.36,2023-11-23,2053,N20,VIIRS,n,2,289.56,0.84,N,0,VIIRS_NOAA20_SP
23.43262,68.71117,306.78,0.44,0.38,2023-11-23,2053,N20,VIIRS,n,2,294.1,0.98,N,2,VIIRS_NOAA20_SP
24.15764,82.56324,312.13,0.41,0.61,2023-11-23,2053,N20,VIIRS,n,2,288.55,1.45,N,0,VIIRS_NOAA20_SP
24.16634,80.69473,302.35,0.63,0.54,2023-11-23,2053,N20,VIIRS,n,2,287.5,1.14,N,2,VIIRS_NOAA20_SP
24.20531,80.79948,299.51,0.32,0.54,2023-11-23,2053,N20,VIIRS,n,2,288.63,0.41,N,0,VIIRS_NOAA20_SP
24.4642,72.33543,302.79,0.39,0.36,2023-11-23,2053,N20,VIIRS,n,2,287.53,0.57,N,0,VIIRS_NOAA20_SP
24.57943,74.80402,303.11,0.44,0.38,2023-11-23,2053,N20,VIIRS,n,2,289.98,0.81,N,2,VIIRS_NOAA20_SP
24.6436,74.68534,298.06,0.43,0.38,2023-11-23,2053,N20,VIIRS,n,2,288.05,0.4,N,0,VIIRS_NOAA20_SP
24.66283,74.63687,298.6,0.43,0.38,2023-11-23,2053,N20,VIIRS,n,2,288.5,0.86,N,0,VIIRS_NOAA20_SP
24.66356,74.63266,303.89,0.43,0.38,2023-11-23,2053,N20,VIIRS,n,2,292.52,1.85,N,2,VIIRS_NOAA20_SP
24.68981,73.00266,310.95,0.39,0.36,2023-11-23,2053,N20,VIIRS,n,2,292.24,1.71,N,2,VIIRS_NOAA20_SP
24.69261,74.68022,304.0,0.43,0.38,2023-11-23,2053,N20,VIIRS,n,2,291.71,1.16,N,0,VIIRS_NOAA20_SP
24.75615,76.23386,295.36,0.51,0.41,2023-11-23,2053,N20,VIIRS,n,2,285.15,0.57,N,0,VIIRS_NOAA20_SP
24.82123,73.095,309.61,0.39,0.36,2023-11-23,2053,N20,VIIRS,n,2,291.34,1.72,N,2,VIIRS_NOAA20_SP
24.93403,74.63242,306.24,0.43,0.38,2023-11-23,2053,N20,VIIRS,n,2,290.93,1.7,N,2,VIIRS_NOAA20_SP
24.9566,76.97121,318.76,0.55,0.43,2023-11-23,2053,N20,VIIRS,n,2,286.78,2.62,N,0,VIIRS_NOAA20_SP
24.96264,74.12376,298.45,0.41,0.37,2023-11-23,2053,N20,VIIRS,n,2,288.06,0.57,N,0,VIIRS_NOAA20_SP
25.0565,74.82349,311.56,0.44,0.38,2023-11-23,2053,N20,VIIRS,n,2,284.84,1.18,N,0,VIIRS_NOAA20_SP
25.40059,68.56525,311.69,0.47,0.39,2023-11-23,2053,N20,VIIRS,n,2,291.43,1.12,N,2,VIIRS_NOAA20_SP
25.40165,68.5629,301.8,0.47,0.4,2023-11-23,2053,N20,VIIRS,n,2,291.05,0.57,N,2,VIIRS_NOAA20_SP
25.4166,68.75742,302.12,0.46,0.39,2023-11-23,2053,N20,VIIRS,n,2,290.73,0.61,N,0,VIIRS_NOAA20_SP
25.51498,68.74831,302.02,0.46,0.39,2023-11-23,2053,N20,VIIRS,n,2,290.87,0.45,N,0,VIIRS_NOAA20_SP
25.7971,68.69531,317.73,0.47,0.39,2023-11-23,2053,N20,VIIRS,n,2,291.46,1.49,N,2,VIIRS_NOAA20_SP
26.09259,68.8824,303.17,0.46,0.39,2023-11-23,2053,N20,VIIRS,n,2,290.54,0.5,N,2,VIIRS_NOAA20_SP
26.0932,68.87783,306.45,0.46,0.39,2023-11-23,2053,N20,VIIRS,n,2,291.6,1.22,N,2,VIIRS_NOAA20_SP
18.59007,77.31351,328.05,0.49,0.49,2023-11-23,2054,N20,VIIRS,n,2,289.36,2.44,N,0,VIIRS_NOAA20_SP
18.97527,76.23093,310.69,0.42,0.45,2023-11-23,2054,N20,VIIRS,n,2,289.35,1.15,N,0,VIIRS_NOAA20_SP
19.02225,72.89358,307.05,0.42,0.38,2023-11-23,2054,N20,VIIRS,n,2,295.34,1.4,N,0,VIIRS_NOAA20_SP
19.03561,76.0445,300.37,0.4,0.45,2023-11-23,2054,N20,VIIRS,n,2,289.08,0.66,N,0,VIIRS_NOAA20_SP
19.1042,73.05164,305.37,0.43,0.38,2023-11-23,2054,N20,VIIRS,n,2,292.42,1.38,N,2,VIIRS_NOAA20_SP
19.18612,74.09032,305.38,0.47,0.4,2023-11-23,2054,N20,VIIRS,n,2,289.36,0.85,N,0,VIIRS_NOAA20_SP
19.25096,72.18301,318.39,0.4,0.37,2023-11-23,2054,N20,VIIRS,n,2,295.4,3.89,N,3,VIIRS_NOAA20_SP
19.3128,72.03892,310.97,0.4,0.37,2023-11-23,2054,N20,VIIRS,n,2,296.38,2.88,N,3,VIIRS_NOAA20_SP
19.33322,72.01944,308.27,0.4,0.37,2023-11-23,2054,N20,VIIRS,n,2,296.72,2.83,N,3,VIIRS_NOAA20_SP
19.37021,71.35183,330.47,0.39,0.36,2023-11-23,2054,N20,VIIRS,n,2,297.97,1.67,N,3,VIIRS_NOAA20_SP
19.41838,71.3906,318.05,0.39,0.36,2023-11-23,2054,N20,VIIRS,n,2,297.89,0.89,N,3,VIIRS_NOAA20_SP
19.41862,75.6363,329.41,0.57,0.43,2023-11-23,2054,N20,VIIRS,n,2,290.19,6.81,N,0,VIIRS_NOAA20_SP
19.53509,73.1254,308.44,0.43,0.38,2023-11-23,2054,N20,VIIRS,n,2,291.61,0.67,N,0,VIIRS_NOAA20_SP
19.56973,74.30605,323.33,0.48,0.4,2023-11-23,2054,N20,VIIRS,n,2,289.6,1.56,N,0,VIIRS_NOAA20_SP
20.13969,79.01136,300.22,0.59,0.53,2023-11-23,2054,N20,VIIRS,n,2,290.08,1.12,N,0,VIIRS_NOAA20_SP
20.1403,79.0116,301.08,0.59,0.53,2023-11-23,2054,N20,VIIRS,n,2,289.98,1.33,N,0,VIIRS_NOAA20_SP
20.83521,70.6922,305.04,0.38,0.36,2023-11-23,2054,N20,VIIRS,n,2,292.9,0.81,N,2,VIIRS_NOAA20_SP
20.91167,71.4586,318.97,0.39,0.36,2023-11-23,2054,N20,VIIRS,n,2,295.5,1.66,N,2,VIIRS_NOAA20_SP
21.10367,72.63477,340.38,0.4,0.37,2023-11-23,2054,N20,VIIRS,n,2,295.53,2.3,N,2,VIIRS_NOAA20_SP
21.10509,72.64687,325.93,0.4,0.37,2023-11-23,2054,N20,VIIRS,n,2,295.83,2.66,N,2,VIIRS_NOAA20_SP
21.10574,72.64305,325.55,0.4,0.37,2023-11-23,2054,N20,VIIRS,n,2,293.21,2.66,N,2,VIIRS_NOAA20_SP
21.10638,72.63923,304.43,0.4,0.37,2023-11-23,2054,N20,VIIRS,n,2,293.41,2.3,N,2,VIIRS_NOAA20_SP
21.10702,72.6354,312.14,0.4,0.37,2023-11-23,2054,N20,VIIRS,n,2,293.74,2.3,N,2,VIIRS_NOAA20_SP
21.10845,72.64751,315.08,0.4,0.37,2023-11-23,2054,N20,VIIRS,n,2,296.74,1.86,N,2,VIIRS_NOAA20_SP
21.11038,72.63603,315.43,0.4,0.37,2023-11-23,2054,N20,VIIRS,n,2,295.95,2.07,N,2,VIIRS_NOAA20_SP
21.17721,73.95807,304.33,0.44,0.39,2023-11-23,2054,N20,VIIRS,n,2,290.76,0.84,N,0,VIIRS_NOAA20_SP
21.23438,72.96178,299.69,0.41,0.37,2023-11-23,2054,N20,VIIRS,n,2,289.6,0.36,N,0,VIIRS_NOAA20_SP
21.25605,73.08541,307.39,0.41,0.37,2023-11-23,2054,N20,VIIRS,n,2,289.64,0.59,N,0,VIIRS_NOAA20_SP
21.4303,73.09409,300.22,0.41,0.37,2023-11-23,2054,N20,VIIRS,n,2,290.06,0.34,N,0,VIIRS_NOAA20_SP
21.44159,74.49979,302.46,0.46,0.39,2023-11-23,2054,N20,VIIRS,n,2,285.94,0.83,N,0,VIIRS_NOAA20_SP
21.59629,74.20548,301.31,0.45,0.39,2023-11-23,2054,N20,VIIRS,n,2,290.08,0.24,N,0,VIIRS_NOAA20_SP
22.02676,70.14445,302.21,0.39,0.36,2023-11-23,2054,N20,VIIRS,n,2,289.28,0.4,N,0,VIIRS_NOAA20_SP
22.33583,69.86694,311.99,0.4,0.37,2023-11-23,2054,N20,VIIRS,n,2,299.13,2.02,N,2,VIIRS_NOAA20_SP
22.34419,69.88018,333.22,0.4,0.37,2023-11-23,2054,N20,VIIRS,n,2,298.17,5.33,N,2,VIIRS_NOAA20_SP
22.78913,70.91623,307.35,0.39,0.36,2023-11-23,2054,N20,VIIRS,n,2,290.42,2.36,N,0,VIIRS_NOAA20_SP
22.79243,70.91682,332.2,0.39,0.36,2023-11-23,2054,N20,VIIRS,n,2,292.22,2.36,N,2,VIIRS_NOAA20_SP
22.92448,70.10558,311.14,0.4,0.37,2023-11-23,2054,N20,VIIRS,n,2,291.7,1.12,N,0,VIIRS_NOAA20_SP
22.92612,69.8244,306.01,0.4,0.37,2023-11-23,2054,N20,VIIRS,n,2,293.87,1.17,N,2,VIIRS_NOAA20_SP
22.93775,69.69792,307.27,0.41,0.37,2023-11-23,2054,N20,VIIRS,n,2,292.44,1.15,N,2,VIIRS_NOAA20_SP
23.01439,70.10143,306.67,0.4,0.37,2023-11-23,2054,N20,VIIRS,n,2,292.56,0.48,N,2,VIIRS_NOAA20_SP
15.65947,73.98886,307.02,0.52,0.42,2023-11-23,2055,N20,VIIRS,n,2,291.47,0.97,N,2,VIIRS_NOAA20_SP
15.77047,74.99449,299.01,0.4,0.44,2023-11-23,2055,N20,VIIRS,n,2,275.05,0.45,N,0,VIIRS_NOAA20_SP
15.80913,74.97223,300.07,0.39,0.44,2023-11-23,2055,N20,VIIRS,n,2,280.96,0.42,N,0,VIIRS_NOAA20_SP
15.8496,74.9313,305.26,0.39,0.44,2023-11-23,2055,N20,VIIRS,n,2,284.94,0.47,N,0,VIIRS_NOAA20_SP
15.88517,75.45121,298.92,0.42,0.45,2023-11-23,2055,N20,VIIRS,n,2,276.37,1.02,N,0,VIIRS_NOAA20_SP
15.94057,75.397,307.18,0.42,0.45,2023-11-23,2055,N20,VIIRS,n,2,283.03,0.68,N,0,VIIRS_NOAA20_SP
16.11954,75.7925,301.77,0.44,0.46,2023-11-23,2055,N20,VIIRS,n,2,280.55,0.34,N,0,VIIRS_NOAA20_SP
16.12613,75.82727,321.02,0.44,0.46,2023-11-23,2055,N20,VIIRS,n,2,283.76,1.43,N,0,VIIRS_NOAA20_SP
16.15326,75.77414,326.75,0.43,0.46,2023-11-23,2055,N20,VIIRS,n,2,284.63,3.57,N,0,VIIRS_NOAA20_SP
16.21739,75.66685,302.54,0.43,0.46,2023-11-23,2055,N20,VIIRS,n,2,281.98,0.51,N,0,VIIRS_NOAA20_SP
16.31911,75.70694,308.87,0.43,0.46,2023-11-23,2055,N20,VIIRS,n,2,275.11,0.83,N,0,VIIRS_NOAA20_SP
16.5578,75.9922,307.54,0.44,0.46,2023-11-23,2055,N20,VIIRS,n,2,290.0,0.96,N,0,VIIRS_NOAA20_SP
16.55855,75.98814,303.12,0.44,0.46,2023-11-23,2055,N20,VIIRS,n,2,290.0,0.96,N,0,VIIRS_NOAA20_SP
17.22919,76.61304,300.74,0.47,0.48,2023-11-23,2055,N20,VIIRS,n,2,289.98,0.91,N,0,VIIRS_NOAA20_SP
17.77056,75.80352,303.9,0.41,0.45,2023-11-23,2055,N20,VIIRS,n,2,292.07,0.48,N,0,VIIRS_NOAA20_SP
18.0685,73.00236,307.69,0.44,0.38,2023-11-23,2055,N20,VIIRS,n,2,294.55,1.01,N,0,VIIRS_NOAA20_SP
18.10722,74.8299,310.9,0.53,0.42,2023-11-23,2055,N20,VIIRS,n,2,290.18,4.81,N,0,VIIRS_NOAA20_SP
18.10814,74.82491,328.47,0.53,0.42,2023-11-23,2055,N20,VIIRS,n,2,290.74,4.81,N,0,VIIRS_NOAA20_SP
18.30713,74.90931,308.86,0.54,0.42,2023-11-23,2055,N20,VIIRS,n,2,290.39,1.15,N,0,VIIRS_NOAA20_SP
18.58785,71.03201,312.94,0.39,0.36,2023-11-23,2055,N20,VIIRS,n,2,297.34,0.56,N,3,VIIRS_NOAA20_SP
18.67997,73.04323,305.07,0.43,0.38,2023-11-23,2055,N20,VIIRS,n,2,295.06,1.73,N,2,VIIRS_NOAA20_SP
18.68136,73.03513,309.35,0.43,0.38,2023-11-23,2055,N20,VIIRS,n,2,295.46,2.0,N,2,VIIRS_NOAA20_SP
18.68414,73.03983,306.55,0.43,0.38,2023-11-23,2055,N20,VIIRS,n,2,294.56,2.55,N,2,VIIRS_NOAA20_SP
18.68552,73.03173,309.85,0.43,0.38,2023-11-23,2055,N20,VIIRS,n,2,295.35,2.53,N,2,VIIRS_NOAA20_SP
18.69108,73.04113,322.97,0.43,0.38,2023-11-23,2055,N20,VIIRS,n,2,294.72,2.59,N,2,VIIRS_NOAA20_SP
18.69173,73.84039,307.3,0.47,0.4,2023-11-23,2055,N20,VIIRS,n,2,289.75,0.77,N,0,VIIRS_NOAA20_SP
18.97248,71.62251,319.62,0.39,0.36,2023-11-23,2055,N20,VIIRS,n,2,297.23,1.08,N,3,VIIRS_NOAA20_SP
18.9754,71.62289,330.8,0.39,0.36,2023-11-23,2055,N20,VIIRS,n,2,297.52,1.6,N,3,VIIRS_NOAA20_SP
19.17684,70.94418,326.15,0.39,0.36,2023-11-23,2055,N20,VIIRS,n,2,297.98,1.64,N,3,VIIRS_NOAA20_SP
13.15991,80.28381,301.15,0.49,0.65,2023-11-23,2056,N20,VIIRS,n,2,284.23,1.3,N,2,VIIRS_NOAA20_SP
